cod,x1,y1,x2,y2
1100015,-62.8941,-13.1189,-61.8865,-11.8275
1100023,-63.6182,-10.2879,-62.4226,-9.6692
1100031,-60.9248,-13.6937,-60.3653,-13.3186
1100049,-61.7958,-11.6192,-61.0006,-10.9875
1100056,-61.908,-13.3637,-60.7167,-13.0043
1100064,-60.7437,-13.3249,-60.3332,-12.9489
1100072,-61.5158,-13.1355,-60.643,-12.6266
1100080,-64.5946,-12.5318,-63.5443,-11.6403
1100098,-61.2117,-11.7492,-60.4351,-10.9884
1100106,-65.4297,-12.2164,-63.5195,-10.4291
1100114,-63.1454,-11.0747,-62.122,-10.2219
1100122,-62.1649,-11.2133,-61.4618,-9.6842
1100130,-62.5552,-9.8046,-61.4685,-8.5758
1100148,-62.4799,-11.9685,-61.9525,-11.2885
1100155,-62.5253,-10.8994,-61.8278,-10.117
1100189,-61.5758,-12.2614,-60.3007,-11.4638
1100205,-66.8103,-10.0004,-62.2371,-7.9759
1100254,-62.1839,-11.4024,-61.6319,-10.9863
1100262,-63.1201,-9.8477,-62.4225,-9.525
1100288,-62.0504,-11.9068,-61.5214,-11.5745
1100296,-61.8905,-12.4292,-61.5299,-11.8562
1100304,-60.81,-13.258,-59.7744,-10.9899
1100320,-63.6301,-12.2372,-62.4531,-11.005
1100338,-65.3919,-10.8733,-63.7067,-9.9362
1100346,-63.1964,-11.6157,-62.0933,-11.053
1100379,-62.418,-13.182,-61.5246,-11.9648
1100403,-63.7658,-10.0004,-63.0716,-9.3951
1100452,-64.3474,-10.3622,-63.5243,-9.8126
1100502,-62.213,-11.8774,-61.9115,-11.5002
1100601,-63.2622,-10.4925,-62.6706,-10.167
1100700,-64.225,-10.8417,-63.4428,-10.1535
1100809,-63.7969,-9.4285,-62.7166,-8.5004
1100908,-62.0861,-11.5853,-61.6142,-11.2904
1100924,-61.3492,-12.9924,-60.4436,-12.1661
1100940,-63.0996,-9.5263,-62.2898,-8.7288
1101005,-63.6278,-11.1534,-62.5716,-10.4915
1101104,-63.5346,-9.4808,-62.6279,-8.7842
1101203,-61.7444,-11.3335,-61.4268,-10.9861
1101302,-63.197,-11.2122,-62.5489,-10.8782
1101401,-63.597,-10.4926,-63.1131,-10.0004
1101435,-62.7171,-11.0734,-62.3524,-10.7095
1101450,-61.6786,-12.6261,-61.1421,-12.0005
1101468,-62.1179,-13.5576,-60.7052,-12.4635
1101476,-61.4248,-12.0863,-61.1899,-11.7299
1101484,-61.5643,-12.0903,-61.3637,-11.7432
1101492,-64.0856,-12.9279,-62.2509,-11.8327
1101500,-63.6801,-12.3094,-62.8375,-11.463
1101559,-62.4945,-11.0304,-62.1226,-10.8347
1101609,-62.6699,-10.3726,-61.9544,-9.8058
1101708,-62.6913,-11.2248,-62.144,-11.005
1101757,-62.4307,-10.0546,-61.4768,-9.3268
1101807,-62.2597,-10.6595,-61.9106,-10.066
1200013,-67.1933,-10.2331,-66.6236,-9.6759
1200054,-70.621,-11.0706,-69.39,-10.3702
1200104,-69.7779,-11.0221,-68.6847,-10.385
1200138,-68.4555,-9.9611,-67.7958,-9.2428
1200179,-68.0638,-10.7136,-67.5673,-10.1973
1200203,-73.6322,-8.4754,-71.9454,-7.4377
1200252,-68.8351,-11.1456,-68.3882,-10.6145
1200302,-72.1816,-10,-69.443,-7.7924
1200328,-72.3419,-9.7968,-71.4816,-8.648
1200336,-73.9904,-7.7926,-72.7834,-7.1118
1200344,-70.6211,-10.4255,-68.9211,-8.3665
1200351,-73.2119,-9.5087,-72.0284,-8.6727
1200385,-67.7115,-10.5108,-67.0023,-9.9699
1200393,-73.344,-8.7825,-72.2013,-8.1199
1200401,-69.3638,-10.4853,-67.4822,-9.5052
1200427,-73.772,-8.059,-72.6202,-7.6643
1200435,-71.1018,-10.0793,-69.7919,-8.9575
1200450,-67.8297,-10.3687,-67.0903,-9.5925
1200500,-70.6209,-10.7316,-68.2199,-8.8143
1200609,-72.2663,-8.8965,-70.5152,-7.6268
1200708,-69.1691,-11.0406,-67.9843,-10.1831
1200807,-68.0903,-9.9267,-67.3255,-9.3442
1300029,-65.9255,-4.2927,-64.6712,-3.0577
1300060,-68.6325,-3.775,-67.834,-3.0648
1300086,-62.088,-3.6852,-61.2791,-3.2625
1300102,-63.0311,-4.7919,-61.3703,-3.6314
1300144,-60.6969,-8.8033,-58.137,-6.3815
1300201,-73.8016,-7.2159,-70.1241,-4.1265
1300300,-60.287,-4.4224,-58.7844,-3.2396
1300409,-65.3794,-2.494,-61.382,2.2119
1300508,-57.4939,-3.6767,-56.7335,-2.5898
1300607,-71.3433,-6.7319,-69.4372,-4.2566
1300631,-62.9999,-5.4599,-60.8071,-3.6221
1300680,-58.0745,-3.5139,-57.3516,-2.8068
1300706,-69.213,-9.5923,-67.0578,-8.0419
1300805,-61.2936,-6.8121,-58.1168,-3.849
1300839,-62.5831,-3.5004,-61.0671,-2.6095
1300904,-65.0392,-8.9965,-63.1311,-5.9151
1301001,-68.3128,-6.0509,-65.9502,-4.2946
1301100,-60.8071,-4.2228,-59.6567,-3.273
1301159,-60.1859,-3.5493,-59.2335,-3.0609
1301209,-65.9006,-5.8065,-62.2623,-2.2651
1301308,-64.3867,-4.1536,-61.7938,-2.1023
1301407,-71.3817,-7.7263,-69.3213,-6.356
1301506,-71.0885,-8.0611,-69.4744,-7.1724
1301605,-67.3093,-3.1615,-65.2554,-1.9306
1301654,-73.7382,-7.6006,-72.0423,-6.9033
1301704,-63.6346,-8.8814,-61.6367,-6.1419
1301803,-72.1831,-7.6923,-70.6415,-6.5951
1301852,-60.9947,-3.3616,-59.8927,-2.8119
1301902,-59.5005,-3.7542,-58.0648,-2.5175
1301951,-69.5382,-7.4108,-66.3538,-6.0436
1302009,-59.2768,-2.8592,-57.852,-2.2295
1302108,-70.0581,-2.841,-66.0013,0.0686
1302207,-67.2032,-4.3046,-65.2541,-2.4456
1302306,-70.5719,-6.6453,-66.2835,-2.3755
1302405,-67.5006,-9.818,-64.3299,-6.9486
1302504,-61.4835,-3.8215,-60.3106,-2.7327
1302553,-61.1643,-4.1816,-60.1822,-3.3055
1302603,-60.8027,-3.2222,-59.1599,-1.9243
1302702,-62.8636,-8.8629,-60.5135,-4.7119
1302801,-66.0016,-3.8133,-63.7589,-1.4125
1302900,-58.9201,-7.3501,-56.9138,-3.1336
1303007,-59.2634,-2.4261,-56.0937,0.2635
1303106,-59.2144,-4.507,-58.1196,-3.5476
1303205,-63.9893,-3.1068,-60.3578,-0.497
1303304,-61.7133,-8.7987,-59.3091,-4.8681
1303403,-57.429,-3.333,-56.3892,-2.2422
1303502,-69.8028,-8.5849,-66.3385,-6.9449
1303536,-60.9636,-2.4801,-59.0824,0.0382
1303569,-60.0466,-2.9809,-59.1559,-2.0459
1303601,-67.6495,-1.7984,-63.9598,1.2951
1303700,-69.8376,-3.7276,-67.755,-2.4396
1303809,-70.0467,-1.5279,-65.8878,2.2466
1303908,-70.4454,-6.3067,-68.6247,-3.1671
1303957,-59.5203,-2.6484,-57.7669,-1.1395
1304005,-59.0513,-3.1446,-58.1019,-2.5581
1304062,-69.9511,-4.3723,-69.3928,-3.6866
1304104,-67.7972,-7.3456,-62.1028,-4.7052
1304203,-66.9745,-5.5614,-64.0716,-3.2637
1304237,-68.703,-2.9792,-67.1306,-2.1731
1304260,-65.9946,-4.1329,-64.7136,-2.2792
1304302,-60.2393,-2.7629,-57.2892,0.2635
1304401,-58.1929,-3.2151,-57.3171,-2.4559
1400027,-64.8253,3.1243,-60.595,4.3254
1400050,-64.2259,2.4648,-61.0005,3.7421
1400100,-61.0006,2.4282,-60.2858,3.606
1400159,-60.5683,1.9996,-59.7198,3.5863
1400175,-61.053,1.7063,-60.1494,2.8849
1400209,-62.7363,-1.4017,-59.4127,2.0256
1400233,-59.8211,0.2635,-58.8869,1.6266
1400282,-63.9602,1.5296,-60.9383,2.8206
1400308,-63.082,2.1031,-60.835,2.9484
1400407,-60.5427,3.3691,-59.5159,4.3039
1400456,-61.5275,3.4485,-60.4102,4.8846
1400472,-61.8897,-1.5806,-60.0038,1.148
1400506,-60.153,0.2635,-59.4333,1.2769
1400605,-60.4027,0.5607,-59.9758,1.1355
1400704,-60.7363,4.1603,-59.6699,5.2718
1500107,-49.1545,-1.9566,-48.5304,-1.5214
1500131,-48.6129,-5.1122,-48.1946,-4.8135
1500206,-48.8784,-2.6015,-48.0419,-1.4668
1500305,-51.4325,-0.7238,-50.1072,0.2494
1500347,-51.0622,-7.2528,-49.7298,-6.2714
1500404,-55.4136,-2.1673,-54.3598,1.5503
1500503,-55.7077,-1.7811,-51.7779,2.591
1500602,-55.6239,-9.6452,-51.6475,-2.9887
1500701,-50.5339,-1.271,-49.4669,-0.3128
1500800,-48.4401,-1.4658,-48.3314,-1.221
1500859,-51.8089,-5.1506,-50.8471,-2.7442
1500909,-46.6626,-1.3354,-46.3329,-0.8654
1500958,-48.0553,-2.5205,-47.4225,-2.0003
1501006,-56.9561,-4.3051,-55.0374,-3.2212
1501105,-50.5717,-3.1625,-49.8463,-1.8055
1501204,-49.9745,-3.6737,-49.3865,-2.6624
1501253,-50.9965,-7.7659,-50.3401,-7.1929
1501303,-48.8374,-1.6993,-48.439,-1.1922
1501402,-48.6244,-1.5266,-48.2961,-1.0194
1501451,-55.2339,-3.9481,-54.7992,-2.5475
1501501,-48.3534,-1.4705,-48.2074,-1.2503
1501576,-49.0274,-5.3492,-48.4519,-4.7076
1501600,-47.4386,-1.5643,-47.1872,-1.2249
1501709,-47.0262,-1.5803,-46.5485,-0.782
1501725,-53.2099,-3.9362,-52.2741,-2.6718
1501758,-48.661,-6.0345,-48.1322,-5.4937
1501782,-49.6614,-4.102,-48.9236,-3.4121
1501808,-51.2169,-1.8078,-49.9301,-0.507
1501907,-48.2998,-1.8328,-47.8577,-1.4667
1501956,-46.6353,-2.4132,-46.211,-1.609
1502004,-49.208,-1.2132,-48.4393,-0.4142
1502103,-49.8309,-2.6383,-49.1895,-1.9238
1502152,-50.5679,-6.7147,-49.6507,-6.2486
1502202,-47.2156,-1.3894,-46.9631,-0.9873
1502301,-47.5176,-2.5936,-46.9272,-1.5382
1502400,-48.036,-1.4925,-47.6384,-1.0382
1502509,-50.5997,-0.667,-48.8643,0.6962
1502608,-48.4395,-1.0211,-48.1468,-0.8164
1502707,-49.9141,-8.7993,-49.1484,-7.6149
1502756,-48.0817,-2.0966,-47.8726,-1.662
1502764,-51.9228,-9.6994,-50.5056,-7.3194
1502772,-49.8408,-6.7147,-49.4022,-5.7855
1502806,-50.4357,-1.8356,-49.5748,-1.3006
1502855,-55.4134,-2.168,-54.8504,-1.3991
1502905,-47.9854,-0.9526,-47.7548,-0.5555
1502939,-48.3905,-4.6147,-47.3402,-3.7868
1502954,-49.5734,-6.4453,-48.8522,-5.7956
1503002,-58.8983,-2.2126,-56.5805,-0.0055
1503044,-49.8564,-7.9759,-49.1832,-7.1298
1503077,-47.2457,-2.5933,-46.8876,-1.8485
1503093,-49.6069,-4.5007,-48.369,-3.5366
1503101,-52.2519,-1.8256,-51.0929,-0.4025
1503200,-47.7306,-1.3747,-47.4002,-0.9745
1503309,-49.3573,-2.4506,-48.8746,-1.7018
1503408,-48.1343,-1.5931,-47.7559,-1.3182
1503457,-49.0304,-3.5752,-47.311,-2.2998
1503507,-47.6254,-2.0789,-47.1926,-1.5923
1503606,-57.8606,-8.4058,-55.0236,-3.6586
1503705,-50.5156,-5.467,-49.3114,-4.6872
1503754,-58.4818,-9.4104,-56.156,-5.5447
1503804,-49.4973,-4.8663,-49.0004,-4.3194
1503903,-56.7679,-3.3575,-55.6187,-1.9387
1504000,-49.7469,-2.069,-49.1717,-1.7029
1504059,-47.6163,-2.1314,-47.3982,-1.8484
1504109,-47.7289,-0.9483,-47.55,-0.6978
1504208,-51.4016,-6.2178,-48.7285,-4.8331
1504307,-47.6107,-1.0315,-47.3773,-0.5757
1504406,-47.818,-1.0664,-47.5858,-0.5345
1504422,-48.3674,-1.4712,-48.2772,-1.3234
1504455,-53.8554,-3.665,-52.6686,-2.6653
1504505,-51.9674,-1.9634,-50.2852,-1.108
1504604,-49.753,-2.6867,-49.2021,-2.4133
1504703,-49.6294,-3.4153,-48.4376,-1.6558
1504752,-54.8343,-3.5561,-54.2227,-2.5936
1504802,-54.9316,-2.4154,-53.7858,0.3725
1504901,-49.6234,-1.7194,-48.9476,-0.9105
1504950,-47.4068,-2.8897,-46.4324,-1.8998
1504976,-49.4265,-5.3389,-49.0003,-4.6872
1505007,-47.4968,-1.37,-47.2849,-0.969
1505031,-56.2537,-9.5358,-54.6135,-6.2799
1505064,-50.9967,-5.1969,-49.4062,-3.8536
1505106,-56.2674,-2.2635,-55.0698,2.4092
1505205,-50.1315,-2.9888,-49.7065,-1.7831
1505304,-58.8956,-1.9987,-55.5876,2.5335
1505403,-47.3281,-1.6119,-46.9677,-1.3652
1505437,-52.1787,-8.4415,-50.5078,-6.4672
1505486,-51.2979,-4.2949,-49.8029,-3.1051
1505494,-48.5346,-6.1491,-48.1723,-5.6731
1505502,-48.8915,-3.8373,-46.4191,-2.4105
1505536,-51.199,-6.5439,-49.7325,-5.8535
1505551,-50.4501,-7.9727,-49.8259,-7.4778
1505601,-47.3452,-1.2871,-47.1925,-0.9638
1505635,-49.4113,-6.8433,-48.6261,-6.262
1505650,-54.9529,-4.4686,-54.05,-3.3599
1505700,-49.544,-1.551,-48.6075,-0.6687
1505809,-51.9396,-3.495,-49.9086,-1.7476
1505908,-53.3843,-2.8302,-51.8478,-1.5041
1506005,-54.2659,-2.8875,-52.9668,-0.9495
1506104,-47.2428,-1.0417,-47.0135,-0.832
1506112,-47.0839,-1.0139,-46.9368,-0.7041
1506138,-50.6125,-8.3986,-49.8268,-7.7149
1506161,-50.4041,-7.7001,-49.1913,-7.0407
1506187,-49.0183,-4.9462,-47.8162,-4.0174
1506195,-55.8969,-4.6783,-54.6951,-3.722
1506203,-47.4318,-0.8226,-47.2561,-0.5913
1506302,-48.962,-0.9788,-48.4096,-0.6477
1506351,-48.353,-1.2956,-48.1375,-1.0891
1506401,-49.4893,-0.7719,-49.137,-0.3371
1506500,-48.2603,-1.5473,-47.9861,-1.1888
1506559,-47.1553,-2.1569,-46.7898,-1.2942
1506583,-51.0474,-9.1092,-49.4818,-8.1754
1506609,-47.6561,-1.4954,-47.4155,-1.2369
1506708,-51.3115,-9.8412,-49.8619,-8.713
1506807,-56.3446,-3.2665,-54.0453,-2.0715
1506906,-47.425,-0.9772,-47.2247,-0.8265
1507003,-48.4695,-1.2104,-47.9692,-0.9825
1507102,-48.1416,-1.065,-47.9195,-0.6593
1507151,-48.9454,-5.8905,-48.4617,-5.4729
1507201,-47.9955,-2.2269,-47.5611,-1.6288
1507300,-53.4697,-9.7729,-50.7196,-5.1492
1507409,-47.8455,-1.3748,-47.6384,-1.0412
1507458,-49.1991,-6.4785,-48.3753,-5.8601
1507466,-48.0315,-0.976,-47.8941,-0.7607
1507474,-47.3811,-0.9245,-47.0633,-0.6227
1507508,-49.0391,-5.6009,-48.3273,-5.2833
1507607,-47.9496,-1.673,-47.2859,-1.4311
1507706,-49.9994,-1.781,-49.4159,-1.0831
1507755,-49.7344,-7.031,-49.3377,-6.637
1507805,-52.3548,-5.1519,-51.3119,-2.4932
1507904,-49.0066,-0.8088,-48.3746,-0.1637
1507953,-49.0375,-3.4083,-48.4538,-2.3978
1507961,-47.9431,-1.0657,-47.7687,-0.922
1507979,-56.7504,-2.1794,-56.0892,-1.6309
1508001,-48.5577,-3.2376,-47.926,-2.083
1508035,-47.1876,-1.394,-46.7959,-0.7393
1508050,-56.6661,-5.6787,-55.275,-4.5344
1508084,-51.7447,-7.0524,-51.0753,-6.5741
1508100,-50.1308,-4.0822,-49.5958,-3.5131
1508126,-48.0336,-4.1556,-47.0272,-3.4486
1508159,-54.2983,-4.2669,-53.1561,-2.8865
1508209,-48.2138,-1.1338,-47.9431,-0.7542
1508308,-46.8483,-2.2372,-46.0614,-0.8849
1508357,-52.3697,-3.5531,-51.6088,-2.7925
1508407,-50.3764,-7.2528,-49.0834,-6.4453
1600055,-52.8679,0.8451,-51.8128,2.4392
1600105,-51.6602,1.1669,-49.8757,2.1854
1600154,-53.0596,0.4323,-51.7045,2.0322
1600204,-52.0667,1.3167,-50.6808,3.9138
1600212,-50.9517,0.7979,-50.0672,1.3349
1600238,-52.0089,0.4233,-50.8866,1.3237
1600253,-50.9452,0.2087,-50.4099,0.7704
1600279,-54.8763,-0.9227,-51.9349,2.4715
1600303,-51.4931,-0.0975,-49.8831,1.2403
1600402,-52.7545,-0.9203,-51.2081,0.8339
1600501,-53.2792,1.9416,-51.1508,4.5088
1600535,-52.3496,0.2161,-51.0437,1.0132
1600550,-51.9906,1.3167,-50.528,1.8968
1600600,-51.5782,-0.117,-51.1035,0.4684
1600709,-51.4828,0.9318,-50.4162,1.6923
1600808,-52.4555,-1.2362,-51.6835,-0.7955
1700251,-49.7327,-9.7705,-48.8643,-9.1504
1700301,-47.6347,-6.5886,-47.4163,-6.4155
1700350,-49.331,-11.555,-48.5422,-11.1622
1700400,-47.5532,-11.9692,-46.7043,-10.9776
1700707,-49.3352,-12.6412,-48.9024,-12.1754
1701002,-48.4364,-6.4424,-47.9449,-5.9476
1701051,-48.0256,-6.5699,-47.8015,-6.2784
1701101,-48.2276,-10.1819,-47.8194,-9.7702
1701309,-48.8727,-7.3141,-48.4237,-6.6642
1701903,-49.8514,-9.2768,-49.2195,-8.541
1702000,-50.311,-13.2723,-49.2338,-12.4061
1702109,-49.264,-7.5629,-48.0463,-6.9409
1702158,-48.6663,-6.9838,-48.313,-6.4914
1702208,-48.4531,-6.0091,-47.7593,-5.2797
1702307,-49.3423,-7.8896,-48.7412,-7.5695
1702406,-47.5689,-13.2901,-46.5926,-12.3504
1702554,-48.078,-5.669,-47.8249,-5.3799
1702703,-46.7057,-12.7711,-46.1982,-12.5035
1702901,-47.8409,-5.77,-47.678,-5.5959
1703008,-48.1392,-7.4199,-47.5471,-6.9047
1703057,-48.8488,-8.4003,-48.498,-7.579
1703073,-47.7459,-7.9924,-47.424,-7.4334
1703107,-48.9723,-10.0637,-48.6251,-9.73
1703206,-49.182,-8.1327,-48.7829,-7.8483
1703305,-48.1786,-9.1836,-47.5426,-8.8212
1703602,-48.6369,-8.423,-48.2823,-8.1239
1703701,-48.8581,-11.3923,-48.3962,-10.7509
1703800,-48.2513,-5.4381,-48.0547,-5.257
1703826,-47.9934,-6.1839,-47.6922,-6.0096
1703842,-47.1737,-8.534,-46.4656,-7.8929
1703867,-49.4065,-12.1586,-48.9913,-11.7351
1703883,-48.4693,-7.1522,-48.2927,-6.922
1703891,-48.0932,-5.4233,-47.9366,-5.238
1703909,-50.0025,-9.6853,-49.6787,-9.0637
1704105,-47.7277,-9.3555,-47.2174,-8.7948
1704600,-49.445,-10.3721,-48.9795,-9.9608
1705102,-48.1738,-11.7606,-47.5969,-11.2696
1705508,-48.6615,-8.2869,-48.3783,-7.8527
1705557,-46.6064,-12.9365,-46.418,-12.7325
1705607,-47.5713,-12.4574,-47.0567,-11.8386
1706001,-49.3996,-8.683,-48.9566,-8.1928
1706100,-49.7607,-10.8389,-48.9589,-10.4387
1706258,-49.4426,-11.2573,-48.708,-11.0524
1706506,-48.1292,-7.0167,-47.4937,-6.5409
1707009,-47.2096,-12.2196,-46.0809,-11.3716
1707108,-49.7307,-9.9721,-48.8875,-9.3075
1707207,-49.408,-9.7737,-48.7483,-8.8923
1707306,-49.829,-11.7615,-48.9474,-10.9961
1707405,-48.7568,-5.4298,-48.381,-5.1917
1707553,-49.0148,-10.9682,-48.7678,-10.6957
1707652,-49.6518,-12.537,-48.9081,-11.9418
1707702,-48.1063,-7.7659,-47.4782,-7.2454
1708205,-50.722,-12.8609,-49.259,-11.3785
1708254,-48.7321,-9.2388,-48.3597,-8.9317
1708304,-49.2897,-9.1987,-48.7372,-8.6382
1709005,-47.9546,-8.4934,-47.0076,-7.5472
1709302,-48.7082,-9.0116,-48.1233,-8.5195
1709500,-49.1756,-11.9605,-48.5699,-11.3547
1709807,-48.5595,-11.3091,-48.2175,-10.9272
1710508,-48.0263,-8.8394,-47.2494,-8.1647
1710706,-47.7593,-5.9327,-47.4379,-5.6364
1710904,-48.1623,-8.6739,-47.8838,-7.9256
1711100,-48.9208,-8.6885,-48.6279,-8.1909
1711506,-48.8703,-13.3216,-48.4468,-12.3971
1711803,-49.221,-8.2585,-48.9781,-8.0056
1711902,-50.7421,-11.5836,-49.4481,-10.5128
1711951,-47.6705,-10.537,-47.3031,-10.153
1712009,-48.3792,-9.9836,-48.1889,-9.6955
1712157,-46.6258,-12.9907,-46.113,-12.6546
1712405,-47.3462,-10.0727,-46.4708,-8.918
1712454,-47.9797,-6.2886,-47.7217,-6.1421
1712504,-50.0337,-10.0081,-49.3955,-9.5369
1712702,-47.1259,-11.2654,-45.6993,-10.1483
1712801,-47.7672,-6.1836,-47.4289,-5.8571
1713205,-48.8745,-10.0918,-48.3301,-9.3364
1713304,-48.8746,-9.6158,-48.5078,-9.174
1713601,-48.3083,-11.1749,-47.7405,-10.2951
1713700,-49.3997,-10.1522,-48.8504,-9.8232
1713809,-47.871,-6.7222,-47.4625,-6.4504
1713957,-49.0376,-7.282,-48.5493,-6.7491
1714203,-48.1,-12.2128,-47.3965,-11.2424
1714302,-47.9583,-6.4268,-47.5583,-6.2176
1714880,-48.6017,-7.8656,-48.1386,-7.4384
1715002,-49.0796,-10.6874,-48.8042,-10.3619
1715101,-47.8616,-10.4408,-46.9469,-9.8782
1715150,-46.6356,-12.9712,-46.4459,-12.8044
1715259,-46.7885,-12.0429,-46.1445,-11.5696
1715507,-48.9698,-10.762,-48.7831,-10.5625
1715705,-48.466,-8.1652,-47.8297,-7.5261
1715754,-48.5631,-13.2923,-48.1275,-12.7887
1716109,-49.111,-10.4074,-48.5936,-10.0193
1716208,-48.3127,-13.4682,-47.2089,-12.0379
1716307,-49.3841,-7.7386,-48.5139,-7.3642
1716505,-48.3493,-9.4533,-47.6851,-8.955
1716604,-49.0089,-12.4982,-48.0988,-11.3625
1716653,-49.1225,-8.7158,-48.6985,-8.0833
1716703,-48.9358,-9.1968,-48.5956,-8.592
1717008,-47.803,-11.4475,-47.3134,-10.9435
1717206,-48.3874,-7.0339,-48.1186,-6.437
1717503,-50.6033,-10.6598,-48.9768,-9.2311
1717800,-46.9813,-12.3785,-46.18,-11.7551
1717909,-47.8567,-11.1648,-46.7034,-10.3407
1718006,-47.1552,-11.7555,-46.9165,-11.3436
1718204,-48.8282,-11.0865,-48.1569,-10.0183
1718303,-47.8665,-5.6019,-47.6804,-5.3781
1718402,-48.6737,-8.5962,-48.2649,-8.3335
1718451,-48.9825,-10.5439,-48.7249,-10.2967
1718501,-47.4042,-9.0006,-46.8461,-8.3931
1718550,-48.3433,-6.6028,-47.9644,-6.3461
1718659,-46.9268,-11.4801,-46.553,-11.1299
1718709,-48.5966,-9.4286,-48.2827,-9.0496
1718758,-47.9369,-10.0566,-47.0565,-9.2311
1718808,-48.0147,-5.4486,-47.8275,-5.2343
1718840,-50.2295,-12.713,-49.5165,-12.0578
1718865,-49.2174,-7.282,-48.6657,-6.8093
1718881,-48.13,-8.9689,-47.4735,-8.635
1718899,-49.7986,-11.187,-48.8286,-10.7355
1718907,-48.4591,-11.6197,-47.7677,-11.2033
1719004,-47.8679,-10.4216,-47.5684,-10.1621
1720002,-47.862,-6.5687,-47.5835,-6.4043
1720101,-48.2305,-6.158,-47.6922,-5.7492
1720150,-47.0943,-10.2306,-46.1949,-9.8562
1720200,-47.7484,-5.6799,-47.4769,-5.4154
1720259,-48.5461,-12.8452,-48.2069,-12.2352
1720309,-48.4872,-5.3176,-48.1711,-5.1684
1720499,-48.4824,-12.2397,-47.7591,-11.3068
1720655,-48.319,-11.3185,-47.6906,-10.9065
1720804,-47.8404,-5.7676,-47.5897,-5.5365
1720853,-48.9909,-12.3206,-48.6265,-11.8572
1720903,-46.9471,-12.5999,-46.1982,-12.0975
1720937,-47.1451,-12.3728,-46.8405,-11.9373
1720978,-49.3639,-12.9579,-48.7108,-12.3853
1721000,-48.423,-10.4601,-47.7933,-9.9234
1721109,-48.4052,-9.9508,-47.8951,-9.2875
1721208,-47.7289,-6.4516,-47.3772,-6.0118
1721257,-48.3958,-9.1406,-48.1118,-8.7409
1721307,-48.3537,-8.5865,-48.0812,-8.1238
1722081,-48.1979,-7.1467,-47.7345,-6.6227
1722107,-48.6417,-6.8518,-48.2734,-6.345
2100055,-48.0254,-5.1688,-46.8389,-4.2366
2100105,-43.4292,-4.3653,-43.2103,-4.0737
2100154,-42.3093,-3.0925,-42.0477,-2.7546
2100204,-44.7205,-2.6378,-44.3578,-2.1443
2100303,-43.753,-4.7173,-43.0827,-4.2233
2100402,-45.6261,-4.2878,-45.3561,-3.987
2100436,-44.5057,-4.3213,-44.2678,-4.1
2100477,-46.2994,-4.3017,-45.6418,-3.6213
2100501,-46.6689,-10.2618,-45.7834,-8.758
2100550,-46.0561,-1.7951,-45.818,-1.5186
2100600,-46.9563,-5.9116,-46.0114,-4.8506
2100709,-44.78,-3.4512,-44.4222,-3.0504
2100808,-43.3115,-3.7384,-42.9655,-3.3845
2100832,-45.196,-1.6463,-44.9503,-1.3626
2100873,-45.9511,-3.238,-45.624,-2.8847
2100907,-42.3093,-3.2225,-41.7961,-2.687
2100956,-46.348,-5.3615,-45.5714,-4.6157
2101004,-44.8785,-3.839,-44.5941,-3.262
2101103,-44.1488,-2.9477,-44.0441,-2.7438
2101202,-45.0831,-4.3843,-44.4799,-3.8549
2101251,-44.4972,-3.105,-44.2569,-2.7564
2101301,-45.356,-1.8659,-44.8958,-1.4881
2101350,-44.8263,-2.805,-44.5553,-2.578
2101400,-47.0706,-9.4146,-45.6733,-7.1599
2101509,-43.4546,-6.846,-42.8719,-6.3422
2101608,-45.5739,-5.9971,-44.7631,-5.0213
2101707,-43.2428,-3.2161,-42.6415,-2.4567
2101731,-43.6123,-3.2408,-43.2692,-2.9812
2101772,-45.3433,-3.8493,-45.1459,-3.6841
2101806,-44.9893,-7.4832,-44.2493,-6.8364
2101905,-44.9596,-2.6273,-44.6444,-2.2671
2101939,-44.802,-4.7717,-44.5694,-4.5656
2101970,-46.3245,-1.9149,-46.0628,-1.6228
2102002,-47.0884,-4.4432,-45.3949,-3.4857
2102036,-46.9452,-4.851,-46.4604,-4.195
2102077,-45.1331,-4.4807,-44.8727,-4.1139
2102101,-43.0173,-3.8844,-42.6331,-3.5305
2102150,-45.8264,-4.5532,-45.4187,-4.1825
2102200,-43.2088,-4.0794,-42.7217,-3.69
2102309,-44.0766,-6.0057,-43.5863,-5.5487
2102325,-46.5068,-4.8546,-46.0894,-3.9881
2102358,-47.2809,-5.6723,-46.899,-5.3527
2102374,-44.0884,-3.2912,-43.7526,-2.8936
2102408,-44.8192,-3.0536,-44.4758,-2.7238
2102507,-45.2717,-3.5725,-44.8621,-3.2394
2102556,-47.4345,-6.2876,-47.0432,-6.0684
2102606,-45.884,-2.1975,-45.4073,-1.1916
2102705,-44.4602,-3.7706,-44.0292,-3.5303
2102754,-44.4504,-4.8455,-44.1961,-4.5276
2102804,-47.7504,-8.0674,-46.7037,-6.8387
2102903,-46.1763,-1.7414,-45.8434,-1.0493
2103000,-43.8416,-5.3117,-42.8498,-4.3822
2103109,-44.7224,-2.075,-44.4813,-1.8788
2103125,-44.9349,-2.3848,-44.7317,-2.1251
2103158,-46.2825,-2.6817,-45.9844,-2.1445
2103174,-47.0414,-4.0875,-46.0588,-2.0493
2103208,-43.7293,-4.2284,-43.1977,-3.3167
2103257,-48.0584,-5.3337,-47.5387,-4.7783
2103307,-44.3606,-5.0505,-43.3682,-4.1867
2103406,-43.2671,-4.4462,-42.9428,-4.0184
2103505,-44.6021,-6.3515,-43.9045,-5.8162
2103554,-45.0427,-3.9163,-44.6099,-3.6677
2103604,-44.4628,-4.4948,-43.8955,-3.8368
2103703,-45.0501,-1.9449,-44.5984,-1.2641
2103752,-47.441,-5.659,-47.1196,-5.5087
2103802,-44.4974,-5.1493,-44.3066,-4.895
2103901,-43.1805,-4.1818,-42.856,-4.0266
2104008,-45.0423,-5.014,-44.643,-4.8246
2104057,-47.5297,-7.0319,-46.8118,-6.4967
2104073,-46.8869,-7.279,-46.3402,-6.8141
2104081,-45.8406,-6.6,-44.7997,-5.7892
2104099,-46.4663,-6.9127,-45.822,-6.2451
2104107,-46.4043,-7.2886,-45.8188,-6.6348
2104206,-44.2326,-5.8398,-43.8168,-5.3776
2104305,-45.9351,-1.6084,-45.6041,-1.1099
2104404,-44.3698,-5.3313,-43.9599,-4.9777
2104503,-44.3525,-5.1228,-44.0661,-4.879
2104552,-47.4944,-5.833,-47.0859,-5.6208
2104602,-44.3068,-5.4733,-43.8597,-5.2297
2104628,-44.2131,-5.7076,-43.9421,-5.3741
2104651,-46.2919,-3.4899,-45.5417,-3.316
2104677,-45.9945,-2.2706,-45.6389,-1.8056
2104701,-44.4298,-5.5061,-44.2069,-5.2764
2104800,-46.4696,-6.3457,-45.3758,-5.2708
2104909,-44.799,-2.2876,-44.4656,-2.0217
2105005,-43.7619,-3.0381,-43.4175,-2.2512
2105104,-44.0788,-2.8084,-43.6832,-2.3693
2105153,-45.2882,-3.7489,-44.9973,-3.5576
2105203,-44.9508,-4.7113,-44.7476,-4.4547
2105302,-47.8684,-5.6457,-47.364,-5.1289
2105351,-46.0016,-5.4487,-45.2798,-4.9876
2105401,-44.5844,-3.538,-44.0386,-3.1875
2105427,-47.7019,-4.7277,-46.9123,-3.604
2105450,-44.4984,-5.9545,-44.0899,-5.7641
2105476,-45.8098,-5.7762,-45.3326,-5.0551
2105500,-47.4312,-5.4831,-46.8699,-4.9972
2105609,-44.9363,-5.1821,-44.603,-4.856
2105658,-46.2632,-2.0509,-45.9477,-1.7275
2105708,-45.427,-5.015,-45.04,-4.4233
2105807,-45.0896,-4.6863,-44.8363,-4.3843
2105906,-45.029,-4.1139,-44.6199,-3.8508
2105922,-43.729,-6.2757,-43.3069,-5.7375
2105948,-45.0413,-4.693,-44.843,-4.4856
2105963,-45.6061,-5.0553,-45.2322,-4.77
2105989,-47.2422,-6.2389,-46.6717,-5.9656
2106003,-44.5841,-4.666,-44.3476,-4.4753
2106102,-45.645,-7.6784,-44.9357,-6.7303
2106201,-46.0163,-1.5759,-45.7759,-1.1232
2106300,-42.2767,-3.4447,-41.9856,-3.1992
2106326,-46.1509,-2.2307,-45.8716,-1.7844
2106359,-45.923,-4.9443,-45.3452,-4.5586
2106375,-46.0753,-2.6963,-45.7474,-2.1533
2106409,-43.3947,-3.783,-43.0881,-3.5175
2106508,-45.1458,-3.1865,-44.8044,-2.9305
2106607,-43.7582,-5.6149,-42.9684,-5.1432
2106631,-44.6104,-3.9388,-44.2845,-3.5618
2106672,-42.9963,-3.6321,-42.5627,-3.3876
2106706,-45.9481,-6.8199,-44.1717,-5.9844
2106755,-44.6258,-3.659,-44.385,-3.4416
2106805,-44.9699,-2.251,-44.6832,-1.8887
2106904,-45.5797,-3.7182,-45.0739,-3.2408
2107001,-47.346,-6.051,-46.7757,-5.6252
2107100,-44.0672,-3.2926,-43.5421,-2.6375
2107209,-43.9948,-3.6208,-43.6067,-3.2134
2107258,-46.451,-7.3479,-46.0718,-6.9985
2107308,-44.3289,-7.0012,-43.7538,-6.5451
2107357,-46.4008,-3.2737,-45.638,-2.6207
2107407,-45.2527,-4.3288,-45.004,-3.9173
2107456,-45.1267,-3.0779,-44.8929,-2.8873
2107506,-44.1928,-2.5547,-44.0583,-2.4547
2107605,-45.1839,-2.8371,-44.8403,-2.5421
2107704,-44.0998,-6.5438,-43.7844,-6.2843
2107803,-43.8836,-5.9131,-43.0749,-5.2845
2107902,-43.9803,-6.3229,-43.5382,-5.9091
2108009,-44.5074,-6.935,-43.7909,-6.3695
2108058,-42.7773,-3.0601,-42.4332,-2.6253
2108108,-45.7143,-4.6666,-45.0936,-4.3937
2108207,-44.7253,-4.8625,-44.4858,-4.4505
2108256,-45.638,-3.2392,-45.1836,-2.7379
2108306,-45.5802,-3.3713,-45.073,-3.1257
2108405,-45.051,-2.6732,-44.7104,-2.4549
2108454,-44.4308,-4.5582,-44.0875,-4.2678
2108504,-45.5384,-3.8519,-45.2779,-3.5591
2108603,-45.3577,-2.8192,-44.8983,-2.1709
2108702,-45.22,-4.0332,-44.9569,-3.71
2108801,-44.3537,-3.9292,-43.9928,-3.6234
2108900,-45.1567,-4.9402,-44.5764,-4.6394
2109007,-47.4343,-6.579,-46.765,-6.1891
2109056,-44.7346,-1.9905,-44.5333,-1.7633
2109106,-44.5854,-5.4974,-44.3409,-5.0807
2109205,-44.1586,-3.2907,-43.986,-2.9055
2109239,-45.904,-2.4295,-45.6391,-2.1872
2109270,-45.494,-2.7715,-45.2428,-2.411
2109304,-44.0861,-3.5201,-43.7602,-3.183
2109403,-43.4842,-3.0221,-43.1856,-2.3355
2109452,-44.1738,-2.4863,-44.0227,-2.4033
2109502,-47.2204,-8.428,-46.1665,-7.0665
2109551,-47.448,-6.1089,-47.1617,-5.8089
2109601,-44.306,-3.184,-44.1124,-2.7604
2109700,-45.8614,-8.021,-45.2439,-6.7758
2109759,-44.7589,-5.6611,-44.4489,-5.3742
2109809,-45.6418,-2.9027,-44.9671,-2.0366
2109908,-45.5982,-4.0752,-45.3179,-3.6303
2110005,-46.2738,-4.8546,-45.5508,-3.7296
2110039,-45.9984,-2.6959,-45.561,-2.3611
2110104,-43.163,-3.5594,-42.4964,-3.1303
2110203,-44.5558,-3.3085,-44.0916,-3.026
2110237,-42.8552,-3.3605,-42.3093,-3.0558
2110278,-43.3781,-2.9589,-43.0117,-2.3366
2110302,-44.639,-4.9759,-44.322,-4.6504
2110401,-43.8058,-3.6187,-43.4472,-3.1721
2110500,-45.2298,-2.9109,-44.7861,-2.6593
2110609,-42.6405,-3.4846,-42.2455,-3.0925
2110658,-44.7911,-7.0151,-44.4015,-6.68
2110708,-44.5442,-5.8756,-44.1228,-5.4584
2110807,-45.0856,-7.5132,-44.6858,-6.7028
2110856,-47.5546,-5.3141,-47.1356,-5.0264
2110906,-43.3982,-6.5046,-42.8293,-5.9097
2111003,-44.9745,-3.1521,-44.5802,-2.8752
2111029,-46.6992,-3.7092,-46.1025,-3.2914
2111052,-47.2165,-6.692,-46.6095,-6.1878
2111078,-44.0169,-5.2737,-43.5469,-4.7904
2111102,-43.8601,-6.8462,-43.402,-6.2843
2111201,-44.2208,-2.7021,-44.0238,-2.461
2111250,-44.6665,-5.1737,-44.485,-4.857
2111300,-44.4136,-2.7992,-44.1617,-2.4733
2111409,-44.8829,-4.4808,-44.3959,-4.2789
2111508,-44.7585,-4.1297,-44.319,-3.8431
2111532,-48.7552,-5.3531,-48.1874,-4.9249
2111573,-46.9418,-7.0303,-46.3065,-6.6704
2111607,-46.0271,-7.4066,-45.3542,-6.7001
2111631,-45.3492,-5.2089,-44.9684,-4.9968
2111672,-45.1925,-5.115,-44.9321,-4.9298
2111706,-45.2188,-2.9533,-44.7802,-2.7935
2111722,-45.3414,-4.1486,-45.1462,-3.7294
2111748,-44.1309,-5.3494,-43.7841,-5.1663
2111763,-47.4065,-5.5565,-46.8853,-5.2054
2111789,-45.199,-2.171,-44.8074,-1.6013
2111805,-46.7948,-6.8168,-46.4642,-5.7327
2111904,-44.6305,-6.7493,-44.0579,-6.2559
2111953,-43.6498,-6.6095,-43.3162,-6.2586
2112001,-46.2868,-8.8373,-45.5204,-7.7795
2112100,-44.0741,-4.4065,-43.5877,-3.9351
2112209,-43.206,-5.4535,-42.799,-4.8947
2112233,-44.7477,-4.6507,-44.5969,-4.4521
2112274,-45.6609,-3.9153,-45.4993,-3.6257
2112308,-44.969,-6.1177,-44.4473,-5.0849
2112407,-45.712,-2.1059,-45.2129,-1.3126
2112456,-45.6842,-2.3842,-45.1432,-1.8566
2112506,-42.6966,-3.1756,-42.1161,-2.6757
2112605,-43.6044,-3.5763,-43.0306,-2.992
2112704,-44.0945,-4.0005,-43.6068,-3.4747
2112803,-45.3191,-3.3405,-44.6743,-2.9205
2112852,-48.225,-5.2751,-47.8872,-4.8042
2112902,-45.0495,-3.7533,-44.7932,-3.3464
2113009,-45.5117,-4.4408,-45.1067,-3.87
2114007,-46.3957,-3.485,-45.4441,-3.021
2200053,-41.219,-8.542,-40.7643,-8.1186
2200103,-42.7448,-5.8323,-42.6164,-5.7047
2200202,-42.6862,-5.9587,-42.5478,-5.8525
2200251,-41.0013,-7.1373,-40.8283,-6.7677
2200277,-40.8831,-7.2853,-40.6916,-7.1263
2200301,-42.3685,-5.6716,-41.9429,-5.1197
2200400,-42.6018,-5.2149,-42.3129,-4.832
2200459,-44.4084,-8.6271,-43.6306,-8.252
2200509,-42.9784,-6.7056,-42.5933,-6.1001
2200608,-42.8201,-6.215,-42.6771,-5.9635
2200707,-43.1112,-9.4,-42.9656,-9.0819
2200806,-44.3517,-7.4178,-44.069,-7.0477
2200905,-42.0606,-6.2784,-41.6338,-5.9724
2200954,-41.6789,-7.3284,-41.3971,-7.1582
2201002,-42.6531,-6.8086,-42.3095,-6.4906
2201051,-41.2591,-6.1104,-40.8736,-5.6412
2201101,-44.1568,-10.4361,-43.691,-9.9791
2201150,-45.5627,-9.2428,-44.8137,-7.7879
2201176,-42.192,-6.6445,-42.0137,-6.4312
2201200,-42.6467,-4.383,-41.9966,-3.9266
2201309,-46.0282,-10.3711,-45.3772,-9.6799
2201408,-42.5756,-5.8948,-42.441,-5.7247
2201507,-42.2674,-4.2462,-41.8476,-3.6793
2201556,-42.0319,-8.1205,-41.6932,-7.8756
2201572,-41.0434,-7.532,-40.9222,-7.2489
2201606,-42.5989,-5.7312,-42.2284,-5.2979
2201705,-44.0082,-8.0032,-43.7023,-7.4894
2201739,-40.9638,-8.244,-40.5757,-8.0232
2201770,-42.1961,-4.4822,-42.0005,-4.2657
2201804,-41.4121,-6.9898,-41.2007,-6.8181
2201903,-45.3119,-9.5861,-43.7822,-8.9435
2201919,-41.7715,-3.3076,-41.4631,-3.0113
2201929,-42.9947,-9.3068,-42.7954,-9.0698
2201945,-42.2509,-4.6422,-42.0152,-4.434
2201960,-41.9348,-4.2198,-41.313,-4.034
2201988,-43.0647,-8.7136,-42.583,-8.0168
2202000,-41.9798,-3.4819,-41.6625,-3.0603
2202026,-41.498,-5.4387,-40.911,-4.8002
2202059,-42.557,-4.5511,-42.1505,-4.3344
2202075,-42.6079,-6.9101,-42.3177,-6.6618
2202083,-41.4453,-3.0786,-41.2479,-2.904
2202091,-40.7302,-7.4333,-40.5061,-7.2097
2202109,-42.0658,-7.8282,-41.7261,-7.531
2202117,-41.9576,-8.4003,-41.6571,-8.0884
2202133,-41.1469,-7.2844,-40.9801,-7.0698
2202174,-42.684,-4.0423,-42.3886,-3.6945
2202208,-42.3704,-5.1697,-41.8873,-4.549
2202251,-43.7843,-7.9227,-43.3039,-7.2451
2202307,-43.7043,-8.7318,-42.8573,-7.9346
2202406,-42.0793,-4.6971,-41.739,-4.3542
2202455,-42.1531,-8.7341,-41.7122,-8.3265
2202505,-43.5413,-9.4246,-43.1886,-8.7281
2202539,-41.9411,-3.7209,-41.6744,-3.4528
2202554,-41.0995,-7.825,-40.7974,-7.597
2202604,-41.8617,-5.5992,-41.2451,-5.0139
2202653,-42.0043,-3.5332,-41.7307,-3.253
2202703,-41.7466,-3.6726,-41.303,-3.1857
2202711,-42.0618,-4.7007,-41.8402,-4.5282
2202729,-41.5242,-3.7535,-41.3311,-3.5216
2202737,-42.3901,-5.2973,-42.151,-4.9385
2202752,-43.8229,-8.2638,-43.5187,-8.0439
2202778,-42.3607,-7.4401,-41.9527,-7.1048
2202802,-41.7389,-8.0775,-41.3785,-7.7587
2202851,-42.6039,-9.2928,-42.0692,-8.6301
2202901,-45.4907,-10.655,-44.7944,-10.1308
2203008,-45.4145,-10.9288,-44.8638,-10.5898
2203107,-44.305,-9.0185,-43.6834,-8.584
2203206,-44.6265,-10.29,-44.088,-9.6594
2203230,-45.0852,-9.0406,-44.3039,-8.4266
2203255,-42.9755,-5.7045,-42.734,-5.5013
2203271,-40.959,-8.0357,-40.5439,-7.7306
2203305,-42.7489,-5.4278,-42.5989,-5.2468
2203354,-42.7228,-9.5168,-42.2098,-9.1708
2203404,-41.8109,-7.0338,-41.6134,-6.899
2203420,-41.525,-4.4335,-41.0981,-4.1368
2203453,-42.2371,-9.2788,-41.4114,-8.5666
2203503,-42.3926,-6.457,-42.0158,-5.9416
2203602,-43.803,-8.1576,-43.4923,-7.7233
2203701,-42.3991,-3.9986,-41.9738,-3.5911
2203750,-42.963,-9.6225,-42.6029,-9.339
2203800,-43.0593,-7.9107,-42.6785,-7.3864
2203859,-41.867,-7.5589,-41.7278,-7.3438
2203909,-43.4416,-7.3588,-42.7933,-6.6462
2204006,-42.349,-6.5072,-42.1263,-6.3259
2204105,-42.8415,-6.8522,-42.6124,-6.5049
2204154,-40.8524,-7.4215,-40.7145,-7.2432
2204204,-41.264,-7.2578,-41.0809,-6.7505
2204303,-40.7899,-7.2289,-40.4062,-6.9353
2204352,-41.4646,-7.307,-41.1927,-7.0992
2204402,-45.8427,-9.985,-44.9564,-9.172
2204501,-43.9305,-6.9857,-43.4886,-6.6987
2204550,-43.9567,-9.4527,-43.4148,-8.7171
2204600,-42.5905,-6.1503,-42.3938,-5.9367
2204659,-41.866,-2.9156,-41.7555,-2.7498
2204709,-41.9276,-6.8335,-41.4796,-6.5289
2204808,-41.9329,-6.94,-41.6066,-6.6466
2204907,-41.7804,-7.8367,-41.4581,-7.3939
2205003,-41.644,-7.553,-41.3103,-7.2602
2205102,-43.5073,-7.7342,-42.7983,-7.2221
2205151,-41.5261,-8.1057,-40.9515,-7.7186
2205201,-41.3789,-7.6132,-41.0048,-7.2065
2205250,-42.7051,-6.2548,-42.3192,-6.0156
2205276,-42.0889,-5.0276,-41.7466,-4.6771
2205300,-43.7971,-7.404,-43.2255,-6.8215
2205359,-42.7335,-8.8006,-42.1588,-8.3026
2205409,-42.2592,-3.6806,-41.9078,-3.3464
2205458,-42.4949,-3.629,-42.3672,-3.4534
2205508,-42.7886,-4.9132,-42.2957,-4.4776
2205516,-41.7427,-5.1913,-41.384,-4.745
2205524,-44.3513,-10.6441,-43.9902,-10.1921
2205532,-43.2835,-9.4207,-43.0169,-8.6955
2205540,-42.6766,-5.8966,-42.5864,-5.7299
2205557,-42.6807,-4.6063,-42.4204,-4.3627
2205565,-41.7547,-8.8069,-41.3813,-8.299
2205573,-41.6689,-4.4165,-41.5006,-4.2952
2205581,-42.7484,-5.5555,-42.4526,-5.3504
2205599,-41.6905,-6.6511,-41.2636,-6.339
2205607,-44.1845,-7.5341,-43.6843,-7.0937
2205706,-41.7132,-3.3499,-41.255,-2.8644
2205805,-42.5583,-3.7707,-42.2017,-3.4273
2205854,-42.6167,-3.6662,-42.454,-3.445
2205904,-44.3835,-8.4031,-43.7883,-7.976
2205953,-40.8052,-7.4843,-40.6523,-7.3486
2206001,-44.0483,-7.231,-43.7243,-6.9336
2206050,-41.2383,-7.6456,-40.9422,-7.4198
2206100,-42.6835,-3.8042,-42.4885,-3.6107
2206209,-42.9875,-4.4271,-42.548,-3.9791
2206308,-42.814,-5.7584,-42.6034,-5.6613
2206357,-41.7768,-4.8839,-41.268,-4.5561
2206407,-42.7613,-5.7401,-42.4451,-5.4917
2206506,-41.105,-7.1252,-40.9815,-6.7567
2206605,-45.3351,-9.8249,-44.6587,-9.3305
2206654,-44.188,-10.0654,-43.6525,-9.4576
2206670,-42.393,-3.8374,-42.1541,-3.5537
2206696,-42.1303,-3.5078,-41.904,-3.216
2206704,-42.9446,-7.3798,-42.5666,-6.7746
2206720,-43.0042,-5.5617,-42.7527,-5.3166
2206753,-42.3172,-4.7462,-42.0509,-4.5274
2206803,-42.7012,-4.1351,-42.5046,-3.8975
2206902,-42.1225,-6.6444,-41.861,-6.3107
2206951,-42.035,-5.4067,-41.799,-5.1679
2207009,-42.6254,-7.3185,-41.8777,-6.617
2207108,-42.6136,-5.9438,-42.4629,-5.7129
2207207,-40.9722,-7.4981,-40.7943,-7.2617
2207306,-42.4158,-7.9519,-42.1609,-7.7224
2207355,-43.0631,-8.078,-42.6863,-7.6493
2207405,-44.8459,-8.7993,-44.0194,-8.2645
2207504,-43.1012,-6.1385,-42.7444,-5.5427
2207553,-41.8155,-7.3257,-41.58,-6.9998
2207603,-44.8314,-10.7589,-44.2858,-9.8634
2207702,-41.8691,-3.1207,-41.6496,-2.7583
2207751,-42.5276,-6.1553,-42.3034,-5.6366
2207777,-41.4775,-7.8133,-41.0642,-7.5156
2207793,-42.6015,-5.3496,-42.3265,-5.1525
2207801,-41.4771,-8.4093,-40.7057,-7.848
2207850,-43.5375,-8.1206,-43.1076,-7.6957
2207900,-41.7453,-4.8149,-41.1194,-4.2567
2207934,-42.4419,-8.2765,-42.1256,-7.9051
2207959,-42.1857,-8.2955,-41.84,-7.9365
2208007,-41.6347,-7.2283,-41.3319,-6.8703
2208106,-41.7349,-6.7567,-40.7791,-6.0465
2208205,-41.0954,-7.0305,-40.3705,-6.5006
2208304,-41.9108,-4.1356,-41.2786,-3.5727
2208403,-42.0269,-4.5699,-41.4973,-4.1457
2208502,-42.7906,-4.0975,-42.6228,-3.7916
2208551,-44.2798,-7.2204,-43.8325,-6.7419
2208601,-42.2351,-5.7997,-42.0866,-5.6488
2208650,-41.518,-8.7358,-41.1431,-8.28
2208700,-44.8178,-9.7671,-44.0434,-9.2689
2208809,-42.7196,-6.5192,-42.2824,-6.1734
2208858,-45.1062,-10.3282,-44.5752,-9.5407
2208874,-42.7562,-8.3048,-42.461,-7.5839
2208908,-45.7087,-8.633,-44.9184,-7.481
2209005,-43.2863,-7.957,-43.0354,-7.6144
2209104,-41.9197,-7.4244,-41.6056,-7.0448
2209153,-42.1067,-6.0876,-41.656,-5.7423
2209203,-45.9951,-9.5577,-45.3814,-8.3876
2209302,-44.3539,-9.3137,-43.8692,-8.7993
2209351,-41.6172,-6.9995,-41.4168,-6.8392
2209377,-42.3615,-6.9223,-42.1104,-6.7053
2209401,-41.3173,-7.1153,-41.1303,-6.6552
2209450,-42.737,-6.0814,-42.6518,-6.0208
2209500,-42.2185,-7.6229,-41.8308,-7.2918
2209559,-43.1138,-9.1296,-42.8455,-8.701
2209609,-42.2571,-6.0669,-41.9661,-5.7762
2209658,-41.7835,-8.3734,-41.3708,-8.0215
2209708,-42.6623,-7.4177,-42.3102,-6.9672
2209757,-45.5578,-10.301,-45.0276,-9.9356
2209807,-42.7395,-6.0899,-42.5799,-5.9477
2209856,-41.5111,-6.8732,-41.274,-6.5569
2209872,-41.4849,-4.1891,-41.0909,-3.684
2209906,-42.117,-5.7392,-41.6749,-5.3522
2209955,-42.0026,-7.066,-41.7314,-6.8301
2209971,-42.5482,-3.8992,-42.3678,-3.7435
2210003,-42.608,-8.5904,-41.9241,-8.0659
2210052,-41.9816,-3.8869,-41.6864,-3.6758
2210102,-42.8423,-7.8425,-42.3121,-7.1914
2210201,-41.6079,-6.9122,-41.3969,-6.6678
2210300,-40.9599,-7.1603,-40.6916,-6.9811
2210359,-42.6863,-9.3317,-42.3287,-9.0183
2210375,-41.3426,-6.8672,-41.1889,-6.6782
2210383,-42.3721,-5.9598,-42.1478,-5.6454
2210391,-42.489,-7.7572,-42.1704,-7.4315
2210409,-42.1565,-6.1775,-40.9011,-5.3955
2210508,-42.9415,-6.0157,-42.6559,-5.6784
2210607,-42.9832,-9.3657,-42.3223,-8.6848
2210623,-45.0289,-10.9011,-44.6668,-10.428
2210631,-44.3626,-8.2955,-43.6631,-7.2432
2210656,-41.981,-5.2003,-41.6432,-4.7033
2210706,-40.9874,-7.9616,-40.5379,-7.4479
2210805,-42.2992,-7.9744,-41.67,-7.5819
2210904,-42.5995,-8.0811,-42.3382,-7.6802
2210938,-41.443,-7.1109,-41.2328,-6.9023
2210953,-43.2757,-8.7468,-42.8387,-8.225
2210979,-42.3754,-6.7666,-42.1376,-6.514
2211001,-42.9707,-5.5866,-42.599,-4.7863
2211100,-42.9643,-4.888,-42.5816,-4.354
2211209,-44.9853,-8.4618,-44.1445,-7.1086
2211308,-42.0474,-6.6048,-41.5125,-6.1806
2211357,-43.062,-9.4284,-42.7675,-9.1467
2211407,-42.3098,-6.6472,-42.1452,-6.4612
2211506,-41.6465,-7.6978,-41.3857,-7.5193
2211605,-40.9976,-7.3053,-40.8637,-7.1076
2211704,-42.0056,-7.3577,-41.776,-7.1847
2300101,-39.1021,-7.4273,-38.962,-7.2597
2300150,-38.7207,-4.2907,-38.5705,-4.1576
2300200,-40.3719,-3.3157,-39.9075,-2.806
2300309,-39.8936,-6.3404,-39.0507,-5.9555
2300408,-40.7364,-6.8222,-39.9949,-6.3485
2300507,-40.6149,-3.6553,-40.4765,-3.5124
2300606,-39.8002,-7.0225,-39.6213,-6.9455
2300705,-38.4596,-5.676,-38.0281,-5.3578
2300754,-40.0276,-3.4644,-39.5506,-2.9965
2300804,-40.147,-6.8567,-39.833,-6.6683
2300903,-39.4857,-4.0902,-39.1825,-3.8299
2301000,-38.5365,-4.0785,-38.2233,-3.8191
2301109,-37.9944,-4.9264,-37.3557,-4.4264
2301208,-38.8423,-4.7005,-38.5314,-4.3055
2301257,-40.8834,-4.8665,-40.6281,-4.6864
2301307,-40.2687,-7.3831,-39.8885,-7.0474
2301406,-39.0992,-4.515,-38.9704,-4.3521
2301505,-40.4052,-6.403,-39.8886,-6.0802
2301604,-40.1255,-7.0768,-39.6065,-6.7635
2301703,-39.1624,-7.1632,-38.7423,-6.8564
2301802,-38.8594,-6.7676,-38.65,-6.6583
2301851,-39.0887,-5.5215,-38.6098,-5.0666
2301901,-39.4476,-7.6193,-39.2067,-7.2583
2301950,-38.6999,-4.4171,-38.5339,-4.226
2302008,-38.9477,-7.2442,-38.6197,-6.9775
2302057,-41.3227,-3.1251,-41.0647,-2.8836
2302107,-38.9592,-4.6232,-38.7472,-4.2251
2302206,-38.3604,-4.6227,-37.8164,-4.102
2302305,-40.5119,-3.2046,-40.0827,-2.9398
2302404,-40.16,-5.3992,-39.5362,-4.6959
2302503,-39.1535,-7.7505,-38.7172,-7.422
2302602,-41.1196,-3.0938,-40.495,-2.8412
2302701,-40.4594,-7.1289,-40.057,-6.7592
2302800,-39.7901,-4.7386,-39.0284,-4.0681
2302909,-38.999,-4.5833,-38.8006,-4.35
2303006,-39.3392,-4.3989,-38.9294,-3.9918
2303105,-40.7132,-4.0919,-40.3602,-3.8065
2303204,-39.4558,-7.151,-39.107,-6.9058
2303303,-39.7374,-6.7902,-39.2795,-6.4618
2303402,-41.1431,-4.2302,-40.8866,-4.0496
2303501,-38.4475,-4.5016,-38.1477,-4.0071
2303600,-40.0841,-6.3686,-39.7854,-6.1139
2303659,-40.3423,-4.8129,-40.0015,-4.4512
2303709,-38.9996,-3.9949,-38.5876,-3.5485
2303808,-39.2984,-6.7155,-38.9178,-6.4416
2303907,-41.3275,-3.1798,-41.1511,-2.9707
2303931,-39.3726,-4.9661,-38.9768,-4.6254
2303956,-38.5705,-4.4091,-38.3596,-4.2192
2304004,-40.904,-3.8631,-40.5487,-3.5051
2304103,-41.132,-5.4962,-40.3728,-4.9247
2304202,-39.6001,-7.576,-39.3368,-7.0017
2304236,-41.1785,-4.4828,-40.7615,-4.273
2304251,-40.4596,-2.9665,-40.1471,-2.8032
2304269,-39.376,-6.0079,-39.1632,-5.7559
2304277,-38.4221,-6.0885,-38.1593,-5.8919
2304285,-38.5088,-3.938,-38.4094,-3.8015
2304301,-39.6806,-7.0438,-39.395,-6.7681
2304350,-40.3701,-3.9587,-40.1082,-3.6958
2304400,-38.6379,-3.8946,-38.4013,-3.692
2304459,-37.9763,-4.5429,-37.7666,-4.3788
2304509,-40.8953,-3.7887,-40.7336,-3.6337
2304608,-39.5525,-4.16,-39.3242,-3.9692
2304657,-40.8477,-4.1376,-40.6825,-3.9506
2304707,-41.4235,-3.5204,-40.495,-3.0085
2304806,-39.3479,-6.9859,-39.1665,-6.8634
2304905,-40.4157,-4.0319,-40.3049,-3.7995
2304954,-38.7912,-4.189,-38.5664,-4.0061
2305001,-41.1491,-4.3707,-40.7093,-4.1171
2305100,-39.0268,-4.3231,-38.891,-4.1802
2305209,-40.599,-4.6106,-40.2326,-4.2603
2305233,-38.5704,-4.1452,-38.3725,-4.0414
2305266,-38.9231,-4.9376,-38.5194,-4.6108
2305308,-41.2567,-4.0379,-40.7771,-3.8652
2305332,-38.6859,-5.0878,-38.4037,-4.8737
2305357,-37.5572,-4.8581,-37.2527,-4.6267
2305407,-39.1449,-6.6123,-38.5179,-6.1077
2305506,-39.4732,-6.535,-39.0528,-6.1708
2305605,-40.6541,-5.8412,-40.0178,-5.1517
2305654,-41.0528,-5.0262,-40.5411,-4.7833
2305704,-38.856,-6.9109,-38.6137,-6.7083
2305803,-40.8038,-4.5619,-40.4781,-4.2044
2305902,-41.2425,-4.7188,-40.5829,-4.4217
2306009,-38.4909,-5.9246,-38.1458,-5.6014
2306108,-40.0178,-4.1751,-39.6395,-3.6033
2306207,-37.9556,-4.7636,-37.6163,-4.6601
2306256,-38.6128,-4.1233,-38.5019,-3.8592
2306306,-39.708,-3.8612,-39.4148,-3.6124
2306405,-39.7872,-3.655,-39.3786,-3.0791
2306504,-39.1298,-4.741,-38.7657,-4.4603
2306553,-39.997,-3.2736,-39.7067,-2.8664
2306603,-39.772,-4.7495,-39.3713,-4.4652
2306702,-38.9258,-5.7869,-38.5171,-5.1975
2306801,-38.6762,-5.784,-38.4129,-5.3743
2306900,-38.9762,-6.2122,-38.4473,-5.7452
2307007,-37.9338,-5.0528,-37.5887,-4.718
2307106,-39.372,-7.7182,-39.0726,-7.4581
2307205,-39.1178,-7.8456,-38.8919,-7.6056
2307254,-40.5982,-2.9663,-40.4094,-2.7843
2307304,-39.3667,-7.266,-39.1926,-7.0926
2307403,-39.7765,-6.6332,-39.3982,-6.3073
2307502,-39.1858,-6.9635,-38.7956,-6.5664
2307601,-38.2486,-5.2972,-37.7823,-4.974
2307635,-39.7382,-5.0522,-39.2906,-4.7173
2307650,-38.6881,-3.9685,-38.5414,-3.8014
2307700,-39.0035,-4.1205,-38.6401,-3.8567
2307809,-40.5095,-3.3056,-40.0026,-3.0619
2307908,-40.751,-3.2476,-40.5325,-3.0508
2308005,-40.5574,-3.6227,-40.2507,-3.3509
2308104,-38.8824,-7.6269,-38.5346,-7.2191
2308203,-40.5218,-3.6453,-40.3619,-3.4949
2308302,-39.0928,-7.4571,-38.783,-7.0817
2308351,-39.2797,-5.7998,-39.027,-5.4899
2308377,-40.07,-3.7208,-39.7127,-3.4331
2308401,-39.2577,-7.5036,-39.0253,-7.1296
2308500,-40.0499,-6.104,-39.4321,-5.5678
2308609,-40.1957,-5.1648,-39.8919,-4.7168
2308708,-38.7153,-5.4426,-38.2133,-4.5008
2308807,-40.8568,-3.5382,-40.5328,-3.3573
2308906,-40.3412,-3.3692,-39.9312,-3.1969
2309003,-40.8772,-3.9682,-40.6633,-3.821
2309102,-39.0536,-4.3736,-38.9336,-4.2611
2309201,-39.7591,-7.2101,-39.5775,-7.0022
2309300,-40.6602,-4.9153,-40.3813,-4.5075
2309409,-40.9388,-5.7706,-40.5519,-5.4267
2309458,-38.6495,-4.6806,-38.3588,-4.3689
2309508,-39.1299,-6.4086,-38.8008,-6.0791
2309607,-38.6194,-4.2454,-38.3819,-4.1282
2309706,-38.6701,-4.0542,-38.5423,-3.8509
2309805,-38.9619,-4.277,-38.8435,-4.1362
2309904,-40.7309,-4.0599,-40.6293,-3.9391
2310001,-38.1821,-4.8447,-37.9004,-4.5836
2310100,-38.9489,-4.1771,-38.7485,-4.0724
2310209,-39.1665,-3.5613,-38.9286,-3.3966
2310258,-39.2638,-3.523,-39.0628,-3.3262
2310308,-40.8577,-6.6141,-40.3274,-5.9817
2310407,-39.5701,-4.2906,-39.1553,-4.0468
2310506,-40.0774,-5.713,-39.5516,-5.328
2310605,-39.1466,-7.8582,-38.9567,-7.6835
2310704,-39.4359,-4.0665,-38.9435,-3.685
2310803,-38.601,-6.2343,-38.3976,-5.7785
2310852,-38.3703,-4.1036,-38.2356,-4.0109
2310902,-39.5676,-6.0125,-39.321,-5.7011
2310951,-40.7037,-4.3148,-40.4396,-4.2009
2311009,-41.2504,-5.0262,-40.8483,-4.5726
2311108,-39.1949,-7.6424,-39.0272,-7.4509
2311207,-40.1676,-7.1511,-39.883,-6.9829
2311231,-38.2671,-5.9246,-38.0469,-5.6308
2311264,-40.9098,-6.1054,-40.5377,-5.6434
2311306,-39.2341,-5.1682,-38.6153,-4.6641
2311355,-39.3077,-6.3047,-38.9688,-6.0047
2311405,-39.6652,-5.5925,-39.0286,-4.7922
2311504,-38.0609,-5.242,-37.6771,-4.9781
2311603,-38.8545,-4.3841,-38.6837,-4.142
2311702,-40.727,-4.2117,-40.4724,-4.0158
2311801,-38.4682,-5.0805,-37.8197,-4.5902
2311900,-40.0849,-6.7127,-39.7089,-6.205
2311959,-40.5237,-7.3686,-40.1204,-7.001
2312007,-40.342,-3.6924,-39.9863,-3.3036
2312106,-39.8986,-7.4287,-39.5992,-7.0225
2312205,-40.451,-4.7904,-39.6856,-3.9332
2312304,-41.1838,-4.159,-40.8103,-3.9752
2312403,-39.3153,-3.712,-38.8066,-3.4654
2312502,-38.3944,-5.4105,-38.1585,-5.2109
2312601,-39.3149,-3.7371,-39.2136,-3.5799
2312700,-39.6698,-5.7835,-39.2468,-5.3733
2312809,-40.5754,-3.4484,-40.3407,-3.1096
2312908,-40.7236,-4.1428,-39.8406,-3.5703
2313005,-39.1822,-6.1028,-38.8048,-5.4536
2313104,-38.2382,-5.6298,-37.7864,-5.1624
2313203,-40.6356,-5.2284,-40.0998,-4.5488
2313252,-39.9094,-6.8311,-39.5978,-6.6127
2313302,-40.7466,-6.3585,-39.8316,-5.3971
2313351,-39.7208,-4.1013,-39.4304,-3.7454
2313401,-41.3008,-3.9002,-40.8217,-3.4172
2313500,-39.5225,-3.5805,-39.1644,-3.173
2313559,-39.5045,-3.6624,-39.331,-3.4004
2313609,-41.2457,-3.9732,-40.7755,-3.7779
2313708,-38.8776,-6.7062,-38.6071,-6.5295
2313757,-39.5146,-3.7862,-39.2767,-3.5728
2313807,-39.5964,-3.6693,-39.4205,-3.5745
2313906,-40.8804,-3.4381,-40.4792,-3.2085
2313955,-40.5981,-4.2568,-40.4294,-4.0858
2314003,-39.5169,-6.9226,-39.1079,-6.5617
2314102,-41.3713,-3.7189,-40.8769,-3.2879
2400109,-36.7743,-6.5793,-36.5044,-6.2685
2400208,-37.1728,-5.8911,-36.8384,-5.2934
2400307,-36.8604,-5.5984,-36.4399,-5.3699
2400406,-38.3579,-6.2413,-38.2653,-6.1764
2400505,-38.1256,-6.4758,-37.8343,-6.2565
2400604,-37.8112,-6.2459,-37.6876,-6.0678
2400703,-36.8425,-5.4128,-36.5374,-5.2727
2400802,-36.7718,-5.7589,-36.2622,-5.5261
2400901,-38.0635,-6.2731,-37.7766,-6.1406
2401008,-38.0901,-5.9417,-37.6422,-5.3166
2401107,-37.1532,-5.1247,-36.8557,-4.8164
2401206,-35.2981,-6.2429,-35.1108,-6.1482
2401305,-37.4675,-6.0865,-37.1623,-5.708
2401404,-35.1318,-6.5278,-34.9685,-6.3108
2401453,-37.79,-5.2779,-37.466,-4.8859
2401503,-36.0318,-6.0694,-35.8348,-5.8933
2401602,-35.9417,-5.733,-35.6321,-5.6054
2401651,-36.5474,-6.0563,-36.33,-5.8519
2401701,-35.6502,-6.0795,-35.5374,-5.9323
2401800,-35.4364,-6.2732,-35.3394,-6.1585
2401859,-36.1517,-5.304,-36.0019,-5.0514
2401909,-36.1156,-5.8588,-35.9239,-5.6553
2402006,-37.2309,-6.7342,-36.8608,-6.1907
2402105,-36.2954,-6.3176,-36.1338,-6.158
2402204,-35.2722,-6.5528,-35.0311,-6.2818
2402303,-37.7338,-5.9819,-37.4421,-5.5668
2402402,-36.6797,-6.6345,-36.4359,-6.4729
2402501,-37.0512,-5.4038,-36.7153,-5.131
2402600,-35.5519,-5.7378,-35.2249,-5.4572
2402709,-36.4487,-6.1222,-36.2242,-5.8304
2402808,-36.2963,-6.4203,-36.0961,-6.2979
2402907,-38.4882,-6.3297,-38.3575,-6.1729
2403004,-36.93,-6.4785,-36.7392,-6.2394
2403103,-36.6279,-6.3865,-36.2568,-6.0979
2403202,-38.466,-6.1779,-38.3396,-6.0523
2403251,-35.2961,-5.9847,-35.1209,-5.8498
2403301,-38.3673,-6.2015,-38.2491,-6.0658
2403400,-36.7665,-6.9827,-36.5602,-6.7998
2403509,-35.3465,-6.4031,-35.2667,-6.191
2403608,-35.361,-5.7432,-35.1922,-5.6121
2403707,-37.7644,-5.6326,-37.5644,-5.4328
2403756,-36.5679,-5.8593,-36.2735,-5.691
2403806,-36.9573,-6.3205,-36.7037,-6.0393
2403905,-38.1921,-6.126,-38.0088,-5.9587
2404002,-37.8895,-6.2173,-37.7957,-6.104
2404101,-36.3096,-5.2895,-36.0995,-5.0772
2404200,-35.2857,-6.3702,-35.1453,-6.2053
2404309,-37.8128,-5.5869,-37.2933,-5.2192
2404408,-37.3078,-5.0155,-37.1311,-4.8814
2404507,-36.4306,-5.2895,-36.2756,-5.0807
2404606,-35.6565,-5.8818,-35.4469,-5.7027
2404705,-36.9039,-5.6468,-36.699,-5.4423
2404804,-37.2739,-6.8261,-37.0754,-6.7236
2404853,-36.8975,-5.7639,-36.7027,-5.6035
2404903,-38.0144,-5.9035,-37.8561,-5.6971
2405009,-36.2992,-6.4374,-36.0965,-6.3704
2405108,-36.2758,-5.4638,-35.9924,-5.2555
2405207,-37.5931,-6.0967,-37.3591,-5.8939
2405306,-35.7406,-6.2222,-35.5317,-6.0468
2405405,-35.9655,-6.493,-35.7799,-6.3522
2405504,-36.0625,-5.7149,-35.9113,-5.4638
2405603,-37.3977,-6.4547,-37.1267,-6.1506
2405702,-36.9514,-6.6823,-36.6691,-6.5128
2405801,-36.0128,-5.6384,-35.7451,-5.3061
2405900,-37.9081,-6.3331,-37.7574,-6.2459
2406007,-38.3366,-6.4184,-38.2253,-6.2781
2406106,-37.1756,-6.2406,-36.8479,-5.8136
2406155,-35.3675,-6.3153,-35.319,-6.1854
2406205,-35.683,-6.4309,-35.5442,-6.3086
2406304,-35.5677,-6.2534,-35.3814,-6.1324
2406403,-35.9248,-6.0732,-35.7783,-5.9471
2406502,-36.6387,-6.1438,-36.3986,-6.0414
2406601,-35.5504,-6.2014,-35.4436,-6.0905
2406700,-36.2848,-5.9,-36.0625,-5.4339
2406809,-36.2282,-6.2106,-36.0767,-6.0888
2406908,-37.864,-6.1537,-37.789,-6.0569
2407005,-38.4905,-6.462,-38.3313,-6.2935
2407104,-35.5722,-6.054,-35.2807,-5.8295
2407203,-36.7515,-5.4022,-36.3682,-5.0618
2407252,-38.3476,-6.448,-38.2753,-6.3742
2407302,-38.2585,-6.3868,-38.0573,-6.1758
2407401,-37.981,-6.1768,-37.8324,-6.0043
2407500,-35.5018,-5.5306,-35.2535,-5.3769
2407609,-37.5774,-6.1521,-37.3591,-6.0061
2407708,-35.3413,-6.5445,-35.2244,-6.4469
2407807,-35.5454,-6.182,-35.2984,-6.0462
2407906,-35.8546,-6.4833,-35.7647,-6.3778
2408003,-37.5831,-5.4905,-37.1054,-4.881
2408102,-35.2913,-5.8998,-35.1529,-5.704
2408201,-35.2462,-6.1743,-35.0963,-5.9335
2408300,-35.5814,-6.5386,-35.3003,-6.3815
2408409,-37.7741,-6.0506,-37.6486,-5.9119
2408508,-37.0036,-6.7905,-36.8167,-6.5776
2408607,-38.3476,-6.5056,-38.229,-6.3918
2408706,-37.2254,-5.891,-36.9941,-5.6562
2408805,-36.0508,-5.3991,-35.8319,-5.21
2408904,-36.7342,-6.8436,-36.5013,-6.5793
2408953,-35.4816,-5.4534,-35.326,-5.269
2409100,-35.6716,-6.4841,-35.5587,-6.4152
2409209,-35.4256,-6.3228,-35.3581,-6.2454
2409308,-37.709,-6.191,-37.5219,-5.9413
2409332,-35.7968,-5.8723,-35.6388,-5.7164
2409407,-38.2749,-6.1957,-38.0417,-6.0102
2409506,-35.9522,-5.2374,-35.7909,-5.0595
2409605,-36.172,-5.6553,-35.9924,-5.4054
2409704,-36.4699,-5.6802,-36.1797,-5.2508
2409803,-35.3152,-6.5584,-35.1458,-6.3708
2409902,-36.7546,-5.4128,-36.5148,-5.175
2410009,-38.0998,-6.3331,-37.9633,-6.2536
2410108,-35.7478,-5.7144,-35.6256,-5.4576
2410207,-38.0867,-6.0964,-37.9544,-5.9629
2410256,-36.9751,-5.175,-36.7156,-4.9718
2410306,-35.8258,-6.1772,-35.5929,-6.0407
2410405,-35.7644,-5.5125,-35.4185,-5.3003
2410504,-38.2776,-6.2493,-38.1617,-6.1556
2410603,-37.7841,-6.1308,-37.6724,-6.0018
2410702,-38.0449,-5.991,-37.8961,-5.8527
2410801,-38.4087,-6.3451,-38.2476,-6.2175
2410900,-35.9396,-5.9154,-35.7771,-5.7164
2411007,-38.1654,-5.9458,-38.0043,-5.7549
2411056,-37.4464,-4.9456,-37.221,-4.8314
2411106,-36.0139,-5.9133,-35.8511,-5.7947
2411205,-36.1538,-6.471,-35.8705,-6.0694
2411403,-36.8937,-6.1123,-36.2848,-5.6958
2411429,-36.8508,-6.8387,-36.7016,-6.6467
2411502,-35.6432,-6.4174,-35.3885,-6.2307
2411601,-36.0659,-5.2561,-35.9083,-5.0415
2411700,-36.1394,-6.4889,-35.9652,-6.2993
2411809,-37.2609,-6.4485,-37.0457,-6.181
2411908,-38.2522,-6.0463,-38.1145,-5.9364
2412005,-35.4716,-5.8452,-35.2476,-5.7006
2412104,-37.3143,-6.7617,-37.0353,-6.6138
2412203,-35.3822,-6.2053,-35.2203,-5.9514
2412302,-35.8705,-6.4186,-35.6432,-6.1827
2412401,-36.9627,-6.5386,-36.761,-6.4187
2412500,-38.5795,-6.3044,-38.349,-6.1214
2412559,-35.8402,-5.3061,-35.6171,-5.075
2412609,-35.8498,-6.0159,-35.6684,-5.8532
2412708,-35.6875,-5.9839,-35.529,-5.789
2412807,-36.9801,-5.9758,-36.7687,-5.7108
2412906,-36.3022,-6.1648,-35.9627,-5.8299
2413003,-36.7434,-6.3075,-36.5916,-6.089
2413102,-35.7987,-6.0968,-35.5708,-5.9764
2413201,-35.1631,-6.1888,-35.0939,-6.1346
2413300,-35.7762,-6.4828,-35.6636,-6.3581
2413359,-37.1565,-5.2941,-36.9083,-4.9859
2413409,-37.4847,-6.71,-37.2184,-6.4371
2413508,-35.6664,-6.3258,-35.4685,-6.1974
2413557,-38.0474,-6.2112,-37.9375,-6.0756
2413607,-38.0586,-5.8541,-37.8812,-5.6969
2413706,-36.0318,-6.1718,-35.8225,-6.0106
2413805,-38.1215,-6.015,-37.951,-5.8569
2413904,-35.6682,-5.7211,-35.4944,-5.4877
2414001,-35.9182,-6.3628,-35.7214,-6.0744
2414100,-38.2527,-6.5227,-38.0709,-6.3617
2414159,-36.7868,-6.2209,-36.6532,-6.0953
2414209,-35.156,-6.299,-35.033,-6.18
2414308,-37.3185,-6.5695,-37.1885,-6.4043
2414407,-35.8319,-5.4657,-35.3824,-5.114
2414456,-37.2605,-6.0212,-37.0356,-5.8237
2414506,-37.934,-6.0909,-37.7339,-5.912
2414605,-37.4675,-5.7523,-37.1046,-5.4779
2414704,-35.4092,-6.4088,-35.3096,-6.2249
2414753,-38.5821,-6.3565,-38.4564,-6.2862
2414803,-35.5467,-6.0785,-35.3651,-5.9874
2414902,-37.9915,-6.0296,-37.9212,-5.9559
2415008,-35.1189,-6.3399,-35.0443,-6.2658
2500106,-37.7507,-7.5972,-37.5665,-7.3744
2500205,-38.3432,-7.1781,-38.0581,-6.9925
2500304,-35.7118,-7.1474,-35.4916,-6.9494
2500403,-35.8555,-7.1085,-35.6796,-7.0208
2500502,-35.5932,-7.0337,-35.4573,-6.909
2500536,-36.132,-7.8102,-35.9562,-7.584
2500577,-36.1109,-6.9826,-35.8031,-6.7928
2500601,-35.0436,-7.4603,-34.8507,-7.2486
2500700,-38.5709,-6.931,-38.3351,-6.5702
2500734,-37.1018,-7.6254,-36.9783,-7.4967
2500775,-38.153,-6.9049,-37.9821,-6.6683
2500809,-35.4645,-6.9865,-35.2636,-6.7558
2500908,-35.8155,-6.9112,-35.6458,-6.8132
2501005,-35.8704,-6.6188,-35.6368,-6.4453
2501104,-35.8074,-7.0336,-35.5714,-6.8644
2501153,-37.0203,-7.1938,-36.9154,-7.0407
2501203,-35.9705,-7.0805,-35.8974,-7.0153
2501302,-35.8319,-7.6434,-35.5812,-7.4469
2501351,-36.7787,-7.1389,-36.6563,-7.0066
2501401,-35.0395,-6.7211,-34.9305,-6.5953
2501500,-35.6887,-6.7922,-35.5206,-6.5957
2501534,-36.3002,-6.6917,-36.2318,-6.5476
2501575,-36.1157,-7.6837,-35.8221,-7.4533
2501609,-36.2609,-6.9461,-35.8961,-6.585
2501708,-36.4459,-7.8321,-36.1247,-7.5267
2501807,-34.9567,-7.1712,-34.8908,-7.0795
2501906,-35.5496,-6.78,-35.422,-6.6452
2502003,-37.6241,-6.2724,-37.1569,-6.0259
2502052,-38.6161,-6.5323,-38.5101,-6.4213
2502102,-38.2611,-7.4882,-38.1,-7.3594
2502151,-36.3457,-7.3697,-36.0905,-7.152
2502201,-38.6729,-6.8784,-38.5709,-6.781
2502300,-38.0268,-6.5415,-37.8643,-6.3982
2502409,-38.5549,-7.3825,-38.4028,-7.1929
2502508,-36.2263,-7.6476,-36.0494,-7.3558
2502607,-38.2331,-7.235,-38.0505,-7.0823
2502706,-35.6442,-6.8121,-35.5303,-6.7706
2502805,-37.6133,-6.4219,-37.334,-6.2397
2502904,-37.9194,-6.4498,-37.7955,-6.3328
2503001,-34.9853,-7.5492,-34.8464,-7.406
2503100,-36.44,-7.5978,-36.1428,-7.3079
2503209,-34.868,-7.0999,-34.8252,-6.9624
2503308,-38.7656,-7.0462,-38.635,-6.8471
2503407,-37.2479,-7.2284,-37.0864,-7.0588
2503506,-35.877,-6.6915,-35.7318,-6.5447
2503555,-37.1759,-7.2565,-37.0147,-7.1554
2503605,-35.5109,-6.6762,-35.3259,-6.4896
2503704,-38.6758,-7.0605,-38.3869,-6.7979
2503753,-37.9204,-7.0231,-37.6771,-6.867
2503803,-35.3771,-7.1949,-35.2886,-7.0327
2503902,-36.9609,-8.037,-36.5726,-7.7759
2504009,-36.1239,-7.3871,-35.7043,-7.1542
2504033,-35.2317,-6.9524,-35.0987,-6.847
2504074,-36.621,-7.9248,-36.3994,-7.6251
2504108,-38.368,-7.1064,-38.2904,-6.9897
2504157,-35.9242,-6.8637,-35.7799,-6.6676
2504207,-37.7037,-7.3164,-37.4932,-6.9909
2504306,-37.8432,-6.4872,-37.5774,-6.1757
2504355,-36.1255,-7.4836,-35.9982,-7.3619
2504405,-38.683,-7.7218,-38.3964,-7.335
2504504,-37.6963,-7.0165,-37.5201,-6.7219
2504603,-34.9437,-7.388,-34.7945,-7.2122
2504702,-36.7653,-7.936,-36.5365,-7.6835
2504801,-38.0891,-7.1829,-37.8198,-6.9438
2504850,-36.7156,-7.7181,-36.5413,-7.5838
2504900,-35.1872,-7.2308,-35.0403,-7.0275
2505006,-36.4061,-6.9408,-36.2591,-6.7882
2505105,-36.242,-6.6806,-35.8654,-6.4051
2505204,-35.5651,-6.9237,-35.4714,-6.8668
2505238,-35.3174,-6.9562,-35.1746,-6.846
2505279,-35.3705,-6.7749,-35.2153,-6.6875
2505303,-38.2563,-7.6137,-38.0737,-7.4656
2505352,-36.0081,-6.7239,-35.866,-6.5629
2505402,-37.1809,-7.3834,-37.012,-7.2342
2505501,-37.6392,-6.8121,-37.5196,-6.7107
2505600,-38.4154,-7.5742,-38.2319,-7.3159
2505709,-35.7666,-6.6766,-35.5404,-6.541
2505808,-35.434,-6.7571,-35.3486,-6.6762
2505907,-37.8694,-7.1768,-37.6666,-7.0164
2506004,-35.9839,-7.0796,-35.7768,-6.9338
2506103,-35.8384,-7.4823,-35.7032,-7.3175
2506202,-36.531,-6.5206,-36.3437,-6.294
2506251,-35.8852,-7.6663,-35.7114,-7.4597
2506301,-35.539,-6.9636,-35.3804,-6.8124
2506400,-35.5403,-7.2568,-35.3406,-7.0327
2506509,-36.6083,-7.3522,-36.3261,-7.1821
2506608,-38.4914,-7.5949,-38.3098,-7.4194
2506707,-37.7391,-7.4891,-37.3846,-7.2948
2506806,-35.7431,-7.3858,-35.5371,-7.1694
2506905,-35.4339,-7.4428,-35.271,-7.2516
2507002,-38.3234,-7.3969,-38.0525,-7.1603
2507101,-35.3493,-6.8728,-35.1633,-6.7509
2507200,-35.7557,-7.4775,-35.5342,-7.3304
2507309,-35.3956,-6.6959,-35.1397,-6.512
2507408,-37.9022,-6.595,-37.7328,-6.4398
2507507,-34.9726,-7.2458,-34.7931,-7.056
2507606,-35.6277,-7.2037,-35.5151,-7.1208
2507705,-36.6756,-7.1887,-36.4723,-6.8941
2507804,-36.8754,-7.063,-36.6549,-6.9145
2507903,-35.2861,-7.3979,-35.1496,-7.2984
2508000,-37.9202,-7.6341,-37.7014,-7.3871
2508109,-37.9807,-6.6417,-37.782,-6.5247
2508208,-35.4145,-6.7499,-35.3196,-6.616
2508307,-35.9342,-7.2083,-35.7821,-7.0856
2508406,-38.2563,-6.622,-38.1202,-6.4833
2508505,-37.0532,-7.4038,-36.7666,-7.2489
2508554,-35.4542,-6.6303,-35.4046,-6.4866
2508604,-35.0025,-6.9781,-34.8539,-6.865
2508703,-37.5699,-7.3242,-37.3216,-7.1629
2508802,-37.5827,-7.0016,-37.453,-6.7694
2508901,-35.2316,-6.8991,-35.0876,-6.5051
2509008,-38.3168,-7.8342,-38.1039,-7.5705
2509057,-35.0923,-6.7973,-34.9248,-6.7046
2509107,-35.3771,-7.1189,-35.2484,-6.9561
2509156,-38.3786,-6.8863,-38.2904,-6.7672
2509206,-35.8416,-7.2819,-35.6776,-7.1038
2509305,-35.1362,-6.6252,-34.965,-6.4852
2509339,-35.8295,-7.1512,-35.7064,-7.0888
2509370,-37.8026,-6.6051,-37.6641,-6.4872
2509396,-37.409,-7.3567,-37.3048,-7.2281
2509404,-35.5614,-7.3942,-35.4002,-7.1977
2509503,-35.9851,-7.1127,-35.8952,-7.0685
2509602,-38.6442,-7.2519,-38.4061,-7.1674
2509701,-37.3574,-8.0598,-36.9253,-7.7169
2509800,-35.5142,-7.0739,-35.3155,-6.9286
2509909,-35.6566,-7.6625,-35.493,-7.4331
2510006,-38.4281,-7.0249,-38.2379,-6.8755
2510105,-36.2265,-6.5594,-36.1744,-6.4304
2510204,-38.08,-7.532,-37.9561,-7.3896
2510303,-36.5589,-6.7565,-36.2813,-6.5937
2510402,-37.9092,-7.4181,-37.5699,-7.1397
2510501,-36.3421,-7.1053,-36.1464,-6.8368
2510600,-37.1979,-7.698,-37.0793,-7.5166
2510659,-36.7772,-7.3929,-36.5558,-7.2623
2510709,-37.0973,-7.191,-36.9929,-7.0517
2510808,-37.5245,-7.1542,-37.1726,-6.9052
2510907,-37.791,-6.7317,-37.4647,-6.51
2511004,-38.1408,-7.5705,-38.0358,-7.357
2511103,-36.5437,-6.8562,-36.2502,-6.6787
2511202,-35.1976,-7.5,-34.9519,-7.2055
2511301,-38.0914,-7.3177,-37.7759,-7.0831
2511400,-36.4815,-6.6917,-36.2251,-6.2815
2511509,-35.3208,-7.364,-35.2193,-7.2048
2511608,-35.6572,-6.9217,-35.5649,-6.8393
2511707,-35.5878,-6.8865,-35.4856,-6.819
2511806,-35.5762,-6.8234,-35.409,-6.7525
2511905,-34.911,-7.5513,-34.8027,-7.3427
2512002,-36.2442,-7.2016,-35.9366,-6.9123
2512036,-38.6022,-6.4466,-38.4474,-6.3302
2512077,-38.5399,-6.6635,-38.4379,-6.5175
2512101,-38.0236,-7.0187,-37.6215,-6.6131
2512200,-37.161,-7.7817,-37.0042,-7.5942
2512309,-38.1039,-7.779,-37.8923,-7.5133
2512408,-36.0254,-7.1973,-35.9061,-7.1004
2512507,-36.021,-7.5161,-35.8199,-7.2802
2512606,-37.2302,-7.1086,-37.0071,-6.9831
2512705,-35.954,-7.0212,-35.7748,-6.8569
2512721,-35.3404,-6.7178,-35.2428,-6.6217
2512747,-35.7212,-6.5927,-35.5575,-6.492
2512754,-35.7043,-7.2713,-35.622,-7.2088
2512762,-35.3318,-7.1882,-35.2554,-7.1093
2512788,-36.1904,-7.7711,-36.0709,-7.5984
2512804,-37.7339,-6.5514,-37.4956,-6.3901
2512903,-35.134,-6.9401,-34.8987,-6.5954
2513000,-36.9319,-7.1631,-36.7444,-7.028
2513109,-35.5495,-7.485,-35.3586,-7.3182
2513158,-36.0227,-7.8138,-35.8253,-7.6514
2513208,-38.1544,-6.6222,-37.9596,-6.4409
2513307,-38.6737,-6.7979,-38.4843,-6.6269
2513356,-38.7183,-7.7571,-38.448,-7.5782
2513406,-37.0346,-7.0806,-36.7745,-6.7569
2513505,-38.4505,-7.7391,-38.1792,-7.5189
2513604,-38.0815,-7.4997,-37.8403,-7.2849
2513653,-38.5224,-6.53,-38.4491,-6.4133
2513703,-35.1579,-7.2829,-34.859,-6.9125
2513802,-37.5432,-7.2272,-37.3447,-6.9921
2513851,-36.7067,-7.321,-36.5253,-7.1294
2513901,-37.5936,-6.5335,-37.3812,-6.3904
2513927,-37.7852,-6.9963,-37.6263,-6.7992
2513943,-36.4781,-7.6749,-36.3022,-7.4775
2513968,-38.0229,-6.8731,-37.8734,-6.7333
2513984,-38.1075,-6.6936,-37.9688,-6.5814
2514008,-36.6299,-7.6531,-36.3309,-7.2964
2514107,-36.9685,-8.2993,-36.5726,-7.936
2514206,-38.2645,-7.0125,-38.0061,-6.8724
2514305,-38.423,-7.3408,-38.2476,-7.1544
2514404,-37.5537,-6.9401,-37.2125,-6.689
2514453,-35.4479,-7.2934,-35.2867,-7.1793
2514503,-38.6878,-7.2024,-38.2846,-6.9849
2514552,-38.1342,-7.8306,-38.0512,-7.5704
2514602,-37.3887,-7.2167,-37.2349,-7.0673
2514651,-37.4851,-6.3091,-37.2335,-6.1686
2514701,-36.9102,-6.9149,-36.7302,-6.7311
2514800,-37.026,-7.5388,-36.6738,-7.3202
2514909,-37.2346,-7.0619,-36.9335,-6.7933
2515005,-35.2416,-7.3112,-35.148,-7.1776
2515104,-35.8981,-7.1248,-35.812,-7.0512
2515203,-37.1636,-8.303,-36.8744,-8.0127
2515302,-35.2886,-7.1776,-35.1181,-6.9409
2515401,-36.5741,-6.9942,-36.3292,-6.8366
2515500,-36.8781,-7.728,-36.5301,-7.3825
2515609,-35.4982,-6.7405,-35.4141,-6.6676
2515708,-38.4233,-7.3117,-38.3139,-7.1636
2515807,-35.7121,-7.2189,-35.6051,-7.132
2515906,-35.7109,-6.8684,-35.5754,-6.8007
2515930,-35.4739,-6.767,-35.3714,-6.7076
2515971,-35.333,-7.2168,-35.1871,-7.1179
2516003,-35.808,-6.8332,-35.6417,-6.6553
2516102,-36.4899,-7.2226,-36.2183,-6.9525
2516151,-36.2609,-6.8368,-36.1062,-6.6411
2516201,-38.3608,-6.9106,-38.0899,-6.5941
2516300,-37.0802,-7.8412,-36.7266,-7.4543
2516409,-35.6528,-6.648,-35.4261,-6.4544
2516508,-37.0352,-7.3308,-36.6554,-7.1089
2516607,-37.9845,-7.6981,-37.7404,-7.4751
2516706,-37.3341,-7.3096,-37.1433,-7.1967
2516755,-36.7011,-7.0203,-36.552,-6.8748
2516805,-38.6491,-6.7063,-38.4962,-6.4927
2516904,-38.5016,-6.6008,-38.2802,-6.4034
2517001,-35.8395,-7.7496,-35.6195,-7.6169
2517100,-37.1522,-6.8748,-36.9527,-6.7075
2517209,-38.3504,-6.6459,-38.1971,-6.4803
2517407,-37.1581,-8.1274,-37.0217,-8.0237
2600054,-35.14,-7.936,-34.8608,-7.7923
2600104,-37.7092,-7.8946,-37.5219,-7.6076
2600203,-41.3583,-8.844,-40.7582,-8.3561
2600302,-36.0105,-8.5612,-35.8793,-8.3574
2600401,-35.6224,-8.8465,-35.34,-8.5056
2600500,-37.1983,-9.3175,-36.8656,-8.8858
2600609,-36.8263,-8.596,-36.6767,-8.4174
2600708,-35.2729,-7.714,-35.0972,-7.5005
2600807,-36.2671,-8.5939,-35.9686,-8.3614
2600906,-35.5629,-8.4562,-35.3735,-8.2611
2601003,-36.3423,-8.9532,-36.216,-8.7981
2601052,-35.14,-7.88,-35.0204,-7.7228
2601102,-40.7155,-7.9973,-40.2725,-7.3185
2601201,-37.149,-8.4987,-36.8969,-8.2531
2601300,-35.7003,-8.4935,-35.5495,-8.3583
2601409,-35.409,-8.8872,-35.1024,-8.7537
2601508,-35.8557,-8.6768,-35.7595,-8.523
2601607,-39.2727,-8.8047,-38.6292,-8.3305
2601706,-36.606,-8.4107,-36.2064,-8.1268
2601805,-38.195,-8.46,-37.7987,-8.0642
2601904,-35.921,-8.3858,-35.6303,-8.1041
2602001,-40.1571,-8.028,-39.7626,-7.3372
2602100,-36.8832,-9.3415,-36.4996,-9.0204
2602209,-35.7125,-7.8484,-35.4191,-7.6927
2602308,-35.8394,-8.5999,-35.5429,-8.3732
2602407,-36.6005,-9.1035,-36.4783,-8.9534
2602506,-37.4318,-7.3953,-37.2607,-7.2742
2602605,-36.444,-8.2362,-36.1067,-7.92
2602704,-35.4378,-7.7786,-35.2595,-7.6756
2602803,-37.3019,-8.9714,-36.9708,-8.4035
2602902,-35.266,-8.3667,-34.9244,-8.1841
2603009,-39.5693,-8.5928,-39.0465,-8.1824
2603108,-36.3611,-8.6147,-36.2176,-8.3817
2603207,-36.7802,-8.9068,-36.5401,-8.7239
2603306,-36.3824,-8.8334,-36.2494,-8.6353
2603405,-38.1681,-8.1336,-37.9394,-7.9045
2603454,-35.0367,-8.0379,-34.9612,-7.9251
2603504,-35.8462,-8.391,-35.7222,-8.2905
2603603,-35.3426,-7.4781,-35.2366,-7.4041
2603702,-36.2995,-9.0329,-36.0333,-8.7118
2603801,-36.7022,-8.7975,-36.487,-8.5577
2603900,-37.847,-7.9839,-37.6165,-7.6093
2603926,-38.9112,-8.6211,-38.5495,-8.2352
2604007,-35.4062,-7.8925,-35.2148,-7.7612
2604106,-36.1807,-8.3988,-35.8516,-7.9763
2604155,-35.7899,-7.8316,-35.6396,-7.6919
2604205,-35.8179,-8.801,-35.6418,-8.5793
2604304,-39.2831,-7.7893,-39.1026,-7.6648
2604403,-35.2591,-8.0588,-35.1652,-7.9558
2604502,-35.513,-8.3112,-35.4289,-8.1647
2604601,-35.1468,-7.6709,-35.0366,-7.536
2604700,-36.4652,-9.2251,-36.1957,-9.0186
2604809,-35.597,-8.5054,-35.4453,-8.3396
2604908,-35.8404,-8.1144,-35.6095,-7.9443
2605004,-35.9965,-8.6295,-35.8498,-8.5352
2605103,-37.894,-8.421,-37.5113,-7.8741
2605152,-40.8618,-8.6673,-40.3465,-8.2963
2605202,-35.3643,-8.4895,-35.1401,-8.2428
2605301,-39.9046,-7.707,-39.5459,-7.3251
2605400,-35.4573,-8.0034,-35.3045,-7.8906
2605459,-32.4762,-3.8814,-32.3778,-3.8046
2605509,-35.3186,-7.524,-35.1571,-7.421
2605608,-38.1056,-8.0843,-37.6915,-7.7662
2605707,-38.6942,-8.9873,-37.7851,-8.2534
2605806,-35.9714,-8.0062,-35.805,-7.8595
2605905,-35.4878,-8.725,-35.2647,-8.5089
2606002,-36.6371,-9.0896,-36.3665,-8.7835
2606101,-35.4667,-8.0817,-35.2246,-7.9363
2606200,-35.0778,-7.7147,-34.8067,-7.462
2606309,-39.8146,-7.9126,-39.5588,-7.6666
2606408,-35.6561,-8.3738,-35.4389,-8.0576
2606507,-37.0553,-9.383,-36.769,-8.8882
2606606,-37.905,-8.8245,-37.3685,-8.3182
2606705,-36.2928,-8.7124,-36.095,-8.5463
2606804,-35.0998,-7.9,-34.8407,-7.6907
2606903,-37.6208,-7.9916,-37.1707,-7.7049
2607000,-38.0247,-9.0197,-37.4985,-8.6044
2607109,-37.5223,-7.7961,-37.3237,-7.6256
2607208,-35.2381,-8.6094,-34.9567,-8.3099
2607307,-40.3454,-7.7029,-40.1039,-7.2992
2607406,-38.8573,-8.9187,-38.623,-8.621
2607505,-37.526,-9.2402,-37.0993,-8.8123
2607604,-34.8902,-7.8168,-34.8231,-7.6878
2607653,-35.335,-7.5473,-34.9854,-7.3748
2607703,-37.2828,-7.497,-36.9842,-7.273
2607752,-34.9433,-7.8081,-34.8624,-7.6824
2607802,-35.1216,-7.7445,-34.9242,-7.6183
2607901,-35.0971,-8.2424,-34.9088,-8.0558
2607950,-35.8626,-8.808,-35.7439,-8.6751
2608008,-36.6945,-8.2144,-36.3803,-7.8987
2608057,-38.3129,-9.3298,-38.0923,-9.104
2608107,-35.6949,-7.91,-35.5037,-7.7999
2608206,-35.591,-8.6588,-35.4865,-8.4847
2608255,-36.5173,-8.8026,-36.4009,-8.6578
2608305,-36.4482,-8.8064,-36.3288,-8.635
2608404,-36.2167,-8.8368,-36.0755,-8.6648
2608453,-35.4056,-7.8953,-35.2824,-7.8184
2608503,-35.3554,-7.9422,-35.241,-7.874
2608602,-36.5336,-9.2649,-36.4029,-9.0698
2608701,-35.9791,-8.7514,-35.8073,-8.6064
2608750,-40.4463,-9.1103,-40.0049,-8.4968
2608800,-36.3825,-8.7869,-36.1948,-8.562
2608909,-35.5287,-7.9611,-35.3531,-7.714
2609006,-35.504,-7.6164,-35.4052,-7.4534
2609105,-35.5494,-7.7496,-35.4457,-7.6508
2609154,-37.6999,-9.0038,-37.4117,-8.7815
2609204,-35.8472,-8.9172,-35.6732,-8.7503
2609303,-38.9373,-8.3108,-38.5259,-8.003
2609402,-35.2273,-8.2248,-35.0582,-8.0753
2609501,-35.3045,-7.8087,-35.1489,-7.6756
2609600,-34.9169,-8.0445,-34.828,-7.9547
2609709,-35.6815,-7.7824,-35.5118,-7.6451
2609808,-39.6855,-8.6597,-39.4761,-8.2494
2609907,-40.5757,-8.2263,-39.8534,-7.6771
2610004,-35.7209,-8.801,-35.5376,-8.5143
2610103,-36.3776,-9.0591,-36.1115,-8.9334
2610202,-36.1817,-8.7903,-35.948,-8.5337
2610301,-36.8781,-8.9565,-36.605,-8.8325
2610400,-40.2007,-8.4566,-39.3603,-7.8708
2610509,-35.6647,-8.1053,-35.4275,-7.9196
2610608,-35.2568,-7.9773,-35.0289,-7.7923
2610707,-35.031,-7.9808,-34.82,-7.8396
2610806,-37.0717,-8.9274,-36.748,-8.4174
2610905,-36.9284,-8.6702,-36.558,-8.1895
2611002,-38.5199,-9.1484,-38.0655,-8.6769
2611101,-40.959,-9.4829,-40.2081,-8.6235
2611200,-36.8181,-8.2853,-36.606,-8.151
2611309,-35.4793,-8.2993,-35.3178,-8.0796
2611408,-35.4665,-8.4378,-35.3319,-8.2502
2611507,-36.1255,-8.913,-35.9506,-8.7509
2611533,-37.9578,-7.803,-37.7573,-7.6255
2611606,-35.0167,-8.1551,-34.859,-7.9292
2611705,-35.9851,-8.2063,-35.7542,-7.969
2611804,-35.5063,-8.6307,-35.2644,-8.409
2611903,-35.3583,-8.741,-35.0954,-8.5858
2612000,-35.7581,-8.3876,-35.6142,-8.2031
2612109,-35.6811,-7.9469,-35.514,-7.8795
2612208,-39.3174,-8.3805,-38.8125,-7.771
2612307,-36.8651,-9.1132,-36.6258,-8.889
2612406,-36.6276,-8.5065,-36.4846,-8.2306
2612455,-40.4605,-8.5172,-40.0873,-8.0555
2612471,-38.2383,-7.9086,-38.1199,-7.7799
2612505,-36.4463,-7.9689,-36.1647,-7.8057
2612554,-40.784,-8.3899,-40.425,-8.0304
2612604,-40.1974,-9.0611,-39.6303,-8.3293
2612703,-35.9434,-7.8791,-35.822,-7.7663
2612802,-37.5217,-7.535,-37.3609,-7.3567
2612901,-35.9669,-8.8923,-35.845,-8.7417
2613008,-36.6165,-8.7039,-36.3069,-8.3746
2613107,-36.2321,-8.488,-36.0615,-8.1873
2613206,-36.4625,-8.9915,-36.306,-8.777
2613305,-35.9227,-8.5931,-35.7481,-8.3734
2613404,-35.2638,-8.914,-35.1291,-8.8295
2613503,-38.9655,-8.1452,-38.5553,-7.6219
2613602,-37.4497,-7.7173,-37.0257,-7.3542
2613701,-35.2223,-8.0926,-34.9933,-7.9402
2613800,-35.5379,-7.6927,-35.4449,-7.5125
2613909,-38.6276,-8.4416,-38.0268,-7.6772
2614006,-39.5913,-8.0609,-39.1159,-7.6081
2614105,-37.6192,-8.4593,-37.0206,-7.9404
2614204,-35.2807,-8.6908,-35.02,-8.4752
2614303,-39.6177,-7.766,-39.3919,-7.4641
2614402,-37.7457,-7.6392,-37.5588,-7.5231
2614501,-35.8459,-7.9788,-35.651,-7.8034
2614600,-37.6199,-7.7188,-37.4149,-7.4395
2614709,-36.3611,-8.4539,-36.1849,-8.2256
2614808,-38.2361,-9.1742,-37.8253,-8.6523
2614857,-35.3614,-8.8065,-35.0785,-8.6861
2615003,-36.2664,-8.0047,-36.002,-7.7641
2615102,-36.7068,-9.1279,-36.533,-9.0204
2615201,-39.5479,-8.2596,-39.2913,-8.0429
2615300,-35.4344,-7.6201,-35.2081,-7.4219
2615409,-36.1012,-8.0222,-36.0088,-7.9793
2615508,-35.2522,-7.8265,-35.0907,-7.657
2615607,-40.36,-7.8487,-40.237,-7.5621
2615706,-38.1499,-7.937,-37.9996,-7.7481
2615805,-37.4117,-8.9603,-37.0782,-8.3881
2615904,-37.3768,-7.8002,-37.1389,-7.595
2616001,-36.9124,-8.7319,-36.69,-8.4177
2616100,-39.1036,-8.094,-38.8705,-7.8122
2616183,-35.8834,-7.8151,-35.7518,-7.7399
2616209,-36.0709,-7.9901,-35.9104,-7.7873
2616308,-35.4629,-7.7405,-35.2541,-7.5913
2616407,-35.4296,-8.3077,-35.1976,-8.0189
2616506,-35.7233,-8.9095,-35.5825,-8.7756
2700102,-38.0121,-9.4066,-37.7681,-9.0974
2700201,-36.3942,-9.7385,-36.2394,-9.5923
2700300,-36.7545,-9.8818,-36.5414,-9.6354
2700409,-36.2268,-9.6187,-35.9288,-9.3745
2700508,-35.6905,-9.4426,-35.4725,-9.3143
2700607,-36.0282,-9.8559,-35.8553,-9.7671
2700706,-37.2201,-9.8077,-36.9936,-9.6074
2700805,-36.5379,-9.6185,-36.4468,-9.4991
2700904,-37.3102,-9.9138,-37.0402,-9.7102
2701001,-36.2548,-9.7321,-36.0686,-9.5935
2701100,-36.2008,-9.281,-35.8886,-9.1383
2701209,-37.0398,-9.5466,-36.8265,-9.3593
2701308,-36.2111,-9.4729,-36.1202,-9.3053
2701357,-35.5857,-8.9505,-35.491,-8.8211
2701407,-36.401,-9.9347,-36.1783,-9.7044
2701506,-36.8433,-10.0457,-36.6731,-9.8826
2701605,-37.6825,-9.2884,-37.3938,-8.9654
2701704,-36.2008,-9.4729,-35.9953,-9.2188
2701803,-37.4469,-9.5248,-37.2671,-9.4154
2701902,-36.3559,-9.3124,-36.2008,-9.1724
2702009,-36.6311,-9.7005,-36.5361,-9.5636
2702108,-35.8353,-9.0297,-35.6461,-8.8474
2702207,-35.8677,-9.6806,-35.7691,-9.6001
2702306,-36.4527,-10.2641,-36.0308,-9.9337
2702355,-36.9048,-9.7296,-36.6802,-9.5502
2702405,-38.2376,-9.549,-37.8722,-9.2501
2702504,-37.1489,-9.4606,-36.9796,-9.3071
2702553,-36.8458,-9.509,-36.6997,-9.2715
2702603,-36.7527,-9.9854,-36.5913,-9.8042
2702702,-36.3987,-10.3477,-36.2596,-10.2303
2702801,-35.8886,-9.3896,-35.6865,-9.1236
2702900,-36.9692,-9.9604,-36.7435,-9.6257
2703007,-35.9884,-9.068,-35.8266,-8.8543
2703106,-36.8416,-9.6556,-36.5329,-9.4821
2703205,-36.7447,-10.2716,-36.4914,-10.0343
2703304,-37.8334,-9.4088,-37.5861,-9.179
2703403,-37.3031,-9.7363,-37.1528,-9.5723
2703502,-35.5483,-8.9685,-35.3419,-8.8131
2703601,-35.3384,-9.157,-35.2398,-9.0285
2703700,-37.0597,-9.7214,-36.8874,-9.5992
2703759,-36.281,-10.0511,-35.9627,-9.8007
2703809,-35.8886,-9.1599,-35.5801,-8.9843
2703908,-35.5908,-9.0174,-35.4539,-8.9053
2704005,-36.5532,-9.971,-36.3131,-9.7774
2704104,-36.7746,-9.8819,-36.6891,-9.7074
2704203,-36.5837,-9.8391,-36.3427,-9.6517
2704302,-35.8144,-9.7131,-35.5585,-9.371
2704401,-37.153,-9.6298,-36.8313,-9.4143
2704500,-35.3721,-9.0732,-35.1519,-8.8607
2704609,-37.5882,-9.3325,-37.2288,-9.1525
2704708,-36.0376,-9.8119,-35.7824,-9.6254
2704807,-36.3873,-9.6233,-36.1917,-9.4843
2704906,-36.4684,-9.5112,-36.3394,-9.4244
2705002,-37.9516,-9.2212,-37.5191,-8.8464
2705101,-35.7137,-9.1913,-35.4348,-9.0241
2705200,-35.8774,-9.4167,-35.769,-9.2645
2705309,-36.9384,-9.3978,-36.7968,-9.2681
2705408,-37.3585,-9.6453,-37.2361,-9.5361
2705507,-36.065,-9.4167,-35.8301,-9.1383
2705606,-35.717,-9.0488,-35.5545,-8.8419
2705705,-37.3803,-9.6175,-37.1199,-9.4565
2705804,-37.8958,-9.5794,-37.72,-9.2888
2705903,-36.8748,-10.1241,-36.714,-10.0023
2706000,-37.2703,-9.5613,-37.1031,-9.4323
2706109,-37.4363,-9.1971,-37.2785,-9.0268
2706208,-37.3495,-9.736,-37.2405,-9.636
2706307,-36.7239,-9.5309,-36.4518,-9.293
2706406,-37.6722,-9.8316,-37.2405,-9.4966
2706422,-38.1564,-9.3361,-37.9596,-9.1552
2706448,-35.6766,-9.4875,-35.5246,-9.398
2706505,-35.6171,-9.358,-35.3868,-9.1352
2706604,-36.4867,-9.4529,-36.3399,-9.2867
2706703,-36.6599,-10.4319,-36.3357,-10.0323
2706802,-36.5085,-10.5004,-36.2933,-10.3029
2706901,-36.1818,-9.7014,-35.8681,-9.528
2707008,-36.3554,-9.5224,-36.2073,-9.4261
2707107,-37.8451,-9.6782,-37.637,-9.3344
2707206,-37.5882,-9.3623,-37.1586,-9.2155
2707305,-35.5664,-9.1473,-35.301,-8.9207
2707404,-35.5265,-9.2312,-35.2898,-9.0671
2707503,-36.8504,-10.2649,-36.6423,-9.9655
2707602,-36.625,-9.4063,-36.3243,-9.2121
2707701,-35.9597,-9.5888,-35.7695,-9.3756
2707800,-36.0442,-9.9407,-35.9035,-9.8078
2707909,-35.8676,-9.6422,-35.7935,-9.5783
2708006,-37.4453,-9.4497,-37.0572,-9.2387
2708105,-36.292,-9.2188,-36.1108,-9.0279
2708204,-36.9477,-10.1784,-36.77,-10.0471
2708303,-36.1437,-9.0733,-35.9524,-8.904
2708402,-37.6763,-9.6499,-37.3136,-9.409
2708501,-35.7251,-9.3706,-35.513,-9.1003
2708600,-36.2471,-9.8829,-35.9875,-9.6735
2708709,-35.4763,-9.2863,-35.3379,-9.1906
2708808,-36.6522,-10.0711,-36.455,-9.8391
2708907,-35.8872,-9.6263,-35.7967,-9.5315
2708956,-37.6544,-9.4763,-37.3396,-9.2959
2709004,-36.4884,-9.6484,-36.3504,-9.4855
2709103,-36.5757,-9.6923,-36.3883,-9.5329
2709152,-36.4885,-10.0403,-36.2773,-9.8744
2709202,-37.1338,-10.0772,-36.7982,-9.6929
2709301,-36.2008,-9.2188,-35.8605,-9.031
2709400,-36.3894,-9.4646,-36.1544,-9.2188
2800100,-36.9434,-10.2275,-36.8826,-10.1207
2800209,-37.1658,-10.375,-36.929,-10.1631
2800308,-37.1737,-11.1616,-37.0335,-10.8625
2800407,-37.6831,-11.3555,-37.506,-11.1659
2800506,-37.4069,-10.8526,-37.2445,-10.7202
2800605,-37.0445,-10.9573,-36.8527,-10.7381
2800670,-37.7068,-11.2035,-37.5287,-10.9962
2800704,-36.5856,-10.5385,-36.3959,-10.4085
2801009,-37.595,-10.8817,-37.4022,-10.6809
2801108,-37.1504,-10.2357,-36.918,-10.0696
2801207,-38.0617,-9.9432,-37.6659,-9.515
2801306,-37.1387,-10.6413,-36.935,-10.3254
2801405,-37.8596,-10.5173,-37.5755,-10.1878
2801504,-37.0119,-10.705,-36.8998,-10.631
2801603,-36.9524,-10.3242,-36.8444,-10.2228
2801702,-37.8331,-11.5686,-37.6323,-11.3991
2801900,-37.2929,-10.4194,-37.1073,-10.2384
2802007,-37.2073,-10.7514,-37.0882,-10.6076
2802106,-37.5562,-11.4586,-37.2602,-11.053
2802205,-37.3971,-10.3855,-37.2395,-10.2108
2802304,-37.7226,-10.6458,-37.4745,-10.3705
2802403,-37.4201,-10.1713,-36.9535,-9.8934
2802502,-37.0164,-10.7127,-36.9166,-10.6758
2802601,-37.3323,-10.3422,-37.1361,-10.1357
2802700,-36.6002,-10.4997,-36.4841,-10.4157
2802809,-37.6527,-11.5522,-37.3677,-11.3889
2802908,-37.5305,-10.8313,-37.3205,-10.5665
2803005,-37.9362,-11.4115,-37.6623,-11.1316
2803104,-37.233,-10.1748,-37.062,-10.0257
2803203,-37.5036,-11.2896,-37.1545,-10.8258
2803302,-37.0113,-10.6769,-36.7813,-10.3959
2803401,-36.9031,-10.5913,-36.7025,-10.2826
2803500,-37.8758,-11.0675,-37.4556,-10.6964
2803609,-37.3177,-10.8552,-37.0649,-10.7514
2803708,-37.6686,-10.7173,-37.5007,-10.6047
2803807,-37.0093,-10.3934,-36.9007,-10.2761
2803906,-37.3363,-10.7407,-37.2228,-10.601
2804003,-37.1614,-10.7863,-37.0512,-10.6551
2804102,-37.3945,-10.6574,-37.248,-10.5389
2804201,-37.802,-10.1446,-37.4124,-9.9979
2804300,-37.0181,-10.451,-36.903,-10.3023
2804409,-36.8054,-10.4968,-36.5567,-10.2546
2804458,-37.6114,-10.4618,-37.4033,-10.2402
2804508,-37.7864,-10.3082,-37.3141,-10.0622
2804607,-37.3598,-10.6246,-37.1084,-10.2977
2804706,-37.068,-10.1373,-36.9484,-10.0228
2804805,-37.3184,-10.9287,-37.0284,-10.8181
2804904,-36.7576,-10.6308,-36.4846,-10.3997
2805000,-37.7197,-10.7178,-37.6403,-10.5319
2805109,-37.7045,-11.2393,-37.5961,-11.1712
2805208,-37.8413,-10.6454,-37.6886,-10.5067
2805307,-36.9235,-10.7442,-36.6729,-10.5749
2805406,-37.9134,-10.0366,-37.466,-9.6659
2805505,-38.245,-10.943,-37.9694,-10.7007
2805604,-37.6662,-10.0622,-37.2263,-9.748
2805703,-36.8677,-10.2984,-36.7016,-10.1762
2805802,-37.9729,-11.1743,-37.6117,-10.8634
2805901,-37.2831,-10.7784,-37.1597,-10.6743
2806008,-37.5475,-10.5943,-37.3196,-10.4018
2806107,-37.0919,-10.748,-36.9499,-10.6151
2806206,-37.5544,-11.1659,-37.3888,-10.9603
2806305,-37.6921,-11.4508,-37.3778,-11.29
2806404,-36.6837,-10.3211,-36.5873,-10.2519
2806503,-37.2964,-10.6781,-37.179,-10.5866
2806602,-37.0894,-10.8864,-36.867,-10.6856
2806701,-37.3351,-11.1054,-37.0914,-10.8322
2806800,-37.6335,-10.8453,-37.4963,-10.694
2806909,-36.9158,-10.4026,-36.8074,-10.2619
2807006,-37.413,-10.4916,-37.2746,-10.2457
2807105,-37.9729,-10.8898,-37.6739,-10.5914
2807204,-37.2073,-10.6516,-37.0643,-10.4701
2807303,-36.9434,-10.2282,-36.8449,-10.1465
2807402,-38.1865,-11.3479,-37.7934,-10.8149
2807501,-37.9822,-11.4827,-37.7606,-11.2693
2807600,-37.7301,-11.4848,-37.6024,-11.3081
2900108,-41.9187,-13.4282,-41.5901,-13.1684
2900207,-39.4916,-9.1573,-39.0645,-8.5464
2900306,-38.0819,-11.7686,-37.9118,-11.5831
2900355,-38.1498,-10.7209,-37.9027,-10.4329
2900405,-38.8687,-11.954,-38.5421,-11.6901
2900504,-42.2144,-13.6245,-41.9091,-13.2263
2900603,-39.9495,-14.1837,-39.7937,-14.0111
2900702,-38.5867,-12.2852,-38.273,-11.9274
2900801,-39.6323,-17.6856,-39.1373,-17.2538
2900900,-39.7584,-14.7889,-39.5693,-14.6017
2901007,-39.8013,-13.1533,-39.4687,-12.9132
2901106,-38.8139,-12.5131,-38.6378,-12.3642
2901155,-41.7005,-11.6161,-41.3558,-11.183
2901205,-41.2296,-14.8537,-40.6146,-14.3627
2901304,-41.4392,-13.1292,-40.9635,-12.4589
2901353,-40.0578,-10.563,-39.7138,-9.9389
2901403,-44.9348,-12.173,-44.3454,-11.7473
2901502,-39.2861,-12.2636,-39.0767,-12.0947
2901601,-38.4214,-10.4816,-38.1498,-10.3078
2901700,-39.2454,-12.4983,-39.0501,-12.2704
2901809,-40.5492,-10.713,-40.1608,-10.5006
2901908,-38.3124,-11.8922,-38.0491,-11.6088
2901957,-39.8515,-13.9127,-39.68,-13.7111
2902005,-41.6376,-14.5585,-41.0678,-14.1003
2902054,-38.3556,-12.2784,-38.066,-12.0104
2902104,-39.3107,-11.4935,-38.7741,-10.9865
2902203,-38.6313,-12.1937,-38.4337,-11.9333
2902252,-39.5788,-15.3526,-39.2982,-15.1131
2902302,-39.2016,-13.1445,-38.956,-13.0379
2902401,-39.6966,-14.46,-39.2907,-14.267
2902500,-44.7418,-13.1183,-44.1519,-12.2223
2902609,-40.3566,-12.1547,-39.955,-11.8098
2902658,-38.7867,-10.7272,-38.5465,-10.4794
2902708,-44.0259,-11.9315,-42.6192,-10.237
2902807,-41.4874,-13.891,-40.7148,-13.4702
2902906,-40.7402,-15.0764,-40.4089,-14.7564
2903003,-42.36,-12.2915,-41.9439,-11.714
2903102,-39.6698,-14.2189,-39.5188,-13.9321
2903201,-46.4798,-12.4271,-44.5798,-11.5996
2903235,-42.0215,-11.9912,-41.6799,-11.7087
2903276,-39.1611,-11.6329,-39.0213,-11.4208
2903300,-39.5606,-14.8512,-39.3435,-14.6974
2903409,-39.5728,-16.1322,-38.8528,-15.7667
2903508,-41.3331,-15.2103,-41.0866,-14.7109
2903607,-38.8894,-11.7757,-38.6742,-11.3654
2903706,-40.5052,-14.521,-40.0357,-14.2239
2903805,-41.02,-13.0475,-40.3587,-12.4378
2903904,-43.7061,-13.8762,-42.9094,-12.6892
2903953,-40.7437,-14.4641,-40.3934,-14.2986
2904001,-42.0333,-12.9949,-41.6038,-12.6576
2904050,-41.4557,-12.1684,-41.1884,-11.7702
2904100,-42.9333,-12.9504,-42.4949,-12.5008
2904209,-42.6824,-13.4599,-42.4059,-13.1828
2904308,-39.9681,-13.2055,-39.6972,-12.9331
2904407,-44.1175,-12.7048,-43.4436,-12.2317
2904506,-42.8612,-12.4826,-42.0878,-11.729
2904605,-42.087,-14.5092,-41.3184,-13.9165
2904704,-39.3667,-15.084,-39.1597,-14.9088
2904753,-44.0834,-10.9092,-43.3713,-10.2344
2904803,-40.5509,-15.1073,-40.1375,-14.8528
2904852,-39.3185,-12.6585,-39.0579,-12.4932
2904902,-39.009,-12.8391,-38.7935,-12.5154
2905008,-42.5243,-14.6313,-42.1505,-14.3517
2905107,-40.4817,-11.2288,-39.9902,-11.0494
2905156,-41.1089,-14.4416,-40.696,-14.1645
2905206,-42.7999,-14.4097,-42.1269,-13.5627
2905305,-41.6223,-11.8683,-41.3642,-11.5588
2905404,-39.0932,-13.6774,-38.891,-13.3721
2905503,-40.3895,-11.1626,-39.9902,-10.9106
2905602,-39.6433,-15.6145,-39.3637,-15.2686
2905701,-38.3758,-12.8807,-38.0302,-12.453
2905800,-39.3587,-14.1551,-38.9379,-13.8352
2905909,-43.606,-9.8269,-42.6884,-9.2608
2906006,-41.2779,-10.6835,-40.2273,-9.8363
2906105,-44.3421,-13.2304,-44.0976,-12.9698
2906204,-41.8614,-11.9216,-41.5891,-11.6092
2906303,-39.3683,-15.8504,-38.8936,-15.3715
2906402,-39.3077,-11.9908,-39.0607,-11.7682
2906501,-38.561,-12.7915,-38.3919,-12.5888
2906600,-42.9551,-14.5617,-42.7045,-14.2964
2906709,-41.4584,-15.545,-41.0314,-15.1187
2906808,-39.7729,-11.0004,-39.2108,-10.5386
2906824,-39.2668,-10.3805,-38.5758,-9.6257
2906857,-39.9686,-11.8254,-39.6815,-11.4782
2906873,-40.1448,-11.4495,-39.8618,-11.15
2906899,-41.4626,-14.8266,-41.0688,-14.4382
2906907,-40.2569,-17.9817,-38.6916,-17.4066
2907004,-38.0233,-12.1572,-37.8647,-11.9338
2907103,-44.1114,-14.3392,-43.5866,-13.7084
2907202,-41.9031,-9.7701,-40.6672,-8.7038
2907301,-39.5058,-12.9016,-39.2259,-12.5471
2907400,-44.9273,-12.4088,-44.4661,-12.1441
2907509,-38.539,-12.4323,-38.2722,-12.2187
2907558,-42.4458,-13.4022,-42.1581,-13.0597
2907608,-42.2583,-11.2612,-41.9263,-11.0222
2907707,-39.4466,-9.6457,-38.9524,-8.7316
2907806,-38.6561,-10.7095,-38.2199,-10.3334
2907905,-38.6168,-11.1696,-38.4332,-11.019
2908002,-39.7291,-14.7844,-39.5099,-14.5476
2908101,-46.1208,-15.2647,-44.3781,-13.8247
2908200,-39.0885,-12.5691,-38.877,-12.4397
2908309,-39.3562,-12.9774,-39.1175,-12.7412
2908408,-39.4864,-11.7639,-39.1195,-11.269
2908507,-38.8487,-12.3731,-38.6553,-12.2812
2908606,-37.8659,-12.099,-37.5128,-11.6294
2908705,-42.2931,-15.1871,-41.8061,-14.6602
2908804,-41.2416,-14.0494,-40.9102,-13.6091
2908903,-38.8919,-12.3388,-38.6582,-12.0957
2909000,-42.0701,-15.1757,-41.7809,-14.8873
2909109,-44.7995,-14.048,-44.0034,-13.5096
2909208,-38.1096,-10.4487,-37.7433,-10.1235
2909307,-46.2815,-14.0101,-44.3288,-12.9893
2909406,-44.6854,-12.1283,-43.837,-11.3457
2909505,-39.8774,-13.5204,-39.6952,-13.337
2909604,-38.3017,-11.6474,-37.9801,-11.3512
2909703,-44.5354,-12.3114,-43.9572,-12.0464
2909802,-39.2116,-12.7418,-39.0437,-12.6298
2909901,-39.986,-9.8438,-39.3512,-8.5328
2910008,-40.1038,-14.5398,-39.8224,-14.2435
2910057,-38.4089,-12.6771,-38.1316,-12.5357
2910107,-41.8642,-14.001,-41.5592,-13.6613
2910206,-39.2289,-12.9663,-39.1197,-12.849
2910305,-39.6228,-13.0222,-39.4587,-12.8539
2910404,-41.3619,-15.772,-40.5117,-15.2977
2910503,-38.2828,-12.4082,-37.7611,-11.7828
2910602,-38.1476,-12.2387,-37.6857,-11.6771
2910701,-39.2609,-10.6778,-38.5763,-10.2562
2910727,-39.8645,-16.5478,-39.3824,-16.0768
2910750,-38.2884,-10.7182,-38.1301,-10.4573
2910776,-44.4687,-14.2861,-44.029,-13.9264
2910800,-39.2967,-12.4185,-38.8112,-11.9814
2910859,-40.2826,-10.8599,-39.9954,-10.6086
2910909,-39.9766,-15.037,-39.8626,-14.8095
2911006,-39.8023,-14.9732,-39.6368,-14.7168
2911105,-46.5773,-11.606,-44.9419,-10.108
2911204,-39.5653,-13.8922,-39.3799,-13.7109
2911253,-39.9029,-11.5917,-39.6193,-11.3944
2911303,-42.9126,-11.7754,-42.2957,-11.0016
2911402,-38.6399,-9.5304,-38.2149,-8.957
2911501,-39.6966,-14.3696,-39.4403,-14.1844
2911600,-39.1786,-12.6353,-38.9905,-12.5405
2911659,-42.1783,-14.7402,-41.7933,-14.4194
2911709,-43.0701,-14.3961,-42.5801,-13.9824
2911808,-40.314,-16.7809,-39.6482,-16.2441
2911857,-38.3772,-10.8761,-38.2049,-10.6359
2911907,-40.4886,-13.0915,-39.787,-12.5124
2912004,-42.4632,-14.3923,-42.1722,-14.1707
2912103,-39.6643,-14.9285,-39.4714,-14.7697
2912202,-41.5474,-13.5237,-41.1047,-13.2244
2912301,-40.046,-14.9749,-39.6961,-14.3475
2912400,-42.3617,-11.8061,-41.9114,-11.2612
2912509,-42.5298,-13.049,-42.1677,-12.6871
2912608,-41.0074,-12.793,-40.7563,-12.451
2912707,-39.5335,-14.2415,-39.3303,-13.8759
2912806,-40.2402,-17.8567,-39.7125,-17.6225
2912905,-39.7102,-14.1321,-39.5097,-13.8572
2913002,-42.6557,-12.7285,-41.9838,-12.3769
2913101,-42.0444,-11.7597,-41.7714,-11.3812
2913200,-43.386,-12.3811,-42.9624,-11.5606
2913309,-39.2532,-11.7858,-39.0607,-11.6461
2913408,-42.9516,-14.0372,-42.5112,-13.6306
2913457,-39.4127,-14.0501,-38.9678,-13.7175
2913507,-40.2294,-14.8186,-39.8731,-14.479
2913606,-39.5506,-15.1123,-38.9961,-14.4196
2913705,-38.6049,-11.9699,-38.1853,-11.5574
2913804,-39.4384,-12.4363,-39.2294,-12.1821
2913903,-39.8312,-14.1847,-39.6527,-13.8916
2914000,-40.141,-12.5216,-39.3974,-11.8983
2914109,-42.7722,-11.966,-42.2449,-11.7084
2914208,-40.1687,-13.344,-39.9137,-13.107
2914307,-41.2583,-13.8505,-40.6556,-13.2296
2914406,-41.8099,-12.4132,-41.3549,-12.108
2914505,-38.8418,-12.167,-38.6577,-11.9403
2914604,-41.9715,-11.3921,-41.7297,-11.2233
2914653,-39.6984,-16.8732,-39.3374,-16.4591
2914703,-40.5754,-12.7922,-39.9257,-12.255
2914802,-39.4189,-15.0332,-39.1902,-14.6906
2914901,-39.3343,-14.4889,-38.9799,-14.2174
2915007,-41.2831,-13.2994,-40.751,-12.8881
2915106,-40.1129,-14.2891,-39.9354,-14.0491
2915205,-40.0055,-14.3876,-39.664,-14.1021
2915304,-39.9365,-16.2857,-39.4681,-15.9687
2915353,-42.5402,-11.29,-41.822,-10.1851
2915403,-39.9132,-15.3861,-39.5659,-14.9344
2915502,-39.5333,-14.7668,-39.2908,-14.5476
2915601,-40.0799,-17.2424,-39.4372,-16.7288
2915700,-39.7408,-13.8716,-39.5951,-13.6886
2915809,-40.8476,-15.3198,-40.094,-15.0047
2915908,-38.1742,-12.4624,-37.9134,-12.1345
2916005,-40.5792,-17.2837,-40.1178,-16.8768
2916104,-38.723,-12.9405,-38.5611,-12.8006
2916203,-39.6784,-15.0788,-39.3551,-14.8372
2916302,-39.9513,-16.0944,-39.3867,-15.7416
2916401,-40.3791,-15.5359,-39.7658,-15.0963
2916500,-38.4451,-11.4651,-37.9733,-10.9192
2916609,-39.7354,-14.5618,-39.475,-14.3696
2916708,-40.0059,-13.5636,-39.7716,-13.3149
2916807,-40.2422,-16.0056,-39.8433,-15.3604
2916856,-39.8557,-12.8873,-39.6344,-12.5483
2916906,-40.2349,-13.669,-40.0717,-13.3372
2917003,-40.0589,-10.9656,-39.6243,-10.4199
2917102,-40.1413,-15.1256,-39.8917,-14.9497
2917201,-41.6081,-14.092,-41.2051,-13.6602
2917300,-39.3176,-13.8477,-38.9722,-13.6508
2917334,-43.7218,-14.8155,-43.3738,-14.1661
2917359,-46.2307,-14.8753,-44.2249,-13.3959
2917409,-42.6241,-15.0142,-42.0465,-14.597
2917508,-40.9312,-11.3891,-40.084,-10.7751
2917607,-40.1506,-13.786,-39.7133,-13.307
2917706,-40.4172,-10.371,-39.7383,-9.7405
2917805,-39.3119,-13.2597,-38.7515,-12.9168
2917904,-37.8289,-11.7724,-37.3411,-11.4418
2918001,-40.5381,-14.2669,-39.705,-13.63
2918100,-38.9317,-10.3222,-38.0779,-9.6468
2918209,-39.6493,-13.4826,-39.5258,-13.1716
2918308,-39.9754,-14.06,-39.7592,-13.8476
2918357,-41.7515,-11.4139,-41.3646,-11.0066
2918407,-40.8138,-9.9735,-39.8608,-9.0544
2918456,-40.4044,-17.0825,-39.7592,-16.6729
2918506,-42.0889,-11.1817,-41.6449,-10.6977
2918555,-39.5936,-15.2876,-39.3918,-15.0119
2918605,-41.7745,-13.6684,-41.4319,-13.3246
2918704,-40.4998,-13.7281,-40.0948,-13.518
2918753,-42.3763,-14.2009,-41.9943,-13.8607
2918803,-39.5494,-13.2954,-39.1221,-13.0685
2918902,-40.4891,-17.7349,-40.1203,-17.3956
2919009,-41.207,-12.5045,-40.6865,-12.2606
2919058,-40.4398,-13.6131,-40.1506,-13.2823
2919108,-38.986,-11.8996,-38.8339,-11.6964
2919157,-41.9426,-11.6827,-41.6224,-11.3611
2919207,-38.374,-12.9109,-38.2752,-12.8092
2919306,-41.4877,-12.7122,-41.1441,-12.1487
2919405,-42.5871,-14.8267,-42.3239,-14.3996
2919504,-42.3388,-14.0738,-41.7476,-13.5267
2919553,-46.4103,-12.5328,-45.661,-11.8644
2919603,-40.4653,-12.2513,-40.0328,-11.9768
2919702,-40.7006,-15.8037,-40.1356,-15.2739
2919801,-42.9808,-13.4786,-42.3694,-12.8679
2919900,-39.1704,-9.6547,-38.6473,-8.8704
2919926,-38.6952,-12.7541,-38.5879,-12.7263
2919959,-41.6648,-14.824,-41.3876,-14.5092
2920007,-40.45,-15.8243,-40.1332,-15.4763
2920106,-40.3707,-11.8504,-39.9071,-11.5872
2920205,-43.8872,-14.7163,-43.4388,-13.5424
2920304,-41.9861,-14.4761,-41.6937,-14.2277
2920403,-40.9501,-14.3105,-40.1753,-13.8285
2920452,-44.4958,-11.4936,-43.8299,-10.5891
2920502,-40.7846,-13.8893,-40.2778,-13.1826
2920601,-39.0752,-12.956,-38.8008,-12.695
2920700,-39.4472,-14.2907,-38.9277,-13.8724
2920809,-40.9197,-13.3675,-40.4155,-12.9418
2920908,-39.5729,-15.8499,-39.2616,-15.4562
2921005,-38.3848,-12.6117,-37.8916,-12.3715
2921054,-43.1388,-13.9765,-42.7728,-13.7342
2921104,-40.6235,-17.4994,-39.9334,-17.2296
2921203,-40.9461,-11.6324,-40.3088,-11.2117
2921302,-39.9281,-13.013,-39.6377,-12.7534
2921401,-41.1158,-11.0494,-40.4444,-10.5906
2921450,-41.0407,-14.3376,-40.3853,-13.9063
2921500,-39.7686,-10.6969,-39.143,-10.0644
2921609,-43.2924,-12.0195,-42.7366,-11.4833
2921708,-41.6628,-12.0164,-40.7026,-10.735
2921807,-42.479,-15.1179,-42.1747,-14.8191
2921906,-41.6997,-13.4259,-41.1848,-12.7083
2922003,-40.2656,-18.3486,-39.4912,-17.7304
2922052,-41.6892,-12.1684,-41.3549,-11.8324
2922102,-40.909,-12.1257,-40.2745,-11.616
2922201,-39.153,-13.0657,-39.0255,-12.9472
2922250,-43.9292,-12.6908,-43.1876,-11.7342
2922300,-39.1786,-12.6545,-38.9714,-12.5883
2922409,-39.6013,-13.4804,-39.4261,-13.1725
2922508,-39.0525,-13.062,-38.883,-12.8312
2922607,-39.4468,-13.737,-38.9626,-13.5633
2922656,-39.5912,-11.0096,-39.3258,-10.7487
2922706,-40.3228,-15.045,-40.0247,-14.656
2922730,-39.7656,-11.7281,-39.535,-11.5051
2922755,-39.68,-13.9201,-39.4881,-13.7194
2922805,-40.2,-13.2156,-39.8995,-12.8746
2922854,-41.2598,-12.9243,-40.9673,-12.6211
2922904,-38.7741,-11.4918,-38.3717,-11.149
2923001,-40.0684,-18.0009,-39.2071,-17.773
2923035,-42.265,-13.0183,-42.0128,-12.715
2923050,-38.5866,-10.4542,-38.3398,-10.2764
2923100,-38.4991,-11.6262,-38.2121,-11.2636
2923209,-43.1437,-12.5698,-42.321,-11.941
2923308,-38.725,-12.0854,-38.5796,-11.9333
2923357,-41.4611,-11.0247,-40.8762,-10.6425
2923407,-43.4877,-14.4967,-42.918,-13.8935
2923506,-41.6841,-12.7133,-41.4394,-12.3548
2923605,-42.463,-13.7254,-42.0188,-13.2695
2923704,-43.2876,-13.1813,-42.8786,-12.31
2923803,-38.0421,-10.7581,-37.803,-10.4402
2923902,-39.8419,-15.6377,-39.5478,-15.2815
2924009,-38.5489,-9.7125,-37.9979,-9.3529
2924058,-39.7484,-12.0611,-39.4673,-11.7248
2924108,-38.733,-12.1956,-38.5704,-12.0533
2924207,-38.1403,-10.2927,-37.7471,-9.8825
2924306,-42.1259,-13.2806,-41.6262,-12.8037
2924405,-43.9159,-10.5686,-42.2265,-9.3516
2924504,-42.8354,-14.6576,-42.5242,-14.2965
2924603,-40.4852,-10.8534,-40.2037,-10.5894
2924652,-40.0475,-12.0288,-39.7131,-11.7206
2924678,-39.4481,-13.9086,-39.2873,-13.7145
2924702,-41.8375,-15.138,-41.5818,-14.8656
2924801,-40.8012,-11.8462,-40.3707,-11.545
2924900,-40.5254,-13.3456,-40.1367,-13.0402
2925006,-40.6482,-14.9333,-40.2744,-14.5398
2925105,-40.678,-14.7452,-40.1657,-14.3944
2925204,-38.3899,-12.4573,-38.1371,-12.2612
2925253,-40.2477,-11.1626,-39.9819,-10.8163
2925303,-39.5191,-16.9288,-39.0086,-16.3436
2925402,-39.971,-15.889,-39.5252,-15.4636
2925501,-39.6359,-17.446,-39.1066,-16.888
2925600,-42.0589,-11.4277,-41.9252,-11.2088
2925709,-41.9072,-14.9187,-41.546,-14.468
2925758,-39.5773,-13.584,-39.2949,-13.327
2925808,-40.0245,-11.3134,-39.4102,-10.7774
2925907,-39.2715,-11.0198,-38.7314,-10.6045
2925931,-40.2045,-11.539,-40.0222,-11.2226
2925956,-39.9153,-12.6161,-39.3185,-12.3282
2926004,-42.7196,-10.0289,-41.8547,-9.2366
2926103,-39.5362,-11.6012,-39.2852,-11.3716
2926202,-46.1128,-12.0133,-44.6415,-11.3397
2926301,-39.6408,-12.0255,-39.2402,-11.5621
2926400,-43.4434,-13.9965,-42.6801,-13.2905
2926509,-38.558,-11.1181,-38.2103,-10.7999
2926608,-38.7752,-11.0251,-38.371,-10.5629
2926657,-40.8928,-15.6787,-40.4706,-15.2389
2926707,-41.9688,-13.9443,-41.4921,-13.3114
2926806,-42.2309,-14.489,-41.9318,-14.1598
2926905,-42.3813,-13.3118,-41.9004,-12.9575
2927002,-38.0821,-11.7372,-37.7272,-11.3409
2927101,-38.9844,-9.6855,-38.4698,-8.7839
2927200,-41.0491,-12.4531,-40.1122,-12.0786
2927309,-38.8202,-12.9669,-38.6986,-12.8006
2927408,-38.6993,-13.0173,-38.3043,-12.7336
2927507,-39.0656,-12.0593,-38.8977,-11.8059
2927606,-38.4433,-9.9217,-37.9921,-9.5876
2927705,-39.4568,-16.3963,-38.919,-16.0522
2927804,-39.885,-15.0165,-39.6837,-14.7414
2927903,-39.9756,-13.3913,-39.7214,-13.1594
2928000,-39.8752,-11.4224,-39.2055,-10.9715
2928059,-39.4819,-15.6336,-39.0166,-15.3042
2928109,-44.7077,-13.4276,-43.9911,-12.9428
2928208,-44.2634,-13.3204,-43.6346,-12.8414
2928307,-38.915,-12.1065,-38.8057,-11.816
2928406,-45.0088,-11.4219,-44.1082,-10.5485
2928505,-39.6787,-12.9308,-39.4348,-12.5496
2928604,-38.8812,-12.7271,-38.6443,-12.3681
2928703,-39.3263,-13.0978,-39.1037,-12.9349
2928802,-39.3939,-12.5489,-39.1272,-12.3732
2928901,-46.3358,-13.4656,-44.5506,-12.2931
2928950,-39.6989,-11.5697,-39.4772,-11.3461
2929008,-39.0579,-12.7385,-38.9381,-12.5877
2929057,-44.2691,-13.8411,-43.8057,-13.2621
2929107,-39.1618,-12.9714,-39.0264,-12.7301
2929206,-38.7188,-12.7389,-38.5331,-12.5491
2929255,-41.9417,-11.2691,-41.4273,-10.8112
2929305,-39.0617,-12.5154,-38.8341,-12.3009
2929354,-39.4124,-15.1513,-39.2788,-15.0149
2929370,-40.0856,-11.5295,-39.7556,-11.3163
2929404,-39.5321,-13.1238,-39.2539,-12.9525
2929503,-38.6515,-12.6318,-38.3375,-12.4115
2929602,-39.2726,-12.8102,-39.1408,-12.6487
2929701,-38.7818,-11.7545,-38.3975,-11.3564
2929750,-38.8458,-12.8517,-38.6872,-12.7162
2929800,-40.4913,-11.0617,-40.2406,-10.7521
2929909,-42.271,-12.6843,-41.5406,-12.0915
2930006,-43.5308,-14.8159,-42.7934,-14.3325
2930105,-40.2716,-10.6382,-39.948,-10.3231
2930154,-43.9331,-13.8063,-43.4305,-13.1818
2930204,-42.4355,-10.8121,-40.9538,-9.3828
2930303,-44.1792,-12.9867,-43.5364,-12.6369
2930402,-39.5939,-12.266,-39.2145,-11.966
2930501,-39.1593,-11.8297,-38.8534,-11.5239
2930600,-40.3941,-11.5643,-40.1665,-11.3308
2930709,-38.4664,-12.8735,-38.327,-12.6586
2930758,-43.6864,-13.185,-43.2221,-12.5514
2930766,-38.4329,-10.4586,-37.9073,-10.1803
2930774,-41.0663,-9.9275,-40.7152,-9.3927
2930808,-42.0273,-12.1532,-41.4539,-11.8152
2930907,-44.3303,-12.7702,-43.9452,-12.2383
2931004,-41.4025,-14.3675,-40.9998,-13.8918
2931053,-42.7197,-13.7002,-42.3467,-13.4048
2931103,-39.1807,-12.0702,-39.0144,-11.8281
2931202,-39.3602,-13.6925,-39.0705,-13.4726
2931301,-40.9809,-12.0012,-40.5778,-11.7429
2931350,-40.0645,-17.6274,-39.6046,-17.2322
2931400,-38.6984,-12.3616,-38.5208,-12.1664
2931509,-39.074,-11.5625,-38.8226,-11.3823
2931608,-39.6687,-13.6687,-39.3484,-13.4659
2931707,-38.6765,-12.4968,-38.5258,-12.3079
2931806,-41.7599,-15.4103,-41.2179,-14.7751
2931905,-39.1152,-11.3564,-38.5561,-10.7181
2932002,-39.7958,-10.1965,-39.1999,-9.5944
2932101,-39.8385,-13.537,-39.5367,-13.0956
2932200,-39.5824,-14.3163,-39.2648,-14.2099
2932309,-39.5784,-14.2398,-39.4708,-13.9322
2932408,-42.2403,-11.5957,-41.9782,-11.2218
2932457,-41.5913,-10.8019,-40.8716,-10.3357
2932507,-39.3412,-15.3917,-38.9732,-15.0358
2932606,-42.8727,-14.9451,-42.5523,-14.5139
2932705,-39.4009,-14.638,-39.0177,-14.4
2932804,-41.237,-12.1549,-40.8736,-11.9187
2932903,-39.48,-13.5273,-38.9188,-13.1989
2933000,-39.6091,-11.4762,-39.2676,-11.2902
2933059,-40.2346,-11.7006,-39.9198,-11.4909
2933109,-40.3839,-11.6169,-40.2257,-11.4348
2933158,-41.3171,-11.2851,-40.7259,-10.9567
2933174,-39.4789,-13.0658,-39.2845,-12.8455
2933208,-38.8049,-13.1375,-38.5599,-12.9244
2933257,-40.4197,-17.3642,-39.5804,-16.8902
2933307,-41.1722,-15.4783,-40.5255,-14.6709
2933406,-41.2753,-12.3867,-40.9835,-12.1135
2933455,-44.1707,-12.2432,-43.6589,-11.349
2933505,-39.8136,-13.7359,-39.3911,-13.503
2933604,-43.265,-11.6288,-42.3128,-10.1851
3100104,-47.6797,-18.5886,-47.296,-18.1584
3100203,-45.6597,-19.3188,-45.0802,-18.876
3100302,-42.5594,-20.4403,-42.3107,-20.1217
3100401,-43.1686,-20.4559,-43.0234,-20.3407
3100500,-42.664,-19.2274,-42.2056,-18.9242
3100609,-42.4901,-18.2614,-42.0451,-17.7664
3100708,-48.2034,-20.1484,-47.9812,-19.8436
3100807,-45.5372,-21.0778,-45.3423,-20.8861
3100906,-41.1972,-17.1747,-40.769,-16.8987
3101003,-41.7479,-15.9661,-41.3422,-15.4815
3101102,-41.4321,-19.9424,-40.9447,-19.377
3101201,-44.7655,-22.163,-44.5279,-21.7409
3101300,-44.7728,-22.2389,-44.5598,-22.1272
3101409,-46.6806,-22.2275,-46.533,-22.1708
3101508,-42.9325,-21.9907,-42.5938,-21.6645
3101607,-46.1892,-21.5866,-45.8193,-21.14
3101631,-43.8305,-21.189,-43.6006,-21.0903
3101706,-41.0115,-16.4543,-40.4146,-15.8066
3101805,-42.1266,-19.0716,-41.8922,-18.9231
3101904,-46.529,-20.9896,-46.251,-20.6644
3102001,-46.3493,-21.3211,-46.0168,-21.1446
3102050,-41.9625,-20.5166,-41.7982,-20.398
3102100,-43.5809,-21.1668,-43.231,-20.9289
3102209,-41.8354,-19.5085,-41.5609,-19.3323
3102308,-43.3614,-20.2172,-42.9275,-20.0042
3102407,-43.5363,-18.8892,-43.2291,-18.6635
3102506,-42.8725,-20.6067,-42.7238,-20.4517
3102605,-46.7234,-22.1893,-46.4271,-21.9255
3102704,-41.7198,-16.1109,-41.2745,-15.8122
3102803,-44.5011,-21.9288,-44.0683,-21.54
3102852,-42.3759,-17.79,-42.2123,-17.5947
3102902,-43.8911,-21.5863,-43.631,-21.2701
3103009,-43.0641,-19.7497,-42.667,-19.407
3103108,-42.2258,-21.0748,-42.0799,-20.9737
3103207,-44.3009,-19.3399,-44.1383,-19.161
3103306,-43.4998,-21.4155,-43.3242,-21.2819
3103405,-42.2568,-17.2128,-41.6274,-16.5781
3103504,-48.6664,-18.891,-47.8725,-18.3239
3103603,-44.2893,-21.9771,-44.1632,-21.8248
3103702,-42.6505,-20.7773,-42.3771,-20.5566
3103751,-49.2493,-18.5697,-49.0038,-18.3843
3103801,-46.2174,-19.1094,-46.0362,-18.9415
3103900,-45.2672,-19.9906,-45.0994,-19.7794
3104007,-47.2345,-19.8368,-46.7399,-19.4317
3104106,-47.0162,-21.4271,-46.8735,-21.2779
3104205,-45.6664,-20.3997,-45.3855,-20.0705
3104304,-46.2447,-21.4467,-46.0109,-21.2559
3104403,-42.9196,-21.7112,-42.7462,-21.5437
3104452,-42.6969,-17.9926,-42.4866,-17.7162
3104502,-46.4577,-16.2452,-45.5597,-15.3631
3104601,-42.9552,-21.4041,-42.8127,-21.2396
3104700,-41.4406,-18.5025,-40.7702,-17.9292
3104809,-44.5038,-18.2519,-43.9445,-17.9496
3104908,-44.9979,-22.204,-44.6718,-21.8286
3105004,-44.0202,-19.4335,-43.7364,-19.059
3105103,-46.2273,-20.356,-45.7595,-19.8916
3105202,-40.7327,-16.0121,-40.419,-15.7157
3105301,-46.435,-21.7599,-46.3288,-21.6926
3105400,-43.6392,-20.032,-43.3826,-19.7608
3105509,-42.3651,-21.35,-42.1881,-21.1865
3105608,-44.0287,-21.3872,-43.5805,-21.1179
3105707,-43.1829,-20.4131,-42.9486,-20.1664
3105905,-44.0134,-21.2309,-43.8962,-21.1212
3106002,-43.1957,-19.8865,-43.0092,-19.726
3106101,-43.6382,-22.0886,-43.3266,-21.8543
3106200,-44.0633,-20.0597,-43.8572,-19.7764
3106309,-42.5558,-19.36,-42.3141,-19.1553
3106408,-44.1738,-20.5112,-43.9148,-20.2991
3106507,-42.6452,-17.0944,-42.3646,-16.6694
3106606,-40.6652,-17.1865,-40.4336,-16.7818
3106655,-41.9165,-15.8087,-41.5931,-15.5872
3106705,-44.3174,-20.0518,-44.0674,-19.8318
3106804,-43.8731,-21.7203,-43.6659,-21.5195
3106903,-43.1877,-21.8057,-43.0201,-21.6579
3107000,-45.7021,-18.8746,-45.3546,-18.6557
3107109,-45.9283,-21.2538,-45.3915,-20.8615
3107208,-44.6671,-22.3806,-44.3194,-22.1021
3107307,-44.1116,-17.9252,-43.0674,-16.851
3107406,-45.5237,-19.9173,-45.088,-19.4986
3107505,-44.2566,-22.0756,-43.9769,-21.7966
3107604,-46.6424,-21.0871,-46.4248,-20.9306
3107703,-43.5488,-19.7881,-43.3865,-19.6239
3107802,-42.5242,-19.9373,-42.2051,-19.5149
3107901,-46.2827,-22.5198,-46.085,-22.3611
3108008,-44.979,-21.1817,-44.6182,-20.8489
3108107,-44.3309,-20.4239,-44.1139,-20.217
3108206,-46.5135,-16.7823,-45.8929,-16.2627
3108255,-45.3057,-15.4858,-44.6246,-14.4633
3108305,-46.2996,-22.3726,-46.0378,-22.1351
3108404,-46.5547,-21.7585,-46.2781,-21.5417
3108503,-43.207,-17.2249,-42.7294,-16.6775
3108552,-46.214,-17.1944,-45.5031,-16.6933
3108602,-44.7042,-16.5044,-44.226,-15.9732
3108701,-43.3085,-20.969,-43.1441,-20.7942
3108800,-42.8098,-19.168,-42.5856,-18.8955
3108909,-45.7048,-22.6512,-45.5421,-22.3303
3109006,-44.3508,-20.3188,-43.9646,-20.0543
3109105,-46.461,-22.6022,-46.2524,-22.3744
3109204,-44.4054,-18.141,-43.7637,-17.5553
3109253,-42.3905,-19.4476,-42.2381,-19.2669
3109303,-46.9491,-15.8706,-46.2483,-15.0091
3109402,-45.5622,-17.9952,-44.7895,-16.5654
3109451,-47.3527,-16.2214,-46.8883,-15.9166
3109501,-46.5242,-21.5893,-46.2093,-21.3775
3109600,-44.5253,-19.5563,-44.4051,-19.4707
3109709,-45.9328,-22.4747,-45.6587,-22.2707
3109808,-49.5481,-18.7005,-49.3715,-18.491
3109907,-44.4904,-19.4139,-44.299,-19.2678
3110004,-43.7489,-20.0773,-43.518,-19.6946
3110103,-41.9685,-20.7974,-41.8501,-20.6611
3110202,-42.8311,-20.8255,-42.679,-20.7452
3110301,-46.5653,-22.0385,-46.1301,-21.7583
3110400,-45.2603,-20.7443,-45.0462,-20.56
3110509,-46.229,-22.9228,-45.9213,-22.6698
3110608,-46.158,-22.6917,-45.9409,-22.4917
3110707,-45.3638,-21.9487,-45.1417,-21.7668
3110806,-41.8816,-18.4221,-41.579,-18.1406
3110905,-45.5056,-21.9774,-45.3278,-21.6664
3111002,-46.3966,-21.8784,-46.08,-21.5541
3111101,-50.2364,-19.771,-49.3022,-19.1982
3111150,-44.9732,-16.6518,-44.5857,-16.3812
3111200,-45.4312,-21.0688,-45.0705,-20.8162
3111309,-45.9734,-21.1744,-45.6782,-21.0391
3111408,-48.8606,-19.8953,-48.445,-19.534
3111507,-46.3278,-19.8109,-46.0666,-19.4102
3111606,-45.9545,-21.4528,-45.5761,-21.1266
3111705,-42.6997,-20.7586,-42.5578,-20.5823
3111804,-49.4346,-18.9538,-49.0508,-18.5607
3111903,-45.2841,-21.1405,-45.0921,-20.921
3112000,-45.5128,-20.8476,-45.0565,-20.6502
3112059,-42.7082,-18.6024,-42.5954,-18.4165
3112109,-42.0688,-20.5806,-41.8502,-20.4817
3112208,-43.6906,-20.9739,-43.5226,-20.8571
3112307,-42.6973,-17.9297,-42.2762,-17.4758
3112406,-47.1429,-20.7937,-46.9008,-20.528
3112505,-44.2226,-19.6422,-44.1055,-19.5209
3112604,-49.7312,-18.8107,-49.4024,-18.5396
3112653,-41.9497,-19.1276,-41.6833,-18.9731
3112703,-43.8017,-16.4164,-43.5214,-15.7818
3112802,-46.3398,-20.7173,-45.9649,-20.5055
3112901,-42.3222,-20.2833,-42.1935,-20.0837
3113008,-41.8701,-17.3561,-41.3157,-16.9702
3113107,-43.8208,-20.9513,-43.619,-20.8355
3113206,-43.9951,-21.1273,-43.6476,-20.8718
3113305,-42.2531,-20.8159,-41.9574,-20.5986
3113404,-42.5218,-19.9384,-41.7782,-19.4395
3113503,-43.2348,-17.772,-42.8374,-17.2528
3113602,-45.7428,-22.1675,-45.5976,-21.9764
3113701,-41.216,-18.0071,-40.4873,-17.3288
3113800,-43.295,-19.1405,-43.0781,-18.9708
3113909,-45.3699,-21.5627,-45.0384,-21.3452
3114006,-45.0194,-20.6511,-44.7524,-20.4708
3114105,-45.2676,-22.2007,-45.0604,-21.9761
3114204,-44.8611,-20.3378,-44.561,-20.0527
3114303,-46.5294,-19.1173,-45.8568,-18.6375
3114402,-46.3583,-21.1922,-45.8872,-20.7969
3114501,-44.778,-20.7115,-44.5381,-20.4052
3114550,-51.0461,-20.0854,-50.5551,-19.4664
3114600,-44.8014,-21.6429,-44.4384,-21.3091
3114709,-45.8974,-21.8229,-45.7611,-21.7225
3114808,-44.5828,-22.137,-44.3791,-21.9194
3114907,-44.0086,-20.9276,-43.8805,-20.7518
3115003,-47.9811,-18.6813,-47.7579,-18.4491
3115102,-47.0676,-20.7578,-46.801,-20.3598
3115201,-44.5805,-21.2556,-44.3879,-21.0396
3115300,-42.8018,-21.4608,-42.5024,-21.2033
3115359,-43.5197,-20.1436,-43.3113,-19.9944
3115409,-43.5688,-20.7396,-43.4323,-20.5947
3115458,-41.6561,-17.4993,-41.3473,-17.2325
3115474,-43.247,-15.4497,-42.9385,-15.2325
3115508,-45.0083,-22.0824,-44.8982,-21.9025
3115607,-45.7841,-19.2295,-45.5809,-18.9847
3115706,-41.3959,-18.868,-41.2003,-18.6832
3115805,-49.2927,-18.7886,-49.0388,-18.5214
3115904,-43.2949,-21.77,-43.133,-21.6089
3116001,-41.7506,-20.1047,-41.5477,-19.941
3116100,-42.6816,-17.3669,-42.0965,-16.9459
3116159,-45.8183,-15.9004,-45.0942,-15.0141
3116209,-43.1547,-22.1099,-42.8752,-21.8509
3116308,-43.4705,-20.9787,-43.2724,-20.8517
3116407,-47.2982,-20.4911,-47.1732,-20.2267
3116506,-44.3506,-17.2957,-44.099,-16.8179
3116605,-44.9166,-20.5556,-44.6281,-20.2493
3116704,-42.8883,-20.8828,-42.7026,-20.8033
3116803,-42.9458,-18.3798,-42.723,-18.0934
3116902,-49.3741,-19.8077,-48.8227,-19.5354
3117009,-41.9325,-16.4256,-41.6106,-16.1495
3117108,-46.3566,-21.1969,-46.0665,-20.9976
3117207,-45.509,-22.1958,-45.3246,-22.0822
3117306,-48.5638,-20.1438,-48.1265,-19.7396
3117405,-41.842,-19.9989,-41.5732,-19.8038
3117504,-43.8696,-19.2544,-43.0987,-18.6108
3117603,-44.9913,-19.8927,-44.7731,-19.6887
3117702,-45.2201,-22.013,-44.975,-21.7719
3117801,-45.8907,-22.5092,-45.6792,-22.3744
3117836,-44.8237,-15.4615,-44.3363,-14.6196
3117876,-44.0069,-19.6885,-43.9348,-19.5979
3117900,-46.1171,-22.2312,-45.9599,-22.0357
3118007,-43.9864,-20.6185,-43.7029,-20.4171
3118106,-43.7959,-19.077,-43.6016,-18.7259
3118205,-47.7692,-20.0492,-47.4875,-19.6698
3118304,-43.93,-20.801,-43.6788,-20.538
3118403,-41.704,-19.4935,-41.1297,-18.8538
3118502,-45.9592,-22.6033,-45.8707,-22.4623
3118601,-44.1621,-19.9838,-44.0054,-19.7988
3118700,-45.5314,-21.2914,-45.305,-21.0645
3118809,-44.8538,-16.8818,-43.9688,-16.3497
3118908,-44.4094,-19.2436,-44.011,-18.9447
3119005,-45.7497,-21.862,-45.5562,-21.678
3119104,-44.8676,-18.6781,-44.3075,-17.9455
3119203,-42.4579,-18.7443,-42.0491,-18.5126
3119302,-47.4352,-18.7632,-46.795,-17.9233
3119401,-42.7921,-19.5375,-42.5683,-19.3434
3119500,-42.3857,-16.7679,-42.0193,-16.4371
3119609,-43.3634,-21.664,-43.2134,-21.54
3119708,-44.2787,-21.094,-44.1214,-20.9505
3119807,-46.1335,-19.9155,-45.7972,-19.6064
3119906,-46.0642,-22.6997,-45.9317,-22.5521
3119955,-45.5884,-20.5203,-45.4839,-20.3787
3120003,-42.5515,-19.9092,-42.3348,-19.7599
3120102,-43.5618,-18.3263,-43.2583,-17.827
3120151,-41.2086,-17.3773,-40.7463,-17.1076
3120201,-45.7362,-20.9397,-45.3898,-20.6841
3120300,-43.0042,-16.8741,-42.6005,-16.5431
3120409,-43.8981,-20.8954,-43.7309,-20.7725
3120508,-45.3938,-22.3114,-45.1644,-22.1137
3120607,-44.444,-20.4973,-44.2775,-20.3216
3120706,-46.7751,-19.0507,-46.5673,-18.8719
3120805,-44.8963,-21.9095,-44.6762,-21.5862
3120839,-41.2378,-19.0877,-41.0168,-18.8906
3120870,-41.917,-15.9785,-41.5824,-15.736
3120904,-44.7978,-19.2322,-44.0741,-18.2762
3121001,-43.7365,-18.6547,-43.5704,-18.2997
3121100,-45.4204,-22.6537,-45.1645,-22.3692
3121209,-47.1166,-20.567,-46.4618,-20.1699
3121258,-47.862,-19.9961,-47.7503,-19.8654
3121308,-43.0636,-21.5263,-42.8756,-21.3651
3121407,-44.4214,-20.7572,-44.128,-20.5147
3121506,-43.6085,-21.2043,-43.4172,-21.0646
3121605,-44.0884,-18.4466,-43.2176,-17.3789
3121704,-43.291,-20.5478,-43.0516,-20.4247
3121803,-42.8658,-19.9115,-42.4745,-19.7519
3121902,-43.069,-21.0586,-42.9226,-20.9268
3122009,-42.3583,-20.6915,-42.0658,-20.4673
3122108,-41.5962,-18.8183,-41.374,-18.5815
3122207,-42.6419,-18.8765,-42.4745,-18.7242
3122306,-45.1227,-20.3088,-44.7502,-19.9183
3122355,-41.4286,-15.8012,-41.3273,-15.6234
3122405,-46.3583,-21.5908,-46.1406,-21.4409
3122454,-41.1514,-15.8952,-40.715,-15.646
3122470,-46.4717,-16.941,-46.1386,-16.5447
3122504,-42.1363,-19.4294,-42.0284,-19.3452
3122603,-43.3738,-19.0977,-43.156,-18.7675
3122702,-43.0597,-20.208,-42.8659,-20.0322
3122801,-45.2435,-22.2882,-45.0642,-22.175
3122900,-42.8391,-21.3918,-42.7652,-21.2607
3123007,-44.055,-21.1619,-43.9264,-21.0405
3123106,-43.0911,-19.1609,-42.7474,-18.9073
3123205,-45.7458,-19.7056,-45.3257,-19.3022
3123304,-43.2558,-21.1215,-43.0816,-20.9254
3123403,-45.976,-20.3524,-45.7999,-20.2171
3123502,-47.7695,-18.5344,-47.4529,-18.3524
3123528,-41.8874,-20.2601,-41.7267,-20.0416
3123601,-45.7234,-21.7609,-45.4467,-21.4463
3123700,-42.1167,-19.2535,-41.9347,-18.9857
3123809,-44.1612,-17.4497,-43.8329,-17.1462
3123858,-42.2852,-19.7273,-42.188,-19.5818
3123908,-44.2653,-20.8136,-43.9447,-20.5947
3124005,-42.7299,-20.9863,-42.4792,-20.7519
3124104,-44.5099,-19.9458,-44.1326,-19.5769
3124203,-42.0874,-20.6951,-41.8043,-20.4818
3124302,-43.487,-15.1598,-42.5157,-14.6495
3124401,-46.0722,-22.1274,-45.8894,-21.8697
3124500,-46.1198,-22.5501,-45.9183,-22.3606
3124609,-42.5589,-21.7862,-42.3777,-21.6331
3124708,-45.9496,-19.7181,-45.6361,-19.4294
3124807,-47.8935,-18.9421,-47.5763,-18.5301
3124906,-42.3026,-21.1424,-42.1185,-20.8544
3125002,-43.6466,-21.6404,-43.4721,-21.5121
3125101,-46.3842,-22.9052,-46.1675,-22.7185
3125200,-45.8689,-21.5326,-45.7642,-21.3936
3125309,-42.1722,-20.8436,-41.9261,-20.7306
3125408,-43.3212,-18.2754,-43.1368,-18.0194
3125507,-43.4497,-18.2397,-43.2802,-17.9372
3125606,-40.891,-16.8439,-40.5791,-16.4812
3125705,-45.2461,-18.885,-44.6469,-18.5005
3125804,-42.1778,-19.1898,-42.0233,-19.0239
3125903,-43.1678,-19.4351,-42.7266,-19.0594
3125952,-42.4812,-20.7783,-42.2161,-20.5698
3126000,-44.5411,-19.9547,-44.3387,-19.7627
3126109,-45.8318,-20.7364,-45.2514,-20.312
3126208,-46.5663,-15.4417,-45.5937,-14.703
3126307,-46.8746,-20.9757,-46.6682,-20.8034
3126406,-44.5868,-19.6431,-44.4004,-19.4264
3126505,-42.4311,-17.119,-42.1535,-16.8547
3126604,-44.4705,-17.7066,-44.0776,-17.1618
3126703,-43.7617,-16.8158,-43.1316,-16.0722
3126752,-42.1503,-18.1491,-41.7925,-17.8482
3126802,-41.662,-18.2818,-41.3636,-17.9996
3126901,-42.0488,-18.6666,-41.6925,-18.3774
3126950,-42.8311,-18.2139,-42.6751,-18.0804
3127008,-49.2652,-20.3147,-49.0659,-20.1236
3127057,-40.9663,-16.9756,-40.7091,-16.8046
3127073,-42.7061,-16.308,-42.3421,-15.9516
3127107,-49.3085,-20.4419,-48.7295,-19.7761
3127206,-44.164,-19.4482,-43.9752,-19.2719
3127305,-41.7134,-19.0376,-41.3415,-18.7422
3127339,-43.5396,-15.1867,-42.984,-14.7769
3127354,-43.7021,-16.9894,-43.5667,-16.8088
3127370,-41.2878,-19.1226,-41.1583,-18.959
3127388,-43.2646,-21.6335,-43.1034,-21.4942
3127404,-45.9491,-22.7569,-45.694,-22.606
3127503,-42.5792,-18.9627,-42.3905,-18.7767
3127602,-44.0742,-18.678,-43.6661,-18.3328
3127701,-42.3397,-19.0384,-41.5397,-18.5515
3127800,-43.4946,-16.8147,-42.454,-16.1331
3127909,-47.8649,-18.5768,-47.6618,-18.4001
3128006,-43.0626,-19.0968,-42.5554,-18.615
3128105,-46.1744,-20.8978,-45.6734,-20.5881
3128204,-43.1573,-20.6784,-42.8808,-20.4489
3128253,-43.7197,-17.2084,-43.4884,-16.9273
3128303,-46.8993,-21.4072,-46.7153,-21.1511
3128402,-43.1848,-21.4406,-42.9242,-21.2907
3128501,-43.0763,-21.8271,-42.9548,-21.6983
3128600,-47.3726,-18.0435,-46.8581,-17.4631
3128709,-46.766,-21.4049,-46.6005,-21.1766
3128808,-42.8624,-21.2717,-42.7067,-21.0929
3128907,-46.8648,-18.9426,-46.6211,-18.6507
3129004,-42.7901,-21.1419,-42.6113,-20.8917
3129103,-50.129,-19.3303,-49.5991,-18.7862
3129202,-45.6401,-22.103,-45.4514,-21.9871
3129301,-42.3376,-19.5471,-42.1528,-19.1557
3129400,-44.0891,-21.5438,-43.8234,-21.3531
3129509,-46.9063,-19.9268,-46.2662,-19.2853
3129608,-45.0203,-16.9918,-44.6083,-16.6736
3129657,-44.2779,-15.8286,-44.0294,-15.4735
3129707,-47.2326,-20.5611,-46.9788,-20.2184
3129806,-44.1307,-20.08,-44.0093,-19.9652
3129905,-46.4544,-22.1222,-46.3469,-22.0099
3130002,-44.8801,-21.2359,-44.7012,-21.1047
3130051,-45.0802,-16.3844,-44.6588,-16.0727
3130101,-44.3756,-20.1217,-44.2711,-19.9931
3130200,-44.8175,-20.0847,-44.612,-19.8672
3130309,-45.8902,-20.3034,-45.6298,-19.966
3130408,-44.993,-21.2408,-44.8617,-21.109
3130507,-45.9462,-21.0358,-45.6789,-20.8357
3130556,-42.0532,-19.7341,-41.8884,-19.538
3130606,-46.3627,-22.4243,-46.2104,-22.2669
3130655,-42.3227,-15.7463,-41.9322,-15.3813
3130705,-48.0614,-19.1071,-47.6662,-18.8264
3130804,-45.0864,-21.5217,-44.8067,-21.3264
3130903,-42.2442,-19.6237,-41.6519,-19.3436
3131000,-44.5418,-19.5927,-44.3065,-19.4064
3131109,-44.4106,-18.9654,-44.1453,-18.5819
3131158,-42.4321,-19.4694,-42.2784,-19.3279
3131208,-41.8439,-19.9318,-41.6519,-19.5777
3131307,-42.706,-19.5218,-42.4927,-19.3682
3131406,-50.0798,-18.8146,-49.7911,-18.5994
3131505,-46.2551,-22.1516,-46.0451,-21.8582
3131604,-47.5976,-19.1395,-47.3235,-18.9577
3131703,-43.5429,-19.7891,-43.0543,-19.4177
3131802,-41.3206,-18.6606,-41.158,-18.4424
3131901,-43.9761,-20.3936,-43.6152,-20.1177
3132008,-43.5675,-17.1801,-43.1193,-16.6416
3132107,-44.4872,-15.5052,-43.9248,-14.9071
3132206,-44.6589,-20.4867,-44.407,-20.2557
3132305,-41.7678,-17.6021,-41.5645,-17.2329
3132404,-45.5303,-22.5397,-45.261,-22.3393
3132503,-43.1586,-18.1536,-42.5863,-17.5431
3132602,-42.9126,-21.4849,-42.7781,-21.3689
3132701,-42.0911,-18.4589,-41.5677,-17.8952
3132800,-43.5212,-19.5118,-43.192,-19.309
3132909,-47.1481,-21.1551,-46.9354,-20.9969
3133006,-44.8976,-22.3938,-44.5973,-22.1851
3133105,-45.019,-22.4047,-44.8035,-22.2521
3133204,-42.0061,-19.2736,-41.6336,-19.0219
3133303,-41.6823,-16.7302,-41.3545,-16.4249
3133402,-49.7531,-19.9867,-49.1395,-19.525
3133501,-45.3215,-20.6509,-44.8826,-20.2591
3133600,-46.3082,-22.8066,-46.1244,-22.6077
3133709,-44.5742,-20.2926,-44.3365,-20.1196
3133758,-46.849,-20.8407,-46.6952,-20.6287
3133808,-44.7182,-20.2244,-44.445,-19.9357
3133907,-43.7108,-20.7718,-43.4916,-20.5841
3134004,-42.1054,-16.8669,-41.6043,-16.331
3134103,-41.2954,-19.4953,-40.9077,-19.2512
3134202,-49.8722,-19.3615,-49.1814,-18.6092
3134301,-44.9075,-21.394,-44.7498,-21.1667
3134400,-50.6922,-19.8784,-50.083,-19.549
3134509,-44.8197,-21.4778,-44.5975,-21.2035
3134608,-43.9596,-19.6132,-43.478,-19.2317
3134707,-40.4978,-16.4612,-40.1351,-15.9282
3134806,-46.8943,-21.1577,-46.6128,-20.8907
3134905,-46.7233,-22.3864,-46.4806,-22.1839
3135001,-42.8083,-19.7129,-42.6239,-19.5407
3135050,-44.0718,-15.5316,-43.3093,-14.9679
3135076,-41.9442,-18.6122,-41.5733,-18.3445
3135100,-43.633,-16.1333,-43.2043,-15.3271
3135209,-45.6205,-15.8094,-44.1005,-14.8314
3135308,-45.6272,-20.2068,-45.4395,-20.0611
3135357,-44.4395,-16.0817,-44.2015,-15.7851
3135407,-44.1802,-20.6255,-43.905,-20.4839
3135456,-42.3473,-17.3162,-42.0791,-17.057
3135506,-42.7645,-20.6087,-42.4863,-20.3421
3135605,-44.6878,-17.4569,-44.268,-16.9455
3135704,-44.1618,-19.3366,-43.8352,-19.079
3135803,-41.4718,-16.7485,-40.6444,-16.0551
3135902,-45.3709,-22.1055,-45.2002,-21.9097
3136009,-41.2923,-17.0497,-40.6887,-16.5463
3136108,-42.7975,-19.3556,-42.6212,-19.0973
3136207,-43.2231,-19.8956,-43.0894,-19.7834
3136306,-46.5647,-18.3279,-45.3815,-16.9625
3136405,-44.2999,-17.8658,-43.956,-17.4273
3136504,-40.5198,-15.9949,-40.1108,-15.7532
3136520,-42.7611,-17.0446,-42.5374,-16.7558
3136553,-42.5818,-18.3566,-42.3952,-18.1603
3136579,-42.6774,-16.6624,-42.3989,-16.379
3136603,-43.6337,-19.7641,-43.5269,-19.4836
3136652,-44.4395,-20.0049,-44.2701,-19.9052
3136702,-43.6859,-21.9993,-43.1467,-21.5205
3136801,-43.6979,-16.994,-43.4337,-16.7107
3136900,-46.6256,-21.3073,-46.4028,-21.1506
3136959,-44.3373,-14.5652,-43.7832,-14.2332
3137007,-42.0481,-17.7708,-41.6285,-17.4421
3137106,-46.9527,-18.3199,-46.54,-17.7362
3137205,-45.617,-20.1518,-45.3671,-19.8465
3137304,-44.8409,-17.1681,-44.4801,-16.8565
3137403,-44.202,-21.0237,-43.9222,-20.7644
3137502,-46.5427,-18.8969,-46.0564,-18.6244
3137536,-46.6784,-18.0137,-46.3199,-17.4867
3137601,-43.9737,-19.7171,-43.7917,-19.5353
3137700,-41.7568,-20.2074,-41.4111,-20.0333
3137809,-45.4901,-22.0819,-45.2624,-21.908
3137908,-43.5619,-20.8367,-43.4067,-20.7158
3138005,-42.5362,-21.4506,-42.3766,-21.254
3138104,-45.1261,-18.1525,-44.2764,-17.5997
3138203,-45.1805,-21.4017,-44.8642,-21.1248
3138302,-45.1377,-19.806,-44.9449,-19.5295
3138351,-42.8257,-17.1837,-42.6273,-16.9428
3138401,-42.9097,-21.7057,-42.4096,-21.3836
3138500,-44.4378,-22.1555,-44.2278,-21.8614
3138609,-44.1014,-21.9649,-43.6295,-21.6345
3138625,-50.876,-19.6294,-50.4548,-19.2099
3138658,-44.3775,-15.9383,-44.1696,-15.7432
3138674,-42.1364,-20.5095,-42.006,-20.3604
3138682,-44.7197,-16.3365,-44.4859,-16.058
3138708,-45.0659,-21.6421,-44.7399,-21.4045
3138807,-45.9299,-20.0737,-45.4758,-19.6544
3138906,-40.8084,-17.2122,-40.6123,-16.9578
3139003,-46.1167,-21.8232,-45.6926,-21.5315
3139102,-44.4818,-21.6125,-44.1979,-21.3705
3139201,-42.2816,-18.0156,-41.909,-17.6976
3139250,-43.0396,-15.1354,-42.8499,-14.8929
3139300,-44.3981,-14.9787,-43.8184,-14.3617
3139409,-42.2176,-20.3769,-41.9543,-19.9898
3139508,-42.0457,-20.4105,-41.8221,-20.2881
3139607,-41.2652,-18.8423,-40.9159,-18.5224
3139706,-44.7939,-19.6137,-44.5434,-19.4148
3139805,-43.1532,-21.9975,-42.8815,-21.7315
3139904,-45.4501,-22.3786,-45.1526,-22.2569
3140001,-43.5354,-20.5503,-43.1208,-20.1215
3140100,-42.1478,-18.584,-41.972,-18.416
3140159,-44.2142,-20.1024,-44.1243,-20.045
3140209,-43.0291,-21.7426,-42.898,-21.6498
3140308,-42.8122,-19.8089,-42.4776,-19.5555
3140407,-45.2464,-22.5307,-45.0982,-22.4004
3140506,-45.4143,-19.5781,-44.9909,-19.1979
3140530,-41.9031,-20.3109,-41.775,-20.198
3140555,-40.8189,-15.8869,-40.5979,-15.6476
3140605,-43.169,-18.57,-42.8694,-18.3641
3140704,-44.5419,-20.1477,-44.3429,-19.9157
3140803,-43.3939,-21.9303,-43.2133,-21.8095
3140852,-44.02,-15.1133,-43.4952,-14.5621
3140902,-42.4162,-20.4047,-42.1962,-20.202
3141009,-43.0396,-15.6101,-42.7441,-15.3035
3141108,-44.2002,-19.6654,-43.9298,-19.396
3141207,-46.114,-19.2912,-45.8339,-19.0774
3141306,-46.6347,-20.1846,-46.1128,-19.8577
3141405,-41.723,-16.578,-41.2773,-16.0459
3141504,-41.4907,-18.7163,-41.247,-18.4962
3141603,-43.453,-21.2965,-43.2396,-21.0577
3141702,-42.6976,-19.3817,-42.516,-19.1179
3141801,-42.6986,-17.6137,-42.0861,-17.0966
3141900,-44.7033,-21.7741,-44.4937,-21.5757
3142007,-44.3093,-16.4249,-43.9806,-16.0919
3142106,-42.514,-20.9588,-42.2597,-20.7477
3142205,-42.7529,-21.244,-42.5011,-21.044
3142254,-44.546,-14.9071,-44.2843,-14.5931
3142304,-44.0871,-20.405,-43.9267,-20.2541
3142403,-45.5081,-19.9352,-45.2895,-19.7546
3142502,-44.197,-18.5706,-43.8148,-18.2149
3142601,-45.5799,-21.8131,-45.3793,-21.6478
3142700,-44.7512,-14.7034,-44.2336,-14.2403
3142809,-49.2659,-19.1034,-48.5197,-18.5239
3142908,-43.271,-15.3984,-42.755,-15.0373
3143005,-46.4455,-21.4325,-46.2014,-21.1794
3143104,-47.726,-18.978,-47.2709,-18.4528
3143153,-41.3702,-17.0155,-41.1394,-16.7485
3143203,-47.1236,-21.3577,-46.7849,-21.0523
3143302,-44.2109,-17.1458,-43.6659,-16.084
3143401,-46.6682,-22.5228,-46.4193,-22.3335
3143450,-42.6566,-15.4297,-42.2566,-14.9829
3143500,-45.6478,-18.9163,-45.1627,-18.2095
3143609,-44.8219,-18.7364,-44.4476,-18.4712
3143708,-43.5367,-19.338,-43.2725,-19.099
3143807,-46.4246,-22.6937,-46.1585,-22.5774
3143906,-42.5661,-21.3075,-42.2539,-20.8652
3144003,-41.6486,-20.2061,-41.2735,-19.6583
3144102,-46.6489,-21.5114,-46.4009,-21.235
3144201,-42.2772,-18.5879,-42.0911,-18.3838
3144300,-40.7985,-18.0239,-40.2119,-17.4474
3144359,-42.4022,-19.2395,-42.2473,-19.112
3144375,-46.5881,-16.7068,-46.3736,-16.3712
3144409,-45.6221,-22.2166,-45.3627,-22.0712
3144508,-44.7329,-21.3466,-44.4642,-21.0792
3144607,-45.3995,-21.3767,-45.1442,-21.0442
3144656,-41.8848,-15.5278,-41.3643,-15.1003
3144672,-41.1882,-18.5379,-41.0157,-18.4396
3144706,-43.1101,-19.832,-42.9076,-19.5585
3144805,-44.0023,-20.2252,-43.783,-19.9262
3144904,-41.6356,-18.5815,-41.4141,-18.2965
3145000,-47.8526,-19.5724,-47.5703,-18.9228
3145059,-43.317,-15.8309,-43.2323,-15.606
3145109,-46.5529,-21.204,-46.2869,-20.962
3145208,-45.1249,-19.9425,-44.8693,-19.7757
3145307,-42.2119,-17.6564,-41.7331,-17.0728
3145356,-41.3514,-17.4478,-41.0715,-17.0325
3145372,-42.5293,-16.1101,-42.2855,-15.8975
3145406,-44.0895,-21.9742,-43.8646,-21.8443
3145455,-43.8159,-17.8901,-43.2799,-17.2065
3145505,-45.3393,-22.1325,-45.2356,-22.0377
3145604,-44.9412,-20.9029,-44.4477,-20.6048
3145703,-43.6311,-21.3775,-43.423,-21.2806
3145802,-44.8385,-19.7925,-44.6373,-19.6045
3145851,-42.8406,-20.5135,-42.7442,-20.3607
3145877,-42.277,-20.5933,-42.1563,-20.4312
3145901,-43.7998,-20.6216,-43.5801,-20.4303
3146008,-46.5294,-22.3993,-46.2218,-22.1343
3146107,-43.932,-20.6323,-43.4031,-20.1609
3146206,-41.3793,-18.1144,-41.2168,-17.9497
3146255,-42.7257,-16.4569,-42.47,-16.1614
3146305,-41.6877,-17.2075,-41.3847,-16.9131
3146404,-45.7156,-19.0179,-45.1843,-18.789
3146503,-45.8359,-20.5077,-45.5558,-20.2882
3146552,-43.3321,-15.6172,-42.9122,-15.0815
3146602,-43.4768,-21.3367,-43.3717,-21.2477
3146701,-42.4323,-21.5827,-42.2294,-21.3001
3146750,-40.4837,-16.9093,-40.2469,-16.6481
3146909,-44.8767,-19.5421,-44.524,-19.2015
3147006,-47.5414,-17.6204,-46.2025,-16.5969
3147105,-44.7878,-19.9874,-44.4332,-19.7042
3147204,-45.8639,-21.7156,-45.6569,-21.4219
3147303,-45.9634,-22.6944,-45.6785,-22.4661
3147402,-44.6632,-19.4295,-44.2405,-19.13
3147501,-43.2589,-19.402,-43.1025,-19.3177
3147600,-45.1028,-22.4899,-44.8077,-22.316
3147709,-44.6001,-20.7863,-44.3571,-20.5136
3147808,-44.3596,-22.2681,-44.1794,-22.0695
3147907,-46.8626,-20.9919,-46.3796,-20.4619
3147956,-44.2357,-16.2059,-43.9691,-15.9705
3148004,-47.005,-19.013,-45.8276,-18.2573
3148103,-47.3907,-19.2775,-46.7502,-18.6932
3148202,-42.3361,-21.2244,-42.1745,-21.1186
3148301,-43.082,-20.9858,-42.8824,-20.7552
3148400,-42.9308,-18.5676,-42.8004,-18.3413
3148509,-41.2575,-17.6068,-40.9189,-17.3221
3148608,-42.7206,-18.7446,-42.3516,-18.3326
3148707,-41.4574,-16.1718,-40.9075,-15.7367
3148756,-42.4343,-20.5891,-42.3137,-20.3499
3148806,-42.8075,-20.6699,-42.633,-20.5195
3148905,-45.3513,-20.3966,-45.1134,-20.181
3149002,-42.2113,-20.8699,-42.0974,-20.7857
3149101,-45.5573,-22.3268,-45.3638,-22.168
3149150,-44.6833,-15.9036,-44.0298,-15.2598
3149200,-47.6463,-19.2822,-47.3871,-19.0967
3149309,-44.1964,-19.7727,-43.9154,-19.4842
3149408,-43.7896,-21.8049,-43.6584,-21.6584
3149507,-43.1888,-21.8985,-43.0598,-21.751
3149606,-44.7253,-19.7124,-44.546,-19.5262
3149705,-45.1525,-20.014,-44.9549,-19.8289
3149804,-47.4669,-19.7387,-46.8366,-19.1189
3149903,-45.1891,-21.1873,-44.9371,-20.9403
3149952,-42.3568,-19.1873,-42.1317,-18.9824
3150000,-41.6909,-18.4335,-41.4183,-18.2402
3150109,-43.4192,-21.5878,-43.2013,-21.4319
3150158,-42.0959,-19.8384,-41.9964,-19.6864
3150208,-42.7805,-20.2906,-42.6634,-20.1898
3150307,-44.2826,-21.5894,-44.0485,-21.3839
3150406,-44.3515,-20.5855,-44.1448,-20.3844
3150505,-45.9676,-20.6698,-45.7131,-20.3583
3150539,-42.4837,-19.777,-42.3623,-19.7077
3150570,-45.4376,-16.2737,-45.0412,-15.843
3150604,-44.5441,-20.6147,-44.2995,-20.4252
3150703,-48.7786,-20.0408,-48.5442,-19.8462
3150802,-43.4586,-20.7565,-43.1364,-20.4943
3150901,-45.5852,-22.657,-45.4239,-22.46
3151008,-45.676,-22.4838,-45.5109,-22.2741
3151107,-42.4352,-21.7529,-42.2649,-21.5754
3151206,-44.9875,-17.555,-44.744,-17.2036
3151305,-43.119,-21.3219,-42.9264,-21.2011
3151404,-45.0119,-19.7353,-44.7484,-19.4422
3151503,-46.2927,-20.5889,-45.8255,-20.3294
3151602,-48.7439,-20.1673,-48.5285,-19.9736
3151701,-46.1455,-21.9252,-45.849,-21.695
3151800,-46.691,-21.9956,-46.3986,-21.6448
3151909,-41.7515,-19.6965,-41.3624,-19.4138
3152006,-45.1859,-19.4865,-44.67,-18.8075
3152105,-43.0405,-20.5686,-42.7849,-20.2729
3152131,-45.1206,-16.7583,-44.7983,-16.4517
3152170,-41.7599,-17.061,-41.2721,-16.622
3152204,-43.3151,-16.1667,-42.7687,-15.3271
3152303,-43.1867,-20.7707,-42.965,-20.5618
3152402,-41.9902,-17.9405,-41.6017,-17.672
3152501,-46.0642,-22.4146,-45.8169,-22.1097
3152600,-45.0503,-22.278,-44.8164,-22.0761
3152709,-44.1462,-21.2471,-43.9638,-20.9859
3152808,-49.4252,-19.619,-48.3938,-18.932
3152907,-46.9631,-20.8857,-46.7467,-20.6812
3153004,-46.5791,-19.8844,-46.2185,-19.6415
3153103,-43.2811,-20.8475,-43.0332,-20.7076
3153202,-44.223,-18.9201,-43.9346,-18.5062
3153301,-43.6783,-18.7182,-43.4863,-18.533
3153400,-46.7608,-18.5968,-46.0038,-17.7275
3153509,-42.0629,-20.5063,-41.8366,-20.3707
3153608,-44.1832,-19.5382,-44.0367,-19.4009
3153707,-45.8518,-19.3619,-45.3193,-19.1572
3153806,-43.9709,-20.8043,-43.802,-20.6581
3153905,-43.8409,-20.029,-43.7228,-19.9274
3154002,-42.552,-20.1961,-42.1589,-19.852
3154101,-42.558,-21.6024,-42.3456,-21.4343
3154150,-42.0059,-20.3131,-41.8729,-20.1538
3154200,-44.4575,-21.0167,-44.1386,-20.7111
3154309,-41.3839,-19.3802,-40.9227,-19.0565
3154408,-43.9096,-21.1511,-43.6313,-21.0173
3154457,-46.2763,-16.5306,-45.6515,-16.0151
3154507,-43.2703,-16.2891,-42.7034,-15.7973
3154606,-44.1646,-19.8456,-43.9753,-19.7093
3154705,-45.1309,-21.1965,-45.0385,-21.1031
3154804,-43.8735,-20.1976,-43.6605,-20.0013
3154903,-42.7845,-20.2767,-42.5304,-19.9862
3155009,-42.9764,-20.2806,-42.811,-20.1447
3155108,-40.6821,-16.8435,-40.4329,-16.5244
3155207,-43.6188,-20.9408,-43.3715,-20.7773
3155306,-44.4473,-20.3517,-44.259,-20.1597
3155405,-43.2634,-21.571,-43.0408,-21.3912
3155504,-46.5415,-19.4468,-46.0816,-19.0475
3155603,-42.814,-16.1583,-42.1932,-15.3895
3155702,-43.2902,-20.0645,-43.0225,-19.8581
3155801,-43.2726,-21.3524,-43.073,-21.1151
3155900,-44.0041,-22.1464,-43.7085,-21.9535
3156007,-43.2744,-18.4295,-42.8637,-18.068
3156106,-44.4927,-21.095,-44.2572,-20.8577
3156205,-43.0915,-21.6961,-42.9773,-21.5848
3156304,-42.8997,-21.2702,-42.7993,-21.1569
3156403,-47.6705,-19.0162,-47.4243,-18.7975
3156452,-42.582,-21.044,-42.4232,-20.9221
3156502,-42.4929,-16.4961,-41.8927,-16.2279
3156601,-40.6752,-16.6915,-40.349,-16.1922
3156700,-43.9098,-19.9672,-43.6742,-19.7247
3156809,-43.2467,-18.8637,-42.8513,-18.4357
3156908,-47.6343,-20.2869,-46.8105,-19.4251
3157005,-42.4249,-16.3216,-41.8437,-15.8493
3157104,-40.2294,-16.3478,-39.8568,-15.897
3157203,-43.6952,-20.2178,-43.2106,-19.8894
3157252,-42.1691,-20.0191,-42.0204,-19.8848
3157278,-43.8601,-22.0904,-43.5764,-21.8333
3157302,-43.6111,-21.3207,-43.4354,-21.1665
3157336,-44.2359,-21.1285,-44.1988,-21.1137
3157377,-41.9358,-16.1858,-41.6152,-15.9064
3157401,-42.92,-20.3367,-42.7073,-20.1214
3157500,-42.4671,-18.9276,-42.3268,-18.7992
3157609,-46.016,-16.9636,-45.1009,-16.5029
3157658,-40.745,-17.035,-40.5672,-16.7829
3157708,-47.6559,-19.5626,-47.354,-19.1965
3157807,-43.9483,-19.8475,-43.7536,-19.6058
3157906,-42.3469,-20.555,-42.1793,-20.3221
3158003,-43.2322,-19.5778,-42.8712,-19.2845
3158102,-40.2171,-16.4647,-40.0172,-16.1269
3158201,-42.4723,-18.4111,-42.124,-18.0051
3158300,-45.6101,-21.3206,-45.3778,-21.1986
3158409,-42.6296,-21.3542,-42.4629,-21.2012
3158508,-44.1217,-19.1477,-43.7135,-18.6285
3158607,-43.2543,-22.0375,-43.107,-21.8411
3158706,-44.167,-21.7305,-43.9477,-21.544
3158805,-45.1432,-20.9508,-44.9971,-20.8093
3158904,-41.9876,-20.175,-41.7979,-19.9251
3158953,-42.6776,-19.4934,-42.4092,-19.2898
3159001,-43.7891,-19.3481,-43.4977,-19.0162
3159100,-43.773,-20.8572,-43.5527,-20.7191
3159209,-46.4323,-22.1659,-46.0897,-21.8733
3159308,-44.223,-22.2332,-43.9359,-21.9923
3159357,-42.1741,-19.9209,-42.0752,-19.829
3159407,-44.0913,-21.6843,-43.8137,-21.4941
3159506,-41.5102,-19.5447,-41.2631,-19.2679
3159605,-45.8547,-22.3222,-45.5183,-22.1578
3159704,-46.1406,-19.6567,-45.8842,-19.4567
3159803,-50.7409,-19.2921,-49.9572,-18.6643
3159902,-45.0759,-21.0436,-44.7997,-20.7916
3160009,-42.8944,-21.8499,-42.7288,-21.6494
3160108,-42.6892,-20.3796,-42.5403,-20.2627
3160207,-43.3823,-18.6022,-43.1514,-18.3863
3160306,-40.4196,-16.6786,-40.1102,-16.3761
3160405,-45.5078,-20.3336,-45.0453,-19.854
3160454,-42.8195,-15.4979,-42.5147,-15.037
3160504,-43.307,-19.2994,-43.1853,-19.1721
3160603,-44.3189,-18.5606,-44.0071,-18.2239
3160702,-43.7097,-21.6084,-43.2936,-21.355
3160801,-45.1131,-21.6338,-45.0271,-21.4974
3160900,-44.0432,-20.6917,-43.9062,-20.565
3160959,-42.076,-19.5717,-41.9915,-19.4573
3161007,-43.0697,-20.0463,-42.7284,-19.7115
3161056,-41.5397,-18.6378,-41.3549,-18.4989
3161106,-45.2577,-16.163,-44.4111,-15.5536
3161205,-45.0853,-20.8189,-44.9025,-20.5703
3161304,-50.1062,-19.9468,-49.6303,-19.6026
3161403,-42.3621,-20.8634,-42.2013,-20.7045
3161502,-42.9487,-20.9719,-42.7207,-20.8459
3161601,-42.3674,-18.9871,-42.2558,-18.806
3161650,-41.4605,-19.0307,-41.2632,-18.8254
3161700,-46.0097,-18.5074,-45.1799,-17.8471
3161809,-44.917,-20.0904,-44.742,-19.8548
3161908,-43.4349,-19.9233,-43.1931,-19.6717
3162005,-45.7459,-22.0188,-45.4362,-21.7891
3162104,-46.1555,-19.556,-45.8039,-19.1767
3162203,-46.5976,-20.6914,-46.2753,-20.3778
3162252,-44.5739,-17.0772,-44.0703,-16.6258
3162302,-46.0321,-22.0224,-45.8478,-21.8742
3162401,-44.2365,-16.1144,-43.5855,-15.7094
3162450,-44.4837,-14.9973,-44.0037,-14.7636
3162500,-44.5748,-21.4354,-43.9882,-21.0405
3162559,-42.2064,-20.4693,-42.0887,-20.2877
3162575,-41.237,-18.7989,-41.0709,-18.6793
3162609,-42.2283,-19.438,-42.1114,-19.2635
3162658,-44.6778,-16.6631,-44.3929,-16.4408
3162708,-42.273,-15.6342,-41.6855,-15.086
3162807,-42.9104,-18.6761,-42.6855,-18.3175
3162906,-43.1794,-21.6947,-42.8467,-21.4806
3162922,-44.2919,-20.1252,-44.1963,-20
3162948,-46.3579,-20.8677,-46.1289,-20.6526
3162955,-44.0415,-19.7366,-43.9355,-19.6557
3163003,-42.2086,-18.4331,-42.0492,-18.2186
3163102,-44.641,-19.7954,-44.4776,-19.6037
3163201,-45.5772,-22.3784,-45.4442,-22.263
3163300,-41.4615,-18.5347,-41.2874,-18.2663
3163409,-42.7819,-20.0163,-42.5515,-19.8591
3163508,-42.8068,-18.3896,-42.5531,-18.0971
3163607,-41.8131,-20.0672,-41.7174,-19.9831
3163706,-45.0891,-22.1544,-44.9811,-22.0749
3163805,-42.7936,-20.8393,-42.6304,-20.6541
3163904,-46.7826,-21.1985,-46.5392,-21.0107
3164001,-42.6558,-20.2634,-42.4775,-19.886
3164100,-42.7124,-18.51,-42.4512,-18.2214
3164209,-45.8306,-16.6119,-45.0381,-16.0961
3164308,-46.9308,-20.3913,-46.0761,-19.9694
3164407,-45.8779,-22.2364,-45.6649,-22.0947
3164431,-42.6585,-21.0777,-42.5466,-20.9531
3164472,-42.0063,-19.5651,-41.878,-19.4458
3164506,-42.7031,-18.1908,-42.418,-17.9002
3164605,-45.1569,-20.3841,-44.9044,-20.1229
3164704,-47.24,-21.0732,-46.7981,-20.7313
3164803,-43.3509,-19.3567,-43.1253,-19.2333
3164902,-45.0804,-22.2797,-44.9608,-22.1429
3165008,-44.7091,-21.1028,-44.4411,-20.7863
3165107,-47.2269,-20.8792,-47.0285,-20.682
3165206,-45.0676,-21.853,-44.8545,-21.6277
3165305,-44.5867,-21.7999,-44.3418,-21.5178
3165404,-45.9722,-22.876,-45.7118,-22.7166
3165503,-42.5046,-18.8276,-42.3013,-18.7337
3165537,-44.1812,-20.0989,-44.0643,-20.0174
3165552,-42.2882,-17.7776,-41.9807,-17.4416
3165560,-42.9057,-20.1562,-42.742,-20.0076
3165578,-46.3022,-22.6157,-46.1367,-22.5006
3165602,-42.9677,-21.8327,-42.8497,-21.6888
3165701,-43.1732,-20.9824,-43.0344,-20.8158
3165800,-46.1994,-22.2185,-46.0958,-22.0943
3165909,-43.4082,-18.1088,-43.1069,-17.5615
3166006,-43.4336,-20.8798,-43.2664,-20.7381
3166105,-43.209,-19.0355,-42.9722,-18.7897
3166204,-43.715,-21.1319,-43.5102,-20.9494
3166303,-42.531,-20.5816,-42.3856,-20.4068
3166402,-44.5667,-21.9692,-44.3793,-21.8656
3166501,-43.3364,-18.4821,-43.1004,-18.299
3166600,-45.9007,-19.4917,-45.6572,-19.2612
3166709,-40.3491,-17.8949,-40.1741,-17.612
3166808,-46.9575,-19.3374,-46.4116,-18.9161
3166907,-46.1923,-21.6525,-45.9806,-21.4894
3166956,-43.0209,-16.0541,-42.7216,-15.6867
3167004,-44.6458,-21.9069,-44.4383,-21.7488
3167103,-43.6091,-18.7597,-43.1856,-18.2755
3167202,-44.4599,-19.5996,-44.1277,-19.2927
3167301,-43.2758,-21.2234,-43.1286,-21.068
3167400,-45.9291,-22.119,-45.6776,-21.9538
3167509,-43.3729,-22.0288,-43.2179,-21.9001
3167608,-42.1256,-20.1716,-41.8003,-19.8282
3167707,-42.2324,-19.3284,-42.0707,-19.1208
3167806,-45.136,-22.1117,-44.9398,-21.9488
3167905,-43.3529,-21.4393,-43.1585,-21.2784
3168002,-42.3276,-16.0163,-41.8587,-15.6204
3168051,-41.6877,-19.8321,-41.4953,-19.6666
3168101,-47.188,-20.0527,-46.5995,-19.7737
3168200,-46.336,-19.9644,-45.9883,-19.7839
3168309,-43.7846,-19.7466,-43.5747,-19.5137
3168408,-42.12,-19.4363,-41.6834,-19.1401
3168507,-42.9473,-20.6952,-42.7644,-20.5579
3168606,-41.6724,-18.0418,-41.0402,-17.3302
3168705,-42.7094,-19.6156,-42.5009,-19.492
3168804,-44.2245,-21.1788,-44.0919,-21.0524
3168903,-46.0578,-19.2071,-45.6155,-18.467
3169000,-43.1198,-21.257,-42.9229,-21.1068
3169059,-46.2447,-22.4094,-46.0493,-22.3053
3169109,-46.4806,-22.7661,-46.2988,-22.6495
3169208,-42.1873,-20.9772,-41.9297,-20.805
3169307,-45.4175,-21.8677,-45.0303,-21.5285
3169356,-45.3617,-18.6673,-44.7301,-17.9308
3169406,-45.701,-21.5153,-45.2723,-21.2955
3169505,-41.9373,-19.181,-41.5227,-18.8964
3169604,-49.0538,-18.84,-48.498,-18.3055
3169703,-43.0835,-17.501,-42.5585,-17.0169
3169802,-45.8753,-21.9706,-45.7115,-21.7888
3169901,-43.107,-21.2674,-42.8456,-20.9553
3170008,-45.0743,-16.552,-44.6666,-16.1782
3170057,-42.167,-19.7411,-41.9564,-19.5918
3170107,-48.3552,-20.1257,-47.5825,-19.0831
3170206,-48.8236,-19.4165,-47.9029,-18.5931
3170305,-40.7836,-17.3964,-40.5478,-17.1496
3170404,-47.4602,-16.9836,-46.205,-15.7892
3170438,-50.5172,-19.593,-50.1706,-19.2223
3170479,-46.4632,-16.3215,-46.1836,-15.8752
3170503,-42.8068,-20.3975,-42.6414,-20.2677
3170529,-45.9177,-16.3253,-45.3039,-15.7184
3170578,-42.4009,-19.6693,-42.263,-19.5382
3170602,-46.4736,-20.5602,-46.2085,-20.3189
3170651,-42.4222,-15.4732,-42.1974,-15.1907
3170701,-45.5487,-21.6842,-45.2513,-21.4589
3170750,-46.1097,-18.5958,-45.7478,-18.326
3170800,-45.0455,-17.7829,-44.4338,-17.0513
3170909,-44.09,-15.7894,-43.7614,-15.4855
3171006,-47.1832,-18.2272,-46.5743,-17.4977
3171030,-43.9092,-15.7809,-43.3632,-15.3441
3171071,-42.8844,-17.6912,-42.5402,-17.3281
3171105,-48.5458,-19.8243,-48.1463,-19.4088
3171154,-42.3241,-20.0902,-42.1957,-19.965
3171204,-44.0105,-19.7916,-43.8853,-19.6699
3171303,-43.0049,-20.839,-42.7536,-20.6547
3171402,-42.3492,-21.0002,-42.2005,-20.8223
3171501,-42.0202,-18.6724,-41.8192,-18.5343
3171600,-42.4925,-16.9171,-42.1385,-16.4671
3171709,-45.2231,-22.4594,-45.009,-22.2314
3171808,-42.7776,-18.9513,-42.5349,-18.6504
3171907,-42.4096,-18.5694,-42.2026,-18.3555
3172004,-42.9474,-21.112,-42.7479,-20.9333
3172103,-42.6556,-21.8464,-42.4632,-21.6803
3172202,-45.4804,-22.6213,-45.337,-22.4672
3200102,-41.276,-20.2877,-40.9459,-19.8902
3200136,-40.906,-19.1499,-40.556,-18.8415
3200169,-41.1821,-18.6932,-40.8985,-18.3431
3200201,-41.6399,-20.9114,-41.3721,-20.5447
3200300,-40.9951,-20.7055,-40.6561,-20.43
3200359,-41.0718,-19.1232,-40.8949,-18.9408
3200409,-40.8436,-20.8412,-40.5683,-20.5459
3200508,-41.6455,-21.1837,-41.494,-20.957
3200607,-40.3539,-20.0121,-39.9117,-19.5511
3200706,-41.2864,-21.069,-41.0929,-20.8686
3200805,-41.1911,-19.8057,-40.8185,-19.2227
3200904,-41.0254,-18.9015,-40.6521,-18.4244
3201001,-40.487,-18.5865,-40.1246,-18.3613
3201100,-41.7206,-21.1434,-41.5704,-21.0065
3201159,-41.4161,-20.2779,-41.2231,-19.9365
3201209,-41.389,-20.9535,-41.0062,-20.606
3201308,-40.6052,-20.3997,-40.3289,-20.2149
3201407,-41.4147,-20.6724,-41.0176,-20.4028
3201506,-40.8835,-19.7156,-40.3682,-19.2285
3201605,-40.0299,-18.7216,-39.666,-18.179
3201704,-41.3619,-20.5215,-41.1578,-20.2294
3201803,-41.8022,-20.6719,-41.6525,-20.5018
3201902,-41.1369,-20.4844,-40.5338,-20.1525
3202009,-41.8798,-20.7773,-41.7508,-20.4766
3202108,-41.1625,-18.5175,-40.5154,-17.952
3202207,-40.5051,-20.0555,-40.1545,-19.851
3202256,-40.6201,-19.3245,-40.3649,-19.0793
3202306,-41.8497,-20.9433,-41.5944,-20.6366
3202405,-40.7023,-20.7652,-40.3639,-20.459
3202454,-41.6904,-20.3377,-41.4093,-20.207
3202504,-40.5142,-19.9126,-40.346,-19.7456
3202553,-41.804,-20.6645,-41.593,-20.3723
3202603,-40.9474,-20.856,-40.7708,-20.6704
3202652,-41.7973,-20.4145,-41.5391,-20.2582
3202702,-40.9969,-19.8915,-40.7561,-19.5594
3202801,-41.1199,-21.1107,-40.7494,-20.8657
3202900,-40.9705,-20.0745,-40.7742,-19.8346
3203007,-41.8595,-20.504,-41.4614,-20.2069
3203056,-40.2079,-19.1609,-39.7411,-18.7746
3203106,-41.4637,-20.9086,-41.3199,-20.6841
3203130,-40.5329,-19.8313,-40.3437,-19.6224
3203163,-41.187,-19.9879,-40.9245,-19.7592
3203205,-40.5306,-19.687,-39.6891,-18.995
3203304,-41.2455,-18.9477,-40.8979,-18.796
3203320,-40.9505,-21.1903,-40.7847,-20.9958
3203346,-40.9124,-20.5231,-40.6219,-20.3432
3203353,-40.6416,-19.5426,-40.3736,-19.3106
3203403,-41.5873,-21.2488,-41.1366,-20.8827
3203502,-40.4474,-18.3203,-40.0874,-17.9226
3203601,-40.662,-18.1422,-40.3684,-17.8919
3203700,-41.6049,-20.6075,-41.3104,-20.1978
3203809,-41.4723,-21.0256,-41.2215,-20.8397
3203908,-40.7762,-18.9545,-40.2843,-18.3595
3204005,-40.9643,-19.3569,-40.6551,-18.9404
3204054,-40.2204,-18.3149,-39.8999,-17.9816
3204104,-40.4863,-18.4968,-39.9368,-18.2472
3204203,-40.828,-20.8908,-40.7007,-20.786
3204252,-40.6188,-18.4133,-40.4198,-18.1042
3204302,-41.2339,-21.3018,-40.9261,-21.0003
3204351,-40.4352,-19.3761,-40.1814,-19.0663
3204401,-40.996,-20.893,-40.828,-20.6754
3204500,-40.7521,-20.2714,-40.3733,-19.9449
3204559,-41.0363,-20.2274,-40.5953,-19.9415
3204609,-40.8284,-20.0022,-40.4525,-19.7339
3204658,-40.6913,-19.2803,-40.3702,-19.043
3204708,-40.6562,-19.0602,-40.3729,-18.8475
3204807,-41.7363,-21.1073,-41.5715,-20.8442
3204906,-40.4056,-19.149,-39.7193,-18.4441
3204955,-40.7821,-19.8311,-40.5181,-19.6224
3205002,-40.4362,-20.2607,-40.172,-20.0132
3205010,-40.2883,-19.2348,-39.9879,-18.9066
3205036,-41.1067,-20.8695,-40.9093,-20.4259
3205069,-41.2195,-20.4618,-41.0454,-20.2812
3205101,-40.6324,-20.5052,-40.3703,-20.2789
3205150,-40.8052,-18.728,-40.4833,-18.4868
3205176,-40.4645,-19.0859,-40.2048,-18.8364
3205200,-40.4842,-20.5355,-40.2495,-20.32
3205309,-40.3623,-20.5283,-28.8476,-20.2292
3300100,-44.6403,-23.2277,-44.0907,-22.8378
3300159,-42.2049,-21.705,-42.0568,-21.6013
3300209,-42.4468,-22.9395,-42.1319,-22.5507
3300225,-43.1827,-22.3105,-43.034,-22.1628
3300233,-42.0099,-22.8228,-41.7841,-22.7215
3300258,-42.283,-23.0167,-41.9738,-22.8635
3300308,-44.0852,-22.5544,-43.7487,-22.2941
3300407,-44.3472,-22.6734,-44.0056,-22.2971
3300456,-43.4341,-22.7776,-43.3198,-22.6851
3300506,-42.5221,-22.3042,-42.2335,-22.1079
3300605,-41.8506,-21.3174,-41.4696,-20.8637
3300704,-42.1824,-22.9331,-41.889,-22.5401
3300803,-42.923,-22.6865,-42.5505,-22.3553
3300902,-42.1198,-21.64,-41.71,-21.3274
3300936,-41.7711,-22.3,-41.5385,-22.1083
3300951,-43.3467,-22.1033,-43.1284,-22.0034
3301009,-41.8885,-22.1043,-40.9746,-21.1956
3301108,-42.509,-22.0376,-42.167,-21.6972
3301157,-41.657,-21.6749,-41.3601,-21.3986
3301207,-42.6992,-21.9996,-42.4302,-21.7848
3301306,-42.3042,-22.5994,-41.9792,-22.3519
3301405,-41.9747,-22.2749,-41.6597,-22.0489
3301504,-42.4147,-22.1254,-42.2627,-21.9968
3301603,-42.6178,-22.1636,-42.3456,-21.9064
3301702,-43.4167,-22.8105,-43.1942,-22.4755
3301801,-43.7123,-22.5868,-43.5618,-22.4568
3301850,-43.0626,-22.7316,-42.8655,-22.448
3301876,-42.2539,-22.8777,-42.1767,-22.7802
3301900,-43.0327,-22.8771,-42.7331,-22.6346
3302007,-43.9396,-23.1165,-43.6666,-22.6924
3302056,-41.7812,-21.5957,-41.5511,-21.3174
3302106,-42.2371,-21.861,-41.9367,-21.5968
3302205,-42.196,-21.4016,-41.5851,-21.0302
3302254,-44.6629,-22.566,-44.4785,-22.3203
3302270,-43.6708,-22.7226,-43.534,-22.6094
3302304,-42.238,-21.3448,-42.0294,-21.158
3302403,-42.2642,-22.4393,-41.6853,-22.1263
3302452,-42.318,-22.0923,-42.2195,-21.9728
3302502,-43.2253,-22.7277,-43.0096,-22.484
3302601,-44.1931,-23.1024,-43.793,-22.8424
3302700,-43.0246,-23.0252,-42.6342,-22.8408
3302809,-43.7976,-22.6062,-43.6884,-22.455
3302858,-43.5024,-22.8405,-43.3971,-22.7643
3302908,-43.6606,-22.6422,-43.2885,-22.4195
3303005,-42.2782,-21.474,-42.0283,-21.306
3303104,-42.085,-21.1562,-41.801,-20.9289
3303203,-43.4692,-22.849,-43.3906,-22.7917
3303302,-43.1386,-22.9897,-42.9528,-22.8537
3303401,-42.7277,-22.4578,-42.2053,-22.1545
3303500,-43.6738,-22.8653,-43.3644,-22.526
3303609,-43.8409,-22.701,-43.5974,-22.5388
3303708,-43.437,-22.3707,-43.159,-22.0021
3303807,-44.8893,-23.3689,-44.5027,-22.9142
3303856,-43.5079,-22.4762,-43.2884,-22.2787
3303906,-43.3773,-22.5733,-42.978,-22.2025
3303955,-44.0685,-22.5924,-43.9135,-22.4841
3304003,-44.0863,-22.8092,-43.771,-22.501
3304102,-42.1514,-21.0288,-41.7752,-20.7632
3304110,-44.3734,-22.494,-44.274,-22.3975
3304128,-44.3426,-22.4864,-44.1454,-22.2388
3304144,-43.6448,-22.7833,-43.5122,-22.6794
3304151,-41.7179,-22.2346,-41.1329,-21.9866
3304201,-44.8095,-22.6409,-44.2346,-22.2431
3304300,-42.7472,-22.8549,-42.4418,-22.6189
3304409,-44.3181,-22.9319,-43.873,-22.6398
3304508,-43.6744,-22.2883,-43.4004,-22.0515
3304524,-42.0635,-22.5625,-41.8178,-22.3768
3304557,-43.7961,-23.0824,-43.099,-22.7461
3304607,-42.1395,-22.1007,-41.7026,-21.8031
3304706,-42.3699,-21.7145,-41.9931,-21.4275
3304755,-41.3129,-21.6892,-40.9579,-21.2181
3304805,-41.9712,-21.8783,-41.5381,-21.4643
3304904,-43.121,-22.9092,-42.886,-22.7341
3305000,-41.1943,-21.9119,-40.9818,-21.6177
3305109,-43.4107,-22.8148,-43.3292,-22.7559
3305133,-42.0581,-21.4889,-41.816,-21.2883
3305158,-43.0478,-22.2647,-42.7446,-22.0843
3305208,-42.2539,-22.9093,-42.025,-22.6534
3305307,-42.2441,-22.0247,-41.9299,-21.7285
3305406,-43.0163,-22.1653,-42.6622,-21.8733
3305505,-42.6796,-22.9446,-42.3699,-22.804
3305554,-43.7935,-22.864,-43.622,-22.6398
3305604,-42.6034,-22.7364,-42.1869,-22.4012
3305703,-42.7606,-22.2667,-42.5479,-21.9693
3305752,-42.8052,-22.8591,-42.6434,-22.6865
3305802,-43.0463,-22.4712,-42.711,-22.1244
3305901,-42.2976,-22.3071,-41.9578,-22.0042
3306008,-43.2588,-22.2086,-42.955,-22.0315
3306107,-44.1892,-22.4032,-43.5865,-22.0621
3306156,-41.9184,-20.9879,-41.7363,-20.7998
3306206,-43.7797,-22.5265,-43.3254,-22.2149
3306305,-44.156,-22.6406,-44.0026,-22.4063
3500105,-51.1792,-21.7659,-50.964,-21.3986
3500204,-49.7465,-21.3646,-49.5676,-21.197
3500303,-47.234,-22.1475,-46.8612,-21.9671
3500402,-46.7586,-22.0175,-46.6124,-21.8184
3500501,-46.6606,-22.5163,-46.5488,-22.4354
3500550,-49.3791,-23.0365,-49.1676,-22.7219
3500600,-47.8879,-22.6102,-47.8611,-22.5879
3500709,-49.3857,-22.7847,-48.851,-22.3375
3500758,-47.9678,-23.6135,-47.7787,-23.4874
3500808,-51.4693,-22.0038,-51.3252,-21.8716
3500907,-49.2196,-20.6501,-48.9901,-20.4157
3501004,-47.6291,-21.2144,-47.1813,-20.8091
3501103,-50.3056,-21.7018,-50.0609,-21.5274
3501152,-47.3252,-23.6037,-47.2298,-23.4634
3501202,-50.0277,-20.4167,-49.7997,-20.1722
3501301,-51.6207,-22.2859,-51.3925,-21.9523
3501400,-49.8505,-22.142,-49.6336,-22.0262
3501509,-49.8205,-22.5261,-49.7018,-22.3766
3501608,-47.3881,-22.785,-47.1935,-22.6631
3501707,-48.1478,-21.7704,-47.9098,-21.6777
3501806,-49.867,-20.3846,-49.6462,-20.1947
3501905,-46.9322,-22.853,-46.6808,-22.5412
3502002,-47.7998,-22.2401,-47.5499,-22.0131
3502101,-51.4816,-21.0856,-51.1342,-20.6462
3502200,-48.6563,-23.6358,-48.1923,-23.2611
3502309,-48.3105,-22.9982,-48.0143,-22.594
3502408,-51.5202,-22.5157,-51.3464,-22.198
3502507,-45.2817,-23.008,-45.1884,-22.8099
3502606,-50.9908,-20.5591,-50.8385,-20.398
3502705,-49.1199,-24.5861,-48.4899,-24.243
3502754,-47.1424,-23.5163,-46.995,-23.3511
3502804,-50.8996,-21.4554,-50.3428,-20.8305
3502903,-47.7653,-23.6313,-47.5495,-23.4546
3503000,-47.8995,-20.2471,-47.7368,-20.0662
3503109,-49.1513,-23.2658,-48.9736,-23.0858
3503158,-44.5334,-22.7719,-44.3597,-22.5724
3503208,-48.3966,-21.9724,-47.9459,-21.5393
3503307,-47.484,-22.4769,-47.1749,-22.194
3503356,-50.54,-21.8519,-50.306,-21.6873
3503406,-49.1354,-22.2195,-48.8535,-21.9333
3503505,-44.8167,-22.8344,-44.6416,-22.5212
3503604,-48.6918,-22.6986,-48.6079,-22.5324
3503703,-48.8587,-21.2471,-48.6952,-21.108
3503802,-47.2366,-22.6391,-47.0424,-22.473
3503901,-46.3776,-23.4373,-46.2477,-23.3214
3503950,-50.7824,-20.2385,-50.6809,-20.13
3504008,-50.5733,-22.7118,-50.3013,-22.4448
3504107,-46.7165,-23.2616,-46.4309,-22.9975
3504206,-50.6855,-20.7729,-50.4765,-20.5065
3504305,-49.459,-22.3473,-49.1608,-22.0415
3504404,-50.0609,-21.6099,-49.8432,-21.3256
3504503,-49.0806,-23.3024,-48.7339,-22.8248
3504602,-49.5104,-20.9852,-49.346,-20.8789
3504701,-49.389,-21.9531,-49.2665,-21.8378
3504800,-49.6259,-20.7892,-49.4839,-20.6175
3504909,-44.5085,-22.8854,-44.1614,-22.5878
3505005,-49.6295,-23.679,-49.4901,-23.4582
3505104,-50.0288,-21.3554,-49.8166,-21.2257
3505203,-48.8672,-22.1928,-48.6027,-21.9287
3505302,-48.642,-22.5468,-48.448,-22.4117
3505351,-49.254,-24.5542,-48.9417,-24.3301
3505401,-48.6008,-25.1008,-48.2086,-24.6516
3505500,-48.8944,-20.7429,-48.3446,-20.2938
3505609,-48.1783,-21.3068,-47.9915,-21.1595
3505708,-46.9654,-23.5533,-46.7987,-23.4704
3505807,-50.8647,-22.0152,-50.6641,-21.8773
3505906,-47.7869,-21.0384,-47.4065,-20.6929
3506003,-49.2909,-22.4172,-48.9342,-22.0607
3506102,-48.686,-21.0913,-48.3672,-20.786
3506201,-50.987,-21.4479,-50.736,-21.1831
3506300,-49.5625,-23.1501,-49.4121,-22.9004
3506359,-46.2427,-23.8889,-45.794,-23.6435
3506409,-50.5538,-21.5235,-50.4181,-21.3077
3506508,-50.4666,-21.4681,-50.2393,-21.0603
3506607,-46.1121,-23.7363,-45.916,-23.5069
3506706,-48.6794,-22.0632,-48.2533,-21.8351
3506805,-48.6469,-22.1986,-48.3946,-21.987
3506904,-48.4923,-23.303,-48.1231,-22.9582
3507001,-47.7801,-23.3791,-47.5735,-23.1908
3507100,-46.5433,-23.2373,-46.4113,-23.1107
3507159,-49.2542,-24.405,-49.0749,-24.2453
3507209,-50.561,-22.3191,-50.4507,-22.1522
3507308,-48.8564,-22.2327,-48.7145,-22.1032
3507407,-49.2412,-21.7556,-48.9115,-21.456
3507456,-49.0968,-22.8406,-48.8882,-22.5295
3507506,-48.8522,-23.0819,-48.2396,-22.5953
3507605,-46.7209,-23.0517,-46.4049,-22.8215
3507704,-50.4249,-21.6375,-50.2579,-21.457
3507753,-50.2589,-21.2584,-50.155,-21.1105
3507803,-47.726,-21.1511,-47.5179,-20.9364
3507902,-48.33,-22.5069,-47.8795,-22.0732
3508009,-48.781,-23.9413,-48.3487,-23.5389
3508108,-50.3582,-21.1399,-50.0547,-20.9777
3508207,-47.8374,-20.2883,-47.5923,-20.1214
3508306,-49.503,-22.5764,-49.2667,-22.3885
3508405,-47.1914,-23.4046,-46.9588,-23.2225
3508504,-45.8418,-23.2379,-45.593,-22.9694
3508603,-45.1254,-22.8572,-44.893,-22.5627
3508702,-46.7626,-21.6851,-46.5,-21.427
3508801,-49.8094,-21.9406,-49.3089,-21.5241
3508900,-51.2912,-22.0714,-51.1515,-21.8233
3509007,-46.8237,-23.427,-46.6549,-23.3265
3509106,-52.1439,-22.048,-51.8428,-21.5422
3509205,-46.9409,-23.4303,-46.8197,-23.2779
3509254,-48.3194,-24.9121,-48.0465,-24.6407
3509304,-48.9491,-20.9377,-48.7441,-20.8128
3509403,-47.4789,-21.4626,-47.1814,-21.1008
3509452,-48.5393,-23.7154,-48.364,-23.5093
3509502,-47.2468,-23.0612,-46.8153,-22.7292
3509601,-46.8102,-23.2667,-46.7026,-23.1532
3509700,-45.6763,-22.7971,-45.3999,-22.5889
3509809,-50.1388,-22.7843,-49.8862,-22.4905
3509908,-48.2397,-25.358,-47.7344,-24.7563
3509957,-45.0752,-22.8101,-44.9747,-22.6758
3510005,-50.5787,-22.9464,-50.262,-22.673
3510104,-48.6846,-21.3943,-48.5756,-21.2869
3510153,-49.8372,-23.077,-49.7423,-22.9672
3510203,-48.5867,-24.2819,-47.9529,-23.8251
3510302,-47.8072,-23.5619,-47.6507,-23.385
3510401,-47.6233,-23.1281,-47.3822,-22.8454
3510500,-45.7197,-23.76,-45.2593,-23.4831
3510609,-46.8768,-23.5843,-46.8144,-23.5106
3510708,-50.1117,-20.2184,-49.8025,-19.9164
3510807,-47.2414,-22.0107,-46.9542,-21.5679
3510906,-47.2345,-21.3487,-47.0442,-21.1856
3511003,-51.7725,-21.1696,-51.4194,-20.6234
3511102,-49.0913,-21.2546,-48.8168,-21.0061
3511201,-49.1335,-21.1358,-48.9637,-21.0023
3511300,-49.375,-21.0192,-49.1418,-20.8143
3511409,-49.2487,-23.2601,-48.9813,-22.8831
3511508,-47.8277,-23.2531,-47.6841,-23.1217
3511607,-48.0092,-23.2838,-47.8018,-23.1503
3511706,-47.8309,-22.6088,-47.6653,-22.4426
3511904,-50.5575,-21.6621,-50.3845,-21.4884
3512001,-48.7537,-20.8406,-48.4254,-20.6291
3512100,-48.8888,-20.399,-48.5067,-20.1494
3512209,-47.2097,-22.482,-47.0749,-22.2836
3512308,-48.1662,-23.1042,-47.9275,-22.8212
3512407,-47.4933,-22.537,-47.3022,-22.4186
3512506,-50.4427,-21.5122,-50.2052,-21.2132
3512605,-49.4764,-23.738,-49.1325,-23.5246
3512704,-47.724,-22.3352,-47.4698,-22.1498
3512803,-47.2791,-22.7351,-47.0924,-22.57
3512902,-49.9245,-20.591,-49.6121,-20.26
3513009,-47.0848,-23.8034,-46.8078,-23.5631
3513108,-47.9071,-21.4285,-47.6303,-21.1958
3513207,-47.5295,-20.4655,-47.2767,-20.2683
3513306,-50.8537,-22.8009,-50.6524,-22.6694
3513405,-45.1244,-22.6603,-44.9025,-22.4632
3513504,-46.4962,-23.9415,-46.3202,-23.7812
3513603,-45.1643,-23.3239,-44.6236,-22.7886
3513702,-47.7919,-22.0551,-47.5102,-21.7059
3513801,-46.6513,-23.7391,-46.5775,-23.6573
3513850,-50.672,-20.5169,-50.5757,-20.3757
3513900,-46.8052,-21.7689,-46.6054,-21.5695
3514007,-48.4763,-21.5575,-48.2332,-21.4724
3514106,-48.4886,-22.6254,-48.2349,-22.1808
3514205,-50.5848,-20.1763,-50.4756,-20.0359
3514304,-48.4462,-22.1988,-48.2446,-22.0434
3514403,-51.714,-21.6872,-51.4762,-21.4271
3514502,-49.5148,-22.5034,-49.2855,-22.2942
3514601,-48.0533,-21.3101,-47.9063,-21.1815
3514700,-50.35,-22.5931,-50.0692,-22.2461
3514809,-48.4646,-24.8071,-48.0014,-24.1942
3514908,-47.4627,-23.1687,-47.2776,-22.9836
3514924,-49.1533,-21.2212,-49.0212,-21.0852
3514957,-48.911,-21.0155,-48.7905,-20.8923
3515004,-46.9183,-23.6882,-46.7919,-23.6101
3515103,-46.9122,-23.9419,-46.7625,-23.7646
3515129,-51.5736,-21.8764,-51.3865,-21.7018
3515152,-47.2529,-22.5271,-47.0825,-22.4312
3515186,-46.9001,-22.3073,-46.6707,-22.0643
3515194,-49.507,-22.7429,-49.3357,-22.584
3515202,-50.4809,-20.4123,-50.3309,-20.1036
3515301,-51.7844,-22.5732,-51.571,-22.3924
3515350,-52.7643,-22.6346,-52.4448,-22.3872
3515400,-49.6382,-23.5411,-49.3924,-23.259
3515509,-50.389,-20.4778,-50.145,-20.0886
3515608,-48.7544,-21.4239,-48.6193,-21.2186
3515657,-49.6191,-22.4431,-49.4592,-22.3098
3515707,-46.3995,-23.6177,-46.3497,-23.5112
3515806,-51.4965,-21.7747,-51.265,-21.629
3515905,-50.2505,-20.7819,-50.0881,-20.5126
3516002,-51.2854,-21.7438,-51.0588,-21.3547
3516101,-50.8236,-22.9634,-50.5523,-22.7728
3516200,-47.5528,-20.7734,-47.1435,-20.4171
3516309,-46.7843,-23.3024,-46.6384,-23.2485
3516408,-46.8428,-23.3683,-46.6358,-23.257
3516507,-50.6545,-21.5736,-50.4933,-21.4417
3516606,-49.729,-22.4692,-49.4228,-22.1816
3516705,-49.855,-22.383,-49.5233,-22.076
3516804,-50.2906,-20.8749,-50.1102,-20.7367
3516853,-48.5964,-21.871,-48.3308,-21.6895
3516903,-50.5549,-20.801,-50.2795,-20.4859
3517000,-50.2742,-21.9426,-49.8389,-21.6811
3517109,-50.2996,-21.4942,-50.1289,-21.1364
3517208,-49.9134,-21.7405,-49.633,-21.3627
3517307,-49.9667,-21.9715,-49.7719,-21.7583
3517406,-48.6469,-20.5463,-48.146,-20.1259
3517505,-49.2832,-20.8512,-49.0948,-20.5946
3517604,-48.6702,-24.3364,-48.4209,-24.0889
3517703,-47.932,-20.598,-47.6266,-20.3875
3517802,-51.4855,-21.2933,-51.1157,-20.849
3517901,-49.1207,-20.5917,-48.8522,-20.1501
3518008,-50.4229,-20.1063,-50.2837,-20.0174
3518107,-49.7565,-22.0477,-49.4023,-21.7794
3518206,-50.8736,-21.564,-50.5433,-20.9852
3518305,-46.1605,-23.5422,-45.9519,-23.3086
3518404,-45.4403,-23.0154,-45.0293,-22.6114
3518503,-48.3871,-23.4951,-48.0484,-23.2578
3518602,-48.3372,-21.4813,-48.1122,-21.3128
3518701,-46.3254,-24.0528,-46.1238,-23.8565
3518800,-46.5707,-23.5101,-46.3359,-23.2738
3518859,-48.1094,-21.5988,-47.8874,-21.3047
3518909,-50.8058,-20.7219,-50.6171,-20.5235
3519006,-50.512,-22.0821,-50.2704,-21.8065
3519055,-47.1157,-22.6901,-47.016,-22.5695
3519071,-47.2608,-22.9133,-47.1557,-22.8256
3519105,-49.1523,-22.0499,-48.8922,-21.751
3519204,-50.7371,-21.9353,-50.5115,-21.6568
3519253,-49.2098,-22.9592,-48.9832,-22.6669
3519303,-48.1661,-22.0606,-47.9205,-21.82
3519402,-49.3163,-21.1848,-49.1173,-20.9585
3519501,-50.1354,-22.9418,-50.0048,-22.6807
3519600,-49.084,-21.928,-48.6428,-21.6512
3519709,-47.3886,-24.0241,-46.984,-23.597
3519808,-49.3098,-20.4757,-49.0755,-20.2567
3519907,-51.2137,-22.7938,-50.9338,-22.4731
3520004,-48.6549,-22.5872,-48.4903,-22.4996
3520103,-47.8762,-20.1596,-47.509,-19.9781
3520202,-46.2637,-23.2574,-46.0655,-22.9849
3520301,-47.8303,-24.8471,-47.0779,-24.3364
3520400,-45.4621,-23.9681,-45.007,-23.7223
3520426,-47.9187,-25.0531,-47.4153,-24.6725
3520442,-51.4188,-20.6826,-51.0386,-20.2801
3520509,-47.3056,-23.226,-47.0836,-22.9978
3520608,-51.3217,-22.2211,-51.2035,-22.0446
3520707,-50.3523,-20.0474,-50.1718,-19.8664
3520806,-51.0092,-21.8226,-50.9142,-21.6322
3520905,-49.6828,-23.148,-49.5291,-22.9782
3521002,-47.745,-23.4811,-47.5344,-23.3297
3521101,-47.7956,-22.5411,-47.6387,-22.3283
3521150,-49.4653,-20.7316,-49.3467,-20.5432
3521200,-48.8108,-24.7262,-48.3472,-24.2526
3521309,-48.2114,-20.5318,-47.9143,-20.2896
3521408,-47.5827,-22.7171,-47.477,-22.5172
3521507,-49.5177,-21.3721,-49.2844,-21.1765
3521606,-51.4177,-21.644,-51.2856,-21.2916
3521705,-49.3427,-24.1254,-48.9487,-23.6862
3521804,-49.2236,-23.7215,-48.8228,-23.2455
3521903,-49.2341,-21.4916,-48.9002,-21.242
3522000,-48.909,-22.0241,-48.6787,-21.8838
3522109,-46.9833,-24.492,-46.6425,-23.9378
3522158,-48.9492,-24.6751,-48.7308,-24.552
3522208,-46.9378,-23.8047,-46.7691,-23.6678
3522307,-48.4086,-23.8614,-47.8072,-23.4084
3522406,-49.1996,-24.1991,-48.5488,-23.5935
3522505,-47.0302,-23.6038,-46.9074,-23.4987
3522604,-46.8846,-22.5862,-46.6163,-22.2861
3522653,-49.3177,-24.7024,-49.1233,-24.4101
3522703,-49.0003,-21.7165,-48.5742,-21.3706
3522802,-49.5761,-23.8069,-49.3013,-23.4941
3522901,-48.772,-22.3196,-48.6293,-22.1802
3523008,-51.5752,-20.6901,-51.3423,-20.465
3523107,-46.3973,-23.5122,-46.2705,-23.4161
3523206,-49.5245,-24.3179,-49.1215,-23.8845
3523305,-47.249,-24.3765,-47.0211,-24.1958
3523404,-46.9276,-23.1068,-46.6704,-22.922
3523503,-48.7787,-23.3431,-48.4278,-22.9418
3523602,-47.9599,-22.457,-47.7106,-22.1282
3523701,-47.2529,-20.7322,-47.0958,-20.5656
3523800,-47.0109,-21.8202,-46.843,-21.6962
3523909,-47.4393,-23.4399,-47.116,-23.1547
3524006,-47.1471,-23.2453,-46.9954,-23.0476
3524105,-48.0403,-20.4817,-47.6152,-20.1554
3524204,-48.5257,-20.7528,-48.3201,-20.561
3524303,-48.4505,-21.3607,-48.1356,-21.0592
3524402,-46.1536,-23.4198,-45.7937,-23.1722
3524501,-49.635,-21.0253,-49.5219,-20.859
3524600,-48.2255,-24.9864,-47.9126,-24.5712
3524709,-47.1027,-22.7504,-46.931,-22.6085
3524808,-50.6568,-20.3977,-50.458,-20.1304
3524907,-45.8091,-23.3562,-45.6122,-23.196
3525003,-46.9304,-23.5694,-46.8605,-23.5124
3525102,-48.0022,-21.1201,-47.6718,-20.8828
3525201,-46.8083,-23.215,-46.6539,-22.9773
3525300,-48.7327,-22.4823,-48.342,-22.1218
3525409,-47.6454,-20.4072,-47.4966,-20.2761
3525508,-46.3993,-23.0126,-46.041,-22.8572
3525607,-50.9353,-22.4445,-50.7035,-22.022
3525706,-49.9916,-21.2618,-49.5574,-20.9321
3525805,-49.8821,-22.0616,-49.7342,-21.8903
3525854,-47.8396,-23.153,-47.7463,-23.049
3525904,-47.0289,-23.3268,-46.7864,-23.0764
3526001,-51.5377,-21.7077,-51.3275,-21.2196
3526100,-47.8034,-24.3981,-47.4773,-24.0343
3526209,-47.2085,-24.0643,-46.8067,-23.8353
3526308,-45.3141,-23.198,-45.1242,-22.9984
3526407,-47.9516,-23.1759,-47.7476,-22.8607
3526506,-51.2257,-21.3841,-50.8502,-20.9098
3526605,-44.967,-22.6218,-44.8278,-22.423
3526704,-47.4909,-22.2679,-47.1904,-22.0849
3526803,-48.9638,-22.8524,-48.6606,-22.4841
3526902,-47.5117,-22.7384,-47.2118,-22.445
3527009,-46.7126,-22.5545,-46.599,-22.4728
3527108,-49.8691,-21.8045,-49.5176,-21.4891
3527207,-45.2065,-22.9244,-44.889,-22.6295
3527256,-50.3025,-21.0082,-50.1677,-20.8886
3527306,-46.9994,-23.1214,-46.8653,-23.0447
3527405,-51.1128,-21.8351,-50.8978,-21.4319
3527504,-49.6285,-22.5762,-49.4768,-22.3835
3527603,-47.9281,-21.7143,-47.6396,-21.3804
3527702,-50.4543,-21.7258,-50.2457,-21.622
3527801,-49.8857,-22.5268,-49.7355,-22.3508
3527900,-50.4797,-22.479,-50.2368,-22.1652
3528007,-48.827,-22.5591,-48.6211,-22.3685
3528106,-50.0512,-20.9784,-49.9023,-20.7232
3528205,-50.3088,-20.2058,-50.028,-19.9863
3528304,-50.3028,-20.7522,-50.1382,-20.4668
3528403,-47.3264,-23.6203,-47.1578,-23.4173
3528502,-46.6702,-23.431,-46.4183,-23.2258
3528601,-49.3876,-23.1447,-49.222,-22.9527
3528700,-52.2847,-22.291,-51.8607,-21.9477
3528809,-50.9823,-22.8053,-50.5143,-22.5096
3528858,-49.2341,-21.3249,-49.0587,-21.1856
3528908,-51.2492,-21.8651,-51.0923,-21.692
3529005,-50.1502,-22.4989,-49.7679,-21.8745
3529104,-50.8731,-20.5485,-50.7992,-20.4121
3529203,-51.2733,-22.5474,-50.9379,-21.8533
3529302,-48.6303,-21.7238,-48.2595,-21.5127
3529401,-46.4995,-23.7196,-46.3839,-23.6122
3529500,-49.688,-21.2776,-49.4545,-21.1276
3529609,-50.3113,-20.4967,-50.0801,-20.3104
3529658,-50.6864,-20.0494,-50.5517,-19.861
3529708,-48.4516,-20.3534,-47.8878,-20.0282
3529807,-48.516,-22.58,-48.3591,-22.3514
3529906,-47.591,-24.389,-47.1271,-23.998
3530003,-50.1934,-20.0486,-50.0441,-19.8737
3530102,-51.3303,-21.3432,-50.8996,-20.8309
3530201,-52.2321,-22.5394,-51.7385,-22.1514
3530300,-49.5823,-20.9751,-49.4322,-20.6817
3530409,-49.5443,-20.6939,-49.423,-20.4974
3530508,-47.248,-21.6339,-46.7743,-21.264
3530607,-46.3219,-23.7703,-46.0511,-23.3428
3530706,-47.2424,-22.4009,-46.7909,-22.0666
3530805,-47.136,-22.5761,-46.8602,-22.2998
3530904,-47.7012,-22.9979,-47.5071,-22.8871
3531001,-50.1641,-20.94,-50.0238,-20.8107
3531100,-46.7487,-24.1441,-46.5891,-23.9961
3531209,-46.7283,-22.7795,-46.6126,-22.6349
3531308,-48.7071,-21.3541,-48.425,-21.1622
3531407,-49.9482,-20.8607,-49.6052,-20.5925
3531506,-48.7856,-21.0105,-48.5856,-20.813
3531605,-51.6531,-21.3419,-51.4896,-21.1416
3531704,-45.9324,-23.0454,-45.6662,-22.8294
3531803,-47.4065,-23.0437,-47.2014,-22.8603
3531902,-48.3837,-20.9316,-47.9606,-20.4496
3532009,-46.8913,-22.9416,-46.6799,-22.834
3532058,-48.2634,-21.6188,-48.0743,-21.4206
3532108,-51.4109,-21.136,-51.1981,-20.8572
3532157,-51.2982,-22.7237,-51.1,-22.4777
3532207,-51.6279,-22.6972,-51.445,-22.3516
3532306,-45.5776,-23.5777,-45.1613,-23.2769
3532405,-46.5156,-23.3163,-46.2142,-23.0933
3532504,-49.7268,-20.9947,-49.5631,-20.7569
3532603,-50.1287,-20.8311,-49.9251,-20.5139
3532702,-49.8508,-20.9537,-49.7008,-20.8317
3532801,-49.6185,-21.1624,-49.4459,-20.9423
3532827,-49.1545,-24.3132,-48.8119,-24.0955
3532843,-50.9768,-20.4412,-50.8437,-20.297
3532868,-50.4323,-20.8552,-50.2654,-20.7091
3532900,-48.6697,-21.8491,-48.4415,-21.7077
3533007,-49.4781,-20.6075,-49.1889,-20.3016
3533106,-51.6816,-21.3561,-51.615,-21.2844
3533205,-51.6442,-21.2331,-51.4014,-21.0497
3533254,-48.9641,-21.0596,-48.8559,-20.9136
3533304,-50.3376,-20.906,-50.1628,-20.8343
3533403,-47.3584,-22.8318,-47.2105,-22.7313
3533502,-49.5471,-21.6733,-49.0675,-21.285
3533601,-47.8317,-20.8211,-47.6122,-20.5791
3533700,-50.0607,-22.541,-49.8512,-22.3274
3533809,-49.4606,-23.0579,-49.2799,-22.8816
3533908,-49.13,-20.8696,-48.7865,-20.5448
3534005,-49.3644,-20.6846,-49.1306,-20.5357
3534104,-50.1745,-22.2605,-50.0043,-22.0269
3534203,-49.4597,-20.3115,-49.2591,-20.1152
3534302,-47.99,-20.8144,-47.8005,-20.5861
3534401,-46.8218,-23.6091,-46.747,-23.458
3534500,-50.3326,-22.3799,-50.1694,-22.2087
3534609,-50.9612,-21.8702,-50.7689,-21.5416
3534708,-49.9725,-23.0733,-49.7627,-22.8382
3534757,-50.4815,-20.0588,-50.3316,-19.7862
3534807,-51.8428,-21.6075,-51.6466,-21.3854
3534906,-51.3547,-21.6752,-51.2067,-21.3183
3535002,-49.692,-20.5057,-49.3072,-20.1705
3535101,-48.8828,-21.1564,-48.774,-21.0416
3535200,-50.8546,-20.5532,-50.6537,-20.3241
3535309,-50.3596,-22.9541,-50.0989,-22.6869
3535408,-51.9659,-21.5834,-51.7521,-21.3363
3535507,-50.8579,-22.6453,-50.414,-22.2828
3535606,-45.7911,-23.6572,-45.45,-23.2907
3535705,-48.8443,-21.1003,-48.6919,-20.933
3535804,-49.0017,-23.6428,-48.6072,-23.2679
3535903,-50.6644,-20.1409,-50.5158,-19.9874
3536000,-50.9659,-21.969,-50.7064,-21.6887
3536109,-48.4763,-23.2036,-48.3029,-22.9956
3536208,-47.9644,-24.7994,-47.7277,-24.5661
3536257,-50.0812,-20.3362,-49.9991,-20.1817
3536307,-47.4527,-20.8646,-47.1377,-20.5231
3536406,-51.8797,-21.3748,-51.682,-21.0508
3536505,-47.218,-22.817,-47.0596,-22.68
3536570,-49.457,-22.6428,-49.1509,-22.4941
3536604,-49.6245,-20.242,-49.246,-19.9058
3536703,-49.0552,-22.4904,-48.7029,-22.0893
3536802,-46.5355,-22.8285,-46.3326,-22.7013
3536901,-50.2308,-20.3213,-50.0224,-20.0844
3537008,-47.6192,-20.3204,-47.2311,-19.9988
3537107,-46.9574,-22.8434,-46.8288,-22.6812
3537156,-50.9277,-22.8833,-50.7145,-22.7439
3537206,-47.3506,-24.3619,-46.9683,-23.9938
3537305,-50.2805,-21.5901,-49.977,-21.1955
3537404,-51.3246,-20.9098,-50.8639,-20.4554
3537503,-48.0629,-23.2325,-47.8979,-23.0145
3537602,-47.1208,-24.4482,-46.8976,-24.122
3537701,-50.7824,-21.661,-50.5411,-21.4914
3537800,-47.6187,-23.9829,-47.249,-23.6202
3537909,-47.8775,-24.0094,-47.5694,-23.7071
3538006,-45.67,-23.0715,-45.3072,-22.7034
3538105,-49.0109,-21.2996,-48.8414,-21.1055
3538204,-46.6609,-22.8508,-46.4861,-22.7212
3538303,-51.9154,-22.0584,-51.5873,-21.6301
3538501,-45.2691,-22.6595,-45.0946,-22.4969
3538600,-46.4835,-23.1227,-46.0866,-22.9639
3538709,-48.0987,-22.9018,-47.4905,-22.5209
3538808,-49.5734,-23.3368,-49.1977,-23.0515
3538907,-49.6955,-22.1397,-49.1843,-21.6703
3539004,-48.7779,-21.1649,-48.5661,-21.003
3539103,-47.0429,-23.4359,-46.9023,-23.3203
3539202,-51.8902,-22.6704,-51.413,-22.1977
3539301,-47.6265,-22.1042,-47.1975,-21.8399
3539400,-49.3235,-22.5292,-49.0657,-22.3021
3539509,-48.4331,-21.1304,-48.1244,-20.8754
3539608,-50.055,-21.1331,-49.8273,-20.9064
3539707,-50.3479,-22.7153,-50.0921,-22.525
3539806,-46.3685,-23.5735,-46.3244,-23.5048
3539905,-49.9054,-20.8175,-49.7613,-20.6677
3540002,-50.3459,-22.2509,-50.0434,-21.817
3540101,-49.4345,-21.8306,-49.2733,-21.6172
3540200,-48.179,-21.105,-47.9397,-20.8764
3540259,-50.625,-20.5285,-50.4302,-20.3771
3540309,-49.8254,-20.2855,-49.6525,-20.0711
3540408,-50.6142,-20.0371,-50.4322,-19.7797
3540507,-48.2249,-23.2712,-48.0123,-23.0804
3540606,-47.6319,-23.3852,-47.404,-23.0907
3540705,-47.555,-21.9359,-47.3349,-21.7557
3540754,-45.3645,-22.8578,-45.2375,-22.7886
3540804,-49.4957,-21.1925,-49.2896,-20.9603
3540853,-51.1402,-21.8893,-51.0085,-21.787
3540903,-48.1465,-21.4302,-47.9947,-21.2622
3541000,-46.6118,-24.0897,-46.3836,-23.9464
3541059,-48.8026,-22.8744,-48.5673,-22.7583
3541109,-49.5621,-22.2453,-49.2497,-22.0019
3541208,-51.8381,-22.3616,-51.4202,-21.8507
3541307,-52.4562,-22.2731,-51.9411,-21.4933
3541406,-51.4839,-22.2057,-51.2236,-21.7213
3541505,-52.0304,-22.0066,-51.6957,-21.5769
3541604,-50.1096,-21.7072,-49.6964,-21.275
3541653,-48.1393,-23.3833,-47.9491,-23.2226
3541703,-50.7873,-22.4375,-50.4852,-22.0193
3541802,-50.338,-21.8914,-50.1281,-21.7074
3541901,-44.8552,-22.6138,-44.6881,-22.4038
3542008,-50.5211,-22.1951,-50.2484,-21.9595
3542107,-47.6629,-23.1037,-47.5086,-22.9839
3542206,-51.1117,-22.675,-50.7051,-21.951
3542305,-45.6456,-23.339,-45.3718,-23.1599
3542404,-51.4005,-22.3551,-51.205,-22.1294
3542503,-49.2618,-22.0656,-49.1045,-21.6454
3542602,-48.085,-24.6384,-47.6267,-24.3517
3542701,-47.6052,-20.7417,-47.3953,-20.5546
3542800,-49.1714,-24.6884,-48.8998,-24.52
3542909,-48.3073,-22.1839,-48.0426,-21.8928
3543006,-48.9873,-24.3924,-48.6262,-24.1157
3543105,-47.6659,-20.531,-47.4998,-20.3858
3543204,-50.0101,-22.8331,-49.8366,-22.6637
3543238,-51.6683,-21.9414,-51.5105,-21.6754
3543253,-48.4496,-24.3145,-48.2745,-24.0521
3543303,-46.4762,-23.7709,-46.3307,-23.6177
3543402,-47.9892,-21.3694,-47.6467,-21.0595
3543501,-49.6107,-23.9301,-49.2894,-23.7586
3543600,-47.5492,-20.1708,-47.3292,-19.9607
3543709,-48.1704,-21.6782,-47.8591,-21.474
3543808,-50.8306,-21.7995,-50.6095,-21.563
3543907,-47.7654,-22.5521,-47.4616,-22.2437
3544004,-47.7122,-22.9265,-47.4951,-22.7653
3544103,-46.4289,-23.7741,-46.3237,-23.7022
3544202,-49.9068,-20.1816,-49.5496,-19.92
3544251,-53.1101,-22.6584,-52.6116,-22.3031
3544301,-45.3538,-23.0271,-45.255,-22.8378
3544400,-50.9241,-21.4907,-50.6932,-21.199
3544509,-51.1094,-20.4317,-50.9183,-20.0963
3544608,-49.6973,-21.6166,-49.4455,-21.3492
3544707,-51.0835,-21.9262,-50.904,-21.7998
3544806,-49.6284,-21.4482,-49.396,-21.227
3544905,-47.9856,-20.9107,-47.7182,-20.7396
3545001,-45.9927,-23.6832,-45.6948,-23.4721
3545100,-50.9401,-21.6894,-50.8091,-21.4856
3545159,-47.8069,-22.9332,-47.6638,-22.7994
3545209,-47.3896,-23.2371,-47.1954,-23.1107
3545308,-47.7066,-23.757,-47.4668,-23.5654
3545407,-50.0566,-22.9607,-49.8782,-22.7851
3545506,-52.0329,-22.6132,-51.7074,-22.3214
3545605,-48.9239,-21.4276,-48.7309,-21.2144
3545704,-50.8442,-20.148,-50.6492,-19.9162
3545803,-47.5305,-22.9083,-47.3418,-22.6993
3546009,-45.9874,-23.5068,-45.754,-23.3294
3546108,-51.0012,-20.1419,-50.8252,-19.9902
3546207,-47.5784,-22.1876,-47.3997,-22.0636
3546256,-47.5171,-21.3692,-47.3678,-21.204
3546306,-47.3469,-21.9821,-47.1598,-21.7417
3546405,-49.7808,-23.0087,-49.3682,-22.5124
3546504,-48.4639,-21.5055,-48.2826,-21.3852
3546603,-51.0256,-20.4033,-50.8648,-20.1294
3546702,-47.5793,-22.5356,-47.463,-22.4123
3546801,-46.3642,-23.4078,-46.1007,-23.1834
3546900,-48.1805,-21.7148,-47.9098,-21.6158
3547007,-48.2615,-22.6519,-48.055,-22.476
3547106,-51.8087,-21.3952,-51.6728,-21.2238
3547205,-50.86,-20.3393,-50.7484,-20.1619
3547304,-47.0375,-23.5082,-46.8003,-23.385
3547403,-50.886,-20.217,-50.7391,-19.9676
3547502,-47.7241,-21.8082,-47.2933,-21.5468
3547601,-47.4475,-21.6137,-47.2637,-21.395
3547650,-50.7851,-20.3371,-50.6682,-20.1933
3547700,-51.8844,-22.2019,-51.5511,-21.8251
3547809,-46.5672,-23.8159,-46.2784,-23.6056
3547908,-47.3088,-21.2123,-47.1128,-20.9538
3548005,-47.0483,-22.6829,-46.8635,-22.5441
3548054,-50.8729,-21.0654,-50.2628,-20.6705
3548104,-46.7578,-22.1813,-46.5985,-22.0833
3548203,-45.7709,-22.8915,-45.6141,-22.767
3548302,-51.4242,-21.8871,-51.3252,-21.7381
3548401,-50.6099,-21.7158,-50.4432,-21.6058
3548500,-46.4031,-24.3313,-46.1606,-23.7353
3548609,-45.8199,-22.7877,-45.5554,-22.5733
3548708,-46.652,-23.9679,-46.4103,-23.641
3548807,-46.585,-23.6506,-46.5446,-23.5995
3548906,-48.0913,-22.1613,-47.7195,-21.5974
3549003,-50.7424,-20.4377,-50.6131,-20.3084
3549102,-46.9441,-22.095,-46.6499,-21.838
3549201,-50.4483,-20.4836,-50.3216,-20.3333
3549250,-50.4587,-20.586,-50.2713,-20.4604
3549300,-51.732,-21.3061,-51.6207,-21.1489
3549409,-48.1344,-20.6486,-47.7788,-20.4324
3549508,-47.743,-20.7017,-47.5287,-20.4802
3549607,-44.7248,-22.9067,-44.4516,-22.6014
3549706,-47.0377,-21.7088,-46.7575,-21.4841
3549805,-49.4633,-20.9328,-49.2556,-20.6353
3549904,-46.108,-23.3067,-45.7213,-22.8163
3549953,-47.0288,-23.9384,-46.8484,-23.7745
3550001,-45.4268,-23.3971,-45.0676,-23.0849
3550100,-48.7294,-22.8592,-48.3654,-22.5366
3550209,-48.2075,-24.1203,-47.8134,-23.7432
3550308,-46.8262,-24.0084,-46.3651,-23.3563
3550407,-48.0806,-22.6925,-47.7824,-22.4243
3550506,-49.9022,-22.8783,-49.5949,-22.5006
3550605,-47.2089,-23.6539,-46.9909,-23.4115
3550704,-45.8424,-24.1133,-45.3961,-23.6489
3550803,-46.8722,-21.8414,-46.6306,-21.6581
3550902,-47.8298,-21.5923,-47.3797,-21.3399
3551009,-46.6503,-24.0102,-46.3551,-23.8996
3551108,-47.9177,-23.766,-47.6341,-23.5321
3551207,-49.5499,-23.3358,-49.419,-23.1823
3551306,-49.9857,-20.7106,-49.8285,-20.5581
3551405,-47.6609,-21.414,-47.4565,-21.2005
3551504,-47.6792,-21.2803,-47.5268,-21.1481
3551603,-46.7977,-22.666,-46.6013,-22.5037
3551702,-48.1869,-21.2184,-47.8708,-20.9921
3551801,-48.1398,-24.515,-47.7574,-24.0762
3551900,-48.8917,-20.8448,-48.7176,-20.7252
3552007,-44.9277,-22.8969,-44.7447,-22.5991
3552106,-46.6321,-22.7304,-46.3923,-22.4678
3552205,-47.5705,-23.5893,-47.3028,-23.3508
3552304,-51.0578,-20.8268,-50.7616,-20.5311
3552403,-47.3699,-22.9088,-47.1534,-22.7867
3552502,-46.3835,-23.7446,-46.2544,-23.4851
3552551,-51.2314,-20.5651,-50.9644,-20.3709
3552601,-49.1327,-21.0655,-48.9038,-20.8113
3552700,-48.7517,-21.8367,-48.4788,-21.6175
3552809,-46.8216,-23.6472,-46.7492,-23.5949
3552908,-51.4591,-22.6745,-51.219,-22.3239
3553005,-49.4779,-23.5409,-49.3219,-23.3955
3553104,-48.5977,-21.1902,-48.4766,-21.0748
3553203,-48.4932,-21.2122,-48.3443,-21.0702
3553302,-47.3999,-21.7579,-47.0833,-21.4422
3553401,-49.8707,-20.7149,-49.4912,-20.3217
3553500,-47.907,-24.1351,-47.3549,-23.8621
3553609,-46.8364,-21.5522,-46.6156,-21.3601
3553658,-48.4607,-21.098,-48.3169,-21.0374
3553708,-48.7259,-21.5666,-48.3118,-21.3169
3553807,-49.3621,-23.6677,-49.1168,-23.4006
3553856,-48.7958,-24.0316,-48.5473,-23.8487
3553906,-51.7122,-22.4469,-51.5337,-22.28
3553955,-50.7068,-22.8726,-50.5031,-22.6737
3554003,-48.0833,-23.4887,-47.7246,-23.2223
3554102,-45.7251,-23.2246,-45.289,-22.948
3554201,-49.4184,-23.4351,-49.2019,-23.2628
3554300,-52.6556,-22.6755,-52.1356,-22.1807
3554409,-48.451,-20.8543,-48.2435,-20.6955
3554508,-47.8267,-23.2232,-47.5834,-22.8769
3554607,-49.7167,-23.2818,-49.5222,-23.1131
3554656,-48.2608,-23.3032,-48.1547,-23.1962
3554706,-48.2895,-22.5366,-48.0408,-22.3616
3554755,-48.4413,-22.0781,-48.2915,-21.9858
3554805,-45.7047,-23.0012,-45.5036,-22.875
3554904,-50.9379,-20.3875,-50.8147,-20.1658
3554953,-46.7612,-22.8947,-46.6214,-22.7676
3555000,-50.7102,-22.111,-50.3545,-21.804
3555109,-51.7232,-21.4549,-51.4788,-21.3124
3555208,-50.1828,-21.0018,-50.0224,-20.8732
3555307,-50.5197,-20.1589,-50.3928,-19.9837
3555356,-49.8565,-21.3064,-49.6596,-21.1258
3555406,-45.2806,-23.5967,-44.7237,-23.1986
3555505,-49.772,-22.6655,-49.5648,-22.4366
3555604,-49.2575,-21.0781,-49.0782,-20.783
3555703,-49.9571,-20.9354,-49.8339,-20.8425
3555802,-50.7352,-20.3337,-50.5917,-20.0615
3555901,-49.3912,-21.8603,-49.2386,-21.659
3556008,-49.3994,-21.3147,-49.1418,-21.1242
3556107,-50.2029,-20.5135,-50.0319,-20.3045
3556206,-47.0749,-23.057,-46.8755,-22.9032
3556305,-51.1451,-21.4394,-50.7446,-20.9359
3556354,-46.4859,-22.9814,-46.3449,-22.8072
3556404,-47.0042,-21.9821,-46.7505,-21.7539
3556453,-47.059,-23.6709,-46.9815,-23.5779
3556503,-46.8554,-23.2611,-46.7966,-23.1814
3556602,-49.9132,-22.3569,-49.742,-22.0974
3556701,-47.0416,-23.1155,-46.9034,-23.0061
3556800,-48.4093,-20.955,-48.2077,-20.8063
3556909,-48.7288,-21.2145,-48.5809,-21.139
3556958,-50.5225,-20.2453,-50.4507,-20.1528
3557006,-47.5184,-23.65,-47.2966,-23.519
3557105,-50.1547,-20.576,-49.8523,-20.3167
3557154,-50.1513,-21.2268,-49.9585,-20.9973
3557204,-49.8194,-23.1484,-49.6652,-22.9346
3557303,-46.9837,-22.2956,-46.8971,-22.1835
4100103,-50.4811,-23.3828,-50.1915,-23.2244
4100202,-49.1392,-24.9445,-48.4993,-24.6332
4100301,-49.3775,-26.1389,-49.2316,-25.9426
4100400,-49.4522,-25.387,-49.2295,-25.2243
4100459,-52.8788,-24.932,-52.5347,-24.7173
4100509,-54.169,-24.0367,-53.7388,-23.7913
4100608,-52.4209,-23.2341,-52.233,-22.9067
4100707,-53.5191,-24.253,-53.3119,-23.9295
4100806,-51.3559,-22.9668,-51.1546,-22.6662
4100905,-52.9386,-23.2743,-52.7152,-23.0038
4101002,-53.607,-26.0203,-53.3455,-25.7962
4101051,-53.2225,-24.7124,-53.0835,-24.5696
4101101,-50.37,-23.122,-50.1701,-22.931
4101150,-51.9769,-23.2641,-51.8648,-23.1303
4101200,-48.853,-25.503,-48.5542,-25.0889
4101309,-50.2698,-26.079,-49.9643,-25.8128
4101408,-51.6327,-23.7372,-51.2142,-23.4179
4101507,-51.5955,-23.5495,-51.3013,-23.3424
4101606,-50.2208,-24.3014,-49.7395,-23.8438
4101655,-51.9197,-24.4195,-51.7256,-24.2357
4101705,-52.7534,-24.1047,-52.4179,-23.7471
4101804,-49.5866,-25.7889,-49.338,-25.4798
4101853,-51.6627,-24.4482,-51.4221,-24.3101
4101903,-51.0104,-23.5549,-50.7522,-23.2821
4102000,-53.7158,-24.6895,-53.4298,-24.2009
4102109,-51.8711,-23.3874,-51.59,-23.0847
4102208,-52.1536,-23.1958,-51.9699,-23.0589
4102307,-49.8094,-25.6199,-49.5634,-25.3551
4102406,-50.4767,-23.276,-50.2092,-23.0312
4102505,-52.2276,-24.2345,-51.8895,-23.9117
4102604,-53.6535,-26.303,-53.4308,-26.1975
4102703,-50.2543,-23.1495,-50.0567,-23.0673
4102752,-53.7233,-25.956,-53.5561,-25.8134
4102802,-51.3448,-23.1181,-51.1693,-22.8988
4102901,-51.8212,-26.3812,-51.2605,-25.9148
4103008,-52.8694,-24.3854,-52.6276,-24.1395
4103024,-53.3068,-25.706,-53.1545,-25.5635
4103040,-51.7805,-25.0152,-51.4087,-24.6444
4103057,-53.5205,-25.5364,-53.3302,-25.342
4103107,-49.222,-25.2828,-48.5629,-24.9149
4103156,-53.6721,-26.2199,-53.4603,-26.0892
4103206,-51.9636,-23.8067,-51.6938,-23.6263
4103222,-52.9437,-26.1674,-52.7193,-26.0023
4103305,-51.7403,-24.0494,-51.4573,-23.8554
4103354,-53.2028,-24.9432,-52.947,-24.6356
4103370,-53.6666,-24.261,-53.4363,-24.0504
4103404,-51.8002,-22.8909,-51.6316,-22.701
4103453,-53.4591,-24.8083,-53.236,-24.5717
4103479,-53.6804,-24.0911,-53.4578,-23.8196
4103503,-51.4357,-23.7172,-51.2383,-23.6158
4103602,-50.2103,-23.0951,-49.9614,-22.8967
4103701,-51.418,-23.3991,-51.1702,-23.0127
4103800,-51.6314,-23.7402,-51.4763,-23.4828
4103909,-52.9865,-24.7639,-52.5955,-24.473
4103958,-51.8951,-25.233,-51.6376,-24.9872
4104006,-49.1355,-25.3706,-48.5438,-24.9968
4104055,-53.1095,-25.103,-52.9022,-24.7021
4104105,-49.7921,-26.0704,-49.5335,-25.8896
4104204,-49.8568,-25.5541,-49.3719,-24.9786
4104253,-49.5778,-25.4192,-49.3398,-25.1749
4104303,-52.5429,-24.2981,-52.1872,-23.9543
4104402,-51.5026,-24.971,-50.9629,-24.3937
4104428,-52.4138,-25.7449,-51.7372,-25.2994
4104451,-52.2706,-25.4797,-51.9956,-25.1321
4104501,-53.9912,-25.7092,-53.5843,-25.5045
4104600,-53.7073,-25.5652,-53.4683,-25.3466
4104659,-50.3595,-25.0245,-49.9384,-24.7559
4104709,-49.87,-23.5645,-49.5666,-23.3495
4104808,-53.7238,-25.3719,-53.0721,-24.7431
4104907,-50.2463,-25.0724,-49.4988,-24.5411
4105003,-53.3271,-25.3744,-52.9699,-25.0934
4105102,-51.6525,-22.931,-51.4759,-22.6579
4105201,-49.5674,-25.0978,-49.0523,-24.6714
4105300,-53.954,-25.6071,-53.6231,-24.9688
4105409,-52.7258,-25.945,-52.214,-25.6436
4105508,-52.7426,-23.9534,-52.4525,-23.5201
4105607,-53.0364,-23.5421,-52.8456,-23.2062
4105706,-52.561,-26.467,-52.1466,-26.1509
4105805,-49.2683,-25.3937,-49.0922,-25.2256
4105904,-52.0899,-22.958,-51.8324,-22.6773
4106001,-50.625,-23.7661,-50.384,-23.4804
4106100,-50.1957,-23.6835,-50.0398,-23.4881
4106209,-49.6149,-25.8071,-49.385,-25.5906
4106308,-53.4067,-24.9536,-53.1071,-24.5204
4106407,-50.8138,-23.3753,-50.4651,-23.0146
4106456,-52.1928,-26.4109,-51.6953,-25.9362
4106506,-52.8214,-26.1181,-52.3577,-25.8694
4106555,-52.2319,-24.206,-52.0502,-24.0495
4106571,-53.2014,-25.6842,-53.0472,-25.5089
4106605,-53.2237,-23.9761,-52.9521,-23.4931
4106704,-52.2844,-23.0664,-52.0237,-22.897
4106803,-51.6192,-26.1243,-50.9351,-25.6662
4106852,-51.621,-24.121,-51.379,-23.8832
4106902,-49.3893,-25.6454,-49.1852,-25.3451
4107009,-50.7028,-24.1226,-50.2878,-23.8592
4107108,-53.0117,-22.7094,-52.7784,-22.5656
4107124,-52.8033,-25.1328,-52.5844,-24.8546
4107157,-54.2229,-25.0787,-53.9655,-24.8593
4107207,-53.2598,-25.8776,-52.9517,-25.6081
4107256,-53.3812,-23.5035,-53.1954,-23.1983
4107306,-52.3048,-23.6266,-52.1003,-23.5115
4107405,-53.243,-25.9893,-53.0695,-25.7759
4107504,-52.4445,-23.8891,-52.1115,-23.6347
4107520,-53.8814,-23.7857,-53.7234,-23.6601
4107538,-54.3323,-24.7563,-54.0944,-24.6595
4107546,-52.9185,-25.5035,-52.6618,-25.265
4107553,-52.7667,-24.224,-52.5062,-24.024
4107603,-51.461,-24.1585,-51.0807,-23.8487
4107652,-49.3655,-25.7543,-49.2407,-25.611
4107702,-52.1459,-23.9962,-51.9365,-23.7899
4107736,-50.6219,-25.6562,-50.3566,-25.3091
4107751,-50.4849,-23.961,-50.3771,-23.7535
4107801,-52.4212,-23.4137,-52.2189,-23.2506
4107850,-53.4758,-26.3481,-53.1527,-26.1612
4107900,-52.1908,-23.6909,-51.9998,-23.5197
4108007,-51.4875,-22.9944,-51.308,-22.7946
4108106,-52.0183,-23.162,-51.9144,-23.0487
4108205,-53.4706,-24.4285,-53.2389,-24.1627
4108304,-54.6202,-25.6971,-54.2963,-25.2115
4108320,-53.9922,-24.1914,-53.7657,-24.0067
4108403,-53.3787,-26.1974,-52.8847,-25.9374
4108452,-52.2331,-25.7765,-51.9639,-25.6085
4108502,-51.6062,-26.7171,-51.2147,-26.2421
4108551,-52.0103,-24.2409,-51.8174,-24.0687
4108601,-53.2645,-24.283,-52.8549,-24.0614
4108650,-52.1886,-25.3172,-51.8622,-24.9596
4108700,-51.5802,-24.3016,-51.3328,-24.083
4108809,-54.3456,-24.3872,-54.0985,-23.999
4108908,-52.8914,-23.0587,-52.5906,-22.7824
4108957,-50.95,-25.2786,-50.7232,-25.0688
4109005,-50.1785,-23.552,-49.9839,-23.3929
4109104,-52.9391,-23.4035,-52.7211,-23.2625
4109203,-51.7947,-23.0328,-51.5765,-22.8888
4109302,-53.057,-25.3425,-52.6545,-24.7513
4109401,-52.0229,-25.6822,-51.0897,-24.9697
4109500,-48.6622,-25.4933,-48.0235,-24.9774
4109609,-48.9925,-25.9933,-48.5496,-25.5971
4109658,-52.576,-26.2809,-52.2102,-26.0403
4109708,-50.4761,-23.9975,-50.1153,-23.5821
4109757,-53.1039,-25.209,-52.95,-25.0971
4109807,-51.1711,-23.3465,-50.9476,-23.1064
4109906,-53.7622,-23.5359,-53.4422,-23.211
4110003,-51.9431,-23.3049,-51.7319,-23.1309
4110052,-53.1479,-24.7542,-53.0352,-24.6068
4110078,-50.8888,-24.5661,-50.6049,-24.3136
4110102,-50.8169,-25.411,-50.447,-25.0381
4110201,-51.4091,-25.835,-50.9601,-25.4534
4110300,-52.2923,-22.8201,-52.1619,-22.6154
4110409,-52.7479,-23.5671,-52.5953,-23.3972
4110508,-50.8498,-25.2166,-50.3706,-24.7976
4110607,-53.9682,-24.2088,-53.5552,-23.911
4110656,-53.3967,-24.5004,-53.305,-24.3653
4110706,-51.1464,-25.6215,-50.5797,-25.3549
4110805,-52.2779,-24.5142,-51.9467,-24.2027
4110904,-52.0334,-22.8033,-51.9015,-22.5395
4110953,-54.4736,-25.2483,-54.1926,-25.0246
4111001,-50.5418,-23.0693,-50.3357,-22.9054
4111100,-52.1192,-23.8181,-51.9192,-23.612
4111209,-52.9657,-26.1109,-52.7228,-25.8566
4111258,-49.6054,-25.2633,-49.3211,-24.9594
4111308,-52.9681,-22.7824,-52.8157,-22.6784
4111407,-51.0182,-25.1614,-50.6994,-24.8315
4111506,-51.7761,-24.4054,-51.4597,-24.1572
4111555,-53.5574,-23.5648,-53.3304,-23.187
4111605,-52.2698,-23.6557,-52.0974,-23.5197
4111704,-50.1764,-23.7915,-49.9983,-23.6471
4111803,-50.1397,-23.3384,-49.809,-22.9545
4111902,-51.7531,-23.2132,-51.3954,-22.8868
4112009,-49.9863,-24.6142,-49.4546,-24.065
4112108,-51.7992,-23.7044,-51.6008,-23.5503
4112207,-52.8859,-24.3175,-52.7008,-23.9888
4112306,-50.2413,-23.8573,-50.0771,-23.5649
4112405,-52.62,-23.5085,-52.4645,-23.3657
4112504,-51.9581,-24.3264,-51.5384,-24.0945
4112603,-52.1523,-22.6418,-52.0037,-22.5163
4112702,-50.9882,-23.3506,-50.8456,-23.1473
4112751,-53.4813,-24.5435,-53.3414,-24.2822
4112801,-50.0275,-23.5718,-49.8125,-23.3053
4112900,-50.3043,-23.5883,-50.1147,-23.3545
4112959,-52.9752,-24.5146,-52.7015,-24.2976
4113007,-52.548,-23.7762,-52.3278,-23.5356
4113106,-51.7959,-23.946,-51.5864,-23.78
4113205,-50.2315,-26.0584,-49.5188,-25.5441
4113254,-52.6629,-25.0504,-52.3698,-24.7341
4113304,-52.5657,-25.5054,-52.2459,-25.1144
4113403,-50.8427,-23.1411,-50.6091,-22.8955
4113429,-51.7123,-24.1512,-51.5467,-23.9938
4113452,-53.665,-25.3517,-53.4215,-25.1437
4113502,-53.2847,-23.1063,-52.8698,-22.8361
4113601,-52.1032,-23.0812,-51.892,-22.8767
4113700,-51.3216,-23.78,-50.8763,-23.1714
4113734,-52.5193,-24.5367,-52.0832,-24.154
4113759,-51.896,-24.1753,-51.6698,-23.9764
4113809,-51.7262,-22.8314,-51.6281,-22.6563
4113908,-51.041,-26.0572,-50.6569,-25.6866
4114005,-52.7817,-24.529,-52.4261,-24.1713
4114104,-52.1784,-23.4179,-51.9569,-23.1548
4114203,-51.837,-23.6486,-51.6062,-23.3296
4114302,-49.4505,-25.9572,-49.2052,-25.6735
4114351,-53.4948,-26.1943,-53.2418,-26.0159
4114401,-52.3859,-26.3261,-52.0776,-25.7487
4114500,-51.847,-24.6038,-51.4505,-24.3872
4114609,-54.3361,-24.7668,-53.9853,-24.4103
4114708,-53.3518,-23.7281,-53.1164,-23.4539
4114807,-52.0617,-23.6775,-51.7099,-23.3153
4114906,-51.4421,-23.8995,-51.1459,-23.5858
4115002,-53.1279,-22.8552,-52.9947,-22.6182
4115101,-53.3286,-24.1984,-53.1072,-23.912
4115200,-52.1003,-23.558,-51.8358,-23.2539
4115309,-52.7006,-26.4161,-52.4915,-26.2357
4115358,-53.9107,-24.5776,-53.7149,-24.3695
4115408,-53.19,-26.392,-52.9845,-26.099
4115457,-52.4208,-25.2568,-52.0735,-24.9767
4115507,-51.7848,-23.8409,-51.5609,-23.6669
4115606,-54.0213,-25.5951,-53.7742,-25.0719
4115705,-48.6383,-25.8532,-48.3638,-25.6994
4115739,-52.3947,-24.797,-52.0762,-24.5959
4115754,-51.2771,-23.993,-51.0804,-23.8395
4115804,-54.2039,-25.3666,-53.9923,-25.1656
4115853,-54.2956,-24.4965,-54.0902,-24.3712
4115903,-52.863,-23.2962,-52.6498,-23.1091
4116000,-51.5333,-23.0667,-51.4362,-22.9148
4116059,-54.4185,-25.1973,-54.0996,-25.0177
4116109,-53.1316,-24.1177,-52.8531,-23.9277
4116208,-48.978,-25.7265,-48.6804,-25.2903
4116307,-51.7979,-23.2225,-51.6722,-23.0392
4116406,-51.8734,-23.0089,-51.7146,-22.8299
4116505,-52.7014,-23.2324,-52.5467,-23.1092
4116604,-50.7674,-23.4201,-50.6291,-23.2509
4116703,-53.4478,-24.6525,-53.152,-24.329
4116802,-52.7122,-24.7843,-52.4146,-24.4785
4116901,-52.4208,-23.3001,-52.0987,-23.0263
4116950,-53.3638,-25.9984,-53.1668,-25.7812
4117008,-50.6648,-23.4942,-50.4118,-23.3256
4117057,-52.8434,-25.489,-52.3912,-24.9632
4117107,-53.0389,-22.903,-52.8493,-22.5988
4117206,-53.1195,-23.5034,-53.0233,-23.3431
4117214,-50.8577,-23.6258,-50.6558,-23.5566
4117222,-54.124,-24.5275,-53.8542,-24.3698
4117255,-53.5054,-25.6967,-53.2543,-25.4765
4117271,-52.052,-24.62,-51.8245,-24.2443
4117297,-51.597,-23.8728,-51.4717,-23.6907
4117305,-51.3745,-24.4138,-50.677,-23.7956
4117404,-52.3247,-23.5733,-52.1441,-23.3494
4117453,-54.0632,-24.8846,-53.7834,-24.7125
4117503,-52.2275,-23.523,-52.0065,-23.4003
4117602,-52.1777,-26.5994,-51.5121,-26.2439
4117701,-50.3585,-25.652,-49.7404,-25.2514
4117800,-52.4541,-25.0753,-52.0399,-24.7032
4117909,-53.9666,-24.4675,-53.6633,-24.1198
4118006,-52.7637,-23.3322,-52.5469,-23.1793
4118105,-52.2568,-22.9542,-52.0527,-22.7118
4118204,-48.7041,-25.7341,-48.2769,-25.375
4118303,-52.1855,-22.7303,-51.9969,-22.5692
4118402,-52.75,-23.1411,-52.3473,-22.6068
4118451,-54.3269,-24.6976,-54.1696,-24.5806
4118501,-52.8131,-26.3081,-52.5305,-25.9963
4118600,-50.9934,-26.2893,-50.6975,-26.0572
4118709,-50.9007,-26.1818,-50.6208,-25.9675
4118808,-52.5092,-24.0532,-52.1149,-23.807
4118857,-53.5315,-24.0916,-53.2323,-23.8231
4118907,-53.7899,-23.9522,-53.6185,-23.7097
4119004,-53.85,-25.9273,-53.5965,-25.7633
4119103,-49.5517,-26.1867,-49.3473,-25.948
4119152,-49.2035,-25.4719,-49.1039,-25.3784
4119202,-50.1639,-23.9921,-49.9637,-23.7381
4119251,-53.5738,-26.0654,-53.365,-25.96
4119301,-52.0294,-26.0117,-51.3011,-25.5888
4119400,-50.21,-24.6468,-49.5736,-24.2394
4119509,-49.1756,-25.5507,-48.941,-25.3864
4119608,-52.12,-24.9011,-51.4504,-24.4493
4119657,-51.6228,-23.2888,-51.5196,-23.1283
4119707,-53.0358,-23.2416,-52.7879,-22.9408
4119806,-53.8795,-25.8228,-53.5664,-25.6417
4119905,-50.4587,-25.3874,-49.6797,-24.8909
4119954,-48.59,-25.7508,-48.3484,-25.5447
4120002,-51.5191,-22.837,-51.3074,-22.6521
4120101,-49.9925,-25.6113,-49.7666,-25.4435
4120150,-52.5306,-25.7013,-52.2557,-25.4812
4120200,-53.4104,-22.9352,-53.2386,-22.7335
4120309,-51.2944,-26.3515,-51.1239,-26.1303
4120333,-51.4921,-23.0936,-51.3117,-22.9613
4120358,-53.8429,-26.0451,-53.5456,-25.9016
4120408,-52.244,-23.35,-52.0587,-23.1778
4120507,-51.1841,-22.9768,-50.9309,-22.7388
4120606,-51.4106,-25.5175,-50.7818,-24.7529
4120655,-53.2897,-24.4074,-53.0085,-24.2243
4120705,-50.0392,-23.6088,-49.8452,-23.5051
4120804,-49.1239,-25.4447,-48.899,-25.3028
4120853,-54.0268,-24.6644,-53.9176,-24.4826
4120903,-53.1526,-25.614,-52.7651,-25.2785
4121000,-53.7149,-23.306,-53.3165,-22.8139
4121109,-52.2681,-23.9464,-52.0339,-23.7055
4121208,-49.6806,-26.0603,-49.3607,-25.7836
4121257,-54.1944,-25.1765,-53.9778,-25.0224
4121307,-50.9934,-23.1491,-50.8412,-22.9788
4121356,-53.0783,-24.406,-52.8626,-24.1351
4121406,-53.639,-25.8322,-53.4634,-25.5065
4121505,-50.789,-25.788,-50.4556,-25.5495
4121604,-53.0682,-26.3702,-52.8119,-26.0709
4121703,-51.1933,-24.8641,-50.7199,-24.3234
4121752,-52.1686,-26.0267,-51.7955,-25.7199
4121802,-49.893,-23.4422,-49.6216,-23.0892
4121901,-50.5071,-23.5979,-50.2981,-23.2487
4122008,-51.0071,-25.8772,-50.5989,-25.5848
4122107,-51.5142,-23.8834,-51.3483,-23.7088
4122156,-52.7883,-25.6989,-52.4114,-25.4184
4122172,-51.4889,-24.439,-51.1691,-24.2489
4122206,-49.5801,-25.2343,-49.0635,-24.8764
4122305,-49.9406,-26.2374,-49.486,-25.943
4122404,-51.5411,-23.395,-51.29,-23.1672
4122503,-52.5175,-24.7298,-52.0135,-24.4141
4122602,-52.9856,-23.6196,-52.638,-23.311
4122651,-51.35,-24.4681,-51.0779,-24.1589
4122701,-51.6902,-23.4343,-51.5004,-23.2629
4122800,-53.5459,-26.2135,-53.2985,-26.0528
4122909,-49.8309,-23.7184,-49.5987,-23.5233
4123006,-53.3936,-25.8811,-53.1388,-25.6678
4123105,-50.4768,-23.2999,-50.3042,-23.2084
4123204,-50.8843,-23.5856,-50.6973,-23.4866
4123303,-53.5157,-23.251,-53.2293,-22.9125
4123402,-51.915,-23.1744,-51.7494,-22.9454
4123501,-54.4572,-25.0415,-54.1451,-24.6945
4123600,-51.959,-22.8362,-51.8558,-22.6019
4123709,-53.3503,-23.2469,-53.1298,-22.9731
4123808,-53.5109,-25.9277,-53.3258,-25.6282
4123824,-53.6269,-25.4426,-53.4746,-25.333
4123857,-52.1523,-25.0533,-51.6591,-24.7529
4123907,-50.6373,-23.2083,-50.437,-22.9039
4123956,-53.2088,-23.2443,-53.0214,-23.0429
4124004,-49.7672,-23.8469,-49.5484,-23.6521
4124020,-53.7325,-25.1691,-53.5032,-24.8709
4124053,-54.5076,-25.5525,-54.3269,-25.3247
4124103,-50.2428,-23.4527,-49.9251,-23.1226
4124202,-52.4215,-22.7763,-52.2748,-22.6106
4124301,-50.6972,-23.712,-50.5632,-23.4522
4124400,-53.7431,-26.1766,-53.5121,-25.9541
4124509,-51.8708,-22.831,-51.7176,-22.6141
4124608,-52.5794,-23.4697,-52.4207,-23.2661
4124707,-50.9534,-23.8947,-50.5465,-23.5197
4124806,-52.9444,-25.9174,-52.6736,-25.5657
4124905,-52.4229,-22.9323,-52.2287,-22.73
4125001,-51.968,-24.1038,-51.6759,-23.9008
4125100,-50.49,-25.8412,-50.086,-25.5278
4125209,-53.116,-25.7873,-52.8116,-25.5345
4125308,-52.422,-23.5576,-52.179,-23.3141
4125357,-54.0836,-23.8177,-53.7587,-23.6282
4125407,-49.793,-24.0841,-49.5358,-23.8263
4125456,-54.2143,-24.8787,-54.0324,-24.7549
4125506,-49.2714,-25.8317,-48.8426,-25.4626
4125555,-52.6697,-23.4403,-52.5388,-23.3171
4125605,-50.677,-26.1353,-50.2173,-25.72
4125704,-54.3999,-25.5976,-54.107,-25.1992
4125753,-54.0655,-24.9996,-53.6744,-24.7749
4125803,-52.0086,-23.9338,-51.7345,-23.726
4125902,-53.2887,-22.8995,-53.0991,-22.6521
4126009,-50.8059,-23.5568,-50.6245,-23.3474
4126108,-52.6717,-23.5949,-52.3902,-23.4529
4126207,-50.8049,-24.0301,-50.4183,-23.7354
4126256,-51.9282,-23.5608,-51.7971,-23.3927
4126272,-52.6773,-25.8013,-52.5397,-25.6083
4126306,-49.6344,-24.6142,-49.2007,-23.9162
4126355,-54.1541,-25.6196,-53.8911,-25.3344
4126405,-51.0077,-23.1212,-50.7708,-22.7821
4126504,-51.1705,-23.2009,-50.9413,-22.9327
4126603,-49.9095,-23.7656,-49.6511,-23.5463
4126652,-52.7832,-25.7654,-52.616,-25.57
4126678,-51.1904,-23.9296,-50.8756,-23.7031
4126702,-52.5469,-23.2678,-52.4205,-23.1308
4126801,-53.0482,-23.8077,-52.696,-23.4763
4126900,-53.2341,-23.4824,-52.9967,-23.1941
4127007,-50.576,-25.5308,-50.2618,-25.09
4127106,-50.7413,-24.471,-50.2688,-24.0366
4127205,-52.5189,-23.8381,-52.2598,-23.5525
4127304,-52.8494,-22.8735,-52.5378,-22.5659
4127403,-54.179,-24.3967,-53.9586,-23.9814
4127502,-50.877,-25.0076,-50.086,-24.3622
4127601,-49.3056,-26.0313,-48.9541,-25.7403
4127700,-54.0426,-24.9423,-53.5349,-24.453
4127809,-50.0943,-23.9048,-49.8256,-23.5371
4127858,-53.3717,-25.5919,-53.0808,-25.3025
4127882,-49.1258,-25.0509,-48.6503,-24.8273
4127908,-53.0272,-24.0299,-52.6954,-23.6892
4127957,-53.6016,-24.7498,-53.4159,-24.5309
4127965,-51.7845,-25.177,-51.2944,-24.7548
4128005,-53.1825,-24.674,-52.873,-24.3468
4128104,-53.6659,-23.9652,-53.1664,-23.4488
4128203,-51.2851,-26.3018,-50.8975,-25.94
4128302,-52.1907,-23.1147,-52.0174,-23.0193
4128401,-50.9033,-23.3052,-50.7282,-23.1098
4128500,-49.9238,-24.0063,-49.6726,-23.7334
4128534,-50.3644,-24.4307,-50.0944,-23.9543
4128559,-54.0451,-25.1031,-53.8113,-24.8897
4128609,-53.0955,-25.9513,-52.8428,-25.7447
4128625,-54.0306,-23.6744,-53.6512,-23.3593
4128633,-49.6475,-24.7982,-49.2035,-24.4169
4128658,-52.3078,-25.5773,-52.1635,-25.2541
4128708,-52.9426,-26.361,-52.6609,-26.1467
4128807,-53.75,-23.848,-53.4542,-23.6514
4200051,-51.1862,-27.6646,-50.9317,-27.5043
4200101,-52.4818,-26.7272,-52.025,-26.4231
4200200,-49.9111,-27.5864,-49.7505,-27.3476
4200309,-49.7803,-27.3983,-49.6595,-27.2445
4200408,-51.8841,-27.0701,-51.4073,-26.5637
4200507,-53.045,-27.1595,-52.8967,-26.9466
4200556,-52.9197,-26.898,-52.7847,-26.7971
4200606,-49.0354,-27.8665,-48.8047,-27.6252
4200705,-49.5104,-27.8755,-49.147,-27.558
4200754,-52.0087,-27.521,-51.8575,-27.3317
4200804,-53.4625,-26.621,-53.2293,-26.4432
4200903,-49.2628,-27.6489,-48.897,-27.4439
4201000,-51.2749,-27.8689,-50.9048,-27.5928
4201109,-49.3096,-28.0074,-49.0066,-27.7354
4201208,-48.9235,-27.5756,-48.7231,-27.3965
4201257,-49.4956,-27.2568,-49.22,-26.9821
4201273,-52.2526,-27.2012,-52.0852,-27.0682
4201307,-48.9086,-26.599,-48.6507,-26.2864
4201406,-49.6234,-29.059,-49.2901,-28.8336
4201505,-49.0827,-28.3195,-48.9208,-28.1486
4201604,-51.408,-26.9843,-51.2675,-26.8659
4201653,-52.5088,-27.1309,-52.3909,-26.9923
4201703,-49.4692,-27.0218,-49.2999,-26.915
4201802,-49.8168,-27.4872,-49.6747,-27.3856
4201901,-49.6917,-27.4008,-49.4804,-27.2599
4201950,-49.5657,-29.0957,-49.3764,-28.9418
4202008,-48.6829,-27.061,-48.5691,-26.9542
4202057,-48.7096,-26.5473,-48.5611,-26.3608
4202073,-49.7121,-29.2424,-49.516,-29.059
4202081,-53.7441,-26.8484,-53.5739,-26.6839
4202099,-53.495,-26.7453,-53.3674,-26.5849
4202107,-48.8068,-26.7406,-48.6178,-26.5598
4202131,-50.5829,-26.6434,-50.3935,-26.2286
4202156,-53.6971,-26.8971,-53.5459,-26.809
4202206,-49.5528,-26.9401,-49.3284,-26.6475
4202305,-48.8352,-27.5436,-48.5762,-27.3206
4202404,-49.2014,-27.1326,-49.0121,-26.6131
4202438,-50.0771,-27.9005,-49.754,-27.618
4202453,-48.5852,-27.2215,-48.3974,-27.1103
4202503,-49.8316,-28.6316,-49.4746,-28.116
4202537,-52.4403,-26.7946,-52.3537,-26.6697
4202578,-53.1372,-26.7407,-53.0576,-26.6271
4202602,-49.8472,-27.9532,-49.2807,-27.6004
4202701,-49.2478,-27.3088,-48.9767,-27.1194
4202800,-49.2756,-28.3586,-49.0671,-28.1408
4202859,-49.9567,-27.4348,-49.8486,-27.3057
4202875,-50.9718,-27.4699,-50.7368,-27.2258
4202909,-49.0243,-27.2561,-48.7891,-26.9981
4203006,-51.4117,-26.9031,-50.7963,-26.6253
4203105,-53.3554,-27.1415,-53.1909,-26.9172
4203154,-51.2395,-26.7685,-50.7834,-26.4937
4203204,-48.8124,-27.1552,-48.6112,-26.9717
4203253,-50.9039,-28.2966,-50.3546,-27.8328
4203303,-49.4315,-26.2687,-48.9497,-25.9839
4203402,-50.9784,-28.0514,-50.6043,-27.5935
4203501,-53.2916,-26.5791,-52.937,-26.3444
4203600,-51.6121,-27.6332,-50.8519,-27.2063
4203709,-48.8972,-27.3583,-48.7001,-27.1346
4203808,-50.7033,-26.6095,-50.2932,-26.0019
4203907,-51.7372,-27.5198,-51.5324,-27.3283
4203956,-48.986,-28.5245,-48.896,-28.3836
4204004,-51.8334,-27.1185,-51.6085,-26.9432
4204103,-53.0026,-27.2215,-52.8359,-27.0817
4204152,-51.4573,-27.7388,-51.1928,-27.5662
4204178,-51.0583,-27.9652,-50.8417,-27.5692
4204194,-49.6401,-27.6633,-49.4701,-27.5107
4204202,-52.8405,-27.2845,-52.4808,-26.9377
4204251,-49.4021,-28.6374,-49.2453,-28.5623
4204301,-52.2784,-27.3784,-51.7881,-27.1048
4204350,-52.7168,-27.0355,-52.5847,-26.922
4204400,-52.8609,-26.9735,-52.6149,-26.7873
4204459,-52.756,-26.6017,-52.6075,-26.4829
4204509,-49.4958,-26.5478,-49.1583,-26.308
4204558,-50.5693,-27.7497,-50.1893,-27.4569
4204608,-49.4775,-28.8552,-49.2436,-28.6337
4204707,-53.2959,-26.9567,-53.104,-26.8013
4204756,-53.1434,-27.0312,-53.0465,-26.9237
4204806,-50.7703,-27.5045,-50.4623,-27.0505
4204905,-53.6062,-26.9517,-53.3758,-26.7707
4205001,-53.71,-26.4302,-53.3402,-26.2416
4205100,-49.9162,-27.0608,-49.6639,-26.9128
4205159,-49.6815,-26.8583,-49.4465,-26.5649
4205175,-52.6475,-26.8095,-52.5346,-26.6649
4205191,-49.7257,-29.0205,-49.5803,-28.948
4205209,-51.5546,-27.3474,-51.2884,-27.221
4205308,-52.3662,-26.9756,-52.1231,-26.7129
4205357,-53.3975,-26.8098,-53.287,-26.7025
4205407,-48.6135,-27.8538,-48.3279,-27.268
4205431,-52.8547,-26.6862,-52.7267,-26.5866
4205456,-49.5955,-28.8578,-49.4067,-28.7127
4205506,-51.0498,-27.1851,-50.6967,-26.8722
4205555,-50.8387,-27.3061,-50.6812,-27.1179
4205605,-52.7563,-26.5059,-52.557,-26.3789
4205704,-48.7251,-28.1177,-48.5978,-27.9449
4205803,-49.0579,-26.1531,-48.6819,-25.9808
4205902,-49.0658,-27.0615,-48.8432,-26.776
4206009,-48.6341,-27.4548,-48.5233,-27.298
4206108,-49.4418,-28.265,-49.1744,-27.9834
4206207,-49.1061,-28.422,-48.9326,-28.2737
4206306,-49.1391,-27.2019,-48.9283,-27.0205
4206405,-53.7422,-26.6598,-53.4129,-26.5003
4206504,-49.0515,-26.5739,-48.8314,-26.3735
4206603,-53.586,-26.4359,-53.3928,-26.366
4206652,-52.8591,-27.2115,-52.706,-27.011
4206702,-51.5406,-27.2641,-51.2808,-27.1136
4206751,-51.3227,-27.2875,-51.1126,-27.1366
4206801,-51.4634,-27.2129,-51.2772,-27.018
4206900,-49.6011,-27.1362,-49.4564,-26.892
4207007,-49.3571,-28.8649,-49.1726,-28.6705
4207106,-48.9881,-26.967,-48.7589,-26.7627
4207205,-48.956,-28.3613,-48.7243,-28.0716
4207304,-48.7617,-28.3526,-48.6004,-28.0826
4207403,-49.4815,-27.5897,-49.3006,-27.4375
4207502,-49.3252,-27.1646,-49.1278,-26.8304
4207577,-51.3527,-27.0338,-51.1957,-26.9235
4207601,-51.8861,-27.4642,-51.7279,-27.2773
4207650,-53.5906,-27.09,-53.3754,-26.9345
4207684,-52.5765,-26.809,-52.3865,-26.5671
4207700,-52.2469,-27.1571,-52.0426,-26.9255
4207759,-53.4202,-26.9316,-53.2364,-26.7818
4207809,-52.0199,-27.1352,-51.8023,-26.9234
4207858,-52.9446,-26.6733,-52.8335,-26.5803
4207908,-50.9022,-26.5251,-50.6392,-26.1879
4208005,-52.4422,-27.3191,-52.19,-27.1792
4208104,-50.1277,-26.7856,-49.6521,-26.2308
4208203,-48.8688,-27.0971,-48.6215,-26.838
4208302,-48.69,-27.1514,-48.5855,-27.0477
4208401,-53.8371,-27.2198,-53.5478,-27.0037
4208450,-48.7453,-26.2073,-48.5694,-25.9558
4208500,-49.6935,-27.5845,-49.3814,-27.3054
4208609,-51.8905,-27.2097,-51.6765,-27.0709
4208708,-50.0044,-29.1218,-49.6989,-28.8796
4208807,-49.2078,-28.8022,-48.858,-28.5335
4208906,-49.299,-26.6487,-49.0147,-26.2166
4208955,-52.9256,-26.7835,-52.8172,-26.6695
4209003,-51.6947,-27.2421,-51.4803,-27.0409
4209102,-49.2026,-26.452,-48.7232,-26.0748
4209151,-49.7711,-27.011,-49.5436,-26.6981
4209177,-52.7768,-26.4635,-52.645,-26.3422
4209201,-51.6565,-27.3148,-51.5233,-27.1994
4209300,-50.6965,-28.4335,-49.999,-27.5691
4209409,-48.945,-28.6157,-48.7063,-28.3249
4209458,-52.6208,-26.8933,-52.4705,-26.8009
4209508,-49.8033,-27.2628,-49.6848,-27.1439
4209607,-49.5671,-28.4648,-49.3333,-28.3038
4209706,-50.8511,-27.1008,-50.4848,-26.6552
4209805,-49.3281,-27.6552,-49.1614,-27.3212
4209854,-52.1272,-27.1439,-51.992,-26.9411
4209904,-49.592,-27.3008,-49.4403,-27.0788
4210001,-49.0362,-26.8235,-48.7946,-26.6268
4210035,-51.6023,-27.1451,-51.426,-27.045
4210050,-51.4697,-26.881,-51.2349,-26.7209
4210100,-50.208,-26.4882,-49.603,-26.0084
4210209,-49.2261,-27.5032,-48.8826,-27.3376
4210308,-50.4926,-26.7296,-50.2323,-26.2868
4210407,-49.5233,-28.9103,-49.3979,-28.8145
4210506,-53.3056,-26.816,-53.0908,-26.691
4210555,-52.7169,-26.8648,-52.5493,-26.7523
4210605,-49.1143,-26.7725,-48.8512,-26.5154
4210704,-51.3005,-26.6073,-50.9645,-26.3861
4210803,-49.6804,-28.9179,-49.5095,-28.7474
4210852,-50.3493,-27.2749,-49.9921,-27.0725
4210902,-53.126,-26.8175,-52.9578,-26.7328
4211009,-53.5481,-27.2043,-53.3243,-27.0077
4211058,-51.0363,-27.2764,-50.8164,-27.1189
4211108,-50.4411,-26.8631,-50.169,-26.4436
4211207,-49.3588,-28.6859,-49.1748,-28.5894
4211256,-49.8426,-28.8682,-49.6481,-28.6098
4211306,-48.8243,-26.913,-48.62,-26.7408
4211405,-52.9507,-26.977,-52.8453,-26.8498
4211454,-52.9212,-27.0185,-52.7577,-26.9004
4211504,-49.2263,-27.4261,-48.8654,-27.1828
4211603,-49.7123,-28.7758,-49.4517,-28.6209
4211652,-52.8836,-26.5951,-52.6887,-26.4043
4211702,-49.55,-28.4339,-49.1898,-28.1257
4211751,-50.182,-27.6922,-49.7303,-27.3033
4211801,-51.765,-27.3691,-51.5922,-27.1832
4211850,-52.3709,-26.7786,-52.1783,-26.6438
4211876,-52.5453,-27.2673,-52.4019,-27.1594
4211892,-50.2143,-28.1627,-49.8656,-27.7963
4211900,-48.7484,-27.9171,-48.5731,-27.6067
4212007,-53.4194,-26.5243,-53.1602,-26.2458
4212056,-50.3006,-27.7077,-50.0441,-27.4408
4212106,-53.3226,-27.2191,-53.0697,-26.9438
4212205,-50.2935,-26.8176,-50.0701,-26.2088
4212239,-53.7599,-26.7508,-53.5899,-26.5785
4212254,-49.7918,-29.3291,-49.6451,-29.2058
4212270,-52.1472,-26.8593,-51.7571,-26.5469
4212304,-48.8937,-28.095,-48.5396,-27.7951
4212403,-49.2903,-28.591,-49.112,-28.3894
4212502,-48.7114,-26.8457,-48.5838,-26.7429
4212601,-51.9394,-27.4266,-51.8177,-27.2965
4212650,-48.9481,-28.4703,-48.8044,-28.3502
4212700,-49.7889,-27.657,-49.5824,-27.451
4212809,-48.8178,-26.8156,-48.6613,-26.7056
4212908,-53.0531,-26.8873,-52.9004,-26.7521
4213005,-51.3177,-27.0901,-51.1575,-27.0188
4213104,-51.87,-27.5312,-51.6856,-27.3896
4213153,-52.9052,-27.1125,-52.8291,-26.9736
4213203,-49.2358,-26.8406,-49.1059,-26.6138
4213302,-50.4933,-27.5629,-50.0758,-27.2692
4213351,-50.628,-27.2689,-50.243,-27.0936
4213401,-52.1664,-26.9607,-51.6787,-26.7539
4213500,-48.6922,-27.2204,-48.508,-27.1104
4213609,-51.2704,-26.5606,-50.7848,-26.2274
4213708,-50.1296,-27.4186,-49.8233,-27.1887
4213807,-50.1775,-29.3551,-49.8179,-29.0682
4213906,-51.845,-27.2936,-51.7198,-27.1833
4214003,-49.8482,-27.1487,-49.576,-26.9247
4214102,-49.4916,-27.357,-49.187,-27.1577
4214151,-53.6891,-26.4828,-53.5401,-26.3764
4214201,-52.8475,-26.8404,-52.5948,-26.642
4214300,-49.21,-27.7738,-48.96,-27.5821
4214409,-51.1922,-26.9913,-50.8456,-26.8315
4214508,-50.2908,-27.0329,-49.9471,-26.789
4214607,-49.9331,-27.2671,-49.7426,-27.0207
4214706,-49.5656,-26.773,-49.214,-26.4878
4214805,-49.7177,-27.2913,-49.5273,-27.08
4214904,-49.342,-28.1907,-49.0309,-27.9704
4215000,-49.7619,-26.7049,-49.4414,-26.1942
4215059,-49.8704,-28.0319,-49.6074,-27.8038
4215075,-53.4239,-27.0922,-53.2799,-26.8764
4215109,-49.4298,-26.9665,-49.2894,-26.8078
4215208,-53.4108,-26.7665,-53.2202,-26.5433
4215307,-50.0924,-27.0478,-49.9462,-26.8684
4215356,-53.1233,-26.6436,-52.9244,-26.5315
4215406,-51.5104,-26.9474,-51.3615,-26.8386
4215455,-49.1816,-28.7017,-49.0702,-28.5929
4215505,-50.6722,-27.1221,-50.2542,-26.6482
4215554,-53.6973,-26.9548,-53.536,-26.8848
4215604,-49.3124,-28.0898,-49.0435,-27.9359
4215653,-49.8341,-29.2058,-49.6563,-29.0393
4215679,-50.1383,-26.8397,-49.8287,-26.5024
4215687,-53.2428,-26.6442,-53.0925,-26.5259
4215695,-52.7485,-26.6736,-52.6178,-26.5813
4215703,-48.9143,-27.8763,-48.675,-27.6146
4215752,-53.0657,-26.5675,-52.9081,-26.4067
4215802,-49.4908,-26.4276,-49.1689,-26.162
4215901,-49.0521,-28.1085,-48.8234,-27.8087
4216008,-53.1133,-27.1078,-52.946,-26.9556
4216057,-50.5095,-27.3685,-50.1753,-27.2148
4216107,-52.6753,-26.6802,-52.4426,-26.3991
4216206,-48.7837,-26.4551,-48.4756,-26.1275
4216255,-53.663,-27.1663,-53.5197,-27.0087
4216305,-48.9424,-27.4383,-48.7855,-27.2186
4216354,-48.8624,-26.6812,-48.7397,-26.513
4216404,-49.9576,-29.2895,-49.7121,-29.0952
4216503,-50.4248,-28.4979,-49.6719,-28.0874
4216602,-48.746,-27.6626,-48.5686,-27.5172
4216701,-53.7313,-26.5509,-53.3604,-26.4059
4216800,-50.9602,-27.7872,-50.39,-27.4208
4216909,-52.971,-26.5951,-52.7485,-26.344
4217006,-49.2263,-28.4139,-49.1014,-28.2885
4217105,-49.0659,-28.2399,-48.8683,-27.99
4217154,-53.3129,-26.735,-53.1869,-26.6389
4217204,-53.6001,-26.802,-53.3626,-26.6451
4217253,-48.9582,-27.6266,-48.727,-27.5453
4217303,-53.132,-26.9678,-52.927,-26.8058
4217402,-49.1463,-26.4591,-48.98,-26.2614
4217501,-52.5183,-27.24,-52.2156,-27.0255
4217550,-53.0758,-26.754,-52.9697,-26.6352
4217600,-49.6854,-28.6369,-49.3693,-28.5
4217709,-49.7467,-29.143,-49.5657,-29.018
4217758,-53.0003,-26.7829,-52.886,-26.614
4217808,-50.3322,-27.2145,-49.8713,-26.9699
4217907,-51.338,-27.2538,-50.9298,-27.0484
4217956,-53.2051,-26.7255,-53.1114,-26.6311
4218004,-48.8043,-27.3549,-48.5945,-27.1343
4218103,-49.9699,-28.9489,-49.7327,-28.7003
4218202,-49.3387,-26.8807,-49.1953,-26.7461
4218251,-50.856,-26.7821,-50.4878,-26.4976
4218301,-50.3911,-26.3083,-50.1248,-26.0304
4218350,-49.5695,-28.5835,-49.4217,-28.4359
4218400,-49.2434,-28.6412,-49.0301,-28.4977
4218509,-51.5409,-27.04,-51.3335,-26.8386
4218608,-49.8854,-27.3783,-49.7527,-27.2482
4218707,-49.1818,-28.5944,-48.9021,-28.3627
4218756,-53.7442,-27.0456,-53.551,-26.9333
4218806,-49.8678,-28.9841,-49.5339,-28.8041
4218855,-52.9438,-26.8464,-52.7917,-26.734
4218905,-49.8534,-28.2309,-49.2994,-27.8987
4218954,-50.0545,-28.1121,-49.7448,-27.9115
4219002,-49.428,-28.5887,-49.2133,-28.3957
4219101,-52.2044,-26.9295,-52.0379,-26.6686
4219150,-51.1042,-27.5617,-50.8007,-27.3758
4219176,-51.8631,-27.0515,-51.618,-26.8391
4219200,-49.472,-27.5745,-49.2208,-27.2305
4219309,-51.2876,-27.1279,-50.9681,-26.8493
4219358,-49.9694,-26.9281,-49.7053,-26.7048
4219408,-49.9603,-27.0017,-49.709,-26.8845
4219507,-52.5348,-27.0122,-52.295,-26.749
4219606,-52.419,-27.0912,-52.2338,-26.9382
4219705,-52.6358,-27.0948,-52.4355,-26.8552
4219853,-51.6326,-27.5843,-51.44,-27.3876
4220000,-49.3296,-28.8832,-49.1877,-28.769
4300034,-54.4546,-31.957,-53.9058,-31.4294
4300059,-52.1684,-28.3071,-51.9606,-28.1175
4300109,-53.3619,-29.8367,-53.0285,-29.4475
4300208,-53.8485,-28.3145,-53.6141,-28.1021
4300307,-54.9071,-27.7626,-54.6563,-27.53
4300406,-56.6605,-30.2328,-55.1118,-29.2954
4300455,-54.161,-27.8827,-53.9545,-27.732
4300471,-53.0261,-28.2601,-52.8058,-28.0271
4300505,-53.1904,-27.3237,-52.9338,-27.0823
4300554,-53.064,-28.8752,-52.9246,-28.7392
4300570,-51.3554,-29.4272,-51.2394,-29.3128
4300604,-51.0944,-30.0515,-50.9483,-29.9565
4300638,-52.4568,-30.9287,-52.0986,-30.6543
4300646,-53.2672,-27.4136,-53.1133,-27.3059
4300661,-51.6158,-28.6949,-51.3897,-28.485
4300703,-52.092,-29.0749,-51.9059,-28.8731
4300802,-51.4731,-28.9646,-51.1507,-28.7999
4300851,-51.7459,-31.115,-51.4418,-30.7448
4300877,-50.9637,-29.6912,-50.9044,-29.5959
4300901,-52.4001,-27.5111,-52.2098,-27.2514
4301008,-52.0637,-29.4233,-51.8738,-29.2911
4301057,-49.9862,-29.6072,-49.8035,-29.4242
4301073,-52.4916,-31.5078,-52.334,-31.3671
4301107,-51.8501,-30.3431,-51.6199,-30.0107
4301206,-53.1939,-29.3735,-52.9172,-29.1371
4301305,-53.3096,-32.4905,-52.4076,-31.8993
4301404,-52.3295,-28.9755,-52.0067,-28.8036
4301503,-54.1319,-28.6566,-53.8802,-28.4085
4301552,-52.1556,-27.8006,-51.9871,-27.6346
4301602,-54.7013,-31.6528,-53.4298,-30.8386
4301636,-50.3989,-30.3049,-50.2241,-30.1466
4301651,-51.6168,-29.4335,-51.3981,-29.3505
4301701,-52.5269,-27.6634,-52.3422,-27.478
4301750,-51.9289,-30.5767,-51.647,-30.2852
4301800,-51.5824,-27.929,-51.2978,-27.556
4301859,-53.8197,-27.279,-53.7016,-27.1474
4301875,-57.6497,-30.3047,-57.1047,-29.9494
4301909,-51.5362,-30.5116,-51.0947,-30.2213
4301925,-52.4532,-27.5007,-52.3466,-27.2824
4301958,-53.0974,-27.9618,-52.9548,-27.8784
4302006,-52.7525,-29.2473,-52.4273,-28.9524
4302055,-52.7342,-27.5426,-52.5602,-27.4266
4302105,-51.6817,-29.1994,-51.3882,-29.0131
4302154,-53.406,-27.8071,-53.257,-27.6006
4302204,-54.1822,-27.7356,-54.0253,-27.6217
4302220,-53.9861,-28.82,-53.6946,-28.4365
4302238,-53.5857,-29.0403,-53.2919,-28.7321
4302253,-51.7293,-29.4235,-51.6093,-29.2935
4302303,-50.7649,-28.8428,-50.0221,-28.2485
4302352,-51.4054,-29.5524,-51.3136,-29.3943
4302378,-53.9063,-27.5953,-53.7824,-27.4854
4302402,-51.9823,-29.7128,-51.8699,-29.5602
4302451,-52.5363,-29.3944,-52.2895,-29.214
4302501,-55.316,-28.875,-54.6682,-28.4277
4302584,-53.8383,-28.4423,-53.6589,-28.275
4302600,-53.8267,-27.6639,-53.6681,-27.4984
4302659,-51.6908,-29.613,-51.5698,-29.4743
4302709,-52.1803,-30.4427,-51.7822,-29.9309
4302808,-53.8215,-30.9685,-53.1699,-30.1388
4302907,-55.3145,-30.1449,-54.2648,-29.7263
4303004,-53.3518,-30.6777,-52.6054,-29.7936
4303103,-51.1277,-29.9724,-51.063,-29.8658
4303202,-51.7701,-27.9047,-51.5906,-27.6899
4303301,-54.7884,-28.4391,-54.5395,-28.2474
4303400,-53.6002,-27.3235,-53.3452,-27.1723
4303509,-52.1205,-31.2861,-51.5378,-30.5717
4303558,-52.3058,-28.6736,-52.1303,-28.5484
4303608,-50.3664,-29.2957,-49.9202,-28.8199
4303673,-51.2614,-28.8838,-50.9584,-28.5551
4303707,-54.9416,-28.0691,-54.7177,-27.8548
4303806,-52.761,-27.8562,-52.5592,-27.6248
4303905,-51.0978,-29.7155,-50.9962,-29.6156
4304002,-53.9209,-27.7673,-53.7445,-27.5732
4304101,-53.1817,-28.9872,-52.9197,-28.8297
4304200,-52.9797,-29.9273,-52.5742,-29.4955
4304309,-54.8316,-28.0136,-54.6158,-27.8376
4304358,-53.9278,-31.8617,-53.56,-31.3122
4304408,-50.8901,-29.4416,-50.6437,-29.2476
4304507,-52.9929,-31.6721,-52.2406,-30.8822
4304606,-51.2496,-29.9715,-51.106,-29.8592
4304614,-52.3106,-29.3612,-52.1589,-29.2865
4304622,-51.5142,-28.3518,-51.2443,-27.9986
4304630,-50.055,-29.7725,-49.9337,-29.6049
4304655,-54.8159,-29.1823,-54.3777,-28.7157
4304663,-52.746,-32.0161,-52.3661,-31.6819
4304671,-50.6581,-30.2532,-50.3569,-30.0417
4304689,-51.4642,-29.788,-51.2767,-29.6342
4304697,-52.037,-29.3297,-51.9194,-29.2338
4304705,-53.135,-28.3863,-52.6023,-28.1658
4304713,-50.4846,-29.861,-50.2232,-29.6784
4304804,-51.6466,-29.3826,-51.3504,-29.2542
4304853,-51.9833,-27.757,-51.8741,-27.6512
4304903,-52.0987,-28.6725,-51.8386,-28.5094
4304952,-51.9151,-28.3239,-51.6277,-28.15
4305009,-54.1802,-28.3684,-53.9044,-27.9842
4305108,-51.31,-29.3586,-50.7822,-28.7945
4305116,-52.0855,-27.8311,-51.9107,-27.6945
4305124,-52.9037,-31.9,-52.662,-31.5954
4305132,-53.0613,-29.7227,-52.9249,-29.5309
4305157,-53.2204,-27.6703,-53.0928,-27.5877
4305173,-51.8983,-30.6904,-51.6488,-30.4668
4305207,-54.8081,-28.2357,-54.6344,-28.0391
4305306,-53.3017,-28.2681,-52.9549,-27.9208
4305355,-51.6828,-30.0637,-51.4348,-29.9273
4305371,-52.0973,-28.0147,-51.9079,-27.8813
4305405,-54.0345,-28.1154,-53.749,-27.8515
4305439,-53.5228,-33.7438,-53.3005,-33.5606
4305447,-52.102,-30.8739,-51.9182,-30.6605
4305454,-50.3942,-30.2363,-50.1703,-30.0396
4305504,-52.0199,-28.4942,-51.8176,-28.24
4305587,-51.9496,-29.4256,-51.7983,-29.3437
4305603,-53.0792,-28.5896,-52.914,-28.3339
4305702,-53.6457,-28.2735,-53.3111,-28.0391
4305801,-53.1133,-27.7905,-52.8996,-27.5882
4305835,-52.2026,-29.2328,-52.018,-29.0878
4305850,-52.8682,-28.2413,-52.654,-28.028
4305871,-54.1503,-28.4901,-53.9821,-28.3185
4305900,-53.7803,-27.9566,-53.5119,-27.656
4305934,-51.8015,-29.3092,-51.646,-29.2071
4305959,-51.7809,-29.0975,-51.6164,-28.9275
4305975,-52.5142,-28.2313,-52.1646,-28.0192
4306007,-54.2875,-27.5837,-53.9743,-27.385
4306056,-52.2785,-31.1809,-51.7886,-30.8808
4306072,-53.3095,-27.497,-53.177,-27.3684
4306106,-53.796,-28.9543,-53.2407,-28.4808
4306130,-52.7669,-27.6916,-52.5573,-27.5645
4306205,-52.1422,-29.6336,-51.9394,-29.4693
4306304,-51.9145,-28.4751,-51.7027,-28.3543
4306320,-54.055,-27.3331,-53.7631,-27.1252
4306353,-55.1528,-28.3219,-54.9908,-28.076
4306379,-54.3292,-29.9343,-53.9504,-29.6856
4306403,-51.1318,-29.6471,-51.0489,-29.551
4306429,-53.5919,-27.756,-53.3907,-27.6009
4306452,-51.9319,-29.0258,-51.7498,-28.9193
4306502,-52.4537,-30.8847,-51.9719,-30.334
4306551,-49.9012,-29.4242,-49.8026,-29.3076
4306601,-55.1479,-31.4419,-53.9251,-30.5965
4306700,-53.4041,-29.6367,-53.2866,-29.4855
4306734,-54.4785,-27.5738,-54.23,-27.4029
4306759,-52.0487,-29.1554,-51.8962,-29.0177
4306767,-51.702,-30.2139,-51.2618,-29.9486
4306809,-52.0017,-29.2958,-51.8506,-29.1348
4306908,-53.0207,-30.9646,-52.3352,-30.2094
4306924,-52.9665,-27.7508,-52.8547,-27.6072
4306932,-54.4633,-28.6679,-54.0933,-28.3117
4306957,-52.8028,-27.5916,-52.6589,-27.4322
4306973,-52.409,-27.9054,-52.236,-27.7459
4307005,-52.3492,-27.7854,-52.1481,-27.4822
4307054,-52.6492,-28.5298,-52.4437,-28.3195
4307104,-53.7444,-32.2381,-52.9178,-31.833
4307203,-52.6915,-27.4924,-52.4957,-27.2371
4307302,-53.667,-27.6351,-53.3805,-27.3424
4307401,-51.3775,-28.2348,-50.9902,-27.8425
4307450,-54.1155,-27.4002,-53.917,-27.2627
4307500,-53.0192,-29.0444,-52.7094,-28.6459
4307559,-52.3718,-27.9767,-52.2161,-27.8758
4307609,-51.2309,-29.6959,-51.1331,-29.6089
4307708,-51.2316,-29.8723,-51.1013,-29.8296
4307807,-52.0003,-29.609,-51.8424,-29.4157
4307815,-53.2667,-29.3643,-53.0639,-29.13
4307831,-54.38,-28.7267,-54.128,-28.4292
4307864,-51.8176,-28.9375,-51.6204,-28.8348
4307906,-51.4916,-29.3331,-51.2584,-29.0556
4308003,-53.5684,-29.6263,-53.3725,-29.4889
4308052,-52.7428,-27.4447,-52.6013,-27.2955
4308078,-51.8896,-29.6488,-51.7946,-29.5289
4308102,-51.3401,-29.5256,-51.1967,-29.3885
4308201,-51.3703,-29.1149,-51.1114,-28.9295
4308250,-52.152,-27.9139,-51.9194,-27.7944
4308300,-52.5038,-29.1641,-52.2146,-28.8704
4308409,-53.6711,-30.0981,-53.2539,-29.8617
4308433,-52.2015,-29.4323,-52.0279,-29.3287
4308458,-53.5115,-29.0927,-53.1124,-28.7258
4308508,-53.4945,-27.4268,-53.2486,-27.2205
4308607,-51.6848,-29.2939,-51.4906,-29.1967
4308656,-55.7826,-28.4164,-55.2988,-28.0765
4308706,-52.1871,-27.6791,-52.038,-27.5075
4308805,-52.0587,-29.9728,-51.7159,-29.7024
4308854,-52.1154,-28.4763,-51.9638,-28.3026
4308904,-52.2782,-27.9727,-52.0683,-27.7341
4309001,-54.5197,-28.1655,-54.0691,-27.8202
4309050,-50.8552,-29.9988,-50.6791,-29.7662
4309100,-50.9882,-29.5016,-50.7885,-29.2833
4309126,-53.0167,-27.5044,-52.8094,-27.3844
4309159,-52.7301,-29.3764,-52.501,-29.2143
4309209,-51.1008,-30.0159,-50.8112,-29.7653
4309258,-51.7444,-28.6691,-51.5918,-28.5108
4309308,-51.5827,-30.2773,-51.3012,-30.0522
4309407,-52.0327,-28.9479,-51.7787,-28.755
4309506,-54.7008,-28.2992,-54.4874,-28.0538
4309555,-51.4702,-29.5907,-51.3762,-29.5017
4309571,-52.7754,-29.5012,-52.5668,-29.3902
4309605,-54.409,-27.6781,-54.1934,-27.4979
4309654,-54.013,-31.8079,-53.7336,-31.2206
4309704,-54.091,-27.6548,-53.89,-27.5173
4309753,-53.2874,-29.4948,-53.0805,-29.3417
4309803,-51.9425,-28.2146,-51.603,-27.9906
4309902,-51.7603,-28.4796,-51.4978,-28.2525
4309951,-52.5825,-28.7036,-52.3141,-28.5306
4310009,-53.4205,-28.7262,-53.0144,-28.4607
4310108,-50.9121,-29.6174,-50.691,-29.5125
4310207,-54.0757,-28.5386,-53.7717,-28.0557
4310306,-52.2305,-28.9828,-52.0665,-28.8777
4310330,-50.1551,-29.9866,-50.0753,-29.8845
4310363,-51.8621,-29.3897,-51.6995,-29.2945
4310405,-54.3499,-28.0187,-54.0393,-27.7975
4310413,-54.1148,-28.0216,-53.9493,-27.8241
4310439,-51.4602,-28.8575,-51.1426,-28.5773
4310462,-52.5271,-27.9914,-52.3341,-27.8576
4310504,-53.3272,-27.3397,-53.1579,-27.1706
4310538,-53.8561,-29.6579,-53.6872,-29.4618
4310553,-55.5498,-28.9818,-54.9606,-28.649
4310579,-52.329,-28.8288,-52.0598,-28.6805
4310603,-56.7804,-29.4274,-55.4771,-28.8481
4310652,-50.2517,-29.6024,-50.0753,-29.3241
4310702,-52.5407,-27.4946,-52.4188,-27.2162
4310751,-53.655,-29.5801,-53.5072,-29.4409
4310801,-51.2053,-29.6386,-51.1164,-29.5321
4310850,-53.3186,-27.7142,-53.2041,-27.518
4310876,-53.1515,-29.1559,-52.8552,-28.9466
4310900,-52.6485,-27.8863,-52.4573,-27.6817
4311007,-53.6793,-32.6585,-52.968,-32.1477
4311106,-54.8628,-29.6296,-54.3947,-29.31
4311122,-50.607,-29.1401,-50.159,-28.7781
4311130,-54.5131,-29.4521,-54.0651,-29.0894
4311155,-54.413,-28.9311,-53.8981,-28.5512
4311205,-54.0271,-29.6047,-53.2431,-28.9592
4311239,-53.137,-29.5574,-52.9623,-29.4516
4311254,-52.8998,-29.3677,-52.661,-29.1147
4311270,-52.9321,-28.6293,-52.7467,-28.5187
4311304,-51.6963,-28.547,-51.3231,-27.8486
4311403,-52.1285,-29.4987,-51.9188,-29.4007
4311429,-53.2639,-27.755,-53.1496,-27.6527
4311502,-54.7232,-30.9889,-53.6643,-30.4763
4311601,-53.1614,-27.6585,-52.9465,-27.433
4311627,-51.2639,-29.6214,-51.1887,-29.5471
4311643,-51.2729,-29.5036,-51.1686,-29.4094
4311700,-51.8026,-27.7005,-51.5606,-27.4782
4311718,-56.2687,-29.2371,-55.246,-28.8565
4311734,-50.1156,-29.35,-49.8867,-29.1989
4311759,-55.8536,-29.6653,-55.3284,-29.1946
4311775,-50.3599,-29.8145,-50.0221,-29.4351
4311791,-51.5902,-29.6145,-51.5027,-29.4768
4311809,-52.5117,-28.6561,-52.0624,-28.3166
4311908,-52.0742,-27.5955,-51.828,-27.3309
4311981,-51.6872,-30.4187,-51.4295,-30.174
4312005,-52.2301,-27.4087,-52.1053,-27.2709
4312054,-52.2591,-29.4012,-52.0305,-29.193
4312104,-54.573,-29.6477,-54.3297,-29.4439
4312138,-52.3051,-28.3528,-52.0622,-28.1704
4312153,-52.1801,-29.5645,-52.0924,-29.4769
4312179,-54.7598,-28.2963,-54.5569,-28.1952
4312203,-51.9,-27.6791,-51.7239,-27.5127
4312252,-52.1696,-30.2165,-51.9706,-29.9321
4312302,-53.8437,-27.552,-53.6593,-27.4388
4312351,-52.1111,-28.712,-51.9856,-28.6144
4312377,-50.9629,-28.8416,-50.6744,-28.5533
4312385,-51.6955,-29.1881,-51.5884,-29.0887
4312401,-51.6627,-29.8447,-51.3499,-29.5745
4312427,-52.7343,-28.7593,-52.5887,-28.6063
4312443,-50.0346,-29.4323,-49.8841,-29.2526
4312450,-52.737,-31.7406,-52.5469,-31.504
4312476,-51.1176,-29.5621,-50.94,-29.4652
4312500,-51.1808,-31.2062,-50.3343,-30.5008
4312609,-51.9156,-29.1866,-51.7321,-29.0942
4312617,-51.4081,-28.6508,-51.035,-28.1538
4312625,-51.8575,-28.3819,-51.6964,-28.2424
4312658,-52.9462,-28.5563,-52.6836,-28.3669
4312674,-52.5554,-28.5748,-52.3491,-28.4676
4312708,-53.1322,-27.5032,-52.6847,-27.2034
4312757,-52.2587,-28.7629,-52.0767,-28.6517
4312807,-51.8638,-28.6834,-51.6687,-28.608
4312906,-51.8589,-28.7957,-51.662,-28.6577
4312955,-53.0586,-28.0503,-52.9088,-27.9482
4313003,-52.1134,-29.2706,-51.9582,-29.1627
4313011,-54.2106,-27.6536,-54.0437,-27.5508
4313037,-54.9277,-29.5059,-54.7397,-29.3121
4313060,-50.9499,-29.6367,-50.8546,-29.547
4313086,-51.3841,-29.0659,-51.2465,-28.9256
4313102,-53.5327,-29.5255,-53.2382,-29.3387
4313201,-51.2263,-29.4533,-50.9553,-29.2909
4313300,-51.7141,-28.8355,-51.4937,-28.6287
4313334,-53.8142,-28.1677,-53.5855,-27.9825
4313359,-51.4792,-29.0686,-51.3402,-28.9193
4313375,-51.3722,-29.9387,-51.1796,-29.7566
4313391,-53.0785,-29.8461,-52.8993,-29.6566
4313409,-51.1798,-29.8308,-50.9342,-29.637
4313425,-54.6375,-27.6308,-54.4239,-27.4533
4313441,-53.2311,-27.6052,-53.0961,-27.5084
4313466,-53.1144,-27.8084,-52.9844,-27.6724
4313490,-53.2114,-27.9938,-53.0403,-27.8133
4313508,-50.4651,-30.1028,-50.0637,-29.7259
4313607,-51.893,-27.808,-51.6733,-27.6664
4313656,-50.7295,-30.5009,-50.2519,-30.1968
4313706,-53.6256,-28.1951,-53.1023,-27.6907
4313805,-53.6651,-27.3965,-53.5124,-27.2451
4313904,-53.722,-28.4913,-53.3732,-28.2185
4313953,-52.558,-30.4491,-52.1535,-30.0788
4314001,-51.8716,-28.6585,-51.7047,-28.5317
4314027,-53.2208,-29.8522,-53.0411,-29.558
4314035,-51.4698,-29.6619,-51.3779,-29.5628
4314050,-50.9291,-29.7297,-50.7958,-29.5844
4314068,-53.0144,-29.5234,-52.7496,-29.3158
4314076,-52.3354,-29.8728,-52.1204,-29.6664
4314100,-52.6771,-28.4123,-52.213,-28.1201
4314134,-52.4848,-27.7778,-52.3069,-27.6584
4314159,-51.817,-29.6492,-51.638,-29.5008
4314175,-53.9551,-32.1013,-53.4428,-31.5914
4314209,-53.1247,-32.1062,-52.6628,-31.8572
4314308,-53.7615,-28.5706,-53.4486,-28.3181
4314407,-52.6122,-31.8007,-52.0097,-31.3222
4314423,-51.1799,-29.5107,-51.0084,-29.3983
4314456,-53.283,-27.5868,-53.1688,-27.4811
4314464,-51.3831,-27.9843,-51.053,-27.7195
4314472,-53.4677,-29.4375,-53.209,-29.1691
4314498,-53.7177,-27.2851,-53.5533,-27.1607
4314506,-53.6508,-31.8667,-53.1655,-30.9498
4314548,-51.5222,-29.1687,-51.4116,-29.0161
4314555,-55.3872,-28.1872,-55.1002,-27.966
4314605,-53.3876,-31.8909,-52.8252,-30.9199
4314704,-53.2148,-27.4343,-52.945,-27.2701
4314753,-51.6914,-29.4825,-51.5695,-29.3993
4314779,-52.8288,-28.172,-52.4894,-27.9106
4314787,-52.5759,-27.725,-52.445,-27.6028
4314803,-51.3079,-29.8034,-51.1839,-29.5801
4314902,-51.3032,-30.2694,-51.0119,-29.9323
4315008,-55.0842,-27.9366,-54.8208,-27.7681
4315057,-54.7368,-27.6623,-54.5904,-27.5048
4315073,-54.9993,-27.8209,-54.8193,-27.6895
4315107,-55.2784,-28.0372,-55.044,-27.8431
4315131,-52.2941,-29.2294,-52.1567,-29.0941
4315149,-51.2369,-29.5583,-51.1125,-29.4922
4315156,-52.4387,-29.314,-52.1878,-29.1406
4315172,-51.5741,-28.8562,-51.4235,-28.6489
4315206,-52.2325,-29.1168,-52.046,-28.9483
4315305,-56.6687,-30.5346,-55.6581,-30.048
4315313,-52.6114,-27.9604,-52.3232,-27.7327
4315321,-54.212,-29.4832,-53.9134,-29.1031
4315354,-53.2646,-28.8811,-53.0128,-28.6821
4315404,-53.7337,-27.709,-53.5527,-27.4193
4315453,-52.1516,-29.1706,-51.9806,-29.0574
4315503,-53.5652,-29.9719,-53.0814,-29.6277
4315552,-52.9712,-27.3404,-52.7821,-27.1628
4315602,-52.6923,-32.6435,-52.0641,-31.7735
4315701,-52.756,-30.3738,-52.1046,-29.7857
4315750,-50.4885,-29.7193,-50.3136,-29.4943
4315800,-51.9179,-29.3521,-51.7469,-29.1344
4315909,-53.2468,-27.5229,-53.1201,-27.4011
4315958,-54.9589,-28.3756,-54.7331,-28.1527
4316006,-50.6841,-29.7338,-50.4312,-29.5373
4316105,-52.8987,-27.9481,-52.5729,-27.6712
4316204,-53.0328,-27.9154,-52.758,-27.7383
4316303,-55.3398,-28.1926,-54.9251,-27.9219
4316402,-55.6917,-30.7355,-54.6269,-30.0209
4316428,-53.1975,-27.7612,-53.0679,-27.6426
4316436,-53.1714,-28.4994,-52.9902,-28.2774
4316451,-53.4528,-29.1818,-53.0168,-28.9551
4316477,-54.8666,-28.1892,-54.7912,-28.0076
4316501,-51.6436,-29.5115,-51.4549,-29.4071
4316600,-51.9617,-28.138,-51.6339,-27.7888
4316709,-53.4642,-28.5898,-53.1115,-28.1464
4316733,-51.9895,-28.2783,-51.7883,-28.1062
4316758,-52.2274,-29.4855,-52.0417,-29.4209
4316808,-52.565,-29.9251,-52.2988,-29.3754
4316907,-54.132,-30.0056,-53.5173,-29.5495
4316956,-51.0637,-29.5505,-50.9001,-29.3872
4316972,-54.2712,-30.5744,-53.8815,-30.1678
4317004,-53.4325,-31.0307,-52.9476,-30.4509
4317103,-56.29,-31.3323,-54.9718,-30.275
4317202,-54.6854,-27.9842,-54.3566,-27.6974
4317251,-51.758,-29.2127,-51.6541,-29.0775
4317301,-53.5365,-33.7512,-52.4229,-32.6288
4317400,-55.1324,-29.3956,-54.3667,-28.8084
4317509,-54.5414,-28.3654,-54.1012,-28.1349
4317558,-52.0971,-28.5462,-51.9142,-28.4378
4317608,-50.7521,-30.054,-50.3725,-29.6768
4317707,-55.7724,-28.7075,-55.155,-28.2079
4317756,-52.7743,-28.4699,-52.5905,-28.2702
4317806,-53.8992,-28.0401,-53.5678,-27.7548
4317905,-54.8629,-27.8893,-54.5513,-27.6858
4317954,-51.7399,-27.9948,-51.5879,-27.85
4318002,-56.3233,-29.0822,-55.2911,-28.3394
4318051,-51.9243,-28.5904,-51.8025,-28.4839
4318101,-55.4827,-29.7109,-54.7833,-29.1886
4318200,-50.9442,-29.5607,-50.0381,-28.7717
4318309,-54.8792,-30.7779,-53.8692,-29.8927
4318408,-52.1587,-30.6379,-51.6279,-29.9448
4318424,-51.9397,-27.8672,-51.7373,-27.7099
4318432,-53.5472,-29.6958,-53.3836,-29.5856
4318440,-51.7975,-28.561,-51.6135,-28.4487
4318457,-53.2046,-27.8463,-53.0561,-27.7447
4318465,-52.3381,-29.1306,-52.2047,-29.0038
4318481,-51.3085,-29.5903,-51.1778,-29.4828
4318499,-54.1976,-27.788,-54.0585,-27.6843
4318507,-52.1112,-32.1602,-51.186,-31.4574
4318606,-51.6947,-27.9015,-51.447,-27.632
4318614,-51.5232,-29.624,-51.4534,-29.4849
4318622,-50.2174,-28.902,-49.6914,-28.439
4318705,-51.2098,-29.8123,-51.0681,-29.6722
4318804,-52.4753,-31.5223,-51.7797,-30.9834
4318903,-55.2096,-28.6388,-54.5374,-28.1418
4319000,-51.1856,-29.0418,-50.918,-28.8728
4319109,-54.0708,-27.7813,-53.8216,-27.6626
4319125,-54.0997,-29.6114,-53.6871,-29.3428
4319158,-54.7365,-29.0045,-54.3309,-28.404
4319208,-55.4384,-28.3447,-55.0548,-28.034
4319307,-55.0796,-28.0576,-54.8613,-27.9047
4319356,-51.5852,-29.4373,-51.4357,-29.3998
4319364,-53.2954,-27.8384,-53.1779,-27.7268
4319372,-54.9444,-28.2025,-54.8558,-28.0457
4319406,-54.5016,-29.7479,-53.9785,-29.4581
4319505,-51.4107,-29.6559,-51.2765,-29.5133
4319604,-53.9762,-30.5213,-53.1257,-29.8926
4319703,-52.6787,-27.615,-52.4765,-27.4584
4319711,-51.8141,-29.1368,-51.7103,-28.9944
4319737,-53.9816,-27.8953,-53.8107,-27.763
4319752,-51.3999,-29.4175,-51.3321,-29.3516
4319802,-55.1441,-29.8562,-54.4634,-29.5287
4319901,-51.0558,-29.7063,-50.9416,-29.5417
4320008,-51.198,-29.8687,-51.0681,-29.7759
4320107,-53.075,-28.0706,-52.7419,-27.7917
4320206,-53.4929,-27.6191,-53.2738,-27.3883
4320230,-54.0377,-27.6961,-53.8811,-27.5875
4320263,-53.033,-29.398,-52.8132,-29.1854
4320305,-53.0376,-28.7737,-52.9156,-28.5762
4320321,-54.5957,-28.1165,-54.456,-27.9436
4320354,-51.6977,-30.7599,-51.4913,-30.5026
4320404,-52.0672,-28.7634,-51.8234,-28.6105
4320453,-52.3176,-29.4581,-52.1562,-29.3539
4320503,-52.5805,-28.0902,-52.0866,-27.9359
4320552,-51.7589,-30.5436,-51.5242,-30.3837
4320578,-54.5449,-28.246,-54.3961,-28.0699
4320602,-52.2001,-27.481,-52.0288,-27.3384
4320651,-53.65,-29.7041,-53.4676,-29.5725
4320677,-52.765,-29.5857,-52.4317,-29.304
4320701,-53.0948,-29.4686,-52.9372,-29.3371
4320800,-52.8169,-29.1441,-52.2493,-28.6347
4320859,-51.7981,-29.7336,-51.6588,-29.5999
4320909,-52.1287,-28.1323,-51.9029,-27.9769
4321006,-52.9425,-28.735,-52.7515,-28.595
4321105,-51.6303,-30.8825,-51.2654,-30.4707
4321204,-50.9577,-29.7937,-50.5876,-29.4703
4321303,-51.9558,-29.8625,-51.7162,-29.6139
4321329,-53.5718,-27.4603,-53.4243,-27.3507
4321352,-51.2375,-31.5044,-50.8421,-31.1229
4321402,-53.9059,-27.4553,-53.6384,-27.2621
4321436,-50.1634,-29.6537,-49.9222,-29.5303
4321451,-51.8735,-29.5439,-51.6681,-29.3878
4321469,-52.6632,-28.654,-52.5441,-28.5109
4321477,-54.2179,-27.4601,-54.0082,-27.2536
4321493,-54.3951,-29.5501,-54.1908,-29.4025
4321501,-49.9016,-29.4436,-49.7037,-29.2141
4321600,-50.3487,-30.0971,-50.1192,-29.9669
4321626,-52.1694,-29.3541,-52.0335,-29.2074
4321634,-52.2455,-27.5693,-52.067,-27.4079
4321667,-50.0775,-29.6021,-49.8355,-29.3723
4321709,-50.9081,-29.5407,-50.6844,-29.4026
4321808,-54.4238,-27.8432,-54.1067,-27.5912
4321832,-50.1826,-29.5514,-50.0025,-29.3387
4321857,-52.964,-27.6935,-52.7339,-27.5443
4321907,-54.0376,-27.5298,-53.8255,-27.3234
4321956,-53.0508,-27.5979,-52.7394,-27.454
4322004,-51.7588,-29.988,-51.2673,-29.6358
4322103,-54.5667,-27.716,-54.2848,-27.5474
4322152,-53.0025,-29.2066,-52.791,-29.0311
4322186,-51.6158,-27.9908,-51.458,-27.859
4322202,-54.46,-29.2207,-53.5649,-28.7962
4322251,-51.4732,-29.5254,-51.3846,-29.4301
4322301,-54.6815,-27.7966,-54.4339,-27.5893
4322327,-52.309,-31.5978,-52.0095,-31.3775
4322343,-54.7382,-28.0978,-54.5847,-27.9364
4322350,-52.0855,-28.846,-51.9561,-28.7069
4322376,-55.3227,-29.2146,-54.9877,-28.9327
4322400,-57.3297,-30.2051,-56.1503,-29.4002
4322509,-51.1593,-28.7903,-50.7079,-27.9403
4322525,-52.2326,-29.9573,-52.0144,-29.7038
4322533,-52.7982,-29.739,-52.5953,-29.4328
4322541,-51.2819,-29.4186,-51.2077,-29.2949
4322558,-51.9154,-28.5377,-51.7736,-28.4573
4322608,-52.4625,-29.7657,-51.943,-29.3408
4322707,-52.6269,-29.8798,-52.456,-29.5808
4322806,-51.6937,-29.0819,-51.4404,-28.8789
4322855,-51.9282,-29.1164,-51.7796,-29.0145
4322905,-52.0888,-27.7204,-51.8685,-27.4323
4323002,-51.1224,-30.4438,-50.6208,-29.9662
4323101,-53.5083,-27.2414,-53.2929,-27.0911
4323200,-52.7696,-28.6928,-52.5887,-28.404
4323309,-51.6672,-28.8977,-51.4469,-28.8236
4323358,-52.2173,-28.2429,-52.0823,-28.0219
4323408,-52.2549,-28.673,-52.0872,-28.4764
4323457,-54.0184,-30.4972,-53.7333,-30.2075
4323507,-53.5616,-27.3951,-53.4604,-27.2363
4323606,-51.8703,-28.8854,-51.6836,-28.7782
4323705,-53.764,-27.3212,-53.6356,-27.1961
4323754,-54.573,-28.4887,-54.3664,-28.2704
4323770,-51.7816,-29.4641,-51.6911,-29.3621
4323804,-50.1159,-29.86,-50.0176,-29.7617
5000203,-53.4952,-20.8844,-52.3547,-19.4101
5000252,-54.2054,-18.543,-53.2203,-17.9088
5000609,-55.4346,-23.5668,-54.4705,-22.8717
5000708,-56.1826,-21.057,-55.3076,-20.419
5000807,-53.1497,-22.4734,-52.369,-21.8321
5000856,-54.133,-22.2378,-53.5857,-21.8791
5000906,-56.3464,-22.389,-55.6393,-22.0574
5001003,-51.6891,-20.3556,-50.9995,-19.7896
5001102,-57.0001,-20.5191,-55.0638,-18.5821
5001243,-55.6659,-23.2435,-55.0641,-22.6907
5001508,-54.7622,-20.1181,-53.8956,-19.5313
5001904,-53.081,-22.1147,-52.1613,-21.6155
5002001,-53.3562,-22.7646,-52.9482,-21.9745
5002100,-57.0497,-22.3016,-56.0096,-21.5273
5002159,-57.0143,-20.8864,-56.3857,-20.187
5002209,-56.8805,-21.4499,-56.0841,-20.4838
5002308,-53.1275,-21.5839,-51.8485,-20.5386
5002407,-55.1282,-22.8913,-54.4542,-22.3628
5002605,-54.4376,-19.798,-53.3397,-18.8497
5002704,-54.9243,-21.5851,-53.6004,-20.166
5002803,-57.5168,-22.2513,-56.7614,-21.5607
5002902,-52.5995,-19.3757,-51.5392,-18.7437
5002951,-53.053,-19.5516,-52.4117,-18.6134
5003108,-55.3946,-20.1659,-54.7206,-19.4554
5003157,-55.5621,-23.5703,-55.1533,-23.091
5003207,-58.1687,-20.9495,-55.139,-17.1663
5003256,-53.5806,-18.987,-52.7585,-18.0074
5003306,-55.3062,-18.7293,-54.0761,-17.6478
5003454,-54.309,-22.3554,-53.9939,-21.9236
5003488,-55.5871,-21.0395,-55.1515,-20.1405
5003504,-54.6824,-22.1298,-54.4969,-21.9011
5003702,-55.5237,-22.4413,-54.2013,-21.8794
5003751,-54.4171,-23.9283,-54.0511,-23.5511
5003801,-54.6424,-22.4526,-54.2624,-22.2357
5003900,-54.3933,-19.1021,-53.3453,-18.4366
5004007,-54.3482,-22.5672,-54.0278,-22.2922
5004106,-56.2276,-21.8183,-55.7402,-21.2815
5004304,-54.8827,-23.7947,-54.237,-23.0408
5004403,-52.5156,-20.1306,-51.4751,-19.1911
5004502,-55.1055,-22.2007,-54.6254,-21.8056
5004601,-54.4,-23.6872,-53.8242,-23.0912
5004700,-54.1182,-22.5716,-53.4829,-22.1481
5004809,-54.7098,-23.9311,-54.3621,-23.7181
5004908,-54.7815,-20.4966,-53.8838,-20.0007
5005004,-56.9426,-21.9278,-55.8941,-21.2911
5005103,-54.4304,-22.9814,-53.487,-22.4429
5005152,-54.7496,-23.0503,-54.0911,-22.5847
5005202,-57.6776,-19.2195,-57.458,-18.9994
5005251,-55.3688,-22.9477,-54.813,-22.3572
5005400,-55.841,-21.9259,-54.8277,-20.9983
5005608,-57.0675,-20.6584,-56.0984,-19.6191
5005681,-54.4268,-24.0686,-54.0794,-23.8139
5005707,-54.4675,-23.4463,-53.6299,-22.7574
5005806,-56.2326,-21.4919,-55.4861,-20.7334
5006002,-54.708,-21.9224,-53.6084,-20.9938
5006200,-53.7933,-22.5846,-53.0251,-21.5525
5006259,-54.0278,-22.7318,-53.4979,-22.4327
5006275,-53.6378,-19.5868,-52.5659,-18.7852
5006309,-51.8765,-19.9641,-50.9229,-19.1388
5006358,-55.5604,-23.9946,-55.1286,-23.4567
5006408,-54.7566,-18.2793,-53.757,-17.6339
5006606,-56.1123,-22.7654,-54.9765,-21.634
5006903,-58.0096,-22.1821,-56.7871,-20.1792
5007109,-54.2066,-21.6325,-52.8171,-19.5303
5007208,-55.028,-21.9662,-53.8907,-21.3353
5007307,-55.2428,-19.7013,-54.7107,-19.1868
5007406,-55.465,-19.3511,-54.3933,-18.221
5007505,-55.0489,-20.2091,-54.3935,-19.7528
5007554,-53.2942,-21.7708,-52.0483,-20.6868
5007695,-54.8057,-19.5982,-54.1858,-18.705
5007703,-55.2798,-24.014,-54.6838,-23.7333
5007802,-52.1205,-20.6216,-51.3435,-19.9127
5007901,-55.3306,-21.5866,-54.4822,-20.5843
5007935,-55.1596,-18.0026,-53.6801,-17.2282
5007950,-55.2722,-23.8927,-54.6491,-23.3763
5007976,-53.6565,-23.0044,-53.2743,-22.334
5008008,-55.3918,-20.7838,-54.7627,-20.1445
5008305,-52.8014,-21.1988,-51.5676,-19.611
5008404,-54.5112,-22.626,-54.3254,-22.3505
5100102,-56.4684,-15.4123,-56.1016,-14.9765
5100201,-53.1149,-14.5418,-51.8226,-13.6351
5100250,-56.9885,-10.6827,-55.8229,-9.4008
5100300,-53.9557,-18.0404,-53.0118,-16.8068
5100359,-52.2547,-12.0018,-51.2675,-11.5757
5100409,-54.0172,-17.2501,-53.1471,-16.4339
5100508,-56.9882,-15.1451,-56.3849,-14.3928
5100607,-53.5507,-18.0416,-53.0645,-17.5042
5100805,-58.5682,-9.8215,-57.0392,-7.349
5101001,-52.1816,-15.8503,-51.3499,-14.3547
5101209,-53.362,-16.8697,-52.914,-16.5827
5101258,-58.7531,-15.5254,-58.2211,-14.9999
5101308,-56.984,-14.6491,-56.7177,-14.3604
5101407,-60.7051,-10.9196,-58.7965,-9.2872
5101605,-56.7238,-17.3681,-55.4937,-16.1149
5101704,-58.8596,-15.6472,-56.8055,-14.5921
5101803,-53.1492,-15.9125,-51.9721,-14.802
5101852,-52.1748,-12.5475,-51.1252,-11.8577
5101902,-58.5292,-13.2696,-57.2927,-10.9509
5102504,-58.7963,-17.627,-57.0071,-15.4545
5102603,-53.4672,-14.8812,-52.6865,-13.6331
5102637,-58.4081,-14.3858,-57.3441,-12.9303
5102678,-55.4427,-15.8975,-54.4385,-14.9528
5102686,-59.4599,-14.5101,-58.9131,-12.6415
5102694,-52.2298,-11.5265,-51.3974,-10.9367
5102702,-53.101,-13.7824,-51.3808,-12.6028
5102793,-56.2396,-10.3961,-55.5568,-9.7324
5102850,-58.9986,-11.3014,-58.3309,-10.5665
5103007,-56.2423,-15.6337,-54.8752,-14.5678
5103056,-55.4687,-11.8145,-54.6812,-11.1434
5103106,-51.7315,-15.045,-50.4985,-12.646
5103205,-55.7075,-11.0177,-55.1581,-10.1266
5103254,-61.6334,-10.0495,-58.9384,-8.7966
5103304,-60.717,-14.1782,-58.846,-12.2115
5103353,-52.2185,-10.7486,-51.1531,-10.0679
5103361,-59.6453,-14.9627,-59.0366,-14.2764
5103379,-59.1274,-10.1313,-58.1943,-8.7987
5103403,-56.302,-16.5371,-55.1273,-15.0701
5103437,-57.9908,-15.7782,-57.7831,-15.467
5103452,-57.1614,-14.9403,-56.7183,-14.503
5103502,-57.735,-14.6856,-55.9767,-13.5864
5103601,-55.0252,-15.9841,-54.5064,-15.3608
5103700,-55.2781,-12.7416,-53.2397,-10.9577
5103809,-58.8699,-15.693,-58.5482,-15.2945
5103858,-54.0921,-13.8143,-52.813,-11.9308
5103908,-53.938,-15.8854,-52.7032,-15.2116
5103957,-58.5604,-16.0479,-58.1321,-15.693
5104104,-55.1378,-10.0553,-54.1068,-9.5051
5104203,-54.2383,-16.7996,-52.9783,-15.9552
5104500,-58.7302,-15.515,-58.4656,-15.1498
5104526,-56.4153,-12.4415,-55.6998,-11.446
5104542,-57.1449,-12.3751,-56.389,-11.9128
5104559,-56.3211,-11.4048,-54.915,-10.8456
5104609,-55.6028,-17.6623,-53.6798,-16.9335
5104807,-55.5449,-16.3318,-54.9095,-15.6021
5104906,-56.9446,-15.5407,-56.3555,-15.119
5105002,-59.0936,-15.6004,-58.6965,-15
5105101,-58.4193,-12.2096,-56.7134,-10.2489
5105150,-60.4639,-12.3681,-58.3164,-10.6182
5105176,-58.9272,-10.7907,-58.3183,-10.1281
5105200,-55.2849,-16.5188,-54.4389,-15.8815
5105234,-58.1043,-15.7745,-57.5073,-15.1315
5105259,-56.6588,-13.4575,-55.8743,-12.6381
5105309,-51.5196,-11.3131,-50.5706,-10.6465
5105507,-60.5757,-16.2796,-59.4324,-13.9918
5105580,-54.8937,-11.4132,-53.0984,-10.4332
5105606,-55.2422,-10.3905,-53.5865,-9.5719
5105622,-58.2871,-15.8483,-57.879,-15.3588
5105903,-56.4791,-14.77,-55.2009,-14.0042
5106000,-56.9517,-14.6491,-56.5196,-14.1311
5106109,-57.2248,-16.411,-55.9489,-15.4329
5106158,-58.6575,-10.4523,-57.5765,-8.9403
5106174,-52.3397,-14.6871,-51.4636,-13.6056
5106182,-60.3138,-14.8202,-59.3118,-13.9817
5106190,-55.2962,-11.288,-54.6011,-10.5352
5106208,-55.6527,-15.0671,-54.4966,-14.4194
5106216,-56.5959,-11.1011,-55.5945,-10.2319
5106224,-56.7733,-14.2234,-55.3804,-12.8201
5106232,-57.7769,-14.9566,-57.0815,-14.608
5106240,-55.4585,-13.8718,-53.779,-12.0621
5106257,-52.9326,-15.1772,-51.6912,-14.1775
5106265,-55.9339,-10.1942,-54.9564,-9.4343
5106273,-57.5568,-11.5241,-57.0276,-11.2479
5106281,-53.9501,-15.4009,-52.6409,-14.7247
5106299,-57.1323,-9.9482,-56.2533,-9.1824
5106307,-55.1004,-14.7328,-53.2234,-11.9486
5106315,-51.3106,-12.892,-50.6183,-11.726
5106372,-54.5993,-17.1119,-53.8254,-16.468
5106422,-55.1539,-10.7777,-52.6193,-9.611
5106455,-54.9508,-14.8027,-54.3294,-14.2786
5106505,-57.6927,-17.9028,-56.216,-15.6977
5106653,-53.0779,-16.1351,-52.2521,-15.6977
5106703,-53.1662,-16.8127,-52.715,-16.5264
5106752,-60.0484,-16.2,-58.9633,-14.6612
5106778,-52.2046,-11.0429,-51.0062,-10.4873
5106802,-57.4429,-12.1846,-55.9645,-11.3591
5106828,-59.5277,-16.308,-58.3883,-15.4777
5106851,-57.5206,-15.8624,-56.9567,-15.1984
5107008,-54.6959,-16.3725,-53.733,-15.2454
5107040,-54.697,-15.6761,-53.7754,-14.6039
5107065,-53.6084,-13.2408,-52.0387,-11.2111
5107107,-58.5879,-15.7126,-58.0183,-15.3504
5107156,-58.7225,-15.186,-58.2533,-14.6835
5107180,-52.1442,-13.5153,-50.9225,-12.2437
5107198,-52.9471,-16.6213,-52.6047,-16.2982
5107206,-58.284,-15.4136,-57.9599,-15.1506
5107248,-55.4106,-12.2455,-54.2858,-11.6492
5107263,-57.7198,-14.5782,-56.9296,-14.3076
5107297,-54.3847,-16.628,-54.1639,-16.3145
5107305,-57.3469,-13.9183,-56.3831,-12.9547
5107354,-53.1289,-11.1087,-52.1439,-10.258
5107404,-54.9474,-16.0556,-54.5615,-15.8813
5107578,-61.6019,-10.9922,-60.3961,-9.6366
5107602,-54.9963,-17.1004,-54.1894,-16.0684
5107701,-56.9905,-15.5433,-54.8085,-14.2033
5107743,-53.0033,-10.4014,-52.0609,-9.6823
5107750,-58.346,-15.2373,-57.6665,-14.7677
5107768,-55.7695,-14.2556,-54.8678,-13.3102
5107776,-51.3718,-10.7764,-50.2248,-9.8006
5107792,-54.1974,-15.133,-53.2917,-14.4035
5107800,-56.1459,-17.3715,-54.885,-15.6987
5107859,-53.3196,-12.1249,-50.6569,-10.8305
5107875,-59.0456,-14.0001,-58.0765,-11.9178
5107883,-51.6623,-12.3524,-51.0847,-11.7886
5107909,-55.8359,-12.1871,-55.0671,-11.298
5107925,-56.1167,-13.6662,-55.0851,-11.7216
5107941,-57.139,-11.6446,-55.7801,-10.4923
5107958,-59.1085,-14.9868,-56.9497,-14
5108006,-56.9805,-12.901,-56.0581,-12.2478
5108055,-55.3342,-10.744,-54.6395,-10.2179
5108105,-53.8821,-16.2779,-53.0252,-15.5727
5108204,-53.2119,-16.5706,-52.4717,-16.0268
5108303,-54.7311,-11.8872,-53.7792,-11.1837
5108352,-59.2267,-15.4669,-58.7567,-14.5858
5108402,-56.4249,-15.7776,-56.0695,-15.3401
5108501,-55.5911,-13.6634,-55.0684,-12.0896
5108600,-52.2764,-10.3282,-50.5684,-9.7077
5108808,-55.5725,-10.5143,-55.1549,-10.057
5108857,-57.7329,-14.436,-56.8667,-14.1532
5108907,-57.7341,-13.8076,-56.7392,-11.7086
5108956,-57.6968,-10.3254,-56.8417,-9.5294
5200050,-49.5514,-16.865,-49.3841,-16.7175
5200100,-48.9592,-16.3476,-48.4093,-15.9894
5200134,-50.56,-17.6599,-50.0644,-17.1888
5200159,-50.2477,-16.4682,-50.1302,-16.2983
5200175,-48.0975,-15.1507,-47.4732,-14.6391
5200209,-48.8869,-18.2421,-48.6842,-17.9073
5200258,-48.3786,-15.8343,-48.2079,-15.6592
5200308,-48.6506,-16.3269,-48.3191,-15.9133
5200506,-49.513,-17.7529,-49.4093,-17.6343
5200555,-49.5931,-14.2923,-49.2748,-14.0668
5200605,-47.932,-14.4652,-47.1141,-13.8586
5200803,-46.9013,-14.8246,-46.368,-14.3166
5200829,-49.975,-14.0025,-49.2243,-13.6809
5200852,-50.107,-16.333,-49.8635,-16.2185
5200902,-51.2456,-16.8225,-50.9982,-16.5038
5201108,-49.1936,-16.486,-48.7502,-16.1247
5201207,-48.2722,-18.347,-48.1713,-18.2705
5201306,-50.1721,-16.562,-49.7426,-16.2436
5201405,-49.3858,-16.8924,-49.1367,-16.7257
5201454,-51.4559,-18.3573,-51.1136,-18.0817
5201504,-52.5019,-19.1197,-51.6642,-18.4923
5201603,-49.7746,-16.4741,-49.6523,-16.2586
5201702,-52.3616,-16.1661,-51.8316,-15.8101
5201801,-49.4848,-17.0471,-49.3597,-16.8319
5202155,-50.8324,-15.3701,-50.0361,-14.9022
5202353,-51.8388,-16.6626,-51.3749,-16.0289
5202502,-51.1778,-15.3285,-50.7401,-14.1043
5202601,-50.6622,-16.848,-50.3617,-16.505
5202809,-49.8463,-16.5801,-49.6888,-16.3976
5203104,-52.6936,-16.5992,-52.1966,-16.0816
5203203,-49.0815,-15.1671,-48.7116,-14.6437
5203302,-49.1576,-17.1954,-48.6375,-16.7513
5203401,-52.3212,-16.478,-51.815,-15.9117
5203500,-50.188,-18.3959,-49.5429,-18.0002
5203559,-49.078,-16.6601,-48.9179,-16.5212
5203575,-50.2759,-13.7309,-49.535,-13.3511
5203609,-49.4545,-16.4563,-49.2981,-16.2871
5203807,-51.4101,-15.4911,-50.9247,-14.9213
5203906,-49.2481,-18.3235,-48.8005,-17.9488
5203939,-50.5585,-16.2616,-50.355,-16.0744
5203962,-46.4582,-14.4929,-46.1699,-14.3011
5204003,-47.1814,-15.9611,-46.805,-15.536
5204102,-51.2393,-18.9229,-50.7527,-18.2797
5204201,-50.8186,-16.8401,-50.5828,-16.5862
5204250,-49.7793,-18.6169,-49.4213,-18.3462
5204300,-51.5298,-19.187,-50.6402,-18.2797
5204409,-52.4321,-17.4911,-51.0557,-16.4614
5204508,-48.9285,-18.0674,-48.4511,-17.475
5204557,-49.0689,-16.8275,-48.8485,-16.6309
5204607,-49.7824,-16.9022,-49.5968,-16.6633
5204656,-48.7856,-14.1871,-48.3174,-13.5916
5204706,-49.196,-14.3862,-48.6575,-13.6376
5204805,-47.9831,-17.919,-47.5216,-17.1487
5204854,-49.1785,-16.3489,-49.0167,-16.2229
5204904,-46.8566,-13.1084,-46.1046,-12.8224
5204953,-49.7741,-14.3446,-49.5447,-14.055
5205000,-49.8887,-15.5464,-49.5861,-15.2918
5205059,-50.5892,-18.2495,-50.1597,-18.0601
5205109,-48.174,-18.5003,-47.2642,-17.4569
5205208,-49.6971,-16.5107,-49.4443,-16.3988
5205307,-48.1988,-14.1801,-47.2496,-13.1012
5205406,-49.7706,-15.3623,-49.5475,-15.1841
5205455,-49.8804,-17.3061,-49.6123,-16.9027
5205471,-52.8734,-18.6956,-52.2885,-18.0704
5205497,-47.9645,-16.2579,-47.676,-16.0498
5205513,-48.8569,-15.9135,-48.2515,-15.3588
5205521,-48.3467,-14.3529,-47.8391,-13.6284
5205703,-50.6864,-16.5217,-50.4629,-16.2
5205802,-48.9067,-16.1545,-48.4082,-15.7531
5205901,-48.9177,-18.3803,-48.2973,-17.8385
5206206,-47.9025,-17.3559,-47.1274,-16.0498
5206305,-48.8106,-17.3538,-48.5716,-17.1157
5206404,-50.4486,-15.1378,-49.6944,-14.1258
5206503,-49.4894,-17.373,-49.2564,-17.1291
5206602,-48.3576,-18.4361,-47.9361,-18.197
5206701,-46.3355,-14.6781,-46.0149,-14.4329
5206800,-49.403,-16.3142,-49.2754,-16.1872
5206909,-47.7127,-18.2465,-47.4079,-17.9823
5207105,-51.6161,-16.3277,-51.118,-16.0698
5207253,-52.8374,-17.2846,-52.1279,-16.5128
5207352,-49.9248,-17.6175,-49.6226,-17.1927
5207402,-50.2123,-17.8076,-49.7092,-17.205
5207501,-49.1822,-13.9422,-48.9767,-13.6804
5207535,-50.733,-15.6585,-50.0837,-15.2354
5207600,-51.259,-16.4164,-50.5951,-15.9406
5207808,-50.4929,-16.8043,-50.2081,-16.4497
5207907,-47.191,-15.0895,-46.5261,-14.0812
5208004,-47.5765,-16.0363,-46.8357,-14.536
5208103,-49.0273,-13.9423,-48.7006,-13.4686
5208152,-48.8747,-16.5381,-48.5155,-16.2799
5208301,-46.7154,-13.3854,-46.3765,-13.0541
5208400,-49.1876,-16.5938,-48.9821,-16.4054
5208509,-48.2779,-18.2643,-48.0082,-17.97
5208608,-49.3551,-15.6023,-48.9075,-14.9908
5208707,-49.4469,-16.8319,-49.078,-16.4537
5208806,-49.6201,-16.5978,-49.3222,-16.4044
5208905,-50.6479,-16.1206,-49.7924,-15.5576
5209101,-50.1692,-18.2058,-49.1645,-17.7742
5209150,-50.3063,-18.6842,-50.0278,-18.3258
5209200,-49.7488,-17.0661,-49.4345,-16.7718
5209291,-50.1358,-15.7889,-49.9895,-15.5758
5209408,-46.7592,-14.0575,-46.2082,-13.7002
5209457,-49.8255,-14.9406,-49.6333,-14.4641
5209606,-49.9378,-15.8098,-49.6845,-15.657
5209705,-49.497,-17.1667,-49.057,-16.8454
5209804,-49.5333,-14.8659,-49.1646,-14.6076
5209903,-46.9917,-14.3579,-46.4307,-13.8138
5209937,-50.065,-18.6439,-49.7404,-18.3529
5209952,-50.1478,-17.463,-49.7099,-16.9541
5210000,-49.6659,-16.4378,-49.3681,-16.1811
5210109,-48.5598,-18.0021,-47.4994,-16.8992
5210158,-49.7738,-15.2551,-49.5839,-15.0381
5210208,-51.4405,-16.6366,-50.9465,-16.2657
5210307,-51.0684,-16.5102,-50.7027,-16.2014
5210406,-50.0429,-16.4434,-49.6372,-15.7881
5210562,-49.6851,-16.0072,-49.5406,-15.8657
5210604,-49.6895,-15.8899,-49.5346,-15.6369
5210802,-51.724,-19.4984,-50.8245,-18.7821
5210901,-49.8592,-15.0863,-49.4086,-14.7551
5211008,-51.1211,-16.0428,-50.4638,-15.4369
5211206,-50.1686,-15.7814,-49.6924,-15.3574
5211305,-51.9267,-19.3123,-50.7262,-18.4698
5211404,-49.7575,-16.331,-49.403,-16.1017
5211503,-49.9793,-18.6473,-48.9595,-18.1062
5211602,-51.4005,-16.9546,-50.7308,-16.4198
5211701,-50.3087,-17.3643,-50.033,-16.8921
5211800,-49.6083,-16.0046,-49.1272,-15.4365
5211909,-52.3076,-18.5384,-51.1553,-17.2676
5212006,-51.2131,-16.3157,-50.8975,-16.0275
5212055,-49.4732,-16.0159,-49.3443,-15.8886
5212105,-49.7863,-17.8863,-49.4233,-17.6864
5212204,-51.7095,-16.0532,-50.7636,-14.9751
5212253,-51.4615,-19.3084,-51.0894,-19.0623
5212303,-49.0123,-16.6929,-48.7167,-16.4186
5212501,-48.4032,-17.0039,-47.6411,-16.1047
5212600,-49.6297,-17.5099,-49.2765,-17.1452
5212709,-46.2026,-14.6699,-45.9072,-14.2319
5212808,-49.8349,-14.2208,-48.8812,-13.8383
5212907,-48.7655,-18.0952,-48.6193,-17.8517
5212956,-51.0706,-15.5989,-50.5169,-15.0215
5213004,-50.507,-18.1596,-50.1884,-17.9277
5213053,-48.6573,-15.1751,-48.0355,-14.8462
5213087,-48.7014,-13.8624,-48.091,-13.1369
5213103,-53.2486,-18.6459,-52.0985,-16.766
5213400,-50.9804,-16.621,-50.6016,-16.3959
5213509,-47.3947,-13.6151,-46.4486,-13.0047
5213707,-51.8803,-16.2121,-51.2018,-15.4849
5213756,-51.5373,-17.5333,-50.9377,-16.9546
5213772,-48.9173,-13.4076,-48.5601,-12.8033
5213806,-49.4611,-18.0949,-48.8144,-17.5047
5213855,-50.1351,-15.3987,-49.8897,-15.2215
5213905,-50.3791,-16.328,-49.9407,-16.0285
5214002,-50.8808,-15.0555,-50.3037,-14.6083
5214051,-50.4851,-14.0218,-49.9193,-13.5344
5214101,-49.5912,-13.8702,-49.0736,-13.5552
5214408,-50.0067,-16.6537,-49.7265,-16.5142
5214507,-49.2804,-16.5395,-49.1078,-16.3197
5214606,-49.0529,-15.0173,-47.7615,-13.9369
5214705,-50.0598,-15.123,-49.8237,-14.9654
5214804,-48.3969,-18.2499,-48.2008,-17.9178
5214838,-50.8809,-14.7396,-50.1415,-13.3202
5214861,-49.6369,-15.19,-49.3233,-14.9709
5214879,-49.429,-14.5178,-49.1598,-14.0971
5214903,-47.2035,-14.103,-46.7834,-13.4316
5215009,-49.3678,-16.4372,-49.228,-16.2696
5215207,-50.8237,-16.2329,-50.4732,-15.8761
5215231,-48.1516,-16.2036,-48.0008,-16.0497
5215256,-49.9802,-13.5071,-49.3683,-12.9751
5215306,-48.4907,-17.3105,-47.9171,-16.7312
5215405,-49.311,-16.3464,-49.1426,-16.1423
5215504,-47.8792,-18.3157,-47.6011,-18.1171
5215603,-48.6184,-15.66,-47.9221,-15.0863
5215652,-51.671,-16.9281,-51.22,-16.4648
5215702,-50.1593,-17.0846,-49.7164,-16.5896
5215801,-48.4394,-17.3747,-48.3654,-17.2391
5215900,-50.3029,-16.9397,-50.0993,-16.6802
5216007,-49.5497,-18.3418,-49.2367,-18.0784
5216304,-50.8396,-18.9954,-50.3523,-18.6151
5216403,-51.0599,-17.4315,-50.229,-16.671
5216452,-52.5285,-17.6532,-51.9891,-17.3223
5216809,-49.4569,-16.2304,-49.1304,-15.9924
5216908,-49.7359,-14.8726,-49.3553,-14.1994
5217104,-49.302,-17.6,-48.6965,-17.0473
5217203,-52.1409,-16.6586,-51.5689,-16.0831
5217302,-49.2174,-16.1467,-48.7915,-15.5067
5217401,-48.6075,-17.6146,-48.1869,-17.002
5217609,-48.1073,-15.5022,-47.4619,-15.0166
5217708,-49.8256,-17.7842,-49.2975,-17.2911
5218003,-49.7206,-13.7704,-48.8194,-12.7894
5218052,-50.298,-18.0742,-49.9718,-17.7708
5218102,-52.8921,-17.4769,-52.5221,-17.2007
5218300,-46.8157,-14.4271,-46.0525,-14.0197
5218391,-49.3203,-17.473,-49.1696,-17.0825
5218508,-50.966,-18.7729,-50.0947,-18.1359
5218607,-49.6055,-15.4602,-49.454,-15.1726
5218706,-49.5442,-15.5339,-49.3293,-15.4282
5218789,-48.8539,-17.936,-48.7091,-17.7152
5218805,-51.7302,-18.3462,-50.3569,-17.0899
5218904,-50.0658,-15.3346,-49.6667,-15.0609
5219001,-50.5517,-16.5098,-50.2008,-16.1421
5219100,-49.7375,-16.6748,-49.5926,-16.522
5219209,-48.8082,-17.5717,-48.4045,-17.2002
5219258,-51.442,-15.9067,-50.9916,-15.4165
5219308,-50.7852,-17.9831,-50.3444,-17.5947
5219357,-49.5206,-15.4935,-49.2577,-14.9892
5219407,-53.2458,-17.6658,-52.8864,-16.833
5219456,-49.2136,-15.1635,-48.8909,-14.5752
5219506,-49.5406,-16.1681,-49.4014,-15.9729
5219605,-49.1389,-13.772,-48.8246,-13.345
5219704,-49.8971,-14.6815,-49.4728,-13.9399
5219712,-50.7561,-17.6606,-50.5152,-17.3766
5219738,-49.3701,-16.5565,-49.2134,-16.399
5219753,-48.4225,-16.3259,-48.0848,-15.8185
5219803,-46.8539,-13.8447,-46.0683,-13.0551
5219902,-49.3648,-16.0862,-49.1339,-15.815
5220009,-47.8654,-14.8328,-46.9831,-14.0321
5220058,-50.4584,-16.9168,-50.2809,-16.6997
5220108,-50.5641,-16.6379,-50.1662,-16.2854
5220157,-49.4421,-15.0117,-49.0834,-14.8077
5220207,-50.6143,-13.5761,-49.8167,-12.395
5220264,-48.8046,-17.1655,-48.5284,-16.8368
5220280,-49.9152,-15.4514,-49.7482,-15.2786
5220405,-50.7094,-19.1401,-50.4732,-18.893
5220454,-49.1969,-16.8314,-49.0107,-16.5935
5220504,-52.7826,-18.6347,-51.6304,-17.8128
5220603,-48.9168,-16.9254,-48.1851,-16.2822
5220686,-46.7323,-14.5149,-46.423,-14.3658
5220702,-46.6207,-15.0618,-45.9971,-14.4406
5221007,-49.6845,-16.1279,-49.517,-15.9693
5221080,-47.3542,-13.9769,-47.1259,-13.4117
5221197,-49.1275,-16.5369,-48.9811,-16.3742
5221304,-47.9155,-18.4519,-47.6102,-18.2833
5221403,-49.6958,-16.8129,-49.3801,-16.4894
5221452,-48.9611,-13.6385,-48.539,-13.2155
5221502,-50.2473,-16.7031,-49.9832,-16.4512
5221551,-50.4779,-18.0318,-50.1466,-17.5647
5221577,-50.1605,-14.3886,-49.7804,-13.8841
5221601,-49.4548,-14.7734,-48.7015,-13.8792
5221700,-49.7495,-15.8271,-49.5393,-15.4022
5221809,-48.3798,-17.594,-48.0443,-17.2737
5221858,-48.0309,-16.1369,-47.9386,-16.0497
5221908,-49.7509,-17.2288,-49.4685,-16.9414
5222005,-48.5981,-17.1293,-48.2553,-16.6269
5222054,-50.0871,-17.8997,-49.6837,-17.5767
5222203,-47.2347,-15.3145,-46.8737,-14.6719
5222302,-49.0919,-15.5721,-48.5593,-14.8628
5300108,-48.2858,-16.05,-47.3084,-15.5018
