cod,x1,y1,x2,y2
1100015,-62.8935,-13.1185,-61.886,-11.8275
1100023,-63.6177,-10.2878,-62.4221,-9.6688
1100031,-60.9242,-13.6933,-60.3648,-13.3182
1100049,-61.7953,-11.6187,-61.0001,-10.9871
1100056,-61.9073,-13.3633,-60.7161,-13.0039
1100064,-60.7427,-13.3245,-60.3326,-12.9485
1100072,-61.5151,-13.1351,-60.6426,-12.6262
1100080,-64.594,-12.9275,-62.2504,-11.6656
1100098,-61.2112,-11.7488,-60.4345,-10.988
1100106,-65.4287,-12.216,-63.5189,-10.4287
1100114,-63.1449,-11.0742,-62.1215,-10.2215
1100122,-62.1644,-11.2129,-61.4613,-9.6839
1100130,-62.5542,-9.8042,-61.468,-8.5754
1100148,-62.4428,-11.8316,-61.952,-11.2881
1100155,-62.5247,-10.899,-61.8273,-10.1167
1100189,-61.5753,-12.2609,-60.3002,-11.4634
1100205,-66.8057,-10,-62.2365,-7.9689
1100254,-62.1833,-11.402,-61.6315,-10.9859
1100262,-63.1196,-9.8473,-62.4219,-9.5246
1100288,-62.0499,-11.9064,-61.5209,-11.5741
1100296,-61.89,-12.4288,-61.53,-11.8558
1100304,-60.8095,-13.2576,-59.7738,-10.9895
1100320,-63.6296,-12.2368,-62.2062,-11.0051
1100338,-65.3913,-10.8729,-63.7062,-9.9358
1100346,-63.1959,-11.6153,-62.0928,-11.0526
1100379,-62.4175,-13.1811,-61.5241,-11.9644
1100403,-63.7654,-10,-63.0711,-9.3948
1100452,-64.3469,-10.3618,-63.5238,-9.8122
1100502,-62.2124,-11.8766,-61.911,-11.4998
1100601,-63.2617,-10.4921,-62.6702,-10.1666
1100700,-64.2245,-10.8413,-63.4423,-10.1531
1100809,-63.7964,-9.4281,-62.7161,-8.5
1100908,-62.0856,-11.5849,-61.6137,-11.2901
1100924,-61.3486,-12.992,-60.4431,-12.1657
1100940,-63.099,-9.526,-62.2893,-8.7284
1101005,-63.6273,-11.1528,-62.571,-10.4911
1101104,-63.5341,-9.4804,-62.6274,-8.7839
1101203,-61.7438,-11.3331,-61.4263,-10.9859
1101302,-63.1965,-11.2118,-62.5486,-10.8778
1101401,-63.5964,-10.4922,-63.1126,-10
1101435,-62.7166,-11.073,-62.3519,-10.7091
1101450,-61.6781,-12.6257,-61.1417,-12.0001
1101468,-62.1173,-13.5572,-60.7047,-12.4631
1101476,-61.4243,-12.0859,-61.1896,-11.7295
1101484,-61.5638,-12.0899,-61.3631,-11.7428
1101492,-63.7885,-12.3338,-63.1673,-11.4626
1101500,-63.3373,-12.309,-62.837,-11.4819
1101559,-62.4939,-11.03,-62.1221,-10.8343
1101609,-62.6694,-10.3722,-61.9539,-9.8054
1101708,-62.6908,-11.2244,-62.1434,-11.0046
1101757,-62.4302,-10.0542,-61.4764,-9.3264
1101807,-62.2591,-10.6588,-61.91,-10.0661
1200013,-67.1601,-10.119,-66.6194,-9.6871
1200054,-70.6228,-11.0699,-69.4182,-10.6774
1200104,-69.7206,-11.0223,-68.549,-10.4887
1200138,-68.6113,-9.9381,-67.7982,-9.2332
1200179,-68.0755,-10.7134,-67.5875,-10.1965
1200203,-73.6323,-8.4957,-72.1838,-7.5288
1200252,-68.7664,-11.1448,-68.0967,-10.6618
1200302,-72.1995,-10.0008,-69.5522,-8.0955
1200328,-72.3534,-9.7994,-71.5326,-8.6469
1200336,-73.9909,-7.7724,-72.7387,-7.1115
1200344,-70.6249,-10.402,-68.9886,-8.5781
1200351,-73.2123,-9.5449,-72.0256,-8.6716
1200385,-67.7058,-10.5099,-66.8967,-9.9822
1200393,-73.3055,-8.916,-72.2063,-8.116
1200401,-69.3957,-10.4866,-67.1338,-9.5013
1200427,-73.7725,-8.0808,-72.6091,-7.6367
1200435,-71.1081,-10.0767,-69.796,-8.9443
1200450,-67.7886,-10.3062,-67.0636,-9.677
1200500,-70.6254,-10.8567,-68.1832,-8.8662
1200609,-72.2726,-8.9237,-70.5551,-7.7187
1200708,-69.4785,-11.0261,-67.984,-10.1491
1200807,-68.1021,-9.9434,-67.3272,-9.337
1300029,-65.9249,-4.2923,-64.6668,-3.0562
1300060,-68.6321,-3.7747,-67.8335,-3.0674
1300086,-62.0875,-3.6845,-61.2788,-3.2621
1300102,-62.9908,-4.6779,-61.3724,-3.631
1300144,-60.6961,-8.8029,-58.1366,-6.3811
1300201,-73.801,-7.2156,-70.1236,-4.1264
1300300,-60.2865,-4.4204,-58.7868,-3.2429
1300409,-65.3791,-2.4936,-61.3815,2.2122
1300508,-57.4932,-3.6764,-56.733,-2.5895
1300607,-71.3428,-6.7316,-69.4366,-4.2641
1300631,-62.8301,-5.4595,-60.8028,-3.6253
1300680,-58.074,-3.5136,-57.3497,-2.7998
1300706,-69.4347,-9.5942,-67.0572,-8.0452
1300805,-61.2927,-6.8117,-58.1054,-3.8518
1300839,-62.5826,-3.5,-61.0714,-2.6092
1300904,-65.0386,-8.9961,-63.1351,-5.9158
1301001,-68.3123,-6.0506,-65.9496,-4.2943
1301100,-60.8028,-4.222,-59.6563,-3.276
1301159,-60.1854,-3.549,-59.233,-3.0605
1301209,-65.9001,-5.8061,-62.2561,-2.2648
1301308,-64.3862,-4.1551,-61.8,-2.1019
1301407,-71.5112,-7.9501,-69.333,-6.3556
1301506,-71.2399,-8.4659,-69.4739,-7.1728
1301605,-67.3088,-3.1616,-65.2679,-1.9303
1301654,-73.7408,-7.7238,-72.045,-6.9029
1301704,-63.6351,-8.881,-61.6351,-6.1416
1301803,-72.1825,-7.8871,-70.6461,-6.5947
1301852,-60.9942,-3.3603,-59.8945,-2.8115
1301902,-59.5,-3.7531,-58.0643,-2.5171
1301951,-69.5368,-7.4104,-66.3542,-6.0432
1302009,-59.2763,-2.8588,-57.8762,-2.2303
1302108,-70.0576,-2.8406,-66.0008,0.0687
1302207,-67.1953,-4.3042,-65.2531,-2.4452
1302306,-70.5713,-6.645,-66.283,-2.3665
1302405,-67.5,-9.814,-64.3294,-6.9482
1302504,-61.483,-3.8211,-60.3128,-2.7323
1302553,-61.1632,-4.1742,-60.1828,-3.3035
1302603,-60.8022,-3.2218,-59.1596,-1.9239
1302702,-62.856,-8.8624,-60.513,-4.7117
1302801,-66.001,-3.8125,-63.7527,-1.4122
1302900,-58.9175,-7.3497,-56.9133,-3.1332
1303007,-59.1941,-2.4257,-56.0971,0.2639
1303106,-59.2117,-4.5062,-58.1189,-3.5435
1303205,-63.9887,-3.1064,-60.3572,-0.4972
1303304,-61.7128,-8.7983,-59.3099,-4.8693
1303403,-57.4285,-3.3326,-56.3888,-2.2423
1303502,-69.8022,-8.6413,-66.3637,-6.9445
1303536,-60.9637,-2.4797,-59.0819,0.0386
1303569,-60.0461,-2.9715,-59.1554,-2.0455
1303601,-67.649,-1.798,-63.9633,1.2955
1303700,-69.8371,-3.7223,-67.7544,-2.4393
1303809,-70.0458,-1.5275,-65.8883,2.247
1303908,-70.4449,-6.3064,-68.6241,-3.1679
1303957,-59.5198,-2.6533,-57.7721,-1.1392
1304005,-59.0508,-3.1442,-58.1017,-2.5577
1304062,-69.9543,-4.3713,-69.3992,-3.6862
1304104,-67.7966,-7.3452,-62.1023,-4.5227
1304203,-66.9739,-5.5611,-64.0711,-3.2666
1304237,-68.7024,-2.9789,-67.1384,-2.1728
1304260,-65.9941,-4.1325,-64.7154,-2.2799
1304302,-60.23,-2.7627,-57.3285,0.2639
1304401,-58.1924,-3.2148,-57.2888,-2.455
1400027,-64.8247,3.1247,-60.5944,4.3257
1400050,-64.2547,2.4653,-61,3.7424
1400100,-61,2.4286,-60.2853,3.6064
1400159,-60.5678,2,-59.7186,3.5866
1400175,-61.0525,1.7067,-60.149,2.8852
1400209,-62.7358,-1.4014,-59.4122,2.026
1400233,-59.8206,0.2639,-58.8864,1.6269
1400282,-63.9775,1.53,-60.9378,2.8302
1400308,-63.0959,2.1224,-60.8345,2.9477
1400407,-60.5419,3.3694,-59.5158,4.3039
1400456,-61.5269,3.4488,-60.4097,4.8849
1400472,-61.8892,-1.5803,-60.0033,1.1483
1400506,-60.1525,0.2639,-59.4328,1.2772
1400605,-60.4022,0.5611,-59.9753,1.1358
1400704,-60.7358,4.1606,-59.6719,5.2722
1500107,-49.1541,-1.9562,-48.53,-1.5211
1500131,-48.6125,-5.1119,-48.1942,-4.8131
1500206,-48.878,-2.6012,-48.0415,-1.4664
1500305,-51.432,-0.7267,-50.1068,0.2497
1500347,-51.1334,-7.2524,-49.7293,-6.271
1500404,-55.4132,-2.1666,-54.4722,1.5506
1500503,-55.7072,-1.7808,-51.7778,2.5914
1500602,-55.6234,-9.6449,-51.6471,-2.8801
1500701,-50.5344,-1.2706,-49.4665,-0.3124
1500800,-48.4397,-1.4652,-48.331,-1.2207
1500859,-51.8084,-5.1502,-50.8468,-2.7439
1500909,-46.6622,-1.3351,-46.3334,-0.8576
1500958,-48.0549,-2.5202,-47.4225,-1.9999
1501006,-56.9556,-4.3047,-55.0369,-3.2208
1501105,-50.5713,-3.1622,-49.8459,-1.8052
1501204,-49.974,-3.6732,-49.3861,-2.6631
1501253,-50.996,-7.7655,-50.3401,-7.1926
1501303,-48.837,-1.699,-48.4386,-1.1918
1501402,-48.624,-1.5262,-48.2959,-1.0191
1501451,-55.2334,-3.9477,-54.7987,-2.5471
1501501,-48.353,-1.4702,-48.207,-1.25
1501576,-49.027,-5.3488,-48.4515,-4.7072
1501600,-47.4382,-1.564,-47.1872,-1.223
1501709,-47.0258,-1.58,-46.548,-0.7826
1501725,-53.2094,-3.9358,-52.2738,-2.6714
1501758,-48.6324,-6.009,-48.1318,-5.4934
1501782,-49.6607,-4.1016,-48.9231,-3.4117
1501808,-51.2164,-1.8074,-49.9296,-0.5067
1501907,-48.2994,-1.841,-47.8573,-1.4664
1501956,-46.6333,-2.4125,-46.2089,-1.6086
1502004,-49.2076,-1.2129,-48.4389,-0.4139
1502103,-49.8304,-2.6379,-49.1891,-1.9237
1502152,-50.5674,-6.7143,-49.6503,-6.2483
1502202,-47.2152,-1.389,-46.9751,-0.9869
1502301,-47.5172,-2.5932,-46.929,-1.5387
1502400,-48.0356,-1.4921,-47.638,-1.0378
1502509,-50.5992,-0.6667,-48.9156,0.7055
1502608,-48.4391,-1.0208,-48.1464,-0.7743
1502707,-49.9136,-8.7989,-49.148,-7.6145
1502756,-48.0806,-2.0963,-47.8722,-1.6667
1502764,-51.9217,-9.699,-50.5051,-7.319
1502772,-49.8404,-6.7143,-49.4023,-5.7851
1502806,-50.4353,-1.8352,-49.5744,-1.3003
1502855,-55.4129,-2.1673,-54.85,-1.3988
1502905,-47.9757,-0.9522,-47.7544,-0.55
1502939,-48.39,-4.6143,-47.3412,-3.7865
1502954,-49.5729,-6.4449,-48.8521,-5.7952
1503002,-58.8978,-2.2122,-56.5917,-0.0052
1503044,-49.856,-7.9755,-49.1828,-7.1294
1503077,-47.2421,-2.5929,-46.8875,-1.8495
1503093,-49.6064,-4.5003,-48.3686,-3.5362
1503101,-52.2514,-1.8253,-51.094,-0.4165
1503200,-47.7302,-1.3743,-47.3998,-0.9741
1503309,-49.3569,-2.4503,-48.8742,-1.7014
1503408,-48.1339,-1.5926,-47.7555,-1.3207
1503457,-49.0365,-3.5748,-47.3105,-2.2994
1503507,-47.6246,-2.0785,-47.1925,-1.5932
1503606,-57.8601,-8.4052,-55.0231,-3.6583
1503705,-50.5152,-5.4666,-49.311,-4.6868
1503754,-58.4813,-9.4101,-56.1555,-5.5443
1503804,-49.4968,-4.8655,-49,-4.3192
1503903,-56.7674,-3.3571,-55.6183,-1.9384
1504000,-49.7464,-2.0687,-49.1713,-1.7026
1504059,-47.6159,-2.131,-47.3975,-1.8483
1504109,-47.7285,-0.948,-47.5484,-0.6941
1504208,-51.4012,-6.2174,-48.7281,-4.9198
1504307,-47.61,-1.0312,-47.3768,-0.581
1504406,-47.8176,-1.066,-47.5854,-0.5347
1504422,-48.3665,-1.4708,-48.2769,-1.323
1504455,-53.8549,-3.6646,-52.6681,-2.6649
1504505,-51.9669,-1.9631,-50.2847,-1.1076
1504604,-49.7526,-2.686,-49.2017,-2.413
1504703,-49.629,-3.4149,-48.4372,-1.6555
1504802,-54.9312,-2.4151,-53.5108,0.3729
1504901,-49.6229,-1.7191,-48.9472,-0.9102
1504950,-47.4064,-2.8894,-46.4312,-1.8994
1504976,-49.4258,-5.3385,-48.9529,-4.6868
1505007,-47.4962,-1.3697,-47.2845,-0.9687
1505031,-56.2532,-9.5354,-54.613,-6.2796
1505064,-50.9963,-5.1966,-49.4058,-3.8532
1505106,-56.2714,-2.2631,-55.0694,2.4095
1505205,-50.1311,-2.9885,-49.706,-1.7827
1505304,-58.895,-1.9983,-55.5871,2.5339
1505403,-47.3266,-1.6104,-46.9674,-1.3649
1505437,-52.1782,-8.4411,-50.5073,-6.6931
1505486,-51.2975,-4.2946,-49.8028,-3.1047
1505494,-48.5342,-6.1487,-48.1732,-5.6727
1505502,-48.891,-3.8369,-46.4153,-2.4102
1505536,-51.1985,-6.6235,-49.7322,-5.8531
1505551,-50.4489,-7.9723,-49.8255,-7.4774
1505601,-47.3448,-1.2867,-47.1915,-0.9634
1505635,-49.4108,-6.8429,-48.6256,-6.2617
1505650,-54.9524,-4.4682,-54.0495,-3.3595
1505700,-49.5436,-1.5506,-48.6071,-0.6684
1505809,-51.9392,-3.4947,-49.9081,-1.7475
1505908,-53.3838,-2.8299,-51.8478,-1.5037
1506005,-54.2654,-2.8871,-52.9663,-1.3163
1506104,-47.2424,-1.0414,-47.0121,-0.8317
1506112,-47.0835,-1.013,-46.9322,-0.6915
1506138,-50.6121,-8.3982,-49.8263,-7.7145
1506161,-50.4036,-7.6997,-49.1909,-7.0403
1506187,-49.0178,-4.9458,-47.8157,-4.017
1506195,-55.8964,-4.678,-54.6946,-3.7217
1506203,-47.4314,-0.8222,-47.2557,-0.5938
1506302,-48.9616,-0.9785,-48.3723,-0.6473
1506351,-48.3526,-1.295,-48.1371,-1.0887
1506401,-49.4888,-0.7716,-49.1366,-0.3368
1506500,-48.2599,-1.5466,-47.9857,-1.1884
1506559,-47.1548,-2.156,-46.7894,-1.2939
1506583,-51.0469,-9.1088,-49.4813,-8.175
1506609,-47.6556,-1.495,-47.4151,-1.2365
1506708,-51.3111,-9.8407,-49.8615,-8.7126
1506807,-56.3441,-3.5558,-54.0449,-2.0712
1506906,-47.4246,-0.9768,-47.2243,-0.8261
1507003,-48.4691,-1.21,-47.9687,-0.9821
1507102,-48.2928,-1.0646,-47.919,-0.5814
1507151,-48.9449,-5.8901,-48.4612,-5.4723
1507201,-47.9951,-2.2266,-47.5609,-1.6289
1507300,-53.4692,-9.7725,-50.7192,-5.1488
1507409,-47.8451,-1.3743,-47.638,-1.0408
1507458,-49.1987,-6.4781,-48.3749,-5.8597
1507466,-48.0308,-0.9756,-47.8937,-0.7604
1507474,-47.3807,-0.9241,-47.0488,-0.6261
1507508,-49.0386,-5.6005,-48.3269,-5.2829
1507607,-47.9491,-1.6747,-47.2855,-1.4308
1507706,-49.999,-1.7807,-49.4154,-1.0827
1507755,-49.734,-7.0306,-49.3373,-6.6366
1507805,-52.3544,-5.151,-51.3115,-2.4928
1507904,-49.0061,-0.8537,-48.2339,-0.2183
1507953,-49.037,-3.408,-48.4534,-2.3974
1507961,-47.9426,-1.0653,-47.7683,-0.9217
1507979,-56.7499,-2.179,-56.0887,-1.6306
1508001,-48.5573,-3.2373,-47.9256,-2.0826
1508035,-47.1888,-1.3961,-46.8014,-0.7353
1508050,-56.6656,-5.6783,-55.2745,-4.5341
1508084,-51.7442,-7.052,-51.0749,-6.5737
1508100,-50.1304,-4.0818,-49.5954,-3.5127
1508126,-48.033,-4.1553,-47.0269,-3.4485
1508159,-54.2978,-4.2665,-53.1556,-2.8862
1508209,-48.3275,-1.1335,-47.9426,-0.7021
1508308,-46.8479,-2.2369,-46.0605,-0.886
1508357,-52.3124,-3.5902,-51.6084,-2.7921
1508407,-50.3759,-7.2524,-49.083,-6.4449
1600055,-52.8675,0.8415,-51.815,2.4393
1600105,-51.6597,1.1581,-49.8758,2.2087
1600154,-53.0591,0.4326,-51.7055,2.0321
1600204,-52.0662,1.3233,-50.6817,3.9363
1600212,-50.9512,0.7984,-50.0679,1.3348
1600238,-52.0089,0.4331,-50.8856,1.3241
1600253,-50.9701,0.2091,-50.4094,0.7649
1600279,-54.8758,-0.9163,-51.9384,2.4718
1600303,-51.5007,-0.0972,-49.8915,1.2742
1600402,-52.7369,-0.9213,-51.2159,0.8343
1600501,-53.2787,1.942,-51.1663,4.4371
1600535,-52.3492,0.2158,-51.04,1.0121
1600550,-51.9892,1.3231,-50.5275,1.8971
1600600,-51.5803,-0.1183,-51.1084,0.4737
1600709,-51.4789,0.9341,-50.4155,1.6926
1600808,-52.4551,-1.2354,-51.6831,-0.7966
1700251,-49.7314,-9.7715,-48.8678,-9.1611
1700301,-47.6346,-6.5885,-47.4162,-6.4143
1700350,-49.3301,-11.5555,-48.5421,-11.164
1700400,-47.5536,-11.9683,-46.6892,-10.9776
1700707,-49.3358,-12.6419,-48.9023,-12.175
1701002,-48.4357,-6.4425,-47.9283,-5.9458
1701051,-48.0252,-6.5693,-47.801,-6.2763
1701101,-48.2258,-10.1824,-47.8192,-9.7715
1701309,-48.8714,-7.3154,-48.4238,-6.6624
1701903,-49.8502,-9.2779,-49.2199,-8.5409
1702000,-50.3108,-13.2742,-49.2338,-12.4056
1702109,-49.2654,-7.5621,-48.0518,-6.942
1702158,-48.6652,-6.9839,-48.3123,-6.4875
1702208,-48.452,-6.0086,-47.7651,-5.275
1702307,-49.3412,-7.8885,-48.7411,-7.5702
1702406,-47.5712,-13.2903,-46.5929,-12.3507
1702554,-48.0759,-5.6651,-47.8251,-5.3792
1702703,-46.7056,-12.771,-46.1516,-12.4829
1702901,-47.8404,-5.7654,-47.6791,-5.5954
1703008,-48.1345,-7.4194,-47.5351,-6.9046
1703057,-48.8473,-8.4009,-48.496,-7.5801
1703073,-47.7454,-7.9919,-47.4233,-7.4317
1703107,-48.9712,-10.0698,-48.6229,-9.7304
1703206,-49.1816,-8.1307,-48.7816,-7.848
1703305,-48.1785,-9.1824,-47.5456,-8.8212
1703602,-48.6347,-8.4229,-48.2821,-8.1237
1703701,-48.8578,-11.3919,-48.3967,-10.7406
1703800,-48.2502,-5.4396,-48.0544,-5.2593
1703826,-47.9932,-6.1842,-47.6923,-6.0094
1703842,-47.1737,-8.5325,-46.4658,-7.8958
1703867,-49.4066,-12.1591,-49.001,-11.7356
1703883,-48.4687,-7.1515,-48.2922,-6.9223
1703891,-48.0925,-5.4072,-47.9568,-5.2339
1703909,-50.0058,-9.6852,-49.678,-9.0585
1704105,-47.7272,-9.355,-47.2176,-8.797
1704600,-49.444,-10.3711,-48.98,-9.9599
1705102,-48.1785,-11.76,-47.5973,-11.2676
1705508,-48.6611,-8.2868,-48.3781,-7.8463
1705557,-46.606,-12.9364,-46.4172,-12.7319
1705607,-47.5729,-12.4534,-47.0561,-11.8384
1706001,-49.3992,-8.6833,-48.9574,-8.1918
1706100,-49.763,-10.8386,-48.9606,-10.4391
1706258,-49.4419,-11.2562,-48.709,-11.0568
1706506,-48.0399,-7.0063,-47.4937,-6.5398
1707009,-47.2091,-12.22,-46.0863,-11.3741
1707108,-49.7288,-9.9717,-48.8861,-9.3076
1707207,-49.4069,-9.7744,-48.7483,-8.8922
1707306,-49.8282,-11.7615,-48.9484,-10.9966
1707405,-48.7563,-5.4294,-48.3815,-5.1918
1707553,-49.0212,-10.9673,-48.7693,-10.6889
1707652,-49.6512,-12.5365,-48.9093,-11.9414
1707702,-48.1056,-7.7675,-47.4778,-7.2594
1708205,-50.7216,-12.8603,-49.2588,-11.379
1708254,-48.7324,-9.2401,-48.3595,-8.9315
1708304,-49.2877,-9.1997,-48.7347,-8.6391
1709005,-47.9532,-8.4924,-47.0062,-7.5474
1709302,-48.7099,-9.0099,-48.1228,-8.5198
1709500,-49.1797,-11.962,-48.5685,-11.3534
1709807,-48.5573,-11.3096,-48.2178,-10.9277
1710508,-48.0254,-8.8374,-47.2496,-8.1646
1710706,-47.7521,-5.9399,-47.4374,-5.6347
1710904,-48.1615,-8.6738,-47.8829,-7.9261
1711100,-48.9201,-8.6878,-48.6281,-8.1905
1711506,-48.8692,-13.3172,-48.4477,-12.3963
1711803,-49.2219,-8.2564,-48.9755,-8.0055
1711902,-50.7416,-11.5832,-49.4469,-10.5137
1711951,-47.6692,-10.5363,-47.3038,-10.1532
1712009,-48.3777,-9.9825,-48.1853,-9.6951
1712157,-46.6253,-12.9909,-46.1138,-12.655
1712405,-47.3461,-10.0726,-46.4704,-8.9174
1712454,-47.9799,-6.2841,-47.7232,-6.143
1712504,-50.0325,-10.0082,-49.396,-9.5359
1712702,-47.1277,-11.2555,-45.6957,-10.1481
1712801,-47.7654,-6.1839,-47.4284,-5.8575
1713205,-48.8734,-10.0919,-48.332,-9.3374
1713304,-48.8748,-9.6159,-48.5102,-9.1749
1713601,-48.3059,-11.1758,-47.7413,-10.2945
1713700,-49.3981,-10.1518,-48.8505,-9.8228
1713809,-47.8725,-6.7226,-47.4621,-6.4497
1713957,-49.0316,-7.2851,-48.5503,-6.7483
1714203,-48.0997,-12.2084,-47.3959,-11.243
1714302,-47.9573,-6.4292,-47.5583,-6.2174
1714880,-48.6002,-7.9181,-48.1378,-7.4383
1715002,-49.0819,-10.6876,-48.8055,-10.3934
1715101,-47.8603,-10.4401,-46.9455,-9.8794
1715150,-46.635,-12.9707,-46.4456,-12.8042
1715259,-46.7879,-12.0462,-46.0828,-11.5698
1715507,-48.9665,-10.7619,-48.7912,-10.5583
1715705,-48.4657,-8.1649,-47.829,-7.5267
1715754,-48.5629,-13.2919,-48.1279,-12.7898
1716109,-49.1097,-10.4576,-48.5953,-10.0277
1716208,-48.3116,-13.4673,-47.2058,-12.038
1716307,-49.3836,-7.6569,-48.5274,-7.3667
1716505,-48.3479,-9.4518,-47.6849,-8.9563
1716604,-49.0094,-12.4974,-48.1006,-11.3629
1716653,-49.1203,-8.7155,-48.6982,-8.0843
1716703,-48.9349,-9.1963,-48.6454,-8.5908
1717008,-47.8032,-11.4472,-47.3132,-10.9439
1717206,-48.4801,-7.0323,-48.1291,-6.6063
1717503,-50.6029,-10.6605,-48.98,-9.2305
1717800,-46.9793,-12.3779,-46.1708,-11.7551
1717909,-47.857,-11.1637,-46.7001,-10.3413
1718006,-47.1537,-11.7549,-46.916,-11.3441
1718204,-48.8271,-11.0794,-48.1401,-10.017
1718303,-47.8656,-5.5987,-47.6853,-5.3777
1718402,-48.673,-8.5958,-48.2664,-8.3339
1718451,-48.9832,-10.5439,-48.7255,-10.2968
1718501,-47.4036,-9.0005,-46.8459,-8.3934
1718550,-48.3422,-6.6896,-47.9468,-6.3461
1718659,-46.9265,-11.4797,-46.5614,-11.1948
1718709,-48.5925,-9.428,-48.2825,-9.0496
1718758,-47.9361,-10.0569,-47.054,-9.2324
1718808,-48.0071,-5.4482,-47.8271,-5.2389
1718840,-50.2293,-12.7181,-49.5168,-12.0584
1718865,-49.217,-7.2803,-48.6646,-6.8011
1718881,-48.1293,-8.9682,-47.4721,-8.6338
1718899,-49.7988,-11.1882,-48.8297,-10.738
1718907,-48.4574,-11.6199,-47.7683,-11.2047
1719004,-47.8676,-10.4214,-47.5675,-10.162
1720002,-47.8585,-6.5664,-47.5839,-6.4032
1720101,-48.2291,-6.1579,-47.6923,-5.7406
1720150,-47.095,-10.2299,-46.1944,-9.8572
1720200,-47.7401,-5.6795,-47.4768,-5.4123
1720259,-48.5464,-12.8439,-48.2061,-12.2372
1720309,-48.4859,-5.3184,-48.1727,-5.168
1720499,-48.4819,-12.2429,-47.7596,-11.3009
1720655,-48.3277,-11.3192,-47.6906,-10.9074
1720804,-47.8379,-5.7654,-47.5893,-5.5301
1720853,-48.9912,-12.3198,-48.6274,-11.8568
1720903,-46.9459,-12.5989,-46.1535,-12.0976
1720937,-47.1453,-12.3723,-46.8405,-11.9368
1720978,-49.3639,-12.9568,-48.7109,-12.385
1721000,-48.4226,-10.4598,-47.7929,-9.9177
1721109,-48.4042,-9.9489,-47.895,-9.2867
1721208,-47.7245,-6.4514,-47.3768,-6.0124
1721257,-48.3957,-9.1401,-48.1097,-8.741
1721307,-48.3548,-8.5867,-48.0801,-8.1239
1722081,-48.1969,-7.1459,-47.7341,-6.6229
1722107,-48.6402,-6.7935,-48.1191,-6.3464
2100055,-48.0249,-5.1685,-46.8409,-4.2362
2100105,-43.4288,-4.365,-43.21,-4.0733
2100154,-42.3089,-3.0921,-42.0437,-2.7542
2100204,-44.7201,-2.6381,-44.3555,-2.0956
2100303,-43.7526,-4.7169,-43.0823,-4.2229
2100402,-45.6257,-4.3019,-45.4204,-3.8716
2100436,-44.4864,-4.3209,-44.2674,-4.0997
2100477,-46.2987,-4.3172,-45.6414,-3.6214
2100501,-46.6684,-10.2613,-45.7827,-8.7576
2100550,-46.0682,-1.8234,-45.8489,-1.535
2100600,-46.9559,-5.9113,-46.0098,-4.8502
2100709,-44.7796,-3.4625,-44.3966,-3.05
2100808,-43.3111,-3.7382,-42.9651,-3.3841
2100832,-45.1801,-1.6441,-44.941,-1.36
2100873,-45.9504,-3.2377,-45.6236,-2.8844
2100907,-42.3089,-3.2232,-41.7955,-2.6837
2100956,-46.3476,-5.3998,-45.4723,-4.675
2101004,-44.8781,-3.8386,-44.5937,-3.2616
2101103,-44.1632,-2.9474,-44.0444,-2.6876
2101202,-45.083,-4.3839,-44.4706,-3.8549
2101251,-44.5004,-3.1047,-44.2565,-2.7562
2101301,-45.3477,-1.8656,-44.8953,-1.5118
2101350,-44.8259,-2.8046,-44.4246,-2.5775
2101400,-47.0701,-9.4142,-45.6717,-7.1595
2101509,-43.4544,-6.8458,-42.8713,-6.3418
2101608,-45.8859,-6.345,-44.7579,-5.0213
2101707,-43.3187,-3.2326,-42.6415,-2.4535
2101731,-43.6119,-3.2328,-43.2415,-2.9808
2101772,-45.4181,-3.8688,-45.1455,-3.6948
2101806,-44.9884,-7.483,-44.2485,-6.836
2101905,-44.9588,-2.6188,-44.6367,-2.2672
2101939,-44.801,-4.7698,-44.5693,-4.563
2101970,-46.3236,-1.9129,-46.0624,-1.6241
2102002,-47.0878,-4.4438,-45.3943,-3.4854
2102036,-46.9417,-4.8506,-46.46,-4.1946
2102077,-45.1327,-4.4838,-44.8723,-4.1138
2102101,-43.0168,-3.8824,-42.6348,-3.5301
2102150,-45.6408,-4.4813,-45.4218,-4.2519
2102200,-43.2084,-4.0769,-42.7218,-3.6897
2102309,-44.0762,-6.0054,-43.5859,-5.5484
2102325,-46.5064,-4.8542,-46.089,-3.9877
2102358,-47.2798,-5.6719,-46.8985,-5.3525
2102374,-44.0874,-3.2903,-43.7517,-2.8933
2102408,-44.8188,-3.0533,-44.4303,-2.6834
2102507,-45.2543,-3.5669,-44.862,-3.239
2102556,-47.4341,-6.287,-47.0445,-6.068
2102606,-45.8836,-2.1972,-45.4018,-1.1876
2102705,-44.4597,-3.7702,-44.0289,-3.5299
2102754,-44.45,-4.8451,-44.1917,-4.5206
2102804,-47.7494,-8.0668,-46.7217,-6.8383
2102903,-46.1762,-1.7272,-45.8336,-1.0443
2103000,-43.8412,-5.3037,-42.849,-4.381
2103109,-44.7214,-2.0747,-44.4824,-1.8807
2103125,-44.9655,-2.3845,-44.7328,-2.1248
2103158,-46.3115,-2.539,-45.984,-2.1441
2103174,-47.0379,-4.0866,-46.0584,-2.0499
2103208,-43.729,-4.228,-43.1973,-3.3163
2103257,-48.0579,-5.3333,-47.5381,-4.7779
2103307,-44.3602,-5.0501,-43.3678,-4.1864
2103406,-43.2667,-4.4458,-42.9417,-4.018
2103505,-44.6017,-6.3511,-43.9041,-5.8158
2103554,-45.0423,-3.9875,-44.6095,-3.6674
2103604,-44.4625,-4.4944,-43.8951,-3.8365
2103703,-45.0545,-1.9446,-44.5927,-1.2761
2103752,-47.4409,-5.658,-47.1191,-5.5087
2103802,-44.497,-5.1488,-44.3062,-4.8946
2103901,-43.1801,-4.1815,-42.8554,-4.0262
2104008,-45.0418,-5.0138,-44.6452,-4.8209
2104057,-47.5287,-7.0315,-46.8115,-6.4963
2104073,-46.8865,-7.197,-46.3398,-6.8137
2104081,-45.839,-6.492,-44.7993,-5.9774
2104099,-46.4659,-6.9123,-45.8216,-6.2447
2104107,-46.4039,-7.2882,-45.8195,-6.6865
2104206,-44.2322,-5.8398,-43.8217,-5.4887
2104305,-45.9346,-1.6951,-45.6023,-1.1155
2104404,-44.3694,-5.3309,-43.9595,-4.9773
2104503,-44.3366,-5.12,-44.0657,-4.8786
2104552,-47.4939,-5.8326,-47.0854,-5.6204
2104602,-44.3064,-5.5482,-43.817,-5.2293
2104628,-44.2127,-5.7073,-43.9417,-5.4361
2104651,-46.4591,-3.4895,-45.5408,-3.3109
2104677,-45.9941,-2.2703,-45.6385,-1.8053
2104701,-44.4294,-5.5057,-44.2065,-5.276
2104800,-46.4686,-6.3433,-45.5787,-5.3129
2104909,-44.7997,-2.2871,-44.4386,-2.0075
2105005,-43.7617,-3.0377,-43.4171,-2.219
2105104,-44.0963,-2.8085,-43.6828,-2.3399
2105153,-45.2878,-3.7485,-44.9969,-3.5116
2105203,-44.9504,-4.7109,-44.7261,-4.4539
2105302,-47.868,-5.6453,-47.3636,-5.1285
2105351,-45.9334,-5.3876,-45.2794,-4.9874
2105401,-44.5304,-3.5305,-44.0281,-3.2903
2105427,-47.7012,-4.7269,-46.9118,-3.604
2105450,-44.434,-5.9255,-44.0893,-5.7637
2105476,-45.8245,-5.7761,-45.4268,-5.1929
2105500,-47.4308,-5.4827,-46.8694,-4.9968
2105609,-44.9344,-5.1665,-44.6106,-4.8563
2105658,-46.2651,-2.0505,-45.9821,-1.7272
2105708,-45.4266,-5.0146,-45.0236,-4.4518
2105807,-45.0892,-4.6867,-44.8359,-4.456
2105906,-45.0285,-4.1135,-44.6202,-3.8511
2105922,-43.7287,-6.3546,-43.4103,-5.7371
2105948,-45.0241,-4.6926,-44.8468,-4.5204
2105963,-45.6035,-5.0549,-45.2318,-4.7696
2105989,-47.2328,-6.2395,-46.6713,-5.9631
2106003,-44.5837,-4.6657,-44.3472,-4.4749
2106102,-45.6446,-7.6776,-44.9353,-6.7302
2106201,-46.0205,-1.5756,-45.7755,-1.1125
2106300,-42.2763,-3.4446,-41.9829,-3.1988
2106326,-46.1505,-2.21,-45.8714,-1.7842
2106359,-45.7982,-4.8617,-45.4083,-4.5772
2106375,-46.2682,-2.686,-45.747,-2.1529
2106409,-43.3943,-3.7826,-43.0872,-3.5172
2106508,-45.1454,-3.1866,-44.804,-2.9307
2106607,-43.7198,-5.6151,-42.9684,-5.158
2106631,-44.61,-3.9383,-44.2844,-3.5614
2106672,-42.9958,-3.632,-42.562,-3.4118
2106706,-45.8505,-6.8195,-44.1713,-5.9851
2106755,-44.6254,-3.6586,-44.3847,-3.4412
2106805,-44.9695,-2.2507,-44.6828,-1.8902
2106904,-45.5798,-3.7178,-45.0739,-3.2385
2107001,-47.345,-6.0515,-46.7755,-5.6248
2107100,-44.0677,-3.2922,-43.5418,-2.6371
2107209,-43.9946,-3.6202,-43.6063,-3.2131
2107258,-46.4506,-7.3475,-46.0714,-6.9981
2107308,-44.3285,-6.9983,-43.7534,-6.5447
2107357,-46.4004,-3.2734,-45.6376,-2.6205
2107407,-45.3567,-4.3286,-45.0036,-4.0372
2107456,-45.1258,-3.0775,-44.8925,-2.8873
2107506,-44.1855,-2.554,-44.0322,-2.455
2107605,-45.1835,-2.8367,-44.8399,-2.5425
2107704,-44.0994,-6.5434,-43.784,-6.2839
2107803,-43.8831,-5.9127,-43.0764,-5.2733
2107902,-43.9799,-6.3222,-43.5378,-5.909
2108009,-44.4848,-6.9346,-43.7905,-6.3691
2108058,-42.7771,-3.0597,-42.4328,-2.6259
2108108,-45.6476,-4.689,-45.0839,-4.4021
2108207,-44.7281,-4.8621,-44.4854,-4.4502
2108256,-45.6376,-3.2385,-45.1834,-2.7376
2108306,-45.5789,-3.4064,-45.0719,-3.1256
2108405,-45.0506,-2.6728,-44.71,-2.4546
2108454,-44.4304,-4.5578,-44.0871,-4.2771
2108504,-45.538,-3.8346,-45.2761,-3.5583
2108603,-45.3573,-2.8188,-44.8979,-2.1705
2108702,-45.2196,-4.0599,-44.9167,-3.71
2108801,-44.3533,-3.9288,-43.9924,-3.623
2108900,-45.041,-4.857,-44.576,-4.6853
2109007,-47.4338,-6.5786,-46.7644,-6.189
2109056,-44.7314,-2.0029,-44.5289,-1.768
2109106,-44.585,-5.4977,-44.3386,-5.0803
2109205,-44.1582,-3.2908,-43.987,-2.9057
2109239,-45.9035,-2.4291,-45.6387,-2.1868
2109270,-45.4919,-2.7711,-45.2424,-2.4106
2109304,-44.0812,-3.5196,-43.7594,-3.1825
2109403,-43.4924,-3.0216,-43.1857,-2.3248
2109452,-44.1727,-2.4723,-43.9967,-2.3905
2109502,-47.219,-8.4276,-46.1661,-7.0656
2109551,-47.4474,-6.1175,-47.086,-5.8086
2109601,-44.3052,-3.1836,-44.1123,-2.7304
2109700,-45.861,-8.0206,-45.2435,-6.7754
2109759,-44.7505,-5.6161,-44.4674,-5.3796
2109809,-45.6411,-2.9023,-44.9667,-2.0366
2109908,-45.5976,-3.9867,-45.3181,-3.6299
2110005,-46.2625,-4.8542,-45.5504,-3.7293
2110039,-46.064,-2.686,-45.6411,-2.3608
2110104,-43.2816,-3.5581,-42.4942,-3.0472
2110203,-44.5554,-3.2925,-44.0914,-3.0002
2110237,-42.9742,-3.3601,-42.3089,-3.0555
2110278,-43.3779,-2.9588,-43.0113,-2.3323
2110302,-44.6405,-4.9756,-44.3218,-4.6501
2110401,-43.8054,-3.6183,-43.4468,-3.1717
2110500,-45.2294,-2.9113,-44.7857,-2.659
2110609,-42.6401,-3.4856,-42.2452,-3.0921
2110658,-44.7907,-7.0157,-44.4019,-6.632
2110708,-44.5438,-5.8782,-44.1214,-5.4581
2110807,-45.0847,-7.5122,-44.6854,-6.7025
2110856,-47.5539,-5.3137,-47.1351,-5.0261
2110906,-43.4105,-6.5047,-42.8289,-5.91
2111003,-44.9741,-3.1519,-44.5798,-2.8752
2111029,-46.6988,-3.7088,-46.1023,-3.4854
2111052,-47.2153,-6.6917,-46.6091,-6.1881
2111078,-44.0165,-5.2733,-43.5465,-4.79
2111102,-43.8597,-6.8462,-43.4019,-6.2839
2111201,-44.2171,-2.7303,-43.9584,-2.4601
2111250,-44.6661,-5.1733,-44.4847,-4.8566
2111300,-44.4337,-2.8004,-44.1632,-2.4538
2111409,-44.9883,-4.4804,-44.3955,-4.2785
2111508,-44.758,-4.1293,-44.3186,-3.8428
2111532,-48.7547,-5.3526,-48.1869,-4.9246
2111573,-46.9414,-7.0299,-46.3061,-6.6706
2111607,-46.0263,-7.4043,-45.354,-6.6997
2111631,-45.2562,-5.2087,-44.9681,-4.9964
2111672,-45.1921,-5.1151,-44.9319,-4.9294
2111706,-45.2182,-2.9532,-44.78,-2.7931
2111722,-45.3632,-4.1877,-45.0794,-3.7295
2111748,-44.1305,-5.3491,-43.7837,-5.166
2111763,-47.4061,-5.5565,-46.8848,-5.205
2111789,-45.1986,-2.1707,-44.807,-1.6028
2111805,-46.7943,-6.8159,-46.4639,-5.7323
2111904,-44.5795,-6.7299,-44.0575,-6.2555
2111953,-43.6345,-6.6102,-43.3686,-6.3222
2112001,-46.2864,-8.8364,-45.5203,-7.7791
2112100,-44.0737,-4.4061,-43.5874,-3.9347
2112209,-43.2059,-5.4516,-42.7976,-4.8944
2112233,-44.7281,-4.6205,-44.5964,-4.4518
2112274,-45.6605,-3.915,-45.4993,-3.6249
2112308,-44.9678,-6.1173,-44.4469,-5.0845
2112407,-45.7116,-2.1056,-45.2125,-1.3073
2112456,-45.6837,-2.3828,-45.1428,-1.8562
2112506,-42.6802,-3.0921,-42.1157,-2.6672
2112605,-43.6119,-3.5757,-43.1304,-3.0752
2112704,-44.0939,-3.9999,-43.6063,-3.474
2112803,-45.3187,-3.3401,-44.6741,-2.9201
2112852,-48.2245,-5.2747,-47.8863,-4.8038
2112902,-45.0492,-3.7528,-44.7932,-3.346
2113009,-45.4286,-4.5,-45.1064,-3.8683
2114007,-46.4591,-3.4854,-45.4437,-3.0206
2200053,-41.1374,-8.4483,-40.7639,-8.1085
2200103,-42.7444,-5.832,-42.616,-5.7043
2200202,-42.6858,-5.9583,-42.5474,-5.852
2200251,-41.0071,-7.1422,-40.8134,-6.7851
2200277,-40.8992,-7.2709,-40.6875,-7.1151
2200301,-42.3599,-5.6709,-41.9431,-5.1262
2200400,-42.6014,-5.35,-42.3125,-4.8316
2200459,-44.408,-8.6267,-43.6302,-8.2516
2200509,-42.9817,-6.7052,-42.5929,-5.9944
2200608,-42.8268,-6.2146,-42.6764,-5.9591
2200707,-43.1108,-9.4187,-42.9819,-9.0815
2200806,-44.3513,-7.4172,-44.0631,-7.0456
2200905,-42.0603,-6.2772,-41.6339,-5.9673
2201002,-42.6528,-6.7975,-42.3091,-6.4902
2201051,-41.2587,-6.1101,-40.8732,-5.6408
2201101,-44.1564,-10.4265,-43.6906,-9.9775
2201150,-45.5623,-9.2424,-44.8133,-7.7875
2201176,-42.1956,-6.6421,-42.0073,-6.3852
2201200,-42.6463,-4.3822,-41.9962,-3.927
2201309,-45.9549,-10.2673,-45.3768,-9.6797
2201408,-42.5448,-5.8941,-42.4303,-5.742
2201507,-42.2664,-4.2458,-41.8474,-3.6789
2201556,-42.056,-8.0217,-41.7351,-7.8752
2201572,-41.0422,-7.532,-40.9172,-7.2672
2201606,-42.5985,-5.6709,-42.2278,-5.2973
2201705,-44.0078,-8.0028,-43.7014,-7.489
2201739,-41.0483,-8.2436,-40.5818,-7.8241
2201770,-42.1956,-4.482,-42.0001,-4.2648
2201804,-41.4334,-6.9893,-41.1896,-6.8232
2201903,-45.3115,-9.5857,-43.7818,-8.9431
2201919,-41.7712,-3.3072,-41.4627,-3.0108
2201929,-42.9935,-9.3087,-42.795,-9.0789
2201945,-42.2505,-4.6418,-41.9999,-4.4336
2201960,-41.9344,-4.2194,-41.3125,-4.0336
2201988,-43.0763,-8.7398,-42.5328,-8.0321
2202000,-41.9786,-3.4816,-41.6621,-3.0599
2202026,-41.4976,-5.4258,-40.9106,-4.7612
2202059,-42.5568,-4.5507,-42.1504,-4.334
2202075,-42.623,-6.8999,-42.3167,-6.6543
2202083,-41.4452,-3.0784,-41.2486,-2.9036
2202091,-40.7838,-7.4329,-40.5103,-7.2229
2202109,-42.057,-7.8239,-41.7053,-7.5288
2202117,-41.9611,-8.4112,-41.6876,-8.0956
2202133,-41.1462,-7.2791,-40.9817,-7.073
2202174,-42.6834,-4.043,-42.3882,-3.6936
2202208,-42.37,-5.1743,-41.8882,-4.5486
2202251,-43.7839,-7.8827,-43.3246,-7.2447
2202307,-43.7039,-8.7314,-42.8162,-7.9342
2202406,-42.0789,-4.6884,-41.739,-4.3539
2202455,-42.1527,-8.733,-41.7118,-8.326
2202505,-43.4042,-9.424,-43.1882,-9.1032
2202539,-41.9401,-3.7205,-41.674,-3.4524
2202554,-41.1055,-7.826,-40.797,-7.5935
2202604,-41.8614,-5.568,-41.2248,-5.0136
2202653,-42.004,-3.5325,-41.7308,-3.2532
2202703,-41.7462,-3.6722,-41.2988,-3.1854
2202711,-42.0621,-4.7006,-41.8373,-4.5134
2202729,-41.5211,-3.7714,-41.2382,-3.5233
2202737,-42.3905,-5.2996,-42.1507,-4.9381
2202752,-43.8219,-8.2634,-43.5183,-8.0435
2202778,-42.3603,-7.4397,-41.9523,-7.1049
2202802,-41.7475,-8.0901,-41.3823,-7.7382
2202851,-42.6035,-9.2924,-42.0519,-8.57
2202901,-45.4903,-10.6546,-44.7932,-10.1304
2203008,-45.414,-10.9283,-44.8634,-10.5894
2203107,-44.3046,-9.0181,-43.683,-8.5836
2203206,-44.626,-10.2948,-44.0876,-9.659
2203230,-45.0845,-9.0402,-44.3035,-8.4262
2203255,-42.9751,-5.6998,-42.7331,-5.5011
2203271,-40.9516,-8.0443,-40.5433,-7.6882
2203305,-42.7485,-5.4275,-42.5973,-5.2446
2203354,-42.7224,-9.5164,-42.2078,-9.171
2203404,-41.8105,-7.0334,-41.6149,-6.8986
2203420,-41.5246,-4.4331,-41.0987,-4.1373
2203453,-42.2741,-9.278,-41.411,-8.5662
2203503,-42.3916,-6.4406,-42.0206,-5.9403
2203602,-43.803,-8.1572,-43.4919,-7.7233
2203701,-42.3987,-3.9981,-41.9741,-3.5907
2203750,-42.9625,-9.6221,-42.6025,-9.3386
2203800,-43.0595,-7.9208,-42.6782,-7.386
2203859,-41.8661,-7.5354,-41.7109,-7.3434
2203909,-43.4412,-7.3584,-42.7929,-6.6457
2204006,-42.3486,-6.5068,-42.1396,-6.3113
2204105,-42.8411,-6.8518,-42.612,-6.5045
2204154,-40.8405,-7.4308,-40.7461,-7.2697
2204204,-41.2637,-7.2578,-41.0565,-6.7348
2204303,-40.744,-7.2266,-40.4059,-6.9349
2204352,-41.4628,-7.3162,-41.1919,-7.0926
2204402,-45.8416,-9.9845,-44.9562,-9.1715
2204501,-43.9375,-6.9853,-43.4892,-6.6983
2204550,-43.9563,-9.4522,-43.2308,-8.7167
2204600,-42.6295,-6.1461,-42.3934,-5.9363
2204659,-41.8651,-2.9155,-41.7554,-2.7389
2204709,-41.9272,-6.8331,-41.4364,-6.5286
2204808,-41.9325,-6.9396,-41.6062,-6.6462
2204907,-41.7693,-7.8299,-41.484,-7.3937
2205003,-41.6437,-7.5526,-41.3196,-7.2706
2205102,-43.5069,-7.739,-42.7979,-7.2217
2205151,-41.5392,-8.0985,-40.9516,-7.6867
2205201,-41.3748,-7.6267,-41.006,-7.2061
2205250,-42.7042,-6.2544,-42.3188,-6.0397
2205276,-42.0886,-5.0276,-41.7466,-4.6706
2205300,-43.7175,-7.4036,-43.2252,-6.8194
2205359,-42.7331,-8.8002,-42.1584,-8.3021
2205409,-42.2588,-3.6808,-41.9077,-3.3452
2205458,-42.4943,-3.6293,-42.3669,-3.4539
2205508,-42.7882,-4.9128,-42.2954,-4.4772
2205516,-41.7344,-5.19,-41.4085,-4.8168
2205524,-44.3509,-10.6437,-43.992,-10.1918
2205532,-43.2831,-9.4203,-43.0165,-8.7263
2205540,-42.6762,-5.8962,-42.586,-5.7299
2205557,-42.6803,-4.6059,-42.42,-4.3621
2205565,-41.7545,-8.8063,-41.3809,-8.2943
2205573,-41.6685,-4.416,-41.5009,-4.2957
2205581,-42.748,-5.5512,-42.4543,-5.35
2205599,-41.6901,-6.68,-41.2411,-6.3386
2205607,-44.1856,-7.5337,-43.6489,-6.984
2205706,-41.7133,-3.3496,-41.2553,-2.8672
2205805,-42.5579,-3.7701,-42.2022,-3.4284
2205854,-42.6162,-3.667,-42.4543,-3.4468
2205904,-44.3831,-8.4027,-43.7867,-7.9756
2205953,-40.8269,-7.4922,-40.652,-7.3705
2206001,-44.0634,-7.2273,-43.674,-6.9332
2206050,-41.2397,-7.6493,-40.9552,-7.4226
2206100,-42.6825,-3.8038,-42.4881,-3.6123
2206209,-42.9888,-4.4267,-42.5476,-3.9787
2206308,-42.8105,-5.7581,-42.6053,-5.6607
2206357,-41.7764,-4.8802,-41.2931,-4.5557
2206407,-42.7609,-5.7279,-42.418,-5.4914
2206506,-41.0896,-7.0822,-40.9493,-6.7555
2206605,-45.3345,-9.8238,-44.6583,-9.3301
2206654,-44.1876,-10.0651,-43.6521,-9.4572
2206670,-42.3926,-3.837,-42.1533,-3.5533
2206696,-42.1348,-3.5074,-41.9035,-3.2181
2206704,-42.9442,-7.3794,-42.5701,-6.7742
2206753,-42.3166,-4.7466,-42.0508,-4.5275
2206803,-42.7008,-4.1332,-42.5066,-3.8971
2206902,-42.0644,-6.644,-41.8539,-6.2984
2206951,-42.0528,-5.407,-41.7986,-5.164
2207009,-42.625,-7.3181,-41.8773,-6.6166
2207108,-42.6126,-5.9434,-42.4632,-5.6995
2207207,-41.0278,-7.4979,-40.8049,-7.2314
2207306,-42.4261,-7.9643,-42.1888,-7.722
2207355,-43.0627,-8.0978,-42.659,-7.655
2207405,-44.8455,-8.7989,-44.0203,-8.2647
2207504,-43.1011,-6.1287,-42.7507,-5.5415
2207553,-41.8151,-7.3253,-41.5801,-6.9999
2207603,-44.831,-10.6773,-44.292,-9.863
2207702,-41.8687,-3.1203,-41.6553,-2.7695
2207751,-42.531,-6.1551,-42.2603,-5.5954
2207777,-41.5063,-7.7985,-41.0588,-7.5162
2207801,-41.5215,-8.4182,-40.9578,-7.8955
2207850,-43.5622,-8.1202,-43.063,-7.6541
2207900,-41.7449,-4.8145,-41.1191,-4.2563
2207934,-42.4714,-8.2481,-42.0954,-7.877
2207959,-42.242,-8.2951,-41.732,-7.9495
2208007,-41.6542,-7.3184,-41.3329,-6.8783
2208106,-41.7345,-6.7555,-40.7788,-6.0461
2208205,-41.073,-7.0292,-40.3701,-6.5001
2208304,-41.9104,-4.1352,-41.2782,-3.5723
2208403,-42.0268,-4.57,-41.4972,-4.1455
2208502,-42.7913,-4.0971,-42.6224,-3.7923
2208551,-44.2796,-7.1939,-43.8321,-6.7415
2208601,-42.2309,-5.7875,-42.0862,-5.6477
2208650,-41.5489,-8.7413,-41.0476,-8.2884
2208700,-44.8173,-9.7667,-44.043,-9.2685
2208809,-42.7192,-6.5188,-42.2726,-6.173
2208858,-45.1057,-10.3277,-44.5749,-9.5374
2208874,-42.7584,-8.2419,-42.4606,-7.5835
2208908,-45.7082,-8.6325,-44.918,-7.4819
2209005,-43.2859,-7.9344,-43.0415,-7.614
2209104,-41.9193,-7.4236,-41.5935,-7.0444
2209153,-42.1065,-6.0959,-41.6557,-5.7415
2209203,-45.9935,-9.5577,-45.381,-8.3876
2209302,-44.3535,-9.3132,-43.8688,-8.7989
2209351,-41.6168,-7.0054,-41.413,-6.8702
2209377,-42.3608,-6.9216,-42.1088,-6.7049
2209401,-41.3169,-7.1142,-41.13,-6.6548
2209450,-42.7358,-6.081,-42.6514,-6.0204
2209500,-42.2181,-7.6225,-41.8304,-7.2832
2209559,-43.0997,-9.1436,-42.8662,-8.7178
2209609,-42.2768,-6.0665,-41.9648,-5.7755
2209658,-41.7328,-8.3494,-41.3734,-7.9986
2209708,-42.6619,-7.4173,-42.3098,-6.9668
2209757,-45.5572,-10.3006,-45.0272,-9.9352
2209807,-42.7243,-6.0894,-42.5795,-5.9473
2209856,-41.5001,-6.8681,-41.2755,-6.5262
2209872,-41.4845,-4.1879,-41.0905,-3.7572
2209906,-42.1201,-5.7437,-41.6989,-5.3518
2209955,-42.002,-7.0656,-41.7312,-6.8296
2209971,-42.5478,-3.8988,-42.368,-3.7426
2210003,-42.6076,-8.59,-41.9237,-8.0695
2210052,-41.9812,-3.8865,-41.686,-3.6754
2210102,-42.8419,-7.8449,-42.3117,-7.191
2210201,-41.6168,-6.9113,-41.401,-6.6918
2210300,-40.9719,-7.1644,-40.7143,-6.9807
2210359,-42.6855,-9.3315,-42.3286,-9.0179
2210375,-41.3428,-6.8681,-41.1885,-6.6801
2210383,-42.3916,-5.955,-42.1203,-5.6446
2210391,-42.4883,-7.758,-42.17,-7.4311
2210409,-42.1553,-6.1771,-40.9007,-5.3754
2210508,-42.9349,-6.0345,-42.6556,-5.6877
2210607,-42.9822,-9.3652,-42.322,-8.6892
2210623,-45.0285,-10.9007,-44.6445,-10.412
2210631,-44.3622,-8.2951,-43.6627,-7.2428
2210656,-41.9819,-5.1961,-41.646,-4.7025
2210706,-40.9943,-7.958,-40.5376,-7.4544
2210805,-42.2988,-7.9983,-41.6774,-7.5757
2210904,-42.614,-8.0806,-42.2951,-7.6798
2210938,-41.4563,-7.1097,-41.2329,-6.8817
2210953,-43.2753,-8.7464,-42.8657,-8.2248
2210979,-42.3717,-6.7662,-42.1363,-6.5136
2211001,-43.0049,-5.5862,-42.5973,-4.7859
2211100,-42.9644,-4.8857,-42.5812,-4.3512
2211209,-44.9832,-8.4614,-44.1395,-7.1083
2211308,-42.0472,-6.6087,-41.5121,-6.176
2211357,-43.0142,-9.4328,-42.7747,-9.1368
2211407,-42.3094,-6.6468,-42.1452,-6.4619
2211506,-41.6462,-7.688,-41.3914,-7.5189
2211605,-41.0071,-7.2639,-40.882,-7.0918
2211704,-42.0052,-7.3572,-41.7762,-7.1843
2300101,-39.1016,-7.426,-38.9626,-7.2593
2300150,-38.7368,-4.293,-38.5705,-4.158
2300200,-40.3719,-3.3158,-39.9084,-2.8052
2300309,-39.8936,-6.3506,-39.0519,-5.9554
2300408,-40.736,-6.8224,-39.9959,-6.3481
2300507,-40.6179,-3.6562,-40.4793,-3.5121
2300606,-39.798,-7.0232,-39.6206,-6.946
2300705,-38.4599,-5.676,-37.8809,-5.3574
2300754,-40.0276,-3.4645,-39.5505,-2.9943
2300804,-40.147,-6.8562,-39.8323,-6.6686
2300903,-39.4857,-4.0891,-39.1834,-3.8364
2301000,-38.5361,-4.0786,-38.2225,-3.8153
2301109,-37.9949,-4.926,-37.3565,-4.426
2301208,-38.843,-4.7013,-38.533,-4.3052
2301257,-40.883,-4.8663,-40.6336,-4.6867
2301307,-40.3606,-7.4333,-39.887,-7.0439
2301406,-39.0989,-4.5181,-38.9473,-4.3524
2301505,-40.405,-6.4023,-39.8891,-6.0798
2301604,-40.1249,-7.078,-39.596,-6.7631
2301703,-39.1622,-7.1615,-38.7419,-6.856
2301802,-38.8592,-6.7682,-38.6496,-6.6579
2301851,-39.0866,-5.5214,-38.6106,-5.0652
2301901,-39.4489,-7.4938,-39.2277,-7.227
2301950,-38.7003,-4.4185,-38.5335,-4.2346
2302008,-38.9501,-7.2448,-38.6191,-6.978
2302057,-41.3229,-3.1247,-41.0648,-2.884
2302107,-38.9599,-4.6234,-38.7473,-4.2252
2302206,-38.3605,-4.6221,-37.8188,-4.1013
2302305,-40.5112,-3.2039,-40.0824,-2.9394
2302404,-40.1652,-5.3997,-39.5338,-4.6965
2302503,-39.1457,-7.75,-38.7172,-7.4226
2302602,-41.1202,-3.0942,-40.494,-2.8374
2302701,-40.459,-7.1285,-40.0566,-6.7593
2302800,-39.7897,-4.7388,-39.0248,-4.0682
2302909,-38.9832,-4.5837,-38.8019,-4.3507
2303006,-39.3387,-4.3155,-38.9383,-3.9926
2303105,-40.7133,-4.0913,-40.3608,-3.8062
2303204,-39.4535,-7.1511,-39.1082,-6.9058
2303303,-39.7391,-6.8493,-39.2794,-6.4635
2303402,-41.1428,-4.2304,-40.8861,-4.0496
2303501,-38.4516,-4.5005,-38.1472,-4.0063
2303600,-40.0847,-6.3688,-39.7869,-6.1139
2303659,-40.3367,-4.8093,-40.0015,-4.4531
2303709,-38.9986,-3.992,-38.589,-3.5476
2303808,-39.297,-6.7141,-38.9194,-6.4419
2303907,-41.3283,-3.1797,-41.1508,-2.9703
2303931,-39.3719,-4.9659,-38.9773,-4.6256
2303956,-38.5705,-4.4096,-38.3854,-4.2247
2304004,-40.9035,-3.8641,-40.5497,-3.5048
2304103,-41.1316,-5.4967,-40.3729,-4.9243
2304202,-39.5988,-7.4542,-39.3369,-7.0029
2304236,-41.1781,-4.483,-40.7643,-4.2722
2304251,-40.4598,-2.9696,-40.1477,-2.8038
2304269,-39.3754,-6.0097,-39.1628,-5.7559
2304277,-38.424,-6.0881,-38.1597,-5.8648
2304285,-38.5086,-3.9374,-38.4132,-3.8048
2304301,-39.6805,-7.0436,-39.3948,-6.7689
2304350,-40.3707,-3.9574,-40.1204,-3.6994
2304400,-38.6362,-3.8886,-38.4015,-3.6912
2304459,-37.9721,-4.5436,-37.7632,-4.3821
2304509,-40.8951,-3.7891,-40.7587,-3.6323
2304608,-39.5329,-4.1144,-39.3245,-3.9696
2304657,-40.8574,-4.1458,-40.6822,-3.9508
2304707,-41.4231,-3.5221,-40.494,-3.009
2304806,-39.3481,-6.9848,-39.1671,-6.8643
2304905,-40.4159,-4.0318,-40.3052,-3.7991
2304954,-38.7908,-4.1908,-38.5653,-4.0056
2305001,-41.1488,-4.3703,-40.7097,-4.1235
2305100,-39.0265,-4.3237,-38.8919,-4.18
2305209,-40.5986,-4.6545,-40.2331,-4.2583
2305233,-38.5706,-4.1447,-38.3722,-4.041
2305266,-38.9222,-4.9376,-38.5194,-4.6111
2305308,-41.2564,-4.0374,-40.777,-3.8662
2305332,-38.6861,-5.0861,-38.4045,-4.8725
2305357,-37.5571,-4.8606,-37.2526,-4.6255
2305407,-39.1455,-6.6122,-38.5176,-6.11
2305506,-39.4729,-6.5343,-39.0528,-6.1707
2305605,-40.6533,-5.8426,-40.0179,-5.152
2305654,-41.0525,-5.0237,-40.5421,-4.7835
2305704,-38.856,-6.9105,-38.6129,-6.7086
2305803,-40.8042,-4.5621,-40.4783,-4.2013
2305902,-41.2422,-4.7181,-40.5834,-4.4232
2306009,-38.4957,-5.9246,-38.1458,-5.6015
2306108,-40.0178,-4.1747,-39.6415,-3.6032
2306207,-37.9571,-4.763,-37.6188,-4.6593
2306256,-38.6129,-4.1228,-38.5018,-3.86
2306306,-39.7088,-3.8613,-39.4156,-3.6094
2306405,-39.7879,-3.6547,-39.3832,-3.0794
2306504,-39.1292,-4.7408,-38.7626,-4.4634
2306553,-39.9967,-3.2738,-39.7065,-2.8578
2306603,-39.7786,-4.7485,-39.3645,-4.4653
2306702,-38.9258,-5.7873,-38.5153,-5.1976
2306801,-38.6995,-5.7854,-38.4125,-5.3739
2306900,-38.9741,-6.2114,-38.4485,-5.7453
2307007,-37.9351,-5.0521,-37.5883,-4.7172
2307106,-39.3686,-7.7179,-39.0731,-7.4591
2307205,-39.1124,-7.8452,-38.8911,-7.6066
2307254,-40.5845,-2.9668,-40.4065,-2.784
2307304,-39.3677,-7.2758,-39.1933,-7.0938
2307403,-39.7775,-6.632,-39.4011,-6.3069
2307502,-39.1861,-6.9633,-38.7902,-6.565
2307601,-38.2485,-5.2968,-37.7823,-4.9698
2307635,-39.7381,-5.0517,-39.2901,-4.6965
2307650,-38.6899,-3.9806,-38.5419,-3.8003
2307700,-39.0048,-4.1378,-38.6306,-3.8571
2307809,-40.5099,-3.3074,-40.0038,-3.0633
2307908,-40.7507,-3.2473,-40.5287,-3.0504
2308005,-40.5565,-3.6223,-40.2517,-3.3584
2308104,-38.8821,-7.6265,-38.5342,-7.216
2308203,-40.5214,-3.6438,-40.3507,-3.5121
2308302,-39.0916,-7.4574,-38.8184,-7.0823
2308351,-39.2801,-5.7999,-39.0292,-5.4858
2308377,-40.0705,-3.7212,-39.7127,-3.433
2308401,-39.2561,-7.5026,-39.0248,-7.1298
2308500,-40.0498,-6.1043,-39.4311,-5.567
2308609,-40.197,-5.1647,-39.8921,-4.7175
2308708,-38.7215,-5.4421,-38.2136,-4.5005
2308807,-40.8568,-3.5387,-40.534,-3.3558
2308906,-40.3402,-3.369,-39.9326,-3.1963
2309003,-40.8763,-3.9679,-40.6636,-3.8205
2309102,-39.0513,-4.3808,-38.9334,-4.2082
2309201,-39.7589,-7.2101,-39.5782,-7.0022
2309300,-40.6611,-4.9148,-40.3744,-4.5073
2309409,-40.9384,-5.7705,-40.5515,-5.4263
2309458,-38.6505,-4.6806,-38.3582,-4.3682
2309508,-39.1308,-6.4014,-38.8006,-6.0787
2309607,-38.6194,-4.2447,-38.3806,-4.1281
2309706,-38.6694,-4.0522,-38.5419,-3.8588
2309805,-38.9616,-4.278,-38.844,-4.1296
2309904,-40.731,-4.0615,-40.6469,-3.9388
2310001,-38.1836,-4.8404,-37.8986,-4.5835
2310100,-38.9486,-4.177,-38.7482,-4.0689
2310209,-39.1695,-3.5616,-38.9318,-3.3961
2310258,-39.2843,-3.5142,-39.0581,-3.3295
2310308,-40.8573,-6.6147,-40.3278,-5.9818
2310407,-39.5702,-4.2894,-39.1729,-4.0466
2310506,-40.0776,-5.7115,-39.5517,-5.3276
2310605,-39.1462,-7.8571,-38.9566,-7.6762
2310704,-39.4362,-4.0667,-38.943,-3.6858
2310803,-38.6011,-6.2332,-38.3972,-5.7804
2310852,-38.3722,-4.1016,-38.254,-4.0115
2310902,-39.5675,-6.0124,-39.3237,-5.7013
2310951,-40.7045,-4.3139,-40.4396,-4.2006
2311009,-41.2501,-5.0237,-40.8441,-4.5731
2311108,-39.1949,-7.6412,-39.0275,-7.4501
2311207,-40.1665,-7.1502,-39.883,-6.9829
2311231,-38.267,-5.9242,-38.0467,-5.631
2311264,-40.9094,-6.1049,-40.5377,-5.643
2311306,-39.2333,-5.168,-38.6164,-4.6649
2311355,-39.3077,-6.2789,-38.9688,-6.0005
2311405,-39.6678,-5.5921,-39.0276,-4.7905
2311504,-38.0616,-5.2424,-37.6768,-4.9644
2311603,-38.8556,-4.3836,-38.6836,-4.142
2311702,-40.7288,-4.2117,-40.4724,-4.0085
2311801,-38.4685,-5.0803,-37.8203,-4.5892
2311900,-40.0847,-6.7122,-39.7097,-6.2044
2311959,-40.5481,-7.3923,-40.1199,-7.0013
2312007,-40.3409,-3.6907,-39.9885,-3.3032
2312106,-39.8981,-7.3428,-39.5987,-7.0232
2312205,-40.4503,-4.7895,-39.6849,-3.9337
2312304,-41.1834,-4.1585,-40.8151,-3.9757
2312403,-39.3151,-3.7112,-38.8056,-3.465
2312502,-38.3941,-5.4099,-38.1585,-5.2095
2312601,-39.3151,-3.7365,-39.2139,-3.5804
2312700,-39.6735,-5.785,-39.2465,-5.3743
2312809,-40.5748,-3.4478,-40.3056,-3.1079
2312908,-40.7148,-4.144,-39.8403,-3.5712
2313005,-39.182,-6.1061,-38.804,-5.4554
2313104,-38.2385,-5.4368,-37.7865,-5.1613
2313203,-40.6355,-5.2289,-40.0997,-4.5535
2313252,-39.9093,-6.8323,-39.5974,-6.611
2313302,-40.7462,-6.3608,-39.8318,-5.3965
2313351,-39.7215,-4.1022,-39.429,-3.7459
2313401,-41.3004,-3.9011,-40.8213,-3.419
2313500,-39.5229,-3.5805,-39.1596,-3.1734
2313559,-39.5042,-3.6639,-39.3318,-3.4015
2313609,-41.2453,-3.9686,-40.7748,-3.7796
2313708,-38.8768,-6.7063,-38.6067,-6.5291
2313757,-39.515,-3.786,-39.2764,-3.5732
2313807,-39.5941,-3.6688,-39.4214,-3.5754
2313906,-40.8801,-3.4377,-40.4793,-3.2107
2313955,-40.6087,-4.2572,-40.4298,-4.0861
2314003,-39.5154,-6.9241,-39.109,-6.5623
2314102,-41.3709,-3.7185,-40.8765,-3.2872
2400109,-36.774,-6.5791,-36.504,-6.2681
2400208,-37.1698,-5.8604,-36.8365,-5.2931
2400307,-36.8601,-5.598,-36.4395,-5.3695
2400406,-38.3575,-6.2409,-38.2649,-6.176
2400505,-38.1253,-6.4754,-37.834,-6.2561
2400604,-37.8109,-6.2455,-37.6873,-6.0674
2400703,-36.8419,-5.4124,-36.537,-5.2723
2400802,-36.7714,-5.7585,-36.2619,-5.5258
2400901,-38.0632,-6.2727,-37.7763,-6.1402
2401008,-38.0898,-5.9413,-37.6419,-5.3162
2401107,-37.1583,-5.1243,-36.8547,-4.9193
2401206,-35.2879,-6.2425,-35.1105,-6.1478
2401305,-37.4671,-6.0861,-37.162,-5.7076
2401404,-35.1315,-6.5274,-34.9682,-6.3141
2401453,-37.7897,-5.2775,-37.4656,-4.886
2401503,-36.0315,-6.069,-35.8344,-5.8929
2401602,-35.9413,-5.7326,-35.6318,-5.605
2401651,-36.5471,-6.0559,-36.3301,-5.8515
2401701,-35.6499,-6.0791,-35.5371,-5.9319
2401800,-35.4361,-6.273,-35.3496,-6.1581
2401859,-36.1514,-5.2762,-36.0016,-5.0505
2401909,-36.1153,-5.8584,-35.9236,-5.6549
2402006,-37.2303,-6.7338,-36.8605,-6.1903
2402105,-36.2951,-6.3172,-36.1334,-6.1576
2402204,-35.2719,-6.5524,-35.0305,-6.2814
2402303,-37.7334,-5.9815,-37.4418,-5.5665
2402402,-36.6765,-6.634,-36.4359,-6.4725
2402501,-37.0508,-5.4021,-36.715,-5.1326
2402600,-35.5509,-5.7374,-35.2248,-5.457
2402709,-36.4484,-6.1218,-36.2238,-5.8305
2402808,-36.296,-6.4198,-36.0958,-6.2975
2402907,-38.4878,-6.3293,-38.3571,-6.1725
2403004,-36.9297,-6.4781,-36.7388,-6.239
2403103,-36.6276,-6.3861,-36.2565,-6.0976
2403202,-38.4573,-6.1775,-38.3392,-6.0519
2403251,-35.2958,-5.9843,-35.1209,-5.8494
2403301,-38.367,-6.201,-38.2488,-6.0654
2403400,-36.7662,-6.9822,-36.5598,-6.7994
2403509,-35.3462,-6.4027,-35.2664,-6.1906
2403608,-35.3601,-5.7407,-35.1928,-5.612
2403707,-37.7641,-5.6322,-37.564,-5.4324
2403756,-36.5676,-5.8589,-36.2732,-5.6906
2403806,-36.957,-6.3201,-36.7034,-6.039
2403905,-38.1918,-6.1256,-38.0085,-5.9583
2404002,-37.8892,-6.2169,-37.7953,-6.1036
2404101,-36.3089,-5.2891,-36.0989,-5.076
2404200,-35.2854,-6.3698,-35.1449,-6.2049
2404309,-37.8125,-5.5865,-37.2929,-5.2188
2404408,-37.3072,-5.0151,-37.1309,-4.8814
2404507,-36.4302,-5.2891,-36.2755,-5.0783
2404606,-35.656,-5.8814,-35.4465,-5.7009
2404705,-36.9035,-5.6465,-36.6987,-5.442
2404804,-37.2736,-6.825,-37.0751,-6.7232
2404853,-36.8972,-5.7635,-36.7023,-5.6031
2404903,-38.014,-5.9031,-37.8557,-5.6967
2405009,-36.2989,-6.437,-36.0961,-6.37
2405108,-36.2755,-5.4634,-35.9921,-5.2441
2405207,-37.5928,-6.0963,-37.3749,-5.8936
2405306,-35.7403,-6.2218,-35.5314,-6.0464
2405405,-35.9649,-6.4926,-35.7796,-6.3518
2405504,-36.0622,-5.7145,-35.911,-5.4634
2405603,-37.3972,-6.4543,-37.1263,-6.1505
2405702,-36.951,-6.6817,-36.6688,-6.5125
2405801,-36.0124,-5.638,-35.7447,-5.3057
2405900,-37.9077,-6.3327,-37.7573,-6.2455
2406007,-38.3362,-6.418,-38.225,-6.2777
2406106,-37.1752,-6.2403,-36.8475,-5.8132
2406205,-35.6826,-6.4305,-35.5439,-6.3084
2406304,-35.5674,-6.253,-35.3811,-6.132
2406403,-35.9245,-6.073,-35.778,-5.9467
2406502,-36.6384,-6.1434,-36.3982,-6.041
2406601,-35.5502,-6.2015,-35.4434,-6.0901
2406700,-36.2844,-5.8996,-36.0622,-5.4335
2406809,-36.2278,-6.2102,-36.0763,-6.0884
2406908,-37.8636,-6.1533,-37.7887,-6.0565
2407005,-38.4899,-6.4616,-38.3309,-6.2931
2407104,-35.5719,-6.0552,-35.2815,-5.8293
2407203,-36.7511,-5.4018,-36.3679,-5.0612
2407252,-38.3472,-6.4476,-38.2749,-6.3738
2407302,-38.2582,-6.3864,-38.057,-6.1754
2407401,-37.9806,-6.1764,-37.832,-6.0039
2407500,-35.5015,-5.5302,-35.2542,-5.3767
2407609,-37.577,-6.1517,-37.3738,-6.0156
2407708,-35.3409,-6.5439,-35.2241,-6.4465
2407807,-35.5262,-6.1816,-35.2961,-6.0445
2407906,-35.8542,-6.4829,-35.7644,-6.3774
2408003,-37.5828,-5.4937,-37.1051,-4.8812
2408102,-35.2912,-5.8994,-35.1527,-5.7002
2408201,-35.246,-6.1739,-35.0971,-5.9331
2408300,-35.5809,-6.5382,-35.3,-6.3811
2408409,-37.7736,-6.0502,-37.6482,-5.9115
2408508,-37.0033,-6.7901,-36.8164,-6.5772
2408607,-38.3472,-6.5052,-38.2287,-6.3914
2408706,-37.2251,-5.8907,-36.9935,-5.6537
2408805,-36.077,-5.3987,-35.8315,-5.2096
2408904,-36.7339,-6.8431,-36.501,-6.5791
2408953,-35.4813,-5.453,-35.3257,-5.2677
2409100,-35.6712,-6.4837,-35.5584,-6.4148
2409209,-35.4252,-6.3224,-35.3578,-6.245
2409308,-37.7087,-6.1906,-37.5215,-5.9409
2409332,-35.7965,-5.8719,-35.6384,-5.716
2409407,-38.2746,-6.1953,-38.0413,-6.0098
2409506,-35.9518,-5.237,-35.7905,-5.0591
2409605,-36.1716,-5.6549,-35.9921,-5.405
2409704,-36.4696,-5.6797,-36.1794,-5.2504
2409803,-35.3143,-6.558,-35.1455,-6.3704
2409902,-36.7542,-5.4124,-36.5144,-5.1746
2410009,-38.0995,-6.3327,-37.963,-6.2532
2410108,-35.7474,-5.714,-35.6253,-5.4572
2410207,-38.0864,-6.096,-37.9541,-5.9625
2410256,-36.9719,-5.1727,-36.7121,-4.9716
2410306,-35.8218,-6.1708,-35.5885,-6.0404
2410405,-35.7641,-5.5121,-35.4182,-5.3
2410504,-38.2772,-6.2489,-38.1614,-6.1552
2410603,-37.7837,-6.1304,-37.6721,-6.0014
2410702,-38.0446,-5.9907,-37.8957,-5.8523
2410801,-38.4083,-6.3447,-38.2473,-6.2172
2410900,-35.9393,-5.915,-35.7768,-5.716
2411007,-38.1651,-5.9454,-38.0039,-5.7545
2411056,-37.4457,-4.9452,-37.2213,-4.8313
2411106,-36.0136,-5.9129,-35.8508,-5.7943
2411205,-36.1534,-6.4706,-35.8702,-6.069
2411403,-36.8934,-6.1114,-36.2844,-5.6954
2411429,-36.8504,-6.8383,-36.7013,-6.6463
2411502,-35.6429,-6.417,-35.3882,-6.2304
2411601,-36.0653,-5.2557,-35.9079,-5.0412
2411700,-36.1391,-6.4885,-35.9649,-6.2989
2411809,-37.2606,-6.4481,-37.0454,-6.1806
2411908,-38.2518,-6.0459,-38.1142,-5.936
2412005,-35.4872,-5.8487,-35.2481,-5.7048
2412104,-37.314,-6.7613,-37.0349,-6.6135
2412203,-35.3819,-6.2049,-35.2199,-5.9512
2412302,-35.8702,-6.4182,-35.6429,-6.1823
2412401,-36.9624,-6.5382,-36.7608,-6.4183
2412500,-38.5792,-6.304,-38.3487,-6.1076
2412559,-35.838,-5.2914,-35.6224,-5.0753
2412609,-35.8495,-6.0155,-35.6681,-5.8528
2412708,-35.6871,-5.9835,-35.5287,-5.7886
2412807,-36.9798,-5.9752,-36.7683,-5.7104
2412906,-36.3019,-6.1644,-35.9627,-5.8297
2413003,-36.743,-6.3071,-36.5915,-6.0886
2413102,-35.7987,-6.1076,-35.5705,-5.976
2413201,-35.1625,-6.1881,-35.0913,-6.1342
2413300,-35.7759,-6.4824,-35.6633,-6.3577
2413359,-37.1561,-5.2935,-36.9109,-4.9852
2413409,-37.4844,-6.7096,-37.218,-6.4367
2413508,-35.6661,-6.3254,-35.4682,-6.1971
2413557,-38.0471,-6.2136,-37.9371,-6.0752
2413607,-38.0582,-5.8537,-37.8809,-5.6967
2413706,-36.0315,-6.1714,-35.8218,-6.0102
2413805,-38.1212,-6.0146,-37.9507,-5.8565
2413904,-35.6679,-5.7207,-35.4941,-5.4873
2414001,-35.9172,-6.3624,-35.7171,-6.073
2414100,-38.2523,-6.5223,-38.0705,-6.3613
2414159,-36.7864,-6.2205,-36.6529,-6.0907
2414209,-35.1557,-6.2986,-35.0338,-6.1784
2414308,-37.3181,-6.5691,-37.1881,-6.4039
2414407,-35.8399,-5.4653,-35.3843,-5.1118
2414456,-37.2601,-6.0208,-37.0352,-5.8233
2414506,-37.9337,-6.0905,-37.7336,-5.9116
2414605,-37.4671,-5.7519,-37.0957,-5.4775
2414704,-35.4089,-6.4084,-35.3093,-6.1816
2414753,-38.5812,-6.3561,-38.4561,-6.2859
2414803,-35.5451,-6.0916,-35.3648,-5.987
2414902,-37.9912,-6.0292,-37.9208,-5.9555
2415008,-35.1186,-6.3395,-35.044,-6.2655
2500106,-37.7501,-7.5968,-37.5715,-7.3732
2500205,-38.3353,-7.1778,-38.0582,-6.9928
2500304,-35.7111,-7.1483,-35.4908,-6.9415
2500403,-35.8554,-7.1081,-35.6615,-7.0211
2500502,-35.5823,-6.9899,-35.4584,-6.9076
2500536,-36.1316,-7.8009,-35.9595,-7.5869
2500577,-36.1125,-6.9772,-35.8025,-6.7925
2500601,-35.0435,-7.4594,-34.8489,-7.2485
2500700,-38.5622,-6.9366,-38.3336,-6.5684
2500734,-37.0956,-7.6303,-36.9782,-7.4963
2500775,-38.1506,-6.8972,-37.9828,-6.6686
2500809,-35.4645,-6.9851,-35.2623,-6.7553
2500908,-35.8113,-6.8943,-35.6684,-6.8131
2501005,-35.8679,-6.6138,-35.6365,-6.4449
2501104,-35.8068,-7.033,-35.5709,-6.8641
2501153,-37.0066,-7.1797,-36.9163,-7.0446
2501203,-35.9692,-7.08,-35.9029,-7.0147
2501302,-35.8315,-7.6425,-35.5822,-7.4472
2501351,-36.7781,-7.1414,-36.6573,-7.0035
2501401,-35.0369,-6.7205,-34.9308,-6.5948
2501500,-35.6886,-6.7917,-35.521,-6.5996
2501534,-36.3008,-6.6988,-36.2339,-6.543
2501575,-36.1176,-7.6828,-35.8258,-7.4533
2501609,-36.2611,-6.9435,-35.896,-6.5892
2501708,-36.4454,-7.8317,-36.1249,-7.5297
2501807,-34.9735,-7.1752,-34.8914,-7.0787
2501906,-35.5468,-6.7749,-35.4226,-6.6442
2502003,-37.6237,-6.2704,-37.1566,-6.0262
2502052,-38.6158,-6.5319,-38.513,-6.4344
2502102,-38.2616,-7.4866,-38.1407,-7.3681
2502151,-36.3454,-7.3717,-36.0912,-7.1513
2502201,-38.6779,-6.877,-38.5674,-6.782
2502300,-38.027,-6.5413,-37.8639,-6.3978
2502409,-38.5546,-7.3816,-38.4032,-7.1925
2502508,-36.2268,-7.6458,-36.0488,-7.345
2502607,-38.2334,-7.2349,-38.0508,-7.0863
2502706,-35.6439,-6.811,-35.5282,-6.7698
2502805,-37.6127,-6.4205,-37.3336,-6.2398
2502904,-37.9191,-6.4498,-37.795,-6.3327
2503001,-34.9849,-7.5483,-34.8492,-7.4049
2503100,-36.4271,-7.5978,-36.2062,-7.3071
2503209,-34.8672,-7.0996,-34.8255,-6.9661
2503308,-38.7652,-7.0473,-38.6454,-6.8466
2503407,-37.2473,-7.2337,-37.0866,-7.0589
2503506,-35.8932,-6.6922,-35.7346,-6.5454
2503555,-37.2009,-7.2654,-36.9999,-7.1545
2503605,-35.5081,-6.674,-35.3263,-6.4892
2503704,-38.6735,-7.055,-38.3874,-6.7905
2503753,-37.9191,-7.0242,-37.667,-6.869
2503803,-35.3756,-7.1943,-35.2875,-7.0327
2503902,-36.9614,-8.0367,-36.5723,-7.7754
2504009,-36.1283,-7.3864,-35.7038,-7.1536
2504033,-35.2274,-6.9528,-35.1006,-6.8467
2504074,-36.6244,-7.9244,-36.3961,-7.6711
2504108,-38.367,-7.1063,-38.2623,-6.9883
2504157,-35.9241,-6.8632,-35.7793,-6.6669
2504207,-37.7044,-7.3167,-37.4941,-6.9929
2504306,-37.8428,-6.4879,-37.5756,-6.1753
2504355,-36.1283,-7.4825,-35.9983,-7.3582
2504405,-38.6795,-7.7214,-38.3961,-7.3346
2504504,-37.6961,-7.0084,-37.5193,-6.7217
2504603,-34.9435,-7.3831,-34.7936,-7.2124
2504702,-36.7638,-7.9356,-36.5361,-7.6834
2504801,-38.0897,-7.1848,-37.8213,-6.9439
2504850,-36.6806,-7.7175,-36.5469,-7.5819
2504900,-35.1876,-7.2513,-35.039,-7.0318
2505006,-36.3822,-6.9399,-36.2588,-6.7898
2505105,-36.2427,-6.6801,-35.8528,-6.4048
2505204,-35.565,-6.9285,-35.4724,-6.8753
2505238,-35.3185,-6.955,-35.1768,-6.8452
2505279,-35.3721,-6.7742,-35.2137,-6.6875
2505303,-38.2571,-7.6129,-38.1,-7.4634
2505352,-35.9745,-6.7208,-35.8755,-6.5739
2505402,-37.1766,-7.383,-37.0117,-7.2336
2505501,-37.6384,-6.8121,-37.5183,-6.712
2505600,-38.4139,-7.5748,-38.2316,-7.3163
2505709,-35.7068,-6.659,-35.5365,-6.544
2505808,-35.4337,-6.756,-35.3498,-6.674
2505907,-37.8239,-7.176,-37.6681,-7.0146
2506004,-35.9789,-7.084,-35.7785,-6.932
2506103,-35.8403,-7.4811,-35.7024,-7.3328
2506202,-36.5306,-6.5487,-36.3356,-6.2936
2506251,-35.8843,-7.6656,-35.7112,-7.4599
2506301,-35.5306,-6.9814,-35.381,-6.8117
2506400,-35.5474,-7.2546,-35.3494,-7.0322
2506509,-36.607,-7.3511,-36.3258,-7.1789
2506608,-38.4913,-7.5944,-38.3097,-7.4186
2506707,-37.7398,-7.4887,-37.3854,-7.227
2506806,-35.7447,-7.3873,-35.5142,-7.1683
2506905,-35.4322,-7.4485,-35.2714,-7.2517
2507002,-38.3236,-7.3967,-38.0525,-7.1571
2507101,-35.3502,-6.8707,-35.1652,-6.7507
2507200,-35.7544,-7.4772,-35.5324,-7.3349
2507309,-35.3964,-6.695,-35.1441,-6.5116
2507408,-37.9037,-6.5948,-37.733,-6.4399
2507507,-34.9735,-7.2431,-34.7933,-7.0554
2507606,-35.6241,-7.2025,-35.4918,-7.1201
2507705,-36.6757,-7.1896,-36.4697,-6.8887
2507804,-36.8664,-7.0641,-36.6545,-6.9141
2507903,-35.2862,-7.3975,-35.1507,-7.2997
2508000,-37.921,-7.6337,-37.7005,-7.3844
2508109,-37.9795,-6.6426,-37.7821,-6.5285
2508208,-35.4157,-6.7489,-35.3191,-6.613
2508307,-35.9332,-7.2108,-35.783,-7.0839
2508406,-38.2459,-6.6228,-38.1199,-6.4835
2508505,-37.0528,-7.4034,-36.7737,-7.2503
2508554,-35.4538,-6.6304,-35.4043,-6.4862
2508604,-34.9888,-6.979,-34.8505,-6.8647
2508703,-37.4941,-7.3105,-37.322,-7.1615
2508802,-37.5757,-7.0001,-37.4522,-6.7697
2508901,-35.2311,-6.8983,-35.0866,-6.5074
2509008,-38.3164,-7.8338,-38.1051,-7.5711
2509057,-35.092,-6.7973,-34.9289,-6.7047
2509107,-35.3756,-7.1186,-35.248,-6.955
2509156,-38.3701,-6.8807,-38.2901,-6.767
2509206,-35.8404,-7.2811,-35.6802,-7.1039
2509305,-35.1335,-6.6254,-34.9635,-6.4848
2509339,-35.8296,-7.1508,-35.7076,-7.0888
2509370,-37.8021,-6.5976,-37.6655,-6.4879
2509396,-37.4087,-7.3563,-37.3042,-7.2278
2509404,-35.5652,-7.3927,-35.4004,-7.1768
2509503,-35.9792,-7.1091,-35.8962,-7.0686
2509602,-38.6439,-7.2515,-38.405,-7.1695
2509701,-37.357,-8.0602,-36.9248,-7.7174
2509800,-35.5567,-7.0735,-35.3168,-6.9293
2509909,-35.6523,-7.6637,-35.5016,-7.4382
2510006,-38.4269,-6.9943,-38.2451,-6.8751
2510105,-36.2248,-6.559,-36.1431,-6.425
2510204,-38.0791,-7.5393,-37.9538,-7.3889
2510303,-36.5585,-6.748,-36.2814,-6.593
2510402,-37.9109,-7.4336,-37.57,-7.1402
2510501,-36.3512,-7.1046,-36.1474,-6.8454
2510600,-37.1976,-7.6976,-37.0844,-7.5174
2510659,-36.7567,-7.3928,-36.601,-7.2365
2510709,-37.0974,-7.1739,-36.9934,-7.0521
2510808,-37.5237,-7.1535,-37.1712,-6.9058
2510907,-37.7893,-6.7223,-37.4644,-6.5096
2511004,-38.1546,-7.5689,-38.035,-7.357
2511103,-36.5433,-6.855,-36.2507,-6.6778
2511202,-35.1965,-7.4996,-34.9521,-7.2128
2511301,-38.0915,-7.3236,-37.7761,-7.0853
2511400,-36.4689,-6.6963,-36.2187,-6.2811
2511509,-35.3216,-7.3631,-35.22,-7.2074
2511608,-35.6585,-6.9192,-35.5634,-6.8389
2511707,-35.5875,-6.886,-35.5029,-6.8193
2511806,-35.58,-6.8219,-35.4086,-6.7514
2511905,-34.9105,-7.5494,-34.802,-7.3414
2512002,-36.2446,-7.2014,-35.938,-6.9091
2512036,-38.6019,-6.4476,-38.458,-6.3298
2512077,-38.5452,-6.6635,-38.4361,-6.5151
2512101,-38.0288,-7.0185,-37.6224,-6.6136
2512200,-37.1607,-7.7818,-37.0222,-7.5956
2512309,-38.1034,-7.7786,-37.892,-7.5143
2512408,-36.0294,-7.1971,-35.9047,-7.1005
2512507,-36.021,-7.5157,-35.8201,-7.2791
2512606,-37.1894,-7.1087,-37.0049,-6.9818
2512705,-35.9516,-7.0201,-35.7741,-6.8553
2512721,-35.3404,-6.7172,-35.2426,-6.6208
2512747,-35.7213,-6.5907,-35.558,-6.4914
2512754,-35.7036,-7.2688,-35.6221,-7.2074
2512762,-35.3324,-7.188,-35.2569,-7.1086
2512788,-36.1976,-7.769,-36.0713,-7.6
2512804,-37.7335,-6.5504,-37.5083,-6.3905
2512903,-35.1342,-6.94,-34.9024,-6.5923
2513000,-36.9322,-7.1598,-36.7418,-7.0249
2513109,-35.5524,-7.4994,-35.3796,-7.3187
2513158,-36.0351,-7.8133,-35.8155,-7.6494
2513208,-38.1547,-6.615,-37.962,-6.4405
2513307,-38.6734,-6.7977,-38.4857,-6.6266
2513356,-38.7179,-7.7567,-38.4494,-7.5743
2513406,-37.0347,-7.0802,-36.7745,-6.7565
2513505,-38.4502,-7.7387,-38.1779,-7.5185
2513604,-38.0826,-7.5009,-37.8538,-7.2847
2513653,-38.5347,-6.5311,-38.4499,-6.4109
2513703,-35.1617,-7.2821,-34.8586,-6.9078
2513802,-37.5429,-7.2269,-37.3467,-6.9913
2513851,-36.6808,-7.3459,-36.5261,-7.1286
2513901,-37.5851,-6.5329,-37.3809,-6.3905
2513927,-37.7849,-6.9915,-37.627,-6.7981
2513943,-36.4789,-7.6756,-36.3015,-7.4883
2513968,-38.0245,-6.8725,-37.8735,-6.7337
2513984,-38.1074,-6.6901,-37.9662,-6.5819
2514008,-36.6329,-7.686,-36.3305,-7.2983
2514107,-36.9702,-8.2965,-36.5723,-7.9356
2514206,-38.2537,-7.0124,-38.0061,-6.8793
2514305,-38.4149,-7.3431,-38.2477,-7.1536
2514404,-37.5522,-6.9361,-37.2122,-6.6886
2514453,-35.4496,-7.2913,-35.2869,-7.1795
2514503,-38.6875,-7.1999,-38.284,-6.9839
2514552,-38.1328,-7.8302,-38.0512,-7.5701
2514602,-37.3878,-7.2189,-37.2445,-7.076
2514651,-37.4842,-6.3079,-37.2339,-6.1683
2514701,-36.9099,-6.9145,-36.7299,-6.7307
2514800,-37.0256,-7.5068,-36.664,-7.3006
2514909,-37.2343,-7.0613,-36.9334,-6.7857
2515005,-35.2422,-7.3107,-35.1509,-7.177
2515104,-35.8962,-7.1257,-35.8116,-7.0503
2515203,-37.1633,-8.3025,-36.8749,-8.0136
2515302,-35.2875,-7.177,-35.1179,-6.94
2515401,-36.5737,-6.9938,-36.3257,-6.8361
2515500,-36.9005,-7.7284,-36.5305,-7.3811
2515609,-35.4981,-6.7403,-35.4152,-6.667
2515708,-38.4216,-7.3057,-38.3159,-7.1547
2515807,-35.7108,-7.2184,-35.6076,-7.1314
2515906,-35.7269,-6.9098,-35.5744,-6.8003
2515930,-35.4749,-6.7685,-35.372,-6.7071
2515971,-35.3336,-7.2173,-35.1871,-7.1196
2516003,-35.8098,-6.827,-35.6365,-6.5995
2516102,-36.4882,-7.2178,-36.2183,-6.9555
2516151,-36.2611,-6.8451,-36.1063,-6.6413
2516201,-38.3723,-6.9103,-38.0756,-6.5942
2516300,-37.0856,-7.8423,-36.7257,-7.4819
2516409,-35.6531,-6.6477,-35.4256,-6.454
2516508,-37.0343,-7.3183,-36.6563,-7.1121
2516607,-37.9848,-7.6977,-37.758,-7.4754
2516706,-37.3341,-7.3091,-37.1469,-7.2082
2516755,-36.7015,-7.0196,-36.5541,-6.8744
2516805,-38.6488,-6.7062,-38.4928,-6.4917
2516904,-38.4987,-6.6011,-38.2827,-6.3924
2517001,-35.8382,-7.7463,-35.6192,-7.608
2517100,-37.1519,-6.874,-36.9523,-6.7071
2517209,-38.3527,-6.6457,-38.1951,-6.4799
2517407,-37.1578,-8.1279,-37.0209,-8.0233
2600054,-35.1397,-7.9356,-34.8606,-7.794
2600104,-37.7088,-7.8942,-37.5215,-7.6071
2600203,-41.358,-8.8431,-40.7579,-8.3557
2600302,-36.0101,-8.5636,-35.8809,-8.357
2600401,-35.6221,-8.846,-35.324,-8.5056
2600500,-37.198,-9.3171,-36.8653,-8.8853
2600609,-36.8235,-8.6041,-36.6878,-8.4175
2600708,-35.2726,-7.7136,-35.0969,-7.5014
2600807,-36.2668,-8.5934,-35.9656,-8.3613
2600906,-35.5626,-8.4563,-35.3732,-8.2607
2601003,-36.3416,-8.9527,-36.2157,-8.7978
2601052,-35.1397,-7.8797,-35.0204,-7.7224
2601102,-40.7152,-7.9473,-40.286,-7.3849
2601201,-37.1487,-8.5144,-36.9006,-8.2527
2601300,-35.6962,-8.4883,-35.5473,-8.3512
2601409,-35.4087,-8.8868,-35.1016,-8.7533
2601508,-35.8553,-8.6764,-35.7592,-8.5223
2601607,-39.2723,-8.8043,-38.6289,-8.33
2601706,-36.6056,-8.4103,-36.206,-8.1263
2601805,-38.1947,-8.4595,-37.7984,-8.0638
2601904,-35.9207,-8.3861,-35.63,-8.1037
2602001,-40.1495,-8.0276,-39.7623,-7.3368
2602100,-36.8828,-9.3411,-36.4994,-9.02
2602209,-35.7122,-7.848,-35.4188,-7.689
2602308,-35.8377,-8.5993,-35.5354,-8.3698
2602407,-36.6002,-9.1031,-36.478,-8.953
2602506,-37.4315,-7.3949,-37.2604,-7.2738
2602605,-36.4437,-8.2358,-36.1064,-7.9198
2602704,-35.4343,-7.7887,-35.2592,-7.6752
2602803,-37.3016,-8.971,-36.9705,-8.403
2602902,-35.2656,-8.3656,-34.9198,-8.1837
2603009,-39.569,-8.5924,-39.0462,-8.1821
2603108,-36.3608,-8.6143,-36.2172,-8.3813
2603207,-36.82,-8.9064,-36.5384,-8.7234
2603306,-36.3821,-8.833,-36.2491,-8.6348
2603405,-38.1678,-8.1332,-37.9391,-7.9041
2603454,-35.0351,-8.0389,-34.9493,-7.9162
2603504,-35.8054,-8.3862,-35.7221,-8.2899
2603603,-35.3423,-7.4755,-35.2365,-7.404
2603702,-36.2992,-9.0324,-36.0329,-8.7114
2603801,-36.7019,-8.797,-36.4867,-8.5572
2603900,-37.8467,-7.9834,-37.6162,-7.6089
2603926,-38.9108,-8.6207,-38.5491,-8.2236
2604007,-35.4059,-7.8921,-35.2211,-7.761
2604106,-36.1803,-8.3984,-35.8512,-7.9759
2604155,-35.7896,-7.8312,-35.6393,-7.6914
2604205,-35.8165,-8.8006,-35.6415,-8.5793
2604304,-39.2827,-7.7889,-39.1023,-7.6891
2604403,-35.2604,-8.0574,-35.1645,-7.9558
2604502,-35.5104,-8.3011,-35.4291,-8.1643
2604601,-35.1465,-7.6705,-35.0363,-7.5357
2604700,-36.4649,-9.2245,-36.1989,-9.0182
2604809,-35.5926,-8.505,-35.4451,-8.3387
2604908,-35.8401,-8.114,-35.6092,-7.9439
2605004,-35.9974,-8.6291,-35.8353,-8.5361
2605103,-37.8937,-8.4206,-37.5109,-7.8737
2605152,-40.8614,-8.6669,-40.3509,-8.2959
2605202,-35.364,-8.4891,-35.1398,-8.2424
2605301,-39.9042,-7.7063,-39.5449,-7.3097
2605400,-35.4569,-8.0029,-35.3041,-7.8902
2605459,-32.4765,-3.8812,-32.3916,-3.8301
2605509,-35.3155,-7.5234,-35.1577,-7.4199
2605608,-38.0659,-8.0835,-37.6912,-7.7656
2605707,-38.6934,-8.9863,-37.7848,-8.2529
2605806,-35.9711,-8.0055,-35.8047,-7.8591
2605905,-35.4875,-8.7245,-35.2643,-8.5085
2606002,-36.6368,-9.0892,-36.3058,-8.7831
2606101,-35.4664,-8.0809,-35.2298,-7.9366
2606200,-35.0775,-7.7142,-34.807,-7.4616
2606309,-39.8143,-7.9121,-39.5585,-7.6662
2606408,-35.6574,-8.3739,-35.4385,-8.0572
2606507,-37.055,-9.3826,-36.7687,-8.8878
2606606,-37.8819,-8.8321,-37.3662,-8.3177
2606705,-36.2925,-8.712,-36.0947,-8.5459
2606804,-35.0992,-7.8996,-34.8405,-7.6913
2606903,-37.6204,-7.9912,-37.1703,-7.7046
2607000,-38.0244,-9.0193,-37.5557,-8.5946
2607109,-37.5219,-7.7957,-37.3233,-7.6258
2607208,-35.2377,-8.6055,-34.9519,-8.3095
2607307,-40.3724,-7.7025,-40.1036,-7.3739
2607406,-38.8567,-8.9183,-38.6226,-8.6207
2607505,-37.5256,-9.2398,-37.099,-8.7984
2607604,-34.8898,-7.8156,-34.8227,-7.6883
2607653,-35.3347,-7.5469,-34.9851,-7.374
2607703,-37.2826,-7.4969,-36.9839,-7.2725
2607752,-34.9432,-7.8069,-34.8622,-7.6829
2607802,-35.1185,-7.7441,-34.9617,-7.6179
2607901,-35.0966,-8.2416,-34.9119,-8.0561
2607950,-35.8573,-8.8076,-35.7436,-8.6726
2608008,-36.6941,-8.2141,-36.3799,-7.8983
2608057,-38.3125,-9.3294,-38.0919,-9.1036
2608107,-35.6946,-7.9096,-35.5017,-7.8002
2608206,-35.5884,-8.6584,-35.486,-8.4821
2608255,-36.5168,-8.8022,-36.4003,-8.6574
2608305,-36.4479,-8.831,-36.2996,-8.6346
2608404,-36.2164,-8.8364,-36.0751,-8.6644
2608453,-35.4036,-7.8949,-35.2821,-7.818
2608503,-35.3551,-7.946,-35.2411,-7.8738
2608602,-36.533,-9.2645,-36.4026,-9.0694
2608701,-35.9787,-8.7685,-35.808,-8.601
2608750,-40.4459,-9.1093,-40.0045,-8.4961
2608800,-36.3821,-8.7864,-36.1945,-8.5619
2608909,-35.5284,-7.9607,-35.3529,-7.7136
2609006,-35.5077,-7.616,-35.4049,-7.4445
2609105,-35.5483,-7.7492,-35.4529,-7.6558
2609154,-37.7032,-9.0179,-37.3662,-8.7899
2609204,-35.8468,-8.9167,-35.6729,-8.7499
2609303,-38.9369,-8.3104,-38.5255,-8.0098
2609402,-35.2279,-8.2244,-35.0588,-8.0748
2609501,-35.3039,-7.8077,-35.0915,-7.6587
2609600,-34.9174,-8.0442,-34.8284,-7.9542
2609709,-35.6812,-7.782,-35.5111,-7.6447
2609808,-39.6843,-8.6593,-39.4757,-8.249
2609907,-40.575,-8.2259,-39.853,-7.6772
2610004,-35.7205,-8.8006,-35.5373,-8.5172
2610103,-36.3773,-9.0514,-36.1112,-8.933
2610202,-36.1814,-8.7899,-35.9477,-8.5333
2610301,-36.8645,-8.9561,-36.6047,-8.8321
2610400,-40.2003,-8.4562,-39.3664,-7.8704
2610509,-35.6643,-8.1049,-35.4293,-7.9192
2610608,-35.2541,-7.9777,-35.0269,-7.794
2610707,-34.9999,-7.9813,-34.8193,-7.843
2610806,-37.0676,-8.9086,-36.7659,-8.417
2610905,-36.9481,-8.6698,-36.542,-8.1891
2611002,-38.5195,-9.1479,-38.0651,-8.6765
2611101,-40.9587,-9.4825,-40.2077,-8.6231
2611200,-36.818,-8.2859,-36.6056,-8.1506
2611309,-35.4773,-8.2989,-35.3386,-8.0808
2611408,-35.4662,-8.4376,-35.3418,-8.2498
2611507,-36.1252,-8.9126,-35.9503,-8.7504
2611533,-37.9581,-7.8026,-37.7569,-7.6255
2611606,-35.0148,-8.1622,-34.8593,-7.9297
2611705,-35.9848,-8.2059,-35.7539,-7.9686
2611804,-35.5053,-8.6303,-35.2641,-8.4086
2611903,-35.3579,-8.7403,-35.0945,-8.5854
2612000,-35.758,-8.3877,-35.6112,-8.2032
2612109,-35.6807,-7.9464,-35.5137,-7.8761
2612208,-39.3168,-8.3801,-38.8106,-7.7706
2612307,-36.8653,-9.1128,-36.6254,-8.8878
2612406,-36.6295,-8.5028,-36.4843,-8.2302
2612455,-40.4594,-8.5185,-40.087,-8.0552
2612471,-38.2379,-7.9082,-38.1196,-7.7795
2612505,-36.446,-7.9685,-36.1644,-7.8053
2612554,-40.7836,-8.3898,-40.4249,-8.0301
2612604,-40.1968,-9.0607,-39.63,-8.3289
2612703,-35.943,-7.8787,-35.8217,-7.7659
2612802,-37.5214,-7.5351,-37.3619,-7.3563
2612901,-35.9659,-8.8919,-35.8447,-8.7346
2613008,-36.6161,-8.7035,-36.3065,-8.3742
2613107,-36.2318,-8.4875,-36.0612,-8.1869
2613206,-36.4622,-8.9846,-36.3058,-8.7773
2613305,-35.9224,-8.5873,-35.7416,-8.3665
2613404,-35.2635,-8.9133,-35.129,-8.8291
2613503,-38.9646,-8.1448,-38.555,-7.6215
2613602,-37.4496,-7.7022,-37.0258,-7.3538
2613701,-35.2236,-8.0921,-34.9935,-7.9411
2613800,-35.5375,-7.689,-35.4446,-7.5121
2613909,-38.6272,-8.4412,-38.0269,-7.6768
2614006,-39.591,-8.0605,-39.1155,-7.545
2614105,-37.6188,-8.4589,-37.0203,-7.94
2614204,-35.2803,-8.6909,-35.0441,-8.4749
2614303,-39.6167,-7.7653,-39.3169,-7.3902
2614402,-37.7454,-7.6388,-37.5585,-7.5227
2614501,-35.8455,-7.9784,-35.6506,-7.803
2614600,-37.6196,-7.7181,-37.4162,-7.4391
2614709,-36.3608,-8.4535,-36.1846,-8.2251
2614808,-38.2358,-9.1738,-37.825,-8.6519
2614857,-35.3413,-8.801,-35.0786,-8.6862
2615003,-36.266,-8.0043,-36.0017,-7.7637
2615102,-36.7059,-9.1274,-36.5327,-9.02
2615201,-39.5468,-8.2591,-39.2426,-8.0496
2615300,-35.4341,-7.6197,-35.2085,-7.4216
2615409,-36.1004,-8.0218,-36.0085,-7.9574
2615508,-35.2476,-7.8263,-35.0873,-7.6743
2615607,-40.3596,-7.8483,-40.2367,-7.6266
2615706,-38.1495,-7.9366,-37.9993,-7.7477
2615805,-37.3682,-8.9599,-37.0779,-8.3876
2615904,-37.3766,-7.7998,-37.1386,-7.5948
2616001,-36.9117,-8.7325,-36.6897,-8.4173
2616100,-39.1033,-8.0936,-38.8701,-7.8123
2616183,-35.883,-7.8147,-35.7514,-7.7395
2616209,-36.0508,-7.9897,-35.9101,-7.7869
2616308,-35.4625,-7.7401,-35.2538,-7.5909
2616407,-35.429,-8.3076,-35.1954,-8.0201
2616506,-35.723,-8.9091,-35.5822,-8.7752
2700102,-38.0107,-9.4125,-37.7706,-9.1091
2700201,-36.3938,-9.7381,-36.2391,-9.5919
2700300,-36.7525,-9.8818,-36.5414,-9.6334
2700409,-36.2277,-9.6184,-35.9284,-9.3751
2700508,-35.6874,-9.4426,-35.4634,-9.3076
2700607,-36.0277,-9.8696,-35.8547,-9.7667
2700706,-37.2198,-9.8104,-36.9931,-9.6019
2700805,-36.5317,-9.6022,-36.444,-9.4959
2700904,-37.3095,-9.9134,-37.0408,-9.7094
2701001,-36.2641,-9.732,-36.0683,-9.5952
2701100,-36.1802,-9.278,-35.862,-9.137
2701209,-37.0299,-9.5347,-36.8262,-9.361
2701308,-36.2112,-9.4716,-36.1085,-9.3086
2701357,-35.5858,-8.9455,-35.4952,-8.8212
2701407,-36.3937,-9.9341,-36.179,-9.7121
2701506,-36.8427,-10.0428,-36.6728,-9.8826
2701605,-37.6921,-9.2886,-37.4005,-8.9627
2701704,-36.1816,-9.4717,-35.9829,-9.2129
2701803,-37.4495,-9.5244,-37.2695,-9.4202
2701902,-36.4083,-9.312,-36.1802,-9.1719
2702009,-36.63,-9.6999,-36.5358,-9.5632
2702108,-35.8601,-9.0496,-35.6462,-8.847
2702207,-35.8674,-9.6823,-35.7691,-9.5998
2702306,-36.4533,-10.2746,-36.0227,-9.9333
2702355,-36.9047,-9.7331,-36.6831,-9.5498
2702405,-38.2372,-9.5485,-37.8762,-9.2521
2702504,-37.1485,-9.4596,-36.9766,-9.307
2702553,-36.8454,-9.5063,-36.6935,-9.2709
2702603,-36.7515,-9.986,-36.6032,-9.8037
2702702,-36.3976,-10.3471,-36.2718,-10.2364
2702801,-35.862,-9.388,-35.6874,-9.1249
2702900,-36.9692,-9.9605,-36.7461,-9.6253
2703007,-35.9763,-9.0515,-35.824,-8.8538
2703106,-36.8408,-9.6556,-36.5317,-9.4824
2703205,-36.7444,-10.2745,-36.491,-10.0338
2703304,-37.842,-9.408,-37.5891,-9.1764
2703403,-37.3027,-9.7364,-37.1525,-9.5809
2703502,-35.5481,-8.9681,-35.3416,-8.8127
2703601,-35.3381,-9.156,-35.2387,-9.028
2703700,-37.0673,-9.7203,-36.8878,-9.599
2703809,-35.862,-9.1624,-35.581,-9.0299
2703908,-35.5882,-9.0204,-35.4479,-8.9007
2704005,-36.5659,-9.9711,-36.3127,-9.7737
2704104,-36.7711,-9.8827,-36.6851,-9.7094
2704203,-36.5833,-9.8386,-36.3424,-9.6513
2704302,-35.8155,-9.7127,-35.5586,-9.3542
2704401,-37.1594,-9.6299,-36.8311,-9.3919
2704500,-35.3717,-9.072,-35.1517,-8.8603
2704609,-37.5611,-9.304,-37.2284,-9.1596
2704708,-36.0295,-9.8115,-35.7822,-9.6252
2704807,-36.3869,-9.6235,-36.1912,-9.501
2704906,-36.46,-9.5223,-36.2886,-9.4247
2705002,-37.954,-9.222,-37.5298,-8.8558
2705101,-35.7093,-9.2556,-35.4642,-9.0092
2705200,-35.8776,-9.4098,-35.7687,-9.2641
2705309,-36.9381,-9.3974,-36.7965,-9.2677
2705408,-37.3581,-9.6448,-37.2354,-9.5355
2705507,-36.1487,-9.4098,-35.83,-9.137
2705606,-35.7107,-9.0348,-35.5732,-8.8421
2705705,-37.3728,-9.6076,-37.1205,-9.4531
2705804,-37.8981,-9.579,-37.7227,-9.2926
2705903,-36.8744,-10.1237,-36.7134,-10.0018
2706000,-37.2695,-9.5824,-37.1029,-9.4321
2706109,-37.4657,-9.2078,-37.2621,-9.0518
2706208,-37.3724,-9.7364,-37.2393,-9.6356
2706307,-36.7235,-9.5317,-36.4523,-9.2749
2706406,-37.6719,-9.8272,-37.2393,-9.5194
2706422,-38.156,-9.3382,-37.9598,-9.1551
2706448,-35.6765,-9.487,-35.5249,-9.398
2706505,-35.578,-9.3473,-35.3865,-9.1893
2706604,-36.4853,-9.4533,-36.3396,-9.2863
2706703,-36.66,-10.4327,-36.3354,-10.0318
2706802,-36.5081,-10.5008,-36.2934,-10.3025
2706901,-36.1807,-9.6733,-35.8678,-9.5276
2707008,-36.3514,-9.5269,-36.2112,-9.4407
2707107,-37.8444,-9.6768,-37.6372,-9.3335
2707206,-37.5611,-9.3619,-37.1582,-9.2151
2707305,-35.5209,-9.1468,-35.3007,-8.9203
2707404,-35.5236,-9.2308,-35.2894,-9.0594
2707503,-36.8469,-10.2645,-36.6427,-9.9623
2707602,-36.6246,-9.4067,-36.3396,-9.2117
2707701,-35.9594,-9.5883,-35.7691,-9.3751
2707800,-36.0439,-9.9408,-35.9025,-9.8073
2707909,-35.8673,-9.6413,-35.7934,-9.5767
2708006,-37.4449,-9.4531,-37.0569,-9.2383
2708105,-36.2874,-9.2129,-36.1129,-9.0393
2708204,-36.9519,-10.1758,-36.7697,-10.0467
2708303,-36.1407,-9.0723,-35.9521,-8.8936
2708402,-37.6758,-9.6477,-37.3133,-9.408
2708501,-35.7246,-9.3704,-35.513,-9.1249
2708600,-36.2801,-10.0504,-35.962,-9.6683
2708709,-35.4647,-9.2858,-35.3411,-9.1893
2708808,-36.6574,-10.0707,-36.4546,-9.8549
2708907,-35.8866,-9.6262,-35.7962,-9.5311
2708956,-37.656,-9.4762,-37.3315,-9.2703
2709004,-36.4879,-9.6479,-36.3504,-9.4657
2709103,-36.5747,-9.6919,-36.388,-9.5317
2709152,-36.4882,-10.0379,-36.277,-9.8741
2709202,-37.135,-10.0768,-36.7979,-9.6927
2709301,-36.1802,-9.2156,-35.8601,-9.0496
2709400,-36.3889,-9.4539,-36.1786,-9.2129
2800100,-36.9437,-10.2271,-36.8812,-10.1195
2800209,-37.1651,-10.3752,-36.9315,-10.1649
2800308,-37.1734,-11.1574,-37.0259,-10.8634
2800407,-37.672,-11.343,-37.5067,-11.1664
2800506,-37.4027,-10.8317,-37.2453,-10.7211
2800605,-37.0444,-10.9637,-36.8537,-10.7382
2800670,-37.7066,-11.2031,-37.5285,-10.9958
2800704,-36.5852,-10.538,-36.3935,-10.4063
2801009,-37.5954,-10.8822,-37.4027,-10.6804
2801108,-37.1516,-10.2357,-36.9212,-10.0702
2801207,-38.0436,-9.9709,-37.6661,-9.5146
2801306,-37.1378,-10.6405,-36.9377,-10.3258
2801405,-37.8588,-10.517,-37.5752,-10.1875
2801504,-37.0118,-10.7048,-36.9002,-10.6305
2801603,-36.9543,-10.3247,-36.844,-10.2229
2801702,-37.8641,-11.5681,-37.6317,-11.399
2801900,-37.292,-10.42,-37.1071,-10.2372
2802007,-37.2075,-10.751,-37.0888,-10.6072
2802106,-37.5564,-11.4542,-37.2609,-11.0531
2802205,-37.3982,-10.3853,-37.2397,-10.2104
2802304,-37.7249,-10.6454,-37.4739,-10.3709
2802403,-37.4198,-10.171,-36.956,-9.8976
2802502,-37.0161,-10.7132,-36.9172,-10.6753
2802601,-37.332,-10.3421,-37.1361,-10.1352
2802700,-36.5998,-10.4994,-36.4834,-10.4169
2802809,-37.6524,-11.5514,-37.3729,-11.3884
2802908,-37.5301,-10.8309,-37.3201,-10.5661
2803005,-37.927,-11.4116,-37.6631,-11.1321
2803104,-37.2321,-10.1744,-37.0617,-10.0262
2803203,-37.5033,-11.2884,-37.1515,-10.8239
2803302,-37.0108,-10.6764,-36.7833,-10.3977
2803401,-36.9028,-10.5945,-36.7013,-10.2835
2803500,-37.8765,-11.067,-37.4553,-10.6955
2803609,-37.3173,-10.8546,-37.0645,-10.751
2803708,-37.6686,-10.7166,-37.5003,-10.6041
2803807,-37.0092,-10.3878,-36.9006,-10.2764
2803906,-37.336,-10.7405,-37.2241,-10.6006
2804003,-37.161,-10.7859,-37.0522,-10.6547
2804102,-37.3946,-10.6577,-37.2487,-10.5389
2804201,-37.8236,-10.1334,-37.4125,-9.9982
2804300,-37.0178,-10.4519,-36.9028,-10.3011
2804409,-36.8037,-10.498,-36.5604,-10.2556
2804458,-37.6111,-10.462,-37.4037,-10.24
2804508,-37.7832,-10.3076,-37.3138,-10.0618
2804607,-37.3492,-10.6245,-37.1107,-10.2976
2804706,-37.0676,-10.1371,-36.9541,-10.0253
2804805,-37.3177,-10.929,-37.028,-10.8185
2804904,-36.7498,-10.6173,-36.4843,-10.4007
2805000,-37.7193,-10.7164,-37.6409,-10.5329
2805109,-37.7046,-11.2385,-37.5962,-11.1708
2805208,-37.8402,-10.6448,-37.6883,-10.5062
2805307,-36.9232,-10.7436,-36.6576,-10.5755
2805406,-37.9363,-10.0341,-37.466,-9.6656
2805505,-38.2453,-10.9469,-37.969,-10.7019
2805604,-37.8236,-10.0618,-37.2262,-9.7491
2805703,-36.8769,-10.2986,-36.7033,-10.1777
2805802,-37.9725,-11.1752,-37.6119,-10.8639
2805901,-37.2835,-10.7779,-37.1606,-10.674
2806008,-37.5474,-10.5952,-37.3207,-10.402
2806107,-37.0927,-10.7488,-36.9505,-10.6154
2806206,-37.5547,-11.1664,-37.3884,-10.9599
2806305,-37.6918,-11.4513,-37.3775,-11.2895
2806404,-36.6824,-10.3221,-36.5886,-10.2515
2806503,-37.2961,-10.6781,-37.1805,-10.5864
2806602,-37.089,-10.886,-36.8676,-10.6858
2806701,-37.3384,-11.1048,-37.091,-10.8318
2806800,-37.633,-10.8453,-37.4975,-10.6932
2806909,-36.9185,-10.4038,-36.8196,-10.2614
2807006,-37.4131,-10.4925,-37.2745,-10.2453
2807105,-37.9725,-10.8884,-37.6736,-10.5843
2807204,-37.2069,-10.6511,-37.0666,-10.4701
2807303,-36.9437,-10.2273,-36.8431,-10.1444
2807402,-38.1884,-11.3477,-37.7926,-10.8106
2807501,-37.9824,-11.449,-37.7469,-11.252
2807600,-37.7297,-11.4849,-37.6021,-11.3077
2900108,-41.9087,-13.428,-41.5899,-13.1127
2900207,-39.5495,-9.1571,-39.0643,-8.5464
2900306,-38.1508,-11.7649,-37.9108,-11.5292
2900355,-38.1534,-10.7191,-37.9026,-10.4277
2900405,-38.8394,-11.9542,-38.5597,-11.691
2900504,-42.2113,-13.6301,-41.9087,-13.2256
2900603,-39.9724,-14.1837,-39.7934,-14.0107
2900702,-38.5903,-12.2695,-38.2375,-11.9261
2900801,-39.633,-17.6846,-39.137,-17.2662
2900900,-39.7577,-14.8014,-39.5683,-14.6006
2901007,-39.8195,-13.1533,-39.4689,-12.9187
2901106,-38.8014,-12.4977,-38.6305,-12.3557
2901155,-41.7194,-11.6149,-41.3637,-11.2591
2901205,-41.2303,-14.848,-40.6166,-14.3733
2901304,-41.4514,-13.297,-40.9724,-12.4511
2901353,-40.0782,-10.5504,-39.7355,-9.9392
2901403,-44.9347,-12.2008,-44.2982,-11.7467
2901502,-39.2785,-12.2456,-39.0762,-12.0793
2901601,-38.424,-10.477,-38.1528,-10.2845
2901700,-39.2443,-12.4978,-39.0496,-12.2704
2901809,-40.5545,-10.6898,-40.1666,-10.5043
2901908,-38.3134,-11.8939,-38.0516,-11.5851
2901957,-39.8039,-13.9123,-39.6698,-13.7348
2902005,-41.6394,-14.5578,-41.0687,-14.0923
2902054,-38.3804,-12.2776,-38.0445,-12.009
2902104,-39.293,-11.4921,-38.8154,-10.9876
2902203,-38.623,-12.1964,-38.4284,-11.9353
2902252,-39.5752,-15.3518,-39.2983,-15.0854
2902302,-39.2033,-13.1434,-38.958,-13.0387
2902401,-39.6964,-14.4523,-39.2883,-14.266
2902500,-44.7454,-13.1128,-44.1444,-12.2002
2902609,-40.3527,-12.1448,-39.9552,-11.8021
2902658,-38.7373,-10.7065,-38.5467,-10.5394
2902708,-44.0246,-11.8181,-42.6308,-10.2239
2902807,-41.4876,-13.891,-40.7766,-13.4589
2902906,-40.7115,-15.0759,-40.4206,-14.6876
2903003,-42.3601,-12.3214,-41.9614,-11.7142
2903102,-39.6682,-14.2184,-39.5563,-13.8803
2903201,-46.3974,-12.564,-44.5786,-11.6185
2903235,-42.0381,-11.9823,-41.67,-11.7089
2903300,-39.5102,-14.8133,-39.3429,-14.6884
2903409,-39.573,-16.1206,-38.8558,-15.7646
2903508,-41.3688,-15.189,-41.0863,-14.7104
2903607,-38.8645,-11.734,-38.6757,-11.3724
2903706,-40.5081,-14.5209,-40.0375,-14.2244
2903805,-40.9724,-13.0448,-40.3561,-12.4413
2903904,-43.6408,-13.8575,-42.9053,-12.8097
2903953,-40.7171,-14.475,-40.3847,-14.2396
2904001,-42.0129,-13.022,-41.6034,-12.6608
2904050,-41.4593,-12.1688,-41.2026,-11.8416
2904100,-42.934,-12.95,-42.4946,-12.5004
2904209,-42.6803,-13.4139,-42.2655,-13.1652
2904308,-39.9675,-13.1941,-39.6977,-12.9339
2904407,-44.1293,-12.7484,-43.3188,-12.2374
2904506,-42.86,-12.4127,-42.0881,-11.729
2904605,-41.9999,-14.51,-41.3186,-13.9133
2904704,-39.4131,-15.0747,-39.2018,-14.9122
2904753,-44.0724,-10.9075,-43.3721,-10.2357
2904803,-40.5643,-15.115,-40.0946,-14.8929
2904852,-39.3164,-12.6591,-39.0572,-12.4934
2904902,-39.0085,-12.8378,-38.795,-12.5082
2905008,-42.5025,-14.6387,-42.1563,-14.325
2905107,-40.4696,-11.2271,-39.9909,-11.0561
2905156,-41.1095,-14.4413,-40.6776,-14.1642
2905206,-42.7998,-14.399,-42.1525,-13.594
2905305,-41.6185,-11.9196,-41.3,-11.5588
2905404,-39.0953,-13.6768,-38.8879,-13.3705
2905503,-40.4215,-11.1613,-39.9909,-10.9285
2905602,-39.6511,-15.6149,-39.3632,-15.269
2905701,-38.3777,-12.8761,-38.032,-12.452
2905800,-39.4117,-14.1583,-38.9823,-13.8862
2905909,-43.5434,-9.7375,-42.6883,-9.2604
2906006,-41.2513,-10.6753,-40.228,-9.8208
2906105,-44.3501,-13.2046,-44.0766,-12.9809
2906204,-41.8619,-11.9576,-41.5927,-11.6084
2906303,-39.3923,-15.8503,-38.8984,-15.3824
2906402,-39.307,-11.9913,-39.0619,-11.7603
2906501,-38.5792,-12.7921,-38.393,-12.5869
2906600,-42.9696,-14.5586,-42.6868,-14.3076
2906709,-41.4635,-15.5448,-41.0315,-15.1007
2906808,-39.7712,-10.9996,-39.211,-10.5138
2906824,-39.2696,-10.3519,-38.4639,-9.642
2906857,-39.9268,-11.8928,-39.6852,-11.4814
2906873,-40.0704,-11.4389,-39.8652,-11.1667
2906899,-41.8431,-14.8263,-41.0693,-14.4376
2906907,-40.2557,-17.8603,-39.1354,-17.4061
2907004,-38.0053,-12.1545,-37.8547,-11.9336
2907103,-44.0868,-14.3388,-43.5868,-13.6673
2907202,-41.9031,-9.7698,-40.667,-8.7036
2907301,-39.5054,-12.923,-39.2148,-12.547
2907400,-44.9267,-12.4102,-44.5179,-12.1539
2907509,-38.5424,-12.4307,-38.2733,-12.2358
2907558,-42.4674,-13.3933,-42.1583,-13.0596
2907608,-42.2575,-11.2608,-41.8982,-11.0169
2907707,-39.373,-9.6535,-38.9536,-8.7312
2907806,-38.7373,-10.6741,-38.223,-10.4482
2907905,-38.5919,-11.1769,-38.438,-11.0151
2908002,-39.7278,-14.8066,-39.5084,-14.5474
2908101,-46.1203,-15.2642,-44.3645,-13.8244
2908200,-39.0908,-12.5682,-38.87,-12.4461
2908309,-39.3643,-12.9778,-39.1174,-12.7393
2908408,-39.5366,-11.7628,-39.1267,-11.2133
2908507,-38.8521,-12.3942,-38.6407,-12.2828
2908606,-37.8301,-12.0913,-37.5155,-11.6299
2908705,-42.2903,-15.1861,-41.8312,-14.6093
2908804,-41.2818,-14.0038,-40.9107,-13.6094
2908903,-38.8962,-12.3365,-38.6627,-12.0831
2909000,-42.0417,-15.1752,-41.7658,-14.888
2909109,-44.7995,-14.0887,-44.0373,-13.4278
2909208,-38.1529,-10.5394,-37.7345,-10.1293
2909307,-46.282,-13.9794,-44.3286,-12.9892
2909406,-44.6563,-12.1272,-43.8387,-11.3457
2909505,-39.8995,-13.5297,-39.6954,-13.3428
2909604,-38.2987,-11.608,-38.0487,-11.3509
2909703,-44.53,-12.3099,-44.0051,-12.0493
2909802,-39.2098,-12.7572,-39.0437,-12.6289
2909901,-39.9852,-9.939,-39.2804,-8.5324
2910008,-40.0964,-14.5389,-39.8229,-14.2411
2910057,-38.4061,-12.6937,-38.1329,-12.534
2910107,-41.8619,-14.002,-41.5586,-13.6638
2910206,-39.2235,-12.9818,-39.1204,-12.8482
2910305,-39.6794,-13.0207,-39.4541,-12.8514
2910404,-41.3622,-15.7716,-40.5115,-15.2932
2910503,-38.2745,-12.4041,-37.7612,-11.7999
2910602,-38.1685,-12.2221,-37.6857,-11.6652
2910701,-39.2706,-10.6775,-38.4745,-10.2292
2910727,-39.8643,-16.541,-39.4018,-16.0508
2910750,-38.3017,-10.7179,-38.1324,-10.4543
2910776,-44.4947,-14.2857,-43.9802,-13.6629
2910800,-39.2971,-12.4182,-38.8125,-11.9812
2910859,-40.2903,-10.8599,-40.016,-10.6079
2910909,-39.9777,-15.0262,-39.8642,-14.8108
2911006,-39.8523,-14.9316,-39.6373,-14.7181
2911105,-46.6167,-11.6245,-44.958,-10.1076
2911204,-39.5613,-13.8925,-39.3623,-13.7113
2911253,-39.8876,-11.5917,-39.6192,-11.3947
2911303,-42.9125,-11.7756,-42.2955,-11.0016
2911402,-38.6396,-9.4134,-38.2092,-8.9579
2911501,-39.6964,-14.3687,-39.4387,-14.1835
2911600,-39.1914,-12.6157,-38.9832,-12.5397
2911659,-42.1709,-14.7185,-41.8694,-14.4461
2911709,-43.07,-14.3917,-42.5807,-13.957
2911808,-40.3136,-16.7641,-39.6492,-16.244
2911857,-38.3774,-10.8718,-38.2031,-10.6353
2911907,-40.4883,-13.095,-39.7892,-12.5123
2912004,-42.4299,-14.3769,-42.1861,-14.1703
2912103,-39.6641,-14.9275,-39.4719,-14.7672
2912202,-41.6113,-13.533,-41.1039,-13.2192
2912301,-40.0452,-14.9588,-39.6958,-14.3469
2912400,-42.3618,-11.8134,-41.9065,-11.2497
2912509,-42.5295,-13.0492,-42.1926,-12.6868
2912608,-40.9742,-12.7692,-40.7072,-12.4464
2912707,-39.5147,-14.2433,-39.3284,-13.877
2912806,-40.2529,-17.8562,-39.713,-17.6227
2912905,-39.7128,-14.1175,-39.5843,-13.8576
2913002,-42.6555,-12.7274,-42.018,-12.3822
2913101,-42.045,-11.7578,-41.7573,-11.3775
2913200,-43.385,-12.3473,-42.99,-11.5456
2913309,-39.2391,-11.7728,-39.0641,-11.6339
2913408,-42.9511,-14.0466,-42.5141,-13.6382
2913457,-39.3813,-13.9693,-38.9513,-13.7258
2913507,-40.2283,-14.8086,-39.8715,-14.482
2913606,-39.5489,-15.1202,-38.996,-14.4181
2913705,-38.6305,-11.9679,-38.1944,-11.5002
2913804,-39.4384,-12.4119,-39.2287,-12.1833
2913903,-39.8312,-14.1826,-39.6386,-13.9143
2914000,-40.1393,-12.5201,-39.3965,-11.9045
2914109,-42.7707,-12.0041,-42.1723,-11.7084
2914208,-40.1574,-13.3248,-39.9135,-13.113
2914307,-41.236,-13.85,-40.6548,-13.2266
2914406,-41.858,-12.4132,-41.3552,-12.1097
2914505,-38.8454,-12.171,-38.6465,-11.9413
2914604,-41.9579,-11.4242,-41.7194,-11.2181
2914653,-39.6981,-16.8771,-39.3366,-16.4593
2914703,-40.5743,-12.7918,-39.9286,-12.2523
2914802,-39.4837,-15.0325,-39.2211,-14.6911
2914901,-39.3474,-14.4899,-38.9817,-14.218
2915007,-41.231,-13.2909,-40.7458,-12.898
2915106,-40.0989,-14.2886,-39.9596,-13.9921
2915205,-40.0023,-14.3874,-39.6641,-14.1018
2915304,-39.9361,-16.2847,-39.4924,-15.9685
2915353,-42.5217,-11.2888,-41.8901,-10.1721
2915403,-39.9125,-15.3856,-39.5658,-14.9315
2915502,-39.5332,-14.8103,-39.287,-14.5474
2915601,-40.0805,-17.2416,-39.4475,-16.7302
2915700,-39.7017,-13.8573,-39.5563,-13.6953
2915809,-40.8501,-15.3192,-40.0953,-15.0085
2915908,-38.1818,-12.4451,-37.9413,-12.1625
2916005,-40.5788,-17.329,-40.1185,-16.8763
2916104,-38.7257,-12.9342,-38.5618,-12.8137
2916203,-39.7006,-15.0597,-39.3552,-14.8487
2916302,-39.9519,-16.0656,-39.4613,-15.7427
2916401,-40.3789,-15.5594,-39.7746,-15.0957
2916500,-38.4478,-11.4694,-37.9511,-10.9227
2916609,-39.7341,-14.5605,-39.4868,-14.3687
2916708,-40.003,-13.5781,-39.7857,-13.3242
2916807,-40.2417,-16.0051,-39.7727,-15.3596
2916856,-39.8712,-12.8838,-39.6378,-12.5484
2916906,-40.2344,-13.6731,-40.0721,-13.3342
2917003,-40.0642,-10.9827,-39.6246,-10.3977
2917102,-40.1351,-15.1253,-39.8907,-14.9497
2917201,-41.6077,-14.0917,-41.1938,-13.6603
2917300,-39.3237,-13.8491,-38.9691,-13.6534
2917334,-43.7214,-14.8148,-43.3754,-14.3486
2917359,-46.2655,-14.8277,-44.2247,-13.3958
2917409,-42.625,-14.9593,-42.0456,-14.6092
2917508,-40.9351,-11.3889,-40.0283,-10.7802
2917607,-40.1223,-13.7826,-39.7267,-13.2755
2917706,-40.4131,-10.3624,-39.7949,-9.798
2917805,-39.2896,-13.2594,-38.7527,-12.9158
2917904,-37.842,-11.7717,-37.3408,-11.4419
2918001,-40.5378,-14.2672,-39.7005,-13.6347
2918100,-39.1099,-10.3088,-38.0883,-9.6255
2918209,-39.6478,-13.4828,-39.5067,-13.1716
2918308,-40.0121,-14.0599,-39.7552,-13.8194
2918357,-41.7498,-11.4242,-41.3567,-11.0131
2918407,-40.7712,-9.9067,-39.8611,-9.0539
2918456,-40.404,-17.0828,-39.7665,-16.6717
2918506,-42.0887,-11.1857,-41.6597,-10.7377
2918555,-39.5919,-15.2799,-39.3877,-15.0115
2918605,-41.7742,-13.6737,-41.4132,-13.3248
2918704,-40.5381,-13.7072,-40.1171,-13.4843
2918753,-42.4147,-14.1999,-41.9811,-13.8594
2918803,-39.5484,-13.2953,-39.119,-13.0628
2918902,-40.4887,-17.7355,-40.1204,-17.3906
2919009,-41.2074,-12.5053,-40.685,-12.2416
2919058,-40.4448,-13.6608,-40.1087,-13.2823
2919108,-39.0776,-11.9418,-38.7957,-11.7014
2919157,-41.9645,-11.6689,-41.6215,-11.3586
2919207,-38.3811,-12.901,-38.2769,-12.8011
2919306,-41.4808,-12.6946,-41.1446,-12.149
2919405,-42.5829,-14.8159,-42.3347,-14.399
2919504,-42.3533,-14.1856,-41.7187,-13.5271
2919603,-40.4598,-12.2517,-40.028,-11.9785
2919702,-40.696,-15.8033,-40.1305,-15.2729
2919801,-42.9823,-13.6613,-42.3695,-12.8686
2919900,-39.1296,-9.6445,-38.6803,-8.8705
2919926,-38.6489,-12.7528,-38.5977,-12.7248
2919959,-41.8955,-14.7086,-41.35,-14.4187
2920007,-40.4512,-15.8238,-40.1339,-15.5106
2920106,-40.3706,-11.8452,-39.9079,-11.5654
2920205,-43.8868,-14.7158,-43.3754,-13.5316
2920304,-41.9878,-14.4751,-41.7145,-14.2238
2920403,-40.9832,-14.308,-40.175,-13.8274
2920452,-44.4957,-11.4935,-43.8316,-10.5806
2920502,-40.7779,-13.8906,-40.2764,-13.1758
2920601,-39.0755,-12.954,-38.7978,-12.694
2920700,-39.4463,-14.2766,-38.9276,-13.8715
2920809,-40.9293,-13.3789,-40.3811,-12.9428
2920908,-39.574,-15.8377,-39.2617,-15.4704
2921005,-38.3806,-12.6097,-37.8937,-12.3674
2921054,-43.1378,-13.9762,-42.7251,-13.7237
2921104,-40.6231,-17.4951,-39.9336,-17.2251
2921203,-40.9499,-11.6319,-40.3675,-11.2205
2921302,-39.9045,-13.0027,-39.6318,-12.8586
2921401,-41.2092,-11.0654,-40.4463,-10.6029
2921450,-41.0407,-14.3583,-40.3911,-13.9781
2921500,-39.8059,-10.6775,-39.1322,-9.939
2921609,-43.2917,-11.9954,-42.7474,-11.5456
2921708,-41.6632,-11.9809,-40.7028,-10.8023
2921807,-42.5844,-15.1169,-42.1577,-14.8137
2921906,-41.6953,-13.4255,-41.1847,-12.674
2922003,-40.2651,-18.3489,-39.4923,-17.7304
2922052,-41.6933,-12.1688,-41.3552,-11.8605
2922102,-40.8831,-12.1192,-40.274,-11.6161
2922201,-39.1528,-13.0657,-39.0267,-12.9329
2922250,-43.9424,-12.6911,-43.1883,-11.7321
2922300,-39.1917,-12.6531,-38.963,-12.5859
2922409,-39.6029,-13.4782,-39.4265,-13.1827
2922508,-39.0656,-13.0621,-38.9084,-12.8321
2922607,-39.4712,-13.7297,-38.9642,-13.567
2922656,-39.5909,-11.0195,-39.3268,-10.766
2922706,-40.3361,-15.0391,-40.0233,-14.6569
2922730,-39.7654,-11.7285,-39.5351,-11.5043
2922755,-39.6801,-13.899,-39.4863,-13.7226
2922805,-40.1699,-13.1887,-39.8947,-12.8749
2922854,-41.2876,-12.9775,-40.9718,-12.7588
2922904,-38.8142,-11.4859,-38.375,-11.1411
2923001,-40.0676,-18.0007,-39.2637,-17.7724
2923035,-42.2649,-13.0159,-42.0129,-12.7257
2923050,-38.5474,-10.4534,-38.3449,-10.2793
2923100,-38.4978,-11.5851,-38.2125,-11.2611
2923209,-43.1482,-12.6157,-42.3125,-11.9411
2923308,-38.7263,-12.0583,-38.5597,-11.9383
2923357,-41.4438,-11.0207,-40.8773,-10.6636
2923407,-43.5661,-14.506,-42.9369,-13.8575
2923506,-41.7044,-12.7126,-41.4418,-12.3561
2923605,-42.4682,-13.7023,-42.0273,-13.2718
2923704,-43.3423,-13.1783,-42.8581,-12.1974
2923803,-38.0579,-10.764,-37.8136,-10.4952
2923902,-39.8466,-15.6378,-39.5858,-15.2738
2924009,-38.5117,-9.7205,-37.9976,-9.3529
2924058,-39.7364,-12.0505,-39.4766,-11.7168
2924108,-38.739,-12.1871,-38.5712,-12.0582
2924207,-38.1651,-10.3324,-37.7345,-9.8131
2924306,-42.0944,-13.2857,-41.672,-12.8111
2924405,-43.8843,-10.5997,-42.2282,-9.3084
2924504,-42.8353,-14.657,-42.5025,-14.2934
2924603,-40.4845,-10.8532,-40.2037,-10.5565
2924652,-40.0499,-11.9966,-39.7199,-11.734
2924678,-39.4482,-13.9095,-39.2702,-13.7015
2924702,-41.8312,-15.4017,-41.4635,-14.8642
2924801,-40.847,-11.824,-40.3706,-11.5457
2924900,-40.5117,-13.3438,-40.1037,-13.0238
2925006,-40.6905,-14.9175,-40.3016,-14.4519
2925105,-40.6606,-14.7198,-40.1653,-14.4087
2925204,-38.3907,-12.446,-38.1379,-12.2226
2925253,-40.279,-11.1613,-39.9909,-10.8164
2925303,-39.5758,-16.9527,-39.0055,-16.3393
2925402,-40.0235,-15.893,-39.5253,-15.5556
2925501,-39.6362,-17.4465,-39.1116,-16.8876
2925600,-42.1706,-11.4169,-41.8979,-11.1855
2925709,-41.9241,-14.9173,-41.35,-14.5308
2925758,-39.5782,-13.5956,-39.2946,-13.3261
2925808,-40.0642,-11.3139,-39.4107,-10.7773
2925907,-39.2767,-11.0191,-38.6526,-10.6007
2925931,-40.204,-11.539,-40.0283,-11.2221
2925956,-39.9287,-12.6153,-39.3164,-12.3056
2926004,-42.77,-10.0319,-41.8593,-9.2361
2926103,-39.5366,-11.5618,-39.2834,-11.3633
2926202,-46.0666,-12.0125,-44.6548,-11.3395
2926301,-39.6242,-12.0505,-39.2353,-11.5618
2926400,-43.4714,-13.9958,-42.7251,-13.3235
2926509,-38.5485,-11.1137,-38.2182,-10.7917
2926608,-38.6526,-10.9614,-38.3742,-10.5613
2926657,-40.8555,-15.6775,-40.471,-15.2392
2926707,-41.9659,-13.9457,-41.4923,-13.3109
2926806,-42.2339,-14.5308,-41.888,-14.1485
2926905,-42.3808,-13.3312,-41.899,-12.9644
2927002,-38.0796,-11.7379,-37.7529,-11.4026
2927101,-38.9845,-9.692,-38.4695,-8.7834
2927200,-41.1195,-12.4502,-40.1121,-12.0905
2927309,-38.8214,-12.9646,-38.6968,-12.7982
2927408,-38.6998,-13.0142,-38.2952,-12.7234
2927507,-39.0768,-12.0715,-38.8944,-11.8221
2927606,-38.3725,-9.8791,-37.9757,-9.5831
2927705,-39.4935,-16.396,-38.9485,-16.0518
2927804,-39.8845,-15.0153,-39.6856,-14.7781
2927903,-39.9813,-13.3993,-39.749,-13.1873
2928000,-39.8652,-11.4292,-39.2407,-10.9721
2928059,-39.4741,-15.633,-39.01,-15.3105
2928109,-44.7146,-13.4278,-44.0077,-12.9597
2928208,-44.2794,-13.3206,-43.5859,-12.8105
2928307,-38.9038,-12.0997,-38.7836,-11.7711
2928406,-45.0076,-11.4218,-44.1078,-10.5481
2928505,-39.679,-12.8968,-39.4346,-12.5499
2928604,-38.878,-12.7291,-38.6389,-12.3576
2928703,-39.3361,-13.097,-39.1034,-12.9399
2928802,-39.3936,-12.5499,-39.1271,-12.372
2928901,-46.3307,-13.3479,-44.5773,-12.2902
2928950,-39.6901,-11.5618,-39.4765,-11.3672
2929008,-39.0533,-12.7306,-38.9402,-12.596
2929057,-44.2247,-13.6941,-43.8564,-13.2617
2929107,-39.1611,-12.97,-39.0247,-12.7169
2929206,-38.72,-12.7368,-38.533,-12.5479
2929255,-41.924,-11.2611,-41.4282,-10.8116
2929305,-39.0614,-12.5082,-38.8283,-12.3045
2929354,-39.4131,-15.1034,-39.3291,-15.0156
2929370,-40.0796,-11.529,-39.7615,-11.3139
2929404,-39.5316,-13.1176,-39.2596,-12.9517
2929503,-38.6522,-12.6345,-38.333,-12.4104
2929602,-39.2755,-12.8201,-39.1443,-12.6447
2929701,-38.8142,-11.7541,-38.4283,-11.373
2929750,-38.8462,-12.8498,-38.6902,-12.7168
2929800,-40.4908,-11.0654,-40.2391,-10.7523
2929909,-42.2201,-12.8571,-41.5405,-12.0556
2930006,-43.531,-14.8155,-42.7969,-14.3223
2930105,-40.2536,-10.6374,-39.9467,-10.2671
2930154,-43.991,-13.7778,-43.4298,-13.1691
2930204,-42.4356,-10.8919,-40.9325,-9.3862
2930303,-44.1787,-12.9858,-43.5374,-12.6371
2930402,-39.533,-12.2283,-39.2281,-11.9913
2930501,-39.1612,-11.7603,-38.8141,-11.3971
2930600,-40.3925,-11.6166,-40.1656,-11.334
2930709,-38.4675,-12.8711,-38.3289,-12.6575
2930758,-43.7464,-13.1844,-43.229,-12.5267
2930766,-38.4109,-10.4543,-37.9068,-10.177
2930774,-41.0546,-9.8874,-40.7131,-9.3986
2930808,-42.0488,-12.1793,-41.4444,-11.8134
2930907,-44.3322,-12.769,-43.9414,-12.1778
2931004,-41.3893,-14.3674,-40.978,-13.859
2931053,-42.7239,-13.7001,-42.3487,-13.3594
2931103,-39.1771,-12.0604,-39.0143,-11.8273
2931202,-39.3605,-13.6925,-39.0702,-13.4723
2931301,-40.9787,-12,-40.5835,-11.7736
2931350,-40.0691,-17.6259,-39.6035,-17.2325
2931400,-38.7112,-12.3614,-38.519,-12.1591
2931509,-39.0537,-11.6012,-38.8533,-11.3878
2931608,-39.6684,-13.6696,-39.3482,-13.4702
2931707,-38.7008,-12.496,-38.5291,-12.2883
2931806,-41.6779,-15.4017,-41.2126,-14.7792
2931905,-39.1131,-11.3728,-38.5309,-10.6361
2932002,-39.7949,-10.2487,-39.1328,-9.6025
2932101,-39.8381,-13.5375,-39.5368,-13.0855
2932200,-39.575,-14.3171,-39.2628,-14.2051
2932309,-39.5754,-14.2399,-39.4697,-13.8709
2932408,-42.2394,-11.5547,-41.9781,-11.2446
2932457,-41.5074,-10.8023,-40.8712,-10.3268
2932507,-39.3671,-15.3857,-38.9736,-15.0447
2932606,-42.872,-14.9446,-42.5481,-14.5292
2932705,-39.372,-14.6306,-39.016,-14.4005
2932804,-41.2519,-12.1488,-40.8673,-11.8993
2932903,-39.4889,-13.5956,-38.9215,-13.2045
2933000,-39.6185,-11.485,-39.2834,-11.2985
2933059,-40.2268,-11.7133,-39.9203,-11.4783
2933109,-40.455,-11.6184,-40.2783,-11.3824
2933158,-41.3184,-11.2766,-40.7254,-10.9571
2933174,-39.4666,-13.0664,-39.2839,-12.8924
2933208,-38.8062,-13.1355,-38.6055,-12.9268
2933257,-40.4176,-17.3641,-39.5683,-16.8902
2933307,-41.1846,-15.4782,-40.5521,-14.6664
2933406,-41.2752,-12.3737,-41.061,-12.1124
2933455,-44.1702,-12.2367,-43.6433,-11.3504
2933505,-39.8168,-13.7729,-39.3912,-13.5036
2933604,-43.2857,-11.7306,-42.3132,-10.1721
3100104,-47.6789,-18.5889,-47.2937,-18.1585
3100203,-45.6611,-19.3186,-45.0811,-18.8804
3100302,-42.5601,-20.4401,-42.311,-20.1211
3100401,-43.1691,-20.4558,-43.0235,-20.3408
3100500,-42.6643,-19.2213,-42.205,-18.9239
3100609,-42.4893,-18.2607,-42.0449,-17.7659
3100708,-48.203,-20.148,-47.981,-19.8423
3100807,-45.5374,-21.0779,-45.342,-20.8863
3100906,-41.1957,-17.1738,-40.7692,-16.9003
3101003,-41.7478,-15.9676,-41.3416,-15.4815
3101102,-41.4313,-19.942,-40.9443,-19.3756
3101201,-44.7662,-22.1631,-44.5289,-21.7415
3101300,-44.7728,-22.2393,-44.5601,-22.1272
3101409,-46.6798,-22.2264,-46.5331,-22.1717
3101508,-42.9328,-21.99,-42.594,-21.6642
3101607,-46.1889,-21.5867,-45.8211,-21.1406
3101631,-43.8306,-21.189,-43.6011,-21.0905
3101706,-41.0049,-16.4538,-40.4135,-15.7891
3101805,-42.1268,-19.0716,-41.8916,-18.923
3101904,-46.5296,-20.9899,-46.2398,-20.6648
3102001,-46.3492,-21.3197,-46.0128,-21.1447
3102050,-41.9629,-20.5166,-41.7979,-20.3975
3102100,-43.5814,-21.1672,-43.2309,-20.9292
3102209,-41.8341,-19.5075,-41.5591,-19.256
3102308,-43.3614,-20.2168,-42.928,-20.0039
3102407,-43.5379,-18.8903,-43.23,-18.663
3102506,-42.8721,-20.6062,-42.7239,-20.4519
3102605,-46.723,-22.1894,-46.4258,-21.9261
3102704,-41.7196,-16.1099,-41.2738,-15.8375
3102803,-44.5012,-21.9285,-44.0685,-21.5402
3102852,-42.3755,-17.7898,-42.2117,-17.5952
3102902,-43.8909,-21.586,-43.6304,-21.2698
3103009,-43.0644,-19.7495,-42.665,-19.4071
3103108,-42.2266,-21.0748,-42.0793,-20.9733
3103207,-44.3008,-19.3398,-44.1391,-19.1608
3103306,-43.499,-21.4151,-43.3246,-21.2822
3103405,-42.2564,-17.2121,-41.6265,-16.5779
3103504,-48.668,-18.8921,-47.8719,-18.3234
3103603,-44.2891,-21.9769,-44.1629,-21.8252
3103702,-42.6504,-20.7772,-42.377,-20.5565
3103751,-49.2484,-18.5705,-49.0031,-18.382
3103801,-46.2169,-19.11,-46.0364,-18.9417
3103900,-45.2668,-19.9903,-45.0998,-19.7791
3104007,-47.2339,-19.8361,-46.7391,-19.4317
3104106,-47.0157,-21.4267,-46.8736,-21.2779
3104205,-45.6664,-20.3993,-45.3858,-20.0701
3104304,-46.245,-21.4467,-46.0107,-21.2562
3104403,-42.9201,-21.7108,-42.7463,-21.5441
3104452,-42.6982,-17.9923,-42.4862,-17.7163
3104502,-46.4527,-16.2448,-45.5518,-15.3613
3104601,-42.955,-21.4045,-42.8138,-21.24
3104700,-41.4399,-18.5014,-40.7698,-17.9291
3104809,-44.5041,-18.2519,-43.9439,-17.9495
3104908,-44.9989,-22.2038,-44.6721,-21.8288
3105004,-44.0199,-19.4337,-43.7368,-19.0593
3105103,-46.2277,-20.3563,-45.7598,-19.8919
3105202,-40.733,-16.0122,-40.4198,-15.7153
3105301,-46.4358,-21.7594,-46.3293,-21.6928
3105400,-43.638,-20.0315,-43.3832,-19.7611
3105509,-42.3641,-21.3496,-42.1884,-21.1855
3105608,-44.029,-21.3755,-43.5534,-21.1184
3105707,-43.1836,-20.4126,-42.9481,-20.1662
3105905,-44.013,-21.2298,-43.8965,-21.1218
3106002,-43.1953,-19.8866,-43.0111,-19.7265
3106101,-43.639,-22.0879,-43.3241,-21.855
3106200,-44.062,-20.0593,-43.8569,-19.7756
3106309,-42.5557,-19.3591,-42.3134,-19.1548
3106408,-44.1739,-20.5115,-43.9155,-20.2988
3106507,-42.6445,-17.0891,-42.3647,-16.6704
3106606,-40.6657,-17.1863,-40.4343,-16.7866
3106655,-41.9159,-15.8095,-41.6036,-15.5878
3106705,-44.3174,-20.0515,-44.0665,-19.8312
3106804,-43.8736,-21.7208,-43.6652,-21.5199
3106903,-43.1878,-21.8049,-43.0205,-21.6582
3107000,-45.7009,-18.8757,-45.3547,-18.6561
3107109,-45.9284,-21.2531,-45.3911,-20.8612
3107208,-44.6672,-22.3798,-44.3199,-22.1022
3107307,-44.1118,-17.9261,-43.0677,-16.851
3107406,-45.524,-19.9172,-45.0888,-19.4987
3107505,-44.2568,-22.0755,-43.9773,-21.7968
3107604,-46.6425,-21.0879,-46.4239,-20.9343
3107703,-43.5494,-19.7897,-43.3875,-19.624
3107802,-42.5247,-19.9371,-42.2054,-19.5158
3107901,-46.282,-22.5201,-46.0851,-22.3602
3108008,-44.9792,-21.1816,-44.6193,-20.8484
3108107,-44.3313,-20.4237,-44.114,-20.2168
3108206,-46.5125,-16.7826,-45.91,-16.2609
3108255,-45.3056,-15.485,-44.6261,-14.4628
3108305,-46.2996,-22.374,-46.0384,-22.1356
3108404,-46.5545,-21.758,-46.2783,-21.5415
3108503,-43.206,-17.2242,-42.73,-16.6779
3108552,-46.2141,-17.1938,-45.5029,-16.6901
3108602,-44.7046,-16.5044,-44.2264,-15.9734
3108701,-43.3092,-20.9689,-43.1442,-20.7946
3108800,-42.8104,-19.1669,-42.586,-18.895
3108909,-45.7043,-22.6507,-45.5429,-22.3303
3109006,-44.3504,-20.3183,-43.9651,-20.0534
3109105,-46.46,-22.6019,-46.2519,-22.3741
3109204,-44.4053,-18.1481,-43.7625,-17.555
3109253,-42.3903,-19.4488,-42.2402,-19.2659
3109303,-46.9487,-15.8715,-46.2497,-15.0088
3109402,-45.562,-17.9959,-44.7905,-16.5661
3109451,-47.3523,-16.2205,-46.889,-15.9169
3109501,-46.5237,-21.5894,-46.2097,-21.3775
3109600,-44.5256,-19.5561,-44.4057,-19.4711
3109709,-45.9324,-22.4756,-45.6591,-22.2707
3109808,-49.5486,-18.7006,-49.3729,-18.491
3109907,-44.4906,-19.4137,-44.2995,-19.2673
3110004,-43.7487,-20.0771,-43.5185,-19.6947
3110103,-41.9688,-20.7968,-41.8504,-20.6617
3110202,-42.8314,-20.8257,-42.6792,-20.7446
3110301,-46.5659,-22.0377,-46.1299,-21.7584
3110400,-45.2602,-20.7443,-45.0473,-20.5602
3110509,-46.229,-22.9223,-45.921,-22.6697
3110608,-46.1573,-22.6916,-45.9415,-22.4916
3110707,-45.3636,-21.9485,-45.1422,-21.7664
3110806,-41.8825,-18.4219,-41.5804,-18.1403
3110905,-45.5051,-21.9779,-45.328,-21.6671
3111002,-46.3963,-21.8784,-46.0799,-21.5543
3111101,-50.2158,-19.7712,-49.3008,-19.196
3111150,-44.9721,-16.6512,-44.5863,-16.3811
3111200,-45.4314,-21.067,-45.0725,-20.8158
3111309,-45.9736,-21.1765,-45.6777,-21.0431
3111408,-48.8575,-19.8949,-48.4425,-19.5332
3111507,-46.3259,-19.811,-46.067,-19.4108
3111606,-45.9549,-21.4532,-45.5759,-21.1261
3111705,-42.6993,-20.7583,-42.5579,-20.5818
3111804,-49.4337,-18.9539,-49.0492,-18.5596
3111903,-45.2839,-21.1408,-45.0922,-20.9211
3112000,-45.513,-20.8477,-45.0567,-20.6502
3112059,-42.7082,-18.6014,-42.5966,-18.4162
3112109,-42.0689,-20.5808,-41.8505,-20.4823
3112208,-43.6912,-20.9746,-43.5233,-20.8574
3112307,-42.6973,-17.9291,-42.2764,-17.476
3112406,-47.1424,-20.7937,-46.9005,-20.5278
3112505,-44.2227,-19.6421,-44.1051,-19.5243
3112604,-49.7322,-18.8108,-49.4022,-18.5392
3112653,-41.9489,-19.1262,-41.6839,-18.9731
3112703,-43.8018,-16.416,-43.5212,-15.7825
3112802,-46.3397,-20.717,-45.9646,-20.505
3112901,-42.3222,-20.2829,-42.1937,-20.083
3113008,-41.871,-17.3559,-41.3155,-16.9698
3113107,-43.8211,-20.9516,-43.6189,-20.8356
3113206,-43.9955,-21.1273,-43.6483,-20.8719
3113305,-42.2507,-20.8151,-41.9576,-20.5988
3113404,-42.5199,-19.9383,-41.7792,-19.4404
3113503,-43.2345,-17.7734,-42.8367,-17.2524
3113602,-45.7432,-22.1677,-45.5978,-21.9768
3113701,-41.2154,-18.0127,-40.4891,-17.3294
3113800,-43.2953,-19.1405,-43.0792,-18.9707
3113909,-45.3697,-21.5632,-45.0383,-21.346
3114006,-45.0199,-20.6514,-44.7528,-20.471
3114105,-45.2681,-22.2008,-45.06,-21.9764
3114204,-44.8608,-20.3378,-44.5617,-20.0525
3114303,-46.5298,-19.1172,-45.8572,-18.6373
3114402,-46.3581,-21.1923,-45.887,-20.7976
3114501,-44.7784,-20.7109,-44.5381,-20.4048
3114550,-51.0456,-20.0849,-50.5555,-19.4667
3114600,-44.8021,-21.6426,-44.4388,-21.3091
3114709,-45.8976,-21.8232,-45.7611,-21.7226
3114808,-44.5824,-22.1368,-44.3797,-21.92
3114907,-44.0086,-20.928,-43.8803,-20.7514
3115003,-47.981,-18.6823,-47.7574,-18.449
3115102,-47.068,-20.758,-46.8012,-20.3592
3115201,-44.5802,-21.2568,-44.3892,-21.0408
3115300,-42.8025,-21.4606,-42.5029,-21.2037
3115359,-43.52,-20.1433,-43.3118,-19.9925
3115409,-43.5691,-20.74,-43.4328,-20.5948
3115458,-41.6564,-17.4987,-41.3475,-17.2317
3115474,-43.2469,-15.4499,-42.9399,-15.2326
3115508,-45.0084,-22.0825,-44.8986,-21.9032
3115607,-45.7838,-19.2295,-45.5817,-18.9864
3115706,-41.3954,-18.8676,-41.2002,-18.685
3115805,-49.2921,-18.7893,-49.0393,-18.5224
3115904,-43.2954,-21.77,-43.1333,-21.6095
3116001,-41.7507,-20.1051,-41.5478,-19.941
3116100,-42.6807,-17.3657,-42.096,-16.9465
3116159,-45.7855,-15.9005,-45.0941,-15.0138
3116209,-43.1537,-22.1092,-42.8759,-21.8511
3116308,-43.4703,-20.9786,-43.2722,-20.8515
3116407,-47.2978,-20.4687,-47.1833,-20.227
3116506,-44.3505,-17.2972,-44.1072,-16.8198
3116605,-44.9172,-20.5558,-44.6283,-20.2488
3116704,-42.8882,-20.8821,-42.7024,-20.8029
3116803,-42.9453,-18.3797,-42.724,-18.0937
3116902,-49.3733,-19.8065,-48.8214,-19.5357
3117009,-41.9319,-16.4254,-41.6111,-16.1493
3117108,-46.3567,-21.1972,-46.0655,-20.9974
3117207,-45.5098,-22.1954,-45.3249,-22.092
3117306,-48.5664,-20.1433,-48.1259,-19.7371
3117405,-41.8415,-19.9987,-41.5748,-19.8034
3117504,-43.8691,-19.2543,-43.0993,-18.6102
3117603,-44.9902,-19.8908,-44.7733,-19.6883
3117702,-45.2203,-22.0132,-44.9754,-21.7713
3117801,-45.8998,-22.5086,-45.6789,-22.3747
3117836,-44.8435,-15.4585,-44.3358,-14.6195
3117876,-44.0067,-19.6889,-43.9344,-19.5983
3117900,-46.1166,-22.2315,-45.9596,-22.0357
3118007,-43.9857,-20.6186,-43.7032,-20.417
3118106,-43.8425,-19.077,-43.6025,-18.6957
3118205,-47.7687,-20.0488,-47.4808,-19.6707
3118304,-43.9301,-20.8006,-43.679,-20.538
3118403,-41.7043,-19.4946,-41.1343,-18.8541
3118502,-45.9593,-22.603,-45.8711,-22.4618
3118601,-44.162,-19.9834,-44.0054,-19.7988
3118700,-45.5309,-21.2919,-45.3048,-21.0653
3118809,-44.8532,-16.8821,-43.9686,-16.3494
3118908,-44.4086,-19.2429,-44.0117,-18.9446
3119005,-45.7497,-21.8619,-45.555,-21.678
3119104,-44.8686,-18.6779,-44.3076,-17.9468
3119203,-42.4582,-18.7433,-42.0497,-18.5121
3119302,-47.4349,-18.762,-46.7979,-17.9247
3119401,-42.7921,-19.5369,-42.5687,-19.3433
3119500,-42.3848,-16.767,-42.0189,-16.4375
3119609,-43.3609,-21.6641,-43.2141,-21.54
3119708,-44.2789,-21.0942,-44.1221,-20.9506
3119807,-46.1325,-19.9155,-45.7972,-19.6061
3119906,-46.0642,-22.6995,-45.9316,-22.5518
3119955,-45.5886,-20.5204,-45.4837,-20.3789
3120003,-42.5527,-19.9094,-42.3349,-19.7597
3120102,-43.5618,-18.325,-43.2586,-17.8277
3120151,-41.2083,-17.3799,-40.7421,-17.1077
3120201,-45.7342,-20.9404,-45.3896,-20.6857
3120300,-43.0051,-16.8736,-42.6005,-16.5439
3120409,-43.8979,-20.8951,-43.7314,-20.7721
3120508,-45.393,-22.311,-45.1644,-22.114
3120607,-44.4436,-20.4972,-44.2778,-20.3217
3120706,-46.7762,-19.0507,-46.5671,-18.8724
3120805,-44.8966,-21.9095,-44.6764,-21.5859
3120839,-41.2375,-19.0867,-41.0165,-18.8842
3120870,-41.9171,-15.979,-41.5812,-15.7358
3120904,-44.7983,-19.2324,-44.0738,-18.2761
3121001,-43.7363,-18.6545,-43.5701,-18.299
3121100,-45.421,-22.6529,-45.1641,-22.3692
3121209,-47.1174,-20.5667,-46.4622,-20.1701
3121258,-47.863,-19.9956,-47.7499,-19.8634
3121308,-43.0642,-21.5259,-42.8763,-21.3657
3121407,-44.422,-20.757,-44.1282,-20.5149
3121506,-43.6084,-21.204,-43.4176,-21.0648
3121605,-44.0883,-18.4472,-43.2173,-17.3793
3121704,-43.2915,-20.5478,-43.0516,-20.4247
3121803,-42.8654,-19.916,-42.4744,-19.7522
3121902,-43.0695,-21.0593,-42.9225,-20.9267
3122009,-42.3587,-20.6905,-42.0642,-20.4669
3122108,-41.5957,-18.8178,-41.3739,-18.5815
3122207,-42.6526,-18.8766,-42.4751,-18.7254
3122306,-45.1222,-20.3089,-44.7504,-19.9177
3122355,-41.4279,-15.8003,-41.3274,-15.6245
3122405,-46.3586,-21.5909,-46.1415,-21.4412
3122454,-41.15,-15.8662,-40.7407,-15.6455
3122470,-46.4718,-16.9399,-46.1393,-16.543
3122504,-42.1427,-19.4433,-42.0288,-19.3444
3122603,-43.3743,-19.0982,-43.1563,-18.7669
3122702,-43.0601,-20.2078,-42.8655,-20.0325
3122801,-45.2434,-22.2879,-45.0647,-22.1752
3122900,-42.8395,-21.3879,-42.7657,-21.2606
3123007,-44.0629,-21.1618,-43.9268,-21.0403
3123106,-43.0919,-19.1602,-42.7478,-18.907
3123205,-45.7466,-19.7059,-45.3249,-19.2957
3123304,-43.2564,-21.1218,-43.0834,-20.9249
3123403,-45.9764,-20.3517,-45.8004,-20.2172
3123502,-47.7696,-18.5355,-47.4524,-18.3526
3123528,-41.8875,-20.2593,-41.7272,-20.0424
3123601,-45.7237,-21.7604,-45.4469,-21.4467
3123700,-42.1169,-19.2563,-41.9342,-18.9863
3123809,-44.1616,-17.4502,-43.833,-17.1469
3123858,-42.2853,-19.7282,-42.1859,-19.5808
3123908,-44.265,-20.8093,-43.944,-20.5947
3124005,-42.7301,-20.9859,-42.4788,-20.7518
3124104,-44.5108,-19.9456,-44.1331,-19.5767
3124203,-42.0871,-20.6951,-41.799,-20.4768
3124302,-43.4847,-15.1603,-42.5149,-14.6492
3124401,-46.0721,-22.1281,-45.8894,-21.8695
3124500,-46.1189,-22.5496,-45.9183,-22.3604
3124609,-42.5593,-21.7863,-42.3779,-21.6334
3124708,-45.9475,-19.7184,-45.6371,-19.4304
3124807,-47.8945,-18.9416,-47.5768,-18.5309
3124906,-42.3027,-21.1421,-42.1185,-20.8538
3125002,-43.6465,-21.6403,-43.4728,-21.512
3125101,-46.3837,-22.9042,-46.1674,-22.7184
3125200,-45.8693,-21.5322,-45.7645,-21.3936
3125309,-42.1724,-20.8444,-41.9249,-20.7308
3125408,-43.3221,-18.2748,-43.137,-18.0188
3125507,-43.4492,-18.2393,-43.2803,-17.9371
3125606,-40.8918,-16.8448,-40.5796,-16.4812
3125705,-45.2459,-18.8847,-44.6475,-18.5006
3125804,-42.178,-19.1885,-42.0224,-19.0236
3125903,-43.1687,-19.4351,-42.7262,-19.0597
3125952,-42.4812,-20.7775,-42.2164,-20.5697
3126000,-44.5418,-19.956,-44.3385,-19.7627
3126109,-45.8324,-20.7363,-45.2509,-20.3123
3126208,-46.5655,-15.4406,-45.5948,-14.7026
3126307,-46.8746,-20.976,-46.6683,-20.8033
3126406,-44.5873,-19.6435,-44.4014,-19.4269
3126505,-42.4331,-17.1194,-42.1526,-16.8535
3126604,-44.4722,-17.7061,-44.0842,-17.1569
3126703,-43.7626,-16.8162,-43.132,-16.0732
3126752,-42.1502,-18.1483,-41.7932,-17.8475
3126802,-41.6615,-18.2815,-41.3641,-17.994
3126901,-42.0482,-18.6659,-41.694,-18.3779
3126950,-42.831,-18.2138,-42.6743,-18.0801
3127008,-49.2655,-20.3142,-49.067,-20.1236
3127057,-40.9658,-16.9771,-40.7073,-16.806
3127073,-42.706,-16.3072,-42.3421,-15.9527
3127107,-49.3081,-20.4414,-48.7288,-19.7764
3127206,-44.165,-19.4482,-43.9747,-19.2713
3127305,-41.7126,-19.0351,-41.3413,-18.7424
3127339,-43.5394,-15.1872,-42.9848,-14.7775
3127354,-43.7026,-16.9888,-43.5659,-16.8091
3127370,-41.287,-19.1219,-41.1581,-18.9588
3127388,-43.265,-21.6339,-43.1023,-21.4918
3127404,-45.9509,-22.7562,-45.6935,-22.6068
3127503,-42.5794,-18.9622,-42.3908,-18.775
3127602,-44.0741,-18.6792,-43.6615,-18.3332
3127701,-42.3401,-19.0386,-41.5401,-18.5502
3127800,-43.4954,-16.815,-42.4538,-16.1324
3127909,-47.8644,-18.5752,-47.6603,-18.3997
3128006,-43.063,-19.0965,-42.5419,-18.6149
3128105,-46.1739,-20.898,-45.6733,-20.5889
3128204,-43.1575,-20.6776,-42.8813,-20.4492
3128253,-43.72,-17.2076,-43.4876,-16.9275
3128303,-46.8996,-21.4062,-46.7133,-21.1509
3128402,-43.1846,-21.4418,-42.9245,-21.2896
3128501,-43.0765,-21.827,-42.9555,-21.6986
3128600,-47.3726,-18.0423,-46.8582,-17.4619
3128709,-46.7659,-21.4044,-46.6007,-21.1767
3128808,-42.8629,-21.2716,-42.7068,-21.0928
3128907,-46.8664,-18.9426,-46.6209,-18.6505
3129004,-42.7908,-21.1421,-42.6114,-20.8913
3129103,-50.1283,-19.3297,-49.5964,-18.7863
3129202,-45.6403,-22.1028,-45.4518,-21.9873
3129301,-42.3375,-19.5464,-42.1517,-19.1556
3129400,-44.0893,-21.5438,-43.8116,-21.3532
3129509,-46.8889,-19.9249,-46.2664,-19.2857
3129608,-45.0158,-16.9912,-44.6083,-16.673
3129657,-44.2783,-15.8289,-44.0289,-15.4745
3129707,-47.259,-20.5606,-46.9591,-20.2187
3129806,-44.1305,-20.0789,-44.0099,-19.9663
3129905,-46.4544,-22.122,-46.347,-22.0104
3130002,-44.88,-21.236,-44.6891,-21.1049
3130051,-45.079,-16.383,-44.6574,-16.0721
3130101,-44.3758,-20.1211,-44.2702,-19.9924
3130200,-44.8178,-20.085,-44.612,-19.8664
3130309,-45.8896,-20.3036,-45.6293,-19.9654
3130408,-44.9924,-21.2406,-44.8617,-21.1097
3130507,-45.9463,-21.0359,-45.6792,-20.835
3130556,-42.0531,-19.7356,-41.8891,-19.5371
3130606,-46.3616,-22.4231,-46.2107,-22.2672
3130655,-42.3225,-15.7481,-41.9314,-15.3811
3130705,-48.0629,-19.1067,-47.6667,-18.8264
3130804,-45.0867,-21.5219,-44.8071,-21.3267
3130903,-42.2448,-19.6235,-41.652,-19.3434
3131000,-44.5419,-19.5923,-44.3071,-19.4069
3131109,-44.3925,-18.9292,-44.1444,-18.5823
3131158,-42.4318,-19.4679,-42.2796,-19.3271
3131208,-41.8432,-19.9324,-41.6531,-19.5773
3131307,-42.706,-19.5215,-42.4952,-19.3686
3131406,-50.0796,-18.8147,-49.7911,-18.599
3131505,-46.2551,-22.1512,-46.0449,-21.8577
3131604,-47.599,-19.1397,-47.3246,-18.9569
3131703,-43.5435,-19.7882,-43.0549,-19.4183
3131802,-41.3197,-18.6607,-41.1588,-18.4388
3131901,-43.9764,-20.3934,-43.6151,-20.1249
3132008,-43.5673,-17.1795,-43.1198,-16.6419
3132107,-44.4869,-15.5201,-43.9249,-14.9071
3132206,-44.659,-20.4863,-44.407,-20.2554
3132305,-41.7679,-17.6019,-41.5638,-17.233
3132404,-45.5301,-22.5325,-45.262,-22.3387
3132503,-43.1585,-18.1531,-42.5859,-17.5427
3132602,-42.9127,-21.4846,-42.7543,-21.3479
3132701,-42.091,-18.4584,-41.5675,-17.8949
3132800,-43.5215,-19.5109,-43.1922,-19.3095
3132909,-47.1477,-21.1556,-46.9354,-20.9973
3133006,-44.8971,-22.3933,-44.5976,-22.1851
3133105,-45.0191,-22.4048,-44.8036,-22.2515
3133204,-42.0058,-19.2728,-41.6339,-19.0211
3133303,-41.6814,-16.7294,-41.355,-16.4251
3133402,-49.7524,-19.9863,-49.1398,-19.5251
3133501,-45.3219,-20.6512,-44.8828,-20.2589
3133600,-46.308,-22.8066,-46.1243,-22.6078
3133709,-44.5739,-20.2927,-44.3376,-20.1193
3133758,-46.8489,-20.8411,-46.6952,-20.6289
3133808,-44.7178,-20.2246,-44.4452,-19.9355
3133907,-43.7107,-20.7718,-43.4918,-20.5841
3134004,-42.1052,-16.8655,-41.6043,-16.339
3134103,-41.2954,-19.494,-40.9073,-19.2507
3134202,-49.871,-19.3611,-49.1781,-18.6093
3134301,-44.9072,-21.3938,-44.7504,-21.1671
3134400,-50.6912,-19.8779,-50.0828,-19.5505
3134509,-44.8202,-21.4779,-44.5975,-21.2044
3134608,-43.9598,-19.6132,-43.4786,-19.2311
3134707,-40.4987,-16.4615,-40.1361,-15.9285
3134806,-46.8947,-21.1575,-46.6124,-20.8909
3134905,-46.7228,-22.3867,-46.4806,-22.1835
3135001,-42.8077,-19.7128,-42.6238,-19.539
3135050,-44.072,-15.5326,-43.3093,-14.9683
3135076,-41.9443,-18.6121,-41.5735,-18.3429
3135100,-43.6336,-16.1342,-43.2042,-15.3011
3135209,-45.621,-15.8093,-44.0995,-14.8315
3135308,-45.6276,-20.2059,-45.4393,-20.0613
3135357,-44.4398,-16.0809,-44.2023,-15.7848
3135407,-44.1801,-20.625,-43.9053,-20.484
3135456,-42.347,-17.3165,-42.0785,-17.0595
3135506,-42.765,-20.6084,-42.486,-20.3416
3135605,-44.6874,-17.4565,-44.2679,-16.9456
3135704,-44.1625,-19.3359,-43.8359,-19.0782
3135803,-41.4718,-16.7477,-40.6447,-16.0566
3135902,-45.3706,-22.0996,-45.2003,-21.91
3136009,-41.2917,-17.0503,-40.6862,-16.5476
3136108,-42.7972,-19.3548,-42.6216,-19.0963
3136207,-43.224,-19.896,-43.0899,-19.7876
3136306,-46.5641,-18.328,-45.3821,-16.9624
3136405,-44.303,-17.8663,-43.9562,-17.4285
3136504,-40.5188,-15.9944,-40.1101,-15.7528
3136520,-42.761,-17.0445,-42.5385,-16.7554
3136553,-42.5813,-18.3563,-42.3949,-18.1596
3136579,-42.6752,-16.6626,-42.4,-16.3791
3136603,-43.6339,-19.7622,-43.5276,-19.4842
3136652,-44.4387,-20.0052,-44.2702,-19.905
3136702,-43.6858,-21.9991,-43.1472,-21.5205
3136801,-43.6984,-16.9936,-43.4344,-16.7106
3136900,-46.6251,-21.3068,-46.4028,-21.1518
3136959,-44.3746,-14.5662,-43.7828,-14.2572
3137007,-42.0471,-17.7706,-41.6281,-17.4432
3137106,-46.9523,-18.3202,-46.5406,-17.7357
3137205,-45.6168,-20.1518,-45.3666,-19.8466
3137304,-44.8396,-17.1686,-44.4807,-16.8562
3137403,-44.2022,-21.0235,-43.9227,-20.7646
3137502,-46.5423,-18.8975,-46.0575,-18.6242
3137536,-46.6784,-17.9895,-46.3205,-17.4879
3137601,-43.9853,-19.7165,-43.7923,-19.5351
3137700,-41.7564,-20.2069,-41.4107,-20.033
3137809,-45.4899,-22.0817,-45.2626,-21.9084
3137908,-43.5622,-20.8367,-43.4074,-20.7161
3138005,-42.5364,-21.4492,-42.3774,-21.2549
3138104,-45.1275,-18.1523,-44.275,-17.6004
3138203,-45.1806,-21.4021,-44.8642,-21.1254
3138302,-45.138,-19.8051,-44.9448,-19.5297
3138351,-42.8257,-17.1836,-42.627,-16.9435
3138401,-42.91,-21.7055,-42.41,-21.384
3138500,-44.4382,-22.1558,-44.2273,-21.8614
3138609,-44.1018,-21.9653,-43.6304,-21.6348
3138625,-50.8755,-19.6293,-50.4552,-19.2098
3138658,-44.3721,-15.939,-44.1696,-15.7438
3138674,-42.1365,-20.5095,-42.0061,-20.3606
3138682,-44.7201,-16.3365,-44.4861,-16.0468
3138708,-45.0657,-21.6423,-44.7397,-21.405
3138807,-45.9284,-20.0741,-45.4756,-19.6541
3138906,-40.8079,-17.2126,-40.6129,-16.9588
3139003,-46.116,-21.8232,-45.6924,-21.531
3139102,-44.4818,-21.6129,-44.1997,-21.3703
3139201,-42.281,-18.0151,-41.9091,-17.6981
3139250,-43.0391,-15.141,-42.851,-14.8928
3139300,-44.3979,-14.983,-43.819,-14.3616
3139409,-42.2168,-20.3765,-41.9539,-19.9899
3139508,-42.046,-20.4101,-41.8224,-20.288
3139607,-41.2647,-18.8418,-40.9155,-18.5229
3139706,-44.7948,-19.6133,-44.5428,-19.4138
3139805,-43.1527,-21.9975,-42.8816,-21.7314
3139904,-45.4502,-22.3788,-45.1523,-22.2566
3140001,-43.5351,-20.5502,-43.121,-20.1217
3140100,-42.1476,-18.5826,-41.9722,-18.4148
3140159,-44.2139,-20.1024,-44.1226,-20.0455
3140209,-43.0294,-21.7429,-42.8979,-21.65
3140308,-42.8113,-19.8089,-42.4769,-19.5547
3140407,-45.2461,-22.5303,-45.0984,-22.4005
3140506,-45.4142,-19.5859,-44.9912,-19.199
3140530,-41.9031,-20.3106,-41.7744,-20.1975
3140555,-40.8173,-15.8873,-40.5959,-15.6478
3140605,-43.1696,-18.5693,-42.8731,-18.3638
3140704,-44.5418,-20.1474,-44.343,-19.9158
3140803,-43.3941,-21.9299,-43.2137,-21.8093
3140852,-44.0207,-15.1072,-43.4952,-14.5617
3140902,-42.4162,-20.4163,-42.1959,-20.2017
3141009,-43.042,-15.61,-42.7439,-15.304
3141108,-44.1994,-19.6649,-43.9294,-19.3963
3141207,-46.1141,-19.2904,-45.8378,-19.0771
3141306,-46.6347,-20.1844,-46.1127,-19.8567
3141405,-41.7232,-16.5779,-41.277,-16.0468
3141504,-41.4896,-18.7159,-41.2471,-18.4953
3141603,-43.4535,-21.2966,-43.2393,-21.058
3141702,-42.6974,-19.3818,-42.5162,-19.1172
3141801,-42.6976,-17.6138,-42.0855,-17.098
3141900,-44.7034,-21.774,-44.4939,-21.5754
3142007,-44.3085,-16.4242,-43.9801,-16.092
3142106,-42.5148,-20.9577,-42.2598,-20.7487
3142205,-42.7522,-21.2447,-42.5019,-21.0439
3142254,-44.5465,-14.9071,-44.2828,-14.5965
3142304,-44.0876,-20.4052,-43.9276,-20.2545
3142403,-45.5083,-19.9347,-45.2898,-19.7545
3142502,-44.1979,-18.5706,-43.815,-18.2152
3142601,-45.5794,-21.8133,-45.3793,-21.6483
3142700,-44.7516,-14.7048,-44.1726,-14.2327
3142809,-49.2645,-19.1018,-48.5196,-18.5244
3142908,-43.2706,-15.3676,-42.7615,-15.0357
3143005,-46.4462,-21.4325,-46.202,-21.1795
3143104,-47.7256,-18.9783,-47.2681,-18.453
3143153,-41.3702,-17.016,-41.1399,-16.7477
3143203,-47.1232,-21.3576,-46.7857,-21.0547
3143302,-44.2107,-17.1469,-43.6661,-16.0834
3143401,-46.6678,-22.5223,-46.4196,-22.3336
3143450,-42.6569,-15.4293,-42.2554,-14.9826
3143500,-45.6471,-18.9156,-45.1625,-18.2112
3143609,-44.822,-18.7361,-44.4478,-18.4704
3143708,-43.537,-19.3376,-43.2726,-19.0987
3143807,-46.4242,-22.6935,-46.1584,-22.5768
3143906,-42.5662,-21.3072,-42.2527,-20.8651
3144003,-41.648,-20.2062,-41.2737,-19.6585
3144102,-46.6483,-21.512,-46.4012,-21.235
3144201,-42.2773,-18.5872,-42.0924,-18.3833
3144300,-40.7981,-18.0234,-40.2123,-17.4463
3144359,-42.4043,-19.2404,-42.242,-19.1131
3144375,-46.5894,-16.707,-46.3732,-16.3717
3144409,-45.6224,-22.2169,-45.3579,-22.0712
3144508,-44.7328,-21.3462,-44.4952,-21.0801
3144607,-45.3993,-21.3768,-45.144,-21.045
3144656,-41.8852,-15.528,-41.3622,-15.1006
3144672,-41.1883,-18.5396,-41.0155,-18.4388
3144706,-43.1107,-19.8314,-42.9072,-19.5597
3144805,-44.0018,-20.2246,-43.7831,-19.9261
3144904,-41.6354,-18.5815,-41.4137,-18.2967
3145000,-47.8518,-19.5725,-47.5698,-18.9234
3145059,-43.3165,-15.8309,-43.2327,-15.6107
3145109,-46.5529,-21.2017,-46.2864,-20.9621
3145208,-45.1254,-19.9426,-44.8695,-19.7754
3145307,-42.2113,-17.6558,-41.7326,-17.0733
3145356,-41.3515,-17.4483,-41.0707,-17.033
3145372,-42.5294,-16.1087,-42.2918,-15.8967
3145406,-44.0892,-21.9741,-43.8647,-21.8444
3145455,-43.8165,-17.8866,-43.2807,-17.2058
3145505,-45.3394,-22.132,-45.2362,-22.0374
3145604,-44.9413,-20.903,-44.4485,-20.6042
3145703,-43.6299,-21.3775,-43.4234,-21.2809
3145802,-44.8376,-19.7925,-44.6369,-19.6039
3145851,-42.8407,-20.5126,-42.7443,-20.3601
3145877,-42.2771,-20.592,-42.1557,-20.4311
3145901,-43.7996,-20.6225,-43.5748,-20.4301
3146008,-46.5284,-22.3996,-46.222,-22.1342
3146107,-43.9326,-20.6323,-43.4033,-20.1607
3146206,-41.3779,-18.1138,-41.2172,-17.9494
3146255,-42.7232,-16.462,-42.4701,-16.1606
3146305,-41.6843,-17.207,-41.385,-16.9141
3146404,-45.716,-19.0182,-45.1871,-18.7899
3146503,-45.8367,-20.509,-45.5696,-20.2878
3146552,-43.3317,-15.6188,-42.9124,-15.0825
3146602,-43.477,-21.3361,-43.3725,-21.2485
3146701,-42.4324,-21.5825,-42.229,-21.3001
3146750,-40.4841,-16.9083,-40.2465,-16.6466
3146909,-44.8777,-19.5424,-44.5251,-19.2009
3147006,-47.5407,-17.6206,-46.202,-16.5959
3147105,-44.7886,-19.9876,-44.434,-19.7036
3147204,-45.8644,-21.7154,-45.6565,-21.423
3147303,-45.9634,-22.6947,-45.6783,-22.4654
3147402,-44.6622,-19.4296,-44.2411,-19.129
3147501,-43.2589,-19.4019,-43.1027,-19.3173
3147600,-45.103,-22.4898,-44.8072,-22.3162
3147709,-44.6006,-20.7864,-44.3571,-20.514
3147808,-44.36,-22.2679,-44.1798,-22.0698
3147907,-46.8627,-20.9925,-46.3789,-20.4622
3147956,-44.2369,-16.2069,-43.9692,-15.9705
3148004,-47.0051,-19.0129,-45.8276,-18.2575
3148103,-47.3909,-19.2776,-46.7507,-18.6928
3148202,-42.3365,-21.2245,-42.1752,-21.1188
3148301,-43.0825,-20.9857,-42.8827,-20.755
3148400,-42.9316,-18.5671,-42.8004,-18.3409
3148509,-41.2573,-17.6071,-40.9181,-17.3218
3148608,-42.7202,-18.7434,-42.3521,-18.3321
3148707,-41.4587,-16.1714,-40.9073,-15.7367
3148756,-42.4337,-20.589,-42.3144,-20.3494
3148806,-42.8077,-20.6697,-42.6335,-20.5188
3148905,-45.3517,-20.397,-45.113,-20.181
3149002,-42.2115,-20.8692,-42.097,-20.7852
3149101,-45.5572,-22.3268,-45.3639,-22.1679
3149150,-44.6821,-15.904,-44.0293,-15.261
3149200,-47.6465,-19.2839,-47.3872,-19.0968
3149309,-44.1962,-19.7732,-43.9157,-19.485
3149408,-43.7897,-21.8046,-43.6582,-21.6588
3149507,-43.189,-21.8994,-43.0607,-21.7512
3149606,-44.7253,-19.7121,-44.5458,-19.5257
3149705,-45.1513,-20.0137,-44.9554,-19.8286
3149804,-47.4645,-19.7382,-46.8364,-19.119
3149903,-45.1897,-21.1876,-44.9377,-20.94
3149952,-42.3559,-19.1713,-42.1329,-18.982
3150000,-41.6901,-18.4327,-41.4182,-18.2404
3150109,-43.4193,-21.5876,-43.202,-21.4317
3150158,-42.0972,-19.8373,-41.991,-19.6853
3150208,-42.7814,-20.2899,-42.6638,-20.1892
3150307,-44.2829,-21.5897,-44.0494,-21.384
3150406,-44.3516,-20.5856,-44.1446,-20.3842
3150505,-45.9678,-20.669,-45.7133,-20.3578
3150539,-42.4834,-19.7776,-42.3625,-19.7073
3150570,-45.439,-16.2739,-45.0426,-15.8428
3150604,-44.5445,-20.6147,-44.3003,-20.4246
3150703,-48.7778,-20.0407,-48.5441,-19.8446
3150802,-43.4582,-20.7559,-43.1371,-20.4945
3150901,-45.585,-22.6564,-45.4196,-22.4603
3151008,-45.6755,-22.4834,-45.5111,-22.2739
3151107,-42.4351,-21.753,-42.2649,-21.5755
3151206,-44.9871,-17.5558,-44.7441,-17.2024
3151305,-43.119,-21.3224,-42.9275,-21.2016
3151404,-45.0133,-19.7351,-44.7488,-19.442
3151503,-46.2926,-20.5889,-45.8255,-20.3294
3151602,-48.7435,-20.1668,-48.5283,-19.9725
3151701,-46.1455,-21.9242,-45.849,-21.695
3151800,-46.6905,-21.9951,-46.3981,-21.645
3151909,-41.7512,-19.6955,-41.3631,-19.4142
3152006,-45.1871,-19.4867,-44.6703,-18.8057
3152105,-43.0409,-20.5673,-42.7859,-20.2727
3152131,-45.1197,-16.7586,-44.7967,-16.4518
3152170,-41.7602,-17.0615,-41.2718,-16.6221
3152204,-43.3156,-16.1682,-42.769,-15.2973
3152303,-43.1871,-20.7712,-42.9652,-20.5618
3152402,-41.9957,-17.9394,-41.6008,-17.6717
3152501,-46.064,-22.4147,-45.8168,-22.1097
3152600,-45.0495,-22.2776,-44.8173,-22.0761
3152709,-44.1458,-21.247,-43.9644,-20.9861
3152808,-49.4256,-19.6187,-48.3923,-18.933
3152907,-46.9632,-20.8857,-46.7469,-20.6809
3153004,-46.5758,-19.8853,-46.2192,-19.642
3153103,-43.2814,-20.8478,-43.0336,-20.7077
3153202,-44.2228,-18.9202,-43.9352,-18.5065
3153301,-43.6789,-18.7159,-43.4863,-18.5333
3153400,-46.7617,-18.596,-46.0027,-17.7282
3153509,-42.0632,-20.5062,-41.8361,-20.3708
3153608,-44.1832,-19.5386,-44.0368,-19.398
3153707,-45.8519,-19.362,-45.3199,-19.1575
3153806,-43.9713,-20.8037,-43.8022,-20.6579
3153905,-43.8407,-20.0289,-43.7228,-19.9274
3154002,-42.552,-20.1956,-42.1598,-19.8426
3154101,-42.5586,-21.6024,-42.3458,-21.4357
3154150,-42.0055,-20.3133,-41.8739,-20.1542
3154200,-44.458,-21.0163,-44.139,-20.7112
3154309,-41.3694,-19.3782,-40.9223,-19.0556
3154408,-43.9099,-21.1513,-43.6282,-21.0158
3154457,-46.2779,-16.5303,-45.6524,-16.0158
3154507,-43.2699,-16.2881,-42.7028,-15.7975
3154606,-44.1642,-19.8451,-43.9753,-19.7088
3154705,-45.1307,-21.1965,-45.0374,-21.1202
3154804,-43.8736,-20.1979,-43.659,-20.0001
3154903,-42.7844,-20.276,-42.5305,-19.9862
3155009,-42.9765,-20.2807,-42.8083,-20.1395
3155108,-40.6788,-16.8414,-40.4343,-16.5295
3155207,-43.6191,-20.9406,-43.3716,-20.7773
3155306,-44.4474,-20.3521,-44.2588,-20.1595
3155405,-43.2636,-21.5707,-43.0419,-21.3916
3155504,-46.5408,-19.447,-46.0811,-19.0447
3155603,-42.8145,-16.1566,-42.1946,-15.3934
3155702,-43.2907,-20.0644,-43.0231,-19.8578
3155801,-43.273,-21.3522,-43.0751,-21.1157
3155900,-44.0045,-22.1462,-43.7083,-21.9536
3156007,-43.2747,-18.4293,-42.8644,-18.0681
3156106,-44.4926,-21.0953,-44.2569,-20.8628
3156205,-43.0919,-21.696,-42.9783,-21.5851
3156304,-42.8997,-21.2701,-42.7997,-21.1569
3156403,-47.6697,-19.0163,-47.4271,-18.7981
3156452,-42.5822,-21.0439,-42.4233,-20.9212
3156502,-42.4924,-16.4962,-41.8925,-16.2278
3156601,-40.6752,-16.6889,-40.3508,-16.1929
3156700,-43.9087,-19.9669,-43.6732,-19.7246
3156809,-43.2473,-18.8634,-42.8504,-18.4356
3156908,-47.634,-20.2868,-46.8108,-19.425
3157005,-42.4246,-16.3219,-41.8422,-15.8498
3157104,-40.2291,-16.3476,-39.8565,-15.8966
3157203,-43.6956,-20.2182,-43.2091,-19.8893
3157252,-42.1766,-20.0184,-42.0224,-19.8842
3157278,-43.857,-22.0899,-43.5771,-21.8331
3157302,-43.6026,-21.3208,-43.4423,-21.1665
3157336,-44.2328,-21.1277,-44.1991,-21.1144
3157377,-41.9347,-16.1854,-41.6156,-15.9069
3157401,-42.9194,-20.3363,-42.7076,-20.1207
3157500,-42.4669,-18.9273,-42.3271,-18.7977
3157609,-46.0164,-16.964,-45.1008,-16.5035
3157658,-40.7453,-17.0375,-40.5676,-16.784
3157708,-47.6558,-19.5625,-47.3542,-19.197
3157807,-43.9478,-19.8484,-43.7543,-19.6062
3157906,-42.3467,-20.5544,-42.1795,-20.3219
3158003,-43.2329,-19.5785,-42.8967,-19.2844
3158102,-40.218,-16.4638,-40.0171,-16.127
3158201,-42.4724,-18.4102,-42.1249,-18.0036
3158300,-45.6102,-21.3202,-45.3777,-21.1989
3158409,-42.6304,-21.3549,-42.463,-21.2015
3158508,-44.1219,-19.1475,-43.7136,-18.628
3158607,-43.2544,-22.0366,-43.107,-21.8416
3158706,-44.1668,-21.7304,-43.9487,-21.5436
3158805,-45.1447,-20.9509,-44.9976,-20.8094
3158904,-41.9876,-20.1751,-41.7979,-19.9251
3158953,-42.6764,-19.4929,-42.4094,-19.2904
3159001,-43.7894,-19.3477,-43.4986,-19.0164
3159100,-43.773,-20.8572,-43.5533,-20.7191
3159209,-46.433,-22.1658,-46.0899,-21.8729
3159308,-44.2237,-22.2324,-43.9366,-21.9925
3159357,-42.1739,-19.9203,-42.0757,-19.8301
3159407,-44.0914,-21.6865,-43.8142,-21.4945
3159506,-41.5091,-19.545,-41.2641,-19.2675
3159605,-45.8547,-22.3222,-45.518,-22.1585
3159704,-46.1402,-19.6568,-45.885,-19.4571
3159803,-50.7424,-19.2951,-49.9572,-18.6639
3159902,-45.0757,-21.0441,-44.8001,-20.7916
3160009,-42.8949,-21.8499,-42.7292,-21.65
3160108,-42.6892,-20.3787,-42.5407,-20.2621
3160207,-43.3825,-18.6031,-43.1519,-18.3857
3160306,-40.4211,-16.6782,-40.1129,-16.3772
3160405,-45.5078,-20.3341,-45.0453,-19.8547
3160454,-42.8194,-15.4991,-42.5144,-15.0367
3160504,-43.3073,-19.2993,-43.186,-19.1719
3160603,-44.3189,-18.5603,-44.0087,-18.2241
3160702,-43.7099,-21.6081,-43.2936,-21.355
3160801,-45.1138,-21.6333,-45.0273,-21.4974
3160900,-44.0434,-20.6915,-43.9065,-20.5649
3160959,-42.079,-19.5744,-41.9915,-19.4569
3161007,-43.0703,-20.0455,-42.7289,-19.712
3161056,-41.5401,-18.6399,-41.3548,-18.5001
3161106,-45.2575,-16.1625,-44.4106,-15.5535
3161205,-45.0853,-20.8182,-44.9032,-20.5703
3161304,-50.1045,-19.9464,-49.6292,-19.6022
3161403,-42.3624,-20.8628,-42.2017,-20.7043
3161502,-42.9488,-20.9713,-42.7206,-20.8453
3161601,-42.3677,-18.987,-42.2559,-18.806
3161650,-41.4606,-19.03,-41.2635,-18.8248
3161700,-46.0095,-18.5084,-45.1799,-17.8484
3161809,-44.9179,-20.0901,-44.7428,-19.8543
3161908,-43.4354,-19.9228,-43.1932,-19.6723
3162005,-45.7463,-22.0195,-45.4365,-21.7897
3162104,-46.1554,-19.5551,-45.8045,-19.1763
3162203,-46.5981,-20.6916,-46.2753,-20.379
3162252,-44.5749,-17.0766,-44.0706,-16.6292
3162302,-46.032,-22.0213,-45.8479,-21.8736
3162401,-44.2364,-16.1137,-43.5857,-15.7098
3162450,-44.4841,-14.9979,-44.0043,-14.7632
3162500,-44.5743,-21.4353,-43.988,-21.0406
3162559,-42.2062,-20.4693,-42.0898,-20.2874
3162575,-41.2372,-18.7975,-41.0708,-18.6779
3162609,-42.2288,-19.4358,-42.1117,-19.263
3162658,-44.6789,-16.663,-44.3924,-16.4414
3162708,-42.273,-15.6341,-41.6857,-15.0855
3162807,-42.9098,-18.6756,-42.6855,-18.3183
3162906,-43.1795,-21.6949,-42.847,-21.4813
3162922,-44.2919,-20.1249,-44.196,-20.0003
3162948,-46.3578,-20.8679,-46.1286,-20.6515
3162955,-44.0415,-19.737,-43.9352,-19.6545
3163003,-42.2078,-18.4326,-42.0489,-18.218
3163102,-44.6396,-19.7955,-44.4775,-19.6035
3163201,-45.5774,-22.3784,-45.4443,-22.2621
3163300,-41.4597,-18.5341,-41.2877,-18.2672
3163409,-42.7814,-20.016,-42.552,-19.8584
3163508,-42.8061,-18.389,-42.5534,-18.0975
3163607,-41.8134,-20.0666,-41.7187,-19.9843
3163706,-45.0889,-22.1528,-44.9811,-22.0756
3163805,-42.7944,-20.8386,-42.6306,-20.6538
3163904,-46.7825,-21.1989,-46.5393,-21.0132
3164001,-42.6558,-20.263,-42.4773,-19.8853
3164100,-42.711,-18.5103,-42.451,-18.2209
3164209,-45.8299,-16.6128,-45.0377,-16.0966
3164308,-46.9305,-20.3913,-46.0756,-19.9694
3164407,-45.8772,-22.236,-45.6648,-22.0947
3164431,-42.6588,-21.0775,-42.5472,-20.9526
3164472,-42.0062,-19.5653,-41.882,-19.4448
3164506,-42.703,-18.1901,-42.4181,-17.8997
3164605,-45.1566,-20.3845,-44.9048,-20.1376
3164704,-47.2396,-21.0742,-46.798,-20.7314
3164803,-43.3505,-19.3567,-43.1258,-19.2322
3164902,-45.0807,-22.2799,-44.9616,-22.1429
3165008,-44.7097,-21.1027,-44.4417,-20.7864
3165107,-47.2265,-20.8787,-47.0289,-20.6827
3165206,-45.0675,-21.8535,-44.8559,-21.6277
3165305,-44.5873,-21.7999,-44.3419,-21.5177
3165404,-45.972,-22.8753,-45.7114,-22.7171
3165503,-42.5052,-18.8271,-42.3014,-18.7329
3165537,-44.1817,-20.0987,-44.0635,-20.018
3165552,-42.2879,-17.7756,-41.9805,-17.442
3165560,-42.9059,-20.1563,-42.7417,-20.0071
3165578,-46.3018,-22.6162,-46.1361,-22.5013
3165602,-42.9679,-21.8324,-42.8498,-21.6887
3165701,-43.1732,-20.9823,-43.0347,-20.8167
3165800,-46.1996,-22.2191,-46.0957,-22.0945
3165909,-43.4084,-18.1062,-43.1071,-17.5613
3166006,-43.4337,-20.8793,-43.2668,-20.7382
3166105,-43.2088,-19.036,-42.9705,-18.7897
3166204,-43.7151,-21.1316,-43.511,-20.9499
3166303,-42.5315,-20.5813,-42.3854,-20.4062
3166402,-44.5662,-21.9683,-44.3795,-21.8661
3166501,-43.337,-18.4826,-43.1009,-18.2984
3166600,-45.9015,-19.4916,-45.6575,-19.2612
3166709,-40.347,-17.8953,-40.1737,-17.6127
3166808,-46.9575,-19.3376,-46.411,-18.9174
3166907,-46.1926,-21.6529,-45.9813,-21.4896
3166956,-43.027,-16.053,-42.7211,-15.6866
3167004,-44.645,-21.9066,-44.4381,-21.7493
3167103,-43.6099,-18.7589,-43.1857,-18.275
3167202,-44.46,-19.5998,-44.1279,-19.2916
3167301,-43.2753,-21.2238,-43.1292,-21.0677
3167400,-45.9282,-22.1188,-45.6777,-21.9537
3167509,-43.3731,-22.028,-43.2189,-21.9007
3167608,-42.1253,-20.1712,-41.8006,-19.8275
3167707,-42.2322,-19.3287,-42.0705,-19.1192
3167806,-45.1359,-22.1112,-44.9403,-21.949
3167905,-43.3538,-21.4393,-43.1588,-21.2784
3168002,-42.327,-16.0173,-41.8587,-15.6201
3168051,-41.6874,-19.8309,-41.4953,-19.6666
3168101,-47.1884,-20.0523,-46.5997,-19.7738
3168200,-46.3359,-19.9637,-45.9889,-19.7836
3168309,-43.785,-19.7473,-43.5753,-19.5138
3168408,-42.1201,-19.4358,-41.6843,-19.1408
3168507,-42.9481,-20.695,-42.764,-20.5576
3168606,-41.672,-18.0414,-41.0403,-17.3301
3168705,-42.7094,-19.6151,-42.5011,-19.4916
3168804,-44.2248,-21.1786,-44.0922,-21.0528
3168903,-46.0576,-19.2076,-45.617,-18.4665
3169000,-43.1202,-21.2568,-42.9234,-21.1075
3169059,-46.2449,-22.4095,-46.0494,-22.3051
3169109,-46.4802,-22.7656,-46.298,-22.6499
3169208,-42.1875,-20.9771,-41.9295,-20.8052
3169307,-45.4176,-21.8675,-45.0307,-21.5288
3169356,-45.3596,-18.6701,-44.7308,-17.9315
3169406,-45.7014,-21.5158,-45.2721,-21.2957
3169505,-41.9375,-19.1806,-41.5233,-18.8961
3169604,-49.0533,-18.8392,-48.498,-18.305
3169703,-43.0833,-17.5002,-42.5569,-17.0177
3169802,-45.8753,-21.9705,-45.7114,-21.7892
3169901,-43.1056,-21.2676,-42.846,-20.9554
3170008,-45.073,-16.5517,-44.6672,-16.1787
3170057,-42.1679,-19.7417,-41.9562,-19.5871
3170107,-48.3527,-20.1252,-47.5821,-19.0835
3170206,-48.8225,-19.4157,-47.9006,-18.5923
3170305,-40.7838,-17.397,-40.5474,-17.1492
3170404,-47.4596,-16.9832,-46.2046,-15.787
3170438,-50.5161,-19.5928,-50.1704,-19.2228
3170479,-46.463,-16.3232,-46.1832,-15.8777
3170503,-42.8051,-20.3973,-42.6422,-20.2672
3170529,-45.9179,-16.3241,-45.303,-15.718
3170578,-42.4006,-19.6691,-42.2637,-19.5365
3170602,-46.4735,-20.5602,-46.2079,-20.3187
3170651,-42.4238,-15.4736,-42.1972,-15.19
3170701,-45.5489,-21.6851,-45.2517,-21.4592
3170750,-46.1095,-18.5953,-45.7475,-18.325
3170800,-45.0468,-17.7839,-44.4346,-17.0516
3170909,-44.0899,-15.7899,-43.7631,-15.4855
3171006,-47.1738,-18.2272,-46.5735,-17.498
3171030,-43.8945,-15.7812,-43.3638,-15.345
3171071,-42.884,-17.6915,-42.5387,-17.3279
3171105,-48.5466,-19.825,-48.1458,-19.4091
3171154,-42.3249,-20.089,-42.1955,-19.9691
3171204,-44.0073,-19.7912,-43.8853,-19.6697
3171303,-43.0055,-20.8399,-42.7535,-20.6542
3171402,-42.3491,-20.9999,-42.2,-20.8216
3171501,-42.0215,-18.6706,-41.8202,-18.534
3171600,-42.4954,-16.9176,-42.1375,-16.4671
3171709,-45.2233,-22.4595,-45.0098,-22.2315
3171808,-42.7779,-18.9513,-42.5324,-18.6498
3171907,-42.4101,-18.5691,-42.2032,-18.3543
3172004,-42.9475,-21.1121,-42.7482,-20.933
3172103,-42.6561,-21.8546,-42.464,-21.6801
3172202,-45.4806,-22.6208,-45.3367,-22.4672
3200102,-41.2749,-20.2878,-40.9457,-19.8901
3200136,-40.9045,-19.1488,-40.5555,-18.8411
3200169,-41.1817,-18.7351,-40.8957,-18.3427
3200201,-41.6403,-20.9112,-41.3499,-20.5452
3200300,-40.9952,-20.7051,-40.6579,-20.4298
3200359,-41.0714,-19.1224,-40.8949,-18.9391
3200409,-40.8434,-20.8414,-40.5706,-20.5462
3200508,-41.6455,-21.1822,-41.494,-20.9572
3200607,-40.3526,-20.0155,-39.9113,-19.5506
3200706,-41.2861,-21.0688,-41.1002,-20.868
3200805,-41.1907,-19.8051,-40.8189,-19.2222
3200904,-41.025,-18.9003,-40.6521,-18.4248
3201001,-40.4985,-18.5851,-40.1232,-18.353
3201100,-41.719,-21.1431,-41.5708,-21.0077
3201159,-41.4161,-20.2789,-41.2247,-19.936
3201209,-41.3889,-20.9617,-40.9908,-20.6065
3201308,-40.6058,-20.3992,-40.3279,-20.2143
3201407,-41.4145,-20.6726,-41.0176,-20.4028
3201506,-40.8849,-19.7151,-40.3627,-19.0806
3201605,-40.0296,-18.7211,-39.6656,-18.1784
3201704,-41.3627,-20.5214,-41.1577,-20.2293
3201803,-41.8021,-20.6712,-41.6526,-20.5019
3201902,-41.1371,-20.4837,-40.5339,-20.1523
3202009,-41.8792,-20.7802,-41.7526,-20.4771
3202108,-41.1621,-18.517,-40.515,-17.9516
3202207,-40.5046,-20.0561,-40.1537,-19.8506
3202306,-41.8498,-20.9434,-41.5943,-20.6368
3202405,-40.7025,-20.7658,-40.3732,-20.4584
3202454,-41.6907,-20.337,-41.4093,-20.2062
3202504,-40.5132,-19.912,-40.3456,-19.7452
3202553,-41.8036,-20.6644,-41.5921,-20.3728
3202603,-40.9467,-20.8522,-40.7696,-20.6705
3202652,-41.7959,-20.4145,-41.5393,-20.2579
3202702,-40.9966,-19.8888,-40.7565,-19.558
3202801,-41.1191,-21.1137,-40.7577,-20.8641
3202900,-40.9703,-20.0743,-40.774,-19.8327
3203007,-41.8591,-20.5036,-41.4621,-20.2062
3203056,-40.2084,-19.1604,-39.7416,-18.7742
3203106,-41.4632,-20.9092,-41.3215,-20.7199
3203130,-40.527,-19.8016,-40.3414,-19.6223
3203163,-41.1872,-19.9869,-40.9244,-19.7591
3203205,-40.5301,-19.6865,-39.6886,-18.9955
3203304,-41.2451,-18.9472,-40.8976,-18.7956
3203320,-40.9503,-21.1912,-40.8006,-20.994
3203346,-40.9118,-20.5233,-40.6218,-20.3427
3203353,-40.6433,-19.5434,-40.373,-19.3099
3203403,-41.5897,-21.248,-41.137,-20.8831
3203502,-40.4463,-18.3188,-40.0895,-17.9222
3203601,-40.6614,-18.1389,-40.3674,-17.8915
3203700,-41.605,-20.6069,-41.3047,-20.1982
3203809,-41.4723,-21.0262,-41.22,-20.8395
3203908,-40.7768,-18.954,-40.284,-18.3588
3204005,-40.9646,-19.3573,-40.6553,-18.9391
3204054,-40.2216,-18.3139,-39.9013,-17.9802
3204104,-40.4985,-18.4956,-39.938,-18.2473
3204203,-40.8279,-20.8905,-40.7008,-20.786
3204252,-40.6185,-18.4145,-40.4205,-18.1014
3204302,-41.2333,-21.3013,-40.9256,-21.0112
3204351,-40.4343,-19.3763,-40.1819,-19.0663
3204401,-40.9954,-20.8929,-40.8279,-20.6784
3204500,-40.7534,-20.2714,-40.374,-19.9444
3204559,-41.0369,-20.2273,-40.5951,-19.946
3204609,-40.8282,-19.9969,-40.4521,-19.7332
3204658,-40.6894,-19.2793,-40.3707,-19.0426
3204708,-40.6565,-19.0596,-40.3725,-18.847
3204807,-41.7362,-21.1065,-41.5716,-20.8442
3204906,-40.4041,-19.1491,-39.7186,-18.4443
3204955,-40.781,-19.8297,-40.5183,-19.6219
3205002,-40.4359,-20.2602,-40.171,-20.0133
3205010,-40.2887,-19.2349,-39.9891,-18.9048
3205036,-41.0876,-20.869,-40.9093,-20.4255
3205069,-41.2186,-20.4607,-41.0457,-20.2804
3205101,-40.6324,-20.5053,-40.3707,-20.2787
3205150,-40.8036,-18.727,-40.4828,-18.4863
3205176,-40.4652,-19.0853,-40.2048,-18.84
3205200,-44.7105,-23.2064,-40.2505,-20.3198
3205309,-40.3634,-20.5161,-28.8356,-20.2393
3300100,-44.6393,-23.2262,-44.0914,-22.8376
3300159,-42.1962,-21.7038,-42.0409,-21.6014
3300209,-42.4484,-22.9391,-42.1323,-22.5505
3300225,-43.1826,-22.3121,-43.0344,-22.1627
3300233,-42.0084,-22.821,-41.8637,-22.7291
3300258,-42.291,-22.9974,-41.9966,-22.8637
3300308,-44.0847,-22.5536,-43.7486,-22.2947
3300407,-44.3463,-22.6778,-44.0052,-22.2959
3300456,-43.4349,-22.7769,-43.3201,-22.685
3300506,-42.5252,-22.3057,-42.2338,-22.1063
3300605,-41.8526,-21.3118,-41.4664,-20.8644
3300704,-42.1822,-22.9337,-41.9697,-22.5399
3300803,-42.9224,-22.686,-42.5502,-22.355
3300902,-42.1158,-21.6395,-41.7115,-21.3264
3300936,-41.708,-22.2996,-41.5342,-22.1086
3300951,-43.3464,-22.1025,-43.1286,-22.0031
3301009,-41.8885,-22.1043,-40.9738,-21.1953
3301108,-42.5098,-22.0399,-42.1667,-21.6976
3301157,-41.6553,-21.6741,-41.3691,-21.3977
3301207,-42.6994,-22.0186,-42.4302,-21.785
3301306,-42.3041,-22.5989,-41.9791,-22.352
3301405,-41.9731,-22.2745,-41.6576,-22.0486
3301504,-42.4148,-22.1254,-42.263,-21.9973
3301603,-42.617,-22.1634,-42.3456,-21.9065
3301702,-43.4159,-22.8096,-43.1944,-22.4753
3301801,-43.7168,-22.5863,-43.5605,-22.4561
3301850,-43.0619,-22.7308,-42.8661,-22.4494
3301876,-42.2542,-22.8791,-42.1769,-22.7804
3301900,-43.0305,-22.8724,-42.7332,-22.635
3302007,-43.9396,-23.0717,-43.6667,-22.6921
3302056,-41.7801,-21.5956,-41.5518,-21.3164
3302106,-42.2373,-21.8606,-41.9375,-21.5967
3302205,-42.1955,-21.4012,-41.5841,-21.0301
3302254,-44.6603,-22.5653,-44.4783,-22.3199
3302270,-43.6701,-22.7214,-43.5341,-22.6086
3302304,-42.2378,-21.3442,-42.0293,-21.1579
3302403,-42.2656,-22.4388,-41.6857,-22.1246
3302452,-42.3179,-22.0915,-42.219,-21.9727
3302502,-43.2249,-22.727,-43.0128,-22.4832
3302601,-44.1931,-23.1019,-43.8587,-22.8589
3302700,-43.0244,-22.9764,-42.6359,-22.8407
3302809,-43.7974,-22.6063,-43.6972,-22.4586
3302908,-43.6529,-22.6419,-43.2886,-22.4186
3303005,-42.2787,-21.4739,-42.028,-21.3055
3303104,-42.0845,-21.1561,-41.8008,-20.9288
3303203,-43.4696,-22.849,-43.3913,-22.7917
3303302,-43.1369,-22.9824,-42.9535,-22.8571
3303401,-42.7278,-22.4574,-42.206,-22.1553
3303500,-43.6741,-22.8647,-43.3646,-22.5267
3303609,-43.8394,-22.7025,-43.597,-22.5252
3303708,-43.4366,-22.3636,-43.159,-22.0029
3303807,-44.8885,-23.3684,-44.5024,-22.9139
3303856,-43.5135,-22.4753,-43.2829,-22.2746
3303906,-43.3769,-22.5747,-42.9967,-22.2024
3303955,-44.0678,-22.5917,-43.9128,-22.4838
3304003,-44.0884,-22.8116,-43.7709,-22.5027
3304102,-42.1513,-21.0254,-41.775,-20.7635
3304110,-44.3729,-22.4912,-44.2734,-22.3972
3304128,-44.3418,-22.487,-44.1453,-22.2394
3304144,-43.6441,-22.7825,-43.5134,-22.6781
3304151,-41.6928,-22.2326,-41.1306,-21.9727
3304201,-44.8088,-22.6405,-44.2364,-22.2426
3304300,-42.746,-22.8546,-42.441,-22.6184
3304409,-44.3176,-22.9314,-43.8789,-22.6394
3304508,-43.6738,-22.2875,-43.4027,-22.0516
3304524,-42.0645,-22.5621,-41.8174,-22.3768
3304557,-43.7946,-23.0824,-43.1028,-22.7476
3304607,-42.1391,-22.1004,-41.7052,-21.8027
3304706,-42.3695,-21.7141,-41.9935,-21.4279
3304755,-41.3124,-21.688,-40.9564,-21.2182
3304805,-41.9702,-21.8779,-41.5386,-21.4638
3304904,-43.103,-22.9166,-42.8855,-22.734
3305000,-41.1917,-21.9151,-40.9797,-21.6115
3305109,-43.4106,-22.814,-43.3302,-22.756
3305133,-42.0575,-21.4876,-41.8149,-21.2875
3305158,-43.0471,-22.2806,-42.7471,-22.0848
3305208,-42.2542,-22.9085,-42.023,-22.6524
3305307,-42.2435,-22.0247,-41.9306,-21.7285
3305406,-43.0142,-22.1645,-42.6623,-21.874
3305505,-42.6804,-22.9386,-42.3669,-22.8038
3305554,-43.8036,-22.8642,-43.6228,-22.6394
3305604,-42.6025,-22.7358,-42.1875,-22.4009
3305703,-42.76,-22.267,-42.5554,-21.9694
3305752,-42.806,-22.8586,-42.6448,-22.686
3305802,-43.0481,-22.4702,-42.7108,-22.1227
3305901,-42.2972,-22.307,-41.9577,-22.0043
3306008,-43.2591,-22.2073,-42.956,-22.031
3306107,-44.1891,-22.4034,-43.5865,-22.0624
3306156,-41.9182,-20.9862,-41.737,-20.7994
3306206,-43.7784,-22.5261,-43.3488,-22.2148
3306305,-44.1556,-22.6418,-44.0022,-22.4059
3500105,-51.1776,-21.7655,-50.9643,-21.3982
3500204,-49.7457,-21.3634,-49.5674,-21.1967
3500303,-47.2334,-22.1466,-46.8604,-21.9664
3500402,-46.7578,-22.017,-46.612,-21.8173
3500501,-46.6598,-22.5157,-46.5484,-22.435
3500550,-49.3784,-23.0354,-49.1675,-22.7212
3500600,-47.8877,-22.6118,-47.8618,-22.5896
3500709,-49.3851,-22.7835,-48.8494,-22.3364
3500758,-47.9665,-23.6121,-47.7782,-23.487
3500808,-51.4683,-22.0037,-51.324,-21.871
3500907,-49.2183,-20.6497,-48.9896,-20.4141
3501004,-47.6288,-21.2137,-47.1815,-20.8087
3501103,-50.3048,-21.6997,-50.0603,-21.5275
3501152,-47.325,-23.6027,-47.2295,-23.4628
3501202,-50.0274,-20.4159,-49.7996,-20.1716
3501301,-51.6186,-22.285,-51.3917,-21.9525
3501400,-49.8497,-22.139,-49.6334,-22.0254
3501509,-49.8193,-22.5255,-49.7017,-22.3757
3501608,-47.3873,-22.7842,-47.1933,-22.6621
3501707,-48.1466,-21.7698,-47.9094,-21.677
3501806,-49.8677,-20.3841,-49.6467,-20.1946
3501905,-46.9312,-22.8516,-46.6809,-22.5402
3502002,-47.7989,-22.2399,-47.5497,-22.0121
3502101,-51.4806,-21.0843,-51.1337,-20.6475
3502200,-48.656,-23.6363,-48.1893,-23.2593
3502309,-48.31,-22.9976,-48.0145,-22.593
3502408,-51.5197,-22.5152,-51.346,-22.1974
3502507,-45.2804,-23.0071,-45.188,-22.8095
3502606,-50.9909,-20.5591,-50.8382,-20.3975
3502705,-49.1201,-24.5863,-48.4899,-24.2423
3502754,-47.1415,-23.5155,-46.9939,-23.3504
3502804,-50.8992,-21.4541,-50.3427,-20.8301
3502903,-47.7643,-23.6304,-47.5492,-23.4538
3503000,-47.8989,-20.2455,-47.7364,-20.0658
3503109,-49.1509,-23.2652,-48.9778,-23.0838
3503158,-44.5313,-22.7711,-44.3593,-22.5729
3503208,-48.3963,-21.9713,-47.9468,-21.5387
3503307,-47.4833,-22.4758,-47.1748,-22.1934
3503356,-50.5387,-21.8507,-50.3058,-21.6847
3503406,-49.1341,-22.2187,-48.8512,-21.9319
3503505,-44.8153,-22.8334,-44.6413,-22.5214
3503604,-48.6918,-22.6972,-48.6075,-22.532
3503703,-48.8585,-21.2456,-48.6942,-21.1073
3503802,-47.2355,-22.6385,-47.0416,-22.4727
3503901,-46.3777,-23.4363,-46.2472,-23.3214
3503950,-50.7817,-20.2375,-50.6805,-20.129
3504008,-50.5719,-22.7113,-50.3019,-22.4437
3504107,-46.7158,-23.2608,-46.4303,-22.9971
3504206,-50.6847,-20.7723,-50.4762,-20.5062
3504305,-49.4584,-22.346,-49.1599,-22.0407
3504404,-50.0604,-21.6094,-49.8428,-21.325
3504503,-49.0844,-23.3012,-48.7338,-22.8237
3504602,-49.51,-20.9849,-49.3475,-20.8776
3504701,-49.3885,-21.9526,-49.266,-21.8391
3504800,-49.6258,-20.7863,-49.4834,-20.616
3504909,-44.5081,-22.885,-44.1605,-22.5871
3505005,-49.629,-23.6785,-49.4898,-23.4574
3505104,-50.0276,-21.3548,-49.8166,-21.2248
3505203,-48.8651,-22.1916,-48.6026,-21.9276
3505302,-48.6394,-22.5461,-48.4477,-22.4106
3505351,-49.253,-24.5534,-48.9415,-24.33
3505401,-48.6004,-25.1003,-48.2082,-24.6515
3505500,-48.8941,-20.7428,-48.3442,-20.2934
3505609,-48.1781,-21.3075,-47.9915,-21.1587
3505708,-46.963,-23.5523,-46.7973,-23.4682
3505807,-50.8619,-22.0137,-50.6647,-21.8761
3505906,-47.7859,-21.0376,-47.4057,-20.6918
3506003,-49.2904,-22.4163,-48.9337,-22.0601
3506102,-48.6839,-21.0909,-48.3668,-20.7854
3506201,-50.986,-21.4468,-50.7359,-21.1824
3506300,-49.5618,-23.1488,-49.4113,-22.8998
3506359,-46.2428,-23.8883,-45.794,-23.6435
3506409,-50.5525,-21.5227,-50.4179,-21.3069
3506508,-50.4659,-21.4671,-50.239,-21.0591
3506607,-46.1116,-23.7358,-45.9166,-23.5069
3506706,-48.6793,-22.0625,-48.2544,-21.8337
3506805,-48.6469,-22.1973,-48.3947,-21.9866
3506904,-48.4914,-23.3019,-48.123,-22.9564
3507001,-47.7789,-23.3781,-47.5727,-23.1907
3507100,-46.543,-23.2364,-46.4101,-23.11
3507159,-49.2538,-24.4035,-49.0751,-24.2448
3507209,-50.5601,-22.3183,-50.4509,-22.1518
3507308,-48.8536,-22.2316,-48.713,-22.1027
3507407,-49.2405,-21.7547,-48.9116,-21.4554
3507456,-49.0965,-22.84,-48.8883,-22.5288
3507506,-48.8512,-23.0807,-48.2391,-22.5944
3507605,-46.7198,-23.051,-46.4048,-22.821
3507704,-50.4239,-21.6365,-50.2578,-21.4556
3507753,-50.2579,-21.2579,-50.155,-21.11
3507803,-47.7257,-21.1506,-47.5175,-20.9364
3507902,-48.3293,-22.5059,-47.8793,-22.0723
3508009,-48.7813,-23.9409,-48.3483,-23.538
3508108,-50.3568,-21.1392,-50.0544,-20.977
3508207,-47.8367,-20.2873,-47.592,-20.1215
3508306,-49.5013,-22.5754,-49.2675,-22.3872
3508405,-47.1898,-23.4037,-46.9589,-23.2222
3508504,-45.8422,-23.2378,-45.5926,-22.9681
3508603,-45.1247,-22.8561,-44.8926,-22.5621
3508702,-46.7626,-21.6846,-46.4996,-21.4265
3508801,-49.8091,-21.9386,-49.3082,-21.5227
3508900,-51.2909,-22.071,-51.1512,-21.823
3509007,-46.8231,-23.4262,-46.6549,-23.3263
3509106,-52.1427,-22.0477,-51.8425,-21.5402
3509205,-46.9406,-23.4301,-46.8191,-23.2785
3509254,-48.3189,-24.9112,-48.0465,-24.64
3509304,-48.9495,-20.9371,-48.7441,-20.8116
3509403,-47.4781,-21.4613,-47.1814,-21.0998
3509452,-48.5393,-23.7151,-48.3639,-23.5084
3509502,-47.2448,-23.0606,-46.8148,-22.7287
3509601,-46.8099,-23.2667,-46.7023,-23.1519
3509700,-45.6758,-22.796,-45.3997,-22.5884
3509809,-50.1374,-22.7823,-49.8857,-22.4897
3509908,-48.239,-25.3118,-47.7352,-24.7557
3509957,-45.0754,-22.8093,-44.9744,-22.6749
3510005,-50.5773,-22.9459,-50.2611,-22.6724
3510104,-48.6831,-21.3932,-48.5765,-21.2867
3510153,-49.8356,-23.0764,-49.7419,-22.9671
3510203,-48.5857,-24.2812,-47.9532,-23.8246
3510302,-47.8073,-23.5604,-47.6499,-23.384
3510401,-47.6227,-23.1237,-47.3823,-22.8449
3510500,-45.7193,-23.7585,-45.2593,-23.4826
3510609,-46.8757,-23.5836,-46.8139,-23.5095
3510708,-50.1109,-20.2181,-49.8025,-19.916
3510807,-47.2405,-22.0094,-46.9538,-21.5678
3510906,-47.2337,-21.348,-47.0445,-21.185
3511003,-51.7716,-21.1688,-51.4182,-20.6244
3511102,-49.0903,-21.2536,-48.8166,-21.0053
3511201,-49.132,-21.1324,-48.9659,-21.0059
3511300,-49.3742,-21.0178,-49.1417,-20.8133
3511409,-49.2477,-23.2592,-48.9813,-22.8824
3511508,-47.8273,-23.2525,-47.6838,-23.121
3511607,-48.0088,-23.2826,-47.8015,-23.1497
3511706,-47.8306,-22.6081,-47.6648,-22.442
3511904,-50.5563,-21.6609,-50.3837,-21.4882
3512001,-48.7524,-20.8405,-48.4251,-20.6283
3512100,-48.8878,-20.3979,-48.5064,-20.1489
3512209,-47.2146,-22.4816,-47.0745,-22.2833
3512308,-48.1654,-23.1033,-47.9273,-22.8201
3512407,-47.4929,-22.5361,-47.3018,-22.4186
3512506,-50.4417,-21.511,-50.2047,-21.2126
3512605,-49.474,-23.7371,-49.1322,-23.5237
3512704,-47.7231,-22.3345,-47.4694,-22.1489
3512803,-47.2787,-22.7343,-47.0917,-22.5696
3512902,-49.9235,-20.5858,-49.6123,-20.2587
3513009,-47.0842,-23.8027,-46.8087,-23.5625
3513108,-47.9061,-21.4276,-47.6302,-21.1958
3513207,-47.528,-20.464,-47.2763,-20.2673
3513306,-50.8527,-22.7998,-50.6573,-22.669
3513405,-45.1222,-22.6593,-44.9027,-22.4627
3513504,-46.4959,-23.9407,-46.32,-23.7803
3513603,-45.1635,-23.3229,-44.6241,-22.7882
3513702,-47.7909,-22.0537,-47.5094,-21.7052
3513801,-46.6482,-23.7385,-46.5783,-23.657
3513850,-50.6714,-20.5162,-50.5749,-20.3751
3513900,-46.8048,-21.7683,-46.6052,-21.5686
3514007,-48.4753,-21.5568,-48.2331,-21.4717
3514106,-48.4875,-22.6236,-48.2348,-22.1803
3514205,-50.5826,-20.1754,-50.476,-20.0349
3514304,-48.4458,-22.197,-48.2443,-22.0427
3514403,-51.7139,-21.6888,-51.476,-21.4264
3514502,-49.5146,-22.5069,-49.2874,-22.2938
3514601,-48.0523,-21.3081,-47.9034,-21.1816
3514700,-50.3484,-22.5921,-50.0691,-22.2454
3514809,-48.4639,-24.8066,-48.0004,-24.1938
3514908,-47.4623,-23.1678,-47.2772,-22.9816
3514924,-49.1523,-21.2201,-49.0198,-21.0834
3514957,-48.9108,-21.0148,-48.7907,-20.8917
3515004,-46.9176,-23.6868,-46.7916,-23.6102
3515103,-46.9084,-23.9411,-46.762,-23.7639
3515129,-51.5733,-21.8743,-51.3858,-21.7011
3515152,-47.2519,-22.5263,-47.0824,-22.4305
3515186,-46.8995,-22.3068,-46.6703,-22.0633
3515194,-49.5073,-22.742,-49.3355,-22.5825
3515202,-50.48,-20.4109,-50.3304,-20.1031
3515301,-51.7839,-22.5717,-51.5702,-22.3914
3515350,-52.7795,-22.6338,-52.4448,-22.3864
3515400,-49.6377,-23.54,-49.3921,-23.2579
3515509,-50.3885,-20.4774,-50.1446,-20.0879
3515608,-48.7539,-21.4233,-48.6191,-21.2181
3515657,-49.6185,-22.4415,-49.4587,-22.3093
3515707,-46.3986,-23.6174,-46.3516,-23.5081
3515806,-51.4963,-21.7741,-51.2645,-21.6289
3515905,-50.2487,-20.7819,-50.0881,-20.5124
3516002,-51.2849,-21.7429,-51.0588,-21.3544
3516101,-50.8233,-22.9629,-50.5515,-22.7716
3516200,-47.5523,-20.7726,-47.1411,-20.4164
3516309,-46.7843,-23.3029,-46.6369,-23.2481
3516408,-46.8416,-23.3675,-46.6355,-23.2566
3516507,-50.6535,-21.5729,-50.4921,-21.4413
3516606,-49.7291,-22.468,-49.4231,-22.1799
3516705,-49.8544,-22.3817,-49.524,-22.0782
3516804,-50.2902,-20.8734,-50.1098,-20.7351
3516853,-48.5956,-21.8693,-48.3305,-21.6891
3516903,-50.5541,-20.8006,-50.279,-20.4852
3517000,-50.2734,-21.94,-49.8393,-21.6807
3517109,-50.2985,-21.4937,-50.1286,-21.1353
3517208,-49.912,-21.739,-49.6325,-21.3668
3517307,-49.9636,-21.97,-49.7716,-21.7589
3517406,-48.6458,-20.5452,-48.1453,-20.1252
3517505,-49.2826,-20.8491,-49.0951,-20.5949
3517604,-48.6694,-24.3356,-48.421,-24.089
3517703,-47.9315,-20.5972,-47.6259,-20.3862
3517802,-51.4848,-21.2933,-51.1156,-20.8499
3517901,-49.1198,-20.5895,-48.8518,-20.1496
3518008,-50.4232,-20.1058,-50.2845,-20.0175
3518107,-49.7561,-22.0466,-49.4018,-21.7789
3518206,-50.8743,-21.5632,-50.5434,-20.9837
3518305,-46.1594,-23.5412,-45.9515,-23.3075
3518404,-45.4397,-23.0137,-45.029,-22.6105
3518503,-48.3858,-23.4944,-48.048,-23.2564
3518602,-48.3372,-21.4805,-48.1123,-21.3121
3518701,-46.3237,-24.0448,-46.1241,-23.8566
3518800,-46.5702,-23.5085,-46.3357,-23.2727
3518859,-48.1093,-21.5968,-47.8869,-21.3035
3518909,-50.8057,-20.7215,-50.617,-20.5233
3519006,-50.5111,-22.0809,-50.27,-21.8049
3519055,-47.1152,-22.6881,-47.0151,-22.5691
3519071,-47.2612,-22.9125,-47.1564,-22.8253
3519105,-49.1517,-22.0493,-48.8925,-21.7506
3519204,-50.736,-21.934,-50.5108,-21.6562
3519253,-49.209,-22.9586,-48.9828,-22.666
3519303,-48.1667,-22.0596,-47.9203,-21.8192
3519402,-49.316,-21.1821,-49.1167,-20.9578
3519501,-50.1345,-22.9413,-50.0042,-22.6792
3519600,-49.0824,-21.9276,-48.6428,-21.6512
3519709,-47.3872,-24.0234,-46.9848,-23.5964
3519808,-49.3098,-20.4737,-49.0749,-20.2561
3519907,-51.2128,-22.7933,-50.934,-22.4727
3520004,-48.6538,-22.5857,-48.4904,-22.4983
3520103,-47.8754,-20.1587,-47.5085,-19.9777
3520202,-46.2624,-23.2566,-46.0652,-22.9847
3520301,-47.8286,-24.8825,-47.0775,-24.3359
3520400,-45.4617,-23.9656,-45.0087,-23.721
3520426,-47.918,-25.0538,-47.4318,-24.6739
3520442,-51.4211,-20.6838,-51.0238,-20.2736
3520509,-47.3046,-23.2245,-47.0833,-22.9978
3520608,-51.3198,-22.2199,-51.2031,-22.0455
3520707,-50.3508,-20.0468,-50.1732,-19.866
3520806,-51.0086,-21.821,-50.9142,-21.6321
3520905,-49.6824,-23.1471,-49.5286,-22.9772
3521002,-47.7443,-23.4809,-47.5335,-23.3292
3521101,-47.7948,-22.54,-47.6383,-22.3275
3521150,-49.4649,-20.731,-49.3459,-20.5427
3521200,-48.8114,-24.7258,-48.3463,-24.2525
3521309,-48.2108,-20.5301,-47.9143,-20.2905
3521408,-47.5823,-22.7164,-47.4752,-22.5162
3521507,-49.5174,-21.3713,-49.2841,-21.1761
3521606,-51.417,-21.6439,-51.2861,-21.2922
3521705,-49.3422,-24.1249,-48.9483,-23.6857
3521804,-49.2229,-23.7355,-48.8226,-23.2446
3521903,-49.2335,-21.49,-48.9004,-21.2408
3522000,-48.908,-22.0224,-48.6793,-21.8823
3522109,-46.9839,-24.2504,-46.6428,-23.9371
3522158,-48.9486,-24.6747,-48.7298,-24.5515
3522208,-46.9383,-23.8037,-46.768,-23.6662
3522307,-48.4081,-23.8613,-47.808,-23.4072
3522406,-49.1991,-24.1986,-48.5488,-23.5935
3522505,-47.0363,-23.6115,-46.908,-23.4967
3522604,-46.8836,-22.5848,-46.6162,-22.2851
3522653,-49.3172,-24.7019,-49.123,-24.4098
3522703,-48.9983,-21.7155,-48.5738,-21.3693
3522802,-49.5755,-23.8065,-49.3003,-23.4935
3522901,-48.771,-22.3185,-48.6292,-22.1792
3523008,-51.577,-20.691,-51.3418,-20.4661
3523107,-46.3964,-23.5113,-46.271,-23.4154
3523206,-49.524,-24.3174,-49.121,-23.8847
3523305,-47.2485,-24.3755,-47.021,-24.1953
3523404,-46.9276,-23.1058,-46.67,-22.9206
3523503,-48.7778,-23.3424,-48.4281,-22.9413
3523602,-47.9597,-22.4561,-47.7102,-22.127
3523701,-47.2513,-20.7313,-47.0954,-20.5655
3523800,-47.0101,-21.8192,-46.8426,-21.6955
3523909,-47.4367,-23.4375,-47.1154,-23.1545
3524006,-47.146,-23.2449,-46.9955,-23.0492
3524105,-48.0384,-20.4808,-47.6143,-20.1549
3524204,-48.5244,-20.7524,-48.3194,-20.5626
3524303,-48.4487,-21.3598,-48.1351,-21.0584
3524402,-46.1522,-23.4189,-45.7944,-23.1718
3524501,-49.6341,-21.0246,-49.5216,-20.8597
3524600,-48.225,-24.9859,-47.9122,-24.5623
3524709,-47.1021,-22.7494,-46.9299,-22.6089
3524808,-50.6565,-20.3971,-50.4571,-20.1303
3524907,-45.8083,-23.355,-45.6117,-23.1958
3525003,-46.929,-23.5687,-46.8611,-23.5123
3525102,-48.0015,-21.1189,-47.6704,-20.8823
3525201,-46.8078,-23.2144,-46.6539,-22.9773
3525300,-48.7302,-22.4799,-48.3417,-22.1214
3525409,-47.6445,-20.4063,-47.4961,-20.2752
3525508,-46.3985,-23.0116,-46.0414,-22.8567
3525607,-50.9345,-22.4433,-50.7028,-22.0211
3525706,-49.9899,-21.261,-49.5571,-20.9325
3525805,-49.8811,-22.06,-49.7335,-21.8897
3525854,-47.8389,-23.1521,-47.7457,-23.0481
3525904,-47.0281,-23.3259,-46.7869,-23.0754
3526001,-51.5317,-21.7072,-51.3261,-21.2197
3526100,-47.8029,-24.3973,-47.4766,-24.0342
3526209,-47.2069,-24.063,-46.8057,-23.8348
3526308,-45.3134,-23.1968,-45.1237,-22.9977
3526407,-47.9509,-23.1753,-47.7471,-22.8588
3526506,-51.2251,-21.3834,-50.8512,-20.9089
3526605,-44.9664,-22.6208,-44.8284,-22.4226
3526704,-47.4895,-22.267,-47.1905,-22.0838
3526803,-48.9637,-22.8512,-48.66,-22.4831
3526902,-47.5107,-22.7376,-47.2115,-22.4442
3527009,-46.7116,-22.5535,-46.5979,-22.4724
3527108,-49.8707,-21.8037,-49.5173,-21.4885
3527207,-45.2062,-22.9236,-44.8887,-22.6292
3527256,-50.3021,-21.0073,-50.1675,-20.8879
3527306,-47.0007,-23.1203,-46.8652,-23.045
3527405,-51.1124,-21.8349,-50.8977,-21.4309
3527504,-49.6278,-22.5753,-49.4765,-22.3824
3527603,-47.9277,-21.7133,-47.6404,-21.3797
3527702,-50.4523,-21.7253,-50.2447,-21.6213
3527801,-49.8845,-22.526,-49.735,-22.3498
3527900,-50.4786,-22.4771,-50.237,-22.1648
3528007,-48.8261,-22.5584,-48.6211,-22.3668
3528106,-50.0503,-20.9778,-49.9017,-20.7224
3528205,-50.3086,-20.2059,-50.0279,-19.9859
3528304,-50.3022,-20.751,-50.1377,-20.4669
3528403,-47.3262,-23.6197,-47.1577,-23.4162
3528502,-46.669,-23.4304,-46.4168,-23.2243
3528601,-49.3871,-23.1436,-49.2217,-22.9521
3528700,-52.2827,-22.2908,-51.8607,-21.9477
3528809,-50.9802,-22.8043,-50.5138,-22.5094
3528858,-49.2335,-21.3239,-49.0585,-21.1831
3528908,-51.2481,-21.8646,-51.0913,-21.6909
3529005,-50.1498,-22.4976,-49.7672,-21.875
3529104,-50.8726,-20.5484,-50.7987,-20.4117
3529203,-51.2725,-22.5471,-50.9387,-21.8531
3529302,-48.6287,-21.723,-48.2592,-21.5123
3529401,-46.4976,-23.7188,-46.3835,-23.6115
3529500,-49.6873,-21.2769,-49.4543,-21.1267
3529609,-50.3113,-20.4961,-50.0803,-20.3096
3529658,-50.6829,-20.0496,-50.5506,-19.8613
3529708,-48.4507,-20.3521,-47.887,-20.0277
3529807,-48.5156,-22.5788,-48.3592,-22.3506
3529906,-47.5909,-24.3883,-47.127,-23.9979
3530003,-50.1941,-20.0476,-50.0434,-19.8732
3530102,-51.3301,-21.3424,-50.8992,-20.8302
3530201,-52.2315,-22.539,-51.7383,-22.1511
3530300,-49.5802,-20.9752,-49.4313,-20.6812
3530409,-49.5443,-20.6928,-49.4222,-20.4963
3530508,-47.2474,-21.6334,-46.7734,-21.2637
3530607,-46.3197,-23.7695,-46.0509,-23.3425
3530706,-47.2416,-22.4009,-46.7906,-22.0667
3530805,-47.1353,-22.5754,-46.8598,-22.2991
3530904,-47.7003,-22.9971,-47.5084,-22.8869
3531001,-50.1638,-20.9394,-50.0233,-20.8102
3531100,-46.7475,-24.1435,-46.5891,-23.9956
3531209,-46.7285,-22.7774,-46.612,-22.6338
3531308,-48.7044,-21.353,-48.4247,-21.1613
3531407,-49.9477,-20.8603,-49.6003,-20.5923
3531506,-48.7858,-21.0105,-48.5852,-20.8122
3531605,-51.6526,-21.3415,-51.4891,-21.1418
3531704,-45.9325,-23.0448,-45.6656,-22.8289
3531803,-47.4054,-23.0418,-47.2011,-22.8596
3531902,-48.383,-20.9312,-47.9607,-20.4494
3532009,-46.8931,-22.9409,-46.6794,-22.8329
3532058,-48.2627,-21.6177,-48.0746,-21.4195
3532108,-51.4102,-21.1355,-51.1977,-20.8581
3532157,-51.2971,-22.7239,-51.0991,-22.4774
3532207,-51.6274,-22.6967,-51.4445,-22.3512
3532306,-45.5769,-23.5765,-45.1614,-23.2761
3532405,-46.5152,-23.3141,-46.2141,-23.0932
3532504,-49.7261,-20.9942,-49.5631,-20.757
3532603,-50.1285,-20.8304,-49.923,-20.5141
3532702,-49.8505,-20.9512,-49.7004,-20.831
3532801,-49.6182,-21.1611,-49.4454,-20.9423
3532827,-49.154,-24.3126,-48.8115,-24.0951
3532843,-50.976,-20.4399,-50.8432,-20.2966
3532868,-50.4317,-20.8547,-50.2657,-20.7089
3532900,-48.6686,-21.8478,-48.4413,-21.7041
3533007,-49.4773,-20.6066,-49.1884,-20.3013
3533106,-51.6812,-21.3556,-51.6145,-21.2841
3533205,-51.6439,-21.2314,-51.4011,-21.049
3533254,-48.9631,-21.0642,-48.8561,-20.9128
3533304,-50.3372,-20.9047,-50.1627,-20.8336
3533403,-47.3571,-22.83,-47.2096,-22.7305
3533502,-49.5466,-21.6722,-49.0673,-21.2839
3533601,-47.8309,-20.8205,-47.6114,-20.578
3533700,-50.0601,-22.5402,-49.8508,-22.3264
3533809,-49.4606,-23.057,-49.2803,-22.8821
3533908,-49.1291,-20.8682,-48.7855,-20.5434
3534005,-49.3637,-20.6839,-49.1295,-20.5346
3534104,-50.1734,-22.2599,-50.0055,-22.026
3534203,-49.4647,-20.311,-49.2586,-20.1158
3534302,-47.9898,-20.8132,-47.8001,-20.5851
3534401,-46.8214,-23.6068,-46.7467,-23.4583
3534500,-50.3321,-22.3783,-50.1683,-22.2085
3534609,-50.9597,-21.869,-50.7689,-21.5412
3534708,-49.9715,-23.0728,-49.7623,-22.8427
3534757,-50.4803,-20.0585,-50.332,-19.7856
3534807,-51.8423,-21.6066,-51.6462,-21.3849
3534906,-51.3548,-21.6747,-51.2065,-21.3184
3535002,-49.692,-20.5045,-49.3092,-20.1701
3535101,-48.8815,-21.1559,-48.7727,-21.04
3535200,-50.8544,-20.553,-50.6537,-20.3238
3535309,-50.3586,-22.9537,-50.0984,-22.6875
3535408,-51.9645,-21.5834,-51.7528,-21.3361
3535507,-50.8576,-22.644,-50.4133,-22.2845
3535606,-45.7903,-23.6563,-45.4499,-23.29
3535705,-48.843,-21.0989,-48.6912,-20.9323
3535804,-49.0023,-23.6413,-48.6075,-23.267
3535903,-50.6636,-20.1395,-50.5157,-19.9872
3536000,-50.9639,-21.9678,-50.7054,-21.6882
3536109,-48.475,-23.2026,-48.303,-22.9952
3536208,-47.9635,-24.7973,-47.7276,-24.5657
3536257,-50.0811,-20.3366,-49.9986,-20.1818
3536307,-47.4516,-20.8638,-47.1372,-20.5221
3536406,-51.8791,-21.3736,-51.6819,-21.0481
3536505,-47.2168,-22.8157,-47.059,-22.6769
3536570,-49.456,-22.6425,-49.1501,-22.4923
3536604,-49.6249,-20.2415,-49.246,-19.9054
3536703,-49.0541,-22.4896,-48.7029,-22.0886
3536802,-46.5339,-22.8275,-46.3321,-22.7008
3536901,-50.2303,-20.3208,-50.0215,-20.0836
3537008,-47.6183,-20.3192,-47.2306,-20.0098
3537107,-46.9564,-22.8425,-46.8265,-22.6807
3537156,-50.9272,-22.8818,-50.7143,-22.7434
3537206,-47.3497,-24.3617,-46.9682,-23.9943
3537305,-50.2802,-21.5887,-49.9765,-21.195
3537404,-51.3241,-20.9089,-50.862,-20.4545
3537503,-48.0626,-23.2314,-47.8974,-23.0142
3537602,-47.12,-24.4437,-46.8937,-24.122
3537701,-50.7818,-21.6607,-50.5395,-21.491
3537800,-47.6181,-23.982,-47.2489,-23.6195
3537909,-47.8776,-24.0076,-47.5688,-23.7061
3538006,-45.669,-23.0707,-45.3087,-22.7024
3538105,-49.0101,-21.2978,-48.8412,-21.104
3538204,-46.6605,-22.8495,-46.4866,-22.721
3538303,-51.9144,-22.058,-51.5874,-21.6301
3538501,-45.2665,-22.6586,-45.0943,-22.4966
3538600,-46.4826,-23.1216,-46.0862,-22.9637
3538709,-48.0975,-22.9,-47.49,-22.52
3538808,-49.5718,-23.3362,-49.1978,-23.0504
3538907,-49.694,-22.1385,-49.1833,-21.6701
3539004,-48.7771,-21.1637,-48.5658,-21.0027
3539103,-47.042,-23.4348,-46.9018,-23.3202
3539202,-51.8896,-22.6699,-51.413,-22.1968
3539301,-47.6258,-22.103,-47.2,-21.8396
3539400,-49.3225,-22.5282,-49.0664,-22.3049
3539509,-48.4323,-21.1292,-48.1239,-20.8749
3539608,-50.0544,-21.1324,-49.8267,-20.9063
3539707,-50.3467,-22.7141,-50.0913,-22.5237
3539806,-46.368,-23.5731,-46.3242,-23.5036
3539905,-49.9046,-20.8169,-49.7629,-20.6674
3540002,-50.3452,-22.2492,-50.0431,-21.8176
3540101,-49.434,-21.8305,-49.2726,-21.6166
3540200,-48.1776,-21.1037,-47.9408,-20.8756
3540259,-50.6247,-20.5284,-50.4288,-20.3766
3540309,-49.8256,-20.285,-49.6527,-20.0705
3540408,-50.616,-20.0365,-50.4311,-19.7792
3540507,-48.2249,-23.27,-48.0114,-23.0795
3540606,-47.6299,-23.3848,-47.4037,-23.09
3540705,-47.5544,-21.9346,-47.3344,-21.7549
3540754,-45.3634,-22.8597,-45.237,-22.787
3540804,-49.495,-21.1914,-49.289,-20.9594
3540853,-51.14,-21.8887,-51.0079,-21.7871
3540903,-48.1457,-21.4293,-47.9966,-21.2612
3541000,-46.6122,-24.0892,-46.3832,-23.9456
3541059,-48.8021,-22.8734,-48.5649,-22.7574
3541109,-49.5612,-22.2441,-49.2487,-22.001
3541208,-51.8356,-22.3605,-51.4192,-21.8505
3541307,-52.4553,-22.2721,-51.9399,-21.4956
3541406,-51.4834,-22.2064,-51.2229,-21.7211
3541505,-52.0286,-22.0052,-51.6957,-21.5769
3541604,-50.1092,-21.7063,-49.6964,-21.2745
3541653,-48.1394,-23.3826,-47.9491,-23.2223
3541703,-50.786,-22.4398,-50.4844,-22.0196
3541802,-50.3377,-21.8896,-50.1267,-21.7072
3541901,-44.8541,-22.6132,-44.6876,-22.4035
3542008,-50.5202,-22.1947,-50.2479,-21.9576
3542107,-47.6827,-23.1032,-47.5079,-22.9833
3542206,-51.1114,-22.6743,-50.7061,-21.9499
3542305,-45.6444,-23.3379,-45.372,-23.159
3542404,-51.3993,-22.3543,-51.2039,-22.0442
3542503,-49.2613,-22.0639,-49.1041,-21.6449
3542602,-48.0839,-24.6377,-47.6259,-24.3507
3542701,-47.6047,-20.7407,-47.3951,-20.5541
3542800,-49.1711,-24.6879,-48.8995,-24.5239
3542909,-48.307,-22.1831,-48.0426,-21.892
3543006,-48.9868,-24.3917,-48.6252,-24.1152
3543105,-47.6652,-20.529,-47.4991,-20.3849
3543204,-50.0091,-22.8323,-49.8359,-22.6631
3543238,-51.6679,-21.9405,-51.5102,-21.6748
3543253,-48.4491,-24.3132,-48.2734,-24.0524
3543303,-46.4747,-23.769,-46.3297,-23.6169
3543402,-47.989,-21.368,-47.6464,-21.0592
3543501,-49.6103,-23.9296,-49.2889,-23.7582
3543600,-47.5488,-20.1697,-47.3309,-19.9602
3543709,-48.166,-21.6772,-47.8595,-21.4735
3543808,-50.8297,-21.7983,-50.6091,-21.5616
3543907,-47.7647,-22.551,-47.4606,-22.2424
3544004,-47.712,-22.9249,-47.4945,-22.7644
3544103,-46.4282,-23.7731,-46.3231,-23.7016
3544202,-49.906,-20.1811,-49.5494,-19.924
3544251,-53.1096,-22.658,-52.6115,-22.3033
3544301,-45.3533,-23.0262,-45.2547,-22.8371
3544400,-50.9233,-21.4901,-50.6925,-21.1975
3544509,-51.1005,-20.4325,-50.9197,-20.0959
3544608,-49.701,-21.6181,-49.4456,-21.3483
3544707,-51.0826,-21.9254,-50.9042,-21.7981
3544806,-49.6217,-21.4468,-49.3957,-21.2263
3544905,-47.9852,-20.91,-47.7176,-20.7391
3545001,-45.9909,-23.6824,-45.6946,-23.4716
3545100,-50.9388,-21.6889,-50.8088,-21.4849
3545159,-47.809,-22.9322,-47.6627,-22.7985
3545209,-47.3885,-23.2351,-47.1965,-23.1103
3545308,-47.7057,-23.7552,-47.4662,-23.5646
3545407,-50.0563,-22.9601,-49.8777,-22.7883
3545506,-52.0303,-22.6129,-51.707,-22.3209
3545605,-48.9232,-21.4267,-48.7303,-21.2142
3545704,-50.8437,-20.1468,-50.6489,-19.915
3545803,-47.5305,-22.9074,-47.3414,-22.6988
3546009,-45.987,-23.5053,-45.7532,-23.3288
3546108,-51.0007,-20.1411,-50.8256,-19.9897
3546207,-47.578,-22.1861,-47.3994,-22.0634
3546256,-47.5159,-21.3678,-47.3678,-21.2028
3546306,-47.3467,-21.9817,-47.1595,-21.7409
3546405,-49.7792,-23.0079,-49.368,-22.5126
3546504,-48.4629,-21.5045,-48.282,-21.3847
3546603,-51.0294,-20.4016,-50.8642,-20.1287
3546702,-47.5791,-22.5347,-47.4621,-22.4118
3546801,-46.3627,-23.4072,-46.1003,-23.1831
3546900,-48.1791,-21.716,-47.9094,-21.6275
3547007,-48.2609,-22.6511,-48.0543,-22.4763
3547106,-51.8075,-21.3947,-51.6725,-21.2234
3547205,-50.8595,-20.3385,-50.7479,-20.1614
3547304,-47.0346,-23.5074,-46.7989,-23.3848
3547403,-50.8855,-20.2162,-50.7386,-19.9672
3547502,-47.7233,-21.8075,-47.2931,-21.5452
3547601,-47.4473,-21.6135,-47.2634,-21.3947
3547650,-50.7832,-20.3365,-50.6677,-20.1924
3547700,-51.8835,-22.2003,-51.5507,-21.8247
3547809,-46.5658,-23.8147,-46.2776,-23.605
3547908,-47.3079,-21.2113,-47.1123,-20.9532
3548005,-47.0491,-22.681,-46.8633,-22.5437
3548054,-50.8725,-21.0646,-50.2632,-20.67
3548104,-46.7575,-22.1808,-46.5981,-22.0822
3548203,-45.7705,-22.8904,-45.6138,-22.7668
3548302,-51.4231,-21.8867,-51.3249,-21.7383
3548401,-50.6088,-21.7161,-50.4429,-21.6044
3548500,-46.4023,-23.9923,-46.1754,-23.7345
3548609,-45.8195,-22.7868,-45.5549,-22.5729
3548708,-46.6508,-23.9673,-46.4114,-23.6404
3548807,-46.5837,-23.6494,-46.5442,-23.5986
3548906,-48.0905,-22.161,-47.7191,-21.5965
3549003,-50.7414,-20.4373,-50.6122,-20.3078
3549102,-46.9425,-22.0939,-46.6487,-21.8368
3549201,-50.4477,-20.4829,-50.3214,-20.3326
3549250,-50.4589,-20.5853,-50.2707,-20.4606
3549300,-51.7312,-21.3057,-51.6202,-21.1489
3549409,-48.1336,-20.6531,-47.7789,-20.4324
3549508,-47.7426,-20.7002,-47.5282,-20.4784
3549607,-44.7247,-22.9079,-44.451,-22.6008
3549706,-47.0365,-21.7083,-46.7566,-21.4837
3549805,-49.4628,-20.9317,-49.2552,-20.6373
3549904,-46.1075,-23.3056,-45.7206,-22.8161
3549953,-47.0278,-23.9378,-46.8481,-23.7735
3550001,-45.4257,-23.3963,-45.0673,-23.0861
3550100,-48.7278,-22.8585,-48.365,-22.5376
3550209,-48.2058,-24.1196,-47.8132,-23.7436
3550308,-46.8254,-24.0083,-46.3648,-23.3575
3550407,-48.0794,-22.695,-47.7826,-22.4233
3550506,-49.9015,-22.8754,-49.5948,-22.5002
3550605,-47.2077,-23.6537,-46.9912,-23.4111
3550704,-45.8441,-23.8725,-45.3963,-23.6479
3550803,-46.8711,-21.8403,-46.6297,-21.6575
3550902,-47.8278,-21.5916,-47.3793,-21.3397
3551009,-46.6495,-24.0103,-46.3541,-23.8983
3551108,-47.9171,-23.765,-47.6343,-23.5311
3551207,-49.5494,-23.3336,-49.4186,-23.1816
3551306,-49.9852,-20.7096,-49.8282,-20.5578
3551405,-47.6596,-21.4131,-47.4568,-21.1987
3551504,-47.6783,-21.2791,-47.5266,-21.1478
3551603,-46.7963,-22.6655,-46.6008,-22.503
3551702,-48.1862,-21.2185,-47.8707,-20.9915
3551801,-48.1394,-24.5143,-47.7619,-24.0751
3551900,-48.8909,-20.844,-48.7168,-20.7251
3552007,-44.926,-22.8956,-44.7436,-22.5983
3552106,-46.6311,-22.7298,-46.3919,-22.4673
3552205,-47.5699,-23.5881,-47.3024,-23.3508
3552304,-51.0573,-20.8263,-50.7617,-20.5307
3552403,-47.3694,-22.9069,-47.1537,-22.7868
3552502,-46.3826,-23.744,-46.2538,-23.4848
3552551,-51.231,-20.5646,-50.964,-20.3776
3552601,-49.1315,-21.0642,-48.904,-20.8106
3552700,-48.7507,-21.8362,-48.4896,-21.617
3552809,-46.8195,-23.6464,-46.7471,-23.5954
3552908,-51.459,-22.674,-51.2185,-22.3241
3553005,-49.4778,-23.5394,-49.3207,-23.3948
3553104,-48.5967,-21.189,-48.476,-21.0744
3553203,-48.4928,-21.2109,-48.3437,-21.0696
3553302,-47.4,-21.7567,-47.0828,-21.4414
3553401,-49.8702,-20.7142,-49.4903,-20.3222
3553500,-47.9062,-24.1344,-47.3547,-23.8612
3553609,-46.8357,-21.5511,-46.6152,-21.3596
3553658,-48.4598,-21.0967,-48.3148,-21.0365
3553708,-48.7235,-21.5658,-48.3118,-21.3161
3553807,-49.3616,-23.6663,-49.1163,-23.4
3553856,-48.7951,-24.0311,-48.5476,-23.8482
3553906,-51.7116,-22.4463,-51.5394,-22.2797
3553955,-50.7065,-22.8722,-50.5023,-22.673
3554003,-48.0827,-23.4879,-47.7244,-23.2213
3554102,-45.723,-23.224,-45.2893,-22.947
3554201,-49.4179,-23.4334,-49.2019,-23.2623
3554300,-52.6564,-22.6751,-52.135,-22.1807
3554409,-48.4501,-20.8537,-48.2433,-20.6959
3554508,-47.8261,-23.2222,-47.5833,-22.8834
3554607,-49.716,-23.2807,-49.5216,-23.1127
3554656,-48.2604,-23.3022,-48.1546,-23.1959
3554706,-48.2868,-22.5288,-48.0404,-22.3606
3554755,-48.4404,-22.0772,-48.2914,-21.9849
3554805,-45.7042,-23.0006,-45.5031,-22.874
3554904,-50.9375,-20.3866,-50.8154,-20.1658
3554953,-46.7603,-22.8944,-46.6209,-22.7671
3555000,-50.7088,-22.1101,-50.3546,-21.8026
3555109,-51.7227,-21.4541,-51.4791,-21.3119
3555208,-50.1826,-21.0073,-50.0226,-20.873
3555307,-50.5196,-20.1573,-50.394,-19.9839
3555356,-49.8551,-21.3054,-49.6596,-21.1252
3555406,-45.2803,-23.5969,-44.7239,-23.1987
3555505,-49.7703,-22.664,-49.5645,-22.4353
3555604,-49.2547,-21.0776,-49.0781,-20.7822
3555703,-49.9564,-20.9345,-49.8343,-20.8422
3555802,-50.7347,-20.3327,-50.5913,-20.0609
3555901,-49.3927,-21.8613,-49.238,-21.6581
3556008,-49.398,-21.313,-49.1414,-21.1222
3556107,-50.2023,-20.5131,-50.0324,-20.3034
3556206,-47.0744,-23.0557,-46.8741,-22.9029
3556305,-51.1449,-21.439,-50.7439,-20.9344
3556354,-46.4846,-22.9802,-46.3442,-22.8064
3556404,-47.003,-21.9819,-46.7496,-21.7531
3556453,-47.0585,-23.669,-46.9859,-23.5934
3556503,-46.8543,-23.2603,-46.7962,-23.1811
3556602,-49.9116,-22.3566,-49.742,-22.0969
3556701,-47.0406,-23.1136,-46.9028,-23.005
3556800,-48.4087,-20.9544,-48.2071,-20.8052
3556909,-48.7284,-21.2134,-48.5812,-21.1379
3556958,-50.5216,-20.2443,-50.4508,-20.1525
3557006,-47.5183,-23.6482,-47.2961,-23.5186
3557105,-50.1554,-20.5754,-49.8528,-20.316
3557154,-50.1489,-21.2259,-49.9584,-20.997
3557204,-49.8191,-23.1477,-49.665,-22.9342
3557303,-46.9829,-22.2949,-46.8975,-22.1831
4100103,-50.4806,-23.3824,-50.1911,-23.2253
4100202,-49.1387,-24.944,-48.4988,-24.6328
4100301,-49.377,-26.1385,-49.2311,-25.9421
4100400,-49.4517,-25.385,-49.2286,-25.224
4100459,-52.8782,-24.9315,-52.5311,-24.7168
4100509,-54.1685,-24.0363,-53.7383,-23.7908
4100608,-52.4204,-23.2336,-52.2325,-22.9062
4100707,-53.5186,-24.2521,-53.3114,-23.929
4100806,-51.3554,-22.9663,-51.1541,-22.6657
4100905,-52.9376,-23.2738,-52.7147,-23.0033
4101002,-53.6063,-26.0193,-53.3452,-25.7957
4101051,-53.2231,-24.7119,-53.083,-24.5691
4101101,-50.3691,-23.1208,-50.1697,-22.9305
4101150,-51.9764,-23.2636,-51.865,-23.1299
4101200,-48.8525,-25.502,-48.5671,-25.0884
4101309,-50.2693,-26.0796,-49.9638,-25.8123
4101408,-51.6322,-23.7367,-51.2138,-23.4174
4101507,-51.595,-23.549,-51.3008,-23.3422
4101606,-50.2203,-24.3009,-49.7391,-23.8433
4101655,-51.9284,-24.419,-51.7256,-24.2355
4101705,-52.7529,-24.1042,-52.4174,-23.7466
4101804,-49.586,-25.7884,-49.338,-25.4793
4101853,-51.6746,-24.4487,-51.4219,-24.3088
4101903,-51.0099,-23.5545,-50.7518,-23.2816
4102000,-53.7149,-24.689,-53.4296,-24.2005
4102109,-51.8706,-23.3869,-51.5899,-23.0844
4102208,-52.1531,-23.1953,-51.9694,-23.0584
4102307,-49.8089,-25.6627,-49.5632,-25.3547
4102406,-50.4767,-23.2758,-50.2086,-23.0305
4102505,-52.2271,-24.234,-51.889,-23.9113
4102604,-53.6526,-26.3024,-53.4313,-26.1971
4102703,-50.2536,-23.149,-50.0565,-23.0669
4102752,-53.7225,-25.9555,-53.5556,-25.8129
4102802,-51.3443,-23.1176,-51.1689,-22.8983
4102901,-51.7783,-26.3807,-51.2601,-25.9148
4103008,-52.8689,-24.385,-52.6271,-24.139
4103024,-53.3063,-25.7055,-53.1541,-25.5627
4103040,-51.78,-25.0161,-51.4083,-24.6439
4103057,-53.52,-25.5357,-53.3297,-25.3497
4103107,-49.2215,-25.2819,-48.5624,-24.9144
4103156,-53.6718,-26.2194,-53.4598,-26.0888
4103206,-51.9631,-23.8059,-51.6933,-23.6259
4103222,-52.9432,-26.1669,-52.7189,-26.0018
4103305,-51.7399,-24.0489,-51.4568,-23.8549
4103354,-53.2023,-24.9427,-52.947,-24.6352
4103370,-53.6661,-24.2603,-53.4358,-24.0499
4103404,-51.7997,-22.8904,-51.6311,-22.7006
4103453,-53.4586,-24.8079,-53.2354,-24.5713
4103479,-53.6799,-24.0906,-53.4573,-23.8191
4103503,-51.4352,-23.7168,-51.2378,-23.6154
4103602,-50.2098,-23.0947,-49.9609,-22.8965
4103701,-51.4175,-23.3984,-51.1697,-23.0123
4103800,-51.6309,-23.7397,-51.4758,-23.4823
4103909,-52.986,-24.7632,-52.5856,-24.4442
4103958,-51.8946,-25.2325,-51.6344,-24.9868
4104006,-49.135,-25.3704,-48.5433,-24.9963
4104055,-53.1089,-25.1025,-52.9017,-24.7016
4104105,-49.7916,-26.0699,-49.533,-25.8891
4104204,-49.8563,-25.5536,-49.3716,-24.9783
4104253,-49.5773,-25.4187,-49.3401,-25.1745
4104303,-52.5424,-24.2976,-52.1867,-23.9538
4104402,-51.5017,-24.9705,-50.9625,-24.3932
4104428,-52.4133,-25.7444,-51.7368,-25.299
4104451,-52.2699,-25.4792,-51.9952,-25.1317
4104501,-53.9904,-25.7087,-53.5838,-25.504
4104600,-53.7068,-25.5647,-53.4678,-25.3507
4104659,-50.359,-25.0238,-49.938,-24.7554
4104709,-49.8695,-23.564,-49.5661,-23.3491
4104808,-53.7232,-25.3713,-53.0716,-24.7428
4104907,-50.2458,-25.0719,-49.4983,-24.5406
4105003,-53.3265,-25.3749,-52.9694,-25.0929
4105102,-51.652,-22.9305,-51.4754,-22.6574
4105201,-49.5669,-25.0973,-49.0519,-24.6709
4105300,-53.9535,-25.6066,-53.6226,-24.9684
4105409,-52.7252,-25.9445,-52.2135,-25.6434
4105508,-52.7418,-23.9529,-52.452,-23.5196
4105607,-53.0359,-23.5416,-52.8451,-23.2058
4105706,-52.5605,-26.4715,-52.1461,-26.1504
4105805,-49.2675,-25.3936,-49.092,-25.2234
4105904,-52.0894,-22.9575,-51.8319,-22.6769
4106001,-50.6244,-23.7657,-50.3837,-23.4799
4106100,-50.195,-23.6828,-50.0393,-23.4877
4106209,-49.6144,-25.8066,-49.3846,-25.5902
4106308,-53.4061,-24.9531,-53.1066,-24.5201
4106407,-50.813,-23.3748,-50.4647,-23.0141
4106456,-52.192,-26.4104,-51.6948,-25.9357
4106506,-52.8209,-26.1176,-52.3572,-25.8689
4106555,-52.2332,-24.2056,-52.0497,-24.0491
4106571,-53.2007,-25.6869,-53.0467,-25.5085
4106605,-53.2232,-23.9756,-52.9516,-23.4927
4106704,-52.2839,-23.0659,-52.0232,-22.8965
4106803,-51.6187,-26.1239,-50.9346,-25.6657
4106852,-51.6202,-24.1205,-51.3787,-23.8828
4106902,-49.3889,-25.6449,-49.185,-25.3444
4107009,-50.7023,-24.1221,-50.2875,-23.8588
4107108,-53.0112,-22.7089,-52.7779,-22.5652
4107124,-52.8027,-25.1441,-52.5839,-24.8543
4107157,-54.2221,-25.0782,-53.965,-24.8589
4107207,-53.2596,-25.8767,-52.9515,-25.6072
4107256,-53.3791,-23.5031,-53.1949,-23.1978
4107306,-52.3043,-23.6262,-52.0998,-23.5111
4107405,-53.2425,-25.9887,-53.0689,-25.7759
4107504,-52.444,-23.8887,-52.111,-23.6343
4107520,-53.8809,-23.7852,-53.7283,-23.6597
4107538,-54.3376,-24.7558,-54.0939,-24.6595
4107546,-52.9179,-25.5027,-52.6613,-25.2645
4107553,-52.7662,-24.2235,-52.5057,-24.0236
4107603,-51.4605,-24.1581,-51.0802,-23.8482
4107652,-49.365,-25.7535,-49.2402,-25.6105
4107702,-52.1454,-23.9956,-51.9362,-23.79
4107736,-50.6214,-25.6555,-50.3561,-25.3086
4107751,-50.4844,-23.9606,-50.3766,-23.7531
4107801,-52.4207,-23.4132,-52.2184,-23.2503
4107850,-53.4753,-26.3477,-53.1522,-26.1607
4107900,-52.1846,-23.6904,-51.9993,-23.5192
4108007,-51.4871,-22.9939,-51.3076,-22.7941
4108106,-52.0178,-23.1611,-51.914,-23.0482
4108205,-53.4701,-24.4298,-53.2384,-24.1622
4108304,-54.6188,-25.695,-54.2945,-25.2118
4108320,-53.9917,-24.1908,-53.7652,-24.0062
4108403,-53.3782,-26.1962,-52.8842,-25.937
4108452,-52.2326,-25.776,-51.9634,-25.608
4108502,-51.6057,-26.7168,-51.2158,-26.2416
4108551,-52.0098,-24.2405,-51.8169,-24.0682
4108601,-53.264,-24.2824,-52.8545,-24.0609
4108650,-52.1878,-25.3167,-51.8617,-24.9591
4108700,-51.5797,-24.2988,-51.3323,-24.0826
4108809,-54.344,-24.3867,-54.0979,-23.9985
4108908,-52.8909,-23.0582,-52.5901,-22.782
4108957,-50.9494,-25.2782,-50.7227,-25.0684
4109005,-50.178,-23.5515,-49.9834,-23.3927
4109104,-52.9386,-23.403,-52.7206,-23.262
4109203,-51.7942,-23.0324,-51.576,-22.8883
4109302,-53.0564,-25.3421,-52.654,-24.751
4109401,-52.0224,-25.6817,-51.0892,-25.0922
4109500,-48.6571,-25.4928,-48.0231,-24.977
4109609,-48.992,-25.9927,-48.5492,-25.5969
4109658,-52.5759,-26.2804,-52.2097,-26.0398
4109708,-50.4756,-23.997,-50.1153,-23.5817
4109757,-53.1031,-25.2085,-52.9495,-25.0966
4109807,-51.1706,-23.346,-50.9471,-23.1059
4109906,-53.7617,-23.5353,-53.4417,-23.2105
4110003,-51.9426,-23.3044,-51.7314,-23.1305
4110052,-53.1474,-24.7537,-53.0347,-24.6064
4110078,-50.887,-24.5654,-50.6044,-24.3134
4110102,-50.8164,-25.4103,-50.4466,-25.0376
4110201,-51.4086,-25.8345,-50.9596,-25.4529
4110300,-52.2918,-22.8196,-52.1614,-22.615
4110409,-52.7474,-23.5663,-52.5948,-23.3967
4110508,-50.8493,-25.2161,-50.3701,-24.7976
4110607,-53.9675,-24.2084,-53.5547,-23.9106
4110656,-53.3962,-24.4999,-53.3045,-24.3648
4110706,-51.1459,-25.6209,-50.5792,-25.3544
4110805,-52.2773,-24.5137,-51.9462,-24.2022
4110904,-52.0329,-22.7925,-51.901,-22.539
4110953,-54.4704,-25.2478,-54.1921,-25.0241
4111001,-50.5418,-23.0684,-50.3352,-22.9049
4111100,-52.1187,-23.8177,-51.9187,-23.6119
4111209,-52.9652,-26.1105,-52.7223,-25.8564
4111258,-49.6012,-25.2636,-49.3266,-24.9589
4111308,-52.9676,-22.782,-52.8152,-22.6779
4111407,-51.0177,-25.1609,-50.6989,-24.831
4111506,-51.7759,-24.4048,-51.4582,-24.1567
4111555,-53.5569,-23.5643,-53.3299,-23.1865
4111605,-52.2693,-23.655,-52.098,-23.5192
4111704,-50.1759,-23.7911,-49.9978,-23.6467
4111803,-50.1386,-23.3379,-49.8085,-22.954
4111902,-51.7523,-23.2128,-51.3949,-22.8865
4112009,-49.9855,-24.6137,-49.4544,-24.0645
4112108,-51.7987,-23.7039,-51.6004,-23.5498
4112207,-52.8854,-24.3171,-52.7006,-23.9885
4112306,-50.2408,-23.8569,-50.0767,-23.5646
4112405,-52.6195,-23.508,-52.464,-23.3652
4112504,-51.9576,-24.3215,-51.5377,-24.0979
4112603,-52.1518,-22.6413,-52.0035,-22.5162
4112702,-50.9873,-23.3501,-50.8451,-23.1469
4112751,-53.4808,-24.5425,-53.3409,-24.2823
4112801,-50.0271,-23.5709,-49.812,-23.3053
4112900,-50.3037,-23.5879,-50.1142,-23.354
4112959,-52.9747,-24.5141,-52.701,-24.2983
4113007,-52.5475,-23.7757,-52.3273,-23.5351
4113106,-51.7954,-23.9455,-51.586,-23.7795
4113205,-50.231,-26.0579,-49.5183,-25.5435
4113254,-52.6624,-25.0497,-52.3694,-24.7336
4113304,-52.5651,-25.5049,-52.2184,-25.1139
4113403,-50.8422,-23.1406,-50.6086,-22.895
4113429,-51.7219,-24.1636,-51.5462,-23.9934
4113452,-53.6644,-25.3551,-53.4215,-25.1433
4113502,-53.2842,-23.1057,-52.8693,-22.8357
4113601,-52.1027,-23.0807,-51.8915,-22.8764
4113700,-51.3211,-23.7795,-50.8758,-23.171
4113734,-52.5188,-24.5362,-52.0827,-24.1596
4113759,-51.8955,-24.1748,-51.6694,-23.9759
4113809,-51.7257,-22.831,-51.6277,-22.6559
4113908,-51.0401,-26.0567,-50.6565,-25.7398
4114005,-52.7496,-24.5284,-52.4256,-24.1708
4114104,-52.1779,-23.4174,-51.9565,-23.1543
4114203,-51.8365,-23.6481,-51.6057,-23.3293
4114302,-49.45,-25.9567,-49.2048,-25.673
4114351,-53.494,-26.1912,-53.2419,-26.0151
4114401,-52.3854,-26.3256,-52.0722,-25.7485
4114500,-51.8465,-24.6033,-51.45,-24.3868
4114609,-54.3374,-24.7663,-53.9847,-24.4099
4114708,-53.3513,-23.7277,-53.1159,-23.4535
4114807,-52.0608,-23.6768,-51.7094,-23.3148
4114906,-51.4415,-23.8991,-51.1454,-23.5853
4115002,-53.1274,-22.8547,-52.9942,-22.6179
4115101,-53.3281,-24.1979,-53.1067,-23.9115
4115200,-52.0998,-23.5575,-51.8354,-23.2534
4115309,-52.7001,-26.4156,-52.491,-26.2352
4115358,-53.9102,-24.5771,-53.7143,-24.3691
4115408,-53.1894,-26.39,-52.9842,-26.0985
4115457,-52.4202,-25.2685,-52.0731,-24.9762
4115507,-51.7843,-23.8404,-51.5605,-23.6664
4115606,-54.0208,-25.5945,-53.7737,-25.0715
4115705,-48.6378,-25.8516,-48.4764,-25.6989
4115739,-52.394,-24.7965,-52.0757,-24.5954
4115754,-51.2766,-23.9923,-51.0799,-23.8391
4115804,-54.2033,-25.3661,-53.9918,-25.1651
4115853,-54.2961,-24.4987,-54.0897,-24.3707
4115903,-52.8625,-23.2957,-52.6495,-23.1086
4116000,-51.5328,-23.0663,-51.4359,-22.9143
4116059,-54.4178,-25.1968,-54.0991,-25.0173
4116109,-53.1311,-24.1173,-52.8526,-23.9272
4116208,-48.9775,-25.726,-48.6799,-25.2898
4116307,-51.7974,-23.222,-51.6717,-23.0387
4116406,-51.8729,-23.0084,-51.7148,-22.8294
4116505,-52.7009,-23.232,-52.5462,-23.1087
4116604,-50.7668,-23.4196,-50.6286,-23.2504
4116703,-53.4473,-24.6595,-53.1514,-24.3285
4116802,-52.7117,-24.7838,-52.4144,-24.4785
4116901,-52.4203,-23.2996,-52.0982,-23.0259
4116950,-53.3633,-25.9979,-53.1663,-25.7807
4117008,-50.6643,-23.4937,-50.4116,-23.3251
4117057,-52.8428,-25.4374,-52.3907,-24.9628
4117107,-53.0384,-22.9026,-52.8488,-22.5983
4117206,-53.119,-23.5027,-53.0231,-23.3426
4117214,-50.8474,-23.6253,-50.6553,-23.5637
4117222,-54.1234,-24.5271,-53.8537,-24.3694
4117255,-53.5049,-25.6962,-53.2538,-25.4764
4117271,-52.0515,-24.6195,-51.8242,-24.2439
4117297,-51.5965,-23.8723,-51.4715,-23.6902
4117305,-51.374,-24.4136,-50.6765,-23.7951
4117404,-52.3242,-23.5725,-52.1436,-23.3489
4117453,-54.0627,-24.8842,-53.7829,-24.7122
4117503,-52.227,-23.5225,-52.0043,-23.3999
4117602,-52.1772,-26.5999,-51.5111,-26.2434
4117701,-50.358,-25.6515,-49.7399,-25.2509
4117800,-52.4536,-25.0748,-52.0394,-24.7028
4117909,-53.9661,-24.467,-53.6628,-24.1195
4118006,-52.7632,-23.3315,-52.5464,-23.1788
4118105,-52.2561,-22.9537,-52.0524,-22.7115
4118204,-48.7036,-25.7336,-48.2764,-25.365
4118303,-52.185,-22.7298,-51.9964,-22.5688
4118402,-52.7495,-23.1406,-52.3468,-22.6064
4118451,-54.325,-24.6971,-54.1691,-24.5802
4118501,-52.8126,-26.3076,-52.5299,-25.9958
4118600,-50.9929,-26.289,-50.697,-26.0567
4118709,-50.9002,-26.1813,-50.6203,-25.9562
4118808,-52.5087,-24.0527,-52.1145,-23.8066
4118857,-53.531,-24.091,-53.2318,-23.8227
4118907,-53.7894,-23.9518,-53.618,-23.6954
4119004,-53.8498,-25.9269,-53.596,-25.7633
4119103,-49.5512,-26.1854,-49.3468,-25.9475
4119152,-49.2027,-25.4713,-49.1035,-25.3781
4119202,-50.1634,-23.9916,-49.9632,-23.7376
4119251,-53.5731,-26.065,-53.3649,-25.9597
4119301,-52.0289,-26.0112,-51.3006,-25.5883
4119400,-50.2096,-24.6463,-49.5731,-24.2389
4119509,-49.1754,-25.5502,-48.9405,-25.3857
4119608,-52.1195,-24.9007,-51.4499,-24.4493
4119657,-51.6223,-23.2882,-51.5191,-23.1279
4119707,-53.0353,-23.2411,-52.788,-22.9404
4119806,-53.8783,-25.8224,-53.5659,-25.6412
4119905,-50.458,-25.4043,-49.6792,-24.8904
4119954,-48.5892,-25.7503,-48.3479,-25.5444
4120002,-51.5186,-22.8365,-51.3069,-22.6516
4120101,-49.992,-25.6107,-49.7667,-25.443
4120150,-52.5301,-25.7008,-52.2552,-25.4801
4120200,-53.4099,-22.9347,-53.2381,-22.733
4120309,-51.2939,-26.3499,-51.1233,-26.1298
4120333,-51.4916,-23.0925,-51.3112,-22.9608
4120358,-53.8424,-26.0448,-53.5451,-25.9011
4120408,-52.2435,-23.3495,-52.0582,-23.1773
4120507,-51.1836,-22.9763,-50.9304,-22.7383
4120606,-51.4101,-25.5114,-50.7813,-24.7525
4120655,-53.2883,-24.407,-53.0081,-24.2239
4120705,-50.0387,-23.6083,-49.8449,-23.5047
4120804,-49.1233,-25.4443,-48.8987,-25.3024
4120853,-54.0262,-24.6639,-53.9171,-24.4821
4120903,-53.1518,-25.6135,-52.7646,-25.2781
4121000,-53.7144,-23.3053,-53.316,-22.8134
4121109,-52.2676,-23.9459,-52.0335,-23.705
4121208,-49.6802,-26.0598,-49.3602,-25.7831
4121257,-54.1938,-25.176,-53.9773,-25.022
4121307,-50.9929,-23.1486,-50.8407,-22.9783
4121356,-53.077,-24.4055,-52.8619,-24.1346
4121406,-53.6382,-25.8318,-53.4629,-25.5061
4121505,-50.7884,-25.7875,-50.4551,-25.549
4121604,-53.0677,-26.3694,-52.8117,-26.0704
4121703,-51.1928,-24.8633,-50.7194,-24.3229
4121752,-52.1681,-26.0263,-51.7949,-25.7194
4121802,-49.8925,-23.4702,-49.6211,-23.0887
4121901,-50.5063,-23.5974,-50.2976,-23.2482
4122008,-51.0064,-25.8765,-50.5984,-25.5843
4122107,-51.5136,-23.883,-51.3479,-23.7083
4122156,-52.7878,-25.698,-52.4109,-25.4058
4122172,-51.4882,-24.4386,-51.1612,-24.2478
4122206,-49.5796,-25.2357,-49.063,-24.8762
4122305,-49.9402,-26.2368,-49.4853,-25.9425
4122404,-51.5404,-23.3941,-51.2895,-23.1667
4122503,-52.517,-24.7293,-52.013,-24.4139
4122602,-52.9851,-23.6192,-52.6375,-23.3106
4122651,-51.3495,-24.4676,-51.0774,-24.1584
4122701,-51.6895,-23.4337,-51.5001,-23.2628
4122800,-53.5453,-26.2143,-53.2978,-26.0519
4122909,-49.8305,-23.7179,-49.5983,-23.5228
4123006,-53.3931,-25.8806,-53.1384,-25.6674
4123105,-50.4757,-23.2994,-50.3038,-23.2082
4123204,-50.8838,-23.5984,-50.6863,-23.4861
4123303,-53.5152,-23.2506,-53.2288,-22.912
4123402,-51.9145,-23.1739,-51.7489,-22.9449
4123501,-54.4589,-25.041,-54.1446,-24.6918
4123600,-51.9585,-22.8357,-51.8553,-22.6015
4123709,-53.3497,-23.2461,-53.1293,-22.9727
4123808,-53.5104,-25.9272,-53.3253,-25.6277
4123824,-53.6236,-25.4424,-53.4741,-25.3417
4123857,-52.1518,-25.0611,-51.6421,-24.7525
4123907,-50.6368,-23.2065,-50.4368,-22.9036
4123956,-53.2081,-23.2438,-53.0211,-23.0424
4124004,-49.7667,-23.8464,-49.5483,-23.6516
4124020,-53.732,-25.1686,-53.5027,-24.8705
4124053,-54.4858,-25.552,-54.3264,-25.3242
4124103,-50.2417,-23.4522,-49.9246,-23.1219
4124202,-52.421,-22.7758,-52.2743,-22.6101
4124301,-50.6903,-23.7115,-50.5627,-23.4517
4124400,-53.7422,-26.1761,-53.5118,-25.9536
4124509,-51.9053,-22.8357,-51.7171,-22.6137
4124608,-52.5788,-23.4692,-52.4207,-23.2656
4124707,-50.9524,-23.894,-50.546,-23.5193
4124806,-52.9439,-25.9169,-52.6731,-25.5654
4124905,-52.4224,-22.9318,-52.2282,-22.7295
4125001,-51.9675,-24.1033,-51.6757,-23.9003
4125100,-50.4884,-25.8404,-50.0855,-25.5273
4125209,-53.1147,-25.7868,-52.8111,-25.5341
4125308,-52.4215,-23.557,-52.1785,-23.3139
4125357,-54.0831,-23.8172,-53.7652,-23.6278
4125407,-49.7925,-24.0836,-49.5353,-23.8258
4125456,-54.2138,-24.8782,-54.0319,-24.7545
4125506,-49.2705,-25.8313,-48.8421,-25.4627
4125555,-52.6691,-23.4398,-52.5383,-23.3167
4125605,-50.6765,-26.1345,-50.2168,-25.7195
4125704,-54.3994,-25.5975,-54.1065,-25.1987
4125753,-54.065,-24.9991,-53.6739,-24.7744
4125803,-52.008,-23.9332,-51.734,-23.7255
4125902,-53.2882,-22.8991,-53.0985,-22.6519
4126009,-50.8054,-23.5643,-50.6244,-23.3469
4126108,-52.6708,-23.5945,-52.3897,-23.4524
4126207,-50.8044,-24.0296,-50.418,-23.7349
4126256,-51.9276,-23.5603,-51.7966,-23.3923
4126272,-52.6768,-25.8008,-52.5392,-25.6079
4126306,-49.6339,-24.6137,-49.2002,-23.9161
4126355,-54.1536,-25.6189,-53.8906,-25.3339
4126405,-51.0072,-23.1207,-50.7703,-22.7816
4126504,-51.17,-23.2004,-50.9408,-22.9322
4126603,-49.9091,-23.7652,-49.6506,-23.5462
4126652,-52.7827,-25.765,-52.6155,-25.5696
4126678,-51.1899,-23.9291,-50.8751,-23.7026
4126702,-52.5464,-23.2674,-52.4206,-23.1305
4126801,-53.0475,-23.8073,-52.6955,-23.4758
4126900,-53.2336,-23.4819,-52.9962,-23.1941
4127007,-50.5755,-25.5303,-50.2613,-25.0897
4127106,-50.7408,-24.4704,-50.3301,-24.0362
4127205,-52.5183,-23.8376,-52.2593,-23.552
4127304,-52.8489,-22.873,-52.5373,-22.5655
4127403,-54.1785,-24.3959,-53.9581,-23.9815
4127502,-50.8765,-25.007,-50.0855,-24.2578
4127601,-49.3052,-26.031,-48.9536,-25.74
4127700,-54.0421,-24.9417,-53.5344,-24.4529
4127809,-50.0936,-23.9043,-49.8251,-23.5366
4127858,-53.3712,-25.5914,-53.0803,-25.3021
4127882,-49.1254,-25.0504,-48.6498,-24.8272
4127908,-53.0267,-24.0294,-52.6949,-23.6887
4127957,-53.6011,-24.7494,-53.4154,-24.5197
4127965,-51.7838,-25.1765,-51.2939,-24.7545
4128005,-53.1818,-24.6735,-52.8725,-24.3464
4128104,-53.6654,-23.9647,-53.1753,-23.4483
4128203,-51.2846,-26.3015,-50.897,-25.9396
4128302,-52.1902,-23.1143,-52.0169,-23.0189
4128401,-50.9028,-23.3047,-50.7278,-23.1093
4128500,-49.9234,-24.0058,-49.6721,-23.7329
4128534,-50.3639,-24.4274,-50.0939,-23.9538
4128559,-54.0446,-25.1027,-53.8108,-24.8892
4128609,-53.0954,-25.9509,-52.8422,-25.7444
4128625,-54.0301,-23.6739,-53.6506,-23.3589
4128633,-49.6468,-24.7977,-49.203,-24.4016
4128658,-52.3068,-25.5769,-52.163,-25.2633
4128708,-52.9418,-26.361,-52.6604,-26.1462
4128807,-53.7495,-23.8475,-53.4537,-23.6509
4200051,-51.1856,-27.6646,-50.932,-27.5044
4200101,-52.4811,-26.7274,-52.0266,-26.4227
4200200,-49.9108,-27.5857,-49.7505,-27.3468
4200309,-49.792,-27.3972,-49.6589,-27.244
4200408,-51.8827,-27.0702,-51.4067,-26.5656
4200507,-53.0439,-27.1569,-52.8968,-26.9453
4200556,-52.9197,-26.8963,-52.7846,-26.7967
4200606,-49.0359,-27.8659,-48.8053,-27.6245
4200705,-49.5099,-27.8751,-49.1485,-27.5577
4200754,-52.0081,-27.5205,-51.8572,-27.3316
4200804,-53.4617,-26.6199,-53.2288,-26.4436
4200903,-49.2621,-27.6477,-48.8967,-27.4437
4201000,-51.274,-27.8711,-50.9056,-27.5918
4201109,-49.3104,-28.0068,-49.0065,-27.734
4201208,-48.9235,-27.5753,-48.7226,-27.3962
4201257,-49.4952,-27.2559,-49.2202,-26.9817
4201273,-52.2513,-27.2014,-52.0839,-27.0685
4201307,-48.9078,-26.5981,-48.6496,-26.2858
4201406,-49.6229,-29.0581,-49.2906,-28.8333
4201505,-49.0833,-28.3193,-48.9213,-28.1483
4201604,-51.4083,-26.9836,-51.2687,-26.8659
4201653,-52.5085,-27.1311,-52.3897,-26.9914
4201703,-49.4676,-27.021,-49.2996,-26.9147
4201802,-49.8171,-27.4864,-49.6748,-27.3846
4201901,-49.6919,-27.3993,-49.4802,-27.2591
4201950,-49.5661,-29.0925,-49.3768,-28.9414
4202008,-48.6832,-27.0606,-48.5667,-26.9548
4202057,-48.7122,-26.5485,-48.5931,-26.3601
4202073,-49.7114,-29.2402,-49.5136,-29.0581
4202081,-53.743,-26.847,-53.5738,-26.6834
4202099,-53.495,-26.7439,-53.3669,-26.5828
4202107,-48.8063,-26.7401,-48.6638,-26.5595
4202131,-50.5857,-26.6431,-50.3957,-26.2285
4202156,-53.6958,-26.8958,-53.5448,-26.8087
4202206,-49.5531,-26.9396,-49.3276,-26.6471
4202305,-48.8357,-27.5436,-48.5984,-27.3203
4202404,-49.2005,-27.1321,-49.012,-26.6125
4202438,-50.0456,-27.9006,-49.7537,-27.6169
4202453,-48.5843,-27.2216,-48.4652,-27.1108
4202503,-49.8307,-28.6285,-49.474,-28.115
4202537,-52.4397,-26.7943,-52.3529,-26.6718
4202578,-53.1369,-26.7399,-53.0579,-26.6264
4202602,-49.8467,-27.9522,-49.2814,-27.6
4202701,-49.2633,-27.3119,-48.9752,-27.1185
4202800,-49.2755,-28.3583,-49.0674,-28.1411
4202859,-49.9559,-27.4341,-49.8479,-27.3055
4202875,-50.9775,-27.4693,-50.7371,-27.2253
4202909,-49.0234,-27.2561,-48.7903,-26.9974
4203006,-51.4115,-26.9028,-50.7998,-26.6254
4203105,-53.3528,-27.1395,-53.1907,-26.917
4203154,-51.2389,-26.7653,-50.7834,-26.496
4203204,-48.8119,-27.1549,-48.6108,-26.9705
4203253,-50.9031,-28.296,-50.3575,-27.8327
4203303,-49.4281,-26.2679,-48.9494,-25.9837
4203402,-50.9791,-28.0512,-50.6051,-27.5928
4203501,-53.2899,-26.5786,-52.9371,-26.3436
4203600,-51.5486,-27.6329,-50.8184,-27.1884
4203709,-48.8965,-27.3587,-48.7004,-27.1353
4203808,-50.7043,-26.609,-50.2932,-26.0022
4203907,-51.7363,-27.5197,-51.4572,-27.274
4203956,-48.9875,-28.5244,-48.895,-28.3833
4204004,-51.8321,-27.1175,-51.6094,-26.9428
4204103,-53.0022,-27.2207,-52.8363,-27.0805
4204152,-51.4573,-27.7387,-51.1922,-27.5666
4204178,-51.0579,-27.9646,-50.8402,-27.5689
4204194,-49.6398,-27.6622,-49.4718,-27.5119
4204202,-52.8413,-27.2837,-52.4803,-26.9376
4204251,-49.4024,-28.6371,-49.2454,-28.5622
4204301,-52.2776,-27.378,-51.7877,-27.1053
4204350,-52.7177,-27.0354,-52.585,-26.9218
4204400,-52.8604,-26.9729,-52.6154,-26.7875
4204459,-52.7549,-26.6014,-52.6079,-26.4835
4204509,-49.4955,-26.5475,-49.1578,-26.3079
4204558,-50.5693,-27.7493,-50.1904,-27.4564
4204608,-49.4779,-28.855,-49.2435,-28.6334
4204707,-53.2955,-26.9553,-53.1029,-26.7998
4204756,-53.1425,-27.0289,-53.0467,-26.9223
4204806,-50.7704,-27.5039,-50.4626,-27.0512
4204905,-53.6058,-26.9495,-53.3749,-26.7701
4205001,-53.7085,-26.4298,-53.3397,-26.2416
4205100,-49.9152,-27.0594,-49.6601,-26.9121
4205159,-49.6815,-26.8558,-49.4462,-26.5638
4205175,-52.6471,-26.8082,-52.5342,-26.6641
4205191,-49.7254,-29.0203,-49.5829,-28.9484
4205209,-51.5535,-27.3467,-51.2881,-27.2211
4205308,-52.3655,-26.9761,-52.1232,-26.7133
4205357,-53.3972,-26.8085,-53.2854,-26.7011
4205407,-48.6061,-27.8389,-48.3583,-27.3816
4205431,-52.8543,-26.6852,-52.7273,-26.5874
4205456,-49.5958,-28.8577,-49.4069,-28.7126
4205506,-51.0497,-27.1832,-50.6962,-26.8723
4205555,-50.8374,-27.3057,-50.681,-27.1173
4205605,-52.7557,-26.5044,-52.6014,-26.3804
4205704,-48.7246,-28.1168,-48.5984,-27.9442
4205803,-49.0578,-26.148,-48.6802,-25.9805
4205902,-49.0657,-27.0605,-48.8438,-26.7762
4206009,-48.6347,-27.4334,-48.5237,-27.2978
4206108,-49.4421,-28.2642,-49.1747,-27.9833
4206207,-49.1059,-28.4253,-48.934,-28.2741
4206306,-49.1395,-27.2011,-48.9249,-27.0202
4206405,-53.7404,-26.6614,-53.4121,-26.4996
4206504,-49.0515,-26.5732,-48.8309,-26.3734
4206603,-53.585,-26.4353,-53.3925,-26.3652
4206652,-52.8584,-27.2098,-52.7061,-27.0112
4206702,-51.5401,-27.2636,-51.2782,-27.1146
4206751,-51.3229,-27.2867,-51.1127,-27.1368
4206801,-51.4633,-27.1918,-51.2947,-27.0181
4206900,-49.6006,-27.1352,-49.456,-26.8911
4207007,-49.3568,-28.8825,-49.1728,-28.6699
4207106,-48.9878,-26.9676,-48.7562,-26.7622
4207205,-48.9588,-28.361,-48.7232,-28.0714
4207304,-48.7621,-28.3426,-48.6304,-28.0828
4207403,-49.482,-27.5888,-49.301,-27.4352
4207502,-49.3244,-27.1639,-49.1285,-26.8306
4207577,-51.3525,-27.0345,-51.1959,-26.9215
4207601,-51.8853,-27.4636,-51.7272,-27.284
4207650,-53.5895,-27.09,-53.375,-26.9348
4207684,-52.5762,-26.8082,-52.3864,-26.5669
4207700,-52.2485,-27.1568,-52.0421,-26.9255
4207759,-53.4195,-26.9299,-53.2362,-26.7804
4207809,-52.0192,-27.1353,-51.8012,-26.9234
4207858,-52.9441,-26.6723,-52.8342,-26.5929
4207908,-50.9025,-26.525,-50.637,-26.1883
4208005,-52.4416,-27.3187,-52.1873,-27.1802
4208104,-50.127,-26.7852,-49.6532,-26.231
4208203,-48.8691,-27.0965,-48.6209,-26.8372
4208302,-48.6889,-27.152,-48.5841,-27.0488
4208401,-53.8358,-27.2204,-53.5472,-27.0037
4208450,-48.7502,-26.2057,-48.5676,-25.9555
4208500,-49.6932,-27.5839,-49.3873,-27.3042
4208609,-51.8883,-27.2097,-51.6484,-27.0718
4208708,-50.007,-29.1211,-49.6983,-28.8798
4208807,-49.2082,-28.8002,-48.8546,-28.5329
4208906,-49.2981,-26.6478,-49.0146,-26.2165
4208955,-52.9251,-26.7825,-52.8171,-26.6676
4209003,-51.687,-27.2415,-51.4795,-27.0408
4209102,-49.2016,-26.4488,-48.7399,-26.0734
4209151,-49.7701,-27.0099,-49.5433,-26.6987
4209177,-52.7758,-26.463,-52.6444,-26.3417
4209201,-51.6563,-27.3143,-51.5225,-27.1997
4209300,-50.6953,-28.4325,-49.9986,-27.5687
4209409,-48.9487,-28.615,-48.7071,-28.3364
4209458,-52.6208,-26.8936,-52.4721,-26.8007
4209508,-49.8025,-27.262,-49.6835,-27.1426
4209607,-49.5668,-28.4642,-49.3333,-28.3036
4209706,-50.8535,-27.0997,-50.4874,-26.6539
4209805,-49.3265,-27.6546,-49.1618,-27.3205
4209854,-52.128,-27.1437,-51.9702,-26.9416
4209904,-49.5927,-27.2999,-49.4365,-27.0787
4210001,-49.0349,-26.823,-48.7944,-26.6278
4210035,-51.6024,-27.1448,-51.4255,-27.0456
4210050,-51.4734,-26.881,-51.2366,-26.7198
4210100,-50.2076,-26.4871,-49.6027,-26.0083
4210209,-49.226,-27.5024,-48.8957,-27.3408
4210308,-50.4925,-26.7284,-50.2322,-26.2863
4210407,-49.5243,-28.9093,-49.3988,-28.8139
4210506,-53.3046,-26.8144,-53.0906,-26.6938
4210555,-52.7167,-26.8645,-52.5499,-26.7517
4210605,-49.114,-26.7731,-48.8508,-26.5153
4210704,-51.2991,-26.6077,-50.9648,-26.3867
4210803,-49.6806,-28.9171,-49.5103,-28.7482
4210852,-50.3493,-27.2752,-49.9913,-27.0735
4210902,-53.1252,-26.8171,-52.9607,-26.7325
4211009,-53.548,-27.2038,-53.3243,-27.007
4211058,-51.0375,-27.2752,-50.8179,-27.1184
4211108,-50.4404,-26.8628,-50.1679,-26.4435
4211207,-49.3594,-28.6878,-49.1754,-28.5889
4211256,-49.8405,-28.8619,-49.6487,-28.6105
4211306,-48.8243,-26.9137,-48.619,-26.7403
4211405,-52.95,-26.9751,-52.8461,-26.8491
4211454,-52.921,-27.0179,-52.7576,-26.9002
4211504,-49.2263,-27.4252,-48.8658,-27.1824
4211603,-49.7126,-28.7761,-49.4514,-28.6209
4211652,-52.8831,-26.5954,-52.6883,-26.4043
4211702,-49.5502,-28.4337,-49.1901,-28.1257
4211751,-50.1811,-27.6914,-49.7296,-27.303
4211801,-51.7595,-27.3687,-51.5918,-27.183
4211850,-52.3704,-26.7797,-52.1786,-26.6432
4211876,-52.5448,-27.2662,-52.4,-27.1591
4211892,-50.2143,-28.1622,-49.8672,-27.7912
4211900,-48.7477,-27.917,-48.5725,-27.6067
4212007,-53.4181,-26.5239,-53.1586,-26.2452
4212056,-50.3014,-27.7083,-50.0419,-27.44
4212106,-53.3211,-27.218,-53.069,-26.9427
4212205,-50.2926,-26.8159,-50.0644,-26.2104
4212239,-53.7584,-26.7488,-53.5878,-26.5785
4212254,-49.7913,-29.3287,-49.6444,-29.2055
4212270,-52.1478,-26.8598,-51.7599,-26.5462
4212304,-48.8941,-28.0948,-48.5829,-27.7975
4212403,-49.294,-28.5906,-49.1129,-28.3894
4212502,-48.7107,-26.8464,-48.5839,-26.7613
4212601,-51.939,-27.4257,-51.8184,-27.2967
4212700,-49.787,-27.6563,-49.5829,-27.4496
4212809,-48.817,-26.815,-48.6612,-26.7052
4212908,-53.0525,-26.8866,-52.9004,-26.7517
4213005,-51.3179,-27.0878,-51.1476,-27.0181
4213104,-51.8696,-27.5304,-51.686,-27.3892
4213153,-52.9053,-27.1113,-52.8292,-26.9719
4213203,-49.2356,-26.8394,-49.1054,-26.6135
4213302,-50.4942,-27.5613,-50.0748,-27.2701
4213351,-50.6278,-27.2687,-50.2442,-27.092
4213401,-52.1644,-26.9612,-51.6794,-26.7537
4213500,-48.692,-27.2199,-48.5068,-27.1108
4213609,-51.2695,-26.5583,-50.7845,-26.2278
4213708,-50.1295,-27.4186,-49.8215,-27.1881
4213807,-50.1745,-29.3509,-49.8174,-29.0683
4213906,-51.8432,-27.307,-51.6907,-27.1837
4214003,-49.8483,-27.1476,-49.5769,-26.9254
4214102,-49.4888,-27.3571,-49.188,-27.1581
4214151,-53.6875,-26.479,-53.5394,-26.3761
4214201,-52.8465,-26.8399,-52.5949,-26.6407
4214300,-49.211,-27.774,-48.961,-27.5815
4214409,-51.1927,-26.9914,-50.8466,-26.8324
4214508,-50.2905,-27.0316,-49.9469,-26.7905
4214607,-49.9323,-27.2662,-49.7414,-27.0215
4214706,-49.5665,-26.7725,-49.2135,-26.4879
4214805,-49.7171,-27.2896,-49.5275,-27.0801
4214904,-49.3423,-28.19,-49.0306,-27.9699
4215000,-49.7624,-26.7028,-49.4393,-26.1944
4215059,-49.8695,-28.0306,-49.6068,-27.803
4215075,-53.4227,-27.0897,-53.2798,-26.875
4215109,-49.4344,-26.9659,-49.2885,-26.8072
4215208,-53.4103,-26.7643,-53.2199,-26.5426
4215307,-50.0919,-27.0469,-49.9461,-26.8678
4215356,-53.123,-26.6435,-52.9245,-26.531
4215406,-51.5099,-26.9465,-51.362,-26.8382
4215455,-49.1811,-28.7011,-49.0704,-28.5929
4215505,-50.671,-27.1214,-50.2553,-26.648
4215554,-53.6962,-26.9537,-53.5352,-26.8843
4215604,-49.3131,-28.089,-49.0434,-27.935
4215653,-49.8326,-29.2055,-49.6545,-29.0388
4215679,-50.1385,-26.839,-49.8286,-26.5025
4215687,-53.2422,-26.6433,-53.0921,-26.5262
4215695,-52.7499,-26.6736,-52.618,-26.5802
4215703,-48.9138,-27.8749,-48.675,-27.6143
4215752,-53.0638,-26.568,-52.9209,-26.4079
4215802,-49.4894,-26.427,-49.1682,-26.1616
4215901,-49.0512,-28.1079,-48.8242,-27.8083
4216008,-53.1124,-27.1032,-52.9468,-26.9544
4216057,-50.5085,-27.3679,-50.1751,-27.2155
4216107,-52.6751,-26.6793,-52.4421,-26.3993
4216206,-48.7848,-26.4535,-48.4923,-26.1281
4216255,-53.6623,-27.1662,-53.5194,-27.0086
4216305,-48.9708,-27.4441,-48.7862,-27.2186
4216354,-48.862,-26.6793,-48.7395,-26.5123
4216404,-49.9577,-29.2889,-49.7114,-29.0997
4216503,-50.4238,-28.4973,-49.6714,-28.0874
4216602,-48.7456,-27.6407,-48.6003,-27.5194
4216701,-53.7293,-26.5505,-53.3599,-26.4043
4216800,-50.9614,-27.7867,-50.3915,-27.4206
4216909,-52.9703,-26.5987,-52.7482,-26.3435
4217006,-49.2269,-28.4142,-49.1014,-28.2871
4217105,-49.0658,-28.2397,-48.8685,-27.9904
4217154,-53.3124,-26.7337,-53.1858,-26.6385
4217204,-53.5988,-26.8019,-53.3623,-26.6446
4217253,-48.9589,-27.6265,-48.7271,-27.5454
4217303,-53.1315,-26.9681,-52.9273,-26.8055
4217402,-49.1155,-26.4572,-48.9788,-26.2608
4217501,-52.5179,-27.2395,-52.2158,-27.0254
4217550,-53.0759,-26.7536,-52.9695,-26.6348
4217600,-49.6845,-28.637,-49.3696,-28.5005
4217709,-49.745,-29.1434,-49.5661,-29.0167
4217758,-52.9998,-26.7824,-52.8861,-26.6134
4217808,-50.3341,-27.2143,-49.8713,-26.9682
4217907,-51.3382,-27.2516,-50.9311,-27.0475
4217956,-53.2047,-26.7244,-53.1119,-26.6301
4218004,-48.8091,-27.3542,-48.5958,-27.1342
4218103,-49.9718,-28.9467,-49.7334,-28.6996
4218202,-49.3394,-26.8802,-49.1994,-26.7454
4218251,-50.8572,-26.7812,-50.4876,-26.4982
4218301,-50.3903,-26.3085,-50.1252,-26.0298
4218350,-49.5692,-28.5827,-49.4208,-28.4352
4218400,-49.2432,-28.6407,-49.0303,-28.4981
4218509,-51.5404,-27.0392,-51.3343,-26.8382
4218608,-49.8841,-27.3777,-49.7572,-27.2487
4218707,-49.1842,-28.5942,-48.9011,-28.3622
4218756,-53.7424,-27.0451,-53.5503,-26.9323
4218806,-49.8673,-28.9831,-49.5351,-28.803
4218855,-52.943,-26.8455,-52.7913,-26.7338
4218905,-49.8533,-28.2298,-49.2996,-27.8981
4218954,-50.0548,-28.1116,-49.7446,-27.9102
4219002,-49.4287,-28.5873,-49.2136,-28.3954
4219101,-52.2053,-26.9299,-52.0378,-26.6694
4219150,-51.1035,-27.5608,-50.8016,-27.3781
4219176,-51.8622,-27.0513,-51.6223,-26.8393
4219200,-49.4712,-27.5734,-49.2213,-27.2305
4219309,-51.2881,-27.1265,-50.9686,-26.8486
4219358,-49.9683,-26.9277,-49.7052,-26.7042
4219408,-49.9587,-27,-49.7088,-26.8851
4219507,-52.5342,-27.0131,-52.2944,-26.7488
4219606,-52.4191,-27.0916,-52.234,-26.9389
4219705,-52.6363,-27.0947,-52.4359,-26.856
4219853,-51.6343,-27.5844,-51.4395,-27.3882
4300059,-52.1678,-28.3072,-51.9039,-28.117
4300109,-53.3616,-29.8369,-53.028,-29.4471
4300208,-53.8479,-28.3141,-53.6136,-28.1019
4300307,-54.9064,-27.7618,-54.6556,-27.5298
4300406,-56.6599,-30.2323,-55.1109,-29.2949
4300455,-54.1605,-27.8829,-53.9542,-27.7322
4300505,-53.19,-27.323,-52.9322,-27.0801
4300554,-53.0632,-28.875,-52.9236,-28.7417
4300570,-51.3544,-29.4267,-51.2389,-29.3123
4300604,-51.0931,-30.0513,-50.9482,-29.9561
4300638,-52.4563,-30.9274,-52.0988,-30.6538
4300646,-53.2663,-27.4128,-53.1127,-27.3045
4300661,-51.6154,-28.6942,-51.3895,-28.4844
4300703,-52.092,-29.0751,-51.9053,-28.8765
4300802,-51.4726,-28.9633,-51.1501,-28.8001
4300851,-51.7447,-31.1126,-51.4401,-30.7449
4300877,-50.9629,-29.6911,-50.9038,-29.5955
4300901,-52.3994,-27.5106,-52.2093,-27.2516
4301008,-52.063,-29.4232,-51.873,-29.2906
4301057,-49.9879,-29.6066,-49.8019,-29.4234
4301107,-51.8495,-30.3427,-51.6196,-30.0106
4301206,-53.1938,-29.3733,-52.9172,-29.1362
4301305,-53.3093,-32.4987,-52.4073,-31.8992
4301404,-52.329,-28.975,-52.0062,-28.8031
4301503,-54.1306,-28.6557,-53.8459,-28.4085
4301552,-52.1557,-27.7994,-51.9866,-27.6343
4301602,-54.7008,-31.9582,-53.4292,-30.8381
4301636,-50.3991,-30.3075,-50.2238,-30.1467
4301651,-51.6166,-29.433,-51.3966,-29.351
4301701,-52.5263,-27.6974,-52.3432,-27.4777
4301750,-51.9284,-30.5762,-51.6466,-30.2847
4301800,-51.5829,-27.9285,-51.297,-27.5562
4301859,-53.819,-27.2781,-53.7011,-27.1472
4301875,-57.6432,-30.305,-57.104,-29.9497
4301909,-51.5359,-30.5111,-51.0941,-30.221
4301925,-52.4529,-27.4998,-52.346,-27.2823
4301958,-53.0966,-27.9612,-52.9524,-27.8786
4302006,-52.7525,-29.2468,-52.4268,-28.9519
4302055,-52.7336,-27.5424,-52.5591,-27.4265
4302105,-51.6825,-29.1997,-51.3877,-29.0126
4302154,-53.4052,-27.8065,-53.2563,-27.6006
4302204,-54.1806,-27.7386,-54.0248,-27.6221
4302253,-51.7285,-29.423,-51.6104,-29.2937
4302303,-50.7644,-28.8429,-50.0216,-28.2484
4302352,-51.4049,-29.5521,-51.3158,-29.3942
4302378,-53.9058,-27.5948,-53.7819,-27.4852
4302402,-51.9818,-29.7123,-51.8699,-29.5597
4302451,-52.5358,-29.3941,-52.2883,-29.2135
4302501,-55.3155,-28.8745,-54.6676,-28.4272
4302600,-53.8253,-27.6634,-53.6682,-27.498
4302659,-51.6903,-29.613,-51.5655,-29.4703
4302709,-52.1797,-30.4422,-51.7816,-29.9169
4302808,-53.8209,-30.968,-53.1694,-30.1383
4302907,-55.3126,-30.1439,-54.2641,-29.7264
4303004,-53.3513,-30.6779,-52.6049,-29.7931
4303103,-51.1272,-29.9719,-51.0624,-29.8653
4303202,-51.7695,-27.9042,-51.5901,-27.6918
4303301,-54.7861,-28.4395,-54.5386,-28.1953
4303400,-53.5992,-27.3222,-53.3444,-27.1722
4303509,-52.1202,-31.2856,-51.5377,-30.5712
4303558,-52.3053,-28.6729,-52.1297,-28.5479
4303608,-50.3659,-29.2966,-49.9194,-28.8194
4303673,-51.2605,-28.8833,-50.9573,-28.5549
4303707,-54.9402,-28.0691,-54.7171,-27.855
4303806,-52.7597,-27.8522,-52.5568,-27.564
4303905,-51.0953,-29.715,-50.9956,-29.6151
4304002,-53.9204,-27.7668,-53.7379,-27.5728
4304101,-53.1823,-28.9879,-52.9195,-28.8301
4304200,-52.9792,-29.9266,-52.5736,-29.495
4304309,-54.8305,-28.0132,-54.6165,-27.8369
4304358,-53.9275,-31.8612,-53.5595,-31.3117
4304408,-50.8896,-29.4416,-50.6425,-29.2482
4304507,-52.9924,-31.6716,-52.24,-30.8826
4304606,-51.2491,-29.9711,-51.1055,-29.8587
4304630,-50.0547,-29.7718,-49.9341,-29.6045
4304663,-52.7455,-32.0162,-52.3656,-31.6814
4304671,-50.6539,-30.2527,-50.357,-30.0412
4304689,-51.4637,-29.7875,-51.276,-29.6336
4304697,-52.0365,-29.3293,-51.9196,-29.2333
4304705,-53.1345,-28.3858,-52.6018,-28.0271
4304713,-50.4841,-29.8605,-50.2226,-29.6814
4304804,-51.6466,-29.3819,-51.3535,-29.2535
4304853,-51.9828,-27.7565,-51.8736,-27.6507
4304903,-52.0982,-28.672,-51.8386,-28.5089
4304952,-51.9146,-28.3234,-51.6272,-28.1501
4305009,-54.1797,-28.3686,-53.9039,-27.984
4305108,-51.3066,-29.3581,-50.7822,-28.7948
4305116,-52.0847,-27.8311,-51.9102,-27.694
4305124,-52.9032,-31.8995,-52.6615,-31.5949
4305132,-53.0607,-29.7224,-52.9249,-29.5311
4305157,-53.2198,-27.6699,-53.0923,-27.5873
4305173,-51.8978,-30.6899,-51.6482,-30.4663
4305207,-54.8073,-28.2356,-54.6343,-28.0395
4305306,-53.3011,-28.2676,-52.9544,-27.9204
4305355,-51.6818,-30.0631,-51.4335,-29.9276
4305371,-52.0967,-28.0142,-51.9074,-27.8808
4305405,-54.0336,-28.1149,-53.7511,-27.8514
4305439,-53.5228,-33.7441,-53.3004,-33.5597
4305447,-52.1014,-30.8734,-51.9178,-30.66
4305454,-50.3941,-30.2359,-50.1681,-30.0395
4305504,-52.0181,-28.4937,-51.817,-28.2395
4305587,-51.951,-29.4257,-51.8024,-29.3437
4305603,-53.0785,-28.5892,-52.9136,-28.334
4305702,-53.6448,-28.2729,-53.3105,-28.0394
4305801,-53.1136,-27.8085,-52.8991,-27.5878
4305850,-52.867,-28.2409,-52.6524,-28.0284
4305871,-54.149,-28.4903,-53.9822,-28.3189
4305900,-53.7797,-27.9567,-53.511,-27.6586
4305959,-51.7804,-29.097,-51.6159,-28.927
4305975,-52.5129,-28.2308,-52.1641,-28.0187
4306007,-54.2855,-27.5832,-53.9737,-27.3852
4306056,-52.2778,-31.1804,-51.7881,-30.8813
4306072,-53.309,-27.4965,-53.1773,-27.3679
4306106,-53.9852,-29.0319,-53.2401,-28.4364
4306205,-52.1419,-29.6336,-51.939,-29.4708
4306304,-51.9139,-28.4751,-51.7022,-28.3538
4306320,-54.0541,-27.333,-53.7626,-27.1254
4306353,-55.1517,-28.3215,-54.9902,-28.0759
4306379,-54.327,-29.9336,-53.9498,-29.6854
4306403,-51.1313,-29.6454,-51.0483,-29.5505
4306429,-53.5911,-27.7555,-53.3898,-27.6008
4306452,-51.9314,-29.0253,-51.7493,-28.9188
4306502,-52.3791,-30.884,-51.9714,-30.3335
4306551,-49.9007,-29.4234,-49.8021,-29.3071
4306601,-55.1461,-31.442,-53.9245,-30.596
4306700,-53.4036,-29.6377,-53.286,-29.485
4306734,-54.4764,-27.5738,-54.2292,-27.4021
4306759,-52.0484,-29.1546,-51.8961,-29.0179
4306767,-51.7015,-30.2134,-51.2613,-29.9482
4306809,-52.001,-29.2953,-51.8501,-29.1359
4306908,-53.0198,-30.9641,-52.3345,-30.2089
4306924,-52.9659,-27.7504,-52.8542,-27.6068
4306932,-54.4626,-28.6676,-54.0924,-28.3118
4306957,-52.8023,-27.5936,-52.6584,-27.4317
4306973,-52.4082,-27.9049,-52.2355,-27.7454
4307005,-52.61,-27.9601,-52.1474,-27.4852
4307054,-52.6487,-28.6056,-52.4431,-28.319
4307104,-53.9543,-32.2376,-52.9172,-31.6743
4307203,-52.6911,-27.492,-52.4953,-27.2371
4307302,-53.6661,-27.6355,-53.38,-27.3417
4307401,-51.3822,-28.2343,-50.9896,-27.719
4307450,-54.1149,-27.3998,-53.9164,-27.2622
4307500,-53.0336,-29.0755,-52.7089,-28.6454
4307559,-52.3713,-27.9762,-52.2154,-27.8753
4307609,-51.2309,-29.6956,-51.1325,-29.6084
4307708,-51.2311,-29.8718,-51.1007,-29.8291
4307807,-51.9987,-29.6089,-51.8417,-29.4167
4307815,-53.2672,-29.3638,-53.0637,-29.1295
4307831,-54.3791,-28.7266,-54.1266,-28.4298
4307864,-51.817,-28.937,-51.6199,-28.8343
4307906,-51.4916,-29.3326,-51.2579,-29.0556
4308003,-53.5679,-29.6259,-53.372,-29.4884
4308052,-52.7423,-27.444,-52.6008,-27.2951
4308078,-51.8891,-29.6483,-51.7941,-29.5284
4308102,-51.3399,-29.5257,-51.1962,-29.388
4308201,-51.37,-29.1141,-51.1101,-28.9292
4308250,-52.1511,-27.9134,-51.9186,-27.7942
4308300,-52.5033,-29.1636,-52.2138,-28.8699
4308409,-53.677,-30.099,-53.251,-29.8612
4308458,-53.5105,-29.0923,-53.112,-28.7253
4308508,-53.4933,-27.4264,-53.248,-27.2201
4308607,-51.801,-29.3087,-51.4897,-29.1968
4308656,-55.7808,-28.4154,-55.2983,-28.0757
4308706,-52.1866,-27.6787,-52.0373,-27.507
4308805,-52.0581,-29.9595,-51.7154,-29.7019
4308854,-52.1149,-28.4758,-51.9633,-28.3031
4308904,-52.2777,-27.9721,-52.0675,-27.7341
4309001,-54.5192,-28.165,-54.0685,-27.8204
4309050,-50.8545,-29.9988,-50.6786,-29.7663
4309100,-50.9874,-29.5011,-50.8006,-29.2831
4309126,-53.0161,-27.5039,-52.8088,-27.3839
4309159,-52.7296,-29.3759,-52.5005,-29.2138
4309209,-51.1003,-30.0156,-50.8109,-29.7652
4309258,-51.7436,-28.6693,-51.5919,-28.5118
4309308,-51.5819,-30.2773,-51.302,-30.0522
4309407,-52.0322,-28.9476,-51.7785,-28.7545
4309506,-54.7001,-28.2994,-54.4872,-28.0534
4309555,-51.4624,-29.5901,-51.3757,-29.5018
4309571,-52.775,-29.5007,-52.5663,-29.3898
4309605,-54.4077,-27.6778,-54.1923,-27.4985
4309654,-54.0125,-31.8068,-53.7331,-31.2201
4309704,-54.0893,-27.6547,-53.8895,-27.5169
4309753,-53.2869,-29.4943,-53.0871,-29.3422
4309803,-51.9416,-28.2464,-51.6027,-27.9905
4309902,-51.7596,-28.4794,-51.4976,-28.252
4309951,-52.6625,-28.7038,-52.3135,-28.5307
4310009,-53.42,-28.7257,-53.0138,-28.4459
4310108,-50.9106,-29.6167,-50.6915,-29.5128
4310207,-54.0751,-28.5504,-53.6581,-28.056
4310306,-52.2294,-28.9789,-52.0661,-28.8774
4310330,-50.1545,-29.9861,-50.0751,-29.884
4310363,-51.8599,-29.4081,-51.6906,-29.2941
4310405,-54.3491,-28.0187,-54.0389,-27.797
4310413,-54.1138,-28.0215,-53.9486,-27.824
4310439,-51.4599,-28.8562,-51.1419,-28.5771
4310462,-52.5261,-27.9909,-52.3336,-27.8575
4310504,-53.3267,-27.3392,-53.1578,-27.1695
4310538,-53.8417,-29.6573,-53.6867,-29.4613
4310553,-55.5493,-28.9813,-54.96,-28.6487
4310579,-52.3285,-28.8283,-52.0596,-28.68
4310603,-56.7797,-29.4269,-55.4765,-28.8477
4310702,-52.5402,-27.4942,-52.4189,-27.2166
4310751,-53.6544,-29.5796,-53.5067,-29.4404
4310801,-51.2038,-29.6381,-51.1159,-29.5316
4310850,-53.318,-27.7137,-53.2039,-27.5175
4310900,-52.648,-27.8859,-52.443,-27.6812
4311007,-53.6783,-32.6577,-52.9641,-32.147
4311106,-54.8623,-29.6291,-54.4081,-29.3095
4311122,-50.6065,-29.1399,-50.1589,-28.7777
4311130,-54.5125,-29.461,-54.0646,-29.0889
4311155,-54.4124,-28.9308,-53.8978,-28.5514
4311205,-54.0265,-29.6042,-53.2426,-28.9589
4311254,-52.8992,-29.3674,-52.6613,-29.1147
4311270,-52.9318,-28.6288,-52.7462,-28.5182
4311304,-51.6949,-28.5467,-51.2435,-27.8486
4311403,-52.3119,-29.4969,-51.9186,-29.288
4311429,-53.2634,-27.7545,-53.1491,-27.6523
4311502,-54.7227,-30.9884,-53.6637,-30.4758
4311601,-53.1609,-27.658,-52.9459,-27.4326
4311627,-51.2629,-29.6226,-51.1883,-29.5471
4311643,-51.2721,-29.5039,-51.1681,-29.4089
4311700,-51.8024,-27.6999,-51.5605,-27.4778
4311718,-56.2681,-29.2366,-55.2455,-28.8561
4311734,-50.1146,-29.3491,-49.8852,-29.1987
4311759,-55.8531,-29.6649,-55.3279,-29.1941
4311775,-50.3588,-29.8142,-50.0216,-29.4333
4311791,-51.5896,-29.6145,-51.4926,-29.4761
4311809,-52.5111,-28.6556,-52.0618,-28.3163
4311908,-52.0736,-27.5947,-51.8275,-27.3313
4311981,-51.6866,-30.418,-51.4289,-30.1732
4312005,-52.231,-27.4082,-52.1059,-27.2723
4312054,-52.2575,-29.4027,-52.0301,-29.1931
4312104,-54.5754,-29.6465,-54.3299,-29.4439
4312138,-52.3039,-28.3569,-52.061,-28.171
4312153,-52.1795,-29.5643,-52.0906,-29.4765
4312203,-51.8995,-27.6786,-51.7234,-27.5123
4312252,-52.1691,-30.216,-51.9701,-29.9316
4312302,-53.8427,-27.5521,-53.6595,-27.4384
4312351,-52.1102,-28.7118,-51.9864,-28.6138
4312377,-50.9616,-28.8411,-50.6739,-28.5528
4312385,-51.695,-29.1876,-51.5949,-29.0882
4312401,-51.6622,-29.8442,-51.3494,-29.5686
4312427,-52.7338,-28.7588,-52.5882,-28.6058
4312443,-50.0336,-29.4318,-49.8835,-29.2533
4312450,-52.7365,-31.7401,-52.5464,-31.5036
4312476,-51.1171,-29.5612,-50.9644,-29.4647
4312500,-51.1798,-31.2058,-50.333,-30.5003
4312609,-51.9145,-29.1861,-51.733,-29.0937
4312617,-51.4067,-28.6497,-51.0345,-28.1533
4312625,-51.857,-28.3814,-51.6959,-28.2419
4312658,-52.9449,-28.5559,-52.6831,-28.3666
4312674,-52.5549,-28.5746,-52.3485,-28.4671
4312708,-53.1317,-27.5028,-52.6842,-27.2022
4312757,-52.2608,-28.7624,-52.0761,-28.6512
4312807,-51.8632,-28.6829,-51.6682,-28.6091
4312906,-51.8584,-28.7952,-51.6615,-28.6572
4312955,-53.0581,-28.0509,-52.9083,-27.9478
4313003,-52.2015,-29.2701,-51.9576,-29.0877
4313011,-54.2094,-27.6534,-54.0433,-27.5507
4313037,-54.9317,-29.5051,-54.7391,-29.3116
4313060,-50.9466,-29.6365,-50.8523,-29.5472
4313086,-51.3839,-29.0661,-51.245,-28.9254
4313102,-53.5321,-29.5241,-53.2358,-29.3382
4313201,-51.2258,-29.4528,-50.9547,-29.2904
4313300,-51.7135,-28.835,-51.4936,-28.6281
4313334,-53.8133,-28.1666,-53.5853,-27.9826
4313359,-51.4779,-29.0686,-51.3397,-28.9187
4313375,-51.3717,-29.9372,-51.1791,-29.7561
4313391,-53.078,-29.8456,-52.8987,-29.6567
4313409,-51.1786,-29.8295,-50.9343,-29.6365
4313425,-54.6363,-27.6307,-54.423,-27.4526
4313441,-53.2306,-27.6043,-53.0955,-27.5082
4313490,-53.2108,-27.9933,-53.0398,-27.8128
4313508,-50.4646,-30.1023,-50.064,-29.7252
4313607,-51.8924,-27.8074,-51.6713,-27.666
4313656,-50.729,-30.5003,-50.2504,-30.1969
4313706,-53.6249,-28.1946,-53.1018,-27.6904
4313805,-53.664,-27.3959,-53.5122,-27.2447
4313904,-53.7216,-28.4915,-53.3726,-28.2197
4313953,-52.5574,-30.4486,-52.153,-30.0783
4314001,-51.8707,-28.6582,-51.7046,-28.5318
4314027,-53.2203,-29.8518,-53.0322,-29.5575
4314035,-51.468,-29.6614,-51.3772,-29.5627
4314050,-50.929,-29.7289,-50.7951,-29.5832
4314068,-53.0135,-29.5206,-52.7492,-29.3162
4314076,-52.3338,-29.8723,-52.1198,-29.6659
4314100,-52.6766,-28.4118,-52.2124,-28.1197
4314159,-51.8165,-29.6487,-51.6375,-29.5003
4314209,-53.1233,-32.1066,-52.6594,-31.8567
4314308,-53.7604,-28.5707,-53.448,-28.3183
4314407,-52.6116,-31.8002,-52.0092,-31.3217
4314423,-51.1793,-29.5102,-51.0079,-29.3978
4314456,-53.2825,-27.5863,-53.1683,-27.4806
4314472,-53.4671,-29.437,-53.2094,-29.1688
4314498,-53.7172,-27.2851,-53.5527,-27.1605
4314506,-53.7727,-31.8664,-53.1655,-30.9493
4314555,-55.384,-28.1866,-55.0992,-27.9657
4314605,-53.387,-31.8907,-52.825,-30.9208
4314704,-53.2143,-27.4338,-52.9445,-27.2681
4314753,-51.6912,-29.4818,-51.5704,-29.3988
4314779,-52.8355,-28.1717,-52.4883,-27.9107
4314787,-52.5754,-27.7245,-52.4429,-27.6023
4314803,-51.3074,-29.8037,-51.1836,-29.5804
4314902,-51.3053,-30.2692,-51.0116,-29.9318
4315008,-55.084,-27.9364,-54.8198,-27.769
4315057,-54.7357,-27.6618,-54.5894,-27.5045
4315073,-54.9981,-27.8208,-54.819,-27.6896
4315107,-55.2773,-28.0366,-55.0433,-27.8418
4315131,-52.2936,-29.2294,-52.1561,-29.0941
4315149,-51.2361,-29.5585,-51.112,-29.4917
4315156,-52.4381,-29.3398,-52.1609,-29.1401
4315172,-51.5739,-28.8559,-51.4228,-28.6488
4315206,-52.2313,-29.1168,-52.0457,-28.9443
4315305,-56.6672,-30.5349,-55.657,-30.0475
4315321,-54.2115,-29.4827,-53.9129,-29.1026
4315354,-53.2641,-28.8812,-53.0124,-28.6816
4315404,-53.7346,-27.7092,-53.5525,-27.4188
4315453,-52.1508,-29.1782,-51.9801,-29.0576
4315503,-53.5643,-29.9717,-53.0813,-29.6257
4315552,-52.9706,-27.3399,-52.7816,-27.1613
4315602,-52.6944,-32.6436,-52.0631,-31.7738
4315701,-52.7554,-30.3733,-52.104,-29.7852
4315750,-50.488,-29.7188,-50.3132,-29.4941
4315800,-51.9169,-29.3521,-51.7463,-29.1344
4315909,-53.2462,-27.5224,-53.1196,-27.4006
4316006,-50.6832,-29.7335,-50.4311,-29.538
4316105,-52.8982,-27.9476,-52.5727,-27.6707
4316204,-53.0323,-27.915,-52.7575,-27.7378
4316303,-55.3374,-28.193,-54.9244,-27.9243
4316402,-55.6898,-30.7351,-54.6262,-30.0169
4316428,-53.197,-27.7604,-53.0673,-27.6421
4316436,-53.1708,-28.4976,-52.9894,-28.2772
4316451,-53.4523,-29.1822,-52.9257,-28.9546
4316477,-54.8658,-28.1887,-54.7906,-28.0079
4316501,-51.6431,-29.5708,-51.4506,-29.407
4316600,-51.9612,-28.1379,-51.633,-27.7883
4316709,-53.4638,-28.5893,-53.111,-28.1459
4316758,-52.2266,-29.4855,-52.0415,-29.4208
4316808,-52.5645,-29.9248,-52.2987,-29.3749
4316907,-54.1319,-30.0047,-53.5159,-29.549
4316956,-51.0618,-29.5539,-50.8981,-29.3869
4317004,-53.4324,-31.0298,-52.9476,-30.4514
4317103,-56.2892,-31.3322,-54.9712,-30.2759
4317202,-54.6849,-27.9839,-54.3561,-27.6971
4317251,-51.7575,-29.2127,-51.6533,-29.0771
4317301,-53.5357,-33.7516,-52.4252,-32.6337
4317400,-55.1318,-29.3951,-54.3662,-28.7156
4317509,-54.5406,-28.3656,-54.1007,-28.1354
4317558,-52.0966,-28.5457,-51.9139,-28.4373
4317608,-50.7515,-30.0535,-50.372,-29.6766
4317707,-55.7718,-28.707,-55.1545,-28.2074
4317756,-52.7737,-28.4694,-52.5843,-28.2697
4317806,-53.899,-28.0396,-53.5675,-27.7543
4317905,-54.8619,-27.8888,-54.5508,-27.686
4317954,-51.7394,-27.9943,-51.5874,-27.85
4318002,-56.324,-29.0817,-55.2906,-28.339
4318051,-51.9238,-28.5898,-51.8023,-28.4816
4318101,-55.4821,-29.7104,-54.7828,-29.1881
4318200,-50.944,-29.5601,-50.0368,-28.7716
4318309,-54.8775,-30.7774,-53.8692,-29.8931
4318408,-52.1582,-30.636,-51.6184,-29.9443
4318424,-51.9392,-27.8667,-51.7368,-27.7094
4318432,-53.5466,-29.7006,-53.3833,-29.5851
4318440,-51.797,-28.5612,-51.6132,-28.4492
4318457,-53.2041,-27.8458,-53.0553,-27.7443
4318465,-52.3376,-29.1299,-52.204,-29.0033
4318481,-51.3079,-29.5901,-51.1775,-29.4823
4318499,-54.1965,-27.7879,-54.0579,-27.6845
4318507,-52.1107,-32.182,-51.1913,-31.4576
4318606,-51.6939,-27.901,-51.4474,-27.6321
4318622,-50.2163,-28.9015,-49.6911,-28.4383
4318705,-51.2096,-29.8108,-51.0675,-29.6719
4318804,-52.4748,-31.5218,-51.7791,-30.9829
4318903,-55.2091,-28.6383,-54.5369,-28.1409
4319000,-51.1844,-29.0413,-50.9175,-28.8723
4319109,-54.0694,-27.7811,-53.8211,-27.6621
4319125,-54.0992,-29.6109,-53.6866,-29.3423
4319158,-54.7359,-29.0673,-54.3294,-28.4035
4319208,-55.4372,-28.3442,-55.0542,-28.0349
4319307,-55.079,-28.0571,-54.8603,-27.9047
4319356,-51.5846,-29.4382,-51.435,-29.3997
4319372,-54.9434,-28.202,-54.8552,-28.0452
4319406,-54.5009,-29.7474,-53.9783,-29.4576
4319505,-51.4099,-29.6556,-51.276,-29.5133
4319604,-53.9752,-30.5263,-53.1238,-29.891
4319703,-52.6777,-27.6145,-52.4759,-27.4579
4319711,-51.8136,-29.1363,-51.7098,-28.9939
4319737,-53.9809,-27.8953,-53.8102,-27.7625
4319752,-51.4006,-29.4199,-51.3315,-29.3511
4319802,-55.1421,-29.8563,-54.463,-29.5285
4319901,-51.0565,-29.7058,-50.9416,-29.5416
4320008,-51.197,-29.8687,-51.0675,-29.7759
4320107,-53.0745,-28.0703,-52.7408,-27.7917
4320206,-53.4923,-27.6194,-53.273,-27.3876
4320230,-54.0364,-27.6956,-53.8807,-27.5871
4320263,-53.0301,-29.3975,-52.8125,-29.1858
4320305,-53.037,-28.7736,-52.9155,-28.5796
4320321,-54.5952,-28.116,-54.4551,-27.9442
4320354,-51.6972,-30.7594,-51.4908,-30.5021
4320404,-52.0665,-28.763,-51.8229,-28.61
4320453,-52.3177,-29.4578,-52.1548,-29.3528
4320503,-52.5796,-28.0898,-52.086,-27.9358
4320552,-51.7564,-30.5429,-51.5238,-30.3832
4320578,-54.5438,-28.2464,-54.395,-28.07
4320602,-52.1996,-27.4805,-52.0283,-27.3382
4320651,-53.6495,-29.7006,-53.467,-29.572
4320677,-52.7647,-29.5852,-52.4313,-29.304
4320701,-53.1364,-29.5569,-52.9368,-29.3371
4320800,-52.8163,-29.1437,-52.2489,-28.635
4320859,-51.7975,-29.7328,-51.6582,-29.5997
4320909,-52.1282,-28.2147,-51.8577,-27.9764
4321006,-52.9415,-28.7342,-52.7511,-28.5945
4321105,-51.6299,-30.8822,-51.2678,-30.4733
4321204,-50.9567,-29.797,-50.5875,-29.4716
4321303,-51.9553,-29.862,-51.7157,-29.6134
4321329,-53.5713,-27.4598,-53.4241,-27.3507
4321352,-51.2378,-31.4956,-50.8473,-31.123
4321402,-53.9057,-27.4546,-53.638,-27.2616
4321436,-50.2525,-29.6524,-49.9226,-29.3233
4321451,-51.873,-29.5434,-51.6676,-29.3872
4321477,-54.2165,-27.4596,-54.008,-27.2533
4321493,-54.4163,-29.549,-54.1904,-29.4021
4321501,-49.9009,-29.4431,-49.7112,-29.2139
4321600,-50.3482,-30.0971,-50.1175,-29.9664
4321626,-52.1689,-29.3536,-52.033,-29.2077
4321634,-52.245,-27.5688,-52.0665,-27.4074
4321667,-50.077,-29.6016,-49.8352,-29.3718
4321709,-50.9101,-29.5403,-50.6567,-29.4021
4321808,-54.4232,-27.8428,-54.1064,-27.5912
4321832,-50.182,-29.5509,-50.002,-29.3382
4321857,-52.9635,-27.6931,-52.7331,-27.5438
4321907,-54.0362,-27.5293,-53.8254,-27.3229
4321956,-53.0503,-27.5974,-52.7392,-27.4535
4322004,-51.7583,-29.9875,-51.2651,-29.6287
4322103,-54.5657,-27.7155,-54.2838,-27.547
4322152,-53.0014,-29.2061,-52.7902,-29.0307
4322186,-51.6153,-27.9903,-51.4571,-27.8585
4322202,-54.4592,-29.2202,-53.5642,-28.7965
4322251,-51.4717,-29.5252,-51.3836,-29.4296
4322301,-54.6806,-27.7961,-54.4334,-27.5891
4322327,-52.3085,-31.5973,-52.009,-31.377
4322343,-54.7377,-28.0973,-54.5832,-27.936
4322350,-52.0849,-28.8455,-51.9556,-28.7065
4322376,-55.3221,-29.2141,-54.9872,-28.9322
4322400,-57.3287,-30.2054,-56.1497,-29.3997
4322509,-51.1587,-28.7904,-50.7074,-27.9418
4322525,-52.2321,-29.9568,-52.0139,-29.7033
4322533,-52.798,-29.7385,-52.5948,-29.4323
4322541,-51.2814,-29.4181,-51.2071,-29.2944
4322558,-51.9149,-28.5385,-51.7729,-28.4568
4322608,-52.462,-29.765,-51.9425,-29.3403
4322707,-52.6263,-29.8793,-52.4555,-29.5803
4322806,-51.6932,-29.081,-51.4402,-28.8784
4322855,-51.928,-29.116,-51.7791,-29.014
4322905,-52.0883,-27.7253,-51.8684,-27.4318
4323002,-51.1214,-30.4429,-50.621,-29.9661
4323101,-53.5077,-27.2403,-53.2927,-27.0898
4323200,-52.769,-28.6923,-52.5882,-28.4035
4323309,-51.6667,-28.8972,-51.4464,-28.8235
4323358,-52.2159,-28.2428,-52.0797,-28.0214
4323408,-52.2543,-28.6725,-52.0867,-28.4759
4323457,-54.024,-30.4967,-53.7328,-30.207
4323507,-53.5608,-27.3946,-53.4598,-27.2358
4323606,-51.8697,-28.8849,-51.6831,-28.7777
4323705,-53.7631,-27.3203,-53.635,-27.1955
4323754,-54.5726,-28.4895,-54.3658,-28.27
4323804,-50.1149,-29.8614,-50.0175,-29.7611
5000203,-53.6377,-20.8827,-52.3527,-19.1308
5000252,-54.2043,-18.5423,-53.2203,-17.9084
5000609,-55.4334,-23.5652,-54.4704,-22.8705
5000708,-56.1815,-21.1051,-55.31,-20.4293
5000807,-53.1507,-22.4729,-52.3795,-21.8316
5000856,-54.1313,-22.2366,-53.5849,-21.8796
5000906,-56.3434,-22.3879,-55.6395,-22.0573
5001003,-51.688,-20.3552,-50.999,-19.7902
5001102,-56.9991,-20.517,-55.0649,-18.5795
5001243,-55.6657,-23.2514,-55.0637,-22.6898
5001508,-54.7615,-20.1165,-53.8954,-19.532
5001904,-53.0793,-22.1142,-52.1608,-21.6152
5002001,-53.3544,-22.7641,-52.9477,-21.9736
5002100,-57.0492,-22.3026,-55.9726,-21.537
5002159,-56.9912,-20.8848,-56.3843,-20.1797
5002209,-56.8731,-21.4387,-56.0836,-20.4834
5002308,-53.1283,-21.5825,-51.848,-20.5384
5002407,-55.1283,-22.8905,-54.4669,-22.3628
5002605,-54.4369,-19.7975,-53.3143,-18.4467
5002704,-54.9231,-21.5845,-53.5997,-20.1655
5002803,-57.516,-22.2503,-56.7583,-21.5571
5002902,-52.5998,-19.3755,-51.5393,-18.7434
5002951,-53.0924,-19.5509,-52.4114,-18.613
5003108,-55.396,-20.1641,-54.7187,-19.4546
5003157,-55.5616,-23.5691,-55.1531,-23.0906
5003207,-58.167,-20.948,-55.1385,-17.1659
5003256,-53.7215,-19.2175,-52.7584,-18.007
5003306,-55.3061,-18.7291,-54.0756,-17.6473
5003454,-54.307,-22.3564,-53.9921,-21.9225
5003488,-55.5863,-21.0426,-55.1513,-20.1403
5003504,-54.6824,-22.1242,-54.4979,-21.9006
5003702,-55.5212,-22.4413,-54.2005,-21.8795
5003751,-54.4173,-23.9278,-54.0506,-23.5491
5003801,-54.6402,-22.4519,-54.261,-22.2359
5004007,-54.3476,-22.5674,-54.027,-22.292
5004106,-56.2269,-21.7931,-55.7404,-21.281
5004304,-54.8813,-23.793,-54.2383,-23.0399
5004403,-52.5148,-20.1289,-51.4751,-19.1908
5004502,-55.1047,-22.189,-54.6251,-21.8059
5004601,-54.3995,-23.6867,-53.8245,-23.0905
5004700,-54.1169,-22.5717,-53.4829,-22.1467
5004809,-54.7099,-23.9276,-54.3618,-23.7174
5004908,-54.7805,-20.4955,-53.8866,-20.0008
5005004,-56.9369,-21.9271,-55.8941,-21.291
5005103,-54.4297,-22.9796,-53.4864,-22.4427
5005152,-54.749,-23.0503,-54.0904,-22.5857
5005202,-57.6762,-19.1969,-57.4645,-18.9999
5005251,-55.3681,-22.9457,-54.8131,-22.3567
5005400,-55.8402,-21.9246,-54.827,-21.0063
5005608,-57.0681,-20.6566,-56.1229,-19.6188
5005681,-54.4259,-24.0681,-54.0789,-23.813
5005707,-54.467,-23.4459,-53.6294,-22.7565
5005806,-56.2306,-21.4919,-55.4231,-20.746
5006002,-54.7069,-21.9222,-53.608,-20.993
5006200,-53.7933,-22.5862,-53.0245,-21.5522
5006259,-54.0248,-22.7313,-53.4972,-22.4325
5006309,-51.8754,-19.9639,-50.9227,-19.1392
5006358,-55.5616,-23.9955,-55.1285,-23.4566
5006408,-54.7609,-18.2758,-53.7565,-17.6324
5006606,-56.1108,-22.764,-54.977,-21.6335
5006903,-58.0081,-22.1814,-56.6245,-20.2414
5007109,-54.2056,-21.6316,-52.8176,-19.5292
5007208,-55.027,-21.9657,-53.8886,-21.3347
5007307,-55.2363,-19.7002,-54.7172,-19.1856
5007406,-55.4638,-19.351,-54.3932,-18.2215
5007505,-55.0488,-20.2083,-54.4036,-19.7453
5007554,-53.2939,-21.7703,-52.0479,-20.6861
5007695,-54.8046,-19.5963,-54.1848,-18.7024
5007703,-55.2784,-24.0012,-54.6872,-23.7324
5007802,-52.1187,-20.6178,-51.3431,-19.9153
5007901,-55.3304,-21.5865,-54.4809,-20.584
5007935,-55.1602,-18.0046,-53.6796,-17.2277
5007950,-55.2719,-23.8925,-54.6486,-23.3763
5007976,-53.6562,-23.0029,-53.2735,-22.3356
5008008,-55.3917,-20.7831,-54.7646,-20.1431
5008305,-52.7936,-21.1983,-51.5656,-19.6105
5008404,-54.5105,-22.6247,-54.3248,-22.3495
5100102,-56.467,-15.4117,-56.1268,-14.9767
5100201,-53.114,-14.6859,-51.4636,-13.6062
5100250,-56.9841,-10.683,-55.7914,-9.4003
5100300,-53.9553,-18.04,-53.0114,-16.8063
5100359,-52.254,-12.3947,-51.2479,-11.5745
5100409,-54.0161,-17.2242,-53.1473,-16.4838
5100508,-56.9874,-15.145,-56.3668,-14.3928
5100607,-53.5312,-18.0411,-53.0695,-17.5052
5100805,-58.5655,-9.8163,-57.0387,-7.3486
5101001,-52.1797,-15.8492,-51.3469,-14.3004
5101209,-53.3605,-16.8692,-52.9143,-16.5364
5101258,-58.7518,-15.5252,-58.22,-15.0045
5101308,-56.9827,-14.6472,-56.7176,-14.3604
5101407,-61.6328,-10.9918,-58.6843,-8.7962
5101605,-56.7221,-17.3677,-55.4936,-16.147
5101704,-58.858,-15.6345,-56.8048,-14.6008
5101803,-53.3021,-15.9116,-51.9722,-14.8013
5101902,-58.5264,-13.2694,-57.2906,-10.9492
5102504,-58.7958,-17.6263,-57.0374,-15.1455
5102603,-53.4664,-14.8794,-52.6867,-13.6324
5102637,-58.407,-14.3853,-57.3434,-12.9284
5102678,-55.4418,-15.8963,-54.438,-14.9533
5102686,-59.4587,-14.5086,-58.9111,-12.6407
5102694,-52.2291,-11.526,-51.397,-10.936
5102702,-53.0976,-13.7817,-51.3817,-12.6034
5102793,-56.2161,-10.395,-55.5548,-9.7325
5102850,-58.9975,-11.3396,-58.3251,-10.5678
5103007,-56.2094,-15.6361,-54.9101,-14.5647
5103056,-55.4685,-11.7331,-54.5989,-10.9682
5103106,-51.7309,-15.0374,-50.5018,-11.757
5103205,-55.7053,-11.0081,-55.158,-10.1163
5103304,-60.7165,-14.1773,-58.8432,-12.2072
5103353,-52.2174,-10.747,-51.1514,-10.0673
5103379,-59.1268,-10.1231,-58.1931,-8.7991
5103403,-56.3016,-15.7667,-55.4633,-15.0704
5103452,-57.1586,-14.94,-56.7171,-14.5013
5103502,-57.7347,-14.6978,-55.977,-13.5862
5103601,-55.024,-15.9816,-54.5185,-15.3608
5103700,-55.2388,-12.6859,-53.2373,-10.9577
5103809,-58.8683,-15.692,-58.5465,-15.2931
5103858,-54.0913,-13.8137,-52.8122,-11.9293
5103908,-53.9366,-15.8661,-52.7018,-15.3212
5103957,-58.559,-16.0471,-58.1056,-15.6919
5104104,-55.0552,-10.0555,-54.1061,-9.5049
5104203,-54.2366,-16.7985,-52.9781,-15.8849
5104500,-58.73,-15.5155,-58.4647,-15.1424
5104559,-56.3216,-11.4037,-54.6002,-10.5345
5104609,-55.6017,-17.6619,-53.6796,-16.9809
5104807,-55.3017,-16.1662,-54.9099,-15.6016
5104906,-56.7565,-15.5237,-56.3538,-15.1185
5105002,-59.0988,-15.602,-58.696,-15.0044
5105101,-58.419,-12.2089,-56.6967,-10.3401
5105150,-60.4638,-12.3646,-58.306,-10.6825
5105176,-58.8916,-10.6651,-58.2856,-10.005
5105200,-55.2418,-16.5148,-54.4629,-15.8832
5105234,-58.1161,-15.9979,-57.6371,-15.1307
5105259,-56.6594,-13.4572,-55.8739,-12.6377
5105309,-51.5109,-11.3101,-50.5701,-10.6462
5105507,-60.5645,-16.2791,-59.3955,-13.992
5105580,-54.8929,-11.4153,-53.098,-10.4331
5105606,-55.2413,-10.3896,-53.5864,-9.5715
5105622,-58.2867,-15.848,-57.8589,-15.3579
5105903,-56.4055,-14.7928,-55.2015,-14.0035
5106000,-56.9506,-14.6472,-56.5263,-14.1323
5106109,-57.2156,-16.4103,-55.997,-15.4554
5106158,-58.6562,-10.4533,-57.5776,-8.9409
5106182,-60.3128,-14.8198,-59.3099,-13.9848
5106208,-55.6507,-15.0682,-54.4718,-14.4184
5106216,-56.6158,-11.107,-55.5959,-10.2338
5106224,-56.772,-14.2235,-55.0825,-12.8194
5106232,-57.7758,-14.9563,-57.0365,-14.5556
5106240,-55.4698,-13.8695,-53.7791,-12.0625
5106257,-52.9604,-15.1718,-51.6902,-14.1767
5106265,-55.9342,-10.1919,-54.9555,-9.4401
5106273,-57.5568,-11.5272,-57.0075,-11.268
5106281,-54.1954,-15.3997,-52.6406,-14.4031
5106299,-57.1331,-9.9473,-56.2541,-9.1816
5106307,-55.099,-14.7296,-53.2226,-11.9489
5106372,-54.6275,-17.125,-53.8251,-16.4672
5106422,-55.1679,-10.7766,-52.6195,-9.6106
5106455,-54.9493,-14.8031,-54.3254,-14.2783
5106505,-57.6924,-17.9022,-56.2165,-15.6972
5106653,-53.0781,-16.1351,-52.251,-15.6975
5106703,-53.1649,-16.8118,-52.7147,-16.5264
5106752,-60.0471,-16.1986,-58.7599,-14.2755
5106778,-52.2042,-11.0407,-51.0042,-10.4868
5106802,-57.4444,-12.1857,-55.9676,-11.3606
5106828,-59.5274,-16.3065,-58.3867,-15.4695
5106851,-57.5195,-15.8638,-56.9563,-15.199
5107008,-54.6748,-16.3717,-53.7318,-15.2445
5107040,-54.6975,-15.6507,-53.7752,-14.6035
5107065,-53.6085,-13.2556,-52.0387,-11.213
5107107,-58.5847,-15.7122,-58.0176,-15.3521
5107156,-58.5274,-15.2582,-58.252,-15.0045
5107180,-52.1429,-13.5152,-50.9229,-12.2451
5107198,-52.9461,-16.618,-52.6039,-16.2978
5107206,-58.2767,-15.4118,-57.9466,-15.1507
5107248,-55.4073,-12.2445,-54.2845,-11.6488
5107263,-57.7293,-14.5766,-56.9267,-14.308
5107297,-54.3832,-16.6011,-54.1678,-16.3135
5107305,-57.34,-14.1096,-56.3823,-12.9548
5107354,-53.1281,-11.1083,-52.0601,-9.6818
5107404,-54.9468,-16.0552,-54.561,-15.8803
5107602,-54.9773,-17.0723,-54.2351,-16.0697
5107701,-56.9899,-15.521,-54.8066,-13.699
5107750,-58.3289,-15.2367,-57.6665,-15.0034
5107776,-51.3709,-10.7755,-50.2244,-9.8004
5107800,-56.1447,-17.371,-54.8268,-15.6013
5107859,-53.3189,-12.4388,-50.6565,-10.8345
5107875,-59.044,-14.003,-58.075,-11.9188
5107909,-55.7468,-12.1862,-55.0657,-11.3567
5107925,-56.1167,-13.6657,-55.0844,-11.7213
5107941,-57.1391,-11.6414,-55.7851,-10.4929
5107958,-59.107,-14.8677,-57.1441,-13.9979
5108006,-57.1436,-12.8986,-55.5127,-11.297
5108055,-55.3503,-10.7341,-54.6391,-10.2334
5108105,-53.8727,-16.2352,-53.025,-15.5536
5108204,-53.2109,-16.5695,-52.4705,-16.0259
5108303,-54.7306,-11.8877,-53.7801,-11.1842
5108402,-56.528,-15.7767,-56.0695,-15.339
5108501,-55.5886,-12.8547,-55.0679,-12.1136
5108600,-52.2751,-10.3272,-50.5622,-9.7074
5108808,-55.5672,-10.4821,-55.1541,-10.0613
5108857,-57.7298,-14.4363,-56.8654,-14.1613
5108907,-57.7314,-13.8084,-56.7392,-11.7155
5108956,-57.6991,-10.5347,-56.8406,-9.5285
5200050,-49.5531,-16.8607,-49.3837,-16.716
5200100,-48.9598,-16.3458,-48.4097,-15.989
5200134,-50.5595,-17.6566,-50.0648,-17.1886
5200159,-50.2473,-16.4728,-50.1312,-16.2988
5200175,-48.0984,-15.1494,-47.4718,-14.6396
5200209,-48.8885,-18.2399,-48.6838,-17.9074
5200258,-48.3789,-15.8317,-48.2047,-15.6586
5200308,-48.6507,-16.3265,-48.3198,-15.9135
5200506,-49.5128,-17.7511,-49.4084,-17.6337
5200555,-49.5932,-14.2918,-49.2742,-14.0662
5200605,-47.9317,-14.4645,-47.1142,-13.8591
5200803,-46.8986,-14.8234,-46.3678,-14.3164
5200829,-49.9745,-14.0029,-49.2104,-13.6807
5200852,-50.1055,-16.331,-49.8663,-16.2183
5200902,-51.2442,-16.8232,-50.9997,-16.5038
5201108,-49.1941,-16.4852,-48.7498,-16.1241
5201207,-48.2714,-18.3453,-48.1696,-18.2677
5201306,-50.1711,-16.5453,-49.7433,-16.2439
5201405,-49.3843,-16.8916,-49.1375,-16.7261
5201454,-51.4554,-18.357,-51.1128,-18.0838
5201504,-52.5003,-19.1198,-51.6641,-18.4917
5201603,-49.7731,-16.4726,-49.6531,-16.259
5201702,-52.3606,-16.1666,-51.8209,-15.8097
5201801,-49.4841,-17.0469,-49.36,-16.8314
5202155,-50.8312,-15.3697,-50.0352,-14.9015
5202353,-51.8371,-16.6565,-51.3735,-16.0294
5202502,-51.1765,-15.3277,-50.7406,-14.1045
5202601,-50.6609,-16.8475,-50.3606,-16.5047
5202809,-49.8401,-16.5792,-49.6908,-16.3977
5203104,-52.6927,-16.5982,-52.1937,-16.0815
5203203,-49.082,-15.1635,-48.7116,-14.643
5203302,-49.1574,-17.1939,-48.6378,-16.6949
5203401,-52.3207,-16.4775,-51.8145,-15.9144
5203500,-50.1881,-18.3945,-49.5424,-18.0031
5203559,-49.0776,-16.658,-48.9187,-16.5245
5203575,-50.275,-13.7293,-49.5388,-13.3532
5203609,-49.4547,-16.4559,-49.2963,-16.2921
5203807,-51.4093,-15.4899,-50.9259,-14.916
5203906,-49.2458,-18.323,-48.7987,-17.9482
5203939,-50.557,-16.2604,-50.3549,-16.0753
5203962,-46.4581,-14.4923,-46.1484,-14.2948
5204003,-47.1809,-15.961,-46.8046,-15.5338
5204102,-51.238,-18.9219,-50.7525,-18.2818
5204201,-50.8179,-16.8393,-50.5838,-16.5871
5204250,-49.7776,-18.6165,-49.4222,-18.3653
5204300,-51.5272,-19.1853,-50.641,-18.2797
5204409,-52.4316,-17.4911,-51.0541,-16.4612
5204508,-48.9277,-18.0648,-48.4512,-17.4758
5204557,-49.0692,-16.8269,-48.8206,-16.6305
5204607,-49.7814,-16.8989,-49.5963,-16.6626
5204656,-48.784,-14.1861,-48.3162,-13.5914
5204706,-49.1996,-14.3852,-48.6569,-13.6385
5204805,-47.9834,-17.919,-47.521,-17.1488
5204904,-46.8557,-13.1066,-46.1112,-12.823
5204953,-49.7752,-14.3442,-49.5455,-14.0553
5205000,-49.889,-15.5457,-49.5878,-15.2907
5205059,-50.5842,-18.2441,-50.1604,-18.0599
5205109,-48.1729,-18.4998,-47.2635,-17.4567
5205208,-49.6963,-16.509,-49.446,-16.3986
5205307,-48.1983,-14.1798,-47.2443,-13.1027
5205406,-49.7734,-15.3609,-49.5483,-15.0389
5205455,-49.8806,-17.3054,-49.6128,-16.9028
5205471,-52.9644,-18.6951,-52.2881,-18.0705
5205497,-47.9643,-16.2577,-47.6766,-16.0502
5205513,-48.8563,-15.9139,-48.2516,-15.3584
5205521,-48.3454,-14.3529,-47.8381,-13.6271
5205703,-50.683,-16.5204,-50.4626,-16.2011
5205802,-48.907,-16.1518,-48.4093,-15.7528
5205901,-48.9173,-18.3797,-48.2973,-17.8381
5206206,-47.9033,-17.3554,-47.1257,-16.0501
5206305,-48.8092,-17.3536,-48.5706,-17.1188
5206404,-50.4481,-15.1356,-49.6936,-14.1251
5206503,-49.4891,-17.3724,-49.2565,-17.1298
5206602,-48.356,-18.4352,-47.9367,-18.196
5206701,-46.3346,-14.6776,-46.018,-14.4333
5206800,-49.3943,-16.3128,-49.2761,-16.1872
5206909,-47.7111,-18.2465,-47.407,-17.9227
5207105,-51.616,-16.3273,-51.1119,-16.0697
5207253,-52.8359,-17.2864,-52.1284,-16.5124
5207352,-49.9234,-17.6175,-49.624,-17.1922
5207402,-50.2102,-17.8073,-49.7107,-17.2044
5207501,-49.182,-13.9417,-48.9759,-13.6796
5207535,-50.7311,-15.657,-50.0842,-15.2348
5207600,-51.2574,-16.4146,-50.5945,-15.9408
5207808,-50.4916,-16.8018,-50.208,-16.4488
5207907,-47.191,-15.0891,-46.5257,-14.0811
5208004,-47.5761,-16.0362,-46.8355,-14.5351
5208103,-49.027,-13.9417,-48.6984,-13.4688
5208301,-46.7141,-13.385,-46.3754,-13.0546
5208400,-49.1888,-16.593,-48.9815,-16.4042
5208509,-48.2762,-18.2571,-48.0099,-17.9692
5208608,-49.3602,-15.602,-48.9078,-14.9917
5208707,-49.4465,-16.8315,-49.0776,-16.4532
5208806,-49.621,-16.574,-49.323,-16.4051
5208905,-50.6467,-16.1202,-49.7942,-15.5567
5209101,-50.1699,-18.2057,-49.1654,-17.7752
5209150,-50.2892,-18.6837,-50.0283,-18.3237
5209200,-49.7489,-17.0634,-49.4351,-16.7715
5209291,-50.1348,-15.788,-49.9896,-15.5756
5209408,-46.7592,-14.0577,-46.2096,-13.7004
5209457,-49.8249,-14.9403,-49.6333,-14.4638
5209606,-49.9382,-15.8091,-49.684,-15.6573
5209705,-49.4934,-17.165,-49.0566,-16.8447
5209804,-49.5336,-14.865,-49.1648,-14.6082
5209903,-46.9921,-14.3568,-46.4166,-13.8141
5209937,-50.0665,-18.6435,-49.7405,-18.3532
5209952,-50.1479,-17.461,-49.71,-16.9543
5210000,-49.6653,-16.4351,-49.3687,-16.1831
5210109,-48.5627,-18.0044,-47.4989,-16.9011
5210208,-51.4401,-16.6357,-50.946,-16.265
5210307,-51.0658,-16.5096,-50.7019,-16.2011
5210406,-50.0409,-16.4415,-49.6377,-15.7884
5210562,-49.6865,-15.9876,-49.5422,-15.8649
5210604,-49.689,-15.8891,-49.5352,-15.635
5210802,-51.7236,-19.4982,-50.824,-18.7809
5210901,-49.8589,-15.0863,-49.4087,-14.7552
5211008,-51.1201,-16.042,-50.464,-15.4362
5211206,-50.1681,-15.7807,-49.6932,-15.3579
5211305,-51.9239,-19.311,-50.727,-18.4691
5211404,-49.7577,-16.3305,-49.4042,-16.103
5211503,-49.9783,-18.6466,-48.959,-18.1043
5211602,-51.3992,-16.9568,-50.7306,-16.4194
5211701,-50.308,-17.3635,-50.034,-16.8926
5211800,-49.6081,-16.0041,-49.1282,-15.436
5211909,-52.306,-18.5377,-51.1549,-17.2689
5212006,-51.2111,-16.314,-50.8974,-16.0271
5212055,-49.4727,-16.0163,-49.3381,-15.8869
5212105,-49.7849,-17.8856,-49.4234,-17.6544
5212204,-51.7079,-16.0533,-50.7628,-15.0021
5212303,-49.0211,-16.6925,-48.7175,-16.4036
5212501,-48.4023,-17.0038,-47.6405,-16.1034
5212600,-49.6303,-17.5079,-49.2763,-17.1451
5212709,-46.1992,-14.6642,-45.9065,-14.2044
5212808,-49.8337,-14.2196,-48.8809,-13.8281
5212907,-48.7649,-18.0938,-48.6211,-17.8442
5212956,-51.0697,-15.598,-50.5162,-15.0219
5213004,-50.5069,-18.1584,-50.1872,-17.9281
5213053,-48.6565,-15.1742,-48.0351,-14.8435
5213087,-48.7013,-13.8622,-48.0916,-13.1276
5213103,-53.2507,-18.3511,-52.0983,-16.7659
5213400,-50.9799,-16.6204,-50.594,-16.3956
5213509,-47.3934,-13.615,-46.4482,-13.0043
5213707,-51.8791,-16.2105,-51.2008,-15.4845
5213756,-51.5409,-17.5323,-50.9388,-16.9568
5213772,-48.9166,-13.4072,-48.5601,-12.803
5213806,-49.4598,-18.0936,-48.8151,-17.5055
5213855,-50.139,-15.4,-49.8904,-15.2219
5213905,-50.3785,-16.3286,-49.9401,-16.0272
5214002,-50.8794,-15.0568,-50.3027,-14.6081
5214051,-50.4845,-14.0213,-49.9195,-13.5351
5214101,-49.5914,-13.8602,-49.0745,-13.5551
5214408,-50.0051,-16.6523,-49.7279,-16.5138
5214507,-49.2802,-16.538,-49.1087,-16.3206
5214606,-49.0529,-15.0173,-47.7612,-13.9363
5214705,-50.0606,-15.124,-49.8238,-14.9647
5214804,-48.3983,-18.2488,-48.2015,-17.9174
5214838,-50.88,-14.7394,-50.1418,-13.3162
5214861,-49.6366,-15.1896,-49.3245,-14.97
5214879,-49.4293,-14.5224,-49.1533,-14.0949
5214903,-47.1996,-14.1026,-46.7835,-13.4324
5215009,-49.3677,-16.4429,-49.2301,-16.2699
5215207,-50.8219,-16.2335,-50.4727,-15.8767
5215231,-48.1511,-16.2028,-48.0014,-16.0511
5215256,-49.9801,-13.5074,-49.3691,-12.9736
5215306,-48.4892,-17.3096,-47.9186,-16.731
5215405,-49.3128,-16.3467,-49.1436,-16.1436
5215504,-47.8794,-18.3149,-47.6019,-18.1184
5215603,-48.6183,-15.6588,-47.9236,-15.086
5215652,-51.6696,-16.9275,-51.2193,-16.4652
5215702,-50.1583,-17.0843,-49.7181,-16.5898
5215801,-48.4383,-17.3762,-48.3664,-17.2385
5215900,-50.3019,-16.9391,-50.1009,-16.6791
5216007,-49.5483,-18.3404,-49.2366,-18.0791
5216304,-50.8384,-18.9964,-50.3519,-18.6137
5216403,-51.0594,-17.431,-50.2295,-16.6706
5216452,-52.528,-17.6523,-51.9891,-17.3217
5216809,-49.4575,-16.2303,-49.1312,-15.9913
5216908,-49.7356,-14.8711,-49.3552,-14.1999
5217104,-49.3015,-17.5991,-48.6967,-17.0158
5217203,-52.1468,-16.6586,-51.5688,-16.0817
5217302,-49.2294,-16.1457,-48.7919,-15.5053
5217401,-48.6071,-17.6146,-48.1875,-17.0031
5217609,-48.1079,-15.4998,-47.4665,-15.0173
5217708,-49.8251,-17.7824,-49.2961,-17.2917
5218003,-49.7202,-13.7698,-48.8188,-12.7899
5218052,-50.2971,-18.0729,-49.9715,-17.7706
5218102,-52.8931,-17.4766,-52.5196,-17.2003
5218300,-46.8149,-14.4267,-46.0522,-14.0201
5218391,-49.3203,-17.4726,-49.1689,-17.0821
5218508,-50.9662,-18.7702,-50.0955,-18.1354
5218607,-49.6063,-15.4599,-49.4554,-15.1722
5218706,-49.5447,-15.5323,-49.3267,-15.4286
5218789,-48.8531,-17.9352,-48.7098,-17.7058
5218805,-51.7329,-18.3474,-50.3547,-17.0901
5218904,-50.0664,-15.3321,-49.6669,-15.0622
5219001,-50.5447,-16.5081,-50.2022,-16.1419
5219100,-49.738,-16.6729,-49.5949,-16.5215
5219209,-48.8065,-17.5733,-48.404,-17.2005
5219258,-51.4445,-15.9074,-50.9885,-15.4164
5219308,-50.7745,-17.9808,-50.3449,-17.5926
5219357,-49.5193,-15.4917,-49.2597,-14.9905
5219407,-53.2475,-17.6675,-52.8834,-16.8329
5219456,-49.2131,-15.1616,-48.892,-14.5753
5219506,-49.5425,-16.1695,-49.4017,-15.9727
5219605,-49.1396,-13.7711,-48.8242,-13.345
5219704,-49.8959,-14.6811,-49.4731,-13.9401
5219712,-50.7544,-17.6597,-50.5145,-17.3757
5219738,-49.3699,-16.5554,-49.2145,-16.3987
5219753,-48.4227,-16.3241,-48.0862,-15.8183
5219803,-46.8539,-13.8442,-46.0407,-13.0547
5219902,-49.3643,-16.0826,-49.1547,-15.8309
5220009,-47.8639,-14.8305,-46.985,-14.0306
5220058,-50.4581,-16.9149,-50.2802,-16.6961
5220108,-50.5554,-16.6369,-50.1651,-16.2852
5220157,-49.4412,-15.0103,-49.0841,-14.8068
5220207,-50.612,-13.577,-49.8165,-12.3953
5220264,-48.8052,-17.165,-48.5275,-16.8355
5220280,-49.9151,-15.4241,-49.7568,-15.2804
5220405,-50.7076,-19.1371,-50.4727,-18.8939
5220454,-49.1964,-16.8291,-49.0113,-16.593
5220504,-52.7841,-18.6338,-51.6297,-17.8122
5220603,-48.9161,-16.9245,-48.1893,-16.2812
5220686,-46.7317,-14.5144,-46.4225,-14.364
5220702,-46.6183,-15.0613,-46.0014,-14.4409
5221007,-49.6806,-16.1277,-49.5199,-15.9677
5221080,-47.3529,-13.9764,-47.1263,-13.4102
5221197,-49.1273,-16.5362,-48.9805,-16.3752
5221304,-47.9135,-18.4513,-47.6108,-18.2836
5221403,-49.6954,-16.8111,-49.3795,-16.4893
5221452,-48.9606,-13.6366,-48.539,-13.2153
5221502,-50.2466,-16.7023,-49.9993,-16.4517
5221551,-50.4775,-18.0315,-50.1471,-17.5645
5221577,-50.1581,-14.388,-49.7801,-13.8841
5221601,-49.4539,-14.7725,-48.7021,-13.8773
5221700,-49.75,-15.8267,-49.5391,-15.4022
5221809,-48.3789,-17.5949,-48.0428,-17.2738
5221858,-48.0308,-16.1373,-47.9388,-16.051
5221908,-49.7515,-17.2279,-49.4694,-16.9421
5222005,-48.5982,-17.1289,-48.2553,-16.627
5222054,-50.0865,-17.8986,-49.6837,-17.5768
5222203,-47.2345,-15.3137,-46.8733,-14.6715
5222302,-49.0916,-15.57,-48.5614,-14.8612
5300108,-48.2867,-23.1331,-40.5011,-15.4997
