codigo,pir
1100015001001,BMBYBnBwBbBWBOBIBLBFA3AkAdAWAUAQAGACABBMBVBeBlBaBVBLBLBCA7ApAkAbAXASAHADABAB
1100023003001,BHBKBYBZBiBbBNBGBGBEA6ApAeASAGAGAJACABBKBHBRBjBqBjBUBTBVBJA2AuAVAWALAHAPACAA
1100023003002,BZBjB4BnBaBXBSBRBOA/ApApAVAWANAHAEABAABPBiBrBhBZBYBZBHA/AzAiAgARAYAMAEACAAAB
1100023003003,BXBmBtBlBhBgBWBRBJA2AtAcAYAQAUAFAJAAABBRBjBsBkBgBdBSBKA+AuAnAaAYARAKAHADAAAB
1100023003004,BRBaBmBlBqBcBUBHBIA0AsAdASAWAKAFABAEADBTBbBjBqBsBkBbBSBHA0AqAcAXALALAJAGABAA
1100031001001,BOBQBjBkBIBPBLBNBOBDBIAtApAgAUALAIAAAABVBQBcBYBGBWBHBEBGBAA5ArAgAPAWAMAGACAB
1100049003001,BSBaBvBpBSBSBMBJBGBBAzArAlAhARAQAIAEABBSBcBlBaBOBKBKBDA9A4AzAmAiASAUALAGACAB
1100049003002,BPBdBqBmBfBUBWBNBJA4A4AYAWASAPAIAHAEABBLBXBoBkBfBeBgBPBBA3AtAaAUAYAHAOAGACAB
1100049003003,BIBCBTBjBnBaBNBHBIBEAtArAfAMAPAHAHADAABDBABUBpBzBcBWBXBRBEA+AlAcAUASAJAGAEAB
1100049003004,BNBQBYBlBlBdBSBNBHA8AvAkAWAVAOAGADADABBIBLBcBiBsBhBbBRBNBAA5AdAVATANARADACAA
1100056001001,BMBSBjBnBaBQBLBFBLBEAyAlAaAdAWANAIACABBDBNBdBjBdBWBQBOBKBAAwAkAiAbAOANAFADAD
1100064001001,BLBNBaBhBWBUBRBGBGBAA3AmApAaAWALAHAGACBLBMBZBfBaBcBPBNBBA+AwAyAkAVAWANAFADAC
1100072001001,BKBaBuByBcBXBQBRBSBHA5ArAfAYAUAHAHACAABCBRBhBmBMBQBUBLA+AzAqAjAVAVAMAMAGADAB
1100080001001,BmBxB+BvBXBgBUBHA+A3AlAlAaAQAPAHAFADAABkBuB3BfBSBYBRBAAxApAnAaAUAPAGAGAFABAB
1100098003001,BWBWBkBgBdBZBVBQBGA+A1AiAfAUAKAKAGAEAABNBWBiBgBeBcBYBJA/A2AoApAdAQAQAKAEAFAB
1100106003001,BbBgBkBaBUBUBRBMBGA8AnAkATAYAOAGAJADADBNBfBlBfBWBWBbBMBEA6AmAoAfAaATAIAIAIAF
1100106003002,BwB0B5BuBjBVBKBDA6AwAhAdAdANAIAKAEADABBtBxBwBsBaBWBNBDA3AvAgAeASANAIALAEABAA
1100114003001,BNBZBrBmBfBbBUBIBCA9AtAoAVAdAQANAHADAABNBdBjBjBbBdBUBJA+A0AtAiAWAcAPAHAFADAC
1100114003002,BPBZBeBfBkBkBXBIBDA2AtAeAUAYAOAKADACABBWBXBhBiBiBmBbBOBEAzAmAoAZAQAQALAFAFAB
1100122003001,BNBNBcBfBkBeBTBGBAA+AxAvAhAJAKAGAHADAABFBQBPBeBoBgBdBNBFBEAyAyAVAcAMARAFAGAA
1100122003002,BVBUBYBdBkBgBWBJBBA6AoArAaAOAUAFACAAACBIBSBaBjBpBoBZBNBHA9A3AiAeAPATANAEABAB
1100122003003,BcBVBdBjBiBVBTBOBHBAAtAhAUAMALALADADAABPBUBXBoBjBlBbBTBLA/AiArAZATAQAHABACAA
1100122003004,BbBhBjBkBkBkBPBHBEA3AiAkAUAPAFALAEADAEBUBWBmBmBkBjBaBTBDA3AoAjASASAOAJAEAAAB
1100122003005,BTBdBgBkBbBgBUBJBEA8AzAkAeAdASAPADAAADBVBWBfBeBYBZBQBKA+A4AyAfAaAXAOAJACAEAF
1100122003006,BHBPBZBgBhBcBSBIBIBAAxAlAYAVALAKADAEABBHBNBZBmBqBkBYBQBOBAA9AgAXARAPAJAGAFAB
1100130003001,BfBqBsBmBZBdBcBKA/A2ApAjAWAQAYAGAFADABBdBeBpBkBfBkBYBGA9AwAgAhAVAQAFAKABABAA
1100130003002,BdBtBzBwBaBWBRBHBJA/A5A5AlAeAOAFAEAAACBXBeBtBbBIBKBFBBA3A1A5AaAYAJAFAJAAAEAA
1100148001001,BFBWByByBZBYBXBOBGA9AzAkAiAaAQANAHADAABLBXBfBpBUBTBRBOA7A1AvAmAeAPAQAIAFABAB
1100155003001,BOBXBeBlBeBYBOBDBDBBAxAkAfAUAKASAFAAAABPBXBiBnBaBeBUBHBKA8A0AhAfAUANAMAIACAB
1100155003002,BJBSBkBeBiBdBPBGBCBAAvAgAeARARAOAIACAABJBSBdBhBjBgBTBOBKA+AwAkAXAeAUAMAIACAB
1100189003001,BFBWBgBgBnBcBUBEBCBCAwApAUAbANAGANAAAABABMBeBlBgBhBYBOBOBFA7AaAUAZAMAPAGAEAA
1100189003002,BWBYBnBpBsBcBRBIBBA4A1AgAWAaAOAMAEABAABUBaBdBhBgBaBRBIBDA9AzAaAVAXAIAFAGAGAC
1100205004001,BfBbBvBsBsBqBWBBA9A7ApAbAXAHAJAFAAABAABZBiBjB2BuBhBVBFBDA5AoAYAQALAIAEACACAA
1100205004002,BrB5B3BkBYBZBTBGBEA8AwAhAdAQAHAHAEAAAABzB1B0BeBNBcBMBCA0ArAeAgAMAMALABAFAAAA
1100205004003,BnBeBxBTBpCDB3B8BABOBHBIAbAGANACAAAEAAA6ApAiBXBnB5BSA8AsAwAjAcAVALAHAIADAAAA
1100205004004,BXBaBqBeBnBmBaBLA/A8AxAUAZADACALACAAAABVBeBnBpBrBoBeBSBHA9AuAWAUAGALAEABACAA
1100205004005,BbBfBrBmBqBeBZBMBCA4AoAZAOAMAGACAEACACBcBaBwBtBjBjBlBRBDA1AlAbAQALAKACABAAAB
1100205004006,BkBmB2BzBtBcBSBIBBAzAbAiANALAIAEAAACABBaBgBwBoBoBdBeBTBEAyAeAbAYADAKAEADAAAA
1100205004007,BJBJBgBoBnBdBQBKBUBGArAfATAIAHACAFACAAA8BNBYBmBuBcBZBdBcBTA1AgAXAPAKAHADADAA
1100205004008,BnBkBtBmBuBuBXBKBAAwAlAcASACAGAFADABABBSBjBuBgBuBpBdBPBAAuAqAXATAIAGAIADADAA
1100205004009,BJBKBaBlBuBqBTA9BJBBAzAmARAQAHAGADABACBFBKBZBjBzBpBfBRBIBGAzApAaAKAKAHAJAAAA
1100205004010,BJBGBXBdByBoBUBFBEA7A2AfAVARAOAJAEADABBIBFBYBmByBrBXBTBFA3AxApAdATAQAJAMACAB
1100205004011,BMBRBjBkB2BjBaBJBDA1AnAcAUAOAMAJAEAGABBIBJBeBmB6BmBcBPA+A5AqAjAiAOAIAJANACAD
1100205004012,BrBoByBuBnBjBTBGA9AxAhAeASAPAFAEAHABABBpBpBwBrBqBgBUBIA6AvAdAbARAHAGADADAEAB
1100205004013,BmBoBwBrBqBgBZBDBBA4AvAUAQAMAMAFAGAAADBhBjBnBqBqBbBUBGBEA0AhAZAWAMADADABAAAB
1100205004014,BFBIBQBTBsBjBdBKBEBGBEApAbAIALAFACABABA/BBBRBYBtBuBkBSBQBOA+ApAUASAJAGAFAAAC
1100205004015,BMBOBSBUBsBnBhBNBGA4A5AhAVAPAJAIAEABACBIBNBYBaBvBzBoBUBGA8ArArAcAOAJAHADADAA
1100205004016,BABCBNBTBxBxBiBQBHA5A1AnAgARAHAHACAGADBBA+BLBcB9BzBdBNBHA+A2AlAhAPARAMACAEAC
1100205004017,A8A6BOBXByBqBfBSBIBAAlA5AiATAJAHAGAAAEA9BCBLBRBwBtBgBRBDA9AxA6AjATAQAKAGAGAD
1100205004018,BQBOBaBiBoBkBWBDBCA7A1AhAVATALAHAIABAABJBRBaBgBmBkBZBKBGA/A2AkAhASARAMAIAGAA
1100205004019,BLBFBVBZBpBpBbBLBCBAAxAqAgAPANAEAGACAABCBCBUBVBqBqBfBSBIBCBAAlAbAdAGAIAIAFAC
1100205004020,BKBfBtBqCnChCGBcBIBCAzAuAhAZAPALADABADBKBWBgBJBAA+A2AwApAlAgAYAPANAJAFACACAB
1100205004021,BUBYBaBiBuBoBaBGBDA9AuAeAQALAGAEABABAABSBPBgBiByBtBbBMBOA9A2AeAYALAJAEACABAB
1100205004022,BaBgBqBlBsBpBaBLBCA5AlAeASAPADAIACACABBdBeBmBqBvBmBeBNBCAwAhAaAPAGAJAHADABAA
1100254001001,BGBTBiBoBVBUBKBEBGBAA8AoAmAdAUAQAHACABBKBUBZBhBTBTBMBJBEBBA3AsAhARARAPAIACAC
1100262001001,BdBoBlBSBKBbBQBSBMBKA2AxAnAUAcAEAJACAEBKBXBrBcBSBWBMA8A8BBAnAbAcATAPAIAJAAAA
1100288003001,BWBZBhBkBhBXBRBLBCA6AuAiAnAIAQAIAIAFAABIBVBiBlBmBjBXBNBCAzAmApAeATAPAIAGACAF
1100288003002,BDBWBbBlBjBYBUBMBHA8A0AdAZAVAQAMAHACACBIBPBZBjBlBkBXBSBMA7AuAmATAcANAMAHACAB
1100296001001,BLBRBmBmBcBTBOBMBNBIAqAxAYAgAVAPALADAABGBJBYBmBRBQBNBOBMA8A4AkAYAcAUAGAJABAB
1100304003001,BOBaBdBdBkBiBTBIBGA+AyAdAbAOAMAGAJAAAABJBUBhBnBqBfBbBOBIA8AxAdAaAOALAPAEAGAC
1100304003002,BmBmBqBhBoBjBbBJBEAzAlAXASARAKAGADABABBeBeBoBnBlBlBYBLBBA1AhAaATAQAJAEADACAB
1100304003003,BGBPBWBaBgBdBQBMBIBEA6AhAXAWAOAKAHADABBIBMBXBdBkBiBcBUBKBAA/AfAcAWARAIAFACAB
1100320001001,BWBkBuBqBcBYBUBLBIA+AsAnAcAWAPAJAEACAABTBcBsBrBZBaBSBIA6AxAqAeAaANAMAHABABAB
1100338001001,BkByB0BgBXBZBZBJBEA8AsAiAWASAJAMAHACAABjBtBxBiBUBbBTBFA3AtAkAfAPATAHABABABAA
1100346001001,BOBZBsBsBUBTBMBFBMA+A3AsAdAZAVAMAIAEAABNBXBfBnBTBSBTBFA/A5A0AkAUAcATAJADABAA
1100379001001,BVBkByB5BUBRBQBQBKA/AmAtAiAVAPAGAFABAFBWBmBjBiBUBSBSBJA6AwAqAeAXATAJAFAIAAAB
1100403001001,BRBnB2BlBUBSBTBSBLBCAzAlAiASAPAMAIACABBTBiBuBgBQBPBMBNA9AuAsAfAZAUALAHADABAA
1100452003001,BeBkBmBlBfBgBeBMBEAzAuAbAaARAJAFACAAAGBeBiBpBsBhBpBYBIA9AsAkAbAPAOALAEADADAA
1100452003002,BbBrB3BjBZBYBWBPBIA5A2AjAiAVAKAQAAAAACBTBtBrBfBSBWBRBEA0AyAoAlAUAPAMACAAABAA
1100502001001,BNBXBlBzBUBDBRBPBJBHA+AkAkAeAaAJAEAEAABJBOBkBiBLBTBPBNBDA3AqAtAcAXAUAHAGAAAB
1100601001001,BRBfBpBiBNBUBMBRBLA4AxAtAgAbAgAMAGABABBVBmBtBdBVBTBUBFA7AyAnAqAYAWALAFADACAA
1100700001001,BfBvByBqBWBgBMBOBQA7A7AlAeARAPAHABABAABhBpBsBeBPBRBSBEA2AxAqAeATALAGAEABAAAA
1100809001001,BiBtBwBjBcBaBTBGBBA4AzAnAfARALAJAGADADBfBlBuBjBYBbBPBBA4AwAmAgAaAMAFAHAEACAB
1100908001001,A+BSBrBbBKBSBPBSBLBFAvAmAvAuAaALAEACAABJBXBnBsBOBHBFBOA8A+AtAyAnAOATAEAKAFAC
1100924001001,BfBmByBtBYBjBhBOBGA8A1AhAXAUAPAGABABABBcBhBoBfBYBdBRBIA7A1AeAaAVANAHAFACAAAB
1100940001001,BnBzB0BrBWBjBYBOBMA1AsAnAcAPAJAFACACACBgBsBuBkBRBeBVBDA1AsAiAZAOAMAGACACAAAA
1101005001001,BDBfB0BmBeBVBMBHBKBEAsAsAkAYAYALAIADABBTBjBmBnBOBQBNBEA9AzAsAoAYAXAPAIABACAB
1101104001001,BtBmB6BwBRBPBOBJA/A7A8AnAcAcANANAEABABBWBfBvBgBOBNBNBFA5AzArAeAaARALAFACABAC
1101203001001,BWBgBsBsBaBHBJBRBQA7AyAfAfAXAUAJAEAEABBSBYBuBuBcBNBNBSA9AtAoAlAWAWATAEAGADAA
1101302001001,BNBkBoBpBSBVBTBKA/A6AwAkAiAQAVAUAIAEACBJBjBtBlBXBWBOBGA5AzA1AiAWAcASAHAHACAB
1101401001001,BbBrB6BmBQBSBSBLBIA4AyAmAeAYAWALADADABBSBjBqBgBPBaBRBDA1AzAoAlAYAWALAGABADAB
1101435001001,BPBjB/B8BXBQBPBQBFA9AzAnAeAZAQAHAKAEAABOBRBgBwBMBSBQBGA5A2AoAjAaARALAKAEADAB
1101450001001,BgBfB1B0BcBbBMBPBMBBAqAxAeAZAWACACADAABZBgBaBgBcBWBEBAA+A1AkAhAaALAIAHABABAC
1101468001001,BjBrBzBlBOBJBJBSBLA7A4AgAkAiARACAIADACBiBfBpBTBSBIBbBPA9AzAfAnAUATAHAHAEAAAF
1101476001001,BFBfB0BjBRBXBSA+BJBLAsA4ApAbASAMAFAHADBABTB1BRBIBLBRBLBCA3AtAsAPAeAVAHAHAHAA
1101484001001,BGBSBgBcBJBPBYBFBPBFA1A4AnAgAaALAHAFAABBBTBjBfBNBYBTBMA+A6AyArAcAcAOAQADADAD
1101492001001,BdBqBzBqBeBaBSBRBBA4AuAkAgAPAQAIAEACAABbBeBuBmBYBTBWBGA6AxAlAeAaALAJACAEACAB
1101500001001,BNBsB1BvBbBSBSBLBHA/AxArAYASAPANAEABACBRBhBrBtBTBSBMBKA+AzAsAdATASAIAJADACAA
1101559001001,BGBTBsBsBjBeA+BDBMBHAxAjAvAOAXAQALADADBLBPBmBiBOBIBUBHBAA9AsAfAhAeAPAOAKAAAA
1101609001001,BTBeB0BqBRBYBTBNBBBHAvA1AfAZAUALAEAEABBPBhBnBfBFBSBRBGA3A2AtAkAcAUANAIAAAFAA
1101708001001,BQBeBsBoBZBVBVBGBBA7AyAyAiAZATALAIABACBLBUBeBkBdBWBKBHAzA5AxAsAeAZALAGAFADAB
1101757001001,BhBkB1BnBRBUBSBEBHA/A3AxAgAYAQAMAFACAABMBkBlBiBNBWBOBCA3A1AsAiAYAWAQACADAAAB
1101807001001,BMBSByBtBRBVBMBIBOBDBHAcApAUARAOAGAAAABIBYBmBnBUBUBSBIA9A3AqArAZAWANAIAIADAA
1200013001001,BmByCIBrBUBTBOBHA5A2AlAsAgAXANALAEABAABmBvB7BmBNBUBOA8A5AsAfAfAUAKAGAJADADAA
1200054001001,CAB4BuBoBcBdBPA9A1AqAoAaAcAJAQAJADAFAAB3B3B3BuBcBWBKA+AwAkAgAZAQARAIAIAJACAB
1200104001001,BoBvBzBtBfBSBTBFBBAwApAeAUAVATANAFABAABYBoB0BmBdBUBPBFA4ArAhAeAWAVAPAEAFADAB
1200138001001,BrB6COBoBTBRBbBDA8AuApArAeAZAOAJAKABABBfBsBxBdBWBRBOA0AvAmAiAlAZARAHAEAEACAB
1200179001001,ByCBCNBqBMBLBGBABFA2AsAjAlAPAPAIAEAAABBZB2CJBgBJBGBHBHAwAsAiAeAUARANAFACABAC
1200203003001,BeBvByBqBhBZBUA7AxAlAYAiAWAaALAGAEABAEBnBjB5B5BqBrBOBAA0AnAfAmARASAKAIAGACAG
1200203003002,BoBwB6BqBiBoBSBEAwAmAfAXATAPAIAHAGAFAABkBpB5BwBkBjBSBDAxApAtARAVARAJALAGACAB
1200203003003,CHCKCNBxBgBVBKA3AqAiAaAYAPAOAKAHAFADAAB8CICMBtBcBRBEA3AnAhAeATARATAGAHADADAC
1200252001001,BmBvBvBpBcBTBMBJA8AxAqAaAcAVAMALAFADAABjBkB0BsBdBeBRBBA6AvAjAbAWANANAIAGADAC
1200302001001,CFCLCPBwBlBOBFA5AxAnAdATAXANAIAIAGACADCJCKCHBrBZBOBAAyArAdAbATAQAPAHAEADADAD
1200328001001,CvClCfBzBkBMBCA1AnAdAOAWAGAGAEACADADABCvCoCUBtBSBJA5AqAdAWAQANAKAFAEABADACAB
1200336001001,B+CDCMBwBhBZBNA8AsAjAeAYARAUAOAGADADABB6B8CEBqBXBaBEA4AoAiAiAXAWAKAHAIADAEAA
1200344001001,CDCPCYB1BeBVBMA7AxAkAhAaAUAOAPAHAEADABCAB9B/BlBSBRBEA2AnAhAfASALAMAJAHADACAC
1200351001001,CiCjCgCCBeBVA+A0AnAcAZANANAIAFAHABABABCfCbCQByBUBQA0ArAbAbASAOAKAJAGADACAAAC
1200385001001,BvB8B3BwBVBQBIBAA7AzAsAjAdAWARAJAGAEACBmBvCCBdBPBKBHBCA0AuAhAgAUASALAIAFACAB
1200393001001,CnCmChByBZBOBEA2ApAZAaARAGAIAGAOAFAAAACdCnCeBcBNBIA8ArAgAXAWAPAJAPAEAFADAAAA
1200401005001,BiBrBqBlBfBeBWBBA4ArAjAWAPASAPAJABACADBjBnBtBnBnBoBdBIA5AvApAXAYAQAPAHAIAFAB
1200401005002,BJBNBUBVBcBhBVBCA7AyAvAoAbAWAMAKAGAEAABLBKBUBeBnBwBeBMBGA9A+ArAgAeAVATAJACAD
1200401005003,BkBoB0BmBfBdBUBIA9ArAgAVAPAKAJAFACABACBeBmBzBwBnBpBkBSBCAvAiAXASAJAKAFAFABAC
1200401005004,BRBUBdBgBnBhBRBFA8A0AuAfATAMAJAEAFACABBNBQBiBqByBsBfBPBKA/AxAoAXATAMAGAEAEAE
1200401005005,BYBdBlBcBfBhBYBHA7AsAoAdATAMAKAHADAEABBaBaBmBjBqBsBlBQBDA0AuAkAYARAMAIAFABAC
1200401005006,BeBqBxBpBpBcBTBDA1AmAhAXAVAOAKAIAFACABBcBmByBxBrBmBdBFA8AtAhAhAVARAMAFAEADAF
1200401005007,BqBsB8BjBaBhBSBHA/AtAeAcAQAMAIAIAFACACBgBnB0BuBkBlBfBJBAAoAjATANARAKAHAFACAB
1200401005008,BeBpB4BkByB2BeBJA8A1AnAqAgAWASALAFADAABfBjBsBaBXBQBJA1A1AoArAUASATAJAHACABAB
1200427001001,CJCaCUBuBdBSBIA9ArAlAYAZAVAPAIAEADABAACFCTCQBoBOBVBFAzAjAdAUAWANALAIAEACABAC
1200435001001,CyCoB7BuByBcBKAvAiAbANATAPAJAAAAACAAAACxCfCEBkBdBTA8A0AfAWAcAGAVAGACABACAAAA
1200450001001,BnBxB4BlBZBWBLBHA7AvArAgAVAVAWAKAHADABBeBrB1BmBXBWBKBCA0AuAsAdAaAWAKAGAGABAB
1200500003001,ByB5CAByBqBfBQA9AxAqAiAdAUASAHAKAHACACBnBwB5BsBgBYBMA5AtAkAcAcAUAQAKAGADAEAE
1200609001001,CMCPCPB2BbBVBCA0ArAkAZAYASAOAMAIAHACAECKCOCFBuBVBMA+AxAoAgAVAZARANAIALAEACAB
1200708001001,BjBxCABuBbBYBHBGA5AsAkAmAiASAMAIAKAEACBiByB3BlBTBPBMA7A0ArAjAbAVAUANAOAJACAB
1200807001001,BrB+CJBuBMBLBOBBA7AyAhAuAiARAWAIAGAEABBeBvB5BgBVBKBKA+A5AnAcAkAZARAKAKAFAAAB
1300029001001,CjCgCHB4BhBPBGA1ArAjAaAYARAPAJAGABADAACXCYCGBtBTBGA8AsAiAbAaAOAOAKAHAHABACAC
1300060001001,CLB4COBwBqBOBMBDAxAoAYAbAQARAKAFAFACAACDB1CHB0BnBPBJAzAkAgAbARAOAOAIAIADAAAB
1300086001001,B6CFCRB1BoBYBSBDA0AtAaAWATAUAPADAFADAABqCGB8BoBYBSBDA3AmAhAYAWAJAQAOAIAEADAB
1300102001001,B/CBCLB1BkBSBPBBA1AoAaAZAOATAOAFAHACABBvB7CGBxBXBUBIA8ApAkAZAQASALAOAHADABAC
1300144001001,BaBmB0BlBqBfBfBMBCA6AvAnAdAVAHAGAFAAACBdBmBzBeBoBhBQA7AzAxAhAbANALAFAEACAAAA
1300201001001,COB9CCCAB2BbBFA5AuAmAYAWAMAPAHAKADABAACMCCB3B8BnBVBCA4ApAfATAQAJANAIAAADACAA
1300300001001,CACKCMBzBXBMBGA4A1AvAkAcAXAUALAKAHAHADCACCB/BlBQBGA9A2AqAlAeAWAPAUAJAFAEADAE
1300409001001,BmBwCGB4CBBxBPA7A1ApArAYAZAUAKAHACAAABBoBsB/B1BrBYA6AuAnAhAlAPAUAOAJACABAAAA
1300508001001,CPCaCSB4BVBMBAA3AqAnAgAZATARAIAKAEAFACCRCUCLBoBHBBA5AsAnAhAZAUAQAPAOAFAFAEAG
1300607001001,CRCLCEB3BiBSBCA0AtAkAcAYASAVAHAJAHABADCZB/B6B1BhBMA5AzApAgAbATANAKAKAJAFABAB
1300631001001,CbChCNB2BaBLA5A4ArAlAeAbAUAQAJAIAHABABCRCXCNBoBPBHA3ApAlAhAUAXAPAMADAHAGABAD
1300680001001,CFCRCTB+BeBTBGA5AsAoAjAZAWAMANAFABACAGB7COCOBqBTBHA7AvAkAjAYAYAKAPAIAGACAFAB
1300706001001,BzB9CDB2BiBVBLBAA1AqAgAhASAYAMAJAEADACBxB1B7BpBUBQBGA8AuAlAgAaAXAQAMAGAGABAC
1300805001001,CHCICHB9BdBZBFA3AtAlAdAcASAUAGAKAFAEAECJCCCBBvBaBPA/AvAmAhAbAWANAMAIAHAEAEAC
1300839001001,B/B8CPB3BgBbBSA+A0AjAkAbAdARAJAHACABABB5CDCBBqBbBPBBA3ApAeAeATANAJAKAGAFAAAB
1300904001001,BoB0B5BlBiBkBlBEA6A6AnAjAZASAXAIADACABBfBrByBkBZBVBJAzAuAuAhAcAVASAGAEADAAAC
1301001001001,CCCLCVB7BiBMBCA1ArAnAdAZAUAPAJAGADADABB/CICPBxBYBLBBAyAtAiAYATAPAOAIAGADADAC
1301100001001,BvB9CFBoBXBRBTBDA6AvAqAdAXAVAKAKADACABBvB5CBBmBWBVBOA7AxAjAkAWASANAIAHABACAA
1301159001001,BoBzB/BuBaBLBJBMBGA3AnAlAdAZAPAHAGAFABBnBlByBqBRBIBGBFAyAsAeAgAbAQALAIAFABAA
1301209003001,CECHCVCHB0BfBGA1AqAoAfAXAPAPAJAEAEABAAB6B5CGB6BqBPA/AuAiAcAVASAKAKAFAHABACAB
1301209003002,ByByB4BvBvBeBRA9AuAnAeAYARAQAPAFAEABACBqBwByB3BxBdBPA2AuAiAfAZARATAMAHAFAEAE
1301308001001,BzCJCDB6BpBVBPA9AzAqAaAbATAQAKAIAEACABBoCCCBB2BhBSBDA4ApAiAWAaALASAJAGACADAC
1301407001001,CPCLCDB8BjBXBDA0AtAiAdAXASAPAHAJAEAAAACICHCBB0BcBJBCAwAmAkAbAVARAPAGALADABAA
1301506001001,CDCNCQB6BnBYBNA1AsAhAWAUALALAHANAFABACCICDCRByBbBQBGAvAoAeASAXAOANAJAGAEABAB
1301605001001,CXCFCDBvBpBZBEA+AuAfAeAWATANAMAHAEACABCLCDB+BxBkBPA/AtAiAfAcASAQAPAJAHAEABAE
1301654001001,CCCXCaCFBkBPA9AzAyAkAXAWAUAOADAHAFABAACDCKCOB0BaBHA0A8AoAjAWAVAJANALAGACAAAA
1301704003001,BZBwCIB0BlBeBMBEA2ArAlAfAUASAPAMAIABAABWBpB5BvBlBcBQA8AyAoAkAaAXAVAIAJADACAA
1301704003002,B2CCCSB/BlBYBGA6AyAwAlAcAaAPANAGABABABBxB8CCBtBeBQA8AxAoAnAdASALARAIAHACADAB
1301803001001,ClCZCDBeBhBRBGA2AyAjAUATAPARAKAEACADAACeCgCCBjBdBPBBA1AlAcAXARALALALACACABAA
1301852003001,B0B4CCBtBYBPBPA7A0AuAxAXAZAQAYAGABAHADByB7B+BhBPBQBLA5AyAlAhAcAWAXAMAFAFACAA
1301852003002,B4B/B8BqBaBWBMBDA1ApAkAgAfAQAOAFADACAAB0CAB3BtBbBPBKA2AwAnAeAcARAOAKAKAFABAC
1301902003001,B7CMCIBuBVBLBKA9A0AxAnAsAXAXAVANAHABAABqB8CDBhBCBIA+A1AuAkAkAYAUAXAMAHAGAAAB
1301902003002,CECICEBtBWBWBQBCAyAnAiAbAWANAIAGAGAEACCECFB+BlBVBVBMA4ArAgAZAYAMAQAIAEACACAD
1301902003003,BcBlBwBtBdBTBJA/A2AsAlAhAdAPAPAQAGACACBcBgByBxBjBXBPBCA3AvAlAoAdAUASAKAHAGAE
1301951001001,CXCUCLB6BvBRBSA1AtAfAWAXATAOAGAGADAAAACCCJCMBhBaBbBFAxApAZAWAQAVAHAEAGAAAAAC
1302009001001,BzCDCEByBeBNBKBBAwAuAsAXAXAXAUAHAIADAAByB2B5B3BVBNBCAvArAmAoAVAhALAJAEADAEAB
1302108001001,CMCECWB2BsBVBLA0A4ApAeASAIAJAJAHAEABACCNB/CEB2BnBQBGAvAqAdAXAKALAIAEAIACABAA
1302207001001,CMCRCNB2BpBUBDA4ApApAZAUAMANAJAEADABACCICRCMB1BbBOBHAwAkAdARAUAMARAFAHADABAB
1302306001001,C0CbCJBzBZBOBAA1AqAjAYAUASARAKAFACADABClCUB/BrBYBLA4AqAiAcAVASAOAJAKAGABACAB
1302405003001,B8CFCDByBnBaBHA4AwAsAhAfAWASAIAIAFACAAB7CAB9BtBaBRBCAxAqAkAiASAQAPAMAEAHABAB
1302504003001,BmB7CFB2BgBSBIA9AzAnAgAWAOATATAJABAGAABpByCCB3BkBZBKA/A0AmAeAaAQARAQAEAEAFAA
1302504003002,B9CNCaB2BaBNBIA7AyAoAoAYAWATAPAKADABABB6CJCHBkBVBHA9AzApAgAaAYASANAKAHACABAB
1302504003003,BrBsCHBpBhBSBZA5AqArAaAaARAUARALAEADABBiBwB6B5BfBdBJA+ArAqAlAbAXAUATAKAHACAE
1302553001001,B1CLCDBcBfBcBIA6AvA0AgAgAOAWAPANAFACAACCCBCABuBNBXBFAtAvAoAXAZAVAPAKAFADADAD
1302603005001,B2BxB4BpBeBjBXBGA5AtAjAYAVAJADACADAAAABuBvB0BtBlBiBZBJA1AoAZAbAJALAEAKAEADAA
1302603005002,BtB0B3BoBlBgBTBCA4AuApATAcAGAIAHACADACBpBuB3BvBfBkBTBAA1ArAbAbARAKALAHACABAC
1302603005003,BPBTBcBVBdBmBYBMBCA0AqAeAWAWAKAKAFAEAABSBUBdBgBkBpBeBLBDA5AvAiAcAWAQAYAMABAC
1302603005004,BTBcBiBgBlBpBeBLA9AuAjAgAWAQALAGAEABAABTBZBlBlBrBtBhBOA5AxAnAlAcANAOAJAEADAD
1302603005005,BMBQBXBUBgBqBhBNA7AwAjAmAZAPAOAIAEACACBLBNBXBfBqB0BpBUBCA2AyApAdAZALAKAJAEAB
1302603005006,BsB3B7BmBbBeBeBSA9ArAgATALAJAHACACABAABpBzB9BpBfBkBmBQA4AoAdASAMAJAFAEABACAA
1302603005007,BYBaBjBeBhBiBZBLBCA2AtAcATAJAGAEADAAABBWBVBhBlBqBpBiBXBJA6AxAhAZAKAKAFAFACAB
1302603005008,BDBBBJBIBXBkBWBJBBA9A1AuAnAWAPALAIAAACA9A/BKBPBhBtBkBWBKBHA/A1ApAWAUAJAVAJAE
1302603005009,BnBlBsBwB1BqBOA/A8AxAmAVANAJAIAFADAAABBjBgBuByBzBjBRBGA/AyApAWAPALAKAEADACAB
1302603005010,BGBIBPBRBdBfBUBGBAA4A1AfAeAPASAKAFAEAABHBEBSBWBoBuBdBQBDBEA9AsAhAgAdAPANAJAG
1302603005011,A6BABMBVBkBnBUBGA/A5AuArAiASANALANABADBBA7BIBXBqBtBaBLBEBAA8AvAiAgAYAeAVAHAG
1302603005012,BEBCBJBRBiBmBcBKBAA6A7AcAhASAOAHAGACAAA5BDBHBWBlBvBkBYBOBDA7AzAuAeAPATAIADAA
1302603005013,BRBQBZBYBfBgBbBKA/A1AuAeAXAOAMANAGADABBLBNBYBbBoBnBgBOBGA5A3AlAqAXATAOAIADAD
1302603005014,BWBaBfBbBkBjBeBOBEAyAoAeARAKAKABAFADABBUBWBjBkBmBuBoBWBBA4AoAlAZANAMADAAAEAE
1302603005015,BKBLBRBXBiBoBXBGA+A8A2AnAYAQAGAEACAGACBFBMBVBcBtBtBoBRBIBBBBAnAZASAOANAGABAA
1302603005016,BTBXBeBeBqBqBZBBA8AxAmAjATAQALAEAEABACBUBSBfBoB0ByBgBQBBA2AtApASAUAGAIAGADAD
1302603005017,BPBRBZBZBiBnBaBNBDA1AwAbAZAKAPAFAFAAABBQBQBZBfBoBwBgBOBGA9AxAnAeAUAQAKAGACAD
1302603005018,BPBPBWBXBeBlBhBPA7AzAwAdAZARALAJAGAAACBJBLBWBZBoBwBmBVBEA6ArAyAhAXARAIAJADAE
1302603005019,BPBWBgBiBlBnBiBKA/AzArAZAXAOAKADADADACBQBUBeBiBqBwBiBRBDA3AtAlAVAMAPANAEABAC
1302603005020,BQBUBhBgBkBlBbBPBKA5AtAUAWAOAGAJACAAACBSBQBcBeBlBuBjBWBJA1AtAdAaANAJAUADACAE
1302603005021,BQBTBcBWBYBdBcBTBJA7AqAhAWAMAHADAEAAABBSBSBbBeBnBwBuBgBNBAA0AZASAQAPAFACAAAA
1302603005022,BABCBGBLBYBbBaBSBGA+AuAvAkAVANAJAEAAABBCBBBFBMBoBwBqBbBNBFA8AyApAZAbAKAJAEAD
1302603005023,BsBwB8BsBkBeBSBOBAAsAhARANAKAFAFABAAABBqBuB0BuBnBeBeBOA9AoAcAVAOAJAEAEADAEAB
1302603005024,BpBkBiBqBtBpBSBHA+AyAnAYANAIAGADAEABABBjBfBoBxByBjBYBLBBAzArATATANAFADAEACAB
1302603005025,ByBzByBhBjBnBfBLA4ArAXAeASAFALACACAAAABvBxB1BnBjBrBhBJA0ApAcAXAKANAEACACADAC
1302603005026,B6B6ByBdBdBoBlBLA+AuAoAcASAKAKACACAAAABwBxBsBcBYBmBcBCAwAoAeAYASAMAFABACACAB
1302603005027,BgBdBlBdBpBwBfBBA2AuAxAZASALALAGABABABBcBaBjBlBtBwBcBGA6A1AqAnAWAOALAJADABAB
1302603005028,BmBwB9BtBtBfBSBHA9AtAgAVAQAIAGAFACACAABhBvB2B1BoBdBWBLA8AuAcAXAKALALACADACAC
1302603005029,BrBwB5BxBlBhBUBIA7AuAjASAPAHAHAFADAAABBtBrB7ByBhBgBXBKA6ArAcAXANAJAGAFADABAA
1302603005030,BZBgBrBpBoBkBUBHBCA1AqAYANAKAJAEACAAACBdBaBmBuBrBmBcBPBGA5AiAhATALAGAFAFACAB
1302603005031,BoBqBtBaBPBcBkBXBEAvAgAXAPAGADADAFAAAABhBlBoBhBcBuB2BdBCAvAnAYAQAJAJAGAEABAB
1302603005032,B6B/B8BfBXBfBgBSA+AqAcAUARAHABADABAAAAByB2B6BoBdBnBkBRA2AkAbASAKAFAFADAAABAC
1302603005033,BKBQBVBVBdBeBcBRBFA1AnAlAVAaALANACADAABIBJBVBbBjBtBkBZBIA6ArAwAgAWATANAMAEAE
1302702003001,ByCJCKB8BgBbBNBCA0AuAjAaAVAPALAHACABACBzB9B/BsBXBUBHA4AqAkAZAVANAMAHAEADAAAC
1302702003002,B8B5CIB4BhBSBGA4AzApAfAiAbAVANAHAIACAABuB3CFB1BcBMA9A2AnAkAbAZASASAQAMAGACAB
1302801001001,CUCdCOB9BqBnBNA2AtAeAUAYARAMADAEACADAACKCNCHBqBfBRA/ArAjAbAQAPALAJAGACABACAB
1302900003001,CKCLCEB0BdBRBDA2ArAqAmAgAUAPAJAJAHAFACCICECDBnBVBIA8AtAnAkAgAXARAKALANAEAEAC
1303007001001,BwCBCDB6BdBSBIA6AzAuAkAbAUAWASAGAHADADBwCDCABvBNBOBBAyApAmAhAYAZAPALALAFADAD
1303106001001,B2CBCHB4BkBTBEA7AtAuAoAXAOAPAJAJAFAFADBxB+CEB2BjBPA+A0AqAmAYAaAPAOAMAJAEACAG
1303205001001,B+B4B3ByBlBWBMA5AwAvAnAgAMAXAOAJAFADADB3B4B4BtBeBTBCAzAuAlAkAZAWANAKAFAHACAA
1303304001001,BuCECGBxBmBYBOBDA1AwApAZAVATAPANABACACBqB8B8BuBZBTBEAyAsAeAcAVAKAXAMAGACACAC
1303403003001,BeBoB4B7BjBUBFA4A0AtAqAdAYAXAJAGAFAAABBhBsB+B6BkBYBDA+AzAuAvAZAVAMAOAQAHAEAC
1303403003002,BsB4B+BtBbBSBGA7AtAoAiAaAWAQAPAOAGADAFBmB3B+B1BeBVBLA3AtAnAkAbAXAUAQALAKAEAG
1303403003003,CECZCYB7BYBLBFA7AxArAgAgAVASAQAIADACAAB+CGCLBlBOBFA7AxAnAjAWAZARAKALAIACABAA
1303502001001,CLCTCLB0BwBaBKA1AsAfAgASARAPAEAEAFABAACMCLCGBjBiBUBBAsAjAgAeAMAQAJAKAGABABAB
1303536001001,BtB0CCBqBXBaBRBEA+A6AwAlAcATALADACABABBsBvB5BjBTBWBNA/A0ApAmAaARAJAHADAEABAA
1303569001001,BmBxB8BmBnBgBXBIA9AuAsAgATAWAIAFAFABAABqBvBvBlBpBdBLBEAwAlAhAXAMARAFAGAEADAA
1303601001001,CpCMCEBrBlBGA/A4AyAiAVAdAXAGAOAIADABAACpCPCDBrBZA+A4A1AlAcASAUAUAQANAFADACAA
1303700001001,CPCPCSByBhBTBHA4ArAmAWAXAOAJAMAHADADACCPCOCDByBeBMBGAwAlAdAZAQANAMAFAFACAFAC
1303809001001,CGB/B8BsBgBTBKBAA0ArAhAdATANANAHAEACACB8B/B+BnBUBLBFA0AtAmAYAdAdASAMAIAGADAB
1303908001001,CCCNCKB1BgBSBGA5A1AnAYAXAQARALALAIACABCKCHCBBuBcBOBAAyArAfARAVAPARAJAHAFADAA
1303957001001,CACSCVB6BhBRBKA6AxAlAYAkAZARAIAEAFABAAB2CFCABwBXBPBAA1AoAeAZAZAQAKAMADADAAAA
1304005001001,CJCJCLB8BQBNBIA7AyAtAoAnAaARAGANAEACABCECAB6BqBHA/A8AyApAoAgAeAQAPAGALAHABAB
1304062003001,CHCGB5BtBjBVBIA8AwAnAfAYAVAIALAHADACACCFCEB2BxBkBVBIA4AsAkAZAXAVALAHAGAEABAC
1304104001001,CGCNCNB/BpBWBIA1AtAoAaAgASAOAMAFADAAACB5CHB8B3BdBWA+AuAnAhAYATAOAKAGAFAEADAB
1304203003001,B9CECDBxBkBVBNA4AwAlAbAZAQALAMAHACACAABvCACCBxBoBXBLA4AsAkAbAZAYAMAGAHAFACAD
1304203003002,CKCLB+BzBkBXBLA4AtAmAYAdAVAPALAHAGAEABCBCIB+BrBbBSBEA2AnAgAWAZATALAHAGAEACAD
1304237001001,CNCHCJB7BqBPBDA7A0AeAYAUAQASAIAIAAACACCbCFCLB1BiBIBBAzAnAZAUARANAGAHACAIAAAF
1304260001001,ChCdCIBrBbBeBPA7AtAjAdAUAUAKAGAGAIABABCMCQB4BsBbBRBEAuAhAYAXAQAQAKAHADACABAC
1304302001001,B8CNCIBwBQBKBHA5A2AxAoAZAYAWAMAIACAEAAB+CKCBBwBLBHA8A1AqAkAeAZAVANANAJAGAEAC
1304401001001,CACBCHB6BoBYBIA1AwAvAmAdAYAPAJAMACAHAEBxB8CCBxBcBGA2AwAkAjAeAWAQANANAKAEAEAE
1400027001001,CpCaB+BoBXBJA+A4AyAyArAgAQATAKAGAIACACCaCPB0BUBJBIA4AuAqAgAmATAVAQAIADADACAB
1400050001001,CZCWCFBlBPBTBAA1AxAxAlAiANAZATAGABADACCVCQB5BZBJBJA+AzAqAlAXAeASAQAHAFACACAB
1400100005001,B2CCB8BsBjBcBTBBA6AtAfAdAOASAEABAIADABByB3B6BuBeBZBbA+AwAoASAbASAHADACAEACAA
1400100005002,B7B8B7BqBkBdBXBAAzApAbAYAOANAIACAFAAAABwB4B6BwBnBiBaBCAvAkAbAVAJAPAHAFADAAAB
1400100005003,BdBhB1BzBrBgBUBCA8AwAdAbALAQAJAGAFACAABfBiB1B2BqBiBWBLBCAxAdAcAUAIAKAGACACAA
1400100005004,CLCDB1BXBaBpBjBEAzAoAcAQAOAIAHADACAAABCKCCBwBbBlB9BjBCApAfAWAQALAEADAAABAAAB
1400100005005,BiBhBqBoBmBrBVBNA7A0AjAcAQAKADAHADABAABPBZBjBwBwBxBcBPA+A2AnAbAJAUAGAEAIAEAC
1400100005006,BLBKBVBmBvBuBNA5A4A6AwAqAYAPAKAGADAEAABPBFBdBsB9B5BWBEBFA/A+AmAZALAGAKAFADAC
1400100005007,BgBuB5BvBiBlBZBLA8ApAgAXAPAHAKADAFAAABBqBxB4BuBlBnBlBMA3ApAXAXALAKAHAEACABAB
1400100005008,BsBwB2BqBoBrBbBIA4AoAhAOAPAIAHACAFADABBsBqB2BnBsBwBjBFA1AnAcARAQAIAKACABACAA
1400100005009,BXBXBiBwB2BiBSA/A/A3AbApAVAJAKADABABADBRBWBoB3B0BrBUBIBCA+AyAWAUAKALAGADABAC
1400100005010,BfBgB3BwBkBaBSBNBAAvAhAWANAIAHABAFAEAABYBlBxB1BtBrBdBOBFAvAhAUANAQAEAHAFABAB
1400100005011,BPBTBfBcBpBxBTBDBCA1AuAgAZAIANAGADAEAABRBKBgBtB6ByBdBSA+A9AoAiAPAUAKALACADAA
1400100005012,BDBHBOBQBeBoBaBGA8A2A0AoAeAQAKAJAHAEABA6BEBSBaBrB2BpBPBHBDA8AzAjAWAJATAOAFAD
1400100005013,BMBRBYBiBrBoBZBIA4AzArAhAgATAOAMADAEACBLBMBbBaBrBvBaBFA/A4AxAqAmASAXAGAKACAE
1400100005014,BWBWBhBcBdBpBjBWBUBJA6ApAUASAKAGAEABABBXBVBYBUBVBaBYBNBDBBAqAhAaAJAJADADADAB
1400159001001,CXCXCPBzBTBLBFA4A0AoArAeAcAPANAEAFAAABCQCFB+BfBFBDA8AyArAgAiAUAPARAGAIACABAD
1400175001001,ByCJCLBsBJBJA8A/A9A+A0AwAnAYAQAJAEACABByB6CFBZBBA9A9A3AyArAjAkAVAMAIAGACABAB
1400209001001,BtCECJBxBZBVBHA/AzA2AoAmAZAYANAHAEABABBoB0CEBpBPBQBFA9AtArAgAbATAKAIADADACAB
1400233001001,ByB2B9BsBYBdBUBCA9A1AxAcAdAUAKAIAIACAABqB0BvBjBVBYBGA8AxApAkAZAVAOAIACAGABAB
1400282001001,BuB2CGBnBXBZBOA5A+A4AxAqAdARASAGAEAAAABqBuB1BnBbBPBMAyA3ArAjAcARANAGADAGABAB
1400308001001,BZBxCSBuBSBWBVBCA5A5AxAlAmASATAJACABABBrBvB3BUBNBfBPAzAsAqArAdAYAPAJAFABABAA
1400407001001,C0CnCZBqBVBLA7AxAsAdAYAaARANAIAFADACABChCgCMBmBHBGA+ArAfAbATAUARAJALAEAEADAB
1400456001001,CRCXCPBoBJBKBJA8AyAuAhAeAXAQAFAEAGABABCTCGCHBmBPBMBCA5ApAmAdAXAKAJAIAIABABAA
1400472001001,BhBxCDCKBjBOBRA6A6AyArApAgARAMAIADABABBnBpCTBfBUBSA+A9A1AjAoAgAOAKAIADADAAAA
1400506001001,ByBvB8BuBcBsBUBAA7ArAoAcAaAVAJALAFAAAABiBuB3BhBnBbBOA6AvApAdAbAaAMAIACADABAA
1400605001001,BVBeB0BzBsBqBhBEA8AzAwAgAiAMASAFAEADABBIBYBzBlBpBlBPA8AwAxAuAYAXAIALAGADABAC
1400704001001,DNCwCSBvBTBHA2AuAnAhAcANAIAHAHAHABAAABC7CuCOBsBMA/AuAjAlAZAQALAMAOAGAFADACAB
1500107003001,BqBtB9CBB3BiBLA6AzAqAgAlASAUARAJADAEABBhBqB9ByBfBNA+A4AqAkAmAUAbASAQAKADADAC
1500107003002,BeBpB3B6BtBdBTBGA6AnAfAbATARAFAKAFABABBoBnB4B2BrBfBMBGAxAjAbAbASAQAHAGAGAEAB
1500107003003,BvB4CJCJBvBZBDA/AzApAdAgAZAUALAGADACACBoBuB+B2BbBRBCA0AnAkAeAaAQARAKAKACADAC
1500107003004,BZBgBsBvBrBkBTBEA5AtAkAeAdANALAGAGACABBTBbBqBzBuBlBTBGA3ArAlAdAXAQARAIAEAEAG
1500107003005,BQBVBlBrBiBkBUBJA9AvAoAcASAYALAKACACABBMBWBnBxBuBkBdBLA9AxAnAjAWAWAUAJAIABAE
1500131001001,BhBuByByBbBfBSBGA2A2ArAeAbAYAQAKAGAFABBhBkBsBeBYBeBQA6A8AuAgAgAYARAMAFAFACAD
1500206003001,BsB3CGB7BnBYBNBIA5ApAkAZAXAXAIAIAEACAEBlByB0BuBdBPBCA/AuAmAfAVARATAPAHAGAEAB
1500206003002,B8B9CHB3BjBXBFA/A0AsAjAXAaAUAKAJAHABAAB8BzB4BsBcBNBBA4AwAiAZAbAUAPAHALACADAD
1500305001001,CFCOCSCABlBUBDA5AvAkAjAVARAOAKAIAEADAACFCKCMBwBUBLA7AvAmAfAZATAPAMAJAEAEABAB
1500347001001,BVBfBrBfB3BrB0BgBYA0AnAhAUAQAJAEAEABABBMBfBgBfBoBrBdBLA0AlAdAVAMAMAEAEABAAAA
1500404003001,BmBsB+BzBPBHBEA7AuApAfAfAUAXAVASAHAEACBhBxB7B3BWBRBNA9AxAqAnAhAgAXAPASAOAEAC
1500404003002,CBCLCOB3BTBPBGA9AxApAmAhAZAYAKAIAJACABCACHCCBhBIBFBAA1ApAjAeAcARANALAJACAEAB
1500503001001,B0B0B7BxBdBYBLBHA5A1ArAeAVAPAKAKADADAAB0BzB6BtBZBTBLA8AxAnAeAaARANAIAEADABAC
1500602003001,BfBnBvBqBhBhBNA/A0AsAjAdAYAPALAMAJADACBdBsBxBzBqBhBTBEA1AsApAZAKAYASAJAHADAA
1500602003002,B0B0B5BeBeBZBQBUBLBBA8AjAWATALAFAAAAABBuB0BwBUBTBUBNA9A0AqAmATAMAMAFAEABACAA
1500602003003,BfBtB7BuBkBeBLBBAxArAgAgAZAVARAGAGADABBuBlB0B1BfBgBSBCAyApAjAbAQAOAPAHAFACAA
1500602003004,BVBeBjBnBaBhBQBJBAA2AoAaAfAJAJAIADADAABWBeBoBqBsBwBgBRBFA1AvAPANARALAHAHADAE
1500602003005,BSBeBoBoBkBjBRBEA6AzAoAlAaASAPAIAIADAABQBeBmBrBgBlBXBGA9A0AoAiAaASAPAKAIACAB
1500701001001,CRCYCRB5BhBTBFA4ApAhAXAaAOASAIAFAFAFABCOCRCCBuBdBKA6AwAiAaARAZALAOAKAGADAGAB
1500800005001,BOBUBdBaBlBpBaBHBAAzAuAfAUARALACACADAABKBYBbBhBpBzBiBPBFA7A2AlAYATATAFAGAAAC
1500800005002,BkBnBzBqBmBfBWBMA+AwAkAWANAKAGAEAEACAABWBkBtBsBmBqBgBUBDAuAnASAPAQAJAHACAAAA
1500800005003,BPBSBYBZBgBlBbBLBCA5AwAeAaASAGAFABABAABMBMBZBeBsBvBkBSBMBAA1AjAXAQASAKAHACAB
1500800005004,A6A+BIBNBVBhBYBEA6A0AyA4ApAWANAGAEADACA7A+BIBVBkBxBlBOBIBHBFBIAwAcAWAQAJAGAD
1500800005005,BDBMBTBTBZBhBUBIBCA+AqAwAeAOAHAFAFABADBMBFBTBfBnBtBkBbBOBHBBAuAfAVAIALAGAEAA
1500800005006,BIBIBUBVBdBdBYBJA9A5AwAqAdAPAFAJABAGACBFBHBVBaBmBtBpBXBNBCA5AxAjAaARAJAJAAAE
1500800005007,BOBUBaBgBiBkBaBNA+AyArAiAXANAIAIACABABBJBRBdBgBrBuBhBWBHA6AxAvAhANAKAJAEAHAB
1500800005008,BWBWBeBdBgBkBYBPBBA0AvAaAVANAJAHAEACAABNBWBfBhBqBqBkBUBIA1ArAjAVAYAJAJACAFAG
1500800005009,BWBfBpBfBoBkBSBMA7AzAxAVARANAKAEAEABABBRBgBlBoBuBlBbBPBDA4AsAfATASAMAGAHACAA
1500800005010,BZBmBuBkBYBYBXBQBJAzAeAfAQAMAHADAGAAAABbBgBtBsBhBnBiBbBJAzAqASAQAOAMAIABACAA
1500800005011,BdBeBvBnBdBbBaBYBEA1AnAUAKAKAGAEACAAAABWBdBtBmBmBlBmBhBIAxAeAiASASAHAEABABAB
1500800005012,BQBWBoBtBoBZBMBCBKA7ApAfAQALAMAHAEAAAABIBVBdBuBuBhBYBSBUA/AsAlAaAPAGAIAGAEAC
1500800005013,BoBuBzBgBfBfBWBUBBAvAiAZASAIAKADABAAAABaBfBsBrBqBkBiBTBDAuAgAYASAMAIADACABAD
1500859001001,B7B4B+BzBiBdBQBAA8AvAlAqAXASAJAKACABAABzB0ByBuBcBUBFA3ArAlAZAcAOAMAJAEAAACAA
1500909003001,BnB3B+B3BiBRBKA9AvAmAgAfAdAUARAJAJADABB5B5BxByBcBWBDA4AvAiAbAgARAWARAKAEADAB
1500909003002,B+CECRB8BoBVBCA1AuAmApAWAXAWAIAHAFAEABCCCGCGBmBOBJA6AtAoAkAaAdARAQAGAGAKAEAC
1500958001001,BlByCABxBjBYBPBBA4AoAkAeAXAUARAKADACACBjB0CCBrBoBaBHA4AuAmAbAdAVATAMAIABAAAB
1501006001001,BzCOCWB+BOBFBBA5A0AuAiAkAiASAJAKAHAFADB7B+CLBoBIBJA6AuAqAiAeAjAQAOAKAKAEABAH
1501105001001,CQCMCTB3BhBUBGA3AqAbAYAUARAPAHAEAFAAACCKCRCSB5BdBVBAAyAiAbAUASANAMAHAFABABAD
1501204001001,BxB7CDB4BtBcBUA9A1AoAfAiAXAQANAHAEAAACBiB3B7BjBhBWBHA3AuAnAgAXAYANALAHACACAA
1501253001001,BlBwBgBqBHBnBMBWBJA7A6ArAcAWAZAEAKADAABoBhBoBSBQBXBLBIAvAtAjAmAeAQALAAAAAAAA
1501303003001,BnBpBtBuBmBkBPBFA5A2AsAeAOAPAFACACACABBhBmBuBmBtBhBXBLA+AvAfAbASALAHAHADABAB
1501303003002,BpBsB5BsBiBmBYBFA6AtAqATATALAIAFABABABBmBjB1BnBpBnBZBIA5ApAjAVAMANAIAHABADAD
1501303003003,BkBsB0BzBmBcBNBBA4AsAmAeASAVALAJAEACADBrBjBxBsBoBeBQBCAzAqAcAfARATAJAJAEADAD
1501402005001,AsArA7BDBZBcBIA+BBA/A4AxAhAhAYAQAMAJAAAoApA2BRBtBoBWBPBTBOBOBCArA9AcAhAfAPAF
1501402005002,AoAxBABGBTBVBJA/A/BDBAApAqAWAWASAMADADAuAvA7BPBjBiBVBQBTBVBVA8A3AqAqAhATAFAN
1501402005003,BIBIBNBRBWBdBVBLBFA7AsAnAaAQAVAMAFAEABA+BIBRBXBdBnBbBVBLBCA+AtAlAnAUASARAGAF
1501402005004,BGBNBUBWBfBfBXBOBCA1AtAeAfAQALAJAHAEAABDBFBXBWBqBpBeBUBLA9A6AnAgAgASAZAMACAB
1501402005005,BZBeBeBkBhBpBcBNA8ArAwAWAeAIAKAEAEABAABPBcBfBkBtBvBeBOBAA0AsAdAXAQASAMAAABAG
1501402005006,BGBNBUBYBWBcBWBTBHA4AuAmAbAMARAIAEAAABBKBGBZBcBiBnBoBZBOA/A7ApAeAYARALAGABAE
1501402005007,A7BABLBOBUBZBVBNBDA0AxAmAtAWAWAIAIAFAAA3A/BJBTBgBmBfBYBQBAA0A+AvAnAjAQAPAFAD
1501402005008,BPBIBOBSBaBiBVBNBBAzAsAoAgAPAGAKAFADAABDBLBTBXBkBrBkBXBPA8A8AxAwARAVAKAIAIAB
1501402005009,BIBDBOBSBgBhBTBLBEA+A0AiAYAPAIAGAHAGACA5A/BHBZBpB0BhBXBPBNA0A4AnAZATARAIAEAF
1501402005010,A+BHBOBWBbBdBWBLBFA5A2AmAZASAOALAHAHAAA3BBBNBcBgBoBgBWBRBDA9AxAxAVAVAOAKAIAC
1501402005011,A4A8BHBLBVBYBSBFBDA+AuA3AaAXARARAGAAAAA4A7BHBPBkBrBkBVBRBNBDA+AiAvAUAZANAIAE
1501402005012,A/A/BKBRBXBcBQBKBEA/A2AjAgAOATAMAGAAAAA9BABKBcBmBpBcBTBTBKA2A4AyAbAUAOAXAGAC
1501402005013,AzA5BCBFBWBYBQBBBABBA6AoAiAcAZAKACAEABA6A1BFBSBlBpBeBQBRBQBOA7AtAoAdAOAXAMAB
1501402005014,A0A7BEBMBVBTBLBFBGA+A1AuAfAWAUANAIAFACAzA4BEBTBiBjBaBYBQBTBHA+A5AcApAYAKAKAE
1501402005015,AmAuA1BJBSBMBDA6A5BBA7AxAoAoAVASAKAJAEApAoA0BMBnBiBXBPBPBVBRBHA/ArAqAgAbAWAN
1501402005016,ApAxA4BMBcBVBIA7A6BAA7AtAmAgASAQAKAJAEAtArA4BVBtBiBUBLBOBSBfA4BAAkAjAlAaAMAE
1501402005017,A2BABHBSBUBZBNBFBEA7AxAuAmAWAPAOAHADABA5BBBMBTBfBmBbBXBRBIBHAvA0AdAaAcAJAPAF
1501402005018,BCBFBOBTBbBfBUBIBAA5AsAqAdAZAJAOAHABAABBA/BKBZBnBuBfBQBNBCA/AwAmAeAeAVAQADAA
1501402005019,BPBRBdBWBiBiBbBPBBAuAtAdAeAOANAGACACABBRBSBYBhBmBpBmBSBBA6A1AfAlARARAMAFAFAC
1501402005020,BLBJBSBUBbBgBWBOBBA3AwAhAUAXALAIACAGABBCBKBXBhBpBoBjBUBKBAA2ArAmAYAOASAKAHAE
1501402005021,BMBJBYBTBYBeBXBOBDA3AqAkAWAYASADAFAAACA9BGBUBcBkBnBcBaBMBAAyAvAdAjAbAXAHAGAD
1501402005022,BMBSBXBXBeBhBTBNBEA2AvAdAUAWAWAGACAAAABBBQBbBeBlBpBiBVBHA6AzAnAkAZAZAQACABAD
1501402005023,BUBTBiBfBjBpBYBLA6AxAtAeAWAQAGAFABABAEBJBXBbBhBsBtBfBOBFA5AoAsAdATARAIAIAFAA
1501402005024,BVBZBcBgBkBnBYBHA7AvAqAgAbANAJAFADAAACBSBaBbBgBsBsBcBPBCA5AqAqAcAUATAGAEAEAE
1501402005025,BFBMBSBWBhBjBXBLBBA1AwAqAbATAOADABADACBEBHBQBcBnBwBeBTBLBAA1AzAqAQAVAKAGAEAG
1501402005026,BMBPBYBXBhBrBZBPBAA0AoAiAXAVAQAJABABABBGBRBVBeBnBtBkBUBEA5AwAqAdAVAVAOAEADAE
1501402005027,BnBqBtBkBeBdBQBKBAAyArAZASAPAMADAEADABBdBfBpBnBiBeBUBRBAAyAsAWATAaAKAGADABAC
1501402005028,BhBiBpBiBkBZBUBPBIAxAjAaASARAGACAEAAAABhBfBrBmBpBlBcBWBFAyAkAaAWAIARAEACAAAB
1501402005029,BLBQBfBfBiBjBTBLBAA0AuAhAeAPAMAHAAACAABTBOBeBmBrBsBhBUBHA8AtAqAYAQARACAGACAB
1501402005030,BSBdBkBeBcBfBgBTA+AuAiAbAUALANAFACABAABbBcBpBgBnBzBrBWA/AxAvAbAWASAJAHAEADAA
1501402005031,BXBVBUBgBqBhBTBFBCA8AkAsARAOAGAEADAAABBFBLBWBqBrBuBbBTBPBBA6AhAdASALAIAIAEAA
1501402005032,BMBMBWBUBiBkBWBLBEA6A5AbAWAYAEACACAAABBGBIBUBkBnBuBgBXBPBEAxA2ATAWAXANADACAB
1501402005033,BcBXBkBgBmBhBXBPBCA4AhAgAQASACAAAAADADBZBYBmBpBtBnBiBVBKA3AyAVATAMAKADAGACAC
1501402005034,BMBJBYBRBYBbBWBKBEA6ArAsAfAQAGAKAFABABA/BMBRBbBgBtBfBZBOBFBAAuAgAeAPAPAJAAAC
1501402005035,BVBVBgBfBhBbBTBMBBA7AxAaAUAKAKABAGAAABBIBUBiBkBpBkBmBUBNA8A4AfAaASAPAGADADAG
1501402005036,BeBfBvBkBiBfBdBPBBAtAiAfAPAHAMAFAEABAABSBeBqBlBqBmBmBSBBAxAqAYAXAWAJADAFAAAB
1501402005037,BdBiBtBiBcBWBcBPBEAwAmAYARAQAHAFACAAAABcBfBnBqBmBfBmBdBIAzAsAXARAJAGAMADACAA
1501402005038,BVBiBpBmBhBYBaBUBFAyAmAaARAIAGAHADAAABBXBXBmBpBkBoBqBaBOA5AhAeARANAFAJACAAAC
1501402005039,BUBaBhBpBfBhBaBKA/AzArAiAYAOAKALACABABBLBXBiBgBjBkBcBTBHA4AvAjAZAVAKAHAGACAE
1501402005040,BUBcBkBhBgBeBWBNBBAzAoAnAWATAJAFACABAABHBWBbBgBlBmBdBPBFA7AvApAeAQAQALAJABAD
1501402005041,BPBQBYBaBjBcBSBLBDA6ArAmAeASAHALADAAABBDBQBTBdBkBkBZBUBMBBAtAzAgAYAaAOAFABAG
1501402005042,BbBfBtBkBdBUBNBEBCA3AtAkAhAQAQAKAFABAABYBYBmBkBdBbBYBNBCA1AnApAbAWALAGAHABAC
1501402005043,BRBZBnBjBUBVBIBHBHA6AuAbAXAfARAQAGACABBOBSBlBfBXBXBOBUBHA7AtApAjAdAbAHAHAFAB
1501402005044,BgBkB6BnBXBRBPBIA8AwAnAlAdAUATALAFACACBbBeBzBkBTBZBTBHA1AxA0AYAkAQAOADAGADAG
1501451001001,BoCACBBtBLBOBNA9A1AzAmAnAYAZAYAMAIACACBqB1BxBgBMBLBHA2AwArAmAnAZAYAVAJADADAA
1501501002001,BcBpBpBmBgBjBXBGA6AyAuAaAUASAJAHADABAABTBeBqBrBfBoBbBLA8AvAqAdASAQARAKAHACAB
1501501002002,BYBnBuBpBlBgBVBNA/AtAlAdAbAQANAEAEABADBcBkBoBnBhBeBWBMA+AtArAXAYALAPAGAGACAF
1501576001001,BfBkB0BtBqBbBNBFA/A2AnAqAiASAQAIAHAHACBfBlBvBfBZBZBLA6AxAuAhAlAdAOALAGAHACAA
1501600001001,BuBuBvBmBsBpBbBGA5ApAlAfAeANANAJAEACABBpBrBlBsBgBjBJA6AwAmAgAaATAKAOAMADADAD
1501709003001,BsBqBsBsBmBZBJBFA0AtAgAaASATAMAJADAEACBlBpBwBvBoBfBNBBAzArAlAcAhASATALADAAAB
1501709003002,B1B0B4B3BhBYBLA/A1ArAlAhAWAWAQAGAHADACBtBtBtBmBeBXBAA6AuAnAiAcAbASAJALAJAEAB
1501709003003,BkBlBsBqBkBbBLBFA0AuAmAfAWAWAOAIAFABACBkBjBsBvBtBfBNBEA5AuAkAcAVAUAKAMAGAFAD
1501709003004,BoBuB1B0BsBXBJA/AzAqApAdAaATANALAEADACBgBsB2BtBmBaBFA7AzAnAgAhAUASATAJAGACAC
1501725001001,BfBlByBtBgBWBQBKBCBBAvAmAbAWAQAJAJADABBhBbBrBkBTBUBLA/A4AwAjAcAfAOANAGAHABAB
1501758001001,BvB2BwBzBeBaBKA7A5AwAnAqAeARAPAOAFAEABBjBgBvBuBcBNBOA0AwAuAlAoAPAYAMAHAFACAB
1501782003001,BxB0B+BtBiBcBPBBA0AqAgAeAYAKAOAHACADACBxByB6BxBmBbBNA5AxAkAfAaARASAIACADABAB
1501782003002,CAB9CGBsBmBeBMA9AvAtAkAlAUATAJAJACABAAB4B9CDBjBkBQBCAwAoAmAiAXASANAHACADABAB
1501808003001,BpB1CIBxBiBcBMA8AsAnAmAVAVAMAGAHAGAAAHBnBwCAB3BjBZBOA/AuAmAhAcAQAOAKAJAIAEAE
1501808003002,CaCdCTB0BgBMBAA1ArAiAcAZAVATAKAHADABAECbCUCJBpBPA/A0AsAiAaAUAXAOAQAIAGACADAF
1501808003003,B4B8CVB5BqBXA7A5AuAfAdAZAUAPAGAHAEADAEBzB/CPByBfBHBJA3ApAkAaAgASALAJALACACAE
1501907001001,B0CCCFB2BcBVBGBBA4ApAfAfAQAYAOAEAIAFABBwB8B4BtBVBOBGA7AxAiAZAbATAXAKAIADACAF
1501956001001,B/CPCDBmBlBXBNBAA6ApAhAYAQASAHAEACAAABCFCTB7BeBjBYBFA2AvAgAWAWAPAFAGAEACABAA
1502004001001,BuBwB5BxBlBbBLA+A8AwAkAgAUAQAPAJAGADAABnBoBuBnBbBZBEA4AzAsAdAdAdARASALAEAHAE
1502103003001,BrBuB4B2BrBfBPA8AxAlAaAhAXARAGAJAFADACBmBrB1ByBqBeBKA7AvAjAeAfAXAMANALAIAFAE
1502103003002,CFCHCPB1BpBPBFA5AwAgAiAZALAUAPAGACAEABBzB6CRBvBcBIA8AxAnAeAbAZAPAbAIAKAKACAE
1502103003003,BkBmBuB1BrBhBRA9AxAoAdAkAUASAOAKAJAAABBjBmBtByBuBhBKA5AwAoAkAbATAaAPAMAHACAD
1502103003004,B5CDCOB5BlBWBGA7AsAjAcAgAYATAOAJAGACADBzB5CBBrBaBHA9AxApAfAdAcAUAXANAJAEACAI
1502152001001,BzBpBpBhBkBtBaBLA7A0AnAYAUAMAFAGACACACBmBqBwBmBtBpBbBHA3AoAaAaAOAMAIADABABAA
1502202003001,BUBdBpBgBjBaBQBFA4AwAmAjASAVARAQAHACABBPBZBnBmBhBkBUBLBAA4AsAnAVAhAVAGAFAFAD
1502202003002,BYBnBuBqBfBYBNBGA4AzAoAiAbARAPAOAHADACBPBbBpBnBfBaBSBFA9AzAsAhAbAVAUAQAFAAAD
1502301003001,BcBlB0B0BkBZBKBCA8AvAhAiAXAWAQAMAFAFAABRBnB1B0BeBaBLBBA5AuAkAfAUAWAPAMAEAEAB
1502301003002,BqB+CDB4BkBSBLBBA7AqAlAcASASARAGAHAEACBlB6CCBsBbBQBFA5AvAjAgAYAWARAMACAGACAB
1502400003001,BbBaBoBlBoBiBYBKA8ApArAXATAYAMAGADABACBaBfBmBgBoBvBXBIA6AxAuAbAUASASAJAKABAC
1502400003002,BJBKBbBWBkBfBPBFA8AzAzAfAWAVATAGACABAEBHBHBMBmByBtBYBQBHBBAwA0AmAZAMAQARAEAC
1502400003003,BwB2B8BqBlBnBUBCA0AfAVAdAIARAHAHAEACACBxBxByBvBrBpBdBAAyAlAZAbARANAIADADABAB
1502400003004,BkBnBrBnBpBjBRBIA4AoAjAZARAQAJADAEABAIBlBnBvBsBqBpBaBHA4AtAlAYAUAPAKAGAFACAD
1502400003005,BbBgBkBqBrBjBSBIA9AvAfAeAMAXALAEAGAAAABfBWBhBrBwBnBeBMBBAwApAeAVASAHAOAGAAAE
1502400003006,BLBMBcBlBnBkBUBIBBAyAqAhAWAPAPAKAHAEABBIBPBWBsBrBkBdBLBFA7AzAmAfAYANANAIAEAE
1502400003007,BMBRBbBkBhBcBQBJBBA2AtAdAaAPAPAEAGADAABLBSBfBsBuBmBcBQBJA6AqArAYAXAWAKAEADAD
1502400003008,BfBrBxBrBkBcBRBJA9AvAlAaATAQAJAGAHAEABBcBiBuBtBkBiBWBJA+AvAnAXAVAVAIAHAEADAB
1502509001001,CICJCHB3BnBSBJA6AxArAgAfASAaAMAGACABAECECFB/BjBXBEA9AxArAfAYAdAHAUAQAFAAACAC
1502608001001,BsBqB3B0BeBRA/A8A6AxAhAmAoAZATARACAEABBlBlBvBsBXBPA8A4A0ApAmAhAcAUAWAMAGAFAJ
1502707003001,BYBpB+BvBLBIBOBFBIA4A4AtApAjAXAIAIAEAABTBiBpBYBIBKBABDA5A0AxAhAXAZAQAIAEAEAE
1502707003002,BdBkBvBnBWBWBSA+A4AuAnAbATAdASAOAFAGABBWBiBtBoBbBXBUBJA9AxAsAiAgASAQAQAKABAC
1502756001001,B8B4B7B2BuBYBOA+A0AjAlASAXARAOAIAGACABBuBsB1ByBkBaBHA9AuAfAeAUAUATAMAJABADAD
1502764001001,BnBsBmBXBcBsByBZBaBYA9AvAjARAPAFACAAAABsBkBhBMBSBTBOA2A0AmAcAUALAJAAACACAAAA
1502772001001,BoBlB0BzBbBNBGA1AwA7A5ApAjAgAZARAJADACBXBkBxBtBcBJBFA0A0AvAqAjASAVAOALAFABAB
1502806001001,CbCRCRB6BnBVBFA3ApAhAeASAVAJAJAGAEABAECMCLCHB0BWBLA4AvAgAdAXATAMARAHAEADACAD
1502855001001,B/CPCBB4BkBYBFA3AwApAkAcAXAQAMAJAGACAAB4CLCBBjBTBKA/AwAqAnAfAVAPASAMAGACAEAD
1502905001001,BeBtB1BxBhBPBJA9A2AwAtAeAfAXARASAHAEACBhBwBwBiBWBPBDA2A1AqAlAjAcAaASASAEAEAF
1502939003001,BpB2B3BwB6BmBiBIBBAzAtAYAVAVAKAFAEACABBkBqBpBZBiBTBIA5AzArAnATAQAJAGACAHAAAC
1502939003002,BpByB1BtBiBiBUBFA5ArAgAbATAKAMAEADABAABhBsB2BnBrBkBWBGA3AuAjAWAPAQALAGABAAAB
1502954003001,BxB4B/BuBnBQBKA9A4A4AqAlAZAXANAIAHABABBmBuB2BoBcBPBFA1A1AsAjAbAZAMAJAEACACAB
1503002001001,B/CIB+B6BbBPBBA9AvAsAhAgAZASALAIALADAAB4B/B6B0BTBJA8AzAkAnAhAdAQAUAMAJAGAEAI
1503044001001,BpBwB1BzBeBaBWBJBBAzA0AgAcAWAQAIAFADABBjBkBwBjBUBQBUA9AyArAkAZATAOAKAFABACAA
1503077001001,BvB/CHB+BjBZBIA8A2ApAeAcATAXANAHAGAEACBnB9CABxBaBQBCA3AsAiAgAVAXASAGAHAEAGAA
1503093001001,BpBsBzBrBnBlBbBGA2AwApAfAUAOAOAGAFABAABrBpBzBoBoBhBTA4AyAnAdAcAWAIAJAFACABAB
1503101001001,CICPCTB1BoBVBGA9AuAnAiATASAUAGAIAFACABB+CFCCBwBbBHA7AxAkAdAWAVARAPALAIAEADAB
1503200003001,BgBqB2BuBfBYBJA+A4AtAnAeAYATAXALAEACACBbBkBvBzBlBVBIBBA4ArAmAkAjAYASAEACABAC
1503200003002,BXBkByBzBlBhBLA/A3AuArAhAeAYAQANAFABAABWBhBrBwBaBaBEBAA4AxAmAjAWAVAOAPAOADAC
1503309002001,BtBuByBzBoBYBOA/AyAoAkAeAYAPANAFAGAEAFBuBlBuBxBoBaBLA6AyAmAgAhAYAUALALAGAEAC
1503309002002,B+B0B+B+BvBYBNA8AvAoAdAgAPAVAKAHAGABADB8ByB4B0BgBTBDAvAqAiAZAdAYAMAFAKAEABAH
1503408001001,BjBtB4B0BnBSBQA7A9AvAiAjAfAVAPAHAGACAEBZBmBvBrBnBUA9A/A0AsAvAYAcAOAMAOAGAGAD
1503457003001,BtCBBvBkBuBgBVBFA4AnAlATAcAPAIADABAEABB1B9ByBpBrBmBVA9AvAiAWAXANAJAIADACABAB
1503457003002,BdB6CPBrB1BnBkBCA+AkAhAUAbAPAPADAAABAABkBsCCBnBwBhBOBAAsAdASAaALAHAGACACAAAA
1503507001001,BsB1B/BzBhBTBJBAA4AmAXAsAcAZANALAJACACBmB0BwBjBWBPBHA5AvAkApAaAZAXAPAKAGAHAE
1503606003001,BXBlBqBiBbBoBfBYBYBOA7AnAgAMAKADABADAABbBfBqBYBVBWBSBBA7AwApAWANAMAFAAAAABAD
1503606003002,BSBgBpBrBqBoBLBAA7AzApAgAUAQAJAIAFACABBUBaBuB0BoBjBWBHBBAzAvAbASATALAKAFAAAC
1503606003003,BaBoCCBsBeBcBSA8AxAwAlAmAgAVAKALAGADAABfBlB0BsBkBaBOA7AzAvAtAbATAPASAJAFABAC
1503606003004,BfBxCEBvBfBXBIA4A1AwAqAXAXAPAMALAGACABBlBxCABzBlBeBIA7AzApAnAcAWAOAJALADABAB
1503705003001,B9BzCEByBgBSBIA6AtAjAdAcAOAaARAIAHABABBqBzB9B4BiBYBLA3AtAlAlAWAYASAIAHAHAGAC
1503705003002,B3B9CDBsBgBaBPBBA7AzAxAqAgAVAMAIADAAAAByByBzBbBaBQBBAyAtApApAaAUAKAGABABACAB
1503754001001,B9B7BuBZBsBfBeBRBjBMA7AgAVAMAAAPAAAAAABvBwBiBRBYBSA9A3A2AqAUAXAVAAACAFADAAAA
1503804003001,BgBtB2BxBsBgBYBHBBAuApAbATANAVAIAIAAAABbBjBxBsBnBaBLBBA1AnAoASAUAUAJAHAEABAB
1503804003002,BfBmBoBrByBcBUBBA8AqAhAXAPAVAIAFAFAEABBkBiBxBxB0BoBUBIA6ApAhAaAPAQAIAIAJACAC
1503903003001,B8B9CCB1BoBUBLA8AvAnAfAeATASAHALAJAAACBtCBB/BrBgBSBAAyApAhAcAbASARAPANABAGAE
1503903003002,CJCTCOB2BfBbBFA4AsAkAcAeARASAJALAHADAACLCMCHBhBXBLA8ArAkAdATAbARAJAIAKAEAFAC
1504000001001,CAB9COB7BtBYBLA9AzAmAcAZAUALAIAHADACADBzCCB/B0BeBLBBA1AnAeAWAcASAPAHAGAEAEAC
1504059001001,BjBvBwBpBeBYBKBAA4AnAnAZAaAUAJAKAJAGABBoBqByBuBnBZBQBGA5AmAkAfAXASAPAGAHAGAC
1504109001001,BnB3B6B+BdBQBCA1A3AsAgAqAlAWAVANAMAEAEBcBqB0BiBPBQBBAuAuArAqAeAkAWAZALAGAEAE
1504208005001,BoBkBmBiBxBuBbBDA3AuAjAdASALAHAHAFABAABmBgBlBmB1BvBaBFA5AwAjAYAQAMAKAFADACAB
1504208005002,BpBlBkBnBpBlBXBEA7AtAgAdAUANAIAHADADAABgBhBrBtBrBtBaBIA6AvAjAaARANAQAHAEABAB
1504208005003,B2BvBuBmBwBlBUA+AwAnAkAYATASALAKAHACADB0BrBrBpBvBfBMA5A0AlAlAYAPASALAHACADAE
1504208005004,BxB7CEBxBjBVBMBGA9A3AxAnAjAVAPAGAEABABBsB2B1BaBOBJBAA3AyAoAhAeATAKAIAHABACAB
1504307001001,BgBuCEB1BaBPBHA8A1AsAnAkApAZAWAHAGACAHBhB4B5BtBNBJA8A0AvArAmAgAZAUAUANALABAE
1504406001001,BcBtCBB0BYBRBHBAA5AtAsApAhAcATAOAIADACBWBmBwBnBNBNBBA6AwArApAjAjATAUAQAKABAI
1504422003001,BgBlBmBfBnBqBhBIA6AuAqAYASAMAHAIADACABBbBaBkBgBxBuBiBOA7AuArAYAYANALAFACACAC
1504422003002,BeBqBwBaBhBeBlBSBHAvAiAaATAMAIAEADABABBdBhBmBfBnBqBlBTBCAtAdAYAUANAEAGADAEAC
1504422003003,BWBbBkBfBlBnBnBSA/AuAnAdAVANAIAFADABAABRBZBgBiBnB0BlBZBCAxAlAfAOAOANAGAFABAD
1504455001001,BgB1B0BxBtBiBYBIBDA5AnArAZAWAPAIADADAABiBmBpBpBZBVBKA6A0ApAgAbAPANAJAEAAACAA
1504505001001,CbCZCeCDBnBWBFA1AqAdAUAWANAKAEAHAEACADCPCLCGBxBZBMBAAwAgAZAWAOAJALAFAEADAAAE
1504604001001,BsCECFB3BmBWBEA4AzAjAbAgAVAYAQAKAIABABBxB6B+BsBfBLA/A4AuAlAaAfATASASAIAEACAG
1504703003001,B5B2CAB3BtBZBPBAAyArAhAaAYAOALAIABADABBtB3B5BvBkBTBHA2AqAiAdAXATARAJAKAEAAAF
1504703003002,BxCDCFB5BlBbBOA9A0ApAhAfAXAPAOAHAEADABB1B7B/BuBbBQBBA4ArAhAdAUAOAMAMAJADABAB
1504802003001,BdByB8BtBRBRBLBGA5AwAmAjAbAXAPAKAJABACBdBrB9BwBSBSBNA/AyApAhAjAXAaAOALAKACAD
1504802003002,BkB6CBB4BXBMBJA/A6AtAkAlAdAXAQANAFADADBgByB5BrBOBLBFA7AuAqAoAhAYASARAMAGADAA
1504901001001,B0CAB/B1BpBeBOBBAyAoAhAdATATAIAKADAEABB2B4B3BpBfBUBGA4AuAkAcAZAQANAIAIAEACAB
1504950001001,CDB/CEB4BnBfBRBAA1AoAkATAVAWAHAEABAAAAB7CCCBBvBdBTBIA4AoAeAQAcAQAGAEAFACABAA
1504976001001,BnBxB6BuBfBbBRA/A6AxAuAiAeAbARAIAIABABBlBvBxBoBaBPBHA5AtAoAhAkATAXAHAHAIABAB
1505007001001,BRBnBjBqBdBdBSBIBAAxArApAbAeAYAMAKAEAEBPBZBlBZBcBWBKA/A5AvAvAhAZAgATANAKAEAE
1505031001001,BlBnBuBhBeBaBYBRBSBMA2AmAdAMAIAEABAAAABdBiBuBeBZBZBUBIA+AvAkAXAOAIAHABAAABAA
1505064003001,B7B/CLBtBfBXBPBBA3A0AvAfAWAZAMAJACABAABwB8B7BfBUBRBFA0AuAnAcAdARALAGAEABAAAA
1505064003002,BxBzB2BxBgBdBRBCA4AqAlAdAZAPATAIACACAABrBvB0ByBkBbBNA5AvAnAbAdAYALAJAEACABAB
1505106003001,BiBmBuBmBQBNBNA/A5AuAnAmAVAjATAKAHAIABBWBiBrBvBWBXBNBDA2ApAnApAkAXAZAKALAJAC
1505106003002,CDCHCDBwBbBUBLA/A2AtAkAiAaAXANAGAFACACB/CCB4BfBMBMA+AxApAlAcAcAPATAMAIAGACAD
1505205001001,CXCRCPB5BhBRBEA5AsAfAYAcASAPAMAGACAEADCECLCGBnBUBNA/AzAoAfAYATAPARAIACAFABAD
1505304003001,BxB0B8BjBUBQBHBDA5AxAmAgAUAVASAIAFACABBoBzB1BmBSBZBSA/AxAuAtAYAaASAMAHAIADAC
1505304003002,B9CGCFBvBbBTBHA5AvAmAiAbAXAPAOAIADABAAB6CCCDBwBZBUBIA2ArAjAdAaARASAIAHAGABAD
1505403001001,BiByCAB1BcBYBOA7A6AtAiAhAWAUAWANAIAEABBfBoByBpBYBRBGA7AxAtAkAgAdAZAPAIAHADAB
1505437001001,BwBoBrBqByBrBbBMBHAwAhAeARANAGAEACABAABhBpBwBwBnBjBTBFAzAoAZAUAPAIAGAFACACAA
1505486003001,B0B3CHBrBiBeBQBHA+A1A3AgAdAWAOAHACAAACBuBuBwBhBUBLBEAzAvAqAiAcARAMAIAGAAABAA
1505486003002,ByB2CBB6BpBdBNA/A4AsAjAmAjAOAOADAFACAAB4BoB3BuBhBSBEA2ArAkAdAXAVAJAJAFABACAA
1505494001001,BmB1BoB4BbBZBNA9A0AxAqAfAhAXAZAHAHAEADBkBnBwBrBYBTBEA2AsAsAoAlAdARAKAJALAEAB
1505502003001,BzB3BxBiBnBjBXBIA6AqApAUALAJAFAEAAABAABnBxBqBxBtBtBbBHA3AsAlAQAJAOAIAFAAAAAA
1505502003002,BqBrBzBhBoBtBaBAAyApAnARAVAJANADACADAABqBsBxBiBuBsBhBGAzAkAqAVASAPADAKAAAEAA
1505502003003,BiBfBlBgBvBmBXBKBAAtAgAfASAOAFAGAEACAABhBgBqBuB5BwBYBKA/AtAhAaAPALAIACAFACAA
1505502003004,B2B4B7BpBnBpBUBFA4AqAlAXARALAJAEAEABAAB2B1B4BnBoBhBOA9AzAjAeATAOAJAGABADAAAB
1505536003001,BjBSBkBbB7B+BiBOA9AvAhAfAQAHAIAEADACAABgBVBeBmB9B2BoBIA9AuAgAYAGASAGACACAAAA
1505536003002,B6B0BtBgBuB5BiBGA1AoAfAQAOAIACAEAAACABB9B2BtBrB2B0BgBBAtAfAdAKAKAEADACAAABAC
1505536003003,B9B7BsBZBtB7BmBMAzAmAbAXAMAHAHAGAAABAAB0BtBvBjB2CBBeA5AxAfAZAPAJADAEACABADAA
1505536003004,BzBcBaBkCICFBZBHA9AvAgAWALALABABAEAAAABhBXBgB2CLB2BZBBA5AoAZAWAMAJAEAFABAAAA
1505536003005,BYBQBZBfCFCCBkBGA7A0AgAcAQAIAEAHAFACAABfBRBbBwCDB9BjBMA8AuAkARALAJAHADADABAA
1505536003006,BpBbBbBfB9CEBgBIA5AuAlAYAKAOAHAEADAAABBdBZBfBpCBB7BhBGA4ArAlARANAIAJAFADACAA
1505536003007,B1BoBvBiBmBtBgBLA7AwAmAVAOAJAIAEACABAABrBuBzBjBvBuBbBHAzAmAeAQALAKAIACACABAA
1505551001001,BUBpB9B2BkBVBLBGBFAtAuAhAfAYASALAJAFACBeBbBsBoBcBEBOBBA3AsAnAfAaAVANAKACABAC
1505601001001,BWBlBtBiBfBdBMA7A7A2AwAoAkAZASARAKACADBTBjBsBjBbBRBFA+A4AyAxAfAXAUAWANAKAFAC
1505635001001,BnB2CBBmBbBaBRBSA8A1AoAlAdAbAMAIACACABBmBnBwBiBWBRBOA+A1ApAjAeATALAHAHACAGAA
1505650001001,BsB6BwBpBhBjBfBGA4AyAlAgAZATANAGACABAAB4B5BzBjBcBlBKA2ArAnAeAXAQAKAHAEABABAA
1505700001001,B3B0B2BxBoBZBHA+A4AsAjAkAVARALAFAFADADBmByBxBvBhBTBJA7AwAqAjAYAWAOANALAGADAD
1505809003001,CECRCMBtBfBUBAA6AnAhAdAXATANAGAHAFABACB/CCCOBtBhBWBDA0AmAhAdAVAOAQALAIADACAI
1505809003002,CqCiCVB4BaBNA+AzAkAeAcAUANAPAJAHAEABACChCcCVBjBXBEA4AtAeAYAZANAJAPAGAGACACAB
1505908001001,CVCKCNB3BpBUBFA8AsAhAaATANARAHAGAEACADCPCJCLB4BhBMA8AyAkAbAUAPAIAOAJAHABABAC
1506005001001,B8CMCVB4BeBSBLA8AyAsAlAbARASAMAEAFABAAB2CGCKBrBQBKA/AzAsAkAjASAQAMALAFABAAAA
1506104001001,BRBrB3B1BjBSBOA+A3AuAeAnAcAhAaAPAFAEAGBQBvB1BlBTBQBAA4A3ArApAgAeAaASALALAFAF
1506112001001,BcB6B8B2BdBZBHA+A1A0AoAdAgAVAVANAFACACBYB1BwBsBOBUBFA5AvAuAsAcATAVAOAKAIAEAC
1506138003001,BgBsB1BjBkBiBcBNBAAzAsAfAYATAPAJADABAABcBqBzBkBZBVBVBBA5AtAdAiASAKARADADAAAA
1506138003002,BUBWBqBjBeBdBTBJBCAyAqAfAbAQANAKAGACAABbBcBpBpBjBgBaBNBDA3AuAdAYAQAJAIADADAC
1506138003003,BcBiBsBnBhBdBSBIBBA2AmAeARATAOAHAFABABBcBfBuBuBjBeBWBNBAA1AoAYAVAQAIAJADAAAA
1506161001001,BXBdBnBjBjBfBUBKBDA6AvAmAjAWATALACABABBQBeBjBeBcBbBRBHA+AxAjAqAaARAPAGAHACAB
1506187003001,BSBjBsBuBmBlBeBHBGA5AqAqAXAWARAIAGADAABYBfBsBlBbBVBOBBA2AvAlAiAbAPAJAFADABAD
1506187003002,BfBlBnBqBjBjBXBGA+A1AqAbAZAOANAGAGAEAABeBfBsBqBmBkBPBBA9A0AjAcATATAIAIAGABAB
1506195003001,BrCCCFBsBjBcBRA/A9AuAqAcAbAUAGADAEABAAB0CCCFBpBYBTBEA6ArAiAaAgARAGAGAEACABAA
1506195003002,BeBoB1BqBnBdBWBCA9AsAkAoAeAYAOAEAHAEAABqBrBqBmBjBdBUA9AyAmAkAdAPAPAKAFADAFAB
1506203003001,BgBqB3ByBoBeBOBDA5AsAjAgAdAQAKAIAIACACBZBiBxBuBgBcBMBAA3AsAmAgAWAUALAKAEACAE
1506302001001,BiBqB6B1BjBSBIBDA3AvAlAkAbATARAKAFADABBjBmBsBsBcBMBLBCA0AuAnAeAdAVALANAJADAA
1506351001001,BlBsB3BlBkBZBRBEA7AuAdArAfASANAHACADAEBVBhB0BnBfBZBRBGA7AsAfAjAbAMARAIAEACAE
1506401001001,BUBlBtBxBtBhBVBBA4AxAmAcAfAUAOAGAHADAABdBdB0B0BkBYBUBCAyAyAfAfAQASAMALAEAFAB
1506500003001,BfBsBwBxBnBeBWBFA7AsApAZAcARAOAMADABABBZBkBqBoBlBeBRBEA4ApAoAYAaAPAOAHAHACAC
1506500003002,BPBWBiBoCJCHBoBVBDAwApAWAUAPANAFAFAAABBNBQBfBhBbBcBUBJA+AvAkAcAbAOAMAGAHAEAC
1506559001001,BkBwCDB1BkBYBDA+AyAqApAXAXAXAQALAHADAABjByB2ByBiBWBFA8AtApAoAZAZANAPALAFADAA
1506583001001,BgBvBvBkBTBZBTBIBOA/A7A6AlAdANANAGACABBbBnBqBSBFBOBEA7A5AyAlAmATASAJAEAEABAB
1506609001001,BVBlBjBsBdBZBNBHA/AyAnAlAXAXAPAOADAEADBRBiBoBmBeBhBRBJA+AxAfAqAaATAVALAGACAC
1506708003001,BkBkBvBdBtBdBaBHA+AvAnAaAWAZAFAFABABABBiBoBrBvB1BfBiBBA1AtAmAXAOAJAOAFACADAA
1506708003002,BeB2B/BdBjBpBtBfBJAzAwAXAXASAJAGAEABABBXBuBwBVBmBcBXBDAvAkAVAYAMAJAHAFABAAAA
1506807005001,BTBUBaBfBkBgBPBDA4ArAkAkAYAYAKAIAGABAABPBOBfBvBwBtBbBNBBA1ArAtAjAWAOASAJAEAC
1506807005002,BGBHBVBhBpBVBKBEA4AzAuAlAVAZAPAJAIACACBHBMBWByB6BoBYBMBBBAA3AoAfAXAZAMAKAJAB
1506807005003,BkBoBtByBpBdBOA7AxAwAiAeATAOALAGADABAABjBkBzB3B0BgBRBBA5AxAnAaAUANAPAEAIADAB
1506807005004,BPBXBgBlBmBZBLBCA2AuAeAmAVAUARAKADAEABBUBZBmBzBxBjBTBKA/A3ApAoAhAXAYAKAGADAB
1506807005005,BYBdBoBsBoBcBPBBA0AwAkAbAUANANAKADACACBbBdBkB4B2BmBXBHBBA1AoAiARAWALALADAAAB
1506807005006,B+B7B8BxBdBXBPA8AyAnAfAWAVAJAHAJADABAAB+CCCCBtBhBYBTA7AvAmAcAWALAQAKAEADABAD
1506807005007,BwBxB5BxBiBZBOA+AzAuAjAYATANAHAFACACAABjBuB2ByBpBhBVBHA2AsApASATAJAMAGAFADAB
1506807005008,BxB6CEB8BZBPBAA7AzAwAuAdAfAfATAKAHAFAABwB1B8BnBLBCA7A0AtAoAnAdANAaAWAJAFABAF
1506807005009,CYCaCZB0BMBCA7AzArAoAeAfAXAYALANAEACAACJCYCQBZA+A9A0AuAlAiAhAZARAXAPAOAGAEAB
1506807005010,BfBqB+BvBbBUBJBFA7A0AsAhAlAYAWAMALABAABXBnBvBpBVBIBGA5AzAwAoAkAhAPAPAMAHADAB
1506807005011,BcBuB6B4BgBbBOBAA5AvAgAsAeAdAQAMAJAEACBnBrBuBmBTBKBDA+AwAsApAeAUAVALAMAIADAB
1506906001001,BrBqCLB6BWBbBRBAAxAtAdAjAgAVAPAJAJAEABBpBtB8BpBRBXA/A4AtAnAkAaAYAWAOALADACAD
1507003001001,BiBnByBxBgBYBPBBAyAuArAdAZAaANAMADAEACBcBjBzBtBeBXBRBAA2ApApAfAZAYAPAKAEADAE
1507102001001,BcBoB4BxBnBaBMBDA2AvApAlAcAZAWANAIADABBXBnBuBqBVBRBDA7AzAoAnAkATAfAWAIAJACAD
1507151001001,BoBxB6BwBeBSBOA/A0AvAiAgAhAWAOAOAHADADBpBvB1BtBUBVBKA4AxAnAgAkAeALAMAKAFAFAB
1507201001001,CGCICOB0BiBTBGA+AvAjAhAaAUAWAMAKAFACADCAB7B/BqBTBJBCAxArAfAZAaASAXANAFAEABAB
1507300003001,BjBqB3BjBiBhBgBTBJAyAuAaAcANAHAAAAAAAABvBwByBsBsBlBSBJAtAiAhAQAHAKADAAACAAAA
1507300003002,BOBpBhBYBwBpB3BaBgA+A+AiAgAKAJAFAAAAAABFBdBYBTBnBhBNBQBEAsAlAaASAJACAAAAAAAA
1507300003003,BYBrBtBgBiBoCCBUBLA0AoAZARASALADADAAAABMBiBsBgBzB4BdBEA3AhAYAUAOAKADAEABACAA
1507300003004,BZBsBwBiBvBpBsBZBJA3AnAZAUANAJAHACABAABSBmBnBhBzBpBdBHA1AjAaATAOAHAIAFACABAA
1507409001001,BRBlBvBvBjBbBPA/A8A0AuAkAYAcATANAKAFACBWBcBoBiBaBYBRA6AyAxAkAqAfAVARAFAJAFAE
1507458001001,BkBlB3BoBeBaBOBFA8AuAlAoAYAXASAMAFADABBbBtB0BoBbBaBNA+A2ArAlAdAYASAPAIAGABAC
1507466001001,BjBsB5BzBcBPBHA+AzA3AoAwAcAWARAJAOAGACBzBsBiBoBaBLA/A0AzAlAhAiAbAZAQANAKAFAE
1507474001001,BkBuB4B1BoBZBJBAAxArAlAjAcAeARANAFAEAFBeBuB0BpBVBNBEA3AsArAkAhAXAYATANAIAFAC
1507508001001,BuB0CCCBBdBQBPA9A8A3ArAkAgAWATALAHACACBnBtB2BeBRBLA/AtAwAtAnAdAVAQANAIAEABAD
1507607003001,BmBzB4BzBgBSBJA+A3AvAmAZAaAXAPANAGABABBgBuB4BrBYBTBGA9AxAsAjAhAYAWARAKAIAEAC
1507607003002,BuBsB0BrBsBeBOBBA1AoAjAZARAUAOAHAGACAABmB1BvBpBjBjBOBAA1AmAjAXAXARAIAIAHAEAF
1507706001001,B4B4CAB9BwBbBIA8AvAmAjAVAWAMAPAJAFABADB1B9B4BxBfBTA9A2AoAlAdAXARASAMAKAEAFAE
1507755001001,BYBjB5BgBwBgBeBGBNBAAsAtAcAUAJAIAEABABBeBoBnBjBZBWBFBCBBAwAeAdANAQAJAFABAAAB
1507805001001,B1B+CCBqBZBdBUBFA5A7ApAjAZAPAOAIAEACAAB8B8B8BgBSBOBDA0AvAkAcAaASAMAGACADABAB
1507904001001,BeBlBxBzBdBaBGA9A5AuAnAfATAYAVARADACACBZBjBwBrBbBYBKBCA7AtAsAiAhAVATALAEAFAE
1507953003001,B/CAB9BkBxB1BuBIA4AlAaAPANALAHABABABAAB2B5B4BnBuBtBUA6AoAcARANAIAHADAAACAAAA
1507953003002,BkB5B7BpBvBrBXBCAyAoAeAWANATAJAGABACAABfBvB0BvB7BwBbBAAxAiAXAXALAPAHACACABAA
1507961001001,BZBtCAB2BYBdBGA9A6AtAiAkAdAaAZAMADACADBaBkB8BwBSBPBAA+A4ArAfAiAcAXAUAKALAEAA
1507979001001,BjBzCQB1BZBYBUA9AyAqAiAcAZATANANAIADADBhB4B0B2BRBSBKA1ArAjAjAeAVATAMAMAHAFAF
1508001003001,B8B5B7B5BsBbBQA/AzAoAhAhAWARAQAKAEABABB2B0B5BqBgBOBBA1AsAiAeAVAZAJAJAIAEAAAA
1508001003002,B1ByB6ByBdBcBSBBA3ApAgAcAYATAQAJAEABAABrBtByBtBkBXBNBAA0AlAgAZATAQANAGADAEAC
1508035001001,BrBzB/B2BmBWBNA/AzArAqAeAbAUAPATABACABBwBwB4BwBWBSBAA0AtAmAdAjAVATAOAIAEAEAB
1508050001001,BxB0ByBqBoBwBhBLA9AyAuAgAYAUAHAEABAAABBwBmBqBfBoBgBKA2AoAnAjAXAKAPAGACABAAAB
1508084003001,BnBlBpBvBcBjBTBNBAA9ApAoAhAdANALACAEAABqBpBlBiBZBZBQA4A4ArAiAiATAGAFAIACAAAA
1508084003002,BWBeBqBoByBkBYBJA+A1ArAcAUAPAOAIAFABAABdBcBmBwBtBkBeBFA/AuAeAdAQANAJAFACABAC
1508100003001,CFCDB8BqBnBeBUBCA0AmAaAhANAQAGAJACABABCDCDB+BpBhBYBJAzAsAhAXAZARAIADABACADAA
1508100003002,BnBnBwBwBxBiBSA+A1AqAgAZAMARAOAFADABAEBgBmB2ByBuBgBUBAA2AtAiAdAWAQAJAIAEABAB
1508100003003,BeBiBqBqBnBjBSBEA4AxAwAgAWALAGAFADACABBdBcBwBvBvBkBWBLA8AzAlAjATAGAJAFADACAB
1508100003004,BbBjBoBmBpBiBTBDA2AsAkAhAUANAJAJAFACAABdBfBuBvBtBpBaBFA6A0ArAYATASAMAIAEABAC
1508126003001,BrB1B3BeByBbBrBMA5AlAnAZATAJAHAEADAAAABvBzB0BiB0BiBcBMAuAgAaATAPAIADACABABAB
1508159003001,BpBvBwBnBgBlBjBJBBAzAzAaAYATAOAGAFACAABqBqBrBiBhBhBUA6AwAiAhAXANATAJACABAAAB
1508159003002,B4BqB7BqBlBpBYBDA5AwAvAYAVAWAJAFABABAABuBuBvBvBnBdBOA5AtAmAYAZAPAPAJADADABAB
1508209003001,BYBlBlBpBqBmBaBGA6AuArAbAYAUALANAEADABBPBeBiBnBiBeBVBIA3ArAgAnAXAcAQAVACABAC
1508209003002,BcBmBvByBpBdBQBAA3AuArAjAXAaAVAKACAGACBcBgBrBrBeBXBIA8A0AqAkAjAaAXARAKAFADAE
1508308003001,CGCQCPB7BeBSA8A1AuAmAhAbAYASAOAJAIACABCCCHCGBhBQBGA2AvAnAiAeAaAVAMARAKAEAEAB
1508308003002,B8CCCDB6BnBYBHA5AuAoAeAgAUARASAJAEADADB4B8B8BnBYBTA9AyApAjAiAZAUASAMAGAFAAAA
1508357001001,BmBpCAB/BqBhBjA6BDAvAgAqAWAUAPAJADADACBTBUBxBtBtBVBLA6AvAkAnAYAUANAKAHACACAA
1508407003001,BhBpBnBkBdBoBTBKA8A6AxAfAZAYAPAJAEABAABfBhBzBhBhBeBMBBA4AtAvAZASAOANAFACACAA
1508407003002,BZBiBrBiBlBfBaBHA/A1AoAfAUASAKAJADACADBdBjBqBnBkBgBZBLBBAyAoAYAUAOAMAKAEAAAB
1600055001001,BpCUCGBrBbBcBVBEA7AwAlAkASAWAHAAAHAAAAByByB2BdBWBcBLA/AqAqAXAiARAKAHAEACAAAA
1600105001001,BvCACGB2BjBcBPBGAxAoAhAhAWANAJAFAEACACBfB/CABmBYBRBKA2AyAlAcAYATARAKAJAGAEAC
1600154001001,B8CFB/BjBrBgBPBFA/AzAmAnAUAXALAFAFAAACB6B3B3BgBhBRBCAyAvAhAaARAOAGAFAIAEAAAB
1600204001001,CECACDBiBRBUBJBEBEA+AvAjAgAJAPABACAEAAB2B9B8BYBWBQBIA4AyAmAiAWAKALAFAHACAAAB
1600212001001,B7CSCNB1BgBQBIA3AxArApAWAPAMALAFAEABACCACHCGB4BYBTA8A3ApAgAgAQALAMAJAEACAEAB
1600238001001,CEB7B1B9BcBGBTBSAwAhAhATAmAcAQAGABACABB0B8BwBkBPBOBSArArAbAkApAWAJAKAOADACAG
1600253001001,B8CXCYB7BgBWBMA1A+AlArAVAMAaALAHAFACAABrCIB+BsBRBFBBAvAqAfAYAYAKANAMALADABAB
1600279003001,BxB8B9BtBjBaBRBEA4AzAjAbAOANAKAGACAAABBvB0B9ByBiBcBOA9A1AnAeATAQAJAFAEADAAAC
1600303005001,BzB4B5BrBhBTBLBQA1AlAtASAOAKAJAHAEAAAFB6BrCHBtBgBhBXBAA0AmATAYAMANAMAEAEACAD
1600303005002,BiBqBwBxBmBiBMBFA1ArAjAbARALAGAIAEAAABBkBjBwB0BwBoBUBMA4AvAnAZAPAOAIAFAEABAD
1600303005003,BPBUBfBjBwBrBWBQA5AwAoAcASAMANAEAEAAACBTBYBnBlB2B5BfBLA9AyAqAfAVAPAJAIAHAEAC
1600303005004,BhBsB3BuBiBZBPBMBCAvAnARAOAIAGABADABAABhBkB2BvBpBlBeBZBFAuAkAQALAIAKAEADAAAD
1600303005005,BwByCBB0BkBUBWBGA7AqAjALAKALAEACACABACByBoCBB4BoBgBcBQA4ApAeAPAKAKAGADAAABAA
1600303005006,BlBpB2BzBtBgBPBDA3AuAeAbAOALAFAFACABAABeBjB3ByBtBsBYBJA+AxAkAXAOAIAIAGACABAC
1600303005007,BdBiBwBsBuBmBTA/A1AoAhAaAVAHAHAFADABACBiBfBtByB7BoBZBFA4AyArAdAOALAHAJAEAEAD
1600303005008,BVBaBjBbBnBnBYBHA5A0AqAiAZAIAHAMADABABBeBUBlBkBrB0BjBKA5A0A2AfAcAJAIAHADAFAB
1600303005009,BLBIBVBTBaBnBYBIA/A1AuAdAYAVANAIACACADBDBIBUBdByBxBhBPBEA/A6AoAfAbATAWALAGAE
1600303005010,A+A9BRBOBeBbBZBNBAA4AwAjAOAbAMARAJAFABA+BBBTBZBoBzBiBXBHBBAxAwAlAkAZAYAHALAB
1600303005011,BnBjBsBqB0BpBRA7AxAoAeAcAUAQAFAJAFAAAABkBeBtB5B4BlBTBEA7AsAmAXAOANANAFADAFAI
1600303005012,BkBoB0BoBuBiBRBGAzAqAdAVATAIALADADAEACBqBkB4ByByBpBXBKA5AoAoASATAQAEAEAGABAA
1600303005013,BeBfBmBkBlBlBRBPA4ArAkAaAQAQAOAGABACAABaBRBnBpBpBrBfBQBAAzAqAfAaASAQAJAFADAC
1600303005014,BnBoByBsBjBYBYBNA+ArAiAXAOAIAGACAGACACBcBlB0BwBuBpBfBUA9AsAZAXATAJAHAGACACAB
1600303005015,BoBrB7B4BoBVBRBHA8AoAjASARAKAFAEADAAABBZBnB8B4BwBdBWBRA7AqAfAXAOAJAHAGAHAAAD
1600303005016,BmBhBvBwBuBdBLBCA7AxApAWAOAJAEAIABABABBgBfBuB0BzBoBaBKBCA0AmAVAQALAJAHABABAB
1600303005017,BtB0B+BtBgBdBTBJA6ApAfAVALANAIABACAAABBoBwB5BrBoBkBgBMA5AnAYAZAPAIAHAIABACAB
1600303005018,BzBxB4BoBhBdBcBRA7AqAaAcAOAOAFADAAAAABBvBpB2BrBjBrBjBPA2AjAYAXAIAIAGADACABAC
1600303005019,B8B+CGByBlBeBXBIA8AnAgAWARAMAGAGADAAABB4B8B+BrBVBYBLA+AsAhAYAVANAKAGAFADABAD
1600402001001,CICTCSB/BeBQBCA3AvAoAjAYAQAUANACAEABABB8CJCPBvBQBEA3A0ApAlAbASAQAQAHAGABACAF
1600501001001,CCB5B+BvBpBaBOBLA7AtArASARAOAHACABABACB7B5BvBqBcBbBRBCA1AqAcASAFAJAFADADAAAA
1600535001001,B1B9CEBwBbBYBPBBA7A0AqAgARAVAKAGAEACABBxB8B5BnBWBUBIBAAwAmAbAWAQAKAIAEACACAB
1600550001001,CfCQCTBgBcBPBCA9AzArAeAeAXANAKAGACACAACLCfB7BXBRBYBOAvAjAeAbAPAMAIAIAEAFABAA
1600600003001,BzBxB5ByBpBcBMA+A2AlAeAYASAOALAHAGABAABpBqB8BzBsBeBTBAA1AmAXAfAQARAJAIAEACAB
1600600003002,BrB1B/BzBnBjBNBDA0AnAeAZAOAQAJAHAEABACBoBrB3B1BqBfBQBGAzAoAeAWAOAPAGAIADACAB
1600600003003,BYBmBzB2BsBcBRBDA1AqAeAZAUANAKAJAFABADBiBsBzB0BvBkBTBJA2AmAgAfAQATAHAFAEAEAE
1600709001001,CECMCSB3BiBLA+A4AwAuAlAgAUAWAOAHADACACCBCNCDBsBRBGA4AzAmAgAjAYANAOAKABACACAA
1600808001001,B6B5CJB/BpBXBPA6AzAlAiAbARALAHAHADACABBxB8CMB3BdBVBHA3AsAjAZARAMAOAEAIACAEAB
1700251001001,BXB4BrBYA/BPBaBGA+A7A5A0AqAmAWAHALAAAABmBxBlBGBKBfBKA4AxAxA2AkAeAOARAGACAAAD
1700301001001,BvB0BrBpBrBZBWBBAzAsApAVAaATAHALAFABAEBxBwBuBmBhBpBTA6AtAlAjAaARAPANAGAHADAB
1700350001001,BGBgBwBrBUBGBQBDA+A1AzAsAhAfAUAYAMAIABBIBXBgBbBEBLBRBIA/A3AzAvAkAbAXAPAHAEAF
1700400001001,BgBtCMBzBQBJBBBFA9AyAvAlAdAWAaAMAGAEADBiBjBxBjBKBMA9A5A5AuAsAcAiAZASAGAJAFAD
1700707001001,BQBgBgBiBVBVBQBMBEA8A2AhAhAaARAOAEAFAHBGBbBdBVBZBTBSBKBGA8AuAnAZAiAYALAGABAD
1701002001001,BlBeB2ByBTBWBMBBA8AuAfAmAiARARAQALABAABZBpB2BrBWBTBLBAA3AqAmAjAYAcAOAKALADAD
1701051001001,BrBnB+BeBbBMBIA7BGA3A4AcAbAkATAPAKAGAEBOBhBiBuBNBMBKA9BAAtApAeAeATARAPAIAAAF
1701101001001,BiBfBsBeBCBXBTBMA8A1AuArAcAjAbAWAEADABBiBqBnBfBKBTBDBEAxAyAiArAhAcARAIAHACAE
1701309001001,BbBtBlBsBMBEBVBBBBBAA4A6AtAiAYAMAFACAABbBZBrBYBHBCBCA+BBA2AvAqAdAcAUACABADAC
1701903001001,BhBwB9BpBVBJBAA7BEA2A5AzAcAfAOAPAKAEADBMBtBqBeBLBLBGA7A+A1AwAgAZAWATAHAFAIAA
1702000001001,BCBTBmBUBQBKBSBSBMA+AtA3AhAkAWAYANAFADBFBMBcBOBCBPBXBPBOA3AwAzApAZAQAUAJACAE
1702109003001,BpBlBvBqBfBlBWBKA8AtAnAQAQAJALAKAEABABBkBgBsBsBoBiBkBMA8AtAqASAOARAJAKADAAAC
1702109003002,A7BABKBdB3BeBJBDA3AsAlAiAhAYARATAKADABA2BBBQByCMBmBaBNBKA1A8AjAcAiAhAWAOAEAC
1702109003003,BRBTBfBfBpBfBbBMBDAwAeAhAWANAJAMAFAAADBMBUBhBmB3BpBdBTBKAyAsAbAfANAPAIAJACAD
1702109003004,BCBABRBbBuBdBRBDBDA9A0AjAaAQANAOAAAEABA6A9BOByCFBiBeBRBRBFAvAyAiAWANAIAHAEAE
1702109003005,BcBeBiBqBtBjBTBCA2AwAiAdAbAPAIADAFACAFBhBYBhBvB5BlBYBHBAA1AnAeAUAOALAGAHADAB
1702109003006,BXBXBhBkBnBjBYBMA8AvAkAdAZAPALAGAHADABBTBSBdBuBwBoBgBLBGA1AqAaASAPASAOAFAEAB
1702109003007,BiBhBkBiB2BoBXBHA5AsAgAlAYAUANALACACACBgBeBlBpBwBhBTBCA4AtAlAYAUARAKAIAFADAC
1702158001001,BxBgCAB4BPBQBOA9BAA1AuAZAYAcANAFAJACADBYBrB+BnBSBOBGBAAxAxAmAjAYASAaAJAFABAB
1702208001001,BiB0B9BsBXBPBOA6A2AvAkAjAgAXAQARAHADAABnBrBzBkBXBUBOA7A0ArArAcATAZARAHAHADAD
1702307001001,BYBeB6BmBUBRBSBFA9AyAsAlAfAdASAUAFADABBKBgB4BmBLBWBUBCA7AsApAqAaAWARANADAEAC
1702406001001,BQBcB5BmBWBNBGA/A6A1A0AoAiAbAZAQAJADADBSBbB3BlBSBFBLBDA0AwA6AiAZAcAcAOAGAEAF
1702554001001,BhBnByBwBlBZBMA3AzAtAhAkAZAYASANAHACACBcBhBtBsBhBdBNA8A0ArAsAgAZAZAXAHAEAFAC
1702703001001,BHBfBkBZBUBUBFBOBABAA1AwAhAoAbAPAKAFACBXBaBjBEBKBMBdBGBAA5AhAuAcAkARASAGACAG
1702901001001,BbB0B0BwBZBQBMA2A1AoAXAmAYAhAVAOAIABAEBkBzBxBpBcBRBKA1A0AyAqAmAaAVATAPAHADAD
1703008001001,BQBaBqBkBaBfBXBJBAA6A+AnAjAiARAMAOAFABBNBTBiBaBUBNBIA5A8A1AmAtAdAVAUAKALAGAF
1703057001001,BeCBByBVBeBcBiBXBIAxAeArApAaASANAAAAAABWBhBpBLBHBhBYA6A2AsAeAoATATAWAFAFAAAC
1703073001001,BoCFCSBuBSBPA/A8A6AvAvAiAhAXAQASAFAHAABjBvBzBfBLBKBJA4ApAvAhAjAUAYAQAGALABAB
1703107001001,BJBWBlBfBdBYBVBHBMA9AvAsAjAVAYARALADACBLBiBgBaBJBVBJBFA+A3A2AhAfAfATAMAIADAB
1703206001001,BPBfBvBpBcBSBLBQBHBFArAkAfAbAYAKAIAEADBbBXBpBgBDBTBdBLA6A1AfAlAkAUALAGAEAAAC
1703305001001,BiB0B1BkBiBrBUA/A7AxAlAqAfALAVAJAKABACBnBgBrBvBSBZBHAyA1AjAnAiANAaANAOAIACAA
1703602001001,BLBqBvBiBNA+BYBOBOAzAwApAcAWAfANANABACBXBtBiBdBaBJBLBGBEAvAnAfAbAXAYATADABAA
1703701001001,BOBgBmBxBZBOBJBFA8AyAuAhAfAcAcALAIAHACBbBnBjBpBWBLBFA6BEAsAsAlAbAeASAPAOAIAH
1703800001001,BcBqB3B4BwBVBMA8AuAtAqAWAYAWAPARAFAEABBXBgByBwBuBWBJA2A5AtAtAaAgAVANAHAFABAE
1703826001001,BpBsCXBzBRBQBKBBA0AvA0AaAgAUASAPAKAEADBtBfB2BjBHBZBHAwAxAmAnAkAOAXAPATAFADAA
1703842001001,B6CBCNB1BgBcBEA7A3AmAnAfAQARAJAJAFABADBzCHCNBqBMBNA4AvAwAmAiAYATAQAKAFAEABAA
1703867001001,BWBGBdBdB0B9BjBmBHBCA7AkAiAbAUAMAJABABBLBVBVBYBMBJBLA7A6A0AoAfAXAVAPAJADACAI
1703883001001,BiBmB3CHBZBOBBA7BPAyAyAlAfARAPAJAEAEACBVBgBvBcBNBTBGBCA3A0A0AbAiAaAPAKACAEAC
1703891001001,B9B9CJBxBqBOA/AxA4AnAgAiAdAbAIAMADABACBsB2B1BmBhBQA8AuAzAhAnApAPAPAOAJAHAGAC
1703909001001,BZBzBtBmBSBGBXA/A9A9A3AoAkAbAOANALAAACBlBsBuBOBQBQBGA9BFAwApAoAaAbANAGAEACAA
1704105001001,BMB1B5BkBkBRBLA+A6BBA4AkAkAeAZATAHAGACBRBhBwBYBLBKA3A5A6AxAtAkAhAUAXAKAFACAH
1704600001001,BPBLBjBnBNBCBdA/A7BjA2AxA2AoAhATAHADADBDBMBmBYBABEBSA7BGAuA5A2AiAcAXAAAAAEAE
1705102001001,BdBlB6BvBJBSA+BEBSA/AwAyAzAeAgAPAAAHABBeBiBtBeA+A/A6A8BDAqAgAlAqAVAEALAGAFAD
1705508003001,BXBjBeBiBeBaBXBIBEAxAlAmAbAVANANAFACACBXBTBhBmBlBYBcBGBJAyAsAeAbAXASAJAHADAA
1705508003002,BVBcBlBiBlBXBPBDBAAyAsAdAeAQAOASAJACACBcBaBkBpBnBZBUBHBAA2AoAlAcATAOALAFACAE
1705557001001,BUBgBpBaBUBeBSBKA+A+A0AhAsAXAMALAFAEAABcBdBjBeBWBdBRBEBBAyAwAbAVAVARAQAIABAD
1705607001001,BaBrCSB5BUA5A7A1BBA1AtAjAgAWATAWAHADAABhBoCBBuBHA7BAA6A3AxAmAhAkAYAQAUALAGAB
1706001001001,BpBjBwBuBUBfBJA/A5A7BAAlAjAVASAHAIAIAABaBhBtBbBLBJBOAwA4A2A7AfAbAbALAMAIAAAA
1706100001001,BKBfBnBnBKBGBKBHBEBEA3AwAeAWAcAXAFAIAGBGBkBaBQBCBOBMBKBHA8A5ApAcAfANAUAKAIAE
1706258001001,BUBxBqBJBPBLBmBPBKAxA0A0AfAdAVAJAMAEAFA/B2BqBLAxBSBRBGA3A3BEAnAsASALAAAIAGAC
1706506001001,BtBkB5BeBgBTBVBFA4AyAtAoAfAaAXANAIACABBcBgBzBeBUBIBNA6A2ApA0AeAWAVASAQADACAC
1707009001001,BYBnB/BtBcBVBQBBA5AzAmAkAcAQARAKAHADABBcBkB0BqBdBWBNBAA0AvAmAfAWAVANANAIAEAB
1707108001001,BSBcBmBbBWBNBJBIA8A6A/AwAjAeAaARAQADACBOBgBoBZBJBMBPA9A9A3A6AjAjAdAQAIAMACAC
1707207001001,BQBmBuBVBHBYBXBOBJBFBBA6AtAlAXAWAHAEACBRBNBfBBBABPBGA9BAA6AuAxAjANAOALAFADAE
1707306001001,BXBSBqBfBUBSBPBJBDBDA0A2AmAfAbATALAIABBaBbBYBYBSBOBGA7A7AzAjA1AaAcATAMAGAAAC
1707405001001,BqB+CGBwBdBXBHA2AzAnAmAjAYAcANAOAKACAABrB0B2BhBkBSBLAwArArAjAiAQAVAPAIADADAB
1707553001001,BGBdBrBZBZBLBMBOA/A5AxAjArAVAgAPAIAAADBMBuB2BVBOBQBMBGA1A0AtAwAoAPAZANAGAGAD
1707652001001,A/BSBuBVBMBKBMBGBEBBAzAyArAYAkAYAIAHABBEBOBkBLBQBKBRBEBOBCAtAxAjApAXAIAMAFAB
1707702001001,BcBjB8BsBWBYBJBDAzA1AxAjAlAaAYAJAQAHAHBhBqBoBoBJBFBFA6A3ApApAhAdAdARANAIABAC
1708205001001,BSBjBuBqBXBMBQBKBJA7AuAsAeAZAYALALAFADBPBkBpBZBNBPBTBFA/A2AtAgAbATAQAMADACAC
1708254001001,BSBOB6BrBYBXBYBJBBA5AzAfARAbATARAGAEAABgBTBsBoBKBWBHBKBKAtAuAjAXARATAKALAEAA
1708304001001,BVBoB3BlBUBKBNBNBKA9AoAzAmAdAZARAFAFACBOBfBvBQA/BRBIBDBAA2AtAnAjAVAOAGAGAAAA
1709005001001,BrB9B/B0BYBFBHA2A+AtAlAlAdAaAVAKAHAEAHBvB6B5BaBOBHA5AvAwAuAmAgAbAXAVALAGAFAG
1709302001001,BQBbBkBjBWBcBXBJBAA5AnApAkARAPARAIADABBLBUBdBhBbBbBYBOBAA/AsAlAgAQAPAKAJABAE
1709500003001,BKBXBdBhBlBbBYBMBABAAyAkAUATANAIADAFACBVBQBdBiBlBkBhBOBKBBAvAcAPAWAGALAFACAA
1709500003002,BTBZBoBhBlBiBbBLBFA4AmAeAWANAHAFALAEACBRBcBgBmBpBlBfBMBDA0AiAhAeAQAGAHAIADAC
1709500003003,A6BABMBZBuBbBRBLBDA+AyAoAfAWALALAMAFAHA+BABKBfBzBiBZBPBJBEA0AvAvATAXAMAMADAD
1709500003004,BYBYBcBoBoBgBTBMBCA5AtAgAeAOASAGAGACADBTBUBcBiBoBZBZBIBDA3AyAaAZAXAOAIAGAFAA
1709807001001,BdBwBqBfBPBfBaBBA6A6AiAmAoAkAfALAFAEADBdBwBlBGBVBgBEA5A2AdAuAqAkAPALAMAKAAAG
1710508001001,BsB3B2BpBSBKBFBJA6A2AnAoAfAXAWAQAKADAFBeBlBrBbBBBLBIA2A0AxAqAmAdAaAZAQAFAEAE
1710706001001,BeBwB/BoBRBRBIA3A5A4AqAmAmAaAVAPALAAABBoBjBzBYBOBPBFA3A1AzArAoAbAXAUAMAKACAE
1710904001001,BTBkB2BtBNBUBVBMBCA0A8A1AaAiAWAQAPAFAEBQBpBZBbA6BMBOA7AwAsArApAbAbASATAFADAE
1711100001001,BZBVB6BkBbBXBPBYBGA0AhA1AiAfAPAKAFAEAEBYBaBaBYBHBTBNBDA/A5AlApAeAcAdAAAAAKAA
1711506001001,BOBXBcBTBCBABGBSBNA+A6A2AsAnAnATAKAIADBPBqBcBLA2BSBKBGBAA7A5AoAyAVATAIAFABAJ
1711803001001,BUBkBuB6BKBUBMBABBBEA7AnAfAgANAWAIACACBaBmBnBYBKBbBHBABBA+AiAiAZARAOAIAEAAAA
1711902001001,B5BxBtBoBgBfBUBZBCA5AuAgATAXAOAHADAAADBjBrBhBZBPBWBQBCA5ArAaAeAUANANAHADABAB
1711951001001,CCB3CCCCBBBCBCA0A4AvAtAmAbAWAXAGAHAGADB5CDB8BWBDBRBBAwAwAkAkAmATAYALAQAGAFAB
1712009001001,BhBrBzBuBLBXBeBKA0A2AuA4AcAYAOAIAHAHABBdBhBiBUBMBeBTBNAoAyAkApAZAUAIAGAHACAG
1712157001001,BeBqBpBdBIBTBLBGBFA9BHAlAqAiAHAIAMAFAABwBhBgBVBIBRBdBGA2AsAyAsARAMALAFAGAFAB
1712405001001,BfBzCPB4BWA/A+A+A4A9A6AoAZAaAcAOANAHAEBjBsB5BSBBAyA0AuA6A0A1AiAXAmATAJAHACAH
1712454001001,BoBpBvBiBUBPBJBIA5AyAkAkAgAeAeATAIACACBoBsBpBVBZBVBGAyA1AvA6AdAjAQANANAEACAD
1712504001001,BbBsBsBeBRBOBQBKBFBAA8AqAoAjAPARAIABAABbBcBuBQBSBNBJBKA5A3ArAjASAUAPAIACACAA
1712702001001,B8B6CICDBbBFBLBNA2A3AoAYAWATAJAIAGAEAAB/BrB2BpBUBJBCA5AyAhAfAUASAPALAHAIABAA
1712801001001,BtB3CSBhBYBNBBBIA8A6AqApAdAcALANAOAFADBhBgBwBaBUA/BQAuA8AuAlAhAXARAWAKACACAE
1713205001001,BTBgBwBoBcBVBQBGA+A1AqAlAZATARAJAGAGACBYBgBvBlBaBWBSBDA9A2AtAeAbARATAKAHAEAD
1713304001001,BPBeBkBYBWBYBXBIBCA4AwAmAhAeAVATAEACAFBLBXBiBfBRBSBSBJA6AzA2AkAmASARAPAGAMAG
1713601001001,BgBlB3B1BOBDBMBCA2A5A7A2AuAcAVAUAJADABBkBbBnBgA7BABCA4AzA4A2AmAfATASAOAHABAF
1713700001001,A/BfBxBdBOBSA7BWBSA5BCAzAsA1AeAQAHAAAABKBUBoBHBHBMBCBSBABAAoAiAXAcASAPANAAAA
1713809001001,BjBjB1B4BmBUBMBCA2A0AhAqAeARAZAOAIACABBYBkBxBfBcBMBJA7A/AnAkAfAXAaANAPAFAFAE
1713957001001,BeBqB4BwBaBRBKA4BAA0A8AhAiAdASANANADAABqBvBoBdBEBPBJA/AwAqA0AXAaANAUALAMAFAB
1714203001001,BbBbBvBoBdBMBFBCBBA7AvAnAeAZARATAJAJADBXBVBsBqBQBQBHA+A5AxAtAkAjAaAQAUALAEAC
1714302001001,BVBzBqBeBaBMBMBJA4AvA0AeAaAgAfAXAOAEABBSBZBiBZBLBRBJA5AzA2A1AfArAgAWAOARABAF
1714880001001,BsBlBsBhBeBTBQBEA/AyApAqAeAhATANAIAEACBfBkBlBgBWBRBKA3A3AwAuAgAcAWAZAGAEAAAC
1715002001001,BTBkB0BdBPBDBLA7BCA8AvA1AjAeAdAdANAEAFBJBbBlBNBLA8BSA/A5BAAlA4AkAbAbAOAIADAG
1715101001001,BbBwBtB8BRBPA8A9A6A/AoAoAeAfAMANAJAFADBgBpB5BxBNBGA+AxA7AxAqAgAeAdAUAOAIAAAC
1715150001001,BIBXBzBhBDBXBUBRBPA7AmAtAcAsAVAVAHAAAABSBNBbBYBZBaBXBJA0A3AeAwAbAgAXAJALACAC
1715259001001,BsB8B/BqBLBQBGBQA7A6AxAVAnARAKADAMABACBpCKByBYBRBNBNAtAxAwAfAbAYAQANAWADADAB
1715507001001,BgBgCJBZBTBQBkBDA+AzAhArAOA0AdAKANAJAABVBwBbBABLBhBfA+AwAcArAlAeAYAXACANAJAA
1715705001001,BcBtB7BzBHBOBMBHA9A9A5AuAnAaAZAMAKAAABBgBrB8BWBBBFA+A8A6AuApAfAdASAOAOACACAC
1715754001001,BEBcBgBWBOBXBRBFBBBAA8AtAmAdATASAEAFAGBQBXBeBUBTBZBRBEBIBAA0ApAfAWAXAMACAEAC
1716109003001,BRBXBdBgBcBhBYBPBHA7AqAhAdAUAMAJABAFABBUBQBdBhBgBgBgBXBKA4AvAcAWARALAKAGAEAB
1716109003002,BVBcBcBgBjBgBTBGBEA3AzAaAYAZATAHAFAEABBPBTBZBkBjBfBRBNBEA7AxAcAfAUAOANANADAC
1716208001001,BlBuB3BqBYBRBGA9A/A4AtAtAdAcAWALALAHABBdBhBuBkBOBJBAA4A2AwAjApAhAVATAFAOAEAD
1716307001001,BkBfB4B3BbBPBCBHBCA8A3AoAkAYAfANADADACBLBYBwBlBNBJBKBAA8AxAmAlAYAaAKALADADAE
1716505001001,BUBdBiBhBuBuBlBGA8A2AvAZAYASASAKAHAFAEBYBOBnBiBhBeBVBKAyArAnAeAYAVAMAPAFAGAF
1716604001001,BTBZByBhBJBTBSBJBHBBA4AoAwAbASAKAOADABBWBbBjBUBGBKBRBGA6A4AyAsAZAcAQAIAJAEAC
1716653001001,BOBsB5BmBQBJBNBLBMBCAiA2AcAdAYAOAIADACBNBlBmBYBKBHBRBBBDAzAlAnAdAZAPAIAGADAF
1716703001001,BIBRBiBeBNBRBUBHBPA5AuAtAlAeAgAMAKAHABBIBUBlBWBQBJBYBKBHA3ApAyAgAeAQARAIAFAC
1717008001001,BdBtBqB2BNBTBIBCA5BEAwA0AnAbAUAPAEACAEBeBkBfBZBOBLA8A8BCAvAhAxAmATAQAKAJADAC
1717206001001,BZB0BlBsBNBYBcBIBDBAA1AtBBAkAWAMAGACABBIBYBeBSBLBPBNA6A5AtA0AuASAXANADAEAAAA
1717503001001,BZBmBuBmBOBNBLBKA+BBA0AsAgAkAXAQAIAGACBXBdBjBaBKBSBHA/A3A5AlAoAcAXAUAJALAFAC
1717800001001,BbBbB6BiBTBOBGBIA9BCAvAzAsAiAaAJAJAEAEBZBVB1BeA+A8BGA+A0AnAwAkAcAiASAZALAGAF
1717909001001,BfBtBwByBcBPBNBDBOA3A1AgAlAYAaARAHAFACBfBeBnBcBGBQA8A1A1AvAxAfAfAXAOAJAKADAD
1718006001001,BbBjB/ByBKBNBIBAA7AxAzAjAkAmATARAEAAAABbBmCEBrBUBJBEA0AwAxAlApAMAjASASAFAEAC
1718204003001,BbBiBnBtBkBcBSBCA6AtAjAgAVARAJALAKADACBeBgBrBuBmBhBWBJA7AtAtAYAaATALANAHABAB
1718204003002,BQBYBfBhBiBbBQBHBAA3AvAoAhASAVAPAIAGADBMBRBiBkBhBYBQBEBBA4AuAgAbAZATANAHAHAF
1718303001001,BnCGCHBtBcBTBKA3ApAjAgAjAaAYAOAOADAEACBvB6CDBnBYBMBHAwAsAjAhAlAYAYALAKAFAEAF
1718402001001,BRBoBpB0BVBHBIBQA7A1AqAlAeAiAbASADAGABBUBqBkBiBKBKBNBCBBA3ArAgAlAVAOARAJAEAA
1718451001001,B2BvB+BkBaBPA9BQBMA5AhAtAcASAYAGAEAAAFBgBoBaBaBJBNBcBGA0AxAmAhAeARAMADAMAAAA
1718501001001,BvCFCGBvBYBRA9A+A2A2AtAnAXASAUAMAMAHABBqCLBvBeBIBDBEAwAvAqArAUAeAbALADADAAAE
1718550001001,BmBiB4BwBLBRBYA0A1A3A0AkAbAZAWAcAFAFAABdBqB3BZBUBTBIA0A2AzAqAjAjATANALADACAC
1718659001001,BTCHB/B4BrBiBEBEAlAuAoAWAfAJAUAOAFAAADBPB9CCBvBTBYBNA1A2AgAgAXAUAYARALADAHAA
1718709001001,BSBgBrBnBTBVBkA9AzBFArBAAoASAWAOAGAGAHBhBhBXBRBOBQBNA8A/A4AoAyAWASANAFALAFAB
1718758001001,BSBmB+B1BbBLBBBEA+BDAtAyApAfAZAVAKACADBXBhByBbBIA6A0A2A0AyA6AeAjAXASANAKACAD
1718808001001,B0COCVBrBUBMBHA3A1AlAnATAQASALALAKAEAABjB1CEBpBPBVBMA1AxAvAjAWAYASAWALAFAAAC
1718840001001,BXBaBjBUA8BOBbBLBJBDA6A/AwAjAXAIAHACAABSBdBTBNBPBMBPBWBCA6AsAqAnASALAIAHABAC
1718865001001,BcBzB+B5BfBRBVA+A8AwAoAgAZAWAMALAFAEABBkBkB0BkBjBSBRA+A5AuAdAiANAVALAGAFABAC
1718881001001,BqBdBmBmBOBRBJA/BIBEA1AnApAcAVAIAMAJACBUBmBtBkBJBKA+A+AyAwA4AoAXAaAHAXAFAEAE
1718899001001,BNBoBtBUBEBCBPBMBIBPA1AzAxAgAPATACAEAEBfBmBzBFBABTBWBVA8AoAyAkAeAaAJAEAEABAA
1718907001001,BnB3CGBoBEBDA/A+BBA/A3AhAkAgARANANAHAABYBqB3BUBABLBGA4A2AqA4AhAZAYAWAFANAFAD
1719004001001,BwBTB3B2BaBYBCA7BQA6AqA0AbASAZALAIACAEBlBaB7BlBKBDBBA5A0ApAsAkAMAaAjAIADACAA
1720002001001,BYBgB4B4BkBGBABCA+AxArAiAgAeAdANAHABAABRBvBsBwBYBTBFA1A5A1AbAkAgAOAZAOAIAGAA
1720101001001,BpB9CHBpBTBaBLBBA3AuA0AXAUAdANAPAFACABByBjB3BcBgBLBNA7ArAoAlAgAbAQAMAJALABAA
1720150001001,B2B2CPB2BYBRA2A9AuBLA4AgAXAVAIAJAGAJAHBuB4CRBfBHA2A+AwAxAmAxATAJARAXANAFADAA
1720200001001,BjBwB/BxBbBWBJA+AvAoAlAeAcAVAWANAGAEAABnB8BuBkBSBdBHAxA3AqAsAjAbAXAPAIAGAAAD
1720259001001,BHBYB2B1BjBgBABPAyA8AbAoAiAcAOAWAPAAAABnBnBuBTBQBLBPApBMA9A4AhARAWAEAVAKAAAE
1720309001001,BiCAB0BxBkBOBKA8A6AoArAiAfAOAMANAGAEADBqBpB0BpBSBVBAA6AzAsAuAhARAYAKAQAFADAC
1720499001001,BbBsBsBlBEBHBHA9BFA4AhA9ApAjAeARAMABAABLBVBvBhA6BHBFA+BCA4AzApAjAhAWAPAJAEAF
1720655001001,BYBhBuBvBNBNBFBFA0A8AzAlAuAkAVAWAQAFAFBgBNBmBlBFBJBABAAzAvA4AhAdAlATAOAIAIAE
1720804001001,BcBpBuBxBiBVBGA5AuAxAyAfAkAVAUATAGADABBdBuBlBlBaBVBGA1A0AyAnAqAZAcAQAPAJAFAG
1720853001001,BTBvBrBdBGBOBOBSAxAtA4ApA7AcAWANAMAAAABFB0BvBLA7BkBeBOAsAyApApAhAbAVALAFAAAA
1720903001001,BWBqBxBmBcBZBSBDA8A5AwAnAeAcAVAJAIAGAFBMBdBmBdBQBOBSA3A4AzAuAiAmAXAVAMAFADAE
1720937001001,BeBsB9B+BYBLBNA+AyAzA3AiAdAXAUAQAEADAEBdBrCBBQBUBJBAA1AwAnAqAqAPAkAPAKAMAFAH
1720978001001,BKBtBbBfBbBOBWBJBHBGAxA8AjAfAQAPAIACAABIBQBvBWBJBXBVBTA8A+AjAsATAPAVAHAEADAA
1721000005001,BJBHBQBXBuBwBmBUBHA7AtAcAUAOAGAFABABAABIBHBNBoB8CEB2BdBMA8AiAeAKAJANAFACABAA
1721000005002,BaBZBhBoCDB4BeBOA+ArAgAWASAJAEAEADAAAABdBUBgBzCCB3BlBOA6AqAfASANAHAHAFABABAC
1721000005003,BCA4BHBeBzBqBUBBBBBGA4AmAcAKAKABACAAAAA7A5BFB6CHCEBrBVBRBPA2AgAYAJAHAFADACAB
1721000005004,BaBKBMBkCBB4BeBKBCAyAjAcAOAKAEACACABABBOBIBOByCTCABvBPBGA4AjAaARAJAEAFACACAB
1721000005005,BWBNBOBVBfBqBoBkBRA6AqAYAQAJAHABADAAABBLBJBPBdBwCACEBnBQA1AlAWAPAKADAGABACAB
1721000005006,BjBrBuBfBvBmBhBMA6AnAnASAOAIAKAKADAAAABlBrBwBqBtBxBmBJAyAmAfASAQAPAIAEACAAAA
1721000005007,BdBXBiBnB4BtBeBKA7AtApAUAWAIAPAEAFAAAABaBVBiB3B4BsBcBOA+AtAfAcARANAJAFADABAB
1721000005008,B5B+CCBkBdBbBkBQA5AlAiANANAFAGABABAAAABtB1B8BfBeBtBoBOA0AfAaAQAMAKAKADADAAAA
1721000005009,BeBhBgBlByB3BdBHA7AuAeAeALARAKAHABADABBkBZBoBuBvBuBgBMA9AuAmASAOAMAGAIACAAAA
1721000005010,BjBmBrBgBgBsBhBHA7A1AvAmAcAbAWAFADADABBhBbBlBZBcBgBOA8A1AwApAcAeAJAMAJAFABAC
1721109001001,B8CGCJBzBVBRBBAzAvAtAkAeAaAZAFAFANADAECDB2B4BqBWBMA2A1AvAtAfAXAOAQAUAMAFAJAC
1721208001001,BhBiBwBtBhBVBKA7A1AtAgAlAcARAWALAGAGABBfBgBqBjBgBYBOA9A6A0AoAmAfARASASAMADAD
1721257001001,BhBYB1BrBfBUBPBVA3BHAsAoA4AVAQAMADADAABWBbBjBaBLBIBPA6BFAvAzAnAOAQAKAQADALAB
1721307001001,BcBiB4BYBEA5BKA/A+BMAsBBArAYAXASAOAGACBEBfCLBUBDA7BQA8BCA6AtAkAiAbAPAOAHAJAA
1722081001001,BVBkBvBfBdBSBdBIA7AtAtAlAhAfAVAQAKABAABRBkBpBRBRBhBTBGA2AuAnAsAfARASANAKACAA
1722107001001,BbBgBvBuBhBbBPBCBBA1AgAkAUAcAVAVAHABADBTBRBrBnBZBUBIBBA9A2AoAmAUAZAXALAHAEAF
2100055003001,BqB0B9BuBoBSBKBDA2A1AjAUAVARAJAEAGAAACBnBoB1BzBmBYBRBFA3AuAaAcATAOAMAGADADAC
2100055003002,ByB2BvBoBeBgBUBDA4AxArAbAbAMAJAIABAFAABpBzBtBjBiBeBQBEA1AsAfAcAVANAIAGACADAA
2100055003003,BVBZBhBhBqBiBXA/A5AqAnAbAZAWAUAHAGAAABBNBdBiBrBxBnBVBIA8AzArAlAZAZAWALAFADAC
2100055003004,BhBvBwBkBmBgBSBCA7AyAnAcAVAQAQAHAEACABBhBoBqBpBmBhBTBBA6AyAiAdANAXAIAHAFACAA
2100105001001,CBB6CBB1BaBQA7A3AxApAnAXARAdAMAMACADAAB1CDB6ByBfBJBEA0ApAoApAWAWARASAHAFAEAD
2100154001001,BoBwB3BzBgBTBHBAA3AsAlAdAdAcASAYAIACACBbBvBmBrBfBVA/A6AuAoAiAgAhAWAPAPAJADAB
2100204001001,BiBlBnBqBnBaBMA8A4AzAlArAbAkATARACADADBiBhBkBaBfBVBGA6A1AwAtAgAcATARAVAHADAE
2100303001001,B7B4B6BuBjBbBEA1AwArArAZAeAVARALAJADABB5B1BwBiBbBQBCAwAtAsAkAfAXATAQAKAEADAB
2100402001001,BfBqB9B3BpBJBEBAAzA2AkAjAZAOAOAKAJAFAABdBwB0BtBVBQBMA6A+AsApAXAcAXAUAJAGAHAC
2100436001001,BtBzB2BjBnBUBKA3AxArAoAcARAbARAMABACAFBtBlBsBnBrBaBMA7A2AvAmAgAbASAOAJADACAE
2100477001001,BzB+CGByBeBVBFAyAuAnAfAhAZAZATAOAGABACBwBxB7BpBXBTBBAzArAmAnAdAeAXAOAIAFACAB
2100501001001,BjBwB1BxBeBUBEA3A0AzAwAkAcAUATAIAHADACBlB1B/BnBSBGA9A1AuAwAuAiAkAPARAJANAEAC
2100550001001,BwCFCOBpBmBUBFA0AsAqAjAZAgAYAOAJAEAAACB0CCB8BtBdBSBCAzAtAlAmAUAQATANAEADABAB
2100600003001,B6CCCFBzBYBOBEAyA7AqAnAdAcAWAQANAFADAEB+B/BvBZBMBSA+A4AuAnAfAcAZAcAPAIAFABAC
2100709001001,BgBgBvBmBjBfBOBAA2AuAtAgAjAUAkAJADACACBcBcBrBkBgBWBKA5AwAvAlAlAeAZARAMAKAIAB
2100808001001,BsB5B2BoBeBfBKA6A0AqAgAfAaARAQAKAEACAEBsB0BxBtBjBZBFA6AwAoAiAgAYASAQAKAEACAC
2100832001001,BjB3B8CABxBgBGA9AwAwAfAlAbARARAFAEACABBfBnB5ByBjBUBBA0AuArAmAYARASATAJAGABAB
2100873001001,B1BzB8BiBcBeBPBDA2AnAgAaAaASAQAJAFACAEBvBwB8BcBiBcBQA6AuAiAfAgATAXALAIAFACAB
2100907003001,BkByB4BtBjBYBJA8AyAtAlAiAlAVAQAPALAEACBiBkByBjBcBQBFA1AvAnAiAkAfAWAYANAIADAD
2100956001001,B8CHB+B5BkBaBEA1AwAoAbAgAbAUAMAHAFAEACB4B+B8BoBgBPBAAxAqAkAZAeAQASALAFAGAEAE
2101004001001,BhBoBuBtBnBVBJA+A0AsAmApAdAQAUAMAFADACBVBeBpBsBkBaBJBBA1AwAnAjAdAUAcALAEADAF
2101103001001,BjByB1B2BpBXBPA2AtAqAqAYAgAWAJANAJADAHBhBqBpBmBiBVBJA4AyAmAkAhAUAaAPAVAKADAG
2101202003001,BHBNBWBYBXBVBPA9A6AxAoAfAbAWAVAQAHAGABBDBPBbBfBkBhBYBMBHBBAyA0ArAfAoARARAFAD
2101202003002,ByBzB2BqBjBXBFAwAyArAkAdAZASAHALAMADAHBxB0BxBiBdBXBHAzAxAtAoAmAeAYANANAJAFAA
2101202003003,BsBpBoBjBhBWBJA2AxApAmAeAXAPAOALAGABACBmBnBtBqBlBhBRBAA7AyApAlAjATAPAKAJAEAD
2101202003004,BUBjBnBaBdBYBOA9A1AuAsAaAbAUASALAHADADBXBdBkBkBlBhBVBCA8A2AtAsAeAdAUAOALAEAF
2101251001001,BjBtBzBqBwBlBLA6AxAoAgAiAWAVALALAGADACBoBrBuBoBuBlBKA2AvArAhAhAZAPAOAKAFAEAD
2101301001001,BZBxB+CCBrBWBBA1AvAlAjAgAcAYAUANAJAEAEBbBgB8BzBaBOA9A2AyAuAkAjAcARAUAUAHAFAD
2101350001001,BiBmBoBtBgBeBCA+A1AuAoApAZAhAmAUAHAFACBUBpBlBeBTBbA/A0AqAuAkAkAfAgAUASAJANAE
2101400003001,BjBsB0BjBrBiBPA6A5AsApAXAXALAGAGAHADABBiBoBzBvBuBkBOA7A2AuAmAaAVAPAKAMALADAD
2101400003002,ByByBzBsBrBpBVBFAzAlAdAeARANABAKACABABBkBsB1BtBpBoBTA9A0AlAbAZAUANAJAIADADAG
2101400003003,BhBnB1BqBpBgBQBBA2AvAmAaARASAKAGAGACACBgBnByBnBqBlBTA/A2AqAlAaARAUATAJAFACAC
2101509001001,BNBgBpBoBqBfBOA9A8AvArAkAjASASANAGADADBIBXBjBlBnBbBKA8A4A4AlAuAgAZAWATAJAEAD
2101608003001,BpByCFB+BfBTBHA8A1AwApAjAcAZAVAGAHAHAEBlBtBwBlBJBLBAAzAtAxAqAjAjATAPAFAGACAA
2101608003002,BkBtBuBtBcBUBEA3A1AuAlAdAdAQAaAPAEAGADBjBnBvBvBhBTBIA+A5AuAjAjAVAiAVAKAIACAC
2101608003003,BiBiBzBxBZBRBIA4A0ArAiAkAkAWAYALAHAEACBcBlB0BsBdBWBKA8AyAqAnAkAiAbASALALAHAC
2101707003001,CMCZCKBzBYBOBBAzAqAnAeAiAXAQAMAIALADADCFCECCBiBTBOA2AoApAhAbAaAVAaAJAJAEADAB
2101707003002,B7B1B6BnBpBXBLA6A1ArAhAbAQAUAKADAFAEACBwBzCBB7BZBgBIA5A4AgAaAYASAQAPAGAFABAD
2101731001001,CUCQCZByBdBSA+AwAuAkAbAgAMARAMAJAFADAGCJCJCVBqBaBBA2ApApAfAYAXAPAPAKAEAEABAE
2101772001001,BoB2B6BpBlBaBKAwAzAnAlAdAeAXAOAQAHACACBpBrBzBlBkBUBGA0AsAqAoAiAdASAQAOAHAGAD
2101806001001,BJBjB3B9BUBNA/A6BEBAAzApAfATAjATAJAFAFBbBSBYBlBXA7A6A/A+A/ApAoAkAdAbAQAFAEAD
2101905001001,BbBcBqBqBkBUBJA+AyAxAlAuApAhASANAHAEAGBUBhBkBiBdBQBDA5AzA0AsAnAiAXAbAVAFAEAI
2101939001001,BgBWBkBfBWBSBOBHA6A5AjAnAsAWAQAMALAEADBbBhBqBiBXBaBPBGAzA0AlAnAlAVAUASAGAGAE
2101970001001,B+CJCRBvBZBKBBAvAyAqAdAbAVAZALAMAFABABBtCKCDBuBZBPBBA4AoAhAcAjAVAVALAJAFACAB
2102002003001,B3BxB4BkBZBUBDAwAsAmAlAVAiATAWAIAHAEACBoBqB6BtBfBWBKA4AxApAfArAlAVAWAMAMAEAC
2102002003002,B3B/CHBxBYBVBIA4A0AuAuAkAYAaARAMADAAACBxB2B3BdBVBLBBAwAyAoAlAfAaATALADAFACAC
2102036001001,ByB3B2BtB2BmBRA7AwAoAjAfAcAVAHAJACACACB9BxB2BmBsBbBFAwArAlAlAUAWAIAHAGABABAA
2102077001001,BrBuB0BhBhBfBZBGA0AlAfAmAgAQALAJAGAEAEBoBnBwBXBhBiBSA9A0AnAlAhAaAQALAOAGAEAB
2102101001001,B1B3BtBjBiBdBHA7AuApAaAsAhASARAKAGADADBvBtBsBeBeBXBDA1AuAqAmAnAfASAXAKAJAFAE
2102150001001,BkCGCRB8BZBQBHA2AvArAvAVAUAXALAJAFAEABBkB8CFBuBSBZA6A4A1AjAfAjATARANAFAEACAD
2102200001001,B5B8CGBpBgBQBAA0ApAnAkAiAaAXANALAJAFABB3B8B9BpBXBLA8AyAtAmAgAnAYARANAJALAIAE
2102309001001,BiB0BxBxBXBDBCA0AxAtAhAnAhAhASAMAHAGAEBjBuB3BwBTBHBEA2AvAyAmAyAmAQAWAMAHAGAI
2102325003001,B3B+B4BsBlBZBPAzAqAmAhAbAUAPAOAIAFABAAByB5B3B0BoBfBMA5AvAoAcAeAWAOAGAEADADAC
2102325003002,B6CGCJBsBeBZBJA4AuAnAgAdAaAVAOAGAGACABB1CBB/BqBgBWBCAzApAkAdAcAVANAJAIACABAA
2102358001001,BmB3B+BuBYBQBLA2AxAoAkAjAfAWAUAOALAFABBoBwB3BjBTBQBHAyAsAqApAnAeAaAMAKAKAGAC
2102374001001,B8CQCOB+BkBLA8AwArAoAoAVAUAXARALAEADACB1B0CFB6BWBHA9AtArAlAhAcAVAVAMAFACACAD
2102408001001,BsBpByBoBpBiBEA6AyAsAlAaAaAYAVAOAHADABBvBpBrBoBqBSBIA1AuAoApAWAZAaASARAIACAB
2102507001001,BsB9CCB4BhBcBHA9AtAmArAZAUAaAMALAHAEADBuB6BvBjBdBXBBAwAqAnAmAhAZAPAPAKAFAEAB
2102556001001,BkB0BuByBnBZBNBCAwAwApAaAeASARADAIAFABBeBsBwBrBoBZBJA/A3AoAZAkAbAPASAFAFADAC
2102606001001,BrBuB6B4BtBdBIA/A3AsAeAjAZAXARALAHAEAABtBtBvBrBmBQA+A0AvAnAgAZAZATAQAHAHABAC
2102705001001,BoB3B8BwBmBOBJA5A1ApAfAhARATAQAMAFAFAFBcBwCBBsBhBUBKA6A9AoAkAdAaARAPAHAFAEAE
2102754001001,BgBfBmBuBcBZBJA5AyAsApAjAlAbAWANAKAEADBhBhBsBlBQBaBDA4AxA1AqAtAhAZAYAUALADAA
2102804001001,BeBrB2BqBaBTBIA6A3A0AnAmAgAbAXANALAEACBcBgBtBeBSBLBEA7A2AwArAnAiAYAZANAJAHAC
2102903001001,BzBxB+B1BvBbBJA6AyApAeAcAWATAOALAJACACBnBuB+BuBlBSBEA2AtAnAkAXASAVAPALAGADAA
2103000003001,BWBaBmBmBhBXBHA0AtAlAcAjAXAaAMARAQAEACBgBcBkBrBnBfBSBDA3A1AsAqApAbAWAPALAIAG
2103000003002,BgBlBlBmBjBXBLA7AxAuAcAmAVASANAHAFADACBXBfBmBqBtBiBRBHBCA6AoAsAbAXAQAMAFAGAE
2103000003003,BiBmBoBgBdBaBMA5A0AoAoAdAWAUAPAOAFAEACBWBbBkBkBqBaBVA/A7AyAwAnAgAbAeANAKAJAE
2103000003004,A8BLBRBbBXBSBHA7AzAyA0AcAVAOATAPASANAFBDBKBUBiBpBfBWBEBKBHBGAmAqAyAgAXAMAKAF
2103000003005,BsB0BqBqBeBZBJA6AyAsAZAjATATAJAIAHAHADBzBxBqBnBoBXBQA8A2AtAkAiAZAZAMALAGAHAA
2103000003006,BuB3CCBpBVBUBEA2AyAxArAmAjAeAUARAHADABBgByBuBeBOBFA+AuAxAvAqAoAhAZATAPAEAHAC
2103000003007,BZBnBjBiBgBTBKA3AzAsAkAgAfATAQANAHADAEBgBiBkBkBkBeBQBBA6A1AoAoAcAdAVASAOAHAG
2103109001001,BcBrBxBjBmBaBUBCA5A3AqAmAbAaAQAUAHAFABBYBeBcBjBaBSBPA9A0AwAlAkAUAbAOARAGAFAF
2103125001001,B0CECABzBaBDBDA9AzAuAcAoAXAfAOAQAFADADBkBzBzBtBSBOA/A3ArAkAmAfAZAWAVANAGAFAG
2103158001001,BwB9B9CACABaBPAyA0AqAkAaAaAPAOAHADAAAABqB2B0BqBnBWBAAzAuAqAdAaASANAIAFADABAA
2103174001001,B/CICGBrBqBgBRBAA1AmAmAYAUASAKAGADABAAB1CBB7BeBmBaBEA0AoAiAbARAVAKAJAEACABAB
2103208003001,B5B3B9BuBeBRBGA1AzAnApAcAfASAOAJAGAFABB6B0B2BgBfBPBBAyAvAqApAfAZATAOAIAGAFAD
2103208003002,BhBnBsBnBjBTBFA5AvArAgAhAbAaAOALADAFADBjBjByBvBuBaBMA/A2AtApAkAbAUATAOAIAGAD
2103257001001,BpB4B1BmBhBcBKA2A1ApAjApAfAXAQARAFACACBmBqBvBdBcBWBIA1AyAtAuAhAUAcAQAMAEADAE
2103307003001,BqBtBqBbBcBTA/AyAvAkAfAhAZASAVAKAJAKACBoBmBxBtBlBcBHA8AvAyAzAjAnAiATATAGAEAB
2103307003002,BvBwB3BrBhBRA/A0AzAoArAZAXAWAVAPAJADADBzBwBzBoBaBSBDA3AyAsAoAjAhAZARAPAEABAB
2103307003003,BcBUBjBbBmBSBEA0AxAqAlAlAYAXAQASAGAGADBYBVBkBrBkBXBQBAA/A6AzAtApAlAbASALAGAD
2103307003004,BxBxB3BtBbBRBCA3AxAoArAbAWAiAUAOAHAEACBxBwB1BiBWBNBCAzAxAwArAjAfAYAUAKAHACAD
2103406003001,BhBmBlBlBeBZA9A1AvAuAkAkAXAaAUALAKAFAABjBmBuBvBmBcBIA4AzA2AzAnAhAVAPAPAIAEAF
2103406003002,B6B2B8BuBaBOBBA0A0AtAsAbAcARANALAEADACBrB0BwBrBZBNBCA4AyAwAqAiAbAWARAIAJAFAD
2103505003001,BfBgBuBzBjBTBGA2AuAsAmAVAVASAMAQAFADADBpBeB3CCBlBaBOA7A1AvAlApAkAWANAGAHAIAG
2103505003002,BqB2B8B8BeBYBHA3AwAxAuAbAfAXAOAHACADADBnBqB8BuBUBMBCA1AwAyAqAfAcAJASALAEABAF
2103554001001,B/CKCFBtBbBYBKA5ArAjAoAbAWATAQAKACADABCBB+B9BdBYBSBGAuAoAoAkAdAQARANAGACAEAB
2103604003001,BoB8CABnBfBOBCA6AzArAfAoAcAbAUAIAKAFAFBlBwBzBhBZBNBBA1AwAuAvAdAaAYARAUAGADAB
2103604003002,BoBvBwBfBeBSBGA7AvAtAlAfAYAaASANAGADACBbBkBtBhBjBYBLA9A4A2AnAqAbAfARAMAMAGAF
2103703003001,BfBzB8BpBdBTBOBDA6AzAwAjAeAYASAPAGADADBYBwByBYBPBIBEA7A2AwAqAiAZAbALAMAGABAJ
2103703003002,BZBnBqBgBXBcBDA8AwA1AyAeAcAYATAPAKAHACBHBjBrBmBVBXBIA9A1AyAsApAeAmAWAdAPAGAB
2103752001001,BfB0B2BqBjBYBMAzAvAmAgAhAbASATAMAOAHABBiBuB+BgBeBaBDA1AxAwAoAhAmATASAKAIAEAD
2103802001001,BjBkBsBfBVBXBNA8A2AzAoAZATAcAPAMAFAEACBdBbBqBtBfBWBPBFA9AxAnArApAUAUATAGAGAC
2103901001001,ByCBB5B2BdBQBBA1AzAoAmAXAUAaARAPAFACACBzB7B9BwBaBKBFAyAvAoAmAdAbAVAJAJAIABAC
2104008001001,BeBoBvBsBdBSBEA4A0AqAkAlAiAVAVALAHAFACBlBgBrBuBfBWBHA3A1AzAvAjAdAaARAQAIAGAF
2104057003001,BiBcBkBdB5BrBYBHA6AyAkAdAXARASAFAFAAAABlBXBhBzBwBlBVA/A3ArAaAnAWAOAHAMAGAEAC
2104057003002,BpBfBmBoB2B6BpBIBBA1AsAgAdAVASAGAGAEABBmBdBnBcBfBVBEA2AuAlAgAfAVAPAJAEAFADAC
2104073001001,BkB4CLB3BbBLBKA8A1AzAlAoAcAWASANAGAEABBYB0CHBoBDBEBGAwAxAoAsAeAfAVAUALABADAC
2104081001001,B+CGCCB8BcBbBABAAuAsAmASAVARASAFAFAFAEB2B6B/BvBSBLBIAsAnAlAdAZAQAXAOAGAHACAB
2104099001001,BeByCFCCBnBgBMBAA3AtAqAZAdAQANAKAEACABBgBvB7B5BgBQBDA1ArAnAcAaAVARAMAHAHABAC
2104107001001,BdBoB8B7BtBWBOA5A2AuAhAjAeATAKANAEAAAGBeBrB0BvBfBVBJA2AyAnAqAbAbATALAPACAFAC
2104206001001,BrB1B0BvBTBFBEA2AyAwAqAgAkAYAVAKAKAGAEBqBoBxBqBOBGBEA5A0AxAyAiAhAbARAGAIAJAE
2104305001001,BfBfBzBzBpBlBPBNBBAxAdAqAfATANAMADAAACBnBpB4BmBoBXA9A+A7AnAZAcAYAMALAHACABAA
2104404001001,BdBrBrBoBWBSBLA3A1AxApAjAfAYAYAPAEAEADBnBlBwBmBVBPBEA7AvA3AlAwAiAZAWAPAKAEAB
2104503001001,BiBlByBlBmBUBJAzA1AoAmAmAiAXAQARAEAFACBmBkBhBoBdBXBGAzAvA1ApAsAmAZAWANALAFAC
2104552001001,BsBxB1BnBjBbBNA/A2AwAhAjAYAaAPAIAGAEACBhBmBtBhBiBYBRA8AyAsAmAfAaAUARAGAEADAC
2104602001001,BrBxB4BlBbBRBHA2AsArAiAoAgAdANAPAHAGAFBpBnBzBoBWBOBCA3AxAwAiAwAfATATAMAHAIAD
2104628001001,BcByCABuBbBPBVA1AxAuApAjAcAaAXAKAFADAFBaBtB1BiBcBTBEA2AuAwArAjAWAVAXAKAKAGAC
2104651001001,BvB+B0BpBjBYBMA2AyAqAhAcAXATANAOAGAFACBwB5B+B0BaBWBDAxArAnAcAjAYAZAOAHAHABAC
2104677001001,B3CCCFBtBnBVBCAyArAoAnAXAdARANAGAEACABBxB5CABvBjBYBDAzAtApAjAcARAPAPAHADADAA
2104701001001,BVBZBrBmBiBTBMA7A1AzArAgAaAcAdAJALADACBXBdBqBdBfBNBLA6AwA3A0AlArAmAXAHALALAD
2104800003001,B+BzCAB6BoBcBJA5AvApAfAbAeAMARAKAEAAAAB3B2B2B0BjBQBBA2AuAmAfAXAQASAMAHADADAB
2104800003002,BtB1B2BxBnBbBGA7AzApAgAcAYATANALAIAEABBwBsByBxBiBVBFA6AwAqAhAcAaATAQAKAHACAC
2104909001001,BUBjBkBwBdBaBDA5A3AtA0AeAkAZAcASAMAEAHBVBfBpBfBcBPBDBBA5AsAwAeAoAWAaANAKAEAG
2105005001001,CGCOCIBzBeBSBBA3AwAoAfAcAYAYAJAFAFAFAFB+CHCABqBTBFA7AuAoAhAiAVAVAPAOAIAFADAH
2105104001001,BnB7CIB7BmBOBJA4AxAoApAaAZAVATAOAHADAFBqB0CGBlBWBKA+AwAoAmAiAaAYAVATALAHAHAE
2105153001001,B+B4B4BzBiBbBAAzAnAsAjAaATAZAQAKAIADACBrBxBwBtBlBZBEAtAtAtAkAfAYAYARAKAFADAF
2105203001001,BRBfBjBfBeBcBTA8A2AvAsAgAeAWAZANAIAEAEBfBbBqBjBfBWBIA2A6A5AoAtAhAkAUANAIAEAF
2105302004001,BABABPBbBdBWBNBEA+A2AoAoAdAUARANAIAEABA9BCBSBlBsBpBcBUBTBDA8AtAwAXAdARAMAGAB
2105302004002,BMBOBbBdBoBgBSBDA8AxAnAgAWAUATAJAFADABBIBLBbBlBzBrBcBRBHA8A0AkAhAWAVAPAGAEAC
2105302004003,BmBrBxBoBiBaBOA9A7AsAsAaARASAPALADABADBdBnBzBlBjBiBUBBA6AzAtAaAXASAKAHAHADAB
2105302004004,BSBRBbBUBaBkBYBFA6AxAqAdAXAXAOAKAHABAABSBRBcBdBvBwBjBRBBA3AzAkAdAaASAMAIAGAE
2105302004005,BcBbBoBnBnBfBUBCA4AvApAbASARAOAHADACABBSBcBtBpBrBoBbBGA+A0ApAjAXAVAIAMAHADAC
2105302004006,BgBoB2BrBrBfBNA6A2AwAeAkAQAZAKAFADABADBiBlBzBsBjBdBVBEA+A2AiAbANAQATAFAHABAB
2105302004007,BWBdBiBeBqBhBYBAA7AwAsAZASAWAIAIAGACABBVBXBfBrBzBvBbBKA9A1ApAiAaARANAKAJAAAD
2105302004008,BdBcBlBdBoBfBZBFA2A0AoAeAZANAKAGAHACABBVBaBgBmBvBuBeBHBAA5AqAgAdALAQAFAFACAC
2105302004009,BgBwB7BlBcBWBPA3A2AoAjAkAaAmAXAJAGAEAFBZBrBzBeBWBWBNA4AuAvAvAhAYAZAVAOAFAIAA
2105351001001,CBB5CDB3BrBWBDA3AtAoAbAgAcARAOAJAEACABB1B6B/B3BcBPA8AwAtAlAfAaAUAVAMAFAEACAB
2105401003001,BhBiBtBgBqBYBKA3AxAqArAYAZATAUAJAGAFADBbBeBwBtBsBaBOA+A5AuAsAlAaAXAXAOAIAEAF
2105401003002,BvBwCBBvBoBNBEA4AyAqAiAhAbAYALALAJAEAFBtBwB5BkBgBRBDA3AvAoApAfAZATARAKAEAEAC
2105427001001,BmBvB3BpBbBYBIBAA5AwAlAmAaAWARAGAGABACBgBpBzBiBfBZBRA/A5AuAmAhAdAOAKAJAGACAD
2105450001001,B4BsB/BvBYBSBHA5A1AsAmAfAXAVAMALADADAFBtBtCABuBYBQBFA0AuAqArAdAgATAHAMAEAKAC
2105476001001,B/CAB9B4BeBVBSA5AvAnAfAWAZAQASAHAGAEABB8B+B6BsBXBQBEAwAoAmAXAZAXARAOAIAEAGAE
2105500001001,BaBoBxBmBiBVBNA7AxAqAhAgAdATAWAKAFAIACBWBmB4BhBfBbBQBAA4AuAkAnAgAbATAOALABAF
2105609001001,BlBsBtBuBfBWBKA4AyAtAsAfAlAXAPATAEAEADBmBnB1BvBaBOBAA4AtAwAoAnAhAVAQAMAEAHAC
2105658001001,BqBtB8BrBfBZBOA1A1ApAXAtAXAQAWAHACAEABBiB7CEB3BZBSBKA2AwAjAmAhAcAXANAGAGAAAC
2105708003001,BfBfBsBsBfBTBDA5AxAtAiAbAlASATASAHAFADBVBeBpBzBlBXBKA8A6AzAwAhAhAfARARAOAEAF
2105708003002,BlB3CDB1BfBQBHA9AyAsAlAfAPAcATAKAEAFADBgB0B7BoBYBTBHA4AxArAlAgAbAXAPAKADABAC
2105807001001,BfBvB6B3BlBLBEA9A1AvAzAXAXAXAQAKAIACABBiByB1BoBYBPBJA7A0AxAoAfAWARAWAKAIADAE
2105906001001,BuCBByBsBeBUBHA1AoApAmAfAWAaATANAFADACBrCDCABmBcBQBCAxAtArApAeASAbANAKAHAEAE
2105922001001,BfBrBuBxBsBVBPA6A7AyAqAdAbAcAOAPAFABAABTBnBqBsBiBXBHAxAwAuAwAcAgAWARALAKAGAA
2105948001001,BiBiB0BtBQBRBJA9A0AsA0AZAcAYAVAPAHAFAEBTBnBuBmBQBRBGBAAyAzAxArAfAeAfANAKAFAC
2105963001001,B3CLCECHBhBSA/A3AwAqAoAbAdAPAOAFAGAEACBmB7B8BpBYBNA/A0AzAmAdAeAOAWAOAHAEADAA
2105989001001,BlBrBpByBcBSBRBDA8A0AyAfAaAeAZASADACABBcBjBzBsBRBSBEA3AxA3AgAjAVAVATAIAKADAB
2106003001001,BXBkBiBjBdBUBGA0A1AzAvAhAlAdAOASAKAFADBXBjBjBcBZBUBEA6A5A+AvAzAhAZAYAOAPAJAE
2106102001001,BXBnByB5ByBbBGA3A3AyAyAZAgAcANAMAKABACBaBoB0B4BcBMA9AzA0AwAiAlAbAQAWAJAKAFAC
2106201001001,BvBkB7B5BrBVBOA6A5AzAdAlAWAVAUAOAKAAABBdBmBtBpBlBQBHA/ArAiAnAbAXAZASAIAIAFAC
2106300001001,BkBpByBsBiBYBRBDAzAtAlAeAjAVARARADACABBfBiBwBuBlBVBHA8AxAqAfAlAbARAUALAHAEAC
2106326001001,B6B0B9BuBfBSBGAzAuAoAhAbAgATASAFAGADACByB1B6BtBeBaBGA2AvApAlAcAXANAOALAIAEAC
2106359001001,B+CYCPCKBeBPBNBEAyArAlAaAeAIAKAIABABAAB2B2CFBnBJBQBBA6ApAhAiATAKAMADAEADADAA
2106375001001,BgBgB3B6BwBWBQBAA+AtApAbAWAPAMAJAGADACBVBhB3BrBsBQBPA8A7ApAoAlAWAVAMAHAFACAB
2106409001001,BxB5BxBrBgBaBFA3AvAoAlAcAYAQAUAPAGACAFB1B4B3BpBjBXBCAxAuArAkAfAcASARAGACADAE
2106508001001,BiBkBzBrBlBeBHA7A1AtAqAeAPAeAYAHAMADABBlBjBnBnBfBZBIA8A2AtAmAmAdAVAIARAOAGAB
2106607001001,BwB8B4BlBYBPBDA1AuAqAkAjAZAcAVATAGABABBwB0B5BiBYBMBAA0AuAsAlAmAdAfARALAHAFAC
2106631001001,BeB/CFBpBsBaBZA7AyAqAmAiAYAbAQAGADABAFBiBuB1BYBdBeBKA3AtApAnAgAVARAJAHAFAFAC
2106672001001,B5CLB5BiBgBZBKA7ArAkApAeAZAXANAJAHAHABBzB7CDBmBXBOBBAvAnAhAlAkAbAKANAKAGAGAC
2106706001001,BgByCAB3BhBOBGA/AwAuAoAgAfAUARAJAFAFAEBjBwCFBqBSBIA/A2AwAtAsAdAcATASAOAHAEAB
2106755001001,BXBcBsBbBmBmBYA8AyAnAlAfAaASAOAMADAFABBYBfByBrByB2BYA7AzAuApAhAaAYAJAJADAHAC
2106805001001,BgBwByByBZBSBKBAA5AtAjAoAeAYAPAPAJAGAGBYBtBtBkBgBRBLA4A1ArAlAdAXAYAOASAKAEAE
2106904001001,B0B9CHB4BcBSA/A0AtAqAeAkAiASALAPADADABBxB7B6BqBYBRA+AzAvAmAmAjAWAPAQAKAHADAD
2107001001001,BiB1B4BsBaBLBLA/BAAtAiAoAeAfAYAMAKADAEBeBqBvBjBMBRBOA5AyAsAoAiAcASARAKAFAFAF
2107100001001,BzCCCOB+BnBHBBA4AsAmAeAeAYAWAMAJAGAEADBrB3CJB1BZBJBDA0AnAlAiAZAVAQAQAJACAEAG
2107209001001,B8CHCNB/BdBMA6A1AuAiAfAcAdARAKAHAFACACB6CBCHB0BdBOBAAxAqAnAdAdAXAOAJAGACADAC
2107258001001,BiCACKB7BhBRBEA7A2A0AjAcAVAlAVALAJADABBoBrB/BZBUBKBAAwAvAoAeAlAZASAIAOALADAE
2107308001001,BdBpBqBxBUBXBCA6AwAwAlAzAlAcAUASAPABABBUBbBsBlBcBGA0A2ArA1AyA2AeAlAaAUAKAFAG
2107357001001,BbByB7ByBcBZBFA3AvArAnAeAdAVATANAIADAABjBwBuByBiBeBBA8AyArAlAeAbAXANANAFADAD
2107407001001,BYBiBtBkBaBcBPA/A4AuAlAhAcATANAQAGAJAFBSBhBrBsBfBXBRA7A4AwAtAoAjAVAYAMAGAHAF
2107456001001,BtB1B1BsB4BfBLA5AvArAaApAXAXAPAMAEABABBjBrBmBqBpBZBBAwAxAwAmAcAXAVAMALAIAEAD
2107506003001,BRBQBpBfBmBtBXBMBAAxAjAmAWAKAGADABABABBNBVBiBmB3BsBoBUBJAzAlAoAQAMALAFAFABAH
2107506003002,BhBgBvBiBrBiBTBHA9AsAdAhATAPAQAIAEABABBeBhBlBnBvBhBZBNA9AsAoAYAcAOANAFADACAE
2107506003003,BABBBLBTBtB6BWBAA2AxA3AsAZAUAIAIADACABA/BCBLBdB0B7BhBLBEBBBHA6AhASAPAKAEAGAF
2107506003004,BbBhBnBfBiBiBaBQBEAyAbAeAMAKALAEAEABABBRBhBmBlBpBvBsBdBJAzAhAXAYAJALAGADAAAA
2107605001001,BlBmBwBrBqBhBDA4A0AlAmAkAbAYASAKAFADABBlBhBoBfBpBgBGA7AyAtAtAgAWAYAZAOAJADAD
2107704001001,BPBXBuByBjBPBHA6A2AxAuAcAfAdAZAJAHAGACBYBkB1BrBbBNBCA9A5A0AqAqAoAbATAOAIAGAD
2107803003001,BpBmBxBjBdBUBKA0AwAtAfAnAZAaAVAOAIACACBlBmB1BgBdBdBKA4AwAvA4AZAjAZAYAJAFAFAE
2107803003002,BrB+B7BtBdBPBHA2AxAtAlArAmAVAWAPAGABABBwB5ByBiBOBKA8AwArAyAqAiAgAVAPAJAEADAB
2107902001001,BjBmB3BnBZBPBNA0A0AwAeApAeAWATAJAFAIAGBoBqBxBpBVBPBGA5AxAzApAsAfAWAVALAMAFAE
2108009001001,BmBsBvBuBkBUBGA8AyAyAlAhAgAVAXANAHAEADBnBgByBjBRBRBDA4A2AxAuAfAiAZARAOAJAFAB
2108058001001,CCCBCMB/BiBOA/AtAwAkAeAdAXAQAQAOAIADAAByCACBBvBlBFA8AoArAoAaAXAdAOAOALAJAEAD
2108108001001,BnB2B6BvBiBUBHA0AwAqAcAkAaAWASANAJAGABBlBvB6BrBcBVBBA1A1AsAqAeAaAZAOAOAFABAD
2108207003001,BcBUBcBWBaBUBVA+AyAvAnAhAaAQAWAPAGAFAEBWBSBiBYBlBhBfBCA9A2A5AkAyAbAdAOAGADAG
2108207003002,BfBcBlBiBeBUBHA8A1AyApAcAnAVAMALAHAGABBeBZBfBmBiBWBRBHA8A4AtAmAfAaAUAXAKAGAE
2108256001001,CBCICCBxBkBUBFAxAvAnAmAXAYAXARANADACABCCB6BxBfBcBTA9AuAtApAeAiATAUAKAHAEAEAC
2108306001001,BvB6CFB4BjBWBDAzAtAkAgAcAXAYATALAFABACBmB1B8BsBbBRBDA0AsAnAgAnAYAXAKALAIAFAH
2108405001001,BhBcBfBeBnBcBRBAA+AwAsAkAeAgASALAJACACBcBUBeBfBoBcBOA8A2AyAoAkAkAWARAOAKACAG
2108454001001,BwB2ByBjBcBTBHA1AvArAmAhAhASAQAPAGAFACBlBxBuBbBeBWBEA1A0AxArApAcAXAaALAGAFAD
2108504001001,BlBsBuBpBhBYBEA2ArAmAkAfAcAVAUAPAGAIABBpBrBxBnBfBaBJA7AwAsAsAmAdAUAUAMALACAF
2108603003001,BrByB8B3BrBWA+A6AtApAiAiAXAYAOARAFACADBhBsByBuBjBRBDA1AvArAmAjAbAXAPAPAEADAD
2108603003002,BUBhBjBhBZBcBPBBA3AwArAeAbAWAUAJAOAFABBVBfBiBlBoBdBPBBA+AyApAqAaAbAQAZAKAHAB
2108603003003,BXBeBoBlBlBVBEA7AyAtAnAeAVAWAVAKAHACACBSBdBjBxBxBjBTBIA+AzAwAgAZAfAYALAGACAE
2108702001001,BrBvB+BwBdBPBDA3AwAoAeAiAcAYASAKAJABAGBiBoB1BpBeBUBFA4AyArApAlAdAWARAQALACAF
2108801001001,BxBuBxBqBqBRBFA3AuAlAlAjAWATARAKAJAFAIB7B6B4BxBUBQBFAtAuAnAkAjAeATAPAOAGACAG
2108900001001,BZBjBqBqBcBdBMA8A6AxAuAfAgAVAXARAEAEADBUBgBhBlBVBbBFA/A0AyAqAvAhAcAWAQAJAFAF
2109007001001,BhBiBuBoBmBbBQBDA4AxApAcAYATAQAOAJAEAABTBfBvBrBiBXBVA+A7AxAiAiAbASARAMAIAEAF
2109056001001,BdBtBoBlBYBUBWBIA3AwA0AqAoAaAaAUAIADADBXBjBbBZBbBLBDA0A1A3AoAoAhAVATAMALACAE
2109106003001,BWBTBhBlBgBYBRA7A1AyAsAfAZAWAPALAGAFABBSBWBmBrBuBhBVBFA/A6AuAnAXAdAXAOAHADAE
2109106003002,BhBjB2BwBkBcBNA7A3AuAaAtAcAXAQAIAGADAGBeBjBlBtBbBUBMA8A2AwApAnAXAXAPAOAGAFAC
2109205001001,CECKCIB+BmBTA7A0AqAmAjAaAUAOANAPADABAGBuB8CCBzBaBNA6AtAsAmAYAgAaAOAPAHADACAG
2109239001001,BgBzB9BnBxBbBLA4AsArArAcAeAVAaANAHACADBhBvBxBlBfBPBHAuA3AmAlAlAcAUASAIAIACAD
2109270001001,B3CBCEByBmBSBCA3AqAkAeAdAcAUAYARAFADAABoB1B0BqBeBTA/AvAoApAlAZAeAXARALAHABAB
2109304001001,BxB8COB2BgBOA8AyAtAsAmAaAdAPAMAJAKAFAEB4B5B+BqBcBFBCA0ArAnAcAjAWASASAPAJACAB
2109403001001,B7CJCRB1BhBOBJA7AyAjAkAcAYATARAJALADADBuB+CBBoBTBJA7AxAnAgAfAbAcANAMAKAGAFAB
2109452001001,BeBrBzBkBuBbBUBIA3ApAkAZANAXAPAIAEABADBgBpB0BnBsBnBYBGA2ArAhAbATAPAKAHADABAA
2109502001001,BcByCBBpBRBLBLA/A3AyAjAoAgAeAXASAHAFABBaBpB2BdBSBLBJA5AyAuAiAuAcAZAaAMAHAEAC
2109551001001,BrBvBxByBgBPBHA9A5AvAoAlAXAhASALAJACADBgBxBpBsBYBTBJA6AxAuAnAeAaAXANAKAFADAC
2109601003001,BtBrB1BtBwBZBEA2AtAoAqAZAaAYAVAHADAFACBrBsB0BrBoBZBGAzAtAqAsAZARAYASAJAEAIAH
2109601003002,BSBhBtBrBuBeBKA6A2AtAoAaAUAaATAKAFAFADBVBeBoBpByBeBIA/A5AzAvAcAaAWASAVAIAEAC
2109700001001,BnBsCIB9BZBUA/A1A6A1ArAlAWAjANAOAKAEAEBhBeB/BoBBBCA3AyA6AuAtAgAgAYAVAQAEAIAB
2109759001001,BtBsB9B8BgBYBQA7A0ArAhAkAcAdAJAHAIAGABBvBuCCBlBZBEBHA1AyAlApAfAZANAMAKAFADAB
2109809003001,BnBvBuBnBxBkBBA4AxApAnAdAUAXAZAIAFADACBpBpByBbBrBiBNA1A0AnAmAeAeAPAPAJAEAEAI
2109809003002,BnByBzBqBjBSBNA1AwAlAdAeAeAVAQALAFAEACBtBsB2BuBpBdBOA5AuAmAdAnAVAYARAKAFAGAC
2109908003001,BjB3B7BgBfBVBKA2AuAnAjAdAaAcAIAJAJAGAFBsBwB2BkBiBZBRA2A0AoAhArAVATATAQAJABAB
2109908003002,BXBbBlBcBXBXBSA9A0AsAuAZAaAXANAMAKADAFBUBYBoBiBpBmBaBGA8AyAyAiAZAdAVATAMAFAE
2109908003003,BiBnBqBeBaBWBLA5AzAsAeAkAZAQALAIAJADADBaBlBvBnBjBlBVBGA4AyApApAhAXATAOAIAFAF
2110005003001,B9CLCFB0BhBUBGA3AzAtAkAjAYAVAQAGAFABABB/CBB5BeBZBLA9AwAsAoAiAZAPAWAMACABACAA
2110005003002,B5CCCOBxBaBUBEAzAzApAlAhAYAYARAIAFACABBwB/CDBiBWBNA+AwAsAlAkAdAaAOAOAHAEAEAB
2110005003003,BwB0B0BdBaBUBHAxArAmAhAgAYAVAUARAHAFABBdBpB0BqBnBcBMAzAyAqAnAlAiAcAXAPALADAD
2110039001001,BiBsByBvBuBfBDA2AxAmAgAiAeAWAPAMAGAGAFBpBoByBsBqBeBFA4AtAqAhAkAcAWAQAJADAEAB
2110104001001,BuB6B+ByBgBRBDA3AvAnAbAmAaAXARAPAEACACB0B/B5BqBbBQBBAyAuApAjAfAZAUAQAKAEADAD
2110203003001,BjBoBwBzBtBbBKA9AvAtAfAiAZAaAPAKAFADADBiBdBqBoBpBfBMA/AxAsAnAgAaATAPAMAHADAE
2110237001001,BgB1CGBzBtBWBEBAAtAiAjAfAhAbAVAIAEADADBiBzB/BtBjBSA/AxAtAhAcAhAVATASAPAHACAE
2110278001001,BuCHCMCAB0BWBJAzAuAhAgAZAcASAPAKAJACACCBB5CCBoBiBJA7AwAoAcAZAcAUAOAGAJAHAEAC
2110302001001,BdBqBwBrBbBQBNBAA0AxAqAfAkAYATAJAFAHAEBTBfBnBqBZBWBNA/A3AxAwAmAjATAXAJAFAHAE
2110401001001,B/CDCIBxBcBKA9A0ApAlAlAcAVAYANAPAGAFACB7B9B+BtBYBMA7ArAmAnAeAjAaAVASAMAEAEAH
2110500003001,BZBTBeBbBkBYBQA8A6AwAmApAVASAQALAFAEAFBSBPBqBlBwBqBSBHA8AwAzAkAgAeARAUAJAGAD
2110500003002,BQBjBvBpBwBjBPA4AzAsAqAhAkAOAMAMAJAHACBWBdBlBkB1BmBJA3AyAvAsAjAZAWAVANAFAGAB
2110609001001,BvByB1BsBeBaBDA6AzArAlAdARAdAMAMAHAIAFBtBsBwBqBiBVBHAzAvAsAkAeAeAVAWAMAHABAB
2110658001001,BrB6B2BzBeBJBHA3A/AzAqAaAaAZAOAOADAAABBkBxBzBqBWBKBEAzA2AvApAgAhARAWAKAEACAD
2110708003001,BbBqB1BoBWBPBKBAA2AtAkAjAgAZAQAHANAAADBcBdByBmBcBXBRA8A3AyAkApAlAVAZAMAGAFAD
2110708003002,BmBxB7BsBaBXBHBHA2ArAiAiAfAXAQAHAJAEABBlBpB6BpBWBSBGA7A0AqAkAjAXAYARAIAKABAB
2110807001001,BeBhB5BwBnBQBEA8A/A4AyAlAkAaAWAMAFAAAABeBVBhBoBNA+BBA7A3A3AyAqAiATAbAVAHAEAB
2110856001001,BnB0B5BrBYBWBQBAAuAwAoAlAgAQASAKAEAFAEBnByByBgBUBZBQA3AuAuAfAlAcASAPAIACAFAB
2110906001001,BYBoB1BtBWBOBEA/A2AtAoAoAiAmAYANAGAFABBUBfBzBgBRBPBGA1A4AtAuAtAgAcAZANAPAEAG
2111003001001,BjBoBxBlBjBeBLA9AxAsAlAiAaAeAXAPAHADACBeBcBqBaBgBdBNA8AzAsAhApAbAeAWANAGAEAC
2111029001001,CACECGBtBdBXBHA3AyAmAbAgAUAUAQAMADACAABwCHCGBsBVBYBDA0ApAhAdAeARAUAIAFADAEAA
2111052001001,BpBqCAByBbBcBKA/A+AzAlAnAkAbAXANAFADACBeBkBqBhBPBNBFA5AxAuAlAeAZAdAQAPABACAD
2111078001001,B4CEB5BnBRBOBBAyAuAqAoAkAfAcATARAHADADBvB6B0BcBMBKA/AwAsAtArApAcAZAUAMAHAEAF
2111102001001,BZBYBmBkBZBPBHA5A4A1AyAgAhAVAZAPANACACBWBXBkBnBcBRBJA/A+A3ArAuAfAlAaASAKAEAD
2111201003001,BOBeBiBmBwBiBMBEA5AvArAWAXAYALALAKADAEBUBUBiBtB4BgBOBCBCAxAoAiAVAZAZANAFACAF
2111201003002,BhBdBvBrB1BfBKA/A7AsAoATAOATAQAGAGAFAABVBZBoBwB0BlBTBIA7AtAnAbAcAQALAKAGADAI
2111201003003,BfBcBqBkBxBmBLBFA7AuAfAdAXAQAMAKAGABACBiBfBlBtBzBjBXBMBAAtAfAgAVARAIAKAGAAAA
2111201003004,BmBfByBtBxBYBNBDA8ArAqATATALAGAIADADAABWBcBsB2BvBiBfBLBEAuAjAbAVAPAJAMADAAAG
2111201003005,BXBVBfBkB0BlBLBCA3A2AtAXAaAJAGAGACACAABMBRBgBrCABtBfBNBCA8AkApAWAOANANAHACAD
2111201003006,BYBjBmBaBZBdBeBSBHAxAiAXAOAPAJACACABABBeBbBkBgBoBuBzBgBMAyAjAXAPAPAKAFACACAC
2111201003007,BMBTBcBfBnBhBVBLBFA3AuAVASAKAHAEACABACBMBMBdBtB9B2BoBXBRA8AsAZAUANAJAKAHACAC
2111250001001,BhBkB+B8BbBMBCA3AvAvAmAiAgAWAVAIAKAEADBbBqBwBuBUBIBJA7AyAwAoArAaAiAYAEAMAFAF
2111300005001,A0A4BFBOBhBgBMA5A9A0ApAsAfAQAPAWAIABACA2A4BJBYBwBrBdBPBPBFBAA0AxAfAgAVAgAXAK
2111300005002,A6BHBUBPBoBjBMBCA7A3AtAgAZATAQAMAKAGAABEA9BOBgByByBeBPBQBDA8AnAdAkAXARAWAJAC
2111300005003,BGBGBPBXBjBhBYBJA9AvAtAZAVAUASALAEABABA7BBBSBfBuBzBlBUBNA/AxAvApAfASATALAHAJ
2111300005004,BHBIBRBSBoBmBPBIA8AxAtAZAQAXATAMAFADABBCBDBPBgBzByBfBWBNA/AzAqAiAiAYASALAFAD
2111300005005,BIBOBRBXBmBqBVBCA1AqAnAfAcARALAKAFADAABHBLBUBgByB5BnBRBHA6AxAuAgAiATAKAIAHAF
2111300005006,BHBHBVBfBuBgBPBFA/A0AvAeAXANAMAJAEAFABBBBIBVBiB0BvBhBUBMBAA+AiAgAYAPAQANACAB
2111300005007,A/A5BFBRBzBvBYBGA3AyArAiAgANAMAEAFAAABA6A4BGBhCMCIBwBWBJBBA3AzAdAXATAQAMACAD
2111300005008,BOBEBEBPBfBiBgBOBBA1AlAiAYAOAMABABACAABLA/BJBeB5CGB3BhBRA/A4AgAgAVAQAJAFADAD
2111300005009,A5A5BDBUBrBoBOA8A2A0AsAuAsATAMAJAFAAADA3A4BHBiB9B0BkBRBNBKBAA5ApAZAXAJAIAFAK
2111300005010,BBBIBMBUBrBsBWBDA6AyAnAnAZASANAQAHABACBAA9BPBgB/B4BjBYBLA/AsAuAlAUAUAKAJAFAH
2111300005011,A6A8BFBLBbBWBUBFA/A5A6AvAeAWAUALAEADAAA7A5BCBZB1B0BqBdBSBGBBA3AqAYAaAPAGACAC
2111300005012,BQBTBkBnBrBiBQBMBDAyAfAdAPAOAFAGADACABBPBQBoBxB1BtBkBdBMA4ArAaASAPAIAFAFABAD
2111300005013,BNBDBLBKBeBuBvBYBDAxAhAbANAKALACACAAAEBPBCBMBcB+CTCHBjBPA4AtAbAZAOAJAHACAEAA
2111300005014,AvAyBABVBxBrBHAxA1A1AsBGAfAXAMABAFABACAyA1BCBjCKB/BdBKBPBRBOBJAmAUALAWAJAGAA
2111300005015,A8BCBKBYBfBcBLBEBAA3ApAeAXAhAOAIAFAEAEA+A9BSBjB0BqBfBWBTBEA0AxAoAdAYAQAZAJAE
2111300005016,BLBJBUBTB0BpBXBFA6AyA2AdASASAKADAFAAAABGBIBSBmCFB+BjBPBFBBA0AnAdAOAPAKAGAAAA
2111300005017,BRBMBaBaBtBrBPBHBDA5AfAlALAYAJAFABACAABPBHBYBqB5B1BZBaBPBBAqAfAWARAQAGAHAEAB
2111300005018,BMBRBgBdBuBjBUBBA6AtArAZAXAOANAJADACADBRBUBiBlB0BzBlBKBEA4ArAmAeAQAVAJAFABAB
2111300005019,BRBZBnBiBzBhBRBIBCAvAmAaARALAMAGADAAAABUBaBmBqB2BrBfBTBKA2AjAhAVALANAHAEABAA
2111300005020,BPBZBjBgBxBpBUBGA5AuAlAgAUAPANAHADABAABRBWBjBhB7BwBdBPBEA3AvAbAQAUAQAIAEABAB
2111300005021,BeBaBlBoB2BmBNBDA+AtAiAaAIAQALAKABAAAABWBbBnBrBzBuBbBQBDA2ApAbAUASAIAGACADAA
2111300005022,BSBNBZBfBrBuBbBFA7AsApAfAYARALAIABABABBKBNBXBfBxB1BkBQBDA1AtArAcASAVAOAFAAAE
2111300005023,BjBiBpBjB9BxBUBBA4AuAdAiAOASANAEAJADABBbBfBnBoByBfBOBDA5AuAkAcAaANAMAKACABAE
2111300005024,BpBqBvBrBqBgBSBAA4AsAnAXAVATARAFADACABBqBoBnBlBmBnBUBHA4AsAkAaASAOALAIADACAD
2111300005025,BaBiBxBjBlBQBTBUBIAwAeAYASALAGADAAAAAABTBfByBuBsBiBnBkBSAxAaAbAPALAHAGAAAFAC
2111300005026,BVBUBfBlBtBjBTBGA+AyAiAiAOAUAIAIACAAABBTBRBeBpB5BvBjBUBLA8AuAaAUAPAHAFAGADAC
2111300005027,A7BCBPBdB6BmBKA3A5BDA/AjAOAPAEAKAEABAAA/A/BPBsCDB0BTBPBPBYBOAnAZATALAHAHADAD
2111300005028,BNBSBhBuBwBbBMBFBDA4AhAfASAOAIAFADABABBRBQBkBzB7BmBaBYBVBAAiAdASAMATADACABAC
2111300005029,BjBvB0BiBdBXBaBQA8AsAmAOAOALAKADADAAAABsBqBxBiBtBuBtBZBAApAaAVAKAJACAHAFAAAB
2111409001001,BgB1B1BnBaBUBKA5A3ApAkAnAgAZATALAGADABBlBpBxBgBYBTBPA2AyAsAqAnAgAXAUAMAFAEAE
2111508003001,BhBuB4BzBWBDA8AzAzAwAlAlAhAZAVAIAGAFAEBtBrB+BpBgBMBFA7A0AwArApAaARAMATAFAIAC
2111508003002,BnBmByBrBdBPBEA5AxAxAjAkAUAXAcAOAEAFADBkBgBvBoBfBSBJA5A5AxAjAuAtAYAQAJADADAK
2111532001001,B4B0B2BwBeBTBGA2AzAsAmAfAYAbAQAMAGACABBnBqB4BjBjBVBJA3AuArAoAfAgAUAJANAFACAD
2111573001001,BYBxB+B9BtBbBGBBA7AsAqAjAhAYASALAFADADBWBmBxB6BOBNA8A1AzAqAqAYAbAXAPALAIACAA
2111607001001,BeBrB+ByBjBSBAA1A7AwAoAkAcAWARAKAJAIADBaBkBzB1BbBKA8A1A2AvAqAgAeAaAVALAKAGAG
2111631001001,BmB6B8CEBjBVBLA3A0AoAmAmAaAWAWAEAGADABBkBtB8BvBZBQA9AzAwApAjAfAcARALAIAHACAC
2111672001001,B5BlB5B5BdBhBcA9AzAsAeAeAcAXAKAGAGABABBuBjBxBwBjBaBNA0AwAnAbAdAXANAPAIAEAEAA
2111706001001,BhBpB0B7BtBWBEA7A0AsAsAYAaARAYAKAIACACBeBhBsBsBmBWA/A8AyAuAhAjAdAZAWAMAGAIAC
2111722001001,BuB7CDBwBiBbBMA/AwAoAeAaARAWAYAHAFAEACBxCHB+BmBiBRBGA2AsAkAfAXAWANANAGABADAA
2111748001001,BvBvB5B0BjBGA+A0AtAtAfAlAoAUANAKAIAEAEBsBuB0BvBeBNBAA2AxAqAgAwAZAWASAMAIAHAE
2111763001001,BqB1B5BoBZBRBFA7AvAoAqAdAbAcAXAQAEADACBfBwB1BkBXBSBHAyA1ArAuAgAjAXAYAKAFAGAD
2111789001001,B4CGCHBxBcBYBHA+AuArAfArAaAbARAIAHADACBwB0BsBSBVBNA+AyAtAmApAkAUAXALAKAIAEAC
2111805001001,BnBnB/B4BgBVBIBFA+AyAxAUAgAYASAJAHADADBeBkB3BpBSBNBHA3A1AtAoAbAaARAQAKAFADAB
2111904001001,BgBkByB0BlBSBBA5A2A3ArAiAgASAWAMAQACABBjBtBqBpBQBABBAyA4AxA0AjAgAbAWAOAIACAE
2111953001001,BcBvB9B3BOA+BAA4A6A3A4AiAfAXAfATAIAEACBYBQBvBpBMBHBDA4A4A2AxAgAhAkAbAOAGAFAG
2112001001001,BwBzB+BzBiBYA+AyAvAzAlAiAZAYAQAIAIABACByB0CBBwBXBJA+AyAqArApAhAXASAXAJAFACAB
2112100001001,BpBxB7B1BjBRA8A3AtAxAlAiAcAWAVAJAFADABBqBrB6BsBcBMBAA1AwAxAmAlAZAUATAPAIADAE
2112209003001,BlBlByBiBjBdBQA8A7ArAcAoAZARANAHACACAABVBlBrBnBfBfBaBMA9AxAlAmAVAWAQANAAAIAD
2112209003002,BXBYBmBXBmBbBaBDA0ArArAcAVAYAIAIAHACAABRBWBdBhBvBkBgBRA7A4AuApAgAVARAMAMADAD
2112209003003,BKBYBnBeBjBdBPA+A8AyAyAVAWARAMAKAIAEABBPBTBfBlBnBmBeBMBFA8A1AkAhAXAUAOADAFAD
2112209003004,BnByBxBgBhBfBWBEA1AqAbAgARALAKAGACABADBpBuBpBlBiBhBcBGA/AuAoAbAaAQAIAIAGAEAB
2112209003005,A6BIBWBYBkBeBMA7A8AvAqAgAeAaAMALAJAHADBDBFBSBjBwBiBYBKBLBFAzA1AkAeAhAcARACAH
2112209003006,BmBpBwBhBqBkBTA/A1AsAjAYAVALAKAIAGADABBcBlBtBiBsBlBXBFA8AxApAbATATALAMAGADAD
2112209003007,BdBsB1BlBiBVBLBBA0AsApAjAeAZASAKAKADADBaBmBuBaBYBUBLA9A4AzApArAdAWAPAMAMACAG
2112233001001,BjBbBlBYBhBcBIBEA0ApAmAfAZAWARATAHADABBhBfBlBfBmBdBUA/A5A0AqAnAjAcATAQAHAGAE
2112274001001,CDCUB2BpBHBYBBAzArAlAjAgAeAbAKANAKAFABBxCBB/BUBQBPBGAxAtAiApAbAhAUASAIAKAIAC
2112308003001,BYBgBmBtBUBUBJA8A0AsAmAoAnAZASATAKACAGBQBfBnBqBYBYBPA8A0AzAqAsAnAVAZATAJAGAD
2112308003002,BzB6B7B0BgBZBMA9AzAuAqAdAdAXASAFAHADABBpB0B3BmBWBRBAA1AuAnAeAlAdALARAEADADAE
2112407001001,B9CBCCB1BlBYBDA5AvAoAbAiAUAPANAOAHAEADBwB6B9BlBZBTBBAyApAkAgAdAZAZAHAKAHACAB
2112456001001,CCB9B5BqBkBTBCA0AvAlAfAgAXAXAOAFACACADB5B8B0BpBkBYBBA5AtAoAeAiAPAUASAHADACAE
2112506003001,B0CDCHB9BhBMBAAyAwAnAhAcAmAQAMAFAHAIAGBuB+CABvBcBMA4AwAqAkAmAZAWAOATAKAHADAC
2112506003002,BrBsB7B0BlBVBKA1A1ArAgAYAbAMANAIAHABABBrBuB3B4BrBcBHA4AzAoAoAVAZATALALAEADAE
2112605001001,CBBzCHByBmBZBCAuAsAoAeAYATARAPAKAJABABB3B7CGByBpBUA8AtAqAlAjATAVAUAOALAEADAC
2112704003001,B0B7CFByBiBTBDA7A0ApAoAaAWAWAUANACAAABBsB7CCBsBhBNA/AyAqAnAkAaAhAKAMAEAFAEAB
2112704003002,BrBwB5BpBoBYBGAyArAmAYAeAXAWATAIAGADABBnBvB8BwByBcBHA1AwApAjAhAeASAOAMAIAEAF
2112803003001,BZBhBqBeBbBeBNA9AyAuAnAgAXAZAZAKAHADACBWBgBrBqBjBiBPBAA3AzAvApAfAZAQAOAGAEAF
2112803003002,BrB3B+B1BlBXBEA2ArApAgAeAbARAQAOAHAFAEBvBwB3BnBgBTBCAzAvAqAjAhAbATAQANAGACAD
2112852001001,BtCAB9BlBzBdBNA7A3AsAZApAXAYAQALAIABAABgB2BsBdBkBYBJAwAvAnAjAcAVAUAQAGAIAAAC
2112902001001,BmBtB0B0BgBSBDA0AwAqApAjAYAUATARADACAFBkBtB5BuBbBVBDA6AxAuAmAmAhARAVAKADADAE
2113009001001,BbBoB4BoBYBSBDA8AzAuAmAgAlAZASAPAHAGACBbBqBxBiBWBTBIA+A6AxAsAlAeAZAUAMANAFAC
2114007003001,BnB2CDB0BgBaBLA2AwArAjAgAgAVAMAKAGABABBtB0CCBlBYBUBHAzAwAsAdAkAWAPAPAGAFADAA
2114007003002,BkBlBsBhBfBZBMA6AuAoAjAdAYAXASANAKACADBcBlBzBoBpBiBTA5AyAuAuAfAdAbAUAQAFAFAD
2200053001001,BMBiBsBpBcBTBFBOA/AxAwAoAhAcAQASAKAIABBNBdBqBZBbBSBMBEA7A0ArAfAnAVATAMAGADAF
2200103001001,BQBQBjBhBOBKBOAxA8AsAxAqAiAfAlARAMACAABJBQBsBhBQBNBCBGA+AyA6ApAzAtAbAPARANAH
2200202001001,BRBYBnBVBQBPBQA5A5AwAoAlAaAdAXASALAEACBSBhBqBaBZBZBVBHA6A0AxAtAqAeAWAWAMAHAF
2200251001001,BKBLBaBXBbBYBVA+BAA/AzAoAvAdAWAMAMAHADBDBPBTBWBgBVBKBFBGBAA4AvAkAgASAPAMADAF
2200277001001,BTBVBmBuBaBNBDA8BGBFApAbAeAeAaALAFAIABBSBVBdBlBbBMBFA+BMBAAuAmAbAjAjALAFAHAE
2200301001001,BRBYBrBpBWBNBDA/A7A4A6ArAnAdAUAXAMAFABBABIBXBVBYBMBOBFA4A4AzA3ApAeAdAYAKAGAD
2200400003001,BUBRBkBfBdBUBHA8A5AyAnAoAWAgAPAMAJAHADBKBLBaBfBlBgBSBKBEA+AsAxAkARAdAUAYAGAE
2200400003002,BXBYBqBgBnBWBMA+A4AxA3AaAsAYAUAJAIAEAEBXBXBlBfBeBUBLA/A5A0A2AjAgATAZASAJAGAE
2200459001001,BpBwCCCABZBQBIA5AzA5ApAiAfAXAVADALABABBiBsBmBlBMBPBJA4AwArAxAfAdAWARAJAHADAB
2200509001001,BdBSBiBaBSBQBHA5A0A1AuAmAkAfAeAPAIAHACBTBUBmBbBcBOBJA9A4A8AyAwApAgAjAWALAHAE
2200608001001,BDBcBlBkBGA+A8A2A+A/A2AyAuAcAYAOAMAFAGA+BQBqBaBJBOA9BBBDBGA6A1AiApAuAVAQAHAE
2200707001001,BbBjBqBjBeBbBTBQA9AxAfAgAcAYAdARACAEAABQBdBjBdBlBXBQBHAzAxAjAeAeAgAaAFAHAGAE
2200806001001,BWBaBjBjBnBbBGA3A3A7BCAhAvAYAWAJAGAIAEBEBYBpBfBYBIBIA4AxBBA5AyAhAnAPAOADAHAC
2200905001001,BKBQBgBlBRBEBJBHA6A1AtAwAuAfAUAOASAKADBaBXBcBRBKBUBIBGA4A3A2A1AvAWAgAPAOAHAH
2200954001001,A1BYBfBoBjBRBBBIBKA9AwAzAiApAiAPAQAEAIA5AzBZBEBMBVBNBFBMA5AoAzAyAyAjALAEADAG
2201002001001,BWBqB6B1BRBEA7A5A/AzAtAlAaAgAOANAJABABBEBZB0BuBYBEA9BCBCA3AwArAjAgAeATANAGAA
2201051001001,BtCIB8BqBPBPBOA3AyApAiAfAaAZAXAGAMAGAABkBpB3BWBWBNBSA8AvAxAgAtAeAbAQAKAGADAA
2201101001001,BUBmBxBbBRBNBGBJBBA3AtAmAfAaAVAOAKAIADBUBhBmBlBQBOBIBEA4A1AvAhAqAaAZAQALABAC
2201150001001,BxB1CDBpBvBlBKA4A0AwArAVAPATAOAJAHACACBoB1B3BxBkBVBFAsAyAnAgAfAWANAOABAGAAAB
2201176001001,A+BcBYBaBMBQBKA+AxA1ApAqAiAcAeAXAIAHAFBYBeBtBWBVBhBYA5A5AvA9AyAkAiAaANALAMAF
2201200003001,BnBwB6BwBtBZBKA4AyAsApAlAhAUAMAOAJAGABBfBrBrBmBdBSBFAyAtAoAkAqAfATAKAOAHAEAC
2201200003002,BXBiBkBgBiBWBJA6A4AyApAkAdAYASAOAKADABBYBdBdBmBlBYBSA9A9AzAsAnAbAdAeALALAJAD
2201309001001,BVBuB4BqBVBZBcA4BCA1ArAqAZAgARAJAHAHADBPB1B0BjBOBGA6AzAwAxAoArAhASASASAQAGAA
2201408001001,BXBhBtBcBdBUBGA+AxAxApAoAWAeAXAOAKAEABBSBVBdBeBgBQBPA6A4A6A4AvAkAfAWAdAJAIAF
2201507001001,BRBkB0BqBfBUBGA+A6AyAgAuAiAXAUAVAHAEADBLBdBrBlBbBSBIA9A4A0AuAnAiAXAZASAHADAC
2201556001001,BSBfBkBfBfBUBXBVBJA+AjAfAXAbAcAMAKACABBUBmBrBcBKBQBNBCBLA5AlAfAqAYAQAEAEADAA
2201572001001,BPBVBjBeBUBbBdBHBYA0A0AdAoAXAYAKAJABAABSBMBbBfBNBYBPBBA6A/AmAnAkAeATAMATAFAC
2201606001001,BQBYBfBmBhBbBQA0A1AzAwAvAtAcAWAOAKAIABBFBWBlBVBYBaBFA5A0AtBDAnArAbAZASARAKAC
2201705001001,BKBhBvBgBfBcBKA6A/AuApAqAjAdATAPAHAGAIBQBWBqBhBSBSBHA1A7AxA4AlAkAbAdAUANAFAF
2201739001001,BiBlB8ByBcBRBPBNA3A3AkAcAiAVARAGAKAFACBaBtB2BaBYBNBHA7AzAtApAeAdAXAOAIALAIAC
2201770001001,BkBkB5BgBiBXBHA1A6AzAqAeAjAaAUATAIACAABhBnBlBiBlBaBOA6AvAsAlAjAZAaAWAIAEAEAE
2201804001001,A7BNBcBRBBBMBEBOBEBDArAxArAnAeAeALAFACA5A9BcBNBOBWBBBJBJBBA2A4A4A1AhAUAIAGAD
2201903001001,BeBkBmBgBvBpBYA/A0AsAqAZAcARAKAKAFACAEBaBiBnBnBxBlBWA6A2AuAkAjAYANASAKALABAB
2201919001001,BXBhBoBcBkBZBaBIA8A0ArAlAZAhAWAUAJADABBOBkB1BkBYBNBLA6AwAzAqAcAiAYAXAPAFADAB
2201929001001,BVBSBqBjBWBaBRBBA+AxAnApAnASASAWAMADABBJBbBnBpBcBPBCBJA2AyAxArAkAbATASAKAJAF
2201945001001,BWBZBhBhBYBYBJA0AwAwAqArAmAlAfALAOAHAFBdBiBeBYBaBYBNAwAwA2A1AtAiAhAWATALAFAE
2201960001001,BGBVBoBhBeBdBQBABAAzAtAsAjAfAcASANAFADBKBUBjBYBiBUBQA4A3AyAuAsAlAZAYAUAIAEAC
2201988001001,BIBWB1BeBSBTBVBFBEA3ApAlAjAkARATAKACABBeBqBuBZBJBSBMBCA0A5AvAhAkAbAOAPAIACAC
2202000001001,BdBeBsBoBpBZBKA5A1AxAlArAiAWAOAQAMAGAABVBfBpBjBjBXBEA6A2AvApApAlAXAVANAJAHAC
2202026001001,BNBlBzBnBlBTBMBBBBAzAzAfAeAVAZAYAJAIAFBNBeByBlBYBBBFA8A7AwArAiAYAeAWATAFAIAC
2202059001001,BPBgBkBrBoBPBMA7A6A1AsAyAkAZATAaAKAIAABFBUBcBoBZBRBMBAAxAzA8AkAdAiARAPANAJAB
2202075001001,BSBjBpBmBgBZBQBDA2AsAlArAmAnAOALARAAAABQBiBlBeBqBEBIAyA6AnA4AgAbAjAbAbALACAC
2202083001001,BYBxBzBhBZBhBeBPA4AwAjAgAaAeAbAIADAHADBZBUB0BUBVBUBTA9AyApAlAsAeARARANALAHAD
2202091001001,BPBoB4BeBWBHBLBPA5AzAkAhAhAhATAKAJAJAEBPBiBtBiBZBHBSBEAzAyAmApAkASAXATAPAIAD
2202109001001,BcBiBqBXBUBHBIA9A3A/AzAqAxAUAUAMAPAEAABMBUBiBXBWBNBFA2BGA8AyAvAtAdAXATARAFAC
2202117001001,BaBcB0BqBnBWBXA9BBA3AsAXAXAfASADAIALAFBdBdBiBnBnBRBOA7A4A1AmAhAWAYARAMACAIAE
2202133001001,BHBSBmBuBmBUBJBCBEA7AqAlAjAdAbAOAJADACBIBcBmBlBbBGBOBBBIA3AwAlAgAeAVAJAGABAC
2202174001001,BwB2B0B5BbBbBEA6AyApAjAjAXATAMANAIADADBwB0BrBwBhBRBEAuAsAnAjAlAZAOANAUAIAFAB
2202208003001,BHBNBgBaBWBZBSBIBCA0AtAjAbAbAXASAGAFABBHBOBWBXBiBfBaBRBGA5AwAtAiAeAZAOALAHAF
2202208003002,A/BMBYBYBgBTBNBCA7A3AtArAgAbAbAQAKAJABA7BIBYBWBbBaBTBKBDBBA1A4ArAiAbAVATAGAF
2202251001001,BZBsB6BgBVBVBNBAA2A4AuApAjARAbAOALAGABBSBiBiBaBHBQBFAyA5AxAnAxAhAmAdANARABAD
2202307001001,BNBeBnBfBUBXBMBBA/A3AwAiAhAdAUAQAKACABBNBhBjBdBSBUBOBBA5A6AsAuAnAeAPASAKAIAF
2202406001001,BXBmBmBmBaBPBHA1A4AzAwApAjAcANAOANAFABBPBeBgBhBZBeBPA9A1AyA3AoAjAaAXAQALAEAE
2202455001001,BgBnBYBVBbBOBbBNBUA8AjAiAnAXATAOAIAHAABSBsBgBbBTBUBMBBA1AnA4ARAbAmATAPAKAHAB
2202505001001,BfBhByBuBmBUBQBBA7A1AkAjAfAVAQANAFAFACBaBlBqBuBeBSBPA4AwAuAmAcAaAWAWAIAOADAH
2202539001001,BQBlB3BuBbBPBYA+A5AxAwAmAhAVAWASAKAEAABcBpBzBmBUBQBGA3AwAqAtAgAiAXATALAJAEAE
2202554001001,BaBjBvByBuBbBWA9A4AwArAXAZAmASAIAGAGABBTBrBkBvBXBOBCBBA1AsAjAgAdATAaAIAKADAG
2202604001001,BVBeByBkBUBJBFA4A2AuApAnAgAdAXATAKAHAFBPBXBrBjBZBGBGBCA+A0A0AvApAgAeAUAJAEAD
2202653001001,BbBxBzByBvBaBSBDA0AvAxAZAUAgAXAKAGAFACBeBvB3BmBXBMBBA6AtAnApAgAWAYALAJAJAAAB
2202703001001,BfBoB5BuBdBSBGA+A7AvAjAhAfAVATAOALADACBZBmByBtBdBMBFA6A3AvAnAfAiAaAWAOAHACAD
2202711001001,BHBnBmBaBPBPBOAyA9A2A1AiAdAfAdALAPAEABBTBXBmBWBVBnBKBCA/A0A2AsAnAjASAKAPAEAD
2202729001001,BQBdB1B0BXBQBLA3BFAzAwAjAYAeAQAQAIACABBQBqBoBlBlBOBGBDA4A6AnArAbAcAOAMAJAEAA
2202737001001,BXBaBoBjBWBZBUA/BAA4AoArAvASAiAJAKAHACBQBRBfBXBXBcBIA3AzAxAvAqAqAfAWAMAKAHAE
2202752001001,BeBgBpBhBVBSBLA6A1AwAqAnAYAVAZAPAOADAEBhBbBxBlBfBaBMA1A5A2AlAnAcAjARATAGAIAD
2202778001001,BNBZB2BrBlBSBFBAA7AtAzAkAcAXATANAHAHABBPBYBpBfBfBVBLA6A5A5AyAsAiAgAXALAMAFAB
2202802001001,BCBfB9BdBQBDBFBMBBAxAsAxAmAiAUARAMADACBSBRBsBfBEBaBIA4A3A5AmAvAnAdAtAMAJAGAF
2202851001001,BEBcBwBmBaBfBUBMA/A3AlAtA3AVAVAHALALACBDBWBYBUBKBUBKBFA7AwAsAjA1AdAUAMANAKAD
2202901001001,BhBpB2BkBeBeBOA8A4AxAhAoAhASAMANADACAEBVBmBsBqBeBaBKA4AzAyAsAfAeARAVAPAEAHAE
2203008001001,BoBtB2BdBgBdBIBBA0AzA0AmAvATAQAIAHACACBrBtBgBhBSBOA/A4AvAuAsAlAcAWALAGANAKAF
2203107001001,BbBmB1BzBkBWBEA/AyAsAuAeAfAUAWAIAIAFADBWBeBuBqBdBPBFA4A0AzAqAnAbAbAUATANAEAD
2203206001001,BYBrB0BgBhBUBMBBA2AwApAqAcAVAUAHAOAFAEBWBjByBjBWBPBLA6A2AzAkArAlAVANAPAGAHAI
2203230001001,BuBqB3BlBhBdBHBBAxA0AuAlAfAeANAVAJAAAABsBjBoBaBZBHBHAlAzAsApAtAbAcAPAMAIADAE
2203255001001,BkBiB4BnBoBbBHA0AvAuAvAqAjAXASANAKAFABBXBZBrBbBgBUA/A9AxAvAxAlAfAZAWAPAOAHAB
2203271001001,BtB3CBB0BhBSBMA+A7ApAkAgAaARASAHAGAGABBlBnB3BlBeBBBPA7A3AoAeAlAZARANAIAJAEAC
2203305001001,BSBUBjBdBhBaBPBAAzAtApAlAdAeAWANALAHACBWBSBiBZBdBcBVBDA1A3AvArAmAlAZASAJAGAC
2203354001001,BKBSBqBtBdBVBIBJBAA8AqAnAsAeAWAGAGAIAEBCBZBjBfBTBIBIA+BCA0AzAgAmAbAXARASANAE
2203404001001,BKBPBYBcBZBPBPBHA8BFAqAvAhAaAYAKAJAFAEA/BLBgBhBZBQBQBMBDBEA6AwAoAZAXAOAJAJAB
2203420001001,BUBiCFB3BaBEA/A3A3AvAtAnAcAiAYALAPAAADBYBlB3BtBNBBBAA7A2AuAyAhAlAdAdAOAJAGAA
2203453001001,BLBcBpBhBRBXBKBIBGA+A5AcAmAgATANAOAGACBNBSBfBeBSBIBMBBA9A2AyAkAlAjAUATAOAFAD
2203503001001,BHBUBYBbBWBTBKBFA6A3AuAlAmAnAcARAMAGADBFBMBRBUBcBSBKBEA9A7A5A0AlAiAfAcAQAIAG
2203602001001,BWBgBjBmBTBYBWBFAzAtBDAjAgAWAmANAKAFADBFBJBZBSBPBPBFA7A+AzAsAzA0AiAcAOAXAHAF
2203701003001,BcBlBxBuByBhBHA9AuAuArAiAgAgAJAMAMABAGBnBhBlBhBjBXBAA4AtAuAtApAUAWAQALALADAE
2203701003002,BOBUBbBcBrBZBMA/A3A0AjAmAYAYAXANAJAHADBHBQBgBgBqBiBTBEBAA2A5AnAiAgAUAQAPAFAE
2203750001001,BKBrCAByBJBVA3A6BLA9AnAXAhAcAbARALABAEBXBzBxBpBHBHA3A1A+A0AdAoAlAjAdAMAMAGAC
2203800001001,BcBdBrBYBbBYBLA8AyA2AsA1AoAdATAPAMAFACBUBhBhBVBPBNBHA8A8A4AuAxAlARAdAUAJADAI
2203859001001,BTBhBzBgBCBJBNBJA4A/A1AwAsAXAbANAMAAAGA6BHBVBZBPBHBIBIBDBCAtA3ArAuAYAPANADAA
2203909003001,BOBOBcBiBiBcBNA/A7AwAqAfAWATAUANAHAGADBCBPBaBmBtBfBWBGBCA5AzAqAnAjAaAUALAGAC
2203909003002,BEBUBbBdBhBZBPBDA7A0AoAiAgAXAQAMAFACADBGBOBaBkBtBgBUBJBFA9A7AoAgAaAWARAPAJAG
2204006001001,BOBdBoBiBSBGBKAtAzAxAxA2AqAeAcAPALADADBGBbBpBjBHBVBGA5BABAA0AsAnAkAVAeAKALAD
2204105001001,BTBeBcBqBRBJBBA1A3AwAqA9AmAZAfAXAGAMADBSBLBcBdBYBJA+A4A2A7AwBCAyAkAVAPAWAOAC
2204154001001,BRBFBhBeBkBnBDBKBKA6AxAYAjATAjAEAFAGAEBEBYBkBUBjBTBbBGA8A5AlAnAlAbATAQAMAJAF
2204204001001,BbBWBYBfBcBcBYBIA9A7ApAsAnAXAUAPAGAEADBJBJBhBYBXBRBQBIA/A+AxAqAbAiATAOAKAGAC
2204303001001,BNBZBmBfBhBIBLBFBCA8AqAkAiAVAUAKAJAGAHBRBWBgBZBfBOBSBHBGA6AzAlAqAYAVAOAIAIAE
2204352001001,BUBhBpBmBbBTBJBEA8A6AoApAdAjAUAKAKAIABBMBTBgBaBVBLBKBBBGBBA0AjAqAbAZANAGADAE
2204402001001,BiBmB7B1BeBUA9A+AtAwAxAfAYAYAPANAIABAEBZBpCABvBYBSA+A4AwAvAqApAUAhASANAIAFAD
2204501001001,BNBdBjBhBiBZBPBBA4A1A3AYAYAcARAbACAFABBRBVBhBhBoBTBMA+A4A2A4AjAoAXARAaALACAE
2204550001001,BdB2CHCBBfBfBLAvAyAlAiAfALAaAPAJAEACABBUBuCOB6BjBUBGAyA1AlAlAeAOAaAQAMAEABAB
2204600001001,BLBNBoBaBOBNBNA8BGA2A0AlAqAiAVANAHACAEBDBeBqBjBbBSBQA9A4A2AsA2AgAbAlAXANADAC
2204659001001,BZBlB4BjBeBaBTBDA2AwAgApAZAZAYANAKAFADBVBhBmBXBYBOBUA3A2AtAtAeAnAcAfAQAHABAE
2204709001001,BSBTBpBhBRBQBLA/BCA2AvAkAgAaAZAOAQAFABBMBSBiBgBRBSBRBIA+A4AuAxAiAkAUASAOALAB
2204808001001,BIBeBkBaBbBVBLA8BFA1AxAdAiAeAZAPANACABBPBWBjBWBbBTBMBCBFA8AtAvAiAcAfASAKAEAC
2204907001001,BPBbByBxBjBSBCA3A8A2AsAfAnAXAbAHAOADAEBXBaB3BrBYBKBDA5BAAyAtAfAgAlARAQAEAJAF
2205003001001,A7BRBgBWBPBLBQBEBGBAAyAvAlAmAYAYAPAEADA8BJBaBQBSBLBHBIBIBAA5A3AsAmAlANAIAHAC
2205102001001,BHBXBgBdBdBYBQBBA9A8AuAqAiAhAbAQAKADADBQBPBcBXBUBRBJA8BBA5AvAwApAcAlAOAGAGAD
2205151001001,BKBVBgByBjBMBKBEBHA6A1AwAWAfAXAHAGAJACBJBYBfBjBfBWBLBCA+A6A0AlAmAQAUAHAIAFAE
2205201001001,BRBhBqBhBaBOBLA7A6AvAnAmAgAbAXALAKAGADBYBfBoBbBcBVBOBDBAA0AwAjAjAdAbAMAKAFAF
2205250001001,BXBbBrBnBbBJA+A9BABFAoAtAgAbAcAMAPAFAABSBKBoBdBTBNBIBABBA4AyAtAjAgAaAMAOACAB
2205276001001,BLBMBkBcBRBRBRBLBCA5ArA3A6ApAbAHAKAGAJBIBPBSBUBPBHBPBAA0A3AwA1AtAZAWAVAPAMAB
2205300001001,BGBYB2BuBmBEBDBEA6A6A1AdAkAaATARAMAGAHBMBXBnBbBQBGBJA9BCA6AnAtAiAjAbATAKAFAJ
2205359001001,BQBMBfBlByBiBhBKBIA7A4AgAmAeAQAMAFAGAABNBfBWBhBSBNBBBBA7A1AnAjAbAaAbAOAKAHAA
2205409001001,BXBsByB5BmBWBMA+A5AwAoAkAhAXAOAPAJADABBUBpBoBvBZBRBEA2A1AvAtAeAoANARANADAFAC
2205458001001,BnBoBpB/ByBfBPA+AwArAfApAbAbAYAKAFAAAABlBeBZBrBmBYBCAyA6AmAiAnAWAZAXAMACADAD
2205508003001,BRBYBlBqBnBeBMA9A1AzAoAuAgAcAVAPALAEACBUBSBhBiBoBXBMA9A3AuAkAwAeAeAQAPAKAIAD
2205508003002,BWBbBiBeBjBfBRBBA1AxAqAdAYAbAWAKARAEACBRBWBgBfBpBgBTBBA4AzArAlAhAfAXALAJAHAH
2205516001001,BqBfBzBsBVBOBLA8BFAtAtAiAdAQAUARANADABBJBcB2BkBWBJBFA+A7AqAxAlAnAaAeAPAHAEAE
2205524001001,BeBlB/BwBjBNBDA/A6A2AqAlAeAbAXATAHAEADBaBdBmBpBPBQA/A2AtA3AiAqAhAcAVASAJAFAB
2205532001001,BVBoBnBoBiBVBWBDBEA3AuAhAiAXAWAOAFAGADBPBdBYBqBdBQBKA8A2AuAlAaAmAlAWAIAMAFAA
2205540001001,BVBqB7BaBPBFBEA3A7AzAwAqAqAqAMAQALAKAABDBOBaBjBdBOBRBAA2A4A/AoAoAcARAMARAKAD
2205557001001,BdBuB7BuBkBRBKA5A4AtAtAbAaAkAWAOAEADAEBNBdBwBqBXBMBIA+AyAsAiAiAbAlAgALAFAHAE
2205565001001,BZBgBoB3BeBSBRA/BAAyAqAhAcAkAXAIAKACADBLBeBmBvBUBRBCBAA3AvAlAkAwAcAOALAQAEAB
2205573001001,BMBmB/B+BMBIBFA9A5AuAkAnAhAXAaALAIAIADBUBuB+BnBIBMBOA8A/AqAkAjAgAhAYAGANADAF
2205581001001,BXBWBoBjBiBjBNBHAwA5AkAyAeAeAXAMAIAGAJBTBUBkBcBpBOBPA8A0AxAfA6AeAXAbAOADACAA
2205599001001,BZBTBtBiBFBOBIBHBCA9AyAmAkAZAeAOASAHACBPBaBbBSBOBMBVA/A5A8A5AzAtAWAUAFAPAGAD
2205607001001,BWBjBrBUBMA+A7BDA4A+A+AmAlAmAcASADAGADBPBYBcBRBTBNBOA8A+A0A/ApArAfAaAZAPAFAH
2205706001001,BZBfBsBnBoBdBUBIA8AxAkAoAhAVAUAMAFADABBYBaBkBnBfBWBPBCA4AvAnAiAcAZAPAKAKADAB
2205805001001,BfBfBkBsBkBWBHA3A0ArAjAvAZAiAVAUAEAJADBWBYBfBoBnBTBEA4A4A1AqAyAdAeAaAOAGAFAD
2205854001001,BdByB5B+BuBZBGA1A4AsApAZAYAVASAPAIAFABBmBmBoBtBoBTBDA1AsAtAoAdAXAUARAMAFAGAC
2205904001001,BMBgBrByBeBdBPA1BCA5ArApAkAaAVASAKAHACA/BWB1BhBPBVBFA9AzA1AwAoAdAXAbASAJAGAD
2205953001001,BpBfBuBnBlBPBFA/A/AuArAZAWAZASAOAHABABBgBkBwBhBnBTBJBBBDA4AmAhAVAYAQANAIADAB
2206001001001,BeBYBnBPBhBNBKA+A7A+AlAvAeAgAYALAJAGAEBfBMBcBYBbBNBGA/A/AzArA6AsAZAcATAJAJAE
2206050001001,BMBfBnBbBaBbBUA8A6AxAmAuAmAhAcALALAFAFBKBgBmBNBVBWBNA9A3AyAvAmAuAbAUAVAQAFAC
2206100001001,BtBjBvB2BcBVBFA8A2ArAiAiAfAWATALAEAGAGBnBkBrBoBlBPBGA0AyAvAiAvAhAaASANAHACAB
2206209001001,BiByCCB1BjBNBAAzAvAsAnAjAbAWAVAMAJAGACBhBpB5BqBcBPA+AzAtAsAnAoAgAYAWAKAIAHAD
2206308001001,BpBwB2BpBjBQBLA7A0AtA2AgAfAWAXAQAPAGAABNBTBtBRBVBZBJBIAmA4AuApAcAXAZAIAIACAI
2206357001001,BJBjB+B8BZBBA6A4A/A6A1ApAhAbAYAMALADACBIBmB9BxBJBJBKA4A6A7AuAnAaAVAXAJALADAC
2206407001001,BGBSBjBaBpBWBQA5A1AxAqAsAoAeAYAUAKAIABBLBVBjBiBeBXBHA+A5A0ArAvAqAcAcAYAPAEAB
2206506001001,BSBWBdBeBkBPBNA9A8A8A2AoAhAcAXASAOACACBIBVBVBTBeBSBLA9BCBEA7AlAlAjAZAMALAFAB
2206605001001,BoBmB5B/BhBUBDA2AzA3AsAfAVAZAMAMAKAEACBgBmB7BuBZBNBCA1ArAyArAhAbAWAQAKAMAFAB
2206654001001,BnBvB1ByBSBHBKA7A8A8AnAeAeARAOARAKADACBbByCAB3BLBHBGA4A4ArAxAUAfAOAUAMAMACAE
2206670001001,BXBtB5BxBuBZA/A1A1AvAwAkAcAcAOAJAHAFACBSBnBxBqBhBUBCA3A1AmAqAlAeAcAXAMAFADAB
2206696001001,BsB1BuBtBoBXBQA+AyAwAmAjAkAVANAKALAFABBmBmB5BbBeBVBAAuAuAtAjAnAWAeAMANACAEAD
2206704001001,BTBXBuBpBWBFBIA5A6AyAyAmAsAbATAXALAHAHBCBTBsBoBNBHBDA/A3AyAvA6AqAbAZAWAUAJAC
2206720001001,BbBiBwBcBpBaBJA1AwA3ApAoAjAZAXAQAIAFACBcBaBlBaBfBQBKAwA0A0AwAuAkAYAcAMAMAEAD
2206753001001,BDBXBZBeBeBWBIBJA7A2AtAuAtArAkANAMAIADBJBGBTBNBVBUBRBAA5AzAwAxApAmAZAZAJALAF
2206803001001,BnBrBrBpBpBWBIAxA1AsAlAjAYAcANAKAJAAAGBgBqByBsBkBTBEA5AxAwAlAmAYAYAaAOALACAC
2206902001001,BEBcBiBmBUBWBGA6A7A3AvAlAlAfAcAVAOAFADA5BTBiBWBLBUBJA/A4A4A/AzAqAhArAXAMAEAC
2206951001001,BDBeBqBtBKBLBLA7BBA3AzArA5AhAWAWAKAFAEBIBTBqBQBNBTBRBAA0AzAyA+AyAPAXANAIACAC
2207009003001,BcBeBwBpBRBKBJA9A7AxA0AoArAcAZAHAHAEAGBOBiBtBdBOBMBBA+A6A4A1AuAoAbAUALANADAC
2207009003002,BLBTBhBeBXBSBOBAA4AsAsAUAZAWAUAMAIAFACBNBVBiBnBsBgBbBPBCA4AqApAiAdAoAMAOAHAD
2207108001001,BgBoBrBIBLBMBbBBA4AzAiA0AcAnAPALAKAJAFBhBpB0BIBRBeBLA7A4AvArApArATAeAOAEACAE
2207207001001,BHBOBoBcBRBGBIBABOA2AxAnAiAZAcASAHAGABBHBOBoBlBOBMBQBLBNBBAuAoAoAeAcATAMAFAF
2207306001001,BQBsB2BwBVBPBGA4A0AwAxAmAiAaAUAOAKAEAGBBBiBuBgBdBKA+BBA4A9AxApAmAgAaAMAJAHAB
2207355001001,BLBjBqBfA4A/BIBDBPA/BEApApAzAWAOAHALAGBDBWBYBIBPBJBHBAA9A5AyA3AiAhAjASAKAEAG
2207405001001,BcBfCBBrBaBXBMA9A8A6A4AZAZAXAaAIAKADAABjBdBuBnBPBLBFA5A5AxAgArAcAhAQATAHAAAC
2207504001001,BZBlBkBiBfBPBAA5AwAyAsAkAmAZAeAOAHADAFBiBlBxBiBWBKBHA2A3A0AuAoAeAeAdATADAGAH
2207553001001,BDBSBsBaBYBOBPBQBEBEAwArAlAhAVAaANAGACBDBRBzBPBKBIBNBIA/A2A5ApAqAcAVAIAJAHAA
2207603001001,BsByCEB6BtBPBKA7A1AzArAqAdAOAIAMAGAHABBbBrB0BrBUBNA7AtAzApAoAeAYASAQANAKADAE
2207702003001,A0A9BMBNBYBRBGBFA+A2AsAnAkAXAYAVAQAHACAwA6BOBZBlBUBSBVBLBOA7AzA9AlApAgAYAJAH
2207702003002,BcBdBmBhBiBXBSBJA8AyAkAhAaARAMAJAFADACBXBYBkBkBnBfBaBJBCA3ApAhAbATAQALALAEAC
2207702003003,BKBLBZBaBdBYBGBDA9A0ArAeAZAfARAOAMAEACBABJBYBfBhBYBQBOBEA8A7ArAsAeAoAUAZAKAD
2207702003004,A/BJBYBaBgBVBOBCA8A3ApAnAnASAVARAFABADBABHBZBeBsBkBbBOBKBAAtA0AmAfASAWAPAGAC
2207702003005,BTBfBoBhBoBZBNBEA7AzAnAhAcAPATAIAKACABBSBbBjBkBpBfBQBEBAA1AvAjAhAVASAKALAEAB
2207751001001,BbBlBmBnBvBfBFA3AzAzAiAtAfAeAQAQAMAEADBTBaBnBqBhBQBGA6A2AuAqAuAdAUAXAUAOACAA
2207777001001,BIBZBmBTBXBMBIBBBDA4A3AtAmAkAbAOAPAJAFBLBVBbBbBSBHBMA7BAA7AmA0AiAkAXATAQAGAJ
2207793001001,BZBmB3BlBSBJBQA4A1AuA3AtAnAhAaALALAAAHBYBgBtBWBJBOBJA0AtAyA/AjAlAhAQANAHALAD
2207801001001,BWBhBmBfBYBNBHBDA5AyAlAlAiAaASAKAIAEADBPBoBpBiBiBaBTBFA/AxAxAeAgAcAYAPAIAKAB
2207850001001,BEBRB+BtBqBaBKA2BFA8ApA8AcAhAdAUAGAIACA6BUBtBdBABLBIA2BAA1AtApAjAYAcAIAVAGAD
2207900003001,BQBcBoBtBSBEBFAzA3A0AoAuAcAWAUALAMAJAGBGBVBqBqBbBOBMBBA9A+A/AjArAfAcARALANAD
2207900003002,BWBtCCByBIBEA/A6AxAxAtApAhAdAZANALAGADBUBlBzBkBRBIBDA3A5A0AvAuAiAdAYAPAMADAB
2207934001001,B8BZBlBgBjBNBVBHA9AyA2AiAjAXATAJAHADACBZBiBpBRBbBNBSA5A9AvAsArAWATAXAFAFAGAE
2207959001001,BTB7BoBtBTBQBTBABAA5A0AjAfAVATAHALABABBcB4BgBfBOBNBLA6A1A7AeAqAlAOAYALAJADAA
2208007003001,BDBIBTBbBdBWBOBCBAA4BCAPAXAUAWAJAEAAACA7BGBZBgBsBkBfBVBUBLAzAsAlAlATAPAGAJAE
2208007003002,BQBSBeBfBgBYBUBMBCA2ApAgAZAVATAIAGAFABBSBUBaBgBhBcBXBRBGA9AwAiAjAcAUAJAGAGAC
2208007003003,BDBMBbBdBhBaBRBGBCA6AtAiAeAVATAKAGABABBHBIBXBdBpBiBcBRBPBCA2ApAcAdAXAOAIABAB
2208106001001,BOBhB2BiBUBLBRBDBCAwAuAlArAYAaAOAJAGAEBUBXBoBeBSBOBIBBA8AwA9AfAoAXASARAHAFAD
2208205001001,BUBfBtBsBeBMBMA9BHA1AqAhAbAYAPAQAJAFABBOBWBnBnBcBMBQBHBFA2AuAgAfAdAVASAKADAB
2208304001001,BHBVBtBwBcBUBIBBA9AxAoAkAlAYAYAKAJAIACBKBTBvBnBgBPBKBFA9A3AzAmAiAbAUASAKAGAB
2208403003001,BMBhBxBsBaBQBMBAAyAuArAqAkAfAXAJAMAEACBOBYBqBlBWBTBNA+A4A1AwAqAiAbAXAKAMAFAE
2208403003002,A8BGBYBUBVBNBKA9A9BAAyAmAkAWAXATAQACABA8BFBTBgBhBXBXBLBNBIA7AwArAgAiAWANAHAJ
2208403003003,BPBYBwBqBfBQBHA9A2AxAsAmAiAXAVARANAEACBOBUBoBiBfBRBMA/A7AzAvAuAgAiAXARANAEAC
2208502001001,BwBzB/B6BvBIBBA3AqArAgAhAYAVAMALAFACAFBkBpCFBxBdBNA7A1AxArAhAnAbAVARAMAIAFAD
2208551001001,BgBhBiBtBvBTBDBEA8A7AuAkAiAXAcAIAJABACBXBlBxBLBpBGBJA/AxA3A2AUAmARAXAKADAGAF
2208601001001,BSBdBsB8BDBHAzA4A1AzA5AwAcAXAlAXAXAGADBFBYBhBfBWBMA4A0AxA2BEAiAvApAhAjAGAFAC
2208650001001,BFBYBqBwBlBLBQBABBA3AmApAlAbAYAHAHADABBMBaBqBfBfBLBHA9BCA5AoApAgAbAWAKAIATAH
2208700001001,BmB0B3BvBfBUBOA0ApAwAoAjAfAWAMAPAEABAABjBrB2BwBgBVA9AvAqAtAkAyAeAYANANAIAEAD
2208809001001,BZBbBlBmBbBSBIA0A1A0ArAlAgAVAdASAHAFACBSBVBfBnBfBSBLA6A8A1A0AwAjAhAZAVAIAHAD
2208858001001,BwBrB1BpBkBcBLBLAyAxA3AbAaASAQAFAOAFAABhBoBxBpBSBSA9A0AxAyAnAoAZAVANAJAHADAB
2208874001001,BOBjBwBwBQBOBJA+A4A7AqAxAnAZAPAHAOADAABeBWB2BlBTBMBHBKA1A0AwAkAeAaASAQALAEAC
2208908001001,BkBrBwBzBwBbBIA+A4AsArAeAYAXAPANAHABABBrBqBzBnBWBYA7A1AxAzAoAhAUAWAQAPAIADAD
2209005001001,BLBTBhBcBaBQBKA+A/A3ArAsAiAcAeANAOAHAGBVBWBkBaBWBMBDA9A7A9ApAzAlAmATAaALAIAE
2209104001001,BHBcBWBOBgBVBKBEBAA9AzAsAlAWAWARAMAIAABQBUBeBKBUBXBMBBBBA3A2A0AsAiAcASAIAGAF
2209153001001,BQBkBkBdBeBGBIBGA5AvAoAoAcAqAbALAJAHAFBRBUBrBdBVBRBPBIA9AwAvA0AeAeAaASAEAJAA
2209203001001,BnB0CDB4BlBeBHA7AyA0AmAjAdATATADAIAEADBjBsCABtBOBIA3AzAvAqAjAlAUAXAVAIAGAEAD
2209302001001,BjBsBjBdBdBjBkBEAuAyAsAjAeAWATAVAGAHABBbBpBjBQBeBXBHA3ApAvAtAmAkAZAYAGAMACAD
2209351001001,BHBPBWBOBcBUBYBABBA6A0AlAnAfAbAMAGAFACBLBWBiBdBSBRBLBEBNA1AyAuAnAmAeAPALAGAB
2209377001001,BOBnBxBlBXBFBGBCA6A1AxApAbAnAdAHAKADABBOBZBlBWBRBQBKBCA/A2A5ApAnAiAeANAGADAE
2209401001001,BGBcBnBVBbBGBIA6BBBEA4AkAoAhAZAJAMAGABBGBVBfBfBSBLBEBIBGA/A2AuAtAmAUAVAIADAC
2209450001001,BlBsBtBiBZBNBPA2A7AtAiAoAWATAaAQANADACBnBpBrBUBSBsBSA6AqAtAoA1AcAhARAIAKACAC
2209500001001,BGBgBeBaBWBMBXBLA8A/A+AhArAfAJAMAMAJAIA9BXBWBXBKBFBTBHBAA7A9A4AaAgAVASAMAQAE
2209559001001,BGBVBpB5BZBOBBBIBJBCAyAhAnAYAnARAJACACBHBMBkBiBWBGBLBAA8A1AkApAfAaAnAKAQAIAD
2209609001001,BIBOBQBQBLA+BRAsA9A+A8A0AlAxAiAfAPACAFBGBGBVBRBcBPBDA3A7A/A8BAAnAzAoAPAVAKAC
2209658001001,BjBiB4BbBbBaBQA5A/A/AzAeAfAPAQAJAGAFACBVBnBtBiBYBRBCA/A6A1ApAjAiAYAMAOAIAGAE
2209708001001,BDBmB5BlBRBSBEA5BBAzAsAyAjAWAaAPALAJAHBBBqBtBXBMBBBEA1A2A6A3AvAnAmAbAMAOALAD
2209757001001,BcBuB4B+BbBRBRA/A0AvAxAoAUAWARARAIABAABbB1B1BbBMBMA+A3AyApAlA3AkAbAQAEACADAG
2209807001001,BdBgBrBcBcBNBLA9A4A0AlAwAZAbAWANAOACAABUBVByBnBXBLBTBCA6A1AkA2AgAcAaAPABAHAD
2209856001001,BLBhBsBeBCBAA9A6A8BAAxAsAoAqAbAPAOADADBCBVBqBdBGBSBHBCA2BDBBApAkAkAnASAIAJAD
2209872001001,BQBnCQBsBPBJBHA4A+AuAqAaAgAcASAQAJABAGBSBxB+BvBHBLBKA+A5AsAuAeAdAlASAJAIACAG
2209906001001,BHBYBiBpBNA7A8A1AzA4A2A1AsAnAgARAQACABBGBXBnBfBJBCBKBBA8A3A2BBAoAoAZAYARAFAC
2209955001001,BeBcBoBtBNBTBUA6AyAwAqAiAhAfATAPAFACACBdBbBnBmBUBTBTBAA9AuAjAwAeAXAkAQAOAEAC
2209971001001,BkB3BsBsBcBUBAA6AvAvApAiAgAeASAOAGADADBmBmBkBnBiBZBEAyAvArAqAuAdAaAQAQAIADAC
2210003001001,BVBhBlBeBiBWBPA6A9AvApAmAgATAMANAHAHAFBVBkBeBlBiBaBQBAA7A4AnApAgAYATANANAGAF
2210052001001,BEBdBkB5BrBdBPBDA7A1AyAjAmAXATANAGACADBMBWBeBnBlBZBJA/A3A4AtAlAaAUAbAJAEAFAB
2210102001001,BSB1B3BnA6BKBFBBA5A6AwAxAkAZAVAIAUAGABBVBcBuBYBIBHBCA2AzBFAzArAiAbAZAQAHALAI
2210201001001,BLBWBpBhBTBPBJA9A/A8AvAmAfAnAcASAFAHABBHBaBdBaBQBLBJA+BKA/AxAoAgArAeAOAQAHAB
2210300001001,BIBQBrBfBSBOBEBHA+A+AlAvAsAjAWAJAOAHAEBFBMBjBbBUBPBLBEBFA6AvA4ArAdAYAQALAGAC
2210359001001,BLBaBeBgBbBNBHBABEBDA9AnA3AXAWAPALAGAABABEBUBXBLBdBEBFBEA2AzAuAlAeAkAaAJAKAE
2210375001001,BKBiBiBgBGBEA/BEBGA8A7AbAeAdAwANAPAAAABBBiBtBXBNBHBNBNBGA1AqAsAvAiAUAgAKABAA
2210383001001,BABuBeBoBLBDBBAwA9A9AtAsAvAfAhATARAJACBEBSBKBTBeBYBRAsA8BAA6A2AsAkAfAUARAEAE
2210391001001,BaBsCDBnBRBRBHBMA2AyAiAuAnAjAHARAGAKAABjBsBzBLBLBIBRA5A5AjAsAiAmAbAPAMAHAKAA
2210409001001,BNBoBuBsBaBMBJA6A7A1ArAqAoAXAbARAIAFAEBKBeBhBaBXBNBLA9A7A3AuAuAhAdAWAQAOAGAD
2210508001001,BZBlB5BkBbBRBJA7AzAwAxAeAjASAYARAIAEAEBTBfBlBiBPBSBOA9A4AyArAyAfAhAXAPAOADAF
2210607003001,BeBbBjBnBZBSBOBFBCA4AtAmAZAkAYAKAMACAFBaBTBoBXBcBMBPA/A7AyA6AYAiAaAUARAGAFAD
2210607003002,BZBUBjBaBcBiBTBEA/A0ApAZARAQAOAJAJAEACBUBVBdBoBvBrBiBMBDA2AqAgAeAVALAPAFAFAE
2210623001001,ByBqCABiBaBdBMA+A+A6AuAoAjARALAQAFABACBmBdBsBhBOBIA/A4AzA0ApAXAgAYAQAPAHAEAF
2210631001001,BjBbBjBcBdBrBOBIA+A2ApAqAhAgAMAKARAHADBUBeBcBUBUBWBPA4A6AzAfAuAiAYAWAMAKAFAE
2210656001001,BWBeBrBjBRBNBPBFA+A3AtA0AhAhAVAPAPAGAFBFBSBdBfBYBIBJA/A7A0AvA2AnAgASAJAIAJAE
2210706001001,BnBuB3BkBWBNBNBAA4AvAgAiAcAWAUAJAIACADBeBkBvBpBZBLBNBAA7AwAjAhAhAWAVAOALAEAE
2210805001001,BNBYBrBcBgBPBHBIA+A8A4AhAiAbARAQAJAIADBGBPBiBjBZBPBKA/BCA3A1ApAdAeAbAKAMANAD
2210904001001,BTBgB7B4BUBLBFA3A6AwA6ApAqAXAWAGAHAEADBXBZBqBWBQBLBJA+AzA0A/ArAhAdASARAKAGAD
2210938001001,BGBPBdBaBSBIBPBJBMA1AuAuAmAlAYAOAMAJABA/BPBWBVBPBbBZBJBJA/AxAmAmArAXANAIALAB
2210953001001,BRBvBxB5BUBOBJBEBMA2AyAeAdAZANANAGAPAGBJBTBzBsBFBEBQA/A1A9AiAjAcAdAPAOANAJAD
2210979001001,BHBiBnBZBQBgBFA4A8A0AoAjAnAjAZAQADADADBjBTBpBiBPBUBSBCA8A1A/AoAiASAcAKATADAC
2211001003001,A6A7BKBWBqBjBMA9A2A4AvApAdAaASAIAHAEAAAwA9BBBeB3BwBhBPBNBJA9A7AmAkAbAWAFAJAF
2211001003002,BOBQBaBbBhBdBaBOBCA6AsAYAQAUADAFAAACABBNBMBbBfByBwByBhBSBGA2AbANARAUACADAAAA
2211001003003,BXBkBoBdBcBaBbBMA+AwAmAXATANAKAHADAAAABQBdBnBdBsBrBqBYBGA5ApAfAUALAOALAHADAA
2211001003004,BlBnBrBcBfBiBfBKA3AqAfAXARAOAKAFADAEAABsBiBrBcBmBuBpBUBCAtAhAeAMASAFAHAEADAC
2211001003005,A/A9BKBOBjBWBQBBA+A3AnArAhAVARAHAKABACA3A+BHBVBsBrBjBSBWBLBBAwA2AXARAjAaAGAC
2211001003006,BRBXBiBcBmBhBYBHA8AzApAhAXARAOAHAGACABBPBVBhBfBrBoBfBOBGA7AtAmAaATAOAJAGAEAB
2211001003007,BSBTBjBcBgBgBXBOA4A1AmAeAWAPALAEAEADABBaBNBXBeBzBsBeBRBLA/AuApAaAVAMAIAGAEAC
2211001003008,BbBWBkBhBmBmBdBHA+AtAlAaAPANAFAFAHACABBZBYBhBfBxBxBnBWBGA2AqAfAOAXAGANABACAA
2211001003009,A7A6BDBVBuBeBKA4A6AzAuAtAlARAQAIACAKACA5A4BHBeB9BwBaBNBRBJA/A9ArAgAYAVAQAGAD
2211001003010,A9A8BHBaBqBUBHA/A7A6A0AgAeASANAJAMAAABA0A6BJBiB9BoBbBVBWBRBJAsAZAnAgAVALAMAD
2211001003011,BABCBMBTBqBhBOA/A4A1AtArAYAUAQAHAFAEABA/A/BNBdB7BxBeBTBOBHBFAwAoAYAUAQALAEAB
2211001003012,AyAuA7BJBiBUBBA3A6A6A7AtAkAUAQAMANAIACApAuA/BXB0BiBWBQBTBUBMBDAzAnAqAgAhAIAK
2211001003013,BOBQBfBfBsBiBQBFA5AzAuAdASAUALAGAGAAABBPBNBeBhB0BrBbBOBHA+AwAwAbAWAPAKACAFAC
2211001003014,BIBSBYBcBwBkBTA+A3A2ArAjAeALAPAGAJAAAABFBNBZBcB3BrBdBIBGBFA2AuAdASAYAOAGABAD
2211001003015,BIBFBVBaBuBmBRA/A5A4AzApAaAMAMAEADABACA+BFBRBeByBuBiBMBKBIBMApAhAWALANAKADAE
2211001003016,A9BEBQBXBrBgBQA9A6A1AuAoAkAQAOAJAHACABA+A+BMBfB8B0BgBSBLBHA2A6AkAXAQALAMAEAC
2211100003001,BtBtBwBtBnBZBMA4A0AoAoAbAgAVAZANAFAAAABbBjBxBpBbBXBHA1AvAtArAnAaAcAVAPABAGAB
2211100003002,BTBcBwBjBhBYBGA8A5AuAnAnAiAUAVASAKAHADBTBYBiBkBeBRBKA5A2AyAsAvAuAbAUAQAQAGAC
2211209001001,BYBeBiBkBjBeBMA9A9AxAoAjAaAXAPAMAGAFADBbBhBrBnBkBYBKA/A3A1AsAkAgAVAUALAMAFAD
2211308001001,A9BRBaBWBLBLBGBABAA5ArAlAiAZAcAYAQAJAHBGBPBWBYBbBXBSBLBIBBBGAiAvAjAZAbAKALAE
2211357001001,BTBpB1BzBbBKBKBCA/A2AnApAYAQAWAMAPACAEBSBoB1BpBWBTA/A+AyA2AmAnAcAUAWANAJADAD
2211407001001,BPBUBgBPBWBJA/A2A6A7AxAuAdAeAXAQAHAMACA8BeBeBbBbBOBLBLA1A7BAA1AwAYAbAiAPAPAF
2211506001001,BTBhBiBaBOBMBGA+A+BGA4AeAbAkATARALAPACA+BPBtBYBUBIBCBABKBAA0A3AVAvAfAXADAHAA
2211605001001,BJBGBoBVBYBJBVBTBLBEAzAzAmApAXAGAGAAAEA7BABdBQBQBaBTBJBNA/A1A2AoAaAIASAGAHAC
2211704001001,BPBkBjBiBXBRBNBEA9A9ApAuAhAiAaAJAHABAFBPBuBeBPBXBHBOBGA+A3AuAwAkAWAaAPAFACAC
2300101001001,BUBaBuBrBcBSBOA+A0ArAlAiAiAcAZAPAKAHABBbBZBqBcBfBRBMBBA2ApAsAmArAfAWAMAKAMAF
2300150001001,BXBUBtByBmBOBIA+A9A0AsAcAZAWANARAKAFACBbBWBrBvBYBRBKBFBGA1AtAiAeATAUASAMADAE
2300200003001,BWBgB4BtBhBZBNBDA4AuAkAkAfAUARALAIAGAABUBXBwBrBeBZBMBCA3AuAkAiAeAbAUAPAKAEAA
2300200003002,BSBeBxB2BtBcBOA+A3AxAhAhAdAWANAOAJAIADBRBaBuBqBkBWBKA+A3AyAoAbAcAZASATAKADAC
2300309003001,BUBQBeBTBXBKBJBAA6AyAoAiAbAnAgAQAHAIADBHBLBgBbBeBXBUBJA9A3A1AuArAkAdAXATAGAD
2300309003002,BJBSBrBiBXBOBLBBBBA6AyAyAoApAaAUAOAHABBKBOBZBYBPBIBEA6A9A6AvAwAoAeAlASAJAEAD
2300408001001,BXBcB0BtBXBLBGA+A5AzAmAlAdAgAZANANAIADBRBaByBnBcBGBHA+A7AxA0AiAiAjAUAPALADAC
2300507001001,BFBfB4BzBdBOBFA6A4AxAjAjAdATAYAOAOAIAGBTBNBqBtBlBRBHA4BBA1AmApAcAgAWAWAMAKAF
2300606001001,BIBeB7BjBKBEBFA8A8AsAgAfAjAiAhAMAOAIAGBFBXBpBlBNBOBKBBA+AyAlAxA0AtAjAVAMAHAF
2300705001001,BDBZBlBeBiBYBEA+A8A/A2AnAhAbAVARAJAMACBEBZBXBlBeBXBEA9BABAA1AlApAVAeAJAMAFAD
2300754003001,BoBpCLCJBoBPBEA9A0AtAfAlAbAWARAOAHAGADBcBnB/B5BVBFA1AwAwAlAgAfAbAUASAQAMACAB
2300754003002,BiBiBxB1BhBWBFA9A4AxAhAfAhAWAZAQAIAHACBbBjBvBrBcBPBHA5A0AsAbAjAfAZAUARAOAEAD
2300804001001,BXBWB/BeBOA4BBA5AwAsAiAlAvAdAgAOALAHAFBOBQBuBnBTBNBIA+A+AzAvA4AwAqAkAOAIAHAH
2300903001001,BGBXB0BrBcBLBIA+A/A7AwAdAnAeAWASAPAIADBIBUBoBrBWBIBJA8A/AxApApAeAaAZAYALAKAE
2301000003001,BKBPBoBwBxB1BnBTBKA3AgAmAXAYAXAKAIABAABMBMBkBhBdBUBKBBA6AsAiAfAZAaANAPAGAFAC
2301000003002,BPBXBnBrBnBfBRBJBCA2AoAeAXAbARAPAFAIADBOBUBpBsBjBbBLBCBBA1AlAfAeAQARAMALADAB
2301000003003,BOBQBgBeBkBhBWBMBFA4AwAeAdAZASAJAGACACBNBPBiBeBfBeBYBKBEA4AtAiAhATAXAJAIAHAD
2301109003001,BPBRBnBmBkBbBXBLBDA2AnAiAiAaAOATABADAABQBQBmBgBaBbBTBEA9A3AqAiAhAZAcAFALAEAB
2301109003002,BQBUBhBkBiBeBTBHA/A4AoAeAdATARAIADAFABBNBKBdBkBkBhBVBKBEA8AzAiAkAdAQAHAMAHAG
2301109003003,BJBNBgBkBfBXBPBLBDA5ApAkAgAZARAPAGAGACBABEBbBjBeBbBOBJBEA+AxAmAsAeAaAUAOAFAC
2301208001001,BGBSBwBtBgBWBKA/A+A0AhAtAhAVAbAUAKAHAGBKBTBqBlBZBPBEA8A8A4AwAkAfAiAeARAMAEAF
2301257001001,BJBXBhBrBPBIBDA7A7A+ArAsAqAdAbATAKALADBNBgBoBYBUBCBDBAA5AyAwA3AeAjAmAaASAEAF
2301307001001,BdBnB+BvBdBJBCA5A3AtApAaAeAeAUAPAIABACBaBeB3BuBcBKBIA/A2AvAfArAdAeAaANAKAEAF
2301406001001,BGBbB4B+BYBSBHA8A5A1AeAvAfAYAUARAPAFADBPBYB5B0BaBSBAA5AyA2AiArAdAXAbAMAPAEAD
2301505001001,BJBOBtBxBYBJBLBAA/AwAjAvAmAlAdAKAPAIAEBKBcBqBgBXBDBHBGA3AyAtAxApAeAbARALAGAB
2301604001001,BMBdByBwBTBDBBA5A3AzAsAjAoAdAcASAIAHAFBIBbByBrBQA9BHA+A/AzA2AlAnAkAdAVAKAHAJ
2301703001001,BGBUBlBnBWBOBIA+A+A2AzAkAdAkAiATAIAFAEA9BRBoBjBXBNBKA+BBA2AwAqAmAiAcARARAIAJ
2301802001001,BNBXBaBgBeBQBVBDA9A7AtAkAkAcAcASAPAJADA9BRBSBmBVBMBEBDA/A9AtAvApAjAeAQATAIAB
2301851001001,BZBlB4BzBWBLA/A7A5A6AoAkAgAWARASAMAGAEBaBcB4B0BWBHA7A8A8A2AlApAfAXAZALAIADAE
2301901003001,BWBfBsBpBnBdBKA+A5AuAjAgAZAaAPARAKADADBWBYBmBkBlBaBPA/A7AwAlAmAdAZAeANAJAEAD
2301901003002,BRBXBgBYBoBaBNBBA3AxAgAjAZAUAUAHAMAFABBNBPBZBYBqBkBZBOBBA5ApAxAdAnAXARAMAKAD
2301950001001,BRBXBxBsBbBXBKBCA9AzAhAnAdAbATAJAIAHAFBNBPBxBsBbBUBNBFBBA0AsAlAlAUAQAMANAGAD
2302008001001,BIBOBjBjBcBPBOBAA7A1ArAjAnAdAbAZAGAHAEBEBNBfBjBZBKBLBEA9A4ApAyAhAoAoAWAPAIAA
2302057001001,BJBlB/B2BfBMBMBBA1AtAnAiAjAcAWAOAFAGACBPBeB6BlBZBRBKA+A2ApAnAqAkAaAXANAIAFAD
2302107003001,BbBjB0BxBaBRBGBBA7AyAlAlAZAYAUAOAMAHADBTBXBwBmBVBOBJBBA5A1ApAgAgAdAbAOAIAHAB
2302107003002,BTBRBsBjBUBSBKBBA9A0AlAgAVAaATATAKAGABBMBUBmBmBeBXBSBJBIAzA0AgAdAfAeARAOADAG
2302206003001,BMBdBoBkBVBZBdBMBBA1ArAgAcAVATAJAMACAABIBZBlBjBXBcBXBJBGA1AnAgAYAZAWASALADAC
2302206003002,BIBQBqBsBXBVBUBEA7A0AwAmAqAaAWAQAGALADA+BQBfBjBRBSBMBCA7A1AtAuAsAgASAZAMAIAF
2302305003001,BSBfB1BzBgBSBKBBA7A0AjAkAgAbAWAKAHAGAGBPBVBxBrBfBRBHA7A3A0ApAkAjAcAOATAKACAE
2302404003001,BSBcBuBqBXBHBAA8A5A0AmArAnAXAfAPALAGAEBPBYBtBoBVBEBBBBA6A4ArAwAsAbAYATANAHAH
2302404003002,BLBiB7ByBVBFA8A8A6A0AsAmAnAhAaARAOAIACBKBcBvBiBRBEA+A6A7A3AuAsAgAgAeAOAPAMAD
2302503003001,BLBNBdBlBoBRBIBDA6AyAmAhAfAPAVAKAFAFAGBLBHBaBpBwBeBYBHBDBCAvAqAjAiAUAUALAEAF
2302503003002,BJBYBsBnBtBTBOBCA2AzAkAhAdAXASALAKALACBOBVBjBiBvBWBRBCA6AwAvAiAiAYAUAQAKAJAG
2302602003001,BJBRBlBhBiBUBOBEA/AzAqAdAeAVAOAIAHADACBFBQBiBmBiBgBZBOBHA7AuAmAhAbAWANASAIAD
2302602003002,BYBkCCB3BlBSBOBCA6AtAcAhAdAZAPAJAGAGACBVBhB7BuBhBPBJBBA4AvAfAjATAZARAIAEAFAE
2302701001001,BaBcBsBjBZBFBAA4A1AwAjAmAbAgAUANAPAGAEBNBZBsBlBeBNBJA8BCA2ApA1AcArAbAVAQAKAE
2302800003001,BbBlCCB8BhBIA/A0A2A3AmAvAYApATASAGADAFBaBhB5BtBWBEA4AyA1A2AnAhAWAZAZALANAGAD
2302800003002,BQBeB3B0BaBJA9A9A6AzAhAnAgAZAfAPAIAIACBQBbBtBvBeBMBEA+A7AzAsAnAkAbAbANAKADAE
2302800003003,BTBXBjBhBgBPBIA7A4AxAkAlAdAWAVAMAPAJADBKBSBqBoBmBUBKBBBBA9AuAqAnAcAfAJAOAKAG
2302909001001,BPBbByB0BcBXBDA+A2A0AnAnAaAYAeARAJAIAEBTBPBnBsBcBWBIA4A2A4ApAnAaAbAYARALAJAE
2303006001001,BOBbBzBqBkBTBOA9A8AxAoAkAjAbAYALAHAHADBRBZB0BmBeBOBIA/A9AyAlApAcAZARAOAMAFAD
2303105001001,BHBVB4BwBYBIA+A4A7A8AuAjAiAcAeAOALANABBEBUBzByBKBDBBA8A8A3AtAoApAjAcAVAQAJAF
2303204001001,BaBfB7BpBMBIA/A7A0ApAnAmAnAcAQAOALAHACBQBdB+BnBXBLBIBBA5AyAtArAkAcAaAXAPABAG
2303303001001,BEBOBgBvBYBKBAA+A+A6AuAtAsAjAeATAMAJADBABNBnBiBPBFBEA8BBA7AqA2AuAcAjAVAOAGAH
2303402001001,BVBpB4ByBLBEBEA7A4AyApAoAZAcAZARAIAGAGBUBgB3BrBRBIBEA8A4A4AsAlAkAfATAVAJADAF
2303501003001,BQBXBrB1BZBVBJA/BCA4A0AhAjAWAYASALAEAJBGBUBoBpBXBLBGA8A+A0AsAbAbAhATAWANAKAF
2303501003002,BLBHBZBhBXBXBOBGBFA4ArAlAfAYAZAJAIAHAFA8BHBeBjBZBWBUBQBKA7AvAvAeAlAbARALALAF
2303501003003,BNBYBnBqBcBdBTBIBAA1AsAcAYAVARAOAIAFACBEBQBmBjBeBeBZBJBEA2AwAgAbAbAUAMAJAIAB
2303600001001,BKBEBVBXBlBgBVA/A8A+A7AoAlAUAcALAKADADBEBHBVBfB4BgBQBEA6A/A4AtAbAZAVAQAJABAE
2303659001001,BSBjBzBsBSBCA/A7A1BCAvApAnAgAWAOAKAFAGBUBcBlBZBTBFBFA5A7A6AyAlAjAbAWARATAKAK
2303709005010,BOBMBgBfBpBgBKA+A5A7AlAsAdALAIAGANADAEBIBRBcBiBrBeBTBEBKBKA5AoAiATARATAGAGAG
2303709005012,BYBnB6B1BgBUBGBKBCA4AcAcAKATAMAGAEABAFBQBeB6BvBfBTBTBRBLA3ApAVAQAWARADAFADAC
2303709005017,BMBVBkBjBmBeBWBMBDA0AnAgAdARAMAFAFAFACBOBRBkBlBnBcBWBLBGA8AoAsAgAQAOAHAHAGAF
2303709005019,BcBWBnBjBhBYBRBIBFA8AsAgAdAUAMAHAFACAABcBRBfBjBfBgBVBKBCA8A1AYAfAQAQANABADAB
2303709005030,BUBVBtBnB2BnBQBIA/A0AjAbAYARAOAGAGAHAABNBTBoBfBhBdBLBHBFA8AmAmAjAPAMATAHACAI
2303709005036,BfBgB4BnBhBTBSBGBAAzAnAVAZAOAHAFAEACACBRBaB0BqBjBaBVBNBIA2AnAdATAWATAJAGAFAD
2303709005041,BQBTBnBhBcBYBTBMBFA1AtAZAXAFARAHAFAFABBJBSBcBhBhBjBgBVBMA+A/AbAZAbARANAJADAB
2303709005043,BZBdBwBwBjBgBMBHA+AyAcAmAWAWAUAGACADACBZBWBuBsBgBZBQBKBAAyAkAnAZAUAKALADADAD
2303709005046,BjBdB7B1BoBWBJBDA+AyAoAcAgASALASAIAFABBUBaBzBtBfBNBGA9A0AyAZAoAYAZASAMAHAHAB
2303709005047,BLBSBmBqBnBVBJBJBMBBAvAcAUANAKAFACACAABCBPBnBmBqBaBTBUBUBMAwAlAWARASAJAFADAB
2303709005048,A0BGBRBmBrBcBBA8BHBRA7AeAYAHAKADAFACABA7BKBYBmBxBiBNBPBdBkBIAlAXASARAMAKAEAB
2303709005049,BhBbBlBvBpBZBQBHBBAvAoAOASAOAKAHAFADACBTBeBnBzBrBiBRBOBFAzAoAYAcAVASALAGACAA
2303709005053,BVBYBqBqBkBYBQBHBEA7AjAdATAOAOAFADABABBPBXBxBpBnBfBYBRBLBBAtAYATASAOAJADABAC
2303709005054,BPBWBnBpBlBdBSBJA8A0AkAgAVAVAPAIACAAABBMBbBlBqBsBfBYBLBGA3AoAnAaAVATAKAIABAB
2303808001001,BGBSBmBdBXBIBDBCA4A5AuAqAoAhAYAXALAMAFBJBSBfBeBTBFBIA/A7A6A0A0ApAkAfAaALAKAE
2303907001001,BQBYBuByBeBHBIA+A/A0AjAiAZAfAWAQAHAFACBIBWB4ByBaBRBOBDA8A2AkAiAbApAaAMANAEAD
2303931001001,BPBkCDB4BcBMA9A2AyA5AtAmAcAZAbARAMAKADBUBYB0B0BaBHA+A0A0AyAqAoAgAUAZAOANAFAD
2303956001001,BPBXBrB1BjBaBPBGA9A6AnAhAYASAUAMALAGADBLBLBoBtBhBYBIBHBCA3AoAhAfAZAUAKAIAFAC
2304004001001,BOBhB0B0BiBKBFBCA5AzAqAcAeAXAUARAJAGABBMBdB5BrBcBKBDA9A6AzAsApAoAXAYARAGAGAE
2304103003001,BMBJBfBZBYBOBNA+A9AzAwAhAkAVAUAOATAIACBHBLBSBeBYBPBTBMBIA/A3AvAtAfAfARAPAKAO
2304103003002,BOBVBgBhBbBRBOA+A7A5AkAoAgAZAYAOAKAFACBSBRBkBlBbBPBSBCBDA8A3AgAoAXAiAPAKAHAC
2304103003003,BMBPBWBbBOBSBDBABCA4AtAfAgAXAXAOALADAIBJBIBZBeBcBZBUBNBLBDA1AyA1AYAhAQALANAD
2304103003004,BDBYBtBvBLBDBIBABCA9A4AjAvAeAZAXANAMAFBCBVBhBcBJBABBA9A/A4A+AmAwAcAhATANAIAC
2304202003001,BTBgB0BmBZBKBHBIA4A1AtAcAqAUAbANAKACADBPBlBuBkBUBJBHA9A9AvA2AfAfAlATAPAKAHAG
2304202003002,BTBgBhBiBkBUBUBBA8AvAlAhAfATAWAJAIABABBYBWBjBdBkBhBbBKA/A3AxAeAbAbAPASAKACAA
2304202003003,BOBZBoBgBfBaBOBFA9AtAlAgAhAbAZAMAHAEADBPBUBjBlBgBVBSBHA6A1ApArAjAVAXAWANAHAB
2304202003004,BWBZBnBjBrBaBNBCA2AtAiAcAZAVALAJAFADABBiBUBkBnBqBdBVBLA+A4ApAoAfAZAWALACAGAF
2304202003005,BDBNBYBdBmBZBKA/A7A2ArAdAZAYARAJAIAEACBIBFBSBkBwBkBbBNBJBEA+AqAmAWAfAMANAFAF
2304202003006,BIBMBYBXBgBPBNA6A5AyAqAfAgATAOAHAIAFADBEBJBYBlBvBfBeBJBKBCA0AxAqAfAjAPARAOAD
2304236001001,BNBpB6BvBHBCA5A5A3AyArAkAlAeAUAQAOAEAFBLBcB9BzBRBFA7BAA9A3AtApAjAfAhAWAPAEAE
2304251001001,BQBeB4BoBUBKBLA/A7A1AiAkAkAWAVAPAKAGABBNBbBuBuBdBZBLBAA7A2AqAlAlAZASAVAJACAB
2304269001001,BGBXBkBmBCA9BEBGBCBEAzAmAlAeAiAPASAOAIA/BLBdBnBOBBBIBDBBBBA2ApAjAtAcAUATAHAC
2304277001001,BHBSBgBoBnBXBHBBA3AyAtAsAoAdASARAOAHAFBGBOBkBcBYBPBTA3A9A8AsAyApAbAhAQAIAHAF
2304285003001,BcBeBsBhBnBdBPBPA+A3AnAdAWAWAKADAEABABBNBYBrBjBqBjBVBOBCA1AjAiAcANALAOAFAIAA
2304285003002,BfBYBuBmBmBdBSBOA/A0AmAbAWAKAMANAFADADBOBSBoBnBrBhBYBKBDA3AnAcAdASAJAKALABAC
2304301001001,BMBWBrBuBXBMBCA/A6AvAuAdAnAfAaAMAQAEACBOBSBgBmBeBNBEBBA6A2AwArAoAjAdAYAPAHAD
2304350001001,BKBXBsBlBrBUBIBAA/A3AfAoAeARAVAOAQAHAABOBVBuBkBkBYBJBABAA5ArAiAlAZAaAKAHAFAD
2304400005002,AsAoAzBCBXBSBEA6A5BAA/AsAkAnAVAQAIAFAAApAnA2BQBzBrBdBTBPBZBKBRBDAlAnAfAVAPAG
2304400005006,BNBRBfBkBrBhBOBDBAA3AnAhAXAOALAIAEADACBLBOBcBnByBlBXBLBNBAAuAoAdAUARAJAHAGAA
2304400005009,BEBHBVBXBfBeBLBBBBA8AxAeAgAGATAJAHAHABA/BHBPBZBpBlBUBNBPBKA9AyAnAlAaAQAMAGAE
2304400005010,A1A2BDBKBmBiBSBEA9A8A9AiAlAZAQAMAFADACAzAyA8BMBwBtBdBNBIBIBJAzAvAkAmAhAQAMAH
2304400005011,BHBGBSBQBaBXBTBIA/A6AwAkAfARAOALAFADABA/BFBLBTBuBuBnBVBKBHBAAwArAaAUAXAHAFAC
2304400005012,BTBQBfBbBhBVBQBGBDA3AnAeAWAWALAGAIADABBJBOBaBdBiBgBXBOBKA+AvApAhAiAbASANAHAE
2304400005016,AnAqAzBQBqBdBAAyA1A/BFAnArAXASALAPAEACAkAnAxBTB3ByBQBGBPBYBUBHAyAvAwAeAbAIAK
2304400005017,BRBPBbBcBiBeBMBEBFA8AqAdAWAPALAFAFAGACBGBMBdBdBoBhBZBQBRBCA3AkAmAXAYAQAHAFAA
2304400005018,A4A9BIBQBfBgBLA+A8A9ArAwAkAXATAMAHADABA5A6BFBWBoBlBYBIBRBNA7A/AkAsAnAVAUAIAJ
2304400005019,A0AyBBBMBhBbBHA3A6BBAxAvApAVAMAOAEAGAEAwA1A9BVBtBmBWBNBUBTBNA+AzAgAeAaAbAUAJ
2304400005022,AkAtA0BFBcBaBCA4A3A/A5AuAyAZAYASAHAFABAkArA1BJByBvBaBNBNBXBSBKAzAqAxAfAbAPAK
2304400005024,AqApAyA5BOBXBLA9A7A+A6A7AyAcAeAMAQADAFAkAkAuBDBpB1BlBVBPBUBSBJAyBAAhAdASANAJ
2304400005027,A9A2BBBNBbBhBOBBA+A+AvAyAkAXASANAHAEACA5A3BBBQBtBvBiBWBKBOA/A9AxAnARAVAOAHAF
2304400005029,AsAvA9BKBiBdBBA4A5BCA3ArArAXATAUALACABAuAvA5BQBzBnBNBHBRBYBLA8AyAuApAkAhALAF
2304400005033,AyA4BFBOBkBcBGA9BAA9A0ApAdAZAVAJAHADACA2A8BHBaBvBnBTBNBXBUBJA0AtAlAaAUAUAJAG
2304400005034,AsAzA8BQBmBhBIA5A5A+AtA0AhAbALAOANAEACAvAwA/BUB4BrBTBNBOBUBJBBAsAqAjAeAXAKAG
2304400005035,A9A8BLBIBbBeBSA/BBA5AjA0AWAfARARAHABAFA7A7BFBPBoBpBcBQBPBKBKAuAzAoAhAVARAKAA
2304400005037,BWBPBaBcBoBjBTBGA/A3AvAZAcARAMAEADACABBOBNBaBeBqBrBeBMBHA/AyAjAdAZAQANAKADAC
2304400005039,BNBPBdBZBhBbBTBGA/A7AhAnAaAPAOAIADADABBLBMBZBeBpBlBbBSBOBEAxAqAkAZAWAKAIAFAB
2304400005040,BEBBBPBVBkBcBKBDBHA9AyAbAgAOANAFALACABA/BCBRBdBsBkBXBPBVBMAyA6AnAZAVAYAOAJAE
2304400005041,BXBTBfBhBpBdBNBEBAA3AhAmAZAIAGAMAFADAABHBTBcBlBvBhBWBNBKBBA0AkAhAVAVALAJAFAB
2304400005044,BRBUBdBdBqBlBTBDA+AzAlAjAaARAHAGAEABABBNBQBcBkBwBoBZBLBFBAAuAxAfAVAKAPAEADAF
2304400005045,BCBJBUBXBiBgBNBEBCA+AnAmAXATATAFAJAGADBCBFBNBaBnBoBbBTBRBFAwA3AqAcAXAOALAFAF
2304400005048,BUBPBdBiBpBiBTBCA/A2ArAdAXAKAIAHADADABBKBPBeBpBuBsBZBOBJBCA0AkAaAXAPAHAKADAD
2304400005049,BJBJBVBhBbBiBVBSBHA9AvAiAdAQAHAEADACABBGBEBUBcBmB5BnBYBOBEA0ApAaATAGAKAKAAAB
2304400005050,BTBXBjBkBnBcBVBNBGA3AlAbAXAKAKAGAAACADBRBTBeBlBoBjBhBVBLA9AuAdAVATAOAGAHAFAD
2304400005051,BTBWBdBdBgBcBZBMBCA2AlAiAPANAOAFABADACBQBSBbBgBqBnBjBVBKBCAvAnAcAVAOAJAEACAD
2304400005058,A+A+BMBSBbBZBPBDBCBAAuAsAlAYAOAFAGAEADA6BBBIBUBsBtBmBbBPBMBDAuAlAdAVAQAMAJAB
2304400005061,BOBSBiBgBdBeBfBRBQA5AfAdAOAQAJACACAAACBRBMBvBxBqBmBkBaBVA+AeAjASALAJAFAEAFAB
2304400005062,BLBFBQBZBjBfBOBBA+A5ArApAdAVALAIADAFABBDBFBSBdBtBmBZBOBMBJA3A4AqAdATALAJAEAE
2304400005063,BIBSBfBeBfBZBVBLBJA8ArAcAUAQAIAIAGABAABTBQBgBkBmBnBfBYBTBCA2AaAYAOALAIAIACAD
2304400005064,BBBJBeBfBmBlBXBJA/A7ApAgAbARANAJABABAABFBJBdBjBxB2BhBVBIBCAuAjAYAVANAIAMAEAB
2304400005065,A9BABNBYBhBeBOBEBDBAAzAgAgAWATAHAEABAABBBABNBeBrBnBYBTBUBNBBAsAjAbAZAQANAFAE
2304400005072,BWBZBjBpBnBcBQBJBAAzAqAVALASAIAHAJACACBPBTBkBsBuBgBWBOBKA7A3AXAdAZAOALAEADAA
2304400005073,BEBOBeBcBiBcBPBHBFA4AkAiAdAMAMANAEABADBDBLBbBgBsBkBVBWBQBHAxAqAhAWAXAMAJAJAE
2304400005074,BZBdBqBoBjBZBQBKBDA2AhAhAWAMAJADADADAABMBXBmBpBqBfBXBQBOA+AnAkATAWANAIAHAEAB
2304400005076,BKBOBdBfBnBdBMBFBDA4AqAjAbAQAJAIAGAGABBGBMBZBhBxBnBXBLBMBDA4AoAgAVAQALAJAEAC
2304400005078,BZBdBpBqBmBgBPBFBBAzApAXATAOAIAIADACABBVBXBpBtBqBhBUBPBFA7AsAgAbAQAJALAEACAA
2304400005079,BQBQBfBcBgBjBQBEA7AyAkAnAYAXAMAIAEACACBDBQBYBeBmBnBXBOBEA9AzA1AmAbATALAIAHAF
2304400005081,BJBIBRBWBjBiBTBGBDA8AsAkAYATAMAEADAAADBABGBUBcBtBqBdBXBQBIA9ArAbAdATAPAIAEAF
2304400005083,BTBXBjBdBhBaBXBQBJA5AkAeATANAIAEAEADAABNBRBgBiBnBrBiBaBRA8AuAfAZATALAKAEACAB
2304400005084,BGBUBeBhBkBiBTBLBIA8AmAjAaAQAJABADABAABFBPBZBgBrBpBfBVBQBDA3AiAXAQAOAOAGAEAA
2304400005088,BYBXBjBhBeBaBYBSBKA3AkAcARAPAHAEABABAABUBWBbBfBmBpBmBcBOA/AsAeASATALAGAEADAE
2304400005089,BFBBBSBPBcBfBMBFBEA8AkAkAaAeAKAHAMAHABBFBBBNBVBgBkBVBQBRBJA6AwAwAhAYAUATALAG
2304400005090,BYBhBxBoBlBYBPBLBBA0AlATASAQANAEACADAABbBiBwBmBjBhBXBVBHA7AmAaARAMAPALADABAB
2304400005094,BIBFBLBYBeBhBPBFBAA+AzAbAZASALAKAGAFAGA5BCBOBXBnBmBaBOBPBGAwA6AsAkAjAMAMADAN
2304400005098,BGBMBVBeBpBbBQBIBEA5AxAbAfAMALAKAHABAEBCBHBbBdBoBmBYBRBMBFA/AiAiAWAKAYANADAF
2304400005101,A4A8BKBTBfBdBQBGBHA/ArAnAYAVATANAGAFAAA3A+BKBXBqBmBYBQBRBRA8A2AlAqAhAUALAFAF
2304400005103,A4A5BGBQBlBdBHA+A7A8AyAjAiAUAOAOALADAAA8A7BGBSBtBrBaBQBPBTBGA3ApAlAkASAUAHAF
2304400005105,BAA+BNBUBkBhBNBBBCA7AzAiAaAWATAJAHADABA3A8BIBWBsBnBZBSBVBPBCAyAtAiAdANAQAFAD
2304400005106,BLBSBiBnBpBeBPBCBGA6AuAYARAUAKAGAFAAAABOBPBiBnBtBiBVBPBQBCAxAlAdAQAPAMAFAGAA
2304400005107,BIBKBTBZBkBiBXBJBFA4AoAjAcALAQAJAEABACA9BFBQBZBtBxBgBTBPBEA1AuAkAXAPARAIAGAC
2304400005109,BFBJBVBWBfBYBUBFBDA9AlAnAZAVARAEAIAFAABABEBVBVBlBnBdBRBRBHA8AoAeAnAbAMAOAIAG
2304400005116,BTBdBsBtBnBaBNBGBHA3AqAXASANAKAHAEADAABVBYBpBvBmBjBXBNBOA8AoAbAXAQAGANADACAA
2304400005118,BUBZBpBhBqBgBlBQBJAtAeATATANAHAIABAAABBNBPB6B9B1BmBeBNBIAqAgAZASAQANAHAGABAA
2304459001001,BLBWBkB0BYBaBNBLA7A3AmAkAmAWATANAKAFAFBJBUBjBkBYBWBNBEBAA3AoAnAmAcAVASAIADAF
2304509001001,BWBeB5BsBWBQBBA9A2AyAtAdAeAVAUAPAIAEAGBNBeB/BsBZBRBDA7A3A2ArAsAeAmAWANALAEAE
2304608001001,BXBjB9B2BZBHBHA8A2AyAdAoAkAUAWAVAQAFADBUBlCBBlBgBIA9A0A0AuAnAqAjAfASAKAIAEAD
2304657001001,BTBhCCBwBEBFA/A5A3AzApAoAcAhAZAPAMAIADBNBZB8BkBNBHBCA8A6AzA0AgAkAlAmAVALAHAD
2304707003001,BZBsCEB4BcBRBHA8A1AvAiAoAjAaAaAKAGAFAFBdBlCABrBTBFBAA4AtAtAoAeAeAdARAKAGAFAD
2304707003002,BSBoB9ByBeBOBKBAA2AqAiAfAiAQARAOAGAFAEBWBiCCBtBZBOBJA+A5AuAhAkAcAcASAPAKAIAD
2304806001001,BLBqB4BoBYBJBGBCAwAuAnAgAnAVAWARAFAGAABVBcBtBxBRBVBMBCA3AyAvAmAkAVAhASAJADAE
2304905001001,A9BKBvBtBjBJBBA9BFA/AkAmAcAdAdAPAMANADBGBOBfBwBSBJBIA3BHBCAqArAmAmAbAQARAOAG
2304954001001,BRBZBvByBqBcBQA+A+AzAnAdAcAWAQAKAJAFABBPBaBuBuBgBUBIBBA9AwAwAbAeAUAWAIAOAGAB
2305001003001,BTBnCDByBKBFA9A7A8AvAnApAmAeAQARAIAIACBYBmCABpBNA/A/A1A3AyAmAuAnAVAhATALAHAD
2305001003002,BVBcB3BrBUBIBGA6A6A0A0AeAXAXAWANAOACADBUBiBxBuBbBMBHA+A5A0AxAhAhAdAYAOAOAHAF
2305100001001,BFBhB2BwBrBTBSA7A6A5AmAjAdATANAOARADAABFBLB6BtBWBNBIBBA+A1AtAqAPAhAXAUAKAHAG
2305209001001,BQBbBxBhBOBHBDA8A5A5AzAmAlAeAaAPASAIAEBMBYBtBgBPBDBAA3A9A7AwArAqAgAeAbAQAGAF
2305233003001,BVBYBpBlB7BsBZBEA3AuAkATAWAQAKAOAGABABBYBYBnBrB2BpBXBJA5AuAgAeAXASANAGAGADAD
2305233003002,BZBVBlBmB6BuBcBFA7AtAbAdAXAMAPAIAHAEAABOBVBnBoB1BrBXBFA8AuAjAdAZASAUAJAFAFAB
2305266001001,BKBeCBB2BdBLBEA/A9A1AnAtAhAcAVAMAOAJAEBNBdBzBqBRBGA8A9A4AvAqAnAcAbAbAWALAEAE
2305308001001,BbBcB0B0BbBJBAA6A2A0AzAjAdATAUAUAOAHABBRBTBvBwBXBGBAA2A7A4ApArAjAhAVAaANAEAG
2305332001001,BRBQBlB0BmBhBPA+A6A6A3AeAjAVAVARAQAEACBHBQBeBfBdBYBIA/A5A2AqAnAmAWASAQAQAGAB
2305357001001,BSBWBfBcBjBjBWBKBKA0AsAmAjAeAOALAIADABBNBMBRBaBmBXBVBHBGA1AsAoAhAYAQAMAHAEAD
2305407003001,BHBLBdBeBZBSBDA/A5A4AsAjAdAbAaAQALACACBGBLBYBhBmBaBNBOBFBBA4AvAsAeAeAXAKAGAG
2305407003002,BSBaBrBrBZBKBFA/A6A4AmArAiAaAYAKALAIABBRBcBoBoBZBOBFBAA8A6AuArAhAdAZAMANAFAD
2305506003001,BMBSBeBjBaBIBIBCBAA/AtAyAoAgAcASALAJAABNBMBZBeBXBLA/A/A/A/A2AvAsAbATAUAQAEAI
2305506003002,A+A/BQBQBYBRBJA+BAA6A0AgAgAaAbAKAHAEAHBCBBBPBcBqBhBaBVBMBHA/AuAxAfAaAbANAAAI
2305506003003,BgBVBfBbBnBUBJBFA/A4AnAmAeAbAVAOAGAGAABUBdBeBeBiBTBJBBA+A3AqAsAjAZAQAQASAFAD
2305506003004,BIBKBRBTBkBMBIBAA+A9AvAgAjAVAUAPAIAJAFA+BFBRBbBoBfBaBIBHBCAyA0AsAiAYARATALAJ
2305506003005,BABJBNBVBZBPBMBCBAA3A2AcAaAeAcALAKAFAABGBEBLBeBwBdBUBNBPBGA+AqAwAcAcAeALAEAD
2305506003006,BPBUBcBaBgBZBVBEBBA0AlAoAiAYAfAOAIAFACBRBQBWBZBjBdBSBJBAA1AvAkAkAcAUAQANAIAC
2305605001001,BFBSBtBjBTBKBMA9A9A+AtAoAkAeAbAZAIAHAEBFBOBjBcBRBKBNA+BBA9AtAwAvAbAgARANAJAH
2305654001001,BSBXBzBqBDA+A8A8A7A/AqAvAeAkAgAUAQAKADBPBRBtBcBKA5BDA8A+A+A0ArArAnAgAQAQAJAH
2305704001001,BNBZBfBmBXBRBOA+A0AxA0AlAkAgAdARALAHAFBNBVBXBcBTBQBLA7A4A6A3AqAnAfAoARAMAGAG
2305803003001,BPBXBvBpBVBLA9A8A8A8ApAqAfAcATANANAKADBKBXBoBqBTBGBCA/A+A6A1AnAeAjAfAWARALAH
2305803003002,BRBjBvByBWBLBBA+A5A0AlAnAaAeAYASAMAGADBOBXBuBlBXBIBDA7A4A0ArApAgAmAjAWAPAFAC
2305902003001,BMBeByBnBPBGBCA7A5A4AqAnAmAVAcALAKAIACBJBaBqBnBZBJBGA5A8A6A1AqAsAhAXAYAPAJAF
2305902003002,BKBsCCB0A9A6A5A1A1A1AtAsAfAbAZAMATALAEBJBlCEBuBEA+A7A4A6A4A2AqAoAgAfAZAMAFAB
2306009001001,BGBYBbBfBfBXBEBBA2A3AqArAmAXAaARASAHAEBFBQBcBaBgBQBMA2A/A6AwA1ApAhAeATAOAHAM
2306108001001,BaBlCABzBkBQBIA6A4AxAnAbAfAVATAIAKAKACBSBiB3BvBcBMBFA8A2AxAjAhAdAaAUAMAIAJAC
2306207001001,A+BKBiBmBfBZBHBEBBA5AvAoAdAgAOAYAOAHAIAzBCBPBaBaBbBHBABCBDA7AoAqApAbAXAQAMAI
2306256003001,BJBJBlBmCABrBcBLA+AyAlAaAZASASANABAEAABKBIBoBlBoBZBTBOBBA1AiAnAfATAYANAIADAC
2306256003002,BcBZBoBvBzBpBeBKBDAvAfAeASAXALAHAIADAEBUBUBpBoBkBaBSBCA7AuAjAYAcAOASAPAGAFAC
2306306003001,BNBhCBBwBkBPBLBEA+A0AqAeAkAVATAOAKAGAFBKBcB5BmBbBKBLA7A1AvAkAgAYAWAZAMAJALAE
2306306003002,BXBaBnBiBjBdBRBFA1AsAmAZAWASANANAFADAFBOBXBwBpBnBgBYBIA9A1AqAiAdAYAXAQAKAFAC
2306405003001,BZBgBrBiBsBgBMBAA4AsAiAaAZARAQAFAFAJACBXBWBjBlBvBjBSBHBBA5AlAiAYASAYADAVAFAE
2306405003002,BYBnBzBzBeBXBKA8A7A0ApAhAiAVAbAOAHAJACBeBkB4BnBUBMA+A1AzAqAiAkAeATAYARAMAEAF
2306405003003,BWBZBxBqBlBTBJBAA6AyAoAkAeAWAOAOAIAHAFBPBaBmBrBkBSBIBCA5AyA0AdAbAcAbAMANAFAD
2306405003004,BcBvCEB1BjBOBGA4A0AyAqAfAjAZAUAOALAIACBfBmB0BuBVBHA9A3AyArAiAiAfASAVAOALAFAB
2306405003005,BdBhBoBjBoBgBMA+A0AxAjAcAYAPANANAJAEADBUBbBpBvBuBiBQBIA6AyAlAgAcAWASAOAIAGAC
2306504001001,BQBbB1B3BcBRBJA6A3A3AmAmAiAYAUAPAMAIAFBTBYBqBxBWBQBDA4A4A2AnApAhAYAcALANAEAE
2306553003001,BrBsBzB1ByBiBTA+A3AsAiAYAVAUAGAIALAHAABlBkB3BqBoBXBFA4AwArAbAdAYASAXAFAIAAAC
2306553003002,BWBqB8B5BkBbBMA7A7AvAkAbAfAVAVAFAMAIACBVBjB3BuBgBRBGA3AyAsAbAkAWAUAUANAMACAG
2306603001001,BbBqCCByBdBKBCA1A0AwAoAfAgAaAaALAMAEAFBZBoB6BxBWBJA9AzAzAtAtAhAjAOAYANAMAKAF
2306702001001,BIBVBxBvBZBJBFA9A5A+AyAqAiAYAaAPAQAMAFBBBPBmBlBSBFBEA+A6BAA6ArAlAbAXAQASAIAD
2306801001001,BKBUBdBfBhBTBOBHA+A+AsAuAnAbAUASANAFAEBPBOBaBfBhBTBHA+A5A+AuAqAoAXAaAMAMAHAE
2306900003001,BQBZBuBcBQBHA5A6A/BGAxAwAtAbAdAMALAJAEBKBVBjBXBNBJA8A8BBBHBBAjApAeAaASAJANAJ
2306900003002,BMBUBgBkBYBNBEA8A3A5AqAjAlAWAYAIAWAEAEBLBMBiBjBXBXBGBKBBA/A5AvAgArAUAPARAMAF
2307007003001,BMBUBiBrBhBfBRBEA9A7ArAkAgAdAVAIAHAIACBEBOBgBhBgBaBJBCA3A6A0AhAnAeAOAPASAHAG
2307007003002,BEBIBeBpBkBdBPBHBIA8ApAkAmAVANAHAKAGABBEBGBdBvBkBWBNBBBGBCAnAuAjAWARAOAPALAI
2307106001001,BTBdBzBiBeBQBMA8AyAtAjAkAdAeAZAOADAIAEBQBdBnBlBjBWBOA8A0AuAnAqAlAbAjAQAHALAH
2307205001001,BPBaBhBnBcBSBOA+A9A3AnAlAjAeAYAQAKAFAHBEBRBcBkBeBPBFA5BEA2AvAnAtAbAaAUARAKAH
2307254001001,BhBeBsBoBpBeBMBHA7AyAiAdAVAVASALAEAGAABRBVBtBuBrBkBRBFA8AvAlAgAZAVAQAHAIABAC
2307304005000,BaBeBzBuBpBVBMBBA2AsAiAhAXAZAXAFAGAIABBhBUBuBkBkBUBPBEA4AvAmAnAgAZARAMALAEAD
2307304005001,BBBDBaBdBXBGBAA5A4AyArAfAZAhAiANAJAHAFA9BABZBeBnBRBLA/BKA/A5A+A5AlAqAgAcAMAG
2307304005003,BEBCBTBSBhBXBIA4A6AuAxAfAYAXATAVAKAFADA9BBBTBhBqBgBYBMBGBEBDAwAlAtAhAVAVAOAG
2307304005012,BiBmB5BnBnBaBSBEA1AnAdAXAVAQARAMADABABBdBcBxBlBpBYBVBJA6AvAjAfAhASAVAIAIAEAE
2307304005014,BIBLBZBYBbBUBIA+A7AsAjAgAeAZAUAPAMABABBIBHBaBdBmBaBYBNBKA8A0AxArApAiAaAQAMAE
2307304005015,BQBRBqBiBjBWBSBGA6AvAgAiARAaAQAHAAADACBOBUBfBkBoBgBfBOBKA8ArAiAaAgAYARAGAHAB
2307304005016,BHBPBhBjBlBXBOA9AzArAjAhAdAbATANAGACABBOBKBeBhBrBfBaBJBAA7A3AlApAfAdAOAOAIAD
2307304005018,BtBjB0BgBmBYBRA9AvApAeAYAaAJAIAJADABAABqBhB5BuB2BdBVBEA5AuAqAZAbAXAPALACAEAA
2307304005019,BXBWBoBkBnBTBSBAA6ArAkAaAWATALAPAGABABBRBRBkBkBwBlBfBIBBA2ArAiAcAdAWAPAMAEAC
2307304005022,BEBHBUBRBdBUBGA+A7AyAuAdAUAcAQAUAJAIAAA6BEBUBeBrBfBWBRBSBEAvA5AvAkAiAaAKAOAI
2307304005029,BaBcBnBeBmBfBXBDA/AxAgAdAZAUANAFAEABABBbBVBkBmBzBjBkBJBBA0AtAUAbAMAPATADAFAB
2307304005032,BXBXBeBgBoBqBbBIA4AvAdAkAZAQANAEADAAABBYBTBjBaB2BkBcBGBDA7AzAbAdANASAKAKABAF
2307304005035,BvBrB7BlBdBcBXBEA0AsAZAaAXAPAMAIAFADABBhBlB2BfBiBgBaBFA2AtAnAXAWAUANAKAJAGAB
2307403001001,BTBYBvBmBRBDA+A7A5A4AnAuAfAlAfASAJAHAFBWBPBrBnBTBIBEA9A+A5A1AoApAmAZAPANAEAF
2307502003001,BFBfBsBvBZBJBCA+A8A2A7AgAeAnAeAXAKAJACBFBVBlBjBTBDA/A7A9AuA0AnAnAfAuAOAOAIAD
2307502003002,BKBRBjBkBVBQBKA6A6A3A1AlAkAZAfARAKAKACBABPBfBfBaBRBMA6A/A7AuA2ApAqAfAZARACAB
2307601003001,BHBLBaBaBcBZBKBDBIBAApAjAhAXALANAJAEADBCBKBXBYBeBhBZBVBOBJAxAuAmAbASAJANAJAD
2307601003002,BOBJBgBeBdBWBPBMBIBBAuAjAjAaAMANAMAIACBGBJBeBbBdBTBNBKBHBEAxApAmAcAQAOAMAEAD
2307635001001,BQBhB7B0BaBIA+BDA5A0AmAjAbAeAZANAMAEACBOBkB2BsBVBGBHA/A5AxApAlAmAXAWANAMAGAF
2307650005004,BKBSBhBjBqBfBQBIBBA1AlAmARARATAIACADABBGBMBhBjBuBhBbBRBLBBAxAjAeARAXAMAEAEAB
2307650005005,BRBXBjBiBqBcBOBEA+A6AmAkAYAUAPAMAHACAABFBTBgBeBlBkBXBMA/A6A1AiAfATAbAOAGAEAB
2307650005006,BKBFBbBmBqBqBSBCA/A5AsAjAXASAMAHAEAAAABLBFBcBjB3BpBTBMBKBDAsAvAnARAHAPAIADAD
2307650005009,BHBGBcBeBrBjBWBAA5A5A0AlAcANAOAGAEADABA9BFBUBcBuBqBWBKBLBIAzA6AlAYAOAMAOAFAC
2307650005010,BHBJBXBfBsBfBRBDA+A5ApAjAYARAMAMAFAAAABJBMBaBlBwBsBZBLBLBHA0ArAWAgAMANAKADAD
2307650005014,BWBVB1BsBwBcBPBABFA1ApAaAPATAFAIAJAEABBPBMBlBqBsBcBNBMBFA+AiAqAZATANAOAHAEAC
2307650005020,BQBeBtBuBdBbBRBKBCA5AcAeAVAaAKALADABACBWBUBlBtBpBiBVBPBFA2AoAZAXAPARANAEAEAB
2307650005029,BZBaByBnBlBcBKBJA/A4AnAfAQAUARAHADABADBWBTBpBqBlBaBVBNBIA1AyAWAfAQAQAJAFACAA
2307650005033,BGBPBZBgBtBqBZA6A4A6A3AlAbAPAKADAJAGAABDBMBSBdB0BpBSBDBDBCBCArAWAeAYAKAGADAA
2307650005038,BMBKBmBfBoBrBUBFBGAyApAfAVATAJAJAGAFACBJBOBdBoBvBpBYBQBMA6AvAcAdAQANALAKABAE
2307650005045,BXBcB0BuBmBkBUBLBBA2ApAXAWAJAKAIADACAABcBRBoBuBrBlBRBLBFA3AkAYAYAQAJAEACAEAA
2307700003001,BYBlCHByBzBXBHA8BAAzAoAbAjAWANAJAHADACBMBbBxBxBeBPBGA6A+A0AiAdAaAQANANAGAKAG
2307700003002,BSBOBnBnBuBcBKBBBBA9AmAcAZARARALADACAABQBSBfBhBuBeBSBLBMA4AwAfAfAYAOAPAFAFAF
2307700003003,BWBSBfBiBnBgBVBJA+A2AfAfAXATANAEAGAEADBKBOBfBiBvBkBTBPBFA7AvAgAhAWASAJAMAFAE
2307700003004,BZBWBkBoBwBhBNA9A9A8AqAWAYALAVAKAGACAABOBJBdBjB0BlBNBEBNA/AtAbAdAgAPAJAGAEAC
2307700003005,BRBXB1BvBpBaBNBAA8A2AhAfAaAbAUAJALADADBPBQBjBsBpBWBLA+BDA2AmAfAZAeASAQALADAB
2307809001001,BtBrB5B2BpBTBJA8A2AxAcAbAXAYAPAHAHAGACBcBoBvBqBnBSBEA8A0AuAnAUAXAYATAKALAEAD
2307908001001,BcBiCDB+BaBMBDA9A1AyAmAZAUAcASAIAKAEAEBWBhB7BpBcBKBEA6A4AzAmAeAkAeASAOAGALAI
2308005003001,BXBaBtBoBmBaBLA9A7AvAdAcAgAJAUANAMABADBVBaBtBoBpBYBOBDA/AzAoAmAfAYAfARAIACAA
2308005003002,BOBfCAB+BmBLBHA/A4AtAiAfAlARAYAMAKAEAEBKBiB9BwBhBIBBA7A2ArAlAkAmAUAWAPAJALAD
2308104003001,BMBRBrBkBeBQBHBCA3AwAiAoArAXAWAOAHAHAGBGBRBsBqBfBMBMBEA6A2A0ApAhAfAbAYAQAFAF
2308104003002,BgBeB5B0BhBOBNBCA4A0AmAcAdAXAOAMAGADAFBVBaBtBvBZBNBNA9A6AvAqAkAfAWAVAPAKAEAF
2308203001001,BWBXBrBtBsBUBFA4A8AxAgAmAcAcAWAMAOAIAGBUBOBsBtBeBQBFA7A3AyAlAtAhAgAXANANALAD
2308302001001,BUBTBlBlBhBRBIBCA7AyAlAkAdAdAWAQAIAHADBKBTBiBeBfBRBOBEBBA3ArApAlAdAiAWAMAGAC
2308351001001,BCBYBjBlBOA/A+BABBA/AvAxAkAlAaARAUAJAHBFBTBYBiBHBHBDBAA+BDAuAzAtAlAkANASAJAF
2308377001001,BbB0B1B0BfBOBDA7A2A1AlAkAgAXAYAOAMADAFBcBhB5BsBRBHBAA6AzAtAoAhAaAWAdAMAJAFAB
2308401003001,BmBjBxBkBhBRBJA8A2ApAfAnAeAgATAIAFAKABBgBjBrBqBdBQBJA3A0ApAlAnAjAiATAOAQAIAD
2308401003002,BPBZBwBqBhBPBMA+A4AvAkAjAhARAWARAKAFACBUBTBjBmBdBUBPBBA7A0AyAiAnAhATAXAKAGAG
2308500003001,BIBmBsBuBTBDBBA3A8A4AsAqAxAZAgASAOALAEBNBhBjBbBNBJA6A4A5A5AsAuAzAbAhAVAMAHAA
2308500003002,BQBaBoBsBXBMA+A6A1A1AvAlAhAfAXASAMAHAFBOBaBjBjBbBNBAA9A+A3AuAxAnAkAfAMARAJAC
2308609001001,BRBdBwBtBKBIBBA5A7A4AqAwAjAbAaAPAPAGADBGBaBxBnBWBFBFA8A+A7AoAtAoAbAbAVANAJAE
2308708003001,BCBOBmBpBZBTBBBFBFBBArAuAlAdAaAOAMAGAGA9BLBfBcBWBOBFBHBDBAA3AnAsAZAbAPARAEAF
2308708003002,BHBQBoBkBbBSBJBHBAA6ArAlAeAkARAPANALADBFBNBnBdBXBSBIBIBAA8A0ApApAaAaAOAOAFAD
2308807001001,BSBfB0BzBhBUBKA+A1AzAlAqAhAYAQAMAKAEACBNBgB3BoBiBQBEBDAvAvAlAnAmAUASAOAOADAF
2308906001001,BbBqB6BrBmBQBFA3AyAwAgAfAfAfAVAIAMAJADBfBkB3BnBiBPBBA7A0AtAhAkAcAcAUAQALACAC
2309003001001,BKBSB2BkBHA+A7A0A6A4AsApAmAaAdASANAFAFBEBYBvBsBTBHBFA+A/A/AwA0AsAqAZAZALAJAG
2309102001001,BaBdBxBrBiBMBMA5A7A3AvAoAhATATAMALAKADBXBgBtBfBTBOBBA4A3A0AqArAgAYAZAQAPAHAD
2309201001001,BYBXBuBvBnBSBLA6A0AsAkAdAeAaATAPAGAJAEBYBZBnBvBkBPBNA9A4AyAtAjAlAWAcAQALAGAD
2309300003001,BMBOBaBaBJBKBDA/A8A6AwAoAbAkAlAIAOAGAAA8BSBeBdBaBNBPBABDBGAvA3AyAeAsAUARAMAG
2309300003002,BKBaByBuBRBEBBA5A2A0AzAkAvAUAbAWAIAIAFBNBZBsBnBQBFA+A8A5A4AvAwAnAcAnATATAHAF
2309409001001,BFBUBtBwBQBDBGBAA/A4AuAmAlAYAYAZAHAIAFBLBUByBmBQBFBLA/BDBAAxAvAkAbAbANAKAIAD
2309458001001,BIBZB0BxBgBRBHA/A+A4AqAkArAbAWAKAQAGAFBGBRBmBnBWBNBCBDA9A1AzAkAdAdAaARANAFAE
2309508001001,BIBPBaBcBLBQBGA/BAA5AxArAuAdAaAUANAEABBFBPBTBVBRBOBFBFBDBCA5A5AyAcArAUAPAIAB
2309607003001,BTBVBoBfBuBjBXBKA+AyAhAYAXAOALAIAHAEABBSBVBnBmBpBoBYBOA/A1AlAiAaAUARAJAKACAD
2309607003002,BTBVBoBlBlBgBPBFBBAwAkAgAgARAPAMAFAFACBNBSBrBnBlBgBTBKA+AzAjAnAfASARALANAIAE
2309706003001,BZBaBoBbBiBdBYBGA+AxAjAlAYAVAPAKADAGAABdBWBbBYBpBsBYBGBAAzAsAoAdAVAOAGANAGAC
2309706003002,BNBSBkBlBuBhBRA/A9A5AnAhAUAQAKAJACADABBQBRBcBqB2BtBWBGBGBBAyApAdAOALALAFADAB
2309706003003,BcBgByBjBnBdBVBMBDAzAlAcAUANAMAJAGABABBTBbBrBlBlBlBXBHBEAyAvAVAYANAQAGAFADAC
2309805001001,BVBTByBxBaBVBHA9A7A7AoAnAfAYASATALAEADBSBaBsBmBTBUBDA8A+A3ApAmAYAcAVAPASAJAE
2309904001001,BMBTB7BlBWBLBFA2A8A3AmAiAlAbARASAHAHAEBLBbBjBmBZBGBGA8BFA8AyAjAtAiAWAcAUAIAC
2310001001001,BHBGBdBcBtBkBRA7A8A6AsAlAwAaAQAMATAKAEBDBHBMBYBeBUBPA/A8A8AxAyAqAdAOAYARAQAI
2310100001001,BOBRBtBmBnBTBJBHA7AxAiAmAgAZAXATANAFACBNBRByBlBlBNBHBEA7AxAoAlAcAeARAXAOAGAF
2310209003001,BIBbB3BaBOBgBnA2BKA2AbAxAZARALARAQAHADBEBkB7BVBgBiBXBBA2AsA1AlAVAUARANALAFAA
2310209003002,BOBTBsBuBiBVBTBIA6AzArAfAeAbAUALALABACBKBZBtBnBeBUBSBEA+AzAnAjAeAWAQAZAFAIAD
2310258003001,BUBcBxBtBdBZBTBIA9A0ApAeAWAaAUARAHAEADBJBYB0BjBWBYBQBBA7AzAjAiAiAWAVAMAJAHAD
2310308003001,BOBeBxBmBSA/A8A6A/AyAkAnAhAbAiAQAJAEAEBOBaBvBtBZBHBIBBBBA6AyAmAcAoAbAQARAIAC
2310308003002,BCBkB6BoBFBEA/A4A6AzAnApAuAeAbARALAKAHBEBbB2BnBQBFBEA9A/A4AuAxAaAnAUAVAQAOAE
2310407001001,BPBfCGB9BQBIBKA8A7A4AdAnAmAbAaALAOAIADBOBeByBkBNBOBDA8A3AwAtAeAhAcAWAQANAKAC
2310506003001,BRBTBhBcBcBGBGBAA0AuAnAdAoALAgATAKAIADBJBNBjBkBmBUBRBEA8A6ApAwA4AfAgAWAMAJAH
2310506003002,BKBXB5BzBaBHBAA9A9AzAsAnAnAhAWAPARAGAEBEBVBzBsBWBDBBA9A7A0AyApAiAaAdAOATAHAC
2310605001001,BYBZByBmBoBQBJBAA5AwAkAiAhANAUAIAMAGACBqBXBgBmBgBTBIBHA/A4AoAmAbAaAXAJAJAEAK
2310704003001,BUBaB3BpBcBUBKBDBAA5AhAgAZAdAfAJACAAABBIBSBtBjBbBUBNBBBAA3ApAhAgAWAeAVAOAGAF
2310704003002,BQBYB4BnBjBUBJBHBAA5ArAjAiARAVARAJAHABBTBSBwBhBaBPBHA/A8A6ArAdAdAeAQAPAMAEAE
2310803001001,BOBWByBjBZBMBFA4A4A3AtApAdAcAWARAQAHADBEBYB0BeBcBNBDA5A8A3AvAyAkAkAYAQARAKAG
2310852001001,BOBLBiBiBfBWBSBLBGA1AsAgAfAbAXAPAKAHADBKBKBfBnBZBWBQBPBDAyAtAfAfAdAbAQAPAHAD
2310902001001,BDBNBcBeBcBRBPBCBAA5AvAtAoAkAYAVAJAMAFA7BHBZBdBVBMBOBABDA6A2AwAoAiAdATAPAKAD
2310951001001,BMBbB4B3BNA/A+A+A+A/AsAjAbAdAbARATAKACBRBTBsBsBMBCA7BGA4A2AuAkAdAnAcAZAQALAD
2311009001001,BVBeB5BrBNBMBIA5A5AsAxAhAfAdAbALALAJAEBQBYB2BoBQBGBCA/A5A1AoArAsAeAhAQALADAE
2311108001001,BSBUBpBsBiBQBLA9AvAwAqAhAiAYAjAKAHADACBYBPBhBpBfBSBJA+A4A1AtAsAnAhAWARARAMAD
2311207001001,BhBdBtBdBaBCA/A9A0AxAtAeAjAdAcAQAKAGABBfBjBpBlBaBPBIA+A+AzAzAdAjAcAhARALAIAB
2311231001001,BJBYBxBjBkBSBKBOA7A+AmAqAmAZAdAQAIADACBHBXBdBcBfBNBLA+A5A7AyAmAmAWAWAHAIAKAF
2311264001001,BJBXBtBqBLBLBGA/BBA2AoAmAfAaAcAUAOAIAGBNBUBqBkBPBNBLBFBCA4AwAoApAeARAVAMAIAD
2311306003001,BGBHBbBjBfBTBABBA+A9AnAdAXAeAQANAJAGACBHBJBeBpBvBfBLBOBIBHA4AkAjAZAiAPAOALAE
2311306003002,BaBiB0B6BcBHBFA+A4A3AqAoApAXAWAPAPAIAGBQBZBsBqBSBEA/A6A2AyAtAjAjAbAaALAOAFAA
2311306003003,BPBWBpBrBlBVBFA9A4AxAnAcAVAVAUAPAKADACBPBQBjBtBsBbBLBHBAA+AuAiAgAcAbANAKAJAF
2311355001001,BABOBiBdBMBJBLBMBBA8A8AuAqAeAcAQAOAKACBFBLBfBZBLBLBKBBA7BAA2AwAwAiAcAQAOAIAC
2311405003001,BaBIBYBkBtBeBEA/A4AuAjAdAhAPAPAFARACACBLBMBSBsCBBpBPBMBFA+AiAxAWAaAZAVAQAIAC
2311405003002,BNBaBqBrBnBKBEA7A6AzAvAeAeAaAbAMALAGABBPBYBkBsBeBPBFBDA/A3AzAkAiAcAbAQAKAKAC
2311405003003,BQBcByBxBUBFA/A9A8A9AoA1AfAhAcATAKAOAGBMBUBnBoBQBAA9A8A5A6AxArAhAjARAQATAKAB
2311504001001,BSBUBiBoBrBYBQBDA9A0AqAlAiAXAPAIAJAIACBOBUBfBqBiBVBHBHBAA4AwAlAnAbANALAJAHAC
2311603001001,BQBTBwBqBXBTBHA/A6A3AmAnAjAZATATAOAEABBPBSBqBlBZBPBHBDBAA4ArArAcAbAcAUANAEAH
2311702001001,BMBdB1BrBRBGBBA9A4A0AyAiApAYAeAOANAGAFBJBZBrBjBQBEBCA5A4AzAzArAqAeAkAXARAMAG
2311801003001,BUBRBkBpBqBfBXBBA7AyAfAcAVAWANAGAGADAABQBUBfBkBxBkBcBLBDA9AjAoAgAVAVAIAJADAC
2311801003002,BTBNBoBrBoBcBMBHA9A7AoAoAoASAVAGAHAGAEBEBNBiBjBdBXBMBBA9A4AvAqAlAdAMANAPAGAC
2311801003003,BABMBfBgBkBdBSBGBDA5AmAgAgAUASALAHAFADA5BOBaBeBjBjBRBLBEBAAyAoAjAiAUAQAQAIAH
2311900001001,BUBWBzBoBMBDA8A1A8A0ArAyAqAcAaAQAJAJAGBUBbBvBpBUBFA9A7A5A7AzAyAnAhAXANAPAEAG
2311959001001,BmBtCCBvBeBRBCA5AyAsAjAdAfAbAUAKAIACABBeBuBzBoBeBMBEA6A2AvApAbAWAbAbAJAIAHAH
2312007001001,BhBeB6BwBjBUBKA/A1AyAlAcAhAaAWAIAHAFABBSBcBzBtBdBKBGA9A2AuArAYAgAgAaAQAHAJAD
2312106001001,BcBkCFBwBeBHBCA6AxAxAhAgAcAcAYAPALAHAEBeBjByBmBXBMBEA2A2AwArAfAlAdAWAVAFAHAE
2312205003001,BNBZBtBzBWBKBCA8A8A7AqAoAnAaAYANALAIADBNBVBoBsBVBCBEA8A/A6AyAiAjAeAdAPARAKAE
2312205003002,BNBcBzBxBbBKBHA8A4A3AtAjAfAjAVAPAJAGADBSBdBqBjBXBNBDA/A/A2AtAnAiAaAbAMANAIAD
2312304003001,BeBcB3B0BbBNBDA0A8AwAvAjAcARARANAMACAHBfBZBxBwBVBNBEA+A4AyAuAiApAaAWAHAKAFAH
2312304003002,BcBgBxBrBRBLBGA5A4A0AlAoAeAdARAMALAEACBUBfBxBpBWBNBIA7A4A1ArApAjAaAUARAMAKAK
2312403003001,BNBMBmBtBkBdBPBKA7A2AmAhAhATAPAXAFAGACBLBQBiBiBiBeBXBEBBA3AmAgAnASALAQAQAKAG
2312403003002,BVBZBxB0BoBbBUBGA/AxAgAoAeAXAQAJAJADACBMBUBsBnBbBXBNBEA6AyAlAiAfARAWANAHACAE
2312502001001,A0A9BVBWBKBLBNBEBDBIA1AwAwAnAfANAPAIADAxA/BXBGBNBOBDBQBKBMA+AwA/AiAfAdAZAKAD
2312601001001,BJBLBmBtBjBUBFBEA/A1ApAnAfAcAUARAKAJAEBKBTBlBjBcBPBOBAA/A8AtAkAfAdAcAPAPAHAE
2312700001001,BDBQBoBmBSBKBAA/A+A5A3AfAjAhAjASAMAFAEBFBPBgBhBVBKBGA/BCA+AvAyAsAkAhAOASAJAG
2312809001001,BaBiB8BuBgBRBAA5AuAyAqAhAnAZATAOAFAFAEBZBgB4BoBaBQBHA4A6AuAlAnAlAUARAVAJAHAC
2312908003001,BZBaBxBoBsBWBTBEA8AtAkAVATAPANAFACADABBZBeBwBrBrBiBYBLBEAzAkAiAXAYAJAOAHACAC
2312908003002,BKBGBYBZBnBdBLBDA9A7AnAgAWARANALAHAEAEBABEBaBkB3BtBYBQBOBCAxArAjAcAVAMARAFAC
2312908003003,BRBRBjBbCVB/BYBDA3ApAaATAbALAHAHACAEACBOBRBaBgCLBxBgBJA8AvAjAcAYAPAWAEAFAFAC
2312908003004,AnA6BJBiCIBdA8A3A6A2ArAnAlARAOAMAGAEAEA1AxBLB5CYBgBVBHBLBGA4AzAoAZAdAWALALAI
2312908003005,BYBaBpBZBpBhBbBLA/A0AgAgAWAIAJAGAIABABBaBUBrBhB0BuBeBTA+A2AiAeARAWAGAKAFAEAB
2312908003006,BiBfCABwB0BaBRBEA4AuAdATARAJAKAEAFACAABaBdB6BzBzBbBRBLBAAyAjARAbAKAMAHAEACAD
2312908003007,BJBdB8B/BmBLBFA/A3A0AvAbAhAcASAPAOAFAABABZBuBwBbBKBGA8A8A0AkAqAlAXAWAUAJAFAF
2312908003008,BNBQB5B0BvBYBRBBA+AzApAcAcAXAPANAMAIACBEBLBuBqBkBOBEBCA7A1AfAvAlAdAXAOAKAEAC
2312908003009,BNBVBuBmBuBcBUBFA8AuAmAYAWAPALAJAIACAEBLBQBnBiB1BiBbBKBEAzAuAfAbAVAUAHALAGAD
2313005001001,A/BSBoBmBQBGBDBCA9A+A3AmAqAhAeARASAJACBCBPBcBhBNBFBABDBBBCA3AvAtAdAfAVAUAIAC
2313104003001,BCBEBYBcBTBKBGBGBPBBAmAsAhAWAKAPALAKAHA8BGBYBeBXBRBKBYBVBPA0AzAqAnAcAQANAHAC
2313104003002,BKBQBoBbBgBTBPBNBCA/ApAiAgAeAXAHAHAGAFBLBNBlBYBbBYBUBHBFA9AvAmAeAfATALAMAFAG
2313203001001,BKBaBzByBUBGBAA6A5A3AsAmAqAWAVAQALALAHBRBXBrBpBRBEA/A8A9A4AyAnAkAdAgAMAQARAH
2313252001001,BJBZBrBtBYBIBBA5A8AzA5AhAlAeAbAUALAHAHBGBaBkB0BRBLBEA7A8A4A9AkAcAlAZAQALAGAE
2313302003001,BKBfB5BmBTBFBFA7A+A3AyAlAgAkAfALALAMACBGBeB1BiBPBFBFA8A5AzAtAwAnAdAZAMALAJAH
2313302003002,BKBUBiBcBUBKBCA+A7A5ApAnAnAgAWAQAQAFADBCBUBeBgBcBPBNBCBFA8A1AtAqAeAcAWAUAGAF
2313351001001,BUBgB1BuBtBTBKA9A1AyAjAlAfAaATAOAIALAEBcBdB1BlBmBRBHA5AyAtAhAjAWAdASALALAGAD
2313401003001,BgBnByB1BnBYBOBBA0AxAhAiAaAXAOANABACAEBmBdBsBuBgBaBEA/A3AsAoAbAZATAQAQAEAHAA
2313401003002,BaBdBvBsBjBaBMA+A3AuAhAlAlAQAMAFAFACADBaBcBtBwBrBbBMBCA5A0AhAoAbANARAMANAHAC
2313401003003,BaBcBzBwBeBQBIA+A4A0AsAfAeASAPAPADAFACBUBgBpBvBdBVBMBAA+A1AwAeAWAbAQAWAGAHAD
2313500003001,BhBkB7B1BiBVBKA/A2AxAeAmAgAWATALAJAEADBTBYB2BrBWBOBHA5A0AtAkAlAaAdARAMATAHAD
2313500003002,BUBeB8BzBgBaBJBBA8AxAiAiAdAXAUAQASACADBZBXBvBvBYBTBFA6A2AvAoAdAgAUAUATAJABAF
2313559001001,BTBZB1B8BqBTBKBAA7A3AlAgAgAaAaAKAHAKADBQBUBqBwBcBCBDBAA5AwAoAgAkAUAVAQALAGAD
2313609003001,BYBfBnBsBdBSBPA/A4AxAtAgAiARARANAMAFABBZBbBmBmBgBYBKA+A4AzAtAkAfAYAWAQAQAFAE
2313708001001,BOBcBgBjBOBSBHA7A3A3AvAmAmAmAhAUAMAKABBABXBjBUBMBMBIA9A9A4AuA4AsAjAnAWAMAFAG
2313757001001,BXBcCAB8BmBQBHBBA3AvAlAhAdAWAVAMAKAHAEBZBdByBpBkBOBCA8AzAtAgAlAkAWATAJAMAGAB
2313807001001,BPBcBzB1BnBcBLA9A8AvAgAhAZAXAVARAFADADBWBfBuBpBlBXBLA8A5AuAwAZAaAYAYAHAOAHAA
2313906001001,BPBbCBB4BXBSBKA/A4AzAkAiAlAWAPAPALAEADBWBbBxBuBZBLBLA+A2AyAfAlAkAbAXAOAKAFAD
2313955001001,BOBeB2BtBUBIBEA8A4A3AqAeAdAcAYAQAMAIAFBNBbByBrBUBLA+BBA8AuArAmAmAmAcAPAPALAD
2314003003001,BEBTBYBeBYBIBBA5A5AyAfArArAVAUAYAMAIACBLBNBYBpBmBRBSBBBFA8A0ApAzAjAjAYAUAPAB
2314003003002,BDBUBkBnBUBIBDA8A9A5AoA0AtAhAeARAOAJADBIBRBhBgBRBNBGBAA8A6AyAuAqAgAfARAPAMAF
2314102003001,BbBoB2B0BYBVBHA9A4AtAoAZAXAbAOAMAMAGABBTBdB3B0BfBUBEA+A4AwAmAgAeAYAYAOALABAG
2314102003002,BYBnCBCBBcBQBIA5A2ArAjAeAdAVAUANAIAJADBbBlCAB6BUBLA9A4AyAtAnAcAeAZAPASANABAB
2400109001001,A9BJBPBWBZBZBQBGBBA+AtAnAmAeAdAKALALAEBEBEBWBUBYBXBOBGBBBHAwAxArAgAgAXARALAH
2400208003001,BXBcBlBgBkBfBMBIBAA/AjAjAcAZAPAJAFAHAEBOBdBkBbBiBaBLBEBDA7AjAlAlARAVAIAJAFAC
2400208003002,BJBNBdBYBiBZBQBIBHA+AvAZAfASALAHAJAGADBMBIBbBWBlBfBYBNBRBCAxAmAjAaAXAMAKAHAI
2400307001001,BYBfBmBpBiBNBCA/BAA+AsAZAfAZATAPALALAEBUBbBeBaBkBQA/A9BCA8AkAnAiAhAVANANAOAC
2400406001001,BCBTBtBpBtBfBKBGA2AwAfAtAxAZAIALABAJACBOBRBlBdBsBdBDBCBHAyAsAnAlAWATAQAPABAF
2400505001001,BQBLBbBaBSBQBLBAA/A5AqAqAtAYAeAMAIAJAIBHBKBYBXBOBQBPBEA+A+A3AxArAjAbAXARALAK
2400604001001,BKBNBZBoBkBXBQBFBGA/AvAnAsARAnAJAGAHAEBKBOBXBXBUBGBFBNA/A/AwAqApAZAbAIAPAOAD
2400703001001,BTBXBXBWBmBhBaBKBLA/AoAcAcAUAPANAHADAFBQBSBVBTBpBjBWBLBKA/AyATAkARASAKAHADAD
2400802001001,BBBTBXBeBvBRBIA+BAA9AvAmAeATAaAOAHAMAHBJBUBTBfBlBWBCBABGA/AvAvAtAZAYANASAJAI
2400901001001,BDBeBjBVBJBgBVBEBBA3AxA1AhATAfAOAPAHAEBDBSBTBVBKBSBOBFA4A/A1ArA0AeAaARAQAHAD
2401008003001,BCBEBVBgBlBZBPBGBIBBAiAqAZAUAUALANAHADA8A+BXBhBhBhBWBQBMBFA0AuAmAbAYAVAHAIAA
2401008003002,BIBNBbBiBjBXBVBOBHBDArAtAZAbAZAOADAKAIA4BMBXBdBcBUBMBEBFBFA4AgAnAVAXALALAIAE
2401107001001,BOBRBcBbBaBXBNBGBHBBA2AXAeAZALAJAOAEACBBBLBcBVBZBYBRBLBLBHA7AhApAXAZAXANAJAB
2401206001001,BTBcBoBoBkBbBHBIBBAzAkAlAXATAUAMAIADAEBRBZBkBpBgBYBLBFBBA5AqAhAcAbAQARAHAHAF
2401305001001,BEBeBgBgBfBdBPBBA+A8AyAbApAcAWANAOAGAFBKBUBeBmBTBQBBBDA8A8AzAgAeAeAcALAPALAJ
2401404001001,BeBaBuBcBeBdBOBHBEA8AhAsAYATAaAFAGACACBRBeBoBZBfBSBIBOBBA2AnAjAkAXAWAIAEAGAC
2401453001001,BoBjBmBkBpBhBQBIA/AxAgAhAZATAOAIAIAEAABbBiBtBbBfBbBRBDA8A0AqAcAeAQAIAHALAFAE
2401503001001,A8BVBuBxBTBEBJA/BCA/AuAjAhAnAUAZAYANADBEBWBkBYBOBFBAA8BFA7A2AdAuAdAaAUASAEAL
2401602001001,A6BmCDB6BmBZBEA/AuAwAxAbApAUAYAMALAKAGBIBnBuBqBcBKBAA5A6A1ApAfAaAhAWALANADAC
2401651001001,BdBjBoBbB3BTBJBcA2BEAjAfAYAbASAQAFAGAABOBZBVBcBdBPBJBQA6AwAcAuAbApAXADAIAHAC
2401701001001,BYBeBtBnBWBVBGA9A+AvAnAjAmAXAWAMAHAMAFBRBcBrBpBSBLBHBABAA1AhApAgAkAeAOAKAFAH
2401800001001,BUBgBpBhBkBVBJBCA6A1AsAZAeAbAVAOAKAHAHBHBfBmBmBfBSBJBAA4A0ApAkAuATAVATAOAFAD
2401859001001,BbBwBqBnBlBgBLBJA3A2ArAlAdAQATALAJAHAABPBYBdBcBWBSBPA7A9A1AkAlAdAbAUARASACAF
2401909001001,BDBNBgBlBtBYBQBLA+AvAnAfAfAmAUASAGAIADBIBWBfBpBjBVBBBDA6A0AyApAoAZAPAYAIAPAD
2402006003001,BFBFBWBXBkBnBWBNBNBAA2AbAPAiAJAPAHADAABABHBVBOBdBhBaBOBQBFA2AoAdAeAVALAMAHAJ
2402006003002,BGBVBfBZBjBZBWBIBHBBAsAlAhAYAUALANAEACBIBQBXBOBdBcBZBGBIA+ApAuAdAfAUAOAKADAC
2402006003003,A4BBBOBMBTBXBMBBBEBEAwAoAkAVAXAFATAGAFA0BABLBLBbBbBWBNBXBOA4A/AtAoAtASALANAH
2402105001001,BJBRBkBjBXBUBBBBBEA8AjAkAhAjAbAQAOALAFBOBRBgBnBVBUBFA8BAA2AkAuAhAlAeARAOALAH
2402204001001,BaBmB1BuBmBYBIBCA8A0AoAYAXAVAMAHAFAGAEBgBiBzBrBkBTBHBEA7AvAoAXAYAVAPAQAIAEAD
2402303001001,BSBQBbBbBdBNBFBKA+A+ApAoAnAaALAOAJAIAHBCBOBaBWBZBUBMBNBGA8A9AlAgAhARAWAcAHAL
2402402001001,BPBJBXBjBYBXBXBJBIA3AsAlAlAZAXAGAOAIADBJBLBVBZBTBaBUBGBDA6AyArAjAfAUAWANAHAD
2402501001001,BRBUBgBVBkBlBMBFBFA+AyAdAZAfALAJAMAIAEBUBaBZBaBeBeBJBEBBBEArAiAcAVARAKASAFAH
2402600003001,BTBYBhBfBbBWBRBBA+AwAjAiAaATAOALAKAHAEBPBWBiBfBqBeBUBJBFA6AsApApAZAUAMAHAMAB
2402600003002,BZBUBhBjBfBXBRA/A8AzAoAZAcAQAUAEAHAEAFBSBWBnBhBfBeBSBMBFA5A3AZAsAVAZAOANAHAE
2402600003003,BjBlB1BzBtBXBOBCA5AtAmAaAWAYATAJAIAGACBXBbBtBuBcBPBIA9A4AuAhAdAhAbAQANAGAGAE
2402709001001,BTBWBiBhBsBVBDBBA4A8AnAgAkAWAZALAPAJAFBKBYBjBYBiBOBBBBA+A0AsAmAhAkAgAPAQAKAH
2402808001001,BUBQBtBqBqBUBHA9A6ArAZAwAYAlAaATAQAKAJBEBbBpBWBhBEBBA+A5AzAoAnAtAhAjALAOALAG
2402907001001,BNBkB6BrBaBLA6AtA5AzAtAhAsAaAbAPAJAFAGBIBmB6BiBQBOA+A9A/A2AuAqAkAaAWAVANAHAD
2403004001001,BABDBQBWBcBQBPA/BLBMAtAvAdAjAaANAIAMAEBCBBBXBXBZBWBGBABRBGAzAtAvAfAgAQAQAFAM
2403103003001,A9A/BQBSBOBVBPBIA+A6AuAlAnAcAZAOAIAGAFBHA8BPBWBaBUBZBLBQBJAyA4AzAhAeAXAUASAF
2403103003002,BJBWBkBiBZBVBNA/BDA3AtAjAlATAVAHAOAHACBGBQBkBcBXBXBNBHBHBFAzAoAiAfAVAMAKAIAH
2403202001001,BIBUBkBlBiBPBLA1A2A5ArAyAhAeAVAIAKANACBPBYBdBhBeBQBQA5A9A0A4AzAkAaAYAUANAJAC
2403251005001,BBBLBTBWBoBdBPBKBIBEAwAeAdAKARADAOADADBEBFBcBeBlBfBbBSBOBIAxAoAmAXATANAOAEAC
2403251005002,BABPBgBZBoBeBPBBBDA6A0AkAeASAPAIAEAHAABJBFBaBgBpBgBXBLBNBHAvAsAeAdARAJAMAFAE
2403251005003,BKBJBXBTBaBTBXBVBPBGA3AYAWAOAHAGAGABAABJBPBTBZBhBlBmBmBbBIA3AcAZASAOAKAGAFAB
2403251005004,BEBNBhBgBlBUBTBPBNA8AoAdAWANAMAHAGAEABBDBJBdBkBoBgBjBUBTBDAzAiAhAUANAKAKAFAD
2403251005005,BgBYBpBhBiBgBeBFBEAwAhAhAWAKAIAEAHABAABXBWBeBkBjBtBmBVBFA3AlAbAeANAMAJAFACAA
2403251005006,BQBUBiBjBmBlBfBTBNA6ApAbAWANAFAHADABABBQBPBXBfBhBkBgBVBPA+AmAfAXAPANAOAGACAC
2403251005007,A2A7BFBPBhBpBdBDBDBFA3AkAVAXAOABAFAEAAA4A6BABXB3B+BnBUBZBYA6AzAjAZAOAIAIAFAF
2403251005008,A+BDBNBNBoBoBZBIBHBGAqApAXANAGADAFAJAABCBFBGBTB/B7BqBcBVBMA0AtAdAOAMAHAEAGAB
2403251005009,A6BABKBLBeBaBWBKBIBJA0AnAYARAIAGADAAABA4A+BGBaB6B1B1BgBdBVBAAqAUAZANAGAIADAD
2403251005010,BkBrByBjBmBlBkBIBBAuAeAYATAIALADACAAAABeBpBwBdBjBrBfBRBAAtAfAXARAMAHAFACAEAC
2403251005011,BaBPBUBIBSBlBkBYBJA/ApAkAcALAPADACAAAABcBTBTBPBeB0BxBYBKA/AvAcAYAVAIAJABACAG
2403301001001,BKBZBeBmBWBJBGA2BIAwArArAdAcAgAXALAFAFBHBRBjBaBjBQBDBBA8BDA5ApAnAnAXAJASAKAG
2403400001001,BcBXBjBoBdBiBPA+BDA3AhAkAnASASANAMAHADBKBaBdBbBYBRBFBFA0A3ApArAdAgAbAVARAGAE
2403509001001,BcBfByBwBhBPBJA7A/AwAmAiAfAdARARAFAIAFBMBZBwBmBPBKBGBHA5AxAtAgAoAVAWAOAPAJAG
2403608001001,BTBeBpBmBhBXBMBABGA1AtAbAaAUAWAIALAAACBUBaBlBlBiBWBOBIBDA1AnAkAeAaAWAGAHAFAG
2403707001001,BJBABXBYBhBUBIBUBOBCArAiAnAbAeAMAHAKAFBDBGBOBVBVBJBLBVBVA/AvAsAuAcAYARARAGAC
2403756001001,BJBTBdBfB5BZBFA5BHBAAoAmAbAaATAHAZAJAOBLA/BMBfBgBTBLAzBABRAtAaAoAiApAbAHACAA
2403806001001,BBBKBYBeBmBUBQA/BBBGAmApAiAiAjAQAJAGAIBEBBBMBfBSBRBLBHBCBAA0AuArAbAnANAKAOAL
2403905001001,A8BMBaBmBaBUBXBGBIA3A2AlApAiAdARANAEAABBBMBRBXBUBPBKA+BCBAA6ArAaAmAiASAVADAG
2404002001001,BKBEBRBlBdBNBMBFBDA6AoApAnAbAaANAQAGAHBOBHBRBbBcBNBFBLBCA4A0A8AkAjAjATAQAKAC
2404101001001,BWBjBmB2BoBuBFBIBGAqAqAeAZAVAbAKAEACAABQBzBqBcB0A7BSA3A3AqA2AWAdATAQAKAOAAAC
2404200001001,BaBkBrBqBfBcBPBEA5AyAjAhAZAYAPANAGABABBWBgBoBjBkBfBRBFA7A0AnAhAWAUAYANAEAEAC
2404309001001,BHBUBjBlBmBZBJBHBLA6ApApAiAeAVAQAKAEADBDBMBaBmBWBOBGBIBCA8AzAgAsAbAfALAMAFAB
2404408001001,BIBMBeBdBpBZBLBGBMBLA5AcAcAfAQAMAJAIABA9BPBWBcBiBTBIBMBNBFAyAdAiAbATAMAQACAF
2404507001001,BdBiBoBlBpBiBOBJBCA3AhAaAYAUAPAGAEAEADBYBeBmBpBgBaBVBNBCAyAnAVAYARAOAKAIAEAE
2404606001001,BVBpBxBvBgBWBSBAA/A0AhAjAkAYAXAKAFAEAEBQBhBpBlBZBRBDBBA8ArAhAhAmATAUASAKAFAF
2404705001001,BbBnBfBZBpBjBbBAA9A2AoAdAgAPAOALAIAFAEBZBhBcBbBhBjBPBDA6A4ArAbAgARASAJAJAFAF
2404804001001,BEBbBWBOBLBdBFBEA8BBApA4AuAeAaASAUAEAEA6BPBKBDBiBVBEBLBFA+AzA5AjAuATAUAXALAC
2404853001001,BYBnBpBjBsBiBVBHBDA2AhAdAaALAWAMAHAEABBRBVBZBbBoBaBiBCA9AxAjAdAgAcAOAOAHACAE
2404903001001,BMBNBbBlBUBLA8BJBFBQAsAqAdAcAbAOAJADAEBHBJBVBgBUBPBCBQBHBRAzApAxAXAUARAOALAC
2405009001001,BKBdBpBnBhBRBCA+BCAsAmAcAYAtAcANAHAQADBQBOBcBmBfBJBHBCA+AvAsAmAwAeAeAbAKAJAD
2405108001001,BTBtBzBtBjBUBVA/A1A5AiAfAcAdATAOAJAJAEBWBfBnBhBYBaBHA4A4AvAnAeAbAbANAQALAKAG
2405207001001,BGBWBTBeBeBfBMA6A5BBApAjAsAVAbANASAHAGBUBXBZBSBOBSBHBEA9A/A1AwAeAjArALAKAIAG
2405306001001,BSBpBoBtBhBQBPBCA8AxAsAcAgAjAVANALAHAIBQBdBqBoBVBLBBA6A6AwApAjAdAaAdAUAFAFAH
2405405001001,BSBlB2BxBmBUBIA8A2AtAsAeAaAdAWAOANAEACBSBbB1BcBdBHA9A5A8A0AsAnAlAgASAOAEALAI
2405504001001,BbBeBrBYBeBYA5A5BFBBAqAsAsAdAfAOAQAFADBKBMBeBhBhBQBAA6A0A1AxAdAkAeAdASAMAKAG
2405603001001,BGBOBcBXBjBdBYBKBDA9AyAeAhAUAVAMAJAIADBMBPBVBZBjBaBSBEBGA/AqArAjAYAYANAKAIAE
2405702001001,AzA9BMBVBRBOBKA/BIBQA5AwAvAbAaARARAGAEAuA+BPBJBTBQBJBNBJBOBDAxA8AfAoAUAVALAH
2405801003001,BaBgBwBqBmBVBIBBA3AvAiAcAgAXAUANAJAEADBRBdBtBmBlBVBGBAA6A0AlAhAiAaARAPALAIAH
2405900001001,BQBbBTBvBnBVA6BHBBA5AlAZAaAeAdATAFALAABOBhBhBxBaBQBEBHA2A6ArAkAlAVAeAUAMAHAF
2406007001001,A8BPBeBXBVBIBHA+A+AzAiAsAmAxAWAaAQAGAGBABWBlBNBRBVBDA7BIA9A3A0ApArAmAZARAFAG
2406106001001,BDBMBXBXBcBfBTBLBFA6AzAgAkAeAUARANAIAFBDBKBOBSBaBdBPBCBDA+AxAqAmAdAeAUAQAJAF
2406155001001,BJBoB0BsBiBWBMBDAuA9AnAjAeAcAVAeAPAAAOBOBVBnBaBSBVA/A7A4AvAnAeAnAbAgATAKADAI
2406205001001,BTBdB5B6BfBYA/A9A1A2AkAcAdAXATAOAMAJADBOBlBwBrBjBIBLA+A3A0AoAaAlAXASAQAJAJAD
2406304001001,BQBoB2BxBdBUBFBCA7AyAjAbAfAbAeANAMAEAFBYBlBxBmBKBQBAA9A+AwAmAdAkASASAUARAHAE
2406403001001,BOBrBhB0BqBUBIA9AyA/AlAjAYAiAlAHAMAEAABNBPBrBgBYBMA3A9A6A0AyAhAeAdApALAPAKAG
2406502001001,BUBfBoBiBvBPBJBBA2A2ArAbAfAUAWALAKAHACBNBWBpBoBrBPBHBAA9A3AnAlAmAWAaALAOAIAH
2406601001001,BXBeBpBvBlBTBNBBA8AuAnAgAaAcAQANALAIADBZBjBjBvBgBIBCBAA+AuAkAdAiAbAWAUAKAGAG
2406700001001,BHBYBfBiBeBPBIBBA4BDAtAkAsAWAbAOAJAIAEBNBKBdBdBcBNBHA/BGA8ApAwApAiAWARAOAOAF
2406809001001,BEBaBsBoBhBVBDBBA7A/AeA4AmAaAZASAOAEABA4BSBbBhBgBNBABAA7A1A0AlAgAjAhAbANAJAF
2406908001001,BMBWBdBrBVBZBKBDBHA7AfAoAsAkAJAKAMALAFBMBPBYBQBeBaBTBDBCAwAvAsAoAOAaARATAKAJ
2407005001001,BYBVBjBgBfBbA+A+A+AyAjAnAgAXAYARAJAKAFBaBXBeBgBbBXA+A6A/A2A5AoAvAfAUAOAJAGAN
2407104003001,BKBVBhBgBiBaBSBJBHA2AwAZAbAVAOAKADADACBOBXBiBhBnBbBYBMBIA8AqAmAdAYAMAPAKAGAD
2407104003002,BZBbBpBlBkBaBQBHBCA1AmAcAaAUAOAMAKAFACBUBWBmBlBfBZBQBFBAA0AlAjAfAYATANAIAEAC
2407203003001,BIBVBiBaBbBhBOBHBPA9AmAqAiAUASANAFAFADBOBbBbBaBaBTBQBHBHBIA3AbAmATARAIAEAOAB
2407203003002,BTBDBRBTBQBJBDBSBOBTAyAnAgAMAMAOAOAEAGA/BFBNBQBLBZBkBIBNBfBCAkAoAbAWAUATAHAG
2407252001001,BaBSBoBXBMBSBCA6A7A6AoAuAmAdAPAcAQAIAHBTBVBRBeBTBUBKA0A/BBA4AxAyAYAaASAOAEAG
2407302001001,BOBVBXBcBeBUBDAyA8A6A0AuAqAdAUAJAOAOADBMBcBaBZBZBXA6A5A/BEA0A6AoAfAZAKATAKAE
2407401001001,BHBQBVBfBXBRBIBBA3A4AwAuAyAUAfAOATAEAEBMBOBUBUBGBUBGBEA/A7AwA5AqAlAlAZAVAKAC
2407500001001,BiBrB1BuBgBVBNBDA+AtAqAhAVAYALAPAFAEADBiBiBrBmBVBVBJA+A2AyAiAgAmAXAJAMAKACAD
2407609001001,BKBkBpBgBVBaBPBIA+A5ArAiAiAfASANAJAIACBUBQBgBaBOBUBLBMBHBAAuAgAjAYAdAPAIAFAA
2407708001001,BPBhBvByBdBFBLBAA2A1AdAlAeAcAUAUAJAIAEBYBeBzBhBcBLBHA8A3AvAiAnAcAkAfAUATAFAB
2407807001001,BVBbBwBrBhBOBMBGA3A3AvAWAbAbAVAKAIADAEBQBiBmBvBdBPBIBDA8AyAsAeAeAdAbAPAGAHAH
2407906001001,BdBRB3BrBeBQBIBJBBA9AgAZAoANAUAbAJAGADBKBGBnBoBrBJBFBABCBGAfAbAjAUAcAPANAIAB
2408003005001,A7A0A/BOBkBXBIA9BDA/A3AjAeATAZAMALAEABA2A5BDBUBuBfBUBGBXBPA/A7AuAqAgAkARALAJ
2408003005002,BRBUBZBhBvBlBRBKBBBEA0ASASAPAJAEAGACADBMBLBWBiBzBkBYBPBMBKA2AWAaASAPAJACAHAA
2408003005003,A6BDBKBTBiBYBKBBBFBCArAmAiAUAUAHAMAKABA4A+BFBTBiBdBQBLBZBSBDAuAqAoAXAjAWALAF
2408003005004,BCA/BPBbBnBdBOBIBFA6AwAhAcAdAVAFAJAEABA2A/BCBcBsBlBRBQBVBMA3AyAvARAgAPALALAC
2408003005005,BaBWBiBcBlBnBcBJBJA9AnAbAPANAIAFABAFABBUBaBZBmBtBmBcBLBOA+AiAeAYAQAMAHAFAEAD
2408003005006,BVBTBfBZBiBZBZBNBKA3AiAZAbANAKAIAKAEADBUBXBjBcBqBZBZBLBPA5AnAnAgAWATALADAIAB
2408003005007,BTBZBcBUBaBWBcBXBYA7AsAYAWAJALAHADACABBWBVBZBPBeBkBoBlBXBBAqAaAbAPAIAFAHAEAC
2408003005008,A/BIBRBcBhBbBOBFBKA9ApAeAaASAcAJAGAEADBKBHBNBeBoBdBYBNBVBGA3AmApAgAbARAHAIAB
2408003005009,BKBWBYBUBlBhBaBRBGA+AqAeAWATANAJAEADAABMBKBQBeBmBpBjBWBPA/AzAiAdAUAQAJAGACAB
2408003005010,BFBEBMBUBuBrBTA/A9A+A5AnAfAUALAFADABADBDA/BGBWBzB0BbBJBJBMBEAwAgAVATAOALADAD
2408003005011,BRBWBaBaBhBdBTBLBCA3AkAdAaAVAKAHAHAEABBQBRBXBcBoBhBaBSBHBCAvAjAaAVAOAUATAGAE
2408003005012,BdBUBWBVBkBqBXBMBFA4AzATAYAMAOAHAHADAABKBKBQBaBvBtBcBQBFA9AvAfAgAZAQAOAGAFAE
2408003005013,BaBcBmBqBpBqBTBNBIBBAtAjAgAiAMALAEAEADBRBUBfBbBXBOBGBEA5A6AmAlAeARALAJAHAEAB
2408102004001,BVBXBjBfBmBgBSBDBCA5AtAeAWAKAJAFADAEABBPBSBiBlBpBlBYBMBHBEA0AnAeAVAKAIAFACAC
2408102004002,BXBZBmBkBhBbBSBLBFA6AlAdASAOAHAFACACADBYBWBmBkBpBhBYBTBQBCAqAcAYAOAJAHAHABAB
2408102004003,A5BABMBRBjBmBTA+A7A4A4AsAmATAUAHAHADACA3A+BIBSBnBtBXBIBMBLBIA+ApAkAZAPAHAIAD
2408102004004,BUBVBjBjBjBeBRBKBKA8AvAVARAKAJAHADADABBPBSBhBjBmBiBaBVBVBEAyAcAXAVALAHAEAEAB
2408102004005,BKBNBZBeBpBcBSBFA+A+ArAdAdAOAPAJACACAABJBIBaBhBwBkBYBTBNBFAtAtAiARAQAPAGAIAC
2408102004006,BCBLBZBdBhBZBOBDBCA7AiAqAYAXAQANAHAEADBGBLBXBbBhBdBTBKBMBFA3AsAmAiAWASAPAJAE
2408102004007,AxA0BCBKBjBZBLA/BEBAA4AlAbAYANAQAOAPAAAuAyBFBLBrBfBUBRBUBNBLA0A3AnAhAZAkALAF
2408102004008,A3AyBCBQBeBWBKBEBIBCA4ApAoAWAOAOAGAGADAsA0BFBQBkBbBWBRBTBRA/A6AqAqAkAXAcAVAH
2408102004009,AlAnA3BHBQBIA/A7BBBGA5AyAnAjAYAOATAHAFAmArA1BJBmBeBZBMBQBcBbA2AzA1AxArAiAQAH
2408102004010,BEBLBXBbBcBbBOBEBKA9AsAlAiAKASAGALADAFBABFBWBaBlBfBXBLBNBEA5AlAvAfAYAOAGAOAE
2408102004011,A/BABRBVBlBhBRBGBFA4AlAnAbAbARALAFACAEA8BEBMBYBkBnBYBQBRBFBGAkAjArAYAMAQAJAE
2408102004012,AtAwA8BLBjBYBLA+A9A9AxAxAjAdASANAPAHAGAsAxA6BMBuBrBdBNBRBVBKA8BAAlAfAZATAHAJ
2408102004013,BVBeBsBqBoBeBVBDBCA1AnAWARARALAGAGABACBTBYBpBnBoBiBVBLBIA4AmAjAbAOAPAFAIAFAB
2408102004014,BTBfBkBYBaBfBiBZBOA5ArAOAcAEAIAFACAAAABTBXBeBeBkBsBpBeBPA7AaAjAVAHAQAGAFACAB
2408102004015,BGBFBZBZBjBZBNBHBIA+AuAaATAbAPAIAFAEABBIBGBUBeBjBeBWBUBUBLA7AjAkAeAQATAQAHAD
2408102004016,AnArA3BIBoBpBJA7A3BBBJAvAyASATARAIAFACApAqAzBLBzByBdBEBJBeBVBIA2AnAfASANAJAE
2408102004017,AvAzA8BHBlBsBPA7A4A7BCAvAzAXAOAJAFAEACAsAvA4BMB1B1BaBJBMBUBNBIAzAiAdAQARAIAF
2408201001001,BUBfBtBoBoBdBTBNBGA2AoAgAaAXAQALAIAEABBSBbBoBjBUBOBNBIA9AyAoAfAiATAUANAIACAE
2408300003001,BTBcBiBkBhBZBGBAA/AwAlAcAYAYAVAPAHAJAEBHBYBoBqBdBYBKBEBAA7AsAgAgAlAWAQAOAHAJ
2408300003002,BNBcBxBtBaBOBEBEBBAyAfAmAoAXAYARAOACADBDBWBrBmBbBPBEA+A/A2AqAdAnAcAhAVAOAIAF
2408409001001,A8BYBhBTBhBRBKBCBAA9AsAwAwAfAlARAWAHAGA7BABZBJBPBHA8BIBIA7AuA+AlAuAZAbANAOAD
2408508001001,BFBGBTBRBjBXBDBBBGA8AuA5AsAVAlAOAKADASBABKBQBLBPBIBIBCBLA8A7AyAoAoAgAXAVAIAJ
2408607001001,BaBXBhBgBVBhBLA1A9BBAmAvA2AhATANAKAHAGBMBPBUBSBPBUBGA2A4A/AuA2AiAbARAdAJAHAQ
2408706001001,BWBZBeBaBLBkBDBEA1A9AxAiAaAlAaAJAPALAHBUBQA/BVBmBeBLBOAtA5A0AaAvAqAdAOAMAJAJ
2408805001001,BdByBtBfBtBYBAA1A4AuAiAhAcAaAXAMALAGAFBXBsCABrBcBKBAA3AvAqAiAmAgAiAMAYAMADAD
2408904001001,BLBKBZBVBrBWBLA/BFA4AtAlAiAUATAMAQAJAEBPBKBaBYBlBRBLBEA/BBAxAsAhAeAbATARANAG
2408953001001,BmBoCABiBcBdBTBEA7AuAdAcAbAWAWAGAHAEADBdBqB0BcBZBVBPBAA4AmAcAkAeAUAWAMAKADAB
2409100001001,BLBSBlBmBkBVBLBDA/A2AcAkAgAfATAUAMAHADBNBKBgBoBmBcBIBIA8A2AmAgAiAgAaARARAFAE
2409209001001,BVBVBuBqBOBOBSBPBBAwAbAsAsAeASAHAJADAGBEBUBrBqBVBLBOBLA1AzAeAnAqAbAYALAUANAL
2409308001001,BQBWBaBhBXBSBNBIBDAyApAkAlAZAcAOAIAHACBLBNBaBRBRBWBTBLBGBAAwAoAoAeAcATARAJAD
2409332001001,BYBrBqBxBqBQBHA8A6ApAnAnAfAUAeALAGAIACBRBiBiBgBYBUBIBDA3A0AlAjAnAZATANALAKAG
2409407003001,BBBWBYBeBgBbBLBFBDA6AvAeAgAWASAPAMAHADBGBIBTBYBeBgBSBKBLBEAwAvAkAZAVAaAIAKAB
2409506001001,BVBdB3B2ByBQBJBKA0AkAjAfAdATAVAFAQABAEBQBjB0BvBfBMBMBFA1ApAiAiAsAYAOAPADAFAD
2409605001001,BPBeBxB8BnBLBCA9A0A/AuAjAoAaAjADAEAKAGBLBQB2BoBMBMAwBFA1A1A2AeAkAeAJALARAQAL
2409704001001,BZBRByBuBoBNBJA7A9AyAuAoAiAhAZALAKAHAIBMBaBkBXBZBKA6AxA2A8AuAiAqAYAaAYAMAOAM
2409803001001,BWBfBuBuBiBSBKA+A3A2AlAiAgAcAUANAMAMACBXBaBjBoBTBSBEA+A4AyAlAlAfAdAbAPARAJAD
2409902001001,BPBUBcBaBjBcBTBHBFA/AsAeAbAaAUAIALAFAEBLBTBcBYBaBXBMBLBIBBAyAcAhAdAbAOAIAFAH
2410009001001,BHBTBTBaBVBpBPBIBAA8AmAmAhAhAaAIARAEAKBIBGBMBZBWBdBSA1A8BDA4A3AqAUAYAVAQAPAC
2410108001001,BWBmBsBsBqBhBOBAA3AqAkAbAcAWAUALAKAJAEBOBkBsBsBhBYBIA8AyAtAmAgAiAZAPAQAJAKAD
2410207001001,BVBKBdBcBaBXBAA9A/A7A4AmAdAcAUAOAQAHADBLBTBPBfBbBNBAA/BFBCBCApAdAjAiAXAVAEAG
2410256001001,BbBpB2BpBlBXBWBEBDA4AhAkAnAVAKAJAKACADBMBYBkBfBSBRBSBDBDA1AnAiAYAXAHANAKAIAE
2410306001001,BdBvB2BvBkBRBJA6AwA0ApAgAUAVAZANAPAEAEBhBuBjBfBZBWA/A4A5AsAcAsAZArATAFANAFAC
2410405001001,BXBsB3BsBhBQBEA9BCAsAeAkAhAYAWAMALAHAEBfBmB6BlBVBMA/A8A9AwAiAcAoAUAbANAGAEAB
2410504001001,BABWBaBVBbBTBLA+BLA3AsArAqAcAhAMARAGACBIBaBPBWBaBSBHBEBNAyA4AyAkAiAQAdAMAHAF
2410603001001,BJBUBjBWBLBKA9BIBMA+ArAvAsAbAaAVAUAJAEBBBgBUBMBBBIBPBIBRA3A1AnAuAsAZARAQAKAC
2410702001001,BPBmBRByBlBYBGBEBLA3AsAZAkAVAfAUAHACACBTBXBLBhBNBXBABQA/A6AwAVAmAjAWALAQALAG
2410801001001,BRBfBXBZBRBWBIA6A8A5AnArAmAjAdAZANAKAABBBXBZBYBVBSBBA6BCA3A4AsArAjAkAZAOAGAF
2410900001001,BIBrB9BwBdBPBGA4A9A2AoAaAbAaAXAOANAHACBMBfB1BsBZBMBKBBA1AxAlAnAeAcAVATANAEAB
2411007001001,BJBYBmBkBPBLBIBFBNAzAjAmAeAgAbAKARAEAFBJBVBeBUBYBUBHBKBDA9AzA5AmAcAYAMARACAI
2411056001001,BMBbBUBiBWBgBUBLBCA9AyAkAjAXAOAIAKAGACBZBUBZBXBcBqBSBABEA1AwApAWAdATAFAKADAI
2411106001001,BIBaBuBzBcBNBRA8A9A+AiArAkAgAVAKATAIAAA+BjBsB6BOA+A+A/A4AtAmApAtAZAdAVAKAJAC
2411205003001,BKBUBmBrBrBTBLA9A9AyAlAnAcAjAOATAIAHAABLBNBnBqBkBXBIA9BDA5A3AaArARAUAQAOAHAC
2411205003002,BVBVBpBkBnBdBJA8A1AyAmAXAdARAVAJAMAHAABPBSBlBmBnBdBHBGBAA2A1AZAkAiAaAVAMAEAH
2411403001001,BGBJBWBaBlBRBMBGA/BHAuAhAjAhAZAUAPADAEBCBIBTBZBgBNBKBEBFA+A3AmApAkAbAXANAMAE
2411429001001,BDBKBLBdBcBlBPA3BJBBArAzAfAXAbAdATAHAAA7BSBPBkBpBOBKBGBIA0AgAwAzAfAcAIANAPAA
2411502001001,BWBbBoBsBfBSBNBEA8AyAeAlAeASAbATAKAFACBNBUBhBmBaBSBKBEA8A2AiAqAwAhAQASALAFAF
2411601001001,BKBlB2BnBhBZBFBBA0A+AjAsAcAgAZAIAJAJAEBYBmBVBmBbBHA9A9BBA4AvAdApATAVAPAMAHAF
2411700001001,BQBcByBsBoBXBCA+AzAyAoAhAdAVAVAIAPAGAGBgBgBnBmBmBIBCAyA8A8AlAdArAWAZAPAQAHAE
2411809001001,A/BIBbBaBeBcBBBCBaBAA2AnA1AeAWAQAJAJACA9BFBRBfBYBHBMBJBEBEA1AoAwAbAPAJAUANAD
2411908001001,BCBTBdBhBeBbBGBEBMA2AvAzAbAaAUARAKAFAIA7BLBSBgBVBTBQA+BCA+BBAsAqAkAUAKATAGAE
2412005003001,BaBbBvBrBfBdBPBOBKA9AmASALATAKAHABABAABNBSBsBpBhBhBcBRBVA7AmAbAUARAMAJADAEAC
2412005003002,BPBKBZBZBqBaBVBIA8A1ApAkAVAXAKAHAHACADBLBLBZBdBqBkBUBTBPBCA+AfAeAhAQAJAKAIAE
2412005003003,BfBbBuBpBaBiBXBRBCA1AmAXAXAQALAHAEABADBRBdBrBeBgBiBgBOBDAvAoAYAYARAMAJAKAAAE
2412005003004,BOBZBmBfBnBdBVBHA+A0AtAeAaATAOAJAGAJAEBMBVBmBgBlBeBVBHBBA5AsAdAgAaATAGAJAGAC
2412104001001,BJBCBOBdBbBfBMA9A6A4AxAoAiArAcAUARAEAFBABJBOBVBNBSBIBJBHBDAtAvA0AuAoAVAIAHAF
2412203003001,BWBeBnBjBfBUBLBFA7A2AqAcAYAbAVAIAIAGAEBHBXBkBjBaBVBNBIBCA5AsAiAhAkATAUAMAHAD
2412203003002,BbBpBxBpBnBRBIBEA+AyAmAeAcAYARAHAIAFABBTBjBxBsBbBVBKA+A9AwAeAmAYAbAMANAKAFAG
2412302001001,BKBYBrBvBmBPBGBCA9A1AoAeAfAXAZAOAMAHADBIBbBoBpBXBRBBA8A6A1AqAqApAcAXAYAMAIAH
2412401001001,BIA/BWBcBmBhBCBMBEBHA8AkAeAiATAGAJALAFBFBLBJBdBtBTBJBFBHBMAkAvAyASAOANAUADAE
2412500001001,BZBZBqBcBUBMA+A4A4A2AmAjAqAWATAQAKAGABBRBZBmBmBaBRBIBCA+A+A0AsAiAgAjAQAOAGAE
2412559001001,BXBlB4B6BwBZBHBAA0AzAnAWAlAbAIAJALAEAEBcBdBvBqBrBQBEA8AzAtAfAgAeASARANAFAJAA
2412609001001,BIBSBlBhBmBUBGBCA/A0AwAhAfAWAVATAKAIAFBHBUBgBlBgBPBIBCA+A6ArAnApAYAcAWATAIAE
2412708001001,BQBWB2BmBdBSBLBGA5AzAlAmAXAmAWAVAJALAFBOBTBiBYBQBRBGA7A5A2AoAuAuAeAeASAOAIAD
2412807001001,BABQBYBVBlBWBHBEBGBIA4AbAjAYAlARATALAIA5BKBLBVBSBSBGBABEBCAzAnApAtAeASAQANAD
2412906001001,BIBYBuBnBbBFBAA/A8AzAzAjAfAmAdAPAOAMAGBBBPBfBhBXBCBEBDA6A1A+AfAlAqAgAfAJAKAH
2413003001001,BHBCBYBPBeBZBGBBBEBAA0AkAnAbAgANAOAHAEA7BHBiBSBcBZBIBHBHBLAwAnAsAbAcAVAVAKAF
2413102001001,BRBgB0BrBiBHBBBDBBA7AsAkAfAXAVANAHANACBMBbBxByBSA4BCA+A9A1ArAmAkAgAYAQAKAGAG
2413201001001,BkBuBnBrBWBgBFBDA6AnAvAUAfAZAMAKAJADAABeBhB8BgBdBdBUA2AzAuAyAXAiAcAXAHAEAAAH
2413300001001,BJBVBrBzBmBMBDA2A+A3AnAmAiAfAYANAMAGAEBXBVBjBnBeBOA6A4A8A2AiAoAiAiAoAQALAKAI
2413359001001,BVBlBoBmBnBhBaBJBFAzAqAcAfASATAOAQAEAFBbBfBfBVBgBaBLBAA6AzAqAVAZAVAWANAGADAA
2413409001001,BEBWBaBeBeBXBOBKBJA7AvAmAgAWAYARANAHAABBBRBLBVBQBZBQBFBIA+A5AmAoAdAcATAOAGAF
2413508001001,BNBhCCBxBjBUBFA/BHAyArAZAfAcAbASAQAGACBGBlBjBgBLBKBFBCA+ArApAeAlAbAbAQAMAEAC
2413557001001,BLBNBOBeBRBQBNBMBABDAuAvAtAiAcAKAQAKAFBBBGBQBdBUBSBFBHA+A/AwAwAkApAfATAQAHAE
2413607001001,BABJBWBiBbBRBEBHBOBIA4AeArAWAVAQAVAGABBCBBBYBkBUBOBLBPBIA+AxA2AlAgAaATANAEAA
2413706001001,BIBXBnB/BkBRBJA/A3AwAyAfAkAZAVAPAIAJAIBXBWBkBsBgBJA/A7AwA4AyAfAiAgAYAOAMAMAE
2413805001001,BUBmBoBVBfBkBKA6A9A0A2AlAiAXAXAFAPAEAHBLBUBLBbBPBeBaBFA+A9AyAzAlAOAPAQAMAEAF
2413904001001,BZBhB8BwBtBcBFA7A6AuAgAjAoAQAYAOAIAEADBQBfBpBiBbBRBCA7A4AvAjAhAhAgAUANANAGAC
2414001001001,BaBiBmBuBlBcBHBAA4AyArAdAhATAYAPAIAEACBSBaBqBmBbBSBGA9A2A4AuAgAkAXAZANAKAHAF
2414100001001,BNBSBTBcBpBhBVA9BBA3AwAiAbAiAaAKALAIAGBWBMBPBfBlBTBLBAA6A8ApAqAkAqAXAMAIAGAG
2414159001001,BoBzBlBTBkBhBWBCA4AnAgAhAVAeAdAJAIADAFBaBcBdBXBkBiBQBGAzAvApAkAgAbAQAKAEAIAD
2414209001001,BdBnBfBiBfBnBgBKA5AvAuAaAXAQAOAFAHAIADBeBUBgBeBeBnBWBAA9A1AqAaAfAXAMAJAJAHAC
2414308001001,A9A+BUBnBSBcBKBFBaA6AtAnApAdAeAUAKAIACA3A6BQBQBVBRBNBFBLBQA0ApApAjAgAWATAOAH
2414407001001,BcBoB8ByBnBdBJBBA8AyAeAfAdAYARAJAIAGACBSBiBtBjBcBTBFA+A5AuAoAZAfAXAXAJAKAGAC
2414456001001,BhBhBvBqBeBuBOBEA2A3AsAYAoAUAZAGAGAJAHBTBfBYBeBeBNBEBDA4AnAwAcAhAeAPASAJAFAD
2414506001001,BDBYBgBZBeBRBGBGBCA6AnAuAtARAWAJALAFAHBEBFBfBcBXBRBKBHBGBAA4AoAqAdAbAPAXAIAI
2414605001001,BOBcBgBkBpBhBWBIBEA8ApAeAfAZATAOAOAEADBJBTBiBWBfBSBNBBBBA0AoAnAdAaAZAKAMAGAD
2414704001001,BPBWBaBeBgBUBEA8A9A8AwAjAXAlATARAQALARBFBPBgBfBdBRBDA5A1AxAqA1ArAaAgATASAKAP
2414753001001,BOBmB3BtB4BQBIA6A/A3AjAhAXAbAZAGAHAIACBRBYB0BvBfBNBGA6A4A1AmAnAhAZAUAGAGAIAA
2414803001001,BLBgBpBuBXBOBHBRA/A3AlAgAhAVATAMAKAIAGBEBYByBsBaBOBIBMBEAyAiAjAoAPAZAPARAFAD
2414902001001,BFBfBuBuBQBJA/BPBJA+AfArAWAbAbALANAHAABFBCBVBiBkBTBNBLBGBFBBAgAiAeAWAOAIADAE
2415008001001,BXBiCGBvBrBPBGBNA1A0AnAbAWATASAIAIAFADBKBYB7B4BjBfA6BCA5AzAXAqAgAJARATADAAAF
2500106001001,BTBpB0BvBjBMBBA5A7AyAjAkAeAXAjALAHABAABIBaB6BpBUBMBCA6A+AyAzAeAkAhAbAPANAIAD
2500205001001,BHBcBjBdBCBJBNBAA8AxAsAuAfAhAjAUAJAKAHBPBSBkBeBNBQBMA+A0A7A4A0AnAnAZAYAOAFAI
2500304003001,BUBaBrBpBRBNBCA8A6AzAkAqAfAdAXAMAIAHAFBUBYBkBnBQBOBJBAA8A0AwAkArAfAdAZATAHAG
2500403001001,BXBmBkBlBaBUBGA8A7AwAlAmAkAaAQAQALAHADBPBWBfBgBcBVBGA/A8A0AoAqAkAeAiASANAIAI
2500502001001,BcBhBuBrBfBRBDA+A3AtAkAfAjAZAOAQAKAFAFBPBbBlBsBVBNBPBFA6AvAlAnAhAfAjASAKAHAI
2500536001001,BPBYBjBvBVBFBLBBBFA3AlAgApAXAPAXANAMALBPBRBkBfBTBJBKBEBHA8AlAtAbAaAbAWAPAEAK
2500577001001,B0BgBjBzBaBNBRA6AwAyAvAgAnAgAWAHAKAFAFBRBiBdBaBgBQBEA6AxA0ArAeAzASAdARAFAFAH
2500601001001,BeBhBuBmBZBXBQBIA9AzAoAaAZASALAHAJAEACBdBfBqBjBfBeBXBPA7A2AjAiATAaASAMAGADAB
2500700001001,BBBMBYBYBUBMBMBGA9A/AuAuAjApAYASANAIAEA8BIBZBYBRBWBKBFBFA7AxA3AwAmAgAWALALAH
2500734001001,BoBSBBBbBsBSBaA4AzBBAqAnAjAXApAPACAMAABOBeBcBiBTBWBJBEA7A5AuAbAoAjAcAVAGACAE
2500775001001,BNBNBWBSBZBPBNBFA7BAAsArAkAjAmAMAPAGACBRBWBJBSBZBRBKBABBBAAwAqAtAkAnAOANALAD
2500809001001,BOBTBsBuBRBLBHA8A/AyAsAmAhAhAdATANAGADBKBSBjBlBUBFBEBBBEAuAwAsAkAqAbAZAPAHAH
2500908001001,BOBTBcBgBQBKBCA6AzAwAmAlArAjAmANAOAKAHBOBWBdBhBQBHA9BBA2AyAyAzA1AsArAVAPARAL
2501005001001,BVBpB0BoBWBNBLA8A3AtAiAfAfAbAZAMAGAIAEBZBhBwBqBUBKBHA9A8AyApAjAiAZAlAPAGAIAI
2501104001001,BYBXBgBsBgBWBIA8A2A1AnAjAgAaAUAOAJADADBTBYBeBlBbBXBFA8A8A4A2AgAhAfAfAPANAOAI
2501153001001,BIBbBXByBoBbBGBHA2A7AwAdAhAXAVAVAGAAAGBEBfBpB0BdBNBDA+BBA7ArAgAhAVAZARAJACAK
2501203001001,BQBWBXBgBQBLBFBAA4A3AnAgAkAZAbAPAMAGAGBPBcBaBaBYBaBNA+BDA1AwAvArApAkATARAPAC
2501302001001,BOBiBxBoBJA/A5A9A9AuAuAiAhAeATATAOAKAHBTBdB0BsBUBCA8BAA/A3AtAlAoAkAdAVAVAFAH
2501351001001,BeBgBoBrBYBbBVA5A4AtAoAlAoAUASAJASADACBIBVBiBgBjBcBIA7A4AvAnAvAtAOAeAKAOAIAI
2501401001001,BsBvBuBpBgBUBQBKA1AzAhAgAaANASAJADACACBiBsBiBqBVBYBQA9A3A1AgAgAhAVAQAIAJAFAD
2501500001001,BKBhBsBlBSBOBFBBA8A1ArAgAgAbAUAUANAKAFBOBfBkBkBWBKBJA/BCA1AjAuAiAiAiAQAOAKAD
2501534001001,BbBgBiBgBfBFBPBHAvA0AzAfAlAdAOAPAPAKAGBOBaBSBPBdBQBJBCBHA4AxAdAsAbAiAUAMAIAK
2501575001001,BPBaBsBoBSBLA5BAA6A9AzApAwAYAaAMALAOAGBJBJBkBjBPBEA/BAA+A3AvAtAwAkAXAYAOAIAI
2501609001001,BTBbBlBiBaBPBJA/A8AvAmArAjAeAeAUAJAEAIBOBaBjBWBZBJBNA5A2A3ArAwApAkAaAQAMALAJ
2501708001001,BNBXBjBvBjBQBNBBA1BAAyAwAmAcAXAPANAKAFBFBQBgBgBQBKA4A0BBA3AxAtAkAeAWASAWAMAF
2501807003001,BOBYBZBbBaBXBTBFBFA2AoAhATASAOAJAFAHADBQBUBdBcBfBfBaBSBNA/AyApAhAkAWAGAGACAG
2501807003002,BgBfBtBjBkBZBTBHA7A1AlAaAUARALAGABACAABdBcBtBmBlBcBYBKBGA3AiApAVAVARAKACAEAB
2501807003003,BBBPBWBaBYBZBRBIBFA4ArAaAYAZAXAMAFADAABRBMBYBZBjBcBUBQBSBEAwArAhAmAcAPAJAEAD
2501807003004,BNBSBjBfBdBVBbBQBHAzAoAZAdAUANAHAEAAACBOBTBcBgBeBcBeBXBQA3ApAnAdAWAYAMAHAGAC
2501906001001,BHBVBeBqBaBLBKA7A8AsAhApAlAbAcAbALAIAHBFBRBdBYBXBJBTBDA0A0ArAwA1AqAnAVAPAJAH
2502003001001,BFBeBhBnBXBVBKBMBEA5AjApAiAdAiAOAIADACBKBaBQBYBSBNBJBHA8A6A1AsAwAZAbATANADAF
2502052001001,BjBmB8BgBGBJBEAwAwAzAiAoAiAbAZAHAHAAAHBUBxBsB2BXBNBIA3BCApA1AoAjATAdAQAPAIAF
2502102001001,BQBUBjBqBpBdBLBAAxAzAqApAfAfAVAPAKAIAEBLBNBdBiBdBXBJBDAtAxAyArAxAdAaARANAEAF
2502151001001,BRBVBXBgBjBYBRA8BBA1A4AhAcAYAUANAKAFAGBNBUBUBkBgBPBRA8BCA7AyAqAgAaAUAUANALAJ
2502201001001,BKBbBrBrBYBQBQA/A8A6ApAkAhAcAWATAUAEAFBTBVBkBRBVBGBOA/BGAtArAnApAmAVAWAIAEAI
2502300001001,BLBGBcBUBPBHA9BIBDBBA0AmAwAkAfAQAMAKAFA+BJBRBVBEBEBPBEBHBLAwAwAtAuAvASASAMAE
2502409001001,BjBiBeBkBhBUBOA7A7AvAjAkAeAVASAOAMACAJBjBYBiBhBnBUBQA/A1AvAsAhAjAcAVAPAHAHAF
2502508001001,BPBZBfBmBhBVBGBCA6A4AmAiAhAcATAQAKAGAGBTBUBZBqBZBVBEBEA+A5ApApAnAhAZARALALAG
2502607001001,BOBaBtBhBWBFA6A8BAA3AuAqAjAiAZAMAMAHACA/BVBlBiBYBPA9A/A9A4BAAtAsAaAaAaAOALAG
2502706001001,BVByByBqBJBRBKBBAyAzAmAgAnAUAUATAMAGACBHBsBjBlBJBSBKA6A0A1AnApAlAjAZAWARAGAF
2502805001001,BUBVBdBhBsBXBJA+A9A+ArAjAWAYAWARAIAFADBSBMBbBcBdBXBMBCBGA+AuAmAjAdAVAVAOAEAD
2502904001001,BKBOBhBaBdBOBJBKA5A/ArAtAoAbAZANAOAEAMBJBZBTBPBXBIBHBCBDA8A6AvAwAeAcANAOAHAJ
2503001001001,BfBqBxBnBcBhBRBEA4AyAlAbAXASAKAKACACAABgBkBsBqBcBgBXBHA8AsAjAlAeAMASAGALACAA
2503100001001,BQBTBPBlBZBIBNBCA2A6AwAkAuAiAVAWAGAJAJBQBPBdBbBTBPBBBAA+A9AxAsAuAeAXAUARAJAO
2503209003001,BsBiBoBfBsBiBUBJA+A1AgAcASAHAHAEAGAAAABWBcBcBjBoBpBfBQBDA5AlAfAfAMAFANADAFAA
2503209003002,BLBLBMBQBXBXBWBKBCA/A0AqAgARAOAMAFAAADBJBIBKBSBjBvBlBaBLBHA7AmAdAcAWANAMABAD
2503209003003,BKBQBVBUBXBWBPBLBHA+AxAiASAYAMAIAJADABBLBMBaBSBZBeBdBSBOBHA2AxAiAfAVASAMAHAC
2503308001001,BMBSBjBoBmBZBOBCA8AzAgAoAuAVAaAVANACACBJBZBeBgBTBXBCA5A6AvArAvAvAgAXATAOAIAI
2503407001001,BIBYBUBlBiBdBEBBBAA8AtAsAbAjAZAMAPAAAEBMBOBVBqBWBeBGBDBDA2AvAnAnAaAYATADAOAH
2503506001001,BWBeBwBuBUBFA9A2A6A0AkAhAkAdAYAPARAJADBQBdBnBkBWBKA+A4A7A7ArAkApAkAnAUARAJAG
2503555001001,BtB9CAB1BRA7A4AsAtAkAgAkAZASAZAMAJAGAAB7B3B9BvBdBHA9A1AxAsAlAdAlAXAZAPANADAE
2503605001001,BQBVBiB0BYBTA/BEBBAwAnAlAdAlAZAPARAGAEBHBSBkBfBOBFBPBLBEA5AlAnAdAsAdATAMAJAG
2503704003001,BKBTBiBhBaBaBVBDA4AtArAhAUAiASAFAHAHADBHBPBcBbBjBgBbBKBGA4A2AkAnAUAcAWANAKAD
2503704003002,BLBQBaBnBhBVBNA/A8A1A6AbAjAgAaANAIAGAEBHBMBbBlBeBSBNBBA+A1A1AvArAZAYAUANAGAH
2503704003003,A/BIBOBPBeBcBOA/A6A2AfAuAhAaAaAOAIAGACBHBCBNBWBsBpBYBHBJA7A2A5AuAgAiAVAOANAD
2503753001001,BeBUBiBaBhBfBHA6A/A5AyAnAkAiAOAPATACAFBOBmBaBWBfBWBAA6BJA3AgA5AjATASAQALAAAD
2503803001001,BOBWBvBkBhBIBPA+BGAzAsAbAqAgARAJAJAGACBFBSBhBuBUBKBFBPBDAzAlAnAhAoAbAYAIANAD
2503902001001,BQBRBrBbBVBCBPBFA5A4ArAkAsAcAkAOANAFABBLBcBmBeBPA+BDBABHA4AuAsA0AYAdAZARAJAF
2504009005001,AsArA6BIBiBXBHA3A7A5AyAsAqAVAYANAQAMACAqAvA5BOBuBlBTBFBKBRA7BLAmBBA0AkAjAOAP
2504009005002,A/BJBNBQBbBYBJBFA7A4A0AhAjAbASASAIAGADBABFBPBSBiBkBUBJBFBGA9A7AtAmAUAbASAJAH
2504009005003,BMBVBTBYBaBcBNA9BAAzArAeAdAZAMAMAIAHABBNBVBNBZBkBcBRBHA/BCBCAhArAhAdAbANAIAL
2504009005004,BABBBJBUBeBTBJA6A/A3AzAiAhATAbAFALALAGA5A7BCBbBmBgBMBJBSBKBAA0AyAqAqAaAZALAE
2504009005005,A5BCBRBRBeBTBKBBBAA/A5AfAiASAOAPAFADACA8BBBRBXBfBgBcBSBVBTBAAxArAdAgATAOAIAI
2504009005006,BIBOBXBYBbBUBLA7BAA0AnAkAdAWAQAQAHACAFBHBRBWBXBVBhBUBHBJBDA+AnA0AWAkAZAUAJAH
2504009005007,BZBZBlBcBdBZBMBDA8AzAwAXAXATANAKAIAGAABSBcBgBcBfBgBRBKBEA7A0AiAeAdAWANANAIAJ
2504009005008,BYBYBgBdBmBlBOBIA6AxAtAlAgAXALAHAFAHABBYBVBWBZBlBhBPBDA9A6AyAtAdAYAPAOANAGAE
2504009005009,BaBTBhBiBgBWBJA+A2A4AqAeAeARATAGADACADBWBSBcBgBkBZBRBLBGA7AkA3ApAWAbATAOAEAH
2504009005010,BKBQBWBUBeBeBMBCA6A3AvAiAeAOATAOAIAFAEBGBRBRBSBoBhBUBIBOBEA3AtAlAhAcAPAOAHAF
2504009005011,A6BABOBTBbBTBGA5A+BBAuAuAkAQAWALAIAGAFA5A8BHBWBfBZBQBNBXBUBAA8A5AiAjAZAPAOAE
2504009005012,BFBMBUBcBdBXBTBDBCA7A4AkAfAXAPAHAGADADBEBBBTBWBkBjBcBQBNBFBDAkAnAaAYAOAKAGAD
2504009005013,BEBMBYBYBdBbBUBCBCA4AlAuAeAPASANAJABADBCBDBXBWBhBiBfBSBMBDApA8A4AUAZAJAHAJAE
2504009005014,BSBRBVBUBVBfBjBEBLA5AqAcATAPAPAFACACADBTBKBPBXBmBuBoBcBQBEA7AeApAOAQAPAEABAB
2504009005015,BMBKBbBaBaBfBSBFBGA1AtAmAXASANAHAFACADBHBNBVBcBoBqBdBRBQBDA5AmAkAYARALALAFAC
2504009005016,BRBOBcBTBbBcBUBFBCA9AdAyAZAUAOAMAEAEACBBBMBUBbBgBlBgBQBLBBA2AtAqAWAUAMAKAGAE
2504009005017,BMBOBWBjBlBeBKBCBCBAAyAjAVAQAJAGAEADACBFBLBXBjBpBhBQBKBRBPBAApAfAbAOANAJAEAD
2504009005018,BdBcBgBdBnBqBfBQBIA2AiAdARAOAIADAHABABBXBYBfBhBcBeBeBXBIA5ApAaAYASANAHAGABAC
2504009005019,BSBaBnBeBcBdBRBHA7AwAqAaAYANAPAOAJAFAABQBZBlBnBiBbBaBJBEA7AsAlApATAMAQAKAHAA
2504009005020,BUBeBtBqBZBYBQBCA+AxApAcAbAWASAJAFAFADBWBfBjBkBbBbBUBPA/AzAlAhAWAeAXAKAJAJAD
2504009005021,BRBfBqBjBXBOBIBDBCAyAlAgAkAXATAPANAGACBWBXBoBeBdBTBMBGA6A0AtAfAmAgAYAQALAIAE
2504033001001,BhBtB9BtBYBRBbA9A0AqAlAcAZAXAPARACACACBkBvBoBqBRBOBQBDA0AsAhAnAfAZAUALAFAGAC
2504074001001,BPBgBeBhBPBBBCA8BGA8AuAtAtAoAYAcAMABAGBDBiBXBWBMBJBBBEA4A7AvAqAnAvAnAQAKAIAH
2504108001001,BMBUB3BsBiBfBNBFBPA3AyAfAdAUAcAOANADABBPBSB3BiBWBHA/BEBBAyApAjATAlAQAQAHAAAA
2504157001001,BdBfByB0BUBIA9A9A8AwAoAhApAcAaAMALAHAEBKBeBqBsBSBJA9A9A8A0AmAuAnAaAVAYAOAJAG
2504207001001,BSBnBrBlBZBXBCA2A5A5ArAmAfAhAWAOAJAAALBLBWBZBeBdBRBSA2A4A6AxAxAhAZAbAWALAHAI
2504306003001,BYBVBYBgBdBbBWBDBAA/AsAlAYAcAYAOALACADBJBSBPBbBcBaBSBGBBA7AvAsAlAYARATAPACAD
2504306003002,BHBPBTBTBdBWBMA+A7A+AnAoAcAcAcAHAOADABBIBMBOBZBdBaBZBFBGBHA3AxAkAjAlATAUAJAB
2504355001001,BXBbBfBpBSBTBOA+BGA0AyAfApAcAVAPAMAIABBPBbBaBcBTBLBJA+BBA7AjAuAjAdAVAYASAHAD
2504405001001,BLBVBgBkBoBRBKBDA8A4AvAiAhAcAVAMAKAEAFBKBVBaBeBdBUBMBFA6A5AvArAmAgAhAOAHAEAJ
2504504001001,BLBUBcBeBZA+A/A8A9BAApAwAiAfAeAQAMANAFBNBRBUBWBLBKBHBBBBBKA1A1AmAsAiATASAGAH
2504603001001,BmBjBqBlBhBdBQBFA7AyAkAmAdAOAPAJAEADACBaBcBlBpBfBbBUBGA/AtAvAcAcAXANAGAFAFAC
2504702001001,BDBoBhBtBFBDBPBGBJBDAnAdAlAhAcAXAQAIADBBBXBfBTBPBIBKBFA+A4AsAmAnAiAgAVARAGAM
2504801001001,BQBaBoBdBXBPBEA9A+A4AvAiAnAWAdAKAJAHADBJBTBmBaBXBTBMBBA+A8A2AoAoAmAcAUAFAHAI
2504850001001,A+BDBRBgBiBdBDBHBPBLAyAlAtAhAbAPANAOAMA0A/BFBSBOBFBAA+BOA8AqAqAuAvAnASAdAMAN
2504900001001,BcBlBsBkBXBXBNBMA/A2AqAZAhATALAHAJADACBWBjBsBeBaBaBVBJA+AwArAbAfAVAYAJAIAFAC
2505006001001,BbBfBmBcBgBPBHA+A+A3ApAXAeAfAVANAPAFADBZBcBaBZBkBTBHA6A9A1ArAkAmAjAaARAQAKAG
2505105001001,BPBUBjBbBiBLBCA9A7A3AtAmAfAgAeATAMAJADBBBKBdBYBiBLBCBGBCA8AsAvAuAeApAPAXALAG
2505204001001,BUBeByBrBbBRBFBDA2AtAgAfAmAZAPAQAJAKAEBUBXBuBkBYBKBNBCAzAxA0AgAeAiAdAUARAHAL
2505238001001,BcBZBzBdBWBNBAA6BDA2AwAoAgAVAWAQALAKADBEBUBwBuBPBNBAA9BAAxAyAhAjArAeAVAJAGAF
2505279001001,BSBcB0BzBPBJBRBGA1AuAmAoAnAWAVARAQAFAGBYBaBiBoBTBEBNA8A7AoAqAiAnAbAjAdALADAE
2505303001001,BWBjBlBwBpBhBKBMA+BBAgApApANASADAHADAFBEBNBoBoBdBXA9BEA2AyAmAgAkAgAPAHALAMAJ
2505352001001,BUBZB1BwBdBNBGA/A6AuAoAhAiASAaAOARAHAFBcBeB4BdBaBJBCA5AxA0AkAuApAYARAQANAJAH
2505402001001,BTBlBsBrBRBKA9A8A8AvAqAhAmAZAcAJAIAGADBUBgBrBmBMBTBJBBA9AyAnAuAuAhAeAMAMAKAA
2505501001001,BXBnBlBsBiBlBQBMA4A2AjAeAZAeAUAOALAHAABDBLBQBYBXBTBQBQBBAuAtAiAcAoAYAQAMAIAG
2505600001001,BFBaBlB8BrBTBQA/A2AxAjApAfAYAUAPALAFAFBOBTBqBiBdBSBDA9A/AvAzApAlAeAYAMAJAGAF
2505709001001,BRBdB5B0BUBGBEA8A2AxAgAlAfAaAbAcARAEAEBRBfByBgBSBKBBA8AzAsAlAoArApAkANAMAIAG
2505808001001,BABgBrBwBSBUA5A4BBAxAYAlAlAcAiAaALAJAHBNBVBnBbBOBBBAA7A/A5AzAnAkA7ApAKAMARAJ
2505907001001,BnBiBxBgBcBaBTA+A4AtAYAoAYAVAZAOAJAIAFBQBfBnBOBnBeBTBAA6AnAmAwAcAoAWAMAEADAB
2506004003001,BiBkBkBcBYBSBPBDA+AyAbAqAUAcARATAMAHAFBcBZBnBVBUBXBKA+A7AxAtAkAsAfAcAOAHAJAI
2506004003002,BJBRBgBVBdBTBPA8A/A0AtAgAjAVAaAMAMAFAEBIBNBVBdBbBVBVBDBCBAAvAsAuAdAeANAZAJAM
2506103001001,BVBcBuBvBUBHA6A5A6AxAjAqAuAcAWANAJAHAHBUBZBmBuBMBKA9A4A+AuAwAxArAgAgAWAMAJAI
2506202001001,BQBRBKBQBXBLBMA6A+BDAuAuAsAhAYAeAWAMADA5A5BbBDBVBbBFA6A7A5BAAnA3AmAmAXATATAN
2506251001001,BUBZB1BzBXBJA5A3A9AvAnAlArAbAQARAKAIAFBQBWBsByBVBHBBA+A8AwAxArArAYAUAOAOANAN
2506301003001,BaBeBjBgBoBXBTBFA/AsAoAfAkAcAUAKAJADABBSBRBlBeBUBWBQBHA9AxAkAjAiAaAbATAQAHAF
2506301003002,BMBOBXBdBXBbBPBHBEA3AtAhAWAVAcAKAFAFABBFBLBWBaBdBcBdBSBKA8AtAsAmAkAeARAMAGAF
2506301003003,BMBMBZBVBXBeBQBFBAA2AuAeAcATAPAUAJAGABBGBNBVBhBkBfBVBPBLA9AwAoAiAfAhAXAMAGAE
2506400001001,BVBUBuBnBZBSBMBEBBAxAuAbAZAfAVAVALADABBOBeBdBgBOBRBOBGBAA2AmAmAhApAdALAPAIAE
2506509001001,A+BUBZBaBjBIBCBBA+BIAyAkAyAhAQAJATAJAABQBEBhBVBjBCBHBIBFA/AyAvAqAZAmANAaADAH
2506608001001,BNBUBqBiBYBOBCBHAyA8AxAnAfAoAWAPAOALAGA+BIBWBZBMBMBABIA/A7A1AuAtAsAkARAPAJAI
2506707001001,BnBwB8BmBkBOBGA+A2AtAiAdAWAcAUAJAGAFABBcBvB4BkBcBJBDA9A2AsAtAhAfAYAPAQALABAE
2506806001001,BOBeBoBtBPBGBHA9A5AyAoAnAhAYAVASAMAIAFBMBXBrBjBRBMBIBDA7A1AsAuAqAjAdAVASAJAG
2506905001001,BKBRBcBcBYBPBLBGBBA5AuAhAdAbAgAGALAHAFBFBLBaBcBWBQBPBNBIA8A1AqApApAdASAOAIAI
2507002001001,BTBaBhBjBgBaBQBHA6AwAhAkAWAaAWALAJAIADBNBUBaBgBiBcBUBJA+AzAqAqAZApAaAPAOAEAC
2507101001001,BWBbBpBlBcBYBPBAA9AxAoAiAfAdAXARAIAJADBWBUBdBfBbBPBOBDA4AxAnAoAnAfAaARAJAHAI
2507200001001,BZBcBhBxBfBSBEA9AzAyAqAkAkAaAbAKAGAHACBZBYBkBmBdBQBBBBA7AvAmA1AmAfAWAQAQAEAC
2507309001001,BSBcBpBpBSBMBABAA3A2AmAmAoAdAYAYAIAHAGBQBVBkBoBSBKBBBBA/AyAsApArAgAjAXALAHAE
2507408001001,BGBVBkBhBRBOBGBCAzBAAwAlApAfAYAPAKAGAGBIBWBXBjBOBNBLBABIA9AsA5AmAfAdAUATAIAD
2507507005001,A4A3A/BIBaBhBRA/A9A8A5AsAmAaAPAMADAFABA0A2A7BRBtB3BjBRBMBPBDBFAxAgAYAQAQAJAG
2507507005002,AvA6BCBNBXBQBBA9A/BAAzA2ApAmAVAOAFAFAAAyA3BABTBhBgBbBTBVBVBHA6A6AhAiAWARAMAJ
2507507005003,BEBIBSBTBiBqBZBHBFA/AzAlAfALAMAHADABAABEBHBNBYBmBmBbBQBUBOA9AxAdAXARALAGAEAE
2507507005004,BWBaBcBdBdBcBWBLBDA4AsAcASAQALAFADACAABTBYBbBdBnBmBdBWBOBCAyAgAdAPALAMAIAEAB
2507507005005,BMBQBUBVBbBfBaBMBGA6ApAjAZARAPAEAFABABBNBKBTBWBkBrBmBWBQBCAzArAhAaAQAIAJAEAC
2507507005006,BfBdBiBSBfBRBQBcA3A0AsAcAaAMAPAIAIAAADBhBmBXBbBPBoBgBTBWBCAuAXAVAQARAMADAEAB
2507507005007,BEBKBQBYBcBbBPBBA/A5AqApAjARARALAGAFABBFBHBSBXBgBfBaBNBOBDA2A2ArAeAfAPAQAIAF
2507507005008,BNBNBWBVBYBUBPBFBDA7AvAhAcASATAGALAEABBDBQBRBTBdBdBUBTBPBGA3ArAnAmAgATAPAHAF
2507507005009,BMBVBeBcBdBXBOBGBBA5AqAkAfAQALAJADADABBRBOBbBgBhBhBcBLBLA9AwAuAfATAcANALAGAE
2507507005010,BMBPBTBWBcBYBOBFBDA5ArAdAcAUAPAJAFAGACBKBKBTBXBjBiBaBRBMBDA4AoAoAgAcAYAJAJAC
2507507005011,AzAzBABNBZBRBFA5A8BBA2AtAbAhASARAGALAAAwA1BABSBmBhBUBQBSBSBCBGA2AnAlAgAaARAJ
2507507005012,BCA9BEBWBuBnBSBAA/A7A1AeAeAUAGAEAGADABA6A6BABaB6B2BiBQBTBNA7A4AiAdAUANARAEAD
2507606001001,BXBaBsBmBUBXBBA6A+A1AqAZAeAaASARAHAPACBQBcBeBiBaBQBQBCBAA1ApAiAjAZAfAaASALAF
2507705001001,BoBlBmBlBmBbBPA6A4AuAhAfAgATATALAFAGAEBbBnBkBgBkBWBGA7A3AxAqAhAgAaAaANALAFAF
2507804001001,BYBWBlBgBhBXBHBGA1A0AzAoAdAZASANAJAGADBSBZBbBhBYBcBMA/A+A3AnAnAnAXAcAOAPAHAF
2507903001001,BTBgBnBtBYBZBSA4A8AsAeAhAkAbATAWAKAMACBXBXBVBdBeBbBLA/A6AsAiAvAkAiAkAMAOAGAE
2508000001001,BEBUBtBvBnBUBEA9A6A2ApAlAtAXASANAMAGACBLBaBpBpBVBIBGBCA8AzAwAuAiAgAUAXANAHAC
2508109001001,BFBUBjBhBPBQBOA/A6A1AkAvAbAhAiAUAPAFAIA8BVBUBfBZBMBPA7BDA4AyA6AyAiAkARANAGAE
2508208001001,BRBUBnBqBPA/BEA7BAAxAqAmAhAnAXAXAQAKAEBXBQBlBqBNBFA8BDA+A4AxAmAdAtAkAcAPAIAF
2508307001001,BUBeBeBdBaBXBKBEA/A1AhApAfAdASANAJAGAEBSBWBeBfBeBWBNBKBBA3AlAqAqAYAYARAKAJAH
2508406001001,BLBJBQBSBcBlBKA/A4A/A6A0A6AbAVAFASAKAFBGBTBWBTBhBcBEBBA2A3AuAvAnAnAZAUAJAFAG
2508505001001,BjBfBpBbBaBMBMA5A0AyAlAkAiAcATASANAIACBTBcBpBdBZBQBCA+A1A2AqAtAzAVAeAZANAJAD
2508554001001,BgBLBeBnBnBQBMBAA1A3AlAeAaAiAPAOARAFAHBTBVBgBpBfBPBNA4A8A4AfAlAiAoAaAWAVAMAD
2508604001001,BYBrBnBlBbBUBSBIA8AsArAgAaAVAUAJAHACADBcBlBmBfBaBXBWBLA6AwAzAeAeAWAQAMAFAEAC
2508703001001,BUBiBfBWBRBWBMA8A8A2AlAsAdAbAWAPAKAIAFBRBXBhBZBhBQBDBHA7A0A9AoAvAdARANALATAH
2508802001001,BUBYBiBaBZBFBFBEAzA1AtAjAdAZAbAMAOAKAHBIBeBcBXBPBOBFBDBABBAuAxA3AcAiAQAWAMAH
2508901003001,BUBVBhBiBZBXBJBGA/A1AqAjAaATARAIAMAFADBQBVBhBeBeBXBRBJBDA6AxAoAlAbAYAUALAIAC
2508901003002,BjBnBwBxBeBZBNBDA9AwArAZAXAbARAKACAFAABkBhBuBqBZBVBIBFA8AuAiAeAcAVAOAOAMACAA
2509008001001,BcBiBrBwBxBRBDA6A3AvAhAeAeAaAYAIAIAJAFBeBeBhBpBdBLBEA5A7AzAdAxAnAhAcAMAFAGAF
2509057001001,BuBvBuB0BqBWBJA9A7AuAeAgAdARAQAIADAHACBoBoBqBuBgBOBCBCAyAtAfAhAcASARAQAGACAA
2509107001001,BJBYBeBeBXBPBMBBA7A0AmAmAiAjAVARAPAIAFBRBPBgBaBWBMBOBGBDA2ArAqAnAlAhAXAOAJAG
2509156001001,BKBZBeBcBTBPBRBAA9A7AvAnAcAdAeANAHAEADBZBSBRBUBYBPBSBIBAA8A0AsAnAeAiAUALAFAH
2509206001001,BOBdBqBqBOBHBABABBAtAoAjAjAcAcANAJAGADBFBgBlBpBUBMBKBPA5A0AoAmAoAjAWAbARAKAJ
2509305001001,BhBlB3BmBiBbBKBHA4AsAmAcAdAMAMAKAMACABBuBhBzBrBiBVBMBBA1AxAlAbAfAVAQAHAEAEAC
2509339001001,BhBXBxBqBcBLA+BDA5A6AlAkAcASAcALAOAJABBVBaBwBoBSBQA9A+A7A1AuAdAsAeAXAXALAGAD
2509370001001,BNBTBiBrBZBbBAA8AtBIAqAuAcAWAZALARAAAWBLBQBaBmBVBJBIBHA/BGAvAtAaAoASAVAOACAI
2509396001001,BUBlBtBwBbBUBCA9A2AtAgAcAhAdATALAIAGAEBYBdBtBnBhBPBEBLA8A4AkAgAgAhAXAOAMAIAD
2509404001001,BKBbBsBuBaBNBFA6A5AvAoAfAhAcAUAPALAKAFBOBdBsBuBdBRBLA8A/AyAtAjAmAeAZARAOAKAC
2509503001001,BRBnBlBbBUBVBJBBA/AqAkAmAtAaAaAOANAEAFBWBSBaBWBdBPBFBBA/A0AqArAnAqAdAVANAGAH
2509602001001,BUBgBgBzBhBQBQBDA4ArAqAbAmAeAQAPAJAIAFBLBVBnBhBaBPBEBCA5AvAgA2AkAeAeAOATAIAF
2509701003001,BDBPBfBYBSBMBFBCBCA7AsAvAjAeAjANARAFAEBFBJBfBZBQBLBLBGBCBAAmA/AnAlAdAaANAPAF
2509701003002,BOBWBeBcBSBPBKBCBEA6ApAbAgAZAUARAVADAEBKBTBdBcBbBYBPBEBGA4AvAoAsAdAUATAdAKAD
2509800001001,BLBcBaBeBbBRBRBEA/AyApAiAlAYAVAPAJAKADBOBYBhBbBcBQBPBBA8A0AhAxAjAnAmAVAJALAE
2509909001001,BYBhBuBzBYBMBCA7A1AuAoAeAfAXAYAJALAJALBRBbByB0BWBKBGA6AwAwAqAwAqAVAZAZALAGAF
2510006001001,BLBdBXBVBTBaBUA/A5A3ApAxAqAdAeAPALAHADBLBVBbBZBNBQBLBBBBAyA1AxApAjAUAYAQAFAF
2510105001001,BTBZBpBeBbBNBCA9A4AxAlAbAnAZAfAZAJAIABBLBUBiBlBZBLBJBDBFA3AnAqAlAnAdAXATAIAG
2510204001001,BOBeB2B5BdBKBEBBAyA1AkArAdAYANAUACAHAGBIBaBoBrBbBNBIBAA4AzAsAyAjAdAaAQAKAGAD
2510303001001,A/BNBZBbBcBPBeBABEA8AiAtApAfAaAXAIAFADBTBTBiBFBZBVBNA8BDA9AnAzAjAkAaAQAQALAH
2510402001001,BGBVBmBqBZBOBJA6A5AxAwArAYAeAYANAKAEACBNBdBoBmBjBTA/BEA+A3AwAzAsAiAWAJALACAF
2510501001001,BJBXBoBrBPBNBQBKBCA+ArAkAiARAiAcALAKABBBBPBTBLBdBbBIBDBFAyAvAcAvAeAiAQAIARAH
2510600001001,BLBMBXBmBTBKBOAzBRA4A5AwAqAfAVATALAJAEBEBUBUBQBcBGBBBEBCBKAyAvAiAcAkAXAOAKAE
2510659001001,BJBWBhBbBQBUBHAqA3A+AsBFAiAZATAVAMAIARBFBZBOBcBEBKA3BNA9BLAyAwAxAiAVAaAZAPAF
2510709001001,BfBVBRBpBcBXBEBJA0BBA2AXAfAgAQAQAFADAJBXBWBZBQBiBTBQA7AzA0AvA3AjAcAmAIAQAOAE
2510808003001,BeBpBoBaBeBbBTBHA7AxAfAjAZAaASAJAFAJABBXBjBiBcBWBfBZBGA5AyAlAjAfAbAdAKAFAEAA
2510808003002,BdBfBgBZBeBYBSBJA7AxAcAiAYALASAKAKAEAABQBcBoBbBhBiBdBMBFA5AnAjAjAdARAOAJAIAE
2510808003003,BPBNBaBbBVBVBVBCBAA4ApAmAXATAJALADAGACBFBOBcBZBdBpBdBPBJBIBBAjAlAWAZAPAQAHAD
2510808003004,BQBSBaBcBjBgBSBIA7A3AqAcAaARAPAQAKAGABBMBVBZBZBlBcBWBNBHA9AvAnAlAcAVAJAQAIAD
2510808003005,A/BEBIBPBdBYBIA9A9A7AsAmAhAeAQALALADAEA8A9BMBUBjBgBZBMBNBPA7A4AnAmAiAZATATAG
2510907001001,BJBPBaBhBbBUBLBJA4BAAvAnApAUAVAOAOAHADBABLBUBhBXBUBOBFBDA+A0AyAxASAkAJAQAJAE
2511004001001,BOBmBoByBfBRBFA6A2AxAsAlAdAWAbALALADAEBOBZBnBbBeBRBMBHA8A0A7AnAdAhASALAIAHAH
2511103001001,BQBVBZBcBjBPBJA7A9A6ArAkAsAeAZATASAGADBMBWBbBVBiBYBHBAA3A8AyAkAsAeAaASAKAJAE
2511202001001,BTBaBtBhBfBdBSBGA7AxAkAiAiAXANAMAIAFADBTBVBlBkBcBeBUBDA8AwAkArAdATAVATAMAJAD
2511301001001,BIBMBSBiBVBMBOBFA9A5AqAoAqAaAQAPAIAKAFBGBSBbBbBZBXBQBMBBA/A8AqAuAcAcAUAPAGAG
2511400001001,BNBeBkBhBXBRBEA8BCA1AnAlAkAbAWAPAOAHAFBKBWBpBVBaBNBJBEBDA5AsAoAnAhAZASAWAHAI
2511509001001,BXBXBmBkBcBRBQBHBEAqAnAiAZAdAOAPAJAHADBLBVBwBgBUBTBWBJA+AwAqAjAmAeAVAVAHAJAJ
2511608001001,BmBfB1BnBoBWBMA/A0AsAkAcAdAbAMARALAEACBcBcBnBmBiBPBGA5A5ApAxAfAaAWAaAOAMAIAM
2511707001001,BaBgBmBvBXBcBGAwA4AwArAqAZAaARAKANAJADBMBVBqBvBaBTBAA9AyA0AvAwAkAhAeARAKAGAJ
2511806001001,BdBTBkBtBdBOBHA+A7A0ArAlAgAcASAOAMAGACBOBOBpBgBXBPBNA+A8A2AuAoAjAfAgASARAIAH
2511905001001,BoBhB6BmBZBUBTBVA9A0AeAYAbATARAIADAEABBqBoBoBlBSBSBRBGA7AuAeAgAfAUASALAGAEAD
2512002001001,BkBeBiBhBbBTBFBDA4AwAqAeAeAdAXAOAOALADBWBdBdBXBYBNBPBDA6A1AnAoAqAcAbAZANAHAE
2512036001001,BYBhBvB7BrBSA/BBA5AyAmAaAeAZAQARALAGAEBcBdBhBiBXBXBHA3BBAxAiAqAdAcAUAUAKADAE
2512077001001,BPBWBhBRBHBGA+BFA7A5AqA3AtAaAeAMATAEAIA+BNBWBdBSBJBTBFA6A+A9AtA1AlAkAVAQAMAC
2512101003001,BQBTBdBgBdBWBQBBA6BAAtAoAaAgAcAJAMAEAHBEBTBUBUBbBWBMBCBDA8AmA3AkAnAYAOARAGAE
2512101003002,A/BDBNBYBRBKBDBFA+A4ApAoAiAbAUAYANAGAGBBBFBPBSBdBXBTBPBMBFAwA+A1AoApAbANAOAE
2512200001001,BUBaBVBhBaBDBPA/BAA+ArAqAhAjAZANATAGADBbBOBOBQBeBQBABABBA4AuAoAtAbAiAZAWAGAG
2512309001001,BWBXBkBoBhBVBNA9A5AyAuAbAjAaAUAGAIAHAEBGBWBfBkBhBUBOBFA8A1AxAjAfAcAeAaASAEAE
2512408001001,BWBaBiBfBfBXBFBBA4A1AkAiAkAVAUASAKAFAJBWBWBhBdBeBPBPBDA9A2AwAmAhAiAXAOAQAKAF
2512507003001,BJBYBgBiBbBOBGBDA+AxAvAVAcAcAPAPAIANAABRBUBfBvBhBXBIBLBLA3AtApAmAdAcATALAGAC
2512507003002,BOBaBsBkBWBQBFBDA/A0AoAjAlAcAUANAHAIAEBPBYBnBkBfBPBJBFBBA3AkArAlAaAaAOAMAJAG
2512606001001,BaBPBpBpBrBNBWBQBDAwAoAvAlAaAjAHALAFAABMBOBpBqBJA+BPBUA2AtAuAXAfAlAeAFALADAA
2512705001001,BUBcBeBhBWBGBEA7A0AwAkAhApAVAgAPALAIAEBZBcBaBlBeBQBIBAA6A4AnAwApAkAhAUASAJAG
2512721001001,BTBkB5BhBNBRBAA6A6AxAjAjAoAkAZAWAMAIADBWBWBeBaBWBKBDBDA9AtAoAmAfAtAjAbATAEAE
2512747001001,BRBcBvBlBYBbBUA7AtAvAqAeAiAXASAOAHAJAFBRBaBpBuBaBUBGBCA4AoAlAmAsAWAcAbAOAHAJ
2512754001001,BRBcBkBnBWBTA/BEA2A2AoAjAjAaAWANALAHAEBIBkBjBlBSBKBHBGA+A1AeAxArAmAlAPAQAGAE
2512762001001,BKBpBkBbBcBXBLA/A5AwAsApAlAiAgAGAIAFAEBMBmBaBYBSBYBZBGA6AvAoAnAgAjARARAPAHAF
2512788001001,BZBkBiBiBiBjBFBKAsA4AqAsAeAcAXAGALAEACBcBKByBnBQBNBKBFBCA5AhAjAYAYASATANAIAJ
2512804001001,BJBUBZBoBnBZBTBIA/A3AoAyAeARAgAHAOALACBOBRBXBmBaBYBABAA6A+AzAnAmAhAVALAHADAD
2512903001001,BPBTBfBjBbBWBKBHA8A7A0AfAfATAUAQAIAGAEBMBQBaBeBYBUBMBFA/A6ArAxAmAiAXAQASAHAI
2513000001001,BfBiBrBXBiBXBLBEA8A0AsAgAdAbATAQATAAACBSBiBnBhBLBNBOA7A0AoAzAcAqATAcAVAKATAE
2513109001001,BPBZBiBoBKBDBEA6A2AwA0AlAtAdAfARANAHAFBKBTBhBgBRBGBAA7A+A3A2AwApAmAkAaAOASAI
2513158001001,BZBgB+BzBWBKBIA9A0AxAiAnAlAgAVAPAKAHAJBPBeB1BtBTBBBEA4A2AuAqAnAgAbAWAPAQAJAD
2513208001001,BMBGBSBQBNBNBKBHA5BCAvA4AvAfArAVARASAEBAA+BFBKBJBPBGBAA7BEA8A2AxAvAhAbAOALAK
2513307001001,BEBTBTBiBLBHA5BCBBA3AqA2AvAkAeAYAJAOAEA/BGBjBUBOBLBJBAA9A9A3A9AqAxAlATAUAJAC
2513356001001,BGBjBbB8BvBRBPBHA7A0BAAWAjAdAXAIAEAEAEBbBYBpBjBiBJBFA+A8AvArAdAVAgAQASAHAKAB
2513406001001,BLBWBXBcBQBUBMBEA9A5ArAlAjAfAVASAMAGADBHBSBVBXBYBTBQBEBFA5AzAuAjAoAiAUARAIAJ
2513505001001,BUBmBsBmBgBTBRA+A3A1AmAoAdAiATANAFAFAGBNBWBgBvBcBQBMA7A1AxAxAqAlAiASAMALAEAD
2513604001001,BJBSBiBrBVBBA7A/A5A5AvAsAjAeAaANAPAJABBGBIBgBfBVBQBMA+A/A9A0A7AtAqAaAYAPAJAC
2513653001001,BKBPBhBWBWBTBLA4AsBAAuA1AdApAeAOAGAGAABCBWBQBoBeBXBKBCBDA9A6AsAmAbAhAQAOAFAL
2513703003001,BbBnBzBlBYBSBRBEA+AtAqAeAVARAXALADAEABBeBkBuBiBYBYBXBGBEA3ApAiAkAQAPAHADACAC
2513703003002,BOBRBeBUBcBcBUBMBIA3AvAeAZAUAKALAFAFABBGBLBbBaBdBlBcBUBOA+A0AqAgAdAWALAIADAD
2513703003003,BTBfBnBcBVBVBXBKBCAzApAeAXAPASAEAEACABBSBZBtBeBgBfBfBQA/A9AsAiAaAZAOANAKAFAF
2513703003004,BHBLBSBSBXBYBSBGA+A3AvAkAgAVAWAJAFAIABBLBLBXBXBZBcBcBLBGBHAwA0AnApAdAVAOAFAF
2513703003005,BGBNBVBWBSBZBVBJBGA0AsAlAgAXATAIAJAEABBHBKBbBYBYBaBcBRBOA+A0ArAnAeAbAUALAJAK
2513703003006,BfBiBrBiBiBYBTBMA/AxAqAaAYAUAJAGAJAEABBVBdBnBjBfBXBVBMBAAvAeApAhATAQAPAJAGAB
2513802001001,BBBdByBZBPA9BFBFBPA+AoArAqAbAUASAPAFAGBIBUBgBbBMBUBTBNA/A1AsArA0AUAiARAPAEAA
2513851001001,BJBOBPBkBJBWBABIBBBKAqA6AmArATAUAFAYABBFA+BKBcBOBEBDBDBJBBArA5AqAjAhAWAVAGAL
2513901003001,BTBWBiBiBmBcBZBEA+A3AiAjAaAWAPAJAJACABBKBUBbBcBiBgBdBLBDA8AtAjAjAVAUALAIAEAF
2513927001001,BOBQBSBWBSBUBPA+A3A5AnAuAmAZAcAVARAJAHBJBbBVBiBWBUBGA7A9A3ApA6AqApAaAXARAGAK
2513943001001,BGBYBaBdBFBNBLBAA+BIAkApAzAdAYAVAZAMAEBGBPBaBnBRBTA+BAA/A2A0AjAmAgAhAVATAJAJ
2513968001001,BCBVBQBbBUBXBKA6BFA+AfA1AkAlAqADAVACAJA+BJBWBVBOBZBJBEA7A1A3AqA2AsAjAaAJAKAK
2513984001001,A8BMBNBVBJBJBHBLBBA7A+AtAwAfAeAbAWAIACBABMBIBNBOBKBIBFA9BBA5A+ArAlAnATATAVAI
2514008001001,A5BUBbBjBUBGBABFBHA+AzAkAnAcATAZAFARAGBOBJBRBZBJBLBQBKA7A7AwA0AwAmAlAWAZAFAJ
2514107001001,BcBnBzBRBTBFBGA8BHAwA+AeAbAqAdAQALAGAHBRBUBoBcBGA/A/A9BHA0AuAwAuAeAUASALAOAE
2514206001001,BSBTBOBYBTBIBPBAA5A6AhA5AjAdAmAMANAGAHBIBYBVBbBVBPBBBAA6A8A+A1AsAmAgAdAHAIAG
2514305001001,BSBpB1B1BtBWBSA1A1AoAkAoAeAdARADAHAEAGBhBfB0BzBjBFBOA5AxApAiAtAjARAUAFAIABAF
2514404001001,BZBZBdBsBcBXBLA6A5A/A1AlAtAnAfANAFAKAEBKBSBTBTBRBRBCA/AvA3AsAwApAjAQASAVAHAF
2514453001001,BaBaB0BjBcBSBGA/BCAvAmAlAeAPAdAQAMAIACBLBWBqBrBSBQBUBBA4AsAoAlAnAcAbAQALAKAE
2514503001001,BBBRBoBeBcBRBLBMBDAxAkAmAkAbAgAQAOAJAFBNBYBhBbBTBYBKA8A6A4ArAlAoAjAiAWALAGAE
2514552001001,BIBhBrB9BTBOBNA8A9AxAqAiAzAdAWARAHABACBDBSBqBvBXBKBIA+A1AuAqAqAlAiAgAQAKAHAF
2514602001001,BYBpBaBqBVBNBPBKA+A0AvAlAhAbAQAOAHACACBQBVBbBaBVBVBIBOA7AzA1AlAgAiAaARAKAHAC
2514651001001,BTBUBjBRBrBZBRBKA9A5ArAnAlAaAcADAJAGADBIBlBnBYBaBRBXBBA3A0AoAkAkAaAdARAKAAAE
2514701001001,BPBFBdBhBiBSBcBFA+A7A0AnAqAfAYAMANAFAABABWBZBSBTBSBEBJA/A/A4AlApAaAcAPAQAHAC
2514800001001,BLBjBZBYBIBJBAA/A9A7AzAzAgApAdAPAPANAGBJBUBfBKBKBRA/BEA9A6A2AoApAlArATASANAL
2514909001001,BQBYBTBDBQBJBHBABDA+A3ArAsApAWAOAXALAFBABQBNBKBTBSBFBFBAA+A4AvA1AgAjASAYAPAG
2515005001001,BVBhBoBjBlBXBRA5A8AtApAjAbAaAaAHAHAEAJBZBlBsBmBWBSBJA8A/AuAtAcAcAbAbAPALAGAF
2515104001001,BRBfBgBeBOBSBDBFA/AyAzAeAtAZAaALAJAGAFBPBZBfBeBUBWBLBBBEA2AtAjAxAVAbAZALAFAI
2515203001001,BLBfBgBaBrBGA7A+BBA7AjAvAjAfAdAaACALACBUBKBeBbBKBOBFBCBAA5A2AlAbAyAdAbAOAJAE
2515302003001,BTBnBsBpBdBTBPA/A8AyAvAbAfAbARAPALAEACBMBcBkBjBWBUBPBBA8AuAnAmAlAWAZAVAKAEAH
2515302003002,BGBPBcBcBSBTBMBAA/A2AtAqApAVATARAKAHAEBJBSBZBdBaBaBRBHBGA8AyAsApAiAVAeAMAHAE
2515401001001,BUBsB0B1BuBUBQA6A1AvAnAdAcAVAfAFAMAGABBZBfBqBuBkBOBBA7AzArAgAkAjAZAPAJALAEAI
2515500001001,BGBSBRBUBPBLBDBABAA/AtAsAnAjAcAVAXAHAGBKBMBTBVBSBOBDA+BABBA0AuAoAlAoAjARANAH
2515609001001,BRBVBsBoBVBcBLBFAqAtAsAhApAeAYASAJAFAFBQBgBhBXBbBCA7BIBAA0AnAvAeAeAjAPAdALAF
2515708001001,BPBTBjCABnBTBBA6A9A5AoAcAlAXAYARAJAHAIBTBMBqBmBeBTA/A4AxA+ApA1AcAjASAQAIAEAL
2515807001001,BGBKBgBmBSBGA9BEA4A0AvAiAfAZAeAZANAHAJBGBWBvBfBSBJA8BEBCA7AxAwAjAnAhAaAcANAG
2515906001001,BXBhBwBpBUA+A7A/A2AvA0AlAZAmAZAUAMAJADBRBeBtBnBKBABEA6A4AzA4AeAqApAjARAPAJAG
2515930001001,BEBkBiBcBEBMBCBGA9A0AmAYAgAsAcAWASARADBMBZBeBZBXBNBKBIA9AsAnAvAuArAmAXAIAHAJ
2515971001001,BRBZBlBpBfBQBIBFBCAwAnAkAjAbAYANAFADAHBIBOBYBuBfBOBOBLBEA2ArAfAiAcAYAUALAHAI
2516003001001,BTBcBkBcBQBKBEA7A3A1ApAiAkAhAXALASAFACBRBXBfBcBYBSBNBAA9A5AtAzArAfAkAWANAKAI
2516102001001,BUBcBZBbBfBRBRBDA4A4AnAmAhAdAaANAEAIAEBRBYBiBTBZBTBTBDA/AzAyAlAmAfAXAWAPAGAF
2516151001001,BYBdBuBjBUBMBMA+A+AtAnAsApATAUAPAIAKAHBfBhBoBiBaBKBDBEA+A0ArAlAYAiAQAOARAGAG
2516201003001,A9BPBPBPBTBWBUBJA+A4AtAjApANAYAOAMAIAEBIBBBSBNBbBgBZBNBMA8AzA4ArAsAZAZAMAPAF
2516201003002,BHBQBTBTBXBiBTBIA+A5AvAcAfATAXANAGAHABBLBMBQBUBfBaBZBOBJBDAzAuAvAeAeAOARAHAB
2516201003003,BWBYBYBYBSBbBWBIBCA6AsAfAhAZAZAKARAGADBLBVBUBUBYBbBWBFA/A7AyAmAkAfAcAMAIALAD
2516300001001,BGBNBWBbBWBSBJBFBBA6AwAkAqAbAbATALANAGA/BNBVBVBXBTBOBEBFA+AyApAvAhAeAUARANAF
2516409001001,BMBOBmBnBlBYBSBGA/A1AkAeAZAmAdAIANAJACBIBIBYBZBaBXBZBBA/A0AtAeAlAkAaAUAQAOAE
2516508001001,BYBaBlBmBfBMBEA7A4AxAiAqAkAbATARAPAGAEBIBaBgBgBWBRBHA6A+A1AtAuAlAmAgAaAQAJAF
2516607001001,BUBpBnBtBjBNBHA+A2A0AiAkAfAaAVASAHAGADBOBbBkBtBaBMBIA8A7A0AtAnAnAfAYAOAPAFAE
2516706001001,BaBgBpBjBiBYBJA/A3ApAqAhAlAXASAHAIAAAEBeBjBfBeBoBSBKA/A+AzAtAnAhAUAcAUAJAEAF
2516755001001,BUBlBpB0B3BhBOA7AyA1AoAeAfAhATAKAGAGAGBLBVBfBtBWBTBJBBA6AoAxAiAfAUANALAKAHAL
2516805001001,BMBZBpBrBZBQA9A/AzAuA2AlAjAhAWASANAIAGBHBLBeBsBbBLA/BAA4A5A0AxAuAfAeAVANAHAF
2516904001001,BIBHBVBWBcBQBGA7A8A5ApAsAiAkAlANAKAKACBGBKBWBcBiBNBKA9A/A/A5A2AwAoAiAWAOAIAD
2517001001001,BTBTBsB0BdBJA+A6A2ApApAgAhAjAUAOAOAHADBLBbBmBvBXBMA8A4BCA5A1AjApAiAiARAQANAI
2517100001001,BDBRBNBRBpBKBPBDA4BEArAxAyAXArAgAHADAHA4BQBPBHBYBTBABIBFA7AdA+A/AjAcAYALALAE
2517209001001,BFBaBQBoBRBLBJA/A5A3AyA2AlArAtAHAPAFAGBFA/BNBTBNBFBUA9A/A4A4AwA6AtAjAUAIAOAI
2517407001001,BbBnBfBcBVBWBIA+BIA8AmAgAuAVAXAKARAGADBRBWBJBLBVBRBHBKA0A6BCAkAiAmAUAaAUAJAC
2600054003001,BHBUBdBQBRBOBUBNBIA3A3AcAeAWAOANAEACACBFBLBaBUBWBdBZBYBNBIA1AvAoAfAbAVAHABAG
2600054003002,BCBYBdBQBNBRBTBTBLA5ApAlArARAPAKAHAEACBRBTBYBUBVBbBjBZBOA+A0AuAiAcAPALAKAEAC
2600054003003,BPBfBqBhBVBTBTBTBEA0AqAdAYAMAQAKAFAFABBUBaBrBYBbBcBbBUBJA7AuAhAgAWAPAIAGABAC
2600054003004,BBBMBYBQBVBeBRBLBEA9AyAsAfAUANAKAEADAABCBLBSBTBdBhBYBSBQBLBDAuAjAcAUASAKADAE
2600054003005,BABJBQBVBbBeBWBGBEA+A6AsAfATAKAIAGADABBDBGBOBRBdBpBZBRBNBNBDA7AnAXASAHAIADAD
2600104003001,BWBeBmBlBXBNBEBBA1A1AgAuAbAZAgAJAHAGABBQBbBjBeBeBSBRA9A/A8A0ApAwAcAVALAHAMAD
2600104003002,BQBTBhBaBSBRBIBBA7AzApAjAhAaAWAIAMAGAEBJBPBhBhBcBVBWBKBDA7A1AtAsAgAZAPAQAJAG
2600203001001,BZBmBtBfBaBRBOBBA9AxAeAmArAYAOAIALAIADBXBhBsBcBjBUBOBGA4AxAmAmAlASAVASAIAGAD
2600302001001,BKBaBqBfBWBPBHBBA5AxAkAfAfAfAcAPALAEAEBJBYBpBlBbBXBPBDBCA1AnAqAhAoAYAWATAFAB
2600401001001,BXBjB6BpBmBcBNA/A2AuAiAiAeAZARAFAGAEACBVBjBtBuBoBWBJBCA+ArAoAiAdASAOANAGADAB
2600500003001,BbBtBvBkBaBMBFA2AxAtAeAhAeAXAdALAIAIAFBoBrByBkBcBLBIA7A3AuAlAsAeAjAVAOALAEAJ
2600500003002,BxBsB3BlBaBLBDAzAtAsAgAoAYAeAPAOAIAHAGBdBrBwBfBXBIBFA6AvAyAxAjAiAqASARAJAHAI
2600609001001,BRBZBnBiBeBPBGBBA7A4AtAnAoAdAWATAJAEABBVBVBdBUBSBMBJBBBAA3AtAoAeAjAdAZAMAMAE
2600708003001,BMBbBiBgBYBXBLA+A8A0AwAhAbAaAYANAFADACBLBRBhBhBaBcBPBIBGA+A/AhAnAeAXALALAEAD
2600708003002,BRBgBoBpBdBfBMBAA7AxAhAyAiAZATAIAHAIAFBLBbBnBmBbBZBOBAA7AyAxAkAhAaALAPAGAGAB
2600807001001,BHBUBqBfBYBMBGA+BBA0AvAmAlAhAaAUAMAGAEA6BUBcBaBUBMBCBBBBA3A1ArAiApAeAcAYALAG
2600906001001,BUBgBsBmBlBWBQBFA5AvAqAlAiAVAOAKAGADAEBVBhBnBlBfBbBOBGA7AwAsAhAbAVAQAQAGAIAB
2601003001001,BXBlBtBfBSBNBMA9AvAvAuAcAlAiAVAOANAEAFBTBmBlBeBUBQBJBAA3AxArArAtAaAlAWAIAEAE
2601052001001,BTBkBsBpBiBdBPBGA9AwAkAgATAXATAHAGAFABBYBbBqBnBkBcBOBGBDA0AmAkAbAXAPAHAFAFAE
2601102003001,BNBZBpBbBbBPBHBBA6AyAkAgAkAIAOAGAMAGABBNBTBeBiBvBfBbBPBOA/AuAmAhAcARAOASAGAE
2601102003002,BjBsB3BiBjBSBGBAA1AvAhAdAXATAQAHAHAEADBnBpB1BgBlBUBOBEA+AwAoAcAfAWATAHAHACAD
2601102003003,BiBtB9BeBiBQBGA8A7AtAgAeAhAbAWAIAGAEACBkBmB6BgBdBLBDA5A1AuAlAgAaAiAaALALADAF
2601201003001,BKBYBiBcBcBWA/A7A/AvAtAaAiARATAFAKAGAABWBfBeBXBhBXBRBIBKA/A2AsAqAZAiATAIAKAE
2601201003002,BJBUBYBQBTBNBIA+A6A2AmAlAdAWAXAPAIADABBJBWBcBbBcBfBZBRBJBBA3ArAtAlAZATAOAJAE
2601201003003,BcBpBnBhBjBUBLA9A3AzAnAcAeAUAVAHAFAGAABeBdBoBhBdBUBOBCBAA3AoApAhAZAbAMALAEAC
2601300001001,BaBmBwBrBnBXBXBBA0AyAnAgAYAZAOAIAMAFAFBRBhBnBpBYBaBJA/A3AuAlAoAbAUAWAPAHAGAG
2601409003001,BLBfBeBiBWBWBOBCA6AzApAgAWAUAXAKAOABABBOBSBjBhBeBdBXBNBGBAAtAwAiAgAVANAFAHAC
2601409003002,BdBoByBuBeBYBKA5A4AwAkAbAfAYAWAIAFAAABBeBjBzBqBjBXBOBDA4AyAiAnAXAUARAJAIAEAC
2601508001001,BWBoCDB6BFA/A9BABDAoAsAXAbAZAWAVANAFAEBOBxB4BmBUBOBMBAA5AqAjAkAcAbAYAMARAGAG
2601607001001,BeBmB6BfBiBUBGBCA5AwAhAgAbAUAQAGAEAGAEBhBkBtBiBdBVBMA+A7A0AnAkAYAeAUAMAKAKAG
2601706003001,BIBEBUBdBUBYBFA8BAAuAtAgAbAcAdAKANABADA9BFBbBgBeBdBRBLBGBEAzAwA2AnAiAhAJAOAF
2601706003002,BOBRBhBhBaBWBNBFA+A1ArAfAcAUARANAHACAEBJBRBcBcBjBdBXBPBJA/ApAvAhAeAUAXANAGAB
2601706003003,BQBjBtBqBZBOBEBAA9AyAgAmAhAbAVAOALAFACBRBeB0BoBZBQBGBCA6AyAtAlAjAcAbAPAMAIAD
2601805001001,BfBnBnBdBbBTBPA6A7AvAkAlAkAgAOANAOAGADBTBhBpBcBaBTBJA7A3AsApAtAmAfAZAOAMAHAE
2601904003001,AsBEBQBYBMBPBGBCA9A5A1AcAlAmAeAQANAFAAA7A/BQBZBVBTBXBVBOBDA0A8AtAvAyAXAWAPAC
2601904003002,A/BLBXBXBVBUBNBGA6AzAkAxArAgAZAWANAEAEA6BHBVBVBXBVBPBJBGA9A5AuAnArArARAbAFAF
2601904003003,BRBYBnBbBVBXBQBIA2AyAjAjApAVATAPAIAFACBKBRBmBZBWBaBVBKBBA3AwAqApAbAZAUAPAGAD
2602001003001,BiBgBrBkBkBWBJA7A8AuAjAiAZAUARALAGACABBcBdBlBfBqBcBMBDA8A5AmAoAoASAPARAEAKAD
2602001003002,BiBvCHByBhBQBJA3A0AoAgAkAZAbAUAGAPAFACBhBoB/BgBYBHA/A2AwApAmAnAeAeAPAUAHAFAA
2602100003001,BUBdBxBiBUBNBEA8A0AsAgAjAbAZAWATAFAHAJBQBYBsBlBaBSBNA+A/A3AvApAkArAfARAIAHAI
2602100003002,BfBtB0BgBYBKBHA4AyAtAfAmAdAeAUAQAHAEABBgBlBwBeBYBRBJBCA1A1AtAmAmAkAUAMAKAEAE
2602209003001,A/BVBuBxBTBPBBBCA7AvAmAtAhAeASARASAIAFA+BNBoBlBZBUBIBGA7A3A0AsArAfAhARAKAIAF
2602209003002,BMBYBrBiBTBSBHBDA8AyApAkAmAaAWAMAHAEAFBGBQBoBmBTBUBPBIBAA1A1AnAqAbAkAPANAJAE
2602308003001,BFBTBoBfBZBIBBBAA9AtArAlAhAgATARAJAGABBMBPBjBjBTBHBQBRBIA7A1AvAqAaAfAYALAMAI
2602308003002,BcBtB3BtBbBRBLBBA4AuAqAgAdAWAVAOAGAIACBXBoB1BnBUBMBHA9A4ArAtAeAbAbAVAQALADAC
2602407001001,BVBVBzBxBUBSBFBBA0AvAsAdAdAjAOAMALAJABBVBeB1BfBZBTBHBFA6AyAlAtAfAYAZASAJAOAE
2602506001001,BVBUBjBjBkBSBIA/BCAzAmAbAbAeAkALAHAKABBIBeBfBjBfBOBMA6BBA2AvAlAtAkAWASALADAI
2602605003001,BRBdBhBcBfBSBHBBA5AwAiAlAhAcATAOAMAEAFBTBSBpBnBlBSBLBCBBA0AmArAhAkAdASAMAKAE
2602605003002,BeBkByBwBqBbBMA+A1AuAhAbAaATANAGAIAFAEBlBkBxBtBnBaBKBDA4AvAjAfAeAPAMANAFACAD
2602704001001,BVBbBhBaBdBaBMBCA+A0AtArAgAXAQARAEAEADBKBZBdBbBgBfBUA+A8A6AuArAoAfAXAKAJAGAD
2602803003001,BnBvBxBjBUBGA9AyAyArAbAiAaAYAOANAGAEACBeBvB5BmBhBaBOBGA5A0AnAkAhAfAXARAGAHAB
2602803003002,BoB3CFB1BSBGBBA4A1AuAjAhAhAVAVAJAGAFAEBsB0B/BtBPBFA+A1A1AvAjAjAbAcARAMAHADAD
2602902003001,BIBQBZBbBeBgBeBDA9AxAkAxAhAMAUAFAGACABBCBSBYBiBkBlBaBTBEA8A/AvAjAaANALAFADAB
2602902003002,BHBMBRBOBlB5B7BgBGA8AwAuAaAXAOADAKAAAABKBLBQBOBhBjBZBSBBA7AwAiAbARAPAHAEACAA
2602902003003,BGBUBZBaBhBkBaBLA+A3AnArAZAUAKAKAGACABBABSBVBZBmBmBaBRBPA+AzAtAgAWAWANAHABAG
2602902003004,BMBTBgBZBbBcBaBNBBA0AsAeAdAOALAHAFABABBIBRBbBaBfBlBjBXBNA+AxAoAdAZAUAMAJADAB
2602902003005,BIBKBcBYBdBoBfBOA7A5AxAtAfATALAFAGAEAEBHBRBWBSBZBnBbBOBDA/A4AyAoAWARAGAHAEAB
2602902003006,BXBbBkBoBnBhBbBNA+AvAfAfAWAUAPAEAIACACBOBWBnBjBhBeBeBRA+AwAtAbAlAQAQALAEADAD
2602902003007,BVBcBvB3BnBcBWBJA8AwAiAmAbARAOAIAAAGADBSBTBqBnBhBhBWBKA8A3AhAmAdALALAIAGACAC
2602902003008,BUBVBcBVBaBfBYBOBHA5A0AdAbAQALAEAFACAABKBPBZBUBcBgBgBSBOBBA4AoAfAZASAJAFAIAB
2603009001001,BhBlBqBmBdBWBOBAA6AxAiAbAUAYAMAKAJADACBfBnBuBkBfBbBRBDA7AzAoAkAfATASAQAEAFAF
2603108001001,BKBXBbBZBeBXBEBDA8A5AnAgAcAeAYAQAPAHAEBHBaBeBjBYBXBIBCBDA9AqApAiAlAjAWAOAIAE
2603207001001,BcBjByBqBhBYBBA3AzAuAiAgAlAZAUAPAIADACBZBjBxBsBhBQBDA4AzAvAkAqAeAcAjANAHAHAF
2603306001001,BdBaB1BvBUBSBPA4A9AyAiAnAeAXAYAKALADADBXBfBmBbBXBPBDBBA2AyAyAfArAZAnAMAPAGAB
2603405001001,BNBgBjBjBSBNBIA/BBAuAkAjAgAhAaALAIADAEBOBjBdBoBbBQBBBJA/AyAmA0AoAgAgASAOAJAD
2603454003001,BMBWBcBYBTBZBeBUBIA6AuAjAbAWAOAJAGABAABKBLBXBZBbBbBhBcBMA/AtApAfAbATALAIABAA
2603454003002,BQBWBeBcBZBZBfBRBHA6AxAkAbAYAHAKAJACAABFBOBXBVBfBkBdBUBIA6AxApAcAaAPAMAJABAB
2603454003003,A6BBBOBQBXBZBSBRBABAAsAwAVAcATAKAIAFAEA4BABMBPBXBhBdBdBRBNA3A/AlAqAYAOAQAJAF
2603454003004,BLBcBpBaBVBYBaBSBBAyAvAXAeATARAFACACACBHBXBlBdBcBeBkBdBEA5AsAmAcAZASAJAEADAF
2603454003005,BFBQBXBRBZBaBcBRBLA9AuAjAmAIANAFAIADAABJBMBQBXBbBrBiBYBXBCAxAyAeAVASAIADAHAB
2603454003006,BCBGBSBUBbBXBVBRBJA4AwAmAYAWAVAGACABABA8BMBOBYBdBgBfBcBQBGA6AxAjAgAbARAGAFAD
2603454003007,BEBOBTBUBSBYBXBNBHA5AzAiAZAYARAKAGAAADA/BNBWBVBeBbBkBZBNBAA6AuArAeAUAPAHAGAD
2603504001001,BKBZBlBlBWBSBIA/A9A1AjAqAhAaAUAPAMAFAEBHBZBnBjBWBRBNBHBFA2AsAsAhAgAdAQAOAMAD
2603603001001,BTBWBqBqBTBSBHBBBIA2AmAmAWAgAaATAMAGACBGBXBoBZBRBUBJBJBFA2AoAqArAaAaAWALAFAA
2603702001001,BUBdBqBlBcBaBQBEA5AvAmAmAgAbAUAVAHAGABBOBaBpBgBWBRBHA8A4AvAtAmAmAhAZANARALAB
2603801001001,BXBaB0BtBeBPBDA6A1A0AoAkAiAhAUALAKAFADBTBcBvBmBeBNBDA8A4A0AwAjAgAcAbATAMAHAD
2603900001001,BUBbBsBoBYBHBGA/A9A0ApAmAjAfAVAKALAHABBQBYBhBoBXBMBLBBA/A4AoAwAjAbAbAQAPAMAC
2603926001001,BzBxCAB0BtBOBKA5AsAjAeAgAcAPATAGANAEABBrB5B7BsBbBLA+AvAxAlAhAcAjASANATAKAHAC
2604007003001,BTBbBjBiBYBZBXBCA6A5AyAjAUAZAQAIABACACBMBZBjBfBgBdBUBKBIA6A6AnAeAYARADAHACAG
2604007003002,BNBMBaBXBXBQBSBGA+A3AsAkAWAaAOANAIAEACBBBMBcBZBaBaBaBTBOBEAzAwAoAiAZARAOAHAI
2604007003003,BHBPBaBWBUBXBUBHA/A7AuAmAcAYAUAGAGADACBHBNBUBWBbBhBkBXBMBEAvA3AdAgAYAQAHAFAB
2604106003001,A9BCBQBOBcBUBNA+A7A3A6AUAZAYAQARAOAHACA5BDBLBVBlBhBdBPBVBJBAAtAvAuApATAQAIAE
2604106003002,A+BFBPBbBjBZBOA7A4AzAjAoAgAVASAQAKAFAAA3BEBKBbBpBkBUBRBLBHA7AzAnAvAlAfANAJAE
2604106003003,BJBOBTBXBjBbBRBGBAA0AoAfAaAVARALAGAEACBGBOBSBcBoBkBZBSBMBDAyAtAnAcAbAPALAHAE
2604106003004,BtBkB2BwBpBZBKA9A5AtAfAaAXAbAKAKAGAGAFBVBgBxBsBjBRBKA/A5ArAYAlAiAOATARAMAEAG
2604106003005,BXBhBpBhBhBWBMBFA9AzAoAaAZAbAcAKAIADAEBOBaBqBkBbBXBWBDBEA0AmAeAVAgAcAQABAIAC
2604106003006,BSBfBsBkBiBTBNBIA7A0AgAnAfAeAXALADAEAHBbBdBpBcBeBRBMBHA8A0AsAWAgAYAYARAJADAD
2604106003007,BUBTBeBYBXBZBWBLBIAyApAbAmALAOAIABACABBEBSBZBXBtBpBeBYBMA9AlAzArALAMAJAOAKAG
2604106003008,A+BDBMBOBWBPBLBFBEBBAyAjAbAXATAKAGAFABA+BBBHBbBpBhBkBcBUBPA6AvAvAjAZANAOAHAE
2604106003009,BaBZBiBiBmBfBNBGBCAvApAUAXASAKAJAEAEAABTBaBbBkBqBgBXBUBKA8ArAeAgASATAIALAEAC
2604106003010,BRBbBdBbBlBUBQBHA9BAAlAiATAHAUAFAGAEAABPBXBdBtBqBjBWBQBQBFAuAgAWAfAPAJAHADAA
2604106003011,BWBcBfBaBkBaBTBIBAA2ApAdAZAOAKAHADAEACBTBZBeBeBnBkBfBWBOA8AuAdAdASALAIAHACAE
2604106003012,BUBSBYBaBaBaBYBOA/AzAoAeAhAOAKAGADADACBMBSBbBbBkBsBfBVBHA/ApAyAeAUAWAKAKAGAE
2604155001001,BRBgBtBwBgBUBAA4AzAwAkAhAsANAYAPANAIAFBIBdBkBuBfBTBFA3A4A0AtArAhAaAfATAOAIAH
2604205003001,BVBZBoBeBbBIBEA5A9A3AuAhAiAUAUANAJAAADBTBXBjBjBdBTBJBOBHA6A1AsAkAZAXARAPAGAE
2604205003002,BYBlByBuBdBSBFBAA2AsAjAhAeAXAPAKAFADACBbBpB1BjBjBTBGBDA8AxAsAlAgATATAOAMACAH
2604304001001,BZBmBtByBxBOBMA4A1A2AbAiAYAZAWANAGAEABBUBXBtBqBrBSBDA8A6A0AsAeAoAYAXAMAEAIAC
2604403001001,BYBeBqBoBnBVBNA8A7AqAwAZAaATARAQAHAEABBFBZBiBnBgBhBVBIA6A1AsAqAsAYAQAPAFAEAC
2604502001001,BLBXBpBgBdBYBTBHA1AwAqAnAdAfAaALAHAGACBMBYBlBdBaBaBZBIA6AxArAqAjAaAXAOANADAF
2604601001001,BUBaBsBeBUBQBOBAA7A1ArAiAjAXARAQALACABBQBdBpBjBTBXBQBKBCA1A1AkAjAaAYARAIAFAB
2604700001001,BXBhBmBsBhBTBHA6AzAtApAmAlAaAMARAOAEABBWBXBnBjBhBXBJA8A3AwA0ApAkAVAVAWALAFAG
2604809001001,BYBlBuBvBgBbBKBDA2AzAnAgAeAPAUAHAEACABBRBrBzBrBiBXBSBCA+AyArAfAZAVAMALAEACAB
2604908002001,BABJBiBdBbBZBQBCA7AvAkArA0AcAbAKANAJABBQBNBhBUBcBYBMA+BAA5A0AqAlAgAdATAQAJAI
2604908002002,BABWBlBiBjBTBPA6A2A6AzApAfAgAaAOAPAFAHBJBNBaBeBeBTBFA7A/A1A2AsAcAoAhAKAQANAH
2605004001001,BKBYBmBnBSBOBJA9AxAsAlAmAlAaAUANAOADADBGBWBmBnBhBXBOBJA7A3AxArAiAnAkATANAJAC
2605103003001,BOBWBbBaBgBQBKBBA/A4AoAdAeAWAZAGAIAFABBNBVBeBkBmBdBSBKBIA4AqAuAlAYAVAQAOANAI
2605103003002,BTBTBkBiBeBPBIBBA7A3AvAoAjAgAdAMAPAKAEBQBUBfBZBVBOBGA8BBA3AsAxAwAYAYANAPAIAD
2605152001001,BYBhBvBkBfBWBRBHA+AyAnAmAiAcAOAOAJAGACBeBaBmBhBeBRBIBEA4AwApAjAfAVAWANAHAEAC
2605202003001,BRBYBfBiBjBcBMBAA+AzArAgAUAcANANAKADACBQBZBcBeBhBdBYBIBFA9AwAlAcAfAeAHAIACAB
2605202003002,BRBcBqBiBgBYBSBIA+A2AtAeAdARATAKADACABBJBcBlBjBhBgBUBHBDA5AuAhAgAVAWAIAFAGAB
2605301003001,BaBhBuBkBfBPBDA3A0AuAmAfAhAVANARAOAKAFBkBgBnBlBlBQBGA/A8AwApAmAnAgAVALARAEAB
2605301003002,BgBfB1BtBaBMA/A8A4AyAkAhAcAZAPAKAKAJAGBZBrBxBjBhBLBIA7A9AvAyAcAiAYAcAQAJAFAE
2605400001001,BKBbBmBiBZBMBIBDA3AwAmAqAhASAVATAQAKABBJBaBlBeBYBYBVBBBAA9AnA2AqAeAaARAJACAD
2605459001001,BQA/A/BJBfB9BjBoBUBUA5AZAYACAEAAAAAAAABSBDA+A+BVB/BsBkBrBcAuAtALAFACAIAIABAA
2605509001001,BLBbBfBcBXBcBRBAA3A1ApAnAgAjAXATAIAEACBHBZBaBZBXBiBQBAA+A2AvAtAmAcAeARAKAEAI
2605608001001,BLBgBdBfBXBOBFA8A9A1AlArAlAfAaAbAHAHAEBPBaBcBcBZBKBFA+A8A7AzApAvAfAcAVAMALAG
2605707001001,BnBkBsBnBlBZBIBAA2AsAkAZAbARAVAJAJADABBhBhBqBrBiBVBPBAA5AwAeApAgAbAMAPAIAHAF
2605806002001,BBBPBRBgBYBOBEA9AxAzApArAsAiAeAVAQAJAIBABOBRBSBYBVBGBABAA/AtA0AwAsAnAaAVAUAH
2605806002002,BIBRBfBWBUBRBPA4A/A1ApAoAxAZAhAXAPAJALBNBIBPBWBVBOBOA8A8AzA0AuAzApAaAZATAEAN
2605905001001,BTBuB5BwBfBbBMBFA4AvAmAdAcAWALAMAGACACBMBlBxBuBbBeBNBGA9AuAnAcAcAWAPAJAFADAC
2606002003001,BdBdBqBhBeBWBPA+AzAtAjAgAcAXALAIACACABBbBgBhBiBkBjBcBIA+A3AsAtAiAWAWAKAGAFAE
2606002003002,AzA6A+BSBVBNBFA5A6A6AuAoAjAbAQASAFAHAGAyA4BABZBsBmBSBOBOBZBAA8A4AnAtAlAWAOAM
2606002003003,BlBmBsBlBcBRBPA/A5AqAbAnAhASALAFAHAGAABiBkBqBdBeBZBWBIA/AwAlAqAgAXAUAPADAFAD
2606002003004,BYBmByBtBhBUBHA7A3AxAfAqAgAXARAPAHAFAABdBgBtBoBZBSBIA9A6AwAtAjAbAaAbAPAHAEAC
2606002003005,BHBOBbBMBSBQBOA/A8A0ApAmAhAYAPARAHAAAGBKBKBPBSBhBkBiBQBNBEAxA/AsAiAaAXALAHAE
2606002003006,BZBVBhBaBhBUBNBCA3AtAmAiAWAYAPAPADADADBSBQBgBbBlBiBXBLBDA8A9AmAiAkAZANALAEAD
2606002003007,BgBbBjBZBaBZBOBDA4AzAhAkASAVAOALAEAFABBOBXBpBfBiBeBcBLBHA5AkAzAsAUAPAMAKADAI
2606101003001,BPBbBpBkBeBWBIBBA2AxAnAjAaAXAXAJALAJAFBLBZBmBrBfBZBOBFA8AzAtAoArAdAVALAHAHAG
2606200003001,BfBjBqBiBdBUBPBPBAAwAmAiAcAWAOAHADAAABBTBeBjBjBQBZBUBPBBAzAeA0AcAVAWAPAIAEAD
2606200003002,A+BIBQBWBUBbBNBFBAA6AxAnAjASAYAJAJAGACA+BEBNBXBcBbBcBTBPBJBCAxAqAjAVAVAUAGAB
2606200003003,BWBjBoBlBeBXBUBGA/A1AnAcAaAUAPAJAIABAABaBfBhBlBcBdBVBNBDA2ArAiAcASANANAIAEAB
2606309001001,BRBxBwBiBpBEBNA9A4AuApAYAkAYAcAOALAHAEBVBnBtBgBgBIBGBAA8AxAtAbAYAlAYAQADAFAH
2606408003001,BGBRBZBbBVBXBQBKBAA6ArAjAjAVAQANAJABABBOBLBPBZBeBhBWBSBQA+AxAuArAXAeAOALADAH
2606408003002,BNBgByBvBbBXBPBBA8AwAoAmAjAaATAOAGADADBJBgBvBkBXBVBMBCA3A0AxAgAaAWAWAVAKADAC
2606408003003,BSBWBhBcBcBVBNBHA1AuApAfAiAWATAIAHAHABBFBPBbBeBeBcBWBNBGA7AuAuAoAfArAQALAEAD
2606408003004,BABMBWBZBSBTBNBJBBA4AzAgAgAYAXANAJAHACA/BJBUBbBZBbBZBVBNBBAqA4AoAiAeATANAIAF
2606507001001,BlBrB6BpBbBQBFA2AyAvAmAeAhAXAUAMAHADAGBaBsBtBkBYBMBKA5A0AuAnAqAfAgATASAJADAF
2606606001001,BfBvBuB0BiBQBBA3A1AtAmAfAiAUAQAOAFAEABBbBjBvBwBmBPBCA3A6AzAtAiAeAaAQAPAIAHAG
2606705001001,BQBjBqBhBWBMBHA5A2A2AwAcAmAeAbAQARAKALBMBYBlBZBUBNA+A8A5AyArAnAzAgAkAVAQAKAD
2606804003001,BZBcBiBeBeBXBRBOBBAyAvAeAVASALAIAHADADBKBYBeBaBiBXBdBYBEA8ApAsAcAfARAKAIAHAD
2606804003002,BRBcBbBeBZBPBWBNBAA3AoAjAeANAPAEAHAEABBEBXBiBkBgBbBdBQBSA8AwAuAYAZAUANAFAJAB
2606804003003,BHBYBcBXBUBVBWBTBIA+ApAlAYAZASAIAEAAAAA/BQBWBZBaBcBgBdBVBDA+AfAVAgASAOAGAFAE
2606804003004,BNBVBmBdBdBYBUBOBDAzAtAjAaAQAMAMAJAEACBNBXBdBkBeBaBcBRBEA7ApArAdAcAPALAJABAB
2606804003005,BEBSBhBXBVBUBVBPBGA4AtAkAVAZARAKADAEABBEBPBUBaBYBhBeBXBPBEA7AlAkAYAVALALAHAD
2606903001001,BPBRBjBdBcBPBFA9A/A7AxArAkAdAdALAOALAHBQBRBfBUBZBGBBA/A/A9AxAuAnAoAZATAOAJAC
2607000001001,BwB6ByBvBqBXA/A2AxAsAmAXAdAQANAJAHACABBzByBxBuBvBSBCA1A0ArAkAXAYATAPAIAFAFAC
2607109001001,BLBiBmBnBcBFBHA9BIA6A6AfAqAfAVANAKAFAGBBBVBkBdBYBIBLA8BAAxA2ApAlAdAgAXAFADAG
2607208003001,BhBnBwB0BlBkBSBEA0AmAeAeAZANAQAEAEAEAABcBoByBsBoBdBTBIA3AsAgAlAYAWARAFAFAAAA
2607208003002,BjBiBpBvBjBiBQBCA9AyAlAaAYAPALAFAEADABBcBoBmBqBlBeBQBGBDAyAnAbAaANANANAFACAC
2607208003003,BcBhBmBhBjBmBdBKA8AwAnAcAWAMAHAGAEADABBaBbBgBkBoBuBdBMBCAzApAcAaANANAIAIABAA
2607307001001,BlBvB7BjBkBPBGA8A1AqAhAaAUAXAUANAHAEACBqBzB5BhBhBQBIA7A1AsAkAfAkATAcAMAEACAD
2607406001001,BeBvBqBVBqBYBIA6A6A0AsAYASAWAPAOAIACAABqBmBkBXBsBcBXA+A1A5AjAhAmARATARAHACAC
2607505001001,BaBnB2BrBcBIBGA5A2AtAjAoAdAdATANAJAHAGBXBpByBlBbBLA+A9A6AxAnAtAhAgAYAMALAHAB
2607604001001,BJBNBZBUCTCVCIBiBSA8AzAiAYATALAHAEACABBDBKBSBNBIBGBFBBA6A2AvAfAbAWAQAKAEADAD
2607653003001,BhBbBqBcBmBcBSA7A5AtAjAiAVAYARAIAMAEABBUBbBnBpBgBaBOBGA+A1AoAmAUApAWAOAEAGAF
2607653003002,BRBdBrBoBeBZBRA8A3AwAvAfAhAYAUAUAGAAAEBKBVBpBfBZBbBQBCA9AyA2AgAfAdAdAMAMAEAF
2607703001001,BJBOBWBaBdBSBFA9A/A1AvArAmAnAdANANANAEBCBOBYBWBcBRBDA9A8A4BBAoAsAkAkARAbALAC
2607752001001,BVBhBfBiByBqBZBIA+AzAjAjAYAUAOAIADABABBMBbBlBaBcBXBVBKBBAzAuAkAdAWAUANAEAFAC
2607802001001,BbBkBnBnBiBaBQBAA+A1AsAdAjASAOAKAJABABBVBdBiBdBdBdBRBBA/A0AmArAeAXAUAKAJAEAB
2607901005001,BOBcBiBaBZBZBZBNBBA0AnAmAUASANAKACAAAABSBaBhBZBdBiBcBYBJBAAyApAaAVARAPACACAB
2607901005002,BKBVBbBZBZBVBWBMBDA2AlAlAYARAQAJACABACBEBPBaBbBjBfBfBaBSBDA8AkAgAcAVAMAIACAC
2607901005003,A2A2A/BCBPBXBXBLBFBEA3A1ApAcAOANAEADACA3A5BCA/BaBqBkBeBSBUBOA7AxAdAfAOAOAGAJ
2607901005004,BHBPBVBQBZBfBYBMBFA+A3AcAXARALAGACADAABFBLBWBWBgBoBoBdBRBJA9AqAeAZAOANAEADAA
2607901005005,BGBLBWBYBYBRBOBNBHA9A1AhAdATAUAGAEABAABHBJBUBVBeBbBXBVBTBKA/AqAeAiAfARAHAGAB
2607901005006,BBBNBPBSBcBgBTBJBAA8AwAtAgASALAHAEADAABGBGBPBSBfBnBiBVBQBNBFA1AiAZALAOAPABAB
2607901005007,BIBTBkBbBYBSBVBNBFA4AnAmAdASANAIAGACABBLBTBgBXBZBeBdBYBNBCAuAvAkAbARALAFAEAD
2607901005008,BOBUBYBXBSBbBYBMBCAzApAjAdAPASAEAGABAABHBQBcBVBdBjBlBWBIBCA0AwAhAjASATAIACAB
2607901005009,BEBSBcBbBYBQBOBNBEA9A2AgASAaAXALAFACAABFBOBZBaBaBdBWBZBQBAA3AvAkAeATAQAIACAE
2607901005010,BJBRBaBXBXBUBQBNBDA6A7AfAeAYAIAJAGACABBCBMBWBZBaBfBZBUBOBGBAAsAhAaAWASANAFAA
2607901005011,BVBhBrBcBaBWBUBOBCAxAxAWAUAQALAFAHABAABVBaBdBdBdBgBeBUBJA8A2AeAjAUAOANAGADAC
2607901005012,BWBaBiBYBTBYBSBKBFA4AtAmAeAOADAFABACABBSBYBfBZBeBgBdBXBPBFA4ApAbAQAJANAIADAC
2607901005013,BAA9BJBJBYBVBTBJBKBEA2A2AgAfAJADAGACABA5A5BBBPBgBkBjBcBQBVBEA8AqAcAVAPANAHAE
2607901005014,BKBKBaBYBdBfBQBEBCA5AvAjAZAPAOAHAHAEAABIBMBXBbBnBgBcBTBQBHA2AyAiAfAUAMAFAEAA
2607901005015,BRBXBfBXBdBZBRBJA+A3A1AcAWAXANABADAEAABQBQBcBfBhBeBcBVBNBBBHAcAiAWAPAFAHAIAE
2607901005016,BFBQBWBVBWBRBTBQBJA8AyAfAeAbAQAEAFAAACBKBNBXBYBZBdBdBbBOBIA2AvAgAbAQAVAGAFAE
2607901005017,BEBQBZBXBZBWBUBOBJA/AyAhAYAUANAFACAFABBCBJBRBZBfBdBgBfBWBGAzAxAjAVATANAKAEAE
2607950001001,BeBsB5B2BgBVBFA9A1AuAeAiAUAXAOAOAFAAABBeBmB4BuBhBYBEA6A9AxAgAjAgAaAVAKAEAAAB
2608008001001,BXBmByBuBaBLA+A7A2AzAqAgAiAXAaALAJAKADBRBlBwBmBZBMA9A4BAA0AvAjAkAlASALAQAIAE
2608057001001,BXBeBlBeBiBPBKA7A1A0AtAuAeAcAQAKAGADAFBMBaBmBdBfBaBRBFA+BAAsApAeAdAYAOAFAIAE
2608107003001,BLBcB1B3BVBNBDA6AxAtAhArArAaAVAQALAKADBFBaBuBoBWBOBHA6A1A1AgA8AqAbAfATAPAHAH
2608107003002,BGBOBbBUBYBcBNBGA5AyAeAsAjAZASAHAPAHAGBMBSBdBWBYBiBcBMBAA4A2AnAjAiAZAXATAKAE
2608206001001,BbBtB0BmBkBVBOBFAzAzAhAeAgARAQAKAHAEACBaBkBvBnBkBZBNA/A8AxAmAiAeASASAIAGACAE
2608255001001,BhBfBuBkBbBWBNA7A4AqAcAuAgAgANAMALAHADBYBlBrBbBfBTBFA/A7AvAhAqApAXAbAQAOAHAB
2608305001001,BRBeBnBqBcBTBAA6A6AvAoAlAjAaAUAPAIAGADBUBdBoByBYBPBHBAA9A1ArAlAkAhAcARAMAEAE
2608404001001,BZBnByBnBLBJBAA6A1AsAvAdAlAgAVAQAKAJADBaBnB5BjBPBGBBA3A1AwAqAqAgAkAlAVAPAFAF
2608453001001,BSBaBiBgBVBcBWBIA+AwApAnAcAbALANAGAEACBTBRBZBcBbBdBcBLBEA4AnAzAmAVAUAMALAEAD
2608503001001,BQBcBzBoBaBaBOA+A1AvAnAgAdAUAUAPAGACADBUBaBqBnBeBbBVBDA7A2AqAoApAQAXALADAGAI
2608602001001,BbBnB0BcBRBIBJA9A5AqApAlAnAhAPAKALAHACBQBgBzBiBVBSBLBBA8AuAqAxAlAcAWAPAJAFAH
2608701001001,BbBlB0BrBVBKBFA5A1AyAlAkApAVAbARAIAJAEBNBcBvBjBaBKBCA+AzA1AmAvAqAeAVAWAMAFAG
2608750001001,BkBvB3BlBmBVBKBBA2AvAgAgAWAUAOAJAGABABBfBsB2BjBmBUBLA+A7AxAmAbAaAXAPAJALAGAB
2608800003001,BMBeBfBbBYBNBFA/A4AtAlAhAYAbAUATASADAEBLBWBmBgBfBeBRBGBAA6AyAnArAoAVAWANAGAF
2608800003002,BXBcBhBXBbBTBKA8AyAtAnAlAlAZAaALANAEACBTBaBiBfBeBgBPA9A6A3AtAsAjAmAXAOAPALAF
2608909003001,BBBQBbBSBUBUBIBBBDA2AwAlAdAVAVALAKAEABA/BMBYBWBfBYBZBTBMBGA6AyAyAiAaASAOAFAG
2608909003002,BHBMBbBfBnBpBaBLBAA2AnAjAbAeAQANARABAGBCBNBZBXBVBNBOBKBCA5AqAzAkAsAXASAMAJAE
2609006001001,BNBWBrBuBdBQBHA8AxAuAnAqAYAaAiAPAHAIACBJBWBpBtBXBVBLBCA8AxAvAwAjAhAdAQANADAH
2609105001001,BXBgBpBiBYBYBQA/AwAuAmAbAfAWAVAPAEAFAEBcBhBjBeBuBdBOBEA7AzAlAqAgAcAaAQAHAGAC
2609154001001,BuCACDB4BmBOBAAwAxAgAYAfAcAaANALAGAFADBoB/B9BuBeBKA+AyAuAlAiAiAYAZATANAFADAE
2609204001001,BiBqCRBpBcBSBCA8A2AtAvAcAYAUAJAMAKAEADBYBwB+BqBeBTBHA7AzAsAmAiAZAWAUAMAFACAA
2609303001001,BgBnB4BqBlBJBGBAA1ArAoAaAdAXAVAMAFAGADBXBjBzBiBkBPA9A5A7AxAnAmAbAeAaAPAQAHAD
2609402003001,BCBOBdBaBcBWBRBFBAA8A2AgAXAZARAMAFAAACBBBMBPBYBjBgBTBTBPBGA5AvAjAeAWARARAHAB
2609402003002,BJBeBnBiBgBVBXBKA/A3AtAkAjAWALAJAGADACBLBZBeBbBcBdBWBPBDA4AqAtAaAYAQAQAIAEAB
2609501003001,BLBNBcBWBXBTBNBIBAA2AyAlAZAcAWAIAIACABBJBPBWBZBXBZBYBKBRBCA0A3AoAlAbALAPAEAB
2609501003002,BFBNBdBVBWBaBWBEA9A5AuAqAiAhAPAJAFAFAHBEBLBaBSBbBbBXBRBHA/A2A3AjAdAXATAJAHAD
2609600005001,BOBUBfBbBcBXBRBNBCA1AwAfAUAWAKAKAEACABBLBSBeBcBhBcBaBWBOBBA5AjAkAaAVAMAGAEAB
2609600005002,BMBSBkBaBSBTBXBNBIA9AuAbAXATATAGABACABBCBSBaBZBYBdBgBaBUA+A2AkAhAdATATAMAEAB
2609600005003,BIBRBgBWBVBUBTBMBEA5AqAiAbAMAPAJAGACAABQBTBeBaBeBgBaBVBUBHAxAlAjAXAXAQAHAFAD
2609600005004,BKBPBdBXBSBKBOBLBHA/AyAbAcAVAOAFAFABAABGBUBgBWBbBWBTBUBTBGAxA1AjAiAfAVAKAEAC
2609600005005,BJBIBSBKBMBOBUBRBIA/AnAtAcAZAMAFAMAEAABABIBMBQBXBlBeBgBWBGA7AvApAgAXARAPANAC
2609600005006,BBBFBUBPBZBUBJBGBDA5A2AcAtARAHAJANAEAABDBHBRBUBdBeBaBQBNBGBEAyAzAYAcAVATAMAH
2609600005007,BBBGBMBOBOBSBNBLBGA8A1AjAhAgAUAGAGABABA9BABQBNBWBdBYBcBQBIBCA3A5AgApANANAEAG
2609600005008,BAA+BMBRBTBJBGBKBKBCA1AcAdAaAUAPAGAEADA6BABPBNBTBSBXBaBfBRBGAuAyAoAuAWAMAFAF
2609600005009,BOBSBXBWBWBWBUBLBBA7AsAgAdAPANAIABAEAABEBRBTBWBcBgBaBXBSBFAvA9ApAfAUAQAIADAC
2609600005010,AnArA2BABQBQA+A4A4BBBLAuAmAkAbAVALAGACAtArA4BFBaBgBVBJBKBaBVBVBEA4ApAdAcASAE
2609600005011,BEBIBNBQBSBcBUBGBAA6A5AmAgAXAOAGAGADABA/BDBMBLBbBnBlBTBMBLBEA9ArAhATAQALAHAE
2609600005012,A4BHBSBMBVBRBOBGBHA/A0AjAaAWAaAIAKABABA3BFBPBQBXBbBaBVBLBKBGA1ApAwAbAZASAOAG
2609600005013,BHBRBTBZBdBRBNBHBDA/AxAjAXAYAOACAKACAEBFBKBUBbBaBZBQBRBQBLAxA1AlAfAhATAQAGAG
2609600005014,BQBSBfBZBWBYBSBTBGA6AwAlAcAOANAHADACAABHBSBaBWBeBhBiBcBLBBAtAxAeAYARAMACADAD
2609600005015,A8BDBGBCBHBPBQBNBCBAA0AuAiAWAWANAIADABAwBJA9BTBNBnBgBSBUBPBKA/A5AoAbAVAUAFAF
2609709001001,BMBVBtBsBYBPA/A6AzA1ApAkAiAaAaAMAOAFADBJBVBoBqBcBOBGBAA+AzA2AoAkAfAeATATAJAJ
2609808001001,BkBoBtBqBkBZBVBAA8AxAeAaAZATANAHACAHACBfBkB0BqBeBZBOA/A6AuAnAcAZAYASALAFAFAC
2609907003001,BnB2B+BmBdBMBIA9A2AsAfAhAiAUATAIAMAHABBmBvB6BhBXBGBAA7A1AsAoAbAfAcAPAMAJAHAF
2609907003002,BaBmBuBdBcBRBHA9A5AtAhAhAbAVAWAMAFAEACBgBiBuBkBmBVBPBBA+A1AlAmAcAjAWALAJAFAD
2610004003001,BIBWBcBZBZBSBJBEBAA2AlAkAcAcAOAPAFAFABBGBPBfBYBlBbBXBQBNBAAxA0AmAZAfAMARAEAF
2610004003002,BWBpBzBmBjBYBIA/A5AwAoAfAWAaAOANAFABABBXBnB0BnBgBYBKBGA6A0AlAnAcAYAPALAGACAC
2610103001001,BLBgBxBsBTBHBBA9A7AvAeApAqAWAcAMALAFAFBVBmB0BfBaBHBFBCA3AqAiAyAwAYAjANAPAEAN
2610202001001,BYBjB8BqBQBJA9A2AwAtAvAaAhAbAdASANAHAEBUBfBxBpBXBMBEA6AyAwAzAiAtAmAbAUAKAHAC
2610301001001,BkBmBxBkBVBKBJA9A8AwArAhAbAjAVAPAFAGAEBOBgBrBcBPBGBIA8A+A1AmAqAiAlAYAdAQAEAD
2610400001001,BgBiBpBoBeBZBKBBA8A0AfApAgAaARAMAJAHADBaBhBnBiBZBMBFA+A1AxAvAjAkAaATAPAFAIAG
2610509003001,BNBSBjBhBeBUBMA/A6A2AuAgAgAWAUATANAJABBGBSBfBfBZBZBNBDBCA+AvAvAlAgAXAVANAIAE
2610608003001,BUBbBnBdBeBXBWBGA+AxApAcAZAXAMANAFAFAABVBYBfBmBiBcBZBMBEA5AtAlAaAeASAMAGABAE
2610608003002,BZBbBqBpBcBVBbBHBBAxAvAcASAXATADAIACABBUBWBnBiBgBcBVBSBEAzAmApAgAWAKAGAIADAD
2610707003001,A3BABKBPBaBWBPBIBCBCBEApAmATASAMACAAAAA6BCBHBQBcBlBgBYBSBSBUA0ArAYAdALAFAIAA
2610707003002,BEBFBXBQBYBWBYBDA+BCBKAaAfANAKAEAEAAAABCBCBKBbBhBmBcBTBWBZBFBCAgAZALAKAIAGAE
2610707003003,A7BEBLBMBUBZBPBHBFBDBEArApATAIAGAHAFAAA3A/BQBQBVBeBWBSBSBTBGBCA1AXASARARAHAF
2610707003004,BGBOBVBSBOBUBdBWBGA1AqAoAlAfAOAGADAAACA+BIBUBOBUBjBjBfBOA7A1A2AkAjAWAVAFAGAE
2610707003005,BGBOBZBVBXBWBSBNBHA8AwAnAdASAOAEAGABAABFBJBZBVBcBeBdBZBQBJA4A1ApAWAVALAJAFAC
2610707003006,AxA8BGBKBUBVBLBKA+BFBGAsA0ASAJAGAGAFAAA8A2BEBOBZBkBYBVBTBbBSBEA5AWAfANANADAD
2610707003007,BGBKBiBVBcBRBIBLBIBEA0ArAjAMANAEADAGAABEBGBTBbBdBaBcBcBXBLA+AqAmAVAVAGAGAGAD
2610707003008,BIBHBaBYBVBPBNBQBHBBA3AsAgATASAKAFADAABLBJBUBTBaBaBaBYBVBLA+AvAsAUAOAIAHABAB
2610707003009,BCBKBSBPBUBPBSBOBFA4AsAxAgAeAOAFAHAGAAA5BFBUBLBOBfBZBVBUBEBIA1AuAbAbAXARAJAD
2610707003010,A/A9BNBNBOBXBTBHBFA7A1AxAjAZATAJAGADAAA3BCBJBQBSBeBdBXBTBJBABIA9AaAZANAPAKAE
2610707003011,BQBNBRBNBZBUBXBLA+A8AwA0AdAUAJAEADAEABBLBPBUBOBTBiBdBYBUBGBFA6AqAaAOAJAIAAAD
2610707003012,BRBUBbBUBTBVBSBOBCA7A1AiAeASAQAHADAAABBNBPBaBUBcBcBeBXBOBDA8AqAlAaAQALAKACAD
2610707003013,BJBZBbBXBVBXBRBJA9A7AsArAjANAOAJACABAABKBPBVBXBfBhBbBWBJBHA7A3ApATATAMAFACAD
2610806001001,BbBnBnBoBeBQBIBAA7A0AkAjAlAdATANAGACABBaBjBnBcBVBMBIBCBAAzAgAuAeAbAfAVAJADAE
2610905003001,BmBwBvBrBYBKBCBAA2AzAoAfApAOAZAQAHAEAABoBjBwBfBUBDBFA8A5AvArAhAgAfAcAKALAGAG
2610905003002,BXBaBgBYBYBNBIA8A7A3ArAlAfAaAPAQAPADACBQBUBeBfBaBOBIBFBHA7AzAtAoAgAdAdANAJAA
2610905003003,BOBUBeBdBfBWBLBDA/A6AtAfAeAbASAHAHAFADBHBTBcBXBUBQBSBKBNA9A5ArAgAjAaAXAQAIAF
2611002003001,BfBUBcBSBjBdBNA9A6AzAoAlAeANALAKAKADAABVBZBfBhBpBkBXBJBBA8A5AgAqAUAPAPAMAEAC
2611002003002,BxBwBxBiBpBXBQBBA3AwAfAhAZAOAMAHAFAGADBsBsBvBnBeBYBOA9A3AyAcAfAhAOAJAIAHABAB
2611101003001,BbBeBlBhBaBZBVBTBGA+AqARASAIAGABAAAAAABaBUBjBjBtBqBkBgBRBFAgAeARAMAFAHACAGAC
2611101003002,A4A/BLBVBeBKBOBCBCA8AzAeAcAcAPAKAGAAADA4A+BPBmBsBjBbBeBYBHA+AvAtAbAeAOARAJAJ
2611101003003,BoBvB2BpBsBmBmBXBAApAcAWATALAEAEAEAEACBmBnBxBkBeBaBWBNA2AqAcAZARAKAKADADACAB
2611101003004,BHBKBQBeBdBaBUBKA+AwArAZAaATARAKAGACABBEBJBRBiBrBpBjBbBLBAAyAwArAeAXANALABAF
2611101003005,BSBYBkBXBhBfBeBFBAAxAoAeARARAOACAEABABBUBVBaBnBuBoBoBUBGA4AvAmAYAUAFANAFAGAA
2611101003006,BxBuB3BnBmBYBbBLA8AnAfATAPAMAKACACABACBoBqB1BuBnBaBbBLA/AnAkAQAOAUAIAEAEABAB
2611101003007,A9A9BKBVBoBXBSBKBAA9AsAeAYATASAPAEABABA+A9BGBkB0BuBjBcBSBKA2AqAjAmAZAMALAIAC
2611101003008,BiBpB5BsBWBWBSBHA/AvAjAhAnATARAJAIAAACBXBjBtBeBYBUBLBCA4AuApAeAdAYAQAKAKAFAB
2611101003009,BrBxB2BsBwBeBZBIA3ArAmATASARARAFAEAAAAByBsBwBlBpBXBPA/A5AmAeAVAUATAHAFACABAD
2611101003010,ByByBvBjByBoBdA+BDAyAZAQAQAMAIACACABABBfB8BqBoB1BgBYBGA4AjAeAQAUANAIAEACADAC
2611101003011,BZBdBrBbBlBgBUBCA/AzAlAfAUANAOAFABACAABeBYBlBqBrBjBgBSBFA6A6AQAWAQAQAGABAAAB
2611101003012,BjBlB5BpBqBgBRBFBBAwAgAUAJAOAJAFABADAABZBjBtBtBrBlBaBNBFA0AkATASAUALAGABACAB
2611101003013,BiBiBlBdBhBfBeBQA5AxAeAfAWAOAEAFADADABBeBbBoBbBsBqBlBSBFAyAqAaAVATAGAJACAGAC
2611101003014,BZBQBdBdBmBhBSBJA6AxAuAcAYARAHAFAEABACBSBTBdBgBwBrBhBRBCA7A1AiAfAUAKAJAIAGAC
2611200001001,BWBkBuBaBZBEA7A2A3AyAwAeAnATAUAVAHALABBcBfBtBhBVBHBIBCBABDA3AkApAbAfAQANAFAC
2611309001001,BEBXBkBjBcBbBKBGA7A3A0AdAgAdASAPAKAFAEBCBQBiBeBiBWBSBMBAA3AuAsAhAZAYASANADAG
2611408001001,BaBoBvBoBoBeBTBFA1A3AiAoAcAZAMAHAHADABBPBdBkBkBiBXBOBGA3AxAqAlAaAQAVANAFABAH
2611507001001,BgBhCCBuBXBBBQAxA5ApAjAiAeAYAVAPAEADAHBWBsBuBiBeBWBEAyA+A4A2AfAeAYAZAPAHAEAF
2611533001001,BUBbBmB2BlBJBFA6A1AvAmAzAjAVASAKAKAGACBLBWBwB5BhBGA9A9A9AyAoAxAiAjAbARAHAIAD
2611606005001,BUBgBmBcBXBWBLBFBAA1ApAkAcAJALAFAIABAABPBbBkBfBeBhBWBNBJA/A1AlAeAbAQAQAGAGAG
2611606005002,AuA3BDBMBeBcBLBAA7A7AuAsAcAYAWANAIACAFAvA3BBBVBwBsBZBLBJBLBIA4A4AqAlAbAYAOAK
2611606005003,A8A/BIBKBNBUBPBFA/A6AwAvAZAXAYAMAKAEACA9A+BGBMBbBjBdBSBQBLBRAxAvA1AiAVASAHAH
2611606005004,BGBRBUBUBUBaBTBGBAA7ArAoAhANAPAKAEABABBCBIBWBXBZBeBbBUBOBJA+AyAqAdAaAQANAEAI
2611606005005,BKBSBZBXBWBUBQBIBFA4AtAgAYALARAJAKAEAABGBPBVBXBcBZBZBQBRBCAzA1A2AgAeAOAIADAD
2611606005006,BBBIBUBQBTBWBKBIBDA/AzAqAbAVAQANAEAEACBCBBBOBPBWBdBbBTBQBKBNA1AtAiAZAXANAHAB
2611606005007,BHBPBaBaBXBVBOBKBFA6A0AfAeAQAFANAGABABBIBQBTBYBhBgBWBVBRBGA3AxAfAaAbANAIAKAJ
2611606005008,BMBTBcBfBcBWBPBOBFA5AtAhAgALAJAEAIACACBMBQBgBdBfBcBbBWBSBDA4AkAaAYAOAKALAKAD
2611606005009,ApAlA2BDBZBYBDA4A1A7BAA3AjAiAWASAQAGABAjAlAzBGBnBqBYBNBKBZBfBFA7A2AqAlAXAXAJ
2611606005010,AuAxA8BIBTBLBEA9BABBA4A1AeAvATAPAKAFAEAyAyA8BJBYBZBYBTBSBZBWBHBEAjAkAaAYAMAK
2611606005011,A2A1BEBFBNBPBOBHBDBBA3ArAoAWATASAJACADA5A2BABGBVBdBcBVBVBTBHBEA5AkArAWAXAPAG
2611606005012,BABBBOBMBVBVBLBGBDBCBBAkAYAfAQANAKACABA6A9BHBMBeBeBfBWBOBRBFA5AxAfAcAQAPAJAG
2611606005013,BHBLBZBVBYBTBPBMBHA6AvAhAXAVAIAJADAFAABCBIBXBWBeBdBYBYBTBIA8AvAkAiAZAZALAGAC
2611606005014,BABNBWBZBYBUBNBKBNA4AyAjAWAeAPAEAFABAABIBFBQBVBcBaBVBbBTBMBKAiAZAlAaAPAUAHAE
2611606005015,BKBRBZBhBfBVBPBQBJA7AuAeAaAKAKAHAFACADBEBOBaBcBiBdBZBWBQBDA1AnAhAbAQAQAMANAB
2611606005016,BKBPBeBeBjBXBMBLBHA+A3AeASAOAPAHADAAADBMBLBSBaBjBcBVBbBSBHA5AsAkAeALAKAFACAE
2611606005017,BTBbBkBfBhBZBVBNBEA2AnAhAYAMAKAHABABADBOBZBeBfBiBiBbBWBLA9ApAsAbAVALANAHACAB
2611606005018,A7A3BFBMBdBYBRBBA/A7AzAwAkAMATANAJAFACA7A5BABMBrBhBbBQBLBQBVA7A5AiAaAVAVAEAE
2611606005019,A6A4BFBIBWBaBVBHA6A/AnA6AbATAWAJAEACACA/A5BEBLBjBoBiBSBQBQBNBAA1AkAcAVALAKAD
2611606005020,A+A/BCBHBRBYBQBHA/A8AyAsAkATAQAFALAGADA2A6BGBMBgBlBhBXBVBQBIA8AvAiAuASANAJAB
2611606005021,BMBJBTBaBgBWBNBEBFA7AqArAdAKAIAMAFAGABBDBDBUBZBhBgBVBTBSBLA+AxAtAgAOANALAIAG
2611606005022,A9BMBPBTBaBcBPBGBDA8AzAkAUAZAJAJAKAFAAA/BCBNBUBkBnBgBZBRBKBBA2AjAhAWARAMAGAD
2611606005023,BBBDBOBUBfBmBSBJBCA8AwApAXAVALAHADADACA9BABMBRBnBuBgBZBQBKA8A1AlAbAbAMAQAFAC
2611606005024,BBBJBcBYBeBUBVBOBKA/A1AbAXAOANAKALACACA5BJBUBbBfBcBdBaBYBHAwA2AlAcARAMAMAHAB
2611606005025,BIBIBOBQBZBPBLBFBCA+A5AoAhARAKAOAFADAAA7BGBNBQBfBaBXBTBOBMBEA2AyAjAZAXATAFAJ
2611606005026,BCBHBRBPBQBTBMBIBEA+A1AlAbAeAMALAFABACA8BHBSBQBeBbBZBYBSBPBAA3AqAeAgAYAOAHAE
2611606005027,A/BKBTBTBVBUBJBHBBA+A4AmAgAPAOALAIAFABA/BFBQBRBcBbBXBVBPBNBCA6AwAfAcAXALAEAD
2611606005028,A4BDBKBRBSBVBMBIBDBDA0AtAeAWASANAHAGACA0A/BEBSBUBdBaBWBQBVBBBAAwAgAaAYARAKAG
2611606005029,BIBQBYBbBYBUBJBJBBBAAzAgAcATAKAHAFADABBCBJBUBZBcBbBbBSBRBNBBAuAjAcAVAZAJAKAC
2611606005030,A8BFBLBUB7B6BqBXBKA+A6AgAeAPAMAJAFABAABDBCBMBLBRBYBcBTBJBAA0AyAlAUAWALALACAD
2611606005031,A/BIBPBQBXBVBTBLBFA/AwAmAlARANANADACABBCBGBQBOBaBjBWBXBOBHBDAvAsAdAdAOAPAMAI
2611606005032,AkAnAxA3BNBQBHA4A/A/A/A8AyAmAZAWAZAOADAiAnAtA8BSBbBWBOBMBSBdBJBJA1AuA3AWARAE
2611606005033,A0A0A7BHBPBaBOBEA9BDBAAsAfAgASANAIADAAAuA2A8BKBhBqBhBXBQBSBTA7A0AnAhAZAaAFAE
2611606005034,A1A8BABFBRBSBSBMBGBEA5ApAeAgALAOAQAFAABDA0A9BEBYBlBnBZBSBTBJBCAyApAcAWANAEAB
2611606005035,BGBNBTBSBZBbBUBEA/A8AxAhAaAXAPAGAIACAABJBKBSBUBgBnBfBSBIBEBDAuApAbAcAKAKAHAF
2611606005036,A3A7BHBKBTBSBHBAA/BAA2AxAlAVAdAIAIADACAxA1BFBNBaBfBXBPBRBTA9BRA4AwApASAQALAI
2611606005037,BFBXBVBUBSBXBTBPBIA9AsAkAfAUAKADAKACABBHBVBdBTBYBkBiBaBQBEA3AjAjAVAXANAJAEAD
2611606005038,BHBPBdBcBWBQBRBMBLA8AuAgAfAIAMAHAGAEABBCBOBeBbBgBeBcBWBSBKA7AnAfAhAQAKALAFAE
2611606005039,A6BHBaBUBWBXBNBIBJA4A1AfAfATASALACAGAAA/BMBVBWBZBeBZBUBTBKA2A3AoAiAeASAJAJAC
2611606005040,BLBTBgBaBdBfBWBHA/A2A0AbAdAQAJAIACADABBIBSBaBeBiBmBWBQBLBFA5ArAjAZAUAGAFAAAJ
2611705001001,BMBOBkBgBbBQBRBCA7A2AnAiAkAiAbANALADAEBLBVBcBaBcBVBTBHA8AzAtAsAqAgAcAQAOAHAE
2611804003001,BJBVBgBeBXBYBPA9A+AyArAgAiAUASAJAHAEACBLBUBgBgBdBgBXBNBKA/A1AnAlAbAYAVAIADAE
2611804003002,BVBjBoBpBbBZBPBGA+AyAmAkAaAaAPAKAFACADBSBeBnBhBcBeBSBKBDAwArAlAaAZATAGAIAEAC
2611903001001,BbBkBwBtBmBYBOBFA7A1ArAWAbANAWAEAFAGACBOBeBoBvBhBVBSBHBDA1ApAbAaATAQANAHADAA
2612000001001,BEBUBpBeBOBKBTBMA5AyAuAhAnAeAcAQAPAFAEA9BbBnBYBMBPBaBLA9AxAwAqA2AZAhAUAHAJAE
2612109001001,BDBTBaBdBjBnBSBLA+AuAtArApARAaAQAIAGAEBGBSBUBbBYBpBVBCA2A2A1AjAnAmAUAOAIADAE
2612208003001,BZBZBhBYBhBYBUBDA9AyAiAcAUASAKALAGAHADBSBbBeBcBoBeBbBNBHA5AoAoAeAZAYAUAHAIAH
2612208003002,BfBjBmBbBjBcBXBFA7AvAoAfAeATANAJAFAFAEBaBfBeBeBdBVBOBFA/A0AvAfAjAWAUAPAKAFAF
2612307001001,BaBeBnBhBPBIBFA4A6AyAlAhAhAeAbAOALAIAEBSBWBsBhBWBNBIA/A+A1ArAtAoAqAhATAKALAH
2612406001001,BQBqB1BfBYBKBIA/A6AyAyAXAgAeARANAGAEADBWBgBzBiBWBRBPA+A8A5AxAgAgAdAbALAMAEAE
2612455001001,BbBrB1BfBZBMBNA6A6AsAuAYAkAiAQARACALAFBcBsBvBiBVBMBEBAA4AqAlAhAmAYAcAPAIAKAF
2612471001001,BZBWBmBdBpBNBQBAA1AyAkAmAkAYAPANAJALAGBOBUBfBfBoBNBLA+A3A2AvAtAoAkAZAOAOAHAE
2612505003001,BJBOBdBfBsBiBOBDA3AqAjAhAdAUANAKAEAAAABQBJBOByB1BwBaBSBGA+AuAsAUAgAWAIAJAEAH
2612505003002,BGBMBUBfBxBnBRBDBAAyAgAgAWAWANAEAFAEABBFBFBTBuB3BuBkBYBLA2A4AeAiAPAQAOANAFAB
2612505003003,BeBcBjBkBxBlBYBEA7AwAfAdAVATAJAHAFAAABBaBUBcBoB1BwBaBJBEAzAoAbAXAMAMAGAHAEAE
2612505003004,BmBkBpBkB8ByBaBGAzAnAaAXAUAIAHAFABACABBiBZBkBpCDB0BgBPA6ArAhAUASAHAKADAHACAA
2612554001001,BdBmBzBkBVBPBMA/A8AtAjAnAmAaAXAKALAGAEBdBlBsBjBWBOBFA+AyAqArAiAjAdAgALAGAHAE
2612604003001,BfBpBuBkBiBQBOA+A9AoAdAdARARAMAIAEAGADBkBqB1BrBfBbBbBGA9AvAnAhAeAWAKAOAKABAB
2612604003002,B2ByB0BuBuBcBNBAA2AsAiAlAUATANAOAGAEABBmBuBwBkBbBPBCA5A1AqAiAeAcAXANAFADAEAB
2612703001001,BYBdB0BhBUBUBFA8A2AxAiAiAqAXAfAPALAIAEBIBeBsBfBWBQBHA/A5AzAqAsAqAfAbASAMAGAG
2612802001001,BXBiBmBjBkBWBGA1AxA2AjAjAbAXAWATAMAHACBeBXBkBkBiBbBEA8A4A3ApArApAfATAPANAGAD
2612901001001,BKBZBoBjBpBfBVBIA3AtAnAkApAcARAKAIADADBPBXBsBgBoBcBOBCA5AwAqAmAbAXAVALAIAFAE
2613008003001,BWBvBzBrBbBWBGA+A4AvApAkAhAaAWALAJADADBUBmBvBjBWBNBIA6A3AvArAoAaAfAbAOAGAGAB
2613008003002,BgBlBvBkBfBNBIA6A1ArArAiAeAYAOANAJAHADBXBhBqBjBYBZBFA9A9AwAxAoAjAcAWAPANAFAE
2613107003001,BFBRBZBVBlBUBTBGA+AsAbAnAaAaAVAPAJAEACBPBSBkBkBfBdBYBMBDA5AiAwAjAgAZAWAPAHAG
2613107003002,BjBaBuBpBgBXBNA+A4AtAhAjAhAVAUALALADABBWBiBvBhBdBNBJBAA7AwAnAmAoAZASAMAKAJAF
2613206001001,BYBhBrBpBaBRBJA7A4ArAqAhAYAcAWAOALAGACBRBhBxBqBcBSBGBCA4ApAsArAoAdAVAVALAHAB
2613305001001,BXBeBuBkBdBUBAA+A6AyApAoAfAbAYAOALAEACBPBaBkBkBZBOBHBCA8A0AwAmAmAhAaAWAFAFAG
2613404001001,BlBrBzBoBZBVBKA8A2ArAkAfAXAWAOAMADADABBdBpBqBmBcBWBSBGA/A2AyAdAkATARAJAGADAE
2613503003001,BUBiBrBpBiBRBGA8A4AxAqAjAgAYAVAOAOAEACBQBaBoBhBhBMBKA8A8A1AuAoApAbAXAQALAFAF
2613602003001,BGBJBNBbBdBPBGA/A8A3A5AaAaAbAeASAFAIACBBBGBYBhBeBYBNBJBJBBA2AwA1AcApASAXAFAL
2613602003002,BKBbBmBfBbBNBFBFA5A2AjAyAxAfAZAUAKAHACBJBYBiBZBSBSBEA+A8A1A3AiAiAmAjAOANAKAD
2613701003001,BUBWBhBfBaBaBbBRBEA4AxAVAVANANANAGADABBGBPBYBbBiBeBmBSBLA3A2AfAoAcARAGAMAAAD
2613701003002,BEBQBYBbBfBlBTBFA3A2A2AsAgAQAQAHAFABABBEBIBVBaBeBlBZBKBDBEBCA7AlAVAUAMAIAFAC
2613701003003,BYBfBnBpBeBhBSBFBBAyAsAmAgAQAVAMADAAADBKBYBfBhBeBdBTBHBCA1AyAdAdAbASAHADADAD
2613701003004,BPBSBeBbBdBbBPBLBGA6AqAiAVAOASAHAFAEACBKBSBWBeBiBkBbBXBEBBA1ApAdAiANAKAMADAD
2613701003005,BPBUBeBYBZBZBSBNBDA3ApAhAWAbANAIAFADACBGBNBUBUBiBfBeBUBLA/AtAyAlAcAUASAMAGAB
2613800001001,BTBhBxBvBaBSBHA+A1AwAvAbAUAaAVANANAFADBPBaBwB0BXBSBJBAA7AyAoArAgAdAYAOAIAHAG
2613909003001,BSBeBsBrBbBJBGA/A7A7A4AhAiAlAaAOAMAIACBSBZBhBhBRBDBFA9A6AzAqAwAuAYAYAOALAIAD
2613909003002,BhBdBcBbBnBfBTBFA4AtAmAUAVARAMAFAFAEABBbBYBeBjByBjBfBNBBA4AuAdAiAYAMAPAJACAD
2613909003003,BQBOBZBVBbBSBPBEA9AwAoAbAdAPAVAKAGAEACBPBOBeBkBoBbBfBRBMA+AvApAoAgAZAQAOAIAF
2614006001001,BZBkBwBqBkBSBJA/A2AvAiAiAdAdATALALAHAEBWBmBuBjBdBNBIA9A4AvAkAkAcAhAZANAKAHAE
2614105003001,BJBZBmBWBkBZBNA+BBAyAqAoAnAeAaANAKAFAABSBaBgBVBlBOBLA/A9A3ApAtAwAXAcAQAJACAF
2614105003002,BVBZBlBbBWBOBHBCA7AyAsAdAiAYAYALALACADBOBZBeBWBjBWBNBFBEA5A1AkAfAoAfAUAKAQAA
2614204003001,BeBfBnBmBtBsBfBOA8AuAhAdAZAPAKAKADABACBPBcBnBjBkBiBRBHBAAxAgAlAZAPAPANAFADAA
2614204003002,BoBnBrBtBlBhBQBBA1AsAgAfAYAQAVAIAFACAABeBjBvBxBkBeBRBCA3ApAnAbAZAUAMAIAGAEAD
2614303001001,BWBhBtBrBkBUBDA8A7AyAwAaAlAaAaAHAGADAGBWBfBlBcBeBPBKA9A8AyAoAiAgAeATALARAKAI
2614402001001,BUBgBsBuBdBUBEA5A8A2AjAxAhAbATALARADACBTBbBsBzBaBLA9A4BBAsAuAmAwAUARANAPADAB
2614501003001,BTBbBoBhBaBPBLBAA4AtAmAmAqAXATALALAHAEBLBVBuBiBbBXBVBCA7AxAsArAmAbATAaAQAGAC
2614501003002,BJBXBcBeBbBTBOBAA5AtAoAkAjAWAdASAJAHAFBLBRBcBgBbBaBWBDA9A1A2AnAwAfAfAQAMAEAI
2614501003003,BLBOBdBaBUBYBQBAA4A0AjAnAlAQAVAPALADADBFBPBbBVBgBfBaBOBGA9AyAuAoAmAXATARAIAF
2614600001001,BNBfBmBdBgBQBKA7A9AxAoAoAgAcAXANAKAIACBRBbBgBdBYBTBNBBA9A1AvAtApAkAZANAQAGAB
2614709001001,BQBcBpBfBlBTBGBAA3AuAvAaAgAfAVAPAMAGACBPBiBlBfBZBVBKA7A8A2AsAoAnAdAVATAMAJAJ
2614808001001,BjBoBtBnBjBYBKA8A3AvArAfAoAPAQAMAGAGADBYBiBtBbBbBUBHA7A1AtAmAnAgAbAZAUAGAKAE
2614857001001,BgBnBxBtBkBeBLA9A2AyAjAkAXAXAPAKAFACABBXBjBmBpBiBfBTBFA1A2AmAhAaAWAOAJAGACAB
2615003001001,BNBWBgBjBhBYBMBFA/AzAuAgAjAaAUAKAKAJAABMBbBhBhBkBaBRBHA/A3AsAmAaAcASAPANAFAD
2615102001001,BcBYBxBlBYBNBAA3A5AqAsAmAoAaARARAHADABBYBXByBnBbBPBGA9A9AzAyAkAnAcAWAWAPACAJ
2615201001001,BkBiBpBfBeBXBaBDA8A4AnAiAcAXAPALAKADAEBSBbBjBfBUBVBMBGA9AzArAgAhAaARALANAEAI
2615300003001,BXBaBtBrBYBWBSA/A7AwAnAmAdAPAZALAFAGABBYBeBqBmBdBYBPA/A2A2AtAlAmAXATARAEACAC
2615300003002,BNBQBhBeBVBRBPA8A6A0AqAqAiAXASAOAIAEABBHBPBYBfBWBZBVBIBGBAA0A3ArAeAcASANAKAE
2615409003001,BgBfBjBmB/BuBUBFAwAoAfAVARALAHAFAIADABBZBbBjBvCFBpBaBBA3AxAoAZAZAMAKANALABAB
2615409003002,BjBfBeBiB9B3BbBCA0AqAXAcAXALAKAGAEAAAABfBZBiBpB3ByBcBFA9AtAfAcAPARAPAJAGAAAH
2615508001001,BZBOBbBgBcBZBRBGA/A0AsAkAfAXARAKAFAGAABbBdBcBhBhBhBYBOBAA2ApAqAeAaAPAJAIACAC
2615607001001,BqBtB3BmBoBVBEA+A2AqAkAZAZATAMAHAHAEACBhBmB5BgBgBYBJA/A6AvAmAgAcAcAUAHANACAE
2615706001001,BIBOBeBkBaBNA/A6BCAzAlAnAhAlAcASAFAGAEBGBLBaBfBdBQBFBFBFA8A1AvAyAjAnAXAQAFAG
2615805001001,BoB1B6BrBaBJBBA4AyApAeAkAgAYASAJAJAHACBkBxCABoBbBLBDA1A1AuAjAnAdAcATAKAKAGAD
2615904001001,BGBNBaBUBXBNBGA+BEA8AwAcAlAvAYAPARAIACBEBHBdBZBfBDBJA9BGA7A4ApArAqAsAXAQAKAF
2616001001001,BYBhBlBbBeBUBMA9A+AsAmAjAeAfAUAOAHADACBYBhBjBgBeBSBOBBBBA4AsApAhAbATAUAJAFAD
2616100001001,BPBfB0BlBaBRBBA5A8AtAsAiAiAbAbAPAHADADBgBdBpBnBZBCBMA4A5A0A/AcAsAgAUAQAQAEAD
2616183001001,BOBXBiBxBXBQBAA+A2AxArApAiAbAbAOAMAKAFBEBSBtBsBVBIBKA9A4AxA3ArAjAoAdARAOANAG
2616209001001,BSBfBfBeBdBWBNBCA5AsAoAhAkAXAYARAHAEAGBQBQBaBYBiBdBMBFA8AzAtApAlAgAkAPAQAHAF
2616308001001,BHBXBrBsBoBfBPBAA8A0ApAiAaAVASAKAEADAABOBWBoBmBoBhBSBHBBA3A1AeAbAWATAIAFABAD
2616407003001,BHBOBYBWBWBcBRBIBBA2AvAhAbAZAUAIAGABACBFBMBZBYBdBnBdBQBMBHAyAzAiAeAYANAOABAF
2616407003002,BLBZBkBsBjBYBUBMBAAzAkAqAYAbATARAIACACBOBWBeBhBgBaBTBIA9AzAhAtAhAYARAMALADAD
2616407003003,BVBXBjBbBWBWBTBLA6AyAnAiARAWARATAHAEACBNBUBgBbBWBoBbBLBFA3AoAxAqAcAZAOAIADAC
2616407003004,BABABOBOBQBXBMBMBHA5AtAnAdAcAWAHAMAAACA8BFBRBVBXBfBmBZBUBGA+AzA3AbAiALARAGAA
2616407003005,BRBUBeBcBcBfBNBHA5A0AqAbAdAUAPAMAIADABBNBUBeBjBfBeBZBPBGA8A2AlAiAZAVANALAEAF
2616407003006,BNBSBcBgBdBeBRBEBAA1ApAlAdATAVAGAHAEAEBEBRBUBYBjBcBQBKBGA/AzAxAgAhAcALAQAHAG
2616506001001,BlBjCABzBgBKBBA9A2ArAkAhAXAaAUAJAGADACBYBfCBBuBaBOBOBCA/AyAmAeAdAZASAMAFADAC
2700102001001,BiBvB6BvBaBKBBA4A0AwAgAkAfAcASAKAJADADBgBpB4BsBXBJBCA8A1AuAhAlAkAaATAQAQAFAC
2700201001001,BcBgBvBuBYBTBEA+A5AzAnAjAfAWARAHAIADADBXBeBpBsBZBSBKBEA6A2ArAmAcAdAaARAHADAG
2700300004001,BiBiBqBiBXBSBQA/A5AvAgAeAbATAPAEAEAAABBYBeBsBkBeBgBWBJBEA2AnAyAjAfAKALAHAEAB
2700300004002,BDBPBbBiBgBTBJBDA6AxAkApAgAZAKALAFACAFBIBMBeBkBoBbBaBIBLA/A+AtAnAbAYAVALAGAA
2700300004003,BCBKBWBYBbBVBKA5A7A4ArAfAbAbASAIAOADACBGBOBWBhBnBnBaBLBNBBA5AsApAiAYAYAOAFAH
2700300004004,BMBOBcBdBdBTBFBAA6A3AkAqAaAWARAFAJADAABEBSBmBjBmBgBYBIBQA/A1AzAnAbASAVALAAAE
2700300004005,BCBLBbBeBdBTBKA5A9AwAuAgAiAXAOAIAGAFAFBCBNBZBgBoBhBaBRBPA+A2A3ArAgAcASAJAEAC
2700300004006,BFBQBbBdBkBUBPA7A7AvAnAqAgARAPAOAFABADBGBRBWBfBmBmBhBIBIBAA9AuAvAbATATAGADAA
2700300004007,BUBTBnBkBeBOBQBGBDA7AoAcAWAZALAHACACADBJBPBaBhBjBlBkBSBNA8AzAnATAeAVAMAJACAB
2700300004008,BbBhBqBfBjBYBSBAA+AzAjAhATARARAGAFAEABBbBXBtBkBiBkBcBLBBAzAkAmAlAQAKAQAFABAE
2700300004009,BgBlBxBdBRBUBOA/BBAqAhAdAcAYAMAGAGADABBZBmBzBuBgBdBVBIBFAzAlAjAWAWAUANAGADAB
2700300004010,BZBiBqBoBhBdBTA/AzAqAkAgAcARAUAIAGACABBeBhBtBpBoBlBTBCA8AsAmAjAgATATALAEABAA
2700300004011,BeBhBzBiBXBZBPBBA/AwAlAgAWAUAMAEAHADABBdBdBtBnBiBcBVBMBIA3AoAhAbAVALAKAFABAC
2700300004012,BbBlB0BtBdBRBGA+A7AwAlAiATAZAQAPAEACABBbBjByBpBfBUBOBCA+A0AkArAeAWANALAIAGAC
2700409003001,BdBtBwBqBXBUBQBBA1AqAqAaAiAQARAIAFABAABcBqBvBkBgBcBVBBA5AyAtAkAYAQAVALAFADAF
2700409003002,BkB2CCBuBdBZBJA5AzAuAoAcAfAWAKAHAEAFACBpBwB6BoBXBRBGA6AzArAoAiAVASAKAJAHAHAC
2700508001001,BkBtB8BwBaBaBIBFA0AtAoAcAZANALAJAEADABBfBoB8BtBgBZBOBFA3AuAnAiASAaALAIAEABAA
2700607001001,BkBaBvBvBiBdBSBNA6A2AiAfAXANAKAFACABABBVBgB4BhBiBgBiA/BCA2AtAYAUAOAMALADABAD
2700706001001,BZBqBuBoBnBUBHA4A5AzAiAgAaAZAPAHAFAEACBSBmBsBpBmBUBNBBA+AyAuAgAhAWASAOAIADAF
2700805001001,BSBWBwBwBWBNBGBCA+ArAnAdAqAbASAEAMACAGBMBXBrBkBdBXBJBEA1A5AtAoAjAmAbATAIAGAE
2700904001001,BVBkB3B3BiBUA+A9A6A5AhAnAdAQAWAQAFAGABBSBqCFB5BUBIA/A4BAAuAsAeAeAUANAPAFACAD
2701001001001,BaBrBwBoBaBYBKA+A1AzAjAqAeATAQAHADADAEBYBkByBpBXBcBSBFA9AxAwAhAbAWANAOAFABAC
2701100001001,BaByB+B9BiBTBFA5AzAnAzAWAiAYALAIAIABADBnBzB2BtBZBWBDA6AxAsApAlAQAUAPAIAEADAB
2701209001001,BaBoB1BmBXBOBEA6A5AyAhAmAhAVARATALADADBWBaBwBiBZBOBKA7A5A0AxAiAkAjAbAMAOAHAB
2701308001001,BlB3B3BmBeBbBFA8A2ArAiAeAZASAMAEAKAAAEBeBrB4BsBiBYBHA/A5AwAqAeAUAdARAKAEAEAD
2701357001001,BfB3CBBsBRBQBIA9A4AtAkAaAVAZARAOAGADABBcBqCIBrBOBQBOBKA1AtAkAfAbASASAOAEAGAB
2701407003001,BdBsB5BgBmBdBMBCA0AmAdAaAbAVAMAEACAAABBhBzB4BoBhBkBaBGAzAnAiAkAbAZAPAHAEAEAA
2701407003002,BlBpB1BkBxBhBOA8A2AqAjAbAYAUAIAFAEACABBoBnBzBvB3BiBRBCA0ApAjAcARAQAJAIACACAA
2701506001001,BUBjB7BwBeBIBEA8A5AuAeAsAcAVASAPACAEAFBUBmB8BvBhBUBGA+A4AvAnApAcAZAZAIADAEAH
2701605001001,BsB1CDBwBTBEBGA0A2AsAgAfAgAYAUAHAIAHADBnB4CBBrBTBHA+A1AyAvAfAlAeAdAOAMAJAFAD
2701704001001,BdBwB6BnBWBXBFA6A0ArAjAlAfAXASAHAHABAFBdBvB4BkBZBXBKBAA5AwApAiAbAXARALAJAFAD
2701803001001,ByB4CBBrBXBOA+A2A3AnAcAZAZASAOAGAIAHADB0B8B/BzBbBKA+A+AzAqAtAQAgASAVAPAHACAD
2701902001001,BnB0B9BwBWBVBHA+A5ArAiAgAfAUAQAOAGADAEBeBwB1BkBLBMBRA6AzAtAiAoAdAcAVAFAEAEAG
2702009001001,BSBiB7BoBaBLBCA5A9A0ApAhAfAaASAQALADAFBVBkBpBtBaBTBGA6BAAvAxAnAnAXASAQALABAB
2702108001001,BlBxCABtBSBZBJA9AzArAqAfAaAYAMAHAIAFAABkByB0BoBVBUBLA/A3AoAoAgAYAUAVALADADAE
2702207001001,BRBmBlBoBbBcBPBIA1A1AwAgAdATARAMAKABABBZBZBkBZBgBYBKBLBCAwAvAlAjARAWAPALACAE
2702306003001,BcBpBmBoBhBaBRA+A9AwAoAeAXANAJALAEACADBbBgBlBrBnBkBWBGA7A5AqAgAcAUAMAJAFADAB
2702306003002,BlBtBzBuBhBXBNBBA1AwAmAdAUAVAMAHAGAAACBeBpBxBqBiBcBMBCA6AwAmAeAdAQAMALAHAAAC
2702355001001,BiBkB3BrBhBNBEA2A6AvAiAnAhASAMANAFADABBVBjB7BqBjBOBIA7A9AwAsAnAgAYAQAOAIADAC
2702405003001,BYBmBxBqBYBOBHA9A2AwAkAjAgAbALALAJACADBaBkBrBiBlBSBSBCA8A2ArAoAiAVAVAQAIABAC
2702405003002,BeBbBlBbBaBSBGA/A4A0AiAjAaAZARAHAHADADBbBYBkBfBnBfBVBGBDA5AwApAkAaAXANAJADAF
2702504001001,BdBxB4BtBYBLBHA6A5AxAlAgAoAbASAFAFAFABBgBdB0BrBYBRBMA8A3AyAuAdAXAcAXAKAKABAG
2702553001001,BWBdBqBnBPBLBFA2A3AxAkAuAoAbAVATAKAFACBPBbBtBnBZBOBKA6A4AzApA0A2AeAfAOAIAFAD
2702603001001,BiBmByBtBaBTBMA3A6AxAoAdAbAZAQAJAEAFABBbBcBvBsBdBXBLA8A6AwAvAgAgAaAQAQAJAJAC
2702702001001,BTBjBzB0BYBVBKA6AuA/AfAnAUAVAPAOAHAFABBfBiB0BzBXBZBMBAA6AyAoAmAhATAQANAEADAE
2702801001001,BbBwCCBzBTBNBGA9A3AuAtAfAZAeAOANAJAEACBdBxB6BsBTBMBLA8A6AwAlAmAWAVARAGAGABAF
2702900003001,BoBvB7ByBhBOBNA1A5AuAnAeAfAUAKALADACACBZBxB6BsBkBTBHA0A2AsAqAgAfAQARALAGAAAC
2702900003002,BVBoB3BtBfBVBIA3A2ArAiAkAUAYAOAQANABACBRBpB0BtBpBTBNA+A4AzAlApAeAaASALAHAFAB
2703007001001,BiBwCIBwBWBMBEA2AxAsAkAkAXAXASAKAKAGACBYBqCIBmBUBQBDA3A1AwAoAlAeAaARAPAGAEAF
2703106001001,BUBhBvBlBVBNBIA3A3AtAqAnAnAcANAPAIAGAEBYBdBnBoBfBVBIA8A9AzAxApAnAaAWAQAIAFAF
2703205001001,BaBfBqBuBpBZBLBAA1AxAoAlAcAUARAOAGAHADBUBeBsBuBlBTBFA+A4AtApAjAbAXASASAHAHAE
2703304001001,BuB3CMBmBXBCA+A0A3AoAjAeAeAVAOALAEAGACBkB1CCBqBhBKA/A3A0AvAbAoAZAaAWATAGAFAE
2703403001001,BqBoB1BtBYBQBHA9A0AxAqAeAfARAJAIAMACABBfBxBxBrBfBLBIA7A5A5AnAfAiASASAOAJAEAC
2703502001001,BbB2CGB1BdBWBOA+AuAyAjAeAeASAPAKAGACAGBfBmCHBrBZBRBBBAA3AsAnAZAYAWALALACAEAB
2703601001001,BgB2B2BpBfBUBVA7A2AoAmAeAXAXAMAIAIACADBuB7BrBqBYBWBPBEAyArAmAeAYASALAIAHADAB
2703700001001,BfBnBsBqBlBeBLA4BEAxAmAfAjANARAMAGABABBeBiBsBkBsBSBIBAA4A7AjAdAbAWAKAMAIACAC
2703759001001,BbByB+BrBeBfBPBCA9AuAmAgATAVAPAIAGACABBcBpByBrBcBYBRBEAyAsAnAaAbARAJALAGAFAB
2703809001001,BqB5CEBrBdBQBHA6AyAuAtAcAVAZAOAIAFAFAFBnB5B4BlBVBRBFA9AzAsAjAiAWARANALAEADAG
2703908001001,BTBjB3B7BXBKBGBAA9A3AuApAfAeAMALAEADABBZBhCDBoBdBIBJA/BAAuAsAbAVAVAUAHAIAEAF
2704005001001,BSBmBwBvBcBZBIA6A5AwAiAnAgAQAZAHAGAAAEBOBlBuBsBfBXBQBAA7AwAqAkAbAeARASAGAFAE
2704104001001,BTBmB2BsBeBRBHA2A6AsAiAmAgAcAPAMAFAEAEBRBlBvBqBbBPBMA8BBA1AmAuAgAdAVAPAJADAC
2704203001001,BWBlBwBvBgBSBLA8A9AwAnAhAcAWATANAEADACBOBhBtBuBnBSBKA+A8AyAkApAdAeATANAJACAC
2704302004001,BRBTBdBZBcBYBUBIBGA4AoAhAYAKAMAHADACACBKBVBgBhBoBoBkBbBQBAAwAlAeATAMAOADAAAA
2704302004002,BSBdBrBdBcBSBPBKBFA2AsAdAdAHALAJADAAABBYBdBoBgBmBdBdBWBJA5AgAuAYAWAJAJALADAC
2704302004003,AwAyA2BGBPBWBIBAA4BEA3A3AoAdAhAKAEAEAFAyAvA5BKBjBlBdBQBSBZBVA+AwA1AgAiAQAKAG
2704302004004,BOBeBmBZBVBVBQBHBCA2AtAfAUAPAMAJACABAABXBXBhBeBdBeBcBSBPA/AtA6AeAcANAKADAEAD
2704302004005,BsB4B7BkBTBSBLBFA5AsAfAeAZAJAIAFACAAAABtBzB2BlBcBdBWBMBFA0AjAiAQAOAFAMAFAAAD
2704302004006,BZBhBkBOBHBpBkA6A/A5A1AiAaASAFAFADABAABQBYBVBqBiBiBVBHBUBAA6AsAUASANAIAGAEAF
2704302004007,BUBZBlBeBdBZBRBLBCA1AoAjAaAOAMAFADACAABRBVBiBeBjBhBeBXBNA9A2AiAcAQANAMAEADAC
2704302004008,BSBgBoBjBVBQBNBJBHA+AhAnAYAIAKAEABABACBTBUBkBnBgBeBdBfBVBCA2AgAZAPAKAGAEACAA
2704302004009,BPBaBfBcBSBTBRBHA/A0AqAhAcAPAKAGABAFABBMBUBeBUBgBgBcBVBPBCA3ArAkAZAdAQAJAEAD
2704302004010,A0A1A6BDBXBSBRBEA7A7A3AtApAcAJAJAFAGAAA4AxA9BOBrBtBlBXBSBSBBBNAtAsAiAkAQAGAB
2704302004011,AyA0A6BIBZBaBPBBA9A+A4ArAsAaAPADAEAFAFAvAtA5BSBqBwBoBVBXBQBNBDA5AeAeAWANAMAI
2704302004012,BYBZBpBfBTBRBPBMBBA1ApAfAYARAIAJADABABBdBaBkBbBdBeBdBVBJA9A6AhAhAWAJAMAHACAC
2704302004013,BTBYBiBXBYBbBaBPBBA2AjAmAWAMAIAEAEACAABUBTBcBfBhBrBmBYBQBAAvApAfAPAOAHADACAB
2704302004014,BNBNBYBXBXBXBTBIBCA5AvAjAdAMAMAKAEABABBABMBXBcBnBpBiBZBOBBBEAoAeAaAOANAKAEAD
2704302004015,BRBbBmBgBYBVBNBJBGA5AuAhAcAJALAGACADABBSBVBgBeBeBgBeBYBPBEAvArAYAVAIAHAJACAD
2704302004016,BCBKBSBUBaBUBKBFBAA4AtAnAkAPANAKAHAEACBIBKBUBaBgBfBZBUBNBIA6A2AkAdAWAYARAHAE
2704302004017,A2A3BDBNBYBSBNBBBAA6AxArAmAaAVAKAIACAAAzA5BDBQBjBkBdBYBTBTBMA6A2AmAiASAZAKAD
2704302004018,BHBGBSBRBeBkBSBHBAA6A1AlAXAWALAEAAAEAABFBHBRBWBnByBoBUBSBJBAAwAnAPANAOALAEAA
2704302004019,BIBQBWBVBcBfBWBGBAA7AvAhAOAUAPADABAAAABGBNBVBhBtB7BoBbBSBDBCAeAXAZANAMACAAAD
2704302004020,BaBXBhBXBcBZBUBMBHAyAuAXAcATALAAABACAABJBQBcBZBmBnBfBZBMA9AyAiAfAWAXAHAJAFAD
2704302004021,BXBYBjBaBXBbBWBIBBAxArAfAUAOAMADAAADAABQBWBkBcBhBpBhBYBNA9AwArAbAZATAFAGABAB
2704302004022,BQBYBfBcBaBXBUBLBBAyAkAiAXARAJAFABAEABBNBVBfBeBhBiBhBaBTA/AyArAbAZAQAKALAEAC
2704401001001,BWBjByBsBYBFBFA+A+AuAlAgAgAbAWANAJAEABBUBjByBmBgBRBJA+A9AyAsAmAjAaAPAWAJAFAD
2704500001001,BnBxB8BxBbBXBQBAA1AtAgAiAcAOANAIAHABABBeBqB1BvBeBbBNBDA5AsAlAaAUAVAMAIAFABAB
2704609001001,BpBlCGBsBeBSA+A2A7A0AlAgAaAaAMAHANADADBbBiB1BkBXBLBLA5A5AzAnAjAbAcAPARAJAIAD
2704708003001,BoBtB3BpBWBXBOBIA1ArApAZATATAOAEAEACAABWBjB1BoBdBdBVBFA9A3AsAaAYAUAIAQAHAFAC
2704708003002,BZBnBpBiBZBZBMBEBAA2AvAkAgASAIAIABADADBSBZBqBhBdBcBdBLBEA1AuAnAXAUAOAHAIAFAB
2704807001001,BOBdBlBnBZBVBLA9AwAtAnAlAYAfATAOAGAIACBNBgBrBeBdBYBVA9BAAzAzAoAgAlAZATAIAEAG
2704906001001,BTBmB8BYBIBOBRBDA7AyAyAfAcAiATANAMAEADBMBbBfBeBEBYBMBJBEAvAtA3AeAeAXAcAJAFAD
2705002001001,BqB1CDBzBTBKA+AzAzAtAmAcAiATAUAJAHAGAFBfBuB/BsBbBJA+A0A0ArAjAkAlAYAUASAHAFAH
2705101001001,BiBtB7BpBUBSBIA/A0AqAhAiAZARAOAIAJAFAABXBuB9BpBcBbBRBCA7AsAvAjAdAVAOALADAEAD
2705200001001,BnBtB7BjBdBaBLA9AyArAkAbAbANAOAKAEACACBdBuCABlBcBfBPBCA6AyAtAZAWAUAOAGAHAEAB
2705309001001,BRBVBzBuBaBSBQA+A5AsAmAnAqAfARAEAJAEABBMBUBnBoBZBOBQBFBCAxA1AnArAVAUAOAJAEAI
2705408001001,BhBuCBBzBSBKBCA4AvAsAkAZAYAYAOAOAFADAEBfBzCKBwBYBRBIA5A5AlAeAsAhAVAZAKAKADAD
2705507001001,BlByB2BwBgBWBFA/AzAqAmAcAZATAKAJAHACADBhBtB0BrBdBZBHBBA6AtAjAjAaAUAPASADABAD
2705606001001,BiBoB2B4BnBcBJA/A2AuAlAaAVAVAPAIAKACADBmBoB1BoBhBPBMA7A2AqAkAjAVAaANAKAHACAC
2705705001001,BaBmB3BmBVBNBBA9A4AvAiAgAQAfANAJAJACAEBaBkB7BrBlBQBOBCBAAxAvAeAhAVATAPAMAGAD
2705804001001,BmB4CBB8BnBHBDA1AzArAjAUAXAbAZAJAFABAABlBoB2BuBjBPBEA7A5AtAnAbAdAVANAHAGAGAE
2705903001001,BiBzB1BsBTBLBJA8A8ApAiAdAeAaAWASADADAABuBsCBBkBWBQBIA2AsAuAoAhAkAXAQAPAIABAG
2706000001001,BTBjCIB6BYBNBGA7A4ArAgAjAiAVAYANAKACAEBTBrB/BnBeBIBDA7A0AsAiArAfAaAUAIALAEAJ
2706109001001,BdBlB6BxBeBMBJA/A3AsAmAbAeAWAPATAHABAFBjBoB2BkBfBJBIA4A4A0AlAlAgAXAPAJAMAEAI
2706208001001,BbBzCOBtBIBFBHA6A2AmAfAYAhASARANAIADABBfBvCXBtBYBMBGA5A3AlAnAbArARAWARAEAHAG
2706307003001,BiBlBmBfBXBQBKBAA2AtAjAlAgAeAUAFAMAFAHBTBZBhBaBeBZBOBDBAAwA4AkAaAsAYALAMAHAF
2706307003002,BTBdBkBhBVBOBLA+A8AxAoAjAkAUATAMAIAFACBXBYBgBcBbBUBRBIBCA6AoA0AjApARAYAHAHAB
2706307003003,BKBUBgBYBSBRBHA/A8A2AqAjAcAbAQAQAKAGADBMBPBaBeBgBhBUBLBGBAAvAzAsAeAbAUAKAFAE
2706406001001,BiBeCBB0BWBNBFA2A3AvAjAkAVAfATAPAEADAABYBUB/ByBdBQBGA+A3AyAoAmAcAYAVAPAKAIAE
2706422001001,BfBsB1BrBaBHBGA7A6ApAcAkAhAhARAQAIAGACBeBvBzBkBbBHBGA9A0AoAeAnAsAcAWANAOAIAA
2706448001001,BZBnB0BsBXBWBVBDA7AsAoAfAZATAJAJAHABADBVBpB1BjBcBdBXBLA2AuArAjAdAQAOAJAHAIAB
2706505001001,BzB7B3BsBdBaBSBBA1AmApAbAWARAKAIACAEABBmB3BzBjBbBTBNA9AwAoAlAfAWASALAOAKABAD
2706604001001,BUBqBpBgBiBZBJA7AvAvAjArAYAdASAJAIAEAFBQBhBlBmBbBXBGBCA1A3A0AiAqAfAWASAJAHAG
2706703003001,BTBcBpBcBaBaBLBCA7AyAjAnAXASASAPAJAEACBQBdBqBfBfBbBUBEBEA2A3AhAiAaAcAMAFADAE
2706703003002,BVBdB0BpBcBXBJA9A4AyAsAeAUAXAQALAEADAEBRBYBvBlBhBbBQBDBAA3AqArAdAWAQASAMAEAD
2706802001001,BbBoB6BiBfBZBLBDA0AxAjAhAaAZANAOAGADACBPBeB5BjBdBWBGA/A6AtAqAmAdAUAZASAMACAF
2706901003001,BfBvBtBhBZBMBLBEA1AwAiArAdATAQACAJABACBbBfBzBiBgBbBVBBBBA0AlAlAXAbAPAKAJAEAJ
2706901003002,BhBkBqBYBbBXBNBEA1AtAqAjAcATAMAGAEACAFBZBiBpBkBiBmBSBFBAAyA1AgAfAVAOAOAFAEAD
2707008001001,BGBkBxBnBUBZBJBBA9A7AnAsAPAYAdALAGADACBVBuBjBrBSBQBUA5A3A1A1AtAQASAfANAJAFAG
2707107001001,BxB1CEBsBeBHBFA4A1AtAhAcAXARAJAFADACADBjBwCDBxBgBRBMA/A8AtArAZAZAVALANADABAC
2707206001001,BjByCLBzBdBLBGA3A3AvAgAiAaAXAMALADACADBpBzB9BtBbBJA/A5A1AwAiAiAVATAKAOAJAEAH
2707305001001,BiB2B5BtBSBUBOBAA5AsAjAdAdAOAOAIAFACABBeBsB6BsBVBaBRBCA4AuAuAbAXASAMAJAJAFAC
2707404001001,BjBtBrBiBcBhBSA7A8AvAuAlAWAQAUAMAHACACBeBsBuBjBdBSBHBAA4AzAsAgAfAVAKAJAHACAG
2707503001001,BcBiBxBvBgBUBHA7A3AvAnAiAfASAYAIAJADACBdBeBuBsBeBTBHBAA4AyAsAkAkAYAUALAJAFAC
2707602001001,BTBdByBvBfBQBOBCAzApApAhAjAaAPAJAHADAFBUBbBqBuBZBQBMA/A/AxAoAwAgAZAaALAJAGAE
2707701003001,BXBhByBrBaBTBIBMBGA9AlAhAQAQAKAFAEADAABRBYBrBmBYBaBcBgBOA7AvAbAWAPAJANACABAC
2707701003002,BPBhBuBlBTBOBLBEA+AwAwAcAXATAPALAJAFABBMBXBoBeBXBTBSBLBFA9AyAnAtATAYAZAMADAD
2707701003003,BZBkBtBmBUBVBQBFA6AyArAhAcAVANAJADABABBUBeBoBiBfBcBXBMBDA4AzAiAaATASAPAIABAB
2707800001001,B4CHB8BjBYBZBUA7AsAhAkAdAgATAGAIAEACADBzB8B9BdBdBgBNA1AsAmAdAiAXAPALAJAEAAAD
2707909001001,BSBsBuBjBVBaBTBGAzApApAbAiAVAVAIAEAEABBUBrByBfBeBUBZBLA3AwAwAlAeARAWAEAJAGAD
2708006003001,BhBsCABlBZBIBHA7A1AtAlAcAbATANANAGAEADBhBvB7BmBbBMBHA+A1AzAxAfAhAWAQAPAHAGAJ
2708006003002,BoBkB0BpBfBTBGA8A5AtAhAZAZAQAOAKADADADBYBpBvBsBmBZBOBCBAAyAxAaAfAYASAHAIAEAE
2708105001001,BYBoCBBwBfBSBHA/A0AuAlAjAgATAOAKAHAFADBVBgB7BtBhBSBGA6A0AvAoAsAgAPARATAGACAD
2708204001001,BZBmBxBzBOBFBLBEA4AwAqAkAlAYARAKAGAEAEBWBlBxBrBTBNBHA5A+A2AsAiAfAbAbALAJAFAI
2708303001001,BfBrCCBwBYBLBFA5A3AqAtAcAYARAMAKAKAEAEBYBpB8BpBSBUBIBEA7AsAkAsAdAaAVANAKACAC
2708402001001,BwB1CVBxBdBEA7AxAyAoAdAbAaAUAHAKAJAFADBnB2CQBxBdBEBBA4AxAtAkAbAZAaAUALAEAGAF
2708501001001,BoB7B+BxBgBWBJA9AzAoAlAdAYAQANAHADACAEBkB1B/BvBaBVBPA9A0AqAhAgATARAPAFAEACAB
2708600003001,BkBmBpBiBiBhBVBCA4AtAgAhAXAOALAEACADABBgBrBpBkBjBnBbBFA+AzAqAhAWAQAPAIAGAAAB
2708600003002,BcBlBoBiBhBcBMA/A6AxAlAlAZATAMAHAEACAABXBgBlBoBkBhBQBJA9A6AqAoAYAaASAJAGABAE
2708709001001,BdBoBrBmBYBSBcBCA2AsAuAYAcAWATAMAGABACBgBfBdBeBbBeBWBHA6AxAtAkAYAbATATAFACAC
2708808003001,BfBuB3BrBZBTBJA5A0AvAnAjAYAYAKALAKAEABBdBnBzBpBhBYBJA/A3AvAgAtAfATATAMAFAFAD
2708907001001,BJBZBrBmBbBYBQBGBJA6ApAfAVATALAKAGABACBLBYBoBkBlBgBTBVBOA7AyAhAWAVAKAOAFABAC
2708956001001,BsB1CNBzBaBAA+A2A2AmAgAUAfAVAQAGAEAFAFBtB5CHB2BiBDA/A3A0ArAhAeAbAXANAKAFAGAI
2709004001001,BKBfBwBtBcBVBHA8A6AvAnAeAnAZAYAOAFAEAEBPBYBnBqBYBQBLBBA3AzA1AkAjAkAbAWACAHAG
2709103001001,BVBfB2BoBSBJBEA7A2AwAlAmAkAfAUAMACAEAEBbBgBtBlBaBZBFA/A7AzAvAqAoAcATASAHAFAD
2709152003001,BpBvCBBrBXBPBFA6A1AoAgAhAVASALAIABAGACBkBxB2BuBdBZBTBDA4AxAlAlAYAXAKAKAFAEAC
2709152003002,BoB3B/BrBYBUBIA8A4AlAhAhAZAUAIAHAHABAABmBvB/BsBgBZBNBCA3ArAuAXAYATALAFAGADAC
2709202001001,BgBwCABzBZBKBCA6A4AtAnAcAgAVASAMAOAFABBjBwCFBoBTBKBAA3A3AsAqAfAhAWANANAKAFAA
2709301003001,BTBSBhBgBXBUBJBAA5A2AwAcAfAJAOALAHAKACBGBVBjBpBlBdBZBMBJA7AsArAnAjAYALAIACAG
2709301003002,BcBfByBoBZBUBJA1A4AuAkAhAZAWAPALAHAHADBgBmBxBpBcBZBMBFA7AuAmAsAiAeARAIAKAGAA
2709301003003,BmBzCABoBZBQBGA4AzAoAqAcAYAYANAFAIADACBmBvB/BqBdBUBGBBA1AvAmAlAaAVAOAJAFACAE
2709400001001,BaBhBxBrBWBTBMA9A4AuAoAkAVAYAOANAIAEACBaBgByBrBcBPBQBCA9A1AoAsAiAWARANAKACAE
2800100001001,BeBUB2BeBfBiBIBFA4AwAkAiAiASAaAHAGADAEBTBeBlBlBjBLBTA3BHAvApAgAiAXAcAMANAFAF
2800209001001,BQBdBpBiBaBKBIBAA5AzAuAhAjAWAYAPAIAFAGBQBYBqBmBeBNBQBBA9A4AwAmAjAeATATANAEAG
2800308005001,BaBdBbBIBXBjBjBZBJA1AuAbAcAMAIAHADAAAABiBZBWBNBYBxBzBfBIA5AwAbATAQAKAHAEAAAA
2800308005002,BxBsB9BoBcBZBRBIBCAxAiARAOAGAGACAAACAABkBoB6BlBmBdBbBSBEA0AnAUAUALADADADAAAE
2800308005003,BKBGBSBSBzBrBUBBA7A8A0AiAVALAKAEADAAAABCBDBIBdB4B7BmBPBRBOA6AxAZATAOAKAHACAB
2800308005004,BCA7BDBKBqB0BdBGA2AzA5AkAYAQAIACADADABA8A8A+BTCHCFBvBWBJBKBFA2ApASANAJAGAFAC
2800308005005,BIBCBNBYBlBkBVBGBBA+AzAtAaATAGAJADADABA+BCBOBZBqBtBiBWBTBIBDAnAkARAOAKAIAHAB
2800308005006,BHA8BBBMBkB0BpBKA7AwArAqAYAQALAIADAAAABEA8BBBPByCRB2BaBLBBA4A2AnASAIANAHACAA
2800308005007,AoAsA4BLBdBSBGA1A5A/A+A5AwAeASAMAGAEACAqAsA5BRBvBrBbBQBRBbBUBFAvApAjAbAVAKAK
2800308005008,AtAvA5BOBnBkBLA+A7A3A/AhAnAaARAGAKADACAsAuA6BUB1B3BmBQBSBQBJBIBAAcAZAWAPAEAD
2800308005009,A/A4BHBNBiBeBTBGBBA6A3AbAfARAHAMAKAEAAA9A7BDBWByBvBmBYBWBLA8A0AoAjAZAPAQAHAE
2800308005010,ArAuA+BRBgBZBDA+A4A8AyApAiAbAZAPAKADABAqAwBCBRBsBkBeBNBUBOBFA9A1AvAnAmAQARAO
2800308005011,BYBhBnBaBcBYBQBIBBA2AiAiAaAPAGAGAFABADBQBZBiBgBjBiBcBSBKA8AnAoATAWAQAOAJAIAG
2800308005012,BJBHBXBVBcBZBOBHBFA8AqAgAZAbALAHAEADABBCBFBVBYBmBgBcBYBVBDA2AtAhAbAdASARAHAG
2800308005013,BdBYBiBaBeBeBaBSBGA2AsAVAaAGAHACADADABBPBSBhBeBjBqBrBaBLA7ArAfAdAOAOAIAHACAB
2800308005014,BOBQBgBVBfBiBUBKBDAzAiAlAWAUAPAFACABACBSBPBbBZBlBoBjBYBNA9AzAlAiAVAWAKAIAAAA
2800308005015,BVBZBnBeBjBgBVBMBDA3AhAfATALAHAFACAAACBUBXBoBmBjBrBfBTBOA+AoAgAZAPAOAHAFAAAC
2800308005016,BMBLBTBSBeBbBUBIBCA1ArAeAXAWAQAIAHADACBEBDBTBXBkBqBhBVBNA/A6ApAsAdAbAPALAGAC
2800407001001,BWBcB2BzBeBTBOBAA+AxArAkAXAfAMAJAIAFADBYBfBpBqBXBSBNBDA/AzAyAdAWAcAPAMAKADAC
2800506001001,BWBbBuBsBiBlBXBGA8AvAgAlAWAUAOAMAKADABBUBgBzBlBVBXBPBHA8AzApAeAXAXAVAOAFAEAD
2800605001001,BYBbBmBeBcBeBTBHBCA6ArAfAZAOANAFAFABABBZBWBkBfBkBhBbBPBIA7AxAaAZASAOAKAGAFAC
2800670001001,BUBaBrBnBbBLBKBHBBA4AnAiAeAeATAIADACACBSBXBoBlBZBRBOBKBGA6AvAlAmAWAWANAGADAG
2800704001001,BrBsB9B2BnBSBGBAA3AsAcAjASANASAPAJACAEBkBkCGBpBYBMBBA7AuArAnAeAaAYASAPALAEAB
2801009001001,BVBUBrBgBWBVBJBBBAAzAkApAdAWAYARAHAGADBMBUBmBfBYBZBSBIBBA1ArAqAiAiARAUAMAFAF
2801108001001,BYBmB6B2BlBIBHBDBDA1AmAlAYAbAZARAJAAAFBUBjBuBhBYBGBDBAA5AxAhAfAgAdAQAXACACAG
2801207001001,BnB6CBByBgBRBNBBA5AoAkASASAOANAJADABABBhBzB+BuBiBWBYBDA6AnAZAeAZAQAKAIADABAD
2801306003001,BfBjBxBlBkBXBPA+A4AuAdApAbAUASAJAHADAABYBjBvBjBfBbBMA/A7AwAoAjAfAWARANAMAFAF
2801405001001,BWBdBqBlBbBOBIBDA+A0AlAoAeAaAWAOAOAFACBSBeBiBdBdBPBJBGA9AzAzAmAhAiAPAQAMAEAE
2801504001001,BiBpB0BnBkBeBRBAA1AxAmAcAYAMAHAFADAFABBgBfBwBhBpBnBaBGA+AzApAfAOARAKAHAEABAE
2801603001001,BVBaBYBNBUBLBHBPBSA/AoAnAgAdASAKAKAIAIBOBRBcBZBYBSBHBJBQAzAfAxAhAuAYAQARAFAG
2801702001001,BiBqCCBvBgBSBOBCA6AtAdAfAYAVAJALAHADABBeBvB4BrBdBZBNBAA2AxAgAgARAYAPAHAGADAD
2801900001001,BHBhBuBmBbBPBUBQBBA0AcAdAcAgAWANAKACAEBABWBcBlBTBQBRBCBEA2AxAmApAfAhAQANAAAG
2802007001001,BgBkB7BrBXBZBQBGA8AvApAbAbAUAPAIAJAFAABlBcBxBcBWBVBPBNA8A0AgApAYAWAMAFAHAFAD
2802106003001,BeBiB0BuBgBZBNBCA3AxAnAkAXAOANAKAFAAAIBXBaB1BrBdBYBTBGA8AwApAmAXAaAKAGAJADAG
2802106003002,BTBbBpBoBeBTBLBDA/A0AtAeAcASASALAFAFADBNBTBpBpBgBZBPBEA7A4AzAjApAXAWAOAKAGAF
2802106003003,BPBWBdBiBhBWBHBABDA1AyAeAdAMASAMAEACABBMBRBeBhBoBiBUBSBLA+AvAqAZAfAOARAJAIAC
2802205001001,BNBjB6BuBbBKBKBBA3AzAjAlAbAYAOAQAHAHADBSBlBxBfBdBNBJBKBDA0AkAoAlAVARAUAFADAF
2802304001001,BRBSBpBpBhBVBPBEBAAuAhAoAbASATAMAKACAFBJBTBoBlBjBTBVBJBDA1AqAlAnAZAYANANAEAD
2802403001001,BeBYB4BsBUBQBPBDA7BHAnAmAgAYAPAIAHAGABBWBwBtBgBSBJBGA5BHA5AmAoAeAWAOANAIADAB
2802502001001,BMBNBxBgBrBXBMBEA9AxA0AVAYAbAPAIAIADACBTBcBxBlBWBiBMBWBEAvAkAwAQAmATAOACAAAF
2802601001001,BSBWBoBrBSBSBUBDBAA6AnAvAgAeAXAMALAIAEBNBSBiBaBaBRBIA+A8A8AxAmAhAaAXASAOAEAD
2802700001001,B0BkB4ByBeBMBEBDAyA1AnAYAUAPALAQALACACBpBfB2BsBUBQBDA+A2AxAmAkAfAaASAOAFAIAD
2802809001001,BsBzCDBzBdBXBGBBA1AqAjAaAYAUAOAIAEABADBkByB0BsBYBSBEA+AzApAiAjAbANARARAIACAD
2802908003001,BMBPBhBiBfBZBTBKBEA4AlAlAXAOARALACACADA+BNBcBkBmBmBgBVBHA+A5AiAdAZAWAHAKAFAD
2802908003002,BQBcBtBoBnBZBPBIA+AyAsAaAfAUAPAIAGAGAABMBVBnBlBjBgBSBJBAA0AqAhAcAQAZAMAJADAE
2802908003003,BZBZBtBhBfBeBQBNBCAvAoAjAYAWAOAIAJABAABKBWBmBhBkBfBZBHA+A0AsAlAnANAPALANABAE
2802908003004,BQBVBdBkBfBTBLBDBAAzAmAjAVAZAOALAIAEACBMBRBgBcBjBkBVBOBHA9AwAsAfAgAPARAKAJAE
2803005003001,BVBlBnBfBbBaBNBCA/AwAmAeAYATAKAQAJABAABbBjBnBfBkBlBRBHBAA1AoAkAYAXAXAOAHAFAD
2803005003002,BiBrB7BsBcBZBLA+A5AuAtAbAdAXALAKAEAFADBcBrB2BpBYBQBFA8A3AtAqAiAbARAUANAIABAD
2803104001001,A/BTBmBhBXBBBHA+BEBAA1AtAqAjASAMAOAMADBCBXBjBoBJA+BOBKBKA4A5AuAnAcAVAQARAHAC
2803203003001,BTBiByBpBlBiBNBDA7A0AlAcAXAQAaAKAEABACBWBgBqBuBnBaBTBEA7AtAlAaAYAcAUANACACAD
2803203003002,BnBgBwBpBbBYBSBEA9AtAgAgAZATANAMAGABAABYBdBwBmBgBcBUBIA5AwAqAbAgAWATANAJACAA
2803302001001,BNBZB2BrBgBXBOA6A+A3AmAnAZAbATAMAHABABBVBaBoBkBiBWBJBIA+A6AtAkAZAbAJATAIAFAD
2803401001001,BgBoBnBrBhBXBPA/A8AwAlAbAaAeAQAGAJAGACBhBiBtBmBjBSBQA8A4AwAlAlAaAZARALAFAEAG
2803500003001,BaBgB7BqBdBWBJA/A3A3AlAnAaAcATAKAHACADBXBXBwBpBcBQBKBEA7AxAhAxAXAdASAJAKADAC
2803500003002,BVBWBhBfBfBYBOA+A+AyAnAeAXAZAOAGAJAAAEBNBYBeBsBrBeBUBNBIBAAvAhAeAdANAQAQACAA
2803500003003,BLBaBpBqBZBUBDBFBEA6AsAnAaAaASAPAJACABBGBRBpBfBaBZBOBIBJA7A4AeAcAjAUAQAHAEAD
2803500003004,BFBbBnBdBVBTBMBHBEAxAmAjAWAWAQARAJAEACBOBYBnBhBfBaBRBSBHA7AzAlAjATATASAHAHAH
2803500003005,BFBWBmBlBbBPBJBGBCA3AuAoAjAXASARAMAEACBDBUBlBnBZBNBJBLBBA6AvAtAoAaATAOAOAKAB
2803609001001,BZBgBpBrBlBkBQBEA+AwAlAYAPAUAMAGADACADBYBeBqBpBsBoBaBIA+AzAoAeAcAPALAGAGAFAD
2803708001001,BTBdBgBsBZBNBCBGBCA1AoApAgAZAQAMALAHACBMBMBrBaBXBTBIBKBGA0AzAnAnAaATAUAXAEAE
2803807001001,BlBgBzBlBdBLBHBJBMA4AxAWASASARAYAHABAABYBXBwBXBiBTBVBIBBArAkAdAZAfAUAJAFACAJ
2803906001001,BWBaBpBoBhBXBNBLBDA0AwAgAaAXARAKAIAEAEBQBXBqBiBQBXBQBHBAAxAvAlAjAZAQARAEAEAD
2804003001001,BfBfBnBkBhBfBTBFA7AxAjAfAXAOAPAJAFACACBlBbBlBlBhBgBWBKA/A1AoAfAdAYAPAHAFACAC
2804102001001,BHBHBlBgBbBUBSBLA9A2AmAuAlAdAUAPALAHAEBFBIBcBeBbBTBRBHA9AzApAxAuAaAeAVAOAHAG
2804201001001,BgBsB3BuBkBTBJBGA7AxAjAcAfAPAMALAHAGACBkBlByBoBiBOBLBGBBApApAaAeARANAGAGACAC
2804300001001,BRBbBuBtBmBdBRBDA6AtAwAeAeASAVAOAAAEACBIBaBjBpBgBWBLBKA3A4ArAmAfAdASAMAMAGAC
2804409001001,BRBgBtBoBiBUBKBBA8AzAqAjAjAXARAMAGAFACBVBWBrBrBYBVBMBBA8AzArAmAdATAYARAJAHAF
2804458001001,BDBQBmBrBWBUBOBNBFA1ApAsAsASAVAHAMAIACBMBVBfBhBbBNBTBQA6A5AtAmAnAdAWALAFAJAD
2804508003001,BNBeBrBkBlBbBPBEBBAwAtAaAaASATANAEAFADBTBYBoBjBnBbBOBHBCA4AlAmAkAWAPAIAHAGAC
2804607001001,BTBbBrBnBdBVBMBEA9A1ArAhAgAXAQAJAHACACBUBaBmBmBfBTBMBGA9A1AtAnAiAWAXATALACAC
2804706001001,BbBbB2BnBVBRBDBDBGA4AqAiAjAeANARAGADADBVBXBpBhBeBMBNBFBGAyAuAoAaAbANAPAMABAB
2804805003001,BnBjBwBoBbBfBUBNBFA1ApAVAJAHAMAHABAAABBcBlBvBgBiBlBaBYBJA4AoAVATAQAEAGABABAA
2804805003002,BUBYBnBjBYBXBRBUBMBDAnAeARAHAHAFAEAAAABLBSBkBdBdBhBkBiBWBMAvAfATAQALACADADAC
2804805003003,BHBSBmBhBgBVBMBJBcBHAhAmAPANAGAGAAACAABLBOBUBlBcBlBaBhBkBOAnAxAVANALAJAAAAAD
2804805003004,BbBnBuBmBZBSBPBSBKA5AjAVAQAKAFACAGABABBdBgB0BhBbBZBjBfBXA5AmAWAVAPAEAHAEABAD
2804805003005,BXBYBkBgBrBlBGBCBHA/AtAbALANAFAGABABAABSBTBmBkBxBjBWBOBXBKA0AdASASAKAEAFABAC
2804805003006,BYBbBlBjBkBdBOA9BIBBAwAbATAJAIAEACAAABBLBVBhBnBnBkBRBUBVBJAyAjAeAKAGAFAGABAD
2804805003007,BlBtB4BlBjBcBZBBA1ArAhAfAWALAHADABABACBlBkBtBnBlBgBXBJA9AvAxAcAbAMALAEADADAA
2804805003008,BfBnBvBrBlBZBTBGA9A1AtAWAUAMAKAFADADAABbBdBqBpBcBfBUBPBFA2AuAbAWAVAIAIAFABAC
2804904001001,BiBoB+BtBeBcBKA8A6AqAqAfAWAWAPARAGAAAFBaBmBzBmBdBdBIA4AvAsAqAgAcAWAQAOAHAFAC
2805000001001,BNBHBsBoBoBNBTBBA9A4AwApAlAdAJAHAKAJAJBJBFBbBZBrBSBRBJBJA0ArAyAgALAYAFARAMAI
2805109001001,BVBmB3BwBbBSBGA8A8A3AkAfAcAVASALACACABBRBfB2BqBaBPBMBDBDA1ArAkAYAaAVANAEAHAF
2805208001001,BMBYBoBbBdBRBLA/A+A2AlAtAeArAOAJAJADACBOBUBmBdBdBRBKBGBGA3AzAsAsAVAZAMAKAHAG
2805307001001,BlBqB0BnBjBbBDA9A5A0AlAiAUAbAPANAGACAABhBXB0BrBiBbBKBGA7A0AmAfAXAPALAGAHAIAD
2805406001001,BtByCCB2BgBUBIA+A3AuAeAeAfARAIAHAGACAFBkBuB4BwBgBOBFA6A3ArAhAeAWAUAJAKAHACAD
2805505001001,BFBYBtBkBZBMBHBDBBA0AtAhAkAbAXAPAQACADBJBXBqBpBZBHBHBHA/A2AsAsArAeATAXAMAGAC
2805604001001,BeBhB6BwBlBTBTBCA7AuAsAaAiATAMAJAGAHAFBfBdBvBmBgBQBIA7A4AxAnAgAeAQATAMAKACAE
2805703001001,BZBXBmBjBiBSBFA+BDA7AxAdAbARANAOAGAEABBSBVBeBlBjBZBKBJBKA9AqAoAgAZAYAMAKAFAF
2805802001001,BQBiBzBzBdBLBNBCBCA0AlAhAZAYAUAMALAFACBOBhBxBpBTBPBLBEA9AvAnAhAiAdAYAQAEAFAH
2805901001001,BfBkBtBbBgBrBVBBA5ApAmAaAZANAPAEAEADABBnBhBsBpBmBkBQBCA9A5AkAhAYATAMAKAGADAD
2806008001001,BLBTBjBhBgBQBQBGA9A3AqAnAeAZAVASAIAEADBFBKBeBcBdBaBUBKBCA2AuAkAkAoAYARAKAGAG
2806107001001,BeBcBsBoBYBcBLBIBBAsAnAcATAPAMADAIADADBeBkBlBjBoBmBVBRBDA1AoAiAUAZANAGADAGAE
2806206001001,BUBbBzBpBbBSBNBLA+A2AjAlAeASAQALAHAEACBNBYBxBpBWBRBTBLBCAxApAjAiAZATALAGADAF
2806305001001,BvBwCFB4BiBRBHA+AwArAkAlAWASAOAGAIAEACBkBuB/BtBXBVBAA6A2AqAlAgAZARAKAEAHACAC
2806404001001,BbBdByBtBwBZBSBDA6AvAmAZAfANASAKAEAEACBeBcBtBuBmBUBNBCA3AqApAdAWAXAQAMAPADAF
2806503001001,BXBqBzBtBLBPBMBHA9AzAcArAkASAQASAKACAEBKBoBuBgBSBTBPBFA0AzAoAeAaAcAeAQAMAFAH
2806602001001,BdBVBrBkBdBeBRBCA3AyAtAdAeATARAMAFABACBhBVBrBdBbBZBUBBBDA1AqAqAeATASAPAMACAG
2806701003001,BjBYBnBkBfBgBbBKA+AxArAYAVANAGAEACABABBbBeBmBfBfBvBjBPBGA5AxAZAaAPAGAIAEACAA
2806701003002,BmBdBtBdBlBTBSBEA+AuAoAgASAZAOAHADABABBSBbBhBlBfBWBSBOBDAyAgAxAgARAQAWALAKAB
2806701003003,BfBgBwBlBnBWBQBJBFAxAlAhAXAQAJALAEAEACBdBaBpBjBdBZBUBLBFAxAmAgAWAYAPALAEAEAA
2806701003004,BPBMBdBdBqBjBQA9BCA4A3AhAUAMAIACAEABAABPBMBYBeBuBpBeBPBMBKBEAoAZATAMAGAGAHAC
2806800001001,BQBaBzBqBUBQBPBHA5AqAmAlAiAcAPAOAJAHAEBaBXBkBjBYBWBVBJA3AyAxApAgAbAUALAGAFAH
2806909001001,BLBkB5BXBaBTBXBEA8BAAjAwAaAcAVAKAEACAABXBZBiBXBiBIBWBFA+A6AtAkApAMAdAJALACAE
2807006001001,BEBcB2BxBmBLBQBDA3AsAxAfAiAeAMALADAGAIBFBgBkB1BaBNBJBABBAzAvAiAlARAZALAQAMAD
2807105003001,BRBVBvBiBjBUBLBCA6A1AsAhAaAeALAUAJAHABBNBdBmBnBiBVBNBDA+A6AyAhAiAZAMAQAMAGAA
2807105003002,BLBYBqBiBYBNBMBCBAA0AxATAdATAYAOAMAHAFBKBVBoBlBeBPBJBIBEA8AxAgApAlAXAUALAHAD
2807204001001,BlBiBwBiBdBUBIBBA7AyAlAiAbAXAPALALAEABBjBZBzBoBZBUBJBIA7AsAqAiAfAWAUALAJADAD
2807303001001,BVBYBvBvBZBOBcBIBEAyAdApAcARAQALACAEAFBRBSByBlBXBbBhBFBCA6AkAfATAdAIAKAJALAC
2807402003001,BVBgBqBuBcBUBLA/A9AwAlAdAXAcAOAJAJAGADBRBbBmBoBjBVBOBGBEA3ArAiAaAdAZALAIAJAH
2807402003002,BFBYBnBsBaBOBNA/A+A1AqAkAiAaAYAKAFAGADBFBVBlBoBZBSBOBDBDA6A7AlApAaAXAUAJAEAC
2807501001001,BWBoB1ByBdBdBRBCA4A1ArAbAZAVAQAJAIADAEBXBiBuBwBXBRBNBBA3AzAnAfAeAXAQANAEABAD
2807600001001,BbBlBxBqBlBYBMA8A8AuAlAgAbALAMAHAIAEACBXBhB0BlBoBZBQBDA7A0ApAmAYAaALAQAIACAC
2900108001001,A4BFBHBYBJBMBIA7BEA9BIAsAqArAmAUAUAEAFAxA/BFBRBVBKBHA/BCBAAzBFA0AgAyAdAbAMAJ
2900207001001,BdBuBvBuBiBXBQBBA0AuAiAeAaAVAQALAHAEAEBgBrBvBiBXBaBKA8A1AtAlAiAgAZATAIAKAEAH
2900306001001,BbBnBqBqBSBMBFA8A2A1ArAgAnASAQAPAOAEADBSBjByBgBQBUBJA+A5AxAxAnAiAaAYAVAQAIAD
2900355001001,BKBfBtBkBnBOBOBCBCA0AmApAjAaAZALAGABACBLBZBqBlBoBNBGA/BBAzAqAjAiAbAYANAHAIAD
2900405001001,BEBZBwBxBmBWBEBAA3AsApAdAsAfAXANAIAGAJBJBVBtBqBcBQBHA6AzAqAxAhAoAgAeAOANAHAJ
2900504001001,A8BLBdBhBnBjBFBCA8A4AvAjApAeAcAVAHAHAFA7BTBaBlBeBWBGA8A/AwApAxAsAeAaAcALAJAI
2900603001001,BGBdBaBsBWBbBHAyA9A6A9AuAwAWAYATANAGAFBQBaBWBiBUBTA5A9AvA5A8AsAeAaAcAWASAHAB
2900702003001,BTBVBgBfBhBkBYBDA5AyAiAcAZAMAHAIAFADACBaBTBqBjBgBuBbBKBDA5AyAhAdAdANAOAGAGAE
2900702003002,A9BIBWBaBWBcBNBEBGA8AxAjAbAWAGASALABADBEBKBXBWBXBgBYBXBXBIA1AqAfAkAaARATAEAF
2900702003003,BOBbBsBsBkBiBWBEA4AwAlAgAZASASAIAEAEAIBPBXBgBoBmBkBRBBA9A2AzAfAjASAQALAJABAH
2900702003004,BFBHBaBaBXBZBYBIBEA0ApAfAZAUARANAEAAABA/BGBaBTBbBtBnBTBKBAA9AkA0AZAUAVARAHAE
2900702003005,A+BABCBNBPBVBaBEBKA+AzAmAfASAVAQAHADADBBA9BEBNBkBqBlBQBVBKBIAmAvAiAZAcAPAGAE
2900702003006,BEBOBTBWBbBbBWBFBEA5ArAiAfAOAOAKAHADAEBFBFBVBcBkBnBiBWBOBIA2AoAlAaAQAJAMAIAI
2900702003007,BDBMBbBcBWBgBZBGBBA9AsAgAYAbARALAGACABBFBLBWBeBfBpBmBTBKA9AzApAgAYAUAMAHAGAG
2900801001001,BiBiBuBmBfBRBLBCA8AyAuAoAcAXAPANAIAEADBXBgBvBlBaBUBHA/A4AuAtAnAeAZANALAJACAD
2900900001001,BJBNBwBnBTBPA/A2A0A1AwA/AiAjAfAXANAHADBIBOBkBdBSBLBEBAA7A+A1AsAtAiAeAJAQADAG
2901007003001,BFBkBxBwBYBNBIBCA/A0AlAsAbAaAcARALAGAEBBBhBrBpBPBPBJBDA2AwAvAhAmAWAiAPAOAEAH
2901007003002,A/BWBTBYBUBTBPBEA7AwAmAhAfAWAWANAQAMADA7BRBNBcBdBfBgBNBHA8AzArAtAWAhAVAkAMAH
2901106001001,BOBaBnBjBYBdBOBAA8A3AsAlAZAWAMAOAEAHAEBOBTBdBaBYBhBbBMBDA6AyApAlAeAWAHAKADAE
2901155001001,BeBoBzBnBUBQBLA9A9A2AxAdAhAXAWAMAIAEABBhBkBzBsBOBNBIBAA4AxAvAeAYAaAWAMAHADAD
2901205001001,BBBXBkBlBOBPBHBABAA1A1AmAtAhAiAPAPAJAGBEBTBdBiBLBLBEA/A9AyA5AuAtAgAhASAMAHAH
2901304001001,BYByCBB0BfBaBFA8AvArAqAhAiAbAPANAHACAEBQBoBzBpBVBRBAA3A1AwAlAkAfAaATAOAIAEAI
2901353001001,BCBUBlBjBfBaBOBSBFA1ApAiApAcAZALAFAJAFBGBWBgBdBXBYBLBEBFAyAqAkAlAWAbANALAGAG
2901403001001,BSBbBuBsBnBiBOBEA6A1AsAsArAaAZATAGACACBDBVBiBeBRBSBCA0A4AzAtAnAiAhAYATAFAEAE
2901502001001,BQBVBVBmBkBYBUBDBAAsAtAaAhAiAWAOAMAFADA4BGBTBZBbBjBTBBA9A2AxAmAtAhAiATAQAIAO
2901601001001,A/BGBVBgBiBVBTBMBEA4ArAlApAiAdASAKAHAGBDBHBUBaBjBYBMBJBDA5AsAqAsAZAaARAKAJAE
2901700001001,BRBVBqBwBrBiBDA4A8AxAhAfAaAbAWAPAJAHADBUBTBgBuBiBTBGA/A3AuAsAiAmAfAcASAMAIAH
2901809001001,BVBaByBhBdBQBJBDBBAwAqAkAdAdAUAPAMALAFBIBjBhBfBXBPBQA/A9AsArAvAfAlAQARAJAKAD
2901908002001,BYBoBxBlBQBRBIA/A+AtA1AgAlAdAaAGAMADACBcBpBuBgBJBGBDA+A9AtAlAxAdAkAUAOAGAIAK
2901908002002,BMBgBxBjBYBQBQBCA8AwAuAmAfAhANANANAMAHBKBbBtBgBNBSBGBDA7AxAvAgApAdAVAVANAIAE
2901957001001,BSBgBxB2BfBQBHAzAzA3AwAuAlAQAXAaAHABABBGBfBeBsBfBPBFA7AuA3AtAwAjAfATARAKAHAB
2902005001001,BGBRBfBnBgBZBKA9BAA6A7AlArAfAWATAPAIAABFBOBRBiBYBPBAA4A8AzA3AnAnAlAgARAMAJAH
2902054001001,BbBkBrB+BoBdBLBBAzArAqAhAaARALAKAGAEAFBSBhBuBwBpBcBQA9A3AsAhAqAXASAJAIAIACAM
2902104003001,BXB2CIB3BbBPBBA4A2ArAjAfAoAUARAOAIAIAEBZB9CDBkBKBDA9A1AyAqAtAZAoAaAZAIAGAFAE
2902104003002,BWBmB5BpBgBQBLA6A6ArAlAcAfAYASANAFAGABBTBfB1BuBhBUBKBBA+AwAlAjAdAeAPALAKAJAD
2902203001001,BIBYBiBlBaBlBfBNA6AxAwAcAUAcARANADAFAHA9BXBeBjBfBeBaBDBAAzAxAfAhAeAYAQAJAEAE
2902252001001,BoBzB/BuBNBIBPA5A3A2AkA2AmAbAUAOAMAHABBhBqBzBWBRBPBGA2AtAwAoApAZAUALANAFADAB
2902302001001,BHBgB4BwBnBeBIBGBBAwAxAfAgAVASAGAIABABBOBZBuBtBZBVBMBCA2AvAtAiAfAVASATAFADAF
2902401001001,BbBUByBwBkBTBJA0A3A1AvAnAaAbAVALAKAEADBVBfBuBsBeBVBFA6A5AzAtAhAdAZASAQANACAC
2902500001001,BYBbBpBkBfBbBVBEA+A4ArAnAnAXAUAOAHAEAEBYBaBjBgBRBUBFA5A1AxAqAmAkAXAdAOAMAEAB
2902609001001,BiBjBqBoBUBKBFA6A1A0AwAkAgAWAZANAQADADBSBhBjBoBUBHBEA9A7A1AuAsArAhAWAaAIAFAD
2902658001001,BRBeBuBqBcBWBJBCA9A0AeAoAoAaAZAMAHAIAEBaBZBrBjBTBQBKA5A1A2AfAoAaApAbAQAKAGAD
2902708003001,BVBkB1ByBiBVBFA3A2AvAoAgAgARAOAPAHAEACBPBnByB3BgBQBEAyA1AwAtAeAcAcAgARAMAGAI
2902708003002,BiCCCNB7BeBRBFA8AzAsAeAiAgARAOALAFADACBpB7CJB0BTBJA6AwArAoAjAaAUASARAKAEAEAB
2902807001001,BbBjBoBhBpBmBUA8A4AzAoAoAbARAQAGAEAEACBNBaBpBiBqBmBRA3A4AwAtAeAcAXAXAOAMACAB
2902906003001,BeBtBwBzBpBcBNA9A+A0AdArAZAfASADADABAFBfBfBvBnBeBUBKA9A1AvAmAaAaATAPAIAHAFAC
2902906003002,BTBUBmBdBhBdBRA/A3AyAtAaAcAeAHAVAOAJACBQBXBkBhBhBbBVBBA6AyAwAkAdAeAfATAHAGAA
2903003001001,BMBhBmBlBKBNBBA/A5AzAzAwAqAtAVAPALAHABBMBbBlBcBGBLBAA5A8A4AxAxAjAnAbAYAXAEAG
2903102001001,BaBlBjBoBfBpBMA6A7A4A2AqAlAbAYAMAMAEABBOBNBVBiBaBVBDBEA3AzAvAfAfAbAbAIAKAFAD
2903201003001,A8BJBOBVBrByBXBIA+A3A3AdAaAPATADACADACBJBFBKBjCBCFBsBRBGBAAqAqASARAPAJADAEAC
2903201003002,BRBUBaBjBqBtBYBKBEA7AxAdAMATAFAGAEAEAABRBQBdBhBxByBdBSBOA8AtAbAXAGAKAEAGABAC
2903201003003,BABCBIBUBmBnBWBDBBA5AuAjAWAZAQAIAKAEAABHBABLBfB/B2BbBNBHBIA0AqAkAWAQANARAHAE
2903201003004,BlBfBoBkBqBxBcBOBEAzAdAZAMATAFACACABABBdBeBmBlBxB0BfBQBAAuAZAaAOAJAJAGACACAB
2903201003005,BZBZBuBuBnBiBMBJBFA1AsAuAdAVAWALAHAFADBcBdBqBlBXBXBEA5A5AwAhAhAYAaAPALAEABAA
2903201003006,BjBjBrBjBrBtBXBIA9AvAgAYARAKAOACAFAAABBiBlByBpBuBqBYBGA5AyAkARAQAQAOAIABAAAA
2903201003007,BXBhBoBiBrBkBeBLBDAwAlAZAQAPAJAIAGABAABYBfBkBqBwBpBcBIBBA0AhAcAWAKALAHAGACAA
2903235001001,BUBiBmBkBYBUBNA+BGA1AoAuAlAaAVAJAHAFAEBTBiBlBdBMBSBFBDA7AyAwAhAgAkASARAPAFAC
2903276001001,BQBdBjBnB2BnBXBBA8ArAqAbAnAWASAFAHAFACBUBbBXBiBrBlBQA/A3AsAmAfAhAYASALAHAHAE
2903300001001,BHBYBnBrBiBTBGA7A9A1AvA0AhApAeAHALAIACBIBBBlBhBVBZBJBFBAAzAtAtAhAYAbATAIADAG
2903409001001,BUBtBxBpBWBPBMBCA3A2A0AhAfAdAOATAJAIABBTBlBoBhBWBTBJA5A4AxAxAfAbAYASATALACAG
2903508001001,BNBeBoBlBfBUBCA/A9A1AsAnApAdAVAUAJAJACBEBTBgBiBPBMBLA/A8A3ArAuArAaAhAWAMAHAC
2903607001001,BNBjBtBqBiBZBKA9A5AwArAiAiAaAbAMANAKABBFBZBnBnBcBWBGA3A2A0ApAlAnAaATAXANAHAF
2903706001001,BFBjBsB0BgBFBEA+A4AvAwAlAmAgAcAQAMAHAJBHBdBqBrBVBJA8A2A3AvAqAqAkAqAdAVAJAIAD
2903805001001,BYBkB9B/BUBJA+A5A2AvAuAjAhAcAUAQALAIACBTBgBqB0BTBEBBA6A7AzAmApAeAfAZALAKAJAF
2903904003001,BiBmBmBpBlBgBQA+A7AvAoAcAYAPAQAIAHADABBdBjBjBqBqBfBPA+A8AzArAfAWAbAMALAJACAB
2903904003002,BTBjBoBtBcBVBJBBA8A4AuAhAZAYAUALAIAHACBXBiBpBpBXBUBHA/A8A3AsAlAgAVAPASAKACAB
2903953001001,BOBgBmBwBjBeBKA3A1AzAoArAtAYAUATALAKACBMBbBfBqBYBYBCA1AyAtAvAjAjAbAVAgAIAHAD
2904001001001,BFBbBuBuBcBNBDA1A2AwAqAoAjAbAYATAMAFAEBKBXBoBuBZBLBFA7A4AzAyAlApAiAcASAWAKAI
2904050001001,BeB0CBB3BiBUBSA/A6ArAjAdAYATALAFACACABBXBvCEBxBaBVBOA7A3AoAkAdAZAQALAIADADAF
2904100001001,BFBbBoBvBcBOBEA8A0A1AnAkAqAaAZAPAQAFADBKBWBsBqBUBNBHA6A6A0AzAjAqAjAdAWAQAHAD
2904209001001,BGBeBqB3BVBKBCBAA9A6AqApAjAYAVAWAJAIAFA+BRBnBnBYBOBABDBBA2A1AmAlAlAQAVARAIAE
2904308001001,BHBYBiBnBnBeBQA6A6AyAvAoAZAZAYAOAJAGAEBJBVBkBoBkBYBMA4A7AwAuAmAiAXAcAUAOAIAG
2904407001001,BQBYBYBbBYBfBRBCBNBBAtAsAoAoAXAOANAFABBLBOBVBbBXBLBHA+A5A3AyAlApAcATASAJAMAC
2904506001001,BWBdBmBeBHBJA/BBBAA7A2AuAoAnAdAYAMAHABBDBYBpBbBBBBA+AxA2A3A1AoAuAnAiAZAbAIAJ
2904605003001,A+BKBjBmBbBQBRBDBEA/A9AkAqAhAdAOAQADAFA1BMBeBdBVBLBBA/BAA5A8AnAoAlAZAUALAJAG
2904605003002,BEBQBUBYBbBZBQBJBNA4AvAiAdAWATANAKAEAEBDBPBXBdBbBgBTBSBOA7AxAoAfAjAWANANAJAG
2904605003003,BLBKBWBRBYBlBZBKBHA2AzAdAeAWATAMAIADABBEBJBRBYBjBoBfBPBKA+AvApAeAmAYAOAHAEAH
2904704001001,BLBNBlBkBXBOBHA2A7A6A4AwAnAkAdAPALAGAABGBUBkBiBaBQBIA7A/A5A8AlAjAbAcAUALAHAD
2904753001001,BYBtB8CDBnBfBOA+A0AtAjAeAbAVAPALAFAHACBQBoB+B1BZBSBBA3AxAjAlAcAaAUANARAJADAC
2904803001001,BMBhBiBdBsBkBZBHA+A4AkAtAdAhAYASAHAFACBOBVBbBbBfBVBQBCA2ArAgAuAcAaARAOALAEAE
2904852001001,BYBsB4B3BjBYBHA6AyApAgAaAWAYAQAJAHAGACBQByBvBxBbBZBDBAA1AqArAdAfAYAVATAKAIAE
2904902003001,BNBlB0BlBeBaBUBIA8AyAqAkAcAVAVAJADAHAFBLBXBpBcBWBbBOA+A7AyAtAkAiAfAWAJALAEAH
2904902003002,BABHBXBkBfBiBTBEA6AvAuAdATAOAQAIAIADADBABKBbBzB0BpBZBLBDA7AyAtAwAOAZATAOAFAF
2905008001001,A+BLBcBhBcBbBNBHA/A8AuApAoAcAWATANAGAHA4BPBVBaBZBZBLBDBGA0AuAuAoAkAdAVAOAIAH
2905107001001,BcBoBvBqBVBMA/A8A3AsAlAmAlAgASATAHAFACBUBdBxBoBVBJBDA6A+AxAkAoApAYAUAZAOAEAP
2905156001001,BHBWBcBfBjBoBcBDBFAvArAmAlAiAYALAMAIAHBGBTBOBjBhBdBKBCA4AsAvAkAeAiAXANALAEAG
2905206003001,BFBKBQBaBmBeBRBCA+AzA2AYAXAaAQAJAEAGADBFBLBUBmByBsBZBNBJA9AtAmAbAXAaAWARAKAF
2905206003002,BKBVBjBwBoBTBLA/A/A2AuApAfAiAXAQAJAEAEBKBPBfBlBhBMBBA8A6AxA0ApAmAcAgARAJAGAE
2905305001001,BYBiB2BwBgBWBLBCA5AwAmAjAfAUAbALAIACABBZBdBvBiBZBOBKA9A7AtArAhAeAdAXAOAGADAE
2905404001001,BfBeBfBiBxBvBiBRA9AuApAcAWANAMAFADABABBZBaBkBiBkBrBWBLA/AvAkAbAQARALAKAFACAC
2905503001001,BWBiBpBsBcBNBDA5A4AuAuAdAdAkAfAIAHAFADBcBpBeBuBcBQBBA4A2AsAuAqAhAjAcASAHAJAG
2905602003001,BYBcBmBdBaBTBSA4A1AwAxAjAbAXAQAQAMAEABBLBcBkBiBdBdBNBAA9A5A6AkAnAYAcALAJAIAG
2905602003002,BnBpB2BkBYBOBFAzA1A1AzAnAaAfAUATALAIACBlBnBuBfBWBRBBA2A3AuAuAmAeAeANAMAIADAA
2905701005001,BKBKBeBQBzCABhBKA8AxAlAtAWASAGAIAEAAAABJBCBRBYBxB/BmBQBGA3AwAqAXATAPAIACAAAA
2905701005002,BbBkBzBuBmByBaBMA7AyAoAeASATAOAEAGABAABQBaBmBoBkBiBaBFA4AwAuAUARAMAPAJAFABAA
2905701005003,BdBaBjBgBeBjBgBMA7A3ArApAXAZANAIADABABBQBZBiBgBdBkBUBMBBA2AwAfAZANAMAFAIAFAE
2905701005004,BSBVBhBZBgBpBfBTA/A0AoAgAYANANAHAEABABBVBXBdBdBjBvBlBWBBA3AvAeAVAOAIALAHABAC
2905701005005,BRBHBbBWBxCBBjBGA5A2AsAkARATAJACAEABAABKBGBUBbByCEBiBKBEA6AvAuAZAHAOAGAGAFAA
2905701005006,BLBKBOBUBpB7BrBLBAA9ApAnAXAKAJAFACAAAABOBCBMBXByCFBpBSBKBAAzAkAXAPAIAFACAEAA
2905701005007,BPBOBXBRBtB4BjBOA+A2AsAlARAOAFADAAABACBRBGBTBYBzCBBqBPBFA9A4AjASAPAHAJAGABAC
2905701005008,BYBRBgBZBmBvBqBNBFAyA0AZAbAOAIAHABAAABBSBOBfBaBmBzBnBNBGA1AsAeAZAKAJAHADACAC
2905701005009,BdBaBjBdBtB1BgBTBJA8AhAaARAGAIAAAAAAACBZBTBjBqBsBuBmBXBNA2AbAZAMAGAEAAADACAB
2905701005010,BVBTBfBcBuBvBdA/BBAwA4AeAZAGAIABACABAABLBUBeBeByB0BbBJBHA/A+AeASASACAMAFADAA
2905701005011,BeBiBmBbBaBrBgBMBBAyAsAdAWANALAEACACABBbBhBhBeBeByBmBOA/AzAwAUAUANALAEADABAD
2905701005012,BKBKBOBNBWBuBdBWBFA8A3A1AjAfAKAHADAAACBJBDBPBKBWBlBoBRBGA8A4AvAfAVAYAKAHAEAC
2905800003001,BmBwCABuBeBUBDA3AwAwAtAjAbAQAWALAFAEAEBhBrB6BtBdBPBAA4AzAvApAgAeAUAOAJAJABAC
2905909001001,BeBnBzBzBSBPBFA7A6A0ApAnAgAYASAIAKAGADBSBfBxBvBVBOBDA5A1A1ApAmAoAVAUANAKANAC
2906006003001,BNBdBfBeBaBVBPBGA5A0AmApAhAXAQAKAIAAACBKBZBfBlBiBfBWBKBAA2ArAsAhAZAZAQAMAEAD
2906006003002,BSBwCBByBdBQBNBDA9AvAsAhAkAYAWAMAGADAEBZBsB5BjBSBIBEA5A1ApAnAgAgAUAVAKAGAEAD
2906105001001,BgBkBzBmBTBQBMBAA7A1A0AbAYAjAZAPAHAFADBTBTBvBnBNBRBDA6A0A0A0AiAbAnAfAPAFADAE
2906204001001,BUBqBtBkBbBSBLBCA+AzAwAgAWAfAPATAKADACBUBkBqBhBPBUBJBDA8AzAhAzAdAdARAKAPAFAC
2906303003001,BPBZBhBaBYBLBLBBA+A6AuAxAvAXATAXANADAABKBZBhBbBUBTBOBEA+AxAuA2AeAcAcAJAQAEAI
2906303003002,BNBhBrBiBZBSBNBAA2AzAwAmAcAeAPATALABAFBRBhBqBkBWBVBNBAA8AwAyAlAYAfAVAYAKAFAB
2906402001001,BBBZBnBjBTBcBVA9A/AzArAmAvAgAZAPANAEAFA/BTBmBaBTBIBMBBA3AuAvAvAtAlAWAYAJALAK
2906501003001,BOBQBqBcBhBhBYBKA8A0AgAtAXAXAGABACADAABJBNBeBXBpBuBqBZBEA8AwAkAcASAPAGALAGAE
2906501003002,BUBRBmBfBlBmBXBLA8AzAqAfARAXAPAHAEABABBTBLBpBjBgBvBdBMA+A5AxAfAfAYAKAJADADAD
2906501003003,BSBXBkBdBjBrBeBHBAA4AtAjAYATAIAEAEACABBOBUBeBaBlBwBkBLBDA3AyAgAUASAKAGAGACAC
2906501003004,BHBHBUBRBdBcBdBLBEA7A1AeAWAXAMAIAEACACBABGBSBPBjBsBqBaBJBGBDAkAlAZATATAHACAB
2906600001001,BGBPBPBkBpBVBKBFBHBCAwAuAoAdAeAOAOAGAGA9BLBOBZBfBOBEA/A/A9AzAvAfAjAgAXAIAGAE
2906709001001,BUBfBmBlBYBQBJBDBAA7AwAjAeAVAXAQALAGADBKBXBhBjBVBRBHBDA9A7AqAsAhAlATASANAFAD
2906808003001,BQBmB0BtBYBLBKA9A+AzApAjAlAhARANAPADAFBPBpB0BmBOBGBDA5A4AvAmAlAjAbAbAUAOAGAD
2906808003002,BfBkBzBlBYBNBEA9A9AyAlAiAeAcAYAKALAEADBTBkBqBnBUBTBNA7A/A0AlAlAfAgASAJAPAMAD
2906824001001,BfBnBuBnBVBTBLBHBAA1AvAaAZAdAYAKADAGAFBZBhBrBhBQBRBFA/A7AvAmAkAjAdAWAPAHAFAF
2906857001001,BCBSBZBpBWBQA+A/BEA2A2AoAvAkAYAUAUAHAEA7BQBTBdBPBHBCA6BHA+A5AoAuAoAnAPARAGAJ
2906873003001,BVBZBiBaBbBVBXA+BBAtAnAgAgAbAUALACAHAABGBRBWBhBeBdBYBUBFA0AwAlAiAYAZAUAVAGAH
2906873003002,BaBhBdBpBXBZBOBBA6AsAoAhAkAaAYANAFAGAABWBbBjBkBfBVBSBGA3AyAmAlAhAcAWARAGAGAK
2906899001001,BFBVBYBfBTBPBKA9A9A3A/AsAtApAfAMAUAIAGA/BSBXBmBWBJBAA5A4AzAyAoAjAsAhAPAUAIAL
2906907001001,BKB5BwBjBNBeBfA8A7AwAqAuAcAUAJAQAKAEACBQBpBrBXBUBVBRA6BBAyAsAmAgASAPARANAFAB
2907004001001,BZBuCEB2BnBWBKA4A1AsAeAdAVAUAQANAFAEAIBTBoCCB4BbBVBJA2A5AqAiAdATAcANAMAFACAI
2907103001001,BZBqB7B2BgBWBJA7A5AxApAfAaAVAXANAFAEADBSBpB0BqBZBNBEA7A1AxAmAjAdAWAUANALADAD
2907202003001,BXBnBrBmBcBSBRBHBBA6AuAkAkAoAUAQAJAFADBQBcBfBVBLBGBCA7A2AxAtAfAiAhAfAMANALAE
2907202003002,BnBoBnBkBhBhBSBGA4AuApAXAWASAOAHAFACADBdBlBpBkBkBdBSBGA4AvAmAeAZAaAPALAHAFAD
2907301001001,BCBZBkBvBaBXBPA/A9AxAgAkAZAYAZANAHAHAEBIBUBfBoBeBYBUBGBBA2AoArApAhAXAaAIAFAI
2907400001001,BNBKBtBhBNBWBQBKBDA+AnAvAmAnAlARAIAEAFBDBgBXBWBEBhBFA5A2AtAzArAqAbAeAPANAGAJ
2907509003001,BGBIBQBTBaBkBgBQBDA5A0AjAdAPARAGAEABABBLBFBQBVBiBzBoBUBKBCAzAuAeAYATANAHACAE
2907509003002,BJBTBcBeBhBjBWBKA/A4ArAoAdAUAQAJAHAIABBBBOBYBaBeBlBdBOBDA6AxAnAjAWAYAKALADAE
2907558001001,BGBXBRBpBjBiBTA+A2A0A5AtAoAeAbATAHAJAEA/BIBOBZBdBTBKA5A3AxA5AzAqAlAbAPANAIAH
2907608001001,BSBlBtBiBPBWBMBEBAA3ArAqAqAaAXAOAKADABBSBaBnBaBLBJBJA+BCAxAqAwAlAbAXAQAOACAF
2907707001001,BQBxB3BkBgBUBMA+A1A0AtAVAmAWAWAMAJAFAFBaBjBrBfBXBOBGA1A5AwAdAqAiAgAbANAOAIAE
2907806003001,A/BSBgBkBYBFA/BCBEA+A4AnAwAhAeAgAOAAACBKBPBdBaBQBEA9A+BCA8A0AqAwArAXAcAMAEAD
2907806003002,BIBQBcBaBbBVBEBCBBA3ApAjAgAiAMARAIAEAJBGBPBYBfBeBbBHBIBKBAApA5AgAsAcAXANAGAD
2907905001001,BTBiBpBlBfBYBMA4A5ApAgAkAiAXAUAJAJAHAGBTBcBrBlBjBZBPA+BAAxApAoAkAYATAOAOAGAE
2908002001001,BKBbBdBhBPBIBEA1A3A2A2AuAqAiAbARANAEAIBLBVBWBgBTBOBHA9A+A9A9AtAjAjAdAZATAFAJ
2908101001001,BSBfBnBvBhBSBLA5A6A3ArAqAfAkAZAOAKAFAEBOBbBiBmBRBOBIA7A8AxAsApAmAZAdALAIAEAG
2908200001001,BRBaBiBgBaBkBVBIA+AwAmAiAdAOASAKAEADACBLBUBfBcBZBjBbBOA+A0AvAlAeAiAXAPAPAFAE
2908309001001,A7BPBZBjBZBVBLBFBGA+AxAmAaAbAVANAMAFAGA6BKBUBdBaBWBUBGBIBEA5AmAiAlAbAQAUAKAI
2908408003001,BGBPBVBWBTBiBYBIA/A2AqAgAVAaAPAEAOAGAIBKBNBTBaBcBpBhBXBLA8ArArAeAmARAaAHAEAE
2908408003002,BOBdBnBmBgBXBQA9A9AvAhAuAxAdAVAPAHADACBPBXBlBiBZBTBIA8A8AvAxAjAtAVAaANAMADAF
2908408003003,BTBfBjBdBdBdBYBDA+AvAjAlAaAbAXALAFADAEBSBdBjBdBiBfBWBFA/AuAqAhAeAhAQAJALAEAF
2908507003001,BPBVBbBWBcBjBbBEBDAyAoAjAUAZASAIAGADACBIBSBSBWBcBrBhBPBHA5AzAoAmAbAVAPAKADAF
2908606001001,BgB0B9BzBbBVBCA5A1AuAoAfAZARALAJAJAHACBWBxCCBwBTBMBFA7A0AtArAbAcAWATAOAIAIAG
2908705001001,BBBYBqBdBHBNBDA/A5A8AzAnAtAbAdAUALAFAFBHBWBlBYBNBPBMBAA7A2AzAvAuAmAcAaARAGAJ
2908804001001,BOBVBpBdBaBXBMA7A9A0AzAzAsAgATALAMAKAFBGBQBVBZBRBSBKA2A8A1A3AvAhAgAiAWAQAKAE
2908903001001,BKBUBpBvBbBRBOA/A/AuAkAkAjAVAUALALABADBOBTBoBoBWBZBQBFA/AxAtAwApAZAXATAJAJAH
2909000001001,A1BZBkBqBWBMBHBFA+A3AyAoAkAfAhANAOAGABAzBOBhBpBXBNBNA9A9A1A5AnArAiAsAUAMAHAE
2909109001001,BABSBkBlBTBRBIBCBDA4A5AoAiAsAZAPAKAFAFBMBaBkBjBLBRBBA+A9A6AzAsAjAjAYATAJAEAG
2909208001001,BWBlB8BtBcBTBHBCBBA0AmAiAgAXATANAPAGADBPBgBuBkBgBJBFA+A+AvAeAnAfAbAPAQAKAFAD
2909307003001,BEBQBaBeBNBTBOBKBGA6AnAzAjAaAdAMARAEADA+BJBdBcBaBTBNBHBHA8A5AlAuAdAaAOAJANAM
2909307003002,BfBsB0B0BjBfBIA9A4A0AiAmAaAVAPALAKABADBTBfB4BuBhBNBGA4A0AwAlAiAiASAMANAKAFAC
2909406001001,BPBkByBxBmBaBGA6A3A5A4AoAgAdAWALAFAGAEBNBgBmBuBbBFBBAwA0A3AtApAgAVAWANALAEAD
2909505001001,BVBtBaBxBkBUBGA6A4AuAzAsAfAeAUAKAFADAKBGBYBpBiBVBXBOAyA1A7AuAkAgAUAaAXAOAHAI
2909604001001,BTBmB2BvBNBQBMBGA7AwArAjAqAiARAJAMAEADBLBeBsBhBPBPBLA/A5ArApApAgAeAfAQAOABAE
2909703001001,BQBYBqBxBiBeBGBCA6A8ArArAeAhAQANAQAFADBDBVBnBiBXBSBFBAA7A1AlAkAeAcAUAVATAHAA
2909802003001,BJBaBlBsBgBcBQBMBEA1AqAfAXAKARAIALAGAABEBMBgBuBkBfBSBMBEA2AwAiAhAcARANAIAHAD
2909802003002,BCBIBRBUBaBgBTBGBEA9AuAkAeALAPAIAIADADBFBKBNBSBgBvBiBYBNBFA3AtAlAeAYARAIAHAE
2909802003003,A/BLBXBVBXBfBUBJA/A4AzAXAbAPAPAOAGACAFBBBHBNBVBoBoBiBWBOBIA1AyAmAYAWAaAMAGAF
2909901003001,BaBiBvBmBgBbBPBCA/A0AlAfAnAWAOAPALAEADBgBhBnBlBXBSBKA+A1AsAkAeAWAgAXAOAKAEAF
2910008001001,BgBgBxBxBbBYBLA6A2A1AzAoAeAoATAIALAFAGBWBXBrBoBcBNBDAwAvAuArApAVAdARAQAKAHAH
2910057003001,BpBiBvBcBfBjBeBFBCAvAdApAUATAHAAAAACAEBhBkBoBeBgBsBeBKA8AzApAaAXANAHAJADAAAD
2910057003002,BZBaBhBkBlBlBYBJA9A2A0AZAaANAIACACABABBaBdBeBhBkBrBeBKBDA4AvAkAfAHAJAHACADAD
2910057003003,BaBXBeBVBgBnBiBOBBA0ArAjAdAJAKAHACACABBUBUBXBZBjBtBpBOBGA4AqAnAWATAOAGAGADAC
2910107001001,BFBQBWBjBkBfBQBHBKBDA1AmAjAbAUASANAGACBDBOBMBVBiBYBIA/A8A3A0AhAjAkAcAQAKAJAF
2910206001001,BFBYBVBhBOBTBOBTBAAuAtAvAXAjAWANANAEAFBCA8BaBbBkBQBTBRA4A8AsAzAiAmAlAWAPAIAH
2910305001001,BDBSBZBcBMBWBJA8A4BEAzAuAkAaAaAiAOAJAEBABHBOBfBOBRBKA/A+A+A3AwAsAlAmAZAVAFAG
2910404001001,BeBjBtBoBiBUBLBAA7A6AxAmAmAZAQARAGAFACBVBhBvBhBVBTBAA6A4AvAnAnAeAXAdAIAEACAC
2910503003001,BZBaByBmBTBhBSBGAlA7AlApAXAJAKAIAAABABBJBtB2BwBtBdBPBTBCAxApAiAdATAJAKAFAKAC
2910503003002,BWBqB4BqBcBbBQBDA6AwArAgASAUAQAIAGAFAFBUBeBvBrBbBWBVBCA5AsAlAjAhAVARALAFACAH
2910602003001,BeBgBxBhBcBcBIBBA3AvAkAeAWAVAKAKAGAAADBQBgB1BqBdBZBSBIA8AxAsAmAfAZAdAMAJAEAE
2910602003002,BhBzCAB2BeBUBJA8A3AwAoAgATAbAJALAFADAJBZBqB8BoBUBXBFAzAzAuAlAfAaAVAJASALAFAG
2910701003001,BVBeBvBnBbBNBOBEBAAxAsAhAjAbAWAJANAHACBMBSBnBeBbBPBLBEA7AwAoApAoAeAVAVAMAHAD
2910701003002,BVBaBlBmBTBSBJA8BAA3ApAqAiAdAZAMALAJADBMBXBjBeBaBRBIA9A9A1AmAxAlAkAbAUAJAFAG
2910727003001,BWBVBZBVBZBfBWBGBDA0AyAhARAWAQALAFAGACBLBMBaBcBqBsBYBGBDBAA2ApAkAbASAQACAEAD
2910727003002,BQBcBmBWBmBfBWBAA6AzAoAkAYATAOALAIABACBZBcBkBcBuBmBVBGBBAzAuAoAZAYAPANAEACAE
2910727003003,BaBfBlBaBVBmBjBNBDA0AeApATATAMAHAFACAABXBVBmBWBhBxBoBNBDA3AmAfAVAOAMAHAKAAAA
2910727003004,BkBtB3BpBjBdBIA+A3AyAxAdAbASAVANAEADADBaBoByBkBdBWBMA+A1AsAmAeAaAUAQAJAGACAC
2910727003005,BRBRBdBWBVBcBWBKA9A7A3AhAdATAMALADADABBBBQBdBVBfBqBhBSBGBAA3AoAjASARANAOAGAB
2910750001001,BBBYBrBxBeBOBKBFBFA2AiAtAmAcAaAPAHAJABBDBPBpBlBcBJBJBBBBA1AwAiAoAfAaAOAJAGAG
2910776001001,BHBaBqBkBdBRBRBMA/A6ArAuAkAjAcARAGACADBKBSBhBjBPBSBHA/A6A1AsAzAdAfAWANAFAGAH
2910800004001,BNBWBbBZBcBmBdBLBBA1ApAeAZAPANAEAGADABBNBSBYBYBnBvBkBXBIA6A0AfAfAVAPAJAHADAE
2910800004002,BVBaBfBdBjBkBYBLA9AxAnAbAXAOAKAGABABABBQBUBeBgBqBuBiBTBHA5AtAlAZAVAOAIADAEAE
2910800004003,BCBMBQBVBeBkBXBIA+A4AvAhAXAUALAIAGADACBDBIBQBXBoBwBjBTBQBGA7AqAgAZAUARAJAHAD
2910800004004,A9BBBNBMBXBhBSBHBCA5AvAmAgAWAMAJAJADABBCBBBKBWBmBsBjBYBSBJA9AyAnAgAaAQAMAGAE
2910800004005,BVBcBlBfBiBkBcBNBEA0AoAaASAOAHAEAEAAABBQBZBgBfBmBpBjBVBNA6AqAfASASANAGAHADAC
2910800004006,BLBZBoBoBiBdBQBCA5AtAjAiAYAaAWAMAJACAEBNBYBmBnBhBdBQBDA7AyAwAfAkAfAQAPAQADAG
2910859001001,BSBYBkBqBgBTBRBDBBAuApAkAkAcATAWAGAGACBTBdBjBeBbBRBOBGA2AsApAkAjAgAYAQAMAHAD
2910909001001,BKBiBiBhBlBbBIAxA5A0A7AdAfAdAYAZAOAJAFBKBYBcBlBhBWBAAzA6A4AuAmAqAZAhARAHAIAB
2911006001001,BLBXBlBmBYBQBJA1A8A3A6AoAiAlAgAYANAGADBNBUBfBXBRBTA/A9A1A7A1AqAlAnAgAQAGAHAE
2911105001001,BiBlB1BzBtBoBSBBA1AsAjAkAXAVASAIAEAAABBaBlBwBoBnBeBHA6AvAmAjAgAWAXAIALAHAHAC
2911204003001,BVBeBbBdBiBdBaBAA8AxAnAsAVAOAWAMAFADACBQBVBbBiBkBuBcBFA9A8AsApAiAVAHAPAFADAF
2911204003002,BZBaBjBkBlBeBSA9A7A3AtAqAVAaAOAQAIABAFBVBeBmBdBhBfBLA3A7A5AtAjAcAXARASAFAFAF
2911253001001,A/BUBYBqBgBTBDA9BGA+A+AtAqAmAaANALAKAGA0BOBVBgBWBCBHA6BFA8AwAvAlAjAbAWAQAIAF
2911303001001,BNBdBnBlBUBOBIBAA+A8AtA0AqAeAYAWAKAGACBIBfBqBYBTBOBAAzA4A0AwAlArAbAaAXAMAKAD
2911402001001,BXBVBfBlBpBaBOBEA9A4AkArAbAYANAMANADACBOBKBkBeBmBZBPBDBCAzAkAsAeAgAVAPAMAHAD
2911501001001,BUBZBgBvBmBdBLA4A2A4A1AhAjAZAUARAIADABBGBcBmBjBkBbBIA4AzAzAqAvAnAUAXAMAMAFAD
2911600001001,BRBXBgBiBlBbBOA5A9AzAmAkAZAVAOALAHADAEBRBWBfBjBkBdBSBFBDA2A0AqAkAZAaANAIAHAH
2911659001001,BEBTBfBnBiBYBFA9A4A4AvAtArAcAdATANACAEA8BHBgBtBXBMA9A6A+A2AxAnAwAhAhAYASAIAH
2911709003001,BKBYBYBqBkBWBJBEBIA9AxAsAcAgAXAUAKAEACBFBIBSBhBdBWBFBDBFA5AoA3AhAjAUAOAKABAD
2911709003002,BNBNBcBoBfBSBLBEBFA9A4AhAcAYASAQALAEABBHBMBZBjBmBZBNBEBIA8AwAoAlAZAWAPAJAFAG
2911709003003,BIBTBPBaBfBgBVBQBKA6AvAYAWATASAMAGAEADBFBLBVBeBsBrBfBSBQA6AtAiAiAXATAMAIADAB
2911709003004,BABKBPBTBeBSBMBEBFA6AyAkAgAYAOAPAJAFACBDBFBRBZBpBeBdBSBQBDAzAwAiAgAdANASALAD
2911808001001,BTBlBuBoBYBPBNA7A+A1BAAkAmAfAXAXAFAIACBMBZBjBaBPBLBDAzA6AxAtAwAkAhAYAOAHAFAG
2911857001001,BIBYB1BwBaBLBFBBBEA2AqAfAqAcAdAMAIAGADBBBcBsBmBUBRBCBEBBA2ArArAeAgAXAPAGAIAD
2911907001001,BQBgBvB0BSBOBEA7A2AuAvAfAdAfAUAOAIAFAFBQBcBzBpBTBNBEA/A5A2AwAjAhAdAVAaAQAHAJ
2912004001001,BBBGBUBcBZBSBPBMBHBCA4AoAkAgAXAWAVAEAEA5BJBJBQBdBZBPBCBFA5AyAsAmAiAfAYAOAHAJ
2912103001001,BNBbBkBZBRBKBJA5A2A0A9AnAoAcAWAVAIAIAEBFBaBfBbBRBTBMA8A9A3A6AsAnAlAnAOAVAEAE
2912202002001,BMBkBxBsBnBjBRA9A+AvAoAjAZAUAQAGAJAEAABXBcBuBnBsBcBNA8A3AuApAjAbANAXAPAEADAE
2912202002002,B6BtBiBeCCCQBbA/AsAkAgAVANALAGAEADABAAB2BoBfBnCFB5BUA5AzAfAUAVAIAKAIAHADABAD
2912301001001,BPBbBfBiBWBWBUA8A+A+AwAqAjAcAXATAOAHADBFBYBVBhBSBSBJA9A8A1AxAoAkAgAcATALAIAH
2912400001001,BOBcBfBfBZBcBMBLBDA9AuArAjAfAWAOALADAEBMBbBZBaBUBSBGBEA+AyAyAmAkAbAUAOAKAHAG
2912509001001,BCBUBsBqBXBZBOA6A/AxAnAhAgAgAaAZALAFADBDBVBdBnBaBYBGA8A/A2AyAjAnAlAaARARAGAF
2912608001001,BXBnBvBvBLBWBHA8A8AxA0AvA0AYAWAMAJAGADBLBdBtBiBJBCA+A5A7AzAuAqAtAXASARAKANAC
2912707001001,BnBuB+BrBbBKBFA0AxAzAuArAcAYAQAOANAEACBbBsB5BpBaBMBFAwAzAtArAiAeAWAOAQAIAEAE
2912806001001,BRBaBhBXBVBRBNBIBAA/A2AkAqAhAaAUANAEAFBNBYBXBcBTBWBGA7A6A6ArApAeAhAXASALAGAH
2912905001001,BWBVBmBoBbBPBJA6A0A1A4AmAfAhAWATAJACAEBLBSBYBaBgBaBKA6A7A4AzAtAoAZASAbAQAHAF
2913002001001,BABUBmBnBZBUBGA7A9AyA4AjAuAeAZAKAOAHAEBBBMBfBnBQBSBIA4A/A2A0AoApAkAkAWARAMAF
2913101001001,BTBcBiBlBVBVBJBEBDA5AxAiAkAeAZAQAJAFACBKBbBbBeBRBNBHBDBDA2AuApAkAgAbAOALAGAG
2913200001001,BZBaBvBnBdBdBQA9A7A2AtAdAmAUATAKAHADADBMBZBkBpBfBYBLA/A5AwAyAgAkAVAMANAPALAF
2913309001001,BIBUBpBjBbBSA/BDBDAzAvAjAcAiAYAJANALADBLBLBOBdBSBbBOBBBMBAA0ApAeAnAaAPAPAIAM
2913408001001,BFBPBbBjBhBeBUBABAA2ArAoAkAgAUATAOADADBGBPBUBmBgBdBMA+A8A2A2AlAbAbAbAOAQAJAG
2913457001001,BhBxCFB1BmBbBQA4A3AyAsAiAXAVARAKAIACADBcBoB9BlBfBPBFA5AuAtAoAbAWATAJAIAGABAB
2913507001001,BNBdBlBiBYBPBLBABCA3AwAnAbAnAaAXALAEAHBNBcBgBdBXBNBGA9A4AxArAqAiAiAZAYAIAGAF
2913606003001,BSBpBxBiBWBSBLA6A8A6AyA2AiAeAXAUAMAEADBSBoBrBeBMBOBDA7A4AzAyAhAbAhANAOAFACAE
2913606003002,BLBPBUBUBZBhBPA+A8A4AvAnAXAZARAPAGABACBABOBbBXBkBnBWBRBFBGBDArAeAfAXAVAIACAD
2913606003003,BRBZBiBgBbBZBVBCA6A4A8AkAfAeAWAOAGABADBSBbBlBZBhBdBPBCA8A7AjAwAdARASAIAHACAI
2913606003004,BWBhBmBqBcBVBOBEA9A/AyAoAgATAPANAFAHABBdBjBpBgBbBYBQBCBAA1AjAlAXAQASAFAHABAC
2913606003005,BBBIBbBWBPBWBRA+BMA6BAAqAmAVAOALAFAAAAA6BEBZBbBiBgBdBTBOBOBFAtAaAWAZALALAEAH
2913606003006,BZBfBjBgBcBWBLBCBBA5AwAkAiAUANAOABACAABNBWBiBiBaBdBVBIBGA8AmAxAVAXAOAQAKACAH
2913606003007,BIBVBZBTBYBfBTBIBBA4A0AhAYARAOANAFAEAABIBLBeBVBjBrBfBNBIA9A2AwAhAZAaALAJADAF
2913606003008,BNBUBWBWBWBWBVBJBDA6AzAeAeARAOAIAGADACBOBNBaBbBeBkBiBPBLBAAxAuAeAWAUASAOAFAC
2913606003009,BCBIBTBRBSBOBIBCA/A/A1AuAfAWAYAOAGADADA7BFBQBQBZBcBYBLBMBIBJAyAtAjAgARAUAHAL
2913705003001,BZBhBxBsBhBYBPA/A1AsAgAkAdAXAQAMADAHAEBYBiBxBoBZBWBKA/A5AuAnAlAdAfARAPALAFAD
2913804001001,BCBZBsBuBjBaBHA4A3AvAwAeAhAeAXAQALADACBFBUBlBnBkBVBKA3A3AwA0ApAlAgAcAWAKAIAG
2913903003001,BEBOBZBUBYBbBTA+A1A5A3AnAcAeAOARAKAGACBKBLBVBaBXBnBZBABBA+A+AvAkAbAaAWAVAGAE
2913903003002,BRBdBhBfBfBiBRA+A2A2A0AqAhAaAXAKAGAGABBKBTBjBdBcBiBKA7A8A4AvApAhAUAZAOAJAHAG
2914000003001,BNBoBzB0BdBHA9A1A2ArAyAbAlAlAVAYAMAEAHBFBgBoBzBVA/A5A0A3AsA1AkAwAbAbAeAPAKAH
2914000003002,BFBeBuBxBaBLBDBBA9A0A1AkAtAdAcASAKAIAKBHBbBnBhBMBEA7A8AxAzA2AwAqAnAPAVAKAHAF
2914000003003,BQBaBeBYBWBgBKA/A2AtAjAgAbAWARALAGAFAFBRBXBeBnBoBoBWBHBCA0AuAnAjAhAdATAGAEAJ
2914109001001,BHBNBTBmBTBTBABDBIBABAAkAzAfAfAYANACAEBFBPBZBZBLBNA/A7A8A5A0AxArAjAeAYAOAKAE
2914208001001,BMBaBsBgBVBVBIBCBAAzAyAlAkAXAYAVALAEAEBUBnBlBaBUBPBGA7AxAzAuAuAhAhAZARALAGAM
2914307001001,BQBeBuBwBmBQBIAtBDArA1AtAoAlAPARALAEADBSBYBtBhBVBKBOA1AxA5AzAjAjAcATAKAMAEAG
2914406001001,BUBlBzBoBdBUBGA2A7AxAuAfAaAiAUANAGADADBYBkByBsBdBQBEA5A3AuAuAjAdAXAVAQANAHAF
2914505001001,BLBZBoBuBbBWBJA8A3AwAjAkAfAUAdAMAHAEADBJBVBjBwBhBTBGBEA+AyA3AeAqAlAcATALAFAF
2914604003001,BABLBXBaBTBcBSBMBNA5ApAkAcARAOAHACAHAABGBGBYBjBpBqBlBfBVBAAtAsAZAYATAIAHAEAG
2914604003002,BPBVBdBZBcBdBSBFBBA4AuAgAYARAKALAHACADBSBYBiBfBnBnBdBPBHA9AwAjAZAbATAJAEAGAA
2914604003003,BbBhBrBdBiBcBVBHA9AwAtAZAcAUALAMAGADADBVBfBmBjBbBcBYBKBAA0AnAiAYAZARAIAFAHAF
2914653001001,BjBpB2BrBnBbBKA6A6AwAqAkAZAVAIANAJACADBYBmBvBkBbBYBLA+A1AwApAgAbAWAIAUAHACAE
2914703003001,BXBcBlBcBVBVBJBAA3A0AmAqAaAZAQAMAKADAGBFBfBdBdBbBeBSBGA8A3AsAsAiAmAUAVATAJAF
2914703003002,BJBYBXBZBgBcBSBCA1AzArAcAXASAVAJAIAHAGBGBWBgBcBpBrBXBHBCA8ApAsAjAfASATARAGAH
2914703003003,BWBfBqBkBlBVBPBDA9AxAsAdAZAWARAUAIAGADBRBcBfBgBeBaBKBAA9A0AlAnAaApAPAUANAFAB
2914802005001,BFBPBcBQBRBdBYBIBCA1BCAgAhAXATAGAIACACBQBOBUBYBeBlBeBNBLBCBBAnAZAdAOAQADAEAC
2914802005002,A/BEBRBLBWBXBPBCBDA9AyAwAgAXAVAKAEAAAABFBABQBXBgBnBcBPBPBJA6A7ApAYAcAQALAMAH
2914802005003,BUBdBfBdBaBfBOBGA2AzAwAfAdAPATAJACACAFBRBVBaBjBnBrBdBGBBA5A0AoAnATAKAHAKAHAC
2914802005004,BPBdBZBbBhBlBOA9A6AyA2AdAWAWARAHAGAFAEBSBbBdBeBlBpBYBCBFA5A9AgAdAZAKARAIADAG
2914802005005,A8BABFBHBTBPBHBDBCA/BBAtArAaAOAMAKACAFA4A1BFBHBdBdBeBSBMBQBQA8AnApAaAhAVABAP
2914802005006,BaBfBnBaBdBaBNBCA3A2AsAkAbAXAQALAGACAABKBhBqBdBfBjBVBJA9A4A4AiAXAZAQAIAPACAE
2914802005007,BWBJBYBJBeBeBZBKAnBBA1AhAZAQAYANAJAFAABTBVBABnBtBeBZA2BIBAA5AvAkAdAPATAQAIAD
2914802005008,BGBLBXBYBaBYBOBFA6A7ArAsAaATASASADAFAABKBQBXBaBlBiBdBNBMBDAuA1AjAfAbAMAGAHAB
2914802005009,BABDBQBSBPBdBQBEBBA5AvAtAhAWAWAOAGAEAFA1BGBMBKBhBoBeBSBMBGBAA4AwAgAcALAQAJAH
2914802005010,AqAsA1BEBjBgBPA6AyA+A1AuAoAjAZAMAOAHABAnAqA1BJB7B1BbBMBFBNBOBAAxAtAxAZAaAHAL
2914802005011,A6BDBRBOBbBaBJBDBAA7A6ApAaAWARASAHAFABBBA/BRBUBoBnBYBPBMBIBAA5AkAjAhAVALADAD
2914802005012,AxBABHBQBWBZBJBDBHA+BAAeAlASAYAHAHAFADA0A8BKBZBsBtBgBNBQBMA8A6AoAjAmAIANAJAK
2914802005013,BFBTBcBZBZBaBXBJBEA1A2AiAcATASAMAFACAABMBUBdBcBoBhBfBOBJA9A3AkAeAYARAKACADAD
2914802005014,BLBhBlBjBlBkBVBEA6A5A1AiAXAWASAQAFAHADBLBcBbBeBiBgBQA9A8A9A3AbAgAXASAHAFABAC
2914901001001,BlBrB2BnBlBiBVBCA8AwAtAgAdASARAGAEABACBdBoBqBhBeBdBQA5A0AuAfAiAVARAPAIAEADAA
2915007001001,BSBjB8B5BeBSBCA0A1AtAnAkAeAbAQAOAMAJAHBUBjBxBwBWBIA/A5AyAuAtAiAbAlAZARALAJAF
2915106001001,BRBdBxBwBOBMBFA5A5A5AvAsAiAeATAbAFADAHBJBYBtBqBRBIA+A3A2AzA0AsAbAkAcAYAKAKAJ
2915205001001,BRBdBfBnBeBaBHA9A5A4A4AvAdAlAZAKAIAHAGBJBSBYBiBaBdBDA3A4A2AwAoAcAgAWARASAEAG
2915304001001,BSBkBlBiBIBTBNA9A8AyArAqAkAmAVANARAEACBHBgBjBZBRBeBPA8AzA6A4AqAfAZAgAPAHAEAK
2915353001001,BeBoB3B4BdBUBHBDBAA0AsAjArAWATAJAFAFAEBcBjBwBmBUBMA/A7A6ArAmAhAVAXAWAKAHADAE
2915403001001,BfBsBsBlBGBHBKBIA6AzArAvAkAcAOAMAMAHAEBcBrBfBcBPBUBSA/AzA1ApApAeAaAQAPAJAGAF
2915502001001,BMBYBmBiBVBPBMA9A4A2AuAvAgAhAYAUALAEABBHBTBaBgBfBUBMBCBCA7A2AoAiAeAXAVALAFAD
2915601003001,BWBnB0BpBYBWBMA8A5A5AuAnAhAcANAUAJAEAEBSBjBjBhBRBOBIA/A6A1AvAmAfAYARAPAFAGAB
2915601003002,BLBYBeBgBaBaBRA/A4AzAsAlAdAbAOAMAJACADBNBWBgBhBjBfBTBHA+A8A8AjAfAbAXAOALAGAE
2915700001001,BRBbBsBkBRBXBXA1AzA3A0A0AdAaAXARALAMAHBTBjBmBYBVBYBIA5AzAzA0AkAjAYATARAJAEAH
2915809001001,BMBkBoBlBZBYBQBAA7AyAnAlAeAeAXAUAIAEACBKBfBkBfBfBWBNA+A7AvAvAlAhAdAdAQAIAEAE
2915908001001,BfBwB1BuBkBlBOBBA6AsAlAgAUAPARAJAHACADBXBuBtB4BeBTBKA9A0AqAmAaAYAYAOAKAGABAB
2916005001001,A+BRBlBiBVBOA9BDBCBBBAAkAsAiAlAOAQAFADBDBOBeBdBSBDBBA6A/A7A6AsAjAmAgAVARAHAD
2916104001001,BEBlBsBhBQBXBQBFBMA0AvAaAqASAOAIADAGABBPA9BnBeBLBfBkBUA9A9A4AsAZAfAUAMAJAGAD
2916203001001,BOBbBeBnBgBbBCBFA7A4AvAsAgAbAZAVAJAKACBRBVBbBfBbBVBLBCA4AzAtAnAkAdASAUAJACAE
2916302001001,BgBsB1BfBIBMBLA1A6A6AvApAXAbATATAJAFAEBYBlB2BnBTBPBNA6A/A2AnAsAZAiAJALAFAEAD
2916401003001,BVBbBlBXBbBkBUBDBCAxArAjARAeAgAHAKAGADBLBZBeBhBeBgBUBIA8AxAxAbAlAaAWAMAFAFAF
2916401003002,BSBZBcBVB1BwBWA/A8AtAsAaAcAXAQAIAHAEACBNBXBZBaBtBpBWBEA5AyAuAiAcAdAaAPAJACAC
2916401003003,BMBMBUBSBfBgBQBHA/A3AuAmAdAYAPAIAKAEACBFBRBVBYBhBmBYBPBIA+A4AmAlAbAYAQAKAGAK
2916500003001,BhBsB4BwBgBQBNA+A8AuAnAaAaAYAQAIAOABAFBlBsB8BoBXBMBGA+A4AnAmAYAZAaAVAJAEAGAD
2916500003002,BZBhB4B0BUBNBFA7A9AzArAqAjAiAQAPAHAHAEBPBbB3BsBKBKBEA8A5AsAnAlAhAdAXARAHAHAJ
2916609001001,BTBXBmBlBXBcBRBCBBA6AqAqAcAfASAMAQACACBNBYBcBiBfBWBIBABAA0A4AcAcAcAXAOALADAH
2916708001001,BIBPBsBpBjBOBNBBA7A3AwApAfAWAYAUAFAFAJBFBKBmBtBgBKBKA8A9A3AsAuAhAgAYAWAMADAI
2916807001001,BIBZBgBbBeBgBOBGBAA+AyAmAmAeATASANAFADBHBTBcBbBXBUBLBBA4A2AoAtAfAiAXATALAGAE
2916856001001,BZBlBgBxBfBhBNBAA7AyAiAhAaAPAMAQAKAGAFBIBdBkBlBiBeBTA9A7A1AuAZAhAdAaAOAIAEAD
2916906001001,BIBWBjBhBbBbBKA4A4A4AtAvAZAhAaAPAJAEADBMBVBbBdBXBXBKA9BAA7AwAqAkAhAhASAPAGAJ
2917003003001,BYBoB0BqBYBQBHA/A+AtAeApAkAbASAJALACAEBSBhBwBfBUBUBJBAA5AtAnAnApAVAYASANAEAH
2917003003002,BYBiByBwBcBPBGA+A8A0ApAmAiAeAXANAGAFAHBXBhByBiBUBIBBA1A3AuAmAjAoAeAdAHAQADAD
2917102001001,BSBaBcBaBgBeBIA4A1A1AxApAnAcAYAUAOAGAFBIBSBdBfBYBXBMA1A3A4A6AoAoAkAgAJAKAIAF
2917201001001,BMBXBiBhBkBZBOBAA9AyAwAlAmAZAVALAGAFAHBGBSBgBfBaBXBKBAA8A5AwArAiAeAaARANAHAJ
2917300001001,BaBpBtBrBiBdBMA7A+AuAtAeAbAUAOAPAHACACBVBdBkBoBfBYBNBAA6AyAyAgAcAXAPAOAGAFAF
2917334001001,BRBqB1B7BuBeBHA7A9AyAnAmAeAWAQAKAHACAABPBbBlBrBhBTBCA/A9AxAmAmAbAYASAPAEACAA
2917359001001,BABFBuBtBfBfBPBNBFA2AxApAqAWAYARAGANAEBCBDBlBqBaBLBHA/A9A4AwAjAcAlAeAOAIACAB
2917409001001,A+BKBPBiBgBZBHBABGA6A+AoAtAjAbASAOAGAFA9BBBVBfBWBRBEA6A8A+A3AtAvAeAfAYAPAFAM
2917508003001,BFBgB0BkBOBFBCA4A7AuAnApAjAhAhAWALAIAJBLBcBiBoBPBGBDA9A6AwA5AlA3AlAkAOAQAGAF
2917508003002,BDBKBTBRBXBbBRBOA/A0AuAbAbAcALALAHADAEBHBHBWBcBmBpBjBUBJA+A5AoAqAWASAYARALAE
2917508003003,BIBQBYBcBVBWBVBNBAA3AvAhAlAXARAJAFAIABBKBLBfBeBjBlBXBNBGA9AvAsAbAlASAQAJADAD
2917508003004,BZBaBrBgBZBVBRBBA8A0AwAfAfAcARAKAIADADBSBgBlBhBdBYBLBCA/A1AsAoAeAcAQANAOADAD
2917607003001,BWBjBsBeBSBSBGA9A6AxArAfAfAXAWAKALADAHBYBhBoBbBVBeBNBAA7A6A1AhAmAbAbANAIAIAE
2917607003002,BOBeBuBiBVBWBMBFA5AyAnApAeAWASARAKAGADBSBdBoBmBXBYBVA9A4A0AwAlAjAVASARANAEAF
2917706003001,BVBXBhBYBiBaBWBMBFBBAzAkAWAkAMAOAEAIACBKBXBWBaBYBZBTBNBEA7AoAjAeATAXANADAHAC
2917706003002,BFBdBsBbBaBSBKBHA+A2AtAlAdAjATAZANAHAIA/BPBeBaBVBMBMBGBBAxAtAnAoAoAaAXARAGAF
2917805001001,BUBgB2BuBhBZBOBHA+AzAiApAdAXAUAKAHAFABBUBfBvBfBYBcBNA9A2AwAlAqAdAXAPAJAGAFAD
2917904001001,BhB2CBBpBjBRBPBBA0AyAnAeAUARAUANAJAFACBiBkB5BmBTBRBFA8AuAvAaAqAeAZAWALAFAEAB
2918001003001,BJBIBSBYBfBfBTBBA8A7AtAwARAYATAMAHAEAEA6BEBIBZBnBoBWBMBLBFBIApAiAhAQASATAIAE
2918001003002,BKBRBXBaBbBWBQBFA/A0AvAgAXAZASAJAKADAEBIBNBUBfBnBmBdBNBHA7AzAqAiAbAYAXALAGAE
2918001003003,BYBaBkBgBmBxBgBHBAA1AkAlARAUAMAJAGAFAGBTBYBQBfBeBmBaBCA7AzAlAkAnANAKAPAOAEAD
2918001003004,BTBgBrBvBXBUBPA9A+A4A3ApAoAZAaANAHADAEBRBaBjBiBWBRBDA7A2AyAzAkAhATARAQALAIAG
2918001003005,BjBbBoBhBkBeBRBBAzAxAxAVAWARAQAGAJADAEBUBcBkBkBhBlBTBEA9AtAkAlAgAaATARAFALAE
2918001003006,A/BHBNBWBaBYBQBAA+A5AzAkAiAaAPALAJAJACA+BFBRBYBcBkBZBMBEBABAAvAjAhAkAVAXAGAL
2918001003007,BDBCBLBKBPBVBUBIBAA6A3ApAWAbAaAOANAFAEA/BBBJBRBZBjBjBRBJBFBCA2ArAmAdAVAOAJAE
2918100003001,BVBiBjBmBdBRBCA9A+A3AjArAbAmAUAMAGAEADBFBZBgBeBbBRBLBAA+A5AqAwAgAiAdAWARALAA
2918100003002,BWBpBzBvBXBQBIBDBAAvArAiAhAdAbANAEAEACBSBnBrBoBNBHBEA8A8AxAmAmAdAfAXASAGAIAE
2918209001001,BQBYBiBjBoBeBNA9BBA9AwAjAfATAVAOALAFADBPBWBfBfBdBaBNBBA4A1AuApAdAXAWAPAKAIAF
2918308001001,BRBcBpBqBgBUBLA1A3A3A2AgAiAcAVARANAGAEBFBbBcBmBeBLBEA4A2A3AvAvAcAiAcAXANAIAG
2918357001001,BgBqBpBpBXBYBSBEA7AtApAeAjARAPAOAIACAFBaBkBoBgBYBZBUBCA3AvApAjAdAYAJAQAHAFAF
2918407005001,A9A+BMBSBkBdBUBIA+AwAnAiAWAXAYAGAIADACA7BBBJBgBtBtBlBVBLBAA/AnAyAgAVASAVAMAD
2918407005002,BFBNBYBYBYBVBUBOBIA8AyAaAVAQANAFAIABAEA/BNBVBdBkBnBiBbBRBHA2AiAhAXAVARAMAGAE
2918407005003,BOBTBYBdBhBaBZBKA9A1AlAiAcARAMAHAGACABBXBdBZBbBkBkBgBSBKA6AsArAdAXAOAJAIADAD
2918407005004,BxB2ByBoBmBmBbBIA+AwAiAWAVALAIABADADAABiBqBtBiBnBcBWBIA6ArAqAPARAMANADAAABAB
2918407005005,BlBsBsBoBnBeBTBEA9A0AiAfARAQAJAHADABABBXBmBqBiBgBlBUBGA/A5AqAeASAUAMAGAGAEAD
2918407005006,BvBvBwBrBkBYBTBFA4AuAlAWAUAOAJAFACABACBuBuBrBoBqBcBSBFA9AuAkAWAVAPAJAFAFADAC
2918407005007,BoBiBsBfBZBZBYBOBGAsAeAdAYALAKACAEABADBdBhBgBgBkBjBkBSBHA0AmAcAPAXANAGAJABAD
2918407005008,BDBPBQBYBgBRBSBJBAA8ApAoAXASAMAGACAGAFBJBPBXBbBpBkBgBYBQBFA2AqAmAUAVAJAHAMAG
2918407005009,BQBeBlBfBcBZBXBJA/A9A7AYAeAcAZALAGAIAHBSBXBhBZBSBSBMBBA8AvAsAkAnAfAJATALAGAC
2918407005010,BlBpBvBwBxBZBXBHA+AyAiAZATASAMAIACAAAABfBqByBsBgBcBKBHA8ArAnASAWAPANAJAEABAB
2918407005011,BZBiBzBnBlBQBSBMBAA4AmAmArATAVAIAEACAEBcBaBoBmBTBRBOBCA8AvAhAhAUAYALAQAFAIAF
2918456001001,BNBdBzBoBYBOBNA/A+A6A1AzAsAiAQAUAIAIABBLBfBlBmBQBKA/AyA5AzAuAvAgAdAWAJALAEAD
2918506001001,BgBpBqB0BZBVBIA8A+AyAkArAoAaAYAJAIAEAFBaBfBhBdBUBOBBA8A5AvAuAiAkAcASAPAKAGAE
2918555001001,BGBnBuBrBQBOBMA9A3AxAxAuAoAfAWASAJAHABBRBWBmBeBNBNBPBBAxA5AxApApAQAhAUAJAIAD
2918605001001,A3BEBJBVBZBUBCA/BCA3A9AtAjAmAjAXAOAJAJA+A7BJBUBOBKBTA9BGA+A+AyA6AnApAdAYADAQ
2918704001001,BEBJBeBPBkBgBVA7BDA4A6A4AhAyAcAUAMAFADA8BCBLBVBhBXA7A6AwA7BDArAfAbAfAWAZAIAK
2918753001001,BFBWBsBxB1BjBQBAA3AwAmAsAgAbAXAOAGAHAEBCBUBlBrBpBRBDA2A1AwAvAgAmAVAYAMALAHAI
2918803001001,BPBeBpBrBeBbBRBJBBA5ApAkAYAVAOAPAJAHADBQBYBjBfBdBYBQBDA9AzArAkAhAYARARAFACAE
2918902001001,BFBIBUBdBMBUBKA8BEA9AyA3AkApAaARAKAHADBcBOBkBTBIBbA/BMBBA2A/ArAtAWAeASAKAGAG
2919009001001,BJBmBwBqBXBRBDBKA7A7AsAtAwAeAXAIALAEAFBeBVBgBoBOBPA5A8BBAzAwAiAlAYARANALAGAC
2919058001001,BOBcBmBlBWBSBLBCBAAzAzAnAjAbAVAcAFADAABIBcBkBrBUBPBMBFA3AvAoAqAfAfAaAOAJAMAH
2919108001001,BVBhByBwBeBNA+BAA7AoApAfAsAXAUAIAKAJAEBMBbBsBoBbBSBGA9A2AvAtAnAqAVAXAOARALAJ
2919157001001,BZBhBsBpBcBZBQBGBBAyAlAqAnAUANALAIAFABBWBfBgBeBWBYBMBAA+A0AnAoAfAUAUALAJAHAF
2919207003001,AyA5BDBEBSBSBMBDBCBMBOBAA7AXATAPAGACACAuAzA/A9BWBcBeBbBRBaBPBAA1AaAXAUAGAMAD
2919207003002,BOBLBaBVBkBzBgBRA+AxAzAWAbASALADAGAAAABNBSBdBcBpBwBoBXBGA1AqAoAaAPAPAIAGADAA
2919207003003,BHBVBYBSBfBsBkBVBDAwApAlAZALAKAGAEAAAABCBLBdBWBpB3BvBSBGA6A7AjAcATAIALAEAEAC
2919207003004,BaBXBfBZBfBjBVBQBDA+AzAfAUAPAFAEAEACAABPBSBbBXBmBqBkBaBJA+AwAoAVAOAKAFADAFAA
2919207003005,BJBOBeBWBfBvBpBKA/AzAtAdAeAOAGAEAAABACBJBTBYBXBlBzByBWBHA6A1AqAeAPAJAFAEAEAC
2919207003006,BVBaBsBaBeBzBlBUBAA3AlAoAYAKAKALAEABAABMBbBmBYBYBlBfBRA9AxAqAeAfAOAJASAAAAAD
2919207003007,BdBQBeBUBSBjBmBZBIA7AqAeAOAJAEAFAAABABBLBRBXBQBhB4B1BjBPA9AyAdAZAPAJAIAGAAAB
2919207003008,BJBOBLBGBOBmBhBTBQA+AuArAfAOAIAGAFABAAA5BBBIBUBdBuBuBeBUBGA6AyAfAYARALAHAEAD
2919306001001,BjBhBsBkBoBhBIBEA+A2AnAdAbAMALALAIAEAEBYBgBvBhBgBlBRA9AzAxAuAbAcAWAMAMAIAGAC
2919405001001,BEBTBaBpBaBWBKA+BCA7ArA0AtAgAbAMASAGACBLBNBQBdBSBSBDA6BAA5A5ArAnAdAgAWAKAFAK
2919504003001,BQBbBfBgBpBjBUBJBDA1ApAkAiAbAYALAJABACBMBVBgBgBfBcBNA8A7AxAsAhAlAbAUALAKABAD
2919504003002,BEBIBYBYBiBbBSBEBGA5A2AiAlAeAXAJAMAFAEA9BKBVBeBeBbBRBHBEA5AyApAoAbASAaASADAK
2919553003001,BwB2BvBeB9CABpBMA9AsAgAUANAMAFACAAAAAAByBnBrBqBwBxBVA+AzAgAYAOAHAGACADAAABAA
2919553003002,BfBCBcBdCDCMBrBRA7BCAdAYAOAGALAEABABAABZBkBeBYCKBzBcBjA+AuAXAMAEAGAKABAAABAA
2919553003003,BqBlBgBTB8CDBxBPBBA2AkASAJAHAFABABAAAABkBfBhBhB7B6BiBKA5AqAcALAJAHADAEAAABAB
2919603001001,BVBuBxBpBKBMA9A7A1A0AtAfAkAYAVAPAIALAEBYBtBtBeBLBFBEA/A6AyAqAzArAaAZANATAIAJ
2919702001001,BPBRBlBqBlBWBNA8A9A1AxAgAiAbASAUAIAHAEBLBVBkBiBkBTBKA+A+AzApAoAkAeAaAKAMAEAH
2919801003001,BPBgB1B1BiBWBKA4A6AzAuAkAZAjAYAQAEABAEBHBfBqBmBbBTA/A0A2A2AwAiAlAZAUAPAMALAG
2919801003002,BGBXBkBmBbBVBPA8A+A4AwAjAgAdASAMANAGAEBCBRBYBsBhBdBKA+BBA1AvAmAmAgAPAYALAKAK
2919900001001,BUBlBpBdBaBVBNA/A+AtAlAcAhAZAcASAFAHAFBZBjBgBgBeBWBIA9A0AyAnAjAoAhAZARAKAGAJ
2919926001001,BJBMBaBYBhBkBVBOBGA/AwAiAZANAKAIAEADAABGBOBfBVBeBqBlBVBRBDApAsAeAWAOAJAIACAC
2919959001001,A+BiBeBmBSBTA+A8A/A5A1ArAuAgAgAQAOAIALA4BQBaBgBKBVBGA6A5AuAqAxAxAsAZAbATAHAJ
2920007001001,BTBdBkBdBcBgBRA/A8A/A5AgAbAfAZAQALAEAHBQBWBeBgBQBWBIBCA5AwAvApAwARASAMADAIAG
2920106001001,BHBcBnBtBYBPBDA4A2AyAuAoAoAkARAPANAHAGBFBWBnBlBOBIBEA+A9A2AxAyApAkAZAWAWAHAF
2920205001001,BcByB3B7BmBTBJA7A2A3AlAiAbAdAOAIAIADABBbBnB3BnBbBOBHA2A3AwAnAgAYARAQAMAIAFAB
2920304001001,BCBNBgBiBaBcBOBEBIA9AuAkApAlAWAVAJAFAFBFBPBgBiBQBPBEBEBCA1AsAqAhAoAbAMAMAKAE
2920403001001,BNBcBtBtBaBSBMA+A6AwAxApAkAcARAOANALAIBNBYBqBmBVBMBAA/A5AuA0AgAmAgAWAMALAKAI
2920452001001,BXBsBtByBrBiBNA7A0A0AqAiAhAXAUAMAKAFADBKBiBuBzBYBVA/AzAqAxAoAkAdAZAWALAFAGAE
2920502001001,BGBbBfBoBWBXBIA3A8A7AvArAjAcAbAMAKAFAEBIBSBlBnBZBYBFA+A9A6AsAsAmAdAVARAOAHAK
2920601003001,BQBZBpBrBrBnBYBNA/A1AlApAZAWAWAIAGAEADBOBZBdBgBcBYBLBDA3AxAeAwAfAUARAQAJADAE
2920601003002,BEBTBeBgBjBnBTBJBBA0AqAkAaAUAQAOAJAGABBIBNBUBeBcBfBSBLBEA3ArAqAiAgAcARAMAJAF
2920700001001,BhBsB4BoBlBfBPA+A9A6AzAfAaAYASANACABACBaBrBpBhBgBUBGA2AyAyAmAbAZAVAMAKAFADAC
2920809001001,BbBjB6B6BdBNBCA7A5AvArAhAbAaAOAJAPAFAEBQBdBwBvBWBLBCA7A4AtAxAbAfAaAVAWAKAKAM
2920908001001,BiBlB6BjBUBOBDAzA6A2AsAqAuAaAZAPAMADAFBbBiBuBaBUBJBFA2A0A0AnAwAjASASAPAMADAG
2921005003001,BNBUBZBZBcBlBfBGA/A3AoAmAdAOAMAMAEAEAABKBRBWBbBbBpBiBPBFA8AuAwAhAXANALAOAEAF
2921005003002,BYBbBjBoBmByBfBGA8AuApAdAVATAMAGAHADABBSBhBiBbBnBqBbBKA1AyAkAhAZAOATAGAIABAD
2921054001001,BRBZBqByBjBZBMBEA6AxAxAgAgAXAWAOALADADBaBZBnBtBdBQBFA/A4AtAtAgAiAWAQAOAMAHAC
2921104001001,BLBYBjBjBZBNBKBIBDA9AtArAfAkAcATAOAIABBLBNBeBXBPBLBFA+BBA4AxAwAeAwATATAMADAH
2921203001001,BRBZBmBkBdBUBLA/A+A0A1AhAeAbAXANAHAFAEBNBQBgBkBbBUBHBCA7AzArAqAsAbATARARAKAI
2921302001001,BOBXBkBiBaBQBKBIA8AwAmAlAfAdAOAPAMADAGBNBZBmBpBZBQBOBFA+AzAvAlArATAUAdARAJAF
2921401001001,BSBoByBwBWBTBFA9A8AtAuAiAoAaASAMAHAEADBJBdBsBlBYBRBLA+A3AzA3AeAiAaAWASALAGAD
2921450001001,BHBZBnBrBeBaBVBCA7A2AtAiAXArAiANAGAHAEA/BeBeBhBXBSBLA+A0AvAoAsAiAnAVANAOAHAJ
2921500003001,BUBdBpBjBbBSBJA/BAAyAlAlAmAjAVARAHAJAFBUBZBmBfBbBNBHA9A+AyApAlAqAbAZASANADAF
2921500003002,BTBhB3BtBSBMBFA/BDAxAhAnAnAnAYAOAKAGADBUBlByBoBRBCBAA6A7AqAtAaAiAlAWATANAGAE
2921609001001,BVBlBfBrBKBQBEA+A6A+A5ArApApAWAPAHABAGBBBXBtBhBTBIAyAzA8A7A2AnAfAgAYAXATALAJ
2921708003001,BhBuB5BzBSBLA+A8A9A4A3AiAlAcATALANAHAABeBhByBnBOBLA9A4AzA0ApAgAjAOAVASAIAGAB
2921708003002,BRBcByBpBbBNBFA+A4AvA0AeAfAXARANAKAHABBcBcBuBeBcBQBMBDA8A6A3AcAlAXAQARAMAHAC
2921807001001,BHBHBVBkBdBOBEA8BBA7AuAtAqApAgAPAOAIAEBBBEBZBkBVBGBDA7BAA8A4AzAoAjAjAeAKAOAD
2921906001001,BRBgBeBiBkBfBNBABAA0AsAeAfAYAMALAJAGADBUBdBeBkBgBbBSBBA8AuAtAfAgAZAaAPAKAJAE
2922003003001,BhBiB4BoBSBUBOBAA8A5A2AlATAXANAPALAEAABRBUBqBnBSBVBPBGBDA2AvAkAdAaAMAJABADAD
2922003003002,BXBiBuBlBeBkBVBGBCA0AkAlAYAOAHAMAIAAABBeBhBvBmBcBhBXBLA/AxAhAgAUAOANAKAEACAC
2922052001001,BeBtB2BwBjBYBNA6A2AvAvAWAbAUAOALAEAFADBSBrB5BlBgBVBBA4AzAwAuAcAfAWAWASAGAEAC
2922102001001,BSBfB1B1BlBQBLA9A3A0AtAfAXAYAYAKAJAGAGBNBdBsBjBWBQBEBAA3AwA0AdAjAeAWAKAOAIAH
2922201001001,BHBGBeBjBZBhBaBNBLA8ArAkAjAWAVAJAHACAIBFBEBRBaBbBfBRBPA5A6AtAuApAcAWASAKAJAH
2922250001001,BwB0CFB1BgBVBKBAA6AvAsAcAcAWASANAEACACBoBqB1BkBWBUBEA1AuAqAkAXATAbAMAGAEADAD
2922300003001,BDBQBdBfBdBdBPBFBBA1AqAhAZASAUAMAGAGACBDBSBfBhBdBkBRBOBDA9A0AkAhAnAaARALAJAE
2922409001001,BIBYBbBcBhBYBUA/BAA7A3AiAdAVARAQAHAHADA/BWBaBeBgBbBTBDBAA2AxArAfAaAgAWAJAKAD
2922508001001,BNBMBfBhBdBeBQBGBAA7AuAfAcANARANALAGABBKBLBfBeBdBhBYBIBFA8AuAnAfAeAYAQAPAJAE
2922607001001,BQBjBrBtBoBjBRBEA5AyAqAqAcAYANALAMACAEBRBfBsBlBZBVBLA8A9AtAnAkAfAQAXALAFAGAA
2922656001001,BKBmB8BoBgBVBHA8A7AvAtAjArAcAeAMALAIADBMBjBsBsBUBMBGA1A0AuAnAhAjAXAUAPAJAJAH
2922706001001,BSBfBlBfBNBHBHBCBEA+A7AqAoAYAXAYAOAHADBFBaBhBRBGBJBGA/A/A3A2AkAuAZAYAbAIANAK
2922730001001,BBBTBaBgBSBEBVBCBMA9AwArAlAdAcARAMAIAEA8BIBcBgBRBKBVBHBLA/A1AmAmAqAZALARAHAC
2922755001001,BRBcBhBpBXBiBTBFBCA8A8AmAiAUARAYALAFABBOBdBdBfBcBWBPA3A2AvAtAgAbAWAVARADAFAC
2922805001001,BhBoB1B3BWBNBJA/A7AuAuAdAcATATANAKAFAFBTBVByBzBZBLBAA+A2AtAsAgAXAeAaAPAOAKAF
2922854001001,BIBgBsBqBnBZBRA/A4AyAkAkAdAjAWANAMADADBDBeBdBhBgBhBKA9A3AsAkAmApAiAaANALADAH
2922904001001,BUBmB3BrBNBHBJA+A+AxApAjAnAfARAOALAGAGBKBfByBfBKBIBABCA9A0ArAnAqAdAdAVAKAKAD
2923001003001,BjBqBzBnBUBMBJA+A3A0AwAqAhAcAQAHALADADBOBeBsBhBSBSBIA7A7AxA1ApAZAeAXARAFACAH
2923001003002,BkBnBuBjBZBeBXBFA9A1AtAYAaAPAMAFADADABBdBjBqBmBfBgBTBLA6AwApAfAWAQAMAGALAFAD
2923035001001,BTBSBaBeBhBkBKBCA+A8A7AjAoAbAPAZAMAHAEBMBPBSBZBdBXBCA9A6AzAyAiAtAbAXAXALAIAH
2923050001001,BJBnBsBjBgBXBMA6A6A2AvAhAvAWAQAKAIACADBDBcBsBfBuBcBOA8BBA2AtAkAfASAXALAIAEAD
2923100001001,BPBjBuBkBcBPBMA7A8AwAkAkAfAeAQAOAJAGADBRBjBsBkBXBQBNBEA+AxAsAnAeAcAcAPAMAGAB
2923209001001,BKBdB1BxBTBKBBA+A6A6AoArAkAiAZAUAMAJAFBEBaBsBpBKBMA/A0A6AzAjApA0AeAbAWARAJAD
2923308001001,BCBPBZB1BpBlBSBEBAA3AuAiAhAXAVATAKABACBIBKBhBtBmBOBDA6A2A3AqAlAcAcAWAXAVAHAJ
2923357001001,BaBsBvBkBbBaBQBHA7AtAnAhAmAYASAKAFACADBcBjBsBjBXBaBOBAA4AtAvAdAbAXASAIAHAEAC
2923407001001,BHBTBhBwBoBdBNBABAA8ArAuAkAWAPARAMAEAABKBRBhBlBdBWBKBBA7A2A6AfAfAfAVAOAFADAD
2923506001001,BXBnBvBaBSBUBPBBA9AwAoAhAYAiATAKAGAGAKBSBgBmBcBQBXBUA7A/A0AtAjASAmAhAMASAGAG
2923605001001,BDBMBTBcBpBgBQBCBEA4AzAqAlAeATAMAMAJAGA8BFBPBgBcBdBPBCBBA5A2AlAqAaAUAOAQANAT
2923704001001,BYBiBtB6BmBTBHA5A0AxAsAgAcAcATAPAJADACBYBcBtB1BZBSBCAzA0AuAsAgAZAlAaAJAJAGAH
2923803001001,BJBRBrBqBcBGBIBBBCA4AuAfAhAcAWAMAMAKABBLBWBlBlBXBOBIBDBCA0AsAqAoAiAbAXALAGAE
2923902001001,BcB0BtBmBTBMBJA3A1AxA0AhAiAcAbARAIAEACBeB0BvBcBaBNBEA5A2AvAwAjAcAaAXAFAHAEAH
2924009003001,A0A4BABLBNBWBQBGA+A7A1AfAqATAWASAQAEAAAxA9BEBTBtBeBjBWBYBLA/A4A7AkAbAaARAPAE
2924009003002,BPBiBsBoBdBLBNBCBDAzAyAjAnAeATANAJAIAFBIBWBoBlBQBGBJBCBAAyAmAvAiAeAdANAJAGAB
2924009003003,BJBQBWBRBPBQBXBRBDA6AkApAhAUASAMAEAEABBOBKBSBWBdBgBqBbBMBDAzAxApAbAUAJADADAD
2924009003004,BMBWBhBZBXBVBTBKA/A0ApAgAaAXAXAJAGACAABPBVBdBbBkBfBgBWBHA9AuAvAbAdASANAHADAB
2924009003005,BfBfByBmBhBPBPA+A2AsAlAdAdAUASAKAHAEABBYBfBtBlBhBSBVBIA/AxAoAoAeAZAQASAHAGAD
2924058001001,BFBZBmBrBPBIBKA/BFAyAwAdArAdAUAVALAKAEBHBVBnBnBVBKBKBABIA2AtAmAmAdAbARANAIAH
2924108001001,A9BgBnBwBaBQBOA2A4AzArAjAeAdAaAQAOAHAFBCBdBfBtBWBMA+A7A7AzAkAsAsAcAhAZATAOAL
2924207001001,BYBvB5BzBbBWBWBEA9ArAaAqAdAUAOAJAGADADBZBvBxBwBkBPBJBCA2AqAlAeAbASALAGAEAEAE
2924306001001,BRBfBqBhBMBGBEA3A6AwApA0AoAXAaANANAHAEBNBYBfBiBRBOBJA/A5A1A8AqArAlAeAWAXAHAD
2924405003001,BgBvB5ByBeBTBEA4AzAvAnAiAhAXAWAIAIAFADBgBqByBqBaBQA/A5AwAuAjApAeAbAPAOAHAEAF
2924504001001,BGBRBdBqBqBUBNBIA+A6AyApAqAbAUARAIAHAEA/BMBTBqBcBVBIBAA9AxAtAtAjAcAbATANAHAF
2924603001001,BYBkBnBmBXBPBNBKA/A1AqAsAoAXAaAJADAGAHBdBaBiBdBVBTBOBDA8AsAnArAgAeATAHAJADAB
2924652001001,BLBRBsBvBaBYBHA/A6A0AmArApAfARAMAPAHAHBKBQBnBjBRBTBLA7BAAtAuAtArAiAYAMAMAHAJ
2924678001001,BmBhB1BqBvBlBQA6BBA2AlAsAYAZAPALAHAFAABcBZBpBmBiBWBBA4AzAwAnAhAUARAWAIACADAD
2924702001001,BEBPBdBgBmBdBpBBA3A4AqAfAeAjARASAKAFAFBOBCBJBVBdBcBXA6A6AxAvAwApAtAfAVALAHAF
2924801001001,BUBiBsBgBRBQBMBFA7A1AvAlAgAhAXANANAEADBNBbBjBaBLBUBIA/A6A3AtAnAoAgAeATAJAIAF
2924900001001,BQBKBfBpBnBgBSBDA7A2BCAgAtAdAPAKASAFABBIBNBcBkBfBSBAA3A6A2ArAlAVAhAZAbALAHAI
2925006001001,BNBcBpBhBXBVBEBBA7A4AvAeAhAYAdAOAMAGACBUBdBhBkBZBUBMA/A6A4AuAnAkAjAbAMALAEAD
2925105003001,BXBXBhBYBOBSBGA9A6AxAzAhAfAcAWAMASAGAFBLBZBbBeBZBUBPBCA+A4A0AyArAaAfAXAPAGAG
2925105003002,BdBkBpBjBQBQBHA1A3AwAvAiAeAcAXASAIAIAFBRBmBnBlBXBPBGA9A3AzAzAiAiAnAQAUANAKAG
2925204003001,BKBMBSBWBnBmBXBQBDA5AoAeAaAPAQAHAFACACBMBQBZBcBlBsBlBQBKA8AxAlAdAUARAQAIACAB
2925204003002,BKBZBbBgBlBmBiBMBDAyAtAeAdAJAOAFAEADACBTBTBgBfBlBrBhBQBGA5AzAbAXASALAGAIABAC
2925253001001,BXBnBuBvBdBTBNA+A5ArAiAjAfAhAVAJAOACACBSBjBpBsBZBPBMA+A2AsAeAoApAdAUAXAHACAD
2925303003001,A8BFBUBQBgBpBgBQBLA5AyAkAYAMAOAJAKAAABA6BGBVBaBtB1BjBbBNBCA7AiAZAZAOAMAGACAC
2925303003002,BvB5B+BkBkBnBYBAA7AsAnAYAcALAFAGACAEABByB0BwBhBmBeBUA9AwApAgAcALAKACAHADABAB
2925303003003,BYBpBfBUBgBoBeBOBDA1AwAZAdAHAFAHAGABAABaBeBiBRBnBsBnBNBBA+ApAeAOALAIAMAHABAA
2925303003004,BiBzCBBmBWBcBTBBA5AzAnAlAWAaAMANAFADACBhBvB1BjBTBYBMA8A0ArAtAbAbANAIAIAHAAAC
2925303003005,BgBpB0BWBUBcBgBNA+A0AlAlAaAJAUAGAEAAAABZBwBuBZBfBjBjBHBBAxAgAiAZANAHACAEAAAA
2925303003006,BhBtBvBbBbBpBjBQA+AqAhAZAPAOAJAEAEABAABmBrBuBkBlBsBlBQA5AtAtAMATAHACAEADAFAA
2925303003007,BdBiBrBUBYBiBfBUBFA1AgAdAXAOALACADABABBhBgBoBcBhBtBtBRBHAvAlAYASAKANAEADABAB
2925402001001,BMBmBpByBnBOBLA5A6A9A8AbAdAdAUARANAGAFBNBTBmBkBdBMBGA5A+AwAtAoAdAdAbAIAGAEAL
2925501001001,BfBrB5BkBYBRBJBAA7A0ArAnAjAUAQAJAEAFACBWBmBvBfBUBWBKBCA5A2AtAjAgASATAJAKACAC
2925600001001,BNBWBhBiBZBVBRBLBLA6ApAmAlAXAeAMAFAEAEBPBSBbBZBQBOBPBFBBA6A0AlAiAkAYANAJAEAD
2925709001001,BHBRBlBsBTBcBHBBBDA3AxAlAoApAeARAGAFACA8BTBfBdBRBNBDA7A7AwAzAqAoAhAsAVAMAGAG
2925758001001,BcBnBrBwBpBfBPA4A4AxAzAfAVAXAQAMAJACAFBUBjBvBmBmBfBKA5AyAsAlApAXAXANAJAFAEAE
2925808001001,BRBhBvBpBPBLBHA9A9A1AwAfAlAbAZAQALAIADBMBdBkBlBNBSBJA/A/AwAvAjAmAkAVAVAPAGAH
2925907001001,BMBdB1BuBZBPBMA+BCAzAmApAlAeARAQAPAKAFBNBjBuBnBPBHBAA5A6AuAoAmAjAgAUAPAPAEAH
2925931001001,BMBgBkBlBYBWBMBCA3AzAvArApAmAZANAJAHAEBEBVBiBVBcBKBBBEA4A1ArAxApAlAYAIANAPAE
2925956001001,BQBmBtBtBSBMBAA2A0AuAoAoAeAjASANAIAKAGBEBlBrBrBUBQBAA8A3A0AyArAkAhAeAWAQAJAK
2926004003001,BSBaBjBcBSBRBSBFA9A4AuAiAcAbAbAIAFAEACBSBaBhBcBZBTBSBMBAA0AsAuAqAfAZAJALAEAE
2926004003002,BeBqBuBmBdBUBKA/A8A4AkAsArAaAPAHAKACAEBaBgBmBhBVBMBDA7A4AwArAkAgAWAaATAIAEAE
2926103001001,BGBTBbBbBbBiBVBCBBAyAlAkAqAiAVANAKAMAGBKBPBdBSBdBjBVBEBBAvAsApAoAbAUARAKANAD
2926202001001,BVBbBuByBiBdBKA7A5A3AuAqAlAZAbAPAIACAEBSBVBpBoBYBPBEAzAyA2AtAnAiAdAXAJAGAEAB
2926301003001,A6BcBlBmBXBMBKA/BBA0BAAhAzAdAeASAJAKAGBCBTBbBZBSBKBKBAA/A7AtAxAmAoAXARAHAGAK
2926301003002,BABJBYBdBYBPBNBDBEAyA2AbAkAYAVANANAEAGBEBOBXBfBeBgBTBLBKA3A0AyAhAqAcARAPAJAE
2926400001001,BPBXBhBrBiBZBLBDBBA6AvAgAjAYAbANALAGAABJBUBcBlBaBQBJA/A+AzAyAjAjAeAcALAMAHAF
2926509001001,BMBhCBB7BYBOBGA9A8AsAkAlAaAZAcAMALAIAEBMBbB7BrBWBFBDA9A4AtAhApAjAhAZATALAEAF
2926608003001,BJBWBhBaBYBQBPA/A/A0AnAmAfAaATAMALABABBDBTBaBaBgBdBYBPBJA9AqAwAlAiAfAOANAGAF
2926608003002,BTBlBzBpBfBKBFA+A9AxAsAfApAdAcANAIAEABBQBdBxBlBZBMBGA/A8AwAlAsAhAeATARAGAGAD
2926657001001,BXBqBwB0BVBUBFBHA/A8AnAsAYAcASAWAGACAEBNBsBpBfBWBPBAA6A7AxAnAkAtAYAPAGAGAFAD
2926707001001,A1BABSBdBUBPBBA8A/A+A7AsAoAmAdAQAOAIAGA2A/BXBeBWBTBFBCBQBABEArAvApAjAXAVAKAJ
2926806001001,BBBSBgBtBcBRBHA/BFA7AzAgAoAdAZASAPAFADA7BUBhBmBfBOBGBFBEA1AtApAnAdAcAUAKAHAD
2926905001001,BBBKBaBoBmBZBEA5BBAvArA3AkAgAbAQAMAKADBABGBZBnBbBTBIA8A8A3A1AwAvAgAcAWANAIAJ
2927002003001,BfBoB5BzBcBXBPBFA4AuAiAjAWAUAUALAHAEACBUBlBxBsBWBPBSBAA6AsAkAhAZAYATAJAGAFAD
2927002003002,BSBdBpBwBWBTBQBDA7A3AvAZAgAXASAMAJADABBLBeBsBmBVBZBNBBBBA5AmAmAlAUAWAQALAFAE
2927101001001,BkBqBpBnBcBbBJBFA9AvAjAWAYAaAPAMAFAEABBgBhBtBjBgBXBTA/BDAuAgAgAkAbARAOAFAFAD
2927200003001,BMBkBrBiBZBRBGA8A2AwAuAfAbAbAYANAQAFACBGBkBnBhBTBRBIA+A7A1AuAvAwAcAaAXAMAHAK
2927309001001,BNBeBjBkBgBfBVBDA4AxAoAjAXAYATAHAGABACBRBcBeBiBaBiBWBEBEAzAxAkAcAdARANANAKAE
2927408005001,BNBcBmBfBgBvBiBOA+AwAoAjAWARAIAHAJAAAABVBYBeBaBkBxBiBMBAAzApApAbAMAFALAGAAAD
2927408005002,BHBQBcBYBZBpBdBRBFA4AuAeAaAMANAEABAAAABIBMBZBbBfB1BtBZBNA/AzAnAdAWAJAIAFAEAA
2927408005003,BCBHBYBWBdBnBXBJA9A+A7AnAWAPAGADACAAAABEBFBTBTBiB0BjBTBTBTBLAsAaAVARALADACAB
2927408005004,BKBTBlBbBeBmBeBIBCAzA2AXAXANAGAKACADAABLBTBZBdBkBvBlBPBNA9A6AeAdARAMASAEACAA
2927408005005,BNBYBhBbBdBlBkBPBIA2AnAiARALAIAJABAAABBJBQBeBgBeBvBwBXBOA+AoApAcAKAHAIAEABAB
2927408005006,BCBNBaBRBYBkBdBMBCA+BGATAUAOANADACABABBBBLBWBXBbBwBrBZBVBJBHAoAeAVARAFAFACAA
2927408005007,AyA3BCBHBQBeBUBIBIBHAyA0AhAVAQAKAEAFABAvA0A9BKBjBuBkBaBdBWBEA/AmAgAiAbALAGAB
2927408005008,BEBHBXBYBVBhBaBRBIA+AuAcAWAQAPAHAEABAAA+BHBWBTBfBqBoBiBRBJBCAfAeAYAYALAKABAD
2927408005009,AzA3BEBKBVBYBOBDBGBGA3AvAkAWAOANALAFADAxA1BFBJBWBlBaBSBYBTBGA8AyAgAdAgAZALAI
2927408005010,A0A7BEBMBXBgBWBCBDBAA8ArAdAaAQAJAEAFAAAyA3BCBLBdBxBjBTBSBSBSAsAnAjAlATASAHAJ
2927408005011,AmAlAtA1BRBdBPA8A6BBAzA6AuAnAaAKAVAHAAAqAlAtA5BfBtBfBSBNBTBUBGBHAlAzAkAeAaAG
2927408005012,A9BFBSBPBZBuBiBLBCA2A1AgAbARALAHADACAABABIBQBSBkB7BuBYBMBHA9AsAmAQARAMAHAEAB
2927408005013,AnAsA2BFBrBgBWA9A+A7AzAvAoASAQANAJAIABAtArA5BOB7ByBbBKBOBOBNA3A2AhAhAgAUAUAP
2927408005014,BBBIBVBXBfBsBgBLBBA0AwAmAVATAHAEAEABABBABKBYBaBnB3BwBWBKBDA/ArAhARAKAKAEACAB
2927408005015,A+BEBOBOBaBkBfBOBJA9AtApAdAMAMADABABABA9A/BKBOBmB1BsBfBUBKAvA9AqATAWAIAKAFAC
2927408005016,AzA5A/BEBYBgBYBJBDBBA1AuAgAXAQAJAGADABAzA0A8BJBhB0BrBbBUBRBLA2ArAeAbAWARAJAD
2927408005017,A5BBBLBNBWBjBVBIBIBAA1AoAbATANAKABAEACA2BBBLBRBcBpBnBVBRBTBFAwAkAdAbAUANAKAD
2927408005018,A1A2A/BDBWBnBuBVBKA4A2AhAtAPAKAIACAAAAAuAwA7BHBlB9B4BkBVBJBDA6AlAkAVAPAKAGAD
2927408005019,BDBLBYBTBdBlBYBKA/A4A2AmAaANAKAEADAAAABIBLBXBWBjBtBnBWBNBHBCA0AeAUANAKAFACAB
2927408005020,A5BABLBMBbBqBgBJBGA7A1AfAcANAQAGAFADABA0A7BHBNBnB7BsBYBQBJA+AxAlAiAVARAMAIAE
2927408005021,BKBQBZBUBZBmBkBSBFA3AvAgAaAQAGAEABABAABJBPBaBZBiB1BwBcBLA/AwArAeAKAOAHACABAC
2927408005022,BCBMBUBXBbBjBbBTBLA8AsAcASASARANAAABAAA9BIBYBYBcBkBjBcBWBFAvAqAlAZAVASAHADAB
2927408005023,AxA5BJBPBXBnBQBIBEBLBAApAZAkAOAMAKACABA2A+BABJBfBkBrBJBIBOBMAtAvAbAWAdAOAIAF
2927408005024,AgAoA3BGBhBhBQA/BBA8A8AqApAZAPAQAKAIADAdAoA2BLBuBsBfBSBRBOBHBDAvAvAlAuAVAQAP
2927408005025,A6A/BMBJBQBYBXBPBGBDA0AxAgAXANAOAHAFADA5A8BGBRBXBlBjBMBSBMA8A7ArAfAcAUAPAIAI
2927408005026,BBBHBTBVBWBhBYBIBMA/AwAjAWAMAOAFADABACA8BBBWBWBfBrBqBbBYBKBFAhAhAWAVATAKADAD
2927408005027,A2AuA1BBBZBjBdBJBBBBA9AuAfAZANAMAGACAAA1AvAzBGBpB4B0BeBTBTBGBJAtAjAWAPAOAGAD
2927408005028,BDBIBTBUBVBgBXBGBDA8AtAlAZAVAJAHACAFAAA8BFBQBSBbBuBnBZBSBPA8AvAlAZAKASARAJAL
2927408005029,A0A7BMBMBYBmBaBLBFBCA2AjAZARAHAIALADACA5A5BNBLBfBxBjBfBaBJBDAzAyAVAZAQAMAKAD
2927408005030,BLBUBgBcBiBmBXBGA8A0AwAhAXAMAIAFAEABABBJBPBdBgBpByBkBQBDBAA6AtAbAVALAIAEADAC
2927408005031,BCBJBUBSBWBlBeBNBJA7A0AdASAVAMAFAEABAAA7BEBQBXBgByBtBbBSBHA2ArAgAWAUAPAKAFAE
2927408005032,BFBDBRBOBSBhBZBMBEA6AyAnAXASAKAIAIACAAA7BFBMBVBdB0BqBWBQBJBJAlAgAgAWARAOAGAB
2927408005033,BGBcBiBoBgBkBUBSBDAxA2AqAjARAMALAJACADBEBSBaBUBUBaBXBFA8A9AtApAhAaAaANAKAEAC
2927408005034,A4AuA4A/BcBkBdBGA9A+A0A5AuALAPALACACAAA1ArA1BDBpB6B0BZBTBWBUBBA7AXAVAJAUAEAG
2927408005035,A/BFBPBQBcBiBdBJBFBCA7AoAaARAKAFAFACAAA/BDBNBTBkBwBoBWBTBLBGApAdAWAOAPAIAEAC
2927408005036,AyA8BIBMBUBhBUBDBEBBAuA2AcASAPAPAFACAGA1A5BIBLBaBtBjBUBXBQBGA+AqAiAbAVAQAJAD
2927408005037,BCBLBgBWBYBiBZBMBFA3AsAjAaAPAJAGAEABAABDBNBaBfBjBwBqBXBQBAA4ApAaAZAOALAGAEAA
2927408005038,A4BBBSBRBZBeBXBFBIBAAxAoAZAOATALAEADABA5BABOBRBdBoBjBVBZBOBAA1AlAgAYARANAFAC
2927408005039,A/BFBQBTBmB4BrBTBEA3AtAoAaAPALAFAFABAABCBBBQBRBgByBsBWBJBCA6AtAdAYAOAIAFAEAB
2927408005040,A8A8BJBIBnBzBhBLBFA5AxAmAcARAHAFABABABBAA7BFBRBtCABzBXBWBIBKAmAjATAOAIAEAGAD
2927408005041,AnAsA5BFBeBnBOBBA4BAA6AwAjAaAZAPAMAFABAmAoA0BEB0BuBVBFBNBQBKBCA2AoAlAjAgAUAN
2927408005042,A8A7BJBMBXBgBWBKBLBBA6AfAWAWALAKAJADAAA9A7BHBPBfBtBnBeBXBPA+A3AkAgAVATAOAEAD
2927408005043,BSBfBoBbBaBgBiBSBCA2AlAjAOARAIACACADAABRBcBpBeBdBsBoBXBKA4AuAfARARAFADAIACAB
2927408005044,BIBSBcBcBZBgBYBOBCA6AxAhAXATAQAHABACAABMBOBbBbBfBkBiBXBKBCAxAtAdAUAQANAEACAD
2927408005045,BOBFBaBUBbBnBhBPBKA4ApAjATARAIAEAAAEAAA/BKBQBaBjByBuBZBVBAAsAyAbAXAOALAIAEAC
2927408005046,BGBPBZBYBbBmBWBHBDA6AtAoAXANAJAIADADACBGBNBYBcBjBtBhBSBOBGA6ArAeATATAKAIACAB
2927408005047,A/BFBQBOBgBqBlBTBJA8AxAcAYAMAJAIAFADABA9BDBQBSBkB6BzBcBSBBA4AnAgAVAUAHAEADAB
2927408005048,BLBMBaBaBZBjBWBQBIA6ApAkAcAOAEADADACABBMBLBcBYBgBtBpBeBMBDA0AtAWAYARAHAEADAA
2927408005049,AyA6BFBIBZBwBaBFA8BEA/A2AnAPAWADAFAFAAAxA6BFBGBoB5BlBUBPBRBOA7AmAZASAHAJAEAC
2927408005050,AsAnAuA+BXBaBNBAA7BAA5A+ArAjAWANAIACAFAoAnAtBFBsBzBoBSBOBZBVBJA0AyAkAUARANAH
2927408005051,BABKBZBWBZBlBaBLBIA6AvAmAfAOAIAIAGADABBCBLBWBYBZBtBmBXBQBDA0AvAgAUAUAQAIAFAB
2927408005052,AuApAvA8BYBiBcBIA/BBA8A1AnASAVAQAAAGACAlAnAtBBBnB6BrBYBSBWBTBGBCAhAhATAUAFAM
2927408005053,BABIBZBSBWBiBbBYBKA5AjAkAUAUAMAJAEABAABDBGBTBVBeBtBuBhBWBCAzApAdAaAWAKAGAHAB
2927408005054,BCBFBPBSBUBhBZBNBNA9A0AiAUASAOAJAFABAAA7BBBRBVBdBuBpBbBXBIBIAiAeAgAUAQALACAE
2927408005055,BSBSBdBaBYBoBmBUBJA6ApAfAOAIAJACAEAAABBJBQBZBZBjBzBxBcBPBAAtAhAYASAIAFAFADAA
2927408005056,BSBMBjBYBfBrBgBKBCA5AiAmANAPAJAEABABAABKBTBhBbBmBvBwBUBMA+A1AfAcAXALAGAEABAA
2927408005057,A6A8BFBLBnBwBbBLBCA/A+AoATALAIADADAAAAAzA6BIBUB1B7BtBbBZBUBQAuAkALAOACAGAGAD
2927408005058,BTBWBdBZBbBlBgBTBFAzAtAdASAOAFADABABABBJBTBaBbBjByBzBcBMA6AyAlAVATALAFAEABAC
2927408005059,BIBPBWBTBeByBsBUBEA5AsAhANAWAEACACACABBKBOBTBUBiB/BxBYBMBCA3AdAWALAKAHAIABAC
2927408005060,BGBEBTBRBRBdBXBQBHA8A0AgAaAWAGAKACACAABEBHBRBRBcBrBkBXBUBMA0A2AjAaAcANALAJAA
2927408005061,BJBEBOBNBdBnBkBUBQA+AuAiANAPACAGAAAAAABDBGBNBPBpB6BzBoBYBLAnA5AbAQAGANACACAC
2927408005062,BNBdBMBJBSByBpBUBNAvAkAXAfAQAPAGACABAABOBOBKBABpCKBxBaBIAxA4AlAmAZAIALACABAA
2927507001001,BRBhBsBbBVBTBOBDA9AwAmAeAhAaAQALANAGAFBKBZBqBbBSBaBSBDBAAyAvAnApAaAfAQAIALAK
2927606001001,BbBjBxB2BeBQBLA7A7AwAqAcAcAbAeAMAGAGAJBVBgBsBoBaBPBBA9A3AwAlAgAkAYAVAOAKAEAE
2927705001001,BkBtBzBhBZBXBUBGA6A1AkApAfAUAFAJAFAEAEBjBoBtBfBaBaBUBGA6AyApAfAaANALAGACACAD
2927804001001,BDBVBdBfBtBlBbBAA9A2AyAgAjAaAVAWAIAFADBHBTBbBVBlBXBKBAA7AyArAnAiAeAbASAMAFAC
2927903001001,BIBTBrBlBgBQBKBAA/AvAzAjAeAaAOAOASAIAIBFBLBgBiBWBOBMA/A/A1A0AnAjAhAYATAVAMAR
2928000003001,BJBbBfBgBhBWBbBFA+AxAsAdAfAdATAHAFAHAFBTBdBmBoBfBaBUBEBBAyAqAkAiAYAQAKAIAJAD
2928000003002,BTBcBmBiBdBUBKA7A6AyApAkAnAcAVAKALABADBOBgBlBpBbBUBKBCA+A1ApAoAkAbAdAMAMAHAD
2928059001001,BMBkBwBtBbBPBMA6BABDA1ApAmAcAUAVAPAGACBNBlBrBjBUBEA+A2A8AzAzAeAZAZAQANAOAFAB
2928109003001,BGBRBeBYBYBXBPBOBCA+A2AeAlAcARALAMACAFBDBJBWBcBYBcBYBKBEA5AzAoAcAkAOAbAMAJAG
2928109003002,BZBgB1ByBkBWBFA7A3A0AjArAjAZAOAQALACADBQBfBwBuBUBPA+A4A0A0AoAtAbAYAZATAMADAB
2928208001001,BNBZBpBnBVBOBHBDBCA6AwAnAmAkATAPAOAEADBOBWBbBkBLBIBHBBA6A1AxAsAhAiAfAVALAHAF
2928307001001,BUBmBiBkBQBNBEBAA7AsAiAnAgAiAUAOAIAGADBOBWBiBdBWBLBNBCA+AxApAyAiAmAaAbATAVAG
2928406001001,BVBiBzByBjBVBIA8A2A3AxAlAhAWAWAMAIALACBTBWBnBpBWBQA+A3AzA0AqAoAjAbAeAKANAEAD
2928505001001,BCBaBsBuBVBNBJA/A6AwA1AdAdAkAUAQAUAKAIBGBWBkBbBSBGBNBAA6AzAnAuAjAiAhAdAWAIAF
2928604003001,A/A/BZBNBQBbBSBMBDBCA1AnAdAQAZAKAIADAAA7A+BVBLBUBlBdBZBLBKA/A0AoAoAcAUAOAGAF
2928604003002,BPBRBfBbBWBYBSBDBAA3A0AlAVAUAPAJAMAEAFBJBXBkBcBeBgBTBIBCA4AtA0AnAeANASAQABAE
2928604003003,BSBPBgBiBeBdBWBGA7A0AvAiAZAcASAKAEACAABJBOBiBaBeBfBYBLBDA6AxAuAfAgASAQAKAGAE
2928703003001,BDBMBNBNBVBfBaBDBDAyAyAeAeATARAKAEADAABCBHBZBTBoBvBnBVBRBBAoA2AiAXAZAXAOAJAF
2928703003002,BPBIBUBSBlBxBWBJBBA3AmAdAYAUAGAIAEACABBLBNBTBaBzB0BhBRBIBAAvAtAWAaASAKALACAF
2928703003003,BNBLBUBXBjBiBXBIBBA3AmAnAUARALALADACAABLBLBXBaBqBrBjBYBPA8AzAlAfAQARAJAPAJAG
2928703003004,BHBLBcBZBhBhBZBQBEA2AqAeAbALALAKAGAFAGBHBJBaBeBlBoBgBWBLA/AwAjAdAWARAUALAEAB
2928802003001,BQBUBoBrBeBeBDA8A2AqAoAgAcAWARAPAGAFADBQBVBhBtBmBmBJBEA6AyAuArAlAbASAXALAKAG
2928802003002,BWBcBsBrBjBaBFA2AwAvAnAfAUAZAQAIAHAJACBQBUBnBtBqBjBPBCA4AzAxAkAcAeAVASASADAE
2928901001001,BdBkByBrBvBqBWBIA6AzAoAfAWAUAQAIAIAFACBkBfBwBoBjBZBJA5AwApAdAjAYAQANAKAEABAC
2928950001001,BIBRBTBTBVBTBXBGBCA4AsAuAlAlAYALAOAIAGBHBMBWBNBYBfBTBDBGA5AzAuAtAkAVALAMALAD
2929008001001,BABHBfBdBuBuBXBJA5A3AwAjAbASANAJAGAEABBEBFBaBhBgBkBjBIBABAAzAtAeASAVAQANAHAD
2929057001001,BXBkBlBqBcBYBRBCBAA0AkAjAaAVAQALANADAFBTBiBiBlBfBaBQA/A7AxAsAjAeAXATAMAIAGAF
2929107001001,BFBMBbBgBXBfBbBJBFA3AzAhAoAVAQAPAFAGAGBCBGBdBeBWBdBRBHBCA5A0AkAdAcAWAiAOAHAI
2929206003001,BaBWB0BeBaBgBcBMBDAwAsAdAUAMAMAEAFAAAEBRBWBlBfBcB0BiBQA+A4AkAjAdAPAPAHAGADAB
2929206003002,BIBaBpBlBmBcBfBFBDAwAnAcAYAMAJAFAIACAABMBPBmBlBcBrBoBNBHA6AnApAaATARAIAEADAF
2929255001001,BVBlBsBnBeBbBUBDA6A0AtAhAjAcAUAIAFAEAFBVBdBiBgBWBVBOBCA6AyApAiAhAVARAQAKAEAD
2929305003001,BcBcBjBYBeBkBaBNBAAtAnAYAQASAPAOAJABAABTBZBjBZBjBnBnBLBDAwAsAcAbAZAMASAFADAE
2929305003002,BIBSBYBaBjBdBPA/A8AxAnAiAbAYAXAQACADACBIBQBbBYBmBkBRBHBDA7AzAqAhAhAaAfAKAJAI
2929354001001,BRBsB0ByBJBTBEA1A7AnA1AnAnAhAXASAJAGACBTBeBoBjBbBLBJA5A5AwAwAsAcAXAUATAOAEAE
2929370001001,BSBbBpBpBWBPBEBCA9AwAsAkAfAmAcALAKAHAEBSBdBjBbBSBRBLBAA2A6ArAnApAfAQAOAQAMAH
2929404001001,BJBbBmBpBSBVBPBGBFA9AyAhAoASASAXAIAFADBJBZBfBdBOBQBTBDA9A0AvAqAgAfAZANAOAGAE
2929503003001,BFBZBsBqBeBcBYBGBBA3ApAsAcAZAaAIAIADACBABOBeBgBcBdBWBEA7A2ArApAfAZAYALAKAEAD
2929503003002,BKBTBbBTBYBjBdBKBBA1AwAkAXAQAPAFACAEAEBMBLBWBWBlBuBtBRBHA9A1AqAaAdAPALAIACAC
2929602001001,BKBRBcBjBfBaBMBCBCA0ArAhAeASAYALAHADABBGBTBdBfBgBaBQBLBFA3AvAsAhAhAbASAQAIAG
2929701001001,BLBiB1BvBeBPBOA9A4AvAjAlAhAgATANANAHABBOBhB0BlBaBNBGA6A4AoAnAnAnAYAXAWALAHAE
2929750001001,BSBMBYBVBUBZBVBNA9A8AsAwAdAUAZAOACAHADBHBQBYBSBSBUBVBHBGA7BAAtArAcAcAQAQAGAF
2929800001001,BbBYBjBbBXBSBPBFA7AvArAuApAfAZANAHADACBRBXBQBYBXBaBIA/A7A3A6AiAlAjAcAQAMAHAI
2929909003001,BTBdBiBcBZBYBUBBA6A1AmAkAiAQAOAJAHAGAABSBbBcBcBrBdBeBMBKA7AyAbAhASASALALAJAA
2929909003002,BVBlB4BtBaBSBIA/A3AwAlAnAfAbASAMAGAEADBNBkBuBjBUBRBEA8A3AvAqAlAmAYAdARAOAHAG
2930006001001,BABJBhB5BoBgBMBAA9A7AqAsAeAaAdALALADABBGBOBlB0BnBUBDA6BAA4ApAsAhAXAXAKAFAFAF
2930105003001,BZBiBaBXBXBXBPBKBBAyAoAnAYAVAIAMAHAFACBOBJBaBbBgBZBbBWBLA7AsAoArAVAVANAMAKAC
2930105003002,BYBcBuBcBZBbBQA+A7AtAuAkAiAXAcANAHAGACBTBZBnBcBWBVBHBAA8AxA3AdAeAkAbAPALAGAG
2930105003003,BPBSBjBbBRBSBQBKBDAzAlAoAaASAVAIAHAGACBHBSBgBXBTBdBbBSBMA9AwAuAoAcAUARAOAFAG
2930105003004,BFBVBcBbBRBOBNBFBDA0AzAiAoAbAVAKAIADAIBMBTBXBbBaBWBUBTBKA7AwAvAfAeAUAVAMAKAF
2930154003001,BfBnB7B4BhBTBFA9A3AuAnAiAcAgAVALAMABADBXBmBzBuBTBPA/A3AyAuAhAoAaAbARATAGADAD
2930204003001,BpByBzBrBeBbBOBAA6AvAtAfAZATAVAIAEACADBgBqBtBiBcBVBIA6AxAuAlAhAYAXATAHAHAFAC
2930303001001,BPBVBjBpBcBdBQBDA4A7AuAoAgAdAbAPAMAGAABMBRBiBmBRBXBGA9A5A3ApAqAmAcAVAQARAEAF
2930402001001,BHBWBpBxBfBMBAA+A5AuAmAlAdApAWAQAKAOACBDBUBfBkBUBNBKA3A+AvAwArA0AhAhAYAPAKAK
2930501003001,BWBfBxBnBvBqBTBEA6ArAnAeAfANAMAMAGADAABTBhBsBjBjBZBNBEA6AtAgAoAdAYAJARAHAEAD
2930501003002,BTBlBpBiBiBdBPBDA/AvAsAZAZATALAOAIAAAGBJBXBhBhBkBgBbBEA+AxAqAkAhAaAYAPAKAIAB
2930501003003,BPBYBsBiBlBhBSBGBBAtApAcAdASATAMAHABACBMBVBjBgBmBdBYBMBDAwAwAgAVAiAQANAIAGAG
2930501003004,BJBMBZBZBdBfBUBEA9AzAqAhAdARAWAOAHAGACBHBOBWBcBqBoBeBQBCA7A2AiAjAlASATALADAE
2930600001001,BGBPBdBjBeBSBGBCA/AzAjAsAjAjAbANAPAGACBRBRBZBbBXBWBJBFBBA4AuAyAnAoAdASAIAFAI
2930709003001,BUBZBpBhBjBiBXBMBBAyAmAiAWALALADACAEAABYBYBiBgBlBsBaBUBFA2A5AXAeAJALAFAGACAD
2930709003002,BVBhBtBhBZBkBYBKBBAzAtAfAaASAMAFACAAAABTBZBoBgBZBjBfBQBDA2AyAgAXARAHALAFAAAB
2930709003003,BUBTBbBaBZBfBfBYBIA4AqAcAeAOALAEACAAAABIBRBZBUBbBuBqBaBOA4ApApAeAUAKAIAKAHAB
2930709003004,BaBpBqBpBmBpBhBLA8AsAfAoAVAOAPAEADAAAABeBcBsBhBkBmBZBGA1AwAjAfAUALALAMACADAC
2930709003005,BVBPBgBUBaBkBfBUA8AxAvAbAZAOAJADAHAAAABVBTBcBdBnB2BrBTBFA6AxAkAXATANAIAFACAB
2930709003006,BWBaBkBbBgBmBeBNBAAyAmAoAXAKALAHAAABABBWBOBiBdBnBqBnBVBBA9AxAeAWAPAMAGAFAEAA
2930758001001,BuB1B2B1BeBaBNA3A6AwAnAiAZAVARAKAHACABBcBwBqBtBYBaA/AvAxAwAoAaAXAYASAMAGACAD
2930766001001,BJBdBqBuBXBHBFA9BCA0AsAqApAiAVAOAIACAGBLBbBvBqBcBIBCBGBAA1AjAxAhAcAdAMAGAHAG
2930774001001,BUBkBrBeBaBRBSBFA4AuAkAmAeAeARALAGABACBTBgBqBgBSBTBaBKA6AxAzAoAkAZAUAPAIADAE
2930808001001,BUBoB3BxBdBTBIBBA+AuAnAeAaAhASANAJACABBVBpB5BiBUBRBDA8A0AwAmAkAfAZAYAMAJAGAH
2930907001001,BYBeBrBsBeBVBJBFA/A5AwAkAgAaAXARALAGADBSBRBdBnBWBSBBA7AyAyAnAvAdAeAaASALAGAE
2931004001001,BCBSBbBhBYBgBPBHA+A3AyAnAiAiAYAVAHAGAFBIBMBZBfBTBcBKBABCA5AuArAmAgAaASAMAFAE
2931053001001,BPBcBmBoBgBYBEA/A+AzAoApAkAYAjAKALADACBOBaBfBlBYBPBGA/BBAxA1AjAkAiAVARAHAHAD
2931103001001,BJBaBeBdBUBjBUBBA6A0A0AjAkAXATAQAIAIAFBFBSBaBSBUBdBEBJBEAzA3ArAuAjAVARAQAHAG
2931202001001,BgBvB1BsBjBbBNA6AzAzAuAeAXAWAQARAGABACBYBjBwBnBdBaBHA8A2AuAoAjAeARARAJAKACAC
2931301001001,BmBlBxB1BpBgBJBCA3AsAiAdAXASAOAKAEADACBZBdBxBxBhBeBMA7AyAxAkAfAeAPASAMAKAFAC
2931350003001,BQBWBaBkBoBfBNBCA/A0AuAjASAWAQALAIADAEBVBLBdBrBkBeBSBKBDA6AyAoAbAfATAKAIADAC
2931350003002,BVBlBoBmBWBWBNBDBBA4AoAxAoAUAUAQAJAFAEBTBcBhBeBTBVBHA/A7AzAkAxAfAYAcANADAEAC
2931350003003,BZBdBlBjBlBmBTBJBCA3ApAfAYAPAKAJAEADABBZBgBjBiBiBhBZBOA+AzAsAbAZAQAKAKAHABAD
2931350003004,BeBnBoBeBYBiBRBIBEAyAmAfAQARAQAKAGAEAFBjBjBpBiBhBfBWBDA8AvAfAnAYAbAKAGAHACAE
2931350003005,BJBVBZBSBZBbBWBGBABAAyAkAXAaAPAJAIACACBOBSBWBdBkBqBVBOBLA/AvAvAdAWATAKAJAEAE
2931350003006,BJBWBaBdBaBaBOBEBBA7A1AiAcATAOAMAHADAABNBRBZBiBiBiBaBNBGA9AwAxAfAXASAMAKADAF
2931400001001,BFBcBmBmBeBPBKBDA4BAAoAiAXAYATAMAQAEAGA6BVBQBkBaBSBTBHBEA2AnArAvAlAiAaANAGAG
2931509001001,BbBlB6BzBhBWBJA6A9AtAmAcAeAaAKAOAHACABBPBlBsBrBgBTBNA9A9AwAoAdAiAYATANAJAFAA
2931608001001,BVBoB4B0B1BcBPA9A5AyAoAqAYAWANAMAGACABBWBbBoB1BlBZBNA2AxAzAfAmAUAUAPAHAEAEAC
2931707001001,BEBdBuBkBUBYBOBDA9AvAvAjAXAZARANAKAEACBCBZBjBiBTBbBWBEBDA3A8AdAkAbAZAZANAFAF
2931806001001,A9BIBcBpBRBQBDA5BCA4AxAwAsAlAiAdAKAJAFA6BOBgBjBRBMA7A7A8A1A7AqAvApAjAWANALAJ
2931905003001,BLBjBuBtBYBUBKBEBCAxAtAhAnAdAZAPAKAGAEBJBdBqBjBUBKBEA8A7AsAnAoAhAlAcAKALAKAG
2931905003002,BNBcBlBjBaBPBPA/A9AyAnAkAXAgATAKALAOADBPBdBmBmBcBUBMBFA/A0ApArAtAcAVAOALAFAE
2932002001001,BLBdBkBmBNBOBJBCBAA7AwAlAfAhAWATARAGAFBIBQBiBkBLBNBIA/BAA3A2AfApAhAgARANAKAG
2932101001001,BFBYBeBkBfBaBLA+A+A1AvA1AmAWAUAXALAGAGBNBXBcBjBUBWBFA5A3AzA5AmAiAdAZATARAGAC
2932200001001,BUBaBpBlBbBWBKA1A0AuAxAmAjAdAHASAKAIAABVBdBgBrBfBcBIA/A+A4AzAlAkATATAQALAGAH
2932309001001,BVBhBsBgBaBXBGA7A3A3A3AgAiAYAWAUAHADABBKBaBkBoBaBYBOA+A2AzAwArAlAXAaAQAIAFAF
2932408001001,BHBRBcBeBXBZBPBIBHBAA5AkAtAbAYARAJAFABBKBMBeBTBPBTBHBABLA9AzAlAiAfAZASANAFAD
2932457001001,BQBfBpBwBoBfBaBNA6A2AnAjAWAbAPANAJABACBSBdBvBoBnBaBJA+A6AuAqAYAbAUANAJAFADAC
2932507001001,BcBlBsBmBbBYBMA9A4A8A1ArAjAhAUAKAIACABBXBeBpBfBgBTBGA+AzAyAxAjAcAUAMAFAIAFAE
2932606001001,BFBSBhBtBnBWBKA8A+A5AsAuAlAbAVANALAFAGBEBQBdBkBeBZBDA9BAA0A0AkAsAXAXAOAHAIAM
2932705001001,BOBdBgBkBeBYBMAzA2A1AxApAkAeAaALAJAGACBRBfBlBlBdBbBMA8A7A2A9AdAaAgAZAMAIACAD
2932804001001,BYBnB4BwBUBIBKBBA3AwAoAhAhAZALAKAIACACBXBmCCBwBWBMBFBDA0A0ArAhAiANAQAYALAHAE
2932903003001,BCBHBQBWBZBfBXBGA/A0AoAoAZAkARAEADACAJBDBMBPBcBjBnBXBLBIA6AzA2AnAbAYAdAPAKAH
2932903003002,BBBgBrBqBSBZBOBIA8A1A3ATAeAOAJANAGABACBGBhBoBqBbBlBfBNBGA6AvAnAXAXAKANALAFAE
2932903003003,BfBmByB2BkBWBLA+A+A7A8AcAXAeAXAHAKABAEBQBaBnBmBXBLBEA3A1A2AqAlAdAYARAKAFAHAE
2932903003004,BNBYBhBaBcBYBRBHA/A2ArAlAVAWAKAFAEABABBQBOBeBsBlBrBdBPBGA+A4AhAbATATALAKAHAC
2932903003005,BYBpBvBuBgBaBNA/BAAyAqAhAaAVAMAIAGACADBJBhBwBqBeBeBMBFA/A0AwAeAYASAPAJAIABAF
2933000001001,BJBMBWBYBkBdBUBEBEA7AvAkAhAXAfAMAFADAEBHBLBVBXBkBjBZBKBGA8AvAmAmAeARANAMADAC
2933059001001,BIBaBuBxBeBMBEA+A5A3AqAqApAcAYAPAQAFADBEBSBnBhBVBLBFBAA8A2A1AgAtAhARAaANAGAG
2933109001001,BDBMBWBlBdBMBKBGBGA4A5ArAnAgAXAQAPAFAGBHBIBVBZBTBTBLBDBAAzA0A0AlAnAWAbAQAJAF
2933158001001,BOBUBwBvBbBNBIA+A8A3AvAmArAgAUAMAPAEABBRBVBpBnBTBJBDA9BBA2AuArAeAgAYASAKAGAD
2933174001001,BJBUBgBfBWBWBSBMBJA2AwAhArAUAMAJAQAIACA+BUBiBaBRBaBQBMA+AzAqAtAkAmAaASAMADAK
2933208003001,BJBcBrBZBQBPBRBKBEA6A2AqAsATAVAMAJACABBJBZBpBVBKBSBSBOBEAyAzAvAmAXAKAQANAGAG
2933208003002,BGBZBnBaBTBbBWBIBDA7ApAwAlATARAHAHACACBLBXBhBXBSBYBZBMBIA/A5AnAcAaAVANAEADAB
2933257001001,BKBeBvBpBRBCBIBDBLBCA6ArAhAfAYAYAPAFACBJBYBpBaBABGA8A9A7A4A7AiAoAdAbASALAFAE
2933307005001,A2A5BEBRBdBWBPBFBEBDBDAlAiAVAQARADACAAA0A+BCBeBzBlBfBTBVBTBEA0AqAcATARAIAGAB
2933307005002,BcBfBdBYBeBkBTBCA8AvAuAXAUAbARAGAFACACBTBZBdBhBkBmBYBKBDA3AtAmAdAXAUAOAIAFAD
2933307005003,A/BEBOBMBZBbBUBDBDA3AvAhAcAZARAPAJAEADA/BCBHBXBqBsBgBWBQBCAvA4ApAlAbAWAMAIAF
2933307005004,BWBgBmBYBhBeBUBIA+A1AqAeAdAQARAKADACABBYBfBeBbBeBiBUBIBHA6AyAjAXAcAPAJAFABAD
2933307005005,BMBaBfBdBgBZBRBJBGA7AxAjATASANAFAEAGAABNBWBZBdBiBkBfBQBUBCAzAlAWAXAHAGAJAHAD
2933307005006,BOBTBWBPBbBgBQBMBAA7AuAfAbAXARAGAHAFABBKBPBTBdBjBnBZBUBMBAAyAoAhAeATAQAKAAAB
2933307005007,BTBdBfBRBYBaBUBMBDAzArAiAXAWAPAKAJAEABBRBYBdBZBjBkBiBQBFA4AoArATAaAVAMAHAGAD
2933307005008,AmAwA6BLBmBfBGA5A+A9AtAvAgAhAaAPAIAJAHAmAuA3BeCABvBSBKBLBMBGA1A7AnAkAkAWAIAJ
2933307005009,BXBfBjBdBdBeBdBJBCA2AoAYATAVAHAKABACABBbBmBgBeBiBvBbBVBIA5ArAbANATANAJACAEAC
2933307005010,BNBYBZBVBaBZBVBGA+A2AlAkAdAWAOAHAIAEACBLBQBVBYBhBlBnBQBGBBA2AhAiAaAYARALAFAF
2933307005011,BUBdBaBXBdBfBWBIA8AyAtAaAaAUAMAOAGACACBSBaBeBaBkBkBbBKBCA7AxAjAiAVATAMAKAHAE
2933307005012,BWBjBiBkBbBVBTBEBDA3AkAuAaAjAaASAGAEABBCBZBkBgBSBSBLA7BAA0AeAuAgAgAfAOAMADAC
2933307005013,BSBfBqBmBbBUBHBDA+A1AvAjAbAiAgAIAMAEABBLBdBlBoBWBOBKA7A7AwAlAzAlAfATAQAIAHAB
2933307005014,BNBoB1BtBcBKBMBCA+A8AuAhAhAgAXAKAIAGABBRBfBrBrBRBNBFBBA6AxAkAtAbAYASALAEAJAI
2933406001001,BQBjBxBnBmBWBEA/A6AvAlAiApAXAWALAGAGACBPBZBzBsBeBNBPA7A0AvAsAdAnAaAaATAGAFAH
2933455001001,BWBfBwBpBkBaBJBDA8A4A2AkAjAXAWAQAGAEACBTBWBrBjBUBTBCAyA7A2ArAqAeAcASAQAGADAE
2933505001001,BaBoB0ByBpBcBGA9A6AwArArAYAXAPAPAIACADBeBkBxBqBjBVBEA5AyAsApAiASAXAKALAIADAB
2933604003001,BnB2CMB5BaBPA+A7A0AxAmApAiAOARAIAOABABBsB4B2BxBUBGA2A0AxAtAoAUAhANAUAGANABAB
2933604003002,BRBeBtBuBbBTBGA5AyAsAnAiAZAXATANAHAHADBbBcBtBzBfBTBHA8A5A4A1AiAjAdAdATAJAEAC
3100104001001,A9BBBTBOBEBNBIBRBTBNBDA2AzAoAZATAHAGABA+A4BRBLBHBPBPBMBTA9A0BFA2AgATANAKAJAC
3100203001001,A6BFBWBSBSBKBFBGBJBJA+A4ApAkAYALANAKADA6BDBSBRBPBKBIBHBQBLBBA3ArAlAdAOARAIAE
3100302001001,BCBOBdBfBKBMBNBABHBEA4A2AoAZAcAUAJAGADBEBMBWBXBNBOBJBIBDBAA2A1AnAkAiASAMADAC
3100401001001,BFBEBmBeBMA+BABUA5BAAyApAnAqATAQACAQACBEBCBeBgBEBUBQBHBJBDA4AsAfAoAmAZAQAKAG
3100500001001,BFBYBzBmBLA/BDBCA+A/A4AqArAhAbAXAPAGAEA6BLBqBYBFBGBBBEA6A1A4AtApAlAWAhAbAFAG
3100609001001,BMBnCCBzBSBDBFBEA9A4AkAzAiAVAXAOAJACADBMBiCBBnBMBABEA4A4A0ApAsAdAgAWASAGAGAD
3100708001001,AzBHBHBqBVBVBCBBBOBLBFBFA5AgArAUAHAEAFAsA9BMBEBXBKBLBRA8A5A/A2ArAZAWAXAOAGAF
3100807001001,A/A/BbBTBHBJBPBABKBKBFBBA2AbAdAQAMAKACBABABZBKBKBKBIBFBJBCA/A3AyAlAZAOAGAKAE
3100906001001,BKBiBjBnBQBXBFBAA9A5AwAnAnAfAaARAKAEADBHBZBnBjBNBKBBBGA4A2AtAsAmAiAfAVAJAGAH
3101003001001,BLBkBpB0BkBPBIBAA2A3A0AoAjAaAWAOAHAHACBLBXBqBkBSBIBEA9A7A5ArAsAhAhAZAOAGAFAF
3101102001001,BBBIBSBWBLBHBJBFBABCA1A2AoAjAgAQAJAGABA9BLBWBRBMBMBOBIBIBEAyBAAhAtAkAiAOAHAD
3101201001001,A0BKBWBXBMA9BKBJBSBLBHA8A0ArAZAeANAEACAzA8BKBTBHBEBGA9BGBJBFAzAqAkAaAgARADAD
3101300001001,A0A9BcBTBKBGA6A+BUBhBZA8A0AXAiAXAQAFAEA4BCBXBUA4A9A5A3BLBTA7BBAqAkAeAYAMAHAG
3101409001001,A5BDBcBXBJBZBZBVBIA+BGAvAeAsASAaAIAGAAA5A9BeBZBPBIBBBdA+A3A1A3AcAlAdAbAPAEAC
3101508003001,BPBSBfBXBRBTBOBEBHA/BHAkAfAcATAPAIACABBHBMBcBYBQBLBMBMBDBBA6AwAsAaAaAOAIAFAI
3101508003002,AzA+BPBOBCBKBHBDBFBIBIAuAqAaAaAWAFAIAEA4A+BHBNBFBNBNBMBNBTA/BLAtAqAqAiAWAIAD
3101607003001,BHBLBSBXBVBUBVBKBIBIA5AwAbAaATAHAGABABA6A/BTBSBdBbBbBOBRBNBFAsAnAdAVALAJAAAB
3101607003002,BBBGBTBXBYBWBTBIBDBDA2A0AnAcAbALAEAFABA8BHBVBVBXBUBRBIBIBGA3A7AmAcAcAVAGAFAE
3101607003003,A/BCBQBXBaBWBLA+A+BBA8AwAoAfAMAOAPAHABA+A/BPBXBbBUBMBKBKBIBPAuAwAaAbAWAPAJAD
3101631001001,BMBWBcBgBVBJBLBJBVBIA3AuAlAfATAJAMACAAA5BFBUBZBOBTBPBPBOBAA2AyAgAbATAUALADAA
3101706003001,BJBVBnBcBXBdBFBKBGA+AnA4ArAoAmAbAGADACBLBaBVBSBKBOBBA8A9AyA0ArArAYAfAVAFAAAC
3101706003002,BDBQBaBaBgBWBOBIA+A+AuAmAeAiAPAQAMABAEBIBOBVBaBgBWBQBGBEA/A0AsAkAWAeAaAMAHAE
3101805001001,BFBeBuBmBLBGBEBMA9BAAuAqAkAgAbAMAMADACA+BKBkBXBIBPBVBGA6A8A4AyAiAlAeAWANAEAF
3101904001001,A+BIBeBcBeBZBMBIBMBGBCAxAoAWAYANAKACADBCBEBYBWBPBOBHBDBIBCA9AvApAYAYATAJADAE
3102001001001,A7BHBSBNBQBQBKBNBFBJA2A/AvAkAgAZAKAFAEA9BLBVBQBNBPBJBFBGA/A+ArAqAhAdATAPAGAC
3102050001001,BLBMBbBhBbBbBWBIBDBAA8AuAoAPAbAWAIAEAABABRBcBJBaBWBIBNBABFArAyAbAdAWARAIAEAD
3102100001001,A5BFBbBdBVBLBFBABKA/A3A+AkAqAcAVAQABACA2BEBaBhBLBABDA/BIBCAyA3A0AlAmAWAVADAC
3102209001001,A8BGBdBlBNBRBGBEA5BEA5A2AmAoAYAaANAHADA/BRBbBTBHBGBIBAA5BDBHAyAqAdAaAaANAMAD
3102308001001,A7BLBZBZBOBOBLBDBFBEA7ArApAgAYAaAKAFADA7BCBXBWBLBKBLBBBFBFA5A2AsAkAdAiARAMAD
3102407001001,BmB+B3BcBJBFA8BAA8A7AsArAYAaAOAJAJAJAABUBpByBwBNBEBEBEA0ArAmA1AYAbAhAHAJAHAI
3102506001001,A9BPBnBdA9A/BLBABBBEA3AzAnAfAhATAVABAAA+BDBfBdBEBMBHBEBHA7A+A0AqAsAhAcAIAIAJ
3102605003001,AxAyA+BLBWBMBOBJBJBCA5BBAqAiAaAWAGAIAGAxAyBBBMBNBSBRBRBOBSBOA2A4AhAuAbATAKAC
3102605003002,A7BKBcBRBaBcBLBTBPBNA7ArAlAXAaAVAIAEABBCBHBTBEBXBRBOBPBWBDAyAtAiAYAZASALACAA
3102704001001,BMBZBqBeBPBJBHBABBA8A5AkAnAgAlAKAMAEAEBIBjBpBhBKBHBIA9A/A0AxAqAmAjAbARAIAEAH
3102803001001,AzBEBNBSBCBHBSBJBQBGBCA6AyAfAdAVARAEABA6BGBPBPBBBKBJBLBFBKA6BBA3AlAbARAOAKAD
3102852001001,BQB0CLBuBSBLBLA6A3AsAjAhAbARAXAHAFACACBXBtB+BwBdBUBBA9A6AsAfApAbAbATAKALAEAE
3102902001001,A9BJBWBdBRBKBQBMBJBLBCAmAsAiAQANAJAEAAA4BDBTBXBQBMBOBXBLBIA7AvAwAaAWAWALAEAG
3103009001001,BNBUBrBpBPBIBJBDBHBFA+AkAcAZAYAOAJAEADBDBNBkBcBUBKBMBIBCA7AsA1AqAeAaAMAKAEAD
3103108001001,AtA+BdBEBKBNBBA/BOBTBFBBAnA0AdAoAWAGAAApA/A1BVBBA9BCBEBFBLBKAxA3AkArAZATANAJ
3103207001001,BBBOBfBUBOBFA+A/BMBGAxAzAoAkAaARAHAAAAA9BHBlBaBQBOBNBGBPBLBDArAjAkAdAeADAHAD
3103306001001,AnBHBNBcBPA8A+A5BQBOBNBFBAAuAQAeAUAEACAzA4BSBTA4A8A+A4BbBIBeAzArAYAqAdAPAGAC
3103405003001,BMBUBjBmBZBXBCBDA5A6ArAsAbAYAbAMAOAJADA+BRBfBoBXBQBKA/A7A8AxApApAhAXAaAYAHAC
3103405003002,BLBVBjBqBaBWBGBDBDA6AxAcAlAaASAOAJAEAFBOBRBhBsBYBRBGBEA+A4ArAqAjAWAgATAJAIAH
3103504003001,BJBOBZBOBWBUBVBMBMBLBMAtAuAnAaANACAFAABABMBVBNBHBRBNBEBHBCAxA7AjAWAQAKAPAEAA
3103504003002,BGBVBVBaBYBVBUBQBLBCAvAxAmARAQAHAFABAABJBVBZBaBYBXBTBVBMBGA/AjAaASAPARAKACAA
3103504003003,A/BEBVBUBZBWBVBOBKBDAzAyAbApATALACADACBDBCBLBRBVBTBXBMBOBHBDAyAsAeAVARAKAFAC
3103504003004,A4A3BGBKBVBOBPBHBNBFA8A0AvAdAbAPAJAFACAtA3A/BLBSBKBOBLBOBRBFA5BDAoAoAUAYAPAB
3103504003005,BBBBBQBRBdBVBRBNBPBMA4AvAhAcARAMAHADACA+BCBMBOBYBXBSBNBVBNA9AvAhAiAXAPALAHAC
3103504003006,A6A4BFBOBXBQBGA/BKBFA4A1A0AZAaAQAPAFADAvA4A7BJBXBNBNBFBPBSBGA9AvAuApAkAPAOAI
3103603001001,A4BGBqBPA5A2BDBRBQBNBNA9AwAZAfAVANAAAABDBIBOBYA2BDBDA+BdBPBBA1AmAnAnAVARAAAA
3103702001001,BDBRBvBqBiBdBbBHBAA6ApAvAgARAZAMAHADACBDBcBaBVBXBVBRBDA5A6A1AjAeAdAaALAKAGAD
3103751001001,BUBLBfBdBhBgBXBTBHAwAvAiAnAaAVAOADABAABNBFBYBcBaBXBgBJBQA5AvAoAeATAPANAFAIAC
3103801001001,AtA1BRBRA8BJBMBSBUBCBBBBA8ApAZAfAQACAIA1A9BIBPAyBABEBdBUBCAxBAA2AdA1ATARAKAA
3103900001001,BMBMBZBQBiBcBWBOBKBBA2ArAZAcAYAPAMABABBKBLBOBUBfBWBKBIBDBDA4AnAfAgAWAPAGAHAD
3104007003001,BJBGBTBXBlBoBNBABCBEA5AzAhAWAZAFAEADACBGBLBRBZBmBeBJA/BFBOA9A1AgAbARAOAGADAC
3104007003002,BLBYBcBZBgBqBoBPBNBBA7AcAQAUAMAIADACAABLBOBVBdBXBnBcBRBPBAAuAhANAYAHAJAGABAC
3104007003003,BIA+BKBVBWBXBRBFBLBFBXAiAtAcAQAIACAAAAA2A6BLBNBZBZBZBRBNBPBGA1AaAjAmAKAOAGAA
3104007003004,AsAyA9BKBSBXBIA/BBBFBBA/ApAsAgAUAIAHACAsAzA+BNBQBTBKBHBKBNBIBLA2AxAtAeAUAJAH
3104007003005,BABEBUBTBkBfBZBKBHBAA6A5ArAWALAPAEADABA/BBBNBVBhBbBTBMBJBDBAA0AjARASAOAHAEAH
3104106001001,BCBGBOBeBuBXBQBFBJA8A/A0ArAhAXALANAGACBIA/BNBSBWBNBIBGBBA9A+AqAjAgAXAbAQAFAB
3104205003001,BBBABQBQBSBZBRBMBOBJBDA0ApAbAQALAOAEACA3A7BJBMBVBXBWBKBRBNA6A+AmAiAQAQAGANAC
3104205003002,A2A+BOBQBfBhBVBJBLBIA+AwAqAaASAKAGAGADA4A+BKBWBUBeBSBMBOBMA6A6AqAWAUAYAMACAC
3104304001001,BDBFBRBXBcBTBOBDBEBDBCAvAqAgAdANANAGACBDBCBHBTBPBTBQBBBIBEA8AvAuAhAhASAOAHAB
3104403001001,BGA/BeBOBTBLBEBABIA4BHAzAqAsAjAeAMAIAHAtA2BLBOBWA7BLA9BMA/BPAjApA8AWAdAcAGAE
3104452001001,BMBmBsB3BLBOBJBCA4A+A5AnAhAaAOAPAJAHADBYBiBrBtBNBNBBAzA9AsAtArAlAZAUAQAMAFAD
3104502001001,BaBmBxBqBNBPBIA/BAA9AyAvAmAYAcAKAJAEACBLBdBmBdBMBQBJA7A6A4A1AjAfAdASAPAIAEAF
3104601001001,BBBABQBWBZBXBNBDBLBDA+AwArAlAPAVAOAJABA8A3BLBTBYBQBRBGBNBKA3A0ArAfAZAVAMAGAH
3104700001001,BFBZBrBqBNBGBEBBA7A9A1AvAmAkAWAWAOAGAEBBBVBnBZBHBDBAA7BAA2A7A2AmAqAiAVAJAGAG
3104809001001,BJBaBiBeBOBLBGBDBHBFA8AjAnAgAfAVAHABAHBHBWBVBiBLBEBKBFA6A9A5AlAiAjAjAPANAHAD
3104908001001,BBBHBRBXBOBNBLBDBGBKBCA1AyAcAdAOALAFACA5BHBMBWBRBSBEBFBHBLBCA0ArAgATAXAVAGAD
3105004001001,BGBOBfBiBKBHBCA5BHBIA5AwAlAnAaATALAFACBABGBPBZBLBJA/BBBDBEBBAyAsAnAaAdAcAHAD
3105103001001,A0A7BLBPBPBLBDBIBRBPBEA5ArAjAcAUAJAIADAtA6BNBNBMBGBEBKBQBTBDA9A0AlAoAXAQACAG
3105202001001,A6BTBfBWBPBKBJBKBGA9A7A2AtAlAbATANAIAEBDBPBbBQBNBDBFA1BLBAAyAyAyAnAcARANAGAI
3105301001001,A7BIBgBfBaBLBRBLBPBEBBAtAmAlAUARAGAHACA9BABRBaBRBVBMBQBEA9BAAlAuAaAaAKAFAGAH
3105400003001,BJBLBdBaBeBdBTBHBBBEAzA0AdAXANAKADAEABBHBIBXBWBfBdBVBJBFBFA/AqAhAQAXAPALAEAD
3105509001001,A8BIBSBUBPBEA9A+BBBGA9A5AkAuAkAZAPAJAHA1BDBXBkBGBBBABCBFBHA6A3AxAmAdAWAXAKAI
3105608003001,BIBLBWBiBYBLBOBMBUBOBLAmAjAYATAKAGACABBJBOBVBfBPBOBMBIBTBHA3ApAoAWANALAIABAA
3105608003002,BJBQBjBlBZBQBYBLBHA8A9ApAjAWASAEAFAFAABGBIBYBUBVBbBVBMBHBBA+AuAjAZAKAUAEACAC
3105608003003,BNBKBeBXBVBOBPBNBKA/BAApAbAaAMAGACAEAABFBJBVBaBUBWBVBSBVBLBFAvAkAaAQAKAHADAD
3105608003004,AlAvA5BQBQBIA9A+BGBMBGAyA8AbASAJAMALACAqAzBDBLBTBJBMBOBaBbBVBHA2ApAtAfAdAIAK
3105608003005,AuAyBKBJBWBTBKA+BABMBEA3AxAVASAWADADACArAzBGBJBdBUBMBLBOBXBMBCA9AkAtAYAWAGAE
3105608003006,AzA2BIBRBJBKBGBBBCBDBCAvAlAhAZAOALAEADA3A1BIBKBUBWBRBLBNBVBgA5A0AxAbAaAYAIAH
3105608003007,BFBHBQBZBYBUBPBLBJBCA5ApAfAVAQALADADABA7BFBVBbBYBVBTBSBTBKBAA4AlAhAYAQAKACAB
3105707001001,A3BBBSBRBGA8BABABCBKBJA5A0ArAmAPAOAGAFA3A7BWBVA8A+A7BABFBFBCBHAsAnApAiAdARAJ
3105905001001,BCBLBSBVBYBRBNBIBKBIA5ArAlAeAQAJAKABAABBBKBWBVBNBQBPBPBPBMA0A9AnAcAVAaAKAFAB
3106002001001,BNBRBaBWBSBSBMA+BEBDA3AjAmAYAOATACAFAABIBNBdBRBZBVBRBGBHBGA5AvApAaAkARANAGAD
3106101001001,BBBJBYBUA7A+BDBEBfBWA7AvA1AmAZAZAEANACBBBJBYBYBOA9BLBPBIA5A9AgAwAcAhAOARANAG
3106200005001,BGBOBWBUBdBYBeBPBIA8AzAlAZAXAPAHAKABAABDBKBVBSBgBgBeBTBLBBA+ApAgAdASAOAJADAE
3106200005002,AzA9BIBOBUBYBVBNBLBEA5AwAoAXAXALAJADAAAyA5BGBLBYBdBdBXBSBSBCA6AsAnAaARAOAFAC
3106200005003,BEBIBSBPBaBfBaBLBIA+AwAtAlAXAMAFAHAEABBDBEBRBRBdBhBhBSBOBDA4A2AmAeARAOAIADAC
3106200005004,BHBKBZBaBcBlBeBLBGA+AuAnAVAPAFALAFAAADBCBLBcBbBlBrBiBQBNBGAzAqAgASAQAKAFABAD
3106200005005,A8BABLBOBeBfBaBMBDBBA2AsAoAYAPAGAGACAAA7A/BKBNBhBnBdBPBRBLBGAxAnAZAdATAKACAD
3106200005006,BUBWBjBUBeBcBcBPA9AzAlAwAUAYAKAEADAAAABPBQBfBaBhBnBgBNBBA/AuA3AeAUALAIAEAIAA
3106200005007,BKBMBeBYBiBeBXBDBAA4A5AkAUAXAMAHACADACBCBKBbBaBkBjBdBOBGBCBDAqAlAZAUAJAGADAC
3106200005008,AZAUAcA8BwBxBRA2AzA3AxAwApAhAaAVANADAFAZAZAgBICTCEBZA8A7BIBIBHA9BEArA2AnAbAN
3106200005009,AhAkAnA/BZBaBGA1A2BCA+BFA2AiAfAaAVAHADAdAgAoBCBrBvBQBCBGBUBLBYA+A9AjAoAdAOAM
3106200005010,AeAdAlAzBbBbBBA5A0A/A3A7AtArAfAWANAOAIAeAcAhBBBtBvBWBEBCBPBQBZBJA2AtAwAkAcAT
3106200005011,AlAlAuA3BPBXBIA4A6A+BGA3AsAlAuAWAOAFAEAgAlAtA5BZBiBWBFBNBVBgBNBHA7AwAdAlAQAG
3106200005012,AuAoAsA6BSBeBLA9A6A+A+A9BCAjAbAYAJAGAAAnAnArA4BcBkBdBLBOBPBOBXBEAyArAaAXALAH
3106200005013,AlAnArA2BOBXBDA9A4BCA7BCBBAhAmAHAIAFAEAkAoAsBABbBmBXBHBNBaBdBSBFAsAuAhAaANAQ
3106200005014,BRBYBqBlBlBfBXBGA6AwAmAaAbALAKAFADABAABMBXBrBqBpBjBbBJBAA5A2AeAZAXASAQAIAEAB
3106200005015,A5A2A+BLBbBhBSA/A2A8A9AuAjAcAPAPAPADADAvAxA8BMBoBrBaBGBIBPBGBKA4AlAbAXASAPAJ
3106200005016,AkArAxA9BTBgBOA6A2BAA4BJA7AqAYASALAEACAnAmAvA6BeBwBaBGBFBWBeBVA+AwAeAeAXAJAF
3106200005017,A1A+BKBPBXBZBOBEBFBDA2AxAgAVAXAPAJAFACAxA5BIBOBcBfBWBKBQBUBHA3AyAkAYAcASAKAE
3106200005018,ApArA1BCBUBcBTBABBBHBHAyAtAcAUAUAGACADAlArA1A/BWBhBdBOBNBZBZBIA+AhApAgAYAOAJ
3106200005019,AoAoAzBDBXBjBQA8A8BDBLAmAtAXAaARAJADAEAlAmAyA/BfBqBZBJBKBaBNBNBDApAuAeAcAQAL
3106200005020,AlAvA8BBBXBnBRBBA+BABEAqAsAaASATAIAFABAoAuA7BGBcBuBYBPBOBRBbA7A+AcAhAkAdAJAJ
3106200005021,AuA5BFBGBTBUBQBDBDBFA5A1AsAaAUAUAFAGADAqA4BEBFBWBYBWBMBQBTBDBGAxAmAkAcAeALAL
3106200005022,BQBYBoBoBkBXBRBBA7A2AoAhAQARAPAKADABAABPBXBmBsBjBfBVBJBDBAA5AiAgAXAQALAFAEAE
3106200005023,BIBPBbBVBcBaBaBOBDA7AtApAWAUAGAJAGABABBDBMBdBdBfBkBmBaBMBDA7AoAZAZARAKAEADAE
3106200005024,BQBYBjBcBgBlBcBEA8AxAuAkAXAMAMACAEABADBKBWBhBaBmBqBfBIA/A8A5AtAaAYAMAKAMABAB
3106200005025,BABLBWBUBZBcBaBRBHA8A0AgAeAcASAEAFAAAABDBJBVBRBeBhBdBSBRBFAuA9AlAcATAOAFADAC
3106200005026,A/BFBOBSBVBcBbBRBJA9A0AlAfAVARAIADACAAA9BCBTBRBfBlBnBUBQBHA+AqAkAfAUAQALAIAF
3106200005027,A3A4BGBEBQBZBaBSBMBEAyAuAdAeAhAHAEAGAAAtA9BFBEBRBdBgBbBYBLA+A6AwA0AgAQASAEAC
3106200005028,A4BBBSBWBaBTBOBIBIBHA9AnAXAUAPAOAHAFADAzBABTBSBbBcBWBSBSBPA5A+AvAhASAYAMAIAF
3106200005029,A5BKBTBQBZBjBdBMBBA9A0ApAaARAVAOAEAAAAA9BEBMBYBgBoBkBUBJBJBHAnAsAWAeALAFAEAA
3106200005030,BFBQBdBcBkBfBXBHBCA7A8AgAZAPAMAJADACABBIBOBaBbBpBmBZBMBFBFA8ArAbAWAMAMAIABAA
3106200005031,BPBUBfBSBUBeBkBTBDA4AnAmAUAYAMAHACACABBKBRBYBQBcBsBqBXBFA8AvAxAdAYAOAMAFADAC
3106200005032,A2BABMBPBaBaBRBJBKBEA0AvAiAWAVAKAHABABA5A9BKBTBYBbBeBTBTBOBGAyAiAnAcASANAHAD
3106200005033,AzA9BLBPBWBdBPBDBBBHBHAnAgAcAQAIAHAHAAA3A7BABMBdBhBXBPBQBUBSA3AjAeAjAbAOAGAI
3106200005034,AuA0A7BEBYBaBMA9A7BFA8A5AjAkAXAKAJAJADAvAyA+BFBcBkBSBGBJBSBLBIAxAqAsAmAWAMAH
3106200005035,AsAvA3BIBWBmBRA5A7BAA2BGAsAjAUAKANAFAEAsApA7BEBgBtBXBEBKBTBeBIA7AqAkAUANAIAE
3106200005036,AvAwA9BABVBaBPBBBFBLBIA1ApAcALANAKAGABArAvA5BEBbBkBcBVBUBYBFBUAyAlAbAYATAJAH
3106200005037,A6A8BHBPBeBbBPBAA/BCA8AtAeAYAVAOAHACAAAwA7BJBVBhBcBYBLBKBRBRAxAtAiAhAOAWANAM
3106200005038,A3BABJBNBVBYBNA/A8BABAAnAdAeAOAQAQADAAAwA8BJBKBWBYBUBNBLBOBCA/A2AmAjAmAWAKAL
3106200005039,AtAuA2BCBaBeBOA+BBBKA1BDAiAeAWAPAKAHACAlAqA4BHBcBnBVBMBNBXBPBNA3AsAmAYAbAKAH
3106200005040,A7BDBMBQBeBkBUBEBCBBA0AwAaAfAVAIAGAGACA2A+BNBOBZBfBbBIBJBQBNAwAuAdAbAWAKAIAB
3106200005041,BFBCBPBNBTBaBYBMBEA+AtAsAgAeASAJAFAAACBABGBQBPBZBeBeBSBMBDBFAvA2AjAUANAJAIAG
3106200005042,AwA5BKBMBYBZBOBEBIBEA5AxAlAeAUARAKADABA3A5BBBNBXBWBSBOBSBXBSAwArAdAmAjAOAIAF
3106200005043,AlAqA0BBBcBlBTA8A8BEBFAwAtAgARANALAGADAoAtAxA/BfBrBXBIBJBYBTBEA5AmArAuAXAKAN
3106200005044,AmAvA4BEBuBnBOA5BCBEBNAoAmAbALAZALAEADAiAsA2BIBxBnBRBFBOBcBMBDA1AhApAbAXANAC
3106200005045,AxAuA6BHBUBcBTBABCBIA4A6AuAaAYANAGACAAAuAuA5BEBdBkBdBOBSBZBMBFA0AqAlAXASAMAD
3106200005046,AgAkAsA/BfBqBRA5A4BABEA0A6AlAPASAJAHAGAhAmAqA7BgBlBVBBBKBTBiBCA4AvAiAvAjAYAN
3106200005047,AoAsAzA/BRBVBMA9A8BGBBA8AxAhAaASAIAIABAlAqAuA+BjBpBZBKBPBbBVBOA2AyAhAdATAQAN
3106200005048,BOBPBVBTBZBeBaBIA9A6A9AbAXAOAQAGACACACBDBLBaBaBiBlBhBRBIBDA7ArAmAcALAQARAFAC
3106200005049,A+BBBOBMBUBhBdBTBMBEA5AkAdAUAMALAGAFAAA+BABJBPBZBqBmBSBVBKBBAuAtATATAPAKAHAB
3106200005050,A7A+BMBPBdBgBXBCBGA+BAAlAdATAWAMAJABAAA3A7BLBOBlBlBZBPBNBLBAA5ArAjAYAbAMADAE
3106200005051,BBBMBaBWBbBVBXBKBEA7AmAtAZAQARASAHAEAABGBOBdBXBaBbBeBQBKBCBBAkAfAnARAVAMAEAD
3106200005052,BFBHBNBTBeBfBiBQBCA7A5AgAiAPARADAEAAAABBBGBNBTBfBkBiBUBLBHBEAvAnAaAdAMAFACAC
3106200005053,A8BCBMBOBZBZBaBPBJA/A5AiAeAcAWAHAGACAAA7BABLBOBeBfBjBUBOBMBFAvAzAcAdAJAOAEAA
3106200005054,BIA+A5A2BFBcB2BuBYBLA4AhAXANARAAAEACAABPA2A3A7BTB1CPB2BfBNAzAvAYAaAHAEAKACAB
3106200005055,A6A8BIBMBTBUBWBQBMBGA+AoAlAfAPAJAHABAAA1A8BEBLBaBiBoBaBTBNBBA6AvAaAVAPAOAEAE
3106200005056,BKA/A+A/BABXB4BrBXBMAqAwAUAUAQADAFAAAABIA+A/BBBHB3CLBzBVBIA5AnAgATAUAGAHACAA
3106200005057,A1A0A+BJBhBmBbBJBEBCA2AwAnAfAQAQANADAAA4AzA5BJBkBqBjBUBQBHBAA6AoAmAXAUAOAGAE
3106200005058,A2A4BDBKBnBkBVBGBDBIA4AuAZAYAUAJAMAAABAuA3BEBLBkBnBcBSBSBSBEA3A1AZAbAQAWAEAB
3106200005059,BBBOBXBRBXBZBZBRBGA9AtAmAWARAXAJAHABABBDBHBUBdBbBjBiBRBKBEA1AxAfAjATAOANAFAE
3106200005060,A1A6BKBNBYBcBXBGBFBCA3AoAhAeAaAQAEADACAxA2BJBNBYBhBcBSBOBOBHA5AwAxAiAQAKACAC
3106200005061,BABIBQBSBaBbBZBNBEA8AuAsAgASAQAJAIAAAAA8BDBSBQBbBjBhBTBQBHBEAtAkAoATAXAFAFAC
3106200005062,BBBKBYBXBcBeBbBMBBA5A1AlAmATAMANACAAACBFBJBWBXBhBjBgBRBJBABAArAaAdAVALAJADAC
3106200005063,A3A9BJBOBVBaBfBNBIBDA7AnAfAXASAIAGAEAAA2A6BJBKBbBqBmBaBVBMA/A8ArAdAZAHAQAFAC
3106200005064,A/BEBNBPBSBcBaBTBLA9A4AmAnAOARAHAFAAABA1BABOBJBVBjBlBaBVBHA/A1ArAkAUAOAPACAH
3106200005065,BDBLBWBSBbBeBeBQBBA3A7AbAcAQAOAIAEADAABHBJBVBPBfBpBjBRBOBEA3A6AnAZAQAHALACAC
3106200005066,BPBNBYBYBcBiBhBKBAA3AtAuAYARAEAJAAAFAABMBOBYBXBhBrBjBPBIBBA6AuAfAWAUAGAEADAA
3106200005067,BCBJBYBUBcBeBbBMBDAyA2AhAiAWAXABACADADA7BGBVBSBhBnBnBRBLA8A1A9AiAkASAMAHAGAE
3106309001001,BMBQBpBhBZBYBRBJBBA3AvAqAhATASAPAFAFABBQBRBlBaBYBaBVBMBBA8A2AjAdAZAQARAGAGAB
3106408001001,A5BABTBTBIBNBEBIBOBLBLAuAwAiAdASARAFABA2A/BQBTBLBOBFBFBGBPAzBBAxAnAdAWANAEAF
3106507001001,BEBVByB7BwBYBKBABDA1AxAkAaAYATAKAFAEABA6BUBzBxBVBKBDA/A8AzAyAkAeAeAdAOAOAFAC
3106606001001,BWBnBrBhBYBUBKBBBEA7ApApAmAsAeAPAKAGAFBiBSBmBgBABEBCA4AuAzAvAuAcAcAYAMAHAMAI
3106655001001,BZBWBjBfBiBZBJBBA2A5A7ArApAXAPAFADAFAEBOBcBZBrBbBVBDA8A9A/AuAkAkAaAVAVAPAEAA
3106705005001,BJBQBhBiBwBkBiBRBJA5AtAqApARARADAHABAFBIBQBeBTBRBVBeBIBDAzAmAxAfATATAKAGADAD
3106705005002,AzA7BKBOBdBgBTBJBHA/A7AyAlAdAQAOAIAFACA0A8BLBLBYBfBWBNBMBNBDBBAsAhAeASAIAGAD
3106705005003,BKBNBfBdBlBgBcBOBOBAA1AkAbAIAGAIAEACAABBBLBcBWBgBkBgBSBPBDA5AjAZATAPAOABABAB
3106705005004,BRBbB0BeBeBTBRBSBJA8AyAhAZAFATAJAFACAABLBcBsBhBOBgBcBPBJA+A4AVAfAPAGALAEACAB
3106705005005,BTBQBSBkBjBmBcBMBFA1A8AgAZAKAIAIABAAAABNBPBbBeBiBqBdBOBFBBA4AoAZAUAHAIAGAGAD
3106705005006,BbBYBnBtBiBbBNBHBAA5AyAgATAOARAAACAAAABEBZBsBoBdBkBSBPBKA/A5AdAPAXAPAGADAFAD
3106705005007,BZBfBqBmBXBZBTBFBAA1ArAjAXAUAMAMAEABABBTBZBtBdBdBbBVBMBBA1AyAkAZAVAPANAMADAB
3106705005008,BLBGBUBZBYBfBmBUBPBBA6AdAYAPAKAEAHAAABBDBFBUBVBgBsBqBWBQBCAyAxAbAVAGAIAHACAD
3106705005009,BUBUBkBcBXBaBgBUBLA5AvAbAQANAGAHAEABAABMBTBkBiBeBlBkBZBOBBAyAgAYAOAMAGAEABAB
3106705005010,BOBQBaBbBaBoBnBSBHA+AmArAYALAEAHAJACAABKBNBXBQBiBuBqBWBJA9A8AcAUAWAMAEAHADAA
3106705005011,BDBHBYBYBhBdBSBIBJBEAwA6AXASARADAEABAABEA/BUBcBlBkBVBKBSBLA5A0AjARARAIAIAHAD
3106705005012,BVBcByBiBXBaBXBTBNA5AtAgAXALAHAGADAAAABSBdBtBfBaBdBaBRBLA8AvAbATARANAIACADAA
3106705005013,BLBRBlBmBkBgBTBHBOA9A3AhATAKAMAKACABAABMBOBgBnBpBcBcBJBNBGA6AcAXANAMAIAFACAB
3106705005014,BLBPBgBbBfBfBgBIBIA+A7AlASAXAKAFAEAEABBBBKBdBdBiBlBeBOBHBDA1AtATATASALAEADAC
3106705005015,BOBQBhBbBaBpBdBZBKA4ArArAQAQAKAFACABAABXBKBVBVBgBxBhBZBNBAAuAmAYAOAKAEACAGAB
3106705005016,BJBOBmBiBhBXBaBNBFA9BCAdAZAOAIAGAHAAAABBBPBdBgBkBkBcBQBIBDA0AoAdAPAOAKAIAEAA
3106705005017,BIBMBXBZBoBmBYBJA+A+BEAlAhAOAEADACAFAABMBMBWBaBoBpBbBJBHBJA9AxAWAPAQAGAGABAA
3106705005018,BPBQBiBlBpBdBSBKBIA7A/AYARAOAIADAFAAABBIBPBgBmBoBfBUBPBLBLAzAoAYANAQAGAFAGAA
3106705005019,BbBcBiBdBiBmBfBGA6AsA2AjAUAQANAFADABAABNBUBqBcBlBmBaBJA5A6A1AmAeATAMAKAJAAAA
3106705005020,BTBRBeBcBcBkBmBMBEA6A2AeAWAJAJAEABABAABLBPBbBZBiBsBnBRBFBEA1AkAXAXALAIABADAA
3106804001001,A7BOBYBPBHBCA/BbBQBIBOA8A3AjAdAQANACAFAyBCBaBMA9A+BDBDBBBDBHAvAwAsAfARARAHAI
3106903001001,A9BBBNBTBMBPBEA+A+BEBJAyAuAhATAVALAEADA5A9BOBKBJBTBDBEBLBRBCA6A8AhAiAjAQANAG
3107000001001,AuA8BLBDBQAvBGBCBUBKA8BQAzAzAxAaAIAIADArA6BJBaA+BDA5BHBLBaA6A7A7A8AmATAJAIAB
3107109003001,BHBYBjBlBWBTBJBPBHBCA9A1AiAYAcALAGACACBKBWBgBWBPBRBMBHBBA9AyAuAmAWAMALAHACAB
3107109003002,A9BHBZBgBYBKBCA7A9BCBAA1AoAdASAVAOAEAEA6A/BXBXBYBPBEBBBHBKBNAvAnAkAiARAQAMAE
3107208001001,AyBDBXBPBRBKBZBLBXBWBCA/AtAjAiANAQAFAAAxBIBQBTBAA/BHBJBJBJBAAxAoAaAUAXAMAGAF
3107307003001,BGBXBgBjBmBaBQBEBDA5AvAhAeAPAUACAFAIACBFBSBZBiBpBbBYBMBDA6AwAqAgAYAVAPAKAGAB
3107307003002,BUBbBpBmBjBRBIBBBDBAA0AuAfAaASAKAIADABBKBVBeBhBaBMBMA/BBA5A0AnAbAiARALAIAFAD
3107406003001,A9BGBXBVBXBSBLBFBLBLBEAsAjAaAgAKAJAGACA1BFBQBTBRBMBJBOBPBJBKAlAsAkAXAWAKAEAG
3107406003002,A+BMBaBdBbBUBLBHBJBHA+AoArAUAQAHAIACABBMBIBSBZBZBQBVBKBMBGA7AzAfAeASAJAQADAB
3107505001001,A4BDBaBSBABCBDBPBMBJBFA2AsAqAdAWAOAEACA8BBBYBUA7A/BKBLBLBOA7A6AzAfAoAaAIAFAB
3107604001001,AuBTBXBYBLBPBLBMBSBSA8A9AwAiAZAKARAMAAA2BABRBJBFBFBMBLBRBAA/AtA6AZAWASAQAHAA
3107703001001,BDBNBdBkBbBSBQAxBBA8A2AsAoAqAPAOAIAGABA8BLBSBgBTBTBIBDBNA5A9AtAmAcAoASAPAKAD
3107802001001,BCBLBiBXBNBKBIBFBDBFA7AxAtAiAiAXAOAFADBABJBSBaBJBEBEBCBDBCA5A1ArAlAaAYAMAJAC
3107901001001,BHBLBbBVBaBRBcBQBIBLA9A0AnAeAVAPAHABADA6BIBaBTBNBPBLBLBMBHA8AlAnAaAPALAJADAB
3108008001001,A0BIBVBVBLBGBMBIBIBNA+A1ArAjAXAQAPAHABA5BIBUBTBJBJBMBHBCBFBDA5AsAgAhAXARAHAE
3108107001001,AtA9BNBMA5BBBFBRBVBMBAA/A1ArAoAVAPAKADAoA4BLBGA4A8BOBIBSBFBABCBCAsAhAfAYAFAF
3108206001001,BFBOBkBmBVBDBFBHBGBJA3AwAnAnAVAMAIAHADBGBKBaBdBDBGBHBTBDBAAxAwAiAnAcASAJALAD
3108255001001,BVBtCBB4BbBWBAA7A4AtAqAlAWAZAYAaAFAFAFBUBrByBuBcBKA2AwAyApApAlAmAXAeAGALADAF
3108305001001,A3BABMBNBVBUBHBNBLBMBEA2AyAfAcAXALAFAEA7A+BDBPBOBLBGBIBJBMBCA1ArAhAiATANAKAE
3108404001001,BCBABVBOBNBQBNBJBDBDBHA3AvAeAbAUAMAEACA7BCBWBRBKBOBIBKBIBCBAAzAqAkAcAYAPAIAC
3108503001001,BTBvB/B7BlBOBAA9A1A5AwAyAiAWAUAGAGAEAABLBaB3B1BUBBA+AzAzA2AsApAdAXAaAPAFABAD
3108552001001,BaBoBxBrBdBdBLBEBGA2A5AjAaAUAPAIAGADABBaBcBmBnBaBUBMBGA6A2AqAgAXAUALAIAEADAB
3108602003001,BPBWBrB1BhBVBJA+A9A2AxAiAjAeAXASADAGABBQBVBoBrBWBMBCA6BBAuAqAuAoATAXAOALAHAC
3108602003002,A+BOBdBkBSBRBLBABBA+AxAoAsAaAbAOAEAHABBBBNBfBmBYBZBPBKBAA7AsArAmAhAjATAFAIAH
3108701001001,A1BNBiBoA5A4BBBNBRBEA0A4A3AgAiAKAQAIADBBBNBeBgA+A5A9A+BDBEAsBLAvAjAfAYATANAC
3108800001001,AyBPBfBaBJBGBFA7BABEA1AuAiAqAkAaAMAHAFA7BPBhBZBDBBBEBGBEA6A1A0ApAlAwAfATAJAJ
3108909001001,BBBJBZBbBJBFBNBMBCBFA3A8AyAeAfATAJAIACA5A9BWBXBHBFBLBJA+A8A1A/A3AfAhASASAIAF
3109006003001,BBBNBbBWBbBVBVBNBMBDA2AvAnAVANAJAHAFADBFBFBUBYBaBUBWBKBOBKAtA4AiAYAPATAJAEAC
3109006003002,A8BEBTBVBWBPBQBPBKBKA/AxAtApAQAOAIADABA9BGBVBRBPBPBOBNBPBFBDAnAgAXAZAYAMAJAE
3109105001001,A/A+BPBQBRBNBOBSBLBMBHA7AqAuAXAVAOAFAEA2A9BPBMBFBEBHBLBEBMAuBDAtAmAgAUAJAJAA
3109204001001,A6BKBcBlBkBSBPBDA9A7AvAsAnAiAcAWAGAHABBEBJBgBnBWBGBNBAA/A7A0AtAlAmAWAKAWALAC
3109253001001,BCBRBcBfBLBJBGBKBFBEA1AyApAiAjAbAKADACBRBPBdBfBHBFBFA9BEBBAyAtAfAiAnAXALACAA
3109303001001,BRBmBqBjBTBUBSBGA/A6ArArAeAbAQARAIAFAABUBdBtBhBPBSBSBEBAA1AwAjAgAWAUAIAFAGAA
3109402001001,BZBgBnBqBdBUBUBBA9A1AqAtAhAVAOAIAFABADBWBhBoBiBfBcBNBCA3A3A1AgAXAXANAOAHACAC
3109451001001,BSBfBzBkBHBKBQBPBRA8AyAxAoAZATASAIADABBGBcBdBXBDBJBOBLBHA0AuAtAVAjAUAPAEADAB
3109501001001,BEBFBLBgBsBlBZBSBNBHBHAwAoAdAbAPAIABADA9A/BPBVBPBKBJBDBEA6A3ArAiAZAVAVAKACAE
3109600001001,A4A+BQBKBNA7BPBMBEBDBDAoAsAjAZAOANAGAAAwA9BMBPBTBUBZBIBJBRA9A7A1AuAhAaAaAFAD
3109709001001,BIBLBXBUBOBJBNBIBKBMBJA3AzAbAiAVANAFAABBA/BWBIBFBGBKBFBJBGA7AuAxAjAZALAJAHAB
3109808001001,BLBTBaBNBbA6BFBNBHBRA2AkAoAWAbARAXAJAAA+A/BaBWBRBOBXBMBNA9A3AtAgAdAXAdAKAKAE
3109907001001,A8A6BbBiBaBRBEBFBRBLBCAzAjAZAXAPAJAGACAyBCBQBUBVBUBHBCBLBKBHAvAvAcAUAZANAIAE
3110004003001,BCBEBMBKBLBXBNBABGBCA7ArAnAaAfARAGACAAA1A9BRBIBTBPBRBMBNBRBHA1AvAtAkAUALASAH
3110004003002,BTBKBeBdBVBYBSBIA/BAA+AnAmAYAQAKAFAAAABBBPBWBVBZBYBTBFBFBHBAArAlAaAXALANACAD
3110103001001,BKBUBhBlBYBSBPBTBCBJAzA0AaAZAfAQAJADAABDBKBfBYBVBKA+BMBGA+AyAuAgAXATATAHAIAA
3110202001001,A9BKBoBaBbBXBLA+BCBFA/A9AlAmAYAUANAHAEA6A6BKBbBNBPBPA5A1A8A/A2AdAqAgAZAEAMAE
3110301001001,A9A9BNBKBKBFBJBLBMBQA/BGA0ApAgAWALAHAEA6BABEBRBABKBFBFBLBJBBA5A2AlAeASALAJAE
3110400001001,A0BPBRBbBWBbBgBJBJBEBMAuAzAwATAOAHADABA+A6BUBMBUBHBGBKBDA7A4A6AkAXAfAUALACAC
3110509001001,BHBJBZBWBWBbBWBKBLBDA0A5AsAcAdALAEAHAAA/BKBTBZBMBVBRBLBDA+A4AuAlAeARAPAJAEAA
3110608003001,A8A+BNBKBeBcBUBNBGBHBDA4AkAnAgAaAEAFABA8BABIBOBQBUBOBEBJBDA5A6AwAlATAYACADAB
3110608003002,AxBABRBNBOBPBIBMBHBEA6A1AuAgAWAYAOAHABA0A7BQBRBOBVBNBSBLBHBJAwAvAgAjAfAMAFAF
3110707001001,A9BIBaBdBTBJA/BABDBCBBA3AtAgAWASAOADABA6BGBRBWBLBJBJBCBCBEBKA1AtAfAeAgAQAIAH
3110806001001,A8BeByBeBHBIA6BIBIA9A2AgAaAjAcANADAKAEBCBXBzB1BRBEBIBJA/A4A3AlAnAkAeAPAFAFAH
3110905001001,A+BPBeBdBZBPBIBEBHBBA/AzAnAdAVANALAEABA8BKBYBYBQBHBGBFBEBDA8A3AiAgAhATAQAGAF
3111002001001,A8BEBZBUBPBMBNBNBOBNBBA6ApApAXAUARAIACA0BGBTBUBJBKBLBLBGBBA3A1AjAjAUAUAKAGAF
3111101001001,A4A/BQBQBMBMBKBDBQBMA9A/AwAmAgAYALAHACA6A/BIBOBLBGBKBLBKBPBLAqAyAhAaATAQADAD
3111150001001,BPBjCABoBBBFBDBBA8BCAuA4A5AZAWAYAKAHAHBDBPBrBjBLA+A8A7AzAuA2AwAhAeAZAUAUAGAC
3111200003001,A1BEBNBJBUBUBNBHBCA9BJAzAqAfARAeAIACACA8BABLBLBZBNBPBMBIBLA5BNA0AbAdAdAKAGAC
3111200003002,A4BBBOBNBPBPBLBGBEBHA5A8AoAaAUAVAOAHABAzA5BLBPBLBWBQBKBPBMBDA7A3AhAlASARAOAD
3111200003003,A+BGBSBKBQBNBQBKBABBA9A7AxAeAZATAHAIACA+BEBQBIBPBRBTBKBCBBBBA6AxAeAgAbAMAKAC
3111309001001,BFBRBYBXBKBJBNBHBJBGBNA1ArAXAUAYAKADAAA6BHBTBXBLBNBHBHBIA8BKAvAoAlAaAQANADAE
3111408001001,BWBYBpBdBWBmBXBQBEBFA4AoArATATANANABADBJBQBSBTBVBZBOBAA9A8AvAgAdAUAVANAKABAA
3111507001001,BEBTBcBbBgBgBWBPBFA8A+ArAeAWATAOALADABBPBWBWBSBVBVBMBIBAA6AtAyAgAeAWAPAHADAA
3111606003001,BFBRBiBXBOBOBQBMBHBGA8AyAoAaAYARAJACACBBBPBbBZBKBOBOBNBFA8A1AwAgAmARAOAMACAC
3111705001001,A8A+BSBcBUBWBMBPBQBJA6AwAtAeATAcARAGABA5BCBSBYBNBMBOBCA/A5BFAzAmAjAXAbAOAHAB
3111804001001,BGBBBXBSBtBrBgBNBFBJAtA3AqAaAOASALAGACA9A/BLBRBZBRBRBHBJA+AxAvAhAcAVARAIAEAD
3111903001001,A1BIBNBVBQBXBKBNA7A/BKA/A9AdAbAbAHAGACA7BMBFBGBRBNBHBFA8BDA7A7AuAiAbAZASAIAC
3112000001001,AyA9BLBOBXBQBQBKBPBFBFBCAtAlAZAWARAHACAuA+BLBIBKBNBJBKBHBEBFAzAzAdAfAcAOAHAG
3112059001001,BPBQBhB0BcBJBEBFAzAzAqAsAhAYARAXAKAFABBUBVBfBqBmBKBLA1A5AzAzArAoAcAoASAMAHAE
3112109001001,BOBkBvBgBhBjBXBLBLA1A1AwAfASANALAIACABBBBYBrBRBiBPBLBEA/A1AzAkAYATAKATAJADAA
3112208001001,AwBBBaBKBIBCBLBCBUBOBEAsAgAoAhAcAPAEABA6BDBEBPBOBLA+BFBTBLBIAxAmAxAgAjAUAIAD
3112307003001,BSBhBvBqBeBSBRBIA/A2AnAmAZAQAVAEAEABABBLBbBvBnBlBcBTBDA6AzAyAhAgASARAKAGAIAB
3112307003002,BUBeB1BmBiBWBOBAA5AyAnAlAbAPAOAKAFACAABZBhB2BuBgBXBHBEA4A2AqAmAZAdASAJAHAEAB
3112406001001,BGBSBXBbBZBfBUBCBHA5A6A7AsAjAbAXAMAEADA9BKBRBQBHBLBGBBA/A1BBApAuAdAdARARAGAC
3112505001001,BBBTBXBcBZBSBPBCBBBFA5AwAiAWAbALAMAFABA6BGBZBZBSBWBYBBBGBIA4AvAmAbAZAPAPAIAH
3112604001001,BIBMBSBWBUBSBVBKBLBEAyA0AoAgAkATAGADACBBBGBLBPBPBLBPBMBLBGA6AsAnAjAcAOAKAFAB
3112653001001,BbBVBbBaBKA/BCA6A9BAA1AwAlAgAQAaAQAHAFBSBTBUBUBVBQBFBCA/BFA/ArApArATATAOADAI
3112703001001,BVBmB1B7BfBSBCA+BBA3AsAjAVAXAUAMAEABABBQBjByBuBaBNBJA/A7AyAsAhAYAcARAMAEADAG
3112802001001,A9BCBRBRBNBPBMBVBIBPBHA5AuAVAWAYAKAFADA5BCBKBMBJBMBOBRBKBLA+A5AnAjAVASANADAF
3112901001001,BSBZBkBfBYBRBMBFBCA+AzAtAfAiAdANANAFAABFBQBeBXBPBJBJBGBCA9A8AjAjAaAfAPALAFAE
3113008001001,BdBrBxBtBbBQBAA1A3AxAmAwAhAcASAQALAEADBaBkBzBlBUBGA7A4A3AxAkAzAaAdAbAVAKAGAD
3113107001001,A3BOBnBnBMBKBABDA/BTA+A4ApAiAjASAHAAACA3BFBYBTBNBFBHBNBLBEBAArAiAaAgAcAQAGAA
3113206001001,BBBJBYBgBWBUBKBFBKBHA7A1AlAbARAIAJACAAA7BKBQBYBRBMBQBLBOBLA7A0AkAfAcARAIAKAD
3113305003001,A+BKBbBWBWBTBKA+BHA/BCAlAjAcAXAQAOAFAABEBMBXBXBMBOBSBKBJBGBJAtA1ASAeAUAIAEAD
3113305003002,A5BCBPBSBPBOBFBCA+BGA7A8AsAhAVATARAFACA8A/BUBPBMBLBIBHBKBKBIA6AzAjAYATAYAIAM
3113404003001,BPBTBaBWBTBTBTBCA3A7A4AmAiATANAXADAAAEBHBMBdBXBjBYBVBQBDBBA+A0AhAdASAMALALAG
3113404003002,BGBMBWBKBVBVBWBIBHA9A1AxAfAaAMAOALACAAA/BJBMBQBcBdBZBMBKBIBAAvAxAUAZARAIANAF
3113404003003,A+BJBRBPBWBWBNBDBEA6A6ApAiAYAUARAIACADA+BJBNBXBgBgBWBPBMBHA8A2AoAcAbAUAQAEAE
3113404003004,BIBUBjBeBTBNBQBKBFA/ArA2AiAeAYARANAGADBJBOBdBXBOBOBKBIBDA4A4ArAnAdAZAOAMAEAC
3113503001001,BEBTBqB1BUBTBJBGBIBCAvAsAgAcAVATAFAEAABBBUBnBnBQBKBEA9BAA8AoAuAgAeAaAOAMAGAI
3113602001001,BFBKBbBdBQBKBIBRBMA9BIAxAmAjAVAVAOABACBFBXBSBDBDBVBNBKBAA+A0A4AuAUAWAZANACAG
3113701001001,BCBKBdBdBUBKBJBGBEA8A6AtAdAiAeATALAIAGA4BGBWBfBXBNBFBBBCA/A0A3ApAsAYATANAJAM
3113800001001,BQBbBpBTBRA+BMBEA/BGAzAwAnAdAaAMANAAAABABPBlBaBOBFBCBPA9BBAvAsAqAnAjAPAPANAC
3113909001001,BSBPBhBnBQBSBGBEBFA+BCAtAhAaAYAOAIACABBEBSBgBcBYBNBFBHBDBGAxAvAjAbAZANAHAGAC
3114006001001,A2BGBbBUBLBTBMBMBPBGA5AwAmAiAaATALAGACA7BKBTBRBJBHBOBGBMBEA1A8AiArAfAWAQAEAE
3114105001001,BRBRBjBfBYBXBHBBBBBAA4AvAoAXAMAMALAFABBHBPBjBbBTBSBTBLBCA9AxAwAdAYATAPAMAJAB
3114204001001,BABHBcBYBYBUBSBNBLBFA2AsAgAcAfAJAKACABA7BHBcBUBOBRBRBNBJBFAzAyAlAmAWAQAMAGAB
3114303003001,A+BBBYBYBUBZBTBMBIBCBBAqAmAYAYAOAIAGACA3BHBPBVBKBJBLBJBJBFBDAzAzAjAYAVANAJAF
3114303003002,A+BFBXBZBMBNBMBRBSBOBHAwAmAdAiAOAHAFABA8BDBOBPBFBMBNBOBJBKA0A+AhAsAZAPAKADAC
3114402001001,BDBHBUBVBTBTBTBNBKBMA/AzAsAhAUAQAOACABA/BBBOBTBLBOBQBHBEBIA6A0AmAbAeAMAPAGAB
3114501001001,A7BMBdBYBaBVBUBNBLBEBCArAsAWAVAXAJADACA8BJBRBUBYBPBIBJBKBBA3ApAqAYAXAVAMADAD
3114550001001,A4BGBQBSBbBXBSBWBJBEA5A4AjAoAaAVAKAFAEA8BJBPBLBLBQBTBJBHBCA3AzAoAiAWAOAKALAA
3114600001001,A8BMBYBeBJBFBCBFBDBJBJA7AuAgAmAVAJADACA6BJBYBVBCBHBBA7BCBLA9A9AqAiAjAQAPAHAC
3114709001001,BDBIBhBMBBBBBDBCBMBEBEBCAnAuAhAaALAKABA6BDBWBBBLBNBABEBNBBBHAyA0AXAYASAKAWAH
3114808001001,AsA5BWBbBQBLBBA/BaBOBSAzAxApAkATARAAAEAqA+BJBaBMA5BBBEBKBWA7BBAuAfAkATAPAHAD
3114907001001,A7BNBeBYBSBeBMBXBIA8A8AgAvAdAaATAPAIACA8BEBNBLBFBRBUBNBKBAA0AtA7AcAhAMAKAGAA
3115003001001,BKA7BaBFBKBMBXBUBRBKBLArA0AvAYAaASAHAKA4BFBIBFBDA+BMBHBABFA6AwAsA0AaATADADAD
3115102001001,A+BMBUBXBQBOBJBGBBBEA+A+AxAgAgAPAKAEABA6BIBRBbBIBIBGBHBDA/BFA1AyAdAUAYAOAHAG
3115201001001,AzBIBfBgBaBRBSBIBTBIAxA5AlAgAYAWANAKAEA6BCBZBNBRBKBMBLBLA+A5AkAoAlAWASAHADAB
3115300003001,A9BFBOBZBOBJBPBMBMBJA9A+ArAkAbAYAKACAAA3BBBQBVBKBQBEBIBHBMA0A3AkAiArARAJAFAF
3115300003002,AqA4BIBQBQBSBNA+BABOA/A4AyAfAfAPALAFABAwAyBDBGBQBSBPBJBMBTBMA6AtAzAvAeATADAG
3115300003003,A7BOBNBfBOBSBLBBBOBOA8A/AiAgAWAKAHACABAzBNBaBTA+BhBEBTBFBNBKAtAsAiAWALAJAFAD
3115300003004,A1A5BOBLBTBIBOBDBMBMBAA2AmAeAZAOALAHAAA4A8BIBOBNBPBKBQBOBRBPAyAxAmAkAfAOAEAG
3115359001001,BEBVBmBWBRBJBaBQBMA9AwApAfAXAPANALABAABFBPBhBXBPBQBkBKBFA/AyAzAkAcAZAIAJAEAF
3115409001001,A/BOBnBnBYBUBPBKBLA3A2ArAkAkARALANAGAABBBLBbBlBbBXBGBDA5A0A3AmAhAlAOAbALAGAE
3115458001001,BgBmB5B3BbBKA+A6A6AzAnAoAhAVARAKAGADACBSBoBxBvBZBJBFA4A0AvAsArAcAZAYARAMAGAC
3115474001001,BWBjB6BxBOBIBGBFBBBAArAzAcAbAfAGAFAAABA8BPBkBsBPBHBFBCBJA9A1AjAkAhATASAFAEAD
3115508001001,A5BIBUBWBHBNBIBDBABEA/AyAmAiAfATAKAGABA4BDBNBSBIBQBJBIBKBGBBBAAyArAfAeAKAHAH
3115607001001,AtBOBgBrAyAsBIBmA+BPA6BAA+AoAnAiAAAAAEAvBIBZA4BKBYA0BCA0A/BKA0AkAdA+AbAHAMAD
3115706001001,BCBKBUBSBKBABKBDBDBDA+AqAoArAaAWAOADACA7BKBZBZBGBKBIBKBGBHBDA1AyAhAjAYAOAGAD
3115805001001,BABFBXBOBcBMBQBHBIBGA7AzAmArAgATAPAFADA9BEBNBSBQBMBOBKBGA+A/ArAkAmAeASALAGAC
3115904001001,A3BDBcBYBDBGBAA7BKBXBMAzAmAoAuAUAMACAAAqBFBdBQBFA7A8BDBSBMBHA0A4AmAgAdALADAC
3116001001001,BGBLBaBSBWBZBSBCA+BFA9A7AmAaATASALAJACA4BJBZBTBWBSBHBIBBA+AxA0AiAfAeATATAJAC
3116100001001,BQBnB2B1BuBXBFA5AyAqAnAfAdARAOAHAHADAABOBiBzCABnBOA/A+A5AyAkAuAhAWAWASAIABAB
3116159001001,BeBqB0ByBzBoBLA7AxAxAmAlAfAWATAJABADABBiBqBwBzBlBRA+A1AsAnAfAlAWAPARAJAIADAD
3116209001001,A9BLBLBKBOBCBBBBBEBOA5BDAxAlAYAQAQAEAABKBHBiBNBZA9BJA8BJBNAvA7AkA2AXAVASAIAK
3116308001001,A8BKBhBjBfBRBNBDBHBJAsArArAaAXAaAPAFACA0BCBWBhBcBJBFBDA/BCAsAxApAjAgARAUAGAD
3116407001001,A9BRBWBcBYBSBMA/BCBDBKBCAxAmAbALALAGABBPBRBbBVBNBQBBBFA1A9AyA3AgAgAUAOAGAEAD
3116506001001,BFBLBYBoBeBMBKBHBKBDA2AwAlAcAcAKANAFACA6BEBhBnBQBEBHBJA/A4A5AoAkApAcAZALAHAA
3116605001001,A/BNBQBbBaBZBgBZBGA+A9AqAkAUASARAHAGACA7BQBZBTBUBIBhBXBHBBAnAqAhAfAYAKAIAFAD
3116704001001,A4BRBYBMBIBSBOBFBLBGA8A4AxAYAfAOAVAFABA4BGBVBPBJBNBOBCBJBGAwA3AsAgAUAaAUANAI
3116803001001,BOBdBxBlBdBKBLA/BBA1AtAhAgAdAVAMAIAEACBNBVBoBtBeBGBMA+A6ArAsAxApAgAYAQANAIAC
3116902001001,BJBJBKBLBeB2BcBJBIBVBNAmAyAdAVALAJAGAABeBKBNBJBOBNBFA/A8BVArAoAaAXAVAMAHAIAA
3117009001001,BEBXBoBtBPBIBCA4BFA9AvA2AjAmAZAUARAGAGBFBUBoBqBHBBA9A9A5A2AwAvAzAeAVAVAMALAI
3117108001001,BFBRBRBPBUBRBRBKBMBEA9A1AnAdAZAXANACAABJBJBNBSBTBKBKBGBBA+BEAtAnAcASAcANAIAB
3117207001001,BHBGBWBVBTBhBOBOBfBFBKA3AgAbAeAQAMAIACAxA5BLBCBRBHBHBSA9BIA9AnAoAsASAeAIADAC
3117306001001,BRBRBYBYBwBtBcBPBIBCA3AmAaAcALAJAHACADBPBMBVBUBfBcBPBIBBA5AsApAWAYATAOACACAC
3117405001001,BFBEBPBQBCBDBCBTBKBNBAA8AhAwAUAVAPAJAEA7BPBJBJBGBOBLBJBPA8A0AxAoAqAjAbAPAMAG
3117504001001,BNBfBoBvBXBNBEA/A+A1AyAuAjAdAVAPAKACACBKBWBoBkBMBDBBA7A6A7AuAuAqAaAaAVAPAQAI
3117603001001,BEBJBWBTBVBPBOBRBGBCA5A7AmAlAbAVAQAGACA6BLBOBPBJBPBKA/BIBFAvAxAvAkAZAVARAIAB
3117702001001,BIBPBdBaBTBMBIBEBGBCA/AvAiAnAYAVAFAFABBEBRBiBXBMBPBFBCBCA+A3AsAnAhAhASAJAFAH
3117801001001,BJBKBYBeBTBUBRBQBKBFBEAtAiAXAeAFAIAJAABIBKBcBVBVBLBFBLBLBABDAeAqAfAXAKAGADAB
3117836001001,BHBiByB2BYBLBCA/A1A0AyAkAlAjAXASAJAFAEBABjB0BtBRBJA8A4AzAuAwApAlAfAVATAPAMAG
3117876001001,A+BQBcBcBRBSBUBRBIBEA5AoAaAaAVAKAFAEADA2BCBcBfBTBWBcBdBFBEAzAzAZAiAXAQAJAFAC
3117900001001,A/BGBNBLBPBbBTBTBPBKBCA0ArAnAWAOALAGADAwA8BIBLBKBTBNBOBIBGA9A7AqAfAeAVALACAB
3118007003001,A9BGBWBeBnBgBRA8BJBGBCAsAgAVAOAKAJABAABDBGBTBeBcBbBLBLBQBJA2A5AaAYAVAUADAEAA
3118007003002,BDBIBZBaBZBcBRBIBIBBA3AuAeATAXAJACACABBDBGBWBaBVBfBWBLBKBIA/ArAnAbAUASAMACAB
3118106001001,BIBlBxBtBLBKBOA/A0AwAyAmAnAgAfASAEACAFA9BXBoBuBGBHBAA9A2A2AoA3AsAkAiAOATALAG
3118205001001,A6BPBOBgBSBcBNBJBDBGA7A6AoAcAXASAJAGACBEBHBNBQBOBQBKBHBDBABEAtA0AfATANANAJAF
3118304003001,BGBDBMBVBXBcBRBDBEBFA8A6AjARAPAGAGABAAA6BDBLBTBZBjBWBHBKBUBGA+AqAgAQARAMAEAB
3118304003002,BBA/BVBZBmBlBWBBA/A/A8ArAjAYAMAKAHAAABA+BGBQBWBcBiBWBKBMBIA8A4AlAZARARAMADAE
3118304003003,BPBTBbBbBcBcBYBKBFBCApAtAYAaALAHAEACACBQBRBXBXBfBXBdBJBMBDA5ApAiARARAHAIADAF
3118304003004,A9BLBYBcBdBXBSBIBHBGA4AxAiATAOAIAJADACBEBKBYBWBZBYBOBLBMBMA+AtAjAdASAPAJACAD
3118304003005,A2AzBABLBcBgBJA9A9BFBMA1AnAeAXALAMAEABAsAyA8BIBaBYBNBHBMBWBPBGA6AlAbAdAaAKAH
3118403001001,BJBNBjBdBNBDBABDA/A7A7ApApAaAaAOANAIACBABQBdBWBRBMBLBIBHBBA/AzAqApAcAVAQAFAF
3118502001001,A/BMBVBPBABIBOA9BVBDA5BHAzAgAvAXARAAACA0BEBXBbBIA8A/A/A9BEAxAzAyAyAlAbAJAGAI
3118601005001,BTBWBqBdBkBtBjBSBDA0AsAkAcASAHAFAGABAABRBTBjBiBaBaBZBJBBA5A3AdAbANAPAGAEAFAB
3118601005002,BCBMBcBWBiBeBZBLBHBAA2AsAdAPAJAHAFADABBLBMBZBYBiBnBdBRBLBFA2AyAXAUAKAJAEAFAC
3118601005003,BBBFBUBYBaBfBeBSBJBFA5AmAdASAPAGAEAFAAA8BGBSBSBZBkBlBXBPBLA8ArAiAQAOAPAGAEAC
3118601005004,BTBPBUBaBnBbBgBDBCBAA8AlAUASAKADADACABBFBNBTBVBjBsBeBHA5BPBPAjAfAVAPALAEAFAB
3118601005005,A/BGBLBUBcBjBfBQBHA6AmA3AkAVANAHAEACAGBABBBNBQBdBsBmBVBKBCA/AtAdAjAQAQACAFAD
3118601005006,BIBFBSBRBaBiBcBOBJA7ApAvAYASAWALAHAAAABHBHBSBSBfBhBdBVBMBDAzA0AqAiAFARAIADAC
3118601005007,BCBPBXBbBiBkBjBKBBA4AsAqAgAQALAIAFAAAABKBOBcBaBjBpBfBPBGA/A6AqAZAXANAOAHAAAC
3118601005008,BMBKBTBQBZBdBfBPBGA3AtApAgAWARAIADADABBDBKBVBTBcBhBdBSBJA9A2A2AsAjAOAMAFAJAD
3118601005009,A1AzA/BGBdBeBVBIBHBEBIArAiAVAZAJAGABABAuA1BABNBfBlBcBQBQBVBMBAA7AgAgAPANACAC
3118601005010,A+BFBNBSBfBiBYBMBIBAA2ApAeAUAUAMAHABACA/BBBNBSBgBhBbBOBOBGBCAyAoAfAVAJALAJAB
3118601005011,A7A6BOBRBZBfBWBJBLBDBEAmAjAUALATAJAEAAAyA+BHBOBcBeBcBTBTBPBDA1AjAkAdAJAMAGAE
3118601005012,A8A9BIBLBYBnBkBTBLA9AyAtAaAdASAGAGABABA5A+BIBMBaBvBnBYBPBJA7A2AjAhAUAQADAGAC
3118601005013,A8BDBMBPBgBnBfBKBHBAA5AzAfAPAOAFAFACADA+BCBLBTBhBqBeBTBTBJA9A3AjAUANANAIAFAB
3118601005014,A3A2BBBOBZBgBVBMBKBIA1A7AmAVANAIADAEABA0AzA+BMBdBrBfBTBTBTBQA6AvAdATAZAFAHAB
3118700001001,A/BNBZBXBQBGBFBHBDBEBAA7AnAbAeAOALAHAFA1BMBkBdBQBKA/BDBBBIA7A3AnAhAXAZAMAIAG
3118809001001,BRBTBiBtBZBTBKBEBEA8AzAoAgAdAXANADADAEBCBRBqBhBWBPBGA6A+A5AsAuAlAgAaAPAOAGAE
3118908001001,A1BCBRBiBaBSBRBHBHBFBAAyAuAiAZAZAJAGACA/A+BMBWBQBKBIBEBIA8A8A1AmAoAcAUAMAFAI
3119005001001,BVBVBdBXBKBQBCBMBNA9A1A7AuAgAeASAEADAABCBMBiBdBMBLA/BGA9BDA8ApApAjAXALAKACAD
3119104001001,BBBPBcBaBQBNBDBCA/BBA3A3AsAZAaASAKAEABBBBOBdBXBNBKBKBDBEBHBFAtAlAhAcAdANAFAD
3119203001001,A+BTByBlBVBNBEA+A9A9AzA2AlAiAfANARADADBABLBdBkBPBMBCBGA6A0AtAvArAjAhAWAQACAF
3119302003001,BCBCBNBMBUBTBKBJBNBHA8A3AoAeAPAYAEADAAA0BBBSBWBRBMBNBXBNBMAyBFAhAsAdATALAGAF
3119302003002,BABGBUBUBLBQBPBQBbBPBXAqAoAoAgAIAFABAAA5BFBTBNBIBKBKBNBMBCA8AwArAcAWAKAOAIAE
3119401003001,A2A/BMBNBNBXBJBDA8BFBDAzAjAYAVAUALADABA6BBBIBSBVBbBRBKBRBRBMA5AnAqAdAVAPAGAH
3119401003002,A6BDBQBPBaBVBVBDBFA9A5AvAZAcAWAPAKADADA4BFBQBRBaBaBdBRBOBKBMArApApAbAMAKAIAA
3119401003003,BNBQBeBZBeBeBUBKBAA+AzAmAeATAMANAGAFAABPBOBaBdBWBaBTBKBHBAA7AwAfAXARAGAQAEAA
3119401003004,BKBNBeBdBeBbBNBIBBBAA9AmAbARAPALAEADABBIBMBaBTBeBYBUBOBRBGA0AzAhAZAWANAFACAF
3119401003005,BGBNBcBYBfBaBUBCBDA9A7ApAbAVALAQAGAFABBMBLBVBWBgBeBRBLBHBEBBAsAjAYASAPAIAFAE
3119500001001,BEBTBnBlBaBbBIBAA+A9AyA0AkAXAgARALADACBABUBfBnBTBOBEA6A2A3AwAqAiAgAeAWAJAFAN
3119609001001,A6A+BSBbBOBPBQA9BRBWBFAvA0AeAWAWALAFABAzA+BKBMBTBCBGBHBTBEA4A/AxAfAjAXAPAEAD
3119708001001,A0BEBNBSBHBLBYBHBHBRA/AsA0AhAaAYALAEACBKBBBLBaBEBOBXBKBCBJA7A0ArAcAdAWALAEAF
3119807001001,A9BKBLBQBHBDA+BGBKBNBMBHA8A5AoAUALAFADAsBGBJBEBDA/A9BJA/BRAxA+A0ApAhAZAOAGAB
3119906001001,A/A3BNBNBIA9BABDBNBOBDBIBCAxAnAZAaAEAFAoAzBEBJBFAtBOA+BCBABIA8A/A0AlAUATAOAC
3119955001001,A4BMBRBVBUBYBjBLBSBNA9AxAlAfAdANAFACACA8BDBLBNBJBkBRBPBGBDA5AsAkAbAcAPAIAEAB
3120003001001,BJBPBRBWBKBIBIBBA5BDA2BEAzAcAYAOARAIAEBIBVBaBbBOBEBGA8BEBFBHAsAwASAeAaAJAHAA
3120102001001,BVBOBvBxBYBGBIBEBBA/AtAuAZAWAWARAIABAAA5BJBjBsBUBIBCBEBFA7A3AnAnAnAcASALAIAJ
3120151001001,BPBiBtBpBUBQBFA/BDA3AtAgAlAeAiASAGADADBNBdB1BpBOBIBGA3A2AvAsAlAlAcAeAVAKACAE
3120201001001,BNBIBRBJBeBdBRBKBCA/A7A2AoAiAdAQAFAGAEA+BEBOBQBUBVBSBFA/A+A2AxAqAdAcAWAJAIAD
3120300001001,B1B5CFBtB8BQA+AzAmApAiAjAVAWAJAHACACABBfCCBxB8BpBYA8AyApAlArAdAWAUAJAPAIACAA
3120409001001,BGBXBdBfBVBQBdBFBJBAAzAuAoATAXAMADABAABABQBVBWBJBSBZA+BGA9A0A3ApAeAZAPAPAHAE
3120508001001,BABIBcBWBaBMBOBNBKBIA+A0AwAiAUAQAJADAABABBBNBYBOBJBHBHBJBFA2AtAoAiAZAYAPAIAD
3120607001001,A7BKBSBMBHBQBFBSBaBHBKAqAqAgAmAQASAEABA6BCBNBNBIBPBKBFBFBCBFAoAvAlAZAfAQAFAC
3120706001001,BRBaBWBcBTBIBJBQBTBCBDAeAqATAUASALAHABA+BLBlBfBOBKBBBPBDA/A6AkAbAcAXAVASACAH
3120805001001,A3BGBZBbBRBMBBBGBQBGA6A3ApAgAeATAIABABA6BKBdBhBMBIBABGBHBHA3A5AoAjAkARANAGAC
3120839001001,BMBVBoBdBVBMBIBIBBA+BAApApAWAWANAJACADBMBMBUBaBTBPBGBDBHA/ApA7AnAcAZATARAGAC
3120870001001,BSBoBwBnBbBNBNA9BCAvAlAxAfAfASAMAHAIABBOBmBvBgBXBOBIBBA1AvAmAyAhAbAWAMAKAEAD
3120904003001,AxBABMBbBYBPBFBBBHBBA2AtAmAaASATALACAHAyBCBPBbBRBWBQBLBOBPBGA0AoAmAnAdAVAKAD
3120904003002,A9BQBXBYBbBSBGBEBAA9A/AgAdAYAZAOAGAEABBCBIBUBeBcBYBQBHBOBKBAAqAsAgAZAUALAHAD
3120904003003,BIBXBiBgBXBQBJBJBKBAA4ApAnAXAVATAIABABBLBPBeBbBUBQBPBLBFBBA0AmAhAYAVAPAKAEAD
3121001001001,BGBZBqBzBYBDA/A/BEA4AwAsAhAcAVAIAGAHABBDBUBoBtBTBIBDBEBHBBA5AjAgAaAZAiAJAJAE
3121100001001,BABJBiBhBUBMBEBQBSBQBCA5AjAiAbAOAIAGACA6BEBlBOBCBGA+BHBOBJA8AuAcAkAVAQAJAHAA
3121209001001,A9BPBkBYBGBRBOBOBNBJBCA5AoAlAWARAJAEACBBBLBOBYBABJBJBPBCA/AzA3AoAdAYARALAEAG
3121258001001,BmBYBVBgCSCEB/BcBAA1ArAgAcANALAHABABABBgBPBNBPBeBaBOA6A7AnAmAdAUAUAKAGACABAB
3121308001001,A/BCBQBXBSBYBMA8BFBHBEAzAwAfAdANAPAFAIA3BDBRBTBPBcA8BCBHA5A3BDAoAfAhAXASAHAE
3121407001001,A5BEBPBUBNBWBKBFBJBHBBA1AzAlAkAUAOADAEA1A6BNBVBDA6A5BKBMBMA3A5A4AoAiAXATAHAG
3121506001001,A0BDBOBTBOBGBYBRBKBNBDA5A0AgAcARAaAAAAAzA3BOBSBEBDBEBCBNBFBEA1AgAyAeAdAVAKAB
3121605003001,BJBdB1BxBYBSBBBABEA7AxAmAaAfAPAMAHADAABKBYBuByBYBJBFA6A+A8ArApAfAUAbATAJAIAC
3121605003002,BCBEBUBlBrBUBNBDA8A+AyAfAYAUASAKAKADACA0BCBTBmByBiBVBLBKBJA1AtAmAbAfAPAKALAD
3121704001001,BCBUBkBlBJA0A8BKBAA9A3A4AuArAWAdAHAGACA9BRBfBfA9A2BKBFBBAsBBAwAeAlAhAmAaAOAG
3121803001001,A5BDBRBeBUBXBABHBDBIBAAkAeAiAgAaARABAAAwBFBXBYBKBOBIBFBGBCA1A9A3ApAgAeAVACAA
3121902001001,BNBJBTBeBZBOBFBCBCBIBAAxAbAdAiARAMACADBNBPBRBiBKBEA3A+BOBLA3A4AoAXAXAXAOACAJ
3122009001001,BKBhBcBaBRBPBLBEBCBCBFAnAkAcAXAQAHADADBEBUBeBWBQBNBKBGBBA+A2AyAZAgAcAMAPAGAD
3122108001001,BGBLBgBpBGA/BCA8BOA9AuA1AgAsAZAVAVAFADBCBLBVBTBHBJA9BNBHA+AyA/AsAqAaAZAYAFAA
3122207001001,BQBRBsCCBXBKA8A2A6A7AqAtAlAYARAOAKADAHBFBXBkBrBcBJBFA/BBA6AoA5AiAXAaAWATACAB
3122306005001,AuAvA8BLBWBVBMBBBBBKBFAyAnAjAWASALAEABAoArA5BLBeBaBTBIBSBdBNBEA1AqAnAjATAEAG
3122306005002,A7A+BSBVBaBWBPBNBJBNBFAoAfAaATAIADABABA8A/BLBYBVBZBVBRBVBVBAA2ArAYAXARAGABAB
3122306005003,A8BHBTBQBdBbBWBQBHA/A+AqAnAVARAOAEABABBEBHBPBQBTBZBXBQBHBJA5A6AqAbAWARANACAC
3122306005004,A+BOBWBUBZBZBaBPBKBFA6ApAgATAOAIAEACABBABGBWBTBZBbBdBOBPBLA8AuAfAZAVAOAIACAC
3122306005005,A7A6BPBXBhBYBUBNBJBKBFAnAnAVAPAMAFAEABA2A+BIBQBaBZBdBSBSBSA/A2ArAYAUASAHAEAD
3122306005006,BMBKBYBUBcBaBdBQBJBBA8ApAWAbATALABABAABFBNBQBQBdBdBfBSBOBDA3AtAfATAVAIAGAAAB
3122306005007,BIBNBhBWBaBTBXBQBQBJA7ArAjAaAcALAHADAAA5BIBRBTBRBMBTBPBNA/A1AwAjAZATAMAJAHAB
3122355001001,BWB4BnBrBbBRBHBAA+A0AnAgAgAQAQAHAFACADBaBqBqBhBhBWBOBDA6A4AnAjAfAXAUANADAGAC
3122405001001,BQBUBgBbBSBKBOBDBCBCBBApAoAkAcAYAIAHADBCBKBcBdBUBGBHBGA1A/AmA5AmAaAeAQANAFAG
3122454001001,BTBXBjBnBkBeBMBGBGA7AyAmAbAhARALAOAFADBGBMBgBmBZBTBHBBA8A1AlAvAqATASAPAHAGAG
3122470001001,A8BiBiByBPBSBGBDBNBHA7A7ApAgAZAIAOACAFBABNBiBjBKBCBCBCBGBEAzAuAbAUAWAMAMADAA
3122504001001,A+BMBlBVBNA9BCA3A/A2A5AzArAjAfAdATAFAFAzBKBRBSBJBKBJBEBEBGBEAxA/AnArASAVALAB
3122603001001,BCBSBiBnBNBBBFBDA1BDA5AnAnAdAmAKAGAHAIBDBZBkBZBKBHBAA8BAA7AzA5AoApAdAcAVAKAJ
3122702001001,AyA7BUBPA/A+BCBFBIBRA3AyAwAlAeAaATAGAGAtA5BNBNBBBKBABEBTBSBJA3AzAwAjAnAUAOAM
3122801001001,AvA8BaBRA6BNBGBYBUBSBVAoA3AtAiASAIAKAAA8BBBRBPBLBFBNA/BHBNA0A5AeAgAoAQAOACAE
3122900001001,A+BKBaBeBUBOBMBNBMBJBDAuAeAcAUAPAPAFADA7BEBVBYBOBOBKBKBLBHAxAzAlAhAZAUAMAFAC
3123007001001,A9BFBMBWBOBUBJBNBNBNBAA6AvAYAPANAFAHABA6BABNBWBJBOBPBIBVBTBAAwAoAlAVAPAQAJAD
3123106001001,A9BdBkBjBGA7BKBBBCBKAzAzAqAYAgAUAJAEAGA9BXBfBdBLBLBDA/BHA4AxAvAtAZAmAeAGAIAJ
3123205001001,A0BEBXBYA+BCBCBABIBLA+AzAvAlAdAZAQAHABA0BEBMBMA9BABEBPBKBNA/A8A0AvAwAfAMANAF
3123304001001,AuBNBdBlBLA6BJBGBGBPBKAyAzAiAgAaAKAIACAvBTBgBbBABBBDBABEBCA3AwAwApAVARAWAFAE
3123403001001,BJBMBYBVA2BLBLBuBFBLBJA1A2AgARAQALACAAA5BFBDBTBKBOBIBPA9A6A8BFAvAWAZASAPAHAA
3123502001001,A2A2BKBjBVBGBIBcBJBNA5A7BHAlAqAbAMAAAAA5BLA0BHBNA/BGBGBPBMAtBFAjAyAUAfAGAAAA
3123528001001,BOBZBpBmBdBeBHA/BCBBA3AlAmAQATANAJADABBGBeBwBcBYBOBLBDA8A4A3AjAcASAeAKAIAGAD
3123601001001,BCBLBXBSBTBTBOBEBFBEA1A4AsAeAXANAKADABBHBPBWBYBPBRBOBGBDBFBGAsAqAZAfASAJABAB
3123700001001,BJBVBvBgBOBGBFA7A+A3A5AjAgAeASARALADADBIBZBoBcBaBNBPBEBHA/AyAuApAZAeAUAIAIAC
3123809001001,BHBQBtBnBXBNBFBDBBBDA7AuAlAcAZARAHADABBKBPBhBiBPBSBQBCBDA6A5AmAmAXAVAOAKADAB
3123858001001,A8BQBZBYBVBCBIBBBFBIA3AzAlAaAjATAOAGAEA/BLBhBVBNBMBOBKA5BBAuA3AqAkAjAZAMAFAC
3123908001001,A8BCBUBUBVBQBQBFBOBEBAApAqAnAXAOAJADACA6BCBSBWBNBTBOBJBNBDAvA9AsAgAgAWAPADAF
3124005001001,A+BOBWBeBaBVBQBMBFBAA1AwAiAbAbAUAHABABBBBMBVBWBgBVBNBDA8A6A2AzAkAcAfAWAMAFAC
3124104003001,BIBQBiBmBLBKBNBCBBA/A2A1AnAaAXAQADAGAEBFBRBiBeBNBKBNBHBHBCA2AvAgAkAWASAHAEAG
3124104003002,BXBfBzBoBWBQBQBOBJA7AzAmAbANANAHADAAADBTBdBsBeBWBRBWBPBHA8AtAhAZASAHAJAFAFAA
3124203001001,BEBOBiBVBXBYBRBCBFA8BHApArAWAXALAJAEACBCBSBYBXBTBXBLBKBBBBA2A1AjAaAXARAKACAD
3124302003001,BIBSBjB1BiBRBIA8A2A1AxAsAqAfAWANAEAAAGBMBUBkBsBcBUBDA6A2A2AmA9AcAaAcAOALAIAK
3124302003002,BKBNBWBjBjBaBIA+A/A4AsAoAgATAZAPALAEAABBBRBaBkBmBjBFBGBBA7AyApAkAhAXATAQALAC
3124401001001,AxA/BPBZBOBSBLBQBTBPBKA5AxAzAhATAMAFABA2A5BTBFBDBDBFBKBOBEA/AvAwAbAnAUAHADAD
3124500001001,A9A/BQBSBcBWBQBRBRBFA/A2AqAhAcAdAFACADA3BFBTBOBLBLBGBJBLBFBCAsAvAjAPAQANAEAE
3124609001001,BCBDBJBfBRBGBFA4BEBGBJAtA0A2APAVASACADA2BGBNBiBHBDA7BPBGA9BLAuAyAYAlAgAMAMAI
3124708001001,A4BFBYBIBHBGBABDBMBKA9A9A7AnAtARAKAFADAxBDBTBLA/BABEBOBIBJA6BBA5ArAYAeAPAFAH
3124807001001,BDBJBXBYBcBWBRBHBPBSBEAwAmAjAXANAKAEACA9BFBWBQBSBQBHBABKBGArAyAiAaAZAQAMAFAF
3124906001001,A/BEBLBMBZBXBMBCBFBFBFAwA2AdAdATARAEABA+A+BLBNBTBNBQBIBDBFA2A8AyAXAVAZAWAGAG
3125002001001,BKBGBfBZBbBDBOBIBNBKA4AoArAWASAJAMAAACBBBPBfBoBTBTBGBOBMBEA6ApAjAUAVARAPACAC
3125101003001,BHBIBTBXBkBkBXBKBBA8A5AtAjAeASAPAGADABA/BEBTBQBfBaBZBKBGA6A3AsAnAiARASAGAGAC
3125200001001,AxBFBDBKBNA8BFA9BNBNBQBQAwAxAQAZAVACADA8BABJBLBKA2A+BNBNBHBLA5AtApAfAYAWAFAJ
3125309001001,BHBQBSBmBVA/BBA/A/BBBDA5AxASAmAZAQAGACA+BDBXBSBFA7BIBCBCBIA3AzApApAdAiALAGAP
3125408001001,BJBpB2BqBEBEA3A2BQBAAzAiAkAdAVASAPABACBEBPB0B0A9BBBDBBBEBAAoAlAoAfAlAZANAFAF
3125507001001,BOBQBnBvBXA/BKA+BGA+ApAoArAWAMANAIAAAAA9BWBtBpBWBKBJBNA+A4A0AvA8AgAbAOADADAE
3125606001001,BKBRB6B0BPBAA+BBA9A7AvApAuAhAmAMAFAMAEBBBZBpBjBKA5BDA6BDA2AtAoAmAvAVAYAPANAD
3125705001001,BBBKBbBdBQBJBKBGBEBFA8A4AnAcATAXAKADACBBBRBaBXBZBIBQBGBDBCA3AzAmAeAcAMALAFAF
3125804001001,BIBWBrBwBGBDA7BAA4BPBAAvAqAcAUAbAQADAEA5A9BSBmBJBHA+BKBFBHAuA2AkAnAdAYAQAHAE
3125903001001,BBBQBfBYBABBBGBJBDBLAtA0AkAnAmAaAIAHACBBBLBfBWBFBEBABEBGBFBBAoAqAeAjAaAWAHAG
3125952001001,BOBcBkBhBaBaBYBHBHA1A3AoAjAWAZAKAKADAABKBYBhBaBTBUBJA/A8A5AxAqAmAWAUAOAIACAH
3126000001001,BBBHBXBdBPBJBMBJBKA/A6AsAqAeAUATAMACADA3BJBUBmBZBIBMBLBLBNA8AnAwAhAVAQAKAGAF
3126109003001,A6BGBWBSBXBTBSBGBJBHA1A1AkAXAWAUAFAEAAA7BBBUBQBTBWBXBKBNBLBDAwAxAhAZARAHAEAD
3126109003002,A1BCBJBLBOBSBKBMBNBHA0BEAuAmAgAVALACADAyA+BFBOBIBOBJBLBKBLBAA7AsAqAhAfAKALAC
3126109003003,A0A7BMBWBjBbBPBCBLBLA9A6AsAWARAMAFACADAvA7BIBUBUBQBNBKBXBUBPAyApAcAWAYAQAGAF
3126208001001,BgBbBoB3BfBbBOA8A+BAA0ArAkAUAPAKAJAAACBOBYBfBxBXBSBJA+A3A1AvAbAaATAQAQAKACAE
3126307001001,BBBQBqBFA+BPBLBPBJA/BMA6AxAnAVAHALALADBGA/BKBTBPBVBLBJA5A+BHAqAyAdAQAYANAGAD
3126406001001,BIBJBiBUBeBRBLBQBHBLA0AyAiArAMAdAAAHACA8BOBbBYBQBKBQBQA6A/AuAsAlAXAiAQALADAE
3126505001001,A0BOBhBrB8BgBDBGA7A+A2AsAgAjATARAIAIABA0BPBTBmBjBRBBAzA5AyAwAsAkAjAgATATANAE
3126604001001,BRBZBsBlBZBMBRBFA/A/A2AyAhAWAUAUAPAGACBMBXBoBkBIBWBIBGAzA0ArAlAjATAWAPAIAHAC
3126703001001,BPBZBnBpBfBdBOBDBIA7AmAzApAXAUAUAEACABBJBNBhBgBVBNBFA8A9A2AyAoAmAfAWAOAJADAF
3126752001001,BSBkB4BiBZA+BMA7A+A3A3AtAcAhASAWAHAGAGBCBgBoBmBMBNBDA8A4AuAoA3AeAmAaAXAGADAG
3126802001001,BSBjBiBjBNBNBMA9BDBAArAmAgAfAXAVAMAHACBNBcBnBjBSBJA8A4A7A4AzApAcAeAaAeAQAHAG
3126901001001,BOBfBqBiBPBKBJBABAA4ApApAeAYAaAMAKADADBEBXBgBlBSBLBJBPBEA+A5AnAeAmAcAXAKADAF
3126950001001,BPBeBpBgBdBdBYBGA9ArAtApAkAVAdAKAEAEACBHBpBpBlBYBEBGA/A3AxAtAqAaAfAfARAFAIAF
3127008001001,BXBPBWBUBiBpBcBMBDA6A4ArAnAXAUAJAEADADBVBIBPBVBeBZBTBCBHA5A0ApAhAbARAGAJACAB
3127057001001,BLBQBvBnBDBPBCA/BCA7AtA2ArAqAiAaAFABACBIBdBeBlBDBHBBA6A0A4AtAsAnAyAbAWAQADAF
3127073001001,BcBzCABzBUBMBBAtAvAqArApAyAYAUAKAKAIACBhBhBuBiBNBMAzAvAtAvAyA2AlAXAgAMAQAHAF
3127107003001,A7A6BGBPBiBjBOBHA/BAA1AwApAcAhAUALADADA1A4A/BTBbBSBNBHBJBJBAA5A1AqAhAcAKAGAH
3127107003002,BEBJBQBXBjBcBcBOBPBHA5AzAnAZAWAMAHADABBHBGBQBSBTBWBTBJBKBHA4AsAjATAPANAFAEAB
3127206001001,BUBaBpBVBLBPBNBIBFBAA6AmAvAYARASAIAFABBEBWBZBdBSBLBPA8BGA7A7AqAsAVAgAOAHADAC
3127305001001,BFBXBgBcBGBDBGBEA9A+AwA4ArAiAVAJARAHAAA+BPBsBZA/BIBNBFBMA7A4A8ApAtATARANAIAH
3127339001001,BNBOBhB9BbBLBPA6BBA7A5ArApAiAUASACABAABBBHBpBsBSBNBDBBA6A/BAAhApAXASAOANAJAC
3127354001001,A+BRBpBYBUBLBOBJBFBBA9AeApAqASAUANACAEBJBOBgBUBSBQBEBLA9A4AzAxAmAhAlAMAQACAA
3127370001001,BRBLBRBiBCBGBEBABDA+BAA3AmAXAaASAGALAABIBNBXBaBUBOBLBLBFA/A/AqA0AgAeARAJAKAA
3127388001001,A+BHBXBYBIA+BMA3BKBPA8A4A0AiAfAiAHAKAAA4BCBKBJBIAxBJBCBRBPA+BIA2AaAoAWAMAPAA
3127404001001,A3BGBmBJBJBBBWBIBTBOA3BDA2AqAfARAKAFABA9BABYBLBJA/BCBNBKBJA6AxA0AnAaAQAFAEAA
3127503001001,BMBdB4BpBYBIA7A3A8A4AwAuAsASAXAMAGAHABBFBYBzB0BTBPBAA7A8A3A1AvAkAZAWAOARAHAC
3127602001001,A+BKBhBlBeBTBAA+BDA6A0AwAkAdAOAPAKAEAAA9BEBdBmBkBSBGBFBIBDA4A0AjAdAaATATAHAF
3127701005001,BGBYBoBbBWBQBJBFBCA9AsA3AhAmAgAZAHAIACBBBWBmBdBJBDBDA9A6A5AtA1AgAqAZANALANAC
3127701005002,BMBPBdBYBeBVBNBFBEA0AyAdAdAQAOALAEADAEBNBUBkBiBbBgBWBPBNA9ArAxAyAUASANAKADAB
3127701005003,BCBXBYBlBoBeBKA3A8A6ApAjAlAVANAOAJAEACBNBYBaBWBeBQBaBEBZBBA+AxAfAYASANAIAEAC
3127701005004,BVBdByBjBaBOBPBABAAzApAfAUAaARACAIADABBRBgB0BmBeBXBUBHBEA8AvAoAaATARAMAKADAE
3127701005005,BCBLBTBSBRBNBOBCBEBFA5AhAaAbATASAFADADBBBHBZBVBbBUBdBJBQBPA/AxAlAkAbAOAVAGAD
3127701005006,BGBOBUBTBeBYBRBDBAA7AwArAdAYAWAJAFAEABBHBFBYBXBcBeBYBJBJBCA7A0AqAgAdANALAHAB
3127701005007,BJBYBfBaBUBSBRBABBA+A3AmAZAbAWALAEABAABIBQBUBUBXBaBXBPBNA+A+AsApAeAbAKANABAE
3127701005008,BQBeBsBdBXBaBMBFBCA4AuAfAbARARAJACAFABBRBXBjBfBiBZBQBSBGA8AvArAjATANAIAMAFAD
3127701005009,A5A8BMBRBQBMBCA8BEBAA5AuAjAYATAUANABAEA5A6BLBXBhBcBLBNBQBQBRA1AmA1AbAbAXAFAF
3127701005010,AyAzBCBKBPBLBBA2A+BCA8A3AsAdAVAVAOAGACAvAxA9BXBdBbBRBLBVBVBUA9A0AsArAgAQAMAF
3127701005011,A+BJBbBiBiBeBKA/BABAAtAwAYAcAQAMAFACABA9BIBTBZBaBfBSBLBRBHA3A4AiAeAfAWAHACAD
3127701005012,A/BPBZBZBWBQBOBCBDA2A0AfAaAaASAMAKADAABLBLBaBcBgBcBYBMBJBDA6AzAwAZAiAOAKAGAB
3127701005013,A/BGBHBGBLBaBXBNBJBAA5ArAjAYAXAMACADAAA+BABMBIBUBjBrBWBTBMBGA3ApAnAWASADAEAD
3127800001001,BMBhB1BzBoBZBMA+A8A5ApApAaAUAYALAKABACBIBZBtBwBdBNBEA8A8AvApAlAhAcASAJAKAGAC
3127909001001,BFBIBPBPA8BMBQBPBJBQBIBEAcA4AVAKAZAKAEBCA1BAA8BgBNA2BMBLBKAtA7AsAoAlATASACAA
3128006003001,BBBVBdBtBgBWBLA9A9A4AtAjAeAUALAJAKADACA4BUBrBmBjBYBaBJBEBAAyAwAmAVAVAVAHAGAG
3128006003002,A8BRBpBjBOBMBMBDBBA8A5AqAoAcAYAPAJAEACA6BOBkBkBRBQBPBDBGA9A2AtAeAkAmAMAJAMAF
3128105001001,A9BNBaBUBWBPBVBKBSBMBIA0AtAhAWANAMAGACA8BHBTBXBMBKBJBIBCA8A6AvAgAcAUASAMAEAG
3128204001001,A5BGBWBPBcBUBKBGBCBDBFAyAjAnAeAZALAGAEA1BEBQBLBbBOA/A/BBA+BDAvAyAlAkAYAQAMAD
3128253001001,BIBIBfBkBZBUBPBEBKA/A3AyAnAZAbAIAGAAADBQBIBiBbBZBQBRA8BFA/A6AlAlAgASAKAGAGAF
3128303001001,A9BBBbBZBfBZBNBKBHBEBBAxAnAaAVARALAEADA3BCBYBYBRBQBJBIBDBFA7AvAvAZAZASAQAFAC
3128402001001,BCBCBTBWBdBQBFBIBJBPA/AwAqAhAdARAJAJACAzA/BKBZBKBKA7BEBMBEBGAsAlAnAgAYAVALAG
3128501001001,A8BNBZBgBHBRBSA7BCBEBAAzAZAhAeATAOAEAEA+BIBQBVBMBNBJA9BPBPA4AyAwAoARAXASAEAI
3128600001001,BHBUBeBiBQBYBJBQBTBMA3A0AlAgAPATAEAEAABKBKBhBSBYBBBSBTBHA+AwAjAfAVARARACAHAA
3128709003001,A+BGBTBXBaBVBLBIBIBJBJAvAhAbAXATAHAFADA4BDBPBTBRBSBMBGBHBIA+A3ArAhAVATAJAKAD
3128709003002,A4BABOBWBZBVBLBKBDBFA/AyAuAkAVALAIAEACA3A8BLBUBVBQBKBJBMBIBCA8ArAfAgAXAKAKAF
3128808001001,BCBHBPBZBSBNBEBDBMBNA9A1AqAiAZAPAOAJADA0A5BUBgBFBGBJBCBHBGBDAwAkAqAYAcAWAKAF
3128907001001,BDBSBcBgBQBMBHBMBLBGA4A2ApAkAUATAFAFABBCBPBVBbBMBMBBBFBIBCA9ApAoAeAZALAQAHAD
3129004001001,AvBABTBMBNBOBGBEBLBPBEA9AzAmAkAYAHAIAGA3A+BIBPBKBKBFBDBDBBBAA+AsAnAiAWARAJAH
3129103001001,A2BFBSBNA0A5BIBRBRBNBCA/BGA4ApAiAJAJAEA0A6BTBAA1A8BOBLBMBGA4BBAvAeAcAcALAHAE
3129202001001,BBBHBWBRBKBIBSBCBLBKA9A+AwAnATASALAJAEA+BCBXBYBMBNBDBKBGBBBCA2ApAeASAWAKAJAA
3129301001001,A9BNBiBfBRBOBEBBBIBFAvAtAjAcAfAQAPAIAGA+BHBhBgBLBMBFBKBLA7AxA5AnApAYAbAHAFAB
3129400001001,BGBABdBfBNBFBOBNBQBEA0AzAmAoAVAYAJAEAAA+BCBWBgBJBJBQBNBHBHA0AvAtAnAYARAHABAD
3129509001001,BABFBZBTBbBcBWBLBJBMBEAtAjAcASANAKAGABBABHBQBNBQBUBRBHBEBGBFArAnAZAYATAKADAC
3129608001001,BOBdBrBtBbBbBUA9A5A4A9AmAgAXAaAIAJADACBWBbBpBiBVBVBCA6A6A5AlApAgAUATAPAIAGAE
3129657001001,BPBeCAB1BeBNBCA4BHA0AyAkAzAXATARAJAEADBHBWBuBpBVBIA7ArA7AzAuAnAiAYAaATAOAGAF
3129707001001,BTBNBUBfBfBcBbBNBBA+A/A2AjAaASASAJABAABLBJBaBZBWBTBIBFBAA4A0AsAmAXARANAHACAC
3129806003001,BTBNBrBcBcBeBdBHBGAwAnAiAUAVAHALAEACAABQBXBhBpBhBZBeBMBGA5AzAnAjAPAPAOAFADAF
3129806003002,BZBWBnBqBlBcBcBDBDAyAkAnAZARAFADAFAAAABgBbBsBmBnBaBbBLBCA7AuAjAXALAHAEAEAEAD
3129806003003,BMBTBeBTBfBXBcBXBFA3AwAhAUANARAOAFABAABHBMBcBiBgBeBiBYBLBAArAtAcAdARAJAEACAA
3129806003004,BMBaBpBeBWBfBhBOBDA0AtAsATAOAIAHAEAAAABRBXBnBeBfBjBkBSBCA8A2AkAXATAGAHABAFAA
3129806003005,BKBXBiBfBiBfBcBLBGA5AvAoATAOAMADADACAABOBQBlBhBpBeBeBQBKBBAzAmAZARALADAEADAB
3129806003006,A/BJBdBcBZBnBZBHBDA5AuAwAdAQAPAGADAEAABCBRBcBfBdBiBZBPBLBEA2AxAkAQAMAVAEAHAA
3129806003007,BQBTBnBjBWBUBYBcBMA9A2AoAOAUAIAIABABAABGBWBmBaBYBYBeBVBNBFApAmAQAZAPAJAFACAB
3129806003008,BNBZBrBeBYBWBaBRBKA3AzAgAYANAPAGABABABBJBVBoBbBaBdBgBUBIA7AyAkAdATANAKAGADAC
3129905001001,AxBJBYBMBQBMBKBSBTA/A9BIA6AXAvAWAIAFAAA8BHBMBSBLBGBJBDBDBEA1BAAsAlAYAIAMAFAC
3130002001001,A/BgBUBUBRBEBNBKBABCA/AvAuAqAeANAJADAABDBUBjBZBNBCBNBNA5A5A1AxAcAoAfAPAMAIAE
3130051001001,BVBiBqB8B3BpBOBDA2AtAmAiAaATAOAPAGAFAABPBZBuB5BkBVBCAzArAtApAhAdAYAQAOAHAIAD
3130101003001,BNBfBiBaBVBZBVBNBFA5AuAsAZAhAUAXAGACAABHBTBgBaBTBSBSBPBAA7A1AgAkAdAfACAGACAA
3130101003002,BLBQBjBbBfBZBWBNBEA9A5AiAiAQATAJAGABAABFBQBbBXBcBZBYBOBFBGA+AhAfAcARAHAGAGAB
3130200001001,BIBQBcBkBoBbBVBSBBBDA7AjAhAWARAOAKADABBIBNBTBZBaBVBUBHBFBBArAtAsAQAQAHAHAHAA
3130309001001,A4A9BCBeBeBTBEBQBEBQBEA7AtAcAYAQAHAGACAuA1BKBVBWBMBKA/BRBNBOA0ArAsAdAVAGAEAE
3130408001001,BGBYBYBcBJBYBSBMBNA4AwA3AiAhAVASAKABAAA5BIBbBaBWBWBQBEBFBJA8ApAgAdAZAPAGAHAB
3130507001001,BEBPBgBbBWBUBHBGBIBDA9A1AoAWAcAMAIAIAEBCBMBdBcBQBNBHBIBFBBA8AnAfAjAdAMAJADAB
3130556001001,BKBgBiBhBSBQBNBOA/BBA4ArAcAjAVAQALAEACBFBXBiBbBVBKBPBEA8A2AyAwAjAWAYAPALADAE
3130606001001,A2A7BTBSBOBVBTBUBPBLA/A7AlAoAdARAEAGADAwA+BXBLBNBJBSBQBKBMA8A0AvAgAYANAMAGAA
3130655001001,BFBZB6B0BVBPBCA7A8A7AzAoAqAcATAQANADACBEBSBtBlBTBMA9A8A6A3AyAvAiAiAWAWAHAFAG
3130705001001,BLBYBgBeBeBbBYBQBKBGA1AmAnAYAQANAIACABBJBKBZBfBWBRBOBNA8BAAkAvAgAXAUAJAJADAB
3130804001001,BCBJBbBlBLBRBOBTBUBLBLA1AvAmARAKAGAAADBLA8BXBRBOBCBOBEBGBEAxAqAqAYAgAKAGAAAF
3130903001001,BCBPBdBXBKBGBKBKBCBFA9AvApAhAZASAPAGABA4BLBdBaBJBNBLBDBHBDA1A1AmAeAaAbAVAIAC
3131000001001,A4BZBhBdBeBcBLBLBBA3A5AyAhAeASAOAMACABA7BLBeBZBTBVBYA8BBBBBDArAiAdAQAPAHADAL
3131109001001,A+BOBjBkBSBOBNBBA/A7A6AsAlAdAXASAIAFADA8BHBfBeBWBQBHBDBJBGA/AjAlAnAXAVAMAGAG
3131158001001,BPBWBoBmBmBYBZBCBBA0AtAlAWAaASAOAJADABBSBeBkBjBWBNBVBIA+A2AuAqAbAaATANAFADAC
3131208001001,A8BKBTBTBNBLBJBDBFA9AzA1AkAkAcARAOAIAEA/BKBTBVBPBQBOBJBIA/BEAwAsAmAcAYARAKAD
3131307005001,A6AtA8BFBTBZBKA4A/A/BCBRAwAqAUAKAGABAAAzA1A9BDBWBgBbBDBLBcBZBQAwAnAcAWAMAGAB
3131307005002,A4BABJBRBiBgBRBGBHBABCAzAXAcARAJAKACAEA4A8BJBVBdBpBZBQBOBRBFA1ApAUAWAMALAFAC
3131307005003,BIBCBMBPBhBwBcA6A8A2A8BMAWAVAPAHAGACABBABDBHBMBnBtBZBCBBBRBNA6AhAXAUAJAGAGAC
3131307005004,A8BGBRBcBpBeBWBKBFA6A5ApAaAZAQAPAEACABBEBBBVBbBiBfBUBQBRBIA7AvAfAXAUANAHAFAC
3131307005005,BHBGBXBaBoBeBSBABBA+A6A0AZAWAQAAAFADACA8BEBQBdBmBjBcBNBRBMA2A2AgATAVAIALACAD
3131307005006,BIBIBRBaBfBfBfBPA9AxA3AtAiATARAIAGACACBEBFBJBRBnBmBkBQBFBCBDArAhAYATALAMACAC
3131307005007,BKBOBdBXBgBaBTBLBFA4A1AvAgAQAQAHAFAFACBABKBaBcBgBdBaBOBKBHBAApAhAXARAGAIADAA
3131307005008,BQBMBZBeBfBbBVBEA/A5A4ArAbAOAMALAIACAABGBNBWBfBhBdBWBOBHBBA6AyApARAXALAFACAB
3131307005009,A9BGBLBTBRBXBNBJBGBBBMA4AlAVAHAMAMAAAAA3BCBTBPBWBkBcBQBUBQBGA6AgAUATASAHAFAA
3131307005010,A/BFBTBZBfBdBMBHBGA7AtA0AeATASAJAFADACBDBDBOBeBsBhBYBNBQBHA7A1ApAYARALAHAEAG
3131307005011,BMBUBiBcBgBYBVBOBCA7AxAnAcATAUAIAFABADBPBMBbBdBeBXBbBSBBBAA2ArAhAOATAJAGAEAD
3131307005012,BKBQBfBeBjBXBTBHBEA4AzAmAeASAMANAGADAABNBJBeBcBcBcBZBQBJBAAoA3AdAXAVAQAFADAE
3131406001001,A6BFBIBNBYBTBSBCBLBPA/ApAqAtAkAgAGAHACA3BHBTBYBHBKBQA+BOA/A0A2AtAqAfANANABAD
3131505001001,A/BJBOBgBaBHBTBNBZBJA+A6AiAwAUAIAIAEABA9A/BLBNBJBRBOBWBMBIAuA6AsAaARARAJAEAB
3131604001001,BTBOBbBcBYBYBWBMBUBABHAlAgAhAVAMAGABADBEBHBWBWBNBXBEBRBIA+A6AjAkAXASANAGAGAC
3131703003001,BBBUBsBiBFBJBLBKBKA/AwArAfAaAOARALAIAFBFBRBlBdBNBIBUBLBIA/AxAmArATAeATAKAHAH
3131703003002,BFBHBXBcBgBaBPBJBGBBA3AnAYAXAKALABAEABBGBGBXBeBhBeBdBRBQBNA4AuAbAXARANAIAEAD
3131703003003,BABGBOBZBgBhBaBDBBBEA4AvAbAbAOALAFABABA/BDBQBTBjBkBkBMBOBJA8A4AdAZAQAKAHAEAC
3131703003004,A6A9BNBQBUBRBLBCBFBBA5AzAnAaAVALAJAGABAyA6BKBSBXBbBUBMBSBSBFA4AsAjAiAbASAIAH
3131703003005,BGBFBOBTBdBdBaBJBDA/A1AqAdARAVAJAGACABBBBEBRBQBiBiBhBTBOBHBAAwAlAfAVAGAKADAC
3131802001001,BHBNBeBVBTBYBYBIA5A8A1AmAdAfAYAZANAFACBCBHBYBMBaBXBUBHA+A8A6AwAsAjAZAWALAHAB
3131901003001,BJBRBeBYBbBaBZBIBIBEA6AmAdASAVAMADADAABEBLBTBaBeBVBYBLBHBEA6ApAjAWAPARAKACAC
3131901003002,A7A/BOBSBhBfBVBGBBBBA3AyAkAaARANAIADABA9A+BLBNBeBeBUBNBFBKA9A8AnAeAhAOARAGAE
3132008001001,BJBYByB8BnBbBPBCBAA8A0AoAqAjARAQAHABADA4BNBdBfBbBRBNAyA7AuA6AgAkAgAVAOADAEAB
3132107001001,BZBhB+B3BgBLBGA6A7AxAlAkAXAYARANAGADABBUBhB6BuBZBJBJA7A9AwAuAbAiAZAYAQAHAEAE
3132206001001,A8BDBSBUBKBUBYBOBLBLBCAvAoAjAYAPAJAJABA6BDBRBLBSBOBOBOBIBEAzA4AhAiAdAXAPAHAD
3132305001001,BaBwB/BrBhBYBMBEA2AqAkAgAQAeASAPAFACAEBVBqBxBoBiBMBJA4AxAoAnAmAcAZASASAHADAD
3132404003001,BHBLBiBbBiBYBVBNBCBDA3ApAgATANAKAGAEACBCBJBXBbBdBTBQBFBFBJBAAsAjAUANAUAMAGAE
3132404003002,A8BKBTBYBdBXBSBKBHBCBBApAnAXAVAPALADACBABFBSBWBWBTBNBHBIBDA9A0AjAgAbATANAGAD
3132404003003,A8A+BRBcBfBWBGBDBIBDBCApAoAXAOALAKAFADA2A7BQBbBeBWBMBJBMBQBGAvAkAiAbAXARAIAE
3132404003004,A/A3BEBVBfBcBHA/A+BHBGAxAtAcAQAQAJAEABA3A1BCBPBbBWBJBCBHBVBQA2AtAlAiAdATAIAE
3132503003001,BSBkB1B3BnBPBKBBA5A6ArAnAnAeAZAIAGAIAABUBiBwBlBQBLA9A5A1AxAmAqAfAfAFASAJADAD
3132503003002,BQBgBmBfBeBfBRBAA3A2AtAfAPAWAPAJAGABABBSBcBsBtBnBfBTBFA+A6AjApAYAeARAKALAEAH
3132602001001,AvA4BMBTBbBMBPBHBaBNBFA9AyAeAkARANAAAIAuAyBGBcBWBEA7BDBVBJBIAtAuAcAiAWAPAIAE
3132701001001,BKBeBsBkBVBHBBA3A2A+ApAqAbAaAXASAQAFACBOBWBoBgBXBPBHA8A/A5A2AlAjAlAeAdAKAGAM
3132800001001,A/A8BaBsBYBPBDBCBDBKA/A1AwArAYASAMAKAAA2BBBPBXA+A3BAA7BKBHBHAxAmAnAkAkARAGAG
3132909001001,A7BCBYBfBYBQBHA/BFBOBFBGArAfAhAOAIABAAA3BEBOBWBNBNBDBBA+BOBAA3AkAkAVAZAUACAD
3133006001001,BCBGBUBTBbBYBWBFBJBGA7A2AlAdAVASAFAEACBBBEBNBYBRBTBNBKBDBKBFAqAnAZASAQAPAEAE
3133105001001,BEBJBIBZBQBVBNBIBJBHA7ArAmAaAYASAHAEACA/BABOBZBOBVBOBNBJBOBBA2AtAhAXASAJAFAE
3133204001001,BFBPBRBhBhA/A3A8A+BLAvAmAqAiAaAYARAJADBEBHBVBjBQA/BBBPBUBBAoA2A7AcAiATAOAIAH
3133303001001,BKBaBrBiBSBPBKA5A/A+A1AiApAeAVAPAOADAEBFBRBjBeBVBMBHA/A/A5A4AnAoAdAXAbAQAIAH
3133402001001,A0A/BGBOBpBnBXBXBRBGA3A2AmAgAdASAMAEAIAtA0BFBGBUBZBTBTBNBHA4AxAoAgAbALAKAHAC
3133501001001,A2BABNBSBPBGBIBLBLBABCAzAoAxAaAcAMAEADAzA4BKBRBLBHBHBKBIBIBGA2AvAqAkAgAOAHAH
3133600001001,BHBLBRBXBfBTBVBPBFBBA9AwA3AkAUALAIAEADA4BEBRBMBQBcBMBHBFA8A9AxAuAUAZAPAKAFAB
3133709001001,BBBNBiBcBSBSBYBNBKA9AtA1AsAdAWAUAFABABBKBJBmBcBPBOBQBOA/A+A1AtAmAfAPAPAFADAA
3133758001001,A8BCBUBYBXBQBCBFBKBLBBA1AtAaATAVAGAFABA9BGBLBWBVBJBLBCBUBQBCA1AmAmAZARAKAFAC
3133808003001,A1A9BMBUBZBWBTBIBMBMA6AzAqAVAZAOAAAAABA1BDBQBUBVBYBRBQBTBOBCA4AsAXAaAeAHACAA
3133808003002,A1BBBMBUBbBWBPBIBKBGA6A3AhAdARAUAIADABA1A9BJBUBYBTBRBLBNBNBEA3AtAgAYAbANAEAF
3133808003003,A5BABQBTBcBkBWBHBLBLBAAxAhAcAUANAEADABA0A/BOBQBXBUBSBLBKBKBIAuAhAnAcANAQAEAC
3133808003004,BABKBYBZBWBYBWBMBKBIA2AxAfAWASAIAJADABBFBEBYBYBVBVBTBOBMBJBGAkAkAcASAOAJADAB
3133907001001,BHBaBgBgBaBMBNBJBDBBBFArApAgASAQAGADABA9BRBaBiBNBJBGA5BGA6A7AqAfAiAbAYALAIAD
3134004001001,BOBeB0BqBcBKBGBCA3AzAvAmAjAgAaAYAJACAFBJBgBsBdBTBNBAA5A1AwAkA0AnAeAZAQAPAIAG
3134103001001,A9BRBbBWBJBGBSA/BFBGA6A5AnAuAWAWANAEAIA7BHBWBZBCBABLBJBHBFA6A5AzAgAYASAOADAE
3134202003001,BABABLBSBbBYBRBJBGBEA3AxAnAkAUAJAJAKACA9A9BOBPBbBPBMBSBPBEA/AxAmAoAiAbAFAFAC
3134202003002,BKBMBYBYBlBYBVBMBKA+A6AjAfAjANAPAGABACBLBGBPBXBeBSBWBMBRBHA4AiAcAZAVAQAGAEAC
3134202003003,A1A1BMBTBXBMBEBABEBAA/ApAqAlAfASAVAGADAyA3BHBOBVBFBJBPBUBFBGA3AvA1A8AXAKAFAK
3134202003004,BHBLBXBRBJBGBUBPBRBOBKAsAsAoAUATAHAEACA6A+BUBPBKBOBPBPBSBCA+AyAkAXAkANACAFAB
3134202003005,A5A7BHBSBUBQBPBBBBBAA6AqAnAhAoARAKAFAIA2A4BFBVBQBHBQBMBLBHBBA+A5ApAkAhAQAGAI
3134202003006,A3A9BGBPBSBQBQBIBDBBA3A2AqAfAhASAOAKAEAzA0BGBQBPBNBPBNBOBOBHA2A4AnAYAXAcAIAI
3134301001001,BBA9BPBWBPBXBWBGBLBHA7A0AjAjAXAWAGACACA1BJBYBZBVBLBKBDBDBEA7AxAwAfAcAaAQAFAA
3134400003001,A/BFBZBfBiBgBRBKBNBGA3AnAmAQANALAGAEAAA/BOBWBaBiBXBWBRBPBHAyAyAUAWASAPAGADAC
3134400003002,BABIBXBUBhBeBUBPBLA/ArA3AoAbANASALABADA4BJBSBVBYBWBUBTBGBAA0AqAgAcAVAVAMAHAC
3134509001001,A2A+BWBbBdA9BMBIBUBRBCA4AkAtAcAIAMAGACA6BIBSBVBGBGA/BOBOBFA2BBAfAwAYAGAMAKAE
3134608001001,A7BIBjBYBQBOBMBJBFBCA6A0ArAiAjARALADABBDBMBbBSBLBKBHBHBEA8A6AuAwAcAWAVARAHAC
3134707001001,BSBUBdBcBPBSBGBHBHBAA1AsArAgAoAVAHAEAEBDBPBWBZBJBDA8BAA+A4AtA5AvAkAZAZAMAMAE
3134806001001,A8BLBZBRBPBSBNBEBDBEBHBCAxAgAcARAMAIAEA9BHBRBJBNBMBFBCBCBABBAzAtAhAXAXANAIAC
3134905001001,BDBHBMBVBcBcBSBLBGBDA+ApAjAcAVAPALAEAABDBJBPBSBYBVBSBMBJBDA/AqAlAYAfANAKAKAC
3135001001001,BCBKBWBcBbBcBMBCA2BIA7A5ApAaAdAPAJACACA6BPBPBeBQBOBEBEBNA6BDA8AfAiAXASAMADAD
3135050003001,BgBpByBvBtBoBWA9A7AyAhApAeAcAKAHAGAAAABiBfBqBxBgBgBHA5A1AlAcAlATAOAIAMACAEAC
3135050003002,BYBkBwB0BuBkBLA9A7AuAkAoAWAQAPAQADAAAABTBaBuB2BoBiBEA9A7AvAtAaAbAVAUAFACABAA
3135076001001,BPBZByBjBUBLBBA/A8A6A5AtAgAdAhAVAJAFAHBGBSBoBjBOBABDBAA6A8A0AkAjAjAaAWAMAGAI
3135100003001,BQBWBxBuBeBYBJBABEA6AwAoAgATAQAMAFACABBBBZBrBoBfBVBMBEA/A3A3AfAnAQAXAIAHADAD
3135100003002,BKBWBjBkBcBUBSBEA8AzAoAtAiAQAMALAEAHAABMBZBeBiBnBlBXBJBEA3AnAwAdAUAbAGAMAFAD
3135100003003,BIBUBfBkBlBaBQBBBAA4AwAaAdAVAPALAEAEACBLBTBhBrBgBgBVBFBAA8A4AgAdAcAdAJALACAD
3135209003001,BQBSByBZBDBUBAA7BHA1AuAoAiAVASAKAGAFABBZBeBaBpBgBTBWBABDA6A2AmAiAiARATANAJAG
3135209003002,BZBgB1BxBbBPA/A2A1A4AuAqAkAeAaAMAIADADBVBeBtBrBXBKA8A2AzA2ArAsAfAhASATAMAGAD
3135308001001,BHBVBZBbBgBiBTBTBFA9AyAvAaAgAQAPAHABABBQBNBVBUBhBOBUBEBKBCAsA0AgASALAPALADAA
3135357001001,BDBVBvB7BcBXA/A7A9A1A5AuAjAfAUAIAKADAEBGBYB2B1BaBCBBA8A5AwAvAoAmAZARAQAJAIAI
3135407001001,A0BCBZBVBUBPBGBNBOBSA7A8ApAeAYAXAFACADA6BABUBLBLBKBLBJBHBFBGAyAmAoAgAcAHAEAE
3135456001001,BPBmBxB+B1BkBMA6A0A0AlAhAgAWAOAHADAEAABJBmBmB1BjBMA1A9A1AxAiAmAlAQAfALAHAHAE
3135506001001,BBBMBgBbBOBQBNBABHA9A5AxAsAiAbAPANAIADA9BGBZBWBLBEBLBBBAA+A6A1AqAmAkAVASAHAE
3135605001001,BDBRBhBsBVBMBCBAA+A/BFApAdAlAfAPAHAGADA7BOBqBqBWBLBBBCBHBAA2AoAlAXAdAPALACAG
3135704001001,BDBJBfBjBTBKBPBTBEBAAzA2AiAkAgAXAMAHACA2BFBVBeBRBCBKBGA/A4AxAxAsAkAZAgAHAHAE
3135803001001,BRBeBoBcBOBLBIA/BAA7AzArAmAiAeAWALADAEBIBaBiBYBKBIBBA+A8A1A3AmAqAeAgAUAOAKAH
3135902001001,ArBIBhBXBUBPBWBKBABJBDA5A0AnAZAWAJAEABA5BFBQBbBBBDBIBGBKBMA2A5AqAeAPAWARAFAB
3136009001001,BWBmBsBpBSBHA8A/A8A4AvAmAkAgAdARAGAEAEBRBdBtBhBKBABDA9A+AxAnAwAjAoAeAVAKAHAH
3136108001001,AtBEBlBhBKBCA+BIBGBCA6AxAmAuAiAXAQAGACA/BDBjBPA/BABGBBBBBBBHAuAyAmAsAhAKAKAE
3136207003001,AyBCBPBRBTBNBEA7BDBRA+AtAfAaAYAaAJAEACAzBBBQBKBTBTBPBDBNBeBMBAAzAoAfAUAKAEAM
3136207003002,AzA2BIBLBRBOBHBABMBNBAAoAnArAXAPAKAFABA0A3BGBLBRBXBTBMBUBVBHBFA0AnAiAUALANAG
3136207003003,BKBUBhBXBXBVBRBEBEA8A6AqAiAUAJAKAHABABBJBMBeBaBbBaBWBNBIBJBBAmAiATAXANAGAEAC
3136306003001,BQBiBuBjBWBZBOBQBGBBA5ArAjAbAbAJAEADACBIBTBoBhBOBMBNBIA+A2AmAnAaAWAQAOAEAEAB
3136306003002,BJBNBfBkBeBXBIBEBIBAA4AjAhASARAEAIAEAEA7BPBeBmBfBTBMBNBKBDA4AoAoAZAYAKAJAFAD
3136405001001,BABKBlBnBgBMBNA5BJA8AyA7ArAoAhAMAJADAABKBNBVBgBSBKBAA8A5A+A0AtA3AXAOAUANAIAJ
3136504001001,BFBcBvBxBWBHBHA/A9A6A6AlAoAjAiANAKAIAEBFBVBaBoBOBHBCA7A6A6ApA0AlAgAgAQAIAHAE
3136520001001,BTBkB8B7B5BhBXA+A4AoAnAiAZASAQAEADAFAABRBQB0B2BjBUBPA6AzAoAlAoAXASATAMAGABAB
3136553001001,BQBSBtBhBOBNBDBGA/BEAgA4AwAUAhAYAIADAAA8BdBkBgBMBNBBA8A9A2AWBBAsAfAbAfAPAEAE
3136579001001,BZByCPCABmBQA5AwA1AvAwAlAYAcANALABACACBeBsB8BoBJA/A7AsAzAvAiA0AZAfAaAPAKAIAE
3136603001001,BHBNBZBdBOBTBSBKBBBCAzAxAoAgAXAWAHACABBDBKBYBbBKBOBLBRA/BEBCAwAcAdAcATAJAFAD
3136652001001,BQBXBgBdBeBbBSBMBBA8AyAvAgAWALAQAEAEABBFBRBaBbBWBgBSBMBABAA4AoAaAfAUAIAFAEAC
3136702005001,BLBKBeBaBVBTBPBIBJBFAxAyAdAVARAKADACAAA+BMBaBZBYBWBTBOBRBHA2A3AmAeASAKAKADAA
3136702005002,A6BGBRBYBZBXBUBGBKBCBKAjAfAYAJAOAHAEAAA6BDBQBUBXBZBWBOBNBKBFA3AuAXAZAPAOAEAC
3136702005003,A8BDBPBPBYBUBPBFBBBGBBA0AfAfAQAMAFAEAAA3A8BKBOBWBbBVBKBNBQBIBCApAnAaAUANAGAB
3136702005004,A5BCBQBTBSBQBNBFBJBGBAAxAkAhAUALAHABAABAA7BMBUBTBZBTBHBRBSBCBAAvAXAaASAUACAD
3136702005005,AgApA0BEBdBXBHA2A7BIBCA2AtASAgASAVAFAHAmAoAxBFBeBiBTBFBMBcBQBUBGA2AkAdAXAQAG
3136702005006,AaAcAmBCBpBSA+AoAxBABBAsAwAbAZAXAaAKAEAWAbAmBRB6BmBKA7BCBWBfBOBVA0BDA9AZAVAH
3136702005007,ArArA0BIBcBTBIA5A7BEBAA2AwAjAaAMALAIABApApA2BGBhBbBPBGBJBWBdBMBKAjApAZAcAOAN
3136702005008,A9BFBRBXBUBSBJBBBGBEA/ApAvAXAMAQAFAEAAA8BEBQBVBZBRBSBIBJBOBDBBAjAmAZAdAQADAD
3136702005009,BDBDBMBPBbBWBWBLBGA/A3AyAZAdARAKAAACAEA6BDBOBRBcBeBhBSBPBQBHA1AjAdAYAHAMAIAC
3136702005010,BABFBSBWBXBPBOBBBFBBBBArAnAYASAKAKACABA8BDBSBVBTBSBPBPBKBLBLA1A0AaAcATARAEAD
3136702005011,A8BBBLBVBbBVBKA7BJBDA2A5AaAjAYAKALABABA+A/BHBQBXBTBNBFBPBSBHA9AvAlAXAZAPALAC
3136702005012,A9BABLBTBWBVBKA6BBBAA7A0AmAiAXAGAHAAADA7BABNBUBWBbBPBEBKBOBJA+AzAgAgAWATAKAD
3136702005013,A7A8BIBNBVBUBUBGBBBGA4A1AqAXAUAQALADACA8A9BHBPBWBUBUBFBQBNBQA0A1AhAhARARAIAD
3136702005014,A8BHBSBZBUBRBOBHBLBLBEAvArAZATAJAGADABA9BCBQBTBUBSBQBRBTBQBNAsAjAdAZAKAJABAF
3136801001001,A/BLBwBeBfBKBYBJA4A6A+AjAnAgAUAIAJADACBCBaBeBkBUBQBSBEBAA1AwAsAoAgAWANALAHAF
3136900001001,BABNBZBfBeBYBRBDBIBAA8ArArAfASARAIAEABA7BDBbBkBnBVBLBEBAA7A4AuAWAdAbAQAGAFAB
3136959001001,BRBpBzB1BcBIBCBDA3AyA0AoAkAcARARAGAHADBRBkBuByBSBNA/A2A3A4AxApAXAVAVASAEADAF
3137007001001,BWBpB8BtBXBLBFA3A0AvAkAoAeAWAUAOANACACBaBzB6BnBWBIBEAzA0AxAvAlAjAbAZATAHAFAD
3137106001001,A3BCBaBVBGBGBJBUBRBMBDA9AwAlAgAVAIAGACA6BDBSBFBCA+BJBXBPBAA6A9AxAnAZASAEAFAD
3137205003001,BGBTBgBaBaBcBcBRBKBCAzAsAVAYARAHACAFAABEBNBYBYBbBVBbBTBNBEA8AeAbAWAPAKAIAEAC
3137205003002,A8BEBTBXBZBZBPBHBGBGBAAtAlAdANAOAHADACA4BEBQBVBUBTBTBNBKBLA9A5ArAbAfATAKAHAC
3137304001001,BMBdBvB1BdBTBUBDA7A5ApAtAcAjAPANALAJAFBMBOBsBrBXBUBHA/A5AqAoAjAtAOATASALADAA
3137403001001,BKBUBaBeBYBiBdBIBGBBAwAzApAYAZALAEABACBIBPBUBVBOBUBSA/A+BAAwAvAhAcAXALAMAGAB
3137502001001,A2BKBPBVBNBGBJBUBQBIA4A8AqAkAhASALADABA4BCBOBXBHBGBLBOBQBFA+AxArAjAdAYAKAHAB
3137536001001,BEBbBlBkBZBbBPBXBPBFAqAyAmAdAPASADACABBABUBeBWBPBMBTBJA/BBAxAmAaAZAVAJAHABAB
3137601003001,BCBLBcBUBZBYBSBMBHBDA2ApAZAWAPANAHAGACBDBIBXBVBZBYBaBRBKBIA8AtAgAgASANAHAIAE
3137601003002,A9BMBbBTBUBVBNBMBKBLBFAlAiAUAOANAJACACA/BMBZBNBTBUBYBTBRBHA5A1AiAdARAMAKAJAD
3137700001001,BLBUBfBXBbBdBPBIBBA2A1AtAfAgASANAJAEACBEBUBYBWBcBXBLBGBAA1AyA1AdAeAXATARAGAC
3137809001001,BDBKBVBYBKBOBGBEBEBHBBAvAoAgAbAQAHAFADBFBHBLBRBIBNBMBFBLBGA8A6AxAlAfAPAOAGAJ
3137908001001,BHBHBcBLBKBBBIBVBGA/BCA0AmAmAhAWAMAJACA/BPBXBQBMBLBQA7A7BAA7AuApAuAfAYAOAFAB
3138005001001,BAA2BLBLBLBVBQA9BFBNBFA3A9AgAdASAPAIAFAwA4BFBIBRBPBUBCBEBFBHA9A4AeAfASASALAF
3138104001001,BMBhBuBtBUBNBEBAA6A/A7AvAlAgAVANAGADADBLBTByBYBLBPBLA7BBA9A8AlAZAYAaAMAKAEAD
3138203003001,A/BBBLBWBXBeBKA9BBBCA7AxAjAUAbANAGAAADA2BDBOBdBlBQBKBFBLBNBOA5AkAtAaAXAHAHAE
3138203003002,AxA6BCBQBdBWBJBABCA7A+A5AnAkAQASAQAGAAAxA2BCBKBfBfBNBFBKBPBMBBAmAsAlAdASAJAH
3138203003003,A5A/BRBYBeBXBSA+BGBAA6A0AsAVAWARAJABAAA/A6BIBRBhBeBTBHBQBPA6A6AuAdAUARAKADAH
3138203003004,BFBRBbBcBWBZBUBJBMBDAxA3AjATAQALAIADABBFBNBZBXBPBYBUBMBJBCAyA2AhATAbAKAGABAE
3138203003005,A5BBBQBXBdBYBTBCBHBCA3A3AfAZASALAJAGACA2BDBPBUBZBYBUBMBLBLBFA2AtAeAXARAMAHAG
3138302001001,A4BWBNBTBfBVBDBQBCBDAnBFA2AgAcAPAMAHAEBNBCBMBUBSBUBIBCBAA3AyA6AgAfAdASATALAC
3138351001001,BFBaBrBuB6BUBPA+BEA3ArAkATAQAQAOAEAAACA/BuBkBvBaBaBLA5A/A1ArAmAcAZAcAQAJAEAC
3138401003001,A9A9BGBSBKBIBHBEBDBCA/A3A0AiAeAWAIAGABAyA9BIBRBKBNBIBGBNBHBCA9A9AlAqAbAMARAJ
3138401003002,A8BLBXBUBSBOBJBJBGBCAyAyAlAcAZAKAGADAABHBJBWBVBXBQBUBNBLBEBBAwAvAaAjATANACAD
3138500001001,A6BEBaBSBIA6BRBOBJBEBFAtAqAqAqAWAQADADAvA5BXBHBCBEBOBKBRBHBDAzA+AlAjAaAJACAB
3138609001001,A+BIBRBTBOBDBNBDBPBPBCA1AuAeAaAYAJAHADA2BEBRBUBCBHBGBLBLBKA6A4AxAjAgANANALAF
3138625001001,A+BGBPBbBcBjBRBKBHBOBIAoAhAcAVAQALADAEA6BKBbBdBbBSBPBEBMBEA9AfAgAXASAQAKADAD
3138658001001,BPBaBoByBkBWBEBCA+A5ArAzAeAcAaANAPAFADBDBQBmBkBLBYBCA3AzAyAxAtAmApAPARAHAFAI
3138674001001,BNBWBlBbBkBZBCBKBEBJA8AmAmAZAPAOAPACADBHBfBfBUBSBUBLBDBDA1AtAmAbAaARAaAIACAD
3138682001001,BVBoBxBzBcBVBIBHBAAxAtAjAgAVAZAKAEAGAABPBhB2BnBXBNA/A2A1AxAqAlAgAbATARAJAFAE
3138708001001,BDBRBZBSBDBSBKBNBMBTA5BAAkAsAcAQAKADABBBBFBaBWBKBMBDBLBGBAA2AuAsAlAUANAJAEAB
3138807001001,A5BJBTBZBXBMBNBFBKBHA9AyAsAhARATALACABA5BCBMBWBRBLBKBOBNBHA/A0AxAbAdATAMAFAE
3138906001001,BKBbBlBhBPBNBHBFBGA/A5AqAiAqAYAVALAHADBOBRBbBTBJBNBDBCA2A4AuAqAiAoAXAZALAIAK
3139003003001,BKBRBbBaBfBZBTBFBABGA7A1AgAdASAQAMADAGBMBNBXBaBQBQBFBDBDBBAsA7AjAbASAPAIADAA
3139003003002,BFBMBUBaBbBUBPBHBGA/A1AwAiAYAUAHAOAEACA+BJBbBYBYBVBNBJBJBFA9AzApAcAcALAMAFAE
3139102001001,A0BABgBVBLBLBMBCBOBPBRApA7AXAcAJAQACAABGA6BPBZBHBKBNBBBQBQAuA3AeAkAkAdAMAHAC
3139201001001,BDBaByBpBTBFA+BAA4A7ApAzAiAbAWAOANADADBDBaBxBqBUBEBHA/A6A3AvAyApAfAbAZAQAGAH
3139250001001,A3BABWBhBNBJBLBJBFBGA/AvAzAoAeALAKAOADA3BEBTBUBEBJBBBBBEBMAwA/AwAoArAaALAFAF
3139300001001,BQBlB+BtBZBIA/A5A7AzAqAjAcAbAfAGAIACACBUBtB3BtBOBKBCA/A4A2AsAoAXAjAOAVAGAGAI
3139409003001,BFBLBRBOBcBZBTBDBAA7A/AnAaAXASAJAKACAAA/BHBPBbBkBjBVBMBKBLA+A1AmAeAVAWAFAHAD
3139409003002,BWBdBlBfBXBXBUBGBGA+A5AhAiAUAPALAPAFACBPBdBhBWBVBSBJBJBAA0AwAoAeAYAMAQAJAIAD
3139409003003,BSBUBYBaBXBYBWBEBDA4AwAlAgAVALAMAHACADBSBXBYBZBaBhBUBLBIBAA1ApAhAPAYAQAMAGAD
3139508001001,BIBTBcBZBSBOBRBDBEBBAyAyAeAZAVAWAGABACBEBRBeBYBQBQBLBIBDBABAArAuAXAeASAPAHAD
3139607003001,A8BGBYBQBRBPBEBDA+A6AzAyAnAcAUANATAFAFBABJBWBRBZBTBVBKBMBDA+A2ApAlAaAVAYAJAI
3139607003002,BEBQBaBOBNBLBNBIBIA/BDApAfAWAfAYAEAJAEA9BMBXBVBRBRBOBNBHBAA6AwA0AcAmAJAMAGAA
3139706001001,BMBQBYBjBVBQBRBSBEBLAxAuAjAYAXAPADADABBHBNBSBiBaBOBNBQBKA/AtAuAjAYARAQAKABAD
3139805001001,A5A/BNBaBVBOBGBDBHBGA6A0AnAcAfAPASADAAA4A+BZBUBTBQBHBDBOBIA6A9AqAsAgATARAKAF
3139904001001,BDBPBeBhBVBLBGBJBJBGBCAvAvAVAUAPAKACABBBBKBdBgBSBJBGBJBKBBA7AtArAWASATAKAEAD
3140001003001,BGBdBVB8BVBiBuBIA0A8AnAkAWALAIAGACAEADA/BVBVBiBmBXBvBPBEA4ApAiAmAeAOAFAOAIAB
3140001003002,BABIBbBeBgBfBTBFBBBAA1AsAiAUATAKAFABACBBBJBYBeBiBeBVBIBGBDA4AsAjAYATAQALAIAB
3140100001001,BABqBwBlBZBEBFA7A3AwAzAgAbAhAbAUANADAABMBVBqBoBUBLA/BCBFA2AqAzAmAiAOAlALALAE
3140159001001,BMBZBmBoBdBUBUBIBHA9AqAvAcATASALAFACAABKBVBgBeBTBZBTBPBNA8A3AiAgAQAOALAGAEAA
3140209001001,BBA8BQBUBLBSBCBCBQBIA5A3A0AoAeAQAOACAAA8A4BUBXBDBGBGBUBHBJAyA9ApAbAtATAQALAM
3140308001001,BIBMBhBWBDBPBQA4BKBCAwA3AzAcAQAWAMAHADA9BSBZBVBGBSBKBCBBBDA5AuAoAfAfAbAOAMAE
3140407001001,A0BBBmBaBIBVBFBNBLBNBHApAjAkAhASAEAAADA8BABYBmBTBBA+BGBNBUA4AxAuAfAeAKAPACAA
3140506001001,A/BLBWBcBUBNBOBPBHBDA7AvArAaAWATASADACA1BPBXBUBMBLBIBFBNBBAxA7AoAeAbASARAHAF
3140530001001,BIBXBeBdBaBdBUBFBDA+AxAxAlAaAPANAMAGABBQBcBWBmBSBUBHBDBCAzAwAtAgAUAXARAIAEAE
3140555001001,BIBdByBxBfBVBJBKBEA5AtAkAkAiASAWAKAEADBGBYBnBbBOBQBGA8A4AuAkAxAkAfAOATALAGAF
3140605001001,BLBLByBrBTBUA9A7BBA3AnAwAcAeAoAQAIAGACBIBSBnBrBIBIA9A9A9A7AtAkAuAmAkATASALAH
3140704003001,BYBYBlBUBWBXBQBBBAA8AnAtAeAWAZAOADACABBCBZBeBWBYBbBZBFBABBA0AvAqAdATAEAOAFAD
3140704003002,BDBNBRBcBWBYBNBJBGBDAwA3AyAXATALAHAFAABCBMBXBVBTBWBMBLBDBGA0A8AiAgAUATAHAIAA
3140803001001,A9BKBYBVBRBRBJBEBJBIBLAqApAdAZAPAIAEABA4BABNBSBNBSBMBGBNBHBGA2AoAiAiATAMAEAD
3140852001001,BZBtB2B6BqBUBFA2AyA0AmAjAeATASAOAGAEADBgBvB1BxBWBTBEAyAyAtAuAbAgAPATALAGAEAC
3140902001001,BSBhBpBgBZBMBOBBA/A6AuAmAcAZATANAGAFABBTBbBrBfBdBNBOBGA9A7AtArAgAUATAQAOAHAC
3141009001001,A/BHBUBtBbBLBQBJBDBEA2AlAjAdARASAJAEACBABHBZBiBWBUBLBJBJA7A0AwAmAiAbAVALAFAF
3141108003001,BIBLBdBdBbBdBWBJBGBBA1AmAaAWAWAFAFADACBABKBXBbBaBeBcBKBOBEA0ArAlAWAYALAJAEAB
3141207001001,AxBDBVBSBBA7BABGBGBOBGA1A/AlAbAZAMAHADAuBABLBKBEA8BNBJBGBOBFA8AyAoAwAbAWAIAF
3141306001001,A7BOBkBXBOBLBVBQBUBUA9A9ArAbAYAGAOAGAABHBFBYBUBHBJBGBTBFBDAvAvApASAVAUAKAAAA
3141405001001,BOBYBoBiBMBFBKBBBDA7AqAuAiAXAhAUAJAEAEBHBaBjBfBUBKBEA9A6A2AyAtAyAiAcATAPADAG
3141504001001,A2BXBaBeBFBEBMBJBHBBAxAyA1AfAaAPAPAHAEA7BBBhBJBKBQBPBNBJA6BCAxAsAiAgATAOAJAE
3141603001001,A+BEBSBVBLBLBKBHBFBGBIAtAlAqAgASALAGAAAxBNBXBZBQBDBCBJBJA9A3A1AwAtAnAXAPACAF
3141702001001,A6BOBcBZBSBJBJBKA5A9A1A3AtAfAaAWAUAGACA8BGBgBTBPBQBGA/A8BEA7A5AmAiAaAXAWAKAF
3141801001001,BIBiB5B5B5BdBIA3A0AuAlAfAeAQANAJAGACABBIBjB4B3BrBUBBA2A1AxArAqAVAbAYANAGAEAC
3141900001001,A4BHBiBdBJBFBKBJBEBKA8A7ArAeANAMAHAEAFA5BUBMBkBKBBBMBJBGBIBCA3AhAoAcAVALAIAH
3142007001001,BKBVBqBpBcBSBLBGA2A9AyAqAkAcAWASAHAFAEBFBPBmBoBWBPBGA/A7A2ApAvAmAfAZAUAJADAG
3142106001001,BEBLBdBVBWBTBPBMBGBEA5A0AfAhAeARALADABA8BIBUBaBOBMBTBIBEA6AuA5AiAkAYAOALAIAH
3142205001001,BGBDBVBiBYBOBIBEBGBBA8A5AlAjAWAQAJAGADBGBDBMBWBWBJBIBJBGA+A7A2AtAdAXAXATAIAC
3142254001001,BVBiBxBlBSBJBLA8A/AsAxAuAeAhAbAJALACADBKB0B0BoBWBUA4A2AzA0AtAlAmAYAaAMAIAEAI
3142304001001,A5BPBaBSBABDBHBGBGBLBAAyAwAkAeAWAUAEACBFBGBaBEBFBHBRBDBCBJAvA/AjAjAnAaAUAJAF
3142403001001,BDBOBLBUBZBUBOBPBLBDA3AzAnAdAaAPALAFADBBBLBPBTBTBPBTBPBMA8A1AuAtAjATAMANAEAB
3142502001001,BKBXBnBfBQA+BVBMBCA9A7AtAsAbAbAVAGABACBFBTBVBlBGBMBFBFBBA8AvAzAdAtAVAJAPAFAG
3142601001001,A6BLBYBZBXBYBOBKBCBDBJA5AkAhATAPAJAGAFBLBNBNBXBMBNBJBLBBBDA+AoAnAcAUASAIAHAE
3142700001001,BKBYBzBuBUBJA+A4BAA8A3AkAsAcAXATAJAFACBHBaBrBlBKBDBEA7A+A5AxAwAqAfAYAUANADAG
3142809001001,A/A+BRBVBYBRBNBLBNBBA9A7AtAjAbAXAKAFAGA9BDBVBSBJBHBRBFBIBBA/ArArAbAbAUAPAGAF
3142908001001,A3BFBZBnBOBKBGBABHBBA5AvAuAfAaAVALAIACA2BHBXBeBRBPBLBEBKBDBCArArAoAaAZAMADAG
3143005001001,A1BDBXBWBgBRBSBQBMBKA5BBAiAqAbAWAMAEAAA8BBBPBXBIBIBHBGBHBCA7AtAlAkAaASAJAGAG
3143104003001,A9BRBZBTBbBWBZBSBLBEAuA0AkAZAQAMAEAAAABDBGBZBZBRBUBYBPBOBIBIAgAdAZAaAMAHAAAE
3143104003002,A/BHBVBZBWBWBXBNBSBKA+AvAqAYARANAIAEABBBBGBSBVBSBMBQBQBNBGA8ArAiAcAbALAJADAC
3143153001001,BnB9CLBqBPBMA9A8A3AxAmAnAiAgASAQALAEAABcB3B2BeA/BHA+A4A6AlAhAsAgAcASAKAPADAD
3143203001001,A4BFBRBTBVBQBLBEBHBFBDA2AiAnAfAXALAIAEAzBFBSBRBLBKBKBCBKBAA+A6AtAoAhATARAGAD
3143302005001,AkAqA4BXBpBaA/AyA1A6BBAfAjAdAWARASABAFApAsA+BuCHBmBLBIBMBLBBA+A4AmAuAjAUAPAJ
3143302005002,AvA1BFBYBkBfBLA8A+A6A4AmAhAfAXAJAIACADAvA2BFBjB7BsBSBNBJBMBIAyAqAgAsAUAQAHAC
3143302005003,A6A/BLBaBwBlBOBAA5A7A4AtAeAUAQAPAGAAAAAzA6BFBZB7BsBbBLBKBIBCAzArAWAbAUAGACAF
3143302005004,A6A8BBBVBqBfBLBAA+A+AyApAXAlAZAKAIAAAAA0A8BHBgB+BnBYBLBNBCA+A3ApAkAhAVAGAFAD
3143302005005,A/BEBOBTBVBUBTBPBRBHBBAmAfATAMAKAFABABBABABPBbBjBgBkBcBZBLA5AxAfAZARAGAHACAB
3143302005006,AyA2A/BWBaBYBRA7A2A4A1ArAnAdAiAKAHACACAoA2A+BYBvBpBZBRBLBQA9BEBGAkAeAWAPAKAC
3143302005007,BTBWBaBkBpBkBZBIA9AxAjApAUATAMADAFAAACBGBMBWBgBvBqBbBRBDA9A7AcAfASAcAIABAFAC
3143302005008,BPBUBZBdBpBjBTBNA/A2ApAeAbALAIAFACAAAABSBMBhBiBrBlBhBYBLBABEAUAYAUAMAIAFADAD
3143302005009,A+A/BOBaBmBYBOBEA/A7AuAtAeATAcAGAHADABA6A+BPBjBqBpBeBMBLBGBEAvAxAaAYAHAKABAE
3143302005010,BDBCBSBRBnBrBYBHBDA7A2AjAcAVAKANAIADADBABFBJBaBoBtBcBMBFBFAxA5AqAbASAOAHAEAD
3143302005011,BTBRBeBbBiBkBWBEA/A5AmAoAWAPALALAGAAABBQBUBZBgBsBqBdBMBEA9A0AkAgASANAJAGACAC
3143302005012,BdBdBrBiBdBXBYBSA/A0AvAbAXAFAKACACAAABBZBdBnBkBnBeBiBWBGA6ApAeAZAOAOAHAAACAA
3143302005013,BIBVBbBgBgBmBVBEBDA4AsAiAZAOANADALABABBJBVBdBjBrBqBdBRBCBAA8AeAiAMAQALAEABAB
3143302005014,BEBUBjBcBnBjBdBQBFAxAxAfAgAIALAIAFABAABGBRBiBjBlBoBgBVBIA3AxAdAYAVAPALACAEAC
3143302005015,BGBMBUBUBpBjBTBLA+A7BEAeAZATAPADAFADABBABHBTBeBqBuBeBOBNBFA8AtAUAcAOAJAIABAC
3143302005016,BXBXBjBdBeBgBgBWBEA4AxAVATANAKAGADADAABQBcBgBbBrBqBiBUBJA3AlAgAQAPANAHAGAFAB
3143302005017,BOBTBXBbBiBdBUBMA8A3ApAjAcANAOAHABADAABEBVBaBnByBmBdBJBGA/A8AnAbAaARAMAHADAD
3143302005018,BcBkBpBkBnBoBdBHA/AzApAgAXANAIAGADAAACBcBdBkBhBkBmBdBKA+A1AjAjAPAUAIAHABADAB
3143302005019,BQBWBdBnBbBeBUBLBHA5AvAZAfANAMAFADACADBRBXBlBiBiBjBeBTBHAyAvAiAbAUARAKAEABAC
3143302005020,BTBWBhBhBqBkBbBJBBAxAhAnAaAUAGAFAAACABBVBQBdBhBsBkBaBIBCA3AmAuAdAVAVALAEADAD
3143302005021,BMBTBlBnBxBkBbBNA9AyAsAaAQARATACACAGABBGBSBlBjByBnBhBKBFA3AsAeAUAZANAHAHACAB
3143302005022,BFBXBnBkBQBGBJBGBFA9A5AvAwAsAaASARAFABBEBYBdBVBEBIBCA6A7A3A2ApAxAfAeAQAJAHAE
3143401001001,A6BJBMBSBXBhBUBKBPBFA2A2AlAbAXAKALAGACBABDBHBTBUBeBTBTBPBGA/AsAeAcAVASAKADAB
3143450001001,BRBfBtBvBfBUBLBEA7A1ArAlAdAeAQARADACADBPBhB3BnBTBTBFA7A4ArA5AfAgAZATAPAJAGAD
3143500001001,A/BFBcBYBTBHBDBQBVBUA/AtAnAXAhATAGAGABA9BMBdBPBHBKBFBRBOBDA9ApAsAfAiANAFADAC
3143609001001,BDBiBiBaBQBYBVBCA+A8BHAcAwAdASAXALAJADA5BQBZBaBRBfA6AzBHBFApA3AtAcAbAPAGAFAA
3143708001001,A+BIBfBmBLBIBFBBBCBHA3AyArAhAiATAPAGABAyBPBeBdBCBGBEA6BDBAA4A1AnAmAkAXASAMAK
3143807001001,BFBRBeBbBWBVBSBNBHBFBFApAwAiAQAOAGAEABBBBIBaBUBKBUBIBCBGBFA6AuAkAiAQAOAHAEAB
3143906003001,A3BIBKBJBbBiBYBEBJBBAyA2AbAaASARAPAGAAA4BEBIBVBaBZBSBNBMBKBAAzAjAiAcAXAMAMAA
3143906003002,BFBLBbBVBRBMBMBCBKBFA5BAArAoAWATANAGAEA4BJBUBUBVBHBMA/BAA+A4A2AmAhARAWAUAKAB
3143906003003,A1BBBMBMBXBSBTBCBHA7A2AyApAWAdAPAHAHAEA3BDBNBXBcBcBRBHBMBMA6A9AkAvAcAVAXAEAB
3143906003004,A7A6BJBMBXBXBLBEBHBBAuBBAoAXAaATAHADACA9A8BDBNBeBaBaBKBRBLBFBAAuAgAbAXAMAEAD
3143906003005,BDBHBVBUBdBXBRBBBDA/A3AwAdAYAVANAIAFACBABIBWBYBcBaBWBEBNBIA+AxAnAhARALAOAHAF
3144003003001,A/BQBcBTBOBUBIBLBGBAAuA5ApAmAcAXAHAEAFBBBIBTBOBKBQBQBEBHA3AxA9AqAiAeAWAIAJAI
3144003003002,BPBQBdBSBWBXBTBLBDA/BCAgAfAcAbALAOAEACBDBRBbBUBSBVBLBEA/A9AzAuAkAgAgAQAIAFAF
3144102001001,BDA+BPBRBVBUBPBIBCBKBEA0AwAbAhAPAKAEAAA5BABNBSBQBLBKBGBHBKBBA0AmAmAZAfAKAKAD
3144201001001,A8BRBwBxBPBCBEA/BNA3ApAnAoAlAbAZAQAGAABXBZBnBgA6BEBDBEA0A5AwAsAfAyAhAPARAHAE
3144300003001,BOBPBXBTBXBXBMBBBEA5ArAsAkAYAZAQABAJAEBBBJBYBXBUBWBVBHA+A8A4AzArAtAZAUANAIAH
3144300003002,BJBWBcBYBQBSBRBCBEA9A2AoAnAZAZAPAFAFAEA+BOBdBVBTBXBNBCBHA9A3AtAoAiAjATAOAEAD
3144359001001,BZBMBrBsBfBUBQA4A1BFAtAxAdAYATAMAJADABBIBOBiBsBYBOBJBFBAA4AqAtAiAfAXANALAIAE
3144375001001,BUBdBqBuBcBUBQBEBPBAA4AlAeAaASAQACAIADA/BPBlBVBUBKBHBJBCA8AiAtAhAfAXAGAFAHAA
3144409001001,AsBEBQA/BMBLBQBJBSBSBOBEA9AhAVASAWAMAAA8A1BGBDBLBHA8BHBFBMA6A6A2AZAoAbAZAIAB
3144508001001,BGBRBjBVBOBQBSBOBVBCBCAzAsAaAXARADADAAA7BIBbBUBEBKBGBMBNA9A8AlAsAaASAaAPACAE
3144607001001,A+BJBaBXBSBUBQBCA/BAA9A6ArAgAQAUANACAEBEBJBVBWBUBRBPBFBCBABGAsAlAeAWATAPAFAF
3144656001001,A8BmBtBxBeBXBJA/A6A7AlAzAlAfAWAPAKAFADA/BWBkBpBQBNBAA/A7AyAuAsAhAfAWAYAKAGAG
3144672001001,BSBcBuBVBGA/BPBPBJBJA5AyAjAeATAJAFAFABBDBRBoBcBRBKBYBQA9A2A5AoAhAcALARAJAEAE
3144706001001,BJBGBVBYBbBMBFBBBDBJA3AqAZAgAQANAKACABBCBMBVBbBcBWBPBJBGBHBEAsAoAeAXAUAQAKAG
3144805003001,BJBUBWBSBjBpBfBbBYBCA7AWAYAQAPAEACABACBYBQBVBTBfBdBiBdBJA8ArAjAZASAHADACADAC
3144805003002,ApAwBBBFBXBcBQA/BABHA8A2ArAeAbASAIAEACAqAxBDBLBWBbBaBIBGBSBRA7A2AuAuAZAWANAE
3144805003003,A2A5BGBJBTBZBSBHBIBLBGA5AnAeAVAJAEAEAAA9A3BIBHBZBeBbBPBVBVBNA6AtAcAPAUANADAB
3144805003004,BABIBUBZBhBhBdBJBLA+A4AkAYAXATAGADACAABCBFBYBWBbBiBgBVBKBEA4ArAgAZARARALADAC
3144904001001,BGBYBmBpBKBOBFA1BLA4A1AlAjAkAmAQAKAIABBHBHBhBXBIBOBBBEA9A7A0A1AsAkAgAWAKAJAK
3145000001001,BOBbBeBYBkBkBUBWBQBMAxArAcAVASAFAHADABBMBNBUBYBcBWBRBNBHA6AzAdAeAUAIALAFAEAB
3145059001001,BOBYBnBwBgBkBRBKBAA1AvAgAjAXAPAOAEAEABBHBYBhBmBiBXBPBEA6A3AtAhAcAaALALAIAJAD
3145109001001,BMBOBcBaBaBcBVBTBIBGA9AxAnAZASAQAJAIACBHBIBLBVBRBNBLBIBFA+A0AtAgAZAPAPAMAIAB
3145208003001,BfBeBLBtCgCeBwBIAyAlAgAYAHAJAJACAAABAABdBWBNBfCKCIBZBFAxAoAZAYALAIAGAFAEAAAA
3145208003002,BZBZBbBnCHCDBkBMA7A0AlAkAUAQADAMABAAACBZBQBWBhB7BoBXA/A6AwAaAoAaAIAHACACACAA
3145208003003,BXBWBXBpCPCJBiBIA8AvAgAdASAIAKADAEAAAABWBPBWBjB/B3BcBJA+AvApATAOAPAIACACACAA
3145208003004,BPBNBSBpCLCDBeBLBAA1AmAjAWAMAJACABACACBIBDBNBiB+BxBcBMBDA8AyAbARASAGALAEADAA
3145307001001,BbBnB+BtBaBQBDA8A2AzAiAlAaAVARANAHAGAABXBrBwBwBWBLBDA1A4AwArApAjAbARARAKAMAD
3145356001001,BJBfBzBtBZBIBEBEA1AyApAtApAmAcAUAOAEACBEBaBuBmBRBFBDA0A2AvAiA9AlAjAcAYAJAIAB
3145372001001,BHBWBoBlBYBbBFBCA6AxAiAyAsAgAWAVAHAIACBUBbBwBWBNBNA8A1A7AvAtAyAfAoAhAYASAHAD
3145406001001,AxBCBgBUBRA8BVBOBUBTBIA8BHAfAhAgAFAAAEApA6BUBHAuBFBCBKBHBMA1A8AkAvAoAXAGACAF
3145455001001,BcBrBvBuBiBeBRBBBCA1ArAyAZAbAUAKADABABBIBcBoBfBfBPBKA2A3A5AnAlAaAXAUAHALACAB
3145505001001,AzBCBoBYBKBGBJBNBKBDBDA7A7AZAjATAOACAFAzBJBbBNBEBFBNBCBEBFA5AxA/AdAbAUAGADAJ
3145604003001,A9BDBTBbBTBSBOBEBEBBA3AzAfAWAUANAPAGADA5BBBUBRBZBOBRBKBPBLBBA3AtAnAbAWALADAI
3145604003002,A6BJBUBPBPBKBTBQBHBKA4A3AkAhAUAVAPAAAEA7BHBMBMBPBTBTBMBMBGBEAuAqAcAdAQARAFAH
3145703001001,BBBDBbBYBLBJBGBPBPBCBGBEAtAfAYAOAIACACA+A/BNBaBJBHBFBKBNBFA7A5AzAdAOAYALAKAC
3145802001001,A0BVBuBfBNBHBUBNBLBHA5AgAnAiAeATAMAAAABNBUB0BQBGBHBRBDA/A4A0AuAeAkAYAMAKAEAD
3145851001001,BLBKBhBeBRBQBRBBA8A9BEAtAlAdASANAMAEACA8BPBXBWBTBXBKBIBDBDAyA4AiAZAYAPAVAOAD
3145877001001,BKBYBuBhBTBVBYBIA+A9ArAxAmASAVAMALACABBOBbBlBkBQBSBMBHBDAwAwArAcAYANARAMADAC
3145901003001,A9A9BMBYBrBeBUA4A8BJBhA7AgAYAIAEAGABAAA1A9BEBVBsBjBQBABMBcBVA2AfARAKAQAHAAAC
3145901003002,BHBKBfBlBsBmBSBGBDA/A5AoAUAVAJAOAFAAAABJBFBdBgBpBeBXBIBIBEA1ApAWAUAWAFAFACAB
3146008003001,AyBFBcBUBUBPBQBMBLBKBIAwAqAeAXAWAHAMACA+BGBSBOBLBLBLBOBLBFA/AsA6AVASASAOADAD
3146008003002,A6A+BNBNBSBQBNBHBJBEA1A/ArApAXARALAMADA1A+BPBLBPBLBHBIBKBLA2BBA1AhAgAaAVAHAH
3146107003001,BABOBaBeBdBXBUBFBBBBA4AqAlAVAQAMAHADABA9BKBZBaBWBZBVBLBJBFA9AsAkAYAcAQALAFAB
3146107003002,A/BHBVBbBfBUBOBGBGBBAtA2AlAYAUAGAHADAAA1BCBWBWBaBbBRBKBOBJA3A5AnAeAhAOANAJAD
3146206001001,BPBcByBsBSBHBDBBA4A4AsAlAbAoAXATAIALAEBFBUBsBeBYBGBFA+A0A3AtAoAjArAnAVAJAHAH
3146255001001,BfBxBxB1BqBgBMA0A0AwAmAiASAaAMANADADACBmBoBtBvBhBFBGAxApAxAoAtATAZAPAUAFAGAG
3146305001001,BTBlBxBiBPBIBHA+A6A3AlAlAlAaAbAQALAGACBGBcBvBlBXBPBEA8A5A0AuAqAmAnAUASASAFAG
3146404001001,ArA8BYBTBBBCBDBEBSBRBJA/AyApAmAaAIAEABAwA3BTBPA6A8BGBPBYBJA+A6ArAvAnAWANAMAD
3146503001001,A8BDBWBPBSBJBOBFBOBSBIAsAoAdAaAZAIAFACAzBBBLBSBSBIBGBLBOBMAwA/ApAjAnAVAJALAD
3146552001001,BPBcBvB4BdBVBNA9A6AyA2AeAjAXAWALAKAFADBHBbBlByBNBRBEBDA8AxAzArAdAZAdANAHABAE
3146602001001,AcBBBMBQA5BABEBNBWBgBMA5AuAlAZAWAcALAFAuAwBJBbBEA+BBBMBEBFBKAwA5AiAkAjAcAMAG
3146701001001,AxBEBNBKBaBPBCA/BGBPBDA6A3AlAgAfAKAFADA0BDBKBBBPBJBCBGBEBIBHArA4AkAnAcANALAD
3146750001001,BABWBoB5BPBLBJA8BAA5AwA0AiAkAiAWALAEAGBEBTBkBgBIBCA6A9A2A6A7AsAuAWAjAaANAGAC
3146909001001,BXBVBnBmBaBTBRBRBLBDAwAmAkAMAPAKAGABABBKBWBmBXBbBQBSBOBGBAAlAqAcATAOANAGAEAC
3147006003001,BXBcBtBnBaBSBWBKBHBEAzAxAeAbATAQAFACAABMBcBlBdBQBSBKBFA7A5ApApAcAOAWAGAEAAAC
3147006003002,BcBZBqBzBwBZBMBEBEA7AqAeASARAFAGAIAAAABMBcBpBqBoBeBQBKBCA3AmAkAZAUAMAJAGACAC
3147006003003,BWBlBpBnBmBgBbBQBDA6ArAZAPAPAIAJADABABBRBXBpBnBjBfBcBRBCAzAfAiATATAMAEAJADAA
3147006003004,A4BHBaBdBmBbBKBEBBBDA+AmAbAYAQAMAIADACA/BJBXBiBlBaBUBNBKBKA5AuAiAUAPAVANAGAC
3147105003001,AzA+BHBSBOBTBNBIBCBMA/A4AdAcAZAQAIAHAAAwA3BGBQBWBWBTBOBIBQBZAnA4AqAdAWAVAKAF
3147105003002,A9BHBSBZBdBWBNBJBIBCA7AuAdATAZAIAKACAAA1A+BOBcBYBWBTBOBUBPBJArAkAiAZATAMAIAB
3147105003003,BABEBXBcBfBbBXBNBJBGAyAyAeAWAGAIAKADABA8BDBSBTBcBYBaBPBPBIA8A0AlAaAUAIAMAEAH
3147105003004,BHBXBkBeBfBgBdBSBHA9A5AgAgARAVAKAFABACBJBPBdBZBaBVBYBJBEA8AyAlAeAXARAKAFACAB
3147204001001,A/BDBSBZBcBPBKBFBFBIA+AyArAfAXAQAQAGACA9BCBPBYBVBMBFBHBIBEA3A0A4AZAYAVAPAKAD
3147303001001,A9BEBWBTBQBUBOBQBNBGA+AuAwAhAbANAHAHABBDBDBSBQBPBMBLBNBJBHA8AuAiAkAgAUAJAFAC
3147402001001,BHBTBdBgBbBXBQBEBLBDA6AkAeAXAKAHAHAEABBHBLBfBgBaBTBNBMBNBFAzAxAnASAPARAJACAE
3147501001001,AyA5BKBoBKA/BEA6BIBOA9A1AwAtAkALAJANAEA3BIBCBkBSBGA7A/A7A2A/BCArA4AmAZAgAMAG
3147600001001,BBBIBVBYBQBQBMBLBNBFA6A1AsAXATAPAGADADA9BJBVBRBIBOBQBNBGBLBGA0ApAhAVAWAMACAE
3147709001001,A0BABKBWBTBMBEBOBTBNBCAwA1AjAaAaAMABACAwA9BOBRBFBDBHBIBPBFBHA1AoAsAhAZAbACAE
3147808001001,A8BOBUBZBMBDBCBIBZBeA6A+AeAvAeAaAKACAFA0A8BXBjA0A+BJBCBQBFAyAvAeA2AaAZAIANAA
3147907003001,BNBOBUBcBXBcBUBSBPA+A5AhAiATAXACADADAABEBPBgBcBYBVBZBQBHA+A8AkAXAeATAHANACAG
3147907003002,A/BCBOBXBXBOBNBMBOBIA1A1AnAXATAWAEADADA6A/BQBRBXBNBOBOBPBNBHAyAyAcAcAKAMAIAG
3147907003003,BIBIBaBYBeBdBXBLBOBCAxA3AfAcAXAJADAAAABIBEBTBZBWBcBVBUBJBCA6AuAoAQAUAGAEAAAC
3147907003004,BJA/BNBJBUBOBQBMBEBEA6A7AjAnALATAIAHAAA3A3BHBQBOBYBVBLBMBKBFA1A1AkAdANAVAKAD
3147907003005,BDBMBfBaBSBOBMBIBJBJBCAtAwASAaANAEAGAEBBBMBWBSBQBSBMBMBIBGA+AvAiAfATASAIADAC
3147907003006,A2A8BMBTBbBQBIA+BBBBA9A5AvAeAcARAJAGACAyA3BCBTBbBSBLBEBMBJBGBCAzAqAeAWATALAF
3147956001001,BOBiBuB8BhBPBPA+BEA4AqAnAhAiAVAPAEAEACBCBZBuBwBSBJA/A5A3AvAlAtAkAgAVAQAGAFAE
3148004003001,BHBLBZBaBaBaBbBWBPA7A6AnAiANAPAKACAAAABABIBUBbBXBXBgBgBPBEA4AtAgASAUAEAHABAB
3148004003002,BCBIBJBSBcBaBPBJBBA9BBAoAfAaAXANAEAJACBCBIBVBZBdBUBKBJBKBHA7A8AvAfAZASAJACAF
3148004003003,BPBUBhBmBgBfBKBIBIA9AvAoAaASAOABADAAABBCBOBeBkBhBcBQBMBQBJA+AoAgAPATAAADAGAC
3148004003004,A3BIBYBLA6BDBABRBZBYBTBJA+ArAaAcALAHAAAtBEBMBCA3A6BBBKBNBFBDA5AmAuAeASASAAAG
3148004003005,A8BOBfBhBSBQBTBnBhBMA7AeAZAfANAFAGABAABLBKBZBNBLBYBiBnBSBGAoAqAbAJAMALAEAAAE
3148004003006,AwA3BGBbBWBJBHBHBKBMBAA4AfAiATADAMAHAAAyA3BCBbBkBUBPBTBZBTBNAwAuAiAYAXANAGAI
3148004003007,A5BABRBbBZBaBRBKBIBFA8ApAfAZAYALAJAGABBDA8BFBWBYBWBTBTBSBKAsBEAqAgAWAQAPACAE
3148004003008,A1A+BQBWBWBTBOBHBJBIA3A7AkAWAUAMADAGADA9A8BNBUBSBcBRBTBXBSBDA1AnAjAeAKALAFAC
3148004003009,AvA3BGBVBaBRBFBBBFBDA8A4ArAjAUARAKAIACAvA2BBBSBaBSBMBNBNBRBHBEAyAmAlATAWALAE
3148103003001,BMBVBkBVBWBZBgBhBcBJA+AxAoAbAUARAJAEABBEBOBeBGBBBFBPBHBCA2AnAoArARAPAOAIABAA
3148103003002,BJBSBlBjBcBVBXBRBGBMAxAiAZASAOAIAEABAABKBNBeBYBXBcBbBVBOBEAzAoASAUAQAIAJABAE
3148103003003,BLBNBfBhBhBaBNBHBJBEA0AsAZAdAVAGAFACACBHBJBXBbBdBRBJBJBMBEAvA2AeAdAWAJAKACAD
3148103003004,BBBFBRBXBbBVBUBIBGBHA5AxAdAhARAKAMAFABA+BDBMBQBcBWBNBIBLBGBIAqAoAgAZAUANAGAD
3148202001001,A0A9BTBRBSBLBLBBBLBHBJAtAtArAlATAOAGACA1BEBNBEBRBMBKBGBDBFBHApA3AvAiAQAYADAE
3148301001001,A8BMBcBZBhBWBKBABFBJA6AvAhAfAXAPAJAJAGBCBKBYBhBUBHBHA8BCBAA1ApAoAaAkAVATAGAF
3148400001001,BHBeB5BsBLA7A7AxA2A3AuAnAlAhAgASAJAJADBRBaBuBmBOBBA8A9A2A/AxAyAiAiAfAZAYAGAM
3148509001001,BEBTBZBgBZBUBKBJA1A8A5AmAoAjAZAbAIAHAFBSBOBfBbBSBFBCA6A0A4A0AvAsAlAfAUAMALAI
3148608001001,BPBcBmBnBZBUBJA8A6AzAoAqAeAfAWANALAEADBKBbBnBsBWBOBCA+A6A2AoAyAhAeAkAVAMAFAH
3148707001001,BVBeBsBnBVBJBABBBBA3AuAjAcAaAbAPAFAFACBOBZBnBpBPBLBMBBA9A6AsAuAsAfAVAWAKADAE
3148756001001,BVBtBwBXBXBbBbBIBBA1A2AkAdAVAVAJAHAEABBXBhBlBiBQBhBSA+A5AxAmArAZASAMAIAFAEAD
3148806001001,AwBPBNBgBKA6BDBDBHBDA+A3AwApAgAmAIAIAEA1A0BXBdBJA6BJBHA9A+A1BCBBAaAxAhAPAHAE
3148905001001,AzBHBEBNBPBKBRBJBVBRA7A/AqAqApAZAMACACA/A9BIBMBJBIBPBMBEA/BLA0AtAnAXAVANADAB
3149002001001,BFBXBtBOBZBZBXBOBTA5A2AxAhAbANAPARAEACBEBMBoBkBOBABTBGA9AvAxAtAlAdATALAMADAF
3149101001001,BEBHBkBeBPBMBEBHBPBKA9A3AoAfAXAQALAEACA4BEBjBZBKBBA+BKBJBFAyA4AqAgAWAVAQAGAE
3149150001001,BSBdB4B2BgBXBGA2A8A4AtAoAeAaAZAPAGACABBOBZByB1BXBIA+A2A8A2ArArAiAXAZAMAGACAC
3149200001001,BVBGBcBRBPBEBNBPBRBGA3A7AvAZAZAXAHAEADA/BDBNBWBKBKBLBIBMBEAvA6AqAdAdAOAKAHAC
3149309003001,BQBSBaBiBaBSBaBCBNBAAyApAcATAQANALADABBBA7BnBPBaBjBgBJBLBABAAuAVAYAUAIAIAFAB
3149309003002,A9BIBXBWBfBZBRBDBCBCA8A3AlAVATAIADACABBDBCBUBWBdBgBVBJBQBKBAAzAjAbARAOAGADAF
3149309003003,A5BDBOBYBWBUBOBDBFBGA8A0AkAbAUAPAIAEACA8BCBPBRBPBZBRBHBPBNBMAvAzAZAYAVAPAKAC
3149408001001,A6BSBeBSBABTBVBTBQBhBEAuAwAfAcAMALAGAEBABBBXBOBDBLBZBVBEBDA2AfAoAfAPAMAGACAA
3149507001001,BAA8BWBkBUBTBDA9A/BLBDAyAuAVAXAUAFAKACBIA9BJBWBJBTBGA/BPBEA9A7AmAsAVAiATAEAE
3149606001001,BIBEBXBhBLA/BRBLBNBIA8AnAcAaAeAUAYAIABBAA8BVBdBSA7BVA+BLBDA3AxAoAqAhAXALAHAF
3149705001001,BMBNBTBiBuBgBRBQBGA3A8AhAkAUAVAOAIACABBIBQBXBSBhBeBNBNBDA6AuAiAiAaAZAJAGAEAD
3149804001001,BQBXBhBbBaBXBYBUBJBEA/AuAiAYATALADAAACBFBRBZBWBUBWBWBGBGBAAxAkAaAXAVAGADAEAB
3149903001001,A9BEBSBTBUBQBOBFBEBEBCAzArAfAQATALAEAAA8BCBVBWBOBSBNBIBMBEBCA1AtAdAdATAQAFAE
3149952001001,BOBcB1BhBLBMBIA9BAAyArApAhAXAOAYAKAFAEBJBaB5BkBJBLBTBGA7A3AsApAmAfAYAUAKAHAE
3150000001001,BEBdBzBiBaBJA7A3A8A6AnAoAgAiAeAcAKAHACBHBYBhBnBfBFBEBAA3AxA3AtAgAlAdARAOAKAJ
3150109001001,A/A3BNBdBLA/BNBMBJBbA4BRA2AcAqARAVAFADA6A9A/BGA9BFBIBABOA/A/AzAyAvAoAQASACAG
3150158001001,BTBaBwBlBTBPBUBIBLA/AqAqAYAaAXAOAHAEACBQBWBnBZBXBTBLBKBBAyAtAnAfAWAQANAJAFAB
3150208001001,BSBRBfBgBZBZBGA8A9A6AyAjApARAZAPAMADAEBHBFBWBtBZBHBSBABCBGArA1AaArAeAVAOALAC
3150307001001,A4BFBTBQA6A2BIBMBTBPBZAzAnAsAnAWAJAEAFAvBEBHBUA6A2BDBCBPBOBABCAtA8AcAYASAHAD
3150406001001,A8A7BYB1A6BHBOBGBRBKBCAsA7AsAgAZAJADAEA2BFBMA+BAAwBpBMBGA0A3BHApApAiAPANAFAG
3150505001001,A8BGBPBUBXBRBZBTBQBMBIAzArAXAVAPALAEABA/A/BPBXBIBOBRBNBOBFA2A1AgAeASATALAFAA
3150539001001,BLBfBeBYBMBUBQBBA9A5A7AoAyASAdAPAHABABBPBaBhBJBTBRBTBIBCA+AwA7AiAiALAPAJAEAE
3150570001001,BhBsB3B7BfBVBJAvAvA4AmAwAwAOAXAJANAEABBcBiB1BrBGBFA5AvA0AsAtAnAqAYAYAPAJADAB
3150604001001,AvA/BfBeBABCBKBLBQBQA4A6AyAkAdAYAJAIAEA0BABTBRBHBGBHBGBNBKA+AzAsAiAhASAbAIAC
3150703001001,BZBVBYBSBvB4BnBaBGBAAzAtAgAeAKAIAIADADBFBFBKBUBPBeBRBSA4ArAoAjAmAMAWANANABAB
3150802001001,BHBNBiBrBcBXBDBEBAA8AwArAjAiAWANALAFADBEBPBpBkBQBLBCA8A+A2AwAvAkAeAcAcANAJAG
3150901001001,A6BKBXBUBQBPBPBOBJBKA/A4AvAgAdAWALAGAEBAA+BWBWBNBGBNA6BDBDA5A7AmAkAUAXAOABAD
3151008001001,BCBKBiBeBMBQBHBKBJBIBEApApAcAeAPAGAFABBFBDBVBaBQBIBIBKBEBBA5AuAjAkAZASAIAKAG
3151107001001,A6BEBTBTBUBXBTBJBFBFBEAsAwAUAYAOADAFACA5BDBWBYBSBSBUBMBFBDBIAsAoAfAZAWANAHAE
3151206003001,BYBcBtBkBfBdBQBFA/A3ArAnAaAPAPADADACABBYBVBnBkBgBfBYBLA8A8A1AgAaARAMAHAGAEAC
3151206003002,BDBJBWBdBcBYBNA9BDBAA3AsAnATANANALAFACBJBIBTBcBbBVBQBIBIBEA+A1AlAeAXAQANAHAC
3151305001001,A9BEBGBRBUBQBJBCBJBFBCA9AtAkAZAZAQAFABA3BABLBPBWBPBMBBBJBMA4A4AqAeAYAdATAMAE
3151404001001,BCBQBcBfBYBUBPBKBIA+AzArAmAVAOARANADABBDBOBUBYBSBRBPBKBLBEA4AwAjAaAcASALAHAB
3151503003001,A2A6BLBQBXBVBRBBA/BIA9A8AkAbAaAYAJALAAAqA9BEBNBQBZBPBFBIBLBHA8AoAwAqAVAOAOAG
3151503003002,A7BKBSBXBXBSBSBJBIBKA9A1AsAbAPAOAMAHABA5BBBSBTBPBRBQBPBJBHBBAyAkAcAYAQAQAGAE
3151602001001,BTBNBSBWBtB1BUBWBBBDA3AtAeAcATAJAFABACBRBMBFBPBYBWBUBDBEA+AuAyAiAUAVALAFABAB
3151701001001,BBA+BPBJBRBSBJBMBRBOBABDAxAiAbAWAHAGACA3BBBIBKBOBJBLBFBJBOA7A2AlAsAbATALAEAD
3151800003001,A7A9BFBSBSBcBYBLBFA8A+AwAjAhAWAQAFAHAAA+A8BOBJBeBcBfBPBOBGA+A/AwAXAZAPAOADAD
3151800003002,BKBJBLBMBYBfBVBLBQA8A9A1AcAgAKADAEABAAA/BGBOBLBeBhBdBaBOBKBDAvApAVAXAHAHAEAA
3151800003003,AuA4A9BKBSBSBEA8A6BBA5A9A0AdAjAVANAGACAyAwA/BGBaBTBNBBA/BLBJBOBAA2AoAbAeALAK
3151800003004,AuAuA6BHBUBbBLBBA+A8BGA2AyAoAXAQATAHACArAxA9BHBYBWBTBMBLBMBLBIBFAfAlAQAkAOAG
3151800003005,BEBKBaBaBXBUBXBIBCBBAxAzAiAYAYAFAHAGAABEBNBaBVBUBVBXBNBKBDBBAxAoAaAPAQAFAGAC
3151800003006,BFBJBcBXBeBUBPBLBJBHBCAmAlARAMAIAGACAABDBGBXBXBTBaBQBTBSBIBFAwAlAWARALAGAEAB
3151800003007,A5BLBdBUBMBUBbBRBNBCBCAuAlAbAZAOAGADAABEBHBTBSBLBWBfBZBHBBA8AyAhAaAYAJACABAC
3151800003008,A7A8BNBMBUBcBNBMBBBCA8AyArAgAgAIAKAFABA7A9BFBNBTBaBPBOBIBIBIA6AlApAWAdAUAEAF
3151800003009,A2A4BCBGBWBaBSBDA+A+BCA0ArAhAWASANAFAAAyA1BABFBYBbBVBIBGBLBKBEA7AoAtARAOAMAG
3151909001001,A9BEBUBYBOBHBJA8A/A/BLAqAzAvAmAWANAIABA3BCBSBOBGBNBABDBDBCA+A9AyAlAeAVAfAEAI
3152006003001,BLBUBeBkBaBUBOBIBFBBAyAoAeAdAWAPAEACABBIBOBdBiBWBSBLBJBIA+A0AqAbAcAUAMAMAFAD
3152105003001,A8BBBWBTBhBnBaBIBJBGA2AzArAbAPAMAKAEACA5BFBUBXBOBOBNBKBGBFA/AuArAUAYAVASAEAE
3152105003002,A8BFBQBQBOBRBQBCBABEBAAvAgAWARANAOAJACBCBCBHBRBWBbBZBLBMBOBIA3ArAjALAeAQALAD
3152105003003,A/BHBNBYBOBMBKA+BKBAA6AvAlAWAUAMAGADACBDBHBPBTBTBXBRBJBSBPBGA1AmAqAYAcAOAIAE
3152131001001,BVBgBjBoBfBfBIA/BAAxArAwAaAnAWAMAFACACBOBnBuBrBXBZBJBBAyAwAtAeAhAQAbAJAIABAD
3152170001001,BdBwB2BlBMBKA+A/A5A2AqAmApAcAfAPALACADBXBeB5BXBLBHBFA2A3ApAsApAoAfAbAQAOADAH
3152204003001,BEBUBfBuBjBhBLBBBAA4A3ArAqAbAbAMAIACABBABPBaBmBWBRBCA8A+A3A0AyAiAZAaAPAPAEAD
3152204003002,BFBOBWBfBdBaBMBFBDA9AwApAiAcAUAMAHAHACA/BHBYBkBaBbBPBKBFA/A2ArApAcAUAPAMAJAH
3152303001001,A7A/BXBTBUBeBTBHBOBHA+AtAoAcAYAYAQAFABA0BDBQBWBRBSBOBHBGA8A4AwAfAkAmAZAMAFAB
3152402001001,BMBbBsBjBQBGBBA/A6A5ArAwAdAdAXAYAMAEAHBEBaBpBjBLBKBDBEBAAyAyAoAqAmAjAVAQAGAH
3152501003001,BDBPBoBiBYBPBWBQBNBDA7AmAZAVAMAKAIACABA+BQBjBcBSBSBYBaBMBCA1AtAiAQAKAHAKABAC
3152501003002,A5AxA+BQBcBdBKBCBGA8A7A7AZAkATAQAIAMACAwA0A7BQBeBfBTBLBPBSBEBEAtAtAQAdAYAPAD
3152501003003,BKBIBWBcBfBdBVBNBCA+A8AlAdAeAKAGAGACABBSBKBbBeBbBTBPBKBGBMA7AwAjAVAOATAGACAC
3152501003004,BHBMBbBZBcBkBbBPBIA7A9AlAgASALAIAHADAABEBKBWBSBXBmBaBRBKBEA9AqAhASANANAFAFAA
3152501003005,BABEBQBPBaBeBYBOBQBTBIAvAlAXAbANAJACAAA1A9BLBMBSBVBUBNBMBGA/AwAgApAPANADAGAD
3152501003006,A1A5BIBNBcBcBNBCBDBFA8A0AoAUAYAQAOAFACAzA5BKBRBbBXBNBIBOBNBFA/AxAlAcAYANALAG
3152600001001,AyA9BQBfBFBGBEBSBNBVA4BAApAjAnASANAGABA6A1BOBQBCBMBBBMBMBHBMAzAvAnAcAcANAHAD
3152709001001,BCBMBOBUBJBbBRBPBPBQA7AuAhAaAUAPAPABADA8BMBTBLBOBJBNBJBSBFA7AtAwAgAbAHAVAIAC
3152808003001,BGBNBTBWBYBWBTBTBQBEBAAuAoAdAOARAJAEABBDBKBOBUBNBVBSBPBIA+AvAxAdAgAcAMAJADAC
3152907001001,A5BABSBQBPBFBIBFBABPBMA+AzAnAbAXAIAIAFAyA6BHBGBEA7BDBGBKBKBIA4A3AnAiAgAZAKAE
3153004001001,AuBABGBDBWBWBPBVBSBRA/BBAdAzAwAUARACAAA9BBBOA8BHBEBRBGBCBBA/A+AzAkAlATACACAD
3153103001001,BABOBfBXA8A+BGBCBOBLA1A7AuAYAmAXAOAHAEBABSBnBgBAAzBHA4BAA9BBApAoAxAdAbATAHAG
3153202001001,A5BHBjBjBRBFBVBCBLBEA4AsAuAnAgAMAOAIADBDBUBmBnBEBABGBEBFAyAqAyAjArAaARAJAEAG
3153301001001,BkBUBzBdBiBRBPAwA5A1AxAnAZAlAWAJAIAIAEBdBQBhBnBUBUBLA0A5AxA9AfAjAbAVAPASAJAA
3153400001001,A8BJBdBVBPBOBVBQBPBHA0A5AsAjATAWAKACADA4BGBeBVBKBMBQBOBIA5AxA2AnAfAdAOAHAEAC
3153509001001,BCBTBkBRBRBQBPBFBDBJA2A9AqASAXAVAQAHAAA/BGBRBPBSBPBOBBBGA/BBAuAjAYAcAbAOAJAA
3153608001001,BJBPBsBhBjBOBNBEBABCA7AiARAgASANAFACABA+BKBSBoBiBVBOBMBGBNA0ArAfAfAWAMAGAEAD
3153707001001,BMBYBaBmBKBEBABDA9BUBBAwAwAdAdAUACAFAAA6BKBpBJBCBGBIBHBGBGAzA1AsAlAWAYAPAEAA
3153806001001,ApBEBMBSA7A3BVBMBaBdBQA6AtAvApANAKAGADAoAvBMBXA9AtBGBHBRBABKA/AzAtApARAVANAF
3153905001001,BFBGBUBfBWBfBYBIA8A9A/AnAnATAJAFAIABABA+BHBUBYBgBeBfBLBIBDBCAvAmAaAUAKARAIAE
3154002001001,A+BIBQBPBJBEBIBGBMBEA5A3AvAgAaAUAOAJAFA7BKBVBOBMBJBCBJBFBFBCAxAqAnAdAgAUAHAI
3154101001001,A2A9BOBNBDBHBGA+BEBIBDAxA3AnAjAVAMALABAyBEBNBQBHBEBHBBBHBFBCBBAwA4AlAZAaAMAE
3154150001001,BSBaBqBkBZBZBLBBA/A+AzAsAiAdAWAPAIADAABVBQBhBbBWBTBGBFBFA3A2AlAZAWAYAJAHAIAC
3154200001001,A+BEBQBUBXBHBJBGBABJBHAzAlAfAbANANAGAEAzBCBSBXBPBJBHBJBNBMA/A1AuAlAhAWASAFAE
3154309001001,BJBKBcBWBKBEBFBCA9BCA7ArArAjAcAUAJAFAHBCBJBUBOBNBQBJBLBDBCA3A7AyAmAfAXAPAGAE
3154408001001,A7BIBTBiBIBLBQBMBOBIBAAlApAkAbAHALAHACA0A/BkBeBGBHBKBOBMBCAzA4AtAjAVAcANAIAB
3154457001001,BMBaCDB6BOBWBDA9BDA7A+ApAkAbAVAJAIAAADBLBWBzBeBKBHBEBFA4A4A5AkAnAPAYALAEAEAA
3154507001001,BWBaBuB2BtBbBEA5BBA0AsAlAWAcANALAIAEACBVBcBoBuBgBPBBA1A7A4AtAlApATARAJAMADAF
3154606005001,BeBYBdBXCFCDB/BfBKA3AuAcAMANADAGABAAAABKBaBiBWBJBZBcBLBCAxAlAfASAQAJAIABAAAC
3154606005002,BTBQBnBaBfBeBYBFA8A4A2AqAXAPAMAFADABAABBBPBbBiBkBgBiBJBCBFAzA1AhANAPANAHAEAC
3154606005003,BSBdBoBqBeBTBVBEA+A6AvAjARAOANADAEABABBRBfBnBqBnBeBTBFBCBFBDAYAcARAMAHAFADAA
3154606005004,BUBoBvBqBaBIBUBJBFA9AxAaASASAMAJADAAABBQBcBqBnBXBWBSBRBMBAAvAkAWAQAQAJAHABAA
3154606005005,BIBaBzBgBlBeBSA6A/A3A7AoAUAUAOAHAFAAAABJBUBnBkBhBaBMBCBLBDA6AtAZAZAQAIADAAAB
3154606005006,BNBLBgBiBjBgBWBCA+A2A8AmAcAWAKAGAGAAAABEBQBkBfBdBhBVBHBHBDBFAiAhARAOAVADABAC
3154606005007,BFBMBeBXCHCIBzBTBDA1AzAiAcAPAJAKABACAABBBOBXBWBRBaBaBEA8A5AyAnAhALAPAHAIAGAC
3154606005008,BHBKBWBWBdBfBaBHBCA9AyAvAdAZAJAGACAAADA/BMBZBUBaBdBoBOBJBJA/AzAaAeAKAMANAIAC
3154606005009,BVBXBqBZB0B1BpBUBJA5AqAsAXASAMABADABAABNBTBiBaBVBSBSBFBCA6AsAmAeANAMADAFACAA
3154606005010,BVBWBhBUBeBlBYBJA8AzArAvAbAWAGAFAGADAABPBTBgBYBgBhBcBIBAA7A6A0AdAOAPASAEACAC
3154606005011,BKBVBkBcBhBeBZBMA9A2AvAwATAVALAFABAFADBHBTBhBbBgBjBeBQBFA8BAAnAhAPAJAHADACAF
3154606005012,BOBXBeBSBbBeBgBVA4AsAxAqAeAVAOADABADAABJBNBiBZBeBhBnBQA+A2A4A1AiAZAOALAEAFAD
3154606005013,BZBYBcBeBaBaBjBRBEAyA7AaAXANADALAAACACBTBZBlBSBYBoBiBQBEA6A4AlAbAWAGALAFADAA
3154606005014,BFBXBkBdBgBdBXBMBGA4ApAuAbAWAHAJAFAAACBJBLBXBbBYBfBgBUBLA+A+AjAeAUANAKAHAGAD
3154606005015,BOBeBhBXBXBcBlBaA/A2AwAgAPAQALAGACAAAABPBeBgBZBaBqBpBUBLA4A2AhAdAOAMACADAAAG
3154606005016,BIBOBcBdBYBeBZBLBBAwA3AjAiAUAHAOAAAAAABBBPBeBeBhBlBhBQBEA/A1AsAbAbASAQAMADAA
3154606005017,BNBTBeBfBcBfBdBKA/AtAlAxAWAWARAGAAAEAABIBSBrBVBgBiBdBRBDA6A3AoAeAfANAJAKAHAA
3154606005018,BPBZBjBfBiBmBXBLA+A3A5AiAYATAGADACAAACBPBQBhBbBiBgBgBQBFA/AtAtAYAWANAFAFABAG
3154606005019,BOBXBmBkBWBdBeBRA/A0A7AYASAXAHAFADABAABOBZBjBeBdBhBiBXBDA9AwApAgAOATAEAAADAA
3154606005020,BRBVBjBfBjBeBjBKBAA7AtAhAXAKAHABADADABBZBUBhBlBpBhBgBSBJA9ArAnAcAIAGAEAGABAE
3154705001001,A2A/BEBPBTBUBHA4A2BGBSA8AlAfAXAeAJAIAAA7A+BPBLBPBWBLA8BBBNBWA6ApAgAeAeAVAOAI
3154804001001,BCBEBdBVBgBbBWBQBEBBA9AlAfAQATALACAJAAA6BJBbBVBjBfBXBOBGBAA7AiAjAmATAOAMACAB
3154903001001,BBBLBXBcBPBJBNBBA7A/A5AuAnAcAVATAMAFADBGBPBZBYBSBRBQBABBBCBDAzArAfAgAZANAIAC
3155009001001,AtBBBjBjBeA+A8BCBHBXA+AwAqAZAcARAUAEACAwBABUBPBKBDA/A/BEBUBSAmArArAZAaAdARAH
3155108001001,BPBSBrBlBUBRBFBHA/A1AzA0AXApAkAQAJAHADBMBIBaBkBTBBA9BEBDAzAzAwAlAgAWASAKALAK
3155207001001,A7BPBmBfA9A4BDBHBTBJA/AjApAtAiAYANAEAEAwBFBdBdBCA/BHBFBJA/A2A3AxAmApAVAPADAH
3155306001001,A1BDBcBTBVBSBPBMBNBMAzBEAzArAaAVAQAEABAzBABRBGBGBNBLBKBHBBA1A8AiAqAWAXAKAHAA
3155405001001,A2BJBVBUBOBTBKBGBJBOA0A6AuAjAQATANAOAAAzBHBOBXBOBLA+BDBOBGA1A4AxAfAkAUAWAHAF
3155504001001,A/BJBTBYBdBdBaBSBJBFA6AzAkAWARAMAKADAHBABNBNBLBXBZBQBNBIBCA0ArAgAiASAOAJAFAE
3155603001001,BIBfB9BsBmBaBMBCA8A1AhAwAdAWAWAGAHADABBJBgB0BpBcBOBJA7A6AxArAlAfAZARANAKADAC
3155702001001,A+BJBSBeBKBOBIBJBJBDA9AwAkAfAaASAFADACA3BGBWBTBNBPBTBHBOBHA7A3AoAtAZAVANAHAE
3155801001001,A2BDBSBeBXBPBDBHBIBCBCAsAqAhAfAVALAGADA3A9BMBXBUBQBFBGBJBEA7A3AqAkAdAWAWAJAG
3155900001001,A4BLBZBPBFBNBNBHBPBLBEAvAvAjAdARAIAHAGA7BABRBJBABNBMBDBPBHBGAvAoAtAXAZARAEAH
3156007001001,BQBhB/BwBKA9A3A8A7A3AxAlAeAfAcASAIACABBGBhB7BxBNA/A3BCA6A1AuAuArAdAeAbAKAHAB
3156106001001,AuA9BSBdBDBDBJBGBOBDBBBCApAuAcAUAKAHACA6A6BQBZBBA3BHBJBPBMBGBFAwAwAXASANAIAL
3156205001001,BGBUBVBPBcBDBGBWBFBKBVAiArAgAXAJAMAHAGA6BMBiBNBZBBAzBPA+BKA5A4AhAdAgAOAPAGAE
3156304001001,A/BJBYBRBhBcBVBHBXBAAzAyAeAZAUAPALACABBGBLBOBZBkBeBMBLBPBBApApAoASAWAMAIAFAD
3156403001001,BCBNBbBSBSBWBWBQBTBFBFAwAiAoAWAKALAAACBDBGBMBVBIBLBMBJBJBHA6AxAkAhAUAKAHAHAC
3156452001001,A9BIBUBmBYBVBWBGBRBBA7AyAiAfAZANAOAEAEA1BRBRBpBJBRBNBMA+A6A6AtAaAmAZALAMAIAB
3156502001001,BCBdBxBsBJBFBGA7BGA4AwA4A4AiAYANAIAKADBPBeBjBiBABDA6A2A2A3BDApAiAiAhAKAPAIAH
3156601001001,BBBZBaBiBUBDBKBEBEA8AuA1ArAoAeAcAOACADA+BVBOBhBKBFA+A+BBA4A1AyAiAoAoAbAJAHAI
3156700003001,BBBIBTBVBWBWBRBMBIBCAwAoAYAXAUAOACAAADA7BIBSBWBaBcBkBXBSBJA7AtAnAiAaALALAGAA
3156700003002,A+BIBUBPBWBWBSBIBMA8A/AkAbASAWALAHAAACA5BJBIBTBcBYBeBSBSBMBIAsArAiAUAUAMAEAH
3156700003003,BSBZBtBfBhBgBVBJA/A5AtAsAVARACAEAEABADBMBVBqBmBeBgBZBHBEA+AtAvAXAPAPAKAGABAC
3156700003004,BCBJBWBUBSBeBXBEBDBAA1AtAbAUAKANACADAAA8BHBZBRBSBkBgBMBFBMBGA3ArAbAfAOAIADAE
3156700003005,BPBUBmBdBaBeBXBMBAA2AvAgAcASAJAHAGABABBIBTBjBeBaBcBkBMBCA/A4AlAcAiARAJAIADAA
3156700003006,BIBLBcBaBYBZBOBEBFBCA2AtAfAPAQAMAFABACA/BRBdBVBUBaBTBHBIBCBCAxAnAbAWAPAJAJAG
3156809001001,BOBUBsBmBSBDBABAA9A/A4AkAlAeAVAWALADAEBGBRBiBlBUBJBEBBA/A4A2ApAjAjAbAbATAIAG
3156908001001,BBBHBRBaBcBZBVBLBIBGA6AvAfAgAQAWAPADACBCBFBMBSBUBVBQBIBDBFA5AuAsAbAZARAPACAC
3157005003001,BHBOBZBdBdBdBWBMBAA5AoAnAaATAcALAFADAAA/BNBfBmBsBiBWBLBEA5AvAjAeAZAYAWALABAH
3157005003002,BABQBcBeBUBNBGBCBCA7A6AoApAfATAaAPAGADA+BJBcBfBSBPBGBCBAA4A4A4AuAmAZAZANAEAH
3157104001001,BeBaBbBlBRBRBCA8BDBFA+AkAiAdAbARAKADADBYBaBcBcBOBIBFA0A7A5AwAsAaAhAbAQARALAF
3157203001001,BPBJBbBdBgBZBVBDBFBDAzArAZAVAMAMAFADABBEBJBZBgBbBaBYBJBEBGA6ArAgAbAWAOAKAGAB
3157252001001,BEBQBgBVBRBUBVBMBTA9A6AuApAcAWAPAMABABBHBRBbBYBNBQBJBLBJA5AvAvAfAbAdAOAKAFAB
3157278001001,A+BLBbBSBHBGBEBQBfBTBJA0A2AZAZAVAJAGAAA8BKBdBOA+BDBHBSBOA+A4AsAiAcAcAPANAGAG
3157302001001,A8BKBLBhBPBDBRBNBMBJBBAwArAkAYAWAKAIABA+A+BaBfBNBCBOBLBDBBBBAwAlAmAWAPAMAIAB
3157336001001,BBBTBWBaBZBTBVBPBJBABEAjAfAVAPAIAGAAAAA+BJBXBYBXBaBXBPBNBFA9AtAnAcARAPAKADAC
3157377001001,BGBpBvB2BEBABDA+A/A3A1A0AmAfAhATARAGABBIBOBqBPBIBEA+A1AxAyA+A1AyAhAkATAQAFAE
3157401001001,A0BQBeBdA+BLBOBABABAA5A9AoAfAkAcANALACA1BHBcBTBBBKBFBEA/BDA5AyAoAyAkAYAPAHAL
3157500001001,BGBpB2B0BJBBBBBDA1A6AkArAbAjATAPAKAJACBIBYBiB2BUBPBJBCA7AxA2AsAnAmAVARAIAGAC
3157609001001,BWBgB7BzBPBPA7BBBBBCBBArAkAVAbAJAMAGAABVBVBtBxBLBGBDAwA6A6AuAhAgAbALAPAHADAH
3157658001001,BbBmBzBuBPBQBFA7AyAyAqAnAeAfAeAOAJADAGBqBqB0BgBNBIBAAyA2AwAoAtAgAjAVAJAKAFAE
3157708001001,BHBRBTBSBoBvBdBOBIBCA7ApAfAXAPAJAHAAABBGBMBQBSBZBbBWBNBEBBA5AdAmAUAPAPAHAIAA
3157807005001,BIBSBmBcBUBSBXBNBKA/A2ArATAYAWAKACAEABBGBPBeBUBaBUBeBPBLBHAxAtAeAXANAIAJAFAC
3157807005002,BFBOBaBXBbBcBUBMBHA6AzAqAUAdARAJAGABACA+BHBZBcBgBdBYBUBLBAA8ApAgAdAVALAJAEAD
3157807005003,A9BBBQBPBaBbBXBNBGBCA6ArAcAXAaAJABAEABA6A/BNBTBaBfBhBKBMBKBCA5AuAgAZALAGAEAF
3157807005004,BSBbBvBfBRBRBlBhBIA6AqAgASARAHAIAEABAABRBbBkBXBTBiBkBdBLA2AlApAWATAHAIACAFAA
3157807005005,BWBZBlBSBVBjBpBhBRA7A3ASAVAKAGABABAAAABYBYBeBXBVBnBwBfBPA6ApAcAQALAIAFACACAA
3157807005006,BJBPBbBTBhBhBlBKA/A0AvAtAhAQAMAHACABABBCBNBaBSBbBvBkBNBCA/A8AvAiAUARAIAIAFAA
3157807005007,A/BJBXBWBeBbBWBHBDA6A6AlAmAUAKAFAGAFAAA8BLBZBQBgBhBcBRBIBCA9A0AhAdAPAbALAGAC
3157807005008,BIBOBpBZBYBWBSBPBDAzAsAuAXAUANAHADACADA+BOBYBdBbBZBdBZBNBCAvA0AtAZALAZAHAGAA
3157807005009,A6BEBNBDBUBeBaBEA9A5AzA1AtAdAWAEABADADA4BABOBIBXBiBjBLBJBEBSBDA4AkAXARAIAEAD
3157807005010,BNBgBuBgBkBZBWBHBCAwArAmAXAOAEAQAAABAABNBcBvBjBeBZBYBNBFA7A0ApAZAWAEAPABAGAC
3157807005011,BSBdBpBoBnBYBQBCA4AuAjAmAVAQAFAGACABAABUBZBuBpBjBdBWBKBDA/A0AxAbAWAQAFAEADAB
3157807005012,BjBpBvBgBmBaBSBDA2ArAmAmAPANAGAEADABAABYBnBvBeBiBfBbBEBBA4A5AnAcAZAHACABAEAA
3157906001001,BRBaBkBaBWBgBRBFBEA6AwAsAgAYANATAFADADBRBdBeBaBVBVBNBCA8A2A1AoAiAZAYAKAIAIAD
3158003001001,BFBMBsBsBbBEBIBEBBBCAuAuAhAVAUAPANAFADBDBQBmBlBWBLBEBHA/A3AxApAmAcAZAcAQALAD
3158102001001,BABVBTBnBZBaBDA6BDA+A5AzAvAgAaATAQAHAHBBBYBVBeBUBFA5A3A3A4A+AwAmAhAiATALAKAJ
3158201001001,BOBZBvBvBWBNBIA4A7A6A2AgAjAbAXAQAHADABBJBZBsBhBVBIA+BAA9A4A0AqAoAZAbAdANAFAH
3158300001001,A/BRBbBVBRBTBOBRBHBDBHArAlAdAVAKAHACACBCBSBcBTBPBVBMBOBIA+BDAoAvAaAPAKAKAEAE
3158409001001,A9A6BLBLBHBEA9BFBJBEBLBDA7AlAmAdATACAAA7A9BKBSBBBEBHBDBOA8BSAyA1AlAbAhAQADAK
3158508001001,AwBRBgBVBIBFBNBKBNA/BEAyArAqApAWAOAIABA/BLBYBSA+BHBCBEA8A6A7AyArArAaAaARALAB
3158607001001,AxBbBdBXBPBIBCA4BPBQAyA4AsAqAhAOAOAEACBFA9BPBZBMBFBKBTBRA/A/AsAvAYAfAUAOAEAA
3158706001001,A5BZBdBTBjBRBRBKA9BKA0A2A4AjAUAXAGAJAAAuBMBJBKBVBDBYBJBAAvA1A7ArAnAWAWALAGAD
3158805001001,AyBJBUBgBTBEBPBNBEBBA9A4AoAjAdAPARAJABA2BIBZBQBBBUBIBPBGA2AtA5AtAlApAUATAHAD
3158904001001,BMBcBiBWBdBQBRBGBIA4A2ArApAdAVANAMAEABBOBYBkBZBMBPBNBFA8AzA7ApAiAVAMAVAKAGAG
3158953001001,BVBZBjBgBWBYBXBPBDA4AvAwAUARAPAOAEAGAABHBVBiBaBUBeBcBNBFA6A1AjAeAaAKAQAFADAC
3159001001001,A/BJBdBQBPBIBaBWBHA9A3A6AjAcAgANAJAFADA3BDBhBaBIBXBXA/BDA/AyA0AvAkAbAUAGAFAF
3159100001001,A5BdBtBUBKA+A+BLBZBIAtA7AiAtAZAPAQAEADAyBNBTBcBCBCBIBKBGA5A1A1AwAnAgAWAOABAF
3159209001001,A1A7BFBEBDBOBQBLBSBPBKA8A+AqAaAbARADAAAxA+BJBHBJBFBIBFBMBIA+A/AyAlAcAYAUAKAA
3159308001001,AwA1BVBQBBBCBHBNBOBQBRA0ArA0AiAVAQAIAEA2A/BGBRA8BPBKBCBCBHA9A0AuAjAwAcARAHAF
3159357001001,BHBTBZBeBaBYBUBHBCA9AwA4AlAdASALAGAFABBFBPBbBcBTBQBXBGBAA6A/AjAhAbAXANANAFAH
3159407001001,A9BKBnBTBVA9BGBOBOBPBCA2AsAoAfAIAMADAABABMBcBXA7BABEBMBTA5A2A1AjAdAcAhAHADAD
3159506001001,BPBYBdBbBQBJBQBDBHBCAwA5AmAlAbAQAIAHAABCBEBkBWBIBOBRBFA8A7AwBCAgAfAWASAMACAA
3159605003001,A6A9BGBVBqBcBVBGBBBHAxAzAqAcAKARALAEADA7A5BQBLBYBaBSBJBHBNA8A8AtAbAgAVANAJAE
3159605003002,BMBSBaBfBeBgBVBLBJA8A8AlAZAcAPAJAGAEAEBPBPBZBUBaBTBVBPBDBBA1AqAhAWALALAHAEAB
3159704001001,A+BYBhBWBcBOBPBFBPBHBLAuA7AZASARAGAEAABOBPBTBRBCBPBBBGA8BFA+AqAcAmAbAEASAAAA
3159803001001,BEBHBNBRBWBRBaBTBOBEA3A0ArAkAgARANAGACA/BBBJBNBLBLBRBNBMBDA4A0AsAZAYARAJAFAC
3159902001001,BFBNBdBhBQBSBQBCBEA+A3A0AjAeATAQAHACAABABUBfBcBUBTBPBEBCA9A8A0AjAiAZAMAJAGAD
3160009001001,A8A+BcBSA2BHBIBMBPBJBAA8A8AmAeANAbAIACA4BABTBMBIBDA+BHBMBLA3A4AoArAmAXANAFAD
3160108001001,A+BHBlBZBUBGBFBBBOA9A4AqAnAjAeATASACAEAxBGBXBkBKBEA/BJBFA8BLAvAkAmAoAWASAOAD
3160207001001,BMBxCKB4BOA8BHAxA4A0AnAoAtAPAWAPAJACACBLBtB7BqBOBHA/A0A2A0AsArAkAZAbAUAOAFAB
3160306001001,BOBbBnBfBPBNBEA9BBA/A2ApAtAfAfAWAKAFAFBMBTBfBfBJBHBAA8A2A2A3AvAjAqAfARAOAEAF
3160405003001,BABDBTBVBRBUBVBNBSBHA3AzAbArAWAfAIADACA+BEBOBGBQBIBOBKBDBGAzA0AiAyAcAVANAHAC
3160405003002,BGBPBiBjBlBeBZBLBABCA2AqAiAMAHAMAKACACBGBQBPBcBWBcBXBGBGBCA3AuAgAUARANALAGAA
3160454001001,BRBpB6BwBYBQBLA7A1AvAtAxAcAYATARAIABABBMBiB4BmBXBRBEA5A0AyAwAqAhAdARAOAKADAC
3160504001001,BJBOBtBkBEA/A/A8BYBPA7A1AgAeAWAPAFAFAAA7BRBOBlBOBFA4BLBEBJBIAhAjAhAbAUAZAFAL
3160603001001,A7BKB0BjBFA9BAA7BABFA7BAAjAkAaAcANAFADBFBaBfBaBJBJA3BBA7BLAzAzAlAiAnAVAMABAH
3160702003001,A2A4BPBQBRBPBFA9BDBMBIAwAiATAfAQAKADAFA5A6BNBRBKBOBOBHBOBTBOA8A7AsAjATAJAMAH
3160702003002,BGBEBXBeBTBLBMBHBKBJA6A3AnAcASARAHABADA5BDBVBTBSBQBPBGBLBIBBAwAmAmATAYAHAGAG
3160801001001,BMBrB2BnBjBMBHBPBFBAAvAnAZAZAVALAHADABBMBRBrBaBYBNBPBLBAA2AkAmAfAWATAKAGADAA
3160900001001,A8A3BDBPBdBTBLBCBSBJBPAuAqARAiATALAEAAA5A5BIBOBYBRBQA9BUBNBIAsAxApAmARALACAF
3160959001001,BGBYB3BjBjBfBLBJA/A6AwArAPAYAWAKAHAGABBQBWBgBqBZBcBSBBBAA9AzAaAWAbAVAGAIABAB
3161007001001,A2BLBWBOBQBEBABCBCBIBBAtAuAkAbAUAOAGAEA2BABWBUBRBJBMBDBGBJBBAyAtApAnAZAWAGAJ
3161056001001,BFBeBoBvBFBNBNBFBFBAArAqAlAdAjASACANACA+BNBaBgBIBbBNBAA5A3AuAuAjAsAWAQAKAJAD
3161106003001,BXBuCJB/BoBNBCA4A1AxApAjAdAaAPAMAKAEABBRBqB5BzBUBFA9A1A0AuAoAmAYAYAXAPAGADAC
3161106003002,BUBgB2BuBbBOBEA5A3AzApAqAgAXAQAOAHAFABBLBiByB0BZBNBEA3A7AxAtAmAeAiAXASAPAFAB
3161205001001,A7BFBcBZBZBWBjBDBBA9BHApAkAdASAZANAAAAA1BJBNBVBTBZBUBGBABCBCAsAfAlAaAUAOAEAD
3161304001001,BCBIBMBNBbBdBQBUBRBPA6A1AmAZAdAMALACABBCBGBQBQBQBbBdBJBIBPA4AkAYAbARASAGAAAC
3161403001001,A4BGBiBYBLBRBWBEBGBHA/A4ApAcAWAYARAIAFA5BJBbBRBDBJBKBIBCBCAuA3ApAnAZAUARAIAE
3161502001001,BABIBMBcBXBZBSBBBHBIA/AtArAfAXAWAMAGACA8BHBQBRBZBOBGA9BBBGA+A0AjAjAhAUAGAGAI
3161601001001,BNBaBvBqBTBHA4A5AwA0AwAmAnAZAYAXAPAFAEBFBYBoBtBMBKBDA/A/A/A/AuAsAeAeAUAIAEAF
3161650001001,BLBVBeBcBWBIBCBDBHBLAxA1ApAXAfARAIAEAABFBUBrBUBNBEBPBBBFBIA4AfAqAhAhAKAFAEAD
3161700001001,BLBeBiBjBPBMBPA5BKBABAA2AiAjAZAPAJADACBPBWBhBUBVBKBHBEA7A4A1ApAiAYAbAKALAFAB
3161809001001,A9BQBXBUBTBXBWBIBDBGA2AyAjAaAeAOALAGADBEBIBOBKBWBRBPBHBJBEAzAzAtAfAlAQAFAEAD
3161908001001,A5BWBiBdBfBbBXBHBEA7AyAoAeAcATALAGAJACA/BQBdBWBaBcBYBJA+A3A3AnAlAZAbATALAGAD
3162005001001,BFBHBbBcBWBRBJBEBFBDA8AzAlAfATAVAIADABA+BQBXBbBTBOBIBDBEBDA7A0AiAiAaAYAGAIAD
3162104003001,BQBTBWBmBvBuBaBQBLA7A0AlAeAVAPAKAFAEAABMBTBZBaBdBcBQBHBAA3AvAeAZATAQALAHAAAF
3162104003002,BCBIBVBbBdBZBNBKBJA/A4ArAgAgATAHAGAFABBBBJBTBaBeBZBSBNBNBBA7ArAfAbAeAOAHAIAD
3162203001001,BBBJBWBeBTBPBJBQBVBEA9A6ArAiAfAKAHADABAuA9BVBVBGBPBPBQBIBCBAAtAtAfAdAPAGAGAD
3162252001001,BHBOBiB1BbBQBgBEBGBCBBAsAiAXAUALANACABA/BNBkBlBYBKA+A6A6AxA3AzAnAcARAWADAEAE
3162302001001,AqA2BIBYBSBGBXBDBLBjBMBIAuAeAcATAMAIAAA9A7BPBSBVBLAyBPBPBLBMAmAuAcAWAaALACAA
3162401001001,BIBbB1BxBkBaBHA9A/A2AwArAlAVAdAKALACACA8BbByBoBVBPA+A4A1A1AsAsArAbAZAMAJACAC
3162450001001,B2CGCDBzBoBYA/A3AuArAqATAYASAUAFAEADABBxB5B8B1BcBTA0AwAmAmAgAaAWAVAOALADAHAF
3162500003001,BABHBTBUBXBRBQBIBQBKA3A0AkARAUASAAAAAAA3BGBLBUBXBUBXBQBVBRA9A6ApAhANAOAIAFAE
3162500003002,ArAzBHBIBYBSBSBABDBKA4BDAoAcASAWAHAFADArAyBFBMBLBMBNBHBPBXA4BUAzAwAuAcARAOAJ
3162500003003,AtA5BBBKBSBPBIBBBEBMBUAwAuAWAVAOAMAHABAvAzBEBIBPBWBPBLBPBcBUBCA3AqAcAgAQAIAE
3162500003004,A+BEBSBZBOBMBNBMBMBIBEA0AoAYAZANAEAAACBBBIBLBRBOBSBWBMBKBMA+A1AwAbAaAXAGAGAC
3162500003005,AzBBBNBQBIBOBOBOBMBHA+A4AiAYAYAOAKAEABA3A7BKBQBWBRBVBMBSBRBIA6AoAsAXAXAPAFAI
3162559001001,BPBaBnBZBnBcBPBDBCBCA7AgAhAQAUAJAIACAFBNBbBiBeBdBVBMBEBDA0AsArAdAYAUAIAFAFAD
3162575001001,A7BHBZBRBQBEBMBHBFBABBAsApAkAaATASAFACA/BJBRBRBWBJBHBRBFBDApBAAlAmAqAaAQAGAE
3162609001001,BDBFBgBqBUA/BHBFA+A9A0AvAdApAeAQASAKACA/BABaBhBNBDBQBMBHBAAzA1AvAdAbATASAKAG
3162658001001,BIBgBvBhBWBOBTBDBAA3AuAtA3AYAaAOAGABAFBOBWBlBoBPBUA9A0A3AyAzAsAZAhATATAOAJAG
3162708001001,BFBUBnByBqBYBLA9A8AzAvAlAdAfAQAPALAEABBFBQBjByBhBUBLA8A6AyAyAtAiAgAXAOAJABAF
3162807001001,BEBUBvBwBOBCBCA6A+A8AyAmAhAiAYAXAKABAABABSBnBqBPBHBBBCBAA8A2AtAnAiAoAQARAHAH
3162906003001,AxBCBUBPBSBOBEA+BIBJA/A1AwAcAWAWAMAIADA1BEBPBUBOBOBGBGBOBOBLA1AnAhAeAVAWAOAE
3162922001001,BMBPBgBbB6CABpBUBGA3AxAkAjASAQAKADACAABJBPBYBRBRBWBPBEA+A0AwAiAjAQAWAJAIABAC
3162948001001,BGBPBWBbBZBRBKBOBOBKBHA0AlAcAXAPAFACAABGBDBaBgBMBLBGBKBMBGA9AsAqAXANALAFACAA
3162955001001,BEBSBiBeBbBSBUBLBKBAAwAxAcAUAOALAHABACBCBRBgBWBYBWBbBUBIBBA+AiAeAXAPAHAOAEAD
3163003001001,BSBfBpBwBYBVBRBHBDAyA0AXAbAQAQAOAGABADBRByB0BgBgBJBKBBA5A5AeAmAkARAQAVAHAGAF
3163102001001,BHBLBbBYBWBOBZBRBKBKA5AjAhAiALAbAHADABBDBbBgBUBQBQBVBLBBA+A2AlAdAXAWAXAFAEAC
3163201001001,AyBKBiBJBOBEBKBMBEBPA9A6AjAjAYAWAKAIAAA7BGBkBZBVA9BNBHBGBEA5A2AoAmAhALANAMAC
3163300001001,BMBdBtBtBMBPBAA9A7A7A7AbAnAWAeANAEADAFBOBLBjBaBdBOBJBFBEA0A7AkAvAfAcAQAIAIAG
3163409001001,A/BHBiBdBKBABCBBBBBLBDAoAmAeAYATAPADACA+BBBXBkBKBJBFBEBEBJBJAuArAjAhAZASAMAI
3163508001001,BQBUBpBxBlBKA9BEBCA7AnAwAjAaAUAUALADADBEBWBkBpBIA8A+A/A8A4AxAvAqAlAXAbAPAIAE
3163607001001,A3BXBsBOBPBLBNA+BJBOA0ApApAhAaAPAAAOACA4BkBpBNBYA5BQBNA+BCBCAjAUAnAXAUAZAGAC
3163706003001,A8BDBQBXBLBZBMBEBIBBA/AuAsAXAZAPAIACAABCBHBUBSBPBXBTBMBIBFBMAvApAhAhARANAGAB
3163706003002,A4A+BMBLBBBKBMA+BDBDA6A1AwAcAZAOALAMACA1A8BLBLBMBVBTBKBLBPBEBMAxAmAgAeATAMAJ
3163805001001,A5BLBTBlBTBPBLBBBABIA+A9AlAgAcAbAKADAEA9BEBLBYBSBRBEA/BGBBBDAqAnAgAjAWAPAHAF
3163904001001,A1A4BXBaBVBLBGBDBGBPBOBAA/AlAfAWANAKACA5A4BLBMBGBDBHA/BABDBMA2AxAjAeALATAJAA
3164001001001,BLBOBfBZBMBOBHA7BCBAAvA6AmAeAWAPAPAJACBIBHBYBXBOBFBCA+BKBIA+AxAwAhAkAaAKAIAD
3164100001001,BFBKBcBoBXBQBCA4A5A2AqAuAqAsAdAaAQAAACA4BTBnBdBUBFBAA3A+A8AyA0AxApAjAeAMAJAI
3164209001001,BZBeB3BvBdBXBPBEA8A6AqAmAdASAOAQAFABAABSBdByBmBiBeBHA6A8AvAfArAeAPAMAIARABAD
3164308001001,A9BDBRBVBNBTBSBNBbBRBBA6AwAaAaARAIAEACA8A/BOBLBDBKBNBGBKA9A9A3AyAgAZAOAOAFAD
3164407001001,BKBIBUBWBXBSBRBMBIBKBHA3AsAcASAZAJADABBTBEBWBOBIBQBMBBBGA3A5AvAlAgAXANALACAC
3164431001001,BBBEBWBeBUBRBaBABWBMAnBKAqAhAaASAJAIAAA9A7BZBVBGBKBUBKBHA4BLAqAkAWAdAIALAFAG
3164472001001,BVBmBtBfBZBhBXBDA4A1ArAnAgAUAPAMAKABAGBKBpBoBTBbBeBNBBA5A1ArAnAZAWARASAIADAD
3164506001001,BRBoB8BoBJBCBDA9BBA6ApAtAuAYAaAJAMADABBKBnB3BiBGBDA+A2A6AwAtAwAgArAYAVANAHAG
3164605001001,BIBIBIBOB6BoBPBFBEA+AxBBAkAoAYASAHAHAABJBIA+BUBWBPBGBCBIBAA5AuAhAeAZARALAIAB
3164704003001,A4A+BPBVBYBZBLBLBIA9BKAoAfAdAeARAHAEACA5A6BXBVBYBVBTBMBLBQBBAxAxAiAVANAOAFAA
3164704003002,BGBIBYBUBdBWBQBDBDA6A/ArAaAZAcARAIAEACA6BDBSBRBWBXBPBEBHBEA6A4AzAjAdAUAPAEAE
3164704003003,BBBKBZBZBWBTBKBIBGA9BCAxAoAfAVAWAIAEABBEBDBXBOBRBTBPBEBEBCBOAnAqAfAXAQAMAIAD
3164803001001,A+BIBKBbAsA0A/BEBDBDA5A8AtAzAiAmAEAIAABKBKBfBEBABCBEBPBIBCAyAyAwAnA9AbAOANAN
3164902001001,AzA6BABSBPBBBNBLBJBSBKBAAyAiAbAXALAEABBBA2BNBWBQA+BKBKBOBNBDBAAeAeAmAVAaACAC
3165008001001,A+BHBWBTBRBOBQBIBDBKBIAqAsAbAeATAJAEACA9BMBRBWBLBOBNBDBEBHAwA6AoAmAaAWAPAHAB
3165107001001,A9BHBgBYBVBSBOA+A8A3A9A5AoAtAbARAMAEADBOBXBYBUBIBOBHA/A4A4A8AxAuAdAdAVASAHAF
3165206001001,A/BXBtBcBcBRBUBVBQBOBDAyAnAYAOAMAEABAABDBSBjBUBFBHBPBPBHBBA4AmAUAXALAOAGACAA
3165305001001,A8BLBcBXBNBLBGBDBGBDA+AxAmAaAaAQAIABACA6BOBlBmBLBKBKBNBGBKA+AuApAgAdASALAIAC
3165404001001,BHBUBvBXBNBTBRBFBDBBA8AwAlAgAUASANACABBHBRBdBVBKBSBTBBBDA9A+AkAhAhAaAJAHAEAB
3165503001001,BKBiCJBzBcBCBDA/A7A0AuAmAZAbAYAMAGAFABBIBVBwByBOBPBLBAA4A7AwAlAWAmAVAPALAEAE
3165537001001,BMBUBdBlBQBRBgBbBLBJAuAhAbASAJAJAEADAABVBXBbBdBXBPBdBWBQA1A6AjAUATAQALADAGAC
3165552001001,BwB8CGBtBWBHA8AyAsAqAlAjAVAdAIAJAHAEABBxB+B9ByBSBLA8AyAuAsArAjAaAZAPANAOAGAD
3165560001001,AqBABRBcA7BBA7BJBABNA5AtA2AxAkAdAcAMAAAyBABNBmBABAA3A3BIBCA+A/A7A4A3ARAMAHAN
3165578001001,BPBVBpBeBgBhBfBVBJA+AyAtAhAaARAHAMACAABKBVBZBPBSBRBLBLBBA8AwAtAdAVAQAJAFAAAA
3165602001001,BFBRBeBRBABZBSA7BEA6A5A1AdAhAYAWAOAIAEBQBQBNBkBLBGBDBNBFBBA5AtAqAkAVASAQAGAG
3165701001001,A+BGBaBUBMBKBJA8BDBJBEAyAzAmAeAWAPAIACA8BBBSBfBIBCA8A/BHBKA6A0AzAtAZAXAPALAD
3165800001001,AcBFBUBQBFBIAwBHBjBbBRBOBGAsAkARALAaACAhAyBBBHAtA4BKBFBGBJA9BHAxAqAjAjAQAJAC
3165909001001,BEBXB9B3BJBGA7BBBDA9A0ArAhAtAPAOALAFADA9BcBfBuBHBEBFBCBEA0AnA2AnAiAdASAKAGAF
3166006001001,BABOBeBZBKBKBMBMBIBNArA0AlAaAeAQASADACA+BKBcBgBOBKBHBBBHA+AyAtAsAgAfAaALAHAF
3166105001001,BQBWBhBoBJBBBAAzBCBCAzAlAtAsAgASAPAJAFBJBcBkBXBCA/A7BGAsA2AuA3ArAgAsAhAPAKAE
3166204001001,BABKBUBYBUBJBTBIBRBIA6AwApAlAWANAMADABA0BFBUBWBXBFBNBIBLA+A1AxA0AfAkATAJAEAD
3166303001001,BEBWBmBjBXBeBVBIBEA5A5AkAjAXAaANAHAIABBMBYBdBXBTBWBOBFBAAzAtAmAjAbAdAJALAFAD
3166402001001,BDA9BXBhBNBNBEBLBFBSAzA8AyAjAcAXAOAAACA4A5BOBYBGBGBMBLBKBIA9A8A1AfAUARAFAKAA
3166501001001,BaBnCJB7BYBABDA4A0A2AtAfAcAVAQARAKAEAABNBuCGB1BSBJA5A4A3AuArAkAcAbAbALAEAEAH
3166600001001,A2BiA/BPBSBwBEBjA+A1BLA1AqAeAuAMAUAGAAA3AxBqBCBJA+BMBIBEBPAzBGApAYAhAOAAAAAE
3166709001001,BNBfBkBXBTBVBIBDBCA2A1AnAkAUASAUAIAJAFBKBcBfBRBLBPBJA/A9A4A1AtAqAcAiAaAOAIAH
3166808001001,BLBPBhBaBfBhBUBRBNBGAyAtAZAeAPALAFABABBPBWBaBeBUBPBQBMBJA9AkAuAhARATAIAHAEAB
3166907001001,BRBVBjBdBPBNBMA4BDA9A4AyAgAiAcAQAJAHABBHBQBaBbBUBKBIA/A+BFA7AtAnAcAVATANAGAF
3166956001001,BKBUBZBhBUBaBPA6BDA/A+AjAlAeAYAQAQADABBKBZBeBbBPBVBAA4A7A4A0AyAvAkAdAJAMADAF
3167004001001,BCBBBUBjBJBRBHBNBJBMBAAcAxAeAcAOAMAEAEAzBPBkBdBNBaBFBDA4BKA5AsAjAlAcASAMAFAE
3167103001001,BIBfB8BuBXBMBDA6A8A8AwAkAXAeAUAMAOAEAABKBlByBqBUBFBCA6BBA3AsArAiAYAWAWAKAGAF
3167202005001,BLBUBhBqBmBWBNBLBFBDA9AdAbAMAKAIAGAAAABJBLBiBiBpBWBUBPBOBJA0AkAXAVAJAKABAGAC
3167202005002,BaBeBkBdBjBmBaBJBCA7AsAdATAIAKACACAAAABNBaBoBhBoBlBWBNBKBBA0AdAUAQAFANAEABAC
3167202005003,BSBcBlBjBeBeBgBTBKA5AtAiAVAQAMAIADABABBTBXBmBjBYBaBjBOBGA6ArAgASATAHAKABAAAA
3167202005004,BGBLBbBcB0BsBaBDBBBBAxAsAbASAGAGAEACABBMBJBZBgBtBlBdBHBEBFBCAjAfAJAHAIACACAD
3167202005005,A/BIBWBZBnBkBRBIBFA8A8A0AhAPAIAFAEAAABA8BFBSBcBtBjBaBNBMBOBMAqAdAVAPAIAGAAAA
3167202005006,BCBFBTBZBgBmBVBNBHBDA5AqAVAfAVADADAEABA6BCBHBYBiBlBYBRBNBIA7AvAfAeATAMAJAHAA
3167202005007,A3A6BRBRBeBcBSBKBIBCA6A1AoAWAPARAEACAAAyA6BLBTBaBbBYBLBTBLBEA1A1AgAsADAMADAA
3167202005008,AvA3BIBJBVBTBKA+BFBJBCAwAqAdAXASAJAEAAAxA3BCBTBUBcBVBKBRBVBQBDAtArAgAVAOAIAD
3167202005009,AfAnA2BLBUBRBAA4BABEA+A6AwAmAjASAHAKAAAiArA4A/BZBYBJBABMBWBJBeA8A3AvAtAfAOAR
3167202005010,BOBXBkBgBnBhBVBFBKA/AyAjAOAWAKAFACAAAABLBQBeBjBkBdBYBSBJA/A5AhAcAOATAJAAACAC
3167202005011,A3BEBQBTBaBYBVBOBMBHA+ApAhAZAZAMAEAAABA2A8BKBMBaBbBaBRBQBPA8A0AwAjAZAOAHAFAB
3167202005012,ArAyA+BOBPBRBMBBBKBHBCAtAoAdAiAMALAEADAxA0A9BNBTBVBQBMBWBUA+BKAsA9ApAfAKAHAN
3167202005013,BABJBTBTBcBbBcBNBMBCA0AtAXAaAXAKAEADAAA8BKBQBTBWBeBWBVBPBHA5AxAmAZAWALANACAB
3167301001001,A5BBBbBlBEBKA+BJBTBSBZAuAnAmAeAgAMAAAEAvA/BWBVBNBOA+BIA6BCBLAoAbAnAnAYAGAEAG
3167400001001,A3BEBSBUBTBHBFBFBMBOA3BCA6AnAjAdAOAEACBEBGBDBIBMBGBCBGBABEBEAsAvAuAdAQAOADAE
3167509001001,A9BJBdBPBRBSBJBHBHA9BIAxAbAgAWAWAKADAAA5BOBbBUBKBEBbA/BWBMAxAxAoA4AeARAHAAAA
3167608001001,BNBcBhBiBYBbBbBMBDA5AsAtAkAbAZALAIAFABBLBUBiBZBZBUBMBDA8A1AuApAcAYAXANAMADAD
3167707001001,BGBPBwBkBCA2A6A3A+A9BCAzAmAgAfAUAQAJABBEBKBhBbBOA5BJBEBABDA8A5AdAuAeAhASAHAE
3167806001001,BHBDBNBPBPBOBRBCBLBEBDAzAnArAdAPAGAFAFBOBEBQBXBKBMBQA8BIBBA1A8AmAgAgAQAOAIAG
3167905001001,AyA+BWBVBABMBDA/BLBCBABFAxApAuAOAPAIAEA0BHBOBaBGBABDBABIBGBBA3AlAvAZAiAVAGAI
3168002003001,BNBdBnBoBgBWBNA+A7AyAxAnAkAXAgAGAHAAAEBGBeBpBnBcBUBEA/A8AzA3AqAgAZAfALAHADAC
3168002003002,BCBOBZBeBTBSBOBKBCA9A0AhAXAaAWANAJACADBPBLBaBlBcBgBUBPBIBBAyAmAeAcAWAeAFAGAF
3168051001001,A7BEBMBbBGBSBNA0BGBKBOAsAzArAxAfAMAEAABDBDBCBPBABFA/BBBIBCBCAzAqAtAtARAOAEAH
3168101001001,BKBABWBkBiBgBNBIBVBRBOA7AfAfAXANAKACAAA1BBBHBVBNBZBHBGBFBHA6AqAZAiAWANAEADAC
3168200001001,A/BKBMBTBEBPBDBKBUBcBIA0A2AwAaAeASAEAEAlBNBMBTBGA5BKA4BPBJA5AwAoAhAkAOAIALAC
3168309001001,BLBPBkBWBVBPBcBBBKBJA3A4A0AhAYAXAEAJAEA/BHBYBSBIBCBYA7BDAyAwAxAgAsAWANAFAGAI
3168408001001,BABSBiBZBLA/BCBBA7A/AzA4AxAnAdASAOAKAEBDBJBcBXBHBEBEBDBABBAyA8AqAmAjAhASAFAD
3168507001001,A6A9BUBVBRBGBFBCBEBFBHAvAvAjAZAWANAFAAA4A/BTBfBTBDBPBMBOBDA8A8AoAjAgAYAMAMAC
3168606003001,BLBRBpBWBWBVBOBHBFA3AsAoAeAQAOAKAGABAEBGBQBkBbBeBcBaBPBGA/A3AjAaAgAXAVAQAEAD
3168606003002,A8BDBOBVBSBOBKBFBEA+AzArApAYATANAKACADA6BDBLBaBhBbBcBRBMBFA/A1AiAnAdAbAPAHAI
3168606003003,BDBKBZBXBUBQBIBCBFA9AxAqAaASAUAJAIADACBFBLBcBcBgBdBWBUBKBFBEAgAnAcAZAUATAHAG
3168606003004,BMBfBnBhBeBWBRBEBAA5AmAyAoAfAfATAJAIADBLBbBmBSBJBEA8A6A2AuAdA+AqAfAZAdALAEAF
3168606003005,BPBZBgBZBaBVBOA+A7A6AwAiAeAYAaAPAIADADBSBXBdBXBfBaBOBCBAA7AzAnAiAlAXAOARADAC
3168606003006,A/BHBRBTBSBTBHBCBCA/A4ArAXAcAVANAFADACA/A/BUBbBhBeBVBRBKBNBBAvApAlAdAYAKAJAH
3168705003001,BLBJBPBWBfBeBTA+BCBCA6ArAlAJARAPAEABADBGBMBSBVBfBgBTBJBPBJA8AvAlAcASAUAHACAD
3168705003002,BBBPBZBWBaBcBaBDBDA+A8AkAfAVARANAGACABBFBKBVBXBaBdBbBOBRBDA3AzAiAWAPATAKAHAA
3168705003003,A6A+BOBRBXBUBFA9BIBSA/A2AfAWAcALAHAGABAzBABKBVBWBVBOBKBUBdBRAsAuAfAdARANAHAB
3168705003004,BIBHBUBZBUBWBNBDBMBLBAApAcAQASANAEACABBFBGBXBeBUBWBYBQBVBVA7AuAkAZARALAGADAA
3168804001001,BBA+BSBbBPBYBZBQBMBOA3A0AkAVAQAHAHADABA4BABRBQBOBXBbBUBWBCBBA3AhAgATAPAMACAG
3168903001001,AzA+BRBSBGBDBHBIBPBLBVBAAuAuAfAXAPAEAAA4BABRBKBCA8BGBLBEBHA9A7AvAsAhAWAMAHAD
3169000001001,BABABUBZBPBNBRBHBNBDA0A3AuAeAaAUAMADABA4BDBSBUBPBSBTBHBJBEAxA7AmApAbAPAQAFAG
3169059001001,AsA9BMBMBNBYBaBYBcBbBKA3A4AqAlAVAOAGAAArAwBNBKBABCBGBJBTBJBFAxAkAkASAQALAEAD
3169109001001,A+BOBXBbBSBNBPBSBNA/A8A5AzAiAjAQAQAGADA9BGBcBIBCBPBBBHBFA7A2AzAoAgAVARAPALAB
3169208001001,BMBIBLBABBBUBIBRA+BLBHBCAkAlAWAXANAFADArA5BNA9BZBRBQA7BCA2BGBIA5AiAfATAYALAK
3169307003001,BLBZBrBhBZBXBRBHBDBAAwAyAaATAPALAFACAABHBUBnBiBZBYBSBIBIBAAwAyASAbAMAJAHADAC
3169307003002,BLBSBkBXBVBZBOBLBGA8AzA2AfAbAOAOAIADABBHBPBfBVBUBYBQBEBFBCA6AvAeAeAWAOAHAEAC
3169307003003,A/BEBSBUBcBhBUBIBEA+A/AoAkAZARANAKADABBABGBRBQBSBaBQBGBFBIBIAyAsAiAVASAMAHAE
3169356003001,BDBOBeBdBWBWBUBLBMA+A7AuAgAXANAMAFACABBIBPBgBaBUBWBWBLBKBEA8AqApAPAWALADABAB
3169406003001,BEBLBfBXBSBUBTBJBGBCA9A0AjAYAaAMAHACABBDBMBXBYBNBPBUBHBGBDA6AyAiAgAUAMAOAIAC
3169406003002,BEBMBfBYBWBRBRBIBEA8A2AzAhAYAPANANADAAA8BGBaBbBSBYBSBRBHBABAA0AmAdAcATAFAEAB
3169505001001,BPBpB0BoBJBLBBA9A1BEAyAtAdAlAYAPAOABADBKBUBpBcBKBCBIA7BDA3A1ApAlAuAdAOAHAGAD
3169604003001,AzA8BJBRBKBFBOBFBFBHA/A0AwAhAjAUAQAHACA9BABKBFBJBIBEBKBLBSA/BBAtAvAjAYAXAMAD
3169604003002,BKBIBbBXBQBLBLBLBOBIA9AuAtAZAlARAFAGAEA/BGBVBVBHBIBJBQBHBEBBAiAxAlASAMARADAE
3169703001001,BKBVBnBlBsBmBQBABBA3AzAlAjAQAVAKAGACABBGBZBgBmBoBVBKA5A+A3ArAmAkATAYAOAJADAE
3169802001001,BCBVBVBZBNBSBJBOBKBHBAA/AsAeAaANAKAEABA9BSBUBdBTBPBFBJBAA7A5AuAlAeAUASAKAEAA
3169901003001,BBBGBUBRBaBZBLBJBJBGAtA4AlAVAYAEAJAEAFA0BDBUBWBbBXBNBOBOBMA+AtAlAoAcAKAQADAI
3169901003002,A4A5BGBPBhBaBRBABBBBA/AuAuAPARAPAPAFAFA3BABFBUBcBcBNBKBIBLA8BBAwAgAfAVATAPAG
3169901003003,BIBOBfBUBeBhBcBKBCA9A+ArAiAXANAJAIADAABKBJBcBWBaBdBbBFBBBCA4AxAgAMAUANAJADAA
3169901003004,A7BDBXBWBcBeBRBGBPBGA6AyAnASALAPAEACAAA+BABOBTBhBYBaBNBOBMBHArArAUAYALADAHAC
3169901003005,BMBGBRBUBYBgBaBJBOBDA8AoAkAUANAKAGABABBDBDBXBRBaBbBZBQBKBGA9AuAeAcASAQAMAFAC
3169901003006,BJBOBaBZBfBbBTBNBIBKA7ApAaAaAOATAEADABBCBJBXBRBcBUBRBKBFBEA8AkAnAXAWALAJADAF
3170008001001,BZBuB6B0BWBUBHA6A1AxAqArAdAeATALAKAEAABaBnBqBsBWBHBKA2AzAuApAnAhAaAUAKALAFAD
3170057001001,BIBUBeBiBIBMBFBKBCBGA5A5AqAVAXAQAHAJAEBFBMBdBeBVBNBMBHBCA/AwAyAeAdAeANALAHAC
3170107005001,AjAiAyBJBUBVBNA3A5BCBGAyAkAqAhAkAMAHAGAhAnAvBJBhBNBEBBBJBRBOBCA+A7A0A1AgARAR
3170107005002,AwAsA2BKBeBOBMBAA/BABGA5AwAdAkAKAKAEAEAoAvA6BMBbBVBRBGBNBQBhAwA7A0AiAeAdANAF
3170107005003,A2A1BGBOBVBUBQA+BHBJBEAuArAgAaAMAFAKAAAtAzBCBNBUBTBTBIBLBWBZAvAxAuAiAkAKALAF
3170107005004,AwAzA7BEBNBWBFA+BCBDA+A5AzAgAYAUAOAKAAApAuA2BCBSBcBOBIBMBXBaBGBCAuApAkAYAFAH
3170107005005,A0A4BEBRBWBXBLA9A/BCA5AyAwAcATATAMAJACAyA3A9BQBcBWBOBBBIBUBBBFAzAjAhAjAcAPAH
3170107005006,AzAwA7BTCOBsBcBCA9BBA2A0AjAUAIASAHAEACAuAuA1BfCNBqBQBDBHBHBGAxAnAgAfAKAMABAG
3170107005007,BGBCBSBTBsBkBaBJBPBKA3AoAoAQAJAEAFAFAAA/A/BKBTBiBcBbBSBSBJA8AoAhAUAPANAIAIAE
3170107005008,A9A8BLBTBaBbBJBDBABHBHAtAjAhAKAVAMACABA7A8BIBMBaBWBUBGBKBNBOA4AtAlAiAYAHADAD
3170107005009,BNBVBhBfBdBqBpBeBLA9AuAeASATANAGACABACBPBIBSBVBTBhBhBcBNBBAuAkAXAQAKAGAFADAB
3170107005010,BHBGBRBYBhBiBOBKA/BBA+AtAYAaASAHAHAEAABKBFBPBUBfBXBOBMBKBJBFA2ArAfAVAHADADAB
3170107005011,A6A7BHBQBkBTBSBBBCBEA8A2AuAhAQAOANACAAA3A2BFBPBWBVBRBLBRBOBABBAuAhAhARARAIAC
3170107005012,BEBABJBRBnBfBTBFBEBDBEAsAeAaAaAOAEADAAA7A9BFBSBcBZBQBHBIBLA9BDAtAgAVAQAOADAD
3170107005013,BLBPBQBNBRBgByBaBMA3A7AeAcATARAEACAAAABMBJBUBHBRB1ByBSBEBCA3AuAaAXALALAGAFAB
3170107005014,BSBfBpBeBUBTBUBSBKA2AzAjAZAKAVAEAHAAAABZBcBlBXBRBZBhBTBMA7A0AiAfAUAPADACABAA
3170107005015,BIBOBVBaBmBlBVBKBJBLA7ArAbARAKAMAFABABBFBEBWBZBYBWBTBPBOBKA9AqAdAVARAJAFACAC
3170107005016,BMBJBZBWBNBaBPBcBXBRBiAvBEAfARANAHACAAA+BEBSBIA/BGBHBGBAA9BCAoAmAPASAPAIADAC
3170206005001,BUBYBcBbBfBfBhBTBLA5AvAhAaAGAQAGAAACABBJBRBZBZBdBmBkBbBKA+AtAnAZATAIAKACACAB
3170206005002,BBBABJBSBfBjBXBNBEBEAzA4AhAZAIANAHAAADA+A+BHBNBkBlBbBRBQBMBBA4AhAZAWALAFAFAC
3170206005003,BDBHBSBVBaBZBeBPBJA/A0AqAjARAPANACAAADBGBKBMBTBWBdBbBSBNBJA+A4AkAYAWAMAEAEAD
3170206005004,BIBQBWBZBbBgBYBSBLBDA6AjAXAWAIAMAEAAAABGBLBZBaBeBgBXBPBOBMA4ApAdATALAHAKACAC
3170206005005,A2A0A8BKBiBZBIA8A/BBA3A0ArAcAYAUAIAIACA3AyA8BSBeBXBOBHBOBOBHBCAtA0A1AXAWAFAE
3170206005006,AvAtA9BNBmBaBMA9A/BBA0A1AjAkAWATALALADAoAtA5BSBmBbBRBKBMBQBIBEA5AoAwAbASAJAE
3170206005007,AhAgAqA+BgBaBEA1AzA+BDAwAgA+AXAcANAIAIAjAgAsBPB2BgBPA/BEBRBgA5A2A1A4AlAlAVAT
3170206005008,BABBBOBSBjBeBXBKBFA/AvA1AdAYATAKAJADAABDBCBJBSBeBfBaBPBOBIA4A8AqAdAYAJAJAFAC
3170206005009,BDBIBRBYBbBcBcBWBNBCA1AtAbATALALAEAEACBGBFBNBQBXBgBlBTBPBJBLAlAmARAPAMAGACAC
3170206005010,BEBGBPBQBkBlBbBQBHBAA0AzAbAZAMAJAEAJACA+BDBJBOBeBgBfBLBJBIA8A0AhAcAOALAPADAF
3170206005011,BFBGBLBRBeBgBcBNBEBEA2AvAfATARAJAKAFACA+BCBFBUBgBgBgBOBKBFBBAxAkAiAPALAOABAC
3170206005012,BYBgBlBgBkBjBdBOBKA4AuAeAVAVANAFACACABBWBbBhBkBbBWBUBKBHA5ArApATAPAOAFAGACAA
3170206005013,A1A3A9BRByBrBaBJBGBDA+AsAiASARAJAFADACAzA0A9BRBuBqBfBOBNBPBJA0AvATAVAOALABAC
3170206005014,BCA/BIBTBdBcBWBPBLBKA5AqATAjAKAJADADAAA+BABHBUBgBhBgBXBVBRA+AxAfAXAQASAKADAB
3170206005015,BMBQBcBlBfBbBWBNBPBBAyAiAXAOALAGAEADABBFBOBaBcBgBXBYBTBVBIA3AoAWAYASAHADABAC
3170206005016,BDBDBJBXBdBXBaBMBOBJBAAqAhAQAVAFAHADAABCBGBGBRBWBgBdBVBRBQA/A1AjAVAVAMAEABAA
3170206005017,BMBmBZBTBWBfBhBWBJBGBBA0AoAmAaAMAGAEADBSBSBRBIBBBQBLBBA4A6A1AqAdAaAJALAGAEAC
3170305001001,BYBfBmBfBIBaBMBHA3A9A1AvAiAgAjAGAMAFAFA5BsBXBPBQBXBLA2A0A3A3AqAlAeAeAOALACAI
3170404003001,BLBOBZBbBbBcBUBOBCA3AtAvAeAVAPAKALADAABEBOBSBdBeBfBaBRBABBAuAyAmAWASAWAIAEAB
3170404003002,BHBRBbBcBaBZBfBXBJBAAtAqAZAQALAMACABABBEBNBbBZBdBdBjBbBMBFA1AhAZAPATAKAGADAB
3170404003003,BGBVBjBTBSBiBeBWBOBIBIA+AyAgAgANAAAGADBFBQBcBLA7BABCBBA5A8A/ArAoAVAUAEACABAC
3170404003004,BIBLBaBfBfBbBUBOBHA+A1AkAaAUAQAMAHADABBFBNBUBfBfBjBXBPBHBGA0ApAbAaAMAUAGADAC
3170438001001,A/BWBXBSBmBgBbBTBXBBA+AtAnAjAkAOAJAFADBLBBBGBNBPBPBTBHBFA6A3AjAaAgAMANADADAF
3170479001001,A+BVBoBkBHBDBDBMBGA/A6AyAcAkAbAYALAHAAA5BSBtBsA8BIBMBFBDA/AyAwAqAkAfAKAHAGAA
3170503001001,BHBQBlBkBZBSBPBCA/BAAwApAnAYATAKAGAFABBJBTBdBiBUBMBPBKBJA7A2AnAiAdAXANAMAIAF
3170529001001,BcB0B5BoBXBdBXBCA0AwAoAfAeAbAWAJAIABAABeBpB3BqBTBbBRA4AtAqAhAfAXAYAOAJAEABAD
3170578001001,BBBXBuBeBPBGBFBABFBEA2A1AiAfAhAVALAFADA1BGBVBZBKBCBRBKA/BFAvA3AtAlAaAQAOAIAL
3170602001001,A/A/BFBPBPBfBEBDBKBXBUA+AzAvAiATAHAFAFBDBDBIBBBQBIBDA7BIA/BMAzAeAiAeAPAKAIAC
3170651001001,BOBgB1BtBkBYA+BMA7A4AwAqAbATAPAOAMAFACBABXBxB3BaBMBEA/BAAwAwAhAkARATAOAKACAC
3170701003001,A2A1BDBPBbBgBTA7A/BCA5A8AyAZASALAGAKAAAvA2BEBMBmBZBTBBBNBOBNBFA5AZAiAYASAJAA
3170701003002,BIBJBTBUBfBiBZBIBGA9A8AtAXAZAXADAFABAABEBMBYBRBgBjBYBKBBBEBAA0AiAaAXAHAHAEAC
3170701003003,BABKBVBUBaBVBXBLBHBEA1A3AfAeAQAKAGAEAEBOBKBYBRBRBZBdBMBEBDA/AwAhAYANAOAJAFAE
3170701003004,AzA1A/BPBTBUBPBBBAA/BMA7AqAYAdAQAHAGADA6A3BGBLBVBaBVBIBEBLBHBKAlAzAZAZATAMAE
3170701003005,A+BFBSBTBYBYBUBLBJBDBAAsAhAWANAKAKADACBHBDBTBQBXBbBhBOBIBKBFA0AjAZAQANAKAFAD
3170701003006,A5A6BQBOBVBdBWBKBJBHBAA0AoAQARAOAMAEAAA2BBBHBNBWBfBbBMBMBJBGA4AtAkAYAQAMADAA
3170701003007,BKBRBiBaBUBbBeBSBNBEA9AoAaAKAJAEAEAAABBFBMBXBfBXBeBeBZBSBFAxAtAYAVALAIAFABAB
3170750001001,BPBcBgBXBsBbBiBZBEBHAyAjAZAaALANAHABABBOBQBdBbBeBhBTBGBEA5AmAgATASAMAOAFACAA
3170800003001,BPBeBlBqBnBaBRBBA9A9AwAoAcAUAEAQAFACAABMBYBdBoBpBeBRBGBAA/A4AeAUASAOANAFACAB
3170800003002,BKBWBkBhBaBdBPBEBABAA5AsAjAbASAMAGAEACBDBVBUBdBbBaBOBHA9BDAyAoAZAeATATAGADAB
3170909001001,BcBkB8B8BiBQBDA2A3AvAoAqAdAZARANAIADAEBYBkByBwBYBHA4AyA0AvAmAuAeAcAXANAHAMAC
3171006001001,BFBLBaBVBSBVBVBOBQBHBCAqAfAbATALAFACADA8BNBUBTBOBVBUBWBUBEA8AkApAVAVAJALADAE
3171030001001,BrBwCLCABcBdBGA2A2AuAnAbASAQAOAKAAAEAABkBvB3B7BfBRA+A3A0AoAdAiAbAWALAGAGACAB
3171071001001,BPBRBpB3BvBTBQBHBAA7AzA0AhARASAMAHADAAA6BUBcBtBVBVA1A1BDA3A1AmAyAXAXANAMACAD
3171105001001,BHBJBUBaA8BXBGBBBLBDBFA8A0AaAYAcANADADBFBaBOBXBHBEBLBOBEA7A/A/AmAdARAQAIAAAC
3171154001001,BDBPBhBTBOBVBNBVBOBOA0A0AiAeAZAQAPAAADA6BOBUBZBJBPBWBFA6A7AzAsApAbAaAYAKAIAC
3171204003001,BSBgBsBdBeBhBaBIBBAuAkAeAOASAKAGACACABBLBeBqBlBmBlBfBOA7A4AyAoAbAQAXAFAIACAD
3171204003002,BLBeBsBbBWBQBgBVBPA4AvAdASARAHAEABAAABBRBbBmBhBVBiBlBeBMA9AyAbAWAJAOAJAFADAA
3171204003003,BNBfBuBgBiBeBYBKBDA3AmAmAWAPAKAEABABADBNBaBnBkBjBfBZBOBDA4AsAqAbAOAUAEAEABAB
3171204003004,A+BGBSBRBcBiBbBHBAA+A7AnAgATASAKADACABA8BBBQBZBcBoBeBMBMBJBDAxAqAYATAOALAEAD
3171204003005,BQBXBoBbBYBaBYBQBJA7AxAkAVARAQAFADACABBGBRBjBcBYBhBgBTBIA8AtAsAbAXANALAFABAB
3171303003001,BABNBbBbBXBXBRBPBKBFBLAfAiAiAJANAIAIABA+BKBZBVBZBWBSBMBIBDA3ApAeARAaAOAQAEAB
3171303003002,A5BBBPBXBcBhBWBHBHBDA2A0AfARAZAMAGAEAAAyA/BRBVBkBrBUBRBQBMA5A4AjAYALAUAJAFAD
3171303003003,A8BDBdBXBlBcBTA/A+A6A0A2AhARAOAMAGAGABA8BIBZBXBpBkBSBKBKBGA3A6AeAgARALAOAGAC
3171303003004,A2A8BABSBiBpBKA+A8A8A/A3AgAaAUALAKAFAEAuA2A8BPBwBvBPBEBHBNBSA7AuAmAbAbANAEAC
3171402001001,A2A5BXBXBeBUA6BLBLBGBRA8AZArAUAYAOAJAEBDA6BPBgBLBFA5BDBIBCBKAyArAfAeAhAHADAD
3171501001001,BkBhB0B1BVBLA2AwAyA3AzAtAmAXARAFAHAIACBLBcBlBuBLBSBHA+A9A+A7AoAoASASAYAIACAE
3171600001001,A+BUBgBrBjBWBAA/A/A3A7AkAhAgAbAQAGACACA9BMBhBpBaBJA+BAA7BAA8AnArAgAjAOAOAOAF
3171709001001,A+BIBYBKBRBRBQBNBDBFA6A5ApAdAZAPARADADBDBHBPBTBJBUBMBBBEBEBIA3AzAhALAcALAEAC
3171808001001,BBBTBqBnBTBHA8A/BCA9BBAlAhAeAYAQAOAGADA9BPBkBsBSA/BCBBA+BKA5AsAsAaAjAXAOAIAC
3171907001001,A9BcB0BoBPBCAvA8A+A5A/AkApAZAgARAQAFAGBABSBjBkBIBBA5A6A/BCA5AuAvAgAiAjATALAH
3172004003001,BDBJBPBUBZBgBTBLBJBIAqA4AkAXAcAMAHADAAA+BIBJBRBRBZBVBHBJBGBAAtApAcAYAUAKAGAD
3172004003002,A/BIBTBTBZBdBPA+BEBFAzAtAgAbAWAVALABADA+BDBRBYBbBTBOBIBMBFA3A3AsAgAbAZAPADAD
3172103001001,BJBQBWBaBUBMA+BCBKA8A6AtAoAWATAPAQAJADBCBQBiBSBUBRBHBBBFBJA5AsAyAcAYAYAOAJAD
3172202001001,A9BRBQBIBGA+BNBPBVBOBBA7AmAhAeAbAKACAABKBJBOBXBIBXA+BHBKBIA2AyAtAiAeAUAGACAA
3200102003001,BKBQBZBeBXBWBSBQBMBCA0A8AZAtASALALAFAEBMBKBTBPBJBVBPBEA7A6AwAwAfAmAcAPAMABAA
3200102003002,BBBHBWBVBTBPBOBLBEA+AuAyApAhAWANALAHACA/BHBPBWBVBPBSBOBFBCBBAwAlAjAmAMATAHAG
3200136001001,BIBRBdBVBWBPBMBOBNBEBAAuAqAVAPAZAQAEAABGBOBWBaBOBNBLBNBFA9A5ArAmAgARAIAHAGAD
3200169001001,BFBPBmBmBRBIBJBMBEA6A6AqAkAcAgAPAMAGACBGBNBfBXBKBQBLBNA+A1AyA5AkAiAaARAHAHAE
3200201003001,A7BMBfBfBSBLBKBABKA/AzA/AnAmARAXAPAHAEA5BEBTBWBRBMBGBEBDBDAzA7AsAYAmAQAQAQAB
3200201003002,BFBIBVBWBdBRBIA6BEA/A2A2AjAiATAPALAEADA4BFBOBdBYBSBRBHBKBHBCAuAjAeAcAVASAJAI
3200300001001,BABABHBOBRBTBZBOBNBJA6A7ArAgAfAMAOAHAEA8BBBJBPBKBVBPBMBIBCBDAzAnAhAYAOANAGAH
3200359001001,BIBZBkBcBTBJBQBEBDA5A/ArAfAkAYANAKADACBHBOBaBQBVBbBOBKBHBAA0A0AfAbAVANAMAEAC
3200409001001,BHBQBWBRBhBbBVBNBDA/A4AvAkAYAPAPANAEAABABKBTBTBaBhBUBMBDA/A8AnAeAcATAQAMACAE
3200508001001,A+BIBTBYBPBUBLBEA/BFA9AvAwAdAcAZAMAHAEA+BDBTBVBNBOBMBABFBAA8A5AoAfAgAaARAFAE
3200607003001,BRBNBcBkBpBhBRBNBAA/AzAsAeAJAGAHAEAEACBBBNBYBfBlBYBfBVBIBGAwApAeANAPAJAHAFAE
3200607003002,BMBMBSBgBoBlBZBLA9A2AqA2AeAQAGAEAFAEAEBPBPBUBaBqBoBbBLBEBCA2AsAVAVANAJAJAGAC
3200607003003,BPBbBpBjBeBYBSBJBEA5AsAuAfAPARAIAMADACBKBbBhBkBaBWBQBLA+A3AxAlAcASANAOAIAEAG
3200607003004,BPBRBfBeBbBaBWBMBCA5A3ApArALANAJAFABAABNBRBfBdBcBdBUBOBFA9AuAyAWAUATAJANADAC
3200706001001,BEBPBSBbBgBVBUBGBHA6BDAsAsAaAOATAKAFACBCBPBTBVBfBTBRBEA+BDA0AuAdAaAaAQALAFAC
3200805003001,A9BBBTBSBIBLBMBKBDBGAtA9AXAcAbAZAFAFADA4BABVBVBSBRBUBSBLBKBDAvAzAjAmAXAQABAG
3200805003002,A+BVBmBcBMBKBMBKBIBBBCAhAmAeAZAXAGACAEBGBSBfBWBNBRBMBGBAA/A+AnAiAeAdAYAKACAE
3200904003001,BIBRBeBdBPBOBKBKBJBGBEAwAfAoAUAXAMADABBCBJBYBQBOBKBIBJBDA9AyA1AmAdAfALAKAGAF
3200904003002,BJBHBZBVBfBcBRBLBEA9AvArAbAYASARAKAEADBDBJBaBQBiBYBSBMBIBEA5AnAmAdAYASAKAFAD
3201001001001,BFBZBYBgBcBUBSBKBGBBA1AtAcAYAUAOAJAJABBMBTBcBgBMBPBIBEBDA/A5ArAhAgARAUAKAEAA
3201100001001,BGBNBRBLBUBTBOA+BFA8A/AxAdAfATASAIAMAAA+BDBQBOBZBYBQBKBIA+BFA7AlAkAdAWARAEAF
3201159001001,BVBgBoBfBhBnBaBRBFA4AxAtAaASAOAHAFACACBWBcBnBcBXBbBVBEA4A0AtAjAXAOANAFAHAEAA
3201209003001,A7BCBNBUBWBNBHBABGBGA9AtAnAcARASAIAAAEA5A9BPBPBbBVBOBJBMBUBEA8AmAiAoAfALAGAC
3201209003002,BDBHBTBVBZBWBRBGBGBEA5AxAhAYAUAMAIAGABA/BHBNBUBeBcBVBJBJBIA9AxAmAaATAXALAHAD
3201209003003,BDBMBbBQBYBcBdBNBLBCA3AoAYAZAMAMAHAAACBIBNBWBOBcBhBaBOBPBFBBAlAlAWAJAPAHAEAF
3201209003004,BHBLBWBVBVBTBOBCBBBAA3AsAdAXAWATAIACACA/BIBVBTBUBWBVBNBHBJA5A7AxAZAZAVALAGAE
3201209003005,BDBLBOBWBRBXBTBEBJBBA0AzAdAYAWAMAJADACA8BEBQBQBcBeBWBNBLBLBCAwAuAbATAWANAEAC
3201209003006,A9BCBIBNBRBUBMBDBGBEBJAqAfAWAdAJAMABAEA7A+BMBMBTBbBXBQBNBTBSArApAmAbAOAVAIAG
3201209003007,BJBTBaBbBkBTBQBBA+A8A6AjAiAWATAEADACAFBUBNBZBgBcBeBUBGBGBDAzAwAmATAOARALAIAA
3201209003008,BGBPBWBdBeBZBUBHBNBFA3A2AlATASALAKACABBABHBaBdBYBPBRBCBKBBA7AsAdAcAUASAHAFAB
3201209003009,BEBHBVBUBcBhBXBMBJBDA2AwAgASAOAHAHAFAAA7BHBSBbBhBeBaBRBKBFA5AqAfAWAWALALAHAC
3201308005001,BZBrBtBhBmBeBTBEA6AvAiAnAXARAMAHACAAAABiBiBtBbBmBfBVBJA6A3AnAnAaARANAHAHAAAB
3201308005002,BPBbBeBbBeBcBXBNBCA5AuAjASASAOAIAIADACBGBRBcBdBfBeBZBKBHBAAzAoAiAXAUAPAFAEAD
3201308005003,BNBUBgBdBcBdBYBJBDA5AtArAaAUAOAGAFAAABBJBSBbBXBiBkBaBPBEBAA0AuAhAQAVAJAFAEAC
3201308005004,BFBKBSBVBcBcBRBIBLA+A1AtAdAYAOAKAFAEABBDBDBPBWBdBcBYBMBJBJBDAzAnAaAbAMAJAFAE
3201308005005,BDBDBJBIBXBmBbBLBFBCA0AyAkAXAMAIAJADAABBA+BLBLBkBtBcBRBLBMA9A4AdAfAXAMAHAHAB
3201308005006,A5A7BDBQBZBbBRBIBLBKBDAqAaAcAVAKAHAEABA4A3BGBQBcBfBZBSBVBQBBA+AnAoAXARANACAC
3201308005007,A+BDBLBQBXBZBPBDBHBFBCAqAiATALAOAHAKADBAA8BGBPBcBcBUBIBMBOBIA3AlAqAiAMAXAFAD
3201308005008,A6BCBHBJBQBZBYBJBIBCA3AsAsATAQAOALAAADBABBBLBJBWBcBcBLBQBLA9A8AwAdAbAVAUAMAB
3201308005009,BNBQBVBSBcBjBVBGBFA8A2AqAaAPAOAJADAAABBRBPBZBYBgBkBbBOBIBBA2A5AXAaAOAMAFAFAC
3201308005010,BcBgBmBfBhBbBXBIA+A1AlAsAVAMALAGAEAEAABWBcBlBbBgBhBZBOA+A7AyAlAhAUAOAGAFABAC
3201308005011,BeBpBrBiBhBhBYBCA2ArArAhAQAWAJAFAEAEAEBNBhBsBhBlBnBVBGA1AyAxAmAVAXARAKAEAGAC
3201308005012,BJBWBbBpBZBfBZBIBBA2A3AgAYAZAQAHAGAFADBQBSBfBTBeBZBbBHBDA9A6AlAaAdAMALALAGAG
3201308005013,BSBWBeBZBiBeBYBJBBA6AwAsAZAXANAGAEADAABSBOBeBXBfBjBXBIBFBCAsAwAdAPAQAIAGAIAD
3201308005014,BEBPBfBYBYBcBVBRBCA9AzAoAbAZAMALAEABAABNBNBSBQBiBeBkBQBNBAA7AvAcAZAPAMAGAEAC
3201308005015,BXBdBnBeBfBeBUBKBFA6A1AZARASAHAJAFABABBVBWBfBfBiBXBaBOBJA+A4AiAcAUAHAKADADAD
3201407003001,A7A9BMBOBcBVBSBGBJBIAwA3AfAZAVARAMAIAAA5A3BKBOBfBdBYBRBPBKA6A0ArAdAXAWASARAB
3201407003002,A3BLBWBVBcBSBSBKBTBJA+A2AiAiAVAVANAFACA3BIBOBRBPBOBLBDBIBDA7AxAoAcAdAVANAFAA
3201506003001,BCBGBPBTBlBcBXBQBLBCAzAxAZAUAWAQAHAAABA8BHBVBVBaBbBTBPBOBBBGAiAlAcAOATAOAGAC
3201506003002,BABIBVBTBPBLBKBLBOBTBSAyAiAgAYAcANAKABAyBEBOBOBJBJBCBBBMBDA5A7AtAiAgAOALAHAE
3201506003003,BCBGBRBYBbBeBTBIBIBFAyAtAjAaAMAKAIACABBCBHBRBVBfBeBRBNBRBHAwA3AgAZASAUAOAGAE
3201506003004,A9BOBXBWBfBVBRBPBKA9A1AqAgAWALAKAGAGACA/BJBYBgBaBYBRBSBMBEA1A8AiATAMASAUABAF
3201506003005,A0BBBVBcBiBaBaBLBIBBAxAnAaARAfAGAFACACBABGBQBWBiBVBbBUBRBKA6AyAmAfAXAPAHAFAA
3201506003006,AyBDBPBUBWBbBPBIBEBCA5AwAdAYAQAKAQAEAAA/A+BMBSBeBcBWBSBVBQBDA0AtAbAaAVAJAFAA
3201506003007,AsA5BEBPBeBTBMBGBFBOA9AzAZAbAWAUALAHABAuA2BEBTBdBbBSBOBYBVA/BDAuAjAiASAMAIAG
3201605003001,BLBRBrBcBQBTBLA/A9A8A4AqAfAZALAUAFACABBMBSBdBaBUBXBUBHBOBAA7AwAfAaAVARAMACAD
3201605003002,BlBgBuBmBeBWBWBGBAA3AtAgAZARANAKAGADAABTBmBuBmBcBZBKBDA8AvAoAhAmARANAHAHABAB
3201704001001,BLBPBXBQBcBXBYBHBGA/A8AsAoAWAYAVAFADAFA/BOBVBMBbBaBLBMBCA7A1A1AnAaAYAQALADAB
3201803001001,BKBbBrBkBVBPBPBOBCBAA3A5AcAfAZAOADABADBLBPBVBVBYBSBCBKBCBAA5ArAfAYAIALAOADAD
3201902003001,A5BKBOBUBVBVBRBSBNBFA6AtAfAYAVAXALABAEA3BIBWBMBTBZBUBOBMBCA1AzAgAjAeAQASAGAB
3201902003002,BEBOBaBUBbBcBXBUBQBGA8AnApAWATASAHAAAAA+BNBYBZBSBaBQBMBABAA3AhAbAcAXAPAOAEAA
3202009001001,BLBUBcBVBXBcBNBFBHBEA5AxAfAaASAOAIAFABBGBYBYBaBYBUBJBHBJA6AyAuApAWANAVAKAGAD
3202108001001,BBBUBcBVBOBOBRBLBFBAA3ArAhAhAZASAKAEAEBFBTBcBPBOBUBTBLBBA/AtA/AgAeAXARALAKAD
3202207001001,BEBSBaBVBTBUBOBFBHBAA9AzAhAbAUAQAKAEADBEBNBZBSBTBRBSBKBFA9A3AxAhAdAWARAQAMAE
3202256001001,BKBNBXBbBYBbBUBRBRBGA+AsAmAWAWAQAJAHACBBBIBPBQBSBOBJBLBKA8AvAyAfAeAXAUAJADAE
3202306003001,BDBEBbBXBWBNBJA6A9A8AzArAgAXAaAPATAHACA8BJBNBXBXBcBPBFBFBEA5A/AyAkAiAVANAOAF
3202306003002,BMBWBlBbBbBSBLBABDBAA4A1AnAZARALAKADADBIBVBaBbBTBOBLBFBAA9AyA7AiAUATALAIAJAG
3202405003001,BHBHBOBJBMBUBOBIBAA5AvA2ApAZARAZAJAEAABBBEBOBKBRBaBZBMBFBGBKA0AuAlArAUALAIAE
3202405003002,BTBWBkBfBdBVBTBLBEA8AlAtAdASANAPAEAAAABRBaBkBYBbBYBdBNBEA9A4AkAcAWAMAKADAFAB
3202405003003,BCBGBOBPBbBbBUBFBLBDA+AoAuAIATANAFABAABBBCBNBLBeBjBWBRBPBJBNAwAqAXAUANALACAE
3202405003004,BABGBMBQBWBWBOBKBBBABAAsAhAiATAOAGADABA9BCBTBMBZBgBZBJBSBLBRApApAXAaAUAKACAF
3202405003005,BFBWBfBcBQBNBOBLBIBAA+AqAuAXAYAUAHAEABBIBQBfBXBIBOBRBJBDA7A+AoAfAkAdAPAEAEAA
3202405003006,BDBPBgBXBZBbBRBHBGA8AyAtAgAYAOANAJABAABHBSBgBgBUBdBZBQBKA9A5ApAbAYAWANAHAEAC
3202454001001,BMBWBhBXBeBbBWBGBCA3AwAuAeAeAWAPAFADACBGBSBeBWBYBWBYBJBAA7A0AnAgAXASASAJAHAC
3202504001001,BFBKBXBdBXBdBWBEBEBCA8AmAcAcASAIAMAEACBBBKBRBdBaBYBSBMBGBAA+AoAlAcAUARAOADAE
3202553001001,BZBjBtBhBYBWBNBFBGA4A2A0AVAcARAPAGAEABBSBbBgBZBTBYBFA/A/A1AxAmAdAaANAPAGAFAD
3202603001001,A1A9BOBVBeBYBbBNBKBRBBA6AoAZATATAMADABA2A4BFBOBSBbBUBMBNBIBCAuAoAVAZAUANAFAC
3202652001001,BTBdBjBWBaBfBdBOBDA8AsAsAfAXAMAMAKAHABBIBSBiBSBdBSBVBGA+A1ArAtAdAbAOAOANADAD
3202702001001,A7BABTBSBSBSBNBFBOBIA4BFAtAeAZAWALAGAFA3BBBJBMBEBKBLBLBCBEBBA5ArAgAcAaASAMAF
3202801003001,BMBWBdBXBZBWBSBIBEA8ArAzAkAVAZALAGABACBOBOBcBYBaBTBYBJBEA+A9AnAkAdAPALAHADAD
3202801003002,BKBYBgBTBZBWBRBGBDA/A+AnAiAZAVASAGAFABBMBWBWBYBUBUBTBFBAA8AxAxAdAdAWATAJADAE
3202900001001,A0BHBPBXBRBYBQBMBIBFBCAtAnAfAcASAMAGADAwBIBQBNBSBTBLBFBMA8A/A0AsAlAcAZANAKAD
3203007003001,BMBJBdBSBjBcBNBAA/A4AtAmAeATAJAaAFACACBVBNBaBXBkBZBYBKBLBBA3AtAvATAYAOAKADAA
3203007003002,BNBWBjBbBcBbBYBIBGBFA3AuAdAhAYADAIACABBMBVBbBWBYBVBQBFBDA5AmAxAiASAWADAPACAC
3203056001001,BTBYBmBeBjBkBWBKBBA0AvAoAcAQASAHALABABBSBbBeBeBgBhBWBEA9A3AtAkAXAZAQAKAHADAD
3203106001001,A8BMBVBTBSBHBMBABHBEA0A0AxATAbARAMAIABBBBHBWBdBTBIBMBIBNBDAyA1AnAmAaASAPAPAL
3203130001001,A6BABNBWBUBZBUBLBDBCBCA1AkAbATASAKAHAEA+A+BKBVBVBVBaBLBKBDBEAwAkAdAeAVALAEAE
3203163001001,A1BABKBQBVBUBJBWBQBLA+AzArArAcAaAIAFABAxA+BKBLBEBMBOBPBLBEA+AwA0AnAcAOASAIAG
3203205003001,BhBeBpBlB6BxBXBGBAA7A6AmAaAbASAGACAFAABcBYBrBcBOBKBDA7A5AxAzAZAbALASAKAAAAAB
3203205003002,BMBLBNBWBqBiBZBIBJA5A1AoAUATAKALAIACACA5BIBWBUBkBmBUBaBGBHA4AxAjAcAMARAKAFAA
3203205003003,BUBbBiBaBeBkBXBPBCA+A2AjAZAUANAMAHAEACBQBbBkBcBaBWBTBFA+A1ArAmAbAXAOARAHADAA
3203205003004,BRBhBiBWBeBeBgBQA6AxAlAqAgALAGAJAHAAABBWBbBeBhBpBiBaBLBAA5AsAoAYAQAMASAFADAD
3203205003005,BDBJBPBSBbBXBVBHBEA/A5ArAXAdARAJAOAEABBEBEBOBdBiBeBVBNBIBEBDAtAmAbAXAQALAFAH
3203205003006,BiBnBpBiBlBmBYBLA7AtArAbARARAKAFADADABBfBjBmBgBoBgBZBGA9A0AtAcAXAPAMAEAFACAA
3203205003007,BFBHBLBRBdBhBeBMBHA8A4AmAeARAVAIAEACABBHBCBMBSBeBmBgBQBNBFBCAwAlAaAbAMAIABAC
3203304001001,BIBSBkBZBRBKBIBIBDA/BAAmAfAeAgARALAFAABEBMBgBRBUBPBRBLA/A/A8AoAiApATARAQAFAD
3203320003001,BJBNBaBXBaBSBZBQBHBAA2AmAXApAdAGAHAFAABSBOBcBXBfBWBZBJBCA6AnAwAfAXAQARAGAHAA
3203320003002,BGBPBYBPBTBRBOBGBBBAAxA1AnAYAaAKALAGABBABKBXBUBSBSBTBKBHBHBDAyAmAiAaASAMAEAD
3203346001001,BDBJBUBTBbBcBcBUBGBAA+AtAmAXAZAKAHAGABBKBIBSBUBXBTBRBOBGA5AyAwAeAdASASAMAEAE
3203353001001,AxBABOBRBRBfBMBQBOBQA/AqAtAfAVAXAMAFABA6BABNBNBXBYBLBIBNBIBFAxAnAcAYAWAOAEAD
3203403003001,BBBFBTBSBZBSBQBEBHBHBCA0ApAcAcAOALADABA/BDBQBQBUBRBNBFBGBJA3A4AmAfAVAXAMAHAF
3203502001001,BCBTBaBhBTBUBNBEBIA/A2ArApAaATATALAGAEBJBIBTBUBMBRBLBKBFA/A3ArAnAkAYATANALAF
3203601001001,BABPBWBmBSBWBIA9BBBIA7A4AjAnATARAJAGAHA/BPBfBVBKBLBJBIBDBAA+AnAnAhAhAMAKAIAB
3203700001001,BEBTBjBeBYBWBOBCBGA8AyAyAoAYAVAOAKAFAEBFBQBhBZBYBQBNBEBAA4A7AnAoAZAUARAMAGAC
3203809001001,A/BNBYBXBVBUBJBFBJBGA+AwAmAgAeARAEADACBABDBPBUBVBTBIBEBEBFAxA8ApAbAeAQAPAKAG
3203908003001,BFBPBbBiBgBZBTBJA/BBAyAoAXAZAPALAKADAEBEBGBZBhBfBYBUBPBOBAAyAvAeATARANANAEAG
3203908003002,BDBKBhBcBWBQBLBNBJBHA6AzAhAiAZAOAHAEACA7BNBYBXBOBMBNBJBIA/A8AwAfAZAaAOAQAEAF
3204005001001,BNBaBkBZBVBUBTBJBGBAAwAxAnAZARAQAJAEABBBBTBcBRBTBYBRBJA+A3A5AqAnAZASATAJAFAD
3204054001001,BWBeBmBhBVBbBVBFBDA4AyAkAgAOARAKAEAEACBWBaBjBhBbBZBVBGA9A5A5AdAfAYAQAJAFACAC
3204104001001,BVBVBeBbBbBaBTBFBBA7AvAwAjAWAVAJAGAFABBRBWBWBVBXBYBRBGA9A4A2ApAmAbAXAMAKAFAD
3204203001001,BBBQBdBdBVBSBSBHBDA/A7AsAhAbAVAPAGABABBGBLBaBYBUBTBUBNBKBEA8ArAhAgAVALALAFAD
3204252001001,BBBQBlBjBFBHBJBLBNA/AzAvAjAdAeATANACAEBGBTBeBWBHBNBJBJBGA8A7AvAmAgAaAPAPAGAE
3204302001001,BEBMBoBcBYBWBSBFBDBEAwA4AmAbAbAKAJAEAABBBLBVBhBVBUBRBJA7A8BAAnAkAcASARAFAEAF
3204351001001,BCBLBZBdBeBeBYBOBSBGA8AsAeAZAQASAKADADBCBHBTBYBWBTBQBHBDBAA1AtAfAVATAOAPAFAD
3204401001001,BCBIBRBSBWBcBVBLBFBIBBAzAfAaATARAPAGAEA5BEBQBPBcBYBQBABGA/A4A0AhAkAVAXAKAIAG
3204500001001,A8BIBoBZBeBPBMBNBZBJBBAyAiAcAVAXAMADACBDBPBMBYBJBVA+BUBGA6AzAlAcAeAUAWAOADAE
3204559003001,BMBYBqBlBmBnBhBOBCA0AnAzAkAUATALADABAABEBNBbBaBYBVBSBHA4A0A3AjAkAVAVAIAKADAD
3204559003002,BLBJBaBfBkBiBcBFBMA8AyAoAdAWASAJAIABABA8BKBWBXBkBnBUBLBCA9AzAoAgAZASAPAIAHAB
3204609001001,A5A/BNBTBXBQBPBNBJBLBFAvAnAdAZALATAFAEA6BEBRBOBVBRBMBJBKBDBEAsAsAgAeAQANAFAF
3204658001001,BNBNBaBTBdBYBTBKBHBGBDA1AkAeAQAOAMAEABBEBCBHBRBXBOBNBEBFA6A8AuAjAeAXATANAHAB
3204708003001,BBBJBYBZBiBaBUBIBMBGA3AzArATARATAJABACA9BIBYBZBRBVBSBDBHA/A0AuAWAjAeAQAIAGAF
3204708003002,BEBHBWBZBnBjBiBJBAA+ArAqAaAbAOAKAFABACBCBEBLBVBoBnBeBMBIBDBBAiAfAWAVANAIAJAF
3204807001001,A6BEBZBXBMBEBHBDBFBCBAA8AvAeAfAYALAIADA+BFBRBPBKBHBHBCBKBGA4A3AvAeAiAZAVAMAF
3204906003001,BCBJBYBaBWBaBKBDBHBBAsA9AtAYAPAIALACACA/BJBUBZBcBZBSBSBPBJA9AuAZAgAaAIALACAC
3204906003002,BIBaBfBfBdBbBWBHBEA9AxAoAXAKAMAFAEADAABIBYBdBhBdBkBeBXBMBDA4ApASATAHANAFADAA
3204906003003,A9BGBWBgBgBZBIBABJBDAxAyAZAVAKAGAGADACA9BDBXBiBoBeBZBWBUBNBGAhAZAYAPAUAIAJAC
3204906003004,BSBlBsBiBcBdBVBIA/A2AvAdAVALALAJACAGABBQBbBpBoBfBhBeBNBCA4AsAhAVAWAQAGACACAB
3204906003005,BSBgBoBjBXBXBTBGBDBAAqA1AgAUAQANAOACABBRBYBkBkBRBJBKBCA+A0A0AlAdAdAVAKAHACAC
3204906003006,BQBeBgBiBbBbBRBIA+A7A0AoAdASAPANAFACACBJBXBfBfBdBYBWBJBEA6A6AjAfAVAVAHAIAGAB
3204955001001,AzBFBPBWBRBQBRBRBVBLA4A2AkAcATAbAKAIAEBJBDBPBRBTBPBOBKBMA8A+AvAoAiARATAOAHAB
3205002005001,BaBlBxBlBxBeBWBIBCA2AnAeAVAKAJADAAACAABVBgBoBpBkBkBVBJBHA4AsAbANAOAKAKADAAAA
3205002005002,BOBMBXBbBqBtBVBDA7A9A4AlAeAPAKAFADAAABBGBNBWBbBoBoBaBEBHBMA9AsAYAQAQALAFAGAC
3205002005003,BIBWBeBZBcBXBTBNBJBJBBAeAfAOAKADACADABBNBIBbBaBdBfBbBWBQBHA4AnAVARAVAFAGACAB
3205002005004,BeBeBfBZCCCDBoBKA8AwArAbAQAMAGAEABAAAABeBXBfBXB3B0BaBIA3AzAkAaANANAGAEAFABAB
3205002005005,BQBSBYBUBWBdBWBGBBA7BCAnAfAVAQAMAAAAACBWBPBdBQBZBfBbBQBHA8BEAlAnASAOAIAIAAAD
3205002005006,BVBRBlBfBmBaBQBEA/A+AnA2AcAMAMAKAEAAACBRBPBdBeBiBbBYBMBKBBA6ApAaAVALACALACAD
3205002005007,BKBaBpBRBqBZBEBLA8BCAlAxAdAUARAJAIADACBNBZBkBkBiBOBEBSBEBFA2ApAYAaAQANAJAAAB
3205002005008,BFBABFBFBpB3B8BYBIA8A7AeAaAPALAMADACAABCBBA/BJBuB+BvBVBHBEAwApAVAWAKAGALAGAB
3205002005009,BNBEBFBGBNBmBvBXBOA6A1AqAXAVAOAIAAAAAABHBABDBEBaB6B7BeBSBEA6AzAbAZANAMAGACAC
3205002005010,BJBGBOBNBqBrBgBMA+A7A2ArAdAOAHAJAEABABBDBCBVBRBoBpBeBMBIBHBBA1AoAUAPANAGAAAB
3205002005011,BRBYBeBaBnBmBVBJA/A4ArApAXARAKAFAGACAABTBTBhBgBoBkBZBNBAA6AyApAhANAOAHAHABAA
3205002005012,BHBLBeBaBfBhBWBBA+A9AuA1AeATAMAIAAAAABBKBNBaBYBhBjBYBIBKBGA+A0AjASAMAHAJADAE
3205002005013,A6BABTBTBoBgBQBAA+BBBTAvAdAQANAFAGADAABABCBJBVBmBjBWBGBMBWBFBEAfAZAMARAIABAA
3205002005014,BLBNBYBTBeBoBPBKBGBCAzAzAXASANAEADAAAABEBKBbBUBeBkBhBRBNBIA9AvAdARAQAIAFAEAC
3205002005015,BeBdBlBWBgBeBbBHBBA4AoAuAYANAHAGACABACBOBWBhBaBlBiBcBMBHA+AtAqAYARARAFAIABAB
3205002005016,BhBjB4BlBsBfBTBEA7AsAoAaAXAHAKAFAAACABBbBiBzBnBkBdBYBJBAA1AqAfARAOAIAMACABAD
3205002005017,BbBXBqBfB6BsBaBNBAA2ApApAUAQAPAHAGAAAABVBZBfBYBYBWBeBOBCA0AjAlAcAQAGAIADACAB
3205002005018,BHBOBaBUBkBjBaBKBBA7A6AkAeAXAIAGAGADABBMBTBcBYBgBjBgBJBLA8BBAgAaAQAMAJAKABAJ
3205002005019,BTBSBcBYBdBiBbBIBAA7AzAoAbARAJAHADADABBNBPBeBSBiBiBfBNBHA8AtA3AYAVASAPADAEAE
3205002005020,BVBRBaBXBtBlBeBLBAA2AsApAYANALAJACACAABZBPBZBXBmBqBYBMBCA8A7AnAbAUAPAHADABAB
3205002005021,BZBZBgBYBqBoBbBLA6AyAyAiAXAJAKAIACABAABfBVBhBbBkBuBeBMA5A4AmAyAiAIAKAKAFAAAA
3205010001001,BiBnBnBgBjBfBdBLA9A1AoAiAUASARAGAEACABBdBeBoBiBbBbBUBHA5AzAqAhAaAQANANAEAAAD
3205036001001,BSBTBjBXBZBZBQBGBNBIA3AxAeAXAXAJAIADACBGBSBYBXBUBUBTBGBDA9AyAmAdAaASARAJAHAC
3205069001001,A/BMBYBdBdBbBWBNBJBHA/AmAgAWAUAKAKABACA+BGBNBXBbBdBaBRBMBBAzAsAfAWASANAIAJAD
3205101003001,A9BIBSBPCgCdB9BiBNBCA3AlARAaALAOAFABADA7BJBOBHBKBKBKBDBAA0AtAiAfARAOAOAHAEAA
3205101003002,BLBVBdBWBiBlBYBJA8A3AxAoAeANAKAFAFAFABBNBWBcBcBnBmBYBIBFA+A1AwAkAIAKAPAGADAD
3205101003003,BNBLBZBZBjBgBZBHBAA7A3AlAeARANAJACACADBOBQBZBYBjBgBYBNBGBDA1A1AcAUASAJAGADAB
3205150001001,BDBKBcBXBaBbBWBUBWBEA8AqAdAUAVAXAIAGACA4BHBMBdBYBVBRBKBBA/A4AlAlAYAbAOAFAJAC
3205176001001,BEBTBXBeBhBeBgBQBKBFA5AvAfAQAVARAIACACA/BRBWBWBYBOBQBIBGA8A1ApAhAYAQAOAJABAB
3205200005001,AzA5BABNBcBdBLA/BGBBA4AwAhAhARAOAMAGAFA8A4BGBMBeBgBVBKBOBQBBA9A1AYAfAeAOAPAJ
3205200005002,ApAzA4BCBRBPBMBCBCBLBMA+ArAhAYARAKAHABApAvA5BEBWBaBcBQBSBbBbBGAzAmAWAdAUAGAH
3205200005003,AtA2A9BGBXBXBQBEBABLBJA2ApAeAUAOALAGAAApAxA3BHBeBkBdBKBNBVBXBJA3AeAdAVANAMAE
3205200005004,A8A5BEBIBRBYBcBTBRBVBDAxAfAaAIAGAGADABA9A5A/BIBZBmBuBeBVBbBJAwAbAaALAMAKAFAD
3205200005005,A3A/BIBOB4B4BdBMBHA/AvAzAZAYATAQAJAGABA5A8BGBMBQBaBRBNBHBDA+AyApAgAfAQAOAGAF
3205200005006,A4BEBOBSBXBfBWBDBKBEA+AqAqARAPAMAFADAAA5BABMBTBYBlBbBPBLBJBEA0ArAVAbAZAOACAC
3205200005007,A0A5BABJBqBoBbBAA8BDA8AuAdAUAPAMACABACA3A5A+BRBrBnBkBPBPBQBHBHAqAdAaAKANAGAC
3205200005008,BAA+BFBIBWBYBNBFBFBHA4A0AdAYARALAHAFAAA5A6BIBIBdBdBZBLBRBSBLA4A3AbAkATAOAFAK
3205200005009,A7BCBJBJBbBbBOBLBNBCA6AuAiAZASASAHADABA4A/BDBKBVBdBaBVBSBNA6BDAtAsAVAQAIAJAA
3205200005010,A4A9BGBFBZBgBWBGBCA+BHAnAqAZARAIAIAEAAA3A8BEBQBeBjBeBOBOBLBMAwA5AXARAbAVAHAD
3205200005011,A6A+BNBQBeBlBLBEBEBCA6A6AjAWAMALAHABACA/A9BFBOBfBjBYBPBKBRBQA5AkAhAUAQAHAHAD
3205200005012,BABFBRBWBYBhBZBFBCA/A/AjAiARASAKAIACAAA+BCBTBRBhBhBcBMBNBJBGAwAiAcAXARAMAFAA
3205200005013,BGBGBbBUBfBVBRBKBKBFA7AmAcASATAGAEABAABCBKBVBaBgBiBUBQBOBFA7AuAhAXAXANALAFAB
3205200005014,BLBUBiBaBjBeBQBFBJBBAuAnAbANANAHAFABAAA/BRBWBbBhBgBbBKBLBDAyA0AjAWAOAOAIAHAC
3205200005015,BABHBVBSBXBaBXBGBCBEA7AnAgAVASALAFAEAABEBEBUBRBcBdBXBLBMBJA3A+AjAcAWAYAMAFAB
3205200005016,BEBRBPBTBYBZBVBIBGA/A9AmAaAVASAQAGAEACA8BDBSBQBXBcBcBKBKBBA+A1AqAkAYASAMAHAD
3205200005017,BBBHBWBKBbBZBSBHBMBBA9AqAbAUAZAIAFADABA/BGBQBSBZBbBbBSBRBMA2A2AlAkAWARAHAHAA
3205200005018,BNBHBUBNBZBhBfBQBMBBAwAmAaARANAJADAEABBNBIBRBVBeBmBlBQBNBEA9AmAfAZARAQADADAC
3205200005019,BaBeBoBbBjBdBVBGBAA4AxAiAXAPALAGAGACAABUBfBmBeBbBdBYBMBEA8AxAkAaARAQAGADADAC
3205309005001,AxA0A/BFBSBYBJA9BABEA5A5AoAeAWATAKAJADAuA1A7BIBVBdBSBFBLBPBRBCA+AgAeApAeATAL
3205309005002,BHBDBOBaBQBXBKBCBDBEA+AhAfAUAQAJAGAEACBEBJBXBZBbBbBWBLBMBMBFAvAfApAfATAJAFAG
3205309005003,BOBSBhBXBbBcBSA/BBA5A2AmAWAUAKAIAFACABBIBOBZBWBcBhBgBIBLBDA+AvAdAeAPAUAMADAF
3205309005004,BBBFBQBUBaBYBPBABBA/A+ApAjATAPANAIAEAEA7BBBSBNBaBfBYBIBIBHBKA0AmAjAeAaALALAE
3205309005005,A5BABLBMBeBbBNBHBEBEBGAoAaAWAQATAKAEABA1A8BCBSBbBeBXBRBNBPBKA4AtAfAdAPAQAIAF
3205309005006,BIBPBUBTBeBdBaBJBJBBAzAkAVAXAPAKACACAFBLA+BNBRBeBrBhBPBQBDA6AuApAWAOAPAFAGAD
3205309005007,BIBMBdBVBhBdBVBCBEA7AtAkAVARAVALAHABABBOBOBbBYBdBgBYBNBMBCA/AkAYAiAdAPAJADAD
3205309005008,AsAzA9BDBZBXBRBCBABHBCA8AuAhAeALAMAFACAxAsA2BHBaBgBdBSBJBXBJBLA+AbAWAaAUAIAB
3205309005009,AlAlAvA4BUBSBLA7A0BEA6BSA5AlAgASARAEADAmAmAzBEBaBaBYBFBHBWBWBbBFAmAqAXAWAVAQ
3205309005010,AoAnAyBGBtBnBLA1AyBABHBAApAnAPARAGAFACApAnAxBNB6BwBSBCBHBZBdBPA1AnAhASAQAFAF
3205309005011,ArAvA8BJBfBfBHA5BFBIBFAqAoAiAZASALAIAEAiAvA6BHBeBcBUBIBQBWBNA8A0AwAoAlASAJAJ
3205309005012,BJBDBSBMBtBkBXBIBAA2AuAuAUAVAPAOAFAAAABCBDBSBTBiBuBfBWBIBGBAAxAmAYAVAMAJACAD
3205309005013,BXBcBmBYBjBhBUBDA9AzArAkASASAIAIADABAABbBVBqBeBtBjBgBHBBA6A7AiAbAQANAIAEACAB
3205309005014,A2A0A7BABVBqBkBQBGBGBAAyAhAVAMAIAFAAABA1AxA4BFBeB1B3BYBRBWBIBBAmAaASAQAPACAD
3300100003001,BHBUBZBYBWBbBbBNBLA+BAAnAaAlAXADAEAEACBMBLBbBRBRBZBbBNBJA9A0AqAfAZAOARAHABAA
3300100003002,BGBWBjBbBYBeBYBQBJA8A3AsAeAUAMAGAEACAABNBUBiBbBcBeBeBRBHA9AwApAYANAKAJAEACAC
3300100003003,AyBFBMBNBOBXBRBJBLBKBDAwAnAdAZAKAJAIADA2A+BNBIBLBbBVBPBQBKBABAAvAgAcAOASAIAC
3300100003004,A9BNBUBLBQBZBgBRBNBBA+AqAsAUAPAKADADAAA9BHBUBJBVBlBeBRBMBGBBAqAhAbAZAIAGALAB
3300100003005,A6BMBjBSBZBfBeBLBLBFAvA8AjAPAOANAFAAAAA/BMBfBYBYBbBcBNBJBGA0AzAhAQAUAHADAHAA
3300100003006,BEBRBzBOBPBRBkBMBOBDA5A4AcARAFAKADACAAA9BMBjBmBOBXBdBcBVA+AwAqAhAPAKAGAFACAB
3300100003007,BKBcBnBWBaBfBgBNBMA7AnAtAdAOAMAGAGABACBGBWBjBdBbBkBfBPBHA6AzAdAiAJAKAIAIAEAC
3300159001001,A2BCBOBJBOBZBQBHBFBIAxBEAoAmAaATALADAAA7BCBPBFBVBbBPBIBKBOBBAyAqAnAVAQASAIAG
3300209003001,A/BTBpBkBaBLBKA+BEA7AyAwAeAdAbAUAIAFAEA+BQBjBhBYBNBIBJBGA8A4AkAjAjAYAQAOACAD
3300209003002,BMBKBbBTBHBEBDA/A+BAA9AyAyAnAYAQARABACBDBMBUBLBJBJBRBGBFBHBOAqA2AmAVAXAPAJAC
3300209003003,BFBHBVBUBJBHBFA+BCBEA8A2AyAoASARAHABABA9BEBQBTBEBLBLBKBQBIBIA+A1AgAhATALANAD
3300209003004,BEBMBaBUBPBOBIBHBEA/AuA5AtARAXAQAIAEAEBFBNBWBXBOBOBTBMBJBHA2A7AsAkAaAMALAGAC
3300209003005,BJBNBYBVBPBKBKBDBAA+A0A4AnAeASAQALACAABEBGBWBWBNBVBUBLBGBHA8A6AxAdAaAMATAGAE
3300209003006,BCBIBZBOBMBOBPBFBGA9A9ApAiAVAbAPAGADADA8BGBVBPBSBUBVBSBNBFBHA0A0AiAcASAJALAC
3300225001001,BEBLBWBdBWBKBOBIBEBAA2A8AtAYASANAKACACA8BIBTBUBWBQBRBJBMBCA9A2AlAfAUAUAQAEAC
3300233003001,BTBXBjBaBRBVBcBTBNBHAxAoAZASAOAIACAAAABHBSBmBXBRBeBfBZBIA9AwAkAUAXATAFADADAC
3300233003002,BBBEBTBHBLBVBbBSBTBOBFAwAuASANAMACAAADA9BDBSBIBZBbBYBbBMBPBAAzAnAWARAOAHAAAB
3300258003001,BABKBYBNBOBJBKBIBHBJBDAxAlAjAaASAFACAAA/BHBXBPBKBKBTBJBMBRBCA2AmAmAaAUAFAEAB
3300308003001,BPBJBaBPBNBeBXBJBHBCBAAyAQAcALAEAEACADBNBRBWBOBYBmBeBMBKBKBCAyApAPAMAJADACAB
3300308003002,A9BIBYBRBMBNBKBDBIBGBFAsAwAbAYAMAIAJAABGBDBdBPBPBOBWBPBGBJBAAyAqAfAQAOAUAGAE
3300308003003,BKBVBHBJBUBFBPBLA2BNA4A0AkAXAOATAMADABA2A3A4BdBMBgBKBSBJBIBMBKAsAlAUAbATAJAF
3300308003004,AtA/BJBJBIBLBLBBA8BDBJA3ApAYAWAVALAGADA7A/BFBDBKBPBPBHBNBXBLBJA7AsAcAjAVAJAH
3300308003005,BEBNBYBSBPBMBOBBBJBGA8AyAeAaATAKAFADABBABIBUBPBTBTBVBMBKBPA4BDApAjAcARAOABAC
3300308003006,A4BBBNBKBPBIBKA8BCBFA9AxAmAgATAVALAGAFAxA8BIBHBIBUBOBIBPBOBRBDA8AoAgAkAWAJAE
3300407003001,A5BEBUBPBWBMBWBDBFBEBDA0AoATAVAFAKACACA+A+BKBSBZBaBbBRBPBUBQAzAuAfAJAVACADAF
3300407003002,BEBJBSBQBWBQBWBCBEBFA7AxAkAiASAJAHACAAA9A+BSBTBYBWBbBLBLBFBABAAvAbAUAPAIAKAB
3300407003003,A/BLBgBNBUBaBNBABDBHBAAwAlAYAVAKACAFAABLBEBWBOBPBfBRBGBRBGBJA5AoAfAUAMAEACAD
3300407003004,BFBPBgBSBYBOBQBDBKA/A5AtAlAUAPAMALAAACBEBGBYBXBbBVBWBNBLBKBBAqAtAVAPASAOACAC
3300407003005,A6A5BFBGBOBOBLBFBCBKA+A9ApAaAdAQAGAFACAvA6BDBFBQBWBTBKBRBZBJBJAwAnAdAjAGARAC
3300407003006,A7BEBSBRBUBRBPBFBHBNA9A0AnAaARAQAGACABA5A+BNBRBSBVBPBOBRBRBDA8ApAeAcAUAOAFAB
3300407003007,AuAqA7BCBJBIBJA1A6BJBMA0ApAqAdATAHAFAEArArA6BABUBdBRA+BMBXBUBVBIA2AtAeAdAMAK
3300407003008,BEBJBdBRBSBOBQBKBCBMA4AyAfAXAQASAFACABBBBIBZBSBUBXBPBMBOBNBGAwApAeAUAUAFADAD
3300407003009,BCBKBbBXBVBOBNBFBKBGA/AsAhAbAQAPAEADABA+BHBXBSBWBVBPBOBLBLBIAvAmAhAVASAGAFAD
3300456005001,BBBKBbBVBQBQBNBHBFA/A6AsAiAVATANAGACAABBBIBXBVBRBWBYBNBOBJBFA2AuAdAWAQAMAEAD
3300456005002,BLBZBrBgBXBTBRBIBCA7A0AjAgARANAGADABAABQBWBnBhBWBVBYBNBHBDA+AlAdAVARAKAGAEAB
3300456005003,BJBPBoBfBPBPBPBMBJA+AzAoAdAXANAHAEABACBGBOBfBdBUBWBVBWBMBEA9AuAkAaAQALAGAFAD
3300456005004,BHBYBqBdBSBQBNBKBIA8A3AlAYAVARAJADACACBGBPBnBdBWBVBUBPBOBDA7ApAjAaASAOAFACAC
3300456005005,BHBQBjBbBSBRBSBKBGA9A2AmAeAXAOAIADACAABIBPBhBaBVBXBYBQBOBEA/AoAoAYAYAMAGABAC
3300506003001,A+BKBQBRBTBVBVBLBMBEBBAxAjAfAWAPALAGABA9BGBRBQBPBSBUBKBIBGA5AyAnAgATAWANAGAE
3300605003001,A5BIBZBhBQBDBFBGBJBGBCAxA6AhAPAKAXAFADAwBHBXBbBOBCBDBDBNBDA0BBAlAVAmAeAPAFAJ
3300605003002,A7BHBRBMBNBKBGBEBFBFBGAoAmAaAUAQALAJAEA8BDBWBLBMBPBMBLBPBSBGA2AvAoAdAVATAJAI
3300704003001,BZBfBxBeBbBWBOBNBCA4A2AcAbALAJAGABAAABBWBdBrBkBcBXBWBJBIA/ArApAVAWATAFAAADAD
3300704003002,BIBWBjBcBPBQBRBKBAA+A8ApApAZAXALAGADABBIBOBdBbBOBSBSBLBDA/A9AvAmAcAWAMAFADAD
3300704003003,A7BDBXBLBIBEBIBEBHBIBHAzAxAgATAMAOACACBABABTBPBJBMBSBMBNBQBJA5A1AeAcAXAHAHAH
3300704003004,BWBdBpBeBUBbBXBJBBA8AuAlAbASAHAGAHABAABTBXBqBgBdBZBYBOBDA+AvArARAZAQAJABADAB
3300704003005,BZBdBtBjBhBSBMBDBFBBAzAnAVANAOAGADACABBWBdBsBoBbBXBQBLBDBDAxAkAXAVAGAFAFACAC
3300704003006,AxA0BKBOBHBKBBA+BFBPAyBNAsAkAaAVAKACAGAsAzBEBHBMBRBNBFBQBaBQBPAyAyAlAcAOAJAE
3300704003007,AzBABNBIBLBSBMBEBEBHBBA3AvAWAhANAFAFAAAyA7BIBMBQBcBVBOBNBXBFBBAzArAbAQAMAHAG
3300704003008,BLBRBYBXBKBRBXBLBHBCA2AvAcAYATAJAEABAABABOBXBZBQBYBaBPBPBJBBAtAqAbATALAJABAC
3300704003009,A8BFBVBVBNBTBJBFBFBJA5A0AgAZAaAPAFACACA4BIBWBaBUBUBTBSBOBTBAAzAmAnAUAQAIAFAC
3300803003001,BGBMBhBYBUBPBNBQBHBEA2ArAkAXAWALALADADBDBHBeBYBUBTBVBOBKBBA4AtAlAcAUAOAJACAE
3300803003002,BCBFBVBWBVBQBTBMBDBGBCAtAqAdASAMAKAGABA7BFBQBRBPBRBTBLBKBGA6A7AoAdAVATAQAGAD
3300902001001,A4A+BUBMBGBHBMBFBJBKBDA8AqAxAaAQATAKACAzBDBDBEBHBPBPBJBIBNA2BBAxAgAkAWATAOAF
3300936001001,BOBKBaBYBTBXBTBLBMBBA7AyAoAfARAMAFAAAEBEBDBRBUBUBXBSBQBJBFA0AuAeAdAQAMAOAIAC
3300951001001,BHBHBdBOBaBKBVBABKA+BHApAiAjAUAUALABAFA8BGBMBSBHBNBRBHBPBIAxBBAuAoAcAPAOACAD
3301009005001,A+BHBQBTBVBTBLBBBBA+A7ApAjAXAVAOAJAEABA+BCBPBUBcBbBUBNBLBNBEA3AuAkAaATAOAHAE
3301009005002,A9BDBKBPBQBTBNBABCBDA5AyAmAZAUAOAKADACA6BBBLBOBSBZBUBIBMBSBHA8AxAnAgAYAPAJAF
3301009005003,BPBXBhBcBbBYBQBCBCA7AwAlAaATAQAKAGACABBPBTBgBbBXBZBVBJBGBDA8AqAiAcAWAMAHADAC
3301009005004,BJBQBcBWBQBSBPBDBIBBA/AkAeAZAMAPAEADABBFBNBZBZBTBaBVBLBLBKBIAsAjAdAWASAEAFAD
3301009005005,BABJBYBcBUBOBJBIBIBGBCAoAsAbAWASAMABADBCBHBXBSBTBPBLBFBHBGA7A1AtAcAeATAGAFAF
3301009005006,A+BIBcBcBMBLBKBCBHBFA/AwApAlAkAKAQAFADA4BEBUBbBSBEBKBCBIBCAxA9ApAmAdAUATAEAG
3301009005007,BHBEBUBYBPBQBIBEBEBIA+A3AtAiAdANALADABA4BCBNBUBKBPBIBCBPBIA+A2A4AeAeAPAQAFAH
3301009005008,BLBdBqBjBUBSBQBFBCA2A1AsAjAdAQALAJAGAABRBbBpBeBNBWBNBGA8AzAuAyAbAaAYANAFAEAC
3301009005009,BOBZBlBeBWBYBNBHA+A5A3AjAdAcAVAIAGAFABBOBTBkBYBfBcBUBLA/A7A3AoAcAYAUAIAKADAB
3301108001001,BFBEBYBTBPBPBFBGBHBHBGAmAmAoAcATAHADACA/BJBQBPBNBOBQBJBOBEA9AvAoAmAfAYAKAHAD
3301157001001,A9BIBQBSBNBQBKBBBBBDAxA6AuAlAiAUASAFAEBCA8BNBMBSBKBNBMBGBIA0A8AlAqAdAaAQAHAE
3301207001001,BHBKBVBKBNBNBLBIBJBFA5A8AsAZAYANAIAHACA+BHBQBRBHBRBVBJBKBGBEAzAqAeAaARATAGAG
3301306003001,BOBHBVBVBcBVBMBFBFA9A3AtAlAXAMALAGAJADBDBNBUBSBZBXBVBKBKBFA/ArAvATAbAXANACAD
3301306003002,BMBQBXBWBSBaBSBLBJBAA3AxApASAKAHAIAFACBIBNBVBRBSBVBZBRBJBCA1A6AhAWATATAIABAD
3301405001001,BKBJBeBdBPBSBQBGBIBIAwA0AgAcARAPAIADACBGBNBYBYBRBMBOBIBOBGA+AsAhAkARANANAFAF
3301504001001,A/BFBVBQBPBMBNBDBGBEA6AxAoAaAWARAHACADA4BGBSBVBPBUBNBLBQBMA9A4ArAnAaAaAMAJAE
3301603001001,BKBKBaBVBWBRBMBDBOBIA4A4AsAXAWALANACAABBBNBPBYBTBRBQBRBMBDA0AxAhAYAWAQAKAGAE
3301702005000,BKBVBmBdBTBQBSBKBHA9A0AnAeAVAOAJAFADAABLBUBiBaBUBVBYBQBKBBA5ArAhAYAVAMAGADAB
3301702005001,A3BABPBMBOBWBMBBBDBEA7A3AiAaASAJAMADAAA0A8BMBOBXBZBWBNBJBUBJBIAmAxAZAQAUAHAJ
3301702005002,BKBIBaBXBWBPBPBKBEBCAtA0AXAVAOAKAGAAAAA/BPBhBZBXBaBSBSBPBIBSAkAsAaATAMAIAGAA
3301702005003,BJBVBiBdBVBPBKBHBCA8BBAdAVAbARAFAGACAABIBNBkBbBbBTBUBPBMBABEAqAvAeAVAHALADAA
3301702005004,BDBKBaBZBUBSBQBJBIBDA6A0AaAaAPAQAHAAACBDBHBWBXBSBSBXBOBNBIBAAxAwAUAVALALAHAA
3301702005005,BBBOBeBeBUBPBRBJBEBBA5ApAYASASAPAFABABBEBNBeBcBWBXBdBMBMBIA6A0AgAlATALAEAEAB
3301702005006,A7BBBMBOBQBSBPBFBDBEA1A6AhAVAfAEAMAAADBCA/BQBKBRBYBXBSBJBLBOA6A+AcANATAUAHAG
3301702005007,BEBTBkBWBSBUBQBHA+A4A3AnAeAXAOANAEAAAABLBOBaBZBVBYBeBOBIBFA7A5ApAZAaAOAIACAB
3301702005008,AqA0BEBKBOBPBHBABBBDBbAlAnATAcAUAJAIACAvA2BJBJBSBXBTBLBQBUBOBPA7AtAfAaASAHAG
3301702005009,BNBJBUBNBaBYBRBGBAA7ArA1AYAXAPAPACAEABBGBFBSBUBkBmBbBMBJBCBDA0AmAnAYAQAEAEAB
3301702005010,BEBJBXBVBTBWBMBCBHBCAyA2AaAWAMANANACAAA4BABVBOBVBWBXBRBOBKBNAzA8AXAUAVAOAFAD
3301702005011,A5BIBSBTBRBUBNBCBCBABDApAaAWAYAPAGACACA3BEBXBTBWBaBWBQBNBKBLA5A2AiAZAPALADAD
3301702005012,A9BJBiBYBRBSBOBJBIA9A3AmAdAYAQAJAFAFAAA3BNBdBTBaBWBZBXBOBEA3A5AnAgAZASAKAHAC
3301702005013,BEBJBfBVBUBQBTBIBIBDAzAuAlAPAIANAEABAAA6BEBbBYBdBZBdBSBKBHBNApAnAeAVAKAHAGAG
3301702005014,BBBEBZBUBNBTBVBDBAA/A2AwAkAaANAMAGACACA8BFBWBTBYBaBcBJBPBJBCA/AzAVAUAUAJAKAC
3301702005015,A9BJBVBSBQBYBRBFBBA+AsA7ApAUARAJAFACAAA/BGBWBUBYBeBZBNBMBMBEA6AyAVAXAMAMAKAE
3301702005016,BJBIBZBTBVBOBRBGBHBBA8AsAjAYALAHAGAEAAA+BEBbBSBWBVBWBPBOBMBBA6AsAXATAWAIAIAB
3301702005017,BQBXBlBaBVBaBOBKBHA6A4AgAbAZAKAHAGAEAABKBRBgBdBUBVBYBMBKBCA5ArAhAbAZAKAEADAC
3301702005018,BLBUBoBgBVBPBPBKBJA9AuArAWAVAIAIAFACABBTBSBkBcBaBYBUBMBQBDA5AqAWAfAQAHAOABAC
3301702005019,BKBYBoBaBQBQBQBMBMA2AwAoAcAVASAKAAAAAABIBUBnBWBOBWBcBPBMA+AwA7AmAZAZAJAKAAAA
3301702005020,BGBTBjBaBTBUBQBMBJA/ApAuAbAYAUAGAEAAAABEBOBfBbBWBaBTBSBSBEA8AoAYAnAVARAAADAD
3301702005021,BJBQBoBYBeBWBXBKBGA9A2AgAWAZANAGALABAABHBLBoBWBYBfBVBOBLBAA9AnAuARAOAGAJAEAC
3301702005022,BTBVBoBhBcBVBOBEBFA4A3AcAWAXANADAEAFAABWBSBmBhBZBZBXBMBFBCA/AfAZAZAQAOAIAEAA
3301801001001,A2A8BNBOBLBSBTBHBMBIBKAtArAgASATAMAAACAwBEBOBNBSBQBRBMBNBMBNAzAyAdAkAWAHAGAF
3301850003001,A9BZBgBdBqBiBKBDBUBLAxAiAbARAMAIADACAABMBaBdBpBWBdBOBcBHA/A2AtASAOANAHAEABAC
3301850003002,BNBRBfBVBRBPBRBGBIA8AzAtAhAbATALAGADAABEBNBaBaBSBZBXBOBLBAA5AvAtAXAXAPAJAFAB
3301876001001,A9BEBZBUBEBHBHBCBBBCA/AxApAuAlAMAJACAAA+BDBTBQBCBMBIBOBLBQBEA5A3AtAfAYAKACAD
3301900005001,A5BCBTBHBLBRBYBPBLBFA4AuAoAPAXAQAFABAAAyA/BQBKBOBZBhBaBMBPBOA0AzAeAaAcAFAEAG
3301900005002,BJBRBnBhBJBLBLBPBNBCA3ApAgAkAMAJAEABAABEBRBdBbBSBNBXBXBUBBA7AnAaAbASAIALADAD
3301900005003,BIBOBfBZBTBUBUBHBEBCBAAkArARAPAFAHAFABBSBKBaBYBTBaBXBMBIBFA8AvAoAOAPAOALAAAC
3301900005004,A+BNBbBOBRBPBVBOBMBCA3AqAgAYAUAKAFAAABBDBCBdBWBaBaBYBYBSBIA1A1AlAbAYAJAIADAE
3301900005005,A2BDBRBXBOBLBTBOBLBDBCAnAjAXAbALAGAEAAA1A/BVBUBPBVBbBZBTBKBEA0AsAiAWAQALAHAC
3301900005006,BHBNBcBYBTBSBTBNBFA+AzAnAcAUATANAAABAABLBTBkBhBcBPBaBPBKBFA4AvAlAZATALALACAA
3301900005007,BHBIBfBXBMBNBNBOBNBEA6AuAkAgAbAPAGAEABBDBHBaBNBNBNBZBNBNBBA5AyAsAdAXAOAHAEAC
3301900005008,BKBSBlBaBQBJBOBMBMBDA7AkAbAVAPAPAJABACBCBOBdBZBVBPBWBMBIBJA/AuAqAbAOAOALADAC
3301900005009,BQBFBrBiBQBMBOBfBIA0AzAlAmARALAHAHAEACBRBUBZBbBQBRBZBYBCBJAzAoAlAWARANANACAD
3301900005010,BDBNBiBVBIBLBaBRBTBHA9AlAjASAPAIAAAAAAA5BFBWBYBMBYBhBiBWBEAzA8AkAcAUAOAGACAB
3301900005011,BCBKBcBTBPBWBZBIBFBAA5AvAeAdATAHAHAAABA8BGBWBWBUBaBcBUBJBIBGA1AtAWAVAMAGAEAC
3301900005012,BOBMBXBZBQBMBbBOBIBBA/AqAiASAPADAHABAABKBKBbBSBSBeBnBVBHBKA8AxAiAbALAIAHABAA
3302007003001,BLBVBfBZBYBOBQBFBIA+A8AtAmAdAPAOAHAAAABCBMBgBZBOBUBJBPBEBDBBAsAtAVATANAFADAF
3302007003002,BOBWBiBdBQBRBUBQBJBAA0AwAjAeAZAJAGAAADBHBQBdBUBRBTBZBNBBA4BAAjAjARAQAKAIAFAD
3302007003003,BIBKBQBLBXBqBiBRBJA7A/ArAfAXAOAJACABADBGBDBQBKBYBiBcBIBJBDBMApAjAjAXAIAFABAA
3302007003004,BTBXBnBYBUBXBaBOBBA/A8AcAgAOAPAJABABAABEBPBnBXBYBXBfBUBHBAA4AnAdAdAMAOADACAE
3302007003005,BBBIBVBNBVBZBXBPBLA+A/AvAgAXAPANAHADABA8BCBXBMBVBaBYBMBLBGBDA3ArAaASAPAQACAE
3302007003006,BOBaBmBaBeBZBaBOBFA4AvAqAfAVALAFAIABABBWBZBkBZBWBdBaBKBFA6A6AkAaAQAOAGAEADAC
3302056001001,BABCBEBJBLBLBLA8BFBLBDAuAyAmAlALATAEADA3A/BGBJBIBQBNBHBMBNBEA9A0ArAaAbAXAJAB
3302106001001,A5A/BIBNBLBNBFBFBIBLBFAtA1AiAgASAPADACAyA/BIBIBHBOBOBLBLBPBIA4A1AiAjAYAVAKAG
3302205003001,A9BKBYBTBPBNBVBOBJBEA3A3AoAbAaARAIAEABA8BJBVBOBIBTBXBUBGBEA4A3ApAiAVAPALAIAD
3302205003002,A/BABQBSBSBMBXBIBOBMA+A1AoAkATAMAOAEAEA3A8BRBOBMBSBSBLBJBIBBA2AjAnAYAUAOAJAE
3302205003003,A/BCBMBKBSBVBRBHBEBDA5AuApAeAcAKAIAEABA+A6BFBJBaBcBcBRBNBRBCA3AoAhAYATATAIAE
3302205003004,A4BHBNBLBRBTBRBEBEBGA2A0AkAcAcAMAGAFABA0BBBKBMBWBbBTBJBSBQBPAyAvAgAjARAKAMAC
3302205003005,A8BFBOBTBSBSBOBEBGA/A6AvAzARAUANANAJACA7A+BGBHBWBVBWBMBOBOBAA8AyAmAjATAKAHAD
3302254003001,BCBKBYBSBUBWBQBSBJBCA1AvAlAgARAPACADABBFBOBUBUBQBYBSBTBJBKBEAqAoASAQARALADAC
3302270003001,BEBWBhBzC7CHBqBUBHAwAwAYAYAUAPAGAKAEABBIBMBZBSBFBOBFBEA2AxArAcAWAYAPADAEAFAD
3302270003002,BDBMBiBeBWBbBTBMBCA8AoAuAXAeAKAPAHAEAABCBWBjBfBVBfBbBSBIA7AwAsAjAZAVAKAEAGAF
3302270003003,BPBMBuBfBkBYBUBLBDA2AwAeAeASAHAJABAEACBIBWBpBjBhBZBYBNBFA7A5AhAaAVAOAMAMAGAC
3302270003004,BYBeBoBnBWBQBNBJBBA2AwAiAjAPAPAIAFABABBNBZBlBiBVBUBXBJBEA7A5AnAfAWAVAJAIADAC
3302270003005,BQBXBfBgBSBUBYBJBGA7AnAuAbAVARAIADACABBLBPBlBeBVBeBZBQBLBAAuAuAjAXASAJAIABAB
3302304001001,A7BLBdBVBNBQBDBFBIBLBAAzAkAlAZAPAMAHAEBABJBaBSBMBLBOBGA/BKA/AsArAkARAVAQAKAC
3302403005001,BWBUBWBVBkBxBnBMBLA/AwAjAVAQAHAGABADABBQBQBZBVBjBoBbBMBFA/AyAgAaAWALAGACAEAA
3302403005002,BmBSBhBhBnBrBbBSBIA9A1AYAYACABAAAAACAABfBoBgBfBgBlBXBNBJA5AyAQAXAKAGAIACAAAC
3302403005003,BBBCBHBKBtB4BrBQBBA/A1AnAYATAMAKAEAAAABEBCBFBRBvB2BkBTBIBEA+AvAbAUANAIAFABAB
3302403005004,BVBSBmBWBbBjBrBWBFA4AuAbAYAMALAEABAAAABeBZBnBhBgBwBkBRBFA7ArAXAUADAIAGABAEAA
3302403005005,BpBfBgBOBnB5BwBTBAA4AwAYATAIAFACADACAABbBXBdBTBqBzBlBKA/A1AlAcATAKAHAEADABAA
3302403005006,BGBBBDBHBcB0ByBPBMBKA6AxAZAXAJAEAAACAABSA/BGBGBbB6B1BYBMBIA/AgAYAKANAIACACAC
3302403005007,AuA4BABFBQBbBTBCBDBCA+AwAlAkAeAQANAGAAA2A0BCBGBUBgBVBIBIBOBTAxAxAuAtAdAVAJAF
3302403005008,A/A5BHBIBnBsBeBABABHBEAuAkARAOASAFABAAA1A8BGBPBdBnBXBKBHBRBPAxAoAfANAWAPADAG
3302403005009,BHBGBRBOBiByBqBOBIBIBBAqAbAGAPAFADAAAABEBHBGBMBdB1BmBRBNBNAwAzAVAWAJAHAFAAAA
3302403005010,BFBEBRBXBhBqBWBIBFBEA9ApAnAKAGALABACAABGA9BVBZBoBlBWBPBNBMA9ApAhARARALAJAEAF
3302403005011,BaBaBlBdBoBrBgBJBCA5A0AWAQAVAEAFADABAABcBaBlBiBjBlBcBFBCA7ArAjAOARAOAEADAAAE
3302403005012,BJBRBaBQBIBUBZBOBPBEA6A1AhATAZAVAHAEAFBCBIBZBRBOBbBWBMBBBGAzAsAmAbATAJALAFAC
3302452001001,BOBQBNBKBKBUBFBOBGA1A7AlAnAhAYAIANAHACBLBMBdBPBNBgBHBNBKA/A5AyAxAqARAUAPAFAF
3302502005001,BKBRBhBbBNBPBNBHBGBDA2ApAiAXANALADAEABBBBNBiBYBTBRBSBQBKBKA1A2AiAhATANAMAHAD
3302502005002,BPBWBoBfBRBPBPBHBFA4AuArAcAVAOAKAFADABBKBTBlBfBVBVBWBPBHA/A1AwAkAcARANAIAEAC
3302502005003,BDBJBZBRBJBHBEBBBAA5A/AyAlAtAeAXAIABACBLBKBXBUBOBJBNBIBGBFBDA6AwAqARAUAOAFAC
3302502005004,BSBaBnBmBVBMBMBLBCA6AmAxAfAYAPAEAHACABBXBTBkBiBUBTBRBPBJA7A8AkAgAWATALAKAAAA
3302502005005,BBBABRBbBNBMBGA/BBBPBJAzAqAlAPANAIACADAzA6BQBVBMBPBKBIBNBKA8BLA5AjAWATASAIAF
3302502005006,BJBTBhBmBjBWBQBHBGA7AxAoAiAYARAIAHABACBHBTBeBdBXBRBQBNBHA6A+AiAgAXAeANAGADAB
3302502005007,BBBHBcBUBWBTBFBEBKA/A0AzAkAWAWAIAEACACA8BJBXBRBUBWBRBMBQBLBEA3AtAhAbASAOAFAB
3302601003001,A3BDBeBLBLBJBJBFBFA/BGA1A4AkAcAQAFAAAAA9BEBQBSBKBOBLBMBFBPBIA3A4AcAhAPAMAGAF
3302601003002,A9BNBYBTBUBPBXBPBLBDA8AwAoAiAMAMADAAADBABMBbBZBTBVBVBPBQBFA7ApAgAXASAJAQAEAE
3302700003001,A3BABSBKBKBMBEBCBGBIA+A7AwAfAbAOAGAIAAA3A5BLBLBGBTBTBVBLBSBABGA3AjAaARATAMAE
3302700003002,A/BDBPA/BCBdBXBWBOBLBPAwA0AQAWAIAHAAAAA0A/BHBBBHBiBkBfBKBNBIA5ArAiAQAHAIAHAB
3302700003003,A6BOBZBVBHBMBRBPBHA7A7A4AtAgAXASAHACABA8BCBMBQBMBVBQBQBEBFBJA1AwAjAaAQALADAE
3302700003004,A8BABRBSBCBGBHBFBGBKBEA9A4AeAWATAIAGAAA/A9BQBOBGBNBNBNBKBKBKBBAyAgAUAVAPAHAF
3302700003005,A8BBBRBNBEBNBNBMBFBIBIAzAuAbAYAUADAAAAA+A9BIBMBIBKBTBTBSBIBXA1A1AgAaAWAJAGAH
3302700003006,AzA6BFBJBQBRBXBXBNBKA7BDA2AjAdAMAFAAAEA4A4BDBDBPBXBZBRBKBNBCBAA2AeAQAKAVADAB
3302700003007,BEBLBhBMBKBGBNBSBLA9BCAvAyAeAWAMAHADABBKBFBPBNBLBXBQBTBHBLA5A+AtAbARAPAHAHAD
3302809001001,A3BBBOBNBGBMBIBFBKBJBBA+AqAcAZASAHAIABA0A6BNBLBKBKBRBLBQBXBMA7AtApAbAZARAJAE
3302858003001,BDBHBeBYBSBPBLA9BFBAA4AqAuATAKATALADAAA8BABUBSBNBNBTBJBNBLA/BAAzAmAbATAMARAC
3302858003002,BDBPBfBUBJBKBSBIBFBBAuAvAcAaAWALADABACBBBKBZBUBMBWBbBPBMBKA5BDA7AWAZAKAOAFAB
3302858003003,BCBMBUBQBMBYBVBFBCBAA6AsAgAcATAOADABABA6BABOBPBPBcBaBNBNBPBPAwAxAbAbARAOAKAB
3302858003004,BABDBTBRBYBRBOBCBABBAxA8ApATARAPAFACABA+BIBRBRBUBVBPBKBQBLA/BDAuAlAkAOAOACAC
3302858003005,BSBWBiBcBRBIBOBHBCBBA8AmAYAQAJAJAIABAABOBOBlBhBUBXBTBMBKBHA/AsAqAVAUAUAGABAA
3302858003006,BGBKBeBZBSBSBIBFBGA+A1AtAkAWANAKAEABAABIBNBbBVBQBWBYBQBOBGBHAxAmAjAXAOALAEAB
3302858003007,A0BABPBJBKBOBJBFBIBBA6AzApAaAUAZAKACACAzA/BIBNBMBTBUBUBPBQBEBBAzAwAkAVAQAEAH
3302858003008,BCBCBVBQBMBOBMBIBHBFBBAuAgAZAPAEAIACAAA8BCBRBSBPBZBVBTBVBUBHBBAxAgAYAOALAEAB
3302858003009,BIBRBiBaBSBPBPBHBFA4AzAqAcAWAOAKAEABABBJBKBdBUBYBYBXBOBIBJBHArAsAaAYAJAMAFAE
3302908003001,A9BEBUBPBKBBBFBABDBFA4A5AhApAYAVAMAGABA2A/BRBRBEBJBHBKBNBRBGBBA+AlAeAYAXAMAD
3303005001001,BBBLBWBaBOBJBHBCBFBCA6AvAnAVAaAVAPAEAAA8BJBVBRBOBPBKBIBJBHBAAxApAtAcAcAMAJAG
3303104001001,BABDBVBTBJBPBLA+BEBHA3A9AmAiAdAUAQAGABA4BEBVBLBKBMBMBFBLBIBGA0AwAeAdAaAPAIAI
3303203003001,BGBOBYBWBUBVBOBDBGA9A1AuAcAYANANAFACABBDBMBWBRBYBWBYBQBLBEBEA0AqAfAXAOANAFAH
3303203003002,BUBWBmBPBPBLBPBHBDA8AxAtAjAPAIAHAIACABBMBRBcBXBVBbBcBQBGBCA4A2AiAeAYAQAIAEAC
3303203003003,A+BHBUBMBOBaBOBEBEA8A5A2AeAaAKAPADALACA0BGBNBMBUBZBXBNBOBQBKA6A0AhAZAXAMAEAE
3303203003004,A5BEBSBQBPBHBRBLBDBEA7AsAiARARANAQAEABA4BFBSBMBRBVBZBPBPBMBIA9AqAvAcAWAQAEAE
3303203003005,BABJBTBWBTBWBJBJBDBBA7AtAjAWAOAMAKADABA4BBBSBOBQBVBTBMBQBMBKA5AwAjAcATAPACAH
3303203003006,AzA6BHBFBLBMBNBDBIBDA+A+AoAhATAFAIAAAEA7A6BFBJBMBTBVBQBXBQBOBMA9AiAmASAVAIAA
3303203003007,A4BDBSBLBPBPBLBIBEBDBAAzAsAbAOARAFAAAAA4A+BOBKBQBYBWBQBPBJBOBCA0AcAZAbAQAFAC
3303203003008,AvA3BBBIBMBPBIA/BDBFA5A5AuAZAbAPALAFABAyAyBABIBMBSBRBTBRBVBgBBAvA3AgAgAYAKAE
3303203003009,A7BFBLBKBMBRBNBFA9BBBAAxAdAgAXAPAIAEABA6BBBHBKBNBXBZBMBKBLBRA9A5AtAiATAPAIAF
3303302005001,AqAxA+BHBLBPBIBDBEBLBQA8A8AdAiAPAMAAABAsA1A7BBBOBRBQBJBQBYBbBEA+AkAmAZATAFAE
3303302005002,A0A/BNBCBTBNBKBFBEBGA/BFAsAmAWASAFAEACA1A8BLBCBLBWBYBOBLBOBLBIA5AgANAXATADAH
3303302005003,AzA+BIBPBMBRBNBNBNBNBMA0AuAbASAPAIAEABAwA7BHBIBLBUBXBSBRBYBPA8AnAlAWATAMAGAF
3303302005004,A1BABMBMBPBLBMBOBJBSBGAxAmAgAVASAGAEABAuA/BIBJBMBUBYBTBSBNBSAyAyAkAdAPAKAHAH
3303302005005,A1A6BGBLBTBQBMBFBHBAA3A4AjAgAbAWALAEAEA2A1BKBEBOBVBWBMBMBNBOA3A0AtAmATAcAGAI
3303302005006,A4BGBWBMBPBSBTBKBPBDBGApAmAYAOAMAGACADBDBHBSBMBOBdBeBXBUBLBAA5AeAjAZAPAHABAA
3303302005007,A5BABTBMBIBKBPBGBCBFA3A3AoAjAbAIAEAGAAA1A+BLBMBOBVBQBMBMBMBLA6A5AlApAWAQAJAF
3303302005008,BDBPBUBQBLBPBRBIBCA/A/ArAjAaAVAJAGAFACBCBGBUBRBSBYBTBMBMBLA9BAAvAgAYAUAMADAA
3303302005009,A7BJBWBWBRBXBQBHBFA/A/AoAhAaASAIAIAEAABDBLBUBUBQBVBYBOBJBLBGAxAxAaAXASAEAGAJ
3303302005010,AuA1A+BDBIBNBUBKBDBFA7A0AsAZAZAOALAEADAyAyA9BBBNBbBeBTBNBVBMBIA5AtAoAfARALAI
3303302005011,A2A3A+A/BJBXBQBLBCBHA5AwAhAbAXALALADAFAzA2BABFBWBnBbBTBPBMBIBKBFAdAcAZAYAQAF
3303302005012,AqArAxA3BnB0BZBCA5BDA7A1AqAgAVAUAKAJADAlAnAyBABlBrBTA8BABLBOBCA4AyAsAsAcAMAI
3303302005013,AqAoAvA0BZBjBQA9A4A/A0A/AvAgAbATAVAJAEAjAoAtA8BeBnBQBFBEBPBPBOA9A7AzArAWAWAK
3303302005014,AyA5BFBIBSBbBPBDBDBGA6A5AgAhAaATAEACABA4A3BEBFBTBcBRBIBMBSA/BNAqA3AiAeAPAKAE
3303302005015,AlAkAqA2BJBNBDA3A0A9A9A7A1AnAlAbAPAJAEAhAjAqA5BUBaBOBFBFBSBWBXBOA8A5AzApAaAO
3303302005016,A6A3BBA+BFBVBSBJBABKA0A+ArAhAPAWAHAEAEAuAzA/BABMBbBdBQBJBTBHBFA1AqArAlAbAHAH
3303302005017,AzA5BDBEBOBVBTBCBBBFA+A2ApAdAYARAIAFACAtA2BDBEBKBXBWBNBMBPBRBFA9ApAgAhASANAI
3303302005018,A2A1BOBSBOBSBOBHBLBEBDA6A1AeAWASAFACABA6AyBIA/BNBQBUBSBTBOBCBLA+AcAYAQAMALAE
3303401003001,A/BQBhBYBSBRBYBQBLBEA+AqAlAeAMAQAEAGABBBBPBXBXBRBUBXBPBIA8A7AsAmATARAMANAFAB
3303401003002,AsA3A/BJBLBTBGA9A6BCBFA6AsAhAgAQALAGADArAyA8A/BHBUBMBIBMBTBRBTA/A6AmAmAgAJAA
3303401003003,A3A/BPBNBLBMBLBCBNBEA2A7AxAXAUASAKAFADA1BABNBLBNBPBTBOBWBGBEBAA4AoApAQANADAE
3303401003004,BLBHBPBQBQBRBWBNBLBEA1AvAhAUAOAMAFACAABIBBBGBLBRBeBhBVBQBMBBA/ApAjARATAHACAA
3303401003005,A1BBBNBOBOBKBVBIBYBOBOA0AwAkAYAQAIADAEA3A7BFBLBFBNBNBLBUBOA2BBAvAhAaAOAQAIAB
3303401003006,AuA8BFBFBIBIBHBBBEBIA7A9AtAhAdATAMAEACAvA6BDBBBJBQBSBLBQBWBQBHA9AtAiAeAUANAE
3303401003007,BEBQBXBZBXBTBQBMBEA+AsA0AoAXAMANAEAFAABJBJBYBOBRBUBaBQBNBFA/A2AmAXATAOAMAEAE
3303401003008,BDBIBRBRBIBOBQBJBNBGBHApAjAgASAMAFAFACA5BFBRBNBPBSBVBTBSBKBFA2AqAgATAWAQAFAB
3303401003009,AzA/BFBLBQBQBJBDBGBIBBAuArAaAXAQANACAEA2A7BHBKBUBQBQBLBTBSA/BKAxAsAdAaASAMAH
3303500005001,BKBVBlBgBVBRBOBKBIA6AxAkAeAXAMAIAGAEAABJBUBjBeBXBSBUBPBLA/A4ArAmAWAVANAIAFAC
3303500005002,A2BABOBPBOBQBMBFBEBDBAAwAqAXAUANAIAEABA1A/BOBOBOBVBVBPBPBPBIBDAyAmAeAXAPAHAF
3303500005003,BHBQBgBaBRBQBQBLBGA7AzAoAgAUARAIADACAABFBNBfBbBTBXBXBSBOBGA6AxAjAeAZALAKACAD
3303500005004,BLBZBsBhBQBQBMBHBGA7AyAlAhAVANAHAEABABBNBWBnBfBPBXBUBOBMBCA4AsAeAZATAMAFAEAB
3303500005005,BBBNBfBVBQBPBOBGBFBBAyAvAjAWASAJAGACABBABMBaBXBSBUBXBPBNBJBCA1ArAcAWASAKAEAC
3303500005006,BPBVBpBfBSBUBQBJBDA4A7AdAfAVALAFAGACACBEBSBnBfBSBYBXBNBJA+A+ApAiAbAVAMAIACAC
3303500005007,BCBMBhBcBVBVBbBMBIA7A7AhAfAPARAGAFACABA+BLBiBgBcBaBdBSBMBEA0AvAaAgAYAMAFACAB
3303500005008,BJBSBnBfBRBOBNBFBHA9A1AmAfATAQAIAHADAABNBSBlBfBbBVBRBRBIBGAxA1AjAXARAOAHACAA
3303500005009,BJBXBxBcBQBKBJA8BCBEA5AzAhAdATAWAHABABBLBTBmBdBRBHBIBDBGA/A9AtAsAbATALAGACAB
3303609003001,AsAyBHBaBUBQBMBOBTBNA+A4AjAfAcAJAJADABAqA1BFBVBWBVBRBXBXBSBIA2AtAnAaAXAIAGAB
3303609003002,A3BCBmBsBPBUBTBUBTBNA9AxAlAhAVANAJAEABA3A4BPBVBNBVBNBTBUBRAxAvAdAaAUAIAIACAB
3303708003001,BKBNBcBUBRBNBIBDBHBHBCApAgAYAfAPADAEAFBHBHBbBQBOBPBSBNBMBGBAAsAnAjAZAQANACAD
3303708003002,A1BGBSBPBKBKBDBABFBBA7A1AlAkAXALALAHABBAA+BSBJBPBQBMBRBRBOBSAwAyAiAbAkAUAGAF
3303807003001,BJBMBbBMBPBOBWBPBOBHBDA0AgAdAWALAFACAABKBMBZBQBMBXBWBOBKBEA5AzAhAWASAOAHABAA
3303807003002,BQBcBnBZBVBdBZBMBDA7AwAqAbAWAQANAHAAAEBQBXBlBeBPBYBaBKA9A7AyAnAjATASADAGACAB
3303856001001,BBBLBfBZBVBMBHBABHBBA7AsAoAbATAQAKADABBCBOBcBWBUBSBMBIBLBHA/AsAlAdAfAQAPAEAH
3303906005001,AfAmAuA/BGBEA5A2A4A+A6A7A5AvAmASATAEADAfAnAxA/BOBGBDBBBKBaBfBIBCBFA/A4A9AYAU
3303906005002,A9BJBYBSBPBKBPBIBHBCA9AsApASASAMAEAHAAA9BEBVBUBQBUBRBRBPBKBDA5A4AbAcAYAHAHAC
3303906005003,AxA6BMBMBMBIBJBEBBBCA8A1AjAfAXARARAJABAsA9BNBJBJBRBMBMBOBRBFBEA0A7AnAjAYAIAB
3303906005004,A4BJBWBUBSBRBVBMBNBBA5AvApAdAVAPACACABA3BCBOBQBKBWBbBTBQBGBCA2AeAtAYAQASAIAA
3303906005005,A1A4BFBGBFBHBGBGBHBJA7A7AgAmAjAOAOAEACAwA0BCBDBEBNBTBOBSBVBUA/BIAtAnAaAPANAF
3303906005006,BABHBeBbBPBRBKBIBKA7A2AuAqAZANAKAIACABBABHBcBVBSBQBTBOBMBGA2BAArAkAUAPATAGAC
3303906005007,A0BMBUBWBSBGBPBGBHBFA0AxAhAYAeAOAGADABA4BFBSBWBNBLBSBPBQBIBDA3AwAvAeATAQAHAB
3303906005008,A0A9BKBPBOBQBMBHBJBCA6A3AmAcAXASAPAEABA1A7BIBPBLBNBSBNBWBKBDBBA7AmAbAeATAFAG
3303906005009,AzA9BQBOBOBEBNBKBGBJBEAqAxAjAOAVAKABABA1A6BEBMBIBEBUBLBTBWBHA+A8AmAgAVARARAH
3303906005010,BLBaBfBbBXBTBGBHBCBBA0AqAlAQARAOACACAABHBUBZBZBSBRBUBHBJBJAyA5AwAYAYAQAEADAD
3303906005011,A8BIBVBXBLBKBNBHBNBHAwA+AlAXAaAQAKABACA7BFBRBVBLBQBQBOBTBMBDA2AxAhAZAPAMAGAB
3303906005012,A5BDBMBTBLBMBNBLBHBAAyA/AsAiAPAIAEAHACA1BBBNBLBNBNBPBOBQBPBEBCAxAiArAOAcAGAD
3303906005013,BCBIBWBRBHBOBHBGBKBGA7AwAoASAaAMANACADA5BJBTBQBQBUBPBOBTBPA/A2AuArAYATAIAFAB
3303906005014,A7BDBTBVBLBOBNBFBOBGA8A1AoAcAhAQACADABA7BDBPBSBPBPBNBQBWBJA/A5AzAcAdAOAJAGAE
3303906005015,BGBNBgBhBRBTBPBJBDA+AvA2AoAZATAIAFAEABBFBMBZBUBUBWBPBLBKBABIAkAnAcAbAOAIAFAB
3303955001001,BCBEBZBWBUBVBRBAA/BFA8A5ArAaAKAKAGACACBBBFBVBTBWBaBTBKBFBNBHA8AfAZAbAMALAIAC
3304003001001,BCBBBZBQBOBNBUBIBMBIBEAsAhAcAVARAHAEABA3BHBVBSBPBPBaBRBLBIBEAwAsAhAcASAHAAAE
3304102001001,BKBOBaBUBVBQBLBCBJBCA8AtAkAeAXAPAKAFADBABGBXBUBPBLBOBDBIBFA/AwAlAeAaAUARALAF
3304110001001,BJBUBhBYBbBaBUBLBIA/A5ApAcATANAMAFABACBJBMBaBdBWBaBVBPBJBBA6AqAiAZAOAMAIACAB
3304128001001,BHBFBVBTBTBbBUBHBHBCA8AtAhAZAUAKAJAAAABPBKBRBSBTBWBVBKBGBIBJApAoAfAWAUAIAFAA
3304144003001,BGBMBXBdBQBWBQBGBHA8BCAlAgAUAQAJAGAEAAA9BNBcBZBUBWBXBWBMBIBIAsArAYAQAQAHAEAB
3304144003002,BOBTBkBiBRBVBPBJBAA6AzAeAbASAKADAJAAAABRBbBoBhBbBYBUBQBIBAAwAyAhAYAVANALACAA
3304144003003,BZBaBuBfBUBQBWBHBFA2AqAhAcAUAOAFACAEACBaBdBpBkBWBPBaBSBCA3AsAsAiAbANAJAFABAA
3304144003004,BKBVBkBgBUBMBKBJBOA7A+AdAlAOAPANAFACABBFBPBkBhBVBSBTBSBNA/A9ApAiAVAUAVAEADAB
3304144003005,BYBZBtBjBVBUBTBIBDA3ApApAZAMAPAJAEAAAABLBbBsBfBaBcBTBOBFA/AoAuAjASAWAJAFACAB
3304144003006,BJBOBiBdBSBUBOBHBBA+A9AjAeASAPAJAJAEAAA9BJBbBWBbBUBbBRBOBDA8A0AwAZAUAQAIADAB
3304144003007,BCBMBiBcBWBQBNBJBCA8A0AoAdAaAMAIAHACAEA/BLBeBaBWBVBaBSBLBGBAAzAqAVAcATAIADAA
3304151001001,BEBTBdBbBVBRBIBBBKBGA7AnAnAbAXANAHACACBEBOBaBbBVBTBMBMBMBEA0AzAkAXATAOANAFAC
3304201003001,BSBXBkBcBTBTBYBTBMBGA1AcAZAOAEAHABABABBQBQBhBeBXBaBZBXBQBKAxAsAZAUAKAKAGACAA
3304201003002,A/BEBRBGBUBbBcBJBBBBBKAoAnASAOAKAFAGACBHBHBTBKBMBiBeBVBLBJBLA+ArAXAJANALACAC
3304201003003,BJBLBVBNBdBiBYBOA6A6A0A3AkAYAOAIADAEAEBCBOBTBOBZBdBZBHBBBGBKAzAkAgAMAUAJACAB
3304201003004,BAA8BMBPBSBYBNBFBEA/A8AyAhAiAVAQAHAEACA5A9BGBJBSBZBRBOBQBQBMAzAxAlAeAbALANAC
3304201003005,A2A5BKBJBbBYBQBJBEBCA5A0AlAcAbAKAGAGAEA2A3A/BNBeBXBTBJBQBOBIA5AyAoAbAaAWAKAD
3304201003006,BDBNBZBWBXBZBVBMBRBBBDAhAfAaARALAHADABBDBLBbBTBWBYBXBPBJBCA6AqAiAYAVANAKADAD
3304300003001,AwA+BNBOBNBUBPBIBGBFAzA1AlAlAZANAOADAEA2A+BFBNBYBVBQBTBIBNBDA3A5AfAmAhAPACAD
3304300003002,A8BOBWBPBUBQBXBUBIBKA7AzAgAfAOAOAMADAABABGBVBQBUBbBcBVBOA/A4AtAgAYAQASANAFAC
3304300003003,A9BMBfBZBTBRBTBHBLBBA4AxAnAZATAJAJACABA+BIBhBXBPBWBVBTBGBDA1A0AkAWAVAVAMAGAB
3304409001001,A+BLBgBTBHBQBTBHBNBFA/AzAuAdAQAQAIAFAEBABOBbBPBFBTBRBMBKBDA6AuAiAcAbAOAIANAD
3304508001001,BIBJBgBZBOBLBJBIBIBAA1ArAlAgAbASAGACACA/BNBaBbBOBPBJBOBKBJA7AxApAhAeAQAIABAC
3304524003001,BNBQBoBZBNBdBaBOBLBBAzAkAgAKAQAPADABABBJBOBhBQBWBfBgBaBEBEAwArAkAQAUAGADACAB
3304524003002,BJBNBbBQBLBUBWBUBOBGA/AkAlAWAQAHAAAAABBFBHBTBJBNBhBlBYBSBFA7AwAhAYANAPAIAIAC
3304524003003,BBBLBSBMBTBWBUBGBKBJA2A2AoAPAVAHAIAEACA6BDBPBLBPBZBgBTBPBOBJAuAvAWAXARAPACAD
3304524003004,BLBBBUBKBcBXBPBGBJA+A4AzAlATARAIAIACACA6BFBNBRBYBdBYBRBNBMA/A1AqAjAYAVAHAEAC
3304524003005,BVBQBXBTBdBeBaBLBJA+AsAyAaAWANAIADACAABJBMBQBYBaBhBdBRBIBIAzAtAhAPAVAIAJACAB
3304524003006,BGBHBIBBBIBlBuBZBHBGA0A0AgAXAQAIAEAAAABABBBGBBBPBvB3BdBJBABCAsAmAUAXAMAKACAB
3304524003007,BbBhBdBPBbBnBnBUBHA/AnAuAaANANADABADAABZBaBcBQBXBlBkBQBAA7A2AeAVARAJAHABABAA
3304557005001,BEBMBXBPBfBgBUBIBCA6A1AmAgAYAOALAGACACBGBHBVBNBfBdBbBPBIBCA+AwAdAeARAXALAMAG
3304557005002,AeAkAqA0BQBmBgBQBLBLA/BLA2AoAgASANACACAiAlAsA1BLBkBSBGBHBQBTBMBAAjAvAoAXAMAI
3304557005003,AiAcAnAqBGBkBZBNBGBNBKA1AvAjAeAbAOAFABAbAgAmAtBHBmBYBOBNBNBSBRBGBFA6AlAjASAF
3304557005004,A8A+BIBKBTBUBRBBA+A8AwA2AfAXAWAQAKAFABA4A8BFBLBaBbBZBOBLBOA5BOA3AmAjAVAcAKAD
3304557005005,BEBGBNBLBRBVBWBFA+A8AxA0AnAYAOALALADADA8BEBMBLBVBaBWBKBJBGA1BHAtAoAbAnAVACAG
3304557005006,AxA7BDBHBeBpBeBLBFBCBFAqAeAeAaAMANAFADAxA2BABCBSBZBSBLBIBKBKA2AwAoAlAaAXAHAG
3304557005007,BJBQBYBNBaBgBXBIBBA6AvAvAUAZASAKAIADAABJBOBXBNBcBhBWBKBFBCA9AyAhAlAVAYAIACAB
3304557005008,A7BGBDBLA8BDBAAzA+A9BLBAA4AmAkAZAXANAEAvA1A9A+BDA9A/A2BEBGBUBJBJA7AzAlAZANAL
3304557005009,AyA5BEBBBUBhBgBTBJA/BGAfAhAWAVASAJACABAzA2BDBFBZBoBfBYBOBKBEBDAyAiAZAXASAFAC
3304557005010,AjAOArAdA+B1A/BDAvA7A7A+A/AiAfAhAfAMAAAXASAXAtA/BiBTA9BABXBkBPBhAzBKBCBBAfAM
3304557005011,AbAbAhAoBBBbBOA7A0A6BBAwAmApAeAkAXAKAKAhAbAkArBJBmBbBFBFBRBLBcBLBKA9BQAuAZAP
3304557005012,ApAvA4A9BEBUBOBEA7BEBEAyAtAcAcAWASAIACAwArA1A4BJBbBXBMBMBaBXBOBDAxApAjAaASAG
3304557005013,AqAiAmApA8BTBIA/A/BGA7A9A0ArAeAXAKAUAAAdAiAmAsA+BaBWBLBKBVBWBTBOA0A3A3AtApAX
3304557005014,AmAjAqAvBHBgBYBCA+BFBCAxAnAcAcAbAUALAEAfAjAsAzBHBhBdBNBIBSBVBMBJA7A1AmAqAYAL
3304557005015,AmAmArA0BQBhBQBVBBBGA5A2A4AcAcAcAJAKAAAjAnApAxBHBfBkBYBPBNBJBMBDAsAuA2ASAZAG
3304557005016,AmAkAkAxA4BNBTBGA7BDBLAzAsAtApAQAPAGAAAfAjAlArBEBcBjBXBIBXBhBXBBA6BHAmAjAXAN
3304557005017,AlAoArA2BJBZBXBEBABFBBA4A3AXAVAYATAGADAoAlArA0BGBjBkBRBLBWBXBQA+AuArAgAoAUAP
3304557005018,AzAuA2BABJBZBVBHA7BGAsBFApAgAVANAIAKAGAtAvA2A6BNBgBjBTBPBaBVA/BBAhAiAYAWAXAR
3304557005019,AcAbAeApBKBnBZBEA4BABLAoAdAdAqAaAYAPAAAcAaAhArBWBzBgBIBKBTBbBMBOBEA5AuAkAUAK
3304557005020,AlAiAqAxBABRBQA+A8BAA/A1AwA2AgAXASARAAAgAhAwAuBIBhBZBGBBBMBOBSBNA5AxA0AiAgAh
3304557005021,AUAWAaAjA4BMBAAyAyA6A3BCA1AvA3AnAbAMAJAYAVAaAoBABYBLA8A8BHBVBhBfBSBRBOA9AwAY
3304557005022,AfAbAgAkA6BMBMA+A2BABIA0A8AsAgAfAaAMAEAaAbAdAqA9BWBPBFBABNBSBhBOBABEAzBFAuAj
3304557005023,ARAYAaAjA6BQBGA3AxA4A0BAAhAwAnAZAgAZAMATAWAdAkBEBYBSBBBEBQBpBPBgBLBXBIBIAhAZ
3304557005024,A6A3A7BBBgBgBaBIA5A9A1ArAgAbAXASAPANABAvAyA5BABVBdBaBOBDBDA+BFBDAjA1AbAbAVAE
3304557005025,AaAeAgAkA2BPBJA8A5BABGA4BAAgArAgAkAHADAaAaAbAlA+BYBVBFBGBPBmBQBgA/BaA+AnAYAU
3304557005026,AeAaAfAnA+BaBGA3A7BABFAzA0AtAvAXAXAEAEATAWAeArBGBbBKBBBDBOBkBRA/BYBXBAA3AjAY
3304557005027,AlAkAqAuA5BGBHA+A7BDA9A6A2AsAjAfAkANACAlAkAoAsA9BOBQBKBGBQBLBeBNA9A5AyA0AnAQ
3304557005028,AdAgAmAuA2BABEBDA5BBBFA/A8ArAnAdAaAQAQAdAfAkAqA5BNBRBMBFBRBPBdBXBFAzA8A5AeAO
3304557005029,AqApAsAwA3BABKA+A/BBBAA7AwAyArAdAcAFABAgAmAqAwA5BOBRBPBLBQBfBPBPBEAvA6AqAWAM
3304557005030,ArApAuAxA/A9BKBEBABEBPA9BCA0AmAXAMAHAFAvAmArAxA+BLBXBXBNBbBQBpBHA0AkAZAiAUAC
3304557005031,AnAnAvA1BBBPBPBDA8BDBEA6AtAiAcAaASAMACAsAsAvAzBEBUBdBPBPBXBeBSBUA1AhAdAjAQAL
3304557005032,A5A8BMBFBPBPBLBIBDA7A8AwAqAoAQAZADADAAA2A8BNBLBSBVBZBUBPBPBSA7AwAnAdAiAFACAG
3304557005033,AmAwBAA9BGBJBGA+A+BEBFA0AyAgAhASAZADAFAoA0A6A+BFBZBPBMBFBSBkA4A/AyAjAvAgAaAL
3304557005034,AgAjArAzBFBQBDA9A6BDBDA0AxAoAgAbAZAHADAhAhArAxBIBXBLBIBKBVBGBlA5BIAzBFApAlAP
3304557005035,A1BBBPBLBQBTBSBIBCA7A5AtAnAYATAMAGADABA/BEBRBKBUBcBaBUBNBMBCA/AwAdAeAgANAGAE
3304557005036,AZAcAkAuA9BPBEA4A6BDA9A7A9AkAiAiAWAPAEAbAbAlAxBEBWBJBHBIBVBcBSBRAzBNA/A0AoAT
3304557005037,A2A4A/BEBKBTBHA/A5A6A+AwAtAgAWAWAJAKABAsA1BBBIBRBcBNBMBFBPBUBBA1AtAuAsAdASAK
3304557005038,AeAgAsAyA+BIBBA7A0BDA2BEArApApAnAZAMAEAbAfAnAwBCBSBMBGBJBUBOBkBSBGA9A2A+AYAO
3304557005039,AfAeAmAxA5BMBDA3A2BAA/A8AxAdAtASAiAQAEAfAfAoA1BABRBNBFBDBWBYBXBXBJBHBAAhAmAW
3304557005040,AhAjAsA0BPBfBLA5A4BEBKA5AlAlAdAYAPALAFAeAhAsA1BRBhBOBHBIBYBVBeBGA3AiA9AvAPAJ
3304557005041,BABQBeBRBLBTBHBLBEA6AxAjAaAcAPAIACABABBJBNBgBhBbBhBbBeBQBCBCAnAcAjAcALALAHAA
3304557005042,AiAjAuA2BGBUBIA8A3A9BJA2AuAiAlAXAUAKADAkAkApAzBIBcBVBGBFBXBmBOBVA2A7A6AkAKAK
3304557005043,AdAjAtAzBCBVBIA9A7BCA8BAAuAzAqARAUAAAGAgAkAqAxBEBbBWBKBJBTBOBfA4BHA8AnAqAeAU
3304557005044,AtAvA2BABHBRBKA+A8A+A9A6AhAqAVAVAUAGAAAqAsA6A+BJBZBUBJBHBRBRBbBIArApAuAiAVAL
3304557005045,AuAxA3A5BHBPBIBCA9BABDA1AmAjAaAUASAJAEApAxA2A6BGBUBUBRBJBTBaBJBDAwAsA1AgAOAO
3304557005046,BTBiBpBTBVBWBeBQA/AwAqAkAXAMAIABAGABACBUBgBrBbBhBnBlBRBFA7AuAnAZAQAUAFADACAB
3304557005047,ArA1BDBDBIBQBOBHBEBAA5A9AiAiAXAUANAIAEAsA2BABCBKBWBVBPBNBQBKBIA+AuAmAsASAQAF
3304557005048,A0A5BCBHBLBTBOBEBHA+A+AxAfAjAbAaAMABAIA2A2BBBDBPBYBXBKBLBNBDBIA8AjAmAmAaAHAE
3304557005049,A9BBBPBIBKBPBLBCBBA+A8ApAoAbAfAQAJADAAAvBBBKBLBRBPBVBOBNBLBBBCA3A6AyAXAMAGAE
3304557005050,ApAwA4A8BCBLBKBFBFA+BDA5AlAuAdAgARACAAAlAtA3A1BBBRBTBOBKBRBbBDBHA/BAAfAtAIAC
3304557005051,BLBNBcCPC0B1BYA/AzAtAfAlAZAIAGAGABABAAA+BLBbBhBuBZBVBCA8A1A1AeAgAWAOAJADAEAA
3304557005052,ArAzA8BBBLBOBJA/A/BCBAA5AkAnAnASAHAHACArAzA9BABPBXBSBKBMBSBVBGA8A5A5AgASAMAF
3304557005053,A2A6BLBcBZBUBMA/A8A8A8AxAfAiAgAQAKADABAzA5BFBGBOBTBTBGBCBNBJBDA5AuAsAZAVALAF
3304557005054,A6A8BLBRBLBOBMBDBGBDBGAqAbAeAWASAIAEADA1A7BMBHBQBWBWBNBMBSBTA2A4ApAgAlAMAFAH
3304557005055,AzA9BHBRBdBUBKBCBEBBA9AwAtAeAaAGAOAFABA4A8BGBLBRBTBSBFBNBPBABAA2AkAnAXAYAKAG
3304557005056,A7BKBYBdBvBmBPBDA+A5AyAiAgAWAbAIAGADAABFBKBTBXBaBVBUBIBEBAA+AqAlAoAdAQANAKAB
3304557005057,A+BDBTBQBZBbBNBAA6A7A5AvAdAhATAOAMABAAA4BABSBPBVBVBPBJBHBLBJA3AyAoAiAXAUALAF
3304557005058,BIBMBeBiBaBRBJBBBAA9A2ApAbAaAOAKAGAAACBFBMBcBaBbBUBTBMBIBCA1A8AkAjAYATAMAFAB
3304557005059,A1A3BIBRBnBXBJBDBDBFBKArAkAWAUATAFAFAFAxA1BFBFBUBXBQBKBPBUBVA1ArAlAmAiAUAEAA
3304557005060,A0A4BCA/BLBTBQBCBBBAA2A/AkAdAhAVANABADAxAzA/BBBLBeBUBPBIBNBTBBA+AwAvAiAOANAD
3304557005061,BBBIBPBGBJBQBNBCA9A9AwA3AoAcASASAJADACA9BIBSBMBPBZBZBKBCBMBJA5AwApAfAdAXAIAC
3304557005062,A4BDBRBJBGBQBXBDA+A7AlBFAdAVAdASAKAEAAA1A8BMBKBLBdBZBQBHBKBHBFA4A0AlAYANAJAE
3304557005063,A+BCBPBLBPBSBRBFBBA7A0AsAnAdARAQAFADAABHBGBQBOBQBdBaBQBLBHBEA/AkAtAYAUAMASAD
3304557005064,A1A6BJBFBNBWBPBDA+BAA0A6AqAWAWAYAIAGACA2A3BEBFBSBZBVBMBLBOBEBKA1AtAaAlAWALAG
3304557005065,A6A6BJBGBKBTBNBBA/BBA6AzAmAaAUARAFAFAAAyA5BHBKBTBYBXBRBQBOBIBLA0AmArAeAaAJAD
3304557005066,AwA/BHBEBGBRBOBDBHBEA7AzAnAZAgAPAPAFAAAyA6BGBFBOBaBPBRBPBSBEBHA+AdArAkATAGAD
3304557005067,AiAlAvA1BGBPBGA9A6BBBIA3AzAiAbAfAWAIAEAgAlAsA2BFBRBOBFBKBZBkBRBOA3A9AuAzARAH
3304557005068,AhAhAyA1BABLA/A3AxA/BIA+BAAaAiAcAYAOAAAbAiApA3BIBSBDBCBDBcBeBbBUA6A6BDAkAbAS
3304557005069,AlAqA6A4BBBMBIBFA/BIA6BEApAiAiAcAJADADAlAuA2A6BEBUBUBSBSBcBiBMBHAxAzAkAaAHAM
3304557005070,AlAwA8A7BCBNBPBJBFBCA+A4AvAeAbAWANAGADApAvA6A7BKBWBYBTBPBQBRBQA9AvAnA0AZALAJ
3304557005071,AxA2BABEBJBSBKBAA/BBBBAzAuAcAWASAQAGABAvA1A/BABLBSBUBMBJBRBUBIA7AtAtAoAjAKAC
3304557005072,AyAwA/BCBVBgBTBGBBBFBCA3AvAYAYARAMADABAvAzA6A9BLBUBRBIBHBQBaA+A4AxAkAwAVALAB
3304557005073,AzA6BCBEBNBNBLBCBABGBMAqAcApAdAQALABACAyA3BBBGBNBUBQBMBMBRBRBBAzA0ArAlAPAQAH
3304557005074,A1A7BGBGBKBKBGBBA+BCA+AzAmAWAjAPAOADACA4A5BHBHBMBaBQBLBLBQBHBPA1AwAvAjAXAHAD
3304557005075,AqAuA0AzBDBOBEA+A/BFBHA7AwAnAhAPAPAGAGAmAtAzA8BEBUBSBOBQBXBdBSBKA6AsAsAZAMAG
3304557005076,AyA+BMBNBMBPBHBBA+BEA6A3AqAZAUARALABAAA3A/BLBPBPBVBQBIBKBSBRBBA9ATAsAlAUAJAD
3304557005077,AnAtA6BABEBMBEA/A9BIBABBAtAjAZAcATACAAAoAtA6A+BLBVBQBFBLBVBkBRBDA0AnAgAjASAC
3304557005078,AwAxA+A/BIBQBMA+A5A/A+A3AwAmAdATAJAEADAzAzA7A+BEBTBTBNBDBOBQBYBWAuA1AcAXAJAL
3304557005079,AoA0BDBBBJBMBJBBBDBFBEA3A6AaAUANATAFADAvA3BBBABLBVBQBOBQBTBYBDBFAfAwAmASALAE
3304557005080,A7A/BLBKBLBPBKBCA/BAAvBFApAXAZASAOAGAAAwA4BCBFBMBYBSBJBMBOBbA8A5AxAjAVAXAPAE
3304557005081,A/BJBUBKBPBUBOBFBBBAA/AnAhAbAWALAEAEAABBBMBUBNBcBcBVBPBMBJBLA2AqAhAdAQANADAD
3304557005082,A4A7BGBFBLBSBIBHA/BABOAiAuAaATARAIAEACAxA4BHBABOBYBRBNBMBOBSBHA7ArAqAaAdAMAE
3304557005083,A7BFBKBKBMBRBHBCA6A8BAArAaApAPAVAKAIACA/A+BNBMBQBXBVBJBGBLBWA0A1ApAjAlAOANAB
3304557005084,A6A9BMBMBKBSBKBBBDBCA+AwAvAZAUAOADADADBGA8BPBLBVBVBRBOBJBLBLA4A8AdAjAhAOAMAA
3304557005085,AwA2BABDBQBMBGBAA4BCBPAsArAeAeAKASAGACAqAzA/BBBRBSBPBIBFBPBaBIA7A2AtAuAYAQAE
3304557005086,A4BHBOBOBOBPBLBFBBA5A6AyAjAQAUAPASACACA6BDBUBMBPBbBWBMBIBHBaAvAxAtAWAlAQAEAF
3304557005087,A6BGBRBMBNBUBMBHBDA6BDApAmAdAUAOAHABAABDBFBLBNBaBZBVBOBJBHBLA3AxAbAfAYAQAJAE
3304557005088,A9BBBMBNBLBLBMA/A/BBA7A1AqAaAYAKAGADAAA2A+BNBKBOBWBSBNBLBMBQBCA4AlAkAhAOAOAE
3304557005089,BABFBRBLBOBQBKBBA+A+A5AuAjAkAQAQAHADAAA3BDBPBOBOBWBTBMBJBPBGBDA0AoAhAeAVAEAE
3304557005090,AsA3BHBHBKBLBJBBBABBBHAuAqAeAYATANADACAzA3BKBFBKBRBSBOBLBQA+BaA9AtAqAjAXANAF
3304557005091,AwA4BEBIBJBOBIA/A9BBA/A5AvAeAWAUAOAFACAtAzBEBFBNBPBPBKBNBWBbA+BAAqAtArAaAEAE
3304557005092,A4BDBOBNBNBRBIBCA/A/A9A2AkAfAWAWAGABACA3A9BLBKBQBTBPBKBIBQBJBFA1AoAmAaAZAFAC
3304557005093,AwA5BEBFBIBUBRBHBDBCA/AzApAdAeASALAFAAAwA3BBBABMBaBXBMBSBQBVA7AwAzAqAXAXAKAG
3304557005094,A6BABKBJBaBaBTBFBFBFA2AuAiAhAYAGAEAGADA3A+BHBKBSBeBZBSBMBNBWAxArApAmAWAJAEAD
3304557005095,AuAsA4A5BDBVBOBDBEBIBDBBAtArAkAaANACAAApAnA0A6BJBTBRBSBOBTBMBQA/A5AhAlAbALAG
3304557005096,A6A/BEBHBOBWBUBKBBA9BBAsArAaATAOAIAFAAA4A+BGBFBVBdBaBNBPBMBOA9A0AhAgAbAMANAB
3304557005097,A9BJBRBPBPBXBUBGBBA9A6AqAlAZAOATADADACA6BEBJBKBYBaBZBPBLBKBJA1AzAbAlARAIAQAC
3304557005098,BCBGBbBlBPBRBNBTBKBGA3AoAcAVARAKAFADAABLBLBYBRBUBVBaBYBLBMBJAdAgAaAPAPAUADAB
3304557005099,AwAyBDA9BRBgBRBDA9A9A+ApAeAwAYAbANADADAsAvA5A/BMBfBWBMBLBNBGBSA+A2A1AZAbADAG
3304557005100,A6A+BLBGBEBKBOBFA/A+A4A1ArAiAYAPAGADACA4BCBOBHBQBUBWBNBLBJBOBABDAkAfAaAWAHAF
3304557005101,A7BIBRBSBNBTBLBJBDA8A0A5ApAVARAPAIABABBDBCBQBSBPBXBVBPBIBJBOA7AoApAjATAMADAC
3304557005102,BFBOBcBXBXBPBLBBA+BDA7AvAiAVAOAHAKABAABBBHBbBSBWBVBTBPBOBNBBA+AoAcAWAOAMAFAC
3304557005103,A8BABPBJBJBNBNBJBFBAA5AvAmAjAYAFARABACBCBBBLBOBIBaBSBSBQBKA3BOA6ArAbAZAKADAA
3304557005104,A9BEBTBSBKBOBJBIBHBCA3A3AkAcAWAMAKACAAA4BEBQBPBSBTBTBPBNBOBNA0ApApAiATAMADAE
3304557005105,A8BDBSBKBGBJBJBIBCBAA7AxAuAZASAQAHAEABA2A/BLBKBJBUBTBVBJBPBKBAA/AjAfAhASAHAD
3304557005106,BcBYBjBZBaBZBUBHA7A6AwAeAXALALAJAEACABBSBZBmBgBeBgBXBKBFA8BAAeAdAeAQAKAJACAC
3304557005107,BRBYBhBcBRBUBLBGBCA7AxApAiAVALAGADABAABPBTBiBcBXBWBTBLBLBBA8AxAlATASAOAKAEAD
3304557005108,A+BHBcBNBIBJBNBHBCA/AwA4AjAeAQATAIAEADA7BKBUBKBKBUBYBUBKBEA7BEAuArAhAaALAJAA
3304557005109,BVBdBiBWBJBRBQBIBBA4AlAvAcAQANAKADAAABBYBbBiBYBXBdBaBQBGA8A5AtAoAWAbAGAEACAE
3304557005110,A5BDBVBQBNBOBLBEBCA/A6A1AdAgATAKAKACADA+A+BRBNBYBZBWBQBOBMBDBGA0AgAkAPALADAE
3304557005111,BYBWBcBaCPCaB6BdBDAqAeARANACAHAAAAAAAABhBRBYBXB5B6BpBRA8AsAeAOAIAIACACADAAAA
3304557005112,BNBPBQBWCMCTB/BdBGAvAhAdANAEABAHAFADAABOBKBLBRBxB6BuBRBAA0AqAXATAQAAADADAAAB
3304557005113,BXBYBcBVBkBrBlBRBCA2AuAgANAVANADADACABBLBTBaBRBiBtBmBVBHA5A1AcAYATAOAHAFABAB
3304557005114,BGA9BJBGBVBhBiBYBGBCAyAzAVAVAWAFAFAAAAA8A+BIBGBSBtBuBZBLBFBIAxArAhATAQAJADAB
3304557005115,BABGBYBWBTBUBQBGBGBAA2AvAfAVARAMADABABBGBMBVBVBbBZBWBQBQBLA4A5AjAYAWAQAOALAC
3304557005116,A4A+BLBLBWBaBSBMBGBDBCAtAjAcAUALAGACACA3A6BIBKBSBgBcBTBOBNBMA2ApAmAdARAMAGAE
3304557005117,BQBSBgBeBVBOBJBDBGA9AxAjAcAPAMAJAHABAABNBSBeBWBZBZBRBOBOBIA9ApAgAlAfALAKAGAB
3304557005118,A+BDBPBTBLBZBPBHBGBIAwA5AjAUAUANAHABABA/BEBNBPBWBWBVBNBSBPBBA+AmAnAbAVAHAGAD
3304557005119,A5A4A/BCBHBJBOBIBJBKBAA5AqAcAVAUAKABABA2A2A+BEBJBXBZBaBQBVBXA5BDAgAiAaARAIAE
3304557005120,A7A/BPBNBPBRBOBEBFBHBEAjAlAXAPAKAJACADA6A7BMBPBPBSBWBVBVBSBSA0AvAmAhAPASALAI
3304557005121,A9A1BABBBFBUBVBGBBBHBFAxAkAgAUARAGADABA1AzA8A9BGBeBjBUBQBWBXBFA7AqAcAXAVAJAF
3304557005122,A0A0BFBEBJBVBNBEBABEA1BBAmAXAiAGAHAGACAsA0A8A/BPBaBZBQBOBUBQBSBGAwAqAZARAIAB
3304557005123,A1A5BDBRBSBVBMBGBEA/A8A5AmAgAaAIAKAHAAAwA5BCBOBYBUBNBOBRBNBHBPA5AtAkASAJAIAB
3304557005124,A2A/BMBSBQBQBNBJBIBEA5A0AlAbAYAIAHADABA5A+BKBLBQBYBaBTBQBOBABDApAlAaAYARAIAF
3304557005125,A3A9BRBJBNBWBQBGBDBBBAArApAYAQAPAMACADBBA+BHBLBSBaBYBPBMBPBQA5ArAkAnAWAOAFAC
3304557005126,A/BEBQBOBNBRBSBGA/A+A4AvAgAPAcARAIAEAAA7BCBRBTBOBcBWBPBKBLBGA5AyAnAgAXALAKAG
3304557005127,A9A7BJBEBHBMBJBGA+A/A4A3AtAUAeAQAPAEACAwA+BCBCBHBYBSBMBJBKBNBFBBAvAkAgAaASAI
3304557005128,AwA0BFBCBHBHBLBABABIBHA6AjAhAkAVAHAEACAoA2A8BEBLBUBSBNBRBXBLBTBDAxApAVALAQAK
3304557005129,BNBQBRBNBlBtBsBYBKA7AxAcAbAMAGAFABABAABPBNBQBQBnBwBwBcBMA9AzAfAZALAJAIAEABAE
3304557005130,AuA4A8A4A/BIBJBLBJBHBJA3A0AmAWAUAJAEAHAyAyA2A4BGBTBgBkBSBWBPBKA7AqAdAZAVAQAB
3304557005131,BAA+BDA+BDBJBUBXBPBIA+A8AsAbAPAMAFAGACBDA8A7A8BFBbBtBkBTBRBTA3A4AWAfALAHACAH
3304557005132,AzAuA0AzA/BBBBBCBDBLBUBHBYAlAkAYAOAAACAwAnAsAwBDBOBYBRBNBWBhBHBTAkAqAZASAMAC
3304557005133,AwAqAqAwA7BLBNBDBEBJBMBDAwBLAZAcAJAFAKAsAoAtAyBEBVBVBTBLBUBMBbBRAqAlAXARAZAJ
3304557005134,ApAnArAvA9BXBdBLA8BEBHBBAxAsAnAYAIAFAEAuAkAnAwBFBlBuBUBGBSBTBTBNA0AlASAYAOAC
3304557005135,BGBQBfBaBTBZBWBUBJBBA2AmAlAMALAIACACAABHBRBfBYBTBdBhBSBMBFA4AnAbASARAKALACAE
3304557005136,A9BJBRBOBgBoBhBUBIBDA6AnAbAPAVAIAEADACBFBBBMBOBXBlBmBdBOBFA7AoAnAVAPAKAEADAC
3304557005137,A9AzA5A4A+BQBYBUBGBHBIA/AxAfAeARAJADAAAzAyA0A2BMBXBoBdBNBPBNBKA/AsAaALAMAKAE
3304557005138,A9A6BEBFBQBfBcBWBKBIBDAtAeAMAbAOAGACAAA7A5BCBHBZBmBoBbBRBNBMAtAzAnAOANAEABAA
3304557005139,A8BFBSBMBGBOBVBJBJBKA+AnApAWAUAGAHAFAABAA/BQBNBKBYBbBVBMBQBCBDA0AZAXAPAWAGAE
3304557005140,A8BBBQBPBXBSBMBCBCA9BHAnAiAZAVANADAJAAA4BABKBQBTBXBPBLBKBOBIBGAyAmAdAcAKAKAC
3304557005141,BKBRBZBYBPBSBRBLA9A8A7AqAnARANAMAEADACBJBJBVBTBZBaBSBOBIBHBDAxAiAeAXARALAJAC
3304557005142,BCBEBQBOBNBMBJBBA/A8A6AzAnAcAQAOAEABADBDBDBOBMBOBTBYBKBJBLBNA/A2ApAdAdAPAIAF
3304557005143,A7A8BMBOBMBTBGBEA/BEBFAyAsAbAXALADAEACAzA8BMBLBQBWBNBKBLBRBVBBAwAkAuAbASAGAB
3304557005144,BKBLBgBYBUBZBLBEBGA+A3AtAbAbAPAFAKABAAA8BHBXBVBYBVBUBOBMBIBIAuAsAXAMAWAKAMAE
3304557005145,A6BGBRBPBOBTBNBHA/BFA/AuAoAWAYAIAIAGAAA8BEBOBJBSBaBWBPBKBQBLA9AyAhAbAJATAFAF
3304557005146,A1BBBMBKBMBNBGBDBABFA6A3AmAaAUAXAKABACA0A7BLBIBOBTBQBPBLBQBHBLA6AuApAYAPAJAD
3304557005147,A7BBBOBLBKBOBJBDBAA/A6A2AnAnATAMAIADAABCA+BPBMBNBWBPBNBKBKBSA/AqAvAbAZAVAJAI
3304557005148,A+BIBOBPBMBTBJBFA/BBBGAsAiAiAYANAEACACBABCBLBPBOBXBUBNBKBPBNA/AsAlAWAOAYAFAF
3304557005149,BABFBbBVBQBSBJA+A/BAA0A0ApAPASAPAJADAAA7BLBWBUBTBVBRBGBLBOBIA2A1AZAWAcAVAFAC
3304557005150,A1A8BHBWC4CnCDBiBOBFA7AjAeANAHAGAHAAAAAwA4BEBIBKBGBJBFBBBCA9AjAdASALANAKADAB
3304557005151,BEBOBiBWBQBTBLBIBIBDA6AkAdAWANADAFACABBQBPBdBaBbBfBWBQBSBGA7AyAeAaANANAHAEAB
3304557005152,BLBRBjBaBaBSBKA8A8A7AvAsAaAcABASAIACAABRBVBhBdBVBaBOBDBCBIA9A5AhAdAbAVAHADAD
3304557005153,A2BBBLBIBKBLBKA/A/A/A8AwAtAbAWAUAEAEAAAzA/BNBKBKBXBTBNBGBNBIBOBGAiA0ARAYAIAC
3304557005154,A1A6BDBIBLBPBGA6A/BGBJA0AjAlAjANAQAAAAAtA2A/BFBNBRBNBKBGBSBOBLBAA2AlAgAXAKAI
3304557005155,A9BEBUBOBMBQBLBABBBFBNAqAeAaAYALANADAEA9BABNBKBRBYBPBJBMBOBLBEAuAuASAZAPAIAB
3304557005156,BPBSBcBYBYBYBNBFA+A7A3ArAmAVAMAIACACAABWBPBbBcBeBXBPBIBGBFBDAtAgAYAWANAMACAA
3304557005157,BCBFBTBOBRBYBLBABBA+A6AsAtAWAPAQAIACABBDBBBQBPBVBZBPBLBLBHBBA/AsAtAeAVAUAEAB
3304557005158,BFBJBbBVBVBXBPBEBCBAA4AtATAgAZAKAFACABBABLBVBRBVBZBUBLBKBFBLAyApAkAbAQAGAGAB
3304557005159,BBBLBXBTBQBQBOBQBGBEA3AyAjAaASAHAGACABA9BDBSBXBQBWBaBXBOBKBHAyApAWAfAPAKAEAB
3304557005160,BLBdBpBXBKBMBOBOBKA6A4AkAgAXARAGADACAABZBXBkBXBQBVBYBRBLBBA8AnAiARAPAMAIAEAC
3304557005161,A9BHBVBRBOBNBKBDBFBBAvA7AsATAaAMAFACACA9BDBRBPBRBSBWBPBRBJBBBCAoAyATAYAKAIAG
3304557005162,A7BJBXBQBGBPBSBOBKBCA0A5AsASAUALAGABAABBBIBXBPBOBXBcBWBNBLBAA8AhAdAZAOAHAGAH
3304557005163,BCBKBaBSBPBSBOBHBDBCApBAArASAVAGAGABAAA3BHBTBTBQBXBXBTBLBJBLA0AuAeAeASAOACAB
3304557005164,AxA9BMBQBRBNBFBEBEBCA+A2A1AWAVAMAHAEADA6A9BKBQBQBRBQBNBRBQBHBIA8AdAhASAVAGAF
3304557005165,A6BEBVBLBKBQBMBNBNBFAsBDAqAVAPAJAGAFACBCBCBQBSBOBRBYBZBVBOBQA0AvAZAfAJAFAFAE
3304557005166,A1BABNBKBNBNBPBPBMBIA+A1AsASAUAJAMACAAA3A+BKBKBKBVBcBcBVBQBQA8AmArATAaAKADAA
3304557005167,AtA5BIBIBLBSBNBEBDBFBFAzA2AcAaALADAAAAA7A2BFBHBSBdBVBOBMBSBWBDAuAkAkAZAOAIAG
3304557005168,A0BEBMBOBRBOBIBEBCBCBLAtAiAfAaANAHADACA1A+BPBPBMBUBQBHBLBRBJBBA2AmAdAWAcAFAI
3304557005169,A4A9BOBGBOBRBJA+A+BAA8A2A2AaARAQAIAEABArA3BGBJBOBWBPBLBIBOBTBPA5AoAtAcAXAFAG
3304557005170,A9BIBVBUBVBRBNBKBEBABHApAdAgAUAHAFACAAA/BDBVBPBTBWBVBTBMBOBGA+AzAUAVAaAHAEAA
3304557005171,BBBHBWBVBOBQBSBFBHBABBAoAjAWAMAKAGAEACA5BGBVBUBRBYBXBTBMBLBPAxA1AbAWASAOADAD
3304557005172,BHBSBjBgBSBOBJBKBJA+A7AgAgAWASAGAEAAAABEBMBfBaBQBTBaBRBOBEA/AwAiAdAYAPAHAHAA
3304557005173,BNBSBmBcBTBVBTBCBCA8AuAxAeAPAOAGAGACAABHBUBiBZBZBcBXBKBGBFBBAuAgAeAOAOAHADAD
3304557005174,BFBSBjBeBTBMBIBGBIBEA6AiAZAPAUANALACAAA5BLBbBYBTBVBQBPBSBJBBAxAhAoAhAQAEADAC
3304557005175,BNBPBfBUBSBYBTBKBHA9A6AkAcAUAOALABABABBJBKBbBVBYBaBWBUBLBIAyA3AmAfARANAIAHAA
3304557005176,BHBSBoBVBQBZBPBHBCA8AuA0AfASAMAKAJABAABGBMBbBTBVBdBXBNBIBEBNApAiAcAYAQAGADAA
3304557005177,BHBLBfBdBVBUBPBJBAA8AzAtAlAYAPAJAFACABBFBPBZBXBRBXBWBMBFBDA9A3AsAdAZANAIAHAA
3304557005178,BOBZBlBgBVBMBLBHA+A+A3AjAgARAMAHADADAABMBUBkBaBUBVBTBQBJBAA0A9AlAaASANAMACAB
3304557005179,BKBWBmBeBZBVBNBHA+A1AwArAgATANAGAFACACBQBRBlBdBUBUBWBJBJBCA6A2AjAZAUAOAFACAC
3304557005180,BPBYBfBYBTBYBQBLBGA4A3AiAhASAKAHAFACACBGBNBZBaBZBaBaBRBHBAA2AzAsARAWAQAIACAH
3304557005181,BWBdBoBkBUBRBKBJA/A0ApAmAXAYATADACAAAABbBZBkBeBaBYBPBNBHA9A6ApAfAcATAMAFACAC
3304557005182,BWBdBkBbBNBNBLBHBAAyAsAoAdAdASAFACAFACBTBaBlBeBSBTBaBLBDA5A/ArAsAaASAMAEAGAD
3304557005183,BHBUBjBZBPBQBLBLBFA9A7AmAfAWARAIAEACAABKBQBZBaBQBaBXBQBKBGBHApAkAeARAQAFADAC
3304557005184,BJBTBfBbBRBWBQBJBCA3A1AoAgAWAMAKAEACAABEBNBcBaBVBXBaBNBEBFBJAwAmAZAUAMAVAFAA
3304557005185,A+BEBWBVBRBSBNBFBHBBAwA6AYAeAWANAIAAAABABGBXBUBRBUBOBSBNBIBKA2AtAlAVAVAKAFAF
3304557005186,BABJBUBTBOBLBCA9A+A8A7A1AkAsAWAZADAEACBDBFBRBVBNBOBEBGBHBIBRA5A6AiAeAZANAJAC
3304557005187,BaBiBwBbBPBJBIBLBBA3AtApAbAWAPAEADADAABKBiBwBZBOBQBTBPBJA/AvAwAcAYAeANAIAEAA
3304557005188,BOBPBZBUBWBXBSBPBFA/A1AqAkATAJAIAOAAABBFBLBVBUBZBYBYBMBKBAA7AxAhAfAXAOAFAIAG
3304557005189,BRBdBqBWBPBUBVBQBBA7AuAnAXAaASAGAAAHAABGBYBkBcBOBYBgBSBIBAAoAxAjAWARAKALAFAA
3304557005190,BLBWBlBXBNBUBXBRBIA7A2AhAaAQARAIAFAAABBEBOBhBZBVBXBcBWBLBDA2ApApAZAVARADADAA
3304557005191,BJBUBeBUBQBPBUBPBIBCAsAyAiAXAQAFAJADACBQBOBZBXBOBZBaBYBLBAA7AvAiAaATALADACAC
3304557005192,BUBVBZBbB0B6BrBSBBAtAkAdATAKAHADABACAABUBXBVBcBzBzBjBPBGA3ApAhATAPAGADACAEAC
3304557005193,BPBMBQBSByBzBqBQBAA2ArAiAUAPAKAFAEAAAABPBMBSBXBsBwBjBOBFA6AwAsAbAVAQAIAHABAB
3304557005194,BRBOBaBTBfBdBYBKBDA2A1AlAgAOALAIACABAABNBNBbBYBmBjBdBMBJBAA5AtAeAfAPAGAFACAF
3304557005195,BZBbBmBYBiBjBgBJBCA3AtAdAXAPAIAFADAAAABUBZBmBfBlBjBaBIBGA5AvAiAdAVAHAKAHABAB
3304557005196,BQBTBZBVBdBeBXBNBEA3AmAtAcARAMALAHACAABGBOBdBaBfBhBaBPBGA/AvAwAgAfAQANAHAGAC
3304557005197,BWBNBbBRBiBsBnBXBIA5AuAdARAQAFAHAAACABBIBSBbBaBqBoBfBVBIA7A0AdAeATASALAAADAC
3304557005198,BLBTBbBbBZBhBVBOBCA1A4AfAXAbAPAKACABAABXBTBhBYBhBcBWBNBGA/A2AnAXAZARAOAJAHAC
3304557005199,BgBcBeBZBdBhBeBTA/A4AmAmAVAQAGAFAEAAAABUBYBjBaBkBeBhBQBGA6AtAoAeAPAJAJAJAAAA
3304557005200,BNBVBgBXBgBqBjBSBFA3AtAmAXAKAKAGAHAAACBMBNBZBZBgBqBgBRBJA+AvArAYAVALAHAHADAC
3304607001001,BFBKBZBZBGBCBJBIBGBIBJA3AuAlAbAWAKAEADA5BGBUBSBKBEBJBGBFBBBCAxAvAZAWAQAWAJAH
3304706003001,BBBMBWBWBRBRBRBJBKBFA8AzAnAhASAQANAGAEA7BJBMBVBMBPBUBLBDBKA5AsAmAiAZASANAJAC
3304706003002,A5BBBJBNBNBIBKBFBFBIAtBDAwAbAaAYALACAFA0BABJBKBJBMBSBMBRBKBIA4A0AwAjAUAQAKAJ
3304755003001,BIBNBbBdBTBTBPBHBEA+A1A0AmAZAYAHAMAFAABIBPBYBVBVBPBSBPBKBDA5ApAnAdAVAPAEAFAE
3304755003002,BGBOBdBhBSBOBNBFBCBCA4A0AnAbAdAYAFAEACA+BPBbBaBQBJBLBEBEBCAzAyAeAlAeATAHAFAF
3304805003001,BBBHBPBSBRBKBJA+BGA+A/AjAkAhAcAUAHAFAABDA+BLBUBPBQBSBLBPBMA6A6AvAsAnAZAMAGAE
3304805003002,A9BDBSBPBKBMBLBDBNBEBAA6AyAgAiAXANAGAFA0A/BNBOBIBKBJBMBGBHAvBIAvArAYATATAIAE
3304904005001,A6BABQBMBPBTBSBIBHBHA7AyAhAbATANAIACABA4A/BNBNBSBZBYBRBQBPBJA6AwAkAZAUAMAFAD
3304904005002,BBBKBeBQBNBPBVBRBLBBA4ApAiAYAOAIAFADAABABJBbBSBSBZBeBXBTBFA8AyAnAcAVANAJAEAC
3304904005003,A/BHBZBTBQBVBVBMBIBEA5AsAgAYASAJAEACAAA+BFBUBVBYBdBcBUBPBJBDAvAjAhAWANAIAEAB
3304904005004,A0A7BJBGBLBSBUBJBEBFA+A1AoAcAYANAJADABA2A7BGBJBSBYBaBQBMBPBLBBA0ApAhAXAMAJAD
3304904005005,A4BBBQBKBLBRBSBHBCBGA8A2AqAgARAMAHACAAA1A+BOBMBTBVBYBNBNBOBIBAAtAjAgAcANAGAC
3305000003001,BEBEBTBVBYBSBMBGBHBDBCAsAnAdAdARAHABAAA7BFBQBXBPBSBOBEBMBGBAAyAsAsAVAUAIAGAE
3305109005001,BEBNBbBVBRBRBPBIBFBAA6AoAgAVARAIAGACABBCBJBaBWBVBYBVBQBNBJBFAxApAeAXARAJAEAC
3305109005002,BEBMBXBVBPBOBKBEBHBDA4AuAgAXARALAEAFAABDBIBZBYBTBUBWBMBQBIBDA2ArAcAcATAJAFAB
3305109005003,BJBVBiBXBUBQBPBHBEA9A5AkAhATAOAIAEACABBABOBhBWBVBYBYBOBKBFA9AyAqAZAUAQAKAEAD
3305109005004,A8BGBTBRBPBRBNBFBCBCA8AxAoAbAQAJAHACABA+BCBQBPBTBWBVBNBOBKBIA9AuAgAiARAMAGAD
3305109005005,BABLBbBUBQBQBNBIBBA/A7ArAjAYAQAMAFACABBCBIBYBUBTBUBWBOBMBJBGA4AtAfAaASAJAFAD
3305133001001,BAA/BLBNBKBWBLBLBXBMA2A7AlAoAYASALADABA+BEBLBZBMBPBYBRBHBFA8AsAxAeAXASAKAGAE
3305158001001,A/BLBhBaBSBPBOBPBQBCAzA4AqAZAUAHALACABBCBKBbBYBTBUBTBKBLBDAsA4AmAXASASAMACAC
3305208003001,AyBDBPBKBIBKBLBFBKBKA6AzAmAlAcAOANADABA1BCBQBGBIBRBRBKBRBKBGBHAsAyAlATAPAHAE
3305208003002,BFBOBaBZBNBOBVBHBEA/BCAqAqAcAUAOALABABBKBRBYBSBJBUBUBJBHBIA/AsAlAfAWALAKAFAD
3305208003003,BNBfBnBXBVBPBSBKBJBAA4AkAXAaAaAJABABAABNBSBhBdBQBSBVBPBLBEAvAuAkAXARAIAFACAB
3305208003004,BNBSBiBVBRBSBbBQBPA/AtAuAfATAPALAIAFAAA+BOBbBTBQBdBbBPBNBGAyAxAiAbAMARAEACAE
3305307001001,BBBDBOBTBKBNBKBKBKBGBJAyAjAuAVASALALACBGBFBNBHBLBPBQBHBJBFBCA1AhAkAaAWAOAEAH
3305406001001,BFBIBYBRBVBJBRBIBEBHA6A8AnAjARAKAPAFABA/BDBYBNBPBJBKBJBQBJBBAzAwAYAVAVAOAIAB
3305505003001,A/BGBQBYBLBFA+A/BFBFBHA0AzAlAUASASAAACA4A9BTBNBHBHBFBNBKBLBNA+AxApAeAVAPAHAI
3305505003002,BQBBBPBUBXBoBQA3A/A+BBAuAmAcAZAUAIADAEBBBDBPBKBQBbBPBFBHBCA7A6AvAmAZASAJAIAB
3305505003003,BIBOBdBaBTBMBPBBBHBEA7AuApAYAYAKAHADAGA+BOBWBRBQBZBPBEBMBFA1AyAuAfAUANAPAEAE
3305505003004,BBBLBaBZBWBVBOBDBGA/BGArAoAhAWASABACACA9BGBPBUBVBXBPBHBKBEBKArAkAnAWASAFAEAD
3305554003001,BTBUBsBhBOBMBRBLA/BAA4AmAgASARAHAFAGAABGBUBjBbBTBRBUBNBJBBA5AsAbAhARAPAJAEAA
3305554003002,BDBJBfBVBXBVBNBEBJBAA/AwAoAXAcAOABADAAA9BOBYBWBYBRBQBHBJBFAvBEAiAZAbAPALACAC
3305554003003,A7A/BSBbB0BeBKBEA9A8A6AxAtAVAIAJAGAFABA/BEBLBlB0BcBOBJBCBHA+A5AhAXAcAOAIADAB
3305554003004,BNBSBlBeBYBRBKBLBIA8A2AtAdAUAOAKAHAFAABHBOBdBdBVBPBQBNBLBBBDAoAoAYAQARAIADAB
3305604001001,BOBTBqBaBQBVBNBDBGA/A1AvAiAZAYALAMAGABBEBPBfBZBOBXBSBHBDA/A/AiAbAgAYANALABAE
3305703001001,BFBIBTBWBdBXBbBMBOBMBCAwAgAbATAPAHACABBABIBQBbBYBSBQBKBKBAA4AqAhAXATAMANAEAD
3305752003001,BJBOBaBZBTBTBVBQBIA9AwA1AdAeAQALANACABBDBPBcBTBSBWBZBQBIA/A+AmApAcASAHAKAGAB
3305802003001,AxBABUBPBPBKBIBDBCBCA1A3AxAXAgASAEAFAAA5BBBNBUBLBSBUBNBNBQBNA1AtArAaAeATAFAE
3305802003002,BJBTBkBZBiBRBNBHBEA7AuArAbAUAVAIAGAAACBEBJBcBWBjBaBQBIBGBDA8AuAqAhAaALAGAFAD
3305802003003,AwA9BNBQBXBHBHA+BFBABNAmAxAeAcAMAJAHABAwA9BSBNBYBQBQBKBUBPBKA2A2AlAnAVATAGAD
3305802003004,A7BGBUBLBLBKBPBIBFA4A7AnAlAeAbADAPAGAAA6BJBWBKBRBXBdBMBJBIBHA8ApAtAlAVAPACAH
3305802003005,BGBVBfBUBTBOBQBOBLBDA4AxAeAaARAJAMACACBFBQBkBZBSBSBTBPBKBEA5AnAeAYAVALAIACAB
3305802003006,A1A+BKBEBGBIBIA5A+BDA3A2AiAkAaAaAPAAAFAzA4BGBIBNBSBTBFBQBOBFBIBEApA3AeAZAKAE
3305802003007,A7BGBWBMBQBOBHBEBJBCA+A1AuAdALAQAKABAHA+BABPBTBOBLBTBRBRBLBEA/A5AcAiASAKADAA
3305802003008,BBBQBZBVBPBPBRBGBFA8A9AlAmATAUANAJADAABABMBbBWBQBUBWBSBUBGBFAqAqAjAYAKAMAFAB
3305802003009,A8BFBZBYBLBDBEBFBFA/A8AoAsAjAUAMAJAFABA7BKBOBYBSBOBKBRBWBJA9A2AwAiAbAaATAHAJ
3305901001001,BEBEBTBWBMBPBPBFBQBKA4A7ArAhAlAMAMADADA7BIBUBNBMBLBABHBLBGA9ArAoAlAdAWAMAJAB
3306008003001,A8A+BHBKBNBMBHA/BCBFA+A1AgAqAXAMAMADADA7A6BQBMBLBTBNBMBNBPBTA5AyArAkARAZAQAC
3306008003002,BIBMBaBTBRBMBRBFBOA+BAAmA0APAaANAGACADBIBMBVBTBTBUBPBLBJBCA3A2ApAcAeANAHAGAD
3306008003003,BCBCBNBNBQBPBIA/BFBGA9A4AlAeASAMAKACAABDA8BMBNBZBQBQBHBJBRBIBGAuAlAWAXASAHAE
3306008003004,BGBLBZBYBRBSBNBEBGBAAyAwAjAWAPAQAGAAAABFBLBYBaBVBXBVBNBPBFA5A5ArAgAVAOAKADAB
3306107003001,A9A/BTBNBQBMBKBAA/A/A+AvAqAeAgARAMABABA1BBBKBQBTBPBKBJBKBMBBBFA5ApAfAXAUAGAJ
3306107003002,AwA7BPBNBNBJBAA6A/BHBAAvAvAbAZAUALAFACAyA9BKBMBWBLBLBKBLBZBPA9A1ArAnAcAYAQAH
3306107003003,BCBUBfBYBNBMBJBDBIBCA+AxA0AbAWANAKAFABBDBMBaBTBMBLBKBFBFBFBAAxApAaAZARAQAEAF
3306156001001,BPBbBSBRBYBdBRBKBIBAA6AmAdAaAaALAFADADBVBUBVBTBfBPBTBFBIA9A1AnAgAXAPARAIAHAE
3306206003001,BEBTBbBZBOBMBKBEBIBAA1AzAsAeASANADADACBEBRBiBVBSBWBMBIBJBHA4AzAhAbAXAWAOACAC
3306206003002,A8A9BNBTBdBPBIA+A6A/A1AyAlAZAQAZAJAFABA1A9BHBMBhBYBLBLBQBNBIA9A4AnAbAZASANAK
3306305005001,A4A3BEBHBSBTBBA0A9BNBKA7AsAbARAVAOAEABAyA0BDBGBVBUBOBABLBdBUBLA2ApAhAeARALAF
3306305005002,AjAqA4BCBQBTBBA1A3BFBSA8AzAeAVAZAaAKAEAkAoA4BBBMBUBHA5BHBeBnBRA/AwAwArAlANAE
3306305005003,A5BBBQBVBUBTBHBDBGBKBEA0AgAcAQANAGAEABBABCBPBZBWBSBUBRBRBTBDBBAvAYAXALAFAEAD
3306305005004,A8BDBSBVBSBHBHBKBSBSBWArAiAYARAHACADAAAzA8BOBSBLBQBRBbBcBdBOAyAoAYAXAPAKADAD
3306305005005,BBBJBYBPBTBYBNA8A8BGA+A8AlAOAOAOAGADADBCBFBQBUBXBdBTBGBKBTBMA+AtAcAXAIAIAEAB
3306305005006,AnAyBDBJBOBQBLA9BBBOBPA7AwAaAWAXAJAIADAmAtA7A/BRBYBRBFBTBXBXBTA3A0AgAXAWAGAE
3306305005007,BHBNBYBWBUBbBVBIBBA9A2AxAmAVAPAJADABABBEBLBZBYBbBfBYBOBHBEBAAxAiAbAZAHAJABAA
3306305005008,BCBFBUBPBTBVBRBCBGBEBCA1AqAQARAIADADABBDBBBSBNBSBbBaBNBMBPBQA8AqAbAWALAGAFAB
3306305005009,BJBVBjBWBQBWBTBJBDA5A0AyAhATAGAQAFABABBLBOBdBaBWBbBZBNBBBCA4A8AnAaASAKAEABAC
3306305005010,A6A+BKBOBTBXBMBDBCBKBGA3ArAXAVALAHACACA5A6BEBPBVBbBSBGBQBVBUA/AmAkAWAUAPAHAE
3500105003001,A0A3BIBNBPBNBOBBBQBKBKArAlAlAXAVAOACABAuA5A/BMBYBNBUBRBUBQBJA5A+AdAfAaASAFAB
3500105003002,AyA9BDBUBQBIBCBDBFBFBFAxA1AjAhAYAPAHACA2A1A+BMBRBIBBBGBLBPA+BKA1AoAqApATAFAE
3500204001001,A6BLBKBHBRBHBEBJBFBOBEBAAvAqAcATAMAGABAxA3BFBPBRBLBCBFBQBJBMA5A7AdAeAYANADAH
3500303003001,BKBHBXBcBfBgBTBEBDBBA3AxAiAVATAIAQAFADBEBIBPBVBVBaBKBHBEA+AzA4AsAcASARAKAJAD
3500402001001,A1A7BHBRBQBHBBBGBFBGBCA/AtAnAkAcAPAFACA3A7A/BJBMBJBDBFBEBQBGA4AxAtAnAiAUAOAC
3500501001001,A8BCBRBKBQBVBQBIBFBCA4A0ApAeAYAYAOAFACA5A8BKBPBNBWBTBKBPBFA9A8AuAkAcAXAUAIAD
3500550001001,BLBHBZBTBGBLBDBKBJA7A/A4AqAiATAVAMAHABA/BCBeBMBKBOBLBKBFBIA0A9A0AhAhARAKAHAC
3500600001001,AtAyBCBJA3BBBIBCA7BAAtA5BGAoAsATATARAEAzAzBCBLA3A/BCBEBTBRA9BLA9BCA3ApAVASAL
3500709003001,BNBRBrBoBZBbBQBSBAA7AuAuAbAZALAMADACACBNBVBjBdBdBYBWBOBBA1AxAoAhAOARALAEAFAC
3500709003002,A6BABLBSBYBTBRBFBGBDArBHAmAdAeALAMACACA7A5BHBSBXBVBRBNBJBJBPAvAtAlAYAXAOAKAD
3500758001001,BHBNBgBdBaBXBTA8BAA4AxA1AnAlAXAKAIAEAHBIBYBhBNBVBgBMBFA9A4A/ArAiAWAWAQALAFAB
3500808001001,AvBDBIBUBTA+BEBOBIBHA2A/AkBFAjAWATAJAHAzA0A8BCBLBDBGBBBHBIBEA6A5AuAvAZAQAHAI
3500907001001,BZBNBeBZBqBuBlBRBLBCAoAvAfAdAWAIAIADAABCBFBKBZBLBbBKBDBGA3A6AVAoAbANAYAIACAC
3501004001001,A5BEBXBTBTBYBPBBBDBAA4A6AwAoAaAQAIAEADA7BCBRBUBRBTBQBDBGBDBBA0AqAdAdAYAMAGAE
3501103001001,A2A2BHBQBTBVBHBLBABFA7BJAzAxAqAaAQAFACA3A3A/BBBTBDA9A7BCBNBDA1A+AwAoAdAPADAD
3501152001001,BKBWBcBXBdBaBcBSBLBBArAsAbAYATAIAHABAABIBUBaBWBUBeBWBRBJA5ArAtAhAWAUALAGADAA
3501202001001,ArAuBKBHBBBBA4BHBXBMBNBHBNAyAzAYANAEADAoA0A+BGBAA+A8BFBUBSBBBFA2A3AoAVAOAKAC
3501301001001,A4BJBXBcBYBLBIBJBKBEAzAyAnAjAXAQAKAFADBABLBQBUBSBKBMBMBMBDA/AyA0AaAXAVAKALAC
3501400001001,A1AxBEBACrD/C9B2BFA1AuAqAfAZAOAJAGAGADA8A7BDAyBAA3A5AwAuArApAlAcAYAQASAIAGAA
3501509001001,BBBNBeBbBVBHBXBCBHA9AxAyAyAYALARAOAAACBVBEBjBNBQBSBZBCA7A7A4AxAfAuAaAPAPAKAA
3501608005001,AnAjAwA6BLBNBLBBA9BLBMA4AtAmAlAYAWAHAEAjAnAwA8BLBTBNBIBNBOBJBOAvA4AyA7AgAdAP
3501608005002,A6A9BMBMBSBdBWBNBNBABEAxAsAdAdAIAJAEABA2A+BHBNBOBYBVBLBMBEBJA/A1AdAbARAIADAB
3501608005003,BDBLBiBXBdBWBNBOBUBEA+AuAmATAYAFAFADACBCBMBSBSBMBSBYBSBTBDAvA2AsASAVAEAHADAC
3501608005004,A9A9BCBHBWBfBiBXBNBFA5A0AlAcASALAIAFAAA5A5BCBGBUBkBiBSBKBKA+AxApAdAdAPANAIAD
3501608005005,A1A7BDBIBZBmBcBNBIBIBIAzAsAXAVAQAFAEACAyA6A+BHBUBfBcBNBKBNBJA6AqAZAgARAMAFAC
3501608005006,A9BDBWBaBfBZBKBPBUBTBCAqAbATAMAGAEACAAA6BEBPBYBdBVBPBUBcBYA/AwAcAVAPALALADAB
3501608005007,AvA1A6BFBVBZBQBKBKBMA+A2AqAjAfATAPAAACAuAwA2BFBSBeBXBNBRBMBGA8AuAuAsAWAYAIAC
3501608005008,ArAuA6BJBZBSBMBABHBNBPA5AxAcAhAWAJAEADAnA0A2A/BOBVBQBLBQBXBLBFA2AoAvAYAYAIAB
3501608005009,AxAoAwBCBUBZBOBEBABHA6BFAyAjAXAcANADAEAqApAzA+BNBgBUBGBNBQBMBKA3A1AvAeAaAPAC
3501608005010,A7A/BOBXBbBdBLBNBNBMBBAxAfARASAOAJACABBABABKBUBUBUBWBRBRBQBKAsAoAcATARAMACAB
3501707003001,BXBTBZBVBqBmBlBZBOA3ArAkASAPANAFABABAABPBMBhBaBoBmBfBMBKA6AwAcAaAUAJAEAFABAB
3501707003002,A/BIBVBYBmBhBZBPBLBBAvAxAhAVASAMAFAEABBGBFBXBeBXBcBYBOBNA9A2ApAkAWAQANAHACAD
3501806001001,A0BABRBJBOBGBGBABFBNBFA9AsA2AfAbAKAHACA4A5BLBGBPBHBNA9BMBLA5BFA5AqAoANAOAHAE
3501905003001,A4BHBMBVBdBgBRBLBIBFA4AyAgAqAUANAIAAADA6BHBMBRBVBfBUBOBEBDA7A1AoAeANAPATAGAD
3501905003002,BABEBQBTBgBhBaBYBNBFA1AxAZAaATAMAFADACA6A+BNBPBaBfBRBRBOBGBOAeAdAhAOAUAMAFAC
3501905003003,AuA3BABNBRBTBKBHBDBCBAA7AvAgAoAQANAFAGAvA0BABHBOBVBKBJBGBMBGBAAtAyAlAeAQAXAI
3502002001001,BHBGBQBkBPBhBCBLBEBGBBApAxAWArARAHADACBIBLBMBFBZBOBLBIA7A+BCAoAlArAcANALAIAA
3502101003001,A8BBBLBSBTBNBUBLBVBKA9AyAwAaAUALAPAEAFBCBBBTBTBOBIBUBSBLBLA+AxAmAhAcAKAIADAD
3502101003002,AtA6A/BMBTBKBJBDBFBBBGAtA5AkAcASAIAIAGAwA3A/BFBNBMBNBMBMBVBMBAAxA5ApAZAbAJAB
3502101003003,A6A9BOBLBYBfBZBQBFBGA6AtArAjAXARAJADAAA4A9BLBLBMBMBPBMBIBIA8BBAqAkAjAZANAFAE
3502200001001,BIBMBaBYBTBTBMBHBKBIBBAvAhAaAZAPANACADBGBNBTBYBTBMBKBLBHBDA9AsAwAcAPAKANAEAB
3502309001001,BQBVBkBYBNBKBVBNBJBAA1AzAoAgAVAPAJACACBRBRBYBVBGBPBMBGBBA8A4AtAsAQAXAQAMADAB
3502408001001,A7BOBZBZBZBSBGA/BHBLAyAzAnAfAeAPALADADA/BEBWBRBQBHBQBJBSA/A9AxAsAfAjAKALAMAD
3502507003001,BDA/BJBWBUBgBMBJBCA+AxA0AoAcAOAJANAEACA9A+BCBYBgBVBHBNBMBPBOAvArAdAiAUATAGAC
3502507003002,A8BIBTBXBZBVBMBKBIA+A+AuApAUASAKAHAEACA6BDBQBWBZBVBSBKBOBJBDA2AnAiAUAUANAHAE
3502606001001,AwA8BKBPBHA6BEBBBKBHBDBBA0AqAnAPAPAGAJAzA9BQBJBEA2BFBMBUBHBABMAwAvA0AVAVAHAA
3502705001001,BHBZBvBmBIBOBIBGA+A8A2AtAiAcAXALAIAFADBDBUBsBgBPBNBKBOBCA+AxAuAkAYAYAPAJAEAD
3502754001001,BYBaBkBcBiBaBXBNBAA8AzAkAeAUATAIAFACAABUBWBeBdBfBZBTBNBCA2AvAjAaASAOAJAFAEAB
3502804003001,BRBLBcBbBPBWBcBYBWBFA+AfAfAUAKAGADAAAFBABOBWBTBRBhBjBbBRBDAyAlAXAVAPAKAFADAC
3502804003002,A8A3BGBGBUBfBbBTBFA9A/AsAhAfAQAOALAAADA0A2BHBDBPBaBcBXBNBLBBBHA3AmAbAhALACAA
3502804003003,BEBJBaBQBNBYBbBYBTBEAuAmAWATAMAGAHADAABFBNBSBVBWBgBkBlBWBHA7AsAcASAUAKAEAEAB
3502804003004,AyAuA6BGBNBQBCBCBMBJBRAzA6AcATAYARAGACAwAtA2BGBRBUBJBKBSBVBTBIBAArAmAVARAJAL
3502804003005,A6A8BLBOBZBXBPBFBFBFA+A1ApAfAZANAJAFAABBBEBMBIBSBVBPBHBOBJBHA2A2AhAdAWAIAGAC
3502804003006,A4BCBVBNBWBVBWBQBPBKBHAzAsAZAVAPAGACAABCA+BHBNBSBTBXBRBUBPA/A4AkAYARAOADAGAA
3502804003007,A6BEBXBKBPBPBNBMBGBJA9A0AmAZATAKAJAEAAA+A/BVBXBSBUBUBOBJBQBGA6AwAcAbAOAJAHAC
3502804003008,AzA0BCBNBHBLBLBIBYBJA+A9AqAaAaATARAFACAwAxA9BEBFBWBRBSBYBUBGBIBAAfAoAVANAMAA
3502804003009,AyA+BJBJBfBTBQBLBRBOBMAuAmASAPAWAFAGADAxA3BGBOBYBaBNBJBVBYBGBEAzAXAVAMATABAD
3502804003010,AuAyBFBHBYBUBNBIA+BFA/A0AsAbAbAWAMAEAGA0AzA+BGBXBXBMBEBJBRBTA8A+ApAkAoATAFAE
3502804003011,ArArA4BABEBGBGBBBEBKBKA3AsAxAjAhASADADAlAoAyA7BGBLBMBLBMBVBOBGBFA2A7ArAbAOAI
3502903003001,BCBGBaBWBPBOBKBMBHBDA8A0AtAZAXAWAIADABA/BHBYBRBOBNBRBMBKBDBEAvAxAdAXAPAJAGAB
3503000001001,A5A/BMBaBZBRA+BJBFBMBEAvApApAZAZAQAGABA3A9BMBPBVBXBQBABOBQAtBDAoAfAcAUAKAHAD
3503109001001,BCBIBfBlBYBJBVBGBBBDA5A1ApAcAgAHAFACACBCBKBgBeBNBOBRBHA8A+A7AzAiAjAaAHAOACAE
3503158001001,BfBLBYBbBNBCA7BBBMBOA+AtAiAmAPAcAHAFACA1BLBaBXBQBLBEBGBMBSAzAvAkAeAaASAMAIAJ
3503208005001,A7AzA9BJBaBWBZBFBCBFBIAtApAbAhAQANAFAAAsAvA9BDBWBhBTBMBKBVBBBAA2ApAeAVAUAJAM
3503208005002,BNBIBRBVBVBbBlBRBNBHAwAiAbAMAHACACAFAABFBFBWBQBYBlBrBfBYBTAzAuAiAUAKAHAFADAA
3503208005003,AkAjA1A/BiBXBIA5A9BBBDA7AwArAkAiAUAGACAjAjAxBGBnBWBDA9BHBJBGBEA9A1AyAwAnALAJ
3503208005004,AbAfAmA3BcBSA9A1AzA+A/A1AlAyAoAqAWAMAAAeAdAlBDB3BLBAA5A5BNBWBFA+BJAxBOAzAhAR
3503208005005,AnAsAyBBBNBVBAA9A9BHBRAvAzA0AkAZALAIADAjAjA1BBBJBNBKBEBKBXBOBWBCA9AoApAhAOAL
3503208005006,A3AuA8BNBWBXBbBEBIBFBNA4AuAhARADAVADADAzAwA5BIBKBeBUBLBJBYBaA1AzAiAQAiAYAEAJ
3503208005007,BEBJBVBWBXBcBgBJBKBFA9AnAgAPAQAEAJADAABCBKBMBSBbBhBdBPBOBHBCA0AoATARAFAGAFAC
3503208005008,BMBRBfBgBiBbBSBPBJA+A7AhAdASAKAJAFABAABMBFBZBbBfBcBTBNBLBHBAAjAkASANALAFADAA
3503208005009,AnAxA9BABOBWBNBCBBBHA+A1AwAjAWAiARAEAAArAyA5BFBQBVBRBEBKBTBNBFA7AsA1AUAcAVAI
3503208005010,AyArA8A/BVBWBMBFBFBCA6A6A+AbAaALARAJAAAsAuA0BEBZBYBUBIBLBPBMBFBFAmAgAeAiAMAH
3503208005011,A8A9BHBKBaBaBRBEBEBDBBA0ApAUAbANAHAIAAA0A2BIBNBSBgBWBMBPBNBLBBA+AfAbALALADAA
3503208005012,BOBPBcBRBaBgBiBaBIA1A5AdAVANANAIABADAABPBMBaBYBfBnBrBUBMA/A0AkAaAVAIALACADAD
3503208005013,BHBKBYBdBXBWBSBSBKA/A1ApAXAYAJAHAEACAABDBMBaBjBUBYBbBUBPBGBFApAhAWATAKAIADAA
3503208005014,A8A5BCBFBKBZBfBRBGBPA6A+AZAaASAMANAAADA6A7BBBCBXBkBmBZBSBQBNA2AfAlAUASAMAFAC
3503208005015,BBBDBKBUB0B8BtBZBSBJBIAnAtAVALAMAGACABA2BEBJBIBJBOBUBPBFA8BAAlAgAYAOAMAIAFAB
3503307003001,ArAsA4BGBYBYBLA+BEBKBEBIA7AmAgATAJACADApAmA0BDBQBTBNBIBIBVBYA9AuArApAiAgANAF
3503307003002,BNBUBqBkBmBmBZBNBHA+AyAdAVAMAFAMADAAAABZBPBiBsBiBgBVBMBHA/A4AXAXAPAHAIABAAAA
3503307003003,BEBJBWBaBdBYBYBVBJBCA7AqAmATAGAKABADAABFBGBUBSBWBdBbBVBOBFBGAqAeAVAOASAGAAAE
3503307003004,A+BBBUBdBgBgBRBKBKBIA8AxAcAXARASADAGAAA8BBBOBXBiBdBPBIBQBGBEAyAcAcASAKAKADAB
3503307003005,A2A2BBBJBXBhBUBJBHBJBEAxAlAmAeAWANAEAAAxA0BCBJBWBbBHBFBEBFBIAyA1AuAoAdAOABAE
3503307003006,A9BGBUBTBZBfBjBTBLBCAyAvAhAbATALAIAAAAA/BFBNBQBaBhBdBTBJBAAsA6AlAXAYAMAJAEAA
3503307003007,AuAsA6BEBQBQBFBBBFBLBIA+A6AjAeATANAIADAnAqA2BBBQBWBKBMBFBRBNBEA7AvApAmAdAPAF
3503356001001,A2A+BGBgBEBCBHBKBEBGBOAzAzA0AgAaAQAFAAA3A0BLBMBTBSBGA+BTA7BBA6AsAzAcAXAOAKAD
3503406001001,A/BABLBLBMBFBEA+BGBOBPAzA6AuAhAaAPAHAEA1BBBLBNBIBFBEBBBGBGA7A7A3AkAeAdAWAGAB
3503505001001,BIBPBfBiBQBHBJBHBEBGBGAmAYAYAcANALADADBLBcBlBaBJBHBSBHBIA2A9AgArAhARAQANAKAD
3503604001001,BHBYBhBfBuBeBTBRBNA+A0AgAcAYAQAJAIAEAABHBUBZBaBiBUBKBRBCA6AwAmAXAYAVAPADACAC
3503703001001,BIBFBRBNBgBiBWBNBIBAA+AtArAZATARANACAEBBA+BHBHBbBSBNBQBFA+A8AyAnAbATAcAOAJAC
3503802003001,BLBTBfBeBnBmBVBSBHA8AzAhAdAaAQAJADADABBJBRBbBYBcBhBZBPBFA5AuAmAWAXAJAOAIADAA
3503802003002,A7BEBOBQBaBeBTBNBHBFA1AxAiAbAeANADABACA/BCBPBJBbBiBWBPBNBIA9AvAjAgAbALAPAEAE
3503901003001,BKBPBhBXBZBhBVBFBEA2A4ApAdAWAJALAEACAABBBWBcBVBWBoBVBSBGBFA4AwAiAWATAGAGACAH
3503901003002,BIBQBdBfBZBRBPBJBMBDA5AtAjAXAMAKADABAABHBPBWBVBVBUBUBTBMBIA/ArAeAUALAOAMAGAC
3503901003003,BLBVBnBeBbBVBXBKBIA4AuA1AVASALAEAHADABBHBWBhBYBXBfBdBQBIBAA7AqAiARAHALAIADAB
3503950001001,AlBCBIBRBRBDA9BGBdBOBJA1AvA2AiAPALAJAAA8A2BGBWBMA3A4BOBWBLA8BAA6AlAgAaATAAAF
3504008003001,A5A4BHBRB/CCBoBTBLBKBHAtAtAQAeAIAGAAABArAxBFBHBJBIBJBBBNBMA9A/AtAcATALATAGAA
3504008003002,BHBGBTBSBXBTBNBLBEA+A5AoAjAbASANAJAEAEBIBFBQBYBiBYBPBNBLBEBDAuAlAkAPAQAMAOAB
3504008003003,A6A7BFBMBIBNBQBJBHBDBBA3AqAjAWAWAFABABA4A5BDBBBQBXBaBOBQBRA/BJAsApAhAbASAGAF
3504008003004,A4A4BDBQBZBNBJBCBBBEA2A5AmAhAcAVAOADADA1A3A7BJBaBOBUBJBMBMBGBAAxAtAkAhATALAI
3504107003001,A9A8BNBRBYBcBRBKBCBAA9AuAbAfAXAOAHAFABA0BABMBHBTBYBcBSBPBMBEA5AkA0AhAUAHAGAA
3504107003002,AuA3BDBHBNBOBIBCBGBDA8AtAxAUAeASALALADA3A1BBBCBKBZBXBMBRBVBJA2AxAyAlArAdAOAD
3504107003003,A7BEBWBOBPBJBPBNBFBGA+A0A4AfAPAXAEADAAA7BCBFBJBJBQBVBRBNBPBABAAzAXAcAYAPAEAB
3504107003004,AtA2BFBHBOBBA/A/BGBHBHAyAeAwAwASAQAAABAxAuBGBFBIBHBMBRBQBWBNA7A4A4AhAhAXAXAK
3504107003005,A+BKBcBVBLBJBRBQBNBNA6A3AjAaAnAQAGAEAAA8BGBRBOBKBPBSBOBPBDBKAhAqArAOAPAHAHAB
3504107003006,BMBYBaBdBfBZBcBPA/A+A9AmAoAXAWALADADACBFBQBXBXBWBYBQBJA+A+A2AlAjAVAOAOAQADAD
3504107003007,BNBTBfBWBjBhBUBMBAA7AyApAeAVAOAJAEABABBGBQBaBUBdBfBWBNBHBAA3AqAdAXASAPANADAA
3504206001001,AxBABIBaBbBLBLBFBPBJA7A0AvAgAbAZAMAGADA3A5BBBVBNBPBQBNBMBJBDAwA0AiAZAYAPAJAC
3504305001001,BOBMBnBmBWBFBLBGA+BFA6AxAsAdAQAKAGAFAEA8BIBTBlBQBKBJBJBJBAA7AuAmAYAdAPAOAFAE
3504404001001,BPBEBRBaCgCJBkBQBMA+A2AlAYAYAQAIAGABABBCBEBTBSBRBJA9BEA/A3AwAnAnAXATAMAKAEAB
3504503003001,BJBGBRBUBdBOBOBEBAA5AxAvAmAcAUAXADAEABBLBEBPBWBfBYBQBHBBBCBBA0AgAxAbAQAKAKAF
3504503003002,BMBVBYBTBUBdBfBQBGA8A5AgAUAZAWAMABACAABDBMBcBRBYBfBfBSBKBBBGAgAlAcAOAIAKACAD
3504503003003,BABHBOBWB8BpBbBNBGBHA1AzAlAZAYALAJABABA8BBBJBLBSBTBNBGBCBCBGAqAoAcAZANALACAD
3504503003004,A/BDBJBRBOBVBWBLBBA8A2A4AjAgAYAQAOAHAAA8A/BKBOBQBNBVBJBEBGBFA7ArAqAiAXASAMAD
3504602001001,A7BCBTBTBSBOBZBRBQBHA7AuAcAhAXARANABAAA/A/BPBKBNBXBZBdBOBDBCAwApAdAXAOAIAGAD
3504701001001,AYAVAdAnEiGNFLC0BiBGAoAkAQALAVAKAHADAAATAbAZAYAkAmAXAaAbATAgAVALAZAIAFAHAFAC
3504800001001,A0A0BHBMBPBSBLBGBOBOA4BBAgAqAhANAWAFAAA0A1BEBFBJBPBVBNBMBPBHAxA2AnAqAQAXAKAD
3504909001001,BJBJBWBWBNBQBQBBBGBAA5AqAkAkAYATANAHABA+BHBbBRBLBKBOBMBDBEBLAmAoAmASAfAQAJAE
3505005001001,BHBWBbBXBNA6BGA+A8BGBLA8AoAaAtAXAMAHADBEBMBbBKBJBABQA+BABGA8AxAoA1AXATAKACAC
3505104001001,BKBJBhBdBcBLBPBFBFBAA+ArAmAdATAQALAEABBFBPBdBQBNBGBJBBBLBHAzAyAqAhAaAPANAGAD
3505203003001,AyA6BFBFBPBOBDA+BEBSBJA1AvAtAdAkAOAEABAuA0BGBFBEBLBFA+BHBJBMBGAvAtAjAiAgALAI
3505203003002,BLBRBbBWBdBbBRBLBEA/A3AvAsATAQALALAFAABIBKBWBNBRBTBNBHBBBCA7ApApAYAaAXAMAIAE
3505302003001,AyAxA7BFBKBQBOBEBJBNBDAsAvAoAfAaAMAIACAoAzA9BDBJBVBLBHBTBOBVAyA4AxAzAgATAOAI
3505302003002,A4BBBJBUBYBVBZBPBQBOA6A4AlAaAOAKAGAEADAzA6BNBOBRBVBYBZBTBNA+A3AoAZAXARANAEAC
3505351001001,BQBUB9BlBQBQBLBNBCBCAtA2AkAhAWASAHAGABBRBaBkBUBIBMBFBGA6AxA1AiAZAfAXARADAFAD
3505401001001,BbBoByBdBJA9BABBA+A4A2A2A1ApAgARAHAEADBKBUBzBcBBBDBIA9AzA3AxAvAhAcAZAQAKAEAD
3505500003001,A+BPBSBVBeBbBPBIBLBFA9AiAuANAXAJADAJACA/BHBMBQBVBgBXBPBIBMA5AvAoAYAcALAKAFAD
3505500003002,BIBMBTBbBgBeBTBJBGBHA1AuAbAfARAGAEABABBDBFBQBVBkBdBPBPBOBLBCAoAZAdAVAJAIACAC
3505500003003,AnAqA4BFBRBIBFA7A9BFA6BBA2AcAlAaAdAHADAlAmA4BHBCBJBHBLBDBNBRBIBHBBA7AzAbAJAL
3505500003004,BGBDBJBUBWBRBVBIBIBEA7AtAbAiAcAFAHAAAAA9A3BCBHBaBbBaBUBLBOBDA9AyAnAfANANACAA
3505500003005,A1A7BJBRBUBRBQBCBFBDA5AzAlAjAhAQAJAHADA7A4BEBOBWBVBPBJBLBHBKAxA5ApAkAYASAHAD
3505500003006,A7BCBMBMBZBgBRBGA9A8A4AuAkAeAUAQAFAFACBAA/BIBNBWBbBZBNBHBLBOAzAtAjAfAUARAGAC
3505609003001,BSBYBcBdBsBvBfBOBEA6A0AaAVAHAJAFAEADACBZBTBfBdBrBzBXBJBEA4A2AYATAQAJAGAAAFAA
3505609003002,BOBRBYBaBpBmBUBPBEA5A4AhAXAZAYADALABABBLBNBaBYBgBaBbBLBAA6AoApAkAVAPANAOACAD
3505708005001,A1A+BTBMBfBdBSBIBFA/A9AqArAUAUAHAIAGAEA/A7BRBNBZBdBZBVBJBLBBA4AtAbAYAWAMADAD
3505708005002,BQBQBkBVBcBiBXBNBKA6AzApAgAMAFAFACAAAABLBPBbBTBdBnBbBUBIBEArA7AjAOALAKACAEAC
3505708005003,BOBXBhBaBlBhBTBMBJA+AlA6AdAHAGAEAAACAABTBRBaBdBgBoBZBYBMBFA8AgAVAIALAAAHABAE
3505708005004,BTBQBhBeBhBdBSBKBJA5AyAgALAMAGAFABABAABIBSBnBlBgBiBdBdBUBJAvAwAjALAKABADAAAA
3505708005005,BUBYBoBcBjBpBUBPBHA0A5AUAUAOAHACAAABAABKBXBkBkBoBlBhBWBMA9AvAiAVAJAJAIADADAB
3505708005006,BRBZBkBdBoBiBXBKBAA5AuAkAbAKAGAFACABAABGBQBiBfBmBlBgBRBMA/A5AjAVAMANAKAEACAD
3505708005007,BGBLBeBaBgBZBRBJBFA/A0AlAeAOARAJADAAAABOBEBUBaBcBmBcBRBTBFA1AwAiAZAPAPAEADAB
3505708005008,BRBMBaBZBmBjBSBIBHA9AyAtAbAOAHAHADADACBKBPBWBYBjBiBWBTBOBFA5AoAbAUAOAIAFAEAE
3505708005009,BKBOBmBWBhBgBkBVBJA3AlApAVAOAMAHAGAAACBNBQBdBVBiBlBjBZBLBAAqAnAcATAOAHACAEAC
3505708005010,BHBQBdBdBmBkBbBLBJA1AsAmAZAMAKAHABAAACBJBLBcBgBnBrBdBWBOBAAsAyAdASAGAIAGABAC
3505708005011,BLBRBcBSBcBgBmBUBMA6AyAdAWAPALAEACAEAABMBMBfBWBgBqBqBWBPBBAiA2AUAWAIAJADACAC
3505708005012,AxAtA2A1BBBZBbBEBDBJBJA+BKAfARATAEAJABAwAyA4A2BMBhBpBZBSBSA+BWA7AcAXAVAPAVAE
3505708005013,BXBVBiBkBiBgBRBIBIA9AvAjAUALAHAEABABAABMBSBkBlBmBjBbBTBOBGAwAhAcALAMAGACACAB
3505807001001,BGBHBQBVBUBQBNBIBMBIA5AvAtAXARAMAFAFACBFBHBSBWBRBNBIBLBOBJA6A7AoAgATASARAKAC
3505906003001,BMBOBiBiBbBeBXBMBIBDA2AxAjAVALAKAHACAABHBQBcBgBWBTBSBMBHA9AwAvAYAXAUAJAHABAA
3505906003002,A3A7BCBKBUBVBMBAA+A/A1A/AxAkAcARATALACAtA3A+BOBQBVBMA7BEBGBEBHAzAtAsAdAdAMAJ
3505906003003,A8A/BOBSBUBVBRBDBHBFBBA0AlAbAZALAJADAAA7BCBKBTBWBWBSBIBNBLA+BAAwAeAXATANAHAF
3506003005001,AiAnAtA8BFBUBKA5A9A/A+AvApAnAnAmAhAEAGAeAoAtA8BMBZBJBDBCBMBPBJBEA0A9A+A0AYAO
3506003005002,A9A9BFBEBYBnBeBRBCA+A/AnAjAcAOAJAKABAAA0A4BFBDBdBrBiBQBKBHBJA7AvAhAfARARAEAB
3506003005003,AyA7A+BJBSBTBQBBBFBHA4A2AvAkAPAdAHAGACAwA5BFBDBNBbBSBOBPBKBBBCAwAvAnAfARAIAJ
3506003005004,AoAnAwA7BWBfBWBCA6BEBCAtAyAdAkAZAPAIADApAnAvA+BlBqBYBOBDBTBFBBA5A4AvAlAXAGAH
3506003005005,A8BGBNBPBWBWBVBNBGBGBAAvAlASAPAPAEACAAA4BABLBPBTBkBYBPBRBPBRA1AbAmASAVALAEAB
3506003005006,BFBMBYBcBfBSBQBPBPBMAuArAaAUAOAIACABACA+BMBYBXBbBXBWBQBcBUA5ArAiATAOANACAGAB
3506003005007,BDBHBaBWBWBTBXBFBBA+A2AuAhAWASAMAKACABA+BGBQBSBUBbBbBOBJBJA+A2AoAbAZATAQAGAC
3506003005008,BEBLBcBfBcBVBNBGBBA+BAAjAZAeATAIAEACABBDBQBXBVBbBYBUBHBIBHBDAzArAXAXAMAOACAD
3506003005009,BKBUBbBYBUBUBOBFBDA5A0ApAiATAUAPAFADABBLBNBXBVBXBZBVBHBFBCA5AwArAfASAUAOAIAE
3506003005010,AwAzBABKCNCPBqBVBIBAA2AyAZAmAbASAOACACArAzA8A/BIBKBFBAA/BDA7A4AyAnAfAXASAMAI
3506003005011,A+BDBIBRBSBUBLBBBIA8A5A3AuAaAZAVAOAEABA4A5BKBLBQBTBRBLBHBFA8BDAwAzAlAUASAGAE
3506003005012,BVBWBeBeBXBcBSBOBDA4A2AkAYAZAJAEADABAABLBVBbBVBbBdBYBOBBBGBJAlAdATARAOAFAGAB
3506003005013,A+BHBRBOBSBZBbBXBJA/AsAzAcAUATARALABAABCBDBSBJBWBeBcBcBJBHBFAtAsAZASAQAIAEAC
3506003005014,A4BCBMBJBPBdBPBIBFA/A2AzAxAaARAUAJAFABA2A7BDBPBQBcBXBOBLBNA8BEA3AcAjAbALAFAE
3506003005015,BMBTBeBbBWBaBUBKBLBAA8AlAZAWAMAGAFACABBDBOBXBZBYBaBYBQBQBEA8AoAmAVALARAKACAC
3506003005016,A+BJBJBLBUBOBOBMBLBLA8AwAwAVAbAKADADACA9A/BLBHBLBPBYBRBTBPBEA6AsAfAfAJAbADAD
3506003005017,A3A3BFBKBNBLBFBDBMBNBaAuAnAfAXAVAHABABAyA3A/BHBIBZBXBQBTBXBSBDAwAoAeAUAOADAH
3506102003001,BHBEBRBRBeBZBcBMBHA+BMAlAfAeAGAQAGABAABFBEBMBOBWBkBUBTBCBGBNApApAVAaAPAHAEAA
3506102003002,AlAtA6BCBMBKA9A8BBBEBAA5BJAjAcAiAQAMAEAnAoA5BBBIBABEBGBHBMBTBGA+A4AyAzAwASAH
3506102003003,BGBMBWBWBYBRBRBNBHBAA+AhAlATALANAIAEACA7BHBWBWBYBdBUBNBNBHA5AzAnAcAcAMAOAIAD
3506102003004,A6BDBOBWBVBVBOBNBGA8BAAzAlAjAcASAHAEACA3A/BQBVBRBVBRBKBIBFA8A9AqAoAaAPALAFAE
3506201001001,BABIBXBSBbBmBVBOBVBDApA2AkAiAQAOAHADADBGBDBSBRBGBSBPBVBFA3BHAiAkAYArAVALACAA
3506300001001,A3A8BQBcBQBHBFBEBEBEBBAtAzAcAfAXAMAHABA/BEBPBRBNBDBGBEBBBKAyBDAsAwAlAdAYAKAF
3506359003001,BQBWBiBQBcBVBUBMBFA6AnA1AnATAMAKAFACABBTBUBcBWBeBdBWBPBFA8A6ArAdASAQAKAIADAD
3506359003002,BYBdBnBUBZBbBfBXBKA5AoAnAZAYALAEADACACBXBcBkBTBbBeBjBUBCA4AnAiAZAOANAGADABAD
3506409001001,AtA6BNBSBRBXBNBNBNBEA6A6AqAhAdAXAHAGAFAuA2BEBKBRBNBLBPBKBIBJA5AvAtAjAbANAGAH
3506508003001,BDBBBPBUBWBXBkBcBTBGA7AwAoAVASAJAJAAAABBBHBOBFBNBdBhBZBRBKA6AqAdAdAQAIAGABAB
3506508003002,BEBCBXBYBTBPBZBcBVBCAvArAiASAOAJAGACABA/BGBRBZBXBOBZBfBdBKA5AtAjAYANASAJACAA
3506508003003,BTBRBXBVBRBiBjBYBLBAAsAoAbATAMAFAEACABBOBMBWBUBaBsBiBWBNBAAzAhAgAOAMAHAGADAA
3506508003004,AwA1BCBLBZBTBJBKBIBFBGA3AkAiAlAKAKAGAAAwAwBABOBVBWBTBPBNBZBRA7AoAwAjARANAIAA
3506508003005,AtAvA6BCBLBPBKBGBGBCBGA3AwAnAjAVANAIADAwAxA3BGBOBVBMBOBRBPBKBLA5AvAmAfAVALAE
3506508003006,BEA9BKBNBWBeBTBLBLBBBBArAlAfAUAMALACAAA6A4BFBLBTBZBPBSBSBNBDA5AwAiAbAWAIAFAC
3506607003001,BOBTBiBaBYBXBJBKBEA9AvAtAuAZAaALAGACABBDBTBdBZBXBRBOBLBEA+A0ApAjAcAZAQAEAHAD
3506706001001,BNBOBgBbBaBZBVBFBEBCA3AsAjAZALAQAGADACBKBKBbBZBVBYBOBIBHBAA2AtAlAXASAPAJADAD
3506805001001,BBBJBRBVBYBgBTBJBGBHA+AsApATAUAUAFACAAA8BGBSBRBTBVBWBKBJBAA5AtAkAfAbAaAOAHAC
3506904001001,BDBMBiBWBOBKBIBGBEA6A8A7AxAuAZASAMAEAABIBSBXBTBFBGBKBCBAA9A5A2AnApAcAZACAEAB
3507001003001,BLBJBPBTBcBhBZBOBEA9A/AsAmAdAQALAIACABBCBHBPBNBdBeBXBLBDA7A6AuAkAbAaARAHAGAB
3507001003002,BIBKBVBZBnBnBcBRBJA/AxAoAaAVAMANAFADADBDBJBTBUBeBgBaBOBJBAAuAvApAUARAJAGAFAC
3507100001001,BFBUBcBWBaBdBUBPBEBBA6AlAkAXAWALAHACABBFBNBXBUBUBdBRBPBIBDA0AqAgAbASAPAHAGAB
3507159001001,BWBgB0BuBNBRBKBOBHA0ArArAkARARALADAFAABWBhB3BwBSBLBQBIA7A0AvAXAaAPAOAGAJAHAB
3507209001001,BRAzBCCCBbBkBTBfBDA5BWAiAaAiAQAYAFAAAAAqAiBdBOA6BoBdA7BABVBDAqAmASALAOATAaAI
3507308001001,BIBHBZBhBhBdBJBLBBA5AxAwAxAeAPAUAQAFAABIBEBSBXBQBPBJBHBCBDA9ApAoAcAjAKAPADAC
3507407001001,A+BHBNBKBeBVBQBFBFBLA6A8AoAhAYAYALADABA6A/BDBMBOBTBOBKBIBGBIAsAsAiAeAYALAFAD
3507456001001,BKBYBfBdBeBHBIBLBHA9A9AvAbAQAXAPAPAAAABJBIBcBhBSBJBRA/BKBJAoA5AiAiASAUAOAEAC
3507506003001,AyA1A6BDBPBbBSA7A5A4AsA+ArAoAdAdATACAFAqAwA8A9BeBVBQBDBDBFA6BQA5AvA1AtAiAPAP
3507506003002,BIBOBcBWBZBWBOBPBFBBA+AsAiAdANAQAEAHAABKBJBcBSBXBQBSBIBJBKA/ApAkAXAWAMAEAEAE
3507506003003,A/BHBPBTBbBcBSBJBCA8A6AwAjAXAWAPAHACACA6BFBTBUBWBcBTBMBDBAA8A4AxAZAjARAMAJAE
3507506003004,BPBYBfBiBdBTBUBHBHA/A7AmAhAUAOAJACACAEBQBMBcBaBXBZBVBOBFBBA4AmASAdATALAGADAD
3507506003005,AuAzA3BBBUBdBTBCA8BIA7A7ArAdAgAVAMAFABAyAwA2A+BVBkBWBNBIBPBJBFBDAqAXAbAYAUAE
3507506003006,A5A+BJBNBUBTBPBHBCA/A+AuAwAaAQAVAIAGACA2A+BKBJBPBcBXBJBKBGBHA7AzAkApAbAQAJAF
3507506003007,BPBHBjBUBHBeBQBPBDA/A2ApAjAXAPANAIAEACBCBKBMBdBMBkBRBXBdA4A5AvAiAXAWAWAHAFAC
3507605003001,BFBMBdBZBTBaBTBPBJBBAyAvApAgAQANAGAJACBGBNBWBVBXBUBbBIBHA5A4AkAiAaAQARALAEAE
3507605003002,AuA5BIBEBTBTBWBNBNBMBGA4ApAfANASAEAJABA3A2BHBDBVBUBiBZBQBRA+BBAoAfAaASAPALAA
3507605003003,AvAvA/BNBZBSBRBBA9BDA9A8AmAmAXAhAPAHAAAnAvA6BIBMBQBPBDBHBRBbA0BBAyAtAhAaALAD
3507605003004,BMBBBfBTBWBfBTBKBFA9A5ArAbASAJAKAKADAAA6BGBUBZBcBgBeBRBIBIBJAnAxAXAPARAHACAC
3507605003005,AxA2BGBJBRBTBQBHA9BBA+A3ApAiAbATAMALACAwA7BHBEBTBYBVBKBBBMBBBHA8AlAoAdARALAC
3507605003006,BFA/BVBTBZBaBcBLBGBBA/AsAYAiAPAQAHACAAA9BABPBSBWBaBdBQBGBHBBAxAhAfAaAUANABAC
3507605003007,BJBTBkBfBXBUBQBXBNBDA1AfAWAcASADAGABABA/BNBdBcBXBXBVBWBMBAAxAyAkAWAKAOAJAGAA
3507605003008,BBBJBbBcBbBhBVBMBGA8AyAoAfAeANAOAJAFAABABJBUBZBcBbBVBPBCBBA4A0AmAcAaAJAGAFAC
3507605003009,AzBDBVBTBQBZBYBNBEA9A7A0ApAfAfASAHAGAAA7A+BKBLBOBZBYBLBCBCA/A0AsAlAZARASAKAF
3507704001001,A3A/BKBSBnBYBOBFBGA9A9A4AlAnAfAaAKALADBHA9BOBIBMBWBGBJA/A6A+AtAnArAkAUAUAHAE
3507753001001,A8BMBgBWBWBUBcBRBLA2A5A6AmArASAHAUABACA5BIBPBLBJBTBkBKA/BAAqA1AtAYAXAMARAIAC
3507803001001,A9BNBTBdBXBTBOBFBIBGA8ApArAXAYAOAFAFACA+BFBYBUBVBSBOBOBJBCA4A2AbAnAeANANAIAC
3507902001001,BDBGBSBVBZBZBUBHBFA/A4AvAhAcAXAVAGAJACBABHBWBXBPBSBPBNBEBCA4AwArAjAbANANAIAG
3508009001001,BWBjBuBjBSBPBPBKA8A5A3AlAmAWAXALAKACABBUBZBgBXBSBPBKBHA/A7AvArAlATATAOAIADAC
3508108001001,BDA/BIBOBXBTBOBOBIBEBGAuArAsAbANAJAEACA9A5BJBQBMBPBNBPBMBKA9A2AqAlAmAKANAGAD
3508207001001,A7BCBKBVBTBcBVBLBCBBBAAwAzAnAeAJATAJAFA3A7BFBGBUBWBMBHBHBAA8A3AsAeAkARATAJAA
3508306001001,BABYBjBlBPBYBRBKBCA8A1AzAcAhAUATAIAFABBGBFBQBfBMBQBDBNBKA7A3AuApAjAbARAIAFAB
3508405003001,BSBVBnBgBhBgBYBNBDA5AtApAWAaAMAOAFAHACBEBXBdBVBZBcBVBKBFA3A0AkAhAaAOAKAGADAA
3508405003002,BYBTBeBaBjBjBVBRBJBAApApAXAVAFANAGACAABMBTBZBfBeBfBTBRBIA+AjAuAeASANAKAHACAE
3508504003001,BSBNBaBTBgBkBUBKBIBAA6AwAhAXASAIAEAAAABEBCBTBVBaBdBTBMBFBGBDAlAfAgAQAHAHADAD
3508504003002,A8A5BJBMBPBVBKBFBCBFA0A8AoAgAYAXAJAGAAA2A1BEBOBUBZBPBJBMBKA9BKA2AqAdAaARALAF
3508504003003,A/BHBJBSBWBZBSBKBDA/A7AxAlAlANAPALAFAEA8A+BMBJBOBWBTBPBLBJA/A1AqAqAXAcAQAHAD
3508504003004,BNBRBcBYBWBbBbBSBIBBA4AtAfAYAPAFAEADAABPBNBYBWBVBbBeBUBEA+A2ArAcAWALAJAGADAC
3508603003001,BGBEBSBYBWBYBPBIA/BBA/AwArAZALASAJADABBBBJBNBLBRBWBXBIBIBJAzBAAqAgAYATASAFAE
3508702001001,A/BSBcBaBOBGBDBBBFBDBBAzA2AcAZAVAKAFACBABLBiBWBNBHBIA/BFBFA3AyArAhAlASAJAHAC
3508801001001,A+BBBUBQBWBPBQBJBCBAA/AxAoAcAcAQAKAJACBDA9BLBVBOBUBOBHBHBCBGAwAsAoAbAbALAIAE
3508900001001,A3BIBSBcBhBJBAA/BXBOA5A1A1AdAmAPAJAHADA5A3BOBSBSBGA+BPBKBIA+AsAlAkAhAdALAGAG
3509007003001,BUBUBwBhBdBPBRBWBSBBAfAuARANAJAGADAAAABWBYBpBfBbBUBdBaBUA/AwAfAcAQAJABABAAAA
3509007003002,BLBPBcBdBUBUBSBPBOBLAyArAYAQAKACAJAEAABBBIBYBWBbBgBYBaBXBHA8ApAjAUALAHAJABAB
3509007003003,BCBIBSBSBXBUBQBGBHBIA6AyAkAUARALACADACA/BEBRBPBYBbBRBTBOBMBAA3AqAaAWANAPAFAC
3509007003004,BRBPBbBaBZBcBdBLBIBAA6AkAhARAEAFADABAABNBNBbBYBeBkBbBQBPBFA6ArAeAQAMAIAFABAB
3509106001001,A0BLBfBaBdBPA+BQBHBeA7AyArAlAhATAKAIADA6BFBRBLBDA+A/BNBMBJBIAsAhAmAZAUAFADAF
3509205003001,BMBNBVBeBlBmBWBQBKBAArAvARAPARAGACACABBKBJBYBXBmBoBZBTBKBFA9AgAbAYAOACAHACAA
3509205003002,BSBaBeBdBmBaBWBTBDA6AuAnAbATAMALAEADAABJBPBhBaBdBaBaBPBEA8A1AkAbAVAZAIAEABAB
3509205003003,BQBWBjBaBfBoBmBSBEA4AxAhAYANAIAGAEABAABUBNBbBbBkBvBjBSBGA8AwAeAXAQAMAEADAAAB
3509254003001,BTBfBwBgBNBNBRBHBAA6ApAzAgAaAWAQAGADACBXBWBqBdBRBRBTBIA9A4AvAnAcAcAVAKAGADAC
3509304001001,A7BFBLBaBoBmBMBGBBBLA6A2ArAYAiAOALAFAAAxBBBFBSBSBQBHBGBKBFA6AwAuAnAZAVAOAIAC
3509403001001,BMBLBaBdBbBTBKBJBGA/A0AwAjAaAVARAJAEAAA/BIBYBcBWBSBPBFBEBAAzAyAmAfAhANAPADAE
3509452001001,BEBVBlBWBXBRBHBHBABFAwA3AwARApAOARAEABBFBQBTBSBSBRBLBEBIA/AsA4AgAnAMAVANABAC
3509502005001,BCBABfBRBTBOBMBLBKBYBRA0AuAZAdAMAFACACA3BDBRBPBHBMBOBMBEBUBDAlApAhARAQAIAFAH
3509502005002,AyA8BOBRBIBKBABBBaBeBZAqAcAkAWANAJAEAAA1A5BHBHBUBEBHBWBfBfBOA3AtAiAVASANAIAE
3509502005003,A1AwA8BDB1B/BgBEBABDBAAxAkAWAXAJAHAGAGAyAzA3A9BlByBhBMBJBLBOA0AoAoAEARATAGAC
3509502005004,A4A6BDBWBuBbBJBFBJBTBSAyAkAjAIAOADAHACA3A3A/BLBcBQBLBPBTBWBJA/AlAhARAGAJAHAG
3509502005005,AiAvA3A8BKBTBOBCBFBBA6BCAtAoAnAhAQAHADApArA0A8BKBVBPBNBLBMBVBCA9A+AmAgAgARAE
3509502005006,AzAvAyA+BVBtBpBPBMBDA3AzAkAYARAPAMAJADA6AsA2A+BWB1BpBWBPBNA9A8AlAsAZAVAQAGAI
3509502005007,AuAwAxA2BMBhBWBIBDBEBAA7AxAeAZAZARACACAoArAvA4BTBjBeBNBPBPBXBEA8AqAjAjAZAFAL
3509502005008,AvA2BBBLBfBaBRBJBCBCBDAvApAhAnATAFAFAAA2A3BABHBXBVBWBQBMBMBFBBBGAZAVAdAMAFAC
3509502005009,A3AtA1BABPBgBXBGBBA/AxA8AtAqAVAZAJAHAAArAuA2A7BTBmBXBKBHBNBHBOA6A0AmApAVAGAE
3509502005010,AeAeAhAyBVB3BlBJBCBBBDAuAeAyAhAPAUADAEAfAdAlAtBiB/BoBNBKBNBWAyA0AtArAxAcAOAP
3509502005011,A4A9A/BEBRBSBRBCBFBGBOA1AqApASATALADAAA2A4A8BHBRBSBXBNBNBWBLBDAzAjAYAbAOAJAE
3509502005012,AiAeAcAsBFBbBZBDA6A9BbAuAzAjAcAXARAOADAeAdAhAyBTBvBhBJBHBSBgBLBDA3AwAuApAVAL
3509502005013,AZAbAgA1BoB2BmBJA7BCA+AoAqAQAZAVANALAAAhAZAgA5B5CFBfBJBCBQBIBEA3AwAjAvAlAXAL
3509502005014,AlAlApAyBQBnBcBHBCBDBAA5AiAlAmAXAOAEADAlAjApAwBPBsBhBOBLBRBOBOA4A3AzAkAgAMAE
3509502005015,A3A3BEBIBSBlBZBFA/A/BAAxA0AYAUAMAHADABA6A2BDBLBdBlBZBPBMBLBBBGAvAlAZANAQAJAD
3509502005016,ArA3A+BCBLBSBNBHBCBCA6AtA4AjAYAeACAHADA0AwA6A9BNBbBTBPBRBMBCBOBBA1A3AiAOADAF
3509502005017,A9BABQBSBeBaBSBIBKBBA3A3AiAcAKALALADACA6A9BMBTBaBgBXBKBPBHBJAxAqAhAUAUAHAGAB
3509502005018,A5BBBQBQBZBZBbBOBQBEA1AxAiATANAIAEAEACBAA/BMBMBdBlBgBUBXBQA5A9AnATASAOAGADAB
3509502005019,A1A4BDBFBWBfBaBKBGBDA6A8AjAZAeAOAJAEACA2A0A/BDBVBiBfBNBLBLBUAzA8AeAVAOASAOAB
3509502005020,AwArAzA5BDBbBVBJBCBGBEAuAwAcAhAOASAFACAjApAwA2BYBxBhBSBQBQBLBAAsAyAxAfAmAMAH
3509502005021,BDBCBOBRBbBeBTBKBGA/A8AoAiAUAcAMAEADABBAA9BJBOBdBgBWBQBNBJBCAxAsAiAQAVAMAFAC
3509502005022,A/A4BEBFBRBUBWBSBRBLBIAsAmAmARAFALAEAAAwA4A7BABQBbBcBaBVBNBGA7AxAgAnARAMAGAC
3509502005023,A7A3A+BFBVBaBYBKBGBCA1A5AvAdAWAOAIACABA1AzA/BGBUBeBaBQBMBKBDBCA2AkAmAVARAIAD
3509502005024,BRBZBqBeBmBgBWBUBLA4AyAaAWANAKALABABAABWBTBmBbBfBfBeBVBGA6A5AXAXAQAIAGACAAAB
3509502005025,BKBLBeBgBfBdBWBTBHA6AwAuAeAQAIAJADACAABNBPBeBdBfBeBdBQBMA9A4AtAcAVANAFAAACAA
3509502005026,BOBRBnBfBbBeBWBMBEA4ArAtAWAPAMACADAAAABIBPBnBiBeBcBeBQBLA/BCAkAgAQAJAKAFAFAA
3509502005027,BQBSBiBdBfBfBWBUBJA9ApAqAaAOALAGAEAAAABNBRBhBeBhBkBbBTBNA7A4AeAYANAMAMACAAAC
3509502005028,BDBEBVBVBfBgBbBRBBA7A9AsAbAaAOAJADABABBCBCBQBUBfBhBgBOBLBDBGAxAkAZAPAKAKABAC
3509502005029,BNBUBmBlBiBYBSBKBGA7A0AmAhANADAGACADAABGBPBjBfBgBcBWBRBPBDAqA1AhAGAPAKADAEAD
3509502005030,BQBQBfBgBiBaBYBSBIA7A0AoAeAJALAEADAAAABGBJBhBcBgBgBdBTBMA/A9AmAcASALAGAJAAAA
3509502005031,BGBQBeBXBYBeBbBPBCAzA5ArAhARAOAEABABABBLBHBbBUBdBhBjBQBHA+BBA1AnATARAEAFAEAB
3509502005032,BpBiBvBfBrBlBWBLBCAzAmAlARALAIACADAAACBeBgBoBkBkBjBUBKA/A0A1APANAVAMACACADAA
3509502005033,BOBSBeBcBXBeBkBYBRA+AwAeAeAKAFAGADACADBNBMBcBXBfBmBnBbBMA6AvAlAfAHAJAJAFACAA
3509502005034,A6BEBUBQBmBrBoBbBOA7A0AjAhARAYAJAFADAAA8BEBQBMBVBcBXBTBHA+A0A0ApAqAYAIAEACAB
3509502005035,BCBABPBTBdBeBSBJBMBFA9AvAdATAYAFAFADABBAA/BPBRBaBhBXBNBVBPA8AyAaAiAQATALAIAA
3509502005036,BSBRBlBfBjBbBdBUBFA0AxAaAVASALACAAACABBMBSBjBgBhBfBeBYBNA7AxAgAZARAPALADAEAC
3509601003001,BQBJBSBgBgBgBOBNBEA7A6AyAoASAIAHAAAAAABFBIBYBYBbBeBTBKBBBFBEA3AgATAMAKANAJAC
3509601003002,BABABIBNBSBYBRBOBEBHA8AwApAbASAPAEADADAzA5BGBIBZBbBaBXBLBLA8BBAzAdAXAaAOAHAD
3509601003003,BFBJBVBQBaBZBSBKBLBDBBAtAlAUASAKAGACABBEBCBOBQBZBdBVBQBKBMA9A4AdAcATAMAIAIAC
3509601003004,BPBVBiBiBbBdBRBNBHA7ApAtAhANAHAGAGABABBXBSBfBkBdBcBYBPBGA9A2AqAdAPAKAFAEADAC
3509700003001,BGBOBbBPBYBZBTBaA+BHAwA0AfARAPALAEAEAABFBRBVBaBWBSBUBWBLBOA5A2AmAQATALAEABAC
3509700003002,BMBRBZBbBaBXBSBKBJA8AxAqAYAVAPAMAFABACBEBQBiBZBXBVBYBUBOBDBBAlAlAYANANAIAEAB
3509809001001,BJBbBhBWBKBUBPBCBABJA0AxAyAjAYAKAOAGACBIBIBSBNBFBMBHBDBIBAAzA0ArAjAeAQAPAFAC
3509908001001,BSBWBqBbBHBLBTBIA5A7A7AuAmAkARAQAHACABBLBTBoBZBMBGBQBCA9A7A6AvAeAkAXASAKAHAF
3509957001001,BlBUBgBcBgBbBLBCBIBCA0AsAWAZAPAFACAFAFBQBYBdBZBWBWBHBFBDBFAzAnAeAZAMAQAIAFAB
3510005003001,BEBBBQBVBYBOBIBFBHBGA/AvAlAkAXANAJAFABBBBABPBQBXBNBMBIBMBIBJAuAsAgAUAgAMAGAG
3510104001001,A4A4AzBGBZBFBCBDBIBRBOAxA9AlAcAVATAOACAtA/BCBLBeBKBDA/BLBSBEAnBEAoAdAfAWAIAF
3510153001001,BSBsBtBXBOBbBYBIBCA6AxAkAfAVAWALACACAABSBnBiBTBVBZBVBKAuA7AtAnAhAXAQAMAHAFAA
3510203003001,BPBeBvBiBZBOBMBHBAA2AmAtAjAWASAKADAEACBLBbBmBnBVBPBPBHA/A5AuAyAsATAOAPAIAFAB
3510203003002,BHBPBfBSBOBPBSBKBGBBAyA4AkAmARAPAIAHACBFBLBVBVBNBSBTBNBDA/A4AvAsAbAVASALAHAC
3510302001001,BCBRBfBiBlBXBZBMBJA6A3ArAkAfATAKAGAEABBHBXBgBUBRBQBNBJBAA+AtAsAmAVAWALAJAEAC
3510401003001,BLBRBYBaBkBgBYBOBLBAAwAuAdASAUAKAFADACBIBLBaBaBZBRBVBNBGA/A1ApAjAVAQAMAKADAC
3510401003002,BHBHBQBYBbBcBWBKBIA/A3AxAjAWAPAQAIAGABA/BIBNBTBaBYBUBKBJBCA5AvAqAYAVAUAOAHAE
3510500003001,BCBIBbBbBRBLBUBMBMBCAyAvApAhAWAQAFABABBJBQBdBSBRBXBXBNBEBEAxA5AnAUAWAKAJAEAA
3510500003002,A6A9BIBHBMBPBXBFBDBBBBA2AvAYAXAhAEAAADA1A4BDBQBJBRBbBQBLBHBJBAA7ApAdAWARAHAE
3510500003003,BCBGBMBUBTBUBPBPBHA/A2AzAlAaAVALAHACAABBBCBQBQBTBWBXBZBIBEA5BAAtAdASAUATAIAA
3510500003004,BUBaBiBXBiBWBTBPBLA3AwApAXAZAQAGAEABAABRBUBqBYBVBWBdBQBHA7AnArAfAXAMANADACAB
3510500003005,BEBABKBgBOBGBYBMBFA1BBA0AqAjAYAPAJABAAA8BEBdBZBOBNBVBPBPBDA8A7AkAlAcASAEADAC
3510500003006,BRBZBiBbBgBfBdBNBCAzA0AnAeAbARAKAHAEAABPBVBeBXBUBXBTBIBBA1AwAuAiAZAVAEAGAEAB
3510609005001,BEBJBTBRBcBgBUBPBCA+AyAvAiAUAQALAFABABBGBGBQBOBVBeBYBTBLBEBBAxA0AVAcALAFAGAD
3510609005002,BCBBBGBFBTBkBgBJA9A0ArA4AhAaAVAHACABABA9BCBMBHBXBqBkBPBGBDBIBKA1AqAYAQAGAEAD
3510609005003,BQBaBhBcBfBdBYBRBEA1A0AeAaARAJAEADACAABRBUBhBbBgBjBbBTBJA7A2AmAcASAPAGAFACAA
3510609005004,BJBNBVBTBfBlBVBLBEA4AzApAfAWAOAHAFABABBIBMBVBUBgBoBdBOBJBCA6AyAlAVARALAGADAB
3510609005005,BRBVBgBXBbBgBaBTBEA0ArApAcAQAJAGADABAABMBRBdBXBcBoBkBXBHA8A4AqAeAUAMAJAFABAC
3510609005006,BTBVBjBaBhBaBVBPBOA9AxAjAaAOAHADADACAABPBUBgBcBfBiBaBYBLBAA3AhAbAOAJAJAFAAAB
3510609005007,BMBRBZBYBjBjBYBKBDA4A4AnAfAPALAFADABAABLBNBWBYBgBoBdBSBJBDA7AtAZAZAMAGAEADAB
3510708001001,A+A+BNBMBPBSBHA+BDBFA/A+AtAqAcAVAKAEAGA8A/BEBNBPBEBHBGBHBJBFA+A2AvAnAQAPAFAF
3510807003001,BDBGBUBNBTBTBUA8BDBCAzA5AhAkAWATAMAEAEBEBFBSBSBQBWBRBLBHBEBCAyAtAeAeAWAHAFAF
3510807003002,AxA8BGBPBzCRBtBWBPBFA/A4AtAqASAZAJAJACAzA5BFBLBEBAA/A6BBA6A1AzAkAXAcAOATAHAJ
3510906001001,A4BLBcBcBHBMBBA/A9BYA5BHAnAeAlAUAQAJAFA5BHBJBdBDBPA6BOBMA+A9A3AsAjAaAaAJAGAC
3511003001001,BBBHBaBZBSBIBLBOBIBDA9AwAnAfAXAQAHAIADBIBCBSBSBRBMBTBOBHBEBBAuAqAeATARALAHAF
3511102003001,BHBEBUBcBaBVBPBSBWBGAtAsAnARALAMABACAABFA+BbBiBYBVBUBYBUBFAyAyAjASATAOAJAGAD
3511102003002,A8BABQBTBfBcBXBRBNBDA/AsAjAbAcAIAKAAAAA6A7BJBOBSBdBYBTBOBFA8A4ApAeAWAMAJAGAC
3511102003003,BMBHBOBPBaBiBVBJBLBBA9AwAoAWARAHAJABADBFA8BMBIBeBcBWBIBLBIBDAzAoAZAVANAMADAD
3511102003004,A2ArA5BABKBVBEA/BBA/A9A/AwAoAbAlATAJAEAvAuA5A/BMBUBLBEBDBHBEBPAzA7AuAtAgATAE
3511102003005,BABABIBQBRBWBZBNBEBJBEAzAiAcAbAUABADAAA8A4BHBNBPBcBWBLBRBGBBA1A4AXAdAbAHADAA
3511102003006,AwAwA0BFBOBSBLBDBDBABEAxA1AfAfAaAPALABAvAuA3A9BMBSBNBDBLBOBNBDA0A6A1AuAYAOAI
3511102003007,AwA4BCBMBUBWBMBFBKBLA+A7AtAgAUAYANACABAwAxBABIBQBXBPBQBUBQBPA0AwAoAkAXARAKAE
3511201001001,A8BDBFBRBfBgBZBMBOBJBDAuAsAYASASANAEABBABEBKBNBNBaBNBJBNBIA6AwAgAdAVAXALAGAF
3511300001001,A9A/BIBGBQBLBSBNBLBBBAAvApArAbAlAOAEAAAzA7BGBEBOBRBVBJBKBCBAA1AsAtAnAfAHAIAH
3511409001001,BGBMBWBbBZBLBKBGBEBCA3AyApAdAYANAIADABBHBQBRBbBRBOBMBLBBA+BBAqArAcAcAVANAHAE
3511508003001,BFBLBaBaBhBmBcBWBLA8AsAvAeARAQAGAHAEABBPBIBbBRBbBdBdBUBEA6AvAwAhATAIAIAHAHAC
3511508003002,A8A+BMBLBcBYBWBKBFBEA/AxAtAdAQAPALACACA3A5BIBHBbBaBYBHBNBMA8BCAqAdAeATASAGAF
3511607001001,BDBFBSBPBpBrBgBQBGA+A9AlAtAdAbALAFADACBDBDBRBRBXBVBRBMA+A7AzAtAiAgAZALAGAIAE
3511706001001,BGBJBWBaBkBiBUBRBAA+A6ArAiAXAZASAFAFAABCBHBSBaBcBUBNBKA/BAA1AtAqAcAWAOAHAFAB
3511904001001,BHBIBFBdCDB1BSBMBDA9AzAoAdAYARARAMAFACBSBIBJBUBoBYBKA5A+A9A6AkAcAZAVARALAHAD
3512001001001,A/BEBWBRBhBXBMBHBHBIA4AvAmAdAZAKAIAGADA/BDBKBXBXBWBLBIBJBGBAAwAoAjAbATALAEAE
3512100001001,BEBGBbBgBdBdBaBPBABGA2AsAfAhAZAJAHAGAAA9BJBTBcBXBUBRBJBFA9A3AxAtAfAOALACABAF
3512209001001,BGBPBbBhBsBfBVBGBEA8A1AoAiAXAVAFAJADABBDBNBbBcBdBcBLBFBEA8A6AiAnAUAVASAKADAB
3512308001001,BLBMBXBPBQBOBKBCBCBHA6A3AqAhATAXAPAFADBDBGBNBMBQBNBKBDBIBCBBAwAnAoAgAQARAHAE
3512407001001,BFBJBUBRBfBeBdBNBKA+AyAyAgAdAOAOANACAABIBGBOBRBZBaBTBQBDBAAzA0AtARAXAQAIAHAA
3512506001001,BIA/BOBRBXBVBRBOBEBAA/AzAsAaATANANAFADBEA8BOBYBPBQBUBSBFBHBBA1AhAgAXAUALAEAC
3512605001001,BFBRBlBYBOBFA+BMBIBKBEA6AzAbAMATAQAEABBCBFBcBQBNBCBGBCA7BMA7AzApAdApATAFAEAB
3512704001001,A1BKBlBbBZBZBKBHBIBCBAArAxAVAbAOAMAHABA8BQBVBIBVBMBRBQBAA+A2AsApAjAcAPAQADAC
3512803003001,BRBlBiBVBnBrBiBTBKA6AsAlAVARAJADAFABAABdBWBbBaBcBpBgBIBAA3AxAcAQARALAEAAAEAD
3512803003002,BGBOBTBgBjBaBZBQBMBHA5AkAkASAPAHABAEAABKBGBUBcBdBeBUBOBKBKA+AfAfANASAIAJABAB
3512803003003,BFBEBJBNBVBfBZBNBMBDA5ArAjAbAWAKAKABACA/BEBLBJBdBeBWBPBKBDA0A5AkAoAVAQANAHAE
3512902001001,AuA5BHBGBNBdBCBBBIBBBFBCA9ArA0AXAKAGABAwA5BGA/BGBIBHBEBKBLBEA9A0AtApAZAQAJAE
3513009003001,BHBLBRBDBEBGBeBcBRBIAyA3AlAUASAMACAAAABMBEBOBEBBBbBwBpBUBHA2A1AqASARARAJAEAD
3513009003002,A1BCBMBGBWBUBMBCBHBHBJA4AsAhAVAMAFADACAzA5BIBIBUBaBRBMBRBWBUA7AsAXAWASAQAKAI
3513009003003,BKBLBTBNBbBiBbBSBGA+AzAuAaAMALAFADADAABOBOBUBOBZBtBnBcBNBHA3AwAbAWAIAMAFADAB
3513009003004,BRBPBkBZBfBjBXBPBEA6AwAsAWAMAHAJACAAAABHBSBZBgBjBmBeBSBLBDBBAgAcAPAKAGAEACAD
3513009003005,BRBPBaBaBaBoBWBDBFA6A5AlAVATAQALADAAAABFBRBZBYBdBkBcBTBMBBBBAnAkARALAGAKABAB
3513009003006,BPBWBiBVBXBgBaBQBHA8ApAsAZAOALAEADACABBOBTBgBVBaBmBjBRBMA+A1AoAfAUAMAEAEADAB
3513009003007,BMBKBUBNBQBYBlBaBQBAA2ArAdAQARAKACABAABDBHBOBFBJBlBlBgBPBHA0AzAgAgAQAOAKAAAB
3513009003008,BNBPBfBXBXBbBZBJBHBBA0AnAbATAHAIACABAABMBQBdBWBZBkBfBPBRBFAyAvAeAPANAKAJAFAF
3513009003009,BMBbBnBiBZBbBTBOBHBDA5AeAVAdAGAHAFAEAABaBWBmBUBVBUBaBVBHBAAqAwAdAHAIAHAJAAAD
3513009003010,BMBZBlBgBYBUBOBMBGA5AzAnAeAWAMAMAGACABBTBWBoBgBTBZBTBNBJA9A0AnAfASAOANAFACAB
3513108003001,A7A/BPBVBSBaBSBOBCBEBAAvAsAfAVAIARAGAAA4BCBOBIBOBTBXBMBJBBBAAxAjAlAcAmASAIAA
3513108003002,BJBOBfBdBnBkBRBLBGA/A2ArAdAXASAFAFAEAABABOBWBcBdBYBOBHBIA/BDAlAjAVAKALAQACAC
3513207001001,BDBJBWBdBXBaBUBIBCBGBBAzAiAfASAPALAEACA9BPBSBXBZBXBKBEA+BDA9AzAjAZASAOALAFAE
3513306001001,A0A3BNBNBWBJBGA+BVBYBGA1AjAcAXAXAMAGACA4A3BQBRBOA9BJBDBWBcA5BMAiAtAfAfAQAAAE
3513405003001,AyA0BCBIBOBQBDA8BBBIBAA3AuAhAkAVAKAHAGAoAxA9BDBMBJBJBABGBVBEBTBFArA6AmASATAH
3513405003002,A7BIBYBTBPBdBSBFA/BLA9AvAfAhAWAIAJAEACA6BEBMBQBTBUBSBPBJBLA+A5AvAbAZATASAEAD
3513405003003,BABFBRBYBYBVBVBEBEA+BAAsAkAaATAPAGAEAABFBABPBUBUBYBXBNBJBDBFA3AvAgAXAQAJAGAB
3513405003004,BRBQBaBbBUBYBVBHBFBCA/ArAhATAPAHAEABABBLBMBcBWBWBYBWBLBJBGBFAjAiAaASAMAFADAA
3513504003001,A+BBBEBEBuBtBdBSBOBJA+AuAiAXAWAUAHACABA5A3BFBLBPBSBPBDBQBFBCAsAwAnAjAOAJADAE
3513504003002,BKBOBWBUBeBiBWBJBHBBA8ArAZAUAHAIAHABABBFBLBUBVBfBgBbBNBKBKA7AtAdAYARALAGAFAD
3513504003003,BaBbBjBnBdBiBSBPBQA7AvAkAZAIAGAFAFADAABOBaBbBdBfBfBbBTBGA5AqAvAdAPAIABABACAB
3513504003004,A+BJBTBPBeBgBVBPBPBIA/AoAdAUASAKAIACAAA/BLBOBWBVBdBVBNBNBJA4AqAhAfAUAVAJAEAB
3513504003005,BfBjBpBcBgBkBbBMBKA7AsAmAWAFAIABABAAAABSBcBhBhBeBjBeBRBKA5AxAeAVANAHADABADAA
3513603001001,A4BOBcBkBLBMBIBJBOBFA0A0AyAmAdARAJACAEA3BJBcBYBKBIBKBJBJBCA5AyAeAsAfAQAHACAC
3513702003001,A6A/BJBLBYBbBPBSBBBAA1A8AwAZAWATALADACA7A2BIBMBZBYBcBGBABKA+A+AuAeAQAlAOALAF
3513702003002,A5BCBRBWBYBdBKBKBLBFA8AwAkAfAWAPAFAJAFA7A+BOBTBWBVBHBNBLBGBAAtAmAlAXASAaAFAC
3513801005001,BMBUBXBQBhBhBYBHBEA6AsAnAdAOAQAJAEADAABIBMBYBPBhBmBcBWBIBEA9AlAjAhANALAGAGAB
3513801005002,BKBNBbBNBYBiBdBWBHA9AoAjAYAgAIAAADAFAABOBKBPBVBZBpBqBXBNA/AsA0AaAYAUANAMACAB
3513801005003,BKBMBdBTBiBtBYBLBFA3A7AlAaAOAOACAAABAABGBQBXBQBfBrBcBQBMBFBDAqAcAYAKAJAGABAD
3513801005004,BFBIBRBVBjBoBXBQBHA4AlA4AWALANAKAGAAABBHBIBZBTBiBqBgBXBQBCA6AuAkAUASAHAEADAA
3513801005005,BPBUBaBdBoBgBYBQBLA7AvAiATAJAIAEABACABBTBUBgBgBkBfBdBXBWBCA0AdAYASAHAHACABAB
3513801005006,A6BBBDBNBTBgBUBFBKBAA5A6AkAOAQAQAJAHAAA9BCBHBHBcBdBZBUBMBLBNA4AxAdAdARAKAEAD
3513801005007,A7A+BMBLBdBVBdBMBNBBA3AnAoAVALAKAJACAAA+A4BGBJBcBkBdBgBVBNBFAwArAiAYAUADAHAC
3513801005008,A8A+BJBLBZBWBSBKBQBHA5AuAgARAPALAGACACA6A+BJBPBZBbBgBeBWBSBLAwApAVATAVAKAJAE
3513801005009,BABEBQBPBlBmBgBTBNBAAvAuAeATAHAFAIAAABBMBHBNBOBUBfBcBbBYBJA4A4AiAWALAMACACAB
3513801005010,BJBIBNBMBeBmBZBPBCA7A0AwAgAaAHAJAEAAABA+BFBNBLBgBrBiBUBKBGAtBFArAPAYAKAJACAB
3513801005011,BEBaBkBgBYBZBVBdBOA+AvAaATAJABADADAAAABUBPBjBdBYBZBjBmBbBQA+AhAUAIALACABAAAA
3513801005012,BPBUBeBfBkBZBSBLBEA9AnAsAfAIAHAGABAAAABKBWBiBiBjBmBcBTBSA/A4AjAbAMAOAKABADAA
3513801005013,BNBYBgBVBfBjBZBKBDA1A/AdAhAVALABABABAABRBQBWBXBmBkBcBTBGA7A2AxAbASALAOACADAA
3513801005014,BXBSBbBeBhBjBXBNBFA4AuAkAVAQAIADABAAAABJBNBjBhBmBnBdBWBJA9AtAxAeAQAEAJAHABAD
3513801005015,BHBOBWBWBYBXBVBSBLA+AtAsAZAVAMAJAFACACBFBNBQBRBeBmBdBQBRBIA6AvAjAaAOAHAMADAD
3513801005016,BRBPBcBUBkBhBVBVBTA3AtAhAYAOAIAIAEADABBIBPBcBVBdBiBhBdBSA8AtApAdARAQAGAFAEAA
3513801005017,BXBdBqBfBeBZBZBUBNBCAqAcAMAMACAGAAAAAABKBVBkBaBcBjBnBcBQBBAvAiAQAWAFAGAFADAA
3513801005018,BYBSBcBOBlBtBeBQBFA1AyAfAYALAIAGAHAAABBLBMBXBUBuBtBdBPBKA7AxAoAhAZAOAGADAAAA
3513801005019,BGBCBRBGBhBnBhBHA/A7BBAlAjAXAVAIADABAABBBIBMBGBgBmBaBQBGBFBDA3AwAZAPAQAIACAC
3513801005020,BKBJBTBUBgBlBUBLBEA8AxAwAdAOARAGABABAABABKBQBUBcBqBgBQBJBFA7A1AoAWAeALAFABAA
3513801005021,BABDBPBJBlBlBeBHBCA6A0AvAkAXAPAAAJAAABBEBCBRBPBqBqBbBOBIBLAzBBAqAQAMAYAFADAE
3513801005022,BJBPBaBaBnBqBZBJBFA8A0AiAUAMAKAIAFAAAABOBMBZBhBkBqBYBUBPA+AzAyAdATAFAGAIABAA
3513850001001,BBA/BDBLBVA2BLBSBJBRA/A0AyA3AuATANAJAIAwAtA4BWBLBLBCBBBLBGA7A5A3A4AmAVAGAHAE
3513900001001,AuA2BLBXBOBTBMBHBMBFBKA5AuAhAaAYAPAHAAA0A5BHBXBTBLBIBNBHBHBEA8AvAnAcAXAPAFAB
3514007001001,BXBUBhBeB0B1BgBGBBA0AwAgAeAQAOAGAFAHAABOBNBTBXBfBeBRBEA9A9AtAlAjAWAQAJAKAHAA
3514106001001,BGBHBPBUBcBgBSBKBEA8A1AvAnATAbAYAMAFABBJBFBPBTBWBVBQBEBABAA1AvAyAcAfASAMAFAF
3514205001001,A2BIBQBZBRA0BRA/BEBTBBBHA0AuAkAeAMAGAAAqA7A6BFA+A5BWBOA+BLBEA9A1ApAjAeANAFAE
3514304001001,A7BDBEBWBbBUBLBHBGBMBHArAvAjAaAPARALABAxA4BIBPBNBPBMBKBEBBBIA1A3AXAkAbAQAGAE
3514403003001,AyA5BEBJBhBmBZBZBOBKBIAmAmAaAhAWAJAJACAuA2BBBGBBBNBRBOBLBLBEA5AxAtAfAQAPAFAE
3514403003002,A0A4BEBNBNBPBGBCBDBEA+A7AqAhAmAVAMAFAGA1A2BCBMBOBNBLBFBLBNBHBHA2AxApAgAPAHAD
3514502001001,A4A/BJBXBNBMBIBDBIA/BLAqAzAlAbAVAHAHADA1BABDBPBPBPBNBKBIBJA/A9ArAkAfAhAXANAG
3514601001001,A9BIBTBYBpBnBUBIBFBAA/ApAjAXASAJAKAAAFA/BMBSBSBmBiBSBFBFA+AvA5AYAZAXASAIAEAC
3514700001001,BDBBBbBdBPBQA/BBBHBCA5AxArAgAZAWAKAGAEBHBBBTBVBRBHBJBFBCBPA0A4A0AdAUAbASAGAL
3514809001001,BRBiB9BnBJBHBDA/BAA4A0AnAqAeAbAQAHAHABBMBfB2BdBJBJBJBAA6A2AqAoAmAXAVASANAEAE
3514908001001,BDBOBfBdBqBjBXBRBLA9AzAtAfAZASANAIABACBEBKBWBNBZBXBRBIBGA5A5AnAiAYAXAPAHABAD
3514924001001,A9AzBSBVBmBnBhBYBLA1A3A9AsAgAdAZAKAEAAA3A2BABHBRBTBVBMA5A/A9AuAoAbAbAYASAKAD
3514957001001,A7BFA/BIBhBiBPBIBRBEBCA6ArAcArAaAOAFAAAyA/BGBKBOBXBLBABOBKA2AzAoAuATAPANAJAA
3515004005001,BRBcBnBgBcBgBWBLA+A7AqAmAdAJAGAEADACAABVBcBgBbBgBlBfBLBGBBA1AoAZASAMAFACACAC
3515004005002,BJBOBiBYBaBeBVBNBGA1AmAqAeAQAOAJACABABBMBNBfBXBbBjBoBSBKA+A/AqAkAcAKAIADAAAD
3515004005003,BZBOBiBdBpBhBQBHBEA6AuAsARANAKADAAAAAABNBPBdBkBjBiBdBOBLBGA9AiAeAWAFAKADABAB
3515004005004,BMBTBeBQBeBsBjBUA9ApAtAjAiARAMADAEAAAABJBUBXBWBfBxBsBUBCAyAuA5AmALANAIADAEAC
3515004005005,BQBcBpBdBbBdBdBQBOA0ArAhAXANALACADAAAABOBUBkBfBcBlBmBXBMA3AxAlAaAQAFADAHABAB
3515004005006,BWBRBbBZBaBjBbBNBEAzAsAlAXAQAIADACABAABJBSBiBZBjBpBnBUBLA9A6AoAjATAIAFAHABAB
3515004005007,BRBRBeBWBWBkBZBMA9A3ApAnAiAQAMADADABAABGBPBYBXBhBpBoBTBIA7A+AuAlAcAMAJACABAA
3515004005008,BSBaBsBfBZBhBaBXA+AyAkAoAYASAHABABAAAABNBRBkBbBfBpBnBaBGA4AxArAaAOANAFADABAB
3515004005009,BTBcBkBmBjBZBTBKBIA2AxAaAXAXAJACAAAAADBSBPBoBhBlBZBYBUBKA6AzAjAZATAKAJALADAA
3515004005010,BEBKBTBOBeBYBPBJBFA/AzAxAfASASAEAJADAABMBKBYBXBjBiBZBRBJBHA+AyApAWAPALAGACAC
3515004005011,BRBTBnBhBYBdBbBVBLA2A1AdAZAKAIAEADABAABOBRBkBaBdBfBiBaBPA9AvArAcAMAHAGAIABAA
3515004005012,BUBOBdBUBTBTBSBNBQBDAuA4AdAQATAFAJAAAABIBNBbBZBRBWBYBVBQBBBEAiAhAaANAJAFAFAD
3515103003001,BJBYBqBeBcBNBHBNBGA8A3ArArAVAUAOAEAGAABBBSBmBaBSBVBNBLBGA/A0AnAoASARARAEAGAB
3515103003002,BGBSBfBSBTBYBYBLBGA8A6ApAfAbAQAJAFAEABBGBQBeBRBbBZBcBRBIA/A5AtAgAXAQAMALABAE
3515103003003,BDBXBpBdBYBZBRBHBAA3AtAvAdAcAVAPACABAABQBRBhBdBZBVBZBLBBBAA/AkAeAcAQAJAIACAC
3515129001001,A6A6BJBSBVBHBMBGBTBNA/AuArApAmAWAOADACA3BEBEBTBNBEBHBTBCBLA0A7AzAvArATAIACAA
3515152001001,BSBYBfBdB4B/BeBJBEA9ApAeAaARAMALAIABABBPBOBXBVBrBnBUBCA/A1AlAhAYAUAOAMAGAAAC
3515186003001,AvA3BABOBTBNBIBCBHBFBAA0A2AgAdAPASAHACAqAxBFBIBRBMBGBLBQBOBPA4A1AnAjAvAXAKAL
3515186003002,A/BHBZBTBWBWBUBSBIBFA7AwAkAdAYAGAJAEAAA/BGBYBTBWBVBRBOBQBAA7A0AdAjASARAIAEAB
3515194001001,BSBaBaBdBhBZBSBEBDBDAuA0AcAcARACAFADAFBOBSBZBcBeBUBLBDA+BFA1ArAgAbAOAQAIADAA
3515202001001,A9A8BDBMBUBVBSBLBJBIBEA4AwAgAaASAPAGADAuA+BIBEBSBSBNBLBGBKBEAwAwAkAiAYAUAGAC
3515301001001,BNBHBiBsBdBTA/A9BVBTA4AlAmAVAbAQAHADADBHBBBJBbBUA9BLBRBKBIA6AnAiAkAOATAQAGAA
3515350001001,BIBTBoBjBPBIBJBNBIA7AzAsAgAhAaATAMAAADBEBRBhBdBTBIBNBLBLBCAqAxAcAlAYAPADAEAC
3515400001001,A8BABQBVBRBPBHBBBFBABBAzAuAhAXARAJAFACBIBIBWBTBRBQBKBHBHBIBDAxAwAiAaAWAPAFAE
3515509003001,A3A5BIBMBOBYBTBPBNBMA5AyApAaASATALADABA9A+BGBLBUBbBYBTBTBMBDA1AeAxAaAWAJAFAB
3515509003002,AyBDBTBRBPBIBLBSBYBNBCAxApAVAgAOAIAHAAA2A8BLBUBKBKBVBUBWBMBHAyAxAdALAWASAFAC
3515509003003,AsAsA8BCBRBSBCA7A+A/BFBDA3AvAbAhAOAKADApAuA3BEBOBIBFBBBGBSBQBKA/AxA4AgAVARAK
3515509003004,AxBGBPBWBTBWBNBIBJA/BDAtAqAgAfASAJAGACA3A/BHBNBTBOBPBKBKBKBLAxAuAnAhAQAKAFAH
3515608001001,A3A6BCBEBOBKBMBDBCBIA5A7BEAhAlAcAPAIABA2A1BABKBRBPBIBNBTA9A7A7AxAvAwAgAOAFAE
3515657001001,AzBDBLBXBJBNBhBLA5A2A4A6BPAjAmAOARADACBBBRBWBABUBRBEBIBIA6AzA3ArAgASAYAYAHAA
3515707003001,BQBWBsBeBhBhBRBDBFA4AsAiAUANAEAIAAAAABBQBVBmBdBiBmBcBQBPBLAvAtAdANAMAEAGAAAA
3515707003002,BVBcBtBuBbBRBKBKBPA6A2AnAaAOAKACADABACBLBUBqBjBbBTBTBSBLA/A1AhAXAVANAEAEADAE
3515707003003,BDBHBZBUBXBWBOBJBCA9A/AoAXAcAJAPAGAFABBABJBXBVBgBeBZBQBJBGA6A8AqAbAXAMAKACAE
3515707003004,BOBdBoBlBaBYBVBOBGA3AuAkAeALAIAFAAAAAABLBXBrBdBdBhBbBTBKA9A0AoAcAQAPAGADAAAA
3515707003005,BXBZBtBiBeBZBQBQBGA2A4AaATAJANAAADAAAABPBZBlBlBdBeBXBWBNBCAwAqAZASAKAFACACAA
3515707003006,BVBSBqBlBlBgBNBGBEA5AoApAaAKAKAEABAAAABRBWBmBdBlBfBaBPBPA/A1ApAUAYAIAHAEAAAA
3515707003007,BRBXBoBjBfBdBUBMBHA8AtAjAWAPAIAFACAAAABNBUBrBhBfBfBaBQBKA9AxAnAaARANAFAEACAB
3515707003008,BMBQBbBXBkBcBOBNBFA8A4AkAYAVAOAHAEABADBHBLBbBcBdBdBYBSBIBAA+ApAfAaAQANAHACAD
3515806001001,A2A1BgBhBCA7AzA+BRBQA0A0AoAtAnAxATADAGAjA1BPBOBIBCA2BABbBOBKAqA4A4AjAfARAKAE
3515905001001,AmA7BABRBNBNA9A9BRBHBABEA9AsAiAeATAHAAAaAyA3BJBBA9A/BLBLBXBGBNA8AvAtArASAGAI
3516002001001,A/BBBIBKB0COByBVBHBEA/AlAmAhAUASAQABADA4A6BMBLBLBCBBBABEA6A0ApAsAfAYAbALAFAE
3516101001001,A1BMBNBWBLBHBHBCBMA/A9A0A7AYAmAHALAIAEBABCBRBRBHBOBJBFBMBIA4BIA9AlATAYASAAAG
3516200005001,BYBhBtBmBhBXBNBGBBA7A0AdAYATALAFAEAAABBTBdBsBpBeBWBJBLBIA8A0AiAcAQAHAOAEACAA
3516200005002,BOBYBgBbBaBUBSBTBHA/A3AsAfATAKAEACADAABUBUBdBaBYBaBZBSBJBBAyAyAVASAQACAJABAC
3516200005003,BTBXBbBbBSBQBaBbBSBFA6AfAbAGALAJAAADAABJBSBfBbBPBeBnBcBTBGA5AZAaAOALAIAEACAB
3516200005004,A8A5BKBbB3BZBLBBBFBIA+AyAjAXAUAHAHABAAA0A8BGBWB4BZBQBKBGBNBIA0AtAgAUAJAJABAE
3516200005005,A9BGBNBUBRBQBOBUBRBDA2ApAoAfAKAPANACAABFBEBPBLBLBZBbBdBJBGA2A+AwAaAXAaADAEAD
3516200005006,BMBQBYBlBiBZBOBEBMBMA3AsAaATAOADAEAAAABABLBZBaBfBTBTBLBTBQBAArAcATAQAJAEAAAE
3516200005007,A8BLBTBcBeBXBJBABCBMA+A3AiAWATAMAEAAAABIBBBOBaBfBWBNBEBJBSA9A/A2AUAPAKAFADAD
3516200005008,ArA2BDBMBaBNBHA9A6BGA5A5A0AjAgAWALAHADA1A2BABPBdBSBNBEBKBIBKBBA6ArAnAWAXAOAG
3516200005009,BPBVBmBlBZBLBNBIBHBEA8ApAcAbAOADAEADAABOBRBYBaBVBUBQBPBOBDA3AsAiAYASAGAFACAD
3516200005010,AyA6BCBOBYBUBJA8BBBGA+A2AyAgAZAQATAEACA4A+A/BKBXBVBFBEBIBIBFBGBFAlAjAgANAGAG
3516200005011,BWBgBxBdBQBVBXBgBYA+AfAjAXAMAHAIADABAABgBaBlBZBWBZBjBcBOA4AhAiAXAHAOAEABABAB
3516200005012,A/BMBSBTBZBVBOBBA/A7A7AwA0ARARAJADACACBABFBOBQBaBZBTBIBHBMBOA/AxAYAXAPANALAA
3516200005013,BBBQBlBkBYBMBDBVBTBSA+AlAhASAGAKAHAEAABEBOBcBcBUBNBNBaBWBMA7AlAWAZAPALAFACAA
3516200005014,BFBSBeBVBdBZBLBHBGA+A2A2AoASAUAHADABAABJBQBUBbBbBWBUBHBJBJAxBDAjAWATAFAKACAA
3516200005015,A2BBBOBbBfBXBFBGBNBNBAA4AiAXAZAGAGAFAAAzA+BMBPBfBWBOBMBYBOA5BFAtAaAaANAKACAC
3516200005016,A3BCBKBPBXBUBOBEBEBBA0A2AoAbAgANAKAEAAA5A+BIBMBYBUBKBOBOBKBEBFA4AuAaARALAHAA
3516200005017,BJBaBhBTBYBgBYBQBEA9A7AhAdASAMAFADAEABBVBSBfBYBTBeBcBQBJBCAzApAZAXANAPAFAAAC
3516200005018,BIBQBXBUBfBeBQBNBMA/A0AuAhATAOAGADAEAABGBNBTBYBbBcBTBSBPBFBBAvAhAYARAKADAEAA
3516200005019,A7A9BJBVBZBMBCBBBCA+A0A8AnApAbANAPAJAFBAA3BGBLBTBOBEBABLBJBAA8BAAxAmAcAPAKAF
3516200005020,AgAoA2BCBLBFA9AzA5BDBJAqAqApArAfAUAPAKAlArA2A8BYBHBBBABKBIBCBLBJA9A7A0A6AdAI
3516200005021,AxAvA7BBBZBcBTA6A8A/A2A9A5AnAiAWAIAFAEAmAyA6BFBWBaBPBDA/BIBJBDBDAvAxAkAXAMAD
3516309003001,BWBaBqBgBiBfBUBHBDA6A4AiAdAIAJAEABACABBGBSBhBfBhBeBVBOBJA9A5ArAdALAJALAFAFAC
3516309003002,BMBSBiBeBgBfBVBGBBA1AzAsAcAPAKAJAEACABBMBRBhBbBgBjBWBJBJBCA6AnAeAXAMALAGAEAA
3516309003003,BbBfBrBkBgBbBRBLA/A0AtApAZARAIAFACABABBXBYBpBhBdBdBUBHBDA5A9AkAfAQAKAGADABAB
3516309003004,BaBfBuBrBiBVBRBBBBA0AwAkAXANAIAJAAABACBfBiBtBlBcBZBZBMBAA6AyAlAYAQAEAGAFAAAA
3516309003005,BXBfB4BiBlBcBWBGA6AzAvAqAYAOAHAKABABAABRBVB8BdBkBkBJBIBBA4AyAoATAQAIAKADAAAB
3516408003001,BRBeB0BbBPBdBXBNBHAzAyAjAgAUAGAKAEACAABVBeBtBcBRBeBeBUA8A2AxApAZAUAPACAAAFAA
3516408003002,BeBfBsBkBaBhBXBHBDA0A4AcATANADAEADACAABOBcBsBgBbBeBZBRBHA6A1ArAfAOAEAGACADAA
3516408003003,BYBWBkBaBZBiBgBJBBA2AxAjAXAIAMAHAFAAAABKBVBjBfBkBpBdBUBIA6AmA1AkALAJAEAEACAA
3516408003004,BIBOBgBfCYCXB7BdBLA7AzAnAZASAMACADAAAABKBLBUBVBKBPBLBEA8A2AnAlAWAHAPAEADABAA
3516408003005,BGBLBVBTBiBfBaBIA/A3A0AyAkAXANAJAEACABBHBIBSBTBaBmBbBQBEA/A7A5AlAWAQAQAHAFAB
3516408003006,A9BFBMBZCECABqBUBEA5AyAsAcAUAQAIAGAEAAA8A9BKBKBhBjBZBIBEA7A7ApAuAUANAJAHADAD
3516507001001,A9A/A9BIBTBVBABJBcBCBWAqAuAiAuAaAHACADAxAuBABCBCBLBABSBTBTBLAzA2AyAlAWALAEAD
3516606001001,A1BABPBZBMBOBSBHA/A6BMA0AyAmAgAVAMAHAABDA6BNBJBMBRBJBOBDA+BIA1A3AhAZAYARAJAB
3516705003001,A9BJBWBWBZBSBSBHBEBAA6AyAqAdAUALALAGACBEBCBVBYBSBRBSBNBJA/A+AyAyATAVAOASAEAE
3516705003002,A8A/BJBLBRBNBOBBBAA/A5A6AnAdAeAUANAGACA3A8BFBLBUBOBVBGBMBHBMA4AzApAkAaASALAI
3516804001001,BAA/A/BDCwCfBgA/BBA6AxAvAoAlAWATAHABAABLA9A/A/BVBPA/A6A+A5AzAyAsAjAZASAQACAA
3516853001001,BKBRBVBbBoBgBUBPBOBDAvAuAjARAOAQANAHACBFBJBPBeBfBZBKBMBFA6AlAwAmARAVANAJAFAC
3516903001001,A0A8BKBMBYBRBHBDBOBIBHA1A2AcAhAZAOAFACA5A2BABRBUBJBJBKBMBTA/A+A0AhAaATAKAHAF
3517000001001,AzBCBIBOBsCLCABUBHBAA+AoAgAfAdATAJAEABA8BBBPBMBDBDBEBDA4A4A2AvAoAoAaAUAMAFAF
3517109001001,BCBDBWBWBKBPBNBKBOA6BCA6AlAnAbARAGAFADA/BIBVBTBGBQBLBQA9BGA6AyAwAfAaAVAIAIAJ
3517208001001,BJBOBWBXBdBUBSBJBHBDA2AuAhAfAVALAKAGABBFBDBYBTBcBYBLBLBJBAA3AwAgAcAWAOAJAEAF
3517307001001,BDBNBWBdBWBaBFBEBEA4A6AtA1AcAZAPAJACAABNBHBbBSBRBPBMBFBFBCAxAyAiAnAaASAMALAG
3517406003001,A8BGBRBKBWBXBXBRBIBABEAtAqAcANATANABADA8BABHBIBQBoBTBIBFBEBBA6AsAeAhAPAKADAF
3517406003002,BBBFBTBQBWBYBWBMBKBFA7AwAmAXAcAJAGABAABFBEBPBPBVBUBWBSBSBFA7AuAsAjATAPAJACAD
3517505001001,A8A9BHBQBlBYBWBRBRBIA9AvAlAeAYAQAKADABA6A+BLBJBVBVBUBPBNBDA/AuAoAkAaANAKAHAD
3517604001001,BGBdBqBiBKBFBJBIBIBAAxAwAkAnAdAOAHADABBHBRBnBfBLBIBFBFBCBCAmA6AjAZAYAUAKAFAA
3517703001001,BOBXBXBZBWBbBYBFBBA9A2AtAkAZARAKAGACAABPBUBYBTBTBYBRBKBAA7A3AuAlAdAXASAIAEAB
3517802001001,A2BABFBIBPBHBHBNBLBMBHAwApAtAeAdALAGAFAyA7BPBFBNBJBKBMBJBNBEA1A8AdAsASATAEAD
3517901001001,BMBMBOBVBhBkBUBFBIA+A8AqAkAmASAPAIAEAABOBBBPBbBcBSBIBEBGA6A1ArAqAaAfAOAJAGAC
3518008001001,A9A9BPBMBaBABEA2BHA8BIA6AtAgApAXAQAEACBCBEBDBHBGBQBKBIBTBUA+AuAqAnAqAZAUAHAE
3518107001001,BKBTBjBcBbBVBSBHA8A0A+AsAkAdAYAIALABABBHBOBWBTBVBaBIBEBDA6BDAtAjAlAWANALAIAA
3518206003001,A3BCBOBKBSBaBOBBBGBKA4AvAqAiAXAVANAGACBDA5BFBOBUBQBRBOBJBLBJAuAwAbAnAdAKAIAF
3518206003002,BBBBBQBSBTBSBMBKBLBLBCAuAoAdAfAQAGAEAAA1A8BGBMBZBPBIBNBQBOBAA0AvAoAlAVAGADAB
3518305001001,BDBRBgBZBXBUBSBKBHA9A1AxAnAYAVAQAGAFABA+BIBXBXBQBbBRBIBHBDA1AyArAaAOAQAIAIAE
3518404003001,BMBWBeBYBMBQBUBPBKBEA3AoAiAVATAHADAKAABFBaBfBZBXBXBYBTBHBBA4AkAjAVAXAJACABAA
3518404003002,A/BIBVBcBUBVBNBLBKBIA7A0AiAVAVALAGAAABA7BDBSBVBaBWBTBUBQBLBBA6AoAZARALAHAEAD
3518404003003,AzA6BGBRBQBRBLBJBIBGA6A3AiAhAUAVAKABABA1A4BHBOBVBWBSBNBRBSBGBFA7AnAiAMAQAHAD
3518404003004,A3A4BJBPBVBRBMBEA+BEA3A0AnAjAZAPALAHACA0A4BEBLBTBVBMBHBLBOBJA8AzAwAsAaATAKAE
3518503001001,AzA/BNBUCXC3ChBtBVBAAtA0AdAaAXALAHAFACAzA7BHBGA9A+BCA7A1AwAsAkAdAWAVALAIADAC
3518602003001,BfBbBgBiB7B5BWBFBCA0AvAbAVAQAMADADABAABOBUBhBhBsBpBRBBA5A4AXAvAWANAJAQAJAHAA
3518602003002,BCBFBTBWBbBkBSBLBMBEA0AyAlAQAVAPAIAEAABBBDBIBTBZBbBVBNBLBHBFAmAmAaAUAUAIAIAC
3518701005001,AxA0BEBGBEA/BDBFBLBKBHA6AtAqAkAZAHALAAAtAwBBBEA+BKBHBSBXBUBABQAyA6AgAgAUATAF
3518701005002,BFBKBUBZBXBTBSBLBMBCAsAzAiAQARAMAGACAAA9BABVBQBUBcBaBVBQBGBCA1ApAeAZASAHACAA
3518701005003,BeBlBqBmBnBeBWBJBDAvArAcARAPAHABADABAABSBgBuBpBmBgBZBMA/A4AzAeAQATAHAIAEABAA
3518701005004,BEBDBQBOBYBQBTBTBRBNA9AzAdAiANANACAAAAA/BBBNBPBVBeBbBYBSBMBAAvAdAeAMAMAPAEAA
3518701005005,BbBeBrBnBeBbBYBSBDA3AxAcATAWAFABAAAAAABZBcBnBiBdBdBdBQBFA6AvAfAQARALAHAFADAB
3518701005006,BVBVBgBdBdBVBUBLBMBBA1AmAXAUAIAFAAAAACBUBXBcBZBZBaBaBWBMBLAyAoAXATAMAGAEAAAC
3518701005007,BBBJBWBVBVBVBPBLBMBEA0AtAeAZAVAJAGACAABJBHBVBWBUBTBWBSBSBJBAArAhAgAWALARAFAB
3518701005008,BCBFBPBNBVBYBNBGBCA9A8AwAqATAUAIADAGAFBABHBNBOBZBaBRBLBKBFBHA0A0AZAhAZANAIAC
3518701005009,BPBSBfBcBQBMBPBGBNBEA6AsARAUAIAHAJACADBMBLBZBWBcBXBSBVBPBOBJAdAmAcAQAGAJADAD
3518701005010,BFBJBVBUBVBTBNBGBJBBAzAsAjAQAWATAGACAABDBHBXBWBUBXBOBQBOBGBDApApAkAbAYAIAEAE
3518701005011,BRBPBdBSBbBaBUBKBCA2AvA5AhAWANAFAKACAABBBQBcBUBaBeBXBOBEA/A+A1AmAWARANAFACAE
3518701005012,BCBOBZBOBSBRBSBVBMBCA6AoAeAfANAIAEABAABABLBSBTBTBaBfBdBPBHA6AxAgAbAUAMANADAC
3518701005013,BrBuB8BnBeBZBWBGA8AuApAbASAMAAAIADACABBfBmBvBhBXBcBYBJBBA2AvAbARAPAKAIAHACAA
3518701005014,BZBWBgBXBbBjBYBPBDA2ArAoAcANAMAEABAAABBRBTBnBbBVBqBiBXBHA6AtAvAhALANAGACAFAA
3518701005015,BMBQBkBhBeBaBVBQBHA/AzAnAXAPAGAMACAAAABGBQBjBfBbBkBeBQBMBFA7AmAZAWAMADACABAA
3518800005001,A5A2BBBBBLBRBUBOBFBLBFAzAnAdAQALAKAFADA0A3A/BFBLBcBiBVBQBXBRA7AzAlAbAcARAIAB
3518800005002,A+BFBMA/BPBcBaBKBAA7AzA2ApAcAYAJAEACAAA/BFBFBCBRBjBgBMBHBFA1BVA0AmAWAbANALAA
3518800005003,A/BFBVBTBdBeBQBHBEA5A6ArAjAcARAMAFACABA9BCBTBUBgBfBZBLBLBHBEAzAtAaAXANAGAHAC
3518800005004,BABABQBFBSBSBOBOBJBEBAApAkAhAKAVADADAAA6BEBJBHBNBVBZBZBNBPBNA2AsAmAfATARAFAB
3518800005005,BFBKBSBRBUBaBYBKBLA9A7AnAfASASAIADABAABDBGBNBTBcBjBdBVBQBKBFAzAoAdARAKAHADAB
3518800005006,BRBSBcBRBZBZBWBRBPBCA5AeAXAQALAGABAAAABLBPBZBTBVBgBlBaBTBFA/AnAfAWANAFAEABAC
3518800005007,A6BABKBOBUBcBWBQBEA+AuA0AgAoAVAKAIACABA8A7BLBJBSBhBeBRBPBIBMAwAuAlAgAQAIADAC
3518800005008,BIBJBWBUBYBdBVBNBIBEA8AqAjAQALADAEADAABHBIBUBQBbBkBcBVBQBGBDAtAiAWAPAJAHABAA
3518800005009,A+BCBIBEBQBTBNBHBEBAA2A0AmAZAVAWAIABACA/BCBKBEBXBbBYBOBOBKBIA2AyAnAgAZARAHAC
3518800005010,A7A7BJA/BQBWBRBMBMBBA5AvAlAaARAOAMADAAA+A7BEBHBRBhBeBXBTBOBNA1AxAiAZAgAMAFAD
3518800005011,AzA3BDBJBQBbBXBNBCBFA5A1AlAcAQAPACAIADA1A5BDBCBOBjBbBTBTBTBRA9ApAqAmASATAHAB
3518800005012,BBBFBGBGBSBfBWBNBEBAA4AtAhAeAUAOAFAEABA7BBBIBFBVBeBaBRBLBJBJAwAuAfAYAeAWAGAC
3518800005013,BOBPBZBWBdBbBRBIBGA7A1AsAaARANAJAFACAABBBJBXBXBbBdBcBOBLBGBFApArAdAQAMAGAEAC
3518800005014,BUBUBiBYBbBXBVBPBKA6AxAkAbANAOADAAABAABHBQBkBbBcBbBbBWBVBAAtA0AmAPANAIAEABAB
3518800005015,BOBaBnBeBeBaBUBQBQA8AvAfAVARALAEACABAABOBUBnBcBdBdBaBXBQA+AxAmAeAMAOAEADAAAA
3518800005016,BaBmByBkBYBQBWBTBMA4AjAmAYAJAHABADAAAABTBhBwBgBZBYBcBXBPA7AtAcAQAPANAFACABAD
3518800005017,BQBTBeBWBbBaBVBTBKBAAzAnAbANAFAEADAAABBPBSBfBVBbBfBhBcBOBEA+AkAaAQALAHADABAB
3518800005018,BRBZBqBbB1BuBmBTBLA4AuAdAWAQADADABACAABPBVBiBbBeBbBWBPBGA4AvAiAYAJAMACAFAAAC
3518800005019,BYBeBtBjBeBXBUBSBKA3AtAaATAJAGADAAABACBUBdBsBkBdBhBcBWBLA9AuAhATAQAIAFACAAAC
3518800005020,BXBWBoBbBdBbBTBPBJA6AyAiAXALAJACABABABBSBYBkBcBjBdBYBUBPA+AyAmAZATAIAGAEABAB
3518800005021,BPBTBcBYBcBeBYBRBNA6AwAsAaANAJAEABAAABBIBQBdBVBeBmBgBZBQBCBAAhAXAUALAKACACAA
3518800005022,BUBSBYBZBhBcBcBKBJA7AzAkAdAOAKABAHABAABLBOBcBYBhBgBcBQBKBAAxAyAgAWANAEAIAEAD
3518800005023,BSBZBjBdBfBiBaBPBHA2AoAoAZAKAGAGACABAABOBWBmBbBfBlBgBUBKA9AtAmAfANAJAFAIAAAB
3518800005024,BTBbBgBjCjCYB1BXBKAwAmAYANAJAFAJAAACAABPBSBcBaBcBaBQBHA9AwAfAdAWAKAIADADAAAA
3518800005025,BOBZBkBbBfBhBaBPBHA4ArAjAYAMALAFABABAABPBWBmBcBlBnBfBSBIA+AvAqAXARAHAJAEABAA
3518800005026,BZBmB1BoBYBTBNBRBKA6ArAfAdAHABAGACAAACBUBiB2BjBcBYBTBUBLA9AwAdAXAIAIAFACAAAB
3518800005027,BMBTBeBTBZBgBXBPBIA5AyApAeAOALADADABABBNBQBfBXBfBjBeBRBNBDA+AqAXAWAMAGAJACAB
3518800005028,BeBtB5BjBYBTBTBQBJA5AvAXARALADACACAAAABbBpB2BiBZBXBYBXBIA6AlAhAQALAGAIABAAAD
3518800005029,BTBaBiBcBeBhBWBQBIA5A1AgAYAMAIAGABAAAABRBVBfBaBjBmBcBTBJA9AzAkAYARALAGAHAAAD
3518800005030,BQBbBoBgBZBVBWBQBJA7AnAzAWAUAJAJAAAAAABRBaBiBdBZBfBYBUBNA8A0AkAYAOAQAGACACAA
3518859001001,BMBRBZBeBaBbBOBCBCBCBAAyApAdAQALAMAFABBDBRBXBYBLBTBMBMA1A2BDAwAoAUAOASATAFAC
3518909001001,A9BRBZBRBTBdBMBQBAA/A7A8ApAjAXATAKAEADBKBDBNBYBUBKBSA9BCA+BEAzApAYAcAJANAHAB
3519006001001,BCBJBWBVBYBUBTBLBCA+BCAkAtAfAVAQAIAIADBCBSBPBUBLBSBOBGBNBDAzA0AhAeAXAeARADAA
3519055001001,BJBJBXBXBZBcBZBYBPBCA4AxAeAaAOALAFABABA6BOBOBOBVBaBfBTBNBCA2A1AkAQAUALAEACAE
3519071005001,BHBFBQBPBVBbBVBSBOBCA3AtAlAVAQAJAIADACA7BDBQBQBUBeBfBaBQBFAuA3AdAaARASANANAC
3519071005002,A6BQBcBdBcBXBRBMBRBDBFAiAbATAOAGALAAAAA5BFBWBbBbBVBVBXBVBIA3A0AhATAQAMAPAAAC
3519071005003,BNBKBQBPBaBmBbBRBLA7A7AwAbAXAIAJADABAABBBHBRBNBeBjBgBRBIBEBFAzAjAUARANAEAAAC
3519071005004,BDBJBdBgCaCTB3BiBQA5AuAdAUAMAGAJADABABA/BIBXBXBVBOBRBLBDA2AqAhAVARAKAHAEACAC
3519071005005,BUBSBeBiBlBXBUBOBFA9A0ApAXAUAJAGAGABAABEBPBYBaBfBhBTBVBJBAA6AjAZAVARAIAJAFAC
3519071005006,BfBcBnBiBjBfBWBPBCA3ArAhATANAJAEAAABAABYBYBsBlBeBeBbBNBFBBAuAiAXANAMAFACABAA
3519071005007,BKBOBgBmBhBZBSBHBNBCA9AkAXARAKAFAFABAABBBKBjBiBgBZBUBSBSBHA3AlAcAUAPAIAEACAB
3519071005008,BSBRBVBZBjBeBTBOBKBHAzApAQATAIAIAKAAAABGBJBZBeBnBfBZBTBJBHA1AoAbAZAOAHAEABAA
3519071005009,A3BABPBOBcBiBbBMBGBBA8A1AmAVARALALACABA8A/BLBMBaBiBhBMBKBIA/A7AnAbAUARAHADAD
3519105001001,A+A/BQBWBhBdBgBOBHBEA9AwAoAaAWASAPAEADA+BEBMBMBLBQBNBKBBA9A2A2AqAlAcAPARADAD
3519204001001,BABJBJBRBYBPBHBLBHBKA/AxApAmAeAWAMAGACA7A6BJBMBOBKBFBEBRBHA1A+A1AgAeAaAEASAD
3519253001001,A/BFBWCUBdB2CCCBByBlBUBDAtAfAYALACAAABA/A7A/BAA7A6A0AuApAsAnAhAWAPAPAFAAADAD
3519303003001,BQBRBeBdBsBqBaBKBFA/AuArAbATARAOAGACAABHBIBUBVBiBaBUBJBEBBAvAqAhATAOAMAGAEAC
3519402001001,A8A7A+BNBiBlBQBGBEBAA+AvAkAlAdAUAOAEAFA8A7BLBOBYBRBNA8BFBCA8A7AyAlAbAeAVAIAD
3519501001001,BHBQBaBaBUBLBKBGBSBHAsAzAnAcAaAVAGAIABBCBGBUBYBGBOBKBCBSA/AyAxA1AeAdAQAGANAD
3519600003001,A3BBBHBPBgBRBSBGBHBBA2A8AqAjAfAPAKAGABAzA8BGBLBWBWBOBJBIBMBEA0AuAkAeAZASAIAC
3519600003002,BCA/BNBWBeBlBXBOBFBDAzAxAeAWATALAIAEACA+BABMBSBeBdBVBSBOBKA4AvAmAeAVAOALAFAE
3519709003001,BEBXBkBjBNBUBQBOBIA/AyAzArAkAXALAJAJAABCBUBkBVBOBSBIBIA6A9ApAzAcAeAYAQAHACAE
3519709003002,BKBYBlBeBYBRBRBMBKBDAuAyAjAmAWAPAKAAABBCBSBiBVBPBPBMBKBCA6AuAxAkAdAOARAGADAB
3519709003003,BMBPBYBTBYBbBTBHBBBBA4AoAgAZATAMAMABAABEBKBdBVBZBhBTBLBEBBA3AyAlAdATAKAJAFAC
3519808001001,BJBPBRBPBvBoBVBHBEA+A2AsAgAaATAJALAGACA+BABOBUBZBYBQBHBFA/A7AyAiAjAXAPANAEAC
3519907001001,BBBDBPBVBNBNBHBEBIBEA9A0ArAiAaAWAQAGADBBBABSBWBNBKBLBFBKBJA8AzAqAmAbAXAPALAD
3520004001001,BHBUBRBaBWBhBOBLBIBFA7AnAiAbAPAJAJABABA+A/BSBSBkBSBWBKBUBPAzArAgAdAVAQAJAEAB
3520103003001,BABEBKBPBnBgBWBGBABFA4ArAhAgAWANAJAFAEBEBEBKBRBTBZBOBGBIBCA8AzAlAkAaAVANAGAI
3520202001001,BIBTBgBVBMBUBNBGBFBABEAxAyAeAaANAFADABBDBLBWBUBSBLBNBMBKA8AxA7AmAZARAMANABAD
3520301003001,BGBXBfBXA/BDBFBKBCBBA8A1AxAfAfAUANABABBDBWBcBQBABGBLBFBEBDAzA2AmAuAkAUAFAIAB
3520400003001,BTBUBdBjBdBoBqBABKA8AuAsAbAQAJAIAEACABBNBOBPBPBdBpBhBLBJA4A2AhAdAVANAKAGADAC
3520426001001,BCBPBgBNAzA6A8A1A/BEBDBQBFApAjASAGAEABA8BIBaBJA9BDBDBFBGBOBPBBA8ApAeAQAIAAAB
3520442001001,AwA7BNBVBSBCBFBMBNBGA7A7AtAlAfATAGAGACA2A1BJBTBQBIBPBYBUBNBHA/A8AfAYAOANAFAC
3520509005001,BMBQBZBbBuBtBfBSBIA8AyAgAdAKAKAIAFAAAABMBPBXBaBlBoBaBPBJA+AtAmAZAPAPAGAEACAB
3520509005002,BGBFBZBaBqBsBdBGBDBCA3AvAYARARAFAEADABA4BHBMBVBnBlBWBFBLBLA9AvAdAVANAVADAFAC
3520509005003,A7BBBLBQBWBaBWBOBMBGA7AyAlAbAVAMAKADABA4A+BIBLBTBaBaBRBOBJBBA0AsAfAWAUAKAHAD
3520608001001,A0A+BOBcBaBTBVBGBKBLA0AwAuAjAbAUAJAHABBAA4BMBLBZBJBNBOBMA9BBA3AsAlAhASANADAD
3520707001001,AxA6A7BKBTBKBLBABDBHBNAzA3AwAcAPAWAKAFAoA5BEBJBHBNBFBEBJBCBZA/A+AsAmAXAQAHAM
3520806001001,A4A/BXBSBXBQBWBFBCBHBFAxAmAlAYAXAJAHACA4BABPBHBXBNBHBNBKBIA/AqAsAcAkAdANAJAD
3520905001001,BFBMBfBUBgBXBJBNBKA3A1AvAhAiAUAYAKACABBIBCBHBQBQBFBFBJBKBKAwAuAoAtAbAWASAKAD
3521002001001,BLBPBdBZB2B6BnBRBGBAA0AwAfAXANAGAEAEAABMBOBXBRBTBXBNBDA7A7AzAlAfANAOAOAIACAC
3521101001001,BHBRBVBkBpBcBdBQA/A5AvAuAdAeAeANAHAFAABNBRBZBVBOBZBPBHBDA3AsAxAfAXAdAFAKADAC
3521150001001,A9BABSBSBWBFBTBJBMA+BAA2AyAqAeAQAQAEACA7BABIBLBOBRBOBJBFBKA3BBAhAsAXAYAJAEAE
3521200001001,BMBXBuBlBKBWBQBDA3A4A3AoAXAkAQATANAKAEBQBYB4BmBNBDBKBBA4A0A3AlAaAfAQAeAGAFAC
3521309001001,BABSBTBVBqBsBfBQBCA/AzAqAkATATAOAFACAABFBUBUBSBZBYBTBJBBA9A0ApAiAWAXAQAHAFAC
3521408001001,BIBHBMBMBnBoBVBQBKBBA/AtAbAXARANAHACABA+BCBNBQBZBjBUBOBHBJA2AvAiAeAXANAKAEAB
3521507001001,BEA8BPBXB4BrBbBEA/A+BFAuAxAbAPAMANAJABBKBDBGBEBRBQBGBDBBBBA8A3AsAXAVAWAIAIAF
3521606001001,AzAuBCBcCTClB5BPBIBEA7AsAvAcAnAXAQABAAAkAwA8BCA4A2A6A8A4A+AyA7ArAuAhAdAQAEAC
3521705001001,BJBQBjBgBOBMBEBHBHBFA2A3ArAcAVAPAKAFAABEBHBkBXBNBTBEBGBMBAA2A0AjAgAaANAIAFAB
3521804001001,BJBJBYBPBcBeBkBbBRBOA8AyAfAhASAKAJAEAABDBMBUBRBLBWBMBDBBA7AvAzAXAdAYANAJAEAB
3521903001001,AxA8BHBLBaBPBPBIBHBKBFA1AuAoAkAVAPAFADAvA0BABJBLBNBNBGBNBEBBBAA1ApAjAYASAGAC
3522000001001,A/BNBcBSBwBdBIBPA7A8A8BBAeAyAUAOARADACA7BGBRBNBOBbBCA5A7A9AwA4ApAeAhALAWAHAE
3522109003001,BaBiBzBeBSBIBIBGA4A6AnAoAWAbANAMADAAAABXBeBwBdBUBUBTBSBEA6A5AnAgAfASAIAEACAC
3522109003002,A9A/BJBHBDBHBJBCA/A7AwBIAsA0APAQAOAGACA3A+BGBHBIBPBRBHBCBEBXA/A3AvAnAoAYAMAB
3522109003003,BNBaBgBUBJBMBIBJA5A2A6AkAqAnAVAHAEAFAEBTBRBWBYBIBZBXBFBHA7A5A5AsAfAcAKAMACAG
3522109003004,BSBYBgBRBGA/BFBBA7A7A1A/A6AdAcAQAHACACBPBQBbBNBHBIBIBDA/BABDA7A7AeAaAWAFAHAC
3522109003005,BDBKBbBUBBA+BAA+A/A6A4BCA4AoAdAYAMACABBGBMBbBOBDBGBGBEBABDA9BIA6AuAgARAJAGAB
3522158001001,A5BbCIBfA7A5A7BPA7BDBGArA1AdAlAaAPAJAFA5BDBuBUA2BABMBCBCA2AuA/AuAbAVAaALAPAB
3522208003001,BOBYBrBVBRBZBVBOBAA2AzAoAhAWANAGAFAAACBMBUBfBTBYBiBbBVBHA8A5AtAeATANATADACAA
3522208003002,BjBjBxBoBgBXBJBQBJA2AyAYAPALADADABAAAABUBcBxBiBiBbBWBSBRA5A4AbAZANAEACACACAF
3522208003003,BYBaBpBZBYBeBZBOBJA0AqApATAVALAFAEAAAABVBXBfBgBeBkBhBSBGA4AyAkAgAKAIAHADADAC
3522208003004,BDBIBQBZCoCUB0BhBPA4AxAlAWARAMAJAFAAACA/BIBRBOBOBVBMBPA9AyAuAjAdASAMAEAEADAC
3522208003005,BOBXBnBgBbBeBTBMBHA1A3AkAXAVANAFAEAAAABKBSBlBaBaBlBcBQBIBBA4AkAcASAKAIAFACAC
3522208003006,BMBPBdBZBaBhBUBNBEA6AwAjAYAZAKAHADABAABPBOBeBXBdBnBdBZBKBDAzAuAeAPANAPAHADAA
3522208003007,BIBQBiBaBVBWBTBNBLA6AwAsAaAUALALAFABABBJBPBiBdBYBbBYBYBMBDAyAwAcAWATAMAHADAA
3522307003001,BBA7BQBRBPBTBIA9A9BGBGApAqAXAWANAMAGAAA4BHBKBaBVBYBIBDBJBNBHA/ArAuAcAXAVALAC
3522307003002,BNBZBeBbBZBYBWBLBDA+AtAvAcAXANAIABADADBPBRBbBaBVBfBWBPBFA8A4ArAgARAWAOAHAFAC
3522307003003,BWBZBnBhBVBQBNBHBJBCBIAkApAWAZAMAGAHABBOBTBbBaBKBNBPBEA6A6A7AlAoAVASAMAGADAB
3522307003004,BLBfBhBcBZBUBNBPBEA+AyAqAiAdAJAHAGAEAABIBXBhBVBTBUBcBNA/A8A4AqAeAYAOATAJAHAA
3522307003005,BCBPBYBaCtCYBvBPA9A3A0AiAWARAMAGAHABAAA/BJBQBTBXBRBJA+A8A7AzAqAeARAOAIAKACAA
3522307003006,BFBFBeBXBPBXBPBEA/A+A2AuAiAbAXANAJADADBEBKBYBUBSBdBSBGBDA/A7A4AtAlAWAPASADAF
3522307003007,BBBBBOBNBPBWBNBFA+A/BBArAmAbATATANAAADA6BEBJBRBSBXBUBKBFBJA+BAA2AlAeAbAQAFAI
3522406003001,BPBkBoBkBXBPBOBFA9A9A5AaAhANAVAQADACAABRBaBsBjBUBTBQBGBLA/AxAiAdAZARAHAHAFAC
3522406003002,BFBNBeBYBZBSBMA+A9BCAxAsAmAYAPAPAHAGABBKBMBXBeBYBWBVBMBIBIA6AzAjAjAVAUAIAAAB
3522406003003,BHBcBnBbBUBbBRBGBEA9AtAnAVAaAZAMADABAABIBTBcBbBYBcBZBKBIBBAxAvAgAeAUAKAHABAC
3522406003004,BOBgB3BmBTBSBQBIBEA9AyAoAfAdAQALAHACABBUBfBxBgBQBNBOBJA9A5AxAgAgASANAJAFABAA
3522406003005,BGBGBWBZBQBSBJBBBBBBA2AuAmAUAWAPALAFABA7BEBRBYBZBWBVBOBLBKA9A2AjApAcAaAJAHAD
3522505005001,BEBIBaBTBWBiBWBMBBA8AwAsAZAgARAGAHADAABCBFBVBTBeBiBcBNBMA/BIArAjAYAYAOAOAAAE
3522505005002,BcBYBjBcBgBcBWBMBDA5AnAmAXAPAJAGAGABAABMBTBeBbBgBpBbBPBIA8A3AiAfAYAMAHAHAAAA
3522505005003,BRBbBsBkBgBgBbBPBGA1AtAjATAQAKABADAAAABZBaBkBYBfBkBjBRBEA4AwAoAfAJAHABAEABAA
3522505005004,BiBpBrBnBqBZBTBOA/A0AsAdAVANADAEACACAABdBbBsBkBhBiBUBPBGA5AxAYAUAJAKAHAAAAAA
3522505005005,BWBLBaBTBhBmBVBIA+A2AzAlAmAKAFADACAAAABNBOBaBdBjBpBaBNBFBAA9A4AiAVAMAMAIABAA
3522505005006,BeBmB0BmBdBXBXBLBBA0AiAfANASACAFABABAABcBiBvBjBeBfBbBNBGA1A3AfAcAHAFAMACABAB
3522505005007,BZBgBpBkBlBhBPBNBFA1A6AZARAMAFAIAAACAABQBXBvBjBfBiBWBNBNA8A0AgAaAOAIABAGAAAC
3522505005008,BUBaBhBiBkBkBTBPA/A3AoArATAQAJAGADAAAEBMBSBgBfBmBkBZBOBFA+AvAnAlAOAIAEAFADAC
3522505005009,BVBbBiBeBcBfBgBIBLAzAzAVAQARAIADAAACAABXBdBrBdBhBiBiBYBGA3AxAiAlAIAIAHAEADAA
3522505005010,BPBdBkBhBeBkBUBNBKA0AuAgAcASAGAFABAAACBPBQBsBfBlBlBZBLBIA7AuAqAZALALAFALAAAB
3522505005011,BWBdBvBbBUBXBYBSBFA9AyAhAfAHAGAHACACACBYBVBnBWBVBeBfBaBNA+AuAmAaARAHAEAEACAA
3522505005012,BaBcBsBgBZBUBVBPBDA5AsArAeAQAFAFAFAAAABOBaBmBgBRBcBcBWBHA5AuAoAbARANAFAJADAC
3522505005013,BaBmB0BlBYBaBNBHBCA0ArAdAZAMAJAHACADAABfBhBpBqBWBYBYBOBJA7AwAeAgAMAJAHADAAAD
3522604003001,A+BLBZBYBQBdBUBVBNBFBEAxAqAbAWAPAFAEABA+BEBUBPBOBaBXBPBDBBA+AoAgAdARAOAMADAA
3522604003002,A0A7BHBYBdBbBLBIBHBIBHA4AiAYAOAOALADAFAuA7BIBaBaBTBOBLBQBVBPA3AwAcASARAHAKAE
3522604003003,AuA2BEBKBYBTBNBFBLBEA+A7AuAoAYAVAOAHADAvAyBHBNBOBSBLBHBNBEBBBAAzAmAjAkAXAMAD
3522653001001,BUByB3BhBLBSBKBKA8AuA8AcApAVAaAPAHAJAABUBlByBjBQBGBNA/A5AtAmAjA0ARAPAQACACAA
3522703003001,A1BBBHBMBcBbBQBMBKBFAtA8AqAhAcAVAHAEACA5BBBJBQBTBSBRBMBKBEA5A7A0AeAdAXAKAKAC
3522703003002,A2A8BIBSBaBYBOBMBIBKA9AtAyAWAWAcAOAEABA3A/BKBRBRBRBJBLBMBJBHAsAxAhATAhATAGAB
3522802001001,BNBNBYBTBOBSBIA/BABBBAAzAsAfAZAQAOAFACBDBRBXBOBFBPBJBCBBBCBIAyArAjAZAYALAEAC
3522901001001,BNBKBZBRBgBdBPBMBABCA8AzAkAbAUAIALACABBGBHBIBXBTBUBNBCBFBAA8AzAmAWAaAYAQAHAD
3523008001001,BFBIBdBlBVBUBQBNA/BJA4AwA0AaAWATAJAHABA+BLBNBRBOBGBPBHBJBAA4A3AfAmAVATAIAFAA
3523107005001,BVBjBxBtBYBUBRBNBLA6AuAhATAPAIAEACAAAABXBfBuBmBeBZBWBNBMA/AvAZATAMAHAHADACAD
3523107005002,BIBXBoBhBkBaBVBGBJA2AxAnAWAQANAFADABAABPBVBgBiBjBfBWBKBIBBA3AmAcASAJAKAIACAD
3523107005003,BXBYBoBlBhBaBRBNBKA2AxAiAUALAJABAAABAABPBaBiBgBnBdBcBQBKBBA4AjAVAUAHAIAEACAA
3523107005004,BaBdBtBdBXBYBUBRBGA4ApAiAUAPAJAEABACABBOBYBoBdBZBgBaBWBNA9A1AkAWAWAJAIAGADAC
3523107005005,BLBVBdBVBgBYBVBLBDA2AwArAYAVALAGABACAABQBUBbBVBdBjBbBVBKA/A7AzAkAVAOAIAHAAAA
3523107005006,BLBPBdBaBhBdBQBJBCA/A4AjAdAQAMAKAGABAABGBPBaBcBpBfBTBRBMBDA+AoAhARATAJAHACAB
3523107005007,BQBWBpBhBcBeBVBRA/AxAnApAbATANAGADAAAABOBSBlBkBfBbBeBNBCA+ArAvAfAYATAHABABAC
3523107005008,BSBeBsBcBfBaBaBKBDA4AuAmAdANAKAIACABABBbBXBkBgBiBhBaBKBEA9A0AkAZAQAKACAEAAAA
3523107005009,BTBfBrBhBdBWBUBPBCA7A1AfAPAVAPAEAAAAAABOBWBuBgBhBbBYBPBGA4A6AgAZASATAHABAAAA
3523107005010,BVBfBvBjBjBdBVBMBEA6AzAnAPARAHAHABAAAABRBcBiBeBeBeBZBOBGBAA2AiAWAMAHAGACAAAA
3523107005011,BVBVBkBdBVBdBUBMBFA5AxAwAaALAMADAEABAABKBPBiBaBgBeBfBSBHA5A0AzAgAVALAIAFABAC
3523107005012,BkBlBvBgBXBcBYBQBEA1A4AXAcAKAHAEAAABAABZBfBlBhBZBiBeBSBAA3AtAjAUAKALAGADAAAA
3523107005013,BMBbBhBmBjBeBQBCBGA7A3AeAbAQAGAEACAAAABKBXBkBmBkBgBPBNBKBEA8AhAeAMAKAMAHACAB
3523107005014,BdBqB4BpBcBSBLBLBKA2AmAlAUAIAHADADAAAABeBkB6BmBeBUBVBSBLA6AnAhAPAOAHACACABAA
3523107005015,BZBhByBjBdBWBTBFBCA4A2AiAZAJAKAEACAAAABQBgBtBhBdBdBVBLBDBBA0AjAZARAIAKABACAA
3523107005016,BZBpB0BjBbBcBOBKBAAwA1AgAPAYAPAEADABAABQBiBxBjBZBbBVBLBAAwAoApAdARALANACAAAC
3523206003001,BIBRBgBbBVBRBMBJBDA4AuAvAgAbAPANAIADABBKBUBfBgBSBXBQBMBFBCAzAzArAVAWASAKAEAA
3523206003002,BDBSBiBkBUBLBHBHBBA8A+AqAkAcAaAMAMADAABFBLBiBbBRBOBJBIBBBCA3AyAnAeAXAVAKAFAE
3523305002001,BSBXBnBfBKBLBLBGA7A4A1AuAoAiAcASAPADACBNBSBmBiBHBKBLBBBCAzAxArAlAnATANAVACAB
3523305002002,BjBoBxBpBLBNBMBCA7AzApAmAnAWASALAHAAAABcBlB7BjBQBWBLBIA7AyAsAfAXAaASALAIABAC
3523404003001,A7BDBTBKBeBiBiBQBMBBBAAtAdAXAVADADACAAA/BGBKBOBbBmBdBWBTBEA3A0ArARAOANAHAFAB
3523404003002,BMBOBYBTBqBsBbBRBJA9AzAuAeAXANAGAIAAAABJBOBXBTBjBkBVBGBOA9AsAwAVAXANAMAGAAAA
3523404003003,BIBNBWBWBnBfBVBOBIBGA0AoAcATAQAGAEABAAA+BMBZBTBgBjBZBRBNBFAxAqAeAXATANAFAEAC
3523404003004,A8A9BCBGBVBdBZBJBCBBAyA8AoAeAYATALAEABAwA8BCBCBYBdBWBLBLBMA8A8AqAsAfAZAUAMAE
3523404003005,A8BDBQBQBbBYBRBNBKBJA7A5AmAYASANAHAEABA7A/BNBVBUBYBTBRBLBJBJAvAqAZAVAPALAEAB
3523503001001,BUBUBmBcBmBcBTBLBEBAAuApAdAVAVAKAFACADBPBUBVBgBYBXBMBFBBA5AwArAeAXAUAOAFAEAE
3523602001001,A9A+BDBnCxChCEBfBLBAAzAkAUAiAQARAEADABA5A9BBBNBGBGA7A8A7A2ArAoAZAcATALANAIAC
3523701001001,BHBWBkBgBTBQBNBFA9A+AwA0ArAfAYAWANABABBLBQBZBZBSBJBOBJA9A6A0AyAkAdAWASAGAGAD
3523800001001,BABIBTBaBnBeBVBEA9BMBCAxAhAhAaAWAHACACA9BDBLBSBXBQBOA7BGA+A2A6AiAmAaAOAMADAE
3523909003001,BFBHBVBWBdBXBVBSBHBEA9ApAiAYASAGAEADAAA/BFBQBTBZBbBaBRBOBKA5A0AhAbAOAPAMADAC
3523909003002,BYBdByBiBhBcBWBSBGA6AvAdAUAMAIAEAEAEAABSBXBpBnBcBZBXBVBKA5AyAZATARADAKAFADAA
3523909003003,BOBSBgBnBmBkBLBGBFA+A4AnAbAUANALADACAABEBNBcBfBeBdBKBKBIBHA6AmAgAQAOAOAGAEAB
3523909003004,A6A5BBBRBUBhBTBOBABGA2A4AsAbAPAPAIAAADA1A5BGBLBYBdBZBKBKBLBNA5AlAjAeAXATAIAI
3523909003005,A6BABKBPBWBeBZBLBHBCAvA9AnAUAXANAMABAAA6A1BHBIBWBiBbBRBLBLBGAzApAcAfAXAOAFAD
3523909003006,BJBKBUBRBXBeBiBWBMA/AwAkAUASAVALAIABAAA9BJBPBOBYBoBlBTBLBFA0AtAmAhAWALAGAEAB
3523909003007,BBBFBSBTBYBZBWBMBJBCA8AxAlAbAXAOAIADACA9BEBRBNBVBWBRBMBLBDA8AwAqAfAUAUANAFAB
3524006003001,BdBbBgBZByBwBoBQBCA6ApAmASAOAIAFAJAAAABVBVBXBWBkBqBcBOA+AzAsAbAVAOANAFAEABAB
3524006003002,BGBLBTBRBdBjBcBQBPBCA3AvAkARAPAIAGADAABCBFBPBPBVBhBfBTBMBDA9AoAfAZAUAKAHAEAE
3524105003001,BABMBVBYBXBcBVBMBBA9A9AqAcAjAXANAGABAABCBKBaBRBRBbBZBNBHBDA2A1AkAjAZAOADAEAC
3524105003002,A4A8BLBNBSBXBLA7BABBBIAxAuAiAcAUAOAEAAA1A3BHBKBPBUBNBFBFBNBFBCA2AqAZAnAVAGAE
3524204001001,BDBIBDBaBqBiBMBJBMBAA7AvApAXAZARAJADACA8BCBQBRBdBUBJBEBEBCA2ArAuAgAeATAQAEAF
3524303003001,BCBOBWBaBaBPBVBIBKBEBEAmAjAVAQAJAHADABBABLBVBaBTBXBVBWBNBDA9AuAnAZALARAJAGAB
3524303003002,A8BFBIBOBUBWBVBHBAA8A1A2AjAcAbAQAIAGACA+BEBNBTBXBXBUBGBFBBBNAvAtAmAfANAUALAG
3524303003003,A1A7BGBQBgBdBQBEBGBFBBAxApAhAWAQAGAGACA2A5BCBHBXBaBSBLBJBLA/BDAxAjAfARAKAMAI
3524402005001,ArAxA8BABJBNBDA+BCBBA+A4AzAnAgAcAMAHACAuAvA7A9BLBMBPBHBIBPBIBRBIA5AoAvAZARAI
3524402005002,BJBNBWBSBWBaBRBKBKBBAzA0AnAaASAHAKACAABFBIBRBUBaBTBVBKBIBDA5A6AtAaAWAMAHACAC
3524402005003,BCBLBTBSBUBeBaBNBJA+A7AvAhAXAQAJAFABABBGBGBRBPBXBkBaBQBLBJA+A2AsAPAQAOADAFAB
3524402005004,BEBRBkBhBYBSBJBKBOBCBAAmAZAYAPAIABAEACBBBSBbBZBYBTBTBQBVBJA+AmAbAcAPAJAIAEAB
3524402005005,BAA/BKBOBUBUBRBOBFBGBBA6AmAcAUAIAFACABA8A+BKBMBSBYBZBTBOBQBEA/AvAcAaALAIAGAC
3524402005006,BMBVBrBjBZBOBNBLBKBAAwAtAaAXATAJADAFABBNBWBhBdBYBSBWBLBLBAA0ApAhATAVAEAGABAA
3524402005007,BLBLBUBQBTBZBhBTBHA+A8AoAjAXAOAFAFACABBKBHBPBLBSBkBiBVBJBGA/AyAmAcAMAIAJADAB
3524402005008,BXBVBjBVBJBWBdBYBQA8AuArAbARAIAEAAADAABNBRBgBSBNBeBiBhBUBAAtAuAiANAJAFAKACAA
3524501001001,A/BJBQBRBfBqBfBKBMBGA3A3AoAQAXAOAGACAAA9A7BQBPBYBbBWBRBKBJA2AnAiAbAWAQAIAEAB
3524600001001,BXBYBoBhBMBMBMBFBFA+AqA6ApAYAUASAIADADBGBTBiBZBKBNBQBDBBA/AyAuAlAdAUAPAJAEAF
3524709003001,BAA7BHBQBqBrBXBIBDA9BAAlAqAZAOASAIAEAAA2A+BEBQBfBgBbBOBHBDA4A3AiAlAWAbAMAGAD
3524709003002,BGBLBXBRBYBfBcBZBKBAAwAsAaAdARAKAGACABBGBEBVBQBaBhBcBVBKBCA4ArAfAWASANAGAFAB
3524808003001,AyA6BHBKBLBRBNBHBIBHA2A4AsApAaAeAIACACAzA4BJBKBOBSBQBOBNBOBKA2A1AoApATAQAJAF
3524808003002,AzA8BHBPBSBPBOBFBMBKBDA4AuAnAbAVAKADACAzAxBBBHBNBRBPBOBRBPBIA+ArAqAjAXALAGAD
3524907001001,BNBKBUBaBcBeBWBCBEBGA3A9AkAfAWAPAGAGACBEBQBZBTBLBSBMBNBDBBA7AkAoAYANAMANACAE
3525003003001,BHBOBcBRBmBmBTBOBEA8A1ApAZAUAMABAEAAAABMBIBUBcBnBpBaBQBQBAA6AqAZAVAKAQAHAHAA
3525003003002,BaBXBpBaBZBlBiBMA/A5AnAlAXANAFACAAAAAABPBUBiBhBnBpBgBZBBA7AsAwAdAJAGAFAFAAAB
3525003003003,BVBVBfBfBlBjBXBJBKA4AqAmAWAOAHAEABAAACBPBXBfBjBrBoBWBMBPA+A5AdAWATAIAJACABAA
3525003003004,BOBQBaBUBdBlBbBLBLA+AvApAYAQAMAGAEAAAABHBKBaBUBhBqBcBUBIBAAwAxAoARAQALADACAB
3525003003005,BMBVBiBbBeBhBaBMBLA/AzAqAXAKAGAEAGABABBMBNBbBaBiBiBdBVBRBEA5AqAbANAGAGADADAB
3525102003001,A/A+BHBMBUBbBNA/BCA9A9A6ApApASAWAGAJAGA6A7BDBJBVBTBRA+A/BABABKA5AmAkARAXANAG
3525102003002,BXBUBpBhBcBWBOBIBLBDAvAvAjARANANAFABAABLBVBYBXBaBUBRBNBIA8A6AjAfAVAQAHAJADAA
3525201001001,BGBOBWBZBWBeBUBSBHA9AyA0AhAeARALAJABACBHBMBXBZBSBZBUBNBCA8AvAzAnAXAXAPAJAEAC
3525300003001,BJBDBKBNBOBZBhBTBQBEBDAsAiASARAJAHAAACBBBBBHBKBOBlBgBSBOBPBDAzAvASAJATAMADAD
3525300003002,A4A6BDBLBXBdBNBBBABFBHAzAuAWAnAQAJAGACAwA7A6BJBcBfBJBBBKBPBGA+AtAqAlAbASAGAB
3525300003003,BGBPBUBaBZBXBSBQBNBJA/ApAgASAMAHAJABADBABHBXBYBXBaBZBSBJBKA1A0AeAcALALAEAGAC
3525300003004,ArAoAzA/BJBTBHA7A5A/A6A/AtAlAiAiAkANABAsAmAyBBBKBTBFBEA/BFBFBMBNA0AqBGAoATAI
3525300003005,BKBLBQBMBNBjBiBaBRBIA6AmAeARAKAHACABABBIBHBLBJBbBkBpBbBSBLA/AjAYARARAIALABAB
3525300003006,BMBPBXBRBjBgBVBGBAA+A1AsAiAaAVAUAHACABBHBLBUBQBSBUBOBDBDA9A3AzAkAgAXAeAJAGAE
3525300003007,A+A/BKBLBXBUBUBMBABCA/A8AoAdAXAGAIAFABA5A7BGBMBWBaBVBMBJBIBKBDAvAgAYAUANAJAC
3525409001001,BRBZBdBbBcBVBUBbBLAsAsA3AoAVAUAKAEAFACBIBOBcBWBbBLBLBQA+A6ApAsAjAUAgAPANAEAA
3525508001001,BBBIBJBYBYBUBKBIBFBBBGAzAoAgAjARAIACABBBA9BDBRBUBUBLBLBEBGA6A4AuAmAXAVAOAEAF
3525607001001,BEBQBfBbBcBPBaBPBFBFA0AiAlAZAdAFALAHAABQBEBQBhBgBPBPBABQBFA4AoAYAaAVASAKAEAB
3525706003001,A8A/BLBUBiBZBOBEBGBAA3A0AzAeAPARAPAFAAA0A3BHBVBUBRBRBGBIBLA9A3ApAkAcAoALAKAD
3525706003002,BABLBOBWBYBjBXBMBIBABIAnApAUAWAMAFADACA/BEBTBWBcBVBVBJBMBDA7ArAoAYAWAQAHACAE
3525805001001,BABRBaBbBOBUBLBEBFA0AxAxAxAeAXALAQADABA4BZBiBhBRBMBLBDBIA6A+AsAqAcAjAXAIAGAA
3525854001001,A5BUBRBZBuBqBjBFBGA7A8ApAcAdAUALANADACA/BMBIBXBmBNBSBFBGA4AzAkAkAXAZAUAOAFAC
3525904005001,BFBMBSBYBbBiBcBMBJA/A5AyAmAVAJAHAHADACBIBHBQBQBeBaBXBMBQBAA1A2AlAWAQAIAGADAE
3525904005002,A/A+BNBGBWBhBcBVBLBDAwA9AcAmALAKAHABABBIA9BBBJBRBkBgBUBNBNBMApAaAgAXASALAEAC
3525904005003,AnArA3A1BGBWBWBIBLBFBFAzAyAsAjAnAEAHABAsAtAwA5BEBVBeBSBJBNBLA/BDAxA1AjAXAJAD
3525904005004,BCA9BJBNBZBVBUBNBOA/BBA3AmAfAUAOAHACAAA2A6BGBHBSBaBZBSBMBJBDA9AiAyAfARAGADAB
3525904005005,AvAvA7BCBNBXBRA+A/BIBBA2AvAuAdAZANAEAAAtAuA3A+BTBZBOBJBKBKBKBGBAAuA3AkAWAIAA
3525904005006,AoAoA0A1BQBUBIA9BABLBNBAAqAlApAXAOAKAEAnAmAoA6BLBWBKBFBJBUBOBPBEA0AvAtAgARAL
3525904005007,AuAwA0A+BRBeBSA6A8BGBBA2AdAuAjAVASAMACAnA0A0BEBMBaBRBEBJBQBGBGA3A1AvAXAhAeAG
3525904005008,A6A5BFBFBHBJBJBHBbBVBIA5AlAjAWAJAJACACA1A7BBBKBIBQBQBdBbBZBQA8ApAkAaASAMAJAA
3525904005009,AdAiAuA0BCBUBFA8A+BFBABAAuAsArAiAaAHACAdAlApAvBEBSBHA6BFBXBdBGA3A8BLA4A7AaAQ
3525904005010,AoAwA3A9BABIBSBFBIBSA6BFAiAtAmAUARAFAAAuAzA2A1A/BQBbBTBYBTBXA+A6AxApAaAXAVAK
3525904005011,BEA9A/BDBhBoBkBaBPBAA8ApAYAaASAOAGACAAA6A3BABEBdBtBjBVBLBHA5A0AlAkAUAOAPAHAC
3525904005012,BLBLBYBbBpBcBbBRBSBDA2AqAaASAOAFAFABAABEBMBSBUBkBcBdBTBQBGAuAnAVATAOAKAJACAA
3525904005013,BAA/BIBHBLBmBiBZBTBNA8AzAnARAJAJAIABABA9A+BCA8BQBqBmBhBTBJA9A8AbAXAKASANAHAD
3525904005014,BaBgBmBWBXBfBuBoBNA2AgAgASAGAEAGACABABBVBbBgBVBTBpB4BbBEA4AeAlATANAKAGACABAB
3525904005015,BABJBSBPBXBUBSBPBOBEBEArApAeAUALAQADACA+BIBOBNBRBZBZBOBGBFBBAqAoAfATALAIAHAC
3525904005016,BFBFBPBUBmBcBYBCBBBBA7AuAZAQAQAGADABAAA8BBBPBaBpBmBSBDBZBSBLAxAjAZAeAFADACAE
3525904005017,BMBJBXBKBSBZBbBYBVBMBFAnAZAWAKAHAHACAAA/BFBGBJBSBbBlBdBWBNA+ApAeAdAKAJALADAA
3525904005018,A4A7BFBLBmBiBOBCBJBAA9A6AfAgAYASAIADABA1A5BABKBZBfBOBEBGBMBDA+ArAwAgAUASAGAF
3525904005019,AoAoA1A5BJBPBDA+BABBBCA3A9AuApAmAOAGABApArA0A3BIBOBHBJBEBRBBBYBXAzA0AwAeAKAG
3525904005020,A5A/BIBNBWBWBNBKBTBFA9A5AqAcAfAJAFADACA8A/BJBKBVBaBMBQBQBNA7BEAwAXAjANALAEAC
3525904005021,BGBQBYBaBgBkBaBJA/A5A7AjAgAVASAIAEABACBEBLBVBUBeBiBVBJBEA8A8AtAjAZAdASAIACAA
3525904005022,AtApAxA6BHBYBTBGBDBCA8BCAwAvApAXALADAEAtAqAyA1BDBcBVBKBKBMBQBEBBA4A2AZAUAYAL
3525904005023,BRBFBNBYBjBvBWBQBFA6A4AlAgAUAPAGADABABBEBEBQBTBlBjBaBMBIBBBCAoAlAaANASAEAFAB
3525904005024,BABABLBPBYBUBVBMBLBFBCAxAjAfAXAKAJAAADA5BBBEBTBSBWBZBUBKBHBJAzAsAkAYARAHAEAD
3526001001001,A3A7BIBNBlBnBgBTBQBFBFAzAnAmAeAWALADADA3A4A+BGBKBBBDBDBKBCA4A4AwAmAhAeANAIAD
3526100001001,BLBXB5BZBGBHBJA/A8A5A7AzAtAlAbAOAIAFACBABUBsBZBGBKBLBHA/A+A4ArAhAdAYASARADAF
3526209003001,BKBcBtBYBVBSBPBJBGA5A3AvAjAZARANAGAFABBPBTBoBaBRBMBVBKBEA9A0AoAjAYAPAJAHADAC
3526308001001,AvBGBWBmBEBDBHA+BMBFA8A1AyAzAbAnATAGABA1BGBTBVA+BDBCBNBJBDA3AyAsAmAkAWAQAOAA
3526407001001,A7BFBRBNBZBZBPBGBDA/BFApApAcAZATAOAFABA5BFBPBQBUBUBRBHBBBFBCAzAxAdAdAZAMAKAD
3526506001001,AfAnAyA0DIE2D5CSBeA+AoAtAQAiARAOAHAEAAAfAfAtAwAtAuAsAoAvAqAoAZAfAWAUAJANAJAD
3526605001001,BXBZBpBaBdBbBMBTA+A5AzAnAgATAPAMAFACABBOBIBjBaBWBaBYBGBFA/AzAxAVAdANARAEAEAA
3526704003001,A6AtA8BBBTBWBOBEBKBLA9A8AxAjAYAOAIAHABA1AxA5BFBOBXBUBLBMBNBQA6AzApAkAdAbAIAN
3526704003002,BSBgBtBmBtBgBaBLBFA6AsAhAfAKAMAEAFACAABGBYBmBjBjBYBHBIBHA3AhArAcAVAMANAGAAAC
3526704003003,AxAzA/BJBYBgBLA/BBA/BGA0A7AjAXASAYADAAApA3A6BLBUBYBHBFBKBGA9BNA/AjAeAoAVAEAN
3526704003004,BPBOBeBgBnBnBcBPBCA6AtAnAYAWAOAKACAFACBRBQBaBbBjBiBSBEBCA+AvApAfATAPAKAFADAC
3526704003005,BLBNBXBdBmBpBYBLBDBCA1AvAjAUARAJAEABAABKBIBVBUBfBcBTBGBDBDA4AqAhAWANANAHAEAA
3526803003001,BCBJBaBiBmBeBMBGBLBBA5AxAfATAMAFAFAGAAA/BKBdBaBjBZBOBLBNBGBDAkAkARAPAPAJABAB
3526803003002,BABPBYBQBNBVBUBXBNBFAoA7ArARASARAKACAGA6BNBZBLBJBYBjBRBIBAA0ArAsAYAaAKAOAGAE
3526803003003,BDBCBOBVBdBfBXBGBHBDBBArAhAaAPAOAIAEABA/BFBMBOBXBjBWBGBHBGA4A1AnAbAYASAMAKAE
3526902005001,BABGBQBVBmBfBQBDBBBGAzA5AiAbAYAHAEACABA7BBBOBXBkBaBLBJBJBMBLAzArAYAWAMAEAHAB
3526902005002,AyA2BABJBXBXBKBGBIBJBKA7AsAhAaAJANAIACAvA0BBBHBYBWBMBNBOBRBQA8AuAmAeAVATALAC
3526902005003,A+BCBMBRBbBeBQBHBEA/BAA3AuAZAWAOAHADABA+A+BLBOBbBXBPBLBIBHBGA5AoAhAaAQAMAFAD
3526902005004,BQBUBgBXBZBdBZBSBNBBA1AqAVASANAEAEACABBKBQBcBYBaBiBcBRBNBEA4AjAaAVALAIAEABAB
3526902005005,BABLBWBRBTBYBfBaBWBGA1AuAeATAMAHAHAEABBDBFBUBNBUBgBnBbBUBHA6AoAaAUANAJAJADAB
3526902005006,AnAmA1A/BKBJBHA8A8BJBBA9A0AwAiAfAZAIACAiArAyA8BJBNBIBGBGBRBXBIA6A+A8AsAlAMAK
3527009001001,BGA7BTBPBOBTBWBNBJA3BEAxAlAdAfAPAOABADA+BDBLBKBbBTBMBQBLBHA5A5AiAnAUAXAPAHAD
3527108003001,AxAxBBBGBQBRBEA+BDBGA/A5AmAoAiAVAOAJACAoAuA/BGBKBSBMBFBNBRBCBLA3AxAxAiAeASAG
3527108003002,A8BHBWBkBgBgBRBMBFA9A0AtAmAUAVANAJADAAA7BCBNBJBSBWBZBPBHBEA+A1AtAcAYATAOAGAC
3527108003003,BDBDBQBPBXBWBPBJBHBCBLAnAoAYAQAMAHAEABA4BABNBMBVBaBQBPBMBMBFA3AqAeAhATAPAHAC
3527207003001,BUBbBlBiBnBYBTBEA9A7A6AdAbAPATAEACAEAABFBXBhBrBaBWBVBNBEA/AuAqASAoANAMAAAEAC
3527207003002,BEBTBaBcBWBZBQBDBBA7A7AqAhAXAQAMAHAFACBLBKBVBTBUBXBWBGBFA9BJAiA1AYAUAOAOAHAG
3527207003003,BFBCBSBTBUBZBMBFBFBEBBApAtAXAUAKAIADABBBBEBNBPBVBZBVBJBIBLBGA0AtAbAYAUAOAIAF
3527207003004,A8A/BJBNBVBPBLBCA+BDA9A5AnAcAXANAKADADA3A8BHBLBWBUBQBJBJBOBMA6A6AuAeAWATAIAE
3527256001001,AwBBBMBZBSBZBIBQBWBBBEA5A2AqAiANAMAGABA/A3A5BMA8BNBSBDBKBGA1A8A3AsAXAUANAEAH
3527306003001,BGBHBSBPBoBpBfBOBIBEA5AiAbAYAJAJAIAEACBGBGBJBTBhBmBeBQBJBAA0AoAdAWAXANAKADAB
3527306003002,BUBCBMBjCLCUBzBRA+AuAjAgASAOALAHACAAAABRBFBKBWCEB/BgBDA8A2AoAaARAPAOAHACAAAA
3527405001001,A+BHBMBOBlBmBkBSBMBIA+AwAuAhAVATAHACADA1A8BDBPBKBDBDBDBIBBA/AwArAkAgATAMAKAD
3527504001001,A/BJBkBMBMBVBTBLA2A0A1BAAwAmARAXAQACAABABOBZBJBDBYBYBAA4AgBBBJBBAqAZAOAPAHAB
3527603001001,BRBZBqBoBjBkBXBJBJA/AwAqAaATALAFADABACBIBKBaBbBiBgBSBIA/BAAvAiAfAOAVAGAJADAA
3527702001001,BIBDBOBQBxB5BVBCBABEA6ApAiAdAcAUAJAHAAA1A+BOBVBbBMBDA4BDBKA+AtAmAfAjASAOAIAA
3527801001001,A+BMBaBWBMBXBMA9A6BIAoA7ArAeAcATAGAFAABLBGBjBXBSBTBQBCBHA9AxA4A0AeAYANAQAGAF
3527900001001,A3BNBYBbBNBYBIA+A/BMBEApAsAYAiASALAJAAA7BHBDBXBVBPBJBCBLA/A4A3AjA0AdAaAQACAF
3528007001001,BEBNBcBYBWBaBNBJBHBHA3AwAfAaAbAJAHAFABBGBJBRBUBZBWBQBEBJBJA8AnAnAYAZAUAKACAB
3528106001001,A2A2BEBKBPBVBIBLBSBIBBA6AwAuAjAXARAEACA3AzA9BKBLBNBGBCBHBKBIA9AwAtAnAcAOAEAE
3528205001001,AyA+BKBTBJBFBKBCBGBGBDBGAwAxAnAdAGADACAxA9BCBJA/BSBKBGBQBHBFBJA6AfAqAOAMADAH
3528304001001,A6A2BRBKBMBRBIBMBNBOBSAwA/AoAnAOALAGABA2AqA7BJBKBABMBFBEBNBNAyA5AsArAVAPAEAA
3528403003001,BHBYBjBcBUBSBUBMBOBBAyAsAfAXANAIAGADAEBKBRBdBZBUBaBSBRBOA/A4AnAjAVANAIAHADAE
3528403003002,BGBMBaBXBTBWBRBKBGBBA6AxAhAeAVAMAGACACBDBIBTBQBYBYBUBHBIBKA1A1ApAbAXAKAIAJAC
3528502003001,BPBNBfBaBdBbBUBNBFA9AsA2AYAXARAEAFACABBKBLBgBaBZBeBYBSBIBAA5AnAmAWAOANADAAAB
3528502003002,A7BWB0BgBYBCBPBXBHBBBBAoA2AgAVALAFABACA9BNBQBTBEA/BdBRA4BEA2A4A3AVARAOAHADAA
3528502003003,A3BKBYBYBRBSBUBRBKBIA+AyAqAWATALAIABACA4BFBPBOBWBbBZBXBMBLA+AvAqAWATANALACAB
3528601001001,BHBHBPBVBYBQBPBDBBBMA+AzApApAWALAFALACBDBABMBRBIBVBIBNBMBFAtA6AmAoAbAVAOAJAD
3528700001001,AzAzA+BYD1DKCIBaBJBDAzAnAfAhAXAJAKAEACAtA5A2A4A0A5A9A7A1A7AyAiAgASAdANAEACAA
3528809001001,A8BDBTBWBbBWBQBLBIBHA+AxAnAgAUANAMACAAA/BIBLBOBXBWBNBIBKBFA+AyAmAnAeAOALADAD
3528858001001,A8BHBGBMBdBUBRBRBBBIA6BIAnAqAYASAKAJAAAsA6BPBFBNBaBEBUBFBGA9A2A1AXATANAfAIAD
3528908001001,BCA2BSBQBkBoBLA9BGBJA1BBArATAhAZAPAIAHA5A/BFBZBWBEBGA6BEBLAuA7AwAoAgANARADAH
3529005005001,BEBGBdBYBxBvBfBYBMBEA+AkAgAUARALAFADAAA4BDBVBSBOBQBRBPBIBDAyAuAcAbAVALAGAGAD
3529005005002,BHBLBgBYBPBTBZBQBNBGArAwAhAPAMAIACAAACBHBMBTBXBUBZBhBeBVBIA2AtAiATAVAGAHACAC
3529005005003,A4A9BLBMBUBOBGBHBHBAA4AwAlAnAZAUAMAEADA2A9BKBQBSBQBMBJBQBMBAA8A/AlAiAUAXAHAH
3529005005004,A1A5BDBGBGBGBHBJBEBFBCA0AxAnAcATAMAHADAxAzA8BEBJBQBRBPBMBSBPA/A1AwAmAfAWARAI
3529005005005,BCBPBjBgBYBQBUBNBIA3A+AhAeAXAKAKAKAEABBEBKBeBcBZBXBYBWBNBAA8ArAkAUAaAOAEAAAB
3529005005006,A8BFBWBVBVBYBQBDA/A5BBAwAcAkAOAQAFAEACA+A+BUBVBZBWBUBKBLBHBCBFAnAmANAXAPAGAE
3529005005007,A5A8BEBOBNBRBTBEBBBEBFAuAkAoAPASAKADABA3AyBGBNBQBaBfBPBKBSBFBQAzAeAjAUAPAFAE
3529005005008,AtAtAxA+BXBXBOA7A6A9BAA1AoAlAeAgASAHAIAxAtAvA+BdBbBPBCBGBJBIBIBJAtAlAvAbATAK
3529005005009,ArAtA7BHBHBKA+BBBBBFBFA5ArAzAlATAPANAAAlArA7BABOBNBHBLBPBSBbA+BGAyAuAlAgAMAI
3529005005010,BCBCBSBSBaBjBUBNBFBAA4AtAiAOAVAKACADAABDBEBOBRBpBjBXBWBOBFA9AzAjAcAUAIAJADAB
3529104001001,AsBNBWBXBIA+BHBVBTBQBBA4AnAeAeASAOADADAwBHBNBTBIBGBJBaBQBCBRAqAoAnAQAaAHAMAB
3529203001001,A6BHBRBTBjBqBaBMBOBDA8ApAkAiAYAQANADAFA6A9BMBRBHBMBCBHBHBHBCAsAoAoAaAUANAFAF
3529302003001,AxA/BNBZBsBcBRA/BGBNBEA2ApASAdAGAGAEAABDA8BFBXBoBaBPBMBPBTBIAqAjASATAPAEAAAE
3529302003002,BABFBZBZBjBdBTBFBHBHA5A3AkAaAVAQAEACAAA+BDBMBTBeBYBRBLBKBKA8AyAlAYATANAGADAA
3529302003003,AyA3BJBOBUBZBVBGBHBFA7A6AoAdAXARALAIACA1A8BGBNBaBWBSBLBLBJBDA+ArAlAcAYARAGAG
3529302003004,A9BEBRBQBUBWBYBPBMBFBFAsApAVATAMAGABACA+A9BNBRBZBcBbBRBQBFBLApAjAbATAPAJAHAC
3529401005001,AxA0A3A9BUBZBOBJBABPBOAyA0AcAbAVAHAJACAkAsA5BGBYBcBSBHBQBZBABFAxAvAoAZAUAOAH
3529401005002,BEBLBbBXBmBfBmBKBIA5ApAuAZAPADAFAFADACBIBJBaBaBsBmBfBOBIA/A1AyAhARAMAHAGADAD
3529401005003,BUBSBkBfBfBiBSBNBNA9AyAnAWAIAIAFADACAABQBWBdBaBlBjBXBSBMBFA1AhAcANAMAGACAAAA
3529401005004,A1A6BFBJBWBbBZBGBJBHBGA0AeAdAVARAGABADA1A6BBBJBWBfBbBQBSBRBGA8AxAdAgANAMAHAA
3529401005005,BLBHBSBSBbBkBVBLBIBAA5ArAVAZAMAFACACABBHBHBTBWBmBoBaBSBQBJBEAnAfAWANAKAEADAA
3529401005006,BCBLBXBNBfBoBTBMBAA9AxAxAcASAPAMAGACACBAA/BXBVBrBoBYBOBKBJA6AxAoANAVAHANAFAA
3529401005007,BYBcBuBiBqBcBaBMBJA0AqAcAUALAFAHADABAABRBaBsBjBqBiBcBQBEA0ApAlAUAMALAIAEABAA
3529401005008,BGBFBZBXBhBiBVBJBHA+A5AoAfASAMALAEAAAABDBLBXBUBoBoBWBOBIBFBHAlAlAYAQAIAEADAA
3529401005009,BJBIBQBJBfBiBXBHBDBBA1AzAbAWARAJAHADAABCA/BUBUBeBlBUBNBJBNBDAyAkAaAOAWAKAFAA
3529401005010,BEBSBjBgBhBcBUBLBOBBArA1AeAQAKAHADADABBHBMBlBhBgBhBWBTBPBCAxApAWAOAMADAFACAA
3529401005011,BWBgBuBrBoBdBVBSBIA1AnAfANAJAEADABAAAABVBhByBsBiBjBYBVBJA3AuAZASAKAGAEAAABAA
3529401005012,BIBEBTBSBgBlBYBKBKBBAyAzAfAUAQAGADABABA/BABSBQBgBkBbBUBIBGA3A6AoAcANAIAFAEAD
3529401005013,BGBRBZBYBlBdBXBMBJBFAvAqAWAPAOAGAFADAABEBKBUBWBiBiBfBVBOBGAxAwAZAcAPAJAEAEAA
3529401005014,BNBNBeBXBhBgBYBJBEA8AiA5AcAOASAGABAAAABOBPBdBXBlBiBXBNBNBGA1AwAhAUAJAIABACAE
3529401005015,BBBJBPBRBiBgBeBPBNA5AyAiAmAVALALACABAABFBGBQBNBhBnBiBYBOA8A/AwAoAYAQANAFADAC
3529401005016,A8A+BIBEBQBZBaBUBQBFA2AzAgAcAVAKAHABAAA7A+BHBFBQBjBgBdBTBRA+A1AtAlAVAQAKABAD
3529401005017,BCBABPBNBaBcBaBRBNA9A5AlAfAWAUAOAFABABA6A+BUBNBeBjBhBWBSBHA8AtAtAfATAQAFADAB
3529401005018,BABABVBnCaB8BhBQBFA+A2AtAbAMAKADADAEABA3A/BPBOBeBhBKBMBLBKAxA1AXAXAJAHAEAFAA
3529401005019,A6BBBMBLBgBjBYBGBJBBA6AwAgAYASAGAIADAAA9A9BPBTBmBjBbBLBMBNA9A7ApAXAXAPAHACAD
3529401005020,BOBSBhBXBnBiBcBRBEA2AxAlAbAJAOADAAADAABKBNBfBVBrBpBjBPA/BAAyAvAbATAJAHADADAD
3529401005021,BQBXBkBYBbBdBWBSBMA4BBASAWAMAPAIABAAAABGBXBjBXBkBeBhBYBRA3AwApAhARAJAJADAAAA
3529500001001,AzA4BTBLBeBkBHA7BQBLBBA0AoAoAgATAJAMADAyA5BJBLBYBIBMBDBRBJA6AwAuAnAcAQAZAIAD
3529609001001,A0A7BKBHBPBMBNBHBPBIBAAxApArAnANAOAGAEA4A7BKBLBPBQBPBOBGBSBIA2AxAgAbARAeADAD
3529658001001,BBBABYBNBLA7BSBDBZBBBHA2AuAnApAMAPAEACBLAuBZBUBIA+BGBWBHBHBDAsAxAkAgASAGAHAA
3529708001001,BGBMBUBXBZBhBTBKBGA9AuA4AtAcALALAJADAABKBRBPBUBTBVBUBLBFBAA+AsAZAmAPAQASADAC
3529807001001,A8BKBXBWBRBbBRBIBABBA/A0AlAZAUAQAMAEADBABIBVBYBQBYBMBDBEBDA2A7AeAeAdAXAPAHAD
3529906001001,BTBeBvBeBKBHBHBDBBA7A0AxAhAfAeARAIABAABTBaBvBcBGBOBMBEBBA6A6AiAoAYAVANADAFAC
3530003001001,AyA+BLBUBMA9A+BDBDBFBjA3A2AjArAUAHAEACAzBFBKBJA9A+BKBcBMA5BNA/BOAYAcATAQAHAD
3530102003001,AvA5A+BGBZB/CGBnBTBMA+AwAsAeAbAOAQAFAEAzAzBABCBBBBBDBHBDBHA3A3ArAoAfAWAKAEAG
3530201001001,A8BQBbBWBRBFBGBGBLBJA+AxAjApAhAXANADADBABEBSBTBIBHBDBGBNBEA7A2AqApAhAPAMAGAB
3530300003001,A9BABJBPBTBRBeBWBPBJA9AyAlAZAOAQAJAGABBAA+BFBNBQBVBcBZBUBMA/A0ArAaAWAJAJAEAD
3530300003002,A4A9BHBOBWBTBPBGBLBIA1A8AiAlAYASALADADA1A5BHBIBVBSBOBLBOBHA9A9AyAjAhAaASASAB
3530409001001,BCBABXBNBHBPBdBBBLA/A/AwAqAuAqAXAJAEABA4BFBIBLBUBPBHBHBLA/A9AwAvArAiAOAKADAC
3530508003001,AwA8BGBOBSBTBHBCBEBGBUAuA2AnAcAKAFAEACAvA6BCBRBMBUBMBHBPBPBBBQAzAmAdAaAQAIAE
3530508003002,BJBMBaBdBiBaBSBKBDBIA8A6AmAZAaAMADAGABA/BFBUBYBTBQBLBEBCBFA4AyAlAdAJAOAJADAC
3530508003003,ApA2BEBTBIBUBBBCA/A9BLAtAlAuAtAXALAIAHAuAzA+A+BJBKBJBKBHBIBOA7BBA6AwAdAXAMAP
3530508003004,BDBIBRBZBXBbBUBOBFBCA+AwAkAfAQAOAHADABBBBGBLBQBSBbBVBIBHBBBBA0AhAdAXAPALAJAC
3530607005001,BDBBBFBGBIBSBXBMBNBOBFAkAVAcAPAQAGADACA4BCBOBIBTBYBfBeBXBUBNAqAqAlAXAUAOABAB
3530607005002,BMBRBgBdBdBMBQBNBFBFAtA6AaAYAJALAFAFACBGBSBhBUBZBSBUBMBMBEA/AlAgAVARAPAFAEAB
3530607005003,BLBSBdBWBeBaBLBDBBA9AzAuAeAZAVAMALACAABDBLBVBQBWBXBPBHBJBGBCA0AtAeATATAFACAD
3530607005004,AsAvA0BEBIBGBEA9A6A7BMAwAkAuAjAZAKAJACAtAuA3BABOBLBJBCBRBSBQBIA7BAA0A3AkAVAJ
3530607005005,BKBFBNBHBSBYBgBRBJBHBDAmAhASAOAIAEAFACBBBEBMBHBSBmBjBYBRBLBEAvAnAeAUARADABAA
3530607005006,BNBZBlBdBYBSBSBKBGA8AzAlAVATASAIAGAEAABLBZBjBhBZBVBYBRBLBBA6AgAhAZAKALAGABAC
3530607005007,BTBeBxBjBgBXBOBMBJBEAwAwAeAQAQAHAEAAAABIBYBpBaBNBIBRBOBKBAAxAlAbAYAMAIADABAC
3530607005008,BnBhB1BfBXBSBZBTBFA5AlAgAQAUAEADAAAAAABZBiBtBfBcBaBeBRBEA7AyAbAYAJANAGABAEAA
3530607005009,BPBXBbBYBhBeBVBIBJA6AyAqAcASAMAEABAAAABaBVBgBXBkBfBcBLBKBDA3ApAaAQAOAFAAAEAB
3530607005010,BTBWBdBXBSBdBXBRBBA5AtAiAZAWAJAFADACABBTBTBfBXBgBmBdBaBQBAAzArASAYAHAMAHAFAA
3530607005011,BIBKBVBUBTBZBRBIBDBGA4AvAfAbARAGAAADAABABIBTBRBVBaBTBUBPBOA6A/AwAPAaAIAEAJAE
3530607005012,BVBQBkBVBZBgBUBGBHA7AsAqAUAUAQAKACAAACBVBdBhBVBbBoBUBNBIBAAzAlAgAVAMAHAGADAB
3530607005013,A+BJBMBNBUBZBSBHBHBFA8AuAfAdAPAZAIABAAA3A/BBBNBZBaBSBNBLBMBEA+AqAlAcAcAMAGAB
3530607005014,BYBkBuBdBXBWBEBABAA8AvA0AhAaAQAJAFAAAABTBcBlBYBXBQBOA/A/A6AyArAjAZATAPAFAGAB
3530607005015,BWBSBpBdBhBVBRBEBIBFA5AlAaALAOAIAAACAABHBOBhBiBhBSBOBPBQBFA0ArAhARATAJAFAAAB
3530607005016,BDBHBJBKBSBmBjBVBCBBA6AjAaAWAMAGACADAABKBCBIBIBfBzBvBTBPBPBBAvAlAVANALAHAGAA
3530607005017,A6BCBSBOBYBYBOBDBCA6A/AvAkAjAYAJALAEAAA6BHBQBRBYBaBMBJBHBGBNAtApAuAfAbAMAFAD
3530607005018,BIBVBrBdBUBPBQBQBDA/A6AtApAbAZATAGAAADA+BRBdBfBPBNBNBDBBA4AzAqAmAgAUANANAAAB
3530607005019,BEBNBWBPBVBbBXBSBCBBA5AvAdAYAKAKAHABAABHBDBVBKBRBjBZBdBKBIBJAxAgAiATAJAGADAB
3530607005020,A7A5BJBGBTBOBNBDBDBHA7AyAoAgAcAPAEAEAGA4A2BKBFBYBPBUBIBPBSBLA1AtAtAiAhAfAEAC
3530607005021,BHBTBaBNBZBeBZBOBEA7A1AuAhAVATADAEABAAA8BNBWBMBbBuBeBPBGBDA5A4AdAYASARADADAE
3530607005022,A7BABHBJBTBQBNBKBBBDA9AwAeAiATARALADAAA8A+BHBKBSBXBQBSBQBRBGBBA7AiAaAZASAEAD
3530607005023,BlByB5BvBaBVBMBCBDA0AsAcAVAJACAAAAABACBgBnB3BrBkBUBRBLBCA0ApAfASAOAFAEAIAEAA
3530607005024,A4A9BLBMBIBJBMBHBHBFA9A/AzAjAUANADAJAAA4BABUBHBKBQBTBNBOBRBGBDAwAiAeATASAIAD
3530706003001,A7BBBNBSBTBhBbBXBJBHA5AzAjAaAPANAFAAACBDBABNBSBZBpBgBQBOBKA0A6AjAWAMAMAGAEAC
3530706003002,BZBXBvBpBeBbBSBTBHA8AxAZAPAXAIANADABABBLBXBpBqBaBZBUBTBGA5AsAhAgANAIAEAFACAC
3530706003003,BDBPBfBfBdBXBXBOBQBGA1AsAVAgAPAFACADAABFBMBaBcBcBcBTBOBQBJAsAvAcAPAMANAEAFAB
3530706003004,A7BCBOBOBaBiBdBGBHBEA5A6AxAZAVALAIABAABBBABKBSBgBhBPBFBHBIBEAzAiAYAaALAFAJAC
3530706003005,AuAzBCBPBXBaBMA/BABEBBBKA4AlAfAVAJACAAA0AzA7BDBXBYBJBHBGBQBUA8A2AgAgAjALAHAA
3530706003006,ArAzBABKBSBSBFBGBNBOBEA7AxAlAeATAMAHABAuAvBABGBTBRBJBLBTBUBEBFA8AnAhAWASAIAD
3530706003007,AxA0BABIBWBXBTBEBJBFBIAyAwAlAgATAHAAACAxA2A9BEBQBYBRBBBNBRBTA9A9AsAjAVALAIAD
3530706003008,BKBMBWBZBbBaBbBSBGA7A1AyAkAZALAMAGADABBCBLBWBTBYBaBbBJBHBABEArAiAYASALAGAEAA
3530805003001,A2A4BBBJBOBTBQBHBIBHBIAyAuAnAUAPAPAEABAyAzA7BEBRBWBOBFBMBRBJBBA0AoAgAiAaALAD
3530805003002,A2A3BEBMBSBYBLBHBJBABFA6AwAiAYAVALADAEA1A2A7BLBRBXBIBJBHBLBVA5A6AnAhAWARAHAE
3530805003003,A+BDBJBUBXBWBbBPBLBIA4A5AmAaARAMAGAEABA4A/BLBPBVBZBUBPBLBNBJAwAmAaAaAOANAHAD
3530805003004,BIBUBgBkBcBYBUBQBOBDA2AkAbAZAIAJAEABAABNBKBiBbBWBXBSBRBLBCAtA0AbAVAXAEAFAAAB
3530904001001,BKBNBhBgBcBeBLBKBNA9A2ArAdAaAcARAAAGAABKBIBWBTBVBNBRBIBFBEA4AkAhAjAZASAFADAD
3531001001001,A0A8A+BCBfBJBOBKBHBcBGA5AzAvAnATARAHACA4AuA/AzBFBGBKBKA/BbBBA6A3AwAkAiAEAIAC
3531100003001,BbBNBJBWBcBABNA+BLAzAzArAuAiARASAIABABA+BJBhBUBLBABhBDBPA+BKBAAsAYAZASALAIAE
3531100003002,BKBOBdBIBaBaBRBFA4A9BBAxAsAxAZAPAIACACBFBLBYBDBBBFBEA9A6BCA5BJA7AnAfATAIACAB
3531209001001,AzA5BMBRBTBRBIBOBJBOBDA3AyAiASAUAPAKAABBA+BEBLBLBLBLBKBKBJBGAxA1AbAiAZAPAJAB
3531308003001,A1A8BKBLBTBVBRBGBLBHA3A5AhAoAkARARAAAEA5A1BDBKBQBOBQBKBPBCA7A9A4AgAkAcARAOAE
3531308003002,A3A7BNBNBVBdBPBNBIBDA6A+AnAcAbAOAJAGACA1A6BJBPBTBZBRBMBLBKBHA5AwAhAZARANAHAD
3531407001001,A9A9BBBJBYBdBSBKBKBFA7A3ApAjAbAOAMAJADA7A7A9BKBUBSBRBLBMBFA8A+ArAoAfAYAUAEAB
3531506001001,A/BABTBYBbBXBMBIBJBCA5A1AuAdAWATAJAEABA0A7BKBRBYBTBKBLBMBHA6A4AmAjAcAWAOAIAF
3531605001001,AqBEBIBVBFBHBRA6BGBLA/BJAwAkAgAQATALABA1A5BRBDBPBHBFBEBLBFBEA7AyAyAcAeAVAIAG
3531704001001,A6BTBeBdBLBGBGBJBKBCBIAyAxAoAfAVASAFAAA/BLBVBIBABEBOBOBABGAyA0AmAgAmAKAMAGAB
3531803003001,BCBCBVBTBeBbBZBOBJA9A3AzAlAZAKAQAIAEABA8A/BNBRBdBcBYBPBKBJA2AzAoAZARAXAQAFAA
3531803003002,BRBVBkBeBeBZBeBRBFA2AxAlAbAVAOAJAFABAABNBPBlBbBcBbBbBTBAA4AxApAfAUANAKAGABAB
3531902003001,BRBMBaBXBqBrBeBLBGA+ArArAcAWATAIAGADABBKBNBRBYBfBhBQBGBBA7AsAuAkAYAPAJAGAHAB
3532009001001,BBBJBVBUBcBdBaBGBIA+AyAzAqAaAVANAHAFACBFBGBUBTBWBXBaBSBEBAA3AsArAdARAKALAEAD
3532058001001,A+BOBMBZBYBaBXBFBGBLBBAvAqAjAOAFANADAABEBHBMBeBXBZBRBBBKBFA1A3AZAYASAWALADAF
3532108001001,AyBABIBHBFBDA3BMBQBaA/A+A9ApAhAWASAHACAuA5BPBHA6A9BHBKBMBLBCBCA2ArAwAdAMAFAH
3532157001001,BQBRBhBfBXBRBSBQBLA+AeA1AdAcAZAHAMAAAABBBfBfBSBbBLBQBTBNA0A1AsAdAhARAOAIAEAA
3532207001001,BBBXBSBcBTBVBTBKBRBCA5AqAkAaAUAQAOADACBBBJBdBsBWBIBPBHBQA4A1AmAjAXAYATAFADAF
3532306001001,A9A6BdBPBHBGBFBGBTBLA+BCAtAuAsAZAPAJADA7BLBaBNA9BFBBA4BBA+A3BAAvArAfASAMAEAE
3532405001001,A9BJBbBZBXBVBRBLBIA8A+AuAwAjAfARAKAFAAA5BHBWBOBVBLBNBHBEA9A9AqAnAhAWAVAOAGAC
3532504001001,AuAyBABDBQBVBSBIBPBOA/A8A0AjAeAeAPAHAAAtAzA6BCBQBSBGBPBMBKBKA2AyA2AkAYAUAKAC
3532603001001,AxAyA/BHBUBKBHBEBJBQBEA+A2AsAhAWALAFAEAxAxA7BDBOBOBIBFBTBKBLBAAxA0AiAjASAJAB
3532702001001,BMBHBKBcBqBqBgBRBQA/AzAsAmAgAYAPAEADABBCA3BHBJBlBQBVBKBDA9AxApApASAUARANAGAC
3532801001001,A8A+BLBMBRBRBSA/BGBEBBAvAwAhAeAWARAKAAA7A4BRBJBQBPBNBIBIBKBGAoAsAnApAYANAOAB
3532827001001,BPBhB+BvBSBYBNBKBAA6AhAvAcASAWAOABAAAABPBhB5BmBSBVBKBFA/A5AmAkAcAUAKANABAEAB
3532843001001,A1AlBOBBA9A5BABKBLBVBCBUBQAzAaAeAXAGADAfBBBCBBA5A4BPBCBABNBRBHA/AlA1ATATAIAF
3532868001001,BdBCBEBbBAA/AvBMBcBHBJAuAlArAWAbADAFAAA0AzBqBUBEBbBLBeBQA3AmBAAsAlAnAVAFAGAC
3532900001001,BLBJBLBRBjBaBWBRBCBCA6AsAgAcATAMANABABBOBMBXBVBVBhBTBKBDBAAzArAjAXAVAOAJAHAA
3533007001001,BABBBPBTBfBfBSBIBGBGAyA2AtAYAaARAKAFABA7A+BRBMBWBSBVBIBGBCA7AwApAhAaAUANAKAF
3533106001001,BBBHBOBOBKBFA9BKA0BJBYA9BBAYAlAQATAGAAApA2BQA8BJBBBKBEAzBTBVAzAuAoA0AmAUAFAA
3533205001001,BRBIBWBfBZBbBUBKA+A5AwA4AYAYAUASAHAGACBLBVBQBTBTBZBbBIBKA9A5AnAbAkAOASAOAGAC
3533254001001,BbBQBQBkCFBzBnBKBEA5ApAeAhAXAQAWAMADAABPBLBKBfBjBVBNBGAzApAkAdAdAYAYAQANACAA
3533304001001,BDBJBQBSBjB3BkBUBHAuA7AzAtATATAZANAEACBBBGBFA/BQBaBNBGA+A+A+AoAjAkAdAVAIACAC
3533403003001,A6BEBZBZBiBfBeBgBPA7A+AdAdAPARAMAEABAABOA+BUBIBeBkBpBRA8BRBAAoAZAaATAJAFACAA
3533403003002,A1A+BKBQBcBZBOBIBPBHA6A+AtAZATATAFAEAAA5A9BIBPBRBZBQBPBOBNBIAyAnAeAcATAOAEAC
3533502003001,BMBRBUBUBcBaBRBNBIBAA7A3AlAeAPAMAGAKAABCBJBWBQBQBNBOBMBJBABDAlAqAfARAPAEAGAA
3533502003002,A9A+BEBJBZBXBNBIBIBCBBA2AlAiAaAOARAFACA5A9BCBNBTBNBNBIBMBJBCA4AvApAkAVAUALAC
3533601001001,BBBEBPBUBhBWBNBHBGBHBFAvArAdAZAPAFACAAA5A/BNBPBbBLBMBGBQBDBFAxAlAdAiAVALAJAG
3533700001001,BFBDBUBYBZBKBGBEBJBLBAAzAxArAQAWAOAIABBABLBOBKBYBLBBBEBEBFA+AtAvAYAZAeANABAB
3533809001001,AxBPBSBeBABBA/A3A+BGBMBGA2AjAiAgANAGACAzBGBSBGBABAA7BMA/BMBXApBCAjAuAYAPADAA
3533908003001,BLBMBTBWBcBhBOBOBGA/A3AtAnAcAUARAHAEAAA/BIBQBTBZBXBQBGBBBBA0AtApAfAYARAMAGAD
3533908003002,A1A4A9BLBVBXBPBFBEBCA/A2AvAgAZAVARAGABAwA3A6BGBYBWBPBIBMBGBSA1A5AnAjAdARAPAG
3534005001001,BDBYBeBSBjBLBPBQBHBDA+ApAgAdAQAbANADAABCBABJBWBQBSBRBMBQA9BBAfAkAuASANAEAHAE
3534104001001,AwBFBIBTBZBWBEA+BGBEBDA5AnAfAYAWALALADA3A+BQBLBXBLBFBKBMBVBAAyAvAjAgAZAQAJAF
3534203001001,BNBMBVBSBlBqBgBXBRA+AvAoAWAYAQAJAIABACBFBMBSBYBlBgBeBUBAA0AnAsAZAWARAJAJAEAC
3534302003001,BABRBZBZBfBlBUBIBHBEBGAhAWAXAMAFALADAABGBPBXBaBhBgBSBGBNBIA0AuAhATALAFALAGAA
3534302003002,A8A/BKBRBYBVBOBFBJBHA6A1AnAeAVASAHACACA6A+BJBPBWBaBOBOBMBKA/A7AzAfAeAUANAFAD
3534401005001,BXBaBnBZBjBkBWBPBHA5AtAiASASAFAGABACAABPBRBiBaBiBiBbBTBLA+AxAjAeAOAMAJAIAAAA
3534401005002,BEBOBZBRBcBbBfBRBFA2AxAhAiASATAJAEABAABJBLBWBQBfBmBjBUBLBBA5AtAoAXAPAOAEAAAG
3534401005003,BAA/BMBKBgBiBXBLBFA9BAAkAfAZATAQAFAFAAA8BDBHBJBZBlBaBMBLBIBGAyApAgAbAWALADAG
3534401005004,BLBPBYBTBhBjBcBQBGAyAyAjAYAXAKAJAAAAABBQBPBdBWBmBpBgBTBIA+AvAxAhATARAFAAABAE
3534401005005,BRBTBaBgBkBiBSBHBAA6AzAiAVALARAHAFAAAABSBQBbBcBqBjBYBPBOBCA3AmAdAWAIAKAGABAA
3534401005006,BUBOBgBbBpBcBTBLBIA9ApAiAPASAFAHAFAAAABKBPBhBeBkBhBaBQBPBFA2AoAhASARAIAIAAAA
3534401005007,A+BABNBJBaBcBYBOBHBAA5AyAaAUATAIAIACAAA9BABKBKBdBgBcBSBPBNBHA0AoAhARAUANAJAB
3534401005008,A1A0A/BEBXBdBVBDA/BFBEA4AjAbAZAPAJAEABA2A1A9BEBTBgBaBNBOBSBSBDA/AnAZAVAIAKAB
3534401005009,AoAwA8A+BPBPBIBFBFBQBAA+AeAeAiAgAQAAADAoAuA7BDBRBaBQBMBUBYBOBCA7A2AhAgATANAH
3534401005010,AzA5BAA9BKBSBUBSBXBLA+A7AuAVANAUANADABAtA2A7A9BQBZBgBfBaBSBFA+AxAmAPAkAKAKAD
3534401005011,A7A/BMBJBTBZBUBKBJA/A2AwAkAeARAMAMADABA8A+BKBJBUBfBeBXBPBKBIA2AsAmAWAWAKACAD
3534401005012,A7BBBMBKBaBeBWBJBHA9A2AuAhAeAQALAJACAAA5BCBLBLBaBhBZBRBOBLBHA2ApAgAYAcAJAFAC
3534401005013,BRBYBiBYBZBaBbBMBIA5AkAoAaASAIABAFABABBRBWBgBYBdBjBfBTBNA+AsAvAcAUAQAJAGAEAC
3534401005014,BHBTBdBbBgBgBaBaBOBBA3AbAVAKALAHACACAABDBRBfBaBaBfBlBdBUBBA9AdASAWANAJABAAAA
3534401005015,BSBTBdBXBdBjBZBOBFA5AxAeAXARAJADACACAABLBUBcBVBdBoBmBSBJBCAwAxAeAXAMAIAGAGAB
3534401005016,A7BFBLBJBZBcBSBFBIBDA3A4AxASAJAQAFACAABABABOBLBZBhBaBRBQBLBAA8AnAaAcAVAEAEAB
3534401005017,BGBJBZBZBjBeBSBPBFA+A0AoAeARAQAKADAAAABEBDBWBXBhBgBaBRBKBDA5A1AiAVANARAGAGAC
3534401005018,BPBOBRBVBVBeBcBPBHA7AyAmAYATAJAGADADABBEBPBUBUBbBjBnBUBKBEA5AxAfAZAVAMAJADAB
3534500001001,A6A6AyBIBIBFA/BFBGA/AzA3BWAuAcATATAGAGA5AxBNBMBUA8BJBFBQBMBHBHA0AoAuAiAKALAF
3534609003001,A0A0BKBIBNBFBCBFBEBFBKAzApArAkAfAOACAFAyA5BEBIBJBPBIBHBKBKBEBLA2A1AcAZAdAIAH
3534609003002,AyA3A9BZCZBkBRBJBCBCA+A2AyAfATAUAMADAEA0A2BFBHBGBFBJBGBGBHBGAvA/ATAiAaATAEAB
3534708003001,A2A+BMBXBRBWBJBDBBA9BFAoAiAnAaAUAMAFAFA6A9BLBRBSBKBHBIBIBHBKA3A5AiAmAcASAKAG
3534708003002,A+BBBXBSBVBYBLBHBJBFA/AsArAdARAIAHAEACBFA/BKBTBUBXBTBPBOBNA/A8A0ARAdALALAHAA
3534708003003,BIBPBYBXBSBaBUBOBFBDAxA0AgAhAPALAFABABBRBPBRBSBWBVBYBRBNBBA5AvAgAXAMAOAHAEAF
3534708003004,AzA4BCBHBTBPA/A9BDBHA9A8AwAkAZAZAQAHABAxAwA9BJBQBLBNBJBNBOBXA8BAAuAcAhAYAKAH
3534708003005,BLBTBYBYBTBRBRBMBIA9AtAwAkAUALAKANACAABLBKBYBYBVBVBXBPBOBGAtA8AnAeARALAJAFAE
3534757001001,BBBDBKBXBUBbBPBIBKBGA2AtAlAiAYAWAKAEADA5A9BTBTBdBTBLBNBIBIA6A0ApAhAeAVAIACAC
3534807001001,BHBOBSBUBcBOBLBCBHA/AtA2AnAfAeATAJAEABBGBKBTBYBRBUBEBOBFBEA4AwAnAiAZAYANAFAB
3534906001001,AvAyA7BECJCwCEBeBQBKA4AxAoAeAnAVAOADACAwArA5A+A3A6A7A4BCA8A6AtAuAkAcAgALAGAC
3535002001001,A/A5BFBKBcBnBOBEBGBBA5A8AsAmAcAaAMAHABA8A0BDBRBPBMBMBHBGBGA8A3AuAlAoAaAKAJAC
3535101001001,BOBGBUBcCQCKBoBRBHA9ArAkAaARANAFAGABACBNBLBRBXBlBeBSBJA7AzApAhATAVAQALAGABAA
3535200001001,AwBABKBMBEA9BIBFBKBPBKA4AnAzArAYATAKABArA5BHBGBEBCBJBIBMBHBMA6BBAtAlAYARAHAE
3535309001001,A9A/BPBNBMBIBLBGBFBFBIAsAuAvAUASALAFAEA7A6BMBIBOBMBOBJBHBIBGA3AzAnArASASAHAI
3535408001001,BNBTBZBdBWBSBRBJBFA8AyAvAlAaAXAMAJAEACBJBLBXBXBVBTBMBPBDA5AxA2AqAgATAPAIAFAE
3535507003001,BMBJBTBaBiBxBkBXBSBJA/AiAoAPAWANAHABABA0BDBZBQBSBMBFBFBHBCA1AqAtAWAMAXAHADAB
3535507003002,BABBBQBVBSBRBMBLBEBAA0AtAnAgAWAPAKADAEA8BHBOBUBQBUBQBOBGBDBBA4ArAnAYAdATAIAD
3535606001001,BBBKBdBcBYBMBIBHBHBGA9AuAxAgAXATAJABAEBABJBZBWBYBKBNBJBFA/A7AsAfAlAaAPAKAFAB
3535705001001,A5A5BUBWBTBiBOBTBBBKA5A5AmAiAiAVAIAHABA9BBBJBIBLBeBHBBBPA/BAArApAhAoAUALAGAC
3535804001001,BIBVBnBdBSBVBSBMBFA+A1AzAhAZAaAJAIADABBCBNBjBWBTBXBRBMBEBCAuAwAcAaASAPAIAEAA
3535903001001,A1BHBXBWBJBIBZBHBDBKA2A8A6AgAcAdALAGABAyBGBMBLBEBIBOBKBJA+A7A8AlAvAkAMAUAGAA
3536000001001,A7BEBOBSBXBNBLBJBEBBBKA0AoAoAnAbAMAFABA2A8BDBLBGBEBLBKBEBMA+A0AzAuAjAaAPAEAD
3536109001001,BIBTBkBXBXBIBSBGBIBEAwAtApAfAVASALAEAGBNBRBXBXBSBIBMBOBFA1A6AvAnAZAXANANABAB
3536208001001,BIBQBlBaBOBKBWBCBBA8AxAwAoAeAbAPAGADABBHBOBhBZBVBWBVBHBDA/AxApAkAfAZASAJAEAD
3536257001001,AzA+BKBMBSBYBHA+BSA5BGBOA0AnAYAkAUACACA7A1A6BDBWBMBGBHBNBFBGAxAzAnAgATAXAEAA
3536307001001,BFBMBWBcBVBbBRBGBJBAA9AwAlAYAcANAKACADBMBKBRBZBSBPBJBMBEA8BAAsAiAiAWAOAMACAA
3536406001001,BGBQBgBaBhBWBaBOBIA+AvAwAvAaAVASAIABABBABQBUBZBNBVBNBGBGA9A4AuAdAhALARAKABAD
3536505003001,BIBEBIBSBSBkBcBQBEBDAsBKAnAUAHADAFADAABHBNA/BOBTBlBiBSBJBHBPA4AnAWAIAJADAEAG
3536505003002,BTBPBaBWBbBcBgBaBRBAAmAuAbAJANAJADAAAABJBSBUBSBVBgBnBdBLBCAuArAaAaAFAIAJABAB
3536505003003,BOBTBYBbBoBgBgBXBLBAAvAiATASAFALAGACABBOBRBUBaBfBnBiBUBNBBArAlATARAPADADACAB
3536505003004,A+BBBJBKBVBWBVBYBQBLBBAvAiAaAMAIAMACABBABFBJBGBQBXBiBcBRBRBIApAoAVAVANAMAFAB
3536570001001,AvBMBUBaBeBJBiBGBRA6A4BAAmAwAcANALACAAA0BTBiBHBGBPBKBHBMA6AqAtAtAdAiAWADAJAF
3536604001001,BDBMBTBWBYBWBOBIBBBBA8ArAuAcAXANALAEAHA7BDBSBPBVBUBJBHBQBGA4AvAoAhAcAWAMAGAF
3536703003001,BDBEBWBZBaBeBVBHBEBDBBApApAaAPANAKADAAA/BABSBbBcBVBMBRBGBEA7AsAkAeAPASANAGAG
3536703003002,BLBOBhBcBTBVBRBRBGA/A5AtAnAPAUALAMAEABBFBMBWBXBQBSBUBLA/BAA4AtAmAbAXAOAOAFAC
3536802001001,BABDBYBUBZBTBUBRBHA/A/A/A8AjAaAOALACABAyA+BVBRBHBKBNBKA9A4A4A2AoAjAaAeANADAF
3536901001001,AxBGBNBHA+BQBLBQBIBFA7BUA6AfAbAaAdAGADArA+A+BBBCBGBNBHA/BEBNA+BAAiAdAlASAFAA
3537008001001,BBBPBYBeBjBWBVBGBBA/A4AsAoAdAVAOALABAEBGBFBQBVBbBVBQBCBBBBA6AtAmAdAWAWAGADAD
3537107003001,AwBGBCBFBSBXBaBGBCBSBCAuAoAnAYAUALAEABA+A2BGBBBdBiBVBRA5BeBDAvAwAjAZAOANAKAB
3537107003002,BDBKBPBTBjBkBaBOBLBEA4AvAZATAWAKAGACABA7BDBRBSBZBdBXBTBKBFA+AqAdAjARANAMAFAA
3537156001001,A5BEBUBdBTBDBJBJBKBQA7AyAjAhAeAZACAHACAzA9BVBJBSBFBQBOBMBRBIAyAyAmAaAMAPAEAC
3537206001001,BKBZBqBVBABBBFBFBGA5A4A9ArAlAgAVAHAEACBKBaBiBbBFBKBNBHA3A8A6AlAqAgAdALAOAEAC
3537305003001,A/BGBPBWBYBNBJBHBGBGA6A6AlAfAkAQALAEACA4BBBGBRBKBPBIBKBLBMA/A6AvAtAZAWAMAFAB
3537305003002,AyA0A/BKBLBNBLBFBGBIBBA3AxAkAgAXALAIACAzA1BFBJBKBTBNBMBMBNBKA+A3AiAeAjAWAPAF
3537305003003,BFBGBNBXBUBZBPBNBDBCA1A0AhAjAUANAHAEAABEBGBVBQBQBRBSBNBGBGA8A2AqAlAXANAPALAB
3537404003001,BFBBBPBWBUBIBPBMBKBBA1AsAhAoAhAOAKAEACBDA9BNBTBOBJBNBOBTBHA2A9AzAkAYASAMAJAG
3537503001001,BLBMBaBPBjBZBIBBA5BHAzA+AsAkAQATAJAGAABBBFBJBYBNBTBJBFA/BBA/A1AmAeAaATASAHAE
3537602003001,A5AyBbA7BEA/BBBHAwA5A/A9BFAtAnAaAPAIAFA0BCBRBSA6BBBNBBBAA/BKA6BBA1AqAbASAPAQ
3537602003002,BNBWBiBaBKBDBFBDA9A6A6AyAoApAfAQAKAHABBLBSBnBWBGBCBIBGA+A3BCAxAmAmAYATAQAFAE
3537602003003,BMBWBgBWBFBFBLBEA8A6AsA0AiApAWAOAHAIABBPBOBfBRBJBPBRBKBDA/A5A8A3AgAhAOAFAFAD
3537701001001,BABCBPBTBYBSBHBHBLBMA5A4AmAiASAYAPAGADA+A6BLBZBWBNBKBKA+BHA5ArAtAuAZAaAKAGAG
3537800003001,BDBJBiBYBTBUBRBRBIBHBCAyAzAcAgANAHACAABCBKBbBXBMBNBLBJBBA/AuAtAhAiAbAJAIAFAC
3537800003002,BBBFBcBVBXBZBLBHBEBBA6AwAmAcAcARAHADAAA9BGBWBWBTBRBQBHBIBGA+AxAhAmAbAWAIAEAD
3537909001001,BGBUBeBfBWBRBPBMBFA7A1AuAiAkAVASALACACBBBNBaBbBVBUBPBFBDA+AuAzAlAiAWAQAJABAB
3538006003001,BUBWBnBdBRBdBaBKBEA4A2AqAVASARAKAFABAABJBXBgBbBWBiBWBPBCBABCAgAOAlAOAIAGAAAA
3538006003002,A7BPBRBHBHBWBaBVBHBFA7AxApAeANAJAFAEAEA7BCBJBJBLBfBkBYBMBNApBFAtAKAQAWAYAJAG
3538006003003,BLBZBjBbBbBZBRBFBBA/BAAqAfAUAJADAFABAABIBNBgBcBYBaBXBJBLBHBDAsAcAVASAHAIAAAA
3538006003004,A1A3BIBKBVBgBTA9A+A/A9A/AyAgARAOANADADA3A/BGBGBTBbBWBCBFBMBTBEA1AgAWATAVAJAE
3538006003005,BOBVBmBcBaBZBYBOBEA2A3ApAbAXAMAHACADABBPBVBfBXBZBgBdBPBEA/A2AnAXAWAOAJAFABAD
3538006003006,A5A4BLBQBUBaBRBDBBBEBAA6ArAbAVASAIAGABA0A6BHBKBYBaBQBJBGBNBMA9A1AiAcARAPAJAE
3538006003007,BJBSBfBcBbBeBTBLBEA8AxAvAjAVAKALAGABABBMBPBfBeBdBcBQBOBEBBA6AtAhATAMAJAJABAA
3538105001001,A9A/BIBTBbBfBSBNBHBEA3A4AwAjAYAVANAFABA2A3BEBFBRBSBMBJBIA+BEAuAwAeAdAeASAKAF
3538204001001,A7BDBRBVBRBOBOBEBABDA8A6AxArAdAVAJAGACA5BGBQBLBOBMBLBCA7BBBJA4A0AnAdASAMAKAE
3538303001001,A7BEBUBYBQA9BCBEBWBGBBAoA0AiAbAQAOAMAEA6A/BBBXBKBWBDBQBQBNBBAzAyAoAaAOAMAKAH
3538501001001,A8BEBMBXBXBGBDA/BDBLBBA1AvAeASATAIADACA7BCBJBUBNBMBHBHBLBVBPA2AwAnAWAfAPAGAE
3538600001001,A+BCBcBWBUBQBSBPBJBBA6AsAhAjAUASALAHADA8BDBUBTBQBOBSBQBIBABAAwAoAnAaAQAPAGAA
3538709005001,AmAlAsAzBFBLBKBDA/BCBDA7AoAvAVAoAVALAFAlAnAsA4BKBVBRBMBBBPBMBKA/A9AuBAAvAbAL
3538709005002,AqAhAtBABYBdBQBBA4BFBDA3AwAiAOAkAWAKALAkAkAyA4BWBXBMBBBBBRBPBNBCAtA9AqAmARAG
3538709005003,AeAmAvA6BJBQBBA3A1BFBFA5A+AtArAoAZAMAHAjAiAsA3BIBRBEA7A/BPBZBEBBA+A/A1AwAVAN
3538709005004,AsAyBABIBVBWBGA6BEBPBVBBApAsAaARAKAEACAkAtA2BABSBSBMBGBNBdBdBBBGAnAdAWAZAHAB
3538709005005,BSBWBrBfBiBmBUBNBGA2AtAkAZAPAMADAFAAAABRBdBjBfBeBgBYBMBAA7AtAoAZASAQAFAHAAAC
3538709005006,BKBRBXBgBpBlBSBIBCA5AyAoAhASAJAMADACABBNBNBaBgBnBbBVBIBDA+A4AmAbAWAVATAFADAB
3538709005007,A4BCBMBHBIBVBZBQBYBLA1A6AkAhASAIAEACABA+A8BLBFBOBdBfBdBTBMBEA4A2AXAOAOAIAGAB
3538709005008,BCBJBTBOBcBkBZBIBJA9A6A3AcAeARAIAEACACBEBDBOBPBWBmBbBLBJBEBDAzAgAdAQAMAJADAC
3538709005009,BDBRBYBYBlBtBhBJA9A5AxAzAdAVAJANAFACAAA/BKBVBYBkBuBZBEBABBA6AsAjARAMAQAIACAB
3538709005010,BnBwCABqBdBYBSBUA/AzAmARANAKAHAEAAABAABVBiB5BjBdBbBhBUBHAyAiAdAXAMAFACAEACAC
3538709005011,A7BCBRBUBhBfBWBKBJBHA+AtAnAcAPAQAFAEAAA+A+BNBNBYBaBYBJBKBJA8AyAnAgAQAYAHAFAC
3538709005012,AwAtA3A7BWBnBXBGA7A/A+A5AxAnAkARASAGACAtAuAuA9BVBjBPBHBFBMBLBBBBAtAkAkAbAJAD
3538709005013,A7A6BABEBWBjBSBPBIBGA+A4AoAdATAMAJAAAAA1A5BBA/BTBjBcBSBMBSBRA+AzAfAWAUAKAIAB
3538709005014,BEBBBNBXBaBYBTBOBTBPA9AuAgASAOANAGABAAA4BDBKBRBRBcBeBVBSBIA7AzApAdASAPAIADAC
3538709005015,BEBKBSBVBaBdBRBJBFBFA3A7AiAbAGAHAIAAABBCBIBOBMBWBhBVBOBJBQBFA6AjAaAXAPAEAAAA
3538709005016,A1A5BEBKBUBbBLBGBABGA8A0AtAlATARAIAKAEAyA5BJBNBTBUBLBHBKBKBCA/A3AcApAbAaANAH
3538709005017,BHBSBdBZBTBaBaBeBVBCAoAuAaALAMAEAGADACBCBUBZBOBOBeBoBdBQBCA1AnAgAUANAIAGAEAB
3538709005018,BZBUBhBYBjBmBWBRA8A4AvArAbAGAMAJACABAFBJBPBeBiBjBhBbBLA9A6AwAsAiAXAKAOAEABAA
3538709005019,A2A4A/BDBRBkBjBRBFA/A4A4AlAZAYAJAHADADA3A2BAA/BUB2BrBQBJBNA5BEAqArATAQAMALAE
3538709005020,A/BIBZBVBZBbBQBJBLBIBEAxAqAhAfAOADACACA5BDBSBPBPBSBMBJBIBDA5A0ApAgAWAMAKAGAC
3538808003001,BBBRBeBaBVBSBIBFBDBIA2A/AmAfAZAOADACAABFBOBYBQBQBLBTBLBBBJA5A6AiAcASAUAMADAA
3538808003002,A3BDBNBNBOBHA+A9BCBDA6A8A6APAkAOAMAFAEA5A6BJBSBTBJBIBEBPBMBJA7AtA8AwAYAPAFAH
3538907001001,A2A6BDBPCZCSBrBQBFBAA4A2AmAWAYASAIAGAEA1A1BABHBCBKBGA8A9A+A+AvAkAlAdAbANAGAD
3539004001001,AxA8BOBPBSBfBWBFBOBDA9A6A4AbAfAXANACABA1A2BCBLBPBQBFBKBPBDBGA1AuAnAeASARAMAD
3539103001001,BQBjByBfBZBQBSBMBHA3AsAjAcAVALAJAEADAABVBbBuBdBbBWBgBJBBA7AwAgAZARAJAJAKAGAB
3539202001001,A6BGBTBVBaBMBKBIBOBJAzAtAnAbAbAKAKAJADA7BABVBZBVBKBQBQBSBFBBAyApAcAYAUALAJAE
3539301003001,BTBLBaBUBdBdBPBHBKBGA3AyAoAbAZANAHABACBBBHBTBOBWBVBSBFBBBCA1AuAnAbATAPALAGAC
3539301003002,BIBGBYBXBbBkBWBKBJBEA4AsAfASAIAIAFABACBFBKBUBVBYBhBXBMBNBKA3AzAiAZAUAFAIAFAF
3539301003003,A/BBBLBTBRBWBLBJBEBDA8A4AmAdAgAQACACABA2A9BJBOBUBXBPBHBKBSBDA/A2AkAWAXAQADAC
3539301003004,A1AzBBBFBMBOBIBFA/BFA8A3A0AjAcAXAOALAEAwAzA/BEBKBQBLBFBIBOBFA9BCAuAqAfAhAUAH
3539400001001,A5BGBVBOBXBSBSBEBDA/A7A9AuAdAVARALAHACA5BDBOBGBJBYBXBIBBBHA6A+AoAkAcAcATAIAD
3539509003001,BdBcBhBdBoBvBXBKBFA3AjAsAUAYAKALAGADAABQBSBbBeBnBfBQA8A+A7ArAeAXAYAYAMAJADAA
3539509003002,BEBPBiBaBbBeBWBKBQA9AwAqAcAhANAQAJAAACBEBOBRBWBXBgBTBJBGA7AvAsAfAeATAPAKALAB
3539608001001,BXBQBPBUBaBjBcBJBIA/BKAsAfAZANAKAMAIADA/BKBKBRBaBMBVBCBLBJA3AnAkAVAeAKAJADAD
3539707001001,BIBaBbBWBWBJBJBGBJBJBHArA0AbAZAVAFAGACBOBEBZBDBJBMBVBLBAA7A9AsAmAVAfAVALAAAA
3539806003001,BIBXBkBcBjBcBPBHBAA+AyA0AdAVAHAFAEAAAABLBJBgBZBkBeBXBNBKBFA9AxAXATAOAGAFADAA
3539806003002,BWBTBpBZBXBWBYBFBGA6AsAwAYAPAKAEACAAACBABOBkBdBZBbBXBTBLBCA6A0AjAZATAGAEAFAA
3539806003003,BHBBBRBWBZBUBPBHBCBCA/AoAnAVAVAIABADAAA+A/BUBWBdBXBTBQBNBMBEA1AqAgATAUASAAAB
3539806003004,BOBUBeBcBdBbBZBSBJA4ArArAcASAHAEADAAAABPBYBjBXBZBgBeBYBLA+A0AtAWAVAPAGADABAC
3539806003005,BIBJBVBXBZBXBPBKBEA/A1AtAgAWALAIAHACABBBBIBZBUBaBcBVBQBPBJA+A0AnAaAWAQAIAEAE
3539905001001,BFA3A4BHBgBoBLBCBCBEA8AxAeAsAeAeAJALABA6A3BBBMBaBKBCBFA+BCBEAuAwA2AsAgAWAGAJ
3540002001001,A6BHBRBMBSBVBVBKBDBBA4A3ApAfAWASAFAHACA2A7BNBGBTBdBdBJBJBIBCA3AmAiAYASAUAOAC
3540101001001,AvA9BGBVBQBOBLBLA/BMBUA8AoAxAjAaARAGABAvAvBBA/BQBMBABEBFBMBOA7AwAuAhAcAJAIAH
3540200003001,BBBFBOBSBwBuBiBPBHA+A3AtAiAQAOASAKAAAABIBGBJBXBkBdBUBEBDBBA7AlAjARAgAHAKAHAA
3540200003002,BcBWBeBbB6B8B0BZBLA7ArAaATARAHAFAFAAABBbBUBZBYBjBoBTBFA6AxAmAZAOAOAEALAIAAAB
3540259001001,BRBJBYBcBqBkBXBIBCBFA6ApAyAYAVAQAMAEACA9BBBABOBaBUBPBABIA3A+AkAqAeAZAQAKAFAA
3540309001001,A0A9BQBOBUBfBEA6A7BGA/A+AuAdAoAWARALACA8BCBOBQBHBGBNA8BPBSA4A2BCAvAVANAMAIAA
3540408001001,A6A1BTBLBUBFBIA/BIBFBNA1A0AmAnAfAOAFADA9A+A+BTBEBNBEBEBABHBJA9AoAqAlAVARAHAE
3540507001001,A5BHBTBRBMBHBNBBBIBLA/BAA2AnAkAXANAIABA9BHBQBQBIBCBEBGBABAA1BDA4AtAeAOAJADAA
3540606003001,A+BDBPBKBWBdBLBOBHBEAyA9AmAbARATAIACADA9BCBRBRBQBeBRBIBLBIBDAsAsAfAcAUANAJAC
3540606003002,BEBKBaBbBiBZBVBOBKBFA7AvAeAUAQARAJAGABBCBGBWBSBaBVBQBGBFBEA5AqApAdANAOAHAIAB
3540705003001,A0A4A+BJBTBTBKBGBGBCBNAmA0AhAaAUANAJADAzA1BABFBWBWBMBJBGBLA/BCA0AtArAfAWAMAG
3540705003002,BOBQBUBZBeBcBXBNBKBHA2AuAiAUAPAJAEAEABBGBKBSBUBWBdBXBLBIBFA5ApAaAZARAPAHAEAC
3540754001001,BIBLBSBYCfCoB6BdBFA3AyAdAaALAUAGAGAAAABMBIBUBLBOBSBHBCA6A1AwAgAlAUAHAEAEACAA
3540804001001,A8A8BCBOBkBjBTBHBDBEA/A1AsAgAZAZAOAFACA7A7A8BKBQBUBLBEBKBLA+AzAsAjAeAZAOALAC
3540853001001,AmAjAtBjGGD7CwByBJBDA8AWAgAMAZAGAFAFAAAlAtArAxAsArAnAoAeAbAdAmAYAZALAAALAFAE
3540903001001,BMBJBOBXBvB3BYBIBFA9A5AqAfAVARALAFADABBFBHBPBQBgBdBXBJBEA+A2AtAmAVAPANAJADAB
3541000005001,A5A2BCA+BEBJBSBIA8A9A5A3A1AjAhASAIAHABAyA1A+A+BDBTBaBNBHBKBIBQBCA4AyAgAUALAG
3541000005002,A/A0BBAxBCBHBFBTBHA5A1A3BAAvAfAUALAFACBDA2BABCAzBVBXBKA+A4BOBZBHA7AlAgAUALAE
3541000005003,A3A6BGA/A+BGBOBFA9A4A+AzAuAtAfAZAKAHACA2A6BFA+BBBSBTBKBEBHBNBQBIA9AmAiAQAFAJ
3541000005004,A3BHBGBNA1A6BFBFA6A5BABJBCAsAhAXAMAGADAwA6BUBEA6A4BHBWA5A8BKBLBGA8AyAiAWAFAE
3541000005005,BMBWBlBZBYBWBPBCBBA6AwApAfAaAPAHADAEABBRBUBfBXBYBZBYBIBFBBA5AzAoAUAUALAHAFAB
3541000005006,BdBmByBjBjBbBVBIBEAzAuAdAVAXAHADADAAAABZBiBuBgBSBgBWBLBCA2AxAgATAQALAHAHABAB
3541000005007,BcBdBmBXBaBeBUBMBDA4AvAhAZANAIAEAEAAAABTBcBnBhBeBcBZBQBFA/AyAlAdARANAGAHABAB
3541000005008,BXBbBjBeBdBaBVBMBFA2AsAsASAYAIAEABABAABWBUBiBZBaBiBbBPBIA+AxAwAeAOAMAGAGACAA
3541000005009,BSBdBeBaBYBgBTBRBDA2AsAjAXATAKAFAHABAABUBaBjBYBcBiBiBRBEA9A0AmAZAXAPAHAGACAB
3541000005010,BCBOBdBZBSBVBaBHBHA/A7AoAZAWAZAJADABAABBBJBXBWBUBfBcBXBTBHA7AsAZAkATALAKABAC
3541059001001,BFBYBlBpBnBZBTBKA/BGA3AnAhARAVANAHADABA/BSBbBTBVBSBSBQA/A+ArAxAXAXAWAMANAFAB
3541109001001,A/BEBNBRBfBOBMBDBIBBA+A5AmAaAfAPAJAGABA8A0BTBNBRBRBQBOBBBHBCA0AqAqATAVAeAKAA
3541208001001,AyA9BIBUBTBJBGBDBNBIA/A4AvAkAZAcAOAFABAtA3BFBQBJBLBFBKBRBNBCA3A0AyAgAcASALAF
3541307003001,BJBOBVBVBYBVBTBGBJBFA1AuAfATAQATAIABABA9BLBWBTBWBbBWBNBLBGBAAxApAaAYASACADAA
3541307003002,BABKBTBVBQBPBLBFBDBEA6AtApAcAZASAJAFAEA7BEBQBTBRBOBTBKBLBIBFAwAsAjAcAYAOAFAD
3541406005001,ApAqA0BCBCBEA5A1A/A/A7BFAyApAqAeAZAOADArAqAuBBBGBFBEBCBCBZBSBJBbAwBAAwAoANAO
3541406005002,AtAwAzBBBQBOBJA6A4A9BAA2A2AiA4APANAIAEAlAsAyBCBPBRBNBEBFBRBWBJBBA/A6AoAeAOAD
3541406005003,AuA4BCBHBMBUBQA+BIA+A4A+AqAnAiAXANAEAAAuAzA/BEBQBSBYBJBNBKBNBOA9AzAoANATAEAI
3541406005004,AtAwA5BMBYBcBHBAA9BGBFBCArAmAWAOARAFAAAwAuA6BLBjBdBQBJBOBWBUBEA5AnAbAWAPADAD
3541406005005,A7BABMBNBPBRBLBIBIBFA/AwAvAbATAJAHAEACA4A+BJBNBXBVBTBRBPBPBJBEAwAhAZAQAJAIAH
3541406005006,BHBQBNBNBJBRBgBfBWBDAuAtAbAXAMAIAKACABBMBDBOBKBTBbBrBhBaBDA5AwAhAXAPAHADAGAA
3541406005007,BFBHBcBmBaBWBMBKBZBKArAqAcAQAKAIAGAAAABABFBRBbBaBTBTBdBlBZBEAgAoAMAOAHAEAFAA
3541406005008,BDBIBKBYBQBKBTBVBUBNA9AsAkAWAKAIAIABAAA/BBBJBOBUBgBbBZBfBTAsBBAmAPAKASAKADAE
3541406005009,BKBWBfBiBXBRBOBWBNA5AtAiAWAUAHAHAEAEACBJBPBfBcBcBYBdBaBZBGA3AtAVAPAQAOAFADAA
3541406005010,A/A8BJBKBLBHBNBABEBEAuA8AqAbAaAWALAKAEA2A2BEBJBTBWBNBHBPBPBJA9A3AyAeAUAXATAD
3541406005011,BHBNBXBaBXBPBPBIBEA/A0ArAhAbAVAOAGABACBFBJBYBTBYBYBSBNBLBIA8A3AhAfATAQAOAFAC
3541406005012,A/BFBRBQBfB1BxBZBVBEA9AjAhAfAaAXADAFAAA6BGBWBLBJBIBFBCBHBBAvA0AmAfAbAMAMACAB
3541505003001,A3A+BLBMBQBbBrBeBTBJA2AzAkAcAZAVAMACAGA0A/BDBJBLBNBNBKBMBLA2A9AvAkAdAQAKAGAD
3541505003002,A4A5BKBJBUBTBVBEBMBHA/AuAuAbAaAWAKAEAFAxA0BKBJBOBLBOBPBPBQBBBBA5AiAjAbATAFAC
3541604003001,A8BFBSBaBYBOBNBOBIBIA/AzApAgAZATAOACAAA/BGBOBYBLBKBKBLBLBIA6A1AuAlANAVAKAEAC
3541604003002,BHBJBRBVBZBXBZBJBCA9A3AnAgAaASAUAKAHAABDBMBNBSBVBZBTBKBIBCA1AwApAkAeAUAMAEAD
3541653001001,BGBTBVBZA8BPBKBLBUBUA1BDAsAsAXAXAEAIAFBIBCBLBGBLBTBJBKBKA3BFAkAkAlAPATAFAIAE
3541703001001,BNBIBTBcBXBTBQBSBNA/A3AsAbAaAVAQAHAGABBDBJBUBUBSBSBVBLBJA/A5AwAhAnATAPAPAEAD
3541802001001,BEBWBnBaBYBaBdBPBKAyA6AXAfAfAdALACAHACBQBhBdBNBMBaBVBHA4A+A1AeAbAjASAQAMAHAA
3541901001001,BFBQBUBbBVBhBdBQBPA/A0AxAfATAWAMAJADABBHBVBPBNBeBYBVBJBBA9AqAzAfAfARAOAJAFAF
3542008001001,A9BHBPBRBYBSBTBMBLA+A9ApAgAnAZATAIAEADA8A9BTBPBXBWBOBQBEA7A8AzApAvAbARAOAHAE
3542107001001,BIBNBLBQBYBbBVBIBFBJA7ApAhAaAWAKAOACABBBBFBRBPBeBcBSBJBIBEA8AmApAeAUAYAOAIAB
3542206003001,BABGBUBZBWBNBIBBBGBJAwAyAtAZAVALAPAFAAA6BBBUBVBRBMBHBIBRBJA+A3ArAhAkAaAPAHAH
3542206003002,BCBLBLBVBPBRBKBKBJBKBEArAlAeAXAbAHAAABA4BHBLBRBQBOBOBJBVBMBAArAnArAfAUAIADAC
3542305001001,A/BUBhBXBCBEBJBKBCBFBZAwAxAcAhASAQAJAFBBA+BXBVBDBHBCBIA+BBA1AzAtAiAcAWAKAKAE
3542404001001,BABDBPBUBRBTBRBLBHBHBCAsAnAbAVAZAKAFAAA9A7BOBMBRBSBPBIBRBLBAA2AuAfAeAVALAFAC
3542503001001,AyAsA9CPFlCWBjBJA4A0AwAkAkAXASAHAMAHADAyA2AuA3A5A8A2A1AyAsAvAhAeAdATAVALAGAC
3542602003001,BJBWBoBVBKBKBSBIBFA7A2AqAeAlAUAQAIAGABBDBQBiBXBPBWBVBLBEBCAtAzAoAaASAPANAIAD
3542602003002,BHBSBhBWBSBKBOBKBDA9A3AoAcAaAZAOAJAEACBDBNBZBVBOBWBWBOBJBDA5AwAqAhAaARAIAFAC
3542701001001,BVBYBfBPBnBQBPBDBHA8A3AxAhAMAWAJAFAGACBOBXBlBiBcBWBMBFA+A/A+AiAYAcARANAGAEAC
3542800001001,BSBSBuBkA3BKA9BJBEA+A5A/AlAoAmAZAJACAAA+BdBWBPBIA6A/BHA0A7A6AnA6AnAsASADAFAE
3542909001001,BSBMBXBXBcBaBSBKBCBAA6AlAfAeAYAMAJADADBLBMBQBVBdBTBNBKBHA5AvAvAlAbAXATAOAHAB
3543006001001,BUBmB6BoBSBPBOBDBEA6AuApAmAZATAKADADABBSBdB0BkBQBPBLBFA9A0AmAnAiAUANAIAHAEAA
3543105001001,BOBPBsBaBoBNBeBRBEA7A0ApArAZAWALAFACAABOBRBXBXBQBbBBBNA4A9A3AoAgAcAbAFAGADAC
3543204001001,A9BCBaBPBHBDBGBPBMBHA8BAAxAnARAYAMAFAFA6A8BSBMBNBMBNBEBOBBBEAyA2AiAYAVANAOAC
3543238001001,A3A6BYBFA+BSA8BJBQA7BFA5AvAsApAXASAIAEAsBABRA/BLA+BNBGBTBIBPAuA1A5AkAUAQAGAA
3543253001001,BIBPBcBZBSBUBQBTBFBHAuAsApAkAWASAGAIABBCBNBiBXBPBVBJBIBHA6AxAmApAfAYAOAJAEAB
3543303003001,BHBGBeBXBUBVBUBNBKBBA7AvAjAeARAJAGABACBCBIBfBSBSBSBaBXBHBDBBAqAkAZATAKAIAFAA
3543303003002,BABFBSBTBZBdBYBHBNBABCAqAoAVAMAKAGADADA5BCBOBOBVBcBZBSBSBFBBA1AsAZARARALAEAB
3543303003003,BCBDBRBNBWBZBaBOBIBFA6A1AiAZAPALAFAEABA9BCBJBOBbBbBaBXBIBKA/A8AnAhAUAKAIACAB
3543303003004,A2A6BNBIBZBeBTBMBFA/AnBHAjAiAbAOAEADABAzA+BABLBaBYBYBOBRBJBMAyArAmAYASAVAKAG
3543303003005,BABJBYBUBhBbBQBNBEBCA8AvAkASASAIAEACAAA9BFBSBTBgBfBYBQBOBJBCAzAhAeAQAJAFAFAB
3543303003006,AzBFBLBMBWBaBRBMBIBGA2A4AmAeAYAIAIADAAA0A5BFBKBXBfBZBSBUBLBFA6AzAhAUAVAMAFAB
3543402005001,AiAdAhBDBjBeBFA0A0A8A6A9AmAhARAXAUAOAEAXAeAkBNB7B3BOA+A+BMBMBMA7A0A9AxAtAXAN
3543402005002,AwAxA5BFBYBUBGA7A8A/A8A0AuAmAWAbAQAMADAuAxA7BEBTBUBHBBBGBNBABKA2A7AtAxAiATAH
3543402005003,BFBFBSBVBjBfBRBEA8A6A8ApAqAWAPAJAOABABBDBGBNBVBkBbBSBDBFBBA9A0AqAkAPAcAQAEAC
3543402005004,BFBKBQBUBeBkBYBHA9A2A1AwAjAaAOAIADADADBLBHBQBRBfBlBaBKBBA/BEA4AsAWASAPAHAEAF
3543402005005,BDBWBfBwBXBKA+BMBQBNA5AmAVAPAPADADACAAAwBDBZBlBkBUBGBiBWBZA2AvAkAZAVAHAFACAC
3543402005006,BSBWBcBYBXBlBkBZBKA7AtAhASATANAFAEABABBOBUBYBUBWBuBoBYBKA8AsAlAbAPAPADAFACAB
3543402005007,A1BKBRBXBkBlBfBnBZBHBEAyAdAPAJAGAAADABBBBJA8A5BTBcBnBVBCBMBDAzAhAOARAMAIAAAD
3543402005008,ApAkApA2BWByBWBEA8A9A7AtAsAXAhAYAKADAFAsAkArA/BkB3BkBNBFBSBRBABFAzAmARAjAOAF
3543402005009,A8A8BBBEBLBZBdBRBKBHA0A0AlAiAUALAFACAAA3A2BCBFBQBgBmBdBQBQBDA6AvAfAjASAJAGAC
3543402005010,BHBNBQBPBRBhBmBdBOBCAtAqAUANAUAEACABABBDBIBTBNBYBpBtBgBRBDBCAgAoAQAMAKADAFAB
3543402005011,AyA5BBBJBUBaBQA+A/A9A6A0AxAXAqAUAJAEAAA9A2BDBFBbBhBMBEBEBIBEA+A4A4AqARAQAKAH
3543402005012,AqAxA4BHBnBoBKA8A7A9BDAyApAqAYANAOAGADAnAxA4BHBiBmBSBEBDBLBbA2A8AhAlAkAXAOAI
3543402005013,A/BBBHBaBdBbBQBFBCA/AuA8AoARAWANAFADABBAA+BIBPBfBdBTBLBIBJBBA9AzAfAYAWALAGAB
3543402005014,BMBSBdBkBsBlBZBMBDA5AsAmAVASAMAEAEACABBEBPBdBgBiBhBUBOBFBAA3AjAdAaATAJAEAAAD
3543402005015,AmAlAwA4BWBmBZBCA9A+A3A7AdAkAqAYAOALAAAlAlAuA6BkBwBeBKBHBQBUBABJAwAtAcAWAHAF
3543402005016,A5A1A7BEBOBjBjBNBKBQAyBCAgAYAQAJAJABAAAzA3A7BJBcBsBqBXBRBaBJA6AtAXAQAOAJAGAE
3543402005017,BOBSBhBZBjBiBZBGBBA3AtApAgATAVAIACAFACBMBSBXBUBgBcBVBHA/A5A2ArApAdAPAQADAKAB
3543402005018,BCBFBLBRBfBmBYA/A0AxA7A6AjAZAQAOAFADAAA8BGBHBLBfBqBYBAA2BBBNBIA9AeAWAMANAFAD
3543402005019,A2BGBNBKBKBFBPBQBQBVBBA5AjAbAXAPAGAEAEA9BBBCBLBNBOBZBbBYBVBIAwAxAfAUALAIAEAE
3543501001001,BIBDBYBeA/BLBEBCBAA8A5A4AxAmAjAPAOAFADBKBPBhBXA/BEBFA/A+BGA9A6AxAhAkASASAGAC
3543600001001,A3BPBTBKBXBMBLBDBLBHA8A6A4AcAYATANAEAAA8A/BIBPA7BRBTBGBPBEA8A9A1AfAcASAPAKAG
3543709001001,BKBLBbBaBWBVBPBMBIA/A6AqAmAeAWAKAKADABBDBMBWBVBTBaBLBJBGA6A5AoAlAeAdAOATACAB
3543808001001,A4BDBIBVBdBSBIA/BFBEA3BGAvAkAaAcARAHAEA9A8A/BIBRBJBBBFA+BFBKAyAsAuAmAUAVAGAI
3543907003001,BKBKBZBbBzBlBcBOBIBAAsAwAYARAQAEAFACAABABLBVBYBgBYBcBPBEA9A3AnAhAcARAKAIAAAE
3543907003002,BVBgBsBYBcBkBlBRBBA8AqAdAIARANAJAAACAABGBUBsBaBbBnBlBSBEBAAlAnAbARAJAHACAFAA
3543907003003,AqAsA2A+BOBRBHA+BABHBLAwA5AlAcAaATAGAEAmApAzA/BNBQBKBHBIBTBPBGBAAvA4AnAeAXAN
3543907003004,BFBFBPBWBVBgBeBUBLBEBBApAdAQAOAIADACAAA+BDBXBYBYBjBgBTBQBJA6AvAeAWASANAHABAA
3543907003005,A1A5BCBIBcBbBQBBBHBKBBA8AaAmAUAVAMABABAtA3A+BKBaBYBTBKBLBSBQA4AyAnAcAYAQAJAC
3543907003006,AvAyA+BHBSBTBQBDBCBKBJA0AxAcAnAaAIAFACAsAxA8BCBLBRBQBKBMBHBIBKA1A5AjAcATARAF
3543907003007,A0AzBABKBYBeBSBJBBBGAvBCAaAuAkAOALABAFAsA6A8BFBVBdBQBMBLBKA+BDA4AwAiATAOANAF
3543907003008,BGBLBZBdBaBfBVBMBLBBBAAkAfAZAUAJAGAEABBABFBdBYBUBWBYBNBJA/BDAmAiAYATAPAIACAA
3543907003009,BUBZBcBdBeBmBlBWBHA9AzAbAUANAIAKADABAABSBQBjBZBbBlBhBTBIA6AtAgAXAPAHALAEACAC
3543907003010,A1AxA/BDBKBWBTBKBIBIBJApAiApAcAUAOADACAuAuA8BEBTBeBWBQBLBMBTA0A6ArAmAdATAKAF
3544004003001,BJBMBVBXBkBqBYBTBIBAA1AlAhAWAOAMACACABBJBLBSBNBgBfBWBOBGA+AyArAeAYARATAGAEAC
3544103003001,BOBUBjBfBcBfBYBOBHA6AqApAYATAUAIADACAABOBQBgBcBaBfBWBXBGA/A3AkAjAOAJALAGAAAA
3544103003002,BLBSBbBRBdBfBXBOBIBBA9AgAdAUAOAEADACABBJBRBcBXBbBjBdBQBIA+A1ArAiAPAWAKAFABAA
3544202001001,BFBIBJBJCDCXCUBeBMA7AxAmAfAeAWALAGAEAABCBABHBMBPBGBGA+A6A1ApAoAkAbAQAPAKAHAC
3544251001001,BCBQBpBlBUBEBCBEBFA8A7AzAmAfAbAMAFADACA/BIBiBeBQBNBNBRBRBJA8AwAlAeASAFAEAFAC
3544301001001,BOBRBWBaBVBkBVBSBGBDA1AxAbAXALAJAGAGABBJBFBRBVBPBbBeBJBGA9A9A0AlAXAPANAIAEAC
3544400001001,BNBABZBVBbBbBSBRBOBBA+AnAtAVAaALAHAHAABHBVBGBWBcBLBZBHBOBAAsAjAmAaAeAOAIADAA
3544509001001,AtBABOBJBGA3A5A9BCBJBPBFA6AwAtATAPAMADA1A2BJBCBNA+BJBBBMBTBBBPBAApAjAaATAAAB
3544608001001,BIBABRBbBMBQBFA7BDBIA9BAA1AaAgARAPAFACA8A9BGBSBJBLBGBFBHBBBEA0A4AqAeAZANAKAB
3544707001001,AyBLBUBbBEBNBUBBA4BJBKAsAqAdAfAdAIAJAGA/BFBdBOBLBGBNBKA+A1A4BHBGAfAOAUAWAFAC
3544806001001,BHBHBMBNBPBSBKBHBFBBA5BDAxAkAmAWAHALACA1BIBEBLBGBUBFBKBIBEBBA4AyAsAaAMAHALAB
3544905001001,A4BFBVBUBdBOBQBEBKBFAyA3AwAWAdAJARAFACA7A9BHBTBSBaBPBJBKBEBCA3AuAfAZATAQAIAC
3545001001001,BLBRBfBWBSBNBNBLBIBEA+AmAqAhARATAIACACBEBQBcBYBSBJBMBJBFBAA5AqArAUAbAPAOAGAB
3545100001001,A/BJBSBaBTBUBRBPBFBBAzA8AlAkAlARANAGADA7BHBTBcBFBFBFBHBEA6A6AzAzAmAZAOAOAIAD
3545159001001,A3A9BKBKBXBdBVBMBFA/BFA4A0AiAYAJANABABAyA9BCBQBQBbBcBMBEBEA4BEA2AcAXAVAOADAC
3545209003001,BKBFBYBhBcBZBRBKBQBNA5AqAgAVAKAFAFABAAA7BJBTBVBaBcBWBSBXBQA9AqAWAUAUALAHAGAA
3545209003002,A0A3A/BKBSBiBKBIBIBDBCAsAoAkAZAYANADABAyA4BABLBPBWBPBGBNBRBFA0AzAmAwAhASALAE
3545209003003,BIBHBaBlBgBfBVBIBMBKA4AjAdAQARAIADABAABGBJBaBYBcBcBVBMBOBMAxAwAcAWAUAEAFAFAB
3545209003004,A+BIBdBcBdBjBRBVBGA+AwAsAuAVAOAKADAEAABLBRBiBPBdBjBUBDBIA/A8ArAnASAMANADADAB
3545209003005,BBBFBRBXBcBZBWBKBIBJBKApApAaAQAFAHABABA+BDBNBUBaBYBXBJBUBOBHAoAbAdATANAFAGAC
3545209003006,A7BCBPBTBcBaBSBLBFA/BBAuAoASAYARAJACADA+A/BOBOBaBbBVBMBFBHA8A4AqAdAbAXAMAHAB
3545308003001,BEBKBiBkBeBeBOBIBHA8A5AiAiAXARANAFAAAABCBJBbBdBgBdBRBPBDBEBAAjAhASAYAOAHADAF
3545308003002,A/BMBbBSBTBPBMBHBIBCA9AxAsAkAUAVAGABAABEBHBYBUBMBPBPBHBEBDBEAxAqAdAdASAJACAF
3545407001001,BCBQBWBSBDBQBRBGBIA6AwA7AoAiAZAbAMACABBIBIBVBOBNBLBLBMA/BDBAAyAyAmAhAXAKABAA
3545506001001,BLBXBjBeBJBYBMBGBNBFA5AnAkAbAUAWAFAHAABIBFBfBbBTBKBOBQBHBGA5AnAaAWAYAPAGAHAC
3545605001001,BABEBNBVBXBXBXBQBFBAAzA2AmAhAaAOALADACA/BEBOBMBPBZBTBEBJA+A6A4ApAjAZASAUAIAB
3545704001001,A0A2BGBSBQBZBJBCBDBGBKA8AkAuAmAWASARABAuA4A7BKBKBEBHBIBFBCBKA6A5AxAeAZAaAHAE
3545803003001,AzA5A7BQBdBVBMBKBNBIA5BBAlAlAhASAGACAAAuA1A/BKBYBVBMBPBTBKBBBCAvAtAaAYATADAD
3545803003002,BDBHBZBdBpBhBWBNBLBDA4AoAXAOARAFAHAAABBFBCBVBdBoBdBRBRBQBNA6AtAdAYALAEAJAAAC
3545803003003,A3AtA4BFBRBOBGBDBGBJBQAxAmArAmARAOAAACAtAtA0BCBQBLBOBHBNBTBNBAA8A2AyAaAYASAK
3545803003004,BKBGBaBbBeBZBXBZBPBHA1AuAaARAVAKAGADAAA9BEBaBXBYBdBVBOBPBDA9AoAlAUAIALAJACAA
3545803003005,BLBHBQBWBhBhBWBQBMA/A+AtAcAQARAKAFACABA+BFBOBXBbBgBWBOBIBIBCAwAhAdARAOAEACAC
3545803003006,AwA3BFBTBgBnBUBFBBBCBFBFAhAbAWALAQAAACAzA0BCBOBjBhBQBFBKBQBUA7AkAlAUAQAKACAA
3545803003007,A0A9BFBQBjBkBPBHBNBKBFA6ApATAMAQAKADABAyA6BEBRBZBZBQBPBPBSBNA2ApAZAWAUAKAEAB
3545803003008,A7BEBNBSBdBhBWBLBRBKA/AzAiAVAOALAHACACA9A9BFBTBbBfBTBNBSBPBIAwAkAWAUAPAIADAA
3546009001001,BBBGBVBZBUBJBNBOBCBIA4A0AqAiAWASAKAFADBCBIBVBNBQBQBNBPBIBFA/AvAnAiAXAKAOAIAF
3546108001001,AyBIBQBbBWBSBNBLA1BCA5A+A8AjAvAdAFACACAzAzBJBEBIBABQA/BFBFBRA9AwAfAyASANAEAE
3546207001001,A6A/BNBMBLBYBIBHBDA8A7BCA0AnAUAXARAGAAA9A9BSBPBJBXBHBMBBBIBBAyAuAhAbAUAZAMAD
3546256001001,BIBJBoBZBXBLA7A9A4A8A4AnA2AwAUAQANAEACBMBKBYBZBQBQBYA+A+A5A5A1A0AjAaAQAIAFAD
3546306003001,BNBLBPBQBkBjBbBQBJA+A1A0AcAhAOAQAEADACA+BFBPBPBZBaBTBCBGBBAyA1ArAZAQAWAJAFAA
3546306003002,BQBKBVBaBoBtBXBIBEA9AwAqAaAeALAOAIADAABGBLBRBbBgBaBPBFBAA+A2AqAhAaAVAPALAEAD
3546405003001,BFBHBXBUBPBUBIBCBJBAA6AsApAbAZALAKAEABBGBLBTBQBSBTBOBNBJBHA4A2ApAjAVAVASAFAG
3546405003002,BABFBNBUBKBWBHBIBDBFA7A4ArAkAWAXAOACACA/A+BKBPBSBQBHBHBCBFBDA6ArAsAbAYARAHAH
3546504001001,BLBKBXBhBwBiBfBDBOA/AxAnAfAWAOAHAHAGADBDBFBRBYBkBhBTBBBNA9AxAjAdAZATAOANACAB
3546603003001,A4A+BLBPBWBNBPBLBNBHAzA3AkAkAYANAHABAHA8A4BKBTBXBWBWBMBVBLA7A8AuAgAcARAOACAF
3546603003002,AsA1BDBJBRBMBJBABABIA2BAA2ApAoARAMAGAHAyA1BFBLBQBPBIBKBMBIBNA+AtBBAzARAPAHAC
3546702001001,BNBMBQBaBiBuBeBYBSA3AvAkAlAKAOAJAIABABBLBJBWBKBdBrBUBUBSA1ApAqAgAPARAPALAEAB
3546801003001,BIBUBgBhBYBUBLBNBKA8A0A0AmAVAUANAEABACBCBPBdBXBRBUBTBOBJA+A8AqAfAXASAKAPACAB
3546801003002,BBBJBXBRBcBbBRBNBGA+A7ArAiAYAYAQAFAEACBABFBRBOBXBZBRBKBLBGA9AxAwAfAWARAHAEAD
3546900001001,BBBGBhBXBoBiBWBNBIA9A/AjAcAaALAIAHAEABBbBCBcBXBgBTBUBKBJA8AyAoAjAUAaAKAHACAE
3547007001001,BOBKBOBfBqBnBMBDBDBFA1AsAdAjAOALANACAABUBSBVBbBcBYBDBFA/BEAsAtAdAcAUAVAFAGAA
3547106001001,A4BOBYBdBTBABRA9BDBKBAAlAgAmAmAYAPAIACA+BUBOBKBSBQA9BMBGBDA/AhAvAjAfAZAKALAF
3547205001001,AlA0A+BBBTAzBFA+BNBSBeA+AwBMApAoAWAAADAsAqA2A3BIA+A3BBBSBTBPA6BBA0AxAcAaACAD
3547304003001,BNBcBsBhBjBkBaBHBBA9AoArAUARAPAJABAAACBNBTBjBjBmBdBcBKBCA8AnAsAZAUAIAKAFAAAA
3547304003002,BeBjBuBlBeBgBZBPA+AzAqAhAQAXADAEAFABAABWBbBrBiBfBiBgBQA7A1AsAeAXAOAGAJAFAFAA
3547304003003,BMBSBeBcBZBUBSBOBMBDA5AqAfAQAHAGADADAABMBRBdBXBbBdBYBVBRBFA5AnAbAQAPAHAGABAB
3547304003004,BFBIBaBUBUBOBMBFBJBJBBA4AtASAJAHAEACABA/BJBSBPBWBXBYBXBSBRBDA5AlAPASAJAKAEAB
3547403001001,AmA4BFBNBIA7A9A9BBBQBMBKBAAiArAoASAHAAAoAzA0BIBHBMA6BHBMBIBUBBBFA8AnAYASACAF
3547502003001,A1A5BCBJBMBMBIBFBGBJA+A8AwAqAfAUAMAIABA3A1BEBHBPBLBJBIBIBLBJA9AvAtAkAjAWAMAH
3547601001001,A/A/BSBSBXBaBMBKBFBCA4AwAhAnAUAXAKAFABA/A+BSBUBXBPBMBGBIBJA4A3AoAmAeAYALAHAD
3547650001001,AnArBSBSBFBTBIAwBeBGBOBGBBAkA0AQAQAGAFA5A2A3A9A+BGA7BaBBBFBCBHBHAkAYAVAZAOAC
3547700001001,A/BABPBSBRBLBHBDBMBHA/AtAtAkAZAPAKAEAEBAA8BQBUBKBIBFBLBTBNA4A5AsApAiAbASADAG
3547809005001,A3AvA0A+BFBLBIBHBNBJBCA5AoAoAmASALACACAxAxAyA7BBBPBUBTBPBUA3BZBFAoA1AaAaAcAD
3547809005002,AyA0BDBBBNBXBQBLBHBFBDA0AkArATASALADACAvA0A+BDBTBdBWBMBLBQBLBJA5AkAgAfASAKAE
3547809005003,AsAuA1A0BFBMBMBJBCBRA/BCAyAoApARARAGABAvAsAvA4BFBSBQBPBOBRBOBOBDA4AiAuAaANAD
3547809005004,BZBhBoBhBfBfBUBSBGA5AuAhAaAFAIABAEAAAABfBfBqBeBhBgBZBSBHA7AwAcASAQALABAAAAAB
3547809005005,AiAtAtA4A/BJBEBEBHBPBHBAAfA1AfAeAWAMAAArAqAtA2BDBMBQBRBNBXBnA7BNArAzAtAfAQAH
3547809005006,BOBLBUBVBZBhBWBKBKBHAoA8AYARAIAEAHAAAABCBIBXBWBfBhBWBRBPBMBCAuAjAYAQAJAFACAD
3547809005007,BEBGBRBRBdBgBVBNBJBAAyAvAgAWAPALAGADAAA8BBBSBUBfBdBZBRBOBHBDAuAiAhAPALAMAHAC
3547809005008,A0AzA6A+BLBTBSBNBMBIA3A+AwAiATAbAGAFABAyAyA5A+BIBVBbBZBWBPBDBJBCAdAqAZASAPAB
3547809005009,AvA4A8BBBNBVBUBJBGBBBAA1A3AhAZAQARAAAAA2A1A/A+BMBZBaBPBOBNA+BMA0AsAjAlAOAIAI
3547809005010,BABIBPBTBZBfBYBTBHA9A2AkAbAaATAHAHACAAA+BDBOBSBcBjBZBXBNBGA+AzAqAaAaAMAIAEAB
3547809005011,BUBXBqBhBcBYBSBQBLA6AoAgAVAOAHAEADABAABQBXBrBeBZBcBfBZBQBAA3AeAgAIAMABAGAGAB
3547809005012,AqAuA6A/BQBSBNBEBDBGBIA3AvAlAjAUALABAEA0AwA3BABOBWBPBPBMBQBcA9A1A1AuASAVARAI
3547809005013,BHBQBgBgBeBaBJBHBHBGBHAqAcAbAJAKAFACAABFBRBeBaBaBTBRBKBMBKA1AyAWAVAQAKAHADAA
3547809005014,A/BHBbBhBoBhBTBMBIBEA5AvAYAUAQACAFABAAA8BEBRBXBiBdBUBTBPBMBDArAYAbARAJAIAAAD
3547809005015,A1A7BABGBWBZBQBBBEBIBEA0AjAkAaAVAKABABA4A4BEBEBUBWBSBJBOBSBEBEAxAnAgAaAQAGAE
3547809005016,AwA0BCBLBWBaBNBCBJBLBHAxAyAZAdANALACAAAoA0BBBFBRBXBRBSBPBSBdA1AzAnAlAXAWAGAD
3547809005017,AzAyBBBCBUBXBQBGBJBIA5BEAvAiAOAYAIAHADAuAuA4BBBSBeBTBOBTBTBTA/AsArAjAYAUAIAD
3547809005018,A+A3BABBBUBZBYBLBEBDA6AxAvASAeAOALAHAAA6AwA7A9BTBaBeBPBJBNBAA8AvAyAmAaAaANAD
3547809005019,A1A3A/BFBTBbBWBIBIBKBSAmAoAgAUAJAHAFAFA3A4A9BFBUBcBXBPBQBVBVAzAuAdAhAWANAMAF
3547809005020,BAA+BEBMBYBZBPBKBFBHBLAuAqAVAVAJAGABADAvA5BCBHBZBfBSBLBRBUBMA+A0AfAaAQAMAKAF
3547809005021,BEBHBJBJBXBjBUBQBKA+AwAyApAbAQAIADACAAA+BIBMBMBbBfBaBWBNBDA6A9A0ATAUAUAKAEAC
3547809005022,BOBCBRBQBqBnBYBLBHA9ArAyAgAPASAEAIAAAEBEBBBJBPBfBfBZBMBHBFA6A2AzAWAOAQASAFAA
3547809005023,AxAxA2A7BOBWBRBKBGBIBGA0AzAhAYANAPAGABAsAxA2A5BIBcBZBUBLBMBLBJBBAlAvAhAOAPAK
3547908001001,BABCBRBRBgBXBNBMA/BDAzBGA3AiAZAbAKADACA3A/BOBSBSBLBHA9A/A/A9A2A0AeAdAUAKAMAE
3548005001001,BDBPBdBUBdBeBTBKBIBBA1AwAiAXATANAJADABBHBHBTBTBZBYBVBMBHA/A2AuAdAcAVANAPAEAD
3548054001001,A+BEBRBYBWBaBZBQBRBMA7AtAkAbAYAKAHAHABBABBBUBQBTBLBSBWBMBGA2AwAnAeAVANAHAEAE
3548104001001,A5A/BSBSBRBWBPBTBCBCBEA8AsAkAjAQAMAFADA3BKBIBFBMBNBQBKBEBCA4A8ArAiAeASAMAEAH
3548203001001,BBBQBkBXBXBJBOBKBIBIA8ArAkAbAaATAFAFAAA+BPBcBXBQBMBKBEBIBGBDAcAiAsAYARALAFAB
3548302001001,A8BCBNBdBIBJBGBABKBVBBAsAqAtAgATAJALAAA6BABFBQBEA8BJBDBZBEA5A8AjBDAjASAMAMAH
3548401001001,BJBJBNBQB0BnBeA8BEA5BFAcAfAaATATAJAEAGBIBCBVBbBcBTBKBLA8A6AuA3ApAcASAYAQABAE
3548500005001,BoBkBkBWBaBZBPBIA+AvAuAYAKASAMAHABAAAABYBeBoBfBmBlBaBMBBA4A4AlAmASANALADACAA
3548500005002,BJBOBdBTBTBWBQBKBGA7A7ApAfASASAKAEAFAABHBLBWBSBRBeBXBSBLBHBFAtAiAjAXALANACAB
3548500005003,A6BEBMBLBPBSBKBFBHBBBAAoAiAXAYANAPAEAAA7A/BNBJBOBWBVBPBRBNBDBDArAwAkAVAPAIAD
3548500005004,BOBSBbBSBZBeBQBGBFA+A1ApAgASAMAKACACABBKBKBVBVBZBhBUBLBMBKA6AtAgAbAYALANAGAC
3548500005005,AkAlAsA1A8BCA/A4A4BDBJA6AwAxAlAhAYAKADAfAiAtA0BEBLBIBEBLBVBXBUBPBGBEA1AxAYAL
3548500005006,AnAqA0A6BABEBEA9A9BIBCA7A0ApAjAcAOAHADAnApAxA7BDBKBQBJBOBWBWBVBJA9A7AoAhATAH
3548500005007,AtAyA8A/BGBNBIBFBCBEA8A7AsAfAhAXAMAGABAuAvA2A9BHBTBVBSBPBUBOBLA9A3AwAkAYAOAG
3548500005008,A9BDBNBLBSBMBLBJBEBEA8AzAjAeAYAVAJAFADA7BCBLBIBPBWBXBHBKBHA8A9AtAoAiAYARARAC
3548609001001,A+BCBWBUBLBDBJBIBLBNBIAvAyAnAYASAJAJACA4BGBTBSBCBJBKBNBNBJBCAqA0AeAgAUAOAGAB
3548708005001,BBBJBVBaByBpBfBRBNBBAtAtAaAUAMAGAEAAACBCBHBUBOBYBdBdBVBPBDAwA0AbAYATAHAHADAA
3548708005002,A3AzA/BGBVBcBXBLBGBGBGAtAsAfAbAHADADAAA3AzA9BGBXBgBeBTBTBUBJBFAxAkAXAOAKAFAI
3548708005003,BBA9BGBFBVBdBZBKBGBCA0AyAdAeAYALAEABAAA9A7BGBIBZBlBgBVBPBMA8BFApApAbAPAKADAE
3548708005004,BPBZBjBkBgBaBPBRBNBAAxAiAXARAJAEADACAABKBRBfBeBeBeBXBYBQBDA4AgAWAPALAFAHAAAB
3548708005005,AuA2A6BABOBZBXBMBHBEA/A9AqAeAWAVAHABACArAxA3A/BQBhBfBRBNBUBBBRA9AfAfAYAWAOAH
3548708005006,AuAxA0A5BGBSBRBIBIBJBMAyA2AlAdATAJADADAtAsAyA5BHBVBaBSBQBWBLBUA2A8ApAZARAMAJ
3548708005007,BBBDBOBMBRBXBVBNBPBIA+A5AdAVANAHAGACAABABDBIBMBVBiBeBZBVBTBOAvAkAaAXAIADADAA
3548708005008,BGBMBWBZBhBmBVBLBHA/BFAkAZAPAKADACACAFBLBJBYBWBlBnBaBQBNBHBBAsAaAQAKAFAGAAAB
3548708005009,BOBbBoBcBeBZBTBUBPA+A3AeAWAPAHADABAAAABXBSBlBhBgBjBdBXBOBCAtAlAOAPAHACAFACAA
3548708005010,BFBIBYBRBbBgBZBPBJBCA3AoAgARAIAIADABABBIBHBVBVBdBpBgBaBQBLA/AnAgARANAKACAEAB
3548708005011,BDBIBQBXBkBkBXBJBDA3AyAsAlASAMADACADAABEBFBUBVBmBpBcBQBMBCBDAwAhATAQAQAIADAC
3548708005012,BCA/BIBJBYBcBWBMBJBEA7AsAkAVARAOAFADABA/A7BHBGBWBgBfBTBPBNBCA/AnApAWANAOADAC
3548708005013,A1A0A8A9BSBdBeBRBHBCA7A5AkAsAaANAHAEAEA3AzA9A7BIBfBjBXBJBLBGBGA6AvAZAPAPANAA
3548708005014,BXBUBmBnBrBfBUBPBLA+AqAlAOAKAFABACABAABXBTBmBrBqBdBZBVBQA/AsAhAXAKADACADAAAA
3548708005015,BKBXBpBgBjBdBVBSBMA+AvAjAWAMADAEAGAAAABVBVBjBiBiBeBdBXBNBDA0AeAVAJAGAIABAAAB
3548708005016,A8A7A/A/BLBaBgBTBPBMA+AzAfAbANALADADAAA4A5BAA/BNBrBsBeBYBXBMA1AsAbAYAJAMAHAB
3548708005017,BMBSBcBeBeBUBOBKBEBDAuA5ApANAJAPADAAADBIBMBbBZBcBXBQBNBLBIA2AuAfAXAUAIAHADAD
3548708005018,AsAtA1A8BKBZBSBHBGBGBGAzAqAeAfAZANADADAnAtAxA8BSBZBcBRBJBWBMBLA3A6AqAkAZAGAF
3548708005019,A4A8A+BBBRBYBfBUBIBFA/AyAYAhAdAIAIACAAA5A5BABABPBjBmBcBOBNBHBBAxAsAcAKAJAFAC
3548807003001,AuA5BBBEBKBPBLBDBBBKA/AwAqAoAOASAMAEACAyA1A8BFBQBcBRBNBTBeBHBCAxAuAeAjAeAOAF
3548807003002,AuAzA+A9BOBRBBBBA9BFBEA5AzAkAWAaARAHACAzAwA9A/BKBRBMBLBMBYBQBGA7AuAkAlAfATAF
3548807003003,AtAvA2BABIBFA/BCBABTBIBFA4AaAUAYAMAGAGAtAtA4BCBIBOBOBOBTBjBQBRBAAhA0AcAfAJAE
3548807003004,AyAwA4BBBKBSBPBKBCBIA/A6AkAeAWARAQAKAEAxAtA3A8BKBZBbBRBLBSBOBDA8AuAtAiAiAMAC
3548807003005,A5AxA5A9BDBZBTBMBCBCA+A9AsAhAWALAMACACAyAvA1A+BLBeBlBTBGBUBQBCAuArAnArAeAJAH
3548807003006,ArAtA3A8BFBKBFBABBBLBNA5AsAtAdAeAKAJABAlArA5A3BNBPBPBJBPBVBQBKA7A0AwAuAaAPAP
3548807003007,AtA1A8BEBPBOBJBEBDBLA9A1AsAkAfAXALAHACAvAwA8BABLBWBTBNBOBRBQBBA/AyAhAhAVAQAF
3548807003008,AvA0A8BABJBOBKBFBDBHA2A7A0AVAdAZAOAKABAsAyA1A7BIBVBUBRBNBWBKBIBBAyAkApAYAUAG
3548906005001,AeAmAsA4BUBVBKA5A5A/BKAuAyAfAwAhAcANADAgAlAuA5BDBfBOA/A/BJBQBDBGA2A/A1AlAkAR
3548906005002,AcAfA9BOB1BUBLAxA6BLBGBKAuAnAiAVATAJAEAkAqAzAwBYBjBHBDA6BTBRBDBAAkApAgAcAZAL
3548906005003,A0A1BBBGBZBcBSBCBCA/BMAyAmAnAdAQAJAHAAA4AyA5BJBdBjBSBCBCBMBGBNA6AhAkAWARAGAB
3548906005004,BGBOBTBQBSBfBlBeBNBDA3AiAYAPAOAGAEACABBPBJBUBOBVBoBoBfBMBCAsA3AVAYAOAHAEADAC
3548906005005,ApAvA6BFBPBQBOBLBHBOBGA0AvAoAgASAQAEAAAuAyA2BABNBPBZBVBNBRBQA5AyAuAqAhAWAFAJ
3548906005006,A3A+BFBIBXBlBXBKA8BABKAoArAXAOAWAJABABA3A7BFBLBTBhBbBNBEBOBPA1A2AYAgAXALAIAF
3548906005007,A9BEBPBaBbBoBQBNBEBBA1A8AdAlANAJAHADAABCBCBPBOBZBZBWBJBIBJBDA3AqAWAXANAJABAD
3548906005008,BbBeBtBqBoBgBTBOBJA8AvAYARARAMAJAEAAAABaBaBnBlBhBYBRBMBFA6AqAaARARAMAGACABAA
3548906005009,A3A9BHBGBVBhBaBNBMBDA/AyAtAZAQARAEACADA1A3BDBMBVBjBbBRBMBPBFA/ApAiAbARAGAGAB
3548906005010,AvAwA4BCBOBTBKA9BABBBSAoAsAuAjAiATAJACAsApAyA7BJBPBGBBBHBJBQBFBJA5AvAnAhAUAD
3548906005011,A4A3BCBLBRBYBTBMBHBQBBA2AmAhAVAQAOAAAAArA4A/BCBOBaBVBUBSBTBSA6AjAnAaAhAOAIAG
3548906005012,A6BJBYBZBaBZBbBcBSBJA7AmAbAPAQADAFAFAABEBGBUBPBUBgBhBTBRBOAsA5AjANANAIAGAEAF
3548906005013,A9A5BJBNBjBtBeBRBMBFBDAvAgAfAQANAEACAAA2A8A+BHBeBfBZBOBQBKBGArAqAZATARAIAGAE
3548906005014,BCBOBYBZBTBTBSBPBLBLA/A4AgAfAdAOAFADACBHBNBUBOBJBQBXBPBGBCBBAkAoAUAVAMAEACAC
3549003001001,A7BFBFBUBJBCA5BNBDBNAtA+AoA3AtAeAcABAAA4A9BRBFBFA5BNBFBOBDBCBBAxA9AkAPANAAAH
3549102003001,A+AwA+BHBbBVBIA6BABHAwBHAtAbAgAPALAEACAkAzA+BJBdBPBEBBBPBUBNBKA3AtArAgAdAHAI
3549102003002,BGBABQBMBSBWBLBIBLBGBDA3AiAlAPALAJAEABA5BCBLBNBMBYBRBNBMBRBCA8AqAcAfAXAJACAD
3549102003003,A7BFBOBPBTBZBaBUBJBHAvA7AtARASAQAFACAAA5A/BNBHBPBcBdBTBNBOA7A4AlAjAgAOAIAHAA
3549102003004,BBBIBXBYBSBQBSBTBTBIA0A8AiAcAWALAIADAAA6BJBOBPBPBTBXBQBOBHBBAsAmAeAOAKANAFAD
3549102003005,AtA1A8BFBMBOBLBFA/BABCA2ApAnAkAZASAFAAAtA1A/BCBPBPBNBKBLBQBKBHA6AtAkAwAZAJAI
3549201001001,A1BABaBWBNBABKBTBHBPBDAvAzAuAVAWAKAAAAA/A0BaBMA/BSBIBOBHBXBHAfAiAsAmATAUACAC
3549250001001,BJA8BJBlBIBPBFBSBKBAAyBAAzAlAjAPAIAAACA1AzBIBaBRA9BHBRBOBFA3BBA1ArAZAdANAEAA
3549300001001,AvAwBSBTBGA7A/A3BEBLBUA6A+AtAqAkASAHAFAoAyBLBDA/A/BABLBNA+BIA4A9A8AhAlAZAMAD
3549409003001,BCBNBSBRBZBmBXBOBGA+A5AsAjAWAPAPAEAAAABBBLBNBWBdBkBVBLBDBFA/ArAmAbATAQAKAFAD
3549409003002,A/A9BIBNBXBbBRBMBEA/A6A0AqAhAQAOALAIABA8A8BGBMBRBXBVBKBJBIA9A7AzAfAYAaASALAF
3549508001001,BWBVBXBiBjBeBSBLBEA5AvApAiAeARAPAJADAABNBZBlBUBTBMBIBABCA4AoAtAjAgAUAPAIAEAE
3549607001001,BDBYBfBUBPBGBDBIBCBFBGA0AnAmAPASAOACAABPBWBfBNBLBMBCBNBIBDA6AhArAPAjAIAUAMAC
3549706003001,A0A9BJBUBYBSBNBGBCBGBBAxAqAbAYAZAMAHADAyA5BFBRBXBRBMBMBOBIBNAyAvAlAeAbASAIAD
3549706003002,A8BCBNBYBZBZBKA9BABDBAA8ArAfAYAOALAFACA4A/BIBWBZBTBJBGBCBHBJA4AuAcAbASATAJAD
3549805005001,AhAbAkA1BJBXBNA9A3BCA0A9AnAqAnAZAYAOABAnAZAlA6BhBkBaBDBIBRBVBJBGA5BBAzAhAVAJ
3549805005002,AmAjAwA+BQBNBHA7A2BHA1BBAyArArAlASAGABAgAmAwA7BNBTBIBGBIBRBSBMA/BLA5AtAmAMAK
3549805005003,A2A2A8BFBfBgBPA/A8BLBHA1AzAiASAJAIACACA5AyA4BHBWBhBQBFBPBXBOBKAnAjAjAaARACAJ
3549805005004,A6A7BFBKBMBRBQBWBQBTBHA1ApAUAaAEAFABAAAvA4BHBGBXBWBcBeBfBSBLAzAqAfAbALAHAEAC
3549805005005,AvAsA1A9BOBfBRBJBGA8A5A1A5AgApASAKAEAAAyAtA3A+BXBcBYBNBKBNBPBEA/AwAmAcAQAQAD
3549805005006,AsAxA5A7BWBqBsBQBDBGBDAjAgAYARAFAJAFAFA2ArA5BDBbB4BvBeBWBUBUAuAuAaAdAUAKAEAA
3549805005007,AuAxA6BFBZBWBGA/BEBUBKBAAmAdAQAWACAEADAlAyA7BGBmBiBcBKBaBiBTBEA2AcAbAUANAEAC
3549805005008,ApAsA4A+BcBbBRBAA/A9BGA0AkAsAwAdAHACAAAlAtAzA/BVBZBVBHBOBRBTBEBBA0AxAaAPAHAI
3549805005009,ApAwA1A/BZBXBKA/A8BCBGAnArAlAiAaAUAJAEAqAqAyA/BXBWBOBEBKBPBOBDA6A9AyAsAcANAF
3549805005010,AvA4A+BHBWBgBUBNBNBJA6A4AzAVAaAHACACADAtAzBABDBdBhBbBVBWBPBTA7A4AbAhAUAHACAC
3549805005011,A/A8BEBLBWBaBYBQBDBAAwA4AtAfAZANAJACABA6A7BCBKBZBeBUBSBFBIBEBCA5AkAYASAOACAD
3549805005012,BKBWBVBHBKBfB4BtBVA/ArAfASAIAPAIADAAAABNBPBOBLBPBtCDBjBXA8AtAeAcAOANACACACAA
3549805005013,BJBDBMBSBcBeBPBDA7BKA/A0AhAUASANALAAAABFBDBJBOBhBZBNBBBLBSBRA3AlAlAWAQAFADAA
3549805005014,BFBCBQBUBYBcBbBNBLBEA8AmAiAXALALAHAEAAA7BDBHBPBYBdBbBXBSBMBGAqAtAUASAUAKABAE
3549805005015,A8BBBQBcBmBUBMBHBTBQA8AkAWAbATAMAEAAACBJBDBVBcBfBTBHBQBiBMBCAvAhAbAZAGABAAAB
3549805005016,BYBZBrBmBZBIBXBSBOA/ApAgARARAJAHADADAABPBRBkBiBYBVBgBXBUBCAzAhAZASAGANAEABAB
3549805005017,BHBMBXBTBSBhBjBlBSBBA1AgAZAQALAIAHADAABIBHBMBSBRBqBlBgBSBBAzAmAXAZARAGAGACAE
3549805005018,AqAvA4A+BUBVBUBBA8BEA7A2AzAlAeAaAIAHAFAuAvA0BABTBZBWBLBJBTBHBBBCAsArAnAYAOAG
3549805005019,AlAvA1BFBeBdBNBEBBBGA7BDAnAuAZATAMAGABAtAtA4BABqBgBJBKBNBUBRBFA6AnAhAYAOAOAD
3549805005020,BGBIBOBRBXBcBSBOBGBCA4A3AhAbAOANAEACAABFBCBJBOBVBXBVBSBPBOBHA4AlAaAWALAIADAD
3549805005021,BFBCBHBGBGBZBlBYBWBJBAA0AjAVAMAIACABABA/A9BDBDBMBkBxBhBaBQBEAyAkAXANAPADACAA
3549805005022,BBBHBSBWBiBiBbBXBRBGA7A4AvAgAaANAEAAABBCBFBOBHBHBIBRBJBDBBA9AuAlAdAZAGAMABAC
3549805005023,A/BCBUBMBRBWBTBQBOBFA9AsAjAdAfAMAJAFAEBFBEBRBMBLBRBYBPBFBHBCAsAnAnAbALAQAEAA
3549904005001,A1A5BEBMBYBaBNBFA+A/A1A+AsAgAaATAGADACA2A1BFBMBUBWBTBGBGBIBQAyA0AnApAaAZAPAF
3549904005002,ApApA0A6BGBYBTBBA7BFBHBIA0AuAaAQARAKACAtAoAwA+BDBbBXBHBHBWBQBbBCArAvAaARAQAJ
3549904005003,A9BBBPBUBgBkBVBHBGBBA9AwAnAWAQAKAFACAABCA+BMBTBdBfBXBPBKBNBMAsAoAcASAMAEAEAD
3549904005004,BPBNBYBVBdBiBZBNBIA/A6AsAfARAHAGAEACAABEBGBVBTBeBlBcBRBMBGA6AvAhATALAMAHABAB
3549904005005,BOBVBnBgBgBfBXBNBFA9A7AjAYARAIAHACABACBMBSBhBdBbBkBWBPBKBBA1AjAVASAKAIAEACAD
3549904005006,A+BFBYBXBcBWBNBFBHBHA2AwAiAXAQAQAHACAAA6BFBTBWBcBcBOBLBSBLBEArArAXAXASAKAHAD
3549904005007,BJBRBeBcBYBTBLBKBJBAAzA5AjAdAaAQAGAEAEBJBNBcBUBUBSBNBIBDBBA6ArApAWAMAOAIADAD
3549904005008,BDBSBdBNA/BUBUBDBHBDA2A6AqAfAQAfAJAJACBEBTBfBUBWBTA/BPA5BCA9A1AiAfATAUADAFAC
3549904005009,BCBCBFBKBGBQBhBVBPBOBJA1AqARARAFAGADAAA+A6BCBFBFBZBrBeBVBZBPA0ApAaAQAJAEAEAB
3549904005010,BHBSBdBcBhBdBZBPBMBEA6AfAkAPAIAHADACAABQBJBcBYBbBbBZBUBPBDAxApAdAQAOAMABAEAA
3549904005011,BZBbBqBhBhBfBZBLA/AzAqAkAbALAIAEACACAABVBYBlBgBgBhBbBMBDA7AzApAcARAMAIAEAAAB
3549904005012,A4A3BCBIBeBjBaBGBAA+BBA8AwAYASAJAEACABA3A3BBBKBdBnBeBPBLBRBHBHAtAfASANALAHAC
3549904005013,BCBGBLBOBYBoBkBUBGA9A4AyAdAVALAKAGABAAA/BDBJBLBYBvBlBTBLBHBIAtAkAXAQAMAEADAB
3549953001001,BDBLBpBaBcBTBQBOBIA9A9AuApAZAQAJAKADACBEBLBaBaBVBVBLBSBHA/A2AqAhAcAUAJAHAFAC
3550001001001,A3BDBZBZBLBMBHBOBKBLBHAxArAkAgATATAEACA2BABRBbBIBMBDBOBIBCA8AqAuAlAdAVAOAFAD
3550100003001,A4A+BHBKBWBcBWBPBDBDA8A3AsAeATASAEABAFBCA6BOBLBQBZBVBQBHBJBGA9AlAmAWAVALAGAE
3550100003002,BJBNBZBXBXBRBRBKBIA+ApAyAdAcATAOALADABBIBKBbBXBUBRBYBQBGA9A3AsAvAYAbANANAEAE
3550209003001,BQBaBlBeBVBWBSBQBIA+AuAnAcAjAVANAIADAABZBSBkBWBXBQBNBOBBA3AqAuAjAWASAFAHAAAC
3550209003002,BGBPBfBfBTBTBMBHBGBBA3AuApAXAVATAKAFAEA+BMBdBZBQBSBLBGBHBAAvA5AmAkAWANAIAEAB
3550308005001,A4A9BDBEBqB1BoBqBVBAA3AeAPAaAEAGAHACAAAyA8BBBJBuByBwBmBMA4BBAbAfAdAXAQAIADAA
3550308005002,AgAgAlAqBgCDB2BmBYBJA2A3ASAhASAUAKAGADAmAfAlAtBaB3BmBTBNBKA+BOA1A7AdARAXALAG
3550308005003,ArAqApA2BzCGB2BlBbBLBCAwAsAVANAUAIAFAAAyAnAqA2BhBxBgBMBCBAA5A5AtAeAZAYAPAKAE
3550308005004,BBA/BCBIBnBrBjBLBCA5A5AmAgAYAYAMADABADBDA8BBA/BhBsBhBLBGBCA4A1AnAbAgAdAPAKAE
3550308005005,A/A9BBBJBoB2BpBZBKA/A3ArAnATALAJADAEAAA+A8BCBCBnBuBkBRBGBABBAqAkAVANAQATAGAA
3550308005006,A+A4A4A3BIBZBbBQBGA/AzA0AiAgAVAQANAEAFA2A0A4A3BSBiBjBaBKBJBaAtAsAsAqAkAbAJAL
3550308005007,AxAwA1A4BOBfBbBOBHA+AuA/ApAfAfANAIAGACA4AtAxA2BOBjBlBfBNBMBHBHA5AmAgAmAXANAE
3550308005008,AoAiAnA/BoCCBoBJA9A4A+AlArARAVATAJACAEAiAlAmA8BvCHBtBUBGBFBIBBA1AtAjAeAWAKAD
3550308005009,AlAjAnAyB2CdCEBcBPBCA8AgAXAWAXABAIAFAAAwAjAlA0BnCLB1BbBIBAA8A6AqAiAhAVADAGAD
3550308005010,AnAkAoAvBXByBkBKA+A9AwA7AzAfATAQAIAJAFAhAkAnAxBaB4BoBNBIBLBFBTA8AqApAnAeAYAL
3550308005011,AmAjAjA0BvCOB0BWBGA5A1AwAlAXAZALANAIAAAkAdAjAwBoCNBpBPBEBAAwBRA+AkAeAcATAZAC
3550308005012,AcAdAjAzB0BgBJA9AyA8A2A1AyAiAeAYAWAGAFAYAdAhA9CABuBVBEBBBMBJBNBCAwAvApAyAPAZ
3550308005013,AYAaAfAwBnB/BlBLBDBDA+AwAqAZAVAdANANAGAZAcAeA0BuB/BhBKBDBLBIBKA9AyAiAaAqARAM
3550308005014,AnAmAqA0BhB7BiBWBNBFA+AwAoAYAVAMAIAEABAsAiAnAyBjB9BpBOBNBKBPA9A2AoAeAcAVANAI
3550308005015,BFA+BBBKBjBgBSBDBFA5A6AfApAWASAVALAEAABABABEBEBfBhBPBPBEBEA/ArAvAgAqAbAdANAI
3550308005016,A4A1A4A9BfBwBgBPA/A/A8AsAmAYAYAQALAGABA3A0A6A5BUBmBdBKBDBHBLAxAoAqAjAkAgAOAJ
3550308005017,AvAvAzA7BQBeBaBNBJBGBCA2AjAeAUAbANAHAEAvAtAvA4BPBaBbBPBMBMBPA5A0AsApAeAkAWAJ
3550308005018,AwAuAyA5BGBJBLBLBKBEA+A3AnAgAeAPAUAPAEAvAtA1A5BGBTBWBYBQBSBKBHA/AuA4AfAiATAG
3550308005019,A3AzA4A9BJBcBXBEA/BDBHAoApAWAPAcAKAPACAwAxA2A7BOBgBdBNBMBRBTA6A8AsAaAVAtAZAK
3550308005020,AsAgAnAxBTB0BrBKA/A+A/A1AkAbAeAQACAIAAAkAgAhAwBXCDByBXBIBNBBBcBDAlAbAoAeAOAH
3550308005021,AnAjAmAwBQBkBTA+A3A8A/A5BBAdAQATAQAIAEAeAfAjAzBZBvBhBHBGBOBVBVBFAvAwAiAvAfAO
3550308005022,A+AgApAqBIBJBPBPA5BIAnAmBBAtAdAPASAGAHAuAaAdA0BIBjBWBdA+BqBaA9BKA1AmAkAoApAZ
3550308005023,AeAbAWAWBIBnBoA6BUAuBFBABAAfAZAaAYAGACAbAkAYAqBCB6BdBZBGBLBdBBBRBAAzAyAdAcAN
3550308005024,AoAlAqArA+BJBOBFBBA/BFAzAxAiAfAhAPAWAGAiAiApAtBJBbBeBRBKBSBRBYBPA6A4AbAiAVAZ
3550308005025,AlAdAdAmBOB6B0BRA+A+AwA1AtAgAYARALAGAFAkAcAcAnBZCPB6BQBCBKBNBPA9AwAgAeAmAXAN
3550308005026,AjAmAsAwBYBYBJA2A2A5AzBGAvAqAZAaAPAIAMAnAmAoA4BrBnBSBEBEBOBIBeBFA9AyAZAhAXAR
3550308005027,AxArAyAxBMBtBwBbBMBHA2A2AjAiAKAQAKAFACAqAqAuA1BXB0BxBYBQBIBQA1AwAeAgAZAWAQAI
3550308005028,AqArAtAzBHBKBEBAA/A+BHAlAqAlAjAeAXAHAJAtArAvA4BTBcBZBMBKBNBjA4BQAvAsArAqATAQ
3550308005029,AzAuAuA3BKBfBbBRA+A5AzA4AoAeAZAOAKAEACAyAyAvAxBXBrBrBaBEBLA+BHA4AqAoArAlAUAI
3550308005030,A5AzA7A+BQBVBWBGBBBBAxBCAkAgAVANAOAEAAAyA0A/A+BTBeBbBSBLBQBQBBAsAuA0AfAXAGAF
3550308005031,A7A9BBA6BMBeBZBOBEA7BCAmAqAbAQAZAFADAAA0A2A8A7BQBgBnBVBHBGA7BHA8AYAnAoAcAMAF
3550308005032,A0A7A9BABTBZBOBIA/A+BDAuAvAdARAaAHACABA0AxA/BBBTBcBaBKBIBOBXA3A9AfAoA0ATAHAE
3550308005033,AyA3A/BDBYBeBPBCBCBAA7A0AoAdAYAOAQAEAAAzA2BBBABeBgBUBHBMBKBGBAAzAlApAlAWAPAH
3550308005034,AzA5BBBCBXBjBXBLA/A7A1AsA0AQAXAQAPAEAEAzA2A+BEBbBnBeBKBJBMA9A/A5AgAqAjAQAGAH
3550308005035,BTBcBdBcBkBmBYBRBCA1AwAdATAPAMAHACABAABSBSBdBZBeBnBdBRBDA8AwApAiANAQAJAJABAB
3550308005036,A2A2A7A6BFBXBYBOBMBJA6AzAnAXAaAOAKADAEA1AzA2A4BMBfBhBXBRBTBSA3AvAuAjAcAgANAF
3550308005037,ApAxA2A8BGBFBCBDBGBQBCBDAqAnAbAUANAIADAnArA1A/BLBMBRBTBSBcBdBDA5AwA2ArASASAE
3550308005038,AjAsAyA6BOBNBEBBBDBMBJA3ApAiAiAWATAGABArAmAyA6BPBZBQBMBOBbBkA/AqBAAvArApAMAG
3550308005039,AwAwA4A6BJBUBRBKBABGA9A5AmAdAfAaAPAIABAsAuA0A6BIBUBcBPBLBTBRBCBIAoAoAtAcAKAL
3550308005040,AuAzA9BABPBRBHBCBDBIBBA+AnAmAbAUASAGABArAxA8A/BQBUBPBKBLBVBNBMA3AxAnAgAbANAH
3550308005041,AvAxA7A8BMBQBMBEA/BFA/A6AyAfAaASAQAGAEA0A1A3A+BNBQBWBKBQBRBMBJA4AzAsAeAdAPAI
3550308005042,AwA2A+A+BXBbBTBFBEBGA6A1AnAiAdAUAMAGABAzA0A6A8BOBVBXBOBKBOBEBIAxAwAmAnAVAMAI
3550308005043,AvAvAzA7BJBXBQBGBGBDBBA3AkAhAfAZARADABApAsAvA2BNBfBZBTBOBQBNBIA7AwArApAiAPAF
3550308005044,AvA2A8A7BLBXBPBCA/BBA6A3AzAWAgAZARAHADArAzA3A8BMBaBaBLBHBOBYA9A4AwAuAqAVANAG
3550308005045,AwAtAvA0BHBXBbBNBIBHBKAxAwAXAaAPALAIABAvAtAtA4BIBnBmBXBSBTBRBLAvAqAlAlASAPAN
3550308005046,ApAtAtA1BNBkBZBEBBBEBIA4AvAhAXATAIAKABAlAmAqAzBPBuBhBPBMBWBQBVBCAkAxAYAZAOAH
3550308005047,AtAqAtAwBGBiBfBNBIBBBBA5AkAdAcAQAOADABAvArArAxBLBuBuBbBPBRBOBNA2AyAhAhAXAIAI
3550308005048,AlAkAoAuBGBbBeBIBDBABGAwAtApATAWAUALAGAuAlAoAtBJBpBnBSBOBPBVBJBBAxAnArAgASAJ
3550308005049,AyAoAqAtA4BLBUBOBFBFBLA8A4AoAcARARAJAEAuAmApAwBFBZBkBeBSBVBOBRA9AtAjAdAnATAF
3550308005050,A2AnAnAsBFBhBtBZBBA8AyBCAuAfAbAHAOANADA2AnAoAuBQBvBvBcBIBFBNBHA8AqAUAeAfANAV
3550308005051,AkAgAfAkA1BdBoBPA/A4BRAhA1AqAaAdAQADAMAqAgAfAnA9BsBxBaBHBIBQBNBFBJAdA1AxAPAQ
3550308005052,AoAgAgApBFBwBmBIA/A7AzA5A1AYARAOANAOAFAjAfAfApBSCFBuBRBLBLBMBTBRAiAxAvAgAbAI
3550308005053,ArAqAuAuBCBQBQBFBABCBKArA2AgAhARAWANAFAiAoArAxBEBYBaBQBTBTBHBPA9AyAxAoAxAaAV
3550308005054,AzAlAkApBGBnBnBPBABDA7A5A2AaATASAQACAEAtAkAnAqBEBvB1BbBIBTBRBOA8AvAoAbAiAMAL
3550308005055,AuAqAvAzBKBUBcBLBEBEBfAkAuAjATAWAIADAAAuAqAtAwBGBnBpBZBKBXBRBOBAAjAiAmAfAOAD
3550308005056,ArAmAnAxBFBhBfBGBBBCBEA8A9AbAVASAPAFACAmAkAjAuBLBxBpBQBIBOBXBSBRAlAmAcAkAVAG
3550308005057,AyA1AsAxBKBbBqBQBIA+A+A1AoAaAaAOANACAEAzAuApAuBNBtBvBYBPBMBNBABDAgApAjARAOAI
3550308005058,AqArAtA3BLBaBVBGA+BABGAyAuAoAZATASAFADAuApAsAwBJBaBgBNBLBNBjA7A7ApAuAyApAbAC
3550308005059,AuAtAuAxBBBPBRBJBGBKBAA2AiAnAhAcATAJAEArAqAuAwA/BUBbBVBRBVBKBHA8A5ApAfAyAaAK
3550308005060,BCBABKBIBdBaBRBEA+A8A6ApArAUAOAKAIAGABA+BEBIBMBbBgBcBNBGBFBGA7AqAmAhAXARAMAD
3550308005061,A2A5BEBDBTBYBUBKBHA9A3AzAeAfASAOANADABA6A7BCBFBWBiBeBWBKBJBMBAAwAmAdAZAWAGAG
3550308005062,A8A/BEBBBWBaBTBCA+A9A5AtAfAaAaARAOAFACA2A8BEBFBVBiBaBOBHBIBIA8A4AuAeAcAPAMAG
3550308005063,AkAoAvA5BJBTBPBEA+BCBGA7AtAlAXAWAQAMAEAnApAvA2BNBdBUBKBNBUBhBIBBAxAyAnAnARAE
3550308005064,AmAqA0A3BHBRBIA+A9A/A/AvApAYAZALAZAKABAoAlAwA4BrCBBsBWBTBRBNBLA8AnAhApAcAPAO
3550308005065,AxAwA5A9BIBPBFBBBEBIBEA6ArAoAXAZAKAEADAwAvA5A7BOBTBVBNBLBWBTBOA7AsAuAjAdANAD
3550308005066,A2A1A7A7BSBWBQBIBCBBA9A2ApAaAdATAIADABAvAwA4A6BPBhBbBNBJBNBcA7A3AuAlAiAaASAM
3550308005067,A1A5BDBFBTBaBOBFA/A9A8AvApAfAWAUAMAHAAA1A3BBBFBVBaBVBKBIBHBLBDA0AnApAgAZANAF
3550308005068,A7A/BFBGBWBaBOBEA9A8BAAtAdAiARASAJAFAEA6A7BJBHBdBgBTBOBIBIBKBDAuAoAlAWAVAGAB
3550308005069,BJBFBNBKBbBdBPBEA/A/A0AqAoAQAQALAJAEACBCBCBLBNBfBgBWBJBNBJA/A3AwAjAdAaANACAC
3550308005070,A4A9BGBEBSBdBUBFBAA9A8AuAkAZAaAVAMABAEA1A7BCBBBUBgBZBLBIBJBGBCA0AvAjAeATAHAE
3550308005071,AuA3BJBABYBTBTBCBLA4AyAzAoApAVALAQAHADAuBJA7BHBZBHBfBJBTBDBJA7BAAqAoAjATAMAD
3550308005072,BGBGBSBQBdBbBOBIBGA+A0ArAeAWATAJAFABABBCBDBSBNBfBcBUBUBKBLA8A3ApAbAgASAOAGAA
3550308005073,A8A+BJBGBXBRBSBIBFBCA6AvAXAoAWAMAOABAAAzA5BGBGBVBgBWBTBPBPA7BEAvAqAnAaAHALAH
3550308005074,AvA3A5A7BLBWBPBIBDBEBEAsAsAfAZARAPAFADAyAxA7A7BQBcBWBQBTBSBdAzA9AhArAlAZANAE
3550308005075,A5A5BDBDBOBPBSBFBEBGA0A3AmAgATASAKAFADA3A5BBA+BSBZBXBTBOBNBGBDA7AoAiAcAcAIAG
3550308005076,A3A8BGBIBTBZBMBDBDBBA/AwAkAaATAQASAGABA2A6BBBGBSBWBWBNBNBNBSA5A4AoAcAhASALAG
3550308005077,A4A1A/BDBMBQBPBNBDBEBAAvAqAaAZAWAOABADAwAyA8A8BKBYBaBTBPBVBEBEA4AxAgApATAOAG
3550308005078,AsAzA/BBBPBQBMBCBDBFBDAyAqAfAhAUANAKACAwA1A6A9BOBWBTBMBJBQBQBEA6AyAoAfAjAGAJ
3550308005079,A5A8BKBHBTBWBOBFBCBDBFArApAbAYAMAMAEABA0A8BEBDBSBaBWBLBNBNBIA+A4AdAmAeATAKAF
3550308005080,A4A8A/A/BPBUBSBLBGBHA3A2AkAdAcAMASAHAAA6A3A+A+BOBbBfBSBOBUA8BFAuArAoAYAZAFAD
3550308005081,A0A1BAA9BSBcBOBCBABFBHAvAhApAcAWAIAHAAA0AyA6A7BRBZBXBKBIBQBNBCA9AqAmAaAVAMAN
3550308005082,A1A2A/A9BYBfBVBDBGBEBBA2AtAUAWANASALAAA0AzA+A+BVBfBYBLBNBLBLA+A6AqAeAeAUAHAE
3550308005083,A1AyA7BBBRBZBWBHBABEAyA+AhAgAWAQARAEAAAwA1A8BDBRBhBaBQBKBQBQA9A5ApAoAkAUAKAD
3550308005084,A8BABJBGBXBcBVBRBEA8A3AmAcAYASAQAMAEABA3A8BHBKBYBcBcBZBPBFBFAyAnAnAXAeAZALAI
3550308005085,AzA1A5A7BNBeBdBKBEA/A9AyApAeAUATAMAGAEA2AwA5A6BPBnBlBQBKBOBTA0AwAsAoAeAXALAI
3550308005086,BbBXBgBbBqBwBjBOBEA0AuAZAPAIAHADABABAABQBTBgBdBqBvBhBSBFA8ApApAVASAJADADABAA
3550308005087,BAA7BCBDBUBeBUBJBFBAA/AwAiAbAaAMALADACA5A8BCBBBVBiBZBSBQBLBFA+A1AqAdAWALAFAB
3550308005088,A6BBBIBEBTBcBTBLBBA7A2A5AmAbARAMAGABAABAA/BGBGBXBjBaBTBNBQBNA6AyAZAeAZANAGAB
3550308005089,BJBMBTBLBTBgBZBTBMBAAuAlAaAKAQAGADABABBEBMBQBPBWBoBkBdBUBMA9AvAlAZANAKAHAEAD
3550308005090,A/A/BIBKBNBZBUBOBNBDBGApAqASAVAKAFAAAAA/A+BFBFBQBjBkBbBOBQBOApAjAlAZAQAPAHAF
3550308005091,A+A8BFBIBYBcBSBFBEBABEAmAeAaAUAOAIAFACA9A5BABIBbBiBaBRBKBMBFBBAyAiAXAhAMAIAE
3550308005092,AkAnAuA0BRBkBgBLBBBDBIA1AwAWAQATAGAFAIArAuAwA0BPBqBoBSBPBVBcBKA6AkAoAkAPALAH
3550308005093,AwAnA5AzBCBsBMBBBHBHA6A0AsAjAfAWAQAHAFApAeA7ArBKB2BjBBBYBTBRBCA6AqAtAjAdAOAF
3550308005094,AqAuAvA0BKBSBKA+BCBCA8A9AgA4AfAYAZAIAHAjAnAsA1BEBTBQBLBKBSBUBGBAA+A5AsApAYAD
3550308005095,A1A9BEBDBWBfBbBLBCBAAwA1AXAfAXAMALAAAAA6A7BEBEBdBoBkBSBUBPBFA7A0AYAXAQATAFAI
3550308005096,A7A2A+A/BEBPBZBUBPBLBEAvAjAVAKAVAGADABA/A3A/A9BIBcBvBmBXBXBMA4ArAmAbARANAHAG
3550308005097,BHBLBSBMBXBiBcBLBBA7AzAmAaAYAMALAEACABBGBGBOBKBZBrBjBSBHBGBCAuAiAeAfADATAKAC
3550308005098,AqApAoApA7BaBgBRBHBFA6BFA/ATAXAVAJAHAEAmAlAlArBGBrB6BfBLBWBRBRA7ArApAbAfARAJ
3550308005099,AvAlAnAsBABTBgBVBBBDA7A/A4AiAZAQAIAKAAAtAkAnAuBKBpBtBgBLBUBXBQA8AnAlAjAlAKAJ
3550308005100,AvAtAvAwBGBXBaBKBEBAAsBHArAlAjASARAIADAoAtAwAwBLBjBgBVBIBMBCBNA/A1AnArAgATAD
3550308005101,A0AtAuAxA8BGBMBKBFBFA8A+AnAwAkAeAKAFACAyAzAxAxBGBRBcBfBPBSBaBBA/AxAjAjAoAQAI
3550308005102,AjAbAcAsBPBzB9BXA/BBApBDAoAVANATAPAQADAmAYAbAsBXCIB9BaBHBPBXA7BGAcAoAZAhARAQ
3550308005103,AzArArAqA7BUBYBTBDBGA8BAAmAoAbATAYAKAEA4AmAkAtA8BYBtBfBMBTBNBPA8A1ApAeAkASAD
3550308005104,A5A7BDA+BGBRBQBJBHBDAzA4ArAcAiAKAJAHACA2A8BCA/BQBaBiBbBVBPBHA+AxAsAfATAMANAE
3550308005105,AiAkAlAzBnB5BXBCA7A8A/AxApApAiAeAPAGADAhAhAnAzBZBvBbBFBEBLBGBMA8A3AhAzAiARAI
3550308005106,ApAqAxA4BBBDBLA/A9BGBDA4AxAnAoAVAVALAFArApAtA1BHBQBaBPBPBaBUBOBIA4AjAxAYAUAM
3550308005107,A1A1A5A5BUBkBuBnBQBKA+ArAqAYAQAJANAGABA9A1A2A3BABZBuBkBPBPBGAuAlAYAXAbAZANAF
3550308005108,A/BFBJBIBcBoBhBQBEA6A1AgAXAcAZAKAFAEACA+BDBLBKBWBrBmBXBIBEA+AqAlAlAaALAPAIAF
3550308005109,A1A4A8A/BTBcBWBJBBBBA9A3AwAfAQAXAKAFAEAwA4BBA+BPBaBXBLBKBLBNBBA5AjAkAiATAKAH
3550308005110,A1A4A9BABPBZBUBIBIBEBHAqAoAfAdASAJADABAzA3A9A8BOBeBdBSBPBNBLA9AyA1AgAbAWAIAB
3550308005111,BKBMBZBUBdBcBQBMBJA/A1AjAeAQATADACAHABBEBPBXBXBeBhBZBTBOBGA5AvAmAVATAIALACAA
3550308005112,A6A5A/BFBNBZBVBGBBA/AwA6AsARAbAMAJAKAAAzA2BAA/BSBhBeBRBMBNBBBMAzAzAhAcAWAJAG
3550308005113,BCA9BKBKBVBXBPBKBLBLBIAkAfAYAPAPAEAAACA9A9BGBIBUBfBZBUBXBTBSAxAlAiAbARAKAFAD
3550308005114,BHBHBRBNBaBbBPBHBGA5AzAvAnAZAPAIAEAFAABCBGBQBOBZBdBYBRBJBFA5A+AtAgAVAbAHAGAD
3550308005115,BDBIBVBKBZBfBSBBBDA8A9ArAlAUAPAGALAEACA+BCBPBQBeBgBWBMBJBIBLAxAoAeAfAVANACAB
3550308005116,A0A2BEBABPBXBTBGBFBFAzBCAsAVAdAOAGAFABAxA1BBBDBSBdBdBQBPBPBQA/AzArAcAXAWAOAF
3550308005117,AvA5BDBCBTBUBVBGBBBFBWAiAjAeAVATAJAHACAzA2A8A/BQBiBYBRBLBSBOBDA7AeAYAlAMAXAE
3550308005118,A9A/BNBLBaBdBVBIBBBAA2AyAbAiANASAFAFADA3A9BHBIBaBjBYBRBMBLBGA3AsAbAhAVAVAEAC
3550308005119,BBBBBPBJBSBZBQBGBEA/A5AxAkAOAYAIAKADABA1BBBQBLBXBfBaBQBOBKBNA5AvAhAdAYAOADAC
3550308005120,BEBJBXBUBYBaBRBGBCA8A4AlAjAPARAGACAEACBBBMBUBTBbBgBWBRBQBHA+A4AsAXAXAQAPAGAB
3550308005121,A+BHBQBLBZBZBNBDBDBBA1ArAuAUAJARAHADACA8BEBRBNBaBfBXBNBNBLA/A7AlAeAjATARAFAE
3550308005122,BRBbBlBbBeBaBVBMBHA2A0AYAXAMAKAEADABAABTBbBrBcBiBlBdBSBKA8AyAgAfAOAMALABACAB
3550308005123,BMBSBgBXBcBcBOBHBEA1AsAnAbAVALAKABABADBOBSBiBcBgBeBcBNBJBCA1ArAgAbATAPAGAEAC
3550308005124,BCBABOBLBUBaBWBFBDA+AzAwAhASAXAFAKAGACA4A9BHBIBVBjBdBOBLBNA6BKAsArAbAUAXACAC
3550308005125,BBBKBMBPBYBcBUBJBGA/A9AiAYAVANANALABABA/BFBSBPBbBkBeBWBPBKBCAwAqAdAWARAKAEAB
3550308005126,BTBZBiBbBjBhBRBGBEA3AuAjAVATAFAHAEABAABNBTBfBhBiBmBZBRBHBAA6AgAYATARARADABAC
3550308005127,BSBZBiBaBfBeBZBJA/AxAtAkAXAUALAGAAAAAABTBVBiBXBhBmBgBNBGA/A2AuAfATAQAGADABAB
3550308005128,BBA7BGBEBWBeBVBNBJBAA8ApAhAUAWALAJACAAA1A8BIBGBZBiBcBWBRBLBDA9AuAqAbAVAOAFAB
3550308005129,AyA5BDBCBNBMBNBMBLBFA+AyA1AUAUARAKAEABAuA3BEBGBLBRBcBVBTBXBKA/A+AgAhAgAVANAC
3550308005130,AxA0BBBEBQBPBPBKBLBKBBAvAgAiAXANAIAFABAvA2A9BABMBVBWBcBVBdBJBHA4AiAgAZAaAMAD
3550308005131,AqArA2A8BQBWBPBFA/BAA6A8AvAgAYASASAIAEApAuA1A9BSBbBTBHBNBRBIBaA7A1AxAlAXAOAF
3550308005132,AuA0A4A+BOBXBPBABAA/A3BAAqAXAhAXASAEAFArAxA1A+BUBaBWBJBGBPBLBRA/AzAgAwAcAKAG
3550308005133,AzBIA5BMBRA7BVBFBABFBCA+AlAhAYALANAGACAxA/A+A8BVBgBWBIBHBWBSA5A1ArAfAdAWAKAG
3550308005134,BABDBQBLBVBcBSBHBFA8AyAzAmAWARAJAJACADA8BBBOBMBZBiBWBSBOBGBFA6AwAjAQAWARAGAC
3550308005135,BOBVBiBeBhBgBcBQBGA5AnAkARASAOAEADAAAABQBSBjBeBiBiBbBWBKA+AxAnAZAXAJAIAEAAAC
3550308005136,BGBVBgBWBdBaBUBMA/A2AvAjAYAWAHAKAEADAEBNBVBiBYBdBhBgBQBEBAA1AzAbAYASARAGAFAA
3550308005137,A/BIBSBOBbBcBSBJBEA+AwAxAiATAVAJAIABABBCBDBSBPBfBjBZBOBMBJBEAxAsAgASAPALAFAC
3550308005138,A/BDBTBSBXBYBRBJBEBAA0AvAVAZAKAHALACAAA1BFBNBRBcBkBbBWBUBQBFBBA1AZAQAJAKAGAE
3550308005139,BUBSBdBXBiBeBSBQBMA8AyAkAYAMAKAFACACAABHBMBbBYBiBlBZBSBOBFA+AiAbAWASAMAFADAA
3550308005140,BEBJBVBOBXBYBXBOBHA7A4AqAlAZARAIACAAACBJBHBMBOBeBgBhBXBOBDBCAyAhAeAXAKAIAAAB
3550308005141,AzA+BNBLBRBYBKBEBDBCA9AtAvAWAVAQAJAFABA6A6BIBKBWBcBTBMBNBQBNA6AwAnAaAkARAGAB
3550308005142,A9A5BIBFBUBcBOBIBEA9BDAwAiAYAcALAHADABA2A7BEBABWBbBWBOBQBMBLBDAuAvAoASANAHAF
3550308005143,BHBLBRBMBWBZBRBBBFA+BAAlAsAQAbADAGAAAABFBGBRBNBcBgBXBNBIBLBIAzAwAZAWAOAMAGAD
3550308005144,A2A3A+BFBRBbBNBHBDBFBBArAmAhARAYAJAEAEAxAzA9BCBRBVBWBOBPBTBJBDAxAyAxAcATALAB
3550308005145,AzA4BEBCBNBXBTBGBEA+AyA6AhAcAVAdAOAIAAA1A5A+BCBTBZBWBNBMBOBABLA3A1AjAVAeAFAE
3550308005146,A3A9BJBMBSBYBNBHBDBFA5AxAlAdAUARALACAAA1A6BJBIBaBbBWBPBNBTBGA5AoAiArAYAWAEAC
3550308005147,A6A7BHBHBUBbBVBLBGBCBAAqAqAcAUAOADAIAAA3A6BEA/BTBeBcBVBNBJBOA5AsAgAkAZAVAFAE
3550308005148,A3A5BCA8BJBeBgBUA+A1AzAmA3AZATAKAIACABA8A4BAA8BNBmBrBcBHA/A8BWA9A3AhAYANAEAB
3550308005149,A7BHBSBQBcBcBUBCA8A/A3AvAiAaAPAUADAEAABEBEBNBTBfBgBXBOBKBGBJAsAmAbAYAVAOAGAD
3550308005150,A/BGBQBPBWBeBYBNBEA9A0AyApAYAPAKACADABBBBCBOBMBZBgBdBRBNBDA4A/AqAiAWALALAEAD
3550308005151,A4A+BIBGBTBVBNBHBFA/A6AvApAmARAQAKAEABA0A9BIBFBTBcBVBOBNBMA7BIAuAoAoAfAPAGAG
3550308005152,BJBLBYBRBbBeBZBQBEA+A7AnAdARAKAFAEACAAA3BPBSBUBjBnBfBVBNBHA6AxAkATATAIAHAHAB
3550308005153,A1BABKBHBRBVBNBLBJBBA9AwAmAhARAWAKAGACA7A8BHBEBSBZBVBSBMBJBCA+AzAjAiAbAQAHAD
3550308005154,A+BFBVBMBZBbBQBLBGA9A5AoAlAdAWAKACAFABA4BEBPBKBYBhBWBSBNBHA8A4AsAiAhASAHAGAC
3550308005155,A8A/BHBMBZBWBMBHBBBFBBAuApAfASAMAHAEAAA2A8BJBKBZBYBPBJBQBQBHA9AuAfAfAWASAPAF
3550308005156,A/BKBTBQBeBaBTBIBBA9A+AnAnASATAMAFACAABGBFBTBPBgBiBVBNBJBJBDAtAtAYAZARAHAFAC
3550308005157,BFBPBZBRBcBgBbBKBBA3A2AnAgASALALAEAAABBDBIBWBPBbBmBeBRBIBCBCA4AmAeATAHAJABAD
3550308005158,A1A0A7BDBWBhBPBEA8BHA1A8AxAjAdAQALAEABA6AxA6BCBXBgBOBGBJBMBIBEAvAxAiAmAPAKAG
3550308005159,BCBFBMBMBXBbBQBJBHBEA2AtAgAbAPAOAGACABBIBGBKBOBWBbBXBSBQBPBDA0AoAdATAWANAEAB
3550308005160,BDBNBWBQBcBdBUBMBHA6A1AoAdAbAVAJAEACAABFBHBTBSBZBgBbBQBPBEBDApApAdAaALAEAEAA
3550308005161,BIBNBUBRBgBgBWBKA+A7AvAuAiAWAOAGABAAACBIBMBTBUBcBpBbBNBHBEBEAtAeAhARAPAIACAD
3550308005162,A5BCBRBHBWBZBXBGBIA/AvAqAiARAYARALAAAAA6BCBJBKBcBgBeBWBRBHA5BAAtAwASAWASAFAA
3550308005163,BKBRBcBRBiBdBWBOBFA2AsAiAXAMAXAHAGAAAABKBIBaBXBjBmBjBSBNBAA1AsAiAcAUAMAGADAA
3550308005164,BFBLBTBNBaBdBhBTBDA0AvAjAdAPARAJAFACAABHBKBWBOBeBoBoBZBHBAA7AyAoAaARAJAMAFAB
3550308005165,BQBQBdBUBiBlBXBLBCA0AkArAXAOAKADADADABBLBNBcBYBpBqBgBTBNA/A7AoAhAVALAFAJAFAC
3550308005166,BBBIBRBPBiBiBTBHBDA5AyAmAbAUAPALAFAFADBDBGBUBRBiBkBgBRBMBGBBAuAZAvATANAKAGAC
3550308005167,BMBTBVBRBdBfBaBMBEA3AsAlAeASALAGAEACAABJBMBTBSBiBlBhBVBOBAA7AvAfAdAOANAIAEAD
3550308005168,BKBUBjBdBiBjBZBLBDAxAoAjAWAPAKAHABABAABLBVBgBgBjBoBiBZBIA7A1AkAbAbAOAIAAAEAB
3550308005169,A5A3A9BEBTBYBZBMBEA9A7AwAsAaAYAPAHAFACA0AyA8BBBYBgBfBWBOBNBKBEA3AnAcAUARANAE
3550308005170,BBA/BHBCBLBcBdBNBKBAA5AvAkAbALARADAAAAA7A9BHBFBTBmBoBZBVBMA6BFAlAdAVAbAQAHAE
3550308005171,A7A3A8BBBCBMBYBOBJBJBFAqAgAbAhAOAJAGABAvAzA7A7BIBaBnBcBZBXA/BFAxA4AhAYARAJAF
3550308005172,A0A5BBBCBJBPBQBMBPBLBJAtAcAhAbAPAGACAAAxA3BABABNBVBeBeBaBXBUA9A6AhAbATAOAJAG
3550308005173,A2A0A8A3A+BFBEBJBIBQBAA8AoAsAfAdAKAFAAA7A0AzA0BABKBTBbBUBVBNBEA3A3AqAfAbAMAL
3550308005174,AoAsAxA0BDBXBVBMBCBDA6A+AzAgAkAZASADACAsArAtAyBDBVBgBTBNBNBMBMA/BAAmAjAgAWAG
3550308005175,BfBjBmBeB+B9BlBZA9AsAbASAOABADAAAAAAABBeBgBnBgBwBxBoBWBDAwAfATAJAOACACACABAA
3550308005176,BNBNBMA/BNBRBZBbBRBIA+AmAeAVANAGACADACBIBLBOBDBNBaBvBnBaBNA8AuAiATAHALAMAGAE
3550308005177,BCBABJA9BMBSBdBXBOBIBHApAjAXAPANAEAAAAA8A+BGBEBTBfBtBdBaBQA+A0AgAiAaARAFAFAE
3550308005178,A7BEBJBIBOBTBQBHBIBDA1A0AlAbAWAMAHAFAEA5BEBGBIBOBZBeBaBTBOBBA2ArAkAaAXAJAPAG
3550308005179,AwAyA+A9BMBTBUBLBHBBBCAvApAiAZAaAPAEABApA0A2A9BRBZBcBRBRBKBTA8A2AwAwAbAVAMAG
3550308005180,AuA0A5A4BNBYBdBOBFBAA7AzAyAbAaATASABAEAyA0A2A4BKBlBmBZBOBLBHBFA7AhAgAqARAHAF
3550308005181,BJBHBJBKBkByBlBRA/AzAyAgAdAVANAFABACAABHBBBIBPBsB/BxBXBCA5AzA2AoAQAOAMAFAFAC
3550308005182,BABKBOBJBUBeBZBOBKBCAyAxAfAQARAMADAAACA7BEBNBKBbBjBiBWBPBNBEA0AlAdAZANAHAFAB
3550308005183,A/BEBNBHBWBdBTBHBFA8A0AuAjAVAWAIAPABABBEBABKBGBXBmBfBQBMBGBEA2ApAsAQAXANAJAF
3550308005184,A9BABCBHBfBnBdBOBIA/A0AqAjAXAPAMAIADAAA8A9BDBFBdBrBlBWBMBHA9A3AmAhAXAQANAJAG
3550308005185,BHBPBdBSBgBaBQBIBGBCBAAnAgALAHAJAFACAAA8BKBcBTBiBgBcBSBPBIA/AtAlAOASANAGACAD
3550308005186,BMBcBqBdBZBmA5BFBDA3A+ArARALAKAFABAAABBNBPBkBrBfBVBXBQBUBCA8A0AVAZALAGAHABAB
3550308005187,BGBKBTBQBYBgBYBRBHA/ArAvAdAUANAFAEABAABHBJBOBPBfBpBdBaBQBJA5A0AnAZATAHAEACAB
3550308005188,BJBMBgBUBVBgBcBJBBAyAsAvAjAPAKAKACAAAABFBNBYBOBZBoBiBOBFBDBFA3AhAjASAIAKAAAC
3550308005189,BTBaBoBZBcBdBTBOBEA0AwAeASARAEAIADACAABVBZBrBfBkBiBeBTBIA/A0AjAhAPAIAHADABAA
3550308005190,BSBfBmBXBfBkBTBKBEAzAgAmAVANALAFACABAABWBdBsBfBkBnBfBRBJA2A0AhAbAVAGAHAFAAAA
3550308005191,BNBXBiBYBcBZBUBWBLA+AxAgAVATAHAHACAAAABSBSBlBdBgBhBdBdBOA+AvAmAcALAJAHAFADAB
3550308005192,BBBFBPBLBVBdBTBJBDA9AvA2AnAZANAIAGAEABBBBBBMBMBfBkBeBPBKBHA8BDAlAdATAVANAKAD
3550308005193,BHBJBSBPBYBdBSBMBDA9AxAwAdAVAPAJAGACABA9BHBRBRBcBkBaBRBNBHA8A+AkAjAUAQALADAB
3550308005194,BPBZBrBeBjBcBYBNBFA7AxAcAZANAFADACABAABUBVBoBfBjBjBcBTBIA/AxAlASANAJANAEACAB
3550308005195,BKBLBYBUBiBeBOBEBFA+A5AlAXASALAHAHAAABBABKBYBaBlBjBZBMBNBIBDAxAiAdASAMAEADAC
3550308005196,A8BFBKBPBaBVBIBHBFBAA6AvAfAcAYAMALAEACA7A/BSBMBeBWBRBLBNBMA8BAAmAmAZAcANANAG
3550308005197,BHBHBaBSBXBZBNBKBHA+A3AjAcAXAPALANABABA8BGBVBSBeBcBXBPBQBIA7AxArAgAbAPALAEAC
3550308005198,A8BJBaBVBcBXBOBLBGA9AzAqAXAXASALAEABABBEBGBbBXBcBZBaBSBQBKA6A7AkAdAZAQADADAE
3550308005199,BJBWBkBbBeBcBRBTBGA2AsAhAZASAKAFADABABBIBRBkBZBeBkBeBWBNA+AyAuAjASAQAFAGAAAC
3550308005200,A+BKBTBPBXBbBXBNBFA+A5AmAoAQANAKALAAABBEBFBQBJBdBiBfBTBOBIBBAuApAdAVATAIADAB
3550308005201,BDBGBUBNBUBTBXBLBIA9AzAqAlASASAIAGADABA7BGBUBLBSBbBgBYBRBGA+A6AqAnAUARAPAGAA
3550308005202,BRBJBSBNBMBYBVBRBHA9A3AmAhAVAQAFAGABABBQBLBSBKBTBeBhBYBPA/BFAtAnAdAYAOAGAEAD
3550308005203,BMBIBVBOBYBcBYBKBGA7AvA1AsAQAFAJACAAAABLBIBRBVBXBkBeBXBIBGA4A/AqAUAQANAIACAA
3550308005204,BHBMBQBNBZBhBWBRBGA2AsAvAhAUASALAFAAABA7BLBPBLBaBnBkBUBJBBA7AzAqAhAWAKALAFAF
3550308005205,BOBUBeBXBdBgBPBNBHA4AxAsAgALAKAGAGABAABMBNBcBVBfBeBgBPBMBDAzA0AeAXAMAOAHAAAB
3550308005206,A8BIBWBTBbBYBNBHBFA9BAAkAfAaAUANAJADABBEBEBTBRBYBhBSBPBMBIBHArAtAeAiAMAIADAC
3550308005207,BLBMBUBRBiBiBUBIA6A8A2AvAfAWAKAJADACAABIBHBWBSBlBjBYBOBGBKBCAuAlAYAPALAHADAF
3550308005208,BJBLBWBSBUBaBXBPBMBBA5AnAeASALAJAFACACBBBFBWBNBXBfBdBUBSBHA9AzAlAYAZAMAIACAB
3550308005209,BHBMBfBXBjBYBOBIBJBCAzArAYAQAMAEAKABABBBBLBaBfBeBfBRBVBTBJA9AoAeAdAOAQAEABAB
3550308005210,BHBRBfBbBgBbBQBLBDA9AvAqAZAKAJANAEAAAABDBTBaBaBgBhBUBSBPBOBAAoAoAYAKAIAGAGAA
3550308005211,BTBjBrBeBZBZBaBXBMA1ApAhALAWAEAMAEAAAABUBbBnBYBdBfBfBYBIA2AlAoARAXAOAKACAAAA
3550308005212,A7BGBPBPBYBYBTBNBHBDAzAxAeAcAfAKAGAEABA7BFBPBLBbBgBZBOBNBJA8A1A5AgATAOAGACAC
3550308005213,BFBJBTBPBXBbBVBKBHA8A8AjAhATATAKACAAAABJBIBVBRBaBkBgBTBQBFA/AyAlAaANAQAIAHAB
3550308005214,BSBaBmBYBiBeBaBQBFA1AlAkAWARAMABAEAAAABRBUBdBbBmBkBjBWBKA8AgA5AVAXAOABACAEAC
3550308005215,BNBSBpBfBeBZBZBMBKA9A2AiAXALAHAGABABAABQBUBhBcBhBkBfBUBSA+A4AhARAUAKAGAEAAAB
3550308005216,BFBQBfBXBgBgBSBPBEA2A6AdAcATAKADAGABAABDBOBaBaBeBkBiBVBLBBA6AtAiAUAVALADAEAD
3550308005217,BDBIBXBPBcBaBXBMBGA5A0AsAaAYAQALACADAAA9BEBTBPBaBgBeBTBNBEBBA4ApAiASAQAKADAC
3550308005218,A9BMBWBVBZBWBXBJBJBAA4AqAnAYAHAFACADAABDBIBRBRBYBtBhBWBPBJA7A4AgAWARAHAIACAC
3550308005219,A9A/BOBMBWBYBWBOBEA8A5ApAfAaAOANAGACAABDBFBQBKBaBgBgBTBRBPBIA2AyAYAXAPAJACAB
3550308005220,AvA3A6A9BMBTBNBJBBBEA+A1AuAnAYASANAIADAuAyA5A8BKBfBZBRBMBQBPBBBDAoArAiASAPAE
3550308005221,BMBVBgBPBgBhBbBRBFA0AtAmAeAPAMAEADABAABKBPBZBSBgBuBjBVBLA9A0AuAjAQAPAKAFABAB
3550308005222,BJBLBUBSBWBcBbBPBLA5ArAnAbAOAKAIAEADAABIBJBZBTBdBoBiBgBSBGBAAoAtAPAYAHABAAAB
3550308005223,BDBLBaBPBaBeBdBUBDA2AyAgAVAYAVAGADAAAABDBJBWBQBgBoBmBYBPBCA0A1AuAYAWAGAEAAAB
3550308005224,BGBMBaBQBhBkBZBSBFA0AxAhAeARALABADACABBABOBWBTBiBqBlBZBPBEA8AuAhATANAMAMABAB
3550308005225,BEBPBXBTBiBmBbBQBDA3A5AcAWAPAMALABADAABJBNBXBUBjBrBhBVBNBFAyA0AgAUAMAHAGAFAB
3550308005226,BDBPBZBVBeBiBTBQBGA2AxAlAeAWAMAGAEAAABBEBJBZBWBdBoBfBWBPBDA6AuAjAQAYAMAJABAA
3550308005227,BMBVBeBVBiBjBeBTBAAwAyAeAcAVAJADACAAAABHBSBeBRBmBvBoBUBIA5AvAvAcARASAGAFACAC
3550308005228,A+BJBMBKBcBhBeBOBIBDA1AtAdASAQANAHACAABCBABIBHBZBuBeBVBPBLBAAvAlAdASAaAGACAA
3550308005229,BQBSBdBSBiBmBeBMBBA2AuAoAaAUAHAEACABAABIBMBYBVBhBmBhBTBKBAA6AtAhASANAMAHACAC
3550308005230,BJBOBZBSBdBgBZBQBEA3AqAqAYATALAIACAAAABMBLBcBTBhBrBjBVBJBDBAApAfAWAQAIAJAEAA
3550308005231,BIBPBWBRBZBjBYBKBDA2AtAoAcAQAMALADAAADBFBLBXBOBiBpBgBSBLBDBDAxApAcARAGALACAB
3550308005232,BBBNBaBNBaBbBWBPBGA4AlArAeAZAJAIACADABBKBOBYBTBfBkBjBYBQBFA/AtAkAVARAKAIACAB
3550308005233,BIBKBcBHBeBmBbBVBDAyA4AkAfAJARAGACAEABBHBJBdBPBlBrBmBVBDBAA3A2AnATAUAEADABAC
3550308005234,BMBNBXBPBbBeBcBPBCA3A2AiAYAOAKADAHADABBFBKBXBTBZBnBmBYBPBEBBAsAkAWAXAJAIADAB
3550308005235,A9BEBTBNBYBbBXBLBEA5A2AqAkAaASALAGAAAAA8BEBPBKBcBjBhBTBQBHBFAxAuAYAYAPANAKAC
3550308005236,BPBSBfBTBeBfBeBPBDA0ApAmAeAPAJAGABADAABJBNBaBVBeBpBjBaBOA9AyAvAgARARAJAGAGAB
3550308005237,BTBRBWBRBYBlBkBWBIA5ApAkAXANAGAFADABAABOBMBTBNBgBuBtBeBMBBA1ArAYAbAOAIADAAAB
3550308005238,BCBJBRBOBWBgBWBPBHA4AvAsAiAUARAFAGAAAAA/BKBQBNBYBjBoBbBLBFA8A6AmAgAXAKAEAGAE
3550308005239,BHBQBXBTBVBcBhBMA/AyAmAmApAOANAEACAAAABFBPBVBWBiBxBwBZBKBBA/AnAgAWAVAPABAAAD
3550308005240,BKBTBTBOBTBiBbBNBFA4AmAuAgASALAGACACAABIBOBQBLBbBsBmBXBOBABBAyAjAcARALAKABAC
3550308005241,BLBPBfBZBdBWBNBSBYBIAzAtAUAMAJAFADACAABABIBaBaBgBcBVBcBaBJAxAzAWAYAMAGAFADAA
3550308005242,BABOBeBVBeBWBQBPBIA/A0AqAZASAPAHAFABADA9BMBcBXBeBfBdBSBPBJAyA0AdAcAQAIAKAHAB
3550308005243,BWBZBmBcBeBTBXBSBNA4AnAlAfANAEAFACAAABBOBXBnBcBfBdBdBVBNA4AzAhAVAUAMAMAGAFAD
3550308005244,BNBTBlBZBYBVBRBOBJA8AwAmAhAKANAKAEAAAABMBPBfBcBaBaBXBVBNBBA6AmAaAeASAOAHABAA
3550308005245,BRBTBmBgBhBbBSBJBGA3AxAeAaANAQAIABACAABKBVBhBgBkBhBZBQBJA9A7AjAeAYAIAIAEAEAD
3550308005246,BKBQBaBZBbBbBRBJBFA6AoAyAeATAOAIAFABABBCBHBcBXBiBeBYBOBKBEA3A2AsAXAVALAHADAC
3550308005247,BNBWBkBbBiBlBWBKBEAzAjAoAYARANAKAAABAABGBYBjBaBeBnBbBNBFA7AzAsAkAOATAHAGAFAD
3550308005248,BIBSBiBdBWBaBNBIBEA6AvAoAcAQARAJAGAEABBCBQBbBcBbBaBYBSBMBEA6AnAlAgAXANAJABAA
3550308005249,BBBJBZBRBaBaBSBFBFBBA9AhAZAWAXAIAGADABBCBHBVBTBdBeBWBNBPBIBJAnArAiASATAMABAB
3550308005250,BOBWBjBfBcBaBNBIBCA7AtAnAfAKAIALAAABAABKBLBgBeBhBfBXBPBOBFBBArAbAgAQAKADABAA
3550308005251,BNBWBkBbBgBbBRBKBGA6AuAkAXAUAPAEADABACBEBQBeBdBdBhBXBTBMBBAxAxAiAXAOAOAEACAD
3550308005252,BLBWBmBgBeBfBNBOBEA2AxAcAgAQAGAIADABAABHBVBlBgBhBgBWBVBOA9A6AkAeAQAOALAJABAC
3550308005253,A+BOBcBRBYBbBQBNBFA9AwAqAgARARAQAEACABA+BIBaBQBaBfBbBVBMBFA5A0AqAaAXAOAMAFAB
3550308005254,BNBYBpBdBfBcBQBHBBA2AsAnAVAMAKAIABAAAABNBXBkBgBhBjBaBSBRBFA9AmAjAMAKAHADAAAA
3550308005255,BRBWBmBnBkBaBKBDBBA3A4AjAUAOAEADABABAABUBXBoBiBhBgBXBNBNBFBEAeAbAQARAAAEAAAB
3550308005256,BPBWBmBhBXBWBWBNBFA0AmAkAdARAJABABAAAABWBVBoBbBgBiBaBWBOA/A6AjAeAVAQACAGABAB
3550308005257,BPBPBhBcBbBdBWBLBCA0AvAiAfAJALAMACACAABMBRBqBcBiBgBdBRBIA9A1AuAgAcAHAPAEAAAA
3550308005258,BVBcBtBgBdBXBPBQBEA3AjAnAQASAKADACABAABHBeBsBeBfBbBaBYBKA8A4AgAhAMANAIAHAEAB
3550308005259,BSBWBnBfBgBcBPBOBCA3AqAoATAPAKAEAHAAACBLBVBlBiBjBhBYBTBNA/AyApAbATANADAGADAB
3550308005260,BMBUBkBeBnBaBOBJBFA3AxAnAWAUAPAGACABABBMBLBjBhBjBeBWBOBJBAA1AtAiATAQAKADAEAB
3550308005261,BCBFBPBHBQBhBiBLA/A1A8AoAtASARAHABADABA5BDBKBHBUBoBoBSBEBABHBDAyAjAfANAKAEAD
3550308005262,BIBHBSBLBUBhBeBJA8AyA0AqAkAOAMAFAKAEACBEBHBUBNBaBpBmBPBJBABBA/A+AWAQAOAKABAA
3550308005263,A8BABHBBBKBkBfBOA9AzAjBAAmAWARALAEACAAA6BCBHBBBUBpByBQBHBCBXBEBEAhAcAPAFAEAB
3550308005264,BHBSBaBfBbBaBSBIBGA5AvAlAcAMAUAIAGACAABCBRBcBeBdBdBaBQBOBCBDAiAkAdAOAMALADAA
3550308005265,BFBRBcBdBdBbBSBIBFA4BAAbAXATAQAJACADACBEBQBhBaBhBhBVBTBJBCA5AuAaAeAQALALADAC
3550308005266,BPBYBmBdBbBbBXBMBBA3ArAoAWAUAHAEADABAABMBUBgBYBhBkBcBQBJA+BDAkAkANAPAIADAFAA
3550308005267,BaBfBvBdBaBYBVBPBGA4AkAlAWAKAGAAAAAAAABRBdBqBfBYBeBgBaBRBCAvAmAZALALAEADACAC
3550308005268,BUBjBoBfBdBcBNBKA/A1AtAlAQAJAHAGAAAAAABNBaBqBjBhBlBdBPBJBGA8AlAaAUAGAIAFAAAC
3550308005269,BIBdBlBfBdBcBSBKA9A0ArAiAeASAFAEAEAAAABTBXBjBdBfBcBhBSBDBCAxA3AhAPAVALADACAA
3550308005270,BUBjByBhBiBVBSBOBGA4AoAhARANAFADACAAABBXBdBuBpBiBeBWBSBKA9A0AeAWALALABACACAA
3550308005271,BQBdBuBcBZBcBSBHA8AxAqAeAeAJAEADACACAABbBiBvBgBfBnBcBMBFA9A2AwAaAQAHAOABACAB
3550308005272,BSBcBiBVBYBlBUBCA2AsAtAqAWASAHAEABABAABOBZBgBZBfBqBgBOA+A/BDA8AoAXAPAFAGACAA
3550308005273,BYBZBiBYBYBfBZBGBDA4A1AfANAKAJACAAAAABBQBWBlBaBaBlBjBVBLBEA+AuAnATADAFAEAAAB
3550308005274,BRBIBYBSBnBXBYBDBFA3AtAtApAUAOAEAGABAAA8A1BTBtBrBgBaBCBDBGA/A0ApAvADAKADAEAB
3550308005275,BQBYBlBaBaBaBSBPBHA7AzAsAYAVAFAKAEAAABBLBSBcBaBfBgBZBTBJBAA1AvAcATAKAIAEACAA
3550308005276,BYBhBuBhBYBWBWBOBNA8AnAhAUAMAIAFAAAAAABPBiBwBfBZBkBcBWBKA+AyAZAXALAMAFACABAA
3550308005277,BTBoByBjBhBXBQBKBFA2AvAYARAPAFAGABAAABBWBdBrBhBeBkBZBUBJA8AoAqAaALAKAFABADAA
3550308005278,BVBgBqBkBXBVBVBTBLA5AtAdAXALAJAEAAADAABKBgBtBfBWBcBaBXBPA/AoAkAdAPAMAGAHACAA
3550308005279,BOBYBiBYBlBlBRBHBDA9A4AmARAMAEAFADABAABIBTBhBgBpBpBcBOBOBIA5AnAXAPAFAIAEAAAA
3550308005280,BPBXBfBVBdBdBWBKBCA2AtAlAeAOAKAFACABABBHBWBgBVBgBoBgBUBIA/A5AtAnATAQAGAFACAB
3550308005281,BZBkB1BjBeBZBVBbBOA2ArATALALAIAGAAAAABBZBhBxBhBaBfBfBfBOA4ApAVASAKAGABADAAAA
3550308005282,BHBwB0BZBVBNBSBfBLA2AoAaANALAMAIABAAABBHBhBzBIBSBvBjBvBBA6AmAiAfAQAOAKAIAAAA
3550308005283,BJBNBVBRBZBjBZBMBCA1AzAoAeAXAMAGAEABAABEBJBXBWBfBwBfBSBIBBA9A1AsATANAPAEACAC
3550308005284,BHBUBfBMBiBjBVBJBCA+AsApAiANAKAGAFABABBABKBdBQBiBqBmBNBPBPA2AlApAbAMAGAFACAA
3550308005285,BQBWBkBeBlBeBUBHBHA9AyAiAXAJAKAFABAAAABJBQBlBhBjBgBcBRBTBDA3AnAbAQALAFAGAAAA
3550308005286,BJBRBaBSBcBeBTBPBEA1ApAqASAZATALAFABAABCBOBaBVBiBjBcBSBKBBA5AuAqAfATAHAFAEAD
3550308005287,A3BIBRBQBfBdBTBTBJA3AxAgAoAZAUALAEAAABA6A/BiBRBbBcBkBRBEA6BMAsA6AeASAQAIAEAD
3550308005288,BfBfBtBiBYBYBTBSBTA2ArAeANALAEADABABABBRBeBuBfBiBiBeBYBRA5A1AUATANALAEABAAAA
3550308005289,BhBdBpBcBhBdBTBMBEAxAmAiARANAGACAAAAAABgBcBrBeBhBiBmBVBJA3AuAgAZALAOAGACAAAC
3550308005290,BeBxB2BiBVBZBXBUBDAzAjAfAQAHAEADACAAAABWBmB0BjBbBjBhBZBKA0AvAWAPALALAAAEAAAC
3550308005291,BUBWBmBaBhBnBYBNBCAwAsAhAXATAHADAAADAABWBSBeBaBkBrBiBTBIA8AzAoAbAPAMAIABABAA
3550308005292,BUBWBjBbBmBkBXBRBBA0ApAdAWAMAKAGADAAAABSBTBgBcBjBnBfBTBOA6AxAoAhASAJAEADAGAA
3550308005293,BXBdBmBZBfBhBaBTBGAyAnAhAVAQAGADABAAAABTBVBlBfBjBpBmBSBNA3A0AfAUAQAJAEAGAFAB
3550308005294,BOBPBaBWBhBmBVBPBFA0AmApAcAWALAFAAABAABSBPBcBSBmBkBjBTBNA+A4ArAXAfAMAEAGADAD
3550308005295,BPBVBgBbBeBcBcBLBGA4ArAlAWAOAIACADAAAABMBSBhBWBgBrBlBWBPBDA+AkATAYAKAEAGACAC
3550308005296,BSBVBdBTBiBkBaBPBEAwAxAdAUAUAIAHABAAABBJBTBdBYBpBrBmBYBLA+A3AlAfAVALADAGABAC
3550308005297,BRBTBfBaBYBgBYBPBBA0AtAhASATAJAFAFABAABJBWBhBYBfBoBiBWBMBBAwAxApARANAHABADAB
3550308005298,BMBcBvBjBbBNBIA9BJBABCAxAgAZAOAKAGADAABOBNBxBVBVBMBOA9BEBBA5ApAgAaATAFAIADAC
3550308005299,BOBNBcBVBcBfBaBPBKA8A3AiAdANAHAFACACAABFBTBhBVBdBkBhBWBQBAA8AkAaAbALAJAEAEAA
3550308005300,BQBaBwBhBdBXBVBNBJA3A1AgAaAKAGAFAEACAABLBZBoBiBcBcBZBUBNA+AxAjAZAPAPAEACAEAA
3550308005301,BSBeBqBeBYBaBZBNBFA2A1AeAXASAIAIABABAABHBYBqBgBZBhBgBUBJA8BDATAZAVAOAEAEACAB
3550308005302,BdBjB0BlBcBTBKBJBDA4AqAlAVALAHAEACABAABUBhBxBpBaBaBPBSBIA5A0AiAdAOAKAHACAAAB
3550308005303,BSBgBvBgBiBeBRBIBDA8A0AdAcAMAIAJABAAAABKBXBnBdBgBkBaBNBKA+A2AjAWAPAGAHAHAAAA
3550308005304,BeBeBvBmBhBYBPBLBQA7ArAbAPAIAAADAAABAABWBcB1BsBhBcBZBWBSA+AuAYAPANAGAFADAAAA
3550308005305,A7A/BDBLBbBWBRBEBFBEBKAfAmAQAXAUAEACACA2A/BFBGBYBbBcBYBMBQBJA/AxAhAaAMAaAHAC
3550308005306,BSBYBqBnBnBfBHBDBJA+AqAuARALAHADACACAABHBTBjBoBsBaBMBNBWBIA8AkAOAZAFAFAEADAE
3550308005307,BaBbBsBaBfBaBeBcBXA8AqAaAOAFACACACAAAABQBZBoBfBgBiBlBhBPA/AkAfAVAJABAIABABAA
3550308005308,A5A2A/A/BTBdBWBDBCA7A1A2ApAYAYASAMADADAwAxA8A7BaBlBZBOBLBMBDBKAsAwAjAoAaALAG
3550308005309,BSBgBnBXBZBcBXBOBHA7ApAkAYAOAGADADAAAEBMBfBlBXBeBhBhBVBGA/AyAmAcAQAKAGAEAGAD
3550308005310,A6A5A8A7BMBcBkBOBKBJA6A5AXAiAVAJAJAJABA0AwA3A7BMBjBpBaBRBVA+BOA4AhAdATAQAFAD
3550407003001,A6BFBOBSBLBJBJBJBDBAA2A8A7AaAlAMASADADA9BEBPBUBJBOBPBNBDBAA7A7BCAdAbAbAGAMAB
3550407003002,A9BDBWBRBPBUBPBHBBBBAvA0ArAlAXARAGADACA7BDBTBPBIBTBRBLBDBHBCA3AwAlAfAiARAFAE
3550506001001,BIBRBYBYBNBTBDBMBHBCBAAvAqAfAWAXANAEAEBABLBgBXBNBOBDBABHA9AyA0AqAhAcATAIAFAC
3550605003001,BCBJBeBTBTBYBUBPBNA9A5AzAnAcATANAGABAABDBEBdBWBRBXBXBWBEA/BDAoAgAYAXAMAOAAAB
3550605003002,A5BBBMBLBQBWBZBHBHBDA+A6AuAfAVAPANACAAAxBABOBGBMBZBXBKBMBKBGA2AuAjAiARAKAHAG
3550605003003,BFBJBVBPBVBUBTBHBEBAA/AtAjAaAUANAHADAAA+BEBOBRBbBTBXBNBOBIBAAzAmAlAeAPAGAFAE
3550704003001,BQBNBfBjBaBXBUBKBGA6A3AsAcAaAKAJAEAEACBGBOBbBaBVBcBXBOBEBHBFAhAkASAMAMAEAGAE
3550704003002,A9A+BFBMBMBZBOBIBGBHAzBAAqAoAQANAFAHABA4A8BBBFBOBZBcBTBLBGBTA1AyAbAfAcAQAKAF
3550704003003,BLBRBYBYBcBhBYBRBQA+AzAnAaAYAIACAGACADBXBLBcBXBdBlBgBKBPA+AyAtAUAQALAKAIACAA
3550704003004,BHBUB4BNBbBiBwBkBOAvArAmATAQANAFADABABBgBdBrBQBbBqByBWA/AnAiAXAWAIAIAEAGADAA
3550803001001,BDBJBVBXBVBXBOBIBLBCBGAwAkAhAXAVALACABBBBCBSBRBTBPBOBDBFBDA7AzAsAdAWARAPACAD
3550902001001,BBBKBTBNBZBTBLBDBHBBA3AyAtAXAfAPAIAGACA9BIBPBUBbBMBOBBBEBCBAAzAtAmAeAWAOAKAB
3551009005001,BVBYBhBfBZBZBVBLBAA1AtAlAXASAMAHAFACABBSBVBlBeBZBbBbBPBEA9AwAtAiAaASAHAGADAA
3551009005002,BBBLBTBSBWBYBNBHBEA/A5AuAgAZAQAMAGAFACBBBCBSBQBTBdBRBOBKBKBQAxAtAgAWASAMAHAB
3551009005003,AsAuAzA2A/BOBJBDBDBFBBA/AuAgAgASAPAHADAqAmAyA4BHBWBWBKBOBTBYBUBDA/AmAoAlASAI
3551009005004,BDBKBUBUBQBWBTBKBIA7A0AvAkAZASAJAFACAAA+BHBTBMBUBfBcBSBNBEA/BBArAfAYAJAMADAB
3551009005005,BDBLBQBOBWBWBTBHBGA7A6AsAfAXASAKAFACACBDBEBQBQBUBeBcBQBJBIA4BBAvAeAeANANADAD
3551009005006,BRBVBgBeBZBcBQBJBCA3AqArAVAWANAIAFAAABBOBUBfBaBeBiBUBRBFA+A0AuAhAYATAQAGACAB
3551009005007,A9BABMBUBVBWBLBAA+BDA7AyAiAWAUAQAKAGACA8A+BIBLBRBaBRBLBLBNBLBAA0AnAZAZAMAMAE
3551009005008,A0A6BCBFBNBRBKBEBEBJA9A5AqAYAbAWALAFACA1A2BDBFBDBXBQBOBPBSBMBEAyAvAhAbAZANAI
3551009005009,BRBaBfBeBZBZBXBPBIA8AkAuAcAVALAFADABAABLBRBjBdBcBfBhBUBMA/A1AiAXASANAMAEACAB
3551009005010,BXBcBqBiBXBXBYBUBFA5AtAgAYAOAHAIADAAAABYBdBmBhBcBfBfBSBIA9AtAiAYAPAHAIADABAB
3551009005011,BMBRBZBTBvB0BhBJBBA4A1AwAfAPAPAFADACAABKBJBXBTBVBhBSBGBDBBA9AzAkAXAOAIAEABAB
3551108001001,BABSBgBdBUBNBSBEBFBGAvA7AlAiAaAMALAEABBIBYBgBNBPBQBSBBBAA6AyAxAmAbATATANAFAB
3551207001001,BFBUBWBmBTBIBGA3BHA9A/AzAzAcAfAUAGACAABFBOBVBTBJBJA7BNBDA8A1A9AxAkAjASAIAJAD
3551306001001,BAAxBFBGBWBjBPBDBIA+BcA1A5AZAhARAKACAAA5AxA7BIBRBZBMBMBOBIAtBGAtAnAwAQANAHAC
3551405001001,A2BHBPBKCcChCNBvBaBWA3AvAnAVAQAMAFAFABBBBCBNBHBCBAA6A0AwAuApAmAfARARAKAIADAC
3551504003001,BSBZBjBhBwBlBXBTBLA7AmAhALAMAMAEADACABBWBWBkBnBuBiBaBTBLA4AoAYAQAPAHAJABAAAA
3551504003002,BFBHBVBZBhBmBXBGBEBCA7ArAbAhAOAQAFABACBGBHBQBTBXBhBPBJBCBBBAAqAjAaAaAOAKAGAF
3551603003001,A2BBBKBIBLBPBMBPBEBCA9A4AuAeAXAcATAGABAzA6BFBLBLBPBQBJBJBJBIA4A1ApApAXAVAIAE
3551702003001,A0AxBABFBPBXBQBCA/BJBJA3AvAaAbAVAQAGADAuAxA3BEBKBVBYBLBTBSBPA5A3AuAaAhAbAKAG
3551702003002,BPBSBfBbBnBtBpBTBIBCAuAdAVAKAHAKABAAAABLBPBSBYBjB1BhBRBMA+AlAkAVARANAGABACAC
3551702003003,BRBSBbBYBnBrBiBQBIA/ArAnAUAUAGAEAFABAABKBUBaBaBnBoBZBQBIA5AvAkAaAPAKAKAHABAD
3551702003004,BFBABIBJBdBjBVBIA7A/A+AtAsAgANAMAKACABBAA+BFBQBnBgBWBFBDBCBGA2AsAZAdAaAJAMAB
3551702003005,BKBVBlBkBjBgBfBSBOBAAvAlAXAPAMAHAEADAABGBQBXBcBeBhBYBUBIA+AyAeAgALAPAFAGABAB
3551702003006,AsA0A/BFBbBjBUBCBABDBNA7A0AfAdAUAFADAAAxAyA6BFBdBbBSBEBIBOBVA9A5AiAZAcALAHAE
3551801001001,BTBaBkBjBHBLBMBEA/A6A/AtAuAiAfAOAIABACBRBXBmBWBGBJBOBCA+A2A1AsAlAgAWAOAGAEAC
3551900001001,BLBJBgBfBnBkBVBNBJBBA6ApAfAcANAKAFAFADBJBJBTBRBfBaBKBIBFA/AsAsAXAYAWAMALAGAB
3552007001001,A+BRBeBXBZBNBPBDBEBDAyAvAvAhAZAVAOACACBIBSBhBLBWBRBJBGA+A5BEAdAtAgAbASAFADAF
3552106003001,A4A/BOBNBQBNBLBGBKBHA6BIAyAjAnAYAQADAAA4BCBMBLBJBMBJBJBEBBA+A6AsAtAdAUARAGAB
3552106003002,A6A6BABHBNBVBPBHBCBGAxBBAsAjAVAcASAHABAxA4A7BMBOBTBPBJBJBGBMA9BAAmAsAYAVAHAC
3552205005001,A1A9BKBKBaBbBSBLBEBDA4A9AwAVASANAGAEABA3A5BIBKBUBfBZBRBHBMBNA5AvAhAgAWAIAFAC
3552205005002,BBBNBcBbBaBXBbBVBPBGA8AcAeATAMACAGAAAABIBKBZBaBVBaBeBZBTBHAyAtAdAMATAPAGACAB
3552205005003,BUBSBbBSBSBlBmBbBIA6A1AcAYANAGAHAGAAAABRBRBbBPBTBsBuBXBHA9A0ArAhAPADAHALACAB
3552205005004,BDBKBvBpBrBbBQBYBDA2ApAtAaAVAOAFAEADAABJBMBdBVBkBeBeBHBLAzAwAxAnAUANAJAEAEAE
3552205005005,A2A3A9BFBXBZBcBRBHBDA0A9AmAeAWAJAMAFAAA1A0A5BIBRBkBnBVBMBPBFBAA3AeAgATAIAIAE
3552205005006,A2A8BLBNBeBgBYBDBABDAzA1AiAbAbAIAJAEADAyA6BDBMBbBhBaBOBIBQBOAzArAjAgAUAOAJAD
3552205005007,BHBUBiBhBnBhBVBGBDA6AtAtAdATALAKAEADAABHBSBcBeBkBeBRBJBCBCAsA2AjAMAVAJAGACAC
3552205005008,A+BHBbBZBdBcBOBRBOBDA3AwAeAUAOAJAAADAABCBFBaBYBaBZBcBXBOBLBBAvAaAXALAMAIAAAD
3552205005009,BUBcBpBjBfBgBXBRBGA7AuAhAWAMAKAFADAAAABHBUBnBiBfBeBbBTBJA+ApAoAXAQANAJAEABAB
3552205005010,AhApAwA9BRBXBKA8A1BBBBA2ApAkAfAfASARAFAoAlAuA+BRBUBRBDBCBRBZBCBEA2A0AkA0AYAO
3552205005011,AoAtBABCBPBUBGA9A9BDBEAzArAnAuAaAWAEADAnApA4BBBPBRBMBBBGBOBTBDBJA/AwAmAcAEAK
3552205005012,A8A5BFBPBZBgBWBGBDBFAzA7AwAVAYAMADABAAA7A8BHBOBYBgBVBLBLBNBJA5AyAhARAdAJAGAC
3552205005013,A4BFBTBkBrBnBRBHBFBPBMAmAgASAOADAFAFAAA0BDBSBcBfBYBNBIBRBQBAA2AdAQAPALAQABAA
3552205005014,BKBYBnBZBeBnBeBSBKA7AlAlAWATALAHACAAAABRBTBpBbBiBmBcBTBHA9AuAhARAOAPAHACAEAA
3552205005015,A3A9BNBOBeBeBTBHBEA9BHAlAcAhAWARANAAAFAvA6BJBQBaBaBWBJBHBGBLAuAxApAhAcARAHAC
3552205005016,AzAvBABFBTBcBMBFA+BEBDA4AyAfARAYANAGAEAoAvA4BHBSBaBSBGBGBOBQA+BAAfAxAiAaAMAI
3552205005017,A6A9BCBJBXBVBSBSBOBSA/A3AcAeATAHADADACA1A+BDBJBVBWBgBYBaBbBKAxAuAWAUANAOAGAC
3552205005018,BABEBXBUBbBYBSBRBOBNA+A2AcAaAUAEABAEABA4BABQBOBVBYBZBXBTBOBLAqAiAZARAIAJAEAA
3552205005019,BGBOBdBQBcBwBtBdBSA+A+AlAWAWATAOAGABAABGBLBWBSBXBbBaBHA/A2AtAtAnAQALAKAGADAA
3552304001001,BFBFBSBYBUBUBXBPBCBEBHAqArAgALAXAFADAAA+BFBQBRBWBPBTBUBHBFA4AvAnAaAZAJAPAKAD
3552403005001,BMBQBbBZBkBiBfBNBHA0AvAyAjAMAOAGADAAADA9BUBaBXBfBoBWBQBFBBAyAyATAbAOAFAJAFAB
3552403005002,BDBKBXBdBkBkBYBKBCA7ArA3AkANAUAFAHACACBJBHBSBdBjBjBVBNBJA/A7AzAdAXAMAIAGACAC
3552403005003,BIBNBbBVBiBeBXBNBNBAAwAtAaATAMAGAEADAABEBIBVBeBZBiBcBUBJBDBDAnAiAUARAFAJACAA
3552403005004,A6A3A+BLBNBdBJBGBDBIBMApA6AbAdAQAOABABA3AvBABGBVBYBPBKBGBMBEBDA3AoAlAdAQAHAJ
3552403005005,BDBCBOBVBaBYBYBWBMBFA+A1AiAaASAJAEAEAAA/BBBIBPBTBXBeBQBMBJBFAwAgAcAUANAJAEAA
3552403005006,A0A8BCBDBZBnBaBNBNBCA9A5AsAYAYAOADABAAA4A/BABDBXBjBbBWBLBOA8BJAxAfAQANALAGAA
3552403005007,BRBNBWBYBpBjBbBQBFA1A3AsAfARALAJADABACBJBKBTBZBfBmBZBJBIBAAyAzAbAaAMAMADACAB
3552403005008,BVBSBlBbBqBnBiBRBEA1A0AcAYAMAKAEACAFABBNBSBXBaBnBjBbBXBFA5A3AfAaASAJAGAEACAA
3552403005009,BHBLBcBeBfBbBXBRBJA/A0AqAfAXALAHACACABBJBHBVBYBlBiBcBMBQBAA0AsAaASATALAHACAC
3552403005010,BKBSBeBYBeBlBgBTBMA3AyAgAbANAIAHAFABADBLBQBZBZBgBkBlBVBIA+AuAnATAaAJAMAHAEAB
3552403005011,BEBDBWBYBnBbBUBRBHA7AxAwAdAWATAIAEACAABGBGBUBVBdBdBZBOBIBBA3A4AiAfASAKAKAGAD
3552403005012,BBBBBRBZBeBlBbBMBMBDA3AxAcAYAQAJACADAABJBGBRBVBbBfBYBVBMBEA4A3AiAVASAEADADAD
3552403005013,BQBHBIA7BACBCbBrBRA2AlAiATALAFAHAEAEAABMBDBBA7BMCUCPBtBJA2ApAkAXALAMAFADADAD
3552403005014,BVBYBjBgBsBiBRBPBOA7AwAkATALAMAMAAACABBFBNBbBkBgBeBVBMBLA7A7AgAUAbAKAGAHACAB
3552403005015,BbBTBeBaBdBsBnBTBFA7AtAgAfAMAEAAAEAAAABPBTBdBVBfBpBmBPBHA7ApAmAWALAOAMAEACAB
3552502005001,BEBLBeBUBZBWBTBLBHA+A2AtAhAVAQAKAFACAAA/BKBZBUBWBbBYBSBMBGA9AxApAYASAMAJAFAD
3552502005002,BPBaBtBiBcBYBRBLBGA4AuAnAYAOALAGACABAABNBaBnBiBcBeBaBPBKA+AvApAaAPALAKAGABAB
3552502005003,BNBSBpBgBSBVBOBGBJA7AzAtAnAVALAQAHACACBFBRBnBbBYBVBPBMBGA8AvAyAdAbASALAIAFAC
3552551001001,BJBKBSBdBZBLBPA9BSBDA+AyAqAgAWAYAVACABA+BIBOBNBJBMBHBCBIBPA/ArA0AfARAQALAFAD
3552601001001,A8A4BCBLBbBgBPBGBLBJA+A4AnAmAeAYALAGABA/A5BDBOBRBRBMBKBJBDBCAuAxAlAdAZALAIAC
3552700001001,A+BIBSBUBtBqBTBLBJA/A7AxAgAfAYAMAJAFABBCBJBPBQBSBYBJBEBDBDBBAnAkAYAaAOAMAHAC
3552809005001,BHBJBYBMBVBZBXBUBOBFA8AnAbATAKADAAACABA9BNBSBOBVBgBfBfBWBNA7AwAeASANAOALAGAI
3552809005002,BABBBNBMBRBcBYBMBHA/BAAsAhATAQAKAHAAACA5BBBKBGBSBeBfBWBSBNBQA6ArAeAYAQASACAB
3552809005003,BEA8BMBDBNBdBmBXBKA8A5AiAbAVAKAIAHADABBDA8BJBCBPBrB4BhBSBJBAAzApAdASAPANAGAC
3552809005004,BABDBHBKBfBjBaBCBEA5A9AtAgARAPAJAEAAABA9BCBKBJBgBtBjBNBOBKBPA8AqAdAWANAKACAB
3552809005005,BIBKBQBLBlBxBiBGA9A4A0AzAiAKAMADACACAABBBIBOBNBgBzBkBOBIBIA+A8AeAaANAIADAFAB
3552809005006,BRBMBcBUBkBjBVBJBFA2AwAkAfASAMABABACABBHBJBbBXBnBnBdBUBIBEA3AtAiAWATAKAGACAA
3552809005007,BZBZBsBfBkBYBVBSBQA7AtAZAQALAFADAAABAABRBUBlBiBiBfBjBcBPBAApAkAWAMAHAFAEABAA
3552809005008,BVBZBhBYBbBaBYBOBIA1ApAcAVAQAGAIADABABBVBXBoBeBeBjBiBVBNA8AuAkAfAVANAIADADAB
3552809005009,BPBSBfBWBZBjBZBNA/AyAuAdAaARAJAGAEAAABBRBYBfBVBiBqBlBUBQA9A6AjAaAbAOAHACAEAB
3552809005010,BNBSBYBWBbBeBWBNBDA1A6AdAZAdAMAFAEAAAABIBFBWBQBlBjBeBSBOBCA7AoAtAYAXAIAFACAC
3552908001001,A8BHBUBaBSBVBMBLBOBIA6AoAeAcAgAXAKAFACBEBJBXBTBMBIBMBRBJBMA0AtAmAjAbAPANAFAD
3553005001001,BOBJBXBkBxBeBLBCA6A6A5AnAlAXAUALAEACAABKBJBUBeBjBeBPBFBFA/AxAxAkAUAYAPAJAFAC
3553104001001,BABEBaBcBnBQBEBNBGBCA1AqApAZAfAZAGAFABA8BHBUBTBMBQBJBJBNA7A1ArAmArAfARATAIAC
3553203001001,A3A2BLBTBYBQBMBGBEBIA+A+A0AeAWATASACACA2A+A+BTBWBPBBBABOBBBBA9AxAhAiAgAbAKAC
3553302001001,BEBFBSBTBYBQBNBGBEBFA7A5ArAbAWAQAMAIABA+BHBNBYBTBUBHBEBEBHA/AyAyAZAWAUARAKAD
3553401003001,A2A7BIBJBYBbBNBFBJBJBGAzAzAcAYAWAOAHADAyA3BDBIBPBTBMBHBKBLBJAyAxAqAiASAQALAD
3553500001001,BJBTB2BVBTBHBHBLA1AxA5A1AwAmAcASAEACAABOBVBuBcBHBMBMA7A/BJA0ApAjAiAVALAIAFAA
3553609001001,A7BDBTBgBZBIBEBEBLBLA/AyAoAdAXAOALAGACA5BABZBeBRBLBIBEBUBLBDAsAkAfAYASASAJAB
3553658001001,A2BTBQBQBlBPBOBNBBBEA8A3A3AeARAUAAAGAABDBHBRBSBHBPBXBBA/BDBMAnAtAXAiAeAIAAAE
3553708003001,BeBbBjBbBfBiBVBKBGA+AtAjAfAOAPAMAAAAABBPBWBeBYBbBTBXBJBBA6A5AjAcAYAVAKACAIAA
3553708003002,BBBEBRBWBVBUBJBKBFBFA9AwAnAfAcAXAKAAABA6BEBKBPBSBNBQBKBKBFA6A0AlAnAeAYAVAGAB
3553708003003,AxA2BDBIBQBXBMBHBDBIA/A3AwAqAbAHAOAFADAzA2BBBHBSBTBPBJBQBRBHA7AyAnAlAaAUAMAI
3553807001001,BHBKBZBXBYBQBPBFBCBEA4A4AnAZAZANAJABACBEBFBYBaBQBTBLBHBJBIA2A6AqAZAbAJALAGAD
3553856001001,BPBiBnBnBlBYBSA8A7A1A5AnAkAMANAIADAFABBSBiByBhBbBYBIBEA/BDAhAuAVASARARADAAAD
3553906001001,BFBZBUBgBXBaBSBKA/A/AvAjAjAcAUAUAMABACBIBMBbBaBUBTBRBLBKBCA3AsAYAgAYAVAHAFAB
3553955001001,BUBRBXBcBfBcBUBPBHBKAyAsAdAZAPAMAGACABBEBIBOBTBeBVBPBVBIBHA1ApAdAcAPALAIAFAB
3554003003001,BABMBYBVBYBfBdBMBIBEAsAyAlAWAOAJADACABBEBHBVBYBbBmBeBTBFBGA8ArAiAPAQARAFAAAD
3554003003002,A8BABMBRBcBXBSBABAA8A3AyAlAfAcAUALAEABA7A9BNBPBTBXBNBGBEBCBAA3AyAtAgAcAVAHAC
3554003003003,BVBaBpBbBVBVBSBNBEA5AwAvAjAYAWAFAFADAABLBYBnBbBVBQBWBNBAA4A4AgAgAXAQALAFADAC
3554003003004,BFBJBYBWBaBeBVBLBGA/A5AoAhAWANAQAIABADBCBHBRBUBYBbBVBNBIBFA5AyAjAkASALAMAJAC
3554102003001,BEA5BJBMBQBaBbBHBEBFA7A3ApATAeAHAKAGAAAxAxBCBEBYBeBVBJBQBOBPA4BCAlAXAPANAHAE
3554102003002,BGBNBYBhB1BlBiBSBSBAAwAwAdASAJAGADADABBFBIBTBSBSBZBVBTBMBBA7AlAaARARAIAEAEAA
3554102003003,BRBXBmBZBaBbBRBJBEA+AvArAfALALACAIAAACBFBQBnBYBgBZBaBRBJA9A8AkAlAYAOAJAFAFAA
3554102003004,BJBQBbBeBmBcBUBKBCA+A3AuAeAYAQAIAFACACBPA+BWBVBbBhBWBHBIBHBIAiAeAaARALAGAAAA
3554102003005,A3BABOBZBaBXBQBMBHBEBCAmAiAdAeAQAHADABA9BBBPBRBXBWBNBQBKBIBBAsAoArAdAPALAHAD
3554102003006,BHBOBeBfBYBWBVBKBKBFA4AdAbAWALAJAGACAABBBMBgBcBaBaBSBYBPBFBCAkAbAZATANAJADAA
3554102003007,BBA5BEBIBVBjBSBHBCBDA6A0AtAfAUALABAEACA3A8BBBJBZBZBbBMBIBMBAA8AvAmAaAZAUANAD
3554102003008,BBBEBLBRBdBgBVBGBJBHBCAoAnAMAbAMAMAFAAA5A/BJBKBZBdBUBLBRBEBAA1AvAdAQAUALAIAG
3554102003009,AoAvA3BABSBcBPA+BABEBJA4AtAiAgAXAPAIAAA0AyA7BDBPBSBOBABIBTBMBGA6AvAtAlAVALAI
3554102003010,BTBTBiBhBXBWBYBWBPA+A4AqAnATAOALAIAAABBKBPBdBVBUBVBaBNBDA7AyAoAeAPARAIADADAB
3554102003011,BLBLBWBQBTBcBcBSBIA+AxAyAcAUAQAHADABACBJBLBSBRBTBhBkBUBNBEA8AxAmAYAOAJAJADAB
3554102003012,BCA9BHBLBQBdBfBLBMBBA3A1AgAnAWAKAJABAAA6A9BEBBBRBeBcBQBPBJBBA5A5AdAbAQAPAFAB
3554102003013,AqAtA6BEBWBVBIA+BDBGBCA5AjAmAmAUAKAIADAoAwA6BKBZBXBKBEBGBTBQBEBAA1AkAnASAMAJ
3554102003014,BIBQBbBZBXBdBTBPBLBCA2ArAbAUANAKACACAABFBMBZBWBaBgBaBQBQBEA8ApAgAVAMAMAIADAA
3554201001001,BMBbBsBYBcBOBRBFA5BDA2A3AmAtANAKADAAAABKBeBnBTBLBJBGBFA4A6A6ApAhAhAaAQAIABAB
3554300001001,BKBQBdBWBXBTBVBLBIA+A2AjApAaAUANAJACABA/BSBeBYBZBWBXBKBLA/A6AmAhAWAQAQALAHAC
3554409001001,BLBNBaBVBbBcBLBDBFBHBLAnAdAbAaAOAJACABA+BABGBWBWBXBKBGBDBABAAuAsAeAiAUAKAIAC
3554508003001,BJBFBXBQBaBeBZBNBJBEA4ArAkAbATAPACADABBFBHBMBMBTBbBcBNBEBAA4AvArAeAgANAJAAAC
3554508003002,A7A+BKBSBjBcBLBFBEBHA5AyAkAeAUAUAKAFAAA4A+BKBSBZBYBIBFBIBHA9AzAvAaAbAbAYAQAF
3554607001001,A6BBBjBSBGBIBFA8A/BXBVAuAtAxAZAiAIAKADA9BDBHBNBGA3BFA8BGBNBJAzArAkAZATApADAA
3554656001001,BJBLBWBcBJA6BSBWBKA6BGAtA7AwAZASAYAJAAAzA/BaBGA6BBBDBIBIBHArBBAuAsAuAKAKADAD
3554706001001,BDA6BKBRBeBXBPBIBCBFBAA1AqAcAfAaAKAEACAzA5BIBVBWBJBJBEBFBDBHAqA8AfAfAYAVAFAF
3554755001001,BDBTBXBgBVBHBMBGBLA4A0AtAiAmAeAUAFACAEA9BHBtBcBQBVBQBJBGAlA0A6AiAgAZAfAHACAC
3554805003001,BBA/BMBMCWCoCHBnBNBFA3AmAjAcAFAKAFACAAA8BDBIBDBHBIBHA6A8A5AkAyAcAVATAKAPAFAD
3554805003002,BFBHBZBSBTBUBVBLBKBFBAArAhAVAVAHAAABACBFBIBTBUBXBaBcBMBLBOBCAyAiAcASAIAIAFAE
3554904001001,A4A/BTBOBJBJBMBCBGBAA1BFAvAzAfAWARAHAEAyAxBKBMBEBLBLBJBKA+A6BDBBAlAkAWASALAJ
3554953001001,A2A4BFBQBUBKBVBOBMA/BFA4AzAvAjAQATAJAAA4BDBMBBBOBOBXBCA9A9A4BAA6AtAVAQAPAHAD
3555000003001,AwAwA/BGBKBMBCA+BABFBJA8AsAsArAQATAEACAkAvA5BBBJBOBKBHBKBYBOBMBGAvA+AfAKANAD
3555000003002,A4A8BHBMBSBSBNBFBFA9A7AwApAiAiATAPAHADA+A4BEBEBPBRBTBKBHBJBMA2A2AsAhAXAXAIAH
3555000003003,A7BBBKBOBRBPBKBKBLBGA0A5AqAfAdAWASAEABA7A+BEBIBOBSBOBNBNBJAyBEAtArAcAdANAJAH
3555109001001,ArAuA9BDBXBuBsBaBMBIBGA5A3AoAjAXAPAFACAoArA7BEBFBAA+A8BGBLBGBBAyAqAvAdAMAKAE
3555208001001,BHAxBMBWBIA+BGBEBKBKBKBGA0A2AeAbAMALACAwAxAxA+BNBAA/BMBFBSA2A+A0BBAqAdAMAGAG
3555307001001,AbA2BIBFBWAnA0A5BRBcBbA6A/A9AnAZAPALACAqAnBCBdA/A1AwBLBNBkA1BRBJAxAxAUANAJAE
3555356001001,BMBaBeBUBgBgBdBKBABAAzAzAeAWASAJALABABBPBSBcBUBOBTBRBQBDA1AsAwAjAcARAIAGAFAC
3555406003001,BSBRBgBdBRBYBTBQBHBCA1AxAjAZAPANABABAABDBPBfBaBPBYBVBJBHBAAuAxAiAbAOARAFABAD
3555406003002,BCBQBmBcBSBSBSBRBPBAA6AnAoAYAVAMADABAABDBQBgBeBSBSBYBVBFA+A4AqAhARAWAJAFADAA
3555406003003,A/BIBYBRBQBTBUBSBMBEA0AyAiATAVATAEABAABCBKBbBQBZBbBfBPBJBEA6AyAiAjARAKAFAFAD
3555406003004,BLBVBzBSBEBOBOBXBPBFA2ArAUAWARAIAGABABBDBYBYBgBHBZBQBeBGBJA4AjAjAXAPAUAHAFAC
3555505001001,BMBLBdBPBYBZBSA7BFA3A6BCArAZAfAPAPAKADBCBGBQBRBUBSA/A9BAA+A5A5AjAmATAVATAHAE
3555604001001,A/A3BJBMBdBPBMBFBHBJBBA7AkAkAdAPAOAHADA1BBBABOBUBMBJBJBHBEBKAqA0AoAgAcAUAJAF
3555703001001,BTA/BWBQBOBqBZBGBLA3AyA+AnAeAdATANAIACA/BKBRBGBOBTBRBEBBA6A6AlAsAhAbAYAMAFAC
3555802001001,AzBCBDBMBNBTBKBCBFBDBMA3AwAmAcAYAWAFAEAwA5BEBHBLBOBNBNBJBCBGA7AyAuAqAWAOAHAD
3555901001001,BOA6BKBDBoA/BGBLBJBQBTAxAxAfAXAYAKANAAAgBBBEBCBTBZBLA2BBBWA9BCA+AaAoAPARADAE
3556008001001,A0A4BGBKBWBWBJBHBIBGA1BKAsAoAcAZALAEAFAyA8BBBMBLBQBKBFBMBNA/A4AxApAfAbAZAIAE
3556107001001,BABABJBQBgBhBVBMBGBEBOAlAvAaAQAOAMAAACA9BBBNBUBaBUBXBHBMBAA8AtAoAdAXAUAHAIAD
3556206003001,A8A9BHBMBeBdBYBTBPBJA7A8ApARAMAIAHAFAAA1A8BEBJBZBkBcBQBZBMBGA2AnAbAUAMAIADAB
3556206003002,BDBOBVBRBdBVBXBZBXBSA4AnAjAQAIAIAGABAABBBABQBTBaBUBZBbBgBKAwAuAWAUAQAOAIAGAA
3556206003003,AzA2A+BEBPBVBWBPBTBNA/A0AnAfAVAVAMADADA0AvA7A+BSBaBdBXBWBNBKAyAvAgAmAcAUAIAC
3556206003004,BFBABFBSBUBgBZBSBRBJAzA4AlAiARAMABACAABCBCBMBHBRBeBaBPBRBFA6A5AmAWAeAHAMACAB
3556206003005,AxA4BEBKBPBOBKBFBPBSBBA8AsAgAfARAKACADApAxBEBDBQBPBNBOBVBYBABGAzAnAiAUAXALAD
3556305001001,BHBABMBNBuCPB9BgBQBGA1AkAmASAPAJALAFABBAA9BHBQBQBQBKA/A/A+A4AeAnAUAcAQAHAEAB
3556354001001,BABGBXBSBVBYBPBOBCBCA2A2AvAvAaASAKAEACA/BEBTBNBWBMBLBIBDA8A3AzArAeAaAVAOAFAB
3556404003001,BQBOBeBYBYBYBSBOBIA9A7AqAmASARAIAMADAABIBOBaBVBZBUBMBIBLBBA6AsAmAWASAOAIABAE
3556404003002,A9BDBOBMBUBUBOBHBHBEBAAzAsAcAcAMAKAGACA+BABHBPBQBUBPBHBKBLBEAyAqAmAXAcAQALAD
3556453003001,BIBPBbBUBSBXBYBRBLBFA7AnAcASARAJAEABAABJBLBcBNBTBZBfBXBTBFAwAxAhAaAOAMAEAHAB
3556453003002,BUBVBeBXBfBjBVBKBEA8A3AlAiARALAIAEACABBKBNBYBVBcBfBXBKBCBCA8ApAcAZAOAKAHAFAG
3556503003001,BPBZBeBjBrBiBXBMBOA/AvAkASARAEAIADACAABRBSBeBkBrBiBUBQBGBDAqAiALAPAPAJADAAAC
3556503003002,BSBbBrBlBkBiBXBSBHA0AmAkAXALANAHAFAAACBSBZBmBnBjBhBWBMBBA4AlApAZALAJAKAFAAAC
3556503003003,BFBGBRBVBiBnBaBKBDBABFAwAgAWAJAHAFABAABHBCBPBUBjBkBYBKBGBJBFAwAhARAPAIAGABAC
3556503003004,BFBJBSBRBhBiBWBQBJBDA4AxAeAXAOAKAFACAABFBEBPBSBcBgBYBRBMBEA+AvAjAXARAKAJACAC
3556602001001,A2BEBTBWBQBMBLBBBHBDA2AzAwAoASAVATAGABA8BCBMBTBOBGBNBJBABHA8A5AtAiAjAhAXAGAD
3556701003001,A4A7BABCBJBNBMBOBMBQBGA6ArAiAeANAJAGACAzA3A/BJBLBYBbBRBTBTBLA4A0AbAZAUASAKAI
3556701003002,BGBQBbBTBmBrBaBYBOBAA/AaAaASAQAGAFABAABIBDBTBQBeBpBbBVBKBEA4AmAcAPANAFAJABAB
3556701003003,A6A/BFBHBbBhBUBLBKBGA6A0AoAcAWAQALACABA1A6BCBFBaBdBZBRBIBNA6BBAvAfAYAXAOAFAD
3556800001001,BBBIBVBfBbBeBRBGBDA+A7AsAoAYAgAMAIADADA7A/BQBUBdBbBJBEBBBGA3AwAnAgAdAUAPAEAE
3556909001001,A/BBBMBTB7B1BaBJBGBBA7AmAbAeAUANANAEAAA/BCBPBXBgBbBOBMBAA9AwAvAcAdAaASAIAEAC
3556958001001,BIAxBABVBRBWBaBEBSBFA/A0A3AoAbAWANAEAFAuBGBHBSBbBRBDBHA9A9BLA2AbAuAiAaAEAEAE
3557006003001,BPBeBsBeBuBbBSBPBKA2A1AaAlAJARAIAFAAAABMBTBuBjBcBaBQBNBAA4AkAtAaATANAFAGACAB
3557006003002,BDBSBgBTBZBtBmA+A6A7A8AsAiAQAIALAAADACBPBLBWBbBiBoBZBFA/BEA/AyAdAUAPAGADADAB
3557006003003,BDBPBkBbBcBaBYBbBTBDAxAhAiAIAFAEADAFADBBBPBjBjBZBdBdBSBTBCA0AnAhAJAMAGAHACAB
3557006003004,BSBdBcBdBdBbBcBVBFA/A0AoASATAKAGAIABAABGBRBdBWBaBhBeBRBJBBA2AiAbARAKALAFACAD
3557006003005,BDA+BIBQBYBgBTBFBAA8A4A6AyAcAUALAFADABA/A/BNBOBXBdBWBHBEBEA7BDAtAlAZAUAOAFAC
3557006003006,A/BGBPBVBbBbBSBKBDBDBBAqAgAjAPASAFAEACA6BDBMBMBbBZBNBJBIBJBDA1AuAhAYAQASADAB
3557105003001,AyA2BEBJBVBSBGBGBKBGBDA0A5AbARANATAJAFAwAxA+BGBTBSBLBMBOBPBZA5A6AnAfAZAaAJAE
3557105003002,AkAvA9BLBVBYBFBGBBBBA8A/AtAwAaAZAIAJAGAnAtA+A/BaBYBIBMBKBNBKBEBEAtA0AgAIANAG
3557105003003,BABEBPBRBUBXBRBOBHBHBDAwAkAnAYANAFADABA4A9BFBOBWBUBSBMBPBKA7A6AuAZAjAOALACAD
3557105003004,A5A+BKBOBVBaBXBLBJBHA0A5AtAbAXAKAKACAEAyA6BCBJBXBXBVBPBPBLBHA6AuAjAZAeAJACAD
3557105003005,A2A0BHBKBcBSBTBMBIBMBFArAlAiAdAKAJAFAEAtA3BABOBYBaBXBPBTBNBGA3AoAmAeAaALAJAE
3557154001001,BDA+BKBOBRBTBMBFBLBLBBA4AnAjAjAVALACABA+A/BKA+BLBjBCBTBABLAyA+AnAvAmAQALAJAD
3557204001001,BPBKBbBXBNBWBOBIBCA/A6AxAoAkASALAIACABA/BFBWBQBPBRBNBMBGBAA6A1AuAgAZAZAOAGAA
3557303001001,BFBCBRBWBfBgBUBRBIBFA8A1AdAWAZAKAFAHAAA4BIBYBZBYBVBKBNBJBJA5ArAiAeAbAJAMABAA
4100103001001,BBBGBZBkBIBJBIBDBQBKBEAsArAgAfAPAHAEACA8A+BYBdBRBCBBBKBIBFBAA0AqAoAgATAJAEAB
4100202001001,BHBlB3BpBCBEA9A5A9A7A7A2AqAhAgAUAQAHACBMBUBlBaBBBEA3BAA9A+A7ApApAhAeAVAIAEAC
4100301001001,BFBQBpBrBJBRBNBMBIBKBGAiAhAoAXARAGACAABJBLBnBYBLBEBBBCBDA/A/AkAmAeAYAKALAAAB
4100400003001,BMBPBjBWBcBdBTBOBKA4AzAmAaAPALAJAEACABBOBMBcBgBiBjBVBWBHBEA5AnAZAXAJAMAHAEAB
4100400003002,BYBdBwBiBdBUBNBOBCA5ArAhAfAQAMAFADACAABZBXBtBmBXBWBSBNBIA2AoAvAXAVAOAJAGABAB
4100400003003,BaBdByBlBZBVBRBLBDA2ArAqAdATAKAGACABAABVBYBpBlBYBWBOBNBHA8A1AhAZARANAKAFACAB
4100400003004,BaBUBmBfBZBUBVBRBIA7AtAmAdALALAFAEABABBQBTBjBhBXBaBZBVBNA/A0AlAZAVAOAIAEABAA
4100459001001,A6BcBwBqBHA/BGA+BMBHAlBBAkAlAfAYAHAFAABIBMBWBcBLBLBFBBBQBAAyA5AqAZASATAHACAD
4100509001001,A8BGBQBWBQBLBFA+BHBAA2A3AuAgAiAaARAFAEBBBDBSBQBOBNBIBJBKBEBAA5A1AjAcARAMADAC
4100608001001,BLBHBTBcBVBOBPBJBKA/A8A0AjAgAWAMALACABA8BKBUBXBPBMBHBKBQBFA6A1AoAfAZAQANAFAE
4100707001001,BEBKBaBfBYBQBJBEBGBCA8AkAkAkAhARAKAHABBEA+BSBfBMBMBDBIBPBDA+AqAsAjAcARAMAEAE
4100806001001,BKBLBRBYBaBQBBBEBHBGBAA1AyAkAVAMAMADAABBA/BMBZBRBKBFBEBIBHBLAwAnAdAjALAQADAF
4100905001001,BIBVBmBoBkBHBKBJBIBGA6AjAaAUATASAHAFACBVBTBcBhBdBOBKBABMBBAuAyARAUAUAPAJADAC
4101002001001,BIBOBlBdBaBOBGBIBEBDA0ArAjAcAYAMAEADACBGBLBaBjBVBPBKBGBJBHA+ApAjAiAUALALAGAB
4101051001001,A6A/BbBhBIBEBIBFBNA7A3A4AtAwAYAYAMAEAGBEBHBfBPBBBDBYA6BJA9BBA4AtAgAmARAMAFAC
4101101001001,A/BGBMBRBOBMBLBEBJBGAvA8ApAfAVASARAFADA9BBBPBQBPBPBPBPBMBHA6BAAxAsAeALAPAFAB
4101150001001,BOBIBQBPBfBQBIBOBQBJA1AzAfAeAcANALAGAHA2BFBUBcBKBGBHBNBGBJBGAnAzAkAUALAMACAE
4101200001001,BJBUBpBaBHBEBBBABCBFA1AzAlAhAbATALADACBIBTBiBaBHBDBHBCBEBGA7AwAuAlAYAUAJAIAE
4101309001001,BCBOBdBdBJA/BQBIBSBMBDA+AvAhAkAQANAAAAA4BKBfBaBBA/A+BEBIBDA1A1AsAdAeAPAKAEAC
4101408003001,A7BGBSBgBYBWBNBKBLBEA7AyAtAdAkANAHAGAABDBEBQBSBSBVBLBIBKBBA9AuAnAkAVAQAGAAAE
4101408003002,A5AzBABLBSBKBLBCBFBCAtBDAvAWAfAYAHACACA7A7BEBLBZBWBXBNBTBPBCBLAzApAkARAOAEAG
4101408003003,BIBIBOBdBbBTBKBEBGBFA1AtAqAXASAPAHAAAABCBABQBTBcBUBPBHBUBLA+A6AoAfAdAMAMACAB
4101408003004,BKBNBfBiBSBRBTBMBPA5A2AfAeAaASAKADAFAABIBOBdBgBZBQBQBNBJA8A9AsAlAcAZANAGADAE
4101408003005,BQBQBaBfBaBQBQBIBGA6A1AjAdAgAFAOAMABAABYBTBcBhBbBRBQBEBJA/BDAnAgAbAMATAEADAD
4101408003006,A2A/BJBSBZBPBKBEBIBAA0A3AmAfAaARAMABADA4A5BJBUBVBRBOBKBUBOBDA/A8AiAfATAQAIAB
4101408003007,A/BJBWBWBYBWBTBFBJA9AyAxAsAUAUAMAFABABBDBFBOBSBWBcBVBNBQBFA/AyAqAaAVAPAOAHAE
4101507003001,BAA/BPBSBWBWBMBOBPBCA4AyAbAhAcAMAHABAABABBBOBRBVBTBVBOBKBMA6A9AyAiAYAJALAHAE
4101507003002,BOBLBiBYBXBTBbBVBPA+AuArAeAVAQAPADACAABJBKBZBcBaBRBdBOBOBCA1AnAcAcATAGAEABAE
4101507003003,A4AzBFBJBaBQBLBCBDBFBHAnApAiAcAOARAHAEAxA7BDBLBSBQBOBIBLBOA8BFA3ArAmAgAVAGAH
4101507003004,BNBLBWBQBYBjBcBUBQBAAvAuAgAQAOANAGABAABDBJBIBQBbBiBdBRBPBFA0AtAYAnAPAMAFAFAD
4101507003005,A3A7BNBOBUBRBMBHBIBCA5A2AuAeAUAUAFAHABA6A9BJBMBTBTBTBNBPBQA/BDA0AkAZAVAMAMAB
4101507003006,BPBDBQBSBmBkBVBTBLBCAtAuAfATAPAIAFAAACBMBKBQBVBgBcBSBTBPBBA3AoAVAlARAOAKABAD
4101606001001,BQBWBlBiBQBRBPBJBGBDA4AlAjAZAPAJAFACABBOBUBhBjBTBUBPBMBIBAAxAlAbAXASARAHAFAB
4101655001001,A0BCBcBfBHA9BDA8BSBDBFAmArAnAlAdAMAGAEA7BJBeBjA9BCBBBFBQA/A1A4AvA0AjASAJAHAE
4101705001001,BABEBfBcBWBIBPBOBTBGA2AxAkAcAYAUANAEABA3BDBMBcBOBGBLBNBOBGA1A6AkAoAXASALADAE
4101804003001,BZBXBwBmBgBYBTBMBIA5AsAiAVALAIAGAFABABBOBTBtBkBgBcBRBUBMA+A0AbAiAIAKAHAGAAAC
4101804003002,BKBPBaBbBaBWBYBKBGA7A9AuAsAbAOAOABADACBDBNBXBXBXBRBPBKBGBDA+ArAlAaAJAUAJAFAB
4101804003003,BMBSBoBhBhBcBcBVBKA7A8AeAcAPAPAAACAAAABNBPBdBZBcBYBfBUBKBAAoA3AgAJALAFAFABAC
4101804003004,BKBLBYBVBZBkBjBTBGA7A8AmAZAWAMAJAEABAABCBPBSBTBWBoBeBRBKBCA4ArAYAbAPASAIADAB
4101804003005,BNBQBbBlBjBlBdBSBFA/A1AfAZANAMAJADAAAABMBTBcBdBmBgBTBPBIBDA6AfAVARAMAJACACAB
4101804003006,BUBWBiBlBeBeBWBPBKA8AuAjAaANALAIAFACAABDBTBgBiBiBbBUBWBHA8AyAlAeASAIAPAEAAAD
4101853001001,A7BFA8BcBABEBBBJBXA6BHA5A6ArAqAQAMAFADA5BIBeBSBMBGA+BJBDBQBEAlAuAsATAlAKAAAF
4101903001001,BDBJBTBZBQBJBEBEBCBAA1AvAoAwAaAWAMABABA+BCBQBTBQBRBGBQBHBBA/A6AwAjAhAVANAHAF
4102000003001,BABOBYBcBKBHBHBHBLA8AwA7AuAiAgAOAKAEAEBEBFBQBYBJBEBKBMBRBJA2A5AvAkAWAPAQAGAA
4102000003002,A7A/BMBQBFBEBDBNBVBFA4AyAxAfAfAXAJAFABA2A+BKBUBMBEBRBSBVBOBFA7AxAxASAYAJAGAF
4102109001001,BBA/BLBYBUBOBIBIBKBDA7AzAoAfAYAUANAFABA+A9BLBTBQBKBNBKBQBIA2BGAyAkAfAWAIAFAC
4102208001001,A2BHBUBQBLBNA+BVBUBIA6A/A5AcAXARAOADAAAuAxBQBUA+BEBOBHBeBKAvBEA4AnAgASANAFAH
4102307001001,BHBKBeBeBXBcBUBSBKBBA0AxAiAYARAJAHADACBGBEBYBYBbBRBSBOBKA9A3AuAjAYAWANAJAAAC
4102406003001,BDBHBZBYBPBKBGBHBLBDA7AwAkAnASAOAMAGAAA/BLBYBcBOBKBJBLBNBKA6A0AnAeAcAXAJAEAD
4102406003002,A7BFBSBTBZBLBEBABCA+A+AxAmAhAZARAJABACA8BCBNBaBeBUBFBFBLBKBHA2AsArAaAVANALAE
4102505001001,BABJBZBfBLBFA7BCBGBKA3A0ArAmAiAYAQADAFA/BABXBUBLBABCBIBNBGBFAyAuAqAZAbAGAJAC
4102604001001,A+BRBjBiBQBLBGBDBDBDA9AqAuAcAVAJAIABADA+BIBmBeBUBXBKBKBCBKA6AxAeAhAgAMAHACAD
4102703001001,A1A3BGBeBBBRBKBEBFBQBABDBJAnAfAbAFADAAAwBABHBSBTA7BFBCBPBMA5BHA1AgAdAPAQAOAA
4102752001001,A3BQBmBfBBA9AxBABTBMBVA5A4AqAaAQAHABABBABVBjBVA7A2A6A3BJBUAyBAAoAkATAZASAJAA
4102802001001,A8BCBPBWBSBJBEA/BEBEBAAuAmArAiAUAIAEACA7A/BTBTBNBLBHBIBOBKBKAvA1AiAhAaAQAIAE
4102901001001,BWBjBwBjBXBNBNBHBFA9A6AnAoAPAOAOAFABADBQBZBuBdBMBNBOBIBAA5AwAnAdAVAQALAGAHAB
4103008001001,AzBHBNBYBMBFBDBIBVBXA7AzA1AkAeAQAKACAAA4BCBJBHBLBMBGBRBYBRBEAvAoAkAlAQANAEAD
4103024001001,BABZBmBaBFBKBJBWBQBDBCAzAlAaAOAYADAAAAA7BbBhBbBIBSA7BOBQA3A6A3AdAdAZAPADADAD
4103040001001,BOBXBtBvBXBKBVBJBHA/A1AsAXAgAPALACABACBJBaBxBhBLBQBJBRA4A/AsArAgAXAOAMAJABAB
4103057001001,BFBbBpBZA+BABCBSBDA4A7AuAuAuAiARAIAEAABKBUBjBVA8BHBJBFBCA9A+A0AmApAOAUALAFAE
4103107001001,BOBWBvBkBQBSBMBKBBA5AvArAkAZAUANAJAHABBRBdBtBVBSBPBIBIA7A4AvAxAhAbAYAHAMACAA
4103156001001,BFBLBtBwA8A3BGBHBCBBBDA5A4AnAXAaANACACA9BIBjBbA5A5BBA+BGA1A6A+A3AeAsAMAHAEAE
4103206001001,BHBGBeBZBRBOBJBEBKBEA3AmAnAiAYANAFAHADBGBOBXBeBVBNBHBCBRBFA5AtAlAgAbAZAJAFAA
4103222001001,A8A9BQBgBRA9BFBEBKBQBMA6A0AgAXAMACAIAAA+BCBQBjBIA9BCBJBWBKA+AuAvAvAdAOANAFAD
4103305001001,A5A5BNBbBOBDBABIBHBNA/A9AyAlAfAWAPAFABA0A5BRBUA9A7A/BVBIBRBCBAAyAqAaAXAVAIAE
4103354001001,A9BaBYBbBRA+BJBDBSBMBDAtAqAiAcAVAJACAFBFBKBTBVBMBLBBBNBNBEA9AlAnAmAZAOAEAFAC
4103370001001,A1BBBTBkBLBBBCBFBNBVA0AwApAqAoAVANAEAAA5BFBLBcBKA5BMBDBdBGA/AxAqAoAeAQAVAGAD
4103404001001,BKBIBXBhBRBTBNBLBPBPAyAtAiAfAeANAIADACAuBLBIBYBYBEA/BMBbA+BDAkArAtAXAPAHALAD
4103453001001,BNBMBbBYBdBdBYBZBQA/ArAtAXARAQALAFABACBABFBYBYBfBcBVBUBUBEAyAlAdAbANANAHAEAB
4103479001001,A4BEBSBZBIBFBBBPBMBIBAAzA0AfAmAXAQAHADA2A6BQBQBHBBBGBMBUBGA6A+AnAlAqAXANAFAB
4103503001001,BKBGBVBaBXBQBABCBQA/A7A0AjAmAaASANADACBCBGBTBYBTBGBIBDBUBDA5AxA0AcAUAQAMAHAF
4103602001001,BGBKBQBUBUBJBKBEBIBEA3AzAoAiAQAPANAEAABABCBOBSBRBPBMBLBKBKA+A2AqAmAfAWAUAFAB
4103701003001,BCBGBaBTBZBUBLBHBIA9A2AuAaAeAUALARAEADBBBHBWBdBbBPBVBHBOBABBAuAjAtARAQAIAIAD
4103701003002,AuA0BDBLBTBPBJBGBDBFBFAxAsAlAkARAOADADAyA2BGBKBTBJBHBJBTBPBMBAA3ApAbAeAWAJAN
4103701003003,BLBTBjBXBZBWBXBRBLA4AwArAYAbATAFAGACAABJBOBaBbBVBZBRBVBOA/A2AwAiAUAOAQAFABAD
4103701003004,BJBPBaBaBZBSBRBRBRA/A4AjAfAWANAHAGADABBBBNBaBYBVBWBXBaBSBBA7AqAkAWAYAQACACAB
4103701003005,A8BFBUBPBTBQBSBMBMBFA4AyAoAfATAPAKADABA9BCBOBLBVBVBVBLBRBLA+A3ApAjAWAUAIAHAB
4103800001001,BGBCBPBcBaBTBLBCBBBRA5A8ArAlASAWAKACAAA5BCBJBOBXBKBGBLBNBCBIA1ApAeAeAQAMAEAD
4103909001001,BNBMBiBcBFA+BEBIBHBEA1A1ApAfAbARAJAHACBCBKBXBcBJBCBNBKBQBDBIApAwAkASASALAFAC
4103958001001,BJBkCABeBNBJBDBIBQBHA4A4AjAeATAMAGAAAABQBhBkBaBDBDBFBNBABAA5AiAdAVAOAJALABAA
4104006003001,BNBYBuBkBYBVBOBJBFA5A1AlAoATAcAJADAEAABUBQBrBYBTBYBOBHBJA3AyApAYAVARANAFADAB
4104006003002,BUBRBgBhBdBcBUBQBGA3AwAmAVARAGAJAFABAABSBSBkBdBhBgBZBRBKBDA1AoAfAPALAJACAFAA
4104055001001,BFBRBtBrBJA7BPBKBPBEAvArApAYAYAQALAAACBABYBqBuBGBABGBKBPA9A0AtAmAaAbAOADAEAC
4104105001001,BaBYB4BrBbBPBQBIBJA8AoAvAdATAQAOAGAAACBUBaBqBcBSBKBTBEBEA3AvAiAdAYAQAJAGACAA
4104204003001,A9BEBRBXBXBTBWBOBPBEAvAwAfATARAPAGADAAA9BDBNBTBaBZBXBXBVBPA+ArAtAaAPAYAHAIAB
4104204003002,BHBHBgBjBTBTBTBOBMBDA0AxAgAaAZAMAEADAAA9BGBbBbBSBPBTBQBKBDA9AmAiAjARALAKACAD
4104204003003,BEBWBdBdBXBZBUBTBNA8A1AhAiAYAMAGAFADABBSBOBeBcBTBWBdBSBIA/A2AqAjARAJAMAIAGAA
4104204003004,BRBPBfBdBfBaBbBNBIA+AwAqAaATAMAEAEADAABMBRBdBcBZBbBXBSBQA/AxAsAZAaANAMAEACAA
4104204003005,BFBHBYBaBYBWBaBNBIBCA0AxAeAXAQAIAEADABBABFBUBUBSBgBbBPBOBJA/AuAkAaAQAOAJAEAC
4104253001001,BQBTBrBjBbBYBSBRBJA5AtAqAeAUAPAIAEACAABPBPBiBiBTBSBWBPBJA/A1AqAcAYAKAGAGAEAB
4104303003001,A+A8BKBaBeBNBLBBBGBFA4AqAxAUATALAFACACAzBABZBXBhBZBNBPBPBMBBA7ArAgAVAUAUAIAD
4104303003002,BABJBKBXBaBTBIBCBHBAA2AwAkASAQARALACAAA9A9BPBYBkBkBNBTBPBOBAA7AmAiAZAPAGAEAE
4104303003003,BIBNBnBmBYBKBOBFA/A+AuAvAlAYAVAJABAFAABFBPBdBoBWBQBRBMBIA9A6AvAfAfAWAOAKAGAB
4104303003004,BBBBBNBQBUBSBFBPBRBNBCAmAdAcATAJAIADAAA5A+BIBWBRBaBaBTBbBSA7A9AeAoAcAKAMAFAC
4104303003005,BFBMBdBgBVBRBGBIBIBEA2AoAkAZARALAIADABBIBJBZBcBZBQBOBSBNBHA5A4AnAaASALAGAFAB
4104402001001,BJBPBqBnBEBLBKBGBFBCA7A2AqAmASASAJAEABBHBZBrBcBHBDBDBCBAA9A6ArAoAbAYAQAIACAC
4104428001001,BRBdBuBnBKBKBJBLBJA/BCAhAeAaAQAKAEABACBNBcBuBmBQBMBNBGBIBAA0AhAfAVAQAIAFACAD
4104451001001,BVBkBwBrBJBFBIBDBIA8AvAxAmAcANAIAHADACBSBUBwBbBNBFBLBOA/A5A0AyAdAYATAMAJAFAA
4104501001001,A8BGBYBeBKBFBHBEBJBLBAA0AuAhAbAPAEAFABA5BFBQBWBHBOBEBLBLBFA/A+AzAoAhAPAKAHAC
4104600001001,BABMBgBdBTBKBJBLBHA/A4AxAuAjAZAKAHADABBHBLBeBaBMBQBJBJBEBFA5AzAkAgAYAOAMADAE
4104659001001,BgBeBlBiBZBgBcBNBBA5AwAeAaAUAKAHAEACACBdBZBfBgBZBdBTBLBCA5AuAgAZASAMAJAGADAB
4104709001001,A8BMBfBXBRBOBEBFBDBGBEA3AxAaAbAUALADACA8BLBVBVBOBOBDBDBDBLA7A3AoAkAVAYANAFAB
4104808005001,BKBVBYBYBbBaBXBKBDA2AuAsAhALAOAFAGAEAEBEBJBbBiBeBaBbBQBKBEAuA9AjAUAdAJAEACAA
4104808005002,BTBNBdBhBWBZBXBRBEA5AzAhAWAUALAIAHAAADBMBOBcBdBbBjBaBTBKBBA6AoAiAXATAKAAACAB
4104808005003,A+BIBXBfB7BjBPBIA/A8ArAkAcAXAOADADAFAABRBDBQBmCABmBQBOBNBBA6AmAbAZAHAKAEABAB
4104808005004,BcBcBjBpBkBXBQBLBFA3AuAeAjANAMAIAFAAAABOBSBjBiBgBRBZBMBIA7AuAoAiALAVAMAAAFAA
4104808005005,A8A7BJBVBfBlBQBPBHBBAvAuAlAQAQAJAJADADA5A+BGBZBiBhBcBNBSBQBHAtApAeAPAPAQAFAC
4104808005006,A7A5BIBcBoBYBEBCBMBEA4A4AiAiAQAEAKAEAAAxA3BDBRBfBaBTBSBQBMBOA4AoAoAeALAJAFAE
4104808005007,BOBPBqBfBhBYBSBLBKA3AuAiAaAaANAIAFAAABBJBOBiBmBgBVBTBYBEA6A1AqAhATAWAFAHABAD
4104808005008,BWBOBiBoBoBTBOBPBDA7AvAlAcANALAHADAAAABPBKBfBpBrBaBRBVBKBDA3AcAYARAOAQABAEAC
4104808005009,A+BCBMBgBqBeBRBHBKBDAzAqAaARAOAGAHAEABA1A+BOBhBnBiBRBVBWBPA5A0AgAdARAOAMADAB
4104808005010,BHBHBRBfBjBjBZBSBMA3AyAbAUAOAKAJADAEAABGBOBYBbBgBkBhBdBRBEA3AlAbAZAWAHADABAF
4104808005011,BDA/BLBXBgBdBTBIBMBIA0AuAfAVAOADAAAFAABCA8BKBVBdBnBbBWBWBWA9A3AoAPAHAOANAEAE
4104808005012,BFBABRBZBbBbBQBOBKBHA+AjAqANAOAIAKABAAA6BABOBXBaBgBZBZBUBMBBAtAjAYAMAXAIAFAB
4104808005013,AuAqA4BPBnBeBTA+BDBLA2A+AhAZAUAQADADABAmArA/BaB2BvBaBOBUBWBKA7AqAgAgAQAKAIAD
4104808005014,BNBLBcBeBeBXBTBVBPBBAsAnAhARAMADAEAAABBPBPBcBeBaBTBbBdBUBCAzAoAVAXAOALABAEAA
4104808005015,BUBRBkBmBaBTBVBOBMA3AqAiAaAPALAGAHABAABGBYBiBiBYBaBWBXBNBAA1AlAfASAOAKAIACAC
4104808005016,BdBZBsBrBaBVBRBJA7AxApAlAWATAMAHADADABBXBfBrBlBYBXBOBMBEA8A0ApAdATAMAMAHAEAA
4104808005017,BMBMBcBeBoBkBbBQBUBGA+A1AwAdALAOAJADAABFBKBXBYBCBDBFBFBBA5A0ArAkAVAPARAHAEAC
4104907003001,BKBnBmBjBTBJBOBVBDA3AoAbAWAaARAKAHADABBjBZBXBgBMBWBKBaBEBAAwArAhAgAQANAIAGAA
4104907003002,BRBbBpBeBMBNBTBIBEA6A2ArAoAbAVAQAIACABBQBUBjBYBMBOBMBHA/A2A1AoAiAjATATAEAHAC
4104907003003,BaBhBsBjBZBUBPBFA+A5AxAgAbARANAMAFACAABXBaBlBiBaBXBQBJBGA7A0AfAaAcASAGAJACAC
4105003001001,BLBSBtBeBVBQBMBMBFA5A4AqAfAnATAUAIABABBMBQBjBsBQBDBOBKBFA3AvAuAdAgASAJAGAEAF
4105102001001,AzBCBTBhBSBPBJBIBLBEA0A0AnAlAaAVAJAHABA3BFBYBVBKBJBIBJBPBIBAA2AkAnAZAUAVAHAC
4105201001001,BSBjB3BjBLBNBMBHBCA8AyAtAkAdAWARAEACABBGBhByBbBKBOBEA/A8A6AvAqAgAeAZAKAHADAC
4105300001001,BBBIBUBWBPBIBMBPBLA/AvA3AvAeAYANAKADABA4BFBUBVBSBRBRBTBLBFA/AxAsAjAWAQAQAHAD
4105409001001,BDBNBdBgBVBJA9BJBKBEA+ArAgAiAaAPAJADACBCBKBaBeBTBMBHBJBMBHA3AzAoAhAZAMAJAFAC
4105508003001,A6AvA+BNBXBPBRBBBCBHA5A3AkAhASAKAOAFAEAxAvA9BWBuBkBVBOBUBQBSAwAlAwAVAZATAJAG
4105508003002,BEA8BTBaBcBQBTBFBTBGA9AqAYAdAUAKAEAFACBCBEBQBYBbBaBWBWBQBLA2AyAnAcAPAMAGAIAC
4105508003003,BKBFBWBaBjBbBOBOBPA3AxAlAfAWAXAKAFADABBEBHBTBaBcBXBPBSBTBHAzAuAbAkASAUAIAGAC
4105508003004,BGBDBVBaBWBWBQBSBMBBAzAqAkAaAWARAIAEAABEBCBQBaBXBTBOBUBNBEA4AzAlAfATATAIADAB
4105607001001,BFBQBaBaBbBVBUBIBMA+A5AjAgASAYAVAJAEABBEBMBbBdBPBQBTBQBHBCAwAwAhAjAaAIAIAEAD
4105706001001,BQBVBqBhBKBIA+A8BBBGA4AqAiAcAaAPAEACABBJBRBnBfBIBEBEBJBJBGA2AzAlAkAbAUAMAFAD
4105805005001,BJBUBcBXBWBbBWBTBKA7AxAlAdAQALAKABABAABKBPBXBcBcBjBdBWBMBHAsAzAeAWALALAMABAA
4105805005002,BPBTBoBgBeBeBXBLBCA4AzAiAcAUAKAJACACABBMBUBhBbBdBeBZBMBGA8A4AmAdAVARAKAGADAA
4105805005003,BMBUBgBgBcBZBUBQBDA8AzAuAbAXANAIAHABABBMBQBdBeBZBYBVBMBMA8A1ApAVAcAKARAJACAA
4105805005004,BXBeBmBcBjBVBXBNBHA7AuAjAUAQAHAIAEAAAABYBRBiBfBeBfBWBTBKA6AwApAcATAIAJAGABAB
4105805005005,BLBSBgBcBdBZBSBOBIA+A1AjAaATAQAGADACABBHBOBdBZBbBdBVBSBMBIA9AkAfAXARANAGACAA
4105805005006,BLBVBpBdBTBZBdBZBLA5AzAcASATASADADAAABBDBaBdBiBaBbBXBbBRA8A4AgAVAaAPANAGAAAA
4105805005007,BaBjB4BsBjBVBRBRA/A2AqAYAZANAEABADAFAABgBfB6BwBXBUBYBNBCA1AuAZARAPAGAIACAAAE
4105805005008,BRBSBlBgBXBiBRBPBIBBA7AcAZAQALAJADABABBJBNBgBdBeBaBVBRBRBEA6AiAZAWAOAFAJAAAA
4105805005009,BRBOBaBXBcBeBbBPBBA4AtAuAeASAIAEAEADABBNBMBaBdBcBiBfBRBFBCA+AoAlARAQAKAGABAB
4105805005010,BWBgBxBlBVBTBSBRBFAzAzAgAZATAMADAEABAABRBcBuBiBXBVBYBKBKA9A6AZAaANAWAHAGAAAA
4105805005011,BJBYBhBdBWBbBUBUBLA7A0AeAiAMAOADACACAABbBUBfBaBZBcBcBVBMBAA0AmAfALARAJAEABAA
4105904001001,A7A/BPBRBTBTBRBNBMBGA5A5AsAdAbASAFAAACA5BABKBQBVBNBQBPBRBPBGAyAmAhAdARAMAHAA
4106001001001,A+BPBgBmBNBEBBBBBKBJBDAvAmAoAgAPAUAFABBFBIBVBdBLBCBFBEBGBDA7AnAqAfAiATAMADAE
4106100001001,A+BEBmBkBRBEA+BOBFBCA1A6AvAcAjALAMAIACA+BFBZBgBOBFBGBGA9A8A8A7ArAlAXAWAIAFAH
4106209001001,BHBWBoBYBaBRBXBLBHA/A2AtAnAcATAJAFACABBHBSBaBTBSBLBTBLBKA8AnA3AfAfARAOAKAHAD
4106308001001,BCBHBcBaBZBMBBBHBLBCBAAoAjAhAPAPAJAFAABBBEBSBhBUBRBGBKBUBKA2A3AfAjAdATAPAEAD
4106407003001,A4A8BIBOBVBPBFBEBHBFA8A+AsAhAdANAMAGAGA2A8BDBLBSBNBMBKBOBOA4BLBBAfAeAWAVAEAD
4106407003002,BABCBRBXBTBQBMBBBIA/A9AxArAaAUAOAIADACBBBABLBWBTBRBQBMBOBMBFA9AvAdAXAUANAGAG
4106456001001,BbBdB7BqBVBSBOBEBNA+AxAmArAPARAMAGACABBbBaBwBrBVBKA/BMA9AyAvAdAZAUAKAGAFABAB
4106506001001,A9BJBaBhBQBHBABABGA/BCAuAoAhAVASAOAEABBEBHBXBhBOBMBJBEBKBGA0BFAqAjAXAaALACAD
4106555001001,A8BKBaBgBFA8BIBFBEBKA4A6A5AlAlAQAPADAAA1BTBTBgA7BIBJA8BJBKA8A1A0AeAVAUAQABAE
4106571001001,BABWBkBpBOBLA4BABEBIA2A2AqAdAYAQAIADAABFBTBZBfBXBCBDBJBIBCA/AwAjAZAZAWANAEAB
4106605001001,A5BBBPBVBLBMBRBMBJBBAvA3AmAlAjATALAEABA9BCBWBTBMBKBQBPBIBHBCA0AzAeAdAUATAGAC
4106704001001,BHBABVBcBUBPBEBRBOBIA6A3AkAcAUAMAUAFADAyBHBKBVBWBPBDBKBOBFA+A9AmAeAYAPAOAIAD
4106803001001,BJBfBpBgBXBRBSBMBHBEA7AnAkAZAUAOAEACABBIBfBvBXBLBHBFBDA/A+AuAqAgAbARANAKADAC
4106852001001,A2BCBPBfA+BRBNBOBSBHBJA6AxAsAoAOAHAEACA9A6BVBbA+BEBMBKBJBIAmBKAhAcAgAYARAAAA
4106902005001,BDBCBPBPBTBVBRBPBMBCA3AwAlAWAYAJAJAAACA+BABJBJBUBXBWBWBRBPA8A+AvAiAVAWAMAAAC
4106902005002,AqAiAlA5BfBjBOA/A2A/A+BEAxAsAZALAIAHACAjAkAjBABvByBWBLBJBVBYBOBAAhAqAaAnAGAL
4106902005003,ATAWAeBSCdCVBlBBA3A2A5AhAwAOAPAWAFAGAAAVAUAaBQCfCQBeA+A8BEBaAqAqApAyAZAYAOAC
4106902005004,A+BABKBNBVBbBQBPBMBCA7A0AtAXAJAOAGAEAAA5A6BJBJBVBZBZBSBTBNA8BDAtAjAbATAEAHAF
4106902005005,AwAjApA5BQBdBMA+A5BBAzBHAoAgAdAIAUAKAFAgAlAjA3BbBnBaBNBHBYBTBYBcAqAtAZAnAPAK
4106902005006,A7AuAyA5BMBWBbBFBFBBBAA7AlAkAQASAJAEABA0ApA0A5BRBiBkBUBPBaBSBJAvA2ApAWAIATAJ
4106902005007,BBBBBNBPBbBUBSBGBHBFA7AuAkAaARAIACAEACA5BBBHBQBVBXBaBRBSBSBJAyAqAmAbAQAOAIAA
4106902005008,A2A2A/BIBVBZBTBEBABHBAA0ApAgAOAKAGAIAAAsA0A8BBBWBcBbBOBUBYBXBCAzAiAxAXAQAEAA
4106902005009,AuAvA0A/BSBaBTBDBABCBCAvAyAbAeAKAXAEAAAvAtA3A+BVBXBXBOBOBQBNBMBMAeAoAhAZAPAH
4106902005010,A6BBBRBPBWBZBOBKBLBDA6AlAbAhAXANACABAABBBBBKBKBWBfBUBSBXBRBDA1AqAhAZAYAIAEAE
4106902005011,BCBDBPBRBYBcBaBMBGBABAAhAkAOARAFAJADAABEBDBNBQBYBiBfBWBRBNA6A9AuAUAXALAIABAC
4106902005012,A8A/BNBKBWBcBbBPBNBFA7AjAoAVANALAEAEAABEA8BHBJBZBhBhBYBQBLBMAsAxASAbAOALADAG
4106902005013,AsAwA1BBBRBUBQBKBIBJA8A5AyAfATAXAFAFAFArAsA1BABRBcBYBRBSBTBdBABBAoAlAXAUANAF
4106902005014,ArAoAsA5BaBjBTBFA8A9BEA0AuAgAZAOAUAHABAlAjAuA8BZBjBeBJBMBXBeA8BAAuAeAkAlARAH
4106902005015,BBBEBOBQBaBeBWBMBEA/AyA2AiAYAIAJAGADABA+A/BNBNBZBjBcBQBPBQBGA3AsAZAaAGAMAHAB
4106902005016,AuA0BFBMBcBWBMBCBEBDBDAuAvAXAdAQAKAFACAxAzBCBLBUBSBSBPBRBTBUBBA5ArAhAVAOAFAF
4106902005017,A9BEBJBJBMBSBSBWBOBFBJAjAlAWAVAJAHACAAA6BCBHBKBOBbBhBYBYBMBDA7AtAhAbAPAJAEAA
4106902005018,AzA7BABTBtBoBTA/A8A8A5ApAtAaAPAIAMAFAEA2A0BABSBuBlBUBCBEBHA4BCArAcAnAiARAIAI
4106902005019,AyA3A8BBBWBTBPBKBIBGBFA5AqAgAcANAXAAAAAqA0A7A+BNBWBXBRBLBTBUBAA5AoAlAbASAIAE
4106902005020,BdBSBiBdBgBeBVBMBCA2A5AcAaAOAFAHADACAABLBSBfBdBeBeBdBQBGBAA4AnAgAZAJADAJAGAE
4106902005021,BFBBBMBXBdBZBPBHBGBDA2AmApAPAMANAHACAAA5BFBPBVBbBgBTBOBRBMBLAvAlAkAbAPANACAD
4106902005022,A/BABMBPBgBYBVBKBEA+AzA0AuAVAUAIACABABA9A9BHBNBYBbBbBPBOBLBBA/AuAdATAcANAGAE
4106902005023,BNBTBlBjBaBVBSBRBNA+AvAgAYAQAJAFABABACBQBTBiBdBaBcBYBWBQBFAuArAZAWARADAEADAB
4106902005024,BFBABKBQBUBXBVBQBMBKA9ArAdAbAOAMAHADAAA3A+BFBNBUBcBgBUBRBPBHAuAsAbAPAVAMAQAC
4106902005025,BDBJBUBXBdBdBVBHBEA+A9AgAkAeASAGAGAAACBABBBQBSBcBdBXBLBJBFBBAvAoAcAdATAKAIAB
4106902005026,A+A+BKBOBaBcBQBIBJBHAvA4AoAUAOAOAIADABBAA4BLBPBYBbBUBQBPBRBEA3AnAkAYASARAIAC
4106902005027,A6A8BBBIBVBXBUBMBHBEBIAkAYAbAdANADAIAAA7A8BABLBTBfBfBUBPBUBFA7A3AkAZATALAGAE
4106902005028,A/BHBTBUBXBVBWBRBNBBAuAvAtASAMAIAEABABBFBHBOBTBbBXBcBYBPBKBEAtAgAfAYAHAKAEAD
4106902005029,A9BHBOBUBUBbBYBLBPBAA7AkAYAWAWAHAAABAAA/BBBPBRBaBjBgBWBQBRBIAxAtAcAZAHABACAE
4106902005030,ApAoAtBEBXBZBMA2A5BCBJBEA7AfAfAHAJAGAAAtAlAuBHBkBjBRBKBJBdBmBJA7AsAcAeAXAHAL
4106902005031,AqAnAtA9BXBrBYBEA9BAA/A2AjAYAaARAJAHADAvAnAuBABaBwBdBQBMBZBjBAA5AxAeAeARAMAE
4106902005032,BBBPBdBdBZBVBVBRBOA/A8AiAVAZAUAJAGACAABIBKBWBZBVBZBZBZBPBBA9AlAnAYALAHAQACAA
4106902005033,A/BABOBVBXBVBPBNBJBIA8AzAcAeALAMAGACACA/BCBLBRBSBcBVBXBUBSBTAlAtAXAYAJAOADAA
4106902005034,A3AzA7BCBQBXBRBLBIBKBHAtAjAeAWAOAKAGAAA2A2A4BHBTBeBeBVBSBaBNA8AoAuAYAeAMAKAE
4106902005035,A0AyA6BABSBbBVBJBCBCA7A5AiAgAbAVADACABAwAxAzA/BUBeBhBUBLBYBMBKBAAfAkAiAQAKAD
4106902005036,AzAxA3BHBQBfBcBGBHBIA8AyAmAWAUANANAEABAzAxA4BABZBlBkBVBVBVBUA7AzApAZAWAPAGAF
4106902005037,BGBHBSBPBMBeBhBXBMBFA3AjAXASAMACAEAAAABKBCBIBKBXBnBqBiBYBOBPAkAlAOAQAHALACAC
4106902005038,BABFBLBOBcBmBgBMBCA8A2AuAhAUAQAFALABAABCBEBMBOBcBjBgBQBJBIA2BEAqAWAQASAGAEAD
4106902005039,BCBABIBNBdBaBcBJBHBCA8AsAeAUASAKAGABAAAxA5BCBLBbBkBbBQBTBRBBA8AyAdAgAVALAAAF
4106902005040,A3BABHBMBVBcBZBPBOBCAzAsAfAeAVAJALACAAA2A5BJBOBXBhBfBUBQBKBBA6AqAbAcASARAHAD
4106902005041,BTBcBzBmBdBaBYBVBKA4AkAfAXAFAIAGACABABBQBbBqBpBdBaBdBXBLA9AuAdAUAOAIAHAEADAB
4106902005042,BZBbBoBeBVBUBZBbBLA6AqAjAYAMAIAGAAABAABQBWBnBjBYBZBdBXBOA8AzAeAXARAQADAJAAAA
4106902005043,BgBiBuBZBNBjBpBaBHA2AfAiATAIAEAFABAAABBdBeBoBYBXBqBlBcBGA4AiAkAQANAGAEAFACAA
4106902005044,BFBJBUBYBfBfBUBJBCA7A8ArAfAUANALABAAAAA/BGBPBbBgBfBXBNBIBIBKAzAnAaAPAVAEABAB
4106902005045,BSBUBmBgBaBfBaBUBPA8AsAfAaADAHABAFACAABMBaBeBcBfBhBbBZBSBBA0AlAcAPAHAGAEAAAA
4106902005046,BOBTBYBdBiBfBUBTBSA/ArAjAQAOANAEADABAABEBOBeBfBlBfBbBYBVBIA2AlAdAPAJAFAGACAA
4106902005047,BDBGBYBXBfBeBaBOBJA+AvAuAgAUAQAKADABAABGBFBSBaBeBjBbBQBMBGBAAoAoAQARAHAGAFAE
4106902005048,BUBbBnBmBdBiBeBRBMA5ArAZAWAJAFACAFAAAABOBRBmBjBgBeBdBWBJBBApAkAaAMAPAGADAAAC
4106902005049,A8BGBSBNBcBiBXBHBEA+BEAhAdAXAQAHAHACABBCBBBQBSBfBgBYBPBPBJBPAuAeAkATAXAGAEAB
4106902005050,BSBOBgBaBXBRBoBPBPA1A5AmAaAUAMADAFABAABMBOBfBPBYBrBPBdBQA+A/AjAfAdAEAHACAAAB
4106902005051,BFBLBUBTBaBmBYBNBEA6A9AeAZATAGAKADAAAABCBGBWBUBdBnBhBUBOBPA8A3AfAWAVALAHACAC
4106902005052,A7BIBUBYBeBZBTBNBHA9A2AtAkAMAPAIADAAAAA9BABRBXBeBfBbBUBRBKA+BCAhAeATAPAMAAAA
4106902005053,AXAZAbBCCAB9BZA9A1A3AtA0AbAkAeASATAEACAjAYAbBQCMB9BWBAA6BIBDBEA2AwA1AqAqAWAK
4106902005054,BHBTBZBXBaBgBbBMBBA5A0ApAYAcANAKADABAABIBIBSBZBcBlBdBOBKBCA9AyAiAZAUAKAEACAA
4106902005055,BCBBBKBSBWBXBUBYBQBKA4AoAfASAOAEADACAAA+BABMBLBSBeBfBfBcBOBEA0AsAYAWAJAJAEAC
4107009001001,BNBUBoBgBSBLBIBIA/A/A4AzAnAhAcAIAKAFABBEBMBbBcBSBRBJBFBHA+A3AmAgAjARATAMAEAC
4107108001001,A9BKBXBXBQA/A/BMBOBEA6AvAqAjAZAeAIAFADA6A+BUBZBFBGBKBQBJBJA5A5AsAzAZAZALAGAC
4107124001001,BABZB+B1A0BGBMBSBEBIApAnApAeAWASAIAFADBLBeB8BbBLBCBIBCBCA/AiAtAlAPAbANAHAEAD
4107157001001,BVBOBoBzBXA9A9A/BGBKAtArA1AeAZANAMAAADBLBQBmBpBPBAA9BAA9BCA0AvArAcARARANACAC
4107207003001,BFBEBJBWBeBeBOBBBGBLA+AwAeATAUALAEAAAAA+A/BMBcBmBcBSBSBUBGBBAwAjAiAQAMAIAIAC
4107207003002,BOBRBdBhBcBTBNBLBIBFA0ArAiAbAVAGAFABAABFBJBaBdBYBQBPBNBJBCA3AuAbAYAZAHAOAGAC
4107256001001,BLBHBNBNBWBdBQBHBNBEA9AvAlAcAeASAJAEAEA8A/BSBXBRBNBPBTBKBHA+AmApAbAeATALADAC
4107306001001,A0A4BOBYBGBHA8BBBLBOBEA3AyApAdAWAQAFAFAxA8BCBTBKBAA+BIBZBZAzBJAzAvAkAZAMAJAF
4107405001001,BDBMBlBhBDBHA/BKBOBJBIA5AwAfAXAOAKACABAyBOBTBYBHA8BABEBMBQA4BAAkAlAaATAFAIAC
4107504001001,BABDBZBWBUBRBIBHBQBDBAAqApAaAeAPAJAFABA8BLBOBWBPBKBGBMBNBNA8A7ArAkAWAQAKAEAD
4107520001001,AzBGBJBCBDBBA9BNBUBSA9AuA1AvApAdAMAFAHAoA8BUBUA1BCBEBTBSBGA1A/BDAnAmAjANADAC
4107538001001,BJBABUBTBXBQBEBQBOBLA7A2AqAhAbAGACAAABAzBIBJBRBMBLBaBMBUBEA6AwAyAlAWAQAOAIAC
4107546001001,BRBZBpBgBABBA4BOBBA8BAAzAyAjAdATAFAIAABJBjBjBdBEA8A/BCA9A+AyAvAqAfAZAbAKABAC
4107553001001,A7BOBXBmBCBGBGBKBLBOA+AqAnARAgAeAEAEACBGBJBlBgBBA/BPBNBPBDBEAkAkArAXAOAGAEAG
4107603001001,BCBMBaBfBSBLBDBFBEBAAzAsAsAiAYARAIAGADBHBKBbBbBSBNBGBIBLBBA6AwApAiAeARAQADAD
4107652003001,BcBZBgBcBcBhBaBTBFA5AsAnASASAMADADAAAABXBPBiBYBaBnBXBWBHBCA1AfAbAQAMAEAEACAA
4107652003002,BRBNBfBkBjBZBNBIBCBEAwAzAZAUAKAHADAAAABKBQBhBiBgBXBYBKBNBHA0AtAhAMAPAIACABAC
4107652003003,BbBjBzBgBVBaBTBNBDA5AwAfAXAOANADAFACAABWBiBvBfBdBWBXBJBCA7AxAhAfAOAJAEACAEAB
4107652003004,BXBhBxBlBVBRBVBQBJA6AtAgASALAMAFABACABBXBeBsBkBXBZBZBQBOA5AxAfAYAQALAFADABAA
4107702001001,A6BBBWBtBIA/A+BGBSBIA4A0AnAjAfATAOAKACA0BJBUBaBIBIBBBPBQBGA6A2AwAkAVAQARAJAG
4107736001001,BOBUBoBqBPBQBMBQBFBCA8AtAdAbATAMAKABAABCBbBqBmBWA9BEBHBHA/A2AhAkAVATAUAGABAC
4107751001001,BDBJBgBfBEBCBFBLBBBDAzAzAoAeAkAPAOAIAEBDBJBdBdBMBDBHBQBGBEA3A5AyAqAUAQAHACAD
4107801001001,AuAzBFBUBXBHBEBFBOBGA6A/A2ApAdAaASAKAAAqArBFBbBHBCBDBOBUBOBEBCAtA4AhAjAKAGAD
4107850001001,A9BXBhBoA/A9BCBMBUBKBAA5AlAgAZAQAHADABA8BQBnBlBEBDBEBHBPBDAuAxAkAgAhALAIADAD
4107900001001,BABFBPBSBcBXBKBHBCBGA9A1AnAbAcAVAFAFABA5A+BFBYBZBSBVBEBQBLBCAyAoAkAYAQAKAEAC
4108007001001,BABNBhBYBWBRBLBPBNBIA9AuAhAjATAOAHABABBDBCBTBbBUBPBMBOBLBIA1AtAcAcAaAOAMAIAC
4108106001001,BOBFBOBWBSBEBOBCBTBMA+AtArAiAkAPAHAJAAA0BEBQBIBMBIBMBMBWBHBHAmAfAwAgAUAGAHAC
4108205001001,AyA4BPBWBHBEA9A/BUBVBAA+ArApAoAbARAGACArA1BABOBIA/BCBKBPBVBMA+AyAyAsARANAEAD
4108304003001,BbBbBsBpBRBIBOBIBEAyAoAfAcASAHAJAIADABBiBaBpBuBdBTBTBRBIBAAyAjAdAOARAGAFACAB
4108304003002,BZBfBvBlBaBIBJBGBHAzAsAqAXAXAGAMAEABABBTBXBgBnBgBaBUBJBKA9AwAtAhAQASAIAEACAA
4108304003003,BQBRBnBnBXBNBJBNA+A3AzAlAgASAIAIAEADABBUBVBoBkBeBTBYBRBGBDA1AyAWAZAOAJAKABAE
4108304003004,BMBWBjBfBRBSBNBIBDAxAjAxAfATANAQAFAFAABZBSBcBuBgBcBXBQBGA9A2AoAdAbATAKACACAC
4108304003005,BQBXBmBkBZBPBLBKBFA8AxAqAYAWAKAKADACABBNBTBiBjBYBYBWBSBQBFA3AqAcASAQAIAEACAA
4108304003006,BPBTBeBfBYBPBOBQBJA+AoAnAhANAKALAEABAABNBMBdBcBhBWBfBdBRBJAvAsAYAXANAMACAEAD
4108304003007,A+BHBTBYBWBRBLBIBCBDBMAgAcAYARAIAFABAABCBGBRBeBcBbBWBOBTBYBQArAiAeAQAJALADAB
4108304003008,BHBXBoBlBQBKBSBQBTA+A0AfAWAXARAGAGABAABTBQBhBkBZBRBXBdBRBBAzAiAjARAMAHADAAAB
4108304003009,BQBRBdBVBQBUBRBJBHBBA4AoAiAOAIAKAFADAABNBNBdBdBdBfBdBTBMBIA9AoAiAUANALAEADAA
4108304003010,BNBLBXBaBYBWBbBRBSBEAvAsAeAaANAFABABAABIBMBSBUBkBjBlBRBMBBAtAxAYATAQAOADABAC
4108304003011,BCBHBRBTBOBWBOBPBLBHA9AlAbAeAMAIADADACA/BFBSBWBZBhBhBYBTBNA6A0ApAXAOAPAJADAC
4108320001001,BFBPBTBpBBA7A6A6BQBDA5AwAzAvAgASANAOACBBBFBOBZBBA8A4BHBKBABFA/A1AqAqAMARAEAC
4108403003001,BVBNBnBZBfBWBUBJBCA4ArAfAbAaAXACAGAAAABDBNBhBhBXBcBTBKBMBBAwAzAgAhARATAFACAF
4108403003002,BZBPBcBhBqBfBUBGBKA8A0AaAaAPANANAEAAACBLBSBbBjBkBcBPBOBLBFAxAfAXAYARAIAFABAF
4108403003003,BQBTBhBiBiBXBOBJA+A9AuAnAiAXAFAHALACACBRBJBbBgBeBZBOBLBGBBA6AoAeAVATARAGAGAC
4108403003004,A2AzA9BSBeBbBSA/BFBLA0A5AnAWAOARAFACACAtA0A/BkByBlBSBNBUBZBEA4AoAhAfAPAJAIAC
4108403003005,A7A8BTBWBdBZBLBIBQBOBFA7AxAbAVARAJABAAA3BCBNBSBQBIBABGBOBIBHA2AuAcASAOAOAJAE
4108452001001,BOBkB1BrBHBJBBBFA6A+A0AhAnAbAVAIAFAEABBSBrBvBpBNBKBKBHBAA4A0AtAlARARALAJABAB
4108502001001,BRBsB9BlBVBIBHBGBCA8AsAnAcAXAPAKAGADABBQBhBxBlBRBGBMBKBBA3AuAjAiAWARAOAEAFAB
4108551001001,BBBMBQBZAyAyBBBLBSBMBNA3BHAjAdAXAQACAGA1BCBYBWA0A+A8BNBLBQBMAuBCAYAjAYAKACAA
4108601003001,BCBHBUBaBRBLBHBGBGBBAyArAoAfAcAOADAEAAA3BMBXBUBVBNBMBJBRBNA4A+ApAlAcAYAOAIAG
4108601003002,BCBIBUBWBNBNBBBKBHBHBAAqAiAlAWAOAKAFACBCBHBWBTBWBQBKBMBOBNA8A6AgAnARAWAMAIAC
4108650001001,BRBvB6BuBGBQBDA+BIBAA0AwAiAiASAJAHAAAEBQBfB2BhBKBNA+A+BAA+A4AjAXAYAOACAIACAC
4108700001001,AwA9BfB3BZA/BHBJA/BTA3A6AwAbAcAWAMAEADA9BDBmBbBBA8A/BJBOBBBBA2AiAhAVAZAQADAE
4108809003001,BNBOBgBVBPBHBJBGBEA8AyAvAmAdAVAbALAAACBXBSBcBWBSBMBMBMBKBAA3AwAgArAUALAGAFAC
4108809003002,BOBFBQBdBXBVA/A/BTBAAwAiAnAWAXASAJAGABBFBOBVBJBkBlBHBLBCBSA3AiAjAmAhAOAPAGAE
4108908001001,BSBEBVBcBVBVBLBABIBLA0AvAjAbAYAXAHADACBCBLBTBhBYBHBIBKBFBGA4AvAmAhAYAOAOAFAB
4108957001001,BEBJBlBkBcBXBEBHBNBLA1ArAeAiATAMAIAEAABPBMBmBtBMBGBDBMBFA9A4AnAlAUAXAKAHACAD
4109005001001,A/BFBbBgBWBLBHA/BPBIA3AwAqAhATAOANAEAABPA7BfBiBUBBBEBHBXBDAqBDAjAgAXAQAIAHAB
4109104001001,A2A7BsBpBdBGBEBNBGBEA0AvA1AaAVAVAQAKAEA8A6BRBiBHBOBIA8BLBJA6A2AhAUAcAlAPADAB
4109203001001,BAA8BYBhBaBIBCBGBKA+AvAzApAlAnAQAKACABA4BLBWBfBHBEBFBOBRBBBBApAwAmAkASATACAD
4109302001001,A+BOBeBoBFBEBCBEBGBCBAAxApAtAXAQAJAFABBABOBfBhBCBKBFBEBLBFA8A0AmAjAeASAJACAC
4109401003001,BRBVBmBlBSBOBMBKBJBBA2AjAdAbAOAMAGACADBJBbBkBqBPBPBIBNBLA9AtAtAgAZARAMALAAAD
4109401003002,BfBlBxBoBRBIBOBGBFA6AyAdAcAKAQAJADAAABBXBeBsBoBRBRBUBLBHBEAvAmAdAYANAHAAABAA
4109401003003,BPBVBiBjBZBQBPBGBEA7A6AYAfAWAQAFACACACBPBNBoBkBVBWBQBQBQBEA1AwAlAXARAIAHAAAB
4109401003004,BSBeB1BrBSBIBKBPBFA+AzAtAmAXAVAIACABACBUBdBuBhBKBIBLBFBFA7AwAnAZAZAUAHADAAAB
4109401003005,BHBGBQBaBWBXBPBBBEA/A2AqAqAYANALAGAAABBBBEBQBTBcBbBWBLBMBTBBA1AvASAfAXAHAEAC
4109401003006,BFBMBiBaBUBTBJBBBCBAA2AsAeAaARALAIABAEBDBGBYBSBSBPBSBLBPBMA9BAArAfAVAMANAFAF
4109401003007,BEBFBUBbBWBQBKBBBIBAA6ApAbAZARAKAHAAACBDBNBUBbBdBRBRBUBNBQBEAyAvAcASAMAOAGAD
4109401003008,BBBLBeBWBVBQBPBHBFA6A3AqAiAXAMAOAHADAABEBEBUBeBkBXBWBQBOBHA5A3AlAfAUAPAJADAD
4109401003009,BUBdBqBoBbBXBTBLBDA8A2AcAaARANADAFACACBKBaBoBeBUBUBOBNBJBDA0AoAhATALAKAFAEAA
4109500001001,BPBgB2BsBRBNBMBMBEA3A5ArAnAiAdALAKABACBMBYBsBXBHBMBQA5A5AyAwAkAgAaATAOAIAHAA
4109609003001,BGBGBXBXBLBEBCBABCBDBCA1AyAoAXAIACADAEBABDBUBcBBBGBMBKBNBQBDBKA3AhARAQAJAKAB
4109609003002,BSBgBsBjBIBJBJBIBCA9A0AyAmAZAXAMACAEADBRBZBlBbBMBMBOBEBAA+AqA8AhAcAUAJAFADAD
4109658001001,BTBeB5BqBFA/BOBPBIBGAqA8AcAhARAMAHADACBBBWBnBcBGBPBKBIA/A6A+AsAgAVAWAHAEAFAD
4109708003001,BLBRBbBcBQBSBOBEBGBDA2AuAiAhAXATAKADAABJBMBWBVBQBQBMBFBEBDA2A1AqAeARAVAIAGAC
4109757001001,BGBQBoB3BTA/BOBBBIBBAkA2AlAZAZAPAGADACBHBdBiBiBPBGBLBUBHA4AuAsAmAkARAPAHACAB
4109807003001,BHBOBSBTBQBOBQBIBFA9BGAnArAbAbASAEAEABBDBKBUBPBSBSBUBGBLA/A8A8AhAnAbATAJAEAD
4109807003002,BABDBTBWBUBOBOBHBHBDA0A1AmAaASANAJADACA+BHBQBYBTBXBaBNBPBLA9A5AoAcAYAWAHAGAC
4109906001001,A5BIBhBfBOBEBCBHBGBAA4A2A3AjAfAUAPAEACBCBCBVBQBKBABABLBRBAAzBCArArARAVATAHAF
4110003001001,BEBABdBiBgBKBMBOBGA+A/AsArAdAYAUADABAABBA8BJBgBUBIBSBOBUA9A4A4AoAjAcALAGADAC
4110052001001,BCBBBgBaBHBUA+BOBPBIA2ArArAsAmAbAGABAAA5BIBeBMBQBBBRA/BGA/BEAsA0AgAkAPAIAIAC
4110078001001,BSBcBwBjBLBLBKBRA+A7AsAyAmAeATALAJAHABBZBaBqBaBPBKBRBKA8A0AwAlAjAVAXAPAFABAD
4110102003001,BNBmBoBjBdBbBPBNBBA7A7AbAZAYANAFAJABABBPBbBdBcBVBYBTBABFBBA4AhAbAVAeAIAFAAAC
4110102003002,BBBXBjBgBTBSBUBNBOBAA6AoAoATAXALAHACAABMBbBeBgBLBNBTBPBCA5AvAoAlAXATAQACADAC
4110201001001,BgBkB1BwBKBGBNBMBEA6A2AnAfAVALAMAGADAABYBlByBkBJBDBPBIA9A0AtAkAaAZATAKAFADAB
4110300001001,A7BKBpBsBLA8BSBMBVA3A6AkAoAqAgATALAFAAA2A+BXBaBEBIBMBPBKBIBEAjAvAXAoAIATACAC
4110409001001,BKBDBTBZBWA/A/BHBEBIBDBAAxAhAgASAOAEABA6A8BMBIBFBCBHBOBVBGA+A4AzAfAbAVAQAKAE
4110508001001,BPBdBsBmBVBVBUBMBIA9AwAuAiAWAWAJAEADACBOBQBlBfBXBSBMBEA9A5AwAmAfAWANALAOACAB
4110607001001,A8BCBVBbBQBFBDBABEBEA/AvAvAcAkAcALAGACA4BDBTBUBKBCBGBDBPBFBPAwAwAjAfAfAOAHAD
4110656001001,BDBHBcBWBMA9BDBHBZBVA2AkAzAlAcAmAKAAAEAsBDBHBTBGA+BABaBYBVAzAwAtApAkATAFADAF
4110706003001,BBBIBZBdBUBMBOBOBTBKBHAxAxAaAQAVAFAIACBABDBZBZBHBDBDBLBMBCA8AsAtAdAaAUAIAAAA
4110706003002,BMBNBWBhBXBVBPBFBGA+A9AmAgASATAKAIAAAABFBMBVBgBaBSBWBKBNBHA8AuAqAXAWAPAMADAA
4110706003003,BDBIBWBWBTBWBNBJBFBBA0AxAmAYARAQAFABACBIBFBRBSBWBXBVBPBMBIA0A6ApAfAgAQAKAEAD
4110805001001,BFBZBrBiBCBKA9BGBGBLA2AtAqAkAhAMAUADAAA/BLBcBYBABDBIBGBLBDA6A1ApAlAYALALAEAF
4110904001001,BCBPBdBrBTBSA4BKBGBDA6AkAmAaAbAWANAFACBCA/BeBWBPBFBABMBEBJBKAsAkAfATAZAUAEAE
4110953001001,BBBMBjBiBbBRBOBPBIBFAuAsAvAaATAJAIABACA5BLBXBcBUBUBMBSBKA+AyAuAnAWAaAWAHAGAB
4111001001001,A+BJBgBWBKBHBNBGBHBGBCAwApAfAeAUAJAFADA/BEBTBSBLBIBLBCBLBCBEA0AjAoAkARAQAHAC
4111100001001,A9BBBOBlBIBPBJBHBNBCAwA7A3AXAWAWAHAIAABCBDBGBSBSBXBOBRBSBDA4A8AvAhAXAPALAGAE
4111209001001,A+BIBaBaBNBKBGBGBHBJA8A1AsAhAeAQAHAGAABBBFBTBcBNBHBFBFBNBKA9A6AkAmAZARAOAEAB
4111258001001,BbBjBwBmBgBYBVBKBGAzAjAjAbAPAHAKAGABAABXBkBqBqBeBYBYBOBCAzAjAgATAWAJAIAEACAC
4111308001001,BTBVBiBkBLBJBFBEA9A5A0AvAmAuAcAVAFAGACBDBJBTBYBOBGA+BLBEBDAvAwAsAiAjAWANAHAC
4111407001001,BSBZBqBeBXBZBTBUBIA7AvAsAiAcAOARAIAEABBMBaBhBWBPBQBHBCA4A7AzAkAkAYAbANAHADAC
4111506003001,A5BCBRBcBFBJBCBBBHBLA7AyArAjAeAKAPALAEA3BJBOBXBLBMBJBPBMBLBNAuA2AlAeAWAHAGAD
4111506003002,BCBBBRBZBHBIBCBDBJBGA7A1AqAjAdARAIAGABA9BGBMBZBHBTBLBLBOBFBBA+AuAjAeAVAQAIAC
4111555001001,BJBIBUBVBYBVBSBKBTBDA+AnAbAhAYAOAPADAEBEBGBMBVBSBMBNBMBJBHA9AqAnAdAXAWAHACAG
4111605001001,AyA0BWCiBKA5A2A+BCA6AvA6AzAVAVANAQAEACAjAyBfC+ByA8A8A6BEBGA+AyAhAXAeAaAMAEAE
4111704001001,BABLBeBPBBBMBTBRBLBKA6A4AnAjAVAUAJAHADA6BOBZBWA8BLBNBSBHBCA3A1ArAbAiAUAHABAD
4111803003001,BJBUBgBgBYBPBLBKBBBDA0AwAiAaATAMAKADACBGBVBZBbBUBQBLBFBHBAA7AwAkAcAWAGAJAGAC
4111803003002,BCBFBSBZBYBUBDBCBDBBA4AtArAWAXALAMAFACA9BABQBWBbBPBRBPBJBJA7A5AtAlAcASAOAFAH
4111902001001,A9BIBXBYBXBTBOBHBMBDA7AtAkAeAcAOALAGACA6BBBOBSBZBTBMBMBNBIA7AuAoAZAbAUAQAFAJ
4112009003001,BXBbBtBdBQBUBRBMBCA4A6AdAfAaAQAJAEABABBcBXBpBhBSBcBVBKBBA3A2AkATAUAPAQAEACAA
4112009003002,BQBQBWBgBWBUBQBHBCBDApA3AeAPANATAFAAAABFBNBaBaBcBXBTBSBIBJA1AxAmAeARAMAEAIAB
4112108001001,A3BEBPBbBPBMBHBBBMBEA6AyAoAjAdARAMAFABA7A+BLBTBNBIBMBOBQBKBHAzAtAqAiAaALACAF
4112207001001,A8BIBYBgBKA7A7BFBDBOBEAxAtAtAaAXAQAGACAxBABSBZBGBHA8BMBKBGBKA2AzAnAfAXAIALAD
4112306001001,BNBVBdBZBOBMBJBEBBBGA+A4A0AgAXARAOAAAFA9BTBXBQBHBCBCBCBEBCA+AyAtAgAVAaALADAB
4112405001001,A7A+BSBbBTBKBJBJBJBPA9A7AwAhASAUATAFAAA5A8BGBHBKBGBHBIBUBMBDA7AxAiAfAaAIAIAC
4112504001001,BBBPBXBgBJA/BDBEBOBEA4A9AwAlAaAeAMAEAAA5BGBSBXBBBDBCBKBJBFBCA2AuAnAYAXAMAHAD
4112603001001,BPA9BlBqBIA0BLBBBZBOA6AkAPAtAVARAJADAJBCBBBYBhBDBYBIBUBbBOA3AjAcAfAcAUAOAAAA
4112702001001,BGBSBkBfBVBSBHBEBCA9A0ArAiAgAaALAGAEAABLBSBaBZBOBUBLBFBIBDA2A0AkAiATALALAHAF
4112751001001,A5A7BOBTBBBAA5BKBRBMBHAtArAuAlAbAUAGAEA7A8BKBNA9BCBJBSBOBLBEA4A0AyAmATAIAKAC
4112801001001,A9BJBUBYBWBUBLBDBCBDA+AuArAjAWAXAGAGAABDBCBPBSBbBNBNBGBHBFA7AxAoAoAZAXARAFAC
4112900001001,BFBbBYBbBIA0A/A+BIBMBDBDAqAlAZAXAGAEAGA2BHBjBSBDA8BDBCBYBCBTAcAxAfAgATAPAKAC
4112959001001,A1BOBfBeBKBLBKBIBRBMA9AwAgAdAbARAHAEABA6BPBRBOBPBPBOBTBSBPA9AtAqAcAbAMAJABAC
4113007001001,BDBMBMBXBVBHBTBLBLBEA4AmAjAkAYARAIAEAEBBBMBUBdBNBQBHBQBUBFA5ArAsAfAdAQAHAEAD
4113106001001,A4A3BOBaBMA/A/BEBHBRA7BBArA1AfAiAVAJAAAvA0BDBSBAA8BABJBZBIA+A8A2ApAdAbAZAMAF
4113205003001,BFBMBgBWBQBTBOBQBNBEBBAuApAcAVANAFAAAABFBTBUBQBSBSBQBIBFBHA6AvAYAlAZASAEACAB
4113205003002,BJBSBfBeBZBVBNBLBIA/AyAxAhAbARAKAIAFAABFBOBbBWBRBRBSBLBEBBAwA0AmAcAXATAIADAB
4113254001001,BLBuCDB6BOBDBLBDA6BCAlAsAdAWAXAGAHABACBZBuB4BqBLBOBEA7A5A3AqAmAcAbAOAGAFACAC
4113304003001,A9BEBTBbBOBIBJBHBGBAA5AwAbAiAXAPADADAAA9BLBTBlBcBXBSBNBPBGBGAvArAcAbAVAKAHAB
4113304003002,BUBgBtBpBRBMBFBABDA3A9AgAeATAXARAGAFADBFBYBwBkBPBKBIBGBAA9AtAyAlAfAUATAFACAB
4113403001001,A6A/BSBQBUBUBDA3BJBBBGA4AyAqAaAPAJAJAEA4BFBWBbBKBDBPBJBDBFA7BLAxAZASAaAGAJAJ
4113429001001,A/BABDBZA+A7A/A8BfBHA/A6AvAzAcAdAKAHABA4A/BJBcBBA8A6BSBVBEBCBAAqA8AgARAWAGAC
4113452001001,BFBXBsBsBEA/A7BHBJBGA6A3A3AoARATALAFAGBBA/BaBYA/A3BIBLBMBBA+A6AtAgAXAPAFADAD
4113502001001,BDBJBYBZBZBOBMBMBJA+A+AhAdAdAeARAHAEAEA9BEBQBWBUBVBLBSBMBHA5A2AmAnAbAOAGAIAE
4113601001001,A9BJBgBXBQBVBUBMBNBNA1A4AdAZAXANAJAEAGA/A9BIBOBIBUBMBUBRBYA5AyAaAnAbATACAEAB
4113700005001,AoAnAyBEBhBdBJA4A5A8A3A5AwAlAcAWAPAEAEArAoAyBJBxBlBSBABHBQBIBNA8AwAvAkAXAMAG
4113700005002,BCBJBeBfBiBiBYBIBKBJA6AyAuAhAcARAJACADBCBHBRBYBLBDBBBDBCBAAxAzAmAZAZAPAHADAB
4113700005003,BGBHBWBSBSBRBOBHBIBAAzAvAoAdANAOAHAEAABBBHBQBSBRBWBWBOBPBIBFAzArAeAgAPANAGAB
4113700005004,BKBOBZBVBTBWBTBLBGA+A2AqAeAaAQAKAFACABBEBIBVBWBWBbBXBMBQBHA+AzAnAdATAOAIADAB
4113700005005,BABDBQBTBaBSBOBGBFBAA1AxAdAdAbANAGACABA7BDBNBTBbBWBXBNBPBLA+A6ApAmAhALAOAEAC
4113700005006,BNBMBVBWBaBSBOBGBFBEA9AmAiAZAPAFAIADACBEBFBUBXBZBYBTBNBSBMA9AyAnAZAUAQAKAFAB
4113734001001,BPBRBhBiBWBRBNBHBHBCA0ArAgAgAXASAKACAEBHBTBaBaBYBLBFBHBJBEA8AkAqAWAPALAEAFAF
4113759001001,BCA/BaBSBFA8A+A+BOBMBFA2AsAuAiAZADAEABA8BPBXBRBCBEBBBOBOBMBQAnAzAlAjAPAHAFAC
4113809001001,A0BJBMBbBSBABEBEBXBEA8AtAtAdAcAXAQAGAEA7BLBcBSBHBIBGBIBZBNA0AqAuAmAfAQAUAGAG
4113908001001,A9BKBXBiBWBVBSBIBNBPA9A2AqAbAVARAIACABA+BOBRBbBMBMBEBEBDA9A2AxAqAZAbAaALAGAB
4114005001001,BJBJBYBfBYBFBDBFBJBHA4A5AmAaAWAPAMABACBABFBbBRBNBMBLBLBOBLBDAwArAjATAPAMADAC
4114104001001,BFBKBTBdBZBRBPBLBKBHAvAzAmAWAYARAHACACA+BGBXBYBWBOBMBMBQBGA2AyApAdAaALANAEAD
4114203003001,BFBEBRBXBVBUBSBJBNBEAyA3AaAfARASAJACAGA/BBBTBOBZBZBTBVBKBIA4A2AnAhAQASAAAJAE
4114203003002,A0A/BVBRBTBMBIBDBJBEA+A1AtAhAVAWAMAEAFA1BBBLBUBQBJBFBOBMBMBHA2AtAqAfAcAOAHAB
4114302001001,BMBaBqBfBUBJBJBMBHBAA+AqAlAeAPAMAIADABBTBUBgBZBPBMBLBDBLA8A3AoAjAXAVAJAIAFAB
4114351001001,BXBaB4B2BBBLBBBJBFBVAzA3AqAkAaANAEACAAAzBTBbBZBEBBBFA+A/A+AvA9AlAaAmAHAHAAAA
4114401001001,BOBUBwBoBSBJBJBFBDA9AzAkAeAgAWAKAFABACBQBXBpBrBVBOBNBIBDA+AyAqAhAZAQAPAGACAC
4114500001001,BSBXBdBcBVBKBHBIBDA7A6AnAoAfAQARAFADACBGBTBhBeBTBQBIBHBBA+A3AsAoAfATAQAMAHAG
4114609003001,BDBMBYBfBbBZBOBVBLBAAzAmAkAXAPAKAHACABBMBKBXBbBYBZBVBVBIBGAxAsAhAZARASACAAAD
4114609003002,A3A7BKBVBaBOBKBFBKBJA+AuAxAYAgASAEADAAAzA9BMBWBXBRBLBNBUBMBIAyAxAnAhASALAFAB
4114708001001,AwA+BcBXBRBKBKBHBXBIA5AxAvAfAnANAKAIAEA3BDBRBbBGBCBMBMBWA/A+AyAxAYAnAWAHAHAE
4114807003001,A6BLBaBUBUBVBLBRBQA/A7AxAqAfAaAKALAEABBCBABLBWBWBPBRBOBNBDA/AxAuAWAUAJAKAIAC
4114807003002,BBBCBPBSBZBWBHBEBJBAA0A5AnAfAVARAHAEAAA0BCBFBRBaBUBMBRBMBGBFA5A0AkAfARAQAFAA
4114906001001,BDBOBfBYBTBOBIBIBNBGA6AyAoAdAeAQAHAEABBDBOBSBZBQBNBNBDBKBCA9ApAhAhAeAKAKADAG
4115002001001,BDBJBqBoBMBPBGBCBKBJA1ArAxAfAZAVAOAEADBBBFBTBaBLBHBFBJBKBAA7ApApAnAXATAHAEAC
4115101001001,BIBWBeBgBWBGBFBJBHBFA0AfAjAjAYARANACADBEBUBhBiBJBHBFBJBLA8AxAvAkAhAbAQAKAKAC
4115200004001,BFBIBXBVBWBOBVBNBTBFBAAsAqAbATAPAGAEAAA9BCBQBOBUBTBQBTBOBJBBAtAjAbAdAJAFACAC
4115200004002,AlAiAqBlC/BtBBAyAxA5AzA3AiAWAWAPAJACACAcAhAsBwC/BlBFA6BCBLBKA4AtAgAYAUAOAIAD
4115200004003,A4A5BEBMBbBQBGBDBIBAA7AvAvAlAjALAMABACA1A1BBBOBcBRBIBKBVBRBLA9A4AtAhAQAUACAG
4115200004004,A3A7BFBTBiBbBJBHBOBMA9AoAkAaAZAIAIADAAAvAzBDBLBeBbBXBaBgBQBFA3ArAiAfAWAFADAA
4115200004005,BDA/BNBTBeBgBSBEBGA9A6AuAgAdAMALAJABABA8BABJBZBiBeBSBHBNBPBLA5AzAUAYAKAHADAG
4115200004006,A8BFBPBXBTBTBRBSBTBBA5AnAeAZAaAIADACABA/BDBNBUBVBdBZBZBbBMA9A0ApAbAXAJAJACAA
4115200004007,AsAnAsBCBcBKA2AxA4BJBTA/A7AgAmANAPADAAAmAlAxBTBqBWBEA+BRBeBaBYA/A8AnAjALANAB
4115200004008,BABGBPBVBdBSBGBFBHBFBEAlAmAiALAPAFAEAABABABIBVBfBVBNBQBZBPA+A2AlAVAnALAPABAI
4115200004009,AyAxBBBTBhBYBGA9BCBEA1A0AoAoAfAQAMAIAAAwAxA+BIBeBYBLBGBSBRBJA8A6AuAkAfATAGAC
4115200004010,A5BBBNBRBbBaBNBGBJBCA+A6AmAXARAPANACAAA5AzBIBQBdBVBRBPBRBJBOA+AyAiAXARAFACAB
4115200004011,BLBHBRBZBfBcBWBLBLBGApA4AdARANAPADABAAA/BABNBWBdBZBSBVBWBLBBArAnAdARAMAIACAB
4115200004012,AxArA5BJBdBSBGA5A+BKA/A2AkAiAaAZALAGACAsAwA+BLBdBYBMBNBZBZBNBEA9AqAgAZASAJAK
4115200004013,A6BGBGBMBrB0BhBfBOBGAwAzAnAXAOAOAHAAABA8A8BFBSBYBUBVBLBLBHA1A4AiAZAUAUAIABAA
4115200004014,BIBJBXBeBfBXBSBLBKBDAsAqAhARAKAJADAEAABCBHBVBcBfBWBWBYBVBHA6AzAcAdAPANAFADAC
4115200004015,A9A2BABLBqBiBXBNBOBCA5AfAPAUAWAMACACACAyA2A/BRB5BsBqBXBVBUBJAlAiAnANAXAJADAA
4115200004016,AvA0A9BMBZBUBMBCBFBHA5AzArAbATAXAHACAEA0A2A6BHBdBeBUBSBWBTBEBIBDAhAaAkAJAGAC
4115200004017,A7BEBNBTBZBWBTBOBPBEA9AmAkAYASAJAKACAABKBDBNBQBYBhBXBQBXBGBKArApAeASANAFABAC
4115200004018,BMBPBRBJBTBSBqBuBSA9A7AbAcAYAHAIADAAAABSBEBIBABQBwB1BiBWBAA9AiAXAUAOALAAADAB
4115200004019,A+A8BLBMBOBQBMBJBLBOBFAmAlAdAZAKALADAHA5A8BBBIBVBVBbBPBSBRBQAtAvAmAbAPALANAE
4115200004020,A0A6BJBNBYBUBKA/BJBLA5A4AnAdAZASAJAEADAyA2BHBQBZBYBLBOBWBRBVAxAkAxAeARARAIAB
4115309001001,A9BHBYBlBTBJA2BCBKBLBJA1AqAeAQAWAIAEABBBBIBQBfBLBNBBBDBHBOBKAvApAqAXAXAIACAB
4115358001001,A+A8BKBNBcBDBLBLBRBIA9AzAtAlAhAXAJACABAnBABSBSBHBCBGBOBOBNA8AzA8AtAqAQANAGAA
4115408001001,BFBJBcBgBSBJA/BBBJBGA+AwAwAdAYANAIAFAAA+BQBmBbBOBKBCBGBMBEBCAvAnAhAYAQAKADAD
4115457001001,BRBrB1BqBNA7BHBOBKA6BAAqAsAfASAIAHACADBHBSBqBgBDBBBFBFBABAA/AlAhAYAUAMAFAEAB
4115507001001,A3BCBWBdBZBQBNA9BABLBHAoAhAkAeAWALADAAA3A9BQBhBZBEBFBBBJBDBHA2AvAlAaARATAKAD
4115606001001,BHBNBeBcBTBSBIBIBIBEA6ArAmAYAUAPAJACABBHBLBYBeBTBPBSBLBJBCA4AwAiAgAWAOAMADAC
4115705003001,BCBLBdBSBLBIBHBHBMA/A/AsAsAYAQAHASACABBFBSBfBeBMBNBQBNBOBDBGA5AqAeARANAGAHAA
4115705003002,BOBBBsBgA7BKA6BDBEBGA3A2AlAnAcAPAMABABA/A1BXBaBRA1BOBCBcBLBDA4A4AoAgAJANAEAD
4115739001001,BNBDBpBtBHBOBPBGBGBMBMA1AoAeAYAUAIAJACA8BVBTBoBBA8BABLBCBBA7AzAcAeAMAOAKAFAE
4115754001001,BaBWBuBmBaBcBSBJBIA5AxAfAVAbANANAFAEACBXBWBkBmBRBVBVBHBHA3ApAkAaAZAQAIAEABAA
4115804003001,BFBLBXBfBgBSBNBLBMBEA1AxAnAWATALAGACAABIBKBTBXBUBTBNBKBQBEA3A1AfAcARAVAJADAC
4115804003002,BGBDBRBhBhBUBOBKBMBFA2AnAiAVASAIACADAAA+BBBTBdBjBYBOBTBRBMA4AxAlAZAbAQAKACAA
4115853001001,BCBEBXBWBDBNBCBQBYBIBAAjAqArAUASALAGAFA+BABVBTBJBGBMBWBOA8A7A1AmAjAcAaAOAGAE
4115903001001,BLBMBRB7BaA3BPA4BWBLAoAvAgAkAbAPASAEACBKBOBRBlBMBOBBBEBQA8AuAyAdArAXANANADAD
4116000001001,A5A+BFBbBJBcA7BABLA3BLA7AuAsAYAbALADADAqBDBRBKBKBSBGBIBLAxBCBABIAtAfAcAKAFAD
4116059001001,A6BEBRBfBJBBBABJBTBJBAA6A3ApAdAQAHADAAA8A9BSBUBIA+BJBLBPBHA5A/AtAzAYAUAKAEAC
4116109001001,A8BGBcBZBOA/A8BFBKBLBIAuAdAsAiAcAKAFAFBABFBVBQBIBABCBCBPBQBAA4AoAhAhAXARADAD
4116208001001,BFBRBhBiBMBCBNBLBGBAA0A0AqAgAfAOALADABBKBQBiBWBKBGBLBFBBA4A8AyAvAeARAQAMAGAF
4116307001001,A0BBBRBdBaA/A4BEBQBQA4A5ApAyAgAQAPAEACA1BABYBeBGA/A6BPBOBMA6AnAwAuAeAXAVAIAF
4116406001001,AwBKBcBdBaBOBDBHBQBaA9AzAkAaATAXAMAGAAA2A5BWBeBHA/BLBHBJBZA+AzAjAkAdAOALAJAD
4116505001001,BNA8BRB8BYBUBKBOBGBLA+AaAkARAkAHAAAHAABUBKBbBgBNBOBQBLBQA4A/AlApAWAXADAJADAE
4116604001001,A9BMBiBbBXBOBUBGBIBDBDArAjAeAbARAIADACBNBOBPBXBPBHBCBGBQBHA3ArAkApAaAEAOACAD
4116703001001,A0BFBSBZBKBJBHBHBOBJA5A2AsAeAgAZAIACABA+BDBLBdBLBDBLBQBTBFA+A9AvAnAkANAIAFAA
4116802001001,BABMBrBtBDA9A8BCBLBKBCAwArAmAZAKALAJACBCBJBhBnA9BBA9BSBJBJA5AyAoAcAcAQAHADAC
4116901003001,A8BFBUBWBSBIBIBLBMBJAuA5AlAgATAVAMADACA3BGBQBTBQBMBOBNBQBGA6A8AsAhAgAaAMAGAD
4116950001001,BABTB3ByA7BSArBGBVBLBFA5AoAeAZASABAFABBDBIBeBZBLBJBRBAA3BKA/AuAnAcAVAMAEABAB
4117008001001,BBBIBgBXBOBBBOBHBHBFA3A3AnAgAeASAHABABBIA/BbBaBJBKBMBMBDBCBKApApAqAbASANAEAC
4117057001001,BUBjBwBqBMBCA6A/BGA/A0A1AkAeAZANAEADACBXBgBzBoBFBFBAA9BAA4AsA0AfAbAZAKAGABAF
4117107001001,BCBIBcBcBVBMBGBIBKBAAxAyAeAeAYAUAIAGACA9BJBYBhBRBMBPBPBLBHAzA2ApAhAVAQAKAGAF
4117206001001,A3BGBCBWBIBIBUBIBIBABAAqAsAeAdAgAQAGAEA/A6BVBUBNBLBPBNBMBAA3BAAsAuAfAeAFAGAC
4117214001001,BIBHBcBiBIBEA1BCBOBFAzApAmAmAlAPAGADAEA/BRBZBoBDBHA9BHBZBAA0A2AuAtAaAZAMAFAF
4117222001001,BABDBRBZBTBEBHBHBSBDA9AvAoAqAbAZAGAEAAA2A7BRBRBMBLBGBKBMBHA/A1AwAmAoAWAPAJAD
4117255001001,BCBOBgBhBUBFBIBNBMBDA5ArA2AZAQAOAKAEABA9BLBZBbBQBPBCBNBJBDA8AsAvAeAWASAIAEAD
4117271001001,BMBQBqBnBBA7BDBDBKBDAzBEAsAsAWAYALACACA8BFBmBcBFA8BHBFBDBEA9A2AkAjAUAUAHAHAB
4117297001001,A6BLBVBaBUBGBJBGBOBWBCA7AjAkAhAaAUAHAAAtAyBNBcA+BFA+BHBOBMA6A0ArAwAfARAOAFAA
4117305001001,BTBbBmBhBIBPBMBGBBA/A2AxAxAcAYAUAHAEAABMBUBnBdBLBGBIBHA+A7AyArApAcAQAMAGAFAA
4117404001001,AyBJBOBgBjBJA0BMBHBaArAyA6AgAaAXAJADAHA1A9BBBbBHBHBUBABPBIA4A6AqAsAcAYAOAKAD
4117453001001,BDBJBaBgBSBOBLBMBKBCA9AnAqAiAdARAHACAAA7BHBUBgBNBOBJBRBEBDA1AyApAaAcAUAPAEAC
4117503003001,BBBKBbBkBeBXBNBRBGA+AvArAeAbATAKANAEAEA+BNBXBaBVBYBPBLBKBBArA7ApAeARANAEADAH
4117503003002,BHBLBWBZBYBaBTBQBMBBAuAwAoARARAIAGACACBGBFBUBcBbBWBSBZBNBHA3AyAeAbASAMAEAFAC
4117602003001,BpBxB6BsBYBTBNBCA7AzArAbAWAWALAEABAAAFBoBrCCBlBTBRBIBIA7AxAxAcASAQANAEAFAEAA
4117602003002,BXBhBoBfBXBUBNBGBCA4AtAhAcAWAMAHAEAAABBZBbBjBgBYBYBXBPBEA7AsAqAaAWAVANAFAGAA
4117701003001,BPBJBdBgBdBSBEBJBIA/A0AhAcASAVAQAAAGAABDBLBZBnBXBTBLBMBQBHA3AwAtAaAYALAOAEAC
4117701003002,BMBQBhBcBVBaBQBLBHBEA4AxAbAgARARAFADABBIBTBbBXBNBTBOBHBFA/A7AmAmAZASAOAKAAAB
4117800001001,BQBlBsBsBJBGBCBJBBA7AtAuAuAaAOANAKADAEBJBiBqBZBKBJBHBKA+A7AtA3AfAaAVAQAEAGAF
4117909003001,BHBDBKBWBeBWBNBMBGBDA5AvArAXAaAJABAFAAA1BBBKBeBgBaBRBMBEBKA3A5A7AZAdAMAMABAC
4117909003002,BEBGBVBeBSBOBJBJBNA+AvAyAnAjALATAKACAABEBLBQBaBRBQBPBOBTBLA5A0AlAfAcAPAPAAAB
4118006001001,BEBGBQBeBhBWBNBMBMA+A3ArAjAXAVAPAKAEABBIBGBQBaBUBRBIBTBOBCAzA1AmAcAVAUAIAIAE
4118105001001,BQBRBbBUBZBUBOBJBPBCAxAnAjATAUANAKAHABBPBGBaBcBUBYBMBKBMBBAuAqAoAYAZAPAJAEAD
4118204003001,BgBoBvBhBVBQBKBNBGA/AtAsAdAXANAIAAADAABSBiBsBcBRBOBPBGBFA7A2AfAYATAPAMAFACAA
4118204003002,BUBcBrBeBQBSBOBRBJBHAtAmAVAOAKAGABADAABOBXBpBdBVBdBeBVBNBHA6AcAWATAMAHACACAC
4118204003003,BQBhBqBfBUBVBOBPBHA/AmAmAeARAPALAEACABBVBZBhBeBVBXBQBLBJBAA1AlAeAXATAGAEAEAB
4118204003004,BRBWBoBgBXBTBJBJBJBBAqAyAXAQAVAJABACAABRBdBjBkBQBQBQBLBIBCAyArAjAZAOAOAEAAAA
4118204003005,A+BGBTBWBTBTBJBGBFBHA8AuAkAaAWAPAIACACA9BHBTBVBVBVBMBKBLBMA3A/AnAkAbASANALAC
4118204003006,BBBEBSBTBKBOBIBFBEBCA8AvAhAeAhARACAFAAA7A+BRBSBQBTBLBIBSBPBDA1A0AqAUAXAWAKAE
4118204003007,BaBhBtBcBbBNBHBYA8BEA4AlAaARANAGABAAABBVBaBqBaBbBdBTBEBKA7A0AjAeATAJAJAEADAC
4118303001001,BKBIBaBtBVBUBFBMBVBAA+AbAeAbAKAGAQAFAABOBMBXBkBXBTBXBJBDBHBAAeAbAfAUALAPACAA
4118402003001,BCBGBRBXBQBNBABMBIBDA0AvAmAZAWAJAQADADBCBDBSBVBTBUBRBIBOBKA/BAAtAjAaAfAHADAA
4118402003002,A0A5BIBPBTBJA8A/BHBAA5A5AhAjAaAcANAGAFAzA9BLBMBTBTBGBEBTBTBQA0AyA3AmAcAJARAD
4118402003003,A+BEBPBQBPBOBJBKBHBAA8AsAnAdAVAIALAIAABCBABHBWBSBTBWBTBPBOBBA5AqAfAgAPALAOAG
4118402003004,BOBLBgBaBTBRBOBFBJA7AvAoAdAkALATAFADADBEBQBaBeBUBQBPBUBLBKA5AoAnAcAYAQAKADAC
4118402003005,BDBFBRBbBTBMBJBJBMBGA7AuAkAXAdARAIADAAA7BBBOBUBVBPBJBMBVBOBDAuApApAXAQAQACAG
4118451001001,BEBEBUBUBTBQBGBKBJBEBAAmAtAqAcAKADAAAABJBFBMBQBTBPBMBQBLBGBBArArAlAbAQAUAGAC
4118501003001,BPBZBnBfBXBUBNBMBBA4AvAkARATAOANAEAFABBOBYBkBmBbBWBQBLBLBFAuAuAbAfAUALAFAAAC
4118501003002,AwArBEBZBhBWBHA/BDBEA7A1AiAUANARAHAJADAxA1BDBcB5BoBPBQBPBVBTAyAyAfAfAOAFAIAC
4118501003003,BQBMBXBeBcBVBPBJBIBAA8AuAeAYATAIAGACAABHBKBVBXBYBVBTBNBQBEBBArApAZAPAMADADAA
4118501003004,BIBFBXBmBcBWBJBGBFA8A5AsAlAZALALACABABBHBFBSBXBeBeBPBIBNBPA5A6AeAcATATAIAGAF
4118600001001,BNBQBcBeBNBOBTBLBWBBA2A0AwAaAZANAGABAABBBPBLBYBMBDBLBIBEBAAyAwAvAdAZATAPAEAD
4118709001001,BDBNBWBhBTBXBSBOBKBEA+BFAsAhAWAMAFAFABA1BIBYBVBMBKBJA+BEA8A6AqArAeAbAPAOAFAD
4118808001001,BCBPBbBgBRBHBHBKBHBCBCAnApAZAaAIAOABACA6BGBWBYBNBTBHBMBKBFA9A2ApArAbASAKAFAB
4118857001001,A4BLBTBaBWBDBHBOBUBBA9AjAsAjAcAYAJAGADA8BHBPBUBIBRBEBRBSBHAyA8AiAmAfASAKAFAF
4118907001001,A/A9BEBMBYBWBIBDBFA9BGAsAnAiATAjAQAJADA0A+BFBYBQBOBNBLBIBGBKA1A2AkAiAYAOAIAC
4119004001001,A2BLBgBiBGBCA0A8BFBZBMA7AxAlAbAQAHABAEA5BEBbBPBGA/A6BEBQBQBSAuA0AfAeASAMAJAC
4119103001001,BIBVBfBdBSBgBdBSBJA7AyA4AlASAOALAHABAABJBTBlBaBQBYBUBKBDA2AsAtAbAdAMANAJACAA
4119152003001,BSBHBXBTBWBeBVBPBIA6AsArAbAPAMAMAAAAAABPBOBWBcBdBlBjBRBKBDA3AzAwAVALABAHAFAA
4119152003002,BJBUBVBZBWBWBdBRBCA5A4AiAeAVAJAJAKAAACBNBTBUBXBjBhBfBSBOA/AyAzAdAWAPAHAFADAD
4119152003003,BJBVBgBcBaBYBVBVBCA8AwAlAXAVALAFACABAABLBVBfBaBbBbBfBTBKBCA2AvAjAQARANADABAB
4119152003004,BNBHBXBWBRBXBYBSBPA8A6AiAeAWALAGAEABAABEBHBSBWBVBaBhBZBSBKA4AyAkAdASAMAHADAC
4119152003005,BLBPBXBcBdBdBZBVBLBAAvApAZAVANAFAFAAABBGBNBYBXBbBcBcBUBLBBA5ApAiAUARAKAGABAB
4119202001001,A6BNBaBaBVBOBMBEBABKBHAyAoAkAUAXAKAEAFA4BOBUBUBPBNA/BBBMBCBHArAtAfAYAVAPADAA
4119251001001,BRBuBnBjBDBFA2BGBIBIBLA2AgAoATALAPAAAAA0BSBoBgA7BCA3BLA+BRA+AtAaAsAVAMALACAE
4119301001001,BPBlCCBpBRBIBFBGA+A5AyAmAiATARALAFAFABBRBlB2BpBOBMBKBGBAA7AyAmAaAWAQAKAEADAC
4119400001001,BQBaBcBbBUBOBNBJBCA8AyAoAjAcAWAKAJAEADBPBUBeBbBSBPBLBJBCBBAvAxAeAjAaANAOAEAC
4119509003001,BkBiBvBiBdBWBYBLBJA0AmAmAMASAMAJADAAAABaBhBhBeBfBhBVBNBGA3AwAeAWASAGAKAFAAAA
4119509003002,BTBbBsBgBaBVBLBSBMA4AnArAaAaANAHAEAEAABTBUBgBdBUBZBQBKBIBAAwAsAbAVAMAJAFAHAB
4119509003003,BfBnBwBkBQBTBUBPBHA3AsAeAXAQAJAFADACABBeBkBsBjBYBYBYBOBFA4A0AYAaANAJAJADAAAB
4119509003004,BIBQBbBaByCPB+BkBNA/ArAjAVARANAEACABABBGBJBWBUBWBTBPBJBCA3AmApAZAQAKAHAMAEAB
4119608003001,BABNBWBgBPBMBOBIBKBAAvA5AlAYAbANAKAFABA9BNBaBcBSBTBNBLBKBKBGAiArAfAZANAJABAC
4119608003002,BIBTBvBrBLBHBKBHBKA/A3AmApAbAOALAMAFABBHBUBoBgBJBOBNBOBFBAAzAtAhAaASAJAOADAC
4119657001001,BDBIBmBYBUBNBNBJBSBBA5AwAuAqATAOAGADAAA5BQBZBWBJBBBPBSBOBAA/AqAiAZANAVAOAFAF
4119707001001,BCBPBSBkBaBIBABNBFBIA2ApA0AOAkAWARABADA+BMBVBZBZBABEBEBTBFA3ApAqAdAYAVANAEAF
4119806001001,A4BDBSBiBLBGBEBHBNBOBFAwA2AjAaARAJACADA9BBBNBYBDBDA/BHBKBRBCA7A1AdAjASAPAFAE
4119905004001,BYBcBjBlBZBVBVBIA9A4ApAuAXAWAIAJACABAABSBaBlBiBXBUBYBOBEBBA2AmAcATAKAPAGAEAC
4119905004002,BUBgBqBgBXBaBVBJBCA5AzAbAdANALAIAEABAABZBhBoBlBYBWBdBLBGA7AtAoAdAOALAJAGAAAB
4119905004003,AlAoA1BIBeBOBEA4A2A+A9AxAvAUAfAnALAHAHAoAmA2BMBlBXBOBDBHBTBOBBA9A6A8AnAcAWAG
4119905004004,BcBdB1BmBYBUBOBHA/A2AnAuAfARAKAIAFACAABbBeBoBfBUBOBQBGBBA5A5AlAdAWAOARAAADAB
4119905004005,BUBTBZBYBiBnBZBLBCA9AuAuAkARAKAEAHAAAABHBTBYBaBWBUBQBHBLA/BAAmAeAZANAOAOAEAF
4119905004006,BRBXBkBgBXBRBQBOBEA6AtArAfANANAJAEACAABKBYBcBaBWBWBYBRBJA9A5AwAkAbALAPAIADAB
4119905004008,BHBKBZBbBaBTBRBHBJA+AxApAgAPARAKAHABACBDBPBZBYBWBWBZBRBKBLA6AzAlAZAaAVAGACAB
4119905004009,BQBTBdBdBSBZBVBHA/A5AxAtAeATAMAEAEACAABNBQBbBRBZBbBVBMBJBHA4A7AwATAOANAGAIAB
4119905004010,BPBMBZBWBXBUBKBJBCA6AzAuAiAZAWAPADACABBFBFBZBbBWBPBSBIBGBGA8A0AqAmAXAQALAIAC
4119905004011,BDBGBXBYBXBSBPBIBBBCA6AwAlAZAPAOAGAEABBLBEBQBTBTBWBXBIBIBIBDA3A1AWAWAMAMAHAE
4119905004012,BDBPBXBeBaBNBMBHBFA/A8AlAnASAQAGALAAAGBGBNBcBdBSBQBSBJBIBGA2A4AdAoAhAOAHAKAC
4119905004013,A8BDBOBTBVBNBMBEBBBDA1A0AlAaAYAOAJACAAA9BABRBaBSBTBOBQBNBOBCA6AuAkAmAZAPABAB
4119905004014,BLBBBSBTBYBYBQBFBDA9A7ApAgAYARAQAIACAABFBHBPBPBUBYBXBLBIBIA+A1A0AiAcAWAIAFAC
4119905004015,BGBRBgBfBYBTBKBEBCA8AyAwAhAeAPAOAFABABBFBOBXBdBWBPBPBLBGBEA7AxAlAfAZAOAMAFAE
4119954001001,BEBLBfBRBIBGBCBJBCBFA9A6AwAmAXAUAFADAABIBOBZBRBFBIBMBDBJBKBEA9A0AdAaAMAEADAC
4120002001001,A5BEBXBcBRBHBHBKBMBCA0A3ArAlAgAQAMADABA1BCBRBWBMBGBMBPBRBFBBA2A2AlAYAPAMADAE
4120101001001,BHBXBjBlBYBWBOBGBDBCAzAlAaAZATAOAHAFAEA/BXBdBdBNBQBPBHBJA/A/AnAjAdAOAKANAKAG
4120150001001,BBBRBrBtBPBNBMA9BHBCBLA2AuAZAZANANACACBABTBaBoBLBABCA+BEBABAArAwAVAVAMADACAC
4120200001001,BIBHBgBhBdBBBPBVBGBDA/AnAfAaAfAQAFAGADA2BABfBjBMBBBVBKBHBBA/AzAmAYAXAUADAHAK
4120309001001,BPBQBpBaBLBYBSBKBAA5A5AzAoAiAZANAIADACBDBWBaBcBCBFBEBKBAA9A3A0AlAjAfATAGADAB
4120333001001,BIA/BUBbBYBIBQBMBFBGA2A1ApAkALAcALAIAFA4BJBeBUBSBCBTBPBJBCBBAiAzAmAOAYADACAA
4120358001001,A4BEBUBYBYBABBBJBQBKBCA5AyAjAfALAJACABA4BBBVBQBKBDBJBKBQBGBAA2AoAnAcAQATAKAG
4120408001001,BCBUBeBkBZBRBOBYBOBIAuAqAgAhAUAOAFAFABBABHBXBaBMBLBZBNBJA/A1AtAgAZAVAUAIAEAC
4120507001001,A4BABSBUBOBQBABABMBKA4BEAuAkAfANASAGABA3BBBIBRBMBMBDBJBOBJBBA/AqAqAaAXAOAGAF
4120606003001,BDBVBfBdBRBSBLBLBJBHA+ArAmAeAVAUAFABABBEBLBfBXBLBMBGBGBEBBA6AuAiAnAYATAIAHAD
4120606003002,BLBWBiBdBQBUBVBQBGBCA/AqAhAcATANAEAFABBKBUBdBZBIBPBJBEBCA6AxAxAoAkAUAOAKADAB
4120655001001,A6BFBVBlBYBGA3BFBdBKBEAkAiAbAYATANADAAA+BMBPBiBYA/BGBXBZBFA0AqAeAkAnANAMAEAE
4120705001001,A/A9BRBTBRBMBEBGBMBEBCAwAxAlAWATAKACABA5A3BJBXBSBKBMBSBQBRA/A5AqAmAdATANAFAD
4120804001001,BLBVBiBjBbBbBVBLBFA+A6AfAhAWAOAGAFAEAABOBKBWBeBaBZBXBLBLBFA3AnAdASAPANAGADAB
4120853001001,AsBABSBSBXA8BCBKBVBGBIAvAkApAYATAMAEAEA1A8BTBcBFBCBEBLBNBYAxA9AzAgAnAnAQAFAE
4120903003001,BJBWBtBlBOBJBKBGBFA5AxAyAsATAUAPAGABADBJBVBlBaBNBOBGBJBIBAA7AsApAhASANAJADAA
4120903003002,BWBgBxBqBQBMBLBPBAA5A3AjAXAfATAFAHAEABBUBgBnBgBOBKBMBGA/A7A0AmAlAYARAKAGAEAA
4121000001001,BMBKBiBoBNBLBKBJBGBIA3ArAiAgAdAPAIADABBEBIBfBjBPBOBKBIBIBDA3ApAlAfASASAGACAC
4121109001001,BGBKBgBjBQBIBDA8BQBKA3ApAsAhAbAJAOABAEA/A7BTBhBOBDBLBEBVBEAsA/AuAfAXAhANABAC
4121208001001,BGBTBhBkBQBTBQBLBJA+A2A1AnAhAaAQAHADACBFBNBcBaBOBIBJBDBDA7BCAlAmAkAPAQALACAA
4121257001001,BJBTBtBoBRBIBDBPBGBBAyAuAyAgAUAQAKAAAABBBcBwBiBABKBFBHBGA+AwArAgAcAQALAQACAB
4121307001001,AwA/BlBSBDBPA/A9BMBIA9AwAtA0ARAZAQAGAEA+A/BJBVBCBABHBKBNBPAyBDA1AsAbAUAZAJAC
4121356001001,BFBKBZBcBVBAA/BOBRBLBCAlAdAjATAYAHAFACBABFBXBdBRBKBFBUBPBDAxBCATApAdARACACAN
4121406001001,BABDBVBhBRBOBGBCBLBDA3AyArAfAZANAJADAABABEBUBeBTBNBEBIBJBNA+A1AyAbAbARAOAEAF
4121505001001,BHBTBoBiBUBPBABCBMBDA8AxAlAeATAKAKAGABBCBUBYBeBMBKBDBKBJBAAzAvArAcAYAOALAFAB
4121604001001,BDBLBfBqBQBEA7BHBOBJBBA5AgAhAXAQAEAEABBNBPBjBSBKBHBCBGBLBIBAAsAiAkAZALAJAEAD
4121703001001,BSBlByBhBVBRBLBJA+A5AvAqAtAbAPANAHAFAABOBeBrBbBSBPBKBDA/A0AtAiAfAZAWANAIAGAC
4121752001001,BUBlCLB6BNBBBGBHBHA8AtAtAcAQARAKABADABBWBuCABkBLBLBSBGA8A3AnAiAXARALAEAEAAAC
4121802001001,A5BFBRBXBOBPBHBGBLBBBBAvAvAlAeAMAPABABA/BFBTBVBKBLBKBHBIBEA3A/AwAgAcAWASAFAI
4121901001001,BJBNBpBfBCBJA9BCBEBHAyA1ApAkAaAPALAHACA9BEBcBeBKBCBHBGBFBFA6AzAuAgAkAYAMAGAG
4122008001001,BMBQBiBlBcBXBTBMBOBAA3AvAnAYAPARAGAEABBJBUBbBbBPBKBFBBBDA9AxAtAfAhARAQAGAHAB
4122107001001,A7BGBXBSBbBEA4A6BSBSA9BCAqAnAtAPAWARADA1A9BKBNBBA8A4BCBSBNA6AyAvAwAaAVAZAFAE
4122156001001,BQBlB7BwBFBABBBKBNBHAzAuAhAaAOAMAIAEACBLBhB1BiBCBHBIBHBCA5AzAqAgAUAJANAFAEAB
4122172001001,BLBYBqBrBOBKBRBHA9A8A9AfAgAbAWAWADAGAEBMBZB0BqBUBLBGBABBA5AxAqAcAYASAQADAIAG
4122206003001,BQBZBoBiBkBkBRBQBIA4AvAdAYAIAMAJAFACAABNBZBoBnBfBdBYBSBJA2AvAeAUATAPAIADAEAA
4122206003002,BZBfBqBhBPBUBQBJBEA8AzAvAoAbAVAJAFABAABIBTBqBiBSBTBNBGA/A5A0AjAfAXAaAJABADAA
4122305003001,BWBaBnBmBXBWBTBUBFA4AwAtAdAaAPALACABAABPBQBfBbBXBQBTBLA8A8AsAuAiASAZAIAMADAA
4122305003002,BABKBWBPBSBSBPBHBIBEA9AuAiAaAeAJAGADAAA9BEBWBRBQBQBUBPBKBIA5A4AwAhAbARANAFAG
4122404003001,A1A5BBBOBXBOBOBDBFBEBCArAmAtAaAaANAHADArAxBABDBNBVBWBIBSBMBRA3AyAtAtAZAQALAF
4122404003002,A6BIBSBYBbBWBRBPBMBAA6AuAjAjAVARAHAFAABBBDBLBTBXBUBSBOBQBHAuA4AnAhAXANAKAHAB
4122404003003,BMBNBXBWBfBWBRBLBKA7A1AqAaAjAKALAGABAABLBJBTBaBfBWBTBPBSA+AzA2AdAfASANAIAFAE
4122503001001,A5BZBfBaBOBKBDBMBGBKA0AzAoAlAcAQAKAEAABCBPBTBXBLBNBFBQBKBBA5AzAkAjAVAWAIAEAC
4122602001001,BCBSBVBaBUBOBQBJBMBKAuA3ApAdAWAQAHAGACBGBHBRBZBNBJBOBIBZBDA3ArAdAiALATAVADAD
4122651001001,BEBIBkBwA+BBBAA9BHBHAyA3AzAkAiAZAKAFADBBBHBeBfBBA/BDBFBMBIAwAwAnAxAZAaANACAB
4122701001001,A7BHBNBjBNBQBOBJBNBEA7A6ArAdAXAPAKAFABA5A8BYBaBTBKBRBPBMBDBCAyAmAcAXAYAHAEAE
4122800001001,A3BSBvBvBDBFBIBEBJBDBGAnArAlAdAPAGAFABA5BMBrBOBCBIBEBFBMBAAzA4AiAdAhAQAXAAAD
4122909001001,A4BEBXBYBEBJBDBLBBBJBEBEAtAiAgAbAJAHACA3BFBNBdBHA7BABCBDBFA/BEA4AmAfAYALAHAC
4123006001001,BFBQBcBsBcBMBFBEBIBDA4AvAtAYATATAIACABA+BGBYBjBRBLBFBHBIBHA2A0AmAdAeANAIACAC
4123105001001,A5BKB1BmBCA6BDA7BIBFA/A5AkAlAYAOAWADAFBKBABWBaBDA+BFBABJBOBIAwAvAoAQAXAQAIAB
4123204001001,BDA+BlBcBMBAA6A8BVBHA+AmApAnAjAXAIAGAABABEBXBcBMA8BABKBKBNA0A/AwAvAgAZADADAD
4123303001001,BEBFBZBfBUBLBGBBBGBJBIAfAuAgAUAUASAEABBDBDBHBYBSBOBIBFBKBHBCAvApAlAgANASADAD
4123402001001,A3BCBNBWBYBSBGBABNBKA9AxAnAeAdAUAIAFACBBA9BOBSBWBQBPBNBPBLA7A7ArAcAeAXAJAEAD
4123501001001,A+BGBYBfBKBNBHBIBKBEA1A0AtAnAWAIAIAEABA+BCBWBgBPBQBNBOBNBHBBAvApAiAZAQANAEAC
4123600001001,A/A+BTBpBYBUA7BLBMBUBKAkAvAeAZASAGAEACAuBIBYBOBABDBIBGBQBXA4AuArAqAcAbACAFAH
4123709001001,A2BFBPBXBMBOA9BCBJBKA9A2AtAlAiAaARAGAEA3A9BNBOBFBFBFBOBMBQAzBEAvApAlASARAHAB
4123808001001,BBBVBfBnBbBKA/BEBDBIA+AwAgAgAZAQAHADACA5A+BZBhBVBIA8BFBIBIA/AwAmAmAbAWAIAFAG
4123824001001,BLBGBYBZBGA8BHBCBOA4A2A2AnAvAzAUAEAEADBGBVBSBVA/BJBEBGBJBAA+A0A2AoAjAUAEABAB
4123857001001,BNBZBsBxBNBFBLBFBBA+AyA0ApAhASARAJAEAABHBWBuBpBMBEBHBCA8A4BAAkAkAbARAKAHAFAB
4123907001001,A7BABVBdBLBAA/BDBGBJBAA6A3AhAaAcAJAGABA1A+BMBTBHBEBDBMBIBLBAA5A4AqAmAUAUAHAC
4123956001001,BOBQBqBgBgBKBNBIBJBEAsAtAkAdAfAMALACABBCBNBeBTBMBRBMBKA/BJA2AhAjAiASAOAJADAH
4124004001001,A5BTBdBSBBBGBHBKBKBTA7A6AzAgAUANALAHAEBABHBpBWBDBGBJBDBEBEBEAtAkAkAbAWAKAIAC
4124020001001,BeBMBkBqBfBVBHBKBIA/A4AiAYAbASAMAFABADA9BLBkBmBSBSBSBNBIA/A2AgAkAYAUANAHADAA
4124053001001,BIBKBjBiBTBNBHBOBLA/AyAoAeAcASAQADACABA/BJBaBlBVBTBUBTBRBCA3AtAqAWASAKAJAGAE
4124103003001,BSBTBfBdBXBPBJBEBIA/A3AoAnAUALAQAJAEACBRBQBeBSBVBRBMBKBIBDAxA1AnAcATALANAGAA
4124103003002,A7BKBVBUBRBNBBBEBGBEA6A3AnAhAXATAOACACBFBDBNBRBMBUBOBIBIBKA7A7AnAsAkAOALALAC
4124202001001,BDBEBOBjBGBABHBJBaBBA7AtAhAcAYAfALAEAHA1BHBiBSBLBDBMBCBUBNBAAvArAqAYAUARAEAD
4124301001001,BABWBgBKBKBAA/BKBFBDBBBEAnAoAXAMAFAIAGBGBCBTBUBRBJBFBCBKBJBCAxAxApATARAOAFAF
4124400001001,BMBRBpBfBSBEA+A8BABAA5AyAlAeAYAQAIABABBIBWBqBhBLBKBDBEBFBEA4AyArAbAYAUAKAEAD
4124509001001,BEBEBSBXBfBVBIBJBNBPArA8AdAjAYASANACABA/A+BKBYBPBNBNBOBIBOA1AzAnAkAYATAMADAD
4124608001001,BGBJBZBmBdBPBKBPBMBIA4AqAaAgAWAWAKAGABA8BBBTBhBNBRBFBIBRBCA4AoAdAnAcAMAKAIAC
4124707001001,BDBVBqBfBSBIBJBIBEBAAtA6AmAlAeAVAKAFADBKBSBkBdBKBCBIBCA/A7A6AsAZArAXARAGACAC
4124806001001,A6BGBVBfBMBHA6BBBDBKA+BAArApAdAUAIADABA8BCBRBZBLBIBBBABMBKBRA3AnAlAiAOARAHAF
4124905001001,A/BVBdBiBGBQBHBBBIBMAyAuAgAgAYANAJAGADBABFBdBcBPBHBSBKBGA7BCAvAkAkAiATAJAJAA
4125001001001,A9BFBMBWBLBDBCBEBLBDA5A/AsAlAnAUAHAHADA2BFBSBTBMBEBCBHBRBJBBBAAyAsAcARAOAHAC
4125100001001,BRBXBpBoBeBYBXBMBHA/A6ArAgAdAJAPAFAEAABSBNBiBkBTBMBCBCBAA5AsAmAdAYAVAMAJACAB
4125209001001,A+BABUBeBNBGBABJBLBPBJA0AsAcAcAQAOAEABAzBCBPBbBWBKA/BEBUBFBDA2AtAmAgARAMAEAB
4125308001001,A3A/BSBKBKBFBCBFBUBSA3A8AzAiAhANALAMABA5A7BKBNBFBEBKBKBYBKA6A9A1AtAfAYARAIAA
4125357001001,AxA8BPBoBOBCBCBDBNBHA/A9A5AtAfAWAPAGABA8A3BHBUBMBBBGBKBLBJBDA3AwAdAfAWANAJAG
4125407001001,BABDBwBcBGBEA9BJBSBFBAA5AvAiAaAZAOAFAFA5BNBgBVBBBMBAA5BEBDA6A7AwAdAXAWAIADAG
4125456001001,BDBTBWBhBMBGBKBEBKA+A0AxAlA1AXAVAKABACAxBKBbBbBVBOA+BOBIBDA3A+ArAsANAOAIAFAD
4125506005001,BKBKBVBUBaBgBeBRBJA/A0AlAbAUANAIADABABBKBIBUBVBcBlBdBUBRBDA1AvAhAXAPAJAIAEAC
4125506005002,BSBPBbBVBWBnBjBZBHA6AxAlAXAPAKAGADACAABOBOBVBRBcBoBlBVBNA/AxAtAeAPAOAIAFABAB
4125506005003,BXBfBsBhBcBcBXBSBGA4AsAgAUANAHAHADACABBWBaBmBnBaBgBZBUBFA6AwAhAQASAJAFAGACAA
4125506005004,BeBhBlBbBbBZBXBOBFA5AuAcAgAJANAGADABABBUBdBpBiBjBXBXBNBDA7AuAiAXAWASAHACABAB
4125506005005,BYBhBmBgBbBfBgBUBHA7AmAqAdAPAEADAEABAABVBTBkBaBfBaBYBPBGA4AwAgAaAMALAJAIACAB
4125506005006,BGBRBqBfBNBNBUBQBQBIA5AxAtATAVAQAFACABBEBQBbBWBJBNBNBNBJA8A5AoAZAbASAMAKAGAC
4125555001001,A3BJBJBUBTBGBFBHBQBRBBA0AvAtAXAUAFAEAEA4A9BdBGBOBFBMA+BPBHA/A5AtAgAkAWAPAGAF
4125605003001,BRBVBjBiBPBTBVBNBHBEA2ApAiAbAVAJAEADAABDBVBhBcBaBOBOBLBDA7A6AeAdAYAcAJAJAEAD
4125605003002,BGBRBfBWBTBaBTBTBIBEA3AnAfAWASALAJACABBJBLBXBcBWBYBWBQBHBAAwAzAhAXALANAOAFAB
4125704001001,BIBRBdBmBVBKBHBJBJBDAzAsAjAZAYAPAIADABA6BGBZBfBXBOBQBHBKBJA7AsAkAhAPASAIAIAE
4125753001001,A/BHBgBiBMBGBDBHBGA7A6A1AyAwAdATAMAEACA5BJBWBdBGBLBDBHBIA+BLAxA1AfATASAKAFAD
4125803001001,BKBGBTBWBeBUBPBJBIBFA2AwAjAcAVATAKAEABBIA/BRBXBVBTBOBHBHBIBDAqAjAiAPAPAQAEAE
4125902001001,A9BPBcBfBQA6BJBQBPBBA5A1AcAmAdAaAPACACAsBJBUBYA4BHBGBPBZBGBBAqApA+AYARANAAAA
4126009001001,BCBJBbBlBTBIA+BBBMBGA9AkAaArAfAOAMAEABA5BGBiBgBSBNBJBJBMA8A6A5AwAiAcAQAKABAB
4126108001001,BEBABaBfBiBNBHBNBJBJAzA3AgAgARAVALACABA8BCBTBYBWBFBMBHBNBPBCAtAnAXAYAUAKAHAB
4126207001001,A/BWB5BjBVBLBQBLA/A+A0AwAxAeAUATAIAFABBJBLBkBdBFBFBUBEA/A1AyAxAlAYAVAMAJAKAA
4126256003001,BMBXBkBeBTBQBSBUBMBBA7AZAiAOAQAGAJAAAABGBLBhBdBbBPBOBaBQBCAvAzAaAeAMAKAMAAAD
4126256003002,BYBSBmBoBbBcBNBJBLA9AuAkAaAXAMAMABACACBQBQBdBgBfBWBLBOBKA/AtAsAlASAKALAFAEAA
4126256003003,BNBTBjBdBbBbBPBMBIA6AsAqAqAQAMALACAAAABLBPBdBYBbBcBVBLBNBCAzAxAkAVAIAUABACAC
4126256003004,A5A/BTBNBYBUBRBLBFA7A9AxAzAeAPAOAGAEADA9A8BLBQBfBUBSBLBOBFAwBZAfAlAXAdAKADAE
4126256003005,BJBWBeBeBYBPBJBSBDBHAuArAgATALAMAIABAABDBDBYBfBaBXBZBYBHBCA1AsAiAcAWAPAKACAD
4126272001001,BQBZBgBpBZBKBDA8BFA8BFAqAkAfASAKAHAFABBTBQBqBnBNBSBIA+A7A+A5ApAlAYATAPAIADAB
4126306001001,BaBeBtBlBRBaBNBIBEA7AxAzAbAYAPAKAHACAABQBfBoBcBSBSBNBIBDA6ArAkAjAQAPAFAHACAD
4126355001001,A1A4BOBRBFA/BABQBPBOA7A9AqAuAoARAHADAAA+A7BOBZBNBDBBBEBTBJBCA2AzBBAmAPAJAFAB
4126405001001,A/BEBRBWBFA9BDBMBMBDA9BEA0AiAiATAKADABAqA4BWBJBKBEBIBFBMBOBQAyAtAtAnAVAOAIAG
4126504001001,A7BEBRBaBQBPBJBGBNBIA8AyAoAdAcATALAEABA3A+BRBTBOBMBNBKBOBIBDA4AnApAfATAHAHAG
4126603001001,BGBFBaBXBSBPBRBEBKBCA6A1AjAbAcARAIAFABA4BCBYBRBSBPBRBQBJBDBBAuAnArAVASALAEAC
4126652001001,A7BIBaBNBJA9A4BMBPBQBHAxA4AmAuAMAJADACA9BNBNBIBGA+A6BJBQBJBDAzA4AoAlAQAMAHAC
4126678001001,BXBaBqBnBNBIBMBGBHA9A3AmAqAZAXANAKACABBXBUBjBaBSBPBRBGBCA4AvArAbAaAOALAHADAD
4126702001001,A5BBBLBRBgBYA/BJBIBKBAAoAmAgAiAOAPAIAAA9A2BTBaBRBOBJBFBRBJBAAzAnApAVAVAXAFAB
4126801001001,BEBKBcBcBVBcBQBMBKBCAyAtAdAaAUARAKAFABBIBEBbBbBVBPBTBQBNBCAwAsAlAaAWAUAGACAB
4126900001001,A9BDBOBUBNBCBBBDBKBHA+A0AsAeAvAdAPAHAFA+BCBSBVBFBCA8BHBLBNBIAxA2AwAWASASAEAD
4127007001001,BIBeBqBmBUBTBMBFBKBEAzAxAfAdATARAJACABBJBZBmBdBPBMBIBGBEA9AxAeAfAYAQAOAIADAC
4127106003001,BUBcBiBZBYBVBWBLBAA3A4AkAdAXAOATAGAAABBRBUBdBRBaBZBTBKBFA8AzAxAeAbAPAGANAFAB
4127106003002,A/BOBPBUBLBkBHBABCBOA0A2AiAbATANAHAAACA4BGBjBUBdBIBIBOBTBJA6AxAyAfAbAZAHAIAD
4127106003003,BSBTBjBWBXBXBTBJBFA8A3AlAdARAXAMAEADAABLBTBgBYBUBbBSBLBHBCBBAhAgAfAUAJAHACAC
4127205001001,A9BBBUBcBWBTBJBJBOBDA6AnAlAhAaAUAKAFACA7BCBPBYBXBVBGBMBQBIAyAzAqAjAhARAKAIAB
4127304001001,BOBKBTBbBRBRBGBKBKBCA5AoAoAhAeAMAKAGABBIBDBQBZBRBKBKBPBHBHAzA0ApAgAZASAMAJAC
4127403001001,A+BFBUBdBLBLBGBKBLBIBDAmAkAfAbAYALAGACBABFBQBTBOBMBIBMBSBJA6A2AvAmAcATAFAHAD
4127502001001,BWBlBwBlBNBIBKBGA/A/A2AkAjAZAUANAHAEADBWBYBqBeBPBNBKBDBDA7AyAoAgAaASALAGAFAB
4127601001001,BRBVBqBhBOBOBSBNBKA8A1AuAhAnAYANAHADAABJBPBlBbBMBHBFBEBHA8AwApApAXAYATADAFAA
4127700003001,BKBOBcBXBiBYBQBOBIA8BBAcAkAUAUAFAFACAABEBJBUBfBZBbBUBKBMBFA7AwAZAdANASAJAHAC
4127700003002,BKBNBcBcBoBvBfBQBLBBAxAYAVAOAHANAEAAABBWBOBWBaBoBoBZBWBNBDAvAYAVANANAJAGAAAD
4127700003003,A4BEBbBaBOA+A+BFBWBZBDA1AlAmAbAPAOAEACAxBBBPBVBAA9BEBLBXBQBAAyApAsAiAdAIAIAD
4127700003004,A+BDBNBtB8BoBWBIBHA9AmApAHAWAPANAFABAAA1BCBHBrCFBnBZBNBMBLAvApAdAcAQAHAFADAA
4127700003005,AwAyBGBOBbBWBLBKBKBMBAAvAhAaAQALAJACAEAzAyBIBWBqBcBaBOBaBeBTAoAhAjAeANAOAHAE
4127700003006,A2A8BOBWBdBTBMBJBLBOA9AwAiAaAYAKACADACA3A5BPBWBXBaBUBSBZBRBGAwArAfAOASAPAEAC
4127700003007,BKBQBYBeBgBcBRBNBCBAA2AjAbASANALAGADAABLBOBeBcBdBbBRBQBJBGAyAtAdAeAOAQADAFAA
4127809001001,BCBCBTBXBOBPBCBGBKBRA/BBA0AiAgASAPADABA3BGBOBNBNBEBABBBKBHA8A5AwAjAeARAMADAH
4127858001001,BJBXBrBlBLBKBDBHBKBAA3AtAnAbAgAKAHAEABBIBSBjBaBJBJBKBJBIBAA1AsAkAjAdAHAFAEAB
4127882001001,BrB3B8BhBaBkBVBEA/AzAgAnAaAPANAJADADABBgBtB1BnBbBTBJA8A1ApAkAfAWAOAKAFAGABAC
4127908001001,A8BJBaBiBTBNBJBJBUBKA3AsAoAfAgAPAPAEAABGBGBYBXBIBIBNBRBGBFA6ApAnAaAVAQALAEAG
4127957001001,BDBUBTBOBMA6BJBOBPBBA+AzAyAsAeAaAGADAAA9A/BJBHBHBFBRBMBMBDA6BFApAtAYASAQAIAB
4127965001001,BFBcBsByBUBLBGBFBCA+A3AqAcAcAQAMAMAGADBJBcBmBmBTBJBKBABGA/A1AlAjAbAWAIAHAEAB
4128005001001,A8BGBQBZBOBDBGBFBLBJA6AyAeAiAaAVAPAFADA7BFBPBXBMBIBNBPBVBPBFAxArAkAhARAJAEAF
4128104003001,A+BHBOBQBeBWBVBMBMBBAwAxAZAgAWAQAHAFAABFBABRBNBUBYBUBQBNBGBEAzAqAgAbAKAOAEAA
4128104003002,BLBHBVBaBUBWBOBRBJBCAyAqAfAhAYAJAJABABBFBJBRBdBUBVBSBQBOBCA4A1AnAVAXAQAHAEAC
4128104003003,AyA4BDBOBYBTBCBHBEBFBIAlAoAjAfAUANACACAwA4BCBOBaBTBQBOBRBSBEBHA6AlAbAWANAIAI
4128104003004,A0A5BFBWBuBbBPBJBHA+AyArAfAfAOAPAGAEACA0A6BABeCABfBXBMBQBKA8A2AlAcAfASALAFAD
4128104003005,A9BCBSBXBSBKBOBJBNBBA1AzApAeASAVAPAFABA6BABNBWBRBLBNBQBPBNA/A2AmAlAgASAPACAF
4128203003001,BUBZBnBgBPBLBOBLBCA9A3AmAfATAOAMAEADABBJBUBhBdBPBQBOBNBKBEA3AuAoAZAaANAGACAE
4128203003002,BFBOBcBbBWBQBLBEBBBBAzAvAgAcAYAMAKACACBCBHBYBbBYBSBFBJBMBIA1A2AoAhAcAQANAHAE
4128302001001,BBBDBTBhBJBNBXA+BYBIAmA3AjAmASAdALADACA+BEBgBfBSBIBPBUBNA8A2AnA0AbAbAOADALAA
4128401001001,A5BFBRBZBOA/A8BGBMBFA6A9AtAkAfAVAOAIAEA2BABSBSBKBHBEBLBKBFA4BAA8AdAcAiARAGAE
4128500001001,BFBOBhBXBIBNBIBABEBCA7AwAnAhAbAOAGAGACBHBNBaBXBRBKBIBEBIBFBFAzAlAhAaAUALAGAB
4128534001001,BPBfBoBoBdBWBVBIA9A4A0AnAqAeANAOAEADAABMBXBlBfBRBXBNBHA8A8AkAvATAdAUANAHABAB
4128559001001,A7A8BkBeBNBLA8BCBEBDA5A2AmAoAkAWAHADACA+BKBaBaBHBIBGBMBKBIA3A4AlAvAfAVANACAB
4128609001001,A/A7BUBjBNBGA+BIBQBMBEA3AyAfAVASAIADADA6BEBSBYBBBIBBBEBTBOBAA7AzAlAVANAQAGAI
4128625001001,BPBbBYBVBQA9BNBNBGBFA+ApArAkAWAKAQACACA6BIBcBVBMBOBPBOBKBDA6AyAiAjAZAMAGAFAE
4128633001001,BQBvB1B5BNBHBJBMBAA8ApAuAhAaATAMAKACADBNBiB5BhBKBABIBFA4AyAyAfAiAbAQALAEAEAE
4128658001001,BFBVBXBdBNBGBKBIBJBOA1A7ArAcAcANAFAEAABHBPBgBbBBBSA+BNBAA/A2A7AcAqAPATAMAGAD
4128708001001,A/BPBcBjBMBNBABDBOBEAxA4ArAZAYAQAMADAABIBDBaBdA/BMBJBMBGBMA5AsApArAdAQAKAKAC
4128807001001,A0BKBQBUBNBEBCBEBIBKA7AqArA2AiAbANAHACA+BMBIBJBOBHA9BCBOBIBBA5A0ApAgAcALAIAD
4200051001001,A8BRBVBeBFBGBDBABVBOBOA9A1AtAaAIADAHADBBA9BRBRBLBAA6BGBLA7BPA0AqApATAUAJAFAC
4200101001001,BPBiB0BfBQBPBIBEBFBAA6AqAfAXASAMAEABACBKBYBpBdBSBQBMBGBDA+A5AlAoAYANAMAFACAD
4200200001001,BNBHBQBdBVBbBSBJBOBFA1AvAhAgAZAHADAGADBEBFBQBTBZBaBPBQBHA6A2ApApAgAVAOAMAFAE
4200309001001,BMBMBdBbBUBIBHBSBMBPBMAjArAaANAHALAFADBHBDBUBgBSBNBGBHA/BUAsA0AsAZAVAXAEADAB
4200408001001,BUBVBnBfBIBNBJBFBJBFA8AsAmAfAXALAJADACA9BUBfBaBMBIBFBEBCBAA2AxAhAkAbASAKAHAC
4200507001001,A9A/BSBcBiBbBJBEBGBLBMA5AwAbATALAGAHAAA+BMBQBUBSBGBCBIBBBDBBA5AoAZATAXAKAHAG
4200556001001,BCBQBhBhBSBABGBVBeBIBZAgAvAfAaARAFADAAArA9BUBYBIA1BEBBBOBGA9A7A6AaAZALAKAJAD
4200606001001,ArBCBPBhBbBTBBBIBYBSA8A2AkAgAhALAQADABAwBDBYBeBZBEBEBLBOBGAxA0AqAlATAUAQAJAA
4200705001001,A/BKBbBjBdBQBCBGBNBQA+AwAoAaAVAOAGAEABBFBPBTBgBSBOBABGBOBCA1AzApAaAbAKAHADAC
4200754001001,A2AtBMBOBDA0AyBFBSBUBaA4BCApAXAfAYAQAAA5BIBFBJA2A3A5BHBIBQBHBRA2ApAcAjATADAG
4200804001001,BFBKBZBYBVBBA9BBBNBKBLA9AsAeAXAVALABABA+BKBbBbBOA9BEA9BHBKBGAuAmAhAfAQARACAC
4200903001001,A4BHBaBdBbBIBMBEBaBUBBAxAwAjAWAYAKAIADA2A6BQBOA9BLA7A6BKBDA1A3AuAmAkAZAVAFAE
4201000001001,BCBJBfBkBNBGBABEBEBIA5A1AlAhAiATAIAJADA8BMBgBcBFBABABDBGBCA8A4AqAqAeAaAFAHAC
4201109001001,A9BNBbBTBNBBBFBUBPBaBKA2AuAcAfAXAFAFADBKA7BNBSA8A9BBBGBOBFA0A9ApAqAVAUATAGAA
4201208001001,A9BFBSBXBSBOBWBPBWBMA6AqAqAdAYAPADAHABBBBFBTBfBMBUBQBSBJBEAzApAkAhASAUALAEAE
4201257001001,BEBTBcBdBYBaBJBTBJBGAvAxAeAhAVAQAEACABBDBEBgBiBNBUBNBPBDBAA9ArAeAfARAOALACAB
4201273001001,A2BBBFBRA9BQBCBOBNBKBCBABAAuAaAWANAGAGA8A7BJBKBBBKA7BJA5BKBBA2A8AzAZAXAVALAG
4201307001001,BcBeBqBeBbBfBaBQBBA9AtAnAWATAKAKAGAAAABZBfBiBZBaBdBXBEA9A6A3AdAfANALAHACACAC
4201406003001,BHBMBVBXBfBaBOBDBJBKA/AvAaAeAMALAJACAAA4A/BRBVBfBTBLBFBOBNBCAvAvAbATATAQACAC
4201406003002,BMBXBjBeBcBcBNBLBJBCAuAqAcAYAIAJADABABBOBWBYBcBVBiBOBLBIBKA1AqAgAPARAOAGADAA
4201406003003,BFBCBSBVBXBXBNBEBGBHA6AyArAWANALAJABABBCBABQBXBVBYBPBNBPBMA6A/ArAdAZAQAMACAC
4201505001001,BABEBTBlBgBYBHA9BLBFA3A6ArAcAZANAGAHACBABDBUBXBQBSBGBEBJBJA0AvApAjAZAVAMADAD
4201604001001,AoA1BSBXBKBJBHBDBTBMBIBPAzApATAVAFACACAtA+BKBVBHBDBHBKBLBRBBBMAvApAeATALAIAD
4201653001001,BCBMBsBlBoBBBJBDBWBQBLA9A1AeAZAGALAAACAuBJA6BTBOA8A/A/BDBMA3A+AsAfAcANAEAKAA
4201703001001,BBBEBLBZBbBZBFBGBNBOA8AxAqAcAVAKAIADABA4A/BOBTBZBNBMBSBNBGBAA0A0AYAZAVAJAGAD
4201802001001,A5BIBZBgBJBRA+BBBJBYBOAvAxAfAUAGAPADAAAyBLBPBoBMBLA1BCBMBYA2A9ArAjAWATALAIAA
4201901001001,A9BPBcBZBZBPBNBHBHBPBKAqApAXAQASAMADABA6BHBSBdBaBIBGA6BSBHA2AtAqAdAWARASAIAB
4201950001001,BCBJBTBRBNBFBAA3BGBEA0BJA9AoAjALAKABABBHBDBLBQBNBKA/A9BIBKBBBMA4AuASAOANAFAC
4202008003001,BQBTBpBoBhBbBUBUBQA8AyAgAVASANAEABAAAABEBTBkBfBZBeBXBXBKBCAvAlAXARAIAKABADAD
4202008003002,A1AzAyA7BXBhBcBIBBBIA3BDAmAqASAMAIACAAAoApAzBHBgBtBmBMBQBOBGBXA2AdApANAKAJAA
4202008003003,A1A3BCBGBWBkBcBLBFBCA/AuAuAQARAJAMAEABAvA0A8BDBgBuBoBWBJBJBSA6AyAeAXATAPAFAD
4202008003004,A0A5BJBQBjBoBUBGBDA+A3ArAeAcAWANAJAFAAA8A1BBBRBsBpBbBQBKBGBEA8AoAiAUAVAFAIAE
4202008003005,BABABUBbBqBmBTBIBDBCAxAnAcAZAOAGAGACABA+A/BOBaBrBkBVBQBPBIBDAsAkAXAWAOAGAAAB
4202008003006,AkAjAxBABiBgBPA5A8BBA7A6AwAhAXASAQAGACAoAmAxBHBvBpBZBKBOBXBUBRBGAnAnARAQAFAE
4202008003007,AzAwA+BJBpBlBWBIA+A7BBAmAmAaAKATAIAEACA0AwA+BTBuBmBZBOBGBQBDBDAsAwAeARATAEAC
4202057001001,A/BGBbBMA8AxBAA5A5BBBPBDBGA1AjAVAIADABA6BCBUBOAzA6BBA7BABJBYBLBBA3AhAXAJACAE
4202073001001,BHBLBZBPBPBIA3A8BEA/BFA5A3AoAaANAMAHACBIBBBWBUBIBFBBA4BFBRBLA7AxAqAeAUAJAEAA
4202081001001,BCBHBgBmBBBBA5BKBMBTBXAtA+AmAoARALABAAAwA9BSBWBEAxAyA+BHA+BNA4A5AgAhAiAKAFAC
4202099001001,A1A/BkBjBHAtBEA6BZBVBSA7A3ArAgAVAMAFAAA+BLBQBfAzAxA0BPBCA9A2BHAvA5AQAWAIAIAI
4202107001001,BLBOBgBXBMBJBNBIA+A/A4A3AmAjAaANAHACABBJBKBcBdBGBIBLBGBFBEA9A4AxAjAbANAFAEAB
4202131001001,BDBcBhBeBTBRBUBWBPBCBAArAiAUAXALAFADABBGBXBlBfBLBUBNBDBDBAAxAmAeAWAOAKALAFAB
4202156001001,BGBJBXBaBXBPA/BHBNBBBGA1ArA0AZAPAFADADBEBEBNBdBDA9BJBEBJBFA6AyAaA0AaAPAJAPAA
4202206001001,BCBFBPBTBWBfBVBOBIBHBFAvAyAaAVAPAEACADBBBABRBOBSBVBNBLBGA/BBAqAfAkAVAVAOAIAB
4202305003001,BIBPBcBhBdBiBZBRBKA9A6AnAXATAGADAGACAABDBBBgBbBiBgBVBSBNBIA5AqAmAKAWAHADACAA
4202305003002,BABDBWBUBaBeBZBMBGBJAzAzAhAPAPAJADABABA/BCBWBeBZBhBUBQBTBDA/A4ApAPAUAIAHAEAE
4202305003003,BHBPBZBgBaBdBQBOBGA8A2ArAjATAKALAFAFABBFBTBeBfBbBZBSBIBJBCAzAvAeATAWANAHAFAB
4202404005001,BDBFBWBVBdBaBTBIBLBIAxAxAdAXALAGAEAEAGA6BABVBZBgBaBSBMBPBMA/ArAjAeAZANALAHAD
4202404005002,AyA9BKBPBfBcBSBIBLBABBAkAmAUAVAPAHAEAAA2A4BLBKBZBdBUBVBRBOA/BCA3AeAeASAKADAF
4202404005003,BLBPBnBiBkBXBKBVBNBDAvAoAbAOAQAFAEABAABEBPBeBfBaBQBSBQBUBFAtAtAlAVAMAMACAAAE
4202404005004,A6BBBVBXBfBeBRBFBFBSA7AwAdAWARAHAHAAACA8BBBKBPBjBgBQBLBNBPA+BCAdAlALAWAJAEAA
4202404005005,A1A4BGBPBbBcBNBGBJBIA/A0AkAbAZAJAEACACA2AxA+BMBeBcBVBTBSBQBLA/ArAiAVANAYANAF
4202404005006,A9BBBLBSBdBdBYBVBMBMBCAnAdAPALAHAEACAAA6A9BQBRBaBgBeBZBWBTBIAwAkAYAKAMAHADAC
4202404005007,A2A0BBBCBdBiBYBSBOBNA3A0AnATAXAMAJABACAsAyA8BCBUBpBgBVBSBQBSA3AqAlAhAUAIAFAF
4202404005008,A9A9BGBOBbBpBfBPBOBKA5AsAlAQALAFAEAFAAA3A/BKBMBgBlBeBPBbBNA/AxAiAaAOASALADAD
4202404005009,AwAuA2BEBeB3BpBSBJBDA1AzAqAXARAKADADABAuAuAwBGByB2BpBTBNBNA+A2AmAYAWAWAWAKAE
4202404005010,A4BABPBQBkBkBfBSBOBHA5ApAgAVAOAIAFADAAA1A+BLBLBTBdBdBXBOBRA4A7AjAVARAYAJAIAE
4202404005011,A3A+BKBaBjBlBZBQBUBKA9AuAWAYAUASAEACAAA1A6BCBVBiBdBSBUBIBPBEArAuAaATAMAFAEAD
4202404005012,BKBPBaBuBHBQBSBABsA0BJAyAgAPAIAGADADACBKBCBCBnBnBVBEBYBPBUBBAiAgAPAMALAFAGAC
4202404005013,BFBQBcBjBuBhBWBOBXBGA8AiAQAQAFAEADAFAABABIBQBdBlBeBUBSBXBHA3AnAbAHASAIAHAAAA
4202404005014,AwA3BGBOBeBnBaBPBOBGA3AzAnATAWAHAGAAAAA6A7BEBOBkBkBZBNBRBOBAA2AmAfAYASAPADAA
4202404005015,BBBLBUBZBeBbBSBLBOBJBAApAcATAHAMAHADACA/BDBTBRBUBiBUBPBRBIA8A1AjAbAQANAGAEAE
4202404005016,A3A/BRBfBmBkBMBJBRBNBEAuAYAVAIAGAFACACA3A8BHBWBgBaBTBPBZBXBMAwAiAUAMATADACAB
4202404005017,BMBOBdBjBvBdBVBRBUBMAuAmAZAFAOAGABACAABBBDBMBcBqBWBYBQBYBHAwApAaAXAIAMAFACAA
4202404005018,BBBIBSBXBcBkBeBSBUBEA8AiAiAMAJAKAFABAABDBKBPBcBcBcBdBUBRBLA0AqAaATASARAEAAAB
4202404005019,A5BEBQBRBeBVBWBRBPBIA1AxAoAUANASAGACABBDBFBTBXBXBRBSBTBLBGBAAtAlAfAVAPAKAEAD
4202438001001,BHBIBcBkBLBHBNA/BKBKA7BKAYAmAkARAEAHAFA2BOBfBbBIBDBDBABIA+AyBAAnAkAWASAFAHAE
4202453001001,BDBNBXBYBbBdBTBWBOBAA2AxAlASATAMACABABBIBFBUBVBUBaBXBTBJBGA6AsAiAbAOAHAIABAB
4202503001001,BBBRBlBeBUBQA/A+BPBOA+AzAqAfARAMANAJADA+BCBgBmBNBGA/BRBPBKAwAtAhAdAUANAKAEAC
4202537001001,A4BHBVBUBKBYBXBJBGBKBGAyAdAbAXAIAIAJAGBJBKBrBpBMBLBMA/BOBJA7AmAiAXARAQAFALAF
4202578001001,A3BCBQBgBNA1A9BIBGBPBFBCA4AzAaARAOACADBBBFBIBPBGA/A/BKBFA8BABJA1AoAlAUAIAJAA
4202602001001,BYBXBmBeBSBVBEBGBHA9A0AuAlAbASAHAHACACBFBTBjBmBQBOBEA/BIA7AsA2AmAZAfAMAKADAB
4202701001001,AyA2BABWBgBZBQBGBZBZBDA6AsAdAfAMAIAEAAA2A4BIBdBbBNBGA+BSBMA3AyAlAmAbATAGAIAG
4202800003001,BCBOBXBcBlBdBSBMBNBFA/AhAqARASAGAEACAABCA/BSBeBcBiBNBLBMBEA4AuAcAcAPASAHAEAB
4202800003002,BDBQBiBgBlBYBTBJBLBJAoAvAbAVAPAFABAEABBDBQBcBmBcBbBLBHBRBHAmAyAXAhAQAIAHAFAA
4202859001001,BSBFBMBWBRBoBQBSA4BJA3AuA2AgAWARAGACAAA/BHA/BDBkBPBQBHBGA+AqBAAqAfAiATARADAB
4202875001001,BBBRBjBYBLBFBJBQBMBMAvA7A0AcAYALAFAIADA/BLBrBaAzBCBHBMBIA7A1A/A0AdATAOAMAGAC
4202909003001,BWBOBXBmBmBqBaBVBPBEAuAkARAOAIADAAACAABHBMBXBeBiBiBYBWBIBCAwAnAbASALAFADABAB
4202909003002,BDBDBTBdBvBjBVBOBPBJAtAzAcAKAGAPAFAFABA+BEBQBbBmBWBXBTBNBJA7AjAlAOAVAMAGADAD
4202909003003,A7BBBKBTBuBsBdBQBIBJA0AsAXAWASAGAFACAAA/A8BHBYBmBpBgBNBNBLA7AoAlAUAOAOANAAAB
4202909003004,BJBBBQBbBlBqBXBQBSBLA7AqAgALAMAGADACABBAA8BEBWBmBmBRBTBRBNA0AsAeAUAQANAHACAC
4202909003005,A4A0A+BMBsBqBRBFBDBIA8A7AlAWANAQAHAFAAAzAwA4BMBnBoBUBQBKBPA/BDAtAfAXASANAGAF
4203006003001,BTBgB2BlBXBOBNBTBHA7ArAmAbAUAHAJAFACABBUBhBqBlBXBQBSBLBCA9ArAmAZAWALAGAHACAB
4203006003002,BNBYBlBdBWBWBNBQBEBGAyApAgAVASALAEACABBLBRBaBcBVBWBMBKBHBFA2AqAnAWAOAPAFADAD
4203006003003,BDBHBXBYBVBcBQBJBLBBA1AlAfAYAVAIAGABADBHBKBYBVBYBZBSBMBSBJBAAoAfAiAYANAJAHAC
4203105001001,A3BDBcBZBUBHBIA8BTBLBYA4AmAcAUARAKADABA5BBBOBbBLBFBIA8BKBKBIA2ArAdAVAeAQAHAD
4203154001001,BoBxCHBhBLBBBNBIBLA5A5AeAYAVALAHAMAAAABYBtCLBmBNBLA9A5BGA3AuAbASAaAMAEABAAAA
4203204003001,BeBqB0BwBeBZBYBSBBAxAmAkASAQAKAAAAACAABaBgBuBhBfBfBTBQBAAyAoAqAXAJAJACABAAAA
4203204003002,BPBWBkBiBfBfBbBSBJA8AqAmAZAJALAFADABABBUBVBhBdBaBjBeBVBHBAAxAjAWASALAFABABAB
4203204003003,BMBPBgBfBZBZBTBSBLBDAuAsAfAQAQAEAFABABA/BNBYBcBXBjBWBUBIBCA4AmAbAWAUAJALAFAD
4203253001001,BDBGBfBcA/BMA+BEBLBPBRAtA3AeArAbADAHACA9BHBhBLA+BGBDBBBBBPA/AwAtAlAXARALAFAC
4203303001001,BHBUBeBTBKBUBbBQBGA+A5A2AlAZAYANAIACACBIBLBbBOBNBRBMBGBBA9BFAnAkAjAYATAGAHAC
4203402001001,BGBSBlBeBLBIBMBJBMBHA2A7AfAlAVAQANADAHBIBLBhBSBDBIBCBIBHBHA5AvAmAgAaAMAFAFAE
4203501001001,BHBdBlBqBJBMBBBDBHA7A4AoAnAiAQAQAKAEABBCBXBiBkBQBKBHBCA7A9AzAzAwAZAhAMAMAEAC
4203600003001,BKBKBcBZBYBZBQBDBDBDA6AiAbAUAPASAHABAABNBNBZBbBZBWBVBIBKBEA6AtAvAcAZAJAKABAA
4203600003002,BEBSBhBhBSBTBOBGBIBFA8ApArAVAZAGAHADACBIBPBaBXBNBTBNBIBHBGA8ApAhAeASARAHAGAC
4203709001001,BHBWBgBiBdBWBOBOBRBCA1AnAgAZAKAGAKADADBJBRBTBfBcBPBOBIBCBCAzAtAjAVAVAOAHACAF
4203808003001,BABQBZBdBWBSBTBFBKBEA5ArAlAVAQAJADACACBFBMBaBXBSBWBRBLBKBGA7AuAhAfAcATAMACAB
4203808003002,BIBRBgBdBUBNBTBMBHBEAzAuAjAZAWAJAEABAABGBNBaBcBTBQBRBMBIBDA8AqAnAXAcANAHAGAB
4203907001001,BHBLBXBWBYBYBYBNBNBFAyApAhAUAOAMAFACACBABLBPBYBbBiBUBTBKBFA0AqAkAeAVAOAKAFAC
4203956001001,BGBGBTBYBZBZBNBDBEBKA/ApAiAWAPAKADAEADA/BHBQBVBcBdBPBJBLBTBDA0AlAcAZAOAJAEAD
4204004001001,BHBWBbBfBUBWBMBOBKBBA2ApAwAOARAHAEADABBLBMBiBeBSBUBQBNBJBCAwAuAeAdAWAQAFADAB
4204103001001,A2A/BUBiBNBAA2A9BPBOBGBHA7AmASAWAIAEAEA8BABYBOBKBDA6BEBJBOBFBDAvAiAUAWAMAKAF
4204152001001,A2BKBPBiBSBDBEBPBFBNBDA3AuAnAbARAHAAACA/BDBcBZBPBIA6BGBKBHBGAxAqAmAZAaAFAEAB
4204178001001,BBBVBtBcBFBLBIBPBGBQA3AyAbA1AoAPAEABAFA5BOBjBcBABCBDBBBEA8A3A1AsAYAcAPALAFAE
4204194001001,BFBbBkBiBDBJBFBNBdBaBAArAiAXAYAHAHADAABHBdBoBcBIBPBDBBBNA4A0AqAXAZARAQALADAD
4204202003001,BABJBXBbBYBeBUBUBNBAAzApAeATAMALAEACAABCBGBTBgBZBjBWBQBSBMA1AyAjARASAMAKACAA
4204202003002,BEBPBWBaBmBiBWBTBJBEArAtAhAPAIAEAHACACBQBGBRBfBlBkBRBLBMBFA6AnAaAVALALAIABAE
4204202003003,BaBSBtBmBdBXBPBHBFA+AyArAjAbASAFAHADACBGBTBjBgBaBRBFBEA+A7AsAvAfAfASAMAFACAA
4204202003004,BTBVBeBdBpBtBdBVBNA2AhAdALAQARAEABABAABNBQBaBqB8BmBdBSBHAzAmAfATAUASAEABACAA
4204202003005,BEBJBVBYBjBcBYBQBLBDA2AdAfAQAJAKAHAEAABEBCBWBYBfBkBWBXBNBLA4AqAcAeAPAKANACAD
4204202003006,AyAsA0BJBmBiBXBMBFBMA3AuAhAWAJAKAIAFABArArA/BRCBB/BeBbBUBVA3A9AsAVAVAQAPAIAC
4204202003007,BNBTBjBgBbBgBVBNBIA5AxAkAWAXALAHAEABABBQBQBdBiBdBgBaBNBJBBA1AnAcAVALAIAFADAC
4204202003008,BDBHBXBYBjBlBWBTBNBAA4AhAXAUAIAIABAEAAA/BIBUBeBgBnBYBUBQBGA6AnAbAWAOAMAKADAD
4204202003009,BFA7BIBUBsBnBeBJBOBDA1AmAXAYAIAPAAACAAA4A2BFBXB1ByBbBVBPBIA3AsAjAZAaAJAHAEAA
4204202003010,A5A8BJBQBsBqBVBLBGBBA3AsAbAYATAMADADABA5A5BFBUBqBuBXBNBNBSA/AvAnAfASATAGAEAD
4204202003011,BFBNBVBfByB3BiBaBPBBArAkAVAUAKAFAGADADBJBFBWBeBgBeBPBNBNA6AzAcAeAOAQAMAFACAB
4204251001001,A7BCBLBiBfBfBMBJBPBPBAA2AiAWAKAGADAEABAzA7BSBZBdBYBSBKBbBOBHAyAjAUAOANAMAGAA
4204301003001,A6A+BCBLBYBeBXBQBHBEA4AuAeAhAVAJAEAEAAA9A2BOBLBjBmBbBQBNBTBLApAlAkAaAPAKAJAA
4204301003002,A9BNBaBQBKBGBGBIBNBJA/BEAjAuAcARAFAGACBDBABWBMBBBDBHBDBMBIA0BEA4AlAZALARAFAE
4204301003003,BABFBQBNBTBVBVBSBMBLA8A0AmAhAVAJAFABABBCBEBPBQBPBXBUBOBMBJBFAtAoAbAXAKAIAKAC
4204301003004,A5A8BGBQBkBoBWBIBFBFAzA0ApAVAZAJAFADAAA2A4BLBNBgBjBTBOBOBNBFAxAnAcAaAUANAGAF
4204350001001,BAA5BHBkBgBbBRBNBMBGA1BHAoAkANAOAJACAAAyBABJBdBiBQBGBDBLA/BRAoA0AWAYAKAKAHAA
4204400001001,A8BCBRBcBjBOBGBBBUBNA2BCAnAlARAPAIAGABA1A/BMBZBRBHBCBEBJBKA6A/AwAjAXATANAJAB
4204459001001,AsBGBrBwBKA+A7BPBYBaA4A2AaAtAfALAJAFAEA2BMBkBjA7A1BJBQBKBFA7AoAnAxAWAKALAEAC
4204509001001,BEBFBSBWBfBgBaBLBLBFA/AmAkAXASASAFAEACBDBEBOBTBXBVBVBGBFBBAyAyAkAgAUASARAHAC
4204558001001,BHBSBnBeBRBPBJBKBJA+A4AsAnAcATAHAGAEACBEBOBkBaBSBRBJBPBNBBAwAzAsAXAWAKALABAB
4204608005001,BBBKBVBeBmBeBLBJBOBKA1AsAdARAJAKAFABAABCBJBRBdBfBgBSBLBOBOA6ArAkARASAVAGABAA
4204608005002,BEBQBhBjBqBnBQBCBKBEA8AmAdAPADAHADACAABHBNBXBbBtBmBNBDBLBLA6AtAUARANAHALAAAA
4204608005003,BMBUBjBlBiBWBJBGBHBGA7AlAeAJAJAGAEAAAABIBVBiBmBaBWBNBHBQBHA8AtAlAOAHAKAJADAA
4204608005004,A7BEBTBXBtByBTBABHBIA+AvAgAWAOAHADACACA+BBBKBVBiBfBKBEBOBOBBAyAgAaAWAMAFAGAD
4204608005005,A0A6BLBbBhBhBJA6BJBUBBA4AdAeAYAPACADABA4A9BBBSBbBXBJA+BWBZA8BGAuAiAWAUAFADAC
4204608005006,BSBZBkBlBhBbBKBGBKBFA4AlAUATAIACAEABABBQBWBiBhBWBZBPBGBNBKA1AsAhAMAKALAEABAA
4204608005007,A2AzA9BJBZBdBOBGBNBLA6BCAsAdAYANAFADABApAxA7BFBXBiBSBJBJBZBOBGAqA0AcAZAPAGAB
4204608005008,AuAsA6BFBVBiBVBFBFBNBJA9AnAeAPAOADAFAAAvArA6BEBgBkBZBMBYBeBNBIA1AYAgAPAOALAE
4204608005009,AuAqAyBFBUBqBfBFBFBEA4A+AoAcAGAJAQACAAAxAtA3BEBmB5BoBOBLBXBUA6ApAmAdANAWALAD
4204608005010,BFBHBSBeBnBcBQBBBJBNA4A3AbASARAIADABAABBBEBRBYBbBfBNBKBMBVBAA2AnASANAOADAEAA
4204608005011,BFBJBbBbBsBpBUBNBQBOBBArAnANADALAEADAAA5BCBXBSBZBXBKBLBOBJA1AyAfANAMATAJAHAA
4204707001001,AzBDBHBWBWBVBCA/BRBUBCA0A1AdAZAQAHAEAAA1A9BOBSBQBQA7BFBMBNBBA8AvAoAfAYAPAIAE
4204756001001,BCA+BeBbBNBSA1A/BsBeBYA5A2AdARATALAAACAyAyBCBaBBA/A5A/BOBOBIA3AvAdATAcAQAGAA
4204806003001,BLBlBtBYBRBRBJBNBEBBAyAkAdAaAZAIAFABACBLBbBoBgBRBQBJBMBIA8AuAqAfAiAXAHAEADAD
4204806003002,BPBPBhBZBLBLBKBGBCA8A3AvAlAZASANAHAEABBEBMBcBUBPBPBNBNBHBKA8A0AtAdAZASALAGAE
4204905001001,A5A8BRBYBPBRA/BDBCBQBNA/A0AoAWATAKABABAuA8BHBRBQBKA8A+BMBMBDBFAtAoAoATAQAHAA
4205001001001,BLBSBrBcBPBMBDBAA+BCA/AyAlAgAVARAKACAABGBNBjBaBPBMBHA/BBA+A/AuApAjAfANAIAHAB
4205100001001,BUBKBZBaBVBOBHBSBLBQAwAzAlAkATANADAHABA5BOBdBZBLBJA9BQBBA+AzA2AqAgAfATAHADAC
4205159001001,A+BJBVBWBTBFBKBFBIBNA/AvAbAuAZAaADAEAFBIBEBZBQBIBEBDBNBbA3A5A1AnAoApAQAKAJAA
4205175001001,BIB1CFBpBOBOBQA+A5A/A6AaAfAUAPAOAJAHAHBJBhB5BgBLBZA/A2A8A+AoAtAbASAHALAIALAK
4205191001001,BCBSBiBmBmBLBDBFBKBBA6A6AgAtAOAVAGACADBCA4BJBYBEBPBFBMA8BDA/A3AgAmASAYAUAGAC
4205209001001,A7BBBDBjBIBGA/BABGBFBKBAA3AqAYATAFAEADA6BABcBNA9BFBGBDBSBFA3BIArAyAmAVARAFAD
4205308001001,BFBTBiBcBaBbBMBHBFBCBGAlAfAcASAKABAEABBLBIBZBbBbBQBLBOBDA/A/ApAbAoASALAGAEAE
4205357001001,A0BJBcB5A3A/A/BKBMBcA4BIAtA5AZAKALAEAABCBHBKBWA9A/A6BIA2BDBEA+AuArAmAQAHADAE
4205407005001,A3A8BIBHBTBfBeBMBIBGA4A8ApAcAZAJAGAEAAAwA9BGBLBUBjBaBVBQBUBJA0AyAYAaAKAGACAD
4205407005002,BNBPBRBUBXBhBfBPBNA9AxAuAaARARADAHADAABEBEBRBTBXBlBgBQBOBHBGAfAqAXAMAJADAGAF
4205407005003,A5A3BKBNBUBzBcBWBGBCAyA4AcAiARAIAFABACA3A6BGBGBaBrBeBaBJBIA9BCAtAeAIAQAGALAD
4205407005004,BIBGBTBQBZBnBaBPBJBCA6AhAgAUALAFAFAAAAA9BHBQBOBdBkBfBSBJBMBCAzArATASAKAHACAD
4205407005005,BFBJBPBYBSBfBVBPBLBIA3A0AdAcASAHADACAAA9BFBRBPBSBgBXBbBPBJBHApAjAXANANAJADAD
4205407005006,BMBRBeBMBIBjBqBkBOBGAsAjAYAXAMAEADACABBNBFBUBOBMBeBrBdBIBDA1ApAhAYAOAMABADAE
4205407005007,AyA0A/BIBbB3BjBXBNBMBIAuAlAVAKAPAGACABAtA2BABCBYBtBiBVBRBQA/A9AnASAPAVAFAHAE
4205407005008,AuA1BABHB0CAB6BWBCBhAmAkAgAQAIAJADAFAABPAxBJBXBBCHB2BcBCBLAxAyAZATAKAJADAAAC
4205407005009,A9A8BKBIBNBwBqBaBMBOA9ApAmALAUAEAAACAAA6A7BKBDBWBuBnBYBTBOA4A1AbAeANAFAHAMAI
4205407005010,BDBJBWBaBkBbBWBMBPBKA8AmAWARALAKABAAABA8BIBLBdBXBiBWBWBRBTBEAsAmAPARAEAHADAC
4205407005011,BHA5BDBVBXBuBRBJBRA8A/AqAqAQAWAJALADACBaA2BTBCBVBcBWBCBQBGA/AxAvAfAMAYAGAJAF
4205407005012,A8A7BWBOBSBfBhBSBNBLA1AxAZAVAVAKAJACACA+A+BHBQBRBhBgBTBWBRA6A3AqAeAMAJAMACAA
4205407005013,BGBEBRBUBhBnBeBQBABABFAkAjAJAKAJADACAABEA/BOBUBjBiBdBYBMBLA+AyAlAUALAIALAEAA
4205407005014,A7AwA4BEBlB8B2BaBIA+A9ApAdAQAMAGAAAAAAA5AyA5BDBnCHB4BdBNBGBPArAgAUAKANAHAEAA
4205407005015,AmApA0BJCOB8BUBBA0BCA+A/A4AWAQANAGADADAfAmAwBNB7BzBTBFBEBSBVBKA6AbAOAIALAIAA
4205407005016,A5AzBDBbCEB5BXBHA+A7BCAqAjAgAKAJAHAAAAA4A3BDBQB0BwBTBFBBBKBFAzAmATAGAWACAMAG
4205407005017,AhAiAkBVDMCTBVA4AvAyAvArAeAWAPAKAFACADAiAhAmBhDHCHBSA2A6BCAuBGAsAbAPARAVAGAC
4205407005018,AnAlAtA/CICQBkBIA8A9A5A7AkAkAaAGAMAGABAjAnAtBDBoB0BSBBBABHBHBCA7AjAiATATAIAH
4205407005019,BABDBSBaBsBnBUBHBBA3ArArAhAQAJALAFADAHBJBGBSBbBjBmBQBIBGA+A/AuAmAfATAaAIAGAF
4205407005020,BOBNBeBjBnBhBPBIA/A9A4AiATASANAIABAEAABEBPBaBjBgBWBWBLBHBCA5AoAkAfATAKAHAFAE
4205407005021,AZAeArA7BWBfBNA+A3BFBSAqAyAbAgAVANAKADAlAhAsBDBgBkBbBGBPBZBcBLBAAuAiAfApAUAK
4205407005022,AiAhApA6BQBGA+AwA4BGBFA3A3AkAfAZAWAHADAdAmArBMBbBaBNBEBLBiBUBfBKA4A3AdAcAWAT
4205407005023,AgAnA1BGBVBZBKBBBBBJA/BJAwAkAZATAIAGAAAkAoA2BFBXBiBTBOBUBiBgBEA4AmAmAUATALAC
4205407005024,AtAsA3A+BbBlBUBHBGBGBEA2AsAdARAbACAAAAAyAvA6A+BVBgBhBWBNBcBFBXA0AmAYAUANAEAG
4205407005025,AvA2A7A+BSBcBVBJA/BABAAyAxAeAUALAMADAAAsA0A7BEBZBnBiBPBOBRBZBFA0AjAhAYAIAGAK
4205407005026,BAA+A/BQBWBgBaBLBDBHA5AtAjAbATAKAHABAAA6A3BCBLBYBmBhBOBMBUA/A8A0AfAYANAPAEAC
4205407005027,BgBSBlBfBqBqBSBJA1AzAtAeAXAMAFAMADACAABIBSBiBnBmBkBTBEBDA8A2AqAcAfAKAHAJAHAA
4205407005028,A4A3BGBLBhBeBQBDBIBCA7AwAiAZAcALADACAAA3A6A8BPBdBmBZBOBNBPBGBAAzAnAYATAOAFAF
4205407005029,ArAuA9BJBWBWBNBEBDBIBAA1AkAgAdAOAJAKAAAqAyA3BFBXBhBRBGBMBYBRBLA+ArAdAgALAPAL
4205407005030,AmAsA6BABPBZBRBKA+BGBPAwAoAdAXAYAIALACAnAoAzA5BUBjBVBEBNBiBSBHBDAsAmAcAaANAJ
4205431001001,BABFBWBkBdA5A6BBBXBZAuBCAjAqAdAPALAHACArBEBgBnBFA+BIBCBFBJBEAjA2AdAnAZAGACAA
4205456001001,BFBNBZBgBmBkBQBQBKBIAzAoAfAUALAHACAAABBIBKBbBfBjBhBUBJBHBIA1AmAWARAWAKAEAFAA
4205506003001,BJBUBqBeBTBQBOBJBMBGA2AqAkAbAPAJAFADABBHBXBgBcBTBNBQBOBKBCA3AjAhARAZAOAEAEAA
4205506003002,BMBYBnBjBRBPBHBMBKA7A0AqAhAMAVAJAEAAAABOBZBjBjBXBSBQBPBOBBA3ApAjAVATAGAGABAA
4205555001001,A1BOBuBnBJBBA5BGBbBaBFA1AoAnATAJAPAHADA1BVBtBfA5A+A/BPBCBKA4AqAkAVAcAOAKAAAH
4205605001001,A5BNBlBVBGBIBAA/BKBIAlBeAjAYAZAZAGABAGBGBIBTBeBLBNA8BIBKBLA/A5AnAyAVALAFAMAA
4205704001001,A9BEBYBVBMBWBTBaBOBHA4A3AnAWAZAOAGAEABA9BGBPBNBNBWBYBRBHBJA8AxAlAfAVATAJAGAC
4205803001001,BeBaBrBhBaBbBPBFBFA8AsAyAgAUAOALADACABBQBNBoBjBZBPBIBLBGA3A3AkAlAVANAKAEABAA
4205902003001,BGBJBXBlBhBZBOBSBJBLA6ApAbATAMAHACADABBFBMBUBcBdBVBbBQBRBGAvAzAhAVAKAFAGAIAC
4205902003002,A+BCBSBaBiBgBXBJBKBFA5AwAdATALAIAHACACA3A+BRBbBjBZBWBNBPBMA7A2AoAUANATALAIAB
4205902003003,BGBHBSBiBfBcBVBMBLBHA5AvAgAVAOADAFAAACBABDBTBbBjBbBSBMBOBMA1A0AeAUASANAIAFAC
4206009001001,AzBHBWBdBWBUBLBTBTBTA9A7AiAeAWAMAGADABA2A+BLBVBQBQBKBXBOBHBHArApAXARAWAKACAD
4206108001001,BCBFBUBeBiBbBJBMBPBMBAA5AeAmASAOAGADADBCA2BVBXBYBKBGA9BPBKA3AzAkAgAOALAPADAD
4206207001001,A/BCBTBdBUBOBLA9BOBLA7A3AvAYAWAOAIAGACA4A8BSBWBSBRBHBLBLBLBGAvArAgAhARAPAEAB
4206306001001,A+BFBWBdBlBfBWBNBSBNA8AwAYAUAQAIAIABAAA4BABLBXBgBhBWBQBNBFA4AvAdAWAQAQAHAFAB
4206405001001,AvA7BOBYBUBKBBBGBSBZBKA+AyAeAXASANAFAAAwA7BMBWBKBMA7BDBJBSBIA5A1AbAhAVAQAJAC
4206504003001,BHBBBXBYB3BsBiBMBOBBApApAbAOALAIACAAACBKBDBSBjBoBtBWBPBLBEAwAkAfALAJAMAFABAB
4206504003002,BNBQBbBhBmBnBbBVBUA8AwAkAaAQAHAIAGAEAABKBQBZBdBgBbBYBSBEA8AsAkAXASAPAKAJADAB
4206603001001,AuA5BXBbBWBHA+BBBPBNA8A6AuAcAXAZALAEABA2BFBLBfBWA+BABLBGBUBIA1AtAmAZAdAJALAG
4206652001001,BGBQBoBqBWBNBEBHBIBFBOA0AqAmARAQADABAFA/BCBfBeBRBJA9BBBIBAA2A3AnAXAOANAIABAE
4206702001001,BABHBVBXBbBbBPBFBIBDA9AtAkAaAXANAFADABBBBDBRBSBbBXBPBIBMBOA9AyAiAhAaAQAGADAE
4206751001001,BEBBBVBUBXAxBIBBBMBOBjArA7AgAaAKAKAAAAA0A8BQBdBDBQBJBJBDBSA/BDAtAoAVAOAKACAC
4206801001001,A1BUBRBSBFBHA9BKBLBTBDBRBAAkAjARAOAFABAyA6BIA/A/BEBCA8A/BMA/BDBNAXAkAZAKAIAA
4206900001001,BCBOBQBYBeBYBKBNBHBGA5AuAjAdAVALAKAGAABEBEBWBPBUBYBJBNBHBEA2A4AoAaAYAVANAEAB
4207007003001,BDBGBYBbBXBRBDBCBEBGA8A6AoAtAcAIAFAFAABFBLBZBUBNBNBEA/BDBLBAA2AxAjAYAQAIAEAA
4207007003002,BBBEBXBiBhBaBQBCBQBQA3A1AcATAIAGAGABAAA+BBBSBdBlBbBSBNBTBVBEAsAaASATALAIABAA
4207007003003,BEBGBaBeBpBdBMBFBMBMBAAmAfAQATAJAGACAABJBHBQBbBlBXBJBMBMBJA2AuAjAUASAKANADAA
4207106001001,BPBLBgBbBaBeBOBJBPBBA3AwAZAYAXAGAFAEAABIBIBZBZBcBWBPBKBKBEAwAuAcAeAQAPAJAGAA
4207205001001,AzBFBdBUBFA4A8A/BHBTBHA/A0AtAeATARAHADAzBFBYBUA2A1A/BGBCBMBGA5A3AzAhAbAUADAG
4207304003001,A2A/BNBWBTBQBEBCBDBMA5BEA6AXAOAOAKABABA3BABRBWBRBJBFBHBJBTBTAvAxAnAjAPAMAKAF
4207304003002,BFBKBWBUBOBQBMBNBMBHA+A5AnAbAVASAFADAAA6BEBQBPBSBTBMBOBLBIBEAvAvAcAaATAHAEAB
4207403001001,BRBNBeBfBVBUBLBGBTBJA0A0AoAVAOAGAGADAABJBWBdBZBNBVBJBFBKA9A2AvAhAcASAQAJACAA
4207502003001,BBBBBKBcBpBmBTBNBGBNBAAgAgATAKAHAGABAAA/BEBKBZBiBmBVBPBNBMBAAkAqARAWALAGAKAA
4207502003002,BMBLBXBWBdBfBZBWBOBCArAwAhANAMAJAEABACBBBDBTBTBaBgBXBSBLBFA1AxAbAdARAMAJAHAD
4207502003003,BPBNBVBcBfBeBWBSBSBEA6AnAgARAQAIACABABBFBLBRBSBcBZBNBNBKBFAzAtAlATASAMALADAD
4207577001001,AxBKBJBHBIBGA5BOBaBYBbAqAxAwAiAZADAFAAAvA1BCBSBIBEBCBGBNBNBJAsAvAnAjAqAOAIAD
4207601001001,AzA9BVBVBDBGA8BBBOBIBLBCA0ArARAcAMAHADA2BCBQBQBJBCA8BCBIBGBKA5A4AgAiAiASAGAE
4207650001001,BABABRBcBLBPBFBNBPBYBGA7AiAcAaAPACAJABBABABTBVBGBOBCBGBGBHBFA6AnAoAXAUAJAHAC
4207684001001,BgByCBBnBcBFBBA8A8A1A0AiAnATAOAIAEAIAEBVBrB5BnBMBJBBA9A3AyAtAlAdAWAQAMAHAEAH
4207700001001,A1BHBOBZBbBKBLBIBRBSBHA0ArAnAPAUAFADABA3A7BRBTBRBKBEBKBHBIAzBEAuAhAYAYAMAGAD
4207759001001,AzBPBdBRBNBDBEA+BVBQBDA9A3AmAcAKAPACADA5BHBRBRA9A6BDBDBJBPA/A4AwAlAaAeAUAFAA
4207809001001,BLBOBhBdBYBUBTBKBMBFA2AwAlAXAWAKADADABBABRBcBbBRBNBNBDBHBAA5AyAoAYAXANAHACAC
4207858001001,AvBIBhBsBiA+BHBCBEBTBMAuAnAtARARABAKAAA5BFBcBbBNA9A5BABNBKA4A5A8AcAZATAIAEAC
4207908001001,BHBWBrBVBUBWBWBLBKBEAwArAoAVAYAPAJADAABOBQBfBeBTBRBHBJBBA+AsAoAZAlAOARALAGAC
4208005001001,A8BNBVBVBTBOA/BIBKBMBABAAyAcASAPAFAFAAA4BJBSBTBPBKBKBLBHBEA9A6AqAgAXAWATAFAB
4208104001001,BXBYBgBdBVBVBUBNBGBBAwAyAeAeAUAJAEAGAABMBUBgBYBSBLBJBFBBA8A2AkAlAbASAPALAFAC
4208203003001,BEBDBMBTBbBjBdBUBNBCAwA0AdAYAQAGABADAABEA/BJBOBbBmBhBRBFBFBDAsAwAVAOANALAEAB
4208203003002,BPBZBaBYBlBrBbBRBAA8A3AnARAPAJAHADACAABLBWBXBhBlBkBbBMBFBCA4AiAZAQAFAMAFADAC
4208203003003,BXBZBuBlBfBlBQBRBLA+A2AWAPAQAGAFABABAABTBRBnBnBiBeBVBNBKBGAvAjATAOAJAFACABAA
4208203003004,BPBPBhBXBdBoBbBHBCBAAwArAcAKAJAHAEAAAABLBLBWBhBfBiBZBNBJBCA8AnAqAIASALAFADAB
4208203003005,AsAwBCBQBZBkBYBFBBBGBAAxApAXAWAOAIAFADAxA3A7BKBdBeBXBNBMBQBOA4AxAmAiAYAQAIAF
4208203003006,A/BKBQBRBZBYBUBABDBHA2AxAiARATAPAIACACA9BFBPBXBcBiBMBFBOBKBMApApAlAZAZAKAAAB
4208203003007,BHBGBQBaBoBpBWBFBLBEBBAgAcAOAGANAEAAAABABEBLBeBnBkBQBKBUBKA5A3AgAXAOAIAJAEAA
4208203003008,A9A/BRBQBbBnBVBABEBGA+AyAoATAQAJAEAGAABCA7BJBWBgBnBSBEBJBQBCBAAiAhAUAPAMAAAB
4208203003009,BDBFBOBQBeBaBdBNBPBIAyA1AiAQAMANABAEADA+BCBLBUBTBiBcBSBNBIBAAvAhAYAUAPAKAIAD
4208203003010,BYBYBkBeBcBrBhBRBJA/AzAeAVAMAKAGACACABBQBTBgBcBeBmBdBLBFA/AyAcAWAPALAHAFABAA
4208302003001,BGBLBbBXBaBaBTBPBIBAA3AtAnAUANAJADABAABBBPBbBZBUBcBVBSBMBCA2A1AmASATAOAFADAB
4208302003002,BCBDBYBUBWBXBSBJBFBAAwA5AqAYARAJAFABABBAA9BRBSBYBiBWBQBQBKBEA8AsAdANAMAFAEAC
4208401001001,BBBHBUBbBgBdBMBMBKBNBHArAoAXAUAMAHACAAA7BDBRBeBYBUBLBKBEBFA4AwAhAcAXANAKAJAB
4208450001001,BEBNBaBQBNBIBFBCBCBEA7BEAzAvAcAOAFACAABEBFBYBOBCBEBHBEBGBEBOA+A3AiAZAOAFADAB
4208500001001,BGBNBYBjBdBTBJBJBMBJA2AtAdAbAQAHAKAEABBFBLBYBhBcBUBLBHBNBFA5AmAjAaASATAJACAD
4208609001001,A7A3BKBeBQBIA8A8BYBSBZAtA0AgAXAOAOADAAAzBBBTBaBPA/AuBFBLBTBNApAwAyAnAbADAJAG
4208708001001,A5BKBOBbBVBPBFBHBMBMA2A7AsAYAVATALACABA6BJBWBaBRBLBIBEBMBJA0A/AoAmASAbAOACAB
4208807001001,A9BGBSBWBUBVBEBEBEBABDA7AvAjAZAQAJADAAA+A/BRBPBRBPBIBCBFBHBEBEAtAnAWATANAEAC
4208906003001,BBBIBSBbBfBkBfBaBLBBAuAsAbAXAZAHAEAEADBEBLBRBPBkBfBZBQBIA6AxAlAnAUASAQAEAFAC
4208906003002,BKBPBYBbBuBtBgBWBVA9BAAYALAVALAAAEACAABBBLBXBcBeBgBgBUBKBAA1AeAaANAKAOAJADAA
4208906003003,BJBIBSBZBtBsBkBTBQBGAyAiAbASAFAFAFAAAABKBCBKBWBnBjBiBWBNBCA3AhAaATAQAEAGAAAC
4208906003004,A8BABKBTBnBnBdBRBOBSA9AwAdAUANAIADAAAAA9A3BHBNBgBcBbBSBXBSBEAvATAdATAJAGAFAA
4208906003005,AsA5A4BOBhBzBkBQBIBEBAAuAoAOAUAPAFADABAxAtA6BCBgBwBkBWBNBQBFA6AkAeAWANARAGAD
4208906003006,A6AuAvA+B1CGBoBJBMBCA/AkAYAiAQAHADAAAAAzAxA1BKBwB7BjBQBJBNA3A9AeAcAWATARAJAC
4208906003007,BHBPBWBYBjBwBiBXBLA+AvAoAcANALAKAEAEAABOBJBRBYBhBmBdBPBEBBAzAiAbAQASAFAGAGAA
4208906003008,BKBEBLBVBvB0BlBVBNBHA0AgAZANAMAEACAAABBBBEBLBVBoBoBiBTBOBFA0AmAcAOAMAKAEACAD
4208955001001,AxBFBVBpBNBIA9A7BmBbBHA4AlAeAZASAHAFAAApBEBxBbBDA9A6A7BYBZBUAOA3AcAnAOAHAFAA
4209003003001,A2A4BJBVBYBYBVBJBIBKAvA5AdAfARAOAGAEAAA5BEBLBVBaBXBUBUBTBOBDA0AkAfAhASAKAFAD
4209003003002,BABABLBPBVBZBOBGBKBMA/AtAnAUAUARAJAEAAA5BCBNBRBYBaBMBMBLBRBDAzAyAiASAYANAFAB
4209102005001,BJBKBZBhBoBfBSBIBNBKA/AoAUANAMAGACAAAABEBGBbBhBeBcBJBOBUBOA+AvAeAQALAHAHABAA
4209102005002,BGBLBXBgBoBcBYBVBRBKA8AoAXAQAGAJACAAABBCBDBVBcBdBcBdBSBRBIA1AsAZARAIAHAHAFAA
4209102005003,BBBMBXBeBlBmBPBNBWBGA6AtAZAKALAFACAEAABFBJBXBcBiBbBPBSBYBJA7ApAaAOAHAKAHAHAB
4209102005004,BBA3BJBRBxBlBQBHBDBKA1A5AoAYAPALAEABABA8AzBKBUBhBYBMBJBPBMBFAyA2AaAdANAIADAE
4209102005005,BIBNBaBhBjBdBNBJBQBMA0AzAWAJAMAIAEACAAA7BFBWBfBjBXBUBSBRBOA6AwAbAUAOADANAAAD
4209102005006,A4A5A9BZB8B2BiBPBIBBA9AqAeAUAUAKAJABAAAwA1BABMBiBrBgBOBMBFA/ArAhAjASARAMADAB
4209102005007,A0A3BFBOBUBeBRBFBGBMBEAsAmAZASAPAIAEACAzA2BEBOBYBdBWBKBSBTBZAsAvAkAcAPAVAFAF
4209102005008,AqArA0A/BOBaBbBMBFBOBDA8AtAcAbAIANACAFAtArAzA6BPBpBhBWBMBXBYBEAyAoAeAaATAIAI
4209102005009,BJBGBUBcBuBjBSBHBHBBA5AuAjAQANAHAEAAADA8BEBUBaBhBcBSBGBKBEAvA/AiAcAaANAEADAA
4209102005010,A9A8BDBOBhByBkBZBMBJA2A2APAYALALAGAAAAA5BBBFBKBiBuBgBXBPBPBCAmAhAWAOAKAKACAA
4209102005011,A2A5BKBKBaBnBpBQBMBFBDAqAiAMAOAKAGAGAAA4A4BIBJBbBpBoBcBOBOBRApAvALANAMAOABAA
4209102005012,BGBJBSBfBpBcBWBCBJBBA2A0AhAOARAEAGAAAAA/BJBbBbBkBZBNBFBOBKA8A1AiAWASANAGADAA
4209102005013,A0A2A/BFBVBfBXBIBPBGAuBGAoAhAUAKAIACABAuAzA/BIBZBbBdBPBNBQBBBJAwAkAbAcAJAOAF
4209102005014,AuA1AzBVBLBPBhBVBaBFA9A6AhAWAdANAOABACA2A1A+AqBSBWB3BbBJBbA+AsA9ArAbATAJANAG
4209102005015,AvAwA2A8BRBQBbBQBDBKA8A9ArAhAYAUAOAHAAAoAsA2BABMBfBlBSBKBQBNA8BBAdAgAeAYAOAN
4209102005016,A4A8BEBLBdBkBdBKBMBBBBAxAsAVARAQADACAAA4A7BFBKBeBiBWBQBHBLBDBDA2AdASAJAKAEAB
4209102005017,A7A6BNBOBmBeBOBKBIBLA6AyAeAbAUANADAEAAA3A7BDBSBcBbBQBQBPBRA9A9AqAmAeAWAFACAC
4209102005018,BUBLBZBkBhBgBXBPBRBCAtAxAaANADAEABABADBKBMBWBfBgBcBWBPBSBJA5AlAaARAPAGABACAA
4209102005019,BZBfBuBsBhBVBaBVBOA2AkAmAPARALADAAAAAABcBWBrBqBaBZBVBQBKA3AhAmATALALAHADACAB
4209102005020,BMBMBcBlBvBsBkBdBaBEAxAkAXANAGAFADAAAABIBHBbBWBYBWBZBTBLBCAzAhAaAMAIAIAFAAAB
4209102005021,BGBLBcBgBbBpBSBKBNA+A4AxAhALAJAIADAAABBABDBUBeBYBbBWBLBQBNBAAxAaAdAPAJAEABAA
4209102005022,BHBKBcBeBbBdBTBOBLBFA2AzAdAeARAMADAIACA8BGBTBVBVBTBQBPBJA/A6AoAdAXAXAPAVAEAF
4209102005023,A2AyA9BFBSBpBbBLBHBDBFA4AlAYAOAPAPADAAArAzA6BIBRBpBbBUBPBTBEBFA8AYAeAYALAGAC
4209102005024,BDBMBcBXBhBcBWBTBOBIAqA3AaASALAGAFACAABABIBUBbBWBZBYBVBRBKAzAwAdATASAMAFAEAD
4209102005025,BIBJBeBdBcBeBXBSBMBBA3AsAaARANAJAFABABBGBLBaBZBXBXBWBUBOBFA4AtAcAYAMANAGADAC
4209102005026,BVBiBuBhBaBeBbBRBOA5A2AYAUALAFAFADAAAABQBbBkBiBbBeBcBSBNA9AuAfARAQAOADADAAAD
4209102005027,BpBlB0BrBeBcBZBOBLA4AkAbARAGADAGABAAAABYBhBrBkBeBbBUBSBKA5AtAUAXAHAJAEAFACAB
4209102005028,BUBKBbBXBZBiBkBbBTBEAxAjAVARAGAHABABAABJBLBTBXBbBjBjBWBVBDAzAmAbAMAJALAGABAA
4209102005029,BZBWBlBmBgBaBbBPBOBAAwAzAYALAFAEAFAAAABTBPBeBeBZBgBSBKBQA/AwAgAUARAJAIACAFAB
4209151001001,BVBZBoBiBJBQBCBEBFA6A5ApAmAgAaAMAJAGADBFBhBlBeBWBKBCBAA8BCAxAlAqAcAaANAMABAD
4209177001001,BVBPBZBhBKBAAxBKBYBIA8A3AqAoAUAKANADABArBMBcBYBBA5BMBJBQBFA3AyAnAiAcAZAUAFAF
4209201001001,AtBKBTBJA7BMBBBFBbBUBEA4AyAhAjAbAFAEAAA7A5BLBFBMBFBIBDBMBSA1BAA7AfA0APANAJAE
4209300003001,BUBZBmBjBQBWBNBOA/A4A6AjAdAbAOAKAFAAAABLBZBnBgBYBSBOBHA/BCA4AsAiAdAKAJAKACAC
4209300003002,BQBdBpBhBUBQBKBNBAA+AsAoAhAUARAJAFACAABKBVBoBcBaBSBOBOBTBBAiA4AfAaAOAMAHAFAB
4209300003003,BRBXBhBkBfBgBGBFA+BDAsAlAjASAOADADADABBOBRBeBZBbBaBSBBBKBDA2AuAhAaAPALAMAGAE
4209300003004,BGBPBdBpBVBVBJBHBFA/A8AoAmAeAOAQAHAAABBXBKBaBZBaBWBRBEBJBEA5ApAiAZANANAFADAC
4209300003005,AoAqA/BFBKBRBAA7BEBJBAA/AqAiAUATAUAHACAiAoA2BLBYBZBPBLBLBkBpA9A4A0AnAfATANAH
4209300003006,BIBQBfBdBTBUBJBCBDBAAoAwAdAYAQAQAFAEADBGBHBVBVBZBXBMBJBPBIA5AzAxAgAYAQANAFAE
4209300003007,A7BQBbBbBVBXBMBFBFA/A1ArAfAcAOAKAIABACBKBLBVBXBZBYBRBOBLBIBHAtApAbAPASAEALAE
4209300003008,BLBNBmBcBVBQBFBGBDA+A4AnAcAdAOAMAHAGABBDBLBYBbBaBTBNBKBOBABAAzAnAcARAXAHAJAC
4209300003009,A3A8BJBTBZBXBNBIBFBCBEAoAnAdATALAGAGADA6A8BLBSBVBbBPBMBQBTA6BCAzAcAaAVAPAKAC
4209409003001,BDBHBQBQBNBMBDBDBMBKBGA6ArAeAaAKAIACAEA1A7BUBVBMBKBCBKBNBPA4BIA6AoAbAMANAFAG
4209409003002,A2A/BUBaBMBFBEA+BGBGA7BCAzAfAZAQAOAHAAA6BABOBRBHBMBHBDBHBKBFBEA1AsAfAYAPAFAH
4209409003003,BCBJBTBYBNBQBGBHBLBHAxA5A1AdAWANAGACABA+BDBUBWBOBLBKBMBKBJA9A6ArAsAbAOANAGAB
4209458001001,A3A6BZBaBPBHA1BLBDBbBTA8A0AfAfAUAFADAAA1A3BCBfBOA+BIA7BHBTBQAyA5AiAXAZANADAH
4209508001001,A+A/BTBgBbBKBNBGBVBWAxBAAqAZARAEAEAFACA6A8BRBaBVBUBIBLBUBRA/A1AgAbAYATAGAFAC
4209607001001,BBBLBVBbBdBYBFBIBJBPA7AwAiAeAXAKAFACAABEBJBHBXBfBRBGBJBIBOA1AxApAdAdAQAHAGAC
4209706001001,BXBhB0BnBOBJBHBLBCBBA2AkAiAfAKARAFADAFBUBgBpBiBMBHBIBGA8A4ArAwAgAUATAMAIACAB
4209805001001,A8BPBRBfBTBZBKBSBUBQA+A1AoAhAUAVAGAAACBFBNBNBXBEBLBEBKBEBCA8AxAhAXAhAQAKAEAA
4209854001001,A6BLBNBSBIBMBLBIBRBUBEA9A6AlAVAUANACAAA1A6BGBOBDBRA9BBBOBLBAA5AxAiAbAXALAKAJ
4209904001001,BKBNBWBWBVBaBOBNBJBAAvA0AnAWAUAOAIAGACBEBGBbBUBUBdBMBKBGBBA8AnAmAcAXATALAIAA
4210001001001,BLBSBXBgBtBiBQBLBLBCBDAoAZAeANACAKABACBGBNBQBeBnBXBPBABAA+AwAqAYATASAMAOAJAD
4210035001001,AtA0BMBZBUBIBCBCBHBXA4A/AvAoAgAWAHADABAoAxBRBOBJBIBGBBBYBSBEBBA1AtAfAgAPAKAF
4210050001001,AzBOBmBnBcBSBDBGBDBQA6A9AoAtAHATAHAHACBGBSBgBVBEBDBHBKBFA2BBAxAnAWAUANAKACAE
4210100003001,BGBNBYBbBTBRBOBOBGBDA/AoAfASASALAIADACBIBOBaBVBRBPBQBOBKBJA7AxArAeAXAKAQABAA
4210100003002,BEBTBaBXBYBUBXBOBHBEA6AvAmAVALALAJADACBBBLBTBSBLBYBWBJBEBGA6AxAoAXAXANAPAGAC
4210209001001,A+BGBSBfBKBOBMBIBPBKA/A2AvAcAaAQASAFACA4BEBbBXBRBLA+BHA8BDBCAkA3AZAUAbAVAJAE
4210308001001,BFBOBkBeBSBWBPBKBDBJBBAuAkAaAUAOAFACABBNBOBhBeBKBKBKBBBHBFAxAyAcAgAWAOAGAHAD
4210407001001,BHBNBaBWBpBdBPBDBEBBBDA0AgAWAYALAFACAABOA+BYBQBiBXBEBJBBBEBHAsAhAbATAOAEAFAB
4210506001001,BGBFBRBXBeBWBLBKBMBHA6AuAqAUAPAOAJAAAAA6BBBSBXBYBZBNBNBPBIA4AtAyAbAUAUAMAFAD
4210555001001,AjBKBkBeBGA+BCBDBVBYBaA2AuAsATASANAEAAArAuBbBdA2BDBABDBWBMBEA1AoAgAiAUAVAHAH
4210605001001,A/BEBNBeBWBXBTBJBVBIA2A0AqAcARASALACAAA2BDBJBWBTBWBTBMBDBGA3AwApAaAaAUAQAHAA
4210704001001,BeBhBoBnBEBJA9BJBQBJArA2A0AZAOAOACAJAABHBaBuBgBCBNBBBCBAA2ArA0AbAeAOAJASAHAC
4210803001001,A6A+BNBeBbBLBGBLBNBLA/AwAnAfAZARAHAEAAA2A/BTBhBYBRBEBKBLBNA4A0AsAdAXAYAPAGAE
4210852001001,A/BEBpBYBFBCBBBMBZBJAwA2A2ArAZARAHADAAA5BYBgBbA9A9A/BJBRA5A0A1A0AbAfAcAJAFAA
4210902001001,A7BOBYBhBSBSBIBFBVBPA+AuAfAjAbAXAFAEACAxBFBSBUBHBLBEBDBPBNAzA2AjAtAUAkAIAEAD
4211009001001,A7BCBJBaBjBrBdBYBSBNBBAyAnAYASAOAIAEACAvA8BQBWBUBPBABCBEBDA8AzApAdAaAKASAEAC
4211058001001,BSBqB2BmBLBKBQBOBHA9AzAlAeAOASAOAEACABBIBoBuBkBLBKBMBLBDA5AwAkAiAUAVAJAEACAA
4211108001001,BHBdB0BeBNBRBWBJBLA9ArA2AcAcAVANAEAHABBIBbBhBcBOBLBHBGA/A4AzAtAhAdAZAQAFADAC
4211207001001,BOBKBcBjBoBaBOBGBLBFA0AwAeAQAOAIAFAAABBABHBYBeBdBXBQBGBMBMA8AoAhAXAWAJAGAEAB
4211256001001,A7BCBbBpBjBRBGBCBYBSAyBJAhAeATASAHAIAAA5A2BMBhBbBQA/BEBUBIA+AhAkAdAQAXAEADAF
4211306003001,BFBKBYBTBLBUBOBOBIA7A/AxAuAfAaARAFAAABA9BEBRBTBOBZBPBCBGBCBAA6ApAqASATAMAEAC
4211306003002,BZBfB1BoBhBgBUBOBDA8ArAgARANAIALACAAACBbBcBuBiBgBbBSBGBGA6AqAdATATAEAIAEACAB
4211306003003,BJBNBSBXBbBeBTBPBGBBAzAwAbAcANAKADABAABKBHBXBVBZBhBWBHBJBFA/AsAlAYATASAHAEAA
4211405001001,A7BRBdBdBbBXBHBHBMBQBAA2AlAcASAQAIAHAAA1BBBTBbBLBIBTBQBCBFBFAuAlAcASAPAPACAB
4211454001001,A3BOBsBgBLBIA/BIBYBaBOAuAoAcATAOAHAFAAAvBJBmBkA6A9A9BIBFBMBDAyAlAbAYAOAUAGAA
4211504001001,A6A+BUBcBlBfBNBJBLBRA/A1AkATAUARAGAAABA3A9BJBVBYBPBOBGBNBPA8AsAjAiAVARAVAHAB
4211603001001,A7BKBVBgBgBUBLBGBQBLA3AzAoAZAUAKAKACADA6A/BSBfBhBaBIBGBMBKA2AuAhAYAVAQAHAGAG
4211652001001,A4BgBfBfBQA5AxBOBXBXBGBHA6AiAbALACABAAA6BPBXBKAtA7A8A/BPBRBTAqAZAwAZAQAMAHAF
4211702001001,A/BGBSBaBaBaBNBQBMBMA2AwAaAYARAVAGADAAA9BDBSBZBZBWBNBLBMBLA5AyAqAgASAPANABAB
4211751001001,BTBSBgBfBUBSBPBQBLA/AwAvAkAbAQAJAGACABBKBQBdBVBSBSBVBOBJBAA0AuAjASAQASACADAD
4211801001001,A9A9BRBaBUBRBFBFBNBOBHA0AqAeAWAQAGAEACA3BDBHBUBTBJBHBFBQBPA/A0AxAeAeATAUAIAD
4211850001001,A8BNBoBlBMBNBLBCBNBZBEAoAoASATAMAMACAABEBMBVBWBSBOBBBNBNBCA/ArAgAZAdASAKAFAE
4211876001001,AvBLBiB3BSA7A5BFBABgBYBGA2AaAKAZASADAGA9BDBOBVA9A1BABBA5BFBMBAApAbAfATAQACAA
4211892001001,A5BTBiBeBMBMA/BEBOBIA5A9A4AoAkAQAGAHACBQBCBZBLA6BHBFBDA3A9BVAwAiAkAmAEANAEAA
4211900003001,BCBKBWBdBRBOBLBTBLBIBBA8AmAjASAPAKAEAAA3BEBWBVBBBJBLBLBHBFBKAyAxAcAVAUABADAD
4211900003002,BeBTBXBWBPBgB5BlBSA4AsAXAYANAHAEAEAAAABVBGBYBRBVB2B2BjBGA4ApAgAUAPAHAHAFAAAA
4211900003003,BQBRBfBcBkBjBTBKBCA/AwAwAWASAEAHADABABBJBPBeBlBqBdBSBHBGBEA3ArAcASAKAKAHAGAA
4211900003004,A5BCBTBXBlBpBUBQBCBDA4A0AbAUAKAFAGAEABBAA5BPBeBtBgBRBIBOBLBDA1AdAcANAPAMABAA
4211900003005,A/BGBbBZBfBcBcBVBKBFAtAxAhANALAEABACABBEA+BYBcBiBdBhBTBTBJA9AqAZATASAFAJAEAA
4211900003006,BIBTBhBjBYBcBbBTBQA/ArAtAfAJASAFAEAAAABKBPBfBdBcBXBTBTBKBEAzAkAfAPAYADAEACAC
4211900003007,BFBHBaBZBhBoBfBRBMA/A7AiAXAZAJAGADACABA+BGBUBaBcBlBZBTBOBIA4ApAaASAQAKAJAEAD
4212007001001,BQBOBsBsBbBJBBBBBCBHBCAuAjAiAYADAEACAABHBHBuBkBSBFBDBFBEBEAzArAgAbAbALAKAEAB
4212056001001,A9BVBVBbBLBGBPBDBFBGAyA5A/AgAhAVAKAIACBMBWBfBKBDBMBIA5A/A2BCA5AmAnATAQAIAHAA
4212106001001,A5BEBNBaBLBIBFBKBNBKBFA/AtAlASAUALAFAAA3A/BJBWBIBIBFBJBLBJBABAA0AeAcAUAQAKAD
4212205001001,BHBYBjBpBXBSBPBGBJBEA3AxAlATASANAHAEABBFBWBhBeBQBMBHBDBEBCA6AqAdAYARAPALAHAB
4212239001001,A0BKBlBiBGA4BBA4BRBQBPA+AxAiAgAUAMADACA0BCBjBbBFA0A4A9BIBIA9BHAhAyAoAWAGAEAA
4212254001001,BOBZBaBTBaBiBEA/BHBIA6AxAlAbAZAHAEACABBDBZBOBcBNBXBLBHBDBUA7AyAiAVARAIALACAB
4212270001001,BEBeBvBnBOBJA/BLBLA3A9A3AmAZAQAIAHAFADBNBaB2BlBFBHBCBAA+A8A4AxAkAaAUAFALAAAF
4212304001001,BCBIBbBnBaBOBPBJBHBFA1AyApAXAfAQAGAEADA8BPBVBVBQBRBGBIBEBFA3AtAqAjAWASALACAD
4212403001001,A6A7BMBXBZBWA8A/BTBVBIA/AtAeAcASAIAKAAAuA9A9BHBPBKBABBBOBPBOA2AvAlAiAZAQAGAE
4212502003001,A+BNBXBUBUBRBOBNBHBBA6A0ApAhAWAPAIACABBDBHBWBSBOBUBOBJBHBBBCAzAjApAZAOAMACAB
4212601001001,A7AwBABYBIBDA+A0BQBdBVBAA/AeAWAfAKACAAAvA7BPBPBKA1AyBCBaBUBEA9A2AiAxAaASAHAH
4212700001001,BAA/BgBoBWBGA/BHBQBPBEA2AmAnAXATALADACA1BFBNBVBKBDA/A7BPBOA+A1AsAgAcAcANADAB
4212809001001,BNBQBkBcBTBMBQBHBFA/A8AuAjAgANAMAGAEADBLBIBbBXBJBQBTBJBDBCA+A9AoAeAPALAJAFAD
4212908001001,A8BHBUBkBnBhBNBJBKBLA5AlAeAXAUANAHAAABA9BGBNBgBtBaBJBEBMBCA2AqAeAfAZAPAHAEAE
4213005001001,BKBRBOBpBXBJBLBHBWBRA4A0AhAZAQAWAFAEADAnBFBOBoBZBHA3BGBYBOA/AjAgAoAnALAHAEAC
4213104001001,A/BBBEBMBZBNBOA4BHBKA7BHAwAjAaATAMAHAAA3BEBLBPBdBNBEBEBCBCBJA9A3AfAYAYAQAFAD
4213153001001,A2BJBdBsBeBDAyBBBNBSBSBBAmAlAUAVAHACAGArAyBRBRBIBDA5BABKBaBCBIAqAeAjAMAPAHAA
4213203003001,A5A5BHBLBYBhBaBYBSBHBCArAwAVAZAPAGAAAAA7A4A+BIBVBgBXBSBOBJA8A1AhAeAeAXAFALAD
4213203003002,A+BDBEBQBdBhBcBVBQBFA8AvAwAVAXAIAGAAAABAA9BHBQBVBbBaBQBOBHA8AsAiAjAdASABAEAC
4213302001001,BFBkBrBYBXBCBLBDA5A6AyA3AsAeATAVAEAFACBJBbBmBWBPBHBIBKBCA6A0A5AmAaAZATACAGAB
4213351001001,BcBVBzBoBUBOA+BHBJA2A3AkAZAYAMAIAJAIAABIBdBtBsBYBJBSBBBJA5A8AZAgAYARAJAJAGAC
4213401001001,BUBVBoBrBUBPBIBIBBA/A3AqAjAbALAKAHACAABMBSBkBhBOBLBIBEBEBCAyA0AnAZAXAOAGADAC
4213500001001,BBBTBQBaBWBTBVBMBEBGA1A3AgAbAVAMAEAFABBCBLBZBQBRBZBRBNBKBKA3A1AqATATARAKACAD
4213609003001,A+BFBVBVBYBJBMBABEBHA7AuAlAYAeAJAGACAAA4BFBPBYBbBMBNBOBNBNA9A6AvAaAmAOAWALAB
4213609003002,BQBUBfBVBTBNBNBKBIBCA4ArAmAeATALAIADAABGBTBbBYBMBMBIBMBEBEA7AtArAXAbAUAIAGAB
4213708001001,BNBRBaBZBcBcBSBEBDBAA6ApAwAbATAIAIADABBNBLBUBZBbBVBNBGBCA9A7ArAmAWAUALAMAFAB
4213807001001,BDBDBVBjBOBLBLBFBJBEA8A9AtAfAWASAHAEACBCBCBUBbBOBIBMBJBFBBA9A2A0AeAXANAGAJAD
4213906001001,AmBPBSBXBDBAA9BPBXBWBGBOArAvAZAOADACAIAwArBQBQA2BBA1BPBSBCBIBOA5ArAeAYAOAGAE
4214003001001,BBBKBUBVBeBXBPBGBEBNA8AnAnAdAUANAIACABBDBDBOBXBWBSBOBHBJBLA3AxAuAbAZAQALAIAE
4214102001001,AzBCBRBkBfBIA8BIBSBRA+A5AwAcAaAUAVACAAA+BPBbBWBIBIA2BDBJBCAtBJAbAlAlATAOAEAA
4214151001001,BFBPBSBpBNBWBIBTBGBPBHApAqAcAbARAAABAAA1BEBZBmBZBJBFA3A6BGA7AtAdAxAZAPAGAMAC
4214201001001,A0BIBRBjBZBSBDBCBMBJA4BAAsAeAWAUAJAEABA7BEBZBgBTBPA9BHBIBGA4A1AnAoAXAMAJAGAE
4214300001001,A5BHBSBUBIBEBPBXBVBMBCA4AvAkATAOALAHAAA3AvBbBRBPBHBSBPBDBKA9AsAyAhAbATAMAJAA
4214409001001,BIBNBiBdBSBQBABKBIBHBDAxAoAkAdAKAHAEACBABIBbBRBMBHBEBDBABEA9AyAqAjAXAVAPADAB
4214508001001,BKBTBXBYBQBXBFBQBRBJA/AtAwAcAUALAFACADBBBFBWBUBLBNBDBJBLBEA3AvAqAjAkAGAIADAC
4214607001001,A7BGBRBZBUBQBFBIBPBPA4A9AtAgAZAUAKADABA7BBBRBSBHBKBIBFBCBHA9AyAyAmAVAbANAIAE
4214706001001,A9A/BGBSBcBUBUBKBMBKAvBEAzAqARAPAJAKAFA9A8BFBMBQBLBSBHBDBAA3A+AsAbAXAXAYAKAB
4214805003001,BIBMBaBQBeBYBTBVBIBGAsAyAgAcALAGAFAEAABJBHBWBQBbBeBSBRBKBDApBAAUAcAWAPAKAIAB
4214805003002,BFBGBRBUBlBiBUBPBHBDAyAwAeAcAQAHAFABABBABEBQBMBaBeBTBSBJBLA8AvAkAZAUANAPAIAC
4214805003003,A6A5BIBSBdBhBWBIBCBHA+ApAnAXASAPAGAGACA6A8BGBTBhBhBWBIBLBPBIAsAtAiAbAOARAFAC
4214904001001,A8A2BCBbBnBcBEBGBIBjA+BDApAhAVASAIABAGAzAyBJBaBZBIA2BDBQBPAyBHAgAwAZAQALAIAA
4215000003001,BLBQBXBVBWBbBXBOBIBMAvAzAWAUATAIAEAFAEBBBNBaBRBOBYBQBKBVBEA+AnAZAtAQAIAOAFAB
4215000003002,BNBgBrBdBOBZBVBPBKBBA6AdAdAPASALACAAAABMBbBjBZBQBZBQBLBGBDA/AcAgAUAPAIAGAHAA
4215059001001,BABIBlBfBPBMA+BUBWBMAyA6A0AWASAIAEAHAIBHBYBpBgBABIBDBEBOA8AyA0AlAYAOAIARAHAA
4215075001001,BJBPBgBmBFBCBABLBRBLA7A5AuAoAWAMALAEABA1BEBYBjBEA+BABLBAA6A6A0A2AmAXAeALADAA
4215109001001,AvA3BJBQBZBTBMBKBPBKA+BDA3AfAeAPAFAHACA2A4BCBOBLBTBNBIBJBLA6BFA1AhAcAVASAFAD
4215208001001,A7BOBmBSBAA5A3A+BKBQBSBDAtAxAgALAEACABAxBDBdBMA9A9A4A8BOBSBMBAArAuAlAWAOAGAC
4215307001001,BABLBlBnBSBVBDBGBHBHBBA4AoAjAXAJAEADABA8BIBWBXBVBNBHBHBLBEA7AvAmAfAVAMAKAHAA
4215356001001,BOBgBmBlBMA6BDBBBJA3BFAvA6AgATARAPAAACBCBQBuBcBJBDA4A7A4BCBHA0AtATAYATANACAC
4215406001001,A8BJBgBmBVBYBJBOBKBPA2AmAuAbAaALAHAAAEA9A4BaBdBdBOBDBHBKBDA6A0AjAjAVATAEAGAB
4215455001001,BbBdBkBnBqBcBRBGBGBCA4AbAZAQAMAHAEAEABBbBSBgBlBhBaBJBAA+A8A3AiAaAPAIANAFABAE
4215505001001,BVBeBvBeBUBTBUBIBDA6AsAoAYAcAOAJAFABABBSBYBvBkBVBXBKBNBDA/AtAlAeAVAOAKAHAEAB
4215554001001,A1BHBSBlBNBKA0BJBYBYBNA8AzAiAcALAKAIAAA5A3BOBRBOA4A5BABKBQBKA7A0AfAcAPASAHAA
4215604001001,A6A4BgBkBWBYBEBFBeBXA8A/AnApAcAQAHADAAArAvBHBgBRBBA+BIBNBDA5A7AwAiAoAOAGACAC
4215653001001,BFBKBaBhBOBMBGBCBQBKA8A7AqAUAaAJALABADA+BOBZBVBMBQBFBGBKBGBEAwAwAdAYAOADAFAB
4215679001001,BABWBrBzBfBaBRBUBTBGAwA7AiAXAZAHAAABABBABNBmBmBGBFBFA8BGBFAvAjApAQAeAGACABAA
4215687001001,A/BLB0BhBLBGBAA+BKBBBKAoBBAlAVARANAFAABFBEBiBZBABAA3A1A+BLA6BDAvAhAeAQARACAC
4215695001001,A2BEB0BtBMAtA5A/BVBhBABAA0AeASAQAKAFAABCA/BGBRBXBLArA+BZBDA9A8AuAqAXAZAIAEAA
4215703001001,A9BCBbBcBdBXBRBQBWBHA4AxAjAUAPAKAHAFABA3A8BUBZBYBVBOBPBMBOA5AqAlAbASAUAMAGAC
4215752001001,BBBUBxBvBQA0A/BABOBLBAA9AvA1AWAPADAAAAA5BXBkBpAzA7BFBABAA8BDAxAvAWAZAJAHAFAE
4215802003001,BYBTBZBVBaBjBgBOBFBCA5ArAZASALADACABAABQBIBYBZBZBlBXBLBFBGA4AoAWAcAKAJAHACAE
4215802003002,BFBPBSBYBfBoBeBUBNBDAxAsAiARAKAEACABAABDBLBWBbBaBfBbBSBNBHAvAsAXASATANAFAEAE
4215802003003,BMBJBWBXBUBeBaBUBPBAAxAvAXAeAKAOAEABAAA+BFBXBUBTBaBfBQBJBIA0AvAhAaAUATAIAEAB
4215802003004,BJBHBTBTBcBgBgBRBIBCA/AlAbAXAJAMAEABAABDBKBUBMBYBoBdBPBNBGA3AvAeAVAQASAJABAB
4215901001001,ApA5BPBGBXBABNBIBMBiA1BTBEAgAaAWAPAJAAA6A8BKA7BIAzBCBJBGBCBFA6A1ApArAhAPAGAA
4216008001001,BCA7BNBQBYBWBJBLBNBNBGA/AkAlAQAJAHAGACA5A9BFBSBbBQBKBDBIBIBCA7A4AbASATANAJAD
4216057001001,BMBLBhBZBjB9B3BjBNBKBEAuAXAnAMAJAFAFACA+BMBjBRBMBDBFA6A8AwAuAjAcAVARAHAFAFAC
4216107001001,A9BOBgBaBOBPBCBHBHBNA4A9AnAbAbAVAGAAACBAA/BWBXBJBPBFBLBIBJA/A6AgAnAZAWAIABAB
4216206003001,BEBQBaBaBVBSBQBHBHBFAyAyAjARAYAJAHAEAABHBLBSBTBVBaBQBLBIBGA3A1AmAgAVAQALAFAE
4216206003002,BGBTBbBbBIBOBJBHBEBFA7A5AoAoAYALAIACABBJBPBZBPBFBNBOBDBDA+BHAyAuAhAbAQAJABAA
4216255001001,AxA5BHBeBKBQBCBIBYBTBMBJA6AeAaANAHAFAEAmAuBYBTBJA+A7BIBKBNBFBFAzAnAaAUAPAJAD
4216305003001,BRBRBeBmBrBmBaBVBIA7ArAmAdAQAKAKAEAAAABGBJBcBfBlBlBVBOBLA8AnAkAcANANAIAIACAC
4216305003002,BABHBUBjBsBgBXBQBRBDA1AoAVAUALAFALABAABBBKBLBdBnBlBVBSBQBEA1AdAhAVAQAOAGACAC
4216354001001,A+BXBaBpBVBQBPBGBOA+A7A6AuAUAcARAIAGAABIBQBgBQBMBUBRBCA9A7A3AoAkAZARAVAJAAAA
4216404001001,A6BPBWBiBYBIBBBFBPBSBBAxApAeAUAMAIAFACA5BCBdBhBKBOBCBEBIBOAzA1AqAlAaANAOADAC
4216503001001,BKBLBVBSBWBUBIBJBOBJA6AxAmAhAVAJAJADABBNBJBMBWBUBOBEBMBRBHBAAwAnAaAZAOAGACAC
4216602005001,AyAzBBBHBeBkBbBVBJBDBCAtAlASANANAHAEAAAvAyBCBFBgBmBmBVBWBSBMA3A1AWAWAZAGADAC
4216602005002,A4A3BCBMBoByBgBDBEBBA4AtAiAdALAKAIAAAAA0A1BCBNBiBwBeBFBNBJBNA6AoAdAeAWALADAA
4216602005003,BGA+BJBOBfBeBSBNBDBBA9ApAnAYAJAMAIACAAA9A6BIBOBfBfBWBQBJBLBHA3A2AiASAVAFAFAE
4216602005004,BKBQBfBiBlBbBZBWBOBDAxAmAaAOAGAGACABADBFBGBYBgBdBdBYBZBPBDAyArAWAUAMAJAFADAA
4216602005005,BLBABHBQBbBnBeBJBHBCAtA7AdAWAHAFAIAAAAA/A6BNBPBYBtBmBTBFBIBGA8AjAXAcAKAJAEAC
4216602005006,A/A5BLBOBeBtBmBRBKBCA1AqAjAOAJAFAFABAEA6A4BHBRBmB0BdBSBJBKBAA3AiAdAXAIAFAHAB
4216602005007,BSBcBsBlBZBTBRBSBKA9A1AfATATAKAGABADADBOBVBpBkBbBUBSBMBKA/A0AkAXAXAPAGACACAE
4216602005008,BFBEBQBZBhBqBeBUBKA+AyAtAbARAMAGABAAAABKBEBQBWBbBqBiBSBXBEAyAvAhAQAQAGADADAC
4216602005009,A3A2BCBRBgBrBTBLBJBCBBAvAlAQAQAIAGACAAA1A2BCBNBhBsBbBKBUBWBNA5AmAlAPAPAPABAE
4216602005010,AlAsBBBEBXBgBNBEBCBHA8AsAlAZASANACAGAAAcA0A3BKBbBdBmBeBJBYBpBYAyAqAdATANASAC
4216602005011,ApAvA1A8BVBnBaBUBHBFBEAxAlAaALAKAJABAAAzAxA4BBBdBwBlBbBXBZBDBKAqAgAYAYASAEAF
4216602005012,A7BGBPBSBrBuBdBLBIBCA/ArAZAVANAHAGAAADA+A+BOBUBlBtBWBJBKBKA+AvAaAaALAGAOAHAF
4216602005013,BSBWBpBYBWBmBsBgBNA4AwAVAYAHAHAAADACAABTBVBdBaBjBqBqBcBLA2AqAcAYAHAHADAHACAA
4216602005014,BCBFBRBRBkBwBbBOBBA6A/AvAfARADAHAAAEABA7BBBLBPBqBsBaBOA/BLBOA1AnAXAOAFAIAFAC
4216602005015,A3A7BGBZBcBeBRBJBLBIA8A1AyAbAMADAMAAAAA4A5BDBUBeBVBUBMBSBVA9BGAmAhAVAOAHADAF
4216701001001,A+BCBbBVBUBSBEBDBOBNA7A+ArAbAeAQAGADAAAwBCBVBVBSBMBFBFBMBKBBAxAwAgAfATAOAGAA
4216800001001,A+BPBhBWBAA/A/BKBSBNBAA+AuAqAWAeAMAFAGA3BJBgBRA/BCA/BCBCBEBHAxAkAmAjASASABAC
4216909001001,BIBKBdBdBXBQBNBGBKBEA3AwAlAiARAIAGABAABABIBRBcBbBWBMBFBKBJBDAoAfAfAXARAIAIAC
4217006001001,BMBKBaBnBuBiBQBOBXBGArAqAaASAPAIAHAAAABABMBUBfBlBWBWBMBQBDAnArAXAZARAIADABAC
4217105001001,A4A5BSBXBQBPBABKBQBVBIBDAlApAUAZAUAFABAvA3BABRBLBDA5BHBBBFBKA7A6AYAaAeAeALAC
4217154001001,AxBWBRBgA3BIA4A+BhBbBPAtAxApAjARALAFACA3A5BUBWBBAzAzBBA9BcBKA2A5AqAfAcAMACAC
4217204003001,A9BEBYBeBjBZBQBHBJA/A1AwAdAcAWAGAEAAACA7BHBQBbBjBZBTBNBQBIA9AsAiAZAgAPADAGAC
4217204003002,A8A4BMBRBbBaBNBGBDBMA/AyAlAcAQATAJACACA4A4BHBUBhBbBPBKBRBPBGA0ApAkAdAVAGAEAE
4217253001001,AmAjA8A8CvDQCiBwBwBIA5AnAwAcAbAVAKABAFAjAlAuA5AzA4A0AnBAAzApAjApAhAmAcAPAJAB
4217303001001,A3A/BWBnBjBOBGBHBYBXBHAzAZAdARAUALABABA0BCBNBgBdBFA/BGBOBKBFAqAbAiAZAaAKAAAF
4217402001001,BLBIBWBWBlBmBiBYBPBAA2AkAfAQAPAKAFABABBOBEBUBTBbBqBZBRBKA/ArAmAaAUAQAMAEAFAB
4217501001001,A6A3BSBVBfBZBPBNBRBQBDAwAiAcASAQAJAFABA8BEBNBSBYBVBPBKBMBJA/AuAkAfARATAKAHAC
4217550001001,AwBBBOBrBTBBA+A7BiBXBAAyAvAcAYAPAEAJACA6A7BfBoBHA8A4BQBMBZBAAyAiAjAeAUAOAHAD
4217600001001,A6BGBWBcBfBYBMA+BIBNBEA4AeAYAXAMAFADACA5BBBPBVBWBUBIBBBGBTBLAyAqAdAbATAKADAB
4217709003001,BAA/BTBdBaBOBMBGBEBFA5AsAeAMAXAWAEAAABBFBDBSBjBYBaBQBQBQBVAvA6AgAsAaAPAEAEAD
4217709003002,BMBWBkBmBYBZBGBNBNA+A6AkAaASARAQALADAABHBOBZBfBXBVBOBHBMA+A2AsAsASANAQAIAAAC
4217758001001,A5BMBuBiBFBDBEBIBMBLA+BSApApAaAMADAGAAA4BUBRBWBAA3A9BDBABBBOA9AzAiASAPAPACAE
4217808001001,BABKBXBXBUBXBOBJBJBKA3AyAnAfAgAIAGAEABA/BLBQBZBRBQBKBJBBBKA2A3ApAhAYAQAMAEAC
4217907001001,BDBFBVBcBTBTBKBIBUBTBNAiA0ATAZATAHADABA5BBBQBRBSBKBABCBMBKA/AoArAiAfAMAQAHAD
4217956001001,A+BPBKBkBKBEBEAqBDBdBbBAAxAoAdAMAIAFABAqA3BUBgBFA7A4A/A6BSBPBLAnAdAyAUAKAHAA
4218004003001,A7BFBVBeBlBXBSBIBHBJA2AyApATAHAHAIABADA8BABHBcBcBcBQBRBRBLA7AzAiAUAdARAMAHAA
4218004003002,BEBUBYBhBdBgBXBRBFA/A3AsAdAVASAQAGACABBDBNBWBcBdBYBXBIBFA+AxApAhAaAQAMAJAFAB
4218103001001,BABIBSBhBOBVBLBCBNBMA4A1A0AiAWAJAJAGAAA9BFBMBeBUBMBAA8BOBIA5A3ArAfAYATARAFAA
4218202003001,BABDBLBRBjBhBVBVBKBGA/AsAdAWAZAKAAACACA5A+BKBRBZBdBXBKBPBMA9AyAeAoAYANAIAEAA
4218202003002,A8A7BLBTBbBaBSBQBNBJA4A8AdAfAaAFAHAEACA2A7BHBQBUBdBTBUBQBNBAAxAgAqAbATAHAEAC
4218251001001,BhBfB5BmBWBOBOBOA8A7AsAgAiAOAQAEAFADAABYB0B9BoBSBbBHBDA+AxAxAXAVARAKAIAEAFAA
4218301002001,BNBNBcBZBUBaBSBLBGBDA4AxAeAZAPALAIABACBLBTBaBVBSBWBSBIBDBHA7AtAbAgASAKAHAGAB
4218301002002,BhBtB5ByBUBMBTBEA6AuAmAfAaAVAKAEAHADABBXBrB1BlBRBOBPBJA3AzAjAwAhAWALALAMAAAB
4218350001001,A0A+BSBRBcBTBTBLBOBQBNAuAnAeAWANAOAGAAAxA2BJBUBWBRBNBSBOBQAyA7AoAdAUAMARALAD
4218400001001,A6A8BQBfBfBPBLBNBMBMA9AzAqAmARAKAIAEABBAA6BQBfBhBOA5BLBQBLAuBAAqAcAdAQAJAEAB
4218509001001,BKBMBQBUBqBjBQBLBFA8AzAsAeAcATAKAIABAAA9BIBZBbBZBhBaA/BHA/AxAuAsAdAYAIAJAFAE
4218608001001,BFBMBQBQBcBYBLBQBEBKA1AzAgAjAWALAJADABBFBFBEBSBTBWBQBGBRBFA2A3AdAqAVAVARAFAC
4218707003001,AsAgA0BKBeBcBOA5A9BKA8A1A1AXAbASAHADAAAkAqA4BVBxBkBTBABJBdBKBLA9ArAeAcAbAOAB
4218707003002,A8A5BIBVBlBiBOBEBMBOBDAvAiAfANALAIADAAA1A5BIBQBcBXBRBLBPBWBAA7AmAiAYASAJAEAA
4218707003003,A+BEBOBgBcBgBRBCBMBNBBAtAjAUATAKAJABABA6BEBNBaBaBZBMBGBMBOBAAwAqAYATAVAHAFAA
4218707003004,A2A4BIBPBdBYBHA5BDBRBCA6AwAdASAQAHAEAAAwA0BCBKBUBVBNA+BNBdBaA1A3AnAkASAQAGAD
4218707003005,AyA8BEBTBTBfBPBDBGBPA/A8AqAdAPARAEADACA2A5BDBOBYBgBOBCBPBZA1BPA1AfAcARAJACAG
4218707003006,BFBABLBPBZBZBUBIBIBMA6AwAlAWASAIAGAEAABDA9BJBMBbBeBbBKBPBSA8BCAvAcATAOAHAEAA
4218756001001,A5BFBSBhBLBPA8BJBTBPBQA1AwAiAaAMAKADACA2A7BRBRBCBMBGBGBJBGBMAvAyAiAiAVAJAFAB
4218806001001,A8BBBVBaBcBWBNBDBLBOA2AxAjAcAYAIAHAGABA9BFBIBgBYBYBMBKBOBNA+AsApAYAZARANAFAF
4218855001001,BMA6BYBZBVBBA5BCBZBUBGA5AmAjAYANAJAGAFA3BCBPBdBOA2A2BBBQBOBBAxA9AlAcADAbAFAK
4218905001001,BPBPBdBiBPBRBIBDBIBHA+AsAmAfATAMAGADADBLBNBaBVBLBWBAA+BLBJAyA4AnAdAQAUAKAGAC
4218954001001,A6BUBNBUA/BQBMBNBdBJBIAtA1AkAcAIAMAJAAAvBUBRBLBCBDBNBJBRBOBLAkAqAlAiAJAEAFAC
4219002001001,A1A7BHBOBcBcBKBHBJBPBJAzArAWAXALAKAFACA0A3BHBLBbBYBKBBBPBSBGA9AxAeAbATAQAJAE
4219101001001,BOBIBdBfBXBQBFBCBJBHBDAsAlAeAWAPAIACADBMBLBUBmBFBLBFBLBDBCA4AwAgAsASAOAOAEAA
4219150001001,A/BXBiBVBABKBFBJBWBUA3A6AwAmAPAXAFACACA7BTBdBVBKBDA+BGBLA/A8AyAuAhAYALAKAFAC
4219176001001,BKBWBsBiBVBMBJBPBOBDA3ArAZAcATANADAEACBEBSBuBZBOBRBUBABIA/A3AmAkAaAXAHAGADAA
4219200001001,BRBMBfBkBRBZBJBOBMBVA1AwAoAXAQAMAFAEAABABUBaBcBRBJBFBEBGBEAvAtAlAYAPATALAGAA
4219309003001,BFBTBbBXBiBeBSBJBMBFA1AmAdASARALAGABAABOBJBXBaBhBcBRBNBLBEA5AhAgAaAOAKAIAEAC
4219309003002,BEBDBSBWBeBhBSBKBHBGA1AtAhAYAOAIAGADAAA/BEBNBXBgBeBUBKBPBPA3AuArAPAcAQAKAEAD
4219358001001,BRBdBtBjBjBRA+BDBQBGBDAjAqAZAcAQAFADABBDBRBkBhBMA1BBBJBBA8AxAnAtAfAPAOAFAAAB
4219408001001,A+A/BgBZBdBQBUBBBGBdA1A1AnAeAbAOADAAAABABDBjBbBHBIBJBPBEBKA6AwAZAkAeANALAFAA
4219507003001,BJBPBYBcBgBWBRBGBFBCA1AsAeAZAQAIAHAEABBEBMBaBZBaBXBUBPBJBEA9AoAgAdAVALALAEAB
4219507003002,BIBFBSBVBeBcBOBHBJBEA3ArAaAWANANAMACACBABEBRBYBbBeBQBNBSBFBBAsArAgASAPAKAHAD
4219606001001,A7BDBOBVBcBGBKBPBPBLBSBIAtAnASAQALACAAA0A4A9BNBIBDBLA4BGBOBNA/AoAmAXAWATAIAD
4219705001001,BGBLBUBWBdBYBMBKBKBGA5AwAnAbAOAJAFACACBFBDBSBbBdBWBIBIBQBIA1A4AkAbARASAGAEAD
4219853001001,BGBiBLBXBXBYBcBOBGA8AwA1AuAaAdANACAFAAA8BJBWBcBEBWBRBIBGA6A4AzAqAbAXANAIAFAC
4300034001001,A/BLBhBZBJBNBHBSBPBJBGA5AwAVAwAQAGADAABGBSBeBOBDBCBBBEBIA+A0AyArAmAaAIADAEAC
4300059001001,BBBEBYBcBOBMBABDBIBSA6BHAtAjAWAOAFADAFBDA9BVBTBUBGA8BJBABLBDA7AtAaAdAZAKAEAE
4300109001001,AuA/BQBPBPBQBIBKBQBNBCA7A2AcAcAUAHAFABA4A9BMBRBLBKBHBGBJBEBAA8AvAqAlAcALAHAD
4300208001001,A1A4BJBPBHBBA9BKBQBXBAA6AsArAkAdAHAGACAwA7BJBDBKBABCBNBQBNBKA2AwAoAtAdAVAMAC
4300307001001,AoAzBSBVAyArA5A9BGBbBPBIBLAuAvAUAMAMADAqA3BPBLA3AsAyA6BFBOBaBMBLBAAwARAPAJAE
4300406003001,A8BABGBWBSBJBCBDBKBIA/ApAyAfAWANAKADACBEA/BTBQBKBOBHBPBSBMBJA5ArAnAdAdAWACAC
4300406003002,A1BGBcBdBNBJA/BBBDBHA9A7AiAnAaATAJAGAFBEBDBXBaBOBLBEBDBMBHBDA5AsAnAZANAPAHAD
4300406003003,A+BHBZBbBQBIA/BEBJBLA3A+ArAqAYAQAFAJADA8A/BRBPBKBLBGBDBKBIBBA1AoAsApAPASAFAD
4300406003004,A4BBBXBcBWBIA/A7BEBHA2A9AqAoAWAWAFAFABA5BABVBaBPBJBCBEBJBOBGA2AuAhAdAdAUAIAH
4300455001001,AlA+BFBVAuA0A8A/BKBYBTBQA/A1AkAZARAAAHAtA+BZBJA1AxAxA6A+BcBIBPA5A9AmAtAIAGAE
4300471001001,A8AjA9BcA/BKBABABMBFBMBdBAAxArAQAIAAACAxA4BCBHBCBLBIA+BTA7BLBUBAAuATAVAPAIAA
4300505001001,AtBIBfBWBKBAA/BABJBUA+BPA3AsAdASAMAHABA3A2BQBQA8A5A/A4BKBLBGBHA4AhApARALAPAE
4300554001001,AvBABFBQBHBCAyBEBcBVBOBLA3AyAVAbALAIADA1AqBLBNBDA/A1A3BaBOA1BNAuAyAlAVARASAF
4300570001001,AmA+BFBaBFBDBVBGBfBgBQAsAnAlAtAcAIAIAAAqApBABKBEBHBDBNBSBHA5AyA3AqAqAcAZANAE
4300604005001,A/BMBdBUBZBSBMBDBHBCAzA0AtATAPANAFABABA7BJBXBRBRBYBMBFBNBHBDA2AuAjAcAUAJAJAD
4300604005002,BABGBXBXBWBSBIBBBEBCBKApAcAdAXAJAGACABA5BCBRBVBQBQBNBGBMBKA+BBA1AoAdATAPAKAD
4300604005003,BIBdBrBhBVBNBIBHBBBBAwAvAhAQAKAIADACAABOBUBqBgBSBVBRBNBNBCA5AvAfAYAQAMACAEAD
4300604005004,BJBUBiBXBLBUBTBMBKBEBEAcAbAMALAGADAAABBMBQBfBXBQBaBeBVBOBPA7AxAeAaAOAKAIADAB
4300604005005,BQBiBxBhBTBZBOBDA/A2AxAoAZAUAGADADAAAABUBZBmBlBVBaBXBHBDA/A9AtAkAVAMAJAEADAB
4300604005006,BNBUBpBdBVBVBMBFBDBBA1AsAgAUANAHADADAABJBQBnBaBSBZBRBMBGA/BEAnAiAhARAKAEADAF
4300604005007,BLBVBrBlBYBRBLBDBDA7AyArAdASAMAKAGABAABJBVBrBkBWBWBMBIBCBHA4AvArAWAQANAFADAA
4300604005008,BcBnB4BtBZBXBLBAA+A2AlAoAXALAHAJABAAAABbBbB2BnBZBbBQBDBABAA3AkAcAPANAJACABAA
4300604005009,BXBcBnBnBTBSBLBEBBA6A5AgAeARATAGADADAABMBYBmBfBUBUBMBIBEA9AzAxAlAfAMALAHAGAF
4300638001001,BOBRBUBUBSBCBOBPBMBKBMAxAyAbAXAQAHADAABIBQBMBYBMBLBFBJBCBEA6AvAbAhAWAQAPAFAE
4300646001001,BFBNBnBYBSBJBLBOBPBJBAAyAxAaASAMACACAABMBVBaBXBFBQBMBHBJA9AyA1AfAXAYAWAHADAA
4300661001001,AlBCBJBQBMBNA8A/BQBaBdA5ApAuAZAjAWAAAABEBCBSA9A+AzA8A2BBBWBVBBA4AiAeAkAHANAA
4300703001001,AsAuA9BOBIBHBBBBBLBcBUBDA1ArAtAQAMAHABAoA4BABNBAA9BFA5BMBMBIBHA8AuAuAeAUANAD
4300802001001,AxA8BPBRBPBKA+A+BTBbBSAxA4AfAgAPALAEAAAsA1BHBQBKBEBABGBMBdBLAyAzAvAiAaAOAKAC
4300851001001,AwBDBdBXA2A/A8BCBKBCBVA5AzAzApAaAQAAACA2BNBOA/BCA5A2BHBABVBRAuBGAxAqAMAMALAD
4300877001001,BDBNBgBWBOBXBSBPBQBIA0AsAkAbAYAKAMAAAABEBKBXBJBTBVBNBBBPBGA/AyAoAgAUAIANADAB
4300901001001,ArA4BKBXBGBHA3BBBTBQBYBFA4AvAeASALAGAIAhAsBIBPA9A4A5BCBPBTBOBCBDAvAgAiAUAGAD
4301008001001,AzA4BIBRBbBVBKBGBNBTBHA3AwAhAZALALAAABAuA4BGBPBPBOBJBJBPBQBGA7AmAkAaAfAOAPAB
4301057001001,A+BHBWBRBDBEA6A4BGBJBBA+A5AqAmAVAGAFABA6BJBSBKBAA/BBBGBHBPBHBCA5AsAcAWANAJAB
4301073001001,A7A+BGBSBVBeBNBNA5A+BJBABQAjATAWANACADAoA6BNBJBABLBKBJAtBAA7AyA3AlAsAXAoAJAC
4301107001001,A/BGBcBQBIBKBIBBBDBJA+A2AwAeAYAOAKABACBCBDBXBQBMBNBHBGBGBJBBBCAmAoAdAXASAFAE
4301206001001,BEBIBVBXBXBQBLBFBHBKBIA4A2ATANAOAIACABA3BHBPBXBSBLBHBABDBLA/A5AqAiAbAbAIAFAC
4301305001001,A8BIBaBVBEBLBDBBBGBGBBA6AwAjAYAPASAFABA7BLBVBLBLBLBCBBBHBLBDA1AzAkAYAbASAGAD
4301404001001,A4BGBUBeBPBOBFBEBDBHBEA9A1AfAVASAMADAAA3A7BRBdBIBHBDBDBFBIBDA9A2AeAjAUAPAIAC
4301503001001,AwAzBGBMBFBBA6BFBLBQBCBEA9ArAiAbANAIABAtAuBBBIA7BEA+BDBIBYA8BOA7A4AmAlAaAOAE
4301552001001,AsA5BEBQBBA7BEBRBKBdBKA5A5AsAaAbAKACAAAvA7BVBBA7A6BJBIBHBQBDA7A2AtAjAjARAVAL
4301602003001,BDBEBOBXBUBQBDBFA4BCBBAlAiAnAbAPALACACA5BIBQBSBRBRBJBBBKBMBEA4AqA9AaAoAGADAD
4301602003002,A6A9BHBSBRBNA8A5BBBCA4A4AuAiAbAMAPADACAzA5BIBNBOBPBFBGBJBVBPA4A9ArAyAdAXAKAK
4301602003003,BNBfBsBcBOBMBIBJBFA8AtAvAqAQAKANAEAAADBHBdBnBiBXBRBMBKBJBBAwA0AeAaAYAKAFAEAA
4301602003004,BBBPBUBVBPBRBIBBBFBIA3A0AoAfAZALALADABA9BHBSBQBMBSBGBIBGBHA+A4A7AYAcAYAUAJAE
4301602003005,A+BMBYBZBSBKBDA+A/BEA5AzAoAZAWAOAGAFABA6BOBXBaBPBRBKBHBIBLA/A7AyAeAdAUASAIAG
4301636001001,A5BWBiBPA5A6A0A2A+A9A6BNA8A0AsASANAAAABCBLBbBNA7A+A7A6A8BHBNBDBRAsAfATAMAEAB
4301651001001,AqA8BIBVBcBXBNBNBUBLBHA0A0AeAXARAOABADAwA8BNBMBSBPBJBABLBEA/AyAtArAeAeAPAFAC
4301701001001,AyBIBRBVBMBMBBA/BKBZBBBDAzAiAbARAMAFADAuAzBJBVBGBBBAA5BKBOA+BEAyAuAdAbAZALAI
4301750001001,BKBTBeBfBWBOBIBSBNBOBDA9AzAgAPALAFADAABBBPBYBQBFBLBGBIBDA5A8AoAeAcAYANAKAEAD
4301800001001,A0BEBWBUBOBHA9A8BLBKBHBCArApAgAbAGAIABA2BBBZBaBEA/A+BEBABMBKA6AsAtAeAUAOAIAF
4301859001001,BJBKBXBdBUBHA+BFBLBHA3A4A1AVAdANAQACAABHBMBdBXBHBDBBBOBDA+A3A5AlAwAeAPAKAFAD
4301875001001,BnBaBpBfBPBZBQBLBJA9BBA4AlAaAMALABAEAABJBZBhBYBRBLBEBIBLA2ArAkAkAQANAHAJAEAC
4301909001001,BHBOBZBXBNBDBEA/BNBFA+A0AuAnAUAUAKACAAA8BHBSBQBDBKA8BNBHBHBCA5AzAhAbAbAWAFAE
4301925001001,AhAzBSBRBFBNBAA/BDBiBZBhA9AqAjARAPAGACA1AvA5BHBBAsBCA0BABXBQBVAzA0AcAZATAGAC
4301958001001,A4A0BaBPBFBUA7BABUBVA7BIAuApAXAKAIAIAFAsA5BEBeBOBCBJBSBLBJBHA9AsAzAYAZANAJAA
4302006001001,BIBSBuBfBDBFBGBCBABLBMAyA1AcAUAOAHAGAEA+BZBYBZA+BOA/A9BBBEA1A6AqAaAaAZAMADAB
4302055001001,BCBmCMB/BEBBA3AxBBBWAwAxAqAaATAQAHACAEBBBbB4BqBEBAAqAzA6BJAxAlArAaAgAKANAFAL
4302105003001,A8BVBFBVBjBxBUBLBcBHA/AgAXAUAPACADACACA7BOBUBSBuBuBVBBBQBEAvAwAbAVAPAMAKAGAB
4302105003002,AyA1BDBKBVBnBcBNBMBHBTAgAkAhAVANADAAAAAwA7BBBFBdBkBXBPBNBNBEA+AoAjAmAKANAEAE
4302105003003,A1A5BIBNBbBYBQBEBRBUBEA5A9AZAYAVALAEABAuA5BFBMBLBKBIBGBIBKBKAzAqAiAhAbAPANAD
4302105003004,BCBGBYBTBgBdBSBIBLBGA4AzAlAZAQAFAIAEACA4BGBUBSBWBYBPBHBLBHBFAuAmAeASAPANAKAA
4302105003005,BDA6BEBRBmBrBYBKBGBFA8AyAmASALAMAHADADA4A+BFBNBgBjBVBLBJBMBDAzAuAhATAQAKAGAA
4302105003006,AuA1BDBKBiBqBUBJBKBRBDA4AhAaAOALANAHAAAyAyBCBRBhBfBTBHBQBRBKA7AyAYARASAGAIAD
4302105003007,ApAsAxA3BPBnBdBIBDBJBEAzAvAmARAWAMABACArApA1A/BWBpBeBJBOBVBMBFA4AmAtAeAQAMAD
4302154001001,A/BSBmBgBDBIA2A7BPBGBMA1AhAfAaAUAJAHAAA1A8BlBgBGBJBNBCBEBbA4A0AeArAcAOAPAFAE
4302204001001,AxA6BVBZBNBCA6BEBWBWBNA4AsAtAWATAJAGABAsA5A/BTBGBKBEBKBQBNBMA/A2ArAXAcAKAKAC
4302220001001,AwA+BOBUBGA9BEBPBIBWBgA6AzApAeAfAOACAAAvBHBGBNBABFBEA4BdA9BIA4AvAsAkATAOAEAD
4302238001001,A3BMBNBVBKBQBaBRBIBLA8A+AgA0AUATAKAEACA/A+BFBMBRBLA/BKBVA+A8BBApAiAeAVAIAGAA
4302253001001,AuA1AzBMBOBCBJBCBfBkBlA7BXAsAeAQAQADAAAcAtA1A6AwA9A3BKBEBNA8BCBFAvAaAsAgAQAN
4302303001001,BFBWBjBSBFBKBEA9A/A/A0A7AuAmAaAVAJAEACBKBUBeBUBGBHBKA9A/A/A4A6A1AgAhAQAKAJAD
4302352001001,A5BGBNBWBeBhBRBOBTBSBDA0AmAYAUAJAGABABA5A6BGBWBdBWBJBJBQBMA9AuArASARALAPAJAE
4302378001001,AsA+BnBmBLBAAuBGBABSBKBHAtAjAaAPAMAHAFA4A/BjBVBCA+A1BGBCBWBDBOAfAqAOAZAVAIAG
4302402001001,BABDBUBaBSBXA/BIBFBIBBA4ArAbATANAGAGAAA2BBBLBQBRBRBJBGBPBLBLAyAoAoAiAPAJAMAH
4302451001001,BCBQBcBgBRBWBNBKBKBGA/A2AuAVAUAMAKAEABBHBFBaBiBUBMBGA8BBBCAzAyAoAaATATALAHAC
4302501001001,A5BHBXBUA/A8BABABEBOBKBOBFAsAaAPAMAFAAA4BIBVBUA+A+A4A/BKBMBEBDAyAgAYAWAOAJAD
4302584001001,A3BBA3BMA8BAA3A9BKBSBQBEA3A7AfAaAWAMAAAtA7BCBBBLA1BEBKBBBFBWA+A2AsAeAfAlAMAD
4302600001001,BBBWBSBfBEA7BBBGBABHBDA4AzAqAjAOAPABACA9BHBaBPBFBFA9BCA7BJBBA+A7AgAjAPAPAHAF
4302659001001,AxA1BDBQBHBPBFBDBLBQBcA7A5AuAVAiATAEAEAsA3A+BEBOBCA3A8BKBHBBBDAyAqAwAlARAMAB
4302709001001,BEBMBeBWBPBQBCA8BDBJA6A/AmAeAXAKAJACACBDBLBWBVBNBNBGBABHBIA6BBApAjAXAYASAGAC
4302808003001,AvA6BFBNBFBHA+A6BBBJAwBIArAmASAaANAEACAuA6BIBOBQBMBHBHBPBUBEBPA/AuAqAZAaAUAC
4302808003002,A5BJBTBYBGA+A7BBBDBMBOA/AyAxAgARALADAFA+BHBQBLBCBEA5BBBJBIBFBAArArAcAbANAIAF
4302907001001,BABIBWBdBLBFA/A8BFBMBAA+ArAoAeAUAGABAEA/BGBUBRBIBJA8BBBJBMBAA5AvAlAbAZASAGAC
4303004003001,AxA6A+A7BOBDA7A2A8A7A2BBAvAiAmAfALAIAAApAxA7BBBIBOBJBBBFBUBWBMA9BHAyAuAbAYAJ
4303004003002,AzA5BHBKBKBOBBA3A9BJBAA9AwAlAdAKAOAJAAAvA4BHBMBLBLBEBBBLBQBSA9BFApAoAeAoAHAK
4303004003003,BDBRBUBXBNBOA/A6BEBIBMAqAnAhAJAUAJAEACA8BIBWBQBUBKBABABNBQBJA1AuAlAmARAVAEAB
4303004003004,BEBFBPBSBDBGBDA/BNBSBRA1AsAxAfAQAMADACBBBGBPBIBHBEA4BABJBHBOA1A1AqAcATANADAE
4303004003005,A9BKBTBVBOBMBDA5BABDA+A4AzAbAWAMAMAHACA/BABPBNBNBKBDA9BLBSBDBEAyAqAkASAZAGAH
4303103003001,BHBKBWBPBfBaBKBFBDA9A+A1ApAVAOAGAEAAAAA8BIBQBcBZBdBLBGBEBHBNA6AsAnAOAKAFAIAF
4303103003002,A5BPBcBYBTBYBKBDA+BDA3A2ApAYAXALAHAAABBBBDBSBQBbBVBQBDBKBGBEA7AnAmAVASAKAKAB
4303103003003,BGBPBgBXBcBmBZBEBAA+AvA2AeANANAFACABABBHBPBZBeBbBmBYBEBIBGA+AxAlAUALAMAEADAC
4303103003004,BDA/BVBTBVBTBNBFBDBJA+A1AhAaARAJAEACAABABGBaBLBSBSBRBHBTBNBKAuAvAbAgAVAJAIAD
4303103003005,A4A+BTBOBJBQBJBMBYBPBKAoAaAbAMAPAFABABA4BABUBNBKBQBVBbBhBbA+A8AlAdAfAWAHAFAB
4303103003006,BABHBQBOBRBWBXBKBIBGA3AvAeAeASANAHAEABA9BBBPBLBSBcBYBQBOBLBAA2AuAkAYARANABAC
4303202001001,BABIBSBoBGBCAyBCBPBKA/A3AvAqAjAGALAEAEBGBOBWBaBBA7A7BHBABOBIAzA1AmAdATAKAJAG
4303301001001,AyBDBgBUBFBBA5A8BOBWBLBBAwAuAlAVAKACAIArA3BGBKA+A/A+BKBNBQBXA3A0AmAmAXAKAJAH
4303400001001,AtBFBYBZBQA+A6BBBMBTBQBIA+AkAbALALAGABAqBBBJBWBEA3A9A3BDBFBGBLA1ArAjAgAVAHAE
4303509003001,A5BEBXBWBPBTBMBFBDBDA7AwAtAdAWARAEAEABA0BFBXBaBJBPBKBIBKBMBFAyAxAiAbAdAMAIAI
4303509003002,A3BHBNBJBRBOBGBHBLBIA0A5AmArAQAOAIAGABA2A/BQBPBMBNBRBMBOBPBFA7AsAjAiAVAQANAI
4303509003003,BEBQBXBZBRBTBJBQBNBLBCAuAmAeAUARALAEAABDBPBXBSBLBKBJBHBPBCA3AqAgAjAXANAJAJAE
4303558001001,ApBEBFBWBGBMA/A2BXBbBEA4AuAtAgARARAHABA5BFBFBRBFBEA7BIBVBMA2BDAtAuAcAgAWAGAA
4303608001001,BJBdBYBcBQBKBIBMBKBKA5A1AjAkAXALAIAFAABEBOBWBRBGBVBHBGBIBCA/AsAwAZARANAFAHAF
4303673001001,A7BGBbBUAvBCBBBQBPBcA8BIBCAmARAXAQAGAAAvA6BVBDA8BBA+BOBUBBA/A8A1AlAiAbAOAGAC
4303707001001,AlAwBIBOBFA4BBA5BLBZBSBbA5A1AfAYAOABABAkAzBGBIA/AzA2A7BLBUBQBfBDAvAsAYATAFAG
4303806001001,AoA8BEBYBHBCA5A3BMBPBLA/A4AyAbATAKACADAyA6BIBUBIBAAuBABYBQBVBBA7AoAwAjAPAIAG
4303905003001,BEBLBcBcBcBXBPBLBTBJBCAoAkAKAKADAKACAAA0BFBcBZBPBXBQBTBYBUBDAvAXAdALAVAHACAA
4303905003002,A4A/BPBWBWBeBRBLBKBGA7A1AlAYAMAGAJABABBABDBQBQBdBeBPBIBUBRA6A9AgAYAcAUAKAFAE
4303905003003,BBBEBRBXBWBhBSBKBRBPA9AzAjARAQAKABABAAA4BABOBQBYBeBPBOBNBRBEA2AlAcAXAUAEACAB
4304002001001,A5BHBlBaA/BIA6BABABJBLAzAwAdAjAUAIAEAAA2BDBdBbBFBABKBDBEBNBKA3A3AmAZAWAOACAG
4304101001001,AmBJBRBQBHBIBKBEA+BJBGA7A5AsAmASAYACABA1BABFBRBCBBBJBDBEA/BSBIA9AtAaAPAOALAC
4304200003001,A/BIBMBSBLBLBGBHBGA+A8AyAnAlASAPAKAEAABGBDBSBNBPBPBKBLBIBFBDA5AyAqAeAkAPAIAA
4304200003002,A5BCBSBMBGBLBNBNBPBOA8BCA2AjAZANANAFACA3BGBNBMBGBDBDBEBGBEBEA1A7AdAkAbAVAHAC
4304309001001,A0A2BBBdBBA9BABIBTBXBUBIA3AkAjATAMAEACAsAzBCBGA5A+A5A+BQBWBRBEA5A1AiAWAVALAC
4304358001001,BFBZBlBgBUBQBMBCBNBOBAA5AgAZAOAEACAGABBIBWBbBdBTBWBHBGBNBDA8AmAaATARAIAJADAC
4304408003001,BRBUBcBXBSBZBRBGBFBBA0AmAhAXAMAKAGABAABHBQBeBaBYBXBQBKBNBCA6AsAoAWAYAOAJADAF
4304408003002,BIBUBbBaBOBSBPBGBIBGA8AqAhAYANAFAKAAAAA+BNBYBUBTBYBVBLBOBIBHAsAeAeAZAMAMAFAD
4304507003001,A1BNBYBSBKBNBGBMBSBTBFBBA3AhAhARANAHAABFBLBTBKA/A/A5BCBEBCA7AzAnAvAbAPAIAJAH
4304507003002,A6BHBRBOBJBKBDBRBGBSBNBFBDAnAnAQAFABABA0BEBLBJA+A9A/BABEBGA6A+ApAsAnAbATAEAC
4304507003003,A5BDBPBJBIBRBDBGBFBCA6AtAdApARAVASAEABA2BFBPBTBMBXBNBOBLBHBAA5A6AmApAbAPALAE
4304606005001,A0A6BBA9BPBnBmBSBEBGAvA/ApAaAfAMADAAABA6A0A+A+BQBrBoBSBKBIBBA+AzAkAZATARAGAD
4304606005002,BHBQBhBeBcBYBJA8A/BHBGArAaAWAIADAEAAAABMBIBXBeBdBbBHA9BMBbBQAzAgAYAOAOAFADAB
4304606005003,BgBtB6BcBbBWBKBBBAA7AyAiATAIAGABAIAAAABnBsBwBkBWBWBQBBBBBCAxAjAVASAEAKAEAAAD
4304606005004,A0A0A6A6BKBVBVBNBGBKA/A5ApAlAWAKAHAFADA2AxA7A8BQBlBjBUBQBTBVA8A0AtAZAeAWACAA
4304606005005,A8BGBQBOBUBeBOBEA/BDBGA0AeAnALAIAEAAABA9BBBNBRBaBgBXBIBMBMBHBCAmAeATAUAHAGAC
4304606005006,BNBTBgBVBaBUBUBPBLBHA1AoAYASAGAEAEAFAABIBKBZBVBXBjBaBRBLBGAzAsAnAVAPAMAJACAC
4304606005007,AsAzA/BEBMBZBRBCBJBEA8A5ApAlAbAVAJAHABAuAyA8A/BEBbBbBGBMBQBNBKA/AwAsAZAVAKAE
4304606005008,A0A6BHBJBMBQBMBDBBBDBCA0AzAgAeAOAGADABA2A6BKBHBNBRBPBDBLBKBFBEBFAmAoAVAcAJAH
4304606005009,BQBQBjBbBWBTBLA9BDA8A7AsAgAbASAJAGABAABJBNBdBXBSBOBMBHBGBEA9A3A0AaAaAMALACAB
4304606005010,A/A/BLBQBUBSBQA+BABFA9A0ArAYAUAQAAAHADA4BCBOBBBNBXBVBJBFBLBMBFA1AqAaAZAVAHAD
4304606005011,BPBfBkBZBXBVBTA/BFA8A3AoAbATAKAJABABAABKBYBjBaBYBdBJBDBIBDA6A1AlAWAWAQAFABAB
4304606005012,BFBJBLBQBRBPBVBDBGBGBGArAlAYANARAHACACBFBFBOBKBOBUBTBHBJBOBAA5AsAfAeAbAMAHAH
4304606005013,BdBcBSBOBRBiBlBNBFBAAvAlAVARAJAIABABAABPBaBaBRBXBuBgBQBGA/AvAqAgATARAKAFAEAA
4304606005014,AqArA0BGBKBUBNA+BIBABSAvAkAoAcAUALACACAnAuA4BEBRBfBUBMBMBXBSBMA4A3AuAYAfAIAF
4304606005015,BEBLBSBSBTBVBLBEBEBHA/AzAkAWALAKAIAAABBABLBQBVBVBZBTBEBLBOBNA4AsAbAUAPAPACAC
4304606005016,BPBaBlBfBZBbBKBDA6A7BAApAkAXAFAEAFAAAABTBTBgBgBfBZBMBABBBJBCAwAkAQANANAGAAAA
4304606005017,BbBmB3BqBbBRBOBBA9A7A0AmAUATAPABABAAABBUBgBoBmBXBTBQBDA+BBAuAuAhALAMAJAGADAB
4304606005018,BSBNBcBVBVBgBMBIA8A/A1A0AmASAMALAAABAABCBLBaBYBdBdBRBGBFBBBNAsArAeATAKAIAFAA
4304606005019,A4BEBOBQBXBZBPBCBABBA+A8AqAbAOATAGACABBCBABRBUBRBXBKBDBGBMBMAzAvAgAZAWAZAFAC
4304614001001,AhA2BBBSBJBIBMBKBaBbBXBOA9AxAjAdAJAAACAvAyBAA6A9A/A8A/BGBEA/BSBBAjAmAZAJAMAG
4304622001001,AwBCBYBnBGBIBOBCBZBQA/BAA3AgA3AhANACAAA2BSBJBDA/BGA2A7A/A5A+A/A2ArAYAXAJADAC
4304630003001,BVBeBnBfBQBRBFBFBEBBA5AqAjAaARAEADAAAABOBUBlBdBTBOBRBCBLBFBAAlAiAYAQALAHADAC
4304630003002,BGBJBVBZBPBXBKBGBDBAA/AsAnAXAUAKAHABABA+BDBZBVBUBXBNBLBHBMBGA2AvAfAaAVAFAEAB
4304655001001,BEBPBLBLBUBLBIBPBSBYA6BLA3ArAOARAIAAACBFBLBdBKBFBFBBA9BLBQAxA6AqAeATAMAAADAH
4304663001001,BMBTBcBTBNBSBLBBBCBABFAyAhAeAUALAIABABBLBRBbBZBQBRBFBBBGBKA+A3AqAcAVANANADAC
4304671001001,BNBEBUBRBQBRA8BGBPBbBIAxArAPAVANAHADAAA9BGBjBQBKBOBMBCBeBXA3AvAmAdATAMAJAEAG
4304689001001,BEBRBkBcBPBMBHBIBIBOA/AwAiAhARANAIACAABGBRBaBWBLBTBJBFBGBKA6AuAjAcAVARAMADAC
4304697001001,A6A+BWBGBdA+BHBQBHBOBTBEAnA0APAcALAAAABHA+BEBPA9BHA8A5A9BCAyBTAoAvAdAsAMAFAH
4304705003001,BBBOBeBbBQBMBDA8BBBCA0A2AfARASAWAQACACA6BMBYBcBRBTBBBFBOBFA8BGAwAsAWATAOAGAD
4304705003002,A0A1A9BGBUBWBOBDBBBDBIAmAxAaAaAQAOAEACAuA2A/BIBSBXBTBJBRBQBLBFA4ArAmAaAbAKAD
4304705003003,BEBRBdBaBQBUBLA8BBA8BAAuAdAgAXAMAEADABBBBIBZBWBUBTBJBCBIBLBKAvAoArAfAMAIAJAB
4304713001001,A5BABNBLBABCA8BEBOBMBMBEA8A9AwAPANAJADBABDBKBFA8BAA4A7BEBBBBA7AsA5AmAUAUAIAD
4304804003001,A1A6BKBNBmBrBfBRBNBLA/AzAeATAVAKACACACA2A2A+BNBbBmBfBPBQBSA/AvAoAZATAMAKAFAD
4304804003002,AzA6BBBJBUBVBPBMBUBWBIA7A0AZATAUAPAEABAtAwA8BLBSBUBQBIBOBQBNAyA7AYAgATARAEAF
4304853001001,AhBGBNBYA/A5BLBXBmBVBDBLA6AmAfAVAKAAAAAkA6BGBJA4BHA5BCBNBCA5BCBMAmAzAUAUACAA
4304903001001,AsA0BABMBWBSBBBABLBQBVA+A5AfAXAPAJAGADArA1BIBGBLBKA/BFBMBMBXBEBAAnAmAVAPAPAC
4304952001001,A0BTBdBTA9A5A7BDBQBSA8BHAxAqAiALANAHAEA0A9BZBEA7A6A/BFBcBCBLA3BFAqAqALATACAC
4305009001001,AwA+BLBMBGBEA4BBBKBIBFBFA5AtAnAWAOAEABAwA4BCBKA+BEA+BFBPBPBJBGA6AuApAbAVAKAI
4305108004001,AaAfArAzBgBvBWA9A8BCA/A6AqAkAVAbANAFADAiAhAnA7BtBuBXA/BGBWBjBCA/AyAoAgAkASAI
4305108004002,BDBEBLBXBaBfBXBLBJBIA6A1AhAXANAIADABAABBBBBOBPBaBYBTBKBOBVBPAvAnAXAVAQAIAEAA
4305108004003,BgBeBqBgBhBkBWBTBKA2AsAbAWAJAHADAAAAAABVBfBpBgBgBjBUBTBDA0ApAlAaAOAMAGABADAA
4305108004004,BBBKBOBQBpBxBYBPBFBDA1AvAhAOANADAFABACBFBFBOBXBqBmBaBHBIBMA8AuAfASAQAIAGAEAC
4305108004005,AlArAzBEBSBiBSBFA6BGBKA9ApAgAhARANAJAAAvAuAxBEBTBgBTA9BGBYBSBJBAAkAmAhAZALAH
4305108004006,BOBNBVBWBhBnBUBJBGBCA6ArAdAYAIAGADAEAABHBGBWBZBfBeBRBDBJBEBIAsAgAWARALAHAGAB
4305108004007,BCBFBTBbBoBuBbBLBJBCAzAsAgATALAKAFAAAABDBBBPBXBiBqBSBLBIBJA0A3AeAWAMALALACAC
4305108004008,BOBMBSBRBfBqBlBVBPBDA7AfAZANAJADACACAABGBGBOBUBcBrBcBWBMBHA+ApAXAYAKANADAEAB
4305108004009,AzA5BKBSBhBqBRBHBEBJA6AwAmAbAQANAIADABA2A8BIBSBYBhBQBLBLBNBCA9AyAaAYASAOAEAB
4305108004010,BKBEBWBWBhBqBdBSBUBEA8AjAVAQANACAEABABBEBIBVBcBjBlBYBTBPBFA5ApAaARAPACAGADAA
4305108004011,BIBABKBSBuBzBeBRBJBKBAAqAdAWAKAJAAADAAA9BABJBWBfBlBTBJBMBIA0AyAiAYAQAJAGAGAD
4305108004012,BABHBSBPBiBxBjBPBHA/BAAnAYARAOAIAFABAAA/BABPBSBpBwBaBOBNBFBCArAdAQAOANAEADAA
4305108004013,A8BDBLBOBnB4BiBJBEBBAzA1AlAVAKAGAGABAABFBKBGBKBlBvBaBKBCBFA+A4AjAPAWAOAEADAC
4305108004014,AeAoAyA/BUBhBSBBA2BIBGBBAvAbAXAbALAKABAqAkAvA2BRBlBVBBBMBVBVBcBOAnAnAgAUASAH
4305108004015,AuAtA0BBBbBgBTBGA/BIBCBCA9AVAbAIAIAFACAmAwA1BCBQBiBVBHBJBYBPBOA0AsAhAcAWAKAF
4305108004016,A4A3BABJBRBWBSBRBABUBBBDAmAjAaAIAGAJAAA0AzA9A9BMBVBWBXBPBXBEBJA8AhAZAMATAHAA
4305108004017,A/BABKBQBiBeBRBFBABHBGApAmAYAUAIAFAAAAA5A6BSBQBaBZBSBMBMBKBAA9ApAhAdAhAKABAD
4305108004018,ArAsA1BABPBfBUBKBBBQBJA5AtAhAcAOAJADACAoAuA4BBBSBVBUBNBNBeBPBLAvAtAeAhAVANAF
4305108004019,A2A4A9BDBYBoBbBIA/BJA8A5AoAYAbAJAKADACAvAyA+BOBdBnBRBJBDBUBSA3A9AjAdAQAMAJAD
4305108004020,BCBMBXBYBdBbBPBPBLBEBAAmAgANAIARAFAGAEA+BFBWBTBWBgBTBNBNBIA+AvArANATATAKAEAD
4305108004021,BQBZBfBZBVBqBiBbBJA5AvAfAYAMAMACACABAABYBUBdBSBfBqBgBZBJA6ArAmAUAWAHAIAEAAAB
4305108004022,BXBNBZBbBeBmBdBWBSBCAzAaASAKAEAGAGABAABTBPBcBZBfBhBhBZBPBCAzAiAYARAGAEAFABAC
4305108004023,A7A+BRBLBXBcBRBIBDBDBBAxAgAWAbAQAFAFAEA1BABJBHBZBXBPBJBJBJBMA6A0ArAiAPAMAGAB
4305108004024,BABFBNBNBTBiBoBYBKBNA0A5AkAUAMAPAFABAABBBBBKBGBQBlBjBVBQBCA/AlAkAWAQANAMAEAE
4305108004025,AsAmAvBDBlB/BbBBA9BEBGA1AmAmAXAQAIAEADAkAnAuBCBnBrBeBGBFBOBfA5AsAsAkAaAUAJAA
4305108004026,A4BCBQBaBTBKBCBDBNBVBDBJAtAnAfAWASAHAAAxA8BNBJBABDA9BABFBLBDA2A2AlAdAaAPANAC
4305116001001,AvA5A+BSBEBOBDBJBhBWBEBNA9ApAgAYAKADAGAnA3BEBMA7A7A6BJBCBDBGBFA9AgAhAlAXANAC
4305124001001,A7BDBOBOA7A4A6BNBLBOBIBDA4AtAjASAPAIACAyBCBSBJA9A6A4BFBNBMBEA4A1A4AkATASAOAG
4305132001001,ArBCA/BUBCBEBGBNBTBKBCBLBCAeAZAUAVAAACA0BEBGBFBABJA/BBBPBBBIBBA5AoAjAjAQALAC
4305157001001,A+BKBaBOBCA6A7A9BJBMBLBGA8AgAkAXAEADAAA4A/BYBcA9BDA3AsBPBUBABEA6AsAdAcAJAIAD
4305173001001,BRBaBdBZBRBXBOBWBJBABBAzAoAdARANAEADAABOBXBYBVBRBWBMBCBDA6A0AgAgAWATAPAIADAC
4305207001001,A7A/BLBPBTBMBIBGBLBTBAA7AtAcAYAVAMAEACAxA6BIBQBMBIBBBBBQBLBEA6AwAqAhAZAVAMAF
4305306001001,AvA2BCBQBTBFBAA+BNBXBIA/A1AnAdAYAFACABAxAyBBBMBJBHBBBEBSBWBJBCA1AsAjAhAPAIAH
4305355003001,BHBIBTBOBRBZBJBBBCA+AwBBAlAnANARAJAAADA9BNBSBMBMBaBJBGBIBIBIAwAsArAmAVAHAEAA
4305355003002,A6A/BGBFCPDLCaBkBSBGAzAwAaAeAKAKACACABA0A5BCA/BABFBDA5A9A5AxAyAgAZAVAMADACAA
4305371001001,BBBcB3BZBOBBA6A7A4BDA+A1AkAsAaALAJADADBGBrBgBgBBBEA4BBA7BAA0A5AoAjAVAiAOACAC
4305405001001,A3BEBQBPBEBFA6BCBVBPA7BIA1AkAXASAKABAABCBJBaBZA+BGBGBFBHBGA+BBAyAsAWAUAOAJAI
4305439001001,BUBaBcBaBFA/BDBHBHBGA8AuApAfAWANADAEABBMBVBXBYBLBFBSBSBHBCA5AtAnAgAfANAIAEAD
4305447001001,BEBeBdBYBTBYBVBRBSBHA7AvAhAlATAMAFAIAABHBOBOBPBOBQBJBCBOA9AzApAcAaAVASAKAGAE
4305454001001,A9BOBjBVA5A4A4A3A5BBA/BJA6AzAiAUALAEABA0BJBZBLA8A+A4A5BCBKBWBEBDAxAnAYAHAGAD
4305504001001,AvBDBKBgBHBUA+A9BEBPA/BNA7A0AaAWAFAHABAsA0BWBSBHA9A7A/BDBFBHA/AvA1ApATASAKAF
4305587001001,AxAyArA6BOBIA9A9BHBMBWBHA9A8AxAgARADAAAnAkA6BFA7BEA0BBBCBNA+BJBJAwAzAvAcAZAF
4305603001001,AwAzBBBNBKBKA3BABEBXA+BAA7AzAoALALAKACAnA2A2BKBLA4A6BABWBSBRBEBDA0AlAhAcAMAI
4305702001001,BGBJBLBVBQBHBGA/BIBEBIA1AsAlAUAOAIAFACBDBJBSBVBTBKBBBDBIA/BEA7AtAmAfAcAJAHAD
4305801001001,A5A9BOBXBQBMBAA8BRBEA+BAAsAnAeAPAJADABA6BFBQBQBPBLBGBDBMBHBGA2AyAnAfAaAQAJAD
4305835001001,AaArBLBAA5AzAzBBBJBSBOBcBSBPAiAoAcAKADAhAsA6A6AeAvAtAwBBBEBHBaBuAiBBAwAaATAG
4305850001001,ApA4BdBOBCAyA3BBBNBdBOBWAnA3AnAbAUADAAArA2BSBDA3AtA7BHBJBPA/BFAzAyAuAiAYAFAI
4305871001001,ArA6A9BMBAA+BBBOBMBMBTA8A5A+ApALAIAIACAyAyBBBIA6A9A/BLBIBEA6BLA/A1AoAbAlAPAG
4305900001001,BABKBdBSA/A/BABFBKBJBAA2AoAoAaAPAOACAHA+BOBVBaBKBBBDBJBFBMBEA5AvArAaAWAHAHAD
4305934001001,AqA0A7BGBAA8AmBEBRBTBVBoBBA4A4AdAPAGACAgA/A9AuAuAzAyA0BGBHBiA2BIA3BHAyAJAHAF
4305959001001,AiAvBCBOBSBRA7BABXBdBJBRA1ArAkAbAZAHABAdAsA/BMA2A5A2AxBNBNBWA3A6ApAnAjAmAcAE
4305975001001,A7BFBUBQBKBVBEBGBKBNA2BBAlApAUAPAFACACBCBFBeBYBbBMBJBHBPBDA+A3AjAhAXAaAEAEAD
4306007001001,A2A/BMBUA+BBA+BCBLBMBFBDA4AlAcAXANAEACAxA/BLBPBCBAA/A+BIBHA9BOA/A8AiAbASALAF
4306056001001,BIBMBYBbBHBHA/BIBNBHA/A2ApArAcANAIAFAFA6BIBgBSBHBLBBBABIBFA8AtAsArAXAXASAEAE
4306072001001,A/BJBcBTBEBDBDBMBHBKA9A7A2AmAiAUAIAFAGBHBGBMBRBKA+A/BHBFBDAqBGA9ArAUASAJAJAD
4306106003001,BEBFBVBQBTBTBKBEBAA7AxA0AgAjASAOAMAEAABIBFBYBZBSBPBJBGBABJBDA/AvAkAYAeAOAGAE
4306106003002,A5BCBLBNBQBNBBA/A9BCBCArAtAdAWAOAHAIABA8A9BOBRBQBUBKBHBIBSBGBCA1AqAgAgATANAG
4306106003003,BCBNBeBVBOBLBDA/BEBEA6A0AhAeAaAOAJABACBFBIBWBVBTBQBKBHBIBMBHA2AvAlAUANAMAFAG
4306130001001,AoA4BLBhBBA7AxA+BhBmBEBSA8AlAmAZANAEAAAtA3BEBPBIAyAqA+BWBYBDBAApAyAtAcARAFAI
4306205001001,AzA7BTBOBNBMBGBMBIBNBABEAsAuAcALAKAEAEAyA8BKBQBHBMBEBHBHBNBEA6A1AlAnAPANALAH
4306304001001,A1A/BVBlBIA7BJBGBPBVBPBDA8AbAiAIALACAAAxAwBJBXBLA9BEBBBJBMA+BEAzAsAbAVAOADAG
4306320001001,A6BSBhBfA+A9A5BGBJBQBQAzBCAYAWATAHACAAA/BHBZBXA3A1BBBCBNBCBABLAtAoAfAYAPAGAD
4306353001001,A0BRBgBXAuA3AwBABHBUBFBHA4A7AqAYALAEAFAjBCBbBKAzA0A9BGA9BCBRBLA1AqAfAdATAMAF
4306379001001,A6BHBbBOBDAyBEA+BIBGBIBIA4A6AjAaAOAGAEA3A9BZBBA/A9A8A9BJA6BFA0A6AwAqAeAOAIAC
4306403003001,A6A2BEBOBdBrBWBQBTBMBGAqAkARAHALACADABAvA4BABLBmBlBZBQBVBSA6A4AlAbAhAPAEALAC
4306403003002,A6BJBQBSBdBsBfBWBVBNAzAtAbAPAMAJAEABAAA+BJBOBUBcBmBaBWBTBMBAAgAiASANALAAACAB
4306429001001,BKA9BhBPBQBFBDA9BGBKBLAtA5AjAYATALAEACBDBPBcBcA+BNA/BFA+BLA8BBAuAdAaALAOADAH
4306452001001,AmA0AzBJBPBSBQBHBPBQBVA3BMApAfAUAJADADAsAtA8BDA8BBA7BHBNBMA+BIA9AuAjAuAdAIAI
4306502001001,BEBRBXBcBOBLBKBLBRBQA8AyApAgAbALANADAABFBPBVBaBMBGBKBFBFA+A0AsAeAlAWATAOAMAA
4306551001001,ArA8BFBVBVA+BHBKBHBeBVBIA8AwAjAUAQADAAAmA2A7BSBAA6BGAyBUBLBAA9BBAmAjASAaAIAA
4306601003001,A7BEBPBQBNBHA5BCBCBHBBAzAjAfAbAUAMAIAGAzA/BQBNBKBFBBBABSBQBDA7A8AyAjAgAaAPAG
4306601003002,BEBMBZBXBLBGBFBHBJBIA/A8AqAkAbARAFAEACA9BPBWBWBEBKBFBGBHBGBAAxAqAbAeAXAKAMAB
4306700001001,A1A2BKBjBPBBA7A+BHBTBVA3AsAnAVAUAMAGAHAzAzBTBtBHA7A4BBBKBIBHA1AtAqAfAjAYAOAJ
4306734001001,AlA3BKBbA9A6A1A2BKBcBMBSA1AsAnAaAQAGAEApA0BGBNA3A0AyBDBIBaBRA/BCA4AvAXAWAMAF
4306759001001,ArAyBSBFBOBEAxA0BSBSBSBaBAA4AiAaALACAAAmAtBLBcA/AwA5BEBKA/A+BABIAoApAeAZAQAG
4306767003001,A9BNBcBWBMBLBFBFBHBIBNA1AxAcAbATACAFAAA9BLBZBVBEBQBNBIBCBKBAA5AqAaAYAMAOAEAB
4306767003002,BSBYBnBfBTBXBQBLBEA7A7AgAeAVAGAEAEABABBQBYBkBfBRBeBWBIBHBGA2ArAXAcANAEALAHAC
4306809001001,AxA5BGBKBPBWBOBEBGBMBBA4A7AbAWAOAKAFADA3A2BEBPBOBWBJBEBPBOA+BIA1AfAXAYAZAPAI
4306908003001,A9BPBcBSBGBIA+BDBJBJA8A+AwAnAcARAMAHACA+BIBWBSBBBEBDBHBGBIA+AzAyAhAdAYAOANAD
4306924001001,BLBMBuBdBUA1BBBHA4BEA4AuAzAcAXAKAHAAAABCBeBkBWBcBMA4A4BCA3A0BDApAoAjAVAIAHAJ
4306932001001,A3A8BPBSBABBA+A6BPBGBDBLAzAlAnAUALAJAEA3BABTBPA8BABCBFBNBGBRBBA1AxAhASAKAKAG
4306957001001,A+A/BeBjA3A4AvBKBHBMBQAoA8AxAoAYARACABAyBFBNBQBAA4A2BABQBFBJA5A0AxAzAeAIACAE
4306973001001,BDBMBkBmBYBBA/BBBDBHBDAxA3AfAJATAJACAABCBFBYBgBFBHBGA4BFBJA9AwAnApAdAVAYAFAC
4307005003001,BaBcBpBkBdBiBSBEA9A2AyAjAUANAMALAEAAABBSBeBpBlBbBaBMBIA/A9A3AjAiAXANAHAHAAAD
4307005003002,A4A/BPBOBeBkBeBNBOBFA7AtAmAdASAHAKADAAA2A7BIBLBUBcBaBPBNBIA2A2AmAkAVAaAOAEAD
4307005003003,A6A9BHBOBLBOBLBNBMBLA/A6A4AaASAXAFAGAAA7A+BNBNBNBKBNBTBMBLBRAsAoAfAjAYASAEAE
4307005003004,BEBCBOBRBiBaBSBPBIBEA+AmAiAWAWAJAEADAEA4BGBRBZBYBbBbBNBMBHA9AxAhAgAUATAIAHAB
4307005003005,A1AvA+BFBTBZBTBEBCBCA7AvAkAfAXAKAMAGACAwAvA9BOBiBmBbBNBQBVBDBDAuAmAkAfAQAOAI
4307005003006,AtA0BCBPBbBdBSBEBJBIBBAuAiAbAZAOAIAEAAA0AyA9BNBkBkBWBOBQBUBDA+AwAhAhATALANAB
4307054001001,A+BDBUBNBIBBBOBFBDBOA6BYAjA2AZATAMACAAA0BDBQA+BKBOBAA3BSBFBGA6AuAvAhAaASACAC
4307104001001,BTBLBeBOA/A/A+BFBEBNA/A/A4ApAqAQAFAHAGBDBFBTBABCBNA9BAA8BCA7A5AuAnAnATANAOAG
4307203001001,A1BCBdBhBHBBA6A7BKBTBNBBA2AhAaAWAMADAEAxA9BNBYBNA8A2A9BEBNBDA5A1ApArAgANAEAC
4307302001001,A/BMBiBUBGA9BABCA8BPBFA6AuAmATAVAUAAADA/BOBUBYBFBIA+A5BGBEBIA9AtAqAhAbAMADAA
4307401001001,A0BUBRBUBCBLA7BDBABJA2BGAkAvAjASAFAPAKA3BKBMBSBCBJBBBEBHBHBFA3A2AqAXAeAQAFAM
4307450001001,AyA9BIBEBEAzAyA8BHBfBIBYA/BBAxASAJAAACAyA5BIBBAzA5A2A2BHBMBLBMA7A9AyAkANAFAH
4307500001001,BEBFBNBTBRBOBFBIBABJBEA2AuAkASAPAKADAEA6BBBGBLBRBRBHBBBIBKBGA+AxAjAcAaAQAFAH
4307559001001,A2BBBNBYBSBJA+BKBIBPA+A3AwAcAgATAHABAEAxA5BJBTBLBMBKBBBPBNA+BGAxAsAjAcASADAD
4307609003001,BCBEBTBVBVBbBYBOBYBOA8AsAgAQAPADACABAABABFBOBQBSBlBaBUBXBNA9AyAiAWASAIAGACAD
4307609003002,A5BKBWBaBdBWBLBIBTBOBHAoAlAUAMAJAGAEAAA4BBBVBYBVBWBJBLBRBPBFAvAjAaAUAYAMABAB
4307708003001,BOBcB1BhBRBTBQBABCA9AvAwATAVAVAGABADAABSBeBjBeBXBUBKBGBFBDA1A3AiAYAKAJAGABAA
4307708003002,A8BCBLBWBbBbBLA8A8BCBQA4AoASALALAIACAAA2BCBIBYBdBcBNA8BMBYBQBEAvAcAVAXAIABAA
4307708003003,A8A8BHBEBPBiBYBEBFBDA9AwAiAXAYAIAMABAEAxA8BBBLBOBkBcBOBSBNBLA2A1AsAhASARAHAC
4307708003004,A+A5BWBVBTBPBOBDBGA/BMBCAoAeAQAGACABACAvBGBIBJBQBNBKA/BVBMBWBAAqAmAcAXASAKAF
4307708003005,A/BIBPBNBXBaBLBABABABEAvAsAYAaAPACADADAzBCBFBNBWBYBLBBBIBOA/BGA5AqAgAbAJAFAC
4307807003001,A3BCBRBRBXBbBPBKBFBGBEA/AlAmAQANAGAHADA2A/BKBNBOBVBIBDBJBHBIA5AjAhAWAhANANAG
4307807003002,A8A8BJBMBfBeBNBBBDBMBEAzAhAfAUANANABACA1A6BFBLBYBcBIBHBMBPBJA3A0AbAbAaAUAOAA
4307815001001,A6BGBHBeBKBPBaBKBEBMBIBEApAsAQAIAGAEAEA1BTBVBXBQBJA/A8A/BKBDA6AtAbAQAUANAKAE
4307831001001,AvBDBbBNA4A5A9A6BOBMBDBTA7AzAuAYAFAFADAuA7BHBKA7AxA8BDBUBJBIBOA8AtAfAaATAGAL
4307864001001,AuA2A+A4A8BHBMBSBKBaBgBDA1AeAqAXALAKAFAtA7A3BLA5BABDA1BBBQBQA9BCAzAkAsAXAKAA
4307906003001,BHBMBYBaBqBhBMBQBUBLA6AkAaAPAHAJAGAEAABGBKBdBZBYBWBQBPBNBKA7AjAhAVAOAKAJAEAB
4307906003002,A6A1BDBOBeBhBSBKBMBOBGAwApATALAHAHADAAAyA0BDBNBgBhBRBOBUBYBBA8ApAcAWAbALAJAD
4307906003003,A5A5BNBTBcBgBNBKBNBSBHAqAhAbAYALAEACAAAwA8BKBOBZBYBRBNBQBQBHAyArAZAYAPATAGAB
4308003001001,AyBABPBLBSBJBHA6BDBKBOAxA2ArAaAPAMAIACAzA4BOBVBSBLBGA+BDBMBGA8AuAnAnAgATAKAD
4308052001001,A1BSBTBlA3A6A1BMBLBFBFA3AuA4AfAYAHAEAEAoBUBeBaA6A6A6BGBDBLBDA0A6A2AfAVAFARAA
4308078001001,BGA+BSBbBOBEBHBUBFBHBOAmA8AhAbAHAIAHAABSBJBYBRBUBJA+BMA8BDA9AvAvAfAeAQAMABAD
4308102001001,AwA7BABUBfBdBPBFBTBPBGA1AlAcAXAOALAEADArA2BGBMBZBVBIBGBVBKBKAzArApAbAXAOAIAD
4308201003001,AsA/BGBQBYBdBNBABSBSBMA5ApAeAZAbAIAAAAAvA3A/BJBPBXBLBCBQBPBFBAArAuAeAYAHAEAB
4308201003002,A5BBBLBIBdBeBUBLBKBQBDAyAgAhAOAMAKAAACA7A+BMBMBbBdBUBIBQBQA/A5ApAYAWALALAEAC
4308250001001,AzAqBaBaA8BABEBIBZBTBPBcBCA1AoAWAFAAADAaAzBHBAAyA4AxA3A4BTBIBMBJA3AgAfAXAHAA
4308300001001,A8BRBnBbBMBIBIBCBIBEA+A8AwAfAYANAMAEAEA8BVBlBcA/BHBDBGBCA8A/A2ArAfARARAMAHAD
4308409001001,A2BCBOBXBEA4A5A/BFBOBIBJA4AzAhAbASAGADAuA5BJBPBBA+A1A/BFBIBCBFAzAyArAbAMAOAK
4308433001001,AaAqA9BBBABDBCA5BJBWBdBbBMA8ArAgAPABADAjAsA/A9A8AzA9A4BBBMBHBgA4A+AzAnAcAEAD
4308458001001,AyBBBVBZBDBABIBLBNBWA/A2AqApAQARAJAGACAwBFBUBcBNBIBCBOBUBMA8A6AvAiAYAYARAHAD
4308508003001,A9A/BRBZBdBXBKA+BIBBBEAyAsAbARAMALACACA5A+BMBcBdBWBLBEBGBKA9A7AxAbAaAWALAKAC
4308607003001,A0A+BFBQBnBWBZBMBKBJA/A4AhAZAQAUADACACAyA2BEBQBfBkBYBHBMBKBGA7AsAcAeALAMAEAD
4308607003002,AsA3A9BOBaBdBLBHBLBXBLA9AjAnAZAQAPABABAuAxA+BEBRBYBLBJBNBOBQA5AqAuAcAWALAOAF
4308656001001,A6BIBgBhA2BBBCBHBNBSBIBIAjAxArAQALAGAAA9BFBHBaA6BFBIBGBHBPA1A+AyAdAUAPAGAMAE
4308706001001,AtA1BDBNBEBAA3BCBIBXBPA+AyAoAhAeAPADACAqA8BLBSBCBBA/BGBMBUA9BHA6AzAoAgAWAOAD
4308805001001,A9BFBXBSBFBEA4A9BJBABBBFAnA9AmATAHAMABA/A9BYBOA8BCA9A/BMBCA+BKBEAkAXAQAVAJAH
4308854001001,A1BOBVBbBOBQBCBJBSBIAxBUBCAlAfAKALALAFAyA6ApBKBSBJBFBCBAA5BHBNA4AYApALAJALAF
4308904001001,A2A9BIBUBLBKBOA/BHBIA/A7AqAmAgAQALAFACAsA5BGBVBSBMBIA/BPBUA+A+A4AoAjAeARAKAD
4309001001001,A5BIBVBUBBBFBBBFBBBDBHA5AwAoAcAXALABABAyA+BQBYBFBEBEBCBIBNBDBFA4AqAbAfASAFAH
4309050001001,A/BABcBZBRBHBJBIA+BEBBBAA7AsAZAPARACABA6A9BNBRBLBMBDBBBBBDBDAzAyApAdAUANAGAD
4309100003001,A9BBBKBRBPBbBQBNBLBJBBAmApAYAMAGAKAEAAA7BABNBMBWBcBWBWBRBPBAA8AyASAXAVASADAD
4309100003002,A7BHBPBQBRBVBQBOBQBGA4A0AsAaANAQAFADACA+BHBOBMBNBYBTBRBPBKBBAvAyAVAeAPAMAFAC
4309126001001,BCBRBgBWBEA/A/A5BJBEBWBDAzAhAZAMALADAEA8BHBfBBBWA9A2AvBBBdA6BIAsArAfASANAFAH
4309159001001,BTBhBiBfBJBVBNBGBPBMBBAiAVAdAWANAFAFABBQBTBnBlBHBQBDBCBFA1A0AqAgAkALAMAMABAA
4309209005001,A/BBBSBWBVBfBPA+A8A9A+A8AwAUALAIAAAAABBABGBOBTBcBaBOBBBGBMBXBCAyAeAXAOAIAGAC
4309209005002,A6BHBWBTBZBXBUBDBABCBBA5AlASALASAEABACA8BHBVBSBaBaBQBEBMBMBJA6AqAeAQAOALAHAE
4309209005003,BKBJBXBVBaBfBQBBBBA/AsA+AaAYAUAHADADAAA+BIBWBWBhBcBQBIBFBHBGA5AtAiAPAPAIABAB
4309209005004,A7BKBaBOBSBcBaBGBAA5BJArAhAcAVAJAFACAABGBBBTBTBUBdBVBLBKBBBLA5ApAoAPAOADAGAA
4309209005005,BABKBZBVBXBmBcBJBCBAA/AqAmAUAOAGAFABAAA/BKBRBPBbBjBVBJBIBLA2A5AiAaARAOAJAGAD
4309209005006,BVBjBqBdBMBTBQBDBIA8A+AtAfAVALALAEACABBLBcBjBZBRBSBOBNBDA8A6AtAfAWAMAJAKACAA
4309209005007,BJBOBYBRBQBYBSBLBFBABCAyAkAiAQAPAFABAABABMBVBPBOBZBSBKBFBEA0BDAsAaAVALAKAFAB
4309209005008,BSBcBiBUBaBgBaBHBAA3A/AfAZAPAJAEACABACBXBZBiBXBTBmBYBHA/BBBDAwAfAVAJAEAGADAB
4309209005009,A/BLBTBSBYBbBOA8BCBCBIArAoAkANALAFADABA7BHBPBRBYBYBMA/BMBFBAA8AqAjAjATAMAFAA
4309209005010,BFBRBaBLBTBaBeBFA/BBA6AtAfAbATAJACAAACBABKBYBQBVBiBSBHBEBLBCAwApAhAbAPAIAFAA
4309209005011,A4BFBUBYBVBYBQBBA8A8BBA0AsAgAMAUAAADAABABFBOBRBRBZBOBGBABEBNBLA3AlAdAPAGABAB
4309209005012,BLBTBbBdBcBaBVBJBAA+A6AuAkAPAMAJAAAAABBDBOBZBZBeBaBTBLBGBIA1A3AjAcAOAQAEAFAB
4309209005013,BIBPBgBXBHBFBGBBBABJBMBEAzArAfAVAAADACA/BFBYBNBDBJBBA+BDBCBDA4AsArARAPAOAGAA
4309209005014,AtAxBDBFBQBWBRA+BABGBDA9A2AhAMALALAEADAyAwA8BFBSBgBWBJBOBRBaBJA1AnAYAUAfAOAF
4309209005015,BIBZBeBXBSBYBUBLBFBBA+AjAZAVAKAHAFABABBMBaBhBXBZBfBSBMBJBAA/AqAhAVATANAEAFAA
4309258001001,ApAnBEBFBQBKAwAuBJBFBxBoA5AwAcAVAVAMAAAgAqBJBWBAAnA3BGA4BbBaBLA7AxAkAdAUANAM
4309308003001,AuA6BIBLBUBNBIBCBBBGA+A2AtAoAZAVAMAFAAAyA2BCBIBQBTBJBKBGBPBMBEBAAtAoAZAVALAC
4309308003002,A5BBBUBQBSBRBLBMBFBIA8AzAvAjALAOAGAHAAAxA9BJBOBPBQBSBTBNBMA+BMA5AUAnAUAJAGAB
4309308003003,A+BQBUBQBQBXBYBPBCBBA3A1ApAYAHALADACAAA1BMBUBFBVBhBiBNBNBIBCA7AhAbAQATAUAGAA
4309308003004,BABQBhBWBXBXBIA8A7A+BFA1AsAXAPAJAFABABBDBIBVBVBYBZBNBCA/BOBQA5AqAZASARAKAFAC
4309308003005,BHBWBgBbBWBUBJBGBDBCA7ArAiATAMAJAGADAABHBRBiBfBXBXBKBKBIBLA4A5AiAYATAIAGAEAC
4309407001001,A4A5BLBNBYBUBTBGBGBMA2A+AmAgAWASAHAGAAAvA6BJBRBXBXBPBKBMBPA8BCAnAlAcAZAUAFAD
4309506001001,AqA7BQBSBDA/A/BFBQBKBHBHAoAtAdAdAFAEABAtBCBJBLBFA/A8BEBJBPBLBGBEAvAeApANAGAG
4309555001001,A4BBBOBWBNBMBTBFBVBRBFA9AmAiAaANAOABACA1A9BHBRBKBVBCBKBTBIA0A7ApAlAdAgAMAGAB
4309571001001,BLBOBdBqBNBVBTBIBPA+BCAxAnAlAOAWAGADAABHBKBbBfBEBJBGBFA7BAArAzAkAgAVAXAKAFAA
4309605001001,A7A8BFBPBQBXBPBJBFBEBIAyAtAiAXATAEAEABA3A6BFBNBSBTBQBIBIBOBDBBAxAqAiATAPAHAD
4309654001001,BKBdBhBWBQBPBOA/BHBIA9A6AxAaAWANAHACAABaBWBeBfBKBGBDA8A+BCA3AwAeAWAQAQAIAEAE
4309704001001,A5A8A/BKBKA8A4BBBGBWBPBFA9AmAdAQAKAEABAwA3BGBPBGA/A9BCBPBSBOBNAwA1AeAiAUAJAF
4309753001001,BCBOBUBSBRBZBMBRBGBDBGAuA0AhAZANAGAAAABNBPBLBYBRBNBCBDA5A3A7A6AmApAcAXAGADAA
4309803001001,AnA7A9BKBJBFAyA6BTBaBHBEA7AsAdAUARAHABAnA/BJBKBCA8A4A9BRBbBIBUA4AzAtAUATALAG
4309902001001,A1BHBcBUBQBCA9BJBPBNBBA3A4AjAWASAIAFABAxBHBPBUBNBDA/BBBJBJBFBBA3AjAiAPAMAEAI
4309951001001,BCBJBYBTBFBJBGA5BBBMBBBLAnAtAeAMASAHADBABGBcBbBMA8A9BAA+BGAuBIAuAyAVAUAKAHAE
4310009001001,A8A6BGBRBRBZBKA/BIBIA9A9AyAdAaAPAMAGACA3A5BCBMBPBWBJBIBEBOBGA/AzAlAeAeAPAKAD
4310108003001,BBBUBgBbBYBWBRBPBQBIA5AjAiAKANAGAGAAAABXBPBeBbBcBcBTBQBLBGA5AmATAeALAJADAFAD
4310108003002,A5BCBNBSBXBhBTBKBNBJA6AuAcAZATALAGAGABBABDBJBVBbBdBSBOBWBOA2AvArAfAXASAGAEAE
4310207003001,A7BCBYBfBXBSBMBEBBBABCAsAhAaAVAQAFABAABDBEBRBaBXBSBPBFBMBJBABBAmAjAYASAPAFAB
4310207003002,A4BCBOBOBZBfBWBHBABBA6AvAwASAUARAJACABA+A6BHBKBZBUBWBIBHBDBCBBAqAhAeAcALALAM
4310207003003,AyA3BCBDBOBRBLBCBNBDA4BAAfAqAYAOAMALACAvA9BFBLBTBWBMBOBUBRBPA1AwArAjAaAbAIAD
4310207003004,BABQBXBbBUBVBJBFBDBBA2AuAcAdAVAQAGADABA7BGBXBVBWBYBOBMBLBJAvBAAsAmAYASAIAIAB
4310207003005,AwA5BHBNBJBMBHBGBBBKBOA5ArAxAcAXANAHACAvA3A/BKBIBQBLBBBIBPA8BPA0AsAlATAVAPAH
4310306001001,A3A/BSBQA/BRBCBEBFBDBYA9A2AcAeAbAIAIACAhA9BFBbBKBIBDBBBABIBWA0A7ArAgASAVANAF
4310330001001,BDBNBbBRBGBDBBA8A+A8A7BGA1AoAhAQAGADABA+BIBKBKBGBPBGBFBDBCBLBJA8AsAkARAHADAB
4310363001001,AwAzAyA9BCBIBHBJBLBJBTBDAwA0A2ALASALAGAlA1A0A7A9BJA8A/BFA6BOA+BcA6ApAqAeAPAI
4310405001001,A+A/BZBRA/A9BBA4BJBPBLA6A6AuAYAVAPADADAsBCBQBSA8A6A+BCA9BNBWA/A0AoAvAeATAJAE
4310413001001,A+BIBmBOBQA4A4BABSBSA4BFA4AmAbARAFAFAFA7BEBUBUBCBABBA+BUBFBHA9AxAfAhARAHAJAE
4310439001001,AvA4BQBOBNBKBKA9BPBOBWA3A4AvAkAQASAGAAAxA1BOBCBABDA/A8BIBIBGA7A8AsAhAeARANAE
4310462001001,AxA1A5BQBKAxA7BHBdBbBTA6A7A0AfAVAPAAAHAfAqBBBSBFA5A5BCBfBPBHBEAzBCAtAYAYAEAF
4310504001001,BDBLBQBYBMBBA9BCBNBBA7BEAuAuAaAcAJACAFA0BJBQBSA/BFA8BFBBBBBEBBA/ApAgAZAJAJAA
4310538001001,BFBEBcBbBMBFBABPA/BMBHA6A2AdAZASAIADACA7BDBKBUBLBDBNBHBABHBMAxAvAiAcAUALAIAB
4310553001001,A2BMBbBRBCBHA6A/BTBGBABMA8ArAfAeAGAHAEBFBNBaBHA7A5BBBHBDBIA/BDAxAgATAZAHAFAA
4310579001001,AxBOBrBdBDBOA7BBBQBfBDA9AzAjAhAPAPAAAGA2BJBWBTBEBJA9A5BGBHBAAtAqAaAiAVAPABAC
4310603003001,BFBIBgBiBQBKBCA9BDBEA+AvAnAYANANAKAFAAA7BLBeBdBPBPBEBKBHBJBEA4A0AUAdAaALAEAE
4310603003002,BQBYBiBfBWBOBFBIBHBHA9AzAoAaANAIAHACAABLBSBiBcBMBPBIBEBCBCA5AuAeAbARALAOAFAE
4310652001001,AwBOBWBYA7A4A6BCBUBhBDBDA7AjAnAaASADADAsBKBRBDA3BEAzBFBDBTA0BCAoA9AlASAVAHAD
4310702001001,A3BABeBdBPA0AxA8BBBeBXBQA4AvAWAVAPAMAAAoA8BVBTA3AvA0A6BOBOBIBJA6AgAlAbAKAKAC
4310751001001,AuAtBMBXBIA+A6A/BRBLBqAvBRAtAnALANAHADAyA1A6BPBIAzA/A4AuBHBOBMBEAyAyAfAVADAE
4310801001001,A7BCBIBRBXBcBTBVBZBNA5A2AaAaAVAEAFABAAA7A+BGBNBVBdBYBWBVBSBFAuAoAZAUARAJAAAC
4310850001001,BGBIBoBUBAAwA7BJBHBFBHBHA1AjAfAZAGAGAGAzBGBYBQA4BDA5BPBGBKBEA+A2ApAWAVAGAPAF
4310876001001,AtBRBaBXA+BUBJBFA3BZBCBEA6AbAfAiACADAAA8BEBcBaBMBCBJA1BNA8A+A4AdArASAXAPAGAL
4310900001001,A2AtBDBcBLBAA5A7BJBQBIBLA6ArAYAQASAEAFAsAwBLBgBABHA7A9BSBQBUA7A4AuAYApANALAF
4311007003001,AwA6BABHBVA3A7AmBMBWA/A1ArAtAcAfALALACAzArBEBaBBA/A0A5BVBaAxBWBSA3AxAqAcAHAL
4311007003002,BMBNBbBaBKBKBBBGBEBKA2A5AyAgAWAMAEAIADBABSBRBWBEBIBEBJBIBFA+A5AwAjAQAbAKAHAD
4311106001001,ApA3BHBXBJBEA9BABOBQBJA+A0AqAqAhAKAEADAqAwBGBTA5BBBDBABJBPBKA4A5A2AsAdATANAF
4311122001001,BTBaBqBRA+AzA6BEBEBFBEBJAuApAjARAHAAACBHBbBbBUA3BFA9A9BDBDA9A5AtAgAdASALAEAB
4311130001001,A6A8BSBUBHBMBHBYBRBSBQA4A6AgAoASAJAFADA1A8BXBTA9BFBHA/A8BGA9A5A0AlAYASAJAKAC
4311155001001,BEBSBhBZBFBHBEBJBJBRA9BDAuAjAUAUAMACABA7BPBPBXA8BDBEBHBGBDBEAyAmAmAaAUAIAMAA
4311205001001,BGBKBcBWBQBHBDBAA8BGA+A6AuAcAZAQAIADABBABFBVBUBRBLBDA7BIBKBEA5AzAkAcAWAPAHAD
4311239001001,BCBNBcBTBVBPBOBWBTBNA1A/A2AaAXATAIAAAABMBGBXBPA1BQA8BJBFBBAkAvAjAoAYAaARAEAE
4311254001001,BPBWBmBhBDBGBJBNBMBLA9ApAlAoAUARALABADBFBNBkBZBCBEBDBBBBBAAzAyAvAdAVATAKAGAD
4311270001001,AnA+A2BMBHA3A7A6BdBLBOBCA6A0ArARAHAGABAgAzBFBBBEBHA9A+BMBRBSBKA2A1A/AiAYAGAD
4311304003001,A9BHBaBhBFBEA+BEBIBIA8BAApAsAnAXAJACAAAzBFBSBJBDA/BBBFBLBIBVAtA7AiAmANALAJAG
4311304003002,A/BJBaBYBKBKBKBBBJBEA+AsApAcATAMAJAEADBBBFBQBVBOBOBGBHBNBNAzBFAvAkAjAXAKANAD
4311403003001,A1AxA4BJBWBhBDA4BBBLBQAqAhAcAZARALAAABAxAtA6BMBgBlBPBGBSBUBWA9A5AuAaAhAWAJAF
4311403003002,A+BGBPBRBYBrBhBXBPBABBAkAmASAMAXACAAACBFA+BIBRBYBmBcBSBEBDA6AuAoATAIASANAGAA
4311403003003,A1A2A/BKBeBrBbBLBLBKBIAyAoAUARAHAHADAAAtAyA8BLBlBkBVBOBQBRBFA6AwAbAfAUANABAC
4311403003004,BHBHBSBZBWBhBTBMBIBHA4ArAgAQANAOACACAAA8BFBOBRBfBlBaBNBQBJA9ArAfAdAXASAIAHAC
4311429001001,BJBJBpBSBBBGBQA6BIBEAwBBA6AiAeAOALADAABdBXBoBVBFBLA6BBA5A8AwA8ArAdAaAOAIAIAD
4311502001001,BEBIBXBTBFA8BCA9BBBSBOAtAzAmAXAXAIAEACA8BNBUBSBDBHBBBHBKBJBAA7AnAnAWAhASAMAH
4311601001001,A8BJBNBcBJBIBAA/BMBQBBBPAyAiAhALAIAEAFAxBIBSBPBCBFA0A+BIBJBJBBAzApAaAWAPAJAE
4311627001001,BIBUBVBUBnBgBgBdBLBIBCAhAXASAOAHAEAAAABGBNBKBTBVBoBcBMBFA+A8AoAbAWAPAJAEAFAA
4311643001001,AdA7A5BGBBA+A/BVBWBOBCBJBAA5AgAaAOAIACA5A2BBBHBBBKA5A/BGBGA8BOA9AxAqAXAVAVAF
4311700001001,A8BJBaBGBJBCBHA+BBBIBGBAAtAzAYAUARAFACA5BGBPBNBIBMBHA8A7BAA7BJA3AqAcAZATAKAE
4311718001001,BIBMBqBXBIBEBEBJBZBJA5BGAoAkAOAKAFADAABEBPBwBRA+BPBLBKBOBFAvA1AnATATALAJABAD
4311734001001,BBBJBJBiBTBLBJBDBSBKBEA3BDAZAdAOACAHADA2BRBdBMBLBIA7A2BIBRA7A/AoAaATATAQAEAE
4311759001001,A4BKBeBVBFA6BJA/BHBNBABGAsAnAlAMANAFACA/BFBXBTA9BIBBBCBRBPA7A7ArAlAdAYAKAHAC
4311775001001,A3BJBZBSBABAA8BBBLBXBMA5A1AqAnAOAPAJACAyBIBhBQA9BAA+BDBGBHBBAvA4AnAYAcANAMAB
4311791001001,AdA6BFBDBLA/BJBPBUBcA8BAA0BEAgAYAPADAAAlA8BXBMAsBEA/BCA/BOA+BFA3AoAsAzARANAA
4311809003001,AxA7A/BSBdBiBcBKBDBJA7AyAhAdAPADAKAFACA0A5A7BRBnBnBbBLBPBRA5A8AlAmAcAWAMAGAB
4311809003002,BABIBUBSBiBjBVBOBMBGA5AsAgAaARAKAHAFABBEBBBOBPBZBbBZBLBLBCA7AwAoAZAUAJAIAHAB
4311908001001,AwA3BXBYBHBBA8A9BFBLBJA5A+AlAlAeALAJAAArA9BKBKBKA6A6A8BLBGBEBHA5A3ArAZASAOAI
4311981001001,A3BCBJBPBJBBBABJBIBGBgBEBHAvArATAGAGAAAtA4BMBNBABCA2BBA6BKBFBCA5AlAmAWASAGAG
4312005001001,ApA/BWBMBFBDBEBDBXBXBIBSA+AsAUARAOACAAA3AwBDBJA5A/A8A8BHBcBCBNAzAmAgAdARAMAF
4312054001001,AtA2A8BVBLA6BFA7A9BRBDBRBEAwA1AXAOAEAAAsAuA8BABDBBA5A1A/BLBIBPBGBGAuAXAbANAE
4312104001001,A0A6BNBeA5BEBKBIBSBFA/A7A+AyAiAQAJAGAGA1A+BYBJA8BBA+BCBDBMAyBDA9ArAgAZAYAKAJ
4312138001001,A8BHBXBaBMBHBGBCBLBMA0BUBGAfAQAbAMAHADBCA5BJBBBGBKBBBKA+BNA6A+A0AhAaAVARACAA
4312153001001,AtBGBVBFBJBUBNBHBVBQBPAsAyAoATAGAQAHABA2A4BFBCBTBOBNBLBHBPA1A8A9AbAoAVAQAKAC
4312179001001,AxA/BMBFA6AwA6BOBJBPA9BGBOAvAyAaANADAEA5A/BQA2A7A4BJA5A5BEA9BMBFA9ArAiAQAKAC
4312203001001,A+BABZBcA9BDA5BEBTBHBFBAArAtAjAWALABAAArA7BYBOBBBAA5BEBLBEBDA+AtA3AkAWAYAMAG
4312252001001,A+BTBmBUBLBNA/BABEBNA8A0ArAhAcALADACADBDBNBZBSBJBTBFBDBOBHA/A2AsAdAcARANACAD
4312302001001,A9BQBUBYBEA8AyA/BDBDBHBNApAnAlAUASABABA6A+BcBQBMBEBEA4BFBGBCBDA8AhAgAWALAIAG
4312351001001,AoArBDBBBNBSA5A0BjBhBSBPA7A6AbAfANAEAAAmAqA9A/BAAxAnBNBBBQBMBUBEAuAyAjAPACAR
4312377001001,BIBPB3BkBEA5A2BFBNBTBLA2A0AnAlAOAKAMAAA2BZBdBFAwA9A3A5BDBIA0BFAqAjAPAiAIAFAD
4312385001001,AmAzAoBKBMBPBNAxBGBUBGBXA5A+AuASAOAMACAgAmA4BEBEBDArA6BDBLBXBNBCA4AqAvAgAGAG
4312401003001,BPBLBWBbBcBqBcBRBHBFA2AyAWAVALANAGACAABKBNBXBVBYBcBRBHBHBCA+AhAkATAMAKAHAHAB
4312401003002,A7A/BKBOBRBdBKBEBCBDBBA5AuAcAUAPAGABACA9A/BFBKBUBZBLBMBJBNBBBJAyAfAYAXAOAJAH
4312401003003,BABABSBMBYBeBMBCBBBGA+A2AnAiARAMAMACABA+BBBMBNBSBZBNBFBJBJA+A9AkAkAgAgANAEAD
4312427001001,BEBIBXBTBBBOA8A8BLBNA/BCAtArAgAcAKAAAEBABMBMBJBEBCBGBFBCBKBBAyAxA0AdATAIAHAD
4312443001001,ApA5BFBMBWBCBBBBBSBmBPBIAtAyAkALAIAFAAAlA0BFBbBDBIA+BKBRBSBMA4AoA7AZAPANAMAC
4312450001001,AwBBBDBLBHBDBCBAA/BKBRBMBDArAeAfASAAABAtAxBJBCA/BHA9BFBEBIBIA5BKAnAoAkAaAFAG
4312476001001,AqA7BKBKBZBTBNBMBYBWBKA9ArAbAVATAGACACAqA2BGBKBNBOBSBWBMBQA/A1AoArAdAZAMALAC
4312500001001,BABJBcBZBMA+BABCBNBNBLA8A0AkAUAQAQADAFA4BLBWBQBIBCA3BFBMBNBFAvAsAbAcAbANAKAE
4312609001001,AwA4BBBEBBBEA9A/BEBRBAA9A9AxApATAPAFAFAyA3A4BFBDA9BGA/BJBMBNBKBIAuAxAlAbALAF
4312617001001,BABIBbBeBBBUBMBCBKBIA7A6AtAtAbAZAAAHAEBKBTBgBKBJBIBABBBKA8A0AoAyAZAdARAUADAA
4312625001001,AvBABgBdBUBOA8A5BKBNBUBBAyAkAOAcAGAGAAA6BABYBdBPBLAuA8A/BWBPAqAuAnAhAOAHAGAE
4312658001001,A7A9BMBPBdBeBPBLBHBFA3A6AuAaARAOAKAEABA4A4BDBMBXBYBNBFBMBHBBA9AwAkAZAWASAJAH
4312674001001,BBA3BIBHBDA/A/BNBMBUBLBKBDAfAcATAIAJAABBA7BABKBDBAA+A4BIBTBHBJAzAsAeAhASAJAC
4312708001001,BBBOBhBXBSBPA9A9BFA+A0A3AnAmAVANANAFAEBCBGBiBfBPBGBCBBBGBEBDAwAoAiAbAdAMAFAG
4312757001001,A7BDBPBLBVBNBEBaBCBLBEA3AuAjAfAQAIAEABA8BWBIBVBGBQBCBFBPA8BCA2A9AcAXAPASABAC
4312807001001,ApAvBBBTBhBQBLBFBPBUBJA3AuAiAWAKAMADABA2A5BJBaBVBEBVBEBJBOBMA0AyAoAjAPANAEAC
4312906001001,A4A3BIBRBcBTBQBIBOBPA8BDAsAoAZAPAKAEAAAvA6BGBEBTBKBOBBBGBJA6A/A0AiAeAeAXAHAC
4312955001001,AtAsBABNBEBDA/A5BVBXBTBWAuAzAhAVANAHADAdAtA3BGBABDAxBABEBeBPBUAxAwAzAkAdANAC
4313003001001,AeA9BMBUBdBGA5A6BGBLBQBFBOApAdAYASAFAGAhA1BFBNA5A5A+BBA8A/BaBDBHAnAqAhAVALAF
4313011001001,A0A0BCBMBSBEBNBJBPBGBRBUBCAxAPAWAIABACAiAvBEBXA7BDBFA8A/BRBOBMBAA3AUAVARAGAF
4313037001001,AnBABLBgBCBUBKA/BSBLBMA6ArArAXAPAKABAAA7A2BPBWBUBTBLBMBMBHBOAsArAcAaAkAIAEAC
4313060001001,BJBSBWBaBWBcBaBVBLBDA0ApAbARAMALABABAABMBOBbBYBcBfBaBRBIBCA3ApAjARAOAKAFADAD
4313086001001,AtAvA8BMBVBJA7A9BFBsBuAwAvAxArAfAHADAHAyAvA7BFA9A/A4AvBFBXBXA+AvA8AuAqAPAFAA
4313102001001,AuBCBWBgBUBPA8BHBGBPBCA6AzAlAdARALAFADAwBHBNBRBTBPA8A4BEBIA8A6AxAiAaAZAVANAE
4313201001001,AyA8A/BDBRBYBVBNBPBHBGA0AwAgAaASAJAHACA4AzA/BIBSBVBUBOBNBHA+A7AzAlAaAXAVAKAI
4313300001001,A+A9BFBMBcBeBTBPBLBKBDAsAoAaASAPAEAGADAyA4BHBSBUBaBTBKBLBIA6BBAqAlAcAWALAGAE
4313334001001,A4BDBHBLA5BNA6BLBdBVBOA+BBAlAdAQARACACAxA2BLBGBEA+BHBKBIBKA8BDA1AsAkAWARAEAF
4313359001001,AwBBBDBKBIBJA5BHBZBoBIBAAqAhAjAlALAJAAAuAzBIBQAwBFBCA9BZBNBEAvA7AhAiAjAaANAF
4313375001001,BPBXBgBdBTBWBNBKBEBDA9AuAeAdAPAGAGAEAABJBUBcBVBQBVBSBKBHBBAxAxAmASATAJAKAFAD
4313391001001,A4A/BWBNBKBJBEA/BSBEBIA/AxAsAdATAOAIAAA3A0BSBQBJBLBFA+BSBDA9BAAwApAdAcAOAFAE
4313409004001,BJBUBkBhBXBWBPBPBPBIAwAnASAMALAJAFABAABABUBgBhBWBYBUBNBRBJA4AjAdAfAQAOAHAAAA
4313409004002,BQBdBrBoBjBQBHBIBKBIAzAhAcAJACAFAAAAAABYBaBvBkBdBVBLBJBOBLA3AoAVAOAHALAAAEAA
4313409004003,A5A9BOBSBWBWBOBFBNBQBEAoArAXAQAOADAAAAAvA8BMBWBOBfBSBKBWBSBFA5AsAjAkAYAGACAC
4313409004004,BGBGBTBZBhBdBQBBBIBKBAAqAcANAKAFAFACAAA+BLBVBbBdBfBRBNBOBaA+A5AZAdAOAVAEAAAA
4313409004005,BZBpB6BtBfBMBMBOBEA8A0AaASAMALAJADACABBcBjBzBmBTBRBSBPBAA4AmAoAaASAKADACAAAA
4313409004006,BDBEBTBVBVBYBTBDBABJA+AtAdAXAWALAGAEACBBBGBRBNBcBcBHBABLBPA5BAAyApAVARAQAAAA
4313409004007,BBBIBgBiBdBOBJBJBOBSBGAmAbAVALAIACAAAAA8BHBaBnBcBSBLBLBXBRBFAuAcAVARAJAEACAD
4313409004008,A3A5BPBTBSBPBGBBBGBPBJAwAfArAXANAIACACApA+BEBVBOBOBLBFBPBWBQA3A3AoAXAeAaAJAD
4313409004009,ArAmAsAyBFBfBWBCBFBPBOAtAqAaAWARAMAEACAmApArA4BUBuBgBSBUBnBbBAAqAyArAhAYAPAM
4313409004010,AyAuBHBIBMBRBHA8BOBWBRA7AmAmALARAHACAEAnAvA5BCBQBOBRBCBeBeBjA5A7AkAjAfAOAKAI
4313409004011,BFBMBYBcBOBGBEBOBPBRBBA4AgAeAVALAIAEAAA4BGBaBRBLBOBMBKBWBRA7A1AnAZASALAMAGAD
4313409004012,A3BEBOBQBZBXBHBIBNBJA4AxAbAhAcAPAGAAABA9BBBJBNBYBUBJBJBOBTBHA0A5ApAXAXAKAEAA
4313409004013,BDBLBdBaBSBgBUBLBLBIAxAxAeAPAKAHACACABBCBIBWBXBYBkBYBQBPBJA8AwAeAbATAKAIAIAA
4313409004014,A4A8BFA8BSBiBKA+BMBKBEAxAqAfAbASAJACABApAvAvA8BSBkBKBWBKBQBDBLA+ArAuAZATAIAF
4313425001001,AtA1BGBMA4AwA5BCBNBXBZBWA4A3AYAcANAFABApA3BGBMAxAyA3A+BNBVBeBPA4A3AoAYAcAKAB
4313441001001,A3BNBdBhBCA3A3BIBUBVBRBIAwAnAVATAMAIADA4A2BMBGA7BDA+A6A9BUBHBCApAjAZAmAOAOAC
4313466001001,AqA4BFBQBIBBAzBEBKBaBRBaAsApARAYALAFAAA9AxA9BeA9BKA3BIBQBEBNBFBDAoAlAgAQADAD
4313490001001,A/BGBVBVBTA4BCBDBMBDBVBGAuAeArAOAJAGABAsA8BDBLBRBFA+BKBDBEBKA6A3AsAdAaASAEAD
4313508003001,A/BRBkBZBTBLBGBCA8BMBGA3AoATAgAVAKABACA3A4A8BPBfBSA+BEBNBOBFAzAsAmAZAOARAKAG
4313508003002,A1BIBUBQBNBZBFA/BBBBA6A3A2AcAVAQAJADAAA/BDBOBPBQBUBLBIBLBLBDA9AqArAeATARAGAH
4313607001001,AyA/BSBfA/AyAyA/BUBSBSBGA0A1AZAQAKABAEAyA7BIBRBBA2A1BGBQBUBEBCA0AsAmAcAbAGAH
4313656001001,A6BDBUBPBJBDBAA7BFBKBABGBCAqAdAOAJAFABA7A/BPBIBFBFBBA7BHBRBMBCA6AvAiAPAQAFAB
4313706003001,BNBbBjBgBNBLBEBCBDBDA6AuAkAbASAMAIAEADA/BZBmBeBQBFBIA/BCBKA1AyAfAgAZAUAGAKAE
4313706003002,A8BCBSBSBQBOBCBBBFBCA8A0AoAkAWAJALACABA3A+BTBWBVBXBKBLBPBQBJAzApAnAgAWATAHAB
4313805001001,A7BHBVBjBNBEA8BDBHBQBMA+AvAlAdALAGAAADAxBABMBYBTBFBBBCBNBLBAA+AuAhAfAXAJAHAD
4313904003001,A6A7BOBUBlBYBUBGBFBBBCA0A6AWAUANAMABABA1BDBMBMBSBWBRBFBFBFBQAwArAfAmANAKAFAD
4313904003002,BKBKBQBTBnBkBaBMBFA+A0ArAjARAPAMAGACAEA6BBBPBQBdBgBZBMBHBCA3AwAmAhAWAMAMAEAF
4313953001001,BGBJBfBUBJBFA7BCBGBIBLAtApAuAaALAMAEAABCBOBeBUA/BOBEBCBDBIA7BDApAlATAeAJAIAC
4314001001001,AwA3BHBYBVBUBFBIBMBbBPBEAyAbAXAOAJAEAAAyA0BGBLBLBQBLA/BNBOBHBBAvAdAbAVAUAJAD
4314027001001,A1BBBMBMBJBNBHBGBRBNBHBCAvAoAeAOANAFACA2A6BBBHBEBMBGA+BHBGBKA4A0ArAjAkAYAHAB
4314035001001,AsA7BQBWBZBUBHBIBKBVBFA+AnAkAoAPAKACAAAoA6BABPBUBHBJBABJBPBGA5ApAqAnAYAQAGAD
4314050003001,BHBGBgBdBWBWBMBRBPBKA9AjAiAKALAFAFAAABBEBIBcBjBUBfBQBTBSBOA7AqAXAXAVANAHADAA
4314050003002,BMBTBhBhBWBUBQBQBNBLA0AlAeANAMALADADAABKBOBiBbBZBWBQBRBQBGA2AnAfAVAPAKAGADAA
4314068001001,BBBVBoBUBUBMBHBIBRBIA4BAA4AWASAPAJAEAAA5BNBhBfBJBEBJA9BHA+A6AyApAbAQARAOABAD
4314076001001,A8A1BCBQBLBZBJA8BSBPBTA9AsAkAcANAIAGADA4BBBGBWBHBJBCBDBKBLBHA+AyAjAkAWAOAFAG
4314100003001,BCBCBPBMBYBbBLA8A9A6AvA4AlAXAdAKAJABAEBEA+BMBZBjBYBVBDBIBIBFA9A5AjAYASALAEAF
4314100003002,BKBXBlBUBsBkBOBMBFA9AwArAaAMALAJAFAFABBJA5BXBKBkBjBlBFBIBIAyAxAnAYARALAGAEAA
4314100003003,A/BFBMBZBZBYBRBFBAA+BCAlAkAZAXAIAJABACA+BABRBTBcBiBWBHBGBIBIA2AvAZATAUARAGAE
4314100003004,AoAjAuBFBpBjBWA8A6BAA+AuArATAUATAGACABAsAkAvBUCBBwBfBHBOBaBOBFAvApAhAfAUAJAG
4314100003005,BQBWBlBZBTBYBLBEBFA5BCArAYAiAaAIAGAAACBPBRBeBYBSBWBMBDBABDA0A0AbApARAHANAFAA
4314100003006,BXBZBsBjBZBXBRBCBBA3A1AeAcASAOAGADAAABBPBUBhBjBcBaBQBJBGBAA/AnAiAVAVAJAFAAAB
4314100003007,BGBHBaBOBWBbBRBGBEA8A5AnAbAYAQAJAHACAABIBEBRBXBYBdBWBLBMBMBDA3AhAsAZAVAHAAAC
4314100003008,A7BDBIBRBZBWBLA/A+BEBGAlAgAmARAMAGAFABA3A5BJBUBbBcBTBJBOBUBQA6AzAYAeASAVAGAD
4314100003009,A7BABNBVBZBYBGA+A+BAA8AtAeAWAdARAKACAABCBABIBTBYBdBQBEBLBMBCBBA1AkAfAXAKAKAF
4314100003010,BHBIBZBaBYBRBOA/BBBCA7AtAhAbAQAKAIACACBDBHBUBVBXBWBUBFBLBJBBA0ArAfAaATAOADAC
4314134001001,AwAyBOBCBQAzBBBHBTBSBSBHA/AqAsAcAOAFABA5A0BEBLA/AyA6A9BFBOBMA5A4ArAmAgAdAKAB
4314159001001,A4A+BKBQBQBMBGBIBNBFA/BBA0AlAgAaALAEACA6A8BLBQBCBGBIBIBCBDBBA9A2ApAeAeARAHAC
4314175001001,A+BcBaBUBNBNA/BJBOBfBHA4A3AfAaAKAEAHAAA/BNBfBYA5BOA/BQBIBHAvArAmAcATAQANAAAD
4314209001001,A7BFBYBRBFA6A+A7BABJBIA3A/ApAfAaAFADABAyBKBLBNBDBBA+BFBNBLBDBEAyArApAZAXAEAH
4314308001001,AxBABNBeBZBJA7BLBIBNBHA4AtAfAaAfALAJACAwBBBIBXBHA8BIBBBHBTBLA1AyAfAkATARAEAK
4314407004001,A/BIBdBXBOBPBEBDBGBCA1A6A1AWATALAGADACBBBDBYBTBOBRBMBKBMBKBAA7A1AhAgAFAPAAAH
4314407004002,A7A/BRBNBOBOA/A6BIBGBEAvA0AgASARAGAEAEA3A8BNBNBQBTBJBDBNBMBIBCA2AoAhAcAVANAE
4314407004003,A6BFBNBQBMBPBGA/A7A/AtBGAuAYARALAGAAABAzBBBNBWBYBYBNBFBIBVBUBGA1AmAhAXANAKAC
4314407004004,A7A9BHBMBSBRBGA5A7BAA4A3AkAhAVAZAHAEABAwA3BIBNBYBYBMBGBIBJBUA6A9AzApAhAVAHAJ
4314407004005,A6A+BTBKBNBJA8A7BCBLBUA4A4ArAVAPALAEAAAxA3BLBOBIBLBGBLBHBXBVBIA1AkAdAXALAGAC
4314407004006,BFBJBdBWBLBZBMA+A7A3AyAzAlAcAJAIAGADAABABJBcBVBYBiBSBKBIBGBDA7AsAgAYAXAQAGAD
4314407004007,AvAxA4BKBjBZBGA3A3A9A4AuAtAcAVAUANAGACAuAwA8BKBtBfBJBCBCBNBOBGBJAsAqAmAWARAM
4314407004008,ApAuA6BFBTBNBDA3A1BDBFAxAwAlAYAWAOAHABAoAsA5BGBSBYBMBHBIBWBZBFA7A5AvAnAfAUAQ
4314407004009,AhAeAjBHB4BZA5ArAsA3A3AwAsAlAgAQAPAGAIAfAfAqBWCSBiBDA5A4BKBOBKA+BCA0A2AxARAX
4314407004010,AzA5BIBNBVBfBTBOBBA/BAAsA7AZAZAOAAACAAA0A8BNBFBNBVBOBKBNBHBNA2A4AuAgAeAKAJAG
4314407004011,A7BBBQBPBSBPBJBCBHBAA7AzApAaAVALAFADAAA9A/BQBVBQBWBRBKBNBNBIBEAxAmAcAaANADAE
4314407004012,BRBmB0B2BUBMBCBHBEA7A1AgAgAPAIAGAFABACBVBfB8BnBVBPBABJBHBEAxAjAZAXAIAIAGACAA
4314407004013,BFBJBaBYBOBZBIBHBIBDA+AwAqAMAQAKAJACAAA/BCBSBXBcBaBPBHBPBMBJApAjAiAeAPAKAIAA
4314407004014,AuA2A/BFBNBPBDA5A9BGBHA1AuAdAeAZANACADAtA4BBBCBNBYBJBHBLBaBOBHBAA1ApAnAUAGAH
4314407004015,BDBTBoBfBTBPBDBDBDA/A4ApAiAXANAKAHADABA+BNBiBjBXBTBOBLBJBJA9AvAlAaAYATAKADAE
4314407004016,BHBIBdBSBTBYBNBBBFBDBCAuAgAMAWAJAFAFABA8BEBUBVBaBbBOBOBIBNBGA3AwAiASAQAKAAAB
4314407004017,A7BFBQBRBIBIBIBLBJBMA9BIA+AnAfASAKACAEA4A9BLBKBDBEBABABDBBA6BGA4AjAiAbAPAIAG
4314423001001,A5A5BHBMBSBQBKBOBUBXBIA3AuAWAXAQANAGADAmA4BEBXBZBVBDBLBYBXBJAlAuAjAZAYAKAHAD
4314456001001,BEBLBQBgBMBIAwA8BeBQBFBEAiAcAnARAHADABA1A2BIBgBMBEA7BLBMBUBFAxAmA3AXATAPAGAA
4314464001001,A3BTBXBdA5BPA7A0BCBRBDBRAtA4AVAiAUAJAAA0BOBWBSA9A4BKAwA9BKBeAuAbAzAYAQASAHAC
4314472001001,AzBEBiBkBBBEBDBKBVBOA+BDA1AtAWAPALAEABA6BHBdBRBLBDA7BABGBEBAA0AeAmAhAXAKAGAF
4314498001001,A/BMBYBlBZBMA+BEBBBABHBBA5ARAaAEAQACAAAzBLBcBbBSBEBDBBBEA9BSAxAvAdANAMAXADAJ
4314506001001,A8A9BNBUBIBFA9BEBIBNBBBEA2AoAUAZANAIAEA2BBBIBMBHBIBABBBMBRBEA1AyAnAhAeANAQAE
4314555001001,AyA+BLBcBBAsAvA9BNBZBQBRA7A5AYAWAXACAEAqAyBRBGA7A2AtA4BgBOBSBGA2A0AeAlAUAGAD
4314605001001,A8BFBSBRBABABBBFBNBRBBBCA2AvAlAUAQABADA5A/BMBHA+BDA6BFBJBFBBA9A6AnAjASAVAMAG
4314704001001,A3BHBZBVBNBFA+A/BLBKBBA9AlAkAhATAKAGAEAxBHBbBcBFBHA+A/BHBFBHBBA4AdAfAYAPAHAE
4314753001001,AyA2BLBHBMBAA9BFBRBEBWBIA4AlAhAgANAMACAwAsBGBJA/BFAyA6BBBEBABPA6A1A1AVAcAPAG
4314779001001,BEBIBaBfBTBNBHBHBDBHBPAzArAtAWAJAIAGAAA8BBBYBVBIBNA+BBBTBNA8A1AjAaAcAOANAGAB
4314787001001,A2AzA9BqBIAsBDBDBLBYBfBEBKApAsAdAQACAAAlAkAxBNAwA3A+AwBLBSBRBHBAA5AdAqANAMAG
4314803003001,BKBRBbBPBXBfBUBPBIBHA2AqAdAZARAFADABABBNBLBVBVBVBgBWBLBNBDA6AoAgAbAQAMAMAAAD
4314803003002,BBBIBXBXBXBWBNBKBMBKBDA1AgAbAaAKAFAEABA7BJBMBUBPBSBLBJBMBPA8A4AqAhAOASAEAEAB
4314902004001,AcAeAiA2BiB4BcBFA7BBA4A3AoAdAaAWANAHAEAaAbAhA1BjB6BiBHBCBPBNBKA/A0AwAvAhARAM
4314902004002,AWAWAdA1BkBpBRA4AzA3AyAtAnAeAiAUAZAQACASAXAcBAB8B3BaBCA9BMBYBFBGA+A7BEAsAcAJ
4314902004003,AUAXAeAuBrCFBlBEA5A7BBAhAbAfAWAUAKAEADAcAVAcA0BxCXBsBJBGBSBMBIA9A8ArA1AmAJAF
4314902004004,AmAlAvA3BLBcBQA+A3A9BCAyAsAfAaAWARAKAEAiAlAuA1BPBnBaBHBHBWBhBJBHA+AmAsAhAbAP
4314902004005,AdAfArAyBQBpBUA9A3A+BJAjAjAqAgAYAKAEAAAfAiAoAzBUB4BgBGBFBYBRBXBEA7BGAhAhAbAD
4314902004006,AhAgAmAvBRBcBMA+A3BDBAA6AyAmAgANAVAJAFAhAjAlA0BbBkBYBJBJBaBdBLBJA0AqArAnAcAM
4314902004007,AlAiAnAxBCBPBOA+A6BEBJA7A8ArAkAYARAIACAkAkAmAxBHBfBYBOBGBXBkBRBGA7AlAsAkAQAR
4314902004008,AnAkApAvBKBeBXBFA8BDBDA5ArAlAcAUAPAIABAoAkAoA1BQBnBkBKBKBXBaBSBDA1AnAmAeANAN
4314902004009,BFBKBRBQBTBYBPBFA+BCA9AqAgAWARALAFAFABBBBGBSBRBXBXBSBHBKBNBEA0AoAoAiAWANAFAE
4314902004010,AzAvA1A/BMBaBIA/A/BEBMAuA4AXAbANANAEAGAhApA6A+BNBYBTBFBHBWBhBBA7A6AqAhAdAcAM
4314902004011,ApAqAxA2BIBVBRBCA8BEBCA7A3AZAdAXAHAKAAAoAnAvA5BLBgBaBLBMBaBTBYA9AyArAtAkANAD
4314902004012,AxAwA2A/BIBYBPBEA/BEA7BDAuAfAdALAJAIABApArAzA7BMBfBbBJBJBaBaBGA/AwAqAgAYAQAI
4314902004013,AmArAzA6BJBUBMA+A7BHA8BFAvAgAYARAUAGADAlAoAyA3BLBhBWBIBNBWBZBXA/A6AvAgAjAPAF
4314902004014,BFBFBRBYBRBUBLBBBDBBBIAlAjAQAcAIAGACAAA9BDBRBUBUBVBQBMBKBOBKA1AxAqAbAMAPAKAA
4314902004015,A5BDBKBMBLBUBWBLBFBBA8AwAuAXAXAPAEABABA6A7BFBGBPBcBdBQBKBLBMA8AxArAfAUALAGAF
4314902004016,A2A+BKBLBXBfBRA9A4BAA/AzAkAPAMAIAHAAABA2A7BFBLBhBsBXBGBKBXBPBVAzAoATAPARAIAE
4314902004017,BABGBTBRBTBTBOBBBABAA4AzAiAbAWATAGACACA1BEBNBUBUBaBSBGBBBLBMAyAuAwAgAaALAFAF
4314902004018,BGBMBXBSBYBWBPBCBBBBA7ArAfAVAUAHACACAABGBJBVBSBZBdBUBJBIBMBEA8AsAjAVAMALAEAA
4314902004019,AqA0BCBCBOBSBLA/A8BFBDA6AvArAWAVAKAGABApAxBABEBNBWBTBDBKBVBUBKA9AsAxAdAXAIAG
4314902004020,A6BIBUBRBPBSBSBFBDA/AyAuArASAWAJAFADAAA6BCBQBQBSBZBYBMBNBRBGA6AyAjAiAWALAIAB
4314902004021,BFBOBhBaBVBZBPBEA4A2AxAoAbAWAWALAFABACBLBNBfBYBaBdBZBKBAA9BCAwAuAfAeANALADAC
4314902004022,A1A3BBBIBSBeBRA/A8A/A+AxAtAaAXAPAIACABAxA1BEBFBUBhBXBHBFBOBCBVA9AmAtAcAYAEAG
4314902004023,BRBWBiBaBaBYBKBAA4A5A1AlAfAPAVAKACAAAAA/BTBiBZBaBaBNBEBDBCA4A+AmAiAcAUAIAGAD
4314902004024,A9BGBUBVB7B8BeBIBDA+BDAjAaAXASALAIABAAA+BDBQBQBUBXBEBAA/BDBGApArAfAfANAKAGAC
4314902004025,BgBoBzBmBUBVBPBBA8A4AxAfATARAIADACABAABdBkByBmBZBYBUBEBBA9A7AhAbARAIAKAFAEAA
4314902004026,BFBKBbBYBTBVBNA/A3A5A0AvAjAUAVAMAIACACBCBNBYBTBYBZBVBFBCBDBAA7AtAkAaAWARALAB
4314902004027,A1A3BGBFBQBcBVBBA9A+A2A2AxATAWANAIAFAAAzA5BDBEBSBgBcBJBIBRBABVBAAqAsARAQANAB
4314902004028,A1A6BGBGBLBVBOA/A7A+A4A4AjAiASARAPACABA6A3BABEBVBkBXBLBKBNBRBEAzAtAkAcAWANAF
4314902004029,AqA4BDBIBNBaBMA+A4BFBKAqAmAiAQAXAOACADAtA0BDBBBQBbBTBHBIBXBUBKA0A1AnAiAQASAE
4314902004030,A6BHBVBOBTBZBMBFA+A/A/AtAjAZAXAGAGABABBDBCBSBSBUBgBYBNBIBOBNA3AsAiASASAMAGAE
4314902004031,AuA3BFBHBMBLBDBCBBBLBJA6AxAkAYARAJAEACAyA1BBBFBKBPBPBNBKBcBUBMA4AqAcAeARALAF
4314902004032,BNBNBZBPBPBXBYBRBHA9AyAuAmAOALAGAFAAAABMBJBYBTBLBcBjBXBLBGBDAwAfAhASAOAIABAD
4314902004033,BFBPBXBRBXBaBLBDA6A+A9ApAlAUATAHAFADAABFBHBaBXBYBcBSBEBFBHBCAzAvAgAfARAIANAC
4314902004034,BNBYBlBhBZBXBOBEA8A7A3ApAcATANAGAHABAABLBSBiBfBYBYBTBHBDBDA9AvAsAQATAOAHADAB
4314902004035,BcBiBzBjBaBRBQBBA6AzAsAmAOATAOABADACAABcBdBsBoBcBaBYBHA+A6A2AtAlATAGAKAFAEAA
4314902004036,BABYBXBcBJBiBGBMBBAyA4AmAkAWALAIAEABAABUBOBNBEBRBdBjBQBGBEAqBGA9ApAaAMAHAEAA
4314902004037,A/BKBiBYBRBQBGBCBDBFBAAvAkAcAXAOAIAAACBBBIBaBWBOBQBMBHBJBMBFAyAqAmATANASAFAE
4315008001001,AiA/BDBLAxAwAzA8BXBWBMBTBNA6AoAXALAFADAnAtBMBRAxAsAzA9BKBZBHBWBFA7AsAcAVAJAF
4315057001001,ApAyBRBQBLA2AwA2BKBcBOA9BHA6AqAZAIADAAA2A5BMBUA6AwA5BABVBMBKBCAnA5AsAfAPAQAF
4315073001001,AkBFBOBTAqAlAnBFBQBdBRBZBJAsArAhASACAAAnA8BLBGAjAeA+A8BUBRBiBBBJBGAgAeASAEAA
4315107001001,A0BJBXBZBABCBKBJBJBGBQAzA0AhAgAVAJAEAAA1BDBWBYBCBKBEBIBCBGBNA5AnArAXAeALAFAB
4315131001001,A6BDBVBPBDBMBBBBA3A8BMBDBGAuAxAVAHADAAAxAvBHBSBNBGA+A7A0A2A+BRA8BGArAXARAEAA
4315149001001,A3A4BGBWBqBcBIBHBcBTBKBYAgAjAUAMAKADAAA0A5BABABRBIBOBDBABZA/A0AXAkAZAeAaADAA
4315156001001,A7BABTBiBCBMBDBIBbBaA8BGAxAiAcAJANAFABA1A9BOBhA+A/BEBGBFBGA7AyAsAqAdAWARAHAE
4315172001001,ApBABCBSBGBBBBBPBgBdAyBzA4AzAfAbAQAKACAkAoA/A9A9A0A7A2BdBBBOBAA2AvAdAaAcAHAD
4315206001001,ArA9BNBSBGBPBFA3A/BRBHBUA9ApAbAQAWAHAFAuAyBBBSA5BBAzA5A+BKBRBOA7AwAtAYAbAMAF
4315305001001,BEBQBYBcBIBEA9A+BCBNAuA4ArAgAlASAJACABBKBNBaBWBHBBA/BFBCBLA/AuA2ApAbAYASALAE
4315313001001,A8A9BQBWBOBIBBBNBLBZBFA5AuAgAVAQALACAGA7BZBZBZBIBLBHA9A4BJA8A+AZAdAgAdAJAKAG
4315321001001,A8BKBWBfBLBCBSBKBUBQBBBMA1AmAkAUAFAAAAA2A1BNBZBHBABIBFA/BEBIA0AjAoAUAOAPAAAE
4315354001001,A1A+A7BIBGBABCBGBHBPBGBDA5A3AmASANADAAA+AyA8BMBEBCBIBBBEBHBABLA9AsArAeAYASAA
4315404001001,BqB8B0BuBUBFA7A2A0A2AtAuAgAQANAJANAJAGBdB0BwBiBQBDA6A0A2A0AyAjAfAUATAPAOAGAG
4315453001001,ApA0A8BAA9A/A3A7A6BRBjBDA0A6A4AeAeAFACAwAuA5BBA3A6AtBCA9BJBTA/BEA+A2AoAYAfAG
4315503001001,A1BABSBVBLBEA5A7BJBNBIBCA3AjAfAVALAFABAzA5BUBVBJBEBBA9BMBPBHA6AwArAmAXARAMAE
4315552001001,A6BABfBgA1A8AzBCBFBVBQBGA3AvAgAeALAEADAxA5BXBaA/A6AxA5BLBRBGBBA2AdAgAaAQAKAF
4315602004001,AlAwA9BDBVBUBBA7A/BBBJAwApAkAbAXAMALAFApAtA7BDBWBYBHBEBEBPBLBHA8A0AtAwAdAaAP
4315602004002,BHBPBbBYBSBQBDA9A6BBA8AtAlAaAUAJAJAEABBIBNBZBWBUBXBJBDBDBEBLAtAyAjAbAYAKAJAE
4315602004003,AvA0BBBCBRBNBFA+A+BGA7A8AsAdASAYAPAEABAxAzBCBOBTBcBLBDBHBWBFBLAzA4AdAsAbAVAE
4315602004004,A+A/BLBMBVBSBMBFA7A9BAAqAwAfAPASAIAGABA4BABPBMBTBYBRBIBDBFA5BLA5ApAjAYASAMAG
4315602004005,A6BGBPBPBQBQBLBDBFBCA0A1AoAeAUAKAPAEAABCBJBQBNBPBXBQBDBIBIBLA4AyAnAeAQAVAKAA
4315602004006,BHBMBbBVBRBPBKBEBABBA2A5AlAaAXAQAGACAAA7BKBZBSBVBWBOBCA/BHA/BAAzAdAVAXAPAEAD
4315602004007,BOBbBlBWBYBZBHBLBDA8A9AwAkAKATABAGACACBFBRBjBcBQBcBRBDBIBFA4AzAfAgARAMABADAF
4315602004008,BSBnB9BlBOBTBLBBA3A8A4AqAfAOAMAGACAAAABOBjByBjBVBXBJBDA9A/A5AsAfAMAPALAGAFAD
4315602004009,BGBEBcBYBZBhBOA8AwA8BEA/ArANAOAIAGABAAA4BABRBUBaBcBSA5A+BYBdA+AyAVAVAMAMAJAB
4315602004010,A0A4BHBJBTBbBPBCA+BGBFBCAyAgAVAOAMAEACA8A6BIBIBXBaBPBGBHBQBHBOApAtAPAXALAFAD
4315602004011,BFBIBVBUBTBfBPBNBHBKA4BGA6AeAaATAIADACA5BEBRBOBFBHBABBBEA/A/AvAnAjAWAYARAGAE
4315701003001,BIBKBUBbBHBGBDBAA/BFA8A0AlAqAUAMAEAHABA2BIBTBWBJBQBABEBIBJBNA1AvAwAZAlAWAEAC
4315701003002,A7BEBMBUBRBJA8BCBGBMA/BEAvAgAcATAOADAAA2BFBMBRBIBIBABFBNBIBHA6A2AmAoAYALAHAF
4315750001001,AxBKBeBYBLBGBPBJBPBDBJAvA7AeAhAPAGAGAABABEBbBRBHBMBLA+BMBGA5AvAmAoARAVAMAKAD
4315800001001,A6A7BDBJBTBZBGBBBEBGBQA0AyAkAbAVAKAIADA5A1A9BLBQBKBGBCA+BKBMA6A4AZAyAhAVAMAE
4315909001001,AyBNBUBPBOBLBGA6BNBUA7A9AvAfAhAKALAEAEAtBIBKBTBEBOBFBOBEBTA/BFAxAiAfAYAOAFAD
4315958001001,A3BABXBLA8BAAzBOBNBEBQA/BIA1AnAgAMACAFA4A2BHBNAxA8AvA+BGBPBSBDBGAuAmAYAGAFAD
4316006001001,A+BGBVBXBVBRBJBJBOBMA3A1AtAeAbAMAIACABA8BDBNBXBRBKBMBGBPBIA1A0AtAhAcAWANAFAE
4316105001001,A4BGBSBWBSBOA+BIA/A+A1BEAsAgAiARANAEAEA4BEBQBXBTBNBABHBIBFA/A7AzAqAmAMARAGAE
4316204001001,AuA2BFBHA7A1A2BSBUBTBLA8BDAkAwAVANAIACAzAyBIBKA2A2BBBMBQBOBEBDA7AuA9AaAZAHAC
4316303001001,A3A+BbBIBLA+A/BGBKBNBIA/A1ArAhAbAHAFABAzA+BKBXBFA+A7BCBPBGBBBDA9AzAfAUALAGAC
4316402003001,BEBOBfBWBNBEA6BAA+BDA9AyAxAoAZAQAJAHAAA8BUBXBXBKBJBDBDBCBGBKAuA1AlAcAZAKAKAD
4316402003002,A2BEBOBUBKBHA7A+BJBKA6A3AsAnAWAXARAHAGA1BHBPBWBHBGA+BBBMBSBCA5AyAuAnAWASAJAK
4316428001001,BBBMBZBaA+A7A3BEBIBSBeA9AyAwAdAQAJADAGAzA5BUBVA5BLA+BABKBKBCBEAsAZAYAoAPAEAA
4316436001001,AqAtBEBRBDBIA7BKBOBNBCBHA1AxApAOAHADACAwA0BCBPA7BGBBBGBaBbBYAwBBAzAiAXANAJAJ
4316451001001,BGBOBiBfBHBEBFBJBQBEBBAsApAbAUAMAGACADBEBVBaBZBJBSBRBIBHBGA4AwAkAhAZAOAMAEAC
4316477001001,ArA3BMBKBJBGA6A/BaBhBZBLBAAgAWAeASACAAAdAxA9BFA8A7A8A8BeBUA9BYA7AhAuAcAOANAC
4316501001001,AwA6BPBSBiBbBQBMBSBRA9A4AsAZARAUALADAAA0BABHBTBcBUBGBKBLBFA3A4AmAkAgAQANAGAE
4316600001001,A2A3BIBOBVBOBCA+BJBQBFBEA2AgAeAPAOADAAAtA2BCBKBLBJBBBDBNBQBMBCA8AuAfAdANAIAF
4316709001001,A2BFBUBgBIBLA7A8BOBTBCA8AkAqAYANAIAEAAAsA/BUBVBJBFBCBLBVBbBCA+AyAeAfAWAKAHAE
4316733001001,AoA/BXBmA6BAAoBSBRBXBDBGA+AjAyAPAHADACAxBFBHBMA8AuBCBRBQBCBABNBPAoAcAaAAAHAA
4316758001001,A7A3BBBIBJBbBOBNBLBMBIBAAsAsAWASAHAIAAAzAuA9BJBOBZBQBKBABLBEA8AyAiAcAfAbAIAF
4316808003001,BEBLBYBUBRBWBUBOBJBIBGArAcATAKANABAAAABEBLBTBTBTBiBUBUBNBKBLAoAZAdANAQAHABAJ
4316808003002,A4A8BIBMBUBfBOBPBUBPBIArAgAXAOAMACABACAzA/BIBNBQBcBUBXBbBVBHA7AeAjARATAMAHAC
4316808003003,AxA0BCBIBRBVBSBNBLBPBLA8AuAeAUARAKACACAuA0BBBHBSBbBPBJBMBMBHBFA0AlAaAVASANAE
4316808003004,BPBbB0BmBeBhBVBIBFBDAxAmAcAIAIAHABAAAABJBcBvBhBaBRBLBJBGA8A0AnAeAVAPAFAGACAA
4316808003005,A4BDBJBMBXBXBJBABEBCBFAnAsAaAUAPAFAFABA2A6BPBPBWBcBKBDBPBMBCBCAzAnAoAbASAJAB
4316808003006,AzAuA7BBBQBdBPBEA8BFBBAzAoApATAMAKAHACAsAxA3BCBXBmBXBIBQBSBRA/AzAnAhAkAgAQAH
4316907004001,AhAdAlBNB3BnBHAtAqA0A8AyA4ASAPATAPAFACAcAiAmBbCTB1BKA5A+BSBcBMBDAtAoApAhAUAI
4316907004002,AtAuA1BLBrBfBGA3A4A9A8AvAqAZAWAMANAFAFAiAmA0BWB1BpBOBGBFBYBLBNA5AuAjAnAcAMAE
4316907004003,ArAtA8BDBgBiBSBIA+BIBFAtAoAdAUANALAGABAnAqA7BGBbBjBOBJBNBSBHBHA6ArAeAqAZAIAK
4316907004004,BLBaBeBdBVBMBDBFA/A+AvAsAdAZARALAHADADBFBQBiBaBPBNBKBJBGBEBBAsAsAgAiARATAGAB
4316907004005,BABLBSBSBMBVBHA/BABCAxAzAsAaAYAOAJADAABBBLBUBTBZBQBIBDBBBJBNA0AxAlAcAdARAGAE
4316907004006,AuAuA9BHBVBYBHA+BBBCA+AuAoAkAkAQAIADAAAqAuA8BRBYBgBIBGBOBXBUBAAxA4AvAmAUAHAG
4316907004007,BBBMBUBUBSBQA8A/A9BIBGAoAjAlATAOALADABBKBEBXBWBVBRBBA9BJBOBFA+AlAmAgAQAUAJAF
4316907004008,BCA/BMBXBkBdBNBBBGBMBAAqAkAXAUAJAEACABA9A/BMBRBeBgBNBIBKBQA8BBAnAgAWAOAKAHAE
4316907004009,BGBLBgBYBVBZBRBFBFBCAyAvAkAUAOAPAGACACA+BNBYBbBSBbBRBFBMBIA8AwAqAbASAQANAHAB
4316907004010,BABCBTBVBRBSBIBABEBCA9ArAhAdAeAKAJABABA6BABNBRBWBUBLBIBMBOBIA2A5AnAhAVAIANAD
4316907004011,BPBNBhBfBcBaBIBGBDA9AyAmAgASASAFAFADABBGBQBiBmBXBVBKBLBFBCBBAwAlAdAPAPAJAFAB
4316907004012,BEBPBcBWBZBbBRBWBNBDAzAjAhARAUAFAHAAAABDBKBRBVBYBeBbBMBPBHAyA1AkAYAWANAGAFAC
4316907004013,AyBABTBWBlBPA/A7A+BIA4BBAfAWARAHAHAEAAA+A+BTBbBdBTBJBABSBfBUBDAzAXAcAPALAGAB
4316907004014,A9BFBUBJBEBDBCBGBMBOA+BHA6A2AZAUAOAGADA8A9BKBLA+BCBCBCBIBEA+BBAtApAkAXARAOAE
4316956001001,AvA0BHBHBQBVBTBWBfBbBHBJArAfAXAPAGADAAAsAxBABNBMBOBQBMBNBHBIA4A0AfAbAUALAMAE
4316972001001,BABHBjBGBDA7BDBLBdBXBOA/A9AtAxASAMAEAAA4A8BEBVBCA0A7BOBHA+BLAqA0AiAbAWAFABAD
4317004001001,A0BEBRBUA+A1AzBDBUBUBMA4AmA+AtAXAUAFABA0BDBDBPA7A2A7BHBQBABDA+A5A0AqAcAXAFAA
4317103003001,A/BMBQBWA/BABSA1BCBSBAApArAdAfAIAEADACBDBIBaBQBBBEBWA8BGBaBFAxAyAxAlAXALAQAF
4317103003002,BBBSBoBlBHA7A6A+A9BJBCArAvAfAVAXAJACAAA/BSBoBcA+BCBIBEBMBHBLAsAvAaAjAaAMAEAA
4317103003003,BLBVBgBhBJA9A+A5BBBEA0AtAmApAZAPAGAEABA+BRBlBZBGBHBBBJBJBHBBAxAvAlAiAVAPAIAC
4317103003004,BFBSBgBZBDBIBBBDBHBMBHAuAtAjAWAPAKADADBKBQBeBaBBBFBDA+BJBHA+AyAtAdAWAOAMALAC
4317103003005,AxA9BIBKA8A6A2A3A5BEBAAzA3AlAgAXAQAEADAzA9BNBLBBBBBCBHBKBPBUA/A+A5A9ArAaAPAK
4317202003001,A4BGBRBaBjBaBUBMBPBEA6AtAZAZAYAJALAAACA6A4BIBPBcBbBUBRBLBRA5AzAoAlAcAMAEAEAF
4317202003002,AsAxA/BPBcBaBQBDBNBJA0AvAmAcANAVALAHACAsA0A9BRBlBmBbBKBXBTBJAuAvAfAgAgAXAGAA
4317202003003,A+BGBUBZBNBJBLBLBHBHA4A3ApAfAcASAGADAAA8BFBTBVBOBHBIBLBMBIA3BGAxAmAaAWALACAB
4317202003004,A9BCBUBYBWBaBPBNBNBEBAApAmAdARAFAJADABA4A/BRBVBUBRBRBQBOBKBGAyArAdAUATAOAIAD
4317251001001,AhAwA6BDA7BJAwBCBTBTBnAyBTBFAvAXAhAFACAqAuAvA1A+A3A1AxBIBHA9BOAwAzBFAyAeAUAJ
4317301003001,BKBSBXBcBIBLA/BFBNBPBEA9BCAVANAUAJACAAA/BJBYBaBFBIBJBCBEBJAvBBAjAkAQAUAJAFAC
4317301003002,A7BJBaBOA9BGA9BBBEBNA2BCAiAmAgAYAQAFAFA/BIBPBNBDBLBFBHBJBMA6BAA0AlAcAhAVAEAH
4317400003001,AyA7BEBLBDBAA+BABMBQBQA5A2A9AhAWANAIACAtAxBIBJBBA+BCBEBJBKBIBIA5A3ApAhAUAIAD
4317400003002,A1BGBUBVBWBKBCBDBHA+BDAoAvAeAXAXACACACA1BGBPBTBQBMBMBIBQBJBGAxAyAoAmAaANAJAI
4317400003003,A8BGBNBcBTBKBCA8BCBGA+ApAlAnAVAOALAFACA9A9BTBWBSBRBJBFBOBRBGA2AqApAgAcAOAKAF
4317509003001,A6BFBUBaBSBFBBBDBDBCA8AvAkAkAdAOAKAEADBABIBXBUBVBIBFBKBQBOA+A4AvAmAZAeAMAGAE
4317509003002,A+A7BJBLBTBNBEBIA/BBA7A9AfAmAYAUACACAAAyA5BDBYBfBPBNBKBUBUBIBAA0AjA1AQAGAIAF
4317509003003,A5A/BLBVBUBPBGBGBGBDA5AsAkAcATAQAMADABA+A+BMBUBTBTBPBQBPBRBFA4A9AbAfAUAPANAC
4317509003004,A9BMBcBbBPBPBIBHBHBCA5A3ApAaAYATAHADAEBEBLBWBWBHBJBMBIBLBDBAA5AnAlAYALAPAGAF
4317558001001,AqA0BRBPBRBXBCBGBlBMBJBJA4AlAcAXAJAFAAAwA7A/BdBHA+BABBBBBEBKAxA5AeAnAaAUAHAD
4317608003001,A3A/BRBWBQBQBHBABJBHA7A5AvAiAXAKAKAGAAA8BABLBQBPBQBOBKBOBQBGA0AwAaAoAaANAEAD
4317608003002,A8BMBUBRBFBFA9BEBMBJBCA8AzAzAqAQAJAGABA4BFBRBNBCBIA/BCBIBFA5A4AsAxAlAYAPAFAC
4317707001001,A9BCBTBdBFA2A7BBBGBGBLA1A0A0AiARAQAFABA4BCBYBYA+A3BABGBDBOA/A/A3AlAnATAUAJAF
4317756001001,A1BABbBGBEBCA3A2BFBnBDA+AuAqAfAYALAEAEAyA3BQBEBKBFBFA+BVBTBCA9A6AlA3ARAPAIAC
4317806001001,A8A+BOBYBNBEBDBGBJBGBCA4AzAiAbAPAHAEACA+A/BLBVBIBMBNBLBKBMA9BCAuAnAfATAPALAB
4317905001001,AtA3BJBQBPBDBFBHBTBZBMBBA1AhAeAPAJAGACAuAyBMBMBCBCBBBEBQBPBVA8A7AnAiAaARAFAC
4317954001001,AtAzBDBPBNBJA0A0BUBXBLBFBEAvAgAfAKAIAAAzBEA7BNBCAyAxBDBRBMBWBFBEA6AiAUADAIAG
4318002003001,A/BNBoBhBUBLBIBFBGBBA/AnAwAXAOANAHAFACBGBGBeBiBMBJBIBMBEBGA5A0AsAbAbAMAQADAC
4318002003002,A/BNBfBiBUBOBBA+BCA+A7AvAkAbAXAKAMAGABA+BNBZBdBTBOBKBFBEBKBAAxAoAlAdAUALAFAF
4318002003003,A5BCBRBWBLBGBGBDBJBIA9BDApAlAeAOAJAFADA3BCBQBOBKBIBNBLBOBHBCA4AxAnAcAdAKAIAF
4318051001001,A4A5BEBWBDBHA+BBBCBbBGBPA8ArAeASAKAAAEAuAzBBBVBMA+A1A5BPBQBGBQBBApAVAUAYASAB
4318101001001,A2BCBRBTBFA/A8BABFBOBFBCA2AjAjATAMAFAEA1A9BOBVBCBDA+BABNBKBIBCA3AtAiAXAUAFAF
4318200001001,BDBQBbBUBLBUBLBHBBBCBCAyAqAjAVASANAEAGBGBRBWBSBIBGBDBABCBFA+AxAxAiAaATALAIAC
4318309003001,A3A5BMBKBQBNBEA4A4BDBLApAjAvAeAZAGAGACAuA4A/BMBRBHBGBBBGBPA7BRBFA4AyAjAVAPAF
4318309003002,BQBOBeBTBKBIBGBDBKBGBKAwAuAiAbAQAEACAAA8BKBVBWBEBDBLBDBKBGBHArAqAjAeAVALADAD
4318309003003,BCBMBaBYBQBGBCA9BEBEBBAuApAdAXAOAIAEACA4BKBYBcBKBKBIBHBJBKBGA5AxAjAgAYANAHAB
4318408001001,BBBMBVBWBKBUBLBDBEBCA/A3AoAjAUAVAKAEABBBBGBRBPBLBTBJBEBGBKA/A7AoAmAaASALAKAD
4318424001001,AwAzBIBRA9BAAzBKBWBWBSBOBBA2AYAWAMADADAoAyBIBNA2A+A8A7BUBNBIBKBFArAVAjAUAJAE
4318432001001,AkA3BGBNBLBHArA3BCA9BQBKA/AkAeAlAZAHAFApAxBEBYBHBJA0A0BDBRA4BJAuA3A3AbApATAU
4318440001001,A0A1A9BSBLA/A4BCBQBWBYBJA3ApAXAYAOADAAAtA4BGBMBMBKBEA6BIBQBLBJBAAiAcAXAWAHAG
4318457001001,AuBZBSBTAxA/A5A8BUBHBQBFA2AkAkAbAQAFAGA3BCBYBSAuBFAzBCBMBGBbA/BAAmAgAMAPACAC
4318465001001,BEBQBrBdBABFA9BGBEBMA9BFA4AnAYANAJAEAAAxBOBlBYA8A3A7BSBABAAyBKAgAyAhAMAKADAE
4318481001001,BFAyA+BZBTBSBLBJBYBVBJA+AlAfAaAUAJAEABA8A3BFBKBTBQBDBTBUBFBLAtAqAaAdASAMAFAF
4318499001001,AzAnBLBJA6BLBCA9BPBQBZBZA+AwArARAKAFAEAlApA7BUBCA2BEA7A6BQBFBVBEA6AeAgATAKAA
4318507003001,BABJBWBaBVBRBFBDBEBKA8A5AhAWAnAQAKABAABEBHBYBaBLBLA/BFBJBMBKAlAtAoAdAQANADAB
4318507003002,A4BEBNBYBKBOA9BKBWBbBGBGAoA2AaAbAFABAAA+BABQBMBBBFA+BKBLBGBJApAxAjAWARAJAIAE
4318606001001,AyA9BLBSBEBBBCBGBOBTBHA8AyAnATAZAPADABAyA/BMBPA8BBBCBOBPBQBKBDA6AgAqAZAMAIAF
4318614001001,ArAyBBBABMBUBNBDBMBYA8BVAwAlAnAjAMABACA2AuBIBDBOBBA9BCA2BDBMBUAvA0AfAcAeAIAD
4318622001001,A/BIBiBWBaBWBFBMBVBGBKAvAfAYAZAQALAEACBHBQBgBcBKBGBDBCBNBKAtAwAoAZAWAGAOAEAA
4318705005001,BABPBbBeBZBYBNBEBEBKBFAtAbAWAMAFABABAABBBKBZBYBaBWBQBJBPBUA4A9AjAVAWATADAAAB
4318705005002,BMBPBcBfBaBYBLBGBDBHA0A4AYAUAFAIAGABACBFBMBbBYBWBaBRBCBJBWBNArAqAUAUAEAFADAC
4318705005003,BSBLBnBaBOBeBXBXBGBDAzAxAhAOAMACACABAABHBLBYBTBPBgBgBXBHBFBBAlAhAUAMAGAHAFAC
4318705005004,BFBSBfBcBeBbBOBJBTBBA7AnAkANAMAEAEAAABBDBHBdBaBWBYBQBNBRBGBKAhAhAYAPAMAJADAC
4318705005005,A8A6BMBGBSBRBPBJBMBFBIAsAwAjAOALAGABABA0A5BIBPBMBTBOBSBPBSBQA+A5AmAbAVAGAIAC
4318705005006,A2A0A4A8BMBnBQBCBCBEA8BEAtAYAYATAGAEAAAuAmA1A7BUBuBZBJBJBTBZA+BFAlAbAbASARAO
4318705005007,AiAnAsA3BVBlBXBHBBBGBDAzArAoASAXALALACAkAmAqA7BUBnBdBKBJBeBFBQAvA0AzAtAcAOAC
4318705005008,BEBWBcBUBSBWBUBNBKBMAwAsAkARAIAKAEAAAABOBMBbBaBXBbBSBMBSBGA5AuAuAKARAMAIABAB
4318705005009,BXBZBoBeBVBfBYBJBKA/AvAiAbAPAJAFACACAABVBZBZBZBbBgBVBJBDBAA7AeAcAaASAMAFACAA
4318705005010,BTBhBmBkBaBXBOBGBBA8A1AmATASALAJADACAABZBbBxBhBXBRBJBFBHBCA3AqAhAXANAKACABAA
4318705005011,A/A/BMBaBWBVBQA9BEBKA3BIAgAfAUAHAKAFAAA2A7BQBLBWBUBLBGBGBNA+BMAyApASAYAKAFAD
4318705005012,BHBNBcBYBcBbBUBCBEBAAvA1AYAZAPALACACACBFBJBRBVBcBaBXBHBIBPBFArAjAfAOASALADAC
4318705005013,BZBcBnBhBbBYBQBKBJBBA8AiATATAJADAEACABBIBYBiBhBYBXBRBKBKBIBAAbAbAYAPAHADABAA
4318804003001,A/BBBXBYBGBKBHA+BCBLBEA3ArAgAoAQAGACABA7A8BRBTBNBMBHBBBOBHA/A/AwArAYAcAMANAD
4318804003002,AwA9BMBKBQBOBQBJBLBJBLA4A2AiAlAXALADABAwAzBIBNBCBMBEA9BEBLA9BCA1AvAlAYAWAHAG
4318903003001,A7A6BLBaBRBJA/BCA6A/BAA0AoAiAYAVASADABA4BCBHBSBSBRBBBFBLBSBHA9A4AwAkAeAPAGAG
4318903003002,A/BKBfBgBVBJBEBCBABCA6A2ArAeAYAQAIAHABA4BJBUBWBQBGBCBFBDBLBAA+AsArAUARANAJAM
4319000001001,AyA/BGBYBYBSBOBFBLBUBGAuAqAaATAOAMABAEAzA9BJBXBTBPBKBLBVBSBFAyAsAiAbAdALAFAC
4319109001001,AtA7BLBVBBA8A1BBBHBRBNBJA2AzAlAPALAEADAsA0BGBNA/A+A/A9BKBbBJBNBCAvAmAXAOAOAG
4319125001001,A4A+BLBEA8A9A+BHBBBWBWA+A3A6A0AcAMAEAGAoA9BSBNAvBHA5BHA7A5BOBDA5AuAkAfATAHAG
4319158001001,BABQBYBbBEBLBHBFBNBHBKA8AwAqAfATAMADACA3BABVBNBEBGBBA/BLBGA7A6ArAiAZAQAQAJAD
4319208001001,A4BRBrBgA7A2A0A+BBBEBOBCAtAwAhAQAVAGAEA3BMBXBWA0A5A9BGBABMA9A8BDAjAZAcAPAEAH
4319307001001,AuA6BWBUA9A6AyBABPBeBiBFAxAuAjAYAGAHABAxA2BMBQAwAzA+A+BKBNBXBNA2AqAnAdAQAGAE
4319356001001,A/BEBbBlBOBQBWBLBcBHBHArAlAXANANALAAAAA6A/BPBRBXBdBNBKBKBHA2AmAnAiASAZAQAEAA
4319364001001,A+BIBaBRA+BCA+A+BDBMA4BNAvAvAlARAIAAAAA0BdBUBUBJBQBCBCA4BJA7BJA1AjAeASAFAJAD
4319372001001,AvA3BMBRBEBABGBHBUBVBIBKA5AtAbASAOAGAAAuAzBDBUBBBGA4BABFBTBMBFAtAwAnAWAVALAC
4319406001001,AyA9BMBSBLBBA/A/BJBLBHA7AyAsAfAXAPAFAEA2A7BJBKBIA/BABFBIBNBDBDAyAzAmAgAXAJAE
4319505001001,A5BEBUBLBXBXBIBBBIBPBCAzAsAaAWAOAGACABA4BDBNBSBYBSBJBBBQBPA7BDAjAnAbAZALAHAC
4319604003001,A1BBBSBTBKA+A8A/BHBOBHBDAoAtAmATAMAHAAA0A/BOBQBFBDA/A+BKBSBNA6A2AqAiAdAVAEAD
4319703001001,AmA7BOBeBAAzA1BCBHBTBaA5BPAxAYAPATAHAAAvA3BLBPBCA/AsBAA/BJBRBFA3AnAeAtAlAPAC
4319711001001,AuAvA9BRA8BJA7BKBIBWBSBRBIA2AjAaAPAEAAAdAuAtBBA6BPAwA2BEBFBVBRA8A0AjAqAgAPAK
4319737001001,BGB9BoBcBYBHA0BCA8AvBPAsAzAhAYAOAFAFAIBLBeBjBbBKBABDA6AzA6AuA6AsAdATAWAJADAA
4319752001001,ApBCBIBUBjBMBLBYBbBaAzA7AvAdAeAKALAEAAAtAnA/BbBBBLBXBGBbBKA8ApA1AcArASAZAKAA
4319802001001,A7BCBhBZBFBFA+BEBLBLBCA8A0AbAXAQAOAEAEA4BCBeBWBKBCBABCBOBIBGA3AsAdAcAYAOAGAL
4319901003001,BMBRBiBgBRBdBPBSBTBJA2AmAfALAFAHAEAAAABEBPBaBXBVBaBNBYBSBOA1AlAfAXASAIAJACAB
4319901003002,BZBSBjBgBXBcBUBPBMBKAvAlAXAPAGAEACAAAABJBRBhBkBXBVBSBRBRBJAxAoAjAMARAJAEAAAB
4319901003003,A1A/BKBOBXBaBPBJBQBFA9AtAuAUAQALAQABAAAxBBBJBKBaBaBTBMBTBOA/A8AsAfAhAZAPAEAE
4319901003004,BHBWBlBbBYBUBPBRBQBGA1ApAaAWALAKADAAAABLBSBgBaBWBWBOBVBOBGA2AoAaAXAQAKAGAEAB
4320008003001,BfBlBwBcBOBTBWBMBHA6A7AZAaAOAEAGAEAAAABbBnBuBXBZBYBSBRBEA8AtAlAUAWAPAGADADAA
4320008003002,BCBIBUBPBYBfBWBDBEA8A/AvApAVAKAEAAAAAABHBQBPBSBVBcBUBKBFBGBVA4AyAVAUANAIAHAA
4320008003003,A6A/BLBQBXBVBPBCA/BGA9A3AmAgAfAIAEAFACA1A+BOBOBRBUBQBBBMBPBKA9ArA6AbANAMAHAF
4320008003004,A8BMBUBbBXBRBPBEBBBDA6AzAnAfAMAKACACAABABHBVBWBYBWBMBHBMBFBIA9AqAdAdAQAOACAA
4320008003005,BABSBdBWBZBdBZBOBIA+A9AsAgAPAIADAFADACBHBNBgBXBXBiBZBUBMBHBCAqAYAaAMAHACAGAA
4320008003006,BEBRBdBaBZBZBMBFBGBIA5A1AoAXAJAFAHAAABBDBKBWBXBdBYBQBHBLBJA9A0AsASASAKALADAC
4320008003007,A7BBBQBUBPBXBPBGBCBGA6A0AuAZAYAMAFAAACA5BBBJBNBVBcBSBGBIBJBFA/ApAzAdASAKADAD
4320107001001,A7BABMBUBVBZBKBGBFBDA8AzAqAXAWARAIAEABA6BEBNBbBVBXBRBIBMBMA5A8AsAiAeAQAPAFAE
4320206001001,A8BABTBWBIBEBBBCBEBBBIBAArAlAhASAJAGACA6BEBZBPBMBHBAA/BFBNBJA6AuAuAcAbALAKAF
4320230001001,BGBIBQBPA+BGA/BIBOBRA7BZAtAmAUAPAPAFACArBLBWBUAwA9BKBCA8BKBHBHA+AcAaATAdADAC
4320263001001,BDBNBeBgBFBUBQBHBRBLBCAuAwAjAWAPAEADACA9BMBbBeBDBDBGBIA5BBA6AxApAiAgAXAIACAA
4320305001001,A1A8BDBVBUBKA6A2BTBUBRA1AsAjAZASAKAFABAwA+BKBFBNBJA3BEBRBeBGA/AuAoAjAkAWAKAC
4320321001001,A5A5BcBPA8BGBDBLBIBUBQBBAoAvAVAKARAFACA0AzBEBVBGBHA/BBBNBOBGBNAnAzAlARAKAOAE
4320354001001,A3BIBXBTBOBLA/BFBKBPBGA3AtAuAXAYAYADABAuBQBOBWBBBDBBBDBDBEBMAkAuAlAkAbAQAEAG
4320404001001,A/A/BKBPBfBhBOBLBJBHBGAuAoAaASANAJAFABA0A/BIBQBZBZBKBLBHBOBBAuAuAiAeATAPAFAC
4320453001001,AsAzBQBwBOA1BFBJBcBQBQA4A7AyAjASANACAAAqA5BEBPA1A3A/A8BEBPBCA/A3AuAmAkAXAHAA
4320503001001,AtA/BKBPBABAA/BGBGBLBDBEAyAzAdASAJAHADAuA9BOBPBCBKA+A4BQBWBJBIBAAkAtAWAQAOAD
4320552001001,A4BEBLBVBTBPBFBHBOBLA6BDAnAjAcAPAKAIAFA3BMBPBSBHBHBJBDBGA+A/AtA0AoAnAcAJAJAF
4320578001001,A0A8BGBJBIA1BEBVBFBlBHBKA7ArAiAUANABACAsA2A7BJA+A2A8BFBLBNBHBMAzAvAqAiATANAC
4320602001001,AxA3BJBOBABPA4BCBPBeBQBGAtAtAjAbAOAEAAApA9BGBaA3BNAzBJBSBKA/BDA7AmAmAXATAGAC
4320651001001,AzA6A+BFBEBJAyBJBABUBVAzBFA4AhAdAPALACBAA3BBBBBJBBA3A3A+BMA6A7BJAsA1AoAZAGAE
4320677001001,A8BDBPBQBSBNBLBPBLBJBGBCArAnAhAWAKAFACAwA4BOBRBEBFBBBDBBA/A5A7A2AtAoAYANAJAE
4320701001001,A8BEBaBSBPBTBIBBBFBNA9A1AqAdAUARAIABACA4BDBOBUBPBTBIBDBOBHBAA7AwAnAbAZARABAE
4320800003001,BRBeBlBeBMBHBLBCBABCA3AyArAfAUARAFAAADBCBSBgBZBJBQBEBAA/A9BBAuArAdAYANANAGAG
4320800003002,A5BABUBRBUBUBHA9BFBDA7A4AlAlARAUAKABAAA2A9BLBZBTBRBQBDBQBOBDA+ArAmAoAZAPAEAB
4320859001001,BGBBBMBeBIBMBNBJBPBHBAA5AuAkAlAJALAFAABCBDBMBOBGBMBEBKBKBBA8A1A6AdAZAQANAKAD
4320909001001,A0BABJBfBiBfBPBGBJBIBAAqAjAYASALAGACABAyA6BIBZBlBiBKBDBPBOA9A2AkAkAfAPAQAGAB
4321006001001,BFBIBJBXBTBRBDBJBDBGA7AzAsAcAYAMAJAEACA4BDBJBOBNBMBJBCBTBLBFA8AnAsAgAYARAKAH
4321105001001,A+BVBhBQBIBCBFBCBCA/A9A3AvAjAaASAIAEACA9BPBWBLBJBGBGBDBHBLBCAxAvAsAhAXAQAIAE
4321204003001,A/BABKBJBFBMBMBABHBJBFA2BEAhAaARAGAGABAyBABKBBBDBNBPBEBJBKA4BGApArATAlAXAcAI
4321204003002,BQBSBiBYBPBTBMBJBGBDBAAfAdAWAPAMADAAACBLBPBcBXBUBYBPBLBOBLA/AnAiAfAUAJANADAB
4321204003003,A9BMBUBVBIBUBJBCBJBLBFAxAtAeAWALALAEABA9A+BSBPBLBJBQBFBJBQBAAzAvAiAfASAQAIAC
4321303003001,A7BDBIBRBKBQBKA/BDBDA0BDAsAnARARAIAGAAA3BDBHBKBJBTBJBGBNBTBaAsAzAhAlAcAcADAG
4321303003002,A/BLBPBZBIBRBEBBBHBPA8A9AqAhAbASAFAAAAA7BKBUBYBKBMBIBIBPBLBBA0AyAWAkAWAJACAC
4321329001001,AwA7BWBeBJBFA/A+BMBUBCBJAtA3AXAXAPAFABAwA2BPBPBDBQBBA/A3BIBKA1A8AoAeAhAJAQAA
4321352001001,AqBPBIBUBBBLA7BCBGBWBUBKA9AkAwAPAOAGABA4A9BHBGA6A6A1A8BPBIBFBHA6AqAeAVAYAFAF
4321402001001,A7BZBgBYBPBBA/A7A6BBA/A3AqAsAaAOALABABBCBYBXBYBPBHA8A+A/BDAzBMArAfAgAdAUAHAD
4321436001001,A9BPBYBXBRBNBDBIBEBIA7A6AlAkAYASANADACBABOBLBRBPBLBCBDBJBGA6A7AwAhAbASATAEAB
4321451003001,A8BABKBMBRBTBTBPBOBGAzBJAnAhAZARAFAGAAAzA4BEBRBNBXBMBKBKBIBFAzA3AkAgAbAQAAAE
4321451003002,A4A8BLBXBgBeBWBVBGBFBBA2AgAXASAIAIAEAAA9A+BLBTBaBaBbBMBKBNBHApApAVATASAMAGAC
4321469001001,A6BJBPBWBVBPBABABRBTBMArAxAkAXAQALACAAA5BBBSBRBMBfBEBBBEBJA5A5AjA4AYAPAGAJAE
4321477001001,A3BHBUBKAyA6A/A4BCBHBMBaBCA0AhAZAPAFABAzA/BYBKA1A1A7A2A8BFBTBUA7A0ArAVANAFAD
4321493001001,AsA+BTBGA8BCBCBZBTBNBMBJBIA0AbAiAKAOADAnAyA9BBBCA5BBBFBBA8BBBLA2A1AuARAPANAH
4321501003001,A0BABNBOBOBOBFBCBDBEA6A8AuAiAdAJAHAEABA3A+BMBUBRBPBOBHBLBUBBBNAsAuAiARASAHAB
4321501003002,A+BNBbBWBPBLBFBDBKBJBEA0AuAeATAOAIAFACA4BHBVBQBLBNBQBFBPBNBDA4AyAaAVANAJAGAE
4321600003001,BdBjBuBhBJBLA+A5A8A8A6AxAgAcASAJAGADABBLBeBpBdBMBPBDA8BBBCBHAqAtAkAMAKAFAGAB
4321600003002,A1A/BLBJBJBNBDA7BABDBAA7AvAkAWAOAOAEAGA5A/BMBOBJBUBJBFBMBNBHBMA5AvAmAXAMAEAF
4321626001001,AhA0BCBKBIBAA/A+BSBJBEBMBBBDAvAYARAFABAmA4AyA/A4A9AoBDBNBKBOBHBIAyA0AmAWANAJ
4321634001001,AmAnAwBRA1A3A3BHBeBdBVBXBAAsAeAfARAMAEAlAzArBNA1A5A5BFBOBbBNBBBPArAfA2ATANAF
4321667001001,A0BDBPBeBTBNBEBDBPBRA/BBAnAeAbAVAMAFAAA0BBBMBOBVBOBDBEBQBQA+A8ApAkAVATARAEAA
4321709001001,BEBFBSBWBcBiBXBQBNBCAzAwAcAeARAIAEACAABBBIBTBUBZBbBVBSBLBBA9ApAmAXAPAKALAMAC
4321808003001,A5A6BHBVBOBMBGBEBIBKBGA0AvAhATAWANAEAAAyA0BEBWBTBJBFBLBLBOBHA9A4AnAgAlASAHAE
4321832001001,A+BHBeBQA9BDBGBDBZBbA6A7ApAzAhATASAFAAAsA+BOBLA8A6BCBGBJBFA6A7A0AzAgAfAOAGAD
4321857001001,A8A/BcBcBTBGA+A7A4BKBEBFA7AfAfATARACAEA7BCBRBbBJBDA0A9AzBKBLA4BGAmAbAWAOAIAG
4321907003001,AwA+BKBPBJBNBJBIBIBNA+A+AxAhAiAKARAGACAxA5BHBNBJBKBIBEBJBNBUA2A/ApAjAZALAKAG
4321956001001,A9BFBqBWBEA5A+BCBDBPBBBCAxAkAaAMANAEAGBABBBhBNBHBCBCA/BDBJBPA1AyAhAkAVANAFAF
4322004003001,BEBMBdBZBTBLBHBEBFBGA9A3A4AYAhASAGADAABBBRBcBTBNBMBHA9BDA+A3AyAuAZAcATAIAHAG
4322004003002,BDBLBYBgBWBRBGBGBBBHA3AzAuAeARANAGAAAABEBFBWBaBTBVBHBHBIBPA+AvAmAZAXARAUAFAD
4322103001001,ArAwBDBOBDA+BBA8BDBXBMA9AxAvAkAXALAEAFAsA4A+BUBIBCBGBDBDBaBJBFA+A1AxAcAYAGAF
4322152001001,A+BNBfBpBMBXBDBPBNBSA5AvAcAoAXAWAEABAHA9BJBgBeBKBJBKA+A8A/A7AwAdAoAfALAEAIAE
4322186001001,AzBIBPBjBFAtAlBTBLBtBgAjA9AlAoAZAPAFAEAgBBBaBMA0ApA3BHBYBVBDA3AqA/AmAaAMACAB
4322202001001,BEBLBaBQBKBRBEBIBBBFA2A7AmAeATAQAPAEAABDBQBWBUBQBLBJBFBIBLA7A5AoAhAXAWATAGAD
4322251001001,A4BIBHBYBiBjBWBLBkBOBCAuAjAYAZARAQAAACAxA6BFBQBcBRBOBMBEBFAwA5AeAdAeAPAKAGAC
4322301001001,AlAtBFBTBDA4AyA7BTBXBPBAA7A1AgAVAQAEAGAkArBEBJBCA6BBBEBSBXBLBGBHAvArAkAWAKAL
4322327001001,BDA8A8BQA/BeA/BPA1BQAvBFBcArAYAPAPACADArBPBJA/BJBGBBBHAtA4BIBIBNAgAdAaAXAPAD
4322343001001,AjBHBbBRBOA8BABRBUBTBGBIBCAqAYANAKADACAiAzBNBIA0AxBABDBZBOBLBJA/AoAiAdALAFAF
4322350001001,AiAlBFBKBKBRA/AlA5BuBbBmBUA3AoAoAQAGAAAqAkA2A+A4AqAYA1BHBBBZBZBHArAwAoAXANAI
4322376001001,AuA/BoBUBCAyAzBCBJBRBBBFBLAqAoAcALAAADA4A8BjBTA6BAA6A/BGBPA8BAAsApAiAYAOAJAD
4322400003001,BEBVBYBTBMBIBDBABDBAA8AqAqAgAIARAHABAABABSBWBaBOBNBMBMBGBLBIAyAfArAWAfAYAJAE
4322400003002,BMBdBiBWBOBJBDBGA+BDA8AjAfAdARALAFADABBTBWBeBXBMBXBPBBBHBIBDAmAkAdAeAKARAGAE
4322400003003,A7A2BHBIBNBTBMA/BCBGBAAyAuAjAPAQAJAFAAAvA4BDBNBWBTBMBHBOBTBMA8A2AiArAjAUAMAI
4322400003004,BLBNBaBUBOBUBKBDA6A+A2AtAmAcAPAHABAEABBPBQBkBYBZBVBNBGBLBIBCAyAoAjAfAGAIAEAF
4322400003005,BVBdBsBhBRBNBHBEBDA+AxAoAiAVAOAIACABABBUBdBlBdBTBUBMBHBHBEA3AtAiATAQAPAHAGAB
4322400003006,BQBnBpBgBQBOBKBHBJBCA4AuAiASARAKAGAEAABUBlBsBcBOBOBJBDBEA6AzAoAdAUARAHAFAGAA
4322509003001,A1A7BCBIBIBVBHA/BDBFBRArAiAjAhASAMAFACAzA6BEBPBJBQBHBFBPBbBDBHA3AvAhAUAbALAH
4322509003002,A/BOBYBUBNBQBJBDBFBFA7AvAoAhARATAMADAABCBLBLBOBMBTBNBIBLBJBCA5AsAjAgASAMADAH
4322509003003,BWBZBpBcBTBPBLBGBEA+A4AnArARASAMAIADABBMBcBdBcBMBOBJBDBGA+A4AvAjAZAbAIALAEAC
4322525001001,BBBLBFBMA5A8BJBKBMBUBLA7BCAoAdAPASADACAwA8BLBUBABGA7BKBEBEA+A4A2AvAkAhAOAIAF
4322533001001,AzBFBUBaBIBNBNBVBMBOBFAyAxAlATAOALAEAAA2BEBSBUBKBLBDBKBCA+A+A4AsAoAaAXATALAC
4322541001001,A/BDBBBPBiBfBZBQBWBJA6A4AfAjANAJAGABABA2A+BHBWBZBoBRBLBGBIA3AuAqAcAZATAJAFAC
4322558001001,AxA7A7BUBLBHA7A+BpBhBBBGA3AiAWAOAHAHAGAuA0BIBPBnBABBBEBJBWAtBMAzAvAYAeAKAIAC
4322608003001,ApAxBDA9BPBYBSBCBABKA3A9AvAbApAPAGAEAAAvAwA9BEBaBdBVBKBRBWBOBCAuAyAoAaAaAGAA
4322608003002,A7BEBZBYBRBdBLBHBHBEA0A7AgAaAQAHAHAAABA8BEBPBXBfBaBNBPBOBPA8BBAlAcAVAVAHAFAB
4322608003003,AzBBBLBWBKBSBOBPBQBKA7BEAxAiAXAPAPAGAAAyA6BKBLBIBKBJBFBKBDBBBAAtAnAcAbAYAJAA
4322608003004,A0BHBUBXBUBNBGBJBSBTBCA6ApAaAdAOAKAEADA4A7BPBRBJBEBJBNBSBKBCAuApAtAdAUAJAFAC
4322707003001,A6BBBSBVBKBTBKBJBNBKBBAwAwAcARAOANABABA6BBBQBOBNBPBKBQBPBHBCAyAyAiAdAYAOAIAE
4322806001001,AvA2BCBKBSBaBOBGBKBRBBA7AnAdAbASAMAGADAsAzBABLBUBXBRBHBQBRA/BEAvAuAiAYATAEAE
4322855001001,AvA5A3BJA8A9BEBDBYBXBOBTBCAuAjAmAaAEABAnAsA0BDAyAwA7A0BMBFBMA7BOA2A0AwAYAJAJ
4322905001001,ArA3A/BfBCA9A5A+BPBWA8BOA4AnAjAWATAGACAsA1BEBUA7A8A8BCBFBSBRBLAxArAmAjAdANAD
4323002004001,A4BFBWBLBMBPBPBGBPBGA9AyAdAfAOATAJAEACA4A+BTBJBIBTBWBZBPBKBBA9A1AnAgAPANABAD
4323002004002,BMBZBqBbBRBRBKBHBEA9A6AkAhAVAOAHAEAAAABMBZBoBbBPBSBRBMBJBGAyA3AiAdASAJALACAB
4323002004003,BSBlBmBfBVBQBJBIA9A2AyAqAYAcAJAKADABAABVBZBnBjBUBYBUBCBEA9A4AyAlAVAMARACAFAA
4323002004004,BFBbBtBgBWBSBJA/A6A6A8AfAqATAUADADABABBMBWBgBkBcBSBSBEBABGBHAnAgAcAWAPAJAEAB
4323002004005,BDBTBeBdBWBLBKBHA+A5A4AqAiATAUAJAHACAABFBSBcBZBQBUBVBHBIBEA5A5AyAhASAUAOAEAF
4323002004006,A7BIBVBVBXBkBVBGBCBBA9AxAjAbAWALAFABABA7BEBPBNBTBWBPBBBEBIBHAzA4AcAdASAOAHAF
4323002004007,BEBSBiBbBQBWBNBCA6A9A2AuAaAXASAQAHADAAA7BQBWBQBaBVBOBIBNBDBIA0ApAjAbAVAJAEAE
4323002004008,A/BJBcBaBTBTBLA9A/BDA4AvAnAVASAOAFAEAABGBNBcBUBYBUBNBIBKBMBDAwA0AZAdARAJABAE
4323002004009,BJBVBnBgBVBNBMBGBCA+A4ArAsARAOAEAGACACBKBWBeBbBUBTBRBNBGBDA0A6AiASAZAGAKAJAA
4323002004010,BJBXBkBfBSBXBLBFA4A+A5AsAlAQAUAMACAAAABNBRBjBdBTBWBPBJBBBEAyBAAoAVAaAKAFACAD
4323002004011,A7BRBiBbBUBPBIBDBBBDA+AnAkAdALANAJAAAABEBJBhBbBTBVBQBGBFBKA/A6AoAeARAaAJAGAB
4323101001001,BIBWBkBgBHBDBEBEBGBKA2A0AuApAUAVAIAHABBCBMBSBSBEBOA/A6BABBA4A/A4AgAZAUAMAFAF
4323200001001,BKBEBOBLAzA7BFBIBRBRBLA7AzAoAiAQAHAFAAArA1BIBMA8BBBFBBBZBCBTA3A6AuAfAeAVAMAL
4323309001001,AoAmBJBSBnBKBDA7BMBcBJBQAsAoAaAZAIAGACAuAwBBBPBEBLBCBCBFBTBIBCA7AmAjAUAYALAA
4323358001001,A0BHBXBaBNAyA0BBBjBjBFBABAApAkASAHAAABAmAuBPBWAuAwA/BEBaBRAyBGBMAoAXAWAVAKAA
4323408001001,AoAxBGBQBVBVBEA8BPBWBLBJArAuAeAOALAFAEArA1A8BQBNBDA5BDBSBRBABJA+AlASApAWALAE
4323457001001,A2BJBQBVA3A4A6A7BNBUA4BRAtA0AiAbAOAGACA3BDBRBLBDBBA5BFBPBMA0BMAzAsAkAcAOAJAC
4323507001001,A0BCBTBcBEBAAzBCBLBVBLBHA5AiAXARADAFABA6A4BaBeBDBHBHA3BEBJBTBAAoAkAeAOAcAJAD
4323606001001,AoA+BQBEBLA0BGBZBKBYBUA8BhApAVAYATAAAAAvAeA0A9A3A5A+A8BHBPBIBQA/ApAkAzATALAI
4323705001001,A1A/BeBdA8A+A6BKBcBTBMBNAkAZAcARAQAEACAqA5BGBQBEBABCBIBJBdBOA5A0ApAdATATAEAE
4323754001001,A4BBBRBfAwAvA7A/BYBIBSBJBBA/AoANARAAABAsA8BQBGAxAxA8BHA8BNBJBTBBAvAfAdALAEAF
4323770001001,ArAxA2BIBeBSBNBIBUBVA3A+A/AnAlALAVACAGAsA4BABCBFBQA8A9BOBIBBBHA0BDAfAeASAHAD
4323804001001,BNBQBkBZBVBWBOBEBHA+AuA5AiAbAPALAHAEABBMBTBdBVBVBQBQBJBHA9AxA7AlAaAXAKAKABAB
5000203001001,BiBZBnBWBkBqBfBSBJA9A0AlAZARALAGAEABAABaBaBfBeBiBaBcBIBCA1AmAfAOAOANADABAAAB
5000252001001,BPBQBaBgBeBfBQBcBWBGA/AsAcAgAUAJADACACBFBNBUBXBcBVBXBOBMA3AnAlAXATALAKAAAGAA
5000609003001,BtBvBqBhBVBSBGBCA3AuApAjAVAXAUAMAHACAEBfBmBqBiBTBbBJBFA5A1AmAoAjAUAWAPAEAEAD
5000609003002,BXBgBiBtBZBRBQBJA8A1AtAjAeAbASAOAHAFAABXBeBiBdBTBUBUBOA+A3AwAfAiAUAPAMAKABAD
5000708001001,BJBbBdBeBOBPBNBFBDA8AwAwAnAfAYALAHAGADBQBUBeBeBRBUBNBGBDA9A4AqAkAVATAOARADAB
5000807001001,BHBRBjBgBIBYBSBHBFBHA3ApAdAhAZARAIAEADBJBYBlBXBMBTBUBHBEA9AnA1AkAZAPAQAFAFAB
5000856001001,BNBLBbBWBeBcBMBVBKBEAzAmAfAXAeAOAKAEACBOBNBQBbBWBQBQBHBOA7AzApAgAhATANAHABAC
5000906001001,BuBqB2BkBLBJBEA9A4A2ArAhAYAbAMAOANAIAEBcBiBtBwBRBTBIA9A9A0AsAiAeAZALAMALAHAD
5001003001001,BDBMBXBYBWBaBUBKBDA+A6AsAuAYAaAJAFACADBEBIBWBXBTBUBVBMBFA8A1A6AjAcAUANALAJAE
5001102003001,BcBrBpBfBOBRBJBCA6A5A3ArAoAYAXASAGAEADBZBhBkBbBOBRBLBAA5A1AyArAXAbAPAMAHAHAF
5001102003002,BNBQBYBeBWBSBGBDA9A5AzAwAmAcASALANAEAEBJBHBaBWBTBRBSBJBIBAA3A3AoAcAZASAOAIAF
5001243001001,BvBxB0BoBaBQBSA8A+A7AoAkATAPARAJAJAFABBdByB5BiBYBQBHBBA2AvAkAdAcAUANAKAEABAB
5001508001001,BHBOBeBnBKBKBFBNBNBGBHA2AqAfAWAXALAFABBDBLBQBaBMBJBGBLBNBDAzAmAkAgAXAKAIADAC
5001904001001,BRBbBZBdBfBYBWBOBKBAAzAmAdAZARAOAEACABBSBOBWBYBaBgBTBNBJBDA2AeAZAVAPALAFABAA
5002001001001,BJBVBjBdBUBKBLBIBEBAArAwAaAcAZASAGAKAABMBRBqBYBQBTBMBNBIBDA1ApAlAfAXAJAGADAB
5002100001001,BZBiBsBvBWBNBGBDA9A5AsArAcAcASAHAJADAHBZBcBkBhBQBOBMBDA9A3AtApAcAeAPAQALAHAC
5002159001001,BUBXBpBkBTBXBVBHBHBBAnAvAcAlAUAIAHADABBUBMBfBjBUBSBRBNBDA3AyArAeAOANAOADABAA
5002209001001,BPBbBiBYBTBWBUBKBDA+AsA2AeAZATAOAJABAABRBVBjBYBTBiBUBJBGA/AyAmAVAYAQAIAGADAC
5002308001001,BRBSBdBcBYBeBYBRBGBCA0AuAYAXAUALAFAEACBSBRBYBdBbBeBRBHBEA7AzApAWAaAMAHAIADAB
5002407001001,BfBfBjBeBdBTBNBLA/A5AqAjAdASATAOAKADACBgBdBkBjBZBWBOBGBAA2AtAhAkARASAJAGAEAB
5002605001001,BEBMBdBhBTBLBRBKBNBIA9AzAmAZAdAUAKAFACBABGBPBWBHBWBRBNBJBCA0AvAhAfASATAFACAB
5002704005001,BTBQBaBeBdBZBSBLBDA7AsAkAbARAPAJAEACABBOBNBZBgBfBeBaBRBKBEA3AoAhAWASAJAHAEAC
5002704005002,BHBKBTBaBfBeBVBKBCA9A0AqAZAUATAIAGADAABJBDBPBaBfBkBcBPBNBKA7AuAiAZARAOAGACAB
5002704005003,ArArA3BLBdBVBHA6A6BAA/A2AwAbAcAYAQAIABApAwA3BOBbBaBRBMBLBVBEBOBCApAkAhAZAIAL
5002704005004,BHBKBWBcBeBWBMBJBFA+A0AkAeAZASAJAGAFACBCBEBTBZBaBaBXBSBOBGA6AzAnAdATAPALAEAE
5002704005005,BNBNBWBZBfBZBQBHBFA8A3AkAcAUARAIAHABACBLBKBSBbBfBdBXBQBKBIA+AsAgAbAPANAJAFAC
5002704005006,BFBGBOBaBmBmBZBOBGBDA8AqAeARAOAGAIADABBFBEBLBVBZBaBWBRBKBNBBAtAkATAUAQAEADAB
5002704005007,BRBPBYBbBbBhBYBKBAA4AvAlAcAPAOAKAFACADBOBLBXBaBiBlBfBRBHBCAxAvAbAaARALAGAEAC
5002704005008,BHBNBeBSBTBeBrBjBfBZBBA4AnAlAYANACADACBCBHBTBOBABIBTBFBBAxArAqAYAaARAJAEACAB
5002803001001,BOBUBnBnBeBaBVBFA7BCAyArAbAeAVANAJAAABBKBWBuBnBeBQBKBDA+A2ArAmAZAZATALAHABAE
5002902001001,A8BMBQBTBTBTBIBJBDBAA2A4AwAhAXAVAKAHAFA/BEBLBUBMBOBRBOBJBBA+A1ApAmAeAVAJAGAB
5002951001001,BYBVBfBjBmBwBfBSBSBFA0AiATAMALAGABABABBNBOBWBZBhBlBXBPBPA9AtAaAUALALAEACAAAA
5003108001001,BMBWBrBkBBBMBUBEBMBEBLA6AtAeAkAQAIAFACBCBPBQBKBCBIBJBLA8BHA7ApAhAdAWAIADADAF
5003157001001,BpB0B9BjBOBGBEBDA4AxAhAkAWAVAVAPAFAEABBfB1B6BsBVBaBJA9A3AwAlAnAYAXAQAJAHABAA
5003207003001,B0BxB1BmBaBYBMA+A2A0AsAYAbAKAGAFABAAAABqBrB3BrBeBWBLBBA+A1AqAcAcAOAOAFAFADAA
5003207003002,BZBbBpB3BtBXBVBSBUBMA8AyAmAWAZAIACACACBQBYBlBTBMBKBAA6A5AwAlAjAaASAEAMACAAAB
5003207003003,BJBNBYBdBYBSBMBIBABAAxArAhAYATAMAKACABBKBKBWBUBXBWBTBLBFBDA/AqArAfAZASALAKAB
5003207003004,BVBgBrBmBaBXBNBFA9A4AsAjAaAXAOAIAEAEACBSBdBnBjBWBYBQBIBAA6AyAkAgAZAQANAHAEAB
5003256001001,BLBLBcBXBlBjBaBNBJBDA8ArAeAcAUAJAHAEADBJBHBVBcBUBeBUBJBHA7A2AgAeAUARAJAGACAB
5003306003001,BDBGBRBfBaBYBOBLBGA+A3AuAwASAPAHASADAABEBEBUBVBbBZBWBQBOBGA6ApAkAWAeASAHAEAA
5003306003002,BDBRBfBfBXBXBYBOBDBBAtAzAaAeAaAOAKAFABBHBSBcBYBWBYBXBJBEBBAzAfAaAcATANAIAEAA
5003454001001,BQBOBZBfBWBTBIBFBIBEA0AxAlAWAdAKAKAIABBIBJBTBbBPBVBDBIBFBIA4AtAgAjAQATAIAJAH
5003488001001,BTBbBtBsBcBSBUBKBGBCA4AnAlAgARAQAGADADBJBcBqBlBLBLBJBBA8A2AkArAXAUALANAFAFAA
5003504001001,BQBXBpBhBVBMBLBCBEBBA1ArAhAeATAOAMAFACBOBXBgBXBOBQBIBFA/BHAwAsAkAaATAJAKAKAC
5003702005001,BSBQBWBfBfBdBMBJBBA7A3AhAcAVAJANADABAABHBNBdBhBdBeBOBJBKBJA5AuAZAfAVANAHAJAA
5003702005002,BTBLBQBSBcBhBXBJBGA1AvAyApAOAOAEAGADAABLBHBRBVBeBlBaBNBLBEBBAvAXAjAYALAGADAB
5003702005003,BaBZBcBaBgBfBWBNBDA1AvAhARAXARAEAEAAABBTBRBcBbBgBhBbBMBIBCAyAnAbAUALAUACADAC
5003702005004,BIBGBWBdBdBWBRBNBJA+AvAmAZAXAPAFACACACBEBEBTBfBmBfBVBWBNBNA6AvAgAZARAMAMAGAC
5003702005005,BaBUBhBgBaBgBTBJBBA4A0AkAbARANAKAFADABBMBOBhBeBgBdBRBLBIA/AwAtAjASAPALAIABAD
5003702005006,BdBaBpBkBYBZBOBLBFA7ArAcAYAIARAHAFAAABBWBaBiBnBcBdBRBQBIBEAtAkAdAXAKAHAFABAB
5003702005007,BMBRBXBdBaBYBSBKBJA7AyAlAZAVAOAHAPACAABPBPBXBdBbBgBVBPBOBDA5AmAeAZASAJALAAAC
5003702005008,BDBCBEBUBlBgBTBLBJBDA7AsAZAZALAMAAADAABDBBBFBUBtBmBeBTBPBQBDAqAjAWARAOADADAD
5003702005009,A1A2BBBQBjBgBOA/A+BDA+AzAnAZAXALAEAJAJA1AvBBBVBwBfBUBKBIBQBNA7AyAhAVATAMAGAH
5003702005010,BbBlBkBbBiBjBVBMBBA8AwAuAlAXASAKAJACABBXBdBiBcBRBKBEA+A4A1A0AgAfAUAXAHAGAEAC
5003751001001,BMBXBZBqBVBPBPBHBEA+AxAkAbAcAUAOAJAEACBOBVBcBkBVBSBPBPBKA/AqAtAlAaASAPAFADAE
5003801001001,BCBEBQBXBQBKBABHBJBIA3A2AtAeAaAUAMAFADA+BBBPBTBOBHBIBLBRBPBAA6AtAkAfAPALAGAF
5003900001001,BVBOBVBaBJBlBZBXBTBLA9AwAdAhAaAOAAACAABIBPBUBJBJBYBeBPA7A/AmAvAbAeAUAHADACAA
5004007001001,BBBEBQBVBVBOBLBDBKBIA9AuAlAfAYAQANAGACBABDBYBSBOBOBJBOBLBIA3A8AmAnAbATANAFAE
5004106001001,BQBXBhBgBOBFBKBAA3A9A0AzAoAiAfAPAPAHABBHBVBgBaBNBRBJBDA7A+A6AsAjAkAbATAGAFAF
5004304001001,BPBhBjBmBUBNBSBJA/A6A1AfAkAVAQAPAGAEABBRBTBnBhBXBYBSBNBBBBAtAlAhAXAOAIAGAEAE
5004403001001,BGBLBiBUBLBUBVBKBKBLA5A3AoAgAjALAHACABBLBKBSBWBNBVBQBQBIA9A/AnAhAWAXAJAEABAC
5004502001001,BaBoBoBhBSBPBKBDA4A6AvAoAgAXARAIAJAEADBcBnBgBiBQBSBGBEBBA6AsArAcAYAUAMAJAEAG
5004601001001,BUBZBvBrBSBLBPBNBKBCAvAwAdAhAUAMAGAEABBKBbBhBkBNBKBOBIBDA4AyAoAaAXAPAHAFADAB
5004700001001,BHBFBWBgBUBPBLBMBOBFA1AvApAhAgAOAFACAABCBEBSBcBTBPBMBRBJBJA7AoAoAeAXAPAHADAC
5004809001001,CHCACCBmBSBDA+A3A4AvAiAeATAVAVAMAEADACCFCPB9BkBRBGA6A5AoAqAmAWAUAcANAJADAFAA
5004908001001,BHBLBbBWBJBFBEBKBNBRBKA+A1A0AdAPARAEADBBBKBUBHA/A9BBBJBKBEA1A+AqAaAPATAGADAB
5005004001001,BRBYBfBdBSBQBMBGBCA7A4AmAfAcAXAQAHAFACBOBSBkBaBNBXBLBHBCA8A1AvAjAdAYANAIAGAE
5005103001001,BQBVBdBcBaBdBRBYBMBIA0AqAhAUANAUAIAEACBIBOBWBJBiBWBIBIBKBDAvAmAfAZAUAJAHAEAA
5005152001001,BTBjByBtBVBFBEBBBAA8AnAiAYAoAiAQAJAFADBPBWBoBeBQBJBJBMA/A3AyAhAeAbATATAMAHAA
5005202001001,BZBsB1BlBfBUBHBFA9A7AqAeAaAPANAJAJAEABBZBfBzBjBYBWBKBGA+A6AtAfAcARARAKAGAGAC
5005251001001,BbBqBsBfBVBMBRA/BAA+AwAnAhAWAQARAHACACBrBVBtBhBRBSBUA6A8A7AoAjAUAXARAKAHAHAB
5005400003001,BRBRBlBqBuBoBZBPBGA/A2AZAbASAMAFAFAAAABNBRBdBrBjBdBOBEBBA8ArAjAVASANAIAGABAF
5005400003002,BNBOBjBiBpBqBfBPBKBDAzAnAdAUANAFAHABAABMBUBcBgBaBbBTBHBGA6AiAqAWARAKAKAFACAE
5005608001001,BgBkBpBkBYBUBUBLBAA6AnArAYAbAVALAGAGAEBZBbBnBdBRBSBOBFA8A1AxAhAdAYAPAKAFABAB
5005681001001,BDBJBcBhBSBCBLBGBEA8A1AqAjAdAZAQAMAGABBFBKBWBlBVBQBSBLBOBBA2AxApAgAWATALAEAB
5005707003001,BIBIBUBdBhBdBcBRBJA/AwAlAiATASAPAFAAAABNBIBRBcBlBeBZBVBKBCAyAnAXAZAYAEAIABAC
5005707003002,BNBXBeBbBhBbBZBJBKA/AyAeAhATAOALAJACABBRBQBeBeBZBcBVBOBLBBAwAjAaARAQAKAGADAC
5005806001001,BWBgBsBmBPBRBJBTBHA+A4AsAqAQAbAKAIACABBUBbBlBYBLBQBKBIA9A0AxAuAYAYAMAJADABAD
5006002001001,BgBYBcBVBuBlBZBMBIBDA0AkAbAOAKANAEAAAABcBVBZBhBmBcBWBIBEA6AqAfAUANAHAGAFADAB
5006200003001,BIBJBKBVBhBZBTBJBJBDAwAuAZAZASAPAPACAABCBHBNBWBdBbBXBSBMBIA1AyAkAeAZAOAFADAC
5006200003002,BcBbBdBdBRBZBVBOBHBBAsAuAiAXARAKADAAABBbBXBbBZBTBaBWBNBHA/AvApARAVASAGADAEAC
5006259001001,BEBEBgBqBaBMBJA/BMBFA/AmAmAoAdARAEAAADBNBVBgBoBPBCBKBIBLBEA2ApAcAcANAOAGABAD
5006309003001,A/BHBUBdBcBXBOBJBCA3A2AxAaAoAUAWACAHADBJBEBTBaBfBXBQBLBIA7A+A1AnAgARAPAJACAE
5006309003002,BDBFBTBUBPBNBPBLBLBCA6A3AfAlAgAPAOABABA5BBBUBRBQBRBSBMBMBFBCAzAwAfAZAKAJAIAD
5006358001001,CICGCCBoBSBKBEA6AzAoAbAcAaASAQAIAFAFAFCJCFB2BnBWBOBJA0AvAjAbAaAWARAHAOAFACAE
5006408001001,BKBUBdBmBVBIBKBPBJBBA3AwAfAnAdAUAMACAFA7BJBVBYBPBOBIBMBGBDA8AfAhAlAcAMAEAEAB
5006606003001,BqBrB5BnBfBRBIBDA5AvAiAjAPAUAOAHABAEABBgBkBvBqBhBbBLBHA9A3AkAgAUAXARAJAFAEAB
5006606003002,BZBvB2BtBFBKBLBEBHBGBDAnAeAeASAKAEADACBcBoBwBkBEBLBLBAA+A2AuAiAYAOAMAFABAAAA
5006606003003,BWBQBcBbBTBWBLBGA7A5A0AgAiATAMAMAIADABBLBSBYBZBYBiBYBMBHBAA6AuAgAdAYAOAPAGAD
5006606003004,BYBlBwBjBZBQBKBBA3A3AlAoAYAZAPAJAFAEADBdBdBbBlBfBaBRBJBBA8AtAmAZAWAWAMAJAEAD
5006903001001,BjBmByBqBkBeBUBNBFA8ArAmAbATANALAJAEADBYBcBnBfBVBVBIBBA0AuAnAdAYAVAPAJAFADAC
5007109001001,BaBYBgBkBdBlBZBTBOBEA0ArAWAQAQAHADACACBTBdBlBeBYBZBUBHBBA4AkAjAYAMANAGABABAC
5007208003001,BbBZBdBaBnBmBcBMBEBAAvAnAVARARAHAFADABBYBZBgBcBeBgBSBHA/A4ArAmAaAUAIAGAEACAB
5007307001001,BGBPBaBVBFBGBFBOBSBKBEAqAnAqAbAZANAHAEBDBPBPBSBDBHBJBHBMBCA1AmApAnAbAXADAFAG
5007406001001,BOBWBVBdBRBSBLBCBHBBA0A1AlAgAYANAGAEACBLBPBZBYBRBRBPBMBEBAA7AtAhAZAWANALAFAD
5007505001001,BFBWBiBZBLBHBOBRBFBJA4A0AyAoAcAPAIADACBMBWBXBHBDBTBOBKBCA/A6ArAfAgASAOAFAAAD
5007554001001,BRBXBtBcBTBQBRBdBPBDA0AnAiAhASAPAFADAABKBRBiBaBPBQBaBSBFA3AtAgAfASATAGAEABAA
5007695001001,BSBTBbBbBcBgBTBPBKBDAyArAiAPAQAKACABAABLBSBYBcBgBhBUBNBHBCA4AfAaATAQAGAFAFAA
5007703001001,BXBWBkBoBNBGBFBHBEA8AsAxAgAkAeARAKACACBLBUBYBqBQBCBLBNBEA5ApA3AbAiAaAMAKACAB
5007802001001,BABKBmBgBRBQBcBGBLBEBBAnAdAfAeALAIAFACBEBGBdBdBPBWBPBHBLBAA+AoAeAcAUAJAHAEAC
5007901003001,BcBOBeBhBpBkBXBDA+A5A3AfAXAQAMAFAFABADBWBQBfBmBoBbBXBKBEA7A1AhAbAPAKAKAHAFAE
5007901003002,BQBcBqBdBSBWBMBKBIBEA5AvAtAcANAOADACABBWBZBnBaBPBTBOBDBBA8ApAwAcAQAMAHAGACAB
5007935001001,BcBkBmBeBsB0BfBRBJA/AsAiASAOALAIACABABBOBWBkBaBfBgBdBJBCA2AeAhAMAQAKAHACACAB
5007950001001,B3B9B5BwBSBQBDA+A4AxAnAgARAcAPAPAKADABBpBvCABjBOBMBEA9A2ArAlAdAZAUAPAMAIAAAA
5007976001001,BSBRBgBuBJBQBcBEBJA7A0AxAeAXAbAIAOAKAABOBWBGBMBNBUBUBFBFA9AzA0AlAZAaAPAIAGAA
5008008001001,BGBcBmBXBPBNBRBIBJBIBJA1ApAtATAQALAEABBLBRBRBRBKBLBIBFBBBGAwA0AdAaANAMAEAEAA
5008305003001,BCBCBPBVBfBfBaBIBCBAA6AsAeAdAVAJAIAEAABEBFBKBXBhBbBRBMBDBGBJAqAhAiAgANAGAHAA
5008305003002,BUBaBlBeBbBYBUBOBDA9A2AoAaAUANAKAJADACBTBXBdBZBXBdBPBOBGA5ApAtAgAVAQAIAEACAC
5008305003003,BaBWBbBVBnBlBbBPBDA9AoAtAdARANAHAEAEACBTBPBaBbBdBiBXBIBCA9A0AkAXAVANALAIACAA
5008305003004,BGBEBRBRBbBcBTBHBIBBA6AmAhAcAVAJAFADACBEBCBJBTBcBkBRBPBNBEA8A1AsAXAcARALAFAB
5008404001001,A+BCBWBRBKBCBEA+BUBSBCAwAiAiAiAgAQAGACA0BKBMBWBKBFBCBEBNBLBIArApAnAnAXAMAIAD
5100102001001,BHBSBkBmBPBPBMBCA/BAA3AyA8AnARAWATADAFA/BXBbBaBNBNBGA0A2A1AtA1ApAgAcASAIAEAE
5100201001001,BSBZBhBdBiBjBfBUBMBBA5AlAUAcAOAGAEACAABKBUBXBeBTBZBcBOBIA4AwAYAdANANAIAEABAA
5100250003001,BOBTBiBhBaBWBPBMBIBGA2AmAfAQAQANAHAAABBPBRBcBmBcBZBTBNBGBCAwAqAXAXANAJAGABAA
5100250003002,BJBVBdBkBVBUBOBRBUBLA5AsAdAcAPALAFADABBJBRBaBfBSBVBWBQBMBEAuAmAVATAMAPAEAAAA
5100300001001,BQBRBXBXBYBhBZBLBDBEA6AsAhAZASANAIAGAABLBPBSBUBVBXBXBKBGBDAtAsAcAbATAIALAEAB
5100359001001,BiByBrBgBNBSBaBOBAAzA5AnAbASARAMADAJABBeBvBxBdBSBbBPBIAwA1AkAbAUAMAFAFAIAFAD
5100409001001,BKBTBVBWBRBrBiBVBKBAA6AqAwAVAJAVAKABAEBDBXBPBOBNBYBVBMBBA+AxAkAhAPAWASAHADAD
5100508001001,BOBYBdBaBXBTBSBLBFBGA8A2AoArAdALAJAIAFBNBUBcBiBOBMBDBBA5BAAtAlAUAeAMAJAEAGAE
5100607001001,BZBgBrBYBxBvBuBYBJA7AtAeARAMAMAEADABAABTBUBpBPBiBlBeBIBAAzAhAeAPAPAFAIAFAAAA
5100805001001,BWBeBmBnBYBTBNBUBTBbBHAoArAPAQAIACAEAABaBgBdBfBaBKA/BFBDA9AnAfAQANAGAGACAAAA
5101001001001,BGBPBXBPBRBKBYBZBQA7A7AvApAoAbAMAFACACBHBJBVBhBNBUBaBRBCBDAoAwAmAaAYAEAFABAA
5101209001001,BRBPBdBtBEBIAvBOBJBGA9A0AzAuAfAYAJAKAMApBJBUBCApBHBfBYBhA2AsA3AYApAcAIAUACAD
5101258001001,BNBSBcBXBhBZBXBMBHA5ApAvAcAXAQAKAFABACBMBSBhBiBiBcBcBNBLA4AtAiAgARAUAMAGABAB
5101308001001,A8BQBWBnBaBXBPBHBEBHA+AhAdAdAZARADAIAFBUBUBUBgBRBSBRBBBFBEAzArAmAYARANAIACAE
5101407001001,BiBhB5BnBgBnBdBdBMA+ApAlAbAOAGAGAEABAABhBWBjBiBXBVBXBMA8AsAdAfANAKAEAHACACAC
5101605001001,BOBWBdBcBhBMBWBTBNBLA6AwAyAnAXAUAIABABBGBYBRBRBLBKBCA9A5A4AwAoAiAcAVAOALACAD
5101704003001,BmBqBvBpBlBaBhBSBHA3ArAjAdATASAFAAAAAABhBgBoBnBYBVBQBLA4AtAfAcATAJAJAEAAAAAD
5101704003002,BMBTBcBhBiBhBZBMBJA+AwAmAVAbAQAIAJAFABBHBOBeBkBgBaBUBOBBA3AtAjAaAVASAKAJADAF
5101803003001,BrBtBxBcBaBXBVBMA+A4ArAiAaAcATAQAGADACBbBcBkBcBTBUBIBEA5AxAhAnAeATARAGAIABAE
5101803003002,A/BOBWBhBcBWBYBQBLA+AtAuAXAUARAFAHAEACA8BPBXBhBdBgBgBZBMBFA9AiAdAaAQAHAFABAD
5101803003003,A6BFBPBhBaBRBRBJBFA/BFAoApAUAVALAJAEABA0A9BPBbBdBXBUBUBNBKBQAoAgAoAbAKAMAAAB
5101852001001,BWBjBxBeBTBdBoBPBMBBArAwApAUAQAHACAEACBaBYBgBVBTBjBTBKA/AuAjAgAUAOANACABAAAA
5101902001001,BdBgBmBnBjBlBfBWBLBBAyAqAaAUAQAFADAAABBcBgBjBeBWBUBRBHA9AqApAbAQASAHAFADABAA
5102504003001,BOBjBcBcBbBVBYBFBCA0AoAmAYAbAQAHAHAAABBPBTBjBfBmBgBZBQBIA3AuAqAgAQAQAMAJAFAA
5102504003002,BEBPBVBbBhBYBOBFA9A7AxAoAlAVARAQADAGABBCBNBPBcBqBVBZBPBJA7AwA1AmAWAdAXAGADAG
5102504003003,BhBgBqBnBSBPBSBGBJA5A0AtAiAgANAKAJAEACBTBkBdBZBSBQBKBGA4AzAsAoAeAWAPAMAGADAC
5102504003004,BTBbBkBkBfBXBMBHBBA4A6AeAdASAUAKAEAEABBOBXBhBfBcBYBUBQBBA5AtApAYAZARANAHACAD
5102603001001,CkCTByBUBQBQBHBCA1ArAnAVAXAKAGAHAGALALCOCGBlBQBSBUBKA7AvAnATAdAUAWAMADAFAHAG
5102637003001,BhBZBhBcBxBxBsBeBNA9AuAaAUAJAEADABABAABWBUBeBeBlBnBdBPBFA1AdAaAMAKAGADACABAB
5102678003001,BcBVBdBgBTBhBbBVBOBEA4AnAbASAIAEAIAAAABQBWBfBaBXBYBYBNBLA7AsApAYANANAHACADAA
5102678003002,BZBkBnBhBnBxBdBTBFA8ArAiAOAPAJADAEAAACBOBWBYBgBmBlBfBSBFA1AmAYAUAIANAGAHABAA
5102686001001,BoBiBsBdBaBsBdBUBTBIAmAhATAIACACABAAAABZBjBjBnBmBfBiBQBFA2AbAaASAEABACABAAAA
5102694001001,BhBoBxBeBVBZBSBXBQAzAxAoApAZANAJAEAAAABgBkBbBjBLBbBMBHA4AvApAeAWAMAOAFAFADAB
5102702001001,BgBYBdBdBZBgBcBNBHA/A2AsAaARALAJAEAEABBYBcBcBdBUBbBWBGBAA9AwAkAWAPAMAJAFABAB
5102793001001,BHBSBsBhBGBLBCBRBXBJA3A1AeAlAkAXAIAEACBABXBkBaBHBCBPBHA9A9AmAwAhAiAUALAJABAA
5102850001001,BLBiBjBkBWBNBWBMBGBNA2A2ArAdARAGAEACABBPBSBlBZBTBQBRBGBBA5AlAtAYAQAMAMAEAEAC
5103007001001,BQBWBnBiBQBTBRBIBGA8A5AtArAkAbAJAHADABBMBSBhBVBRBPBRBEBAA4ArAtAkAXASAJAEAGAC
5103056001001,BWBZBwBnBaBVBaBOBNBEAxAoAYAXANAJABAAACBRBZBuBbBPBPBTBSBCA6ApAiAaARAPAFAFAAAA
5103106001001,BLBXBlBeBWBVBdBLBUBGA0AtAeAlAVAIAFADABBLBjBSBaBKBSBcBRA+A1A0AnAVAVAIAHAFACAA
5103205003001,BGBOBZBnBUBUBOBNBLBIAqAzAgAXAXAPAJADACBGBKBXBgBWBXBSBTBJBCA4AeAdAgASAJAIACAB
5103254001001,BjBnBrBsBcBeBhBRBHBAAtAtAZASAIAGADABAABeBpBsBgBZBZBPBGA3AwAlAYARAJAEAGABAAAA
5103304001001,BiBjBmBfBfBcBUBIBCA+AwAlAgARAMAKAHACACBfBfBkBgBaBbBVBGA9A1AmAhARAWAIAIADACAC
5103353001001,BZBmBuBmBbBcBaBLBIA7AzAnAjAXAQAKAFACAABWBiBkBdBZBXBUBKA5AvAlAhAWAOAJAGABABAA
5103361001001,BWBfBnBjBqBzBUBQBAA3AmAjAhASAVAFAOACACBMBaBXBwBYBhBIBPA9AsAnAhAYASAOAHACAAAA
5103379001001,BdBvBtBnBaBYBZBTBLBAA2AmAhATAJACACABAABnBoBsBdBWBaBTBIA4ArAjAcAQAKAFACACABAA
5103403005001,BLBTBbBWBbBZBcBQBHA5AsArAUAVAUAFADAEABBKBLBVBYBfBiBgBZBJBDA1AqAdAcALAKAEAEAB
5103403005002,BSBIBUBRBdBdBbBQBHA/A9AeAbANAKAIAEABACBGBJBVBWBjBpBlBZBRBDA7AmAaAWAKALAIAEAA
5103403005003,BfBfBnBnBfBfBXBRBEA6AxAQAMAQADAIAGAAAABXBUBkBqBnBlBjBYBMA1AnAbATANAIADAEACAC
5103403005004,BFA+BEBSBbBfBaBLBEA5A3AsAhAgAPAHAEACAAA9A7BDBOBjBkBeBUBQBEA8A9AqAlAXASANAEAD
5103403005005,A3A3A8BKBZBYBSBFBBA/BEAtArAWAeAJAJAFAAAvA0A+BMBbBfBbBSBNBPBKBBA8AmAlATAMAFAI
5103403005006,A/BABFBUBlBfBUBFBEA+A6AlAjAYAZAIADACAFBAA9BDBVBuBhBZBOBLBHBIAkAoAkAdAUAIAEAC
5103403005007,BJBKBQBYBpBpBfBQBCA2AuAqAcASAKAIAFAAABBCBGBRBbBqBsBkBPBHBAA/AmAcARASAIAGACAC
5103403005008,BJBABHBQBjBnBVBEA7A4A5A3AoATAKAKADAAABA+A7BGBSBjBnBdBPBEBHBHBLA0ARAWAPAHACAC
5103403005009,BjBiBlBeBeBgBgBTBFAyAgAfAPANAIAIABACAABdBbBkBhBnBqBrBVBCA0AfAgAVAJALADABACAB
5103403005010,BBBDBMBYBvBmBQA9A8BEA/AmAYAQALAEAFADAABABCBMBcBvBuBXBIBRBTBUAmAcAZAVAKAFADAB
5103403005011,BBA+BNBWBkBeBTBLBCBDA7ArAkAWATADAEADABA8A+BHBWBqBmBhBSBPBKBGAtAkAdARAIADAHAD
5103403005012,AxA/BFBRBvBqBdBDA7A8A1AuAqAZAPALAFACADA9A4BABUB3BvBdBJBHBHBCA3AoAXAhAHAKAAAC
5103403005013,BQBRBeBdBfBfBhBWBMA9AqAhASAKAPAGABAAAABMBLBWBcBiBpBvBeBQBBArAfAYAOAIAEAHAAAC
5103403005014,BVBRBaBbBsBoBaBHA/A8AxAjAYAPAJAIADABABBUBMBXBeBnBsBbBMBEBDA7AhAdAPANAFAFABAA
5103403005015,BPBPBYBgBkBiBeBPBHA/A0AgAcAJALACADADABBMBNBUBZBjBqBhBXBQBBA3AdAdAMAJAJAEACAE
5103403005016,BPBOBWBaBdBfBcBVBIA6AtAqAUAQARADAFAEAABQBPBSBdBgBmBjBWBNBDA8AhAXAXALAGAAAEAA
5103403005017,BbBaBmBmB8ByBdBSBEA6AuAaAVAQAIAFACADAABVBWBeBgBiBaBSBMBEA3AmAfAUAKAKABAIAAAD
5103403005018,BBBTBlBnBWBWBPBMBHBLA7BJAwAkAbAOANAAADBEBHBYBQBLBFBHA8A8A+A3AtAfAcAUAHAJABAC
5103437001001,BQBTBnBbBMBXBSBGBMBFA3AsAfAgATAaALADACBBBUBSBXBUBSBPBGBDA2A/AdAgAZAcAOAFAGAD
5103452001001,BXBkBpBdBZBdBpBaBJA2AlAfAVARATAGAFADAABYBfBlBcBVBkBaBLA9AvAkAdAaARAKAJAGACAC
5103502001001,BVBYBiBlBlBbBUBMBLA/A2AmAaAYARAJAEADAABMBVBeBcBeBZBPBQBDA2AqAoAaASAPAKADABAB
5103601001001,BKBMBYBXBRBTBXBPBGBAA6ArAoAiAZAXANAGABBGBJBUBMBNBLBGBLBGBAA3AsAuAeAYAQAJAHAC
5103700001001,BkBrBzBiBMBcBfBOBFA9AsAjAaALAKACAAAAABB1B4B2BiBaBaBVBEA5AtAlAXAKALADAIAAAAAA
5103809001001,BGBIBeBaBlBGBTBJBMA4A9AnAtAcAjALAGAGADA9BRBXBeBSBRBYBJBGA3A3ApAnAXAeAGAMADAA
5103858001001,BjBwBvBoBjBmBVBUBIA9AsAoAbARAiAEAAAAAABcBrBoBYBKBVBIA2A+AsApAUAXASAOAGACAAAA
5103908001001,BuBzBrBiBMBKBMBKA+A8AxAmArAdAOAOAHAFAABtBeBZBhBKBUBGA9A+AuAnAqAdASAUAGAEAEAB
5103957001001,BNBLBZBVBABSA9BPBlBGBLArAkAbARAPANACAHA5BLBeBMBHBQBYBJBHBAA5AqAsAgAXATAGAIAD
5104104003001,BKBPBlBrBtBYBGBHBMBKA7AgAcAYARALAEABAABNBKBYBpBrBWBIBGBRA+ApArAYANAQAJAFABAA
5104104003002,BRBRBYBlBpBTBMBHBMBQA6AoAVAcAOANAFACABBQBMBVBkBoBdBLBJBRBCA0AdAdANARAEABABAA
5104203001001,A+BPBaBWBXBOBMBMBLBGA9A1AsAwAdARAIAGADA7BEBQBRBJBHBNBEBCA9A4A6ApAgAZAUANADAC
5104500001001,BSB2BhBQBdBUBbBOBDA+A1AhAoAXAVAOAFAAABBIBYBKBXBYBSBNBEA9A/AzAtAZAbAVAXADADAA
5104526001001,BjBlBoBVBrBvBlBaBVBLAyAfARARALAEAAABAABLBQBVBjBUBjBgBNA/AyApAWAOAMAFACADACAA
5104542001001,BSBnBoBqBhBjBVBLBQBKBNAkAkASALACACACABBYBcBdBXBQBSBQBIA/A1ArAjASAOACAEACAAAB
5104559001001,BbBaBtBfBYBaBdBKBDBBAyAvAdAbATAIAEADAABGBbBoBaBWBQBJBABFBCAsAmAhAOASAFACACAE
5104609001001,BSBfBhBaBgBhBiBiBRBKA4AnAbAWATAKABACAABMBOBYBQBSBhBZBLBEA3AtAdAVAQAKABADABAD
5104807003001,BJBMBZBbBdBaBTBTBMBFAuAvAaAjAJAMAHADAEBCBJBZBRBXBRBVBRBPBHAxAtAhAQASARAKADAD
5104807003002,BNBWBgBeBdBaBcBOBFA/AtArAjAPASAIAGACADBTBYBfBWBVBYBVBSBHA2AyAmAeARASAJAEAFAA
5104906001001,BTBeB0BlBdBIBSBFBGAwA0AfAgAlAUARAHADAFBKBaB0BdBVBNBNA/A+A2AzAgAYAcAZAHAFADAG
5105002001001,BRBaBqBfBWBNBJBEBCA5A7AcAeAiAWAPALAEADBVBVBkBjBOBSBRBJBCAwAyAvAeAeAQAJALACAE
5105101003001,BKBNBkBmBfBeBQBOBPBHA3AjAjANAQAGAGABABBJBLBgBfBcBSBXBNBRBDAxAfAYASAUAGAHAAAD
5105101003002,BcBaBiBiBaBfBYBSBKA/A2AjATAcAUAHAJACAABbBaBiBYBbBYBPBLA+A8AkAlAOAYAQADADAAAA
5105150003001,BIBHBdBqBWBSBTBOBRBGAxAmAiAUAOALAFACACBEBMBaBmBZBeBbBVBQA8AtArAfARAQAHAIAAAC
5105150003002,BXBeBoBkBVBWBUBSBLBBAzAmAgAZAUAMACAAABBRBXBpBcBTBQBSBLA9A2AnAoAcATASAHACABAA
5105176001001,BaBqBqBcBXBXBZBaBMA9AwAkAdAPAKACALABABBYBkB2BgBYBbBTBIBEA0AiAaAQAPAMADACAAAB
5105200001001,BHBMBdBbBPBUBYBSBJBDA7AsAmAmAbASALABACBCBKBQBbBOBJBMBOBJA+AvAwAbAnAYAQACADAC
5105234001001,BcBZBYBuBhBcBYBSBHA+BBAdAWAbANAMAJABABBSBXBbBlBUBcBTBNA7AsAvAaAYAWAOAIAGACAB
5105259003001,BfBcBiBiB2B+BoBVBHA5AmASAJAOAFAEACAAABBZBaBiBpBlBrBfBNA9AxAgAXARAIAGAEADAAAA
5105259003002,BSBMBJBTCfCiBxBXBGA6AwAaAQAJAIADADAAAABOBEBDBKCCB7BiBHBBA0AkAXARAJAEAEADAEAA
5105309001001,BKBlBlByBdBUBRA/A6AzAxAxAdAbAOAbAJACAFBXBgBuBHBbA9BBBBA8A6AoBHAYAPAVALAJAHAG
5105507001001,BnBoByBnBZBZBUBIBCA4AzAiAdAWAQAFADAAACBnBtBmBdBaBZBPA/A3AvAnAeATARAMAFABADAB
5105580001001,BfBfBvBnBWBSBQBUBOBIA3AmAbAZAUAHABAAAABVBPBuBhBPBOBQBNBBA3AyAcAbAMAHAHACABAA
5105606001001,BNBaBxBoBbBSBKBNBRBFA2ApAiATARAJADABAABMBRBrBmBQBQBPBJBIA9AqAmAcAQAMAIAEACAA
5105622001001,BPBRBYBgBcBfBTBJBGA9AyAqAlASAQALAHADABBJBRBTBZBfBdBSBQBKBAAuAsAhASANAOAHAGAA
5105903001001,BUBhBjBWBXBTBbBJBEBCAwArAmAbAZAPAHAFADBYBdBWBfBRBQBTA6A+A4ArAlAZAdASAMAGADAB
5106000001001,BNBWBWBwBbBJBLBBBNBHA5ArAcAcAYANARAEACBIBMBXBiBUBKBCBQBBBFAsAwAlAcASAOAGACAF
5106109001001,BABVBiBjBUBRBMBEBKBCA7A7AvAuAcAYAOAJADBIBQBZBWBEBDBHBAAzA2AzApAkAeATAbAKADAB
5106158001001,BLBVBtBpBWBWBWBlBiBMA6ArAeAbAOAJAHAAABBJBPBnBbBMBOBRBKBCA0AzAWAYAMAKAJABACAB
5106174001001,B5CGBwBeBPBLBEBMAyAsAoAgAfAeAFAPAMACANCDCLBiBaBSBNBRA8AoAiAjATASAQAEATARACAC
5106182001001,BlBrBmBnBSBiBXBWBLBAApAuArASAQADABAAABBUBjBcBVBcBdBVBEA6AzAkAbAZAUAHADABAAAB
5106190001001,BOBRBjBqBSBYBNBRBNA/A5AvATAgAWAVAGAGABBIBZBbBjBOBGBMBIBFBEAzAcAoAcALAGAHAAAA
5106208001001,BLBLBrBUBcBSBUBOA8BEBFAxAsAkAUANAFADABBEBdBZBOBQBcBJBCBDA0A1AsAcAYAVALALACAB
5106216001001,BNBZBhBnBTBWBRBUBRBIAxAuAmAWAYARANACABBFBPBYBcBGBUBIBNBDA7A0AiAdAeAQAMADACAA
5106224003001,BWBRBKBdCQCDBlBNBFA8AkAnAOARACAKAEAAAABJBLBQBgCAByBZBPBCA2AuATAJARAIAHACABAA
5106224003002,BYBWBgBnCNCKBqBbBGA3AqAbAOALAHADACAAAABbBUBcBeBjByBbBKA4AuAZAaAKAJACAFACACAB
5106232001001,BeBhB1BnBgBTBXBZBRA5AwAcAUASAFADAGAAADBYBdBsBqBYBaBXBQBCAwAnAVAQARAHAFADACAA
5106240001001,BZBfBlBtBkBxBhBaBWBJA7AoAWATALADABAEACBaBhBaBYBTBZBMA+A+A3AlAaAQAKAEAAACAAAA
5106257001001,BIBOBaBiBZBYBQBMBIBFA0AuAmAdAXAMAFADACBCBQBVBcBVBWBVBNBLA8A1ApAiAYAOAOAFACAC
5106265001001,BKBYB1BnBTBNBQBHBUBWBAAvAoAXAMAGAIAEABBWBdBxBkBMBIBKBEBEA6AsAgAVANAHAGABACAA
5106273001001,A/BDBWBjBRBEBDBXBGBVBIAxAfAjAoAVALACAABABNBdBdBEBHBHBJBQBEA1ApAhAlASAWADAAAC
5106281001001,BNBLBgBZBKBTBfBVBJBGA1A7AoAYAbALAHACAABKBWBcBQBMBSBWBMBMA4A3AmAZAbAQALACABAB
5106299001001,BLBXBmBfBTBTBLBJBaBUBCA6AlAeARAMADADABBABNBbBdBNBHBHBLBFBAA6AmAVAXAUAHAFABAA
5106307001001,BXBZBnBgBfBcBYBVBLBAA1AnAfAeATANAJAAAABUBZBZBXBXBXBNBJBAA0AyAWAVAQATAKAAABAC
5106315001001,BbBmBwBrBZBXBaBHA+BBAxBIApASATAUAFADABBaBfBXBWBABNBZA5BAA4AuAeATAVAMADABADAA
5106372001001,BMBSBhBZBPBYBZBTBLBAA3ApAgAiAUAOAFAGABBLBQBYBUBOBUBWBWBGA0AwAtAeAYATALAFABAC
5106422001001,BUBiByBvBWBNBCA/BKBKA6AwAiAUASAFADACACBbBfBvBnBYBNBGA8BDA8AyAiAWASAHAGADAAAB
5106455001001,BbBXBRBcBHBUBGBSBLA+BAAsAsAjAVAUAAAAADBcBfBnBZBRBHBRBRBCA0AqAqAYAMALARAHAEAE
5106505003001,BRBaBpBmBcBVBMBHBCA7AvAwAiAiASAQAIAEADBPBXBhBcBWBRBGBDA8A1AmAuAeAYAUANAKAGAD
5106653001001,BFBcBXBQBiBbBVBVBPA7AuA3AmAcAPAOAIACAABHBFBbBaBXBYBVBZBIA9AvAmAfARAUAJAFABAA
5106703001001,A3BIBdBaA4A9BRA/BDBNBFA7ArA1AjAiAXADAFBDBGBMBnAzBABUA0BABPA6AxAhAvAcAWAGAFAA
5106752003001,BLBXBfBZBcBdBOBPBMBIAyApAaAbANAFAJAFAABSBUBaBcBZBbBZBRBMBEAvAhAXAQAQAEAKAAAA
5106752003002,BcBcBeBjBeBjBSBJBEA6A4AeAVAVAMAOAEADACBWBVBeBiBjBiBZBJBEA4ApAhAZASAMAHAHAAAC
5106778001001,BYBnBwBiBaBfBaBSA9A6AvApAgAcARAQAEADADBdBbBnBWBVBVBLBGA6AvAtAbAbAMAOAGADAEAA
5106802001001,BOBmBgBaBRBUBaBOBRBDBFAqAgATAYALAEABAABSBYBiBbBUBYBGBPA6A6AyAiAgAPAPAIABAAAA
5106828001001,BcBlBrBvBSBUBRBTBPA8AxAwAeAUAWAKAIACABBGBYBlBkBLBUBSBJA9AwApAmAYAVANAJABABAC
5106851001001,BPBTBtB2BHBBBPBGBAA2A2A5AmAoAbANAMAGADBIBWB3BgBDBFBKBFA3AvA/AnAZAeASAKAMADAD
5107008001001,BPBPBhBgBPBJBEBIBFBIA/A8ApAqAbAVAJACAEBRBOBZBPBJBEBABFBBA/A6AwAhAhASANAJAEAB
5107040003001,BVBaBaBmBxByBiBSBHA1AuAdASAMALAGACAAAABPBUBaBnBoBoBcBQBFA2AkAgATAOAHAFAFABAB
5107040003002,BLBPBWBeBhBoBlBVBQBDA2AiATAOAMAIABADAABKBOBdBcBbBsBcBTBLBBAtAhARAWALABADACAB
5107065001001,BhBqBlBgBiBsBiBOBGA/AuAwAeAMAGAEACAAAABWBdBjBbBYBjBWBIA8A0AyARAOAMALAFABABAB
5107107001001,BEBHBWBbBTBUBSBMBJA+AzA4AhAfAWANAKAGACBEBHBVBdBZBUBQBLBMBDA/AoAiAeAYALADAEAF
5107156001001,BSBVBeBqBSBSBPBSBRA6A2AWAXApAQAPAQAEAIBOBIBXBeBPBXBXBVA+A1AjAaAsAWAaAVAIACAE
5107180001001,BTBfBgBfBUBaBSBKBLBGAuAnAeAjAUAKAGABAHBfBUBeBbBPBVBSBPBBAyAlAoAYAUAUAHAGAAAC
5107198001001,BPBLBsBVBFBIBYBWBEA2BFAoAqAdAbAVAKAAACBCBSBpBaBEBYBhBTA2A9A5AoAbASARAPACAEAC
5107206001001,A+BHBUBcBrBWBYBJA+A3A6AsAkAVAeAOALACAEBBBUBJBZBZBcBSBIBFBEAyAnAkAdAfAVAFAFAB
5107248001001,BQBaB8BgBZBhBWBVBNA6A1ApAcAUAHAMAFABABBaBhBsBdBTBVBTBGA4AxAnAgAaAKANAGAGAAAD
5107263001001,BFBcBgBnBQBTBMBNBTBRA/AlAyAbAbAMAfACAABRBIBOBeBDBTBLBFBAA8AkAnAlAgAIAKAAAFAC
5107297001001,AyBIBUBtBVBBBPBHBNBMA+A1A5AyAgAbAUAFAAA4A7BUBLA/A7BEBMBCBCAsBCA3AgAaAUAKAAAC
5107305001001,BWBbBpBhBoBpBfBVBSBCAsApAaAWAMAFAGACAABNBXBeBkBRBQBSBMBAA0AnAjAbAOAKAGACABAA
5107354001001,BoBlBnBsBgBlBiBQBBBHArAqAdAOAMAHACAAABBgBlBqBdBOBmBSBBA6AqAeAbANAIAQABACAAAA
5107404001001,BWBjBhBVBQBgBXBWBKBDAxAhAlAYAPAJAGAEABBMBYBcBVBKBcBQBWBEA9ApAgAZASAVARAEADAC
5107578001001,B6B5BnBkBnBgBKA8BBA5AoAmAYAaATADAEAAAABqBjBrBjBeBdBIA4A0AsAmAbATAQAOAFACACAA
5107602005001,A2A4BFBSBiBVBOBKBJBAA/AsAhApAXATAHABACAyAxBCBZBfBaBXBHBQBHBMAwApApAgATAMAKAG
5107602005002,BABCBJBZBfBjBWBQBMA8A/AjAXAcAUAKALAFAABCA7BJBZBeBYBZBVBNBDBHAoAlAhAZAPAHACAC
5107602005003,BIBFBOBjBwBgBMBLBLBBA6AuAiARAOAGADAIABBBBCBJBgBkBaBUBSBQBFA2AuAkAMATAMAGAFAA
5107602005004,BiBbBoBfBhBhBcBQBJA3A1AZAWASAIAHAFACAABiBaBjBiBeBcBdBMBCA0AoAZAYAMAIAGACACAC
5107602005005,BjBeBdBWBeBpBhBQBEA8AoAgATAVALAEAFAAAABeBVBZBWBnBqBgBSBIA3AiAiAYAOAKAFACABAC
5107602005006,A/BABGBVBVBaBbBLBFBCAzA8AiAbARAIAIADAEA9A7BCBJBfBcBmBUBVBKBIAxArAaAQAPAIAHAC
5107602005007,BEBOBZBhBkBbBYBSBNA9AzAfAXAZAKAOAIAEABBMBMBYBkBbBYBbBXBLBAA4AfAZAXAQALADACAA
5107602005008,BPBHBVBVBjBiBgBQBIA+AtAuAhAVAKARALACAABFBEBMBaBhBdBXBPBOBBA5AiAiARARAOAGAEAD
5107602005009,BLBRBbBfBkBaBbBRBKA8A2AfAaALANAOAFADAABPBOBSBlBgBcBgBQBSBDAxAnAUATALAGAHABAA
5107602005010,BTBTBcBaBeBkBjBbBHA9ApAgAeAOALAHADABABBWBOBWBZBdBoBpBaBKA7AwAYAOARARAFAFAAAB
5107602005011,BRBVBgBkBwB1BpBZBHA7ApAmAZAWARAHAIACAABHBPBXBiBUBRBUBUA+A0AeAtAWASAMAFAFAFAD
5107701001001,BLBYBnBlBVBTBQBEBFA+A8AzAtAlAXAVAHAEACBGBOBgBXBEBLBIA+A4A5AsAzAkAeAaAOAGADAD
5107743001001,BtBYBjBnBPBnBOBNBSBFBKBAAhAXAIAIADAAAABUBqBbBWBOBRBEBHA7BAAzAYARAJADAFACAAAA
5107750001001,BJBQBlBmBSBSBNBNBOA0AuArAvAgAfAIALADAHA9BRBeBiBFBWBQBLBDA6AjAwAeAXAfAPAHAIAB
5107768001001,BfBbBXBtB+B+BlBPBUA5A2AlAaAJAHAFACAAAABVBgBcBZBXBkBVBDA2ArAlAcAXAJAEAAAGACAA
5107776001001,BjBrB6BrBWBdBPBBBFAzAsAxAgAZAOANAEAEABBiBrBuBnBLBIBGA/A3AqAnAiAVANAPAJACAEAC
5107792001001,BYBcB0BfBqBtBsBsBSA8AfAjANAPAIAFADAFACBUBdBwBkBQBMBnBQBDAsAbAWAQAHACAEACACAB
5107800001001,BRBaBkBcBRBXBNBPBLA+BBAuAsAgAXASANACABBMBPBVBQBNBKBNA+BAA2A2AmAoAaAWALAKABAB
5107859001001,BIBkBpBcBNBUBXBRBHBAA9AwAhAbAPAVAFAEACBMBeBqBYBEBRBUBIA+A6A1AhAaANATAJAHABAB
5107875001001,BhBdBYBZCECKB3BiBJA6AmAaAUAHADAAABAAAABmBWBbBWBjBrBkBMA9AtAcASALAFADAAABAAAA
5107883001001,A0BeBrBRBWBnBfBYBYBEAxAwAmAhAXAfAFAAAABnBDBlBPBGBRBSBRA2ArAmAeArARANAFAEAAAA
5107909003001,BVBgBpBeBuBwBuBSBOBBAmAiARAMAOAHAGAAAABQBZBmBfBaBgBXBIBCAxAlAYAZAKADAIABAAAA
5107909003002,BDBHBRBWBoBhBUBUBPBJA5AmAZAQAOAKAHAAAAA5BHBQBaBpBgBfBYBWBGA1AlAVAXARAGAHACAB
5107909003003,BZBmBsBmBWBqBfBaBDA8AgAkAUAKAJAKADAAAABhBgBpBaBgBiBcBPBAAzAlAZAPANAFAHACABAA
5107909003004,BLBMBbBaBpBgBaBNBIBDAyAmAYAPALALABABABBDBLBVBkBuBmBYBPBQBCAyAiAaARANAKAEADAA
5107909003005,BeBZBrBnBgBiBcBQBKA+AvAfAUARAIAIACAAABBWBaBrBkBeBWBcBOBEA2ApAbATALAIAIABABAB
5107925003001,BbBfBrBiBgBmBdBMBKA9AwAhAPANAHACACAAAABZBUBhBhBjBkBdBOBIA+AoAYARARAEAFAIAAAB
5107925003002,BYBdBnBbBiBuBiBXBMBEAyAhARALAHACADAAACBWBbBbBfBiBiBcBHBFA6AvAVAMARAGAEAEACAA
5107925003003,BXBVBeBfBqB0BeBRBKBBA0AgAVAPAIAGACAAABBVBXBWBcBkBoBXBMBGA+AsAcARANAFAHACABAB
5107941001001,BMBZByBnBVBXBeBgBPBJA3ArAdAYALAFADADAABVBQBrBcBUBTBWBRBDA0AsAZAYAMACADADABAA
5107958003001,BUBNBYBhBjBiBeBSBNBBAvAZAWAQAJAJAHABAABLBTBWBhBqBjBeBVBQA7A4AQAYAOANAKAEADAA
5107958003002,BFBHBNBZBvBeBNBGBJBHA9ApAZAXAOAFAGAFAABGA7BKBlBxBgBTBNBSBLAxA3AdAWAQAIAGACAB
5107958003003,BMBJBXBhBtBlBSBGBHBBA0AjAbARAOAKABACAEBHBKBXBeBqBhBWBRBPBAA4AgAdASAOAIAHABAC
5107958003004,BUBdBlBbBiBjBXBOBHA7A0AgAVAdAOAJAFAFACBTBbBfBgBbBdBXBLA/A3ArAeAUASAKAMADAEAB
5108006001001,BOBNBjB4CXChB2BbBNBAA1AlAMANAJACACAAABBCBNBXBbBSBYBGA8BBA7AdAaARAIAFABABACAA
5108055001001,BIBTBpBtBVBFBDBEBKBQBIAoAfAeAiAOAGACAABABIBlBkBKBIBCBHBGBAArAwAnAlARAIAHADAC
5108105001001,BQBNBOBXBXBNBLBJBeBgBPA8AjAwAaASARACAEBCBEBRBNBTBJA4A4A5BDA3AlAcAeAkALAGACAA
5108204001001,A2BOBQBqBIBGBBBHBVBGA1BRA6AZAeASATACAFAzA5BLBIBKBHBKBKBfBHBCAoAnAoAjASAEADAA
5108303001001,BOBmCDBrBjBQBSBZBUBJA6AlAgAMASABAEAAAABOBlBoBgBXBKBVBHA8AxAnAXAOAPAFAGADADAA
5108352001001,BYBaBjBmBXBeBSBRBKBCA2AuAdAkAaALAGADADBABPBgBWBDBVBYBGA0A7AxAqAiAZAQAEAFABAA
5108402005001,BOBOBeBjBfBcBdBXBQA7AqAbAWAJAGAJAFAEAABWBVBYBhBeBpBdBiBWA5AcArASAUAHAIAEACAB
5108402005002,BcBnBmBhBjBgBaBKBFA1AoAeAdAJAKALACACAABYBiBiBhBrBdBYBIA/A3A2AYAXALAPAEAEAAAC
5108402005003,BcBYBXBhBkBmBfBLBCA2AtAgAkALAIABAIACABBRBOBZBhBkBnBhBGBGA4AqAmAeAMALALAJACAB
5108402005004,BRBMBcBfBoBhBcBMA+A3AuAkAbASARAIADACABBNBJBZBlBrBjBbBHBDA4A2AmAZAbARAIAHAGAB
5108402005005,BbBbBnBcBdBjBeBPBCA5ApAlAYANAJAGABAAACBaBXBgBeBmBlBkBQBGA2AkAkAPATAKAEADADAB
5108402005006,BTBaBjBlBbBaBWBRBIA8AsAgAYAQAHAJAIACABBRBQBjBjBjBgBYBaBHA2AuAfAbARAMAEADAFAC
5108402005007,BkBjBnBiBmBYBdBTBIAvAtAcAPAPAPAIADAAAABgBaBnBbBjBkBcBQBCA1ApAaAYANAJAFAAAAAA
5108402005008,BbBPBdBbBiBjBgBQBCA7AmAkAXAMAKAEAGAAABBPBZBbBZBkBsBpBUA/A5AsAkAdAPAPAGAEACAA
5108402005009,BYBlByBfBcBdBjBQBFA5AmAdAOAYALAHACAAABBcBbBoBeBgBeBkBKBCAzAnAaAXAMAOAEAFAAAB
5108402005010,BRBQBVBbBcBfBbBUBDA9AxAjAeARAKAKAGACABBKBNBXBXBlBkBcBXBJA+AwAoAaAZAMAJAKABAA
5108402005011,BSBaBeBkBiBgBaBLA/A3AjAoANAYAHARACAAACBRBZBZBgBnBeBfBOBFA4AyAnAZAWAPAMAAAAAE
5108402005012,BJBKBaBeBcBfBdBQBJA5A1AeAcARAMAGAHAAAABMBSBYBfBhBaBkBWBJBBAxAtAfATAOAMACABAD
5108402005013,BJBMBQBQBnB0BoBOBEA9AnAtAQAPAQAFACABABBWBIBMBPB1B4BrBSBKBAAyAgAXATAKAGAAACAB
5108402005014,BBA8BHBPBhBiBYBUBIA8AzAmAlANAOAIAFADABA5BABHBXBqBuBgBcBTBEBIAmAlAZAQASALACAF
5108402005015,BKBMBQBXBnBdBTBGBGBEA1AuAeAOAJAFABAJADA2BFBMBhBlBjBZBUBMBIBAAqAkAcASAMACAHAA
5108402005016,BLBGBQBfBoBdBbBMBEA9AzAlAiAYAPAHAHAEACA+BGBMBZBnBcBdBSBCBBA6AqAjAWAZANADAFAC
5108402005017,BgBcBkBkBcBXBVBHBHA5AxAsAiAUAWAJAFAAABBXBTBdBfBaBXBQBJBAA0AzAcAYAdAJAMACABAC
5108501001001,BaBeB1BiBQBcBUBOBOBEAyApAVAXAJAKADAAABBWBfBqBaBWBUBTBLBBA5AvAeAWAUAEAKADABAA
5108600001001,BVBfBvBlBiBbBgBKBKA6AoAsAZASAVAHAEACACBTBeBpBmBcBaBVBKA8AwAjAbASAWAIAFACABAB
5108808001001,BDBXBtBfBGBNBJBNBVBLA/AvAnAdAWAVAGAFACBABPBrBgBDBHBKBEBCBEA1ApAjAZASAKAIADAA
5108857001001,BaBgBwBiBeBWBcBOBVA4A4AgAhAgALAMAIAGACBTBUBVBhBSBZBWBFA/AvArAaATASAQAIAFACAA
5108907001001,BlBnB1BdBbBjBgBcBSBHAyArAWAPAJADADADAABkBkBnBYBOBWBYBLA0AwAiAVAMANAEAFABAAAA
5108956001001,BQBeBwBcBWBaBaBdBYBKA2AmAiAUAXAIADACABBNBQBjBbBPBUBOBNA8AyAnAgAZAVANAHADABAA
5200050001001,BKBNBdBjBVBbBQBMBGBBAwAqAYAYAOAMADADABBJBYBhBaBaBWBZBOBIA8AyAzAjAWAQALAHADAB
5200100001001,BCBPBgBfBZBTBcBQBLBDA0AqAkAZAcANAGACABBDBMBaBhBXBQBQBRBGA9AtAoAiAcAZAKACABAB
5200134001001,BJBZBdBWBYBcBWBQBPBDA1AoAbAdARAMAEAGACBFBQBbBUBYBUBVBRBKA+AyAmAeAZAQAJAGADAC
5200159001001,BHBLBOBKBSBVBNBJBSBGA6A5AkAjAgARARADAIA4BABNBfBXBKBFBKBOBGBAAmAvAhATAOAFAFAD
5200175001001,BRBZBrBjBVBcBPBTBJBJA/AuAkAeARAPAGABAABMBZBdBNBJBQBRBBBIA0ApAsAgARANALAGAGAB
5200209001001,BDA5BZBaBTA8BGBKBIBUBAAzBIAlAfAVALAIAAAvA4BVBPBIBMBHBXBEBGAxA5AsAyAiAIADACAC
5200258003001,BuBwBpBdBaBoBlBZBCAwAgAQASAMABAAAAAAAABnBvBzBgBgByBnBZBAAuAbANAGAKABAFAFAAAA
5200258003002,BlBiBgBiBoBqBeBTBEA2AkAUAOAKAFABAFAAACBZBbBpBkBwBpBhBPBFA4AmAQAVALAIAFAAAAAA
5200258003003,BiBuB2BkBbBgBjBQBLAtAiAVARAJAHAFAGAAAABXBhB2BnBaBeBsBaBEApAYAbASAJAIABADABAB
5200258003004,BoBtBvBhBhBkBVBdBBAyAfAWAPAEAMAEABAAAABmBmByBnBeBjBfBUBIAyAbAXASAJADAGAAAAAA
5200258003005,BqB0B5BiBVBaBdBRBFAxAgAbAWAKAEACAEACAABjBxBzBhBbBeBhBTA+AvAcAZAMAKAFAFADABAC
5200258003006,BqB2BzBkBgBXBaBWBIAwAhARARAJAFACABAAAABqBtB0BhBcBfBfBVBJAxAZAVAOAIAGAGABABAA
5200258003007,BfBnByBiBbBgBeBZBMAtAjAUAQAKAFAEACABAABbBnByBmBjBmBgBeBHAvAfAVARAIAEADABACAA
5200308001001,BTBdBoBbBPBTBVBMBGA5AsAqAfAbAWALAEAFADBNBXBiBXBPBSBaBNBDA4ApAvApAVAWAFAJACAD
5200506001001,AuA3BXBMBIBIBQBNBOBDBAA7A2A4AhAXAMAEAGBAAvBOBLA3A7BHBdBOBFAxBAAuAmAjAdAVAEAE
5200555001001,BLBMBbBxBdBhBVBUBRBHAkAyAhAMARAQAGAIAABIBRBaBWBjBWBSBfBDAtAlAhAiARAPAGAHAEAB
5200605001001,BVBXBjBZBeBZBfA+A8A3A6AmAbATARAHAEADADBWBkBrBZBeBfBeBAA6A3AuAmAcAQATAPADADAB
5200803001001,BZBhBsBdBYBXBVBHBBA8AuAhAmAUANAOAEAEACBMBiBmBVBUBcBTBCA/A7A0AeAeARAiALACAAAB
5200829001001,BABZBlBZBQBPA+BMBPBRBOBBAiAgAbAUAKAEAAA7BSBWBMBJBTA+A6BNBPA7AwAiAXATAGADADAD
5200852001001,BDBNBZBTBaBRBbBTBLA+A0A5AZAnAZAUAKAHAGAxBLBbBMBRBMBWBKBCBBAtBBAkAZAVASAJACAD
5200902001001,AzBGBcBIBJAxA5BLBVBcBaAuAvAhAhAdANAGADA1A5BUBRA3A7BRBUBVA/BEA0A3AvAfAJANAFAB
5201108005001,BOBTBgBZBZBWBQBUBKA7AyAlAiARATAJADADABBHBMBWBXBYBTBaBTBMBCA/AlAgAaAWAMAEAEAC
5201108005002,BXBfBmBaBdBaBeBPBGA2AzAYAcANALAJAEACABBdBYBnBWBZBgBdBRBIA7ArAiAaAQAPADACACAA
5201108005003,BaBdBlBhBjBcBVBJA7A7ArAkAZASAOAEADABABBSBVBfBfBeBaBXBOBJBCA2AjAYARANAIAHADAC
5201108005004,BTBXBbBUBiBlBbBSBJA8A1AeAZAOALAIAGAAACBRBQBbBXBlBeBXBTBMA5A5AhAYASAOAIADAEAC
5201108005005,BRBYBnBaBaBbBeBPBCA4AyAfAXARAOADAEAEABBTBXBmBfBdBaBbBPBHA9A6AcAcAUALAGAGADAD
5201108005006,A+BHBYBWBdBWBUBHBCBEAzAsAiAYAMALAHAEAAA7A/BJBQBdBcBXBRBTBMA5A6AkAgAeAOAJAJAG
5201108005007,A8A+BPBRBbBRBKBGBEA/AzAwAkAYAZANAMAFACA3BABJBRBcBSBOBKBOBNA+A+AuAsAcAbAZAGAC
5201108005008,BBBEBUBZBeBRBPBJBFBGAuAwAgATAQAKAJADAAA+BABVBaBdBYBUBYBRBLA/AwAqAbAYAMANACAD
5201108005009,BGBDBTBcBoBWBPBHBKBCAzAnAgAWAOAJADADABA/BABHBYBmBYBTBWBWBIA9A1AnAiAYAMAEACAE
5201108005010,A3A9BMBWBXBUBHBEBJBDA5AvAoARAaAHANADAEAzA8BLBTBaBbBdBTBRBPBCA5ArAlAdANAOAJAC
5201108005011,BHBNBVBbBeBXBWBHBGA/A0ApAdAWAPALADADAAA/BLBWBVBcBbBYBSBPBFA+AsApAVAVAQAFAEAC
5201108005012,BZBdBoBSBbBUBXBPBJA6AvA3AiAbAWAEANABAABTBWBhBPBRBWBTBJBCA1AvAoAfASAKANAFAEAA
5201207001001,A3BIBTBPBSBWBXA/BdBGBAAsAqAcAuAKAEADAABIBCBSBOAzBJBKBSBEBBBPA0BBAtALAKANAAAF
5201306001001,BDBHBUBWBhBaBWBXBPBIA/AoAnAbAQAOAGACABA9BCBMBZBRBRBQBQBLBEA3AsAhAbAVAPAKAJAB
5201405005001,BSBdBhBeBgBoBjBRBGAyArAZAWAQAFAKABAAABBXBYBdBfBhBqBjBUBFA4AsAfAPAUAQAGADACAB
5201405005002,BaBdBcBdB9CJB4BUBDAzAiAiASAMAMAGACACABBWBbBcBXBcBfBYBHA9AxAnAYAVAKAGAJAFAAAA
5201405005003,BZBdBoBiBqBrBbBLA8AwAnAcAVAUAFAEACACABBUBWBfBmBmBiBcBLBBA3ArAlAUAPASALAIAAAC
5201405005004,BhBrBzBpBjBgBVBNBAArAgAdAVAIAHAGAFABAABhBlByBlBgBhBbBKBAA1AnAbASAPAHAFAEABAA
5201405005005,BaBfBlBjBnBmBhBWBHAzAgAeATANAHAHACACAABUBaBhBZBhBpBmBWBJA0AoAaAXAJAIAFADADAB
5201405005006,BFA9BFBTBoByBgBMA/A2AyAhAXAUAHAGAGACAABGA8BIBWByB+BqBTBLBGA9AxAeAXARAKAGAEAB
5201405005007,BXBRBZBbBlBoBlBTBGA3AoAdAQAPAJADABAAACBSBSBXBbBnBtBmBdBMA6A5AYAaANANACADABAB
5201405005008,BRBPBUBdBhBgBiBXBFA9A0AYATAPAMAEAEACAABKBMBaBbBfBrBoBVBLBAAsAsAaAXANAFAIAAAB
5201405005009,BRBTBaBaBnBnBfBPBGA5AnAnAaALAGAFABAEAABRBQBUBfBqBnBiBTBMBAAwAkAUANANAGAFAEAC
5201405005010,BXBmBrBmBoBhBWBFBDAyAnAcAOARAJAEAIABADBZBfBnBjBjBiBXBMBGA9AtAcATARAJAMAAADAA
5201405005011,BTBZBjBbBgBiBiBSBGAzApAeASAKAOAKAGAAACBRBbBfBdBhBlBkBQBIA4A2AbAjALAMAIABACAA
5201405005012,BMBKBXBgBiBgBXBMBJBAApAtAYANAJAIAGABAABJBJBZBgBfBeBdBYBRBKA4AqAbAVAJAKAEACAB
5201405005013,BMBOBUBYBgBgBbBXBJA+AuAfAUARAEAGAEAAABBKBLBWBfBmBoBkBgBLBFAwAsAgAPANAHADAAAC
5201454001001,AyBbBMBkBkBKBNBeBRA2AxArAtAXAiAQAIAEAEBJBMBNBcBNBTBLBSBPA7AzArAnAVAhALAFAAAC
5201504001001,BaBNBJBVBeBqBIBMBPBGA+A0AhAiAYAMAJAHABBUBJBUBRBQBQBQBOBLA/A0AhAbAYATAGABAEAB
5201603001001,AwBEBcBZBWBFA9BPBJBIA5A5AvAfAlANATAFACAvA7BSBXA5A8BXBTBRBFA7A2A2AfAiAeANAFAD
5201702001001,BGBMBXBdBdBaBZBOBEA/AwAvAeAaAPAOAJAFADBGBKBUBbBVBbBYBRBLA9A1AqAfAaAPANAIADAE
5201801001001,BNBPBjBbBOBRBRBMBIBBA+AnApAfAaAKAHAHAABGBQBQBVBTBNBOBRBGA9A+AvAjAZAYANAFAEAB
5202155001001,BGBTBbBWBLBSBZBQBNA/A5AyAuAbAYANAJAEAABBBKBQBJBPBZBQBVBOBAA2AtAeAcATAOAHAEAE
5202353001001,AzBGBIBSBHA4BEBRBZBLBEAyBAAwAaAUAUAHAEBBA/BNBDBBBGBPBYBSBDBJA0AsAgAVAPAMAFAA
5202502001001,BTBqBkBWBMBiBTBRBHA+A2AzAcAXASAMAHAFACBJBaBgBUBRBfBYBJBCA1AnAuAWASAQAEAGAEAB
5202601001001,AxA8BGBTBVA5BIBGA8BUBDA6AxAuAgAZAbAHAHApA6A8BbBHA7BGBBBPBQBbAqBAAqAiAaARADAA
5202809001001,A/BGBKBSBPBPBCBSBOA9BEBBAgA1AWAVAJABAABABFBSBOBIBKBSBXBKA7A7A8AqAjAcASAHADAB
5203104001001,A9BQBoBWBRBBBQBTBZBVBGA+A4AkAjATAHACAAA9A5BgBZBDA4BIBQBHA+A+ArAiAYAPAGADAAAA
5203203001001,BFBXBgBZBjBaBdBTBLA+A3AmAjAYAQANAHADABBLBUBgBZBMBdBZBOBAA4AtApAYAXAQAKAFAAAC
5203302001001,BFBOBWBWBdBRBbBMBNBKAyAyAgAdAXASAIAFABBCBIBOBUBRBWBSBMBNBBA4AqAfAkAVAPADADAB
5203401001001,BBBIBTBVBGBMBLBUBMBHAyBAA2AgAYAQAQABAHBBBMBVBSA/BHBVBNBMBBBDAvAuAYAPARAJABAH
5203500001001,BSBSBXBYBqBhBbBOBMBBA2ArAoAQAOALAIAAAABRBQBUBWBVBRBVBRBJA6AuAmAYAXAPANAFACAC
5203559001001,BOBYBkBaBYBUBWBGBDA9AwAsAdAbANANAMAAAEBJBXBeBTBNBXBbBKBIA9A4AnAkAbASAJAIAGAA
5203575001001,BDBdBnBmBPBRBVBRBFA7A1AuApAkARAYACAGAEBGBjBqBZBHBPBYBBBCA3AvAyARARAPAJABAFAC
5203609001001,A5BIBjBZBaBKBOBRBUBCA5AtAzAWAQATAPAAAEA3A8BdBUBMBGBPBIBXA8BDAsA4ATAiARADACAD
5203807001001,BBBSBgBXBTBGBWBWBJA9A5A5AqAcAOATAGAEADA+BOBcBMBKBRBWBDBNBCA9AxAiAhAZALACAEAC
5203906001001,BBBHBXBOBQBGBDBSBQA+AuA7ApAyAXAYAGAIAEBEA/BMBLBIBFBLBOBRBDA8AsA3AfAmAYANAJAD
5203939001001,A7BJBbBXBJBHBbBNBQBNBEAxAiAmAbARAPAFAAAqBCBGBOBJBUBCBNBaBUAvA6AoAiASAXAGAHAG
5203962001001,BLBaBkBgBmBiBPBDA8BHA1ApAdAfARAIACAGAEBRBbBeBpBPBLBNBAA7A3AuAmAfAbASANALAGAE
5204003001001,BMBgBrBhBbBZBUBJBIA2A3AoAhAZAPAJAFABADBRBWBoBcBcBRBPBKA7A3AtAmAdARAUAJAIAAAC
5204102001001,BOBQBQBOBrB4BaBZBOA8A8AtAdAmAeAOAIAFABBDBABHBKBPBUBMBIBDA7A1AiAgAgAPANAMACAE
5204201001001,BCBLBoBCBnBJBLA4BQBMBRAbAqAeAhAXAMALAAAzBHBVBUBIBHBJBcBABBAjBBA8AiAeABAJAAAI
5204250001001,BCBMBWBTBQBJBIBMBOBFA7AwAtAkAcAWAJAEABA9BJBTBUBOBNBIBRBKBMA6AsAmAfAcAOAKADAE
5204300001001,BCBGBRBUBcBbBZBYBRBEA9AwAsAkAbATAHAEAEA+A7BNBQBNBNBQBQBFA+A8AnAfAhAdALAJADAB
5204409001001,A+BHBQBcBSBIBMBRBNBHA/A5AuAiAXAPAKAFACA8A/BVBTBNBLBPBOBLBIA8AvAtAdAVAOAJAFAC
5204508003001,BGBTBdBUBTBXBbBUBMBCAzAzApAaAjARAFAAAABFBLBXBPBLBVBTBNBIA3A0AsArAZAQALAEADAA
5204508003002,BMBUBhBgBkBXBaBUBHA8AyAbAgAUAMAFAEADAABSBQBdBZBdBfBhBRBMA9A2AdAQAWASAHADADAD
5204508003003,A9BFBQBUBWBdBPBIBFBABEAeAhAfAZALALAAADA8A+BNBOBbBgBZBSBRBGBAAvArAkATAUAMACAD
5204508003004,BRBXBpBWBaBZBaBUBJA5AhApAYAVANAGABABABBQBUBiBfBfBgBkBdBIA4AyAeAbANANAIAEADAA
5204557001001,A7BIBYBTBMBZBbBPBIBBA5AxAxAbAZATAIACAFA6BPBXBPBPBYBUBOA6A7BKAzAzAZATAIAHAAAA
5204607001001,BJBQBjBkBeBMBVBGBMBHA4AtAjAsAOALAOAEACA3BGBcBYBNBJBOBQBQA+A3AfAfAhARATAIADAA
5204656001001,BDBPBmBgBHBEBVBbBJBIAuBAAqAuAbAQANABAABDBJBdBFBDBPBTBLBFA9A1AzAiATAUAIASAAAB
5204706001001,BIBbBhBZBZBWBcBSBGA2A7ApAiAVAOAQAKAEAEBHBLBXBRBWBeBSBOBHA3A5AmAcAYASAMAJAHAB
5204805001001,BdBPBZBRBKBXBdBgBGBHAuAzAgAaAUAGAHAEACBYBWBVBRBJBfBcBMA9A+AsAvAdAUAMAMAIADAA
5204854001001,BiBTBqBeBaBNBYBNBHA9AwAjAkAXAQAJAFADACBYBXBiBhBNBYBPBPBEA5AqAmAdATAOAHALABAD
5204904001001,BUBcBjBgBZBiBQBHA7A0AwAjAWAXATAJAFAHACBRBbBiBnBeBfBaBMBAA1AyAZAdAWAQANAEACAB
5204953001001,BFBJBfBpBQBJBABMBHBMA9A7AnAdAZANAJAEADBDBIBjBcBLBCBFBGBPBFA4AyAmAiAYAEAGABAD
5205000001001,A9BLBWBaBSBQBWBRBNBAA/AuAmAhAXATAHAEACA/BOBRBQBHBLBUBTBDBDA6A2AjAmAWALAKABAC
5205059001001,BLBHBOBcBXBdBZBSBSA+A9AtAkAhAdASANAFAEBBBQBOBOBHBOBSBBBLBFAuA5AnAQAVAGARADAB
5205109003001,BDBOBVBXBdBaBWBVBPBLA4A4ApAYARAMAHAHABBIBHBPBRBTBXBVBRBGA8A/AgAbAZARALAEAAAC
5205109003002,BGBGBOBdBsBfBcBNBHBJA1AuAhAUAPADAFADAABBBGBKBSBiBbBaBOBQBGArA7AbAYAWALAGADAB
5205109003003,BIBKBSBVBlBtBjBPBGA7AtAsAkAJAPAFAIAAAABIBRBMBVBgBmBcBTBIA/A2ArAiAQANAOAEACAE
5205109003004,BDBBBIBMBiBfBeBPBIBCA7AwAlAVARALAEAGADBAA+BFBMBbBmBYBQBPBEA0A4AoAaAYARALAGAB
5205208001001,BLBDBWBdBRBSBWBVBPBOBBApAfAeAaALAGACABBPBLBQBLBUBHBQBIBLBGA7AxAmAdAXALAFABAB
5205307001001,BhBuB+BuBNBIBBBCA8A4A4AmAfAhAPAQANAGAABgBsB7BlBKBEBCA+A3ArApAlAUAWARAMAEAEAC
5205406001001,A6BEBVBZBSBMBOBLBMBHBAArAdAlAUAMAHAFAEA0BBBPBZBSBSBPBVBRBOA+A7AnAdAeAKALAHAE
5205455001001,BJBMBgBfBWBUBXBWBJBCA3AoAoAaAWALAJABABA7A8BdBWBTBUBdBOBSBEAsAsAqATARALAGAEAC
5205471001001,BdBVBeBeBsB7BwBdBPA7AlAfARAIAFAFADACAABhBeBXBbBwBrBbBVA+AzAbASANAIACADAEABAA
5205497003001,BpBxBxBjBcBbBeBVBEAuAgAWAOAMANAFABABABBmBsBvBcBYBnBpBXA8AtAbAXAMAOAIAGABABAB
5205497003002,BLBZBgBaBdBhBWBIBBAzA0AfAYANAJAEADACABBRBPBcBgBkBsBdBRBLBFA8ArAbAOAOAHAEACAB
5205513001001,BPBeBuBcBbBXBfBNBCA2AuAoAfAbANANAIACABBQBXBgBYBVBZBSBKBBA2AwAoAYAaAMANAFACAB
5205521001001,BTBiBsBtBKBEBKA6BFA9AwA6AlAfAkAQANAAADBWBbBnBXBCBOBRBFA7A2AuAyAWAhAOANABAAAC
5205703001001,A1BZBUBXBEA8BEBWBOBIBBA1AdAwAsASAHADAEA3BOBMBEBDBEBUBTBRA7BAA+A1ArAZALACADAA
5205802001001,BKBRBhBUBQBXBXBUBMA6AzAwAmAtARAVAGAFAFBMBTBYBLBMBMBTBDA9A3AxAzAhAaAUAQAMAFAC
5205901001001,BKBFBVBfBPBPBNBYBNBIA8AzAtAmAeAPAIACABA9BJBKBUBOBQBKBKBNBBAsA4AmAaAYANAIAFAA
5206206003001,BoBmBvBfBjBlBjBPBFA6ArAgATARAPADABACABBiBeBnBhBdBbBXBGA8AyAkAbAUAOAEADADAAAA
5206206003002,BNBdBuBfBaBZBYBPBCA5AxAmAZAYAMAMAEADACBOBdBiBaBTBaBXBQBCA6AxAkAaATALAMAGAGAC
5206305001001,BLBTBGBXBLBGBKBXBXBCA+AzAiAkAiAQAGALADBAA3BXBSA+BTBFBIBKA+A0A+AoAyAjAVAAACAD
5206404001001,BDBQBhBYBRBXBZBSBXBHA5AuApAfAVALAJABADBBBIBTBWBOBXBUBOBLA+AvAnAcAbATALAHAGAB
5206503001001,A3BKBABQBKA6BSBPBJBLA6A6AsAvAjARAXAFAIA/BEBQBQBEBFBFBTBJBGBBA1AxAhAbAVAJAJAC
5206602001001,A6A9BMBZA9BBBOBOBUBOBHA2A5AuAhAKAPAIABA1BBBWBKA5BKBGBHBCBLAzAuA1A+AlARAIAKAE
5206701001001,BGBcBXBOBRBhBTBLBDBCA5AuAvAeAjALAMACACBDBMBUBbBFBcBLBGBAA1A3A1AfAeASAVAMAAAA
5206800001001,A7BMBNBWBSBXBCBPBNBQBPAsAqApATAJAEAAAAA5BABKBVBIBJBFBHBiBQA9BDAnAgALAVAKAFAF
5206909001001,AzBEBUBJBCBMBYBHBOBSA+BVA7AxAhAXAEAAAABRA8BGA+A4BHBJBUBIA8BCBAAtAXAiARAHACAA
5207105001001,AyBHBEBgA/BPA+BRBfBABMA1AlA5AbAaAHAIAABDA9BQBNBJBFBHBUBNBNAxA3AoAjAfAMAOAFAE
5207253001001,A/BIBqBZBMBGBYBQBTBLBAAzAjAoAfATAKAEABA6BKBVBWBEBNBWBcBEA5A0AtAlAjANAEABABAH
5207352001001,A5BLBfBKBIA9BTBOBRBNBCA4AsAjAjAQAUAHACA5BMBRBKBCBKBKBNBGA/A+AzA1AfAbAPAKAAAE
5207402001001,A+BIBfBYBOBVBYBVBTBIBCAkAfAiAWASAHABADA/BNBSBYBFBNBgBUBKA/A2ApAaAiAOAQALAEAC
5207501001001,BCBLBUBoBkBOBEBFBQBJBFAsAkAcAkAOAHAEAAA0A6BiBUBMBCBFBXBIBFA6AxAzAdAYAOAGACAA
5207535001001,A8BIBlBOBBA9BSBcBXBIBIAzA6AmAXAQAKAGADA4BOBYBEA9BIBVBUBFBBA9AzAkAdAaANAFADAC
5207600001001,A1BIBSBYBBA9BGBSBaBNBBA8BAAfAfAXALACACA2A6BMBTA/BDBIBOBMBLA2BBAsApAXAYAOABAE
5207808001001,A7A+BNBOBLBIBMBPBLBGA9AwA6AeAdATAJAFADAzA6BJBUBLBIBNBYBMBJBGA3AyAwAiAXADAFAB
5207907001001,BVBqBtBfBcBkBTBMBPBIA/ArAuAXAQALAEAAAABIBbBmBUBKBbBHA8A8A6ApAkAaAOALADACAAAC
5208004003001,BMBgBlBnBnBjBaBOA/A1AlAbAOAWAMAIAEAAADBIBaBkBlBhBhBgBPBIA5AlAkAXAWAQAJADACAC
5208004003002,BjBwBvBiBgBhBaBNA8A2AlAZAQAJACAIAFACAABQBpBvBeBiBpBhBOA/AxAcAfAZAKALALAEACAC
5208004003003,BRBgBhBgBkBiBXBHA9A0AvAcAYAPAKAIAFAEABBRBdBfBiBlBlBeBLBBA5AtAhAXAXALAMAGACAC
5208004003004,BKBfBlBcBVBWBbBMBJA9A5AqAnAaAXAMALABABBWBTBfBZBSBPBTBFBAA3A0AhAcAZAPAJACAEAC
5208004003005,BNBSBZBeBmBiBYBJBCA7AnApAXASAPAEACAFACBMBQBZBdBnBkBeBUBLA+AsAqAeARASAJAFACAA
5208103001001,A9BRBYBWBEBJBGBKBMBUA+ArArAjAdAWAIAFAFA9BLBSBYA/BHBNBMBIBSAxA/AfAhAeAOAOABAE
5208152001001,BLBbBXBSBJBHBdBMBJBOBBAyAvAdAXAOAOALABBGBcBjBBBDBEBXBSBCA4ApA8AdAfARALAIABAA
5208301001001,BYBgBhBoBTBOBcBHA/BAA4AmArAPAbAPAJAFACBHBeBgBNBEBbBHBGA/A0A1AjAqARAaANAMAEAC
5208400001001,BMBUBhBbBZBVBcBMBLBFAtAtAdAeAMARAKABAABOBVBbBZBVBZBQBJBEA5A1ApAhAYANAKAGADAC
5208509001001,A7BPBEBQBKBRBIBPBBBNA0A9AwAlAcATAMAHABA3BDBTBFBKBOBJBBBHBKA6A1A3AqAmAaAJAGAD
5208608003001,BVBPBmBgBgBiBWBOBMBBAxAjAmARASALAGAAABBIBOBdBbBcBRBUBOBGA5AwAjATAgASAHAHAAAB
5208608003002,BMBPBTBdBlBdBXBQBMA8A0AoAeARAOAPAJAFAABEBMBYBaBcBTBSBQBLA9AzArAjAWARANAGAEAD
5208608003003,BHBLBTBVBdBiBZBOBIBBA0AlAdAZATALAHADADBABGBUBUBbBTBVBSBNBDA3AtAnAXAWAQALAFAD
5208707005001,AyA7BFBTBoBiBNBCBAA9AvA0AhAaAUAQABACACA8A4BEBUBtBqBWBPBRBPBGA4AlAiAcAPAQAEAD
5208707005002,A6BBBIBUBjBgBQBGBDA/AtAsAeAgAPALAHACABBBA8BIBTBlBkBaBMBPBLA/A0AqAYAcAVAPAIAE
5208707005003,BEA+A/BQBmByBdBGA8A4AtAzAYANAUAHAHACAABCA9BEBQByB2BiBRBMBDBCAwAjAiAWAMAKAEAA
5208707005004,A1A4A8BMBuBqBRBBA8A7AoA3AhAMAVAcAAACAEAzA3A+BVB1B0BfBNBMBNA5A+AtAjAYAXAFAOAC
5208707005005,ArAwAwBWCTB5BUA/A5A2AwApAVAbAQANAIADAAAoAnAwBmCqB6BZA+BCBJBJA0AkAhAYAaAIADAI
5208707005006,AiAhAqBIBvBnBIA3AvA7AzA5AvAWAXAOARAMAAAdAiAvBUCEBwBWBEBHBRBYBGA5AxAtAiAbAKAD
5208707005007,A3AsA4BPBpBlBQA7A8A6A6AuAdAXAdAUAGAGABAxAtA6BOBvBnBWBMBKBNBCBFA3AtAiAeANAJAD
5208707005008,A/BGBMBPBeBlBZBFA/A+AsAuAoAYAJALAGAHAABABFBLBPBgBvBhBPBHBDA4BEAgAhAQAQAJACAD
5208707005009,A2BGBaBXBmBlBeBSA1BJA5AnAdAQAIAEACACABBCBCBBBNBVB/BjBEBQBaBJAuArASAJAJAJACAC
5208707005010,A/BCBTBSBfBgBaBLBEA5ApA3AkATAFARAEABADA8BBBJBYBhBlBcBOBPBFBEA1AoAVAaAWAIAAAB
5208707005011,BQBSBZBaBkBtBcBNBEA6AwAfARAOAIAJADAFAABKBNBaBcBhBrBjBPBLBBAsAtAZAaAKADALAAAA
5208707005012,A/BFBOBYBfBeBZBKBGA8AsAqAdAUAaAOADABAABEBCBUBTBmBkBYBPBQBGA+ApAtAVAWANAJADAD
5208707005013,BBBKBZBaBlBpBaBRBLA/AkAvAZAVANAIAEACACBCBKBTBZBkBmBfBVBLBEAzAqAfAPARAFAIAGAA
5208707005014,BMBPBXBcBmBkBaBVBEA4AqAqAWATAKAMAFAAABBIBLBQBcBlBmBgBXBGA9A2ApAkARAGAJAKACAA
5208707005015,BTBLBYBaBfBpBhBWBHA2ArAjAXAQAMAEAEACABBEBQBXBYBiBoBmBRBKA8AzArAhAPAMANAHAAAB
5208707005016,BYBaBsBcBYBhBqBkBMA0AjAVAVAOAFAAAAAAAABRBaBhBcBdBqBwBgBIAzAkAeAUAKALAEAFAAAA
5208707005017,BTBRBcBZBpBjBjBQBDA3AwAbAcAKAJAGADABABBMBPBbBfBnBnBfBRBHBCA5AeAaAVAJAHADAFAA
5208707005018,BSBZBrBnBlBYBYBSBJA1AkAkATAOAIAGABADABBQBXBiBqBiBaBcBVBMA7AwAfAWAQAHAKAEABAA
5208707005019,BHBHBUBUBjBlBcBNBEA7AyAoAXAXALAJACACAEBKBGBQBYBnBpBeBVBHBFA+ApAeAaAUAIAAACAC
5208707005020,BOBSBVBhBkBiBcBRBHA6ArAdAXAKALAEAGAAACBOBSBdBhBmBiBkBUBLBAAuAmAaASASACAGAAAC
5208707005021,BEBEBOBUBhBeBUBKBHBHA5AtAqAPAPAJABABAAA7A9BLBSBhBhBcBUBUBNA5A3AmAYASAOAMABAA
5208707005022,BEBBBOBTBkBkBZBMBHA/ApAsAhAVAIACAEACACBFA/BPBaBoBnBfBaBRBGA3A4AlARAPAUAEAAAA
5208707005023,BFBHBPBWBcBgBjBUBRA8ArAyARAZAQAHABAAAAA+BFBOBVBlBhBmBbBOBBBEAnAWAeASAQAEAAAA
5208707005024,BRBPBTBZBcBnBnBZBKA2AzAfAcAMAEACAIADAABUBSBYBVBdBwBrBXBNA6AuAoAWAMAOABACACAD
5208707005025,BOBEBQBVBoBoBdBRBKA+AvAoAUAUAMAEADADAABJBFBOBdBkBkBjBZBLBEA6AlAgAWAPAIADAAAC
5208707005026,BGBIBVBdBjBgBcBRBKA7A5AXAYAXADAIADAHACBFBFBSBeBmBjBfBYBUBEA6AlAdAOAXALABAHAB
5208707005027,BLBSBZBYBhBhBkBTBFA3AxAgAYAWALACAEAAACBJBNBYBVBeBkBiBTBMA/A7AmAZAUAMAKAFAJAC
5208707005028,BhBtBvBWBRBcBdBOA7AvAqAbARAIAKAEADABAABZBjBtBUBTBnBuBUBCA4A0AeAgASAKAFAEACAA
5208707005029,A9A1BBBMBgBkBbBDA9A8AnA4AjAbAQACAGAAABAzA4BFBMBjBzBiBRBUBRA/BCAuAhAlANAOAEAE
5208707005030,A2A+BKBTBfBjBTBFBCBAA3AtAyAPAOAKAGACAAA9A6BGBUBrBnBfBMBVBIBBA5AgAfAXAPANADAF
5208707005031,A/BCBJBTBbBVBNBKBJBDBBAjAsAMAVADANACABA5BCBKBQBbBZBcBXBZBLA8A+A2AbATAMAHAGAE
5208707005032,BJBJBRBMBcBeBdBSBHBCA4AoAbAPAGASAAAEAABCBCBLBRBlBpBhBVBRBJA1A5AdAfAPANACADAA
5208707005033,BOBFBUBSBXBjBqBVBNBAAtAqAaAMAJAFADAAAABDBFBNBSBhByBvBbBSBEA3ArAZASANAKAAACAC
5208707005034,BQBUBeBaBaBeBnBbBIA8AlAgAPARAMAIADABACBSBVBZBXBeBkBpBaBLA9AwAiAcAOAKAFAFACAB
5208707005035,BUBhBpBiBcBhBdBSBDA1AlAfAQANAOAJAAACABBSBZBnBhBeBhBlBWBHA6AuAcAaAKAKAHAEACAB
5208707005036,AeAlArA+BTBXBDA1AyA+BDA9A4AlAbATAVAIACAjAjAwBBBqBqBVBJBIBbBaBSBJAsAkAcAfARAK
5208707005037,AnApAwBOBZBVBSBBA8A7A9AmAmAsAjAIALAIADAqApAxBUBvBoBhBTBNBNBOBBA4AuAjAWAJAMAV
5208707005038,A1AxA2BNBmBqBZBFA/A8AqA5AfAZATAXAMACAAA3AuA2BPByBvBkBOBIBLA/A7AzAoAfAVAOABAC
5208707005039,A7A1A8BRBwBmBlBHBAA6AuAqAXAKAaANAHAAAAA1A1A8BVB9B6BlBLBNBHA9AxA1AlAiAKACAAAF
5208707005040,A2AvA6BQBiBeBfBKA/A/A+AmAaAXAVAKACAEAAAuAyA7BWBvBzBrBYBRBTBGA1A1AdAWARAMADAE
5208707005041,ApAuA1BcBmBUBHA8BBBCBBAtAqARAXARADACACAnAoA1BsB3BrBYBWBUBZBPA/A0AqAQAUAJADAE
5208707005042,BDA+BFBOBkBqBkBPBHA5AxAlAUAcAMAIAGACABBCA5BCBRBoB2BuBWBNBGA7AwAoAWAVAFAJAFAC
5208707005043,AzA4A8BKBpBjBVBEBAA7A9AkAsAUAYAIAFACABA0AyBBBPBqBvBmBVBOBMA6BEAqAjAkAPALAFAE
5208806003001,BNBSBcBXBhBbBbBOBEA8AuApAXAVAUALAEACAEBABRBgBXBXBYBgBOBDBDA8AiAjAcANAFAGAGAG
5208806003002,BdBeBoBVBaBuBsBQA/A4AmAeATAUAQAFABABAABMBXBiBdBdBwBqBNBDAyAqAcAcAEANAGAFACAA
5208905003001,A7BKBWBTBFBKBOBNBQBHA8A7AxAfAPAcAJADAAA1BBBJBNBDBQBRBLBPBMBEAwAxAeAmAQAOAIAA
5208905003002,A6BLBXBPBLBRBHBLBNBEAzA4AqAfAUAWAHAFAAA7BGBXBSBUBOBWBNBSBGBHAqAaAoAhAVACAJAC
5209101003001,BABJBNBOBGBPBQBTBCBNBEAsAkAjAUAVAQAFAFA+BFBHBMBJBNBUBMBKBMBEA1AiAwAZATALAHAD
5209101003002,BLBRBWBbBUBXBSBQBHA7A1ArAfAjAUAPAHABAABCBKBRBVBOBTBUBOBNBCA0A0AiAdAcASAJADAB
5209150001001,BPBIBMBVBVBaBVBPBWA4A6AyAwAlAWATAIACABBMBOBUBLBIBOBcBKBGBCA9AiAZAWATAPAPABAB
5209200001001,BDBOBjBaBJBSBUBOBIA8AwA3AgAdAWAQAHAEABBHBNBeBeBLBKBUBWBHA7A8AuAtAcAPAOAFADAB
5209291001001,A2BHA/BZBEA4A7BaBoBVBGAxAxAjAdALAMABAEA0BGBWBOBFA4BMBUBeBSA/A4ArAiAiALAEAHAC
5209408001001,BPBWBkBtBbBcBLBHA5A/A8A8AoAlAXATAGAGAABFBPBiBUBABOBFA/A3A5A2AtAgAZARAMAMABAH
5209457001001,A3BOBVBKBGA8BPBGBiBdBDA6AtAyAmAaAPACACA3BBBJBKA6BMBIBABRBAA9A1AyA0AMAQAHAAAB
5209606001001,BEBKBcBcBSBNBOBGBKBIBIAkAqAhAaASAOACACBBBEBWBVBNBQBABCBOBIA4AwAlApAgAFAGAEAF
5209705001001,BKBUBfBUBfBaBYBOBBA+A4ArAmAYAaANAHACADBCBUBXBVBRBWBYBMBAA8AuAwAlAcAQAJAFADAD
5209804001001,A5BABTBhBJBBBMBGBJBPBFA6AtAqAdASAKAFABA6BBBZBSBEA9BFBUBTBAA+AyA0AZAeAaAKAJAA
5209903001001,BlBwBqBiBVBbBQBFA7A1A0AjAfAVANAJAIADAABgBjBlBlBUBWBPBCA3AxArAgAdANASAJAJACAC
5209937001001,BGBUBXBUBcBaBWBJBGBHA0AoAoAiAQAQAOADACBOBQBXBQBUBNBQBIBXA/AtAqAbAjATAHAIACAC
5209952001001,BMBIBkBhBUBSBVBjBOBEAwAmAeAZAXASAHABACBGBQBiBTBZBMBdBLBUA7AoAmAbARARAHAHACAC
5210000003001,A3BABRBVBdBVBMBHBGBBBAArAtAiAXALAHAEACA2BBBPBSBUBTBSBNBLBGBFA4AsAaAYAdANAHAB
5210000003002,BABEBSBZBaBWBUBPBOBBA0AuAfAVAWAQAGABABBDBGBQBcBXBaBUBTBRBFAxA3AgAgARAMAMACAD
5210109001001,A+BNBUBWBXBVBOBNBLBFA0AyAsAbATATALABACA9BIBNBRBPBOBRBKBIBIA3AxAoAfAYAWAUADAD
5210158001001,A2A6BkBNA/BGBNBIBWBTA+A5AjAmAeApAMAGAAA3BCBWBHBGA/BRBEBNBLA+A7AnA0AbAOAMACAA
5210208003001,BABFBNBaBLBEBEBMBMBJBMAiAmAlAdAbALAFADA+A+BSBSBLBQBQBLBQBJBIAsAzAgAbAQAIAEAB
5210208003002,AwBABKBYBNBMBGBEBLBLBHApAfAqAhAUAIAGABA1A6BKBYBTBPBLBRBXBUBAA6AmAqAdAWAPACAE
5210307001001,AyBDBSBbBFBIBDBNBVBVAzBHAwAsAVAbAEACACA6A5BNBVBMBDBHBYBXBAA2A6A4AlAXAOACAJAE
5210406003001,A2BGBRBTBeBTBRBJBPBHA3A3AqAhAcAKAIAAABBAA9BGBYBTBMBSBTBPBEA7A3AvAWAVARANAHAF
5210406003002,BJBUBcBXBoBnBXBQBJA7AzAoAZAVALAOAFAEABBKBSBXBdBfBcBYBPBJA7AqApAUAdARAHAHABAA
5210562001001,A+BQBPBQBJBRBOBSBUBBA+AwAaAsAjAQAIADACA8BCBUBWBMBOBEBSBTA/A3A1A0AeAlAJAGADAC
5210604001001,ArBIBQBQBEBKBSBWBYBMAyA4AvAuAaAQAKAJAAA5BDBHBDBFBLBFBRBRBMBBA2AsAfAnASARAFAF
5210802001001,A7A8BUBaBVBVBKBNBRA9A0AuAfAjAnAYAFADACBDBLBdBcBPBTBMBPBLBBA2AoAiAqAdAMAJACAD
5210901001001,BIBTBgBaBaBZBRBPBNBEAyArAdAcARAKAJAFACBDBSBZBYBVBQBSBNBLBAA0AlAfAcAUAMAKAEAC
5211008001001,A6BMBiBWBFBABKBOBRBGBCAvAtAlAjAOAKAFABA5BGBcBTA+BCBSBaBNBBA3A1AuAhAbANAHAGAC
5211206003001,A3BCBSBTBHBHBOBLBQBHBNAxAmA3AbAPAJAKAFAxA/BLBIBDBHBMBNBQBNBRAyAoAlAcAXAKAEAD
5211206003002,BDBGBQBVBRBTBRBSBHBEA3ArAaAaAWAIAKAEAEA6BFBPBWBVBVBWBVBUBJA4AtAtAfAUAbAHAIAF
5211305001001,BOBSBXBOBkBeBPBUBOBGA5AoAqAeASAOALAHAEBFBQBYBVBSBSBGBOBOA+ArAmAgAZAMAJAJACAD
5211404001001,AyBDBLBcBHBHBNBIBMBJA+A2AuAhAcAWAMAFABA3BBBLBRBKBJBMBQBPBMArBMA2AmAZARASAJAA
5211503003001,A+A1BNBTBNBPBOBKBJA/A+A3AgAaAdAPAKACADA5A9BGBKBWBPBdBUBVBRBJA4BCAXAUAWALAFAD
5211503003002,AvAzBGBSBYBNBKBFBHBFBCAyAgApAfALAJAJABAsA2BDBQBVBQBYBOBRBHBPA5ArAmAtATAXADAO
5211503003003,BEBHBSBRBWBbBcBQBIBAA7A4AnAiAWASADADACA+BKBNBNBLBUBYBOBHBFBCAyAhAdAXAJAGAEAB
5211503003004,BJBRBeBcBRBQBcBOBKBBArAvAZAeASANAFACADBHBIBbBUBVBVBdBUBNBIA1ApAiAbARAJAHACAB
5211503003005,BGBLBNBRBYBUBVBLBNBDA1AsAqAVATATAFABAAA8BBBIBNBdBRBVBRBTBPBDAtAmAiAgAOAIAEAC
5211602001001,A7BQBABPA9A5A/BWBgBKA6BaBMAiAaAhAMACAFAwA4BLBIBDBBBKBPBQBHA5BJAsAkAYANACAGAC
5211701001001,A7BCBVBcBEBDBHBGBbBKA+A0AoA5AfAWAMAGAEA6A9BKBNA5BCBXBWBIBIA7A7AvAeAgASAMADAA
5211800003001,A/BNBfBfBfBVBQBGBMBAAmAyAbAZASAOAJABAEA6BRBcBfBVBXBQBRBPA+A4AsAeAdAXANAHAMAB
5211800003002,BZBeBmBWBZBcBUBRBOA+AyApAiAQATAMACABABBIBUBZBVBWBaBWBPBMA6AwAiAdASAPAIAHACAB
5211909003001,BRBfBjBfBaBfBfBQBJAxAnAiAXAeANAFACACADBYBdBgBYBUBdBlBTBEA3AvAcAdAJAOAJAFAEAD
5211909003002,A8A9BJBTBeBYBIBCBBA9AvAvAcAmATASAPAKAMAyA2BFBUBeBTBIBEBJBGA8A3AzAuAsAbAVAPAF
5211909003003,BFBLBTBUBaBZBRBPBMBAA2AnAgAWAPAOAFAEABBABHBXBTBeBcBcBWBPBFA2AxAjASAXAJANACAE
5211909003004,BRBUBbBXBcBdBaBVBMA+A5AkAgAZATAJAIAEAABMBTBTBOBWBaBZBLBBA2AzAnAhAVATAMAIACAE
5212006001001,A3BUBRBPA7A5BUBTBKBTBBAwAnAuAlAPAOAGAEAwBPBUBRBFA7BPBVBJBHA2BAAnAbAdAgAMACAB
5212055001001,BMBSBtBkBNA/BNBRBTA1BCAuAzAlAYAKALAEAABABIBLBYBMA8BVA+BEA8A6A1AnAcAXAQAHAMAF
5212105001001,BCBKBQBSBhBhBQBQBKBIA8AuAfAYAVAPANACABBFBKBRBYBPBNBMBRBKA/A9AoAkAcAZASAMACAB
5212204001001,A+BQBWBYBPBMBLBOBPBHA3AwArAdAcANAFAFACA4BHBZBRBOBPBUBYBPBBA8AyAeAjAWARAIAFAC
5212253001001,AzBQBoBbBkBRA3BHBRBeAwA2AjAfAWAUAAAFADAzBOBTBIBNBRBdBCBNBbAtAkA3AZASAMAMADAA
5212303001001,BEBSBZBVBZBTBZBRBNBGA3AvAaAgASALAIADAEBLBXBUBVBPBQBUBMBLA3A3AoAiAaAUAQAIADAA
5212501003001,BeBoBwBlBaBhBcBLA6AwApAZATANANALADABAABfBiBoBdBiBgBhBTBFA1AiAeAXAQAGAEADADAA
5212501003002,BNBYBtBjBbBVBZBUBGAxAqAfAYARAMAMAEACAABSBVBlBiBUBgBfBYBKA2A2AfAhAMANAHAGABAB
5212501003003,BPBTBiBdBeBcBaBOBGA7AxAYAWATAMANAEACABBOBSBaBgBdBfBgBTBKA9AqApAbAYAQAHAIADAC
5212501003004,BcBkBkBfBnBgBhBNBCAzAkAbAWAQAOAGABAIAABTBYBjBdBeBoBZBTBHAzAnAcAbAQANAGAEADAA
5212501003005,BkByB2BhBZBXBYBPBCAwAgAbAPANAKAGABACAABlBtBxBiBfBiBdBPBDAxAjAYAQAKAHAIAEABAC
5212501003006,BpBuBvBlBjBgBUBKA/AvAfAcARARAIADAEABACBcBpBuBmBbBeBaBNBAAyAjAeAUAOAIAKAFADAB
5212501003007,BbBoBvBiBUBaBcBPBEA6AtAfAeAOAQAJACACAABTBpBvBeBVBZBXBOA+A3AjAeAWAOANAIADAAAB
5212600001001,A2BLBIBQBKBOBVBIBLBIBBBIAjA+AcAcAKAGAAA1A/BCBJBBBKBOBGBcBIBGA0AtAcAOAbAJAAAG
5212709001001,BnBmBtBjBhBnBUBFA+A5AnAiAYATAOAGACADACBUBtBqBfBaBdBPA/A1AwAfAmAWAbASAEAJADAB
5212808001001,BBBIBfBaBUBEBNBPBOBEA3A3AuAbAhAOAJADABBFBKBXBZBIBIBOBMBHBEA/AoApAbASAXAIAFAA
5212907001001,A4BFBcBbBNBRBPA7A+BAA/AzArAkAWAaAMAHABBNBOBuBPBHBWBeA+A/AxBGAnAsAaAfAKALACAH
5212956001001,BDBRBkBOBIBTBWBVBSBKA9ArArAWAbANABACAAA9BKBZBXBQBRBXBUBTA6A+AoApASAVAGADAAAD
5213004001001,BbBYBfBcBnBwBaBQBJA3AqAmAjAUARAIAFABABBcBWBaBWBmBWBXBGA/A0AsAZAXASARAHACACAD
5213053001001,BKBTB2BQA8BWBTBWBKBJA2A7AuAbAkAQAGADABBHBfBcBMA6BTBOBCA+A/AwAoAgAaAUANAEAFAG
5213087003001,A6BPBgBhBIBGBTBNBJBKA/A1AqAnAUAOAGADAEA1BRBiBVBIBRBaBMBJA+AvA/AmAPAPASAJABAA
5213087003002,BHBWBgBnBSBUBSBOBIA5BAAdAdAeAVAKAKADADBABPBaBcBZBYBTBTBHA8A6AgAxAOASAPAFACAA
5213103003001,BSBUBdBeBrBtBgBPBFA+ArAsAbAUAPAJAIACACBOBSBYBfBgBeBTBKBCA2AuAbAYAUAPAGAFABAB
5213103003002,BGBKBOBcBtBmBUBKBEA/A1ApAdAVAUAPAGAFAEA9BCBNBeBiBaBRBPBHBBA1AoAoAZATASAJAJAC
5213400001001,A4BHBbBkAyAyBGBMBVBWA6BAAvAlArASAJAGAEAuA0BaBCA5BHBLBCBMBSBKA2A5AmAtAPAQAAAC
5213509001001,BjBgBqBmBOBSBNBDA/A3A4AnAhAeARASAGAEAEBmBYBnBUBZBRBFA6A7A9ApAeAYAaAXAKAHAFAE
5213707001001,A+BPBVBfBEBQBMBOBKBNA7A1ArAdAdAYAKAEAAA3BBBWBZBFBKBSBaBMBFA+AuApAfAPAKAJACAD
5213756001001,BKBNBSBhBfBpBjBdBOBCA8AhAdAUAMAKAFACADBMBUBTBcBiBaBSBRBLA5AiAsATAPAPAGAHACAA
5213772001001,BGBhBvBcA8A9BRBRBMA+A+AqAzAhAXASADACABBJBwBtBMA/BMBYBGBCA9BEAdAfAVAQAIACAAAI
5213806003001,A5BEBUBdBWBPBOBEBIBDA1AwAgAhAiARAMAEACA9BBBHBWBOBNBQBTBLBGA7A0AuAlAaARAQADAH
5213806003002,BEBLBSBXBOBTBRBTBRBEA5AvAoAgAbANAKADABA/BIBWBVBLBOBSBSBKBBA3A0AgAlAbAKAKABAB
5213855001001,AvA9BeBZA0BEBGBVBUBNA9AxAzAmAiAWAKAAADA5BVBPBHA/BGBSBUBPBHA5A8AtAiAjAVAJACAC
5213905001001,AwA+BWBZBRBJA+BQBSBLA/A2AqAxAnAXAKABADA1BEBCBhBGBFBKBMBNBJA7A3AtAtAcALAJACAC
5214002001001,BKBSBbBcBfBaBiBOBLBBAvAnAdAbARAMAFAGABBCBTBYBWBdBiBWBPBJA8AoAlAeAVAQAKAHAFAC
5214051001001,BKBVBzBaBFBQBMBMBLBDBDA6AsAnAQASALABABA8BWBOBMBJBNBMBIBBBJA1AuAkAWAUALAHABAD
5214101001001,A2BiBjBYBDBKBOBRBNBJAzA/AkAeAeAXAJAJAABDBCBeBVA/BCBSBHBSA7BCAbAjAvASASAFAHAB
5214408001001,BEBKBUBVBMBVBVBUBLBDA/AlAsAZAVAOAMADACA6BJBRBPBVBTBWBOBJBGA4AsAoAeAXAPAGAIAE
5214507001001,BOBOBeBZBgBgBSBNBHA7AmAsASAaAQALAGADABBIBMBWBaBpBZBcBRBKA/A2AkArAPASAKAHADAB
5214606003001,BNBQBYBaBeBbBYBMBHBDA2AmAaAWATAGAEABAABFBKBWBfBhBjBgBQBNBBAyAlAYARAUALAFAAAH
5214606003002,BQBZBpBdBVBTBTBJBGBBA7AuAjAfAaAKAIAJACBKBUBhBXBLBQBSBCBBA6AuAoAgAeAPALADADAC
5214705001001,A2BCBfBhBGBABOBOBVBEBJAfA2AkAhAYAMAFAEA0BFBTBUBDA5BaBSBKA7A1A3A6AeAUARASACAD
5214804001001,BLBJBRBMBEBJBNBYBbBHA7A5A1AjAlALASAAAAA5BAA6A+BGBKBSBGBEA/A5A/AjAsAmAXAXAIAA
5214838001001,BMBUBdBcBSBbBgBTBKBDA1AvAgAhAVAMAFABABBJBNBcBRBUBYBbBIBIA9AvAlAgASANAMACACAC
5214861001001,A7BHBVBQBDBABFBIBSBJBBAuAuAtAbAXARAHABA6BKBNBYBIBBBJBPBKBBA3A8AlAoAWAkATAFAD
5214879001001,A/BPBYBQBRBgBPBQBKA/A8AtAtAwAKAZAHAFAABNBJBfBRBLBaBUBKA8A8AxA+AfAPAYAFADAHAD
5214903001001,BJBQBnBiBFBABEBABNBNA0BFArAhAcAWALAAACBaBTBjBLBFBIA4BBA3BIA1A4AmAdAQAVAHAJAD
5215009001001,BIBMBfBVBdBfBOBLBNBEA8AiAkAYAUALANAAABBABLBLBNBZBWBMBOBOBBA2AoAlAhAeAUAFABAC
5215207001001,A2BFBSBXBIA+BCBWBEBRBHA3A5ArAeAfAKAHACAqA2BEBVBCBEBCBPBGBMBBBBA+AlAVAZALADAC
5215231003001,BOBTBgBZBgBhBYBJBEA+AgAmAZAMANAFABACACBTBVBaBkBmBsBiBVBKBAA1AbAaAOANAIADAFAC
5215231003002,BpBnBoBYBdBaBiBZBGAvAjAVARAOAEAEACAAABBhBlBwBcBjBlBnBcBFAwAiAYAXAGAHACACACAA
5215231003003,BrBxBtBnBhBbBYBLBBAsAfAXAPAOAJAAACABABBjBoB0BqBlBiBZBUBFAtAfAYASAPAJAEAAAAAB
5215231003004,BiBoByBhBfBZBWBTBFAtAhAYAYAKALADABACAABfBoBxBoBbBhBdBTBDA1AhAaAQAQAKAGADABAC
5215256001001,BHBQBwBSBKBGBMBdBZBHA+AwApAdAYAUAEABAAA+A/BoBXBKBHBYBQBIA9AxAsAYAfAVALAIACAA
5215306001001,A7BHBaBaBPBJBQBOBUBGA7A4AwAoAdAOAGAEADA4BCBQBNBKBOBIBUBMA9A+AuArAbAVAVAKAIAG
5215405001001,A6BEBXBfBNA/BPBEBXBTA2A6AeAnAUAPAIABAFA7BUBXBaBPBNBKBKBSA/A7A8AtAkAKASAHAAAA
5215504001001,BDA5BTBfBOBfBbBRBFBGA3AvAxAiAVATAJAGAABGBFBEBIBPBUBPBQBKBABAAkAmAeAYAWANAFAC
5215603001001,BSBqBxBhBQBQBNBEBDA1A0AgAnAUAXANAGADACBbBnBrBfBQBPBRBFBCA1AsAiAaAZAQAKADADAD
5215652001001,A6BGBQBgBaBLBRBQBTBGBOAzAwAhAOARAVAHAEA5A/BJBXBRBfBQBABNBFAvAuAjAbAPALAMADAD
5215702001001,BDBGBSBWBlBgBQBPBHBDA0AwAvAXAZALAFABABBFBIBMBXBXBXBTBSBJBDAvA3AdAcAZALAGAEAB
5215801001001,A1BGBkBaBFBHBOBDBAA0A3AzArAoAbAWARALADA1BQBdBCA5BIBLBLBRBCBAA7AoAuAeAbAQAHAJ
5215900001001,A4A4BIBhBAA/BGBSBZBLBBA6AwAsAgAJAKAGADA0A/BMBQBDBDBOBaBXBJBEAzA1AeAhARALAGAA
5216007001001,BABABMBMBRBEBIBPBIBHBCA1A+ArAoAWAFAJAABBBSBFBRA6BDBSBOBBA4A8A+A2AgAbAaAKADAB
5216304001001,BCBMBGBZBaBUBSBMBHA9ArA3ApAiAbAZAJAGADBBBKBQBJBXBQBNBOBJBBAxA4ApAgAXAOAOAEAF
5216403001001,BGBQBXBXBSBMBWBWBOA+AzA0AiAnAUAKAMAGAABGBEBVBOBOBOBgBUBIA8A7AjAgAiAUAUAHAEAC
5216452001001,BQBrBvBZBJBRBYBPA6A+A3A5AtAcAQAQAQABACA1BJBoBcBDBWBaBHBCBEAsAqAXAWAQALAGAAAC
5216809001001,A2BGBNBRBaBeBbBWBUBPA5AzAmAkAeAOAKADAAA7A9BJBRBQBEBOBPBLBEAzA1AmAcAfASAHACAF
5216908001001,A2BIBKBPBYBHBMBZBcBHA+BEAxAlAuAGAKALACA0BGBLBPBHBCBGBGBDBOA3A7A0AhARANAHAGAA
5217104003001,A/A/BWBRBHBNBPBKBLBJA+A6A0AlAcARANAFABA4A/BTBNBBBJBQBQBKBHBCAzAqAiAgAVAMAFAB
5217203001001,A3BGBWBTBQBBBNBQBHBLBBA0A3AhAZATAPAHACAxA9BSBRBIBHBLBPBXBHBAAzAuAgAVAYALAHAD
5217302001001,BMBUBeBbBXBPBUBQBKBAA9AsAkAgARAMAGAFABBFBUBWBMBNBLBWBLBJA/A2ApAlAaASAUAIAFAC
5217401003001,A0BDBOBRBZBQBLBCBGBCBBAqA1AgAXAOAHAGAGAzA7BTBOBPBKBPBNBLBMBDAzAwAhAqAZANAMAE
5217401003002,A8BNBXBZBRBUBSBJBLBFA3AsAnAVAZAKAMADAABBBJBZBZBXBQBXBRBPBAAzAwAjAkAdAOAEADAA
5217609003001,BcBxB5BmBhBgBVBHA/AoAhAbAQAQALAFACAAABBdBoB6BpBaBgBgBKA+AwApAYAVANAIAFAAAEAC
5217609003002,BUBcBrBkBcBeBYBNBCAuAnAbAWASAKAGACACABBYBVBnBkBlBnBlBSBFA1AqAiAYAQALAKADACAA
5217609003003,BeBqB4BtBgBbBUBHA+A2AoAbAWAQAMAGACABABBcBgByBoBcBaBZBLA/AzAgAgAXAMALAHACAAAB
5217708001001,A3BKBYBRBFBMBPBJBMBCA4A5A0AoAbASAMADABA1BFBQBQBFBNBUBSBLBCA9AzAuAaAiAYAKAEAG
5218003003001,BSBbBjBhBUBUBUBMBGA/AtA0AcAdAWAKAHACADBPBUBZBZBRBTBVBMBCA9AxApAhAYAMAKAFABAC
5218003003002,BMBOBdBXBYBXBUBNBDA7AxAnAfAUAWAKAKAFABBFBIBXBYBdBYBZBRBIA+A5AqAjAeARANANAHAB
5218052001001,BUBoBjBhBdBvBbBRBIBCAzAuAhAVARAGAFABACBNBHBUBTBQBXBkBCA8A7AoAsAXANARAHAFACAA
5218102001001,BABQBZBfBWBPBNBWBQA/BEAtAcApAUAPAFANACBLBYBaBcBNBFBPBQA9A7A3AtAhAWAPAQAFADAC
5218300003001,BZBgBbBeBiBjBYBIBDA+AuAXASANALALAHAAABBMBcBiBjBfBnBgBOBFA3ArAdAYAWAPAKAEADAD
5218300003002,BYBlBxBoBfBhBVBJA/A7AxAdAdAbARACAEACACBbBaBsBnBXBWBQA+A7AyApAfAOAXAUAHAFADAA
5218391001001,BDBOBbBZBQBABGBHBMBABVAxAvApAPATATADAHBABJBaBSBCBDBKBKBFBMAyA4AnAcAaASAKABAC
5218508003001,BFA+BJBKBeBiBVBPBKBAA2AsAqAfAaAPAFAGACBCA+BCBPBWBYBPBNBPBGBAAvAvAcAbAYAMADAB
5218508003002,BTBWBZBPBJBhBfBKBMBEA8AxAgAUAeANAKABAABABOBgBLBWBTBeBcBGBCAkAoAgAaARAJADABAC
5218607001001,A6BRBWBbBPBKBXBWBMBBA0AtAiAfAXAKAMABADA4BFBSBZBUBLBRBaBSBHA3A0ApAeAYAOAGACAC
5218706001001,BKBNBvBdBOBNBUBEBLA7AwAtAeAcAiARAMAHAABFBVBSBXBJBRBKBKBMBAA1AvAoAeAaALAKACAA
5218789001001,BTBhBXBVBYBbBfBYBPA5AwA1AlAbAMAIAGAEAABLBQBWBNBLBeBVBTBTA5A3AhAiAKAQAIACABAA
5218805003001,BTBWBfBVBSBdBhBaBSBHA2A8ApAjAWALAFADAABFBQBTBKBJBLBVBMBCA5AqAqAfARANAJAHAAAE
5218805003002,BQBMBOBXBxB9BsBTBKA1AuAbAYALAHAFAKAAACBIBLBOBQBsB4BlBYBEA6ArAiAZAPALAHAEAFAB
5218805003003,BfBjBhBfB4BtBcBSBGAzAqAdAXAPAMADAGABABBdBWBbBgBiBjBXBJBDA3ArAbAJAXADACADACAC
5218805003004,BmBkBdBdCHCABlBPA/AvAZAjASAPAFAGADADAABgBbBeBZBrBtBRBJA8AsAhAYASANAHAFADAAAA
5218805003005,BdBXBWBbCACDBsBMA8AwAmAWAUATAJAGAEADAABaBVBYBcBxByBiBFA4AzAkAZASAMAPACAFAAAD
5218805003006,BGBBBDBVBsBrBXBKBGA+AzArAYAaASALAHAEACA7A/BJBRBrBkBbBQBMBGA6AwAjAdASAOAIAFAC
5218805003007,A/BABJBXBxBsBWBMBFA9A1AlAaAdAUAKAHADAEA/A9BIBfBnBnBTBMBKBEA2AtAiAbAYARAGAEAB
5218805003008,BQBKBJBZCOCABjBLBAA2ArAgAUAVAQAIAEADABBRBEBIBZB2BrBVBLBIA8AmApAaATALAIAGABAA
5218904001001,BABNBbBZBTBNBHBTBPBDA4ArAqAYAXANAJAFACA7BFBXBdBNBFBLBWBPBDA5AxAtAfAeAQALAEAB
5219001001001,A9BLBWBdBOBGBJBMBZBCA8A0AjAvASAYAJAFAAA2BEBMBUBNBIBSBQBNBGA6AvAsAiAaAVAIACAB
5219100001001,BGBXBZBhBgBaBRBHBIBDA1AiAiAdAVARAGAAADBLBJBSBUBQBZBUBMBSA/AwAsAZAZAWAKANAGAA
5219209001001,A6BRBVBKBABHBJBMBVBXBEA7A5ApAgAUANABABA9BCBOBCA1BOBCBSBLBCBIAwAyAhAZAUALABAB
5219258001001,BHBdBgBPBWBaBWBWBJA/A1AgAnAYATAOAFADAABIBSBZBUBZBXBfBTA9A+A8AdAbAaAPAKAKAHAB
5219308003001,BDBBBPBOBSBYBSBKBLBGBLAhAsAfAfAGAKAFACA7A/BEBWBSBRBPBKBOBNA7A6AtAgAeAMALADAI
5219308003002,BJBQBdBUBbBbBTBQBHA/A6AnAmAXAUALAHADABBGBPBUBVBVBYBaBKBLBDAyAuAdAVAWAKAGAIAC
5219357001001,A9A5BVBbBJBCA+BOBdBaBLAwA+AaAXARAVAFACAzBDBKBXA5A5BEBXBSBNA9AxArAmAcAQALADAK
5219407001001,BCBZBmBWBRBgBfBPBBA9AxAwAgAbAUAOAGAGACBPBVBRBSBXBZBeBGBAA3ArArAhAcAQANAHAFAB
5219456001001,BNBOBcBvBWBNBABQBRBQBKA7AoAsAfAKADACAAA1BHBKBRBKBEBMBABIBBBFAmAnAaAOAPAIAAAD
5219506001001,A2A/BRBVBFBBBHBOBaBPBDA+ApAkAeAIAGAIAGA/A+BPBJBDBJBDBKBLBVBKBBAuAtAZAOAJADAD
5219605001001,BFBRBYBNA7BbBXA/BDA+BBAkAqApAZAbALADAFBABbBeBDBDBTBNBJBBBAA6A0AuAjAaAYAKAFAD
5219704001001,A6BOBZBgBTBOBLBMBMBIA8A0AuAXAbASALACACA8BKBWBZBQBEBGBMBNBGA7A2AnAeAWAJAHAEAF
5219712001001,BMBTBlBiBZBhBaBGBLA9A0AuAqArAPAQAGABAABDBTBcBPBDBNBWBKBBA0A5AmAbAkARAKAJACAA
5219738001001,BTBRBlBgBbBnBQBPBXA2AsAqAaATAQALACAAABBLBJBYBgBVBXBhBXBQA4A2AfAeAXALAHADADAA
5219753003001,BgBvB1BrBYBcBYBLA/ArAmAUAOAUAIAIACADAABnBqBsBkBcBjBYBPBBAxAgAcAVAOAKAIAEAAAA
5219753003002,BWBmBsBcBeBbBdBNBGAwAjAgAUAUAMAFAFAAAABcBkBoBjBgBeBgBOBDA0AhAjATASAQAFAEAAAC
5219803001001,BRBfBkBcBaBdBVBIBIA+AqA5AuARAXASAEABACBSBeBmBTBRBWBOA4A5A4AnAtAbAVARAKAHAGAE
5219902001001,BOBEBkBaBPBHBFBJBQBIA6AwA2AgAZARAMACABBGBCBcBVBJBGBMBIBOA+BAAsArAhAXALAGACAB
5220009001001,BcBeBqBfBdBcBUBHA8A+AsAmAiAaATALAEABADBkBsBpBXBTBWBPBKA9AyAsAbAPAcAMAGAEACAB
5220058001001,AyBDBfBaA8BAA/BNBMA8BGA7A2AmAbAWANAHAFBEA6BOBGBABZBLBJBJBVBHA3ArAjAaALALAJAH
5220108003001,BCBHBdBfBOBPBZBLBMBAA1AzApAjAXASAIADAAA9BKBWBQBNBOBXBLBPA/A7AvAoAfANAXAGAHAA
5220108003002,A8A7BIBZBYBPBGBGBJBGAzAxAnAgAYALAPABADA7A5BPBfBdBPBRBXBTBMA4A+AqAfAXAXANAEAE
5220157001001,BMBRBbBWBTBaBaBRBEBBA2AsAmAeARALAEABABBNBYBjBOBLBbBbBEA+BHAmAzAYARAVAZAGABAF
5220207001001,BBBUBgBZBSBRBUBUBNBAAzAuAsAZAZALANABAAA7BLBbBRBRBYBTBPBLA9A7AoAhAZAYAKAJADAC
5220264001001,BJBNBRBQBHBSBPBMBXBMBDA4AvAfAVAJAIALADBPBPBSBNBCBQBRBOBBBCA6AtAnAjAUAMAAACAB
5220280001001,A1BMBSBNA5BHBQBDBYBOBLApA7AlAeAQAFAJAAAyA+BQBVBSBGBEBhBQBEA7AtAzAiAnAKAMAAAC
5220405001001,A/BJBXBaBgBhBcBWBLA+AuAwAjAbAWASAKAFAEA1BEBTBXBMBPBZBUBIA8A1AuAlAaATATAHADAD
5220454003001,BQBuBhBXBVBxBnBBBOAzAzAXAQAcAIAJAEADAABTBeBtBSBNBcBfBfBEA0AeAbAWAWANAOAGABAG
5220454003002,BdBaBnBcBvBqBgBMBBA1AfAhAOAMAMAFADAAAABWBdBeBiBnBmBgBNBCA1ApAeAaAOANAGADACAB
5220454003003,BSBVBiBuB4BfBaBIBEA1AtAeASALAKAFACABABBTBTBkBjBjBgBcBRBUA8ApAcAXANAJAIACABAB
5220504001001,BLBRBcBQBnBmBZBRBMBBAyApAiAnAXANAKAGABBCBNBTBSBQBYBSBMBFAzAwAgAgAgAOANAIACAD
5220603001001,BCBQBfBWBQBQBdBUBRBEA4AuAbAhAYAPAIACABA+BMBdBQBKBKBaBTBHBAAzAqAnAbAUALAHAGAD
5220686001001,BeBhBmBqBiBcBQBIA4AxA0AaAcARAVAKAGAGACBXBjBeBdBjBdBNA/A7A2AuAfAaAYAOAOAKACAA
5220702001001,BUBiB2B9BbBXBIA/BDBHAtA+ApAQAaAJAAAAAABIBRBsBZBRBEBJBDA7A0A2AoAbAVAMAKAEAAAH
5221007001001,AlA4BRBjBNBMBNA+BLBSBIBDAmAqAWAQALACAGA0A1BIBZBMBCBNBWBLBLBYArAvAfAjASALAGAC
5221080001001,BsBlBvBzBWBVBIA3AtA3AlApAcAnAaANADABACBqBjB4BlBjBOBCA+A7AkAeAqAUAVAUALABACAF
5221197001001,BWBjBuBVBZBZBcBMBJA3AuAkAdATATAGAFABACBSBQBbBdBMBdBYBTBEA7AhAtAoAUARAGAEAAAC
5221304001001,AuBFBSBNBXBBBBBHBZA+BRA4A9AnAZAUAJAFACA+A9BYBeA8BGBUBTBSA8A5A4ApAlAaANAJAHAA
5221403003001,BPBcBjBgBnBcBcBSBDA5AqAdAXALAKAGAEAAAABQBXBpBeBdBaBcBVBPA+AyAiAhAJAIAKABADAC
5221403003002,BVBjBoBZBZBXBcBOBBA3AoAhAdATAOALAEABAABQBXBtBgBbBZBYBLBFA7A6AXAfATAQALADACAA
5221403003003,A+BJBPBcBZBXBYBLBCBCAvAmAfAdARAOADABAABEBDBSBZBhBdBVBRBRBEBCArAgAfAWATAJAEAD
5221403003004,BXBjBoBfBeBgBYBPA+AzA0AfAcAOANAJADABACBXBZBlBZBZBcBXBSBGA8AyAhAeAQAFAIACABAA
5221403003005,BEBMBZBZBYBaBYBMBFA/AxApAeAWAXAKAHABABBBBEBUBaBZBXBaBVBLBEA8AwAlAaASASAIADAC
5221452001001,A8BKBmBdA/A8BIBABSBUA1A+AwAwAgAPAJAKACBCBNBbBMA8BABIBKBKA/A8A4ArAeAaASAHAHAC
5221502001001,A4BGBVBUBRAyBPA+BPBPA7BEAzAhAhAWALAAADA3A9BKBQBIBFBMBjBMBDA1BDAsAoAcAYAGAGAA
5221551001001,BXBkBeBeBeBkBgBJBIBEAyAmAjAWARALAKAAABBRBUBQBaBcBfBTBHBBA5AvAYAhAFATAGAFAAAB
5221577001001,BBBVBqBoAwA+BBBSBdBIA9AmAoAxAhAPATAEAAA1BZBfBIA9BCBTBMBIBCA7AoAtAmAdAFADAFAF
5221601003001,A+BMBWBYBdBRBSBQBLBCA5AdAnAZAXANAIADACBKBGBaBSBVBWBXBPBKBBBBAkAfAlAWAVADACAD
5221601003002,BGBQBYBcBVBTBUBHBGBCA3AsAmAcASAOALAEACBHBRBbBVBWBQBUBKBJA+AuAzAjAYAYAPAGAGAC
5221700001001,A/BHBaBQBPBWBWBOBKBIA5AzAvAbAZAOAHAEACBBBBBNBPBIBRBQBMBIBHA9A3AqAgAdAOAJAFAC
5221809001001,BCBRBSBUBLBGBYBCA9BIBNA0AwAgATAUARAEACA0BLBPBRBKBCBQBFBLBDBJA3AlAxAZAQAJACAA
5221858003001,BKBNBlBfBYBhBbBXBLA6AtAXAPATAHADAEABABBIBTBlBiBiBuBtBYBNA/AwAfAZALANAFAEAEAA
5221858003002,BnBvBpBRBiBtBiBPA7AtAiAUAPAKAHACAAAAAABoBtBrBXBkB0BsBTBDAzAdAdAMAIAMAAAAAAAA
5221858003003,BOBIBOBPBlBhBZBOBEA7BDAZAaAKAGAKAFAEAABKA9BTBUBmB6BgBOBPBSA8ArAiASASAIADACAD
5221858003004,BoBnBnBVBiBvBrBXBDAuAYAWALAKAGAEAAABAABlBnBlBZBnB3BvBaA/AuAbAXALAIAGAEADABAC
5221858003005,BUBgBiBcBnBqBcBJBBA1AkAaATAUAJADAEACAABfBeBlBjBoBnBiBRBLA1AoAcAVAKAHACAGADAB
5221858003006,BTBSBeBXBfBrBnBaA/AzAhAcAQAPAFAEADAAAABeBXBcBbBnB2B4BbBNA7AnAbAPAIAKAHACAAAB
5221858003007,BhBlBoBaBlBjBeBNBAAvAiAfAPAOAHAGADABABBhBgBrBjBoBoBgBTBAA4AoAaALARAFACAFACAB
5221908001001,AzBMBdBRA6BNBJBPBIBEBCBBAxArAeANAJAFADBCBDBRBNA9BPBOBIBMBEBDAzAvAYAkARAHAMAC
5222005001001,A+BSBaBYBTBUBZBSBPBAA3AnAiAUAUAQAMACACA/BOBaBVBSBUBbBSBIBBAxAkAjAfATAQALAFAC
5222054001001,BSBTBYBZBmBgBeBZBQBIAwAsAXAZAPAKAFADACBOBNBRBVBXBWBTBLBPA5ArAsAXAUAOAFAHADAB
5222203001001,BiBrBlBcBiCWBqBOBAA4ArAdAXAWARAEADAEAABbBgBkBZBfBaBOA4A8AsAhAYASAQAGAHABACAA
5222302001001,BDBbBpBaBMBCBPBRBJBCBAA4A0AhAWAPAHAAABBIBjBdBcBABLBFA+BGA9AtA1AkAWAXAKAFABAB
5300108005001,AuAvA3BBBYBlBYBOBLBIA+AvAiAXASAKAGACACAtAsA0BDBhB0BxBfBWBZBHBHAwAfAVAUALAFAC
5300108005002,AqAtA3BABIBUBIBABCBFA+AtAmAjAeAVAOAFACApAqA1BCBTBlBeBTBSBaBTBCA/AwA2AfAQAMAF
5300108005003,A0A8BKBVBkBtBgBUBaBJA6AlAcANASAFAIAEABAxA6BKBPBgBvBqBZBZBHAxApAdAZAMAOAHADAC
5300108005004,BFBKBXBbBYBXBUBUBKA5AvAXAaAPAQAGAEADABA8BJBZBWBZBlBnBjBXBDAoAzAkAcAZAQAIACAA
5300108005005,A9BOBdBZBdBYBQBOBLA2AfAhAgAPAYAJAFADAABGBMBbBgBeBfBgBaBVBCAzAfAfAhAWAIAIALAD
5300108005006,BEBPBeBaBWBRBPBVBSA5AhAhAWAVATAMADAAAAA7BOBaBaBaBeBhBkBaBCAuAiAZAlAbAUAEADAF
5300108005007,BBBHBLBLBXBmBiBJA+AzAsAmAiARAQAJADABACBBBGBMBPBdBzBvBWBKBFBBA4AtAfARAMAHAEAB
5300108005008,A5A5BDBLBjBnBWBEBBA7AwApAgARARALAEAGABA6A5BGBVBrB1BjBVBTBMA9A5AtAbAWAYAIAEAC
5300108005009,A+A+BKBRBlBnBUBFBDA/AyAnAVAVANAKAGADABA4A7BHBWBxB0BjBRBUBNA9AxAnAbARAOALAHAC
5300108005010,BOBOBYBUBcBZBfBYBYBEAyAmAZAQAEACADABABBCBJBSBTBkBmBqBfBUBDA2AjAYAOAKAHAFACAB
5300108005011,BZA+A2A0A6BmCOB0BVA+AqAcAaAOAHACADABAABcA/A5A8BLCOCiByBQA9A0AiAaAPAKAEAFADAA
5300108005012,BZBUBZBRBZBfBeBWBPA+A0AhAXAKAIADACABAABMBQBTBUBjByBpBfBRA9AzAdAeAOAMAEAEAAAA
5300108005013,BZBgBnBhBbBeBRBLBAAyAlAbAPARALAGAFAEAABQBdBlBiBfBjBgBUBNA7AoAmAdAXAJAKAFAEAC
5300108005014,BuBzBtBcBVBgBvBdBBArAgANAKAKADADAAABAABtBvBwBcBZBuB+BbBAAnAaASAKAGAEACABABAB
5300108005015,A+BIBPBSBWBcBUBIBHA/ArAlAYAOARARAJACACA5BGBNBSBfBpBjBcBTBMBCAkAmAgAaARANAEAC
5300108005016,BPBUBbBVBdBbBXBJBIBAAzAhAUAOAJAEADABABBMBSBXBYBlBpBkBYBSBIA9AhAZASALAGAEADAC
5300108005017,BgBlBuBlBhBaBbBVBIAtAjARAJAOAJADAAAAABBgBoBuBtBiBjBpBdBKAwAiAUALANADAFACABAA
5300108005018,BhBnByBlBfBZBVBQBCAwAdAeAOANAKABACACAABUBlBtBkBfBiBfBcBIA3AlAeAVAKALADAHACAB
5300108005019,BPBUBeBbBhBgBXBIBAAzAqAcAOASAOAKADABAABKBRBcBiBoBnBhBTBMBBApAyAgAbAPAIAEAAAC
5300108005020,BVBQBSBcBzB0BZBAA7AyAnAhASAOAJAEACACABBRBPBUBhB3B6BlBPBGA+A5AhAaANAQAEACABAA
5300108005021,A5A2A2BCBPBkBtBCBNBEBAAvAlAWAXALAIACACA3AwBCBZBcBcBnBzBNBHBTArAyAdAOANAIAGAC
5300108005022,BNBUBVBQBeBlBfBWBFAsAeAYAYAXARAEAHADAABNBQBTBaBgB0BsBgBQAzAgAmAhAWAVATAJADAA
5300108005023,BIBNBRBUBeBiBcBTBFAxAkAaAVAUAVALAHAAABBFBMBVBXBnBqBsBiBMA7AvAiAmAcAWALAFAEAC
5300108005024,BVBVBXBSBiBtBhBUBDAoAYAgAWAPAPACAFACAABLBRBYBbBqB+BuBeBIA0AnAaAgAUAUAGAHADAC
5300108005025,BGBPBRBNBTBjBnBQBFAvAhAlAaAXARAIAEACABBHBNBUBQBcBzBxBeBKA3AvA2AnAdAQAKAJADAA
5300108005026,BHBWBZBTBRBiBkBTBBAvAsAhAjAQANAGABABACBHBQBVBOBeBzB0BbBGA4AwA6AiAXAKAIAHACAC
5300108005027,BLBUBbBSBPBeBpBYA/AtAcAqAaAZAPAFAFAAABBABTBZBPBXBzB2BdBFA1A5AuAYAiATAKAEAAAE
5300108005028,BMBSBXBSBUBfBgBQBFAwAkAfAaASASAGAEABAABEBQBXBWBdBsBtBeBMA8AxAsAqAUAYALAEAEAC
5300108005029,BcBkBkBXBbBtBpBNA3AlAkAgAXAPADAGACABACBZBfBdBaBdB1BvBOA9AwAzApAcAPAHAGADAAAC
5300108005030,BxBzBsBXBSBgBzBjBGAqAaARAGAIAFACAAABABBmBwBrBaBVBvB7BiBBAmAdAPAMAJAFACABABAA
5300108005031,BjB0B5BgBpBmBiBZBFAxAmAPAQALAFAAACAAAABqBwBxBhBaBgBlBUA9AqAcAQALADAFABABAAAA
5300108005032,A8A+BEBHBRBiBXBKBNA+A2AgAWATAOAOAGABADA1A5BCBMBeBuBvBbBYBOBEA2A6AZAbAPAKAFAI
5300108005033,A4A8BBBJBbBiBXBKA8A6AvApAeAbAXAKACACACA5A7BABOBmB3BpBXBQBMA8A8A0AhAbARAKAFAC
5300108005034,AyA1BBBMBbBjBYBMBIA+A2AkAeAVAUAOADADAAAqA0A/BPBdB4BqBbBZBRA8BGApAhAnATADAEAF
5300108005035,A+A4A1A1A9BjB3BiBYBMA3AyASAYAHAKAHABAAA8AyA1AzBOCDCNBwBdBTBAA2AdAcANAJAIAFAA
5300108005036,BbBdBdBgBzBtBUA/A3A1AuAcARALAIACADAAAABbBYBcBlBzBwBYBFBFBDApAvAPARAKAFAFAAAA
5300108005037,BPBPBRBdBtB2BaBBA4A5A7AdARAIAMAFAAACABBIBMBRBeB0B5BfBHBKBNA8ApAaARAFAGAGAAAB
5300108005038,BbBlBoBjBoBlBXBHA8AyAoAZAPAKADAEABABACBbBgBnBnBsBsBdBNBGA+ArAiARALAIAHABAAAA
5300108005039,BVBTBZBWBUBkBjBVBIA2AmAkAYAJAGACAAAAAABMBRBXBWBdB1B1BgBPBAAwAqAZAQAIAHAEAAAA
5300108005040,BNBUBkBoBkBeBQA+BKA7A5AgASAHAIABABACACBKBTBiBYB1BpBRBCBTBeAxAsAWALAPAIACAAAB
5300108005041,BXBaB1BjBrBaBWBCAyAxAyAeATAJAEAEAEAAAABMBbBoBuB3BzBYA5BDBAA1ApAcAPAGACADABAB
5300108005042,BVBWBhBWB0BvBVBOBGA7AkAZARALAFACADAAABBaBVBkBgBcBrBsBlBLBAAtAZAPAGAIAFADACAB
5300108005043,BWBdBtBrBoBcBOBOBJA5AmAZAKAHAFADADABAABUBcBrBwBqBeBcBWBWBBApAZARALAGAEAEAAAA
5300108005044,BNBYBnBrBwBfBNA/BAA5AuAZAXAGAIACADADAABTBXBmBvBxBmBYBMBPBHA6AZAOALAKAFADABAB
5300108005045,AsA3BFBDBXBTBIA7BEBLBAA+A0AsAWAdAEAIADAtA0A8BGBXBVBRBNBTBVBLA9A8AiAfAWAJAJAG
5300108005046,BJBDBNBXBoBuBjBKBCA+AwAcATALAJABACAAAABKBCBRBYBvCCB0BYBOBFA+AiAbARALADADACAB
5300108005047,BZBdBmBnBhBaBXBOBOA3AoAYALAJAIACACABABBUBcBlBjBoBkBhBbBSBDAmAhAYAJAIABABABAA
5300108005048,A/A6BBBBBeB2BjBAA5A3AyA7AsAfAgALACAAABA6A7A/BGBZB8BqBKBBA9BSA4AyAkASAKAFAFAB
5300108005049,BABGBVBRBuByBVBCA4A1A7AhAdAVAOAGAHAAAAA6BEBJBZBtB7BmBNBGBJBKAnAcASAYAKAHAFAC
5300108005050,BVBdBhBcCPCUB8BgBOA9AuAfAXANAKAFAFADABBKBYBWBQBMBRBMBGA3AtAkAXAQAUAIAHAEACAA
5300108005051,BWBjBuBrBcBaBbBOBMA5ApApAXAUANAGAGAFAABVBgBnBdBTBVBbBOA/AzAkAeAZANANAJAEABAC
