codigo,pir
1100015001001,BxB+B2BzBhBWBRBNBAAtAbAhAeAPALAFADACAABnB3BzBvBcBUBKBGAxAkAZAbASAOAGAFACACAA
1100023001001,BxBwBxBuBhBUBTBKA+AuAfAXATAQAHAEADAAAABqBuByB0BpBfBYBKA6AqAkAQAOALAHAHACAAAB
1100023001002,CNCCB3BsBcBhBbBLA8AoAlAgAaAPAJAFACAAABCCB7BuBgBcBaBIAyAjAkAfASARAIAHAEABABAA
1100031001001,BkBtB/B3BbBXBEBGA/AyAnAmAgAeANAKAHABAABlBtB4BwBPBJBNA/A0AvAmAWAUAQAEAHAFAAAB
1100049001005,BmBtBwBsBfBTBSBNA+AuAiAZAUAMAOAHAEACAABhBpBvBvBpBeBbBLA/AsAgAWAYAMALAEACABAB
1100049001010,B2CBB3BxBpBZBSBHA5AoAoAjAXAaAJAGACADAABuBsB0B1BaBMA8A4AxArAsAVASAMAGACADACAB
1100056001001,BkBzB6BvBaBXBNBLA8AoAoAZAfAVAOAIAFAEAABdBwBzBqBbBKBWBIA5AwAeAfAXAOAKAHACACAB
1100064001001,BhBsB7B3BcBQBJBIA5AuAqAbAYAZAPALAFACABBdBtBxB1BbBVBJBDA6AvAcAjAiAMAKAGAEAAAB
1100072001001,BuCBCMB2BjBVBUBPAuAwAjAiAjAUAMAFADABAABpB4B2BpBUBOBBA6A0AoAdAiAPALACABACAAAC
1100080001001,CZCHB8B8BiBQBBBEAyAoAkAdAZARAOAHAEAAAACLCDB2BkBZBJBBA1AuAhAaAVAKAOAHABAFAAAA
1100098001001,BxBvB1BuBnBdBQBLA9AsAlAdAWARANAHADAAAABpBrBwB0BjBUBKBCA3AqAkAUARAOAKAIAAAAAB
1100106001001,B/B7B3BxBgBTBNBAAvAlAeAVATARAOAJAEACAAB2B8B7ByBkBWBKA/AxAmAjATASANANAFAEACAB
1100114001001,BnBqB0BzBpBUBSBFA8ArAeATASAQALAGAEABAABoBpBuCAByBeBUBIA4ApAeAUAPARALAIACABAC
1100114001002,BzB6B+CBBrBWBKBHA2AsAlAfAaAWALAFADAEABBwB3B4BxBaBMA+A2AvAnAfAZAUALAHACAGAAAA
1100122001001,BnBsBvBvBhBTBTBPA7AuAhAUARANALAGAEABABBlBsBxB0BrBgBYBPA9AsAdAWASAOALAFABABAA
1100122001002,BoB0B6B5BeBWBQBEA2ArAlArAjAUAWAIAGAAACBjB4B2BuBUBNBDA1AuAnAkAhAgAMAJADABABAA
1100130001001,B8B5B/B+BuBVBNBDA8A1AoAiAdALAMAGAAAAAABwB2B1BwBaBIBDA7A0AlAeASAOAJAGACACAAAA
1100148001001,B4CBBtB2BuBfBTBAA3ArAnAbAVAaAOALACAAAABsB1BsBqBgBZBCA6AwAoAdAZANARAKADACAAAB
1100155001001,BrBxB2B2BiBTBOBNA5ArAiAYAUARANAHADABABBmBsB2BzBlBVBTBGA0ApAeAbAWAMALAFAEACAA
1100189001001,BoBtB3ByBhBPBRBKA9AvAlAcAWASAKAIADACABBnBsBvBvBjBZBSBLA6AsAhAXAVAKAOAEACABAA
1100205999001,BiBhBtByBpBVBMBGA4AtAnAWAXANAJAFAEACAABhBhBrBzBwBgBUBJA+AyAjAdATAOAPAKAHACAC
1100205999002,BeBdBsBwBtBQBNBNBDA0AnAWASAJAKAEACACAABaBdBpB6B2BiBbBTBGA3AoAQATAIAHAFACACAB
1100205999003,B0B2B5B3BjBOBQBNA9ApAaAQAMAHAHAGABAAABBxBvB8B2BpBdBaBOA/AoAbAPAOAKAGADACACAA
1100205999004,CAB8B7BsBaBSBXBSA6AmAYAOALAIADAGADAAAAB7B5B6BuBmBkBeBPA2AkAXAPALAJAFAEABAAAB
1100205999005,CSCPB+BtBbBOBRBDAzAkAXAQANAIALAEABABAACHCLB/BuBlBXBRBEAuAeAWAOAMAMAEACAEAAAB
1100205999006,CJCDCAB6BrBWBNBLA5AzAvAaAbAWAOAGADACAACGB/BxBcBPBCA7AyAoAkAXAUATAIAJADACABAB
1100254001001,BkByB3B7BiBOBLBFA7AwAgAmAbAVAJALAKABABBeBqB0B4BYBPBIBEA2AsAfAeAbAQAKAIADABAB
1100262001001,BjB0B4CKBTBrBUBOA9AzAyARAjAbALAIAGAAAABsBzBqBXBrBNBDA7ApAdAfAiAVARAAAKADAAAA
1100288001001,BoB0B1BqBgBWBRBJA6AtAhAaAWAVAMAKAEABAABjBtByBvBjBeBQBFA4AqAfAZAUAPAIAGAGABAA
1100296001001,BoB2B/B4BiBVBPBNA9ApAfAhAZATAPAIAFAEAABiBvBwBvBfBQBMBDA0AnATAiATATAIAFADABAA
1100304001001,BrByBzBsBeBTBTBLA8AsAnAUAVAOALAFACAAAABqBtB0BsBlBeBYBMA7AsAcAbAUAMAIAEACABAA
1100320001001,B9CDB4B2BrBYBQBHA9ApAiAdAcANAJAGAAAAAAB3CBB5BwBZBNBEA5AwAmAdAUAPAJAFADAAAAAA
1100338001001,B9B9B+B9ByBXBSBGAzAuAeAdAeALAIAFACAAAAB4B1B5B7BiBNA/A4AsAoAXAUALAGAHAFAAAAAD
1100346001001,B4B5B1BzBoBYBPBGA4AuAjAbAeARANAJACAAAABoB5BsB2BhBOBDA+A0AqAeAWAQAQAKAFACAAAA
1100379001001,CDCOB6B9BmBeBaBEA0AkAmAmATAQAJACAAABAAB1B1B3BoBkBKBGA3AxAeAbAZAOAGADAEAAAAAB
1100403001001,B5B7B4B5BrBgBUBMA5AtAqAgAYAXAMAGABAAABB0B0BpBpBUBQBEA5AvAmAfAaARAHAHAGAAABAA
1100452001001,B9B5BwB6ByBfBZBIA+ArAmAYAOAMAHADAAAAAACCB0BxB7BqBXBMBBAsAiARAPAHAGADABACAAAB
1100452001002,B8CECMCCBrBVBQBJA4A1AmArAcAJAEADABAAAABzCBBxBxBTBLA5A2AyAoAaAUAHAHADACABAAAC
1100502001001,BuB6B+B4BqBbBLBJA9ArAhAeAfAPANAEAFACABBrBwBxBwBiBNBIA5AwAmAfAdAaALABAGADAAAA
1100601001001,B2B5B3B2BnBaBXBHA/AxAYAtAbAPASAHACACABBzBzBrBpBfBNBBA1A2ArAYAkANAMAEAAAAAAAA
1100700001001,CICDCDB9BjBfBTBEA6AwAgAlARAWAIAFAAAAAAB8B8B3BrBbBPA7A2AwAlAeAMAIAIAAADADAAAA
1100809001001,CMCEB/B7BjBOBIBAA9AvArAaAcAPAMAFACABAACFB+ByBoBXBRA/A1AsAmAfAQASAEAGAEACABAA
1100908001001,BrB9B3ByBQBkBgBPAsAuAlAvAaAYALAHAEACAABwB5BuBeBaBSAzA5A8AuApATAgANAEABAAAAAA
1100924001001,CACEBzB1BnBgBWBOBBAwAlAoAfARAIADAAAAAAB0B4ByBjBZBWBFA3AnAiAcAVAKAGAFACACADAA
1100940001001,CKCGB6B4B7BSBbBCA/AxAiAhAWALAHADABACAACBB+BgBpBmBLA4A8AuAjAZARAPAHADABAAAAAA
1101005001001,B7B8CDCJBqBSBNBGAvAsAoAcAUAVAFAHADAAACCHCWBrBlBQBQA7AyAuAkAdAXANAMAHABABABAD
1101104001001,CCCPByBnBUBZBKBCBAA7AuAdAXAZAHAHADABABCAB4CHBnBWA/BCA9AtAhAiAWATAGAFADAAACAA
1101203001001,BtB5B4BrBuBUBdA6A1ArAsAkAYARAGAMACAAAABwCCB1BuBWBOA7BAA0AuAkAbANAPAGAEACAAAC
1101302001001,B4B6B8BxBlBWBNBCA5AwAkAaAZAVANAJABACABBzB8BuBvBjBRBAA6AzAlAaAaAWAMAJAEADABAA
1101401001001,B+CCB3BzBqBZBPBCA8AuAjAjAdASAKAGAAACABB4B1BvBsBiBPBAA6AsAmAcAYAQAKAIABADAAAB
1101435001001,CGB/BzBzBuBmBRBDA2AqAgAdAZASAGAJAEAAAABwB9BvB3BdBQA/A5AnAnAcAVATAKAIAHAAAAAA
1101450001001,B7BlCcB8BcBWBHBRA8AvAuAiAjAKAFAAAAADAAByCQBuBkBZBIBABCBCAmAOAbAHAOAAAAACAAAA
1101468001001,CECVB8BjB/BEBHA6A7ApAlAnAhAJAEAQAEAAAAB4CEBrBdBbBRBGBPAoAkAZAQAQAJAEAEAFAAAA
1101476001001,BuB0B5B+BeBSBdBWA8AwAjAhAaAUAIAQADADAABvByBnBgBbBTA8A3AuApAmAXAbAMAFAKAAAAAD
1101484001001,B1BzBsB3BwBQBTBHA+A1A2AWAaAQANAIAEACAABVBuB5B2BXBIBDBEA2AsAgAXAZANAKAFACAAAA
1101492001001,CKCCBzB6BlBgBbBHA4AtAhAgAZALAGACAAACAACDB9ByBjBhBUBFA4AvAiAdASAHAFAFABACAAAA
1101500001001,CKCKB4ByBsBZBQBJA3AuAlAYAVARAIACABAAABB/CBByBoBcBQBIA6AqAiAWAVAPAIAEABABAAAB
1101559001001,BpB0CFCJBeBXBUBIA2AiAnAcAYAYAWAEAEABABBmB1BqBlBeBVBCA9ApAlAhAeAWASAMAGACABAC
1101609001001,B0B3B9CBBxBbBKBEA7AyAqAeAcAYANAEACABAABhB4BxBnBiBHA5A0A2AzAkAUAXAIADABACAAAA
1101708001001,B8B4B+CABvBPBFBDA4AxAnAeAbANANAHAFABAABnBzB5B5BdBKA4A7A0AsAjAVAUAPADADADABAA
1101757001001,CHCACJCEBuBJBPBGA6AmApAgAdASAOADAAAAAAB1B9BrBlBYBKA6A5AqAxAdAZAOAJAGABABAAAA
1101807001001,B0B2B4B7BxBXBaBJA7AqAmAbAcAUAJAHACABAABmB5BwBvBcBRBHA4AqAkAgAYARALAJAEADAAAB
1200013001001,CbCSCGB3BdBRBDA8AwAuAiAdATAUARADABABAACMCIB7BlBWBFA+A4AnAjAYAXAQAKAEADABAAAA
1200054001001,B8CwCJCABoBOBJA2ApAVAfAUARAKAOANABAAABCOBzB1B1BfBRA7AxAmAlAaAUAPANAZADAFAAAA
1200104001001,CECCCEB1BkBRBKA7AzAoAeAcAWAYAJALACADAACFB5B9BwBXBOA/A4ApAlAdAZARAKAIAGADADAC
1200138001001,CaB+CGB7B0BKBKAxA5AwAiAdAfANATABACADAACMCIB/BnBWBCA9AuAlAnAbASAGAJAIACAAABAA
1200179001001,CTCcB3BqBdBPBKBHA8AuApAcAfANAHALAHABADCdCMBqBaA9BPBIA2ApAfARAaAPADAJAEAEACAA
1200203001001,CFB5B7CEBpBLA5AxAoAiAeAUARAOALAIAFADABCAB3CCCVBqBRA/A1AtAjAfAWASAQAJAHAGAEAB
1200203001002,CxCQCLCIBtBNA4ArAlAeAZAVATAPAIAEACADAACrCMCEB1BeBDAwApAiAeAXARAQAIAHAFACADAA
1200252001001,CDB8B7BnBjBXBNA7AwAmAcAcATASAQANAIABAACICGByBzBcBUBHA8ApAiAaAYAQAQAFAHACABAE
1200302001001,CICdCRBxBiBJBFAvArAhATAZASAOAHAIAAADADCDClB7CCBbBKBQA1AdAYAZASARAJAJAGADABAA
1200328001001,DJCuCjCLBeA+A5AoAVA3AIAXAHAGACAAAAAAACDmCqB8BfBRA5AeAiAnAUAOAdAPAIAAAAAAAAAA
1200336001001,CZCKCUCQBuBGA1AwAnAfAYAbASAMANAFABABABCRCSCHCCBXBCAxArAqAgATAZANALAKACAFAEAA
1200344001001,CzCdCICHBoBIAyAtAnAgAcAcATAPAIAGACAEACCiCYCHB4BWA8ArAsAkAaAUAKAOASAGACACAEAA
1200351001001,C/C+CYB4BmBEA2AoAqAiAUAOAKAIAGABACACAAC2CsCNBsBZBEApAkAkAUAKAPAKAJAEACACAAAA
1200385001001,CDCGCDB/BkBMBEA+AyAoAkAVAaASASAIABACABCMCBB6BwBTBKA+A4AoAiAXAaAOAPAHAEAEACAC
1200393001001,C/CpCbCNBsBEA3AmAkAaAXAKAOAJAEACABADABC0ClCRBtBVA7ApAhAnAaAQASALAMAEADAAAAAB
1200401001001,COCBB4BnBWBYBYBEAsAjAPAWAIAKAHAFADACAACHB6B8BuBxBlBkBEAxAeAXAOAMAKAEADAFABAC
1200401001002,CKB3BwByBkBYBNA7AyAiATAUANAIAIAGAFABABCHB+BzB8B0BkBVA+AyAkAYAQANAMALABAAACAB
1200401001003,CQB8BzBvBmBYBNA8AuAeAWARALAPAFAIAHAAABCSCCB0B2BwBjBKBAArAjAWATALALAEAFAEABAC
1200401001004,CMB+BxBxBlBPBKA3AuAgAbARANAOAPAHADADABCLB7B2B7BzBaBNA7AtAiAcAUARAOAIAFAEADAB
1200401001005,B0BnBpBzBkBVBIA2AvApAkAQAQATALAMAFAEAAB0BuBxB9B4BdBJA8A4AnAjAcAbANANAHAGAIAC
1200401001006,CIB0B0B1BsBWBEA1AvAiAhAPARAJALADAFAEABCAB4B1CCB1BYBKA6AyAmAgARASAKAKAIAGACAA
1200401001007,ByB2B3BzBYBKBMBIA+ArAdANAMAIAJAFABAAAAByByB8CBBnBeBdBUBHAnAeAKAMAJANABABAEAA
1200401001008,B0BqBrBtBoBWBMBBA0ApAXAUATAIAHAGAAADABBwBqBwB3B7BsBdBIA9AsAkAQAOAMAJAEAFACAE
1200401001009,BSBSBeB0BnBOBEA7A/A3AsAZANAXAKAMABADAABQBZBbCCCABbBUBKBNA9AwAiAXAUAPAJAIAGAD
1200401001010,BSBRBfBqBfBOBEBBA3A3AkAjAcAPAQAFAIAIABBOBPBbB1B6BWBSBQBDBEA4AdAaAeAcANAJAEAE
1200401001011,CVCDB5B6BoBZBIA8A1AqAlAcAUASANALAGABABCLB9B0BkBeBHA8AyAqAgAbAXATAKAHAEABACAA
1200427001001,CxCZCJCIBqBNA2AvAjAfAaAbASALAGACACAEACC0CYCCB2BVBDArAlAcAZAOAfAKAKAIADABABAC
1200435001001,DaC6CgBaBdBMAfA5AjAbAJALAbAHAJAAAAAAAACzDHCGB6BMBNAiAkAaATAIAeAQAHADAAAAAAAA
1200450001001,CGB4B2BvBhBWBIA1AuAiAiAPAOAUANANAIABACB3B2BzB6BoBbBGA7AuAsAYAeAZALAHAQAFADAA
1200450001002,CNCBCICABjBPBDA9AzAuAhAhAgANAOAGAFADABCLCCB7BjBVBBA2A3AqAlAcAYAQAKAFAEAEADAA
1200500001001,CeCPCDB8BpBGA4AwAsAkAfAXASATATAGAGACAACWCHB7B+BeBCA2AsApAhAaAWARAJANAFACABAA
1200609001001,CpCWCKCFBgBCA5AyAkAgAVAYAPARAOAHAFADAACiCSCEB2BYA+A3AuAhAdAPAgAVAIAJAHADABAB
1200708001001,COCKB5B3BdBOBCAvAwApAfAeAZAVARALAHACAACCCFB3BsBTBBA7A5AvAkAgAZAQASARAHAHADAB
1200807001001,CRCOB8BvBoBMBSA9A3AsAsAaAZASAPAHADACABCHCEB6BgBUBGA8AvAqAkAfAVAPAKAHACADACAB
1300029001001,CyCrCBB5BlBKA4A2AdAZAhARAWAPALAHACAAAADAChCXByBRA8AtAjAiAbALASAIALACADAAACAA
1300060001001,CPCiCFCGBfBQA6A1ApAgAbAUATANAKAJAFAAAAC1CeCIBdBbBIAwAtAiAWASAYAQALAFAGAEACAC
1300086001001,CoCaCMCABiBPBEA1AjAbAWAfAQANATAEAIAAACCaCNCNB0BPBBAuAqAiAfAPAUAYAQAGABAAAAAD
1300102001001,CeCNCTCDBnBHA+AyAoAjAfAUAXAUAMAGAGACAACUCOCFBwBYBDAzArAkAdAaAQANAMAFAGADAGAG
1300144001001,ClB/CVBiBbBMBJBIA7A9AeAXATAMAJACABAAAACZCRBxBmBUBGBLA7AtApAPALALAFACABAAAAAA
1300201001001,CxCqCSB4BVBQA5AzAiAhAVASANAUAKAGABAAABClCkCKBrBVBPA4AtAoAZAQATAKACAEACABAAAC
1300300001001,CgCaCVB5BcBGA+A1AtAiAaAYAYAQAOAIAEADAACYCNCDBwBRBCA2AsAiAbAVAXAOANAOAIADABAC
1300409001001,CCCtCRB1BbBaBGBDAsAcASAWAZALAGAEAGABAACSC5CIBwA7BKA4BBAfAVAQALAUAMAGABABABAA
1300508001001,CuChCTB5BcBEA4AxArAhAZAXAUANAQALABADACCkCbCJBrBIA2AxArAfAbARAYANAUAKAJAFAFAB
1300607001001,ClCRCHB/BgBHA9AxApAfAYAVATANAOAIAHAAABCXCRCLB5BVBDA4AxAjAaAWAWAZAMAIABADABAA
1300631001001,C1CfCVCBBcBHA4AuAoAcAZASAPAWALAIAEACAAC4CXCEB5BTAyAuAqAcAaATASAPAMAIABACADAB
1300680001001,CkCiCKBkBcBIA8AzAiAtAYAWAMAUAGAJAEABABCfCnCaByBSA/AvAqAoAhARAQAPAOADAKAFABAB
1300706001001,CSCKCPCEBoBPA4AzApAlAeAXAYAOAKALADACAACPCGB8B2BfBHA0AvAlAhAZAWASAOAOAEACACAB
1300805001001,CqCqCUB8BZBHAwAvAkAfAXAYARAQANAGACAFABCiCfCKByBUA+AuAqAgAdAWAUAPAMALAFAEACAC
1300839001001,CpCYCKCGBuBSA/AuApAoAlATANAOAQAEADAAAACXCNCCBzBWBGAuArAjAcAUARAQALAGADAAAAAC
1300904001001,CGCbCgB3BqBOA+BAAkAjAYAaAOARAHAFAEAAAACFCcB7B/BTBHA5A1AkAkAeAQASAGAFACAAACAA
1301001001001,CwCjCUB/BfBCA1AwAlAiAUAVAOAMAHAFADABABCqCXCLB1BbA/A3AtAfAbAYANANALAFAGAEACAA
1301100001001,B7CKCBCDBdBVBCA6AuAnAkAZAVAXAPAJABABABB/CRB9B1BgBMA4AzApAiAWAWAQALAIAGADACAB
1301159001001,CCB/CBB7BnBVBGA3AyAnAlAdAfAUAYAIADACAACACAB8BqBbBCA8A0AnAhAeAZAWAPANADABACAB
1301209001001,CMCJCHCBBrBJA3AuAqAiAaATAKARALAHAGAAAACRCHCLCEBxBIA5AvAnAgAcAPASANAIAFADABAA
1301209001002,C7CkB7BvBbBQBGAwAlAfAWAWANAPAHAGABABAADNCsCRBoBcBHAiAlAeAYAQAPAJAHAIABAAABAA
1301308001001,CdCaCSCJBkBDA4A1ApAhAaAVAVARAIACAFADAACfCRCMB2BSA8AwAsAjAfARAQAUAMAMAGAEAAAA
1301407001001,CcCoCXCLBjBAA5AuAlAdATAWAMANAGAIADAEABCbCeCOB3BaA7AyAvAkAcAWATAOAMAGABAEADAB
1301506001001,CsCqCOCFBmBPA3AtAhAYARASANANAEAEAEADABCvCeCNB7BgBLArApAcAYALAXALAJAEACACABAA
1301605001001,CZCZCHByBdBSA3A0AlAcAYAPAOAUAHAGADAAABDDDTB5BeBXBMA1AjAjAkARARAMAIAGADACACAA
1301654001001,DEC8CLCMBnA+A3ArAeAfAUAQAPAOAEACAEABAACpCqB/B2BKBBAyAqAaAWAVAPANAIAEAFACADAC
1301704001001,CkCRCICCBhBJA9AwAqAlAZAeAQAUAJAIADABABCXCKCCB3BZBEA1AwAkAeAZARAPALAKAFADACAD
1301803001001,DNCtCaCGBXBAApAzAhAZAOAXALAIAIAEAHACAADHCgCGBzBTA9ApArAjAYAQANAOAFACAHABAAAB
1301852001001,CPCCB9CCBsBVBDAzAsAiAlASAbAMAJAFAEAGAACOB/B9B3BpBHA7AvAnAfAXAWAXAMAKAEADABAB
1301902001001,CJB+B8B9BjBNBAA1AtAjAbAVAWALAMAHADACAACECACACEBmBOA+A3AtAjAZAZATANAKAJAEADAD
1301902001002,CjCWCQCABlBMA7A2AwAqAhAbAhAQALAKADACABCXCLB+BnBMA3AyAoAjAeASAeATAKAJAEAFAAAA
1301951001001,DECrCUB9BgBBA2AwAlAdAQATAJALAGACADAAABC8CxCLB9BSBBAyAnAYAVARAOAFAIAEAGABAAAA
1302009001001,CSCMCSB3BhBQA4AzAxAhAYAfAaAOAIAPACADAECOCTCBB5BWA+AwAsAkAhAhAVANASAHADAHAAAH
1302108001001,CMC7CGB/BbBSBBAzAnAVAPATAbALAGABAAABAACUC6CNBsBjBPA6AnAcAZAXAVAHAFAJADAAAAAB
1302207001001,C8CcCRB5BeBKA2AzAkAfASAWAQASAGABAEACABC7CeCEB6BgBEAuAoAWAXATASALAHAJAEAAABAA
1302306001001,CsDYCeB/BSBRAxArAfAZAYALARAGAIACABABAADMC4B6BhBPBCAqAlAgAXAVAMALAHAGADACAAAA
1302405001001,ChCTCVCJBbBEA4A1AoAlAYAXASAOANAFAFABABCcCLCFB1BYA9AzAwAnAeAYATASANAJADAEABAC
1302504001001,CTCECBCABmBHA4A0AnAiAbAVAVANAMAHAEADACCLCECGCEBiBMA6AyApAfAWAYAVAOANAFAGACAC
1302504001002,CaCZCQB/BlBMA+A2AsAjAfAaAYARARAHADABAACRCUCOBpBPA5AzArAkAjARAaAOANAIABACABAB
1302553001001,CNCHCKCCBYBKBDA6AwAmAnAXAJAdAXAMACACAACLCGB/BvBTBGAzAzApAcAZAXAaARAKADACAAAD
1302603999001,BUBQBQBnBoBTBIBFA4AuAjAaAWATAOANAGAEABBRBNBWB5B3BiBOBNBEA5AsAlAgAlAWAYAOAFAD
1302603999002,BeBYBZBnBtBdBMBEA3AtAiAWAPASARAHAGADAABaBVBaB4ByBlBRBQBCAzAnAgAeAcAUARAJADAC
1302603999003,BmBeBaBnBtBcBPBDA2ArAcAdAQATALANAGABABBdBbBeB7B7BhBRBHA9AyAoAbAXAhAPANAGAEAB
1302603999004,BhBdBdBtB5BlBQA/AzAqAnATASAOALAFAFAAAABjBgBeB7CEBrBUBDA4AvAsAYAZAMALAMAGADAC
1302603999005,BlBfBXBpByBnBTBFA4AnAWAgAVALAPAGACADAABgBfBaB0B1BxBYBHA5AuAfAkAaAYAPAIAEADAA
1302603999006,B6BxBpB8B3BdBKA9AvAoAaAUANAMAHAFADABAAB5ByBuCCB6BhBLA9AyApAeAUAQAKAJAFAEACAB
1302603999007,BlBgBgB1B/BkBNA+AzAoAhAWATAJAIAFABACABBmBjBhB9CGBqBRBCA3AwAlAaATANALAHAEACAB
1302603999008,BzBrBvB8B0BVBIBAA5AsAcAVANAJAHABABABAABrBtBuCIB5BgBOBHA9AuAaAVAPAHAIAGAAAEAD
1302603999009,BhBhBsB6BqBSBHBFBCA2AjAUALAGALADADABAABeBaBpCIB9BfBQBVBHA3AgAWASANAIAEACACAA
1302603999010,ByBkByCAB6BVBJBHA8AuAXATAPAEAFAAADACAABoBgBvCGB/BeBWBJBEAtAZAQAQAGAKADADAAAC
1302603999011,BwBtBkB6B4BiBQBCA1AmAeAQANALAHADACABAABsBpBmB8CBBnBTBEA4ArAfARARAIAKAGACADAB
1302603999012,ByBmBhB8CABfBGA8AyAqAdAWAOAJAIAHABABAABxBjBkCFCFBjBLBAA3AzAhAVASAOAIAHACADAA
1302603999013,BTBZBcBrBpBdBIBHA5AwAsAUAZAMAFALACAAAABQBVBeB3B7BqBcBQBCA3AyAjAfAOAUAIAGAAAB
1302603999014,BpBaBfBqB0BdBVBDAyAnAdAXAVAKAKAGADACACBkBZBlB5B4BoBOBNA9AuAgAoAYAXANAIAFACAB
1302603999015,BrBqBoB2BuBaBOBFA3AoAcARAQAKAJAFACABAABpBmBnB8B3BjBUBLA+ArAdAcAPASALAIAEADAB
1302603999016,BoBfBlBqByBgBUBNA3AnAfAUAOAPAEAMACADAABdBaBfB/B/BrBaBFA3AtAjAdATATAMAHAGACAB
1302603999017,ByBpBfB1B1BdBKA/AxAoAeAWARAVAJAJADABAABrBkBiB8B8BeBOBEA3ApAhAbAYAPALALADAHAC
1302603999018,BoBmBbBsB3BbBTBFAuAlAYAbATAMAKALAHABAABvBgBfB3B6BhBQBHA1AsAeAiAbAbAPAKAEACAC
1302603999019,CaCRB2BjBbBdBUBRA3AjAQATALAIAFADAAAAAACQCJBtBsBqBkBQBGAtAfARANAHAEACACAEABAC
1302603999020,CWCEB6B4BmBMBBA4AvAnAeAQAMARAJAEACACAACVCFB4B6BpBQBCA7AuAiAcAPANAMAGAEACADAC
1302603999021,BSBPBZBvBwBZBGBCA9AxA3AVAYAMAIAIABABABBKBPBZB+CABoBQBQBHA+A4AdAYASAOALAJADAD
1302603999022,BBBJBRBsBgBUBDBDA9A5AvAfAgAKAWAJAEADAABJBHBTB6B5BnBTBPBTBAAzApApARAYAKALAFAB
1302603999023,BgBaBeBuBrBVBLBEA+A3AlAfASAHALAIACACAABbBaBkB3B9BgBVBPBHA5AuAaAXANAIAIADACAB
1302603999024,BOBRBYBiBkBXBHBLBAAxAsAeAUAOAMAHADAAAABLBMBbB6B/BpBaBWBKA9AyAjAaAXAUAIAEADAC
1302603999025,CBBvBZBfBlBhBgBQA/AqAgANAPADADACABAAAAB9BnBgBrB6B4BlBTA7AmAZAPAIAJAJADACABAB
1302603999026,CDCHB2B2BlBTBNBLA1AiAYALAHAJAHACABABAACHCFB/B6BsBbBWBHAwAgARAPAKAKAHADABABAA
1302603999027,CYCNBxBrBjBgBZBFAsAfAWALAJAIAGACABAAABCWCMBvBwBqBkBTBCAtAdATAMAKAJAEACABABAB
1302603999028,CqCSBtBjBiBiBRBCAuAdAZALAKAGAFACABAEAAChCLB2BtBuBmBMA4AqAbAMATAHAKAEAEABAAAB
1302603999029,BwBoBkBwBmBVBTBQA/AvAaAQAJAIAEADACABAABrBmBpB4B1BnBgBVBFAwAdASAPALAIAGABABAB
1302603999030,CNCGB3B0BjBWBVBHA0AfAUANAJAFAEADABABAACHCAB4B5BsBcBVBKAwAgAXAMAKAJAFADACABAA
1302603999031,CuCLBkBZBoBoBaBDAvAfASAPAJAFADADABAAAACpCHBpBmB2BtBTA9AqAbAOANAKAFADACACABAB
1302603999032,CfB/BpBrBmBmBLBAA+AxAoAUAOAEAIAAAAAAAACWB+BlBuB3BcBNA4AgAaAWAOAMAKAGAFAAAEAA
1302603999033,CmCQBxBlBiBdBRBBAvAgASARAMAHAEACAAAAABClCPByBsBlBjBPA7AsAdATALALAEADAFACABAC
1302603999034,CfCXBzBuBlBYBRBBAtAhAUANAKAGAEADABAAACCgCQB3BuBlBZBRA+AsAaAUAKALAGAGAEAAAAAB
1302603999035,CdCKB3BzBiBYBRBCAyAgASANAJAIAFACACAAAACXCMB3ByBsBcBRBAArAdAWAHAKAIAFABACABAC
1302603999036,CLB3BsB3B1BbBMBCA1AmAaANALAGAFADADABAACFB3BsCAB4BcBLBCA2AmAWARAMAKAFAEABACAA
1302603999037,CLCLCEB+BeBPBOBEAyAgATANAHAKAFAEABAAAACMCICBB6BlBVBRBCAwAfAWALAMAGAFADAAACAC
1302603999038,CGCFB+B/BpBOBTBJA3AfATAOAJAGAIACAAACAAB+B8B8B2BoBWBYBFA0AjASAUATAEAGABACABAB
1302603999039,CJCKB4B0BuBdBMBLA4AzAnAgAfARALAGADABAACEB/BqBnBUA/A1AwArAjAaAYANANANABADACAB
1302702001001,CTCcCVB9BfBJA5A1AsAkAcAZAVAQAIAEAEAFABCQCVCJBzBTBBAxAyAjAdAWAUAPAOAJAGAGADAB
1302801001001,CYCmCZB+BYBTA7A4AvAeAdALAMAKAJAFAAACABCZCnB5B3BpBEA1AwAsAVANASALAJADAEAAADAA
1302900001001,CdCTCRB7BcBBA2A0AuAnAbASARAUARAKAGADABChCSCMBsBQA5AxAvAnAgAQAYARAUAJAKADABAC
1303007001001,CMCdCfCGBcBDA5AxAuAfATAeAWAXAOAEACABABCVCaCIB1BRA9AtAqAsAdAcAUASAKAIACADACAD
1303106001001,CdCkCGB8BaBEA3AyArAhAUATARAMASAJAFAEACCcCdCKBwBYBAAyAtAmAfATAOATASAJAJAGACAA
1303205001001,CFCWCYB5BhBDA6A2AnAyATAdAPARASAFACABAACLCVCIB6BaBCBCAuAlAUASAXAQAXALAIADACAA
1303304001001,CfCkCPB4BeBFA2A1ArApAXAbASAMAFADAMAFABChCZCJB1BQBEAyAnAiAWATAVAQAUAGAIADACAC
1303403001001,CNCGCFB+BdBDA3AzAtAiAdATASARALAIAGAEABCJCBCHCHBdBFA5AyAsAjAeAUAVASAMAJAFADAC
1303403001002,CvC4COB3BaBMA5AtAoAhAbAUANAVAMAHABACAACsCyCEBpBIA1AyArAgAZAVAMAKALAJADAEACAD
1303502001001,CmCeCPCHBgBFA3A0AmAeAUAWAIAQAKAGACAAAACfCRCNCGBfBBAxAxAmAZATAUAUAGACACAAACAD
1303536001001,CTCIBwBwBpBYBYBQA/A4AjAcAMALAIAEADABAACHB7BuBjBaBQBEA5AvAiAYALAJAPADACACACAA
1303569001001,CECGByBpBpBqBNA/A1AlAdAYATAHAIADAAABAACRCSB8ByBvBaA9A1AlAcAgAIANAKADADACABAA
1303601001001,CgCZCFB7BbBSA/A7AmAlAdAWAXATANAEACADAAChCPB6BtBQBIA0AmAkAhAeAVAVAKAHAGADABAC
1303700001001,ChDgCLB8BUBFAxA0AmAgATASALAKAEADAEACAACbDQB6BtBSBDArAtAmAcAUAMAIALABAGADABAB
1303809001001,CWCIB3BwBiBZBKA6AwAnAeAWAUAJAJAKAFADABCYCGByBtBZBPA7A5AkAiAcAYAVAMAFAJACACAC
1303908001001,CuCrCUB6BXBOA5AxAoAbARAUAOAKAIAFADADAACrChCHBsBUBKA2AvAfAWAVARAOALAJAFAAAAAB
1303957001001,CgCgCDB9BtBKA6AmAnAcAaAVAUAPAKAIAFAAAECqC3CSBnBSBAAkAvAYAcAcAMAKAKAKAHAEADAA
1304005001001,ClCgCLCABcBJA9AzAtAnAVAiANARARAOACACAACZCaCABkBPA8AvAsAtAhAVARAOAQAOAAAAACAA
1304062001001,CjCRCEB6BfBSA/AyAtAfAaARALAQAKAFABACABCaCOCCB7BfBNA+AyAoAbAWAQAOAMAHAGADABAC
1304104001001,CnDNCaB2BaA+AtA4AlAgAMANAJAGAIADAAACAACvDACaB1BdBEAzAtAgAVAHAJADAFACACABADAB
1304203001001,CaCUCOCDBnBLA5AyAmAhAYAUARALAIAFAEAAAACaCLCKCCBiBJA0AuAkAcAYAQAMAMAIAEADACAD
1304237001001,CrCsCTBtBWBFA4AvApAgASAYAKASAMAEABAAAAC7CnCHBtBXBBA4AsAiAXASASALALAKAFACAAAA
1304260001001,C1CiCUBzBmBGBBAsAoAeAUAWAJALALABACABAACiC/CPBuBSBJAxAnAgAXAVALAEAIAKAEAAABAC
1304302001001,CVCdCQCCBiBFBCA6AlAgAfAWAKAQARAFACABACCRCeCNBvBQBHA3AsAiAcAVAVAVAIALAEAAABAC
1304401001001,ChCdCdCKBcBCA2AxAtAoAWAeASARAMALAIAFAACTCaCJBmBAA4AsAsAkAbAUATAUAMAJAJAHAHAD
1400027001001,CmCvCEBiBTBFBEA8A5A0ApAdAbARATAIAFAAAECsCABiBYBEBKBBAlAqAbAVAWAXAGADAIADAEAA
1400050001001,B2CPCoCABXBMBNBCA1AnAbAWAQAPAIAGAEAAABByB8CfB1BSBOBGA+AmAeAXAOAQAJAEADADAEAA
1400100999001,BcBYBiB2BsBXBJBFA4A0AwAUAXAPAKAIAEADAABZBWBjB6B0BeBPBJBDA4AkAaAXASAQAOAIAEAB
1400100999002,BfBeBjBsBjBNBNBQBEA1AkAVAJARAGACACADAABcBgBsB/B0BjBcBWBHA2ApASAMAQAKAGACAGAA
1400100999003,BnBqBpCBBxBUBABHA/AyAiAXAMALAIAIAAADAABlBjBwCLB0BVBIBMBIAuAiARAMAQAJAEADABAA
1400100999004,CcCIBzBlBgBeBZBIA0AhAXAQAJALAIADACABABCTCDBxBxBmBhBTA+AqAdASAQALAHAFAEACABAA
1400100999005,ByBqBtCUB2BPBEBBBBAuAhAPAPAKAEAGABACAABqBrB2CRB1BLBGBIA+AlAaAVAQAFAIAGADADAC
1400100999006,CECEB5B5BnBRBUBIAxAnAZAPALALADADAAABAACDCBB4B4BpBYBTBFAyAhAUAPALAGAHAEACABAB
1400100999007,CsCUByBiBlBbBZBBAuAfAXAPALAHAEAEACAAAACjCNBmBqBvBjBOA4ArAbAUAIAHAHAEAEAAAAAB
1400100999008,CeCGBuBpBrBeBTBHAxAgAYAPAMAFAGABACABAACXCBBuB0B3BeBPA/AqAdARARAIAIADADABAAAB
1400100999009,CgCPB1BhBjBdBVBHAyAnAbAQAHAMAJADABABAACqCFBtBkBlBbBMA/AoAfATAMAGAJAFACABACAA
1400159001001,CqCdB5BeBWBTBQA2AyAxAaAUATAMAKAIABADAACxCuB0BfBbBEA4ArAiAgAXAMAKAJAOABACABAA
1400175001001,CXCKB/B1BVBQBHBGBCA3AvAfAfATAFAFAFADAACXCJB5BeBOA7A4AtArAjAYAWANAEAEAEAAAAAF
1400209001001,CYCNCDB6BfBJBGA8A0AqAhAdAYAPAMADACABAACbCJB6BtBXBGA4A4ApAeAdAPANAKAHACABAAAB
1400233001001,CKCQCOCCBiBOBABFA3AqAjAdAYAJAPAGAAACAABzCICLB2BRA/A8A0AsAbATAcASAJADACADADAA
1400282001001,CWCLCXB0BgBKA/BKA8AsAsAUAcAPAGACAAACACCLCBBzBrBbBAA8AmAmAmAaAfAOAEAOABADAAAC
1400308001001,B+B/CPB/BdBSBNA7A5AxAgAiAhAJAGAJACAAAACEB+BzBxBRBBA7BCAsAlAYAcAQAKAJAEACAAAC
1400407001001,CqChCOBgBHBSA/A6AtAhAVAVARANAIAIACAAADC5CwB7BuBWBLA3AxAdAcAaALAIAJAEAGADABAC
1400456001001,CnCVCABqBhBYBFA6AwAnAfATANALAEAKAEACABCyCcCCBiBLBFA6AzAqAhAXALAGAPABAIACAAAB
1400472001001,B4CQCTCDBeBGA/A/A+AvAqAeASALAGADADACAACTCFCHBwBVBEA3A+ArAhAcANAMAHAEAFABAAAA
1400506001001,CNCACGCDBpBUBHA3AwAsAkAnASAOALAFACABAACPB1B2B+BcBGAzA8AsAgAiALANAMAGAAAAAEAA
1400605001001,B5CMCaCYBUBFBNAxA7AqApAmAPALAFAFABADAAB2B8B6ByBZA/AxBUA2AjATAUAOAOAIAEACAAAA
1400704001001,DGCuCTB2BPBDBAAyApAgAQAOASAMAAAFAFAAAEDBCxCEByBJA3A5AoAhAXAPAJAJAHAIAEAEACAC
1500107001001,B4B/B+B/BnBPBEA4AvAmAdAWASALAHAIAFABABB2B7CACABqBSBDA5AvAlAbAYARAPALAIAFADAB
1500107001002,CYCeCPB+BkBKA8AwApAlAbAbASARAIAHAGADACCUCQCIBxBTA+AwArAjAfAZAWARAPAJAHAGAEAC
1500131001001,B7B/B3CBBqBUBKBDAyAkAlAWARATASADADAGAAB+B4B4B8BcBHBGA+AsAiAfAWARAQAHAFAAABAB
1500206001001,CUCUCLB1BiBTBCAzAqAiAaAYAUAQAMAKADABABCQCPCFBtBbBJA7AuAjAcAXAYANATAGAHAFACAB
1500305001001,CzCkCNB8BiBIA7AvAnAiAWAXANASAKAGADACACCuCdCFBxBPBBAuAoAfAaAUASALANAIADACABAE
1500347001001,CAB/BsByB0BqBiBGA1A4AiAaAeAOAJAGAGAAAABeBzCBBrBpBUA+AwAzAVAbAYAMAJAGADAAACAB
1500404001001,CZCUCMCDBbBAAyAxAnAmAbAZAZARATAIAEABAACLCJCHB3BTA+AzArAqAkAXAdAUASAQAIAEAEAA
1500503001001,CNCMCCB6BgBXBLBGA6AqAdARASAMAKACABABABCJCLCCBxBbBMBBA0ApAeASAUAKAJAFAGACABAB
1500602001001,B6B4B5B5BlBTBLBDA2AsAfAXAUAMAJAIADACAAB2B0B1B7BrBWBJA/AzAjAbATAPAPAJAFAEABAB
1500701001001,C6CtCQB3BkBNA2AsAnAfAPAYAMAQAIAGADAEAACyCYCRBzBSA8AuAmAdAZAWANAJANAKAGABAAAB
1500800999001,BlBiBgBwBxBgBPA/A0ApAeAfASARAIAFABACAABhBdBpB6B8BpBTBGA6AwAmAgAVAMANAGAGACAC
1500800999002,B2B0BvB4BkBWBLBIA4AqAZAVAOANAFAEABAAACBxBxByB2BuBdBUBIA+ApAeATAOAOAHAGAGABAD
1500800999003,CCCDB1BpBcBXBOBIA3AjAaAQAQAHAHABADAAAAB/B4B2B2BqBkBaBFAyAjAYAVATAGAJAIABABAA
1500800999004,BqBlBvB+BtBbBJBAA/AtAfAQALAKAEADABABAABmBkBtCOB3BeBUBJBBAxAjASASAFAGADAFABAB
1500800999005,BfBnBqBxBoBYBUBNA9AyAYAcAQAFADABAFABABBhBmBmB5BwBmBaBPBFA0AmAQAMATAMAEAFACAA
1500800999006,BdBYBgBwBzBaBJBEA8AzAlAYAUAHALAEADACAABeBWBiB6B9BnBWBLBEA5AnAhATAQAMAGACAEAC
1500800999007,BNBMBWB3ByBRBAA8BAA8AwAZAWALAHAFAEABABBJBLBeCJB9BeBPBPBUBHA3AeAYATAPAIAHAFAB
1500800999008,BsBjBlB1BsBYBNBDA8AsAdAZARALAGABABACAABqBjBqB8BzBjBbBOBBAyAeAZAQAKAHALAFABAB
1500800999009,CEB6BqBnBcBhBWBOA2AkAcAJAKAJAGAAAAAAABB6BxBuBvBzBvBiBMA5AnAaASALAGALACACABAA
1500800999010,BxBtBtBxBkBaBNBKA8ApAgARANAMAFAHABAAAABsBqBtB9BuBiBZBNA/AtAfAUALAQAHAEAGACAA
1500800999011,B9B3BzB0BnBYBSBBA2AlAiAKAPAEAFAGADABABB6B3BzB4BuBkBVBDA3AoAbAPAMAPACACAEABAF
1500800999012,BwCCB3B0BdBNBcBKA4AnAaAPANAGACAFABAAAABtB6BwB6BjBcBqBQA6ApAZASAMAKALACAEAAAB
1500800999013,CeCDBsBkBmBtBTBCArAgAYARAPAGAEADABABABCLB/BtBsBtBsBZA/ApAeAWAQAOAGAFAFABABAC
1500800999014,CTB9BvBkBfBlBZBDAyAjAYASAHAKADAEACAAAACMCDByBrBqBwBdBAAvAfARAUAOAFAIABADAAAA
1500800999015,CVCCBxBeBiBqBcBCAyAfARATAPAGAEABAAABAACOB7BwBmBsBxBiBBAsAfAVAQAJADALAFADABAB
1500859001001,CQCaCOB2BuBLBAA2AwAvAoAUAcAOAGADACAAAAB+COCQB4BWA+A5AtAqAhAeAPALAIAEADADAAAA
1500909001001,CfCVCVB+BcBJA3AuArAmAdAXATASALAIAIACABCSCSCFBwBMA+AyArAkAgAZAYAOAUAMAGAJABAD
1500958001001,CdCXCMB6BgBJA+AwAoAnAeAdAZAPANAGAFABAACVCMCJBvBRBDAzAsAmAfAdATAJASAIAHAGADAA
1501006001001,CjCgCGB6BWBGA0A5AtAqAjAVAeALAIAIAEABABCcCYCLBkBQA3AxAwApAiAWAaASANAHAHABACAB
1501105001001,DBCqCYB2BdBGAyAqAiAdAcAOAOAOAIAHAFADABC5CpCIBsBUBCArAkAbAXASAPALAJAFAJAFAEAD
1501204001001,CUCRCNCDBjBFA8AwApAqAgAXAXAOAPADACAEABCSCHCEB2BSBCA4AtAkAjAaAVAWALANAJADABAC
1501253001001,CCB3B2B1BjBcBYBMA7AzAtAUAcALAHABAEAFAACFByBvB6BrBQA4A4AxAkAaASAHAOAAAAAAAAAA
1501303001001,CDCDCAB6BhBOBEA4AyAmAdAPAQAKAIAIAFABAACBB9B/B+BvBWBFA3AyAhAdARARAOAHAJADABAC
1501303001002,CHCKCJB2BbBMBIBHA7ApAeATAOAKAJAIADACAACGCDB/BwBaBQBFA/AuAfAaAQAPAKAIAFADAAAB
1501402999001,A1A5BIBiBYBEA/BDA+A3AvAiAiAVASAPAJADAAAzA6BMB1B2BhBUBUBSBIBBAuAlAuAiAdAXAMAG
1501402999002,BlBnBqBvBnBcBSBFA3ArAlAWAWALAJAFADACAABhBdBnBxBvBeBYBLA+AwAoAZAWAPAMANAIAEAC
1501402999003,CAB5BsBvBtBhBRBDAzAoAaARAKAMAFACABABABB/BzBuB1B1BkBVBGA1AkAcASAJAKAGAGACACAB
1501402999004,BYBSBaBxByBiBSBJA4ArAgAeAQAQAMAIAEACAABPBSBfB3B3BkBYBHBDA1AmAlAbAaAUAJADAFAC
1501402999005,CCB6BxBtBgBWBKBAAxAnAhAcAcAQALAHACACACB8B0BsBrBiBZBGA6AvAnAfAeAVAQAQAHAFADAD
1501402999006,CFB+B0BsBdBUBIA/A2AtAeAfAWAPAIAEADACABCEB6BuBqBiBYBNA6AwApAfAaAJAUAIAIAEACAB
1501402999007,A2A5BJBcBgBHA+BGA9A3AnAnAfAYASAIAHAFACAyA8BPBxBsBnBVBYBaBKA/A0A0AlAdAbAOAJAG
1501402999008,A6A8BPBhBaBIBHBGBFA4AqAkAgAUANANAGABAAA6A8BRB4BzBlBVBYBVBHA5AvAsAeAeAYAKAFAD
1501402999009,AuA1BIBdBbBBA8BAA+A5AvApAeAZAUATAHADABAtA1BOCAB7BbBPBVBTBOBFAxAwAuAmAZASAJAD
1501402999010,AwA5BBBaBdBDA+A9A7A2AyAjAeAbAYAQAHAFAAAtAyBOB0B3BbBOBYBXBQBFA2AsAyAhAfARAPAG
1501402999011,BpBwBsBoBaBVBaBOBAApAZASAQAIAEAEADABAABoBqBtB6BuBrBmBWA8AsAdAVARAIAGAJACACAB
1501402999012,B3B8B6CEBhBQBLBGA4AoAXARAKAIAEAEADABAABtB6CBB9BnBcBXBFA7AnAbASAOALAHABADAAAB
1501402999013,BwBhBqB+B3BaBAA3AzAvAiAeAPAKAKAEACACACBqBeBqCDB+BcBHA6A9A1AoAZAXAPAKADACAGAA
1501402999014,BjBeBfBuBwBZBJBDA8AyAlAbAQALAJAFABADAABfBWBhB5B5BmBVBOBHA3AsAYAUASAKAJAEADAB
1501402999015,CAB1BnBqBhBeBXBHA6AlAYARAOAKAFADADAAAAB6BuBsBwBwBwBdBKA5AnAVAXAMAMAJAFADABAA
1501402999016,BsBqBrBsBgBVBSBJA+AuAeASALALAGABABADAABmBsBrB7BwBpBhBSBDAyAjARAOAOAGAGABADAA
1501402999017,BSBTBVBqBrBcBOBEA2AuAsAbAWARANAGACABABBRBRBbB4B4BqBcBIBCA6AxAmAfAXAQAMAFADAD
1501402999018,BRBRBZBiBlBeBPBGBBAvAlAZAZANAOAEACABADBMBJBbB0B6BrBeBaBKA7A1AdAaAaAMAKAJADAC
1501402999019,CAB5BpBoBpBnBVBFAuAlAZAWAOAFAFAEABABABCGB5BqBzB5BvBXA+A0AmAYASAMANAEACAAAAAA
1501402999020,BsBpBxB0BsBbBFBCA9AuAfAYALAOAGAFACABAABjBlB2B+B0BXBUBLA9AtAjAZAOAMAFAIAHACAB
1501402999021,CZCCBuBkBhBqBYA/AyAfAWAOAHAJAFACADAAAACSCBBsBqByByBbA/AuAhATANAKAHAEADACACAA
1501402999022,BeBdBiB6B0BcBJA/A4AuAnAaAXAMALAGABACAABaBbBiB6B1BjBPBFA+A1AsAbAgAQAJAHAHACAD
1501402999023,CDCBBvBoBhBfBaBHA5AiAcAMAKAJAEACABAAABB/B8BxByBuBnBgBIAxAhAcAOAJAIAHADADABAC
1501402999024,B5B2BtB+B5BlBMA0AwAlAeATAQAJAKACABAAAABzBrBwCBB5BhBNA+AvAmAcAXAOAOAHAFACAEAC
1501402999025,BVBXBbBtBrBXBPBFA5AsAgAdAVAPAOANAEACAABVBWBdB1BtBgBUBMBDA2AoAoAeAcAUANAIAFAD
1501402999026,BRBQBYBlBkBWBRBMA/AxAlAYARARARAHACABABBNBRBaB2B3BkBbBVBKA3AtAlAfAdAWAIAIADAC
1501402999027,BcBfBeBxBuBcBQBDA3ArAkAWAUANAJAGADABAABbBaBkB4B0BmBXBMBAAyArAdAZAVAOALADAFAD
1501402999028,BhBnBpB2BuBcBJBEA9AqAdAVASAKAFAGABADAABqBlBqCABzBiBUBJA/AxAmAUATAMAHAEALADAB
1501402999029,BNBOBUBmBnBYBIBGA+AvAnAdARAXASALACADAABKBTBbBxByBgBaBPBGA9AxAoAlAeAQARALADAD
1501402999030,BiBaBeBzBsBdBOA/A4ArAmAVAYAKALAHACADABBZBWBjB6CABjBUBHA8AwAsAcAZAWAMAMAFAFAD
1501402999031,BRBPBVBmBtBcBLBFA3AtAiAfAVARAHAJAFADABBXBPBdB7ByBnBZBQBDA5AtAqAhAVAMANALAIAD
1501402999032,BhBdBeByBxBhBKBBA3AsAeAYASASAIADAEADABBcBdBgB7B7BlBTBIA9AyAnAgAVAWAPAIALACAC
1501402999033,BBBKBRBkBhBaBPBPA5AvAkAiAXAPATAJAGABAABKBMBTB2BxBjBeBMBNA9AiA3AnAeAaAQAIAGAC
1501402999034,BNBNBYBqBqBcBKBFA7A1AiAfAaAOAGALACAFAABLBMBWB+B8BjBaBQBJA7A0AgAiAWAOAOAIAIAB
1501402999035,B3B0B1B6BxBfBLA6AyAkAZAVASAHAFADACABAABwBvB0CAB2BgBRBAAyAqAfAVAKAPAFAJAFACAC
1501402999036,BfBcBbBuBvBhBOBDAzAqAgAcAWAPALAIACABABBbBZBfB3B2BrBWBIA7AxAqAfAZAYARAHAGAFAD
1501402999037,BsBuB0CBB2BcBKA9A2AnAiARAOAIAHADAAABAABnBnBzCGBzBdBPBEA8ArAfAYATAJAFADAFAEAD
1501402999038,BtBnBsB4BxBiBNA8A5AqAcAVATAIAGADACAAAABjBgBoCCB5BnBUBHA8AuAjAaARAJAKAHAFABAB
1501451001001,CUCOB/B7BkBMBAA3AtAqAiAdAgAUAOAJAEACABCFCAB3BqBOA8A1AzAqAlAcAgAaAQAMAFAFAAAC
1501501001001,B9B7B0B1BmBYBNA7AzAmAcAXASAPAJAHAEABACB/B4BuB6BsBZBJA7AwAiAZAbATAPAKAGAEACAB
1501576001001,CACLB4B6BlBSBEA6AuArAkAdAbAPARAGAEAEAACAB3ByB1BeBMA4AyAuAjAYAgARAUALAGAHAFAA
1501600001001,B9CECICPBtBSBDAxAuAuAfAVATAVANAOAHAFABB5CHB4B3BSBCA5AxApAfAaAYAXAPAPAIACAAAA
1501709001005,B+CACDB8BjBMA9AzAsAmAeAYAVASAPAKAEADABB4B6CDCBBfBIA+A0AsAlAeAaAUAWAOALAGADAB
1501709001099,CcCYCXCABfBJA5AyAsApAdAgASAQARAFADADAACZCHB5BwBLA9AzAtAjAgAZAaASATAJAJAFADAB
1501725001001,B5B+CGB6BuBZBLBKA4AtAdAYAdANASAIACAAAAB5CAB3BvBcBKBAA4AoAhAkAQATAKAGACABAAAA
1501758001001,CFCICCCEBYBOBEAzAyAqAeAcAXALAMAJAFAFAACICBCMB2BgBAA5A2AxAiAbAVAQASADABADADAA
1501782001001,CeCNCJB/BiBNBBA7AxAqAfAbATAQALAEABACABCZCLCCBvBWBCA5AxAoAgAeAMAPAGAEACACABAB
1501808001005,CpCUCNB8BhBHA3AsAoAgATAWANAMAJAFAGADABCiCQCIB3BjBIA2AtAmAdAVARAPALAJAHAFAFAD
1501808001099,C+CiCQB+BjBDAzAsAmAhAbATANAQALAHADADADC3CeCKBrBMA4AqAlAfAaAQAXAMANAFAFAIAEAB
1501907001001,CGCVCOB0BbBKA5A4ApAhAfAeASALAHAGAAACAACgCVCPBxBaA5A0AzAjApATAXAUAMASAHAHADAB
1501956001001,CcCkCXB6BcBVBGA4AuAiAdAXAUAPAFAJABAAAACVCQCCBlBVBEA4AxAlAfAYARALAIADABAEAAAB
1502004001001,CHCkCcCNBaA3A6AzArAjAcASAdAQAPAHACABABCPCgB8BZBHBLAyA0AyAdAaAWATARAJAKAFAAAD
1502103001005,CNCKCPCCBmBGA4AvAnAlAdAXAUAMAPAGAFAEABCDCBCJB9BbBEA3AuApAiAbAYATARARAIAFAFAC
1502103001099,ChCaCXCDBZBCA1AqAmAkAaAZAWAPALAGAHAEABCcCXCRBkBHA5AwAoAjAgAYAcAVAQAOALAJADAC
1502152001001,B0CACEB/BrBYBOBHA2AtAkAlAWAVAIAEAAAAAAB0B7B4BvBYBOBEA7AtAmAVAZAOAKAHACAAAAAB
1502202001001,ByBxB9B7BkBNA/A7AxAqAfAYAaASAKAKAFAEABBqBtB7B/BjBQBGBAAzArAfAZAYARASAJAFADAC
1502301001001,B5CDCFB9BhBNBBA7AsAjAeAUAQASALALAEACACB2CDB9B/BhBRBEA3AuAkAcAWAVAVALAFADADAB
1502301001002,CKCVCTB9BeBOA+AxAqAiAYAaAWAXAPAKABACADCUCkCOBsBOBBAwAlAgAcAWAZARAWALAEAEACAA
1502400001001,BoBuBzB9BpBQBKA4A2AqAoANAVAKAMAFAIABAABkBpByCBBuBYBMBDA6AuAkAaAZAOANAJADAEAC
1502400001002,CVCCB7B0BkBUBJAzAwAkAVASAOANALAFACAAAACKCACBCCBpBQBGA0AwAiAcASAMAMANAFAEAAAA
1502400001003,CAB9CACABkBYBHA5AzAqAdAcASASAKAKACABABB1B+B/B1BgBKBFAzAwAkAdAWAVANANAAACADAB
1502400001004,B4B0B3BxBjBVBNA+AwAmAYAYARALAJAFACACAABtByB3CBBwBeBWBDAzAnAgAXAWAKAIAGAEACAC
1502400001005,BTBZBkBrBhBTBJBDA7AtAkAeAaAOARAFAFACABBUBYBoB+BxBdBZBOBBA0A0AaAiASATAJAIAEAA
1502400001006,B7B+BzByBgBYBPA/AtAlAbAXAVALAJAJABABABB6B5B4B3BtBeBUA9AyAkAcATASAGAPAFADABAC
1502509001001,CcCtCQB/BjBRA5AxAlAlAcAYAXANALAEACACACCRCkB+BmBSA3AtAvAkAjAUAYATALAJAEAFAAAB
1502608001001,CFCJCMCBBfBFA7A2ArAkAnAaAXAZAMAHAFAAACBzCICEB4BRBCA+AuAnAiAiAZAVAVANANAGABAB
1502707001001,B+B8B3B2BhBKBFA6AyAsAjAiAcAQAOAJAFAEABB2BxBwB1BfBPBCA8AzApAgAdASAVAIAGAFACAD
1502756001001,CMCUCGB8BgBKBDAwArAjAbAYARARAPADAJAEAACKCMCKB2BZBIA+AsAkAeAeATAVANARADADABAB
1502764001001,CMCDBuBqBnBgBkBaBOA3AvAfAOAVAEAEADAAAAB+CABgBpBQBPBEA1AtAmAYAPAGABAFAAAAAAAA
1502772001001,CBCECEBtBbBAA7BAA+AyAqAkAkATAQAIADAAAACGCGB9BrBWA/BAA5AwAnAaAZAQAMAFAEADABAA
1502806001001,CzCjCUCABrBEAzApAhAjAYASAPAPAHAJAJABACC2CdCIBvBUA5AnAnAgAXAWATATAGAHAHAHACAA
1502855001001,CgCZCfCLBZBDA5A1AtAlAaAbAUARAHAIAIADAACYCVCGBqBFA1AtAuAiAeAUAZASAQAIAIAIAEAA
1502905001001,CBCGCKCNBWBGA5AyAtAmAjAdAeAWAOANAEACAEB9B6CABgBaA9A2AwArAjAdAcAhAWASAMAIAEAF
1502939001001,CPCECBCABnBQBHA/A0AlAfAQAQAKAGAEACACABCKB+B9B5BlBRBEA8AvAhAcAMAJAOAEADABABAB
1502954001001,CXCICNB2BhBLBFA9AzApAeAlAVANALADAAABAACRCICJBuBVBCA7A0AqAiAbATALAMAEACABAAAB
1503002001001,CWClCRBzBhBJA7A3AsAnAVAVAZARAHAJADABABCTCXCAB0BTBEA5AuAgAcANAeARAIANAGAEACAC
1503044001001,CHCGCHB5BkBTBHBAA1AsAnAeAdAOAKAHAFACAAB9B9CCBmBYBIA9A1ArAiAdAWAQAKAIAFABABAB
1503077001001,ChCiCTCBBfBJBBAyAnAfAfAXASANAMAHACABAACbCaCIBtBTBBA1AmAjAdAZASARALAFAGABABAA
1503093001001,CKCICFB+BuBTBGA+AwAtAbAaAWAKAFAFAFAAAACICCCIByBhBPBAAyAoAgAXAQAQAJACADABABAA
1503101001001,DFCaCOB0BiBQA6AxArAeAWAOAJAKAOAJAHADAACkCcCHB0BWA7AtAqAeAXAXAVANANAKAFACABAA
1503200001001,B7CGCACBBfBJA+A1AwApAdAeAXAUAMAJAGADADB1CACBB5BUBIA+A0AuAlAfAZAaAQAOAIAFADAD
1503309001001,B3B8CGCCBrBMA1AzAsAnAgAUAWALALAIAEADABByB+CLCABsBKA8AxAtAlAbAZASAUAPAIAHAFAE
1503309001002,CYClCWCABoBLA7AxAoAjAYAXAXAMAHAJACABACCTCXCOBoBSA8AvApAhAcAbAUASAMAHAGAFAJAA
1503408001001,CJB7CPCHBgBIBDAxAyAkAgAeASAUAWANAAABABB6CDCIBxBIBFA2AxAuAjAcAdAPAYAOAIACACAD
1503457001001,CZCTCIB2BpBYBDA1AuAnAaAgAPARAGAFADADAACaCPB/ByBaBLA2AuAjAhAbAQAMAFAHACACAAAB
1503507001001,CCCECVCMBnBIA2AvAuAkAeAbASAOARAHALAAAEB6CKCOB0BNA9A4AqAmAmAgAdAXAQAMAJAHADAC
1503606001001,COCBB7B4BbBFBBBBAxAmAbAUAOANAHAHAEAAAACGB+CBCGBmBPBIA9A1AlAaAUAOAOAFAHABABAB
1503606001002,CDCGB3BrBgBwBhBfBEAxAqAYATALAKAEABAAAACAB3BrBeBNBSBGA9AsAfAWASALAHAFADABAAAA
1503705001001,CSCPCMB4BlBIBBAzAxAmAfAiAXASAMAGABABAACPCICGByBYBCA1AzAoAgAhATAQAKAGAFABAAAA
1503754001001,ByCQBxBsBMBPCDCABDAvAlAiAaALACABAAABAACBB1B2BaBcBXBSAzAmAXAXAUAGADAAACAAAAAA
1503804001001,CBB/CDB/BrBTBFA5AwAmAeAaATASAGAHACACABB8B7B9B6BnBRBEA3AtAkAZAVAPALAGAGADAFAA
1503903001001,CmClCXCDBZA+AwAuAoAkAdAYATARAOAJACAEABChCWCQBvBGAyAsAlAkAjAXAXAQAQALAMAFACAD
1504000001001,CuCcCDCEBkBMBCAuArAhAPAZAMALALAHAHADABCeCYCWBhBVBBAxAnAgAdAPAZATALAIAKAHABAA
1504059001001,CFB/B+B+BiBRBAAxArAoATAdAYAOAOAIAEAFABB7B5CCB+BkBSBAAyAtAiAfAbAVANAKAGAGAEAB
1504109001001,CACeCICABfA8AkAtArArArAcAXAXAYAMAHABAAB2BuCIB8BKBBAwAwAsAkAbAYAhAYAdAKAKAEAB
1504208001001,B8B6B7B4BmBQBHA+AzAnAdASAPAOAJAFADACAAB5B1B+CABuBXBOBBAzAjAaATASAMAIAFACACAB
1504208001002,CTCLCNB6BkBLBFA9A0AtAgAlAYAYAGAFAEABAACJCFB8BsBNBCA8AxAtAiAaAVAMAHAKACABACAA
1504307001001,CLCPCRB7BdBCA7AwAtAjAgAgAaAUARAGALABAECJCVCABjBIA+AzAwAmAiAcAcAXAVAQAJAEAEAD
1504406001001,CECLCHB8BiBGA7AzAuAqAfAjAgAVAOAPAGAGABB3CFCABnBGA9A0AwAoAjAbAjAZAYAKANAPADAA
1504422001001,CBB5BuBuBoBdBQA/AzAmAeATARAKAIADACACAAB8B2BwBzBvBgBSBAAyAnAcAWAQAMAJAEAEABAB
1504455001001,CBCMCICABtBRBIBDA1AuAoAXAWAOAJAGADABAAB+CCB2B3BbBEA+AwAtAiAXAVAQAHAGAFABAAAA
1504505001001,C7CvCfB2BcBGA2AqAkAbAZAOAKANAKADAHACABC0ClCMBvBYBBAuAoAbAWAQAQANAIAIAFAEABAB
1504604001001,CWCYCQCBBeBAA4ArAkAlAaAbAUANAQAGAFABAECPCDCRBxBUBAA6AtAlAgAYAgAYATAKAJAIABAB
1504703001001,CSCcCSCBBnBLA7AyAqAkAdAXAUANAKAFADACABCSCRCMB0BZBEA0AtAjAdAYATARAJAIAEADABAB
1504802001001,ByB1B+CEBZBHA6AzAuArAhAVAUARASAIAMAEACByB2B+CFBdBNA7A3A2ArAkAYAXAdASAIADAEAC
1504802001002,CeCdCNCCBmBMA+AzAuAlAbAeAYATAKAGAEACABCUCUCEBjBLA+AwAsAkAgAWAZAQALAJAEAFADAC
1504901001001,COCYCFCCBoBNA7A0AuAlAcAYASAOATAHADABAACOCHB/BxBaBDA5A1AeAhAWAWAVAUAHAEADAEAE
1504950001001,CtCfCRB2BoBZBCAxApAfAdAXAQAIAGACACABAACtCdCDB3BXBGA0AlAgAYASAPALAHADAAABAAAB
1504976001001,CPCRCFCDBsBNA9A0AyAsAqAhAQAXAMAIAEAEAACDB7B6BwBbA9AzAwAuAnAcAUARALAGADADABAA
1505007001001,BqB0B8CIBsBTBEA3ArAuAqAaAYAaARAFAJAFACBpBqB3B6BXBCA+A2AzAmAhAfAYAYASAHAEAGAD
1505031001001,BNBdBnBzB7ChCRCIBgA9ArAWALAMAFADABAAAABfBUBZBKBKBLBhBBBAAdATANAJAEABABACAAAA
1505064001001,CSCVCKCCBgBIA+A4AxAqAkAcAZAPAJADABABAACNCOCJBvBbA/A1AzAoAhAbASAPAFAFAEABABAB
1505106001001,BwB2B8CGBkA+A8A1ApAlAjAbAbAWAQAJAHAEAABwBxCDCUBjBJA4AtAxAqAeAiAXAPAQANAFAFAC
1505106001002,CWCbCPB9BkBUBBA4AtAmAXAjAcARAMAIACADABCUCPCABtBMAxAyArAeAgAZAdAOAMAJAFAGADAB
1505205001001,C0CfCSB+BkBEA2AoAjAkAZAZAQALAHAIAEAEACCvCTCJBzBWA+AvApAeAbAVAWALAJAGADAJADAC
1505304001001,CQCFCJCBBgBFA8A5AuApAeAYAUAQAKADAFACAACKCHCCB6BeBEA6AzAtAgAbAWAQAMAOAIAGABAB
1505403001001,CBCMCPCHBfBGBAAzAqAlAcAaAdAOAKAJAFAFABB+CCCDB8BSBAA7AuApAiAcAdAaAKAOAIAFAGAC
1505437001001,BqCDB/B0BhBYBOBEA6AvAsAaAUAQALADACAAAABvCDB9BzBeBWBGA+AuApAXAZARAJADABABABAA
1505486001001,CNCWCQCCBjBJA8A0AwAqAkAcAcAOAKAGABACACCCCPCJBzBUA/A1AwApAjAYAVATAIADAFADAAAB
1505494001001,B8COCUCGBuBKBAA2AhArAkAeAgANAOADAHABAAB5CJBsB5BSA+A2AvAvAoAdAVAfANANAFAHAAAB
1505502001001,CKB7B/B0BnBWBLA9AyAmAZATANAKAGAEACAAAACJCAB+CDBrBaBMA9AtAjAUATAJAKAFACACAAAB
1505502001002,CgCLCBBtB2BqBRBDA4AsAWAaAPABAHACAAAAABCdCIB7BvBcBTA/AxAhAcARALAJACABADAAABAB
1505536001001,CLCCB7BuBhBWBQBJA4AoAZAUAPAJAHABABABABCHB8B6B3BtBcBRBBAuAgAUAPAKAHAEACACABAB
1505551001001,CBCCCGB+BnBRBMBHAsAsApAcAYAVAMAHABACAAB5B7CCBmBfBHBBAsAkAkAbAWAOASAIAGAGAAAC
1505601001001,BzB3CECHBhBLBDA5AzAnAcAmAXAgAQAMAJADAEBxBxB4B5BSBAA6A0AyAtAfAaAaAUALAKADADAC
1505635001001,CcCWB5CCBpBVBNBCAxAnAkAcAVAMAGACABABACCKCNCABZBXBHA+AyAlAkAWASAOAJAFAEAAABAB
1505650001001,CGCNCGCGBfBRA9BFA0AsAjAWAYAOAKAGADABAACDCECLB3BaBDA6A0AoAfAXAXARAHAHACABADAA
1505700001001,CJCHCQB8BfBKBAA8A0AnAbAZASAPANAGAGABABB9CHB6BzBeBFA5A1AmAhAdAQAVAVAOALAFADAB
1505809001001,C+CjCSB6BdBHAxAqAkAgAZAVAMANAHAKAFAEABC+CYCGBwBWA+AtAmAfAbAWATANAKAIACADADAC
1505908001001,CwCnCPB4BlBNA8AyAjAeAVATAPAPAEAFACACAAC0CcCEBwBaBDAzAoAeAVAVAWAMAHAIADABADAB
1506005001001,CtC3CLBtBZBWA2AzAqAhAXAYAWAKAIAFACAAAACjCyB6BqBYBDA0AtAfAaARAQAQAGAGADACAAAC
1506104001001,B/CMCQCCBfBHA3A2AnAiAiAZAaAYAQATAFAGABCCB7CCBuBMBCA7AsAqAiAfAaAbANARAKAGAHAE
1506112001001,CHCMCLCPBgA6A5A2ArAmAdAiAYAYAIAJAFAIABCDCHB4B3BQBBAzAxArAjAhAUAaARANAKAGABAB
1506138001001,B9B1B2B0BnBVBQBFA4AqAdAYASAMAIAFADACAAB8BzBzB4BpBaBPBDAyAjAWAZAOANAIADACACAA
1506161001001,BuByB/B6BeBWBMBCA5AwAsAWAaAVAGAHAIACAABvBpB4ByBhBPBJBAAxAoAiAXAXAJAGAJADABAA
1506187001001,BzB2B4CABrBUBJBAA1AoAiAZARATAKAHACACABBzB1B7CBBpBNBIA8AwAnAhAPARANAGACAGACAB
1506195001001,CGCTCYCBBkA2BCA4AzAwAhAbAXAPAKAHAFABABCBB+CFB6BNBJA4A2AvAgAbAUARAPAFAEAAACAC
1506203001001,CKCECKB8BjBSBBA0AqAlAbAdAWAQAJAFAFABACB/CDCBB4BfBLA/AyArAiAZAZAOARAMAFAHAEAB
1506302001001,CFCKCDB5BWBPBAAzAvAkAfAiAdAVAOAEAHAEAAB/CDB5BiBWBHA9AzAqAkAkAaAaAPAPAFAJAIAE
1506351001001,CCB7CCB4BfBXBGA4AvAlAdAcAYAKAOADALABABCDB5B9B1BfBTBHA0AoAiAgAWAYARAMAEADABAA
1506401001001,B/CYB/CeBZBABjA2AjAjAZAcAPAMAaAHAHAAAAB9CkBmBaBVBhBCAxAcAUAbAeAJAPARAHAEACAA
1506500001001,B1B9B2B4ByBfBMA8AwAmAgAYAQARALAGAEADABBwBzB2B4BjBVBJA7AtAkAdAXAUAPALAIAEADAC
1506559001001,CXCKCSB4BfBSA9AuAuAjAbAYARATAPAHADABACCPCICFCABZA6A2AwAoAfAaAUAVANAJAGAHAEAB
1506583001001,CAB4B7B2BfBWBQBEBIBAAyArAYAQARAJADACAAB8BzBrBgBTA+BCA5AsAqAZAZAOAOADADAAABAB
1506609001001,BsB6B6B5BmBRBJA7A0AmAgAgASASAQAJADABABBvB1B3B8BjBSBIA5AtAnAaAWAaATANAIAIAEAB
1506708001001,B+CDB+BvBlBZBQBNA/A0AjAgAVALAGAEABABAAB9B5BvBoBjBVBIA8AzAmAVASANAFAEACADABAB
1506807999001,BeBhBqB3BmBPA/A7AxAqAkAVAUAPAJAJAEADACBbBiBzCIB8BbBPBIA6AxAkAgAbATAUAOAFAFAA
1506807999002,BnBkBxB8BtBQBBAvAuAmAbAgASARAIAEAHACABBjBgB1CcB+BeBGA6A2AxAlAcAUAVAIAKAJACAE
1506807999003,BaBYBjB3BxBRBAA3AxAsApAXAOAaAOAFAFACAEBRBPBqCHCCBmBJBFA8A3ArAiAgASAXANAGAEAD
1506807999004,BzBxB5CABoBKA6A2AsAmAeASAYALALAHAFAAAABzByB/CPBwBXBDA/AwArAmAQAWANAJANAGAFAC
1506807999005,BnBuB7B9BlBJBAA8A2AsAgAQAQAKAEAIAFAEAABnBtCDCRBwBZBNBFA7AtAZAZAQAQAKAHAGADAA
1506807999006,CPCPCHB5BVBEBDBAAxAoAZANAPAHAMAFAAAEAACLCRCHB3BZBOBKA+AyAgAUAPAOAPAHAIABABAA
1506807999007,CRCICBB/BkBFA7A3AtAoAcAQAOAMAMAGAEABAACICECFB/BlBOBBA7A0AhAXASAPANAKAFACACAA
1506807999008,CKCRCMCHBfBHA8A1AtAmAeAhAZAYAPAJAEAFABCECLCABrBOA9A1AvAnAiAdAaATASAPAEAEADAB
1506807999009,CjCYCTCBBXBDA2AuAlAkAdAfAXARAQAGAGACABCfCUCGBkBFA7AuAoAkAjAZAfAUATAJAJAFADAC
1506906001001,CYCYCWCFBeBJAyA5AoAlAiAYAWAPAOARAGAFAACCCACDB3BGA9AxAuAiAkAfAZATAaALADAFADAA
1507003001001,BxCQCHB6BnBMA9AyAtAoAjAdAUAXAMAHADADAACGBwB/B2BaBKA7AvAsAlAUAlAUAeALADALACAC
1507102001001,CFCDCMCEBlBOA+A2ArArAgAbAaAaAKALACACAAB5CGCBBvBQBDA2ArAqAlAZAcAaASANAJAGAEAC
1507151001001,CFCICHB9BwBKA5A4AsAlAbAfAdAQAJAJADADAACECHCEB4BgBCA2AsAoAkAjAWAWAGAKAGADACAC
1507201001001,CiCXCXB+BhBKA3AuAkAiAhAbARAJATAFACADACCeCOCEByBVA9A0AoAhAdAZAZATANAGAFAEACAD
1507300001001,CPCOCLB0BmBTBSBGA4AvApAbAVAQALAEAAAAABCEB5B9BrBTBFBBAwArAhAbAPAOAJADADAAAAAB
1507409001001,B3B5CBCLBrBUBFA8AwAmAiAgAYAVAOALAGADABBrBzB3BzBhBHA9AyArApAdAaAXAPANAIAEACAC
1507458001001,CEB9CGCABmBLBDA9AyApAeAeAZAQAOAHACAAABCEB+B/B2BaBGA/A1AtAiAfATAQANAIADAFACAC
1507466001001,CBCMCTCCBbBGA1A/AsA5AaAlAhAbAQAEAGAGAAB2CMB9BkBDAwA1AnAmAaAZBAAkAJALAMACAHAA
1507474001001,CCCMCMCBBjBKA6AwAsAsAgAhAaAUAGAGAFAFACB/CPCJBlBMAyA0AyAnAeAhAZAdAQALATAKAEAF
1507508001001,CHCRCYB0BiBIA+A4AuAqAqAVAYAPANAIACAAABCLCCCABzBcBCA2AxAtAlAgASATAJAEAFADABAB
1507607001001,CMCBCDB6BlBMA6A4ApAoAkAXAQAPAKAMAFACABCBCCB7B7BiBIBFAvAtAmAbAaAWAOAKAHAEADAC
1507706001001,CXCeCUCBBmBJA5AvAnAgAbASATAOAMAHAGACABCRCICNB7BTBAAyAwAkAeASAYAUAMAJAJAFACAB
1507755001001,B+ByCGBXBhBcBQBYBAAtAhApAMAGAPAGAHAAAAB0CAB+BnBTBQBTBCA8AkAaAHAFAYAIAAAAAAAA
1507805001001,ChChCHBxBgBaBFBHAvAjAZAUAOALAJAFABABAACfCXB/BhBhBOA+AmAlAWATAUALAJAEADAAAAAC
1507904001001,B5CFCBB9BZBHBBA3AuAkAeAbAbAUANAKAEACAAB4B+B4BuBYBKBEA1AyArAgAaAWAWARAMAJACAB
1507953001001,CgCQB8B4BpBcBOA+AuAjAZAVAKANAEAGABABAACXCOB5B0BpBWBCAuAkAcATAOAIAIABACADABAA
1507961001001,CLCICCCLBfBOA8AyAmAmAZApAeAZAJADAFADABCECEB/BrBPBCA2AwAmAlAZAfAPASASAOAHAFAC
1507979001001,CQCMCHCOBlBOA4ArAuAhAbAaAOAYAOAMACADABB+B+CLB+BcBCAtArAmAiAVAfAYASANAGAFAEAC
1508001001001,CICPB9B+BsBPBDA2ApAmAeAVAQAMALAEADACAACICCCGB7BoBRBCA0AnAgAfAQAMANAIAFADACAA
1508001001002,CcCYCRCHBrBMA/A0AqAlAkAYAZARAKAKAFACAACMCTB9BrBSA8AzAtAkAaAUAaALAOAJAHAAAAAB
1508035001001,CICJCTCFBiBGA8A1AqAoAcAfAZAQALAMAGADADCCCPCKBmBPA7A6AuAnAiAaAcAZAOANAJAFAAAA
1508050001001,CYCcCJCBBfBVBHBFA3AnAhAZANAKACACAAAAAACeCSCUBiBEBAAvA2AtAZAjASAHAEAHACABAAAA
1508084001001,B3B+CEB7BeBUBLBMA/AvAnAaAXALAKABABABAABwCAB6BvBgBKBOA/AxAkAcASAOAHAFACABABAD
1508100001001,B7B5B9B9BpBTBIA9A5AtAfATAQALAIAFABABAAB9B3B8B/BqBVBHBBA0AmAVAUAOAJAGAFADABAC
1508126001001,CYCSCDBsBtBjBcBKA3AhAcAOAIAGAGABAAAAAACKCDB1ByBoBXBJA5AoAWAUANAIAGABADAAAAAA
1508159001001,B6CaCEB9BpBKBNBDA2AsAhAcAUAPAHADABABAABxCEB4B5BnBDBDA5AnAgAXAXARALAHACABABAA
1508209001001,B2B/CDCCBmBPA+A3AvApAkAbAYAUAIAIAHACACBzB7B8B0BZBKA+AzAtAmAcAiAWARAJAKAKAEAB
1508308001001,CjCeCZCCBWBBA0AwAoAlAfAUARAVAMAKAEADAACaCWCLBtBJA3AwAtAmAgAZAVASATAMAHAEAAAA
1508357001001,B7CPCDB/BqBTBIBAAwAmAoAVAZASAPAGAEABABB/CECCBsBdBKA8AuApAeAWAYATAOAGAEADACAA
1508407001001,B3BxCBByBkBWBSBAA6AnAoAUAVAQAHAIAEADAABvB4ByB7BlBXBGBFAwApAXAZARAQAHADACAAAB
1600055001001,CjChCBB2BsBVBLA+A0AoAcATALAHAEAHAAACAACRB1B9B/BWBPBCAsAoAbAcAMAOAGAGAFAAADAA
1600105001001,CZCOCUCGBYBQBAA/AtAiATAaARAJAIAKAFACAACUCNCGBwBWBDA8AoAjAeAZAUAWAOAHADADAFAC
1600154001001,CzCaB5B0BsBXBNA+A1A1AcAVAYALAOAHACAAAACcCLB5BdBOAtAzAsAiAiAmARAUAAAHAAAAACAC
1600204001001,CmCPB6B7BjBMBLBGA5AkAbAgAKAOAKACAEACACCTCICFBsBNBHBCAvAsAdANATAUAGAEAEAEAAAA
1600212001001,CgClCVByBiBbA8A+AtAcAXASAVADACAAACAAAACdCsCNB4BSBFA0AlAgAVALAVAeAGAAAFAAAAAD
1600238001001,CVCTCJB2ByBmBBA1AqAhAiAPAJARAMAJAAAAAACgCLCSB5A9A8A0AuAmAiAZAJAeAGABAFAFABAF
1600253001001,CeCpCkCQBRBNA6AzAwAdARAYANARATAGAAAAAACrCVB9BwBNBLAqAuAmAWAlAKAWAAAAAAAAAAAA
1600279001001,CdCDB5BvBnBZBPBIA1AlARAYALAKAIAEABABACCdCFB5B6BkBQBIA2AoAeARASAKAJAEACABACAA
1600303999001,BSBHBVBpBvBiBRA/A3AqAfAgAXARATAKABAAADBWBKBaB+B8BsBQBLA9A0AwAlAcAfAhAGAKADAB
1600303999002,BwBnBxCEBvBXBCA3AwAkAbAWASAJAGAIAGACABBvBsB3CJByBYBLA9A1AsAZAeAaASAMADAHAFAB
1600303999003,CLCBB4B4BtBcBFAxAqAfAaARAQAJABAGAEABAACSB4B2CJB4BcBLA4ArAhAXATAKANAFADAFACAC
1600303999004,CHCBB/B8BkBQBEA9A0AlAdAJAIAKAGADACABAACFB4CECIBuBXBMBBA3AjAWAPAIAKAEAHACACAB
1600303999005,CPCCB6B4BmBZBGA8AqAhAeAKANAFAFABADACAACMB/B+CCByBcBPA9ArAfAQAXANAJAFAEADACAB
1600303999006,ChCNB/BtBbBXBQBCAxAjAQARAPAFADADABAAABCbCHB4BqBuBlBQA6AoAgAPAQAHAGAIACAAACAC
1600303999007,CdCIB+BuBZBPBOBEAxAiAmADALAHACACADACAACYB7B4B7BrBcBUBBAuAgARAQAIAJACAEACAEAA
1600303999008,BmBgBpB8BvBdBHA9AxAnAYAdARASANAHABABAABjBfBrCHB9BkBKBCA2AtAnAUAUAYARAHAEADAD
1600303999009,B/B+B+CBBmBQBGA9AyAjAYAOAGAMAFAEACAAABB8B9CGCFBsBWBOBJA2AlAZAOALAJAJABABAAAD
1600303999010,BtBmBrCHB1BeBIA2AvApAdAVAQAMAMAFACACAABqBdBvCIB+BcBHBBA8AsAdAcAZALALAEAFAEAC
1600303999011,CaCNCAByBbBSBLBDAyAhAWANAIAKAFABACABABCPCCB4B+BrBkBTA9AvAgANAQAGAHAFABADABAD
1600303999012,CsCKBwBbBbBkBbBHArAdAQANAGAJADADAAABABCnCGBwBvB3BvBVBAAlAYATAGAIAGAFADAAAAAA
1600303999013,CZCFBwBoBoBlBVBEA0AnAbAPANAKACAEABAAACCcB7BvBrBwBgBKA4AuAeASARAJAEAIAEACABAB
1600303999014,CfCZCJB0BgBOBIA5AtAgAWASAMAMAGACABACABCdCZCGBwBWBTBDA1AqAaAUANANAGAGADABACAC
1600402001001,CrCfCSB9BeBGA9AzAoAgAXAcATAOAKAIABABAACqCUCIBsBQBAAwAtAiAbAZARAHAPAIAJADAAAD
1600501001001,CtCWCEBwBiBYBKBFA0AlAXATAMAGADAEACAGAACYCOB0BqBiBLBHA4AnAcAQAOAJAHAEACABACAC
1600535001001,CdCHCABxBmBhBRBGA2AoAdAcANARAFAKAEACABCMCHB3BrBZBNBEAuAiAaASASANAPAEAAADAAAA
1600550001001,CmCgCNCTBXBEBGA8AgAkAYAZAVAWAAAAAGAFAGCzCMCLBnBQBJAkAhAfAiAeAWAGAGAKAAAAADAA
1600600001001,CRCKCDB6BjBTBDA2AsAiAZAVANAJAHAFADACABCLCCCEB+BrBVBDA2AqAgAVAVAOAMAHADABADAB
1600709001001,C8CjCZBzBaBFA/A7AtAnAaAVAOANACAGAAAEABCrCmCEBoBHBCA3AnAjAhAWASAGAFAFABAAAAAD
1600808001001,CkCWCRB3BrBRBBA2AoAgAVASAOAKAEABAAAIAACnCbCPB3BgBDA5AwAfAVASASAHAJADAFACACAA
1700251001001,B9BlCBCABmBKBOA9AxBZAgA4AXAVANAKADAGAABtBeBtBnBhA6A0A9BKAZApAVAMAIAPAEAOAAAD
1700301001001,B+CPCAB9BdBUBAA5AnApAxAVAQAVATAKAAAAAAB8BhB9B5B6A1AyAuAzArAVAhAgAVATADADAAAA
1700350001001,BuB4BzBxBdBPA8BBBAAsAfArAeAXAOAOADADACBrBpB3BlBZBMBVA4AqAsAqAbAhAKAOANAEACAE
1700400001001,CJCHB9B2BlBTBDA9AxAnAeAjAWAOAaAGABABADB7B/B6BtBQBBA8A2ArAmAjAaAcAMAIAHAHACAC
1700707001001,BlB0BuBtBhBPBMBCA0AyAzAXAfAPAMAMANACAABeBgBkB0BfBUBTBLA1AyAfAlAcAPANAJACABAD
1701002001001,B3B4B/CIBsBMBDA3ArAjAmAaAUASARAHAHABAAB5B8CDB8BoBHBAAvAiAnAaAiAUASAJAHAEABAB
1701051001001,B6BvCZByBZBABDA7A1AuAhAdAaAeASAGAEAJAEBtCBCEBrBTBCBSAuArAeAjAbAfALANACAOADAA
1701101001001,BbB6B+CbBrBIBCA+AuAtAuAfAlAWASAEACAEABBoBuB/BtBUA5A1AtA7ArApAcAUAbAKACAMAKAA
1701309001001,BvCECJB/BmBMBHBBA9AxAiArAXAZAIADAAAEAAB9B4B/BnBSA+A+A0AuAyAlAbARAGAIAGACABAA
1701903001001,CCCMCLBzBMA6BKA6A5AtAaAqAaARASAGAFACADCECEB5BeBOBOA/A6ApAlAdAbAdALAFAUABAHAA
1702000001001,BiBjBmBpBlBSBOBDA3A3AkArAhAWAUAMAJACACBiBhBmBqBjBaBMA/A1AwAlAcAbAbAQAFAEAEAA
1702109001001,BeBjBmBrBpBPBLBCA2AvAmAXAdAKAIAHAEADAABcBdBrCJB8BlBYBMBAAsAlAXAQAVAOAHAEAEAA
1702109001002,CLB+B4BzBmBUBEA4AvAlAZAVAQAMALAEADADABCKB7B4B3BuBVBMA9AuAmAaATAQANALADABADAA
1702109001003,CAB+B+B0BkBSBJBBAwAmAeAZAVARAIAJACACAAB6B6B4BzBjBRBMBAAsAkAeAUAPAOAMAFAFABAB
1702109001004,BtBoBqB0BuBYBHA6AuAsAgAXAUALAFAHAEAFACBrBkBzCLB4BeBVBAA5AnAiAWATAQAKAIAGADAB
1702109001005,BQBOBgBsBsBbBEA+A3AoAmAiAeAVAEAKAFABACBTBUBkB+B8BqBbBIBBA1AoAnAbANATAOAEAEAE
1702158001001,CBCUCOB7BlBHA+BAAvAdAqASAoAEAGAJADACAECDCBB+ByBZBFBJA5ApAdAdAUAOAMAJAFAHAAAC
1702208001001,CIB+CJB+BgBBA7A3ArAqAgAcAXAWARAOAEABAAB9B4CEBzBfBAA6A1AuAnAfAdAWAXALAHACADAC
1702307001001,CCB5B2CFBTBRBIA8AvAsApAaAYATAMADAIADAAB/CABuBqBnBPBMAyAxAkAbAZAYAIAMAIADACAA
1702406001001,B1CGCJB4BRA+A6BAA0AtAdAuAXAUASAIAIAFACBwB9CFBfBRBDA3A5A1AmAkAdAeAVAOAHAIAGAD
1702554001001,B6CCCLCKBlA+A7AwAuAxAeAmAUAXAHAHAEABAAB4B5B8CEBaBBA2A3A2AhAmAbAZAQAPADACABAB
1702703001001,BlBlCCB6BcBFBLBCA3A0ApAwAlARAOANAGAFAABcBXBsBsBfBEBOBAApAyAuAlAgAZAYAAAAAAAA
1702901001001,BxCCCQB9BbA+A3AwAkAhAnAYAeATAMATAEADAAB5CDCOB6BbA+A5A0AtApAlAbAdAbAQADAGAEAA
1703008001001,BlB6BwCSBoBKBDA4A9AnAjAfAjAcAMALAGAEAABnCBB7BYBUBLA1A9AhAsAcAcAkAYAcAFAEACAG
1703057001001,CBBrBrCBBtBoBYBAAvAoAfAhAeAaAAACABAAAACCB4BoBSBhBXBKAzAmAmASA5AtADAFADADAAAA
1703073001001,CaCVCJCDBJBGBAAwApArAcAjAbAUASAPAGAAAAB6CACaBGBFA6A3AwAxAnAhAnARAQAcAJACADAC
1703107001001,BdCAB5CHBYBQBKBCAwA4AkAjAhAaAPAMAFADAABgBSBoByBiBIBLBEA2ArAbAkAYAVAWADAFACAB
1703206001001,B+CGCEByBmBjBTBGAzAkAjAeAdAPAQAFACADAABzB1BYBmBdBTBJA7A9AhAgARARAJAGADAEAFAA
1703305001001,CNB7CHB0BaBBBHBIA1A1A2AOAVAWAMARAIAAAAB1CFBzBsBBA3A8A0AzAiATAiAaAbALANAIAFAA
1703602001001,B6ByBpCMBrB3AyBEA6AsAQAcAfAbAPADAAABAAB8ByCLBDBXA7BlA0AmAZAvAmAHAkAIABAAAAAG
1703701001001,BpCECVBOBnBLBPA9AwAkAoAbAWAeAZAWAEACACBtB4BxCOBJA+A4AzA0AlAdAjAeANATAIAJAEAA
1703800001001,B0CNCaCKBYA4AvAxAvAjAYAkAVARALAIAIACADB4CDCdCKBSA5A1A0AxAoAbAeAfALACAGALAEAA
1703826001001,CHCCCaB3BZBDA3AxAzAoApAVAPAXAPAAAXAAAACGCOCBCCBkA3A9AYAiAgAXARAWAXARAcAAAAAA
1703842001001,CxCZCTB8BYBBA7AvAoAoAkAYATANALAJADACAACvCUCCBlBEA5A1AqAlAjARAfARALANACAHAAAA
1703867001001,BmBxBrBsBsB4BaBSA6AsAxAiAqASAIAGAIADAABoBmBoBaBeBABTA7ArAjAZAlAUAQAFANAGAAAA
1703883001001,BWCoCJBwBTBfBXBAAzAvAiAhAVANAPALAAAAAAB8BjBuB1BgBCBHA6AxAkAbAfAUALAKAAAAATAA
1703891001001,CjCTCcB0BfA+BFA1AiAYAYAVAcASACAKAAADAHCYCEB9B+BMBDA1ApAqAtAjAcAKAPAKAHAAAHAA
1703909001001,CAB8CMBlBgBKBBA/AzAqAaAqAiAUAMADAHAGAAB9B9CDBtBSBJBGA3AsAsAnANAOALALAOADAAAD
1704105001001,CJB9BqCDBdBMA5A+BPA5AuAbAaAYAWAHAGABAABuBxCWBpA+BBBOBBAuAXAiAIAYAbAFAAADAAAA
1704600001001,BiBVBvCFBtBeAzBYA+A7AxAjBMASAPAJAJAHAABtBqBoBTBnAnBLAvAyAkAzAeAhAaAAAAAAAAAA
1705102001001,B/CACFCKBXA6BkBGA8AwA0AfAkARATAHACAEAAB9B4B1A9A+BDBAA1AqAcAkAjAOAeAGAPAJAAAA
1705508001001,BrByB4ByBiBRBLA+AyAoApAWAWAWAKAMACACACBpBrB5BvBqBWBRBBAyAqAfAeATAVAGALAFADAF
1705557001001,BuBrCZCKBkBDA2BBA1ApAmAbAVAVAPAKAAAAAABqBpBvCDBYBFBQBCAyAcAlAcAYAWAOADAJACAG
1705607001001,CGCSCVBvBPA5A/A6AyAuAuARAeAGATADAFAEAACQCQCJBhBRA6A+AyAlAcAfAfAaASAEARAKABAA
1706001001001,B5B7CCCDBvBOA2A+A0AwApAfAlAbAHALAGADAABzBwB0BqBfA9A2A9AvAqApAUATANARAJAAADAA
1706100001001,BeBsB+B0BcBLBDBIA4AoAkAbAiAXAVALAHAHADBhBnBsBwBYBRBFBAA9AvAYAkAZAVAVALAFAJAC
1706258001001,ByB5B5BkBoCBBvA6AHAlAFBXARALAeAGAAAJAAB5BbBBBiB0BxAgA2A9BEATAbAqAFALAAAAAJAA
1706506001001,CBB9CNCABhBLA3A1A2AzAjAdAkATAXAJAAAAAAB9B1B/BpBJBBBDA0A0AnAaAeAPASAHASADAAAC
1707009001001,CHB6B/B4BeBGBCA8AxApAkAXASARARAHAIABAAB9B8CGB2BVBFA+A6AsApAiAUAYATAOAHAHABAC
1707108001001,BmBsCICFBaBIBJA/A9A3ApAfAfAiAIAPAHADAABvBpBuBkBQBABJA+AwAvAqAVAUAVAQAIAEAAAE
1707207001001,BuBmCAB7BpBRBOBEBAA5ApAnAlASAWAKAIADAABoBkBpBkBWA+BDA3AvAsAgAbAdAXAFAIAFADAF
1707306001001,B4B1B2BwBrBWBEBLA4A1AYApAkATAIAJADAMAEBuB4BsBOBYBNA5BCAnArAoAgARAVANAJAIAEAE
1707405001001,CcCPCoBzBcA+A1AwAnAmAgAbAcATADAKADAAADCPCRCYBuBQAvAwAuAtAkAZAaARASAHAGAEAEAB
1707553001001,BoBtCBB8BeBaA/A6A4ArAiAlAgASANAGAIAJAABwBvB0B0BdBKA8A7A0AvAlAYAhADARAEAMAAAE
1707652001001,BjBkB0B7BbBRBPBBA0AoAxAoAZAZATALAJACAABkBYBwBsBXBLBSBCA2ApAgAZApATAVALAFAGAA
1707702001001,CDB+B6CABeBLA2A5AvAqAiAoAZAaAYALAJAEAAB3CFB3BjBTA7A9AvAtAkAhAgAeAXAMAGAIACAD
1708205001001,BwBzB/B4BlBVBNBGA0AwAiAZAUAOAVAHAHACAABvBwB0B4BeBPBKA/A1AkAbAZAWASAEAGAAAAAC
1708254001001,CMBpB4B8BlBPBPA+A9ApAtAVAkAVAMATAFAAAAByB8BwBdBJBeBLA6AkAjAeAbAJAdAEAPAAAAAA
1708304001001,BuB8CFCDBgBVBIA8A0AvAqApAaAeALAIALAAADBxBkBsBuBOBGBCA5AwAoAgAkAVANAJABAMACAA
1709005001001,CLCVCKB/BYBAA+AzAqApAhAgATAYARAMALACAACJCBCEBlBIA7AzAzArAmAkAWAXAVAQAGAIADAB
1709302001001,BsByBrB2BkBRBKA9AzAtAqAYAZAcANAGAEADAABkBsBtBxBlBYBLBKA1AuAhAdARARAMANAHAEAA
1709500001001,BlBqBtBrBlBVBQBIA4AsAkAXAXAOAMAIAEACAABiBmBtB2BtBdBWBJA8AsAiAZAUAOALAMAEACAB
1709807001001,BzB/BlCwBxBMBIBGAxAgAXAOA0ATARAAAAAAAAC9CJDMA7AnBqA8AlAWAsAHAWAQAAAAAAAAAAAA
1710508001001,B5B7B2B4BXBVBBA3AyApAhAnAYAgAaAOAFACAABxBzBwBvBTA2A4A1AyAoAeAjAhAWAUAOAHAEAG
1710706001001,CPB9CJCEBnA+BDAxA0AqAmAbAeATAOAHAFADABByB4CHBvBTA7AsA0AyAmAhAUAjAMAQAKADAEAC
1710904001001,B/B2B7B6BiBRBHBABGA2AvAWAcAdAOALAJAAAABzBwBvBiBEA7A+AmAzAtAeAnAQAWAKANAKAHAE
1711100001001,ByCeBvB0BgBEBbA+BFAeA2AXAeASADAHAGAHADBmBiByBbBaBsAzBKAZAzATAoAeAIAOASAAAAAA
1711506001001,BcBsB3B+BiBPBRA2A/BBA4AiAcArAgAAAJAAAABRBsBfBnBRBLA/BDAxApA8AJAgAPAWAGAGAAAA
1711803001001,BpB9B2BkCCBHBLBMAnBFAfA0AiAMALAJAAAAAABqBgCMCaA7BFBRA0BHALAfAaAPAUAIAAAAAEAA
1711902001001,CMBmB+CZBkBOBKBJA1ArAhAoAXAOALAHAFADAAB0CIBxBUBWBZBCA9AsAmASAWAUALAIAGACAAAB
1711951001001,CMCgCTB9BGA7BIAzApAtAOAxAcAHAJAQADAGAACKCTCEBdBmA1AyAsAfAsAoATANAeAKACAJAAAA
1712009001001,B3BMBtB2CSBvBVBaA8A0AkAgAXAHAWAFAAAAAAB8CQBMB2BsBQAvAlA3ArAMAcAIAVAAADAAAFAA
1712157001001,BdB/BjCdBoBwA/BNBEAXAmA+AsAAARAAAIAAAABoBECTBvBlA9BCA2AwAGAkAhA3AAAKAHAAAAAA
1712405001001,COCZCMB2BTBHA2A7A7AwAeAZAYAgALALAIAAAACBCCCRBWApApA9A1BCAmAZAkATATANAGALACAM
1712454001001,BoB8C3CABPBMBDA/AkAoAlAhAeAgAAAGAAACAACYB5BUCNByBAAxAgA1AmArALAhAFACAJAIAAAA
1712504001001,BjCFB8B3BkBIBMBEBBA4A7AhAaARAKAIADABAAB8BkBtBYBQBRBPBGAwAqAiAcAdAOACAAADAAAA
1712702001001,CoClCCBBBsAsA6BJA/AFAYA4AbAAASAUACAAAACgClCIBnBBAjBPApAgBAAFAYAkAAALAHAIAAAA
1712801001001,CACICeCDBjBKA+BAAnApAcAlAfAPAbAIAAACAAB0B2CLBqBTA2BCAxAzAkAXAbAVANAFADADACAE
1713205001001,B5BvBwBsByBlBVBLBEAzAcAXAVAOAOAJAEACAAB1BxBuBtBfBKBGA7AxAiAaAYAPASAQAGADAAAA
1713304001001,BrBnBsB4BqBRBLBAA5AuAkAiAXAVAWAKAFACACBsBlBuBqBlBSBCA9A2AuAlAaAaATAPAJAFACAD
1713601001001,B4CJCSCIBEBMBFA1A3AtAkAsAdAbAYAHAIABAABnCEB9BIBbA5A3A6A0AmAhAfAYAQATAHABACAB
1713700001001,B7BGB1B0BoBXCBBDA7A6A9AdAcAbATAAAZAAAABdCCBbBcBPBTAWBAAbAuAhBLANALAIAKAAAGAA
1713809001001,B+CLCACHBcA4A8A9AsAqAmAfAeAeARAFABADAACCCACUBxBOA+A/AdAqAlAeAcAfAWAFAAANACAA
1713957001001,CUB2BeB6BuBDBPBHAyAoAkAkASASAXAMAHAAAABmBwCKB2BVBSA0AjAuArAeAaAfAgAMADAAAFAA
1714203001001,B3B/CKBzBQBEBAA7AyAsAdAkAZAaALAKAKACAABtCDCEBvBRBDBBA2AzAnAkAcAaAJAXAIAHAHAD
1714302001001,BtBlCMCRBlBHA9AyAoApAhAkAXAhAVAPALAHAABpBoCJB7BZA6AzA2AvAsAjAfAcATAMAQAIADAA
1714880001001,B0B1B/B+BkBMBAAwAzAxAeArAnAUANALADACADByB3BzBvBXBCA+A7AzAqAiAeAWAZAIAKAEADAB
1715002001001,BzB3CEBtBTBFA1A4A0AuA2AbASAhAWAUAJAFAEBgBqB2BpBYBMBBBDAyAzAwASAdAYAHAKAKACAD
1715101001001,B6CLB+B9BXA+A/A9AxAuAOAiAhAIALASAEAAAFB9CHCYBxBYA7A+AwAsApAdAqAOAJAOAMAAAAAF
1715150001001,BxBmByCWBsBRBNA0A3A4ArAZAQAUAEAFAKAGADBgB4BrB2BdBNA+A/AnAjAeAcApARAcAAACACAA
1715259001001,CQCICIBnBeBBBBBMAwA4AcAiALATAEAVAEADADCEB9CTCGBEBIA8AjAfAhAXAdAWANASAAAIADAA
1715507001001,CBB/B+BoBvBoA4BNA5AoAyAQAvAWAcAAAAAAAABoBSCBBxBeAdBoAsBBApAVAOAmAAAWAAAAAIAA
1715705001001,B0CTB5B3BZBVA9AuA1AxArApAqAjARAJAAAAAACCCCCBBZBKA2A6AwAyAoAlAkAKAJAXAEAHAAAA
1715754001001,BeBdBqB9BZBHBJBGA6A0AyAjAXAfANAJAJAJAABgBiBzB0BfBMBOBKA1AsAkAfAbAPAPAKAFAEAB
1716109001001,BkBoBtB1BlBSBOBHA6AtAnAXAVANAJAMAFAEAABhBnBuB0BpBfBVBJA6AqAgAaAbAMAMAIAGABAA
1716208001001,B/CJCTB/BQBEBCA0A2AxAgAlAcATARAMAHABABB/B9CJBiBHA3A8AvAuAkAjAgASARARALAEAFAA
1716307001001,CHCDB9BxBaBDBGA7A3ArAtAXAkAZAPAJAEAAAAB3B7CCBsBgA9BEA9AoAqAiAXALAJAYABAFAAAA
1716505001001,ByB8B9B0BoBRBFA6A1AnAgAZAaAUAOALAEADAGBsB0B2BuBfBNBEA2AvAmAlAaARAcALAGAIAHAG
1716604001001,B5B5B5B6BTBLBFBOA5A0AwApAZAVAQAIADAGABBnBtBuBeBVBJA/A0AwAsAlAfAaAYALAJAGAHAA
1716653001001,CABoCBBzBxBWBABDA3AwAqAvAfARATAJADACABBbCEBpBlBJBNA1BJAqApAfAiAVATAKAKADAEAC
1716703001001,BzBuBuBlBbBSBOBGA0AzAwAeAdAQAQANAFAFAABvBvBlBmBiBOBIA/A0AwAlAYAfATAMAMACACAE
1717008001001,BmCACCCIByBWBEA9A3AxAgASAUAYAaAKAEAIAEBfBpB/CDBDA/A6A3AoAsAiAXAcAKAUAOAFACAG
1717206001001,BsB7CDCsBuBOBLA3AtAfAmAiAbAHAQANAAAAAABzB8BTCVB4A9AtA1A2ArASAuAOAEAJAAAAAAAA
1717503001001,B3B2CBBzBfBPBFBGA5AxAjAjAeAXANAHAKADAEBrBsBwBsBRBFBIA9AsAsAdAdAZATAPAIAHAAAD
1717800001001,BuCHCCBuBeBFBIBLAzAxAwAhAZAjAIAHAFACACBvBpB7B3BJBCApAlA6AmAlAtAWAOANAPAQAFAD
1717909001001,BzCHCNCABjBIBRA1A2AoAgAlAhAaANAOAIADACB0B0B1BkBDA1A6AzAwAoAgAkAbATALAJAHACAC
1718006001001,CQCTCJB4BUBBA3A+ArAmAfAnAcASANAEAFAEAACECJCVBgA9BAA6A1AvAoAQAnAaAPARAGADADAF
1718204001001,BuB4B0B3BmBRBHA8AyAqAiAXATASAPAIAGADAABuBzBzB3BrBSBIA9AxAoAhAbAXASAJAIAIAEAC
1718303001001,CZCJCWCBBlA+AuAsAiArAhAeAiAIALACAIAAAACPCOCQB1BUA4A2AqAwAcAhAVAWAMAIAFAIAGAB
1718402001001,B2B+B0B0BnBKA0A9A4AoAgAeAeATAaAPAPAAADBtBpBvBhBjBTBXA2AvAWAxAWAYATAKALAGALAB
1718451001001,CcCqBsBXBOA+BvA/AmAqA0AMAsAJAGALAAAEAABoBYBrB1BjB2AqA8A3AkAqALAYATAPAKAAADAA
1718501001001,COCKCfB8BQBDA3BAA0AtAfAhAjAAAXATAAAAAACBCRB/BnBJA3BCAwAqAaAhAdAUAWAEAGAAAHAA
1718550001001,CBCVCdCHBpBAA1A5AxAwAfAeAdAQALAJAAABAAB9CCB4B6BWA7A2AzAuAcAQAeASAUAFAGAFAGAD
1718659001001,CRCNCZCHBoA6A7AlAVAwApAcA0AUAAALAAATAACSB+B9B+AkAKBuAhA/AXAbAWAYALAVASAAAJAA
1718709001001,BvB7CcB4BrA6BKArBjAaAlAuAOAKAHAIANANAAB5B+BWBhBVBdA4BTAcA9ATAQAQAVAUAFACAAAA
1718758001001,B+CHCQB7BWBIA+BCAzA0AsAcAjAYAQAFAHAGACBzB/CCBbA9A2A3AwAzApAmAgAaAPALALAGAEAB
1718808001001,CjCMCMB0BUBHAxAvAvAbAIAiAXAWAWAIAIAAAECSCTCHB0BOAnBNA1AgAjAhAcAfAIAgAAAAAAAA
1718840001001,BkBqBtB2BfBSBQBIBAA3AmAtAmAbAJAOACAJAABfBiB9BbBOBhBPA4AxAtAjAbAZAGAQAJAAAAAD
1718865001001,CKCUCIBzBhBOBCBBAzAsAoAQARAQAIAJABABAACFB6CIBtBgA/BIA6AxAeAWAZAMALAKAFACAAAA
1718881001001,BwByByB1BeBaBBBIAxA8A6AqAGAUANAFAFAMAAB/CICDBdBPA5A/A0AzAYAPAVAIAjAeANALAAAF
1718899001001,B5BuBtB1CYBZBDBOAyA3A1AjA0AbAGAAAEAAAAB1BrBIBTCEBLAkAqBRAoAxAQARAEAHAAAAAAAA
1718907001001,CbBpCHB2BUA/A9A7BHAoAoAeArAQAMAEAFAAAABqChCDBxBIA4AxAvA2AlAnAZAWARANADADAFAH
1719004001001,BzCEB0CIBOBRBWBKAtApAPAvAYAZAPAFANAFAAB4CDB8BvBSA/AsAwBCAlAUAWAZAaAVAHAAAAAA
1720002001001,CBB7CUB5BdBSBJA2AjAXAaAlArANAYARAAAAAAB8CKBuBsBjAzBKAuAoAXAnAZAUAoAAAQAEAAAA
1720101001001,CPCOCFCBBWBIA7AwA3AqAqAbAiAOAPANADAAAACTB2CSBgBTA8AwArAtAhARAsAOATAQAKAAABAA
1720150001001,CWCJCkByBQBFAhA5BGAfAjAaAbALAGAAAQAAAACLCaCJCCBCAzA5A/AnAvAVANARAMAKAAAQAAAA
1720200001001,CTCICJB/BmBEA1AwArAkAfAiAQAeANAJAAADAECBB4B7B3BXA5A/AzApApAaAkAYANASAJAFAAAA
1720259001001,CDB3B4CABYBCBABBAqAmBDAOANAnAYAAALAIAAB0CaB3BvBHA7A9A6AsAqAcAgARAQAKALAFAHAE
1720309001001,CLCKB0CMBeBNA/AwAlArAiAWASAIARANAGADAAB3CACcB/BSA8A7AtAzAnAbAUAbAXALAHAGAAAA
1720499001001,BrCRCXB+BNBABFA5AzAzAoAfAeAcAXAJALABAABqCDB1BbBIA7A/AzAzAxAgAoAfAGAJAGAEAGAF
1720655001001,BzCLCMCEBgBGA3BCAtAgAmAqApAQAYARAJAFACBhB+B5BYBJA/A1AzA0AyAjAhAYAQAQANACADAA
1720804001001,BzCBCWCGBXA/AyA1AvAoAhAaAgATANAPACAAAABuB4CYB/BWA5A3A3ArAqAgAgAfARANAKAGAEAA
1720853001001,B3CHBzBuBmBrAnBOA0AyAzAlAcAWAWANAAAFAABuBFBcBqBuA4BZAdA6A7AqAlAKAlANAAAAAAAA
1720903001001,BjBoBvCCBmBNBABAA4AoAhAoANATAFALAKADABB/B9CCBxBvA+A/A4AwApAlAXAVATAQAJACAKAC
1720937001001,CDBsCxCwB5AkA0A1AyA2AcAmAPARAMAFAAAQAABzCiBsBWAtBRA9AiA6ApAWAZAQAZAKAJAAADAM
1720978001001,B2CACBBhBTBvBRBeBFAvAnAiAjASADANAAAAAABcBrBoBzBYA3BEBGA1AkAsAWAaAFAQAAAAAAAA
1721000999001,CCBvBjBpB6BwBfBJA2AmAdAPAMAHADABABAAAACABqBpB8CGBxBXBCAvAgAUALAJADADADACABAA
1721000999002,BhBbBaBoBwBlBfBTA/AxAiASALAGADACABAAAABhBXBjCLCUB2BoBYA+AlAVAPAGAHAFABACABAA
1721000999003,CJByBvB2B8BjBQBDA3AnAYAVAPAHADADACABABCEByBsB+B3BiBOBAArAgAUARAIAKAEADABABAB
1721000999004,CLB/BwB0BzBeBOBAA0AqAeAYAVAHAKADAEABAACABzBwB0B0BcBHA6AtAhARAWARAIACADAEAAAA
1721109001001,CeCRCAB6BbBGA5A1AvAmAfAXAOAQAPAJAJACABCUCOCEBfBOBFA1BDAsAbAXAWAfANAIAJAFAFAA
1721208001001,B6B/CDB/BdBCA7A3AtAkAaAWAWAQAPAKAKABADBvB1B/B9BmBHBDA9AyApAcAbAiAQAOAMACADAD
1721257001001,B2CqBuBrBhBRAxBKA6A2BQAaAYAaAKARAAAAAACCBzBvAjB6A/BQAfBCBJAAAAAOAIAaAVAEAAAA
1721307001001,BpBWCNBpB7AXAsBLBIA3AtAkAqAqAAAKAKAHAAB1ClB9BJA/AkBoAqAiAlA2A0AiAAAIAGAeAAAA
1722081001001,ByByB6B7BxBUBBA3AuAsApAhAaAWARAOADACAEBuBeB1B6BdBJBEA2AxAtAkAZAcAQAJAJAGAEAA
1722107001001,B3CDCDB1BgBIBAA7AnAlAVAlAZAWAVALAGABACBtB+CLBoBYBIBDA+AwAmAiAXAaAQAQAJAGAFAB
2100055001001,B3B3CAB7BlBNBFA+AvAkAdAWAPANALAGACACAAB0B6CFCBBrBUBKBBAxAkAhATAVAMAGAFAEACAA
2100055001002,CNCGCJB+BlBRBGBAAyAoAmAVAXAMAJAEACACABCDB/CABuBeBGBBA3AmAlAcAWAPAIAIABABADAB
2100105001001,CSCDB8CDBbBIA2AyAqAcAeAeAUAXAMAKAGACAGCJCOCLB2BdBCAwAzAvAiAYAWAUAaAIAHAIAAAC
2100154001001,B4CICaCDBhBEA3AvAkAjApAfAhAZANANAHAFAABtCCCMB4BMA0AzAuApAjAhAiAbASAPARACADAD
2100204001001,BwB4CQCPBkBEA6A3AuAsAnAdAfAZAOAJAHACACBsB4CHByBSA+A5A2AtAkAdAdAfATAQAHAHAAAC
2100303001001,CECBCQCNBfA+A2A0AuAoAgAhAZAVAPAIAGABAACEB9B+B1BTA3A3A2AxAmAcAgATAUALAKAFAEAB
2100402001001,CJCICNBzBgBHBBA6AlAeAbAYAZASAMAMAGAAAECOB4BxB7BeBCA/AzArAhAaAlAcAPASAJACADAC
2100436001001,B/BsCBB5BlA9A4A0AtApAcAaAbAVAPAKAEAEAAB7BzCLCHBeBJA/A3AvAqAfAhAUAZAQAFAHADAA
2100477001001,CXCQCOCHBhBAA0AsAoAlAkAZAWAVAMAHADADAACNCICHB2BZA+AwAoArAkAfAeAVAOALAEAFACAA
2100501001001,B8CECSCJBWA3A5A4A5AtAhAXAWALAQAMAHACABCACGCLBzBEA4A1A5A2AlAlAVAVAXARAHAGAEAB
2100550001001,CnCNCJB8BxBGA2A1AqAkAjAZAXAPAFALADAAAACjCICCB6BUBBAvAxApAbAZAcAOAIACAGAAACAA
2100600001001,CQCKCQCCBoBGA6A0AqAjApAYAXAVAJAHAFADABCHCECKB4BUA+A0AvAmAlAcAXAPANAIAHAFADAC
2100709001001,B2B4CMCIBkBFA5AxAsAqAcAkAeAbARANAEABAFB0B1CDB4BSBAAyAyAqAlAmAXAVAcAQAPAGAFAD
2100808001001,CNCDCFB9BZBIA9A4AqAnAbAaAUARAOAIAGAEACCEB/CIB5BVBDA7AzApAlAYAgAgANAJAPAEABAA
2100832001001,CTCSCgB7BXBEA2A2ArApAbAWAbAPAMAJADACAACNCWCPBqBMA+AyAwApAdAbATAWAUAKAIABAEAB
2100873001001,CHCLCLCRBgBKA7AtAmAjAYAkAYAPAQAMADAEACCGCACFB+BNA+A0AwAnAlAdAcAUARAGAHAHAFAC
2100907001001,B+CDCOCGBhBDA2AyAoAmAhAfAcAYAUAFANAFAAB6B9CMBuBPA4AwAsAoAnAkAfAaAZARAKAGAEAC
2100956001001,CQCPCOCBBeBAA3ArAnAjAeAYAbAMAKADAIABABCYCXCXCMBOA/AwAyAgAnAbAVAXAJAFAEADABAA
2101004001001,B1B/CMB8BiBFA4AzAyArAeAaAXAbAOAMADABACBwByCGCBBeBEA9A3AvAlAaAeAXAUAQAMAEAFAB
2101103001001,B+CECXCHBqBCAxAqAnAjAeAdAVAZARAKAJAEAABzB5CNCDBYA+AyAsApAhAkAbAeAQALAQAGAFAB
2101202001001,BqBpB2B6BkBCA8AxAsAmAjAVAWAUAPAGAIABABBpBqB8CFBsBOBGA+A5AwAoAgAeAXAVAKAJAEAC
2101202001002,CKCCCMCBBfBCA6A4AsAmApAWAdARANAHAJABABCHB+B/BvBSA7A4AxAtAqAaAgAXAQAQAFAGAGAD
2101251001001,B6B8CbCOBeBEA4A1AsAqAdAbAWATAJAJAFAFABB7B8CRB+BUA7A8A2AvAhAWAeAWAOAGAKAKADAA
2101301001001,CJCQCYCIBWA7AxAvApAkAeAbAdAaANAHAFAFAACDCRCRBtBHA4AzAuArAgAdAYAbAPAOALAQAFAD
2101350001001,BxB+CPCDBhBJBCA1AbArAiAoAmAsARAHAKAAACB0B4CCBrBDA1AmAqA2AhAgAkAZAZANAVAOAFAF
2101400001001,CPCAB+B2BeBKBBA4AxAkAdATAQAOAJAIADACABCJB9B+B9BjBKBCA5AuAkAXAcARASAOAHAFACAB
2101509001001,BrBuCBB/BlBCBCA4AyAnAdAhAfAXATAKAGAEAABoBwB7B8BaA+A9A+AzAvAqAiAZASARAIAIAHAC
2101608001001,BxB4B/B8BbA/A5AzAoAmAhAaAaAUARANAJAEACBwB0CECABiBGBAA5AtAqAiAjAhAWANALAHADAC
2101608001002,CPCcCVCDBdBFA8AzAsAlAnAbAUAVAJAKAFADABCICNCJBoBLA9AyAvAmAlAhAYATAOAGAJACACAB
2101707001001,COCYCUCCBaBEA2AwAqAkAbAVAXAPALAOAGABAACLCTCNB5BWA6A0AuAlAfAbAWASAUAJAIAGADAA
2101731001001,C9CWCPB9BTBAA4ArArAiAQAeAUAHAJAMAGAAACDBCzCJBeBFA2AsAqAbAeAaAPAYANAIAGAGAAAC
2101772001001,CMB/COCCBkBEA5AtAmAmAbAcARAaANAUAJABAACGB3B/B9BeA4AxAuAtAlAaAiAdAZAKAIAIABAA
2101806001001,ByB/CNB+BSA/BJBKAgAkAdAjAiAZAVAOAAADAABdCCCMBtBEAyBAA8AqAqAlAlAsAXARALAAAAAF
2101905001001,BoBxCXCSBkBCAxA0ArArArAeAhATAVAJAEAGAABiBzCSB7BPA6AyAxAsAoAiAkAcAdARAGAJAEAB
2101939001001,BmB2CGCKBiA+A/A8AqAoAeAmAYAQAMAMARABAABoCCCDBuBRBRA8A3AnAnAtAjAaAQASAJANACAC
2101970001001,CmCUCXB0BOBBA2A0AgAZAbAXAHAXAIAOAFADAACgChB6BuBYBJA3AqAsAkALAoAVASAHACAHADAA
2102002001001,CKB/CJCCBaBAAzAvApAjAkAbAjAQALAKAFABABCIB6CRCHBRA/A3AsAnApAjAcAZAWAJAIAEABAB
2102036001001,CRCCCJCKBnBGA1A6AsArAnAfAYAPAKAIADABAACSB9CGB3BVA7A1AzArAlAgAWAQALAEAHADABAA
2102077001001,CAB6CLCRBnBGA6AyAuAmAfAbAXAKASAJAHAEABCABuCCB4BbBDA3AzAwAnAbAeAZARAQAHAHACAD
2102101001001,B9BxCNCJBiBFA0AzAtArAfAeAaAUAQAJAHABABB6B1CEB4BUA8A3A0AtAsAmAYAbAQAUAKAHAFAE
2102150001001,ClCNCKCCBoBBBBAwAmAhAgAbAUANALAIAAACACCWCQCLB1BSA7A3ApAkAiAaAZAQAPAIAHADAAAA
2102200001001,CVCICNB/BcA8AxAxAtAmAjAXAXAUAOAJAJACACCQCECLBzBNA+AyAvAqAoAhAVAaAOAPAIAGAEAE
2102309001001,B2CGCMB9BXA8AyAyArAlAmAbAiASAKAHAHACABB+CGCKB2BQA9A0A3AzAqAeAmAeANAMANAKAGAB
2102325001001,CQB+CLCOBqBEA8A0AwAoAeAZAWAJAFAFACACABCIB5CFCLBhBJA9A3ArAjAbARAPAJAIABACACAA
2102325001002,CfCQCRB8BkBIA4A2AvAoAfAdAVAOAHAFABAAADCdCjCEBuBUA1AyAyAnAhAbATANAHAEABABABAA
2102358001001,CDCECRCFBfA7A4AtAqAmAaAlAbATAPALAJABAACICBCJB6BYA6AzAtAqAoAfAeAYATAHALAGADAA
2102374001001,CcCrCNB8BaA6AwAuAmAjAQAhASAUAHAJAEACAADGClCHBZBLA+AnA1AnAZAXAdAXAGAHAJAEADAB
2102408001001,CABzCdCJBuBEA0AqArAiAfAcAaAWAOAKAGABABBwCGCeB9BJA5AzAsAnAoAbAgAaAVAQALACAHAB
2102507001001,CPCQCUCCBhBIAxAtApAnAjAXAZAWAGAOAEACAACICLCKBxBKA3AzAtAvAmAcAWAQASAZAGAFADAC
2102556001001,CBCKCPB+BjBJBAA4AtAjAmAYAUAQAHALAAADABCEB7CHB5BaBGBCAxAnAiAcAbAUANAOAEAEACAA
2102606001001,CGCOB/CWBmBGBAAvAsAjAgAZAXAcAPAEAIAAABCACBCYBiBLBCAvAvAkAcAmAWAcAGAUALAHAHAE
2102705001001,CRCICQB1BfBIA2AtAoAgAZAYAQAWAIAMAMAFAECXCICGBxBfA/A7AwAmAjAcAVAXAPAHAKAJADAD
2102754001001,BxB5CHCDBaBEA2A0AwAmApAXAWAZAPAGAKAGADCFB2B/BtBNBEA0A+A5AmAjAgAaAaASAIACAIAC
2102804001001,B5B8CHB3BVA9A8A6AwAoAiAfAbASAOAQAFAGAAB2BwCEBxBSA+A7AyAzAqAkAfAdAeAYAOAFAGAB
2102903001001,CXCOCRB8BhBCA4AwAmAgAfAVAZARAIANADAEAACjCjCCB1BOA7A1AlAkAiAXAYASARAEANAFACAE
2103000001001,BpBtB6B+BiBBA4AzAtAkAgAUAWAUANAKAJADACBmBrB/CEBoBMBFBAA3AtAiAlAdAYAVANAJAGAD
2103000001002,CZCCCHB5BeBCA6A1ApAnApAeAaAeARAMAEADADCHB/BwBsBOA3AzAyAuAnAlAgAYAXAOAFAGACAB
2103109001001,BuByCVCQBrBPA5A6AuAmAaAjAZAhAYAEAGADABBeB3CFB2BdBHA2A1AmAiAgAWAdASAQAIAGAAAC
2103125001001,B+CLCVCABeBOA5A1ArApAdAdAVAWAOAKAIAEAAB+CKB+B0BNA1AuAqAjAoAhAdAjATAUAIAIADAC
2103158001001,CeClCbCBBkA9AvA2AuAoAfAjAUASAPADACAAAACKCKCKBtBTA1AyAtApAhAeAZAWAIAGABAAAAAA
2103174001001,CoCRCOB7BrBFA8A0AkAlAgAgATAOAOAGACAAAACiCTCEByBIA5AzAuAeAoAbAWASALAGADADAAAB
2103208001001,BuBxCACBBgA9A4AwAsAnAhAaAVASAMAIAJAGADBxBwCMB/BgBIA9A5AyAvAlAfAgAWARAKAGADAE
2103208001002,CZCRCcCCBUA+A4AwAuApAoAYAZAVAKALAFAAAECWCLCFBjBCA1AvAzAuAmAhAaATAOALAGAGACAD
2103257001001,CBB8CKCJBlBEA4AwAwAsApAbAhAPAKAHAFABABB5B3CLB6BVA4A4A1AwApAiAbAQARARAGAEAEAB
2103307001001,BxBtCCCABcA7AzAuAsAlAgAZAYAVAPAKAIADABBxBwCICABeBEA/A9A0AtAmAlAfAXASANAKAHAC
2103307001002,CUCHCFB/BaBAA3AwAuAoAlAgAeAXARAKAGABABCMCFB4BrBJA6AzA0AuApAjAhAbANAMAEAIACAB
2103406001001,B+B+CICDBdBBA5A1AwAoAgAbASAPAJAJAHACABB5B+CHB8BcBEA9A7A0AqAdAbAZARAJAKAEADAC
2103505001001,CECECBB+BdA9A2A2AsAkAjAVAYANAKAJAIADACCICJB9B2BbBDA8A4AvApAgAcAaASAMAGAIAFAB
2103554001001,CfCICICNBoBJA1AtArArAYAgAVASAKAKADAAAACYB/CCBtBaA9AwAwAvAnAWAXATAQAEACAHADAA
2103604001001,BzBoCAB6BcBEA4A1AnAlAgAdAaASAJAPALADADBsBoCDB8BhBIBDA9AzAsAlAqAeAbARAPAHAHAD
2103604001002,CUCGCSB8BbBBA7A7ApAoAlAdAgAdAHAKAFABAACNCBCFBkBMA3A0AwA3AlAbAeAUASAKACAGABAC
2103703001001,B5BzCLCKBfBIA5A3AvAoAZAlAjARAPAJAHACABB0B3CBBzBSA/A5A1AtAmAkAZAeAVATALAIADAB
2103752001001,CHCACFCABeA9A8AsArAlAnAVAbARALANAFAEAACFBxCFB9BWA/A5A2AyAsAnAZAfAJAPAKAFAFAB
2103802001001,B0BxB4B4BiBBA8A5AtAhAdAgAcAVAJALAJADAABxB1B8B4BhBOBBA7AvAsAmAjAgARAQAPAJADAD
2103901001001,CLCRCDB1BeBMA+AsAqAaAYAeAgAYAMAJACAFACCUCOCDBtBWA4A2AwAaAmAiAcAfAWAMAGAIADAE
2104008001001,B0CDCECABbBFA9AwAoAmAaAeATATAPAHAHAGAAB0CGCGCFBdBDA5A4AtAoAaAjAbASASAJAEADAB
2104057001001,B5B9CCB/BiBIBAA2ArAoAmAaAaAVAKAIAFADABB6B2B8CABhBHA8A3AuApAkAVAUAPANAJAKACAB
2104073001001,CRCOCaCIBiA/A6AzAoAnAjAZAaAPAPAIAEAEABCNCLCABtBTAyAxAqAsAiAdAdAbARAJAFABAEAB
2104081001001,CqCECHCFBqBPA3AuAsArAOASAUASAPAIACAFAACRCrB4BkBSAyA4A3AkAaAaAfAYAPANAEAEADAA
2104099001001,CSCYCNB6BaBHBHA0AtAnAfAaAUAQAMAKACABABCOCXCEBuBOBBA3AuAjAhAbAcARAPAHAGAEABAB
2104107001001,CMCICKCDBjBIBFA4ApAjAdAbAOARALAIAFABAAB/CDCICBBbA7A4AtAvAjAbAZAYARAIAGADAEAC
2104206001001,B/CCB+B4BbA9A5AyAvAoAgAjAbATAHAOAKAGABB5CBCDB5BVA9A3A2AxAtAlAbAaAPAOAJAKAEAE
2104305001001,B9CUCNB5BZBWBABEAwApAmAfAZAVAMAGACAAACB1CICQB0BMA/A+AtAmAfAUAeAPAOAMAIAHABAB
2104404001001,BvB6B/B+BjA7A5A2AvArAoAZAUAZAVAMAJACABB4B7B4B1BRA/A0A9A0AsAgAkAkAaAIAIALAEAC
2104503001001,B9B6CCCBBcA7A5AsAtApAhAiAUAWATAJAKAFAABxB4CACMBdAzA1A5AxAtAeApAiAUAJAJAKADAB
2104552001001,CAB9CEB/BcBBA9A/AwAlAlAaAVAYATALAEABAAB+B0CIBxBfBGA8A4AuAqAYAaAfAMAPAHAEACAA
2104602001001,CDB4CGB8BeBAAxAwArAsAiAdAYATASAGAKADACCFB/B1BwBVA/A2A5AxArAkAhAcAVAMARAGAIAB
2104628001001,CVB+B/B6BnA7A1A1ArAsAcAhAZAWANAIAJAAAACCB6CBB7BYBDA3A1AxAnAcAZAcAOAXACACADAC
2104651001001,B8CHCJCIBiBCA6AwApAkAcAgAYAUAOAMAFABACCNCRCBB2BNBBA4AyAqAgAmAYATAUAQAHACAAAB
2104677001001,CXCJCTCCBhBFA8A0ArAlAfAWAUALAHAIACABAACUCHCOB8BbBGA5A0AtAeAaATATAHAIAEAAAAAA
2104701001001,BwBvB/CGBgBIA2AyAxAiAhAeAhAQALAHAHAIAAB2BwB+B2BkA8A2A3AxAvApAnAkAPAWAIAKAFAC
2104800001001,B9B/CDCHBfBCA6AxAnAjAaAWAWAUAHAMAFAFABB6CDCMCKBaBKA/A3AtAkAhAVAWAQAPAOAGABAB
2104800001002,ChCdCcB6BdBEA3A0AnAjAfAbAbARAQAFACADAACaCdCKBoBHA1AwAvAiAcAZAYARARAJAEAFABAB
2104909001001,BgB7CQCTBeBCA5AwAuAmAjAfAhAeASAOAGADABBpBuCPB6BUBBA4AuArAiAfAfAdAWASAPAHAEAG
2105005001001,CbCQCNCABeBHA5AtAmAlAbAaAUAMAOAIAIAKACCcCZCNBwBNA2AxAmAjAeAYAXAVAWAGAKAHACAC
2105104001001,CPCXCVCBBhBBAzAvAnAoAcAaAXAVATAJAKAFABCTCLCNBlBHA1AuAqAlAjAdAZAdARANAJAIAEAD
2105153001001,CJCECRCNBZA5AyAyAtAkAaAnAgAPAKAEAHAFACCFCDCGCFBSAzA1AyAuAoAcAhARAQAIALAGADAD
2105203001001,BrBxCICKBkBDA6AzAvAmAkAYAaAUAOAOAHAEABBpBwCJCDBSA9BAA+AwArAdAjAfAQAUANAHAEAC
2105302999001,BWBVBdBuBsBWBFA8AuAoAoAbAUAOANAKAEADADBYBYBeCBB/BsBcBJA+A1AsAlAgAZAKALAJADAB
2105302999002,BZBaBbBkBnBRBOA6AvAmArAXAWAaAOAHADAFACBaBYBhCCCCBwBUBAA9AxAtAhAgAZAUAJAHAGAB
2105302999003,BaBYBsB1BzBSBGA6AtAmAiAaAbANAKALAEABAABUBcBrCJCCBdBQBIA7AvAmAiAlAPAOAJAEAIAA
2105302999004,BtBrB8B4BoBJBDBCA4AnAYAZAQAQAHAGACACABBoBmB7CLByBcBRBMA7AsAbAWAOASAHAJAEACAA
2105302999005,BkBcBoB7BwBOBBA6AvAqAlAXAYALAOAFAIAEADBgBaBpCICBBeBOBAA5AyAlAhAbAZAHALAFAFAB
2105302999006,B2B1B5B9BpBFA/A3AwAoAfAaATANALAFAJAFABB0BvB7CFBpBLBGA7A5AuAcAeAQAZAJAIAHACAA
2105302999007,CAB7CEB+BjBKA+A2AwApAaAaATARAIAHADABAACCB2CFB+BmBKBDA7AyAnAeAXATAKALAGAGABAB
2105302999008,CLB7CFByBfBIBDA8AvAnAaAYARAMAGAHAGACABCBCACBB6BnBPBMA8AwAmAdASARAOAMAEABAAAD
2105302999009,BtBrB1B+BuBKA/A8A0ApAZAYAUAIAGAGAGABAABrBrB9CMB0BXBMBDA4ArAhAZASAVANAFACACAC
2105302999010,ByBmB8B2BpBIA/BAA2AvAlAQATAKAIAGAGAAAABqBqB3CKBrBZBTBKA3AtAiAWATANAKAKABAEAB
2105302999011,CGCBCDB2BcBFBDA9A0AoAdAVAPAQAMADACAAABCGB0CECABdBQBLBFAzAkAVAYAPANAIAHAEACAC
2105351001001,CVCYCaCRBdBDA4AwAmAhAnAaAUANAIAHAFAAACCTCYCSByBLAzA0AuAjAlAeAVARAKAEAHABABAB
2105401001001,CKB4COB/BcA9AyAyApAmAZAbASAYAOAMAJACAACBB9CLB2BXBDA6A0AwAoAZAhAdAVAKAKALAFAC
2105427001001,CEB9B+B7BrBSBFA5AxAnAjAWAXAKAJAFADABAACCB6B9B6BpBRBEA7AuAiAaAYAPALAHADACADAB
2105450001001,CCCLB+CIBfA/A9AxAmAgAbAcAeARAMAIAKACACCHCNCHByBhA/A3AuAzAqAQAqAUAMANAGACAFAA
2105476001001,CPCbCVCFBhBGA0AvAjAgAZAaATAXAOARADAAAACRCZCKBxBRA1A3ArAdAcAdAaAbAPALAFADAFAA
2105500001001,B/B8CLCKBjBDA4AzAsAkAgAbAZARAQAHADAFAACAB0CGB5BeBCA9A2AwAlAfAcAVATAJAMAIACAA
2105609001001,B9B5CGCOBmBGA3AvAvAlAgAcAbAVAKAKAJABAACCCCCEB1BUA/AwA2ArApAeAkAaASALAOACADAB
2105658001001,COCFCFCABwBEA0A0A0AbAlAXAhAMAKAFABADAACVCGCLByBQBFA7AnAsArAeAeAQAVAAAFACAAAA
2105708001001,CBB+CCB+BgBDA7A0ArAiAgAbAaATAPAJAHACAAB8B+CAB+BZBCA+A1AvAoAiAdATAXAQANAFABAB
2105807001001,CDCHCMB/BgBHA3A4AxAmAcAXAbAQAKANADACAAB2B/CHB5BbA/A8A+AvAjAfAXAXARALAHAEAFAD
2105906001001,CACJCSCLBqA7AvAsAvAlAfAaAaAQANAKAGADABCKCCCLB4BTA6AzAyArAoAiAYATAPAJAHANACAC
2105922001001,B2B/CACDBpBHBEA5AyAoAiAaAWAZAIALADADABBxB8B+B+BhA9A0A1AxAoAbAkAYAUAMADAIACAB
2105948001001,CBB0CHCNBaBAA3AyApAkAfAbAVAOASAQAHAEAAB8B4CDB+BXBCA0A3A2AmAkAXAZAeAKAQAGAFAA
2105963001001,CaCjCYCIBkBHA3AwAwAlAeAXAQAPALAJABAAABCUCFCFByBTA5A3AvAoAfAXAXARAKAGAIACAAAC
2105989001001,BvCLCPB/BiBOBDA5AwAkAjAdAcAQAUAEAJAAAACBCJCDBoBSA9A+A1AnAlAoAMASAYAKAIAHACAA
2106003001001,BpBwCFB/BXA5A8A3AxAqApAgAgAUASAWAGAEADBhBvB+B0BPA/A8BBA3AsArAgAhAXASAOALABAE
2106102001001,CACHCMB9BVBDA9A0AxArAmAYAZAQAQAKAHABAACGCICHB0BPA7A3A8AoAYAmAYAhAQAHAIAGADAC
2106201001001,COCBCWB4BfBCBFAyAtAmAeAaAcAQAVAGAIAAAAB8CDCRB0BSBEA4AkAuAhAaAXAdARAMAKACAGAA
2106300001001,B9B9CFCHBkBCA8AyAnAoAgAdAcAXAMAQAHADADB9B7CHB1BVBBAzAvAoAmAlAcAZAUAPAHAHAGAD
2106326001001,CKCICJCFBhA/A8AzAlAkAlAZAbAQANAIADABABCJB8CDB8BfBFA7AyArAmAeAXAWAOALAEADACAB
2106359001001,CuClCPB9BtBSA6AsApAiAlARAWAJAGAIAFABAAChCQB/BnBeA8A1AmAkAfAeANAIAMAAAIAAAAAD
2106375001001,COCECPCQBfA/A3AyAxAjAjAbANAXAWAGAFAFAACQCECLBtBPA7A1AwArAkAdAgAWAOACAHAFADAB
2106409001001,CFB9CJCSBUA6A4AyAxAnAYAYAZAWAKALAIADADCKCBCNB0BWA5AwA7AtAnAdAgAcAOAKAJAHABAF
2106508001001,B7B+CJCdBmBDA4AzAxAlAXAfAcAaANAEAEABABB1BrCECBBPBCAwA1A4AdAZAcAfARAOAXAEAFAC
2106607001001,CEB7CLCMBfA9AzAzAtAmAhAjAeATASAKAEACABCFB4CAB0BSA4A2ArAsAoAkAjAfAXAKAJAGAFAC
2106631001001,CUCKCHByBYBAA9A3ArApAnAaAdAUANAJAFABAACHCICCBuBTBAA8AzAvAoAZAfAVANAHAGAHABAC
2106672001001,CYB9CKCLBWBLAtAzAuArAjAaAcARASAIAJACAACeCDCOBZBBBCAwA1AqAfAkAVAbAIANAPAIAAAD
2106706001001,CDCJCGB9BeBKA1A3AuAnAeAaAcAOALAIAHACABCMCHCCBxBQA8A5AyAwAlAeAaAXASAQAKAHACAB
2106755001001,B7BrCMCHBkBAA1AuAsAsAaAjAVAVASADALACAABzB1CDCCBjBCBAA7AxAqAfAaAWATAQALAHACAA
2106805001001,B5B9CECLBpBLA7AuAsAlAlAVAVASARASAFAFABB9B7CNB8BaA8A4AuAnAgAbAdAaAZAJAKAGACAD
2106904001001,CgCXCOB+BUA/AwAvApAlAeAaAVAUAJAKAFAFAACUCSCHBvBMA4A1AtAtApAcAXAVAUAPAIADADAA
2107001001001,CEB9CACDBkBLBIA0ArAnAfAhAeATARAMAKAFAAB5BxCFBvBWBCA6AvArAiApAVAZAQAKAKAIACAC
2107100001001,CkCXCOB6BdBFAyAuAlAlAeAZAaATAGAHAJADABCdCMCIBuBaA7AtAqAkAhAYAWAOANAMAKAKAIAC
2107209001001,CXCUCaCFBKA+A3AwAlAjAiAUASAPALAFAJAAADCYCNCJBzBZA3AyAyAnAmAcAaAYAVAIAFAGACAE
2107258001001,CWCVCYCSBfBNA1A+AyAfAdAgASATASACAEAAAACFCGCBBoBPA8AwAtAiAjAoAUAXAGAPAEAAADAA
2107308001001,B4B4ByCLBcBAA1A0AsAwApAbAtAMAXAJAEAAAABuByB9BqBNA/AvA3A0A0AtAfAkAQAZALAOAGAB
2107357001001,CLB3CNCFBkBBArAwAnAqAoAnAVAJAOAKAJACAAB9CDCNCCBMA8A5AuAlA5AfAdAVAPAMAGAJADAB
2107407001001,BzBtB2B/BmBKA9A6AqAkAdAdAKAbAPARAJADABBvBzB9B2BpBFBCA6AyAqAeAlAaAZAOAHAMADAC
2107456001001,CBCECeCTBiBBA1A5AnAtAbAbAXAeALAFACABAABzB4CJB+BPA2A5A6ApAiAcAcAZARAKALAKAAAD
2107506001001,ByBrB3B8BoBSBLA7AzApAeATAQAIAJAFADACABBuBpB2CEB2BfBRBEA7AtAbAVAQAQAHAFAFACAC
2107605001001,BvB8CSCRBkBHA5AuArAlAUAhAaAXALAIAGAEAABtB3CMCDBdBCA3AxAuAkAaAiAWAYAPAIAJACAJ
2107704001001,BwB9CNB+BZBBA5A2AuAoAqAYAVAWAKAMAEAEACBtB6CFB0BUBBA9A5AxAqAsAiAiASARAMADAGAB
2107803001001,CEB5CLCMBiA8A1AzAuAoAgAfAdASARAGAFACAAB+B/CDB8BYA4A0A0AuAoAfAjAbAPALAIAHADAB
2107902001001,B8B4CCB8BkA8A5A2AyAnAcAdAYAUAQAMAJAEAAB5B7B/B0BWA+A3A8A0AsAbAfAkAQAWAJAIACAC
2108009001001,B4CACNB3BcBCA6A6AsAmAaApAcARAPAFALAIAAB2B6B+BxBRBAA8A5AvAoApAcAgAVAOAKAHABAD
2108058001001,CgCjCQB4BRA/A6AxAgAcAWAfAUAZAQAMAIADAACgCNCQBvBNAwA0AkArAZAcAbAWAVAKAMAIACAA
2108108001001,CNCBCMCCBcA+A1AyAqAlAYAcAXAUARAFAHADABCKCFCFB8BXA/A+A0AsAhAbAkATASANAHADADAB
2108207001001,BrBqB2B1BjBIA9A4AuAlAiAcAUAaAOAJAGAEABBlBnB5B9BqBRBDBBA0AvAqAgAhAUASAPAJADAA
2108256001001,CRCPCWCRBbA/AzAvAlAlAcAiAcASAOAHAHADAACOCDCMBxBMA2A0AvAoAiAgAbAWAPAKAHAHACAA
2108306001001,CECMCNCCBlBHAyAsAgAfAfAbAZAXANAJAFADACCLCKCGB1BPA4AxAsAwArAcAfAZASAPAHAIAFAD
2108405001001,BsBtCFB9BcBJBCA7AuAoAkAlAcAZAOAHALAEAEBuB3B7BqBYBJBBA2AuAnAjAjAdAZANAIAJAIAA
2108454001001,CHB7B/B4BfA9A4A3AmAsAkAdAcAUAJAMAHADABCAB1B8ByBWBBA8A6AyAuAfAjAZAVAQALAIADAD
2108504001001,B8B0CECHBcBDAyAuAiArAeAYAVAWAPALAJACACB7B1CGCHBfBHA3A0A5AmAgAdAjAVAMAIAHAEAC
2108603001001,BhBjB/CEBhBHA5A0AqAoAeAYAVAVAOAHAEAEAABcBjCLCWBuBVBHBAA0AsAfAdAaAXARAMAGAFAD
2108603001002,B9CMCOCHBmBFA2AyAnAmAfAgAbATANAKAEACAACACGCGB0BSA7AzAwAqAlAbAgAZAQARAIACACAF
2108702001001,CBCDCIB9BcBEA9AxApAhAlAXAcALAOAOAIACABCBB+CIB+BZBCA7AxArAmAiAZAYAQANAIAHAFAB
2108801001001,CFCICMB6BZBEA1AxAmAkAfAXAVAXAQAHAJAIADCLCFCOBtBSA+A6A2AsAmAcAbAfAGAMAIAMAGAE
2108900001001,BrBxCJCQBlBEA4A0AuAdAgAfAUAXARANAHAEACBmByB+CRBiBBA5A3AyAyAgAdAbAQANAJAFAEAD
2109007001001,B0B3CFB5BfBKBBA7AuAmAhAYAhAOAPAIAFAEAABxB5CEB/BiBEBFA7AsAiAdAcAYASAQAJAGACAB
2109056001001,BnBvCPCXBxBMA9A6A1ArAkAdAUARARALAKACAABhBzCRCABWBAAyAzAqAlAUAaAQAmAJAKAIADAB
2109106001001,BzB4B9CBBkBDA6A3AxAqAdAfAYAPARAJAEADABBqB0CBB5BhBIBBA8A4ApAfAdAcASAOALAJACAD
2109205001001,CUCdCRB+BKA1A0AqAnAgAhAqAbAYANAIAFAEAFCXCiCCBzA9A8AvA0AjAqAeAWAaAMAIAEAFAIAA
2109239001001,CGCHCUCEBhA/AyA0AsAnAjAdAhAWAIAFADAJAAB5CBCGBqBlA1BBAsAoAoAgAbAdAPALALAEACAA
2109270001001,CKCCCSCWBhBBA0AoAnAkAfAbAcAZAQAIAEABAACUCVCCBdBWA6AvAvAqAiAeAeAWAUANAIAEACAE
2109304001001,CrCUCQBiBOA8A0AzAlAmAaAaAQAKALANACACABCxCpCZBnBNBAA4AvApAbASAUAVANAPAGAEACAC
2109403001001,CZCRCRB+BoBEA4AqAmAlAkASAUARARAJAHADABCWCUCMBtBVBAAuAkAhAfAeAVAVAMAOAKAGAAAB
2109452001001,CMB3CLCABuBdBJAzAqAlAfARARAMALADAEABAACJBzCEB+BmBRBIA1AoAgAbAQAIARAHADADADAA
2109502001001,CCCCCGCFBfBDA3AxAtAoAjAhATAYAUAJAGABADB7B5CLB2BPA+A0AwArAqAfAgAcATAKAIAKAGAC
2109551001001,B9CICaB9BkBIBAAwAvAqAnAWAeALAOALAAACAAB4CJCJBxBWA/A8A3AtAgAcAXAUASAHAJACACAA
2109601001001,B9B/CVB+BaBBA4A0AqAkAbAXAXAPARAIAJADABB6B8CTB8BUBDA7A2AvAkAeAaAWAcAQAIAGAEAD
2109700001001,CXCbCMB5BRBABCA3AnAoAbAeAFAYAUAMAAADAACECJB/BmBPA2A3AzAwAfAgAjAQAhAPAFAHAEAE
2109759001001,CSCFCPCRBvBDA2AyAvAqAfAdAUASAHAOAEAAAACKCACFBlBaA2A1AmA2ApAeAaAPAHARAHADACAA
2109809001001,B7B9CPCFBjBGA0AuArAmAhAYAYAVAMAQAEABAAB8CACIB9BcBBA0AvAsAnAfAbAaAUAOAJAHAEAB
2109908001001,B5BtByB+BlBDA2AyArAmAjAUAVAVARAHAHACACB1BtB8CHBuBOBBA5A1AsAiAhAbAUAPANAEAEAD
2110005001001,BzBoB8CKBiA4AuAuArAjAlAYAdATAWAMAGAAAABzBrCMCTBjBCA8A1AvApAeAoAnAPAaALAEACAB
2110005001002,CYCSCSCDBpBAA7AyAnAoAeAfAXAMANAGACADAACdCJCKBxBJA7AuArAqAnAaAZARAPAHAFAGABAB
2110039001001,CCB+COCJBaA+AyAwAfAyAjAYAaAQALAOAIAGAACGB7CKCBBRBEA6AqAqArAlAaAZATAOAKADABAA
2110104001001,CXCMCLCABeBDA9AxAoAjAcAZAbAQAMAGAEADABCJCRCNB1BRA4A0AwApAmAaAbAXAOAJAIAHACAB
2110203001001,B+CLCKCABgBEA3AxAlAmAfAeAWAaAMALAGADADB3B+CDB5BWBGA0AzAqAnAgAdAdASAKAMAJAFAB
2110237001001,CVCOCQCEBeBBAvAoAvAmAfAeAZASARAIAKAGAACSCNCNBwBHAzAuAnAlAlAcAeAVAYANAFAIAGAC
2110278001001,CRCRCbCKBdA/A0AwAlAfAgAWAaAOAMAKAKACABCVCZChBsBOA0AuAfAoAfAlAMAUAMAPAJAHABAB
2110302001001,B1B5CGCCBrBKAzA1AtArAfAhAXAXAPAKAFABAABvB7B5B0BcBCA9AyA1AsAjAgAYARANAMAHAFAC
2110401001001,CgCPCSB0BaBFAsAsAoAnAXAXAaAQAQAIALACAACECPCRB4BQAzA1AxAuAjAiAfAXAOALAHAKABAB
2110500001001,BpByCRCKBiBBA5AyArAmAcAeAZAYAJAKAIABABBpBxCLCDBcBFA8A3AuAmAfAiAbAZAWAMAHADAC
2110609001001,CFCCCOCLBeBBA2AzAoAmAdAcAbAQAQAOAGAGACCDCBCNBwBRA3AyAyAnAmAlAXAdAVAPAHAHABAC
2110658001001,CACDCKB2BdBJBFA9AwAkAfAiASAYAOADAFACADB+CKB+BmBQA+A8A5AtAkAZAoAXAXANAJADAAAA
2110708001001,CEB8CEB6BhBJA8A2ArAkAkAbAWAPAMAMAEAEACCCB7CAB2BcBEA+A0AsAnAlAcAWARAPAJAEADAC
2110807001001,B8CHCICGBWA4BDA6AxAqAkAYAgATAJAOAIACACBsCDCFBoBRA6A4A9AzAsAiAsASARAOAHADACAA
2110856001001,B8B8CLCMBoBGA3A4AsAvAgAfAaAQASALAGACAAB0B1CJB+BbA8AxA0AwAoAZAjASATAFAGAEAFAB
2110906001001,B3B6CDCABaBEA6AuAxAnAkAjAbAaASAJAFAGAAB6B1B1B2BPA2A/A1AzAtAjAkAlAPAPAIAMAFAF
2111003001001,CDCOCHByBlBGBDAoAqAkAkAZAeASAOAKAHABACBfB4COCMBTA/A9A2AmAlAgAYAdAYAQAJAGAEAC
2111029001001,CfCJCHCBBlBFA1AtArAmAnARAXAWALAIABABAAClCTCFByBUBAAwAsAmAoAdAVAQAPAGAEABAAAB
2111052001001,CFCECCCRBUBIBCA3AvAmAiAhAYAVANALAIABABB8CECFB2BZA6A0A0AnAjAfAbASAPAKAJADADAD
2111078001001,CGB+CFCKBbA/A2AuAvAnAmAcAcAXAVAHAHADABCAB+B5BzBQA6AxAzAxAsAmAdAcATAQAKAGAGAB
2111102001001,BnByB7B3BdA7BAA5A0AoAnAaAdAVAZAKACAEACBnBuB7B4BWBFBBA9A4AvAnAiAoAVAWAOACAEAB
2111201001005,ByBwCACABqBRBCA3ArAiAYAcARASANAJAEADABBvBzCICHBlBQBHA5AtAmAgAXAUAUALAJAFAEAB
2111201001010,B5B2B7B1BfBUBQBCA0AlAYAUARAJAFAGACABAAB2BzB+B9BxBgBYBHAzAiAVAVANAKAIAGAEABAC
2111250001001,CDCPCRCIBWBDA4AxArApAgAfAaAPAOAFAIACACB2CBB9BwBlA4A9A0AnAmAdAiAXAQANAKAHAFAA
2111300999001,BSBQBhByBqBVBJA9AuAnAfAVAXASAGANAJADAABTBTBoCHCBBmBZBHA7AuAlAqAiAaAVAPAMACAC
2111300999002,BcBYBkBvBoBWBKA9AwAjAdAWAVASAIAHAIAAAEBWBPBpCIB8BpBeBNA6AsAqAfAdAeAWALAHACAD
2111300999003,BbBbB2B6BlBMBDBCA8ArAXAaAMAOAFAGADACAABXBdB9CUB6BiBZBTBDAwAeAYASARAGAJACADAD
2111300999004,BbBQBuB/BzBZBJA9A1AsAlAUAPAQAFAHADAAAABaBYBxCUCHBnBXBLA7AsAqAVAQAMAJAKAEABAC
2111300999005,BfBaBtB8BuBXBCA5AvArAeAYASANAMAEACABAABXBXBuCPCBBgBUBFA9A0AsAXAYASAOAIAHAFAE
2111300999006,BbBhBlBvBoBVBOBGAtAjAgASAOAWAIAEAEABAABZBdB0CEB8BqBjBOA5ArApAdAVASARACALAEAC
2111300999007,BmBmB5CFBrBPBGBBA5AnAXAVALAIAIADAFADAABgBnB+CQBzBiBYBNA8AqATAcATAMAGAFADAAAC
2111300999008,BQBUBmB8B7BXBCAzAuAnAnAaAVANAKAJAEADAABLBTBoCVCHBmBRBAA7A2AvAjAiASAPAEAHADAE
2111300999009,BhBdBsB4BoBRBMA/AvAmAeAUATAMAFAIACABABBeBdB4CRB4BiBcBKA2AuAmAdAbANAKAKAGADAB
2111300999010,B8BtB9CBBtBcBLA+AuAkAYASAKAJAHACADAAAAB6BoCCCCB5BeBSBHAzAhAWATARAJAGAEADABAB
2111300999011,BnBpB/CLBpBOBFA8A1AqAbAUAKAOAHADADAAABBmBkCICVBxBbBSBDA5AqAfARARAKAHAFADABAC
2111300999012,BZBUBhB4BvBfBLA8AvAjAbAcAXAOALAKAAACABBTBWBmCICDBmBWBJA4AuAmAmAiARAVAJAFABAF
2111300999013,BcBgBxCIB3BVBFA5AxAqAbAbASANAIAFACABAABcBbB0CVB5BgBNBCA7AvAhAbASATAKAHAFACAE
2111300999014,B/B/CBB3BbBWBUA/AxAfAUAQAOAMAHADABABAAB7B7CCCCBrBjBXBEAvAjAOAXALAIAHAEABACAA
2111300999015,B3BvCDCFBsBLBGA6AvAoAZARALAMAFADADABAAB1BtCJCQBzBUBVBEA1AmAZATAMAMAKACABABAB
2111300999016,BqBuB+B8BhBOBLBBA6AkAfANAKAMAGAFABAAAABrBuB+CCByBcBcBSA8ApAjAQATAHAGAEABAAAF
2111300999017,BZBXBeBoBqBZBOBBA0AqAjATAVAIAEAGAEABABBXBWBnCKCNB2BjBSA+AzAlAaATAPAJAMAEAEAC
2111300999018,BsBjBRBaBYBeBiBHAyAhAXAWAQALALAEABAAAABrBdBkB7CCCIBwBSA5AmAjAWAVARASAFADAAAA
2111300999019,BhBZBuB/BpBWBDA+A0AiAbAWAXAMAJAEAFAAAABeBdBuCNB3BfBWBMA/AuAgAfAVAVAMAPAHACAD
2111300999020,BKBLBcByBsBXBCA9AuAoAfATAUAVAMARAFABAABGBGBlCIB8BsBRBMBCA4A5AcAkAeAlAWAFAGAE
2111300999021,A/BHBTBhBeBUBHBCA2AwAkAXASASAJAIAAABABBCBLBhCXCOB1BmBaBKA8AuAnAXAYAXALAHAFAD
2111300999022,A6BEBrCEBeA8A1A/BHBCAoAXARAEAGAEADABAAA6BFB3CyCOBaBUBdBcBJArAZAQAQAKANAFABAA
2111300999023,BsB1B7BxBdBJBWBNA5AmAWAPAKAIAEADACAAAABjBvB/CHBtBjBtBYA7AkATAXAMALAKADADABAB
2111300999024,BQBgB8B+BeBBBEBTBMAtAVARAGAKADAHABAAAABJBiCECcBvBZBcBtBVAuAeAPAPALAIAFADACAA
2111300999025,B4B6CMB/BmBLBHA+AsAjAYATASAKAHADAFABAAB3B5CICABoBZBPBCAtAjAfAQAMALAGAHAEADAB
2111300999026,CjB2BvBbBcBvBeBBAtAbAVAMAJAEAFABAEAAAACbB4BoBoB4CCBqBBAnAaAPAPAKAHACAEAEAAAB
2111300999027,B5B+B6B2BkBTBOA/AyAiAVATAPAHAHACABACADB0B7CCB7BsBgBZBLAxAgAYATAQANAEAEABABAE
2111300999028,CvCBBnBVBzByBVA+AsAaAVAMAJAGAHABAAAAAACiB1BrBtCFB4BaA4AlAXAQAMAIAEADADABADAA
2111300999029,BeBcBlBzBwBaBIBBAxAkAbAXATAJAKAGACACABBhBdB0CLB/BuBZBOA6AqAjAZAZAQALAHAEADAC
2111300999030,BRBOBcBsBfBMBBA8A9A2AtAaANAHAGAFACAEACBKBNBpCQCVBoBdBWBJBGAzAdAUAQAOAIACACAD
2111300999031,CHCFB2BlBcBhBYA2AuAdAQAQAOAGAEAIAAAAACCHCFB8B7BuB0BhBUAqAdAPAPAHAIABACAAAAAC
2111300999032,BMBRBfB0BpBKBBBDA+A2ArAfARAPAIADACAAABBOBQBjCOCOBoBdBSBLA9AqAfAUAIALAHAFADAD
2111300999033,BIBFBSBuBtBMA8A6A6AzAdAmATAMALAEAAACAABCA/BbCeChB9BXBZBPBDAtAfARAXAXAJAEACAC
2111300999034,BFA7BNBrBnBLA/A8A/A4AyAkAjALAIAJAGABAAA8BABXCBCYBzBaBPBMBHA7AfAgAPATAQAFAJAC
2111300999035,CBB3CBB9BvBaBJA8AyAlAgAWAQAQAIAFAFAEABB+B0CFB7BjBOBCA4ApAiAYAWAQAPAEAGAFACAD
2111300999036,BABCBOBjBhBQBIA9AzAoAYAhAbARAWAOAHAEABBBBCBfCAB5BlBgBQBGAzAyAmAoAtAkAeARAMAH
2111409001001,B2B3CCCJBiBBA+AxAsApAlAdAYAUAIAKAGAFACCDCIB4BvBRBFA6AzA0AjAlAoAbANAKALAJACAB
2111508001001,B+CBCFB6BZBAA1A1AtAnAZAjAaAPAQAKAMACADB6B4CEBzBYBBA8A3AwArAhAjAbAWALAKAJAFAC
2111532001001,CKCGCKB7BcA9A0AwAtAsAoAaAgARAOAKAFADABB9CACIB3BaA6A0AzAwAlAfAkAYATALAEAGACAA
2111573001001,CDCOCSCTBaBVBEAwAnAlAhAfAXASAFAEAAALAABnCcCaBtBgA7A0ArAhAmAfAYASAOACACAEAEAA
2111607001001,B/CHCOCCBRA5A8A2ArAiAcAgAaAVASAHAJABADB8B9CJBtBMA6A5A3AvArAkAeAUAeAKAKAJAJAE
2111631001001,CTCVCVCPBdBCA3AuArArAkAaATANAIAOAGADABCICNCOB2BKA4AwAvAuAkAlAMAVAPAGADADAAAB
2111672001001,BlCbCDCWBtBDBDAsAoAnAWAsAXAPAMAKACACAAClCKCEBuBSBKAjAnAiAeAdAkAXANAFAUAAAAAA
2111706001001,B1CHCdCDBhA/A4AwApAkAWAeAUAaAMAJAKADACB0CHCJB5BSBAA3AwAoAhAgAcAiASAQALAFAFAE
2111722001001,CEB/COCIBpBDA4AwAsAkAeAUAbAPALAMAGAAABCEB8CNCFBXBCAzAvArAiAVAeAbARAKAKAGAEAC
2111748001001,CFCMCIBtBZA+AzAvAsAqAhAjAQAcAMARALABAAB+CFB+BpBNBAA4AxAuAuApAdAbAcAPAPANACAA
2111763001001,CBB3CBCCBlBDA0AuApAlAcAjAdAWARAJAFAGAACCB3CFB7BcA7A4AwAvAoAfAkAdAUALAQAGAAAC
2111789001001,CSCbCMB6BsBDBDAtAzAlAmAWAcAbAIAGAGAAADB/ByB6B0BMBIArAzArAqATAiAMAUAPAPAFAAAA
2111805001001,CGCOCQCFBaBIA+A5ApAjAmAbAgAQAJAHAKAEAACEB/CMB1BRA7A4AwAeAhAhATAZANAMAGALAFAB
2111904001001,B+CHCKB8BZBAA/BAAxAkApAWAcAYARALAEAEAAByCEB5BiBRA6A+A4AxAoAcAiAgAUAPAGAJAFAB
2111953001001,CDCDCFBpBWBIA5A3A0AvAkAcAgATAWAHALAHAABsByB2BxBYA/A9A4A0AqAlAeAfAZAKANAIACAA
2112001001001,CQCOCPBxBUA5A6A4AxArAmAYAMAXAPAIAHADABCVCOB/BvBIBAAyAzAzApAgAYAaAPAIAHAIACAA
2112100001001,CJCGCMCABZA+AzA0AsAlAfAaAXAQARAKALABAACKCCCIBxBVA7AzA5AtAoAgAbAdAUAMAEAIAGAC
2112209999001,BuBhByB4BpBKBCA4AyAmAYAcAUARALAIAEACAFBmBgB1CBB1BWBMBCA4AwApAdAbAaANAKAIADAC
2112209999002,BiBbByB5BpBIA/A5AvApAmAPAaAPAOAHAHABAABdBeB3CAByBVBMBMA9AxAoAgAeAXAcALAHACAF
2112209999003,CIB0B7B8BqBIA+A2AsAlAbAUAUANAMAGADACABCBB1B/B2BrBXBGA+AzAoAeAZATAQAGAKAGABAB
2112209999004,CJB2CCB8BqBNA9AwArAjAXAXAQASALAEAEABAACGBvCBB9BtBSBJBGAzAlAWAaARAJANAGABAEAA
2112209999005,CFBpB8BzBtBPA+A6AwAmAdASAVALAHAGADACABB6BrB8B/B2BaBIBCAyAsAjARATANALAIAFADAA
2112209999006,CFCACMCABeBIA8AxAqAkAlAkAhAaAVAKAFADAAB+B0B2BpBMA9A3AsAqAqAmAgAhAWANANAGADAD
2112233001001,BqBmB9CDBdBKA7AxAsAlAZAjAbAUAPAQAHAFAABnBkCBCABjBHBBA9A1AqAfArAeAbAXAKAJAHAC
2112274001001,CTB/CMCJBsA7A2ArApAiAgAdAdAgAIAHAHACAACJB6B7B5BWAzAyAqAtAkAtAfAbAJASAJAFACAF
2112308001001,B8CFCFCIBgBEA5A0AtAnAjAdAdATALAMAGADABB6CBB9B1BYA+A3AzAtAnAqAWAVAUAOAHAGAEAB
2112407001001,CWCFCiCIBdBEA3AtAnAmAcAaAXAQAMAIAEACABCVCXCEBsBRA9AwAtAnAhAaAbAOAUAOAGAFABAA
2112456001001,B3CJCPCBBaBDA8A0AlAtAeAcAaAbARAGADADAAB/B3CFCHBkBKAzAyAyAcAaAdASAVAMADAFADAB
2112506001001,CSCTCPB8BeA9A5AwAlAiAbAeAXATANALADACADCMCNCOB1BQA9A1AtAmAhAaAdAUASAPAKADADAD
2112605001001,CcCKCLCDBUA7A2AwAoAiAdAWATATAIAHALAEAECVCJCXB8BRA3A0AyAmAgAaAbATAVANAFAJACAB
2112704001001,CUCCCMB8BaA/AyAvAnAjAfAcAaARAPAKAHABACCVB+CMBvBTA7A0AzAtAoAdAgAeAQALAKAEADAE
2112803001001,ByBvB+CHBlBEA3AyAoAnAcAZARAYAPAMAGADACByByB9CPBlBKA9A7AuAsAiAZAgAUALAJAIAEAD
2112803001002,CQCOCUCOBZBCA1AtAoAkAbAgAUAYANALAIACACCPCFCHBqBQA5AwAyAnAlAiAWAZARAPAFAGABAC
2112852001001,CNCDCMCEBjA8BGA2AtArAhAkAcAVAVADAGAAACCAB8B4B2BRA2A3AzAuApAYAiAVAQAJAEABADAD
2112902001001,CCCDCOCJBaBAA0AvAuApAiAVAZAUATAHAEACAACFCECDB6BUBBA1A0AuAnAaAbAYAWAOAHAGABAB
2113009001001,B6B0CCCABaA/A4A1ArAlAoAYAeAVAWAJAHAFABB2BvB7B7BZBBA8A6AwAtAkAhAiASATAOAIACAB
2114007001001,B+B7CMCNBgBAAzAxAqAjAeAfAaAQAOAKAHACABB8B5CLCFBdA+A5A0AuAmAfAdAbAPANAJAFACAC
2200053001001,BwB/CNB0BTBRBDA8A2AuAmAfAaAXARAHAEACAAB1BtCDBpBcBLA/AxAoAmAnAUAQAYAMAQANAFAA
2200103001001,BfBpB9BzBjAyA4AxAxAtAgAsAeAkAYAJACACADBoBvB0B9BWBKA6A3AwAwAnA2AlAUAWAQAKACAD
2200202001001,BvBhBtBvBhA+A+AyAwArAmAgAlAVATAMAGADACBtBnBuB2BkBMBAA5A7AvAyAhAlAaAaAMAGAFAD
2200251001001,BdBiB1B1BnBEA/BGA0AsAhAsAdATAXAQAIAAAABXBiCFByBQBIBIBIA4A0AuAlAcAWATAFAFADAD
2200277001001,BuB1B/B2BWA/BOBFAuAkAnAjAkANAPALALACAABlBvB7BrBPBBBJBEA6AqAoAgAfAPALAQAMAEAA
2200301001001,BpBwB9CGBcBAA6A1A5AuAkAeAaAdASAWAIAGABBZBgB8B0BUBFA4A5A2AzAnAjAhAeAUALALABAA
2200400001001,BsBsCAB9BfBCA9A3AxAoAiAeAZAaAQAMAIACACBrBmB+B4BeBKBAA6A1AtAiAhAdAYAWANAGAEAB
2200459001001,CDCOCHCcBhBIAuAzApAnAjAgAZAMALAKAIAHADCDB2B6B1BTA0AzAtA7AtAaAgAZAUAAAGAMADAA
2200509001001,BpBoBpB+BdA9A5A3AyApAiAsAdAcATAQAIADABBmBoCPBkBaA+A6A+A5AwAnAgAfAaAWAUAPAEAD
2200608001001,BkBmBzBuBQA6A5BEAzAvAzAfAhAZAWAMAKAEACBmBlBpBoBMBIBIBHA4A1AlAsAwAWAZAUAJADAC
2200707001001,BzB5CHB7BnBOBGA8AmAhAtAVAVAUAHAUALACAABtBvCJB4BiBFA5A7AoAfAnAcAdANAQAJAKAAAC
2200806001001,BlB0B9CFBTA6A6A+AzAzA3AWAOAbAdAOACAAAABtBqCJBhBRA7A1BIBEA0AiAhAQAWAhAGAWAAAA
2200905001001,BiBvB/CDBkBIA2A6ApArAlAjAZAbARAjAEAFACBXBYBvB5BXBGA5A5BBAxAlAlAeAdASAXAEAFAC
2201002001001,B8CGB1B3BRA5A+A4AvAxAbAjAWASAPAIAHAEAAB4CCCHBlBJBGA/A4AxAmAoAeAnAaAOAHAIAIAH
2201051001001,CDCACICBBkBGA7AtAoAmAcAeAZAQAMANAFAAACCBB3CMByBnBHA1A4AsAjAkAZAWAQALALAHACAA
2201101001001,BqBpCBCDBfBPBFA6AuAqAoAcAfAPANAJAJADACBvBvB4B6BYBCBBA8ArAqAmAeAjAXAPAKAIADAC
2201150001001,CsB/COCCBTBJA9A7A4AjAaANAZALAMACACADABCHCXCDB7BWA3A/A0AkAhAbAWAUAOAKAAAGACAA
2201176001001,BiBkBzCJBbBCAvAyAwAlAsAbAgAfALAVAHADAABrBlB5CGBoA/A5AzA6BEAgApAlAUAQARAGACAA
2201200001001,BnBzCEB6BaBCA7A3ArApAdAZAaAUAOAOAHACAABlBqCGCCBoBLBFA6AyAqAjAiAaAeASAOAFADAE
2201200001002,B+B7CVCSBiBDA2A2AwArAnAYAfARAQALAHACACBwB7CKBzBSA1AyAuAtAqAiAbAYAQAWAIAEABAC
2201309001001,CBB8CLCDB2BCBBAzA2AlAhAaAcAPAGALAIADAACABsCRB1AzA1AzA2AnAlApAWAhAVAPAWAKAHAA
2201408001001,B5BkB+CCBbBIA0AxAxAmAkAdAjAZAOAJAIAJADBeBeB4B3BhBCA/BBA3AyAhAsAjAWARAQAEAGAF
2201507001001,B3ByCMCMBXBBA8A4AsAnAlAdAdAUAPAMAIAEABBuB1CBByBVA+A8A2AxArAlAdAZAdAOAPAHACAA
2201556001001,BaCDB2BsBqBSBYA0AyAuAbAqAVAfAQAHAEAGAECTB4BABoBhBZBMBGAlAbApAfARAQAbAGADACAA
2201572001001,BaB0BzCBBbBFBOBBBKAaAoAeATAjAcAFADAFAGBeBSBbBjBtBMBPA6BGAYArATAiAfAiAKAMALAA
2201606001001,BiBoCJCLBfA5A4AzA1AsAoAlAeAdAPANAKAFAABlBhB5B/BSBAA4AwA5AzApAjAjAbAPALAPACAB
2201705001001,B1BnCFCPBbA9A5A0A2AtAjAjAZAOAcAPAFAAAABxBkCAB1BQA1A0A3A3AmAgAqAuAfATAIAIAJAC
2201739001001,CFCCCQB6BdBIA8A8AnAgAeAbAdAKAIAMAGAEAACGB3CaByBPBAA6AyAoAkAmAcAQALAIARALAFAE
2201770001001,B2BhCaCPBlA+BFA1ApAmAmAgAhAQANAIAEAEAFBtB5CWCKBXA8AyAwAmAlAlAcARATAHANAHAIAB
2201804001001,BIBRBlBmA7BWBHA8AxAxBAAlAgAbAdAUAMADADBZBVBmBxBWA6BHBEA8BCBKArAvAVAaARAJAHAD
2201903001001,B0BrCCCCBmBIA8AzAzApAfAaAUAOANAGAJACACB0BqCACGBsBGA/A5AyAsAfAbAcAUAQAHAEACAD
2201919001001,B0BsCHB/BwBKBJA6AtAjAnAgAhAdAIALAKACAACEB2CBBgBaBLA5AsAqAiAgAeAPAYAPAQACADAA
2201929001001,BtByB7CNBgBJA6A5AwAlAyAUAaAYAVAKAIAAAFBoByB/BxBUBLBDAxAyAzAfAmAcAQALAMALAAAA
2201945001001,BsB3COCTBRAsAuArAvArAgAqAeAbAfAIACAIAABkBvB9CMBbA3AzA8A4AuAoAkAeARAUAHAFAFAD
2201960001001,BnBoB3CDBjBIBDA3AxArA6AVAhAUAfAHAJABAABpBmCAB2BoBAA6A1A0AoAiAeAfAbAQAGAFAEAC
2201988001001,B1BsCECBBpBLA2A+AqAoAnAdAeASAVAIAGACADByByByB/BWBHA3AyAtAvAhAqAYAWAcAFACADAA
2202000001001,BvB3CVCHBdBGA1A1AtArAaAlAYASASAMAFAGAEBwBwCPB1BSBAA3A0AsAqAjAkAUAeAMAKAHADAC
2202026001001,B8B1CCB5BcBKBIA3AzAkAoAcAaAeAJAMAGAHAECHB5B4BdBTBEBCA1ArAgASAqAgARAQAOAMADAB
2202059001001,BlB1CSCJBfA8A3AwA2AxAlAeAfAeAcAEAJABACBjBwB3ByBYBAA4A+AwAwAkAgAfAUASAKADADAD
2202075001001,BuB1B4CSBsBaA6A3AhA2AhAoAVARAQALAPAAAEBjBbCWBwBYAdA6AuA0AnAzAeAxAcAMAMAEAAAE
2202083001001,B5B9B7B4BrBZBFA0AkAjAaAsAmASAQAIATADADByBpB2B5BiAxAyAsArAqAtAhAeAUAUAKABAEAA
2202091001001,CGByB/BqBdBSA5A7AoAiAnAYAiAQAVADAOACABB0B1BsBqBeBPBIA3AsApApAgAhATAPANAHAGAD
2202109001001,B1BoCIBfBYBIA/BDAxAqAnAbAkAVATAPACAIACBdBoB+B1BLA6BPA0A6AyA7AbAaAVAVALAHALAD
2202117001001,B6CACZBiBlBDBBA6AyAZAfAgAZAMAeAPAJAAAABrBhCBBqBaA+A7A8AqAoAZAlAdAOAnAVALAMAA
2202133001001,BxB1B9BuBfBPBQBDAsApAhAoAlAKALARAFACAGBtBqB2BdBcBGBPA+A4AtAcAuAYALAOAJACABAE
2202174001001,B+CaCVB8BiA6A4A0AyAnAcAVAPAVARACAMACAJBzCSCJB6BKA4A1AxAzAZAZAdAWAfAQAFAGAAAD
2202208001001,BdBdBxB1BmBJBCA6A0ArAlAiAZAYAUAJAIADAEBYBXBuB1BnBVBKBDA7A0AuAfAfAdAUANAKAEAC
2202251001001,BsBxCKCZBnBDA2BMApAyAkAaAeAYALAJAGAAACBzBqCBBvBMA7A2A3AoArAoApAZAaAQAKAEADAA
2202307001001,BtBnB0CDBgBEBAA7AyArArAeAVAbAOAMAJABAABjBhB3CEBeBDBBBAAzAtAlAlAjAPARAUAIABAA
2202406001001,BpB1CCCRBYA1AsA3AuAsAlAnAbAQAXAFAGADAABpBtCAB7BUBCBFA7A3AkAnAqAfAbAPALAKAEAD
2202455001001,BbBuCHCEBnBMBKBgAoAjAeAuAbAZAPAIAMAAAABiB7B6BxBPBCA9AfAsAkAvAsAXARARAJAGAGAE
2202505001001,B5B8CGCEBqBGA5A5AvAhAfAgAaAPAKAMAMABABBxCCB8B4BiA9A3A2AoAiAdAiAYASAWAGAMACAD
2202539001001,B8B6CICABdBHA9A+A6AnAsAhAZARAXAIAJADAACAB2B+BlBOA6A0AtAvAlAcAkAhAWAIANAJAGAA
2202554001001,BzCGCWCGByBFA5AzAxAdAiAiAZAUASALAFAAACBwB7B/BwBZBIA6AvAmAkAcAhAXAOASAHAHAFAC
2202604001001,B1ByCHB3BZA7A3AwAsApAbAmAeAWARAKAMAEACBtBxCCBtBbBGBDA1A6AuAfAnAgAUAVAKAEAIAF
2202653001001,B8CSCZB+BuBHBFA2AvAhAmAuAYAQAbAAAAAGAACJB5B1BhBFBBAxAvApArAYAVAaAPAQAJAAAKAC
2202703001001,B+B+CRB3BbBFBAA0AlAlAjAaAZATAQANAHAFABB9CACKBwBUA/A5A0ApAmAiAhAZAVAOAOAEAFAB
2202711001001,BhBkCKCLBdA6AzA5AqAyAfAjAtAWAUAGAIAAACBvBlB/BzBbBGBEAzA4AsAvAmAeAMAWALAHAAAC
2202729001001,B7CKB/B/BVA4BLA3A1ArAlAdAXAQAVAMADABACBvB3CEBrBQBPA5BDAqAqAgAcAXAUAKAMACAGAF
2202737001001,BhBsB3CPBlBHBFA+AxAmA7AcAmAXAPAKAIAGAABmBtB0B+BUA+A3A3AyAmAwAiAVAPAOAKALADAD
2202752001001,BsBwCdCHBdBBA0A2AwAmAeAfAYAaAWASACADAABnB1B8B7BPA6A8A5AvAwAgAkAfAVAUAIAMACAD
2202778001001,BzB4CNCOBjBFA4AvAzAlAaAiAWAQARAMAHABACBsB0CIB2BXA8A8A2AwAtAnAfAZAYAPAMACAEAC
2202802001001,B9BmBzBrBhBSA9AtAvA5AgAmAVARANANAPAFADB1BqCAB5BSBBA7BFApAdAoAgAsAQAdAMAMAGAA
2202851001001,BvByB8CHBoBVBGBEApAhAxAjAYAZASAQAIACAABgBiBcB6BgA6BBAxAzAkAmAjAVAaAQASAMABAJ
2202901001001,B7B2B/CLBmBFA8A6AyAnAiAXAVAUAOAKAEAFACB1BxB9B/BeBAA5A5AuApAbAhAdARALAMAIAGAB
2203008001001,CBB2CKCQBgBMA2A+AvA0AjAiAUAJANALADAEADBvB7CEB6BVA3A0AxAuAZAsAVAdAOAOAOAIAIAB
2203107001001,B8CFCECEBbBHA1AxAtAlAjASAYAVAJAUADACAEB2B/CCB5BUBAA5A3AxApAiAeAcAXAMALACAJAD
2203206001001,B7B1CECBBdBKA7A5A0AuAeAkAWAMAVALAJAFABB3BuCBBzBTA8A8A6AtAqAmAYAeAaALAIAJACAD
2203230001001,CHBgCaCBBuBNAwA5AsA7AyARAPAhAKAFAAACAABjB+B7CTBTArA2A0AxAhAhAqAhAMAJALAGADAA
2203255001001,B6B7CNCPBmA9A6AvArAxAeAeAdAgAVAQACABAABwBhCBBuBIA/AwAuA1AoArAnAdAaATAHAJAGAA
2203271001001,B/CMCNCBBpBIBAAvAtAkAqAWAMARAKAIAEADAICBCOCPBcBWBFA+AwAkAkAYARAWAUANALAHAHAC
2203305001001,BwBjB7CABkBIA2AyAqApApAbAeAXAXALAHACABBmBgB2CABpBIA1A4A0ApAsAiAhAfAWAJAHAFAE
2203354001001,BtB4CBCBBdBJBGBCArAmA1AVAgAOAQALAGAGACBjBtBtBzBYBFBBA5AwAlAjAoAeAZAZAGAHAFAA
2203404001001,BZBiBoBgBhBdA6BNAzAtAxAbAmAHAWAIAHABAABgBsBzB4BjA9BLBIBBAwAiAoAhAOAbAIAIAEAE
2203420001001,CFB8CRCCBfA1AqA2ArAwApAeAmAOASAJAHAGAACHCLB2BvA7A9BAAnAxAjArAeAhASAOAFACAGAH
2203453001001,BpBpCCCNBZBJBDA8AzAkAuAgAaAYAPAOANABACBfBtB2BwBUBABBA3A0AkAmAnAiATARATAFAFAC
2203503001001,BXBbB5B4BcBEA7A6AwApAjApAhAaAbASAMABABBTBbB4B6BaBIA9A+A4A1AoAqApAfAcASAHAEAB
2203602001001,BNB3CWCiBtA3AjBBA2AsAfAdAkALAIATAMADADBeBTBtBqBKA4BKAxAtAyAlA7AxAXAcAUAQADAC
2203701001001,BwB0CPCEBYBCA4A1AtAqAkAbAYAYAPAJAFADACBqBqCLB9BZBCA8A6AzAwAqAXAeARASALAMABAA
2203750001001,BrByCXB7BsA9BABBApAjAlAbAgAUARANAEACAEBvCbBrBtA/A7BFA3AsAwAaAsAeASASAOAAADAA
2203800001001,BtBwCICKBbA+A6A8A5AqAnAkAdASAWAGAJAAABBtBsB3BvBRBFA9A2A4AsAqAXArAVALAJALAEAA
2203859001001,BtBrCEB+BAA+A3AxBQAyA2AeAaATAbAIAHAIAABYBiCLBmBZBABEBNAhAxA5AfAYAhAQASAAACAA
2203909001001,BfBiBzB2BkBKA9A5AwAoAkAZAZARANAKAHABACBeBfB4CGBtBPBKBCA6AyAqAgAfAVAZAMAJAEAC
2204006001001,BrBmB8CDBRAzA6AxA1ArAlAgAnASAWAKAIADABByBqB0ByBUA7A/BDA+AnAnAtAkAdARAVAKADAE
2204105001001,BgB1CgCJBYA3AxAmAvAtA1AbAZAjAXAOAFACAABTB2B3B9BgA4A0AuA3A0AlAZAlAcAaAKAMACAE
2204154001001,BuBxBrB2BLBVBbA/AyAtAgAdAcAaANAAAXAAAABrBdB6BvBqBOBCBKAhAhAfAlAcAZAOAOANAGAA
2204204001001,BbBiBwCDBsBIBMBDAxAxAlAgAbAbATAFAJAFABBmBbBvBxBjBIBIBEAxAxAsAdAkATARAHAGADAB
2204303001001,BpBuB3BhBbBHBMBEAxApApAZAiAKANAQAKAGABBpBmB3BiBeBQBQBEA2AvAnAjAiAXANANAKACAA
2204352001001,BuByB0BwBWBKBCA/AuAmAjAmAqAWAOAGAKAFAABxBtBuBvBQBRBHBDAyAqAzAnAXARASAHAEAHAC
2204402001001,CCCGCLCDBUA+A1A+AzAtAhAXAXAOAMAKAGAEAACCCDCLB5BGA8A4A0AuArAiAYAYAVAKAJAFADAE
2204501001001,BxBwCCB5BcBDA7A0AvAnAdAgAbAXAKAIAJAEABBpBvCABvBlBMA/BAAzAwAkAkAjARATAMAEAFAF
2204550001001,CnCCCcCBBbBAA4AuAjAoAWATANARALALAAAAAACLCiCLCIBcA0A2AuAtAeAXATAWAUAFACAFACAA
2204600001001,BmBqB6BoBhBBBKApA3A1AkAsAlASAZAHACAEAAB3BwB1BqBkBDA6BOAuAmAaAxAgAVAMAEAKAMAA
2204659001001,CBBqB+CFBmBLA7AyAsAmAjAfAcAZAaANAEAGACBzBsB5BtBbA6A0AyArAmAqAcAiAhAWAKAHAHAB
2204709001001,BsBnBrB8BYBCBIA9AyAmAjAfAjAWAWAMAIACACBoBmBrB1BiBPBDA+A2AuAqAgAfAdASANAFAGAB
2204808001001,BqBpB7B9BVBCBHA7AxApAXApAmAQAVAKAIACAABnBmB1BvBZBKBMBAA4AtAiAkAkAbATANAFADAB
2204907001001,B7B8CQB+BWA4A7A1AvAhAiAbAdAUAVAEAMABADB5B6CDB4BKA/BAA6ArAkAvArAZATAKAOAEAEAA
2205003001001,BeBfBrBqBfBKBIBCA0AvAwAkAfAZAWAPAHADAABcBVBuBmBYBNBPBAA7AvAxArAgAbAXANAMACAB
2205102001001,BhBlCACIBkBABAA/AwAqArAfAgAPASAJAPADABBgBhB9B5BXBDBAA6AyAvAtAjAmATARAKALAEAA
2205151001001,BlB1CDB1BSBLBQA+A8A5AfAZAUAVARAPADACAEBqBpB/BzBaBNBFA5AyAkAiAcAUARAOAXAFAFAE
2205201001001,B0BwB+B2BbA/A9A1AvAnAiAjAYASANANAIAFABByBpB7B7BgBKBFA7AzApAjAmAdAUARALAIAHAD
2205250001001,BoBlCHCHBCBOBGAyAwArATAtApAjARALAEACAFBpB2ByBnBnAyBEAsAzAvArA3AVAdALAPAIAGAC
2205276001001,BgBgB5B/BxBPBEA0A0A3A5AlAXAkAVAQAJAAACBWBZBlBsBbBDA1A+AvAzAuAoAfAWAQAMAIAJAA
2205300001001,BxCDCCB2BVBTBCBBAwAnAfAiAjAOAIACASAAAABuBuB3BvBVA0BCA+AtAqAvAdAfASALARALAIAE
2205359001001,BZBoCbCdB3BJBKA/A5AoAjAkAZAVAMADAEAAAABjBmCNBrBNA/AuA2ApAlAlAfARAYAVAPAKAKAA
2205409001001,B7CHCNCEBkBGA9A5AwAlAjAeAbAWAOALAEACABBwCAB/B2BQA8A6AxAqAoAkAZAUAUARAJAGAAAC
2205458001001,B0CMCkCXBnBDA1A0AtAsAhAYAdAaAPAEACAFACBrCBCEBnBNA1A7AwAxApAoAcAPATAHALAHACAA
2205508001001,BqBtB/CFBmBIA8A3AvAoAiAeAdATAOALALADACBoBrCDB9BgBGA7A2AuAqAkAhAdAUAQAIAOADAE
2205516001001,B4B1B+B+BdBFBLAuAxAmAlAZAZATAfAGAKACACBzB+CKBjBVBIA+AsAxAqAsAYAqAWAEAIAFADAB
2205524001001,CHB7CRCSBXA7A/A2AyAgAsAVAhAPAUAJAJAAADBzB3CBBwBJA9AtA3ArAqAXAuAaATAZAIAHADAA
2205532001001,BaCFCGCCBrBRBEA9AxArAbAmAkAUAIAOAFABACBkBzCGB1BdBAA2AxAaAvAoAgAmANATALACAAAA
2205540001001,CABkBlBsBsBLA9AwAhAuA1AVAUAfARADASAAAFBiBuByCEBcBDBNAmBEAkAiAxATAbAcARAMADAF
2205557001001,CMB8CKB6BdBBA+AoAsAnAjAkAYAXAVANAHACABBnCBCCBqBWBAA6A5AkAnAoAjAiAPAQAOAIADAA
2205565001001,BlB5CPCJBdBFBBA1ApAkAiAnAeASAJABAYAEABBuB5CFBwBTA/A9AvAnAmAqAoARAUAaALAMAEAA
2205573001001,B9CQCBCBBfBIA4A0ArAlAiAeAiASAMALAHADADCDCABzBlBbA8BBAuAnAmAqAdAZAUAMAOAFADAB
2205581001001,BZB5B8CKBuBOA7A7ArA+ApArASAVAJALADAJAABcBlCMB1BbBEA1A8AmA1AkAnAiAPAKADAHADAC
2205599001001,BmBvB1B9BbBOBEA7AyAkAiAtAlAaAVAJAKAAAABqBdBqB3BlAnBCBBAxA/A8AbAlASAMAGALACAC
2205607001001,BhBzCIByBSA5AzA3A2AvAoAiAdAeASAWAGAAAABgBfCRBzBWA6BABBA8AuArAoAmAfAJALAHAEAA
2205706001001,B2B0CJCABoBOBCA6AqAqAmAaAYAUAPAKADADAABxB0B/B1BhBGA+A3AuAmAmAZAXAPAOAKAFADAA
2205805001001,BnB5CPCKBaA6A3AwAwAqAkAfAZAaALAOAHAGACBiBwCTB9BQA7A7A2AzAwAkAeAgAZATAJAFAFAB
2205854001001,CKCRCQCGBcA2BDBAAtAaAaAbAPAYARAFAKABAAB5CPCTB4BKBKAzAhAtApAZAaAWAWAHADAJACAA
2205904001001,BuByCJCEBdBKBDA2AxAtAcAnAeAaAMAKADACAABwB0BzCQBNA+A4A7ArArAkAdApAQAGAIAFAFAC
2205953001001,CEB0B1BtBdBRBOA2AyAhAjAWAcANAJAKAHAEAAB6BsB/BrBkBMBQBCAsAqAaAjAfAMAJAKAKAEAA
2206001001001,ByBYB4B+BkBIA5A6AxAqAoAYAqAWACASAOAFADBgBfB9B4BVBJA8A4A2A1AmAnAjAMARASAHALAK
2206050001001,BnBoCBCDBsBBA8A2ArAvAsAkAtAMAWAPABAAACBjBXB6B+BeBDA6A2AxAmAvAjAeASAXASAGAGAD
2206100001001,B3CGCOCDBXBDA7AvAsAqAqAWAaASANAKAGAEADBxB7CJB2BSA9A0A2AuAuAiAgAhANAOAQAEABAF
2206209001001,COCICSCABYA5A1AzAuAmAhAaAaAQAOAPAGAEACCFCFCHBvBHA4AzA0AsAqAdAfAYAbAMAIAHAGAB
2206308001001,ChBOCRCGBQBRA/ASBGAIAxAYAoAfAmAOAAAAAAByB5BtBzBoBAAtAnAvAhAqAPA0AlAJANAIAAAA
2206357001001,CHCFCQCNBLA6BCAwAvAfAXAqAdAYAVAHAEADAAB1B8CFBhBOA9A8BCAxAyAeAgAUASARAHAHAAAB
2206407001001,BoBhB/CFBtA5A+A2AtAqAlAjAcAXAbAPAEACADBmBpB8B9BWBFA6A1AuAtApAkAeAgAaAFAIAGAB
2206506001001,BkBlCDCABgBAA+A2A3A+AqAcAlAUALAKALADAABfBcB0ByBZBCBJBWA6AmAoAnAcAHAWAMAJACAB
2206605001001,CBCLCLCLBXA9A5A3AsApAcAXAUATAUAMAFACACCECACOB4BOA6AvA2AuAnAfAcAfANAOAJAHABAC
2206654001001,CDB9CJCNBKBEBAA/AvAjAoAeAUAOAMAIAGADAACLCaB8BqBeA+A2AuAnAtAjAZANANAMALAFAAAD
2206670001001,B9B3CnCPBfA/A3AyAuAmAqAaATAUAUADAAAJAABzB7CPCHBMBBA1ArAtAkAjAfAkAJAIACAFAAAB
2206696001001,BzCNCdCNBqBMA4AtAvAnAsAZAYAVAQADAJACAACWB4B9ByBTA1A2AsAoAoAcAaAPAQAIAHACACAG
2206704001001,BkBpCUCNBZBAA4AwAvAmAmAlAfAcAKALAFAGABBvBsB8BzBKA9A6A1AuAyApAfAiAZAeAYAIACAB
2206753001001,BbBjB6CHBpBOA9A7AyA0AqAZA+AWAXAWABAGACBOBxBUBkBhBQBCA1AsArAiAiArApAJALAIACAE
2206803001001,B6B3CHCGBdBDA6A0AxApAgAXAUAVANAMAHABABB9B7B+CBBaA+A3A3ArAtAhAaAcAUARAKAHAFAB
2206902001001,BaBrB1CKBdA7A4A5AsAlAoAnAXAkAVARAIADACBmBhB5B9BXA9AqA5A9AuAoAuAzAVAWAUAIAGAB
2206951001001,BnBrCECBBWBEA/A0BGAjAyAhAnAaAVAKAFAAAAB9BECECZBkBEAgAvA3AoAjAiAmASANABAAACAL
2207009001001,BrBqB5B9BhBBA7A2AvAnAeAhAdASAPAKAHADACBqBnB8B6BiBPBDA8A1AsAqAgAgAYATANAJAEAE
2207108001001,B/BhCIB8B8BCA+A7AtAnAoAmAZAMAQAMAUADAACHBcBrByBSBDBAA4A0AoAkAdAqAMAXAAAFAAAA
2207207001001,BlBfB3B2BaBFBNA6AxAnAnAbAnAOAPAQALAEAABnB4BoBdBZBPBUBZAzAqAgAnAhANASASALAEAA
2207306001001,BhCDCkB2BjA6A1A1A2AkAeAkATAWAFADAPADAAByBmCQCJBQA9A6A+AzApAqAUAbAUALAeAEABAA
2207355001001,BnBxBuCSBoAyBFBHBHAzAfAnAhAXAVATANAAADBiBSBvBqBGBhA1A1AnAqAxAlAgATAIAGARAFAF
2207405001001,CEB7CJB1BfBGA/BBA5AfAhAZAcASAKANAFAFAAB4CECBB8BOA/A/A0AiAiAYAoAlARAPABAFADAA
2207504001001,BxByCKCFBYA/AzA5AuAnAlAcAdAgAQAKAOACAAB5BwB6BvBPA5A8A5AvAoAjAkAiAbATAOANAFAB
2207553001001,BuBiB5CFBpBWBBBGAtAgAjAnAhAdAcAHAAAAAAByBdBwBwBnBGA+AuA2AvApAvAWARAOAHAAADAC
2207603001001,COCPCdCBBfA7A9A3AxAtAaAXASASAVADAGACABCFCECMBwBHAzA5AwAsAiAeAXAVASAKAJAHABAC
2207702001001,B7B0CDB0BfBLBFA5AuApAeAaAYAJAGAJAHABACB5B6B/BxBjBTBPA/AwAnAlAYAXANAHAKAGADAB
2207702001002,BmBoByB2BfBNBCA8AxAoAoAWAdALARAFAFAAAABjBrB3CBBsBZBMBJA4AwAkAfAXARATAIAHAAAD
2207702001003,BKBNBjBtBXBNBAA8AuAqAqAbAdAaAUAMAFAEAEBNBTBrB5BqBXBRBNA3A3A3AoAoAjAZAcARABAG
2207702001004,BuBlB0BxBiBQBCA4ArAqAfAdAUAVARAJAFAFACBrBmB8B6BsBQBJA8AyAsArAfAdAbASAHAGAEAB
2207702001005,BvBvB8B2BiBHBDA+A0AqAqAPAPASANADAFAFAABrBsCKB9BlBRBNBDA2AuApAPAUAWAMAJADACAD
2207702001006,BbBgBqBuBZBHBCA3AvAkAdAeAXAUAUATAIAFABBbBcBxB4BlBSBGBGA4A0AoAsAmAqAmAMALAIAA
2207751001001,B1B5CNCFBYA+AoA1A1AqAaAnAiAbAFAOANABAABwB+CTByBQA5A8AsAqAzAmAZAcAZASAKAEAHAC
2207777001001,BrBeB6CABTBBBGA4A9AsApAmAiAXARALAKAHAFBlBsB4BeBPBABCBAAwArAwAgAYAZAXAVAOADAG
2207801001001,BrBvB/BxBZBMBBA5AvAkAvAXAYAMAMAFALAJADBuBqB9B6BmBNBJA/AxAnAjAnAZAXAOAKAFAJAA
2207850001001,B8B5CRCSBhA+BGA9A0A9AbAjAYAXAHAOAGACAABsBoBwBvBMA6A4AzAuAxAiAkAXAaANALAHAAAB
2207900001001,B5B+CHB/BQA2AzAyAsAqAkAZAbAUAWALAIAFAABzByCDB7BWA/A7A8A1AuAmAfAhAWAOAOAIADAC
2207934001001,BvBdCHB7B2BQA9A5A7A5AgAZAWAWAHAXAAAAAAB2B3CLB3BuA3BCA7AzAbAqAWAcAFAAAPAAAAAA
2207959001001,B0B3CQCDBmBKBCBFA2AnAYApAUAPATAKADAKAABrB6B8BnBfA8A7A1AqAqAjAeAcAWAIAEAHAHAA
2208007001001,BkBjBoBoBdBQBLBEA4AqAlAYAcALAKAIAEABACBfBiBqByBwBfBcBOBAAxAoAhAaARAMANAGADAB
2208007001002,BiBrB0BxBiBTBGBBAyAmAoAmAfAWAXAJAGAFAABiBgBqBoBfBMBJBAAwArAsAvAdAYAUAMAIAAAA
2208106001001,B6B2BzB8BoBKA9A3AtArAwAUAhAUASAMAGACAAB5B2BzBtBbBEA8A2A3AoAiAdAfARAMAIAJAFAC
2208205001001,B0B7CABlBaBDBKA6AuAlAkAaAZAWANANAHAFACBzB0B+BtBcBLBKA7AwAnAiAiAeAVATAGAHADAE
2208304001001,BxCAB7BzBXBEBBA4AsAnAeAkAaAWAQAMAIACADB0B0B6BqBaBJBBA7A1AsAnAgAeAUAOARAFADAD
2208403001001,BsBqB5B3BZBBA6A6AyApAiAiAcATARAMAIAEABBoBnB4B2BgBHBFA/A3AwAtAfAfAaAQARAHAEAC
2208502001001,COCKCRB9BdA+AxAzArAjAbAbAUASANAOAFAHADCRCJCLBuBJA6A1AzAsAmAbAbAXAXASAHAFACAD
2208551001001,CAB/CYCLBjBFA8BQATAiAuAWASAhAOAMAAAAAEB/BwCBBSA+BUA7A4A8AzAeAcARAOALAGAJAHAA
2208601001001,BvBmB9B+A8A0AwA1BMAtAcAnAvAdAdAKANAIAABlCFCMBxA/AvA4A3AsAqAgAtArAjALALASAEAF
2208650001001,ByB8CCBlBfBEBIA7AwAkAeAnAeAQAQAIAIADADB3BrB9BmBTBEBHA/AxAiAlAmAgASAUATAMACAC
2208700001001,B7B+CYCMBrA8AsAyAqArAeAdASAQAOAHADAAAACACMCXCABRAyAtAxAvAqAiAdATAZAJAJAHABAB
2208809001001,BrBxB6B7BnA8A6A1AvAlAfAiAbAWAOAMADAFACBlBzB/B1BYBGA+A7AyAwAhAqAbAgAUAQAKAGAE
2208858001001,BqCGCfCWBjBLAvA0A6A4AcANAWARALARACADACB6CECSBxBCArA9A5AwAYAuAXASAUANAJADAAAE
2208874001001,B0B4CVCgBfA4A2A/AxAtAbAaAgAIAIAOAFAEADB1B3CRBeBKBJA3AqAxAnA0AhAgAMANAMAAACAD
2208908001001,B5CICXCBBZBBA5A5AvAsAeAbAUAXAHAQAEADAAB2CFCBB4BLA7A2A6AuAqAbAgASAXASALAHACAA
2209005001001,BgBpB8CBBjBHBCA8AuAoAqAfAWAhAPAOAJACAABsBoB9BzBSBGA/A4A0AtAuAeAXAXAdAMAIABAC
2209104001001,BUBWCECGBoBIA8BGA2AoAlAfATAYATAQABAGACBdBWB1B+BXBIBCA5AfBNAsAoAiAjAOAMAMABAE
2209153001001,BfBvCVB1BwAnBKAhA6AdAnAgAaAYAjADACAGAABkB5BtCPBMBoArBEApA6AeAhAeARADAZANAAAA
2209203001001,CGCNCSCMBVBIA6A6AuAkAeAWAVAUANAKAHAAAACECPCFBtBHA4A4AyAwAjAQAqAZAOANAHAIADAE
2209302001001,BzByCDCSB2BKA0A7AwArAeAjAfAPAUAJACAFAABuBfCFB9BTBAAvA6AsAnAqAhAXAYAKAQACAHAA
2209351001001,BfBYB1B0BgBJBIBCAvApAlAsAdAPAUAaAIADADBgBnBzB6BUBBBKA+A4AwAgAvAhAjATANAAAAAD
2209377001001,BpBuCMCNBPBFA6AyAuArAeAoAbANAeAMAIACACBuBdCIB5BaA+A7A0A0AzA0AbAlAcAJAIAEACAC
2209401001001,BjBbB6BqBZBCBFBLA3AsAuAoAxAKAQAQABADAABYBsBuBnBPBIBLBKA4AzA0AqAYAUAaALALACAA
2209450001001,BzB9CEB0BnA/BIA5ASAqAfAiANAoAkAAAAAAAKB/BoByCPBhBFAiAwA+AyAWAbAqANAPAAAAAGAT
2209500001001,BdBgB4CGBnBWA7BEA1ArAtAeAaARAKASAHAIADBhBiBvBoBWBCA/BDA+A7AoAlAMAgAPASAJAFAA
2209559001001,BsCCCCCDBXBdA2A+AwAlAhAfAeATAWAQAAAAAABlB0CSBkBQAmBSA3ApAnAbAlAnAWAQAKAOAGAA
2209609001001,BUBcCGCCBOAnAlA5A5AqAlAtA/AaAfAQAJALAABLBXCQBpBVA7BCA5BFBDA0AqAhAXAYAPADAFAA
2209658001001,CJBfCIB4BpBABBBMAvArAjAYAVAMASANAGAAAABqB6B9BzBWBKBKAuAkA+AWAVAeASAOAQAJAIAA
2209708001001,B3BuCPCIBUA5A/AsAyAsAvASAmATASASAHADAFB2BlCLBfBHA3A1A9A3AvAsAgAiATAVAWAJADAD
2209757001001,B+CTCABzB7BbBbAdAoAqATAMAiAPARANAKAAAABuCWCMBnBEAwAsA1A6AaAKAyAoAOAPAGANAAAA
2209807001001,BwBqBnCKBjBSA7AzAxAyAcAjAbAXANAHADADADB9ByCJBRBlA8BCBAA3AvAkAdAnAPAKAKAHAIAD
2209856001001,BiBtBuB3BVAoAyAyAyAvAqAhAqAWAjAQAJAAABBwBrByB9BKBPA9A6A7AyAdA6ArAbARAJAMADAA
2209872001001,CUCPCEB0BRA/A+ApAoArApAfASAQALALALADAACEB7CKBiBTBFA7A3AsAhAgAmAgAWATAGABADAA
2209906001001,BfBrCDCMBXA9A1A1AsAvA8AbAhASAVAUANACAABmBgCCB1BZBAA5AuBAA3AxAdAgAfASAIABAAAC
2209955001001,BzBzCWCABqBAA8AmA8AoAjAgAZAVALAEAEAAAABpB0CFBzBeAxA9A+AlAwAuAcArAZAYADAEADAA
2209971001001,BsB+CGCOBVA4AvA0AqAuAnAdAXAdALAOAHAFAAB3B/CPB4BPA9AzAyA2AqAmAiAaATAUANAHAAAC
2210003001001,BtBqCAB9BkBCBDA3A0AnAmAXAXAQALAJAIABACBnBsB7CEBmBIBCBCA4AnAfAgAbARAQATAFAFAD
2210052001001,BxCICBB+BiBHBKA6BEAbAjAgAbASASAOAEABAABmBxCGB2BSBFA7A7AlA3AcAbAWAVANAIACAAAD
2210102001001,B3BkCACOBgBDBGAzAzA0AUAdAUAaAVALAIADAABuB0CPByBUAyArBCAxAfAmAmAgATADASAYAAAH
2210201001001,BsBpB6CABhBEBCA6AwAoAnAiAWAaAYAOAIAEADBiBmB2B5BgBABJA8AsAoAkAtAkAYAPAGAHADAC
2210300001001,BeBrBqBwBaBNBABDAzAsAiAxAeARAWAKANACACBkBlBqBpBaBGBQA3A6A2AuAoAgAZAZAJAEAHAA
2210359001001,BcBqB4BsBOAoA8BPA4AwAgAtAfAQARASASAFAABYBlB8B8BOBcBDAvA5AvAvAfA0AYAXAMALAFAA
2210375001001,BkByCCB9A5BHBjA9A4AfAUAQAjAPAuANAAAAAAB1BdBrBfBgBQBzBAA3AiARAbAnAiAWAHAJAAAA
2210383001001,B4BfCABtBPA5BGAsA6AoAnAxAiAoAdADAWAFAAA8BnB1CTBSAtAcBNBDA0AoAsAhAWApALAFAAAG
2210391001001,CICWCbCFBaBFA0AzBAApAdAMAWAXAZAKAAAAAAByBBCCCOBeA6ArAqAlAdArA/AZASALALAAAEAF
2210409001001,BwB2CHCCBbA+A7A4AwAsAmAfAVAaAQANALAEABBiBpCIBzBaBDA8A9A2AuAfAgAfAVANAIAJADAF
2210508001001,B6BuB5B9BeBAA4A1AwAnAdApAbASAWANAGAEAABtBuB3B0BcBDA9AzA1AwAkAiApAYAVALAJAHAB
2210607001001,BvBnBwBwBjBNBGBAAxArAkAaAdALAMAMAFAHAABqBpBtB+BvBRBJBDA1AmAhAcAbAVARAKANACAB
2210623001001,B+BvCYBzBhBYA9AyBHApAvATAWAQAMAHAFALADBvB7B3CIBOA4AzA5AuAgAdAgAYAQAYADAAAJAA
2210631001001,BqB3B/B5BhBQBEBDArAuAvApAWASAeAQAFAFAFBqBsBpBtBeBBBBA4AlAtAjAVAWAXAeAFAKAAAB
2210656001001,BtBtB3CBBlBPBBA3A0AvAwAaAjAQAUANAJABABBhBsB8BnBYBJA4A2AxAyAhAoAmAOAUALAFAEAA
2210706001001,CCB2B9B1BmBPBBA1AmAkAhAbAZASANAJAGACABB8B7B9ByBkBMBCAzAsAfApAdAaAPAPANAEADAC
2210805001001,BpBpCCBzBVBKA+BCA4AqAtAfATAWAUARAGABADBkBpB3BvBaBCBFA+A3AuAoAgAgAVASARAHAGAB
2210904001001,B+B9CPCMBVA+A6ArAyAxAjAhAaAIAYAMACADAABtBuCEB6BPA/AtA0A4AxAwAbAhAOARANACAGAA
2210938001001,BgBmBvBiBaBNBBBFA0ApA0AmAnAPARALAJACAABaBgBiBvBeBUBWBFAxAuAhAyAdAiATAHAQACAB
2210953001001,B3B5B+B2BYBHBeA5ALAhAaAgAyAYACAWAHALAABUDFCVBMBOBUAcBPAPAoAYAuAjAYAPAEAIADAA
2210979001001,BVBxB/CYBDA6A7A/AoAmAXAuApAiAKATAFAAAAB2BqB1B7BiA3BCA6A2AyAbAwAqAUAYAHAGABAA
2211001999001,BhBYBhB+BeBIBCAvA0A6AzAXARAJAHAHABAAACBPBHBqCQCYBnBEBQBGBFAtAfAVAOAOAMADABAB
2211001999002,BWBXBpBrBiBPBLBGA6AtAaAeASAJAKAKAEAAAABQBTBoCECFBrBgBdBGA0AmAbAXAUALAFAGABAB
2211001999003,BMBKBiB0BqBQBDA8A1A0AnAbAVAPALAGACACAABGBSBpCHCGBiBVBPBJBBAzAgAYAYAPAIAKAEAB
2211001999004,B6B7B/BwBeBLBOBJAyAlAbASASAIAFAFADAAAAB4B0B1ByBsBfBZBQA4AnAcASAOANALAEADABAA
2211001999005,CVBxBrBaBhBqBZBCAzAiAaANAGAKAGAEADAAAACOBuBoBqB6BwBhBNAzAeAZAOAMALAHAEADABAB
2211001999006,BXBVBuCDBrBIBABABEAtAfAUAVAFAJAEADABAABRBZB5CSB8BVBOBWBMA8AqAVAYANAQAEAGABAB
2211001999007,B8BzB4BmBaBcBSBJA5AmAaAQAKAIAEACAEAAAAB6BvBuBxBxBqBlBTA7AmAcALAMAKAKAHABABAB
2211001999008,BgBiB5CFBnBFBDA9A9AvAkAZAOAJAKADABACAABaBjCECIByBRBVBfBBAvAbARANARAIAJAEADAB
2211001999009,B/B5B4BkBXBWBVBSA1AiAaANAKAFAEACABABAAB6B0B+BxBrBlBlBbA7AkAVANALAJAFAEACACAB
2211001999010,CJB1BwBnBnBgBYBCAtAfAaARAIAHAMAIACACAAB/BzBvBtB0BxBdBHAzAeAYARANARAEAEAEAAAC
2211001999011,BPBRBlCCB8BNA4A0A1A4AuAXAVANAKAIACABABBOBLBrCPCIBYBKBCBMBEAsAlAcARAOAIADABAD
2211001999012,AxA4BPBZBTA9A6A9A4AqAbAgAYAYAPARAMAGAGAxA3BdCDCCBcBeBaBOBEAwA5AqAyAmAnATATAJ
2211001999013,BFBCBYBoBZBNBGA+A0AqAhAbAXAXAVALAHABAABEBKBiB8B1BjBeBXBHA5AtAuAkApAlAQAMAEAI
2211001999014,BHBHBkBiBhBNBHBCA3AqAlAaAXAOAQAKAHADABBGBRBhB9B9BlBcBYBHA6A1AgAgAiAVARAJAEAD
2211001999015,BVBWB5B1BiBIBDBCA4AxAkAZATAOAGAGACACABBRBYB5CHBzBeBdBPBJA3AkAhASATALAJAHAAAC
2211001999016,BGBPBgBmBeBPBEBFA3ApAcAdAdAPANANAGADABBHBIBmB4B6BlBfBcBJA2AvAmAvAXAbAOAHAEAE
2211001999017,BMBPBnBpBgBMBEA8A0ApAkAcAQAUARAKAEAAABBOBQBpB9B7BjBfBUBCA6A2AhAhAcAUAMAJAEAE
2211001999018,CFCBCHB2BbBPBQA/AwAjAYATAMAKANACACABACB4B1CEBwBhBYBYBJA1AkAfANAOAPAHADAFAAAA
2211001999019,CSB7BnBZBcBlBhBMAzAbARASAIAGADACACAAAACKB2BwBoB2B4BrBSAuAjASAPAOACACAGABAAAC
2211001999020,BlBlBxBnBfBQBDBGA0AvAqAQATAJAJADACAAACBiBjBuCCB8BoBdBPBEAyAlAaAMANAEAJAKABAB
2211001999021,B2BwB3B7BoBPBJA7AyAmAaATARALAFAFABADADB3BuB+B/BwBaBQBGA3AtAaAYAPAMAJAIABACAD
2211001999022,BNBSByCHBwA9A3A4A5A9AqAfAQALALAGABABAABLBOBwCWCGBZBOBVBPBAAkAhAZAKAPAGABABAB
2211001999023,A1A7BbB1BnBFA1AzA2A4A7AgAgAVAJAKAEABAAA2A+BfCVCMBoBVBPBSBLA/AqAdAQARAOAJAFAF
2211001999024,BUBQBfBsBnBQBFA6AvAqAnAZAaARAOAJAHADAABKBQBhCEB7BiBYBLBDA8A6AgAhAhAPAPANABAA
2211001999025,BbBdB7CDB1BMA+BIA0ApAjAWALANAGAFAEACABBdBeBxCGB4BUBNA+A+A1AnAgAdASAJANAGADAC
2211001999026,BUBYB2CLB0BKA7A5A6AwAsAQARAOAIAFADADAABTBYB3CPB7BRBNBLBFA6AmAYAeALALAKAEAFAC
2211001999027,BcBcBzB+BtBLBAA3A0AuAkAXAWAIALAFAFACABBgBZB9CHB3BbBLBIBDA3AnAcAZAUAKAMADADAB
2211001999028,BwBsB+B9BtBPA+A/AxAoAaAVAQAJALAEADABABBpBpCACDBuBZBSBFA9AsAhAWARAQAMAIACACAA
2211001999029,CZB/B5BmBhBhBOA5ApAeAXASAIAMAJAHADAAAACUB1B5BqBwBqBMBAAtAiAZAQAMAQAIABAEAAAD
2211001999030,BVBhCAB4BVBDBBBQBSAzAhAJAMAHAFAGADAAAABLBXCBCMBtBXBaBmBcA5AkARASAKAKAEADADAA
2211001999031,B3B0CCCEBsBQBDAzAuAoAjAbAbARAQAKAFACABB5B0B4B3BiBDBDA0ArAnAjAZAWAUAHAJAJADAB
2211001999032,CEBiCBCUBiBEBBAxAmAwAiAgAaAQAUAKAGABACBtB3CHB4BiA8AxA+A2AgAtATAUAdAPAHAEACAB
2211100001001,B2B0CECDBiBEA7AwApApAkAbAfAZASANADACAABxBzCAB4BYBBA2A0AvAsAnAgAaAZAWAKAGAGAC
2211209001001,BvB3CFB6BVBDBAA+AyAnAaAlAlAJAMAGAKAHADBrB2CBBzBRBCBAA/AvAwAtAbAbAZAQAKALABAC
2211308001001,BXBVBsB7BfBCBCA6AyApAnAdAZAeAVAQAJAFACBUBgByB8BiBUBLBFA+AvAtAiAlAXAcANAHADAC
2211357001001,CCB8B9CRBgA8A6A4A3AjAjAUAdAOAWAJAGAEACB3B8CLB+BMBKAyA3AvAqAZAXAbAXAOAIACACAD
2211407001001,BlBgB5B6BRA1BGA3A5AnAgAeAjASAPAXAKADAABhBpB1B0BXBQA7A9BCAzArAiAgAsALAPAIAKAD
2211506001001,BgBfB+COBPBKAuBtA0AvAXAfAsAZAJACABAHAABhBcCGBUBOA8BfBaA4AuAlA5AYAcADADABAFAA
2211605001001,BuBeBzBoBnBaBOBGAvAzAjAzAmASAHAIAMAAAEBbBoBgBsBTBLBMBFAxAvAyAhAWARATAHAMAGAA
2211704001001,BhBsCKCRBtBHBGA+AtAmAeAkAWASAaAGADABAABsBcCHB4BRBPA1AuA3ApAcAqAnARAUAJAFAAAC
2300101001001,B2B5B5B3BcBLA6A4AtAlAiAeAgAUALAOAIAGADByBpCABtBVBJA/A0AuAoAoAlAhAOAdANAGAJAC
2300150001001,B6B+B7BxBYBPBCBBAuAoAcAXAbARAQAPAGACABB0B7B4BlBZBLBQBAAxAmAkATAYAZASAMAGADAC
2300200001001,B3B8B8B2BdBNBAA2ArAmAkATATAUARAPADACABB2B4B/ByBcBPBCA7AsAmAcAjAbAYASANAHACAD
2300200001002,CCCLCSB8BaBFA3AzAlAkAmAbAYAXARAOAGAEABB7CACLByBPBDA5AtAnAjAoAYAbATAUAGAFACAC
2300309001005,BdBhBzBuBVBBA8A2AwApAnAjAgAVAbATAMAIACBcBeBzB1BbBLBDA8A2A0ArArAmAlAVAVALAHAA
2300309001099,BkBvCMB3BeBEA/A6AwA1AtAlAhAWAXASAGADABBaBpB+BjBBA3A+A9A3AvAnAmApAcASAQAHAGAC
2300408001001,B6CCCFBvBYBAA6A3AoApAkAaAjASAQANAIAEAFB8B6B8BmBTBCBBA2AvAsAkAoAcARASALAHAEAE
2300507001001,CEB+B/BnBMA2A7A2AoAmAdAWAaAfAWAOAJAFABBzB4CBBxBQBABEA6AuAqAdAsApAUAaASANABAE
2300606001001,B1BuBtBkBaA4A5AxAhAnAsAmAnAWAXALAOAIAABnB3BxBvBRA+A9A0AqAxArA9ApAcAUATAMASAG
2300705001001,BwBqB5B3BSBKBABBAxAwAqAbAYATAPATAKADADBhBzB8BxBNBCBEBDA4AsApAaAeASAUAOAJAGAF
2300754001001,CECQCRB+BYBDA4A1AmAkAeAiAcAWATANAGADACB9CMCMBnBIA4A4AuAjAjAfAeAYAWASAKAJAGAB
2300804001001,B+ByB9BdBEA5ApAsAnAgAwAoAaAiATAOAOAFADBtByCGBwBUBGA7A4AzA1AvAlAnAdARARAUAHAD
2300903001001,BzBzCGBuBaBDA+A7AsAlAmAiAjAaAYAPAGAEABBuB4CBBkBTA9A8A1AsAmAdAoAdAZAeAPAGAGAC
2301000001005,BwBxB1BtBjBWBRBDAvApAiAYAcAKAOAKAHADAABxBtBwByBeBWBNBDAwAmAbAeAZATAPAMAGACAE
2301000001099,BrB4B1ByBrBmBVBFAuAoAhAdAXAXAQAOAEABABBqBzByBkBZBNBEA7AsAnAiAaAaAPASAJAGADAC
2301109001001,BhBmBuBwBdBQBKBEAyAlAqAYATASAQAJAGACAABaBoBuBxBiBTBQBKA7AvAyAhAaAWATAOALAFAD
2301109001002,B3CBCBByBiBPBFA6AsAmAjAhAYAXAQANAHADABBwB0B5BwBSBFA+A5AoAlAlAjAXAUASALAHAFAD
2301208001001,BxBvB8B5BbBFBBA9AsAqAnAdAjAZATAUAHAEACBsBwB6BrBOBCA9A9AuAoAnAeAdAVAZATAKAGAC
2301257001001,BkB1B0B3BTA6A+A6AtAqAfAjAkAUAbAWALAEABBoBqCFBtBIA/A6A1A6AxApAlAlAgAaASAJAHAD
2301307001001,CJB4CEByBbBCA+AvAgAqAgAdAhAOAPAJAIAIAACKCGByBuBeBIBAA0AyAfAlAfApAGALAIAHAHAC
2301406001001,B+CNCIB7BTBDA8A9AsAoAkAcAgAVARAJAIADADCACDB3ByBGA8AyA5AvAmAjAZAhALAVALAGAEAD
2301505001001,BtCJCFByBTA9BDA1AuAqAkArAhASAOANACAGABBwBqB6BhBTBUA+A1AvAxAsAiAdAVANARAHAEAD
2301604001001,B1B9CCBrBPA8A5A2AqAqAlAiApAWANAOANAFABB0B0B3BdBPBBBDA5AyAtAsAoAlASAWAQAOAGAC
2301703001001,BjBrB8B1BZBCA9A6AwApApAgAiAbATAQAJAEACBpBuB5BuBWBBBAA5AwAuAgAuAnAUAUAQAKAKAD
2301802001001,BeBpB4CCBlBJA9A9AsAqAeApAqAjARAQAFABAABLBxBxB5BYA+A7A9A9AnAlAuArAVARAGALAFAC
2301851001001,CDCEB+BtBRBKBEA/AyAoAfAeAXASAZANAHAFADCDCCB1BkBKBCBBA6ArAnAXAjAdAYAIALAJAJAC
2301901001001,ByBuB7B2BgBJBAA4AtAjAnAWAXAYAKANAFAEAABsBqB2B4BiBNBFA7AyAsAlAiAeATATARANADAE
2301950001001,BvB2B5B3BaBIBCA1ArApAoAYAeATASAOAJAFAEB0B3B5ByBRBMBGBCAvAqAbAnASAZASAMAIACAC
2302008001001,BlBvB9BvBWBBA+A3AqAmAnAhAsASAPATAMAFACBlBuBzBqBWBIBDA5AzAtAnAsArATAbAMAMAFAE
2302057001001,CGB5CIB4BgBJA5AwAqAmAlAdAVAbASAJAHADACCDB3B8BzBaBDAzAuAsApAdAkAbAVANAMAJAFAC
2302107001001,B0ByB1BzBaBKBEA8AuAlAfAdAgAaAUAPAJACABBrBxBuBsBaBDBIA7AyApAlAeAjAWAWAPAIAEAI
2302206001005,B0BxBlBvBpBWBJA+AuAqAgAcASAXASAPAHADABBzB1BqBsBjBTBIBDAvAjAmAYAYAZARANAGABAD
2302206001099,BkB5B+B+BiBGA5A2AsAuAtAkASAYAfALAJADAABgByB1BwBRBEA8A2AwAvAlAsAhAXAXAPAFAEAD
2302305001001,B+CDCJB5BcBCA/A4ApAmAkAfAcAQARAJAHAFACB0B/CFBuBVA/A7A4AqAnAlAgAZAQAKAMAIAFAD
2302404001005,BzB1B+BrBQBAA8A4AsAoAmAeAiATAYAUAGAEADB0BtB4BqBPBFBAA6AxAuAqAiAhAWAdAUAGADAF
2302404001099,B5CDCLB0BEA3BEA5AvAuAiAgAhAaAWAQAIAIAEBuB6CABbBJA+A2A5AtAsAuAiAeAVAVAOAHADAF
2302503001001,BrBwCDBuBdBGA9A2ArAlAdAiAaATAQALAGAFAABlBsCAByBmBKBEBAA1ArAkAqAjAUASAMALAEAC
2302602001001,B+B6CDB4BfBHBDAzApAmAiAZAaAPAMAMAEACABB4B5CABrBeBNBFA/AuAmAlAaAYAUAPALAIACAB
2302701001001,ByB0CCBlBKA5A3A3ApAlAiAiAfAQAQAVAJAIADByBwB9BuBWBFBIA+AzAuAnAoAkAdAVAQAJAKAC
2302800001005,B1B2B8BsBTBDA/A6ArAoAlAbAjAQARAMAJAGAEBvBwB5BsBYBGBFA+AyAsAnAgAiATAZANAKAGAC
2302800001099,CCCJCSBzBOA+A+A8AoApAmAgAjATAQAOAHAGACB+COCEBmBAA2A2A2AoAnAfAgAZAZAQAPAIACAB
2302909001001,B7CGCCB5BUBAAwA+ArAsAfAZAkAMAeAOAJADAEBhB2B+B4BYA+BBA5AtAmAeAgAkAWAQAUADAGAD
2303006001001,CAB4B8BzBfBEBAA3AuArApAaAYAbAeAUACADAAB7B2B9BkBRA/A+A0ArAmAlAeAaAaAOAIAMAHAB
2303105001001,B4B9B+BvBLA8A8A7AsAnAiAkAbAWAWAXAJAIABB1B5BtBjBLA+BCA6ArArAzAcAhAkASAZAIADAE
2303204001001,B5B6CDB+BUA/A2ArAoAnAaAoAfAQARANAHAEAAB5B5CHB3BVBEA8AyAvAoApAfAlAUAWANAHAEAD
2303303001001,BaB+B+BsBJA9A/BLAuAwApAjAkAbANAUAHAKAABpBrB1BhBdAtBNBIAyAsAnAsAfAWARASAJAEAD
2303402001001,B6CBCMB6BJA4A6A0AwAoAcAcAgAUASANAHABACB3B9CKBwBRA/A9A6AvAkAfAmAbAdAVALAIAFAB
2303501001005,BuBqBkBpBmBQBMBBAvAqAfAcAaARARALAIADACBoBpBqBtBlBZBRBCA1AsAhAhAeAVAXAKAGAFAD
2303501001099,BkB9BxB1BiBLBEA+AxArAmAfAbAYAXARAHADABBtB0ByBpBXBJBBA5AsAqAiAfAfAWAZAMAIAEAC
2303600001001,BcBxB8B0BdBEBBA7A3AnAdAmAbAUAUALAJABABBoB5CGB+BgBNBFA7AzAsAjAYAaAWATAHAGADAA
2303659001001,BuCDCNB2BIA8A4A/AxArArAcAYASAZAKAMAJAGBpBqCGBmBSBAA8A7AtAsApAdAhAaAUATALAFAA
2303709001001,BuBqBuBuBdBUBMBFAwAmAgAZAUARAJAJADAEACBnBoBxBrBjBUBYBOA5AsAqAaAeARAOARAIADAB
2303709001002,COB9B3BoBgBXBQBDAxAjAdARARAMAFAFACABAACHB7ByBsBjBZBSBIAyAlAbAWASAMAJAJACABAB
2303709001003,B7ByByBlBhBZBRBHAyAlAfAXATAPANAIADADABB2ByBqBoBgBdBXBHA3AnAkAVAQAYANAHAEADAC
2303709001004,CJCDB4BxBlBTBJA9AsAjAnASAYANAEAHAGAEACCBCDB1BsBfBSBIA8ApAjAXAbALAUAMAOAEAAAC
2303709005001,BlBsB4BtBMBLBTBhBIAqAYATALALADACACAAABBjBpB6BsBVBbBrBsBPAuAeAUATAHAKABADADAC
2303709005002,BjBxBwBaBDBHBgBvBJAkAaAKAJAHAFAEABAAAABhBrB0BpBcBiB2B8BNAtAXAUARAOAKAFABAAAC
2303709005003,B3B6BvBcBVBdBdBQA3AiAZATARAEAGADABAAAAB9B4BvBjBjBuBtBVA5AlAXAZALAKAGAIACABAB
2303709005004,B8CAB6BxBgBXBRA7AqAeAeAPATALAKAEACABABB8CDB0BuBjBaBTBBAtAlAiAbAUAUAMADAGACAB
2303709005005,CEB/BzBvBkBVBQBAAuAkAiAQAQAKAIAIADABABCEB7ByBtBlBWBQBEAyApAcAYASAOAHAJABABAC
2303709501001,CJCFB8BvBhBSBGA5AsAlAjAZAbAWALAPAKAEABCDB+B4BkBSBIA7A2AoAjAeAaAVAYAOAPAGACAC
2303808001001,BlBjB3BrBYBDA7A4AwAtAsAhArAWAUAWAHAGADBiBkByBmBVBBA8A9A6AyAyAlAoAZAbAYAJAFAB
2303907001001,B1B6CDBuBZBEBCA4AoAkAjAkAaAWAPALAGAEABB/B7CFBtBbBGA/A5AoAoApAeAhAUAQAKADADAC
2303931001001,CLCJCIBxBPA8A5A+AxAyAgAaAbAbATAJAHADADCBCFCABkBDA9A4A1AsAxAiAZAgARALANAIADAB
2303956001001,BwB+B5B1BgBQBGBGAsAlAbAhAXATAVALAFAEABBwB3B2B0BWBLBIA+AwAlAeAeAYAVASAEAIAFAA
2304004001001,B4CACBBrBRBGA/A3AoAjApAaAfAUAQAUAEAGACB8B5B/BtBGBDA/A4AtAuAlAlAeATAgAJAGAFAB
2304103001005,BkBiBrBnBVBHBCA9AyAoAjAeAbAZATALAKACADBdBlBoBsBjBPBQBHBAAzAtAkAgAbAZATAOAHAD
2304103001099,BmB5B4B1BWA/BEA+AwApAnAmAjAaAaAKAKAGADBjBsB2BjBQA/A/A7AzAsAtAlAeAaAZANAHAIAC
2304202001005,BnBkBuBnBfBHBCA9AuAnAiAbAUARANALAFADABBkBkBtBwBvBVBRBKA+AyAtAjAiAXATAOAIAHAE
2304202001099,B1B0CAB3BiBMA8A3AnAmAjAlAiARARALALABAEBwByB8BtBZBGA9A0AuApAnAhAeAXAMARAMADAC
2304236001001,B+CGCIB6A8A1A1AzAsAoAfAkAiAQAYAGAKABAEB6CICLBsBDBBA+A3AvAqAkAnAfAZAUANAJACAD
2304251001001,B7B7CGB8BVA7A7A3AlApAgAjAlAOAMAIAKAGACBtB6CGB5BTBGBBA8AtApAmAhAdAQASAMAGADAA
2304269001001,BmBtBpBsBNBHBEBFAzArAvAgAtAbAeAQAGADABBcBwBtBhBOBGA+BBAtAzAvApAxASASARADAKAF
2304277001001,BdBvCUCFBVBCA2A4AyAsAkAcAbATAVARAKACAABoBqBoBuBbA+BAA8AvA1AyAWAlAUAgATAOACAB
2304285001001,B8B4B1ByBnBWBFBEAsAlAgAXASAPAOAGAFACACB6BzB7B1BeBVBMBBAtAlAgAYAQAUAMAJADADAC
2304301001001,BuB6B7BuBQBDA5A0ApAmAnAkApAUARARAFAEACBmBxB+B0BXBDA8A5AuAuAsAqAkAUASAQANAKAC
2304350001001,B4B2CBBqBVBHBGA9AtAmAlAZAaAbALAOALAFAAB4BuB2BmBVBLBGBAAvAuAkAgAVAaASARAHAFAE
2304400999001,BrBkBrBrBiBTBMBGA0AoAmAVATAMALAEADACABBlBkBqB0BpBdBYBQA9AyArAgAcAQAOAHACAEAD
2304400999002,B0B0BzBrBeBRBNBHA0AnAdAXAOAOAHADADABAABuBuBzBxBoBaBZBSA8AtAkAXASAPAKAIADADAB
2304400999003,BcBdBiBpBgBUBTBIA0AmAjAYAdAJANAJACAEAABdBcBiBtBuBiBiBOBAAxAtAkAcAZARAQACADAC
2304400999004,BrBqBsBqBgBVBPBGAyAlAeAWAPARADADAFAFACBuBnBrBuBoBfBeBOA7AzAqAaAdAMAOAIAIAFAB
2304400999005,BRBUBkBrBYBLBKBCA6AvAoATATATAKAKADACAABRBUBlB5BxBeBeBWBJA5A3AfAiAXAWANAGAHAC
2304400999006,BRBXBkBoBYBOBOBIA3AuAfAcATASAUALAEADAABSBXBlBuBiBbBYBZBIA5AvAkAkAcAUATAJAEAC
2304400999007,BpBgBuBtBpBVBQA/AtAlAlAXATARAOAJABABAABeBZBsB4BpBXBTBIA2AxAqAlAkAWAVAOAFACAB
2304400999008,BkBjBrBpBcBLBMBKA1AoAkAVATANAMALAEAEAABZBhBmBwBiBZBXBPBBAzAsAiAlAbAVAOAIAEAA
2304400999009,BDBMBZBjBVBFBGBHA5AwAqAZAdARALAPAEAEABBDBMBcB0BuBcBZBgBMBBAxA3ApAfAZASAMAJAD
2304400999010,A6BDBRBiBZBCA+BFA6AsAoAfAcAWATAXAJACADA5BCBYB4BwBVBWBcBMBCBCAzAuAtAhASATAGAC
2304400999011,BEBIBVBiBbBHBCBAA4AvAoAcAgAMAXANAEAFACA9BGBaBzBqBeBUBYBNBFA7AuAtAlAgAWAPAKAE
2304400999012,BCBLBcBiBVBGBCBNA7AvAjAeATAWANAPAIACABBEBKBXBxBoBdBfBgBOA/A8AnApAkAhAVAIAHAF
2304400999013,BEBIBXBgBSBCBHBMA+A0AqAZAeASATAOABACADA9BDBWBwBpBVBeBZBSBFA3AxAoAfAiARAWAPAC
2304400999014,AzA/BWBpBWA7A2BAA+A6AuAZAZAVARAKAIAEADAzA+BaCEB5BbBVBfBVBOA6AwAsAdAdAgAQADAE
2304400999015,AxA3BQBeBaBCA7A/A7A1AkAnAaARAUAQAFAGAAAtA1BTB8B6BSBRBaBZBQBJApAzArAoAmARALAD
2304400999016,BIBMBcBoBXBFBEBCA8AuAkAiAXAPANASAGACACBKBMBeByBoBVBVBUBNA/BBAlAlAjAlARAOAKAE
2304400999017,A9A7BOBkBWBKBDBDA8AuAuAbAaAYAWAIAHAEADA4A9BRBwBwBZBTBVBQBEA9A0AsArAlAdAYAKAG
2304400999018,AyA2BJBhBbA/A2BAA/A8A1ArAcAbAXALAJABABAsAzBNB6CABlBVBcBVBQA6A9AnAmAbAXANAHAD
2304400999019,AxA3BSBtBbA8A1A/A8A4AvAmAZAUASAPAGADABAyA5BVCFCDBdBRBWBYBLBBAwArAkAhATALAKAG
2304400999020,A3A+BKBjBbBDA9BGA5AvApAeAdAWARANALADACA1A9BTB9ByBeBbBeBPBGA4A3AyAgAlAaAQAKAC
2304400999021,BJBGBTBpBkBMBHBCA1AtAoAiAdATARAFAGACABBGBKBbBwBvBgBZBWBJBBA5AqAoAdAgAQANAHAE
2304400999022,A3A7BQBoBYA9A7BBA+A6AqAoAbATAUAKADABABAwA+BVCICHBqBbBbBXBJA+AsAiAkAZAUAEAEAD
2304400999023,A5BBBLBoBbBJBHBFA+A0AwAiAaAUALAOAIABAAA+A+BOB4CBBtBYBZBRBFAxA4AhAiAeAMAJAHAC
2304400999024,BsBrB1B5BwBQBKBDAwAoAlATAVAKAIAHADABAABqBmB0B8BwBZBRBFA0ArAhAhAbAKALAHABACAD
2304400999025,BlBiBwBzBrBZBKBHA0ApAlAWASAQAJAEADAAABBnBgBlB8BzBYBUBMA6AvAoAeAWAPAPAJACAEAC
2304400999026,BWBYBhBwBiBOBABHA8AvAjAiAVAPANAEADACABBMBPBeB9B8BlBaBXBIA5A0AhAiAPAIANAGAEAC
2304400999027,BtBeBeBmBrBXBOBAAwAqAjAYATAIAMALACAAAABoBfBjBxB0BfBTBTA+A7AsAhAiANAKAMAGABAB
2304400999028,BwBwB1BuBhBPBQBEA1ApAhARAQALAIAEACABABBtBxBvB4BnBZBZBOA/AvAhAZAWAMANAFACACAB
2304400999029,BYBaBfBoBgBOBOBJA3ApAjAYAUARAPAKAEABAABUBYBmB3BtBaBdBYBEA4AxAdAjASAYALAFAIAB
2304400999030,BvBtByBtBkBSBQBFAxAoAhASAUALAHAIADAAABBrBsByB0BoBaBVBMA6AwAkAbAXAQAMALAFABAB
2304400999031,BaBaBiBpBgBRBSBJA3AqAfAfAUAUAIALACADABBVBVBdBwBvBjBbBRBEA5AnAmAiARAaALAFAGAD
2304400999032,BkBfBhBnBcBWBSBJAwAqAlAYARANAIARAFAAABBeBcBqBwBuBbBhBNA+AzAyAYAcAeASAJAHACAB
2304400999033,CEB8B5BvBhBXBPBFAyAlAdARANAJAHAEACAAAAB7B7B5BvBjBbBSBKA2AoAjAQAOALAJAFADAAAC
2304400999034,BBBJBgCDBxBPBBA4A4A/A8AUAZAJANAFABAGAABEBFBhCHB3BTBKBMBMBQBJAdAfAPAQAHAIAJAA
2304400999035,BmBrBwBtBhBVBJBGA2AnAhAXARAOAHAGAEABAABkBwB0B5BpBZBUBPA9AvApAcAVAQAKALAEABAA
2304400999036,BMBLBcBwBiBQBGBEA5AzAuAgAbALALALACACADBIBKBgB9B9BlBaBWBHA+A6AfAfAVALALAHABAB
2304400999037,BuBxB0BzBgBSBLBBAyAjAZAdASALAKACAFABAABrBuBuB6BpBZBXBMA5AwAkAfATAVALAIADACAD
2304400999038,BOBUBfBrBdBHBDBIBBA1AvAZAVAOAJAFADABABBJBRBfCAB3BcBZBgBSBEAvAkAYASAOANAFAIAB
2304400999039,BoBtBsBrBYBRBRBMA0ArAgAcAOAPAHAJACADAABoBmBuBzBoBcBdBSA7AzAsAVATAQAPAHAEACAB
2304400999040,B1B7BxBzBkBUBKBCAyAnAnARALALAGAIAEACABBuBxBvB2BnBaBYBFA3AtAnAWAQASALAJACACAA
2304400999041,CAB4BpBiBYBXBbBJAwAmAaAXANAMAGAJAAACACB+B1BtBmBiBmBlBQA4AmAcAVAOAQAJAIACADAA
2304400999042,B2B4BxBqBfBOBRBFA4AoAiAOAUAHAIAIADAAAAB0BzB0BwBiBZBcBPA5AqAlAUARAOANAFACAEAC
2304400999043,B0B6BtBqBcBXBUBMA2AlAgASAQAJAHAIAEABAABsBvBwBwBrBeBZBQA4ApAeAWAXANALAFAFABAB
2304400999044,BSBcBlBqBeBLBNBMA4AuAmAYAUAPARAIADACABBTBdBlB2BpBaBbBYBIA0AuAdAeAYAXAKAFAGAC
2304400999045,CKCABvBgBaBZBcBIAuAiAZAUAPAJAHADABABAACEB3BvBmBpBkBgBLAxAkAbAWAPANAIAGADACAB
2304400999046,B5B4B4BoBiBWBTBEA0ApAcASAOAJAFAJABABAAB2B5B0BpBmBeBaBPA5AlAiATATALAOAGABABAC
2304400999047,CBB/B0BgBbBZBTBKAzAlAdAPALAJAFAFACAAABB3B9BxBqBiBnBfBQA3AoAgARAOAPAIADADACAC
2304400999048,B6B0BmBfBSBXBSBMA3AoAhAVAPAIAGAHABAAABB0BsBtBtBuBkBhBTA/AyAjAWANAQAKAJABABAA
2304400999049,BIBJBZBiBeBUBQBGAtAoAtAfAbAVARAMAJADADBGBMBaBuBnBeBcBQBCA9BKAfA3AbAVAVAGAFAE
2304400999050,CBB8BuBhBYBZBaBMAxAmAeARAOAJAIAFABABABB4BzBuBtBnBkBgBPA2AoAgAUASAKAHAFAFACAA
2304400999051,BdBgBlBtBoBXBUBPA5ApAqARATAJAHAFAFAAAABsBZBmB2BpBjBWBYBCA8AoAeAWAJAMAHAEACAB
2304400999052,BbBgBoBpBeBQBOBMA5AuAiAYASANAIAGACABABBgBfBoB0BqBhBfBUBHA1AuAXAZARAPALAFAEAC
2304400999053,BoBqBuBrBfBQBQBIA2AwAjAWATALAIAFABACABBkBkBwB3BlBaBVBUBAA3AsAWAXAMAOAJADACAB
2304400999054,CAB4BuBhBcBUBVBJAyAmAeARARAJAFAFADAAABB8BzBuBtBiBgBfBNA5AtAjATASAPAKAHADACAB
2304400999055,CLCFBzBkBbBcBQBGAvAlAfAPAOALAIACACADAACLB/BxBjBgBcBZBLAxAkAUAaAMAQANAEACABAB
2304400999056,B4B5BzBpBeBYBPBBAwAkAeAWARAIALAGAEACACB1BzBwBvBhBdBWBJA3ArAmAUAcAQAJAGAEACAB
2304400999057,CBB9B3BuBdBRBQBHAuAlAbATAQAJAEAGACACABB9B9B2BuBeBbBYBJA0AqAgAVAQALAMAJACABAC
2304400999058,BGBKBdCLBsBJA6A3A4A/AuAlATAQAEAJAHABABA+BLBhCJB2BQBGBKBUBUAxAuAZATATANAKADAC
2304400999059,B6B6BvBuBjBVBMA9AuAnAfAVATANAIADADADABB1BzBzB0BgBcBQBHAzAtAqAYATARANALACACAB
2304400999060,BoBmBjBmBeBXBTBHAwAqAiAVATANANAGAEACABBnBgBnBpBoBkBfBTBBAvApAgAZAXAPANADADAC
2304400999061,BTBXBaBkBZBNBXBDA3ArAoAcAZAQAQAGAFADABBOBTBeBtBtBjBYBdBJA/A2AcAfAaAjAKAGACAC
2304400999062,BzB3B0BsBaBUBQBJA1AlAbAWAPAKAKADABACAAByBvBvBuBhBaBZBPA7AuAmAaAVAPAMAGAFADAC
2304400999063,BSBXBeBxBSBPBMBKA1AuAhAcATAQAIAIAJABAABYBOBkBmB9BhBZBXBCA5A+AYAlAYAWAOAKAIAB
2304400999064,BVBcBfBpBeBQBKBKAyAsAmAWAUATAKALAHADACBTBVBgByBrBZBYBTBFA4AyAlAhAbAYAVAIADAE
2304400999065,BKBJBZBmBaBNBKBHA6AuAoAbAYARANAMAGADABBHBKBbB1BxBiBaBXBMBBAxAvAmAdAaAQAKAFAB
2304400999066,BQBXBfBqBWBPBJBEA9AvAlAdAVAMAOAOAFAEAABMBQBdBxBuBfBcBZBMA+A1AgAfAhAUARAHABAC
2304400999067,BWBVBmBrBbBRBOBNA1ApAkAaAXARAHAMAGACABBSBTBdBsBnBqBjBWBCA1AuAmAgAbAPANAGAGAE
2304400999068,BcBaBmBnBdBNBMBIA6AwAqAXAUASAFAJABACABBZBVBmB0BwBgBbBaBGA9AoAkAYASASAMAHABAA
2304400999069,BhBgBnBqBbBRBNBEA2ArAqAUASAPAOAGAEABABBeBiBsB0BpBaBdBSBEA3ArAbAhAQASAJAEAEAB
2304400999070,BrBxBrBsBcBZBWBKA0AlAeASARANAJAGAAACAAByBtBpBxBhBiBeBRA6AtAhAaAUAPAKAIAHAEAB
2304400999071,BYBdBjBiBbBOBOBJA4ApAjAZAYASAMAIAIACABBXBbBmBuBnBfBbBSBAA3ArAlAiAbASASAJAEAC
2304459001001,BpB8B5B8BdBOBBA6AtApAqAfAWAYAKASAIABACBkB4B3BpBYBEBGA+AvAsAkAmAbAWAQANAIAEAC
2304509001001,CBCBB/BvBQA/A6A1AuAhAoAbAZARAPASAIADADCBB7B4BrBUBAA8A7AyAsArAgAbAaAYAOAFAEAA
2304608001001,CACHCKB0BcBOA8A0AqAlAhAlAgAPATAPAEAFAACHB0CLBhBGA0A2A1AiAqA1AXAfATAPAOAKACAE
2304657001001,B+CCCNCAA/A2A1AvApApAgAfAaAZARANAJADABB7B6COBxBFA8A6A1AuAoAiAqAlAXATAQAKAJAC
2304707001005,CBB5BzBsBdBKBCAzAmAoAjAZAVARAQAKAJAHABCIB5B2BwBdBJBCA2ApAoAoAeAfAaALATAFAFAF
2304707001099,CMCPCIB5BZBCA4AvAoApAnAeAUATAQAJAOAGADCRCIB4BmBOA6AxAvAnAkAmAgAfARAHAOAGACAD
2304806001001,B1ByCDB8BXBDA2A2AoApAbAeAWARASAMAQACAAB5B8CLCDBbBCA7A3AuAmAnAZAZAhARANAEABAC
2304905001001,BsB0CABkBMBBBGA+ArApAdAjAYAbARAXAKALADBnByBpBjBUA+BIBAAxAtApApAmAcATAZAMAIAC
2304954001001,B6B8B9B2BnBLBCA9AvAiAeAYAZAVAOALAJACACB3B6B6BqBXBJBDA3AwAoAlAdATAUAXAHAGAEAD
2305001001005,B8B8B8B0BVBBA8A3A3AkAiAcAWAXARANAEAHAEB5B5B9B0BWA7A3BAAzAtAmAbAOAkAMATALAHAA
2305001001099,CCB/CIB6BGA5A7AyAqApAtAZAVAaARASALADABCECACFBmBIA9A2AzArAoAmAaAoAYAaAMAJAFAB
2305100001001,CDB+B6BuBaBBBCBCAtAuAOAeAfAgAVAVACACAACFBxBzBqBPBDA+AyAyApAdAvAVAQAZANAGAFAD
2305209001001,BtBvB7B6BNA7A5A6AuAsAuAXAZAbAaAUAPAGABBtBwB8BoBNA6A9A8AzAqAnAmAqAdAfAJANADAF
2305233001001,B+B3BxBqBtBZBNA+ArAkAZAcAVAVALAIAFADABB9B0ByBoBoBYBNA7AuAmAcAaAcAGANAIAGAEAD
2305266001001,CDCDB5BvBRBEBCA6ApArAiAhAkAVAUANAJAFABB+B/B+BiBLA9A7A1AoAqAhAjAgATAXAIAJAGAE
2305308001001,ByCDCMB/BMA5A3A5AvArAkAaAXAeAOANADAIACBxB9CKBzBHA3A8A8AvAnAeAiAjASAaAQAJAHAC
2305332001001,BuB4CDCFBhBEBABAA1AnAhAkAjAOARAQAEAFABBjBuB2B0BSBEA6A5AxAqAdAjAiATAUAKAIAGAB
2305357001001,BmBtB4B6BlBTBUA8AyArAxAeAZALASAFACADADBbBlB7BuBiBMBMA8AyArAkAlAXAQARAOAHABAA
2305407001005,BtByBsBzBYBIA/A8AvAoAdAgAdAVAUAMAHACABBdBkB/B1BbBQBIBEA5AtAkAmAnAaAPASAFADAB
2305407001099,BrB3CKB2BNBCA5A8AvApAkAeAhATAUANAFAHAABtB4B/BvBOA/A+A+A2AsAkAoAhAPAVAMAIAIAB
2305506001005,BcBbBpBnBdBLBEBBA1AqAkAiAXAUAQAOAJAFAABXBaBpB0BqBXBPBKA/AzAxAkAjAZAUAQAKAFAC
2305506001099,BYBpB/B1BVBHBDBBAyAwAnApAjAYAeASAEADABBTBkB+BoBMBBBCA+A4AuArAjAqAXAYARAGADAC
2305605001001,BpBpB1BqBeBEBBA+AwApAmAjAgAXAZAOAHAGAGBiBkBzBlBbBCBCA9AzAvArAkAeAfAWARAOAHAF
2305654001001,BwB2B1BwBHA6A5A9AuApAkAiAeAZAaAXALAHACBpBxB3BlBPA+A+A9AyAuArAmAmAgAWASARAEAE
2305704001001,BgBxB5B5BfBBAyA3AwAtArAcAfAYAYASAKACAFBeBkBxB3BaBAA6A9A4AwAlAoAmAgATAZAHAEAB
2305803001001,ByB8B5B5BMA+A9A5AuAoAfAfAbAWAYAPALAEACBtBxB6BuBQA/A6A7AzAqApAiAmAbAXARANAIAG
2305902001005,BzB1B+B4BNA5A3A2AxAoAhAfAfATAUANAJAGAEBnBzCCBuBUA8A6A5A6AtAkArArAQAeAOAGAMAD
2305902001099,B5CACIB8BDAyA2AyAsAnAgATAdAbAUAVANAFADB9CECKBmBIA2A3A1ArAvAmAjAgAVAfATAKAGAE
2306009001001,BcBtCCB9BVBAA2A8AxAqAkAeAaAYAUAXALAFADBdBjB4BvBbA7BBA+A1AyAuAlAlAZAYAUANADAC
2306108001001,CFB/COB0BXBCA8A5AqAjAjAaAdARAQAQAFABAECCCDCGBpBTA/A9A3ApAjAbAiAUAVAQAOAGAGAF
2306207001001,BfBtB/ByBMBHBEBAAxArAkAjARAfAYAJAIALACBUBjB5BxBFBABIBKAyAyAzAjAZAXAhAXAVADAC
2306256001001,B4B+B5BwBoBUBMA+AsAkAgAXAUANARAHAFADACB0B2B4BrBkBSBHBBAsAkAcAcAcARAOAJAFAEAB
2306306001001,B9B1B6BzBkBPBBA3AsAiAkAZAXAVAUAJAHADAAB9BxB2BuBjBLBDA6AtAnAeAfAdASAQANAGAEAD
2306405001005,B3B0B+B1BfBFBAA7AtAkAdAcAVATAQALAFADADB1ByB6B4BfBOBGBCAuAoAgAbAZAZATAMAFAFAB
2306405001099,CECFCPB/BaBBA5A2AtAlAeAgAeAVASAKAKAEADB6CCCJBqBKA4A1AwAoAmAgAbAZAWAVAPAGADAB
2306504001001,B9CCB8B0BcBAA7A4AsArAhAfAZAaAZAOAFAGAEBxCAB4BsBSA6A8A5AuAmAlAdAfAWASAPAJAEAD
2306553001001,CICKCOB8BjBJA+A1AnAjAeAdAXAQARAOAGADABCGCDCGBuBRA9A1AwAmAhAfAaAcAUARAGAGADAB
2306603001001,CLCJCLBtBUA2A6A4AtAsAkAdAcAUAWAOAJACADCDCKCCBcBGA1A0AyAnArArATAdAbAOATAQAEAD
2306702001001,BzCDB9BxBUBCA3BCAyAqAoAZAXAdAVANAJAEADBnBuB3BpBNBAA5BDAvA+AiAhAeAUAPAaAKAFAB
2306801001001,BkBtB2ByBhBLBCBBAxAzApAhAYAVAUATAKACAABcBlB/BqBWA/A/BBA1ApAxAhAdAUAVAUAIACAG
2306900001001,BoBrB7B0BOBCA7BBAxAtAqAcAdAVASAWAJAHABBkBjBxBwBNBGBCBGA4AyAuAiAiAWAZASAMAFAC
2307007001001,BmByB1B1BcBPBIBDAvAoApAaAXALAUAJALADADBjB1B4BrBWBGBGBEAxArAlAlAbAQAXAQALAIAD
2307106001001,BxBvCDBvBeBJAzA0AqAkAiAfAaARAMAOAGACACB2B6CQB2BiA9A6AwArAsAnAkAkASAWAQALAGAB
2307205001001,BhBtB4BxBoBCA+A3AsAkAhAkAkAXAPAQAOABABBbBoCBB3BXA8BEA9AxArArAtAsAUAYAPANAGAB
2307254001001,B7CECMB0BTBLBBA4AoAjAkAaAaAQAOAKAEACABB6CACHB3BYBGBGA4AqAoAhAaAXAPAQADAGADAC
2307304999001,BdBcBeBzBdBJBCA5AuAnAeAjAYATAJAPAKABAABYBUBuBkBvBZBXBKA+A4ApAoAoAhAZAcALAGAE
2307304999002,CYCEB9BlBbBJBFA8AmAiAVAfARAWAHANABABABCPB8B+BlBiBMBJA9AyAgAgAaAUATAMALADACAC
2307304999003,B9BzB2BpBmBKBEA0ApAmAlAWAXAOAJANAEAAACB7BtB3BxBuBVBGA+AyArAdAmAiAPASALADAFAB
2307304999004,CNB3B+BlBnBSA/A1ArAnAgAVASAKAJAGAGAAAACLB7B4ByBgBRBIA9AtAoAgAdAdAOAPAHAEAFAC
2307304999005,BgBeBsBeBWA+A7A2AqAoAkAdAfAUAZAOAFAGAEBeBcBpBjBhBMBKBIA/A2AkA4AsApAdAbANAOAH
2307304999006,BjBmBvBvBnBHA6AyAsAiAhAgAaAXAQANAGAEABBjBdB0BwBqBSBJBCA3A0A1AiAfAeAfAUACAJAB
2307304999007,BMBOBcBpBiBFA+AxAuAkAkAfAcASAVAOALAGADBLBSBgBxBuBYBQBKBDA9AsA2AuAuAgAcALAJAF
2307304999008,B4BxBvBpBgBNA/A2AqAgAcAeAZANARAGAGADAEB2BpB4ByBpBRBFA9AyAuAjApAmAVAVAQAIAGAB
2307304999009,B4B6CCBxBbBEBBA1AvAmAiAWAeAPAJALAJAFABBvB3B7BpBhBNBDA+A1ApAkAiAcAYAUAJAGAGAC
2307304999010,B8B1B3BmBfBJBCA2AtAnAfAcATAOAMAJAFABABBvBsB5B1BrBUBNBGA2AqAkAeAXAaASAKAAAFAF
2307403001001,BxB2CABsBKA7A5A5AtAqAoAhAkAVAQARAIAIACBsB1B+BpBOA/A+A8A0AuAqAoArATAUANALAGAF
2307502001001,BjBoB4BtBVA8A5A0AxApAhAkAkAZARAUAPADAABbBnB0B3BaBCA/A4A2AyA1AlAoAfAYAXANAIAC
2307502001002,BrB7B+B1BRA7A1BHAzAqAqAdAlAVAYAOAKADAABiB0B/BnBHA9A+AxAqA2AkAkAyAYAbAUAEAHAF
2307601001001,BcBjBqBiBSBNBOBMA2AsAqAeAVARARAOAEAGABBXBbBnBqBeBbBXBVA/A0AyAhAYAWAYASAIAEAB
2307601001002,BqBoBzBuBkBYBQBFAuArApAgAVATAUAQAHAFABBpBoBuBmBVBPBHBEAyAuAjAmAUAVAYAOAFACAA
2307635001001,B8CCB7BqBaBFBAA4AuAlAfAmAiASAfALAFAGAAB6B+B4BfBHA/A/A4AtApAoAdAlAVAXAMAJAEAG
2307650999001,BvB+B9BtBcBSBQBAA3AkAgASAVAMAMAEADACAABwB4B9BmBiBcBUBKA1AmAjATAUAPAOAIACADAD
2307650999002,BmBwB9B0BgBTBJBHA6AqAfAWASALAFAEADABAABiBvB6B1BiBWBVBPA+AyAnAUASANANAIAEABAB
2307650999003,CEB9B0BqBiBYBWBEAvAlAcATARAMAGAIACACABB+B4ByBpBiBbBYBHA2AjAhARAPANAHALADABAB
2307650999004,BqBuB4BzBkBOBIBGA4AuAiAWASALANADACABAABmBiBvB3BhBZBQBMBCA2AqAUAYANAQAHAEABAC
2307650999005,CECFByBqBdBYBNA/AsAlAeAVAVAIAOAGAEACACB5B/B1BpBfBhBMA/AuAnAlAWAZAMAHAJAGACAA
2307700001005,BxByBwBqBgBRBKBBAvAjAcAZAWAKAPAHAGAEACBoBpB0ByBlBZBTBJA3ArAmAdAfAUAMAKAIAGAC
2307700001099,B4CACBB0BeBLBFA7AtAkAgAYAbASAQAKAHAEABByCAB9BnBaBHBHA9ArAkAbAfAbASATAPAIACAB
2307809001001,CNCOCLBqBbBHBBA5AjAfAkAYASAUAOAMALAEABCGB9CIBsBUBEA/A2AmAgAmAYAZAQAMAHALAEAD
2307908001001,CQCGB7BwBQBLA/A2AlAnAoAbATARANAPAIAEAACDB8B6BuBWBCA5A/AsAkAmAbAbAXAOARABAIAC
2308005001001,CDCFCCBpBWBEA/A2ApAhAdAbAcARAVAKAJAGAECBB8B8BoBTBGBCA1AtAoAlAbAjAXARAQAFAFAD
2308104001001,BzBvB6BuBaBHA8A4AnAmAeAeAcAPAWARAHACACBqBuB5ByBgBLBEA7AzAuAnAiAmAcAcANADAGAA
2308104001002,CGCGCJBzBRBCBAA4ApAgAgAiAdAOAKAQAHAGACB2CCCABrBfBHA5AtAuArAjAfAaAUATAKAFADAC
2308203001001,B2B9CFB4BVA8A9A3AoAnApAVAZAaAUAPAJAEACBuB6B8BwBSBBA6A7AqAtAdAlAeAaAgAQAGAGAB
2308302001001,BpBtB8BuBfBMA8A6ArAmAkAcAhATATAQAEACABBmBoB8B0BhBLBIA8AxAoAeArAdAeAYAKALAEAB
2308351001001,BfBrB3BkBMBEBFA/AyAxAuAkApAXAXAUAMAIACBbBsBsBkBQBAA/BDA0AuAxAmAnATAbAXAJADAF
2308377001001,CBCHCTB8BaBDA2A7AnAnAjAaAbAbARALAHAGADCCB9CBBlBNA/AzA1AoAhAiAbAbAVARAOAHAHAD
2308401001001,B2B6B4B3BgBFA8AzArAkAgAcAhATARAPAKACAABrByB7ByBYBIA9A1ArAsAtAnAdAcAUAMALADAD
2308500001005,BhBwB5BrBOA8A1A3AxAqAoAkAhAYASARAKALACBeBmB7BxBRBBBCA+A4AzArAwApAYAaAXAGAHAE
2308500001099,BzCHCOB0BLA4A9A5AtArArAkAiASAWAPALAEAABrB2CHBnBEA4A9A3AvArAvAdAnARATAOALABAB
2308609001001,BvB5CIByBHBABDAvAvAqArAZAiAZAZASAIAEACBqB1CFBlBPA5A5AyAtAvAvAhAlAhAZALAGAIAD
2308708001005,BrBrB5ByBVBSBFBFAuAnAhAdAdAWALALALAEACBjBjBwBxBYBVBNBJA1AuAnAiAZAUARAQAGAIAC
2308708001099,BnByCBB+BVBIBAA/AvAsAsAgAbAaAXARALAHADBlByB9BrBKA9A9A5AvAqAlAmAaAZASANALAGAB
2308807001001,BxCDB5BzBeBIA5A1ApAqAqAaAWAbASASAFAAADB4B0CCBuBTBNA4AyAuAnAmAhAbAcAZANAIACAC
2308906001001,CFCECOBxBUA8A3A4AmAlAeAnAhANAKAUAKAHACCECBCGBnBPA/A5A1AkApAeArAcASAOAIALACAE
2309003001001,BzB4CNBzBAA0A0A5AmApAoAaAhAUAWASAHAHADBoB3CABoBPA+A8A9A2AvAsApAnAaAWAUAMAEAE
2309102001001,B1B4CPBuBdBAA2BEA4AqAfAjAbAXATAMAEAAABCABnBmB8BZAyA8BBAtAyAeAfAbAbASAQAGAIAC
2309201001001,ByB6CEB0BfA/A9AyAoAlAkAgAgASAKAOALAEABBqB5CBBqBXBCA+A7AwApAmAhAkAbAVAOAMADAC
2309300001001,BmBvB6BzBLA4A5A4AxAsAlAeAfAcAVALAMAJACBlBtB6BvBUA+A/BBA4AuAwAfAmAbAdATAKAHAE
2309409001001,B0B+B3BrBNA9A+A8AyAoAnAaAdAXASAOALAEABB0B4B2BmBcBBBEBEA3AuApAeAcAWAPAOAKAFAC
2309458001001,BxB5CJB/BYBEBAA7AtAmAkAgAhAWAZAPAFADABBoBxCBBvBKBCA/A3AvAoAiAiAgASAXAPAGADAA
2309508001001,BSBjBuB0BbBFA6A9A3AmA1AdAeAcAYASALAGABBZBeBxBwBNBGA+A9BIAzAvAmAkAjAaAVAGAGAD
2309607001001,B2BtByBrBlBTBLA+AsAkAkAYAWASAQAJAIADABB4BuBvBrBlBYBKBBAzApAfAfAaARAPAQAHACAA
2309706001001,B2B9B/BpBbBPBMBHA2AjAeATAPANAJAHAEACAAB0B2B7B0BdBSBVBKA4AmAdAZAWAQALAIACACAB
2309805001001,B5B0CBB7BYBCBEBFAxAjAgAcAVAdAZAQAIAGACBzB7B4BnBHBAA5A5AwAnAnAYAnAWAYAKAFAEAD
2309904001001,B0BrCIBnBTA1A1A7AsAgAiAdAYAPAcAYAHAFAHBmB7CJBZBUA9BJA5AsAsAzAdAjAlAhAUAMAGAC
2310001001001,BaBkCICMBcA5A6A5AtApAyAbATAWAUAWANAEADBMBeCDB2BeBAA8A+AzA3A1AgAZAWAUASAOAMAE
2310100001001,ByB8CCB7BXBFBFA1AvAkAbAoAkAbATALAGALABBvBtB9BlBPA+A9A1AuAnAiAkAdAeAXASAIADAD
2310209001001,B3B0B3B1BlBOBGA6AsAkAjAcAeAPAPAOAGAEABBzBzB6BxBeBKBFA8AsAmAbAjAhAQARAKAGAFAC
2310258001001,B8B8B1B4BrBSBCA7AvAmAgAbAWAZARAMAHABAAB9B4BtByBeBIA/A6AqAjAhAZAaATAMANAGACAC
2310308001001,B4B+CBBrBNA9A9A1AoAmAkAeAlASAVALAKAFACB3B5B8BsBVBFBDA8AwArAmAiAgAXARANAJAGAB
2310407001001,CGCLB2BpBSBBBBA6AqAiAnAgAfAXAUARAGAKACB+B8B5BvBEA/A3A0AuAkAjAjAgAYATANANACAC
2310506001005,BzB1B8BrBSBDA5AzAqAlAlAiAdAbATANAMAEACBwBzCEBsBXBGA6A5AtAuAmAnAnAUAYAPAMAFAC
2310506001099,B1B3CDBuBOBBA+A0ArAsApAgAcAZAXAOAJAHACBuB3B/BoBPBBA7A4A1AtAgAqAlAQAZANAMADAD
2310605001001,CAB0CJBwBSBCA+BAAtAmAcAcAfAOATAMAGAEAABjBtB9BuBhBMBHA9AyAsAkAgAmAQAOALANAFAD
2310704001001,B6BxCABzBhBOBDA7AsAjAbAfAhAWARAMAHAEADB0BtB6BvBYBDBEA8AtAkAZAlAaAWAUANAKAFAE
2310803001001,BvBxCECCBTAzA6AwAuAnAoAZAdATAWAOALAGADBzBvCKBqBQA9A6A+AzAwAwAfAlATAZAUAFADAC
2310852001001,BmBtBvBuBkBVBPA8AuAoAiAiAbAZAVALAJADACBhBxBtBkBgBTBOA2ArApAkAkAfAbAUAPAHAEAC
2310902001001,BZBlByBuBQA8BCA7AzAxAvAsAdAcAcAaAMAHAABXBnBwBdBSA+BAA/A1A1AuAtAuAiAVAQAKAJAC
2310951001001,BwBxBwB5BUA6A9A9AxAiAfAgAvAPAaAQAGAMAEBvCICCBdA5BIA7AzAtAkApAiAnAhAeAQAMAJAA
2311009001001,B5B1B7B5BYA+A7AyAvAmAoAZAeAXASATAIADAAB6B5B/BuBQBEA9A3AvAoAjArAeAUAZALAJAEAB
2311108001001,BoByCGB6BeA+A0A1AqAlAhAiAiASAVAKAJACABBkB1CAB5BXBHA8A3AvArAjAqAlAcATAPAMADAD
2311207001001,BrB4B9BpBPBCA2AwAzAjAmAeAgAgAOASAFADABBrBuBzBvBiBKA2BIAsApAqAkAmAkAOAYANAEAD
2311231001001,B1BtCBB1BWBVA/BFArAtAtAgAfAUAMAJAIAEAGBnBtB8BkBYBEA+A9AzAwAkAeAZASASAJAJAHAD
2311264001001,BvB5B7B4BRBBBFA8AuAlApAaAgAWASAOAHAIADBoBxB8BtBWBFBBA8AyApAnAhAjAUAUAQAIAEAB
2311306001005,BwB1BtBnBSBHBEA/AvAmAfAdAZASAOAPAKAEACBsBuBxBuBZBUBMBIA3AuApAgAhAXATAOAJAFAD
2311306001099,BzCGCCBwBYBHA7A6AsAoAeApAhAVAcANAIACACBvCAB+BnBMA/A7A2ArAoAiAiAaATAVAOAKAEAE
2311355001001,BgBoB/B2BWBJBFA9A4AzAsAhAfAUATATAKAFAABeBpB5BlBRA9A/BAA2AyAnAqAgAVAdANADAFAA
2311405001005,BzBxBxBiBSBHA+A7AwAqAcAhAgASAVAQAFAFACBlBrBzBoBZBPBIBGA5AxAkAmAdAbAXARAKAHAG
2311405001099,BzCACDBpBNBBBDBFA0AuApAkAjAXAMAVAMAEADBvB5BwBXBFA9A7A5AxAuAkAkAlATAUAWALABAC
2311504001001,BqBwB4BoBaBNBHBAAxAsAmAjARARARAPAPAEAABqB0B2BkBUBMBHA/A2ApA0AfAWATATATAGAGAB
2311603001001,B0B0B1BzBbBJBCA+AvAoAmAYAcASAWAOAHAFAABtBzB1ByBUBIBCA8AyApAjAfAhAYAXAMAHADAE
2311702001001,B5B0B2BzBEA+BDA2AsAnAtAXAgAYAcATATACACBkBpB+BrBZBAA0AxA3AtAhAqAlAgAdASAQACAE
2311801001005,BpBtBxBwBiBOBJBAAtAmAnAZATAMARANAHACADBhBnBvBuBgBVBNBKAzAuArAlATAdAXAQAGAFAB
2311801001099,BnB3B+B3BaBKBABCAxAtAlAkATAXAPAVALAFAGBnBsBzBjBSBBA9A8A2A2AiAoAbAOAUAQAMAIAB
2311900001001,B0B4CKBrBEA0A4A0AtAxApAiAfAXAXANAIABAAByCCCJBpBLA9A7A7A2AxA0AbAgAQAYANAJADAD
2311959001001,CRB3CHB/BbBCA7AyAnAiApAfAeATANAIAIAEABCEB5CDBkBRBDA6A1AsAkAlAjAbARAXAHAFAEAD
2312007001001,CBB9CGB3BdBIA7A3AmAkAfAkAgAOATALAKAFABB6B6CABqBUA/A5A1AqAiAjAnAlAOARAMAIAHAC
2312106001001,CMCBCIB1BUBCA3A2AlAhAhAdAcAUAPAOAIAEADB7B/CFBuBRA/A5AyAqAmAoAeAeAYAPAMAIAGAG
2312205001005,BrB2B7BwBYBFBAA4AuApAoAaAVAVAXAQAIAGABBpBqBzBvBcBIBGA7A2AqAiAnAhAgAXAJAIAHAC
2312205001099,B3CHCPByBPA8A+A8ArApAoAgAcATAUANAMAIABBuCBCLBlBGA6A8A1AqAnApAdAaAYAUAOAJAGAE
2312304001001,BvBxB7BzBUA7A9A5AwAoAlAaAWAZASAKAGAGAAByB2B7B6BZBFBAA9AzArAwAbAbAZAaAUAEAEAD
2312304001002,B8CSCUCVBLA0A2AxApAxAaAZAXAXARAMAHAFADBzB+CDBcBcA2AuAyAsAhAnAmAjASAXATALAFAC
2312403001001,B0B/B8BxBkBTBHA9AsAoAjAdAeAPASAOAGADACByBtB0BvBaBIBCA8AtAkAmAYAaAWAXAJAGABAB
2312502001001,BWBYBaBbBkBLBIBHA2AwAsAxAhAVAWAUAKAGAEBVBLBeBrBIBMBKBNA6A1A5AtAfAcAeAgAPAHAB
2312601001001,BpB6B2BzBYBPBEA/AtApAiAbAdARAXARAJAFABBtBpB8BqBcBFBGA+AsAmAhAjAfAZAYAMAGAGAC
2312700001001,BmBwB1BoBLBAA/A8AxAoAkAnAnARAdANALAEABBhBvBxBkBQBDBGBDA3AwApAvAmAaAYAXAIAHAB
2312809001001,B9B8CNB2BRA6A1A6AvApAlAjAUAYAJAYAJADAHB8CBCCBqBNA7A9AxAxAoApAiAdAYASAGAKABAC
2312908001005,B4BuB2BoBgBQBJA/AtAkAdAXATAPAMAIADADACB1BsB2BvBnBaBSBHA0ArAmAbAZATANANAIACAC
2312908001099,B4B9CDBwBUBGA9A3AtAlApAaAcAXAPARAGAGADBzB7B/BpBRBCBBA5AsApAmAfAeAUAWANAIAEAC
2313005001001,BjBwBxBqBPBBA/BEA1AwAqAlAqASAlAOAKAFABBbBoBuBmBGBBBBBFA3AzApAqAhAgAYAVAHADAD
2313104001001,BnBjBtBlBYBRBPBCAwAnAqAcAcAXASANALAEABBjBkBnBlBbBUBSBOA2AuAuAiAdASAUASAGAFAC
2313203001001,BuB/CKB2BQA7A9A5AtAoAgAiAfATAVAPALAGABBoB3B7BoBMBAA8A7AwAtApAjAlAWAXASALAFAD
2313252001001,BvB1ByBqBVBGBDA7AxAoAmAhAlAeARANAEADADBrB3BwBvBdA/BQAvA0ArAyAcAcAiANAMAFAGAB
2313302001005,BnBpB1BpBOA9BCA8AxAlAhAkAfAXARANANAHAABiBkBzBtBcBOBOBFA5AwAqApAhAcAWAQAIAIAD
2313302001099,B1B1CBBuBVA+A8A5AyAoAsAmAhAVAYAYAIABABBvB0B7BjBLA4A9A3A4AsAsAjAhAcASAMAIAEAC
2313351001001,B9B8CPCBBdBHA7A3ArAqAdAiAcAUATAQAHAEABB7B3CKBtBQA8A1AzApAmAjAbAZAQAUALAEAEAD
2313401001001,B5B9B2BwBaBIA7A6A0ApAcAcATARAMAIAEAFABB3B7B2B8BeBOBHBCAzAqAgAdAWAWASAKAHADAA
2313401001002,CKCJCFB4BcBEA+A5AoAkAhAdAZAPAUAIANACAACHCGB+BvBPBEA4AxAqAgAgAaAYAdAKAJAHADAB
2313500001001,CCCGCHCABbBHA8A1ApAkAfAdAZAVASAQAGAEABB6CDCCBwBOA+A5AzAqAkAeAeAaAWAUAGAHAFAC
2313559001001,B0CGCJB1BYBFBFA9AoAiAiAaAeATAWAUAFABADBxCBCFBoBPBGA7A5AnAjAiAZAcAZASAOAFAIAD
2313609001001,BwB8B4B1BgBIA8A7AxAoAlAWAZAaAVAJAJADACBvByB7BuBZBEA8A6AwArAfAmAXAdAVARAHADAC
2313708001001,BbBrCMCEBTA5AzA1ArAnAoAoAmAbAPAYAIADADBkBfB+B0BTA6A9A9AzA0AtAkAxAUAeAQAFACAA
2313757001001,B9CHCDBzBdBLBBA3AyAcAkAWASAbAPAKAQAEACB9B8CDBlBUBHA9AyAfAqAmAbAWAaAOAPAGAEAD
2313807001001,B+CDB8B4BeBFBCA5AoAkAjAWAcALASARAIAFABB6B6B+BvBUBEBCA1AvAkAjAYAkAXATAKAGADAA
2313906001001,CDCEB8B0BfBCA/A5AkApAjAhAcAUANASAKABAAB3CAB0BnBVBFA6A2AnAnAnAlAYAYAUAMAIAFAB
2313955001001,B2B7B4BuBaA+A6A4AoAlAmAaAdAVAUAQAJAHAEB3B1B1B1BQBCA/AxAtAoAtAlAjAYAXARAMAFAF
2314003001001,BeBnBsBoBMA+A/A6AuApAvAZAoAaAZANAJAGABBbBkB2BrBbBHBGBCA7AxAxAqArAgAWAZAJAKAB
2314003001002,BgB3CEB3BOBHA7A7A2AqAuAnAkAYAZANAJACAABhBpB4BwBVA3A5A5AxAtAqAmAkAeAUAQAHAGAA
2314102001005,B/CGCDB2BVBAA9A1AsAhAeAcAWAbAOALAJAEACCDCEB8BvBSBBA9A5ApAlAgAhAZAWAaAJAKABAE
2314102001099,COCVCCB5BYBBA8AyAsAiAmAYAYAOAVALAKAEACCECMCHBmBHA8A2AwAmAlAdAgAhAVAMANAFACAC
2400109001001,BTBbBqBzBiBOBIBBA0ApAiAiAfASAZAQAJAHABBaBdBpBsBZBNBHBMA0AuAmAoAnAWAeAVAOALAC
2400208001001,BkBlB5BzBbBOBNBLAzAhAlAaAVARARAKAHAFACBjBgB2BzBfBQBUBJA1AnAoAeAUAXAUAMAIAFAF
2400307001001,BpBfB3BuBSBSBJBEAvAhAjAfAgAYATANASAGABBiBeB8BwBYBNBEBFAxAjAmAkAnATAYASAJAFAE
2400406001001,B5B3B+B6BYBGBFAxAoAuApAfAJAZAOAJAWAAAABsBsCTBzBOBGBNAqAuAmAdApAdAoASAJADAAAA
2400505001001,BWBYBvCKBgBJBCBAAxAoAqAgAXASAYATAKAIADBbBjBpBhBfBIBBBAA4A0AqApAlAZAYAWAQAIAC
2400604001001,BaBtB/BxBZBXBFBGA3AlAsAYAZAUAQAUAGAAAIBdBpBuBhBXBMBKBDAqAvAnAjAkAYAaARAGAGAD
2400703001001,BiBgByBzBuBXBRBLA1AiAnAeAZAUALAPAKAEADBZBbBtBwBfBYBUBJA1AgAmAfASAUAZAMAGAEAB
2400802001001,BpBgCFB0BaBAA/BCAyAlAnAWAcASAVASANAFADBMBhB7B/BTBFBJBEA7AsAqAcAlAUAYAVAKAJAE
2400901001001,BVByCEB9BZBLBBA6AxA2AdAeAYAXAWAUANAFABBcBPBlB/BdA9A/BCBBAmAzAkAiAfATAOAHAIAD
2401008001001,BZBeBxBhBYBSBQBNA3AmAaAgAgAPARAMAJAFAABYBkBsBrBlBcBYBQA7AtAmAdAeAXAWATAGAFAB
2401008001002,BgByBzB3BcBZBQBUA1ApArAYAWATAWAUAJAAABBbBtBlB7BYBQA/A7A6AiAjAZAXAZANAPAFAGAB
2401107001001,BeBfBmBvBdBRBRBMA2AmAoAbAcAUATAOAIACABBdBXBlBqBfBOBUBSA9ApA0AcAkAWATAOAJAFAG
2401206001001,B1B5B6B5BcBWBLBBAuAoAcATAWAZASAMAFACAABsBzB3B2BUBLBFBCAtAkAYAmAWAYANAPAIAFAD
2401305001001,BnBpB7B3BbBLBDBGAsAlAkAjAaAWAVAOALAMAEBnBzBrBpBRBIA/BCAwAqAjAiAoAVATANAKAJAC
2401404001001,BzBrB5CHBeBNBHBJA0AnAhAcANAYALALAEABAGBqBuB/BxBVBaBFA/AyAhAeAmAYAUALAJACADAC
2401453001001,B6BtB6B7BrBZBNA7ApAlAjAYAZANAOAIAFAGABB/BsB2ByBgBQBEA+AwAlAjAWARAPAPAIAGADAC
2401503001001,BvCBBiB4BrBBBLA8AuAkAjAbAgAVAVAYAYAFAFBVBcCNBkBJBHA1BGAoArAmAmAgAdAQATAFAMAC
2401602001001,CBCKCNBxBoA9A2AyArAqAxAVAZATAVAKASACAJBuBoCHCIBMA6A6A1ApAkAmAdAbAOAKAIAKAFAD
2401651001001,B0BxCKBtBeBgA8BHAmAnAkAjAYARANAWAIAAAABuBbCKBwBXBKA/A0AlAlAlAuARAUASAZAHAAAA
2401701001001,BxBzB2B3BZBHBCA7AwAhAhAbARAXAWATAVAEACB0B1B6BjBQBIBCA6AtAjAsAgAgAhATASAKAEAB
2401800001001,ByB1B9B1BgBGBAA7AvAkAhAbAiAQASAKAUAHAFBrBzB3BuBUBDBAA7ArAnAmAdAiAYASAUAIAFAD
2401859001001,BrB4CGCOBbBMA/A/ArApAeAeAeAPANAPAJAAAEBlBvB/BpBfBBBBBBAoAnAhAhAZASAUAKAGAKAG
2401909001001,BOCDB3BxBVBPBAA4AxAaAoAcAMAYAOAOAAADADB2B6CJCfBABXBGAsBCA6AWAVAgAcAMALAEAEAA
2402006001001,BZBYBpBlBfBLBQBLA4AsAmAdAbAQARAPAHAHABBVBUBlBqBhBSBWBQBAA2ArAnAkATAYAQANAGAD
2402105001001,BnBpB1BuBWBDBIA6ApAlAwAYAbAeAXAbAOAGABBcBpByB1BUA+BDA5AqAtAvAeApAhAVAVAOAJAC
2402204001001,CHB8B+BvBaBQBFBBArAhAbAbATARAKAOAHAFACCDB+CABrBXBOBEA6ApAgAbAdAZASAOAPAEAEAD
2402303001001,BeBhB3BtBXBOBHBCAxAqAoAcAfARAaAMAPADADBZBgBvBpBSBPBKBDA6AwAkAqAnAZAVARAMAIAE
2402402001001,BcBnBfBtBgBOBQA/A1A0AmAjAhAMARANANAMAABgBgBnBlBjBHBHBHA6AoAjAwAgAVAQAVAQAHAG
2402501001001,BjBdBzB7BcBIBNBLA4AkAjAcAXARASANARACACBpBlB5B0BYBMBMBKA0AiAbAoAXAPAVARAMAIAD
2402600001001,BtBvBvBsBmBMBEA8AtAlAnAWAVARALASAEAFABBuBnBzBxBkBSBNBFA2AqArAeAWAXAZANAJAFAE
2402600001002,CACCCFB9BjBNBCA2ApAhAiAdAWAVARANAFACABB+B6B4BtBbBFBAA0AmAgAiAeAZASAKAMAJAGAC
2402709001001,BjBpCLB6BhA+BGA/ArAjAqAWAdAKAVARAMAEAFBlBhCCBxBWBQBJA6ApAeAjAkArAWAZARAIAEAC
2402808001001,BwBwCFB5BdA6BMAsAiArAjAhAmAXAdAHAMAEAEBuBiB8BmBNBFA1A6AmAnA4AmAlAWAdANAOAHAF
2402907001001,B9CACDBzBGAwA5AzAsAfAwAVArAYAPAUAFAGAGB9BsB8BsBNBEBCA4AvA0AiAoAXAPAiAOALADAD
2403004001001,BTBdBzBwBcBIBLBRAyArAsAWAbAUASARAKAFABBYBeBxBtBSBCBXBGA1AzAvAlAcAWAcAXAKAIAD
2403103001001,BeBfBpBuBaBKBEA/AzApApAgAbAVARAOAJAIACBaBZBpBsBdBMBRBPA7AzAxAiAlAXAcAOAJAJAE
2403202001001,BhBxCHCEBcA3A6A8AuAyAmAbAkAHAPAZALACABBgBwCDB6BUA5A/A+A0A1AsAcAdAZAQAQAHAFAA
2403251001001,BUBkBvBqBdBOBNBJA8AtAiAdAYAPAKAOAIACACBRBcBpBuBhBZBZBWBAA1AxAcAaAWASAJANAHAA
2403251001002,B8ByB6BqBeBaBUBGA4AmAbAZAVAIALAJACABABByBuBqBsBlBcBWBHA3AoAhAaAQAQAMAHACADAB
2403251001003,B7BuBrBjBaBdBhBPAyAnAfASAQAJAMAEACACAABxBsBoBpBlBnBqBIA9AoAeAUARALAOAIADADAB
2403251001004,BhBYBcBcBPBSBgBlBLAwAmAOALAJAGACABABABBaBUBeBqBvB3B1BwBQAzAmASAQAKAJAKACABAA
2403251001005,B0B0ByBoBfBZBYBIAzAkAdAVARAKALAFADABABB0B0BtBvBpBfBbBMA0AnAnARATALAKAIAEAEAA
2403301001001,BfBoB4BtBPBEBAAxAsAuAUAoArAaAWAQAHAMACBiBnCMBvBWA8BEBEA0AxAwAnAjALAiAOAJAGAC
2403400001001,BnB4CCByBkBQBLA0AtAmAlAcAUAaAeANAMACAEBjBpB1BpBOBIA6BIAvApAZAWAmAUAeAVAHAIAF
2403509001001,B6CBB9B4BhBBBEA5AtAnAYAjAXAXAVANAPAFABB0B3B4BoBSBEA8A0AsAjAiAkAcAYAWANAFAFAF
2403608001001,ByBuByBvBgBSBSA/AvAjAhAaAXAQAJAJAJAEADCAB3BzBqBgBWBOA/AxAiAfAgAVAUAOAJAJAAAD
2403707001001,BTBaBkBsBaBbBRBRA7AtAoAmAeANANASARANAABOBUB0BiBRBaBaBFAtAqAxAcAqAXALATAOAHAC
2403756001001,BRBVCNB3BbBABOA9AtAoAjAUAdAQAjAUAbAOAABlBxCMBhBIBABDBaAxAcAfAtAhAdAIASAKAEAB
2403806001001,BTBnB1BqBcBDBGBKAuApArAfAVAVAWAeARAEADBTBgBzBsBUBIBHBIA0AvAuAeAoAZAZATASAGAD
2403905001001,BbBxB8B7BTBNBHA+A7ApAkApAXAkAbAKAEACACBZBhB1B3BHA9BLBAA1A1ApAcApAVAZAMAEAFAC
2404002001001,BXBxB5CGBSBDBFA8AtArAkAiAhAXANAWALAEAABbBmB8BrBVBFBCA7A9A2AuAeAcAcAgAKAIAFAB
2404101001001,BrCbCoCZBmA4BRApBCAXAaAiAQAFAHAEAEAEAABYCQCcBXBPBIBcAvBCAWAcAhASAHAAACADAEAA
2404200001001,B0B5B6B4BkBNA+BAAwAkAfAbAdALARAGAHADABB5BzB2B2BgBLBCBDAuAiAlAZAYASAMAHALAIAC
2404309001001,BoBtBxBsBUBUBZBFAwApAgAqAbAWAUAPALAFAABhBrBtBfBZBTBIA/AyAgA2AbAjARATARAGADAB
2404408001001,BjBhBxBqBRBUBRBTA3AmAmAgAVAYASANALAFAABiBjBwBcBaBVBbBLA3AnAsAfAZASAQARADACAI
2404507001001,B1ByCDBvBfBQBbBAAyAXAjAcATASAOAIAGAAAEBzCABjBpBZBUBLBBArAsAiAaAUAVATAOAIADAA
2404606001001,B6B5B1B0BvBVBDA4AkAlAoAYAfAQASAPAHAGACB4B2B8BuBZBDBAAtAmAhAjAiAWAaASAOAFAJAE
2404705001001,BsBnCCB7B0BMBJBAAwAmAoAXANATATASAFAGABBlBlB3B5BZBMBGBDAtAkAhAfAUASAOAKAJALAD
2404804001001,BWBZBiB7BeBNBDAxAuA9AuAaAUAlAmAeAJAPAABTBLB1B3BLBTBIAmA7A9AsA4ATAZARATAcAAAA
2404853001001,B0BqCAB7BqBQBPBCAvAlAjASASAOASAGAEAJAABoBkCAB2BuBUBJA8AsAcAlAdARAaAMAFADAIAE
2404903001001,BaBmByBrBJBPBOBPAyAoAkAXAVAaAUATAPAAAABcBtBxBuBTBYBKBRA4AuAiAiAlAXAQAOAJAGAA
2405009001001,ByBxB6BuBWBBBGAxApAYApAfAkAYAZAVAVAHABBfBoB4BkBbBGBCAyAsAxAjAyAlAYAWALAPAIAI
2405108001001,CPB8B5B/BYBJA/A+AtAnApAXAZASAVATAEAGABBcBuCHBuBgBGA9A2AuAfAkAcAaAPANAUAGAHAD
2405207001001,BaB0B7CJBhA/A+BIArAvAhAfAXAOAUAbAIAHACBVBTB1BxBSBEBBBCA3AxA0AZAbASAdAVALALAG
2405306001001,B8B5B7BuBeBKBFA1ApApAqAYAgAUAPALANALACBwB6B1BkBLBBBDAxAuAmAkAhAjAVAWAVAKAIAB
2405405001001,B6B8CQCBBfBDA6AxAsAnAaAgAVAUAWATADABAACAB9CIBlBPA5A8A5AuAqAfAhARAXASAPAJACAG
2405504001001,BzBsBzB/BSBHBoBAApAsAuAlAYAYAWAGAGAIAABiBxBzBoBPBDBIA/AuAiAcAVAkATAQAXAPAEAC
2405603001001,BiBkB1BpBlBZBOBGA2AmAgAgAYAVATAQAIAFACBhBfBoBoBeBOBNBJA0AuAkAjAhARAUAHAMAHAD
2405702001001,BQBVBcBgBUBFBMBSBDAzAvAkAZASAZATAJAIAGBNBPBjBfBUBPBNBSA8A0A3AjAjAmAbAYAMAKAD
2405801001001,B8B4B+BzBcBKA8A4AmAjAkAbAYAVARAKAOAGADB2BzB+BxBWBKBAA7ArAmAqAgAfANASAOAKAEAC
2405900001001,BZBwCQBoBMBFBGBGAiAnAqASAZAeAlATARAAAABkCJB6BqBEBSA2A5BDAjAmAgAWAhAaALAFAKAA
2406007001001,BSBUB+B/BmA1A9AuAvAuArAoAhAWAdASAGAJAEBhBZBvCCBNA1A/A2A8BGAiBBApARAdAOALAFAA
2406106001001,BdBeB0B4BfBUBEBBAzAnApAdAfAVAYANAMAGACBUBYBtB0BcBIBHBEA3ApAmAmAhATAXAOAOANAG
2406205001001,CDCBCQB9BTBLA6BAAkAeAXAfAZAVAOAOAHAGADB6B/CKBoBTBDBAA2AmAbAiAfAdAUAJAJAJANAE
2406304001001,CKB8B8B8BcBNA9A0AoAfAiAXAgAVAbAQAIAGAAB4CBB0BvBPBDA6A7AlAjAqAZAfAVAPAPAJABAB
2406403001001,BwCNB8BeBUBPAvBFAxAoA1AVAfAOAaALALADAFBtB1CAB2BFBEBLA4AuAeAqARAbAXAdAQAIAFAD
2406502001001,BxBuCQBzBgBIA+A9AtAhAdAcAUAWARATAIAIABBrByCGBsBVBEBCA9AsAmAiAhAlASAOATAFAFAI
2406601001001,B7B9B7B4BdBOBCA2AuAmAoAWAcAOAZAQAKAGACBvCFByBoBOBEBAA7AmAfAiAkAaAZANALAIAMAE
2406700001001,BfBpB7BmBWBGA9BDAxAkApAhAfAZAaARAOAFAEBjBmB8BlBSA+BJBFAyAqAyAgAcAaAZAPAPAKAF
2406809001001,BdBrCXB1BWBHBABBApAtAkAgAWAcAKAVAUAKAABhBrB5ByA6A8A7A8ArAsAuAlAjAYARAVAYAQAA
2406908001001,BYByBxBwBlBHBVA7AtAmAnAjAeASAJANAIAGAABbBkB8B7BOBMBMA3BDAuAdAcAkAbAhAQAEAFAA
2407005001001,BhBuCHCCBPA/BAA4AsAoAlAcAdARAPAZAGAFABBgByCACEBMA9BAA8A0AyAkAqAkAXAXAMAJAGAA
2407104001001,BrBvBwBnBgBVBQBDAuAlAjAYAYARAMAKAIABADBnBrBvBsBiBXBSBGA0ApAkAjAYAQAQANAMAGAD
2407104001002,BzB3B5BxBlBQBLA9AsAiAmAbAYAYAUAPAIAFABByB5B4BmBcBKA/A4AnAlAjAcAaAZANAKALAHAE
2407203001001,BfBcBjBqBZBMBWBPA7AlAmAiAeAPATARAIABAABaBeBhBkBaBTBWBVA/AoAsAiAhAYAWAQALAEAD
2407252001001,BnBeBzCGBRA7AyA8AoA4AtAVAvAJAnAKAOAFAABTBkB/B5BOA0BOAyBBA2AxAjApASAZAKARAKAD
2407302001001,BgBqB/B0BNA4A7A+A0AtApAjAiAOAUAOATAHABBdBtB6B2BKA+BBBHA6A5AoAmAiAZATATALADAC
2407401001001,BQBiBtB2BZBDAxA+A1AxAxAbAlAcAXARALAHABBXBjB1BzBIBGA6BEAyA8AqAtAfAeApATAPAEAD
2407500001001,CCCICBB+BeBOBFAyAtAkAgAaAZATAPAIAHAGABB1CCBzBrBfBCA8A5AmAnAlAfAWAVAQAJADADAB
2407609001001,BtBnBtB3BlBQBLBBAvApAjAgAbATALAFANANAKBjBnBmBvBaBSBQBJAqAnAxAYAgATAHAZAEADAD
2407708001001,B9B5B0BsBnBKA8A9AoAiAcAeAbAbAbAPAKAGADB5BwB9B0BaA9A6AwAkAkAjAkAfAdASAPAIAEAG
2407807001001,BwCFBxByBrBVBDA7AqAjAiAXAYAXASAOAHAGABB6CDB8BjBCBCBCA3AtAiAkAkAdAWAPAOAPAFAD
2407906001001,B1B6CIBrBcBJBBBTAPAlAWAlAhAbASAIATAAAAB0B0CLBtBMBBBBA3A3AaAeAgApARAQAFAMANAA
2408003999001,BqB4B5BpBbBPBWBaA7AgAaASARAKAIAEAGAAAABgBwB+BuBeBcBhBiA8AhAXAcAVAIAKAIABACAC
2408003999002,BgBoB1BtBjBPBLBDAyAoApAQAPAPANALAEAHAABgBnBxBmBlBcBWBRBBAxAkAeAgAPAVALAHAAAA
2408003999003,BpBnBxBuBpBYBPBFAyAjAhAZATAMANAKAHADAABmBoB5BsBmBXBVBKA2AqAmAdAVATAQAMAGACAA
2408003999004,BPBYB2B+BiA+BFBIBHA0AoAXANANAMAFAEADAABKBYB3CEBoBNBWBeBSA8AoAcAWAOAOALACADAC
2408003999005,BhBmBsBoBcBSBNBNA3AqAjAiATANAPAGABACAABcBiBqB3BsBeBeBUBBA0ApAZARASAIAHAJACAB
2408003999006,BLBZBiBhBbBIBOBLA2AjAfAhAQASAYASAEAHABBJBQBkBrBjBUBbBaBGAzAtAxAqAgAbAcAHAEAD
2408003999007,BABOBdBmBQBEBKBIA7AqAeAlANAZAcAQAJADACA9BMBkBrBqBQBaBXBJA6AwAxArAvAeAVAVAFAE
2408003999008,BRBZBsBqBjBMBKBGA2ApAoAdAbAJASAKAGAFAEBMBYBrB6BpBXBZBSBBA0ArAjAhAWAXAPAIACAA
2408003999009,BaBmBmBlBjBQBUBJAzAmAlAaARAUAMAOAFAGAABTBfBpBoBpBYBfBOA7A1AmAoAlASAQAQAGADAE
2408003999010,BmBiBvBwBfBdBTBGA6AoAdAYAXAOAMAJACABABBWBiBsBxBqBbBaBRA8ApAgAnAWAQAUAJAGACAC
2408003999011,B1BxBrBhBaBcBkBSA3AkAYAUAPAMAIAHACACAABxBsBtBrBmBvBnBWA0AjAgASAOAJAJAJAFABAA
2408003999012,ByBzB1B+BrBfBPBHA3ApAnAaAbASAMAOAGADAABjBpB5BqBXBPBHA/AvAmAdAdAdAHANAGAGAAAB
2408102999001,BOBQBlB4BqBLBDBAA+A6AvAcAUAMALAIAFABABBJBPBiCDBtBTBPBWBRBFAyAjAZATASALAFACAC
2408102999002,BtBnBoBwBiBRBNBMA1AnAkASAQANAIAEAGAFABBlBlBwBwBpBgBZBRA8AvAkAcAZANARAJAFACAB
2408102999003,B7B4BuBiBcBYBbBRA2AjAaARANAHAHAFADACAAB5B1ByBnBhBlBkBWA4AlAeATAQAKAIAEAFADAA
2408102999004,BwBrB3BwBiBOBPBJA7AqAfATAKAKAHAGADABABBsBsB1B3BkBZBTBTBDAvAiAZARAOAKAGAFABAB
2408102999005,B5B5BzBhBWBRBeBRA5AjAaARANAGAHAEAEABAABxB1BzBpBiBjBlBWA9AlAbAZARAKAJAGADADAB
2408102999006,A+A/BPBoBkBMBGBCA4AzAsAoAfAUARAKAEACABA8A8BUB4B1BaBYBYBOBFBFAvAnAbAcASALAHAC
2408102999007,AzBABdB5BfBBA5BHBMBIA6AgAWAPANAEADABAAAxA/BaB/B2BUBQBgBmBWA7AtAhAPAPAJAKAGAB
2408102999008,BRBQBcByBmBNBHBKA+A2AqAhAZAMAJADADADADBTBSBbB1ByBcBcBaBLBBA3AcAYARAMALAIACAD
2408102999009,A5BDBTB4BlBIBDBAA9A9A5AaAdANAKAKACACAAA4BBBbCDB3BZBRBcBSBTBJAeAZAWAdAMAGAJAD
2408102999010,A4BJByB3BYA5A3BPBVBBAwAdAVATAHAIACACACA2BIBrB+BmBGBSBqBgBQA+AbAeATAPALAHAEAB
2408102999011,A0A6BQBxBpBDA6A8A/A8A3AmAmAMAJAKAKABACAzA7BVB+CABUBSBYBVBSBIAxAnASAZAOALAIAE
2408102999012,BMBSBYBiBXBFBHBHA/AtAmAbARAWAXAQAJADABBNBOBcBgBdBYBVBVBFA5AuAzArAsAiAcAQAJAE
2408102999013,BlBiBpBxBjBPBOBAA0AnAdAaASARAMAJAEADACBiBiBuBuBnBVBRBKA7AtAwAkAfAZAWAPAIADAC
2408102999014,AyA+BJBZBRA4A7BDBBA3AvAkAVAZAeAUAKADAEAuA7BVBqBvBYBNBeBVBMBEA3A5AmAiAqASAHAF
2408102999015,A+BEBTBiBXBEBFBHA6AuAnAcAdATAZAOALAEACA/BABXBpBjBVBVBYBRBBA5AwAzAjAoAfAQALAE
2408102999016,BPBQBdBiBeBSBRBNA2AkAgAhAXAQARANAEACAFBKBTBgBtBmBdBfBaA/A2AwArAoAdAUARAKAFAI
2408102999017,CGB7ByBoBfBUBVBGAxAhAZAWANALAHAEACABABCCB8BxBsBkBcBZBLAyAmAfAVASAIAKAFADACAD
2408102999018,B8B7BzBvBjBSBQBEAwAkAgATAOALALAFADABABBzBwB3B0BiBaBVBGA2AmAkAWAVAOAMAIAEACAA
2408102999019,BtBoBvBvBfBUBQBHAvAkAjAUARAKAKASAEAEAABrBlBtBwBrBVBUBMA4ArAfArAhASANAHAAAGAC
2408102999020,BbBeBfBpBgBPBKBDA1AkAlAbAbAQANALAHAFABBYBZBjBtBjBUBXBOBAA0AzAnAnAVAYAUAKAJAE
2408102999021,BXBaBeBsBoBTBNBCAzApArAeAWARALAHAJABACBRBRBeBzBwBgBYBPBCAzAzAoAcAZAYAQAGAFAC
2408201001001,B4B6B3BoBfBZBRBFAtAjAjAeAcAQANAJAGAEAAB6B1BoBlBcBQBIA9AtAmAjAgAXATAPAMAGADAE
2408300001001,BtB2B8B1BaBDBBA4AsAgAiAdAeATAUAMALAGACBvByB7ByBWBIBDA9ArAnAjAnAjAYAUANAKAHAD
2408409001001,BlBXB4BzBYA+BDBAAyAoAzAgAsARAeAcAIAIAEBYBaBiBlBFBXBIBCAzA0AnAsAaAqARAOATAGAB
2408508001001,BUBbB0B1BWBHBOBIArAtAlAbAmAbAeASAbAKABBRBJBoBmA6BIBJA4BIA0AvAwAoAUAnAcAFAKAD
2408607001001,BjBaClCMBRBEA3BDAwAoAzAnATAaATAKALADAABVB3BzCABCAvBIBKA1AuAXAoAfAXATAKANAAAD
2408706001001,BwBxBiB6BVBRBBBDAxAhAeAlAgAYATAQALALADBOBmB+BWBbBLBVBFArAgAfA0AfAYAcAPAQACAF
2408805001001,B1BsCaCFBXBBA7A0AmAgAfApAYASAMAbAGAGADCaB4B8BuBQA+A3AtAqAjAjAlAOAdAPAOAIAIAA
2408904001001,BiBeCBBwBYBHBIA/AyArAnAYAYARARAcAHAGADBeBeB/BqBUBJBDBFA2AtAiAjAlAYAdASAMAHAF
2408953001001,CJByB6B/BoBPBJAzAkAhAjAaAYAMAUAKAKADAACEBzB3BzBhBGA+AwApAiAcAlAhAXAKAPADADAB
2409100001001,BsB1CBB3BRBNA+A3AnAjAkAaAoAUAXATAEAEADBjBzB+B1BbBHA7A6ApAnAhApAdAaAdAPAJAEAC
2409209001001,ByBnBoCDBfBaA7A2ApAzAcAtAMAMAdAUARAIAFBpByBnBdBbBLA2A1AqAlAqAjAbAmAOAXAXAOAA
2409308001001,BdBnBtBmBiBSBGA9AsAlAiAkApAPATAPALAFADBfBeBkBrBhBXBLBFA0AuAmAuAeAZAYAUAMAEAC
2409332001001,B3B3CEBuBcBJBBAwAzArAlAcAeAPAWATAIAEADBkBnB7BwBdBGA9A/ArAoApAdAmAWAQAMAJAFAB
2409407001001,BfBoBwBsBVBJBJBDAzAnAhAgAiAMATAOAHADADBaBfBsByBfBUBVBPA4A1AnAhAjAUAWAQAHACAD
2409506001001,B4CNB6CYBjBDA4AvAfAjAdAdAYAPAeASAJAGABCDB5CcBUBVBKAtAvAsAqApAbAXAWAIAGAIADAC
2409605001001,BvCFCjBrBWA9A7A/A2ApApAdATAZASAUANAGAABrB6CCB1A3BBA/A6AsAkA1AQARAYAOAWAJAAAA
2409704001001,B5B6CHBvBfBHA9A3AvAkAmAfAlAQAKAOAKAIADBjBaCIBuBXA9A6BEApAmAmAeAiATAcAVAKAGAF
2409803001001,B0B6CEB3BYBBA8A9AtAmAlAfAdAVASAOANAJACBuBwBzByBHBEA8A6ArAmAmAjAjAVAXAOAKAJAE
2409902001001,BbBqB0BqBbBKBTBKAvAlAsAbAdAQAeAQAGAEAABfBjBkBnBYBNBPBLAxAkArAjAjAYAUAZAJAHAE
2410009001001,BnBWBzB9BoBRBBA+AtAyAkAfAVAWAOASARAFADA6B0BiB8BnA6A+BMA5A8AZApAdAaAUAgAKADAA
2410108001001,B1B8CAB9BXBKBAAuAkAhAdAgAdAPARASAHAGABB8B9CNB1BcBCAyA2AnAsAgAeAVAYAVANALACAF
2410207001001,BhBnB1B1BRBGBGBDAzAzAdAiAiAWAbALAEAGACBEByB+BoBKBJBRA6A+AxAdAqAjAfAYATAPACAD
2410256001001,CHB5B1BvBgBRBJBKAmAoA6AZARATAPAMAEAAAABvB6BnBaBYBDBaA9AvAlAjAUASAaAPAQAOADAA
2410306001001,CDCCCFB2BeBGA5A6AzAjAfAkAYAXAMAMAPAGADBtB0B4BoBPA7BBAyAsAqAjAlAjAPAPARAHAKAD
2410405001001,CGCBCABvBSBNBLA1AkAeAeAiAaAZAQAWAJAEAACHB6B3BnBSBJA/AzAkAbAkAjAeARAWARAGADAE
2410504001001,BiBiB3BuBTBSBJA9A5AsAnAkAfAlAaADAMAAAABSBeB5BpBLBEBVA9A4A6AiAzAcAYASAOAHAGAC
2410603001001,BjBkBwBtBfBZBQA2AoAxAiAwAcAcAdARAAAPAGBGBWBbBiBbBCBNA+A5AsA7AhApAaAeAMAOAHAE
2410702001001,BdB8CAB2BLBIBiA3AuAYAbAqAvAQAmANAAALAABRB2BqBqBFBPA0AtAzAzAnAzAeAOAhAaAFAFAK
2410801001001,BZBkCCB1BOA7A8BJAsArAmAiAiAoAYAKAMAAAABZBlCBCGBRA8A7A1BEAxA6AdAtAUANAPAMAAAC
2410900001001,CAB/B7ByBjBDBBA6AoAgAhAWAeAOAOATANAKABB6B9CIBkBVBDA/A3ArAjAgAfAjARAYAKAIAEAA
2411007001001,BhBqBjByBXBVBNA9AsAtApAeAlALAXAKAKAFAEBmBkBkBxBfBVBEA+A9AzAfAoAgARAbAJAKAJAA
2411056001001,BoBpBwBvBxBWBKBMAwArA0AWAaAMAWAEAGAEAABgBjBqByBnBKBTBHAxAoAiAdAaAKATAPAGADAE
2411106001001,BuB5B8BxBoBFA0A7AmAoAaAlAgAkAWARAKALAABwCBByBnBYBEBEA0ArAlAhAqAVAaAQARAHAFAA
2411205001001,BuBvB9B1BaBDBAA5ArAjAoAZAZAOAQAQANADACBuBvB9B2BUBFBHA/AzAoAnAjAeAcAWANAIAJAC
2411403001001,BQBeB1ByBiBUBCBKAzAnAmAbAhAXAbARALAIADBLBaB5BoBgBOBKBAA2ArArAoAbAbAUAVAIAFAE
2411429001001,BYBXCEBqBHBSBQBBBDAlAaAHAzALAaA2AAAAAABjBqB4B8BwAoBGBDA4AZA1AbARAZAtALAPAAAA
2411502001001,BuB7B2BoBnBKBBA6AnAnAjAdAcAVATAOALAJABBrBtByB1BNBKBBA+ArAmAuAYAiAcARAUAPAGAE
2411601001001,CBCDCPBoBZBHA7BJAfAiAzAlAVAIAcANAHAEABBvBrB2BRBcA+BJAsAxAuAtAsAeALAfABARAEAA
2411700001001,B3BrCIB7BQBAA1BCAxAQArArAhARAZAVAGAIAABxCYB5BnBSAzBEA+AnAZA0AtAhAWAGAJAEAAAE
2411809001001,BWBRBqB3BRBZBXBHAxAtA1AkAfAPAKAcAVAGAABRBnBpBkBSBQBKBHA2AtAnAxAlARAPAVAKABAC
2411908001001,BdBrBuB2BrBEBMA0A1A7AqAcAjALAXAGAKACADBUBjBuBiBtBIBEBGBDA2AfAwAgAPASALAGAGAA
2412005001005,B5BvCBBxBlBRBJA5AvAoAcAdAVANAIARAJAFAAB7BzB5ByBgBLBGA8AtAkAeAiAaAMAPAOAIADAB
2412005001099,B6B0BsBnBfBaBSBIAyAiAdAaAOAMAKALAEACABBzBuBtBoBqBgBYBIA3AnAnAXATAQAMAHAHACAC
2412104001001,BNBfB1CGBKBIBDA8A5AoArAkAnAZATAUAOAJACBKBcBsBzBXBRBKBJA0AvBDAfApAOARAFAMAIAC
2412203001001,B5B2B3BtBaBQBGA8AvAjAkAbAYANAMASAIAFADB2B1BwBwBaBNBJA9AtAnAnAgAhAQAMALAJAEAF
2412302001001,ByBxB9BvBbBFBEA4AtAjAeAhAeATAQAPAOAHAEBwB5B3BpBQA/BCA8ArApAfAoAfAbAZANANAHAI
2412401001001,BYBlBzB4BQBKBMBNA+AoApAZAUATAZAYAKAHABBNBjB3BoBlBIBLBOAxAnAoAtAoARANAOAMADAA
2412500001001,BuBpB8BwBCA5A7A6AtAoAoAYAkAUAVAQAIAEAEBrBuB9BvBVBJBEBBA3AzAtAoAkAVAZAQALAFAE
2412559001001,CGCYCRCABYBIA5AzAnAlAjAfAQATAVAIAGAIACCBB+COBoBNA8A4A0AiAjAfAcAWAVAMAJAGAGAA
2412609001001,BlBuB8B0BVBFBJA8AzAjAiAZAgATAVANAKAKAFBmBvBxBqBWBFBDBBA0AlAnAiAfAfASAOAOAMAE
2412708001001,BrBtCEBrBkBWA+AzAqAnAkAgAeAXAOAVAOAEADBfBnBnB6BZBGBFA/AzAkAqAgAoATAWASADAFAD
2412807001001,BYBXB2B3BWBKBHBMA4AjAiAZAkAdAiAPAMAKACBUBeBpBvBQBIBIBAArAoAxAvAfAeAUASAJASAG
2412906001001,BnBxB3BnBMBEA8A5AyAmA1AZAdAVAYAYAOAJAEBjBwB6BfBLBIA7A7AxArAvAlAeAoAbASATAGAD
2413003001001,BdBTBkB/BhBIBKBEAyAkAvAbAuANARAPAEARAFBnBQBzBqBSBJBDBJA2AoAvAjAgAbAhAVAPACAF
2413102001001,ByB3CABxBbBHBDBBAtAlAgAfAoAZAMAUAIAFACB4CPB6BRBOBEBGA0AfAlAjAlAbARAOAZAJAHAD
2413201001001,B5B0B5BnBzBKBDA1A1AfAcAoAZACAaAQAHAAACB6B9B3BaB6BCA9A0AzAgAdAtAaATAKAJAPADAD
2413300001001,BsCCCRCIBKAvA+A7AsAkAkAfAVAVAYAKAJAGAABhB5CUBgBBBBBBA7AoAjAfArA1AWAgAIAJAGAE
2413359001001,BuBvB7B/ByBeBQA9AvAgApATAjATAWAOADAAAABtBgBvB8BdBHBJA6AsAfAhAhAeAKATAGABADAA
2413409001001,BfBlBuBtBZBTBVA/AvAwAjAkAdAeAWAPAHAHAABPBZBgBmBhBNBLBCA2AzAwAfAfAgAYASAMADAF
2413508001001,CJB6CCB/BWBKBHA6AqAgAeAjAiARAWAPAHAGACB0BwBtBoBXBKA8AwAnAkAeAhAoASAWAJAHAFAG
2413557001001,BNBkB2CDBZA1A8BGA3AsA1AoAyASAWAJAKAJAABOBdBwCPBDBBArA/A3A1AyAgA2ANAXAZAMAEAH
2413607001001,BTB3CFBrBbBYBWBNA1AmAnAaARARAPAIAHAEACBTByB5BvBbBdBQBIAyArAhAbAaAPAPAKADABAC
2413706001001,BmCACMB3BfA+A6AyAsAjAgAgAaAUAjAHAHANAABoB9CcBoBKA7AwA3AvAkAsAoAlAQAUAaAFAAAA
2413805001001,BlB7BKCEBuA8AzBDAxAsAuAcBCAZAUAAAAAHAABUBQBgBvCNBZA/BCA8AnAjAXAkAqANAKAGAFAA
2413904001001,B+CBCHB7BpBMBJA1AmAhAiAZAUAUAVAIAGAIACB0B4B1BxBQBFA+A1AlAiAnAdAdAQARATAMADAC
2414001001001,B6B3B/B7BSBKA9A8ArAoAnAXAfAXARANAKAEABBtBxB1BtBbBFA7A6AvAnAiAkAZAaAVAKARAEAE
2414100001001,BUBiB3CABjBEA+A7AzApArAkAaAZAUAPAPAHAABKBcB7B1BeBBBEBDA0AuA2AlAhAaANAWANACAD
2414159001001,BwBoCICFBpBIBJA1ApApAnAhAbAQATAGAOABAABrBmB/ByBmBGA/A4AtAvAlAcASAPARAPAIADAC
2414209001001,B3ByBuB5BuBcBDA7AoAqAfAbAQAXAQATAJADADB4BtBpB2BiBJA/A6AwAhAcAhAcAVAOANAJAHAC
2414308001001,BdBSCFBqByBPBCAiAyAnAwAvAUAbASAPASAWAABVBCBWBvB9BWA3BBAuAqA5AaAzAkAHAKAYAJAF
2414407001001,CAB+CFB7BcBMBDA6AqAjAiAeAYASANAOAGACABB5B8CDBvBTBKA/A1ApAjAjAdAYAQARAIAHAFAB
2414456001001,BtB2B5CJBcBeA3BDA0AYAnAYAhAXAPAMALAFAIBgBkCaBiBCBSBBAxAjAtAjAkAVAbAOANAQAEAC
2414506001001,BiBgB6BzBRBJBEBBAwAvAkAeAfARAaALAHAIABBhBkBtBrBWBLBKBEA8AtAtAlAjAVAaANAMAIAD
2414605001001,BkBtCBCGBpBTBJBGArAjAtAbAhARAPAQAFAFADBkBlB7BpBZBGBDA8AuAmAkAeAWARAXANAKAEAE
2414704001001,BlBsB+CEBbA+A+A9AuApAyAYAfAWAZAPATAHAABkBuB3ByBNBAA2A1ArAqAtAcApAZAeAKAMAEAI
2414753001001,CAB3CdB9BPA8A/A3AsAlAkAeAWAVAFASACAFAAB8B8COCDBNA6A6A1A1AhAhArAbAJAHAMAGADAA
2414803001001,BuBxB3BwBVBMBIBCAtAlAoAYAeAPAMATAMAHAEBzB5B8BqBPBEBGA2AqAlAuAZAcAlAZALAJACAD
2414902001001,B4BsCRBdA+BDBQA+BBAxAxAUA0AOAAAQAAADAABTBzCfBHBdBFBUA/BCAoAHAzAtAZALAEAHAAAA
2415008001001,B4B5CNBnBQBXBEBAAtAeAZAbAFAdAUAJAEAJAACnCKCBB1BTBKAxAyA7AgAZAeARAbAMAEAAAAAA
2500106001001,B9B+CKBtBIA6A9A3AoAlAaAlAcAVANAOAMAFAAB5B/CBBrBMA9BFA4AsArAqAnAjATAbANAIAEAB
2500205001001,BQBpB8CBBiA0A9AuAyAnAlAlAeAeAYAOAHANAABrBzCIByBGBDA5A+AwAxAiAqAnAdAXALAOAJAA
2500304001001,BoB2B4B7BQA8A7A0ArAoAgAgAbAZASARAOAEAFBmB0B0B0BTBBA9A2AwAnAjAsAlAfAhAXAPAHAB
2500403001001,BsBtB8B7BWBDA7A1AsAnAmAYAWAZAZAWAKAIAABlBsB/BxBSBEA/A4AuAnAsAlAlAgAWALAQAKAD
2500502001001,BxB1B+B0BYBIA8A1AnAfAnAcAcATAVAOAJAIADBwB3B2BzBZBPA8AvAxAoAcAoAhAZASAUAOAFAD
2500536001001,BqB+B0BqBSBPBEA4AoAfAjAcAmARAOASAMARAFBwB0B2BiBWBLBHA8AoAnArAWAkAWAbASAMAKAC
2500577001001,BOCBCQCBBkBBBSATAiAhAfAqArAlAGAUAJAJAABUCkBVB7A/BEArA1AYAxAzAtAuAlAEAXAeAAAA
2500601001001,CCB0BvB5BoBXBKA+AqAkAkATAMAVAKAPAGAHABB3BxBwB1BoBXBGA+AoAoAZAdAQAdAMAKAAADAB
2500700001001,BVBeB3B2BVBHA8A+AxAsAsAlAmAUAWARAKAHAABVBfBtB7BZBGBCA8A1A1AvAvAqAVAbAUAFAFAC
2500734001001,BIBfCiB9BmBCBBBFAgA1AmAaAzAZASAGAIAGAAByBwCNBvBpAqA2AqAxAeA3AiAZATAVAEARAAAF
2500775001001,BXBgB1BtBfA9BABGA2AjAqAsAVAZAUAPAPAIAGBUBYB5BpBXBLBHBCAzAsAxAeA1AfAQAXAQAFAC
2500809001001,BoByCBB6BUA/A+AzAqAoAoAhAlAXAPAXAPADADBgByB3BsBNBABBAwAvAtAkAqAmAcAYARASAIAC
2500908001001,BgBsByBwBLA7AzAvAoAlAoAnAiAeAeAZAOANACBcBkBuBmBMBBA1AzA2AzA0AvArAoAmARAQAVAE
2501005001001,B4B5CCBzBcBDA/AxAmAiAmAXAYAWAYARANAJAAB1B3B4BmBSBFA/A1AqAnAiAmArAZAXAPALADAB
2501104001001,BkB5CCCFBcBAA1A3ArAjAgAdAZAXARANAIANACBiB0CBB5BXA9BAA6AwAmAlAiAkARAaARALALAD
2501153001001,BbB7B/CIBiA8BUA1AzAgAiALAfAKAMAWACAFALBzBwCWBjBNBOBABDAiArALAZA0AOAGAeAIATAA
2501203001001,BXBxB+B6BIA8A6A7AqAiAsAYAeAdAZAPAIADADBbBqB7B+BWBJBFA3AxAtAuAsAsAUAWAcAIAJAC
2501302001001,BzB5B7BsBLA8A7AxAtAmAiAhAXAcAbARAOAHABBzB8B8BqBIBABAA5AsArAnAmAuAUAdAMATACAD
2501351001001,CDCGBSB7BmA6BMAkAnAyAqAbAiARAQANAOAAAFBQBTCZCCBRBKArBEAyApA7AUAkAQAaAZAAAOAA
2501401001001,B6CBB/BwBpBUBBA/AqAkAiAWASAeAGAFAHADAAB3CBB7BvBbBGA+A9ApAmAnAZAYAOAPANAHAFAD
2501500001001,BuBvB8B9BVBEA6A5ArAkAeAhAgAeAUAPAKAEABBjBvB+BsBZBABBA4ArAnApAmApAVAYAaAHAHAE
2501534001001,BzBrB6BiBhBNA5A4A0AyAfAdAOAfAYAKAKAMAGBlBYB7BwBTA+BMA5AtAcAxAjAiAlAHASAVAMAM
2501575001001,BvB2B/BxBLBDA2A7AsAwAtAfAeAZATAUAQAFABBjB4BzBmBMBCA/A4AwApAwAoAbAcAYATAOAFAB
2501609001001,BsBwCEB4BbA9A8A0AxAoAjAhAhAQAWAOARAHAEBsBgB+BoBaA5A5A4A1AtArAkAjAdARASALAHAD
2501708001001,BkByB+BsBSBBA0BTAxAsAlAhAbAUAVAQALARAABgB4ByBmBDA5BSAlA5ApAvAhAZApAeAZANACAD
2501807001001,B6B1B5BzBsBQBLBEAvAgAYAaAVAJAIAHABAAABB2B2B6BwBlBaBVA/AyApAgAbATANAKAHADAEAB
2501807001002,BwBmBkBsBuBcBOBDAtAlAlAUAXAOAGAKAFACAABrBnBnBsBuBZBUBHA0AxAhAlAfAOARARADADAB
2501807001003,BbBfBhBpBuBWBRBAAvAkAmAZAZAYALAGAHAFAABcBeBjBrBqBfBYBIA3AuAhAuAlATAbAPAIAHAB
2501807001004,BhBmBjBnBpBcBXBAAvApAoAUAcAMANAEAFACAABfBiBpBrBtBgBfBLA3AwAwAcAeAQAOAEAIAHAE
2501906001001,BjBqBuBvBeBCA8AzApAnAlAiAeAZAdAYANAFABBfBkBvBvBaBGBAA3AtAxAnAxArAeAlAOAPAFAB
2502003001001,BiBxB0B0BiBUBFA+AoApAlAjAlAQAUARAKAEAABWBjBwBlBVBMBBA/A5AuApAmAgAYAeALAGAIAC
2502052001001,CFCPB4BuBMAhBCAtAnApAlAsAZAWAaACAAAEABBnCICxBgBTBHAoBEA/AzAoAHAdAPAQAdAEAEAA
2502102001001,BjB1B6B+ByBFA6A1ApArAlAZAUAYALAMALAHADBnBpB+CEBmBLAyAyAwAvAoAjAbASANAKARAIAE
2502151001001,BbBoBzBsBlBCBDA7A6AtA1AWAfASAWATAQAEAABTBjBxBhBgA9BKBCBAAvAeAmApARAsAZABADAB
2502201001001,BwBwCHB3BqBOBDA0A0AmAyAZAWAZAYALAIAAADBUBlB7BhBVBCBIA4BEAsArAiAkAPAKAKAIAGAA
2502300001001,BcBbBkB1BLBGBLBGAvAqAdA7AhAUAeAKANAMADBUBaBgBpBXBBBIBHAyAxA0A8AqAeARARASAGAC
2502409001001,BpBzB9B6BcA/A+A8ArAnAhAhAYAOAWAMAGAIAABxByCHBuBhBIA7AyAuAsArAfAeAbATANAJAEAE
2502508001001,BjByB/ByBWBHA/A9AxAiAsAYAWATAYAOAHAJAFBfB2B3B2BOBIBBBAAwArA7AXAdAfAPARANAFAC
2502607001001,BsBoB/B8BMBAA4A5AxAoAqAlAeAPAeAKALACAABbBnB7B7BNBCBCA3A6A3AxAnAjAiAXAMAHAEAA
2502706001001,B3BwBuB/BZBGA0AyAqAnAmATAbAhAXALAUAFACBvBtBzB7BaBBA3A1A0AjAiAtAuATAWAOAQAEAE
2502805001001,BhBpB5BvBeBKBFBKAzAnAmATAmASATARAIAEABBkBlBuBiBZBLBJBEA5AtAqAhAcAWAaAQANAFAA
2502904001001,BkBqB4BrBYBJBEBGA3AqArAaAYAaAUASAQAKADBTBdByBjBRBEBGBEA3AwA6AcAgAcAQAaALACAE
2503001001001,B7B6B3CCBpBWBDA7AyAhAXAdASAUAJAGAEABACB8B2BzB6BmBPBGA1AnAsAdAXAYANAUAKAHABAA
2503100001001,BMBlCBCJBaBAAzA6AwAfAwAjAjAdAJAPAOAGAFBaBoB3BbBRA/BIBDA4A0ApAsAcAWAhAdAUADAD
2503209001001,BlBkBoBqBiBUBRBMA5AqAjAXAXALALAHADACACBiBdBlBvBrBgBYBQBAAvAkAfAcAUAPAMAEACAE
2503308001001,BoBzB+B9BZBGA9A1ArArAsAhAfAYASAVAKACACBpBtB3BnBJA9A8AwA1ApApAuAtAaAQARAOAFAD
2503407001001,BTBuB8B1BdBKBHA6AmAuAjAtAYALAWAhAMAJAGBaBpBzCIBXBWA8A0AkAlAoAcAsAWAFAdAFAHAD
2503506001001,BuB/CRB2BLA0AzA1ApAeAhAjAhAWAVATANAEAABnB1CRB0BAA4A6A7AtAmAhAwArAfAXAWAOAFAB
2503555001001,CGCFCLB2BPA3A1AqApAiAaAfAUAaAaAJAGABAACICFCPBxBIA/A0A3AqAiAbArAhAdAQAOAJAHAE
2503605001001,BwBtCAB0BJBIBFAxAqAhAbAqAeAgASAYAKAFABBYB1B5BnBiBKA/A6AmAlArAnAeAZAdATASADAD
2503704001001,BdBhBqBtBeBGA+A6AwAuAkAjAgATASAPAHAFABBZBfBuByBlBLBIBCA7A4AsArAkAZAYAWAHAGAE
2503753001001,BiBtCIB/BSAzA7BAAyAwAdAhASATAeASAaAEAABkBnB9B/BLBNBABAAuArAuAZAaAgAeAFAEAEAA
2503803001001,B5BxB0BpBSBFBIAyApAiAvAdAUAdAUATAEAGAGBgCABxBlBPBUBKA0AqAnA1AkASAsAYATAIAEAC
2503902001001,BtBdB4BjBZBKBHA4AwAsAkAgAlASAVAbAJAKACBgByB4BVBPA+A9A6AxAoAyAtAuAbATAjAHAJAE
2504009999001,A/BABOBUBUBJA9A8A4ApAoAdAYAWAgAaAMAHAEA+A/BLBfBjBPBSBZBCBDBCAyA9A3AuAjARAXAJ
2504009999002,BHBRBYBmBfBJBFA9AwAoAoAdAjARAPARAKAFAEBDBXBZBtBiBXBXBMBEA9AtA1A3AdAaAeAXAIAB
2504009999003,BfBiBnB1BiBQBGA6AyAoAiAeAWAQANAWAFADADBdBbBqBrBkBQBKBGA8AuAyAmAjAcAWAUALAIAD
2504009999004,BhBcBgByBmBOBCA+AzAvAxAcAhANAIARAGACABBVBVBiB4BuBSBIBJBCA5ApAwAjASAMAPANAJAD
2504009999005,BeBbBkBtBgBOBBA8AxAsAfAfAaAVAPAIAIAIAABZBYBkB2BpBVBNBJA/A2AtAuAgAdAWAQAOAEAF
2504009999006,BhBhBfBrBiBJBHBAAyAoAiAbAdAOAUALAFAEACBcBbBhBwBmBWBRBIA7AyAuAjAlAjAdAVALAEAB
2504009999007,BcBZBoBmBaBIBLBEA4AuAfAbAaANAJAOAGABAGBYBWBaBuBnBbBeBVBIAyA6AcArATAaAOAKADAD
2504009999008,BgBkBjBpBcBWBMBJA4AuApAZAZAMAKAIADABAABeBjBnBvBhBkBYBQBBA3AvAcAaAQASAIALAEAA
2504009999009,BRBOBcBmBaBCBEA/A4AsAgAjAaATASAGALAFAEBMBSBeBtBiBVBaBTBHA/A9AhAnAnAZAaASAIAC
2504009999010,BgBfBoBrBfBNBMBLA5AvApAXAQANAHALAGABAABdBiBtBwBpBeBaBWBDA3AvAVAeAOATAEAGACAC
2504009999011,CDCAB1BsBbBSBMA8AxAiAgAUAVAJAMAJADAAAAB/B6BvBrBhBXBRBGAwAkAmAWATARANALAHACAB
2504009999012,BkBoBoBlBYBTBQBNA5AnAhAXAXAMAIAEAIABABBiBeBnBsBuBmBjBRBBAyAnAcAWAOATAIAMACAA
2504009999013,BjBkBmBpBcBMBJBGA6ArAiAWAZAIAQAJAGADADBcBbBqBwBnBZBaBNA+AxAnAoAjAWAWAJAJAFAE
2504009999014,BiBsB2B3BeBLBAA8AwAsAYAkASATAMAJAJACABBbBnB0BwBkBPBOBGA6A1AkArAeAaAMAUAGADAC
2504009999015,BgBlBwBwBrBbBQA9A6AqAmAZAXAMALAJAJACACBfBmBqBwBhBSBNBFA7AwAmAjAfAQAOAFAOADAE
2504009999016,BpBwB3BvBYBPBPBQA5AqAbAWAKAMAFADADABABBmBtByB0BiBZBdBaBBAyAjAVATAMALAJAFABAC
2504009999017,BpBvBxBzBfBKBEA5AsAlAlAdAdARAWAUAHAFAEBnBqB4BuBaBNBCA7AuAnAsAjAjAZAZAOANAHAB
2504033001001,CCB6CNB+BjBKA7A3AwAsAjAWAgAUAGAKACADACB3B7BsByBaBHA1AsAhAmApAgAmAVAQAPACAHAG
2504074001001,BHBkBwBhBUA8BFBDAvAwA0ApArAdAcAYALANAJB2B0BtBjBPA7A2BFAtAmA2AhAhAVATARATAOAA
2504108001001,CoCKBxCIBJA2BSA8A7AkAXAaAlAPANATAFAAAACHCTB7A6BKBYBEA0AoAbAZAxAOAWAHAMAAAAAA
2504157001001,BxB6CHB4BPA/A8AzAtAfAsAfAgAXAVAOAGALAABoB5CFBtBJA7A/A5AoAsAqAlAfAYAbAPAKAKAA
2504207001001,BjBoCJCLBbA6AzA6AqAyAZAjAjAPAUALAKACACBWBiCQB2BpA8A9A+AqAnAvAjAfAcAgAJAOAGAA
2504306001001,BZBjB0B2BeBGBDBFAxApAjAbAaASAQATANAFACBTBfBuB1BhBNBJBJA8AyAsAfAiAXAUATANAEAD
2504355001001,BlCGBuBYBgBIBJBBA0AaAbAkAZAYArAMAJADAABeBVByB2BaBNBOBCAjA0AsAyAfAWAWAKAGADAE
2504405001001,BmB4CCB7BiA8A9A8AwAoAlAeAdAOARAMAFACABBbBZB+B6BgBQBAA7A0AtAqAmAhATATARAPAFAA
2504504001001,BQBsCLCBBOA2A3A7AxArAeAqAeAQAhATAIAFACBKBgB1B9BYBBBDBJA4AwA0AgAkAiAiAJAJACAC
2504603001001,B6B5B9B3BmBUBEA+AuAmAgAZAWAQAMAHAHACACB5B7B0BvBoBVBIA1AuAmAiAYAYANALAIADACAC
2504702001001,BjByBgB+BjBLBBBPArA1ApAXAUAPAdAZAMABADBVBnB6BMBJBJBMAxAxA3AyAkAZAaAfAUATALAE
2504801001001,BhBkB+B6BYA+A/A6AwAnAlAeAgAVAOANANAHABBhBlB3B7BfBGBCA+A2AuApAnAnAVAVAQANAHAD
2504850001001,BEBhCbBPBjBQBIA+A2AuAqAnAoARAWAQAVAXAABGBBBNBuAuBBBPBCAqAZBYAjA/AhAqAaAPAVAA
2504900001001,B6B3BrB6BjBbBKA8AuAkAbAZAXAWAQAMAIABACBzB0ByBuBoBNBCA2AtAmAmAhASAWAMAMAFADAE
2505006001001,BmBsB2BmBdBCBKA+AuAcApAgAeAXAVAUAOAMADBkBmB8BqBbA7BCA6AtAqA1AgAnAUATATAQAMAE
2505105001001,BgBeCAByBSBAA/A3AwAnAlAjAkAZAXAPALALAFBfBfB8BjBQBJBGBAAvAwAqAoAnAeAZAWAVAEAD
2505204001001,B3B/CEB/BXA/AxAxAoAgAoAhAaATAWAXAJAEAEB0B0BxBqBcBBA5AuAqAvAWAoAqAaAYAQAMAGAH
2505238001001,BwBqCTBvBUBHA/AvAxAoAiAcAhAbAUAaAHAJAABnBrByCCBVA5A8A6AvAkAlAmAlAZARARAJAFAE
2505279001001,B8B7B3B3BVBGA2A0ApAlAtAcAhAYAYARAKACAEBoB8B+BgBPBBA+AoAlAtAtAaAjArAVAIAYAEAB
2505303001001,BsB0B8CABpBYBIBDAkBAAbAtAUATAAADAIAKAABuCBBxBzBdA3BCArAsAdAcAlAXAYALAGASAKAF
2505352001001,B+B9CWB5BYBCA1ApAxAeApAVAlATAPAaALAFADB9BhCCB0BQA0BBA3ArAqAmAdAcAVAYAEAPAAAJ
2505402001001,BoByB/B/BaBDA6A0AoAlAnAfAaAWANAPALAHABBxBxCDBwBPBFBFA1AoAwAsAnAjAXAIAYAKAIAA
2505501001001,BnB4B1B0BiBSBFA4AvAcAlAiAYAVAhAFAEAMAABaBgBvBzBvBaBDA4AoAzAoAhAZAPAOASAEAMAF
2505600001001,BlB8CICBBkBMA4AtAsAmAeAjAWAWAJAWAFAFACBvBqB/B1BlBAA8A1AyAoAhAoAcANAYAQALADAA
2505709001001,B7B7CFB3BUA/A5A1AoAfAdAjAcAXAcAUALAFACBxBzCABuBMA7A4AvArAjAxAfArAYAYAMAQAKAC
2505808001001,BlBwBwB9BJAyA8AvAnAoAlArArAjAXAUAXACAABsBhB4BdA/BLAhBSAzAbAyBEAmAdASAiAQAPAA
2505907001001,CBBlCCCLBpBMA+AuAXAnAZAiAqAeAFAPADACAAB0BkCECEBoBDA3AqAzAnAjAsAnAPAMAEAJACAA
2506004001001,BmBhBzByBgBJBBA5ApAlAjAhAaAXAWARAMAIABBiBeBxBwBhBIBEA8AyAsAxAlAoAaAaASANAFAD
2506103001001,BpB/COB8BAAxAzAsAkApArAeAbAXAaARAKAJADBjB+CGB4BIA5A9AyAsAvAyAmArAWAbAUALAFAD
2506202001001,BJBbB2BwBaA7BCBGAxAzAzAUAWAWAsAcASAGAHBSBPB7BzBNA+BEA4BCAeA+AhApAYAVAlARAIAA
2506251001001,B1CHCGCABJA8A5A2AnAqAiAaAZAPAZASANAEABBqB7CCBwBLA2BAAsAyAtAoAoAiAaAWAPANAFAD
2506301001001,BhBlBvBwBeBKBFA6AyAmAcAhAdATATASAIAFAABeBlBqBsBjBUBOBCAzArArAkApAaAbAPAIAIAE
2506400001001,ByByBvBzBiBKBIA1ArAjAlAdAdAZASAPAKAGACBkBtBrBuBgBMBCA4AuAmAeAtAjAYAWAUAPACAD
2506509001001,BYBpB7BpBIA8BDAvAoA6AbAuAqAOAgATAWAMAABgBYB6BiBSBKBDAvA2AnA2AkAmATAfAfAZAQAG
2506608001001,BmBuCAB6BWBIA8A7AvAoAkAjAZAXAXAJAPADAABcBpBxBnBPBHA7A5A5AvA6AjAoAeARAXANADAE
2506707001001,CFBzCOCJBdBAA4AtAjAkAgAaAUASAOAQAGAHABCCByCFB9BbBBA4AtAtAoAiAkAhAVANAKAHAEAB
2506806001001,BpB3B4B6BcA/A5A2ArAoAmAbAaAVAYASAJAGADBpBuB0BzBUBDA7A2ArAuAgAsAfAgAfAOATAJAE
2506905001001,BbBfBxBpBZBJBEA9AuAnAjAfAhATASAVAJADAFBcBmBvBlBbBQBJA/A2AwAtAqAmAgAVAVASAGAE
2507002001001,BjBsByB/BqBLA8A+AoAlAqATAaAbANAQAHAEAABbBhB3B8BoBRBGA5AyAuArAgAhAUAZAOAJACAC
2507101001001,BqBuB9CGBbA9A4A3AxAnAlAiAnAUAZALAHAGAABjBvB2BhBZA/BBBRAnApApAmAdAcARATAOAHAA
2507200001001,BkB6B6B5BaBFA5A0AnAqAcAmAWAWAVAOAKAHAEBlB2CABuBSBGA/AyAzAwAoAqAhASATAYAOAJAA
2507309001001,BsB2B+B3BQBFA6A6AuAlAoAhAdAXAUARAQAGAEBnB1B1BuBLBFA8A5AqAoAsAmAmAcAWAOANADAC
2507408001001,BdBwByB2BOBDA5BEA2ApAkAgAhAYANAQAOALAGBnBpBrBlBWBCBKBFA4A4AlAvAfATAYANALADAE
2507507999001,BDBHBcByBYA+BDBMBEA/AlAuAVAJANAHADABAABCBHBeCGB9BcBaBdBXBKA3AjAbAUAOALAFADAA
2507507999002,BnBrBuBvBqBXBQBCAzApAfAXARALAIAHAGADAABlBpBrByBsBaBUBIA4AxAqAWAdARAMALAFAGAB
2507507999003,BRBWBjBuBfBNBLBFA0AxAkAgAYAOALALAHACAABNBUBhByBrBbBbBTBFA+ArAsAkAXAUAQAFAEAD
2507507999004,BWBPBaBmBZBPBJBAA1ApAkAdAVAUAVALAKAFAABUBLBeBrBiBZBRBSBHA1A2AmApAmAhAcAMAJAE
2507507999005,BdBkBqB0BiBMBEBBA1AuAnAdATAPAKAFAEACAABbBeBqB5BtBcBTBJBCA7AuAfAaAPAQAIAJAHAC
2507507999006,BaBZBgBiBfBNBNBFAzArAlAeAUAWAPAMAGAFABBSBXBgBqBlBbBfBPA7A0AqAuAcAnAYAUANADAG
2507507999007,BWBNBTBZBrBZBUBKA1AvA5AYASAPAMAIACAAAABRBNBVBrB/BsBjBVBHBAAzAlAbAVAOALAFAEAB
2507507999008,BnBmBlBnBkBgBTBFAxAtAjAXAVAJAGAFAFABAABqBpBkBoBvBnBcBHA7AyAkAhAWATASAHAEAEAA
2507507999009,A7BCBMBpBdBDA4A+A6A2AwAhAiAUAOAIAKAIABA4BBBXB/B5BYBPBUBPBGA6A4AsAhAlALAOAKAH
2507507999010,BfBqByByBmBSBKBLA5AuAiAVARAMAHAGACAAAABgBgBtB0BrBeBUBTBGA3AjAeARAOAJARADACAA
2507507999011,BkBhBiBjBlBbBIBDA1AmAYAkASARAOADAEACACBkBkBfByBsBiBZBTA5A1ArAlAeASATANABAHAA
2507507999012,BUBaBoBmBcBPBPBOA9A0AnAZAPANAJABADADAABRBXBhByB1BoBmBfBMA5AxAZAYAKAPAJAHAAAA
2507507999013,BhBbBfBlBWBbBcBMA+AtAeAcAOAFANADABAEAABaBaBcBuB1BvBrBYBHA5AoAbAVAUAMAHACADAA
2507507999014,A5BDBQBXBPBDBFBCA5AvAmAjAfATARATAQAHADA3BDBSBhBkBQBMBXBNBGBBAyBAAtAnAkAcAPAH
2507507999015,BwBuByBqBlBWBRBBA0AnAgAZAPAOAGAJADADABBoBsBwBvBnBdBZBMAzArAkAbAYARANAFAFAEAD
2507507999016,A2BABYBuBgA8A5BBA4A3AyAoAcAZAPAEAFAFADA2BCBWCEB1BXBZBXBUBMBGArAtAWAdAPANACAC
2507507999017,BsBvBsBxBkBUBPBFAzAjAZAYAUAPAFAHADAEABBpBmBnByBsBfBaBLA4AtAkAdAaAQAUAIAGADAC
2507507999018,BZBcBpBwBiBPBUBSBEAyAhATARAJAHAGACACABBSBcBpBvBpBcBhBgBQA6AlAcAVANAMAHAHADAB
2507507999019,BjBeBhBsBnBUBNBBAyAqAiAaASATAQAJAIACACBaBcBiBoBrBgBWBLA5AvAwAgAhAcAVALALACAE
2507507999020,CBCBBtBaBcBgBiBPAyAiAYASAPAKAFAFACAAAACAByBvBeBqBuBrBOAxAhAXARAMAMAHAGAGAAAD
2507507999021,A8A/BNBoBYBFA3BLA/AxA0AhAfAQANAPAIAEAAA3BGBSB/B4BbBMBJBMBJA/A3AwAiAmAUAPAHAB
2507507999022,BhBjBgBpBtBXBWBGAwAlAgAaAUANANAKAFABAABdBiBjBuBmBcBUBMA5AyAxAfAhAXAXARAEADAB
2507507999023,A9BGBVBhBSBCBFBFA3AuAqAVAfAPARAUAOAFABBDBGBVBpBfBUBbBZBNBDBAArA+AnAiAfATALAF
2507507999024,A7BGBSBbBaBGBDBAA1ArArAnAhAhAUAOAFAFADA2BGBSBsBqBdBVBSBFA+BGA4AvAuAXAfARAKAE
2507507999025,BLBbB3B4BYBEBHBOBMAvAhAYATAJALAGABADAABLBaB0B5BfBTBYBoBWA8ApAdAZAUAOAJACADAB
2507507999026,BjBmBmBjBkBWBPBBAyAjAhAbAZAJAJALAFABABBpBkBkBsBtBdBfBJA2ArAtAjAbAcAUANAJADAB
2507606001001,BuBsBzB5BTBEBDA9AvAfAgAZAhAWAMALANALABBlBwB9BqBiBGBEA3AuAiAdAvAiAkAZAOATAHAD
2507705001001,B1BvCEB6BoBDBAAzAnAjAfAgAZAVARAQAGAEAEBsBvB9B8BbBEA9A4AuAmAlAfAgASAUAQAMAEAE
2507804001001,BgBrCACCBaBEA6A4A6ArAjAeAYAWAOAaAOACACBfBrB0CABWBBBFA/AvAsAlAiAYAcAbARAJAAAC
2507903001001,BwB5ByBvBcBAA6A+AoAlAkAhAiAZAVAYAGAHABBfBwBwB2BaBABCAzArAtAmAoAvAUATARANAHAF
2508000001001,BrB6CWCABSA+A9A0AoAqAhAgAaAOAXAQACACABBuB+CDBxBUBGBBAyAuAtApAgAcAXANALAJAIAB
2508109001001,BfBoB5B0BmBHA7AqAtArArAbAkAWALAPAIAOAEBSBnCDBuBOBDBCBCA1A4AwAhAsAYAYAPALAIAC
2508208001001,BqB1B5BoBJA/BAAzArApAqAiAcAfAZAVAQAFAFBhB4B6BlBBBGA8A6AsAqAqAnAsAmAgAaAKAEAA
2508307001001,BoBnBwB1BfBKBCA7AxAkApAgAcASAQAMANAHAABqBtBvBsBcBQBHA/AxAlAsAgAdAYASASAMAIAE
2508406001001,BRBaB5CLBbBMA6A2A6A4AyAnAdAVASAOAIAEAKBPBdCAByBgBDA4A7AyAvA7AdAvAMAPALAPAAAF
2508505001001,ByBpCIB7BTA9A7AyAmAmAjAgAbAZAQARAOADAFBuBoCHByBTA/A8A2AnAvAnAnAnATAfAXAHAHAE
2508554001001,BgBxCCBmBaBBA/BDAjAeAWAxAgAbAbAPAJAAAAB1B+B6BiBZBDBDA9AiAgAoAuAkAXAtANAEAGAA
2508604001001,B+B1B8B9BnBSBCA5AzAnAkAXATARAQABAJAAABBrByBvB2BwBNA+BBAnAwAgAcASARAQAPAFABAC
2508703001001,BdBkCCCABXA/A0AvAeA0AYAoATAeASAKAYANAABfByCSB0BPBLBHA0BCAlAdAuAhAXAZAUAGAFAA
2508802001001,BtBhB4BmBQBCA5A8A2ApAtAdAcAUAlASAIAHAABfBcBzBoBSA/BKBHAzAyAxAcAmAjAmARAHAGAF
2508901001001,BxB1B0B0BfBMBFA5AwAoAjAaAXARAOAPAJADABBxBuBxBtBcBPBHA7AwArAmAgAdAYAUASAJACAB
2509008001001,B+CBCWCABSA+A5A1AtAaAgAgAXAPAMAMALAHABBmB2COBxBQA/A/A2AjA1ArAjAqAKAMANAKAHAC
2509057001001,B3CLCSB+BhBFBFA6AlAnAeAaAPAYAOAJALABAAB1CFCABmBQBGA3AzAjA7AZAiAdAZAPAFABAEAD
2509107001001,BfBmB1BxBdBEA9A4ArAoArAfAeAXAUAWAJAKAEBkBhBqBrBcBIBDA9AwAsAuAoAlAhAZAUAPAGAE
2509156001001,BZBlB0B4BgBKA/BCAwAsAtAeAeAOAVAPALAFAEBMBXB7BsBlBIA/BEA3AuAzAhAmAYAbAVAJAHAC
2509206001001,BqB2ByBtBKA8A7AyAsAmAiAlAdAWASAXATAGABBkB0B9BoBTBNA4A2AuAmAqAuAtAhAZAaANAEAG
2509305001001,CABxCJB4BpBSBEA7AtAjApATAQARAPANABAFAAB9CFB3BqBZBRBFA5ArAiAlAVAZAPAIAIAEAFAB
2509339001001,BtCQCXBoBCBOA5AsApAlAiAbAeAWAWASATAHADBvBkBdCHBYA2A/BEAwAdAkAlAsAYAXAQAUAAAA
2509370001001,BlB5BlCeBkApBCA/AdAwAcAfAWAYAMAMAKAWAABTB9CNBJBgA8BSA6A/A8AcAqALAWAUALAXAGAH
2509396001001,BwBkCaB5BeBCA4A1AiAhAjAeAWATAGAQAQADAAB0CAB8B2BSBKBAA9AkAwAhArAoAQAVAPADAEAD
2509404001001,BrB2CJCBBXBAA/AsAvAiAfAhAVASAVATAJAIACBwB1CAB1BYA/A9A5ApAnAkAmAdAaATARANAEAD
2509503001001,BqBjB1CMBbA5A7AwAxAhA1AwAjAYARAFATACAABeBjB8BtBJBAA+A4AwAvA0A+AgAhAKAbABADAA
2509602001001,BjB0CGB7BUBHA2A0AtAjAaApAgAcAUAIAZAKAABqBpB+BnBOA+A6A0ArAzAyAhAkAeASAcANAAAF
2509701001001,BhBkBuBtBWBFBGA+AuAqAjAiAfAcAaAVAKAFACBeBgBrBoBYBJBFBDAzAuAsAmAqAbAaAWAMAIAC
2509800001001,BgBjBlBzBhBJA+A0AoAlAiAhAeAdANAVALALAFBeBlB3ByBvAyBDA6AwAhAnA0AmAhAfAUAMAQAE
2509909001001,BwB4CFB7BRA+A1AvApAnAjAbAfATATAOANAKABB0B+CJB0BXA8AxAxAuAtAhAhAjAXAYALAOANAD
2510006001001,BbBkB4CDBfBFA9A7AvAwAwAbAeARAYATAIALABBbBnBhB5BXBDBDA2A3A+AsAmAZAgAVAQAJAGAA
2510105001001,BtBoBzBrBSBKBAA4AeAgAfAoAdAdAVAVAIANADBoBwBzBjBXBLBLA7AyApAsAmAhAeAdAQASAFAC
2510204001001,ByB7COCEBcBAA3A3AlApAfAbAOASANAFAHAHAABtB8COB+BeBEA4A3AzAtAfAnAdARANARADAHAA
2510303001001,BfBaBvB3BoBFBEBDAwA0ApAiAkAkAOAJAEAHADBcBRBqBxBcBFBJA+A3AsAuAkAcAqATAcADADAB
2510402001001,BuB7CFCABaA+A1AwArAqAcAkAYARANAQAHADAABsBhCUB/BWBKBBA4A1AtApAkAlAKALARAEAEAE
2510501001001,BfBwBjBuBaBXBMBAAlApAiAnAWAqATAeAJAEAEBjBYBwB0BTA8A6A2A8AmAmAnAqAaAdAfAGAHAA
2510600001001,BbBpB2BqBcA8BKBFA4ArAnAcAYAfAYASAFAeAABRBiBzBsBPBDBGBFA3ArAvAcA0ATAUAUAQAAAA
2510659001001,BCBwB7ByBhAuAiBgAxBHAeAWBEAIAWALAWALASA2BlBXB2BIA8A2BKA2A0BJAmAsAmAHAWAFAeAA
2510709001001,A7CHCECSBSBWAkBKAzAkAsAiAaARAdAPAPAFAAB2A/BoBoByAwBJAxA3AwAdAoAkATAnAPATAHAA
2510808001001,BuBoBxByBkBMBGA8AxAuAhATAOAPARAJAFADABBrBhBvB8BoBWBJBGA7AuAbAoAkAPAZAGAIADAF
2510808001002,BOBhBqBxBZBLBIBAA3AqAiAcAXASALAMAIAEACBSBZBqBxBlBWBWBXBDA2AvAjAdAXAWAUAOADAD
2510808001003,BqBlB4B0BnBMBBA6AsAlAmAUAXAQAPALAJABACBnBrByByBnBVBLBCAyAtAqAhAcAUAQAXAGAGAF
2510808001004,BMBVBbBmBUBJBBBCA0AsAmAcAYAOASAQAPAEADBPBOBfByBrBaBXBRBEA4A1ApAqAiAhAZANAFAA
2510808001005,BvBsB9ByBlBOBEBCAtAnAlAaAWATAQAIAGADAABuBpB1BxBwBPBGA1AtAwAoAaAeANAPAPAJAFAC
2510907001001,BYBnB3B4BZBOA+BEAxArAiAlAaAZAQALAHANADBaBmBuBtBbBJBJBBA3A2AvAdAhAVAWAPAJAJAB
2511004001001,BnB4CMB9BpA+AxAxAmAqAXAjAiASAaAFAHADADBpBrBzCIBqBIA9AxA5AxAfAkAcAOAdANAEAAAA
2511103001001,BbBiB+B8BbBCBFA7AzAjAvArAiAUAbAOAKAFAEBdBcB8B2BMBBA+BAA3AoAsAjAaAcANAUAQAEAM
2511202001001,B1BzB6B5BlBNBCA4AsAmAlAbAeASANAMANACABBwB0B2ByBgBIBCA4AqAqAfAgAeAVAQANANADAB
2511301001001,BVBrBmBzBbBFA/A5AtAsAnAeAfATATAUAJABAABbBgBzB5BgBOBLBBA6AxA5AeApAaAUAJANAIAF
2511400001001,BtBqByBqBTBEBAA9AqAmAtAdASAeAYATAMAMACBxBhB3BoBUBMBHA8A1ArAoAiAjAcAXAUANAHAA
2511509001001,BnBrB1BrBmBLBNA0AoAqAgAfAYAWAVANAHAGACBzBrBuBrBiBQBFA2AuAnAvAbAcAeAVASAJALAC
2511608001001,BxB4CQCKBsBHA0AtArAVAlAWAWAWAWAQAKAKADBsBsCGB2BZA+A4ArAxAkAmAYAdAbALATAQAIAG
2511707001001,BsB6CCCGBXA3A5AvAmAnAmAbAaAbAPARAQAGAABsB+B7B/BPBDAyAzA5AtAmAfAYAdATAZAKABAA
2511806001001,BjBxB5B1BaA3A6A5AsAlAmAcAYAVAXAWAPAHABBqBpB2BqBdBFBAA4AuArAiAoAmAlARAbAOAJAI
2511905001001,B6B2B2CBBvBYBIA6AtApAcAeARARAMAKAGABAAB2CABzBwBjBNA/A6AuAnAbAdAZAQAKAEAHADAB
2512002001001,BpBvB8B4BZBLA/AzArAnAqAdAhAVASARAOAEADBkBkBwBoBcBLA/A7AwArAwAgAiAaARAWAOAHAD
2512036001001,BvCICVCBBOBIA7A4AmAjAjAcAbAOAaAQAAAAAABxBsCLB3BeA2BDAxAxApAVAqAnAPAUAOACACAE
2512077001001,BSBjCMBrBDA7A3A7A5AzAwAnAtAWAZAMAZAAAGBMBhByBjBNA+A8BCA1A0BEAlAxAcAYAXAJALAA
2512101001001,BWBgBsBpBaBNBBA+AvAsAoAeAjAUATAOALAFADBXBZBrBxBdBNBKBFA3A0A2AjAnAcAcAUAMAHAD
2512200001001,BaBqB7BrBvBIBBBJArAmAlAYAdAdAlAJAEATAABPBVB3BiA1BFBEA5A2AxAvApAkArAgASASAPAE
2512309001001,BmBwB/B2BdBAA6A3ArAlAkAcATAUAWAVAIABABBmBuCEBxBgBKA+A8A0AuAeAuAmAVAXAPALAFAB
2512408001001,BiBsB/B9BaBGA+A1AsAnApAhAfASATAUAOADABBiBnB0BsBZBGBAA7AzAuAlAoAkAXAfAOAMAFAD
2512507001001,BvBuB3BqBRBJBGA8AuAlAdAfATAVAQASAJACADBoB4B1BlBdBPBTBAAyAoArAgAhAbAVATAFAHAC
2512507001002,BrB4B7B0BMBCBAAwAtAmAzAaAcAWAOAZAMAFAEBuB4CCBtBQBBA+A9AtAqAsAjAeATAWAXAHADAF
2512606001001,BoBlB6CCBgBFATA/BAAJBhAnAAAXAqAUANAaAAB7BsBkBSA0BIBoAwAOAiA6AvAuAaASAUAMAAAA
2512705001001,BhBqB1BqBSA8A7AzArAlAnAeAXAdAVAbANAIACBhBtB8B1BYBEBBA8AyAqAoAoAxAeAZAXALALAB
2512721001001,B4BvBlCFBTA7A5AzAhAoAsAkAkAfAQAiAHAJAABoBwCQBXBLA+A9AyAoArAjAyAxAaAdAQAIAFAE
2512747001001,BzBpB9CABhA9A3AwAhAjAuAjAUAYAYAMAPAPAABtCCB8CGA7BKA5AxAuAkAfAeA5ASATAKAMALAC
2512754001001,BpB0B5B3BXBWA3A9AuAiAbAXAiAWAOANAUAGACBoBnB0BsBVA6BEA0AoAxA0AkArAUAeANAMANAG
2512762001001,BhBoBxB+BUBFA/A+AqAsAaAhAsATAdAHAQAKADBcBpCAB1BkBRA+AyAmAoAkBFAbATAeAJAAAAAG
2512788001001,BiBKB5BqBIA7A9AuBDAmAxA7AHAXAHAIAAAIAICMCnB5CXBsA6BVAmAvA1AZAHAUAVAIAOAHAOAH
2512804001001,BfBzCKB5BfBOBCBAAsAuAhAeAWAVAVARAJAFAABcB0BwB4BHBGA9BFA0AqAvAeAaAWAXAMAJACAD
2512903001001,BhBvBsB1BcBLBABBA0AqAkAbAeAXARAKAKAHADBgBmBqBoBXBMBDA+A0AwAtAgAmAYAeAbAMAEAD
2513000001001,BoBnCJCABkBFBAA2AqAjAkAfAJASAtAVAHAIAABnB3BrB6BbA+AzApA0AtAtAdAaAWAjAPAKAKAE
2513109001001,BdB1B0B9BOA6AzAvAxAoAnAnAgAbAXAUAQAKABBbBpB1BrBKA8A7A6A3AuAtApA0AgAbAPAVAMAD
2513158001001,CCCECDB3BiA9AwA7AlAkAXAmAlASAcANAIAAAACEB7CiB7AxA3A1AvA2AbAiAeAmAYARAMADAEAA
2513208001001,BLBRByB8BdBIA1A+A0AuAoAqAlAaAiAcAOAGAFBBBPBvB9BVBCA4A9A8AxAtA2AqAcAeAUALAKAC
2513307001001,BdBkB2B4BHBCBBA3AtAvAvAiAqAYAXASADAHAEBWBoB+BtBPBBBAA9A8A2AwAxAiAdAXANAIADAD
2513356001001,BsB8CCBjBdBSBMA4A3A1AcAbAsAUAGAQADAIAABmCACGCEBOBDA2AnAuAkAfAqATASAJASAJAHAD
2513406001001,BeBdBnB0BfBMBBA+AtApAmAiAbAYAXANANAJAFBaBeBnBuBcBKBJA/A4AxAuAjAmAdAVAWAPAKAD
2513505001001,BwB0CFCFB2BGAwA9AbAvAkAjAXAQAIADAJAOACBfBtCHBrB7BHA5A1ArA0AZAsAcAPAGAGAQAEAB
2513604001001,BVBuB9B2BNBAA4A5AuAoAoAZAWAbARATAEAKAABdBiCCCBBgBFA8A+A7A3AtAnAqARAhANAHAJAB
2513653001001,BaBiCACABdBEAqBKAfBFAUAyAkAQAMALANACAABZBtCIB9BWA+BLA9A8AnA3AWAiAQAaAPACAIAA
2513703001001,BmBqBvBsBlBSBWBHA4AqAfAZAOANAPAGAAABABBfBnBlBuBmBgBdBRBDAxAcAeARAXATAGAJABAB
2513703001002,B7B3BvBuBdBRBPBDA2AmAjASAXAKAIAHAEAAABB4B0BtBoBhBbBcBIA0AqAgAbAUAMAMALAJADAA
2513703001003,BrBjBpBqBoBWBJA9AvAmApATATAVAQAJADADADBvBkBpBsBuBaBPBAAzAtAoAjAiAUASAVAGACAB
2513703001004,BcBfBfBrBnBVBMBAAyAnAfAgAYATASAMAEADABBbBdBiBnBsBbBOBKA5AxArAsAlAYAZASAHAFAD
2513703001005,CEB3B3B4BsBYBDA7AxAmAcAhAOASANALAIABAAB/B4ByB0BlBNBEA3AoAlAiAXAZAOAHAHAFAAAE
2513802001001,BtBlB+BvBxBPBKA4AfAoAxAaAhAQANALAOAKACBdBgBwBsBiBRA/A3A0AlAdAsAkAZAOAPANAGAG
2513851001001,BOBqB4B4BGA/A+BAAtA8AfAiAkAbAbAZAIAJAKBNBhBtBcBPBLBKBCAxAzBCAsAhAlAUAKAVAGAB
2513901001001,BxBsB0BwBpBSBJBBAtAlAkAXAXAJASAKAEABACBlBmBvBxBwBWBOBJAzApApAdAZARATAIAIABAB
2513927001001,BDBnBsCEBYBBA/A5AqAuAdAlAmAiAaAYATANADBeBuBvBoBNBLA+A3AtA7AvAtAmAYAQARANAHAG
2513943001001,BuBlBWBZBGBPApBVA5AgAqAsArAiAbAhAMAFAEBSBlB8CDBdApBWA0AsAzAcAxAVAfAWANAVAIAI
2513968001001,BSBqB6BpBqBABABHAcAuAkApAmAWATALAJAPAGBUBiBqCJBHBIBCArA6A6AtAtAwAPATAbAJADAE
2513984001001,BFBZCIB1BVBFA/A7BAAjA3AtAXAoAhARAEACAFBEBNBfBwBTA7A2BBBFAkBFAwAqAsAfAOANAIAD
2514008001001,BYBpBvBoBJBIBEBBAwAnAvAeASAYAfALAZALAGBXBkBuBiBYBRBDA3AzAtAwAoAeAwAaAZAQAHAF
2514107001001,B0BhCFBsBUBBBFAyAxApAeAuA0AKAaAJAJAAACB3B0B6BcBJA7BFA4AyAwAsArAYAiAUAVALAAAE
2514206001001,BRBoB3B5BXBDA2A3AtAtAqAdAuAPASATAPAJACBYBlB5ByBUBEA6BEA/A3AyAlAlAYAQAXAIAGAF
2514305001001,B3B/CRCHBlA3A3A1AXArAhAiAQAQAPAPAIAGAAB6B4CCCSBdA/A2AqA4AuAeAiAYARAJAIAFACAC
2514404001001,BcBrB+CNBlBEA9BCAyAmArAtAiAYAfALAHAJACBKBkB3BwBNBEA0A5ArAuApAyAiAXAPARAKAFAA
2514453001001,B1B9CJCDBeBKBAA8AzAcAYAYAcAbALAJAOACAEBwBxBzBqBfBABAAsAtApAhAiAcAYAZANAIAGAJ
2514503001001,BiBmCPB/BcBIA9A1AsAoAsAcAhAUAVAUAPAFACBfBkBwB6BTBAA9A5AwAsAyAgAnAZAUALAOACAA
2514552001001,BsB1B3CCCABBA+AtAnAlAmAjAiARAKAVABADAABcB9BzCCBTA5A/AqAqA1AnAvAlAUAKAKALALAE
2514602001001,BmBgBvB3BaBXBDA2AvAlAYArAkAtAHAXAAAFAABnBaBuB2BZBTA7A2A3AeAyAuAbAZAaAOAQAKAF
2514651001001,B5BaCGBwCDA9BABGA0AaA7AjAPAJAUAHADAFAOBaBoBwByCBA9A8A2AjAzA0ASAoAhAAAAADAOAA
2514701001001,BsBVBxBtB1BKBDA5A5A2AwAfAgAVAUARAHADACBRBjBwBmBLBMBEBMAxAlAxAmAfAYAbAQAGAGAH
2514800001001,BWBPCGCOA6BKA1A7AxAzAmAkAdAdAYARAgAHAABgBrB4BhBjA6AxA7A5AvA1AaAyAUAPAWAMAHAH
2514909001001,BVBOB4B2BVBOBCBDAxArA0AeAiAWAbAcAOAFAABLBTBxBzBRBDBAA+AyA1AzAqAlAlAXAVAMAHAE
2515005001001,BpBwB+B8BmBIBGA3ArAnAgAdAfAQAPAOAOAPACBtByB2BrBTBFBCA3AmAlAvAZAeAgATAOAJAHAB
2515104001001,BkBoBxB4BUBJBEAzA1AhAlAdAbAbAbAOAMAKADBiBkBsB7BdBHBDA8AxAjApAqAkAkAVARAOAFAA
2515203001001,BRBuB5BsA0BJA2BJAwA3AvAlAfAvAAAkAQANAABhBgBrBTBZA3BKAyA8AsApA3AsAfAbAQATAHAC
2515302001001,BmBsB2B1BiBHA/A8AxApAjAgAXAYAQAOAJAFABBkBrB3BwBdBJBGA+AxArAlAlAeAYAbAQAIAEAC
2515401001001,B3B/B+B1BeBVA/A4AuAaAlAdAmALAYAKAHAFABCBB+CbBtBLA0A6A0ArApAlAfAYAMAQAFAGAEAG
2515500001001,BSBbBvBuBRBEA+BCAwAuAmAjAnAaAdARAVAKABBRBbBqBrBLA9BBBGA2AxArAqA1AhAkATARALAG
2515609001001,BpB3ByCFBYArA0BDA4AlAYAgAzAVAVAWAOAFAABcBrB3BpBNBZBAAmAhAvAaAyAkAaAyAQAJAEAK
2515708001001,BcCECZCOBaA1A1BAAsATApAaAxAOALAPAJAEAABrBxCNB7BJA5AuA9ApA4AcAwAcAIAgALAMADAA
2515807001001,BcBwB3B0BHBBA5A7AzAlAYAjAhAXAhAXAJAHAABtBkBxBkBNBCBEA4A2AqAjApArAkApAXARAHAF
2515906001001,BtBzCJB4BQA6A1AwAuAkAjAkAfAdAZARANAHACByB7B/BnBLA1A0A1AsAqAvAmAlAiAbARAFAOAB
2515930001001,BlBpBjBqB0BKA7ArAfAkAmAmAcAlAdAOAOASAABXBqBrBkBBBMBCBDAsAuApAyAzAcAaAMAXAKAJ
2515971001001,BlBzB7B7BVBLBDA5ArAqAlAhAeAVAUATAIAEADBgByB0BqBZBJBCA6AuAkAwAfArAaAPALAMAGAC
2516003001001,BiBsBzB2BWBFA4A2AsAkAiAkAkAWAUAOALAGABBlBoByB0BdBDBBA7A1AwAqApArAUAPAXARALAD
2516102001001,BhBkByBwBkBMA+A/AtAqAnAcAfAWALAUAGAEAEBpBnBuBtBfBLBEA6AzAvArAnAjARAYATALAGAI
2516151001001,CGCPB9BoBYBJBHBFAqAZAoAMAcAMANAMAQAIAAB/BuBXBXBkBhA9A0AxApAZAlAaAZAQAUAPALAA
2516201001001,BbBdBmBwBhBMBEBBAzAoAeAjAZAQAVAOAGAEACBZBYBkB1BtBXBOBKA9A2AsApAlAXAVAOAKAFAC
2516201001002,BRBeByB/BqBPBEBEAtArAnAlAiAYAUANAHAJABBRBdB7ByBjBMBEA/AuAuAqAqAgAXALAUAIADAE
2516300001001,BXBiB0B8BQBGBAA7AwAoAsAhAgAWAYAbAKAJADBTBaBvByBUBFBDBBAzAuAyAiAwAZAYAWAMAJAE
2516409001001,BlBrB2B3BhBIBEAxAjAkAjAiAfAZAcAVALAFAEBpBhBsB1BcA/BDAyAoApAnAuAqAeAYASAPAHAE
2516508001001,BqBwCAB2BCA7A5A2AsArAmAfAXAYAgATAJACACBnBnB5B1BeA+BBA9AvApAwAhAtAdAWAWAOAFAE
2516607001001,BmB6CQB3BZA9A0A4AoAjAgAjAbATARAPAJACABBrB7CMB4BXBAA+A7AsAsApAfAlASAQAQAKACAB
2516706001001,BzBwB9B4BcBHA7AwAvAlAfAdAUAPAXAMAGAFABBqBsCGBwBdBIBBA7AxAvAhAmAjAZASAPAOAHAB
2516755001001,BpBzCZB3BcA6BAA8BBAaA6ARAaAUAcAQAAAAACBOCHBxB5BbBTA8AaAgA0AeAbAtAJAoASALAFAA
2516805001001,BoByCGB4BDA7A1AwAwAxAqAhAhAZAQAVADAJADBnB+B9BsBGBDA9A6A4A0AsAoArAUAVAPAFAFAB
2516904001001,BUBdB4B4BQA4A4A5AuAvAoAoAkARAVAYAQAGACBRBbB1B3BaBCBAA/A7A3A4ArAzAXAWARAKAJAC
2517001001001,BlB+CGB7BHA4A4AsAoAbAiAjAiAWAbAJALALACBjB6CIBxBLA8BDA9AvAxAsAiApAbAXARAKAGAF
2517100001001,BxApB9BwBrA0AwBPAxAmAxAnA/ARAhAhAGAJAEBnAsBVCEBRBHBTA2AeBPAyA+AlARAPAZAGAGAD
2517209001001,BNBvB+B3BNA7A9A2AvAwAvAnArAkAMALAQALABBQBaBjB5BfA8A5BCA8AxA8AzAxAQAWAOAIAHAD
2517407001001,BfBjBxB2BWBBBbBAA4ARAyAuAWAdAcANATAJAABSBSByBhBSBKA3A+A4BEAzAXAoAeAnAHAKAGAA
2600054001001,BmBeBlBqBqBaBNA6A2AoAiAeAbAOANAJAEACABBmBfBgBnBtBeBTBFA9A1AtAkAiASAPAPAKABAB
2600054001002,BfBbBWBeBeBdBaBJA5AoAgAiAZAOANANAHADAABaBUBgBgBkBlBeBLBAAyAzAgAcAmAeAHAFAAAG
2600054001003,BcBgBtB+BiBMBHBKBEA1AlATAQANAHADADACACBhBfBvB4BmBRBWBXBNA5ApATATAQANAIAEABAB
2600054001004,BSBWBnB8BsBUBJBIBEA6AtAWALALAJAFADACABBSBRBfB7BmBZBRBaBWBAAwAaAVASAKAGACAAAJ
2600054001005,BpBfBqBrBlBfBYBIA1AmAcAgAeALAKAKAGABACBoBfBkBoBoBiBYBJA0ArAuAaAaARAKAHAHADAG
2600104001001,BlBpByB2BYBFA9A6AxAnAhAhAcARATASAJAFABBkBnB1BvBiBIBFBBA6AwAnApAkAYAXAPALAFAD
2600203001001,BzBxB5B3BgBGBDAzAsAkAnAjAlANAWAMAHAFADBqByB2BwBbBLA4A6AtAuAkAmAdAZAQAKAFAIAD
2600302001001,BuBpBwBvBWBIA+A1AnAjAoAdAeAbAjALAHAIABBrBsBxBwBaBJBFA6AsArAuAnAkAiAeALAJADAB
2600401001001,B7BzCDCHBlBEA5AzAoAlAeAjAeARAPAHAHABABB9B6CDB1BdBBA8A1AvAkAoAhAZAXAPAIABACAA
2600500001001,BxBtByByBdA9A3AwApAkAnAYAYASAYAKAMAFADB1BtB6ByBcBGBCA5AxAxAsApAmAdAVAQAOAHAD
2600500001002,CFB/CbBoBWA/A5AwAqAnAtAYAiAPAQAEAKAHACCFCDCHBrBKA8A2AvAmArAnAlAgATANAIAMAEAE
2600609001001,BoBjB5BtBUBIBDA/AuApAlAhApAUAbAMAMAEACBiBfB0BmBTBJBHA+A1ApAkAtAcAqAcAUAHACAE
2600708001001,BnBpBuB5BjBHA+A8AwAoAiAiAZARALASALACAFBkBmBtB7BkBPBGBDA2AvAtAdArAVAUAFAEABAC
2600708001002,BvBwCFCIBkBLBGAyAzAmAiAlAWAWANAEAJAEAABoBvBxCNBpBGA6A+AuAsAcAhAWAQAQAHAEABAA
2600807001001,BpBqBvBwBXBCA+A7AtAoAgAkApAfAZAUAPAFADBbBiBsBpBPBBBBA2AxAtAyAvAnAfAeAYAPAEAB
2600906001001,BxBxCECABrBOA+A2AxAkAiAaAZAUAQAKAHAGAAByBzB8B6BaBOA/A2AvAjAlAaAbATANAJAGADAB
2601003001001,B0BlB3B4BeBBAxAzApAlAmAgAcAmAPAUAOAEABBoBpBsByBZBDA0A0AvAuAtApAsAZAiATASADAD
2601052001001,ByB3B6B6BpBMBGA/AvAjAiAWATAaAMAFAIACACBwB2B/BxBiBOBLBAAwAmAiAXAXANAPAHAKACAC
2601102001005,CCBvB6BsBcBNBAA9AvAhAhAdAXAPAJAJAHADABB9BtB8BuBmBTBMA/AwAnAnAeAZASAQALAGACAC
2601102001099,CHBvCGB6BdBDA+AwAlAjAkAdAaAOAOAOAMAFAACJB3CHBqBTBFBGA5ApAkAhAlAdAXANAFAKACAA
2601201001001,BmBmBvBrBXBHBEA+AwAmAkAcAaARARAMAFAEABBpBjBuBvBhBRBOBJA6AxAqAoAjAYAZAOAIAFAC
2601300001001,B7B3B7B1BnBHA5AzAwAjAcAfAbAZAHAOANALABB5B8B0B2BUBFA7A6AtAkAcAiAfAUAQAQAOAEAB
2601409001001,BqBwB3CFBmBLBAA4AsAiAdAfAbAUARANAFADABBtBpB1B9BnBOBEBAAzAqAiAhAeAUAPALADABAC
2601508001001,B2BuCDB1BcBLAoA0AxAkAsAeAlAXAYAFAPAJACBqBrBvBtBPBIBKA5AqAsAoAnAmAhAKANAIAEAE
2601607001001,CDBwB2BsBlBNBAA1ArAiAdAbAMASASALAFAFADB7B5BzCCBhBLBCA9AuAnAgAjAYAaAUAIAJABAC
2601706001005,BpBvBrBoBWBKBHA+AxAlAjAaAZAQAVAOAIAFABBoBpBqBvBcBTBJBGA3AtApAmAhAhATARALAEAB
2601706001099,BwB3B1BsBRBFBCA3AtAoApAfAcAcAVAcAJAFABBtBsB7BoBOBAA7A5AtArAuAjAfAnAVARANAFAD
2601805001001,BrBjB9CCBjA+A8A0AmAqAlAnAeATAWAJAKAGAEBoBxCAB+BaA+A6AvAtAuAwAlAfAdAWAKAGAEAD
2601904001001,BaBaBeBrBZBMA/A6AtAoAmAjAbAeAZAPAJAGADBYBcBiBtBfBUBMBEA1AzA1AoArAlAbAQAQAIAD
2601904001002,BiBqBxB9BfBMAwA7AsAxA4AbAsAkAfAKAJAKAABjBcBxBgBPA8A5AyA1AuApA0AyAhAXAMAFADAB
2602001001001,CEB8CNB/BeBEA9AxApAjAhAYAVASAOALALACACB8B0CBBzBZBEA9A2AuAoAnAcAdATANAHAKAGAB
2602100001001,B1BhBxBxBVA+A4AxAoAkAjAcAZAVAYAOAIAFADBwBnBvBzBjBIBFA+AyAvArAtAmAiAhAOAOAGAE
2602100001002,CAB/B+B8BYA8A0AzAmAoArAqAYASAPAOAEAAAACPB7B+B8BQAzA8A0AlAsAuAnAXAPATALALACAC
2602209001001,BrBsBxCABYBBA7AzArAnAfAiAfAYAYAOAGADADBgBuBwB2BaBJBGA8AuAsApAyAlAfAUANAJAGAD
2602308001001,BvCIB4BzBeA7BHA0AuAnAkAdAXAaAPAPAHADABBuCKBwBoBPBSA+A4AuApApAlAeAZAPAMAIAEAC
2602407001001,CAB4BmB3BaBUA3A3AqAkAkAiAcAYATAOAHACABB6ByCBBnBZBFA4A2ApAuAcAqAoATATALAKAIAG
2602506001001,BfBzCGB6BOBFBDA3AlAhAhAkAhAaATARARAEAABkBnCBB1BhA2BGA2AwAqAnAxAlAaAQAGAPAGAC
2602605001005,BuBvB7BuBVBIBBA6AqArAkAeAaAVAXAMAKAIAEBwBwB1BtBXBHA/A7AuAvAfAqAlAXAVAQAJADAC
2602605001099,CEB7B1BtBkBPBEAxAoAlAVAdAPAXAaAKALADABB/B8ByBtBiBNBGAqA0AjAhAqAYASAQAOAKADAC
2602704001001,BrBmBzCCBlBMBFAxA0AtAgAbAcAWAMANAHADACBcBeByCJByBJA+AzAyA3AqApAcAQAQARAGACAB
2602803001001,CBB7CDCDBVA9A2AyAlAiAoAWAaAUATALAIAEABCKBxCKB6BQBEA1A5AmAmAnAfAnAYANANAIADAA
2602902001005,BkBkBqB2BtBVBJA/A2AuAjAcATAQAOAHADACABBiBhBpBzBrBbBRBKA/AxApAbAbAOANAIAFAEAC
2602902001099,BtBrBxB1BuBYBKA/A1ApAfAbAYALAMAIADABAABoBlBsB0BsBbBUBGA3AtAlAZAbANAJAIAEADAC
2603009001001,B1B2B4BxBmBNBDA8AsAfAZAfAUARAQAIAHACAAB6ByB2B1BjBPBGA+AyAqAmAaAaAUAUALAHADAC
2603108001001,BzBdBxB1BSBFBDA8AtAmAiAYAkAjARANAIAEAABOBsBwBuBRBEBHA+A1AtAwAxAmAeAdAbAOAGAB
2603207001001,B6B6CAB6BQA6A3A0AnAjAfAjAcATAWASAFAEACB5B5CJB6BQA9A3A3AoAoAtAiAjAYAXAPAKAFAC
2603306001001,B0B/B4BxBfA8A/A7AmAoAhAgAlAXAOAMAFAGACBuBmB+B2BOBGA6A5AtAlA0AbAoAXAYAOAPAFAF
2603405001001,BnBrB7B4BcBFBCAvAkAlAiAiAdARAJAVAHAHAABXCfCJB0BbBDA8AzAuAuAfAsAeAbAQAKAOAJAA
2603454001001,BLBNBbBjBvBbBNBEA9A0AvAZAbAOAPAIAFADAABNBQBVBuBwBlBeBOBIA/A0AkAkAWAQAIAMABAA
2603454001002,BKBRBeBfBgBbBNBEA+AxAuAcAbAPAOANAFAAAABKBNBZBmBoBoBZBSBIA/A7AmAlAfAZALAHADAB
2603454001003,BeBiBhBrBoBiBUBIA4AuApAbAaAOAMAGADABACBcBjBgBhBsBlBXBLA6AxAvAaAcAUANAHADADAB
2603454001004,BzBtBtBoBmBbBRBIA2AtAlAUAMARAIAIACAAAABlBtBlBpBtBkBcBKA5AtAhAeASATANACAEADAA
2603454001005,BoBkBoBxBuBaBQBBA2AeAdAcAYAPAQAHABABAABiBpBlBuBpBiBUBMA6A9AoAdAcAMAPABAEACAA
2603454001006,BuBwBqBvBwBeBOBBA3ApAnAXAXAQAOAGADADAABsBqBsBrBoBfBLBAA3AoAiAeAWAQARAEACABAC
2603504001001,BnBqBsBxBcBIBFA4AtAoAqAbAXAeAXANAGABACBoBsBsBvBXBMBJA8AxAtAqAiAnAcAcANAOAHAC
2603603001001,BuBqBzB5BcBGBFA6ArAqAmAdAkASAaAOAKACAABrBjBxB0BYBKBKA2AuAvAfAqAqAYATAKAKACAD
2603702001001,BrByB1B8BeBMA/A0AyAnAnAeAZAbARATAEAFAABsBpB2ByBSBBA+A1AyAoAsAlAhAbAYAPALAIAB
2603801001001,B0B2CJB4BRBBA6A5ArAnAjAkAcANAVARAOADAABxBzCEB3BRA+A+A4ApApAjAmAeAdAWAKAJABAD
2603900001001,BmByCEB5BZBDBBA5ApAqAjAeAaAZAPAOAJAEACBjB0B7BwBbBHBBA5AwAtAnAnAfAXASARALAEAC
2603926001001,CPCECWBvBrBBA5AqAnAkAcAbAZAMAbAJAFAGACCHCICABxBOA4A4AsAkAmAnAbAbAUAMAMAPAIAB
2604007001001,BhBfBnBtBpBQBFBBA1AuAkAbAVATAPALAFADACBfBcBmBvBsBdBPBKA9A1ArAfAhAXASAKAIADAC
2604106999001,BaBgBeBeBVBNBHBBAsAkAhAdAlAUAQANAFADACBXBSBlBoBdBdBRBQA8A1AsAxAqAfAfAeASAKAC
2604106999002,BPBVBiBfBcBNBKBAAwAqArAZAaASASAQAKACAABGBTBjBqBoBZBXBTBCA5A0AsAwAhAbAOAMAJAD
2604106999003,BOBWBgBfBYBEBEBKA6AyA2AYAgATAMAKACACAEBMBQBgBtBpBaBdBXBIA7A1ArAgAXAcATAIAIAA
2604106999004,BrBnBqBnBhBVBMBCAuAlAfAZAXAOALAKAGAEABBpBmBqBsBnBiBZBJA1AsApAhAiATAOAMAGADAF
2604106999005,BfBeBmBdBYBMBRBLA6AoAnAYAVAPALAMAEAFACBZBcBjBtBkBfBiBaBEAyApAmAaAaAOARAHABAC
2604106999006,BeBhBnBpBhBZBMBEAxAlAkAaAbAPANAHAHAGACBcBkBmBrBnBeBYBKA3AwArAlAiAXAVAKAJAEAC
2604106999007,BiBjBmBiBgBYBJBCA0AnAnAXAYAPAOANAEADACBmBeBkBqBvBfBYBIA7AyAsAgAlAVAMASAEAGAE
2604106999008,BnBkBmBjBgBVBOA/AzAmAhAbAWASAPANAEABAABnBnBmBpBtBhBbBKA4AwAoAjAdAUASAKAGADAC
2604106999009,BeBkBsBrBeBRBHA/A6AwAkAbAdAJAHAIAAACACBeBjBrBzBmBhBUBSBFA8AkAlAUAOAQAIALAEAA
2604106999010,BsB0BxBqBiBPBDBAAqAjAjAiAgAZAZAKAHAHABBvBsB4BlBYBRBFA5ApAnAmAhAmAXAWAKAJACAG
2604106999011,CBB5B2BqBUBKBCA3AuAjAjAiAcAVAVAOAJAEADCACAB4BhBTBIBAA4AqAjAiAhAhAbAUAJAIAHAC
2604155001001,BuB/B/CFBUA7AzAwAoAlAfAfAbAWAbAPALAEACBlB4CCB5BXA7A5A3A1AnAeApAiAgAYARAIAGAA
2604205001001,BwBtB6B0BcBGA9A0AuAfAgAdAfAXAWALAEAEAEByBqB6BzBWBNBFA9A1AyApAhAbAdATANAHAEAB
2604304001001,B9CACSBrBeBCA9BCAjAgAkAYAUAYAIAKAMADADB1BzCKBrBTBDBEA6AtAkAqAeAhAOAVAJAJADAF
2604403001001,B1B1B/CABqBGBAA3ApAkAhAaAaAPANAJAFADACBsB1B5B/BkBPA+A2AuAtAoAcAYARARAKAIACAE
2604502001001,B0BlCTBxBoBRA9AzAsAsAnAXAqAdAKAMAIACABBeBmBlB1BmBPA+AzA3ArAtAhAaAWALAOAIAEAC
2604601001001,B0BoBpB9BnBMBCA6AtAlAkAfAcAXAQAHAMAGADBxBrBlBtBnBPBHA9A1AyAoAdAgAVALAMAHAEAC
2604700001001,BuB1B6CABYBCAzAxAtAqArAUAhAMAWAQAIADAFBtBwCCB5BWBBA4A2AzAuAjApAjAXAfAIAIAHAD
2604809001001,BzBzB6CHBkBKA7A6AnAhAiAbAWANAQAMAGAFAABzB/B/CABnBOBGAsA1AnAiAVAVARAMAOAFAFAD
2604908001001,BmCBBmCFBmBNA/A3AvAkAfAfAjAdAXAIANABADBuBsBvBiBkBPBBA5AwAsAgAoAcAVAQAOAFACAD
2605004001001,BsBnBlByBXBEAzAvAsAoAkAlAdAXAXAbAIAEABBtBlBwBzBaBKBAA8A0AwA1AhArAgAdATALACAB
2605103001001,BgBiBxBlBXBHBBA9AyAnAhAgAkAQANAKAKAGABBYBjB3B9BmBLBRBGA2AwAoApAiAVAaAWAFAFAE
2605103001002,BYBlCMCFBxBBA7BBAnArAtAfAfAeAaAcAGADAABdBqBxBvBOBKA6ArA4ApAhArAgAXALAVAMAFAA
2605152001001,B3BzCBBzBcBOBHA8AxApApAYAZATAUALAHAFABBtBxCEBvBUBKBAA4AvAmAoAYAaAPAVALAHACAB
2605202001001,BvBuB3B3BjBMBEA8AyAmAhAaAcAPARALAEADACBlBtBzB1BlBQBKBGA0ApAgAjAaAYANAJAJADAC
2605301001001,B5B5CIB7BcA+A9A1ApAkAeAdAcAYAOAHAHADADB1B1CJBuBYBFA/A1AvAlAmAiAbAUATAQAJAGAB
2605400001001,BnBsB7B5BbBEA+A1AqAuAjAeAlAMAVAPAJAEAABmBqBzByBkBHBEBEAwAyApAiAhAZAYALAFAEAC
2605459001001,BVBcB3BoBdBqBmB7BaAyAXAQAPAQAAAAAAAAAAB1BdB2A0BQBpBsB+BRAdAOAIARAJABAKAAAAAA
2605509001001,BmBlByCBBkBIA+A4AtAqArAfAnATAXAJAFACADBjBlBqB2BlBGBAA/AvAuAvAcAlAXAdALAGACAD
2605608001001,BgBpB6B4BWBCA/A3AuAmAkAlAhATAaAPAQAFADBfBmB9BsBWBAA9A9AuAtAzAmAoAgAXAPAOAGAD
2605707001001,B8BzBuB8BdBLA9A6ArAhAlAcAWAQANAOAFADABB1B4CCBmBoBNA9A4ArA4AoAaAaAYAUAJAGAIAC
2605806001001,BUBkBwBwBRA5A4A5ArAnAnAqAqAdAWAWAPARAJBNBdBsBwBMBAA+A7AzAzAqA6AzAgAhATASAKAF
2605905001001,B5B6B9CDBeBLA7A4AuAmAjAfAVAWAOAIAKABACByByB4B5BiBQBDA5AtAoAeAeAdASALAEAHACAB
2606002001001,BuBoBuBtBhBJA/A8AyAmAlAYAUATAKAKAFACACBmBoB0BxBpBVBRBJA6AzAoAfAfAUASAOAIAEAD
2606002001002,BrBmByBrBdBNBDA4AtAkAjAeATARANAMAHAEABBkBlBsB0BuBUBSBJA7AwAtAhAfAbAUAKAKADAA
2606002001003,BcBXBnBoBhBFA7A7AxArAkAeAeANAPAQADAHACBXBVBqBwBoBVBOBNBCA7A1AnAuAaAaAOAOAHAC
2606002001004,BtBmBvBwBgBPBDA3ArAnAkAaATAQAPALAFAEAABtBlBrB3BoBWBLBFA5A1AkAnAgAaAOAJALADAF
2606002001005,B2BzCRB2BeBEA7A2AhAiAfAgAZAbAXAPAHAJACB5B0BqBwBVBDA5A1AmAwAkAmAdAaAZARAJAGAE
2606101001001,BsB0B2CEBcBQA9A0AoAjAiAcAaAUAXALAJACABBoB0CGB1BdA/BBA1AtAwAmAlAgAVAXAMADAFAC
2606200001001,BaBiBmBxBlBSBHBCA1ApAjAbAaASATAMAGABACBWBfBkBsBpBaBQBLA/AzArAgAfAdAUALAHAGAD
2606200001002,BwB7B9B5BuBTBIA+AwAlAkAaAXAPALAIAGABAABuB5BwByBmBTBLA7AvAmAfAcATARAMAEADAEAD
2606309001001,B5BtCIBtBeBHA9A4ArAgAsAcAiARAPARAGAAAABuB1CNByBbBHA7A2AuAkAdArAYAaATALAJAHAB
2606408001001,BhBmBpBtBeBPBDA+AzAqAkAeAaAYAYAKAJADABBfBjBrBvBeBUBLBEA1AvArAlAlAaAVAQAJAEAD
2606507001001,CHB4CDB8BfA8A9A0AjAnAlAbAgAQALAMAKAHABB3B6CEBsBbA+A8AzAsApAqAcAdAQAPAGAQAIAD
2606606001001,BzCHCOB8BQA4A5A3AmAjAqAVAVARAOAQAMACABB1CHCKBzBQA+BCA5AsAqAmAgAbAXARAJALACAE
2606705001001,BiBrB/B6BSA+A4A2AtAmAoAlAjAcAhAVAMAGABBsBoB1BkBNBBA0A0AsAqAqAwAwAdAjAPAJAGAF
2606804001001,BnBqBuBuBmBTBLA+AzArAdAeAXAJARAFAFABADBjBmBvBwBrBhBVBJA9AwAnAbAcAUALAGADACAE
2606804001002,BaBdBpBmBhBbBTBCA6AsAhAeAQATAPAKAEABABBUBaBiBuBoBmBaBUBBA0AqAiAeASASAKADAFAC
2606804001003,B0BxB0B0BmBZBMA6A0ApAmAUASATALAMAGADABBtBwBxBqBoBYBQBCAyApAmAZAVAPAMAIADACAB
2606804001004,BpBnBkBvBiBZBbBKA3ApAfAaAOAWALAIACACACBqBmBlBpBlBuBcBJAwArAdAiAcAUAMAEAFABAC
2606903001001,BjBhCEB6BbA+BAA9AzAqAoAcAdAVAYANALADABBZBjCDBsBPBCA8A9AzAsAtAjAkAgAZAYANAGAE
2607000001001,CCB/CIB1BWBCA6A4ApAjAgAcAQATAKARAIAEACCGCECLB1BWBAA7A2AqAmAfAeAZAVANAQAHACAC
2607109001001,BmBqB3BxBTBBBFA/A1AwArApAgARAKAMALAIACBrBxB6BqBQBMBDA4A0AqAsAkAcAiARAPAFAEAA
2607208001005,BvB5B2B6BoBQBLA9AxAkAdAZAVAPAMAFAGACACBwCIB3BnBpBaBKA/AtAoAlAWAUAUAJAFADACAB
2607208001099,B0B1BvB8BtBYBGA6AuAkAdAZAWAQAIAJADABABByBwBvB8BuBcBMA9AxAlAfAcAWARAJAIAGACAC
2607307001001,CGByCCB2BfBEA9AzAnAhAgAYAYAXAMAOAHAEACCEBxCJBzBfBEA8A2AsAkAjAgAdAXATALAIADAC
2607406001001,B9BiB4BsBaBaBIAyAlAiAcAkATASAOAGAEAIAEBxBtB2CEBtBJBLBIA1AnAhAdAZAQAPAJAMAAAG
2607505001001,CBB8CEB2BZBAA7A3ApAoAhAjAUAaAIAQAHAEAEB8B8B/BrBNBEA9A4AsAuAnAiAUAYAPATAHAFAB
2607604001001,BhBdBkBfCCCCBuBXBDAwAwAVATAQAIAJAGAEAABdBgBfBhBcBQBIBEAxAsAjAaAVARAGAJAKACAC
2607653001001,B0BvB5CBBmBDA7A2ArAmAlAZAcAXATALAGAEAEBxBvByB4BkBLA/A4AwApAhAjAaAcAQALAIABAE
2607703001001,BRBYCBB6BeA+A9A4AtAyAuAjAeAYAjAQAJADABBWBaCAB0BRA7A8A5A1A3ArAqAxAbAgAVAJAHAA
2607752001001,BxB1BxB0BnBUBGA9AvAmAnAQARANAKAKACAHACB1BnBzBxBoBWBNA/A7AqAlAcAaARANAOAFACAB
2607802001001,BxBwB4B3BoBPBEA+AvApAgAfAdASAKALAIABADBrBsBzCBBnBHBHA5AwAtAjAfAeAOAOAHADADAC
2607901001001,B+B6B6BtBjBUBPBCA3AmAYAYANAKAIADAAAAAACCB8ByBuBoBbBZBMA0AqAfAOARAKAEAFABABAE
2607901001002,B9B3B2BwBgBZBRBEAzAoAaAUANALAFADABACAAB1B3BxBsBnBiBaBLA6AoAgAVAVAGAKADADABAC
2607901001003,BBBKBSBoBXBGBKBPBJA5AsAoAZAPAJAJAFAGAAA+BHBcBqBjBhBWBlBcBFA8AoAjAZASAJAKAHAD
2607901001004,BGBIBVBkBTBOBPBPBJA8ApAmAXAQAMAJADAAAABGBGBQBsBtBtBeBdBVBJBAAhATAcAMAMAIAHAE
2607901001005,BoBlBkBwBpBdBPBAA5ArAlAVAXAKAGAGAEABAABlBhBpB1BxBhBVBMA9AuArAZAWAPALAHAGAGAD
2607901001006,BqBoBqBmBiBbBNBCA5ApAsALAUANANAJAAACAABoBmBjBvBoBlBaBJA8AuAtAZAcAUANAHADAFAD
2607901001007,BzB5B4BvBgBTBSBGA3AoAfAQAMAEAFAFACABABBuB4B3BvBkBgBaBRA9AuApANARANAJACABAAAC
2607901001008,BVBRBYBjBlBdBOBEA5AqAiAgAXASAPALADAAABBWBUBbBoByBoBcBSBFA6AzAlAgAbASAKAGAFAB
2607901001009,BcBYBbBxByBgBIBAAzAvAiAgAVAPAMABAGADABBYBSBeBzB3BmBVBFBEA8AyAhAhATANAGAHABAD
2607901001010,BRBQBgBnBaBHBOBSBIA4AtAgAXAOAFAHAAACAABGBLBfBsBpBfBeBoBPBFAwApATAXAUAKAEACAD
2607901001011,BpBjBkBwBlBZBLBFA7AsAgAaAUAJAKADACABABBqBgBnBqBrBiBXBUBHA4AoAcARAVAKAHACACAC
2607901001012,BaBfBjBmBaBQBXBSBDAvAgATAPAJAHACACAAAABlBlBnBtBnBmBrBjBLA5AsAVAOASAOACAFACAA
2607901001013,BvBlBrB/BxBaBFA6AzAnAgAUASANAKAEADABAABuBnBzB7BxBdBMBDA4AwAtAWAcANALADACACAE
2607901001014,BSBVBgBpBUBQBXBSBHA6AkAbASAGAIACADAAAABTBXBhBkBkBkBpBmBVBHAzAaAZANAPADACACAD
2607901001015,CGB2BsBrBlBZBOBCA1AmAdAUAOANAHAGAFADAACEB3BrBoBsBfBWBGA3AlAbAWAOAOALAEABACAB
2607901001016,BJBKBZBrBqBQBDBGA6A0AzAeAkAPARAHACADABBGBJBUBmB0BbBSBWBOBCA7ArAkAbAaAHAHAHAD
2607901002001,BTBcBjBqBfBPBLBJA7ArAgAfATAVAOAHAGAAACBXBWBoBiBkBeBcBRBCA8AwAfArAUAYAQAIACAE
2607901002002,BcBiBlBjBiBZBRBFAzAtAiAdAXAMAMAMAFAFAABZBgBkBvBnBlBUBPBAAzAuAeAeAdAPAMAEABAC
2607901002003,BoBmBpBtBrBdBNBCA5AuAlAbAVAIAMADAEADABBgBcBjBrBrBfBVBNA8A2AqAfAXATALAJACADAD
2607901002004,ByBoBlBeBkBjBVBJAtAoAjAbASAMAMAFADAAAABqBnBeBeBqBsBdBNA4AyApAiAXAUANAIAGADAC
2607901002005,BXBfBgBrBmBZBNBIA/AvAmAWAYANAHAJAGADAABdBZBlBvBpBgBZBTBCA1A1ATAZAUAOAMAMACAC
2607901002006,BWBcBoBmBaBQBOBSBIA2AsAVARAMAFACACABAABPBZBhBsBjBiBhBhBVBEAvAdATAPAOAJADACAA
2607901003001,BZBhBjBoBnBhBRBIA4AsAdAbAcASAMAKAHABABBYBcBaBlBpBjBbBGBGA0AoAqAbAXAQALAEAAAF
2607901003002,BuBlBtBpBiBiBXBGAzApAdAeAZAMAFAMACABAABoBmBnBlBnBlBYBHA7AuAkAdAbARAKAKAEAEAA
2607901003003,BKBPBZBkBgBWBHBLBDA2AnAdAZATANAKAJADAABHBTBaBrBfBeBbBZBQA/AvAoAqAVAYAKAJACAD
2607901003004,BhBnBrBpBgBcBRBIA5AsAdAcAUANAJAJAEABABBeBlBpBpBkBjBdBQA/AxAlAfAZASAMAKAEADAC
2607950001001,B/CECGCJBdBEA6A1AnAlAhAVAXAUANALAFADACB6B3CLB5BVBCA+A4AsAoAfAfAeASAMAIAEADAB
2608008001001,B/B0B2BsBNBDA8A2AyAkAkAlAYAVAZASAPADAAB4B5B2BiBPA8BEA6AuArAlAtAnAVAWANAMAHAB
2608057001001,BhBpCAB7BiBDA6A9A2AxAhAeAZARALALAHAEAABsBnB+B3BnBKBFBIA4AvAmAeAZAOARAHAGAEAC
2608107001001,BmBsBzCBBTBBA3AyAsApAiAkAbAdAWAOAMAEACBfBmBxB6BmBBA7A8AuArAtAuAjAiAWAVAJAEAE
2608206001001,B8B4CFCCBjBLA5A5ArAeAeAcAYARARAMAHACABByB9CCB6BbBLBGA2AtAjAkAZAdASAOADAEAEAB
2608255001001,BoCGBxB0BYBGBIAvAnAnAjAkAdAXARAQAEAJADBxBoB8B7BGBQA/A0AwAeArAmAsAeANAPAIAHAD
2608305001001,B4B1B/BwBPBBA8A0AqApAoAYAeAVAQANANAAABBlB8B0B1BRBDBDA1AvApAmAnAgAiAYAPAQALAE
2608404001001,B1B2B1B8BUA+A4ArAvAkAjAhAcAaAXAUANAEABCABvB1BrBRA6AzAyAuAsAlAsAxAaAbARALADAH
2608453001001,BmBpBqB6B2BTBHA+A2AoAeAeAUAQAKAMAJAIABBhBpBsBvBtBYBNA5AyAuAnAeAaAXAPAKAIADAC
2608503001001,ByCBB6CGBqBKA7A2AwAfAhAYAWANARAQABAEAABsBmB4B3BnBNBDA6AwAvAuAWAaAXAKAJAKADAC
2608602001001,BzBhCSB8BcBCA8A2ArAmAlAvAZAPASAOAJAEABB0CFBqB5BXA/A5AlAuAuA1AmAdAVAQAQAIAFAB
2608701001001,BjBpBuBpBRA8A8A3AsAkAnAhAYAiAZAQAOAMACBiBwB2BjBSBFA/BAAyArAqAsAuAqAUAbAQALAD
2608701001002,CFCECHB0BbA5A3AxAnArAyAaAjAWAWAMANADAACJB9CCBpBMA4AsAwApAmApAhAiARAJAJAPAEAH
2608750001001,CGB8CGB1BhBNBCA4AtAmAnATAZAMAJALAGADAACFB3CABuBWBKBEA7AvAiAfAeAWAQAIAOAFACAB
2608800001001,BmBgBwBvBYBHA8A0AvAoAoAcAaAZAVASAHAGAGBmBiBxB4BdBKBCA+A2AtAvAqAlAkAWAMAJAGAE
2608909001001,BdBiBnBxBfBLBCA7AyApAkAgAYAWASALAGAGACBdBeBqBtBiBVBMBHA6A0A0AjAgAeAWANAMAGAD
2609006001001,BnB2B9B5BcBCA2AwAuAoAdAfAeAXAXAOAJAAABBsBxB5B6BaBIA7A3A0AvAsAaAfAZATAOALANAD
2609105001001,B1BxB6CABcBBAvA0ArAiAfAiAQAfATASAHAEADBqBlCAB5BcBHA3A6AxAsArAkAoAaAWAOAMAGAA
2609154001001,CRCSCQB6BRAzA0AtAkAgAfAdAUARAQAJAJADAACeCKCOBsBNA0A4AvAqAoAgAlAcAUALALAIAFAC
2609204001001,CMCICTCEBcBLA1AzAuAlAhAWAaATALAHAGADABCMCGBzCBBeA8A3AxAqAiAaAZATAOAKAJAHABAE
2609303001001,B+B0CJB7BbBKA4AxAtAgAbAcAdATANAQAHAFABB2ByCHBzBSBABBA1ArArApAeAdATAYARAJAFAB
2609402001001,BlBjBvBtBsBWBIBCA3AsAiAcAYARAPAJAEADABBaBfBpBxBjBYBQBIA6AyAnAhAeAXASANAFADAB
2609501001001,BbBeBmB4B0BOBHA+A5ArAqAeAZAMAMANAEABABBYBbBhB3BkBVBHBHBBA6AiAsAmAUASALAMACAC
2609600999001,BqBpBpBqBkBdBOBCA1AoAfAXASASAKAJAFABAABgBiBhBsBnBlBVBNA8AuAqAfAdAXAPAJAGADAB
2609600999002,BmBmBpBqBmBbBOBDA0AlAlAUAUAOALAHACACABBgBhBlBvBqBfBZBMA6AuAqAgAdAWASALAFAEAD
2609600999003,BeBfBgBoBgBUBPBFA0AoAhAfAVATAOAIAEABABBZBaBhBmBlBhBYBQBAA2A0AiAlAaAVAOAIADAC
2609600999004,BKBQBXBdBhBTBKBGA9AtAtAfAiAQALACAGABABBLBMBYBtBhBiBVBSBJBIBDArArAUAZAOAKAHAC
2609600999005,BKBSBaBZBYBXBTBMA3AlAjAkAfAXASAIAEADAABLBLBVBYBgBfBmBcBDA6A0A4AwAiAaAPAKAHAB
2609600999006,BjBcBiBrBpBaBPBFAyAqAjAfARAQAKAGADABAABfBcBiB0BoBgBXBOBEA4AxAeAbATAOAMACAEAD
2609600999007,BEBIBVBlBfBIBCBHBAA4AvAiAZAVAMANABADABBFBHBVBqBtBaBTBYBVBMA7AvAnAXAcAQAMAFAD
2609600999008,BWBXBiBpBkBVBMBGA4ArAiAbAaAPAOAJAEACABBVBVBaBtBlBcBPBSBIA0AvAoAnAcAYAWAJAFAD
2609600999009,BlBpBpBrBjBXBVBGA8AuArARAWAMAGADAFACABBiBlBoBsBgBkBaBRA+A2AqAZAZAKALAHADACAD
2609600999010,BKBKBVBfBfBTBHBGA9A3AvAfAZAWALALAFABACBDBJBUBjBqBcBYBXBRBJA9AuApAdAUATAJAGAB
2609709001001,BcCDCCB+BFBHAvAuAmApAeAcAhASAgARAKAJADBnB0CABxBVBFA5AxArAvAzAmAlAmAYALAMAHAB
2609808001001,B+B+CEB7BtBNBFA5AnAfAjAXARAIAMAFAEAEABB/B/B5CABhBPBCA0AwAcAjAZAYAKAQAHAEAEAD
2609907001001,B3BrB4BwBgBKBDA2AuAkAlAUARANANAKAKAEAABzBkB+B6BsBPBOBCA0AoAqAcAjARAQANAEACAB
2609907001002,COB9CMB5BcBEA/A0AnAhAmAeAeANAUAMAHAEABCJB5CDBlBMBAA7AvAqAiApAeAcAXAQAHAHAGAB
2610004001001,BwBsB1B7BbBHBAA0AuAkAjAdAeAPASAIAEADAABuBrB4BvBhBRBIBFA3AvAqAeAhATAVAJAIAEAC
2610103001001,BrBzB6B3BeBBA7AyAtAhAiAjAaAYATAaALAFABBvBsB7BwBRBIA8A0AxApAsAmAdAfAVAMAUAGAB
2610202001001,B4B3B5B9BWA8AzAvAjAvAoAdAlAXAXAXAFACABBwB1B/B9BRA7AxAvAwAiAvAjAoAbAVAPANAHAC
2610301001001,BmB0CIB1BWA5A7A0AnAnAgAvAiAXAbATAMAHADBnBlB9BlBQA6BBA0AhAvAcAlAyAkAaAYATAHAB
2610400001001,BvB3B8B5BlBHBFA6AtAmAnAbAZAQAVANAGAEAABxByCABrBZBFA+A3AzAnAlAiAXAYAOAPAMADAD
2610509001001,BjBoB4B7BjBGA8A7AvAlAjAcAaAbAUAOAIAEAEBiBoBzB4BdBKBEBCAxArAnAjAhAcAWANAIAIAB
2610608001001,B0ByBvBwBtBVBIA8AxAoAmAVAVAQAKAIAIACABBhB3BxBsBvBdBNA9AxAtAjAgAcAPAKAFAGADAC
2610707999001,BCBSBiBpBTBJBCBNBGBBAvAmASAVAMAJACAEAABCBQBeBpBjBSBgBhBfBIA+AfAdAXAQAKAEADAA
2610707999002,BTBVBpBhBaBNBLBSBIA7AoAfAWAMAOACADADACBQBQBfBpBlBdBbBfBSBAAyAgAdAQAKALAIACAA
2610707999003,BXBfBqB0BfBQBHBLBDA0AyATASAKAGAHADABAABSBXBoBwBfBbBXBaBQBGAtAeAZANAJAHALACAB
2610707999004,BLBMBkB5BvBUA/A9BGBCAwAYAOAPAKAKABACAABMBPBbB6BrBWBMBUBPBLA6AgAiAUAOANACABAB
2610707999005,BdBiBsBxBkBbBMBCA9AvAnAQAYAFALADAAABAABgBhBsBrBmBbBZBUBFA3AmAeAcAUAQAHAGADAC
2610707999006,BuBlBkBnBdBXBVBPA6AwAiAWAPAIAIADACAAABBjBmBiBpBiBkBcBZBMA7AoAcAUAPAOAFAEAAAB
2610707999007,BIBJBeBtBjBNBHBIBHA8AwAcARAOAHAGACAAAABEBIBYBuBuBZBVBiBdBQA9AkAhAPAOASAHABAB
2610707999008,BRBWBXBnBrBjBTBBA0AuAtAiAbAMALAKAFABAABSBQBXBjByBmBcBHBCBAAyAxAdAaAOANADAEAB
2610707999009,BcBfBkBkBfBXBTBOA/AwAjAaASANAHAGADABABBdBfBkBoBlBdBfBZBGA7AvAaAYAPAPAJAIADAE
2610707999010,BEBJBVB0ByBTA9BABBBEA7AhASANAOAGAFAAACBABFBYBwBwBXBPBQBaBWBDAfAkANARAGAJADAD
2610707999011,B8B1BvBfBjBdBYBLA4AsAfAZAQAHAGACAFAAAABsBqBoBnBgBmBiBQA7AvAjAVAOANAFAHAAACAE
2610707999012,BcBcBdBcBfBYBZBSA+ArAfAjAYANALAHAMAAABBXBXBZBhBjBiBgBSBEAyArAhAeAUAVAQANAFAD
2610806001001,BxB0CBBzBjBHBDA8AtAkAfAkAWAZAOAPAJAFAABvBuB0BnBXBKBGA5AsAnArAfAfAaAVALAHAGAE
2610905001001,BfBgBpBmBaBGBCBAAyAnAoAZAfAXAUARAGADABBfBdBmBpBbBQBQBIA+AzAoAtAmAgAhAVAMAFAC
2610905001002,B2B2B7B1BYBIBAA3AtAlAmAgAfAYATAVAKACABB1B0B+BlBPBDA9A3AqAjAsAeA0AJAQARAHAIAC
2611002001001,B0BrCAB5BlBMBCA7AxAoAgAZATARAPAFAFABACB1BuCAB2BlBMBGBCAyAqAjAdARARASAJAIAEAB
2611101999001,BRBPBfBfBfBRBLA/A2AsAlAgAVAUANAJAIACABBMBNBdB2B3BtBiBSBCA1A1AjAiAZAZAQAHAGAE
2611101999002,ByBvBvBrBZBUBTBOA7ApAfARALAHADAHABABABBrBvBxB5ByBqBfBXBAApAfAQANALAHAEADABAB
2611101999003,B5BuBwBrBvBZBIA/AwAmAiAWAPAKAFAGAEABABB1BrBtB2B2BhBVBCA4ArAiAYAUAMAHAGAEAEAC
2611101999004,B4B0BrBsBoBeBSBCAuAjAYAZASAHAHAGADAAACBxBxBsBuB2BlBYBGA2AmAbAaAbAKANAHAEADAB
2611101999005,CLB9B6B5B0BeBIA3ApAiAeAcAVAMAKAEADABACCEB4B9BwBnBQBBA2AmAiAeAXASAKAJAHACAEAC
2611101999006,B7B/CEB0BvBZBIA/ApAfAoAcAaAPAOAKAHACAAB0B2B5BuBcBOBEA0AqAfAhAeAZAMAOAGAEACAB
2611200001001,BzBnBzBiBLBDA8A9AtAlAiAlAaAXAPAYALACACB5BwB5BgBVBIBIBJAvAvAlAkAjAfAVAUASAFAA
2611309001001,BoBhBzB/BTBNA9A8AwArAmAjAhAUARAOAJAEABBiBpB6B0BoBQBCA9AzAsAkAkAZAZAWAJAMACAB
2611408001001,B0B2B8B8BqBSBBA+AzApAfAcAUAaANAMAIACAABvB1BxByBgBNBDA3AwAnAeAcAXAVAKAJAHACAD
2611507001001,BvCACUCABVA+AtAsAnAmAsAVAZASAPAUAEADADB5CHB8CABRA1A/A6AtAuAjAbAhAWATAKAMADAD
2611533001001,BmCACNCFBYBCA5AyAoAwAlAZATAWAJAPALACADB0B7CGBxBVBAA9AwArAvAjApAYAaAOAKALAEAF
2611606999001,BXBcBgBlBbBMBGBEA6ApAfAeAXASAPAKAGACABBXBTBdBqBmBaBTBQBDA3AxArAoAkAiAQAKADAH
2611606999002,AqAuA8BQBZBPA9BDBBA5AsAjAhAgAQATAJABADAnAuBABhByBgBRBYBXBRBNA8AqA6A5ArAPANAG
2611606999003,BxBuBzBwBYBNBIBCA3AoAhAUATAOAJAHAGABAABuBrBsByBgBVBUBIA8AtApAZAaAZARAOAIACAE
2611606999004,BYBgBnBoBdBMBOBGA5AuAhAaAWANALAFAEABABBdBgBgBlBiBZBaBUBHA6A2AgAeAbAUAOAJAHAE
2611606999005,A9BCBPBYBQBHA+BDA4AzA0AfAgAcAUAOALABADAzA8BHBgBjBTBTBSBXBRBCA9AyAsAqAiATANAF
2611606999006,BYBaBgBnBcBKBEBDA8AtApAVAZARAMAJAHAAABBSBYBfBoBhBWBVBSBJA8A3AmAmAfAZANAQAGAI
2611606999007,BQBOBYBiBdBQBKBGA/AxApAbAUASAUAJADAHABBIBPBXBpBhBYBVBVBTBGA5AlAjApAaATAOACAE
2611606999008,BdBdBhBpBqBYBPBGA4ArAjAYASALANAFAEABABBVBVBgBpBaBeBcBNBCA1A1ApArAdATANADAGAF
2611606999009,BgBhBhBnBiBXBNBDA1ArAeAbAWAOAPAIADABABBeBbBeBlBmBfBaBNBAA0AuAlAjAcAZAOALAEAC
2611606999010,BfBlBnBmBiBXBSBFA2ArAhAXAUAQAMAFAFACAABeBdBkBqBoBfBdBJBBA4AoAjAkAUAXAPADACAC
2611606999011,BiBlBrBsBeBbBSBHA4ApAiAZAWARAHAGACACAABeBkBkBpBrBfBcBMA7AyAuAZAcAQAVAKAGADAC
2611606999012,A9A/BNBcBXA+A8BBA/A8AzAnAjASAOAMAKAFAAA3BEBPBkBjBYBPBZBcBPBIAwArAlAlAXATANAG
2611606999013,AvA2BLBiBfBAA3A+BABGA0AqAaAbAbAKAHACAAAsAyBKBzBvBSBGBUBeBbBIA6AkAzAiAaASAKAG
2611606999014,BEBFBQBbBVBOBKBFA9A2AuAaAeAWAWAOAGADABBABDBQBeBiBaBYBXBRBIBBAoAyAmAjAYAPAIAF
2611606999015,A2A5BOBgBZBEA0A8BBA6A8AfAnAQATAJAMADACAvA4BMBpBsBWBQBQBWBOBEA7A3AnAnAaAbALAI
2611606999016,BYBZBkBmBmBXBTBHA6AxApAWAYATAOAIABACAABQBSBgBrBlBeBPBUBKA6AzAhAZAaAVAPAFAIAC
2611606999017,BYBcBhBiBfBZBTBFA6ArAhAXAVAUARAIADABADBTBYBiBlBkBgBcBVBCA0AwAmAeAfAYAQAIACAB
2611606999018,BZBUBfBeBjBcBPBHA1ApAmAVASAOAJAMAIACAABbBVBjBoBkBiBZBTBDA3AzAnAkAiAbAIAHAIAC
2611606999019,BZBYBjBqBoBbBSBFA5AoAlATAQATAMAIAIACAABWBYBjBkBkBbBcBVBCAzArAlAlAcAVAQAFAEAE
2611606999020,BkBsByBqBaBYBPBMA/AoAkATAPAQAFAHACABACBeBjBqBtBgBdBeBVBBAyAoAbAbAQALAMAFACAD
2611606999021,BgBlBlBoBnBhBVBFA3ApAcAYATAOAOAEAFABACBfBgBoBqBnBiBXBKA7AxAqAcAjAXARAIAHACAC
2611606999022,BjBmBsBsBmBYBTBCA1AoAkATAVAPAFAGADACAABhBoBrBxBsBiBYBNA4A4AqAWAbAQASAMADABAA
2611606999023,B5B4B1B0BrBaBLBFAwAlAZAZANAKAKAIACAAAABvBxBzB1BlBaBWBEA1AqAZAhAYAOAHADADAAAB
2611606999024,BHBIBRBeBcBSBPBKA8AyAlAgAfAPANAHAHADABBIBJBTBmBoBkBfBfBPBDA5ApAiAfAZARAQAHAD
2611606999025,BPBWBdBjBaBIA/BKBHAvAgAdAXAKANAHACAEAABKBSBjBmBiBcBSBdBbBJAxAqAaAkAZAVAIACAK
2611606999026,BNBJBTBjBgBTBLBBA7AzAvAXAVATAQAIALAAAABQBOBZBhBmBfBcBXBMBBBGAfAqAdAVAWAMADAE
2611606999027,BXBfBeBlBcBWBMBJA/AxAkAYATANANAHACABABBXBZBfBnBoBkBdBWBMA9AzAeAbAVAQAQAGAEAC
2611606999028,BWBhBrBrBiBRBKBHA6AuAnAYAWAOAOAGADABACBRBaBlBqBlBZBXBTBHA7AwAkAYAZAVANAIADAD
2611606999029,BOBNBVBkBdBLBBBGBAAzApAhAWARAKAKAEAHAABIBGBbBkBoBbBUBXBTBLA2AsAiAeAeAZAPAHAE
2611606999030,BdBZBhBmBgBUBNBJA9AxAlAYAUAMANAFACACAABKBVBiBpBpBiBcBYBLA+AxAgAeAZAQALAJAFAD
2611606999031,BiBhBqBhBbBaBbBOA8AqAjAWAUAMAJAGAEABAABaBiBiBoBgBoBkBYBCAzAoAdAiAPANAKACACAA
2611606999032,BXBZBbBoBeBTBKBFA8AsAlAaAVAQANALAFACACBYBRBbBoBjBhBVBVBIA7A1AnAmAYAWATAHAEAG
2611606999033,BVBUBdBgBdBNBHBDA/AxAqAZAXATAKANAGACACBSBNBZBnBjBcBTBUBMBAA0AtAqAbAWAWAMADAF
2611606999034,BQBTBdBoBYBPBIBIBCAzAlAcAOAUAOAMAEADACBPBSBfBqBkBcBUBVBQBEAzAnAlAdAZARAIABAB
2611606999035,BLBQBXBnBdBSBMBLBAA0AnAbAXAXAXAJADAAABBHBPBYBlBjBcBUBcBRBAA0AnAgAhAcAPAKAEAD
2611606999036,BOBVBVBiCBB3BfBPA/AuAvATASANAOAJADACABBNBRBVBfBiBdBSBNBDA6A2AbAmAZAVAGALABAB
2611606999037,BdBbBmBkBjBkBTBCA5ArAuARAPAUACAPACAEABBfBYBeBsBwBrBXBNA/A3AnAjAXAXASAIADAEAE
2611606999038,BSBSBXBrBaBWBOBJA6AtAkAcAYASARAMACABABBOBRBiBlBgBfBfBbBHA5AyAoAnAcAXAQAGADAE
2611606999039,BdBgBlBgBYBZBNBKA8AuAsASAaALALAIAFADAABVBaBaBiBgBlBWBVBJA5A0AgApARAUAKAMAFAD
2611606999040,BfBkBmBgBTBUBOBRA8AqAiAYAUAOAOAIAEAAABBdBfBhBiBfBgBeBZBGAzAqAjAdAaAVALAJAGAD
2611606999041,AvAzBABWBcBCA5A+BAA6A6AwAjAdAbARAKAIABApAwBABgByBZBLBSBWBXBKBFA2AyAhAfATAIAC
2611606999042,BIBIBfBnBZBMBEBMBHA1AfAlAZAVANAGABADAABCBHBYBpBsBfBXBgBZBJA+AiAiAcAWAKAMAEAE
2611606999043,BEBGBOBiBbBKBDBKBEA6AyAdAYATASAEAEABABBBBFBUBuBuBhBaBaBTBNA8AxAlAcAXAOALAHAB
2611606999044,BSBZBbBlBkBWBJBDA8AsAhAiAZARAOAHABAEAABTBSBbBqBjBdBVBRBIBCAzArAlAbAaAPAIADAC
2611606999045,BiBVBbBkBjBUBNBQA/AuAkAaAVALAOAHACACABBVBVBXBqBrBgBZBbBIA/AzAhAdAYAPAMAFADAD
2611606999046,BTBbBgBnBgBRBGBGA4AxAsAaAUAPAQAGAEADABBSBUBiBrBrBeBSBRBMBDA2AmAfAWAYAMAHADAC
2611606999047,BcBgBaBkBcBbBaBPBAAsAcAdATAOALAHAFABABBjBaBeBjBpBoBfBYBEAvAxAaAXAdAHALAFAGAB
2611606999048,BrBmBmBlBjBcBXBGAzAoAiAbAUAMALACACACABBlBhBiBuBqBkBbBOA9AvAmAjAeAOAOAJAFACAD
2611606999049,BgBfBnBrBjBXBOBGA3AqAiAaAVAMAMAIAFABABBXBfBhBtBkBgBYBUBBA1AwAhAiAZARAGAEACAC
2611606999050,BhBqBsBvBuBbBNA+A1AqAjAaAVAMAIAEABACAABiBoBvB1BmBhBUBIA7A2AtAdAUASAMAGADADAC
2611606999051,A+BABPBVBTBKBFBFBCAyAqAmAhAVAbAPAGADABA6A/BNBgBhBaBVBaBSBMBCA3AwAwAiAWAQAJAA
2611606999052,BbBYBjBsBlBeBPBHA3ApAjAcASATAPAJABABABBfBPBdBoBjBfBYBNBBA5ArAoAnAYAWAQAFADAC
2611606999053,BbBhBpBmBcBSBSBIA+ArAgAWATAPAOAJAFAAABBfBhBqBnBeBcBdBbBDA2AsAZAZAZAVALALAAAB
2611705001001,BrBoB1BoBWBLA9A8AzAiAmAeAjAZAZANANALABBXBwBrBoBnBIBCA6AmAyA0ApAeApASASAHAGAB
2611804001001,BsBvBxB4BeBMBDA3AtAmAoAVAeATAQALAKADAAByBkBsB4BpBOBOA8AuAxAkAfAkAUASAIAHAFAC
2611903001001,BzB5CDCIBqBOA7A9AuAiAfAaAYANAMAFAGADADByB5B6B8BhBNBIA9AtAgAbAdAWATANALABACAA
2612000001001,BnBwBoBqBhBSA+A6AyAmAjArAiAcAWARAHAFABBjBkBnBmBfBRBDA2A3AoArAnAoAcAVAQAGAEAG
2612109001001,BbBlB1CUBcBTA/AyAyAnAjAiAXAcAZAGAHABAEBVBkB1CLBmBNA6BCA1AoAnAmAmAPARAKAHACAB
2612208001001,BuBqB7ByBmBNBFA5AtAjAjAWATATANAKAIAEABBpBoB2ByBmBVBOBBA1ArApAdAcAVASANAKADAC
2612307001001,BdByB4B2BaBIA2A3AsAYAsAbApAXAQASALAEAABtB0BoBkBLBHA5A8A2AyAiAzAyAhAWAbAJAHAC
2612406001001,BxBkBqBzBaBDBBA8AwAqAqAeAXAiALAOAJAHACBuBqBmBrBaBKBHA/A0AsArAlAjATAoAKAMAGAB
2612455001001,B+BwB/BrBgBEBDA1AsAmApAmAUAVAVAOAGAGACB+B1B3BtBVBGBAAwAsAiAoAiAbAXAPAOAKAJAC
2612471001001,BjBjCAB+BmBAA7A1ArApAsAiAZARAUAUALADADBlBkB9BzBVBHA/A5AzAvArAqAlAZAZAIAGAHAC
2612505001001,B1BmBnBxBrBWBJA8AsAmAiAXAPANAMAKAGADABBrBnBrB+B1BkBUBFA0ArAlAZAUATALAKAGAEAB
2612554001001,B9B8B9B4BgBNA8A0AsAnAhAjAgANAQAPAJAGACBzB4CBByBLBFA1AxAvAlAuAjAeARARALAGAFAB
2612604001001,CAB8CMB+BmBMBCA2AtAlAfAWASAPAJAHADACACCDB/CAB5BfBLBCA4AsAhAgAYATAOAJAHAGAEAC
2612703001001,B8BuB0B6BhA6AtAxArAhAiAoAXAXAYATAOAIAEBwBvB3BuBHBJBEA2AvApAqAoAgAgAbARAMACAD
2612802001001,BnBkB9B6BfBDA3A9ArAnAkATAXAZAUAMAOAIACBrBsCCCDBdBGBCA6AvAnAwAhAbAXAdAFAHAHAB
2612901001001,B3B8CEB/BhBDA4AsAqAnAgAoAYAUAWAJAIACADCABrB7B3BVA+A5AzArAqAiAiAoAZAOASAKAFAB
2613008001001,ByBuB4BtBVBFA7A1AtApAhAbAZARAWAPAKAFABB3BvBxB4BVBEBFBAA1AsAjAnAdAjAUAUAKADAE
2613008001002,B9CACHB4BdBAA4AyAyApAkAiAgAWASAMAEACADB3B8B9BuBRA7A1AxAoAvAsApAgAOAPAJAOAAAB
2613107001001,BtBwBwBvBZBMA+AzAsAkAkAeAhAYAWAOAJAHABBxBrB2BsBaBKA+A8AxAnAsAiAkAiAXASAGAGAC
2613206001001,BuB2CCB8BaBGA8AvAqAnAcAlAcAWAZAPAIAEABB3BvBsBrBcA/BEAzAnAyApAkAwAXAPASADAEAF
2613305001001,BvBwB1BzBVBEBBA3AuAoAfAiAmASAPAWAFAFAAB7ByBxBoBfBDBAA2AwAlAgAtAkAcAfAQAIABAD
2613404001001,B9B8B4CBBmBNA/A0AqAjAaAaAYAOAQAHAGAEACB4B4B7B/BcBMBBA9AuAmAjAZAhAUAKAIAEACAB
2613503001001,BrByCGB8BgBEA8A1AtAmAgAdAdAQATAMAIAGABBvBqCFBvBdBDBCA5AvArAtAdAeAYAQAPAKAFAC
2613602001001,BbBkB1BqBWBGA8A6AwAtAlAlAgAUAbAUAKAIAABhBhBwBsBTBGBGBAAzAxAvAtArAeAVAWAJAFAG
2613701001001,BoBjBoBnBhBYBPBCA1AlAtATAXAMANAMAGACABBcBhBrBqBmBfBUBLA7AxAnAnAYAeASAIADAGAC
2613701001002,BgBhBqBwBnBbBPBCA1AnAmAYAfAIAMAHAFABACBjBjBsByBsBfBQBIA4AuAlAjAWAXASAJAGADAA
2613701001003,BaBjBtB7BlBRBBBCBAAyAkAWATAQAMAJADADAABUBgBnB0BmBZBLBTBPA/ArAhAeANALAFACACAB
2613701001004,B3B/CBCHBrBPBCA3AwAkAgAhAZAOALAJADAFACBtB6B6B1BhBIBAA2AuAoAgAdAUAUANAFAEAAAB
2613800001001,B4B+B8B/BXBFA6A1AuAlAdAWAdAbAJAPAIAGAABxCCB2B2BYBGBAA3AtAqAgAhAVAcAVAJALAEAJ
2613909001005,BiBiBtBqBhBLBFA5AuAkAgAcAZAQANAKAIAGAABjBlByBxBwBbBSBGA1AvApAlAdAZAUASAHAJAD
2613909001099,BmBuCMB8BXBCA6A5AwApAkAlAlAUAVAVAIAFAABfBvCIBrBPA7A9AzAwArAtAmAoAVASALANAEAF
2614006001001,B7B4CCB1BeBRA8AvAsAiAgAaAWAQAOAUAHAJACB4B5CCBuBbA9BAA5A0AlAXAkAhARAVAKAKAGAE
2614105001001,BeBnBrBpBaBFBGA8ApAiAiAcAfATAWANALAGACBgBSB1B1BkBQBLBFAvAxAzAkAnAgAXAfAIAHAD
2614105001002,BiBvCBB/BWBFAuA3AoA2A8AiAbAcAYAPAMAFABBlBnCBBqA9A8BABCArAxA0AeAoAXAbAQAEAEAB
2614204001001,B1B9B8CDBvBSA/A3AqAhAlAUAYANAUAHADABABB5B1B+B9BnBNBDA1AvAiAfAcAYAQAIAJACABAB
2614303001001,BtB0CACBBdBHA9A3AsAnAoAdAcASARALALAEABBmBxCCByBXBBBAA2ArAmApAlAZAaAPASAHAMAE
2614402001001,BxB3CLCJBXAzA+A0ApAqAeAcAhARAQAMAOAEAABwCDCAB4BNA9A+AqAyAqAtApAjALAWAKAEAIAE
2614501001001,BeBlBoBtBdBIA9A7ArArAmAaAcAYAPAPAKACACBfBaBtBzBsBSBLBFA5AyAwAlAdAdAaATAOAEAE
2614501001002,BnBoCCB5BeBHA4AvArApAxAcAaAeAcAMAKAIABBkBrBzB1BZBCA5A0AvAqAzAiAfAcARAYARABAA
2614600001001,BoBkB9BzBbBDA/A5AvAiAnAgAgAcATAPAIAFACBmBmBtBvBbBDBAA+AwA9AwAqAbAeAWAQAJAJAA
2614709001001,BVB1CAB4BZBGA7A1ApAnAdAiAZAXAdAMAIABABBqB0CIB2BRBGBFA7AtAsAmAoAfAiAQASAKAEAC
2614808001001,B4B3B/B+BdBFA+A1ApApAlAaAcANAOAOAPAEAAB3BvB9BxBVBEA8AzArAsAlAkAcAaAXARALABAB
2614857001001,B3B/CQB8BpBKA+A6AtAkAoAaASATAJAIAFABACB/B9BoB4BdBRBBA9AvAgAcAcAZAMALAIACABAF
2615003001001,BnBsBuBtBdBNBEA6AvArAiAjAYAWAXAQAKAFADBpBuByBlBeBQBFBBAvAwAhAmAkAXAPAPAPABAD
2615102001001,B3BmCEBxBKA0A+AtAnAuAkAcAdAXAcANAEAGAEBwCPB3BpBUBBA4A8A2AnAoAgAhA2AOATAHAGAD
2615201001001,BtBmB3ByBtBPBGBBAuAmAtATAQAXAUARAJACABBvBoBoB1BhBMBJA+AwAlAhAjATAhAVAHAQACAD
2615300001001,BqBvBxB1BiBDBAA4AvArAkAdAYARAUANAHACABBhBsBvB2BiBLBEBAA3AxAnAkAgAgAUALAKADAC
2615409001001,B7BrBwBzByBbBDA6AqAgAbAaAQATAOAJAEAEABB4BtBuB3BzBVBPA8AuAoAcAeAYARANAIAIAFAD
2615508001001,BhBpB1B+BsBNBJA6AwArAjAjAaANANALAJACADBgBpB7B8BmBaBGA5A0ApAfAiAXAXAMAMAFAAAA
2615607001001,CCB4CEB1BcBGBBA1ArAhAgAbAYALAKAOAHACACCFBrB9B0BZBLBFA7AyAkAoAgAiAQAPAJAGADAC
2615706001001,BbBnB0BvBSA7BBA3AqAjAjAlAeAUAUAUAMAFABBeBjCCByBNBNBIA9A1AoAtAsAxAgAdAYAJAGAD
2615805001001,CGB/CMByBSA8A3AxAmAkAaAlAfANAVAMAIACABCICBCHB0BRA9A8A0AqAlAgAlAeAVASAOAJAFAA
2615904001001,BcBbB7B3BSBCBAA+AvAlAkAoAgAhAWAOALAEABBaBZB2BrBTBABGA9AyAxAsAsA0AZAaAcAPAGAD
2616001001001,BoBnB/B4BcBEBDAzAxAoAmAeAdATAQAIAKAHADBoBnB4BxBZBHBJBEAyAtAkArAeAUARAPAPAHAB
2616100001001,BwBzCBBxBUBBA9AyAyAmApAbAhARAQAQALACACB3B1CABmBaA9A6A2A5AoAuAlAeAWAXANAQACAE
2616183001001,BiCECGB8BIBAAwA5AtAlAfAfAYAZAUAUAMACAEBlB5CNB1BUA3AtAqAzAnArAiAeAqAhARATADAB
2616209001001,BkBpByBuBgBDA6A2ArAoArAgAjAYARAWAKAIACBhBeBxBuBYBJBBA7AuAtAyAiAfAgAaAWATAIAF
2616308001001,BzB5B9CDBkBFBAA6AzAoAlAYAUATAPAFAGAEABBxBwB4B/BaBMBFA9A0ArAcAgAbAPAPAGAFACAD
2616407001001,BhBiBoBxBhBQBGA+AzApAgAeAYATAOALAGADAABcBiBnBzBnBaBRBKA8AzAtAhAfAYAUALALADAC
2616407001002,BnB5CCCJBvBUBCA0AuAoAlAiAhAMAWAJALAAAABpByB7B6BXBIA9A3AoAmAjAgAhAOAKAGABADAD
2616506001001,CJB9CGCBBfBCA3AuArAmAgAZAZATAPAMAKACABCEB6CABvBbBIBDA2AsAkAjAYAcAVAJAHAIACAA
2700102001001,B+B3CQCOBgA6A+AuAfAsAdAjAeAOAPANAEADAAByCCB+B8BXA4AzAyAwAvAlAgAdAXAOAMAFADAC
2700201001001,B3B6B5CCBhBCA8A4ArAnAfAeAeASATALAIAEAABwB2B6B0BfBHBFA4ArAoAoAdAcAZAKAIALADAA
2700300001001,BuBtBuBsBeBLBGA9AvApAjAbAUAQALAHAFACABBtBsBxB1BtBVBTBHA4AxAnAhAcASANALAEADAC
2700300001002,CBB7CAB4BeA7BGA4AyAnAnAaAYATAIAHACAEABB4B8B5B2BcBUA8AyAqAsAjAdAWAXAPALAGAEAD
2700409001001,B4B4B0B8BlBLA/A2AuAqAhAaAWAUAHAGAIABABB1BtB2B6BrBOBDA/A2AtAhAYAXATAMAHAJAFAB
2700409001002,CMCECCCHBlBIA6A2AuAmAhAdATAQAQAHAEAFACCLCGB9ByBYBBA0A0ArAnAUAeAUATAJAFAFACAB
2700508001001,CTCBB1B5BoBPBBA5AqAlAaAdAPAUAOAJAAABAACKB6B+BxBqBSA6A2AuAiAZAVAXAJAOAGAFAEAC
2700607001001,BuBqBvByCOBcA+BJAtAkAlAUANAIAMAGAFADAACABqBnCQBtA/A/BIA3AlAeATAcAKAUAFAEAFAC
2700706001001,B+B+CFB0BUBCA/A+ApAkAhAYAUASAOAJAFADABB7ByCFBzBfBIBGA6AxApAiAfAYASALAMAHAEAD
2700805001001,BtBxBwB4BdBCBAAvAoAlAsAUAYAbAKALAIAFACB/BiB8B+BxA6AxBNAxAeArAgAbAnAMAGATANAI
2700904001001,B3B3CFB/BfBUA7A1ArAnAkAXAUAWAKAJALAEABCHCHCPBuBSAtBIA0AyAdAfAcAWAaAOAHAIADAC
2701001001001,B6B2B+CBBqBLA/A7AxArAkAaAQAOAJALAGACABB6B5BxB8BhBQBGA4AuArAfAaAYAOAHADAGAEAC
2701100001001,CDCKCHCOBqBJA5AvAuAlAkAaARALAPAEAFADAACVB8B8B4BjBCA0AuAwAmAbAZAeAHAIAFACACAB
2701209001001,B9B3B+BuBYA9A+A5ArAmAfAdAkANARAQAFAEABB+B6CJBqBVA/A8A6AzAjAkAhAfAYAXANAJADAF
2701308001001,B8B3B8B/BmBFA6A2AtAmAeAZAVARAPADAJADACCHB8B5B9BhBDBCA3AuArAZAnAXAQAQAHADAFAA
2701357001001,CFBxB9CKBaBPA0A1AkAfAYAiAbAYAXAGANAEAACFCBB2B9BfA8A6A1AvAnAkAWAbAZAJAIADACAG
2701407001001,B0B3B4B7BnBRBBA4AuApAkATARAMAIAHADABACB3CbCHCBBiBRBDA3A0AiAfATAXAOAGAEADABAA
2701506001001,CCB/B+B9BeBAA4A6ArAoAlATARAUANAKAJAFABCDCACKBzBXBCA7A4ArAqAiAYAiAQALALAEAGAB
2701605001001,CQCFCIBxBWA/A5AyAjAfAmAdAWAWAMAIALADACCTCGCKBuBRA6A3A2AnAgAnAeAbARANAOANACAC
2701704001001,B/B+B/CGBeBNA6AvAvAlAbAcAOASASAOAEABABB9CLBjCBBeBJA7A3AjApAiAfAeARAYAFAHACAA
2701803001001,CVCDCQB0BTA6BCAqAjAgAXAdAcAXAJAHAHADAACYCICABqBPBFA9AyArAjAXAkAbAQAUAMAPADAD
2701902001001,B9B7CUCaBmA/AzAyAmAmAkAXAOAYAMAMAFAAACCLCOCJB9BQBCA4AlApAhAkAZAdAQAGAFAGACAC
2702009001001,CPB4CCB4BgBFBFA+ApAlAeAeAZALAKAJADAFABB1B7CBCABZBLBGAzAtAiAjAcAUAMAIAKAKAFAA
2702108001001,CLB8B2CHBhBHA7AwArAoAcAjAdAPAPALAEAFACCBB4BzB0BdBFA6AyAuAqAoAWASAcAPAGAKACAD
2702207001001,BsB6B0B6BpBUBBA8AzAsAdAXAdAMAYAPAEACAABqBqB2BvBTBVBCA4AzAtAqAWAQAlANAOAHAFAE
2702306001001,BwB2B2CGBrBIBEA5AyAlAdAZAQAQAMADADADAABxB2B6B+BpBWBJBCAxAmAlARAWATANAIADADAA
2702306001002,CBCFCCB+BmBOBFA7AuAkAlAUAYAKAKAJADACABB9B/CBB2BgBJA/A5AoAmAeAZATAPAMAGADABAA
2702355001001,CFB8CEBzBdBABBA1AuAkAiAbAUATANAHAIACAACGB6CBBzBcBKBDA4AvAqAkAXAVAUAPAIAFACAB
2702405001001,BwBwB5B1BZBDBBA5AtAmAqAaARATAPAOAHADABBtBsCAB0BkBMBFBAAzAuAnAhAbAcAPANAFAFAC
2702504001001,CGB7B3BrBXBFA+A0AnAkAeAiATAXARAJAMADABCGCAB/BxBgBCA5A4AuAlAjAiAdAVAQAUADAFAB
2702553001001,BoBtCHB9BTA4A2AzAmArAtAeAdARARATAJAFABBqB0CGB3BbA+A4A1AvAtAuArAgAcAZAMAHAIAA
2702603001001,CAB+B7B8BhBDA+A4AtAmAkAYAYAOAPAMAEACAAB7B4B/B6BfBBA8A3AvApAeAoAcAUAPAIAFAEAB
2702702001001,CFCDCIBsBRBEBBBHAvAtAeAJASAVALALAMAHAAB/COByBzBSBAA9BTAuAeAmATAbATAIAPACADAA
2702801001001,CMCCB4B9BrBJBBA0AwAkAmAfASAVAKAHAIAHAACJCCB0BrBeBGBAA1ApAmAdAaAQAOAPAHAIABAA
2702900001001,B/CRCCB/BgBAA8A0AkAqAdAfAVARAMALADAHACB9BuCGB/BdBAA9A2AyAmAiAZATAVARAGAFAEAB
2703007001001,B+CICBB6BeBAA8AwAlAjAcAgAXAZARANAHAGAACJB1CBB7BTBCA7AyAxAoAcAiAWASAMAOAJAEAC
2703106001001,BrBwCHCCBhA8A4AyArAmAiAjAaANAPALAJAKABBmB5CFCFBaA/A9A1AtAuApAkAdAcARAKAGADAB
2703205001001,BxB8CLB9BeBQA9A3AxAtAZAWAUAUARAMAGADACBxB6CGB4BTA8A7A+AwAgAmAdAhASARAGAFAIAB
2703304001001,CECsCCBxBKA3AxArAjAjAZAeAUAVAOAHAEACACCaCQCDB2BVBBA7A6AnAgAeAfAaAZAOAKAJAEAD
2703403001001,B7CJCBB+BjBIA8A0AuAjAdAXAOAKASAGAHADAACDCCCPB2BQBCBCA+AsAlAbAdAZAWAPAKAAACAC
2703502001001,CKCBCFB6BrBHA7A4AqAkAmAfAkAJARAMAKAFADCKB/BzBxBXBAA7AyAnAiAaAeAXARALAEAIACAB
2703601001001,B/B5CMBwByBGBBA3AyAiAbAbARAVAQAFAOADAAB8CFBxCFBpBPA/A3ArAgAbASAOAXAGAHAHADAC
2703700001001,B1CDB/BxBhBOBMA7AsAjAjAXAXANASAIACACABCOB2B/BsBmBTA+A+ArAiAjAXATAQAPAEAFADAA
2703809001001,CWB/CACEBpBFA3A4ApAkAkAXATAUANACAJAGACCICCB8B4BdBHA9AzAoAkAWAbARAQAJAFAJAEAC
2703908001001,B7ByCGCUBtBLA7A9A6AlAXApAmAGARAMALACAACACGB3BzBdBAA8AtAiAgAhAWAUAOAGAKADAAAA
2704005001001,B2B8CDCFBfBFBBA3ArAnAjAYAeAMALAGADAEABByB6B7B9BhBFBCA2AwAoAdAiAeAMAJAKAMAHAC
2704104001001,B5B6B9B6BgBEBAA0ApAfAqAYAXASAOAGAGABAAB3B5CFB5BnBKBDA4AtA2AlAeAOAQANAKADACAC
2704203001001,B/B9CGCGBXBCA+AzAuAkAlAVAXANALAKAGABACB+CCCHB6BbBDA/A3AuAoAnAYAXATAJANACADAE
2704302999001,B1BtBnBsBeBWBVBGA4ArAjARAOAIAJAEACACAABxBoBsBqBtBpBiBPA/AsAkATAUAOAGAEAEACAC
2704302999002,BXBeBlBpBaBOBMBNBFA0AmAUARAHAGAFABABAABTBWBoB8B2BkBiBaBXA7AqAcAVALAMAHAEADAA
2704302999003,CAB1BzBuBcBOBNBGA4AqAcARAMAJAFAFACABAAB4B0B1BvBjBfBaBQA9AtAgAUAQANAHAGABABAC
2704302999004,B1BuBnBnBpBZBPA8AwAlAdAZAOAQAKAEAEADABB4BoBpBuBuBkBUBFA4AtAnAXAcARAMAIAGAGAB
2704302999005,BzB0BvBrBfBRBSBIA6AtAkARAPAJAFAFADABABBuBwBsB0BqBgBdBOA9AsAbAcAQAMAHAJADABAA
2704302999006,BMBMBXBiBeBPBIBBA4AtAkAdAWAVATAMAHADACBLBLBVBsBtBfBVBYBIA8AtAvAlAnAiASAPAKAF
2704302999007,BQBPBdBkBZBOBIA+AzAzAkAfAeAQAQAHAEAFAABNBQBXBsBnBaBcBbBPA3AwAoAoAaAnAYAIAHAD
2704302999008,BpBpBcBqBkBYBKBCAxArAmATASARAEAHAHADACBmBeBlBrBzBjBTBHA+A3AqAhAaAVAPAPAIACAE
2704302999009,B+BkBlBvBsBdBGA9AtAoAdAdATAOANACAAAAABB6BmBoByB2BhBMBCA3AwAkAgAbAKANAKAFABAE
2704302999010,B8BzBtBkBfBZBVBLA6ApAeAUANAKAFAFADABABB1BuBqBsBpBmBiBLA8AqAdAWATAKAMADADACAA
2704302999011,B4B0BuBpBfBaBVBHA2ApAdASAQAJAHADABABABB1BtBpBxBoBnBjBOA4AsAgAUAPALAFAIAEACAB
2704302999012,BMBLBWBdBgBWBLBGA6AvAtAZAWARAMAIAFABABBKBKBWBsBzBoBfBcBJBAAwAxAoAbAWAMAKAEAE
2704302999013,BvBrBlBuBfBUBOBFA8AwAfAXANANAEAFACAAAABpBoBrB1BwBjBgBPA/A0AiAZASAJANAEAEABAE
2704302999014,BpBkBhBkBgBTBNBMA5AtAiAVATAQAIADAIABAABmBkBsBxBtBiBZBMBCAzAlAdASATASAIAHADAC
2704302999015,BOBNBaBsBjBLA8BAA4AzArArAaAOALANAEADADBLBJBbBzB5BXBMBTBNBFA2AuApAZALAPARAAAH
2704302999016,B4BqBrBuBkBTBMBFA2AzAnAMATAOAFAHADAAAAB1BpBqByBpBYBTBMBAArAeAcAPARANAIAIACAB
2704302999017,BwBoBjBsBtBdBNA8AzArAjAWAPAMAIAFABACABBsBpBpBxB0BpBZBIA6AxAlAdAUAQAIAHAEACAC
2704302999018,A/BCBRBoBkBQBCA/A9A5AvAiAZAPAOAGADABAABABCBYB2B2BkBYBXBUBMBDAqAbAkARAPAJAFAE
2704302999019,BKBQBfBqBgBSBEA/A0AtAsAbAUAQATALAEABADBGBNBWBwB3BhBZBRBJBBA+AnApAdAeANAGACAE
2704302999020,BiBXBbBnBjBXBIBBA2AsAmATAWAQAOAHAGAGAABeBYBbBqBtBgBYBSBCA6AtAlAhAbAVAUAHAEAC
2704302999021,AzA5BNBlBaBAA4BABFA7AvApAiAZAIAIAFACAAA0A8BQBzB/BmBUBhBYBMBFAzAoAeAbAYAMAIAD
2704302999022,BrBpBjBtBgBZBPBCA0AnAmAQAQAPAHAHABADAABtBkBqBxBsBfBYBNBBAzAoAaAcASAPAKAFACAB
2704302999023,BmBiBkBrBiBUBJBDA4AvAjAZAQAQAMAFAEACAABkBfBmBzBuBiBYBNBCA4AnAeAXATAMALAFADAD
2704302999024,BwBxBiBoBlBZBPA/A0AoAgAWASALAJAEAHABABBuBgBjBuBqBiBXBJA8AyArAbAaAXATAHAEAEAB
2704401001001,B0B9B+BvBeA/BAA0AsAlAhAhAeAWAKANAGAFACB1B5CCBwBWA/BBA8AxArAmAgAdAVAPAGARAIAA
2704500001001,CRCEB5B6BrBOA8A1AsAiApAZASAQAGAHAFACACCMCGB5B7BhBOBBAyAoAiAaAXASAMAHAFAHABAB
2704609001001,CBCNCRBvBTA6BFBAAvAjAYAcASANAKANAGABADB7CUCSCCBTBCA7A+ArAiAbAYAQASAKAFAHAAAB
2704708001001,CCB4BxB5BkBUBBA6AyApAgAWARAQAMAHADADAAB9BzBxB1BrBUBHBBAzApAcAZAWAPANAIAEADAB
2704807001001,B1BtB4B3BhBIA5A2AsAjAqAXAaARARAJAGAEABB2BoB6B/BiBHBFA2A0AuAoAnAfAUARAJAIAFAD
2704906001001,BuBoCEB+BoBKBJA0AgAbAnAYAaAWAUAZAHAGAABfBvB6BxBdBJBHA1AsA2AtAeAaAkAXAAAEAAAD
2705002001001,CGCJCJB9BRA/AxA1AoAgAoAWAaALAPAKAKAKACCNCACJBvBYA5A8ArAoAyAqAZAYAQAMAHAMAGAB
2705101001001,CDB7B1B9BrBIA9AyAtAmAkAVAQAXAQAIADACACCOB2B6B7BiBNBBAzAvAkAgAXATAVAPAHADACAC
2705200001001,CGBvB4CABsBTA9A0AqAnAeAbAUAQAPAGAEAFAACJB0B1B8BkBPA/A8AtAnAkAUAWAOAPAHACACAC
2705309001001,BkB7B5CCBpBMA8AzAgAlAqAjAfAPANAMAEAGAAB2BnB7B1BrBIBFAxAtAxAoAfAVAYALAUAFAAAC
2705408001001,CNCBCJBzBbBAA0AwAqAfAcAXAVAUALALADAFAFCSCCCGB8BWBCA+AvAnAkAiAcAlALATAFAJAIAA
2705507001001,CDB9B+B8BiBHA7AzAvAkAlAVAXAUARAJAEADAACAB9B8B2BdBLBBA1AsAnAgAZAXATASAEAGAEAA
2705606001001,CBB/B/COBnBKA5A3AvAeAkAUAYAcAMAPACADACCBB7CEBtBeBCA+AwArAnAdAdAVAMAPAIAEAEAB
2705705001001,CDByB7BwBZBFA+A1ArAiAcAaARAVARAHAFAGABCGB6CCBzBiBLBFA4AxAlAhAfAUAYASAOAKADAF
2705804001001,CMCUCWByBUA+A8A1AqAbAZAjAYAOAQAEADAHAACECNCLBtBSBEA/A2AsAiAVAoAOAXAKAJAHACAC
2705903001001,B5B3CMB9BqBABCA3AqAfAYAoAmAKAQAGAAAEAACKB9CGB2BaA2A0ApAwAtAfAmAgAOATAEACAHAC
2706000001001,CQCKCOB2BbA+A6AwAnAhAgAdAZAUALAKAKAFADCFB4CLBlBUA+A2AwAqAoAbAmAZAbAOAIAIAJAC
2706109001001,CGCCCOCLBrA/A9A1AmAfAbAhATARAIADAFAEAAB5B9CYB3BKAuBAAxA1AkAlAfAcAMAPALAJAGAA
2706208001001,COCRB2B5BgA3A+AvAgATAbAaAdATAIALAJAGAACcBwCLB0BZBRBAArAnAkAoAXATAYATASAIACAA
2706307001001,BlBkBsBvBbBFBFA5AuApAjAhAYASAMAMALAFABBfBhBrB2BkBRBMBGA4A0AzAjAgAfAWAOAIADAE
2706307001002,BwBzCAB/BdBCA7A4AoAmArAgAdAYAQANAIACABBuBrB7B6BbA+A+AzAvAsAlAoAhAVAMAQAMAFAB
2706406001001,CICFCCB1BYA+A8AxAoAjAhAXASAVANALALADABCKCDCDB2BXBBA7A3ArAmAfAdAeARAQAJAMAFAE
2706422001001,B/B8CBByBaBDA7AvAjAlAqAkAaAPATALAJAHABCCByCBBxBoA4A9ArAoAkAhAsAbAPAcARAHADAF
2706448001001,CCB3B0B0BvBPA7AzAqAkAeAYAWAQAOAEAEAGAACJB6B0B3BvBUBEA3AvAqAaAdASASAIAKAEADAD
2706505001001,CDCGB/CIBoBPA+AxArAkAfAVAWAPAOAMAGADADCBCFB+BzBhBEA1AxArAlAaAYAXAQAQAHAEADAD
2706604001001,BpCNB6B6BhBFAwAuAsAoAhAaAWAMANARAMAGAEBlBxCLBoBmBMA1A1ApAwAqAhAfAVAVAZANAGAC
2706703001001,B2BzB7B9BgBGA9A5AwAnAgAWASASARAJAFAEABB0BuB3B5BfBLBGBAAzAsAlAbAbAaARAKAFAEAD
2706802001001,CABvB7CBBiBOA7A5AsAiAbAaAdAVAOAHAEAEABCABwCAB4BWBEA+A3AvAoAfAhAcAVATAKALAEAD
2706901001001,B1BwB2B8BoBTA7A5AwAqAhAYAUANANAMACAEAAB7BtB2B9BqBMBEA8AyAqAjAdAWAUAKAMABAFAC
2707008001001,B2B6CBB6BpBGBCA1A/AcAYAUAjAWAgAGAAAHAAB8B5BsBoBqBJA+AyAlA5AcAWAoALANAKAFAKAA
2707107001001,CUCGCMBxBZA/A8A3AoAmAbAiARAKAKAFAEABAACPCICLByBdBKBIA4AuAjAcAZAPAMAJAHADADAB
2707206001001,CQCNCNB6BZBBA+AzAnAfAfAZATASALAIAEAHADCSCECLBsBKBBA7A2AoAiAeAaAXARAMAIAMAGAC
2707305001001,CIB+B3B7BsBNBAA3AsAjAjAUAaAPAMAGAHADABCCB/BzB2BmBJBAA0AtAnAcAbAYAOANAKADABAC
2707404001001,B8CPB2B9BpBQBCA8ArAkAbAbAgAOANAFACAEAICTCHBvB2BdBCAyAxApAfAkASAbAVAIAFAFAEAD
2707503001001,B8B9CDB2BlBDA4A1AqAnAgAYAcARANAKAFAGAFB3B3B/BwBUBIA7A3AuAoAjAjAhASAVARAHABAG
2707602001001,BzB+B+B1BjBIA3AvAsApAZAoAbAVASANAGAEADBxB4B5ByBaBEBDA1AsAwAkAjAZASAVANAKADAG
2707701001001,B7BzBrBsBhBSBKA/AzAqAgAYATAOAOAIAEABACBxBuBrBsBlBaBQBFA6AsAjAdAdAQAOALAFACAC
2707800001001,CNBzB+B7BzBKA+AuAuAqAfAdARAQAIAFAHACABCUCAB+CEBiBCAzA0AxApAYAcARANAHAGACAEAC
2707909001001,B5B9B4B6BiBZA7A5AnAqAfAaAWAPAIAGAFABAFCHBxBwB5BqBSBIAvA0ApAhAZAXANAIALAJACAG
2708006001001,B6BwB3BsBbBIA/A4AqAgAfAaAPAUAMAGAIAGACB7BwB+ByBgBQBOBBA0ArAnAgAcAWAQAMANADAE
2708006001002,CmCFCIB0BQBFA4A0AhAlAgAcATARAJAPAOAEAACECHB/BxBhA4A2A0AvAoAbAjAUAPALAJAFAHAC
2708105001001,CEB8CLCFBdBHA0AzAqAlAeAXARAQATAMAHADABB+CFCFB7BTA7A5A1AqAnAiAeAgAUALAMAHAEAB
2708204001001,BvB7CFCBBpBJA8A0AsAlAqAeAMASAOALAKANACBtB3CDBuBVA+BAA3AxAfAmAWAkAYATAHAMAIAC
2708303001001,CKB+ByBzBfBDA/AyAvApAiAYAZAPALAKAIAEADCEB3BzBuBbBLBDA1AyArAiAfAgAPAUAKAMABAB
2708402001001,CjCDCBB5BPA4A3AwAkAeAhATAaAMANAOABABABCeChCXBwBPA8A0AsAnAiAeAcATAXALAQAHAEAC
2708501001001,CUCEB5B+BqBRA6AwAsAmAfAYASATAGAHAHADACCUCFB1BxBmBJA7AxArAlAbAVAVAIAPAGADABAC
2708600001001,B5B0B3B+BnBLBEA5AxApAgAaAUAOAJAHADACAAB1B2B1B8BlBRBHBCA0AqAfAbASAUANAGAFADAB
2708709001001,B0B1B0B2B5BSBBAvAxAoAhAVARAfASAFAKACAABkByBzBxBpBRA/A1AxAnAcAkAXAeALAPAJAIAC
2708808001001,CDCBCFB1BcBHA8A0AuAqAiAaATANAJAOAIAEAACDB5B6B7BhBBA+A4AuAkAkAYAeASAPAHAIAEAA
2708907001001,B1B1BqBrBnBVBPBEAyAoAiATAPAQAKAHADAEACB0BiBqBqBrBdBZBIA5AsAiAeAXATALAHAEACAB
2708956001001,CeCKCNBsBWA+A+AtAlAdAhAcAWAMAKAHAJADABCeCRCNBnBUA+A+AzAlAfAhAbAYAQAIAKAJAGAC
2709004001001,BsB7CACIBgA/A2AmApAgA0AiAZAVAUAKAIAFAABtB3B+B0BZBAA7A8AxAtAnAXAkAeAKAKALAIAC
2709103001001,B1B2CKCABZBBA8AuAoArAeAmAZANANAFAHAIABBvB1CIB5BcBCA8A9AvAqAnAiAhAUAKAKAFAEAK
2709152001001,CLCBCGB8BkBFA/AzArAoAhAVASAMAIAHAEADABCMCAB/CABhBLBBA4AsAmAhAUAQAPADAIAFADAC
2709202001001,B4B9CTCHBaA8A5A1ArAhAlAYAdARASAGAFABAACAB5COCIBMBCA+AwArAkAlAWAkAUAMAEAHACAC
2709301001001,B3BsByB0BfBGA7AwArAnAjAXAXARARAMAJAGABBzBwB3B2BiBTBFBDA1AuApAhAgAUALAMAKAGAC
2709301001002,CSCHCBCEBkBBA8AzAqAoAkAXAfAOAIALAGABABCTCACDB4BVBAA2AwApAnAfAWASAMAGAJAIADAB
2709400001001,B2B0BzCCBlBFBBA2AtArAfAWAXAOAQAOADAFACB4B2B3B2BhBIA/A5AzAqAhAdAbAZAWAIACAFAG
2800100001001,B9BgB+ByByBHBEA2ArAlAoAVAgAbANAAAPAEAAB1BuB8ByBOBSBAA5AzA9AjAeAgALAEARAKACAA
2800209001001,BwBsB5BvBZBJA8A2AwArAkAeAgARARAMAJAEADBxByB4BrBcBHBDA6AyAtAtAeAeAaAWALALAFAD
2800308999001,A+BABKBeBbBRBABBA1ArAjAeAQAUAaAPAMAEACA4A7BUByB3BeBaBSBCBCA8AwAqA3AiAkAUAMAK
2800308999002,AtA4BXBqBeA8A2A2A+A/AyAtAfAUATAMALAGABApA0BVB8B2BWBKBTBTBRBEAxAtAkAeAgAWAIAI
2800308999003,A4BEBbB0BhBEA/BMBFBBAuAhATARAIAEAFADABA5BDBZB+B+BlBWBiBSBMA7AlAbAQAUAIAHAGAF
2800308999004,BbBiBqBsBsBTBNBKA+A2AlAYAMAPAFAEAEACABBcBXBjB2BzBjBaBaBIAzAiAdAMATAJAFAGADAA
2800308999005,BpBgBqB7BnBUBKBLA5ArAmAXAUAJAGAFAEACACBiBlBuCABuBZBZBSA5AqAlAWAYAMALAHAEACAB
2800308999006,BNBLBoB/BoBOBCA/BGA+AnAXARAGAGAGACABABBEBKBmCDB+BeBYBZBcBLAsAcAVAQAKAFADADAE
2800308999007,BdBgB9BvBdBFBKBSBJAyAmAJAJAGAHAEACAAAABXBiB4B+BuBYBcBqBPA1AkAPAOAMAJAGADACAC
2800308999008,A8BABaB1BtBJBDA+A/A7AwAfASANALAFAHAEAAA9A/BeCECDBlBXBXBTBOA6AmAgAUAMAMAEAEAC
2800308999009,BPBWBbBvBlBWBMBDA6AtAmAeASAGAJAEAEACABBQBNBhB4CCBpBjBYBLA9AvAeAZAUAQAIAEAEAB
2800308999010,A4A8BZBsBnBLA9A6A5AxArAsAeAMALAKAJAAABA5BGBWB7CDBmBbBUBMBDA4A0AfAjAgASAHADAD
2800308999011,BOBLBVBpBnBYBJBBAyAoAmAeAWAYAQAJAJABAABLBNBWBxB2BrBdBNA/A9AwArAlAcAZATAIAJAE
2800308999012,BdBaBgBsBxBhBQBBA0AkAgAbAVATAHAGADADACBZBcBfB1ByBnBWBOA6AvArAfAeAXATAQAGABAC
2800308999013,B7BzBsBwBoBdBUBIAxAjAbAUAPAGADAFAAABABB5BvBuB4BwBjBdBKAwApAgAVAPAJAJAEABADAC
2800308999014,BNBPBrCEBmBHBAA8BFA9A2ASATAKAKAGAAABAABIBSBpCFB1BcBKBUBTBHA3AcAWAJAKAHAHABAD
2800308999015,BgBXBbBlBkBbBaBHAyAqAoATAMAPAQAKADAAABBdBYBjBzBtBsBfBKA5AzAsAfAfAZAWALAFAFAE
2800308999016,BtBkBnBvBoBaBRBDAzArAeAVAXAKADADAFADAABmBhBqB2B4BrBaBLA2AuAfAgATAOANAIAGABAE
2800308999017,BcBTBbByBwBiBRBFAqAvAnAeAcAJAEADABABAABdBcBfB3B8BoBcBCBIAvAuAiAYATAPAEAIACAB
2800308999018,CHB7B5BvBiBaBYBIA0AiAVAYAHAJAFADADAAAACAB0ByBvBuBgBaBJA0AjAgAOAOAJAFABABADAC
2800308999019,BxBrBwByBnBeBPBCA0AqAcAYAKAOAFADAFACACBrBoBnB0B3BkBZBJA0AtAiAdARANAIAJAEAEAB
2800308999020,BUBSBfBiBaBgBLBEA1AqAjAbANAXASAFAEACACBQBRBcBrBmBWBZBOBHA2A0AfAiArAbAWATAKAF
2800308999021,BcBeBaBoBlBXBSBFA0AmAhAaAUAKAMAKAFADADBYBZBkBtBvBkBiBQA5AvAnAlAaAjASAOAMABAF
2800308999022,CgCJBtBoBhBiBYBBAqAgASAQAFADAIACAEAAAACcB9B2BzBsBkBSBDAvAgAVAMAQAIAAAAADAAAA
2800407001001,BzB5CEB8BjBMA/A5AwAnAXAeAZAOATAKAHACAAB1B4CEB5BYBJBDA5AwAkAdAgAbARAOAJACABAF
2800506001001,CAB5B6B3BtBWBIA3ArAiAWAcASAVANALAGAEACB/ByBsBzBlBSBBA8AsAkAeAaAZAUAMALADAEAD
2800605001001,B7B1BuBuBkBYBQBFAyAoAdAUAXAMAHAGACABABByBtBrBuBpBgBRBIA2AlAlAUAUAQAHANAIABAE
2800670001001,B2ByB3BwBiBTBHA/AvAmAiAdAUASAFAIAHAFABBtBwBxByBhBUBJBAAuAsAlAhAYATALANAGAGAG
2800704001001,CLCECGB8BgBHA/AwAnAnAaAYAVAXAUAKAEACABCWCGB9BoBMBAA2AtAuAmAZAaAeAcARAQADADAC
2801009001001,BxBtBsB9BdBQBGA8AyAnAgAfAYAWAMARAMAFAABpBqBmBoBgBLBJA7AyArAiAlAkAVAdAOAHAGAC
2801108001001,CACGCHBwBmBFBJA+AyAlAhAVAaAYALAEAKAHADB5B+B/BoBNBIA9A1AcAiAyAbAXAXASAGAHABAC
2801207001001,CTCFCHBzBuBRBGA1AoAfAgATAQAKAIAHACADAACUCCCCBzBkBRBAA0AlAeAYAXAWALALADAJABAA
2801306001001,B2B1B+B+BkBFA9A2AsAnAoAWAUATATALAKACACBzBxB6B4BbBGBBA6AzAnAiAfAbAcARAKAGAEAC
2801405001001,BxByB1BwBZBIBEA7AuAoAqAdAYAUAVAOAJAGACBvBqB3BtBUBHBGA+AuAyApAgAdAXAQALAKAGAE
2801504001001,CEB5B0ByBbBNBEBEA1AmAWAcAQAMAMADAIAAABB7BwB4BzBjBXBSBKA1AmAZAYAcAMAXACADAAAA
2801603001001,BdBZBkBoBeBbBPBLA3AuA2AXAkALAUASAGAKADBnBgBtBbBZBPBOA/ApAwAnAyAlAbAXALADADAE
2801702001001,CNB/CHCBBiBSBHA4AoAgAeAZASAQAFAJAEABACCEB9B3B6BjBNA0A4AoAiAZAfAXAMANAJAGADAB
2801900001001,B2BrBqCHBqBhBCA9AiAgArAaAVANANALAFAVACBiBtB1BSBiBGBFA7AuApAzAeAbAjAPARAMAFAD
2802007001001,B5B/BzCIBkBVBSAvA1AkAjAUAUAVAWAAAAAAAAB9BnBuBlBnBSA3BRA5AnAWAZAKAaAYAMAJAAAA
2802106001001,ByBzB6B3BhBJBGA9AzAnAhAWAVASALAIAGADADBrBxB2B2BdBRBKBCA2ApAkAdAaASANAOAIAEAD
2802205001001,B/B+B4B3BnBHBAA0ArApAiAWAOASAFANALAHAFB6BsB6BkBlBQBLA4AuAlAqAUAiAQAQAKAJAGAE
2802304001001,ByB6BxBxBaBRBEA5AxAoApAXAaALAOANAIAHABBuBzBzBkBZBVBKBBAwAvAiAfAaAYAUANAJADAC
2802403001001,B/B2B7B2BsBWBFA5AtAiAoAbAZAPANAKAIAEABB5ByB2B2BbBMA7A4AkAoAiAgAbATAJAKAIACAC
2802502001001,BuCBBtB2BEBYBUA+AxArAbAfAhAUAXAFAGAAAABxBaBrBsB/BVA2AsA8AsAfAgAcAEAlAGAKAIAG
2802601001001,BjB2B7BqBwBIBGA7AuA2AnAfAXAWALAVAJAFAFBtBoBzB+BWBKA/A3A3AfAqAaAYAXAUAKAKACAA
2802700001001,CDCAB+B0BaBNA3A7AkAgAaAbAYASARANAJAGABCDCJB7BxBVBGA8A4AlAnAeAeAcAfAPAGAJAGAG
2802809001001,CMCECCCDBgBHA7A2ApAjAaAcAYAQAJAMAHAEACCJCACCBzBSBEA/AyAmAnAdAcAZATAIANAEAEAC
2802908001001,BsBrBsBqBhBUBPBCAzArAiAWAVAMAMAJAFABACBqBkBtBzBpBZBVBHA7AuAiAfAaASANANAIADAB
2802908001002,B9B8BzB/BoBVBHA4AuAnAlAcAWAVAMAQAEABACB0BuBxBsBpBGA+AzApAoAmAhAZAQANAMAHADAB
2803005001001,B6B2CBCABlBJBDA4AuAmAgAcAVARAPAIAIACABB5B2B6B7BaBIBBA5AwAnAkAWAYASAPAMAEADAC
2803104001001,BlBvB/B2BjA+BIA6A7AvAgAsANAfAOAUAIAFAFBhBqBtBqBTBGBMA+AwArAmAjAeARAVASAJAEAC
2803203001001,B8B9B7B9BsBQBEA1ArAgAbAbAVASAKAIAJAFAAB8B7B9BzBgBTBDA2AoAiAiAcAMAZAQALADAEAB
2803302001001,CBB1B5B6BjBFBEA9AtApAeAeAWASARAIAEAHACB1BzB3BsBUBLBIA/AvApAkAZAaARAPASAHABAD
2803401001001,BwB5B9B7BrBNBHA5ApAiAjAgAZATALANAHADABByB4CAB2BiBJA+AzAnAoAbAlASAUATAMAHADAC
2803500001001,BvBpBtBpBYBOBOA/AzAsAkAYAVAQAOAJAGAEAABoBpBtBpBiBaBUBMA7AuAkAgAcAVAUAMAFADAG
2803500001002,BzB3B5B3BgBMBDA6AwAsAnAdAcASAXAKAFADABBxByB2BtBVBKA/A3AvAtAfAmAdAUAPALAIAFAC
2803609001001,B3B3B6CABpBSBLA7AuAiAiATAQAIAKAJACACACB0BzB4B9BuBWBMBBAyAmAYAcASAQAHAIADACAE
2803708001001,BsB0B5BqBdBRA1BNAxArAnAaASAWATAOALAHABBrBmBxBjBPBVBGA8AuAsAtAiAXAXAUAVALANAC
2803807001001,CAB1B2BqBVBOBKA9AsAgArAOAaAWAUAAADADAECCBqCKBzBfBWBNA4AjAiAcAoAcARAQAHACAEAG
2803906001001,B0B1B4B8BjBQBIA/AxApAiAZARAOAOANAJAFAEBuB3BvBzBdBPBBA4AyAnAhAcAeAUARAFAHACAD
2804003001001,B3B2B5B0BuBVBFA6AuAoAbAYASAQAIAJAIACABBvByBvB1BrBVBHBDAxAnAfAeAYARANAKAGAEAB
2804102001001,BoByBnByBhBYA9A4AuAqAsAdAeAWARAKAEAFADBlByBvB6BcBIBAA7AuAvAjAmAYAfAVAPAJAEAE
2804201001001,CCCDB/B2BmBSBJA3AoAiAdAaAUARAGAHAHAGABCCB/B/B1BiBLBGAxAoAjAeAaAPAQAQAGAIACAC
2804300001001,BuB9CLB3BlBKBCA0AqApAjAdASAZAJALAFABAGBoB0CDB3BVBRA5A/AxAlAYAgAZAdASANAEADAD
2804409001001,B0BzCDB4BgBMBDA4AwAlAZAfAVAdALAGAGADAAB4B3B6B0BcBIBEA4AvAmAkAYAZASAaAKAHAGAC
2804458001001,BqB1CMBpBfBaBPA0AtAyAyAZAXAQALAJAKAEABBkBvBoB0BiBMBBA1ApAtAqAbAcAQAQAMANAGAE
2804508001001,B0BxB6ByBlBVBKA9AxAoAkAYAUANANALAMADABBxBuByByBeBNBKBCAvApAkAeAfAOAMALAGACAC
2804607001001,BwB3B5B0BlBPBAA9AyApAnAVAdAPAKAIAGADACBsBuB2BxBaBLBEA8A1AqAsAbAVAZATALAQACAB
2804706001001,BwCCB7BzBTBHBcBEAqAmAjAfAPAZAKAEAEAFAEBvBwCGBqBaBKBFA8AzAoAmAaAdATANAJAIADAB
2804805001001,B0B6BxBlBWBVBlBWA+AlASAUAJAHAGACABAAAAB1BtBzBqBfBpBwBcA8AnAeAOANAJAIADABABAA
2804805001002,CBB2B1BrBTBQBaBTA4AnAUAQAMAGAEAEABAAAAB2B4B2ByBfBpB0BbA4AkAYAOAKAJAEADABAAAB
2804805001003,BuBzB3BkBLBOBlBlBCAmAUASAEALABADABACAABkBwBwBoBaBmB6BpBEAqAZASANAHAFAFABACAC
2804805001004,CIB7B6B3BrBUBFA8AyAjAjARAQAJAGAGACAAABCBB6B3B4BnBWBLA/AxAoAdAWANAOAHAGAGABAB
2804805001005,CDB4B+B7BlBQBEBDA0ApAfASAFAJAFAEADADAAB6B4B3B3BqBXBRA+A3AsAjAOAQAPALAEABAAAB
2804805001006,CUCDBoBYBTBwBtBPAvAeAUAQAMABAAAEACAAAACRB4BiBgBsB9BpBQAwAcAYALAFAJAFADAAABAB
2804904001001,CEB6CICIBeBDA+AwAtAnAfAaAZAUALAPAEAGACCAB2CCCDBTA9A0A1ApAmAfAcAbAVANAQAEADAC
2805000001001,BoB4CABqBqBHBJBKAwAuAxASAWATAMAUAKADAABXBsB0BkBYBMBDA0A6AxArAYAoALAXAJAJAEAH
2805109001001,B6B6CICABjBHA/A9AqAfAgAaARATAFAMAKAFAAB5B8BzBxBZBIBNA5AwAoAdAiAYASARANAEAFAA
2805208001001,BsBtCIB1BbBKBPBBAxApAyAYAQAQATAOAHADABBnBjBxBiBNBNBFBAAxAsA1AgAVAaANANAWAGAC
2805307001001,CAB0B8B6BfBMBFBCAqAmAdAZAZAQAPAJADADAACFBzCAB6BeBRBFA6AqAkAaAaAaAOAPAHAIAAAA
2805406001001,CUCOCEB1BaBIBDA1AmAkAhAcAQARAIAEAHAHACCMCMCIBtBUBEBDAzAoAiAgAYARALAKAJAJACAC
2805505001001,ByBvB7BzBWBIBJA5AtAqAsAdAZAQATAOAKAFABBqBtB6BjBWBJBEA7AxAuAwAcAcAdAZAMAFAEAC
2805604001001,CGB+CGB5BnBJBDA1AsAjAhAeAOAbALAOAIACABB1B4CAB0BWBDA+A2AqAlAhAcAUATASAMAGAFAA
2805703001001,BsBwB7BpBZBIBKBDA2AkAeAYAVAPANALAKABAEBkBvB3BvBXBOBTBJA2AnAkAeAkAbAQAQAIABAE
2805802001001,B3CBCCB0BiBHBFA5AsAjAjAbAfASALAKAHACAFB+B3B4BsBXBEBAA1ApAkAoAgAdAQARAKAOAFAD
2805901001001,B/BvBuCAByBRBJAzApAjAcAUAUALAIAHAHAEACB/B3B9B7BmBMBVBCAuAlAeATAUAQAKALAGACAF
2806008001001,BkBvBzBnBfBQBDBBAyAoAhAhAYASAWAPALAHACBdBmBwBvBdBOBJBAAvAsAoAnAjAZASAOALAGAF
2806107001001,B3B2BqB+BsBWBKA2AzAiAZAYAYALANAHABABAEBzBzB3B1BhBaBRA+AyAoAfAdAQANARAHAEAFAH
2806206001001,B3B2B8B7BmBQBGA7AmAoAhAbAYAOALAIAKAGAAB4BzB5B0BjBNBGA2ArAnAmAcAdAPAMAIAFADAC
2806305001001,CLCGCNCFBhBPA7AuAuAnAcAZASARAPAHAGACACCMCKCBBzBZBAA4AwArAhAaAbAVAPAIAHADAEAB
2806404001001,CGB+CCB2BmBRBCA1AoAiAlAYARAVAJAOACADADB2B8CBB3BeBFA9ArAuAiAYAkAeASASAIAIAFAD
2806503001001,B4BxBuB4BuBHBEA4ArAnAkAXAPAVAOAbAGAIAEBzB9B2BnBgBLBBA+AqAkAwAYAmAVAPAAAKAFAA
2806602001001,BuBrB5CFBrBOA+A9A0AiAfAcATAWAOAIAGACADBxBqB2B3BlBIBKA9AwArAhAaAaASATAMAFAEAD
2806701001001,ByB0B5ByBhBQBNBCA4AnAcAWAPAMAIAFADACABBwB1BxByBcBbBUBIA7AuAfAYAUARANAGAHAEAC
2806800001001,B1B2B1CDBlBQA8A3AsAtAkAdAUATAJATAHADAABqBtB3BvBjBQA6A5AsAnAhAjAUAbAWAPAGAEAD
2806909001001,B9BnBoB7BdBSBKBTA2AoApAUAeAMAIAfAAAIAABvBmBtBWBuBNBGA9A1AlAdAqAWAWAUAIAFAAAG
2807006001001,ByB5CAB+BWBEBDA5AuAcAkAmAQAOAIARAKALADBrB0CEBtBnBCBDA0AtA4AfAcAfAKAbAJAIAGAD
2807105001001,BuBrByBmBTBKBGBAA1AhAsAQAQASAQAJAKAIAABmBrB9BuBdBQBTBMA4AtArAcAoAVAVANAGABAE
2807105001002,BzBwB2BzBeBIBAA1ApAmAmAiAeAUASAYAJAEABBnB4B7BkBVBCA9A1AnAqAmAoAnAbAZASALAKAA
2807204001001,B1B0B7B9BiBNBGA+AuAqAlAYAaARAIARAJAGADB/BxBoBrBdBQBFA2ArApAiAfAXASAPANAJAAAD
2807303001001,BzB/BtBsB0BIBPBPAhAjAtAWAeALAMAGAJABAEB5BsBrBmBoBZBAA4BEAyAbAWAYAOAAAMAOAEAA
2807402001001,BqBxBtByBcBIBCA7AxAmAjAaARASAOAIAGADADBoBpByB0BlBQBRBJA6AtAkAmAcAdAXALAGAEAD
2807402001002,BwB6CFBzBfBTBGA4AvAmAlApApAQATAJAIAEAABtCCB4BjBMA7A5AyAsAsAkAiAjAQAPARAGAEAD
2807501001001,B+CGCMCKBgBRA9A2ArAfAjAXAaAPAHAIADABACCCCEB9ByBVBIA9A4AnAjAgAdAaASAJAHAEAAAD
2807600001001,B9B9B/B5BnBJBDA1AwAmAgAXAQAOAGANAJABACCABxB7B3BiBPBBA+AzAlAVAiATAWALAHAIAEAE
2900108001001,BCBZBgCABgA/BFA9A9A2AjAnAiAWAcAbAOAGAEA7BRBpByBZBDA8A8A4A2AwApAqAuAYAdARAJAG
2900207001001,B6B9B9B7BmBMA4A3AsAiAfAeAaAKAKAMAJAEACB8B1B7B/BaBBA/AzAtAjAmAbAWAZASAKAPAHAD
2900306001001,BqB1B3B5BfBHA6A6AsAlAfAfAeAVAcALAJAEADBxBvB5B3BaBDA8A1AwAoAtAbAWAiAXALAMAGAG
2900355001001,B2B0CDB0BgBEBKA8AsApAeAjAZATAMAKAJAHADBzBzCCBrBUBIBCA5AsAlAqAbAhAOAUALAKACAB
2900405001001,B2B2CIB/BcBBAuAtAlAhAhAmAZAUAXAOALAHABB5B3CGB7BOA7A4AsAsAiAmAnAeAaAWAQAMAKAE
2900504001001,BiB2B2B7BWBBBAA2AwAlArAcAhAcASASAEADADBgB7BxBwBUA+A+A8AyAsAtArAcAfAXAQANAGAC
2900603001001,BdB4CICUBqA1AyA+A9AlAnAfAaAZAfAJAKAHAABcBqCGB0BJA6AuA5AvAtApAbAoAXARAVAFADAD
2900702001001,BYBeBnB1BqBPBJBBAzAoAgAaAXAQAMAIAGADABBVBaBkB9BzBbBTBMA+AxAtAgAcAWATALAKAIAE
2900702001002,B+B0B4CHB9BKAzA3AmAmAgAcAUAOAOARAPAFABB+BsBvCFBcA8A1AyAiAtAhAcAhAXAGALAMANAE
2900801001001,BzB9CBB3BdBKBDA7A0AsAgAeAaAUAPALAGAAAEB4B3B9BtBXBMBEA0AwArAgAeAbAOATADABAEAB
2900900001001,BiBzCCCJBaA1AnBDA3A2AoAiAeAhAUAKAIAEAFBjBoB/BzBcA9BHAtA3AlAoAhAhARAcALAFABAG
2901007001001,BhBrBvB0BcBJBBA3AwAoAgAaAXAbAYARAMAIAABcBnBqB2BhBNBAA+AzArAmAhAoAgAdATANAHAE
2901106001001,BqBqBsCABsBNBCA8A0AnAkAZAZAPARAKAGAAAABiBiBtB8BuBWBGA9A2AsAmAgAYAYAQAMAHAEAD
2901155001001,B5B5CCB9BnBMBCA4AxAoAhAeAWASALAIAIADABB7CABxB1BbBHA+A3AtAkAdAaAdASAJAKAKAFAA
2901205001001,BtB6CGB7BjA7BCAxA2AkAiAgAgAYAVARAJAGACBfB7BnB5BVA+BAAyA4AlAjAkAnATAUANAFAGAD
2901304001001,CEB/CRCGBgA/A3AwAtAhAlAaAZANAOAKALAGAAB/B+B/B9BMA7A2AyArAiAnAbAcAPAQANAOAFAD
2901353001001,BaBvB4CDBaBVBJA/AwAdApAoAlAWAPAWAHALADB0BkBtBcBSBFBGA3AuAkArAgAgAPAXARAMAGAE
2901403001001,BvB1CJCWBoBEA9A6AvAuAhAtAhATAPAUAGACAABiBuB3B3BSA2A5AyArApAmAgAeAVANALAJACAC
2901502001001,BXBnBtCDBvBNBBAvAqAhAiAhAhATAQAOAJAFADBUBeBxB9BpBJBBAyAuApAyAoAoAaAZASAUAKAC
2901601001001,BbBjBrBoBeBPBFA+AxArAtAkAkAUAaATALAFACBZBbBvBxBVBRBIBAA0AvAnAqAgAfATATAJAFAC
2901700001001,BiB4CcCNBlBDA9AyAlAeAgAaAdAWAWAQAPACAEBlB5B0BpBJBIA3AsAnAkAoAlAiAcAaANAVAIAE
2901809001001,BvBvCACDBcBSBBA1AqAkAoAZAaAUAUANAIAEACBtBwB+BvBaA7A/AyA3AuAsAbAZAYATAPAGAFAE
2901908001001,B4ByB6ByBfBEA/A2AyArAjAnAaARAZAPAJAHABBxBvBtBqBQBBA+A1AqAoAlAmAfAfAaAQAKAGAF
2901957001001,BxCECcCiBTA4AwA0A0AwAvAUAaAYAOAOAHABADBeB6CIBmBWA2AuA1AxAoAsAVAUAaAMAMAKAIAG
2902005001001,BVBuBuCMBhBEA9A5A2AmAjAhAoAcAUAGAMAFADBVBcBsCLBhBIA5A3AxAqAvAsAaAkAUAQAGADAE
2902054001001,B1CDCKCIBhBLA7AxAvAnAfATAWAPAHALAHAIAEB2CECMB7BeBEA7AzArApAdAWARAOAMAFAHALAC
2902104001001,CECCCLCABeBAA7AxAnAiAiAfATASAQAMAJADACCGCACCBxBVBAA9AwArAjAnAbAaATAPAIAGAEAC
2902203001001,BtBuBxB+B5BLBDAzAuAjAbAgAYARARAIAHAJAEBmBwB0B5BkBFBAA1AwArAeAoAfATAPAPANAKAD
2902252001001,B4B7CFCEBkA+A+A+A4AyAxAkAsAVANAJADAGAAB3BvB7BuBQA6AkAzAvAsAmAUAcANAMAOAJAEAB
2902302001001,B3CBCDCFBeBUA+AxAvAkAmAVAWAcAQAHAEACAEBzB1B8B5BYBEA5AyArApAfAgAXARAQARAFAFAD
2902401001001,BqCFCMCNBjA5AyA0AsAoAlAZAWASAVASACAGADBtB3CMCLBcA8A2A2ArAmAlAXAYAcALALABAEAA
2902500001001,BoBuCBCQBqBFA+A7AzAqAnAcAcAVANAJAKAFAABjBwB/B+BTA+A3A2AxAkAnAjAeATARANAHAGAE
2902609001001,BrBvCMCFBaBAA3AzAuAnAkAfAbAUASAJAOACAHBnBzCCB3BRA/A7A1AvAsAlAnAYAcAYATAGAJAE
2902658001001,ByBvB5CEBgBDBDA5ArAnAtAeAdASATARAHAEAABzB5B4BtBZA7A2A2AoAlAeAvAkAVAZAQAHACAC
2902708001001,B4B6CGCJBfA+A3AzAtAgAiAXATANAMAKAHAHADB1B8CHCKBYA7A3A3AuAiAaAmAfAUAUAQAJAEAC
2902708001002,CWCZCYCIBcBDAyAzAsAlAaAdAZAPAKALAEAAABCVCXCPBxBDAwAuArAmAfAgAVAXANAJAKAHABAB
2902807001001,BmB1CYB+BiBFBGA7A1AtAgAbAZATAMAKACADAABYBwB3CBBgBABAA7AwAqAkAiAbARATAKAGAFAE
2902906001001,BfBxCECIB1BOBBA+AyAoAiAbAaAPALAKADADABBdBxB+CCBtBOBAA9AyAoAcAgAXANAKAGAGABAB
2903003001001,BmBoB6CFBcA9A3A0A1AvAqAkAYAXAPASANACACBlBnB6B/BPA5A8A3A5ArAuAkAeAdAZAOALAEAF
2903102001001,BqB1CUCRBuA8A6A5A/AuAhAbAeAYAPAQAJABAABmBqB/B5BYA8A1A2AwAlAgAeAgASAMAMAAACAB
2903201001005,ByBwBzB4BoBZBSBFA2ApAhATAQANAIAFADACABBwBsB1B+BuBaBRBHAyAlAaAWARANAIAGAFADAB
2903201001020,CLB6B2BsBvBnBeBQA8AtAVARAJAHADAAABAAAACMB7B3BxBpBkBQBKAoAdAPANADAGACACAAAAAA
2903235001001,BqBvB5B8BfBJBJA+A0ArAgAkAgAOAVALAKAEABBoBzBvBrBNBJBEAzAxAlAmApAfAhARAOALABAB
2903300001001,BkBwB7B9BxBPBMA1A1ArAeAjAbAXAaAKAJAFABBkBoBuB0BoBWA9A4AvAlAeAbAdAcAMAEAEADAA
2903409001001,B8B3B9B3BeBGA3A4AzAuAkAcAcAXAPANAGAGAABvB6B+BzBZA8A7A3AyAsAhAfAUAaASANAHADAD
2903508001001,BhBuB3CEBhBIBFA7AyAnAqAbAhAUAUAUAJACACBdBrBqByBcBDBFA/AyAsAoAjAbAiATAHAFADAF
2903607001001,BxBxCHCJBkBCA/A1AsAjAjAhAcAVAWARAJADABBrBwCBB4BPA6A2A1AqAlAoAhAYAeAVATAHADAD
2903706001001,BsCCCPB0BbA2BAA1AwAlApAaAeAcAVAIATAHAABrB7B8B4BXAzAxAzArAmAlAiAnAbATAKAJAHAC
2903805001001,B3CICTCIBXA+A1A0AtAjArAXARAQASARAMAFAABsCJCJB1BKA6A7A1ApAlApAYAcAZANALAHAGAD
2903904001001,BuB5CECEBkBFA+A5AzAlAhAZAaAPAKAMAFABABBsB1CDB9BbBEBCBAA0AlAgAdAZATAQAKAHADAB
2903953001001,BpB1CACIBmBABCAzAuAoAjAfAhAZALAMAHAJABBjB1B7CJBhA/AtAxAuAsAjAhAeAQAUAKAKAEAF
2904001001001,BrBzB6B6BeA9A1AxA0AoAlAcAbAYANARAMAEAEBkBuB+BwBZA7A6A2A0AnAnAmAnAeAeARAIAOAG
2904050001001,CVCIB8B4BmBPBFA3AuAoAdAXAMAMAIAEAGACAACXCGCEBzBcBIBDAzApAfAaAcARAOAGAEABADAB
2904100001001,BqB1B8B/BdA8A2A2AsAcAmAnAfAUARANAMAEAFBrBxBwB1BYBBA9A2AzAtAnAmAtAaAWAOAIAHAD
2904209001001,BpB6BsB0BfBNA3BFAtAlAnAgAcAWARAKAKAJABBkBsB6B2BaA/BOA2A3AlAhAlAbAVASAPAMAHAF
2904308001001,BgB3CEB/BjBFA7BAAxAnAgAcAZAVAMARAFABAEBmBuB3B8BkBCBMAxA0AsAcAWAjAPAWANANAHAF
2904407001001,BNBdB7COBmBIBLBHA1AtAoAvAcAUAZAKAIAGAABWBhB7B4BPA/A/A6A2AsApAlAZAfASAJAGAJAC
2904506001001,BiBnB2B6BQA8A7A7A7AsAsAlAmAaAdASALAFABBiBqB/BuBCAvA1A0A0AoAvAgAnAkAiAVAPAIAF
2904605001001,BZBbBqB2BjBNBLBBA4AqAlAgAUATALANAHACAEBXBcBqB8BsBXBXBIA7AvAnAjAgARANAPAGAGAD
2904605001002,BdBjB5B8BoA/BBA+A1AoAvAhAhAbAcAOAKAEAEBgBfB3BpBRBAA/A4ArAvApAjAwAcAQAKALAQAB
2904704001001,BjBsCBB5BfA6A6A7A4AxAiAhAaAbAaAMAJAEACBiBpCAB6BXBFA+A9A4AsAqAZAWAiARAMAGAEAD
2904753001001,CKCQCSCLBkBFA4AyAnAjAiAWAUAMAMAMAKADACCLCGCKB5BTA7A2AqAlAgAeATAQAXAKAMAFABAD
2904803001001,BOBnB8B+B8BJBAA/A/AqAkAgAhAWAVACAGAFAABRBtB5B+BrBWA6BAA1AoAgAjAWALAPAMAFAIAB
2904852001001,B/CHCQCDBgA8A3AvAkAfAeAXAXAVAPAJAFACAAByB/CJCABRBCA5AxArAkAeAlAdAWAQAMAQAEAF
2904902001001,BpBlBsCCBvBOBBA3AxAnAdAcAWASASAIAGAHABBhBiBrB9BmBNBCA+A3AqAmAlAeAaAZARALACAE
2905008001001,BhBmBxB0BeBKBEA/A2ArAuAfAhARAXAJAKAGABBcBeBoB3BZBJBGA5A2AuApAoAlAWAbAPAJAFAI
2905107001001,BfByB9B9BkBPBEA2AtAlAoAfAeAXAPAJANAFACBlBuB7BzBeBIBFA0ArAlAgAsAjASAUAKAHAGAC
2905156001001,BaBeB7CGB9BOBJA3AvAmAuAhAcAVAQASAJADACBUBsBvB6BfBMA/A4AuAlAeAhAcAUAVAXAKADAC
2905206001005,BdBqBzBuBeBKBFA+A4ApAgAeAYAYAMAMAIAEACBdBjB3B0BkBQBLBBA3AsAnAcAdAZAZAQANAGAE
2905206001099,BhCVCDBrBXBFA+A5AxAkA3AcAbAWAPAKAIAFADBnBuCCB1BOA+A8AuA6AxAoAUAdAXAVATAIAFAF
2905305001001,B8CCCCB8BgBOBBA3AvAoAfAdAaAQALAFAMACACB2B2B7ByBZBDBAA1AuAlAcAjAWAYARAIAHAFAC
2905404001001,B0BxB4B4B2BfBLA/A1AoAYAbAYAMAKAFAHADAEB9B0BoByBgBVBKA9AvAgAbAYAVAPALALAEAEAB
2905503001001,BuB/CMB/BcBBA4AxArAmAcAgAbAPATARANACABBlB8CHB3BTA+A9AwAxAoAjAvAoAQATAIAJAEAB
2905602001001,BwBzCHCGBjA5A4A0A0ArAhAcASAfAVAKAHABACBvBxB/B/BaBAA/A7A4AqAmAYAYAWAMANAFAEAB
2905701001001,BuBpBwB7BwBUBVBJA8AvAcAUAKAMACADACAAAABoBhBxCDB7BeBVBLBAAqAaARANAFALAFAFAAAB
2905701001002,B2BoB1CIByBUBPA/A7AvAgASALAHAFADACAAAABtBsBzCKBxBTBQBKBAArAXAVANAHAFAFACACAB
2905701001003,BcBOBjCCCJBdBKA+A+A7AqAWASAIAFAEABABAABVBSBhCNCDBfBSBGBDA1AlAVASAMAGAFAGACAD
2905701001004,BRBYBkB1BvBWBUBVBGAzAoANATAFADAAAEAAAABVBZBqCFB3BkBfBaBKAyAfAVARADAUACAEACAC
2905701001005,B+B3B7B6BpBVBRBKA4AqAYAWAKAIAFAEACABABB4B7B2B3BnBaBUBEA3AiAZAPAJAOAFAAAFACAC
2905701501001,B0BtBnB3B5BmBRBCAzAqAhATAZANAFAHACAAABByBlBoB9BuBiBLBAA2AlAeAWAOAPAKAJAFABAA
2905701502001,CACBB6B+BwBfBRA6AxAmAkATAUANANADAFABADB8B2BuBuBhBUBIA1AwAgAVAZATAPAKAHADABAB
2905800001001,CJCCCOCIBZA8A3A3A0AuAZAlAYAVALAKACACACCGCDCEBxBNBAA4A4AuAkAkASARAPAQAHAFACAC
2905909001001,BwB8CLCHBcA7A7A2AxAmAtASATATAPAOAFAEAAB0B+CJB+BVA9A6A4AtAkAhAgAeATAQAIAIADAC
2906006001001,BgBiBwB8BuBJBAA7A1AuAuAZAUANADAKAHAHAABaBiB3CKBuBRBLBCA6AyArAZAXAWAIANAJADAE
2906006001002,CBB8CKCCBlBJBAAzArAmAjAeAZAUARAKAFACACB8B3CCBwBWBBA8AuAsAiAeAfAbAQARAMAFABAC
2906105001001,BvBzB+B6BjBKBCA8AzAqAkAaAZAbASAIADACABB3B6B6B2BOA4A5A1AyAqAiAkAlAMAaALAJAGAC
2906204001001,BzBzCEB7BcBKBBA+A2ApAeAiAXAUASAGAHADABBwBsB0B4BUBJBBA9A1ApAkAgAXAWAMALAJAEAC
2906303001001,BnBvB8B6BjBKBBA+A1ArAiAiAcAWARANAJADABBkBoB4B2BbBJBCA3A0AqAjAgAaAaAWAMAHACAB
2906402001001,BdBjBtCIBxBKA/AxArAmApAkAaATATAQAMALAGBhBlBtB2BcBKA8AtAuAqAwAvAdAgANAXAHAJAF
2906501001001,BlBjBvCAB2BWBNBAA5ArAkAWASALAIAIADABABBiBbBtCABzBbBPBHA8AtAoAXAWAPAMAFADACAB
2906600001001,BLB6B2CABYA/BMBDBAAzAqAiApAVAMALAOACACBNBLCABsBUBGBBBHBEAtAqAZAlAaATALAKAFAE
2906709001001,BhBnB4B8BlBRBHBBAzApAlAdAXAXAWALAFADADBfBnBxB7BgBMBFBEAyAoAnAeAfAYAPAKACAEAC
2906808001001,BzBvB1CEBWBKA/A7AvAiAkAhAbAXASANAKACACB6CACDBnBRA9A9A3AtAlAnAfAeATAPAMANAJAE
2906824001001,ByB3B2B2BkBQBHA5ArArAlAgAcAXAKANAFACAAByBsB5B9BJBFBEAzAnAtApAhAcAUAQASALACAG
2906857001001,BbBrB4CFBWBCBBA5AxAtAxAjAfAXAYANAGAJACBTBmB7BxBKA/BFA8AuAwAuAoAnAVAfAJARACAF
2906873001001,BlByB7CABiBFBAAzAtAoAiAfAcAVAOAOAGACADBlBsB6B3BfBQBDA7A1AnArAiAcAUATAKAKAGAB
2906899001001,BLBmB6CPBoBEA7A0A2ArAkAqAgAdAYAQAIAHABBPBrB7CCBcBEA4A3AsAsAkAoAfAWAWANAMAIAC
2906907001001,B0B2B+B/BeBFBCA7AyArApAjAaAOANAKAKABABBrB1B6BvBUBDA/A6AyAuAfAbAbAXAMAPALAIAD
2907004001001,COCHCBB+BkA8A5A1AxAfAiAYAUAPAQAGAJAHABCSCJB/B+BaA6A+AxAqAgAUAcAMAYAOAFAHAEAE
2907103001001,B+CICbCJBcA9A8A4AwAmAbAhAVASALAEADACAACBCAB3B8BZA+A7AxAuAlAiAZAYARAMAGAGAEAC
2907202001005,ByB0B3B4BpBOBEA6AvAnAqAYAYATAMAKAIAEACBtBuB0B1BdBOA+A7AwAnAlAeAdARAUANAHAEAD
2907202001099,BxB3CAB0BnBSBGA8AuAoAfAoAbANAPARAIADACBxBvB+BpBTBLA9A1AqAdAmAkAZAbALATAGAEAD
2907301001001,BkB3B7B/BhBBA8A2AoAjAjAaAaAUAUAMAHAHAABfBuB/B8BgBGBBA2AuAqAtAiAZAhASATAQAFAB
2907400001001,BiBwCECZBpBFA6A3ApAnAnAoAZAYAZARACAFAABQBnB/CMBOA9A4AtAWApAeAwAlAqAdADAPADAA
2907509001001,BWBhBwCBBrBRBFBCA7AsAgAcAWANAOAIACAFAABUBgBtB/B1BZBNBIA5AuAkAeAWAWASAKAGACAD
2907558001001,BEBpB8CbBpBCA4A3A5A1AmAqAXATAXAHAKABAEBRBxCBB9BVA6A5A8BGArAlAhAbAcAXAFAHAGAD
2907608001001,BtBuB0CCBhBHBCBBAwAqAqAdAZAWAQALAHABACBsBsCBB1BWBCBGA2AzApAhAkAaAYAVAJAJAEAC
2907707001001,B/B0B6B7BgBLA4A1AoAiApAZAcAUALARAFAJAFByB0ByBxBWA+BCA3AoAkAiAnAiAWAPASAQAMAF
2907806001001,BhBcB1BtBXBHBGA+AvAnAjAdAbAOAUALAKAKAFBYBbB4BzBaBNBNBKA6A1AuAhAkAgARARARACAE
2907806001002,BcBsB0BqBYBIBIA3A4AqApA3ATAhAhAOAKACACBeBsB3BhBJBBA/BFAtASA3AyAgAqAXAPAKADAC
2907905001001,B0BzB+B+BhA9A8AwAtAjAjAZAbATAPAJAGAGADBvByB9B+BdBHBAA6AyAoAiAmAaAWATAPAHAHAD
2908002001001,BXB+B7CGBqBAA4AsA2AqAkAcAeAcAOAIAHAFADBZBrB2B7BlBCA+A4A5AvAlApAgAWAYAIAKAFAD
2908101001001,BoB7CAB8BnBEA8A7A0AtAkAlAkAOASARACAEADBlByB1BwBWBBA+A2AwAsAjAhAkANAQAJALAHAD
2908200001001,BrBnBvB9B2BSBAA0ApAmAgAcAQAWAPAIAIAHABBlBjBqB6BwBSBBA5AwAvAhApAXAmAWAOAFAHAB
2908309001001,BUBjB4CABdBHBJA9AvAuAhAcAWAaAVAJAHAIAEBSBhByBvBbBLBEBAA1AmArAjAjAkAhAPAOAJAD
2908408001005,BiBoBzB/BpBOBIA6AuAnAnAfAgALASAMAFACABBkBpBuB9BlBQBLA5A0ApApAiAfAQASAIAJAEAC
2908408001099,BxBtCHCDBoBEA8AxAtAhAlAqAcASAVAQAHAEADBqBnCCB5BTA8A+AuArAjA5AXAeAVAWAVAHAEAB
2908507001001,BjBgBrB9B4BTBMA7AxAnAfAeAYASAMAHAAAEAABYBaBpB8BxBVBOBAA2AtAjAmAfAQAUAKAJAFAI
2908606001001,CCCCCACFBcBCA7A0ApAkAcAaATAQAMANANACAFCKCHB4BwBXA/A3A2ApAjAjAYAYAfASAOAJADAD
2908705001001,BmBpB6CDBYA7A3A8A0ApAsAdAgAaARAJAPAHAEBlBgB2B4BUA9A7A7AxAtAsAnAkAaAVAWALAHAD
2908804001001,BUBoB/CUBrA6BAA7BDApA4AQAVAOAIAUALADACBWBfBlCVBBA5BFA4AxA3AXAzAlAYAVAWAUAHAD
2908903001001,BoB2B9CCBrBHBDAwAqAkAmAaAcAQALAOAHACACBhByByB8BmBGA6AzAxApArAeAcAbAVAXAIAFAD
2909000001001,BiBwBrCDBiBBA9A5AvArAnAZAgAZANATAJAJADBeBsCCBxBZBAA9A4AyAtAmAsAqAVASAPANADAD
2909109001001,BhBuCCCQBfBAA/A7A1AuAhAuAhAWAPAGAIAEADBeByB7B5BSA8A6A6AyAtAnAjAUAcATAGAJAFAB
2909208001001,B/B9CFB2BaBLBJA8AoAnAjAXAWASANAKAHAFACB3CBCFBtBXBPBGA1AtAiAjAbATAQAKAKADABAF
2909307001001,BqBzB4CDBdBLBBA8AwApAhAcAcATAQAIAJAEABBsBvB8B7BaBEA9A7AxAmAiAjAhATAWAMAIAEAD
2909406001001,B2CACHCRBdA6A8A5AzAsAjAdAcARANAKAEAHADBsCDCPBwBOAzA1A3AxAnAlAWAXAXAQAJAHAGAB
2909505001001,BeB9CJCPBiA3AzA7A1AtAcAdAdAXAQAFANAFAABgB0CIB/BVA5BAA0AvAkAnAdAZAcAJARAQAFAH
2909604001001,B9B4B4B8BfBKA9A2ArArAqAiAZAUASAMAHAEAEBzBuB5B3BYBAA6AwAoApAlAjAdASAZAMAHAEAC
2909703001001,BhB0CFCOBqBDA8A+AsAtAlAaAjANAVAMAHACABBfBtCGCFBWBAA8A2AuAjAcAqAfAVAPAJAIABAB
2909802001001,BbBgBuB/BjBRBHBAAzAmAbAaAVARAPAJACAFABBVBfBvB8BsBYBRBIA7AuAqAdAdAbAVAMAHAGAH
2909901001001,B0B1B/B5BlBNBBA6AsAkAiAmATAWAQAQAHAFAEBvBxB5BvBaBGA9AzApAjAcAoAgAXAWAOAJAEAD
2910008001001,CJCOCFCKBgA3A2AmA1AqAUAqAbAaALAIACABABB3CYCABvBXBAAwA+ArAmAiATAWATAUACAIABAA
2910057001001,BuBxB3B6BqBVBLBBA4AsAiAYARAKAHAFACAAABBpBvBwB8BtBWBSBHA7AtAeAVASAKAKAFADADAC
2910107001001,BaBtB2B5BgBLBQBHA/ApAqAeAdAaATAIAJAHAABUBZB0BwBWBKBAA7A0AqAnAlAgARAUASANAIAD
2910206001001,BHBiBfCOBUBMBNAxA1A2AeAaAiAmAWADALAHAKBPBaCKByBiBGAyBCA3AkAvAlAqAUAZAaAHAJAK
2910305001001,BSBkBwCABcBCA5A9AxAwAnAnAhAhATASANAJABBIBfB0B0BYBAA5A9A4AwAfApAkAoAdAOAVAIAJ
2910404001001,BqBsB5B6BnBOBHBEA5AuAoAgAlAVAQAGAEACABBrBtBzB3BYBJBAA9AvAsAgAfAWAUAOAJAFABAA
2910503001001,B7B9B4CDBlBJA+A6AuAnAgAVAaALAMAJAEADAAB7B7B2B3BiBOBDA5AtAoAjAYARAUAMAJAIAGAE
2910602001001,B9CCCECABeBAA6A2AsAqAeAbAXAPANAIAFAGACCAB+B2B0BZBCA+A3AwAoAnAYAZAVASANAIAEAC
2910701001001,BcBjBxB4BfBHBAA+AtArAlAgAeARAUANAHAEADBeBbB2CABlBPBGBAA2AvAqAlAaAeAPASAHAHAG
2910701001002,B3B9CICLBfA1A/A4AsAqAmAlAiAVAQAPAHAGACBtByCCBlBIA1A3AvAmAoAmAoAkAaAWAKAKAGAH
2910727001001,BVBWBlB2BlBMBEBDA/AzAhAdAZALANAJAEAGACBQBRBqCGBzBbBSBQBJA3AsAdAfAPAQAKAFACAE
2910727001002,BvBsB8B6BvBQBIA/A1AoAbAVAOAQAMAFACADABBxBmB1CEBrBVBLBFA4AqAhAYAWAOANAJABABAD
2910727001003,CGB3CIB8BiBNA+A7AwArAYAdAVAOAPAKAHACADB+B4CBB0BgBFA+A9AvAmAZAcAUARAIAEADAEAC
2910750001001,BqB6B9BsBaBNBIA8AvApAeAoAXAcAOAOAFAGADBpB1B/BlBVBKBGA6AsAqAtAeAdATARAQAGAFAB
2910776001001,BoBtB/B+BjBOBBA9AyArArAdAbAbAXAFAFADABBhBtB8B6BaBEA/A2A0ArAcAqAfAUAKAIAKAAAF
2910800999001,BzBtBeBnBpBcBRA/AyApAdAiARAPAJAGAAAAABBpBfBoB3BwBtBdBIA1AsAnAfAVANAQADAHABAA
2910800999002,BTBdBnBxBlBSBHBDA4AvAfAgAVAOAJAEAEABAABSBZBoB7B3BjBXBNBGA1A0AeAcAPANAOAJAAAD
2910800999003,B5B2B1B3BjBQBJBAA5AmAdAWAKAOAJADAFAFADBwBvByB9BrBbBTBHA4AqAhAUASAQAHAFADAAAB
2910800999004,CCB0BvBlBeBiBUBDA1AnAZAUANAJAIABABAGABB+BqBtB3BsBlBcBJA7AmAhAPAKATAJACACAEAA
2910800999005,BqBvByB6BqBUBIA/A1AnAdAaARAKAGAGAFABAABpBqBvB8BwBfBUBHA5AuAlAYARAQAGAIAHACAB
2910800999006,BZBUBkB3BsBWBIA9A5AwAfAaAXAIAQAEADAAAABVBSBrB/B4BaBZBOBDA0AtAiAXAWAVAJAEAFAB
2910800999007,BCBJBSBlBoBNBCA/AyAqAlAhAbARARAOAJAEABBDBGBTB4B5BhBWBQBJA8A0AxArAnAYAXATAGAE
2910800999008,BWBqB3B6BTBCBOBeBRArAfALANAGAHADABAAAABTBeB1B/BhBWBrBuBRAwAdAUATAJAJAFAHACAA
2910800999009,B6B2BsBvBZBXBfBKAtApAaANAMAHAFACABAAAAB9BuBqB1BtBrBdBZBBAsAYAUALANAEAEABACAA
2910800999010,BfBiBrCBBwBWBFA6AzAmAdAZATAOAKAJADABABBlBeBnB9B6BbBLBBA7AtApAdAcAaASAMAFAEAD
2910800999011,BTBYBhBxBwBXBIA/A2AsAtAUAYAMAMAGAIABAABPBQBjCBB2BiBZBHBCA1ApArAeAWAOAOAEAFAD
2910800999012,BcBhBiByByBXBHA6AwAoAfAbAaANAHADACAEADBdBWBjB/BzBlBWBJA9A2AqAnAiAQASAJAFAEAB
2910800999013,BkBaBeBwBtBeBOBCAwAmAfAZASAOANAGACABABBdBbBgB2B+BoBfBKA+AzAuAeAYAZAMAJAEACAB
2910800999014,BEBEBRBoBqBLBHA+A2AzApAoAbAZAMAMAJAAADA/A/BSB+B/BmBZBPBEA/A4AzAsATAXATAKAEAD
2910800999015,BOBOBgB1BsBXBGBBA5AxAoAbAYANANAEAEADACBHBQBbCDB3BiBXBWBGA7A3AdAXAZANAOAKADAB
2910800999016,BuB0B2B9BvBZBKBAA2AoAmAMASAKAJADACABABBoBxB1BzBuBdBPBDA4AtAdAVATAMAOAGACADAA
2910800999017,B+B5BvBqBaBbBbBJA2AlAQAZAKAHAEAEAEABABB5BwBwBzBoBrBnBPA5AmAXASAOAJAIAEADABAA
2910800999018,BxBuB5CAByBPBDAzAqAlAeAYAUATAQANAFAAABBtBzBwB9BrBNBDA4AtAoAmAaAaAZAQAMAEAGAC
2910800999019,BpB1B/CDBpBEA3AxAmAiAlAgAeAWASAMALAEABBmBwB6B5BcBCA6AxArAnAqAoAgAbAVAPALAGAG
2910859001001,BnB5B+CGBoBSBAAxApAnAhAiAjAGAXANAFABABB0B2BzB7BWBQA4AxArAfApAaAeAWAQAPAEALAD
2910909001001,BkBnB3CIBlA2A8A1A1AzAsAeAQAmAdARARAFAABVBqB6B6BUA4A4A6AxAsAnAkAYArAVATAEACAF
2911006001001,BgBrCBCRBfA0A8A1A2AsArAhAmAeAXAOAIAFABBbBlB1B5BPA+AzA+A2AtAoAlAhAUASARAOAEAF
2911105001001,CDCDCLCHBoBMA3A3AuAlAmAXAWANAOAEACAAAEB+B4CGCIBXBCAzAuAtAhAkAWAWAOAPAIAGACAC
2911204001001,BlBvB+CEBkBIBAA8A5AuAeAZAZAWALAIACACABBmBpB7CGBoBGBEBEA6AnAhAYAUAUAOAIAHAEAE
2911253001001,BUBrCNCGBZBABGA7A6AwAzAZAcAaANAPAOAIAABWBuCABnBWBAA9A8AyApAbAtAfASAWAOAMADAI
2911303001001,BlBuCCB5BVBBA6A8A5AsAkAoAiAkAXANAKAFABBpBoB6ByBHA1A4A5AyAmAwAeAgAaAdASAMADAF
2911402001001,BgBpCBB6BlBIBFA9AqArAnAZAUAWAPALAMAEABBoBmB9B8BkBLBGA3ArArAgAhAYAgATAMAJAFAG
2911501001001,BvB7CNCUBhA8A2A6AxAjAlAcAaAaAXAPAEACACBhB6CHBuBUAtA5AvAuAtArAqAeAPASAMAJAEAD
2911600001001,BiBuCGCUBlA+A9A3AtAjAhAYAZAQASAJADADABBeBlCACIBeBGBDA9A1AuAhAjAcAZAVAMAGAGAC
2911659001001,BUBnBzB3BiBMBEBAA3ApAmAjAeAWAOAJANAHAEBbBrBxB3BgBFBEA9AwAjAqAmAhAYAXAOAMAKAE
2911709001001,BaBlBxBzBdBOBOBDA5ArAgAaAWASAOAGADAEACBXBfB0B9BvBaBWBIA8AvAkAdAZASAPAMAIADAE
2911709001002,BXBzB8B2BfBNBIBCA0AwAvAcAkAVAQAHAJAKACBeBnB6BtBQBGBBA5AvAxAtAfAdAXAQAMALAFAC
2911808001001,BpB3CNCJBiBAA8A3A1AxAoAjAkAZAPANAJACABBeBxCDByBQA6A2A4AuAuAjAjAYAZAOAJAEACAF
2911857001001,B2B5B7BwBkBFBFA5ApAjAsAfAgAYASAMAJAEACBtB1ByBuBLBMBAA4AtAvAlAiAaAWAWALAKACAC
2911907001001,BxB/CACHBcBAA4A0AsAmAjAaAdAUALAOAJAIABByB4B8B1BRA/A+A3AvAhApAdAYAVAUASAPAHAG
2912004001001,BXBdBrB4BoBRBRBFA2ArAoAkAjAcAWANAFAHAEBOBZBiB1BeBJBGA9A0AyAiApAfAaAWAJALAHAF
2912103001001,BjBrB1B6BeBDA4A1A4AqAkAlAlAbAVALAGACAGBhBlB1B2BaBGA8A9A1AvAjAqAdAaAYALAOAEAD
2912202001001,B9CMB4BvBtBMBHBBAyAoAeAUAVAQAKAJAHACACCICLBsBvBWBTBEArAyAeAbAWAaARANAFAIAEAD
2912301001001,BfBxB6CJBhBDA/A+A3AqAnAiAjAaARAOAJAFAEBbBqB3BvBQBAA9A1A0AvAoAjAjAXAVAHAHAKAE
2912400001001,BjBnB5CCBnBRBLA/AyAuAnAhAaASATALANACADBgBpB0ByBVBKBFA5A2AnAlAgAaAXAOAIAIAEAF
2912509001001,BpBuBjCABmA9BBA6ArAhAkAkAgAdAVALAEAGADBaBqByCABZBPBCA1A0AlAtAkAhAVAgAMALALAF
2912608001001,BkBlCNCVBoA9AzAvAyAsAoAoAWAYAIAOAPAGAABgByB9B5BMA1BBA1AwAnAqAkAYAbAaAWAJAEAC
2912707001001,CBCACRCKBbA1AwAyAzAtAhAZAWAdAPAJAHAEABB4B+CSB5BSAzA3A1AwAmAgAcAYAUALAIAGAEAC
2912806001001,BfBjBuB2BXBGBABEA4AvAwAiAqAgAWAVAHACABBZBjByBrBRA9BDA/A0AuAqApAoAYAMAPALALAE
2912905001001,BgBsCICBBnA/A2A0A6AqAbAjAVAXATAPAHACAFBaBkCICMBiBFA5A7A5AqAiAgAeAaAJANAGAFAB
2913002001001,BdBqB4B7BXBAA8A3A4AoAnAkAXAWAaASAMAFABBcBsBuBwBYA9A/A4AzArApAvAhAlAeAUAOAFAE
2913101001001,BnB0B1B+BgBPBJA+AzAqAmAjAdAQAPANAMABABBkBwB0BrBUBHBFA/AuArAoAgAmARAPAJAGACAF
2913200001001,BzByB9CGBiBJA8A9AuAmAjAhAcASASAJAKACABBpBwB4B/BWA+BAA0AyAoAqAaAgAVANAOAGAGAA
2913309001001,BrBiB1B5BXBIBKA4AzA1AeAjAUAWAWAQAGAFACBWBjB7B+BhBHBOBAAyAUAeAiAwAUAMAZAIAEAI
2913408001001,BcBnB2B8BqBFBFA7AxAsAtAcAbAUATANAPAFABBWBqB5B2BaBGBDA6A4AtAYApAnARAZANAIAHAC
2913457001001,COCVCOB9BeBMA7A5A2AoAcAfAXATAKAIABABABCDCHCABzBcA6A3AxAyAkAXAUAUALAHADABABAE
2913507001001,BiBuB+B9BhBFBDBAAtAtAlAhAeAbAgAIAMAEABBdBqB5BxBYBAA8A4AzAkAmAkAZAlAXAHAFAJAA
2913606999001,BMBOBdBrBiBSBGBGA9AtAmAeAeASASALAGAGACBHBHBcB3BvBYBPBRBHA5AvAnArAcAdANAMAGAF
2913606999002,BdBXBnB2BtBUBIBEA2AoAjAZATATAKAJAGAEADBcBZBtCBB0BYBQBGA+AvArAXAdAYARAMAIACAC
2913606999003,BoBkBrB5B3BTBPBAA5AoAcAaASAPAIADAGADABBoBkB2B8BzBWBNBGA8AqAjAVAQAWANAGACADAF
2913606999004,BwBvB/B5BlBPBEBAA4AoAeAWATAPAJALAIACACB2BmB7B+BnBSBKBCA1AoAeAZAUATALACAGABAD
2913606999005,BmBjBwB0BtBSBKBDA7AsAkAWARAUANADADAEAABoBXBwCHB0BYBTBEA4AvAiAUAPAVAMALAAACAF
2913606999006,BPBTBiB7BnBIBDBGA8A1AmAhATASAUAFAEAFAEBPBSBiB+BwBXBNBNBMA6ArAhAbAbASALAGAHAC
2913606999007,BoBvBuBzBeBOBKBIBEAsAbAVAMAMAKAFAFAEAAB0BtB6B4BiBVBcBRA+AsAeATAVAOAGAFAFAFAA
2913606999008,BiB2CACEBUBDBFBNBEAyAgAiAeARAPAHAFABAABtB2CLB7BhBCBQBDAfAfAYAZAUAPAIAGABACAC
2913606999009,B3B/CPCEBUBBA5A9A+A1AjAzAlAYAQAOAHABABBpBpCBBsBQA+A+A7AxAjAfAaAaALAHALACABAC
2913606999010,BnB5CTCFBoBOBCA3AuAmAuAuAYAUAQAEADAAABBsB5CLB3BaBFA5AtAuAuAcAeAWAMAFAEACACAB
2913705001001,B7B4B/B1BjBIA9AzAqAlAjAdAYAVAKATAFAGAEB+B2BvBuBZBHBAAyArAoAiAkAaAWAUAPALAKAE
2913804001001,BnB4B3CGBeBAAuA5ApAjAbAhAeASAOATANAFABBlB2CBCCBbA6A7AyA6AtAjArAaAgAXANAMAFAB
2913903001001,BeBmB3CEBiA+A3A7A5AxAhAfAbAUAVAOAIACACBfBjBwCCBgBDBDA/A7AxAmAeAfAeAQAOAIAHAF
2914000001001,BpBiBwCABiA/A7A0AwAmAgAbAbALAOAOAHAEADBkBpBzCKBoBNBLA9A2AvArAjAaAWAUAPALAKAC
2914000001002,BsB2COCKBbA+A1AtApAnAoAhAeAXASAQAJAGAEBnB8CGB2BIA5A1AwAtArAoAoAbAdASANALAHAD
2914109001001,BUBqBrB8BJBCBEBCA/AwAvApAoAVAaAVAQAEACBYBbBsByBFA5A8A8A4AuAtAsAsAeAZAWAKAEAD
2914208001001,B1BxB3CIBXBIA+A8A9AmAgAfAVAmANARALAGAABpBkBxBoBQA/A4A1AvAoAiAlASAkApAUALAHAD
2914307001001,BlCHB7CFBtBEBDApA4ArAVAlAcARANAKANADAFBlCEB4ByBVBSA9AkAzAoAaAuAVAaANAKAKAEAC
2914406001001,B6B0CBB3BYA5BAA3A0AoAjAcAUAVAQAPALAEAAB8B8B/B1BTA8A6A5AwAmAiAeAgAbAZANAHAEAC
2914505001001,BmB6CGCGBZBAA8AyApAkAmAdAdAPASAMAGAHABBjB7CCByBQBEA+A1AwAoA0AcAkAWAUARAHAGAG
2914604001001,BsBlBzB7BoBTBLBAA1ApAfAbASAPAKAHAFABAABoBiBxCABsBcBRBHA3ArAkAYAYANAJAIAFAFAB
2914653001001,CAB7CHCABnBDBCA4AyAsAhAaAXAUAKAJAEAEAABzB3CAB3BdBEA9A5AzAnAbAeATASALAIADADAF
2914703001001,BlBkB2B8BiBJA9A5AxAkAiAaAYANANAKAFAEADBhBjB3CHBsBPBJBDA2ArApAdAaAXATANAMAIAD
2914703001002,BzB7CQCDBcA3AwBAA0AkAiApAfAbAZATASADABBoByCEBvBBA8A9ApAlAlAsAfAdAiAOAUAEACAE
2914802999001,BMBRBhBrBYBHBKA7A+AzAoAeAcAZASAKADADAFBLBMBkB3BuBTBOBPBLA6AyAnAqAbAWATALAFAF
2914802999002,BwBzBxByBgBMBGBDA8AsAdAcASAUALAKACABAEBkBzB7B8BkBTBLBIA9AnAZAeAVARAJAIAFAEAC
2914802999003,BWBXBhBvBlBSBJBAA7AtArAbAVATAQAJAKAAAABYBWBjB4B2BdBVBNBCA3AiAoAhASAPAHAMAFAC
2914802999004,BKBRBkBwBmBGA/A/A9A0AoAeAZAUAMAIAKAEAABIBQBnB9BxBPBRBSBMBDAlAnAgAfASAQAJALAC
2914802999005,BXBdBqByBmBNBJBEA4AmAgAfAYARASAJAIACABBXBaBqB4BwBVBRBOA7A0AqAhAjAXAPAKAIADAF
2914802999006,BiBcByB6BoBLBFA+A7ApAiAcAdAOAJAHAIADACBdBdBtB/BsBPBSBHBAAyAmAeAfARATAIADADAF
2914802999007,BIBOBfBwBjBFA7A+A9A2AuAeAgATASAIADAGABBIBHBjB+BxBQBPBRBOA/ApAsAiAdAcAOAMALAB
2914802999008,BmBrB/CJBmBMBAA6A4AnAgAYAVAPAHAIAGABADBhBqB9CEBsBKBIBEA8ArAcAiAVASAMAJAGABAC
2914802999009,BZBZBhBvBjBOBMBJA8AwAcAeAdAJAQALAEACADBQBSBjB1BuBbBUBTBEA3AmAmAaAgASAHAMADAD
2914802999010,BfBfBvB9BgBKBEBCBCA5AoAjAYASAKAJAJACADBcBaBvB/BiBPBKBHBAA0AsAbAWAWAMABAFAFAD
2914901001001,CECDCICBBfBIBGA3A1AtApAcAdAQAQAJADACAAB7CGB+BoBUBAA3A4ArAiAcAZATAQAKAEAFAGAE
2915007001001,B+CFCJCOBYA7AwAtAqAlAkAbAbAPASANAJAJAEB4B4CGB3BLA6AzAxAvAlAjAhAgAaAQAMALAGAF
2915106001001,BkB4CJCWBiA2A1A4A0AuAbAeAVAbAPAMALACACByBoBxCVBUA6AsAwApAkApArASAjAaANALAFAC
2915205001001,BgBtCGCQBmBBA4A5A6AsApAcAiASARAPAMABADBgBvB9B8BaA8A5AzAwAqAiAhAYAbAVAFAGAFAE
2915304001001,BkBlB2CCBtBHBDA8ArAyAmAcAeAhAZAIAIAFABBmBpBnCCBiBAA6A+A+AwAjAbASAXAMAIANAFAB
2915353001001,CBCICHCCBgBJA+A1AsAnAlAhAbAQAWAKAHABAACBCECAByBNA+A8AuAmAjAhAdAbAQAJAHAGADAC
2915403001001,BxBzB9B+BpBOA5A3AyAsAhAlAYAPAOAMAFAEAFByB6B0B4BhBHA5A0AuAoAhAbAdASANALAFAGAE
2915502001001,BlBqB9B5BkBFA7A5A3AxAnAhAhAXATAIAJADAEBaBpB5ByBeBGBAA/A1AtArAdAeAZANAOAMABAB
2915601001001,BnBpB7CFBnBFA8A7AzArAiAZAUAUAQAJAEADACBiBqB8CABlBKBHBBA5AtAmAbAcAWARAHAFADAC
2915601001002,CBCGCJCBBYBABHA6A4AyAvAaAiAUAQAOAGADAAB0CCB2BlBLA8A2AzAxApAiAcAYASALAFADACAA
2915700001001,BoBtB9CSB4A/A1A7A3AxAWAnAcAUANATAEAFABBkByCFB1BcBEAoAtA9AiAeAcAeAeAQAMALAEAC
2915809001001,BcCVB4B4BMBTBEA9ArApAlAWAZAWAPAJADADABBmCIB7B3BTBPBCA6A0ArAiAiAcAVAPAHAEAGAD
2915908001001,CICQCJCBBhBMA9AxApArAbAVAVAXANARADAAABB6CNCGB2BTBEA1AyApAcAhAVAaALANADAKADAE
2916005001001,BeBqB/B8BTBCA/BAA2AvAsAiAnAbAPAQAHAFAEBZBgB9BvBLA8BBA6A4AvAjAuAfAhAQAPAJAKAC
2916104001001,BpBnBoB6BtBXBLA/A4AnAbAdANAaALAGAIABABBsBmBlB5BtBTBNBFA2AtAjAcAZAWARAIAFACAF
2916203001001,BUBrB2B+BXBRA+BEA3AjAjAmAjAaAPAIAHACAEBTBwByCFBiBSBEA9AzAmAyAgAjATAQAGAFACAD
2916302001001,B/B1CICDBnBEA5A8A2AsAgAeATAYATAGAFADAEB9BwB3ByBeBBA/A5AsArAZAdATAQALAMAJADAC
2916401001001,BhBeBsB6BoBLBGA8A4ArAoAcAVAZASALAIADACBdBeBpB4BmBPBJBAA4AxArAhAgAZATAPAHAEAC
2916500001001,BwCQB9B/BkA+A+A1AlArAoAbAaAaASAKAHADABCHB3BsB0BaA8A0A0AoApAhAkAXAYAUAKAKAGAC
2916609001001,BoBqB2COBrBIBGA2AzAuAkAZAhAUAQALAGADABBfBuB7B1BcBJBBA3A2AsAhAbAfAQANAMAJAHAB
2916708001001,BjBwCAB8BjBQA8A4AxAwAcAeATAYATARANAIAHBlB3CPBmBPA3A5A0AxArAZAfAmAcAUAMAMAJAE
2916807001001,BfBfB2CEBhBNBFBAA3AsAsAfAdAdAXALAHAHADBcBjBuBvBaBIA+A9A0ArAuAhAaAgAMALAIAGAC
2916856001001,BrB+B+B+BhBMA/A7AsAiAoATAWATAVAKAIAEACBqBwB4B8BeBFBCA3AsAlAmAhAZAZAWAPAGAEAB
2916906001001,BnBoB5CCBeBEA9A4A1AlAcAfAUAgATAKAGAFADBiBmB1B5BeBFBFA6A1ApAiAlAeAiAUAOANAGAK
2917003001001,B3B8CAB7BcBEA9A0AsAkAlAhAcASAPAVAHAGACB3ByCBBxBTA+A6AyAqAlApAgAeAWAWANAKAGAD
2917102001001,BcBiCCCNBeA9A2A4A1AqAnAlAaAhAVAOANADAGBdBjByB4BaA5A3A9A4AtAtAlAuASATALAKAEAH
2917201001001,BmBqB+BwBeBKBBA/A7AnAqAaAYARANAFAOAEADBlBpB2B8BXA7BDA1A0AqAkAmAhAfAUASAMALAD
2917300001001,B6B6CHB/BiBFA/A4AxApAfAcAUARAOAJAGADADByB3CAB4BbBDBCA9AxAoAeAeAcAQAMAGAFADAB
2917334001001,CHCCCLCBBfBEBEA7A1AlAkAaAcANAHAEAFAGAABqBvCDCDBWBABHA6AvAfAhAdAaAMALAFAFAFAB
2917359001001,BqB0CDCJBmBHBEA5BAAlAhAhAZASAVAGAIACABBsBnCEByBfBEA0BAAuAdAkAgAYAYAPAHAHAFAD
2917409001001,BNBjBwB+BfBGBDA6A7AuAhApAiATAUAXAOAJAABUBjBwB5BYA7BCA+A4AqAoAnAsAfAXAPAJACAE
2917508001005,BfBjBuB1BjBPBGA+A0ArAkAeAUAPAKAIAGAFAEBcBjByB9BqBWBQBDA7AwAsAhAWAXASAMAHADAC
2917508001099,BrB1CCB+BaA/A9AzAtAlAyAgAZAgASARAGAGAABjBxCCBuBLA8A8A0AuAsAkA2AcAXAbAMALAEAC
2917607001001,BzBxB4B7BcBJA8A5AzAmAfAcATAYAQANAJAGABBvBuB2B7BcBHBAA8A0AqAlAcAcAbAWALAKADAD
2917706001001,BpBmB4BxBeBQBGBCA0AuAnAkAWAYARAMAMAGADBdBfBuBsBXBPBKA8AxApAjApAcAaAPAUAOADAF
2917805001001,B9B4CACDBtBPBCA4AnAnAfAZAVAZARAEAIACACB2B5B6B7BaBIA6AyAoAnAeAfAVASANAKAHAHAC
2917904001001,CMCFCFCJBjBLA4A5AoAjAcAXAXAYATAIACADADCJCFB8BuBUA9AyAyAqAgAdAbAXASAUAFAJADAD
2918001001005,BdBiBtB1BmBNBDA/A4ArAiAZAVAUASAKAIAEABBXBgBsB8BqBSBJBDA8AxAnAgAcAbAUANALAGAF
2918001001099,BtCHCICCBgBHA6BAAoAsAzAYAbAYAWAWAHADABBtB8B/BuBIA8AyAzAnAnAVAfAeAXAVAEAPAFAE
2918100001001,BzB7CAB8BbBFBDA4AuAmAlAfAcAWANAMAMAHABBsBzB5BtBRBEBBA5AuAoAnAiAaAUAVANAMAEAD
2918209001001,BmBwCGCIBfBEBGA+A0AqAjAWAXAWASAMAIAFAIBeBoB7B8BdBIA8A2AzApAdAhAYAdANARAFAGAD
2918308001001,BbCRB6B9BPBRAyBNAzAoAjAcAjATATAPAHACABBeCMBtB7BZA8BPA3AyApAnAfAVASAOAHAFAAAD
2918357001001,ByBzB5CQBrBNBEA4AxAoAiAbAWAOAMAJADACACBoBuB5B7BkBKBCA4AvAnAfAjAcAMAQAJAJACAB
2918407001005,BxBsBqBrBpBYBRBCA1AmAhAXASANAIAFADACABBtBoBsB1BzBgBVBHA2AqAkAZAYAMAMAIAGAFAC
2918407001099,B4B0ByBuB3BeBNBAA0AnAiAhAbAMAPAKAFAFACB1BwBsBpBiBOBEA2AqAhAfAcAVATAPAJAIACAC
2918456001001,BxB6CWCMBhA+A3A5A0AzAfAuAYAZARAMADACABBpB6CIBzBJAyA4AyAwAqAkAkAWAVALAGAFAAAH
2918506001001,BxB6CHCMBlBFBDA1AsApAfAoAbAQAQAPAGADABBoByCFB5BTBDA/A0AqAlAkAhAYAUAOAGAKABAB
2918555001001,BiBvB/CLBiBEBCA6A3AiAiAkAcAYATATAJADAGBkBpB0ByBgBEAwBAA9AxAhAYAeAaALALAEADAC
2918605001001,A5BHBxCBBmBMBSA6A+ArAnAiAcAWAQAVAPACAEA7BKBZB9BdBcBMBPA0A1A/AoAjAcAUAZAPAFAF
2918704001001,BMBRCDCiBpBAA/A2A2A/AcAoAiAcAJAdAPACAGBEBcCHB/BCA3A2A5BAAoAdAqAmAeAaATABANAA
2918753001001,BvByCCCDBhBNBBA3A1AoAkAdAeARAQAGAMAEAFBrBxB6BtBaA/A8A3AsAnAqAYAfATAUAOAOAAAE
2918803001001,BqB3B8CDBlBLBGBDAwAnAZAkAXAWASAIAGAFACBjBqCBB0BcBHBCA4ArAmAoAcAWAWAbAIAFAEAG
2918902001001,BVBkBxB5BTBGBIA/A4AxAeAxAiAdAdALANALAABgBbBtBhBEBMBBA4A2A1AxAoAyAdAMAKAEAOAL
2919009001001,BtCLCQCBBZBIA5AmAtAnAzAlAiAJAXAKACAFAABzCjB5BxBJBBArAxAvAnAiAXAlAWAOAFACACAA
2919058001001,BlBuB+B6BqBHBEA3AvAwAkAgAeAUAXAKADAFAABgB4B4B3BfBKA9AzAwAkAeAkAiAUANAQALAEAD
2919108001001,BoBoB9CHB0BQBDAlAjAgAoAeAaARASAVAQAHAABhBpB4B8BnBIAyAwApAlAgAvAaAbATASAOAJAD
2919157001001,B0B1B3B+BpBTBIA8AyAsAgAdAZAPAOAHAEABADBsBxB4B2BgBIBDA9AuAnAlAZATARAQALAFADAE
2919207001001,BoBlBpB1BwBaBMBGA6AvAfAVATAJAGACADAAABBjBhBmB6B1BiBXBPBCAvAiAUAPAPAIAHAGADAC
2919207001002,BkBlBeB/B2BVBDA5AyA1AqAWARAOAFACABABABBjBgBqCHCFBdBNA+BBA3AsAYAQAPALAAAEACAI
2919207001003,BoBcBiBwBsBYBVBQA9AyAkAUAOAFAEAEAAAAAABnBbBmB2B0BnBkBUBEAyAcAeANAKAOAEABABAB
2919207001004,BWBcBiB4BxBWBHBFBFA6AwAbATAPAKADACAAABBXBXBeByB0BeBQBQBKA5AjAfAOAUAMAJADAEAD
2919207001005,CEB4BsB2BpBcBNBEA3AmAiASASAJAFADAAABAAB9B3BxBxBoBbBSBGA3AnAeATANAIAKAEADABAC
2919306001001,B+B5B9B1BcBRBDA8AtAiAcAYATALAQAGAJADADCGB1B/B7BcBJA9A8AyAfAYAfAaASAOAJAIAIAE
2919405001001,BZBvB5B+BdA/A/A/A6AtAqAnAlARAPAOAOAIADBOBgB1B6BJA+BFA8A7AvAkAnApAWAYANALAEAG
2919504001001,BWBbBwBvBgBNBPA/A3A0AjAjATAPAWAFAOAEABBYBfBsB7BhBTBNBGA5AlAsAhAeAiAPAOAMAJAC
2919504001002,BmBuCBCHBpBLBFA7AyApApAkAhANATANAEAEABBbBqB5B9BUA/A+AzArAqAhAkAZAbAQANANAFAE
2919603001001,BwBxCQCGBZA8A1A0AtAkAgAgAZATASAQAMAEACBuB0CDBxBQA7A5A1AuAtAqAeAhAXAcAMALAMAC
2919702001001,BlB6B5B+BjA+A9A+AtAsAhAmAeAgALAJACAKAFBqBqB1ByBJBBBDA7A5ArAmAiAfAYAPAJAQAHAI
2919801001001,BqBzB2B5BeBBA+A5AzAoAlAhAZAXAQAPAIAGACBiBwB2B7BXBDBCA3AzAoAoAjAhAWARAQANAJAD
2919900001001,BxBvBqBtBkBRBGA0AsAdAfAmAnAMAKATANAGADBxBsB2ByBbBKA8A3AqAkAyAeAjASASAQAMAOAK
2919926001001,BhBfBnByBuBgBTBHA7AsAjAYAUAKALACAEABACBjBaBfB3BxBjBZBMA7AvAnAZAXANAMAJAJACAB
2919959001001,BaBkBvCABsBXBFA2AyAsA1AaAeAWAUAHAJANAEBXBmBrB9BjBNA5AwAwAqAkAoAdAdATAPALAFAC
2920007001001,BoBuBvCCBfBOBABGA9AqApAaAgARAaAMAGAFADBoBsBqBxBXBDBAA2AxAuAuAeAbAdAKALANABAD
2920106001001,BjBzCBCIBTA4A2AyAtArAtAiAVAXAWAPAPADACBnBxB+BtBNA+A7A+AxAuApAuAkAXAVANAQAIAE
2920205001001,B7CLCOCJBkBFA8A2AqAiAjAZATAPAPAHADAEABB7CDCMB9BYA9A7A0ApAjAcAbAVATAPAFAFABAA
2920304001001,BvBmBwCBBpBPBEBDAvAjAsAgAXAXASAJANAEAABhB0BqB/BTBFA2A6AtAtAsAjAhASATASAIACAC
2920403001001,BhByB+CHBkBEA7AvAxAoAmAfAbARAQARALAGAFBuBtCDB2BXBJA4AwAxAoAlAjAdAaARALAIAGAG
2920452001001,B1CDCcCaBkA7A2A2AwAkAlAcAQAYAUAKAHAAABB4CBCFB7BHA1AsAyApAkAhAcAcATAWAMADABAC
2920502001001,BUBnB2CRBuBLBDA3A5AwAXAeAbAVAOAMAHADACBZBmB4B+BoBLA2BHA1AfAkAkAYAUAYAMAOAGAB
2920601001001,BYBeBuCABmBKA+A4AwAmAcAmAYAbAXAKAFADAEBUBcBjB2BmBSBEA+A4AuAmArAkAjAjASAJAIAG
2920601001002,BkCMCTCYB2BLA7A3AqAoAkAbAbARATAMAFADADBfBpB1CNBOA0A0AtAzAlAbAcAbAZAOARAJACAD
2920700001001,CSCmCFB1BZBFA7A6A4ApAtASAUAXALAIACAAABB8CNB4BrBSA+A8A/AnAfAiATATARAJACAEACAB
2920809001001,B4CGCNCABYA+A6AxArAnAiAXAYASASAOAJAFACBzB9CHB3BZA/A+AsAwAhAhAaAWAZAPAOAPAEAD
2920908001001,BuB6CNCEBbA8A1AwAzAuAjAeAdAaAXANAFACABBvB3CLByBUBAA5A9AvAsAaAjAdAPAOAHAIACAG
2921005001001,BhBoB2CLB5BQBGA8AxAnAmAWAXAQAJAJAEAGABBgBkBsB6BvBQBEBBA0AuAkAaAZAVAQAOAFADAB
2921054001001,B3CRB9B7BVA8BCA8A3AmApAVAcAVAPAKAFADADBnCEB7BuBRBGA/A4AtAnAlAbAfAOAPANAKAHAE
2921104001001,BcBvB3BwBXBKBDBBAxArAcAzAdAdAbAKAKAEACBeBmBwBqBRBABGBBA3AuAqAtAqAWAVALAHAFAC
2921203001001,BjBuB8B+BgBKBDA6A7AoAiAhAUATAXAJAIAEACBgBtB7BzBVBFA/A4AqApAqAiAfAhAYAOAIAFAD
2921302001001,BoBtBqB+BzBaBEAzAmAlAhAZAbANAPAOAJAIACBrBsB3B4BjBTBCA0AwAlAoAaAdAbAOAIASAHAE
2921401001001,BwB8B8CGBcBCA6AwAzAkAsAdAkAQAJAMAHAFABBsB1CGB2BUBBA7A2AwAnAwAdASAZATAQAHAGAD
2921450001001,BGBoBuB+BuBLBHBLAsA0AnAqAcAOAKANAGADAEBGB4CEB0BzBgA3BAA5AoAeArAWAVAGAHAGABAB
2921500001001,B0CLCEByBaBBA/A2ApAlAsAiAbATAUAMAGAHADByCHB6BrBLBAA/AvAoAlAkAnAdAWAQALAKAGAB
2921609001001,BbBvB+COBUA7A4A/A0AxArAlAbAeAWARAKAHACBkBtCCB2A8AzA5A+AyAlAqAgAfAjAUATAMADAE
2921708001001,B7B8CEB3BaBDBAA4AzAqAhAdAbARAQAGAKAFAAB1B1B9BzBVBEA9A9AxAlAkAdAXAVAQANAIAHAD
2921807001001,BRBkB+CIBRA8A6BDAuAqAsAjAhAbAYAMAIACACBSBqB6B8BRA5A/AyA4AxAyAnAtAcAXARANAEAG
2921906001001,BxCdCpCIBmBUA0AsA0AeAtAWAGAJAPAIATACABBnB1BYB3BkBTA6AgAzAbApAfAVARASAJAQAEAB
2922003001001,B6B8B7B5BfBNBHBDA5ArAdAbAUAOAJALAFAFACB4B6BzBxBdBQBMA+A2AmAfATAVAPAJAGADABAB
2922052001001,B+B/CGB4BkBKBBA4AyAjAgAUAVALALAFAJACAACHB/CCB3BfBGBAA5AxAhAiAUAZAMAMAOAEACAA
2922102001001,BwB5CCB/BbBAA5A3AxAmAoAXAfATARAPAJAGACBxByB2BvBMBDA3A0AyAnAkAoAgAcAXAQAOAFAC
2922201001001,BfBjB0CNB0BOBKA/AxAkAeAgAoAOAOALAHAIAABUBeBsB9BmBNA+A7AwArAiAlAdAXATASAKABAD
2922250001001,CUCQCECGBeBBA8A4AtAmAkAoAcASAOAGAFABAACCCCCAB3BYA7AyAwAmAiAWAdATAQAJAEAKABAC
2922300001001,BZBiByCABoBOBBA7AuAlAjAXASAVAUAKAFAEABBdBkBzB/BkBUBFBBA0AtAoAkAkAYATAUAJAIAD
2922409001001,BdBlB6CABiBFBEA/A0AsAkAVAYAYAUANAGAEAEBaBmB6B8BjBJA/A6A2ArAqAZAgAfAQANAKACAK
2922508001001,BfBlBvB+BjBNBGBAAzAnAkARAXAVARAKAFACABBdBjBsCCBrBPBJA/A3AqAhAkAfAdAXAMALAHAC
2922607001001,B0B/CMCIBnBIA+A3A3AqAmAZAWAPAKAQAGAHAABvB4CEBvBXA+A+A1AqAkAZAfAeASAPAEAHAEAA
2922656001001,B9BxCACDBkBEA/A7AsAlAoAfAZAXAVAQAIAEACBtB8B9BvBPBCA+AzAmAjAlAaAbAYASAQAJAHAC
2922706001001,BjBxB3B/BgBMA6BEA5AqAiAmAkAZATAPAJADABBcBeByBtBdBHA7A7ArAsAnAjAjAeAaAMAEACAD
2922730001001,BVBoB3B7BmBGBRBCAxAtAtAXAdAUAaALAFACAABZBmB1B1BaBOBNA5A1AsAvAdAbAXAbAHALACAA
2922755001001,BhBwCWByBmBLBPBGAoAqAoAYAcAWAMAJAEABAEBlB7BjCNBfBDBNA/AtAqAWAeAaAZAIAFAFAAAC
2922805001001,B+B/B7B4BiBIA5A0A0AjAjAUAXAPAUATAJACAAB7B/B6BxBRBCA5AyA0AkAbAgAjAUAOAPAKAIAG
2922854001001,CAB4CECIBpBCA8ApApAiAhAaAZAWASAHAOAFABB5BrCCCABZA4A4A0AmAdAkAhAbAeATAJAUADAB
2922904001001,B3B1B8B9BiBCA8AyAtAkAoAiANAeAPASAMAHABByBtB2BtBRA+BAA5AtAmAtAkAWAhAYAQAIAHAE
2923001001001,B8CBB8B1BkBJBCA/AyAnAjAYAUARASAHADADACB0B9B3BwBfBMBBA5A0AoAfAaAWAVAQAGADACAC
2923035001001,BeBrB1B7BaA9A/A5A3AsAnAsAgARAjAMAIAGAEBYBgB0BtBMBCBEA3AxAvArAoAiAjAdALAPAMAF
2923050001001,BiB7BwBkBVBCBCA8AuAlAqAeAeARAOALARACACCQCaBqBjBcBJBFBCAnAhAkAkAhATAQAOAJABAD
2923100001001,B7BxCEBxBiBGBCAzAvAjAeAjAYAUAPAMAGAGAEBuBzBsB/BYBKBEAzAvArAmAgAaAbAQASAFAEAC
2923209001001,BwB+B8B9BcA/A5A6AtAnAuAcAfAWATAWAMADADBnB0B2B1BEA5A5A2AqAjAlAoAgAjASASAOAIAF
2923308001001,BaB7CDCOBnBDA5A1AwAkAcAYAYAgAQAMAHAHAEBYCACCByBGA5A4A6AvAlAhAlAfAcAnAVAGAIAJ
2923357001001,BzB3CLCIBvBRBAA3AsAmAoAYAYAJANAJAFABACB2B5CEB+BbBJBCAyAtAjAqAPATAQAKAJABABAC
2923407001001,BhB9CJB/BdBEBFBBAzAqAbAaAeAWATAKAFADABBhByCCB4BVBGA/A8AxArAsAgAVASAMAMAEAFAC
2923506001001,CABrBxBvBcBJBBA3AsAmAhAgAXAXAXAKAJAJABBpBzB1BqBaBIBCA3ArArAiAmAaAhAbAUAKAIAD
2923605001001,BGBxB1B7BZBQBKA4A2AqAyAZAVAaAVARAOAMABBQBmBlB3BcBHBKA2AyA2AmAqAjATAYAOAQAJAD
2923704001001,BrCICYCKBYA9A4A0AtAmAqAVASAWAVAKAGACABBwCGCLB9BLA3A2AzAqAkAhAiAWAZARANAOADAB
2923803001001,BtBzB2BiBVBFBHA9AuAnAlAhAcAQAZALAMAJAFBpBuB1BhBWBHBFA5AuAtAlArAmAcAVASALAIAE
2923902001001,BuB3B+CDBeBCA8A3A0ApAqAeAdAWAUAKAOAEACBzBwB9B6BbBDA3A0AwAqAjAbAUAcANAKAFAEAB
2924009001001,BRBUBZBoBqBYBKA/AwAoAnAgAXAQARAMAGACAABQBNBdBzB5BoBZBOA9A6AzAlAfAgATAPAIADAC
2924009001002,BfBeBoBwBpBSBFBCAwAzAxAfAYALAJANACACAABaBcBqB2B1BeBOBHA9A9AxAgAWASALAFAEACAB
2924009001003,B7B8B5B4BmBKBBA7AqAoAkAfAaAPATALAHACADB3BwB8BuBfBIBCA4AuApAkAeAZAOAIAOAHAEAB
2924009001004,BwBqB7B4BpBFA8A0AsAlAdAmARAUAKAWAEABAAByBoB5B3BqBTBKA9AzAvAlAnAcAXAKAIAEAAAC
2924058001001,BlB4CFB8BiBEBEAzAuAiAjAjAkAVASALAGAGACBoBzB/BqBWBDBKA1AtAiAtAeAfASAVALAIAGAD
2924108001001,BhB1CGCNB2BJA0A0AoAlAdAcAgAXAXASAGAHADBgBqBnBqBWBCA0AvAgA7AlAoAjAiATASALANAI
2924207001001,B0CcB8BoBaBbBEAvAjAlAlAVATAPAMAGAFAAAACUCoB8BwBcBbA6AiAuAlApARANAUAJAFAAACAA
2924306001001,BnBrB6B8BYA5A3AxAyAtAhAjAgASATAKATADACBgBqB1B4BXBBA4A4A6AsAiAwAhAjAiASALAFAF
2924405001001,B7CGCOCGBZA/A0AwAoAlAjAcAWAWAQALAKACABB5B+COB/BTA8AzAxApAnAoAbAWAZAPAKAIADAE
2924504001001,BdBuB7CDBkBIBBA9A1AsArAeAfARATAKAIAFABBXBwB1B/BaBDA+A2AxApAmAgAcAZAXAMAKAFAE
2924603001001,BsBvB8B6BlBWBJA/A1AvAqAfAbAKAMAOAMAEACBrBoBuBwBaBNBFA0AuApAoAdAYASALAPAHACAD
2924652001001,BsBvB3B6BmBDBCA6AdAnAmAnAcAUARAMARAIADBtBrBxB4BgBEBCAlAqArAvAnAcATAUAPAPAJAC
2924678001001,B7CICECNBeA+BBA5AuAmAkAQAaAWAZAEABACAABwBtCWB9BhBBAuA7AuApAWAUAeAWAOAGAIACAC
2924702001001,BoBzBoBxBWBFBEA9AtAiAiAdAjAQAYAIAGAFACB2B/B7ByBaBNBJA5AvAoAkAlAaAaAOAMALAKAC
2924801001001,BrBvCACEBbBEA4A4ArAoAvAWAaAUAPAUALAEABBiB0B9B5BQBBA4A5AwApAoAlAbAgAVAPANAGAF
2924900001001,BjBsCBCEBnBGA/A3A7AoAtAiAVAfAYAPAFABAEBfBuB8BwBIA7A+A1AuAnAbArAjAcAUAPANAIAB
2925006001001,BrBwB1B+BgBIBAA9A0AlAgAkAfAXASAJAGAGAABjBqB0B5BeBCBBA+AzAqAoAiAgAVAXAMADAHAB
2925105001001,BqBnB3B/BdBAA7A3AxAsAkAfAbAXAVASAJAFADBiBrB1B6BYBDA8A8A2AvAoAjAkAaATAOAJAHAE
2925204001001,BeBkBzB8BvBTBNBDA1ApAiAVAXASAIAHABACACBjBnBwB8BrBaBUBFA0AuAjAXAWARAKAIALACAE
2925253001001,B1B8B9B6BdBHBDA2AmAhAhAoAVAYAOAKAIAFACBrB+CKBzBgBQBGAyAmAkAcAqAXAUASAFAFADAA
2925303001005,CKBvBtByB5BjBRBEAzAlAdARANAIAHAFACABAACCBsBuB6B5BhBPBAAwAjAbAPAOAJAEADABACAB
2925303001099,CIBzB1B6B2BXBOBCA7AmAgAWAQALAIAHABABABCBB4B2ByBqBRBGBAAxAjAcALAMAKADADADADAB
2925402001001,BuCUCBB3BkBGBEA5AwAnAZAhAfAQAOABAFACACB0CFCMB4BfA7A+A4AvAkAlAWAVAOAMAGACAEAB
2925501001001,CAB/CGB5BgBIBBA3AyApAkAcAWARAQAJADAFABB8B2B+B1BYBKA/A7AuAoAbAcATAXAHAIAEACAB
2925600001001,BjBsB0B+BtBUBMBBAzAqAoAfAeAVASAJABAGAABXBlBtB1BbBKBGA9A3AmAqAhAaAVAYAKAEACAD
2925709001001,BdBwByCIBlBIA+A0AyAnAoAmAnASAQAVAOAGABBdBeBvB/BWBFA3AzAwApAqApApAdAVAOAKACAE
2925758001001,BxB4COCUBpA/ArBCAxArAlAVAgASALAHALAFABBqB2CHCGBdBBA6AtAoA5AbAbAQAOAKALAEAFAB
2925808001001,BvB6CAB+BZA+A+A3ApAnArAaAbAVATAQAFAHAEBlB3B9B8BWA+A+A0AtApArAeAdAWAWAOAJAGAF
2925907001001,B0B+CCB3BjBEBKA3AvAnAnAkAfAQAOAOAMAFADBzB1B8BqBQA9A+AvApAoAqAnAaAQANAIAKAGAD
2925931001001,BtBrCCCABdBFA9A3AxAnAuAhAnATAPALAJAFACBqBlB/B2BNBFA8A3AsAsAoArAbAQAbAKAGAEAG
2925956001001,BoB2CDCHBeA7A1AuAqApAdAkAcAVARANAKAHACBoB0B6CFBXBBA6AyAxAqAmAlAfAZAQASALAIAF
2926004001001,BpBpB2CDBnBMBCA8AwAqArAhAYAQALAIAJAFABBnBnByB4BgBKBCA4A0ApAkAiAhAQAXALAKAEAD
2926103001001,BeBfB1CKBkA/BEA4AxAmAwAiAcAWASALALAFAEBfBcByCIBlBOBBA1A2AtAqAoAXATAUANAHAEAD
2926202001001,BxB+CKCOBlBAA3A4AvAqApAXAaASARAKAKAEACBqB9CIB/BPA4A0A1AtAlAdAjAcASALAKAMABAC
2926301001001,BbBnBzB5BhBLBHA1A2AsAgAhAUAWAJADAJADADBbBdBuB/BsBTBSBCA+AyApAhAYAQAbATAHADAB
2926301001002,BaBpBvB8BsBJBDA4AwAtArArAgAYAVAUAGAEADBVBjCIBvBDBDA/A0AxAqAyAnAVAiAcAQAFAHAD
2926400001001,BnBzB9B4BkBKA9A+AzAhAfAjAgAWASAKALAFAFBhBwB6BwBTBABMA5A1ArAlAhAjASAQANAHAGAG
2926509001001,BvCPCCB9BcBIA5A9AkArAiAhAZASASAPALAFAEBsCLCKBdBFBDA9AoApAkAjAgAmAWATAOAKADAE
2926608001001,BoBnB3BsBZBGBCA9AyAnAnAZAcARANAMAHAFADBkBkBxBzBkBRBNBGA2AxAmAnAeAaAOAPAMAGAD
2926608001002,B9B8CJB2BZBAA/A0AqApAlAlAlARAOAMALAGACB3B6CFBhBPA+A5AvAoApAwAfAlANANAKANAEAE
2926657001001,BsB5CCCCB1BUBJA/A1AtAuAYAaAWAMAHAGABAABuBzB1BxBfBKA9AzAqAnAmAYASAMAJAIABAEAB
2926707001001,BTBhB5B4BOA7A8A9A5AvAiApAeAXASAMAJAHAFBUBdBmB3BWBEBKBBA8AvAxArAnAfAeARAOAKAH
2926806001001,BgBvB0B2BgBEBIBBAxArArAeAiATASANAKAHABBbBmB3B3BTBLBHA8AvAqAqAiAgAWAQAKAOAGAD
2926905001001,BSBmB3B+BnA8A+AyA3AwAjAlAgAXAYAPAJAEADBVBnBwB4BdA+A/A8A1AuAwAhAkAeAaATALAEAG
2927002001001,B3B+B9B+BiBHBAA4AuAkAeAdAXAUANAIAHAJACB3B6B5B2BZBFBDA6AtAmAiAaAdAQARALAHACAB
2927101001001,B3BuBoB1BdBRBRA/ArApAfAjAVAQALANAEAJAAB2BgB4BuBpBJBLA5AnAqA5AVAjAMANANAUACAA
2927200001001,BqBrB/CCBZBBA4A0AvAmAiAgAaASAZAPAKAHABBnBoB3BwBXBEA8A3A2AtAsAhAoAaAeAMAKAIAH
2927309001001,BlBuB+CEBsBRA3A2AqAlAkAYANAUASARAJACABBkBtBxCABkBOBFA3A0AiAlAfAdAdAYANAEAIAE
2927408999001,BgBZBZB0B9BcBSBDA7AtAlATAJAJAJADAFACAABXBXBcCDCJBjBcBQBFA1AiAbAaAOAIAFADACAB
2927408999002,BNBOBdB9ByBRBCBBBHBEAuAfASAMAGAEABACABBGBKBZB/CBBcBSBTBXBLAvAbATAMAKAGAGADAC
2927408999003,BbBeBtB0BqBSBNBMBGA1AnALALAJAFAHACABABBdBcBpB8BxBfBYBZBMA0AmAUARAQAHAFAGABAC
2927408999004,CKCKB5BuBWBXBWBMA+AjARALAHAGAFACABAAAACLCHB/BsBjBYBdBQA5AdAUAMAQABABAEAAABAC
2927408999005,BMBGBSBpBqBSBNBLBFA5AwAYAUANAOAFAFACABA+BIBcBsB1BiBbBUBQBKAhAvAjAaAVAOAFAHAC
2927408999006,BFBLBaBkBYA5BNBlBkBSAxAYAMAQAHAFADAAADBCBJBWBlBqBVBtBzBhBKArAWAYARAJAFACAIAA
2927408999007,BKBMBTBtBhBRBPBLBAAyAkAYAXARANALAEADABBIBJBSByBxBeBcBaBPA6AxAjAnAcAaATALADAD
2927408999008,BdBVBMB0BqBXBVBOA9ApAsASAXAJAIALACACAABTBUBkByB0BkBlBaBHAyAmAcAcATATAFAIAAAD
2927408999009,BVBRBaBsBmBZBNBJBAAuApATASATANAKABACABBQBRBVB4B4BmBaBUBKA1AtAiAcAcARAKAEAFAC
2927408999010,BSBMBYBzBnBYBRBLBBAvAlATAPATAJAIADABABBPBQBXByBwBfBbBaBMA5ArAjAfAXAVAQAKAFAC
2927408999011,BDBHBTBnBkBTBMBLBCA0AkAcAYAQASAFAEACACBDBFBUByB3BhBcBcBMBBA0AjAjAfAfAQAFAFAH
2927408999012,BEBKBMBkBmBQBFBGA9A1ArAZAdAQALAIAMAFAABABCBQB0B5BYBaBVBLBAA3AqAsAYAdAUAUAJAF
2927408999013,BYBjBcB0BmBXBRBJA6AqAhATAQAJAMAHACACABBTBKBeB1BxBiBYBZBGAzArAiAjAcAZAKAGADAD
2927408999014,A5A+BTBwBbBGBCBMBKBKA1AfARAIAHAGADABAAA6A7BRCCCFBmBZBoBhBTA9AfAWAUAOANAFADAC
2927408999015,BYBUBZBuB1BeBSBHA9AtAdAbAQANALACAEAAABBVBOBbB6B8BtBdBSBHA7ApAdAaASAKAKAEAEAB
2927408999016,A8A8BQBpBdBEBIBUBKA9A4AZAVASAIAHACABABA6A6BNB1CCBpBjBoBeBMA9AiAYAYAMAJAJAFAF
2927408999017,AmAwBJBzByBDAuA5BCBLA/A3AfAUALAJABABAAAmAvBJCBCZBfBPBXBgBeBJAxAeASAVANAJABAE
2927408999018,ArAvBEBlBgBEA/BEBBBFA2AkAfAVAPAIAGAEABApAtBEB+COBrBXBbBaBWBGAvAqAcAYAVAKAGAE
2927408999019,BnBkBjBzBvBgBVBGA0AjAjAQAPAJAGAHACAAAABhBhBmB0B5BnBiBNA7AyAfAcAZAPAIAJAAAFAC
2927408999020,BgBaBXBtBsBtBcBFAyAiAdAYAUALAIAFACABABBZBWBbByB7B2BmBPA8AtAqAbAdAYAMAGACABAC
2927408999021,BBBDBOBmBqBWBVBKBBAvAhAcAdAVAHAKAGABAABCBBBOBpB7BlBhBaBOA9AyApAsAZAeARAKAGAD
2927408999022,A9A5BKBfBoBUBIBLBEA7AuAgAaARAPAFAEAAADA6A8BGBvCABlBgBeBdBIA6AoAfAgAgAQAGADAD
2927408999023,AkAiAlBOBXBMBEBVA8AxA3AgAaAcAeASAMAJABAlAgA7BdCCBrBYBDBTBJBRA1BPA0A5ApAaAMAM
2927408999024,AkAhA3BUBmBGAxA5A2A1AwAnAjAhAeALAJAGABAkAmAzB1CWBsBWBYBWBRBEBAA0A4AzAeAPAOAG
2927408999025,AmAoA7BoB1BVApA7AwA7AzA2AlAOAQAMAIADAAAjAqA+BqCBBgBbBZBbBdBYAtAxAtAjAhAPAEAF
2927408999026,AkAuA5BRBlBEA3A2AxAxA0AbAoAcAdAMAPAFAKAiAkA9ByCPBoBQBNBSBNA6BFA7A2AvAkAeAQAK
2927408999027,A4BCBTBsBpBHBGBBA7AwArAiAcAQALAJAFAEADA0A8BQB0B9BgBWBdBPBCBBAmAeAmAaAaAQAVAD
2927408999028,BNBMBTBvBqBUBNBIBAAsAfAYAMATAIAJACADABBPBOBYB5B4BlBiBbBMA9AqAhAmAZARAHAIAIAE
2927408999029,BCBEBGBeBhBYBSBQBBAzAhAoANAWANALAHABAABEBDBLBsCBB0BjBcBNA9AyAnAiAiATANAKAFAE
2927408999030,BSBMBOBsB2BeBUBEA2AqAeAgAYAMAFAKADABAABLBDBVB3CCBqBeBYA/A3AzAqAkAWAUANAJABAC
2927408999031,BZBWBYBxBsBeBSBFA8AsAhAWASAJANAEADABAABXBPBdB3B4BtBcBTBHAzAoAjAfAWATAGAHABAB
2927408999032,B/BvBpB7B1BXBKA9A5AsAhAUAPAPAHACAEACABB0BqBqB7B0BYBKBAA6AqAkARAPAOAKAEADAEAA
2927408999033,BfBeBdB1BuBcBOBEA/AwApAYAOAOAIAEACAAABBZBXBcB4B2BlBXBMBEA7AuAdAVAQAKAGAEADAB
2927408999034,BzBwBpB1BsBcBSBKA7AmAZAQAPAHACACACABABBpBqBkB3B0BjBfBPA/AsAeAUANAPALAEAEABAC
2927408999035,AyA1A8BXBoBaBPBPBDA3AoAsARAYATANAEACAAAxAuA5BrB9BqBXBXBPBCA2AnA1AqApAdAeAKAG
2927408999036,AwAyBEBiBiBQBEBHBAAyAoAjAdAXATARAJACADAyAyBHBnByBeBWBZBQBFAxA4AqAtAvArANAPAL
2927408999037,BRBPBQBtBqBdBTBHA+AuAmAZAYASAMAIAFADABBMBKBUBwByBfBaBTBFAzAuApAgAeAXARAMADAC
2927408999038,A7A/BNBkBfBRBJBHA/A0AuAfAdAcASAOAHABACA5A5BNBqBtBTBTBVBMBCA9AnAwAjApAiASAHAJ
2927408999039,BNBLBdBtBmBQBRBQBCArAiAdAXASAPAKACABABBIBLBaBvBsBdBgBcBKA3ApAtAlAdAUAKAHAIAC
2927408999040,BMBOBWBrBmBRBOBLBAAyAlAaAWAQAMAKAGACAABKBKBRBvBtBdBdBWBNA9AsAlAhAgAeARAJAHAD
2927408999041,BvBrBoB5ByBZBRBIA2AmAaAQAMAJAEADADAAAABsBsBqB5B0BgBbBNBAAqAkAVANARAJAEADACAC
2927408999042,BuBqBmCBBwBXBNBFA5AsAaAVAHAMAHAIADAEAABjBlBpB5BvBXBRBPBCAtAdAbAaASAJAIADACAB
2927408999043,BeBdBiB1BmBaBSBIA8ArAhAVARAGAHAGAEABABBdBaBkB9ByBYBZBSBEAxAqAZAeAWAOAJAHAEAC
2927408999044,BiBcBkB0BvBbBQBKA+AvAeAdATAKALAIACAAAABWBYBcB2BsBiBcBVBBAzAaArAaAPALALACACAC
2927408999045,BkBUBgB5B/BcBRBBA2AwAuAUAUALALAIAAAAAABUBgBdB7B3BnBXBCBBA2AmAiAYALARAFAAABAA
2927408999046,BzBqB0CKBnBUBMBDA7ApAdAPAPAKAEAEAFACAABiBrB2B+BsBUBUBIBBAuAgAUAQANANAFAEAAAA
2927408999047,BeBfBmB4BoBUBPBMBAAtAeAWARAKAHAGAEABABBYBhBlB7BtBbBcBWBGAyAlAbAZAOAOAJAFAAAB
2927408999048,B7BzB1CFByBPBCA9A5ArAfANAPAGADABABAAAAByBvB4CEBxBVBHBKBBAyAmAOAOAEAJADADACAB
2927408999049,B/B7B1BzBoBRBKBCA8AsAcAVAPAKACACACABAABvB0BvB2BvBXBSBJA7AuAeAUAOALAHAHADAAAB
2927408999050,BeBmBtB6BoBQBTBFBAAtAkASAKAJAKAEACAAACBkBhBsCDBxBhBSBTBGA0AjAVAVAPAIABADABAB
2927408999051,BlBnBsB2BuBXBRBIA8AsAlAUAQAMAMAGADABAABbBjBmByBvBbBXBQA+AvAlAZAWARAMAHAEADAC
2927408999052,BtBoBrCABuBZBKBDA8AsAcAWAMAJACACACAAAABtBoBmCCB1BdBZBPA9A0AcAXALAMAMAGABAAAB
2927408999053,BoBcBoCDB2BbBMBAA3AtArAUAPAIAEACACACAABZBcBaCFB+BdBTBHBAA2AlAeAUASAGAHAEAHAB
2927408999054,BfBcBiBsBsBdBZBJA2AmAeAUASAPAOAGABACAABdBbBdB0ByBpBjBUA9AuAlAdAbATAUAGADACAB
2927408999055,BZBeBaBwBqBbBVBMA7AtAeAYAVAPAJAEADABAABVBYBdB0ByBlBfBTBEAzAjAkAdARASAJAGACAC
2927408999056,BYBXBbBxBwBdBVBHA9AsAeAYAUAMAHAFADABAABYBZBdB1BzBoBdBUBDAyApAcAcAUAPAKAFAEAC
2927408999057,BfBcBfB7B2BYBPBCA+AuAoARATANAEAEAAABAABbBWBhCBB6BhBWBQBFAzAlAfAYAIANAHAFABAC
2927408999058,BbBUBfB9ByBaBNBBA+AwAqAWASAJAHAFAAAAAABYBXBcCCB7BjBXBOBIA6AsAbARARAJAJAEACAC
2927408999059,BlBnBmB7BvBYBQBDBAAxAjAUAIAIAFACACAAAABhBhBoB/B2BfBaBRBIA5AoAPAOAJAFAEAEABAC
2927408999060,BdBbBhCCB8BTBJA/A4AwAvAVANAMAEAFAAAAAABdBYBjCECBBkBPBLBFA8AyARASAJAMAFACAAAD
2927408999061,BNBOBYBrBnBYBQBJBBA3ArAaARAIAHAEACABAABLBOBXB0B6BrBkBaBRBDAzAhAXAPANAJAEADAB
2927408999062,BeBbBaBwBzBjBWBHA8AqAiAXAQAMAKADABAAAABcBXBbB2B+BsBhBQA/AyArAZAVAQAKAFADAEAB
2927408999063,A7A/BHBwBaBIBGBPBAAzAlAiAPAYAdAHADAFAAA4A6BQBzBuBfBfBhBWBEAzAuAgAuAiAYAOAHAC
2927408999064,BGBLBSBjBZBPBQBSBKA4AqATAVAPALAGADABAABHBJBXB3B1BlBlBmBbBCAqAjAgASAUANAIABAC
2927408999065,BfBXBeBxBoBYBXBOA6AoAfATASARAJAFACACABBXBVBbB2ByBkBiBWBFAwAnAZAYAYAXALAFADAB
2927408999066,BLBMBSBpBmBUBOBOA9AvAgAcASAUANAJAEACABBKBGBPBwBxBnBhBVBQA7A2AjAgAfAYAWAHAFAD
2927408999067,BEBIBWBpBpBUBMBJBBA2AlAcASAUAMAEAEACABBBBCBOB0B/BpBgBbBTBBAtAqAlAUAWAOAIAEAE
2927408999068,A+A5BTBlBdBQBPBMBEAwAkAdAVAXAQAIAPACAAA6A6BSBtBxBkBeBaBWBAA5AjAnAmAjAQAQANAC
2927408999069,BFBEBMBkBaBPBLBRBIA8A1AYARATAJAHABABABBABEBQB6CHByBiBjBWBCA6AhAbARAPAIACADAD
2927408999070,BoBiBlB0BoBbBUBDA7AqAkAUAPALAFAFABABABBhBdBhB4B3BoBYBMBEA1AhAhAZAIAKAIAFACAB
2927408999071,BiBcBgB0B6BfBSBDA0AqAkAZAQAMAHAFABACAABdBcBbB/CABsBbBHA6A1AnAdAWAOAKADACABAC
2927408999072,BvBqBlByBoBkBYBIA6ApAhAMANAFAGACAAAAAAB0BtBjBzB1BpBfBUA7A0AcARARAGAGAEABADAA
2927408999073,BlBqBoB2BlBVBSBMBCAwAeATAPAGADADAAAAABBgBfBlB+B0BhBaBbBLAxAiAUAOAJAHAFAFAEAE
2927408999074,BqBjBlB0B1BqBeBMA/AtAfARAMAHACAAACABAABnBeBiB3B5BoBaBMBBAuAeAXAOAGAEADAFACAB
2927408999075,BZBOBYB6B/BmBPBBA0A0AyAZALALAEAIAEAEAABQBOBUB8CGBpBWBIBBA5AyAbAgAOACAMAFAAAB
2927408999076,BeBgBiBtBwBhBbBLA3AkAeAaATALAHAEADAAABBgBkBfBsBzBjBlBQA6AsAmAfAbAOAOAKADADAB
2927408999077,BkBgBmByBzBiBKA/A3AuAoAXAOAKAGADADAAAABhBgBlB/B3BkBWBGA+A3AmAeAUAOAJAIACABAA
2927408999078,BtBgBlB4BuBcBSBFA8ArAkAUAUAIAFACABABAABgBfBgB3B6BnBbBLA+AxAlAbAUAKANAFACADAC
2927408999079,BhBcBiBsBfBaBcBUBGAuAeAOAKAGACAEABABAABfBZBhBzB2BxBoBgBPA0AgAXARALAKAEABABAB
2927408999080,BrBpBsB0BnBUBQBOBCAsAfASAJAGADAFAAAAAABqBqBmB4ByBiBgBWBIAxAYATANANALAEABABAB
2927408999081,B5BzBjBsBqBfBUBGA1ApAaAaALALAGACACACAAB4B5BrB0BwBpBbBGA1AmAbATAQAIAGADACACAC
2927408999082,B5BzBvBzBhBdBVBMA4ApAbANANAFAGADADAAABB4B0BnBzBxBhBeBOA9AqAYATAKAOAIAFABAAAC
2927408999083,BnBgBrB8BpBbBRBCA9AxAjASALAMAHABAAAAABBpBfBmB9B9BdBeBQBGAvAhAUAKALAIAEAEACAD
2927408999084,BYBcBpB8BtBMBNBIBAA0AiAXANAIAFAEACAAAABbBaBiB6ByBeBaBVBRA+ArAdATAMAEAKAEACAC
2927408999085,B7BoBhBkBtBkBWBJA9ArAaARAIAHABAEAAAAAAB2BiBfB5B7BsBbBQBCAxAiASALAOAFAFACAAAC
2927408999086,BTBWBzCCBoBJBBBMBQA0AhAVAOAJAEAAADAAAABQBXBvB+BrBTBTBfBgBEAnAaAPAMAMAGACAAAB
2927408999087,BVBaBtB/BmBFBCBQBKA4AhASAMAHAFACACAAABBRBVBxCCBvBPBWBkBdBCArAWAPASAEAHADAFAD
2927408999088,BfBgBnB/BoBMBMBRBKA0AeARAJAJAAAEAAABAABUBcBsB9BwBeBeBjBMA9AmAVAKALAEAHABAFAB
2927507001001,BsBnBuB6BqBJBAA1AzAjAfAjAZAVAPANAMAIACBvBmBsB1BiBGBAA5ApAqApAqAfAhAXAPANAGAB
2927606001001,BqCFCNB4BvA3A7AyAgAlAhAfAnASAMALANAFACBwCDCFB7BJA/A4A4AtAoAcAdAmAMAOASAPADAF
2927705001001,CDB5B7B4B1BWBNBCAwAqAeAgARAQAMAGACACABB8B3BwBwBoBUBDA8AtAkAaAYAOAOADACABABAC
2927804001001,BfBkB+CnBSBLA9BFA3AvAdAkAhAVAFALAIAHAEBWBdB2CCB0BHBAA3A6ApAgAlAJAQALANAHAFAF
2927903001001,BkBqCBB7BdBDA9A2AvAnAiAWAXAYAZAPAOAGAFBjBkB5B3BdA9A+A1A2ApAkAiAdAfAaAPAWAJAJ
2928000001001,BjBtB9CBBnBHBCA3AyAmAnAkAZAPATAJAIACADBmB0B8B6BbBIBCA7AwAnAoAdAXAWAWAJAHAEAC
2928059001001,B6B5CEB+BgA6A7A9AyAoAiAcAkAdAMAOAGACABCCCCCeBtBNA9BBArArAbAhAbASAPAOALAGADAC
2928109001001,BlBsB8B6BkBKBBBBA3AnAaAiAWAVAMAMAFACACBhBoB0CIBfBLBIBAA5ApAlAbAbAUARAKALACAD
2928109001002,B0CGCSCKBYA+A6A5AvAiAgAjAgAdAPAIACABACBuB/CNBwBDA2A2A2ArAoAbAqAhAPAVAMADAFAC
2928208001001,BsBxB4B9BcBEBCA+A2ApArAiAZAZAPANAMAHADBfBtBrBzBUBDA7A4AxAtAlAmAgAfAPANAMAHAD
2928307001001,BfBsB8CHBhBEA6AwAoAjAqAgAjARATAXAJADADBgBhB/BsBdBAA7AtAwArAoAoAnAjAYAbAPAFAD
2928406001001,B1B8CJCOBaA9A6A6A0ApAcAjAfAQAJAOAJABABBtB1CIB7BMA6A2A4AtAoAgAiAdAUAOASAJACAE
2928505001001,BpB5CHCDBcA+AtAxAvAjAdAiAdAdAfAQAMAIAEBfBuByBlBSA8BFArApAlAsAkAuAdAkATAQAFAD
2928604001001,BhBfBrB/BuBUBEA/A1ArAiAcAWASAOAIAGACACBhBbBpB7BoBTBIBDA5AxAqAeAcAWAUAIALAFAF
2928703001001,BdBcBtB3BnBTBNBDA1AoAeAYASAQALAIAFAFADBcBdBqB6BvBgBVBLA7AuAlAaAdAWATAMAJAEAD
2928802001001,BtBvBzCABcBDA6A4AwAnAeAZAWASAIAMAEAEAABnBsB4CHBlBVBGBCA4AyAfAjAcAUASAFAQAFAC
2928802001002,ByB9CNCKBUA2AyAvApAiAjAYAcAZAQANAGAHABBqB2CHB/BWA5AxAuAtArAoApAmAWAWAUANAGAE
2928901001001,B+CACBCABnBMBCA/AvAnAhAWAWAUAQAJAJAAABB5B+B+B7BaBDA4AwArAlAZAaAUATAPAMADAGAA
2928950001001,BOBkBqCHBzBBBIAyAuAzAwAfAiAPAUANAKAIABBeBIBxCDBjBPBEBAA0AwAyAoAbAQAQANAHAFAH
2929008001001,BeBjBuCGBsBSA+A+A2AoAcAZAaATANAHAHACABBeBkBqB3BwBUBIBDA3AvAmAcAaATAVAWALADAB
2929057001001,BlBzCGCIBfBFBFA5A5AnAkAYAZARAPAJAMAEAABkBuB7B/BZBHBDBBAyAqAkAXAWAaAOAIAIADAC
2929107001001,BaBqBxCEBnBRBGA5AyAnAkAcAhATATAKANAGACBZBiBnB9BaBJA/A3AyArAnAgAlAgAfAOAKAFAD
2929206001001,BzBpBwB8B5BWBNA7AzAmAfAXASAKANAFAEACABBsBnBrCBBzBYBLBBA1AoAeAdAYAPAKAFAHABAC
2929255001001,BxBxB+CNBrBIBFA0AxAoAgAiAXAOALAPAFABACBqCBCEBzBdBLA2A9AqAlAjApARAWAQAFAEAAAB
2929305001001,BkBhByB9BkBQBEA4ArAkAaAeAaAXAOAKAGAFACBiBjByB7BqBRBIA+AyAqApAhAiAdAUARAIAGAE
2929354001001,B7CBCDCJBXA6BBAqAvAmAeAfAqAYAXAKAJAHAABqB8COB0BPA/AyA5AtAmAlAdAUARATAOAHAGAA
2929370001001,BbBiCGCKBaBEBNA1AtApAhAmAiAIAYAOAEAGAEBnBzB/CEBTBJAvBAAxAkAuAcAbAdAGAUAQACAA
2929404001001,BkByBpB0BhBNA+BEAxApAnAYAZAcAgASAHADAFBdBnB6BrBUBKA/A4AzArAmAlAmAiAUANAIACAC
2929503001001,BnBmBtB8B1BWBGA9A3AtAbAeASAVALAHADADAEBeBfByB9ByBWBGBDA4AvAgAdAZAPAPAHAIADAC
2929602001001,BYBrB9CEBfBQBAA3AtAlApAQAdASASAKABAGAEBdBhCIB6BVBHBFA6AzAqAoAiAeAdAgATAJAEAG
2929701001001,B2B4CBBlB1BEA6A0ArAmAqAgAUAYASANALAFADB5BwB3B+BIBBA6AvAoAqAvAdAgAbAUAOAIAFAE
2929750001001,BeBdBtCABmBSBEBIA1AvAlAbAYAaASALAFAGABBVBXBpBuBtBPBIA4A8AsAkAkAlAcAUALAOAFAF
2929800001001,BmBmB3B8BdBJA7AyAwAtApAkAhARAcAHALAFADBbBhB6B8BRBDA/A0A1AtAtApAeAcAPAaAKALAC
2929909001001,BvBuBvB8BeBLBEA5A3AqAgAZAYAMAJAGAGAHABBrBiBzB6BqBZBNBEA3ApAkAfAZAQATAMAHAGAB
2929909001002,B9B9CBB5BaBIA+A1AyAiAjAeAdAQAcAJAFAFACB1BxB2ByBTA+A2AxAuAhAjAoAgAcAWAJARAGAB
2930006001001,BnB+CLCBBTBCBHA8A1ApAqAbAdAQATADADAFAFBpCBCIBsBOBABIA4AuAqAaAiAdAVAMAIAFAEAB
2930105001001,BgBgBlBuBjBNBIA7A2ArAgAjAbAQAQAKAFADACBdBeBmB2BoBaBRBHA7AxApAnAfAVASASAKAHAC
2930105001002,BuBwB4B7BoBLBDA2AvAoAvAbAXAdANAUALAFABBpBrBwBtBZBHA+AvAuAnAmAkAYAgAZAKAJAEAH
2930154001001,B+CJCUCNBcBAA8A0ArAlAlAdAfATAMAHAFACACB3CKCKB5BKA7A3AyApAiAjAbAVATAJADAGAEAD
2930204001001,B+CBB/CGBpBPBBA3AxAnAdAbAXAPAOAIAGACACB5B5CAB0BaBFA8A2AsAjAfAYAWARAKAOAEADAD
2930303001001,BjBtCCCoBuBFA5A8A2AoAmAhAeAWARAKAFACADBdBtBvCIBNAzA9A0AtAoAtAZAgATASARAHADAD
2930402001001,BdBuCDCMBiA/A5ArAnAjAiAlAaASAhAXAKAHABBcBvB4B1BVA5A4AtAuAqApAyApAlAeAOAKAGAE
2930501001001,BlBjBvB7BoBPBJA8AyAlAgAZATAPAPAKAFAAABBcBdByCBB0BaBPBDA5ArArAaAVAZAQAKAKADAE
2930501001002,B3B4CLCNBoBFA8AwAnAfAlAbAdAPATALAJAHABBvB0CFB/BaBBA1AsAnAjAoAfAiAPAQANAFAFAD
2930600001001,BZBrCCB+BfBFA7A3AwAnAgAwAdATAfAIAHAFAFBVBjB2BwBOBEA/A6A0AtAsAxAnAeAVANAMAHAG
2930709001001,BsBqBuB8BwBbBOBAA4ArAjAVAPAKAHAEACABAABpBmBrB9B1BgBSBHA7AtAkAUAUAMAIAFADABAC
2930709001002,CKCDB+B6BsBXBCA4AtAoAfAZAUANAIAHAFAAAACAB6B1B5BpBLBAA7AtAfAYAaAQAOAIAFAFAAAC
2930758001001,CACRCRCJBeA8A/A5AvAoAeAcATAPARAEAEABABB6CPCNCABLA2AzA2AqAeAdATAYARALAKAIAGAC
2930766001001,BoByB2BkBQBPBGBBAyAwAgAkAZAUANAKAJABACB4CAB+BoBbBaBKBBAxAoAsAWAcAMALAEAKAEAC
2930774001001,BrBkB5CHBuBGA+AyAsArAiAnAZANAQAMADACAABrBkBuB6BzBQBEA6A4AzAoAjAfAOAIAKAFADAA
2930808001001,B+B/CGCABgBKBCA0AvAjAWAsATAUAOAIALABAAB/BwB7B2BXBBA4A3AuAkAfAgAeATARAKAIADAB
2930907001001,BwB/B/CDBbBIBDBAAwAkAhAgAoAVAOAKAFACABBnBzCBByBOBAA6A0AtAlAgAhAYAaAUAQAHAIAD
2931004001001,BOB5B4B/BoBLBEAzA7AhAfAnAgAcASAMANAKACBbBWB0B5BZBDBHA1AxAoAjAiAlAcAVARAPAGAC
2931053001001,BtBwB2B0BbBIBDA9AvArAzAbAgAQAbANAGADAABmBrBqBxBZBIBIA3AzAuAlAiAfAYATARADAHAD
2931103001001,BbBbBtCPBoBPA6A4AzAqArAaAYAVAQAQAKAHAEBYBYBjB1BcBOBFA+A5AqAwApAaAdAYAPAYAFAE
2931202001001,B5CFCPCCBoBDA4A6AxAkAeAaAYARAMAIAEADACB5B4CDB/BZBAA6A3AuAjAeAYAVAUAMAHAEAJAD
2931301001001,B9CMCPB8BYBJA6A7ArAlAgAYAWAOAIANACADACB9CHCJByBWBIA+A9AvAgAcAZAUAPANAHAFADAB
2931350001001,BvBuB6B9BkBNBEA+A0ArAdAdAVAVAIAHAEAFABBrB0B2B2BnBOBIA9A1AtAgAdAVAPARAKAFAAAE
2931350001002,BvBoBtBuBaBOBPBJA3ArAhAaARATANAHAMADAABoBoBvB3BoBXBRBFA4AvAmAaAYATALAMADACAD
2931350001003,BNBUBkB0BgBKBHBDBDA4AtAdAVAYAOAKAGABACBLBUBmB+BqBcBWBSBKA4AvAfAeAQAOAGAGAGAD
2931350001004,BwBzBpBvBcBSBTBRA4AtAgASASAPAGAHACABAABqBuBxB5BwBkBbBKA1ApAeASASAJAKAFAHABAC
2931350001005,B0B9B/B4BkBKBGA+AyAqAfAgAXAVAQALAEAEABByB3B6B2BYBJA8A7AyArAfAbAcAOAPAHACABAC
2931400001001,BhBoB2CBBtBOA+BCAgAmAhAXAaAYARARAKAFABBUBtB5B0BjBGBIAzAoAkAtApAhAbATAPAMANAI
2931509001001,CBCBCMCEBiBCBBA1AqAiAhAdAWAMAMAKAJABACBxB7CDB4BdBHBCA2ApAiAkAbAYAQAIANAEAHAC
2931608001001,CLCECMCPBZBCA4AyAuArAaAZAZAOAUANAEADACBwB+CMB3BUA+A8A5AtAqAcAYAYAQANAEADACAC
2931707001001,BsB0BvB9BoBLA/A4AwAmAhAXASAWAQAMAHABABBqBiBtB+BuBJBCA6A4AoAsAdAlAaAXAMAJAAAC
2931806001001,BZBwB6CABZA8A8A5A1ApAgArApAgAQALAJAEAEBeBsBzB7BOA9A6A3A0ArAqAsAnAQAaAXAIAGAI
2931905001001,BgBnB0BxBdBLBDA6AtAlAmAZAUAYATAPALAEAABeBqBzB7BiBNBKA7A1AtAwAgAhAVAbAKANAHAH
2931905001002,BwCACDB9BjBMBEA6ArAmAkAeAYAUAUAQAJADABBuB3CABsBQA9A6AzAvAjAkAiAjAPAPARAGAFAC
2932002001001,BbByCACLBcBBA9A7AvAoAhAmAeAiARAQAJAHAEBVBpByBsBmA7BDAzAvAjApA3AkATAWAMAHAHAD
2932101001001,BfBfCDCMBdA/A+AyA2ArAqAWAcAYAXANAEADAEBdBlCVCQBbAwAxA6A2AmAmAdAiAZAVAVAKADAG
2932200001001,BoBzCBCEBfA+A5A0AyAqAfAeAZAaAQAOAGADAABoB7B/CDBeBGA9A7A0AqAjAcAaAUAOAMAJACAD
2932309001001,BkBjCOCDBzA6A2A2AyAqAiAcAUAcAaAMAFAFABBhBsB0B9BVA7AzA5A6AuAnAiApAdATAOAJAEAC
2932408001001,BfBhB+CCBnBOBJA9AxAsAsAeAcAaAQANAJAEABBdBgByB0BRBFBKBAAvAnAkApAjAQARAMALAGAC
2932457001001,BxB8CCCMBxBXBGA3AvAlAkAWAaAQAPAFAEAAADBuB4CHB8BXBGBAA1AsAeAhAXAaAKALAEAIABAA
2932507001001,BxByCJCEBmBPBAA7A6AxAkAkAeAZAMAJAEACACBtB7B+B2BeA6A8A+AwAnAhAVAQAHALAGACABAC
2932606001001,BkB/CCCCBiBCBHA8AyAxAbAmASAUATAFAFABAABhBgB9B9BVBCA7A3A2AlAqAgAeAXAWAOAMAJAD
2932705001001,BhBuCGCIBjA7A6A1A4AxAlAiAfAdALAOAJABAABiBuB6B6BdBBA7A8A4AqAlAiAXAQAXAKADAFAD
2932804001001,CDB6B2B6BnBIA6A6AxAkAhAVAUAZAKALAGAEAACHB2CCBuBYBIA9A2AsAlAiAaAVAVASAOAFAFAF
2932903001005,BnBwBtB4BjBPBHA+A0AoAeAZAVAPAOAJAFABABBfBtB0B+BoBUBLBFA7AtAkAbAbAVAPAKAFAFAF
2932903001099,ByB8CPCMBpBDA+A8A0ApAgAhAZAWAWALAFADAEBsBzB9ByBKA+A9A3AtAnAhAeAYAVAQAGAFAAAB
2933000001001,BdBbB0B7BoBRBJA9AuApAoAeAbAPAVALAMAEACBhBZB0B8BpBRBKA/AwAoAlApAeAZARAJAGADAC
2933059001001,BrB3CGB+BhA+A5A4AvApAkAiAjATAbAHAHAIAABmBsB7B1BRA9A+A5AzAkAvAkAaAXAVALAKAIAD
2933109001001,BVBtB6B9BLBEBEA7A6AsAsAnAYAXAZANALAHADBRBfB1B2BVA/A/A7A4AyArApAmAcATAKAZAEAB
2933158001001,BvB4CEB6BlBJA8A9AuAnAoAjAZATARAGAHAEACBuB1CCB7BSBBA/AzAvAmAoAfAdAOAPANAEADAD
2933174001001,BdBhB0B7BlBPBMA3AtAqAlAkAeAZAVAOAIACAFBcBbBvB2BgBIA7AzAvAqApAtAqAcAUANAPAGAD
2933208001001,BzBmBrB1BrBYBMBEA1ArAgAdAYASAQAJAEADABBvBiBiBxBmBXBKA/A3AsAlAbAaAVAUAEADAFAB
2933257001001,ByB0CIB6BWBHBCBCA1AsAqAgAmAWAeALAFAFAABmBuB3BfBGBABBA6AtAvArAcAgAUAcABADAJAC
2933307999001,BMBKBNBbBoBWBLBFA6ApAvAbAbAZAQAQAEAHAABIBKBUB0BzBhBWBQA/A1AwAuAoAjAcARALAIAF
2933307999002,BaBVBfBuBwBQBKA+AzAqAuAWATASAOANAFADAABXBTBgB/B4BXBRBKA8A3AyAeAhAdATAMAJADAC
2933307999003,BCBIBcBxBYBGBABHBGA5AzAhAUASAQAHAJABAAA9BKBjB+B1BaBUBdBVBFA1AmAjAWANAJAHAGAD
2933307999004,BsBnBqBxBoBPBQBJA6AsAeAXAYAJAMAKABADABBkBaBrB7BoBaBaBSA6AtAjAYAWAWALAHAGAGAA
2933307999005,BvBoBuB/BsBPBEA8AwAoAcAcAXASASAFAEABAABrBqBwB/BrBTBKBAA3AsAlAcAWATAPAIAHABAD
2933307999006,BQBMBTBpBrBVBKBDA1ApAkAiAcAVARAHAIACACBLBOBbB6B1BhBbBKBBA3AvApAqAVAZASAGAFAC
2933307999007,BxBkB4B5BuBVBHA/A5AnAlAUAXALAMAEAFAAABBqBhBrCDBlBXBTBFA9ApAkAcATAPAHAGAHAGAB
2933307999008,BhBgBiB7BtBRBMBAA3AtAoAfAdAKAJAKAHACABBbBXBjB0B0BoBRBKA7AtAsAYAbARARAHAGACAA
2933307999009,BvBvB2BuBZBRBXBQBCAqAeATAOAHAIAHADACAABkBpBvBzBoBfBjBWA9ArAeARAMAQAJADAFABAC
2933307999010,B0ByB4B8BnBTBFBAAvAhAdAeAYAUAOAGAFABAABwB3B2B3BlBPBKA7AuAmAkAYAaAPAOALAFADAC
2933307999011,BqBxCAB+BhBLBAA+A2ApAmAgAfAUANAPAGAFADBnB2BxB1BYBDA/A5AuAnAnAgAcAaAQAJADAFAC
2933406001001,BsCDB4CTBXBIA6A0AuArAhAXAjAUAKAKAJADABCLB3B/BiBeBBA8AyAtAZAmAcAcAWASAPAKAFAE
2933455001001,BiByCKCIBfBNA7A9AxAsAmAeAbAaAMAHAJABAABgB8CJCIBYBEA7A4AvApAiAcAYAQAJALAEADAA
2933505001001,B4B9CLB+BkBLBCA9AzApAoARAUAUAMAKAIACABBvB+CEB8BfBDA7A3ArAmAkARATAVAMADADACAB
2933604001001,CDB/CGCDBaA+A2AzAuAmAfAcAZASAMAIAEACACBzB/CJB/BUA/A6A4AvAlAgAhAZAWASAKAIAEAC
3100104001001,BWBSBTBcBOBTBjBWBGAqBEAzArAcATAQADACAABTBNBMBUBVBSBOBFA4BFAwAqAiAqAQAPALABAA
3100203001001,BXBYBkBgBPBNBRBRBCA7AqApAeAVASAOAGAFABBUBWBdBiBOBNBTBSBGA4AnAuAnAdASAKANAFAA
3100302001001,BdBnBsBxBbBBBIBIA/AxAtAcAlAZAXAHAIAFABBVBfBjBtBTBMBJBCA/A0AsAhAkAYASAVALABAD
3100401001001,BbBfBuBrBiBTA7BIA9AoAuAeAYAgAWAMAIAIACBPBfBmBkBYBRBFBNA4AuAiAoAaAhAYAbAPAFAC
3100500001001,BqBsB2B3BUBFA9A7AxAtAjAmAsAUAbAPALADABBnBoBtBmBQBGA5A4AtAsAnAvAqAfAZARALAGAB
3100609001001,CACBB+BzBaBIA9A5AxAmAlAaAaAUARACAEABADCKCRCQBbBOA1BLAzAvAtAXAgAaAYAKAGAGAEAC
3100708001001,BbB3BkBXB4BABOA6A8AyBEApA5APAJADASAFAAA9BMBfBkBWBlBNAxBQA7A3AbAKAdAPAUAQAAAA
3100807001001,BTBTBaBWBUBIBQBIBQBFAxAnA1AeAZANAJAGAABWBQBZBdBRBGBMBKA8A+AvAnAlATAiAUAFAHAA
3100906001001,BaB7B5B+BTBKA5A+AvAtAjAoAgAaARAJAGAHACBvBlB2B2BZA7BCAzAzAsAlAtAfAeAMATAIAFAB
3101003001001,BwB+CJB+BaBBBBA5A1AuAoAdAZATAQAJAFAEAABpBzB9B0BSBFBBA7AyArAfAmAdATAOAFAEACAD
3101102001001,BUBaBhBkBXBNBGBEA6A4ArAhAjAeAYAOAIAFABBUBWBhBhBYBKBNBGBCA4AwArAhAnAbAUAJAEAE
3101201001001,BXBeBZBcBRBPBjBDBIBEAsAwAhAfAbAPAJAKABBQBYBTBXBLBGA8BYBEAuApAqAlAlAaAOAHADAA
3101300001001,BZBdBgBqBCBDBTBdBMBHA6AoAiAnATAPADAAAABWBkBMBWA8AxBHBUA4A7AtAhAsAiAlAYAJAAAA
3101409001001,BdBSBEBzB8BJBUBTBMA6AgA7AhAWATALAKACAABoBcBoBEA+BpA+AsBWA6AmArAoAXANAEAGACAC
3101508001001,BVBXBXBbBTBIBJBMBJA2ArAgAiAbARAPAGAGACBSBUBSBaBWBNBQBVBNA/A3AkAlAkAdAUAKAHAC
3101607001001,BYBbBgBnBgBKBKBLBFA4AsAjAZAVASANAGABABBVBZBhBlBhBQBPBNBIA7AwAgAeAaASALAHAEAD
3101631001001,BrBTBhBhBiBlBKA7BLAsBKAuAPANANAQAJAAAABbBeBaBrBSBWA5BQA6A5AxAjANAsAJASABAGAD
3101706001001,BdBkB5B6BdBIBDBBAzAvAkAnAgAZAVAJAEABAEBYBcB0B5BZBFBFBBA6AwAqAjAfAcAQAPAJADAF
3101805001001,BhBrBzBwBdBEA7BGA/AuA0AbAfAUAYARAFABABBhBbBkBnBgBHA/BHA1A1AcAwAeAcATAMANAKAD
3101904001001,BiBnBrBmBWBSBWBSBIA3ArAjAZAVAYALAHACABBeBdBaBcBNBIBPBKA+A5AkAjAlATANAIAMAGAA
3102001001001,BSBWBkBiBWBQBOBRBIA6AtAuAkAdAZAOALACAABbBaBhBcBSBJBQBDA5A1AsAkAdAeAWAMAIAFAD
3102050001001,BnBpBiBrBhBTBNBHBFA1AmAfAkAVAUARAAAAADBqBTBqBnBRBWBMBHAxAyArAaAbAUATAKADAGAC
3102100001001,BPBeBsBuBcBJBJA/A/A1ApApAjAfAaAMAHAEACBWBlBrBlBQA/BFBBA1AwArAtAiAfAeARAMAGAE
3102209001001,BTBnB5CFBUA+A6BJBJAzAuAiAZAjAQAJASADAABUBXB1ByBJA/A8BJA2AvAoAnAuAbAbAKAFACAH
3102308001001,BbBdBjBnBaBKBGBLA4AyAkArAhAaAUAPAMAEABBYBeBkBkBVBABFBKBAA1AtAnAoAgAWATANAIAB
3102407001001,BzB3B+CABXBABGAvA4AsAbAuARAPAfAVAGAAAAB1CAB7BTBPBLA9AoA2AvAhAXAfAiANAbAHACAD
3102506001001,BbBkBjBsBYBCBDBEA6AxAqAdAmAbAWAQANADABBZBiByBoBPBCBJA5BBApAlAxArAbAQAfAQAIAC
3102605001001,BLBRBVBfBdBTBUBPBHA+A3AhAeAiAWAMAHADAABNBRBWBbBYBVBRBPBFA6ApApAmAcAaAOAIAEAB
3102704001001,BpBsB+B7BXBCBBA/A1AsAmAiAfAcASALAGACABBxBzB6BrBRBBA7A4AwAuAmAhAjAYASAOAMADAD
3102803001001,BMBbBdBmBXBNBOBLBGA6AtAqAiAgAXAPAIACABBOBQBTBdBUBMBDBOBDA/ArAvAkAnAXATALAEAC
3102852001001,COCJCCCFBfA6A6AwAuAoARAgAWASAGAIAAACACCNCNCUBzBNBGA6A1AuAhAWAiAaANAIAIAGAAAF
3102902001001,BYBkBbBkBeBUBSBTBDAtAxAiAeAQAPALADACACBYBfBiBeBaBSBRBKA/A1AxAkAfAbAVADANAEAB
3103009001001,BoCDBrBzBdBKBFBFBFAmAkAiAcATAJAJALABAEBtBmBwBoBZBIBPBAApA0AgAiAfATAWAKAJACAB
3103108001001,BcA+BRB2BPBKBKBfAnBFBCAkA6AhAaAIARAHAAAnBwBTBIBKBKBmA5BbAvAhA/AbAZAqAHAWAAAA
3103207001001,BoBjBaB2BbBHBXBAA+AoAuAfAuANAOAIACADAABVBXBhB/BaBJBVBPA5A8AeAgAeAVAUAXAOADAA
3103306001001,BABFBuBnBMA1BTAyBXBnAsA7AyAUAeAOARADAABKBDBNBYBKA1BJBOBUBaAfA3ATAwAmAJAFAAAA
3103405001001,BiBuB1CBBbBGBAA8AzAoAmAdAbAZAUAIAGAHADBgBwB6B1BVBFBAA9AyAoAgAoAoAVAWAPAIAFAG
3103504001001,BfBZBfBkBhBaBXBNBBA1AuAdAcAUANAIADAAABBMBTBYBeBhBWBUBSBFA8AyAlAkAVATAIANABAC
3103504001002,BYBaBhBfBlBdBYBSBBA4AiApAVAXAJADAIABACBaBXBiBdBhBTBhBPBDA1AwAcAWAdAIAJAKADAC
3103504001003,BJBQBZBgBhBMBPBLBBA2A3AeAlAXAOANAIAEACBGBNBWBYBZBSBSBUBHA8A9AnArAdAbAUANAJAC
3103504001004,BZBiBoBiBcBVBZBbBIAyAjAfAdAKALAEAEACAABPBcBiBcBbBbBhBdBDA5ApAfAUAbAJAPADABAB
3103504001005,A0A7BSBhBWBDBABBBBA/A/AuAfAfAbATASADACAyA5BRBeBZBEBJBRBOBMBIA6A2AoAeAaARAHAH
3103504001006,BgBfBuBwBqBaBZBTBIA2AwAqAkAcAPAGABAEABBcBfBjBWBPBOBNBKA3AtArAXAXAQARAEAGAAAA
3103603001001,BjBTBTBhBTBLBLBPBIA+A9AjAiAaAOAAATAEAABRBVBVBdBMBBBcBOA/A4A2AeAzAcASAgAJAEAA
3103702001001,BwB0B3CCBrBOBFA+AyAvAdAiAaAYAPALADABABBpBoB2BuBgBKA6A+AwArAkAfAcAWAJATADAAAC
3103751001001,BkBgBjBkBeBkBSBIA/A1A2AgAfAYAMADAFABABBhBhBcBiBgBUBYBMA+A3AlAbAZAOAGAQAAABAC
3103801001001,BeBKBWBmBEBgA8BLBCBLBDAjA0AkAQAJACANABA8BSBEBUBLBOBDBKA8BRAzA4AtAaAiAXAHACAA
3103900001001,B8BbBhBgBhBUBgBOBFA1ApATAhAUAUAHAFADAABFBQBsBgBRBPBIBRBLAxAgApAlAUAYAOADAAAE
3104007001001,BYBZBfBlBjBUBSBPBFA+ArAnAUAUAOAFAEADACBOBeBWBgBaBUBXBUBGBAA1AaAbAXASALABAEAC
3104007001002,BeBjBmByBhBKBMBOBOA6AmAfAPAQAOAKADAAAABWBdBsBvBZBOBUBXBLA1AkAdAZAWAIAKAFACAB
3104007001003,BMBXBjBiBYBHBKBNBSA8AxAhAaASALAJAIAEAABMBYBfBkBbBSBUBcBSA9AvAnAhAVAMAPAHAAAE
3104007001004,BCBHBTBZBPBDBMBMBCA/AyAvApAZAbAQAJAFAAA7BKBSBaBUBKBMBPBLBDA+AsAyAqArARAOAMAB
3104106001001,BMBWBkBhBZBHBVBEBLA8A6AkAoAbAdANAKADABBJBPBcBhBQBJBJBJA/A5AiAzAoAkAcAPAJABAD
3104205001001,BOBUBhBrBfBRBWBTBHA+ApAoAfAQAMAMAEACAABGBUBbBqBfBPBWBVBLA4ApApAWAbAPARAGABAB
3104304001001,BQBfBpBnBYBGBPBKBIA0AwApArAXAZAQAEADACBHBXBcBiBWBGBMBIA/A1A1AkAkAfAQAWAMADAC
3104403001001,BpBIBvB1BwAsA1A9BAA3AyArAyATAWAPAOAAAAA5BYBdBmBjAmA4BNBYA5AtArAmAbAkATANAKAG
3104452001001,BuCSCGB5BYBBBLBPA4AaAqAsAaAQAPAFAGACADBoB2B9BwBJBJBBAjAoAoAyAoATAQARALACACAA
3104502001001,BxB6CICHBXBBA/A7A7AwAbArAgAZATAHAEADABBuBzB1B0BOA/A+A9AxArAqAXAZARASAHAGABAA
3104601001001,BOBYBaBfBZBOBUBJBHA4AtApAiAgAYAPAHADADBJBQBaBbBWBNBVBLBFA1AsAyAgAdAZANAOAEAD
3104700001005,BkBwCAB9BKBDA6A2A0AqAmAgApAZASAJALACABBfBtB6BwBKBABBBAA3AxAqAlApAXARAOAQADAH
3104700001099,BfBqCQCNBUBHA9A1AxAqAnAlAcAeAQASAEAEAABiB1B7BuBJA/A+AsBCA2AkAvAWATASAJAMAGAB
3104809001001,BVBoB6CDBTBIBMBGA4A0AtAuAaAaAUARACACAABqB2BtBPBUBFA7BIAzAoAuAoAmAPARALACAKAA
3104908001001,BNBcBgBgBZBSBMBOBCA8AzAhAhAXAaAJAIAGABBOBbBhBlBPBFBKBMBDA8AyAlAlAeAWAPAKADAD
3105004001001,BfBnBuBvBZA6BFA/A7AzAuAhAhAjAOAUAGABAABNBgBtBnBFBDBFBMA8ArArAoAkAhAjAYAMAFAE
3105103001001,BIBOBWBYBJBJBSBTBKA9AzAvAmAdAUARAGADAABLBPBUBSBIBNBQBbBLBABAAnAwAjAZAUAGAFAB
3105202001001,BYBiCBCJBVBJBGBAA3AzAnAyAjAYAeAHAKAEAABVBcB4BpBGA5BKA7AxAwAnAzAjAVAOAHANAGAH
3105301001001,BlBlBhBeBXBMBZBTBOA6AvAnAfAWASASAHAAAEBOBcBdBcBRBWBQBHBBAtApAnAiARAHATAFACAA
3105400001001,BgBlBsBoBbBMBKBSBGA2AfAeAQARAPAKAHABAABcBhBqBtBeBRBPBRBIA0AtAVAXAdAUAMAEACAA
3105509001001,BMBgBsBeBqA/BHBCA4A5AwAnAjAoAkARAFACAABQBmBlBlA6BABGBDBDAxApApAcAiAkAVAMAIAH
3105608001001,BTBVBaBZBYBMBKBPBIA7AqAhAYAYAKALAHAAABBKBSBVBbBeBXBYBaBSA/BAAdAjAdAbANALAFAB
3105608001002,BYBjBiBhBfBTBPBNBEApAxAZAdATAOAGAGABAABXBcBgBlBcBVBWBSBMBJArAjAYAUAMAKAKACAA
3105608001003,BUBVBgBVBYBKBFBOBEA1ApAoAaAUASAFAFACABBQBTBYBjBaBOBUBZBWBDA2AnAdAkAeARAGAFAA
3105608001004,BhBmBcBpBdBVBNBPBCA1AoAdAVARANADADAAABBmBlBgBeBeBXBVBQBQA2AyAbAaATALAGAKAAAB
3105608001005,AxA+BHBVBOA+BBBOBIA9A6AnAlAYAXARANAGABA3A6BPBYBSBMBTBaBeBLBGA2ArA7AnAaANAHAG
3105608501001,BoBrBmBeBdBTBdBUBGA0AkAfAiASAOAKADAAAABQBeBhBhBUBTBVBRA8AzA0AfAUAXAOAJAJABAD
3105707001001,BLBWBoCABhA9AtBJBDA4AsAsAdAjAYAbAKACADBNBfBiBfBLA/BOA/A4A6AlAsAiArAbARASAEAE
3105905001001,BXBZBfBrBhBQBTBRBCA1AkAmAZAYAKAGAIADACBaBZBYBiBeBRBUBTBHA1AuAnAXAhAUAKADABAC
3106002001001,BfBeBeBzBlBKBPBNA+AmAkAeAYAZANAQADAAAABgBaBnBqBlBQBSBNA9AyAqAmAkAfAQAMAFADAA
3106101001001,BeBfBRBSBUBLBrBRA+AfBAAeAmAjAZASAGAEAABLBwBoBXBVBZBGA+A/A8AxAlAeALAZAHANAJAA
3106200999001,BOBOBPBiBmBYBOBKA+AuAwAkAhAUARAHAFABABBKBKBPBiBrBaBUBVBHA+A5AxAqAcAXAMAHAFAC
3106200999002,AnAqA5BWBdBIA7BCBCBEBAAvAkAbAbAMAJAEABApArA7BkB2BcBQBbBdBbBTA5AxAoAgAZALANAF
3106200999003,BNBPBVBeBfBQBJBLBCAxAoAdAdAWAPALAFADABBMBOBTBeBoBYBTBVBNA/A1AqAoAfAgAVAKAIAE
3106200999004,BzByBuBtBnBVBNBEA6AoAfAVATAHAIADADAAAABxByBtBvBnBXBTBLA/AvAeAZAYAWAMAIADACAA
3106200999005,BLBPBVBhBoBYBSBOBCA3AxAhAcAUAPAFAEABAABIBLBUBkBoBeBZBYBMBAAyAuAhAaATAKAEADAC
3106200999006,AfAfAqBEBoBWBBBCA7A4ArA0AfAaAfAaALAFACAdAhAtBOB6BlBHBUBPBQBMBBA9BIBCAzAZASAJ
3106200999007,ArAvA+BYBbBBA7BFBIBAA6AqAjAYAXAUAMACADAqAtBABhBtBSBNBaBdBaBOA2AyAvAoAeASALAE
3106200999008,BfBfBkBoBuBcBSBNBCAvAmAXATANAJAEAEABABBcBaBgBuBrBeBYBUBHA0AtAXAaATAKAIAEACAB
3106200999009,BVBRBWBfBmBgBWBLBAAzApAkAZATAIAGABABAABNBQBVBdBrBmBgBZBKA/A1ApAeASARAIAFADAB
3106200999010,BQBPBWBcBfBRBPBPBEAyAnAbAdAVAPAKADADABBNBOBVBlBlBWBWBcBOA+A0AnAgAjAZAOAJAFAE
3106200999011,BcBbBdBlBtBcBUBHA+AuAfAfAXAUAMAEACABAABbBbBZBpBpBbBVBQBHA1AtAiAfAYAUAJAFADAB
3106200999012,BJBLBQBfBaBTBMBQBJA5AqAbAbAXANAMADAFAABHBHBSBgBkBWBYBbBSBFAwAqAsAYAiAOAMALAB
3106200999013,CABwBrBuB1BdBLA+AzAlAbAUAPANAGACADACAAB3BwBqBtBwBZBJBFA7AtAmAYAVAUAKAIAEADAB
3106200999014,A4A+BNBXBYBLBMBVBKA7AyAiAdAaARAMAHABAAA8A/BJBeBmBaBaBeBcBLA2A2ApAcAkATAPAEAB
3106200999015,BSBJBRBaBcBgBjBcBFAzAtAcAdAQAHAKADABAABTBMBRBaBvBnBiBeBIA6AwAlAjAUAOAMACACAC
3106200999016,B4BrBqBzB0BfBKA8A8AsAjAVARAGAJADACAAAABsBmBkB7BwBZBJBDBDA0AjAZATAQANAEABADAC
3106200999017,BVBTBeBkBlBXBSBQBKA4AtAZAVAPAIAHABABABBUBRBfBkBnBcBdBdBPA6AwAhAbARALAGAGAEAC
3106200999018,BdBPBZBdBbBXBiBYBJA3AnAeAUANAKAFAAACAABaBSBTBdBoBwBmBgBJA5AuAbAXATAJAIAIACAB
3106200999019,BjBbBYBpBvBgBNBCA2AxArAjAXAMAJACADABAABhBUBaBvB7BiBRBFBIA+AwAeAVASALAKAFAFAA
3106200999020,A+BCBIBeBWBKBCBPBBA5AqAlAYAbAVAPAIACADA9BBBNBfBmBPBTBaBVBKBFArAwApAcAfAWAEAD
3106200999021,BdBbBgBoBmBZBNBNBDA1AlAdAVANAJAEADABAABZBXBdBtBrBfBZBVBKA8AuAeAYASAMAJAEACAB
3106200999022,A+BDBOBhBaBDBGBQBNBDAvAoAcAWAOAJAEABACA9BABQBnBnBTBVBeBfBQA9ArAkAaAaAUAMAGAC
3106200999023,BsBLBFA/A9BXCLCFBdA0AgAQAMAHAFACABACABBmBOBFBKBWCECcB+BWAtAYAXAQAHAJADACACAB
3106200999024,A1A0BEBXBYBNBGBJBCA6AyAeAkAWAaAOALAEACAvA3BDBbBlBaBVBfBTBPBFAyA2AqAkAiAQARAG
3106200999025,BTBRBZBlBnBZBUBLBAAyAnAiAZATAPAHAEABAABRBQBXBmBmBbBXBTBMA8AzAkAjAZAQANAGAEAC
3106200999026,A8BABKBYBWBGBKBWBPA9AxAdAWAYATALAHAEABA4A+BJBcBjBYBYBlBdBNBAArAmAqAcAWAPAHAC
3106200999027,BvBiBuB+BsBWBJBBA+AvAcAWAPAIAKACADABAABsBjBrB9BuBZBKBLBGA4AjAXAVAPAIACAGACAB
3106200999028,BnBgBdBoBsBhBSBIA7AzAmAZAPAPAGAFABACAABpBgBfBqBzBnBXBMBHA3AqAXASANAMAFAFABAC
3106200999029,BPBMBVBcBbBRBPBXBLA4AnAiAaATARAGAEABACBLBLBVBhBkBbBeBhBNBAA3AiAhAdAWAMAIACAB
3106200999030,BNBPBUBdBfBQBQBSBHA0ApAgAYAWAOAIAGABAABLBMBUBiBmBbBbBdBQBCA0AoAhAcAXANAKAEAC
3106200999031,BVBYBaBcBnBfBVBNA4AtAmAoAeATAOADACAAABBTBQBSBgBsBkBcBRBCA4AsAyAjAZAVAJAFADAB
3106200999032,BkBdBeBiBsBgBPBOA9AsAfAaASAVAMACAAAAABBhBgBgBtBuBdBVBKBAA3AoAdAaAaATAFAIADAA
3106200999033,BuBjBlBtBtBaBQBEA/AwAjAXATAKAIAEACABAABnBhBnBvBuBYBSBPBEA1AiAfAaAOAMAFADABAA
3106200999034,BdBWBbBnBxBiBWBHA7A0AlAkAaANAHAFACAAAABbBVBaBpBzBiBYBLBFA5A0AcAXAPAMAGAFAFAC
3106200999035,BmBdBgBsByBhBVBGA6AyAjAcAVANAGAEADABABBiBcBcBoBzBiBXBKBDA3AmAgAYAOAMAFAEAEAA
3106200999036,BzBrBsBzB0BTBHBBA0AmAaAZAQANAMAEAAAAABBrBtBqB2BzBSBPBFBAAyAgAhAbASALAKADAAAB
3106200999037,BlBiBgBiBsBfBVBLA8A0AiAbAVANAIAEADABAABkBdBfBnBvBfBXBOBEA0AoAeAUAUANAGAEADAB
3106200999038,A2A7BGBYBXBKBKBNBKA5AxAhAbAdAUAPAHACACA3A5BGBcBiBZBVBfBYBLA9A1ArArAiAgASAKAE
3106200999039,BABHBMBjBsBaBQBLA9A1A1AwAhArALAIAFAEAAA/BGBKBjBoBdBTBSBIA+A4AzAdAbAWAQAIAFAD
3106200999040,BcBWBYBmByBiBQBHA/AxAmAgASAUAGAFAEADAABaBTBZBoBxBhBaBMBGA7AvAhAaATAPAHAGADAB
3106200999041,BEBABOBfBiBeBSBOA5AxA0AoAiAUATAHADADABBDBDBNBaBnBnBfBXBJBFA7A1AuAbAUAKAHADAD
3106200999042,BDBFBTBWBdBNBLBSBEA1AoAhAfAaAQAMALACABBCBEBPBfBgBXBSBYBTBDA8ArA0AdAcAfAJAKAB
3106200999043,BbBVBbBjBjBaBSBPBCAzAiAaAZARALAHAFABABBYBRBYBmBlBaBZBWBJA3AqAoAkAXAUAMAIADAC
3106200999044,AvAyBCBnBdBGA7BIBFBFA6AuAcAUASAPAIABABAuAvBIBwB3BUBOBfBgBdBHA1AmAiAeAPAPAHAB
3106200999045,A9BGBRBbBeBTBOBSBKA9AqAhAWAXAYALACACABA9BCBRBiBiBUBVBiBWBIA3AoAuAfAhAMALAFAB
3106200999046,BpBeBnByBzBUBQBHBEAzAjAVAOALAKABAAACAABjBiBpB3BsBVBTBQBJA4AmAWAUANAJAIAEAAAB
3106200999047,BIBGBRBaBeBaBRBUBIA3AzAiAZAUASAGAEACABBEBEBKBjBwBhBgBcBSBABAAjAeAgASAJAFADAB
3106200999048,BNBKBRBeBeBOBKBKBEAzAtAdAWAXAPAJAFABACBLBMBSBmBnBbBSBbBRBEA0AtAiAmAVAVAKAGAG
3106200999049,AnAvBBBZBaBGA8BGBNBHA/AqAnAVARAOAFAEACAmAuBEBiBuBWBTBiBjBeBIA4AlAkAkAYAPANAG
3106200999050,BRBRBZBtBzBTA9A6A3A1AuAsAfATANAGACACABBOBPBbBwB9BbBIBJBIBDA1A1AeAXAOAJAFADAD
3106200999051,BfBdBaBgBkBaBaBQBDAuAdAeAXARAKAEADABAABcBYBdBgBpBdBhBWBGAzAoAkAbAYASALAFADAA
3106200999052,BbBWBZBiBnBZBTBMBAAwAlAfAYARAMAGAEACAABWBVBYBjBtBjBXBVBGA4AvAkAdAaASALAFADAC
3106200999053,BZBUBfBfBjBTBVBTBCA0AiAfAUAQANADADABAABcBZBZBhBnBhBeBdBOA8AyAeAhARAOAHADADAA
3106200999054,AjAmA2BRBVBEA4BBA9BBBDAvAqAgAbASAKAIADAfAjA2BdB0BdBKBRBdBYBMBAA4AxA5AgAYAOAI
3106200999055,ApA1A/BVBWBDA5A+BIA/AwA4AlAgAXAaAIACABAoAxBBBiBmBPBNBaBcBWBOA7A3ArAwAUATAMAG
3106200999056,BYBXBjBuBvBVBNBGBBAzAjAgAPAQACAIABAAAABXBZBkB2BwBbBPBPBQBEA0AcAdAKAKAIAAAFAA
3106200999057,BgBYBZBjBqBgBWBMA+AsAoAfAUARAIAEADACAABgBWBXBnBvBgBcBQBCA4AtAnAaASALAJAHABAC
3106200999058,BYBNBSBVBhBbBcBSBBA0ApAaAfAKAMAKADABABBPBLBNBiBtBiBnBcBMA7AqAtAdAYAaALAGAEAD
3106309001001,BuBrBtBzBjBSBIBBA5AxAiAdAcARANAJAJADABBpBhBmBuBmBUBNBCA3AzAdAkAXAWAPAFAHACAC
3106408001001,BKBRBhBjBVBUBHBLA+A9A8ApApASAhAPAKAAAABLBRBgBlBOBABCBNA5BLAxAmAwAeAgANAJAEAD
3106507001001,BpB9CQCQBrBIA+A5AtAoAhAWAZAPAKAIADADAABkByCECCBXBCA6A1AqApAdAkAYAdANAMAJAEAB
3106606001001,CEB7CCCJBVBIBEA5AqAoAuAmAmAgAFAKAIADAFBwBwBsBmBRA6AyA5AuArAoAgAkAPALAIAHACAI
3106655001001,BgBtCTCNBUA9A9A2BGAwArAXAaAOAPAFALAAACBqB0B/B6BTA9BFA+AtAmAmAjAYAZAMAQAFACAC
3106705001001,B5ByBtBpBsBbBWBIBGAwAiAQAHATADADAAAAAABrBuBpBqBjBeBUBSBDArAdAUAOANALAEACAFAA
3106705001002,BqBqBsByBwBZBMBKBLA4AjATARALAIACACAAABBaBhBqB0BlBXBSBSBIA0AeAWAUALAKAGABACAC
3106705001003,BuB3BzBkBVBRBbBVBKAvAeARANAFAIADAEAAAABoB1ByBsBZBbBeBeBFAuAbATAGAYADAFACAAAD
3106705001004,BhBhBiByBvBTBNBNBJA4AmAUAOAOALACAEAAAABeBfBjB2BmBXBUBWBIA5AsATAVAPAHAFAEAEAA
3106705001005,BvBsBmBqBrBXBVBNBIA0AYAbATAGAFAEADACABBpBjBpBxBmBbBVBUBFAwAcAWARANAKADAEABAB
3106705001006,BuBtBlBsBtBbBUBNBHAyAeAVAMAIADAHACAAABBkBlBkBzBsBiBXBUBGAtAeAUARAOAKACAAAEAA
3106705001007,B6BsBvB6B7BdBJA7A8AvAaAYAQAJAEAEABACABB1BmBxB4BwBUBGBCA9AtAjATASALALADAEAEAD
3106705001008,CCB/BuBjBaBaBmBUBAAoAaATALAIAGACABADAACAB4BpBhBgBeBfBQA8AmAUASASAIAJACAAAAAA
3106705001009,BQBPBbBoBuBVBSBIBAA3AvAhAVAVAPAIAEABABBOBMBVBsBqBaBUBQBNBBAzAiAbAZANANAHAGAB
3106705001010,BtBsBsBoBrBcBWBRBEAwAcAZAQANAFAGAAACAABmBkBnBrBkBaBaBPBDAxAaAaAQAOAHAGAEABAD
3106705001011,BuBrBnBkBjBcBZBTBAAtAdAYAOAMAHACACACAABpBsBoBnBrBiBfBSBDAvAiASASAMAIAGADACAA
3106705001012,BwBxBwBsBnBdBVBIBFAvAgATAOAKAFAFACABAABvBwBrBwBkBeBaBOA8ArAfARALAQALAFACABAB
3106705001013,B0B1BuBqBkBSBPBDA4ApAdAcAWASAMAJADACABB3BtBvBuBeBWBNBAAzAqAfAbAaAWANALABACAD
3106804001001,BWBSBhByBVBSBMBNBEA/AqA1AqAZAcAPADAAAFBRBaBbBSBbBGA8BDA8A4AvAyAjAcAOAUAJAFAC
3106903001001,BNBYBXBYBPBCBJBMBFA7AyAoAnAdAWARAHADADBKBLBRBdBSBGBOBUBFBABBAnAkAmAdAZAPAFAE
3107000001001,BLBXBwBcA9BFBlBaAmBJA5AwArAmAbAJAFADAABABMBZBWBGBKA7BOA4A0AoBLAtAqAbAeAHAAAA
3107109001001,BeBnBrBmBWBLBFBMBFA4AmAlAeASARALAIAEACBeBfBqBnBUBJBIBJBBA0AnAlAcAdARAPAJAEAB
3107208001001,BWBfBjBaBZBUBXBcBHA7AtAnAsAfAWAHAFAEACBQBaBjBRBGBOBSBJA8A1AsAtAmAQAQAPAGACAA
3107307001001,BqBxB9BwBgBKBLBGA6ArAkAeAcASAKAHAEACABBhBqB8BvBfBNBIBBA5ApAlAcAcARAPAKAGADAB
3107406001001,BXBkBlBjBWBNBSBTBCA3AoAiAgATAPAJAGACABBRBbBiBjBXBPBSBQBEA4AsAlAjAXAXAJAIAEAB
3107505001001,BTBSBhBpBWBCBSBNA5A7AkA2AiAnAhAPAEAEAABTBUBNBYBUBHBMBSBTA0A1AeAiAmAXAQAJADAA
3107604001001,BeBgBQBeBHBTBrBbBCA8AnA6AkAMAXARAHAJAEBPBVBhBFBVBCBGBIBXAvA3AeAqAYAVAIAHAFAD
3107703001001,BdBnB1BmBbA2BDBFA+AxAxAgAhAaAWAQACABACBYBjBnBmBWA/BNBJA5A1AoAsAeAhAaAYALACAA
3107802001001,BcBhByB3BcBGBBA/A3AuAtAnAiAhAfATAIAGABBPBfBuBoBPBEA8A8A5AyArApAjAlASATAKAGAD
3107901001001,BVBZByBeBoBTBDBSBFA6AsAjAiANAKAJAHABABBnBaBlB0BZBRBaBQA3A3AlAhAaASAOALACABAA
3108008001001,BZBfBoBsBWBKBFBIBIA1AuAlAfAfAMALAOADAABSBcBfBhBUBIBEBGBEA7AuAkAoAVAXATAOAIAB
3108107001001,BGBOBKBaBSBVBRBMBDA+A/AsAsAuARAUAGAGAABEBJBTBRBWBEBPBEBCA7A8A0AmAjAsALALAIAC
3108206001001,BiB8B5B4BbBLBKA+A+AtAvAgAWAQAVARACAFAEBYBkBwB0BQBLBDBEA2AsAtAdAfAVASAHABACAA
3108255001001,CJCACFCKBRBDA4AzAtAlAyAaARAjANAHAGADABB7B8CFB+BBA7AyAuAsAvAZAbAiAYALANAIAJAA
3108305001001,BMBNBaBdBRBPBTBVBOBCAzAoApAfAVARAIAEABBCBTBQBVBKBLBMBTBNA7AyAnAlAgAZAQAKAIAB
3108404001001,BWBVBdBgBaBSBIBMBJA7AtAnAkAcAbAIANACACBYBcBZBdBQBQBIBKA/A3AvAiAkAdATASALAJAA
3108503001001,B+CECRCNBiA7A0A7A0AxAfAaAdASALAGAEABABBvCFCPByBLAyA1A3AuAsAiAcAdAPAQAHAEAEAC
3108552001001,B3B+B2B1BUBLBOA/A+AzAhAgAYAVALAFACABABB4B5ByBtBYBJBFBBAwAtAfAbATAQAKAOAEAAAD
3108602001001,BZB6B/CQBfBAA7A/AzAmAoAmAhAYAIAMAIADABBYB2B8B+BQBHA6A4AvA5AnAdAbAWASAKAHAFAC
3108701001001,BZB1B+BmBKBDBQBDA4AtAzAjAtAhARAJAJAAAABTBrBqB7BGA6AwBTAtAuAqAtAlAbAfANANABAB
3108800001001,BcBjBzBvBNA9A/BCA9A2AjAqAkAiAVAXAMAIAABaBbBkBdBABCBIA6AmAvAmA3A7AnAfAiAIAHAA
3108909001001,BXBgBeBiBrBQBJBFA3A4ArAtAZAlAWARAGAEABBWBdBeBjBKBLA/A8BDA0AqAtAwAZAcASAEAJAG
3109006001001,BaBfBhBcBbBXBTBWBCAxAvAgAZAcAPAMADAGABBbBeBaBfBdBSBZBNA9A1ArAgAcAXAXANAHABAB
3109105001001,BPBTBnBlBeBYBQBLBLA+A6AeAiAbAiAMACAEABBOBQBQBVBMBWBHBQA+A3A2AsAmAZASAOAIAEAC
3109204001001,BgBsBxB4BgBDBAA7AzAtAvAnAgAdASASACABABBcBsCFBgBQBDA+A7AxA1ArAiAbAeAeALANAFAA
3109253001001,BbBoB4BsBiA6BSA3A/AtAgAfArAnAgAMAEAAACBeBiBjBxBBBMBABMAsAxAYBHAbAgASAJALAHAA
3109303001001,BrB4B1B8BgBMBGBEA2AzAlAiAYAVAQAIAEABABBuByByBsBaBKBGBAA1ArApATAaARAMAGAAAGAC
3109402001001,B1B5CFB4BkBGBDA8AzAwAlAaAcAOAMAJAEABABBvBxB5B7BeBIBAA/A1ApAmAWAYANASADABAEAD
3109451001001,BxBvBvBpBUBZBcBLA7A2AnAfAiAYAVAEAEACAABjBxByBcBUBLBJA6A6AsAeAeAkAUAGAIADADAB
3109501001001,BdBfBeBwBiBdBRBLBIA6AvAhAaAdAQANAFAGABBdBYBbBjBWBNBJBDBAAvAqAeAdAdATALAHABAA
3109600001001,BKBSBeBwBQBQBJA2BJAsA2AiAWAZAdASACAAACBLBRBcBIBgBRBLBuBGAwBFAiAvAjATALALAMAJ
3109709001001,BaBWBcBhBYBNBNBSBMBBAzAqAbAeAaANAIAEAABaBQBeBaBdBDBKBNA/AwA2AiAoAXAUALAIAEAA
3109808001001,BKBFB+BiBhBEBUBcA/AzAgAsAaAlAoAgAAAGAGA3BzBLBaBaBNBNBGA5AyATAsAoAXAZAXAIAJAH
3109907001001,BWBqBpBlBPBOBWBVBDAyAeAmAbATATAPAFACABBPBfBpBjBLBLBSBRBJA2AqAjAlAbAVAJAGACAC
3110004001001,BWBZBfBpBkBNBJBKA/A0AvAcAdAUASAJAFADACBWBTBgBnBiBOBNBTBFA3AwAmAgAhAUAPAIAEAA
3110103001001,BfBtB1BaBbBWBDBOBLA3AnAmAkAVARAWAGADAABgBVBRBzBDBPBPBAA9AyAgAwAjAWAXAIACAEAE
3110202001001,BaBeBmB8BhBPBHBBBLAyArAiAiAbAUAGACAKAABVBXBlBuBjBJA7A/A9AzAdAuAnAaAQASAIAGAB
3110301001001,BUBMBhBRBLBNBMBPBIA4AqAtAtAhAcAKAIAFAABBBSBSBXBQBKBTBNBHA6A2AsAmAdApAdANAFAA
3110301001002,BEBKBYBfBZBXBsBgBQBIA9A1AuAdAZAMAGAEAABEBUBJBSBBBABFBOA5A4AyAzAhAbAbALAIAFAA
3110400001001,BbBVBmB6B0BRBdBAA4A6AvAuAfAVAPAGANAAAABLBXBwBjBOBCA5BHBEAsA6AdAdAeAMAZADAAAK
3110509001001,BeBhBkBoBjBZBZBQBGA2A1AfAgARAPASACABABBTBeBXBiBbBSBUBKA+AyAoAiAbAWAMANADAAAA
3110608001001,BSBTBaBgBcBSBRBOBDA/AvAsAsAbAYAJAIAEACBLBSBWBcBUBQBPBNBHA3AyAnAhAaAdALAJABAA
3110707001001,BjBgBhBdBLBJA+BKBMA4AxArAdAbAeALAGACAABNBaBdBSBTBHBMBNBBA7AwAjAxAcAgANAMAFAG
3110806001001,BhBvBsBzBTBNBHBNAxAlAdAkAgAKAWATARACADBfCHCWBJBJBfBAAwA1AvA0AQAmAUAcAJAEADAC
3110905001001,BeBhBkBiBTBFBLBMBGA5AoAjAcAXAXALAEAEADBdBfBhBdBPBLBHBPBBA5AuAdAiAjAYALANAJAE
3111002001001,BeBVBcBoBdBVBVBPBOA/A5AqAhARAPAQAFADAABLBnBPBSBZBLBTBFBMBAApAdAXAXATAJAIADAD
3111101001001,BPBTBnBiBSBDBNBMBAA7A0AqAkAfAYAWAIAHAEBKBVBgBcBOBRBKBOBDA0AuApAqAdASALALAGAD
3111150001001,BvB3B6B2BXBAAxA4AwA/AqAfAvAdAPATADAEAABcCDCZBpAxBBA0A0BIAcAVAlAnAlAZACAJAAAG
3111200001001,BRBQBbBiBZBPBFBJBHA+AzAiAgAbATARAHADACBNBQBaBiBaBPBKBMBMA9AzAnAkAgAZAVAJADAA
3111309001001,BXBnBiBmBfBNBRBNBQA8AoAfAbAhAOANAHAGAABTBgBhBiBTBKBIBCBGA0AsAgAWAfAUANAJAEAC
3111408001001,BrBdBVBWBbBQBoBFBMA7A4AbA1AYAMAIAOAAABBUBzBPBkBXBIBLBDBOAyAyAcAfAMAOAGAAAEAC
3111507001001,BmBmBsBkBhBQBLBIA/A2AnAeAeARARAKAHABAABbBjBsBrBaBRBQBEA7A0AhApAeAWAPAPADABAC
3111606001001,BmBkBrBpBjBVBPBLBCAzAtAhAZAbAPAKAHABAABgBnBfBiBbBSBMBAA6AuAoAhAUAZAKALAQADAB
3111705001001,BTBfB0B/BkBBBPBPA8AuApAoAfAmARAKAHACAABHBfB1BgBIBGA7A6BCBBAnAjAjAeAYAKAMAIAC
3111804001001,BaBeBjBhBkBXBYBRBBA0AnAtAdAbATANAIACADBPBZBfBcBZBVBaBMA7A2AoAhAbAYARAJAFABAC
3111903001001,BKBZBdBwBaBSA/BFBMBDAoAuAlAdAZAVAFADABBPBMBkBcBYBGBCBIBAA3AzAkAqAfAfALAGAHAC
3112000001001,BGBXBcBdBZBTBUBLBJBGAzAmAjAfAXAQANACABBQBMBYBVBUBJBKBKBGA1AsArAhAnAeATAEADAC
3112059001001,B1CMB1CSA+BHA2AyAxAzAwASAVATANALAMAIAFBVBdCBByBiA4A+BAA3AvAiAnAjAeAQAIARACAF
3112109001001,B5BwBpBtBpBXBYBEA4A2AjAbAVAPAQAIAFAEAABqBmBwBtBYBVBKA+A1AqAfAdAZASANAKAHAAAA
3112208001001,BZBNBTBfBvBSBVBPA/A5AjAgAiAhAbARAEAFACBJBMBdBZBEBFBRBMA6A4A2AvAiAvAdAZAHAGAC
3112307001001,B7B/CFB4BeBFBCA7A0AnAeAYAUARAFAHAEADABB5B3CAB7BWBHBAA+A1AqAZAlAZARAOALAEACAC
3112406001001,BZBlBhBiBgBNBIBEBCBFA5ArAeAdAhALADABAABbBcBbBeBWBDBKA6BDA0AwAjAlAcASAJALAAAB
3112505001001,BhBmBlBgBeBFBPBVBDA3AcAmAfAYARAQAEABAABeBfBhBkBeBHBOBPA+A0AwAVAiAUAVATAGACAC
3112604001001,BRBZBgBeBYBRBTBQBAA1A1AmApAfAUAOAGAFACBLBWBbBYBVBTBYBQA+AzAtAqAhAXAOASAGAFAE
3112653001001,BOBpBzB5BKA4A3A5A1AwA8AgAnAtAUAaAHAHADBSBnBpBsBMA6A9BOA7A2AfA4AsAUAgANAMADAG
3112703001001,B1CLCCBzBUBBBCA/A1AnAfAbAbAKALAJAGACADB8B7CBBzBSBJBEA8AyAnAgAeAdAPAIAIAJAHAB
3112802001001,BVBUBTBeBhBWBTBZBTA/A+AbAiAbAQATAIAAADBNBMBNBZBZBYBMBKBCA9A5AXAeAbARAUAHAFAA
3112901001001,BtBkBtBzBhBQBGBCA6AvAiAfAlAUAQASAGACAABpBhBuBvBaBKBDBBA4AuAkAiAYAXAYAQAEAAAD
3113008001001,B0B5CLCJBUA7A3A1AxAoAfAfAbAZAZAMACACABByB3CKB4BMA7A4A0AvAsAqAbAcAZASANAJADAA
3113107001001,BaCABuB1BiBIA8BPBAAyAjAoAqAlAIAEAMAGADBXBVBcBpBCBgA4BXAzAxAhAkAhAXAWAJAKADAA
3113206001001,BaBoBlBnBZBMBQBOBJA4ArAgAcAUALAIAFAEABBUBdBdBfBYBQBTBTBJA0AxAgAaAXAUANAHAEAC
3113305001001,BYBdBgBdBTBFBHBIBDA5AsAkAhAaAdALAEAFACBTBVBWBaBXBMBOBLBGBAAyApAeAjAcAVAMAEAD
3113404001005,BcBZBdBkBjBMBKBGA+AzAnAgAcAXAPANAFADABBVBYBgBsBhBVBQBPBFA7ArAmAcAfATARAHAFAF
3113404001099,BiBnB0B2BhBPBHBGA7AuAtAfAlAYAXARAEAEABBcBiBsBpBRBIBDA6A0AxAvAbAjAZASAKAGAEAD
3113503001001,BjB+CDCBBUBDBCBFA2ApAqAfAWAdASALAHABAABlByCABrBIA4A/A+AwAqAxAUAmAUASASAFAHAC
3113602001001,BVBlBiBkBUBeBQBKBQA6AqAtAaAaAiANACACAABeBIBPBiBeBLBJBIA4A3AyAgAiAfATAKAEADAG
3113701001001,BbBgBiCNBVBABEA/A2A5AoArAqAbASAOACACACBbBhBgBoBSBQBFBAA7A2ArAlApAYAZAIAGAIAG
3113800001001,BfBWB0B7BdBFBABJAxA7AfAhAdAYARALAEAKAJBvBgBuBRBUBSA9BEAvAyAlAvAkAcATAUAHANAH
3113909001001,BuBsBlBsBcBRBGBNBHA3AtAZAaAYAOAKAFACAABqBsBmBjBQBMBKBKA2AwAgAlAdAQASALAHADAA
3114006001001,BZBXBSBlBbBRBLBOBCA3AwAiArAdAUARADAAACBTBWBaBZBWBFBOBFBBA4AsAsAgAcArARAIAKAD
3114105001001,BsBrBkBrBdBOBMBHBDAzAnAhAaAVAMAOAHACABBrBjBkBuBeBSBHBDA3AxAhAfAYAXAVAIAGAEAC
3114204001001,BlBeBiBkBhBVBVBKA/AyAqAiAhANAWAJAIABADBdBYBWBfBdBWBTBNA+AvAxAfAfAeATANADABAA
3114303001001,BXBhBeBoBeBUBWBNBGA5A0AbAbAWASALAGADACBRBWBXBdBUBSBQBPBEA3ArApAbAiAQASAHACAB
3114402001001,BYBeBgBmBcBQBPBMBGA6AuAnAZAgASAOAFACACBQBYBfBjBaBMBLBNBBA0AwAaAeAZATASAJAEAD
3114501001001,BfBgBgBhBfBUBVBMBCA1AuAjAjAeAWAIAHACAABXBbBeBlBXBNBOBFA6AtAnAlAiAcAYANAEADAF
3114550001001,BQBXBpBoBYBTBKBMBCBCA3AnAkAjAbAKAJABAABQBTBfBhBTBKBMBHBCA2AvAlAWAaAYALAHAFAB
3114600001001,BYBhBoBuBIBNBDBQBBA/AtAoApAgASARAGACAABVBmBuBcBDA3BABUBDAvAxAsAgAZAWATAIACAD
3114709001001,BgBOBZBSBNA/BjBNBYAsA1ArAkAiAeApADAPAABcBIBOBWBHBNBABFBFA1A4AmAiAiAhAQAGAGAA
3114808001001,BMBkBXBsBMBBBTBSBOA0BAAoAlATAiAJAPALACBHBdBkBOBEBKBFBSA3A8AwAlAwAjAZAGANACAA
3114907001001,BuBjBYBKBZBSBeBOBOAaAxAvAoAgAaAOAAAIAAA5BhBMBVBUBDBSBiAcA5BJAgAjAjATAVAHADAI
3115003001001,BWBaBoBgBQBiBSBSA8AuBBA/ArAnALAAALAGAABNBZA8BMBmBXBKBMAzA7AsAgAtAXAeACAGAFAA
3115102001001,BVBcBfBjBbBNBHBLBFBCAyAqAmAUARAQAEAGABBWBdBbBgBPBMBHBEBHA6AsAoAeAhAVAVADAGAA
3115201001001,BaBdBiB5BsBOBVBGA8A0A0AhAyAMATAKAHAAAABWBYBgBVBcBSBOBCA8AqAvAkAdAfAQAMAMAEAC
3115300001001,BQBVBbBfBaBGBMBRBIA6AwAkAeAbAWAMAGACABBKBSBZBdBQBPBRBTBLA8AzArAkAgAYASANADAD
3115359001001,B0BiBeBbBgBSBTBNA8ArAnAgAVAgARAPAIAAAABhBlBuBqBoBQBTBIA8AvAjAiAbAOATABADAEAA
3115409001001,BgB1BwB5BjBKBUA/A8AdAwAjAaAcALALALACAABYBkByB0BZBCAuAyA+A6AlAmAdAYAfAIAIAIAA
3115458001001,BpCZCUChBbA7A1AmA4AnAcAcAZAOAJAKALACAFB6B7CTB8BUA7AqA4AqAlAhAXASAZANAKAEADAA
3115474001001,ByCCCXCEBNA9BCBBAxAwAiAZARAPAMAGAHACACBhCDCMB0BMBBBLA9AwAkAeAlAkARAJAGAEACAC
3115508001001,BQBeBeBoBXBJBGBLBCA1AxAeAdAcASANAEAFABBLBaBhBhBUBPBQBJBLA5A8AgAkAaAbATAJAFAF
3115607001001,BPBWBrB6AyA2A7BmBJA1BQAHA2AsAfAWAHAHAAA4BvBSBAA4BCBQBSBSBMAVAdA9AqAKAOAPAOAA
3115706001001,BUBIBrBlBmBCBABAA6ArA1AnArAeAZAVAGAEAABIBgBYB4BHA+BDBLBAA5AqArA3AuAXAZAEAGAC
3115805001001,BNBYBoBbBnBXBQBZBFA7AqAvAkAbAVAQAGACABBMBYBcBTBXBSBRBKA9AyAmAoAqAYAVALAEABAB
3115904001001,BZBpBOBcBJBQBHBRBAA4AsApAuAuAKAOAMALAABqBiBZBMBGBKBJBOA1AxBHAZAqATAlASAEAGAA
3116001001001,BnBYBoB9BXBNBHBCBBA5AiAiAYAfAaAOAJABACBhBgBsBkBVBLBJA+A3AwAmAhAdAbAaAMAFAGAF
3116100001001,B1B/B/COBlBGAsA1AkAlAfAWAYALAPAFADABABB3CGCeB+BYA8A+AyAwApAlAdAdAXANAGAFADAB
3116159001001,CCCPCSCNBVA2A4A5AuA8AdAZAfAPALAHADAIACB2CNCIBxBGA7A2A2AtAXAmAcAaANALANAEACAB
3116209001001,BLBSBNBFBtBIBTBJBCA6A/AqAaAfAoARAAACAEBRBjBXBqBTBDBGBIA4A6AtAvAeAsAXARAPANAA
3116308001001,BXBzBgCCBOBLBFBVA8AlAsAjAdAfAZAKAMADAABdBJB1BsBWA3BHBAA2AoAcA1AgAoAbAUAKAFAB
3116407001001,BGBlBrB+BhBLBHBABTBDA/AkAkAbAYACAAABAABcBeBwB5BFA6BABGA7AzA9AcAgAZAFAEAAAAAG
3116506001001,BRByB9B+BkBMBNBDA3A5AkAjAlAYAPAEAAAAACBZBoBwBxBXBJBBA4A0AmAqApAcATAVAMAJAEAB
3116605001001,BcBjBgBjBpBXBRBPA/A1AtAcAcASATANAFACACBeBeBhBjBfBUBKBLA+AvAoAdAcAaAUAJAIAGAB
3116704001001,BYBOBZBfBaBOBRBLBIA3AxAcAmAcAhAMAJABACBTBZBXBZBWBJBQBNA7AzAzAkAnAjAjANAKAHAA
3116803001001,BoB0B4B6BkBLA+A3AqApAkAYAbAWAPALAKACADBsB3CFBzBeA/A8AxAwAvAiAnAjAdAPALAIAGAB
3116902001001,BKBeBrB3BZBGBgBhBOA2AwAqAYAxAVASADAAAABOBUBqBXBKBFBZBdAuA4AkAdAXAQARAIAFACAA
3117009001001,BbBtCDCEBYA/A7A7AyAyAtApAiAXAZAKAIACABBgBtB/B0BQA9AyA1A0AzArAoAmAWAVAMAHAAAB
3117108001001,BQBTBlBlBgBRBNBRBGA8AsArAjAdAYANAKAHAABJBWBiBgBSBHBFBIBCA4AvAjAcAdAWAUAJACAC
3117207001001,BeBbBoBxBVBxBoA0BCA+AmAoAXAjAVAVAKADAABLBMBhBeBTBEBABaA4AtAtAfAhAWAYAPADAAAD
3117306001001,BlBdBdBcBeBaBZBXA7A7A7AcASAiAQAIAHAAAABeBcBaBcBcBTBTBKBHAxAqAXAcAXARAJAEAFAA
3117405001001,BNBUBfBgBMBNBHBHBAA6AiA2AzAhAqAHALAFACBFBRBjBtBQBNBPBEA1AzAjA+AxAdAcAMAHABAG
3117504001001,BpByCDBzBQA+A8A5A2AuAmAcAjAaAOARAJAEADBqB0BwBmBGA7A6A/AxAsAsAkAjAjAaAQARAFAG
3117603001001,BYBfBkBxBfBOBJBJA+A4A0AjArASARAeAIADACBPBWBlBjBNBIBIBKA0AyAbA0AdAoAaAOAGAEAA
3117702001001,BlBlBmBqBWBKBTBJBAA1AoApAkASAPAOAGADADBmBfBdBlBRBJBABKA5AyAuAfAkAbATARAJAEAE
3117801001001,BcBrBdBlBgBYBNBSBKA4A2AaAZARAWANAFAFABBdBPBiBkBQBKBSBJA+AxAvAgAfAeASAJAJADAB
3117836001001,BnB4CMCNBcA/A5A1AwApAnAqAfAQATAJAFAFACBrB6CBB7BLAyA1AwAuAuAuAgAoATAMAMAKABAD
3117876001001,BfBjBaBUBpBaBXBKBMAuAdAgAWASAMAJANAAAABkBvBWBpBhBbBSBPA/AyAqAcAgAVAGAKAOAEAA
3117900001001,BVBUBVBjBaBYBdBVBKA3AyAqAoAYAQAQAFABAABOBRBSBbBTBWBSBQBCA8AmApAkAPAZANAHABAC
3118007001001,BbBmBoBoBaBJBOBTBKA3AhAjAcAOAMAJABAAACBXBhBhBnBcBRBUBWBLA1AsAeAZAZAPAHAIACAB
3118106001001,BrB0B4B2BiA/A2AwAoAqA4AYAfAkAXAFAJAAAABpCDB7BuBNA6A2A4AoA+AqAfAxAWAXAMAIAGAF
3118205001001,BTBlBmBmBcBDBPBYBRA6AwAtAfAhASAKAFACAABGBdBUBYBVBQBGBEBRBCAuAlAcAVAQASAFACAA
3118304001001,BSBVBgBoBaBJBLBKBJA8ArAnAWAYAKAKAGAAAABOBOBZBqBgBQBQBaBRBAA1AgAcAdAWARAIABAC
3118304001002,A/BMBSBfBSA/BABMBQBCA2AhAgAUAZAOAJAEABA6BFBUBdBVBFBTBcBbBIA/AxAvAnAfAVAIAHAC
3118304001003,BWBmBmBxBcBHBGBPBQA8AoAfAUAKAKAJABABABBYBfBoBsBXBLBTBaBTA+AmAiAZAWANAEAEADAD
3118304001004,BuBqBqBnBfBOBSBTBCA0AhAeASAPANAGAAAAACBnBoBlBlBbBTBbBNBEAwAfAiAXATALAIAFAEAB
3118304001005,BOBYBgBlBbBKBKBNBJA7ArAjAeAVAJAFADAEAABKBTBXBmBdBVBSBZBPBAA4AlAfAWAVAQAIAHAC
3118403001001,BaBjBnBmBVBJA+BAA3AwAhAuAcAaAXAPAOAEADBZBfBnBpBZBOBHBFBAA4AjA2ApAfAaANAHABAB
3118502001001,BwBWAyBzBEBPBNBcA6ApBDArAwAzAWAIAUACAABoBMBEBqAvBDBRA6BEAqAfAyAdAjAqAgAMAOAA
3118601001001,BnBiBgBoB6BfBUBEA7AvAmAdAbAOAJAFAAAAAABdBeBgBrBwBeBWBEBAA1AnAeAVARAQAHADACAA
3118601001002,BiBbBkBlBnBdBTBIBCAvAsAXARAQAKAGAAADAABnBiBfBkBrBhBYBOBDA1AfAoAbAUASADAEACAA
3118601001003,BJBUBhBpBdBSBPBSBQA+AvAXASARAQADADABAABOBTBXBoBkBcBcBZBTBCAuAgAaAXALAMAFADAC
3118601001004,BVBOBbBqBvBTBSBOBIA1AoAeAUAUAKAFAFADAABIBMBcByBrBWBaBWBOA+A7AZAgARASAHAFADAB
3118601001005,BfBlBcBfBsBeBSBLA6AyAvAbAVANAMAEAFAAAABWBXBaBlBtBjBWBOBDA6AnArAVAaAPAHAHAAAC
3118601001006,BeBgBjBpBoBXBVBUBOA5AnAbAQAOAIACACACACBYBbBkBrBsBbBWBYBIA2AgAcAUALAKAFAHABAA
3118601001007,BsBpBxBwBpBWBMBFBJA3AlAWANANAHADACACAABkBhBrB+BjBRBSBNBLA3AiATAQARACAJAFAAAA
3118601001008,BgBmBnBsBkBOBRBTBPA3AiAZAQAKAJACACABAABfBeBmBsBgBUBcBeBOA3AnAUAUAQAJAFAIABAB
3118601001009,BsBjBqBnBeBVBVBYBHA3AiAUASAIAKACABAAAABoBsBjBhBjBeBcBZBLAwAdAVAWAMALADABAEAB
3118601001010,BkBhBmBqBhBVBYBUBMA6AiAYARAHAKAFAAAAAABgBmBrBmBeBdBcBaBNAzAZAfANARAMAEADAAAA
3118601001011,BuBsBtB3B3BXBKA8A9AxAoASALANAMAAADAAAABrBhBtB4BrBWBLBKBDA0AfAcAWAOAEAIABADAC
3118601001012,BZBbBfBuBqBUBMBNBFA4AuAcAaAKARAFAEAAAABaBPBYBpBnBdBMBbA/BCAyAWAiAVAPAHAEABAB
3118601001013,BGBMBSBlBdBTBVBWBLA+AuAcAUAUANAFACACAABIBEBVBlBoBgBjBcBZBDAxArAaAbANALAGAAAB
3118601001014,B2BwBjBuByBgBUBHA5ApApAOAUAMAGACABACAABzBpBoBsBtBdBPBJA5AuAqATANAQANACADACAB
3118601001015,BUBTBcBqByBMBPBGBFA/ArAmAVAMAHAJADACAABEBOBaBqBuBVBQBUBTBBA5AfAmAPAWAMAFAAAB
3118601001016,B+B6BsBhBiBvBiBWBDAwAfATAUAMABABAEABAAB1B5BoBeBdBWBSBPA1AnAYAQAIAMAJAIACACAB
3118601001017,B6BpBpB6B0BbBGA7A2AoAhAWARANAHAEAAABAAB4BwBrB5BxBUBKBDA6A0AeAeAUALALAEACABAA
3118601002001,BRBVBdBjBoBUBSBTBNA7AlAaAXARAJAEAEABAABPBSBaBkBnBaBdBbBXA7ArAlAaAVAPAGAHAEAB
3118601002002,BMBPBOBYBvBnBiBQA9AuAmArAgAWANAGAEAAAABHBLBSBbBtBlBfBXBCA6A8AlAnAVALAIAIADAB
3118601002003,BOBPBSBeBwBcBbBTBDA3A4AXAYALAGAFAAACAABUBOBUBnBwBnBiBVBRA+A3AfAWASAGALACADAC
3118601002004,A/BDBQBhBdBRBRBXBOA5AwAbAeAPAPACAFABABA/BKBVBkBiBfBbBgBUBGBAAmAdAdAeANAGAEAC
3118601002005,BHBFBRBdBgBcBWBPBLA7A1AZANAYAHAJACACAABABHBTBmBuBlBgBgBbBKA6AiAiAUANANADACAA
3118601002006,BfBfBVBVBYBeBjBbBGAuAjAhAUAOAGAGACABAABdBSBXBeBjBvBvBcBIBFAhAhAVAPAHAFAHADAC
3118601002007,BEBGBRBnBvBWBOBSBFBEAzAjAZANAJAFAEAAAAA+BCBPBvBwBeBVBcBbBJA1AsAiAOANAKAGAFAA
3118601002008,BNBJBPBlB6BnBYA+A8A0A9AfAfAQAKAHABABACBNBLBMBlBzBgBUBJBDBCA5AxAdAXAQAKAEACAE
3118601002009,BKBLBWBaBgBiBgBRBDA1AnAgAbARAPAIACABABBPBOBSBfBrBkBiBaBNA6AvAlAfAaAQAFAEABAE
3118601002010,BgBYBUBmBzBjBcBFBBA4AoAfAZAMAKAFACABAABYBTBZBsByBgBXBLBIA4AmAlAZARAPAEADADAA
3118601002011,BeBbBbBiBzBiBXBRA7AwAfAfAbASAKADABAEAABZBXBYBnBrBcBVBTBEA1AoAjAWAcAOAIAJAEAD
3118700001001,BbBhBkBqBWBOBHBHBGBBAnAjAhAgANAMAHAEAABgBiBrBkBPBHA/BLBAAxArAkAkARARAZAIAEAC
3118809001001,BkB4CGB+BcBCBGBBAzAsAlAgAaAYANAHAHABAABoBwCDB5BMA/A+A8AxArAgAmAcAWAUAMAIAEAB
3118908001001,BUBkBvByBbBJBIBIA9AzAsAiApAYASANAGAGAABOBcBlBrBVBIBLA/A8AzAmAuAbAZAcAVAMAAAD
3119005001001,BhBfBcBvBbBZA9BHBRAyA1AkAaAqAPAFAJACAABeBwB1BTBCBEBUBEAyA+AsAbAkAHAVAHAZAAAD
3119104001001,BbBiBpBvBUBCA/BFA+AyAsAeAdAdAUANAHACAABcBfBkBrBWBIBIBNBCA2ArAkAkAcAbARAJAGAB
3119203001001,BlBtB2CABXBCBMBAA0ArAeAmAmAgAaAIAIADABBiBoBjBlBjBBA/AyAtAmAkArAnAgAfAMAKACAC
3119302001001,BWBdBgBfBWBVBaBTBLA+AwArAcAUAWAKADACAABWBXBXBeBVBUBSBPA/A4AtAjAeAcASAHADADAB
3119401501001,BcBWBgBoBnBTBJBLBAAyApAcAeAUAPAFACACABBYBWBcBqBnBXBTBSBJA5AyAgAeAXAPANAFACAC
3119401502001,BgBfBnBrBeBOBMBNBFA3AlAaAZAPALAHAEACAABaBbBnBtBgBVBYBTBIA2AmAgAZAXANAKAGADAB
3119500001001,BtBxB+B+BgBDBAA1A3AwAhAaAnAZAQANAJAEAABaBuB1CEBFA+A2BIAzApAhAkAcAZAaAKAOACAF
3119609001001,BBBlBjBpBnA7BMBdBMAyArAtAjAnAOASALAEAABYBCBaBMBRBUBLBCBMA6AfA0AcAkAmARADAAAA
3119708001001,BMBSBYBQBjBZBiBWA7AzAxAyAoAmASAHAJAAAABGBhBNByBnBIA7BUBGAwA7AeAdAYAWALAFABAE
3119807001001,BDBSBRBtBVBPBLBOBHA+BBA6A1AjAeAQAFAAAEBOBPBUBTBMBDBCBLA4BDAvA6AoAWAYAHALAEAC
3119906001001,BDBNBYBeBFBBBVBNBDBJA8A8BJAkAgAKASAIAABDBGBrBmBPAsA7BEBCArBAAqAdAwAaAPAGAEAA
3119955001001,BXBXBdBhBmBTBdBYBCA2AgAvAlAXAbAGACAEAABKBYBVBvBXBWBOBGA8A0AyAeAgAaAOAKALADAC
3120003001001,BVBkB2B7BXA7AuBGBAA4AoAnApAjAbAQAHAFAEBLBaBwBzBMA5BHBCA/AwAqAvAnAgAKAWAGAAAH
3120102001001,ByB9B3ByBVBJBFA7A3AjAdAmAbAKAMALAEALABBbB4B6BsBSBHBBA9A7AtArAXAqAWAVAHAEAKAI
3120151001001,BsB4CJB+BPBBA9A/ArAqAvAtAmAVAUAHAEAEAIB4CAB9BaBJBAA5ArAoAtAmAYAxAZANANAJABAA
3120201001001,BWBIBlBqBYBQBQBLBDA8AsA1AlAcATATAMABAABOBSBWBlBXBMBFBBA/A3ArApAiAkAOAUAPADAD
3120300001001,CNCNCTCABfBBAyAtAqAmAgATAQAJAUAHABAAAACOCQCSCABLA8A6A0AnAiAfAYASAeAPAFAEACAA
3120409001001,BWBpBaBpBrBKBSBPBGA3AuAhAlAPAEAQAHAFAABeBUBZBiBgBKBHBDAyA2AuAjAzARARAOATADAF
3120508001001,BcBdBoBiBcBWBPBPBBA1AvAlAkAbAUALAHACAABSBbBhBlBTBJBOBKA1AuAsAtAiAbAWALAGAFAB
3120607001001,BMBNBbBmBcBgBVBXA5A7AkApAyAXAdAQACAEAABLBLBWBfBcBIBFBEBCAvAyAoAgAiAiALAUAEAE
3120706001001,BQBcBMBQBYBpBhBOAxAkAvAmAcAYAOANAOAAAACABYB+BGBmBWBGBQA9AzAwAeAjANAeAGAKACAD
3120805001001,BfBlBiBbBOBMBTBLBIA2ArAiAkAeAUAMADADAABeBpBfBaBKBKBPBLBBA2AwAmAiAeAUAKAKABAD
3120839001001,BpBcBtB9BSBQBCBABAAyAoAiAlATAYAKAAAEAHBUBfBtBmBVBOBJA/A2AwAiAtAnATAYAOAIALAD
3120870001001,CCCAB8B6BVBGA/A9A9AqAkAaAeAUADAQADACAAB1B3B9BwBQBDBBA5AyAqAeAkAZAPAVAKAFACAA
3120904001001,BcBjBrBnBUBNBMBJA9AxAoAgAbAVARAMAEADABBaBkBiBlBaBNBTBQA/AzAsAjAfAdAUAOAJAFAC
3121001001001,BjCFCFBwBSBDBDBAA4ApAfAaAYAZAdAEABABAABjB3B5BoBWBEBFBBAyAnAaAmAbAhAiAOAFACAD
3121100001001,BbBjBiBjBZBUBVBRBKAuAuAlAoARAbAOANAAACBiBRBcBtBLBKBPBMA2ApAnAsAfAgANANAGABAB
3121209001001,BfBkBkBoBXBOBKBQBGA9ApA2ArAaAPAKAMADADBSBiBVBXBFBTBIBFA4BBAzAbAkAWATAKAIAEAC
3121258001001,BjBmBnBpB3BtBMBNA6A1ArAcATAUAJAUAAAAAABrBaBeBrBmBSBRBBA6AtAoAgAcAMAJADADACAB
3121308001001,BXBRBgBcBYBKBLBYBEBAAnAxArAfAcAUAFAFAABMBYBaBfBDBIBEBBBBA7AnAnAfAqAlAEARAKAC
3121407001001,BJBRBnB2BYA+BFBNBJA3AlA4AwAkAZAGAGAEADBJBYBcBTA+BFBKBKA+A+AqA4AoArAYAcACACAF
3121506001001,BIBbCTBcBdBDBOBTBJA0A0ArAtAYAHALABAAAABVBvBRBkBLA7A+BCA3A8AjA3AdAaAiAPARAFAA
3121605001001,BkBxB7B2BaBFBDBDA4AoAjAbATAVARALADACACBdBsB6B1BcBFBKBKA5AuAmAfAhAZATAMAFAFAB
3121704001001,BjBrB9BuBIBEBKBBAzAvAoAlAeAkAcAJAIALAGBeBpBiBKBNA3A4AxBDAsA2AaAfAwAjAfASAMAC
3121803001001,BVBeBuB2BVBIBEA+A5AnApAhAlAZASAOAIAHACBbBcBnB0BaBHBNBCA5A0AsAuAkAZAhAKALADAC
3121902001001,BKBtByBfBfBGA8BNBIA1AhAZA2AcAjASAKAAAABVBuBtBXBQBBA7BdBBAyAcAmAOAtAfANADAFAA
3122009001001,BiBnBoBqBYBLBKBSA4A0AtAfAbAZAcAIAHABABBiBkBqBmBXBKBKA6BAAyAjAhAaAhATAQAIADAC
3122108001001,BUBjBuB2BaA5BZA1A3A8AtAiAbAXAXAPAHAFAGBJBWBqBsBOBTA5BQA6AoA0AoAtAnAbAOAKACAC
3122207001001,BzCBCABvBIA3A4BEAyAoAmAZAiANARASAJACACBlB6CABuBTA+BGBFA1AwAZAoAdAhAYAKAHABAA
3122306001001,BJBUBeBkBqBTBRBPBJA3AxAfASAaAOAIACABAABMBRBeBmBrBSBXBYBKA+AtAlAcAaAOAKAHADAB
3122306001002,BTBUBiBnBoBUBJBMBKA6AtAfAaARAKAFAGACACBSBVBaBjBkBSBRBXBJA9AxAkAeAZASAJAEADAC
3122306001003,BIBNBUBbBeBRBLBYBGA2ArAmApAXAOALADACABBDBMBWBbBiBXBaBeBJA8AtA1ApAXAbAQADAEAD
3122306001004,A+BLBWBeBiBWBGBRBEA9ArArArAMAPAOADABACA+BJBPBeBoBPBUBaBPBBAxA5AsAbAXAQALABAD
3122306001005,BZBfBoBnBcBPBSBaBMA6AsAcAZAJAJACADACAABVBeBlBjBaBWBcBkBPA7ArAYAWAOAKADAJADAA
3122306001006,BfBhBpBjBfBVBVBUBMAzAsAbAWATAJADABAAAABVBcBdBmBjBbBcBZBLA5AlAgAXAHAIAHAJACAB
3122306001007,B1BzBwBiBdBWBgBXBHAvAhAUATAIAHAFAFAAAABpByBoBbBeBcBeBVBBAqAaAWAQAPALACAAABAC
3122306001008,AyA9BQBeBXBFA+BMBIBBArArAeAiAaALAJAGABAzA7BNBgBfBOBPBgBXBLBIAuA2AhAfAaAMAJAF
3122306001009,BcBgBjBeBgBUBZBUBLA2AvAaATAaAOAKADADAABZBXBfBZBfBYBaBVBIAzAqAbAdAVAWADACACAB
3122355001001,B4B9B4BwBVBKBEA9ArAqAgAaAgAIARAAAIAAAABzCCCEB3BhBHBGBCA0AnA0APAYAIAPAIAJAGAA
3122405001001,BpBnBrBlBXBJBLBJBEA3AtAnAuAfATAOAHAFAABWBlBsBbBQBJA9BEA1AtAjAmAeAUAWAOARAGAC
3122454001001,BaBsCFB9BiBNBHBFA3AiArAZAbAWARAUAHADACBgBvB6BuBPBCBGA5AyA2AnAmAeARATAIADABAC
3122470001001,BjB1CAB7BfBUA6BMBGA5AyAfAaAWARARAIACAABlBxBrBiBJBBBOBBAtAuAkAYAYAYAJADACAIAA
3122504001001,BSBiBwBzBYBAA4A9BAAzAxAhAjAiAfAIAIAHAEBbBXBcBVBXBNBFBHA1A7ApA2AuAcAdASAIAEAC
3122603001001,BfBvBnBqBPA+A6A6A2AwAuAhAgAfAfAUAGADAGBiBzB7BYBIA+A6A9A4AxApAyAlAhASASAVAIAJ
3122702001001,BEBUBXBdBOBQBIBIA+AuAtAuAwAVAgAMAKAEAABMBTBlBiBOBBBLBMBFA5A4ArAzAlAkAQAOAEAG
3122801001001,BOBaBLBZBqA+BcBPBIA3A7AjAjAcAWAjADAAAEBQBSBtCEBgBSA7BGA2A2AjAiAnAeAKAPAAADAA
3122900001001,BfBjBZBnBaBUBPBbBMA0AiAnAZAfAaASAFABABBZBdBYBWBWBJBRBQA5ArAiAsAjAdAUAPADADAC
3123007001001,BSBZBQBaBUBZBXBTBNA5A2AkAZAYAQAGAKAFABBRBZBKBWBUBOBfBcBFA5AwAvAjAaAOAOAJAGAB
3123106001001,BgBsB1BwBQA/BIBIBGAqAoAiAhAdARAHAMADAABhBlBxBmBGBCBEA9AsA0AqAmA1AoARANAKACAF
3123205001001,BSBcBVBgBQBCBKBLA7A4AyAlAqAcAUAWAHAFABBNBYBPBZBOBNBPBNBAA7A7ApAmAzAfANAOAFAE
3123304001001,BVBoCBCBBKA/BABDA7A1AuAlAkAiAVALAFACAEBJBpByB7BCA7AzBFBCAzAgAsAjAbAfALAQAAAE
3123403001001,BnBWBXBgBUBXBUBTBUAtA0BCAUAdASAUAAAAAAA5BKBXBSBkBTBGBLBEBXA9AVAlAOALAWAEAAAA
3123502001001,BHB6BvBXBXBMBbBEA6BEBMA1A8ASADAMAFAAAAA5BABRBTBNBOBRBMAvBLA1AvAdAgAZATAHAAAA
3123528001001,BkBvB2CBBeBJBNBBA9AtAnAYAfASAOAMAFAAAACABrB9BtBYBIAyBHAyAvAbAfAgAdAKAEADACAA
3123601001001,BaBdBcBjBbBPBLBNBMA1A3AjAaAUAZAKAGABAABbBeBZBfBYBPBNBRBCA8AsAjAcAgAUAJAEADAC
3123700001001,BuBmBtBtBVBBBJA+A4AqArAaAeAaAWAWADAFABBpBfBoBsBbBNBFBGA2AtAsAjAnAcAVAMAIAEAB
3123809001001,BrB0CCB2BlBBBFBDA+AvAbAuAWAXAKALAEACABBfBzB1BzBcBBA+A9A4AoAjAnAfAQATAHAIAAAB
3123858001001,BcBgBoByBvA/BDBMAzA3ApAcAoAkAUAMASAEAABdBXBdB6BNBIA3BFA9AnAvAjApAdAXAMAIAFAE
3123908001001,BTBbBcBpBfBQBMBDA/A1AyAmAdAZAUAKAGAFABBWBYBaBqBbBOBNBJA/A4AvAnAmAZAWAMALAFAD
3124005001001,BTBpBwB+BhBOBEBKA7AxAwAkAWAeATAKADAFACBVBgBrBnBRBNBABCA1A4ArAeAmAYAaAHAPAFAC
3124104001001,B6B2BpBiBZBYBRBKA/AxAhAcAWATAMAIADABABB3BtBmBeBfBUBTBNA5AqAfAZAWARAOAHAEADAA
3124203001001,BnBdBpBtBbBMBLBGBHA2ApAlAcAZAQALAGADABBdBhBhBrBWBQBMBHA/A1AkAeAcAVATAMAJAEAB
3124302001001,BgB3B3COBZBBA/A7A0ArAkAdAXAUAUAIAEADABBgCFCJB2BUBFBCA+A1ArAhAgAXAbAMAIAHADAD
3124401001001,BTBWBTBXBMBfBeBWBLBFA0A5AlAgAZANAIAAAABSBIBKBcBKBKBQBGA+A3A5AiAeAhAdAKALACAA
3124500001001,BKBbBqBiBgBXBYBSBJA9AuAoAmAeAVAPADACACBOBUBWBdBOBMBOBKBBAvAmAxAdAZAXAIAEADAD
3124609001001,BDBmBsBjBaA6BWBJBAA7AnA0ARAZAZAGATAEAGBOBpBfBYBKBRA/BGBBAxAxAeApAdAaAZAcAEAA
3124708001001,BQBcBZBdBQBNBOBHA+A4A7AuAwAlAYAKAAADADBKBHBuBiBJA7BEBOA7BDA2AmArAoAVAQAHADAM
3124807001001,BVBhBhBbBXBSBWBdBKA9A2AfAgAfAWAKAHAEACBVBTBcBjBaBHBNBLA7AwAnAlAnAWARAJAGAGAA
3124906001001,BQBPBqBuBcBNBKBHBFA6AuAsAgAhAcATAIADADBJBOBYBaBXBKBHBGBAA7ApAtAhAiAfAOAHAGAE
3125002001001,BiBVBxBdBbBTBgBLBDAvA2AeAkAYASAEAAABAABfBrBQBmBTBVBJBVA9A0AcAgAUAcAcAKAMAEAA
3125101001001,BYBZBiBlBYBSBTBOBJAzAqAqAkAWAYANAFACAABSBWBgBbBhBRBMBIBDAwAtAqAkAYAXAMADACAB
3125200001001,BDBmBOBnBVBGBKBVBSBDAyAtAqAaAWAWAGAHAABFBNBlBMBJBIBXBKAwBEAsAjAwAcASAQAjAAAA
3125309001001,BhByBkBkBXBIBGBABFA6AjAiAoAjAQAVARACACBaBcBTBUBPBKBGBBA8A1AsAjAwASAnALAKAOAA
3125408001001,BsCACDB5BHAzBHA9AwAoAlAjAaAXAQAOADADABBuB8CDB1BMA9BAA9AoAmAiAkAoAUAUARAHAKAG
3125507001001,BnB3CEB3BTA4A8BDAwAkAfArAeAFAiAFAOAAAABoBsCFBmBaBEA/A9ArA6AwA1AcAfAKAFAGADAA
3125606001001,BwB5BjCMBLBBBFAxApAqArAtA7AaAMAIACACAABfBwCMBYBVA4A/A+AvAlAnApAwAeARANANADAC
3125705001001,BdBkBrBoBYBKBKBKBCA4AvAgAdAbASAOAEAAABBgBnBoBjBcBKBIBHA6AxAtAeAgAWAXANADAIAB
3125804001001,BAB9CJB5A9BCArBPBFAvAcAqAmAbAZARAMACAABxBTBYBQBaA6BSA+ArA4A0AoArAxAZAUAJAEAA
3125903001001,BcBlBsBoBUBGBFBIAyAuApAiAeAsAnAJAMACACBbBdBpBiBLA/A/BDAyAvApArA0AeAcAYAMAGAD
3125952001001,BnBvBsByBnBPBNA+A9A0AoAhAdAYAQAJAJADAABnBpBjBtBXBLBFBAA7AqAiAkAgARAOALADAGAD
3126000001001,BYBjBhBZBfBNBQBLBJA+ArAuAcAgAPAHADAFAABTBlBfBZBQBOBMBWA9AkA7AZAdAcAaAMANAFAF
3126109001001,BPBUBeBiBYBKBQBRBGA6AxAiAhAZARAJAIAEAABKBSBZBeBXBNBUBUBJA9A0ApAiAdAYAQAKAEAB
3126208001001,BxCBCJB3BYBDBDBAA9AwAqAfAcANAVAJADAAACBiCGB7BxBHA/A6BAAvApAjAaAhAbANACAFABAD
3126307001001,BfBVBdBoBSBSBSBTBPA6A7AtAmAWAKAIANAJAABPBgBiBXBSA3BIBJBEApAxAtAhAaAXAMAGAGAA
3126406001001,BVBwBoBjBqBSBXBKA2A8AqAnApAbAPAJADAAAABeBfBkBqBXBJBCBKA4ArAgAuAWAVAVAFANAAAG
3126505001001,BbBjCTCLBoBBBABBAyAsAjAhATATAUAKAJACAABWBvB0CBBVA6AyAyAwAvApAnAfAmAVAOARACAC
3126604001001,BoB/CEB4BaBGBJBCA9AxAgAfAfAbAKASAFAFADByBvB1BoBSBDAwA7AvAwAnAZAWAQARANAIACAF
3126703001001,BmB8B+B/BcBMBLA5A0AsArAiAbAaAMAEAFAFABBlBpBsB2BcBABBBEAzAtAvAXAgAOASAIAEAFAB
3126752001001,BpCJCcCGBsAxAsBLAuAvAeAYAbASAJANAPABABBhCMCSBtBIA9A3A6AmAkAaAdAcAcANAHAKAGAA
3126802001001,BlB2CJB4BQA9AvA5AtAqAuAeAdAcAVARAGAEADB0B5CCBrBBA8BBBDArAuAjAhAWAnAYASAHAHAD
3126901001001,BoB1BqByBeBLBHA/AuAnAkAcAjAOARANAFAGAABnB0BnBoBfBVBOA+A3AtAjArAYAjAQAGAIACAE
3126950001001,BjBsB4CQBxBQA7AzAxAsAhAnAhAaAMATAFAAACBfByCRBnBQAxA6AtAuA5AUAjAtAeAPAHAKALAD
3127008001001,BWBiBjBvBcBcBJBGBKA2A4AYAoARAOAMAGABABBRBeBhBbBeBBBXBOA6A7A6AjAWAXATALAEACAC
3127057001001,BXBmB+CSBcA8BWA2A3AvAkAnAWAiAPALAFACAABlB6B6B7A6A6A/A3AkAsAjAhAsAjAZAHAGANAC
3127073001001,B+B1CICKBbAxAwAtApAuAiAjAiAYARAIALAAAEB3CECJCFBGAxAxArAzAvAqAkAiATATAJAAAEAE
3127107001001,BOBXBdBgBdBQBQBLBIA4AwAnAjAaARAMAHADABBMBXBeBfBWBPBUBTBIA6AvAnAeAZAWAOAEAFAC
3127206001001,BkBuCPBzBfBQA+BIA1A3AcAvAcAXAUAGAMAEACBkBcBcBnBcA4BnBAA6AVAiAnAgAUAWAIAIAAAA
3127305001001,BgBkBgBtBXBLBBA/AtAwAyAgAoAVAbALAHACACBrBhBdBkBmBGBIA7BCA9AlAzAaAbASARAKAKAC
3127339001001,BcCCCTCCBfA/BBA4A2AvAjAiAWAZAJAFAEADAABmB7COB5BMBBA6BCA4ApAbAlAVANAUAJAFACAA
3127354001001,BRBZBzB/BvBNBCBVAzAwA2AjAdAYAYAKAAAFAABkBiB4BwBGBKBBAqA3A3AqAkAtATAUAIAFADAA
3127370001001,BJBmBuBmBeBEAwA/BEA6AYAvA5ATAQANARANAABZBuBqBeBNBVBVBQA4AqAsAmAbAfAQAKAIAIAD
3127388001001,BWBeBcBeBNA6BCBUA4A0AzApAUA7AbAbAGAFAEBDBaBkBSBSA9BVBLBFA5BDAcAfAhAiAYAJAAAG
3127404001001,BlBTBtBbBhBOBVBaBBA2BEAlAaAbAaAGAXAGAABVBQBdBKBKBIBPBABBAtAtA3AhAlALAIAEAAAG
3127503001001,ByB0B2CFBTA6A3A5A2ArAmAVAYAcATAJAMABADBuB+CEB7BPA9A6A7AxAsAqAgAXAUAbAPAHAEAD
3127602001001,BWBpB2B4BpBCBEA+A+AoAnAaAbAWANAIAHAEACBVBrB+BwBhBBBIA6A2AzAiAjAeAfASAPAQAHAI
3127701001001,BWBZBaBrBjBKBIBFA5AsAvAWAhAQAMAFAFAGAABWBRBWBrBtBbBVBVBDA+AuArAuAWAWAKAEAJAD
3127701001002,BPBRBaBlBhBKBMBKA8A1AmAiAXAYAQAFAFACAABSBWBZBqBpBYBgBUBLA9AwAtAiAaAOANAJAEAE
3127701001003,BaBgBnBnBdBNBLBUA+AyAeAdAWARAQAFADACAABXBdBeBtBnBWBdBaBJA4AlAkAiAXAQAEAGAFAB
3127701001004,BjBiBpBxBnBQBOA/A0AoAeAbATASAPAJACABABBhBfBnBtBvBbBSBJA9AyAuAgAoATASALAEABAD
3127701001005,BgBeBeBrBkBSBOBEA4AvAlAcAQAcANAIAEAAABBrBZBjBvBrBaBWBMBCAzAuAiAcAYAKANAEABAD
3127701001006,BQBSBXBmBeBPBLBHA8AyAjAeAeAXAXAHADAEABBPBQBbBuBoBcBYBTBFA8A0AnAgAiAYANAKADAD
3127701001007,B7BvB0BxBnBMBFBFA5ArAZAiAWARAKAIAAADAABwBqBxBxBcBXBNBDA7AsAlAdAYANAGAKAGAEAC
3127701001008,BfBiBqBzBkBOBPBIA8AuAnAWAQAbALAKAFAAACBdBfBgBtBeBaBZBSBHAxAjAhAcAWARAIADACAE
3127701001009,B6B0BzBtBgBOBIBBAzApAdAdAYAMAIAFADABABB9BvBxByBhBVBPBIA2AvAkAZAUAXAJAFAEADAB
3127701001010,BEBIBZBmBfBFBJBJBBA9ApArAQAZAUAFAEABAABEBJBVB0B4BdBaBZBRBHA5AoAeAeAUAGABADAE
3127701001011,A1BCBSBiBUA4A/BGBGA4A6AgAfAaAYAMAGAHAEA0A+BRB0BsBMBUBcBWBLA8A1A1AbAiAVAPAFAC
3127701501001,BhBlBuB9BiBLBEBAA2AxAlApAbAjAZAQAIAEACBlBoBzBpBRA/A5A7AwArApAjAkAgAUASACACAB
3127800001001,B8CDB9B+BiBKBJA8AxAkAlAZAXAUAPAGAHABAAB0CLBwB5BOA/A6AzApAsAcAjAYATAMAMAHADAC
3127909001001,BMBZBTBtBXBWBNBOAqBhBBAqApA5AOAAAAAKAMAwAsCOB8BeAxA6BcAyA4A3AhAyAXAMAAADAAAA
3128006001001,BoByBsBrBYBFBEA/A7AwAtAbAhARALAKAEAFABBmBsBvBpBcBHBKBGA7A0AmAiAcAYARALARAFAC
3128105001001,BfBdBkBpBfBbBYBQBKA8ApAoAgAVAUANAEABACBfBbBeBgBUBNBIBGA7AuAlAiAeAVAVAJAEACAB
3128204001001,BPBQBuB4BmBJBDBDBFAzAfAfAvAlAeALAFADABBRBOBuBwBSBCBBA/A8AvAuAnApAfAbAQARADAC
3128253001001,BaBnCRCCBZBOBHBHA7A3AvAfAZAeANAGACAAAABZBoCCByBRA3BGA+A2AuApAiAUAUATAEAFAHAA
3128303001001,BaBgBjBkBZBSBKBNBGA6AvAkAkAMAVARAIADABBdBiBeBeBVBLBJBIBCAxAoAiAqAWAXAMAIAEAC
3128402001001,BUBXBnBeBKBOBQBaBAA1AuApAdAjAZAQAMABADBQBeBWBbBHBFBPBHBBA2AyAiAmAdAdATAPAJAC
3128501001001,BOBcBSBqBcBLBZA8BIA/AsAlAiAgAWAPAJADAABlBlBfBiBNBAA9BYA/A5AsAiAXAgAUAPAGALAD
3128600001001,BdB8BvBtBRBeBnBWBDAtAwAqAbAVAMAEADADAABfBhBhBYBTBgBXBBBBArAdAaAZARABAGAFADAA
3128709001001,BUBdBjBkBZBPBLBMBHA4AzAgAaAbAMAPAIADABBPBWBbBjBVBOBMBPBJA8AyAjAeAcAXAPALAEAC
3128808001001,BIBfBoBgBRBIBKBNBLA1ApAsAgAgAgASACABAEBbBrBHBcBgBEBJBMA6AxAiAmAoAqAeAVAFAEAC
3128907001001,BbBfBhBjBiBLBQBOBEA/A2AnAnAXAKAHADAHAEBUBbBbBcBOBQBRBIBBA0AtApAeAPAYAOAMACAC
3129004001001,BQBPBdBZBQBCBJBXBFA4A1AqAhAjAaAMAPAGAEBJBSBYBkBPBFA/BEBDA3AzApAqAtAfAYASACAG
3129103001001,BOBVBVBYBQBSBNBKBIA8A+A6AyAwAZAMAKADAEBSBTBXBSBXBQBOBIA4A6AuAkAqAQATAIAHAEAD
3129202001001,BXBXBoBgBXBEBLBSBGA8A0ArAYAeAhAJAOAAAABTBkBnBcBNBGBLBFBFA3ApAmAcAjATALANACAA
3129301001001,BjBfBrBwBbBNBEBAAzAzAuAfAlAcAbAMAGABABBfBkBfBkBWBKBMA9A5A1AjAvAkAdAVARALABAB
3129400001001,BbBaBgBkBhBXBYBHA8AtAvAuAmAXAMALAKAGAHBQBoBaBZBfBRBLBEA5AzAkAvAbAWAaALANAGAA
3129509001001,BWBaBnBiBVBNBOBYBNA8AqAnAbAdAPAJAIAAADBYBcBfBgBTBMBKBRBKA4AjAnAfAbASALAHAEAC
3129608001001,BtCACRB8BbBFA7A/A7AuAkAZAVAQAbAFABADAEBuB+CNBuBJA6A+A7AuAoAgAYAfAXAXACADAAAD
3129657001001,B7B7CGCCBHA5BGA/A1AjAmAjAdAeAWAPAEAGAABsB6COBxBRAsAqAvAvAsApAgAbAcASAIAJAKAC
3129707001001,BeB6BxBfBQBiBEBEBJA3AuAqAfAQAMAEAEADABBZBcBsBsBPBMBJBXAwAxAnApAXAgAJAGAKADAB
3129806501001,BxBuBpBqBkBbBZBNBDAwAkASANAOAIADAAAAAABxBsBmBoBjBdBZBSBCAuAgATAPANAJAHADABAB
3129806502001,B5BtBoBtBuBdBVBEA6AtAfAVASAJAGAEABAAAAByBvBpBsBtBcBQBKA9AsAeAaAWALAKAGADABAB
3129905001001,BWBVBUB2BHBRBXBHBOBEBCAzAWAiAWAMAFAFADBNBRBUBHBYBOBJBJBBA7AhAnArAbAXAJAPAJAE
3130002001001,BIBlB5BaBRBRBBBDA6AcA5BJAhAgAJATADADAGCHBZBcBlBZBTA/BAA8AqArA1ARAhAJAKANADAA
3130051001001,BoCFCPCXBnBEAtA6AtAlAkAgAVAZALAKAEAAAABtCRCLCFBYAqAvA2AqAqAaAZAXATAXANADACAA
3130101001001,BsBqBvBtBiBbBNBIA5AxArAZAjAIAMAHADAFAABoBpBqBnBdBVBNBMA6AsAkAbAWATAQAIABABAB
3130200001001,BhBnBhBjBkBbBSBOBEA0AuAhAaAbAOAFAIAGAABXBcBgBcBhBSBRBPA7AzAnAkAgALAQALAFADAB
3130309001001,BEBhBnBsBRBOBIBVBJA4AwAoAXAfANAMAJABABBKBZBmBlBKBHBWBVBKA5AmAyAjAUAXAOACADAC
3130408001001,BZBgBeBuBiBWBTBLBCAxAyAjAaARAjAHAGAEACBZBaBeBmBTBNBPBRA9AzArAhAeAdALAJAGAAAC
3130507001001,BlBjBmBkBYBRBXBMBHA/AyAeAVAfARALAGAFAABfBhBgBdBRBLBEBIA7A0AjAhAaAaASAQAMABAD
3130556001001,BpBuB7B8BfBSBEA9A7ApAnAfAkAUATAMAHACACBnBpB8BsBZBGBDA4AwAxAlAfATAZANANAHAAAB
3130606001001,BWBNBaBrBcBgBUBNBOA9A4AmAuAbAJAOAJAAACBVBLBRBWBXBTBNBIBDAzAtAuAeASAaAOADADAA
3130655001001,B7CGB4B1BgBDA8A5A2AqAmAhAjAVAMALAEADAEBtB1B8BuBIBAA8A1AyArAkAnAiASAUAIAIADAA
3130705001001,BpBqBqBvBrBdBcBOA+AsAuAcAgAZALAJADAAAABiBnBrBgBVBPBDBMAxAsAaAlAWAPAGAHAKADAK
3130804001001,BaBnBSBQBzBbBaBPA+A9AvArATAoAbANAOAAAABeBbBbBtBMBHBLBGAvA1AkAWAlAVAZARAJAEAA
3130903001001,BdBcBnBuBZBLBHBHA8AxAiArAlAaAWARAMACABBXBfBlBtBXBJBIBBA2AyAsAlAqAeAVAPAGAFAB
3131000001001,BjBoBpBwBeBQBSBGBAA7AfAgAfARAdAKAEAGAABcBdBoBmBfBHBJBJBBA1ASA0AVAgAOAHADACAB
3131109001001,BgBhBeBsBaBDBBBCA/A0AnAmAdAfAKAUAEACADBZBwBmBhBQBDBFBLBFAuAnAyAZAXAgAcAGAHAH
3131158001001,ByBxB3BnBqBUBOBCA2AuAhAZAdASANAJAGABABBtBwBxBmBhBOBGBAA4AtAeAdAXAUARAKAEADAB
3131208001001,BRBXBmBrBXBEBEBFA5A5ApApAfAfAYAJAOADABBTBaBeBoBVBOBJBEA/A9A0AhArAcAdARALAHAB
3131307001001,BeBbBbBmBnBYBQBHBGA4AiAcAWAVAIAEADACABBdBaBeBsBpBaBYBUA5A8A4AfAcAQAOAEAIADAA
3131307001002,BTBWBaBpBgBUBUBLBLA+AdAlAaALAFAGADAGAABTBTBXBqBrBdBfBbBPBAAoAhAbAUAIACAKAEAC
3131307001003,BfBbBgBrBzBaBMBFBBA8AmAcAbAHALAFADABAABYBZBcBxB0BgBVBNBKA3AsAYASASAKAGAEACAD
3131307001004,BPBTBpCJBtBFBBBABVBTAjAYAQAMAMADADABAABMBMBmCIBvBHBIBeBgBBAgAYARATANAIACABAB
3131307001005,AvA/BbB/BrA7A8A7BPBdA6AtAcARAKAIACABABAyA9BaCBBrBHBNBfBlBdA4AmAgAPAOAGAHABAC
3131307001006,BhBfBjB5ByBXBLA/BAA/AoAYATALAJADADACAABjBbBrB3BxBYBOBNBGA4AfAcAVAMAMADAEAAAB
3131307002001,B8BiBoB1BfBZBKBGA+A9AhAaAQAOAIAHAGABABBaBrBoBoB4BWBSBIA/AoApAQAWAXAJAJAEACAA
3131307002002,BRBdBhBuBeBKBEBRBSBMAjAiAWAQALADABACAABSBYBeByBjBWBlBYBSA1AgAjAZANANAFAGAFAB
3131307002003,BpBoBnBvBrBRBFBKBGA2AcAcASAKALAEAEAAACBkBnBpBrBpBcBdBIBFA0AgAbAQAXALAHACAAAA
3131307002004,BgBlBmBqBlBcBOBFBAAxArATAaALALAFAHABAABgBgBdBqBsBcBZBQBAAzApAdAfASANAGADABAB
3131406001001,BEBbBqBiBNBKBeBUBCA5AuAwAfAtAQAQADADADBSBeBbBTBTBIBJBHBBA6AvAyAeAaARAJALAIAD
3131505001001,BRBfBdBYBjBVBgBTBTA2AvAsAeAYAQAHAJADAABNBSBUBjBUBdBNBTA9AyApAqAhAQASAKAJACAB
3131604001001,BgBhBfBiBqBhBlBVBKA3AtAoAaAZAOAEAGAAAABiBbBaBhBQBaBNBHA4AwAhAoAYARAIAIAFAAAB
3131703001001,BYBbBuB6BnBMBJBHBFA6AoAaASANAHAEACAAAABaBaBtB2BrBXBVBVBKA5AjAfARAPAQAEAEACAB
3131703001002,BoByBtB1BhBVBLBNA3AuAgAXASALAEAIACABAABgBqBwBwBpBeBVBSBAAxAXAlAVAKANAJADAAAA
3131703001003,BKBLBdBrBjBMBQBKBFA1AqAfAZATASAGAGADAABIBMBXBoBpBXBbBbBOA/A4AfAiAcAZAQAEACAB
3131703001004,BBBKBQBYBeBOBSBNBBA6AnAkAfAhATAKAEACAAA6BDBQBcBkBVBkBfBPBDA+AoAqAhAYARAOAHAE
3131703001005,BaBoB1ByBOBNBNBFAyArAdAmAmARASAQAGADAEBpByByBhBkBCA+BAA1ApAgAsAdAjAZAJAMAFAD
3131802001001,BdBZBqB3BnBLA/BBA3AzAlAiAeAgARAIAMAHADBUBVBrBzBeBKA/BFAyA2AsApAlAlAWANACAFAE
3131901001001,BZBaBiBlBhBQBOBPBDA4ArAfAcARAIAOADABABBTBYBiBlBgBSBOBSBHA7ApAkAdAaAaAQAFACAD
3132008001001,BoB6CCCTB8BFA3A6A0ApAuAjAmAOAMAFAHAAAABdBkB6CBBPAwA7A4AtAqAuAnAoASANADAHAAAC
3132107001001,CHCECDCABbBFBCA0AsAlAhAaAVARAFAWAGAAAAB/B8B9B3BZBBA/A1AtAiAgAgAYAXAKAKAGADAC
3132206001001,BWBaBSBdBgBSBVBUBEA6AyAjAbAgASAPAJADABBPBRBZBcBUBUBMBLBBA2AtAlAkAjAXAOAMAFAB
3132305001001,CGBvCBCLBdBUA1AxArAmAeAcAbAVAQAKAKACABB8B9CHBxBoA1A1AsAsAlAhAfAgAMARAHAMADAB
3132404001001,BYBaBiBmBbBPBEBLBEAzApAiAcAYAUANAEAEABBRBXBcBgBZBHBMBQBKA6AzAjAnAcAeANAKAIAB
3132404001002,BuBsBpBpBkBbBRBDBDAxAgAgAWAKAMAKABACAABpBtBkBmBaBWBQBKBFAwAnAbAXAXAOAHACAAAA
3132404001003,BGBRBUBhBWBKBHBOBIA4A3AeAnAYAOAOAFAFACBIBOBcBfBVBPBQBWBNA+AvAzAgAkAgARAPAIAC
3132404001004,BRBYBdBsBhBNBLBNBLA6AwAdAaAWAQAOADABAABQBVBcBpBaBHBNBUBHA9AtAoAfAXAcANAHAFAB
3132503001001,BzB6CDB6BcBEA8A9AzAoAlAdAZATAQAIAEAAABByB3CBB8BTBABAA+AvAnAlAdAYAWATAKAHAFAB
3132602001001,BIBdBnBIBLBMBKBbBUA0A0AqAtAiAeAZABACAABEBtBoA0BFA6BdBEBEAvA4AsAsAjAgAGAHAKAH
3132701001001,BvByB6BxBTA/A5A8AwAjAiAdAnAdARANAHAEACBnBrB8BuBVBCBBBAA2ApAmAnAfAcAbAJAOAIAF
3132800001001,BVBkB7CBBmA9A2BeAjAxAgA0AlAZATAUAHADAJBKBbBRBdBIBPBLA5BMA4AhArAXAjAjARAKALAF
3132909001001,BdBfBjBoBVBJBHBNBNA/A+AbAkAYAUAMAEADAABXBSBoBpBOBBBEBPBCA3AmAjAgAaAbAPAHADAB
3133006001001,BaBUBlBrBfBNBNBOBBBEArAiAeAZAVAJAKACABBOBhBVBhBSBOBHBRBJAvArAoAdAeAVATAGAFAD
3133105001001,BKBdBYBkBZBOBQBNBIAyAvAmAfAZAPAMAIACABBPBhBTBjBaBRBQBWBGA6AsAtAiAaAOAPANAHAB
3133204001001,BYBgBwBvBNBEA6BFA3AuAnAlAiAhAaALAKAJADBSBiBuBoBRBKBMBFA4A0AzAvAhAgARATAGAHAE
3133303001001,BtBtB3B5BdA8A9A+A0AsAnAfAfAYANANAGACADBmBrB3BxBZA+BEA9A3AyAjArAgAWASARAJAFAB
3133402001001,BJBYBgBbBTBTBUBQBKA9A0AnAzATAQANAJADAFBRBTBUBdBVBSBWBPBEA4AtAnAjAaAPANAFAEAC
3133501001001,BMBVBgBhBTBOBNBHA/A5AzArAmAcAXANAHAEACBIBVBeBeBQBJBLBKBFA3A2ApAnAiAaAUAIAKAE
3133600001001,BQBcBsBdBZBdBNBTBDA/AsAvAhAgAXANABAFACBPBWBdBmBSBQBOBBA+A5AuAnAeAWAQAKAHACAA
3133709001001,BeBbBlBmBgBUBTBKA8A4AwAlAiAZAPAKAHABABBpBqBiBdBXBVBKBGA7AyArAfAYATAOAOAEAEAC
3133758001001,BYBdBkBhBUBLBRBUBOA9A2AfAfAZAWAHACACABBMBVBbBcBRBHBaBUBMA2A1AgAbAgAUAMAEABAB
3133808001001,BMBXBWBfBaBWBSBTBKA2AxAnAeAYAYANADAEACBNBRBSBdBZBPBRBNBFA6AvAsAjAkAYAMAIAJAA
3133808001002,BOBQBVBeBjBPBQBTBFA6AzAhAYAcAQALAFACACBIBUBOBbBeBTBXBTBMA8A5AoArAaAVANALAEAA
3133808001003,BbBkBlBuBdBPBWBXBKA4AiAhAYALAJAIADABAABcBdBlBfBaBRBUBaBLA5AoAeAbAPANANACAFAD
3133907001001,BZBtB8B6BnBLBGBNBHAmAiAjAWAVAOAUAHACACBaBiBqBqBUBJBEA1AxA0AdArAeAmAXAJABAGAD
3134004001001,BuB2CBB6BfA9A5A3AvApAkAoAjAcAVAIAIAFAEBrBqB6BzBSA9A4AyAwAuAiArAhAbATATAIACAD
3134103001001,BOBbBXBqBdBKBJBKBAA4AjA1AfAjAXAPASADABBUBfBXBaBSBQBEBGA6A5AuAwAmAeATANANAHAD
3134202001001,BUBZBdBZBeBRBLBLBDA2ArApAkAWAaALADADABBRBTBWBbBcBYBaBTBGA6AzAhAdAgAXAJAJADAB
3134202001002,BZBjBtBNBSBUBXBUBMA0AxApAxAWAZALAFADAABYBkBYBWBUBSBWBQA8A5AoAoAZASAOAGACACAA
3134202001003,BBBHBPBXBRBHBEBHA9A6AyArApAhAXASALAHADA9BGBTBXBcBIBRBRBOBDA8A1AzAoAfAZAJAIAJ
3134202001004,BOBVBbBXBdBOBPBLA9A5A4AhAeAjAYAKAGACACBNBRBWBbBWBXBaBQBJA7A9AmAeAeAWAOAGAGAE
3134301001001,BVBdBcBuBmBPBVBLBDA2AqAkAeAZAVAHAFAEACBaBgBhBeBSBOBPBHA6AxAyAfAfAaAWAOAIAEAE
3134400001001,BeBbBjBnBfBWBRBOBCA0AqAkAYAWAOAKAJAFABBZBZBcBhBiBeBVBNBCA1AmAiAcAVAQAHAFADAB
3134509001001,BTBjByBjBbBMBgBWA/A8AlA2AhAYATAPACAEAABNBlBUBaBCBIBUBKBJAvAvAhAgAWANALAMADAC
3134608001001,BZBkBsBvBlBNBKBFA6AxAqAmAhAaAaAPAFACABBaBbBmBlBZBLBEBAA2AtAoAiAeAjAgAMAHACAD
3134707001001,BfBrB2B/BeBHBGBEA2AxAtAiAiAVAXANANACAEBSBmByBnBFBEA9A9AyAyAtAoAjAbANAPANAGAF
3134806001001,BfBPBjB0BeBSBMBDBLBCAtAkAoAYAZAOADAHABBQBaBeBXBRBCA9BLBBA4AoA1AgAYAUAPAKAFAB
3134905001001,BPBdBlBoBaBUBSBJBCA4ApAjAfAaAQATAEAFABBSBWBcBdBcBVBVBKBDAxAwAcAcAeAbANAKAFAA
3135001001001,BYBbB0B5BbBJA8BHBKAzAyAjAcAaAJAOAFAEAABRBhBYB1BsBGBPBFBEA3AcAhAQAaAaANALAEAB
3135050001001,CACACMCJBnBIBDA5AzAsAjAdAQAPAKADACAAAAB2B/B+B/BYBFBBA3AtAoAfAXARAPAHAFADACAA
3135076001001,BvBUB3B5BtBCBFA5A8AvAbAWAkAcAhASALACAABXCSB0BTBDBEA3A+ApAjAuAzAiAoAUALAIAGAC
3135100001001,BsB7B5B4BiBJBFBAAyAsAhAdAVAOAJAIAFACABBqBnB1B9BiBNBIBAA8AsAhAeAZARALALAGAEAC
3135209001005,BqBvB6B+BWA+A+A+A2AqAjAaAbAOAOAIAIADABBkBvB6CDBjBGBDBEA4AsAhAfAgASARAQAKAEAC
3135209001099,B1CFCPCMBSA3AxA2AyAsAoAhAgAZAUALADAGABBwCACGB1BBAvAxAxAuAqAlAgAdAbAUALAKAFAB
3135308001001,BdBhBdBzBuBaBOBIA8A2A3AUAZATANAJAKAAAABhBaBzBuBhBQBQBEA7A5AsAUAbAKARAPAAAAAA
3135357001001,BqCJCLCfBBA1AxA8A7AzAkAjAcAUAXAHAGABAAB4CCCGBZBUA4A+A1ArApAfAmAaAWAPAMAFADAA
3135407001001,BVBUBVBxBpBJBVBKBGA8A1AfAlAYAVAGAOACACBMBOBbBrBZBABLBEA+A0AvAkAtAcAaANAHAHAD
3135456001001,B1CBCOCPBfA6A4AzAvAlAjAgAbASAOAFABADABBoCGCMCABHA4A3A2ApAoAoAZAeAXAUAKAMADAD
3135506001001,BcBmBuB9BZBBBEBCA5AzAlAqAdAdAXARAIAEAABSBfBvBpBUBIA/A6A6AwAqAtAkAkAZAMAJAHAB
3135605001001,BgB8CHB+BYA+A/BABAAvArAcAXAcARAJAFACACBeB4CCBoBMBGBKA8AvAsAmAZAaAaAMAPAGAEAC
3135704001001,BWBsB7CABVBRBUBEAtAyAsAsAcAjAUAKAFACAFBVBnBwBpBIBGA9A5A0AuAZAkAqAkAWAKAIAFAC
3135803001001,BiBlBvB9BcBCBDA5A7AtAnAoAgAhASATAKAGACBgBjBsBuBOA/A9A7A4AsAoApAnAfATAQALACAG
3135902001001,BYBcBrBqBXBOA/BNBLA5AxAqAnAhARAUAGAAAABTBkBUBeBTBDBLBHA9A4AoApATAdAgAOAGAGAA
3136009001001,BnBzCAB5BHBBA2A4AzArAuAyAYAXAQAIAHADAAB6B4BtBnBTBBA/A5AxAsAtAzAkAcATACAQABAE
3136108001001,BeBoBvBiBdBgBHBSAyAqAgAxAjAaAcAPAHADAABRBMBZCGBPBHBDBCAtAyAyAlAjAiAWAIAJAHAF
3136207001001,BWBUBcBnBZBHBNBOBCA0AsAiAeAWANAKADABABBTBSBbBnBhBSBTBbBOA+AzAnAfAYAUAMAIAEAC
3136306001001,BqBxBxByBbBLBNBHA7AzAoAjAZAUAMAKAFAAAABnBtBrBmBXBRBLBIA5AuAlAhAZASAPAHADACAB
3136405001001,ByB1CCB1BTA9BOAvAvAfA9AnAgADAWAHAJADAABWB1CdBhBNA6BIA4AxAwAlApARAbAZALALAIAC
3136504001001,BvB3CAB6BUA/A8A+A3ApArAkAtAXARAOAEAHACBeBtB4BmBIA+A6BAAzAxAoAlAmAXALAKAKAJAH
3136520001001,B/COCeCFByA3A2A0ApAmAiASAXAOACAHAAACAACDCGCJCABRBDA5ApAqApAZAiAQASAYAGAFAAAA
3136553001001,BpB2B1B2BJAzBEBGAkAyA1AgAkAeAKAXAHAGAIBUBnBpB6A/BIA1A0AtA4AqAmA4AdAYAOARAFAG
3136579001001,CGCWCpB7BVAtAwAqAsA1AnAcASAPAHAMAGAEAACDBzB6CCA/AvAsBBA0AqAlAYAbAaASAQAKADAF
3136603001001,BZBhBrB6BhBSBJBHA1AwAtAjAmAYATAIAFAAACBaBfBnBtBdBRBEA/A/AxAjAcAiAWAYATADAAAF
3136652001001,BrBtBsBoBiBVBNBIA+A0AjAfAYARALAHAGABAABqBpBrBrBgBSBNBMBAAvAkAeAXAPAPAFADABAB
3136702001001,A/BGBUBWBRBGBGBTBKA/AvAmAeAWAUAMAFADABA4BABPBZBeBUBaBiBbBQA+AuAqAeAeAdAKAFAC
3136702001002,AtA2BEBWBXA8A/BHBHBDA2AoAjAYAZAUAMACACAtA5BFBhBYBNBKBZBiBTBEBAAzAtA6AaAQAFAC
3136702001003,BHBQBVBaBYBNBLBRBUA2ArAfAeAgAQALAEAAAABGBOBRBdBaBPBYBfBUBDA4AuAkAcAZAKAQADAA
3136702001004,BYBNBUBfBeBZBRBOBDA4AsAoAgAKAPAEAGADABBOBQBTBhBnBUBZBUBOBIA9AkAaAdAUAHAFACAB
3136702001005,BZBmBfBeBhBUBVBRBDA3AnAeAaATAMAKAGAAAABbBbBbBbBcBTBTBSBKA4AwAgAgAXAWAJAFACAC
3136702001006,BNBSBVBZBSBDBIBOBFA7AsAiAXAfAXAIAIABADBHBPBVBcBUBLBVBaBPBIA3AtArAmAdAUANAJAD
3136702001007,A6A9BNBfBaBBBEBIBGBAA5AlAgAcATAMAJAEACAzA/BKBfBdBNBNBbBbBXBLAuA0AcAgAXAUAGAB
3136702001008,AgAnA9BQBUA9A2BBA9A3A4AoAqAfAZAlAJAHAEAiAmA5BdBtBOBJBYBYBVBLBNA+BBAxApAYAOAH
3136702001009,AwA6BHBTBZA+A7BKBFBBA2AoAlAgAaARAIAGACAsA6BJBfBfBHBNBXBcBZA6BFAzAoAoAdASAKAE
3136702001010,BTBbBYBbBbBMBNBKBGA6AyAhAhAUAPAFAEADAABUBRBUBgBbBNBUBWBOBCA3AlAiAbAbAQAJACAB
3136702001011,AsAxBBBJBQBEA8BFA3A5A7AcA6AhAXAQAIAFAEArAxA5BVBjBNBFBQBZBRBHBAA3AvBNAvAXAYAK
3136702001012,BeBcBaBiBfBSBPBHA/A0AqAhAaAUASAHADABADBhBcBbBgBcBSBTBPBDA5AtArAdAbAVAMAOACAD
3136702001013,BUBZBgBfBbBLBQBNBHA1ArAgAXAVARAFADACABBUBaBfBcBcBQBRBdBTBAAxAlAYAiATAMAKADAB
3136702001014,BbBjBbBcBaBPBPBUBBA3AwASAaAQANANABABAABeBeBcBgBZBTBaBPBRA+AwAhAdAZATANAHACAD
3136702001015,BkBqBcBkBdBIBPBMBDA2ArAhAaATAKACAFAFAABrBhBeBhBYBQBTBWBIA7ArAiAZARAPANAFABAF
3136702001016,BbBiBiBkBeBTBWBQBJA4AiAhAUAPAJAEAFAAACBeBaBjBmBfBWBdBaBJA4ApAiAYARANAFAFAAAD
3136702001017,A8BBBOBVBZBDBIBIBIA/A1AmAkAfAbAEANADACA2BBBHBdBZBJBOBZBVBRBCA1ApArArAeAOACAB
3136702001018,BaBgBcBhBdBOBUBQBMA2AsArAVAWAKAGABABABBZBaBZBfBYBVBWBZBTA7AuAkAZASAQAGAFAEAD
3136702001019,BjBoBgBkBZBQBTBTBKA2AmAhAWARAOAHAGAEAABgBhBiBfBTBPBXBYBJA1AnAgAYAZANAHAFACAC
3136702001020,BKBPBVBgBWBGBGBNBIA4A/AcAYAXAWAMAEAEABBGBTBVBbBaBRBRBYBXBJA2A0AhAnAVAKAKAHAC
3136702001021,BNBPBXBdBWBQBHBRBHA9BBAYAeAcAOALAGABAABABHBPBaBXBNBTBWBZBGA5A2AmAfAfAMAJAGAD
3136702001022,BdBgBlBdBZBOBUBMBJA7AzAXAXAOASAKADABABBeBcBYBaBgBWBSBQBJBBAyAbAhAUALANAHAFAC
3136702001023,BTBVBcBgBeBHBMBRBPA/A0AWAXATARAGADABAABSBYBeBnBcBKBTBWBUBGA4AfAfAVAUAKAGADAD
3136702001024,BfBkBiBgBgBTBPBOBFA5AsAmAVAYAPAJAJADAABaBaBZBZBSBVBRBQBEA7AuAiAdAaAOAKAKADAA
3136801001001,BsBwB0BwBuA+A4BCAzA1AoAiATAcAZAbACAAAABcBjB1B4BiBXBDA2AyAqAvAiANAhAMAAAFAIAD
3136900001001,BiBpBmBrBhBLBSBPA+A3A1AiAjATAXAGAEABABBiBnBoBjBVBLBEBBA9AxAlAgAVAbATAOACABAB
3136959001001,BxB6CQCQBbA9BAA1A0ApAjAeAbAWAOAFAEABACBrCACICABKBAA7A4AyAmAiAbAYARALAIAKADAC
3137007001001,B8B4CLCDBYA2AzA0AqAmAlAcAbAYAPAKAFADACB5B+CIB/BOA0A5A3AsAsAkAkAfAYAPAQAJAFAB
3137106001001,BQBaBmBnBjBOBQBLBNA6A+AkAjAdAOANAEAAABBVBLBbBhBFBcBOBGBAA9AxAlAoAXASAEAKAEAA
3137205001001,BeBkBhBlBdBUBTBQBEA2ApAdAZARANAIAEABABBbBfBgBeBdBXBXBTBGA0AnAhAeAWARAKAFABAB
3137304001001,BcCEB0CCBuBGBDBCArA3AWAdAhASAYALAIAEAABuBvCMCABXAyA5A1AvAhBAARAaAWAPACADACAF
3137403001001,BjBqBnBxBnBZBIBUBEAxApAhAZAWARANAHADAABiBNBYBcBpBXBIBHBAAoAgApAaAXAWAMABAAAB
3137502001001,BQBXBiBrBUBYBSBOA6A5A3AjAaAfAXAHAEACAABIBdBTBdBVBQBUBJBJA9AwAqAeAkAJAPAMAKAB
3137536001001,BoBsBqB5BeBfBYBPA+A1AuAoAUAWAFAJAGAAABBjBkBsBfBYBTBHBIAzAuAjAiAaAJAIAHAFACAE
3137601001001,BhBfBkBrBdBUBNBQBJAwAqAaAUATAKAKAGADABBbBdBhBhBgBVBUBTBHA1AoAfAaAYAPAMAIACAC
3137700001001,BjBfBvBxBoBIA/A+AxA3AsAcAYAaALATAHADABBaBaBvBqBSBPBKBDBEAzApAiAnAXAWASAOAEAC
3137700001002,BuBjB+B7BkBcBHBCA5A2AqAhAiASAJAKAGAFAABqBiCBBfBnA+A/A8A2AnAoAPAbAKAQAPAFAEAC
3137809001001,BXBcBaBfBUBHBQBOBBA5AzAkAfAfAQASAGABACBOBWBYBdBTBIBRBPBFA5AyAtAnAZAaAUANACAD
3137908001001,BYBUBqCABeBbA/A9A3A5AlBAAnAUAOAMACASADBVBTBeBiBiA+BEA+A4AvAiAmAiAtAUAQADARAF
3138005001001,BIBaBQBiBgBABGBLBEA4A0AxAnA2AaAVAGACAAA8BDBRBlBeA8BKBGBRAwBNAnAnAfAXAUAHAJAD
3138104001001,B4B3B/BoBOBCBEBRA7AyAqAmAdAeATAEAGACAABuBwBuBqBSA7BDA5A4A2AXAjAdATAOALAGAFAD
3138203001001,BOBYBdBiBbBLBOBJBFA7ArAhAXAfARAJAGACAABKBPBWBhBcBPBPBaBNBCA1AkAgAdAcASAKAHAC
3138203001002,BEBOBZBnBgBGBGBIBJA9AuAmAcAVAWANAIAEABBEBIBXBhBiBLBNBTBRBIA6AtAmAeATARAQADAE
3138203001003,BnBmBoBpBYBPBXBRBGA1AnAWAUASAPAIADADABBmBpBlBYBeBRBYBPA/AzAtAVAcAWARAIAFABAC
3138302001001,BQBaBoBfBbBZBcBHA9A9AtAoA2ANAdARAGAHAABUBcBjBaBSBIA6BQBGAxAcAgAhAfAhALAHADAA
3138351001001,B5B8CVCDBeBQBHA4A1AoAcASAYANAHALAEAAAABaB3B/CGBgA9A9A8ArApAmAaAjAMASAHAFAGAA
3138401001001,BPBWBbBgBXBMBHBJA+A5AuAoAcAgATAPAFADAABQBVBcBjBaBNBMBLBFA7AyAuAoAdAbAUAKAEAE
3138500001001,BMBZBjBjBgBOBOBGBBAwA4AfAtAbAYAPAEADAEBRBKBbBaBfBNBOBJA5A0A4AmAtAfAUAOAGAIAG
3138609001001,BRBZBdBbBWBNBTBUBIA2AsAsAmAgARATAGAEAEBTBXBVBaBPBKBJBPBCA5ApAtAgAfAdAWAIABAB
3138625001001,BSBbBtBwBVBRBMBWBLA1AuAlAqAVARATAIAAAABXBbBkBmBXBKBZBOA7AuAkAeAgATAOAPAAAAAA
3138658001001,BrB4CACBBXBBBCA8A6AtApAeAcAbAZAKADAEAABoBzBvB/BLA1A0A4AvAvAjArAgAeATAQAEACAA
3138674001001,BzBrB6B2BUBXBOBLA7AxAqAbAeAUAUAKADACACBhBsBqBuBZBIBIBBA0AkAcAkAeASAHAGALAGAA
3138682001001,BxCBB7CMBgBCBHAyAzAmAcApAXAaAOAKACADAAB2B5CJB7BKA3A3A0ApAsAeAkAnAQARAIAFAEAB
3138708001001,BYBbBeBeBcBGBRBYBJA9A6AnAxASARALAMAGAABdBcBTBgBNBNBLBCBBAuA0AmAZAYAWATAGADAA
3138807001001,BVBfBmBgBYBKBOBQBDA6A4AfAgAZAPALADADABBOBcBfBfBTBSBSBMBEA3AqAwAiAUATALAKAIAB
3138906001001,BaBoCECEBVBZA9A8AzAxAkAwAaAPAcASAFADACBVBjBpB4BXAyA3A5AuA1AsAoAfAtASARAGAJAA
3139003001001,BeBfBkBnBhBSBNBLBCA4AvAeAcATAQALAFAEABBeBfBfBnBXBQBOBOBAA3AnAgAdAVAXALAGACAB
3139102001001,BgBgBYBoBYBKBMBXBIA1AxAhAeAYAYALADACACBQBqBmBeBMBFBMBZA6AyAsAjAqAYASALANACAA
3139201001001,BqCLB4B0BSBKAxA6AwApAjAeAaASASAFAIADABBuCIB5BrBQBFBAA3AuAxAiAlAaAhAUARALADAH
3139250001001,BSBiBvBtBNA8BBBGBCAyAwAyAnAVAXAMALAEACBKBfBxBqBJA+BEBJA/AwArA0AoAjAMARAMAMAE
3139300001001,B9B5B/CTBdBBA+AzAsAmAlARAWATAOAOAGAFACB4CBCKBzBVBDAvA5AxAkAfAeAWAYAOAKAIAGAD
3139409001005,BjBgBmBnBiBQBPBJBAAyAoAaAWATATAHAEABABBhBbBjBoBeBUBTBRBCA1AoAeAeAXAVALAEAFAC
3139409001099,BtBsBrB4BiBRBPBJA7AsAkAcAaAWAQAHAJABABBpBlBpBlBhBVBFA9A3AsAlAeAZAXALAMAIAEAD
3139508001001,BnBiBiBoBhBEBHBKA+A4AiAkAkAXARAGAGABACBjBdBkBjBVBJBJBJA/A3AvAfAaAeAaAQANAFAD
3139607001001,BXBWBqB2BbBHBGA+A+AyApAgAcAYARARAJAIABBQBWBmBtBeBQBLBHA9A4ApAqAqAhARAOAJADAD
3139706001001,BfBoBZBfBcBZBQBWA9A0AyAZAfASAMAOAHAFACBcBrBmBeBUBeBUBHA2AvAmAhAYAbAQALAOAAAB
3139805001001,BMBVBcBfBKBDBJBJBBA4A3AlAlAlAXAOAIAEABBgBUBaBaBNBFBQBPBIA8AyAtAdAkAkASAJAFAE
3139904001001,BLBpB9BjBZBRBPBLBKA0AkArAeATAWAJAIABABB2BoBVBlBQBQBMBKA6AwAmAiATAdAQAGAGAGAA
3140001001005,BeBgBoBrBkBQBOBNBCA1AlAXASAOAIAGAAABAABeBkBsBxBsBTBVBVBDAzAnAdAUAQAQAGAHAHAB
3140001001099,BwBxBzByBbBKBJA/A1AsAqAcAfASANAIAGAFAABoBrBsB1BWBGBFBCA0AsAfAoAkATAWAOAFAEAD
3140100001001,BsB0B9BwBeBRA9AyAvAmAaAYAZAbAcARAAADAFB3BmBwBuBEA9BDA9AyAsA1AoAaAeAYASAWAHAA
3140159001001,BuB1ByBpBiBWBOBOA9AsAkAYATAUAMAJACABAABqBsBqBnBeBUBUBLA7AsAdAZAUAQARAKAFAAAB
3140209001001,BGBUBZBvBMBKA8BTBIBHA4AuAjAeAaATAHAJACBIBPBNBIBMBPBaBRBDA2A2AfA1AYAUAHAdAHAI
3140308001001,BWBdBnBxBpBLBDBCA4AqA1AiAeAlAYAQAEAEAABcBfBkBwBVBGBJBBA7AmAsAkAgAeAgATAJAAAA
3140407001001,BhB3B6BhBJBCBRBZA/A2AhAnAiAUALAUAKAAAABUBoB0BuBOBDBPBNA5AxAlAkAfAXASAFAAAAAA
3140506001001,BbBnBmBgBaBPBPBLA+AzAvAfAmAfATARAGAFAABXBgBgBhBOBLBRBGA7AyA0AcAfAeAVANAKABAD
3140530001001,BnBnCDByBlBOA9BMA5A+AmAdAfAOAMATAKABACBfBrBYBlBOBXBbA9A3AsAhAgAbAhASAIAAABAA
3140555001001,B3B3CDB8BXBTBEBAArAqAuAeAdAYAZAJAEAEAABvBqBoBvBWA+A+AxAxAuAhAoAhATAQAHAEAFAF
3140605001001,BvBzCBB6BdBAA7A3AzAmAeArAdAnAXAIAEACADBgB2BmBqBOBFA7A2AvAkAWA1AjAtAWAQASADAC
3140704001001,BdBkBlBuBeBPBOBJA9AxAsAjAaAaAQAEAEABACBiBdBnBoBjBTBKBKA+A2AmAmAXAXAUAJAEAFAB
3140803001001,BYBYBaBcBZBQBQBTBIA+A2AgAbAdAWANADABABBOBZBVBbBRBNBWBMBJA+ArAnApAWAaANAIADAC
3140852001001,CBCLCgCUBWAyA/AwAsAmAeAYAWAYALAFAGAEABCECKCEB1BJBCAyA5AyAhAdAZAPAVANAHAEAFAD
3140902001001,BlB2BzBtBdBPBKA+A9AtAhAcAfAXANAGAEADAABvBrB6BmBWBTBEBFA5ArAiAeAjAVAMANAIACAB
3141009001001,BTBsB7B0BfBGBKBEA6AuAkAgAaASATAGAGAEADBdBnBvB1BaBMBQA9A5AvAjApAdAbARAHALAHAC
3141108001001,BiBlBnBrBoBVBNBMA+AvAmAcAaATAKAGAFACABBcBgBiBrBkBUBUBQA9AxApAdAeAPARAIAGAGAA
3141207001001,BNBVBXBaBVBLBPBLA+BAAyA7AoAtAJAaAHAKAABFBNBVBiBNBCBEBGBHA2AsA7AxAfAVAWAJAHAA
3141306001001,BlBfBcBgBaBUBSBoBHBIAzAjAeAaALAMAEAAAFBaBWBaBSBHBeBUBABCApAoAvAaAhALAAAHAFAA
3141405001001,BoBrB1B3BaBFA/A4A1AuAoAlAiAdAVANAHAFACBfBpByBzBQBBA3A5AwAzArAnAnAZAYAPAGAGAF
3141504001001,BVBdBqByBcBJBABCAuAtAsAmAnAXAXAMAOAIADBdBSBnBzBSBRBJA6A3A4AgA4AcArAUAPAIAEAG
3141603001001,BPBXBiBjBaBKBGBJBDA2A2AeAwAYAXARAPAFAABVBcBmBeBIBHBIBAA8A0AzAuAlAgAeARANAEAC
3141702001001,BVBfBiB6BrBLA7A9A6AxAvAkAUAhAiATAIADAABZBeBkBsBVBNBFBCA0A4AqAiAhAgASAPARAAAD
3141801001001,B7B8COCNBkA7A6AxAqAjAfAWAWAJAHAIACACAACRCKCVB6BVA5A1A6AuApAcAeAbARANAJAEABAB
3141900001001,BuBWBgB8BUBEBDBRBJAtAhAhAkAZALAKAJADAAA4B6BxBIBRBKBQBGAyBGAnBAAiANAbAVAMAFAA
3142007001001,BoB3B9B6BiBIA7A9A1AuAmAjAYAYAPAPAGACABBmB3B/BvBUBBA/A4AtAtAnAgAbAYARANAFADAD
3142106001001,BeBdBmBpBhBMBHBKBCA3AiAoAqAWAWARAHADAABXBiBnBlBXBHBIBCA7AtApAhAhAdAaAOAHAJAA
3142205001001,BXBqBiBfBYBJBKBFBEA7ArAjAfAeAWAIAKABAABVBbBlBbBTBMBJBABCA6AyAiAdAhAXAYAFAJAH
3142254001001,BvB4B9CPBPBBA5ApAsAtAWAfAXAiAiANAKACAAB2BzCMCIBLAwA3A+A9AlAwAhAfARAGAQAAACAC
3142304001001,BgBIBUBnBDBHBUBCBKA8A0AeAiAwATARAOAIADBMBYBkBdBUBBA7BuA6AtAtAiAmAiAuANAHAFAA
3142403001001,BRBTBpBhBkBZBWBQBCA4AzAkApAKAbAGAEABABBVBXBeBbBjBWBTBEA2A1AuAsAhAUAQAOADADAB
3142502001001,BoBICpBwBQBeA2BBA8AuAfApAWAUAmAFAHAIAABqCJBYBWBcBCBIAvAxAuA6AmAXAWATAUAAACAA
3142601001001,BlBdBkBkBaBPBNBYBLA/A0AnAbARAQAMAHAGAABHBbBWBxBJBPBEBQBLAzAjAeAfAdASAOAJAEAA
3142700001001,BsB5CCCIBYA9A9A5AyArAiAkAYAgASAFAEADADBmByB8B2BPA9A9A7AzArAqAgAcAYAbAFAKAHAA
3142809001001,BVBfBhBlBaBPBSBLBDA1AwAsAlAaAVAQALACACBSBXBaBZBWBPBRBKA/AyAiAuAlAcARANAIAEAD
3142908001001,BTBsB9B4BRA+BDBBA4AwAuAfAeASAUAOAGAFACBTBoB9B5BVBDBJBEA5AvAsAnAfAcAWAGAGAEAE
3143005001001,BaBaBmBfBeBWBNBQBJA6A0ApAmAeAWAOAGADAABWBZBYBYBSBGBNBHA5AvArAmAiAcAYAQAFADAC
3143104001001,BeBcBjBpBqBbBYBTBEA1AlAlAdARAKAFAFACABBaBbBcBgBeBWBUBRBBAyAmAhAZAUAQAIAHADAA
3143153001001,CUCICRB7A9BHA2A2AsAoArAlAbAQAPASADABAACEB2B/BpBRAvA8AoAwArAmAjAcAWALATAEAEAC
3143203001001,BVBbBkBmBXBMBMBLBEA5AtApAnAaAZANAIAFAABWBVBYBYBUBHBNBEBCA6ApArAcAoAUAQALAFAF
3143302001001,BkBlBtB3B0BZBQA+A7AtAlAXAPAPAHAFACAAABBlBiBpB7BwBcBTBLA9AuAmAZAUARAKAEACADAD
3143302001002,B+BzB1B0BnBTBPBDA4ApAgARANAHAJAEADABAAB2B1ByB1BqBdBRBKA2ApAfATAUANAEACADADAC
3143302001003,BcBVBjBwBsBTBJBEA8AvAkAjAUAOAJAHADABAABTBXBfCBB3BiBVBOBFA+AqAfAdALANAHACAGAB
3143302001004,BdBhBvB6BsBTBHBDA8AwAjAZAWALAHADADACAABiBhBwB8BxBbBSBLA/AyAlAbASAVAMADAAAEAD
3143302001005,BLBTBaBsBkBUBJBKA8AyArAgAdARANAGADAAABBJBMBdB7B2BfBXBPBLA/A0AcAeAZAWAHAGABAE
3143302001006,BdBpBuB5BpBPBIBFA6AvAjAaASAHAHAIAEAAAABlBfB2CBB0BVBTBGBAA2AkAZATAVAGAHACAEAB
3143302001007,BQBaBdBtBlBPBHBDA7AwAqAaASAVAQAFACAEAABUBQBgB6B1BeBXBNBFA/ArAoApARAUAGAIADAC
3143302001008,BfBoBwB3BqBRBLBCA8AvAnAQARAKAGAIACABABBhBiBwB6BuBdBTBPBBAzAgAeAYAQALAHAEACAA
3143302001009,B0ByB0BwBrBbBNBCA2AmAhAUATAMAGADACADAAB2BvByB1BvBYBRBBA1ArAhAYAVAMAGAIAEADAB
3143302001010,CAB+B7ByBjBRBPBHA6ArAgARALAHAHADABADAAB9B0B8BxBlBaBUBKA2AlAXASARAJAFACACACAA
3143302001011,A9BFBVBlBgBIBKBAA9AyAuAdAYAdAQAMAFAGADA7BJBWB9B0BaBWBUBMBAA5AnAxAaAdATAMAHAB
3143302001012,A4BGBYBpBhBDA9BBA7A2AzAqAhAPARAHAGAEABA4BCBZCHCBBZBPBTBOBEBFAnAkAeAZAPALAEAC
3143302001013,BmBwB5B5BdBIBEBAA1AwAuAvAwAYAPASAEACACBcBqB2BlBKA7A8A4AuArAxAnAhAWAPANAHAIAB
3143401001001,BVBXBgBlBiBPBWBPBKA6AnApAiASAUAJAEADABBLBaBdBnBbBWBXBQBDA1AiAjAcAXATAJAGAHAC
3143450001001,B2B7CDB6BWBHA/A3A1ApAuAUAaAVAKAOADAAACB+BxB/B1BOA6BCA7AzApAoAdAXAbAUAJAGABAC
3143500001001,BhBwBzBgBOBWBVBaBDAwAvAcAfAWAMANAGADAABfBcBhBaBLBQBTBNA5AzAiArAfAbAUAJABAEAB
3143609001001,BYBrB3BxB4BRBNBPA0AlAwAmASAaAiABAAAAAABrB4B7BhBEBHBKAzA6AnAgAgAjALAUADAUABAA
3143708001001,BPBqB5BhBPA0BABZA6AnAuAuApAXAdAGAIAJAABWBjBeBzBGBGA+A4A7A+ArAlAjApAhAUAQAGAF
3143807001001,BhBnBtBtBdBbBNBNA/AyAsArAZAgAOAEAJAFABBpBcBjBmBbBGBJBLA/AsAxAaANAXAUAIADABAA
3143906001001,BPBOBfBnBYBJBLBLBKBAAnAmAWAUATAIAFACABBLBKBbB0BlBLBbBUBRBAA5AbAgAbANAMAHAIAC
3143906001002,BkBgBlBmBdBNBNBGBEA0AmAgAcARAOAJAGACAABlBkBqBmBkBRBTBPBCAzAuAXAYATAUAGAIABAC
3143906001003,A3A/BTBfBMA8A/BIBIA9A5AfAfAqAZAPAGADAFA0BCBQBkBcBJBPBWBaBNA5AzAsAoAiAcAUAHAG
3143906001004,BUBUBcBjBaBKBPBIBDA4AhApAgATASAKAIACAABRBYBdBoBgBOBWBSBNA8AwAlAkAbAYAKAIACAB
3143906001005,BYBdBuBvBcBFBGBPBAA5AtAqAYAoAlANAIACAABVBeBpBhBSBABDA/A9AvAiArAcAgAWAMAIAHAF
3144003001001,BhBfBrB1BdBRBGBCA1AyApAlAfAaATAKAFAFACBfBcBnB5BZBLBEA9A5AyAmAuAeAcAPAPAGACAE
3144102001001,BTBVBgBjBcBOBHBRBNAwA3AeAkAYAYASAIACABBUBUBdBcBVBMBNBMBFBAAuAiAfAgANAVAKAFAA
3144201001001,BfCECWBcBSA4BMAqA2AaAuAiA0AlATAVAGAAAABuBbBXB1BLBGAzBGAoA9AnAuAsAUAUARAMAEAD
3144300001001,BYBfBvB0BcBHBHA/A4AtAmAmAfAcAQAMAFAFACBYBdBpBvBbBJBKBDA/A1AtAqAkAXAUALALAGAE
3144359001001,BqByB4BwBeBDBABGA0A2AnAVAcATAPAJAJAFAABmB2BzBoBUBPBGBCA0AqApAhAfAWAQAKAMACAC
3144375001001,BeCBB1B9BiBSBSBNA3A3AoAdAgAWAMAEAQAAAABoBtB4BjBNBIBLBFAqAhArAXAfAPACAIAEAEAA
3144409001001,BIBKBjBRBIBTBRBeBaBCAtA3AcAkAjAYAEAFAABMBIBTBbBSBBBLBRA3A/AmAuAqAjAVAPAKAFAD
3144508001001,BfBiBlBdBsBFBJBLBDA8AyAcAlAXAMAMAIACABBiBZBRBmBMBdBNBIA+AqAtAnAiAhATALAIABAF
3144607001001,BYBYBkBsBgBJBHBDBGA+AkAwAZAcAMAKAIAIACBaBaBmBoBcBLBFBJBDA4AsAhAdAbAUAUAGADAB
3144656001001,BsB3B1CIBpBJA8BCAvArAiAhAeAaAOALAIACABBjBxBrB6BUBBA+A3AsAvAlAlAUAbAaAKAEACAD
3144672001001,BwBpB5B2BxBUBQBGA5AwAnAYAZAWAHAPACAAACB7BtBtBtBhBSBFBAAsAnAaAmAUAKAPADABAAAA
3144706001001,BTBeBxBnBiBIBJBMBBAvAgAkAPAcAQAHACAEABBXBgBuBuBjBNBNBNBEAzAvAfAaAdAUAWACAEAB
3144805001001,BSBWBfBnBoBSBPBPBHA4AuAeAbAMALAGAEADACBTBUBZBlBnBWBRBTBIA7AwAjAaAaARAOAIAEAD
3144904001001,BkBuB6B7BbA6BLA8AuAlApAmAqAqAMAKAFAKAABjBhBwBoBJBBA8A/A7AyAwAvAVAcAaAJAHAMAA
3145000001001,BpBhBkBhBdBeBXBWBEAzAqAjAdASAQAEAFABAABcBhBlBfBZBZBVBJBDAsAlAdAgAMAPALADADAB
3145059001001,ByB4CJB7BuBTBHBGAxAjAgAfAbAKAHABAEAFACBzBwByByBhBWBCA6AsAnAjAeAWAKAMADAGABAB
3145109001001,BfBeBjBnBiBYBRBLBHA7AtAgAdAXAQAOAGAFAABZBbBgBqBWBLBNBLA7AzAkAeAZAZAWAOAHAFAB
3145208001001,BnBfBiB4B/BnBXBMA6AvApASAVAKAHAFADAAAABjBdBfByB2BiBTBLA9ArAeAYASALAJAFACACAB
3145307001001,B8B9CICCBZA+A6A2ArApAgAdAXAVAPAHAHABACB2B9CCB4BNA6A0A3AwAtAlAgAfAaAQAOAJAGAD
3145356001001,BsB0B4ByBZA7A+AzAyAqAlAtAjAdASASAKAGABBsBvCFCBBSA2ApAwApA3AoAnAhAcAUATAIABAB
3145372001001,BkByB8CBBSA/A2A1AyAyAqAmApAaATADAMAHADBiBzB+BoBKAvBKA3ApA7AeAyAhAhAXASAGACAC
3145406001001,BUBeBqBoBeBXBYBMBUA2BGAjA1AYAXAIAEAAAFBXBMBQBMBOBGBQBJAmBAATAsAhAlAcAQAAAFAE
3145455001001,CGBpCPCHBuAzBDBHAzA4ArAVAbAWAJADAFADAABfCCCHByBFBFA9A4AxAgAmAXAkAFAPAQACAAAA
3145505001001,BjBTBUB1BBBVBYBHBKBDAtAgAbAuAlAQAQAAAABdBVBKBlB0A8AvBFBCAxAoAuAiAXAYAJAPAAAA
3145604001001,BYBcBaBkBfBRBLBKBDA3AnAlAhAXATAJAHADABBSBUBdBgBbBRBSBOBHA4AwAkAgAbAbARAHAGAB
3145703001001,B8A6BdBkBGBaBJBTBDAvArAvBAAXAMAHADAKAAAtB3BaBoBEBUBMBBA+BSAcA4ANAZAPAWAVANAA
3145802001001,BoBgBYBrCABjBIA/A6AoA0AgAlAoAUAQAKAAAABbBRBOBlBwA1BLA5A3AsAwAZAvAiARASAAAAAA
3145851001001,BnBoBvBzBgA+A8A+BAAzAaAjAdAkAVAQAJACAABpBbBgB1BYBDBNA/A4AwAoAtAhAXAeAPAGAAAA
3145877001001,CJBoBuBrBvBbBFBHA1AwAeAbAaAUAOAPACABAABaByBsBrBTBUBBA3A0AtAjAmAUAZAUAKAGAFAD
3145901001001,BZBpB3B1BaBBBCBRBXBCAhAhANALAJAIADABAABVBjB0ByBeBGBSBcBUA5AnARAUARAKAEACACAB
3146008001001,BRBVBaBhBbBSBQBKBIA5AuArAlAVAZALAGACADBRBPBZBeBWBOBMBOA9A6A1AlAgAjAYAQALAFAB
3146107001005,BZBcBeBnBlBQBMBKBDA0AnAhAVAVAMAGAEADAABVBXBZBlBiBTBZBVBGA8AxAiAiAXAUAKALACAD
3146107001099,BXB4BuBnBjBRBKBJA/A0ArAeAWARARAIAFABAABrBOBrBmBbBOBKBGA/AwAtAbAfAfAPASAEAGAB
3146206001001,B3B0CBCHBNA9A/ApAxAmAWArAYAcAUALAPAEAGBdBuCDBqBlA8AtA/AwArAoAtAnAXAUATAHACAC
3146255001001,B/CLCKCDBVAyAxAzA5AwAhASAZAIAHAPAJAAAAB1CQCmB2BCBGAyA2AmAtAhAdAVAXAOAMADAGAA
3146305001001,B3B8B/B8BWBCA3A5AsApArAdAfAVAVAKAFADABBvBmB5B1BRA6A5A6AzAvAnAmAZAkAWANAHACAG
3146404001001,BOBXBeBiBQBPBVBSBKA8A1AwAjAbAUAHAFAFAABJBcBWBaBKBOBQBKA+AwAuAtAzAVAUAUAOAIAA
3146503001001,BTBYBdBdBaBOBMBkBKA5A4AhAjAUATAIAGABAABNBTBbBZBRBPBVBJBCA7AsAkAlAhAWAWAJAEAD
3146552001001,BnCCCDCNBhBIBCA4A0AqAmAlAdALAMALAAACAAB0B8CABzBLBAA5A5AvA8AUAdAiATASAFADAAAB
3146602001001,BFBGBRBmBlA/BRBhBTBAAnApAeAdAtAKAOALAABFBsA+BlBPBVA6BJBBAsAyAlAqAfAhATAPAAAA
3146701001001,BKBNBlBqBNBBBDBLBDA9A+AmAgAqAVAWAJAEACBLBJBfBmBABNA+BQA9A3A+AqAnAhAcAaALAKAC
3146750001001,BKCKCQCMBiBHA4AqAvAvAnArAYAXASAEADACAABUCAB/CJBjAqA3A6A8AwAlAYAZAgAWAEACADAB
3146909001001,B0BxBmBjBiBcBbBOA5AwAlAVAZAPAQAHACACACBxBtBoBaBbBWBPBNA1AnAdAZAZASAMAMAGADAG
3147006001001,BwBzB3BuBfBRBMBLA6AxAhAbAUAPALAHAGACABBtBwBtBrBfBWBLBIA4AqAfAaAYAPAKAKAFACAD
3147105001001,BcBhBgBiBeBSBQBQBGA1ApAcAZATAMAIAGABAABYBdBhBjBgBUBUBRBGA3AsAiAcAXATAMAHAEAC
3147204001001,BUBcBoBkBbBLBHBRBFA2A2AfAfAeAVAOAEADAABQBcBnBbBOBNBOBLA8A3AwAmAhAWAbANANAGAB
3147303001001,BYBZBcBiBZBUBTBLBEAxArArAcAiAJAQAPABABBWBWBfBeBTBQBOBNA/AxArAqAeAlAUANAHAIAD
3147402001001,BiBtBoBrBeBKBbBPA8AtAdAlAYAQAKAIADABAABhBnBsBlBaBVBWBNA+AxAqAdAUAWAQAHAIAEAC
3147501001001,AtBqB0BlBxAwA0BEAyAxBDAUA2AmAMASAUANAHBjBaBgBpBYBEAkApA2A5AyAyAfAcAqAaAaAFAJ
3147600001001,BVBeBhBmBdBSBQBJBDA6AwAgATAeARANALACAABWBYBZBgBZBOBNBLBHA8AqAmAeAdAaANAGADAA
3147709001001,BJBPBhBZBPBVBSBSBGAwA/AqAnAdAUAMAMAFAABOBQBlBOBOBOBSBFA+A5AxAxAlAkAgAMAJADAC
3147808001001,BNBWBeBmBeBcBrBEBGA0AlA1AmAqAKAFARAAAGBPBjBmBTBRAzBHBZAxBKAYA6AgARAZAIAFAAAA
3147907001001,BBBOBTBZBYBGBHBEBDA7A6AlAgAnAOAYAHAHACA9BJBPBbBVBHBNBQBLBHA7AxAlAqAjAYAPAPAD
3147907001002,BeBmBkBgBWBQBZBVBGA8AsAsAfAaASAHACACAABeBjBjBYBGBTBQBKA8AvAxAbAXAVAXAJANADAD
3147907001003,BkBiBmBaBYBaBSBNBFA2AxAYAgAPAJAOABAAAABdBeBkBlBeBWBbBLBCA0AqAhAYAXAJAOAEAEAA
3147907001004,BjBeBfBhBbBSBRBTBEA8AtAiARAWARAHABADAABXBgBUBeBbBaBZBVBJA8ApAhAeASATADAEAEAA
3147907001005,BfBlBoBsBcBYBXBJBEA2ArAbAXANARAGAEACAABiBjBmBkBgBTBXBNBEAyAsAYAbAUAKAIABACAB
3147907001006,BLBNBXBjBgBIBHBGBHA8BEAaAjAgARAHAEAHAABDBJBUBfBcBNBOBMBTBJBIAjAmAXAYAQANAEAF
3147956001001,B2CJCcCBBGBBBPA+AuAnAhAqAdAWASACADADAABnB/B1B3BaA8AsAwAmAuAkAiAVAZAPALAFADAE
3148004001001,BVBeBeBlBcBTBUBOBFA3AsAdAYASAMAJAFADABBQBYBdBlBdBbBYBUBKA5AsAjAfAYARALAHAEAC
3148004001002,BSBbBdBeBNBZBWBXBGBEBQApAaAiAcAJAEAFAABFBYBgBiBGBNBKBFA/A2ArAlAnAbAIAOAHABAC
3148103001001,BcBfBoBkBuBEBRBKBEA7AoAhAYAWAOAEAGAGAABbBZBiBqBYBKBQBKBFA6AuAeAnAZAOAMAEAAAB
3148103001002,BjBiBnBjBlBYBXBYBGAuAfAbAYAQAMAFADABAABdBbBrBoBgBRBdBVBCAvAjAeAdANAOALABAAAF
3148103001003,BoBtBpBjBaBUBPBPA6AxAqAYAZAOAOAJAFABABBcBgBkBkBdBUBVBSBAA2AmAgAdAWAVAKAFACAC
3148103001004,BqBoBaBjBdBpBmBTA/AyA1AfAlAbANAHAEADAAB0BIBjBOBLBYBYBPAzAoAlAmAVAXAKAKAEAAAB
3148202001001,BQBWBkBkBWBABDBGBDA5AxAvAhAiAgAVAEAKAABRBDBWBjBXBDBKBGA/AwAuA6AiAkAbAUAKAJAJ
3148301001001,BkBeBuB7BYBIBXBLA+AwAnAdAdAZAPASANADABBdBlBnBgBUBBBIBEA0AsAmAfAlAjAaAKANADAA
3148400001001,BzBsB8BzBXA/AyA3AsAuAmAiAZAYAOAMAOAAAABfB2CCBsBCA4A9A7AvAoAuAgApAzAeASAWAFAH
3148509001001,BcB1B4B9BcBDAzA1AuAxApApAgAhAWAEALAFAGBgBjB9BwBUA9AyA7A4AuAoAtAnAbAPATAPACAC
3148608001001,BoB1B8B7BXA+A8A4AtApAkAgAcAiASAEAJAFACBqB3B5ByBRA+A9A8AvAtAaAxAhAiAUANALAKAB
3148707001001,BqBwCDB2BVBGA/A+AyAoAnAdAbAUAMAOAFADABBpByB5B1BXBFBEBAAzAtAvAdAgAWARALAGAGAC
3148756001001,BqB6CYCXBZBLA5A0BAAuAfAXAVAXAKADAAACAABqCTCIB+BmA+AsA6A4AnAgAMARARAJADAIAAAA
3148806001001,BQBaBvBqBKBPA/BEBHA4AvAuAjArAQARANACADBRBmBgBlBbA9BAA4AuA3AtAwArAeAUAXAJAHAF
3148905001001,BHBZBSBWBaBQBlBTA+A+AxA3AoApAUAWAIABAABIBKBaBZBSBJBMBGBIA3AvAyAhAiAVAPAEAAAA
3149002001001,BpBlBqByBXBYBSBGA4A5BDAiAhALALANAGAAAABkBsBbBYBqBLA6A5A4A1AdANAgAkAMAPAQAIAG
3149101001001,BnBkBlBnBYBNBTBSBBA2A2AaAhAWAXAGAFAEACBpBiBhBbBLBNBMBHA4AxAtAfAdAbAQANAKACAC
3149150001001,B3CNCUCIBXA/A7BAAuAsAbAkAWAXANAIAEAAAEBuB9CJBwBRA3A+AzAyAhAeAdAaASASAJACADAC
3149200001001,BgBTBWBWBiBJBeBQA8BDBCAYApAiAWAJAKAAAABKBZBXBaBbBaBIBQA7AzAxAjAbAfAXAMABAHAD
3149309001001,BbBdBkBmBfBQBOBMBGA4ArAaAZAQANAKAFABABBYBaBfBpBgBQBWBVBLA3ApAfAeAVAPAMAGAFAC
3149408001001,BaBUBpA/BiBSBZBgBEBCAkAuAtAiAAAfASAAALBOBbBJCFBaBlBIA+A/ApAgAsAkAIAAAAAAAOAA
3149507001001,BCB5BbBwBZBGBUBFBKA0AvAbAkAOAVAEASAGAABeBEBpBbBSBBBJBIA4BDAqArAgAtAZARAHAPAA
3149606001001,BbBjByBDBPBXBpBHBLA0AiAaAeAhAdAUADAAAABgBaBPBJBnBqBHBPAtAlAiAhApAlAaAQANAGAA
3149705001001,BZBVBbBjBdBbBbBQBAAzAvAgAwAPAWAIARACAABXBSBYBgBXBYBPBNA7AuAnAwAdAaASAOAKACAC
3149804001001,BgBfBhBkBhBfBbBVBHBCAtAmAfAXAJAKAEABABBdBiBgBdBdBRBRBHA+AqAqAZAdAKANAHAFACAB
3149903001001,BWBVBeBeBdBKBLBMBJA7AxAiAaAkAOAKAGABADBWBZBYBjBWBLBTBKBGA9AsAoAgAZAWAXAIAFAE
3149952001001,B6BpBkB2BgA/BBA5A0ArAcAbAaArANAKAGACAFByBzB8ByBaBHBEBEAtAuAkAgAaAdAMAQAGABAE
3150000001001,CNBkCBBxBLA9A8BEAfAwAxAoAfAcAVALADAEADBHB6CNBrBTBHBAAtAvA2AXAaAsAfAZALAKAFAE
3150109001001,BGBlBkBkBeBaBLBcA+A8A2AqA/AaAPATAIAEAEBCBMBOBWBMA8BPBEBDAyAlA3AmAVAZAYAEAEAE
3150158001001,B2CMByBjBtBMBMBJA4AvAUAfAYAWAQAOACAAAABsBXBwBrBZBLBNA5AzAoAgAlAfAYALAHAHAFAF
3150208001001,ByBqCABsBVBHBBBAA0AoAnAaAZAZARAKAHADAFBTBxBxBoBWBJBIBFAvA9AbArAjAbAMASAMANAE
3150307001001,BGBcBiBdBeBIBcBCBIA2ApBIAcAnARANAQAAACBBBbBlBTBPA3A7BfA/BKAhAlAZAwAcAUAIAEAA
3150406001001,BQBhBbBqBbBSBOBPBFAzA0AvAvAYAaARAEAHAABPBOBOBTBaBSBFA/AzA5A9AkAwAYAaASAGAGAA
3150505001001,BUBdBdBZBkBdBWBaBKA+AwAdAeAWASALAEAEAABQBfBWBbBXBPBWBTBBAyAlAiAZAZANALAGAMAE
3150539001001,BXBmB9CUBaA+A/A+A+AzAzAiAfAOAZAMAEABACBhBaBsBuBbBMBABGA8A2AnAiAhAYAJADACAKAA
3150570001001,BxCJCVCbBeA3AtA9AwAjApAfAdAcAQALAEABAAB3B8CAB/BCA1AxAsAuAnAjApATASAVAHAIAAAD
3150604001001,BSBoBQBbBTBMBNBTA5A8AtArAkAsAdAVABAEAEBQBQBqBhBKBEBPBJBAAsAuAuAZAlAfAOANAEAC
3150703001001,BnBdBdBaBQBYBEBQA5BBApA0AlAYAUANAPACAAA6BXBYBdBIBTBNA+BKAyBMANAnAlAXAeAJAEAD
3150802001001,BnCCCGB0BUBIBCA7A6ApAfAkAbAbAVALAIABACBsBZB1BlBTA9A+A6AwAuAnApAZAnAaAPAGAJAC
3150901001001,BaBUBaBpBhBfBRBNBDA4AkA0AcAbAhAWAGAAACBUBeBiBVBZA9BABKA9A1AoAmAgAfAdALAHACAA
3151008001001,BmBnBbBhBbBLBOBUBCA1AuAiAfAaAQAPAIAFACBdBjBhBfBVBQBKBGA7AuAuAhAnAaASAFAEAJAB
3151107001001,BVBZBaBiBgBSBNBQBIA/AuAfAfAVATAQAEAEACBYBcBcBZBWBPBMBLBIA5ApAnAeAeAcALAHADAB
3151206001001,BlBtB3B4BeBGBGBEA8AtAlAZAXAKAMAHAEADABBgBoB2B5BgBPBMBJBAAzAhAeAVAWARAKAHAEAB
3151305001001,BJBXBbBoBbBKBOBTBHA6AsAlAmAgAaAOAFACACBSBPBjBlBRBIBOBPA+AzAxAgAhAjAXAMAOAFAB
3151404001001,BfBnBkBfBdBTBOBLA8AyAnAhAgATAOALAEAFABBZBhBbBiBZBUBSBOBCA1ApAiAdAYATARAOAFAD
3151503001001,BRBWBdBeBbBNBNBTBIA8AuAlAfAaAVANAGAAAABPBSBaBiBZBQBNBQBKA8ApAqAiAbAZARAFAGAC
3151602001001,BbBfBrBsBhBcBSBOBNA2AtAiAgARAPAHAHAGABBLBQBqBhBiBHBQBNA8A6AvAhAbAbAJADAGABAB
3151701001001,BPBQBdBYBNBLBTBaBKBCAwAjAjAUARATAMADABBLBMBbBaBUBNBRBcBEA/ArAvAbAgAcAQAFAHAB
3151701001002,BUBNBWBhBTBfBwBTBLBJBLAhAdApATAaADACAABJBFBTBHBDBYBRBPA5A+AsAnAcAWAWAOACAFAB
3151800001001,A8BLBTBaBXBOBGBDBAA+A5AnAmAfAcAMAGAEAABDBBBNBgBhBPBQBLBPBFBBAsAqAnAhAWANAGAD
3151800001002,BWBVBnBuBeBQBQBNBEBBA0AhAiATALAGACABABBSBbBiBjBZBOBOBRBNBBApAgAbAOATAJAIAEAA
3151800001003,BEBDBMBhBZBPBDBDBCA+A2AtAtAXAUASAIAGABA/A+BLBZBdBNBNBMBPBOBHAsAvAnAZAYAMAIAE
3151800001004,BQBXBbBjBjBWBMBLBKBBAsAmAYAZAPALAAAAAABTBQBSBhBcBhBSBPBMBCAwAnAbAZATAFAGAGAC
3151800001005,A8A/BKBbBbBFBEBEBIBDA7AhAdAeAVAPAKAEABBDA5BKBkBkBMBMBRBUBNBLAmAwAjAkAcAPAFAD
3151800001006,BlBmBoBiBaBVBSBQBBA1AuAaAYAPAMAHADABABBjBiBeBcBaBWBZBRBCA/ArAfAWAVARAFAEADAA
3151800001007,BiBYBTBgBhBZBTBMBKA7A2AfAgAPAMALAFABAABVBYBZBeBhBeBRBSBJA+AoAkAdAPAKAPAGACAA
3151909001001,BOBZBtBzBaA6BIBABAA2ApAtAuAgAYAPAGAFADBJBbBgBzBGBCA8BBA3A7AtAyAjAlAdAVANAGAD
3152006001001,BpBvBtBmBaBNBTBKA/AuAmAiAeAXAQAEAEABAABlBoBqBiBXBPBPBNA9AuAfAlAcASANAPAGADAC
3152105001001,BSBbBfBnBaBIBKBLBBA3AmAkAZAVAPALAIADABBRBWBcBnBdBQBRBUBIA+AwAlAiAbAXATAKAEAD
3152131001001,BoBvB3CPB7AwBHBAA3AxA2AaAeARALAHABAEAABpCBCEB8BGBKA1AsAyAqAeAeAcAJASAKAMAAAC
3152170001001,B7B3B8B2BOBCA8A4ArApAmAoAnAbAOAOAFAFABB9ByB9BnBSA8A7AvArAsAnAqAhAaAPANAKAFAD
3152204001005,BYBoBxB4BhBMBJBDAwAxArAaASAVAUAJAFABACBkBgBoCCBvBIBNBBA4AyAoAhAaARASAHAIAGAD
3152204001099,BiBxB3CNBnA+BEA9A7AtAyAbAfAOAQAGAHADAABVBqB7CEBXA8A8BBAyAxAvAkAdAMANASAEAAAC
3152303001001,BUBVBgB7BnBOBKBFBLAtAsAkAjAfASAOAHACAABSBUBlBzBVBGBBBHA/AzAgAlAjAhAVAZAGACAB
3152402001001,BnByB5CDBRA7A5A4AxAoAeAhAbAfAYAOAHAFACBkBuB6BtBWBABAAwAyAtAmAsAoAeAeAPAKACAE
3152501001001,BsBoBnBlBoBVBRBMBCAyAoAaAUASAKAIABAAACBqBoBiBkBdBUBPBQBDAzAiAeAYATAPAFAEACAC
3152501001002,BcBhBjBlBYBRBVBSBOA7AtAeAaAOAHAGADADAABeBXBbBlBaBZBdBZBOA7ApAcAaALAOAFADAEAB
3152501001003,BLBMBSBgBZBTBPBQBKA9A8AYAaAWARAMAFABAABHBIBWBjBcBXBaBbBSBHBAAbAcAiAPAOALACAB
3152501001004,A7BKBUBjBXBKBGBLBKBCAzAjAfAaAVAPAFADAABABFBPBeBcBOBRBZBVBMA6AqAiAiAaAYAJALAD
3152501001005,BsBkBeBaBXBYBiBhBKA4AnAlAcAUARAIAFABAABhBpBaBUBTBeBWBJA5AvAfAjAYASAPAMADABAA
3152600001001,BMBeBdBUBSBOBXBbA+BJA1AdApAaATAPAFAEACBSBbBSBaBPBHBIBFBUA6AxAnAqAeAQASAOABAB
3152709001001,BRBbBSBnBdBSBcBWBHBGAuAcAfAiAJAKABADAABYBMBaBVBYBTBYBOA5A/AuAnAkAXAVASAIABAA
3152808001001,BhBcBhBlBTBgBXBNBAA1AsAnAcAaAPAMAHACACBLBeBdBiBlBPBQBKA/A2AhAnAbATATAOAHAEAD
3152907001001,BVBXBdBYBYBKBHBRBNBFAqAyAmAeAZAQAHABAEBGBTBQBOBKBGBNBGBIA8AzAxArAlAZAUALADAB
3153004001001,BdBHBZBfBFBZBEBeBBBAA/A6AtAYAMAOACAAAABcBXBQBgBzA0BJBNBCAvA4AnAsARAXAMACAJAA
3153103001001,BbBhBlBzBTBGBHBLA1A0ArAnAnAfAbAQAMADAABkBmBlBZBOA2A7A8A7AqAwAuAgAvAZAPANAHAB
3153202001001,BWBtCLB8BaBHBJAyA5AqAvAfArAXALAVAFACAABfBdCGB4BFBEBHA7AsAoAtA3AXAYAJAIAOADAD
3153301001001,BwBsB2CCBrBAA+A6AzAzAbAkAeAVAaALAEAAAABeBuBtB2BXA8BCAtA3AtAeAtAZAjAdAOAAAMAF
3153400001001,BcBeBnBpBgBXBXBNA7A0AwAoAhAVANAMAFACAABeBcBmBgBVBUBHBAA/A0AmAmAeAbAPAHAGAFAD
3153509001001,BjBdBoBkBcBKBKBPBCA+AtAWAdAbAOAVAJAAAEBWBdBrBiBZBKBPBIBBAxAdAlAaAfAaANAFADAD
3153608001001,BpBrB2BjBeBKBKBLBDArAjAhAXAVAJALAIAAAABWBwBzBoBbBPBMBWA+AuAeAiAdATAPAKAIABAB
3153707001001,BPBrBWBaBLBAA6BTA/A8A4AeAnAmAWAQAKAGAGBnBeBeBLBPBaBOBFArAyAvAoApAxAdAGAQAJAC
3153806001001,BWBKBQBKBcBJBuBqA9BAA0AlAtASAeALANADAABDBZBLBMBfBbA3BJA9A6AwA6AzAZASAYAAAHAA
3153905001001,BaBlBjBuBpBXBEBKBGA0AnAfATALAMAEAFAAAABVBfBjBtBtBQBVBOBDA2ArAdAZAWAUANAJABAA
3154002001001,BQBVBiBpBYBJBLBJA3A2ArAiAnAeAaAUAKAFACBSBTBjBnBRBHBIBFBCA1AoAuAoAkAfAPAKAIAB
3154101001001,BFBOBfBjBRBBA8BGBBA6A1AtAlAnAeAVAGACACBHBUBjBgBLA/A9BNBFA+A4AzAoAqAiAVAKAKAE
3154150001001,BuBqByB4BmBLBJBEA3AzAbAnAcAcAbAQAHACAABdB2BfBlBcBDA7BLBBAuAiAYAUAZAVAHAHADAD
3154200001001,BRBXBhBiBNBLBNBPBPA0AkAmAeAqAUARAGACAABUBbBcBaBTBOBPBOBAA5AqAwAqAUAbAQAKAEAD
3154309001001,BVBZBiBkBYBJBEBEA5AzApAmApAdAVAJAPAHABBSBUBZBmBZBQBFBHA5A6A5AxApAbAeANAHAGAH
3154408001001,BbBZA5B0BOBgBZBBA5AhBGAqAcATATATABACAABhByB1BEBcBHBLBRA7BEAlAiAlAcAZALAGAHAA
3154457001001,BpCCB/CUBfBEBDA7A8AvAeAhAbAZAMAMAAABACBtB1B7ByBLBGA4A7AyApAoAdAXASANAKACADAA
3154507001001,BmCBCFCCBcBBBIA0A3AqAkAiAYAMASAHAHACACB3B7B9B4BVA7A2A/AvAtApAaAhAQAQAEAIACAD
3154606001001,B3BnBrB1B7BdBSBIA+A0AhAXASAJAFACADAAAABxBsBqBpBmBTBNBOBAAxAiARAOAKAGAJABABAB
3154606001002,CGB+BxBnBYBYBcBPA+AqAcAQAPAKAFABACABAAB7B+ByBkBaBbBfBOA7AmAdAPAOAJAEAFACACAA
3154606001003,BkBgBoBzBrBVBLBDBCA2AlAZARAOAIAMABAAAABjBkBkBrBuBWBSBLBFA7AlAdAUAQALAIAFAFAB
3154606001004,B1BtB0BwBtBTBRBKBJAyAkAVAPAMAFAEACACAABvBnBrByBgBOBPBOBBAvAjATARALAIAHACABAB
3154606002001,BpBmBkBxBwBeBQA+A9AxAkAYAbAKAEAIADAAAABnBeBmBrBoBgBQBKBAA0AkAfAYALAMAKADACAD
3154606002002,BtBeBYBuB9BkBKA4A1A2AjAlARASAEABACABABBnBdBcB2B/BhBIBABAA5AqAcAQAQALAKABABAF
3154606002003,B5BvBnBwBqBiBTBDA+AwAdAaAQACAFAIAAABACBuBlBnBpBxBfBUBKA7AwAgAaARAOAJACABAEAB
3154606002004,ByBoBqBsB0BcBQBFA9AuAjAYARAEAIABAEABAABuBiBnBtBwBgBSBQA7A0AoAVAOAOAHAFADAEAC
3154606002005,BsBoBmBxBvBhBQBEA/AzApATAMAPAIADACABAABrBhBmByBuBYBSBIBFAyAgAWARARANADADABAB
3154606002006,B6BsBlBvBuBhBNBFA6A2AhAXAVADAHACABAAAAByBnBqBpByBeBRBHBAA2AkAQAOANAGAHADACAA
3154705001001,BBBNBZBwBOA+A6BGBYBBA8ATAhAnAYAQAFAGACBIBNBWBhBUBCA+BbBRBEAfAzApAuAYATAPATAC
3154804001001,BlBiB1BVBqBRBPBNA8A1AjAdAZASAOAEAFACACBgBWBgB9BfBSBNBEA8AvArAhAbAdAWAIALACAC
3154903001001,BbBjBrBrBgBDA8BEA8AwApAeAgAdANAOAJADADBWBeBrBvBdBEBDBGBBA5AtAkAkAXAeASAHAEAD
3155009001001,BcBnBoBVBCA7BLBMA7AvAfAfAfAqAnARAbAAAABSBWBjBhBFA/BLBXBBAuA4AvAgAnAbATAGAPAG
3155108001001,BiB1CGB5BaBCBJA3A6AvAiAnAfAfAbAHACACAABbBvB5BsBDBDA5A7A1AsAZAzAeAhAPAVAGAHAE
3155207001001,BeBkBnBjBSBKBKBOA0AnAqAyApAiAVAQAMAEABBUBgBrBWBRBEBJA8AyAxAqA0AmAiAgASAGAEAD
3155306001001,BaBVBmBiBeBUBRBUBAA7A4AvAjAdAVAOAIAAAABPBMBfBnBXBKBFA6A4A0AoAuAcAiAYAWADADAC
3155405001001,BVBbBhBeBYBPBIBTBFA2ArAxAVAdAeAQAJAEABBSBaBXBVBCBIBRBQBBAyAqAwAtAiAfAOAHAHAA
3155504001001,BTBhBcBqByBgBbBRBIA5AjAjAbAYAQAEAFAEAABSBXBYBhBWBaBXBMA6AuAqAoAgARANAIAEAEAC
3155603001001,CEB4CCB/BaBIBAA8AyAnAfAfAaAUAIAJACABAAB5B4B9B1BYBBA+A3AuApAjAgAUARATALAFADAB
3155702001001,BPBkBhBqBcBOBMBKBCAxAqAkAcAZARAJAFADACBZBbBbBlBeBNBRBOBDA0AqAqAhAcARATAHAHAC
3155801001001,BPBeBcBjBMBNBJBJBDA3AtAmAoAbAfAQAHAEABBMBXBkBeBMBIBMBJBBA5AxAnAlAjAgAMASAGAC
3155900001001,BUBaBbBlBVBQBWBOBCA2AyAsAmAgAhAMACAAAEBTBIBRBcBYBMBKBHBAA0AzAnAhAfAOAWASAEAG
3156007001001,B3B6CKB4BTA5A6A3AtAqAkAcApAXAQAOAIABAAB3B4CCBsBFA+A1A6AuAsAqAfAjAbAVAOAKAEAA
3156106001001,BPBiBXBXBbBOBOBLBGA8AsAuAkAgAUARAFABABBQBfBSBSBTBIBTBGBEA+A6AoAiAeAeAGALAIAA
3156205001001,BcBkBsBPBPBmBSBHBPA6ArAlARATAiAPACAAAABjBdBeBaA6BuBABCA8A0APAwBBAPAXANAPAAAC
3156304001001,BgBXBNBzBdBeBhBHA9A7A4AaAbAbAOAMAIABADBTBaBcBhBWBeBABjA9AoAsAdAZAeARAIAKADAC
3156403001001,BwBgB0BxBXBeBkBDBDAxAuAkAXAPAfADAGAEAABRBqBEBVBeBDBKBcA6A6AbAoAqARAUAFABAAAA
3156452001001,BYB1B3B0B2BBBcBHArA6AbAvAeAUAWAGALAAAABVBpBnBvBQBQA3BABAAvAoAbAmARANANAEACAC
3156502001001,BhBuB/CCBZBDBBA9AzAwAoApAqATAQAIAGAEACBbBtB0B5BQA6A8A4A1A2AvAgAgATAUALAKAGAE
3156601001001,BRBuB6BuBVBJBCBBAwAxAnAsArAbASATAGAEAEBTBuBzBiBKA7BIA6A4AuAnAxAkAeAXAQAMAIAB
3156700501001,BeBfBjBsBkBQBNBPBBAzArAXAVARAKAJAFADAABhBaBcBpBlBQBOBSBJA6ArAcAZAbARANAIADAC
3156700502001,BoBmBhBoBqBbBRBJA6ArAnAWAVAPAKAEABABABBlBlBkBpBrBcBVBPBBAyAsAbAZASANAGAGACAC
3156809001001,BpBvB0BuBTBFA+BDA5AqA1AXArASAMAOAKACABBkBuBvBrBQBHA9A8A3AqAiApAdAgAZAUALAKAC
3156908001001,BUBbBdBmBeBUBNBPBCA7AoAtAeAXAUAIAKAEACBPBbBgBgBXBOBKBNBAA1ArAnAeAhARAOALAEAC
3157005001001,BbBiBvB1BfBKBFA9A1AxAnAnAhAWARALAGAFABBaBgBtB5BbBLBDA+A6AzAvAfAgAaAYANAHAHAB
3157104001001,BbB3CCB9BdBGA/BDA9AoAlAeAaAdASAKANAAAFBaBvB9BtBMA+BAA6AxAvAnAaAhAeASAOAOAFAC
3157203001001,BfBqBvBqBgBJBKBMA8AzAlAcASAQARAHAFACABBcBqBuBpBlBPBMBSBBAxAbAnAbAcARAGAIADAA
3157252001001,BkBpBxCIBWBUBeBFA1AxAqAgAcAUAXAOACAFAFBtBdBeBXBfBNBMAxA3AuAjAgAdAZAZAGAIABAA
3157278001001,BQBoBiA1BmBfBWBZBBA3AlArBIAWAZAKAHAEAABZBkBTA/A9BaBHA7A4ApA1BHAsAVASAUAGAHAA
3157302001001,BMBmBhBYBzBTBOBUA7A3AyArAhAeAPAJALAGAABcBcBkBkBJBLBCBGA6A8ArAhAfAWAdAPAGAAAA
3157336001001,BTBqBmBpBeBXBVBLBMAvAqAaAVAUAPAHAEACAABeBfBdBjBaBZBWBXBAA2AmAjAdAQAOAJAHAEAB
3157377001001,BtCIB2B5BIAyA5BDA3AyAmAgAuAXASAJAEACACBwBnB9BsBGBCA5AnA0BEAfAnAhAfASAHAQAEAM
3157401001001,BXBjBpB4BdBHA5A+AzA0AkAqArAiAeAUAFADAABRBbBqBkBGA7BGA7A6AsA2AlAqAnAiAYARACAD
3157500001001,B1B5BsCIBhBKA5AzAwAfA4APAdATAVAKACACACBeB/CEB6BOA/A6AxAyAsAmAgAtAfAOALAEAGAG
3157609001001,B8CCB4CGBXBFBGBAAzA5AeAjAlASAeAMACAAAABwB3B8BjBIA5A7BBA2AbARAuAbAWALAFAGAAAH
3157658001001,B4B3CHCLBfA/A5AxAuAnAiApAdAcAPAPAHADAFBwBwB+ByBKA0A5AyAqAuAhAnAiARAQAQAHAGAF
3157708001001,BQBbBeBmBnBWBUBWBMA9AwAjAYAUALAOAHABAABPBeBcBaBTBbBOBUBDAxAmAoAfAWAYAHADADAB
3157807001001,BVBcBcBoBhBYBQBOBDA3AyAYAcANAIAIAEAEAABQBTBeBlBiBXBZBXBJA8AxAhAbAVATAGAKAEAC
3157807001002,BrBfBfBkBrBlBSBJA9AyAmAXAYAMAPAGAAAAAABhBdBfBoBtBcBXBQBJAxAqAYAWATALAKABACAC
3157807001003,B4BsBwBnBgBXBUBMBAAuAqAUAWAQAIAGAAACAAByBtBsBhBgBYBPBMA+ArAXAbAUAQAVAGACAAAA
3157807002001,BlBgBkBlBpBcBPBEA+AvAqASATARAKAEAEACABBmBhBeBsBvBgBSBLBCA0AqAdAcARAMAKADADAD
3157807002002,BpBgBmBqBvBcBPBFBAA0AmAcANARAGAEABACAABoBbBgBxBxBcBTBNBDA1ArAYAQAQAQAFAFABAA
3157807002003,BtBpByB4BxBUBFA7A9AyAeAWAMAOAGABACACAABzBnBnB2BqBaBOBGBDA4ArAaAUALAMACAHABAA
3157807002004,CHB7B4BsBlBZBSBBA7AnAVAVAJAIADAGAAABAACDB2BvBsBjBZBSBLA7AtAdAXARALAHADACABAA
3157807002005,BQBIBeBzB2BaBFBAA8A1AyAlAaAPAFADADAAAABRBIBVB1BxBXBPBIBUBNBCAiAcATANAHAJAEAA
3157906001001,BlBoBtB3BpBTBMBJA/AuAfAeAVAbAWAKAEACAABsBgBvBlBkBEBFBCAzAwAfAeAbAYAXAHADAGAC
3158003001001,BnB2B4BpBaBMBCBHAzAqAiAcAVAaAZAPAJAFAABoBpBoBoBTBMBHA6AuAtAjAnApAbAXAUAIADAF
3158102001001,BSB8CICKBWBCBEA/A3AsAqAjATAfAMAZAUADACBUBoB6BrBIA9BAA5A1AxAnAbAlAfARAGAPAFAA
3158201001001,B0B5B5B8BXA/A7A7AyAnAiAfAcAXAQARADAFACBrBsB8BvBRBCA+A6AzAtAlAlAfAiAUANAJAFAE
3158300001001,BhBhBqB0BkBZBTBJBFA9A1AcAeAXAHAJAEADABBfBeBgBgBZBVBFBDBFAwAnAdAQATAQAUACACAA
3158409001001,BbBbBjBRA3BABuBIBIBDAzAqAlAeAnAVAFACACBHBmAzBNBABjBGBCBDAkA0A9AuAgAjAcAEAAAG
3158508001001,BbBdBwBzBjBLBIBDA8A2AxAjAnAfAjAXAAAFABBTBdBmBkBRA9A7A6AxAvA7AXAyAbAQASALAEAC
3158607001001,BXBbBjBvBWBHBGBXA/AxA0AsAeAjAdAWAFADAABQBgBiBTBPBYBgBAA8AtAqAnAeAYAYAJAHAAAC
3158706001001,BiBDCPCVBiAvAxBYAcBBAsBMAWAmAMALAMAAAIBCBhBVBYBjBCBFAjBoAyA3AXAlAXAbAQAGAAAA
3158805001001,BMBhBpBZBZBTBDBKBHA4ArAiAxASAbAFATAAAGBZBYBeBhBTBNBABCA7AwAwAoAtAeARAUAUAFAC
3158904001001,BuBjB+B0BlBNBLA9A4AwAnAgAdAfARAKAHAEABBnBnBmBvBWBPBDA5A6ArAlAeAaAUASAKAFAFAA
3158953001001,BzBtB3BwBpBQBHBBA+A0AkAWAXAQAJAKADABAABtBmBdBsBnBTBNBKA6AvAnAZAXARAMAIAFAEAD
3159001001001,BbBeB3B5BWBKBGBDA3A1AtAiATAtAcASAEAAAABXBxBeBvBbBDBBA6AyAtAuAeAdAjAcAQAGADAD
3159100001001,BkBcBlCCBTBUBWBPA7ArAiAvAdARAcANAGACAABTBlBnBBBRBJBEA+A3BAAzArAfAyALATAFABAD
3159209001001,BDBKBQBdBYBUBaBRBGBCBDAnAoApASAQAIACAABDBOBVBRBgBMBLA/BABAAtAxAoAmAZAVADAEAD
3159308001001,BVBMBaBOBSBPBQBPBOA5A7AqAtAhAtAJAHAGAABHBYBQBiBOBFBFBIA2AzAuAvAuAhAcAQAOAHAD
3159357001001,BeBrBmBxBZBQBMBJA/A1AiAgAdAVAQAGAKAAAABjBsBmBlBeBVBGBFA+AqAlAnAcAVAPALAEAIAG
3159407001001,BeBVB5BhBqBQBIBKA6A2A+AWAiAUAkAOAAAAAABbBaBfBlBEBVBKA6BDA2ArAlAWAyAPAJAHAEAA
3159506001001,BoBjBnBwBkBWBKBEA4AxAhAuAZAXAdATADABACBbBbBsByBeBJBFA7A6AxArAlAcAbAOAHADADAB
3159605001001,BZBeBeBqBeBRBRBJBBAyAmAnAaAWAPAMAHAFACBdBYBdBhBbBVBPBOBCA4AqAjAhAWAOAWAGAGAC
3159704001001,BcBcBpBoBhBTBLBkBEA1A1AkAjAYAKAJAKABACBkBMBcBtBABDBLBnA3A1AtAVAQAeALATAKAAAC
3159803001001,BMBVBdBfBgBaBVBKA+A4AwAzAoAfAYATAIAFAABOBVBSBWBaBVBSBKBBA5AzAgAXAfAQAIAKADAD
3159902001001,BhBoBkBrBiBIBIBDBEA4AqAhAcAZAOAIAEACABBgBhBrBvBbBGBFBFBGA1AoAiATAdAKASAIAGAG
3160009001001,BOBRBjBPBYBTBKBMBRA4BBAuApAVATAMAMAEAAA/BRBlBqBHBMBLBKA3A7BGAwAcARAdAPAIAGAD
3160108001001,BfBlBzBpBcBABMA9A7AqAjAqAlAaAWALAMAHAABOBvBnBiBMBKBAA9A+AxAsArAmAhATAOAMAQAC
3160207001001,CHCHCMB4BfA7A3A5AmAuAXAfAqAUAMAOADAAAEB6B2B9B3BIAzAzAxAsApAsAmAgATAYAJAFAFAE
3160306001001,BdBsCCCLBiBBA7BBA0ArAkAmAhAWARAMALADACBYBqB8CABSA8A2A7AyA0AjAmAeAWAQAJAIAHAE
3160405001001,BgBjBdBfBoBXBRBUBFAzAlAmAcAYATAJAFACABBUBYBbBZBdBQBOBOBCA1AoAmAYAgATANAFABAD
3160454001001,B6B2CPCHBeA/A2A3AzAsAaApAdAWALAGACAAAAB/B8CBB1BRA8A1A2AsAvAjAdAiAPAPAMAEACAD
3160504001001,BuBcByCBAcBhBDBRA9AqA4ARAeASAWAEAOAAAEA+BqByBgBJBmA8BNA5AoAjAXAtAnAcAjAXAAAA
3160603001001,BtBrBtB1BRA3A1A7A+BIArAWA0AZAQAZADAAADBcCBCJBaBABFA7BDA4AvAkAjAjAbAVALANAAAA
3160702001001,BVBZBeBjBXBIBMBTBHA2AuAhAfAXASAKADACABBYBYBXBgBXBLBNBSBLA5A3AkAiAeAXARAJADAE
3160801001001,CGBsB1BkBeBRBSBIA6ArAhAgAdAWAGAMABAFABB6BpBqBmBSBXBOA+AxAoAmAdAVAQASADAHAAAE
3160900001001,BPBTBeBbBYBCBNBVBKA4A4AVAdBAAFASAPAAAEBTBIBgBbBUBBBSBLBHAwAjA+AwAYAVAZAEAGAF
3160959001001,B+BuCCCRBkBWBFBGA8AlAeAXAbAJALAOAFAFAABmBwBzBxBeBRA/A9AuAnAWAdATAYAJALADAAAA
3161007001001,BOBaBnBpBPA/BDBGA/AyAxAjAhAiAdAMALAEAABTBXBqBcBUBFBFBMBCA2AxAtAuAYAlAUAIAGAF
3161056001001,BlBpBjB7BzBJBOBDAwAfAtAVAxAbAWAcAHAHAABWBjBvBmBVBJBEAuArAnBCAlArAaAJAJAEAHAA
3161106001001,B9CFCGCABWA+A6A2AwAqAeAWAWAOAOAGADACABB3B5CDCEBdBCBAA7AxAqAjAYAZAWAQAJAEAEAC
3161106001002,B4CYCOCFBWA5A1A0AqApAlAkAcASAFAPAGAAADB4CTB/BsBTA2A0AnAjAwAhAjAiAQASADAHAIAE
3161205001001,BcBfBqBxBwBQBHBFBFAzAcAsAYAdASAJANADADBPBcBiBvBgBMBFBGA6AyAjAkAaAbAUARAGACAA
3161304001001,BSBfBiB6BaBZBPBVBFA4AoAfAtAUAQAQAJAAACBPBVBiBhBbBNBLBQBBAoAuAnAaAbAPAMAEAAAA
3161403001001,BjBXBvBrBiBMBOBJBAAzAmAmAdAeAXAGAWAHACBXBdBeBhBWBIBEBCAzA0AmAlAiAgAXAPAKAFAA
3161502001001,BQBZBTBhBfBJBMBIA+A0A2AbAqAdAkASAIABABBRBUBgBcBRBFBIBNA8A3AkA0AwAfAbAVAHAHAI
3161601001001,BoBwCKCFBNA6AxA1AsAlAhAnAqAWANANAGACAABoBwCICCBTBAA+A9AxAzAZArAcAaALARAJAMAA
3161650001001,BUBgB5BzBPBBBBBYA5AvAlAoA8AZANAIAAAEAEBeBkBsBkBSBeBEBEA1AvAqAeAoATARAQANAAAA
3161700001001,BiB2BfBoBfBEBIBIBSA4AqAlAeAhATAQADACACBgBiCGBcBLBEBHBCAuAwAlAnAZAdAQAHAEAFAA
3161809001001,BSBUBaBfBhBPBRBFBBA0A5AdArAbAOAOAMACAABQBVBcBYBcBPBSBLA9AzA3AoApAhAVAUAKADAC
3161908001001,BkBiBkB2BlBSBMBCA7AoAoAfAdAVALAKAFAFABBjBeBoBoBlBPBFBEA4AsAvAjAdAYASAJAPALAB
3162005001001,BcBjBlBoBYBNBOBKA+A7ArAlAfAWAUAHAHACABBaBkBkBiBUBHBLBLBAA4AwAeAdAaAZAJAIAFAD
3162104001001,BdBuBeBgBqBsBVBEBEAzAtAYAcARANAHAIACADBdBTBgBvBbBIBOBOA+AvArAcAbAWAQALAGAGAC
3162203001001,BcBgBjBpBYBdBcBOBLA8A4AjATAYARAPACAIADBZBaBOBjBXBOBJBBBAAvAlAkAhAVAPAPAJAGAC
3162252001001,BpCCBzB4BzBDBGBQA4A0AqAYAdASAcACAEADAABpB8B3BhA+A7A4AtA0AtAqAiAkAaALATAIAAAA
3162302001001,BOBjB5BaBSBQBFBfBIBEA0AuAlAaAGAIAMAHAABHBVBNBeBGBdBcBFBNAzAtAhAZAaATAQAKAAAA
3162401001001,B1B/CLCMBdA/A9A7AyAuAnAgAbATAOALAHACAAByB6CGBzBGA5A2A0AtApAhAjAZAYAJALAHABAF
3162450001001,CPCRB9B+BZBMA1AuAqAhAZAaAYARANAIABAGABCeCsB8B2BNA9A0AzAlAaAYAfAZAOAMAGAJABAD
3162500001001,BMBTBOBaBVBSBPBSBLA4AqAnAaAZAWANAGACAABKBLBYBaBZBOBRBWBRA+A0AsAiAnAcAQALAFAE
3162500001002,BQBVBaBZBdBUBWBVBLA5AoAmAcAUARAIAEABABBPBTBUBVBeBQBdBaBVA4AsAsAeAfAYAHAHACAB
3162500001003,BNBUBaBgBXBQBSBQBKA9AlAnAZAXAMALABAEAABKBRBWBaBgBTBVBZBPA/ApAvAbAnAaARAFAGAB
3162500001004,BKBLBMBYBZBNBMBLBHBAAqApAfAkASAPAEADAEBBBJBOBcBWBJBHBWBMA/AyA3A1AhAeAZAWAGAE
3162559001001,BtBpByBzBkBLBRBNA9ArAfAcAXARATAKABADACBvBuBxBsBZBNBMBBA2AsAoAXAcARANAJAEABAD
3162575001001,BTBVBlBkBYBRBGBEBDAxA1AfAgAoAbAIAQADADBNBRBoBaBLBRBLBMAyAxAuAjAnA2AVAPATAIAA
3162609001001,BbBuBzBqBZBHBFBCA3AxAqAiAtAXAWAMAIAEABBSBpBlBhBfBNBFBAA2AyAwAfAmAUAYAOAMADAC
3162658001001,B0B8B6CTBYBRBDAxAlAyArAeArAOASAMAFAMAABfByCLBfBJAxAyBJAyAtAaAXAaAeAbAMAFAGAF
3162708001001,BlB2CBCFBXA7A7A4AyAtAmAfAfANAOANAFAEAABlB6CEB7BXBABAA6A3AwAeAqAcAZAUAKADADAC
3162807001001,BrB1B3BzBNA4A/A6AyApAmAfAhAaASAIALAEAABkBrB5BxBXA/BBA7A4AvApApAqAZAXARAJAGAG
3162906001001,BTBUBbBbBNBFBLBPBGA5AwAhAhAhATAPAFALACBQBZBZBaBMBIBUBQBMA8AwAmAeAjAkAMAQALAD
3162922001001,B2BwBpBwBoBSBKBAA7AvAkAgAVATAOAJACABABBxBjBoBuBlBTBIBEA8AuAnAYAYAVAMAFADAEAD
3162948001001,BUBfCAByBTBRBLBUBPBDA2AdAXAaAPAHAEAAAABVBhBVBjBOBFBZBNBGA5AtAaARAVALAMAHADAD
3162955001001,BrBuBoBlBeBWBSBLBGA0AjAaAOAWAOAGACACAABkBdBkBkBjBbBWBOBBAzAfAeAUATAGAPAHAEAC
3163003001001,BzCGCHB7BfBaBFAvA0AjAaAWAeAUAWARACAAAAB6BvCFB+BEA9A8BFAnAqAsASAYAeAKAGAAADAA
3163102001001,BlBiBrBhBuBTBJBaA8AmAnAvAjAUARANAJAAADBkBmBlBOBgBRBRBEA6AxAcAfAZAdASAKAAADAA
3163201001001,BeBNBVBZBdBNBNBYBLA2AyAeAgAoARAQAKAFAABaBlBjBaBKBBBMBeAxA0AmAsAoAYAdAOAEAFAB
3163300001001,BqByB7BuBUBCA3A4AyAmAsAiAVAbAIARAEAAAABlBuCABzBWBLBGA5A2ArAqApAvAVAKAdALAAAA
3163409001001,BZBkBtBsBWA9BABLA6AwAlAdAeAYAUAIATAEADBTBsBoBtBVBGBEBIBGArAzAoAmAjAZALANADAB
3163508001001,BeB8CaCDBbBIBBA5AxAmAjAeAhAaARARACAEABBkBoBeBkBLBABGA1AsAuAtAmAmAgAXANAJAFAF
3163607001001,BkBYB9CKBTBOBEBFBMAfAtASAtAeAKATAHADAABgBdB1BHBZBHAxBPAmA5AlAyAmAPAbARAVAAAA
3163706001001,BQBVBYBjBZBIBJBMBGA3AmAlAbAaAYANAGACABBTBRBYBlBYBLBOBSBQA/AwAoAiAfAaAUANAHAB
3163805001001,BTBqBpBlBRBNBDBJBFA6A4AbAdAkAaANAKAFAABNBbBpBpBMBDBJBAA6AyAdAoArAfAhALASAEAD
3163904001001,BRBdBnBcBTBKBDBTBBBXBEAiAmAdAWAQAGAAABBUBMBeBPBIBDBKBNBJBCAlAzAfAZAeALAFABAE
3164001001001,BbBnBxByBcBBBABAA5A0ArAYAYApASAPANAEACBXBiBsBpBRA/BJBHA+AwApAsAjAeAaAPAIAIAB
3164100001001,BWBkBtB7BbA8A0AxAwAqAyAmAuAeAeAJAFACADBoBuCGBxBJA1A6A5AwAzAxAvAfAlAUASAMAHAE
3164209001001,B9CFB7B1BXBAA4BAA2AnApATAgASAQAGABAEABB7B+CGCCBaA9A7A6ArAqAbAbAbAQAKAJAJADAE
3164308001001,BTBUBVBcBVBiBnBbBHBCAsAwAgAVAXANAKADABBUBNBOBWBRBHBLBFBFA8A0AoAgAhAVAKAJAAAC
3164407001001,BiBiBwBcBjBRBIBTBIBABAAgAiASAYAGADAEAABZBQBUBmBcBJBHBCBFAyAcAnAiAXARAPAIAAAD
3164431001001,BQBjBqBwBjA5BVBQAqBCAqAsAgAiARAHAGAEAACBBjBoBQBRBJBPA1BNA9AkAgAVAYARAJALAAAE
3164472001001,B/B3B7B9BvBPBIBEAoAyAlAUAJAaAYAIAHAAAABxBiB5CCBYBKA9A4A7AkAVAaAXAYAIALAFAAAB
3164506001001,B7B5CNB7BUA6A7A4AqAtApAiAhAYAQARAEACABBzBzB+ByBIAyA3AwArAxAoAnAbAhAVANALADAB
3164605001001,BdBNBuBZBJBRBTBZBLA/AwAyAYAoAdALAAAAADA+BaBHBNBmBGBXBIA9BAAzAjAhAyAPAMAGAEAA
3164704001001,BbBaBdBkBbBMBKBIBGA8AuAlAdAaAUALAIADABBXBVBYBjBbBLBLBOBFA6AuAnAjAcAaAMAHADAC
3164803001001,BZBHBGA6CQCDB3BMA4AeAmAmAUAmAkAAAAAAAABHBOB2CDA8BIAnB1BEAWANAaBNAkAgANAAADAK
3164902001001,A9BNBeBVBSBJBOBUBMBIBDAhAlAgAfAWAHAAAABJBTBbBZBKA+BDBkBKA5AiAkAwATAmAlAGAAAA
3165008001001,BbBWBeBfBcBKBGBRBHA0AzAlAtAVAXAPAHABACBMBgBdBiBWBEBJBMA8A2ArAqApAbAnALAJACAA
3165107001001,BiBiBiBjBbBEBCA+BNA/A4AoAmAeAQALAIAIACBXBYBqBjBcBEA6BBA2AyAyAlAjAaAgALAIACAC
3165206001001,B6BpBrBbBUBdBdBaBJAtAnAmAeAXANAMADABAABkBlBkBUBTBWBPBMA7A5AfAVAZARAQACADABAA
3165305001001,BbBjBkBmBWBDBMBLBCA2ApApASAeAaAHAJAAACBeBuBbBfBPBQBHBLBCAyAnAlArAaAXAQAIAGAC
3165404001001,BzBsBmBhBcBTBNBRA+AzAmAqAeAYAdAJACACADBrBeBfBcBeBPBHA+A5AuAiAmAbAUAQANADAEAA
3165503001001,B6B/CECGBeA8A1BCA5AnAXAoAfASALAIACAFAABrBmB2B5BbBGBGBCAxAkAZAlAmARAOAHAHAEAC
3165537001001,BtBpBsB0BkBeBVBOA5AyAjAYARALAHAIABABAABoBlBpBuBmBeBSBOA5AvAiAXAWAMAKAEAEADAB
3165552001001,CSCKCOB9BTAxArAyAqAmAdAcAWAVAMAGAFACAACNCTCMBzBJA3A1AwAzAqAjAjAVATAMAQALAAAD
3165560001001,BHBfBsB0BHA1A4BAA4ArA7A0AwAYAlANANAAAKBBBnBuBzBFA3A1BEA3A8AzAzAoBBANAYAKADAA
3165578001001,B1BfBmBxBtBqBbBRA4AwAuAaAjAQAPAHACAAAABgBqByBrBLBLBHBDA3A1AXAlAcARAFADAAAAAA
3165602001001,BqBrA0BxBjA7BJBAA3A3BGARAsAaAlAKAOAAAABOBXB0BGBKBZBIBQBDAwA0AhAeAoATAbAIAEAE
3165701001001,BKBjBxB8BNA9BCBKBBA9AuArAoAgAZAPAKAAABBHBhBtBiBHA6BABPA3AoAyApAkAnAdAQAQABAG
3165800001001,A8BCBQBRBRBKCABoBXBUAbA6BJASAfAXAHAAAEA0BFA5BTA1BHBZBbBNAvAtBHAiAkAaABADAEAG
3165909001001,BrCDCJCIBeA5A5A/AxAuAcAzAjAIAKAUADAAAABUB5CLBvBHA5A6AzAlAvAiArAgAfAWARAFAAAE
3166006001001,BaBeBoBuBmBKBGBHAyA0AeAtAlAbAVAWANADAABXBkBbBsBSBDBJBGAzArAlAqApAdAfASAGAHAD
3166105001001,BWBuBsBnBUA9A+A9AsA3AiA1A8AcAbALAHAHAIBjBXBfBmBRA9AuA3AwA2AtAsA9AmAZARALARAC
3166204001001,BNBVBrB3B0BPBSBJA7AxAzAoAfAUAWAOAIACAABMBXBjBfBrBNBGBBA8AyAxAkAgAUAaAHAHAAAC
3166303001001,BqBvB0B/BqBPBJBCA0AxAiAdAiARAMALAFADAABgBgBzB2BdBGBGA+AyApAlAfAfAWAQAKAIACAA
3166402001001,BWBUBkBkBZBMA4BIAtA6BNAiAdASApAIAGAFAABUBdBlBcBKBVArBUBFA+AcAuAVAzAqAbAJAGAA
3166501001001,CGCNCBB2BZBHA8A5AvA9AfAeAVATAIASAFAAAACACBCABsBDA3AxAwAuAuAiAVApAQAOALALAIAA
3166600001001,BMCYBdBbA4B7BTAqBJBOAgAQAPAtA4ALALAAAABjBqA7AtBcCCA4BgAhAyAYAKA7AbAhAdAAAAAA
3166709001001,BjBrByBvBVBBA9BDA1AtAjAhAbAbAUATAMAIAABhBeBpBxBVBBA+BAA5A3AtAnArAiAPAWAMAHAE
3166808001001,BoBoBuBnBlBeBgBHBGAzAlAdAaAWARAMAEADAABaBwBjBZBWBTBUBOA6ApAjAjAWAOAHAHAEACAB
3166907001001,BlBpBpBqBmBHBIBEBAA1ArAgAbAfAaASADADAABYBcBnBhBdBHBHBSArAwAlAkAgAhAOAQAJACAC
3166956001001,BfBnB7BxBwA2BCBNA8ApAvAhAaANAdAKAHACACBaB2BkCEA8BFA9A2A+A2AiAmA3AMAWALAPAAAC
3167004001001,BGBuBjBoBRBbBRBXA7AiAyAmArAZAPALAFAAAABeBbBxBxBIAyAtBEA4A8AmAtA2AaAWAOAaAIAA
3167103001001,B6B6CCB6BVBBBBA+AxAmApARAWAaAUAJAGACAAByB5CABrBPBAA/A9AxAoAlAaAcAbAZAOAJAEAC
3167202001001,BQBaBnBtBcBNBPBQBEA6AwAiAdARAUADACAEAABQBdBYBpBeBSBNBVBEBAAoAmAjASAJARAHAGAA
3167202001002,AzA9BMBcBXBHBGBJBAA7A1AnAfAdAcATAJAEABA0A6BJBdBfBEBRBRBVBOA7A/AwAzAoAZAPANAF
3167202001003,BqBtBnBhBdBaBUBKBAAwApAXAPATAFAFAEAFAABfBnBrBlBgBYBZBPBBAzArAbAaAOANAHAEAGAB
3167202001004,BxByB2B0BiBOBSBLBAAqAWAXALAMAHAEAAABAABwB1B4BxBdBWBYBYBCAqAdAWAVAIAIAEACAAAA
3167202001005,BMBNBTBWBcBUBVBOBFAzAxAfAiAWATAKABADAABDBJBVBbBjBaBbBWBKA/AwA1AlAhAWARAMAFAD
3167202001006,BQBTBdBiBiBRBTBPBEA2AwAeAaASARAHAGABAABMBWBbBjBdBaBbBWBKA8AzAmAgAdAOAIAEAFAD
3167202001007,BkBlBtBzBlBRBOBQBFA7AmAWAMAHAIAHABAAAABgBkBwB4BpBVBTBVBMAzAgAUARAMAIAEAEABAB
3167202001008,BmBqBpBqBgBTBTBOBEAvAoAWAUANAJADACAAAABlBqBoBrBjBaBZBSBEAwAiAdAUAOAPAFADAAAC
3167301001001,BMBtBWBxBsBBBMBZBRAiAyAkA2AgAlAAANAAAABeBeBvBoAxBHA+BCA5A0AjAXA2AYATALAKAEAA
3167400001001,BXBXBaBPBSBVBTBSBFA8A8A6AmAjAaAKADABAEBGBVBYBRBRBEBGBHA5A4A+AZAsAdAZAVATAGAF
3167509001001,BtBLBPCPBhAqBVBQBOA1AfAvAgASASAYAFADAABJBwA9BNBTBbA7BlBMAmA/AxAjAVASAGAJADAE
3167608001001,BnBuBwB4BvBTBFBBA3ArAiAmAfAZAKAJADAGADBmBnBvBwBeBIA/A6A1AxAkAeATAZANAMAJAIAB
3167707001001,BjBmB2B2BKA+A1A+A5AtAhAsAiAZAmAPAHAFADBPBiB1BuBPBAA+BDA5A3AmAyAlAuAbAJAGADAB
3167806001001,BPBcBeBsBdBFBMBLBAA2AiA3AxAjATAEAEAAAABJBZBlBbBeBABFBHBDA6AsAtA2AnAUAJADABAB
3167905001001,BMBZBoBlBFBCBLBJBGA8AxAnAoAnAVAQANAAACBUBhBjBbBUBBBDBNA8AwAtAmAXAvAgASANAHAA
3168002001001,BmBuBuB1BcBDBJA/A2AvAgAfAYAWANAIAFAEABBoBuBwB4BXBTBCBDA9AvAmAdAgAUAXAIADAHAE
3168051001001,BBBOBuB/BdBKBHBKBDApA7ApAvAlARAPATACADBABeBgBmBNAvBFBJA2BAA+AXAoAcAIASAWALAI
3168101001001,BqBrBrBpBUBRBRBaBWBDAvAiAhAWAJAFAFACAFA5BTBVBhBQBLBUBOBDArAaAkAZAcASAbAJAIAA
3168200001001,BiBTBPBtBHBDBjBgBgApAuA5A2AXAhAQADAFAABJBUBmBDBKBOBYBJAzBJAfArAiAfAWAAADAAAA
3168309001001,B9BWBpB5BmBaBhBEA+AsAxAqAoAQALAYAHACAABQBbBZBQBnA6BGA/AvArA9AiAlAUAWAHAFABAA
3168408001001,BPBZB1B5BUA8A1A7A4AvAsAvAoAgAiAOAKADABBUBYBqB0BPA8A9BAA1A8A2AqAnAoAaASAHAGAH
3168507001001,BQBdBkBpBSBJBIBHBEA3ArAnAdAmAXAOAGACAEBSBiBjBaBVBNBOBGA+A2ArAiAfAhAfALAJALAF
3168606001005,BaBcBlBvBcBJBGBEA6AuAoAcAaAYAPAJAEADACBXBYBmByBkBUBPBLBBA2AqApAfAdAVAOALAFAE
3168606001099,BpByCEB0BQBBA3A8AtAsAvAiAnAZAZATAIADACBrBrB1BoBOBBA2AzAuAsAtApAjAoATAOANADAC
3168705001001,BUBYBjBtBfBIBRBSBFA3AnAaAYASAQAHADACAABSBdBeBrBfBUBdBdBMA4AoAiAaAaAOAJAEACAC
3168804001001,BaBdBWBqBaBSBKBZBMA9AiAhAhAPAOALADACAABdBTBYBfBhBUBYBQBOA6AsAfAZAaARAMAGAEAA
3168903001001,BKBQBgBpBaBTBOBOBRBCAzAwAkAgAfAQAGAIAABDBHBWBYBRBKA/BKA9A9AnA0AnAcAdAPAIAEAB
3169000001001,BVBhBZBhBfBLBRBOBDAyA2AgAnAiAUAMADADAABVBZBZBgBbBLBPBHA+A2AyAiAdAbAaATAEAHAD
3169059001001,BKBuBdBfBbBYBbBuA8A6BEApAZAZALAUAKAAAABIBRBNBjBVBWBNBLBRAuArAXAkAOAOALAFACAC
3169109001001,BXBuBhBfBcBXBYBLBDAsA7AsAxAdAWAHAJAGAABdBPBUBjBLBLBJA5A4BCAjAsAbAZAWAMAKACAB
3169208001001,BSBhBbB4BFBOBOBQBKAxAqAqAkAZAYAQAJAGABBFBTBPBVBZBIBJBFBCA/AuAnAmAnAXAZAOAGAF
3169307001001,BiBiBjBpBgBPBLBIBDA2AmAlAZATAQAIAGACAABhBeBcBoBcBMBOBNBGA3AuAfAcAYANAOAIAEAC
3169356001001,BfBoBoBtBcBRBRBJBDA4AnAdAbAJAGALAFABAABlBjBjBvBhBTBRBTBCA2AhAjAWARANAKADAEAD
3169406001001,BkBfBgBqBiBRBMBKBGA2AtAfAYAYAPAKAFACABBcBeBcBmBfBRBNBJBDA3AqAeAYAaASALAHAEAD
3169505001001,BiByBnB3BcBGAzBLAzArAmAsAiAZAYATAHADADBqBcBrBkBSA7BSA3A0ArAyAxArAUAUALAKACAE
3169604001001,BRBcBfBbBTBOBNBKA/A4AyAnAtAhANAUAJAEACBPBRBZBXBNBOBPBSBBA2A0AsAiAbAgAQAKAHAC
3169703001001,BhBzCFCZBeBEBHA+A8AqAhAdAVARAPAJAEADAABtB0CEBqBOA7BCA8AuAqAiAfAXAcAPALALAEAD
3169802001001,BfBdBcBhBYBaBUBVBLA9A9AgAlAbAWAKAAAFACBXBiBiBYBXBGBEBDA6AzAjAqAfAcAMAKAPAAAA
3169901001001,BfBdBjBnBfBRBOBMBBA6AqAaAYAUAOAHACADABBgBeBeBkBfBTBTBQBMA0AmAjAWAcATALAFAEAB
3169901001002,BdBXBSBiBfBPBQBOBEA7AnAhATAYAKARACAAACBZBQBSBlBkBcBaBSBKA8A3AcAZAcATAQAFAHAD
3169901001003,BVBSBZBhBhBUBUBQBIA5AwAbAaAXAXADAEADABBSBNBVBbBfBSBSBVBIA9ArAmAlAWAbAPAKAEAF
3169901001004,BmBhBnBfBcBSBSBSBIAwAvAkAlAUAcAKAKAAAABfBbBcBeBWBMBMBNA9AqAmAhAgAaAUAKAHAAAB
3170008001001,B8CECKCIBUA9A6A1AyAuAmAhAbATANANADABAAByB/CAB5BSA6A2A0AqAsAmAcAdASAWADAHABAE
3170057001001,BcBkBtB2BaBHBGBNA/AvAsAZAfAUAXAOAGABAABVBwB1BoBmBFBHBMA2ArAlAdAkAUATAKAHADAF
3170107001001,A/BEBTBjBgBNBPBNBEA7AqAtAnAYATAJAGADABA+BCBNBjBeBOBSBQBPBHBGAqAiAoAfATAJAFAG
3170107001002,BLBKBUBYBeBVBPBJBHA4AtAmAbAXARAKADAEADBNBRBTBgBmBYBXBNBQA/A4AxAhAfARAUAKADAA
3170107001003,BKBSBaBgBkBOBMBJBDA5AsApAnAVALAKAHADAABFBMBVBkBcBQBVBTBNBHA+AjAjAgAaAKAHAGAC
3170107001004,A6BSBaBnBuBQBUBNBKBAArAoAZAXAOAIADACAABRBPBUBSBfBQBxBIBYBBAwAvAiAYAJAGAFADAE
3170107001005,BeBoBrBoBaBSBZBWBDAwApAXAWANAQAEACACADBbBfBlBkBaBXBbBXBBA1AiAlAbAWAKAFABACAD
3170107001006,BTBUBZBvBlBTBHBHBGBBAkAoAXAXALAJACACACBSBRBXBtBlBQBOBRBTBBAnAsAgAVAWAJAHADAC
3170107001007,BSBUBcBnBoBRBPBHBIA7ApApAaAQALAOAEABAABKBQBZBpBmBTBSBbBMBEA0AgAaAbASAFAEAEAA
3170107001008,BHBRBbBoBiBKBGBMBLA8A5AZAaAYATALACAAAFBGBMBaBnBgBNBNBVBQBFA3ApAlAfAQANAHAGAC
3170107001009,A3A8BKBmBeBJA9BABCBAAtA2AjAeATANAMAJACAtA6BNBhBeBLBJBWBZBRBGA3A6AoAcAWALAJAB
3170107001010,A7BKBVBgBUBABFBLBGA6AoAwAgAhAXAMAKACAAA8BFBVBhBaBCBTBcBWBEA+AwAqAoAkAWAMAHAC
3170107001011,AsA0BCBUBQA+AyA/BCA3AxAiAvAoAeAXAPAMAGAoAwBLBdBYBDBFBRBSBJBNA2BAA8A/AmAcAPAH
3170107001012,B4B2BuBoBbBYBWBUA/ArAjAVATASAKACADAAAABpBnBkBbBhBZBYBUA+AwAnAaAZAJAIACAGADAA
3170107001013,BpBtBmBcBbBeBgBQBGAzAiAcAbAPAEAGADAAAABsBkBdBaBcBgBkBUA8A2AsASAUAKAKAJAEACAA
3170107001014,BYBjBhBkBbBQBTBWBKA+A6AjAuAVAKAMADAEAABHBmBeBzBIBTBIBLBKApAjAjAkAWALAKADAAAA
3170206001001,BXBcBMBmBzBcBQBGA+A6AyAiAUAWALALAEADAABKBMBQBkBuBfBWBJBMBHAwApAcAdAKAGADAGAA
3170206001002,BVBiBrBqBrBQBYBTBIA1AnAUARAOAJAJAAAAAABLBkBhBnBlBWBdBgBMA8AkAcAVAVAIAEACAFAA
3170206001003,BOBPBYBiBpBeBQBMBCA5AvAhATAjALAHABABAABKBOBXBpBsBeBXBUBNA8AuAmAiAPAOAPAFAGAC
3170206001004,BpBrBmBmBrBhBWBUA+A0AkAbARAQAHAFACAAABBfBqBjBiBpBWBaBMBIAxAaAcAPAPAIAHAEACAB
3170206001005,BGBQBaBkBtBjBRBHBEA2AsAfAbARAMAIAGAAAABJBOBYBlBtBhBVBVBMA9A8AeAmAUAMAKADAFAD
3170206001006,BNBUBcBoBeBVBXBWBTBBAlAjANATAFAKACAAAABJBSBYBkBuBeBXBrBXBBAnAhARAPAPAHACABAC
3170206001007,BIBKBUBbBlBYBLBNA8A2AuArAWATAUAOAGACACBBBGBUBiBrBcBUBZBMBCA1AuAqAjATAOAFADAA
3170206001008,BaBeBeBlBjBpBVBGBCAyAlAeAVARAHALAFAEABBXBaBZBmBrBfBUBQBJA2AkAlAjASASACADACAC
3170206001009,A9A9BOBaBhBRBGBHBBA1AxAiAeAeAXAQALAEACA5BBBQBcBmBUBTBUBSBEBEAqAzAqAcAVAOAJAE
3170206001010,BmBnBiBkBmBkBhBVBDA0AqARAOAPAHAGAEABAABbBeBfBjBnBhBgBVBDAwAlAYAVAMAHAKABACAA
3170206001011,A1A5BLBiBhBDA9BEBBA/AzAnAtAWAOAPAKAHACAyA0BNBqBwBTBGBXBQBPA7A5AyAcAuAYAUAFAG
3170206001012,AzA6BLBpBiBIA9BMBCBCA8AdAeAkASAOAGADAAA1A+BOBnBpBVBOBVBVBKA9AxAqAfAmAWAMAIAF
3170206001013,AxA3BJBeBwBTBHBKA9A2A6AhAjAdASANAFAIAAAxA4BLBjBzBdBRBUBQBNBEAsAvAjAiARAOAFAE
3170206001014,BXBXBZBkByBgBXBKBCA0AsAgAZAJAJANAGACACBXBOBYBiBlBhBTBMBJA+AwAjAkAXAKAGAHABAA
3170206001015,BWBSBcBlBrBcBRBHBGA4AuAeAWANAOAIAFACABBJBOBWBkBxBZBXBbBMA7AtAlAdAYASAGAHACAC
3170206001016,BoB4BoBXBQBcByBgBDAqAaAVAQALAEADABAAAABoBrBqBZBcBpB5BgBCAoAfATAOAKAGAEACABAB
3170206001017,BoB1ByBsBhBdBgBXBAArAdATAOAKAEAEADABABBrBwBrBdBeBgBlBYBBApAdAWAOAJAGAFACABAB
3170206001018,BSBYBeBgBoBYBTBSBOA5AvAVASASAIAGABAAAABPBXBXBgBqBcBZBaBZBAAzAYAWATAXAFAAACAC
3170206001019,BlBjBkBsBmBcBbBMBJA2AbAdAQAOALAFABAAAABiBeBlBtBoBWBUBaBHAzAeAcAOAUAPAFACAAAA
3170206001020,BTBcBlBmBiBPBPBdBKA9ApAaAPARAOAJAAAAAABLBWBdBkBlBWBdBlBUBEAkAZAVAbAFAKACAEAC
3170206001021,ByBtBnBfBlBzBmBPA+AsAhAQATAGAIAGAAAAAAB2BpBkBhBtBmBZBSA6AsAZAYALAJAGADAAADAD
3170206001022,BUBVBsBnBjBUBMBZBPA+AjAfAQANAPAFADABABBLBUBlBnBmBQBZBiBWA+AlAbAUAYALADAFADAA
3170206001023,BGBOBdBqBqBWBFBOBMBBAtApAYAVALAKABABACBDBKBbBqBnBPBUBUBaBIAwAiAlASAOANACACAA
3170206001024,BWBdBbBjBoBdBWBVBHA3ArAVAbAJALAFAEAAAABWBUBYBnBuBfBcBbBPA4ApAaAXAPAOAKACABAA
3170206001025,B1B6BtBcBeBgBoBWA8ApAcATALAKALAEAAAAAABwB0BkBbBhBkBoBZA6AtAYAZAPAMAHACAAAAAB
3170206001026,B2BSB6BhBnBRBDBSBKBAAwA+AnAXAOAKAAABABBSBkBmBRBJBOBKBHA1A4AiAYAiARANAOADABAC
3170206001027,BlBoBeBoBsBgBVBMA/A3AtAWATAOAKAIACABAABgBeBiBoBkBdBRBTBCAxAuASAaAQAJAJADAAAA
3170305001001,B8CFCWCABaAlBBA4AsAzAlAdAZAbAlAJAMADALB2BYBvBkBlA/AZAuBAAtAcAlAvAbAQAMAEAAAA
3170404001001,BgBkBsByBlBYBPBIBAAwAiAbAXAQAKAIAEACAABbBiBoBzBnBaBQBQA9AyAgAeAaAPANAGAHACAB
3170404001002,BpBmBwBvBiBjBgBRBHBDA0AvAuAZAJAKACACAABbBrBkBPBJBFBAA8A3AtAcAhAXAMAQAFAAACAE
3170438001001,BhBkBfBnBfBhBfBGBHApAyA1AoAZAPAOAEAFACBXBdBeBWBeBXBKBGA6A5AoAUAOAYATAJAAADAA
3170479001001,BXB5B9B+BSBIBFBCA4A6AtAlAhAbASAJAHAAAABmBuB0BuBKBDBEA/AvAyAzAVAiAYAOAHAEAAAA
3170503001001,BlBxBvByBhBJBFBFA5AtAkAgASAdAJANAEAFAABhBtB1BrBaBUBJBCA1AtAoAeAfAYATAIAHADAD
3170529001001,CECBB9CSBiBJA1A7AwAlAhApAXAUAUAGAGACABCECFBzBwBYBBBCAnAqAhAeAWAYAVARACAGABAA
3170578001001,BlBgB9ByBhBKBCBCA7AxAkAjAnAWAVALAIAHAABWBgBgBtBeBLA8BAA2A1ArAnAmAWAXALAGAHAA
3170602001001,BSBhByBVBGBHBRBkBpA2BJAiAjAdAPASAAAHAAAxA/BPB+BGBDBTBAA4BPAaA2AiAcAUAFAEAGAP
3170651001001,BxB/CMBvBPBOBDBGAtAvApARAXAYALAMAEAEAAB6B8B2B5BWBGBEApA1AsAVAiAhAOAYAHAGACAA
3170701001001,BMBLBUBmBnBRBMBJBGA+AvAlAkAXAOAKAJACAABNBIBLBlBqBUBLBOBKBBA5AnAsAUAbAKAFAGAE
3170701001002,BTBUBbBgBfBPBOBRBIA9AuAjAdAVAQAIAGABAABSBTBWBgBkBUBQBQBMBCAsAoAeAbAYALAJACAA
3170701001003,BBBGBVBjBbBOBGBKBMBAA8AbAZAiANAOAKAFABA/A/BPBdBiBTBJBSBYBFA1AtAkAhAkAXAOAGAC
3170701001004,BgBdBpBuBmBSBSBQBNA8AqAWATAMAKAFADABAABbBfBnBsBiBSBRBTBPA5AhAfAVAPAMAFAEACAB
3170701001005,BfBuBiBsBhBQBUBYBKA4AiAdAOAMAIADADAEAABhBlBsBnBeBVBaBbBLAzAiAYASAMALAEAAACAD
3170750001001,BlB4CLBRBgBnBYBTA8AxAnAgAVAOAQACADABAABtB1BXBsBWBOBRBKA2AmARAiANAjALAEABAAAG
3170800001001,BoB1B5B1BhBJBIBGA9AvAoAYAPATAQAGADADABBhBtB9B3BeBNBHBMA5AtAoARAXAUALAHADACAA
3170909001001,B6CHCVCGBYA5A4AyAvAoAiAbAdAcANAGACAEAAB1CBCOCABCA2A3AzAsAnAkAcAaASAPASAKACAC
3171006001001,BaBiBoBrBbBSBWBUBKA5AiApAbANAMAIAEABAABVBeBlBnBZBcBdBPBAAwAmAgAhANAKAHAFADAA
3171030001001,ChCbCGCCBdA8A6A9AhAXAYAeAeASALAIADADAAB3CYCCByBVA+A4AoAuAmAeAnAQASAJAAAHAEAB
3171071001001,BjB8CKB+BbBOA7A9A5A0AeAiAPAbARAJAEAEAABcB4CECBBGA1BBA7AsAuAtAcAhAUAVAEAFAEAB
3171105001001,BRBdBNBoBbBUBWBLA/AxAvA7AoAhAvARAHALAABjBaBJA7BSBZBQA7A8A7AkAmATAnAeAIAKABAF
3171154001001,BoBbByBwBfBZBNBMA9AzAyAZAkAdALAMAIAAADBbBfBoBlBeBNA+BAAxArAdAvAaATAWATACAIAF
3171204001001,BxBnBkBtBsBaBSBIA9AvAiAYAQAOAHAFACABABBsBnBkBwBqBYBSBNBCAxAlAZAWANAKAHAFABAC
3171303001001,BWBZBeBqBqBYBIBJBEA4AoAeATAVAQAJAEADABBSBSBiBtBrBZBSBSBHA4ApAfAbAYARANAFADAC
3171402001001,BHBnBdBzBdBDBNBLBWA1AhA1AYAVAZAYADAAAHBYBaB2BVBEBOBJBHBDA4AhAiAtAhAVAIAEADAD
3171501001001,B3CBCPB+BMA2BCAwBAAyAlAXAWALANAHAFAFAFBeB5B3B0BLBCA6BXA4ArAlAeAjAQAMAQAEAEAG
3171600001001,BhBvCCCMBYBCA8A7A1AqAkAcAeAXAJAJAFADABBWBvCBCLBHA+A5BAA1ArAjAuApAYAUASAGAEAC
3171709001001,BYBXBpBtBaBNBEBNBDA2AyAgAdAZAdAPAGACABBTBcBfBqBSBFBFBIBFA3AwApAdAjAWAJAIAAAD
3171808001001,BcBrB7B2BVA8BABCA8AxAfAmAcAVAZAJALADAABfB3B2BpBPBCA+BKA4AsAjAhAlAgAVAUAJAEAC
3171907001001,BhBsB3CHBHA8A7A5A4ApAaAoAdArAVARAMAHABBWBwB0BxBHA6AzBAAuAxA2AcAnAvAeASAHALAC
3172004001001,BUBbBgBlBcBKBNBPBAA1AvAcAZAbAKATAIADACBRBaBcBjBYBNBTBPBFA5AtAmAlAeAXAOANAEAC
3172103001001,BRBmBlBxBVBKBFBFA4ApA2AdAdAoAeANALACACBlBdBYBlBTBFBJBLA7BAAiAuAbAfAXAVAGAFAD
3172202001001,BaBcBVBbBPBaBwAxBRA1AwAdAgAdAgAEAQAFAFBKBgBhBmBIBJA1BEA3A8ApAvAnAjARAbAHAGAJ
3200102001005,BSBgBpBpBfBTBCBIBCA0AmAkAWAdASAVAFADAABNBaBsBnBgBOBMBKBBA2AmAoAjAaARAMALAHAA
3200102001099,BeBoBvB1BrBVBQBEA9AyAhAvAgASAOAKAEAFADBZBdBjBtBcBOBBA8AxAyAzAaAfAVAVAKAHACAB
3200136001001,BUBmBzBxBYBYBSBKBGAxAmAmAXAcAbAIAEADABBZBhBbByBWBWBMA8A3A2AoAkAdAXASAEAFABAB
3200169001001,BkBlB3B7BgBUBDA/A6AxAjAiAfAXAUANAIAEAABWBfBuByBYBJBBA9A5AvAlAjAeAbAWAPAHACAB
3200201001001,BdBgBpBrBYBDBIBGA+A5AlAjAfAbAXAQAKADABBTBeBmBjBXBIBKBMA+AyApAmAlAbAVANAKAIAD
3200300001001,BKBaBjBnBkBUBUBQBHA3AuAlAjAaAUAPAFAGACBRBYBaBmBXBRBJBIBAA1AlAnAaAWAXALAMAFAC
3200359001001,BcBcB6B+BwBLBLA9A8AuA1ARAbAcAVAJAHAEAABcBWB2BxBaBTBHBBA5AuAsAZAjAWAPADAEACAC
3200409001001,BXBiBwBwBcBVBJBJBGA6ApAdAUAfAUAHADADAABVBWBoBtBjBTBNBGBCAuAuAfAcAQAUAFAHAFAE
3200508001001,BZBgBfBuBaBHBIBJA7A4AuAjAnAcAeAPAFAGABBOBcBoBbBWBHBKBGA9A3AuAkAfAqAUAKAKAHAD
3200607001005,BiBpBsByBoBSBLBHBCA0AjAWAUANAJAIADADAABgBjBuB1BmBbBQBNBAA1AdAYAVAQAJAKAGADAC
3200607001099,BsBpB6BtBhBMBFBFA+A4AqAbAVARANAKAGADAABiBvBxBvBdBMBLBGA+AxAiASAcAPANAIAJADAC
3200706001001,BWBhBoBwBhBQBKBEBEA7ArAoAVAbAYAMAGADAABdBVBpBkBfBIBGBNA6A0AoAbAeAcARARAGAHAC
3200805001001,BcBhBhBqBgBNBLBIA7AzAqAcAhAZAPANAIAEABBcBeBeBlBZBRBLBJA+A2ApAmAgAeASAUAJAFAB
3200904001005,BaBdBuBqBeBGBKBGA9A0AnAcAdAUAaAKAKADACBcBVBoBpBgBTBPBNA9AzApAnAlAdARAKAHACAA
3200904001099,BdBpB7BrBgBWBOBLBDAuAsAjAbAkANAIAIAFAABaBdBiBoBVBRBDBHA0ArAoAmAeAWAFAPABAFAH
3201001001001,BeBqB1BxBeBTBLBMA9AyAiAbAZAUASAQADADABBgBoBqBsBXBMBIBKA/AvAlAfAbAYALAMAGABAB
3201100001001,BWBQBeBgBbBFBLBGBIA4ApAjAdAaAbARAGACAABVBPBdBiBaBMBSBJBQA7AuAjAfAmAhAQAJAEAD
3201159001001,B+BvB8CJB6BaBLBCA0AuAhAYAWAPAKAEADAAAAB7BpBsB3BmBOA9A6AyAjAaAYALAQAIAGAGAAAC
3201209001005,BZBdBjBhBaBLBPBOBGA5ArAcAXASARAJAFACABBXBaBiBlBgBRBTBWBJA7AtAfAeAaARAMAHADAC
3201209001099,BfBnBsBsBaBVBTBMA9A4AsAYAfAYAUAMADADABBaBlBtBiBeBBBNBGA9AwAeAsAWAYANARAHADAA
3201308001001,B+B4B9BvBjBOBNBCA2AsAYAWASAKAJAGAEABABB2BxB4ByBjBUBPBFA4ArApAQARAOANAGADABAB
3201308001002,BtBrBvB0BtBaBMBEA5AsAaAbATAQAKAEABAAAABvBoBtBwBnBYBMBIA4AuAjAbAYAOANAJAEAEAB
3201308001003,BlBpBrBzBnBVBRBBA/AxAfAeAUAQASAFADADABBjBfBqBpBmBTBQBKA9AyArAZAYASASAIAIADAB
3201308001004,BgBcBdBrBkBbBWBKBAA1AlAdAWAQAMAFAGABAABWBWBfBpBpBaBXBSBDA6ApAhAaAWAPAHAHACAB
3201308001005,CEB8B+BzBhBPBEA4A2AuAiAUARAPAOAEACABABB/B2B3BsBhBPBDA9A5AtAeAbAZALAQAGABABAA
3201308002001,BcBcBcBsBnBVBUBPBIA+AjAZARAOAHAFACAAAABcBVBhBqBsBdBcBVBMA6AxAWAWAMARAJABACAC
3201308002002,BZBZBaBqBnBdBUBVBDA2AoAgAbAMAHAGAEAAABBOBSBfBlBqBcBYBXBGA6AwAhATAVAQAJAFAEAC
3201308002003,BRBUBhBxBnBXBXBMBGA1AfAhATASAOAHADADAABOBVBjBrBnBYBUBZBKA5AuAhAeAVAOAJADADAB
3201308002004,BSBXBVBoBhBSBUBKBMA1AnAaAbAOANAEAEACABBOBSBhBsBhBbBVBWBTA2A1AdAgAYANANAIAFAH
3201308002005,BeBhBhBuBuBcBRBMBBAxAkAaAUAOAKAEADADAABeBXBkBsBoBWBYBOBDA8AiAjAYATAPALACABAA
3201308002006,BtBmBpBzBvBbBNBFA+AyAaAaATAJAKAFAAACAABtBjBrBxBpBhBMBJBDAxAlAYAOASAMAGACACAA
3201308002007,CCB+B2BvBiBQBPBKA4AnAgAPAMAKAHAHADAAABB8B5B6BoBcBbBQBIA5AtAjASARALAIACACAAAC
3201308002008,BFBFBPBfBdBSBNBPBFA8AxAeAYAYAWAGAMAFAABGBEBNBkBmBSBXBYBRBFA/AgArAlAXATAGAEAE
3201308002009,A+BHBUBbBYBMBTBXBPBAAnAqAYARAPANAIAEABBDBDBTBhBnBaBgBbBUBGA1AmAtAZAQAOAKABAA
3201308002010,BuBoB1BuBnBTBNBFA/AxAcAbATANAKAGAHACABBmBkBqBzBhBVBTBOA/AuAfAaAWASAPAHABAEAB
3201407001001,BRBOBYBcBXBMBTBTBFA4AhAoAaAcAXASAGADABBIBPBVBmBgBTBWBRBKA6AtAlAjAjAUAVAIAHAE
3201407001002,BaBhBuBuBoBcBbBPBFA1ApAkAaAYATANAFAEADBWBZBiBiBUBFBOBBA6AuAnAnAiAWAOAJABACAC
3201506001005,BTBXBhBmBdBSBQBOBDA1AmAcAYAWAPAJAFADABBRBWBiBmBjBWBZBUBIA5AqAjAfAaAPAOAHAFAD
3201506001099,BQBRBjBsBdBVBYBPBKA3AqApAiAgAYAMAIALABBHBfBjBdBNBKBSA6A7A1AqAlAoASASARAMAKAB
3201605001001,B0B0B6B1BfBKBHA+A2AsAlAWAYATAQAHAFACACBoBxB0BxBfBOBKBBA2AuAhAfAaATAJALAGADAB
3201704001001,BZBcBpBrBpBQBQBJBCA2AmAlAZAbATAHALACABBbBYBtBuBTBRBLBGA+A0AsAZAfAUASAJALACAC
3201803001001,BxBzB2BoBdBRBOBNBCA1AjAcASAXAeAKAFADACBsBeB5BiBMBSBJBDA2AwAgAdARAWALAIABAEAC
3201902001001,BYBfBoBqBjBbBSBRBAA0AmAjAeAUAXAHAFABACBYBdBnBoBcBSBNBGA4AvApAeAYAZAQATAGAFAB
3202009001001,BgBcBtByBcBJBUBSBAA4AkAgAiAUAVALADACAABgBkBsBnBOBJBSBGA1AxApAiAXAcAZAEAHADAA
3202108001001,BcBiBwByBiBSBHBEA5AvApAcAdAYATAHANACACBjBaBrBtBbBSBEBBA6A0AsAdAkAWARANAHAEAD
3202207001001,BdBbBmBpBfBRBPBMBFA6AmAeAZAWAUAOAHAEADBbBYBeBjBcBQBNBFBAA2AlAkAgAZAUAQAFAEAF
3202306001001,BlBeBoBqBbBBBHBEA9A0AoAhAnAcAQAHAFAAACBbBiBmBsBcBQBGBHBBA9AoAkAkAVASAMAHAFAF
3202405001001,BHBNBQBfBRBJBNBOBJA9AtAjAiAXASASACAFACBCBIBQBkBmBTBWBVBTBDAwAoArAYAeAPASADAD
3202405001002,BZBeBoBqBZBSBRBHBGA4AmAmAYARAYACABABABBeBYBdBvBeBaBaBUBIA2AlAhAdASASAEABAAAB
3202405001003,BhBcBlBvBmBXBRBJA9A1AhAkATASAGAHAHACADBZBSBjBzBrBTBQBQBIA9ArAaAYARATAGAFABAC
3202405001004,BzBpBtB0BoBYBRBEA9AuAiAYAXANAJAHAGABAAByBqBrByBnBSBLBLA5ApAlASAXAQAJAIACAAAB
3202405001005,BlBpBrBtBnBZBRBKA9A0AsAhAlASALAJADADAABkBhBkBjBfBTBIBBA6AxAoAeAbAOARAHAGACAB
3202454001001,BkBiB1B6BnBUBHBBA4AzAjAkAZANAWAGAEAEAEBqBiBkBrBhBWBHBBA5AvAkAeAaAaARAHADAFAA
3202504001001,BXBoBmBuBoBMBLBHA8AyAtAYAWAcAPAPACADADBVBfBoBqBlBUBPBDA8A0ArAfAbASAcAMAGADAC
3202553001001,B1BpB4CCBrBUBJA/A9A1AlAZAZATAVAGAEAEABBxBpByBvBTBMA/A9A3ApAaAcATAWAQAHACABAC
3202603001001,BNBcBnBfBjBTBTBXBSA7AoAoAXAaANANAEACADBJBTBZBkBcBQBUBOBEA2AlAkAhAXAQASAFADAD
3202652001001,B3BnBuB1B0BTBKBKA2AuAmAcAbAVAOAKAHACACBiBjBuBoBmBQBIA/AtAsAlAbATAaALAMAEADAB
3202702001001,BQBUBhBlBVBLBUBQBCA6AhAkAeAbAYAMAFAKAABFBRBfBlBUBRBMBHBLA1AmAqAxAgAZAUAGAJAE
3202702001002,BXBiBuBzBkBRBQBKBJA9AsAjAkAdATANAGAHACBPBTBaBdBWBLBDA/A4A1AwAaAiAhAWALAIADAC
3202801001001,BoBhBxBtBoBTBJBKA8A1ArAcAXAVARAJAFAFAABeBlBtBoBfBPBKBEA+AuAmAbAZAYARAKADADAB
3202900001001,BYBeBiBqBeBUBSBKBDAxAoApAgAeAXAQAEADABBTBUBYBkBcBLBNA+A8A3AsAnAgAdAXAOAKAGAC
3203007001001,BmBiBvB0BmBRBLBIBAAwAfAfAaAUAQAKAEADABBlBgB0BpBfBQBKBFA5AvAjAgAaAVARANAHACAA
3203056001001,BtBpB6B+BsBXBLBBA/AwAiAZAWAQAMAJADABABBqBqBxBzBiBNBIBGA2ApAdAaAOAXAHAOAEAAAA
3203106001001,BXBfBoBlBYBJBOBKA8AxAfApAYArAcAHAMAFABBWBfBiBhBXBLBPBFA8AxAuAjAhAfAdANAJAFAC
3203130001001,BLBcBdBrBjBRBMBLBIA6AnAeAZAYAcALAIAEADBKBWBgBkBhBSBNBLBIA3AoAgAhAfATANAJAFAD
3203163001001,BKBYBhBmBZBWBRBSBBAyAwAsAhAgAXAKAJADABBIBUBaBkBXBPBOBFA3AzA0A2AcAjAQAMAOAGAB
3203205001005,BjBlBtBvBoBUBMBDA9AxAjAaAUARALAHAFACABBgBlBqBsBlBWBTBLBBA1AkAfAWAUAPAHAFACAC
3203205001099,BtBwBzByBnBNBJBFA9AzAiAgAjASANAKAEACABBvBzBtBuBaBHBEA/A0AtAgAbASATAOAJADAFAD
3203304001001,BiBkB0B1BbBMBGBFA8AuAkAhAfAcAQAOAHADACBiBXBoBrBdBMBBBEA9AxApAnAdAaAXALAIADAB
3203320001001,BhBiBqBsBhBRBJBMBAA1AoAfAcAUAOAIAHACABBeBfBlBnBjBSBNBLBBA2AkAdAYAYASALAEADAB
3203346001001,BaBbBvBpBpBcBUBOBDA0AqAaAfAYAQAJAKACAFBYBkBcBhBYBSBMBGA+AtAgAhAiASAWAJAFAJAB
3203353001001,BHBYBgBnBbBWBWBTBKA3AxAjAbAcAVAVAEAEABBHBQBcBkBTBQBTBOBEA4AwAfAiAgASAMAJADAA
3203403001001,BLBaBiBgBaBCBKBQBFA3ApAiAYAZAbAPAIAEAABFBMBhBfBVBLBPBlBIA4AqApAsApAaAJAIAJAD
3203403001002,BdBnB3BwBzBJBABfBFA/AmArATAaASADAHACAFBYBlBhBwBgA/BFBEA2AtAgAbAcANASAMAEACAC
3203502001001,BZBnBsB2BgBKBIBDA5AwAyAaAbAXAbALAIACADBVBdBqBrBUBMBJBHA4AzAmArAjAeASAOAEAJAA
3203601001001,BcBlB9B8BdBBBGBFBAAzAkAoAaAcAPALALADACBhBrBwBvBUBABCBAA7AlArAjAhAVAWAJAFACAE
3203700001001,BrBqB2B4BjBMBLBGA3AwAnAbAaAbAWAGAKABABBhBjBxBrBZBLBGA9A4AqAjAkAUAZAQALAIAGAE
3203809001001,BTBcBsBpBaBNBPBHA+A1AhArAiAaAUANAKADADBRBbBmBqBWBKBFBHA+AzArAkAhAjAbAPALADAC
3203908001001,BjBpBrBoBZBQBIBMA+AyAgAXAVATAPAMAGACABBeBhBuBnBjBWBaBOBAA0AmAaAdAWAQAJAGAFAB
3203908001002,BeBtBvB4BfBYBVBOA/A2AqAsAgAWATANAFACAABbBYBfBeBRBQBFA8A6AzAoAcAhASAQAKAGAEAC
3204005001001,BjBjBxByBnBQBOBGA9AwAsAdAiARARAGAGACABBhBgBuBsBcBMBGA+A8AyAnAgAZAZARAGAKADAC
3204054001001,BtBwBxB3BkBJBMBEA4AuAhAeAPAUAPAJADAFACBsBsByB1BgBPBGBAA7AsAlAZAWAXAOAEAEAFAB
3204104001001,BgBjBvB0BoBOBLBBA6AxArAbAXAgAPAHALADABBUBcBqByBfBMBHBAA+AxAkAtAcAYASAOAGAEAC
3204203001001,BhBoBqBpBgBRBOBNBBAvArAdAcARAIAOAGADABBjBmBmBkBeBRBQBLA9AwAkAhAdAZANAJADADAC
3204252001001,BYBnBoBzBeBOBHBHA8A0AlAjAjAhAXAUAEAEACBSBaBnBtBXBIBBBBA6A1AgAyAbAdASALAKAEAE
3204302001001,BkBnBvB3BdBJBEBJAzA5A4AdAhAWATAIALAFACBWBjBoBvBdBOA/BCA6AwApAfAbAYAOAOAEABAE
3204351001001,BgBeBnB2BqBcBcBNBCAzAfAiAYAWAUALADABAABVBYBjBuBhBTBIBKA+AtAgAdASAdASAIADADAB
3204401001001,BTBcBlBvBkBPBFBRBHA6AsAgAeAfAPAKAIAGABBSBWBlBqBZBEBOBIA8A1AkAjAiAaARAMANAEAF
3204500001001,BhBiBrBpBhBUBPBVBCA6AmAlAiAcARAMAFACACBXBdBjBnBSBHBGBDA4AtAiAgAgAcAZALAIAFAC
3204559001001,BnBtBuBtBnBUBTBEA7AxAsAcAVAUAQAJAEABAABlBkBxBvBdBTBFBAA4AvAmAZAeARARAIAFABAB
3204609001001,BQBXBrBpBcBSBRBTBBA8AqAmAdAeANASAGAGADBMBQBgBkBXBMBPBFBCAzAsAoAgAXAaAOAGAHAD
3204658001001,BQBkBqBsBcBNBEBRBFBBAlAgAZAfAVAJAIADAEBMBcBjBnBVBJBZBBBGAsAnAmAcAcASARAMADAH
3204708001001,BZBdBqBrBrBVBOBJA/A1ApAbAYAVASALAFABABBQBYBmBvBkBPBRBKBDA1AmAfAcAXAVALAIAEAA
3204807001001,BUBdBeBjBUBNBHBHBHBAAqAlAdArAXANATACAABNBSBiBaBVBABMBIA/A0AmAvAuAYAXAUAMAIAG
3204906001005,BpBsBwBzBhBNBJBIA+AxAdAZAPAOAOAFAGABABBmBrByB1BpBYBQBOBBAvAhAUAXAQALAGAEACAC
3204906001099,BgBqB2BxBhBNBXBLA+AxAlAjAdAXAQAIAFAEACBoBpBmBqBdBQBCBKA3AvArAaAYATAKAHABABAB
3204955001001,BUBXBiBiBbBZBbBXBHA7ArAfAlAXASAUAFADAABQBXBbBfBVBOBUBEBCA0AnAlAeAcAVAKAJADAB
3205002999001,CAB2B4BsBnBVBMBDA6AuAZAUAOALAHACADABAAB7ByBzB1BmBbBUBHA8AoAYAUASAKAKAFACACAB
3205002999002,BnBkBrB3BmBVBPBFA/AyAkAYANASALAIAGABAABmBbBoBzBpBYBTBIA+AxAoAXATAVAMAHAEAGAB
3205002999003,BMBUBpB3BnBCBCBSBXBDArAZATAQAJACAAAAAABIBUBuB8BlBJBSBkBeBHAmAbAPAPAMAKADACAB
3205002999004,BpBiBtB0BcBNBTBSBLA0AaAaANAIAMADAEABAABpBiBpBtBnBfBbBWBJA0AbAbAXALAIAFAAAAAC
3205002999005,BlBfBrB1BmBTBNBPBAA3AiAXAOAMAHACAFAAACBgBbBtByBrBeBWBSBKA8AmATARAQAKAGABABAA
3205002999006,BtBgBsBvBrBXBUBKBBA0AdAYAOAOAMACAAABACBnBfB1B1BsBVBXBRBBAwAiAUAPANALAAAGACAB
3205002999007,ByBxByByBgBSBLBPBFAuAfARAMAMAKAEAAABABBrBrBzBxBjBRBXBYBGAtAdAXASALAIAFACACAA
3205002999008,BtBjBuBtBhBRBKBHA/A0AsAXATAUAOAFAEACABBoBmBkBrBgBYBPBLBCA3AhAdAWASAMAGAGAEAB
3205002999009,BDBHBVBtBfBLBJBKBTBEA2AjAVANANAAAEADAAA8BEBaBzByBdBcBiBbBRA3AeAWAWAMAKACACAA
3205002999010,BqBiBqBrBrBfBTBIA/A0AmARAQANAIAGABABACBrBeBjBrBrBhBWBOBCAzAgAZARARAKAGADACAC
3205002999011,BjBgBnBvBqBXBOBNBEA3AoARASAMAGAFAEABAABjBcBoBtBrBZBYBSBKA4AjAdASAPAGAGADAFAC
3205002999012,BwBqBoBiBhBdBbBYBHAyAhAQAMAKAGAEACABAABtBrBrBoBiBiBgBWBAArAYAZASALAHAEACACAA
3205010001001,B6BpB3BxB2BWBMA/A1AtAcAdATAOANAJAEAAABB0BzBvBzBkBSBFA9A2AsAbAZAaANAMAEAFAAAB
3205036001001,BtBfBtBsBlBXBaBPBEA1AnAdAdAZANALAHABAABeBjBlBlBdBMBMBEAzAsAaAjAaARAVAJAHADAB
3205069001001,BbBgBpBpBnBWBVBWBHA2AoAdAeALASAJAEABAABPBZBmBmBkBXBXBIA9A0AtAVAeARANALAHAAAA
3205101001001,BgBjBtBxBqBYBTBMBEA0AjAXASAPAMAHADABAABfBeBqBxBiBVBQBPBDA0AkAYAWARALAJAEADAB
3205150001001,BgBgBrBrBjBWBXBOA/AzAnAfAeAbAKAKAJAHAABRBqBwBpBZBQBIBFA6AnApAeAbAUAMARAKABAB
3205176001001,BYBjB2B1BwBjBPBMBFAuAnAaAWAZASAHAFADABBhBiBrBcBgBMBLBCA7AuAiAXAZAWAPANAEACAD
3205200999001,A5BDBVBhBSA8BABSBXBKA7ArAdAbAMAKAIABAAA1A+BMBgBmBMBZBlBnBPA1A2AnAWAYAPAHAEAC
3205200999002,A+BBBVBkBQBBBEBUBSBIA/AbAaAQATAFAEAAAAA9BABZByBlBOBWBoBjBVA5AsAgAZAPANAJABAB
3205200999003,BBBFBbBjBPBCBKBTBKBPAyAWAWAWAMAGACACAAA3BEBVBrBoBZBdBwB3BKA9AjARAhAPAFAGAEAC
3205200999004,BDBHBRBgBdBPBNBKBBA2AjAqApAUASANAIACAABCBABOBeBnBaBXBTBHBDA/AsAnAqAeARANAIAC
3205200999005,BQBSBTBkBgBTBRBNBDAyAiAhAeAVAMAIAGABABBOBQBUBmBsBeBXBZBPA8AyAjAeAbAbALAJACAD
3205200999006,BiBXBiBnBhBWBYBEBFA2AkAbAWAKAOAEABAEAABIBWBZBhBrBkBdBZBKBCAoAnAiAVAKAIADAGAA
3205200999007,BKBRBWBeBQBMBVBhBWBBAkAjAZAWAJADADABABBHBGBTBiBlBeBiBnBZBAA1AfAUAYAXAHAJABAB
3205200999008,BLBQBfBuBeBKBNBLBMBBAyAaASAPARACAEABABBHBRBiBwBpBXBQBhBUBHArAmAaAUATAHADADAB
3205200999009,BFBEBYBpBlBVBKBTBFA2A2AdAaATAEASADABAABCBIBSBnByBcBXBYBQBEA4AwAiAYAMAMACAGAC
3205200999010,BHBHBaBiBeBLBRBRBJA7ApAiAUAVATANAFABAABHBJBPBgBjBUBYBZBVBCA9AhApAfAcAPAHAHAD
3205200999011,BUBTBUBgBkBUBSBUBCA2AqAaAgARAPAFADABABBVBRBXBmBiBdBcBSBJBCArAjAgAZAVAMAGAFAC
3205200999012,BdBaBkBoBeBXBWBTBEA1AhAYAWATAQAHAAAAAABYBWBjBnBaBWBZBXBIA0AtAgAbAZAPAKAFAFAD
3205200999013,B0BtBwBoBnBXBPBMA4AuAaAVATAIAMAFAAAAAABpBsBwBuBsBbBVBJBAAsAfAbAYATAMAHACAAAB
3205200999014,BbBXBgBpBeBSBRBRBDAyAlAYAUAYAMAHAFADADBSBWBbBoBjBVBQBYBIA6AvAaAjAgAVAOADADAE
3205200999015,BRBSBaBiBkBWBSBJBAA1AkAgAbAZAPAFAHADAABSBUBUBkBlBUBYBMBJA9AsAtAnAXAVAOAIAJAB
3205200999016,BfBWBcBiBlBWBXBMA/A0ArAUAbAMAQAHACAAAABZBVBeBpBsBaBaBSBFA6ArAiAgAUANALAHADAB
3205200999017,BhBZBnBmBnBXBZBQBCAyAgAeAYAOAKAFAEAAAABXBXBjBlBnBgBZBTBDA0AsAeAXAWARAKAFABAC
3205200999018,BjBfBgBqBfBKBHBcBIA6AhAqAcAWAPAIAEACAABhBWBgBlBcBKBVBVBKAzAuAmAQAWAQAEABACAD
3205200999019,CLB7BzBjBcBUBNBFA7ApAkANAPANAGADADABAACIB7B1BqBfBeBUBIA5AnAdAUARAJAGAHABABAA
3205309999001,A/BGBPBbBUBEBCBGBDA5AuAnAeAbAWATAIAGACA6BBBOBiBeBLBRBTBVBJA2AyApAxAnAbAUAIAI
3205309999002,BhBeBfBoBeBLBPBKA9AzAkAYAUARAOAGAEABACBbBWBgBtBsBUBTBQBNA6AuAfAdAcARALAIAGAC
3205309999003,BYBUBbBoBgBOBJBIBAA0AnAeAbATAQALAEABABBVBQBdBnBnBUBOBSBKA/AyAgAeAkAVAOAJAIAE
3205309999004,BaBVBgBlBmBVBSBOBBAyAhAZAWATAPAIADAAABBVBWBaBoBpBbBbBSBGA4AoAlAgAbAVANAFACAB
3205309999005,AwA1BNBkBeA9A5BCBMBIBDAvAjAbAXAGAGABACAtA4BGBsBtBPBJBdBgBYBDA1AnAgAhAJAUAHAI
3205309999006,A9A/BTBlBdBIBGBQBPBGA0AjAZARAMAHAEACABA4A/BOBrBuBaBZBkBhBSA8AnAgAXASAKAIAHAC
3205309999007,B2BrB4B2BoBSBJBEA7AvAaAVAKAMAFAGADABABB1BrB0B0BsBTBQBLBDAvAhAVAVALALABADACAA
3205309999008,BLBFBVBsBqBZBIBBBMA/AnApAQAUAKAMAAAAAABIBHBQBzCABiBOBaBVBGAzAoAVAXANAKACAHAA
3300100001001,BhBdBgBtBjBQBQBNBOBCAtAjAQAYAJADAEACABBjBeBgBmBgBUBTBRBIA3AsAVAXAJANAEAIACAA
3300100001002,B1BpBjBpBlBXBQBMBGA0AqAbARAMAJAFADABAAByBnBjBoBnBWBSBQBEAxAgAaARALAIAFABACAA
3300100001003,BYBUBZBpBhBUBOBQBJBBA2AeAZAbAQAGAEACABBYBYBWBbBZBNBUBOBOA5AyAhAdASAVANAGAIAA
3300100001004,BVBVBYBhBlBSBTBcBKA3AnAlAWATAVAHAFAEABBRBRBTBpBYBVBXBYBKA6AyAhAjAZANAKAEABAA
3300159001001,BEBUBYBpBVA+BKBVBCA/A0AnArAVAhALAGABABBJBLBaBjBSBLBTBaBLA6AuArAbAhAWAUANAFAD
3300209001001,BZBQBYBeBXBNBMBSBCA1AmAsAhAXAQAPAGADABBQBVBVBYBXBRBVBUBMA7A2ApAoAbAWANAGAMAC
3300209001002,BbBeBiBjBYBFBFBQA/A5AwAmAlAbARASAGAAABBZBZBYBdBYBMBSBLA/A7AyApApAbAXAHAEAEAD
3300209001003,BwBoBmBkBfBSBNBBA+AwAiAlAcAVALALACABABBlBlBgBnBgBUBRBJA+AzAjAmAUAWATAJALABAC
3300209001004,BKBJBZBcBMA/BEBHBIBBArAvAjAjAZAOAHAAADBEBMBUBbBTBKBPBTBZBFAsA6AqAlAXAWAQAFAE
3300209501001,BsBqBqBnBcBKBFBCA5AxApAlAcAaARAMAJAEACBiBrBqBoBcBPBHBFA0AuAoAgAXAaAVAQADAFAD
3300225001001,BfBnBnBZBVBRBPBEBIA5AqAlAhANAWAJADABABBXBZBfBiBgBJBSBLBIA5AzAfAdAbATALAIAFAE
3300233001001,BpBjBdBdBhBYBkBZBMAzAtAaASAUAIAEAEADAABkBcBaBfBiBcBaBVBGA1AbAhAOAWAHAJACACAB
3300258001001,BcBXBaBZBbBSBTBZBJA5AtAjAjAZAVAGACABABBbBUBVBaBZBMBUBcBLA3ArAsAdAcASALADABAB
3300308001005,BRBPBUBYBYBHBKBNBIA8AzAgAaAXARANAKABACBRBOBSBaBXBNBSBXBQBHA7AqAlAmAbAPAIAFAD
3300308001099,BhBaBYBkBcBTBOBPBEA7AxAdAcAQANAGAHAEAABeBWBeBkBlBTBOBVBLA9AoAhAbAVAXAGAEACAB
3300407001001,BbBQBYBkBiBQBKBSBNA2AtAXAlAVALAIABAAAABSBUBfBhBdBXBUBUBKA/A2AfAfATAWAWAEADAA
3300407001002,BWBUBYBcBbBLBOBOBHA6AyAgAaAdALAJAGABABBVBRBZBfBbBTBWBXBHBDAtAsAiAaAWANAHADAC
3300407001003,BeBYBeBfBjBTBIBRBAA6AsAkAYATAOAEAGAAAABbBcBbBoBhBVBVBTBKA+AnApAaAaAMANACACAA
3300407001004,BeBaBcBkBWBWBRBVBKA6AsAXAcASAHAKAFADAABYBaBcBfBaBZBaBMBJA7A5AfAaASASAPAEABAB
3300407001005,BVBVBfBiBiBNBLBPBEBBAyAkAcATAPAHABABAABVBPBWBkBhBRBSBUBPBHArAqAXAdARAOADAAAE
3300407001006,A6A/BNBVBPA9A6BUBMA+AyAtAgAuAUASAEACABA1A+BMBhBVBGBLBcBcBQBAA7AnArAiAXARALAG
3300407001007,BaBcBhBgBYBJBQBVBJA6AqAhAWAXALAJACACAABVBXBdBeBaBUBVBdBQA9AvAlAeAWAQAKAGAEAB
3300407001008,BfBaBeBeBgBTBUBUBHA6AwAeAkAQALAIABAFAABdBYBbBlBdBVBTBWBFA1AmAhAhAPAOALAGABAC
3300456999001,BZBVBSBcBYBLBLBFBFBAAwAkAbATAUAJAEADAABXBOBRBfBfBRBRBVBRBIA3AlAgAmAUARAIABAC
3300456999002,BlBgBbBbBcBRBNBKA/A4AxAYAaAQANAIAEAAABBgBfBZBgBeBXBYBQBOA8A1AcAZAaAUAJAGAGAB
3300456999003,BkBeBXBbBbBVBOBKBGA1AjAjAYARARAHAEABAABfBZBYBeBjBXBaBTBIBCAuAhAlAUATANADACAE
3300456999004,BiBfBcBcBaBVBPBKA+A4AxAZAeAQAMAIABAAAABfBaBVBgBgBaBXBSBOA8AtApAYAaAYAHAGADAB
3300456999005,B4BvBrBoBgBKBEBDA+AzAlAbAWARALAEACAAAABvBqBrBtBcBPBNBHBFA4AmAhAdAMAQAGAEADAC
3300456999006,BvBwBmBlBXBWBSBIA5AyAhAeAPARAOAGAIAAAABvBpBcBeBiBdBVBKA/A1AkAjAZAYAMAMAEADAB
3300456999007,B0BtBnBnBdBRBOBEA9AsAlAaAWAOAQAEACABAABzBsBkBgBkBSBRBMBBA1AnAfAVAYAMAKAGABAB
3300456999008,B6BvBiBjBdBRBKBIA5A0ApAYAWAOALAFABABAAB0BwBmBjBZBXBRBQBCAzAkAhAcANAKANAHAAAB
3300456999009,BvBhBdBgBZBSBPBFBCA1AlAeAZAMANAGAFABABBoBjBgBgBdBZBYBPBIA9AvAbAeATARAMAGABAA
3300456999010,BrBeBUBfBhBbBQBLA2AyAsAhAgAPAGAHACAAABBsBhBbBkBoBdBWBKA+A5AsAoAdAOAQAHACAFAB
3300456999011,BqBgBcBsBYBRBOBIA/A1AvAYAUARASAEADAAABBtBlBdBfBkBUBTBOBLA6AvAcAWAaAMAKADADAD
3300456999012,ByBtBpBhBZBWBUBHA6A0AjAdATAOALADAAACAABvBsBXBqBcBZBUBOBBA1ApAeAcAQAOAIAIADAA
3300456999013,BiBhBdBjBZBVBOBFBEA7AyAbAVATALAEACADAABcBdBYBgBgBXBWBVBJA+AyAjAeATAPAMAEADAC
3300456999014,BuBpBnBlBcBWBRBGA+AtApAdAbANAKAIABABABBoBfBpBrBdBbBPBIA+AzApAmAZATARAHAHABAB
3300456999015,BnBiBdBjBgBXBRBIA7AyAjAlAVASAIALACAAABBqBfBaBjBnBZBVBNBCA5AyAeAeAUAQAHAGABAC
3300456999016,BsBrBiBiBjBOBRBKA7AyAgApAYAPAKADAEAAAABmBjBiBjBjBUBWBPBEA7AvAdAUASANAMABAEAA
3300456999017,B0BsBhBnBdBZBTBFA9AsAkAdATAVAHAFACACAABuBnBmBjBiBSBXBNBCA1ArAfAYAPARAGACACAB
3300456999018,BpBnBlBmBZBXBWBEA8AvAyAUAZAMALALACABAABoBlBcBlBfBYBVBQBAA1AlAkAeAXASAFACAEAA
3300456999019,BmBfBgBfBhBZBVBEBAAyApAeAYASAJAJACAAAABiBdBhBnBjBXBZBOBAA/AnAkAWAYAIAKALADAC
3300456999020,BeBYBiBjBgBIBNBMBDA7AmAkAUAXAPAKABABAABZBWBWBlBdBTBWBYBHBCAzAiAkAZAZADAFABAC
3300506001001,BWBYBeBkBeBXBPBPBGA7AvAkAcAbAWALAGACABBXBWBbBcBeBOBMBOBAA5AsAgAdAaAWANAIAGAC
3300605001001,BRBYBbBhBbBIBQBEBAA4ApAoAiAbAWAOAIACABBSBTBbBeBYBOBJBTBLA4AtArAlAhAXAPANAGAD
3300704001001,BPBPBbBeBPBDBFBPBOBBA0AoAoAXAUAQAEABACBMBPBUBZBTBNBMBRBWBCAxA2AkAbAYALAJAJAB
3300704001002,BIBQBYBZBRBBA8BpBHBLAqAtAhAcARAMAAACAABKBMBDBoBoA5BZBgBbBHA3AlAgAiAQARAIAEAA
3300704001003,BRBWBUBfBYBQBOBTBOA3ArAjAeAVAVAFAGAAAABRBZBWBYBaBWBbBhBPA8A0AkAiAaAJANAGAEAB
3300704001004,BkBfBfBjBeBRBQBRBDA4AwAbAeAUAIAFABAAABBgBiBeBhBcBYBVBZBGA3A0AcATATANAJAHACAA
3300704001005,B0ByBpBpBgBUBTBTBHAsAVAiAWAQAHAFAAAAACB8BsBmBpBaBUBTBQBAApAcAdARANAKAJAAACAD
3300704001006,B/B4BxBpBeBXBWBJA6AtAYAfASANAKADABAAAACAByBrBnBeBZBSBKA8AtAcAVAXAIAGACAGABAB
3300704501001,BuBwByBnBfBFBKBMA+AuArAiAgASAXAFADACAABtBrBXBgBWBSBJBTA4AwAsAdAYAcAOAFADACAB
3300803001005,BTBeBeBgBdBVBKBLBBA4A9AnAXAbANAMALABABBNBPBXBZBaBQBSBVAzBCA4ArAdAhAZAJAKAEAD
3300803001099,BgBjBiBjBdBYBRBNA/A2ApAhAeAWARALAEADACBhBjBeBiBiBQBTBKA9AvAnAeAYAVASAMAFAIAB
3300902001005,BaBTBbBhBWBFBIBJBAA2A8AhAkAoAQAOAQAEADBHBEBVBcBPBUBTBSBLA9A5AiAaAeAbAaAKADAF
3300902001099,BNBRBPBkBeBKBPBHBLBAAvAyAnAgAfAWAKAFAABFBHBVBaBRBFBJBJBBA5AzAnAnAeAnAVANAFAB
3300936001001,BgBgBbBkBWBeBSBRBDA4AwAiAhAbAPAOAFAFAABWBRBVBeBYBhBOBLA+AxAzAbATAaARASAKADAG
3300951001001,BZBVBhBeBdBKBQBHBMA0A5AgAbAbAXAMAHAEAABVBXBUBfBXBMBVBcBFA/AuAkAiAZATAKAFACAB
3301009999001,BgBnBsBrBeBJBIBDBAA1AnAmAZAcAWAIAHAFAEBgBoBlBrBWBFBHBEA9AyArAhAdAgASAIADAFAC
3301009999002,BRBgBeBfBSBEBJBRBCA2AyApApAiAOAYAKADACBLBSBiBbBNBBBJBUBEA9A2AqAnAYAdANAKAEAB
3301009999003,BUBlBgBdBTBQBUBOBEAyA0AgAbAjAXAMAGACABBaBeBhBdBKBJBQBRA7A1AqAsAoAaAUAIAIAHAD
3301009999004,BTBeBkBfBWBFBCBFA4A/AlAyAcAcAkAQALAFAGBOBfBgBYBWBEBEBHBEAvAwAmAoAqAXAWAOAHAE
3301009999005,BpBwBtB0BaBLBIBAA5AvAgAjAfATARAHAEAAABBpBiBtBrBhBQBJBNA8AzAmAfAaAXAPANABABAE
3301009999006,BeBeBfBpBXBGBOBQBFA2AnAjAZAaAPAEAFACAABZBcBeBhBbBPBUBXBOA6AyAhAbAXANANAJAEAB
3301009999007,BkBhBnByBdBUBNBDA/AxAxATAcAPAHALACACABBmBjBhBoBjBVBKBPBDA4AvAgAaAOAUAGAGADAD
3301009999008,BSBTBaBcBdBMBIBIBJA2ApAiAbAbAPAIACAAAABQBYBWBnBbBVBXBdBLA9A4AmArASAbAQAHADAB
3301009999009,BCBJBYBeBZA/BBBFBBA0ArAqAbApASAMAHAGACBABMBPBkBfBNBQBYBRBHBEAyAgApAcAcAIAJAC
3301009999010,A8BHBLBaBQBCBGBJBLA9AxAoAWAeAXASAJAJAABCBCBSBdBaBLBFBWBXBJBGApAxAsArARASAJAD
3301009999011,A3A5BEBSBSA7A6BFBBA5A6AhAtAYAcAWALADAFA0A7BHBZBdBDBIBYBbBOBJA2BBAtAzAgARANAJ
3301009999012,BQBXBhBoBcBDBGBNBKArAnAnAbAYAQATAHAAAABSBQBXBmBZBKBRBdBUBFAzAoAbAbAbASAEACAA
3301009999013,BVBYBVBiBWBIBFBNBGA2AyAfAXAQAXAMADABAABQBWBVBjBkBOBUBXBMBDA7AmAmAgAUALAEAFAG
3301009999014,A8BMBNBbBRBDBBBOBDA8AuAtAiAZAWATAHACAEBBBHBNBWBTBDBQBeBUBLA+A7AyAsAhAUAKAMAF
3301009999015,BGBMBRBaBSBBBEBNBEA5A1AgAjASAcAOAEAEACBGBFBMBfBiBLBUBiBVBJA4AvAqAmAhALAJALAG
3301009999016,BgBhBoBgBbBHBRBTBFAyAhAoAXAPARAIAEADAABbBcBeBhBVBRBWBeBJA6ApArAkAUAPAHAGABAA
3301009999017,ByBvBvBsBjBRBHBHA5AsAiAdAVASAJAGADAAABBsBrBtBwBgBTBNBLA9AtAlAfAYASAQAGAEAAAB
3301009999018,BrBqBlBsBhBNBNBJA/ArAiAWAXAUAHAJADABACBqBiBhBrBnBVBTBQBEAzAmAeAUAbATAEAFAAAG
3301009999019,BeBnBfBnBfBNBMBKA6AzAnAZAgAZAKAGACADAABjBaBdBoBgBRBSBWBDA2AyAdAjARAcALAGAFAA
3301009999020,BgBXBUBsBVBHBQBHA7AwAkAlAVAdAOAGADAHAABUBTBfBkBmBXBQBYBFBCA6AeAfAkASAOAMADAC
3301009999021,B2BrBkBtBlBSBJBBA1AsAdAfAUANAKAHABAGADBvBsBpBrBpBXBPBKA9AyAoAfAWAbAKACAGABAE
3301009999022,BdBYBgBpBXBKBLBKBEAvAtAdAbANAVAIAEAAADBXBbBWBhBhBUBVBUBMA+A6AfAlAZAQANAIACAE
3301108001001,BYBeBhBjBYBNBNBKBEAzAuAmAfAXAXANAHADAEBTBWBbBfBcBNBTBPA/A3AwAmAdAiATALALAFAD
3301157001001,BPBXBUBjBdBKBBBFA9AyA7AkApAlAcAXAGAEADBHBVBpBeBaBNBHBKA2A5AwAxAgAiAYANANAGAF
3301207001001,BZBOBdBbBZBMBOBLBFA/AkAxAhAgAUAQAJACABBPBWBXBbBbBNBSBMBIA7A4AYAkAYAcAOAIAHAE
3301306001001,BbBdBfBoBdBPBOBKBDA9ApAmAbAWASAKAGADABBSBcBaBlBfBTBSBOBHAxAoAmAiARAVAJAIAGAC
3301405001001,BdBjBhBiBfBOBTBRA/AwApAgAfASAVAIAIAFABBeBeBhBdBYBQBXBOA/AyAsAgAkAVAXAGAJAFAB
3301504001001,BaBXBaBdBdBKBNBMBGA4AsAkAcAaAPAIAIADAABQBUBZBiBbBLBUBVBFA+AuApAdAeASAVALAHAE
3301603001001,BhBeBlBiBdBUBRBRBHA2AnAnAdAZAYANADAEAABWBZBkBhBaBQBCBYBBAvAgAgAUAaAWAPAKAFAB
3301702999001,B+CBBfBcBVBRBRBBApA1AvAPAZAOAEADABAAAAB7BiBkBpBgBWBSBNBVAxAnAhAZARAMANADABAA
3301702999002,BbBaBVBhBTBQBTBKBBA8AoAlASAXASAHADADAABYBZBWBbBjBbBaBQBRA+A0AlAfAeAQAMAGAAAB
3301702999003,BfBjBcBeBYBPBQBHBBA4ApAeAeAQAHAPAFAAAABWBOBOBfBdBVBVBaBNBDAyAlAmAYAaASADAEAC
3301702999004,A/BEBMBcBSBGBABMBKBDAuApAdAhAXAHAFADAAA/A9BQBgBiBOBTBYBdBTBFAsAvAeAiAXAKABAC
3301702999005,BYBTBUBfBaBPBMBOBDA1A0AfASATAPALAGABABBZBRBRBiBdBWBUBUBSBFA0AtAqAYAVAMAFAEAB
3301702999006,BSBOBSBbBaBIBIBQBABAAxAfAZAbARAIACAAABBSBQBPBfBdBTBOBZBYBAAtA4AmAlAWARAKAHAC
3301702999007,BmBbBXBaBTBMBABJBAA4AsAeAhASAQAHAEABABBnBdBcBdBbBQBSBPBKBHA6AhAkAYAbANAHAFAC
3301702999008,BDBMBLBeBWBIBCBIBKBABAASAnAUAQANAEAFAABMBKBKBVBXBXBTBTBWBMBDAwAsAsAZARAOAGAA
3301702999009,BfBTBUBhBlBTBMBIBCA1AuAgAfALAIAMADABACBcBUBTBkBhBZBWBPBLBEA4AjAcAfAPAQAEAHAB
3301702999010,BYBYBaBdBcBLBLBKBJA0AnAjAdARAeAIAEAAAABMBQBTBiBnBVBSBSBDBKA1AoAlAiAbAEAGAEAC
3301702999011,BHBIBPBaBUBJBIBHBFBDA7AaAeAXAVANACADAABLBRBLBiBbBYBOBVBWBMBCAlAmAsAeAMAGADAD
3301702999012,BYB4BGBFBeBOBRBABJAwAxAfAbAcALALABACACBZBPBYBRBXBaBJBXBSBFA3AsAfAwAZAJADALAA
3301702999013,BoBsBcBiBaBQBJBEBAA1AsAbAZARANADACADAABmBeBgBlBfBQBVBQBGA6AyAfAaAZAQAPAJACAA
3301702999014,BXBPBUBgBTBLBIBLBJA3A0AaAUAYARAOAAAEAABUBTBaBYBhBZBSBVBSBHA/AkAgAoATAMAIAEAB
3301702999015,BXBaBUBiBeBPBJBNBIA4AuAdAdAUAQAGAEAAAABcBQBZBfBcBWBRBUBSBHA5AdAfAZAZANADAEAA
3301702999016,BiBbBXBdBgBQBTBHBDA7AxAfAVATAMAJAAABAFBeBUBWBhBYBYBSBXBOA+A4AiAhAVAWAIACAEAC
3301702999017,BhBiBcBhBbBRBQBOBAA1AvASAdAOAJAFACAFACBiBjBgBYBfBZBXBWBJA4AuAmAZAbAJAHALADAE
3301702999018,BTBdBhBdBZBMBBBJBIA9AlApAZASAOAHAEABABBVBSBOBiBgBSBWBWBTBGAvArAiAjAYAMAJABAA
3301702999019,BeBcBWBjBdBQBOBKBEA+AuAdAXASAIAIAGAAAABcBWBWBjBYBaBZBWBUA/AqAqAXAeAUAKAGADAA
3301702999020,BpBjBcBeBdBNBNBNBCA1AlAiAUATAHAIAJAAAABhBcBbBfBmBTBXBPBKA+AxAjAaAWAPAPAFADAA
3301702999021,BbBSBfBfBXBKBNBNBJA4AuAdAfANANAEAFACAABVBWBSBiBiBQBVBZBTBBA9AdAbAhAWAJAIAFAC
3301702999022,BpBkBfBgBfBQBTBKBEA4AsAcASAWAJAEAEABAABmBYBUBdBgBYBXBTBJBAArAjAaAQAQALAHAEAC
3301702999023,BZBeBeBfBZBUBOBKBMA6AtAdAdAQAMAMAEABAABgBYBfBeBfBVBWBYBKA6AjAsAbAWAPAKAFABAB
3301702999024,ByBoBeBmBcBVBTBGBAAyAmAiAZAOAMAGABAAABBsBqBYBeBlBVBUBOBDAwAoAkAZAVAOALADABAA
3301702999025,BwBxBlBnBaBWBRBJA9AyAhAaARALANAFAFAAAABsBmBmBoBhBUBVBNBHA2AlAdAeAUAJAIADADAA
3301702999026,BoBuBdBbBgBaBUBJA+AxAdAjAWARAKAIAAAAAABrBlBeBpBhBXBVBQBBA5AlAmAYAWALAKADADAA
3301702999027,BiBnBcBjBeBSBcA8BAA3AlAgAXAOAOAJABAAAABhBeBjBgBfBZBJBbBKA7AxAcAkARAQAEAJAEAA
3301702999028,BjBbBfBkBjBUBJBLBDA1ArAZAWASANAKABABAABpBjBYBmBgBUBQBRBNBAAxAZAbAXANAKAFAAAC
3301702999029,BvBkBdBjBWBTBiBHA4AxAkAeAYAPAHAFAFABAABwBoBiBaBdBXBSBNBHA2AyAmAbASAQAGADAFAB
3301702999030,B0BnBlBdBgBRBTBHA6AyAgAhAaAMALAHACAAAAByBsBiBoBkBXBQBNBBA0AnAfAaARARABADABAD
3301702999031,B4BwBuBdBUBOBTBFA/AuAbAaAXAQAGAKAHAAAAB6BvBtBoBjBRBUBKBAAuAkAeAYAVAQADAAACAD
3301702999032,BpBiBiBgBcBSBQBLBAA1AqAdAVATAJAEAIABAABjBZBcBfBlBWBTBVBHA7ArAlAjAOAZAFACAAAE
3301702999033,BpBuBkBfBhBUBRBIA9AwApAdAeAPAOAFAAACAABpBiBeBgBlBXBPBOBBA3AyAbAbAQAMAFAFAGAC
3301702999034,BwBnBiBjBhBSBSBGBAAxAeAeARAUAPAMAAADAABtBfBfBoBkBTBOBUBBA1AmAdAcAZAPAKAEAAAB
3301702999035,BhBcBeBhBWBQBQBTBBA4AsAfAeASAQAKABACAABcBZBaBbBYBWBdBYBMA6AuAiAZAdARAHAGADAC
3301702999036,BrBmBeBcBZBWBVBOBDAqAwARAaAPASAHACABABBoBfBYBeBeBcBbBSBBA9AxAkAcAWAJAGAFACAB
3301702999037,BsBnBbBgBdBbBXBKBAAtAmAhAYATASACAAAAAABsBqBcBgBaBaBZBOBIAxAgAoAPAbAOAMABAAAA
3301702999038,BrB1BWBeBdBPBTBMA+AyAkAcAjAPARADAEAAAABhBIBgBZBmBqBfBLBBAzA7AoAaAOARAHAAACAB
3301702999039,BzBtBpBhBiBYBMBHBAAwAqAXAdATAGAHAHAAADBvBqBjBjBdBUBSBIA9A1AjAeAWAQAOAJADACAB
3301702999040,BoBnBfBgBfBUBSBKBAA1AvAdAZAOAJAEADACAABsBmBeBkBkBVBNBNBJA4AoAgAYAVALAJAEAAAB
3301702999041,BoBoBhBpBaBRBJBIBDAzAqAfAfAKAOAEAAAAAABoBhBlBjBfBTBLBSBGA7AwAhAbAVAMAKAGABAA
3301702999042,BvBqBnBoBYBRBIBGBBAzAsAgAVAPALAFADABABBlBiBiBjBaBRBTBRBEA5AsAmAhASAMAFABAFAB
3301702999043,B6BzBqBhBeBVBSBDA6AtAjAfAYARAHAIACABAAB6BxBhBhBdBXBPBJA+AzAiAgAXAPAQAEAFABAB
3301702999044,ByBvBjBfBhBKBGBEA7A0AjAfAbAQAMAFAAAAACB5BlBeBoBiBYBQBHBCA4AuAcAUAVARAOACAEAA
3301702999045,B4BuBiBZBZBTBNBOBBA4AeAiAYAPAOAFADACAABsBtBZBkBZBYBjBSBBArAlAdATAWARAGACADAB
3301702999046,CBB0BsBhBTBKBEBDA5AvAgAaASAKAJAOACAAAAB7BxBoBlBaBSBQBRBFA4ApAbAZAXANAIAAAEAE
3301702999047,B2BoBfBhBWBTBNBCA6AyAoAXAYASAKAJACACAAB0BsBoBlBiBUBPBMBHA0AoAeARAaAUANAEABAB
3301702999048,BjBhBhBfBZBOBIBVA+A8AqAiAkAUAUAMAGABAABfBbBfBfBbBJBNBHBMA6AfAmAdAfAYAJAIAEAC
3301702999049,BpBhBgBdBjBTBOBNBEA1AuAWAcAQAHAIAHAAAABlBmBmBfBdBYBYBOBDA7AnAiATAUANAKADAEAC
3301702999050,BiBjBcBhBdBSBVBLBBA4AnAjAbAUAMAEABADAABiBaBdBhBhBXBXBRBGA6AiArAbATASAJABAGAB
3301801001001,BMBTBXBiBXBNBIBPBTAzAwAlAfAVAeATAEADADBPBLBUBXBaBFBQBTBJAzAxAyAqAeAhAXAHACAE
3301850001001,BlBoBkBiBgBRBKBJA+AzAqAhAYAXASAJAFACABBhBmBhBkBeBSBOBNBAA0AsAdAbAYAOAMAFACAC
3301876001001,BdBaBRBgBTBLBHBKBAA5A1AqAlAcAcALACACABBWBXBTBbBSBLBOBVBCA6A1AtAqAfAbAKAHAEAE
3301900001001,BkBgBfBjBkBQBOBMBGA8AwAfAUANAKAHACAAABBfBcBZBoBkBYBXBRBKA/AtAfATASAJAJAGACAB
3301900001002,BfBVBfBlBrBQBIBMBJA9A2AWASAPAMAHAEAAAABUBUBWBsBsBTBUBaBVBDAtAcAfARAOAEACACAC
3301900001003,BoBjBhBdBmBWBPBIA/A1AtAfATATALAJAEACABBmBgBfBjBjBcBTBMBEA4AkAkAVAWAMAMADACAC
3301900001004,BkBoBbBfBaBQBYBPA+A4AtAgATAXATADAFACAABcBfBcBeBeBZBZBOBCA6AqApAaATAQAHADABAD
3301900001005,BWBdBfBbBbBTBYBNBCA2AvAjAeAUARAHAHABACBXBUBaBdBbBcBaBQBFA9AjAsAgAWAPAMAIABAB
3301900001006,ByBlBgBiBjBZBQBBBBA4ArAdAfAJAIAGADABACBpBmBfBiBqBVBOBKBEA1AmAiAXASAOAJAGAAAB
3301900001007,BXBKBUBZBeBQBQBPBCA4A8AYAZAfAPAFAIAAAABTBMBXBZBmBZBXBUBQBAA1AoAfAcAXALADAFAK
3301900001008,BhBhBjBiBfBWBQBIA+AzAyAcAaAWARAJAFACABBiBfBdBgBhBXBRBNBBA2ArAiAfAUAQAHAFAEAC
3301900001009,BtBjBgBdBgBWBTBLBAAzAnAeAbAXAPALACAAABBmBiBhBgBeBXBPBOBBA0ApAeAYAYANAJACAEAG
3302007001001,B4BxBrBkBmBXBKBDA/AwAlAjAXAPAMAFAAADAAB6BsBiBpBeBTBNBGA/AyAgAaAWANAHAHAGAFAB
3302007001002,BhBTBeBgBbBQBMBKBKA9AtAeAXAWAPAFAFAAACBaBZBYBhBmBVBUBSBKBDArAnAeATAMAIAIAEAE
3302007001003,BcBXBZBkBhBRBNBKBHA8A1AaATAWANAIACAAAABdBSBXBlBoBWBWBQBNBAA5AcAWAZARAKAHAEAB
3302007001004,BiBmBmBlBdBIBMBJBHA1AxAlAfAdAKALACADAABjBfBfBjBVBOBLBOA/AwApAlAYAaAUAGAJAFAE
3302056001001,BGBLBZBcBVBABEBWA/BDA2AqAmAZAXAaAMAEADBBBKBVBdBXBCBVBQBJBHA2A1AaAcAfAWAMAGAE
3302106001001,BIBOBUBhBaBEBFBVA/A8A4AoAmAbAcAMAQAFAABCBLBXBWBQBUBVBNBMA5A4AoAnAmAeAQAOAFAC
3302205001001,BPBQBYBaBVBEBJBKBGA3AmAqAeAeAOAMAGAIABBLBMBUBcBjBPBXBZBKBFA2ArAuAYAbAUALAEAE
3302205001002,BSBcBfBmBfBPBPBSBEA8AiAnAWAKALAKAEACAEBTBHBdBjBmBQBaBaBNBBAwAbAdAjARALAKADAA
3302205001003,BVBWBcBjBWBSBTBSA/A5AqAhAeAWARALAEAIABBSBRBWBlBjBWBUBTBBA4A1AeAnASAUASAHAFAD
3302205001004,BKBQBUBmBeBLBMBGA+BEA7AcAlASAVAMAHAFAABIBDBSBjBfBRBSBaBTA9AwArAoAYAcARAGAEAE
3302205501001,BTBXBbBhBgBSBOBOA6A5AtArAjAmATAMAMADABBYBVBTBiBaBQBFBJA8A2AwAkAhAYAdAPANAEAD
3302254001001,BiBbBdBjBkBVBPBNBBA2AqAnAYAUAQAFADAEABBdBhBcBlBeBZBOBSBEA8ArAhAWAXARAHACAGAB
3302270001001,BxB6BsBnBdBRBMBBA2AxAlAZAWAQAOAMAGAAAABvBuBjBnBfBSBOBGA7AtAmAdAYAVASAOAFABAB
3302270001002,B0ByBsBqBjBSBPBBA2ArAnAbAeAMALAGAFABAAB1BrBmBmBiBZBNBDA7AsAoAYAUAUATAKAFABAA
3302270001003,BnBlBgBmBpBUBNBGA/AyArAaAYASAJAHAEADAABoBkBdBlBjBaBUBJA8A5AtAdAcARAPAKAHAEAD
3302270001004,BuByBtBmBhBSBOBDA4A0AlAaASASAQAIACAAABBuBtBeBpBkBPBRBHBBAxAbApAWAZALAMABAFAC
3302304001001,BbBXBXBgBVBMBQBOA7A/AsAsAdAbAWAQAJAAADBWBXBcBnBXBMBMBJBAA1AwAiAeAjAUAVAGAEAH
3302403001001,BTBWBeBqBYBJBIBeBVBAApAfAXAQANAEAEAEABBMBWBaBkBZBVBUBjBWBCAvAdAcAUAQAKADAEAA
3302403001002,BsBnBfBkBiBXBPBUBHAyAlAYASANAEAJAEABAABtBpBeBmBmBaBYBYBDAyAjAaARARAJAKAEABAC
3302403001003,BtBkBfBmBnBhBbBQBIAvAqASAXAHAIAEABAEACBiBnBZBpBrBYBTBTBEAzAlAbAVAMAHAFAHAEAC
3302403001004,BlBfBjBkBmBVBWBRBLA6AlAaAOAOAHAFADACAABlBfBdBrBoBYBWBcBNA3AoAWATANALADADABAB
3302403001005,BJBSBVBdBNA+BBBYBaBEAtApAeAbAMAJAHAEABBKBMBZBcBTBMBQBkBZBCAzAnAhAaAZASALAKAE
3302403001006,BhBoBmBhBjBTBaBTBFA6AsAfAhALASAKAJAEAABjBeBmBgBZBTBPBNA7AsAqAUAeAUALAGAFACAB
3302452001001,BSBfBwBQBcBZBHAuA5A4A6AhAmAQAOAUAAADAABZBBBFCJBmBSBPBQA+BDApA3AQAhAbAWAHACAD
3302502001001,BYBhBWBlBZBLBXBIA/A6AhAqAhAPANAJAEABACBXBVBaBiBdBSBaBNBFA+AtAtAeAbAYAOAIAFAB
3302502001002,BiBhBwBnBYBLBMBIA9A0AtAbAhASALAEACAAAABdBaBYBiBbBQBVBWBIA8AyAkAdAPAVAQAMACAB
3302502001003,B0BwBkBfBdBSBTBDA7AvAmAaAWARAJAJAHACAABvBnBgBiBdBdBTBHBAA2AoAeAcASAOAJAGAEAA
3302502001004,BuBqBmBgBiBRBIBGA9AwArAaAdASAPAHADABAABpBmBlBlBfBVBMBLA+A5ApAgAXAWAQALAJABAC
3302502001005,BfBeBXBiBbBNBNBQBDA1AuAeAWAUAOAGAFAEABBgBaBgBdBfBSBUBUBMA5AxAlAhAVARAHAKADAC
3302502001006,BjBnBgBlBhBXBOBEA/A2AmAfAVARAKALAGACABBpBeBYBhBjBYBRBNBEA3AuAkAUAeATAJAEACAB
3302502001007,BoBpBQBjBlBRBVBNA6AxAvAdAfAXAOADADAFADBrBnBlBfBNBWBNBOA/AvAnApAhAPAPAKAGAEAE
3302502001008,BtBtBoBlBcBVBNBIA8AzAmAaAVAWARAGADABABBsBrBoBnBZBTBQBKA8AwAjAgAZAXAQAHAFAEAA
3302502001009,BWBjBiBdBRBJBGBOBGBCAzAgAUAaAPAOAJABACBSBQBcBeBNBNBNBQBIBAA5AqAbAjAZASAGAIAA
3302502001010,BvBtBpBnBkBYBLBDA6AvAgAkAbAPALAHADAEABBzBtBfBlBbBYBPBFA9AxAjAjAaARARAHABACAD
3302502001011,BfBcBZBgBRBEBAA5BAA4AyAqAoAgAdATAIACABBlBZBWBdBOBLBDBLBCA+A4AqAqAhAYANAKABAB
3302601001001,BgBbBgBdBaBTBMBJBEA4AzAlAjAdASAMAFAAACBZBZBVBcBTBOBRBRBCA1AuAnAhAYARASAHAGAA
3302700001001,BMBNBYBjBTBIBDBJBKA+AwAoAmAdAQAPAEABABBBBMBRBaBZBRBLBWBSBHAzA0AiAhAbATAPAHAB
3302700001002,BUBYBDB0BVBVBGBUBIA6AzAuAoATAPAPAAADABBLBSBrBABTBRBJBbBMBEAyAhAkAfAZALAGAHAB
3302700001003,BeBdBdBYBSBSBMBOBKA9AzAkAgAcAZAGABAFAABNBXBYBXBVBSBOBSBJA+AwAtAfAdAKARAEADAG
3302700001004,BhBdBZBfBYBIBMBNBJA6A5AnAjAaAQAMADAAAABYBYBTBUBZBOBTBRBIBCAoAvAeAcAUAJAFABAE
3302700001005,BTBXBUBgBZBOBKBQBTBAApAyAlAcAUAOADABABBWBaBPBjBUBMBRBSBHA7ArAlAcAYAVAOAJAFAC
3302809001001,BMBOBTBYBUBMBLBNBLA+ArAsAiATAYAQAHAGAABOBOBTBaBVBNBSBYBSBCA5AfAnArASAWAKADAA
3302908001001,BXBSBdBXBJBEBHBKBEA6AvAnAgAjAdALAJABABBSBXBVBaBSBNBOBWBKA/A7AnAkAeAdAWAJAEAE
3303005001001,BZBfBlBiBaBIBIBJA/A1ArAhAcAfAQAHAEAEAABXBYBYBoBYBLBKBNBBA3AwApAlAfAaARAIALAH
3303104001001,BVBUBfBpBWBMBKBHA/A/AoAiAgAfAXALAOAEACBQBQBcBiBYBBBJBPBGA1ApArAiAsAbAPALALAD
3303203001001,BQBNBRBTBXBRBJBIBHA9AoAtAdAXASAKALAAAABGBSBUBRBgBXBSBTBTBPA6AvAnAgAXAMANADAE
3303203001002,BMBLBLBZBQBLBGBLBCBBAwAtAaAcARAIAHABACBMBCBOBeBgBRBPBXBRBMBAAyAuAgAVAVANAMAA
3303203001003,BEBDBLBeBTBOBJBMBCA9A3AkAkAVASAOAHAEAABFBEBMBWBWBZBRBUBWBJA5A6AuAlAnATAIADAE
3303203001004,BTBXBTBjBbBOBIBNBIA5AyAfAWAZAPAHAIADAABRBKBPBcBaBXBRBXBVBFAyAtAkAhAaASAHABAA
3303203001005,BbBcBYBkBbBKBOBIBFA5AvAbARAYASAJAGABAABYBWBUBdBeBWBRBVBQBCAwAnApAeAVAGALADAA
3303203002001,BKBKBQBQBTBOBCBMBFA8A9AdAkAXATARABACABBKBKBJBaBeBQBWBQBUBIA7A3AsAmAnAQAHAGAC
3303203002002,BcBSBXBZBaBVBGBQA/A2AuAiAbAWANAIAAADABBZBSBRBcBgBXBTBZBOBDA5AkAnAbAUAPAJAFAD
3303203002003,BmBaBgBfBaBQBIBGBEA3AqAcAUAXAKADAJABAABkBZBaBgBhBVBPBTBNA+A3AcAgAbARAOAIAEAB
3303302999001,A5BEBSBfBkBHA7BOBOBSBMApAhAbAQALAIACABA3A8BLBhBcBFBJBbBcBVBCAvApAaAVAPAHAEAC
3303302999002,BIBLBQBYBnBOBFBHBIBIBBArAhAeAMAIAHAAAABKBCBIBfBnBNBNBSBQBSBAAqAjAUAXALAQACAC
3303302999003,BLBIBGBRBdBMBLBFA+A8ArAuArAXAcAQALABACBCBCBFBWBmBQBIBQBIBHA+A4ArAtAnASATADAF
3303302999004,BZBRBTBaBQBQBYBcBSA+AuAoAdARAZAFADABADBOBVBQBNBWBUBZBgBSA+ArAtAlAWAXAIAEABAC
3303302999005,BpBgBeBiBnBXBQBQBHA5AyAdATAUAOAAAAAAAABeBWBWBfBgBbBWBWBKA8AjAgAcAMAPAKAFAHAA
3303302999006,BGBJBUBgBfBLBKBOBOBEA8AvAeALAVAEAHACABBFBLBPBjBcBRBRBaBaBLBDAgAgAaAQAGAFAFAF
3303302999007,AmAqA0BPBTA/AzA9A9A7A5A0AuApAgAXALAIABAlAoA0BRBgBKBCBPBTBZBUBHA/A/BAAuAbASAJ
3303302999008,AsAzBBBVBSBAA/BFBJBHA5AvApAgAWALANABABAuA0A/BaBcBPBMBXBlBeBEA/AyAoAgAiAZAMAE
3303302999009,BeBXBWBjBfBMBIBQBGA5ArAfAVAXAKALAEAFAABYBVBUBiBdBUBVBTBPA8A0AkAcAlASAIANACAC
3303302999010,A9BCBJBMBPBFBIBUBMA9A4AhAnAbAOALAJAGACA8A+BGBRBVBXBTBdBYBQBBAzAsAmAiAdAQANAG
3303302999011,BkBeBTBdBkBNBPBSBDAxAsAcAZAPAPAIAEACAABhBcBXBgBkBZBVBVBHA3AxAnAhAUAPAHALACAE
3303302999012,BHBGBLBUBPBPBLBNBHA8AzAfAgAXARAHAJADAABPBDBHBbBcBVBUBeBYBMA6AyApAjAgASAQAIAE
3303302999013,BdBdBUBWBXBOBOBOBGA3AxAcAYAUAOAIAHABACBYBXBXBfBaBWBXBVBOBCA3AkAcAgAUALAKADAC
3303302999014,BCBGBMBPBQBFBFBPBJA+AyAoAhAdAWAKAHACACBDBGBJBPBWBTBQBaBXBSBNAqAvAnAgAYALAIAE
3303302999015,BIBZBPBKBXBMBHBKBRA6A2AiAcAgANAMAEADABBTBHBNBhBaBQBOBKBRBDBDApAyAZAsAQANADAA
3303302999016,BCBFBIBdBSBGBHBLBEA9A0AlAcAiAbAGALAGAEBDBHBLBXBRBOBLBbBTBJBAAvBAAkAbAeAKAHAD
3303302999017,A5A7A+BKBiBRBJBMBGA/AwAqApAhAcAOAMAEABA1A6A8BNBXBNBMBRBQBMA5A+A3A0ArAaAdAJAF
3303302999018,A2A2A1BJBWBKBHBKBGBDA6AqAiAiAfANAKAIACA1AxA5BTBeBSBOBaBYBUBGA4A0AuAlAjAaALAF
3303302999019,BIBMBKBRBXBQBIBWBJA5AlArAdAZAYANAEAEAABHBGBLBUBWBWBRBcBSBHAyA6A5AhAeAUANADAB
3303401001001,BVBUBdBdBeBWBRBPBKA7AoAvAdASAOAHAEAEAABRBUBYBeBdBSBUBUBOBAAtArAcAQANARAMACAD
3303401001002,BbBXBYBbBWBNBXBVBLA5AsAnAXARAPANAHABABBOBPBSBZBYBfBbBXBNBDAxAlAgAcAOAKAIABAD
3303401001003,BLBIBNBcBZBIBNBLBJA+AuAvAkATASAQAGACACBBBDBOBZBaBRBNBWBVBNBMAjAqAhAZASAGAJAE
3303401001004,A5A8A/BVBVBCBLBPBCA8A4AuAlAeAUANARAGAAA9A6BGBYBdBLBXBQBVBRBCA6AyAoAXAcAdAGAB
3303401001005,BOBMBTBcBVBNBOBPBHA7A1AgAUAfARAJAEAHAABKBHBOBaBjBUBXBZBOBIA0AzApAaARAZAKADAD
3303401001006,BEBXBWBYBVBIBLBVBIBGAyAxAcAhAMAQAEACADBMBCBWBYBVBKBXBVBIBLBBAkAhAXAcAPALAFAD
3303401001007,AsAsBABRBBA0A5BABEA9A3AsAnAlAjAaASAEAAArAwBCBbBUBABEBZBXBPBLBGA+A9AzAkAmAXAI
3303401501001,BeBdBdBfBeBUBWBSBGA6AuAjAbAUANAKAEACABBWBXBXBdBeBXBVBTBIA6AtAhAbATASAKAEADAB
3303500999001,BEBFBRBcBbBOBLBOBLA+A6AjAbAZAOAMAFADAABGBLBIBXBdBUBUBbBKBLBDAsAzAeAgAOAIAAAD
3303500999002,BNBCBJBaBZBMBNBJBGA7ApAsAiAZAVALADACAAA7BFBHBQBXBUBTBVBUBPA7A8ApA8AhANANAFAG
3303500999003,BZBbBYBYBZBHBRBLA+A+AzAYAbAcAIAKAEAAABBbBaBWBeBdBbBYBXBNA9A2AnAYAeAVAQADAGAB
3303500999004,BSBbBYBcBUBNBMBPBHA7AtAhAhAPALAKACAAAABZBSBVBVBkBeBZBTBTBDAwAwAhAXAbANADAAAA
3303500999005,BiBbBbBXBXBRBHBLBIA+AhAkAjAPAMAKADACABBcBaBYBaBZBWBSBXBSA9AuAnAkAaARASAHACAA
3303500999006,BzBmBhBiBkBgBXBGA5ApAoAeAdANAMABACAAABBtBnBhBiBhBVBRBHA+A3AsAhAbATAKAKAHABAB
3303500999007,A8A+BEBTBRBIA/BMBHBBBAAmAiAeAdAPALAAADA7A3BBBZBYBQBOBVBYBSBBA8A1AvApAWAMAIAA
3303500999008,BNBNBRBZBaBKBJBJBIA/AwAhAcAVARAMAFACABBJBLBPBXBfBQBRBXBXBNAzA3AiAmAbAXAHAJAB
3303500999009,BRBYBUBbBcBOBJBSBGA7AwAkAbAOARAKADAAABBRBXBUBdBdBbBVBZBSBIA7AiAmAWAWAGAGAEAB
3303500999010,BLBPBSBbBWBMBJBJBJA8A3AjAYAYASAMAEACACBJBLBMBcBdBOBUBbBVBHBFAoApAhAbAOAHAHAC
3303500999011,BgBYBZBgBWBNBRBNBBA4ArAmAZAPALAJAHABAABeBWBUBgBbBSBUBWBRA/AwAlAkAeASALAGAEAB
3303500999012,BXBbBXBeBWBRBLBKBFA4ArAiAZAVAQAIADABACBbBSBVBhBaBWBTBVBQBCAzAsAhAcARARAEAFAC
3303500999013,BkBYBbBdBdBTBQBHA7A0AxAaAeATAJAHADACAABhBoBdBhBeBYBRBVBKA8AyAdAZAbAbAKAEABAA
3303500999014,BcBYBbBgBdBPBKBLBAA5AsAhAfARAMAQADAAAABcBaBYBhBiBPBXBVBKBEAvAlAhAUAbAHAHAAAA
3303500999015,BpBlBZBcBVBVBQBLBBAxAnAaAhAQAQADADAAAABmBlBaBgBfBWBbBTBDA5AvAeAlARANAKALADAB
3303500999016,BqBgBZBeBZBNBRBQBAA0AmAfAfAOALAJADABAABfBgBXBlBhBUBTBWBJA7ArAiAfASAVANAIACAB
3303500999017,BqBmBbBfBlBSBUBGA6AzAsAeAXAOAKAGAGAAAABqBhBYBlBhBXBUBLBGA5A1AkAdATAMAHAFAAAE
3303500999018,BgBWBbBcBWBRBSBOBDA3AqAhAQAVANAMAFADABBbBaBXBaBiBbBVBSBMBCAsAqAkAcARAIAFADAB
3303500999019,BbBeBeBhBeBQBKBNBDA1AoAfAUAQAUAHADABABBfBdBOBeBhBVBWBTBLA9AsAqAhAiARAOAEACAE
3303500999020,BrBlBeBhBmBaBWBCA6AvAkAiAfAOAJAHACAAAABvBnBfBgBjBcBTBKA/A3AqAjAfAPASADABADAB
3303500999021,BtBrBZBZBZBeBaBLA7AtAlAdAXAWANAFADAAAABnBiBUBaBcBjBiBVBAA1AmAmAfAPAQAMADAAAD
3303500999022,BuBmBgBjBjBYBOBHA8AxAoAfAXASAJAHABABAABqBmBYBmBiBZBUBNA/A2A3AbAVAYAPAGAGAAAB
3303500999023,BVBPBQBZBaBOBNBJBAA6AyAlAhAVARAJADACABBTBRBPBcBbBWBVBUBOBFA9ArAnAeAYAOAKAEAC
3303500999024,BSBRBWBZBXBOBKBPBMBCAoAqAaATAJAIAEAAABBNBWBUBbBaBYBZBdBYBIA6AoAkAXASANAEACAB
3303500999025,BkBbBbBhBiBQBMBFBAA0ApAkAaARANACAHAFACBdBXBbBYBhBQBUBSBHA8AzAmAiAaATARAFAEAE
3303500999026,BuBkBYBdBeBRBQBJBBA1AlAfAaAMAKAOADAFAABnBaBWBeBaBUBUBTBFA8AxAhAbAaAVAPAFADAC
3303500999027,BdBaBZBfBZBTBLBJBDA5ArAjAdARAJALADAAAABcBYBUBeBjBaBVBVBPA/AwAtAlATAQALAFADAB
3303500999028,BoBiBbBdBbBZBMBJBAA1AlAfASAUALAKAFABABBlBjBeBgBfBZBUBNBIA3AtAmAcAaARALAEADAB
3303500999029,BuBmBiBiBdBRBLBIA9AvAtAWAdAPAKAGAEACAABwBmBcBhBhBUBRBNBFA1AqAkAbAUAPAMAEAEAE
3303500999030,BvBpBhBxBdBOBOBGBGA1AlAWAcAOAFAEABABABBqBoBjBbBcBOBTBVBMA6A2AhAVASAJAFACAAAC
3303500999031,B4B4BoBfBTBKBSBKA9AvAkAbAZALAGAGAFABAAB0BzBmBlBVBXBZBQBBA0AsAVAZAQARAEACAAAA
3303500999032,BpBpBwBfBaBTBKBGBCA0AmAdAWAOALAGADABAABtBoBYBgBeBXBQBSBCA3AtAdAbAcARANABACAA
3303500999033,B4BwBnBbBYBQBSBMA+AwAqAWAQAJAWADABAAAAByBrBhBlBdBfBcBTBDA2AjAcAdAQAEAAAEADAC
3303500999034,BqBqBiBkBbBUBQBJA9AyAsAbAZASANAIAEABAABqBiBfBfBcBbBUBPBAAxAyAbAgAOAPAJAGABAD
3303500999035,BrBgBfBjBlBSBLBJA/AyAtAaAaARANAFAGABAABiBeBcBkBjBVBTBOBGA6AwAbAeATARAHAKADAC
3303500999036,BqBxBjBoBfBWBOBHA5ArAmAdASARAPAHAEAAAABuBnBmBhBkBcBRBKA/AyAyAUAXAZARAJAEAAAA
3303500999037,BsBqBmBeBeBYBVBUA6A3AvAXANAQAKAFAEABAABvBnBnBnBeBUBVBEA+AoAmAiAbAeAMAJAFACAA
3303500999038,BtBrBfBjBhBWBUBGA8AwAmAfAVAQALAFAGACABBrBiBfBkBlBTBWBIBCA1AyAaAdAZANAGACAAAB
3303500999039,BxBmBgBuBnBRBOBFA9AwAbAmAZAJALAFACAFAABpBjBgBpBhBaBMBNBBAzAnAmASAcAJANAIABAA
3303500999040,BtBqBlBoBfBSBNBGA8A2ArAeAWAOAIAKABAAAABpBnBcBmBfBWBTBMBHA2AnAkAbATAHAKAJAAAB
3303500999041,BzBuBlBiBfBXBPBIA6AsAsAbAVARANAHABACAABwBsBeBmBfBVBSBIA+A2AwAZAdALALAEAJADAC
3303500999042,BmBkBeBjBWBRBTBKBCAxAtAbAVAWALAHAFACAABhBeBXBgBZBdBWBTBHA5AuAiAeAZAVAGAEAEAC
3303500999043,B3BpBlBoBhBRBPBIA8AvAkAcAUARAMAGACACAABvBsBkBpBcBTBUBKBAAyAsAeAaAQAMAFAFAEAB
3303500999044,B7BoBgBiBfBMBDBDBBA1AzAgAdAVAUAQADACACBqBoBfBhBZBMBIBEA+AzAlAkAeAUAZAFAGAAAC
3303609001001,BVBVBVBdBVBRBSBSBMA9A1AjAgAYANAHADABABBMBTBVBYBUBSBWBaBFA+AxArAdAhAZAPAJADAD
3303708001005,BTBVBWBcBPBHBJBIBDA4AoAqAhAZATAQAIABADBYBQBaBaBYBSBSBVBJA+AzAsAoAbAaATALAIAB
3303708001099,BaBZBVBgBVBKBSBOBHA8A0AdAYAaAaALAGAFAABWBRBWBhBYBPBRBWBLA6A0AeAfAjAYAKAEAGAD
3303807001001,BtBfBmBnBmBSBNBJBHA5AtAdAYATANAKAIABABBpBpBgBgBfBQBKBMBDAyAhAgAVAUANALACACAC
3303856001001,BiBiBqBlBUBLBLBLBCAyAuAZAbAcARAMAEAFAABgBjBgBgBWBQBQBRBAAxAuAdAiAXAXALAGAFAE
3303906001001,BNBPBPBQBUBLBQBOBBA8AwAnAhAYAQAMAEABABBPBOBQBYBXBVBWBYBLBFA/AvAlAmAeARANAFAB
3303906001002,BQBSBPBYBXBMBLBMBDA6A2AjAfAZAVALAIABABBMBNBPBUBVBQBOBXBLBGA3A4AsAjAbAWAMADAB
3303906001003,BkBkBhBdBbBXBQBJBDA2AuAdATAYAQAIACACAABcBZBWBgBeBLBUBTBEA9ArArAkAZATALAFADAB
3303906001004,BOBUBRBUBUBMBZBQBHA9A0AlAbAbAPAKAEAFABBOBQBNBRBWBVBdBUBOBFBAAoAjAeAXAUAJADAB
3303906001005,BKA5BNBaBMBXBFBIBEA/A3AtAjAjAYAOAEACAAA4BVBJBQBlA9BQBOBSBIBWAjAnAnAtATAMAHAD
3303906001006,A6BBBLBQBRBGBBBRBJBBA7AqAoAgAUAWAIABABA4A7BHBSBLBLBSBXBUBRBRAtAlAxAkAhARAJAC
3303906001007,BnBmBYBcBeBUBTBKA9A2AqAfAXATAKALAEABABBnBgBaBfBeBXBUBNBBA4AyAmAaAXARAJAHACAB
3303906001008,AzA6BCBKBIBAA+BCBHBAA1AuAnAjAgAPALADAGAxA6BGBIBOBEBOBVBWBQBQA5A0A4A1AnAZAPAI
3303906001009,BeBcBbBYBWBFBPBcBAA3AsAlAaAVARAIAIACAABaBdBYBYBbBBBTBbBBA+A5AlAtAaAWAMAIACAC
3303906002001,BNBOBNBUBVBNBPBTA9A7AwAwAbAaAXALAIAEAABJBKBNBQBXBPBSBRBWBJA8AwAtAnAXAXAJAEAB
3303906002002,BZBZBUBbBUBQBTBTBFA7ArAqAfATAPALAHACABBaBZBVBgBUBUBWBWBJA6A0AhAnATAWAJAIAEAD
3303906002003,BbBhBiBhBcBFBMBNBIA8A6AZAhAYAPAKAGADABBSBVBXBgBXBeBVBTBLA8AwAhAfAQARAJAGAAAC
3303906501001,BZBZBUBaBKBPBRBPBFBGAzAiAdAXAYALACABABBXBZBXBbBjBTBXBUBIA0A7AbAdAbAYAMAAAEAC
3303906502001,BmBjBeBdBoBDBJBIBBA6A1AaAaAVAaAOAFAFAABcBcBXBgBXBFBLBRBQA6AtAnAdAYAVAPAEAFAA
3303906503001,BpBqBcBiBhBLBYBBA9A2AuAvAZAWAOARACAAACBjBcBdBhBcBiBJBMA9A4AhAlAbATALAOAGADAA
3303955001001,BdBaBgBsBhBHBGBOBNA9A0AbAbAOATAKAEABACBRBWBZBnBaBOBPBXBUA+AmAkAeATAPAPAGAFAB
3304003001001,BYBXBbBgBcBKBRBSBIA9ApAnAbAXARALAFAFAABWBbBbBdBZBRBOBUBHA+AwAeAaAdARATAGADAC
3304102001001,BVBiBkBrBaBGBMBKA/A2AmAgAgAdARAbAIADAABXBWBeBSBZBHBKBOBGAzAvAiAdAkAUAVASAHAF
3304110001001,BnBiBoBiBlBVBRBMBEA4AjAhAZAPAMAMADACAABhBpBbBhBhBUBUBNBHAyAoAdAZAXALADAGACAA
3304128001001,BgBbBeBpBhBNBVBJBFA8AuAfAVAcASAIAGAEAABWBZBcBkBdBKBLBTBDA5AlAvAcAXAOAJAGAGAC
3304144501001,BuBrBmBoBfBVBOBHA9AvAlAaAVAPAMAFAEADAABtBsBjBiBhBYBSBLBAAzAoAgAaARAQAJAFACAB
3304144502001,BfBaBaBfBfBQBMBDBAA3AvAjAcATANAJACACAABbBWBZBiBjBZBTBOBMA/AyAjAiAWASAOAFAFAD
3304144503001,BxBsBjBlBhBSBOBGA7AtAoAYAaANAKAHAFABACBrBrBmBkBhBYBQBKBBAxAwAYAbASAQAKAFACAC
3304151001001,BjBhBmBlBUBJBRBLBFA0AvAiAnARAQASAHABABBbBiBmBnBNBMBPBNA/A0AoAhAeAbATANAFACAB
3304201001001,BRBNBeBcBUBMBGBIBHA6AsArAYAeAIASAGAGAEBTBRBYBjBUBSBSBRBLA/A4AnAfAjAWARAMADAF
3304201001002,BVBVBeBjBaBWBLBKBCA3AnAsAaAUARALADABAABMBSBUBlBdBUBUBUBLBBA3AmAiAbAUALAIAIAB
3304201001003,BlBhBkBoBeBQBRBRBLA1ArAWAXAIAHACACAAAABkBhBcBlBdBcBZBZBRBAAtAbAWAKANAGABABAB
3304201501001,BdBbBeBhBgBZBZBMBFA3AtAeAVATARALAEADAABaBZBaBfBfBZBTBTBFA3AnAlAkATATAJAEABAD
3304300001001,BTBTBaBhBfBPBIBLBDA5A1AgAXAYAXAJAGADACBRBMBXBmBgBWBRBQBJA+A4AiAhAdAQAPALAGAD
3304300001002,BpBcBkBsBeBRBOBNBSA+AtAnAZAgAYAEAEACADBgBZBZBjBiBPBUBCAzAuAYAeAbAbAPAJAJAEAC
3304409001001,BnBdBYBhBkBRBOBKBBA6AqApAsAPAIAPALAEACBhBXBQBjBeBPBNBKA+AzAmAkAkAPAVAVAMAAAA
3304508001001,BeBaBfBeBZBJBKBKA5A4AzAnAeAXAbAIALAAADBbBkBZBdBeBQBKBSBBA4ApAsAmAaAQAHANADAC
3304524001001,BjBeBiBlBYBOBQBSBBA4ApAhAhATAMALAFABABBeBXBdBlBdBVBUBVBGA1ArAgAdAVATAIAEADAC
3304557999001,A5A+BDBTBMA+A9BEBOA/A2AuAlAoAcAVAFACAAA3A1BFBPBHBOBIBbBeBSBAA8A0A+AxAXAUAMAD
3304557999002,BvBoBdBjBjBVBPBJA8AvAlAYAVASAIAHAEABAABrBiBbBqBmBcBVBNBCAzAoAdAbAXARALADADAC
3304557999003,BABDBLBTBkBbBPBRBJA/A6AdAoAdAdAMAHACABA5A+BABPBRBJBJBRBUBGBCAuA3AoAlAQAPANAF
3304557999004,BdBXBbBeBYBLBIBKBEA8AvAcAaAUAPAKADADAABZBVBWBeBcBSBRBUBRBEAzAoApAbAUAPAHADAB
3304557999005,A2A7BABMBHBBA/BIBHBAA2AmAmAjAeAQAIADADA2A6A/BKBSBOBMBXBcBbBGA7A0A4A0AhATAMAH
3304557999006,BCBHBMBaBWBOBEBLBFBKA9AnAnAVAVAKAGACABA/BDBCBeBeBUBQBRBYBSBMAoAqAhASATAMAFAC
3304557999007,BYBTBSBkCJB6BkBdBOA7AnAeAXAQAIAGACABABBSBTBPBVBTBMBOBSBJA+AsAfAaATAQAGAIABAB
3304557999008,BhBZBYBbBVBNBQBPBDA2ArAbAYATAPAHACABAABfBeBYBeBcBZBZBXBJA9AyAlAlAaAWAKADAFAB
3304557999009,BXBVBVBeBYBQBJBEA/A2AsAoAcAXANAHAFACABBVBTBRBeBeBVBNBSBNBJA+AtAsAdAaANAHADAB
3304557999010,BVBRBQBbBQBJBFBGBGA6ApAoAmASAWAKAFADAABVBQBLBcBWBQBGBUBPBIA+AuAnAnAkAWAMAFAD
3304557999011,BSBSBVBeBVBNBCBMBMBBAyAgAZAcAVAIAJAAAABLBNBTBeBUBOBPBXBTBJAzAqAiAhAfAQALACAD
3304557999012,BBBEBKBXBWBEBDBDBJBCA7AoAqAeAbAKAKABAAA9BGBIBVBRBQBHBNBVBRBBA4AwAqApAXANAGAD
3304557999013,A2A2A/BUBYBLBBBLBNBQBFA7AoAcAZAKAEADAAAyA0A+BTBjBYBSBZBaBaBOA2AkAiAYAPAJAJAD
3304557999014,BjBhBVBbBdBaBMBLBCA5AzAZAWARAPAIADABABBhBWBTBkBaBTBPBQBOA/AvAnAkAYAYAGAHAGAB
3304557999015,BOBIBMBZBaBSBOBGBIA5AxAiAeAYASAKALABAABLBEBOBUBgBWBQBUBNBKBBAnAwAhAeAXAOAGAC
3304557999016,BDBIBOBXBQBHBBBJBJA7A1AlAoAcAXAPAHADAABDBEBJBTBRBOBPBWBXBLBEAxA0AwAlAVAOADAD
3304557999017,A8A6BBBOBNBGBFBKBBA4AtAoAiAzAjAWAJAEAAA+A7A/BQBVBJBIBTBVBJBFA0AsA/AyAcAYAQAJ
3304557999018,AvA2A8BDBLBJBGBYBJBABAAjAoAcAdASAHACABAvA1A4BCBWBUBZBfBbBVBFA8AyA0AyAnATAJAF
3304557999019,ApAmAvA8BTBHBDBTBCA/A1AvAmAfAbAWARAKADAlArAuBBBcBVBTBYBcBWBOBDBBBAAmAyAjAMAH
3304557999020,AwA9BEBMBPBFBEBJBIA7AvAtAoAaAQARAOAHABA1A2BHBKBYBSBQBbBWBVBJA0AwAxAwAlAWAOAG
3304557999021,AsA3A7BEBGBFBEBRBRBKA7AmAjAjAWAPAKAGABArA4A7BEBJBOBRBqBhBhBQA6AtAuA5AnAJANAG
3304557999022,BIBLBKBUBRBLBKBJBGA9AuArAkAeAWAOAEADABBGBGBIBUBXBPBPBXBTBKA8A1AvAtAiAUAJAIAC
3304557999023,A4A6BEBPBNBEA/BIBHBCA0ApAqAdAfANAJADABA2A5BCBQBQBPBLBYBeBTBHA6A4A0AsAeAVAIAE
3304557999024,BjBUBUBYBjBYBTBIA6AxArAeAhAPASAKABAEACBkBVBVBeBiBbBVBMA+A6AtAjAdAeAVAUAMAIAH
3304557999025,B5BqBbBgBiBZBVBRBCAvAjAXAUARAMAGACAAACB4BlBZBhBhBYBWBVBGAxAXAhARAWALAHAEAAAD
3304557999026,BBBABHBTBPBGBFBLBJBAAzAtAmAeAYANAIADABA7BABHBZBXBRBLBZBWBSBAA3A0AoAkAUARAFAD
3304557999027,BKBIBJBTBPBIBBBDBDA7AwAoAjAhAaAMAJAEAABGBGBIBYBYBOBKBTBSBJBEAwA0AtAoAaANAIAC
3304557999028,A0AzA0BFBOBJBFBABKA9A8AgApAkAgAVALAEABAyA1A2BBBQBOBPBiBRBUBVA0BBA8AzAuATAPAG
3304557999029,BaBWBWBQBTBTBEBCA7A0AmArAYAhATANAFACAABfBJBOBYBjBgBMBSBGA/A2AqAoAoAtAWAFADAC
3304557999030,BWBSBOBWBRBLBFBFBAA8AsApAkAZASALAHACACBRBKBPBYBWBQBPBRBPBFA3A1AyAlAdAVAQADAC
3304557999031,AyAsAyBEBRBOBLBPBMBBA0AzArArAiAWAGAEAEA0AsAvBEBSBSBRBRBYBVBKA9A2A7AsAlATANAG
3304557999032,BEA8BABPBdBNBGBGBEA7AyAmArAbAZAOAGADAFBDA6A6BMBYBVBQBPBTBMBIAyBCAoAmAgAVAGAG
3304557999033,BiBjBeBbBUBNBQBNA+ArAlAYAcAWAMAIADABAABiBdBYBgBcBbBaBYBHAyApAuApAhAYANAEACAB
3304557999034,BKBIBKBaBZBOBJBJBEA/A0AoAfAdATANAFACAABCBGBFBgBfBVBOBTBTBMBEAsAtAaAbAWAOAKAA
3304557999035,BSBIBMBRBRBPBKBIA+A6A6AiAmAcAUANAGABABBIBGBIBXBYBYBRBVBNBFBFA5A4AjAYAWAHACAC
3304557999036,BbBQBWBeBXBQBHBEBFA2ArAlAfAQAXAHABACABBXBTBdBqBaBbBPBPBPA9A2AnAhAfAZAKAKADAC
3304557999037,BtBmBdBjBiBaBQBHA+AyAsAWAXAOALAGABABABBuBkBdBmBlBVBUBMBBA2AsAeAeASAOAKAFABAB
3304557999038,AaAeAkAzBFBCA9A7A5A4AwA1AwAqAuAbAWAIADAcAfAkA6BTBPBDBMBQBZBVBSBSBNBaBCAvAXAO
3304557999039,AdAcAjAwBAA/A2A7A4A1AvAvAtAoAuAhAYAKAEAdAdAiA4BRBJBCBJBOBSBdBKBRBiBfBUAzAZAO
3304557999040,A3A2AzBEBaBOBFBJA/A7A4AmArAeAfAUALAHABAxAuA0BHBbBSBQBTBQBOBTA1A4A4AxAnAlAMAH
3304557999041,AiAjAnA2BHBEBFBKA+A5A+AsAqAyArAbAJAGADAjAjAlA7BTBTBNBPBQBTBbBBBWBDA6A+AmAYAI
3304557999042,AdAeAjA3BIBDA3A/A9A0A1AyAlA5ApArAVALAFAdAdAiA5BPBLA+BKBPBUBdBDBIBYBaA9AwAXAS
3304557999043,BVBPBMBUBSBKBIBEBFA4A1AiAfAcATAIAJADAABQBOBNBcBVBTBPBTBQBDBBAsAvAqAeAXAHACAE
3304557999044,BmBgBeBgBXBTBRBQA/A1AgAjAXAWALAIACADABBgBdBdBeBZBYBXBSBIA5AuAkAfAYATAKAGADAA
3304557999045,ByBoBeBlBZBOBNBJBAAzAjAhAaAMAIAHADAAAABsBqBfBkBhBSBVBMBJA5AuAeAdAPARAJAFABAA
3304557999046,BsBiBfBeBYBTBUBLBEA1ApAdATASAMAHABABABBoBnBeBeBdBbBVBSBJA6ApAiAXAWAQAIADABAA
3304557999047,BKBLBWBiBWBPBIBOBNBCA2AiAdARATAMAEAAAABJBJBNBdBYBUBXBZBYBOA+AlAhAfAUAOAGADAB
3304557999048,BPBKBXBgBZBTBJBLBIBAAuAqAaAQAIARAEAAAABNBRBSBbBeBXBTBWBWBIAzAyAlAZARANAIACAE
3304557999049,BKBJBQBdBYBTBFBGBFBAA1AlAbAdASAMAFADACBHBJBQBfBdBTBLBUBQBPA9AuApAcAfAQAJAFAD
3304557999050,BbBXBaBiBbBSBKBMBDA7AuAiAYAVAMAJADAAAABSBXBYBgBeBXBUBRBQBCA5AmAgAYATAKAIACAA
3304557999051,BNBIBSBbBaBMBGBKBEBBAuAmAhATAVALAHABAABNBKBPBfBdBOBOBUBQBNA5AyAqAkAcAPAMADAC
3304557999052,BSBUBVBbBWBMBNBKBJA+AzAkAbAUAOANAEACAABRBOBUBbBaBTBRBVBSBHA1ArAnAdAWATAIAEAB
3304557999053,BXBZBZBfBWBLBLBJBFA+AuAkAaATAOALAFAFAABTBVBVBYBbBUBTBSBOBHAzAsAjAcATAQAHAGAC
3304557999054,BTBTBRBfBdBSBMBKBGBBAtAlAUATALANAEABADBSBPBbBiBfBXBMBWBXBIA1AnAmAWAPAJAJAEAC
3304557999055,BWBUBRBXBYBPBOBSBIA2AoAkAjAZAQALAEABAABTBOBRBZBbBWBYBbBTA/A9AfAmAeAVALALACAC
3304557999056,BWBTBQBaBMBLBZBOBKA8AyAhAdAXALAGAFADAABQBRBSBZBXBcBZBWBSBJA7AlAfAbAaAQAIADAB
3304557999057,BOBHBKBNBQBMBEBNBBA8AnApAaAfAVAOAFAEABBFBIBKBVBZBXBRBWBUBMA/AvAtAqAqAUASAHAE
3304557999058,BKBLBKBaBVBKBDBFA/A/AuApAlAeAXAMABACAABGBGBNBXBXBUBPBVBTBLA4A7AvAsAhAYAHADAE
3304557999059,BBBABCBUBTBFBCBIBGA9A2AiAhAjAdAUAHABABA6A+BGBRBYBMBLBTBWBQBDA1AzA0AsAdASAIAD
3304557999060,A+BBBABQCFCCBvBoBaA+A3AdAaAcARAJAHACAABCA+A/BJBRBHBFBJBMA/AvAsAfAlAaAVAMAJAA
3304557999061,AhAiAnA7BIBEA+BEA+A5A5AuAjAvAtAeARAIACAiAiAnA+BXBQBFBRBTBVBVBHBRBJA/A4AlAWAN
3304557999062,BPBJBLBcBXBTBOBPBDA5AxAgAgASAUALAGACACBTBJBKBcBdBaBUBbBPBGA8ArAkAiAaARADAFAE
3304557999063,BEBKBPBWBOBHBGBQBMBAA0AkAfAaATALAIADABBBBIBLBUBRBWBWBgBaBMA8A4AtAgAcATANAEAC
3304557999064,BdBaBcBlBhBVBPBWBaA5AoAYAPAPAGAJADAAABBfBVBdBlBlBYBVBiBTA4ArAWASARARAGAHADAC
3304557999065,BxBhBVBcBvBfBVBTBAAzAfAfASAJAKAIAAAAAABpBcBaBoBqBdBbBVBEA3AiAeAVASANAGAFAAAA
3304557999066,ArAkAwA+BMBFBCBVBMBCAyArAsApAgAPAPACACAoAsAwA9BKBKBVBWBgBYBVA3A9BHBBA0AQAOAP
3304557999067,A3A4BDBNBNBCBABHBJBAAzAsAoAjAcAPAJAGACA0A2BABQBUBPBOBSBZBXBGA4ArA0AvAhAdAQAH
3304557999068,BLBPBPBXBTBLBFBGA8A9A4AjAnAZAUAIAFACACBKBJBMBZBWBUBMBRBPBOBBA2AmAoAkAVALAFAD
3304557999069,BsBiBZBcBdBaBRBMBBA3AnAkAcARARAGADACAABqBfBYBbBgBZBVBKBDA2ArAiAbAXARAJADADAC
3304557999070,AvAxA7BHBZBVBEBIBIBABMAoAhAkAVAOALADAAAsAwA6BSBhBTBOBWBcBfBZA4AwAhAjAcAWANAG
3304557999071,A6A3BHBPBOBNBFBOBGBAAyApAdAlAZATAFAJACA4A+BCBSBVBTBPBVBfBRBAA2A5AxAlAWAMAOAC
3304557999072,BTBSBSBYBRBMBLBHBAA7A3AjAgAVARARABAEAABPBNBOBXBYBVBSBTBPBHA/AqAnAnAhAOAMADAC
3304557999073,ArAtAyBDBPBJBBBMBLBBA9AtAhApAWAVAJAEAAAmAuAyBHBTBSBRBhBjBfBeAzAoBAAtAsAOAaAG
3304557999074,BNBfAoBWA7BxA9AvA+AfBCA2A/AzAZAVAAAAAGBNAyAeAcCQBTBPBFA0BMApBAA/A9AZA0AbAPAH
3304557999075,BPBLBOBXBVBNBIBGBCA7AwAsAiAbAWAOAFACABBJBJBLBYBaBRBPBTBPBJBDArAlAuAgAVAJAGAC
3304557999076,BuBpBkBfBXBPBSBNBCAyAnAbAWAPAMAGACABAABpBjBgBfBaBXBWBTBGA6ArAgAcAYALAIAHACAA
3304557999077,AvAvAvBBBKBJBABIA/A8A0AsAkArAjAZAKAMAAAwAtAuBBBWBWBKBTBPBQBQA7A2A+A6AvAjAfAN
3304557999078,AoAkAmA5BOBDA3A+A6A9A/A2AuAuAnAkAWAKAEAkAgAoA9BUBMBKBMBRBZBOBLBHA7BDA4AgAZAO
3304557999079,A8A9BEBXBRBGA/BDBCBAA5AwAmAiAZAMAEAFABA8A7BBBSBYBPBIBPBZBYBRA4A1ArApAaARAGAE
3304557999080,BMBOBPBWBNBIBHBLBJA7AwAnAhAfALAMAIADABBHBKBOBXBRBPBSBZBTBMA+AvAvAfAgAaANAHAC
3304557999081,BABABHBSBMBGBDBJBJBCAvAvAlAhAcAKAHADABA+A9BDBTBQBQBQBZBcBUA8A9A3AsApAXALAIAC
3304557999082,BsBaBbBVB3B5BgBQBAAuAjAeAIAKAIABADABAABtBZBIBlB5BwBeBVBAAwAkASARASALAFADAAAB
3304557999083,BsBfBUBbB3BrBZBQBAAzApAVARANAMAEACABAABkBaBVBgBrBiBaBSBEA3AiAgAXAUAKAGAEACAC
3304557999084,BhBZBWBdBdBWBMBHBDA0AvAbAYAXAJAIADACAABiBaBaBlBgBaBRBRBGA+AzAiAfAbASAQAGACAC
3304557999085,BQBFBKBUBVBIBFBEBEA4A2AhAmAbAXAOAFADACBJBHBLBWBYBQBMBQBWBLBAAvAqAqAlAiALAGAE
3304557999086,BNBFBKBXBPBJBIBTBKBBAoAlAhAbAdAOAFACAABHBFBNBYBSBPBUBbBZBFA7AqAwAnAiASAJAGAD
3304557999087,AxA4A5BFBNBDBBBLBQBDBBAvAiAkAZARAMAHADAwA0A4BGBSBRBMBcBYBeBKBAA2ArA1AbATAMAE
3304557999088,BOBIBKBaBYBTBQBGBFA+AyAmAcAfATAIAEADAABHBIBRBZBfBWBYBXBWBKA5ArAqAYAeAQAKACAB
3304557999089,A2A0A/BWBYBHBABGBGBHA8A5AoAoAcAQAEAEACAtA1A+BTBeBUBKBVBWBaBKA8AwAtAjASALAHAE
3304557999090,AvAvA6BFBRBBA6BHBPBKBOA6AqAfAbAPAKACABArAtA6BJBbBQBRBgBcBmBdBAAkAvAeAYANAMAI
3304557999091,AqAvA3BLBNBHA7BIBEA/A0AvAlAjAkARAHAHACAqArA3BLBUBQBLBXBbBcBcAzA+A1A4ArAcAPAI
3304557999092,AmAoAuA/BQBFA6BAA/BAA+A2AtAuAoAaALAHACAkApAuBDBVBPBHBQBUBXBNBOA7BABAAwAcAWAI
3304557999093,ArAwAwA5BIBGA2BKA9A8A/ApAhAoAuAXAVADADAtAsAzBBBSBLBHBTBPBSBbBBA2BMA2A6AiAWAK
3304557999094,BQBPBJBVBTBJBCBEBGA5AtAgAgAcAZANAEADABBLBJBNBWBXBQBRBTBRBLA/AuAsAoAkAZANAMAE
3304557999095,BJBFBMBTBPBHBABGBHA8A0AjAlAfAYANAIABAABLBFBHBWBWBNBKBSBVBMA/A1A2AtAoAUAPALAE
3304557999096,BUBRBdBaBbBMBHBNBGA5AxAlAcAXANAMAEADACBNBPBTBaBRBSBVBUBQBHAxAwAoAgAcAPAMADAB
3304557999097,BgBeBWBcBWBNBMBHBCA1AlAhAdAPAMAVABAAABBdBXBZBlBeBRBUBUBKA/AtAnAeAmAYAOAHAFAA
3304557999098,B4BmBdBaBhBbBUBGBBAvAhAaATALAIAIACAAABB1BgBdBnBnBbBVBNBDA1AnAeAYAVAPAHAGACAB
3304557999099,AuAzA7BNBNA+BDBLBIBEA5ApAeAmAkATAKAHADAqAsA5BLBTBLBJBXBfBZA3BMA4A9A5AnAVAPAF
3304557999100,BMBMBNBcBSBGBBBMBGA3AuAoAfAZAYAMAFADAABMBLBSBWBgBKBRBJBWBKA+A1AsAiAkARAPAJAC
3304557999101,A+A/BEBPBPBFA/BGBFA/A8AmAtAcAWAVAKAIABA6A7BBBLBUBQBNBRBRBRBNAxAyA3ArAjASAJAE
3304557999102,BwBkBaBYBhBeBWBLA9AwAgAeAfAMAMAHACACAABzBjBdBcBjBbBVBQA+AxAqAhAZAWAQALAEABAB
3304557999103,ByBtBcBWBYBdBaBMBEAwAfAcAaARAIAIAEAAAABuBjBfBWBcBkBaBRA/AyAkAdAoALANASAAACAB
3304557999104,B1BkBdBgBvBjBSBKA+A2ApAVAQAKAIAFAAAAAABxBdBdBhBuBiBXBQBHA2AmAbAVAOAGAGACABAC
3304557999105,BrBbBOBVB8BuBiBQBAAxAeAfAWAPAIAHAEAAAABkBWBMBeBuBoBaBNBBAwAmAfAcAVANAGAHACAB
3304557999106,BBA8BHBXBZBQBFA/A+A6A9AoAjAmAWAPAJADAAA5A6BBBXBeBVBJBSBNBTBPA4A2ApAgAXAQAIAF
3304557999107,ArAwA9BNBLA9AzBCBGBFA2AtApAtAmATAJAHACAmAtA8BMBRBCBCBXBbBdBRA+BDA8A4AvAZAOAF
3304557999108,BDBDBGBRBRBJBGBFBCA4AyAwAtAbAaAOAIAEAABCBBBDBPBWBSBOBQBQBLBEA9AyAyAnAcANAIAD
3304557999109,BFBFBKBVBOBHBCBJBIA7A3AnArAbAWANAEABAABGBCBGBUBWBQBLBTBYBOBFAyA4ApAnAcALAHAB
3304557999110,BqBhBfBjBcBRBHBIBCA4ArAeAXAPANAGADABABBhBfBcBlBiBSBRBMBLA/AuAjAeAVASAIAFADAB
3304557999111,BTBPBOBgBXBNBGBIBHA8A1AjAcAVASAMAHABAABOBQBOBfBYBQBOBRBTBIA8AoAmAiAeAUAIAFAC
3304557999112,BlBZBRBYBYBRBMBLBDAyAoAiAbAZAQAIAFACADBiBXBTBYBeBSBQBOBLA8A1ArAfAnAXANAHAIAD
3304557999113,BQBOBNBZBaBRBNBKBAA1A0AuAjAdARAIAGABAABOBLBOBcBbBcBWBSBLBHA2A4AkAhAYAIAHAFAC
3304557999114,BbBXBUBaBVBOBMBKBFA5AwAhAcAWATAIADABAABaBUBSBdBeBWBRBVBOBGA0ApAjAhAUAMAHADAB
3304557999115,BABFBJBXBNBFBHBPBQBDA6AjAiAWAQALAHACABBCBBBJBYBSBSBUBiBjBVA5A0AqAhAgAWAKAFAD
3304557999116,AzA5BBBHBKBABABJBJBBA7ApAoAoAWAVANAHAAA2A5BDBLBLBHBMBaBWBTBVAyBBAzAkAoAXAIAI
3304557999117,BaBVBSBZBXBOBIBJBEA5AtAiAcAXAPAOAEAAAABXBWBXBcBcBSBQBTBNBCAzAqAmAgAaAVAJAEAC
3304557999118,BBBBBKBPBTBHBEBJBFA9AyApAhAjAWANAJACABBBBFBJBUBTBNBRBVBXBOBBA6AzAwAiAbAHAKAC
3304557999119,BNBLBQBVBVBNBDBHA/A/A0AiAhAYAXARAGACACBLBKBHBUBWBQBJBVBPBHA8AyAyAvAdAfANAIAB
3304557999120,BEBFBHBPBSBMBBBHBNA6AvAoAkAjAXASAHADAABBBABGBSBWBLBNBTBYBMA/A2A3ArAmAfAQAIAC
3304557999121,BFBABIBRBQBABCBHBGA9AtApAiAmAbANANABAABEBDBJBVBSBMBKBSBWBNA5A7A2AxArAeASAIAE
3304557999122,BLBKBMBTBRBJBFBIBHA8A2AfAcAfAcAJAIADACBJBJBLBZBVBQBMBUBTBJBFAqAyAjAgAXAPALAG
3304557999123,BGBCBJBUBUBJBBBHBJA4A1AmAiAlAWANAGAFABBDBDBGBVBUBSBOBTBWBMA9AxAvAuArAWAQAJAF
3304557999124,BBA+BEBMBPBLBEBGBDBBAvAwAoAaAhAVAGADACA8A7BBBOBTBNBOBQBWBMBFA4BAAyAmAaATALAE
3304557999125,BfBYBTBaBZBTBIBLBCA6AxAeAbARAMAKAFACACBaBYBVBcBcBZBPBTBMBCAyAqAlAdAVAQAHAFAB
3304557999126,BQBPBOBZBUBNBHBIA+A9ArAqAhAaAQAMAHADACBOBJBQBZBYBPBOBTBSBFBBAxArAmAgAUAKAEAE
3304557999127,BfBZBaBiBZBOBOBKBGA4AtAgAbAYALAIAHABAABTBVBZBfBcBTBTBUBQBCAtArAZAfATAMAIACAD
3304557999128,BGBMBPBaBUBMBJBKBIA5AsAtAhAaAXAJAFABAABJBIBMBSBaBUBPBRBUBIBBA1AyAjAfASAJAGAC
3304557999129,BPBQBRBbBUBOBKBRBEA7ApAsAlAWAPAHAHABACBNBMBSBcBUBRBWBYBVBGA6AuAqAdAdAOAFAFAB
3304557999130,BGBMBKBbBPBIBJBIBGA9AmAxAmAbASALAIAAAABHBOBPBYBSBUBRBVBUBOA6A1AsAlAiARAKAFAE
3304557999131,BVBWBSBhBXBSBHBOBMA7AwAhAaAYANAHAEADABBRBLBUBcBbBSBTBZBUBCBAAlAdAhAaALAGADAB
3304557999132,BXBQBLBWBeBcBZBYBQBEAwAnAYAWAMAIABACAABVBIBLBVBjBnBdBdBMBBAzAhAaATAMAJAGACAB
3304557999133,A6A6BABKBLBCA/BFBHBGAwAoAuATAjAeAGABAAA4A1A+BJBUBGBTBaBcBSBDA8A4A4AtAiAWANAG
3304557999134,BKBHBGBMBVBQBUBOBGBFA0AnAfAdAWAUAEADAABDBBBDBWBbBWBSBTBTBJA4A0AtAnAUAUAOAOAB
3304557999135,BUBVBSBfBPBNBLBKBIA5AvAgAZAcAOAPAEACABBRBPBTBaBZBUBQBXBTBEAvAzAqAiAXAOAIAFAF
3304557999136,BHBDBLBSBTBJA/BDBCA9AwAjAaAcAdAVAGAFABBEBBBIBYBbBSBOBTBWBNA/AzAsAyAnAYASAKAH
3304557999137,BSBMBRBWBSBHBGBJBFA9AuAoAhAaATALAGACAABPBLBLBYBTBQBQBUBUBLBCAoAxAkAlATAIAEAC
3304557999138,BvBhBRBcB+BtBeBOA+AtAkARANAKAIAEABAAAABrBfBVBlB1BpBfBSBCAzAiAYATAOALAEADABAB
3304557999139,BKBEBHBQBYBTBLBOBHA7AyAkAiAYAaAIAFACADBHBHBGBSBdBVBSBYBYBMA+AuAoAmAgAUANAIAD
3304557999140,BeBbBbBfBZBZBMBPBGA8AxAdAZAUAPAFADABAABbBZBSBZBcBXBXBXBNBAAuAjAiAUAOAPAHABAA
3304557999141,BVBUBNBaBfBUBFBJBCA4ApAnAhAaASALALACABBPBMBIBWBdBTBKBOBQBGAzArAwAeAtAVAJACAA
3304557999142,BbBdBbBgBZBSBNBNBDA6AsAeAYAZAPAJAAABABBXBVBUBfBYBSBSBTBOBAA5AlAhAdAXANAFADAB
3304557999143,BfBbBXBgBbBPBFBJA/A7AxAhAhASAMAHACABAABYBYBUBfBeBTBQBQBLBFAzAuAlAVAbALAHACAD
3304557999144,BlBiBdBlBeBVBQBIBBA0AkAfAdAVAKAGABABABBmBfBdBmBfBZBQBQBFA2AwAcATAeATAOAFACAC
3304557999145,BYBaBXBcBZBQBMBMBIA6A1AbAYAWAOAFAGABAABXBVBQBjBdBUBWBWBOBBA5AlAfAYAZAJAHAFAB
3304557999146,BaBZBaBdBUBIBEBEBAA3AzAhAgAhARARAEABAABdBWBXBbBTBNBMBMBGBCA1AtAkAjAdATAIADAC
3304557999147,CABwBlBfBgBYBPBAA5AqAqATAVAOALAGABABAAB3BvBkBpBiBXBSBHA7A1AnAeAbAQAKAJAGABAB
3304557999148,BjBiBeBjBcBRBNBJBCAzAvAbAYAUAMAEADADAABcBiBdBiBeBWBSBPBIA+A2AcAWAdAUALAFADAB
3304557999149,BvBpBgBjBhBWBEA9A2A0AxAaAZAOAJAFAAABABBuBlBdBoBmBVBLBIBFA5A5AgAdAVARAKAEACAB
3304557999150,BkBfBaBgBdBSBRBNBCA4AoAeAZASALADAGACAABiBfBcBcBbBZBWBSBJA8AwAgAgAVAQALAEADAB
3304557999151,B1BxBoBqBcBPBEA/A/A1ApAXAQAOAKADADABAABxBrBkBiBdBRBKBPBNBCAvAaAYAUAJAMAEAAAA
3304557999152,BXBZBXBcBUBPBLBHBHA4AoAoAeAZAMAFAIAEABBVBXBbBhBaBWBOBWBOA9A3ApAfAYAMAVALAEAG
3304557999153,BEBCBEBSBqBdBSBNBIA8AuApAhAcAXAPAIADABBBBABIBSBSBOBNBRBNBDA6AxAvArAkAWAQAKAC
3304557999154,BTBOBNBbBRBJBKBMBIA+AxAkAjAUARARAJABABBJBKBMBYBUBSBQBaBYBIA3AqAsAiAbAPANAIAD
3304557999155,BHBHBNBYBcBKBFBLBHBBA3ApAcAcASAKAEACABBABEBNBcBaBSBQBYBYBQBEAsArAiAZAVAHAFAC
3304557999156,BbBUBOBcBcBXBIBMBBA4A0AcAXAXASAKAFACAABTBOBQBeBfBZBUBTBOBBA7AoAhAjAYAMAGADAF
3304557999157,AvAvA1BFBLBDA9A9A+A6AzAwAsAmAjAaAPAFACAwAvA5BJBWBPBEBOBSBUBNBCA6A9A+A2AfARAH
3304557999158,AlAqAwBEBKA9A5BABAA7A5ArArAwApAUARAMADAjApAyBGBPBHBBBUBRBWBWBBBGBGBEA4AmAQAK
3304557999159,AtAyA6BGBNBCA7BABAA8A7AmAlAtAgAZAOAIADApAuA2BJBRBLBGBTBVBWBJBDA+BAA+AvAfATAJ
3304557999160,BFBGBHBVBRBFBCBGBBA5AvApAdAiAYATAHAEACBEBEBEBUBZBOBLBUBQBNBAA2ArAvApAhAVAKAG
3304557999161,A3A4A+BPBNA/A/BKBJBEA6AqApAmAWASAHAEAAAxAzA6BOBZBQBOBZBdBaBFA7A1AyAtAmAXAHAC
3304557999162,BSBTBOBTBOBKBKBMBEA5AzAmAfAUASANAGAAAABRBRBOBcBVBWBUBZBNBPBEAqAoAiAfAMAJACAB
3304557999163,BSBNBRBcBUBNBEBJBGA/AxAkAdAYAXAJAEAAABBRBPBSBYBXBRBSBUBTBIA9AqAlAsAVARAFAJAD
3304557999164,BWBRBRBVBWBPBIBLBBA2AuAiAeAcAVAOAEABABBUBUBKBWBaBVBNBTBQBDA5AuAwAkAYAQAOAGAB
3304557999165,BTBKBJBbBhBXBNBEBCA7AxAtAcAXAMAIAEACACBUBNBNBfBnBeBVBTBOBMA1AzAdAZASAOAHAFAA
3304557999166,BmBgBXBaBVBKBLBKA9A2ApAkAYAXAQAIAFAAABBkBaBWBcBcBXBSBQBLA8A1AlAjAdASAQAGAEAD
3304557999167,A7A+BDBPBNBEA+BEBFA+A0AoApAdAdAOALADABA4A8BCBQBWBNBMBVBXBWBHA3AzA2AqAgAYAMAH
3304557999168,A9BBBKBVBLA+BABHBVBBAwAcAhAbAiAVAKABADA+BFBLBRBSBGBMBZBdBQBAAqAxA5AvAhALADAD
3304557999169,AzAyBABQBLBCA4BIBHBDA+A0AmAlAWAQAMAEACA0AzA6BUBaBQBOBUBcBfBRBAA3AwAnAaANALAB
3304557999170,BHBGBIBRBVBQBPBMBHA8AyAmAiAZAWANAEACABBIBFBLBZBXBTBWBXBWBJA+AxAwAjAXAaAIAFAC
3304607001001,BZBXBcBgBYBLBJBIBAA9AxAuAhAiAZARAIAHAEBRBYBbBiBZBMBHBDBCAzAvAkAaAjASARAOAJAC
3304706001005,BNBWBWBdBZBKBJBNBFA4AtArAiARAVASAHAEAFBKBPBQBeBdBOBVBOBLA8A3AnAuAdAaARAKAFAD
3304706001099,BXBbBhBhBZBRBSBPBBA5AzAlAlAZAVAMAMAHABBRBXBbBXBZBMBJBLA8AxAmAuAcAmASAQAMAEAE
3304755001005,BlBpBxB7BfBQBNBHA9A0AjAfAcAXAQAKAEAFABBYBkBkBXBgBNBNBNA6AuAuAgARAXALAOAMABAB
3304755001099,BZBuBwBsBYBEBFBJA9A0AsAfAhAbAUANAJAEAEBWBnBpBhBUBPBBBKA4AxAhAkAoAZAPARALAHAF
3304805001005,BSBVBbBfBUBEBHBGBBAyAiAuAfAZAfAPAHAFACBMBQBWBkBcBKBQBWBFA8A1AqAuAmAcAQAJAHAC
3304805001099,BNBRBTBjBXBJBPBEBBAzA6AyAfAkAoARAOAEAFBIBRBaBTBNBIBGBQBAA+AuAnApAfAfASAOAFAF
3304904001001,BPBIBMBXBaBQBMBSBKA/A9AcAUAWAPALADACAABLBNBQBfBgBWBTBeBUBPA8ApAmAfATAPAFABAA
3304904001002,BLBPBNBXBZBRBQBWBIA+AtAiAhAVAKAJAEADABBNBPBNBdBZBZBVBaBTBUA9ApAmAaASAOAJACAA
3304904001003,BfBcBaBfBbBWBQBRBEA5AqAfAYASAQAJABACABBaBWBYBZBfBXBVBbBKA+ArAqAkAXAOAGAIACAA
3304904001004,BUBUBXBfBcBTBPBOBDA+AkAuAcAUASAGADABAABPBWBRBcBgBVBXBTBTBBAyAuAkAYAVAIAJACAA
3304904001005,BFBIBPBdBbBLBKBRBGBDAwAoAqATAUAGAFAAADBFBGBOBSBYBTBUBYBmBMA3AuAlAbAZAMAOAFAC
3304904001006,BPBNBNBaBkBaBPBVBJA5ApAqAdAXASAGAFAAAABNBMBJBdBeBaBUBXBNBDBHAgAcAiAUAJAIAIAA
3304904001007,BJBQBQBXBiBPBLBQBHBCAwApAgAaANAHAGADAABFBLBLBZBeBUBTBWBTBEA5AxAnAcAaAOAJAEAB
3304904001008,A/BEBJBUBXBGBKBVBMBEAzAnAoAYAXAIAHAEAAA+BDBIBPBRBUBUBhBWBOA+AxAnAoAiAUANAFAE
3304904001009,BEBIBOBRBTBMBHBRBBBCAxAnAtARAPAQAFAEADBEBIBJBUBZBVBQBdBPBLBGAlAuApAaAcANADAD
3304904001010,BKBKBJBWBSBOBKBSBKBBA6AhAjAWARAHAGAAAABJBHBLBZBeBRBSBcBXBNA9AoAcArAhAMAMAIAD
3304904001011,BeBXBUBbBdBVBYBQBGA7AoAjAZAUALAGAEABAABYBTBTBaBgBXBPBbBKA/AvArAjAdAUAJAHADAD
3304904001012,BnBkBfBkBgBaBMBIA/AxAqAaAUAOAFAGAFAAAABoBiBgBiBjBfBWBQBHA7AzAbAYASASAHAFACAA
3304904001013,BFBJBNBVBrBMBMBWBHA7AkAuAmATAOALAHAAAABDBDBMBbBbBaBVBkBaBGA4AsAqAcAZAQAEAGAB
3304904001014,BVBRBVBaBcBTBRBMBIA9AxAYAdAYAPAOADAFAABNBVBQBcBhBTBZBXBOBHA4AxAeAUASAKAHACAA
3304904001015,BLBRBGBmBfBKBKBPBJBDAvAfAeAUARAGADABAABLBKBWBJBdBZBSBVBWBXA9AtAlAcATAPALAEAE
3304904001016,BeBXBWBcBSBPBWBZBRBAAoAiAbAOAMAFADAAAABMBSBXBaBaBZBkBlBTBEAxAjAYAWASAFAFABAA
3304904001017,BHBQBWBgBgBPBJBWBPBFAwAfAYAWAKAFAEABAABIBLBTBeBgBUBUBlBaBKA6AkAaAYASAKAHAAAF
3304904001018,BuBmBgBdBZBQBVBQA+A4AnAcAeAPAFAJAEADAABkBsBbBWBgBYBZBOBEA1AsAiAjAOASAIADAAAA
3304904002001,BWBaBWBWBcBbBXBRBEA0AtAgAcAVAQADAFAAAABWBZBRBZBhBdBgBYBJA6AyAnAoAUAQAGAEAEAE
3304904002002,BlBbBWBbBiBZBVBPBDA1ArAhAZAMARADADABABBfBYBVBeBlBeBXBSBEA8AvAiAYAcAMALAFADAB
3304904002003,BdBSBTBeBXBRBWBRBFA4AoAkATAVAWAKAFAAAABeBVBYBdBeBZBaBWBPA/AoAnAeAkANAJAEABAC
3304904002004,BvBuBRBeBeBdBZBHA+A4AcAoAYANAKAGAAABABBgBdBjBnBjBbBXBNBGA7AwAaAUARAJAIAHAFAA
3304904002005,BYBTBXBdBbBUBRBIBEA9A0AjAfAQALACACACACBQBPBQBjBkBcBQBWBQBCA8AnAhATARASAGACAD
3304904002006,BcBWBWBcBbBYBSBSBGA2AxAgAZARASAIAFACAABZBaBTBdBeBXBaBVBHA+AtAnAgAXARAMAFACAB
3304904002007,BgBZBbBhBhBIBSBTBFA4A3AqAYANAMAHAAAAAABfBaBXBgBiBdBXBYBJA9AnAUAYAXARANAEAEAC
3304904002008,BQBJBNBXBWBPBQBVBMA7AvAkAgAYAWAFAIAAAABIBFBHBcBiBWBaBdBPBIA4AvAxAXAZAOABAEAD
3304904003001,BfBaBdBdBfBZBVBJA9A2AzAZAcARAJALADAAAABfBfBUBbBhBeBaBRBGA+AuAoAhAUAOAGADADAC
3304904003002,BhBeBaBcBfBWBeBPA/AzAuAaAaASAHAJACACABBeBYBWBdBmBeBYBRBGA+AlAoAVAfASAGACAEAF
3304904003003,BTBLBXBYBeBOBJBTBKBFA1AbAfAXAQAGAHAAAABKBFBTBbBgBPBcBhBUBIAwAsAnAcAVAFAJAEAA
3304904003004,BpBXBTBNBZBaBSBQBDA6AzAeAgAPARAGAGABAABEBYBNBhBkBeBZBVBLBCA0ArAeAWARAOAFACAB
3304904003005,BqBqBlBfBiBUBVBMBCA4AlAiAcAJAMAJABAAAABkBhBcBeBfBbBWBOBEA4AjAlAVAUAQAGAFAAAA
3304904003006,BsBlBUBfBlBdBTBHBCA7AqAgAYAHAKABAEAAABBkBgBdBkBpBeBRBNBIBCArAjARARAHAFADAFAC
3304904003007,BgBbBfBbBbBUBPBUBEA7AsAgAZAPAJAIADABABBeBaBVBdBgBVBbBbBMBBArAlAaAVALANAGACAB
3304904003008,BjBgBZBgBgBPBOBLA8A9AsAfAZAUASAHAFACABBYBZBVBeBgBnBcBPBBA+AvAlAcAOANAQAEACAC
3304904003009,BVBTBTBhBjBZBTBOBDA6AoAmAcAWANAJACABABBWBPBSBjBaBgBTBVBJBFAyAnAnAPATAIAHAFAA
3304904004001,BFBEBKBVBYBLBJBQBLA/A5AlAfAaARALAHABAABEBIBIBZBXBQBQBbBXBLBAAuAvAkAiASAKAEAC
3304904004002,BJBJBPBWBYBTBJBRBMA+A9AjAfAcARAIADABAABDBIBOBZBYBUBQBaBUBKA6AvAeAiAiAMAKAIAD
3304904004003,BNBMBRBVBbBTBNBYBIBCAzAnAbATAQAMADABAABABDBEBaBVBRBTBVBZBLA8AwApAlAbAUAMAFAA
3304904004004,BEBDBIBZBUBRBKBHBNA5A/AjAuAPAXALAEAFAAA7A/BKBSBfBTBSBaBYBTBLAtAoAmAeAMAMAFAE
3304904004005,BGBHBRBUBeBMBLBLBLA+A1AlAdAWATAKAFADAABABGBRBYBbBQBMBXBYBQBCA0ApArAaAOAJAFAB
3304904004006,BSBcBWBcBYBSBKBTBLA3AzAfAiAQANACAEAEABBUBXBUBbBbBQBVBcBRBDA4AjAlAXARALAJAFAC
3304904004007,BYBSBQBdBcBWBQBOBNA6AtAiAaAaAPAHADAAABBSBTBQBfBeBaBUBZBQA+A0AkAlAdAYAIADADAB
3304904004008,A+A7BIBUBXBLBEBMBMBBA3AoApAlAYAIAHADAAA9A2BFBcBYBPBLBVBWBRBBA3AoArAvAXALAGAC
3304904005001,BWBZBTBVBZBVBSBPBMA1A2AdAaARAPAIAFABAABYBWBXBaBjBdBbBXBMA/AxAoAeAZAPAMADAEAC
3304904005002,BKBSBPBXBZBOBMBOBKA9A0AiAcATAQAKAIADABBKBOBOBaBfBVBUBYBWBGA8AoAeArAeALAFAFAC
3304904005003,BaBYBYBgBfBVBOBNBJAxAqAmAdARANAIACAAAABhBPBbBbBnBbBTBTBLA5AwAkAoAQANANAMABAB
3304904005004,BBBHBLBYBXBRBFBQBFA8AtAtApAVAXAJAJACABBABGBKBVBWBRBOBVBRBJA1BAAuApAiAQAOAIAE
3305000001001,BVBbBhBgBUBOBPBOBGA0AoAqAlAcAPALAJAFABBUBcBcBcBVBLBSBQBCA2AyArAgAcATAOAKACAB
3305109999001,BqBjBbBiBYBOBMBNBGA1AqAYAZAPANAIADABAABgBfBhBlBZBTBUBUBNA5AuAfAmAVATAKAEACAA
3305109999002,BqBgBgBjBfBTBIBIBDA4AmAeAbASAKAIAAAAAABpBZBZBgBeBTBPBUBJA+AxAiAXAXAVALAIADAA
3305109999003,BfBcBcBgBbBRBHBMBAA2AnAkAWAXAPAJAEACABBdBVBTBbBcBSBSBTBMBEA0AnAlAeASALAHAEAG
3305109999004,BhBYBXBkBcBQBJBJBEA4AuAfAYAZAJANACAAAABbBZBZBgBbBSBRBUBNBDA0AmAbAXAYAPADAFAA
3305109999005,BdBYBUBeBbBWBMBIBCA5AxAhAZAUAMAJAEACAABbBUBSBcBgBXBSBQBNBDA+AgAhAbATALAIAFAC
3305109999006,BaBbBXBcBYBOBNBJBIA3AtAgAYAXAMAHAGAAABBbBZBTBdBjBTBUBTBOBDA0AlAkAZASAQAJAEAC
3305109999007,BkBhBaBfBZBMBSBOBDA3ApAaAXAUALAHADABAABhBgBdBgBcBYBWBUBIA7A4AYAeAaASALAJAAAC
3305109999008,BnBfBdBfBdBVBQBKBAAzApAeAYASAOAGACABAABkBdBaBiBeBYBVBSBHA6AxAhAeAYAQAJAEADAC
3305109999009,BpBfBVBeBcBYBPBNBCAzAwAWATAUAKAKADAAABBnBdBZBhBiBbBVBQBIA7AtAlAXAZAQAMAFACAC
3305109999010,BXBQBRBeBdBMBIBJBGA5AzAfAdAUARAJACADABBTBOBRBeBgBTBRBSBTBGA6ApAnAhAaANAGAEAD
3305109999011,BeBbBYBgBdBVBLBMBBA4AsAiAdAQANAHACABAABeBUBXBhBiBWBSBTBOBBAzAmAhATARAOAHADAB
3305109999012,BcBaBYBfBbBPBLBJBEA5AqAgAcAVAOAIACAAAABXBVBYBdBgBWBSBUBOBAA2AlAiAdAZANADAEAC
3305133001001,BRBPBfBmBeBZBYBVBGA6AkA0AfAdATANAKACAABMBaBXBZBkBRBPBKA8AwAvAqAjAPAXAFAJAHAD
3305158001001,BlBnBcBbBTBfBUBLBIA2AxAdAZAZAMAIABADAABkBhBdBgBiBOBXBLA6A1AlAnAUAaAOAOAJACAB
3305208001001,BmBmBfBfBXBVBVBPBCAzAuAeAgATARAHACACAABkBgBbBdBZBVBWBSBDA3AtAeAdAPARAJAFADAD
3305307001001,BOBeBkBhBQBLBPBPBDA6A2AiAtAaAQARAKAJACBMBVBcBbBPBJBPBRBBA1A3AdAjAcAUAUAJAJAB
3305406001001,BUBaBdBZBSBJBPBMBJBAAtApAjAaAUAQAFAGABBQBZBXBXBWBJBSBUBNA7A0AeAeAbATAXAJAHAC
3305505001005,BTBiBdBbBTBIBLBRBIA5A6AhAkAbAVALAIAAAABZBbBbBaBPBMBNBSBDA+AmAyAZAgAYAKAIAIAB
3305505001099,BoBfBdBiBZBOBNBKBAA2AsAmAhAXAUAKABACADBcBeBaBkBdBPBLBOBEAyAwAgAbAfAaAHAIACAC
3305554001001,BjBgBhBdBcBTBOBLBAA4AoAgAaARATAIADACAABgBkBgBdBdBTBUBPBHA6ApAjAbAbAPAMAGADAB
3305554001002,BmBwBhBwBjBHBKA/A8A1ArAfAcAPAbAQADADACBpBhBqBoBfBIBCBFBEA3AnAaAdAWAOAKAGADAA
3305604001001,BzBnBnBqBeBPBNBGA7A0ApAfAZAZAZAMAFADAABpBlBeBmBfBSBJBBA7ArAoAaAaAZAaAGAFADAA
3305703001001,BZBbBjBmBmBZBfBWBCA3AmAhAaAXAUAIAHABAABXBhBnBlBZBTBKBOBEAwApAZAZAUARAIAEACAB
3305752001001,BfBhBgBlBnBaBNBHA9A0AuAhAbAUALAJAFAFACBiBbBcBiBlBYBPBMA/AxAqAjAYAZAQAIAGADAC
3305802001005,BYBWBZBcBWBMBLBIBDA5AwAiAZAZAWAKAEADABBSBVBWBdBbBSBTBSBNBBA2AoAiAhAXAMALAEAC
3305802001099,BqBrBoBhBiBbBWBRBEA0AnAbAYAUAMANAFABABBrBkBfBcBdBTBRBPA7AsAeAbAbAVALAHAHADAD
3305901001001,BHBaBqBvBjBEBJBVBDA5AuAtAiAeAdAOAHACADBNBWBkBeBDBGBLBRA4A1ArAlAkAfAcAJAIAFAF
3306008001001,BYBYBXBeBZBLBLBLBFA7AvAiAhAUAPALAEACACBUBUBaBdBYBRBSBSBLBAA1AoAlAZAYAOAHAFAE
3306107001005,BWBTBaBcBTBFBGBMBGA4AtAmAiAXARALAHAEABBRBSBXBdBVBMBOBVBMBCA5ApAmAhAYAWALAHAE
3306107001099,BaBlBaBZBXBHBKBOBBA5AyAmAqAaAVALAGAFABBcBNBZBaBSBLBGBIBFA1AwArAgAjAiARAMAFAD
3306156001001,BgBdBwBvBmBTBJBIBFA5ApAcAYAbAOANAHABADBcBcBpBpBZBKBLBEA4AuApAeATAeAVAKAJAEAG
3306206001001,BaBcBbBaBVBJBGBJBEA3AvAkAdAYAYAJAFAEABBcBWBYBeBUBNBTBPBJA9AsAtAfAgAdANAJAHAG
3306305999001,BdBYBfBfBgBNBOBSBKBBArAeAVAMAHAIADACAABXBWBUBnBkBYBUBcBXBDAsAhAbASAQAFABACAC
3306305999002,BCBkBcBnBfBEBDBRBRBAA1AcAUAWAUAGACAEABBcBGBWBoBeBPBKBeBUBMAzAhAbASASAHANABAE
3306305999003,BkBkBjBrBUBNBLBTBIA7AsAfAZANAIAFAGAAAABdBhBlBgBXBTBUBZBQA6AuAjAVAQAPAJAFABAA
3306305999004,BTBaBgBgBGBIBaBiBZBCApAhAVATAMAEAEAAAABPBWBbBZBPBbBmBlBWBCArAmAaASAJAEAHABAC
3306305999005,A4A9BIBdBQA7A/BOBRBIA4AiAdAnAhAYAGAEABA2A7BDBWBQBBBLBfBiBWA+AyAvAzArAWAMAGAC
3306305999006,BLBLBYBeBYBHBEBUBLA8ArAlASAcASAKAEAAADBNBMBSBhBMBNBQBeBYBGA+AkAmAzAVAWAEAEAE
3306305999007,BAA/BLBhBQA+BDBLBUBAA4AjAnAXAnAKAIAAAAA3A7BNBdBZBBBMBhBhBSBFAnAtAwAjAOANACAC
3306305999008,BxBhBYBnBjBWBJBIBCA4AqAdATAOAMAIACABAABiBiBiBkBpBYBMBLBEA/AnAmAbAVAGALAHADAA
3306305999009,BfBfBkBpBjBTBHBHBJA7AtAgANAUAMAEAGACAABfBfBmBmBkBSBRBRBJA+AxAbAVAWAKAJADABAB
3306305999010,BFBJBTBcBUBHBJBYBUBCAsAnAeAVARALAEACABBFBIBUBhBaBPBWBeBeBKA3ApAkAcAWAOAMACAA
3306305999011,A8BDBRBmBXA8A6BOBOBNA5ApASAiAeAUAEAAAAA1A6BJBkBTA+BKBhBhBbA+AwArApAoARAIADAA
3306305999012,BYBcBmBuBYA8BFBRBXBFApAXAWAOAOAGABAAADBWBaBmBqBZBJBOBnBfBEAoAiASAYAJAGAGAGAB
3500105001001,BDBNBXBiBSBGBIBMBEA7AvArAnAjAbAQAJAEAAA9BLBbBdBQBJBRBRBJBBAwA2ArArAXATAJAJAC
3500204001001,A/BPBrBjBcBEBJBQBWA+A3AfAjAeAbAGAKAHADBCBUBnBmBFBFBVBbA5AyA4AoAqATAdANAFAEAE
3500303001001,BZBeBfBlBeBNBOBOBEA7AsAhAbAbATALAHABAABUBcBdBnBWBPBKBKBDA2A1AdAeAeAWAPAHAFAB
3500402001001,BHBWBZBmBWBJBCBPBNA2A5AdAsAiAbAUANACAAA7BNBYBbBIBGBJBPBGA+ArAsAmAqArAQATAHAB
3500501001001,BSBPBeBhBeBOBPBLBEA0A3AbAiAgAXAQAEADABBKBVBZBdBVBRBQBMBFA7AyAkAnAdAaASAJAFAE
3500550001001,BcBkBuBOBLBTBNBGBDA5AxAnAjAoALAMAIAHAABdBTBZBfBNBOBSBHA7A5AqAoApAlARAPALAEAA
3500600001001,AyBEBDBdBPA3AuBGA4A9A3AnA6ApAKAdAiAAAHAxBIBBBfCIA5AqBYBYAxBOAwA5ArAsARAjANAD
3500709001001,BdBiBmBuBhBSBKBIA+A3ApAfAfAPASAIADADABBYBgBqBmBdBPBQBIBCA1AvAbAWAeATAQAGAFAA
3500758001001,BgBgBxBuBwBIBIA+A6A1AwAiAaAXAaAGAQAFAABgBbBoBmBZBMA7A9BDBDAlAgAaAjARAAAGAEAA
3500808001001,BJBHBYBaBbBdBOBQA3AuAsA3AuAlAmARAKAGAABFBTBKBXBSA7BGA7BFBBA9AuArAzAmAQAFADAC
3500907001001,BmB4BSBnB0BZBXBOA1A0AZA7AcAhAMANACAAADBIBVBPB7BMBdBSA4A1AuAsAmAWAkASAIAHAAAD
3501004001001,BUBXBiBnBcBLBMBLBGA8AyAmAjAVAXAOAGAFAABSBWBeBiBWBIBGBIBDA6AyAlAhAkAUAOAGAHAC
3501103001001,BDBUBgBeBRBMBABQBIBCA7A7AqAcAwAOAIAFAAA3BFBUBRBDA6BIBWA/A5A/AtBGAaAhAUAFADAA
3501152001001,BhBnBiBlBnBhBYBSA/AyAhAlAXASALAGABABABBiBjBiBnBgBdBVBNA8AwAnAcAZAOAOAJABABAD
3501202001001,BJBOBUBaA5A/BfBKBMBHBFArA/AuApAUAEAAAAA1A7BaBRBLA+BBBaBDA5A/A7AfApAjALAGAHAB
3501301001001,BbBkBkBfBVBOBTBMA+A3AoArAbAZARATAHADABBXBbBcBcBXBXBTBMBBA3AvAkAmASASAHAIAGAB
3501400001001,BQBPBYBfDECiB/BcBMA2A0ATAhAZAIAKAAAFAABNBGBTBUBMBBAyA0A0ArAfAhAWAMAWAMAKAIAA
3501509001001,BcBeBmByB0BGBEA7A2A3BCATAuAVAUAIADAAAABiBSBhBhBUBMBJA/BAAvAvA0AcAZATATAIAFAH
3501608001001,BIBMBUBiBaBcBRBPBJBCAzApAaAZASARAFABAABCBIBQBXBfBWBSBUBOBDA2ApApAVAXASAFACAC
3501608001002,BPBMBVBrBtBZBQBHBHBIAxArAhASAIAFAEABABBHBOBOBoBmBVBOBIBNBPA5AkAUAaARAKADAFAB
3501608001003,AuA5BFBVBTBKBEBMBLBFA6AqAjAhAsAPAKADADAuA2BFBYBZBNBNBWBWBNA4A8A6AxAiAaANAHAE
3501608001004,A+BABTBeBZBKBJBNBNBCA2AkAkAZAYAOAJAFABAwBCBOBcBgBNBQBYBUBGA8AoAqArAqARAGAIAA
3501608001005,BEBVBjBdBLBIBYBhBZBCAoAlAcATAPAKADABAABCBQBdBbBPBVBdBlBdA8AnAoAXAcAUANAGAFAA
3501608001006,BSBZBbBkBfBbBSBOBDA4AiAmAVAhAPAMAKAAAABSBWBVBcBkBUBPBNBJA6AtAnAbAkAPAQAEAGAC
3501608001007,A4BBBJBXBWBRBKBSBIA+AzAvAsAiAcASALACABAwA2BGBTBQBMBPBUBNBBA7A5AwAzAfAeAZAEAE
3501608001008,BaBjBqBqBPBRBjBlBSA4AlAUAXANAGAEADACABBUBiBlBbBSBWBoBlBNA0AkAZAWAMAOAFABACAB
3501608001009,BmBeBpBgBWBbBVBVBKA4AwAaAkAKALAGAEABABBYBfBeBYBaBYBZBRBJA3AwAXAaARAMAGAFAEAE
3501707001001,BgBgBpBqBtBhBdBQBAA0AnAaASAOAKAJACACABBgBiBiBlBpBZBXBJA+AtAlAdAaAMALAFAFABAB
3501806001001,BHBPBZBcBPBBBBBOBQA9A0A/AkAfAmANAHADABBEBGBaBgBQBABNBTBCA+A2AwArAkAoAMAGADAA
3501905001001,A/BNBXBeBYBTBLBJBHA+AzAnAmAZAaAMAKADABBCBIBUBeBTBPBMBRBNBAA1AsAuAfAcAUAKAKAE
3501905001002,BlBmBnBuBfBcBUBQBIA6ArAgAZAWANAFAGAFAABaBgBjBbBZBTBRBKA/AwAnAZAXAXAKAJAGADAA
3502002001001,BPBzBhBnBeBRBHBMAuBKBHAXAUAhAaAJAPADAABNBOBiBoBKBYA9BGBMAzAnArAfAkAJARAGAJAA
3502101001001,BKBTBaBcBZBTBPBLBDA2AxArAiAdAUANAJADACBJBPBWBaBXBRBPBSBFA/AyAxAjAhAYAQALADAE
3502200001001,BZBeBnBlBXBNBRBQBFA+ArApAXAgAPAQAJAEAEBRBiBfBbBSBNBMBNA+A4AwAhAeAVARAPAGADAB
3502309001001,BoBZBnBeBcBRBJBKBGA0AzAmAmAYAOATAQAAAABbBdBqBbBUBGBFBGA/A3AgAjAgAhAbAMAGACAA
3502408001001,BPBLBzBtBaBHBPBPBCAyAxAhArAYAjAQAFADAABbBgBTBgBZBDBcBFA3A3AzAoAsAMAOAJAKAEAD
3502507001001,BPBaBgBsBgBTBNBKBDA1AvAgAXAYAMAMAGADABBOBXBeBlBcBQBRBQBNA7AwAjAiAZAXAMAGAEAC
3502606001001,BCBNBWBgBeA6BQBJBCA3AxAuAyAdAWAWARAHADBLBOBYBTBBBbBQBHA9BFA3AuA3AdAQAaANABAB
3502705001001,B3BxB0BzBZBOBHA/A3AuAnAfAbAPAUAIACACAABxBuBxBuBZBTBFBCA1AtAkAdAVAYAPAGADACAB
3502754001001,BvBzBmBnBlBUBRBOBBA0AqAdAWAPALAMAEACABBiBqBpBmBkBbBRBHA3AvApAOAVARAKAGABAEAC
3502804001001,A5A7BJBTBZBIBDBHBDA5A5AuAoAhAdAaAQACABA2A5BFBYBYBNBOBRBHBFBABCA7A5AnAOAMAMAD
3502804001002,BHBOBbBmBeBNBNBMBJA9AzAmAhAQAWAIANAAAABFBHBUBgBZBVBUBVBNBIAxAyArAYASAJAGADAD
3502804001003,A7A/BQBgBZBQBGBGBFA6A6AiAdAmAVALAEAGADA3A8BNBeBaBTBNBXBPBNBIAvA1AhAgAQANAOAC
3502804001004,BVBTBbBhBkBLBLBRBFA9AxAiAbAWAOAJAEADABBMBUBbBmBZBTBOBVBRBBAyAoAbAeAQAGALAGAB
3502804001005,A8BDBKBeBSBNBKBLBNA9BBAgAiAeAhAJAHAEADAzBGBJBZBZBRBTBWBTBMBKAoA3AhAaAQANACAC
3502804001006,BeBdBoBiBcBaBdBaBGA4AhAaAPAMAJANAEACABBTBdBgBeBcBaBmBeBLA3AiAbAbAWANAGAAABAB
3502804001007,AxAzBHBZBRA/A8A6BBBCBHAsAtAfAhAjAJAKABAmAyBDBXBVBDBDBdBZBLBMAzBDA2ArAfAXAHAA
3502804001008,BlBiBiBcBZBhBdBUBCAuAnAQATAOAPABADABABBgBjBcBdBcBoBmBXBFA4AhAkAWAUALALACAEAA
3502804001009,BeBhBmBjBYBWBYBTBHA1AqAnAYAbAMAHAGABAABfBdBcBcBdBTBVBTBBA3AqAiAYASAIALACACAC
3502903001001,BWBZBmBeBTBUBNBQA+A6AvAlAjAjATAGAIAEABBbBRBWBlBZBOBGBGA/AyA1AzAhAgAPAOAFADAD
3503000001001,BPBVBmBgBRBNA/BTBOA1A2ArAyAmASAHAHAEAABCBVBcBgBZA/BeBQA/A/A4AeAlASASAMALAIAA
3503109001001,BeBqBuBsBkBTBCBKBAAuAsAmAfAYAOAFAIABABBgBnBwBqBUBPBBBBA+A2AoAdAbAXAVAGAJACAA
3503158001001,BYBkBdBmBXAwBQBPBFApAnAsAjAcAlAQAFAHAABbBZB3BcA4BZBIBbArA5AtAhAsAgAXAPAJAFAA
3503208001001,A5A7BRBbBcBJBFBGBHA7AvAvAwAeAeAMAMADACAzBABJBbBYBMBJBSBQBKA7AzA4AkAuAbALAHAE
3503208001002,A1BCBOBZBtBkBnBLBRBBA3AkAgAdAMALAKAEABA6BCBPBUBbBKA7BhBNBBA8AxAkAiAcATAKAFAB
3503208001003,A4BDBKBYBgBLBHBHBFBBA6ArAkAcAXATALAJAAA7A7BLBpBfBJBXBHBGBLA6AyA+AaAeAbANAGAB
3503208001004,ApAyBCBgBbBGA+BHBDBIA4A5AnAtAiARANAGABAmAxBHBYBYBEBABQBVBRBBA+A+ApAzAZATAGAD
3503208001005,BXBcBjBjBaBWBYBRBGA8AtAYAVAPALAKACABAABYBdBgBkBmBYBYBXBMA7AxAZAVAWANAHAFABAC
3503208001006,AqAwBBBIBJA7A5BEA/A8AtA4AuAuAqAZATAIAGAmAwA6BKBOBHA8BRBLBKBDA8BCBKA/AxApATAH
3503208001007,BDBDBZBqBgBMBOBLBJBCAxAnAdAcATAPADACABBCBMBWBmBfBNBKBYBQBHAzAqAmAeAcANAFABAA
3503208001008,BTBhBdBiBaBVBXBcBEAwAyAUAUAQAKAHACAAAABXBeBaBgBgBhBjBfBIA8AtAlAVARAJAHAEACAF
3503208001009,BbBfBjBkBbBcBbBUBGA4AqAYASAOAOAEAAACAABSBgBhBqBhBaBdBWBOA6AsAWAVASAMAGADACAA
3503208001010,BsB5BtBkBaBcBhBMBBAwApAZATASAJAHADABAABiBwBpBjBcBgBZBJA5ArAqARALASAJAEADACAA
3503208001011,BFBTBgBnBhBJBHBOBNBIAnAsAVAUATAIAIAAABBCBKBcBoBjBOBIBcBcBBA1AnAdAdATAHAHACAB
3503307001001,A7BCBNBaBXBJBFBHBFA6A0AyApAoAdAVAJAEACA3A9BLBbBVBLBBBLBMBAA7A1AwAvAoAeAVAFAI
3503307001002,BEBSBfBjBTBNBQBYBSBFAvAnAYAZAWAHAEADABBBBIBYBeBSBQBbBcBTBBA7AeAhAZAVALALABAB
3503307001003,BNBUBbBjBjBWBSBRBHA8A0AkAlAYASALADABAABJBOBXBhBaBOBPBNBKA7AuArAjAYAWANAGADAE
3503307001004,BuBwB2B0BdBaBYBPBAAvAkARARAEALABADAAAABpBxBxBwBfBVBUBPBDAsAiARAQAMAHAGACACAA
3503356001001,BlBcByBjBWBJBQBIBOAqA0A4A0AXAOAUADAAAAAeBcBhBmBPBBBJA4A8BAA3AqA5AXAQAWAIAFAA
3503406001001,BLBMBTBPBUBXBDBUBJA7A/AvAsAfArANANAFADBKBRBSBiBOA5BGBKBGA5AzAnApAwAbAHAFAJAE
3503505001001,BiBsBtBhBbBKBJBPA/AwArAfAiATAOAOAGAIAABxBgBoBkBQBOBOA+A0AuAmAeAiAZATAPALAHAA
3503604001001,BtBqBzBuBiBjBaBIA4AsAmAaAUAWAOAFAEABAABqBrBxBhBYBbBRA9A1AtAhAcAXAWAJAKAEABAB
3503703001001,BVBWBfBXBWBTBTBJBFBCA4AiAmAeAgAQABACABBBBLBcBUBZBUBOBGBDA+ArAoAnAdAgAPAJADAC
3503802001001,BdBgBhBpBgBdBUBOBAAzAuAdAXATARAIACABAABdBZBfBqBhBcBUBNBCA2AnAcATAYATAHAEACAA
3503901001001,BpBkBqBsBhBSBPBJBGA8AnAbAPAPALAHADABAABkBiBnBrBkBXBQBSBFA4AnAXATARANAFADABAB
3503950001001,BGBUBYBrCIAfBSBNBQAtBCAiAtAnAXALAMAAAJBIBOBhCBAwA7BcAzBKA6BCAgAwAVAOAFAAAHAJ
3504008001001,BBBEBQBZBSBGBBBDBHA9AsA1AdAmAZAWAGADAAA+A6BLBcBeBKBPBPBPBJA9A0A1ApAhAbANAKAF
3504008001002,BMBUBWBeBXBMBJBHBFA6AmAuAfAYAXALAGADAABFBPBVBhBhBTBPBUBJBGA4AoAiAnAZAPAJAIAD
3504008001003,AtA/BLBZBYBCA5BDBCA/AxAxAqAoAhATALAIACAvA1BNBbBZBDBABTBWBJA/A7A0A/ApAgATAHAA
3504008001004,BhBdBiBhBeBWBQBPBBAyAqAeAWAaAKAIADADAABbBdBmBhBiBSBYBPBGA0A0AZAaAWAVAJADADAD
3504008001005,BGBnBgBgBjBhBuBfBNA6AuApASAaAIAIAFADABBRBHBZBUBKBZBXBjBKA3AcAmAWAQATALAGACAA
3504107001001,BWBVBiBnBdBRBKBKBDA5AqAiAaAXATALAGADAABSBSBdBjBeBTBPBPBIA7AxAiAeAcAVAQAIAFAC
3504107001002,BgB0B/BpBvBWA8BWA5A+AnAnAZAUAVAFADAAAABbBiBoBvBgBNBLBDA4AsAeAbAUAaAOAIAAAAAA
3504206001001,BHBdBlBeBaBHBRBPBDA5AuAqArAaAZAOAFADACA/BSBWBdBaBPBMBVBGA5AwAuAoAfAXAKAIAGAA
3504305001001,BdBlBtBdBaBMBKBLBGBAA6AdAcAZAWAaAEAEAABRBkBkBdBNBHBGBGBAAzAdArArAYAZAIAKAAAA
3504404001001,BcBsBjBfBPBUBQBMBFA0AnAmAYAWAQALAGAFACBkBjBnBhBIBYBNBKA+AxAwAdAjAeATAMAGADAA
3504503001001,A4A9BSBbBTBHA7A+A6A/ApA2ApAhAaAWANAFACAzA+BNBjBYBKA/BLBMBFA2A/A5AxAnAhAUAQAM
3504503001002,BOBRBdBkBsBjBVBTBLA5AoAnAZAWARAJACADABBSBSBcBiBXBOBQBOBKA5A4AXAgAXAXAJABAGAB
3504503001003,BmBoBqBkBgBWBMBKA8AyAjAhAYAQAPAGAEACABBjBkBqBqBiBVBNBKBEA0AqAcAbAVANAKAEABAC
3504503001004,BSBUBdBeB5BmBbBSA8A9AqArAcAiAQAPAHAAAABLBUBYBaBWBGBEBCBBA9AtAlAdAaAOASALAGAD
3504602001001,BbBXBXBWBcBdBZBTBHA4AsAmAhAXARAJAGADAABXBOBUBWBdBfBYBNBGA8AvAdAhAZAZAHAGACAB
3504701001001,AwBPCHB5BbApA8BHA0BhA8AfAmAlAtAIAOAAAABVBiBcBIAyBJBaBGBhAxAZAjAqA3AGAKAHANAA
3504800001001,BFBMBQBZBOBNBZBTBLBCAvAwAtAeASAQAKABAABABHBUBZBWBNBQBVBBA8A4AsAwAbATAPASAJAD
3504909001001,BYBcBbBkBZBHBQBIA+A0AxAsAdAXAXASAKABAABbBbBXBaBcBPBJBLBBA0AxAlApAgATASAKAFAC
3505005001001,BaBSBtBjBjBAA+BCBKA2A2AhAuAwAPAOALADAABXBUBtBbA/A6A8BUBFBBAsAxAVAdAeAZAEAAAE
3505104001001,BnBkBiBhBZBJBOBFBAAxAuAgAjAgAMANAMADABBcBkBgBbBSBOBOBEA6A4AtArAkAZAWALAGAFAB
3505203001001,BVBPBaBcBTBNBJBNBFA8AyAlAkAdAbARAMAFACBQBNBRBaBOBGBHBNBJA7AxAsAhAuAfARAMAIAD
3505302001001,BFBTBbBhBjBVBXBUBIA3AvAjAiAXASAKAFAEABBJBLBWBgBcBUBXBPBKA7A0AlAeAdAaAKAIAEAB
3505351001001,ByB4B7B1BsBEA+BLA7AvAmAiAoAfAOAQAGACACBlBqB1BpBJBKA9AzA5AmArAZATAUANAKAFAFAA
3505401001001,BsB0CRBvBWBCA7A5A1A4ArAtAlAgAQAMACAEAAB+B5BlBnBRA9A4A3AzAtAqAbAmAKAOAFADAIAD
3505500001001,BGBQBaBjBfBKBHBGBAA4A2AnAmAfAXALAHAEABBBBJBVBcBXBQBKBMBHA+A/AxAvAhAdATAOADAA
3505500001002,BSBgBlBiBYBVBRBRBAA2AwAWAYANAMABAGADACBOBZBoBiBdBdBZBYBMBBA5AgAbAVAIAKAHACAD
3505500001003,BBBFBaBlBVA/BABMBAA5AwArAvAfAZAXAHAGABA4A9BRBfBZBLBDBQBIBCA0A3AoAxAsAcANAHAB
3505500001004,AqA2BIBYBRA8A7A7A8A8AxA5A3AjAiAaALAHAGApA6BFBVBUBBBBBKBKBMBJBBAyBLA2AfAVAMAL
3505500001005,BeBfBkBqBlBPBRBJBCA8AtAnAXAfAUAHAEACAABYBhBkBmBbBQBMBIA+A1AvAaAWAaAKANAFADAA
3505500001006,BeBmB2BrBUBMBSBbBJAuAmAVAXAMADAGABAEAABVBhBxBnBSBUBfBjBLAzAlAgATATALAHAHABAC
3505609001001,BsBmBsBvBrBaBUBPBBAtAjAYAVANAHAMADABABBrBhBrBsBoBVBPBIA4AsAlAVAUAVAMAFAEAEAB
3505708001001,B2BsBoBmBtBnBbBDA+AuAcAZAOAPAFACADAAAAB3BeBnBtBuBdBYBOA6AuAkASAMAKANADAGAAAA
3505708001002,ByBpBiBpB0BiBcBKA7AxAhAUAKALAEACADAAABByBmBlBsBwBmBcBHA9AwAjARAOALAHAHABABAB
3505708001003,BaBRBbBhBnBZBLBHBIA4AwAcAZAQAPALAAAAABBUBPBbBrBnBbBRBVBKA+AuAjAXAYAbAKACADAC
3505708001004,BIBEBTBhBwBOBBBHBEBMA9A1AVARAJAKAFAAAABIBFBSBlB2BWBTBVBOBbBLAUAVAQATAKAFAEAA
3505708001005,BvByBpBnBnBfBcBSBAAtAdATAMAGAGACABABAABxBtBtBuBqBlBaBVA8AoAhAQAOALAEAEABAAAC
3505708004001,B4BtBsBuBrBdBcBMA/AvAiAQAKAEAGACABABAAB1BrBoBuBuBkBYBPBBAwAaAOANAGAIABACAAAB
3505708004002,BsBeBeBlBpBhBaBIA+AvAeAgAUAKAIAGADACAABkBeBdBsByBeBcBPA+A0ApAaAZATAMAFACAAAB
3505708501001,BqBnBnBwBjBcBeBPBGAyAgATAKAGAEAEADACAABmBmBtBuBnBhBgBXBFAwAgARANAMAGADADABAB
3505708502001,BmBnBmBrBnBWBTBLBGA0AhAaAMAOALAEABACAABfBiBrBuBoBaBUBTBJA0AfAaAXAQAMAGADAAAB
3505807001001,BYBeBiBlBeBRBUBOBAAyAoAiAiATASAJAGAEAABXBZBgBeBYBRBVBNBEA4AnApAjAXAVAOAEAFAB
3505906001001,BRBYBcBgBfBLBJBMBGA+AxAlAaAeAWALAHACABBMBWBWBdBYBKBLBMBKBAA0AlAmAeAYASAIAGAC
3506003001001,BrBrBqBxBiBgBSBGBCAyAkAXARAJAPACACABAABrBhBoBoBkBcBNBUBFAxAdAfAQAVAIAEAEACAA
3506003001002,CFB8BqBpBhBdBWBKA4AoAiARAPAMANAEAAAAAAB8BuBoBqBlBdBVBFA2AsAjAQATASAFAEABACAB
3506003001003,A/BGBOBfBZBGBBBFBFA8A0ArAlAgAYAPAJAEACA8BHBRBiBZBFBGBUBNBFBAA3AwApArATANAGAB
3506003001004,BEBKBYBoBgBHBFBIBFBEA2AlAjAWAWAHAFAGAAA9BHBWBoBeBRBKBPBWBJA7AnAmAeAaAPAHAGAD
3506003001005,A1A1A+BTBXBHBBA9A4A5AoAzA7AuAgAaAKAGABA0A2A/BUBUBJBEBFBKBEBHA4A5AzA5AtAdAQAL
3506003001006,A0BCBFBjBhBHBFBGA+A+AxAxAmAhAfAcACAAADA4A4BCBZBhBIBIBPBLBLBIA1A3AtAkAVAWAFAE
3506003001007,A8BABSBrBSBEA5BMBJBDBCAhAiAhAWAKALAIAAA4BBBQBnBeBBBIBVBUBLBEAvA0AjAfAWAFADAD
3506003001008,BOBFBMBOBgBZBUBbBIA5ArAlAbAgAMAPAFACAABJBJBGBUBgBgBgBcBLBAA1AqAoAeAWAQAJADAD
3506003001009,BYBaBgBiBfBXBOBNBCA5AsAeAXAXAMAKADADAABZBYBZBfBfBaBSBQBGBAAoAmAfAXAXAPAGADAB
3506003001010,BZBlBrBfBSBWBeBkBKAwAgAWATAKAHACABABAABWBhBkBmBSBbBvBlBPA3AgAgATASAKAJADABAC
3506003001011,BmBpBgBfBgBcBYBPBDAzAiAZARARALAEADACAABfBfBdBgBjBiBbBUBDA4AiAlAXAVALAIADADAC
3506003001012,BpBqBqBjBbBbBeBVBCAvAhAaATAHALAEACABACBnBoBjBgBeBiBgBVBAAwAoASAUAPAOAFAFABAA
3506003001013,AnAsA7BVBSBFA6A9A8A7AzAyAzAuAnAiAPAFABAkAsA5BWBdBOBCBHBOBIA9BFBIA2A6AtAhANAG
3506003001014,A9A6BRBlBdBIBDBHBUBJA5AvAlAaANAJAEABACA2A+BNBpBiBQBQBdBhBQA4AyAmATAWATAIAFAB
3506003001015,BEBIBMBkCfCKBwBVBPA/A7AlAeAcAPAQABADAABEA+BMBVBSBAA5A5BFA+AwAmAjAOAVAKAJADAA
3506102001001,BGBLBbBgBWBIBCBCBAA2ArAuAhAlAfAQAHAFAABCBIBPBkBZBHBEBJBHBGAuA4ArAmApAkATAEAE
3506102001002,BVBhBmBpBhBTBKBEBKA8AzAhAiAPASAIABADABBWBeBrBjBYBQBNBJBHA2AwAeAbAUASAIADAEAB
3506102001003,BtB3BsBeBOBdBoBZBAAqAZAdAOAPAJAFAAAAABBqBvBmBdBZBkBtBVA9AqAbAbAQANAIAIABABAD
3506102001004,BJBKBeBpBiBPBHBDBDA/A7ApAgAbATAQAGACAABFBHBUBkBcBLBJBMBIBFA7AsAfApAdAMAFAEAC
3506201001001,BVBUBoBhBXBUBYBWBAA2AiAjAkAhASAOAIAJAABUBUBYBaBNBVBaA8A/AwAPBGAkAXArAHAEAIAD
3506300001001,BSBYBkBXBTBFBHBDA/A8AxAlArAnAXAPAJAGACBLBTBcBWBOBHBEBNA+A4AyA4AnAnAeAXAPAFAC
3506359001001,BwBgBjBgBwBuBdBRA9AzAjAfAaAIAKAHACABABBwBiBdBkBoBbBSBMA6ApAjAUATASANAFACABAA
3506409001001,A+BJBTBcBXBVBPBIBMA7A1AmArAaAeASAGACAABFBKBKBbBXBSBOBIBCBFBAAmArAvAVAVALAIAA
3506508001001,BSBWBdBlBiBYBgBVBLA8AuAbAZASANAEABACABBHBUBYBcBaBiBnBbBMA6ArAiAZARARAHADABAB
3506508001002,BjBmBbBiBfBsBfBNA+AvAmAbAXANAMAHACABAABdBfBcBbBlBpBeBQBBAyAqAeAZATAKAGADAAAC
3506508001003,A/A3BMBfBmBXBLBCBBA6A4AnAfAmAUAVAFAHAAA9BCBHBaBgBXBLBLBRBEBHAqArAiAqAWALADAC
3506508001004,BTBZBgBkBhBZBSBWBJA+AyAiAcATAJAOADABABBWBTBfBcBZBYBcBVBGA4AlAlAZATANAOACABAC
3506508001005,AvA5BGBYBbBHBDBGBABAA1A7AlAfAhAQAUADABAvA7BIBeBYBOBMBUBOBNBCA2A2AsAmAcAJAJAC
3506607001001,BrBlBnBuBZBXBMBGA5AvAwAgAoAUAOAFAEACAABoBoBrBlBXBUBJBGA3AuAwAbATAZARAKAEAFAB
3506706001001,BpBnBgBiBfBUBPBMA9A6ApAjAdAXARAIAEAFABBhBhBlBlBbBPBOBFA9AwAkAkAdAWARAMAEADAC
3506805001001,BTBVBdBhBeBRBHBOBGA4AwAmAfAeAQALAMABABBTBOBaBjBfBPBLBHA9A6ArAnAqAYAZAbAJAFAD
3506904001001,BeB1BpBqBbBSA/BGA7A4AzArAjAZAZAMAJACAABeBYBcBaBPBIBMBBBBAiAmApAiAiATASAMAAAE
3507001001001,BYBcBkBpBlBaBVBOBCA2AvAbAYAZAPAKADACABBXBYBiBkBfBTBSBKBAA0AuAgAcAWALAMAJACAC
3507100001001,BhBmBgBoBZBdBKBNBBAvAwAdAYASATARADABABBgBfBdBmBaBUBOBUBAAuApAjAfAWAQAKAFACAB
3507159001001,CRCABqBlBlBWBMBAAzAwAcAgAVAXANAFADABAACLB8ByBoBQBaA9A+AvAeAQAkAZAGARAJADAFAA
3507209001001,DABJBHAlCOA9CAAYBxAtAXASAHAhAmAOAAAAAGCcBmAxAyBNCCAzA7AqBHAsAYAABHAyAAAAAAAA
3507308001001,BQBZBmBaBcBSA3BMBIA9AtAmAaAdAZAFAHADAABOBaBkBdBYA7BWBIBKBKAzAtAaAaAoAJAIAHAA
3507407001001,BOBJBcBjBYBNBMBUBIA8AuAqAjAjAcAPAMACACBHBNBUBiBSBSBMBHBHA4AtAtAoAfAYAQAHAGAE
3507456001001,BmBzCIBKBWB5ArA/A8A7A/AQAgAqASAHAAAAAAByBSA/BuBsA9A4BRAxAzAxAqAXAPAkARAHAAAA
3507506001001,AyA4BFBVBZBHA3BCBBA9A4AzAeAtAtAQAKAGADAwA5BEBXBUBJBHBJBKBLBIAyA+AvA+AmANAMAH
3507506001002,A6BBBSBfBdBJA+BFBGA/A8AqAhAhAcAOAKACACA5A9BOBaBXBNBFBQBOBIBGAtAwArAlAaANAJAE
3507506001003,BfBdBbBtBiBUBOBOBFA5AgAhARAWAJAIAHABACBTBTBjBtBkBSBSBTBTA6ArAjAXAYAQAJAFAAAB
3507506001004,BYBhBmBqBgBRBOBCBBA5A0AWAaASAMAKACAEABBbBWBfBvBiBVBOBIBGA5AwAbAZAbATANAIAEAC
3507506001005,B0BxBxBlBWBWBZBNA9AtAhAaAbATAJADAJACAABpBxBoBnBdBbBSBJA8AsAeAbASARAFAEAIAGAD
3507506001006,BkBnBjBiBYBaBQBUBCA5AoAvAaAOAKAIAEAAAABqBjBfBiBcBSBRBNBDA2AcAdASAXASAJALAAAB
3507605001001,BTBWBbBkBdBUBMBMBFA4AsAkAaAZASAKAHADABBOBVBaBkBeBSBNBOBKA8AyAkAfAdAXANAJAEAD
3507605001002,BoBjBeBpBpBbBMBIBEAqA1AxAaAaAbAKADADAABLBcBjBeBcBKBFA0A7A9AxAkAgAVASAMAHAFAC
3507704001001,BABJBcBpBdBRBJBNBJA/AiAsAvAzAYAIAMAGAABLBfBLBaBZBNBDBEBBA3AvApAjAlAVAKAXAEAG
3507753001001,BVBjBfBgBpBaBEA8BBBKA0AlAdAbAYASAGAEAABfBLBdBeBbBHBSBKBOAsAyAZASAIAVAjALAAAA
3507803001001,BVBcBhBdBbBIBSBTBHA2AsAqAgAYALARAKACADBWBbBZBXBWBPBQBPBCA5AnAsAlAYAYANAFAEAC
3507902001001,BXBZBaBkBcBPBOBKBEA3AxAkAlAgARANAGAGAABUBdBWBeBYBOBLBKBAA0AsAmAnATAZAVANABAC
3508009001001,BzBxB3BsBmBWBGBHBAAwApAeAYAYAQAJAKABAABpBiBoBjBUBNBKBCA7ArAoAZAYAWANAKAFABAA
3508108001001,BIBUBcBcBaBSBMBPBHA9AsAxApAXAUAJAFAEABBIBSBhBXBTBUBSBSBCA3AyAvAjAeARATAGAEAF
3508207001001,BLBfBaBcBaBSBNBIBMA1AuArArAeAXAEAUAFADBMBLBNBQBYBNBOBJBJA1A0AkAuAtAWAPAHAFAD
3508306001001,BUByBtBoBiBNBMBHA6A0AmAgAcAcAMAQAAADADBrBkBrBTBIBeBOBDA9AxAnAoAaAcARANAMAEAA
3508405001001,BvBqBnBnBmBiBUBMA8AzAmAfAVARAMAFADACAABqBlBjBmBiBcBTBIA3AsAiAdAVAPAOAFAFABAB
3508504001001,BGBNBUBiBcBTBMBNBGA+A1AiAbAeAPAKAFACACBFBKBWBgBhBUBQBUBOBAA7AmAkAaAdAQAIAIAC
3508504001002,BcBcBtB1BnBXBNBKBCA6AwAcATAOAJAFADABACBbBeBbBoBgBZBPBQBHA2ArAdAXASAPAKAFADAC
3508504001003,BpBsBvBqBmBWBUBJBBAvAkAnAaAVAPADABACAABmBsBoBqBeBUBQBFAzAvAkAaAUAOAMAKAGAAAC
3508603001001,BVBcBlBnBfBNBHBLBEA3AnArAdATASANAHACAABRBSBdBlBdBKBLBQBFA8AsAsAgAeAYAMAIAEAB
3508702001001,BfBvBmBgBUBJBHBLBEA4A2AfAdAVAXALAHAEACBmBkBoBeBRBDBGBFA6AyAzAiASAkAUAPAKADAE
3508801001001,BTBQBgBfBbBLBEBIBCA9AwAlAiAcAWAQAMAEABBMBYBcBeBZBJBJBGBFA8A0AlAjAoAcAPAOADAD
3508900001001,BPBiBiBWBWBKBeBSBCA1AsAsAvAKAgASAJAAADBUBWBhBbBCBRBPBPA5AxAtAjAxAhAXALAHAEAA
3509007001001,BjBkBnBmBgBWBWBTBEA2AsAYARAOAIAGADABABBgBfBjBoBeBaBdBRBFA2AqAaASASAMAHAFACAA
3509106001001,BbBUB6BxBZBPBEBRAxA9AuAnAtAeAUASAAAIAABQBTBjBiBCBOBSBUA5AyAvAkAeAUAVAMAKADAA
3509205001001,BqBoBlBnBnBjBaBMBDAwAlAZASAQAGAIABACAABpBiBmBnBlBgBXBNA+AuAhAcATANALAGAFABAA
3509254001001,B3B2B3BzBfBPBGBBA1AyAqAeAXAVAPALAEABABBwBuBtBsBeBMBGA+A1ApAdAhAcARAPAJACAAAD
3509304001001,BMBcBnBwBZBOBMBZBBA7AyAlAhAdAbALAHACAABBBYBjBbBJBLBVBNBBA0AwAmAjAeASASAGADAA
3509403001001,BdBkBtBmBZBQBKBNA/A2AkAnAcAgAUAIAHABAABWBbBXBnBRBNBOBNA/AwAqAjAnAfAUANAMAAAF
3509452001001,BmBiBmBmBaBNBIBRA5A0AxAdAoAaAYAOAKACAABbBiBrBiBVBRBHBDA1AyApAfAbAbAPANAPAAAD
3509502001001,BMBLBVBtB4BYBFA6BHBMA6AhAWAOADAJAFABABBLBJBUBpBwBYBLBHBcBWBBAdAVASATAHADABAC
3509502001002,BUBWBlBlBqBaBTBKBKA/AzAaAQATAMAGACAAABBSBRBfBjBpBaBYBVBQBAAuAaAUAUALAEAEADAC
3509502001003,BbBbBiBnBpBcBTBJBAA1ApAgAWARALAJACADABBXBXBdBoBnBXBXBNBEA5AsAmAZAXAQAHAEABAA
3509502001004,BYBcBiBpBhBRBSBIBLA+AuAgAVAQANAHACAAADBVBYBeBnBpBSBQBTBMBBAwAbAaAPASAHAFABAD
3509502001005,A4A6BEBPBLBOBSBQBNA+AoAuAhAiAjASAHAFADA3A4BGBOBTBVBYBcBTBIA9ArAuAvAmAcASANAH
3509502001006,AvA2A8BVBdBOBIBRBGBBAvAvArAhAeAaAJAFAAAuAyBEBTBVBLBNBSBQBLBLAwAxA3AuAcAXAHAD
3509502001007,BhBZBfBvBtBTBKA/BIA9AtAcARAOAEAFACAAAABYBaBlBuB2BQBKBLBTBGA2AbAYANAOAGADAAAC
3509502001008,BUBRBYBjCRB/BzBcBKA3AjAfAbAQAKAIADACAABNBPBQBZBUBQBOBMBAAxAjAjAfAUANAKADABAC
3509502001009,BrBmBoBmBnBaBdBJA6AvApARAQAQAOAEACADAABpBjBtBlBnBgBZBIA/AtAlAYAcAPAHAKAEAAAA
3509502001010,A7A8BVBhBbBKBMBLBMBDA6AjA1ATAMAQAIACAAA1A/BQBdBZBQBRBZBbBPA2A4AvAYAdAPALABAA
3509502001011,A5A9BIBaBiBTBRBOBEA/A9A0AqAaAQAKAHAAABA6A7BFBZBfBXBUBXBNBMBFA2AyAUAfAPAJADAB
3509502001012,A+BBBLBUBaBUBUBMBEA7AtAqAkAhAVALAJAFACA9BCBLBRBZBXBUBXBOBEA9AwAuAqAdARARAHAF
3509502001013,BFBKBPBaBbBNBTBWBQA9AxAgAaAXANALADADABBDBIBRBeBgBaBgBfBYBJA1AqAkAUATAQAHABAD
3509502001014,A7A9BLBYBbBUBJBJBAA7A1A4AqAgASAGADAEABA2A7BFBaBdBZBNBPBPBRBNA4A3AfAeAUAJAHAD
3509502001015,BkBtBpBtBhBSBUBNBJA1AtAXAUAPAHAEABAAABBdBlBsBnBlBXBUBPBNA1AsASAQAJAEAMAGADAA
3509502001016,BzBtBsBtBiBWBQBFA/A7AqANASADAEAEAAAAAABvBnBsBtBuBcBSBSBOA5AgATAWADAIACABABAB
3509502001017,ByBvBqBgBjBhBgBRBEAxAeAZAIAOAGAGADABAABiBrBvBoBhBhBcBTA/AtAgARARAOAFAEAAABAC
3509502001018,AwAwA6BMBaBUBNBLBGA+AzAvAsAjAlAVAKALACAtAtA1BLBRBQBRBSBOBIA/A0A6ArAyArAYATAK
3509502001019,AtA3BBBXBaBJBHBIBJA/A2A+AqAlAeAQAJAEACAuA0BGBUBcBRBKBSBUBNBDA/AyAtAiAYAMAIAG
3509502001020,BNBPBdBjBnBXBQBNBIBAAzAgAZAPAPALACAAABBNBRBeBoBjBQBTBSBNBDAnAoAiAWATAOACACAC
3509502001021,BeBhBhBjBiBbBZBSBDA5AxAUAUAQANACAEACAABaBZBeBfBgBaBfBTBGA3AxAbAdATALAFADABAB
3509502001022,BCBBBNBiBhBTBOBMBGBDAxAsAqAVARAIAFABAAA/BBBMBeBkBVBXBTBPBOBBAqAhAcAXATAKAEAB
3509502001023,AnAjAvBJBXBGBBBGBIBMA8AwAlAZAfAhAMAFAFAjAoA0BTBpBYBVBOBUBVBRA8A+AwAzAmAQALAI
3509502001024,AwAwA4BKBQBNBOBXBNBFAyAqAaAaAaASAPADABAsAtA7BQBkBjBgBlBgBTBEAkAtAnAnAfAWAJAG
3509502001025,B9ByBpBlBfBnBcBOA9ApAaATATAKAGAEACAAAAB5B3BqBqBkBhBbBOA4AoAgAOARAHAFAFACADAA
3509502001026,B6B7BwBkBeBbBWBOA/AtAbAUAPAGACAHAFAAAAB3BxBsBmBiBgBeBQBAArAeASAPALAFADADABAB
3509502001027,BiBtBfBSBDBZB7BtBRAsAgAOANAGAAAFADACAABZBYBkBVBPBxB/B2BTAwAXAeASAIAFAAAHAEAA
3509502001028,AzA6BGBYBaBOBNBQBAA/A4A0ArAbAYANAHABABA0A1BFBXBfBWBVBbBTBQBIA4AxAjAgAOAJAFAE
3509502001029,BPBTBhBjBnBUBEBLBGA7AxAlAfAUAOAHAAACACBKBQBPBoBmBVBJBSBSBDAwAsAjAWAWANAFAFAB
3509502001030,AmAuBEBVBPBEBDBFBIBHA1AtAuAoAfANALAMACAqApBBBcBZBGBKBUBeBOBBA9AzA5AvAaAYARAH
3509502001031,B5BxBoBjBoBlBfBHBAAvAkATALALABACABACAAB5BsBpBjBpBiBXBOBCAuAcAUAMAJAEAHAFABAA
3509502001032,ByBkBYBYBnBzBkBJA9AvAiAWAOAOAHADADAAAABtBkBbBgB0BxBkBKA7AwAhAaATAKAIAIACABAA
3509502001033,CKB3BiBWBhBvBaBgA6AmAZAUAUAEADAEABAAAACQBsBkBdBsBpBoBAA1AkAbARATALABABAAABAA
3509502001034,A2A5BGBaBhBOBOBOBNBFA5A4AjAYAVAQABABACA0A8BCBeBmBdBVBVBYBNA9BAAlAeASANAEAEAE
3509502001035,A8A3BLBVBXBPBWBJBAAvA0AqA8AiAdALAKAIAAA1A5BFBRBZBaBRBXBLBJA4A9AvAoAnAUAOAIAF
3509502001036,A2A2BDBHBOBLBQBUBTA+A0AhAmAkAhAOAJAHACAwA4BEBKBLBQBXBcBYBPA5AsAxA1AuAaAZAPAF
3509502001037,AyAtA7BOBUBQBSBbBVBEA7AgAWAiAcAHAFAAAFA0AtA5BQBbBgBeBgBnBRBLAkAnArAxAXAPAHAC
3509502001038,AwAzBIBlB7BeBBA9A6BLBHAwAlAcAPAPAEAFABAuAxBCBkB6BcBCBKBVBWBMAuAmAaAVASANAEAA
3509502001039,BKBRBbBbBZBWBOBYBQA5ArAhAeAZALAIAFAEAABMBKBYBbBdBTBbBhBRA6AyAiAmAYAXAPAEAEAB
3509502001040,AxA4BLBlBlBFA4BABIBKA9A+AlAiAVAIAKADAAAyBABQBkBlBNA/BRBYBXBABBAoAjANATANAEAE
3509502001041,A/BDBJBSBjBTBIBGBHA0A6AnAvAfAXANAKAEABA9BBBLBaBgBQBPBKBNBEBIAsAzAiAlAeAHACAB
3509502001042,BRBSBhBjBfBQBWBTBNA7AuAhAfAUAJALAEACAABJBQBcBjBXBXBXBVBMA/AtAmAnAKAUAJAIAEAD
3509502001043,AjAaAjA3BdBoBRBLBAA0AsAeAcAfAdAhAOAFAAAhAeAhBDB4B4BdBgBgBPA/AwBDAwBEAzAcAMAQ
3509502001044,AqAhAhA2B6CdB1BbBFA6AjAfATAVAQAMAJAGADAnAgAfA4CiCcB5BkBOA9AsAjAfArANAmAXAIAA
3509502001045,BXBgBlBiBdBSBRBSBJA6AnAjAXAXANAJABADAABWBaBcBaBdBXBYBYBJA3AoAnAfATALAOADAEAB
3509502001046,CEB2BtBcBhBgBaBJA9AvAjAVAPANAJADACABABCDByBqBmBdBeBWBLA1AlAXAZALARAEAGADADAA
3509502001047,BIBOBdBsBkBMBEBXBZBHA5ArAWAWALAIADABABBDBKBeBhBZBHBQBhBYBIA7AdAZAPANAIAHADAC
3509502001048,BTBTBYBeBiBkBTBGA9A4AuAvAcASALAIAHACAABRBPBXBiBiBfBWBIA+BHA9ApAhAWAPAJADADAC
3509502001049,BJBRBYBeBeBJBTBZBOA+A2AlAlATAVADAHADACBLBOBWBZBQBQBSBdBQBHAmAyAjASAOAQAIAFAE
3509601001001,BbBiBkBuBfBWBOBMBGA6AtAbAVATALAFACACACBbBeBkBnBgBVBQBRBHA8ApAdASAUAQANAEABAB
3509700001001,BnBnBjBlBhBZBTBKA/AzAoAaAWARAMAHACACABBlBiBjBjBjBbBUBNBCA0AnAeAXAUAQAGAEABAC
3509809001001,BuBKBdBpBXBLBVBBA/A1AwBBAgAbAUALANAFAFBDBrBZBaBKBGBGBPA4A3AxAwAhAiAbAHACAJAA
3509908001001,ByBrBpBpBiBRBABAA6AwAvAfAaAdAQAHAFAFAABsBsBtBeBeBGBCBCA4AvAiArATAbATAMAGAIAD
3509957001001,BiBaB1BvBUBQBbBYBLAsAuAqAZAQATAAAAAHAABtBfBfBqBYBEBTA2A9A3AxATAcAfAGAKAJADAA
3510005001001,BUBbBlBeBUBOBQBNBEA4AsAoAgAXAUAQAHADADBQBSBjBZBWBPBTBLBEA5AoAsAkAkASASAEAEAC
3510104001001,A+AyBZBLBBBOBJBTAxBNAzBQAqAvAcAOALAJAAA6BRBbBZBUA8BQBWBhAcBLAbBAAaAkAPAMAGAA
3510153001001,BxBpBcBxBmBQBfBHAwA0ArAdAaAZAFAQAFAAAABtBiBzBnBdBPA8BEAzA1AjAYArAKAPALAIAEAC
3510203001001,BtBoBvBnBbBRBJBGA5AxApAiAcAWAPAIAGACABBjBrBqBnBcBPBKBDA6AzAkAnAZAXAWAHAFACAC
3510302001001,BqBqBuBjBiBRBUBHBBAwApAgAeASARAKAHABABBmBjBsBiBVBSBMBHA2AxAmAfAdAVARAHAGAAAB
3510401001001,BWBfBhBnBjBTBTBLBAA1AoAhAfATARAKAFABAABYBbBgBiBeBWBRBKA/A2AsAgAaAbAVASAFAFAC
3510500501001,BaBfBjBlBhBbBSBIA/A4AvAgAZAYAOAKAFABAABcBbBbBjBeBZBPBJBDA2AsAlAdAVARANADADAB
3510500502001,BsBlBnBnBkBaBOBBA6A2AmAnAZARAQALACABABBpBgBjBlBiBWBLBFA9AyAmAiAaAWAKANADABAC
3510609001001,BtBfBlBvBqBlBVBGA+A1AlAYANANAFADABABAABnBgBiBxBwBnBUBMBAA3AlAaARAKAKACAEABAB
3510609001002,BqBcBeBrB0BeBTBIA8A2AvAVATAKAGADABABAABoBdBeBwB1BkBXBFBGA0AsAVAXAIAKAFADABAC
3510609001003,BABFBLBtB0BZBEA6A3BGBAArAeAPAJAIAAACAABBA/BKBnB9BgBLBGBNBdBDA5AhAXARAKAFAEAC
3510609001004,BIBFBSBwBwBRBFBDBDBEA5AgAcAOAEAAAAAAAABHBGBVB1BxBbBMBOBbBZBCAsAcAMAPAMAEABAC
3510609001005,BwBnBkBtBtBgBVBEA2AyArATAOAKAFADABAAAABvBoBqBzBzBiBVBFA+A1AqATAMALAFAGACACAB
3510609001006,BdBXBiBlBkBdBPBIBCA1AlAkATARALABAGABAABeBWBcB1BnBjBaBNBDA2AtAhAdAPAQAKAEAAAA
3510609001007,B8BuBnBlBpBnBZBDA6AsAfAZAPAGADABABABABB9BrBqB4BxBeBRBHA8AvAgATANAIAIADACABAC
3510609001008,BdBZBcBrBjBdBSBIBBA2AwAdAaAPAJADABACADBdBVBgBpBrBfBUBQBHA4AtAkAVASAIAJAGABAC
3510609001009,BlBkBmBpBpBfBUBLA8AzArAZAXAHAKAHACABAABfBXBmBrBmBbBWBNBDA0AuAbAaASANAEADABAA
3510609001010,BbBaBcBlBoBgBRBGA5A0AsAeAZAOAIADADAAABBjBZBdBmBwBeBVBLBCA/AzAjAgANAPAGAHADAB
3510609001011,BOBQBXBdBmBPBKBIBAA9AyAjAZAcAVALADACAABKBHBQBlBgBVBTBPBOBCA2AsA0ATAYAQAEADAE
3510609003001,BsBcBnBtByBZBSBJA6A2AgAhARALAFACACAEAABmBhBhBvBxBgBWBKBCA8AnAWAMAQALADAEABAB
3510609003002,BsBnBwBvBdBWBWBZBOA2AcAYAVAFADAAABABAABlBoBjBtBfBcBlBcBGAuAXAcANAHAKAFACAAAB
3510609003003,BtBmBoBuB1BgBUA9A5A1AoAZALALAFACAEAAAABwBeBgB1B3BfBRBGBAA1AmAbARANAHADADAAAB
3510609003004,B6BsBvBoBgBdBbBLBBAyAhAVANAIAEACABAAAABxBuBtBuBmBfBbBQBBAtAgAQALAJALADAAABAB
3510609501001,BpBoBmBoBpBdBeBNBBAyAjAZANAHAIACACABABBtBnBnBtBnBhBXBRBAAyAhAWAPAOALADACABAA
3510708001001,BGBTBkBlBVA/BDBJBAA2AwAwAxAfAZAPAIAHABBEBXBhBaBPBGBJBJBGA7A3A4ApAgAaARAMAFAA
3510807001001,BOBSBbBmBpBTBRBPBHA8AxAsApAdAfAVAGAAADBLBXBUBbBPBFBHBGA+A5AqAmAXAkAcALALAFAG
3510906001001,BWBgBhBrBFBIBMBuBCBGAqAgAjAXAeARAHAAAABJBqBqBUBWBDBIArBGAyAzAnAkAjAZAIAKADAA
3511003001001,BVBfBhBeBaBNBFBNBABDAyAkAhAdAMARAFACAABLBbBmBgBbBPBPBFBAA7ArAwAmAYAWALAEADAB
3511102001001,A3A/BMBTBRBCA+BHBEA/AxAvA1AgAkARAQAEABAzA9BHBWBVBGBEBNBMBIA6A3A3AzA2AhAPANAE
3511102001002,BeBtBtBiBTBdBjBSBEAvAiAfAdAIALAJACABAABbBsBfBdBZBdBeBPBBAwAmAhASASALAEAKACAA
3511102001003,A5BHBXBjBZBGBGBHBKBAAyAtAgAlAYATAJABABBABDBMBeBTBJBMBRBOBEBIAeArAuAqAUAKAFAB
3511102001004,BNBcBgBiBfBWBOBQBFA9AqAjAZAaATAEAGACABBNBLBXBjBdBSBYBTBNA8AvAlAjAYATALAJAGAB
3511102001005,BIBLBWBkBcBQBPBLBHBCA2AgAgAgAQASAFADABBCBEBTBjBZBPBSBRBKBBAzA0AhAjAaASAJAEAA
3511102001006,BOBWBeBeBdBWBUBNBCA3AsAhAeAdAQAQAEAFAABOBRBUBdBWBUBbBKBCA8ApAwAxAXAXANAMACAB
3511201001001,BOBSBeBcBfBZBZBQBHBAAsAnAfAaAVARAIAAACBQBOBTBkBVBWBXBHBBA9AjAiAdAiAVANAGADAF
3511300001001,BGBLBMBUBYBXBQBIBKBCAwAoA0AnAcAMAIAGACBABGBRBgBaBBBTBHBHAxAzA2AmAgAaAWAWAIAB
3511409001001,BWBcBmBcBUBNBOBMBAA6A1AmAaAdAWAMAKABAABTBaBfBeBXBOBKBIBBA2AzAmAkAgAaALAHAEAC
3511508001001,BTBSBgBlBgBYBWBNBGA9AoAlAhAPAVALACABABBRBOBbBhBhBTBSBQBLA6AyAfAeAcASAJAIAFAB
3511607001001,BZBbBVBeByBrBSBUA+A4A1AkAkASASANAFAFAABVBVBbBbBTBSBNBBA8A4ArAmAjAWARAPAHAAAB
3511706001001,BZBcBlBnBeBWBPBHBBA5AxAcAhAbAOAMAFADABBXBiBmBkBTBUBKBMA8A2ArAkAbAbAVAKAFAGAB
3511904001001,BRBhBtBsBdBWBHBNBOA4AyAeAaAjAPAOAEADACBRBVByBZBPBHBMBPBKA2AhAqAcAZAMAJAHAEAB
3512001001001,BXBWBrBnBXBMBMBNBDA5AqAoAVAfAbAMAGABAABLBXBiBnBUBNBNBMBGA3AsAmAqAYAVANAFAHAB
3512100001001,BcBrB0BuBZBYBMBUA8A1AvAjApAKAQAKABADAABTBlBqBkBcBQBMBFA6A0AuAiAXAWAIAEAGABAB
3512209001001,BjBfB3BqBdBTBNBIBBA1AnAlAZAQALAIACAFADBoBtBdBnBWBPBPBLA9AvAsAcAZAZARAKAEADAB
3512308001001,BXBVBjBfBXBTBMBNBGA1ApAuAeAlAXAPAMAGABBNBRBbBZBSBGBLBLBBA1AvApAnAbAbAVAJAHAB
3512407001001,BaBWBdBcBlBYBZBPBFA3AwAdAXAaAQAJAEAFAABWBZBbBcBaBbBOBPBEA2AtAhAeAcAVAMAIAFAA
3512506001001,BUBcBlBdBfBOBJBMA+A9A3AkAfAaAYAMAEADAABLBdBgBaBbBSBNBOBHA9ApAlAlAfAUAGAKACAA
3512605001001,BmBnByBlBMBNBABKBFA5AxAfAkAbAWASAEADADBcBqBqBWBRBGBdBNA9AuAvAeAXAgAHALADAAAA
3512704001001,BaBtBpBvBOBHBKBZBEA0A4AeAYAUAmAMAKAEADBSBABsBpBcBUA0BIA5AoAtAbAfAgAJAMARARAH
3512803001001,BVBdBhBlBgBYBVBTBHA3AtAjAcAPAQAHADABAABUBaBgBhBgBUBUBRBFA4ApAgAfARAPAOAHADAB
3512902001001,BBBLBTBiBIBEBLBJBIBCA2A8A4AfAfAUAIAEABA/BNBRBQBLBHBKBLBCA/AyA9AwAkAcAYAKAGAA
3513009001001,BiBfBiBqBiBXBVBLBCA2AgAeAXALAIAHADACAABdBXBlBwBqBeBaBUBIA2AjAfAXAKAOAFAEAFAA
3513009001002,BgBfBgByBqBXBPBFBJA4AqAbAPANAIADADADABBeBeBiBzBnBeBVBMBQA5ArAUAVAOAJAHACACAB
3513009001003,B2BxBsBrBcBVBXBUBCAxAnAMASAHAIAEAAAAAAB0BsBrBoBeBYBfBZBDAuAaAWAKAKAOABABADAA
3513009001004,BiBgBlBsBjBYBSBPBKA4ApAZATALAKAHACAAAABkBfBhBvBoBYBXBUBJA0AcAfAVALALAGACABAA
3513009001005,BMBQBbBgBdBPBIBOBPBEAzAkAWATARAGAEACABBJBLBZBpBgBWBRBZBVBGAzAlAfATASAJAIAEAB
3513009501001,BuBvBtBuBgBXBPBEA+AuA2ANAWARAKAGADACABBvBrBpBqBhBYBTBIA9AsAiAZARAUAMAFAGABAB
3513108001001,BcBjBkBpBeBWBQBPBFA5AtAeAfASARAJAFABACBVBVBdBfBaBRBQBNBDA1AsAgAdAcATAQAFACAA
3513207001001,BbBfBvBzBkBQBJBKBKA8AnAlAVAZAWAJAEADAABcBeBsBlBRA/BEBQBIAuAlAcAgAXAQARAJACAA
3513306001001,BQBNBdBrBkBDBNBcBJA6AbAxAoAVAPALAPAAAABMBKBaBnBWBJBKBYBNA9AoAoAgAeAKATAMAGAF
3513405001001,BXBbBfBpBcBLBJBMBGA7AvAeAcAYAMAKAEACABBUBWBbBjBbBRBOBQBJA9AzAlAgAZATAOAJAEAD
3513504001001,B1BvBuBnBmBgBjBUBHAwAeAQAOAGAEABABABAAB3ByBjBoBnBhBjBRA7AnAcAQAKAEAFACAFABAC
3513504001002,CAB3BpBiBjBpBlBNA5AzAeAWAJALAGACACAAAAB4BsBiBiBuBnBYBIA+ApAdAPAPAHAIACABABAA
3513504001003,BbBZBrB1BnBWBSBOBJA7ApAXAWANAFAJABABAABYBbBrBzBhBPBXBVBHA1AuAXAZALAMAEACAFAB
3513504001004,BbBUBdBkBiBVBSBSBGA9AsAbAZARANAJAIAAAABMBRBbBdBkBYBRBaBJA/A1AbAbAYARAJAGAHAD
3513504001005,BOBIBSBfBoBeBfBZBGA9AnAqAjAaAQAEAFACAABGBKBQBdBgBbBXBYBGA3AwAuAgAZASAJAGABAC
3513603001001,BaBvBsBpBcBOBRBIA6AyAtAqAmAZAZAKAEABAABcBlBjBhBSBMBMBEA4AwAnAqAZAbASAKAGABAA
3513702001001,BPBWBeBpBYBRBNBMBCA7AsApAfAbAVAOAFADAABMBQBfBmBXBPBMBLBGA5AxAlAbAkAaAMAKAGAE
3513801999001,BcBVBiBgBTBVBeBWBNA5AmAYAaAHAOADACAAACBXBRBbBbBnBjBpBgBLA/AjAiAVAXAMAFAHACAB
3513801999002,BEBNBPBmBpBTBUBKBGA7A0AfAXARAVAJAEAAAABLBDBRBgBoBaBZBUBSBHA9AhAdAlAVAQAGABAA
3513801999003,BPBJBUBZBiBeBZBOBCA0AtAiAZAUAPAHAEAAAABJBFBPBkBpBtBfBWBMA/AoA0AgAaASAPACACAG
3513801999004,BrBdBbBhBoBrBnBMA6AwAlAXATAOALADABAAACBqBYBYBlBrBtBeBOA/A1AkAZAcAIALAGAFAAAB
3513801999005,B6BlBeBiBsBuBlBPA7ApAeAXAPALACABADAAAABxBgBjBoByBtBgBJA7AtAjAUALAJAGAGABADAD
3513801999006,BjBYBbBmBmBfBbBLA/AvAiAgAeAIAIADACABAABdBXBgBpB3BpBbBOBEAzArAhAVARAOAEAFABAC
3513801999007,BrBgBkBvBqBeBVBKBCA4AoARARAIADAFACABACBjBZBhBuBuBhBcBOBHA4AoAVATAMAIAEABADAB
3513801999008,BtBqBiBpBrBpBaBHA8AwAmASAOAHAEAIABAAAAB0BoBiBwBwBtBaBGA8AwAXAeAPAMAJABABAAAC
3513801999009,BbBgBgBkBiBbBYBLA+A1AmAdARAQAJAFADACABBXBXBjBuBjBeBXBWBMA5AsAcAdARARAFAFACAA
3513801999010,BSBNBdByB0BaBOBDBDA+AyAgAWAQALAFADACAABPBHBUB0BxBcBPBMBNBDAwAiAgAOAYAFACABAA
3513801999011,BeBYBgBqBvBhBZBIA/A3AoAdAaAIADAGAAACAABXBaBjBoBqBeBbBRBIBAAqAbAVAIAPAIADABAA
3513801999012,BvBiBfBrBwBpBRBLBCAvAlAVAMAIAKADAAAAAABXBcBgBvB1BoBjBPBEA1AqARAUAKAMADADAAAB
3513801999013,BrBxBpBkBkBnBkBSBBAuAcARAMAPADAAABAAAABuBrBoBjBsBnBnBQA9AqAhAQALAIAGAGABACAC
3513801999014,BZBWBjBpBtBkBVBHBEA3AqAXATAOAJADADAAAABWBaBdBwBzBhBaBPBFA6AnAeAZAPAMAIACAAAA
3513801999015,BnBdBiBsBqBZBVBHBCA5AqAWAXAJAHACACAAABBcBZBmBuBuBnBWBOBIA1AmAbASANANADAFAEAB
3513801999016,B5BoBsBkBoBeBaBLA+AwAkAOALAJAFAEACAAAABwBpBrBxBtBiBgBOA+AwAfASANAMAHADADAAAA
3513801999017,BcBUBWBhBpBkBgBRA+A3AsAdAVANACAGACAAAABXBTBfBqBpBoBjBXBIA8AyAYASAKANAKADACAA
3513801999018,BvBhBjBjBiBmBcBLA8AyAYAdALAJAHAFACAAAABvBjBgBoBsBqBfBYBFA4AgAaAPAQACAFABACAB
3513850001001,BEBKBvAlB2BsBKA1BIAqAmBJBHAtAUAXAGAAAAAtBiBgBTBKBRAyA5A6A/A3AzBRAuAAAIARAGAA
3513900001001,BMBdBbBkBRBMBUBLBMBEA1AjAhAiAcAIAGAFAABHBYBfBeBQBOBLBNBFA7AtAkAgAgAUANAHAGAD
3514007001001,BlBqBjBxB3BjBUBMA8AzAoAgAUAWAPAOADAAAABWBcBdBiBiBOBJBNA5AxAiAgAbANASAOAEAEAA
3514106001001,BSBaBZBhBbBVBOBHBBA4AsAoAfAfASANALAGADBSBVBYBhBWBOBGBJA8A4AxAjAgAoAgAVAJADAA
3514205001001,BcBgBjBSBJBKBCBOBTBIAmAsA3AwAWAQAAAGAAAoA+BSBBBtBRBIBJBGAvBLBWAkAfAFAKAAAEAJ
3514304001001,BIBaBVBgBbBTBRBTBCA9BEAaAmAhAaALANAEABBHBRBSBcBWBLBGBGBKA8AvAhArAbAaARALAHAE
3514403001001,BCBNBXBgBPBIBJBKBHA5AyAqAnAfAfANAJAEABBABKBRBeBTBNBNBSBMBEA7AtAuAmAfATAIACAB
3514502001001,BJBZBWBgBTBIBMBEBAA6AuAnAqAWAhANAQADACBGBPBfBiBTBOBLBKBDA7AsAwAtAkAiATAIAGAB
3514601001001,BTBeBfBmBeBVBUBSBHA5AtAhAhAXATAQAAADADBYBMBpBqBOBRBSBOBEBAAoAeAWAcASAKACACAB
3514700001001,BeBZBlBrBUBVBJBIA7AyAxAZAkAfATAMAGAFAABaBfBkBgBTBRBJBSA3AyArAqAkAXAXANAOACAA
3514809001001,B+B7ByBzBYBHBHA+AxAvAoAjAiAXASANAFADABB8BzBuBmBVBCBAA4AwAoAhAhAaAVAPAMAHADAE
3514908001001,BnBqBjBoBpBaBXBKBAAzApAcAVASAWALACABABBfBbBmBuBcBSBOBDA7AsAlAbAaAcAPAKAEABAE
3514924001001,BXBQBeBeBkBeBRBLA5BAA3AsAsAhAbANADADAABABRA/BgBXBaA9BDBFBAAmArAzASAeAFAEAIAM
3514957001001,BBBNBaBuBeBRBZBOBOBHA7AfAkAkAbAAANADAABIBKBfBOBOBGBcBLBDA5A4AZAsATAmADANAFAA
3515004001001,B1BfBcBpBzBmBOA5A1AuArAcAQALAEAFACAAAABsBgBjBxB2BpBTBFBAA3AwAbAUALAIAFAAACAB
3515004001002,B5BqBnBtBxBeBTA+A3AwAqAVAPAFADABABABAABxBiBnByB4BhBUBJBAAzAlAZAOAIAEAEAFABAA
3515004001003,BxBlBmBrBjBpBUAwA+A/AmAWAMAEAJABADACAABwBlBeBzBzBdBWBYBHAxAqAWAMASACAEABACAA
3515004001004,BuBjBuBvBjBbBXBJBDA2AkAWAKAKAEAEAAAAAABrBmBpB0BvBgBYBUBFAzAbAYAKAKAGADADABAB
3515004001005,BqBeBeBrBoBmBSBEA7AtAmAhASAGAIACABABAABlBZBfBvB7BjBbBEBCA/AoAhAUAOAIADADABAC
3515004001006,B3BsBrBtBlBgBYBMA1AwArAOAMAEAGAEAAADAABzBjBqB2BtBbBcBLBCAvAkATAPAKAEAEAAAAAD
3515004001007,BmBaBkBvB5BeBRBBA8A6ArAZAOAIAGAFAAAAAABnBYBiB6B7BeBTBGBHA7AmAaAPANAIAAAEAAAC
3515004001008,B2BxBsBvBmBiBZBIA/AtAZAXAKAKADADADAAAAB3BsBrBwBrBfBaBMA+AuAgAQATAFAEADABACAC
3515004001009,BwBsBnBsBoBYBUBLA/AwAoAXASANAKABABABACBoBiBoBpBoBZBYBOBAAyAlAYAUAMAKAGACABAC
3515004001010,BPBQBjBmBjBYBQBMBEA4AxAgAXAUAMAHAEABAABZBbBgBoBfBbBVBRBIA8AtAjAWAWAQAJAIAAAA
3515103001005,BmBiBmBnBlBYBNBGBAA1AwAcAWASARAIACACABBjBfBkBpBkBZBQBLA+AwAlAgAXAUAOAIADADAB
3515103001099,BtBqBpB2BfBLBGBFBGAyArAgAPAYAGAJAEAAAABmBtBwBtBfBWBQBJA6A0AvASAXASAHAJAAADAC
3515129001001,BIBUBRBfBBBZBmBRA5A1AtAvAqAqAfANAJACAHA5BVBfBcBaBJBFBWBABBAqBDAeAeAGAMAQAEAA
3515152001001,BoBjBaB5BzBmBYBPA4AuAkAlAXATAPACAGAAAABgBWBiByBxBZBLBEA0AsAhAfAcANALAFAGACAA
3515186001001,BRBSBZBcBaBTBOBLBGA5A0AkAlAdAaAHAFACABBPBPBXBeBVBPBSBOBGA9AxAoAhAfAbARAMAGAB
3515194001001,BgByB0BfBaBPBZBUBGA1AwAdAiALAWADAAAAAABgBlB0BhBPBTBLBQA2AwAoAbAdAMAOAIAHAAAA
3515202001001,BDBOBbBoBdBTBGBPBJA5AyArAoAgAXAPALAEAFBIBIBbBVBTBQBLBPBGAyA8AiAmAgAYAQAHAKAG
3515301001001,BhBlBsBvBOBIBXBcA+AqAqAVAxASAmASADAAAABQBeBnBUBSBQBKBSA7AvAtAmAYAgASAJAFAHAA
3515350001001,BtBvBwBrBVBaBIBCA0ArAlAiAeAcAOAJAIADABBqBvBxBkBYBQBNBJAyAuAdAqAfARALAJACADAA
3515400001001,BTBYBoBnBbBLBKBHBBA4ArArAeAfARAKAJAFADBQBYBmBfBQBJBKBQBBAzApAwAoAeANAOAMAJAD
3515509001001,BKBOBXBhBaBMBKBLBHA6AxAtAnAcATAKAKADABBEBLBTBcBcBPBOBSBMA/A1AvApAeAZAPAJAFAD
3515608001001,A/BFBXBVBUBHBKBMBHA8A4A2AxAmAhAMAFAAACA8BNBZBZBOBSBQBDBBA5A+A0AoAgAiARAPAGAG
3515657001001,BRBYBcBjBPBIBAAvBTAzAuBLAuAjAzALAKAAAABUBQBkBGBaBRBJA7AnA7AxAxAyAaAhAAAQAFAI
3515707001001,B3BuBrBoBiBnBYBJA3AuAdAaAPAKAIAAAAAAAAB+BqBnBqBiBlBXBIA9AvAgAYASAIAGAGAGABAA
3515707001002,BrBnBtBrBnBXBVBOBFAzAlAWAeAGAAADADAAAABvBiBnBmBkBdBUBSBFAzAqAVARADAJANAFAAAA
3515707001003,B4B2BxBpBcBbBaBJA9AvAhAUANAKAKABABAAAAB4B1BqBpBdBZBdBKA8AuAaAZAQANAHAGAEAAAA
3515707001004,B0BsByBuBbBWBWBLBAAuAbAWASAGADADACAAAABzBoBwBqBkBaBgBXBBAyAiAXAOAJAHAEAEABAC
3515707001005,BYBbBdBiBeBYBPBHBFA4AtAfAdAPANAEAEACAABVBZBaBlBfBeBRBOBMA/A1AhAcAUAaAIAGADAB
3515707501001,ByBvBrBlBfBUBZBLBDAuAfAaANAKAIAEACAAAAB2BuBrBrBhBdBZBOA/AxAgAZAXAKAKADADABAA
3515707502001,BzBzBrBrBhBcBSBHA7AxAmAYAKAMAKADACABAABqBqBpBqBpBeBYBNBBAzAlAUAWAMAFAFACABAC
3515806001001,A5BlBxBiBIBIBBBIBbBDAhAyAgAlANAJALAAAKBJBUBlBmBKA8BWA+BOArA7AsAzAnAdAAAKAAAB
3515905001001,A9BPBHBaBLBMBGBLBXA0A/AvAzAkAhAPAIAIAAA1BKBPBMBOBBBVBMA3BOA1A2AzAoAsAPAQAGAH
3516002001001,BNBWBYBeBVBEBKBNBGA3AyArAqAfAVAXAIAFADBOBXBjBXBQBJBPBKA8AzA0AsAoAkAWATAMADAC
3516101001001,BGBcBSBhBPBPBcA8BBA1A2AqAbAiAUAKAHAHAABeBlBaBvBZBPBGBNA1BDA7AgAgAaAXALAKADAE
3516200001001,BiBgBfBiBdBbBYBTBFA3AsAZAWAOAHAHACABABBgBZBeBgBgBaBYBSBQA8AoAjAUAVAPADAFACAA
3516200001002,BxBrBwBkBYBTBWBRBEAyAqATAUAFAKAHACAAAABlBrBrBkBaBUBcBYBFA1AvASARAQAHAEACADAB
3516200001003,CHB2BdBUBaBlBzBXA7AmAgAWAUAJAJAAABACAAB2BwBgBTBhBrBqBMA3ApAdAWAUAOAGADACAAAA
3516200001004,AyA6BFBOBSBDA6A8A5A0AqAyApA4AuAaANAEABAvA1BABTBWBHBFBFBKA+BIA4A/A8A/AvAgAMAH
3516200001005,BABOBVBdBbBGBGBMBAA7A1AtAsAWARAJAIAJADA8BBBRBeBdBUBJBLBJBIBJArAvAlAgAVALAFAA
3516200001006,A+BGBaBhBZBKBBBFA/A6A2AvAnAWAbAOAJAIABBABBBLBaBhBKBMBHBMBHBIAtAsAwAaAfAJAHAC
3516200001007,BZBcBhBjBaBXBPBTBGA/AyAZAZAXAIAGAGADABBSBaBdBjBaBPBYBNBPA9AvAjAdAWAVAIAEAAAD
3516200001008,BkBqBqBnBcBTBXBZBLA3ApAXAQAOAHAEADABABBeBjBiBfBbBVBbBbBHA5ApAZAUARAIAGAFABAA
3516200001009,BcBiBeBeBRBWBZBYBGA5AtAiAWAYASAGAFABAABbBeBYBWBZBcBXBTBIA3AsAlAXAcAOAFAHACAC
3516200001010,B0ByBwBmBeBZBWBOBDAxAkAVATAMAJADAAABAAB1BwBqBmBdBbBRBSBDAuAgAWAOAKAJAFADABAA
3516200001011,BGBOBYBgBkBWBLBJBDA/A2ApAgAaARAFAFACABBIBJBUBbBeBQBNBNBPBHA/AsAoAcAXAKANACAA
3516200001012,BHBRBeBeBdBJBDBMBFBEAzArAYAaATANAJADACBEBMBXBkBcBOBIBQBOBEAzA3AjAnAXAKAGAFAE
3516200001013,BlBdBmBgBdBWBUBMBCA3ApAlAXASANAIACACABBfBdBcBbBXBZBUBPBCA4AzAgAgAUAOAKAEACAD
3516309001001,CGB2B0BuBhBPBQBFBCAxAoANAOAHAEAEAAAAAACBBzBzBxBjBUBPBKBAAvAcAUAJALAEAFABABAA
3516309001002,B8B+B2B2BaBPBMBCA8A0AkAXAPAKAGACAEAAAAB6BzB4BvBcBSBMBGA+AyAiATALAPAHAHABAAAB
3516309001003,B7B3B5BuBjBYBTBCBBAwAdATAOAGAFADACAAAAB9BvB3BwBjBVBUBKBBAsAaAWANAIAFAEAEAAAA
3516309001004,BlBjBuBtBoBXBNBFA+A1AxAWAQAPAHADAEACAABqBkBjBvBlBSBRBNBCA/AjAdAXAOAOADAGADAA
3516309001005,CCB1BxBpBjBXBQBDBAA1AjAUAKAJAIABABABAAB4BuB0BwBgBYBUBKA9AuAcAaAOAMAGAEAAAAAA
3516309001006,BkBkBjBtBgBTBRBFBCA5AlAhANAQAJADAGACAABmBfBnB0BlBVBRBPBFA6AsAXAXAPANAJADAAAB
3516408001001,BpBeBlBxByBdBQBGA/A1AhAgAVAJAFAGABAAAABiBcBkBzBzBfBUBGBCA5AsAQAWAHADAJAGACAD
3516408001002,ByBoBnBvBrBdBPA+A8A5ApAZANAPADAEAAABAABnBgBqB4BuBZBNBHBGA0AoAXAMAQALAJAEABAA
3516408001003,BWBXBkBjB8BhBYBOBFA8AtAiAUAVANALACACAABVBXBdBjBZBMBHBJA+A9AoAlAaAVAOAPAFADAD
3516408001004,BsBrBkCOB/ByBiBRBGA2AtAUAVAIAGAEADAAABBpBmBfBfBZBRBLA/A5ArAgAQANAMAEAGABACAA
3516408001005,BUBSBeBvBoBTBIA/A8BBA2AjAUAVAUAHAEACAABQBOBZBuBhBZBEBLBMBBA/AcAaAaAZARADACAB
3516507001001,A+BMBVBsBWBUBiBPA6BIAnAwArAhAjAEAOACAHA7BLBNBUBDBcBGBUBSAlA0A5AgAvAVACAOAQAA
3516606001001,BQBcBjBoBeBGBJA/BGA7AyAsAnAhAWAPAFAEAABVBUBfBcBYBLBABEA8A3AuAzAcAeAcASAGAFAF
3516705001001,BSBTBeBiBeBMBFBHBBA5AzAiAnAXAZALAIACACBPBSBbBfBcBNBLBJBEA8AwApAqAcAgAQAKAFAA
3516804001001,BFBHBbBtBkBHBQBIBAAzA6AuA0ASALAPANADAGBNBIBZBrBUBPBQBFBBA8A5A0AhAbAaAQABAGAA
3516853001001,BoBpB5BeBmBgBfBaArAuAvAYAyAVAHATAEAAAABKBbBoBsBZBOBGBFA8AuAgAhAZASAQAIAJAAAC
3516903001001,BKBQBfBjBSBJBUBQBJA9A7AmAlAgAeAJAHADAABBBTBfBeBMBLBRBWBBA8AuArAiAgAXAOAIAAAC
3517000001001,BLBVBWBkCJBsBUBOBCA6AmArAnAaARAWAHAEADBRBTBWBTBLBEBABAA5A2A0AhArAaAZAQAIACAG
3517109001001,BOBSBaBiBbBVBYBCBFA/A+AbApAbAVANALAAAABYBbBTBjBLBVBFBLA8A1A1AjAnAiATAVAGAAAE
3517208001001,BbBcBoBfBZBRBSBMBAAzArAgAiAcAPAKACACACBiBeBoBgBTBYBOBLA+A2A1AYAXAcASAKAIAFAC
3517307001001,BjBfBoBzBSBQBCA/BAA3AuAwARATAWAJAHADADBaBZBqBfBWA+BGBOBBAwAzAnAzAUATASAEAFAF
3517406001001,BVBXBhBnBcBXBTBMBFA5AxAkAgAZAPAIAEACABBNBSBaBlBbBUBTBNBDA5A4AgAfATAWAPAGABAD
3517505001001,BGBVBaBfBiBeBcBTBDA7AvAqAfAcARAIAFAGAABJBNBWBaBbBYBRBQBDA8ArAsAnATASAKAGAHAC
3517604001001,BqB0B4ByBZBQBLBFA4AtAqAhAgAWARAIAEAAABBrBtB1BnBOBKBHBEA1ApAkAhAeAUAWAFAGAAAB
3517703001001,BiBhBdBiBuBSBOBIBAA2AwAeAaAVAOAIAGABABBhBbBdBlBeBSBLBHA/A3AuAiAhAUARAPAHAEAA
3517802001001,BIBLBeBbBYBTBRBOBHA2AnA3AjAkAYATAJAFABBMBPBZBaBSBOBMBMA/A+AzAsAnAkAPASAKAGAA
3517901001001,BTBYBpBmBeBKBQBOA+A2AuApAjAZAZAPAEAFABBPBfBoBdBWBKBPBGA7A0AwAjAeAgATAMAGAHAE
3518008001001,A1BlBfBmBWBGBFBVBaBFArAoAlAaArAUAGAAAABNA0BlBMBcA1BaBEA9AsAxAqBIAuAWANAAAGAA
3518107001001,BsBWCCBmBiA+BABFBGA7AmArAcAeARAGAGADABBfBrBWBmBRBUBLBBA5A+AlAmAeAWAOAKALADAD
3518206001001,BLBWBdBlBVBNBRBQBDA3ApApAfAfAXAQAGADABBGBPBcBfBVBRBQBUBFA5A0AoAlAgAUAOALAFAE
3518305001001,BgBkBlBiBjBTBLBIBAA6AsAmAcAYARAJAHACAABaBgBiBkBbBPBNBJA+A2AwAcAYAVASANAJAFAB
3518404001001,BCBHBXBhBUBNA/BNBCA1AkAtAVAiAaAJAKAJABBBBJBVBhBVBRBKBRBOA/A1A4AtAsAnATAMANAE
3518404001002,BMBUBeBfBhBQBGBEBAA4A4AiAkAcATAUAEACABBHBLBUBhBWBOBGBLBKA/A6AtApAhAjARAGAEAE
3518404001003,BMBQBVBfBbBSBKBQBDA6AzAnAhATAWAKAFABAABGBRBZBZBdBSBTBXBLBCA2AyAiAgAWAMAHADAD
3518404001004,BfBrBnBlBVBRBUBZBMAzArAXAQAPAGAGAAACABBgBiBsBoBXBUBbBeBNA5ApAbAUAKALAGAFAAAA
3518404001005,BiBjBmBnBeBWBRBPBKA5AlAjAaAOANAEADAAAABjBeBgBmBfBXBSBRBLA2AqAZAVAPATABADAAAD
3518503001001,BlBpBjBjBaBYBRBMBBA1AtApAdAfAUANAIAFABBeBcBXBdBWBQBGBFA5A0ArAeAfAcATAIAGACAA
3518602001001,BiBlBpBuBiBUBVBMBBA1AhAgAbATAOAHADACAABaBhBlBsBeBTBQBMA/AxAlAdAcAWALALAHABAB
3518701001001,BWBWBeBhBiBVBOBQBDA6AwAbAcAVAGAIADADABBSBRBcBoBmBWBZBQBGBCAqAnAiARAUAJAGAFAA
3518701001002,BiBcBhBjBgBWBVBKBCAyAoAdAaAUAPAEADACAABlBcBYBhBjBXBWBRBCAyAsAiAkAPATANAFAEAA
3518701001003,B9B4BsBnBkBiBYBQBDAvAcAYAPAIAFABABADAABzBvBjBhBoBkBYBPA4ArAbATAOAJAGAEAFAAAC
3518701001004,B2BkBnBqBpBjBcBSA6AuApAOAMALAFAEADAAAAB2BqBqBrBpBhBZBQA8ApAiAVASAGAGAEACACAA
3518701001005,BzBsBwB1BqBgBPBAA6AxAeAcAOAIAGAGACAAAABvBoBwB6BsBbBKBGA9AxAlAXARALADAFABABAB
3518701001006,BdBjBlBeBiBXBbBYBGA7AiAfAYALAJAHAAABAABZBgBnBhBZBjBnBYBJA0AiAdARANANADACAFAA
3518701001007,A2BOBKBXBPBLBRBXBEBCA4AqAhAaAUAUALAGABBDA2BJBUBPBXBVBXBPBFAxA5A2AfAfAUATABAF
3518701002001,BhBgBjBmBhBUBWBIA7AzAnAcAYASANAMACABAABcBYBaBpBhBXBUBQBFAyA0AdAjAdAOAJAHAEAB
3518701002002,BhBcBgBjBfBaBSBLBCA0AlAYAXATARAIACABAABbBaBfBmBeBWBWBMBIAzAvAhAdAfAYAHAGAEAC
3518701002003,BcBWBZBjBgBbBXBMA/A1AsAfAbANALANAFAAAABVBZBVBiBlBlBXBPBDA8ArAsAgAVAMAIAFADAA
3518701002004,BeBbBiBfBeBWBOBNBIA6AqAdAbAPAOAGADAAAABbBXBaBhBeBaBUBYBMA7ApAmAZAQAQARAKABAB
3518701002005,B1BtBqBnBhBcBYBNBCAxAiAZAWAHAGABAAACAABvBmBoBpBpBfBYBRBBAuAiAXASAHAKAEACABAB
3518800999001,BEA6BMBYBVBUBFBOBIBCA9AmAeAaAbALAFADAAA4A+BIBZBgBZBPBUBWBMBDAwAvAlAaAUAKAFAD
3518800999002,BLBKBTBaBSBQBRBgBUA+A3AbAgAQAHALADABABBFBKBMBVBbBbBkBrBZBFA1AnAbAaAYAJAIADAB
3518800999003,BZBMBWBiBjBbBSBMBDA3AuAeAbATAJAJAFAAAABVBNBYBmBoBdBUBUBNA6A1AlAgAWAVAMAEACAC
3518800999004,A5A0BCBiCrCOBhBOBJBPA6AmAbAWAEAEAAAAACA2AzBGBfBpBCA+A+BRBWBBAnAYAUAWAPAJAAAE
3518800999005,BWBSBZBqBqBdBPBHA/A4AyAgAbANAMAGAEACAABUBOBZBtBmBfBTBRBMBAAqAoAgAPAQAKADACAC
3518800999006,BOBLBZBfBdBWBLBLBEA4A4AgAjATAPAGAEABAABJBIBQBhBoBdBVBTBMBEA3AvAkAcAYANAEAEAB
3518800999007,BcBYBaBiBkBaBYBNBAA5AsAiAYAOAHABAEAAABBXBUBYBmBmBsBWBQBQA+AvAjAXAOANAHADADAB
3518800999008,BfBcBnBlBVBXBdBRBIA2AqAXATALALAFAAAAAABXBeBjBnBcBgBmBbBFA/ArAZAVAVAJAGAEABAA
3518800999009,BrBjBiBkBfBcBiBUBBAxAlAVAQAOAEAFADAAAABpBdBdBkBoBlBhBVBEA1AnAcASAKALAEABABAB
3518800999010,BXBRBZBeBeBcBQBOA/A5AwAgASAZAKAEADAGAABSBSBaBhBoBhBZBRBKA9A0AtAhAUAMAJADAGAB
3518800999011,BGBLBNBfBkBYBOBHBBA3A4AsAeAZAGAKADAFAABMBKBWBeBoBdBWBOBKBBBMAnAvASAPASABACAC
3518800999012,BZBQBcBjBqBqBVBMA/AxA1AaAUAMASAKAAACABBYBMBOBdBvBlBaBSBMA5AuAoAeAXALAHAEACAA
3518800999013,BhBYBRBkBuBhBNBHA9A8BEAXAQARADAJAEABAABZBOBcBvB2BfBSBKBKBBA2AYAXAPALAFAEADAB
3518800999014,BjBgBoBoBTBVBjBlBSA4AoATAQAFAJAEAAAAAABaBeBiBlBYBdBtBhBOA1AgAYAMAQAGADABACAC
3518800999015,BZBVBaBeBlBWBPBGA/A1AqAjAkANAJAEAIADAABOBQBdBtBlBbBYBLBKA/AsArAVAeATASAGAGAB
3518800999016,BOBIBQBZBaBUBVBNBFA6AwAiAgAYAQAIAGACAABJBJBTBdBhBaBaBbBOBCA9AnAnAYAVAPAOADAB
3518800999017,A7BCBIBXBZBSBGBGBFA+A0A0AlAbASALALABABA+A7BLBaBfBbBOBYBQBOBIA1ArApAdAQAIADAE
3518800999018,BOBMBQBWBYBWBRBMBEA4AtAvAoAXAMALACABAABIBGBQBXBjBkBUBRBKBDA8A0AkAaAVAQAKAEAB
3518800999019,BEBIBPBdBaBQBGBRBOBDAwAiAeAcARASAEAAAAA/A/BNBeBdBXBUBcBWBJAzAyAiAiAeASAKADAD
3518800999020,BMBNBVBhBWBMBNBiBGA4AuAZAaAVAHAHACAAACBMBPBUBjBfBXBiBUBUBQA5AfAlANAXAdAHACAA
3518800999021,BQBKBTBdBQBQBUBTBOA8AuAbAWAZAOAJAIAAAABOBQBOBdBgBWBeBhBRBIAyArAkAcAXAKAFAEAA
3518800999022,BdBWBTBfBlBfBVBIBCA1ApAbAZAXANAJABADAABdBNBVBkBjBdBXBUBFA9A1AcAaAcAQAMAGAFAD
3518800999023,BCBFBQBaBcBVBOBIBBA5AxAlArAVAUAMAGAGABBCBCBPBcBdBUBRBSBOBEA0A4AvAmAUAWAMAIAG
3518800999024,BiBZBfBmBkBZBSBLBAA1AnAiAWALAOAGABABAABdBbBdBpBlBfBYBPBFA5AwAgAWAZALAEAFADAA
3518800999025,BiBfBnBkBdBdBdBSBDAyAjAWAPAPAIAFACAAAABqBnBkBmBhBfBlBVBCAyAjAeAXAOAKAHACABAA
3518800999026,B3BjBoBhBdBgBfBKA7A1AmAaAQAFAIAEABAAAABuBiBkBuBnBmBdBMA9A0AuARASAMAEADAEABAC
3518800999027,BvBnBgBkBjBqBaBFA4AvAdAiAVAIAKAFAAAAAABxBnBlBlByBmBcBFA9AyAqAWAUAMAIADACAAAC
3518800999028,B9B6BpBjBZBlBvBcA9AfAbAOAJAKAHAAAAAAAACEB1BjBeBgBpBlBCA8AwAYARAPAIAHACADAAAA
3518800999029,CCB7BxBfBaBgBhBSA+AtAgAOANAEADACAAABABCDBzBqBkBiBkBgBRA6AkAWAVALAJAGACACAAAB
3518800999030,CGB0BnBcBhBpBkBOA/ApAbAWARAGABABACAAAAB3BvBrBmBjBsBeBLA6AoAfARAOAFAGACADACAA
3518800999031,CBBoBqBiBnBdBaBPA6AvAfAYANAGAHAAACACAAB5BlBiBsBrBiBXBLBAAuAjAWAYAIALABAAACAA
3518800999032,BmBfBoBqBXBXBUBZBSA7AgAWAOALAFABADAAAABhBeBpBsBkBdBgBhBOA1AhAUAMAMAKAHAAADAA
3518800999033,B8BxBxBqBjBeBcBLA+AtAYAWAKAJAGABAAAAAAB9BuBwBtBhBiBcBLA+AtAVAbAMAKAEAFABABAA
3518800999034,ByBxBrBfBvBfBYBKBBA4AkATANAGAIAJAAACAAByBqBiBrBkBeBTBOA+AwAdAaAXAFAEAEAFACAA
3518800999035,BiBXBfBlBrBiBUBIA8A2AlAnAPAWAHAGAAACAABgBYBeBnBlBcBcBLBDA7AqAkAbARAMAJADABAE
3518800999036,CJBuBoBiBhBsBjBRA7AqAeAUARAIADACAAAAAAB2BoBiBjBiBuBiBOA4ArAZAaAKAGAKAAAEAAAA
3518800999037,BqBbBjBqBmBiBXBKBAA2AlAVAWAHAHAFABAAAABmBfBrBvBnBfBZBQBBA3AmAbASAMAGAMABAAAB
3518800999038,B1BsBoBtBiBZBeBIBBA0AqAMAOAFAHADAAAAAABzBmBlBuBoBkBXBQBDAxAfAXAPAJALAEACABAA
3518800999039,CLB3BvBgBdBkBbBOA7AjAmANAHAJACAFABAAAAB8B3BrBxBcBcBhBQA6ArAWAXAOAGAHAGACAAAA
3518800999040,BnBgBiBsBiBcBXBPBKA6AfAbAOAJAEADABADAABrBiBsBsBhBjBfBZBHAxAnASAMAMAJADABAAAC
3518800999041,BkBlBmBvBfBRBYBRBJA4AgAZATAGADAGABAAAABmBjBwBsBiBYBWBZBNA2AhAbASAKAJAGACADAA
3518800999042,BxBtB1BpBlBZBaBQBDAzAgARAPAIAGAEADAAAABvBsBnBvBhBdBWBQBGArAYAaAMAOAFAJABAAAA
3518800999043,B2BoBhBnBiBhBcBHBBAwAeAZANAGALADACAAAAB0BxBsBnBoBiBXBMBEAvAhAWAVAJAJADABABAA
3518800999044,BsBoBcBnBaBfBeBMBEAzAlAWALAIAHAFAFAAAABzBjBqBqBlBmBiBNBEAxApASANARAFAFAEACAA
3518800999045,BsBlBlBhBeBcBaBNBCA4AjAdASALAHAGADACAABoBdBiBrBjBeBhBPBCA2AlAaAVANAPAAACAAAC
3518800999046,BpBjBhBdBnBgBbBLBBAyAlAYAYAMAGACAAAAAABkBiBfBpBvBiBaBSBIA2AsAQAOAMASAGADABAB
3518800999047,BxBiBgBrBoBjBXBIA7AtAhAeATAPAJADADAAAABmBgBkBqBwBfBXBJA/AyAqAbATAOAOAKAAACAA
3518800999048,BuBoBhBlBjBmBcBLBBA3AlATAMANAEACAEABAABsBkBhBqBvBjBbBTBCAyAhAYAMAMALACACABAB
3518800999049,B0BmBuBjBvBfBkBHA+ArAhATANAMAHAGABAAAAB5BnBdBtBxBzBdBHAyApAgAUAOAMAIADABAAAA
3518800999050,CWCBBqBaB2B3BlBIA0AhAVAMAMAEABABAAAAAACcB+BrBpBxBjBYBDAtAYAOAQAGAEAEABABAAAD
3518800999051,BuBoBrBoBkBeBUBLBCA4AlAWAOAIAEAGABAAAABsBhBnBtBsBhBYBNBNAsAiAWARANAIACADADAA
3518800999052,BtBjBjBpBrBeBYBGBCA4AsARAaADAAAEACABAABsBjBkBtBtBiBZBRBEA0AnARAOAJAHAAAFAFAC
3518800999053,B2BxBwBkBkBlBgBNA7AtAgATAIAEAGAHACAAACB2BvBpBrBlBrBaBKA5AsAcAQALAPADACAFADAD
3518800999054,B4ByBrBkBjBpBXBIA3AsAfAZARAEAFACACAAABB7BxBlBsBnBoBaBFA4AtAfAaANAKAIACAEACAA
3518800999055,B3BtBpBoBeBiBeBRBAAsAdAYAKAHAHADABAAAABzBqBxBuBtBcBhBOBAArATAaAOAKAGADABABAA
3518800999056,COB7BrBgBeBvBoBJA0AjATAUAIAEAGAAAAABABCMB8BsBhBnBqBiBJA2AiAYAQAOAHABACABACAA
3518800999057,B/B3BvBkBfBlBgBJA1AsAjAKALAKAFACAAABAAB7B2BxBnBqBmBYBMA2AmAgASAPAIAJABACACAA
3518800999058,CIB4BsBlBbBdBfBOA5AtAlARAPALAFABAAADABCDB0BqBlBeBeBcBJA6ArAfANALALAGAEABABAB
3518859001001,BUBkBwBuBcBOBKBJBCA/A+AZAkAKAaAHAGACADBgBmBkBeBOBKBGBDBIA1AuAYAXAZAYAQAEADAA
3518909001001,BfBaBrBrBaBPBIBLBDA+AoAwAuAbAXAMAEAAAABNBVBXBlBVBHBMBGBHAwArAnAYAcAaAHAHALAA
3519006001001,BZBgBjBkBaBTBQBJBIArAvAeAlAdAYAKAFAFACBZBeBUBjBVBMBTBIBBAxApAoAeAcAYAQAGABAF
3519055001001,BZBTBaBxBvBnBXBQBGAyAmAmAUAXANAMABADAABXBTBXBxBuBcBPBHA/A6AqAbAQAUAPAHAEABAB
3519071001001,BpBzBuBaBcBUBfBdBDAvAjATATAMAKABADAAABBkBqBtBiBcBfBiBYBBAtAeAcAUAKANACAEAAAC
3519071001002,BpBvBlBmBaBaBfBYBHAyAjAVARALAGAEABABABBpBsBuBnBgBcBgBVA+AuAeAYAQAMAHAEACACAC
3519071001003,BZBXBqBuBsBVBPBKBFA/AsAdATAOANAHADADABBTBfBfBmBkBZBPBSBNA9ArAeAUARANAFAEABAC
3519071001004,BkBrBsBpBjBYBTBLBFA1AhAcAWAMAKAFAFABAABiBcBqBxBiBWBVBQBFAxAlAZAUAQAMAHACADAA
3519071001005,CGB/BmBgBiBtBXBLA3AqAeARAJAPACABAAABAACHB+BrBkBoBjBZBJA0AmASATANAHAJADAEAFAA
3519071001006,CBCCBuBZBdBnBoBQA8AlAeAQAPAHAEAJAAAAAAB5B3BiBbBnBqBeBMA3AoAhALALALAKACABAAAA
3519071001007,BRBQBiBtBlBXBLBMBQBCA4AaAYASAIAEAHACAABMBOBfBpBkBSBSBUBMBFAuAiAbAPANAMAEAEAB
3519071001008,BaBRBeBrBkBZBVBJBIA+A2ATAWAQAKAHAFADACBSBWBZBnBpBbBWBRBNA7AnAeAXAWAQANACAFAA
3519105001001,BNBaBVBkBWBhBKBLA7A8AuAuAZAsAaAGAKAGAABNBLBRBgBlBGBIBEA8A9A0AoAeAgAfAUAQAFAD
3519204001001,BOBUBkBmBVBOBTBRBJA4AwAiAiAYAdAJAFAEAABMBUBiBbBQBDBRBRBFA3AqAqAjApAVAQAGAFAD
3519253001001,CIBmB6B/BUBlA3BBBKA6A4AnAjAQAEAJAFAEAABiBbBmBgBZA6BOBEBBAtAnAPATAUAKAKADADAA
3519303001001,BmBfBsBpBjBaBTBMBBA0AjAhAbAUALAHAEAAADBfBhBsBiBdBWBRBNBAAuAiAeAcASARAHAEADAB
3519402001001,BEBPBaBfBTBIBLBMBIA1AsAwAtAfAWAUAKABABBHBMBZBYBRBJBLBIBNA7AzAwAqAiAhATAQAKAD
3519501001001,BZBhBkBZBSBMBYBJA7AwAoA2AiAfANAQAKAJADBXBWBTBYBOBLBWA+BDAxA5AuArAbAXAOAMAFAB
3519600001001,BLBTBeBnBbBSBMBNBDA4ArAoAiAWAXALAGAFABBKBNBeBgBaBSBQBSBGA4AsAvAjAgAYAPAGAEAD
3519709001001,BgBgBpByBiBQBIBNA9AyApAgAaATAQAIACABAABgBfBlBzBfBTBQBOBDAxAvAXAfARASAFAEADAC
3519709001002,BrBqBuBsBdBYBOBLA+AxAtAkAlAXASAGADABAABnBiBqBmBXBOBHBEA2AmA0AeAeANAKAGAEABAA
3519808001001,BZBPBrBoBbBUBFBMBDA5A5AbAjAVAWALAFAFAEBRBZBgBbBaBJBNBHBFA+AsAmAoAUAQANANADAC
3519907001001,BSBaBdBgBKBLBIBJBAA5AmAvAuAeAZASALAEABBSBZBaBdBRBJBSBNA+A0AvAsAkAjAdAMANAHAB
3520004001001,BYBdBkBnBXBbBfBXBFAyAjAeAcAVAPAIADACABBWBYBnBoBoBYBRBQBAAwApAYAdATAOAMAEACAB
3520103001001,BQBSBdBcBhBQBNBQBFA0AwAiAeAeAPANAGAGABBMBTBZBhBZBPBRBOBGA5AxArAmAeAZARAKADAC
3520202001001,BjBfBmBqBZBQBPBLBFA/AxAlAmAYARAJADABABBfBgBiBgBWBPBNBGBBA1AiAfAXAUARAMAGACAC
3520301001001,BiBhBlBtBdBPBEBFBBAzAlAtAiAcAcAKAGAAABBeBeBjBjBVBJBEBCA5AxAzAjApAXAQARAGAEAC
3520400001001,BtBgBgBuBxBiBaBQBBA0AoAeASATAMAGAGABAABbBbBgBpBhBcBTBMA4AtAiAbAYAPAJAJAFACAC
3520426001001,BTBcBlBmBWBCA/BJBCBGA+AsAdAqAYAIACAAAABRBgBiBaBSBTBEBLBIA7AxAmAkAYAYAGAAAEAD
3520442001001,BNBSBcBiBfBUBOBIBDA8AuAxAiAYAPAIADACABBDBOBSBiBkBfBVBRBPBDA5AsAjATAJAKAFACAB
3520509001001,BwBsBpBlBtBhBgBQBBAwAjARAQANAMACAFAAAABpBmBgBuBnBdBaBNA5AuAYAaAXAJAHAHACAAAB
3520509001002,BzBoBoBrBkBdBYBSBDAyAkAWANAOAGAMABAAABBjBiBkBtBiBaBXBQBHAvAgAVASASAJAGABACAA
3520509001003,A7A+BOBhBaBOBGBJBHBDAyAyAiAhAaALANADACA3A6BKBcBaBQBPBQBPBKA/AvAwAiAlAYAIAJAC
3520509001004,A6BCBYBdBZBEBHBNBMBHA1A0AiAaAUAJAIADACAwBFBTBjBdBGBNBZBXBNBFAoAtAaAbAaACAHAD
3520509001005,BYBXBbBiBpBeBRBJBBA4A1AdAbAOAQAGAFADABBOBVBaBgBsBZBQBPBEBAA3AcAZAgAMAMAFADAA
3520509001006,BjBfBiBjBlBkBdBUBGA1AqAWASASAQADAEAAAABfBjBjBeBfBbBaBRBFAzAsASAVAPAMAGAEACAB
3520509001007,BQBhBtBkBLBFBVBkBNA3AzAgAmAVANAHADAAADBTBcBoBbBLBMBcBXBJA7A3AVAYARAVAGAEACAC
3520608001001,BFBmBgBqBhBEBYBFA6AnA3AlAsAcASAdAJADAABVBFBuBIBRBbBDBQBDBCAnA3AcAgAPANALADAC
3520707001001,A5BSBWBhBRBMBHBFBJA7BEApAxAVAnAJAKAKAABHBFBaBiBPBFBJBBBRA5BAAyApAiAYAFAYAAAH
3520806001001,BKBZB0BVBwA2BUBZBAAsA1AdAZAtAbAFAQAJAEBUBFBRBfA7BnBMA9A+BHAyAmAgAlALARASAHAE
3520905001001,BeBbBaBfBfBOBOBJBAA7AvAjAkAWAWAJAGAEABBXBWBgBhBTBQBEBMBEA0AvAqAbAjAdAMAGAIAB
3521002001001,BfBjBrBvB3BmBWBTBGA4ApAeAZARAMAIAFACACBbBcBlBmBSBJBBBIBAAyAoAWASARAVAFAFAGAB
3521101001001,BaBsBeBhBvBVBcBAA/AzAvAdAnAdAWALAEACAABYBcBZBoBOBPBBBWA8A2AhArAjANAWAGANAAAC
3521150001001,BXBWBeBYBgBbBWBEBEA9AzA4AUApATAOAFAAAABRBZBWBTBXBIBFBXA7A4A0AfArAPAhARAHAAAC
3521200001001,B5BwB7CBBgBAA9A3AyAvAjAlAsAVAXARAAAAACB2ByBzBfBSBSA1BJAmAqAgAeAfAWANAIADAJAD
3521309001001,BWBaBjBpBrBfBUBLBCA2AvAfAZAZAQAIAGABAABbBUBfBiBaBVBMBLBBA4AuAeAaAZASAJAEAGAC
3521408001001,BNBSBkBkBYBYBXBYBXA3AsAhAgAPASAJAFACAABRBQBTBkBbBQBTBYBBA5ApAlAaAaAXANALADAB
3521507001001,BUBTBhBkBlBKBMBFBKA9A9AkAcAeAZAQAKACACBLBLBYBiBVBGBIBLBABAAsAoAjAmAVARAFACAD
3521606001001,BCBPBaBcBWA9BGBJBDA+AvA3AzAoAbAZAJAGADBBBKBeBWBOBDBDBEBBBCAuA9A0AgAjAPANADAE
3521705001001,BnBoBsBmBWBKBMBLBDAzAgAtAZAYAcAMAEAAAABmBmBmBqBLBMBRBFA5A1AnAjAiAVARAOABABAB
3521804001001,BkBgBsBrBgBSBLBOBFA2AqAkAbAWAPALAEAFABBgBdBjBnBcBMBNBIA5A4ArAZAZAcARAGAEADAB
3521903001001,BGBIBVBZBWBMBLBQBFBCA2AxAjAgAiAVAIADACBABNBTBaBVBLBPBHBIBCA5ArAhAoAfAQAJADAD
3522000001001,BKBCBXBpBHBTA9BLBjBRAvBAAmAdATAXAMADAABGBVBcBZBMA2BLA3A3BYA/AiAlAdARAeAAAIAE
3522109001001,BoBiBoBsBfBRBFBDA6A0AoAiAZAXALAIADABAABiBkBoBvBgBUBLBFBCA5AtAhAXAUAXAJAFADAC
3522109001002,B8BvBwBrBWBXBIBCA5AvAsAeAdARAVAGABACAABxBrBiBlBXBWBIBBA8AzAoAiAkARAMAAAAAAAC
3522109001003,BJBQBdBuBTBEA8BBBDA6A6A0A7AdAZARAGADAABXBNBPBEBQA2A9BEBSA9A3A8AsApAeAVANALAD
3522109001004,BZBXBXBmBUBLBCBCBGA9A2AlAtAZATAPAGAEABBVBRBZBgBaBKBDBLBFA7AzAvAqAdAZAMAHAJAA
3522158001001,B1BrB0B1BFBFA6A/A2AwAiAzAfAoAlAEANACAABtBmBsBpBKBEA6A4AyAsAnAsAnAYANAPAJAMAD
3522208001001,BnBeBdBlBoBeBjBHA5A5AgAdAQAIAEAKAAACAABoBSBbB0B0BjBQBOBEA4AlAeAaASAEAKAFAFAC
3522208001002,BnBiBqByBnBUBWBEA9AxAlAXARAOAKAFACAAAABqBnBqBxBjBXBWBSBBA1AnAVAVAQALAFADACAA
3522208001003,BiBiBkBlBeBcBUBOBFA2AmAjAYANAFAFABAAACBlBhBbBlBkBjBcBQBDA3AjAgAVANAGAOAFACAB
3522208001004,BwBlBsBsBjBdBRBEA4A0AoAYAVAHAGAEAEAAAABtBmBnBuBvBkBSBHA/A1AgAbAPAPAKAHADACAB
3522208001005,BjBkByBkBgBVBUBNA/A5AjAfAbAQAHAEAFACAABuBlBhBpBgBaBJBABBAwAyAZAbAKASAIADAFAC
3522208001006,B8BzBsBtBhBdBcBEBBAvAgAUAMAHAEACABABAAB0BsBuBxBpBhBYBNA8AxAbAVALAJAEAEACABAC
3522307001001,BeBfBnBqBZBPBJBIBCAzAsAgAYAXAOALAFACABBbBdBgBqBdBQBOBMBIA6A0AgAaAWAQASAEAEAB
3522307001002,BZBWBcBuBdBNBHBIBHA3AjAuAfAJAYAHABAAABBaBcBbBvBdBQBMBTBGBAAoAsAYAeAVAHALACAD
3522307001003,B9B0BvBtBiBUBLBIA9AuAjAYASASAJAGACABAAB1BtBxBmBbBTBOBIA8AuAhAZAWAKANAHAFABAA
3522307001004,BYBdBoBoBVBOBLBUBDA7AoAiAXATAOAJAJACABBSBaBhBmBaBRBTBQBLA8AsAjAkATARAKAJABAD
3522307001005,A2A4BKBcBVBFA1A7BKA9AzAmAhAuAlAQAIAFACAyA/BJBhBeBCA5BOBOBMBOAwAxA/A5AfARAKAC
3522307001006,BgBeBiBsCNB5BjBXBDA1AkAqAcAeAQAPAHABAABVBbBcBcBOBFA6A6A5AoAgAkAYAUANAGAHACAA
3522406001001,BlBlBkBqBbBKBHBHA9A0ApAbAeATAPAIAEACABBeBkBnBrBhBRBOBQBCA2AoAkAcAWAUAKAGADAC
3522406001002,B/B0BxBvBaBOBQBNA1AuAoASAiATARAJAFABABB8B7BrBaBWBNBOA7A2AmAcAcAcASASADAFACAA
3522505001001,B8B4BxBuBjBcBXBIA8AzAhARAKAKACADADABAAB2BxBwBvBkBbBWBKA9ArAcAWAOAKAGADABAAAA
3522505001002,CEBuBxBtBiBaBUBKA/ArAfAUAJALADADABACAAB8B1BxBwBkBeBXBHA3AtAdAPAOAKALAFAAABAB
3522505001003,BkBdBgBoBkBUBRBJA+A0AvAYAbAMAKAFACADAABfBeBlBpBmBaBVBKBGA5AuAeAYARATAHAHACAB
3522505001004,BzBrBiBsBlBWBTBKA6AvAmAVAUAIAIAEACACAABtBjBqBtBwBcBZBJA8AxAoAaAaANAFAEACADAB
3522505001005,BvBqBxBtBlBeBPBCA9AwAiAWAMAHAFACACAAABBxBoBrBxBoBVBWBJBFA7A1ARAOAPAJACACACAC
3522505001006,B/B1BsBnBgBhBZBGA4AuAeASAPAIAGADABAAAAB8ByBuBvBnBiBUBLA6AqAcAZAOAIAKAFAAAAAB
3522505001007,CFBxB0BrBZBQBPBHA7AsAiAgAVAOAHAEACABAAB5B2BqBmBcBVBVBCA/AvAqASAOAPAIAEACADAD
3522604001001,BJBRBbBfBYBRBRBNBIA/A2AoAgAaARAPAIAFACBKBRBWBcBVBLBPBMBHA8AyAoAkAgAaASAIAHAC
3522653001001,B5BuCEB9BhBSA+A3A0AlAxAjAkARAUAJAEAFADB5BxBiBpBNBFBAApAuAvAuAcAdAZASADAHAKAA
3522703001001,BHBTBfBiBWBQBQBOBAA4AzApAkAeAVARAGAFABBJBRBZBbBUBQBPBLBGA6A1AnApAgAbARAHAFAC
3522802001001,BZBeBvB1BbBBBABFBDA3AwAlAdAdASARAHABABBaBXBpBoBUBFBEBGBGA5AuAiAiAeAZAGAHAEAB
3522901001001,BcBVBhBqBbBYBKBLBKA4AuAfAjAWAaARAEAEACBQBZBRBeBRBLBNBIA/A4AtAgAlAgAYARAJAGAC
3523008001001,BgBmBqBoBcBYBJBCA3AyA5AlAiAgAWAOAKADAEBbBbBZBTBaBQBMA3BAA1AxAlAgATANAFAUAHAD
3523107001001,BvBrBrBvBgBZBUBFBAAuAhAWAPAPAFADAEAAAABtBpBuBuBkBcBVBOA7AvArAXAVAMAJAKAEABAB
3523107001002,B0B2B4BwBfBOBRBJBCAuArAIASAFAGADAAAAAABrB0B7BwBaBWBaBRBBAsAmATAPALAIAFAAAAAD
3523107001003,B/BwBxBsBnBWBVBJA+A0AlAPAKAJAJACABABAAB2BtBwBvBiBYBWBNBCAtAcAUANALAHACACABAB
3523107001004,BvB0BiBzBmBWBSBCA9AuAhAcANAOAEADABAAABB0BXBmBuBxBlBRBLA9AxAoAZAUARALAHADAAAB
3523107001005,B/B1BxBpBpBeBXBGA5AuAiASAMAIAHACABAAAABwBxBxBpBkBeBWBIA8AsAhAVAUAHAJAEADABAA
3523107001006,CQCAB1BlBZBZBgBMA8ApAZATANAEACADADABAACJB+BxBiBbBhBYBMAzAoAYASAGAOAFAEABAAAB
3523107001007,B9B5B3BxBeBSBOBGBBA3AeAaAKAKAKAAABAAAAB3BzB2BwBdBRBNBJBFAwAjARAPAHAHAEAAABAA
3523107001008,B8BxBuBoBeBeBfBNBBAuAbAUAIAMACADACAAAAB1BtBuBrBgBfBeBTBAAtAaATASAIAFADADABAB
3523107001009,CFB/BzBjBXBVBfBTBCApAeASAMAIAEACADAAAAB6B+BzBsBWBXBiBUA0AmAgALAMAHAKADAAAAAB
3523107001010,BzB5B3B0BcBSBKBDBCA0AmAWAMAHASADAAAAAABsB3B2ByBdBTBTBKA+AtAdAZAYAJAMAAAAACAA
3523107001011,B0BvBqBsBgBWBSBLA/A4ApAaAOAJAEAAAEAAAAByBtBpBoBlBWBUBLBCA3AeASAQANAHAIADACAE
3523107001012,BcBeBhBnBfBWBUBMBGA3AoAgAVAQAIAIABACABBcBbBhBqBgBaBVBTBLA6ArAfAXAQAPAKAGADAB
3523206001001,BoBtBrBkBUBOBIBCA8AzAnAiAcATAQAOAFAEABBlBqBlBmBVBQBIBKA9A0AoAjAbAdAUALAHAFAB
3523305001001,BzBvBsBwBcBNBEA9A3AtAhArAZAcANAJADAFABBlB0B/BjBcBEBEBEAwAmAqAlAeAaAPAKAHADAB
3523404001001,BGBHBUBfBhBSBRBOBKA3A1AjAhAbATANAHADACA/BGBYBeBcBTBYBVBIBBAuAxAqAfAcAQAIAFAB
3523404001002,BaBYBhBqBjBYBUBSBLA6AqAbAWAQAOAFADACAABYBbBiBnBkBUBaBRBIA3ApAbAYASAMAKAGABAB
3523404001003,BXBXBhBiBhBaBSBQBFA0A0AdAZAZAOANAKACAABWBVBdBeBeBWBRBLBDA4ApAkAZAdAVAKAHAEAB
3523503001001,B0BkBvBoBcBUBXBIBBAwAlAeAVAWANALAHADABBlBpBoBkBYBPBNBBA4AyAhAgAaAWARAJAGACAC
3523602001001,BQBYBVBaCXCGBvBZBDA1AoAlAgAVASAKAGABAABKBWBZBZBMBLBDBAA1AtAiAgAeAYAZAQAEADAB
3523701001001,BoBmBgBtBkBJBDBIBAA9A3AqAgAcASANAAAEAEBbBkBlBWBQBPBEA7BCA5AuAZAfAZATAQAEACAC
3523800001001,BbBdBmBtBiBNBGBSBCA7AuApAcAgASALALAGAABQBZBmBlBVBBBGBGA/A2AgArAbAZAeALALACAA
3523909001001,BSBYBhBmBlBcBXBPBFA2AzAYAfAUAQAHADABAABPBQBZBiBhBaBVBQBFA5AuAjAXAWAgAKACABAA
3523909001002,BJBWBXBmBfBRBLBPBKBCAuAhAcATAPAGAEABAABMBPBcBrBjBOBSBXBVBBAuAiAXAdAVAMAEAHAB
3523909001003,BGBQBaBlBfBQBGBTBKA5AtAmAlAQAaAPACABAFBFBCBUBfBYBRBLBbBSA9A9AeAiAmAZAQAGALAB
3523909001004,BjBlBgBkBvBlBUBOBCAyAnAaATAMAIAFACADACBgBdBhBpBrBkBXBKBDAzAhAgAWANAMAGACACAB
3523909001005,AwA5BJBiBXBDA+BDBIBCA6AsArAnAjAQANADAAAxA1BGBaBVBCBJBIBUBIBLAsA5AxAmAiASASAI
3523909001006,B3BsBpBuBjBdBXBKA9AyAlAnAgAQAIAKAAACAABzBrBjBiBjBSBNBAA0ArAdAdAQAOAQALAAAAAB
3523909001007,B7BwBuBlBdBVBhBMA+AsAaAZAWAMAIAGADABABByByBpBtBXBZBYBMA7AsAaAaAOAOAPAHADABAC
3524006001001,BiBdBoBrBoBaBWBRBFA5AnAfAXASANAFAFABABBXBfBdBpBeBaBQBQBDAzAmAcAZAPALAIAFACAB
3524105001001,BQBVBfBsBdBLBGBHBEA6AwApAhAbASAJAGADACBNBOBWBiBbBMBLBNBIA+AxAvAtAXAVAQAMAEAA
3524204001001,BKBZBiBqBeBXBaBNBCA6AyAhAmAbAOAPAIAEAABQBQBpBUBTBNBMBIA/AzAzAmAjAjAMAKAPACAE
3524303001001,BPBVBeBhBcBPBMBKBEA5AtAoAdAZAWAKAFACABBNBRBYBhBcBSBPBOBJA+AzAmAfAgAYAOAMAHAC
3524402001001,B1BpBoBbBfBmBcBVA6A4AoAXANAGAGAAACACAABsBhBcBfBpBvBdBSA9AvAnAUAVAKAKAGADAAAC
3524402001002,BnBtBjBrBhBTBYBPBHA6AlAaAaAIAOAFADACAABrBmBlBkBbBaBYBSBBAyAiAbARAOALADADADAA
3524402001003,A8A9BJBcBgBSBFBGBABBA8ApAkAeASATAKAFACA7A7BMBYBfBPBIBNBLBPBIAxA0AlAeAUAUAFAE
3524402001004,BIBQBYBmBiBOBMBLBIBBA1AoAeARAOAKAEADAABIBMBVBgBiBSBTBVBPBIA4ArAeAdANARAEADAC
3524402001005,BaBeBeBgBYBaBWBRBHA0AtAfAXATALAIABABAABXBZBdBhBdBcBaBZBDA7AqApAZAVAMAKAGACAC
3524402001006,BIBGBQBiBdBTBLBQBGBEA/AjAgAYAQAIACAEAABDBGBQBgBiBbBSBUBRBKA8AqAiAVAWAMAIAGAB
3524402001007,BnBmBpBoBZBVBaBPBMA5AmAdAKAPAJADAFACAABgBfBkBrBhBYBXBYBJA3AmAUATAQAFAGAGACAA
3524402001008,BrBwB1BqBXBRBRBSA8A3AiAeAcATAQAFADABAABiBlBgBjBhBPBNBKA+AxAlAiAcAPANAEAIAEAA
3524402501001,BuBoBeBnBkBdBcBKA+A4AmAfAaAHAJAIADABACBiBlBhBlBpBaBTBIBAAyAmAbAWAPAIAKACAAAD
3524501001001,BPBLBfBrBuBRBVBTBFBCArAiAdAeASADAPADAABNBLBuBZBXBXBTBWA7AuAkAnAwAJAOAPAJAGAD
3524600001001,BoBzBqBsBaBQBKBGA/AxAqAhAhAWATAFAHACAABjBpBqBrBgBGBIBEAvAuAoAfAbAVATAOAEABAF
3524709001001,BUBXBfBlBpBcBPBOBGA5AqAmAYAXATAIAFABAABTBSBYBiBgBWBVBQBKA5AlAlAXAbAMARADAEAB
3524808001001,BIBQBZBlBcBNBNBLBGA6AvAsAmAaAWAKAIAEABBCBJBUBgBZBRBSBTBKBAA2AuAjAhAUAOALAEAC
3524907001001,BXBnBxBPBbBNBNBUBCA0AmA6AjAeAOAbAFAHAABaBaBPBwBUBYBOBCA6AsApAsAlAWANACABAJAC
3525003001001,B+BoBjBkBrBtBlBMA9AoAbATANAMAAAAAAACAAB2BrBjBrBtByBgBIA6AmAWAaAMAIAEAEAHADAA
3525003001002,BzBoBrBtBoBZBXBLBGA2AgAVAKAGAFACAAAAABBtBpBxByBnBeBYBRBJA0AcASANAGAFAEACACAB
3525003001003,BbBVBgBoBpBcBWBJBAA6AvAaAWAMAIAEAEABAABcBXBdBrBoBdBZBSBJA5AwAfATAPAOALAEABAC
3525003001004,BwBrBqBtBqBbBeBJA/AzAiAVAQAHAIACACAAAABsBmBsBxBkBdBYBNA9AvAeAXAQANAKADACAAAB
3525102001001,BcBqBfBnBZBQBOBGBDA7AuAjAcAVAYAHAIAAABBYBVBiBfBYBOBMBNBFA7AzAeAYAjATAKAFAEAA
3525201001001,BcBpBrBxBlBWBSBEA6A4AwAkAaAWAVAJADABABBfBdBfBrBZBQBJBIA3A4ApAcAZAVAPAHAJACAB
3525300001001,A7A1A+BXBaBKA7BBBAA8A6AlAnAwAqAZANAHAFAyA1BCBRBTBDA+BCBNBCA+A6A7BCAxApAdAIAH
3525300001002,A6A/BHBiBdBNBGBHBHBCA3ApApAmAbASAKAEAAA4A+BMBiBYBLBHBNBLBIA4A0AvAuAeAYAQAGAE
3525300001003,BVBWBiBrBrBaBIBIBIBCAsAjAaAQANADAEADAABYBXBZBvBeBSBPBLBNBEAnAkAeAOAOAFAJADAC
3525300001004,BWBeBrBlBbBRBQBcBTA8AyAYARARAQAHABABACBVBYBeBjBVBSBZBfBIA7ArAbAbATANAGAEACAB
3525300001005,BnBgBkBqBsBgBPBNBDAzAmAgAZAYALAKAEAAAABpBnBjBmBfBRBPBEA6AuAYAlAXATAJAQAGAAAD
3525300001006,BKBRBYBdBWBOBYBVBQA9AqAlAWAZARANAIACACBGBPBUBcBWBXBcBbBPBCA0AeAfAbAWAPAJAEAB
3525409001001,BeBpBcCOBnBcBjAnA9A7ArAhAnAYASAIAMAAAABiBiBvBNBeBNBYA1A+AfA0AVAbAXALADAEAGAD
3525508001001,BMBdBgBjBUBRBMBMBFA+A8AjAnAaAPATALADAABFBXBgBhBTBMBIBOBDA4AuAmAeAfAUASAKAEAC
3525607001001,BcBnBvBgBoBMBQBGA8AsAwAWAlAfALAJADAJAABQBqB2BjBJBSBdBSA6AqAeAkAcAaARAKAFAJAA
3525706001001,BSBZBhBkBZBQBMBMBEA6AvAoAeAcAUANAGACABBSBUBaBcBcBNBRBPBIA1ArArAgAeAVAPAHAEAC
3525805001001,BcBsBgBoBVBLA4A+A2A1AqAmAbAPApAUALACADBmBeBsBnBSA/BYBBA8AvA8AdAfAcAXAZAGAAAC
3525854001001,BJBXB5BfBtBWB6BRA9AwA0AQARAaAbAXAJAAAABIBbBhBYBNBLBJBSA9AoAqAhApAXAgARAEAAAA
3525904999001,BEBEBXBiBgBSBPBGBKBBA5AnAlATAVAHAGAAABBCBJBUBnBkBTBPBNBRBEA9AqAmAcAUAJAJAAAF
3525904999002,AzAxBBBVBUBMBNBOBDA+AsA5AuAsAYAOAPAEADAsAuA8BUBbBWBOBSBPBLBBA/A4AtAlAiAUAIAE
3525904999003,BOBLBTBbBiBoBaBOBHA8A3AcAeAOAQAEADAEACBRBKBPBiBoBeBWBTBOA7A7AZAgAXASAIAJAEAD
3525904999004,BeBXBYBZBYBYBmBYBMA6AoAeAUALAWAMACAAAABUBUBVBYBSBhBlBcBMA2AkAkAhAYAQAMAEACAA
3525904999005,A0A6BJBeBYBFBDBIBLA+A5ApApApAdARALADACAxA2BGBZBXBHBKBSBUBFA/A2ArA5AtAcATAIAD
3525904999006,BPBcB3BrBRA+BSBhBSA8AqAVAVANADAFAEABAABJBaByBzBLBCBnBqBcA8AwAbAVAOAKAFAHACAA
3525904999007,BIBGBQBnBhBbBNBKBHA6AuAuAkAWAWADAJADABBDBEBNBjBmBUBNBRBLBBA6AsArAfAbAOAGACAA
3525904999008,BXBZBdBiBaBTBZBUBGA5AtAjAXAMAMALAFABAABTBYBfBiBfBbBXBSBNA6A1AaAiAOARAMADADAA
3525904999009,BNBTBaBlBjBbBXBFBIA8A2AfAgAWATAGABAAAABLBOBZBrBiBUBRBSBNA5A0AjAfAUAQAJAKAEAB
3525904999010,BPBPBVBhBnBSBJBBBEA5AvAoAmATAVAPAHADACBHBGBSBjBhBSBKBHBJBBAwArAsAkAbAUAHAEAF
3525904999011,AqAuA6BOBIBFA2BLBEBFA3AoAjAsAoAXAPAGACAnAtA/BQBTBFBIBXBVBJA+A8AyBLAxA3AiAWAG
3525904999012,BABHBQBXBYBOBUBZBKA/A5AdAfAbARAKAJAFABBDBOBLBVBTBUBWBeBUBAAxAyAmAhASAVAPAGAH
3525904999013,BGBFBQBaBlBTBRBKBFA8AwAuA2AbANAMADADAABDBBBGBdBgBRBPBNBJBDA9AzAnAaAhATAOAEAC
3525904999014,A3BBBSBhBfBDBEBDA/A8A+AsAoAtAbAJALADADA5A6BKBgBXBaBDBLBLBIBGA4AyAlAmAUAMAAAB
3525904999015,BjBiBhBkBgBhBdBXBJA4AqAYAPASALAEACAAABBgBbBeBdBdBjBdBUBGA2ApAWATAPAMAIACACAB
3525904999016,BYBYBcBmBqBbBVBNBGA5AyAgAnATAKALADABAABWBWBZBiBlBYBNBHBFA3AmAkAbAQARAJAEAIAC
3525904999017,BhBhBiBlBkBaBXBQBKA7ApAfAeAMAKAHACABABBXBeBhBjBhBYBUBUBIA0AgAmATANAOAJAFABAA
3525904999018,BLBPBZBiBhBRBQBMBNBBAyAnAhAYATAJAFADAABKBMBYBcBbBVBNBQBIBCA4AiAgAeAYAKAHAHAC
3526001001001,BEBSBWBZBnBYBTBOBIA/AuAvAmAfAiAcAHACAEA4BLBRBTBJBEBKBHBCA4A3AxAvAsAXAOAGAKAB
3526100001001,B0BrBvBvBdBJBFA9A6AzAsAjAbAXAWANAJADAABpBpBsBmBWBIBJA/A3AvArAbAmAOAUAJAEABAB
3526209001001,BwBrBuBnBbBXBOBEA6AuApAfAVAaAMALABACAABwBtBxBlBfBWBMBGA1ArAfAjAXATAMAGAGAAAE
3526308001001,BVBoBlBoBVBGBKBGA4AyA3AuAuAaAoAVADAFAABPBVBfBaBLBKBGBEA1AwAsAwAqAiAUASAHAEAB
3526407001001,BPBSBhBoBYBNBLBLBEA5AvAlAgAcAhAMAHACABBNBSBdBdBXBOBJBMBBA6AqAwAlAfAbAVAJADAA
3526506001001,BTBLBcBdBQBXBYBKA+A8AsAtAiAmAYAJAKACAFBOBhBbBbBQA9BRBJBAA1AsAyAuAcATAPAKAKAH
3526605001001,BwBcBzBuBbBeBQBEA/AvAoAeAcAUASAJACACAABmBtBpBhBfBNBNBLA/AyAaAkAUAVAMALAAAEAA
3526704001001,BGBJBaBlBaBNBFBMBFA9AuAxAjAaAeAIAEAHAAA+BKBUBmBYBJBPBMBJBBA8ApAqAhAmAPAEAGAD
3526704001002,BzB1BqBtBkBhBaBQA8AzAlAWAWAJAJAFAAACAABvBlBrBpBgBUBRBKA8AuAdAYATANAFAIAGACAA
3526704001003,CDB/BwBqBvBjBaBFA3AqAMAqAHASAKAIAAAAAAB5BzBvBlBWBXBOBCA2AnAdAZAPAOAKADAEABAA
3526704001004,BXBhBqBzBoBPBPBNBGBCAvAhAZAWAHAKACABACBTBcBoBmBbBNBNBOBCA3AtAbAaAQAKAMADAEAC
3526704001005,A+BCBaBfBVBKBLBMBEBAA5ArAsAXAZAMAIAFAFBABHBTBbBSBNBLBOBKBCAyA5AzAkAUAiAIAEAA
3526803001001,BbBeBlBnBfBTBSBPBFA3ApAgAUAXAQAJAEAFAABaBYBgBnBfBRBQBNBCA2AtAfAaAaAQAMAHACAD
3526902001001,BaBSBSBhBkBjBUBCA+A6A0AiAeAbARAOAFADAABTBMBVBgBiBbBPBEBAA9AsA5AjAWAOAOAGAEAD
3526902001002,BVBfBpBxBpBWBLBIBNBDAoAiAVANAMAIABABAABVBZBeBvBjBaBMBRBNA+AuARAaAMAOAJACAAAB
3526902001003,BaBcBmBpBXBVBgBYBPA+AqAWAXAIAOAEACABAABXBYBgBoBcBbBfBeBMA0AhAbATATAIAIAEACAB
3526902001004,BgBdBdBkBjBhBlBPBHA2ApAWAdAKANAHADAAAABdBhBbBeBfBfBgBQBDA1AmAgAbAQAHAFADADAC
3526902001005,BQBRBeBdBYBQBSBYBOBEA0AiAcAUASAGAEABABBOBTBZBgBYBRBaBWBTA8AzAiAXAaAPANADAEAB
3526902001006,BmBiBeBtBlBoBTBEBCA3AfAdAPARAHAGAEACAABiBjBjBnBnBiBUBOBIA2AlAcAYAMAEAIAHAAAA
3526902001007,BKBPBcBlBYBIBSBSBYBDA4AdAbAWAQAHAFABAABJBKBlBgBXBRBUBeBYA+AuAmAYAVAQAMAKAEAC
3526902001008,A5A/BJBUBSBOBKBIBIA+A4AvAmAnAmASALABAAA7A7BKBZBTBNBNBJBPBEBCAsA8AmArAXARAEAB
3526902001009,BcBgB3B3BpBNBQBPBGA6AmAaAQAOAFAEACAAAABZBiB2BuBaBPBRBYBNA7AnAXATANAKAEACAAAA
3526902001010,CMB8B0BgBcBiBdBRA8ApAbASAMAHAGADAEAAAACGB0BwBiBkBfBfBIA1AkAWATAOAIADAFABAAAA
3526902001011,AxA1BGBgBWBEBCBCBCA/AxA8AmAuAkASANAFACAwAzBFBVBXBIBHBMBVBHBDA1A0A7AjAeAYAOAG
3526902001012,AzA2BJBXBQBLBEBMBMA9A7AsA6AeAcAMAIAGAAAzA2BHBTBXBOBMBWBUBGBAA5AqAyAtAYAQAKAH
3526902001013,BNBRBkBlBSBMBSBNBKBDA3AvAjAfAeANADAAAABOBPBcBbBNBMBQBOBIA6AmAzAaAdAhAHAFAAAB
3527009001001,BUBVBWBdBZBeBOBDBAA+AoArAiAnAcAIAEAHABBLBPBVBfBWBOBNBNA5BBAlA5AsARAXAUAGAJAC
3527108001001,BPBPBZBkBaBNBIBJBEA4AxAhAgAaAVAPAIADABBJBLBRBfBaBPBOBPBKBCA5AnAlAoAeASAJAHAC
3527207001001,BHBPBYBoBXBKBFBIBBA5AuApAaAgARAPAIACAABIBKBVBgBYBLBJBSBKBAA4A4ApAiAbAeAKAGAB
3527207001002,BeBmBpBsBfBPBMBNBCAyAmAfAXAQAIADAEACAEBdBgBmBmBfBTBRBOBHA8AyAdAfAPANAHAGADAC
3527207001003,BqBvB3BuBiBPBJBLBBAyApAcAUAPAJAIADAAAABlByBrBkBaBYBOBNA7AwAeAlAYAKANAJACAAAA
3527207001004,BGBPBeBeBeBKBDBEBIA6A0AgAjARAUAKAJAEADBGBJBYBeBiBJBLBOBOBABFAtAoAgAbAWALAIAC
3527256001001,BRCdA8BNBTBUBPBOBHA/ArA9AmAdAPAOADAAAAA/BSBnBbBVBSBRBGBDA2AyAgAqAXASAKAIAFAA
3527306001001,BaBbBZBtBxBiBZBNBDA2AsAaAYASAKAGAIACAABXBYBbBkBsBcBWBLBAAzApAXAZAQAQAMAJAAAD
3527405001001,BOBRBcBdBtBdBPBOBEA3A1AmApAXATAOAOACABBFBSBVBYBOBLBNBGA/A4A3ApAgAmAZAOAMADAF
3527504001001,BXBiBqB2BaBOA+A8BHA/A0A2AjAMALASAMAFAABKBSBPBkBhBEA+ArBTBDBEAgAWAkARAKARAJAA
3527603001001,BvBzBpBlBaBQBXBWBLAzArATAaAOAFAGADADACBiBqBvBmBYBQBTBVA7AsAnATAWANAKANAEABAB
3527702001001,BVBQBhBuBSBKBNBGBAA1ArAoArAhAYAPAIAGAABQBZBaBYBLBCBMBZBJAxAsAzAhAjAlACALAGAD
3527801001001,BSBXBVCFBbBJBXA/BBBDAhAXAdAbAmAKAGAHAAB6BhByBcBZBIA8BSA5AmAfAlAdAgARAMAJACAA
3527900001001,BSBlBaCCBOA/A8BVAuBHA3AvAaAjAZAKAIAEAAA3BjBHBjBPBbBABbA0BEAzAiAjAdAoAHAHAAAM
3528007001001,BXBgBqBrBaBRBSBRBJAzAmAaArANAQAHAGAAACBgBiBnBqBUBPBUBPA5AtAtAeAjANATAOAGABAB
3528106001001,BBBKBUBcBWBRBJBTBEA9A1A2AtAfAhATAGAEADA8BDBTBjBJBCBQBKBHA/A8AvA5AbAeAMAJAFAA
3528205001001,BEBVBZBrBKBGBOBOBBBCAqA/AmAgAeAOAEADAEAxBMBSBwBlA9BFBBBXBGA2AoArAQAjALALAIAA
3528304001001,BBBMBTBnBbBPBNBFBQA8A4AvA5AnAhAGAJAAAAAyBRBjBVBVBMBbBIA8A7A2BPAmANATAFAFACAA
3528403001001,BiBlBmBjBeBWBXBMBFAzAoAgAUAUAMAGAFABABBhBeBkBmBeBYBWBRA9A1AqAeAYARANAJAGACAA
3528502001001,BhBiBjBjBgBRBOBNBGA7AvAhAWAVAPAHAEACAABdBbBiBlBfBVBQBNBDA3AwAbAZAUAOAJAFABAB
3528601001001,BUBjBtBcBYBIBCBSA+A9A7ApAjAfAOAQAJABACBNBUBYBgBQBOBNBLA8A3A2AqAiAdAVAPAEADAG
3528700001001,BWBfB4BTBcBRBPBHA5AzAqA0AeAnARAFACAGAEBaBhBiBvA/BFByA+A0A5AxAfAhAcAMAIADAJAA
3528809001001,BUBbBmBjBcBTBUBSBBA6ArApAiAUANAPAJABACBOBUBhBiBYBSBTBJBCA0ArAoAbAZARAOAGAGAC
3528858001001,BNBMBhBVBNBWBJBXBOBEA4AzAiAfASAPAAADAABTBKBYBoBSBMBDBKBAA9A0AgAgAZAOAUAaAJAE
3528908001001,BIBcBiBqBMBDBFBaBGA1A4AhAnAnAaAZAQAEAABCBfBYBVBEBABCBXA4A5AlA9A8ASAQAaAPACAD
3529005001001,BmBjBfBjBgBXBQBJA/AwAiAcAWARAQAJADACABBiBjBhBjBgBaBaBRBDA2AqAgAaAaASACAFADAB
3529005001002,BRBUBYBqBrBVBIA/BLBDAuAhAXAQALAKAIACAABQBQBUBsBmBWBHBSBUBGA0AiAcAZAQANAGABAA
3529005001003,BUBJBZBhBcBTBOBFA/A0A1AgAoAcATANAHACACBGBPBTBcBYBSBPBPBKA8AzA1AnAgAZAUALAFAC
3529005001004,BnBoBkBdBbBYBdBcBEAxAdAdAQARAIADAGACAABhBmBkBeBfBhBiBbBGAwAiAXAXANAKAEAGABAC
3529005001005,AxA5BCBZBYBHA9BIBEA7A2AyAnAoAiAVAGAJACAvA3BCBTBdBRBGBTBQBOA/A4A0AxAnAeAWAKAH
3529005001006,A3BABKBdBVBEA8BABLBCA9AoAZAoAeAXAFAEAAAyA8BSBkBWBLBEBUBWBLBBA0AjA4AiAkASAGAB
3529005001007,A9BJBSBoBbBJBBBJBKA4A8AjAkAfATATAJABAAA/BCBVBbBfBPBMBTBNBKAxA4AlApAfASALAEAD
3529005001008,BbBbBZBaBaBcBSBJA8A1AiAmAXAYAUAMAJAEABBVBVBUBcBfBeBYBPBBA4AqAqAjAgASATAHACAE
3529005501001,BeBXBeBdB2B7BjBWBFA0AuAiAjAYAPAIAEACAABcBdBZBVBUBTBKBCA5ArAjAiAYASAOANADAEAD
3529104001001,BYBbB+BfBEBdBRBRBJA2AaAyAmAXALASAOAAAABNBdA+BTBbBRBSBNBUAtApAkAzAbAPAaAAAAAA
3529203001001,BQBXBbBpBuBVBUBSBDAyAsApAgAXAVAIAKAEAABNBUBZBXBDBKBQBKBDA6AwAnAmAjAdAOAKADAD
3529302001001,BTBZBkBlBdBPBRBRBKA9AqAjAbATAQAKAEADABBPBVBkBjBaBTBUBUBGA6AsAgAcAXASALAHADAB
3529401001001,BYBWBjBlBiBVBUBLBHA/AzAcAVANALAJAEAAAABVBgBgBqBiBaBUBVBIA/AyAXAOAYALAKABADAC
3529401001002,BcBbBlBnBhBWBYBOBCA6ArAaATANAMAEADABABBeBcBkBpBkBfBZBVBIA4AqAbAYASANACABABAC
3529401001003,BiBgBkBlBiBbBcBKBDA4AmAZATALAGAJABABAABjBcBsBtBkBfBZBQBCA4AuAXAXANAKAGABAAAA
3529401001004,B5B4BrBnBhBeBZBSBEAxAgAQALAIACABABAAAABvBsByBqBmBdBgBTBDArAiAJAKAHAFACADAAAE
3529401001005,BBBEBTBfBaBLBKBNBQBEA1AiAlAWAUAKADABACA7BGBUBhBhBRBRBeBVBEA4AoArAdAeAKAJAGAE
3529401001006,BJBLBVBgBdBXBOBTBDA8AxAlAjAVAQAJAHAEAABHBKBZBbBcBXBZBVBPBEA2AnAlAZAUAPADAGAA
3529401001007,BwBtBtByBdBaBXBLBAA0AlAVASAJAFADAAAAAABuBkBqBwBjBXBcBUA8AzAhAYARAKAHAEAEAAAC
3529401001008,BiBaBdBnBoBdBbBKA+A1AsAbAWALANADACAAACBgBWBeBoBrBjBbBPBGA3ArAgAVASAIAFAFADAB
3529401001009,B9B2BzBoBmBaBcBKA/ArAYAVAIADAFABADABAACBByB6BvBWBgBYBPBCAqAeANALAMADAFABACAA
3529401001010,BpBlBkBkBmBdBWBNBDAxAiAbAVAIAJADACAAACBoBiBkBqBqBeBWBQBFA0AfAdASAOAHAJAHADAA
3529401001011,BXBUBiBjBZBUBVBRBCA7AoAaAWARASAFABADAABaBXBdBrBkBcBXBVBHA7AwAdAZAcASAGAGACAB
3529401001012,B4BwB0BnBcBgBcBPA7AyAhASAKAMAGADABAAAAB1BsBxBsBgBcBeBRA/ArAgAQAMAJAHADADAAAA
3529401001013,CNB3B5BlBhBdBXBFA2AqAYATANAMACAAABAAAACHB+B3BtBwBcBUBAA4AsAWAUAKAGAFABAAABAA
3529401001014,BVBUBgBnBkBYBZBQBCA3AoAiAdAOALAIADAAAABTBYBbBkBiBdBeBXBGA6AvAkAWAXANAJACABAA
3529401001015,BeBgBqBoBgBOBSBPBNA+AxAMAPAJAFAEAHAAAABZBhBqBrBhBdBaBdBPA/AzAMATAMAGADAGAEAA
3529401001016,BPBLBSBXBZBmBhBVBCA7AxAgAcAUAKAKAEABAABPBJBPBYBkBrBhBbBHA8A0AqAfAWARAJADADAA
3529500001001,BJBCBaB3BHBDBTBDBfAxAsAzAxAeApAYAKAAAAA3BIBcA9BQA4BWBUAyBMA1A7AyAlAaAXAHAAAE
3529609001001,BMBLBmBpBVBDBUBXBLAkAuA2AwAcARAYAIADADBKBTBSBNBQBYBGBJBCBPAtApAyAXAWATAAADAE
3529658001001,BbBSBPBlBgA+BQBCBEBFAdA/BDAQAfAUAAAFAABKBbBVBgBDBWBIBYA+AjAiA/ArASAcAKAQAGAA
3529708001001,BbBgBeBlBgBUBRBIBEA0AyAlAZAUAXAEAGAEABBbBaBYBjBiBRBOBLBBA3AzAhAfAZAMAIAFAHAB
3529807001001,BXBbBiBnBaBSBPBNBHA7AvAbAcAXATAOAEADADBXBgBeBnBaBJBNBHBCAyAnAdAdAiAUATAHAEAF
3529906001001,B1BxB1BrBfBMBIBAA8AxAsAiAgAVAQALAFACAABxBzBqBmBWBLBHBBA0ArAjAhAaASANAGAFAEAA
3530003001001,BBBNBkBqBSBQBFBPBOBGAuApA7AcAYAYAIAEAABGBIBOBgBMBTBWA7BHBDA9A1AaARAOATAHAEAA
3530102001001,A9BJBXBXB0BzBmBbBHA6AvAqAgAcATAVAIAEACA/BIBRBTBPBJBGBNA9A7A3AmAqAfAbALALACAC
3530201001001,BNBYB0BpBWBFBJBOA0AzAnA2AmAlAXASANAAACBTBbBWBiBNBGBLBIA4BKAzApAfAgASANACAGAD
3530300001001,BJBPBWBdBdBWBVBSBHA5AwAjAeAcAUAMAFADABBJBQBWBaBXBUBYBRBGA8A0AnAhAhAYAQAKAEAC
3530409001001,BTBYBYBbBmBMBRBRBHA5AvAyAmAeAUAWAAAAAABNBMBcBYBUBRBTBGBCAzA6AgAgAdAbAQAAAHAF
3530508001001,BRBbBhBpBcBOBIBLBIA8A1AkAkAVARAMAFAEABBMBSBcBjBWBLBMBLBHA7AzAlAfAdAYAPAIADAC
3530607001001,BnBqBpBvBiBYBRBLBBA0AnAbAXAKADAEADAAAABnBkBrBsBgBYBXBTBDA0ArAUAQAPAGAJADABAD
3530607001002,BkBiBnBoBcBUBQBOBEA1AqAcAWARAFAGABABACBgBcBfBpBiBbBZBWBIA5AkAgATASAPAHAFAAAB
3530607001003,BgBeBsBvBeBSBMBJBGA4AoAcAaAQAIAFAFABAABeBVBgBpBhBTBUBSBMA8AxAZAYAVALAKAFAFAB
3530607001004,BTBcBkBuBcBOBKBSBKA6AhAmAbAMAPAAADABAABYBWBoBnBYBWBRBdBQBDAnAoAWARARAIAGAAAC
3530607001005,BxBmBoBoBlBhBIBCA8AxAgAdAVANAGAGACABABB2BmBiBxBmBcBOBKA/AwArAaAZANAPAGAAAFAB
3530607001006,BKBMBSBhBWBOBLBNBCA5AzAmAgAeATALAIAFAABGBKBSBbBfBXBRBPBHBDA5AuAsAeAaAUALAEAD
3530607001007,CAB4BvBlBdBZBeBMA9ArAgARARAJALAAACABAACBBxBvBhBaBdBXBPA7AnAZAbAWAIACAIAFABAA
3530607001008,BCBEBMBWBVBPBMBNBKA5AxAoApAZAXASAFADAABAA8BRBbBaBXBVBXBPBFBIAmAuAoAdAWAJACAB
3530607001009,BcBaBYBXBaBZBaBaBHA0AnAZAXAQAGAGAGAAABBcBdBdBbBjBdBmBjBNA0AkAjAXATASALACAEAB
3530607001010,A4A3BKBZBeBIBABDBEBCA7AtAoAbAUATAMADACA0A6BJBgBeBLBIBPBVBNBJAxAuAwAnAVAPALAD
3530607001011,CAB5BuBvBhBTBGBKBAAwAxAYATASAHAKABAAAAByBoBwBnBaBOBJBLA5AvAmAYAVAHAKAHAEAAAA
3530607001012,BqBlBjBgBnBVBTBIA7AvA1AlAcAWASANADADAABoBeBkBaBdBTBNA/A3AwAmAdAfAbALANALADAA
3530607001013,CEB6BpBmBcBWBYBHA8ArAdAaASAIADAGADABABB5B1BvBqBgBVBWBMA5AqAkAVATAKAHAHAEACAA
3530607001014,B3BxBvBrBcBVBKBGA5AyAoAeAZAXASAEACAHACBvBnBqBhBeBLBFBBA+ArAmAhAnAJALALAEAAAC
3530607001015,BiBgBnBhBaBUBZBRBGA2ApAcAaAOANAHACAAACBeBgBhBkBbBdBbBSBEA1AnAeAXARANAIAFAEAB
3530706001001,BuB0BuBqBYBVBYBRBFAwAkAaAOALALAEADABABBqBwBwBbBUBXBaBUA/ArAkAZAWARALAGAEAAAB
3530706001002,BWBdBrBlBVBZBXBcBOA6AiAnAWAQANADADABABBUBcBnBhBaBTBfBcBHA4AoAbAUAPALAIAFACAA
3530706001003,BEBPBeBsBnBOBEBFBLBHAvAsAkAVAJAQAGACAABDBIBbBxBeBJBHBRBSBIA5AnAhAWAQAKAHAFAA
3530706001004,A8BIBOBeBaBNBMBKBHBCA8AvArAbAWAVAGAEABA8BABLBgBXBOBLBMBJBLBFAwAlAnAeARAJAEAA
3530706001005,A4A+BQBcBbBMBEBMBFBEA2A6AzAaAZANAGACACA1A6BKBiBcBHBHBQBOBLBEA1AxAiAdAPASAGAF
3530706001006,BiBrBvBuB2BYBUBMBBA3AoAjAWARANAGAFAAAABhBgBpBrBMBNBQBHBEAvAlAZAeAOAEAKAEACAA
3530805001001,A0BEBOBeBXBPBMBLBOBDBDAjAkAhATAIAJAAADA2BDBTBgBZBOBPBUBUBGBDAtAdAiAcAdAKAHAE
3530805001002,BTBYBdBoBgBTBTBQBDA7A0AiAZAWAUAFAFAEAABQBWBXBjBZBRBNBNBMA/AzAjAbAbANAMAIAEAB
3530805001003,BfBgBoBdBXBaBhBWBHA1AoAcAdAOAMAEADAAAABcBcBfBeBZBhBdBXBJAzAoAaAWARAMAJAEAGAA
3530805001004,A6BCBOBfBZBMBGBQBPA9A+AiAnAhAdAWAOAAAAA0A3BHBYBOBHBDBSBQBGBHAqArAvAwARATANAC
3530805001005,BZBlBrB0BkBUBPBMBEA5AxAmAYAQAPAHAHACABBWBiBoBnBRBKBOBZA+A4AoAaAYAQAPAHAFABAA
3530904001001,BiBtB4BkBmBIBZBKA3AuAyAYAjAQAQAIACAGAABdBoBxBYBMBTBSBJA2AqAaAuAgARARAMAKAKAA
3531001001001,BABHBhBTBMBGBQBVBABTA7A8AZAwAUAPALAAAEA8BABbBWBPBSBIBUBGAqA9AhAxA3AUAiAAAEAA
3531100001001,BjBeBkBkBgBZBLBEBBA3AsArAkAXAVAOADABAABfBWBgBdBXBIBEBEA/A3A1AkAhAbAYALAHABAA
3531209001001,BHBPBYBeBUBUBSBVBLA7A2AoAlAmAZANAHADACBEBMBUBYBXBJBNBOBEA2AmAzAjAlAfAUAPABAA
3531308001001,BLBRBbBkBZBRBSBOBGA/A0AhAiAaAbALAFAFAABHBPBUBcBUBPBQBRBKA8A2AlAoAcAcAQAHAEAC
3531407001001,A7BLBPBcBVBKBNBQBJA/A0AzAtAbAdAQAKACABA3BGBVBVBTBJBVBPBMBBA1AxAwAnAdASAJAEAD
3531506001001,BWBdBmBoBWBSBPBOBDA2AsAlAlAWAPAKAKADAABNBYBhBgBQBTBTBKBAA2AlAsAiAYAXASAGAGAB
3531605001001,A+BYBaBmBRA5BQBJBMBDA9AfAiAjArASAOACAABEBKBcBeBHBCBQBLA7A/ArA9AtApAeAKAJACAE
3531704001001,BRBmBtBpBUBIBMBWBLA0AeAqArAfAQATAFAAADBSBVBpBnBXBIBHBIA8AwAiA0AfARAjAEAIACAA
3531803001001,BkBkBoBmBnBcBPBGBAA1AtAdAXASALAIAEABAABkBgBlBoBiBaBRBKA+AyAhAkAZAOASAJAFABAA
3531902001001,BjBhBnBoBqBfBUBOA+AyAtAdASAYANAKADABAABdBhBmBnBeBSBOBIA8AwAsAdAYAUAPAKAGADAB
3532009001001,BdBYBfBmBrBcBSBGA/A7AwAmAbATAMALACADABBbBWBcBlBfBWBLBOA+A3AoAnAjANAVAKAHABAC
3532058001001,BQBcBxBvBmBSBSBJBNA5AuAkAdAUALALACAEAABUBgBrBsBZBKBKBNBDA0AdAdAaAVAHANAJAGAD
3532108001001,BDBIBXBSBGBLBUBVA/BHA8A2AmAoAbAVAIAMAABEBFBKBQBHBHBIBOBCBFA2A0A6AbAhASAFAPAD
3532157001001,BcBtBzBnBFBgBcA+A+AwAiAqAUAlAeAAAFAAAFBcBiBmBqBtBFBWA/A4AtAlArAaAYAEAAAJAJAA
3532207001001,BNBfBfB1BfBABXBJBCAzArAgAaAiANAbANACAABhBnBlBgBaBbBaBCA+AnAzAVAeAgAOAAAFADAA
3532306001001,BkBfBcBoBUBDBWBLA8A8AtAwAyAiAYARAJAGABBdBdBmBZBCBDA3A9AxA5AhAyAfAkAVASAMACAE
3532405001001,BcBhBpBhBPBUBMBSA/AsAyAkAxAYAbALAEADABBfBbBlBcBiBMBHBPAyAuAmAnAgAbATAIAHABAD
3532504001001,A8BJBRBeBbBLBVBOBHA7AzA2AoArAXAUAEAEABA6BFBQBbBPBMBMBQBEBAA1AqAyAfAlASALAGAD
3532603001001,A2BGBPBeBQBIBFBOBOBCA8AyAtAYAgAQAPACAAA2BBBPBZBQBHBWBOBQBDA7A3AzApAcAUAGAGAB
3532702001001,BJBJBnBYBfBNBUBCBIA+A1A8AhAlAUAIAFAFAGBABVBlBiBTBLBYBPA9AzA1AgAcAdAVAQANADAA
3532801001001,BKBJBTBWBWA+BMBIBEBDA0AlA7AfAPAhANACAEBJBMBNBUBWBWBQBNBLA1A2AmAoAaAhAWAIALAG
3532827001001,CECDBxB2BkBWBOBJAzAfAjAbAfANALAJAEABAACFB1BtBqBQBOBJBAApAtAWAgAYANAJAIABACAA
3532843001001,BLBHBaBYA4BXA+BkBIBGBCA5AuAjAlAGANAGADA9BDBRBTBdAoBAA8BLBFA6A2AyAYAZAbAPAGAI
3532868001001,BUA4BIBiBGBfBmA0BgAhAiAhBoAVAfAKAAAAACA6BbCqBWBGBPBNBQA7AVA0BKARAmAGATAKAAAA
3532900001001,BSBXBkBjBnBhBPBOBBA5ArAiAaAdAQALAIABAABaBVBbBtBfBTBJBIBAA3AkAoAbAUAIAOAOAIAB
3533007001001,BQBYBdBgBgBNBMBNBCA5A5AgAsAZAPAPAIABAABQBTBaBcBcBNBMBMBEA0AzAmAjAZAWATALAHAB
3533106001001,BOBIBdBkBuBJAvBFBKBLAyAMAdBCApAMALAKAGBGA+BoBUA1A6BJBQBaAnAuBCBBAdAXAQALAFAA
3533205001001,BJBnBoBwBXBFBCBABLA+AhAvAvAZAWAVALAAAABKBUBPBEBTBKBMBXBNA4BAAdAeAcAeAJAbAAAD
3533254001001,BgBxBZBaBTBeBUBKA/AsAwAkArAoAMAWADAIAABPBkBfBZBXBPBMA8AxAxAoAsAkAYAcAOAIAAAA
3533304001001,BfBMBkBcBvBaBPBJBQA3BAAYAuAaAFATAHAAAEBCBLBVBmBWBZBHBHA7AxA0AkAxAZAIAWAHAAAA
3533403001001,BSBYBcBhBaBUBZBRBJA8AzAdAaAVAPAIAEACAABSBWBaBgBdBYBUBWBKA7AxAeAeAYARANADAEAA
3533502001001,BKBPBeBfBUBNBMBLBKA+AxAoAlAaAbAPAHADAABLBRBYBWBVBMBRBOBGA9AvAuApAhAYANANAGAD
3533601001001,BNBdBoBhBOBOBSBSBOA1AxAlAjAcASAQACAFACBJBUBjBSBOBNBVBKBKA7AmAnApAaAZARAIACAE
3533700001001,BRBmBqBoBaBBBVBNBHA+AvArAhAnARAJAMACAABYBNBhBcBIBNA+BKBDA1AmAsAfAjASARAMACAC
3533809001001,BWBeBaBeBWBDBJBABNBAA8AmA1AfAWAMAFADAEBPBaBiBXBDBMA7BLBLArAzAsAmAdAVAMAOARAD
3533908001001,BHBVBgBgBWBQBPBGBGA6AxArAeAeAVANAHAEABBHBRBeBhBWBLBOBLBEA9A5AkAkAfAeAOAOAEAC
3534005001001,BlBYBiBYBeBFBTA/BGA/A0AlAdAfASARAGAHAABWBQBJB5BsBVBTBHA7AkA9AcAdASAWAVADAAAA
3534104001001,BEBWBjBpBQBBBLBMBIA4AfAzAiAkASAXAKAHACBJBKBoBeBJBKBNBbA9A3AyAoAmAjAgARAKAFAB
3534203001001,BeBjBmBTBtBhBfBSBHA0AYAsAbAXAUAHACAAAABXBjBqBXBeBeBcBCA2AvAmAbAcAVALAFAAAJAF
3534302001001,BQBWBgBlBcBSBUBPBJA2AxAiAbAXANAGAFAEACBRBYBeBgBXBSBUBRBGA8AwAmAhAWATALALACAB
3534401999001,BsBkBkBiBVBdBmBeBJAzAfATAOAGADAEABABAABoBpBmBkBhBiBqBjBHAxAdAZAIAKAFACAFABAB
3534401999002,ByBrBtBsBqBkBXBLBAArAfAUANAGAFABACAAAAByBkBjBuBuBmBZBPBCAvAfAZATAHAGAEADABAA
3534401999003,BdBXBZBrBoBhBOBNA6A3AuAcATARALAFADABAABdBRBXBsBsBeBYBQBJA6AuAmAcASANAJAEAAAA
3534401999004,BeBaBfBsBgBZBRBOBDA1AxAWARAPAMACAAADAABiBWBfBsBqBZBVBUBHA8AxAbAYASAJAGAGAFAA
3534401999005,BHBJBcBeBdBQBSBTBJA+A8AXAXAVASAIADADAABFBEBaBmBjBbBZBXBSA/BEAaAiAfAQAGAKAEAC
3534401999006,BtBmBjBqBmBpBgBJA7AtAoARAMAIAJACAAAAACBqBgBrBmBtBwBiBJA+AwAmATASALAIACADACAA
3534401999007,BfBcBdBuBrBYBUBMBAAyAsAWATAPAJAEACABAABbBcBhBqBuBaBZBTBEA7ArAeAcAPAHAIAFABAB
3534401999008,BuBkBjBoBqBhBXBLA3AoAjAZAYAHAKADABAAAABxBpBjBtBtBgBXBKA4AzApAZAUAQAKAIAAABAB
3534401999009,BjBfBiBlBeBYBVBJBEAsAhAjAUAOANAGABAAAABiBdBlBqBjBhBdBQBGA0ArAcAaAUANADAHABAB
3534401999010,BeBaBaBnBlBaBXBKBAA4ApAgARAOAGAKACACAABdBYBcBlBmBiBbBRBLA3AyAeAZAPAHANAHACAC
3534401999011,BFBJBhBrBXBHBIBPBTBBAuAeAbATAMAJACAAAABIBLBeBlBaBVBVBeBhBHAzAoAdAbASANAIACAA
3534401999012,BpBeBbBZBgBnBgBOBJA0AhAXATAIANALAGACAABkBfBeBjBcBcBdBPBCAxAiAhAaAUAQAKAEADAB
3534401999013,A8BBBOBfBeBSBJBHBFBBA/AdAgAcAWAKANAAAAA7A/BPBeBjBSBQBTBTBMBDAsAbAvAcASARAGAA
3534401999014,A9A/BNBdBgBSBJBNBIBEA1AvAiAYASAKAHACABA7A+BKBeBlBVBXBTBVBMBAAwAmAdAVATAJAEAE
3534401999015,BTBcBqBvBZBNBMBOBVA9AgAeAPAKAKAGACAAAABWBZBmBtBeBSBUBhBcA/A0AVARAXANAJADAAAB
3534401999016,BuBlBmBfBjBjBdBLA8AqAjAQAOALAIAEADABAABuBkBjBrBoBfBjBXA/AvAnAXAZAQAIAEADADAC
3534401999017,BnBcBdBiBuBpBZBDA+AyAsAVANAQAHAFACABABBpBaBaBrB3BoBYBOA/A3AwAXAVANAHAGADABAC
3534401999018,BcBEBdBmBkBOBZBUBGA0ApAjAPARARAMAEADAABABYBdBdBYBkBkBTBNA/AtAmAhAhAPAKACACAA
3534401999019,BXBQBdBnBfBYBUBOBAA5A1AYAUATAPACAGAAAABTBWBdBoBlBfBZBVBHA9A1AkAXAbAPAEAHAAAA
3534401999020,BXBRBYBgBgBbBcBNBCA3AzAbAUATAKAIAFAAAABVBVBTBjBoBfBgBQBPA8AqAqAfASAQAFAIABAD
3534401999021,BCBEBSBcBeBQBMBNBFA7AwAqAjAhATAHADACABA/BCBQBhBjBYBTBZBOBEA+AwApAiAWAQAIAFAC
3534401999022,A2A9BXBnBkBOBCBPBPBGA5AsAkAOAZAHADAEAAA1A8BNBqBoBLBMBWBZBLBGAnAjAfAdAPAEAGAF
3534401999023,BFBCBNBbBfBdBSBIBGA3A1AmAXAiAVALAJABABA+A/BJBYBiBcBXBWBQA/BAAsAxAbAWAXAIAIAB
3534401999024,BlBiBhBoBvBiBaBKA/AyAjAdAPALAHAIAAAAABBkBdBkBqBpBjBXBQBCA1AmAZAWANALAIADAAAA
3534401999025,A1A1BGBTBXBdBLBQBDA+AwAoAnAgAdAaAEADABA1AxBCBUBYBTBPBcBPBHA+A0A4A0AlAYARAFAG
3534401999026,BjBiBfBoBgBYBZBNBDAwAjAbAWAPAJAHADADAABiBdBeBnBmBbBaBSBGA5AoAbAXATAQAJAEABAA
3534401999027,BWBOBZBgBoBgBUBQBDA3AwAbAbATAKAGAEABAABQBMBWBmBqBbBWBWBKA9AvAmAeAUAPASADACAC
3534401999028,BoBcBYBhBqBoBbBIA9AzAtAYAaALAJAGABAAAABeBUBaBnBvBnBcBTBCA3AtAdAVARAPABABABAC
3534401999029,BpBZBcBiBwBnBaBFA+AtAqAYAZAJAJADABABAABkBYBdBrBzBqBeBQA5A0AqAdAdAKAKAEADACAB
3534401999030,CIBuBiBeBoBxBhBLA8AtAcATANAGAFACAAABAACCBsBkBkBqBrBdBHA6AoAZAVAOAJACAEADACAB
3534401999031,BwB2BrBnBjBaBZBIA9AtAfAUALAMAGACADAAAABqBqBrB0BrBkBcBMBCAoAgAUAUANAHAEAEABAA
3534401999032,BzBiBgBoBtBmBGBLA8AyAmASAUAGAMAFABACAABcBmBrBlBtBgBvBLA+AzAiAWAbAMAFAGADABAC
3534500001001,A3BLBDBdBUBYBBBGAyA5BNAoA2ApAeAXAEAAAGBDBTBxBYBoBEBBBDA/BGA/BJAYAbAXAIAHADAE
3534609001001,BFBKBXBfBSBLBHBJBJA8AzAuAmAgAcAOALAEADBEBLBTBdBTBLBMBNBKBBAzAyAqAlAeASAMADAC
3534708001001,BkBpBoBhBWBXBYBOA+AwAhApAYAUAIAFABADAABjBlBfBdBaBdBWBQBAA1ApAiAYAVALAMAIAFAA
3534708001002,BTBXBkBpBbBNBTBLA/A6AnAiAaAcAMAKADAEAABVBcBeBfBZBQBWBTBDA+A1AjAcAZAWAMAGADAD
3534708001003,BOBPBVBmBdBLA/BEBBA+A2AkAUAlAcARAGACAFBDBMBUBkBWBNBKBIBKBFA7ArArAmAfAQANACAB
3534708001004,BFBOBXBmBOBGBJBOBDBAA4AmAdAaAPANAJAFACA8BIBWBeBaBMBVBUBXBEBAAoApAeAZARAQAEAA
3534708001005,BuBlBoBqBlBPBNBJA+A2ArAnAYAYAOAGADACAEBgBfBkBhBjBUBNBIBBAxAsAbASAVAUAFAEABAA
3534757001001,BCBTBfBsBdBHBNBJBDA4AwAvAgAlAXAOAKAEADBOBSBdBpBYBMBJBLBDA5AvAqAkAfASAOAHAEAC
3534807001001,BRBMBwBiBSBMBRBLA7A5AkAwAcAeAjASAHADABBWBnBrBpBPBMBMBGA/AqApAmAhAmASALAFAFAA
3534906001001,A+BJBOBfB7BiBaBTBMA2AzAnAsAkAeATAGAFACBCBIBRBSBQA/BJBJBAAxApA0AtAkAbATAHAGAB
3535002001001,A8BHBXBlBQBGBFBLBEBBA0A3AuAeAXAVASABADBCBEBTBXBOBGBNBPBJA6A3AyA0ApAcAVAKAIAD
3535101001001,BpBhBkBfBpBbBdBSBAAyAfAmAbARAOACAGAAACBgBoBmBkBgBZBQBKA8AqAeAhAYAUAQAGAFADAA
3535200001001,BHBPBZBWBYBIBLBTBIA6A2AyA7AnAQAQAEAGADBJBHBQBZBQBEBLBOBGA6A4AxAlAfAhAPAPACAE
3535309001001,BSBRBWBWBXBOBLBFBEA/A7AkAfAjAXAUAGADAEBNBKBYBWBVBNBMBMBFA7A/ArAmAkAcAQAMAEAE
3535408001001,BiBqBkBoBeBcBPBLA6AtArApAaAWAUAKAGACABBeBfBiBdBaBWBOA3A9A1A0AeAjAWANALAHAEAD
3535507001001,BZBhBlBmBWBSBOBMA9AwAtAjAbAbATALAGACABBXBaBbBjBWBQBPBMBCA4AzAjAhAbAYAPAGAEAC
3535606001001,BfBmBrBfBZBQBMBLBBA1ApAtAcAeAWAKAHADABBeBfBpBfBZBNBKBKA9AxAoAjAcAVAQAOAGAEAB
3535705001001,BWBkBcBcBTBYBOBXBLA7AqAtAaAcAfAQAFADACBMBQBXBiBLBKBVBGBFAzAvAmAmAeAVALAJACAA
3535804001001,BqBuBkBrBjBSBLBKBIA2ArAbAcAVARAOAHACACBnBfBjBpBWBPBMBKA2AvAhAjAZAXAPAFAEADAB
3535903001001,BWBNBUBjBlBdBJBJBEA3A0AqAqAWAWAGAOAJAABSBOBOBWBbA5BEBBBLA4AyA3A0AeAaAOAHAHAD
3536000001001,BKBXBjBeBWBEBHBMBMA8AuArAiArAjAQAEADADBIBNBVBZBKBPBFBPA+A4A9AoAsAkAbARAJAGAA
3536109001001,BtBgBpBeBhBZBSBOAqA6AqAuApAPAOAOAKAFAABkBlBVBaBkBVBPA+A8AwAhAlAZAZASAEAGADAA
3536208001001,BnBlBpBtBnBJBEBFA7AvAsAfAhAcAOALAFACABBiBlBqByBdBLBGBHA2AtAmAfAhASATANAGAEAD
3536257001001,BdBeBiBTBKBMBmBTBaBJBAAkAYAJAXAIAKAAACAvAwBTBbBZAsBsBzBFAvBBAcAaAWAbAVALALAE
3536307001001,BfBkBgBmBeBPBTBHBFA4AyAhAjAWAUALAHACAABXBfBcBhBYBNBPBHBAA1ArAjAYAcAZAKAFABAC
3536406001001,BpBvBuBiBcBUBLBCA3AwA2AiAfAjAPAMAGABAFBcBoBiBgBSBUBQA+A3A3AyAXAYAXANAIAFAEAA
3536505001001,BUBYBhBnBlBdBYBQBGA8AuAcAVASALAIACACAABRBTBdBmBpBcBWBVBGA7AqAcAVARANAKAIADAB
3536570001001,BOByB8BhBxBNBXA6A0BTAzAoAwAMAaADAPAAAABbBFBcBPBfA3BKApAzA+BHAyAfAzAGADAAAEAA
3536604001001,BVBaBgBfBTBOBIBOBCA0AwApAhAkAOAGAQAEADBRBcBjBkBQBLBSBPBAA2AkA0AfAZAXASAGAFAC
3536703001001,BeBfBgBnBgBUBOBLBBA2ApAlAdAVATAMAGAEAABZBeBeBeBbBUBJBJA9A2AsAfAeAeATAMAKAEAC
3536802001001,BTBXBpBrBiBTBEBGBEBDA1AtAmAXAUAXAJAHAABVBUBbBVBQBLBDA8A4A6AyAjAnAiAZAMAJAAAA
3536901001001,BABBBZBrBPBJBLBGBQBLA4AsAcAxAnAUAJACAAA1BIBTBiBTA7A9BRBSA9A0AuAXA5AcAdADAEAA
3537008001001,BbBkBsBqBkBMBFBIBCA3A3AjAiAUASAKACACABBRBbBvBnBYBJBGBHBGA0ArAgAfAYAUAHAJACAC
3537107001001,BNBPBcBjBjBUBUBRBGA5AtAlAYAbASANAEACAABOBVBdBfBdBWBSBSBEA6AvAiAeAgAVAMAIADAC
3537156001001,BQBsBnBWBPBVBRBWA+A3AwAiAhAaAaAJAIAAAABWBSBbBUBQBbBXBIBXAqAwAgAgATAVAcAEABAA
3537206001001,BtBpBsBsBSBKBGA+A4A2AhAzApAVAYANAGAEAABoB0BoBmBSBKBAA/A3AqAtAhAnASATAOAAADAC
3537305001001,BHBVBZBkBYBMBKBKBFA6AsAtAhAcASARAFADABBMBSBXBgBYBOBLBPBJA+A1ApAkAgAcARAPACAC
3537404001001,BSBcBkBeBaBQBMBIA5A1AyAjAfAfARANAKAEABBMBVBhBZBYBQBXBMBBA5AxAwAoAWAYASAGAEAC
3537503001001,BZBUBpBlBRBSBBBJA9A+AzAyAcAnAXANAMAHAABIBXBVBeBMBKBKA+BBA4ArApAsAiAWARASAHAE
3537602001001,BnBgBmBkBaBNBCBAA7A1AqAmAfAYAbANAHAEABBkBcBmBiBYBLBIBDA/A2AsAmAhAjAUANAGABAB
3537701001001,BKBTBdBiBYBMBOBTBGA4AnA0AlAgASALAJAGADBGBQBnBlBOBMBDBPA6A0A8ApAoAkASASAKAGAA
3537800001001,BbBbBfBmBmBiBVBUBLA3AuAdAYAWASAIAFAAABBXBXBaBhBbBNBPBLBBAzAoAiAZAdAUAHAGACAI
3537800001002,BjBhBrBuBeBWBKBRBHA3AzAmAjAYATARACADACBcBeBlBfBOBLBHBHA2ApAlAmAZAfAMALAHADAB
3537909001001,BpBmBpBsBbBZBQBIBCAxAhAqAbAbAQAMADABADBgBkBrBlBZBPBMBEA6ArAqAfAfATARAGAFACAA
3538006001001,BhBgBoBxBgBOBJBIBDA7ArAfAZAMANAIACACAABgBkBnBnBZBSBNBTBHA8ArAaAXAPATAMAFAEAA
3538006001002,BjBpBqBsBkBUBPBKA/A6AsAgAaASAIAHAEACAABiBhBlBqBeBSBNBOA/AzArAbAUARAMAIADAEAA
3538006001003,BEBLBYBpBgBNBJBHBFBAA9AeAoARANAOAJACABA/BEBWBnBfBPBNBRBSBHA7AnAeAfAaATALAGAD
3538006501001,BtBlBsBxBoBXBNBHBGA8AkAdAXAIAHADAEABAABnBkBpBsBiBWBQBNBIAxAhAYASAOAGAJAFADAB
3538105001001,BHBPBSBeBgBRBPBKBEA+BBAjAiAmAcAQAHAEACA8BFBYBaBOBTBMBHBCA8A5ApAsAnAZAUAOAFAC
3538204001001,BSBcBfBhBbBOBGBKBHA8A3AyAkAjAWANAHAGACBPBSBYBYBSBGBABKBGA6AxApAkAdAXAVAHACAA
3538303001001,BLBXBuBNBdA8BdBTBDA1AsAwApAhASAQAHAJAAA5BbBOBvA5BiBPBUBAArAnBEAtARAUALALAEAF
3538501001001,BMBcBqBeBXBHBGBMBHA2AzAhAcAUAXARAEACAABHBWBdBdBTBNBOBUBOA7AwAzAcApAUAPANAEAD
3538600001001,BdBdBkBdBhBVBOBIBCAzAsAnAeAaAaAJAFAGABBbBWBcBcBdBVBLBIA/A3AtAiAmATAZAKAFAEAC
3538709001001,AvAyBHBRBTBNBFBKBIA/AxAuAqAnAiAVAKAEAAAsAyA+BQBUBRBEBWBRBJA9A8A4AvA9AgAWAPAE
3538709001002,AmAxA8BNBSBDA+BGBCA/A0AtAnA0AoAeAPADADApAvA/BUBXBFA+BLBRBOBEA5AvBOBCAhAWARAL
3538709001003,BHA9BVBgBcBWBNBEBBA6AyApArAcAbAKAIAEAABEBQBCBjBbBRBIBIBHA/A4AyAxAhAhAVARAGAC
3538709001004,BfBfBiBoBeBcBWBKBCA1AtAZAZAXALAIAFACAABZBbBVBkBiBbBRBPBCA4AzAXAcAVASAOAFABAC
3538709001005,BMBLBQBiBZBUBPBWBOBHA2AkAnAKAPACAJACAABFBDBNBcBgBXBcBeBPBGA0AtApAJAWAGAOACAA
3538709001006,BHBNBaBpBdBRBRBUBIBDAvAqAbAUAOAKAEADABBIBLBUBjBdBPBUBXBSBDA5AjAcAXAYAPAFADAB
3538709001007,BmBdBnBzBuBeBIBKBAA4AsAXATAPALAHACAAAABhBiBpBwBrBUBKBLBDA0AmAYAaAOAGAHAEADAD
3538709001008,B8B9B5BzBmBZBSBLA4AsAgARAIAIAKAEAAACAAB9B5BwBrBjBVBPBKA3ApAdAQAVAKAHACACACAB
3538709001009,AxBCBTBnBfBCA/BNBWBSBCAzAcAfANAIAGADABAxA9BOBiBaBIBLBbBbBUBGAvAlAXAYASAMADAA
3538709001010,A/A7BNBXBXBOBGBHBEBAAyAyAlAjAiASAMAIACAyA5BCBZBaBFBLBSBMBDBKAuAyA9AiAcAGAGAE
3538709001011,BXBcBeBiBfBYBXBTBEA3A4AZAcAWAKAGADAAAABWBQBfBeBiBZBUBUBEA9A0AjASAXASAHADAEAD
3538709001012,A9A4BJBZBTBTBMBQBJBBA/ApAnAYALAPARAEAEA3A5BGBbBdBVBOBXBOBRA9A1AoAqAjAUALAIAA
3538709001013,BqBvBoBpBbBUBZBVBDA1AnAUAVAHAEACAFACAABmBlBmBkBdBbBcBWBFA1AkAbAVAMAJAGAEADAA
3538709001014,BvBoBuBpBfBdBZBSBAArAlAdAWAOAGAFAGACAABoBeBgBfBfBdBXBOA8AxAmAdAXAOAMAIAEABAB
3538709001015,BlBhBoBsBnBYBRBKBJA3AlAfAVALAMAGADACAABfBhBgBuBmBSBQBPBCA2AmAfAXAKAKALAGABAB
3538709001016,BRBOBjBzBlBRBKBQBMBEA2AbAcARALAJABACAABMBLBcBqBfBRBRBPBRBAAxAkAdASATANAFAAAA
3538709001017,BcBcBjBmBYBQBTBLBGA7A4AiAdAaAbAMAIAAAABYBcBaBaBVBRBLBLA+A0AkAjAiAcAUALAHADAD
3538808001001,BRBVBjBkBTBGBIBHBEA8AvAoAjAcAVAMAFADABBPBVBcBgBVBJBKBPBIA8A0AnAqAlAbANANADAB
3538907001001,BGBKBXBjCEBtBbBXBKA8AtAfAhAbAbAKAIACABBCBLBPBjBPBABBBIBDA2AoAoAmAhAdAVAHADAC
3539004001001,BJBMBZBnBaBMBWBMBJA6A9AnApAiAaANAHACACBABPBPBUBNBPBMBHBGBAAzAqAjAfAcAcAMADAB
3539103001001,CABwBjBiBkBZBTBFA3AsAtAXAVALAIAKADADABB+BsBpBrBlBZBRBFAxAxAYAeATAPAKAKADACAB
3539202001001,BWBYBjBcBVBPBVBOA+AyApAhAhAXARAQAFADAABUBcBgBZBZBUBdBLBGA3AtAoAjAZAbANAEAEAC
3539301001001,BRBUBZBhBYBPBNBPBDA3AxAnAfAdARAOAIACAABNBPBXBhBYBNBNBUBGA6AxAtAfAeAeATAJAFAC
3539400001001,BRBSBqBjBhBOBDBGBJA8A5AYAgAeAaASAIACAABNBGBXBqBZBMBCBJBDA/A3AkAhAjAfALAGAIAB
3539509001001,BvBnBkBlBfBdBbBLA+AuApAcAcATANALAFACAABkBfBiBpBbBNBPBGA3ArAlAjAcAYARALAFADAB
3539608001001,BZBdBTBkBcBJBWBOBIBDA3AXAnAQAfAGAJADADBNBdBbBfBWBPBLBVBBAxAxAhArARAQAUAJAAAA
3539707001001,BkBkBwBqBaBKAyBdBNAyA3AdAwAbARALAEAGAABaBMBUBiBeBJBbAvA7A1A1AYAeAWAPAZAKAJAA
3539806001001,BhBkBoBnBcBVBVBLBDAzArAZAXANAMADAAACAABiBgBkBnBeBaBXBSBDA5AxAaATAUALALAHACAB
3539806001002,BrBoB1BxBeBNBOBMBKA5AhAWAOAMAHACACACAABrBmByBtBaBUBTBSBKA0AhAaAQAPAJAFAEAAAB
3539806001003,BiBhBoBoBfBUBTBMA+AzAlAeAaALAJAHAIAAAABfBcBjBkBfBYBYBQBGA6AnAlAdATAQAKABADAB
3539806001004,BcBWBlBoBfBUBKBKA+A6AtAaAWAQAMANACABAABcBgBgBjBfBVBWBQBJA8AtAjAWAZASAMAFAEAC
3539905001001,A/BCA3BpBQBKBDBIBHA6A8AsAyAmAdAdAOAEAAA8BGBgBGBHBNBHA4BLA6A3BGAwA1AeAkANAKAD
3540002001001,BRBPBaBlBoBSBJBHBGA4AwAlAeAaASAKAHADAEBNBJBaBqBnBLBLBOBGA5AwAoAeAbAXAQAMAHAC
3540101001001,BDBKBpBnBYBhAvBPBDA+A9AmBHARAfARAHAIAAA2BDBPBiBtAuAyBQBVA4A3AnAqAeAeALARALAA
3540200001001,BqBmBnBlBqBgBaBNA+AxAgAeAZANALAFAEACAABlBiBiBqBiBXBRBJA9AuAjAaAaASAPAGADADAE
3540259001001,BOBbB2BtB7BRBTA+A8A0A6AjAcAeATADAEAGADBKBjBjBZBbBHBRA1BBAyAwAYAmAUAWARAJAFAD
3540309001001,BOBWBOBhA+BMAlBIBKBABIAdAzAlAZAXAbAAAFBEBSBlBOBcBABLBCBKA7AkBMAfAnAnASAAAAAF
3540408001001,BTBOBsBbBWA9BFBHBQBABDAlAmAxAaATAIAAAAA7BXBYBdBLBIA9BKBQA6ArAxAmAmAcALAFAFAD
3540507001001,BVBbBjBvBUBHBVBKBIA7A4AqAjAfAcASALAGAABQBOBaBgBGBGBCBHBAA0A2AnAtAWAVANAHAEAB
3540606001001,BZBWBjBpBfBUBPBPBEA3AqAjAbAUAWAKAFACABBYBYBiBnBbBNBPBNBCAyAtAhAeAaAUANAJADAB
3540705001001,BPBaBfBhBdBTBWBQBDA3AtAjAfAXAXAIAEACAABRBTBaBkBaBSBRBQBFA4A0AfAdAiATAPAJADAB
3540754001001,BqBqBxBwBlBcBVBFA+ArAkAiASAVAIAHADAAAABlBfBlBvBgBYBOBPA+AuArAZARAPAOAGAFACAA
3540804001001,BCBMBSBeBhBMBTBRBJA/AzAvArAeAcATALADAEA7BEBKBVBUBIBQBWBFA7AzArAkAwAeASALABAB
3540853001001,BhBqBYBaBcBABbA0BWAzAaApAlAJAWAdAZASAAA9BLBwBPA7BiAmBbAjBFAjAxARA5AxAfAKAKAA
3540903001001,BQBbBlB2BiBUBVBQBJA7AnAmAcAQAPAHADABAABTBRBhBlBjBWBPBMBHA3ArAfAYAWAOALAHACAC
3541000001001,CCBuBxBmBnBhBPBNA5AsAiAYARALALAAAAAAAACDBxBqBkBnBaBSBJA4AqAcAdAUAIAFAFABABAA
3541000001002,BsBqBpBtBjBXBQBMBDA6AhAcARAIAKAEABAAAABsBhBmBwBlBXBVBPBIA2AlAVAPAPALAHAAAAAB
3541000001003,BuBsBqBpBfBbBPBIA9AxAmAZAXALAKAFACABAABxBpBoBrBjBfBVBIA+AxAmAYAZALANAGACAAAB
3541000001004,BpBlBhBhBoBcBVBIBBAzAnAbAWARAIAIACAAACBeBgBWBoBuBdBWBSBAA4AjAdAaASASAFAFABAA
3541000001005,A+BCBKBSBUBHA/BCBAA6A3AuAlAiAgATALAEABA5A7BGBaBcBMBIBMBNBSA4BDA1AyA9AKAMAMAA
3541000001006,BGBFBQBgBPBHBDBBBDA7ApA1AkAmAfARAFABACBIBHBOBeBUBLBMBJBNBEA7A7AwAsAkASAPAFAB
3541000001007,BHBCBQBZBRBBBAA/A/A9AwA0AuAfAnAPAIAEABBCBEBNBbBUBLBHBPBMBIA9A4A9AqAoAWAGADAD
3541000002001,BOBPBPBTBIBDBABCBAA8A3AvA8AaAjAUAPADAABHBLBLBQBSBIBFBHBIBAA/A7AvA2AbAaANAGAB
3541000002002,ByBuBqBtBiBUBOBBBAAyAkAdAVAQAHAFADABAABuBoBoBqBgBVBOBLBCA3AoAcAWAOAJAKADACAB
3541059001001,BiBvBxBvBfBVBJBPBBAvAyAbAeAVARASACADAABmBWBhBpBTBTBIBHAxA7AkAeAdAUAQALAGACAA
3541109001001,BLBOBsBzBaBMBABIBAA/ArAmAgAeATAbAHAIAABQBUBpBkBTBLBLBEBEA1A0AnAhAPAiAQADADAC
3541208001001,BBBPBZBYBnBhBfBYA+A6A0AlApAgAWASAIADADBFBTBRBZBIBMBKBNBBAvA1AtAmAcAgAPAFAKAC
3541307001001,BXBeBlBpBcBQBPBKBAAzApAiAfAYAOAMAGADACBTBYBjBkBbBSBTBNBDA3AoAqAfAWAUALAIAEAA
3541406001001,BLBPBfBkBbBOBKBRBPA7A1AfATATAOAKADAAAABJBSBcBnBfBUBUBeBaBJA1AhAfAWAOAJAHAAAD
3541406001002,BWBYBTBZB2BzBxBaBIA1AqAeAbAPAHAHABADAABUBUBVBWBcBZBgBVBHAzAnAfATAQALAOACAEAB
3541406001003,AzBABKBgBdBFBAA/BBA+A4AtArAnAXAUALADADAxA1BBBiBmBLBIBNBQBKBGA0AvAqAqAeAMAMAD
3541406001004,AxAxBHBVBfBLA6A5A/A8BCAoAyAmARARAQAFABAvA8BIBdBiBIBHBOBVBMBJA9AvA1ApAeAVADAF
3541406001005,A7BFBJBdBaBHBCBDBAA+AvAyAnAdAfAVAFADABA4A9BMBaBhBRBJBSBQBMA9A/AuAxAdAWAKAGAB
3541406001006,BUBgBcBpBZBRBUBVBGA6AxAeAUATALAMABACAABQBZBcBeBYBcBbBgBQA7AqAjAYAWANALABABAB
3541406001007,BsBzBwBkBUBcBbBIA9ArAcAWAXALAFAIABABACBvBmBqBhBbBfBkBRBAA2AgAZAQATAUAFAAABAA
3541406001008,BHBKBTBaBaBSBNBJA9A6ArAoAdAlATAPAKACAABJBIBWBeBeBMBQBTBLBCA4AzAjApAfAQAMAEAB
3541406001009,BaBhBfBmBeBXBLBLBAAyApAkAgATAQAHAGABAABbBVBiBjBfBVBWBQBHA6AsAiAdAXAQAHAHAFAD
3541406001010,BYBsBsBgBLBOBoBeBEAvAcAlAaAUANAFAHAAAABZBkBmBTBGBfBuBiBFAwAlAfAZALASAFAEABAB
3541505001001,BKBNBVBZBnBbBVBUBDA6AyAgAhAbAWAKAIADACBGBLBUBdBYBPBPBWBEA+A3AlAiAhAVASAIAGAD
3541604001001,BSBcBjBiBgBSBOBLBCA3ArAsAlAWAWANAEACABBQBWBWBfBXBOBNBLBCA2AzAqAmAaAUALANACAC
3541653001001,BHB4BiBlBIBVBbBPA/BDA8A1ArAcADAHAAAFAABLAyBbCOBQBNBRBCBDAxAtApAYAdAQAFAAAPAA
3541703001001,BRBeBmBhBcBWBTBIBAA2AhAkAiAfARAIAHADABBUBaBkBiBaBRBPBLBAA2AnAqAlARAcARAGAFAB
3541802001001,BpBiBYB0BeBJBhA+AzA2A3APAdAmARAPARADAABcBbBOBvBjBHA8BVBAAjA2AvASATAMAVAGAAAI
3541901001001,BeBuBgBjBkBRBSBEA+A1AiAhAhARAPALACABABBjBjBnBhBcBRBLBFBBAzAtAgAZAbARAMALAGAB
3542008001001,BQBVBbBrBeBVBHBCBFA1A4AeAcAeAcASANADABBOBUBgBqBWBQBUBEA4A1ArAoAbAgAWAWAJADAE
3542107001001,BOBdBeBmBZBWBRBXBBAyAqAhAeAaAXANAHADAABRBZBlBgBaBSBSBPA4AzAqAlAbAfAfAOADAEAC
3542206001001,BTBXBgBoBZBLBMBSBBA0AxAfAjAdAOARAGABAABPBZBgBhBUBLBTBQBDA1AzAmAkAaAWAPAGAHAD
3542305001001,BWBZBpBsBWBSBMBDBQBGAnApA/ARAZAeAIADAABbBiBTBYBGBJBABAAvAoA0ApAvAZAaANAFAAAA
3542404001001,BRBeBcBkBaBSBKBTBBA6AlApAlAaAUARAEAAAABOBNBcBcBYBOBUBUBHA5AmAzAiAbAVAQAGAEAE
3542503001001,BOBTBZBUBjBUBCBLBCBDAwAmAoAiAVAQATAEAABGBJBeBuBTBGBGA+BBA5AoA6AoAcAfAaAHAFAA
3542602001001,BmBmByBuBgBNBHBDA6AxAtAeAcAWALALAGABABBjBjBqBsBeBQBLBIA5AxAnAiAZAWATAMAGAFAB
3542701001001,BuBYB0BqBgBTBVBFBFA1AwARAeATAIAQACAFABBsBlBwBlBaBLBJBQBDAqASAoAZAUALAGAHABAB
3542800001001,B3BzBoBsBLBCBLA6AyApA0AyAYA7AaAQAEAHAABOBcB5BVBNBIAsBGAvA6A0ApAhAfAYAMALAAAD
3542909001001,BaBfBjBkBhBUBPBJBBA2AjAkAeAbAYAOAFADABBXBYBkBkBTBUBQBDA8A0AuAdAjAYAWAPALAEAA
3543006001001,CKCACAB0BcBQBGBBA1ArApAbAdARAKAGAEAAAACEB+B1BmBUBOBAA7ArAlAbAfASALATAEAFAAAA
3543105001001,B1BbBxBkB0BaBHBFA+AxA6AdAhAcAPARAAAAADBaBfBcBiBOBYA/BEA5AzA2AVAkATASADAEAEAA
3543204001001,BaBPB2BVBYBJBVBGBOAuA3AmAbAkAcANAJAAAABPBPBJBZBUBWBUA+A+BHBBApAUAoAQANAKADAH
3543238001001,BBBTBEBnA+BYBUA8BwA9AtBRAmAgANAAANATAEBpA+BGBOA+AmBsBOBvA7ApA4AoAIAUARAFAJAF
3543253001001,BdBkB1B1BhBbBNBFAyAvAyAlAhAVATAEAHACABBoBgBuBwBaBJBKA9AzAmAyAjAbAVARAHACAAAA
3543303001005,BUBRBeBmBnBXBOBKBHA+AyAhAaAQAMAHAEAAAABNBQBdBnBkBXBVBRBNBAA2AdAaAVASAMAGADAB
3543303001099,BiBcBgBpBiBWBTBNBCA9A1AZAYAOALAGAGABAABZBVBfBrBjBcBXBOBFA8AxAZAYAPAPAIAEAAAB
3543402999001,B1BuBoBtBiBcBRBEA+A3AoAbARAQAHADABADABBqBnBpBoBgBXBQBCA/AyAkAfARAVAMAEAEACAB
3543402999002,A0A4BLBbBiBNBDBIBGA8BCAoAqAdAVAKAFAAAAAyA5BMBfBkBSBQBYBRBXBMA2AyAaAcATAKAHAB
3543402999003,BGBQBhBtBfBNBNBTBPBEAwAfAWAWAKAHAEABAABFBNBcBkBeBXBUBaBXBEA2AiAXAXASAMAFACAD
3543402999004,CAB7BtBmBnBgBVBLA1ArAcASAUAHAEAEAAABABCAB8BmBoBiBdBWBKA3ApAhATAQAKAIAFABABAB
3543402999005,BJBSBYBoBkBTBHBFA9A0AyAyApAXAMAHAIACADBCBMBdBkBmBNBJBGBBBCA8AyAoAZAeAIANABAE
3543402999006,BLBWBiBiBbBUBVBUBLA4A0AZAWAPANAEAFABABBNBQBcBlBfBbBbBcBWBDAuAkAdASAKAIAKACAA
3543402999007,AmAmA2BQBiBLA9A8BHA6A3A7A4AiAkAUALABAFAkAqA6BRByBRBEBLBLBOBXA+A5A6A0AdAYAFAJ
3543402999008,BPBTBYBeBXBUBWBVBQBBAnAoAaAOAQAEABABAABKBPBWBiBkBeBbBeBRBGAwAgAeAPATAEAGAFAB
3543402999009,AyA1BHBSBUBJA9BCBAA2AwAvAjAyAqASAGAFACAsA0BHBSBSBKBLBPBPBGA6BMBFAyA7AZAYAKAH
3543402999010,BEBDBKBUBaBYBIBDA/AxAvAnAhAoAcATAKAFAABCBJBNBSBhBQBIBNBHA9BFA0BAAlAgAXAOAIAC
3543402999011,A6A+BFBSBUBJBIA/A7A2AmAoAmAkAlAWANALACA9A5BFBWBSBHBEBHBNBBBEAvBCA3AwAqAfAMAL
3543402999012,BIBIBOBgBfBQBKBEA+A1AsAxAkAhAWAQAHABABA/BGBQBhBaBPBOBPBJBBBEAsAzAgAcAUAFAKAI
3543402999013,A7BKBOBjBhBLBEBGA+BBArA2AmAXAZAMADAJABBFBFBYBkBdBSBHBNBJBIA4A5AsAmAYALAMALAB
3543402999014,BMBRBgB1BwBNA9A6BFBDAxAmAZAQASAFACABABBMBLBaB5BqBMA/BJBVBNA4ApAfAbASAHAHADAB
3543402999015,AxA6BCBRBdBSBKBGBAA6A1AuAcAiAZAQAHAEABAuAxA/BVBtBnBUBXBWBMBABAAqAyAnAZAHAHAD
3543402999016,BaBYBlBmBjBXBKBIBDA4AsAhAcAYAQADAFAAAABTBXBiBsBjBPBNBNBGA5A1AgAZAYAUAKAGAEAC
3543402999017,AoAuA7BRBQBJBABDBCBAAwAqAmAiAUAWAIAPADAnAtA4BcBpBVBQBSBZBOA8A2AsAxBCApAnARAI
3543402999018,BhByB1BjBKBEBfBnBLAvAdAWALAKAEADABABAABbBxB5BlBLBXBmBpBKA0ApAUAVAKAJAFABABAB
3543402999019,A0A9BFBTBbBOBHBDA8A0AtAuAlAuATAcAKAGACA4A4BBBUBZBTBLBMBMBGA3BBA4AyAxAhAdAGAD
3543402999020,BHBOBUBXBaBQBIBNBCA7AqApAlAeAPAPAIAEABBGBGBPBaBbBUBRBPBOBFA8AvAtAgAlAOAOACAD
3543402999021,A8BEBbBkBSBBBRBgBYBKAsAgAUATAVAFAEABAAA8BFBWBjBeBYBhBwBcBLAwAiAiAZASAMACADAD
3543402999022,BfBlBsBrBiBXBTBOBKA2AlAdASALAJAGACACAABYBfBnBnBdBZBSBRBJA5ApAeAaARAKAJADAAAB
3543402999023,BUBZBrB5BrBPA/BBBPA+ArAaAVAPAKAHABAAAABYBYBkB/BgBLBBBNBWBGAvAeAUAXAMAKAFABAB
3543402999024,BfBYBaBgBdBkBQBGA8AxAxAlAYAQANAHADAEABBZBaBYBcBoBkBXBBA7BEAyAmAfAYAOAIADAIAI
3543402999025,BbBnBmBiBPBSBVBZBUA4AjAkAXATAKAHADABAABTBeBkBfBaBWBcBXBQA2AmAeAZANALAJAHADAA
3543402999026,BhBpBlBbBYBbBcBRBDA3AnAeATAOAMAHAEAAABBhBjBdBhBXBcBgBSBHA1ArAdAdALAQAIABAAAB
3543501001001,BOBtBxBzBYBGA5A/BAA2AsAjAmAjATATAMAHABBcBiBfBpBLBBA/BJA+A1ApApAsAeASALAHABAD
3543600001001,BSBOB5BmBkBGBMBQBGAyAdA5AsAaADATALAAAEBCBPA+B0BVBFBYBLBIA/AqAwAkARAcAWAEAEAA
3543709001001,BgBoBdBnBeBYBMBOBAA1AuAhAUAaAWAIACAFAABaBhBkBlBYBOBOBEBAAxAvAdAeAaAVALAJADAB
3543808001001,BJBTBhBfBWBJBHBDBEBCA0AtApAuAlATAJACAAA9BCBQBbBUBMBBBGBHA6AvAwArApAmAQAHAGAD
3543907001001,A6BFBVBgBYBFBABOBNBCAtAwAjAeAnAKAFAEAAA0BBBXBbBVBHBNBXBRBCBAAnAtAnAiAaANAKAD
3543907001002,A1A4BJB7BLBHA9BHBKA+BEAmAhAbATAWAIALAAA0A8BLBBBuBNA/BSBYBKBQAkA4ArAfAhAdADAA
3543907001003,AxA2BMBcBYBEA/BFBKA+A+AwAwAeAlAQAOADACAtA2BHBWBSBJBDBMBRBKBKA1AvA2AlAlARAOAD
3543907001004,A5BCBNBZBYBIBIBNBHA8AvAtAmAdAhAQAHABADA8BABHBcBaBPBOBSBMBDBJApAtAwAmAbAMAIAC
3543907001005,BnBsBmBmBdBbBZBZBGAsAkAXASARAIAGACABAABqBoBmBeBeBbBYBVA+AwAlAaASAOAMAIAEADAB
3543907001006,BPBSBYBpBrBQBOBLBHA/AzAdAWAWAOAEAHADABBQBSBYBlBsBWBLBOBOA/A2AiAlATAIAOAHAFAC
3543907001007,BnBqBiBsBqBjBTBPA+AyAjAbAQAOALAHADAAABBsBhBbBpBpBYBUBKA/AvArAXAUATALAHADACAA
3543907001008,AsAwA9BRBGBEA8BFBIA7AtA0AoAnAlAXAXAGAEApA2BABPBKBKBIBOBMBFA1BEBKA3BDA0AdAJAK
3543907001009,BiBmBhBjBaBXBdBgBIA1AoAdAYAPAOALAEABAABeBnBhBRBbBaBhBXBAAsAiAbAXATAQAEAGACAA
3544004001001,BbBhBpBrBjBbBWBNBCA1AwAZAVAUAPAHAJACAABUBUBiBmBeBXBRBNA9A1AqAgAYAcAMANAEAFAB
3544103001001,BsBkBlBrBuBeBUBJA7AwAkAcAUAKAKACAEACAABoBmBjBtBpBdBSBLA9AzAgAgAZALANAEADACAB
3544202001001,BJBNBdBgCUB3BoBYBEA9AwAtAfAXAVAMAGAEAABMBTBeBSBIBDBIA/A1AyAtAkAdAbAUAFAGADAC
3544251001001,BtBsBrBqBcBRBTBLBEA4AtAaAWAQAIAIACACABBnBqBqBmBaBcBbBOBBAxAiAbAQAMAEAIACAAAA
3544301001001,BfBjBoB+BgBYBTBOA/A1AiAhAUAUAQAFADABAABbBdBgBeBnBIBQBOBMA2AhAgAVAVASANAFAAAB
3544400001001,BQBNB7BlBKBYBIBWBVAvA6AUAiAlAOAPAEACADBMBkBaBYBTBOBYBWA5AqAgAvAcAgAQAVAGALAA
3544509001001,BHBTBdBkA/A7ApBDBiBHAmA9A0AlAkAOAFAAAABGBFBfBnBPA/BcBcAtA8AsAyAzAmAlANAIACAE
3544608001001,BIBaBhBjBVBFA+BJBFA9A1AoAvAeAkAGAHADAABBBYBcBcBUBNBIBFBIA7A7ApAmAjAcALAOADAE
3544707001001,BRBiB1BbBaBCBTA3A9BDAjA3AgAfAkAQAAAFAABkBIBIBqBZBMBDA1A5BMAvAvAtAaATAIADAQAA
3544806001001,BMBVBhBoBXBMBMBOA8BCBAAbAjAeAXASAHAGACBMBWBYBoBPBRBJBKBEA3A1AqAhAcAVAPACADAD
3544905001001,BYBYBoBZBXBNBSBNBEA3A4AhAgAaAYAIAFADABBMBWBYBkBbBJBNBJBMA9A1AgAaAdAYAQAKADAC
3545001001001,BgBcBmBiBZBSBTBNA+AyArAmAjAVAUAPAHABABBiBeBqBdBWBSBKBHA+AtAvAcAkAYAUALAJABAA
3545100001001,BQBaBdBlBaBKBJA+A/BMAwAuArAgAXALAKACADBRBaBhBbBNBLBFA+BEArBEAlAoAWAiAGALAMAA
3545159001001,BDBIBjBiBhBZBDBGBQBEBRAeAhAQAPAQALABAABCBIBRBnBdBSBLBRBHBABHAaAjAZAbAJAGAEAA
3545209001001,BoB3BsBrBfBcBfBWBDAtAlARALAMANAEAAAEAABwBkBqBiBbBcBhBUA7AtAfAVAZAKAEABAGABAB
3545209001002,BXBgBqBmBjBYBMBDBGA+AyAiATAPASAKABAAADBbBYBmBwBjBRBKBNBFA8AlAiAaAWAPAJABABAA
3545209001003,A+A9BPBeBTBHBNBJBGA6A6AhAvAXAhARAHAIACA7A/BNBaBTBFBHBXBMA9A2A2A/AqAoAgAQAFAD
3545209001004,BLBPBiBlBcBOBMBMBPA5AxAqAdAfARAPACACAABCBOBXBfBWBIBWBWBKA9AwApAeAjAcASAFACAC
3545209001005,BZBsBrBnBZBPBZBZBJA4AwARAUARAMAFADACAABcBmBmBjBYBUBhBZBIAyAlAWAUAUAKACAGABAA
3545308001001,BiBlBpBqBcBPBMBIBCAwAtAgAZAZAPAIAGAEACBgBgBjBoBaBOBNBMBCA1AwAbAdAZAQAKAFABAC
3545407001001,BUBaBbBpBZBMBMBEA8A4ArAoArAZAkAKAHAEABBXBSBfBcBXBNBFBKA9A5AvApArAgAYASAEADAB
3545506001001,BnBmA+BfBdB2BNBFA7AvAuAlAeAOASARAEAAAABtBxB2ByBgBeA2BNA3A2AdATAXAaALAQAAAAAA
3545605001001,BSBaBVBXBlBbBKBPBEA7A3AgAbAgAWAOAHAFAABPBQBRBcBXBQBRBEBEA6AuAmAgAjAbAVALACAD
3545704001001,A+BMBeBdBJA+BABKBIA+A1A4AxAiAcAiAQAEAAA5BKBRBUBLBHBJBIBNBBA8A0AtAwAXAQAOAFAD
3545803001001,BOBYBgBkBeBWBZBYBQBBAwAcAXARAOAGACACABBIBUBdBiBbBWBZBZBRA8AtAaAeAWAQAHAEABAA
3545803001002,BMBTBeBqBgBbBVBRBUBFAsAbATAXAJAJAFAAAABOBOBZBrBkBVBTBYBVBCAtAUAaATAPALADABAA
3545803001003,BRBdBmBmBgBcBXBRBJA8AvAYARAVAQAGABABAABUBbBdBoBgBWBWBVBLA4AiAlAaATAOAHAEACAB
3545803001004,BZBdBkBtBlBaBWBOBPA6ArAUAWAQANACAGABAABNBfBlBhBhBSBcBhBPA6AhAdAXAOANAFABABAA
3545803001005,BhBpBoBlBcBeBfBXBFAwAiAaAcALAHACADABAABfBlBtBeBcBeBfBNBHAwAiAbAUANAJANABACAA
3545803001006,BTBqB3BuBaBTBYBYBKA2AnATAXAMAIAFAFAAAABXBjBtBlBUBRBjBXBIAyAeAhAVAQAHAKAFAAAA
3545803001007,A7BEBUBYBYBOBLBMBKA/A2AsAqAdAaANAGAFACA6BHBTBdBWBMBNBPBNBAA4AyAnAoAoAPANADAE
3546009001001,BXBeBfBaBbBbBPBTBCA4AxAnAkAZARAJAEAAACBWBVBfBgBaBVBRBPBEAyAwAfAbAUAWALAJAEAC
3546108001001,BHBUBpBeBHBIA9BDBFA5A0AsA2AwAeACAPAAALBPBOBdBKBZA/BPBMBFA6AdA7AoAtAeAIAMAAAM
3546207001001,BPBXCAByBKBNBFAsBTA2A5AZASA0AeAVAFABACBIBSBDBjBJBLBMByA5A5AxAjAWApAgAWADADAA
3546256001001,BhB4BnBqBgBAA4BNA0ApA8AvAxAgAIASAAAAAABNBdB0BdBGBXBLA3BAA4A7AwAbAQASAKAEAAAH
3546306001001,BaBcBZBlBjBXBWBMBDA5ArAkAdAYAQAKAFADAABYBdBcBiBYBRBNBLBDA3AtAmAZAbAVAKAJABAB
3546405001001,BYBdBXBlBQBNBLBKBCA4A0AlAiAbARALAJAGACBSBUBcBgBTBNBMBNBEA9A1AmAhAhAZAOANADAC
3546504001001,BWBjBmBsCJBvBmBbA8A2AmAZAgAPAMACALAAAABTBfBdBnBWBFBVBFA0AkArAVAYAOAQALAGAEAC
3546603001001,BFBIBaBdBaBLBHBIA/A7A2AqAjAgAXAPAKAGACBEBNBWBhBbBPBRBMBHBBA2A1AtAeAWASAKAFAB
3546702001001,BiBaBYBgBwBkBdBRBDAuAtAYAdALAUAFAMABAABhBaBWBgBoBdBSBIA3AxAlAgAbAWANAOAFAFAD
3546801001001,BiBfBrBrBcBTBRBJBCA0ArAiAWAZAPAGAHACAABeBgBhBjBbBSBUBLBDA0AqAgAcATAPAKACADAC
3546900001001,BmBhBoBnBtBfBWBLBEAwAuAZAZAXAKAJAFADAABlBdBmBhBYBUBSBFA5AvAlAmAXAQAQALAGAAAC
3547007001001,BWBoB0BxBhBMBRBPBEAyAlAmAkAXAcAJAEAAAABlBiBiBbBLBRBLBLAxAuAdAtAVAfANAVAFAAAB
3547106001001,BOBiBgBsBLA9BHBTBDAuAlAmA+AgAeASAAAIAEBKBUBlBlBNBKBEBRA5AwA0AlArAfAcAOAMADAA
3547205001001,A2BLBaBmBaAyA1BHBfBIBAA8AZA6AdAUAQAKAAA8A3BWBKAwBKA2BWA0BEBRAzAxAmA1AYAFAFAA
3547304001001,BnBnBsBvBdBMBLBPBLA9AuAXAPAOAHAFACABAABkBkBsBwBgBRBSBVBIA6AnAUARALAKAFADABAB
3547403001001,A1BRBYBYBeAzBEBHBPBSBBAnAgA9ATAeAEAAADAyBLBYBZApA4BHBBBMBSA2BaAqA1AYAbAAAAAH
3547502001001,A/BIBUBcBSBJBJBNBEA9AuAyAwAaAcAPALAFACBBBJBUBZBRBKBMBRBGA/AzAzAuAqAdAZALAIAD
3547601001001,BUBbBfBkBUBSBLBPBCA4AvAlAgAZAUAPAHABACBPBZBgBfBSBLBQBQBDA1AuApAkAeAcAJAKAHAA
3547650001001,A0BTBeBjBUAQBeBSBTBQA2BGAoArA4ALAKAAAAAwA2BMBJBBBFBEBUA7A4BBAqAuA2AmAiAIAJAA
3547700001001,BPBWBfBeBPBKBMBLBAA0ArAnAgAgAZAOAMAGAABNBZBYBbBRBNBYBRA/A2A6AnAmApAVAXAJACAD
3547809999001,BFA/BMBUBgBTBQBJBDA+A1AnAmAhAUAOAHAGAABAA/BNBXBcBXBLBTBHBAA+AyAqAtAiATANAFAF
3547809999002,A2A+BRBjBaBMBEBMBOBEA4AtAYAZAXALAHAAACA8A8BNBbBgBTBOBXBdBLBGAxAkApAdAPAJADAC
3547809999003,BCBDBPBXBaBQBKBMBOA8A0AlAbApAUAQAEAAAAA9BDBQBiBYBVBNBaBSBFA9AtAoAhAeAWAGAHAE
3547809999004,A5BABMBdBaBNBHBNBJBIA9AqAnAaAOASANAAAAA0BABLBbBZBTBNBSBWBMA4A1AyAfAmAUAJAEAB
3547809999005,BCBFBOBjBhBQBGBRBLBDA8AjAWAgAZAJACAAAAA6BBBNBgBdBYBWBXBVBMAsA4AnAhAYAHAIAHAD
3547809999006,A+BOBgBmBbBJBLBaBOBEA1AeAXAZANAOAEABABBFBIBWBjBVBQBXBgBUBIA3AmAeAhARAHAHAEAB
3547809999007,BHBOBYBmBXBPBTBVBRBGAzAbAfAXAOAHAEAAAABABLBWBhBYBSBcBcBYBIAsAqAgAZAXANADABAC
3547809999008,A6A+BKBXBYBRBIBPBGBBAzAwAiAmAZAOAFACACA3A8BGBeBdBQBWBQBTBOA+A2ArAhAeAYAOAIAA
3547809999009,AzA0BEBNBSBKBFBLBFBFA0AxA0AhAeASAJACAAAyA3BLBRBRBLBFBUBXBNA7BDAvAsA5AlAKANAA
3547809999010,BIA4BHBXBZBNBFBKA9BJA2AxAjAfAUAMAKACAAAkA4BKBWBXBVAxBXBfBQBFA6A+AqAZAjAWAJAC
3547809999011,A4A9BMBbBUBJBHBTBRBJA9AiAoAgAbAOAFADABA0A5BFBVBYBMBPBeBVBKBAA1A1AoAbAXAIAEAD
3547809999012,BTBOBeBcBfBgBQBSBHA5AsAfAcARAPAEABABAABOBSBbBhBbBNBWBcBMA7AxAnAgAjAWANAFAEAB
3547809999013,BtBsBqBqBjBUBdBWA6A2AfAUANANAGABAAAAAABtBoBpBrBmBgBdBSBBAsAmATAgADAHACABAAAF
3547809999014,BBBJBPBhBgBRBSBKBIBBAsAqAlAXATAMAAAFAABCBABWBkBiBTBMBZBVBEApAwAlAfAZAQALAFAC
3547809999015,AtA2BGBUBiBMA/BKBABFA/AyAyAaAfATAMAAAAArA5BGBUBbBJBJBOBVBQBOA6A6AqAhAbAKAGAD
3547809999016,BWBWBiBiBdBWBSBLBEA0ArAkAeASANAJADACAABMBWBeBfBgBVBXBSBFA8A8AiAgAdAQAOADACAC
3547809999017,AsAxBFBSBPBBA+BIBMBLA3BBAoAoAfAMANACACAsAtA+BWBdBLBKBRBVBPBRA7A2ApAnAZAYAMAI
3547809999018,BEBKBNBbBaBWBKBDA+A5BFAZAoATAYAKAGACAABGBIBJBWBfBWBQBKBGBMA4A8AjApAoATATAHAC
3547809999019,A/BIBKBaBXBXBWBPBPBDAuAvAaAgARAMAEADACA3A/BIBWBaBdBYBZBVBJA6AvAgAkAVAWAHAGAE
3547809999020,AsAzA9BLBLBCBJBMBMBLAzA4AuAhAbAXAMAEACAqAxA+BUBTBUBJBaBUBXBNA4BCAnAtAWAQAOAD
3547809999021,AkAuA2BMBIBAA5BBBHBDBFAuA4AnApAdALADACAhAoA5BGBTBGBABRBNBWBOBDBDA/BCAuAbAOAK
3547809999022,AyA5BGBcBbBIBHBLBFA8A5AxAmAqAcAPAFAAAAA0A6BJBZBaBQBQBRBMBUA/BBA7AfAlAfAGAFAC
3547809999023,BDBGBTBlBoBSBHBDBDBBA7ApAhAaAMAKAJAAAABCBDBOBkBiBXBLBPBRBMBAAvAiAaAaATAIAEAB
3547809999024,AqAyBCBUBTBFA+BIBEBDBEAqA1AlAhAcANACAAAnAxA7BTBXBLBEBPBPBPBCBGA2A4AjAnAUAMAL
3547809999025,AqAxBKBUBeBHBBBFBKBFA0A4AuAeAdAaALADABAqAwBBBUBXBDBHBVBRBQBEBDA6A2AmAdAWAFAB
3547809999026,A8A9BOBfBgBOBMBKBDA9A1AmAlAYAjAPAGAAADBABABIBTBYBSBUBPBLBJA9AzAvAqAtALAJAKAD
3547809999027,BHBZBpBqBVBDBIBfBeBKArAZAPAMAIAFAAAAAEBQBYBoByBaBKBZBuBcBBAuAWARAWABAHAEADAC
3547809999028,BoBiBaBdBZBgBkBfBJA4AdAVARAOAHACAEAAAABhBfBkBaBgBlBpBcBFAzAfAbATAMAKAKAFAAAA
3547809999029,BNBHBYBfBeBSBSBSBEA9AwArAgATANANABAFAABCBPBYBcBkBXBSBQBQBDA9AmAuATARANAFAEAA
3547809999030,A6A/BKBgBbBOBJBGBIBAA0ArAtAgAhAHAKADAAA4A4BHBaBbBLBJBPBVBGA8A6A9AqAqALAKAGAA
3547809999031,A9BBBRBiBaBKBKBLBLA/BCAjAYAeAUAPAGAGABA+BBBMBgBfBNBTBWBSBIA/AzAsAiAcALAKADAD
3547809999032,BxBfBhBeBeBpBYBTA6AxAwAVAVAOACADAEADAABmBcBgBiBuBgBZBRA+A2ApAaARATANAEAAACAB
3547809999033,BYBXBjBpBhBVBUBSBOBAAtAdAaALADAFABAAAABUBVBkBtBdBVBXBeBPA7AkAoAYALAMAMABAAAA
3547809999034,BABFBYBdBfBNBQBQBWBEBBAYAbAbAIAGACAAAABDBCBVBkBjBWBXBeBaBNBAArAhAVAJAOAFAFAC
3547809999035,BIBTBWBoBiBdBQBIBAA1A8AgATAaAVAIABAAAABSBLBUBjBhBeBSBXBHBBA/AiAbAlAKANADAAAE
3547809999036,BXBbBlBpBeBiBTBOBDA4AjAhATAOAIADACABAABYBfBiBsBkBnBXBSBNA6AtAcAXAOAOABAFAAAB
3547809999037,BXBZBfBjBhBdBWBOBFA0AmAgARALAVABAAABAABaBcBiBqBiBeBfBSBLA4AuAgARAgANADAEAAAA
3547809999038,CSCCBrBUBpBuBnBKAsAkAVAPAIAGABABACAAABCJB/BiBlBbB0BhBPA9AiAIAfAJAGAFAGAAAAAA
3547809999039,BMBEBXBqBfBcBQBNBDA8A0AnAdAQAOAHAIAAAABKBKBUBfBnBhBTBRBNBEA2AtAjAVALANAMAAAB
3547809999040,BxBpBjBuBjBiBYBOBEAsAhAXAPAMACAEAAABAABzBnBmBtBkBlBcBMBAAuAgAZASAJAFAEABAEAB
3547809999041,B2BjBhBmBkBnBYBMA7AvApAWATAMAFAAAEAAAABnBjBiBnBoBpBbBMA+A1ArAXATAJAIAEAIAAAB
3547809999042,B3B6BuBhBiBZBZBJA7AvAuAIAOALADAFAEAAAAB4BrBtBjBkBcBbBMBCAxAmAPAQAMALAHAAAAAB
3547809999043,BuBuBvBoBaBTBVBQBGAzAiAdATALAGAGADACAABqBpBtBnBhBaBTBTBCAxAdAcAUALAIAHACAAAB
3547908001001,BQBPBvBuBcBNBHBTA/BCA0A0AnATAYAJAGAEACBMBOBgBnBKA+BHBDBCA2AxAtAeAgAfAQADAEAE
3548005001001,BgBaBbBkBhBXBOBRBAA3AoAiAaAeATAJALAAAABYBXBfBfBfBVBVBKBBAzAvAcAgAUAcAHAHADAC
3548054001001,BLBjBjBkBnBaBXBeBQAyAxAcAYAaASAMAEAEAABNBdBkBaBWBXBPBNA1AyAuAYAcAaAOAPAFAAAI
3548104001001,BVBTBdBrBYBWBMBKBNBBA1AqAfAZATAVAOADACBGBUBeBUBbBABMBJBAA0AuAkAmAfAVANANAEAC
3548203001001,BwBcBpBdBbBWBXBSBEAxAuAoAeAVAKAJAGAAAABfBiBlBlBXBHBFBeA/AkAaAsAsATAFAPAEABAB
3548302001001,BNBeBlBmBKBNBPBWA9A7ArA0AmAjAPAQAUAAAABmAvBXBLBbA2BuAzA+A2AtAfA7ApAXARAJAMAA
3548401001001,BABxB4BlBmBKBIBKBIAtAqAmAUAgASARAGAGAABiBKBjBiBZBMBMBDA9AsAkAyAiAjAcADAAAJAD
3548500999001,BMA+BGBYBYBYBIBLBDA5A4AfAtAcAVAPAHAGAABBBABFBRBaBYBQBUBHBBA+AzAsArAjAdAMAKAF
3548500999002,BIBGBHBVBeBSBKBIBBA9A4AkAoAYAVANAGAFABBFBABGBaBgBVBMBLBLBCA+A1AnAxAfAVATAKAD
3548500999003,A4A+BKBWBTBCBBBQBOA+A0ApArAeAeATAGABAAA1A8BHBPBTBMBRBcBUBMBDA2AwAzAkAXATAJAC
3548500999004,BkBeBfBmBZBaBTBJBBAvAdAcAgALAIAGAHACAABkBcBjBoBnBbBUBPBJA3AzAXAdAWAUAGAGABAB
3548500999005,A6A4BKBXBMBKBNBNBKA7AuAkAfAtAWANAHAGABA0A4BEBPBXBaBSBVBRBMA1A/A8AnA1AaAOAMAD
3548500999006,A9BDBEBTBWBGBJBMBCA+AtAxAnAjAfAPAKACACA7A+BABUBRBRBSBVBNBJBHAsA0ArAwATAQANAF
3548500999007,ArAqA2BIBNBEA5A+BFBCA/AvApAoAwAUAKAKABApArAxBOBaBNBBBNBTBTBPBAA/BBBHAnAVAQAF
3548500999008,BhBRBXBgBWBPBOBJBNBBA5AcAcAUAJAGADACABBXBWBVBkBhBWBSBZBNA/A1AkAeARAQALAHACAD
3548500999009,BpBbBiBoBlBdBXBOA+A0AfAbARAMAMAHAEAAAABjBdBfBsBnBcBWBUBEA1AfAlAaASAMAKABACAB
3548500999010,BmBYBdBlBhBcBbBIBAA1AlAcAVAOAIAFABABACBhBeBeBnBiBZBhBUBGA2AlAkAVAXAPAJADADAA
3548500999011,BsBdBhBgBaBaBTBQA/AwAhAhAUAXAOADACABAABrBeBeBlBkBaBYBPBFAzAlAnAZAWAPAIAEABAA
3548500999012,BMBMBMBdBaBJBOBFBFA0AtAjAiAeAUAMAFADAABMBGBNBcBjBSBTBQBMBDA9A0A5AgAfAPAKABAC
3548500999013,BGBIBTBcBXBPBIBGBDA4A2AfAlAcATATAHAAABBEBEBPBjBaBPBTBWBRBIBAAmAsAjAlAPAQADAC
3548500999014,AoAwA9BSBOA0A3A/A7BDA3A2AjAwAqARAHAIAEAnAtA9BTBXBIBBBSBWBcBNBEAvBOA8AiAdAQAF
3548500999015,AmAlAxBGBIA+A3A5BJA5A7ApAnAxAtAcASAJACAhAfAzBIBWBDBGBHA8BVBfA3BOBVBSBIAbAPAG
3548500999016,AnAuA4BPBHA6A3BCBCA9A3AyAuAkAoAMAOAPACApAtA4BPBYBHBHBaBSBSBGBRA5BIA6AqAeAOAD
3548500999017,AmAuAyBJBLA4A2BCBCA9A6AxAvAlAlAXARAFABAoAqA1BPBiBLBBBRBPBcBMBKBIA6A7AsAfATAG
3548500999018,AzA5BDBaBVBDBGBDBKBFA9AuAjAhAmAPAEAEAAAwAwBBBWBZBNBPBVBeBQBFBAA0A/AaAPAOAIAC
3548500999019,AyA2A/BUBRBHA8BDBBA7AwAuAsA4AgARAEACAAAvAyBABbBQBJBHBOBXBLBEBFBDBFAnAcAVALAJ
3548500999020,AvAtA2BLBLA/A0A8BEBCBEA1AlAyAlAYAIAHACAoApA2BLBaBEBHBUBYBVBNBJA7BEA6AjAVANAG
3548500999021,A1A1BCBPBNBEBFBEBMBAA4ApAsAcAdALAFAIACAuA7BDBVBZBUBJBZBaBRBNAyBBAyAzAZAIALAD
3548500999022,A0A1BGBTBPA9BHBLBHBDAvAzApAbAbAVAFAFAAA1A4BFBTBSBQBVBXBXBVBLAyAyA8AlAUAXAIAF
3548500999023,AyA5BEBTBSA+A2BJBKBEA8AqAjAkAcAbAFACACArA7BDBSBXBKBHBcBXBUBBBAA7A3AjAnAWAEAD
3548500999024,AuArA5BGBPBCA1BABFA9A3AsAlApArASAKAMAAAlAqA3BHBfBJBKBSBVBNBWAxBQA1BQAuAaAPAI
3548500999025,AxA1BDBVBMBJA9BKA8BGAxA2AeAxAhAXAFABAAAxA1BBBVBbBKBMBWBYBTBPA0AvA8AqAcAVAKAA
3548500999026,AqAwA5BNBRBEA+BJBABBBEAwAoArAsANAMAAAAAqAvA+BNBWBNBIBTBMBUBUA7BPAmAxAjAVAQAF
3548500999027,A0A8BHBWBTBEBGBIBJBKA+AvAsAlAYANADACACAzA2BCBYBRBVBPBSBXBWBHA8AvAnAiAVASAHAD
3548609001001,BQBWBeBaBaBPBPBRBFA0A5AnAjAcAZAUAGADAABUBYBYBcBVBQBPBIA/A0ArAtAfAhAVAPAKAGAA
3548708999001,BhBmBnBiBVBUBhBjBVA2AbAaATAEAFADACABAABcBkBoBlBcBgByBcBKAxAqAMALANAJAEACABAB
3548708999002,BmBjBmBnBdBYBdBWBOA/AqAOAQABAGAAAAACABBpBiBqBwBmBdBhBaBNA2AaARAJALAJACACABAA
3548708999003,BqBsBrBiBoBdBcBRBGA4AeAXARACAGACABABAABpBjBmByBnBfBiBQBHAuAfAVANAMAHAFACAAAA
3548708999004,B6ByBsBeBeBdBmBZBHAtAbATALAEAEAAAEAAAAB1BsBpBmBjBpBiBaA+ArAeAKAJAJADADACABAB
3548708999005,BYBXBcBmBjBaBWBIBBA0ArAkAXAOAMADAEABABBTBTBgBpBsBjBWBPBKBBAnAsAYAUAOAIACADAB
3548708999006,BwBxBpBjBfBkBdBNBEAwAiATAOAHAGAFADAAAABwBpBpBmBnBlBgBRA+AsAfAVAPAMAHADACAAAB
3548708999007,BRBTBiBoBZBNBWBaBRBDAzATATAPAGACADABAABRBVBfBmBfBYBeBjBWBBAuAdAYAMANAFADADAB
3548708999008,BkBnBsBmBgBRBTBMBDA4AvAbAXARAMAGADAAAABkBkBnBkBgBUBTBOBDAyAhAiAPAUAPAGAEAAAD
3548708999009,BpBjBeBlBgBcBeBXBGA2AeAZAQAMAEAEACAAAABbBkBhBtBnBqBmBeBCAzApASAMAKAGAEADABAB
3548708999010,BaBWBbBrBlBcBVBNBBA9AxAbARAKALACACACAABYBaBbBqBsBkBaBTBHA+AzAXAWANAMAFAEADAB
3548708999011,BTBTBeBlBdBcBWBNBBA4AoAmAYAQALAGAFAAAABRBQBaBmBkBiBZBWBLBAAwAlAhARALAGAJABAE
3548708999012,BGBLBTBiBfBMBPBUBIA/AwAqAiAQASAGACABAABCBGBTBfBjBQBbBcBSBMA6ArAmAYAWAGAGACAB
3548708999013,A1A5BGBSBbBUBKBKBEBEAtA9AxAcAUAKAHACABAxA4BIBVBfBcBTBTBWBOBIA3AxAnAcAOAJAKAD
3548708999014,AxAyA/BaBYBOBIBMBPBMBIAhAoAQAXARAIACAAA0A1BDBZBaBSBOBeBcBXBEA2ApAyAaASAQAKAA
3548708999015,BEBFBVBfBeBQBSBSBDBBA1AdAYATASALAIADACBHBKBQBdBdBVBUBbBMBHA5AoAyAWAeAUAGAFAC
3548708999016,BoBkBlBnBkBdBbBMA5A0AhAgAQAQADABADABAABfBcBjBqBrBoBfBLBFAzAtAaATAJAJALADABAA
3548708999017,BEBFBRBcBaBbBSBWBHA+AxAiAeATAQAFAHACAABMBHBSBZBkBfBjBTBQBJA2AtAjAaAJARAIAEAD
3548708999018,A6A3BEBVBUBKBRBUBNBCA2AuAuAVARAHAEAIABA4A+BLBTBYBXBWBfBaBPA3A8A0AcAiAWAFABAD
3548708999019,BFBFBUBZBWBKBMBeBNBFA7AlAcAZAKAMADACAABCBGBMBdBWBcBdBiBXBKA5ArAcAfAWALAHAEAC
3548708999020,BKBPBPBTBMBTBuBqBNBEAnAdASAJALAIACAAAABPBHBQBQBVB2B4ByBdBBA3AbAaANAKAGACABAB
3548708999021,A+BHBUBqBbBPBOBQBMBFBBAmAeAWAPAGAFAAAAA4BBBPBeBeBSBbBeBXBOBKAoAeAYAOARADAAAD
3548708999022,A9A7BTBiBeBKBPBVBJBMBAAgAYAUARACACAFADA6A+BQBlBfBXBSBjBbBXBAApArAUAJAOAJAGAA
3548708999023,BNBVBXBXBXBZBcBcBHA9AzAdAQAOAKAKAEAAAABQBSBYBdBlBjBfBlBNBBArAmAZAUAOAJAFADAB
3548708999024,A5A4A/BZBZBIBNBLBNBEBBAmAqAbASALAHACACAzA4BGBWBlBWBNBYBZBKBLArA3AlAiAXARABAB
3548708999025,AtA8A2BKBlBBBPBYBOA8A3AuAfAwAXAVAFACAAAyAzBJBSBLBjBOBVBIBPA+BDArAyArAiAOAHAA
3548708999026,A4A0BJBYBhBKBFBKBNBCAyAxAmAaAWAQAFAFABAxA0BHBWBgBTBNBVBbBPBHA6A1AnAiATAJAFAE
3548708999027,A+A/BRBjBeBRBKBGBKBCA8AvAnAVARAIACADAAA9BABOBdBdBZBLBYBRBMBLAuAkAeAYAOAHAEAD
3548708999028,BEBIBQBhBgBWBLBMBNBBA3AlAYAZAKAMAAAAAABBBBBWBhBrBdBXBbBXBMA+AlAeAYATAKAEADAC
3548708999029,A9A+BPBlBkBRBJBJBLBIA9AvAgAXAQAAAKAAAAA2A4BIBkBpBVBNBVBUBTBJAwAkAZAQAMAMAIAD
3548708999030,AyA5BBBXBbBLA/BPBOBIA+AzAlAaARATAJAAAAArA5BIBUBgBPBMBYBdBaBFBGAqAsAeARAGAEAB
3548708999031,BuBxBtBvBlBXBfBSBCAwAlAGAMAFAJAAAAAAAABlB6BvBwBjBiBeBSBBAsAZAYANAGAFAFACAAAB
3548708999032,CBB6BtBiBhBpBhBUBFAoAbAMALABACAAADAAAAB6B+BrBjBkBrBmBRA7AjAXAJAJAGAFACAEAAAB
3548708999033,B8B2BxBlBiBqBeBSA8AnAcAPAKAGADABAAABAACDByBtBmBqBiBlBQA7AkAYAOALAHACAAAEAAAB
3548708999034,BrBlBqBtBeBaBkBcBJA4AjAVAKAIACAAAAAAAABmBkBiBiBlBmBiBgBKAvAmALALAGAJAEACAAAA
3548708999035,CLB/ByBmBiBhBeBMA7AsAXAUAHAIADAFACAAAAB+B5BwBlBoBcBbBPA3AiAXAPAIAMAGABABAAAA
3548708999036,BUBUBcByBwBfBOBABGBBAyAZASAFANAFACABAABcBTBZB3B1BgBQBQBLA/AwAZAUATAFAEAEAEAB
3548708999037,BgBdBeBiBkBhBdBMBKA1ArASAQAMAGAFADABAABjBhBeBqBoBdBgBQA/A5AlAeAXAPAOALADABAA
3548807001001,AxAyBBBPBVBIBCBGBLBCA7ApAjAjAlAaAIAFAAAwA2A+BTBVBKBKBdBUBOBLA2AyA1AuAkARAGAG
3548807001002,AwA6BIBQBXBKA/BIBKBCA9AkAsAqAlATAIADAAArAwBCBZBWBJBJBQBVBIBBA8A7AuAyAlAPAFAE
3548807001003,A0A8BFBOBSBFA+BSBXBIBAAkAhAiAVAMARAFADAwA0BHBSBRBLBTBeBcBPBCAwAmAvApAgARAHAI
3548807001004,A2A+A+BYBYBSBEBGBJA/A5AkAjAgAZAMAMAEAEA3A9BDBVBZBQBJBWBXBIA+AyAwAuAqAhAPAPAE
3548807001005,A8A9BIBaBVBNBKBRBIBAA6AqApAdAUAMADADAAA2A8BKBWBbBSBVBiBSBNBIAyApAhAgAQALAHAD
3548807001006,A5A+BHBZBYBPBEBLBBA/A3ArAvAbASARALABABA5A6BJBbBdBTBJBXBRBIA+A3AyAmAiAaARAHAG
3548807001007,AzA2BEBTBTBFBGBLBJBGA2AqAjAdAfAYAOAEAAAxA4BFBTBUBSBMBYBTBQBFA0A2AwAtAiANAFAB
3548906001001,BIBLBUBmBiBiBGBFBKA9BBAkAaAbAQAGAIABACA8BCBPBiBpBQBNBIBOBIBDAlAuAYAQANAHAGAC
3548906001002,BWBRBXBbBbBcBgBiBMA+AhAkAZAMAHAGAEAAAABTBaBXBcBbBlBbBYBNBDAzAdATAPAQAEAMAAAD
3548906001003,B9B1BsBpBlBeBgBQA/AqAhAUAQAJALAEADAAAABuBuBuBoBgBbBTBOA6ApAcATAQAPAFAHAAABAD
3548906001004,AtAtA9BQBTBLBCA+A/A2A5ApA5AlA0ATAJAGADAvAwA0BQBRBLBHBHBJBGA5BMAzBJA1A5AcAQAG
3548906001005,AwA3BCBQBaBRBBBIA+A6A0ArAvAtAnARAMAKACArA0A/BTBcBLBDBKBMBGA+A6BCAvA3AjAUAOAH
3548906001006,BABGBSBnBnBaBIBVBPBCA0AnAfATARAOADAAACA6A/BRBcBeBbBQBaBWBGA3AjAaAjAUARAJAEAB
3548906001007,BgBhBmBkBYBjBfBZBJAzAmAVASANALAEACAAAABbBeBfBoBiBeBfBZBKAzAoAXAQAPANAHABACAA
3548906001008,BIBMBVBgBiBVBOBQBIA7A2AkAfAeATAHAJAEABBABDBUBbBiBQBLBQBKBGA0AsAlAiAYALAPAFAB
3548906001009,BOBRBbBoBkBTA/BMBdBDAyAsAcAOAWAIAHAAACBKBRBXBbBdBIBLBbBDBDA9AbAiAgARAFAGAGAE
3548906001010,BXBeBhBpBuBcBaBOBIA3AuAjAbAVAKAJAAAIAABYBVBeBjBgBUBUBNA/AwAoAfAWAUAOANADAAAC
3548906001011,BJBTBhBoBbBWBQBVBQA9AnAkAbATAKALAFAEAABNBRBdBhBcBXBTBXBLA/ApAjAfATAcAKAEACAB
3549003001001,A+BZBgBbBEBMBMBGAzA1A6AzAtArAkAjAAAIAABJBPBZBfBQBLBQBPA/A5A4A2AgAnAhAAAEACAA
3549102001001,BhBkBmBdBaBbBaBQBLA3AqAjAVAhAUAJAFAAAABZBiBgBdBVBRBVBNA+AyAlAfAUAaAVAHADADAA
3549102001002,BOBOBdBiBeBTBPBQBKA9A1AgAeAVATALAFADABBMBQBQBhBdBSBQBWBKBCA0AiAfAfAaAGADAEAC
3549102001003,A9BFBQBfBXBOBJBHBDA7A2AiAmAfAYAPAMADACA+A/BNBaBbBNBNBTBQBFA6AtA0AkAnAYAPAIAC
3549201001001,BWBTBTBcBQBRBKBGBaA/AnA3AlA0AZAAAAADAHBVBPBbBeBfBJBUBaAyAkAoA4AWAgAQARAFABAN
3549250001001,BCBSBtBjBPBNBNBWBFA/A4A0A2AQAGAWALAAAABBBRBWBaBoBcBTA6AvBIAsAnAwAZAXAJAKAAAA
3549300001001,BLBSBpBeA9A3BNBBAnAwA2A8BGA5AcAdARAAAABBA9BKBgBDBGA8BIBBBEBAAqAvAsA0AhADACAA
3549409001001,BRBTBYBoBgBYBOBKBGA4AuAjAbAZAQALAFACAABMBVBaBiBfBTBNBRBEA7AyAoAlAXAVARAIADAC
3549508001001,BlBuBkBiBdBoBMBAA+AxAzAjAZAVAMALAJABAABwBhBcBgBbBRBHA/A5AwArAlAWAcAOANAGAFAB
3549607001001,BZBvB3BtBXBVBGBGBBAsAuAlAhAlAWASAAAAABBgBEBlBiBeBEBDBLA6A1AmAYAjAjAbAPADABAC
3549706001001,BLBdBlBlBVBHBHBKBHBAAtAlAbAcAZAMAHACABBKBbBgBhBUBKBLBNBLA8AyAiAkAcAYAQALAEAC
3549805001001,A9A+BFBVBaBQBFBGA+A1AsAyApAqAVANANAHABA+A1BGBaBeBRBOBQBMBGBBA4ArAsAvAfAUAJAD
3549805001002,BCBFBOBcBeBSBKBLBBA7AxArAnAhAWAOAFACACA8BCBDBYBhBRBMBVBPBEBFAvAwAjAVAYAQAFAE
3549805001003,BMBcB+BrBTBGBHBmBTAvAaAmAPAQAQAJAEAAAABKBYByBoBNBFBhBsBUAyAmAiAlARANAHAFAAAA
3549805001004,BkBwBuBdBVBUBiBfBCArAfAaAUAMANAEACABAABdBpBlBbBTBbBnBZBIAwAiAhAWARAJAHABACAA
3549805001005,AuA2BNBZBjBEA5BBBABFA6A9AzAeARAUAHADAAAvAyBLBiBfBNBIBOBWBTA+BGAwApAkAXAQAHAC
3549805001006,AuA1BBBYBdBGA9A+A/A5A7AuAzArAmAMATAAADAtAwBCBQBbBLBDBPBQBLBOA4A1A6AzAiAOASAD
3549805001007,BVBUBOBbBqBrBXBXBIA6AsAkATAXAUAIACAAAABPBLBNBaBiBhBWBQBLBCAwAlAgAUANANAFABAC
3549805001008,BHBUBSBeBiBZBTBSBHA8AxAjAeARARAGADABABBJBOBUBYBiBeBZBZBRBFA+AfAlAPAWAIAHAEAA
3549805001009,BgBWBSBjBsBvBiBFA+A5ApAcATAPAOAHAAAAAABaBYBOBkB1BoBWBNBKA8AmAgAZAMAOAGACACAC
3549805001010,A3BFBNBZBeBTBFBKBEA6AvAzAmAZASAeADAEABA5A+BKBYBiBbBQBYBJBFA/A7AnAvAfAQALADAA
3549805001011,A4A7BOBaBcBJBEBMBBA8A3AwAhAiAcAVAHAGACAxA+BIBdBZBTBOBNBNBFBBA/A6AtAZAOAOAHAH
3549805001012,BFBMBZBmBZBOBGBMBRBEA3AjAZAXAXADABADAAA+BPBWBnBbBRBRBfBcBJA3AjAkAYAWAKAEADAA
3549805001013,BEBBBRBeBeBYBRBOBIBCAqAuAjAUAJAOAFAEABBGBDBNBdBiBaBaBUBWBHA3ArAqAXASASAGAFAA
3549805001014,BIBRBaBkBZBKBNBXBSBGAuAmAeAOARAFAFAAABBDBKBTBjBZBWBZBjBcBBA2AlAXAfAPAGAIAEAA
3549805001015,BFBSBjBgBRBJBaBiBTA8AhAmAdAPAGAGAHABABBGBQBgBnBSBOBqBoBcBAAtAjAhAOAOAKAEADAB
3549805001016,BbBbBgBhBnBdBWBTBBA2AjAgAVALALAJABACAABaBXBhBhBsBdBXBWBMA5ApAfAhAPAMAEACABAA
3549805001017,ArA0A9BYBbBHBCBEBCBBA9AxAwAjAYARAJAFAAAlAwBBBgBmBRBJBUBWBOBFBDA0AsAkAcAVAHAG
3549805001018,A5BGBaBgBLBEBJBaBYBGA3AfAiAVALAHADABABA5BKBWBiBbBaBfBzBfBIAxAoAiASAZAIAIABAC
3549805001019,AkAtA+BRBTBHBABEBEA/A9AgAhAgAnAVAIAEACAlAxA/BfBtBYBQBbBVBTBAAzA5A8BBAhAIAHAC
3549805001020,BoBhBfBgB4BrBkBUBKA3AlAkAeAQAMAGADABABBpBgBZBPBdBUBTBEA6AxAkAcASATAMAIABABAB
3549805501001,BWBaBbBdBeBWBXBMBDAzA1AgAkAeAWALADAFABBTBVBWBUBVBbBQBLBAA2A0AkAjAbAeAJADAFAC
3549904001001,BsBrBrBsBtBfBWBIA8A1AqATAWAJAHAFACAAAABpBlBfBsBtBcBTBLBCAzAhAYAMANAJAHACACAB
3549904001002,BzBtBsBlBjBVBUBIA7A1AjAVANAHAGAEAHACAABpBoBzBvBnBYBQBQBFA3AjAcAXAMAEADACAAAA
3549904001003,BsBtBsBmBlBZBWBZBIA8AaAcANAGAEADABABAABmBuBqBsBgBaBbBWBHAwAdATARAFALACABAAAB
3549904001004,BiBnBsBtBiBPBUBcBLA9AsARALAMAHAIADAAAABZBqBpBoBZBWBZBiBIAzAYAeAOAQAIAGAEAAAA
3549904001005,B1BnBpB4BrBhBLA7A3AzAhAWARAGADAHABABAAB5ByBuB2B1BbBFBCA9A5AeAbASAKAKAEABAAAA
3549904001006,BIBRBaB0BrBZBKBGBJBHAtAoANAVAMADADABABBJBNBdBvBrBUBOBTBUBMA0AhATAVAOAGAGACAB
3549904001007,BSBXBrB2BoBPBJBLBRBFAwAZASAMAFAHACACABBPBTBpB1BiBTBRBbBVBBAqAUASAMANAHAFABAA
3549904001008,BGBDBVBcBZBNA6BHBFA/AxAlAoAWAcARAJAEABBDBFBRBeBcBLBHBQBMBEA9AyAjArAfAlANAGAC
3549904001009,BLBOBMBbBdBHBQBTBJAzA6AbAYAUAfAIAJAIAABQBPBYBbBYBdBOBWBHBDAuApAeAoAdAQAPAGAA
3549904001010,BPBTBTBbBXBSBOBLBAAzArApApAYAPAKAHAGAABNBIBOBZBfBUBRBVBFA7BBAsAvAcAgASAHAHAA
3549904001011,BNBXBsBzBdBLBIBKBYBOAwAcAUAIAGAEACAAACBJBSBlBzBjBSBWBfBjBCApAYARAKALAIAFABAA
3549904001012,BnBjBnBhBXBQBWBWBIAyAlAeARANAPAEABADAABhBjBmBlBYBUBiBbBHAwArAYATAVANAJAEADAB
3549904001013,BlBkBqBmBjBdBUBIA9A1AtAfAUATANAHADACABBkBfBhBoBfBXBPBKA5A3AvAZAdANALAGAIACAC
3549904001014,CNCDBxBaBVBbBlBNA4AjAfAGAIAHACADAAACAACICJBsBgBdBtBnBSA1AlAWASAKAIAGABABABAA
3549904001015,BRBVBeBqBrBQBQBTBLA9AwAeASAQALAEAFABABBPBQBiBiBiBXBZBdBNBCA3AaAfAPAKAHADACAA
3549904001016,BUBRBiBqBmBcBTBLBCA8A2AdAaASAHAFAEABABBTBRBWBnBlBdBTBSBHA+A1AhAaANAOALAJAAAD
3549904001017,A7A9BZBsBtBNBBBJBNBOA+ArAZAQAMADADADABA4BCBYBsBlBVBOBZBZBWBHAjAbASAPAMAHAHAB
3549904001018,BNBPBUBYBoBhBeBIA+A0A8AgAdALARAKABADAABPBPBSBiBsBgBZBNBDBCA1AuAaAXASAGAMAEAA
3549904001019,BUBLBSBdBYBXBnBhBNA+AyAaASAKAOACACAEAABMBJBUBbBgBuBlBqBTBBArAgAVAOAQALADAAAA
3549904001020,BwBtBrBoBsBlBcBRA+AvAoASASAPALAEAEAAAABtBnBkBhBbBfBWBLA4AsAjAVASAOALAHADACAA
3549904001021,BvB1BxBoBmBXBRBRBHA5AfAZANALAGAGACAFABBrBmBoBtBfBVBWBQBBAxAYAbAPAMAHADAEABAB
3549904001022,AyA7BQBfBLBBA/BSBjBXA2A5AbASAPAOABACAAAzBABTBiBaBHBJBoBtBgA+AiAlAVAaASAMACAF
3549904001023,A4BGBcBvBeBJA0A/BWBRA/A4AdATANANADABABA5BGBUBoBcA2BABdBhBWBFAvAhAXASAQAMACAE
3549904001024,BOBPBlBsBiBNBMBNBSBGAyAhARANAHAIADAAAABIBVBcBzBoBQBUBZBbBIArAgAOAVAIAHAIADAB
3549904001025,AxAzBCBSBUBNA/BLBPBGA4AuAkAWASAMARAEAEArAzBBBdBoBVBMBaBaBVA8BAAvAqAaAYAaAQAC
3549904001026,BrBkBhBrBcBWBNBKBEA4AoAmAYAgAaAJADADACBnBmBoBeBUBKBFBJA6AvAqAgAhAQAPAGAEAAAB
3549953001001,BvBeBoBiBlBWBUA+A/A2AvAeAbAVAUAHADACAABhBvBqBvBRBcBJBPA7AvAhAeASAXAMAEAHADAA
3550001001001,BYBiBaBkBPBTBNBNBGA1A1AoAuAZAeAQAGAEAABLBfBfBgBJBSBFBGA7AwAoAxAlAeATALAMADAD
3550100001001,BYBZBfBjBcBSBOBJBBA3AwAgAiAYARALAHACADBZBZBeBgBdBTBMBIBAA4AkArAcAhAVANALAGAD
3550209001001,BpBtBzB0BaBIBOBJA6AuApAkAiAQAQAJAGACAABjBpBsBiBUBMBPBEBBAtAnAgAZAVAPAKAFACAA
3550308999001,BKA7A/BGBrBpBdBUBHA+AlApAVAbAUAKAEABAABGA5BABVB0ByBcBRBRBCA8ApAiAgAcANAMACAA
3550308999002,A0AqAvA/BqB1BvBbBNA7A1AgAUAbAUANAGAEAAA1AtAtBABhBsBhBaBVBOBLAwApAvAlAXAPAJAD
3550308999003,AnAhAkA5BdB1ByBjBSBEBEAxAmAdAhAPAMAHAAAqAnAmA9BfBnBSBNBZBMBFA3BAAkAiAcAMAFAI
3550308999004,BBAyA0BMBvB/BuBdBOBAA3ApAcAiAPAIAIAHABA+AvAyBKBrBnBXBMBHBBA2AuAuAWAcASAPADAC
3550308999005,BGBEBBBLBiBgBRBHBIA1AxAoAhAmAcAPACACADA8A+BCBQBcBcBUBRBIBFA2AyAuAjAuAZASAJAB
3550308999006,BPBIBHBOBpBjBRBHBAA1AuAVAZAfAVALALAEABBKA6BEBXBqBeBQBRBIA+AzAvAxAiArAcAEAMAG
3550308999007,BVBJBFBPBkBjBZBaBPA8AmAkAXAVASANAGABABBNBCBCBRBiBcBZBbBRA/AxAjAgAfAgAVAJAFAB
3550308999008,A+A2A+BPBZBMBIBIBCA5ApArAhAbAgAWALAGABA6A0A+BSBcBTBSBNBRBLA8A5A5AxA3AkAVAJAE
3550308999009,BBA4BDBOBWBdBXBNBAA5AsAjAWAeARARALAAAAA8A5BFBQBkBoBfBfBXBGA+AsArAfAmAcAQAKAD
3550308999010,AtAzA7BLBdBLBCBABIA/BDAlAqAbAbAUAIAMABArAtA6BRBhBYBNBWBYBVA+BDAyAuAlAxAZALAD
3550308999011,A2AzA3BLBWBhBOA9BGA8AsAuAdAaAgAQAEAFAHA1AzA2BPBiBuBbBkBXBRA2BGAoAnAiAYAVAMAD
3550308999012,A0AtAwBHBwBvBaBEBEA4A0AeAjAQASALAEADABA5ArAzBNCBB6BgBaBVBNBFAyAkAqAiAgAMAFAC
3550308999013,BBAwA0A/B9CFBtBYBEA3AoAdAMAbAPAMABACAAA+A3A1BIBxB5BgBVBQBIBFAkAeAkAhAUAVACAA
3550308999014,BBA0A2A+BiBrBaBRBBAqAzAaAiAPAVAKAFAHAAA6A3AzBMBtBsBoBXBYBXA8A1ArAtAwAUAOAGAG
3550308999015,AoAoArA7BWBVBMBBA9A+A0A1AkAfAhAWALAIAEAjAlA0BIBlBrBXBUBZBRBOA2A2AzAzAvAhANAH
3550308999016,AmAjAnBABsB1BiBQBBA8AuAqAdAbAbAPAEAEADAmAeAoBDBzB4BkBXBZBVBGA9A0AlAnAhATAMAF
3550308999017,AmAnAtBCBKA7AvBAA8A1A9AwAwAgAmAbAPAIADAlAoAvBJB1BbBJBSBZBWBHBOA9AyA7A+AnAUAA
3550308999018,AlAlAkA+BlBlBRBOBDA7AsAuAkAUAUAaANAEACAmAjAlBDB4BsBdBVBXBQBSA1AyA1AvAiAjAUAG
3550308999019,AkAgAnBGBxBtBkBTBHBAAzAnAaAeARAXAFACAAAiAgAlA1BvB6BgBcBZBTBIA3A2ApAkAvATANAE
3550308999020,AlAnAwBBBRBGA6A9A8A+AzA1AuAjAXAsAKASAEAmAlAuBIBzBeBRBQBWBYBXA9A3A0AvAqAiARAF
3550308999021,A8A0A5BGBkBwBhBNBJA9A+AZAYAXAVAMAGAGACA9AxA5BOBpBnBXBYBVBMA9AvAkArAmAgAEAHAD
3550308999022,AuAoAtA+BmBmBVBPBUA/AqAiAWAeARAKAKAFAAAtAmAvBCBkBlBaBgBQBWBUA+AoA2A5AhATARAH
3550308999023,BBA1BBBSBZBTBPBCBAA4ArAuAfAnAdAaAGAFAAA8A3A5BOBlBcBNBPBJBEA8AxAuA0A3AoATAJAA
3550308999024,BGA+BFBTBbBVBHBGBAA1AwAbAeAaAcAUALADABBIA+BCBVBlBXBPBRBOBIA6AtAwArAnAqATAIAD
3550308999025,A0A4A+BPBUBGA8BIBIA8BDAWAjAoAhAVARALAAAtAuBCBKBSBIBKBSBUBNA7A6BCA7AzAqAYATAH
3550308999026,AyA2A/BOBOBJBBBOBLA/ArArArAdAgAeANAFAAAvAxA+BMBQBKBNBVBTBLBHAsBGAwA+AtAUAHAI
3550308999027,A2A3A+BKBQBHBGBJBGA6AyAkAvAuAiATAJADACAwA0BEBGBUBRBOBbBSBHBBA7A6A1A8AhARAOAD
3550308999028,AyAwA/BIBLBHBIBLBHA+A1AnAoAnAbAZAMAGABAyAxA5BNBaBSBNBYBRBMBBA7A2A6A/AeAYAJAH
3550308999029,A4A2BCBXBaBLA+BEBJBHAwAnAhAiAYAYAGAEADA3A5BGBaBaBOBJBTBaBOBCAxAsAtAuAgARAOAG
3550308999030,AxAwA2BIBYBVBKBRBEBCAqAuAfAcATAVALAHABAuArA0BJBjBnBcBbBgBUBIAvArAxAsAgAWARAF
3550308999031,A1A5BABJBRBGBFBQBUBFA+AiAhAhAUARAKACADAzA0BBBPBYBWBZBkBgBUBAA2AqAqAfAbARAJAH
3550308999032,AwAuA6BPBbBJBEBGBEBFA4AwAkAZAQASAKADAAArAtA3BaBsBgBQBQBeBjBEBAArAhAoApAZAJAI
3550308999033,AkAjAwBGBgBTBBA+A7A/A/AlAaAeApAWALAJABAgAjArBGBmBiBSBQBVBaBSA/AvA+BBAtAfASAN
3550308999034,AiAiAsA/BUBNA+A+A7A+A8A6ApAcAeATARAJAEAjAiAwBGBrBlBQBPBZBZBcA/AxA9AzAyAgAQAI
3550308999035,AiAhApA7BWBTBDBCA/A6BBAyArAeAhAXAMAJAAAgAiAlBFBrBrBWBXBWBXBWBDBBAsA+AvAUARAI
3550308999036,AhAdAmA6BMBNBDBAA9A6A2AyAsAdAhAeAMAKACAfAiAnA8BsBoBVBYBTBeBVBKA9A1A1A5AhATAO
3550308999037,AoArAwA2BNA9A0A6BBA9A+A3AxAZAuAfAJANADAlAqAtBGBiBWBMBRBZBcBHBTA8A7A8AxAbASAG
3550308999038,AlAjAxBKBoBkBRBMBCBAAyAuATAfAaACAMADAEAkAkAtBIB3B2BdBjBgBiA8BDAqAjAlAkASANAB
3550308999039,AqAlAtA8BNBHA/A/A+A4A5A1ArAaAaAeASAFAHAmAnAsA/BqBeBPBSBUBgBSBKAxA5A1A1AfATAU
3550308999040,AoApA6BQBaA/AzA+BBA/A5A1AqAiAhAXAIAFAFAnAmA2BPBtBSBFBRBYBWBOBFA0A3AqAwAaAXAH
3550308999041,AlAjA7BMBoBJA6BAA+BBBDArA2AkAfAEAOAMACAkA2AsBUBvBTBLBQBUBYBdA3ArAwAwAYAWAVAI
3550308999042,A9AzAyBHBbBgBVBQBLA6AqAlAcAbAbAKAMAAAGA4AwA7BSBXBjBbBaBaBPAuBEA5AkAnAcATARAC
3550308999043,AsAtAzBBBSBGBCBBA7A4A4ArAkAjAjAfAOADACAvAqAyBCBpBiBVBSBUBVBHBEA8A1A2AwAaALAI
3550308999044,A3A3A8BNBgBNBFA+BCA5AtApAdAaAuALAHADACAzAzBABOBmBnBLBSBPBGBHA5A8AoBMASAPAQAK
3550308999045,A+BCBGBXBZBIBEBGBIBCA0AlAYAlAYAOAFAAADA9BCBNBXBdBZBOBTBXBTBGAsAkArAoAWAPAEAF
3550308999046,BAA8BJBQBaBRBGBLBCA1ArAkAqAaAeAOAGABABBCA5BKBYBkBTBTBSBQBEA5A5A+AmAsAbANAFAG
3550308999047,AuAqAxBHEKD2CzCCBhA+ArAaARATARAGADAEAAAtAuA0A1A5A7A2A1AvAsAfAZAZAWAXAXAJAEAC
3550308999048,A7BCBCBXBlBYBJBEBBA7AlAsAvAYAdAJAGADADA7A9BKBcBlBcBIBOBIBJA4A0AvAsApAVAYAEAC
3550308999049,A9A4BHBVBWBSBFBIBHA5AzAmAoAgAcASAGAEABA4A6BEBVBhBSBMBQBTBKBHAwA0AuAqAeAKAKAE
3550308999050,A3A5BGBUBZBUBLBJBEA8A6AeAlAdAlAOAKAFAAA4A1BGBTBYBXBMBPBQBGBBAuA7A2AhAmARAGAG
3550308999051,BCBBBKBZBdBWBHBGBAA4AsApAiAdAYAPAKACAABCA/BNBfBkBYBSBUBNBGA4AyAsAnAlASANAIAD
3550308999052,BFBDBHBZBfBXBMBJBDA4AyAgAkAaAXAMAFAEAABFBABLBaBkBaBTBSBNBHBCAqApAjAeAYAOAEAD
3550308999053,B4BwBrBiBpBmBXBOA7AqAZARANAHAGADABABAAB3BzBpBqBoBlBZBRA7AtAcAYAUAHAHAEABABAA
3550308999054,BuBcBaBdBjBiBTBLA7AyAeAbAbARANAHAAACABBxBcBXBoBvBcBSBPBAAyAsAhAWAYATAHAFAAAA
3550308999055,A8A1A7BRBRBRBNBKBEA5A2AjAiAkAhASAQAEAAA5A2BABPBVBYBLBTBPBLA3A5ArA/AzAkAYALAC
3550308999056,A6AwA9A+BRBSBYBaBPBBA0AjAiAfAdAUAKAGAAA3A3A5BBBUBcBaBaBTBGA3A8AtA2ArAoAOANAE
3550308999057,AwA0BEBPBSBABCBMBNBGA2ApApAkAjARAJAEABAsA1BDBNBVBOBKBcBZBSBKAyAuA5AzAiAUAFAD
3550308999058,AyA1BEBJBKBIBHBMBHBBA4AjArAiAcAUAKAGADAxAvA8BbBSBNBOBXBdBMA8A8A5A3AtAmAQANAH
3550308999059,A6A0BCBNBSBHBHBKBEA/A/AdApAeAiAVAMACAAAvA3BEBTBWBOBJBXBSBKBDA1AuA9AqAfAbALAK
3550308999060,A7A2A9BNBXBOBIBHBDA6AzAsAvAjAkAPAIADAEAyA2A9BOBYBQBNBUBOBPA2A/A4AzA1AoAOAKAE
3550308999061,A/A/BHBSBUBPBHBKBCA7AyAjAnAjAhAXAHADABA2A4BDBPBVBUBSBZBOBHA5A1A9AtAyAhAGAIAE
3550308999062,A1A6BIBVBWBLBFBKBLBCA8AqAlAfAaAUAHABABAyA6BGBZBfBSBLBVBVBOBHAvA1AnAfAdANALAB
3550308999063,A9A9BNBTBXBNBHBKBDA7AxArAmAhAWASALADAAA7BCBIBYBXBPBQBYBQBIA/AxAtAuAjAdAYAFAD
3550308999064,A7A3BGBUBYBOBGBIBFBCBBAgAlAnAaASAKAEAAAyA7BEBPBfBMBRBQBUBKBAA0A4AhAnAfATAOAD
3550308999065,A0A0A+BXBTBGBBBMBIBGAwA0AjApAdARANAEABAvA1BCBSBZBOBJBUBVBTA9A8A3AsA8AaAPAKAC
3550308999066,BYBSBZBWBlBXBRBDA+A1AiAoAXAZAWAKAFACADBYBMBNBdBaBWBQBOBCA8A4AoApAqAgAVAKAEAD
3550308999067,AsAxA6BJBNBEA8BIBDBBAzAnAoAjAtAVAOAFADArApA9BQBTBJBLBUBWBSBLA6BDA3BEArAYAOAB
3550308999068,AwA0A7BNBZBOBFBEBBA6A6AfAwAmAkAPAHAKAAAsAvA6BOBZBSBNBNBWBPA9A9A5A0A6ArAbAKAF
3550308999069,A0A9BGBLBSBMBIBCBDA+AwAuAnAoAQAQAKADAFAyA2BCBZBbBVBOBUBSBNBKAxA1AsAvAhARAPAF
3550308999070,BFA/BMBUBcBNBABJBGA4BBAVAnAbAgAWAFACAAA/A7BIBUBdBQBIBXBVBLAxA7AxAyAnAVANAGAF
3550308999071,A0A7BFBQBPBHBLBTBKBGA4AeAfAaAZAPAIACACA4A9BJBUBYBaBZBhBcBRA2A3AuArAeASAbAGAE
3550308999072,AvA2BDBRBUBHBABGBIBCA4AoAkA2AgAPALABABAsAwBDBSBcBRBPBVBaBKBGA4BAAsApAaAaAEAD
3550308999073,AtAuA/BOBaBRBGBIBEBIA6AkAdAeAYAVAIAEABAqAtA9BRBkBjBUBWBfBZBNAyAvApAsAeASAMAF
3550308999074,A2A1A9BFBPBUBVBaBLA9AwAjAdAdAaALAHACADA6A4A9BIBZBhBhBfBfBQBEAuAmAoArAVAXANAF
3550308999075,AoAxA6BLBaBWBFBEBKBKA6ArAlAQAcAKAEAKABArAsA2BLBjBqBVBbBgBgBPAtAoApAuAZAVASAD
3550308999076,AlAmA4BEBNA/BOBFA8BAAzAoAxAtAiAXAMAMABAiAlAzBNBTBPBABSBXBNBTBPBFAwA8AmAmAYAL
3550308999077,AnApAtA/BYBGBCBCA/A+A/A4ApAhAfAeAUADAAAlAmAyBGBqBdBTBbBaBYBOBDA5AsA1AoAXAHAG
3550308999078,AnAkAsBEBMBRA+BDBBBABHAoAsAdAkATAJACABAmAhAwBLBlBoBZBZBVBaBUA6A3AvA9AgAjASAG
3550308999079,AlAmAsBFBPBJA6A8A5A9BMAyAkAoAWAZAKADAEAmAiAuBBByBgBNBNBZBeBvBBArArBCAeAkAaAJ
3550308999080,AlAlAsBABRBVBKBLA/BCAzAsAmAUAQAYAPAKAAAmAgAxBIBjBlBZBcBcBdBEBHA6AvA4AtAeAQAH
3550308999081,AmAlAyA/BSBGBBA+BAA7A8ArApAlArAiAMAGAEAlAmAuBEBcBZBOBXBYBXBQA4A2A2BHAoAdAXAO
3550308999082,AwAtA4BGBRBOBMBVBFBDA7AoAeAdAfAOAHAHABAsAqAyBLBeBoBeBjBZBYBGA3AuAyAkAoATAHAG
3550308999083,A0AyA/BGBPBFBFBTBXBGA9AiAlAcANANAEACABAuA0BABNBXBeBWBsBlBaBHAvAmAnAyAhAWAFAG
3550308999084,AyAyBFBOBWBFA/BKBSBLBCAtAbAUAaAWAJAFAAAuAuA7BUBcBOBLBgBoBbBSAnAsAsAoAeASAJAF
3550308999085,AtAwA2BHBcBEBABKBLBJBEArArASAaARANAJABAjApA2BNBnBaBWBaBfBfBVAtAuArAwAeASALAG
3550308999086,AsAyA2BHBYBXBSBSBKBBA/ArAnAPAeAIAHAJADAsArAyBJBiBkBZBdBcBbBEA7AzArAkAdAUAGAC
3550308999087,AqAvA/BIBUBMBCBGBEBBA0AvApAjAfARAIAEAAArAwA5BOBkBiBXBbBaBTBNA/AyAzAeAgAXAIAE
3550308999088,A1AzA9BEBSBTBUBNBMBAAtAkAbAhAeAQAFAGACA0AxA6BJBbBiBYBfBdBPBCAzA2AqA0AXASARAD
3550308999089,AsAxA8BPBQBHBEBIBIBEAvAzAoAfAgAUAIAKABApAqA9BMBUBOBMBWBdBXA8BAAsBBA+AkAbALAF
3550308999090,AwA0A8BPBaBOBGBCA9A+AzAuAvAeAgAWAIAGABAwAvA5BNBgBPBKBSBQBLBJA7A7A2BBAgASAKAG
3550308999091,AsAvA5BHBLBJBEBNBGA9A1AqAsAnAgAXAPAHACAuAuA4BGBWBSBQBXBUBOBHA7BAAvAzAnAeAPAI
3550308999092,BQBIBOBbBgBVBMBKBBA7AxAgAaATATAHAHADABBOBKBPBjBpBWBNBWBOBIA0AuAoAgAeANAHADAE
3550308999093,BUBHBSBXBmBZBJBBA+A3A3AfAiAYAQALACACAABEBDBMBZBqBbBKBNBMBEA1AzA0AnAiAQAKADAB
3550308999094,BRBLBXBhBiBOBHBGBAA6AtAlAgAVAPAIAEAAAABLBNBRBnBlBWBRBOBUBFA6ApAoAZAfAQAGADAB
3550308999095,BWBIBSBgBhBQA6BFBNA8AtAaATAhASATADADAABDBDBQBWBhBUBfBWBQBMA5AiAnAsAbAUAHAIAA
3550308999096,BCA9BSBZBcBKBCBBBAA6AnA0AYAhAgANAGAEACA/A+BOBhBjBUBPBRBTBJA9A1ApA1AiASAMAGAF
3550308999097,BGBDBJBaBcBNBJBNBJA3AvAkAjAZAVAOALAFAABBBDBLBaBZBVBSBTBQBGA/AtAuArAfAXAIAGAD
3550308999098,BVBJBQBuBjBJBMBPBAA2ApAbAdAQATAGAGAAACBHBEBRBzBqBoBaBLBPBCAqAqAeAfAZAMAOACAD
3550308999099,AwA1A+BPBVBFBFBIBJBEA2AvAxAaAaAJALAHADAuAwBDBPBcBRBTBVBdBWA5BJAvAvAvAbATAKAC
3550308999100,AsA0BABNBMBCA5BFBKBMA2AtAuAYAfAZAHADACAwAuBEBSBaBLBFBeBfBXBGAzA5AxA3AlATAHAI
3550308999101,A5A9BFBVBSBGBFBOBMBAAyApAlAeAWAOAKAEABA8A7BIBVBcBUBRBaBVBOBEAsAuAvAlAYAOAKAE
3550308999102,AuAwA/BMBOBBBCBJBKBDAvArAkAsAdAVAIACAGAwA0BBBNBdBRBKBYBZBWBAA5A0AzA6AhAUAPAF
3550308999103,AyA3A9BQBWBHA9BEBCBEBBAoAhApAYAUAHAFAEAvA2BKBWBfBPBJBRBYBcBBA+AxAxApAaAWAJAF
3550308999104,BAA8BHBUBSBOBMBIBFA9ArAqAlAYAgAQAFAEAAA7A7BHBVBbBUBPBVBSBMA8A3A3AtApAWAOAMAE
3550308999105,BHBHBRBfBgBUBIBHBEA4AtAkAXAXAcAPAJACABBBBGBNBeBgBVBOBSBRBGA+AlAsAqAcAYAHAGAE
3550308999106,BFBCBOBVBdBWBIBKBEA9AuAhAgAVAcAPAEABABBEBHBNBfBgBYBUBVBSBFA5AtAlArAfAUAOAEAA
3550308999107,BCBDBKBdBWBNBHBJBFA8AvAiAhAhAZATAEAEACA+A9BJBaBdBTBPBXBTBHA9AsA4AqAjAYAMAEAF
3550308999108,BUBMBXBhBlBTBMBBBCA8AmAqAaAYAQAHABABAABQBHBYBvBnBYBLBQBUBFA8AmAlAYAUAOADADAB
3550308999109,BXBTBUBhBkBcBQBOA+AtAmAeAdAUAQAIAHAEAABVBUBVBmBoBeBaBVBGA4AxAjAgAgAUAMAEADAB
3550308999110,BSBNBQBcBbBVBNBRBAA1AsAdAhAXAYAKACACAABQBJBWBaBiBZBcBSBLA+AwAzAuAdAdAPADABAC
3550308999111,BVBQBRBkBoBaBLBGA9A3AwAiAmASALAKABABADBOBKBQBkBmBZBNBVBMBEAxAvAmAWAVARAGAFAC
3550308999112,BLBHBJBVBTBVBJBHA/A2AsAmAgAjAZAQAJADACBJBABOBWBbBSBKBPBMBCA1AzAwAqApAcARAKAG
3550308999113,BLBKBeBUBZBQBOBUBEA5AqAmAmAVAOAGAEAAAABRBGBXBiBYBdBbBbBOBDApA3AkAaAaAOAFAFAD
3550308999114,BiBZBaBgBVBQBYBTBNAxAqASAUAXANAIACAAAABfBYBgBdBdBcBZBeBKA4AuAaAbAXAbAKAEABAE
3550308999115,BIBFBUBYBUBOBIBKBFA5AyAiAgAZAZAKAKAEABBEBDBOBbBeBUBQBVBPBDA8AyArArAgASAOAEAC
3550308999116,A7A5BIBWBRBLBFBMBDBBA3AjAtAiAVARALAAABA5A5BHBRBYBSBVBTBTBMA5A3AmAxAtAdAYAGAH
3550308999117,A9A/BGBUBRBNBOBNBJA4A3AdAVAmAiASANABABA9A5BGBVBbBUBSBYBTBIAxA8A7AzAnARAQADAF
3550308999118,BDBDBKBSBSBTBRBOBGA1AoAwAdAlASAOAIACAABDBCBLBVBVBdBZBLBPBIBEAsAlArAiAbATAHAB
3550308999119,BFBHBUBdBZBPBFBIBDA+AtAnAdAbAVANAIACABBHBIBOBeBiBUBRBSBQBFA8AtAqAiAlAQAJAGAB
3550308999120,BEBDBPBdBVBOBIBHBIA8ArAnAlAcAPANAIAHAABBBEBTBXBaBUBQBaBTBAA5AyAmAoAjAVAWAHAB
3550308999121,BEBHBIBZBUBPBHBMA/A4AoA5AnAaAZARAHAHAABBA9BKBRBXBVBJBQBOBGA8A7A/AjAjAXATAGAB
3550308999122,BBA+BFBOBOBHBQBTBGA5AzApAkAjAVAXAHADABA5A8BJBOBQBWBWBYBTBFA4A8A9AiAsAgAJAKAC
3550308999123,A+BBBUBUBQBIBHBOBMA+AzAjAfAbAhAOAKABACA+A/BOBbBRBMBPBaBVBLA8AuA6AqAvAPALAEAA
3550308999124,A9A9BKBRBXBJBEBJBBA8AyAnAqAlAgAQAMABAAA4A7BLBXBVBSBKBTBNBIA4BBAzAtAnAcAWAJAD
3550308999125,A/A+BJBVBZBLBGBNBEA7ApArAqAdAdAWAHADAAA7A8BMBaBdBLBQBYBSBEA7A1AuAzAlAZAHALAB
3550308999126,BBA8BKBaBRBVBGBNBEA+AwApAnAaAbARAGABAABCBABEBVBcBYBOBRBUBNBDAtAoAtAlAOANALAH
3550308999127,BeBYBXBgBaBYBVBMBDA1AjAiAeAVAMALAEABABBRBOBUBgBkBdBaBRBHA/AxAlAkAXAYAKADAFAC
3550308999128,BABBBKBUBTBOBJBRBGA7AzAoAjAhAeAUAHAAACA/BABLBYBWBSBSBZBLBFA4A1AwAxAeAZALAFAA
3550308999129,BCBIBTBUBPBOBTBZBKA8AwAhAkAhARANAEABABBCBBBPBVBYBUBeBiBPBBA7AtAqAhArAOADAFAB
3550308999130,BCBBBLBWBcBTBHBMBFA/AxAsAoAdAcALAEACAAA/A6BIBWBgBRBPBTBRBMA6A3AsAoAhATAQAFAA
3550308999131,BABBBNBTBUBMBKBSBKA/ApAnAjAfAPAOAFAHABBABDBLBVBTBSBVBeBXBKA7AyAoAsAnAYALAFAC
3550308999132,BEBABPBZBfBTBMBMBHA7A0AkAbAhAVAOAHADAABBBABIBcBhBXBSBUBQBFBAApAoAkAiAYAGAIAD
3550308999133,A7BEBLBXBaBUBKBQBLA4A3AiAmAaAVARACAEAAA6A/BJBXBcBUBUBcBQBGA4AyAwAkAmAYAKAJAD
3550308999134,BvBeBXBYBnByBnBQA5ArAgAUAQANAIAIADAAABBsBiBTBXBpBwBkBOBBAvApAXATATAVAHAEADAB
3550308999135,A3A7BJBRBWBJBMBIBHA7AtAwApAgAkAQAFAHAAA2A0BDBQBTBYBPBUBSBOBAA0A+AsApAYALAOAE
3550308999136,BiBdBZBUBlBfBgBNA7AuAcAaAZAKAPAMACAAAABkBdBYBiBgBfBoBVBQAzAiAiAeALAXAIAMAAAA
3550308999137,A5BCBGBVBXBUBFBEBEA/AvAjAjAeAfATAOACAAA9A7BABUBgBSBQBKBRBHAzBBAwAzArAlAHAKAF
3550308999138,BvBnBoBqBxBhBcBQBCAsAbAPALAIAFADAAAAAABxBjBkBxBxBjBdBTBCAvAfASANAKAGAFABABAC
3550308999139,BGBCBJBYBcBWBSBOBLA6AuAvApAUATAIAFACACBDA/BOBcBgBYBYBaBOBHA7AvApAgAaALALAFAB
3550308999140,BMBLBVBgBeBUBTBNBHA7AuAeAZAXAPAKAEACAABKBGBTBkBjBeBWBZBTBIAuAoAjAaAVARAHADAB
3550308999141,BfBbBZBbBYBcBhBbBGAxAjAVAVAJAOACADACAABlBZBXBgBiBkBmBgBNA3ArAaAeAQANAGADABAA
3550308999142,BPBRBXBbBbBVBdBUBOA7AwAXAZAQANAKADADACBOBHBRBfBfBiBdBfBOA/A3AeAfAeAOAJADAGAB
3550308999143,BNBEBSBaBdBSBQBHBGA6ArAdAcATATAMAJABACBLBLBVBjBhBcBWBVBSBFA2AjAdAuAbAMANADAB
3550308999144,BJBEBWBcBYBQBMBLBEA2ApAjAiAaATAOAFADABBHBEBWBgBeBYBXBYBPBDA5AnAlAoAiASAJACAC
3550308999145,A1AxA+BKBPBOBQBKBKBBA3AjAiAeAYAQAGAGACAwAwA9BRBaBgBdBdBcBWBIAvA0AlAlAiAVALAB
3550308999146,A7A+BFBSBLBKBLBVBTBGArAoAcAUARALAFADADA5A9BJBXBVBcBaBlBlBTBBArAnAdAmASAWAEAH
3550308999147,A/A6BABRBTBOBRBTBLA+AyAkAkAWAXANAIAEACA5A3BHBSBfBZBfBcBaBMBBAtAqAlAmAVASAGAC
3550308999148,AmAoA1BHBYBLBBBEA/A7AwA0AxAxAoAcARABAEAlApAxBGBZBUBMBNBMBNBJBKBCBAA/AgAVARAG
3550308999149,A1AzBDBOBdBPBHBLBDA8A0AhAmAcAcANAIAFAAA2A2BKBWBaBcBSBYBbBMA1BKA/AgAhAYASAOAC
3550308999150,BDBEBIBRBRBRBOBWBJA7AtAcAdAaAVARAGABAABEBDBLBcBaBZBWBiBYBKA2AxApAiAeAYAOAGAC
3550308999151,A8A6A/BMBhBVBPBKA9A3A4AnAzAjAQANAIAEAAA8A3BDBSBqBjBQBSBKBEBFBBAxAoAiAQANAKAC
3550308999152,BHBDBFBJBDBKBlBtBeBFAsAmAYAVAJAIAGABAABFA6BEBKBMBsB3B4BgBGAtAtAWAeAUAVALABAB
3550308999153,BmBXBWBkBnBeBTBGA4AvAiAdASARAMALADABAABgBTBbBkBtBkBZBQBFA5AnAoAlAQAWANACABAB
3550308999154,BTBNBZBcBfBZBRBQA/A1AoAgAaATAOALADAEAABPBLBTBhBnBfBYBTBKBAA2AlAfAjAUANAFAIAE
3550308999155,AnAmAvBBBTBQBBBOBJBHA5A+AgAnAhAXAMADACAnAqAzBFBeBdBZBdBcBVBbAyArAqA7AaAUAOAI
3550308999156,A7AxA7BEBFBBBGBTBSBTA/AvAjAZAPATADAHAEAxAvA8BFBiBmBeBkBdBfBOAoA2AWAnAYASAOAC
3550308999157,AsArA0BOBMBJBHBNBFBUA+A3AdAVAPAUAFADABAmAsA3BOBrBnBdBiBhBtBNAwAoAlArAgAIAKAB
3550308999158,A3AuA0BABNBHBHBRBQBHA8AtAUAhAfAWAGAEAAAuAsA6BKBkBkBZBkBjBYBRAtAlA0AqAfANAGAE
3550308999159,A0A0BABCBZBPBKBAA/A7A9AsA3AkAhAOAHAEACA2A4A0BQBrBiBPBWBQBLBEBCAqAlAwAVAUAJAH
3550308999160,A1AwA3BOBWBLBDBHBEA/A4A2ApAYAeAPAIAJAFA0AyA9BQBjBfBQBWBUBRBLA9A2AqAlAUATAPAC
3550308999161,AwAyAzBABLBNBKBXBJBDAxAoAlAcATAWAGAEACAoAqAzBOBhBhBgBmBcBZBEA4AqApA/AhAUANAF
3550308999162,AoAqA6BHBcBXBLBFBIBDA5AlAaAkApAUAFAJAAAqAuA6BPBfBcBKBbBWBRBLA1AkBDBCAZAUAEAD
3550308999163,AzAzA5BGBSBOBIBNBIBBAyA0AfAmAiANALAGADAvAsA4BNBcBZBTBaBbBUBFA7AuA0AmAiAQANAH
3550308999164,BNBKBIBRBZBQBIBIBAA7A2AsAcAaAUAIACADAABMBHBJBVBrBqBhBYBRBKA/AwAbAeARAQAEAHAB
3550308999165,A5A8BABSBaBWBKBKBFA7A8AuAXAoAaAJAFACAAA2A0BABTBtBkBjBbBTBKBVAqAtAdAYAUANAHAB
3550308999166,ArAqA9BMBYBSBHBFBEBDA2AyAqAiAfASAJAGABApAuA6BOBiBaBLBWBUBSBUA2A+AwAuAUASAJAH
3550308999167,ArAyA3BDBZBSA/BDA+A8A7AxAyArAcAWAGAFABAoAsA1BKBuBdBRBZBSBVBBBPA5AuAmAhATAJAE
3550308999168,AwBGA0BhBOBHBJBSA1BGA2AwAuAiAUASAFABAABPA6A6BPBSBVBRBgBSBCA+AtA5A/ApAdAJAFAD
3550308999169,BnBhBXBhBmBkBhBLA8AtAiAWAUARAHAGACAAAABpBiBfBiBqBjBiBPBBAuAeAoAUAPAQAGAHACAD
3550308999170,BAA6BDBYBgBbBOBLA8A5A1AsAqAZAaAMADAFABA9A0BCBUBmBeBSBQBLBLBEA9A6AjAdARAHAJAB
3550308999171,A+BDBPBgBfBRBGBJBFA9A3AoAbAhAUASAHACACBAA/BJBZBfBUBNBSBPBKA5AzAqAoAlAWAJADAB
3550308999172,BIBDBMBVBcBXBXBRBIA2AtApAfAaARAOADAEABBDBBBHBXBlBeBaBVBMBEA7AyAoAkAcARAGADAB
3550308999173,BJBBBLBUBgBWBUBOA+A8AyAsAqAWAWAIACACADBFBABGBYBmBjBYBSBJBEA4A3ArAeAXARALADAC
3550308999174,BkBZBcBgBoBcBaBOBBAzAlAeAUAQAJADADABACBcBVBcBqBqBiBZBUBLA2AoAgAXATAPAFACACAC
3550308999175,BQBGBTBbBRBVBZBWBNBDAuAhAcAPARAEACAEABBCBDBKBWBdBdBdBdBcBMA4AvAkAZAUAPAHAEAB
3550308999176,BEBDBOBWBbBRBLBGBEA/AuApAdAcAZALAGABABA/BDBPBZBeBWBTBTBRBHA2A2AmAsAbAZANAJAC
3550308999177,BSBTBYBaBRBOBYBgBPA3AkAdAdAOAOAGADACAABPBUBXBfBXBaBmBlBWA/AwAiAiAUAPAPAFAFAA
3550308999178,BFBLBaBcBRBJBPBWBPBBAyAiAZAaAOAMAFAAABBIBEBTBiBXBRBZBgBWBJA4AcAmAiAWAYAEAGAA
3550308999179,BbBQBXBhBgBXBSBFA/A3AqAlAbATAOAIAGAAABBTBOBZBkBnBgBVBPBIA9A5AlAdAfAMAQAGAEAD
3550308999180,BiBXBkBmBnBlBSBKBHA1AqAYALAMAOAFAAAAAABmBXBXBsBuBaBVBTBFA5AwAVAgARAMAHADACAC
3550308999181,BJBEBNBeBbBVBLBRBEA7AvAfAgAQAZATAEACABBJBFBQBeBcBVBRBXBSBCA/AkAxAnAXARANACAB
3550308999182,BmBKBRBVBOBXBSBMA+A9AxAgAhAVAZALADADADAxBCBKBbBpBYBaBUBYBHA0AsAmAgAYAOALAHAF
3550308999183,BBBEBQBXBWBHBLBTBOBAA4AdAmAYAPALAJABAAA9A/BQBbBbBRBSBhBaBHA8AtAoAhAgAXALAEAD
3550308999184,A/BABPBPBWBPBLBLBIA/AxAoAiAdASASAFADAAA5A+BNBXBfBZBUBWBTBIBFApApAsAfAgARACAB
3550308999185,BTBNBXBgBjBPBOBIBCA7ArAgAbAUAPANAIADAABKBNBOBnBiBbBUBUBRA/A0AjAoAhAaAOAHACAB
3550308999186,BeBRBWBkBfBSBPBHBLA2AnAkAaAQAMAIAFAAAABSBUBVBnBtBcBWBSBNBCAxAjAbAbAYADAGADAD
3550308999187,BJBHBPBZBTBQBUBPBJA5AyAfAgAZAXAKAGAAAABKBGBMBZBaBaBbBaBQBGA3AqAmAhAjANAJAGAD
3550308999188,BVBABYBgBeBdBPBPBIA7AsAYAYAZASAIACACAABRBZBVBdBgBPBUBcBRA+AzAlAjAZAaARAIACAC
3550308999189,BYBSBWBeBVBRBUBUBFA1AqAYAWARAOAHAEACABBYBUBSBmBaBiBnBSBXA4A3AcAcAdAXAOAGADAB
3550308999190,BbBRBWBeBbBWBQBPBAAxArAXAgAWAOALACAAAABaBOBXBcBmBgBYBVBGA+ArAsAkAbAZAPAFADAA
3550308999191,BdBRBUBgBfBXBJBPA9A0AmAhAYAOAVALAFAAAABcBQBaBmBrBZBVBVBIA8AtAnAiAhARAHAIAFAC
3550308999192,CABxBmBkBkBhBeBGA6AqAeAVAPAGAFADABABABB6BrBoBrBrBmBbBMA6ArAgAXAMAPAIACACABAB
3550308999193,BkBpBaBpBlBbBTBBA7AyAoAYATAPAPAEADAAAABlBeBjBqBrBXBXBNBCA3AjAlAaAWAPALAEABAB
3550308999194,BrBeBfBnBkBcBPBGA5AvAgAeAUAPALAHACADAABtBcBjBnBpBdBSBNBCAyAmAnAgARAQAGAHABAB
3550308999195,B1BjBmBiBgBfBUBIA5AtAqAUAPAQAJADADAAAABzBoBbBvBtBjBcBIA7AzAqAZAOAWAJAKAAACAB
3550308999196,BVBXBbBjBaBQBNBFBEA1AyAVAYAYAOANAFABAABUBSBTBiBhBYBWBQBNBAA2AnAjAdAUARAJADAA
3550308999197,BJBKBOBnBbBNBRBOBJA5ApAmAUAVAUAQAFACAABHBABQBdBgBUBUBZBSBOA0AvAhAhAnAPAHAEAA
3550308999198,BYBUBZBXBfBWBaBSBCAwAtAZAVAPAQAHACADABBZBVBXBoBjBrBeBVBEA8AqAoAbAbAQAKAGAEAB
3550308999199,BaBZBbBjBbBTBRBVBGA0AeAjAaAOAIAGAFABAABZBZBXBjBgBeBdBZBLA6ArAoAhAWATAHAKAAAC
3550308999200,B0BqBpBqBkBdBVBGA/AtAfAVAMAOAGAEADABAABwBqBnBsBoBfBYBNBAAwAfAZAVAOALAGADABAB
3550308999201,B3BsBjBnBnBcBYBEA4AuAhAWARALADADACABAABzBjBjBuBsBhBWBOBEA2AmAZAUALAKAEAEACAA
3550308999202,BGBEBQBdBgBSBOBPBGA6ArAjAdAXAVALAFACACBJBFBSBaBiBYBYBaBSBGA1ArAvAeAaANAEAIAB
3550308999203,BDBABIBTBYBRBYBTBMA8A0AmAZAfAVAIAEADAABCBEBFBQBgBgBdBeBLBMBGAnArAcATANARAHAD
3550308999204,BKBKBPBVBVBSBLBKBFA6A2AgAgAZAbALAGADAABHBGBKBWBeBZBRBVBTBDA9ArAvAnAiASAEAFAC
3550308999205,BDBHBRBSBPBHBSBXBSA+AuAhAnAXARAMAEACAABABBBMBZBTBSBdBoBZBHA8AsAvAeAeAQAIAHAD
3550308999206,BSBNBZBkBeBcBTBMBDA0AmApAbATAMAFABABAABSBLBUBjBoBlBbBaBOA9A4AoAeASARAJAGAEAC
3550308999207,AvA2BKBYBfBLBFBEBKA/A3AwArAgAVANAFADACAqAtBIBZBfBLA9BWBeBUBCBAA4AqAoAZARAOAC
3550308999208,A2A7BOBYBYBNA9BDBLA+A3AqAkAfAdANAIAEACAwA3BHBZBeBOBJBUBbBQBDA4AsAxAfAdAOAMAE
3550308999209,BOBHBSBXBrBUBGBHBHAzAoAtAqAYAUAHAGAAABBCBCBMBdBkBXBNBOBJBNA1A0AqAnAgARALACAB
3550308999210,BiBRBWBbBrBkBOBKA+A1AyAWAXAOALAGADACAABiBOBZBrBuBkBWBNBAA5AqArAVAZAPAIAKAGAA
3550308999211,A7A7BIBXBaBPBCBBBCBAA2AhAWAmAjAUAEADAAA5A5BGBaBdBRBQBSBSBNBKAvA2AyAxAWALAGAF
3550308999212,A6A4BHBcBWBOBDBHBEA/AvAqAvAaAiAPACAFAFA4A4BHBTBdBVBMBXBWBHBEA0A2AqAsAXAPAEAC
3550308999213,BABGBGBSBXBABBA7BGBBAxArArAVAfAQAGAEAAAyAwBJBaBcBYBIBcBSBQAzBGAzAtAuAhAQAHAE
3550308999214,A5A6BDBQBXBJBIBIBDA5A1AlAwAgAgAMAIAEAAA5A2BGBXBZBOBLBQBVBKA+A9AzA2AvAVAQARAF
3550308999215,BdBVBWBhBfBUBJBFA9A2AtAeAdAaAOAMADACAABXBQBUBkBiBWBPBNBMA9A1AnAeAiAbAUAKABAB
3550308999216,BFBIBSBoBUBJBJBKBNBGA0AkAhARANAPADAHABBFBABOBhBgBLBSBVBYBPBHAfAqAgASAMAVAEAA
3550308999217,BQBMBTBiBcBYBVBJBDA1AyAeAhAZARAGABACAABNBNBOBdBjBcBbBSBMBDA1ArAkAYAXALAKAGAC
3550308999218,B6BoBnBhBkBrBZBMA6AqAdAXARAIAGACABABAAB4BlBlBoBmBlBbBNA+AuAiAYAVAJAJAGACABAB
3550308999219,BqBpBnBsBkBdBPBNA+AsAoAOAQAMAFAFACABAABrBnBmBwBpBaBVBRBFA0ApAXASAQAJAJAEACAB
3550308999220,BmBaBaBaBcBjBYBWBFAvAjAiAPAVAMAGACAAAABZBcBdBjBkBiBkBSBIA2ApAhARAXAPALAFAAAA
3550308999221,BWBXBhBkBaBSBSBRBEA8AqAbAVAOAHAEACABAABOBWBiBmBdBjBfBcBTBFAxAkAcAMANALADABAB
3550308999222,BWBQBXBkBjBWBQBIBCA1AtAcAiAQASAKADACABBTBQBXBgBmBZBWBUBIBCAxA0AeAVATAOAFACAB
3550308999223,BtBiBhBgBjBjBgBRBAAxAhAXASAJAJAHABABAABqBhBiBlBnBiBfBUBBAyAeAcASATAOAFACABAA
3550308999224,BbBUBiBjBnBZBWBLBCA4AuAhAWANALAGACAAABBVBPBVBlBqBjBYBQBKA/AwAkAXAWALAJAIACAA
3550308999225,BIBMBOBhBcBRBHBOBBA9AxAaAdAUAhAKAEAAAABJBEBYBhBdBUBYBXBQBDAzAyAqApAWATAEAEAA
3550308999226,BDBIBWBlBXBPBQBOBKA7AhAsAbAcATAOAFACAABIBFBOBaBaBUBWBUBZBJA/AhAsAcAVAUAPADAC
3550308999227,BSBIBPBkBdBUBQBEBEA7A2AgAoAZAHAMADAEAABBBHBRBiBiBWBUBWBRBGA8AnAgAbAfANAHAJAA
3550308999228,BYBSBTBbBZBVBQBMA+A2AyAiAcAbAQAHABABAABTBMBWBiBnBdBaBRBHBAA5ArAfAaATANAJAAAC
3550308999229,BVBVBbBkBeBRBQBMBGA2AkAoAZASAPAFACACABBQBNBZBoBjBcBUBWBPBCA0AkAiAWAVAJAGADAB
3550308999230,A9BFBPBaBTBGBMBQBIA7AoAxAdAbAcAQAHADAAA9BABNBSBZBRBTBaBTBKA/AtAsA0AdAZAGAIAH
3550308999231,BEBBBHBbBeBTBKBHBEA6AyAnAoAXAcAPAFABAABCBCBIBdBeBTBSBWBLBFA/AyAvAlAkASAKAIAC
3550308999232,BLBPBTBeBWBSBQBQBGA1A2AWAfAbARALAEACAABLBIBXBaBeBYBYBeBRBAAsA1AiAnAVAQAIAAAC
3550308999233,BQBKBXBhBbBWBLBNBDA5AmAiAUAkAVALAFACABBNBMBRBlBgBbBRBTBOA9AtAqArAfAiAKAGAGAA
3550308999234,BFBGBLBWBgBQBJBKBBA7A0AnAqAXAWALAIACACBAA7BKBZBgBXBQBQBPBGBCAxA0AgAmARAKAFAF
3550308999235,BLBMBWBaBVBTBRBOBDA4AvAmAYAcASAMAHACABBHBHBSBhBfBZBYBSBNBIAwAuAkAiAeAMAIAHAB
3550308999236,BDA7BIBbBuBeBJA7AzA/BAAvAhAUARAIABAAAABBA7BEBfB2BfBMBHBIBcBcAzAxAdAOAMAHACAB
3550308999237,BZBUBaBdBiBTBNBJBDA1AnAjAeATAOAOAEAAAABVBTBbBmBjBbBRBSBJA+AtApAiAaAUAQAGACAD
3550308999238,BiBkBbBnBkBXBUBEBAA2AeApAaAFARAFADAAAABeBeBiBnBnBcBYBMBDA4AlAoAbAUAPAJADABAA
3550308999239,BaBYBYBpBmBaBSBCBBBDAjAxAXANAJAAADAEAABPBRBUBlBvBeBYBKBKA2A7AgAdAXARAEAKADAA
3550308999240,BGBIBRBlBmBaBJBHBCA7BEAgAqAKAQAIAFABACBIBGBQBlBoBUBWBMBLBIA4A2AaAiARAIAIAFAD
3550308999241,BIBHBOBWBZBQBPBMBGA2AtAwAjAnARAHAGABACBJBCBKBgBbBYBUBMBJBFA1A8AtAfAdAXANADAB
3550308999242,BCBCBOBXBXBQBNBNBEA0AxAmAnAhATALAGAEAABFA9BOBZBfBXBWBbBKBGA+AyAiApAZAeAOACAF
3550308999243,BGBMBNBbBfBXBOBQBBA5AiArAnAZAWAHAEACAABRBOBQBYBmBaBLBLBKBDA+AyAiAlAbARAGACAC
3550308999244,BYBSBgBoBnBXBSBIBJA7AuAgAYAKAJAFACAAAABVBUBhBrBsBeBWBQBJBCA5AaAfAKAMAEABABAD
3550308999245,BlBdBgBmBfBgBdBUBDA0AkAXAVAGAFADACACAABgBiBpBjBkBiBhBaBKAzAjAaASAOAMAGADABAB
3550308999246,BRBMBWBcBeBYBNBKBCA7AuAkAjAUAPALAEACAABNBKBXBgBhBZBTBRBLA8A9AqAvAcAUAIAHACAC
3550308999247,BTBPBbBoBhBXBQBCBEA7A1AfAfASAMAFACACAABQBLBaBnBpBWBTBUBKBDA4AkAsAQARAGAHAEAD
3550308999248,BbBSBZBjBiBcBXBMBAAyAkAoAbAWAJAHACABABBWBRBZBkBmBeBcBTBEA6AvAoAfAWAPAKAEAEAB
3550308999249,BUBOBbBlBkBbBOBGBAA+A0AlAeATAOAFAEABAABPBHBUBlBjBfBRBPBIBHA3ApAfAVATAJAIAAAD
3550308999250,BUBVBXBgBeBVBOBOBBA2AxAdAaAYAUAIABAGAABUBSBZBdBdBWBVBXBMA+AxAoAjAgAPASAEACAC
3550308999251,BDBHBWBbBXBSBGBQBKA9ArAnAhAcAUAOAKAAABA/BDBWBZBfBSBOBaBSBDA2AqA0AiAaAQALADAE
3550308999252,BOBLBUBgBaBRBRBRBJA2AnAlAhAVATALAGACAABOBMBQBhBcBVBXBdBLA/AsAvAvAeAXALAEAFAB
3550308999253,BjBfBoBqBnBZBPBHBAA1AnAbAVANAIAFADACAABkBZBmByBjBaBXBTBBA2AvAbAcAPAIAIACACAB
3550308999254,BfBXBgBnBgBdBQBRBGA3AvAcAUANAJAEABAAAABWBXBdBnBlBfBYBXBKA/AyAcAaASAGALABACAC
3550308999255,BiBaBdBtBmBUBMBBBAA8AsAdAYAJAKAAABAAAABdBYBgByBrBaBOBLBVBIA1AiAYAQAIAGABACAC
3550308999256,BBBABOBeBeBPBHBLBFA7A5AnAlAYAdAMAGAGABA8BBBOBbBeBVBQBRBQBIBDAtAtAtAfAOAFAEAB
3550308999257,BZBbBcBYBTBSBaBdBFA2AtAXAeAPALAKABABAABZBXBfBaBZBaBiBiBKA5AuAkAfAVATAKACADAB
3550308999258,BTBSBTBZBaBWBVBRBIA5AqAdAbAVAQAIAEACABBSBTBPBeBgBdBaBcBSA7A5AfAhAbAYANACADAE
3550308999259,BGBGBbBqBeBaBRBBBHBIA0AeAgATAOAGADABAABGBLBUBhBnBbBVBhBOBCAtA2AlAVAOAIAFABAC
3550308999260,BkBjBcBiBgBfBYBFA9AwAmAgAaALALAHABAAAABkBdBfBsBoBeBhBLA+AzAxAgAfAOAMAGAEAAAB
3550308999261,BhBaBgBoBmBXBTBKBBA3AuAcAXANAIAFACABABBaBWBhBxBrBZBWBNBKA8AtAiAUAUAMAFAEABAB
3550308999262,BXBSBWBdBkBYBWBLBAAyAnAfAeARAKALAEABABBPBPBXBjBlBmBaBQBIA6AwAtAhAdARANAIAFAC
3550308999263,BQBOBUBfBfBWBTBNBFA2AjAfAbAXAVAHAFAAAABPBLBXBSBhBdBdBYBSA9AyApAiAdAcAPAHACAG
3550308999264,BhBaBdBlBkBfBSBEA8AuAkAYAVAQANAGACABABBjBaBdBtBuBjBbBPBHA2AuAcAXAaARAHACACAB
3550308999265,BVBRBcBkBiBZBRBIA+AxApAaAaASANAKABAAABBZBRBcBqBsBjBXBUBHA8AxAkAeAeAQAJACADAB
3550308999266,BvBlBiBqBmBfBWBDA4ArAhAYAPAKALACABAAAABvBnBmBwB2BjBZBLA/AxApAcATANANAEABAAAB
3550308999267,BpBeBfBsBnBcBSBIA6AxAkAYARAMAHAEABABAABoBcBoBwBrBeBcBNBFA8AnAdAaAJALAEAEACAE
3550308999268,BhBXBhBnBpBcBSBMA8AuAlAgAUALAKAGABABAABfBVBgBqBsBkBZBQBIA4AqAjAUAaAMAIACABAC
3550308999269,BjBaBdBmBlBgBZBJA3AyAoAdAUAPAIAFACAAAABfBaBfBtBwBmBdBMBFA3AqAiAZAMAKAHACABAC
3550308999270,B0BpBmBnBrBfBYBDA5AsAiAYAOAJAGADABAAAABvBoBlByByBmBaBNA+AvAoATAPANAFAGADACAA
3550308999271,A4A3BJBXBiBXBHBCA+A5A/AuAjAbAgANAEAEABA0A2BHBdBmBXBOBQBNBOBLAyAyAvAVAVAIARAE
3550308999272,BGBJBSBhBoBWBXBNBDA8A0AaAfAQAFAHAFABAABMBLBVBnBkBcBaBaBXBHA0AqAjASASAOABAEAB
3550308999273,BHBHBRBeBbBQBRBLBGA4AqAjAnATARAMACABACBFBFBWBoBnBdBaBcBWBCA8AjApASAeAKAGAEAA
3550308999274,BNBJBVBaBbBUBXBSBGA6AoAlAaATAUAGABABABBLBJBSBbBhBfBjBcBPBGA5AjAiAcAYAKAIACAB
3550308999275,A9BDBBBNBWBPBPBUBHA8AyAqAjAeASAPAGAFADA6A+BGBRBfBZBeBeBSBIA/A3AvAgAgAYANAGAB
3550308999276,BDBHBSBcBGA9BJBeBhBQA7AhATATAQAFABAAABA9BCBSBWBeBXBiB4BqBXAxArAdASAUALADABAA
3550308999277,A/BEBRBZBcBSBNBSBMBCA6AeAfAVATAIAEAAAABCBBBNBVBbBeBZBlBbBJBEAkApAcAXAOAJACAB
3550308999278,AuAvA8BNBaBEA9BBBEA/BAA1AqAmAhAPAMAGADApAtA9BOBnBQBJBRBOBUBSBAA7AlAsAiASAPAM
3550308999279,ArAsA8BPBeBPBFBJBKBJAvA+AoAgAdATALACABArAvA5BRBfBUBPBRBZBPBGBJA0A3AjAYATAHAC
3550308999280,AqAvA2BLBZBNBDBHA/BABBA0ApAkAkAaALADACAmAoA0BHBgBPBLBQBQBWBeA9A1A+AwAdASANAE
3550308999281,CDBqBgBhB4B5BgBCAyAlAeAKANAFAEACABAAAACDBmBnBwB/ByBaBKA1AmAZASAKAHADADADABAA
3550308999282,BpBXBSBQBhBkBpBiBJA1AnAaARAFAFAFABAAAABmBdBQBZBoB5BuBeBHA2AjAbAQAKAEAHAAAAAF
3550308999283,BSBPBUBUBTBUBUBZBSBBAyAhAbAOANACAEAAAABOBQBPBWBjBnBlBlBTBFA2AjAcAMAHANAGAEAB
3550308999284,BVBPBTBdBaBNBOBPBKA5AuAjAZASARAKAHABAABOBJBRBcBkBfBfBaBOBEBAAmAdAVATAKAHAEAC
3550308999285,A0AvA/BWBeBMBIBDBABAA1AxAyAnAcAMALAHADAvA0A4BRBeBYBNBQBQBNBDBAA8AhAoAjAUAJAD
3550308999286,BJBHBHBZBXBcBYBRBHA5ArApAiAVAPAQAEAEAABBBEBMBTBhBgBgBTBPBGAtA4AhAiAiAKALAGAC
3550308999287,A8A2BCBVBlBYBRBGBDA7A0AuAiAfAaAMAEAEACA4A5BBBWBhBdBUBVBRBMBBA1ArAnAdAPASALAG
3550308999288,BhBYBfBrBoBaBUBIBAA4ArAaATAPAEAJADABAABdBWBYBpBrBgBWBNBOA/AsAgAXAQAMAMACABAB
3550308999289,BSBJBWBjBVBVBYBWBKBCAqAcAUAXAQACADAAAABPBHBWBhBeBiBaBjBYBGA1AgAcAUAWAIAHACAA
3550308999290,BZBSBXBfBfBXBTBJA+A0AuAZAdAZAOAKAEABAABYBMBWBmBmBYBVBTBGBAA8AeAfAdAYAMAHABAC
3550308999291,BUBRBVBjBnBVBOBLA+A0ApAdAZAaAMAHAGABABBUBPBUBqBmBcBcBOBNBAAzAnAoAVASAJAGAFAA
3550308999292,BlBcBlBtBnBXBJBLBGA0AsAYASAQAJACABAAAABiBVBqBlByBXBTBWBHA/AvAXAaAKAPAHAAABAA
3550308999293,BKBHBVBkBeBbBTBMBAA8AnAtAZARASAHAEABABBPBIBLBfBrBlBWBVBSBCA1ArAnAbASALAGABAA
3550308999294,BaBdBoBnBeBQBVBSBJA8AqAYATALAKADACABAABbBZBjBsBjBVBaBaBQA6AsAbAWAQAMAKADABAB
3550308999295,B5B2BuBhBZBaBfBNAvAyAWAWAKAMAEAEACABAAB3BwBcB1BaBgBnBRA+BFAhAVALAIAEAFADAAAB
3550308999296,BiBfBhBkBiBbBYBRBDA1AqAaARAQAGADACABAABdBTBgBkBjBjBdBTBLA5AxAgAVAMANAIAFACAB
3550308999297,BnBfBiBrBlBaBSBJA/A0AtAXASALAHACACABAABmBYBjBpBqBdBUBTBJA8AtAhATAPAMAGACABAA
3550308999298,BwBmBlBpBlBaBTBJA7AxAhAWASAHAJABACABABBuBoBqBzBoBcBUBRBEAwAlAcAWANAJACAEABAB
3550308999299,CHBrBjBiBkBrBXBHA4AtAeAXALAGADAEAAABABB8BoBlBpBuBsBdBNA9AuAiAXANAJAHABABABAB
3550308999300,B+BnBoBsBnBfBZBDA2ApAlATALAMAFACACABAAB8BkBrBtBxBkBXBJA6AwAoAUAOANABAIAEABAC
3550308999301,BzBmBjBfBgBkBgBTBCAwAhAVAOAKAFAFACABABB8BjBdBgBnBpBcBTA9AuAkAVARALAFAFAEADAC
3550308999302,BRBPBYBjBfBTBPBLBBA5AqAjAQAUAZAGACABABBOBRBYBmBlBYBUBTBPBEAwApAlAeASAKALACAB
3550308999303,BVBRBbBhBhBbBNBNBBA6AqAhAaARAPADAEAAAABUBOBbBkBqBcBZBTBMBEAqAnAbAZAWAOAFAAAC
3550308999304,BiBlBpBtBeBZBRBLA/A6AqAZAPAJAHAAAAACADBkBfBlBwBmBcBTBRBNA+AmAdATAJANAGACADAA
3550308999305,BvBlBrBkBfBXBVBIA/AzAhAWAUAFAJAKABAAAABrBiBoBvBqBdBRBRBGA2AgAcAXAPAJAJADAAAB
3550308999306,CYCABpBaBnBvBpBOA1AgASANAGAEAFABAAAAAACWB/BrBjBnBrBfBLAxAgAPAIARAFADACAAAAAA
3550308999307,BlBYBoBpBgBZBTBJA/A1AlAaAQAOAIAFAAAAAABlBjBsBuBtBZBZBRBHA2ApAfASAQANAGACAAAA
3550308999308,BaBdBpBrBdBOBMBMBFA6AnAcAUAOAMACADABAABcBZBnBtBhBUBWBUBPBAAqAgAdASAPAEADADAD
3550308999309,BWBMBaBeBdBbBYBOBAAyAnAmAlALAKAIAFADAABPBNBUBjBnBkBcBRBJA+A5AlAhARAVAPAGABAB
3550308999310,BsBhBjBhBjBdBRBLBAAuAbAiARATAHAFACAEAABkBjBmBpBjBhBdBNBCA0AoAhAUAZANAEADAAAA
3550308999311,BSBQBaBeBbBWBRBLBAA1AsAcAXAYASAOAFABAABYBOBaBgBeBZBXBQBLA8AwAnAhAkAWAQAIAEAB
3550308999312,BSBSBWBUBVBXBKBIBDA1AwAYAdAXAWAQAHABAABWBPBYBcBXBXBVBYBOA7ApAvAiAoAcARAGAHAD
3550308999313,BTBVBYBYBcBeBZBPA/AtAhApAaAZAMAIAJAAABBaBRBdBgBgBYBeBOBDA6AyArApAdAVAIAFAEAA
3550308999314,BlBhBlBhBUBUBXBUBFA0AlATAQALAIADAFAAABBkBgBoBmBhBeBfBeBOA7AnAZAVARAMAIACACAA
3550308999315,CCBoBlBiBlBwBiBIAzApAlAMAGALAIABACAAAAB+BqBgBtBwBpBdBKA3AyAdAUAQALAJADABABAA
3550308999316,BiBcBgBfBeBWBQBOBAAvAuAVAhALAKAHAEABAABfBaBbBdBhBcBcBMBEA6AwAiAhAZAXAGAJADAC
3550308999317,BuBiBlBqBpBfBSBEA6AwAoAYASALAGADAAABABBoBdBgByBuBgBVBJBFA7AtAaAXAOALAEAEAAAA
3550308999318,BgBXBhBlBfBbBRBLBAA0AlAhAVARALAFAEABAABcBXBdBnBlBfBXBRBHA5AxAjAeATASAFAFACAA
3550308999319,BiBZBfBnBgBYBWBNA+AyAqAZAbAQAGAGADABAABiBXBcBpBoBcBaBQBDA5AuAfAeAYAOAHAAAIAA
3550308999320,BqBdBaBrBjBaBUBEA9ApAqAYARAYAJAGAFAAAABjBYBiBtBrBiBWBOA+A0AxAdAdARASAIAGACAA
3550308999321,BdBZBZBcBaBTBSBMBAAwAmAnAdAUAKAIAEACAABZBYBVBhBkBfBcBSBEA6ArAsAfAZAWAPAFAFAA
3550308999322,BXBYBeBdBpBdBRBHA+A2ApAmAWATAIAFABABAABVBXBRBfBtBlBaBLBDBHA1AwAbATALAKAGABAC
3550308999323,BaBWBVBiBcBVBVBOBAA0ApAiAVAWAJAHAIABAABbBTBYBiBnBlBYBMBJA8A2AiAkAVAPAKAGADAC
3550308999324,BfBVBcBoBkBYBSBKBAA9AuAdAXAJAJAHACAAAABcBVBdBqBoBhBUBNBMBAAuAeAZARANAKADABAD
3550308999325,BZBbBhBbBnBnBTBDA7A7A0AdAYALALAHAHACAABXBNBcB4BrBXBVBMBHBAA2AfAcASAJAHABABAB
3550308999326,BdBdBiBjBeBVBaBOBHA1AmAdAXALAIAEAEABAABZBWBfBkBiBcBhBYBIA2AqAhAbASANAKAEADAE
3550308999327,BwBgBlBuBoBcBVBJA6AyAmAUAVAJAEABACABABBoBkBoBvBoBgBZBNBCAzAmAZAPAQANAEAEADAA
3550308999328,BdBdBeBlBbBYBWBIBBA1AhAjAbAVALAHAHAAAABeBVBgBhBdBVBXBQBNA4AsAjAiAYATAEAHAFAC
3550308999329,BaBZBbBhBdBVBRBLBEAyAmAhAfATASAJAAACAABYBUBaBoBfBaBUBWBHA3AmAvAjAZARAOAFABAB
3550308999330,BbBaBlBqBkBYBNBMBEA4ArAdAVAMAIAHADAAAABeBXBjBuBkBbBVBZBJA4ArAfAXAVALAHAEABAA
3550308999331,BhBbBcBeBTBXBjBYBHA7AxAWAQANAFAGADABACBaBXBbBfBgBcBrBcBLA8AvAcAVAQAMAGADABAB
3550308999332,BoBgBjBkBeBdBYBQBDAxAjAaAQAOAMAHAAAAAABmBhBeBnBhBhBhBTBEAzAoAcAbARAHAGAGABAB
3550308999333,BrBrBwBpBYBaBXBNBAAvAiARAQAIAFAEABABAABrBqBrBsBgBdBdBZBDAzAqAVARAPALADABABAA
3550308999334,B5BrBlBgBfBrBdBKA9AuAiAZAPAJAFAEABABABB4BmBjBlBpBpBdBNA7AuAkAWAOANAFAEADABAA
3550308999335,BbBVBbBiBhBhBTBMA6A6AxAlAXASANAJABABAABTBSBaBhBtBdBXBOBBA/AzArAjAQAOAIACABAA
3550308999336,BWBQBTBdBbBXBcBOBFAzA0AjAqARAHAMADAAAABQBJBVBjBaBeBiBSBIA8A2AuAmAUAJAKAEAEAC
3550308999337,BYBJBuBxBlBcBfBJBCA3AtAWAQAJAHAFADAAAABpBrBXBqBuBfBSBSBLA1AnAfAUAPAIAIADABAB
3550308999338,B3BqBgBkBsBrBbBGA1AtAjASAMAHADACABABACB2BoBoBwB0BjBcBMA/AwAgAWAPAIAJADADAAAB
3550308999339,B4BtBmBdBiBhBfBQA/AxAdAXAJAKAFACADAAAABxBpBoBvBrBoBgBQA9AtAZAXAMANAGAEABAAAD
3550308999340,BZBWBYBhBfBcBYBLBCA4ApAcAXAOAOAKAAABAABUBPBVBnBmBeBfBVBKA8AqAqAhAZAPANAGADAA
3550308999341,BmBeBpBrBmBbBRBEA8AxAnAYAPAIAGAIABACABBmBiBmBxBxBeBVBQBFA2AqAdATATAIAFACABAB
3550308999342,BbBZBkBmBbBYBbBMBCAyAmAaAWAOAOAGABAAAABaBSBdBmBrBiBVBUBKA6AuAlATAfANAIAGABAB
3550308999343,BrBiBlBjBnBdBWBMBAAxAnAbAOAJAJABAAAAAABlBeBhBvBwBjBVBSBJA3AvAVARAJAKAIACAAAA
3550308999344,BbBkBgBiBnBUBYBYBLA3AkAcAUAGAEABADAAACBYBZBjBkBmBiBiBZBOA8AtAXAPANAHAHADAEAC
3550308999345,BdBaBhBsBkBTBLBGBAA6AjAkAVAJAHAHAFABAABXBaBhBzBnBWBSBSBPBAA0AeAWASANAKAGAFAC
3550308999346,BQBKBVBhBrBgBNBDA6AzA0AgAYAVARAHAFACACBTBLBUBiBqBbBSBPBKBCA8AqAeAfAYAKAJACAC
3550308999347,A7A+BJBWBWBWBHBLBDA7A4AiAhAeAZATAHAEAAA6A9BHBfBeBUBUBZBRBFBEArAxArAkARAWADAC
3550308999348,AxA7BIBaBiBQBDBBBFA+A1A3A5AaANAJAHABACA1A3BKBdBsBXBLBQBRBTBEBAArAaAjARAKAGAD
3550308999349,BPBOBcBoBkBNBIBDBBA4AxAmAkALARAHAEAAAABMBLBcBuBoBWBRBOBRBJAvArAeAdAXAMAEAEAA
3550308999350,B0BgBhBxBlBmBdBFA7AqAgASAQANAHAFABAAAABlBaBgBxBsBpBbBOBCAzArAWAUAOAKAJACAAAA
3550308999351,BfBbBfBjBiBbBYBKA+AzAqAXAUARAMACAEAAAABdBUBcBsBrBmBfBVBEA8AlAjAbASASAGACABAA
3550308999352,BsBXBbBrBtBiBTBGA+AyAnAeAVAKAHADACAAAABjBUBbB4B0BmBcBIBEA5AvAbAVAIAPADAEABAA
3550308999353,BoBfBiBlBoBgBYBDA1AwAkAdASAJAIABADAAAABlBhBfBvBtBjBfBRBGA7AtAcATAOAKAEABACAB
3550308999354,BiBYBiBgBoBiBaBKA/AuAmAdARALAGABADAAABBfBWBYBrBtBqBfBWBIA2AuAgAaALAPADADACAB
3550308999355,BeBVBiBpBpBiBYBKBDA5AfAfAQAKAJAEABABAABeBTBfBrBwBkBfBVBHA6AsAdAVAQAHAGADABAA
3550308999356,BaBSBeBkBnBlBUBLA7A2AkAVAZARAOABAAAAABBWBSBRBvBwBoBbBUBOA9AsArAhAJAOADAFAEAA
3550308999357,BpBfBgBiBtBhBYBPBAA3AYAPAQASAIADABAAAABqBjBfBrBrBfBeBXBKAnAhAlANAOAKAHAIAEAA
3550308999358,BpBeBbBmBrBmBcBJA5AuAhAcAOANAFAJABABAABjBaBVBpBxBtBeBLBAA6AoAkAYAMALAGACABAB
3550308999359,BgBcBgBoBgBkBWBCBBA1AiAaATAOAKAFABAAAABgBZBbBsB0BjBcBVBKA1AkAfAZARAQAHADAAAA
3550308999360,BpBgBnBrBsBkBQA/A6AzAqAbAPAFAJADABACAABjBaBqB3B1BnBWBKBBA2AsAaAUANAEACABACAC
3550308999361,BkBZBdBnBoBgBUBOA9A0AoAVAOAOAHAJAAACAABhBcBZBuBtBjBcBQBFA4AvAaAYATAMAHABADAB
3550308999362,BSBLBUBdBjBiBcBRBEA1AmAdAZAQALAGAHABAABRBJBSBoBnBnBdBfBLA8AxAiAcAZARALAGABAC
3550308999363,ByBmBjBrBzBoBTBDA1AxAeAbAPAHAJAEABAAABBnBZBdByB1BnBaBLBLAyAhAZARAOAHADABACAB
3550308999364,BSBIBdBhBaBZBGBPBPA7AnAgAUAQARAEAEAAAABIBLBhBpBlBYBSBmBdBCAyAiAkAVAOAHAFAAAH
3550308999365,BSBMBUBjBnBcBWBDA8A1AvAgAXAQAIAJADADACBWBPBUBuBwBiBZBRBFBEA+AgAdAVAYACAFAEAB
3550308999366,BkBbBkBlBnBcBXBHA5AxAnAaATALAJABAAABABBgBcBjBuBtBkBhBSBGAyAtAaAcANALADAGAAAC
3550308999367,BjBXBZBtBxBoBWBFA+A0AuAPATANAHADADAAAABjBYBeBmB6BmBZBPBEA4AqAaAUAOAKAGADABAA
3550308999368,BnBmBfBgBaBeBdBWBEAzAgAWAPAKAEAEACAAAABlBdBjBnBmBrBjBdBLAzAlAYAPALAMAJABAAAB
3550308999369,BmBbBgBmBeBaBSBMBEAxAnAVAXALAGAFABABAABhBdBeBpBoBfBbBYBLA6ApAcARAXAPANADABAB
3550308999370,BJBGBUBkBmBcBMBFBCA3A0AnAiAUAVAFAEAAABBFBDBSBgBlBcBVBSBMBEA+AqAlAcAcALAHAFAB
3550308999371,BdBXBdBjBfBcBXBKBEA2AkAfAOAQAKAEABABAABbBXBgBuBsBhBZBVBKA8ArAiAcANAQAGAEACAA
3550308999372,B1BgBcBhBrBnBdBHA5AuAnASAYAFAFADABAAAABuBhBhBrByBqBdBMBAAwAjAZAPAQAIAIADABAD
3550308999373,BwBfBZBfBrBiBaBMA9AuAbAgAQAPACAFAFABAABrBZBXBoB1BoBeBPBDA1ArAbAVAKATAEACACAA
3550308999374,BhBUBhBmBrBdBXBIA8A5AvATAKALAFAFAEAAABBhBWBhBxBzBoBVBVBKBBAwAYAZAKAIADACABAA
3550308999375,BaBVBdBoBiBbBQBIBAA4AqAfAUAKALAEADACABBXBQBYBpBsBjBcBTBLBFA1AfAYAVAKAJAFACAB
3550308999376,BpBgBWB2BsBdBTA/A8AvApAeAOAJAIAGAAAAABBlBXBYBtB0BsBfBRBFA4ApAeAWAMAJAGABAAAA
3550308999377,BjBcBeBoBoBaBSBFA5AwAgAkATASAJAHACAAABBeBcBeBsBsBjBTBNBGA5A1AgAdAPAPAFACABAC
3550308999378,BcBZBZBqBoBlBXBKBDA4ApAZAKAKAGADACABABBcBWBhBrBwBjBiBVBLA8AxAZAYAMAGAEAFAAAA
3550308999379,B0BtBpBZBaBcBuBcBFAwAbAVAMAHAEACACAAABBzBrBkBgBbBpBrBYBBAsAaAWANAGAHAGACAAAA
3550308999380,BgBcBYBiBnBbBSBKA/AyAxAbAaAXAMAHADABAABbBYBbBoBpBWBRBLBDA7AxAiAgAUAMAMAJACAA
3550308999381,BqBjBnBiBVBfBZBPBBAxAiAcANAMAOAEADACAABqBgBiBbBkBjBgBTBGAxAvAXAYATALAGACAAAB
3550308999382,BgBaBlBfBgBaBYBNBIA2AmAhAUAOAMABACAFAABcBdBeBpBjBbBaBWBHA5AxAZAWASARAFAFACAA
3550308999383,CVB8BhBXBkB7B4BMA0AhAZAGAEAHABAAABAAABCTB1BsBhBvB0BlBDAyAeAcAEAIAEAEABACAAAB
3550308999384,BqBnBhBgBZBUBUBRBBAyAgAiASATANAFABACAABlBgBjBjBdBdBaBUBDAzAvAaAbARANAIAFAAAE
3550308999385,B2BqBmBnBmBdBZBIA5AtAiAZAQAIAHADABABABBqBuBsByBpBiBVBJA9AyAlAYAVAJAJAEABABAB
3550308999386,BkBeBhBpBlBeBUBEA9AyAjAhATAPALAGADABABBkBZBjBnBqBfBVBOBDA3AvAeAaASALAFAEACAB
3550308999387,B2BkBhBdBeBdBYBNBAAvAfAWARAVAGACAEAAABByBoBfBqBjBmBaBSBDAwAhAcAWALAIAJAFAEAD
3550308999388,B2BpBnBxBnBdBVBGA3AtAgAXASAKAGAGACABAABxBrBqByBlBcBTBLA9AuAmAWAbAIAJAGACACAC
3550308999389,BXBQBYBiBgBYBSBIBAA6ArAgAfAPASAJABAAAABYBLBVBmBiBcBVBSBHA/AwAvAiAZAPAMAIAFAC
3550308999390,BfBjBgBjBYBXBXBQA/AvAgAfAYAMASAJAAABAABgBdBbBlBhBgBbBTBFA0AnAnAdAgAQAFAEAAAA
3550308999391,BvBoBpBrBeBYBUBJA8AsAiAdAaALAGAEACAAABBtBlBoBoBjBfBZBPA+AxAtAYAYAMALADAGACAC
3550308999392,BZBWBeBjBiBXBRBIBAAzAvAcAYAWAGAKADABACBYBPBeBnBkBaBUBQBLA9A0AjAfAXATALAHADAB
3550308999393,BhBeBlBrBaBTBPBSBDAzAlAZAcALAGANAFAAAABaBhBgBrBeBXBZBRBIAxArAcAgAYAPAJAEADAB
3550308999394,BvBnBoBvBfBWBQBJA+AvAlAXARANAIACACAAAABnBoBpBuBlBcBaBQBFA3ApAWASAPAMAFABACAA
3550308999395,BvBlBpBpBlBdBSBEA2AzAtAWAPAKAHADADABAABoBkBoB0BqBgBYBJBAA1AuAVATANAJAEAEAAAB
3550308999396,BzBnBlBoBjBgBTBGA+AtAbAeAQAPAIAFAAAAABBwBpBjBtBkBgBZBQA9AxAeAfAWATAIADADAAAE
3550308999397,BvBnBmBvBiBcBTBBA4AsAjAeARARAHAGAAAAACBsBhBmBnBqBiBaBHA/A1AsAeAXANAMAGAEADAB
3550308999398,B+ByBxBpBdBfBYBHA7AoAdAUAOAFAEAFADAAAAB0ByBvBrBnBhBcBLA9AwAhAWASALADAEABAAAD
3550308999399,BrBfBmBqBeBbBUBJA8AvAoAbAMATAKADAAABAABoBgBpBmBnBhBYBOBBA2AoAhAVATALAGAFABAA
3550308999400,ByBuBxBxBdBTBTBKBAAzAeAZAPAGAGACABABAABsBoBvB2BhBaBbBQBEA1AkAWARAJAJADAAABAA
3550308999401,B2B3BzBuBUBXBTBLBCAwAZAUALAHAGACAAAAAABvBxBxBsBeBbBcBUBKAwAfAYARAJAHACADAAAB
3550308999402,B0BuBjBkBdBiBZBEA2AtAgAbAPAHAGAEABAAAAB4BnBnBqBoBmBfBJA+AyAmAgATANAIADACACAB
3550308999403,B3BoBnBpBkBhBUBGA2AsAiAZAQALAGAEABAAAABzBrBmBqBqBlBaBMA9AzAlAZARAMAJAFACACAB
3550308999404,B8BvBqBlBdBeBdBIA2AuAeAXAOALAMADABAAAAB3BpBmBmBoBiBYBKA+AvAhAbAWAMAHAEAEADAB
3550308999405,BrBlBnBpBaBYBWBHBBAsAiAbATAMAKAEACABAABpBrBqBoBkBdBbBQBBAzAhAgAYASALAJADABAB
3550308999406,B/B3B0BpBkBcBTBLA+ApAbASAIAIAHABAAABABB3B2BwB0BlBcBYBNA8AsAdASARAIAFAAADAAAB
3550308999407,BtBoBqBlBhBbBSBIA9AwAlAXAQAPAJAHACABAABtBlBlBnBnBeBVBNBCAxArAWAWARALAIADACAB
3550308999408,B0BzByBpBcBYBaBLA+AyAfAYANALACAEAAAAAAB0BwBsBrBhBfBYBLA8AwAfAZATAHAGAIADADAA
3550308999409,BQBKBTBrBzBbBGA9A7BCA4AhAZAKAMAEABAAAABNBKBQBsB6BbBMBEBTBTBAArAkARATAFADACAA
3550308999410,BXBQBcBtBwBSBFA+A+A3A2AdARARAKAHABABABBXBRBjB0ByBXBMBGBMBLA5AlAeAWARAHABACAB
3550308999411,BFBDBRBsBtBUBFA/A7BIA0ArATAUAJADABAAABBGBBBQB1BzBYBOBHBcBcBNAmAcAVASAJALAAAB
3550308999412,BqBiBjBmBiBbBVBJA8AvAnAXAQASAIAFABABAABrBkBmBnBnBeBZBLBEAzApAcAXARANAIAEACAB
3550308999413,BsBrBmBpBhBXBVBKA8AxAmAYAVAMAGAFAAAEAABpBgBhBmBlBiBTBPBDA2AgAgASASAQAKADAAAB
3550308999414,BuBnBfBqBoBfBUBEA4A0AkAcAQAMAFAEABAAAABuBlBoBqBuBfBWBLBDA6AlAcATAKAGAHADAEAA
3550308999415,ByBqBrBzBrBdBPBEA8AyAgAWAOAFAFAEAAAAABBqBkBiBwBrBeBVBJBIA9AoAYASANAFAGADACAA
3550308999416,B5ByBwBkBbBcBUBPA/AtAaAaAIALAJAEABACAAB0BvBlBjBeBeBcBSBDA2AlAUARAPAKACACAAAA
3550308999417,CGB4BqBpBXBfBTBHA+AqAfALAKAEAEACAAABAACHBrBvBoBqBdBiBQBAAyAfATALANAGABABABAB
3550308999418,BsBkBpBuBgBWBPBDA9AzAhAcAOAJAGACADAAABBlBkBpBvBqBaBTBQBNA7AzAWAYALAMABADACAB
3550308999419,BtBvByB4BbBTBGBHBFA2AjAQAQADAGABAAAAAABrBrB2B3BdBSBRBTBHBCArAVAOAPAGAFABAAAA
3550308999420,CLB9BvBdBaBgBhBQA9AoAcAMAJAGACACABAAAACHCBBuBnBiBiBfBMA6ApAZANANAGAEADADAAAB
3550308999421,CDBtBqBjBcBaBUBGA8AtAgAOALAJADAAAAACAAB9BrBrBwBpBhBWBQBJA5AlAVAQAHAJADADAAAA
3550308999422,BnBjBqB0BgBPBFA/BEA4AmAXAMAJAEACAAAAAABmBgBqB6BpBSBQBTBUBKAzAaASALAMAEACAAAA
3550308999423,B0BoBnBjBJBUBdBPBIA0AiATALAJADABAAAAAABzBrBmBmBuBjBjBXBIA+AmAVAOAHAGAFACAAAA
3550308999424,BxBoBpBoBcBXBaBOBEAwAlAXASAIAGACACABAABmBqBqBsBlBbBdBTBEAzAnAZATAKAFAGACABAB
3550308999425,BrBjBjBpBiBYBTBMBDA6AqAdAPANAEACADABABBjBdBlBzBkBeBYBLBEA6AtAXATAOAKAFACABAB
3550308999426,CCB4BvBpBdBZBbBVA8AyAgAUAQAHACAAAAAAACB2BrBrBuBgBbBeBPBCArAYAVAIAGAHAEABADAB
3550308999427,CGByBrBmBhBiBWBFA9ApAfASAIAKAGABABAAAAB4BuBoBuBnBiBaBOA9AtApAPAOANAGAEABABAA
3550308999428,B8ByBkBgBhBqBiBMA5AsAgAVAOAJAFABACABABB8BuBiBmBpBjBgBMA3AtAbAcAPAGAIADADAAAC
3550308999429,B+BtBqBkBiBaBZBaBHArAaAQAHAGACABACAAAACFByBnBuBkBnBpBPA/AqAaASAJAGAGABACABAA
3550308999430,BhBbBhBnBvBcBVBIA5AzAkAdAUAJAFABABAAACBfBeBfB6B1BqBZBIBBA7AvAYAZAFAKAJADAAAA
3550308999431,BqBjBgBhBtBfBRBFA8AxAoAdATAKAHADAAAAAABnBdBgBwBxBmBaBKBEA2AwAaAVALALAGABABAB
3550308999432,CGB1BlBkBhBmBdBIA8ApAeATAKAFADADACABAACPB5BiBwBrBqBMBSA6ApAaAPAIAHACACABACAA
3550308999433,B1BmBmBpBsBmBZBKA1AvAgAVALAJAIAAABABAABzBmBlBwBxBqBaBHBCAxAeAZANALAGAFABABAB
3550308999434,BeBXBdBsBvBfBQBAA9A2AtAdASAMAFAEACAAAABdBYBgB4B1BmBZBLBGA+AuAcAUAMAIAIAEAAAA
3550308999435,BpBkBjBoBkBeBZBPA+AwAlAWARAKAFABABABABBoBjBjBsBsBlBfBWBEAyAlAbAQAJAJAFAFABAB
3550308999436,BwBpByBqBgBWBWBaBCAvAbAZAOAFAFACABAAAABpBpBrBuBjBfBiBcBDAxAdAVAPAHAFAFAAAAAC
3550308999437,B7BrBqByBiBeBUBKBAAwAZAZANAEAIABABAAAABuBpBnByBxBgBdBRBCAwAgATALAMADACABACAC
3550308999438,BeBcBfBlBeBaBQBTBGA0AkAfALAJAHAEACABAABgBaBjBsBoBgBdBgBQA8AjAgAVAQAMAGAEADAA
3550308999439,BkBaBbBoBmBfBVBEA3AxAsAfAWAOAIAFABACAABdBXBfByBxBkBXBOA+A6AvAiAZAOAJAMADABAA
3550308999440,BjBZBjBoBfBZBRBMBDAxAlAcAUAPAHADAEABAABgBWBkBxBqBlBdBQBHA4AoAjAZAOAJAGAEACAC
3550308999441,CGB3BlBgBfBkBsBOA/ArAXASAHALABADABAAACB+BtBuBlBkBsBnBNA8AjAbAOAMAGAGAFAAABAA
3550308999442,CQB2BkBeBiBtBkBIA7ArAcALAMADAEACAAAAAACEB0BlBtBwBxBgBHA3AlAVARAGAKAEABABAAAB
3550308999443,B1BnBlBlBlBjBXBIA7AvAhAXAMANADADAAAAAAB1BkBjB0ByBtBbBMA7AvArARAOAJAIAEADAAAA
3550308999444,BzBtBiBnBpBnBcBHA9AsAjAUAQAHAEACACAAAABsBoBtByBsBoBcBHA8AvAoASASAFAGACAEACAA
3550308999445,BtBmBjBsBxBlBVBBA+AzAqARAMAHAFADAAABABBrBdBkB4B4BkBVBMBDA5AmARARALAFABABACAB
3550308999446,B2BoBnBmBlBpBZBGA3ArAgAWANAKAFACACAAAABzBoBkByBwBmBeBNA8AvAoAUALAMAIACACABAC
3550308999447,BuBiBiBlBhBrBbBPBCAwAiAYAKAIADADABAAAABtBoBmBvBxBoBhBTBAAxAgATAPAFAFAEACABAB
3550308999448,BiBdBkBwBpBVBPBHBBAzAlAXAUAHADABAAABABBeBeBiB1BtBcBWBTBQBEAlAkAVAHAMAGABABAA
3550308999449,BkBaBgBpBqBlBVBFA5AxAqAbAUAIAHADABABABBkBYBgBuB2BkBaBNBFA7AoAgAYANAIAHACAAAB
3550308999450,BtBoBtBpBpBaBXBHA8AyAiASAKAIAGACACABAABoBgBnB1BtBfBcBWBHA3ApARANALAJAHABADAA
3550308999451,BqBjBiBmBnBkBaBEA8AyArAQAMAGADADADAAAABrBnBmBrB1BvBeBOBCA0AoAYAOAKAIAEAAAAAA
3550308999452,BrBeBfBkBsBkBeBJA4AvAmAUATAPAEADAAAAAABqBdBZBoB8BsBbBQBBAuAmAeASAOAIAHAEABAA
3550308999453,BuBgBnBoBvBlBYBFA2AsAqAXAQANAEADABABAABlBhBkBtB4BrBYBFBAAzAnAaAPALAHAFACACAC
3550308999454,BtBmBgBsBqBgBWBIA7AtArATASAKAEACABAAAABrBgBnBsBsBlBZBQBBA1ArAXASAIAJAHADAAAC
3550308999455,B8B1B5BoBUBGBKBFBBA8AeAoAaAQASAAACAAAAB8BuBtBvBbBIBHBKBHAgAnAPAeAQAJAAACAEAC
3550308999456,B6BvBtBnBiBaBYBIA/AwAlAUANAKAHADABABAAB4BvBoBsBlBfBYBLA/AuAhAUAQAKAGADADABAB
3550407001001,BUBYBdBiBZBQBGBFA9A3AyAjAfAfAZAOAJACABBUBVBXBjBdBMBIBJBCA7A7AkApAYAZAPANAIAC
3550506001001,BWBbBaBvBXBPBNBLBDA2AuArAlAZAWAMAHABAABkBdBgBhBUBEBJBFA4A1A4AnAhATAYAUAEADAB
3550605001005,BRBQBdBpBiBNBLBKBEA6A3AcAdAYAUAIAHACABBQBQBbBiBcBOBQBRBMA8A3AgAfAbAWAQAJADAD
3550605001099,BkBgBlBlBiBUBLBKBDA4AzAeAfAWARAIADAEAABlBgBkBhBbBPBOBFBAAyAqAdAeAPAUAIAKACAA
3550704001005,BaBaBhBvBmBZBYBJBBA1AnAjAXATAOAHABACACBUBYBiBoBlBWBTBJBGA6ApAgAeAQAQALAFAEAB
3550704001010,B3BkBcBgB4B4BkBOA/AwAeAWAUAGAKAHAFABAABxBcBdBoB1BnBTBFA0AmAeAWAMAOAJAHACAAAC
3550704001015,BbBmBsBvBdBRBOBHBGA5AlAmAWAWAGAHAEADAABYBjBoBpBjBUBUBMBBA5AqAaAWALAPAPADACAD
3550803001001,BTBYBeBiBZBRBOBRBHA+A2AhAjAeAYAHAGABABBUBSBkBoBQBPBNBMBCAzAwAhAaAZAaAPAHAFAB
3550902001001,BVBWBkBpBYBLBPBMA9A1AuApAfAcASARAGACAABQBTBlBiBRBFBMBLBDA4AxAoAfAkAdARAHAHAC
3551009999001,BGBMBPBaBWBLBHBLBDA/AvAlAgAgAUAJAKAHACBGBDBNBhBWBNBPBSBSBKA3AxAtAoAgASAOAHAC
3551009999002,BvBrBkBlBiBbBTBJA4AwAlAWAZAMALADAAABAABrBmBjBmBnBeBXBJBBAyAkAiAZAPAOAGAEADAA
3551009999003,BUBYBjBiBTBQBJBMBEA7AvAaAgANANAKAFACAABTBWBZBiBfBZBTBXBKBBAzAnAhAZAOASAGAFAB
3551009999004,BRBUBVBoBjBRBOBKA+A6AnApAZAUANAOAGABAABVBQBZBlBjBVBOBSBGBBAyArA1AOAMARAFAFAB
3551009999005,B0B3BpBtBnBbBMBAA4AtAkAaAUAGAJADACABAAB4ByBpBuBmBWBNBGA9AxAjAjAQASALACACABAA
3551009999006,BVBTBcBpBhBRBKBHBFA6AzAXAXATAUAPACABAABMBRBYBsBZBPBUBRBQBDAtAtAiAeAXAPACAFAA
3551009999007,BSBSBcBwBbBTBDBJA3A2AuAgAjAfASAOADABAABMBMBVBfBfBSBQBKBZBAAzAtAoARAeASAHADAC
3551009999008,A5A4BABVBVBKBHBEBCA9A1AmAoAeAVAZAGAEAAA2A3BGBZBaBNBLBVBTBSBIA0AyAzAqAtAPAHAB
3551009999009,BCBBBJBSBPBLBMBMBHA6AwAkAmAaASANAGADADBCBEBJBUBXBXBTBaBVBJBHAtAmAoAxAZATADAC
3551009999010,A7ArA7BIBEBJBJBJBIBJA1AsApArAUAWALAGAAA3AsA3BMBZBQBNBRBcBTBFA3AtA0BNAjAUAHAE
3551009999011,BeBUBkCCBsBMA5A5BKBGAzAdAZAIAKADAAAAAABYBPBfB+BmBKBABSBZBLA6AaAgAKAJAIABABAC
3551009999012,B5BvBlBYBnByBrBdBDAxAeAVAPAHAHACAAABAAB2BwBhBfBaBbBdBVA4AmAdATALANAFAFABABAC
3551009999013,B6B3BmBhBfBeBaBKA8AuAiAcAVAJAHADAAAAAAB2BtBnBqBmBfBYBMA5AtAfAZASAEAMADADABAB
3551009999014,BpBxBqBnBiBTBXBOA+A1AzAUATAOAEAEACAAACBvBlBiBnBjBhBYBOBDAvAeAdAQAMAIAFAEACAB
3551009999015,BTBeBZBkBjBOBPBJBCA9A5AbAZAOAHAGAEABAABVBPBfBpBnBbBTBRBQBLAvAnAYAZAPAFAEABAB
3551009999016,BYBTBZBmBrBZBQBHA7A6AtAoAZASALAJABABAABXBTBbBkBlBcBRBLBJBFAyAnAiAPATAHAGABAA
3551108001001,BfBpBqBsBcBPBGBLBAA0AgArAiAYAZAZAHAFAABlBdBeBmBVBGBCBCA1AsAvAmAdAiAUAMADACAB
3551207001001,BZBkBnB0BVA+BJBIA+A2ArAoAcAbAbAMAKADAABaBeBlBnBHBCBGBHA9AwA1AkAwAYATAPAHAPAD
3551306001001,A6BHBdBhBWA8BFBJBdBCA7A/BEANAsAJAAAAAAAxBZBYBaA6BaA/BhArBcAmA9A+AZANANAFAAAC
3551405001001,BxBgBqBkBgBUBLBJA9A5AvAcAVAXATAIAFADACBtBoBsBmBSBIBEBBA/A0AnAbAcAcANARADACAA
3551504001001,BqBnBkBlBjBbBYBPBCAvAlAeAYAOAMAGABABACBlBkBjBqBgBcBRBPA8AvAnAXAXAPANAJAGACAB
3551603001001,BMBLBYBaBYBUBJBIBEA8AzAlAlAdAfALAKADADBHBNBUBbBYBPBKBMBHA7A3AnAmAkAhAUAQAFAC
3551702001001,BWBhBwB7BoBWBRBRBNA6ApAZAUAMAIACABABAABOBeBqBtBgBVBVBUBMA4AnAXARAMAMAHACADAC
3551702001002,BgBhBpBjBbBWBaBWBHA0AmAfAZASASAAAAAAAABSBaBjBlBgBYBdBWBEAxAoAgASAUARAHAEACAB
3551702001003,BmBfBlBmB4BfBOBNA/AwAoAXAZAKAJAHABAFACBnBgBrBpBlBVBUBHA9AvAmAbAbATAMADAEADAD
3551702001004,A7A+BRBaBbBJBEBOBMBEA0AtAmAnAVALAJAGAAAzA/BNBaBfBNBPBUBKBKA+AvAoAkAeAeAQAIAC
3551702001005,BhBeBfBmBqBbBSBJBFA4AtAkAbAYALAOACAAAABWBXBfBmBeBUBOBHBAA2ArAjAdAOAPALAAAKAB
3551801001001,BmBqByB7BjBJBBA8A3AyA2AkAeAdATAKADADAAByBqBxBoBjBABHAwAzA0AhAjAbATAQAHAFADAC
3551900001001,BsBlBkBlBhBZBcBOBEA5AoAhAVAVARAIAFACABBaBZBhBqBXBOBWBLA8AqAlAeAeASAOAKAIACAA
3552007001001,BfBeBwBjBeBQBHBIA9AxBAAbAmAYAcAFAKACABBhBaBoBiBWBLBIBAA+AqArAkAbAdAWAPAGACAD
3552106001001,BCBMBUBdBXBHBJBJBDA7A4AlAlAeAhANAGAGABBBBJBVBeBYBMBMBLBKBDA8AvArAjAdATANAGAG
3552106001002,BNBSBcBiBYBSBTBUBKA/A1AxAiArAhAOAGAAAABMBTBfBWBNBKBBA/A9A4A3AmAiAmATAPAHADAA
3552205001001,B5B0BnBXBUBkBsBXBAAsAdARAPAHAGAFABAAAAB5BvBmBcBeBtBnBUA8AoAgAUAQAKAGAFACABAB
3552205001002,CHB7BuBpBcBZBYBJA4AqAbAVAOAIAHACABACABCEB+BuBmBbBZBXBOA7AqAXAWARAKALAEAAAAAB
3552205001003,BaBaBiBoBhBWBKBHBJA1AwAbAaAMAMAMAFAAACBYBUBiBsBmBTBNBUBLA7AvAgAfAVAQAJAEACAB
3552205001004,BnBpBxBzBZBWBPBPBGA5AnAaAQANAJAEABACAABeBhBnBrBiBRBVBXBIA4AlAYAWANAGADAEAEAC
3552205001005,B3BxBrBjBVBbBiBUA/AuAhAQAOAMAHADAAABAABsBvBmBdBhBkBkBUBAAvAgAWATAMALADADABAB
3552205001006,B8B4B5BrBhBVBSBKA+AuAdAVAPALAGAGADADAAByBtBvBmBlBZBQBNA+AqAeAXAPAPAJAGACACAA
3552205001007,BuBpByBtBeBcBQBOA+AwAgAcARAOAMAFACABAABtBmBsBqBkBYBTBLBAAwAcAeAXANAHAFADAFAB
3552205001008,BKBSBYBoBbBPBIBPBIA7AqAwAiAVAOALAEABABBNBMBWBlBfBRBOBUBKBBAyAvAmAZAVAQAFADAB
3552205001009,BKBTBXBjBdBMBMBSBTBEA9AZAXAUAPAJADAAACBCBJBYBeBkBVBSBeBVBGA4AkAfAUASAJAKADAC
3552205001010,BcBoBrBsBjBWBUBbBQA5AhAcAMARALADADABAABeBjBnBqBaBSBWBVBMA1AlAUAQARAKAHACAAAA
3552205001011,BABGBUBiBhBPBDBJBIA+AuAqAjAaAQALAIAEABA+BDBTBgBmBSBJBWBTBHA8AsAkAiAbAVAMAFAB
3552205001012,BQBOBcBoBhBTBKBOBMBCAyAkAfASAMAGAEAFABBKBOBWBpBgBSBMBTBRBFAyAjAbAUAVANAIAEAB
3552205001013,A2A3BFBVBZBIA7BBBAA7A6AsAsAnAiAbAGABACAwA3BBBWBdBJBEBOBNBJA9BGA3A4AxAiAPAOAE
3552205001014,ApA2BHBYBcBCA4BCBEBEA3AsAuAdAkARAIAEACApA1BGBZBfBGBHBQBRBRA9A/AyA3A0AlAWANAD
3552205001015,BWBcBgBpBdBTBMBKBCA5AzAfATAhANAIAGAGAABUBVBeBiBcBPBRBQBBA8ApApAdAeANAQALAFAA
3552205001016,BHBHBYBdBXBHBMBSBOBDAvAkAhAWAQALAEACABBBBIBYBjBdBRBVBcBSBEA3ApAbAqAcAQAGACAC
3552205001017,BKBEBTBhBfBPBIBHBDA3A1AiAhAeAaAQALABABBABIBRBgBcBJBLBMBKA9BFAjAwAsAjAQAQAHAC
3552205001018,BgBdBgBvB8BxBiBWBJA8AoAYAVANAJAFACABABBbBZBeBjBcBSBPBLBFAzAjAYAOASAKAHACADAB
3552304001001,BaBgBkBjBhBYBOBKBKAyAyAkAdAVAOAPAEADADBSBgBeBcBRBgBSBNBAA1AtAdAcASAXAJAFAFAC
3552403001001,BfBjBkBmBhBbBZBRBGA5AtAZAVARALAGADABAABeBcBcBkBhBdBYBOBGA3AjAgAVAMAKAIAJACAA
3552403001002,BxBvBvBpBeBiBgBRBBAuAlASAUAHAIAGADABAABoBtBnBnBhBcBbBMA9AuAjAQARAPAHAGAFAAAA
3552403001003,BBBIBWBsBiBQBQBOBJBFAzAmAaAZANAJAFABADBABCBQBmBjBTBSBYBSBEA2AmAXAkAVAQAKAFAA
3552403001004,BHBOBNBlBhBYBTBQBJBEA+AcAfAUATALACACAABFBFBUBjBhBVBPBRBVBFA4AiAYAkAWAJAIACAB
3552403002001,BjBgBmBeBgBcBaBPBGA3AqAbAWAOAIAIADABAABbBeBgBnBoBdBbBSBEA1AoAVATARAMALADACAB
3552403002002,BnBpBpBnBkBdBUBJBDA6ArAVARAJALAEACABAABhBkBnBuBlBdBUBNBGA4AiAaATALAJAGACABAA
3552403002003,BsBwBkBlBpBkBdBKA6AyAhAbAQAKAPAEABABAABoBlBmBpBoBhBVBNA+AuAiAYAVANALAHAAABAA
3552403002004,BvBwBqBnBnBeBcBHBAAxAkAaAOALAFANABAAAABsBkBtBpBkBeBWBMA+AyAgAYAQAMAIAGABABAA
3552403002005,BXBbBkBpBqBdBTBGBHA9AsAhAUAQATAGABAAAABQBWBdBlBoBVBTBQBQA8AkAjAZAQAQAFAEACAA
3552502001001,B1BcB0BoBdBgBWBGA9A5AnAYATAJAJAEABACAABXBjBcB0BuBfBOBPBBA0AnAcAUANAQAIACABAB
3552502001002,BcBZBfBgBjBXBSBMBEA3AnAjAdANAIAEACACABBZBRBgBtBkBbBXBSBJA6AwAhAfAPAVAIAFACAB
3552502001003,BcBdBfBlBeBQBOBKBBA2AuAdAfAJASAJABABAABYBYBhBiBhBfBQBTBIA9AwAjAaAZASAKAHACAB
3552502001004,BnBgBkBqBgBVBPBGBFA7AtAcAZAOAMAEAEABABBhBdBhBqBgBVBPBQBGA7AoAdAZARAOAKAAACAD
3552502001005,BHBEBVBbBeBLBOBKBFBBArAqAnATAPAIAIAEABBDBHBZBeBaBUBYBYBPBGA0A3AsATAXAUALABAE
3552502001006,B/BsByBtBbBXBSBMBDAxAcAgASAKAKAFACACABBvBwBrBpBfBUBVBOA+ArAaAbAPASAHAFADABAB
3552502002001,B1BsBrB4BiBTBKBBBBA7AfAcAQAOAHACACAAACBxBtBvBzBgBNBQBPBBA3AeAWAOAOAOACAAAEAA
3552502002002,B4BzBzBuBbBdBTBHA/AyAgAUAVAJACAEABAAAABvBuBvBxBdBZBZBQA7AuAfAUATAHAGAHACAEAB
3552502002003,B0BxBuBkBgBQBSBNA+A0AbAdAVAJAIADAEAAAABuBtB0BtBiBVBYBPA7AuAjAYAUAIAHAKAGACAA
3552502002004,CGB9B0BlBdBaBeBKA5AtAcARAJAKAGABAAAAAACGB9BuBtBhBhBZBHA2AqAZAUAMAFAGADACAAAB
3552502501001,BuBmBpBrBgBRBKBIA/AzArAgAZASALAHAEACABB0BoBtBpBbBVBQBEA6AwAnAcASASAQAGADADAA
3552551001001,BVBYBgBhBqBEBQBRA+AuA7AcAuAVApALAHAFAABIBUBZBiBQBIBJBIBGAwAyApAcAgAgAUAFAEAA
3552601001001,BHBTBRBhBSBJBTBVBGA+ArAxArAmAUATAGAEABBGBPBVBbBOBPBRBMBDA3AvAsAjAhAhASAJAHAB
3552700001001,BTBWBsBlBcBTBTBKBBA7ApAoAcAhAQAMAGAEAABWBZBcBlBXBMBLBLBCA1AjApAfAdAXAQAIACAB
3552809001001,B3BtBrBnBjBkBgBPA9AoAcATALAKABAEABABAABwBnBpBtBrBqBkBSBAAoAfARARAIAEADADACAA
3552809001002,CAB1BpBiBkBgBhBMBDAgAfAOAGALAFAEAAAAABB3B0BsBuBqBmBeBPA1AuAgAPAMALAEADACAAAB
3552809001003,BhBWBXBeBpBkBXBCA3ApAhAoAdALAPABAAAAACBgBaBeBsBxBpBaBQA9A1AqAtAeAOAEALAIADAB
3552809001004,BsBmBhBqBsBeBTBBAzAtAkAaAVAHAGADABAAAABxBfBoB8BzBdBcBOA1A3AkAjASAOAIAFABAAAB
3552809001005,B2BlBgBrBrBpBQA/A1AsArAUAQAHAGADABAAABBvBkBkB3BwBmBbBMA6A1AoAYAQAMAGAGABAAAA
3552809001006,BfBVBgBqBpBdBRBLBDA2AnAbAUAMAGADACABAABdBVBgB2BtBeBXBXBLA8ArAdAWALANAIACABAB
3552809001007,BTBUBkBtBcBQBOBRBLA9AmAaARAKALAEACABAABRBTBmBvBeBYBbBgBcBEAoAgAbARAKAIAFACAB
3552809001008,BRBPBZBiBfBRBSBPBOA6AuAdAXAQANAIABABAABJBQBbBpBmBdBWBYBWBEAyAhAVAYAXAJAKACAB
3552809001009,BMBFBXBhBUBSBXBIBMA7AuAkAfASAMALADACABBHBEBRBgBfBhBZBZBUBJA0AvAkAeASANALABAD
3552908001001,BSBsBmBlBXBOBUBNBOAwAuAcAjAcAVAKAAAEAABVBbBgBZBSBQBWBOAyAzAmApAkAeAeAJAGAFAA
3553005001001,BVBZB2BwBeBLBDBHBAA2ApAxAcAbAMAKAIAFABBUBPBcBxBdBOBLBKA7A8A2AdAoAMAUAVAEAAAA
3553104001001,BgBhBlBUBUBRBQBLBCAwAjAxAiAiAbAGANADACBdBeBZBYBNBQBUBDA7AzAnArAhAsAaALAEAFAA
3553203001001,BFBOBeBeBSBXA/BNBJBFAuAmAhArARAVAMAFADBHBbBjBbBMA8BTBCBAA5A0ArAyAeAiATAFAEAB
3553302001001,BVBaBlBhBZBOBMBNBIA4AtApAhAZAaAKAHADAABTBcBhBjBTBHBLBMBAA4AuAlAjAbAVANALADAB
3553401001001,BABIBbBhBWBLBJBPBOA8A4ApAhAlAUANAHAIABBCBIBWBdBUBIBRBVBIA+AzAxAqAeAcAPALAFAE
3553500001001,B8BoBvBkBfBLBJBCA1AsAyApAiAYAKAPAGAEACBzBxBmBnBUBCBFA/A7ArAlAiAgANAPAPAEABAC
3553609001001,BUBjBjBhBUBIBSBMBCA0AoAnAjAXAUANAHAEACBdBlBiBjBTBMBUBPBGA0AhApAeAdATAMAHACAB
3553658001001,BVBRBzBiBnBTA6BVBSA+A5ATAYAZAPAYAAAOAABRBYBeBaBRBGBiBFBOArAmAiAhAmAMAFAOAAAD
3553708001001,BVBWBeBqBjBWBQBNBDA2AsAmAeAaAUAKAHAFAABPBRBZBcBbBQBNBMBBA4AvAmAfAfAcALALAEAC
3553807001001,BgBgBnBmBcBMBIBOBFA7ApAjAWAfAPAQADACABBdBbBfBiBTBNBQBPBBA5AuAhAeAbAUAIAGAFAB
3553856001001,B6B1B+BtBhBPBIA+A5A1AjAcAUAQAKAEAHAEACCFBvByBrBbBNBJBKAwAmAdAWAdATAKAFAAAAAA
3553906001001,BaBqBkBnBYBPBQBUA8AsAzAaAoAXAPAPAHAAACBeBdBkBfBPBaBVBOA+AwAXAtAhAYATAGAHAFAD
3553955001001,BZBoBoBsBkBdBTBbA/AvAsAdAYAQANAKAEABABBVBdBfBiBaBfBUBSA7AyAhAhAdAUAPAFAEAEAB
3554003001001,BbBiBlBnBfBTBQBTBDA2AxAaAbARAQAHADABABBXBgBiBlBbBWBQBTBCA2ApAmAaAUARAGAFADAA
3554003001002,BwBsBnBtBkBZBRBKA6AxAtAaAZARAQAKABABABBkBiBlBlBhBQBKBFA6AwAiAmAYAUAPALADACAB
3554003001003,BtBxBuBsBYBQBOBFA/A1ApAfAeAUAPAMADAAAABsBsBuBbBcBNBKBHA/AwAfAjAVASARALABAAAB
3554003001004,A8BGBUBdBbBJBABFBDA7A3AkAqAbAXAQAKAGACBBBHBYBgBbBKBKBKBOBBA6A0AvAlAjAYAQAFAE
3554102001001,BYBWBYBeBXBaBcBRBHA6A1AYAaASAQAIAEABAABMBRBWBjBdBcBaBVBLA5A0AfAaAZAYAJAHADAD
3554102001002,BTBSBdBrBnBgBUBTBKA/AsAkAQAZANAIAGABAABOBPBaBlBjBPBPBTBHA+A2AgAPAcAPALAEAGAA
3554102001003,BOBTBXBiBlBRBOBUBBA7AxAhAiAVAVAHADAEACBJBIBUBiBdBTBSBQBJA+BEAgAcAjAXAOAIABAE
3554102001004,BWBaBaBlBgBaBRBMBDA+AwAgAfAMARAFAFABACBRBXBZBhBdBZBVBRBGA9AtAjAXAeASAKAHAEAB
3554102001005,BzBvBoBkBhBdBXBNBAAzAlAWATAMAPABACAAAABuBkBoBnBkBeBXBRA+AsAfAaATANAJAGAEABAA
3554102001006,BDBMBXBpBYBJBNBOBMA7AtAmAfARASANAFADACBEBMBUBgBeBPBOBZBPA/A3AnAjAnAUAZAKANAD
3554102001007,BiBiBjBoBlBZBYBOBDA2AtAeAXAPASAJADADAABeBYBeBmBhBXBSBOBAA1ApAdAWAYALAKACACAA
3554102001008,AuA2BEBRBSBBBABIBABBBAAgArAuAgAUAOAFAAArA0BDBVBXBHBFBSBQBCBVAzAtA8BFAjAZAJAE
3554102001009,A+BCBRBnBhBMBMBKBHBCA6AlAiAZATAHAHACABA/BABSBjBiBOBOBRBTBHBCAtAoAfAZASALAFAB
3554102001010,BtBtBqBqBjBaBUBLA+AyAnAUAQAJALACABACAABqBoBlBoBhBaBYBPBFAzAjAZAVAOAJAFAEAFAB
3554102501001,BqBlBsBsBiBVBTBKBDA3AnAdAVAJALADABAAAABlBmBmBoBiBaBUBPBGA5AjAZARAOALAFACADAC
3554201001001,B0BgB0ByBnBOBCBJA+A+AxArAeAIAYADAAAJAABtBjBjBlBXBBBDBCA7AzArAjAeAXAGADAGAAAA
3554300001001,BiBjBnBoBgBUBRBEA5AvAoAjAZAYARAOAGACABBrBiBmBnBiBRBUBJA4AxArAcAeARAJAGANABAC
3554409001001,BaBdBpBfBWBMBTBOBMA7AmApAgAYAXAFAHAEACBLBdBkBaBKBLBMBNBCA2ArAkAjAeAYALAMAHAC
3554508001001,BTBTBeBgBZBVBQBOBHA2AwAiAfAcARANAFACACBNBUBTBiBbBPBOBLBEA7AvApAkAbAaASAMAFAD
3554607001001,BUBXBiCGBCBAA+BZBCBAA8AqAoAhAMALAFAAALBDBSBmBFA7BDBIBSBMA6AZA5AoAmAgAeAGADAG
3554656001001,BLBiBVBUBOBMA/BIBGAnAyA6A1ASAqAeADASAABYBYBaBYBMBEBDBRA1BMArAnA+AaARAKAQAAAB
3554706001001,BHBWBfBiBYBSBOBMBBA+AzAiArAcAUAUAIAEAEBIBXBYBRBNBRBIBIA+A3A6AqAoAfAhAUAIAFAB
3554755001001,A3BdCMBaBdBNBeBnAvA6AkAwA8AFAWALAJAAAAB0B2BCBrBQBXAwAnBQAmAmAmAUArAfAKAAAAAA
3554805001001,BYBUBfBlB6BkBeBVBJA8AxAZAaAPAJAJAEABABBTBUBhBgBaBMBKBVBDA3AmAiAXAVAWAIADADAC
3554904001001,BMBIBVBkBUBGBDBHBIA7BAApApAjAaAZAGADAHBCBNBUBjBIBEBNBHBHA9A7AoA1AhAiAQACAIAD
3554953001001,A2BNBWBpBdBaBLBFBIA9A3AuAqAkAZAUAFABABBTBBByBVBhBGBGA8AwBCA8A2AaAmAWATAHACAE
3555000001001,BHBOBYBgBWBMBJBGBDA5AvAqAnAeAbAMAJAEACBCBHBTBeBZBMBMBQBLA+A4AwAqAmAcATAMAGAE
3555109001001,A8BJBXBfBNA+BEBKBJA9A3AzAtAjAdAbAMAEABA4BEBUBTBNBCBLBQBNBHBAAsA1AtAhAUAKAGAB
3555208001001,A1BbA5B3BAA8A3BjBJBTBMBMAiAnATALAKAFAAA0A/BuA8BPBABRBAA/BBA9AkBHApARALAPAPAG
3555307001001,A8A6B0BIArA3BhBWBVBABEAqAlAwAmATAFAIAAA5BXBRBWBSBHA8BdBEA3BFBAAhAwAUAJANAAAE
3555356001001,BkBtBkBtB1BPBOBHA3BCAyAZAbAVAcAIACAAAABmBjBbBeBVBWBSA6A6AuAkApAcASAPAJAFAAAB
3555406001001,BtBqBoBmBiBbBTBMBBA0AmAcAYAQAKAHADABAABnBkBoBkBeBXBRBMA+AxAoAZAWAOANAJACACAC
3555505001001,BVBiBwBzBXBFBJA9BBA+AoAsA6AOAbARAAACAABbBXBfBdBVBGBMA9A3A6AtAgAbAqAdAOAEAHAA
3555604001001,BGBNBhBVBXBJBRBOBKBBA0AlAiAmAaAQAEAHABBCBMBWBWBMBMBOBNBFA0A3AnAlAvAgARAPAJAC
3555703001001,BKBbA3B3A8ArB0A2BcA/A8A4AlA1AUAUAAAYAABCBdBnBABHBsAtBkAnBKAnArAVAwAHAFAeAAAG
3555802001001,BDBMBUBmBVBLBNBHBDBBAuAwAhAqAhAQAGAHABBHBJBUBdBXBPBMBFBIA5A+AtAsAkAUALAPAEAE
3555901001001,BLBmCJBKAuBjAdBtBFBGAkAeA8AnAhAMAHAOAAAjBBBnBaBcAmBIBhAqBTBJA3ApANAYARATAAAA
3556008001001,BCBHBdBeBVBMBPBIBIBBAwAzAnAmAfAOAJAFAAA/BMBQBaBOBJBPBNBCA9AmA8AuAlAhASAJAGAB
3556107001001,BKBGBZB/BuBTBSBMBLA6AjAwAiAXAPANAFAAABBQBNBYBXBgBSBJBOBJAyApAoAnAaAXAMAHAHAE
3556206001001,BHBTBcBoBfBUBRBXBdBHAzAeAWASAIAHADAAAAA/BJBXBpBfBYBtBdBEBBAuAgAYAPASAMABACAC
3556206001002,BXBWBkBgBgBXBgBbBKA8AnAcASAWATADACABABBVBUBeBdBgBZBhBVBLA0AlAcAWAWAVAKACAAAA
3556206001003,BUBZBeBjBpBjBeBRBDA6ApAjAeAUAMAFAEAAAABTBOBZBjBeBfBWBTBCA8AhApAfAJANAPABAFAD
3556206001004,A/BKBRBbBbBRBPBSBKA/AwAzAhAZAXATAFAGACBBBJBYBVBZBMBVBZBLA/A0AzAjAlAWAMAJADAA
3556206001005,A0A8A+BUBZBUBRBQBDBAA7ArAyAXAZASAMAIAAA2AyBFBUBaBUBUBPBUBDBFAtA/AhAkATAYAGAC
3556305001001,BXBXBlBhB0BgBcBWBDA0AlAjAaAVAUALAKAHAABRBZBYBaBTBKBLBLA+AwAoAnAiAcARAPAGACAD
3556354001001,BVBUBpBkBYBXBEA+A9BHA3AuAfAdAdAMAMABACBXBJBfBkBUBNBHBIA9AqA0AhAmAcAcASAHAEAC
3556404001001,BXBUBbBhBaBPBPBMBGA7AsAoAgAWAWALAJADAABSBVBdBfBZBLBTBPBGA4AtAlAgAaAZAQAJADAB
3556453001001,BmBkBrBuBlBVBQBNBFA1AmAcAXAOAIACAFAAABBhBgBpBrBiBWBUBUBDA1AmAZAQAPAMAJAFABAA
3556503001001,BdBbBiBqBjBXBUBSBSBAAwAUASALAIADAFAAABBWBaBnBtBkBZBUBYBSA5AlAXAWALAJAHADABAB
3556503001002,BYBWBhBpBlBaBUBPBHA8AuAgAZATAMAEAEABAABSBSBcBrBiBYBVBPBGA9AtAgAbAPAMALAIABAC
3556503001003,B7B8BvBlBfBdBfBTA+AqAeARALAKAGACADADAAB6B4BqBpBiBfBVBNA5AnAgAOANAOAGAGACAAAA
3556602001001,BRBaBcBiBbBOBOBFA9AwAzAlAjAkAYALAIAGACBSBVBYBXBZBNBMBJBAAzA0AoAlAdAeAWAMAGAE
3556701001001,BLBOBbBnBgBWBRBPBMA9AzAiAYAWATAMADABAABHBOBZBoBfBSBQBUBPA/AtAmAbAaAPANAHAGAC
3556800001001,BbBlBlBlBYBRBMBLBEA0AxAhAgAaAQANAFAEAABVBcBgBmBUBPBJBKA/AzAsAkAiAXAaAPAHADAA
3556909001001,BPBLBbBgBdBVBSBSBIA9AvAqAXAbAsAGAAAAAABIBTBPBlBdBRBTBCBBBAA+AdA4AdAPAOAEACAA
3556958001001,A1BXBbB+BeBhBIBRA3A9ArAhA0AiAWAbAAAAAABRBBBjBwBtA2BXA2BbAmAkA8AbAnAEAFAHAEAD
3557006001001,BEBEBQBjBlBSBCBDBAA+BEAkAiAcASAMAIABADBGBCBPBoBhBNBFBIBQBHBHArAiAfAeAYAJAFAC
3557006001002,BVBXBcBqBpBTBOBNBHA7AuAjAfANASAJADABAABUBTBcBkBeBTBRBMBLA8AoAoAdAZAVAKADABAA
3557006001003,BpBlBqBlBbBZBfBZBDA2AhAWARANAJAJADAAABBnBjBlBfBgBZBdBZBDAwAsAWARANAIAFACABAA
3557006001004,BsBmBrBxBoBSBMBKBGA2AmAeARAKAFAHAAADAABfBoBpBwBdBUBNBSBJA5AnAbAZAIAKAFACAAAC
3557006001005,B2BsBsBnBkBfBUBHA5AuAmAbAXAPAGAFAEAAABB4BrBkBnBnBWBQBHA5AvAeAfARALAHANAEACAC
3557105001001,A4BHBTBdBaBLBLBNBJA3A2AtApAbAZAMAIAIABA1BABQBbBbBNBRBVBPBLBAAsAsAkAZAYAOAEAB
3557105001002,A2BFBRBdBVBJBIBMBNBCA9AqApAdAWAUAEAAACA2BBBTBeBWBNBUBVBXBFA5AzAmAoAhARAHAFAD
3557105001003,BbBdBnBdBeBcBgBbBCA0AoAfAYASAGAMADAAAABQBYBdBcBgBfBhBTBGA4AnAfAZAWAPAHACADAB
3557105001004,BQBcBiBmBUBRBPBHBBA9AmAuAiAdATAPAEADAABNBaBhBdBaBLBQBJBGA6AzAsAeAaAWAMAGADAD
3557154001001,BHBaBRBfBSA1BqBFBPBOAuAzAWAxAzAGABAFAAA7BJBkBlBJBpA0BPBDApA+AkAxAcAMAMALAGAA
3557204001001,BcBbBeBpBhBOBJBHA9A7AwAmAhAXAQAHAGAFABBdBVBbBgBVBYBJBJBAA7A0AjAkAYAWAPAHADAC
3557303001001,BcBfBsBoBgBYBVBQBMA4AuAaAaAVAOAKAEAGAABZBeBfBnBWBTBOBRBCAxAoAZAeATAPAHACAGAB
4100103001001,BWBrBeBoBYBDBPBQA/AyArAqAgAjASAIAGABABBcBkBsBfBVBJBGBKA6AxAuApAeAZARAPAJAGAE
4100202001001,BuB9B3B0BFA8A8A7A9AtAnApApAeATARAHAIABBnBhBzB4BEA4A9BAAyAvAsAiAhAdAbAKANACAB
4100301001001,ByB2BsBqBWBTBRBUA7AwAiAoAYAjAPAMAEACAABnBqBkBUBQBLBDBBA4ArAxAZAfAXATAJAGAIAB
4100400001001,CBB3BsBsBhBbBTBDA4AqAhAXATAKAHAFADACAACBB1BoBsBZBZBSBLA8AqAiAWAXAJAHAGACAAAB
4100400001002,B2BpBrBrBkBbBPBJA9AxAfAcAPAMAIAHABABAAByBqBrBrBjBcBQBOA+AwAlAZAVAMAKAFABACAA
4100400001003,CCB3BsBvBeBVBQBIA6AwAZAhAPAMAJAIABAAAAB5B0BpBoBeBUBWBJA8AtAiAWATAMAIACADACAB
4100400001004,BrBwBiBkBfBZBbBPBAAzAmAVARAOAGAFADAAABBqBxBmBbBdBeBdBVBBAwAhAdAUAQAJAGADADAA
4100459001001,BhBqBqBwBpBQBLBGA/A3AgAiAlAYAPAIAFACABBnBwBYCBBcBOBCA9AzAwAeAmAhAUAMAFAHAAAA
4100509001001,BMBXBbBeBOBABRBFBAA6BAAoAqAsATANAKAGACBPBSBfBdBNBHBRBLBHA9A6ApAqAaAYAJAFAEAC
4100608001001,BVBlBjBjBUBZBRBIA+A4AiApAiAaAVARAEADAABXBiBcBZBVBPBTBIBDA3AkAsAdAeASALAJAGAC
4100707001001,BcBnBnBpBXBLBOBHA4AsAoAjAnAcAWANAKACABBXBjBoBiBVBNBPBDA+AxAwAmApAYASAMAHACAB
4100806001001,BfBgBhBoBTBGBNBLA5A0AtArAgAZAXAPALACABBXBZBdBfBTBJBRBIBBA+AqAnAlAXAbALALAEAC
4100905001001,BnBpByBnBcBaBPBJA/AuAnAVAiAZAaAIAEAAABBaBsB1BfBSBGBYBOA5AsAfAZAcAYARAHAGAEAE
4101002001001,BtBnBnBhBVBPBJBNA/AvAnAjAdAVARAIAEAEAABfBpBlBhBaBUBQBMA+AyAqAlAgAdAOAGABAEAB
4101051001001,BaBqBeBmBWBKBOA6BAA4A8ArAkAoAHAKAAAPAABcBcBmBQBiBGBJA+A4A7A8AdAgAPAnAAAIAFAG
4101101001001,BZBfBVBuBhBEBTBKA6A4AuAeAjAWAQAQAEAFABBeBVBiBgBaBTBOBNA4BDAsAmAhAYAYAOAFADAD
4101150001001,A8BVByBwBfBMBSBRBAAqAyAjAzATARAOAJAAAABSBoBmBhA9BJBQBTBEA8AoAuAWAYAdAPAEAAAG
4101200001001,BeBsBwBnBaBABHBEA8A1AtAiAfAfATALAFAFACBmBmBnBZBOBBBGBKA6AwA0AiAoAbAYAQAGAFAD
4101309001001,BXBiBuBmBaBOBRBMBFBBA2AiAiAeAQASAEADABBXBnBmBhBGBCBGBDAwAsA1AbApAhAXAGAHACAD
4101408001001,BRBYBbBcBcBTBOBHBDA6AuAoAeAWASAMACADAABJBRBdBfBfBQBWBTBNBCA5ArAeAcAPANAFAFAC
4101408001002,BUBbBcBeBcBMBHBRBBA3ApAiAZAWAXAKAGABACBKBTBbBjBaBSBZBVBNBBA3AiAxAZAQAGADAGAG
4101408001003,BlBoBoBoBgBVBQBGA6AsAnAjAXAUAMAIACADABBhBnBlBkBdBVBXBJBBA2AuAeAYAUAPAIAGACAA
4101408001004,AzA+BQBbBXBFBGA8BABAA1A0AlAbAcANAKACABA4A/BOBlBbBNBPBVBSBOA2BGAhA6AcAWAJALAB
4101408501001,BeBqBtBjBZBTBYBQBBA0AvAjAgASAWALACABACBaBfBgBYBUBSBUBNA7AyAoAmAgAWAJAJAEACAC
4101507001001,BfBZBjBgBeBeBYBGBAAyAlAoAbAVAQAMACACAABUBbBZBfBdBXBWBOBCA4A9AYAeAcAOAHADAJAA
4101507001002,BIBMBVBfBkBPBRBLA/A6AtAoAkAUAVALAEAIABBIBLBUBeBeBRBRBRBFBAA6AuApAoAcANAEAFAA
4101507001003,BABEBQBbBaBIA9BFBBBAAvA7AmAXAcAOAGACAEA+BBBQBdBoBLBKBTBRBGA0A8AvAkAWAXAMAKAE
4101507001004,BSBlBmBmBWBcBdBSBGA0AvAbAYATAPAJABACACBcBXBiBZBcBVBaBXBCA4A4ARAZAXAMAMACACAA
4101507001005,BkBhBiBbBhBmBmBTBEAzAoAYAUAOAKALACAAABBhBdBYBbBdBlBfBUBAAwApAaAZASAJAIABACAC
4101606001001,ByBxBrBmBXBUBSBLBAAvAnAdASAUAOAJAIAAAABqBzBmBmBYBZBQBKA5AqAjAbAXAXAKAIAEADAA
4101655001001,BZBoB1B2BGBGBOA9BDAyA2AoAjAdAgAFAKAAAABUBuBjBiBBBFBPBFA+AuAvAxAjAaAPALAFABAE
4101705001001,BeBgBfBhBdBQBeBSA/A2AnAqAjAYASARAGACAABTBjBdBUBRBTBXBLA7A5AjAsAaAZAQARAHACAA
4101804001001,BnBhBgBjBmBiBXBNBCA6AqAWAQATAJAFADABAABcBXBbBkBrBiBeBQBFA4AmAZAYAMANAJACAAAC
4101804001002,CEB/BsBiBeBkBfBLA6AoAcARAMAOAGAEABAAAAB1B8BwBiBfBhBeBNA5ApAeAOAMALAGADABACAB
4101804001003,BnBjBeBiByBlBSBKA/A0AvAWAQAKAKAGAFADAABpBhBfBlBpBdBTBQBBA2AkAaASAYALAEACAAAA
4101804001004,ByB6BvBrBkBYBXBQBDAvAjARAOALAGABADABAABwBzBtBqBfBYBXBQBCAvAaATATAIAFADAHAAAA
4101804001005,BhBgBjBhBjBaBCBJBAA3AxAqAiAZASAKAKABAABWBWBdBgBeBNBbBGA8A0AhArAjAPATAMAKAGAC
4101853001001,BHBiCGBvBgA/A9BQAwBNA3AmA3AVAQASAPAAAABEBjBRB/A6BUBZA0BBArA5AeAhAZAaAHACAAAA
4101903001001,BTBgBsBnBOBHBJBEA7A0A1AlAkAaAUAIADAHAGBPBYBtBqBNBSBNBHBCA8ApAwAkAbAXANAGAEAD
4102000001001,BPBZBcBaBQBMBQBHA+A5A1ApApAdAWAPADADABBGBZBdBZBXBSBWBTBGA+AxAwAmAXAXANAGADAD
4102109001001,BJBbBiBiBRBPBOBOBCA5AmAyAWAgAXAOAHADABBJBXBaBcBUBQBXBQBGBBAyAmAlAfARAQAHADAC
4102208001001,BLBhBYBhBpBiBSBRBHA2AzAjAXAfAcAMAEAAAABNBTBPBcA9BJBYBWA0A9AyAyAcApAeAHAIACAA
4102307001001,BhBkBsBoBdBZBTBPBFAzArAdAiAPAPAJAEACAABfBhBiBeBXBaBXBIA8AtAkAjAcASANANAHABAD
4102406001001,BbBcBoBoBYBKBJBKBCAyAuAiAcAVAcAIAGACABBWBdBjBjBTBNBSBNBAA6AzAjAcAjASALAGAFAD
4102505001001,BSBnByBpBIBFBDBGA2AzAoAuAsAjAdAIAKADADBNBfByBmBIBIBOBFA9A2AwArAmAbAYALAEAFAA
4102604001001,BeBvBwBqBKBGBCBIBBA1AxAaAcATAYAKAFAAAABoBrBxBvBRBNBIBQA+A4AtAeAeATAQAEAHABAC
4102703001001,A/BdBtBuBcA7A1BOBNBFA9AxAhAmAYAIADAAACA9BjBTBfBJA7BVBmBJAcBSAvAbAPAUAIATACAD
4102752001001,BjBpCHB/A8BKBHBIBIA3A3AkAfAUAdANADADAABiBiBnBZA6A8BDBQA0AzA5AfAWAtATAHAAAGAA
4102802001001,BTBeBhBfBTBGBIBFBDA1AwAmAiAgAVASAGAEABBWBYBeBZBQBPBSBOBCA4A4AlApAdAWASAKADAC
4102901001001,CDBmBuByBkBLBNBEA0A1AlAjAbAOAOAGABAAACBuB1BwB9BPBQBCBDA4ApAhAeAXARAKALAEACAB
4103008001001,BJBoBtBsBPBJBUBWA9A5AqAqAmAbAPAGANACACBGBJBbBmBRBdBaBPBHAwApAoAmAUAKAQAHAHAB
4103024001001,BoBnBkBzBkBaBQBKA4A4A3AZAdAVAUAKAEAAAABlBnBmBwBNBJBLA5BDAvAxAUAfAbAOAAAEAAAA
4103040001001,BvCNCKBxBKBaBCBLBAA0AjAWAZAVAJADABACABB0B6BrBmBqA9BDA/A9A1AYAbAXANAKADAAAAAA
4103057001001,BiBsBwBvBOBPBHA9A4A0A2ApAmAcASAGAHABABBlBjBhBqBTBJBBA5A8A5ArAuAeAVAUAKAHACAB
4103107001001,B0B0BoBsBgBTBIBBBAA0AqAjAkAZAMARAEAGAABpBhBlBjBPBOBDA5A1AwAqAiAcAVAWAMADABAC
4103156001001,BvBLB2COBZBBA9BBA/A8AyAlAyAWAXADAAAAAABeBnBlCEBIA5A7A5A6A1AzA6ASAbAQAFAFABAC
4103206001001,BlBoBeBlBQBKBRBLA6AmAqAvAbAaAXAQAJAEAABWBnBnBbBPBHBYBDA5A2AsAqAoAlASAPAFAAAC
4103222001001,BGBmBkBbBOA7BSBWBIBKA7AkAOAgAWAAANAAADBSBvBgBXBBBLBQBIBGAzA7ArAiAaAaARAJACAA
4103305001001,BHBjBrBhBKBKBFBJBHA2A3AlAiAiAaAPANACAABOBZBcBeBJBNBMBOBBA8A0AqAjAlAXAKAFAHAC
4103354001001,BbBoB2BjBTBFBTBMBDA1AnAqAlAdAQAKAJAFAEBSBfBiBnBOBLBPBKA7AyAqAkAmAVARAMAFAAAB
4103370001001,BdBuBvBlBNBPBPBTA6AvAuAjAqAcAeAKAEAAADBLBcBnBeBOBOBfBCA4AyA0AcAlAgAEAIAKAGAE
4103404001001,BWBfBrBtBdBKBVBWAyA0AmAuAqASAqALAFAFAABABZBrBhA4BOBWBNBCA0AjAoAsAbAEAYALAAAA
4103453001001,BlBnBgBdBfBsBiBPA8AxAhAcARAVALAFABADABBoBgBhBhBlBkBgBWA/AmAmAZAXAOAKAGAEABAB
4103479001001,BWBSBqBpBRBQBCBNBCAzA4AeAgArAaAcAIAGAABTBbBRBLBLBYBTBFA/AzAsAoAwAeAhAJACAHAA
4103503001001,BUBeBnBnBLBIBUBIBJAzAtArAkAfAYAHAEAFAABSBaBhBgBOBKBcBNBBAxA0AqAtAQAWANACACAA
4103602001001,BSBaBhBbBXBIBMBNA/A4AxAkAfAgARAKAIAFACBNBWBiBfBTBOBQBPBBA8AvAvAkAiAVASAHAIAC
4103701001001,BXBYBcBdBaBWBbBSBBA6ArAjAgANAGAKAIADAABPBZBdBdBcBbBgBYBEA9AoAoAdAWASAGAFAHAB
4103701001002,BmBkBkBhBgBeBTBMA5AwApAdAcAOALAIAEABABBjBkBjBhBoBaBWBIBBA3AlAjAWASASAMADABAA
4103701001003,BNBIBZBsBpBTBOBJA+A0AvAoAoAXAMAHACAGABBMBYBVBQBfBHBgBQBKA9AwAvAfAiASARALAFAD
4103701001004,BpBlBfBkBkBcBRBLA9AzAvAYAWAPALALAHAAABBkBcBkBpBeBTBXBMBEA2AqAeAaAQAQAFAFAAAC
4103701001005,BUBUBgBlBWBRBPBLBFA6AyArAqAUALAPAFAEAABQBTBbBbBTBOBTBQBHA/AxAoAiAYATAPAKACAC
4103800001001,BRBnBcBlBcBDBWBJBBA9AxAxAYAlAUAOAIACACBHBSBhBdBQBRBGBUBFA9AtAjAnAaAQAJAGAHAB
4103909001001,BTBVBpBUBGBLBEBNA6AvA0AlAiAeAYAIAFACAABWB/B6BfBRBVBRA6BEA+A7AiAgAYAaAIAEACAA
4103958001001,BwCGB8BwBqA4BPBQBHBBAqAnALAVAHAFAAAAAACHBWBjBoA/BjBGA7BEAjAhAXAaAVAGAHABAAAA
4104006001001,B0BwBuBtBhBbBVBIBBAvAkAaAPASAKAFADAAABBvBoBmBmBiBaBVBMA6AuAjAXAWAMAJAHADAAAB
4104055001001,BzB+BuBqBaBIBQBGA3A6AqAgAnARAMAGADAAAABuB3BmBgBOBNBPBAA2AjAkAiAgAiAIAFAEAAAA
4104105001001,B9B3BvBsBhBTBQBIA4AxApAXAYAZAJAKAIACAAB5BtBtBfBiBLBJA/AzAnAiAbAVAUALAGAHACAC
4104204001005,BgBlBgBiBiBcBVBOBAA1ArAcAbAQALAJADABABBbBeBeBjBfBaBZBSBAA0ApAhAZAVAPAMAEABAB
4104204001099,BpBtBpBnBkBYBQBGA6A0AvAdAeAPAQAEAGADAABmBvBkBiBgBXBMBEA5AvAvAZAZARAKAKAEABAB
4104253001001,B1BuBtBsBgBdBWBIA+AuAhAbASAMAOAIADABACBuBqBjBlBfBYBSBLBAAqAtATAcAOAHACACABAB
4104303001001,BbBrBlBjBJBPBQBPA8AyAqAeAXASAOAIADADAABoBnBqBiBYBbBbBQBDA6AnAjAZAVAPAIAFAEAB
4104303001002,BrBvBvBmBYBMBTBJA+AuAoAbAWANAPALAAAAAEBgBtBqBfBaBdBWBSBDAvAsAdAdAQAIAGADACAC
4104303001003,BjBkBkBfBVBNBKBHA7AzAnAjAXAWAUAIAFADAABcBfBkBoBcBVBUBPBHA3AxAkAeAcASAJADACAC
4104303001004,BFBRBkBnBVBABKBPBEA6A2AiAlAQARALAFACAABGBSBjBiBZBUBXBbBTBEAsAqAgAaAXAMAGAGAD
4104402001001,ByByB1BzBaBKBFBBA+AzAxAjAcAcAUAKAFABAABwBvBwBgBOBCBABAA1AsAlAlAdATAPAFAFAEAA
4104428001001,B5B1BvBwBcBXBMBGA+AtAoAcAZAOAHAIAHABAAB5B2BmBqBZBTBMBDA0AtAhAcASATAIAFAGACAB
4104451001001,B7B8BqBpBZBOBKBDA4AzAsAZAbARAOAMABACACByBxBvBgBUBNBHBAA5A3AhAfAXAXAPAGAEADAA
4104501001001,BUBlBlBhBRBGBQBNBBA5BFApAhAUASAFAHAAAABNBaBbBgBKBIBOBKBEA8A0AkAoAgAUAXAHAEAA
4104600001001,BdBnBoBsBfBQBLBCA9A3AzAnAgAYANAKAEACAABaBgBjBqBUBOBLBHA+A1ArApAfANASAPAHABAC
4104659001001,ByB1BmBiBsBhBWBKA4AsAgAcASARAKADAHABAABuBzBjBpBgBfBPBHA3AsAgAaARATAPAIAAACAB
4104709001001,BfBeBtB0BTBEBHBIBIA1A6AbAkAdAXALADAFABBXBVBjBnBLBFBFBKA/A4AxAkAnAbAUAQAGABAD
4104808001001,A3A6BVBgBeBGBOBbBRBEAtAjAZAWAWAEAEAAAAA+BABRB0BsBZBjBmBgBGA1AeAjAZATAJAJAAAA
4104808001002,BGBPBbBbBXBIBVBSBFA4AtAjAXATAOAIAFABAABGBOBUBtBqBkBdBmBSBCA6AgAfAWAVALAGAAAA
4104808001003,B4ByBwBkBcBYBRBGA5AqAqATAVANAIAIAEAAAABvByBpBlBkBfBTBJA/AuAnAWAPATAIAIAEAFAA
4104808001004,BjBsBoBiBdBYBQBKA7AvAyARAUAPALAEADABAABmBjBnBxBiBbBeBPBCA4AnAcAWARAHAJAHAAAA
4104808001005,BqB1BtBiBgBYBWBFA2AwAoASAQALANACADAAABBtBpBnBqBhBdBcBRBBA0AuASAWAPAKADADAEAB
4104808001006,BzBvBxBqBeBbBSBAA5AuAjAaASAPAKAHAAAAAAByBzBtBmBcBeBVBJA+AxAnATAXALAMAEACAAAC
4104808001007,BUBhBhBbBaBUBXBOBBA4ArAfAQAUAQAEAEACAABXBeBdBiBkBjBgBYBHA6A4AWAbAXALAGAFACAA
4104808001008,BtB1BvBnBVBRBPBNA6AwAmAWASAMAOAGAEAAAABvB6BwBlBYBWBZBRBAAxAnAVAaALAJAFADABAB
4104808001009,BoB6BvBpBcBbBUBDA6AyAeAZAUAGAGAIAEACAABsBuBrBnBeBgBaBRBBAvAmAUAWANALAHABABAA
4104808001010,BPBcBhBhBdBQBQBNBDA6AnAlAVATALAKAEABAABLBVBeBiBoBZBdBYBPBBAuAlAcAUARANACAEAB
4104808001011,BfBkBlBjBYBYBWBTA8AzAhAbAPAPALADADABAABdBhBkBkBhBlBkBeBFA5AkAfAYAPAMAGAFADAA
4104808001012,BgBvBtBtBVBRBYBNBDA2ArAqAeAXANADAFACAABgByBnBfBPBNBRBHA6AsAhAoAYAQALALAGAAAB
4104907001001,B3BsBkBqBdBRBKBHAzAuAkAcAXAQAHAKAGACAABvBoBkBoBgBYBRBNA+AyArAcAYAVAPAHAGAEAC
4104907001002,B0BzBxB1BiBSBIBBA+A0AtAoAjAQAOAIAEADAAB2BqBwBlBPBKA/A6ArApAoAhAaAZAHAJAFABAB
4105003001001,BlB4BwB/BTBQBFBGA3AuAjAmAgAUAMAJAFACABBfBzBwBhBdBTBKBCA0AqApAjAdAVALAMAEACAB
4105102001001,BQBiBuBoBPBLBOBFA1A3AtAkAeAjAYANAJAGAABXBcBjBcBSBOBPBMBAA3AwAmAeAkAYALAIABAC
4105201001001,B4BzBzB4BeBIBCBAA2A1AkAiAfAgANAMAGAAAAB2BuB1BsBMBCA+A8AxArAuAZAVATARALAIAFAC
4105300001001,BTBhBhBWBVBOBPBQA5A6ApAtAeAbAPANAIADABBWBaBnBfBRBWBWBPBAA7AtAoAhAaATAKAGAGAB
4105409001001,BiBsBvBqBQBQBMBIA/A1AqAjAbAUARAMAFACAABdBpBqBlBVBOBRBJA7A0AvAfAdAXAPAKADAAAD
4105508001001,BWBcBfBZBWBTBVBJA/A1AzAdAgAaASANAFAEABBSBYBbBbBaBcBZBTBDA5A2AgAfAaATALAHAFAB
4105607001001,BeBjBoBkBgBQBUBKA4AwAjAiAhAbAPALAGAFAABaBrBfBhBaBWBPBMA9AwApAhAgAaASAJAHAEAA
4105706001001,BzBrBpBnBMBGBJBKA3AzAoAbAdAfAKAJAAADABBsBwBqBgBOBNBPBPBAAuAnAmAfAWANAQAKADAC
4105805001001,BtBjBiBnBlBeBUBIA+A0AjAcATANAFAHAFAAAABjBkBhBpBmBcBXBQBEA3AqAcAXALALAJABADAA
4105805001002,BrBiBfBnBqBjBRBHA6AyAsAWAMAWAKAEAFAAAABrBfBiBvBnBcBZBRBBA1ApAZAaAGAMAJADAAAA
4105805001003,B0B1BsBoBlBiBRBDA8AwAiAYAPALAMACADADAABsBtBjBnBkBdBTBOBBAuAiAZAVAOAFAFAEABAB
4105805001004,BxBkBgBjBpBjBRBLA7AuAtAUAVAOAJAEAAAAACBnBuBiBlBmBeBdBIA7A3AmAbAUAPARACAGAAAA
4105805001005,BwBnBlBkBpBcBQBIA9AwAqAUASAKAOAFAAABAABtBmBjBoBkBdBZBNBAA3AmAeAYAOAKAFAAACAC
4105805001006,BtBtBpBoBiBZBSBKA6AzAkAbAVALAHAJACABAABuBiBpBtBnBbBSBJA/A0AuAPAZAKAIAOACAAAA
4105805001007,BsBsBlBoBoBjBZBIA9ArAkAWATAIAGADAEABAABrBpBpBlBmBmBaBPA9AvAlAYAQAQAJACACAFAB
4105805001008,B+B6BtBlBcBbBaBNA6AtAiATARAJAHAGABAAAAB6B2BlBkBfBcBZBMA8ArAfAWAUANAHADAAADAB
4105805001009,B2B5BsBhBcBcBWBFBEAwAmAVAZAIAIAGAFABAAB5BvBtBiBfBXBVBEA+ApAlATAQASALAIADAAAA
4105904001001,BSBTBeBjBZBQBRBOBCA8AoApAgAcAOAMAIACAABOBWBgBfBYBVBYBVBLA1ArAnAhAUAYAPAFACAA
4106001001001,BeBsBsBoBKBGBMBGA9A2AoArApAaAiASAFADAABQBrBsBeBHBHBIBEA5AvAoAqAlAhAYAJAFAGAA
4106100001001,BvBqBnBkBPBMBMBCAyA4AgApAuAbA0ALAEAAAABeBgBiBiBKBEA9A6A+A4A5AwAuARAVAKAAAAAA
4106209001001,BpBdBpBkBoBSBPBIBAA2AuAfAaAUAOANACACABBlBcBiBjBdBSBOBFA2A1AvAgAdAUAQAKALADAB
4106308001001,BeBnBsBkBLBMBQBLBFAwApAjAXAcASAOADACAABRBlBmBgBNBQBZBSBCA3AsAkAgAfAPAIAJABAB
4106407001001,BQBWBeBmBWBJBKBJBDA8A2AgAjAWASAMAGABABBIBSBbBdBZBTBSBRBNBBA4AnAhAeAVAQAIAGAC
4106456001001,CIB/BzByBOBUBNBCA7ArAmAfAdAWAKAHACAAAACACPB5BeBQBUBBA8AtAnAiAiAUAHACAEAAACAA
4106506001001,BeBoBsBoBPBNBJBABDA3ApAnAfAZANAJAHADACBYBoBiBhBTBCBMBQBFA4AuAkAhAcAXALAJADAB
4106555001001,BOBkCZCIBbBGBGA8A7AwA6AnAoAbAZAHAEAKAABKBkBcBvBKA3BEBKBDAvApAwAhAXAMAEACAAAA
4106571001001,BnBtBiB4BQBIBRBNA3A0AiApAhAeALAIAJAAAEBeBrB6BbBMBLBIBBA/AwAqAiAhAUATAHAJAHAA
4106605001001,BMBfBaBgBcBOBOBKA+AuAxAfAmAbAXAPAHAFADBSBXBaBiBZBRBQBLBGA0AsAyAfAkAXARAIACAB
4106704001001,BVBqBeBsBcBXBNBTA6A4AnAoATAkAeAGAGAAAGBJBXBtBfBNBLBTBBBOA5AgAtAYAiASAEAHAGAC
4106803001001,BuBtBwBuBiBSBCBIA8AxAnAlAcAZATAIAHAFADByBmBrBdBPBEBLBAA1ArAeAoAhASATAOAEADAC
4106852001001,BPB8BbBbBMBOBZBXBNAvA1AlAyASAbAOAQAIADBGBOBiBkBJBGA8BSA1A5ApAvAsAbAKAHAEAMAD
4106902999001,AjAeAjBSB9BqBPBDA1A1AmAkAdAeAYATAJAEABAhAfAnBeCaB0BZBPBJBQA/A0AtA1A0ArAYATAF
4106902999002,AsAwA6BZBrBhBTBHBCA9AqApAWAmATANAIAFABAzApA1BbB3BnBTBYBUBJA/AzA5AeAfAfAXALAD
4106902999003,AlArA5BSBgBCA1A5BDBFBGAsAoAiAeAJANACAAAgAlA9BnCABdBGBNBZBYBcAxA9AhApAiAYAKAG
4106902999004,A0AvA9BcBiBUBPBOBGBGA+AiAcASATAJAJACAAAyAuA+BhB6BvBaBeBZBXBBApAnAdAbAVAJAHAD
4106902999005,ArAxBDBVBeBNBBBDA7BBAzAwAfAkAYAVANACAAAnAsA9BbBrBPBQBWBUBVBKA1AsA9AuAlAQANAD
4106902999006,AwAzA8BOBZBGBEBKBIA+A4ArAlAZAaAOALACAAArAwBCBeBiBWBYBfBeBUBYAoAsAuAsAaASAMAA
4106902999007,BIBLBVBcBiBUBKBKBCA+AuAmAjAQANAJAFACABBFBGBRBaBiBaBVBWBUBJA/AsAiAhAXAOAHAFAD
4106902999008,BTBRBWBeBaBVBSBKA+A4AtAmAdAWANAOADAEAABPBOBQBbBeBXBXBYBJBEA2AoAcAfAiANAKAFAA
4106902999009,BBBDBLBYBdBUBTBXBLA4AwAhAaAYATAHAEACABA/A+BOBaBkBgBhBkBXBFA2AsAlAeAXASAJADAB
4106902999010,A7A8BGBQBWBRBUBYBOBCAmAoAYAYASALADACAAAyA5BIBeBXBqBiBtBgBQAxAzAnAkAiAQAHADAB
4106902999011,BOBYBhBcBgBUBPBMBEA0AvAfAXAWAMAKADABAABMBXBaBgBhBYBYBaBLA+AuAwAiAZAPANAFAFAB
4106902999012,A1A9BJBeBgBNBGBPBEBEAsA1AfAbAOAKAHAEADA2A+BKBeBiBSBSBYBbBQA+A5AuAbAaAXAJALAC
4106902999013,BGBGBIBfBfBbBUBUBJA4AqAeAXAaAVANAEABABBCBGBIBgBqBhBUBgBRBABAAaApAiAUARALAFAA
4106902999014,BQBOBVBfBjBcBXBPBCA4AmAhAYATAQAIADABACBOBOBRBfBjBhBdBYBOA/A4AhAmAaATALADADAB
4106902999015,BbBWBhBpBiBYBPBNBGA6AvAZAcAIANABADACABBVBTBaBmBmBXBcBXBNBBA0AaAeAPANAMAFAAAB
4106902999016,BMBNBXBgBeBOBQBLBHA2A0AdAdAYAQAJABACAABCBIBWBhBcBTBaBaBSA+A8ArAgApAgANAGAEAB
4106902999017,BXBdBdBjBhBWBTBOBDA3ApAiASASAJAJABACAABYBTBbBlBkBcBZBYBIBCArAlAZAZAJAMAHADAB
4106902999018,BdBbBXBhBjBcBXBPBCA2AuAcAWAPAJAGAEABABBTBYBaBiBmBeBbBWBFA+AtAjAdARAMAIAGAFAA
4106902999019,BQBRBUBZBhBeBbBPBCA4AuAdAeAPAOAJAEAAAABSBMBQBhBoBfBdBWBLA/AsAtAiAbAQALAEADAA
4106902999020,BQBTBZBpBfBVBPBJBEA8AyAiAbAOAPAEAEACAABNBRBZBhBnBUBYBVBPBFA2AnAgASAMAQAIAAAB
4106902999021,BMBTBUBjBhBYBOBMBGA5AyAkAVAWAOAFAGACAABMBQBQBfBmBcBcBVBMBKA4AjAbAaAVAKAHABAB
4106902999022,BeBdBeBmBnBZBVBKA/A1AnAfAVAMAHAFADABAABbBbBbBlBnBhBaBWBLA9ArAlAZARAKAIADABAA
4106902999023,BkBgBfBjBrBeBcBIA8A0ArAYAUAQAIAFABABAABhBgBeBpBoBdBZBQBGA3AoAfASATAOAFADACAA
4106902999024,BdBhBeBmBlBcBZBKBAA0AkAZAMANAIADACAAAABfBfBeBoBkBjBgBaBPA9ArAbAWAQAKAHACABAA
4106902999025,BZBaBTBVBPBeBfBVBRAyAhAeANAUAJADAGACAABUBRBUBYBiBnBrBuBPBAAwAbAhASAOAFAHABAB
4106902999026,AqAwA+BUBeBSA/BFA+A/A4AkAuAbAhARANAGAAAqAxBDBQBnBTBIBUBUBTA5BEAxAwArApAYAOAG
4106902999027,AmAqA1BYBgBSA/BHA+A+A3AtAeAgAeAUAEAAACAkAqA3BWBvBhBWBXBQBlBDBNAnA1AiArAUAJAA
4106902999028,AnAtA+BUBnBOA5BAA9A5A0A3AzAqAiAUADAEAAAnAvA9BRBjBWBIBTBRBRBFBLAvA0ApAoAVAIAG
4106902999029,AzA4BFBUBkBcBZBSBQBIA9AeAbAXAPAPACAHAAA2A0BFBaBcBUBWBcBcBRA6AyApAfAeAYAIAHAD
4106902999030,A6BABOBnBmBFBBBLBFBFA3ArAmAcARAJAFADABA0A/BIBjBiBPBMBZBRBQBDAvAlApAaAWAJAHAB
4106902999031,BBBBBJBaBlBbBRBOBEA4AxAhAeASAWAKADADAABCA7BGBZBtBhBZBaBVBFA3AoAoAiAcAUAMAEAE
4106902999032,BYBUBZBhBhBVBRBJA/A0ArAfAeAYAMAJACAEABBTBVBYBhBeBWBRBUBJA8AvAsAkAXAYASAFAEAD
4106902999033,BABABJBhBeBOBIBKBFA/A0AlAkAYAVAIAJAFABA4BDBMBeBgBVBSBeBQBKBAAsAhAnAaAXAUAFAA
4106902999034,BHBLBTBkBkBSBJBDBABDA6AoAcAaAPAKAEABABBFBIBPBiBkBWBRBSBPBIA9ApAmAZAXARAEAGAC
4106902999035,A9BHBTBeBZBNBHBOBGA7A1AkAhAZAOALAGACAAA7BBBVBdBkBTBVBgBZBNA8AxAnAfAdAOAHAEAC
4106902999036,BOBQBbBhBgBVBPBKBFA2AvAjAWATANAFADACAABLBOBUBfBlBcBXBaBTA/AsAiAmAiAYARAHAFAC
4106902999037,BlBeBgBfBcBXBVBMA8A2AqAeAaASAKAGAGACAABTBWBaBmBdBdBYBSBFA6AzAhAXAaAPANADAGAF
4106902999038,BYBVBcBjBXBQBYBUBFAxAtAcAXAUANAJAEAAABBOBSBXBhBZBfBgBWBPA9A3AgAgAZAUAKAIAGAA
4106902999039,BWBeBfBjBgBYBSBMBEA8AmAhAVASAOAHADACABBXBUBYBjBjBcBYBTBKA+AvAmAbAUAQAHAGAAAA
4106902999040,B2B5BnBcBiBjBbBOA9AsAjATATAIAHAFACACAAByB0BmBcBiBmBeBNA9AqAfAVAPAPANAEABAAAB
4106902999041,AxA0BCBcBiBDA/BKBNBPBAAtAeATANAIAFAFAAAuAzBDBsB0BbBNBeBlBgBNAnAiAbAgAPAPACAF
4106902999042,AzA8BDBUBdBSBIBPBEBCAxAjAdAeAOAPALAGAAA0A7BBBVBhBaBTBkBbBMA5A9AqAoAXAdAZAMAE
4106902999043,A2A4BBBXBcBQBKBVBOA+AyAjAXAVATAKAFACAAAzA5BEBbBmBmBcBqBoBWBCAmAtAaAYAXAPAFAA
4106902999044,BUBaBeBlBkBUBQBKBAA3ArAgAbANAPAGADACAABPBUBZBoBlBVBWBXBJBAAxApAdAZARAIAGADAB
4106902999045,CECBB2BqBjBiBTBBA3AnAhARATAGAJADADAAAAB7B8BmBlBfBiBTBFA3AnAmAOAOANAJAFAGAAAA
4106902999046,COB8BrBdBpBpBcBEA4ApAWANANAIAHAFAAABAACRB/BaBfBpBiBZBFA4AjAiAVAQAHAFABACACAA
4106902999047,BXBaBeBcBdBTBWBVBGA2ArAbAaANALAIADABABBVBYBdBgBdBdBdBcBLA7AvAhAgASAQALAIABAA
4106902999048,BeBcBYBhBpBgBQBJA+AxAlAjAYAVALAGAEABAABYBTBXBkBmBaBVBTBBA8AvApAjAUAOAPAEAFAB
4106902999049,BLBWBaBeBcBWBYBbBDA4ArAfAbAPAKAHADAAABBKBPBTBlBgBeBhBcBOBCA1AlAcAWAPAMAHAEAA
4106902999050,BkBeBeBtBuBbBQBEBAA5ApAcAUAKAJAFABABAABdBgBeBtBoBbBRBOBKBAArAfASAVAMAGACABAA
4106902999051,BvBzBsBdBdBmBoBZA6AsAbAVAOAGAGACABAAAABtBqBmBeBfBpBoBaBAAvAeAWAQAIAHAEABABAA
4106902999052,CDB8BdBZBqBrBdBHA7ApAfASASAGAGACACAAAACFBzBgBiBuBoBWBKA2AtAdAVAGARALAEAAAAAA
4106902999053,CSCIBpBTBYBnBrBTAyAiAYAQANAGAEABACAAAAB/CEBqBYBdBuBoBPA1AkAbAMAKALADAGAAAAAD
4106902999054,B3B+BvBsBnBUBeBJA9AnAbATANAJAFADACABABB3B1BwBnBkBcBVBRA7ArAeAXAOAPAFACABAAAA
4106902999055,BUBUBVBlBmBXBZBPBAA6ApAaAXAQAJAJADACAABSBSBYBiBkBeBbBYBQBBAtAmAdAYAQAKAGACAA
4106902999056,BGBNBWBwBjBQBEBFBFA/AzAkAbAaATAMAFABAABFBIBVBnBjBQBHBSBUBOA2AtAgAWASARAKAHAD
4106902999057,BZBTBZBlBiBaBQBMBHA4AnAfAVAQAJAHADABAABPBTBZBnBnBeBZBXBQBCAsAnAfATAPALAGABAC
4106902999058,BpBtBlBnBoBeBVBIA/AyAkAXARAMAIABACABAABlBnBkBkBoBgBaBQBFA1AmAdAUALAHAGAFACAB
4106902999059,BxBsBvBpBlBaBcBVA8AvAbAYARAJAGACABAAAABoBlBqBuBbBdBfBZBIAuAhAXANALAGAIABABAC
4107009001001,BmBwBzBwBRBNBBBHA8A5AnAkAmAYAWAHAMAEABBgBpBsBeBPBIBKBHA4AoAtApAZAaARAMAEACAB
4107108001001,BYBZBpBpBXBOBMBGBCArAyArAkAfATAMAHAAAABVBbBeBnBRBQBOBRA+A3A3AiAvAVALAMAEABAC
4107124001001,B/CBCDBxBbBLBCBDAuAhArApAoAZAOAFAMAJAABtB4B1BgBHBFA+A/ApAvAaAnAiAOAKAKADADAA
4107157001001,BdB0BnB0BeBEBFBJA2AyAmA2AqAVAWAHACAIACBcBjBvBsBSBHBSA+A8AwAmApAUAYAMAJACAGAB
4107207001001,BgBpBlBkBXBQBUBOBCAzAtAaAdAPANAIAEAAABBcBnBoBhBWBWBZBOBBA2AlAiAZAWAVAHAGABAC
4107256001001,BWBLBkBrBaBMBNBFBEA1ArAmAwAaAdAOAGACAABOBaBjBgBRBTBQBKBFAxAvAiAnAbATAMAJAEAC
4107306001001,BOBSBPBOBJBBBRBXBHA2AuAzAsAfAWASAVACACBABSBWBVBEBPBiBUBCA9A+ArA/ARAcARAHADAB
4107405001001,BfBiBpCBBUA/BGBMBMA2AnAzAZAXAWAQAEAEACBJBdBmBjBEBFBMBUA+A5AtAhArAeALAJACAHAB
4107504001001,BeBeBdBeBQBNBTBOBBAzAuAlAeAaAPAKALAFABBXBgBhBgBTBVBTBQA+A8AqAnAhAaATALAHADAB
4107520001001,A8BRBcBiBRBTBRBHA7A3AjAsBCAjAWAOAJAJAABHBFBXBbBWBXBFBGA4A/BCBBApAUAVAPAUAEAF
4107538001001,BHBYBjBpA/B7BBBVBBA7A1ArAqAKAOAAAGAAAABRBSBJBwBtBnA7BPBBA7AzAtArAZAGAMAEACAA
4107546001001,BsBpB7ByBOBFBCBBBCAyAmA2AeAeAPAJAFAAADBrBzBtBoBJA/BBBCA0AvAqArAbAYALANAHACAC
4107553001001,BdBxBmB7BUBEBVBGBNA0AzAgAiAVAJAHALAGAABdBmBuBUBSBYBGBKA5AwAfAkAYAdAJANABAGAE
4107603001001,BcBqBpBfBOBHBLBFA5AwAtAnAiAcAaAMABAEAABbBnBlBgBRBOBSBLA8A2AtAoAcAhAVARAHACAB
4107652001001,CBB4BqBiBfBeBZBNA8AwAfAYAQAKAIAFABABAAB6BvBmBiBkBcBZBNA9AsAhASAPANAJAEABABAA
4107702001001,BTB3BdBdBRBKBQBGA3AzAkAvAiAcAbAWAAAAADBVBoBmBmBKBPBTBEA+AzAyAiAnAfAVAMAJAAAC
4107736001001,B2BvBlB0BdBWBQBHA/A0AkAhAbAaALAFAGABAAByB5BxBcBNBLBKA/AtAtAwATAUAUAWAIADADAA
4107751001001,BcBvBxBoBRBZBDBHA8AwAwAhAmAXAOARAFAAABBhBmBnBbBOBLBPBDA6BBAvAkAmAVARAJABABAA
4107801001001,A6BUBZBWBZBABKBOBBA/A4AwAwAVAgAVAGAEABBEBXBOBWBKBLBOBVBDBCA1A7AoAlAQAZAHAGAD
4107850001001,BrBqCBBlBNBEBYBNA1A/AuAhAVAXAQACAFAAAABhB/BpBkA9BcBDBQBEA1AuAbAVAJAGAQAHACAA
4107900001001,BUBYBlBmBQBQBRBFBJA/AyAjAnAgAPAMABAEACBEBYBZBXBYBPBRBJBWA5ApAnAiATAWARAGAEAG
4108007001001,BgBlBsBsBcBUBWBLBAAzAsAhAgASAPANAGAEABBUBeBnBlBZBNBTBLA8AwAmAgAgAZAPAKAEACAA
4108106001001,BSBUBHBlBeBHBeBaBEA0A3AzAbAtADAJAEAFAFBRBWBIBLBiBUBdBRBDArAvAzAdAfAhAFALAAAA
4108205001001,BNBWBcBfBGBABSBVBEA7A3AqAxAlAWAMAIAFADA8BQBaBXBQBMBRBSBHBBA2ArArAZAYANAJAEAC
4108304999001,B+CHB0BbBYBcBXBJA2ApAZAYAQALALAEAAAAAAB2B5B1BmBcBiBfBNA0AoAaAWARAKAMACACABAA
4108304999002,B/B+B0BrBaBZBPBFA3AoAeAaAPAMAIADABABAAB1B7BwBoBiBgBYBMA9AqAhAQAQAIAIACACAAAB
4108304999003,B0B1BzBtBpBYBQBDA5AuAiAVATANAMAEAAACAABpBwBuBwBlBeBTBKA6AtAiAWAOAPAIADAEAAAA
4108304999004,BtB0BxBrBcBUBRBFA7AqAjAYAXAJAIAGADAAAABrBzBvBvBlBZBTBMBGAxAmASAUANAJAHABABAC
4108304999005,BuByBqBlBbBeBiBJA6AtAdAXARAKAHAEAAAAAABzB0BjBmBmBwBhBSA9AnAkAPAOALAGAHADACAC
4108304999006,B3BvBiBgBfBhBeBQA+AyAjAcAbAIAKADAAAAAABuBhBhBjBsBoBaBIA+AxAkAWAMALAIAAAFAAAD
4108304999007,B1B5BwBmBXBaBaBKA+ArAbAWALANAGACAFAAABB2B8BzBiBnBlBdBSA7ArAfAKAQANAEACACADAA
4108304999008,BXBlBuBlBUBHBUBWBTBCApAWANAJAGADADAAABBXBeBnBxBmBdBmBgBVA5AjAWAOALALADACABAA
4108304999009,BcBUBaBcBgBbBYBVBEA4ApAgAUAQAKAFAEAAABBWBRBbBmB3BjBdBaBKA5ApAhAZAQAIALACACAA
4108304999010,BcBjBrBnBWBTBTBLBIA6AlAcAQAQAHACADABAABbBhBnBpBlBiBgBeBKA2AoAVAVANAHAIADAEAC
4108304999011,CCB+BxBkBdBiBPBEA2AoAbAZATAIAUAFABAAAAB1B6B5BeBgBiBQBJA0AoAfAYAaAKAEABAEAAAA
4108320001001,BRBqBhBjA+A7BNBKA3A0A+ArAoAiAbASALAIABBRBdBlBcBGBKBQBEBBA7A2AnAsAcAVAOAFADAD
4108403001001,BeBjBpBlBTBJBPBNBDA2ArAhAbASAMAJAEABABBZBjBmBjBUBRBXBVBHA6AvAhAaAVAOALAHAEAB
4108452001001,CMCEB3BoBaBUBHA+A0AsAgAkARAXAMAEAAABAAByCDBtBkBaBWBDBBAsAtApAUAbAJAKAOAEAAAB
4108502001001,CNB7B2BjBfBWBLBHA3ArAhAeAbANAPAFAEABAAB+B4BnBjBZBVBGA/AyAnAhAfAQAXALADAFACAB
4108551001001,BPBnBmBqBRBGBOBMBHAvAwAyAtAaAfAJAMADAABOBfBdBeBLBHBNBKBHAsA7AgAoAbAJALAGACAC
4108601001001,BVBhBlBqBRBLBLBKA9AyAnAnAdAdAWAMACABACBVBaBkBkBXBQBTBVBEA6AsAoAgAbAUAJAHAEAA
4108650001001,B9B6B3B2BoBMBBBFA1AvAsAkARAUAQAFAFAAABB8CDB9B6BLBDBEA1AxArAdAcARAOAEAHABABAA
4108700001001,BoBqBzBpBfBUA7BTA6A3AmAsAfAdAMAQAJABAABaBgB2BuBIA+BXA7A5AvApAmAeAUAMAHAFADAC
4108809001001,BWBiBtBsBXBLBLBDA7AzAxAfAfAXAOAPAGAEACBZBcBnBhBYBUBUBOA/A5AuAmAfAWARAJAFADAD
4108908001001,BaBeBmBxBaBDBRBOBBA4AfAxAcAaASAPACAAACBZBkBpBiBUBQBIBRBDAuAjAoApAWAVAIADACAB
4108957001001,BiBuB3BrBTBIBSBVA/AzAwAaAbAhAQAKADAAAAB4BqBnBQBGBUBOBBBDAzAZAcAjAUAVAFAGABAA
4109005001001,BYBlCBBuBRBFBSBOA+A0AfAkAhASAXAUACABACBaBkBtBlBOBEBXBKA7A0A9AVAaAZAOAHAIACAB
4109104001001,BXBxBlBpBPBJBGBeA1AjAbAkAPAsAhAiAAALAEBiBqBWBhA2BBBYBGBCAeAnArAvAcAjADAUAFAG
4109203001001,BLBiB2BhBOBKBSBGA0A5AqAzAvAYAMAPATAAAABaBVBLBaBKBQBNBHBAAzA7AtAtAbAWAPALAHAA
4109302001001,BaBxBuBxBVBIBJBAA6A0AsAtAeAZAYAIADACABBjBvBjBoBOBKBKBCA6A2AwAmAZAgATAHAAABAA
4109401001001,B4B7BsBiBZBOBWBNA+AzAgAaAOAJAGAHADACAABsBsBpBeBbBcBeBXBEAyApATAOAVAJAEACADAC
4109401001002,ByBuBlBjBaBJBPBGA6AvAeAgATASAMAKACADABBrBhBpBeBfBRBUBTBFA3AkApAiAVAOAKAGAAAA
4109401001003,BoBfBdBiBeBQBMBJBAAzAyAZAXARALAEAJAAAABoBdBdBkBiBXBVBUBKA4AsAmAaAUAMAMACADAB
4109401001004,B+B4BtBnBhBTBPBFA5AlAiAbAUAQAKAEACAAAAB+ByBoBmBhBTBRBKA9A0AlAVAUANAMAIABAAAB
4109401001005,BqBtBnBhBaBTBOBGA6AtAuASAUARAMAFAEABAABzBtBmBnBaBXBbBUA+AzAoAfASAbAOAJACACAA
4109401001006,B5B7BpBgBeBTBTBEA6ArAlAbAVAPAKAFABACAAByB0BrBiBcBZBSBNA+AuArAUAYAOAOAFADADAB
4109401001007,BTBeBZBeBcBIBKBOBAA4AyAmAbAdATAHAHABAABPBNBVBhBeBPBXBXBKBCA4AmAgAgAdAKAFABAB
4109401501001,B7ByB/BmBlBSBABKA5AvApAaAYATAQAEACACAABuB0BcBzBWBUBMBBA7ArAjAhAdAPAJAFACACAB
4109500001001,ByB8B0B6BgBSBIA4A8AvAyAfAmAZAKAOAGABACBxBvByBiBTBAA9AyAyAoAiAgAdAHAYAQAKAAAB
4109609001001,BuB2BtBmBaBSBMBIA9AyApAiAZAWALAKAEACAABnBvBqBhBWBQBKBHA6AzAhAnAZAUAMAKAEABAA
4109658001001,BrCRB/CABlBUBBBEAwA2AoAcAXAQAMAFACABAAB4BvB0BhBTBFBGBBA6ApAkAZAdAJAEAHABAAAD
4109708001001,BgBqBoBnBXBHBIBLA5A1AsAnAdAcAVAMAKAGABBbBfBkBgBRBKBJBIBAA1AoArAfAfAUAJAHAGAA
4109757001001,BrCGBwBkBcBMBWA+A1ApAdArAgAPAOAKADADAAB0BzBqBlBVBaBJA+A2AsAlAiAiAKAPADAGABAA
4109807001001,BZBcBfBfBaBOBMBKBCA4AwAhAbAbANAMAGADABBaBWBeBkBeBQBTBOBEA+AtAjAdAZAVAMAHAGAC
4109906001001,BhBgBkBiBOBQBIBCBGAzAsAwArAbAbAPAFACABBRBcBhBYBPBLBRBGA5A2A5AkAhAeAYAOAGAEAE
4110003001001,BUBfBwBlBWBTBKBJA2A9AvAjAmAaAZAIAAABAHBGBkBmBYBVBNBZBIA8A7AvAoAnAdALALADAGAA
4110052001001,BSBjBiB7BNBYBLBCA3ArAuAwA0AwAaACABAAAABaBVBmBXBUA8BWBVBEApAyArATAaAOAGAHAJAE
4110078001001,B2BzBoBoBbBTBGBDBAAyAsAlAaAbAUAKAGADACBvBkBkBYBYBUBDA9AuAtAqAeAjAUASAIAKACAD
4110102001001,BuBuBkBlBeBeBXBJBBAxAsAaAZAPANALADADAABnBoBcBeBcBUBRBFA7AvAtAaAaAVANAJAFADAD
4110201001001,CHB+BsBnBdBYBJBEA3AvAfAlAYATAMAIAGABAAB/B9BiBeBaBSBGA2A0AqAeAhAdAQAHAKAEABAE
4110300001001,BwBvBhBhBnBSBPA4A8A+AiAgAqAfAOAPAJACAABXBOBfBbBLBrBTBAA+AqAsA+AYAbALAGAAAAAF
4110409001001,BLBbBmBRBSBABCBUA8BKBEAnAfAxAcALAFADAABDBPBeBOBMBSBbBNBDA6AuAnAsAbAiAUAHACAA
4110508001001,BxByBvBtBiBTBPBJA7AwAjAlAbAYAOAHAGABAABsBuBtBkBXBMBEBBAzAtAnAcAZAPAQALAGAEAB
4110607001001,BQBjBmBhBRBGBDBIA+AyAuAhA0AaAlANAHADACBPBaBeBaBSBIBOBIBGA7ArAuAtAWAXASAFAGAE
4110656001001,BFBlBrBrBjAsBlBUBEAsAvAiAdA6AcANAFAAAABbBJBWBTBBBeBVBTA1AoAsA1AsATAXALAKAEAA
4110706001001,BdBjBiBjBXBOBRBJBBA4ArAiAhATASAJAFACAABZBeBiBcBWBSBRBOBBA4AtAnAgAZAUAOAGAEAB
4110805001001,BfBmBvB0BSBNBEBFA0A0AyAgAnAgAXAQAIABADBgBeBrBtBSBHBIBCA2AyAlArAiAWAVAMAEABAB
4110904001001,BTBrBxBtBQBIBCA+A+AuAlAoAZAnARAOAHAFAABlBbBuBuBNBMBEBOBMAtAZAzAfAeAZAMAAACAG
4110953001001,BlBpBpByBlBiBWBOA9AzAlAfAYAQAQAHAAACACBaBhBlBtBZBZBQBFA/AsAoAXATAYAWAEADAAAA
4111001001001,BmBdBnBqBaBKBLBJA8A3AtAqAiAZAQAPAHAEAABPBhBiBgBRBJBMBDA9A9ArAqAaAfAWAWAEAAAA
4111100001001,BPBfBaBdBTBKBQBKBAA3A3AjAgAdAXAPAHAGACBKBXBUBlBfBVBVBMBABFAvAiAcAkAYALAHACAD
4111209001001,BSBiBiBnBRBDBFBSBABBA4AnAoAZAOAOAIADAABTBfBiBaBFBGBOBSBDA8ApAvAmAcAUANAGAGAC
4111258001001,CCB6BrBrBqBfBSA/AyAoAeAcAWALAHAGAFAAAAB8B5BrBrBsBcBOA/AtAmAjAXALAOAGAJAFAAAC
4111308001001,BnBrB1BsBOBGA/A/A6AzAiArAzASAUANAKAOAABWBmBwBeBGBMBNBFAzAwAnAqApASAbAMAHADAF
4111407001001,BuBqBvByBiBYBJBDA7AvAnAnAeASASARAEADAABtBoBsBiBVBGBAA9A0AsAjAkAlAUAQALAIADAB
4111506001001,BOBgBnBkBMBFBIBIBAA2AsAqAlAYAWASAMADABBQBdBcBjBRBNBQBLBIA6AwAqAkAkAQAMAKACAD
4111555001001,BSBeBkBlBeBNBWBLA+AxAoAgAmAcAjANADACAABVBfBkBgBSBSBNBJA9A1AmAqAtAbAOALADACAD
4111605001001,A2BKBRCqBUBEBIBEAyA8AlAlA2AQAjAAAEAAAABOBUBxCWBZA2BSBEBAA7AlAqAmAaAaAPAEADAD
4111704001001,BfBlBSBpBeBQBPBfBEAwAzAiAWAkAQAHAFAKAABaBMB2BZBaBNBIA4A/AuAmAsApAYAcAKAHADAA
4111803001001,BaBiBmBoBVBMBKBKA/AyAvAhAaAXAOAMAHACABBWBfBmBeBdBSBMBLBBA7ArAoAgAZAZALAJAFAB
4111902001001,BVBhBkBkBUBRBRBIBBA3ApAjAgAZAfAIAKACABBOBVBiBiBTBLBXBNBBA3AwAjAcAkAUAOAHAEAB
4112009001001,BoBqBoBqBcBRBIBLBBAzArAbAZARARAGADABABBlBrBsBpBcBRBRBJBAAyAdAlAXAWANAKADABAC
4112108001001,BPBeBdBgBQBFBNBOBBA0AuApAmAYAZAPAGABAABMBSBZBdBQBSBVBRBJA7A4ApAiAmAWAOAKADAB
4112207001001,BTBsBrBiBPBKBEBPBFA3ArAtAeAlASAKAKACACBNBfBqBiA8BNBXBJA6A6AuApAqAPAcAMAGADAB
4112306001001,BbBdBsB4BYBJBIBLBMA2AxApAeAhARAJAKAAAABQBdBqBdBHBKBKBCA6AwArAuAfAaAdAPAEADAA
4112405001001,BPBYBiBdBQBKBTBXBLBBAxArAcAcAaAQAFAGAABCBJBXBXBSBHBVBQBBA7A5AkAvAkAUARAHADAA
4112504001001,BOBuBwBxBVBABHBEBAA6AzAsAmAYAYAOAIACABBLBlBmBhBJBJBFBDBDA3AwArAnAaAPANAGADAB
4112603001001,BeCGBLBlBOA9B2A9BGAaAiAlATAmAlAAADAGAABrBUCfBMBCByBGBXApAzAVAsAMAcAhAEANAAAA
4112702001001,BpBrBkBhBVBUBQBHA5AzAnAkAhAXANAIAEADABBjBnBfBjBeBNBOA+BDA2AmApAcASAaANAHABAD
4112751001001,BLBUBXBiBHBKBVBPBBA4A2AvA9AkAXARAFADABBEBRBRBXBQBPBTBNA+A4A6AxApAaAXAQAIACAB
4112801001001,BSBYBjBoBRBEBEBHBBA5AxAoAmAaAcATAIABAABNBUBlBdBTBDBIBNBAA3A9AqArAeAcAKAJAIAD
4112900001001,BXBZBnBaBZBVBHBKBLA8AmAvAVAkASAUAAAGAABhBoBjBaBPAzBVA+A6AxA4AsApAbAOAbADADAC
4112959001001,BhBwBqBlBdBJBaBOA9AyAtAdAiAXALAMAHADAABWBcBiBiBWBUBfBOA9AyAkAkAYAXAOAGAGAAAA
4113007001001,BVBgBkBXBdBUBQBPBBAxAwAjAkAaARAMAIADAABXBnBdBeBTBRBgBPA8AxAyAfAZAbASAPAEAGAA
4113106001001,BHBaBkBgBLBHBIBRBHA5AxAxAzAhAaAXAJADADBABZBZBPBFBIBSBJA/A7A3ArApAqAZAKAOACAC
4113205001001,BnBhBfBsBfBTBPBIBBAyAoAZASATAOAIAFAEAABgBdBiBmBiBWBQBPBCA0AuAcAeAVARAOAFAGAB
4113205001002,BbBmB4BvBdBUBQBKBBAzAvAmAjAXAOALAIAEAABcBeBhBhBKBGBOBBA6A6ArAjAfAYASACAGAEAA
4113254001001,CCCQCJB6BXBIA+BFAyAxAcAiAbASAHACAAACAAB9CQB8BiBbA6A/A3AwAxAeAeAWAJAIADAAAAAD
4113304001001,BqBuBsBkBRBJBLBGA9AyAoAdAaAWAMAMAFADACBnBxBpBkBUBRBPBLA9A1AoAkAdAYAOAMAGACAB
4113403001001,BVBWBnByBSBDBIBGBDA/A8AdAaAbAZANADADAHBfBgBmBaBYBLBKBEBABEA8ARAZAcAaAMAFADAA
4113429001001,A6BhBkBmBPBRBYBLBJA3A2AgAzAhAUAHALAAAABNBWBoBjBKBABYBHA7A2AzA3AZAaAZAOAKABAC
4113452001001,BpCDB3CJBTBJBGBCA7A1AzAhAfAbAVAJAAAAACBSBtBwBRBTBEBFA/A2AzAqAnAeARAKANAAAEAC
4113502001001,BZBZBlBlBVBNBQBFA+AuAoAlAfAbARALAKAIAEBQBcBgBjBSBWBVBRBDA4AwAkAdAeANAMAPAFAD
4113601001001,BeBhBgBsBfBRBpA9BMA3AmAfAZAdAXAJAFAAAABJBOBfBfBSBXBlBXBFAxAhAmAnAPASAHAFAEAA
4113700999001,BoBeBfBqBjBRBJBAA6A5AsAiAdAKAKAKAEAAABBXBgBiBsBiBTBKBGBMBFA1AlAaAWAQAIAFACAA
4113700999002,BOBXBiBxBlBNBBBEBFA8ArAjAcAPAOAGADABACBRBUBiBxBdBKBNBVBTBKA3AkAVAZAVAIADADAA
4113700999003,BgBkBYBnBZBMBIBEA+AtAzAgAiASASAKAGACAABXBVBZBZBfBRBSBTBEA9A0AqArAeATANAFAIAB
4113700999004,BbBWBmBmBaBOBNBJBEA7AfAwAgANAOAEAGAAAABUBYBdBjBhBTBYBQBKA/AsArAmAOALAOALACAA
4113700999005,BtBmBjBhBZBVBYBOA+AxAkAiAXAQAIAJADABAABiBlBdBgBaBVBdBUBGA4AwAdAaAPAOAHAEADAA
4113700999006,BYBZBXBfBaBXBTBNBDA4AuAfAeAPAOAHACABABBWBWBUBjBiBbBfBWBLA9A8AeAgAUAPAIAEADAB
4113700999007,BUBXBZBaBZBPBQBIA7A+AlApAeAfAWADADADABBOBTBVBiBcBRBUBXBJBJA5AtAiAeARAOAGACAA
4113700999008,BkBfBgBYBYBVBhBWBBA3AcAlAUATAHAFAGAAAABfBeBWBaBlBcBnBdBFA4AgAqAZAKAUAHADACAA
4113700999009,AvA1BEBUBfBCBCBDBDA+A1AwAkAWAbANANADACAsAzBFBgB4BYBRBeBZBRBNAxAyAvAfAYAJAGAA
4113700999010,AyA4BOBaBYBFBEBGBFA8AqAwApAiAcAKAEAGADA6A/BMBdBcBPBPBgBaBHBJA0AzAkAiAKARAJAE
4113700999011,AvA2A6BbBgBGA+A2A6A/AuAqAnAuAmAOAHAHABAxAyBGBaBtBMBLBPBWBMBMA0A0AzA2AdAQAQAA
4113700999012,BjBmBkBYBWBQBWBZBFAxAmAdASARAMAGADAAABBdBiBeBfBbBZBiBbBLA8AvAbAcAQALAJAFABAB
4113700999013,BMBLBVBcBaBPBJBGA6A3AvAoAkAgAOANAMAAACBEBIBMBfBkBNBYBSBKBHAwBDAsAdAXATAMAFAB
4113700999014,BWBdBiBoBnBSBZBXBIA2AoAjATAUAUAAADACAABQBbBgBpBYBPBaBYBNA2AmAhAdARAKAHAGABAC
4113700999015,BaBUBeBhBjBWBJBGA+A5ArAmAeARAPALADAFABBdBSBcBmBiBTBXBRBFA+A0AgAZAbATAPAEABAB
4113700999016,ByByBpBmBaBXBWBLA6AxAqAVAdANAHAGAEABAABuBoBnBgBeBTBcBOBAA3AjAaAUANAPAGAEACAB
4113700999017,CJCEB5BsBdBMBMBCAyAqAXAdAaAJAJAFABAAACCCCABxBqBaBQBPBFA7AtAkASAOAOAHAHAAAAAB
4113700999018,AuA0BGBaBbBAA3BFA/BKA6AyAhAgARAQAJADADAtAtBCBwB7BUBJBaBjBeBFA5AuAcAhARAKALAA
4113700999019,BDBQBWBWBOBHBXBgBRA8AxAeAbASAQAOAFACAABFBRBYBRBcBZBpBmBVBBA1AoAeAgAIAJALADAE
4113700999020,A+BLBYBfBYBFBFBPBIBDA7AmAjASAMANAGAGABA6BDBNBfBlBSBRBiBUBOA+AsAiAiANAUAKAGAD
4113700999021,BCBJBRBdBaBJBFBBA8A1ArAvAsAfAbARAIADABBBBIBMBZBdBKBMBMBQBGA8A2A0AqAZAVASAJAF
4113700999022,BsBrBnBgBQBcBqBZA8AsAnASARALAKAEAAAAAABoBuBlBcBZBmBuBdA/AxAlAUAJAQAOAHABAAAA
4113700999023,BhBoBuBsBXBOBNBHA/A2AtAoAmAYAYAKAEADADBYBrBsBlBOBJBNBHA2AuAkAlAeAXANAJAGACAC
4113734001001,BmBuB0B2BcBSBKBCA7AzAhAtAZAeANAJAGAFAABbBsB3BqBKBNBRBJA1AvAcAoAZATAMAIAFABAB
4113759001001,BWBdByBsBWBCBGBJBJA0AvAzAbAuAPANANAFAABQBVBZBiBIBKBRBJBFAxAgA7AfAeAOAPAIACAA
4113809001001,BPBeBTBTBXBIBRBNA+AvA7AgApAiAaALAOAEAABcBTBdBRBOBPBaBTAvA8A2AoAuAXAfATAHAHAD
4113908001001,BaBpBlBmBdBMBOBTBHA7AwAfAdAfAQAOAGAEAABTBhBgBjBKBEBCBDBCAwAiAsAcAgAfAOANADAC
4114005001001,BfBlBsBpBUBKBUBNBDA2ApAjAbAYAVALAGACABBaBXBcBiBXBTBUBRBCAyAuAiAfATARAIAHADAB
4114104001001,BWBjBiBgBdBTBQBUBAA0AwAbAdAZATAFAFACAEBVBfBkBbBSBWBXBPBEA2AvAhAhAVAVAMAEADAB
4114203001001,BUBYBfBeBXBNBUBMBDA4AuAlAfAbATALAIACAABQBWBcBaBVBXBTBSBHA6A0AkAhAeAYANAFACAC
4114302001001,BuBuBnBkBaBaBPBFBBA0AmAjAcAVAWAGAFADAABsBnBkBjBYBJBQBFA1AsAtAcAcAYAQAJADACAB
4114351001001,BrCPBvB+BGBZA3A7A1A6AkAxAvAsAFAJAAAEAABiBmCOBnBFAgAlBQAzA9AtAbAnAbAKAGAAADAA
4114401001001,B7B3BzBwBcBKBJBDA1AvApAbAfAOALAFACAAABB1B4BxBsBZBSBGBFA1AvAeAiARANAJAQADADAA
4114500001001,BeBrByBrBWBKBOBCBDAyAtAhAeAUATAIAFADABBjBpBnBsBQBLBNBJA+AxAtAfAYAXAaAJAFABAA
4114609001001,BQBeBjBhBVBPBRBQA/A3AvAmAgAbAOANADABABBPBZBZBgBYBTBWBUBEA7AzAmAgAaATAMAKAEAB
4114708001001,BSBjBsBeBMBIBTBGA9AzAvAkAcAqAhASAJAFAABPBfBYBOBVBOBUBKBBA1ApApA2AZAeAHAIAAAC
4114807001001,BVBXBkBnBaBRBUBKA/A8AyAmAgAXAOALAGADAABKBSBdBfBaBYBRBMBIA9A1AkAWAcAVAMAKABAB
4114906001001,BiBnBiBqBQBaBTBDA/A3AqAlAnAVAMAOAIACAABWBXBeBgBiBCBWBKBEAuAnAkAfAgAKASAIAFAB
4115002001001,BgBzBiBwBaBOBLBKA7AwAtArAeAZAWAMAKAAAGBXBmBiBcBKBTBNBGA8A0AyAfAmAVAKALAFADAA
4115101001001,BdBoByBpBZBOBKBLAuAmAqAnAlAhAVAKAFACADBfBtBrBdBMBNBYBBAwAyAoAqAqAVAQARAFADAA
4115200001001,BMBPBOBRBVBWBTBKA5A1ArAyApAcALAUAFAFAABCBDBNBbBeBUBdBVBHBDA1BBAsAfAXAOAMADAG
4115200001002,BOBNBVBaBXBQBQBLBCA2AtAwAhAZALAVACABACBFBMBTBfBcBbBaBVBOBEA2AyAlAZATAUACAHAB
4115200001003,AyA3BKBkBsBVBHBIBDBEArAoAhAPARALACADABA3A7BSBmCEBoBSBdBbBTA7AnAdAaAYAJAIAGAD
4115200001004,BFBNBUBZBQBHBNBMBEA5AvAlAgAbAZAJAHADABBCBMBRBeBeBZBeBaBOBJA+AjAjAkAcANAMAGAE
4115200001005,A4BJBTBZBXBHA+BIBCA/AoA9AuAbAeAGAIADACA2BDBWBZBeBMBcBYBPBNA3BBApAZAWAVARAFAC
4115200001006,AxA8BOBdBVA6A7BFBKBCA7AvAhAhAZANAIACAAA1A/BUBsBgBMBTBYBcBQBBA5AmAoAdATAJAFAE
4115200001007,BFBQBWBjBaBNBSBQBFA/AwAkAfARAPAQAFADAABLBPBPBcBgBWBaBXBMBHA3AoAmAXAUAOAHACAD
4115200001008,BWBhBiBcBcBXBaBSBDAyAjAmAXAQAMAFADACAABbBcBYBgBhBZBmBYBJA5AwAfAcARAMAGAGACAB
4115200001009,BVBhBuBxBhBQBQBMBBA0AlAiASAMALAHAAACAABQBkBuBuBZBXBbBZBQA7ArAdAVARALAEAEAAAA
4115200001010,BbBhBgBaBWBWBgBXBCAxAqAcAYAQAKAGABABAABWBdBfBaBcBkBnBeBLA4AsAfAYAQANALACACAA
4115200001011,BLBWBfBkBUBJBPBRBHA9ArAoAeANAPAJADACABBLBQBcBiBfBRBgBeBSBHAuApAhATAOALAGADAC
4115200001012,BRBXBaBcBWBRBVBNBEA8A5AbAWASAVAFADAFABBRBSBVBeBaBYBdBVBRBHA4AhAhAaAQAKAFADAB
4115200001013,BIBZBdBeBeBcBgBVBJA/A2AZAcATAJAMADAAAABPBVBhBhBdBOBdBXBKBBAmAnATAWAQALAGAAAA
4115200001014,BaBgBeBdBZBVBnBUBCAzAoAlAaAUAOALAFAAAABWBcBcBdBVBiBlBUBEAxAyAZAaAVAQAIABAAAA
4115309001001,BQBkBfBYBLBPBOBEBJA6A8AjAhATAZAIAGAAAABUBmBoBpBTBBBJBPBDA4BCAhAnAVANAIAPADAC
4115358001001,BOBLBnBbBTBTBOBQBEAzAyAzAaAgAdAEAGAGADBKBUBaBdBIBSBUBTBAA2A3AuAlAmAWANAHAFAC
4115408001001,BYBqB3BoBPBBBNBHBBA4A2AhAgAYARAKAEABABBlBoBnBdBHBLBIBKBCA7ArAqAjAXANAOAEACAA
4115457001001,B2B9B+B9BiBLBHA8A5AnAtAiAVAUALALAFAAAAB3B0B6BwBGBBA6A+A1A7AfAlAWAOACAFAHADAB
4115507001001,BcBsBpBbBiBBBJBSBBA0AuAmAbAVAgAYADAAAABJBfBiBVBMBJBIBOBKAvAqArArAqAUAJAEAGAA
4115606001001,BcBjBkBpBWBXBNBJA9A1AqAnAcASARAJAFACABBWBfBlBoBbBUBOBKBAA6AmApAiAXASAJAFABAC
4115705001001,BoBuBrBiBUBTBRBOA/A3AsAfAZAQANAIAFABABBoBqBhBkBZBMBUBKBDA2AlAkAdASALAGAGABAA
4115739001001,BpBwCMB2BTBOBABLBEAyAyAkAbAdAPAJAHAEAABPByB6BbA/BOBCBFA8AvAgAhAUAZAQALAFAAAA
4115754001001,B1ByB3B1BgBXBWBAA1ArAeAhAZAUANAJABAAAABtBsBuBoBcBZBQBHAxAsAjAbAZAJAKAIAFAAAA
4115804001001,BYBjBkBjBbBTBWBRA9A5AoAgAYASAOAIAEAAABBYBeBmBmBaBZBYBWBFA1AoAiAbAWAMANADAEAA
4115853001001,BXBXBSBhBOBOBoBTA7A2AkA6AoAiAOAIADADAABPBcBfBTBPBbBOBJBDA2ApAsAsAYAaANAIAGAA
4115903001001,BPB8BtBcBWBJBdA1AyBFAiAsAkAUARAOAIAAAFBWB6ByBbBLBNBOBVA+AZAtAeAmAYASADAOAEAA
4116000001001,BFBZBlBlBJBEBEBKBGA3AtAyAnAeAkAGAMAAAABRBWBfBkBcBbBXAtBIA6BHAaAjAQAPAXAWAAAA
4116059001001,BOBgBrBkBRBKBWBPA/A4A3AyAsAWAMADAJADABBPBUBbBhBTBQBTBDA+A6A5AwAhAVAMANAJAFAA
4116109001001,BdBeBpBjBKBEBIBOBBA0AjArAjAnAeAOAKABAABRBcBlBdBIBGBQBQBDA6AtAkAhAkAbAMAGADAA
4116208001001,BkBrBpBhBfBUBHBFA9AxAtAoAiAZASAPAFAFABBlBkBfBfBQBMBFA9A7A1AwAfAlAZATAOAGABAD
4116307001001,BRBUBxBbA/BEBSBRA9BIAvAxA2AZAWAMAFAAADBYBxBUBNBEBPBbBPAxAgBJAfAsAWAlAIAJACAA
4116406001001,BoBdBkBiBIBSBUBZBFAuAcApAYAlAUARAHACAGBPBvBfBSBVBGBVBWA8A0AjAmAbAcAUAVACABAA
4116505001001,BNB+BsBXBdBcBjBJA9AmAsAZAgAQAAAaAaAAAAB7BwBdBVBMBHBYBQA0AuAlAhAQANANAVAUAAAA
4116604001001,BoBiBwBpBuBNBHBAA/A5ArAiAtARARAEALAAABBLBdBsBrBMBPBPBQAzA3AmAnAcAPASAJAQABAC
4116703001001,BVBgBgBfBPBLBWBQA/A1AuAmAnAWAUAOAHABABBIBlBiBgBUBTBcBLBAA5AuArAnAVAPAJADAAAD
4116802001001,BdCFByBsBPBHBKBOA+AxAvAdAbAVAYAOAFAAAABeB5BtBkBIBVBOBIA2AuAkAdAYAbAOAGADAEAA
4116901001001,BXBdBdBdBTBOBSBQA9A2ApAnAbAdAWALAJADAABSBZBcBfBVBRBXBLBEA+ArArAdAjAUAPAJAFAB
4116950001001,BmBvBtBuBJBJBXBLBIA4AuAhAlAcAKALABAHACBgBoBsBdBPBABBBGA8AwAtAiAiAXALAFAFAHAD
4117008001001,BlBlBeBiBfBJBFBJBAA1AyAiAfAdANAKAMAHAABTBgBhBhBZBLBJBLA6A3A0AeAfAeARASALABAC
4117057001001,BmCCB+BpBQA+BBBHAvA8AtAfAdAoANADABADAAB2B+BoBqBTAzBCA/BKA1AYAjAnAJASANADAAAA
4117107001001,BfBiBnBtBXBNBNBMA6AuAoAhAcAcAXAIAGACACBaBmBeBjBbBSBSBPA/AwAnAsAfAZAOAKAFADAC
4117206001001,BCBcBaBYBTBQBPBEA+AvAzApAlAsAcAdAGACABBWBXBVBPBRBSBVBGA4A/AxA0AvAhAbAPADAFAA
4117214001001,BgBsBiBoBHBIBKBHAwAyAqAoAxAcAIALAYACAABiBvBpBWBBBQBVBBA6A0AiA+AfAbASACARAFAD
4117222001001,BPBZBzBKBLBMBMBMBGAzAzArAsAeAVAMAJAEAABCBiBNBqBLBNBVBQA+A9A4AkAtAgAcAPAFADAA
4117255001001,BbBiBsBpBZBMBNBNA9A1AxApAeARATALAEACACBaBkBpBsBHBQBJBMA6AtAtAtAeAdASAKAGAAAB
4117271001001,BhB4B/CBBWBJA/BAAyA4AlAqAbAcAeAHAHAEADBZBlBzBvBRBDA9BBA0AvAlAmAhAdAHAJAEADAA
4117297001001,BXBVBlBnBXBaBPBbBMAyBDAbASA7AWAHAIAAAABGBZBYBbBCA4BLBRA9A0AtAmAoAbAiAYADAAAA
4117305001001,BmBsBwB3BgBLBIBAAuAzAvAlAsAaASAHAHAGABBtBsBqBkBWBKBBA+A8AtAjApAUAWAPAJAEABAA
4117404001001,BHBTBlCBBABDBMBFA9BBAvAqAqAmAWAMAMAAAAA7BXBhBLBdBABSBhBCA1BFAcAnAlARAVAGADAG
4117453001001,BdBtBpBpBdBUBNBEBAA0AkAtAgAiASAPACAEAABNBkBwBYBNBNBLBLBDA1AqAmAlATAKALAEAAAC
4117503001001,BhBkBhBhBbBcBXBLA9AyAuAcAZATARAJAEAAAABeBjBjBgBdBZBYBQA/A2ArAgAaAUANAJADACAD
4117602001001,B+B6BvBkBcBRBKBBA0AtAjAYAXAOALAFADACAAB8B2BrBlBeBZBNBFA7AsAlAaATATAOAKAEACAC
4117701001001,BkBnBqBpBWBQBQBOA/A0AuAbAaAZATAIADACABBgBnBjBhBXBPBRBKA/AwAuAaAhASAOANAJAEAB
4117800001001,B5B9B0BxBXBdA9A2AzAvAnAgAZAQANAIAIAAAABnB2B9BuBUBlBCAyA0AsAiAkAcATAOAGAEAAAA
4117909001001,BUBhBfBiBVBRBSBMBAA3AvAnAfAVAOAJACADABBPBdBhBhBbBTBXBXBAA+AuApAcAWAXADAIADAB
4118006001001,BWBkBnBdBTBRBSBJA7AxAvAeAoAbARAVAIADAABVBaBeBcBSBUBZBJA/A0ArApAkAbAWAOAGAFAB
4118105001001,BYBjBrBnBOBSBUBTA+AsAjAcAqAYAPAHAFAGADBgBmBnBhBYBRBZBPA8ArAjAmAgAVAUAKAIABAC
4118204001001,BfBiBiBpBcBRBJBKBAAwAvAbAcAUAPAHABABAABgBfBjBqBdBVBSBOA+A7AvAlAeAWAKAPAFADAB
4118204001002,COB7ByBiBgBhBcBMAxAsAeAUAQAJAFAFACACAAB9B9BrBkBfBeBTBGAyAlAZAZAUAJAIAFACAAAB
4118204001003,BmBnBkBrBaBPBTBOBCA0AlAbAaAUAJAIADABAABhBgBlBnBcBUBWBRBDA0AlAjAWAaAJAKAEADAD
4118204001004,A7BNBUBfBXBJBFBMBBA/AyAwAyAVAXALAHADABBBBHBQBdBUBJBJBWBMBHA+A1AzAdAbATANAKAG
4118204001005,B3BzBsBpBbBWBTBHA8AtAnAiAhASAPAKACABAAB8BpBrBeBYBNBQBEA5AqAjAeAaALANAGADACAA
4118204001006,CIB6BvBhBcBeBYBMA3AsAbAYARANAHAEABABABB9B5BpBfBgBeBZBKA0ArAfAVAPANAKADABAAAB
4118303001001,BZB4BtB6BaBKBPBLBLAoAfAiAaAVAGAYAMAAAABXBtBjBkBYBUBYBRAuApAeAhAkANAJAQAAAFAH
4118402001001,BZBaBhBfBUBLBMBKA9AxAqAhAhAXATALAEADACBRBdBfBjBYBXBYBVBGA+AuAuAnAVAWAHAHACAD
4118402001002,BZBhBfBfBTBOBOBLA8AyAsAgAfAYARALAHADAABTBdBfBhBaBRBcBUBGA2AzApAgAYAZAMACAGAA
4118402001003,BKBSBaBfBXBFBPBJBCA3AsAmAhAiAYAPAIAFABBJBPBbBlBSBMBSBWBLA4A2ArAtAeAXAOAKADAE
4118451001001,BGBQBiBkBbBPBPBEBJAxA1A2AfAVAPANAIAAAABJBcBiBpBKBSBQBQA7A4AvAeAvAjAnAOAJAAAA
4118501001001,BfBhBjBkBTBMBPBLBFA3AtAcAcALANAGAEACABBZBeBiBmBbBWBaBYBNA8AuAgAbAUAPAHAIACAB
4118600001001,BdBpBjBpBcBPBbBLA+A5AqApAjAeAMAMAIAFAABPBgBnBjBJBGBGBLA3AsAtAlAiAaANAaAKADAA
4118709001001,BWBoBmBpBVBQBOBNBMBCA2ArAkAXAXAMADABAABVBkBfBTBOBEBNA+A2A0AoAqAUAhAiAPAEADAC
4118808001001,BdBmBgBmBQBJBIBGA/AzAkAqAeAbAYANAEADABBdBmBnBjBNBOBOBOBFA1AtApAjAeAQAMAHABAD
4118857001001,BPBaBuBjBMBYBRBOBBAtAoAwAhAiAXAPAEAFABBPBUBYBbBQBUBUBMA+A3AxAoAkAjAWAHAHAIAA
4118907001001,BEBRBfBnBTBBBCBABDAzA0AuAtAhAiAYAEAFABBCBPBbBgBPBKBKBQBIA8A0AzAyAjAdAOAGACAC
4119004001001,BZBqBuBvBHA4BHBRBGBCA1AmAhAYAUANAFAGAABUBXBkBiA/A+BVBMBGA3AtAuAiAbAdAJAHAAAC
4119103001001,BjBuBqBtBsBdBNBLBJA5AjAgARAQANAEAHADAABpBcBvBsBXBQBRA9A2AtAkAfATAXAOAFAKACAA
4119152001001,BlBgBdBpBuBkBVBGA8AzAnAaATASAFAIABABAABhBcBdBlBqBdBWBNBDA3AlAlAYAQARAIAEACAA
4119152001002,BkBkBgBdBsBbBVBHA5AxAoAeAWAMAIAJABABABBfBfBlBpBlBdBcBLA/A6AtAhAbARALAHAFAAAC
4119152001003,BoBlBkBjBjBhBeBMA+AyAiAfAQAMAFAGACACAABmBaBeBkBjBnBdBVBEA3ArAVATAPAHAIACACAC
4119152001004,BxBoBkBoBmBkBTBIA4AyAuAPAQAMAKABAEAAABBtBnBhBrBsBdBWBNBAA1AsASATANANAAAHAAAA
4119152001005,BNBYBfBpBfBYBOBGBDA3A0AbAVAWASAIADACAABRBZBXBfBoBaBaBVBHA9A6AdAYAXATAMAHAEAD
4119152001006,BqBhBhBhBnBeBgBRBBA6AjAdAOAQAKACAGAAAABrBdBdBmBrBjBYBNBBAzAeAcAQAUAHAIACAAAC
4119202001001,BYBcBwBvBgBOBFBBBFA5A1AeAkAeATARACAFADBOBbBwBtBOA/BGBPA7AzArAfAcAaAYALAGAEAD
4119251001001,BcBxCCB5BJA6BGBQA3A2AtAlAnARAZAVAAAFAABmBwBxBkA0BCBBBLBSAyA1AeAUAYAKADAHAAAC
4119301001001,CIB7BxBlBZBSBJA7A4AyAkAcAVATAOAFAFABACCBB6BuBpBZBJBJBJA1AvAgAbAXAPAFAIABACAC
4119400001001,BkBoBlBkBZBRBLBDA7AwAnAnAjAPAVAOAEAEAABkBjBoBmBWBRBHBIA6A0AmAoAdAhAbAIAEADAD
4119509001001,B3BxBrBjBgBcBYBLA6ArAdAdAQAPANADACAAAABtBoBjBlBfBcBZBMA9AvAmAdAVAQAPAFAEABAA
4119509001002,CCB1BkBbBxB8BpBUA+AsAfAWAQALAFAEAEAAAAB8BzBfBcBdBbBTA/A0AlAhARANAKAHAEABABAD
4119608001001,BnBzBxBoBRBIBLBCA8AuAnAaAVASASAKADACAABlBsBqBsBYBXBPBVA9AxAuAbAgASAOAOABAEAA
4119608001002,BmBnB5CBBYBLBLBHA9AvA2AiAaAoAMAEADAEAABlB4BqBeBNBJBDA/AzAtAhAqAjARALAIAGAFAA
4119657001001,BzBiBaBrBbBkBMBMBBA3AwArAcAoAJALACAAAABABdBvBKBNBEBiBLA8ArAlAvAeAiAJAHAIAHAG
4119707001001,BTBlB1BjBRBMBOBGBBAzAsAgAdAlAdALAMADAEBUBmBqBaBGBOBXBKA2AvAoAjA1AfAKANAEAAAA
4119806001001,BVBkBoBnBPBNBOBRBAA1A1AnAqAXAXALACACABBLBdBeBdBIBGBLBRA/A5AvAwAkAiAVAKAGAEAB
4119905001001,BiBdBcBfBbBPBEBGA/AxAqAlAYASANAQAIADABBdBfBUBbBaBTBQBNBCA/AmA0AmAmAVAUAEACAE
4119905001002,BxBtBhBhBfBVBQBHA3AzAoAhAZAMAMAJADACAABjBmBdBkBfBbBNBRBDA3AwAaAbASAPAMAEABAA
4119905001003,BfBdBfBcBbBTBRBKA+AzAlAhAeAQATAGADACAABXBUBRBgBkBcBQBZBHBAAyAmAmAZATAOAGABAB
4119905001004,BdBkBgBqBgBLBJBKBHAyAiAeAVAQAKADAFACAABeBeBmBoBdBOBVBXBJA/AwAjAeAXANAQADAEAA
4119905001005,CCBwBvBpBfBSBIBCA0AwAlAjAVAQAMADABABAABlBqBqBlBfBTBMBGBDA4ApAaAWAUAOALABAEAB
4119905001006,BxB0BoBnBlBTBOBLA+AzAkAYAQALAKAGAEABAAB1BsBkBkBmBYBPBOA/AyAjAbARAWALAFAEABAA
4119905001007,BpBqBlBhBgBYBQBEA/A1AlAhARATAIADADACAABpBiBdBiBhBaBRBPBFA9ArAkAWASAMAOACACAA
4119905001008,AyAzA/BVBTA7A+BDA9A3A/AfAqAkAgATAMAGAAAyA4BDBfBgBQBMBUBSBLBGAxA2A2AnAwATALAR
4119905001009,BdBfBjBfBfBMBHBJBEA0ApAmAeAOARAFAEACAABYBeBhBhBcBQBRBSBKA8AyAoAcAbAXAIAJACAA
4119905001010,BaBbBhBfBfBRBIBJBAA4A3AbAaAXAPALAFACABBVBXBZBfBZBRBPBTBLA4A4AjAhAdAWAJAMAGAA
4119905001011,BaBXBcBkBcBOBDBDA9A1ArAnAbAbARAIAHACAABXBWBbBkBfBPBPBNBFA/AwAtAmAgAVATAGAGAD
4119905001012,B7B1BsBqBgBZBWBKA8AoAmARAPARAEACADAAAAB5B1BqBjBeBdBYBMA/ArApARATAIALACAEABAB
4119905001013,B3B7BrBlBYBVBTBJA9AtAdAkANAbALAHAHABABB5BzBvBZBaBYBSBFA1ArAhAdAZAPAKAHACAAAB
4119954001001,BiBrBpBgBTBTBNBPBMA1AtAmAeAgAPAHABACAABmBnBdBdBSBKBOBOA9A4AsAjAeASASAHACABAA
4120002001001,BXBaBjBkBbBTBMBEA6AyAtAsApAWAOANAEACACBMBhBfBhBcBWBUBHA+A4A1AqAVAlANARAIABAC
4120101001001,BmBrByB1BVBGBHBUA4ArAsAjARAVARAWALAAAABeBgBjBsBWBIBNBLA7A4AvAbAYAXANAKALAEAC
4120150001001,BoB7B2B8BQBQBMA8BOA1A1AiAkANAHASACAAADBoBwBmBhBXA9A+BKA7ArAwAeATAMALAGAGAEAA
4120200001001,BRBcBkBqBVBHBRBZBGAmA4AkA6AaAPASAAAAAABLB2B6BOBKAyBjA8A1AvBAAqAfAeAHAJAIAJAA
4120309001001,B0ByBuBpBZBNBSBGBBAlAwAfAsAUAMAFAOACABBWB2BwBbBYBPBGBGAsA8AdAnAjAPAGANAAAAAC
4120333001001,BRBLBUBiB6BKBkBQBDA2AnA0AuAZASADAAAAAABbBoB5BUBABQBaBMAzA0A0AsAWAVAOAHAGACAC
4120358001001,BKBfBrBeBSBPBKBPBEA3BHAYAuAdAOAKADACAABfBZBrBpBNBLBUBGBCA0AtAoAXASARALAOAFAA
4120408001001,BeBpBvBbBhBdBVBSA1A2AtAjAfASAOANADACAABdBfBXBbBiBUBSBJA+AwA1AVAeAWALALANAAAA
4120507001001,BTBZBiBqBIBIBMBPBBA8AyAkAhAgAYALAIACABBHBaBgBcBJBMBSBKBKA8AuAqAoAfAeAMAGAGAB
4120606001001,BoBmBiBlBcBNBDBEA/AyArAaAXATAQAIADAJAABiBhBhBtBjBUBVBIBBA3ApAmAgAWAQALAHAEAA
4120606001002,BeBoBoB5BdBVBRBKBGA0A1AnAYAeAUALADAFAABfBeBtBdBKA/A8BCAvA1AuAlAhAfAQANAGACAA
4120655001001,BYBvBwBsBXBOBcBQA+AqAYAlAfAbAbAMABACACBQBeB4BeBKBUBbBOA4AqAnAhAeAbAMAKAGACAE
4120705001001,BLBUBaBgBTBNBVBNBKA1A+AcAgATAcAQAIABACBJBZBdBZBWBXBLBZBKA3A4AjArAYATARAGADAA
4120804001001,BvBoBmBpBmBbBYBOA7AuAkAdAVASAMABADACABBkBoBpBjBcBYBYBTA7AwAkAdAQAUAPADAEADAA
4120853001001,BQBJBlBWBABSBVBABfA5AxArAlAYAUAKAMAGAABKBZBfBcBDBJBTBqAvAzA/AYA3AkAWASALADAF
4120903001001,B0B1ByBuBeBSBHBEA7AzAvAZAWAXAIAKAFAAABBtBuBuBiBSBNBLBFA8AvAhAmAUASARAHAEABAC
4121000001001,BpBwB0ByBRBTBNBPA4AvAkAnAaAaAUAJAGACABBdBvBsBjBSBOBOBGA3AtAlAkAXAZALAIAFABAB
4121109001001,BgBtBuBpBUBGBSBJA1AxAoApAsAYAHAQADAFAEBeBwBgBcBQBOBSBHA1A4AuAgAVAfAXAIAIAAAF
4121208001001,BgBvBqB2BfBQBOBHA6AzAuAnAiAXAWAJAFADAABbBlBpBgBPBDBJA9A8AuAtAkAiAbAQAHAFADAC
4121257001001,BoB6B+CBBOBCBKBKA3AtA2AkAgAbASANAKAAAABkBtB0BeBSBCBBA6AmA2AuAfAPAWAUAMADAEAA
4121307001001,BeBaBqBlBBBABRBKA+A+AwAvAfAnAWAMAAACAABJBZBYBaBbBHBWBRA6A4A2AqApAcAaAJAPAEAA
4121356001001,BVBpBsBaBXBUBYBOBBAkAaAwAsAdAZAFAHACAABYBjBnBnBVBcBRBHA4AkAoAiAyAUAPAIADADAC
4121406001001,BWBjBnBpBUBGBLBKBDA1A1AiAkAPAPALAGAFACBSBhBjBlBQBJBOBTBCA6AnAwAkAbAMAHANAFAD
4121505001001,BcBoB8BwBLBJBSBKBBA+AqApAOAgAMAPADADAABpBmBYBiBHBQBNBGA8AmAwAhAkAZAWAJAIAFAB
4121604001001,BdByBoBpBKBIBQBOBEBDAYAzAjARASAJACAAAABgBrBqBhBLBKBLBNBBAuAlAnAhAbANAOACADAC
4121703001001,B6BuBxBzBdBTBCBBA2AuAvAfAfAVARAOAEADAAB1BlBtBoBSBLBDA8AzArAyAbAXAaAOAHAFADAB
4121752001001,CSCTByBpBTBaBOBGA3AzAiATAUATAPAEABABABCAB9BlBlBfBOBIBBA5AnAlARAMAKAFAGAAAAAC
4121802001001,BRBbBfBoBZBGBPBBBFA4A2AgAnAdAeAOAGAGABBSBaBcBdBPBJBJBGA9A2AjA1AlAfAYAVALAFAF
4121901001001,BoBoBqBpBPBEBEBLA8AyAlAnAjAdAUAKAFAEADBiBkBpBbBWBGBGBJA5A0ArAlApAaAXANALADAB
4122008001001,BmBzBvBnBcBQBTBFBEAzAtAkAcAWAYAKAHABAABiBhBoBcBKBEBKBCA1AyAjArAcAXAWALAHAFAC
4122107001001,BTBYB4BeBFA4BLBVBGA6AmA7AuA0ATAKAEAIAABHBZBdBfA4BLBDBGBLA1AzAwAtAcARALAOAGAA
4122156001001,CGCLB5B3BcBSBWBLA2AxAmAeAbAJAJAGACACABCEB5ByBgBSBHBAA8AtAqAfAXAOANAJAEACABAA
4122172001001,BkB1B0CABDBQA8BEA2AsAlAdAkAgALASAAAAAAB9B3CMBbBbBEBDBAAmA3AaAeAfAZAYADAFAAAC
4122206001001,B0BxBxBzBlBWBOBDA3A1AiAeASAZAPAIAFABAAB0BuBmBqBeBTBJBAA0AqAoAXAXARAKAJADABAB
4122305001001,BiBjBnBoBhBWBKBHBAAzArAdAXAYANAKACAEABBdBfBjBoBeBUBJBLA9A1AoAlAeAUAYAKAGAFAB
4122404001001,BSBbBfBdBbBUBUBIBAA3AtAoAeAeAPAIADAEABBSBUBbBdBbBTBaBNBGA7AvArAhAYAVAMAGAEAC
4122503001001,BdBiBvBvBbBQBKBCA8A6AnAjAfAgAUAOAJACABBXBhBxBmBQBSA8BNA9AzApArAdAUASAHADACAB
4122602001001,BcBjBdBiBcBXBSBOA+A0ApAnAhAaASAOAIAEACBXBeBfBXBXBLBZBNA5AzAmAuAlAQAYALADADAE
4122651001001,BXBsBrBwBLA/BGBHA1AuAtAtApAiAdASAEAFAABZBtBsBlBLBHBDBFA2AvA4AhAlAkATAHAFAAAD
4122701001001,BMBnBZBnBdBSBRBWA9A+AxApAfAdATAGANACAABMBbBhBaBRBWBSBIBAA7ArAkAcAhARAIAKACAC
4122800001001,BvB9B9B2BNBGBIA/A6A0AjAsAnAWATAFAFADAABnBqBrBjBMBPBFA/A4AzApAbAcATARAMADAAAA
4122909001001,BRBhBaBwBIBGBCBKBIBBArAvAiAnAbALAEAJAFBTBYBoBcBFBGBBBKBIA7AnAyAvAeAXAFADAFAD
4123006001001,BaBqB1BsBWBFBDBFBBAyAyAnAhAaATAGAHADAABXBrBoBnBGBGBJBLBAA6AyAfAhAbAQAJAHABAC
4123105001001,BtBrBqBqBXBBBFBNBAA4ArAiAjAVAcAJADAFAABeBSBmBsBTA/BJBPA9A3AoAnAUAgAZALAGACAC
4123204001001,BvBfBcBfBBAxBNBbA6ArAtArAoAkAoAKAMAEABBFBvBjBeA/BABRBLA4A7AwAxAzAkAKAOAKACAA
4123303001001,BWBlBrBqBUBFBMBIA8AvAgA4AfAjAZANAJADABBMBfBmBfBSBNBQBFBKAwA0AeAkAXAaAMAGAGAB
4123402001001,BPBXBbBfBXBGBTBSBBA4AoApAhAiAWAOAHAAACBQBRBcBYBXBOBVBUBFA+AqAsAoAaAcAQAFAGAA
4123501001001,BVBlBhBpBWBOBSBKA6A6ArAxAhAVAJAKAHACAABQBkBeBnBbBTBNBNBBA2AyAqAdAUATALAFAEAB
4123600001001,BRBgBvBhBRBXA7BfBIAyAtA2AfAXATAMAHAAAABYBYBeBiBLBPBdBGA0AxAoAmAgAnARALAFAKAA
4123709001001,BLBXBkBuBMBABJBQBBAsAvAqArAkAkALAFAEABBLBRBcBRBSBNBRBaA/A8ApA0AkAlAgAMAGADAB
4123808001001,BiBwBwBqBGBHBFBIA7AzArArAgAYAQAOAJACAABZBsBqBdBEBDBOBPBAAwA2AlAoAeAQAIAKACAC
4123824001001,BWBdB0BfBRA3BhBEBEAqAuA8AwAiARAUAEAEABBSBWBbBjBMA5BIBFA7AyAuA5A+AcAVAEAAADAB
4123857001001,BsB7BwB4BjBMA+BAA1AxAkAlAeAYAQAFAEABABB5B4B7BqBSBGA8A5A1AxApAaAZASAOAJAFAAAC
4123907001001,BXBjBeBiBMBHBKBHA+A3BAAcAoAcAXAWAGADABBMBaBYBbBRBIBLBMBAA4AuA0AqAdAkAKAMADAB
4123956001001,BwB2BdBrBoA9BPBJA1AuAnAiAmAiAbAMAAAFADBWBHCBBfBHBXBABQA0ArAlAlAkAVAiALAIAAAA
4124004001001,BZBfBnBsBWBEBMBUBCA4AvAiAbAiAYASAHACAEBnBiBUBkBMBFBKBEA9AyAwAlAjAiANALADAGAC
4124020001001,BbB5BuBhBRBcBUBLA5AzAtAbAgATARACADABAABeBzBpBdBgBhBTBKA3AwAjAgAXASARAEADAAAC
4124053001001,BnByBuBmBcBWBUBIA9AxAkAZAZAPALAGAFAAAABVBuBtBtBcBWBgBMBDAwAnAZATASANAJAFAAAA
4124103001001,BaBkBnBlBVBJBLBJA/A5AtAhAVAYAXAKAFADABBZBUBeBjBaBMBPBNBDA5AsAnAlAgAPAQANADAC
4124202001001,BTCCBjBRBPBNBbBFA2AvAjAlAjAZAYAKAGADAFBkBJBaBUBbBHBXBNA8A4AwAtAeA0AVAMAAAHAD
4124301001001,BoBqB/BLBZBmAyBfBaAwAnAqARAgALAGAAAAAABSBeBcBuBPBEBoA3A3AxA2AcAfAPAQAiABAAAA
4124400001001,BrBsBvBoBMA+BGBJBBAyAsAjAlAYATADAJACAABtBoBqBnBKBCBMBNA9AyAsAjAdAbAWAFAJACAD
4124509001001,BXBYBvBmBPBIBSBRA9AuApAoAcAcAfAQAMADAABQBlBeBgBSBQBIBPBDA9AiAtAoAXAMASACAEAC
4124608001001,BeBqBrBiBXBZBPBPBBAuAoAlAhAbANAWACADAABSBoBaBiBTBMBWBLA7AyArAfAhAXATARAFAAAC
4124707001001,BuBpBzBpBYBFBEBEA5AyA4AfAmAcAWAMAHADAABoB0BpBeBKBHBBA+A3AvApAlAgAbAWAHAIABAB
4124806001001,BUBsBxBlBABCBEBJBBBDA3AmAhAdAUAIAHADABBKBeBpBdBHBBBNBPBLBAAsArAkAdAcAKAFAEAC
4124905001001,BiBiBfBtBdBNBJBNA+AuAeA0AnATAQAKAHACAABdBiBfBZBbBNBLBGA8AyAtAoAoAZAXASAGABAC
4125001001001,BNBeBiBiBSBIBKBJBBA4AyAjAgApASAMAKAEACBSBaBkBkBNBJBUBKA+A8BBAeAcAfAZANAFAFAE
4125100001001,BxB8B0BwBhBUBKBLBAA1AjAqAZAcAPAIADACAABlBoBwBgBJBGBHA7A1ApAlAgAbAZAUAHABAAAC
4125209001001,BTBnBgBkBQBJBEBVBDA5AsAnAvARAUALAIADABBQBnBsBbBMBEBQBMA+A4AqAtAnAYAXAPAHACAB
4125308001001,BOBTBdBZBKBIBgBUBEA6A1AoAcAoAUAQAGAAAABDBbBQBcBFBRBaBVBEA6A8ArAoAdAYARAFACAC
4125357001001,BQBiBmBkBNBIBQBKBEA8BCAnAsAdAXANAEABABBCBYBcBbBRBJBQBRBDA4AqAsAoAXAdAFAJABAA
4125407001001,BqBiBmBpBNBDBPBFA8A3A1AlAoAfASAaAJAFAABZBhBjBlBLA/BFBGA5AyAtAnAnAXAQARAGACAA
4125456001001,BLBxB4B7BVA5BGA/A1AyA1AxAhAbAZALACAGAABQBqB2ByBFBIBKA+A7A1A3AoAiAQAVALACAAAA
4125506001001,B2B4BtBjBgBkBfBPA9AsAZAWAQAHAJAEACACABB5BxBlBhBfBkBeBSA5ApAdATASANAIACABABAA
4125506001002,BtBpBjBiBoBlBdBUBDAuAnATARAKAHADADAAAABoBhBhBkBnBjBfBTBFAzAeAVATAKALABAFAAAA
4125506001003,CDB3BoBkBnBnBZBNA5AsAfASAPAIAKADABAAAAB6B1BiBkBnBgBWBNA5ArAaAXARALAFACABADAB
4125506001004,BXBXBbBuBoBYBNBLBEA6AwAhARARAIALACABABBRBUBdBlBlBaBUBUBLBDAzAfAYAUAQAHAFAEAA
4125506001005,BlBkBjBiBnBdBWBNBAA1AmAeAVALAJAHACABAABjBiBhBkBgBaBcBOBEA4ArAcAbAMANAIACAAAA
4125506001006,BQBSBbBdBdBSBPBPBMA9A2AdAXAYAKAMAHAAAABLBKBPBeBkBaBdBZBNBBAzAkAaAbAPAWAIAEAB
4125506001007,BoBlBfBgBfBfBVBuA0AuAoArAnASAVAFABACACBeBfBaBhBfBTBOA2BBA4ArAkAaAPAVABACAAAB
4125506001008,B4B3BjBmBlBeBdBMA+AvAiAWAQAOALAEAEAAAAB4BrBkBbBhBeBXBNA7ArAkAVANAQAKAGAEABAB
4125555001001,BFBZB/BZBUBFBaBbBFA9AuAzAPAqAQAWAFAAAABXBTBdBgBKBGBWBHBBAtA+AVAhAwARAJAAAEAA
4125605001001,BrBqBmBkBaBVBQBKA/AtArAbASAUAIAEAEAFABBnBuBiBiBeBeBYBMBBA1AjAdAbARASAEAHACAA
4125605001002,BfBmBlBlBiBUBOBVBEA3AqApApAbAPAMADACACBZBhBoBrBPBGBIBBA0AwAkAkAoATASALAFACAB
4125704001001,BhBuBuBnBdBQBRBLA9A2AyAWAgAMARAMACABABBSBpBiBxBWBRBNBVBGAtApAdAbASAVAFACACAB
4125753001001,BVBsBxBuBfBHBLA+A4A2A6AwAZAhATASAEADAABYBhBmBmBNBBBKBGBAA2A5AgAkASAOAKADAAAB
4125803001001,BZBeBpBnBaBPBPBLA2A2ApAsAjAUAXAQAEADAABUBeBnBjBWBOBMBNBEA0AyAiAhARAOAQAIACAA
4125902001001,BTBoBrBiBSBjBXBLBFA3ApAiAiAtAPAEAAACAABUBTBbBhBxA/BXBEBCAtA8AnAiAJAPAKAEAAAA
4126009001001,BkBqByBeBMBIBNBFA5AtAsAjAgAYATALAIABAABmBmB1BlBWBIBUBCA8AzAyAcAZAgAVAKAGADAA
4126108001001,BWBcBoBRBgBKBPBXA7A4A6AlAfAYATAOAJADAABRBhBnBnBSBOBbBABHA0AoAhAkASAVAJAKACAC
4126207001001,B7B2BwBzBYBLA3BJAzAvA1AdAoAdATAOAJADACBcBaB1BfBYBCBGA2A1A2AoAhAfAXAUAIAEADAA
4126256001001,BjBiBcBgBhBcBYBMA5AvAvAiAfANANAHAGADADBdBcBdBgBcBdBdBKA+A8AkApAXAYALAIAJACAC
4126256001002,BVBXBaBdBiBWBQBFBBA+A5AkAZAVAKAQAFACAABPBMBaBkBhBaBWBHBOBFA1AjAYAZAQANAGADAD
4126256001003,B0BxBjBiBeBdBbBUA5ArAiAaAZAMAJAJACAAACBoBvBlBgBWBjBXBPBCAsAuARATAPANAEAFACAA
4126256001004,BzB0BnBjBcBZBbBKA2AwApAUAVALAJAFADACAABtBwBvBhBaBfBgBNA9AuAcAfATAPAJAGABABAB
4126272001001,BkB2B2BzBZBDBJBIA/BDAhArAWATAFAQACAAAEBsBwBrBsBWBAA+A7A6AnAwAmAaAaAQANACAAAC
4126306001001,B2B3B0BxBcBVBNBEA/AyAsAVAbAVAQAMADABAAB1BvBoBkBVBPBKBAAyAoAhAbAUAWAKALAGACAA
4126355001001,BEBWBWBkBWBRBSBUA+BEA9AwAjAdAPAGAJABACBPBSBSBlBNBNBXBIBEA5A0A2AhAfARANAIADAA
4126405001001,BLBbBoBfBXBLBLBIBBBAAtAnAiAXAUAWAFAKAABUBOBgBjBSBCBLBRBHA2AuAtApAiAQAQAGAHAC
4126504001001,BRBiBcBgBVBPBPBLBDA4AqArAeAYAXAMAIADAABVBWBZBfBZBLBVBQBDA8AvAkAoAdARAMAIAEAB
4126603001001,BXBYBeBkBYBHBMBHBFA7AoApAlAWATASAJAFABBdBYBYBaBYBNBLBIBHA2ArAxAlAkATANAGAEAB
4126652001001,BWBlBzBkBPBDBMBLBGA9AmA6AwARAVAIADAFAABJBWBuBcBCBEBDBLBGA0AuAzApAbAVADAWAAAC
4126678001001,BuBvBxBuBbBRBKBAA8AuAlAnAnAUATAFAEAGACBtBrBuBmBWBOBHA/A1ArAjAgAfALALAQAFADAC
4126702001001,BHBWBpBjBNBLBKBRBCAyAzApAhAjAUAaAEAEAABLBWBaBVBMBGBbBSBGA9AuAkAgAnAfAYACAAAE
4126801001001,BcBjBhBmBaBTBYBJA+AwAoAiAiAfAQAHAIACAABgBfBdBbBfBcBWBHA/AsApAgAcAVAQAPAGAEAC
4126900001001,BKBZBiBfBKA8BGBKA9A2AqA0AtAnAkAVAKABACBNBhBdBcBGA/BKBOBJAwA3AtAuAnAbALAGAFAF
4127007001001,BxBzBrBnBNBRBSBLBCAsAmAnAcAbAQAGACABAABpB7BhBtBRBPBPA/A2AhAtAcAfAVAUAFAEAAAA
4127106001001,BmBgBiBlBbBJBLBJBBA1AsAhAcAWAOAIAEABABBlBfBjBkBbBRBQBQBEA4AyAdAfAVAQAMAFAEAB
4127205001001,BVBhBiBmBVBPBSBMA/AxArAkAqAXAdANAEAEABBQBTBhBhBNBOBTBRA8A4AsApAgAoAUAKAGADAB
4127304001001,BSBgBgBgBVBNBPBIA/AvAtAmAlAYAUAYAKADADBRBgBdBbBYBNBPBNA7A4AtArAkAeAVASAHAFAB
4127403001001,BTBhBdBdBMBOBUBLBAA2AsAqAqAcAUAOAGACACBSBZBaBdBTBVBUBNBBA4AwAqAjAgAQAQAGAFAB
4127502001001,B6BzBuBoBeBYBFBIA5AsAqAjAWARASAMADAFADB1BwBrBdBTBEBGBCA1AsAkAhAWAiAOAEAIADAB
4127601001001,BtB0BvBrBfBUBQBHA5A0AsAnAcAXAPANAIABACBtBnBjBZBMBIBKBEAxAoAoAjAhAaARAIAFABAC
4127700001001,BeBhBnBnBoBfBPBOA+AyAnAXAbALASAGABABABBXBeBcBoBiBaBVBVBFA5AhAlAVAaAQAHAEADAA
4127700001002,BsBwB2BsBiBVBKBKA6ArAhAZAQAXANADAAAEAABuBxBxBqBZBTBWBPA5AsAfAcAUATAOAFABAEAA
4127700001003,BJBMBTBgBeBOBSBLBCBCAsAmAZAYAIAOAFAEAABFBKBVBkBlBZBbBeBUBBA4AiAaAfAfAKAFADAA
4127700001004,BRBcBmBZBQBHBSBcBJA6AiAjAUAbAOAHADABAABTBaBfBhBZBUBhBkBNA9ApAnAYAZAPAOABADAB
4127700001005,BrB1BtBkBoBfBpBQA/AqAaAUAVAKALACACACAABkBqBkBaBiBmBhBZA+AkAeAVAMAWAIAEACABAA
4127700001006,BXBcBiBWBIBPBWBXBJA4AxApAmAlAPAJAEAEAABQBXBeBUBJBGBXBUBDA1AqAmAoApAOAOAKAFAD
4127809001001,BKBZBsBrBTBCBMBRBGA3A0AmAkAdAgAPABAFAHBKBaBxBiBDBCBJBKA/AwA3AiAqAgATALALACAC
4127858001001,BhB2BxBxBNBGBGBMBBAyArAkAeAYAVAFAFAAAABiBqBvBnBTBFBMBDA6A0ArAlAfATAUAFAGACAB
4127882001001,CeBtBtB5BrBCAxA8AsA0AiAuAvAWARARAGAAAABvCFBnBWAuA/A8AyBKArAhAjAjAmANAEADAAAG
4127908001001,BdBsBhBnBSBgBSBNA9AwApAmAjAkAUAIAGAGABBdBhBcBXBVBTBKBNA1AsAlAsAkAVAOAKALADAA
4127957001001,BLBUBlBZBOBRBOBRBBA9ApAzA0ASAYAHAFAHAABGBZBfBmBRBSBRBKBCBBA0AyAlARAUAOADAEAC
4127965001001,B4CABzBuBXBLBMBBA7AwArAhAWATAMANAFACAABrB1BuBpBVBIBKBFA0ArAkAhAYARANAGAGABAB
4128005001001,BQBgBpBfBOBDBLBPA+A0AsAkAkAbAVASAFACACBJBbBkBkBSBSBaBTBFA3AnAtAsAVAVAOADAEAF
4128104001001,BXBdBjBnBXBRBRBSBEAyApAdAVAYAVAFABAAAABVBaBeBnBcBbBgBcBIA8AqAgAUAZASAMABACAB
4128104001002,BUBWBeBhBZBRBVBHBFA3AuAdAWAUARATABABABBQBYBWBjBjBaBXBPBHBAA8AaAaAiAbAJADACAD
4128104001003,BUBVBjBkBcBXBOBFA/AyAnAjAgAWALAOAFAEABBWBaBZBrBaBYBVBNBNA+A0AgAeAYAOALAKADAA
4128104001004,A5BIBRBnBjBLBAA+BBA/AzAyApASAZALAHAFABA3A8BWBqB1BLBTBUBSBJA7ArAiAoARARALAIAA
4128104001005,BrBhBeBeBRBVBYBIA9AuAzAhAjALAOAGADAEADBHBcBmBZBoBcBYBWBHA2A0AZArAPAQAHADABAD
4128104001006,BVBcBjBoBdBOBPBOBBAzAqAoAoAbAUASAKADADBUBkBkBeBOBNBVBKA8A1AmAkAnAWAVAEAFADAA
4128203001005,BnBbBZBhBaBLBIBEA+AvA0AYAeAXATAIAGADABBeBaBeBkBeBQBUBUBAA4AqArAmAdAUAPANABAC
4128203001099,BwBrBjBmBaBSBNBHA+AxAiAjAcARAOAKACABABBmBnBkBhBVBUBQBLA9A1AqAhAfAXAWAKACACAB
4128302001001,BFBrBrBuBdA4BkBHA3A6AoAwAsAhALAIAAAHAABdBTBlBiBsBKBOBDAzAxA+AqAVAYAVADAAAFAD
4128401001001,BSBcBeBhBQBJBJBMA8A9A0AkAlAaAVAQALAEACBKBXBeBkBUBIBGBJA/A7AzApAlAkAfAQAPADAC
4128500001001,BfBjBhBqBWBHBEBEBAA0A3AiAbAcATAUAFAEAABbBgBjBhBRBGBJBLBFA7AxAdAnAZAVAJAIAHAC
4128534001001,BsB0B2BwBiBTBDA/A5AsA5AbAjAVALARAFABAAB0BsBhBrBbBIBDBBAuAtAoAdAdARAPAIAFAAAE
4128559001001,BaBlBrBzBDBIBGBBA+A3AqAtAiAZAUAMAIAGABBcBlBZBeBJBRBQBKBCA4AsAxAhAcAWAKAIADAC
4128609001001,BSBoBuBuBPBBBJBNBEBAA2AqAcAZAUAMAEACABBIBhBgBuBEBCBMBRBDA8A2AhAlAVARAMAGAHAC
4128625001001,BZBsBxB8BdBUA8BGA6ArAeAtAZAWAiAPADAAAEBfBfB8BUBeBSBeBDBBAgArAbAZALASASAGAAAA
4128633001001,B9CJCGB1BXBNBAA1A0A4AZAqAhAUAJARAGACAAB7CAB5BdBVBHBJA0AuAeAlAVAeAPAHAHACACAC
4128658001001,BYBdBqBtBzBIBMBQA8A8AvAiAdAdAMAKABADAABnB1BkBSBdBNA6BAAzA6AkAiAnAdAVACAGAFAA
4128708001001,BWB2BkBWBKBHBTBJBDAzA2AcAlAfARAOACABACBdBiBPBvBKBLBVBPA+AyAuAqATAoARAQAEAKAC
4128807001001,BLBaBmBiBDBIBOBGA+AvApA3AuAkAkATAIAHACBKBPBqBSBMBDBNBGA/A7A/ApAtAiAXANAKAGAD
4200051001001,BaBlBuBoBEBQAyBSBKBpAeBGAmAVAEAAAAADAABPBhBhBgBKA+BhBCA+BRAyAsApALADAKADAAAA
4200101001001,BvBrBsBpBIBUBPBIA9AzAoAZAYASAKAKAEADAABlBlBiBmBgBQBbBRA9AwApAhAaAbANAHAHACAD
4200101001002,CQB3B6B9BXBQBKBKA+AzArAiAQAJAPAFAEAAABB6B6BoBjBSA/BDA+AwAvAiAdASAVAFAGADAAAA
4200200001001,BTBlBiBnBTBUBZBRBAA0AyAjAkASAUALAEAEAABQBcBmBgBRBXBPBDA8A0A2AjAhAdARADAKAGAA
4200309001001,BXBaBpBWBGBXBQBlBLA0AwAqAbAbAPAFALAAAABOBoBnBeBJBGBOBfAyA4AtAsAiARAaARACABAD
4200408001001,BdBuBmBsBVBMBOBMA/A4A4AfAgAbAIANAEAEADBkBgBkBjBLBKBGBHA7A1AkAyAeAYAUAIAGADAD
4200507001001,BUBnBuBxBMA8BIBQBQA7A3AmAiAaASAJALABAABOBbBsBjBABCBFBKBFA6AtArAaAhAVAGAOAEAC
4200556001001,BVBpB5BfA7BNBTBMBJBDA0A+AmAUAVAGADAAAABLBtBuBKBEBLBDBTA9A7AuAkArAdAHAHAAAFAA
4200606001001,BRBmBgBgBVBXBcBeBBA2AyAeAlAVARAOAGADAABWBkBkBXBNBRBSBHA0AyAoAqAWAcAfAKAIABAC
4200705001001,BgB0ByBaBHBRBRBZBJA3AwAfAcAVARAIAKACAABYBwBuBpBBA8BWBLA9AzAnAnAVAdALAKAFADAA
4200754001001,A3BiBqBlBABABRBKBIA7AwBBAjAxAmASACAHAABGBNBZByA4A6AxBPBBBCA9A5AaAyAcAQAEAAAA
4200804001001,BXBvB1BxBABCBGBSBXA0AkAoApASASAFADAEABBcBqB8BWBKBCBJBKA1AxAuAsAkAWAOAPAGAEAA
4200903001001,BDBqBZBnBRBGBMBbA4A1BAAbAkAaAcAUALAIACBLBXB6BjA9BCBHBJA6AsAtAkAhAvAeAVAQABAB
4201000001001,BUBlBqBqBcBIBMBHBEAwAvAlAaAiAYAKAHACACBSBjBwBfBHBCBJBMA/AyAnAuAoAeAaAOACABAA
4201109001001,BeBKBjBIBQBhBXBZBEA7A6AsArAZAYAdAQAAAABHBdBeBYBPAzBIBHAzA8AwAlAoAaAWAXAMAFAA
4201208001001,BRBdBdBaBeBgBdBSA7A3A1AcAcAgAbAPALABAABXBeBRBeBcBTBLBHA9A0ArAiAjAXATAFAKAEAF
4201257001001,BfBdBkBsBXBdBNBPA/A0AsAoAbAUAUAEADAFAABjBmBeBiBXBWBFBLBAA4AjAjAcATARAMALADAA
4201273001001,BKBFBaBaBmBDBUBEBNA8BXArAoAbANAOALACAAA3BaBMB4A1BRA7BSA0BCBBAsAmAXAaAXAVAHAA
4201307001001,CEB9BtBTBdBmBZBMA7ApAiAUALAaAKAGAFABAAB+B1BsBpBgBOBQBJAzAnAcAYANAUAIACAHAAAB
4201406001001,BcBfBoBrBUBOBPBRBEA3AuAeAXATASAGAFABABBVBbBjBpBUBOBVBVBIA5AuAiAhATARAIAIABAC
4201505001001,BMBpBvBlBPBCBRBTBEA6A2AgAnAbAVALAJACAABQBWBfBeBNBHBHBQA4AzArAvAjAZAbANAOAJAC
4201604001001,BOBZBdBpBTA+BVBFBUBNA7AsAeAfALADADAAAABEBcBmBUA+BLBMBdBMBBBMA2AkAMAHAGAGAAAC
4201653001001,BUBlCGBUBWBDBQBbA0BhA3AuAaAVARAQAAAAAABJBUBXB3BTAwA9BOBVA7AcA+AZAaAOAFACACAA
4201703001001,BIBbBjBnBNBRBdBaA/A1AzAfAZAYASAPAIAAAABQBZBYBhBWBbBWBFBIBBAsAlAcAXATANAPAAAC
4201802001001,BcBbBmByBFBABSBbBWAnA/AiAfAkAMAFAFACAABPBqBjBrA5A+BQBKAzBGAvAvApALAZAKAOADAA
4201901001001,BaBiBoBwBXBNBPBUBGA0AiAuAqARAPALAGADAABRBpBnBiBOA+BSBMA4AzAuAoAlAQAWAKAHAGAA
4201950001001,BUBcBdBaBMA7BEBOA/A1A+ArAqAjAZAHAEABABBXBdBjBhBOBBBPBSBEBEA1AxAlAbASATADACAA
4202008001001,AzAyBCBcBiBPBCBFBCA/A2AuAjAXAXANAHABABA0A2BABlCBBiBTBaBaBOBOAtAlAoAXATALADAD
4202008001002,BUBaBdBcBfBUBTBKBJA1AlAhAbAWANAIAEAFABBTBUBZBpBhBfBNBbBKBIAlArAbAVAOANAEACAB
4202008001003,B0B7BqBnBaBWBVBRA/AuAbAfATAJAKAEAAAEAABsBmBnBgBbBbBYBVBCAxAmAWATAPAMAGAEABAA
4202008001004,BYBUBTBhBhBdBUBOBDA4AlAjAYAQALAMABAAADBVBRBZBiBnBjBYBRBSA/AvAfAZAaASAHAGABAC
4202057001001,BYBhBqBdBRBDA/A+BFA/BAAwAvAgAUAKAEABAABVBmBYBdBNA6BEBGA/BBA4A0AiAcAYAIAFAIAB
4202073001001,BhBmBqBqA/A9BGBKBLA5AwAdAvAaAeAOAEAAAABYBiBgBhBEBBBIBUBBA8AxAoAtAbAQAJAJADAA
4202081001001,BaBuBwBuA8BABEBPBLA3AyA6AfAkAUALAFAAACBRBkB6BWAzA0BTBBA+A8AvAjA0AVAXARAFAAAA
4202099001001,BdBuBrBYBEA+BPBLBMA4AtBQAtAUAWAOAGAAAABKBtBhBZA7BKBAA8A+A8A1A0ATAmASAJARAAAA
4202107001001,BiBcBpBgBSBKBJBJA/A2AxAmAkAWAUANAEAAABBhBrBjBaBUBHBMBKBCA2AkAsApAZAVASACADAB
4202131001001,BhByBuByBfBgBXBGBHAuAjAbAbAXAKAFAIAAAABkBsBrBuBSA5BNBFA6AwAnAZASAbAOAPAJABAB
4202156001001,BQBlBzBuA8A+BRBLA6BNA/AnAYAXAfAIAAAAAABRBuB1BeBIBCBLBMBIAmAvArAdApAMAFAJACAE
4202206001001,BRBTBcBsBYBVBQBPBBBCAyAqAhAcAWAKAMACADBPBPBUBcBXBSBKBDBEA1AwAlAmAZAcALAHAGAC
4202305001001,BjBqBmBnBeBYBYBPBAA0AlAbATAPAKAIADADAABiBmBkBlBaBXBZBQBDA2AmAbAWATAJAJAHABAB
4202404999001,BIBMBVBfBhBTBNBPBFA9AzAiAYATARAJAEABAABJBMBVBcBfBWBUBcBRBBA2AkAdAfAUATALALAF
4202404999002,BRBIBQBdBjBYBWBVBDA5A2AgAQAVASADAFABADBEBHBSBdBlBfBZBYBOBJA5ApAjAXASAUAEABAB
4202404999003,BYBXBeBiBZBUBaBZBKA9AsAbAZAPAJAGABACAABOBUBiBjBeBTBXBYBSBCAyAbAbANAWAIAFAFAA
4202404999004,BOBLBVBfBjBVBSBRBEA0A1AZAbATAQALAKACAABJBOBSBhBlBZBWBTBRBNAzAnAbAdAUAPAEABAE
4202404999005,BhBuBoBfBVBaBhBjBIAyAkAVAPAIAGAFACACAABgBdBbBiBdBgBmBeBKA2AnAYAVAKAKAGADACAA
4202404999006,BTBUBWBjBaBXBgBdBIA7AwAXAWANAJADAHABABBSBPBVBcBgBaBjBiBOBBA2AYAWAZATAFAFADAC
4202404999007,BQBbBdBhBXBVBTBSBGAzAyAbAWASAYAEAEAAABBOBVBZBjBiBZBUBcBHBEA2AcAfAVATAIAIAGAC
4202404999008,A8BABABZBkBgBSBWBMBAA0AjAgAUAOAJAGACAAA/A7BJBVBrBhBbBdBLBLAsA4AeAaAbAYANAIAD
4202404999009,BbBhBYBeBeBgBZBXBFA1AyAQAbAUADAHACAAAABgBYBaBhBcBgBaBRBEBBAuAcATATAUARADAAAE
4202404999010,BFBNBSBgBlBcBWBRBFBEAvAjAgAMAMAHADAAACBBBHBPBiBnBdBUBYBPBKAwAsAbAeAWAMAHABAB
4202404999011,BVBdBgBnBYBcBTBcBOBDAqAeAQAGALADACABABBOBWBcBgBeBOBtBhBRBGAqAWAaAPALADAIADAA
4202404999012,BWBYBcBbBdBOBsBYBGA9AxAXAXAWAMAHAEAAAABPBVBXBeBfBiBTBbBKA6AsAhAfAQAKARAIACAA
4202404999013,BoBtBoBfBZBZBmBeBGA1AeAWASAIAGAEAAACABBcBlBqBeBXBiBnBZBGA1AhAYAPAKANAFAEACAA
4202404999014,BWBgBhBVBaBfBiBZBGA2AjAjARAZAMAGAJABAABTBeBbBaBaBcBbBYBEA1AqAbAdATAUAJAGAFAA
4202438001001,BdBlByBsBXBIBYBGBRA0ArApAYAcAXAaAEAEAABZBhBZBnA/BDBABABCAuAuAiAuAaANANAJAFAA
4202453001001,BdBqBlBqBZBeBWBRBHBBAtAYAWAWANAEADAAABBfBkBaBYBeBXBRBSBEAzAtAVAUATAKANAFACAC
4202503001001,BkBnBkBgBKBDBRBKBFAyAzAkAbAiALAPADAJAABiBtBqBbBNBRBUBMAzAwApAwAcAYAUADAMADAA
4202537001001,BzBSBrB3ArBeBGBKBbA7AoAXAcAQAhAFAJAAAABZB8BhBpCFAoA+BQBXAnAUAcAVAfAXAMAAACAA
4202578001001,BQBgBrBnA7BKBMBOBJBCApBBAfAbAUAJANAAACA7BSBTBgBbBdBFA5BJAtBCAxAtAUAWAeAAAAAA
4202602001001,BuBuBpBuBRBTBIBLA8A1AgApAdAZAPAHAFACABBpBxBpBeBQBIBLBBA7AyAoAiAfASAQANALACAC
4202701001001,BDB3BjBKBKBKBfBgBRA6AgAwAxAZAWAPAFADAAA/A3BfBjBWBEBVBWBHA0ArBBAnAfAQAGACADAA
4202800001001,BjBvBwBkBXBUBbBUBAAxAlAeAUAVANAEAFAAAABbBqBjBmBVBUBbBQA8AyAiAjAVAQAQAMAEAEAB
4202859001001,BUBVBbBqBOBPBDBRA4A7BAAsAaAnAaAOAIAAAABEBPBkBXBTBQBFBLA5BDA7AhAkAeAhAOATADAD
4202875001001,BiBsBwBgBmBMBPBEBBAvAyAsALAcANAUAIABACBqB2BiBUBNBJBHA5A4A2ApAiAgAaAYAKADAGAC
4202909001001,BRBWBfBhBVBXBbBaBJA7AtAZAZATAOAGAFABAABLBYBaBhBaBeBeBbBJA6AsAeAZAXASAMAKAEAB
4202909001002,A4BEBMBgBbBRBMBNBUBHAtApAcATAZAKAEAEABA6A9BXBiBiBSBOBiBUBNA6AqAoAdAbAQAGAHAB
4202909001003,BQBXBaBmBSBWBdBlBQA9AkAiAXAQAPAFABAAAABEBUBcBhBZBcBhBdBLA5A1AUAaAUARAMAIAHAA
4202909001004,BUBiBhBkBWBXBhBbBEA8AmAcAZAQAMAIABAAAABPBhBhBdBdBfBcBYBHA1ApAaAXAPAPAPAGABAC
4203006001001,BvBsBlBiBbBXBUBPA6AwAlAhAYAQAOAGAFABAABmBlBhBfBbBWBVBPBAAyApAgAdASAPAHAFABAC
4203105001001,BSBdBwBmA+A+BUBKBXA+AxAjAWAbAVAMAJACAABPBjBpBsBHBEBHBNBOA7AuAjAaAjAUAUADAAAC
4203154001001,CZBuCKBuBOBMBNBHA3AqAtAXAdAFAQAIAAAAAACXCEB/BbBFBLBFA8AyAnAiAQANAUALADAEACAA
4203204001005,BpBsBlBgBbBWBWBPA+AyAlAaAbAPAOAIADADAABiBsBgBpBaBZBRBOA/AzAmAbAWATALAKAKAEAB
4203204001010,B/CDBvBlBeBaBZBIA9AsAgAVARAJAJABAAAAAAB5B5BvBlBXBeBRBJA4AxAeAWAPALAIAEADABAC
4203253001001,BeBtBpBiBNBJBIBKBKAtArAyAwAqAYATADADAHBcBRBjBXBEA+BNBGA/AvAyAjAuAUATALAKADAA
4203303001001,BoBfBcBnBmBZBPBHBBA5AqAmAaAZAPANAGACAABdBhBkBrBaBNBHBFA9AyAoAdAbAZASAJAJACAB
4203402001001,BwBnBtB3BfBMBCBKBBA1ApAnAjAXAUALAKAIAABLBiBlBdBOBCBUA8A/AzAxAZArAaAQAIACADAC
4203501001001,BxB7B2BpBPA7BIBEA6AxAuAgAfAXAQAHACABAABxB1B8BiBNBCBABGA7AzAoAhAdATASAMAFAFAA
4203600001001,BjBqBoBmBVBIBRBLBCA0AnAjAXAYAPAJADABACBiBpBkBhBZBQBSBPBCAzArAiAWAbASAMAGACAA
4203709001001,BZBkBkBhBeBYBZBSA8A1AvAhAbAWAQAKACADAABdBnBjBgBaBTBLBLA5AzAtAdAZAWAUAMAIADAB
4203808001005,BcBiBjBkBYBPBNBMBBA0AsAbAXAYAJAJAGADACBWBfBmBlBeBSBWBTBEA2AvAgAkATATANACAFAC
4203808001099,BqBuBuBnBlBUBLBMA5A1AiAjAbARATAFADABAABnBsBpBhBYBQBHBIA6AuAtAdAWAbATAJACACAB
4203907001001,BgBiBbBeBvBiBbBPBAAyAlAfATAOAPAHABAEACBaBhBfBjBhBgBWBOA6AvAwAbAZAZAPAKACABAA
4203956001001,BXBgBmBpBWBKBOBVBKA4AnAgAWASAGAJAFAEAABVBZBlBmBXBRBVBgBIA/AmAlAeAVAPAKAEADAB
4204004001001,BuBuBoBnBcBXBVBJA+AvAnAfAdAPAKAHABAAABB0BjBhBjBfBSBVBMA3AwAoAgAbAQAMAKADADAA
4204103001001,BWBfBxBqBDA5BQBGBIBCA6ApAyARAOALALACAABLBgBwBiA/BFBJBEBCA6BAAiAfAWAXAKAMAHAD
4204152001001,BWBrBnBuBRBCBBBWBFA4AdA7AdAeAQAJAFAPAABRBsBlBwBBBDBHA/A+A9A4AmAhAZAGAOALAFAA
4204178001001,BsBuB8BrBaBGBIBBA8A4AjAvAmAfADAUAAAPAABhBhBiBrBIBDBBA9A3AxAxAkAfAYAYAHAHAAAA
4204194001001,BrBqBeB2BDCNA1BiAmAtBBArAWATAEAHAAAAAABiCPCABKBUA0BbBEAvA/AmAcAbATAAADAEAAAE
4204202001001,BeBkBtBiBZBUBTBSBBA0AnAZARASAHAJACABAABcBfBeBoBaBdBfBcBGA3AqAeAaAOARAJADABAC
4204202001002,BfBmBjBrBdBOBLBHBGA0AkAeAcAJAIAFAEABABBdBhBoB3BfBUBTBdBFA5AlAjAWAQAJAIAGAEAE
4204202001003,BkBiBlBjBeBeBWBVA9AzAmAXAQASAIAGADABAABiBjBjBoBgBfBeBaBEAxAmAbATATALAHAFADAB
4204202001004,BvBxBrBnBjBeBiBRBDAvAcAWARAIAHAKAAADAABiBrBlBkBgBjBbBTA8AtASAgARASAHAGAFACAA
4204202001005,BxByBgBcB0B7B0BbA2AmAXASAGAQAOAEAAAAAAB0BtBnBdBmBpBfBHAxAiAWATAOATACAGAEAAAC
4204202001006,BRBXBhBkBeBUBWBPBAA3AoAeAcAMAGAKAEADABBTBWBZBsBoBhBgBZBJA6AvAbAZATAOALAGAGAB
4204202001007,BpB1B1BqBWBPBOBKA7AyAqAfAUAQAPALAFAGAABkBsBvBnBNBRBOBEBBAwAjAlAQAeAOAHAFABAA
4204251001001,BOBlBoByBWBRBZBcBLA/AkAdAUALAMAEADAAAABUBeBoBqBZBRBeBWBPA4AiAeASAQANAJAHABAC
4204301001001,BVBXBcBgBlBZBWBUBEA4AsAcAaAMAIAJAEAAAABWBQBVBlBnBbBfBZBKA6AqAiAeATAUAKAFADAB
4204301001002,BQBZBiBiBDBLBRBRBJBIA6AwAlAVAWALAMABAABRBZBcBZBDBFBFBKBCBAA8AqAlAkASATAEAAAC
4204350001001,BHBdBkBqBQBMBQBbBIA9BAAgAjARARAOAGAAAABHBiBmBfBHBFBXBGBLA+AzAxAhAMAQAKAJAHAA
4204400001001,BTBvB5BiBVBKBNBWBEA+AzAmAbARASANAIABAABQBQBFBqBKBKBOBFA7A+BCAsAdAYAYANAJAEAA
4204459001001,BwBuB9BWBeA6BPBdA7AwAoAyAyAMAMAAACAAAABVB2BfBoA6BaBPBIAxA2AlA1AgAgAEAEAGAAAA
4204509001001,BXBXBiBjBdBUBXBPBFA1AvAhAjAaARANAEAEAABMBXBdBdBWBMBPBJA8A1AmAsAgAcAdAQALAIAB
4204558001001,BvB1ByBlBXBPBVBDA+AuAtAgAdATAMAGAFACAABsBtBlBcBQBUBdBGA2AxAtAeAVASANAFAGAFAB
4204608001005,BSBcBlBsBWBHBRBXBNA8AqAeAXAQAKAIAEACAABPBWBiBoBXBOBWBeBRA/AwAhAbAUAOALAHACAB
4204608001015,BkBsB1BuBXBNBVBXBGA1AjAXAPAQALADABAAAABgBnBsBqBWBOBXBaBJA1AoAZATARALAHADABAA
4204707001001,BHBZBcBkBCBDBTBYBHBBA3AoAnAUAYAKAIACABBNBXBXBcBBBHBUBTBEBCAyAvAvAfAaAWAHACAA
4204756001001,BICABgB+AkBaBdA5BpBJA9AcAXAjASAKANAAADBPBMBNA9BAA0BQBXBJAjA+AeA2AJA4AWAOADAA
4204806001001,BsBlBkBlBbBPBKBFA8AvAlAmAcASANALAIACAABmBjBkBiBZBUBOBNA+A4AwAiAdAZAUAHAFACAB
4204905001001,BVBeBpBvBDBDBHBMBPBGAvA0AbAfANAMAIACAABHBdBrBfA+BABLBPBLA6AzArAgAbAdAMAHACAB
4205001001001,BrBqB1BvBRA/BEBMBAA5AsAiAaAUAQAHAGACAABmBqBuBqBPBABIBHBBAzApAkAdAUATAMAIADAC
4205100001001,BWBSBnBmBSBSBQBVA+A9AvA1AjASAcAGADAAAABWBuBnBTBGBTBFBBA0A+A7AYAwAsAOAAAFAGAA
4205159001001,BSBPBfBYBaBBBUBhA5BAA/AhApAdAcAEAJACAABOBUBZBYBDBXBoAyBLA1A4AdA6AeAPAMAMACAA
4205175001001,CVCACDBkBqBGBDBEBSAsAXAnAEASARAOAIADAABzCLBqBcA9AuBMB9AWAoARAdAWAGAKAMAGADAC
4205191001001,BZBqBvBuBUBCBZBPBBBKAbAhAkAgANAJALAEAABPBlBVBbBLBXBGBNA/ApA0A2ASAfAUAFAOAAAA
4205209001001,BHBcBeBfBIBQBIBGBPBFA5AmAxATAWAGACAAACBVBMBgBdBNBKBLBJBDBDA5A4ArAaAVAPACAHAA
4205308001001,BlBrBpBmBZBPBXBNBGAzAuAcAVAQAIAKAGABAABeBqBsBdBaBXBLBNA+A1AmAmAbARAMAHAGAFAB
4205357001001,BxBlCVBJA1BMA/BWBFA3BDA6AjAYAOAMAAAAAAA8CABOBwBJA0A+BCA2BRA4AbA9AJATANAAAAAA
4205407999001,AjAzBABkBaBCA4BCBIBJBCAtAsASAcAPAGACABAlAxBDBtBwBLBMBZBjBeBKAxA0AjAqAWAHAFAH
4205407999002,AnAoA4BVBbBOA7BCBIA+AzAoAdAPAfAQARAFAAAmApA3BpB6BlBOBhBaBRBQAqAyA5AyAhAQAHAF
4205407999003,BSBVBdBrBmBSBJBEA7AyAiAdAbATAFAHANACAABPBRBcBrBqBaBJBLBGA+A+AbAkAhAZAQARAIAB
4205407999004,BIBKBVBfCBBpBXBMBCA5AwAlAeAPAPAJAFABABBEBMBQBlBrBTBHBKBBBBA+AiAhAeAMALARAAAD
4205407999005,A4A8BKB0CSBiBEBFA/A5AwAeAbANAFAMAGAAAAA2A/BOBwCOBfBPBVBOBMAvAuAhAUARAJAJAFAD
4205407999006,A1BBBVB0BvBVBEBGBNBMA5AnARAQANACADAAAAA3BABMB4B7BcBQBYBgBZA/AeAfAIAMAJAFAAAG
4205407999007,BZBiBkB4BqBSBOBPBJA5AyAPASAGAFAHADAFAABbBeBjBrBhBWBVBUBPA8AwASAaAMANAHACACAA
4205407999008,BRBUBiBuBuBWBTBVBKA5AsAhAXAKAGAHAEAEAABOBPBWBrBkBbBQBaBMBGAqAeAYASAHAJAHAFAB
4205407999009,BOBXBaBtBtBdBLBLA/A0ArAkAVATAUACADACAABKBUBXBlBoBZBMBTBCBCA1AnAaAYAYAKAGAGAA
4205407999010,BhBeBaBeBjBgBaBQBGA7AoAdAZALAPAHADABAABZBXBYBhBkBfBaBYBEA4ArAdAZANANALAFABAD
4205407999011,BfBZBYBeBkBlBaBaBCAzAwAbATAQARADADAAABBeBRBRBeBrBcBaBYBGA4AxAaAbAWALAGAFABAB
4205407999012,BhBdBeBiBYBeBfBaBEA5AqAXAUASANAGAIAAACBcBdBUBWBXBiBdBZBKAyAlAiAXASAIASAEACAB
4205407999013,BDBLBVBdBtBoBYBhBPBBAuAcATAQAOAIAFAAAABEBGBMBiBqBmBeBgBTA8AmAiAWAUAVAEADAFAB
4205407999014,BeBcBWBZBaBgBfBsBMA2AkAYAVANAKAGAAACABBcBdBYBVBeBoBoBjBIAzAhAeASAQANAKADACAB
4205407999015,BaBfBkBkBbBZBWBWBFA6AoAbAVAPALAHAHACABBYBYBcBgBaBWBcBcBHA4AjAiAXAVAQALAFADAC
4205407999016,A4A9BOBdBYBLBJBRBNBDAmAvAYAgASAOAJADACAzA4BPBdBgBPBRBkBXBPA0AzAnAqAhAcAIAIAA
4205407999017,BABLBUBjBeBSBGBLBEA8AsAqAgAZANAIAEADABA6BDBUBsBiBMBQBbBOBJA1AzAuAXAbATAHAKAF
4205407999018,BlBtB2B0BkBQBLBKA5ArAmAUARAJAGAHAEABAABkBuBkBvBbBPBTBRBHA6AsAgAbASAJAHADAAAB
4205407999019,BIBPBXBgBcBVBQBSBCA4AxAhAcAWAOAIAFABAABLBHBSBfBmBcBXBZBNBBA2AuAnAYATARAEAEAB
4205407999020,A+BDBZBoBjBNBDBKBEBBAwAqAfAUANAGADABABA+BIBYBtBkBbBVBYBYBQBBAlAgAWASAJAJAGAC
4205431001001,BVBjCFBkBRA7BZBXAtBWAkA1AjAbAIAHAAAAAABlB4BSBOBNBKA5BFBfA0AlAxAoAYAFADAGACAA
4205456001001,BiBtBxBsBbBYBaBZBDAzApAUAVAPAHAEADABAABmBlBrBgBeBVBWBXBBAtAnAWAUAMAJANAFABAB
4205506001001,BvBvBnBnBeBaBWBNA/AyAoAdASAQAJAFADACAABwBqBkBiBbBZBaBOA9AvApAYAYAOALAGACAAAA
4205555001001,BwCJBvBbBNBdBgBTBJAwAdAVAoASANAMAMAAAABnB+BpBEBHBIBLBNAvAuAhAtAXAKASAHAEAFAA
4205605001001,BwBxB6BgBJBJBABHA8BDAdApAhAZATAMAJADAABUBqBpBjBJBABOBPA5A0AoA2AeATAUAQAAAEAA
4205704001001,BhBeBeBpBbBdBUBOBGA3AvAgAhAYAOANAIABAABYBbBZBaBXBUBPBMBAAyApAfAfAXAXAMADAEAB
4205803001001,B5BzBpBoBeBRBNBJA+A0AsAcAVATALAMADABAAB3BxBoBjBXBQBJBDA5AqAjAdAaAUAMAEAGABAA
4205902001001,BZBcBhBnBeBWBVBWBLA5AnAdAUANAJAFAFAAABBRBZBeBjBgBWBdBbBPA6AwAZAYAQANAMAFACAB
4205902001002,BVBiBiBgBZBOBZBgBLA7ApAZAXASAQALAHADAABWBfBhBbBWBXBcBaBFAzAdAjAcAUAQAMAGACAA
4206009001001,BaBpBcBlBZBaBeBcBCBBA1AYAbATAOAKACAEAABTBYBbBYBWBeBUBLBAA0AlAgAbAVAWALADABAB
4206108001001,BRBiBlBwBWBWBXBVBIA5A5AdAXAZAKAKALAAACBYBlBjBbBMA/BYBPA4A7A2AYAgANAbAFAEAGAE
4206207001001,BVBlBgBnBRBCBUBSBEA3ArAnAbAVAMASAHAHAABUBiBhBiBOBNBMBVBFAzAqAoAhAYAZAKAKADAC
4206306001001,BSBkBiBbBRBWBgBgBRA+AtAYAZAVAQAJACADABBKBVBaBcBaBZBbBYBKA3ApAaAaATAWAKAGADAB
4206405001001,BJBVBjBuBQBDBUBZBPBBAxAoAeAYAUAMAIAAAABMBjBhBRBJBFBLBUBHA8A4AfAjAaAXAPALACAA
4206504001001,BmBlBjBkBiBhBiBTBCAzAhAeASAWAJAKADACAABaBjBhBhBiBbBXBPBBAuAfAfATAQAUAGAEABAD
4206603001001,BOBiB2BWBAA5BTBSBKA8A1AeAvAiASAKABAAAABMBjBvBYBBBKBOBXBCA5AfA2AiAYAjAPAIAFAA
4206652001001,BpBuBwB5BJBIBEBFBMA/A0AkAhAXAVAEAAADADByBvBvBdBCBEBFBEAyA+AvAbAYASAPADADAFAD
4206702001001,BdBiBiBeBbBOBPBOBCAzAgAwAZAUAKANAEABABBbBcBgBmBaBPBXBVBDA6ApAiAhAXARALAFAEAD
4206751001001,BFBtBfBVBNBOBNBYBeA6BDAkAMAaAFAKAAAHAABiBqBoBbA/AvBOBeAxBUBIAKAiAgAOAJANAAAJ
4206801001001,BKBVBeBjBPBPBCBOBQBGA9A3AqAoAVALAJAAAABDBIBaBYBFA4BMBQA+BEA/AoAmAgAWAOAKAFAD
4206900001001,BWBcBkBmBTBSBKBOBAA4AsAmAaAaAVASAIAAAABUBVBeBoBQBUBMBLBBA6AuAkAfAjAVAOAGAEAB
4207007001001,BhBpByBoBWBJBTBYBGA3ApAcAZAOAMAHADABAABZBiBsBlBTBOBWBXBGA1AlAfAUATAOAKAFACAA
4207106001001,BeBkBfBiBeBRBWBTBIAzAnAeAaAUATAIAFAEAABaBmBiBfBWBVBYBQBAAuAnAjAdAZAOAJAIADAA
4207205001001,BQBaBsBqBMBCBFBQA/A6A5ApAmAlAcANAJAEAABOBbBdBXBFA/BABGA+AyA6AtAwAdAYAXANAHAD
4207304001001,BSBcBjBpBTBKBHBPBIA8AoArAiAWALAKAFACABBPBYBlBjBPBKBRBTBKA6AwAqAgAWAaAOAHAGAA
4207403001001,BrBuB0BvBYBPBVBTBFA3ApAjAcAHAQANAEABAABgBcBnBgBLBPBSBHA6A0ApAfAVAXAQAJAFAAAA
4207502001001,BaBcBcBfBcBaBZBVBEA5ArAdAZAQAOAKAFABAABSBYBdBjBcBZBZBUBFA6ArAiAZAaAPAMAHACAB
4207577001001,BDA/BVBdBFBHBrBfA3BMA3A1AhAnAuAFAAAAAAAuBrBLBmA3BRBJBdA5A6A9AoBDAeARALALADAA
4207601001001,BSBUBTBfBVBHBJBQBLBFA0AsAoAfAQATADAAAABRBXBfBoBCBBBEBPBHA3AzAnAxAWAdATANAEAA
4207650001001,BXBnBpBjBFBIBLBfBMBCAsAjAoASARAJAEAEABBSBjBnBgBGBHBCBVBMA7AwAiAeAbAWAMABACAA
4207684001001,CQBxBpBpBYBFBKA+A1AwAfAhAcAUAIALAJAHAACRBvBnBvBXBIA+A4AyAnAqAmASAVAQAIAOACAA
4207700001001,BGBnBmBeBQBKBsBPBPA+A1ApAPAmAJAEADABAABeBTBlBWBLBFBQBOA6BIAtAzAjAcANAIAGABAC
4207759001001,BbBOBpBpBPA9BWBeBQAzAxA8AlAaAJALAFADAABOBhBjBWA1BIBMBPAwBEBDAkAkAfAaANAHAAAA
4207809001001,BrBmBsBvBgBNBJBNBBA8AvAhAYARALALACABACBlBsBnBiBQBGBOBHA6A7AqAbAcASAWAHAEABAB
4207858001001,BnCACOBeBQA9BQA3BcAvA9AfArALAZAKAAAAAABQBZBwB1A0A6A7BnAjBGAuAkAUAYAVAHAAAGAA
4207908001001,B5BhBdBqBUBRBaBIA6AnAuAnAYAeAQALAFAEAABdBwBlBhBYBTBHA/A9AsAsAlAZAZAOAMAIABAF
4208005001001,BQBaBnBzBdBLBSBTBMBEAvAmAjAPAHAOAAAAACBWBfBfBoBOBMBQBLBHA4AtAfAZAUAUAPAEABAA
4208104001001,BhBhBoBqBeBPBSBIA8A8ArAgAgAVAPAMAFADABBnBxBxBaBWBLBBBCA2AqAsAeAjAUAPASAIAGAC
4208203001001,B3B1BoBiBXBXBcBVBAArAiAVAQALAMACADAAAAByB1BoBbBXBaBeBVBAAuAlAWAQAVAJAIACAAAA
4208203001002,BpBnBlBuBeBTBSBTBEA4ApAVATAJAIAEABABACBkBjBpBuBfBMBXBbBKA5AkAaAPATAIAFAFABAB
4208203001003,BdBdBiBuBcBKBJBPBJA/AhAoAWALAPAJABADAABRBcBhBrBWBIBTBWBPBAAuAlAcAfANAGAFABAA
4208203001004,BxBoBsBsBZBTBZBVBGA0AiAVAOARAIADAAAAACBnBrBnBlBhBWBZBWBDAxAhAcASALAJAGADABAC
4208203001005,A5BHBQBgBfBEBKBMBKBAAyArAjAYATANAFAFABA3BEBRBmBbBMBPBWBUBJBEAqAmArAdAQALAFAD
4208203001006,BlBqBoBlBeBXBbBZBFA2AgAfAfAJAMAFAHABAABeBpBfBiBXBWBTBOBDAzAnAWAPAWAMAOAEACAA
4208203001007,BIBSBTBiBbBPBKBRBFA7AsAnAgASAMAMAFACABBFBNBXBhBkBQBQBXBQBBA7AnAiAgAWATAMAGAC
4208302001001,BiBlBpBhBWBPBQBOBFA5AqAhAYANAQAKAEABABBZBeBlBoBcBUBZBRBHA4AsAbAeAUALAIAGABAB
4208401001001,BXBnB1BpBOBPBQBTBSA3A0AbAeAUAKALADAFAABYBoBoBZBKBMBRBLA/A4AoAkAgASARAMAFACAC
4208450001001,BpBnBvBhBSBNBNBMA8A9A1AqAkAWAQAJAEADAABfBkBkBcBVBLBKBHA9A5AwAeAbAcANAGABAEAA
4208500001001,BXBoBqBoBUBPBTBUA/A5AmAdAYAXATAHAHAAAABdBlBsBmBQBJBVBRA9AwArAhAmARARAKAHAFAA
4208609001001,BdBlBqBaA/BGBdBNBLBAA3AqAbAeAPAIAHAAAABCBbBaBiAtBOBEBUBIA0A1A0A4AVAMAZAHALAC
4208708001001,BUBeBpBlBPBHBOBVBFA3AzAdAkAdARAJAGAEABBZBiBeBlBQBGBPBNBCA6AtAqAdAdANAPAGAFAC
4208807001001,BRBgBmBlBRBJBLBJBBA9AyAqAfAZAPAQAFABABBSBfBlBkBLBIBKBOBEA/AwArAbAaAUAUAMACAB
4208906001001,BBBHBXBlBjBiBaBWBLA3AzAWAcAUAIALABABAABCBJBTBdBvBoBbBcBSA7AmAlAZAXAYASAFAIAA
4208906001002,BdBhBdBiBgBkBbBVA+A3AwAeAYAVAZAKAEACAABXBcBaBhBeBUBRBEA6AyAlAlAXAfAOAMAJACAA
4208906001003,BqBtBkBmBpBkBqBWBAAwAfASAQALAOADACAAAABhBnBeBhBoBkBeBRA7ArAgAWAKATAPAGACABAA
4208906001004,BTBXBbBpBrBcBcBbBLA6AqAdAUAMAKAEAEAAAABQBRBdBjBkBfBdBbBMA5AnAcASASALAHAGACAC
4208906001005,BMBXBaBiBuBjBhBaBOA5AtAYAVAQAHAFABADABBLBSBXBdBrBjBZBYBPA2AqAbAYAKAQAKAEAGAB
4208906001006,BVBdBfBkBpBrBfBeBFA4ArAVAbALAHALAEAAAABOBSBXBbBnBnBbBaA/A2AqAWAXAOAPAKACAFAD
4208955001001,BqBeBVCABJBOBQBfBaAfA4ASAhAQAUAMAAAAAABpB1CABPBQA5BAByBEAcASAsAmAYASAAAAAAAA
4209003001001,BNBZBdBiBRBJBOBVBHA5AtAmAaAVASAIAFADAABQBXBaBaBaBTBVBdBNA9AzAmAhAhASALAIADAD
4209102999001,CCCABwBmBeBiBfBUA6AsATAbAOAFAKABAFABAAB3B5BnBiBcBfBfBGA5AnAeAQAMAOAGAEACAAAA
4209102999002,BkBnBsBjBgBeBoBbBJA2AeAWAKANADACAEAAAABhBnBlBkBeBgBmBXBIAvAdAVAKAOAJAGADACAB
4209102999003,BmBrBtBpBfBcBhBRBKA3AfAWANAIAIACACABAABiBqBtBnBhBbBfBVBHA0AlAOALAPAIADAAADAB
4209102999004,BNBPBdBqBxBYBQBKBHBCA8AdATATAEAIAGACAABJBKBYBuBmBUBPBPBOBKA/AdAaAWANAIADABAA
4209102999005,BMBRBhBrBoBSBTBMBHA7A3AkAWATALAFADACAABMBQBbBnBeBRBTBUBHBDA0ApAaAaATAIAFAFAA
4209102999006,A4BEBQBiBhBUBOBLBPBGA1AqAZAWAYAIAEABAAA1BFBNBfBhBaBRBaBWBPAxAzAkAiAVAQAGAEAE
4209102999007,BFBPBWBlBkBVBRBRBHBEA7AiAeAUAQAIAEACAABHBFBXBZBhBSBUBVBKBGAyAuAhAcATAJAKABAD
4209102999008,BTBRBWBoBkBfBdBTBSBCAmAgAQATAFAGADABAABMBPBYBgBoBjBbBdBTBAAkAgALAVAPAFAGAFAA
4209102999009,BoBsBjBaBcBlBmBdBEAzAfAYANADAHAHADACAABgBmBkBcBjBkBrBYBDAzApANAOATAFAGACADAA
4209102999010,BkBoBlBpBcBZBaBRBGA3AmAaAZAPAHAJAFAAAABaBhBgBjBbBZBWBVBCA1AmAbAZARAMAFAIAEAB
4209102999011,A2A+BDBWBVBUBWBSBOBFA5ArAaAbASAPAHACACA2A2BLBcBXBfBSBbBZBNA/AuAfAnApAIAQAGAB
4209102999012,A5BABQBZBZBMBJBWBTBHA6AqAcAWAOALANAAADAzA7BKBbBaBVBVBgBcBPBBAlAkAjAXAfAHAFAB
4209102999013,A6A2BMBTBWBKBLBUBGBFAyAsAoAUAeASAHADAAA1A7BNBWBXBRBPBbBTBMBHApAwAnAgAYAUAGAD
4209102999014,A+BBBOBlBfBRBIBJBHBEA9AoAgAQAVAKADAGACA9A/BUBiBiBPBNBVBNBQBDAmAmAoAMAWANAKAB
4209102999015,BhBgBhBsBeBYBZBXBEA4AoAXAKAUAKAGAEACAABaBpBiBiBWBeBaBaA/A7AvATAaASAMAFACACAC
4209102999016,BqBmBsBjBbBVBaBiBKAwAjASAWAIAFADACAAABBaBvBxBmBaBZBdBeBGAyAXAcATAMAPADABAAAB
4209102999017,BgBpBmBkBeBaBnBYBFA4AfASAOAQAKABAFAAAABpBpBqBhBcBgBhBXBEAyAfAVAOAOAKADACADAA
4209102999018,B4B9BtBfBZBiBpBUA+AwAeARAMALABADAAABAABuB7BoBcBfBhBjBTA+AqAbASAKAKAIACAFACAA
4209102999019,BPBTBmBpBhBPBOBSBJA7A2AdAXAQALALACAAABBNBSBgBqBZBRBTBXBLBCAwAmAWAfARAKAFADAA
4209102999020,BNBaBlBuBlBPBPBQBDA6AyAaAZAMAPAIADAAAABQBSBiBqBZBNBSBZBLBFA0AlAdAXAPAHAEAGAA
4209102999021,BnBwB0BnBgBUBaBVBJA0AfATASAJAFAEABAAAABpBpBsBkBdBXBcBUBKAyAhATAQAOAJACAFADAA
4209102999022,BiBnBuBsBjBTBXBSBJA4AlAcAPALAKAGACABAABbBiBnBwBZBSBYBSBAA8ApAYAYAPAIAIABABAA
4209102999023,BqBwBpBjBiBaBjBYBEAxAcAbAJAOADAJACAAAABlBxBqBfBcBjBfBTBBAwAfAXAQAMAKAEAAAAAC
4209102999024,BnBmBlBlBfBVBVBKA+A2AhAoAgAUAPAGAIADABBhBfBbBgBSBZBRBKA5AvAmAfAdAYAOAHAPAIAF
4209151001001,BwBzCABmBEBEBLBHA3AmAuAlAfASASAQAJAFABB0BqBvBaBJBCBABOAyA2AeAuAnAWAPARADAFAA
4209177001001,BpBsBsBnBfBDBLBVAyBZAXAmAQApAVAFAKAAAABLBjBVBbBLBWBPA8AxBAApAeAeArAYARAKAAAA
4209201001001,A5BVA+BnBOBbBwBTBAAwA8A2A4AoAFAFAAAEAABUA5BrBDBjA+A/BUBCAyA3AkBEAVATAPAdAAAL
4209300001001,CBB8BqBkBVBSBOBFA5ArAuAXAXAOAJAGAFABADByBwBvBkBYBWBPBIA8AyAjAgAXAMALAHADAFAA
4209300001002,BrBtBnBmBTBUBRBOA+AsApAfAcAPAJAHABAEABBjBpBnBiBfBTBUBSA/AyAnAjAUAUAQAHAIACAB
4209300001003,BYBdBjBqBXBPBGBIBDA3AwAeATAbANAGAFABABBRBhBgBmBfBTBWBOBKA+AxAlAZAWAZANADACAD
4209300001004,BPBdBgBmBYBCBJBOBCA2AsAgAfARAOALADAFAABXBVBbBkBaBOBUBbBMA+AzAsAgAcAVALAIAGAB
4209300001005,BmBpBiBlBaBNBHBHA7AyAoAcAbAOANAEAEAFABBlBfBlBrBfBOBMBQBFA7A3AbAkAVAVALAEADAA
4209300001006,BABGBSBdBVBEBFBJBFA7A0AoAaAbAVAOAFADADA/BCBVBkBcBTBVBWBTBNBGAqApAnAcATAIAEAE
4209300001007,B5B7BsBsBgBQBMBGA1ApAiAaAVANAGAHABAEAAB2B0ByBmBbBRBUBOA6AuAfAhAUAQAOAFADACAB
4209300001008,BkBvBqBoBXBQBRBKA/AxAlArAZATAUAMAFAAAABhBbBjBhBWBRBQBSA7A0AxAeAbAbAVAFACAAAC
4209409001001,BRBbBhBkBRBJBLBJBCA4A3AmAjAYAQAJAKACACBPBZBcBhBRBJBLBOBBA+A3AsArAXAeAPAJAFAA
4209458001001,BYBVCBA+AUBqBSCPBJAtAhAWAcA9AIAJAAAAAABhBTCFBIBFA9BPB2BAAZA4A1AkAeAJAIANAAAA
4209508001001,BTBZBeBVBUBIBcBeBABNAsAqAXAVALAPAIAAAABPBdBgBUBHBRBdBZBNA3AqAoAeAZAXAVACAAAA
4209607001001,BYBjBrBrBRBMBNBWBFA3AnAnAjAUATAHAEABAABIBZBpBiBNBKBPBaA+A3A4AjAiAaATALAFACAD
4209706001001,CFB2BtBoBaBXBFBIA5ApAkAeAXATARALAGADABB7B/BoBhBXBPBDBAAzApApAXAWAXARAGADABAA
4209805001001,BXB3B2BxBPBRBQBVBDA5AfAuAdAfAVAAAIAAAEBYBgBhBnBSBEBJBKBBAlAfAmAjAUAbAEAIAAAA
4209854001001,BGBXBeBvBSBNBPBXBQBEA/AmAeAWAZAIAKAAAABABSBiBmBCA+BPBQA/BEA1AvAbAiASALAJADAB
4209904001001,BbBhBhBeBYBMBRBLBAA1AyAjAlAXAOAQAGADACBaBbBhBmBMBHBJBKA/A5A1AhAoAcAXATAJACAA
4210001001001,BgBhBlBYBwBXBZBQBMBDAqAdAVANAZALAEAAABBUBiBjBpBRBPBJBKA9AmAnAdAdAcAdANABAAAB
4210035001001,BNBNBYBeBKBLBPBZA8BCA1AwAdAlAUAKAEAEAABJBNBWBdBIBHBZBVBJA/A4AuAmAeAeAHAPAKAC
4210050001001,A4CCB2BnBSBbA0BsAxA3AmAyAiAZAJAHAHAAAAB0BTBvBmBMBtBUAqBRAiAuAbAUAkAJAGAAAEAA
4210100001001,BbBgBnBqBeBSBOBMBEA2AnAhAaAVARAIAFADABBbBZBgBkBcBPBMBPBDA1AvAeAeAZATARAGAFAB
4210209001001,A6BkBeBuBrBDBLBOBGA8A9AfAfAoAZARAMACAABUBNBsBVA8BHA8BIA4A4ArAvAUAsAbAVAVAHAD
4210308001001,BoBqBlBoBNBYBMBRBDA5ArAjAjAWAHAHALACAABiBtBoBVBRA/BHBRA6A0AjAmAiAaAQARAGACAA
4210407001001,BfBfBvBuBYBLBPBNBQA9ApAiAPAeARALAAAAAABWBWBpBpBXBNBIBUBLA3AmAbARAYATASAGAAAA
4210506001001,BQBhBrBeBMBJBUBUBDA5AsAlAfAUARAKAGABAABRBiBhBeBQBSBaBUBFA1AwAlAeAgAZAFAHACAA
4210555001001,BaBaBnBiBABKBVBbBPA9AyAqAQASAmARAGAAAABcBhBZBcBFA/BPBNBMA3ArAjA+AWANAFAGAAAF
4210605001001,BLBfBRBaBbBSBcBSBFA5AvAtAfAZARARAIAFABBKBWBZBcBfBSBIBNBDA5AsAkAgAbAWAXAKACAD
4210704001001,CGBzBjB5BfBSBQA+A7A6AmAcAcAQAHALAHAAAABvBuBtBwBWA0BDBGAzAlAsAlAXAZAHALAIACAA
4210803001001,BOBjBrBhBUBMBWBNA+A5AzAkAmASAWAOAKAAACBSBiBjBkBNBKBTBWA3A0AsAiAiAXAOARAIAAAD
4210852001001,B0C0BVB1BDA1BwBCA+AoAyAbAPAXAOAEACAAAACJB6B0BYAkBiBUA5A3AbA5ANANAQAXAJANAAAC
4210902001001,BZBgBcBcBSBQBbBPBCA7AmAtAzAVALAOAAADAABVBqBXBfBIBGBYBMBDA1A2AjAcAgAaAIAFAFAA
4211009001001,BOBjBmBkBNBIBRBTBHA+AwAoAbAZASALAIAGAABRBgBlBhBDBHBNBMBFA+AwAkAjAcAXARAKABAA
4211058001001,B/B+BpBkBpBdBVBBA3AsAnAZAOASAKAGAAABAACEB2BoBsBXBVBNBCA0AnAiAXAOASAKAJAFABAA
4211108001001,ByBrBwBxBgBQBNBHA4AuAhAfAfAaAKAOAGAAAABsBnBqBiBTBMBFA9A7AsAiAmAcAaATAMAGADAD
4211207001001,BcBpB0BrBiBQBYBUBGAzAqAZATAPAIAEAEABABBcBkBqBlBcBSBVBSBGAyAmAaAWANAQAJAEACAC
4211256001001,BUBxBsBdBXBLBaBjBNBHApAgARARAPAQAJAAAABQBgBsBfBQBNBRBOBEAiAsAgAXAVARAFAJAEAF
4211306001001,BqBsBnBmBYBUBTBNBBAzAlAiAXASAJAIAEABAABoBpBmBfBbBQBUBRA9AyAwAXAZAYAOAIADADAC
4211405001001,BbBUBzBfBXBPBRBVBEBBAsAmAeAbAWAIACAAADBOBfBUBjBWBQBCBOBHA9AsAeAeAZAZASAFAAAA
4211454001001,BpBlBzB1BABDBdBYA/BLAgAtAkAPARANAAAAAABWB1BsBNBGBGBEBEBRAnAnAqAbASASAKALABAE
4211504001001,BQBYBkBnBPBMBSBiBTA9AoAnAcAZASATAHACAABEBOBeBVBXBMBOBXBCA1A0AfAgAcAgAUAEAFAA
4211603001001,BVBmBkBjBTBTBUBaBEA1AuAjAYAVAUALAGACAABWBkBlBfBUBKBXBUA9AzAqAeAcAWAQAOAJACAC
4211652001001,BcBjB4BfA8BVBXBeBKBJA6AXAdAZANAHAAAEAABZBdBfBpAlA4BrA3BiAxA6ATAnANAUAXAGACAA
4211702001001,BXBcBmBmBaBZBVBYBBA1AoAiAdAWARAJACABAABWBfBhBeBXBSBQBRBCA2ApAmAbAYAaAHAEAEAB
4211751001001,BmBqBkBgBXBbBUBMBCA2ArAiAYATAQAGACAAABBmBkBbBfBfBaBTBJA/A4AnAfAZARANAHAFAGAA
4211801001001,BQBTBZBeBUBRBUBWBLA9AnAuAfAVASAKAJABABBMBaBdBbBRBNBYBQBHA6AqAtAjAcAWAMAJAHAB
4211850001001,A9BvBaB8B6BHBVBeAxA1AjAoAkArANAIACAAAABUBiBiBnA/AzBzAqBjAoA2AUArAVASAJAEAAAA
4211876001001,BhB3CAB4A+BABLBbA8BDApAzASAgAnAGADAAAABQBoBrBmA4A4BCBKBZAkAfAVAmARASATAIAEAA
4211892001001,BbBYBkBlBaBMBYA7A7BfAsAnA0AaAZASAIAFAABGBfBTBmBKBSA3BdBCAkArA9AqAIARAAAGAAAA
4211900001001,BlBvBmBhBbBdBdBTBBAyAcAdAVALAFAJADABAABmBtBpBcBaBbBgBWBBAxAmAWAXAMANAIACADAB
4211900001002,BgBkBpBsBeBZBRBVBEA5AkAdAMALAUAFAAAAAABZBhBmBnBcBZBWBaBMA/AlAYAVATAJAHABABAA
4211900001003,BvBwBpBiBeBfBgBRA/AvAlAXASAJANACACABABBnBpBmBiBdBgBXBTA9AyAkATASAPALAIADACAC
4211900001004,BnBoBkBtBoBZBNBOBEA3AjAcAMAOAFAHADACAABlBqBjBtBgBTBRBVBDA5ArAVAVAPAGANAAACAB
4211900501001,BkBtBoBrBZBVBSBOBCA3AkAiAdAUAMAJAFABAABqBlBgBfBSBOBTBQA7A1AjAmAXAVAOALAFACAA
4212007001001,BzB3B8BrBMBGBHBKA/A3ApAjAfAOALAIAGABABBwBuB3BiBLBDBIBHBAAqAnAiAdAOANALAEADAA
4212056001001,BZBZB7CJBeA7BZBMA6BMA7AgBLAuAPAKAAANAABMBTBGA+BUBIA2AvBKAnBFArAfAXAQABARAAAA
4212106001001,BLBhBiBjBDBIBLBQBLBCAuAwAhAYAYAOADABABBJBaBeBcBEBIBKBSBGA/A4AoAdAnAcAPAFAIAA
4212205001001,BmB6B3BrBYBHBNBMBDAzAvAYAcAUAPAIAHAAADBkBuBpBkBLBEBIBJA/AvAoAYAdASAZAKAGADAA
4212239001001,BiBvB4BrBKA/BNBJBIA2AuAxAjAbARAMAFAAAABZBlByBgBHA7BGBAA8A/AhAwAmAbAOAEAFAEAA
4212254001001,BfBtBjBkBOBMBfBQA6A6AYAyAfAXAMAMAAAEAABjByBnBcBVBMBaBKA4AyAnAmAWASATALAEAGAA
4212270001001,BvCKB7BrBYBSBMBCBDAyAqAtAQATARAEADAAAAB7B5BuBkBGBJBEA7A6ApAbAeATAVALAHAIABAA
4212304001001,BcBtBpBwBTBPBOBLBAA3AyAeAoAQAQAQAMABAABZBiBlBdBXBLBJBNA2AzAkAkAZAfASAKAJACAE
4212403001001,BFBZBfBoBPBJBPBZBDBDAwAkAoAaAVAPAFAEAABCBMBvBiBFBEBRBJBJA5A4AjAlAbAXAUARAEAA
4212502001001,BbBfBjBmBYBXBQBLBAA3AmAnAdAVATAIAEAFADBdBeBeBkBWBQBNBOA+A2AwAjAcAnASALAAAAAB
4212601001001,AzBaBvBvBDA6BPBbBPBEAoAhAkAbAkAHAPAAAABDBWB4BQBCBABVBcBGA0A4AuAWA1AaAKACADAA
4212700001001,BXBsB3BkBKBIBPBUBCA4AjAyAeAdAaAKAJAAAABUBkBjBhBABBBLBIA5A5AtAgAvAeAYAKADAEAB
4212809001001,BnBnBqBgBbBKBLBFBCA6AuAiAjAYARAIABACACBaBfBcBkBVBMBNBIBHA4AtAiAfAZAWAHAGAFAA
4212908001001,BaBrBrBkBWBRBWBYA/A1AnAeAjAVANALABAAAABVBdBfBeBRBTBXBRBDA0AoAjAbAbAQARAFAEAB
4213005001001,BUBhBlBWBfBMBUBdA+BKAmAkAbAsAKAKADAAAEBRBnBcBjBFBHBaBSBHAfArAsAWAdAQAXAAAIAA
4213104001001,BCBQBUBoB4BqB5BpBiBcA5AoAiAMAJANAIACABBIBMBWBOBGBDA/A8A8AxAsAfAgASANALAIAHAB
4213153001001,BuBvCZBOAoA0BPBaBjBPAqAZAeAdAMAEAAAAAFBSBQBvBJBIBGA2BwBIAoAxA0AjAWAIAKARAAAF
4213203001001,BDBMBXBiBcBZBdBQBIA6AuArAiAcAQALAGACAABCBOBSBgBcBWBYBSBHA5A3AeAiAgAXAQAMAEAB
4213302001001,ByBlBqBqBVBEA+A9A3AzAiAtAbAYAUAJAOADAABnBnBvByBqAzBCBEA9A7AtApAcAdALANAHAAAC
4213351001001,B6CDBrBqBDBTBHA/A4AzAjAgAUAQARAPAFACACBzBiB8BkBoBOBKBHA6AiAhAfAbAaAEAPAIAAAB
4213401001001,B1B4BrBoBUBNBOBDA9AwAsAdAZASALAJAIACABBzBtBfBmBVBNBLBGBBAvAwAbAdAUALAGAGAAAE
4213500001001,BXBnBlBnBXBSBQBVBBA8AmAdAiAZANAGAFADABBiBdBjBjBUBSBWBVA/A0ApAZAZAaANAMAGADAA
4213609001001,BeBcBgBkBcBJBJBNA+A2ApAjAbAaAOAQADACACBdBeBjBdBTBPBOBQBDA5AyAiAlAdAVALAJAFAC
4213708001001,BiBnBfB1BcBIBLBHAzAyA3AnAfAcAQALAEACACBNBhBoBgBZBIBFBCBIA0AqApAlAbASANAKACAD
4213807001001,BPBoBuBmBVBJBNBIBABAA0ApAcAZAOAMAGACAABSBkBkBgBLBKBFBIBCA7A0AmAiAWAWAPAIACAB
4213906001001,AsCKBsBpBMBEBSBWBMA5AtA+AfAYARAIAHAIAABJBEBTBhA3BKBqASBeBMArAnAhA6ATAGALACAA
4214003001001,BOBaBhBhBTBSBIBXBFA1AxAoAlATAcAJADAFAABPBcBbBcBVBKBTBSA9A9AtArAnAZAUARAKADAA
4214102001001,BMBpB4ByA/BLBQBLBFA3A1AiAjAZAWAOAJAAAABVBeBxBuBDA9BBBKA9A9AXA1AyARAMAQAGAJAA
4214151001001,BVBeBjCIBdA7BLBBBNA9AnAmAiAjAXANAAAAAABaBTCkBWAvAzA2BSA1A/AnAqAxAXAVAWAEAAAA
4214201001001,BVB1BvBiBRBHBTBQBEA1AyAhAbAVAWAHADAGAABhBpBoBgBFBPBQBKA+A2AoAoAbAZAOAJADAFAA
4214300001001,BeBZBkBwBJBJBdBIBKA1BBAhAZASAMAJAQAAAMBGBvBeA+BQBSA9BTA9AuA9AgApAeATAXARAGAA
4214409001001,BfBkBkBmBOBOBNBJBDA6AuAuAhAZAWANAGACAABZBdBhBeBIBGBIBMA+A4AwApAeAmAcAFAEADAC
4214508001001,BVBrBvBxBNBTBLBOBAA6A1AiAjAWAQAFAHACAABXBsBrBcBLBKBPBHA7AuAsApApAPAUAHAGABAC
4214607001001,BOBaBoBlBXBKBWBYBFBAAvAuApAXAQAOADAEACBOBRBSBbBLBLBHBQA9A9A1ApAoAUAYARAJAHAA
4214706001001,BGBdBdBZBXBLBIBPBIA/A5AxAgAeAZAcAKAEABBCBHBNBTBZBIBLBLBEA7A7AoApAnAeAQAKABAC
4214805001001,BVBZBjBhBWBTBNBTBCA5AsAiAeAQAQAKAFADABBRBVBdBeBaBTBVBWBIA9A1AhAhAXAUAMAJAEAC
4214904001001,BEBiBvBoBMBCBVBjBUA6AxAkAXAdAbATACADAABDBlBZBkA0BABUBYA9BBAoAuAmAZALASAMAAAD
4215000001001,BwBnBlBqBiBcBXBPA+AwAkAaAUAPAOAGAFABAABsBnBgBoBdBWBSBMA8AtAlAcAbASALAHAFACAB
4215059001001,BVB/B2BqBTBTBSBQBEA+AwAdALAkAKATAAAAAAB/ByBiBRBCBFBWBJAwAtArAdAIAZASAPAAAAAJ
4215075001001,BdBoBhBnBLBHBTBMBBA5AwAwAWAbAWAIALAAACBeByBpBTBHBHBEBDA+A3A+AnAgAcAWAIAGAAAA
4215109001001,A9BMBgBhBXBQBNBUBOBBA2ApAhAbAUAOAEAEACBBBJBSBfBYBPBOBVBLA+A/AiAnAbAZAQAGAGAC
4215208001001,BgBiCABfAxA1BABLBOA/A1ArAqAUAQAPADABAABbBnB3BlA6A2BKBMBIA7A3AoAkAbAQANAHACAF
4215307001001,BkB3BvBzBPBLBOBMBEA/AwAkAZAQAJAMAEABAABaBiBoBrBNBHBMBKA/A2AuAdAZAXASAFACACAA
4215356001001,BkBsCKBsBbBJBFBGA4A1AsAvAQAYAbAIAAAFAABiBqCEBvA7AzA8A3BJA1AvAgAcAWASAJAAAEAI
4215406001001,ByBaBdB9BZBPBdBKA9AvAuAvAcAWAOAMAFADAABFBqB5BXBDBUBMBJBCA3AlAlAWAdAVAAAIACAA
4215455001001,BrBzBzBmBcBTBWBRA/AvAqAWARARAKAIAHAAABBtBxBrBuBZBIBLBKA9A0AfAcAVARAOAKABADAB
4215505001001,B+ByBsBsBeBUBLBJAzAsAdAlAYAMAJAIACACABB5B4BmBuBVBXBNBIA2ArAkAcASARALAIAFAAAC
4215554001001,BQBhB1B1A9BCBXBTBMBEAyAmAYAbAUANAFAAADBZBhB1BaA2AyBMBOBBA4A3ArArAXANARAAACAA
4215604001001,BYBsBeBrA/BWBSBdBCBIA3AmASAeAiAHAAAGAABIBcBsBVBBA9BjA/BHA0AkA0AeAiARAIAFAAAA
4215653001001,BXBxBeBbBTBFBXBQBGA8AzAmAcATAWAJAJACAABgBdBmBeBQBJBWBJBAA1AtAgAiAbAMAKAKABAB
4215679001001,BhB3B7B4BjBXBMBMA9AyAtAgAVAZARADAHACAABrBsBwBoBTA9BFBFAqApAlAjAhAQAFAMADACAA
4215687001001,BqBqBuB5BUBABFBJA/A0BCAfAdAXAWAIAFAAAGBlBpBwBYBAA8A+BJAxA/AlAyAfAfAPAKAMAAAA
4215695001001,B2CKBlBEBPBBBdBfBTAkAvAkAOAqARAIAMAAAAA8BIB4B3A8BIBHBPA2BEAsA2ASAeAGASADAAAA
4215703001001,BbBmBrBhBdBbBfBUA+A3AnAeAcAOALANAGACAABXBcBeBkBVBSBVBPBAAuArAeAaAVANAOAKAFAD
4215752001001,BmBzCGBqBVBMBNBEBEA6BBAjApANAAAAAAAFAABmB6BqBjBMA+BCA9A0BMAmArAXAGAIAFAEADAA
4215802001001,BgBgBhBoBsBfBXBQBEA1AnAaASAPALAGADABABBeBhBhBnBnBYBWBRBAAzAmAZAXASAOAGAFACAB
4215901001001,BOBMBYBrBGBXBSBgA7BQA6BDAhAhAeALAOAAAABPA9BKA8BWA5BGBEBDA6A0AvArAsAfAQAHAKAA
4216008001001,BOBZBlBiBIBLBPBXBRA+AyAwAjATAMAPAGAEABBHBSBeBiBFBEBNBPBJA8AzAwAeAgAXASAJAGAC
4216057001001,BsBlBbBiBwB5BbBPBQA2AmAgAVAYAMAIAAAAADByBnBwBdBaBFBLA0A3AnAmAYAWARANAHAEAAAA
4216107001001,BdBlBhBoBIBFBKBTBMA5AsAnAfAZAVAFAAAEABBXBkBcBnBPBKBNBQBJA8AqArAiAYAWAHADADAA
4216206001001,BgBlBqBlBZBLBKBNBBA5AwAfAhAUAPAIAGACABBYBgBeBkBXBLBMBKBBA2AvAlAeAbATAQAIACAC
4216255001001,A9BfBqBqA9BBBXBRBMBKBDAjAYAYAVAOAFAHAABTBhBuBXA1BDBGBNBBBJA6AkAbAnAQANAHAIAC
4216305001001,BUBbBmBjBZBYBZBTBIA1AoAlAYAUASALAEABAABLBbBgBmBZBWBZBTA8AxAvAeAiAXAWAHAHAEAA
4216354001001,BXBuBrBeBaBCBaBMBHAzA3AfArAhAKAKALAEAABcBmBeBhBKBOBEBQAzA2AhArAdAVAVARACAFAA
4216404001001,BYBqBoBiBQBQBTBRBKA2AuApAWAbAWAIAJADACBYBjBWBlBQBHBNBQAzA2AjAzAfAZAVAGALACAD
4216503001001,BZBYBlBlBPBPBWBTBCA3AwAlAhAVAVAOABAAAABRBcBnBgBOBSBWBSBGA5AoArAfAWAOAMAKAAAC
4216602001001,BSBdBoBsBiBaBSBOBGA/AnAdATANAJAFAEABAABRBXBdBqBlBVBWBaBRBAAuAcARAWATADAFABAB
4216602001002,B1BsBhBYBdBtBmBVBBAvAcAaATAQAFAIABABAABvBuBfBYBhBnBiBOA3AsAdAWAWAGAPAEAFADAA
4216602001003,BPBXBhBrBkBUBMBPBMBAAwAiAZAOAMAGADABABBKBTBbBmBhBUBTBXBRBEAtAiAXATAPAKAIABAE
4216602002001,BFBKBbBoBmBXBQBHBEA9ArAjAcAQAQAKAFAAAABFBIBVBqBrBWBVBTBQBGBBAgAgAaAUAOAGAAAD
4216602002002,BIBOBcBmBjBZBRBLBHA4A+AWAdAUAFAFACAAAABFBJBSBoBoBWBXBXBUBNAsA2AZAUALARAFAFAF
4216602002003,BeBiBmBrBlBZBQBLBBA6AlAfARANAIAGADAAAABZBdBiBrBgBeBSBTBKA7ApAfARAXAKAKAFABAC
4216602002004,BnBuBlBqBeBdBaBNBCA0AhAZAOANAFAGAEABAABmBnBoBjBfBdBYBSBFA0AjAdAOASAJAHAGADAB
4216602501001,A8A9BNBgBXBVBRBNBPBCA5AVAZALAOAGABABAAA9A/BNBqBtBlBlBjBlBVBBAiAeAWATAPAGABAB
4216701001001,BZBjBvBzBKBDBMBTBGA9AvAlAhAbALAJADADAABSBcBoBjBNBEBNBPBEA4ArAnAfAaARAKALACAC
4216800001001,BPBeByBgBRBKBSBJBDA3A0ApApAgAVARAKADAABXBfBdBdBLBFBEBFBCA2AzAoAmAdAPAOAIAEAA
4216909001001,BeBoBsBnBVBHBOBLBFA6AvAiAdAUAWAEAEAAAABWBhBoBjBXBKBNBTBDA4AjAsAcAXARAPAEACAB
4217006001001,BjBnB0BiBfBhBlBaA+AvAmATAYANAMAFAGABABBdBhBrBkBZBZBYBQA3AvAZAiAYAVAKAHACAEAB
4217105001001,BLBaBoBdBEBEBSBWBIBHA0A2AnAdAaAYAHAGAABFBHBXBQBBBCA7BFBCA/A7AtAkAtAWAeAUAAAA
4217154001001,BFByB3B1AzA2BEBjBBA+BEBDAQAqAQAIAEAAAABOBWB8BSA0BABNBOBDA0BIAeAhAlARAAAMAAAA
4217204001001,BVBfBoBlBTBJBMBRBHA7AuAfAWAYAQAHAGABABBOBbBnBkBTBQBZBaBMA5AvAhAeAXAQAOAIACAA
4217253001001,BYBXBPBdBRBaBsBOA9ApA0AqAtAiAkAMAOAAAEA3BQBSBMBKBLBNA9A2A9AmA5AxAuAhAFAPAJAG
4217303001001,BUBlBqBiBNBQBbBeBKA9ApAjAWAfAUAEAFADAABTBiBrBXBFBJBSBPBAA2AkAuAYAdAUAKAHAHAA
4217402001001,BfBgBjBjBkBpBlBVA9AyAoAXAWARANAKADABACBcBeBgBpBeBjBYBQA4ArAqAUAbAOAOAIAFABAA
4217501001001,BXBbBrBgBiBZBaBWBGA3AqAiAfATAOAIAFAAAABTBXBgBcBaBYBSBPBCA3AnAiAdAUARAJAHADAC
4217550001001,BKBxB1BgBEA2BZBbBIA6AnAtAcAgAHAOAEAFAABbBoBqBPA6BGBSBeBEA2A1AfAYAlANARALACAA
4217600001001,BXBZBsBjBaBGBMBXBSA8AuAcAUAXARAHAJABAABQBbBfBnBTBHBMBcBNA5AnAmAbAbATAOAIADAA
4217709001001,BlBoBpBkBUBTBVBOBDAzAoAdAaAQAPAGADAEABBaBlBkBjBaBTBXBQBBA2ArAcAYAYALAJAJAGAA
4217758001001,BdBsB0BgBNBIBKBIBSA9AyAxAjAKAdADAAACAABWByB3BiBHA3A7BBBEAxArA0AyAEAUAJAAAAAJ
4217808001001,BaBhBnBqBVBNBQBSBCA1A1AmAfAXASANAEACACBOBfBfBcBPBNBGBSBAA7AqAvAeAcATAGAMABAC
4217907001001,BRBjBhBZBNBKBWBbBCA3AxAxAjAdAKATAHAEAABLBXBmBZBMBJBPBRA9A6AzAsAmAXATAKANAFAA
4217956001001,BQB9B0BuBBAmBOBoA6BEAqAxAvAfAmAAAAAAAABGBlBoBjA+BMA4A5BaA9AkAsAiAlAKAAAOAAAA
4218004001001,BWBmBpBlBZBVBQBSBCA5ArAbAfAQAOAJAGAAABBSBiBlBiBZBSBTBQBBA2ApAeAZAVAVANAJAEAD
4218103001001,BWBaBnBmBbBPBLBcBAAvAwAwApAUAOAOAHAAADBGBlBqBsBKBDBbBBA7A4AwApAbAXALANAMAFAA
4218202001001,BNBUBdBfBXBVBXBUBMA8AyAgAbAWAQAHAJACABBJBQBUBfBYBVBaBXBMA7AzAjAfAaAPAVAGADAB
4218251001001,CUCABuBkBgBiBGBCAqAsAmAbARAWALAGAIAAAACMB6BrByBYBWBEA4AuAgAcAWATATANAGABAAAC
4218301001001,ByBxBvBtBhBRBLBDA8AtAzAWASARAMAKACABAAB2BqByBmBcBPBHBGA6AuAiAjAaAQASAGADAAAA
4218350001001,BZBGBcBwBOBbBRBVBMBBArArAcAYAOAPAGAAAAA4BcB1BQBQBKBOBkBAAuAoAmAzAOANAMAYAJAA
4218400001001,BVBmBiBmBOBTBMBPBKA3AtAsAaAXAWANAGABAABVBkBnBbBKBEBjBMA9AyAtAmAUAeASAOAIAFAA
4218509001001,BIBnB5BiBfBMBGBJA7BBA3AfAeAaAJAJADAHACBaBeBhBpBUBJBHBIAvBDA5AgAeASAhAJAGAJAC
4218608001001,BTBgBtBjBZBLBTBVA9BBA2AdAVAaAOAKABAFACBKBZBlBhBOBGBTBYBBAxAwAlAkAYAjACAIAGAC
4218707001001,BEBRBeBpBYBDBMBXBIA+A0AiAYASAQALAEABABBDBOBfBpBaBJBSBeBSBGA7AmAfAdAVAQAFADAB
4218707001002,BWBjBsBmBUBLBXBbBEA3AsAeAaAVAPAHAFABADBVBcBfBgBXBKBWBWA/A3AxAdAcAVAQAQAEAHAC
4218756001001,BSBlBqCBBFBKBWBWBVA6AxAsAZASAZAFADAAACBGBiBiBQBJBIBGBHBDA4A3AhAjAgAOAUAGAFAA
4218806001001,BTBdBmBiBZBMBUBZBCA1ArAmAdAVAMALAEACABBNBgBlBnBSBSBSBWBGA0AqAkAeAUAWAQAGADAD
4218855001001,BUBiB6BlBHBEBZBTA6A9AuApAmASAXAJAAAAAFBTBiB/BbA6A8BOBWBEA3AiA0AhAUAYATAAAAAA
4218905001001,BjBoBdBmBRBGBOBPBBA0AvAfAmAWAWAKAIACAABkBrBjBjBMBFBPBPA8A2AmAqAeAbAUAKAFADAC
4218954001001,BRBlBHBxBYBMBgBJA1A3BOAdArAcAKAGAkAEAABOBQBhBXBWBcBRBNA7A/AwAhAbAPAIAPAAAIAA
4219002001001,BIBTBiBlBSBLBMBUBPA9AmAqAhAYARALAHABAABGBOBfBkBRBEBVBdBRA+AuAoAjAYAVAPAPAHAB
4219101001001,BgBiBmBvBVBSBaA/BFA6AjA6ARAcATACACACABBZByBhBgBRBVBKBBA9AwA3AjAWATAaAOAAAAAC
4219150001001,BkBpB4BnBuA3BPBUA0AzAuAzAPAiAWAAAIADADBSBZBvBwBEBMBTA0A6AuBDAqAiAcAFAAADADAA
4219176001001,BxBwBrBpBjBKBXBRA+AsAnAWAaAUAEADAIABAABtBtBqBfBUBUBXBGA7AsAnAjAWAPAUAGAGADAA
4219200001001,BpBvByBvBbBOBSBaBBA2AqAiAbAVANAHAJAAAABjBlBlBeBMBLBPBJA0AzAqAdAdAQAMAJAIAAAB
4219309001001,BhBhBdBgBcBbBbBVBFAyAmAdAWAUAOAFADABAABcBgBdBdBdBbBaBXA/A0AsAfAcATAPAJAFAEAC
4219358001001,BpBtCPB2BMBUBKBQA8AvA0AiAXAiANAKADADAABmB0BxBZBDA0BDBGA9AzAnAiASATATAGAGAEAA
4219408001001,BVBjBxBsBPBKBCBpA7A/A/AaAbAmAIAJAKAAAABgBgBcBhBGBMBHA6BOA5AtAkAcAbAdAKAAADAA
4219507001001,BdBmBoBkBVBPBQBNBDA2AnAfAZAOARAFAHABAABYBhBgBjBYBYBYBVBGA2AsAjAgAXAPALAFADAB
4219606001001,BIBNB1BfBWBjBBBbBNBVA2AmAhAWAWAKAAACAAA6BZBgBcBIBHBTBFBGA9A1AnAdAVAYAMAJAGAA
4219705001001,BbBgBoBnBUBTBTBSBCA3AuAjAVATAPAGADABABBcBgBpBjBPBSBXBRBDA4A0AZAVAcARAKACADAC
4219853001001,BXBuBiBhBwBWBKBJA0BGAzAmAOAQAUANAAAAAABcBdBdCCBdBaBNA/A7AsA3AXAmAXAAAAANAAAA
4300059001001,BcBsBZBbBKBJBRBaBKAxA2AsAaAWAdALAEACAABPBdBtBNBGBLA6BSBIBQA6AYAfApAVAJAIAAAA
4300109001001,BQBTBcBcBPBPBSBTBFA9A4AnApAXAVANALACABBRBUBRBZBOBJBNBJBBA7A5AlAqAiAdASAIAGAA
4300208001001,BOBWBZBZBMBJBXBVA/BBA1AoAlAoAUALAIAGABBDBHBVBTBHBPBOBPBKA6A1ApA1AeAhATAQABAA
4300307001001,BGBaBnBoA8A0BBBSBGBDBIA1AtAZAdAQAHACAABEBUBrBaAzA0A+BGBGBCA/A5AvAmAeAUAJACAA
4300406001001,BcBiBhBoBYBSBJBPBDA3AnAhAVAdAQAIADAAAEBfBlBhBgBUBJBRBPBFA3AyAeAbAcAXAJAJAGAB
4300406001002,BsBtBmBqBUBIBLBKA5A2AsAhAaAQARALAEABAABlBrBnBhBUBOBOBOBFA1ApAiASAeAMANAEABAF
4300406001003,BiBiBhB9BhA4BHBPBAA2AyAeAaAaAPAJAEABABBXBdBbBjBXBXBLBHBDA4A4AfAaAbAUAIAJAHAA
4300406001004,A5BDBOBaBYBCBBBHBEA6A/AfAnAYAXAMAOAFACA9BBBRBiBaBFBLBUBOBGA8A6AwAuAmAXATALAE
4300406001005,BYBgBcBbBQBIBSBRBGBAA2A4AsAkAYARAMAEAABQBUBXBTBCBABIBFA+A5AtAqArAcAZAPAKAHAA
4300455001001,BBBcBgBiBPA9BFBRBLBEA5A3A2AbAOAKAJAHACBOBYBlBXA4A1A9BRBABDBAA1AtAZAbAZACAFAC
4300505001001,BQBkB9BxBJBDBCBOBEA8AtAzAaAjARALAIABAABOBaBtBsBAA1BGBGBBA/A0AkAlAdAYAPALADAB
4300554001001,A+BPBZBsBXAmBYBOA1BZBHApAvAMAjASAJAAAHA2BhA9BmBcAoBiBKAyBNA5AuAgANAiAhAMAMAH
4300570001001,BDBVBHBHBfBJBoBrBLA0AvA0AhAsAyAAAGAAAABFA9BNBDA9BTBAA7A+AuA1AyA7A2A3AbAIAJAF
4300604001001,BdBWBeBgBcBPBJBKBGA5A1AhAdAUAOAEADACAABYBWBSBjBbBMBOBNBGBBA7AoAkAdAZAOAHAFAC
4300604001002,BkBkBZBmBTBFBOBLBGA8A2AcAdAQAHAEAEAEAABdBeBcBjBYBSBQBLBMA/ApAtAfAXAWAGAJAEAG
4300604001003,ByBrBkBlBhBUBPBFA8A3AsAiAWAOAJAFADACAABtBlBfBkBcBOBKBHBEA6AxAgAaASAKAMAGADAC
4300604001004,CMCBBlBjBXBXBQBIA/AxAkATAQAJAFAEAEABAACJBzBkBgBcBTBRBKBAAxAlAUAYAJAKAEACAAAB
4300604001005,B7BwBtBnBfBSBNBIA+AxAbAhAPAKAGAEACAAAAB7B2BnBmBeBSBRBMA+A2AmAeARASAJAIADABAB
4300604001006,BqBhBqBrBgBPBOBHBDA0AiAlATALAKAGADAAABBoBmBcBrBeBNBPBSBCA9AuAfAZAZAOAHAFACAB
4300604001007,BwBuBpBnBdBMBWBKBAAwAjAVATAHAFAEACACAABwBpBjBkBaBRBRBVBRA5AnAiAbASAKAGADADAD
4300604001008,BkBkBlBmBUBHBWBaBQA3AkAYASAKAIADADAAAABjBlBiBbBYBTBeBhBQA8AjAjAfAOALAFACACAD
4300604501001,CaCPB2BhBSBOBMBLA5ApAbAVALAJAFAEABAAABCXCJBsBlBPBMBSBLA6ApAfAVATAKAGAGABAAAA
4300638001001,BUBVBaBdBcBTBUBTBKBAAxAuAjAnAXAKAEADABBNBjBZBRBZBJBIBGBAA2ApApAeAWAZAPAOAGAA
4300646001001,BuB2BwBsBVBWBSBUBFA2AqAcAdASAJALADADADBlBsBhBZBWBPBLA/A4AuAmAdAZAUASAKADADAA
4300661001001,BXBHCmAQBJBMBKBsBJA2BDAgBCAfAHAKAcAAASA1BKBCBYBGAvBEBPAxBhAxAwAZAoAuAlAFAEAA
4300703001001,A6BQBQBWBLA+BJBbBUBKA9AzAzAcAQATAIAFACA6BQBSBVBFA/BIBMBIBEA2A2AsAjAYAkAQAIAC
4300802001001,BTBSBYBWBIBCBYBiBPA+AzAuAlAcASALAJABAABIBQBVBTBLBJBPBeBIA7A4AsAlAgATAQANAFAB
4300851001001,BYBeBXBWBGBJBNBMBJBBAzA5AsAmAbAQAFAAAABLBUBlBKBEBCBJBSA8A0A1A3A7AYAVALAOADAA
4300877001001,BqBxBeBiBgBBBbBaA+AqAiAlAkAWAYAFAGAAAABsBgBfBPA2BnBiBTA3AwAtAgAbAUAXAJAGAAAA
4300901001001,BFBaBgBYA+A+BWBPBZBFBIArAeAkAWAWAIABAABDBOBTBPBMA7A/BTBJBMA5AzApAmAZARAHAAAA
4301008001001,BEBSBfBfBQBKBTBdBOBAA5AgAlAbAPAKAIABABBEBTBUBUBLBMBSBWBOA/A3AiAiAfAZAWALAFAD
4301057001001,BWBdBlBdBIBABPBVBJA0AnA5AeAkAXAQAGADAABXBXBdBZBLBCBOBYBDA0ApAzA4AWAYANADACAA
4301107001001,BbBbBfBgBOBBBGBNBEA+AxAsAhAYAUAOAFAEADBUBVBcBfBNBCBMBOBIBAAvArAqAeAcALAMAGAC
4301206001001,BWBjBqBlBTBJBKBPBIBCA1AjAeAcAPAHAFACAABRBXBgBcBNBHBFBMBFA9AxAwAiAYAWAQAJAEAA
4301305001001,BYBaBXBjBNBEBNBPBFA/A9AsAqAcASAPAMAAACBTBRBWBZBHBFBMBMBCA+AtAxArAXAUAUALAIAE
4301404001001,BSBoBeBmBQBHBEBOBGBDAzAqAfAcARAMAFACACBVBjBcBaBVBEBEBGBDBBAwAqAgAcAdANAHAFAB
4301503001001,BFBQBPBWBEBFBHBOBJBEBKAmAtAiAkAUADACABBEBIBOBTBKBABLBWA/BEA7A0ApAjAlAdANAJAA
4301552001001,BGBaBVBmBMBIBHB8BKAsBKAkAXAnAcADADADAABOBEBfBNBCBHBEBbA9BPAxAxAqArAQAUAEAEAC
4301602001001,BRBXBYBgBOBEBCBIBBA3A0AjAhAcAUANAFADABBSBTBYBgBPBJBKBTBMA/A8AsAoAmAfATALAIAE
4301602001002,BvBrBmBhBQBNBQBOBCA2AyAhAfAeAQAGAEABAABqBtBkBXBMBKBMBJBAAxAqAhAXAYAQALAFAFAD
4301636001001,BkBnBiBWBNA/BNBABBA4AqA7AyAeATAMACAAAABoBiBkBcA/BDBCBHA/BDA5AwAdAlAXAIAEAAAD
4301651001001,BHBaBdBjBWBMBbBQBJA2A1A0AaAnAdAKAFAGAABJBKBUBWBSA/BMBNA+A5AvA3AjAlAUAVAMABAE
4301701001001,BPBYBaBcBJA/BPBXBDBFA3AwAuAZAWAUAKAAAABGBWBWBPBCA6BNBNBGA7A3AxApAjAeAcANAHAC
4301750001001,BfBjBtBeBFBaBaBSBKBNA7A6ArAOAKAKAAAEAABbBcBaBSBQBKBFBAA8ApApAuAZAXAYAKAIADAD
4301800001001,BaBeBwBwA8A5BEA3BZBHAxAlAXAfAhASAIACABBTBgBvBRBCBEA8BQA8AxA2A6AhAzASAKAIABAE
4301859001001,BQBzB1B/BOAyBSBABMAsA0ApAhAdATAHAAAAAFBgBWBlBLA7BWA9BSAyBBAyAnAqAZAZANAOALAE
4301875001001,BxB0BvBxBcBNBaBJBNA/AlAoAVAUAHAIAFACACBzBrBtBSBMBVBPBGAzArAbAfAVAJALAIAGAFAA
4301909001001,BaBfBfBSBNBABQBMBDA9AvAvAmAbAZAKAGABABBQBUBXBbBIBMBMBPBDBAA4AoAnAiAcASAQADAC
4301925001001,BLBZBrBxA2BMBBBYBTBVBEAzAnARAcAOAHALAAAxBLBiBIBZAoA7BPBKBJBGAqAVAnAPAaAFACAA
4301958001001,BUBSBXBcA9BSBOBhBMA7A8BBAZAKAAAPANAFAABBBgBVBXBlBKBaBEBSA5AtBBARAGAOAmAEADAJ
4302006001001,BrBrBmBvBWBFBFBIBFA8AzAqAeAYASAJAIADACBcBmBfBmBIBDBBBJA5A3ApArAbAZAYAOAFADAB
4302055001001,CRB0B4BbBYAuA4BUAaA0AtAoAeAVARAHAcAGACB/CFBZBvAqBJBEBcAjAnArAjAxAJAVAIABAFAC
4302105001001,A5A9BJBYBdBRBRBRBLBBA1AtAlAYAQAFAIAGACA8A9BEBWBaBVBXBfBcBOA/AtAmAcATAaASAHAC
4302105001002,BaBSBYBgBjBZBaBTBHA8A0AfAaARAJAJACABABBUBVBXBhBgBSBTBXBNA4AuAlAgAUALALAFAEAD
4302105001003,BVBYBhBnBiBaBZBfBUA7AoAgARAQAEAHACABAABUBYBfBgBcBUBaBdBTA6AnAgAUAKAJAKAEAFAB
4302105001004,BTBZBdBbBbBMBvBcBMA8AeArAZAUALAJAEAFABBTBXBXBaBTBaBTBbBHA9AoAoAYAWAQAOAHABAA
4302105001005,A+A+BJBZBWBMBTBcBPA/A7AvAjAgAWALAIAAAEA/BDBJBOBSBMBVBWBUBHA1AvAqAdAaAZASAJAE
4302154001001,CDBXBtBVBQA2A/BQBIBFBIALAUAkAUAHAYAAAABOB9BPBgBGA9BbBRBTApAwALAlAYAgAEASADAA
4302204001001,BNBeBoBmBEBCBRBVBQA/BCAfApAYAQAHACAFAABBBRBaBjBHBHBPBQBNA9A1AuAjAdAYAPAIAGAC
4302253001001,AlBNBbBSBGBKBhBqBdA+BSA3AgAnAjAMADAAAAAzA9A/BQA9A5BIBQAzBJBAA6AhBGAbAbAHARAA
4302303001001,BnBcBnBcBIBDA+BIA5A5A5AoAlAcATAOAHAGABBpBhBhBZBSBHBEBFA7A9A0AqAkAcAVAVAJAFAC
4302352001001,BSBcBVBcBbBOBfBjBPBAAvAlAgAVAPAIACADABBLBgBWBZBQBOBWBSBFA4AqAhAdAQAZAPAPAHAA
4302378001001,BhB4BlBuBHBFBPBeBCBHAgAQAjAVAUANAAAKACBkBjBuBKBFBFA3BbBFAxAzAdAcAbAaALAOACAA
4302402001001,BNBgBhBqBKBPBLBPBLA7A6AeAfAeAPAJAHACAABKBUBYBeBQBEBSBTBKA8AuAqAjAfAZAXAGAFAB
4302451001001,BdBqBkBtBRBRBPBJBKA9AlAwAdAaAPAGAIABABBeBpBoBnBKA+BIBGA8A1AnAoAjAYAQASAEABAA
4302501001001,BNBdBmBvBMBFBDBJBJBIA/AvAeAdAcAKAFAAABBTBgBnBYBEA5BJBOBGA6AvAtAZAhATAUAIACAB
4302600001001,BVBsBkBPBIBHBMBJA+A9A8AeAqAVAdAQAGAAAGBcBbBlBmBPA8BFBIA1A/AsAxAsAXAYAVAIAFAE
4302659001001,A6BQBMBcBFBIBSBVBSBJA/AtAzAtAlAPAKABAAA+A+BPBIA7A8BJBGBDA+A1A3A+AjAuAbAOAEAD
4302709001001,BcBfBgBkBVA3BIBYBKA8A0AeAgAVASANAFADAABUBZBfBjBBBKBNBJBIA8AyAnAqAkATAYAEADAC
4302808001001,BLBQBZBZBJA7BFBKBFA/AyAoAkAXAVANAKADADBIBKBcBdBNBHBPBXBSBIA8AuAeAvAcAZAOAHAG
4302808001002,BNBfBfBZBEBDBFBQBNBEA7AxAuAeAdAWAJAEAEBKBVBXBZA7A9BEBPBCA9A3AuAzAdAgAJAHAEAD
4302907001001,BVBgBiBpBKA+BGBPBFA6ArAwAWAsANAbAEABACBQBeBiBcBEBCBJBPBGA5ApAxAuAfAbAOALAEAA
4303004001001,BbBcBcBpBXBBBKBJBIA5AtAlAgAVAOALAEAEABBdBWBkBhBMBEBOBTBLA7ArAvAmAbAeAIAKAEAB
4303004001002,BSBaBjBoBaA+BABDBBA2AvAoAbAhAaAQAEAAAABOBNBbBiBOBBBHBQBFA+A7AtAiAtAoAQAMAGAC
4303004001003,A/BEBWBgBTA6A8BHBCBEAvAzAoAdAbARAGACABA/BBBTBmBPA/BIBQBPBPA/A3AwAlAwAWANAGAE
4303004001004,A5A8BTBcBXA7A9A7BDA9A/AnAsAeAZAOAMAIACA2A8BKBVBSBDBCBQBQBLBBBBA7AyArAfAcAHAH
4303004501001,BJBRBbBbBJA+BOBdBLBGBCA2AyAnAaAMAIAEACBNBPBSBPA5A/BGBNA/A8AxA3ApAeAcAQANAJAB
4303103001001,BuBlBrBlBfBQBNBLBBA7AwAYAZAMADAIACACAABkBpBlBoBYBOBRBKBJA5AtAlAXAOAMAJADACAC
4303103001002,BgBcBiBiBdBSBFBMA/A9AvAlAbATAMAKAAAAAABaBfBgBqBcBNBLBPBHBCA6AfAiASARAKACACAA
4303103001003,BZBZBoBwBcBNBJBRBRBMA1AVATAGADAIAAAAACBVBkBfBmBeBJBOBfBVBJA0AYARARAMAEAJAAAD
4303103001004,BWBUBRBWBNBKBgBgBNA3A1AfAcAWAMADAEAAAABVBPBTBVBRBcBoBfBRA9AwAxAfAbANALAEAFAD
4303103001005,BCBOBSBVBUBMBSBVBPA7AuAnAfAaASAJAAAGAABBBEBMBdBfBZBYBgBWBBAtA8AtAbAUASACAKAB
4303103001006,CEBuBoBdBZBXBUBWBGAuAeAeAXAGAGADABABAAB5BzBhBdBfBUBYBSBDAuAjAZAVAIANABAAADAE
4303103001007,BEBNBQBcBPBHBLBOBKA6AqAvAmAfAcAEADABADBHBEBQBZBWBKBSBVBVBDA1A4BBAjAcALAKAGAA
4303202001001,BRBnBoBgA3BFBOBCBNA6AzAuAvAZAcAGAHACACBTBkBiBdA/BFBGBSBABDA2AxAhAcARAVAIAAAC
4303301001001,BUBSBoBdBBA+BOBNBJA/A9AuA6AXAOAPAHAGAABDBLBiBhBCBDBJBFBIA/BDAsAuAVAaALAMALAF
4303400001001,BZBkB0BcA/BABQBQBWBGA6AkAYAcAcAHAMAAAABGBhBdBeBDA5BBBNBFBBAuAwAcAqAZAQABAGAA
4303509001001,BYBbBeBfBUBNBNBQBFA3AsAqAaAeAUANAFAEABBYBWBWBcBTBNBPBSBFA2AuAqAlAgAWAMANAGAC
4303558001001,A4BiBiBuAnAzBgBZBWA3AzAsA9AlAPAJAGAFAABJBWBRBHBeBCBMBfAuBXAgBGAXAhAfAMAFAIAE
4303608001001,BgBnBnBiBYBSBXBPA8BFAoAfAdAQAWALAFAAAABoBhBeBeBSBNA/BGBLAtBBAbAaAUANAKAIAHAE
4303673001001,BWBZBGBvBOBNBSBhBHBEBCAiAoAfAWAQAAAAACBRBTBTBAA9BGBZBABWAyA0A4AuAmASARAAAAAC
4303707001001,BABNBiBgBSA5BDBQBNBZBLAoAiAdAXAWACADACA9BMBWBaA+A0BEBPBMBVBBAoAqAnAhAOAMACAA
4303806001001,BHBbBdBbBDA2BKBWBOBDA6AtAkAgAXAOAEAEABBFBbBdBSA6BCBUBOBLA/A3A3AqArATAQASACAC
4303905001001,BWBdBdBkBeBTBZBWBLA6AvAYAXAPALAGACABAABVBYBcBgBYBVBaBdBLA9ApAiAbAWAPAKAFADAD
4304002001001,BoBmBsBiBIA9BBBGBFA8AzAgAjAUATANAKADABBfBrBoBfBMBIBKBKBDA5AtAjAeAeASAOAJAEAD
4304101001001,BZBQBqBiBXBLA/BQBGBCA7AwAVAlAEAdAJAAAGBHBTBTBgBPBGA+BGA8BEAqA5AoAYAaAhAHADAA
4304200001001,BWBZBVBdBOBNBIBLA/A4AzAiAdAZATANAFABABBYBRBOBcBXBSBQBOBIBCA8AlAvAhAfAXAJAEAB
4304200001002,BRBPBTBQBQBPBOBQBCBCBHAsApAiAeAQAHABABBRBQBSBSBFBBBFBCA9A9A9AxApAnAfAaAPAFAB
4304309001001,BBBaBgBZBGBIBOBWBXBHA2AsAgAkAYASAFAAADBABIBYBVBAA9BIBXBKBDA4A0AkAuAgARABAFAC
4304358001001,BmBoBvB5BJBDBTBfBRBEAqAiASAPAJAGACABABBdBpBqBUBPBIBYBYBVAwAsAUAUAOADAHAJADAA
4304408001001,BmBhBfBjBYBPBUBQBDA0AmAgAdAPASAEACACACBiBeBeBgBaBRBWBSBHA4AnAmAbAXATANAGADAB
4304507001001,BSBQBRBWBKBIBJBMBCA9AuAmAVAeAZAUAKADAABPBRBLBhBVBUBPBUBIBCA1AsArAuAfAVAMABAD
4304507001002,BOBRBWBgBQBRBLBTBMBHA5A8AwAlAWAPAHACABBMBNBPBQBDA/BDBCA9A6A3A1AnAhAfAUAMAGAB
4304606001001,BTBPBTBeBdBJBGBFBDA/A7AiAjAZAUAJACAAAABNBQBNBdBfBSBJBOBOBJA6AuAbAqAjAPAHAEAD
4304606001002,BhBcBeBjBhBMBLBLBCA5AxAhAcANANAFAEABAABhBaBZBiBWBRBNBNBHBBA1AlAfAZAZAKAIADAA
4304606001003,BUBZBgBvBhBGBABHBNBHA5AjAiAGAOADAAAEAABQBUBiBxBcBEBJBTBXBNBCAWAaARAIAQAGAEAB
4304606001004,B5BxBtBmBVBQBPBUBGA1AeAdARAHAJACAAABAAByBsBnBlBXBRBRBYBJA1AoAaAWAMAJAEACACAA
4304606001005,BqBuBvBuBYBDBGBUBRA5AmATAGAQAJABAAACABBkBqBnBrBOBEBZBlBVA/AqAYATASAIAHACADAB
4304606001006,BwBoBiBsBeBUBKBHBHA2A0AWAXAJADADAGAAAABvBpBgBoBiBPBKBIBIA9AuAbASASAQAJADACAA
4304606001007,BgBnBlBqBRBHBLBRBVA+A2ARAXALAFAGADABAABeBhBlBjBYBIBSBgBVA/AqAgAWAQASAEAIACAA
4304606001008,BuBrBoBxBcBPBGBLBIA5AwAVAZAIAGADADADABBrBoBqBqBZBKBKBSBGA4AlAgASAWAMAJADABAA
4304606001009,A6BCBPBiBaBGBCBHBJBIA5AzAdAgATAJADACABA7BABMBeBaBMBKBUBSBWBIAzAeAoAZAUAUAJAC
4304606001010,BGBDBOBYBZBMBLBRBIA/A2ArAoAXAQALAHAGADBABBBGBYBVBOBTBXBOBLA6A4A0AgAjARALABAB
4304606001011,BGBKBLBYBbBJBHBJBGA7A3ApAgAgATAMAHAFABBHBFBOBVBZBJBNBOBMBGBJAwAwAmAjAUANAHAB
4304606001012,BkBhBfBeBbBKBPBJBGA4AwAcAaAQAPAJADAAAABkBfBfBiBUBLBOBUBIA7AwAkAgAeARAMAIACAB
4304606001013,BQBLBWBkBdBMBJBGBLBCA8AjAeATATAOABABAABIBMBRBiBcBOBKBOBQBGA+AnAoAhAXAQAMADAB
4304606001014,CMB9BwBeBhBRBSBGBBAxApAQAQALAJADAAAAAACIB4BmBiBfBTBLBKA8AuAgAZAMAQAJAEABACAB
4304606001015,A4A+BDBRBRBHBMBTBKBDA4AnAeAeAYALAIACAAAyA4BIBeBdBTBXBfBaBNBDA1AuAnAlAWAOAGAA
4304630001001,BnBqBmBoBSBQBMBJBCA3A1AYAYATAOAFADACABBpBiBjBqBSBOBPBWBBA7AsAhAYAUAMAJAGACAE
4304663001001,BhBdBfBnBUBIBJBJBLA+A6AcAUAcAPALADACACBfBhBfBlBKBJBNBQBJA8AvAhAlAWAXAIAFADAA
4304671001001,BbBeBbBTBLBKBjBkBPBTAnAaAjAVAFATAAAAADBiBWBVBaBSBCBnBZBDApA7AiAbAKAVAGAMAFAA
4304689001001,BpBqBcBdBXBZBRBWBGA6AkAlAYASAPAQAJAAAABeBiBaBkBQBPBNBUA+AxArAgAjAWAUAHAFAAAC
4304697001001,BSBHBqBNBTBTBMBLBfBLBCBDAjAWAdAGAIACAAA/BKBOBNBFBFA6BBBLA2AmAyApA6AiAXAJAFAA
4304705001001,BXBbBgBjBTBEBIBFBEA5AwAjAeAaAOALAHAEABBSBVBbBgBSBKBSBQBPBAA7AjAjAeAUAOAQAHAD
4304713001001,BLBUBXBeBKBEBKBXBHBABSAqAwAwAvASAKABAEBHBJBNBXA3AzBDBAA3A4A5A2ApAzAhAWABAEAA
4304804001001,BHBMBXBbBaBVBfBgBTBCAvAnAZAaAOAMAEAEABBDBMBSBVBYBSBXBaBPA9AuAmAiAaAWAQAGAEAD
4304853001001,BRByB7AuBABYBzBFBHA8BAAxAmAVARAGAGAAAAAnBTBBB3BRBdBAA/A1BBBEAvA8AMAhANAMAAAA
4304903001001,A9BOBZBeBEBCBMBSBbBKBAAvAeAdAVAJAKABABBEBKBQBXBCBCBMBOBSBOA5AxAmAjAjAYAJABAD
4304952001001,BUBhBhBYBABCBLBLBEBDA3A6AeAWAnAGAKAMAABVBRBnBTA9A9BWBFBFA5A7AzAuAaAOAaAAAFAG
4305009001001,BKBOBcBeBLBCBLBJBRA+AzA1ApAiAZARAGABACBCBMBNBbBIBBBRBOBKBAA2AzAxAiAgAOANADAE
4305108999001,BjBhBaBkBcBeBiBcBLA1AmAXAUAMALAEABACAABhBeBcBYBcBhBbBaBIA4AlAZAUASAMAHAEADAB
4305108999002,A8BCBKBXBUBJBIBUBRBEA2AoAiAYASAMAJAEABA2BDBLBdBXBHBQBcBbBNA4A7AtAgAjAWAJAJAC
4305108999003,A9BDBLBZBcBNBEBLBLBAA1AmAdAgATAOAEABABA6A9BJBZBeBNBMBYBZBTBLAnAhArAqAWAPAGAC
4305108999004,BNBTBaBdBmBbBPBRBOBAAsAoAUATAIAGAFAAAABQBLBaBlBeBVBQBdBRBEBBAcAcARATALAFABAA
4305108999005,AxA7BFBYBRBMBJBXBUBEA2ApAlAdAZALADACACA2BABGBTBVBQBOBrBZBJBCA1AvAnArAQANACAB
4305108999006,BIBUBRBpBaBWBRBSBMA6A3AkAaAWAQAHAFAAAABFBJBYBgBaBSBWBbBRBEA0ApAYAfAVAKAIAFAB
4305108999007,A9BCBOBaBkBaBYBXBOBBA3AaAoAVAMAJAEACADBCBDBIBbBbBOBOBbBWBGA6AsAyAPAeASAJAHAE
4305108999008,BKBKBQBYBgBZBSBUBMA9AmA2AYAXAPAHADAFABBIBGBQBdBhBXBQBYBTBIBDAhAZAkATAMAHADAA
4305108999009,BRBdBeBdBaBQBfBaBcBCAvAaAWAPAFAEAAADAABVBZBbBfBVBUBiBlBIBBApAeAVALAVAAADAGAD
4305108999010,BEBJBVBhBZBPBNBVBQBCA0AgAjAPAOALAEAAAABIBGBRBdBXBPBYBeBYBGA+AjAiAdAUAPAOAEAB
4305108999011,BVBWBhBiBhBbBUBVBGBBAzAXAYAMAHAFAEABAABZBbBYBjBeBTBaBVBRBAAhAuAaAPAQALACACAA
4305108999012,BMBNBRBjBeBMBSBaBTA9A5AnAYAZAOAEADABABBFBIBPBbBSBRBXBbBXBIBKAcAeAeAUAMAFAAAB
4305108999013,AnAnA1BQBYBPBBBLBOA9AxAwAfAeAmAOAFAFACAnAtA5BYBpBbBOBhBhBVA+BGAoA6AsAaAXATAC
4305108999014,BQBdBbBdBYBPBVBbBNBAAlAwAoAYAQAKAHAAAABRBUBRBTBLBNBWBSBLA5ArAnAfAdAYAMAKAHAC
4305108999015,BlBxB4BsBRBPBZBSBHA1AlASAPAJAGAAADAAAABjB2BsBbBNBVBeBiBPA8ArARAQANAEAIAEABAB
4305108999016,B3BvBoBoBjBmBcBMBAAxAfAaAMAIAKAEABAAAABxBwBkBkBgBjBTBKBAAxAfAZAXAIAGAEABABAA
4305108999017,BqBtBrBiBdBYBbBYBLA2AmAVARAJAFADACABAABnBlBfBkBfBTBaBdBKA8AjAWASAJAJADAEACAB
4305108999018,BlBmBjBpBfBnBYBbBLAzAnARAOAJAJAAABABABBmBlBfBmBeBcBeBZBFA0AlAaAXAGAJADABADAB
4305108999019,BkBiBVBnBmBlBpBcBMA7AmAWANAHADAJADAAAABeBhBhBjBdBdBkBVBHA5AlARAVAKAJAGAAAAAA
4305108999020,BEBbBXBVBMBMBQBcBQA3BCAvA2AmAXAUAHAAAABXBPBQBLBABEBGBPA+A5AxAqApAjAeAOALAFAE
4305116001001,BDBTBaBuBUBKBYBlBLBEA8ApAnAoAUAFAJAAAAA9BTBWBQA7BEA/AzBIBDAsA/AmAfAfAWAPAEAI
4305124001001,BDBRBRBRBMBGBQBLBHBCBHAvAwAfAfAXALADAABLBLBTBUA/BABJBJA7A+A6A+A2AiAhATAIAEAC
4305132001001,BCBUBQBYBMBHBSBQBKA4BAAqAzAsAZALAJAJACBABLBUBLBIBBBXBDBJBUAsBAAhAgARAaATACAG
4305157001001,BHBVBzBkBIA6BKBJBIBYA6AqAcAzADAIAAAHADBQByBrBgBQAvBLBNBCAqApA9AiAeAJARAMAEAA
4305173001001,BgBmBfBnBXBcBUBOBHBCAvAqAdAZAXAOAIAAABBbBdBZBbBRBHBJBBA3AwAvAXAjAfAPAMAMAEAA
4305207001001,BIBXBZBYBNBABJBXBMBCA4AiAgAdAWAPAHAEADBGBSBYBZBJBBBTBQBHBCA6ArAnApAiAQAOAHAB
4305306001001,A/BQBjBUBEBBBRBWBQA/A2AvArAWAfAMADAAABBABRBXBdBJBABRBZBKBCA0A2AqAqAfAMAGAGAB
4305355001001,BUBNBTBnB5B3BqBcBKBAAtApAbASAQAHADACABBRBLBPBfBNBGBLBIBDA6A3AfAeAXALAKAHAFAC
4305371001001,B7BnBmBsBOA6A/BCBBA8A8AgAbAaAOANACAAAABwB0BjBOBIBFA7BEAwBFA0AhAfApAYALAKAIAC
4305405001001,BVBbBlBnBQBABXBOBFA/A1A1AeARATAKADAFACBPBgBTBgBRBMBRBFBIA3AsAnAlAVAdASAHAGAA
4305439001001,BjBnBkBLBTBLBXBRBEA6AxAlAdAYASAGACACAABeBvBpBSBUBXBRBIBCA8AlAmAbAZAUACADAFAC
4305447001001,BZBwBkBVBkBYBYBYA7A+AvAiAvAVAVAJACADACBQBEBhB9BOBQBRBGA0AzAhAqAfAPAKASAGAFAC
4305454001001,BjBjBdBYBIA9BGBGBDA/BEAgAmApAVAUAEABAABdBeBfBXBEBCBEBUBBA4A8AkAyAdARAMAJADAC
4305504001001,BGBjBdBwBSA5BDBMA9BPA0BCAsAbAJARAMAAACBKBVBgBWBBA9A5BGBOA4BCAzAsATAtAMAEAEAA
4305587001001,AkAzBUArBPBDBjBLAbBDBaBIBOAzAmAQASAKAABIA5BCA7A6AvBjAcAqBSBRBIApBUA2AgALAMAE
4305603001001,BJBQBYBdBNBGBIBEA/A8A5AuAuAYAaAVAKALAAAzBRBVBIA6BEBTBnBBBJBDA3AtAmAjAMAFAMAH
4305702001001,BOBbBgBeBRBJBOBNA+BDA0ApAhAaAUALAJACAABWBZBnBYBPBJBKBEBIA9A5AmAkAeAWAKAQAIAA
4305801001001,BKBXBtBrBFA+BLBNBKBCA7AnAfAXAZAOAGADADBIBRBdBfBOBEBNBMBEA8A1AvAvAhAWAOAIAFAB
4305850001001,BEBVBIBcBRBIBABiBTBNA3A1AjArAWANAFABAABRBDBfA/AtBKBqA5BEBEAzA3BKAUAQAVAQABAE
4305871001001,BAAvA9BbBcBcBIBVAgBRBTAiBDAzAPAYAFAGAAAuBTBJBVBHA9BIA4BFA7A6BKAnA+AfAdANAJAH
4305900001001,BhBjBlBlBPBBBIBLA8A7AyApAjATAPAMAIAHABBYBoBoBbBIBGBHBPBAA3A1AkAtAVATAMAGAKAB
4305959001001,AxBSBgBTBCA/BXBYBLBSA8AdA/AkAcAkAJAAAAA5A9BABdA/AyBCBMBWAxBCA1ApAiAzAqAJAIAA
4305975001001,BPBBB+BQBeBRBZBQBFA6A+AaAdAbAJAIAHAEAABvB7BVBsBSA6BUBIA/A/A8AJAYAbAGARANAFAA
4306007001001,BJBVBeBeBCBBBHBNBFBEBDAqAhAhAPAPAJAKAABEBRBhBeBBA7BGBHBGBFBIA0AwAfAeAXAIADAF
4306056001001,BfBsBeBJBIBOBTBOBBA3AtAuAsAgARALADAFAABhBLBWBoBMBDBKBOA5A5AxAxAeAiAYAPALAIAG
4306072001001,BVBcBfBmBWBNBHBeBDBBA5AsApAdAYAPAJAAAABKBaBwBdBGBKA7A+A2A4A6ArAwARAXADAGAJAA
4306106001001,BQBTBZBeBQBCBFBHBBA4ApApAbAbAVALALABAABOBSBaBjBaBGBOBWBNBDBDAlAwAcAcAVAMAIAA
4306106001002,BYBYBeBjBSBLBDBBA/AyAuAkAcAVAZAMAEABAABXBXBZBhBbBKBHBUBLA+A7ArAjAnAXANAQAHAF
4306106001003,BhBjBfBlBWBMA8BGBAAuAvAbAZAYAKAEAHAGAABaBcBnBlBZBLBMBQBOBBA0AmAjAUAdAQAIAEAF
4306106001004,BiBgBlBlBYBMBMBKBDA2AvAjAXAZAQANAIABADBbBgBbBbBOBHBNBKBGA6AuArAeAfAVANANACAC
4306205001001,BQBUBVBbBJBOBOBUBMBBA2AvAcAiAQAQAEAEABBDBUBRBdBLBNBLBUBFA8A4AvAnAgAUAZALAIAC
4306304001001,BQBnBZBTBMBIBZBWBUBSA9AYAjAUAQAHANAAACBHBZBiBaBNBABABVBDA5AzAwAbAhASAfAEACAA
4306320001001,BaBoBoBiBABKBHBPBTA3A5ArAiAVASAPAHAAACBOBbBjBXBEBCBGBGBCA/A3AkAfAmAbATAJAEAE
4306353001001,BeBSBuBxA1A4A/BSA+BGA4BCAcAkAkARAFAGAABQBqBtBHA5BJA0A/A/A8AfA+AmAwAYADAEAPAE
4306379001001,BPBWB/BFBEBFBBBLBLBBAvA9AjA2AiAKARACAABOBeBcBeBFAyBCA9A2BBA1AsAlAyAaAQAKAEAC
4306403001001,BSBSBVBsBwBjBkBeBKA0ApAZAUARAJAFAEAAAABRBSBYBiBnBfBcBbBGA0AnAcAWATAOALAGABAB
4306429001001,BkB2BqBwBTA5A8BBBbA1AjA7AaAXAOAYAEAAAABPB3BJBZBPBHBBBQBQAyA2AnAYAVAJAcAHAAAD
4306452001001,ArA0BYBeBkBGBMBZBQA8BdAjArAhARAPAOAAAAA8BcBPBWA1BIBLBBBDBDAzAwAoA1AkAQAOAaAA
4306502001001,BYBkBgBcBSBQBSBbBFA0AtAtAdAhAZALAKAEACBZBeBZBaBPBJBIBIA3AvAtAoAjAfAXAPAIAEAB
4306551001001,A6BaBaBWBQBLBJBdBQBNA5A5AXAlAtAGATAAAGAvBoAsB2A/A6BBBBBRAsA6A1A0AzAbAKAAAFAE
4306601001001,BYBdBaBaBLBEBJBOBEA5ApAxAeAfAXALAJAEABBWBYBYBbBMBGBMBQBFA7A0ApAmAmAfAPAKAHAF
4306700001001,BTBZBbBhBJBKBABPBVA1ApAuAyAbAOAQAHAAAABLBuBBBOBKA8BVBFA+BAA0AjA4AsAdASAKAQAH
4306734001001,A/BYBQBbBHA/BMBMBIBHA5AvA4AaAdAVADADACBGBSBSBTBAA/BGBRBBBEBDA3AwArAVAWAOACAC
4306759001001,BkBGBIBaBTA2A8BdBBAvBLBeAzAhAQAUAGAAAAA8BjBBA5BABaBIBWAoAsBNAjBIAiAiARARAJAA
4306767001001,BpBrBpBjBTBMBLBLBLA7AxAfAWAUANAFACABABBnBkBeBkBWBNBPBWBGA5ApAhAXATANAIAEADAA
4306809001001,BEBOBXBdBOBLBLBSBJBAA2AsAkAVAVALAHACABBFBQBRBXBNBMBUBXBOBEAxAyAoAiAXAXAQAHAB
4306908001001,BbBYBZBYBGBKBKBOBFBAAzAxArAeASASAHAGADBXBYBSBTBJBJBJBLA/A7AvAyAhAmAWAUAMAJAF
4306924001001,BRBZBwBoBHA3A8BNBBBFAnAnAvATAiAJAHAAAABfBcB8BnA7A1BPA7BCBIA9AlAeAhAhALADAQAA
4306932001001,BJBWBfBkBLBCBIBHBHBDAqA6AnAkAVANALACABBQBXBZBcBRBFBGBJBJA+A9ApAmAbATAUAKAHAC
4306957001001,BUBqBpBcA9BABSBRBPAwA9AnA6AQAbAEABAAAABNBoBkBdA2BDBcBHA9A4A5AsAtAkASAHAGAGAA
4306973001001,BiBjBVB0BHA5BBBRA6BAA6AcAqAPAeAVACADAABXBpB6BHBLBPBSBHA3A2A8AbAqAVAaAPAFACAD
4307005001001,BkBlBjBmBbBTBSBNBCAzAnAXAUANALAGAFAAACBjBoBjBnBgBaBUBUBEA2AjAgAcASAKAKAIABAE
4307005001002,BVBbBdBfBaBXBSBQBGA5AoAjAWARASAJABACAABSBZBVBkBkBZBWBaBDA9AuAiAeAYAVAPADAAAA
4307005001003,BSBWBZBgBaBQBRBQBJA2AyAfAlAPAEAHAGACAABRBUBUBhBgBWBYBcBIA+AtArAZAZAWASAJACAF
4307005001004,A4A8BDBTBgBKBGBIBFA4AkAxAhAmAUASAFAEAEAxA1BDBjBvBZBVBZBUBGA5A3AqAsArAYAQAKAF
4307005001005,BQBeBZBWBQBPBTBSA/BDA4AmAmAeAPAUAFAEABBVBVBXBUBOBJBNBNBFA9AuAqAgAkAaAWAFACAB
4307054001001,BMBUBkBlBVBDBJBpBJA+AnA/AZAiAOAQACACAABGBJBbBWBIBABPA5BLA7A5AxAmApAgARAIAJAC
4307104001001,BgBdBdBWBKBOBJBEBJBEBHArA6AXAUAKALAHABBaBQBaBWBBBIA/BKA9A5AwApAeAfASASAQALAE
4307203001001,BYBfBpBzBMA+BHBOBAA+AzAyAbAdAZALAHAAAABIBkBrBgBEA6A/BKBCA2A3AxAjAlAaARAGABAA
4307302001001,BhBhByBxBJBAA8BNBBA7AyAnAlAXASAOAJAGACBaBbBlBpBJA5BEBCBDA5ArAvATAeAiASAGAFAF
4307401001001,BNBjBiBkA5BAA7BNBBBEA+ArAyAlAcAbALACACBHBgBQBSBFA3BDBIBLA9AyA8AiAnAWAVARACAC
4307450001001,A8BXB9BTA1A3BBBXBHBIA9A/AnAqAYAOAGALAGA1BWBtBTAsAvBBBCBMBCA/A5AqA6AaAXAGAIAA
4307500001001,BNBVBcBkBPBMBGBPBEBBA8AjAjAVAZAKAIAGABBHBQBbBkBPBFBLBRBLBBA2AmAlAnAVANAKAJAD
4307559001001,BMBaBaBfBPBTBLBRBAA8A8AoAnAaAOAJADAEAABNBRBVBWBPBFBQBSBGBJArArAqAmAXAXANADAA
4307609001001,BbBfBiBhBVBTBiBcBMA7AoAdAUARALAEACACAABXBZBfBfBSBVBdBdBMA6ArAgAZARARAHAGACAA
4307708001001,BjBjBiBvBfBGBKBMBIA8A6ATAQATAQAAAAACAABgBdBjBsBUBGBYBUBNA7A1AdAcATAQAHACACAC
4307708001002,BfBnBoBoBgBFBLBOBPBCAxAXAPAOAHACACABABBdBkBsBmBZBLBSBUBVBDArAbAUAPAOAJACABAB
4307708001003,BGBGBPBZBUBRBOBRBJA+A2AqAkAWAOAOADAEABBABEBMBVBVBWBZBTBNBKBEAxAfAoAfATAJADAF
4307708001004,BQBNBYBkBeBIBIBIBLBDA+AnAeALASAIAHAAABBJBLBXBkBbBLBKBRBPBIBIAnAoAdAOASAJABAA
4307807001001,BOBUBdBhBTBHBIBUBOBAAxAlAdAXAUALAFAEACBIBOBXBhBQBHBRBSBQBAA8AfAmAhAaARANAHAB
4307815001001,BPBWBfB6BsBTA6BCBBBVAyA1AiAVAaAKAAAAABBFBoBoBVBBA9BMBKBBBFBAAVAVAdAhAJAGABAA
4307831001001,BLBMBZBVBHA/BGBKBFBBBUAfA6AcAbAKAIACACBLBkBeBZBIBFBQBFBBBKAoBDAVAbASAWARAIAE
4307864001001,A+AwBHBHBKBOBNBQBYBfAwA7AkAoAhA7AEACAAAuBKA+BVBJAuA6BRBQA0BDA2AsA2BCAYAKAAAA
4307906001001,BUBYBaBcBWBUBbBfBMA5ArAiAaAVAMAIAEAAAABRBUBXBZBVBWBfBbBNA6AzAdAbAYARAOAIAFAB
4308003001001,BKBMBgBkBHBYBJBJBEA6AyA1AkAiAVANAPADACBIBUBaBfBjAsBBBNA/BBA0AtAgApAbAWAOAHAC
4308052001001,BJBpBnBpBCBQBJAyBNAsBDA3AbAoAPAPAOACACBPBrBsBWA2A4BFBaA8A4BIAgAoAaALAaAMADAA
4308078001001,BPBYBiBZA8BjBcBABNBCBIAWAtANAaAVAAAAAFBYBXBYBIBWBLA1BMBEAxA6AoAfAvAeAGATAIAA
4308102001001,BBBXBcBbBXBGBYBZBQBBA2AhAqASAOAPAHACABBEBPBZBXBPBHBZBSBRA6AnAxAmAeAXAUAIAGAE
4308201001001,BKBQBZBmBdBMBbBfBXA9ArAsAgAZAPAHADAAAABEBKBTBaBUBKBXBbBPBBAuApAfAWATANAKADAA
4308250001001,BRBQBWB8BJA7BGBQBOBWBAA7A2APAPAPAFAAAABFBFBdA6A5A9BKBLA/A7A/A8AuAoAyAGAHAGAA
4308300001001,BiBsBuBxBfBEBIBDA/A6AwAqAiARAYAGAJACABBlBjBoBpBMBCBBA/A7A1AoArAcAXATANADADAB
4308409001001,BJBQBeBgBKA/BFBQBGBFA3A4ArAjAcAVAJAFAEA7BSBbBcA+A9BIBEBLA8A5AvAoAmAaAbAMAIAB
4308458001001,BUBfBaBSBSBSBZBYBJA/AwAkAbAaAHAKAIAHAABXBiBiBTBOBNBhBQBDA5AsAmAfAZARAPAIADAA
4308508001001,BWBfBhBjBQBFBMBIBLA/AzAiAdAUAKAMAIABABBTBbBeBjBUBNBQBSBJA8A4AiAhAcAUALAIAHAB
4308607001001,BFBSBYBYBVBMBTBYBUBEA5AjAlAUAVAJAFADABA/BLBPBXBVBKBTBUBSBCA8AjApAcAaAPAKAGAB
4308656001001,BfBrB5BtBGBEBKBRBOBIAtAxAhAWAPAGAGADADBMBwBJBhBJBCBOBIA+A3AlAkAhAXAXAGANADAF
4308706001001,A9BNBUBcBKBBBKBTBKBBAwAxAtAkATARAMACAABKBZBUBWBHBABNBUBEBAA3AxAyAjAhAYANAAAE
4308805001001,BNBXBVBiBGBDBHBDBIA8A2A5AlAmAdAWADACADBWBVBTBVBHBCBMBEBIA9A5AuArAiAnALAMAEAF
4308854001001,BHBYBeBoBnBeAxBPBABUA+A6AlAfAaAHATAGAAApBDBPBmBGA2BaArBIBQAmAuBCAQAdASAIAGAA
4308904001001,BOBcBeBcBRBBBJBNBHA8AtAuAbAfAaAOADADAABHBWBcBXBOBDBRBWBFBAA5ArAjApAgAXAHABAB
4309001001001,BSBcBhBoBLBFBBBFBGA8AvArArAUARAKAHACAABPBaBgBgBNBDBLBOBJBEA5AnAiAfAfARAOACAB
4309050001001,BWBbBpBWBEBQBJBGBHBFA4A3AvAjAhAMAJAEAABNBUBSBQBBBFBJBIA+AyA9ApAzAaAgAQAGAEAA
4309100001001,BQBWBYBhBZBUBZBUBKA5AuAmAgARANAKAGACABBPBRBUBbBYBXBXBWBIA/AzAjAhAXAVANAGAFAE
4309126001001,BRBaB2CDA+BEBDBYA1A+A4AZAcAMAmAAAAAIAAB0BjB8BaBHAvBDBKBFA4AjAuAuAXAZADALAJAA
4309159001001,BnBlBjBvBdBmBNBOA9AiA6AmAkALAEAMAEAFAABpB1BjBnBHBYBGA/A6AnApAbAbAaAKANALACAD
4309209001001,BgBfBhBpBlBMBNBFBJBAAxAlAVALAIALADADAABXBaBXBrBXBQBMBKBLBDA6AjAfAWALALADACAA
4309209001002,BkBfBeBlBaBMBNBOBIA8ApAkAVAQAHAIACACABBiBfBjBhBZBQBPBWBNA/AyAgAXAaAMAHAHACAC
4309209001003,BNBPBUBmBmBNBFBEBHBFA5AoAZAUANAEAGABABBPBMBUBiBlBKBGBNBUBOA6AuAgAhASAMALADAA
4309209001004,BjBbBjBlBeBKBNBNBJBCAwAfAVAOAKAGABABAABaBcBgBjBdBOBUBXBOBBAwAiAbASAOAHAEACAB
4309209001005,BlBlBjBoBcBRBNBNBIBBAlAkASATAJAFACABABBdBgBiBkBZBQBSBSBNA8AsAiAUAWALAMACABAA
4309209001006,B2BqBiBoBkBUBRBHBJA5ArAbAUANAGAEACAAAABzBlBaBqBZBSBJBKBPA5ApAcANAUALAHAGAAAA
4309209001007,BbBbBfB0BjBJBABJBKBIA0AbAUAMAJAFAAAAAABUBXBhBxBcBKBJBTBcBMAvAmAVATAOAKADABAE
4309209001008,BABJBTBoBaA/BDBNBOBEA7AqAVAZARAOACAEACA7BCBSBnBUBMBOBUBcBTA4AxAnAnAWATAJAIAA
4309209001009,BxBjBcBeBfBQBRBMBJA6AxAdAUANALAGAFAAAABkBkBeBgBYBSBTBRBKA7ApAiAhAKAPAPABAAAA
4309209001010,B4B3BpBqBWBHBMBMBJA9A1ANAUAKAKADAJAAAAB0BuBpBeBLBPBQBOBJA2AgAfAQAXALAGAGAAAA
4309209501001,BcBeBgBcBSBCBIBIBMBDA0A0AkAgAUALAIACAABcBaBYBeBLBEBIBIBFA/AzAmAfAeASARAHADAA
4309258001001,A8BBBVBwA5AmBJA/BuBgA3A5AlADAoAUAUAAAHAsBnBXBYAuAYBABgBsBUBHAkAkAGA6AWAXAIAA
4309308001001,BsBlBlBgBVBSBPBQBIA1ArAgAVARAKAIACAAABBnBjBkBhBUBRBSBXBJA5AvAbAWAUAOAJAFACAC
4309308001002,BiBeBiByBdBEBGBEBTBGAqAcANAOAFAGAEAAAABaBbBjBvBcBLBGBaBbBJAvAgAbAQAQAIAFAAAA
4309308001003,BMBKBWBdBQBKBGBKBGA9A6ArAYAbATAPAIAEABBEBKBTBgBZBOBJBSBUBJAzA3AnAnAYATAJAFAC
4309407001001,BMBQBZBYBUBKBOBUBNA9A1AkAbAaAXAOADADAABNBTBYBTBQBNBTBVBMBCAwAuAkAiAfAMAKAFAD
4309506001001,BQBYBmBkBBBIBPBKBHBDA2AsAkAfATAEAIAEACBKBLBVBaBBBHBJBQBKBAA4AvAjAnAjARAHALAD
4309555001001,BKBWBOBNBQBPBWBbBOBKA/AgAdAjAkAKAGAAAABCBWBXBYBEBLBUBQBOA2AvAkAcAwAgALAQAAAA
4309571001001,CBCOBdBrBXA5BMBHBKAgAvAsAgArAKAGADAAAABKBUBhBhBABNBAA/A6BLAhAuAeAKArARAGADAE
4309605001001,BGBOBYBcBZBVBLBMBLA/A9AkAYAbARAKAIAAAABIBRBXBfBaBMBJBWBEBHA3AqAiAmAZAYAGACAB
4309654001001,BtBnBpBkBiA/BOBBA/BAA3ArAmAkANAKAGACAABXBpBlBcBCA8BHBVBDAxAsAdAVAfAQAQAFACAA
4309704001001,A7BOBiBUA+A+BKBSBRBIBCAvAgAZAXAQAKAEAAA+BSBhBVBABEBJBTBQBFBEAqAyAiAYATASAFAE
4309753001001,BYBWBgBrBXBYBEBLBMBBA4AuAeAeAPAJABADACBQBXBjBhBLBBBBBBBHA9AqAxAjATAXAVAJAEAB
4309803001001,A9BTBcBQA1A6BQBZBRBHA8A2AtAUAbAMAIAHAGA/BTBUBPBBBABWBaBOBQA6AuAuAeAYASARAAAF
4309902001001,BZBWBnBaBRBPBQBTBIA/A9AsAhATAJAOAHAJAABJBWBaBZBLBGBLBLBHBFBFAhAgAWAcAMAIAAAC
4309951001001,BYBdBoBtBDA4A6BWBEBEAwA1AuAjAVAQABAAADBWBgBvBeA6A8BABCA7A8A5AzAnAbAbAKAEAIAA
4310009001001,BHBUBZBhBUBFBJBLBGBDA5AoAoAYATANAJAFAABGBMBSBYBRBOBIBSBOBEA+AnAnAiAWAZALAGAB
4310108001001,BYBfBbBiBcBWBcBXBFA3ApAhAYASANAIAEACAABVBbBfBdBXBXBcBVBHA0ApAlAfARAPAOAHADAA
4310207001001,BKBNBUBcBPBGBEBIBEA4AxAjAbAhAQAKAMADACBFBKBUBjBeBRBTBVBOBHA2AsAyAcAdAdAPAGAA
4310207001002,BiBjBhBlBcBQBLBQBAAxArAiAYAVARAJACABACBaBdBgBhBXBNBQBRBGA4A2AiAfAXAUAOAGAEAC
4310207001003,BNBTBeBgBVBIBLBJBGA/ApAnAeAVAXAGAEAAABBLBUBYBjBVBOBSBZBOBHAwAuAiAgAWASAJAHAC
4310207001004,BEBOBYBeBSBHBFBQBLBJBEAsAsAiAfAFAMAFAAA+BJBSBWBKBCBFBJBNBEA5AxAqAeAXAVAQAKAD
4310306001001,BqBDBdBYBZA3BQBQBDBLA5ArApAaAJALAGABAAAoCCBjBtA/BGAwBKBZA5A3AmAtAJAUAZAZAJAA
4310330001001,BiBdBiBhBSBIBGBIBCBCAuAzAkAhAUAKADACAABRBXBaBjBPBGBEBNBKBCA0AwAoAVAYAIACACAA
4310363001001,A8A6BBBTA/BEBNBQA+BWBHBDA4AiAtAUACADABAhA9BEBMBNA3BGA4BMA8BHBGA7A2AwAmAPAHAB
4310405001001,BTBXBiBeBPA4BHBOBHA+A3ArArAaAfAOAGADADBLBTBgBaBABDBDBMBKBBA/ArAyAbAfALAFAKAA
4310413001001,BnBcB4BWBCA/BQBRBGBBAhBDAaAhAbANACAHAABZBZBnBXBOA2BHBFBCA3A1AiAmAdANAQAGASAA
4310439001001,A/BHBTBXBPA0BPBRBZBFBFA4AzAkAfAPAKADAABDBBBUBOAzAzBMBMBHBFBHA8AuApAfASASACAA
4310462001001,A0A/BZBABWBCBQBXBLBIBFAtAlAfA0AAAHADAAA5BaBSBoAwBKBSBGBLBHBIBDAYA+AgAIAFAAAA
4310504001001,BOBdBpBxBLBEBQBFBBA8A0AuAfAZAaAGAFAKABBOBaBVBjBGBEBCBLBABEA3AtAkAnAdAJAHAGAD
4310538001001,BkBkBZBbBOBUBDBSBGA3AqAzAqAiASAJAGAFADBXBaBjBXBQBGBJBMBDAyAwAoAbAaAiANAFABAA
4310553001001,BJBfBiBfBQA/BkBOBPBAAvBDAwASAdALABAAAFBZBNBTBVBFBEAsBJBHBAA0AnAkAiAUAYANAGAC
4310579001001,CGB1BpBVBYBKBVBGBMAxA8AZAeAZASAFADAHACA/BiBbBVBNA8BGBbApA0AyAfAwAWAaARAPAEAA
4310603001001,BqBpBhBrBYBMBJBLBFA5AuAdAaAUARAHAEACAABmBmBhBkBSBPBLBOBEA1AkAmAaAWAQAJAJAEAC
4310702001001,BcBkCGBoBAA/BKBeBGBLA3AoAeAOAUAMABABAABPBqBuBRA3AzBABFBDA5AyAjAyAWAfAXACAEAC
4310751001001,BFBOBVBpBMBHBHBCBVBAA9A3AqAiAjAkAAAGAAAtBNBfBaBOAuAmBABDA6BHBCAkAmAZAmALASAA
4310801001001,BMBaBfBgBcBcBiBZBPA9AoAhAYAOAIAIAEADABBHBQBWBiBbBdBaBdBQA6AsAaAYAUAOAJAMAFAC
4310850001001,BoBdBZBdBEBCBMBHA/BHAwApAnAbAfAQACAHACBWBhBhBsBEBFBKBBBAA8AvAuAdAkALARAEALAE
4310900001001,BBBdBjBbBDBABMBQBOBHA/AuAmAQAaAGALABAABFBfBQBZA+A6BVBOBPBAA/ArAtAhAbAVAIAIAA
4311007001001,BVBYBXBeBQBGBJBMA+A6A9AqAgAhAQANAKADABBOBZBTBaBLBIBKBPBEBAA5AoAhAqAeARALAJAC
4311106001001,BEBXBbBeBJA8BJBKBHA/BBApAoAiAbAVAJADABBCBWBRBTBHBABHBLBFA5A1A0AwAtAjAXAMAHAG
4311122001001,BuBsBxBiBPBFBCBFA9A9A1AmAoAbAVASADAFAEBfBhBqBdBIBABJA7A9A4ArApAgAVAgAIACADAA
4311130001001,BRBbBmBxBGBiBLBPBHA+BCAkAjAmATATAAAGAABfBWBZBJBaAvA+BBA8A/A8AhAYAlAQAPAPAEAC
4311155001001,BfBpBpBjBQBJBJBZBHA7A1AtAhAWAeALAEAAAABSBZBaBXBJBSBIBMBBA3AfAvAfAaAVAGALAEAE
4311205001001,BdBgBmBiBQBDBDBJBHA9AnAvAnAWASAFADAEACBYBeBkBfBOBABJBRBBA/A2AkAfAbAXAVALAGAE
4311254001001,BrBxBhBkBPBUBGBKA4AwAxAvAiAcAWAQAHACABBfBlBjBZBJBHBEBBA5AwAmAzAVAqAWAWACADAC
4311270001001,BOBfBDBoBXA1BBAaBkBHBEAyAsALAaAKAGAWAMAlAsBcCMBJA9A+ApBPAuBcBKAdAQAgA2AiAAAA
4311304001001,BdBiBZBcBMBGBLBKA/A6AwArAnAbARANAGADACBUBZBaBeBMBKBMBLBGBAA2AsAkAfAWAQAMACAB
4311403001001,BOBXBZBiBXBQBUBTBNA9AuAiAZAWAOALACADAABKBSBWBhBaBTBWBXBQA9A3AhAdAfASAPAIAEAB
4311429001001,BcBeBqBlBmA9A9A/A8A9AyAsA1AaAPANAFAOAABuBdBlBuBHBCBTA/A4A3BAAeAkAUAKAGAAAFAA
4311502001001,BTBVBYBiBHBCBPBSBFA2A1AwAsAcAUAHAGABABBUBTBZBYBLBIBBBLBDA3A8AoAsAvAkAMAJALAF
4311601001001,BLBtB2BrBCA/BHBABbBBA7AmAzARASAEADACAABPBeBqBjA7A9BGBcA+BAA2ArAlANAXAJAHAHAC
4311627001001,BaBlBcBsBsB5BcBbBEA8AmAPATAQAGAKACAAAABbBfBRBmBuBaBTBPA/ArAhAcAPARAQALACAAAD
4311643001001,AiBVA8BWBFBdBUBPBUAxBSA3BBAsALAhAJAFAJBTArBeA3BCBABfBNAsBIA0BKAnAkASAbARAHAA
4311700001001,BVBTBYBpBMBBBEBWBKBDA0AvAnAlAUAMAIADAABLBdBsBdBKA5A/BCBEA9A9AqAiAgAbAGARAEAC
4311718001001,BkBtBmBoBLBNBXBZBCBEAqA6AkAUAMACAGAAAABmBgBfBdBIBJBRBNA6AxAvAdAKAUALASAJAGAA
4311734001001,A9BoB2BuBXBKBXBRBJAxBCAeAqAQAaATAHAEAEBnBYBnBcBHA0BSBKA7A5AbAuAhAaAQAKACACAA
4311759001001,BfBdBmBdBQBDBJBMBJBCAsA4AqAUAZANACACACBWBbBcBZBGA/BOBPBIA7AzAhArASARAPAGAMAB
4311775001001,BTBaBZBgBDBJBPBPBIA+A0AsArAaAiALAFAFADBbBaBUBgBJBFBEBJA6AxA0AqAnAmAVAaAIAHAC
4311791001001,BXBEBOBQBGBLBoBBA6BBAxBCA2AlAYAUAEAIAABBBOBUBCA2BKA3BFBCBaAsA1A0AoAlAlARAGAA
4311809001001,BSBXBYBdBjBVBYBSBJA8AxAkAbATANAKAIABAABOBSBSBWBeBTBYBVBJA+AwApAhAUAUARAFACAB
4311908001001,BUBcBiBbBOBBBDBLBEA8BCAiAlAiAeASAFAEACBJBSBgBUA9BDBHBCBFA8A4A1A3AaAfAQAJANAF
4311981001001,BBBdBYBfBHBNA9BYBLBJBBBSArAhATAOAFAGAABHBQBOBVA4BGBBBMBEBAAxApAsAmASAUATAGAA
4312005001001,BGBOBqBeBPBKBUBUBRBKBLAfAaAfAjAGAAAAAABABPBNBjBGBBBGBJBOBGAsAwAhAoApAEAIAKAA
4312054001001,A6BABcBNBJA5AzBWBEBLA7BOAzAyAmANAJAEAFArBBBWBQA4A2BEA5BKBMBLA+A/AgAyAbARAJAA
4312104001001,BMBfBQBmBMBIBRBGA1A/A7A7AjAnAYASAIAKAABMBMBbBaBABDBCBHBCA/A7AnApAhAbAYAUADAC
4312138001001,A9BFBMCLB9A0BBA1BaA9BoAuAkArALAHAAAUAABgBJA0BfA+A6BMA4BHBkBCAuAwAWAMAEAAAAAD
4312153001001,BOBKBKBfBVBUBSBcBPAyA5AtAcAeAWAPAHAGAABBBGBdBVBYBMBKBRA2A9A2AyA3AfASAcAEAKAA
4312203001001,BYBvBhBeBHA/BWBKBLA4AwAkApAiANAKAMACAEBVBUBiBbBBBEBGBJBEA5AzA3AhAaAXATAKAGAC
4312252001001,BiBkBlBtBNBDBHBSBKA7AwAoAbAfAIALABADAABYBZBgBgBOBGBTBOBIA9AzAjAhAVASALAEAHAC
4312302001001,BoBVBuBXA8A0A1BDBLBDAyAwAqAiAbALAJACAABDBoBkBlA8A+BKBQBBA/A8AiAsAgAdAUAPAEAC
4312351001001,A/BFCBBIBIBHBPBdBaBBBdAYAiAxATAPAAAAABAzBSAvBgAqA1BIBNBVBTBWAWA/A8APALAUAAAB
4312377001001,BuBtBvBWBBBDBRBdA8AxAvA6AgAeAjALAOAIAABiBXBWBSA8A9BIAzBDA1A5AfAjArAMARAUAAAE
4312385001001,AwBMBOBaBHA2BFBgBMBDBNA5AoAnAlAaAFAAAFAmBEBEBOAzA3A9BIBFBeAzBNArA+AhAbAdAGAD
4312401001001,BUBZBbBmBVBKBKBOBNA9AwAnAgATARAHAIADABBQBUBZBfBRBNBQBSBNA+AxAlAjAfAWASAGAGAD
4312427001001,BQBVBiB/BCA7BDBTA2A9BFAwBHAfAPALAAAIADBMBKBXBCBFA8A+BOBJBZAkBJAsAXAgAKAJAGAA
4312443001001,BABeBlBmA5A6BYBlBFBJAqA7A3AZATALAGAAAABBBNBaBdBHBOBSBOBKAzA4AyATAgAPAgAKAAAA
4312450001001,BFBLBXBNBHBABHBGBDBRA9A+AqAsAfAbAJABAAA/BGBEBtBAA/A8BPA4A5BDA3A1AxAmAXAHAFAE
4312476001001,BFBKBgBmBLBVBiBiBUA9AsAqATAiAKARAJAFAABBBRBRBRBVBWBVBQBGA5AmA0AjAjALAUAQAAAC
4312500001001,BbBiBjBRBIBABSBTBTBGA4AoAoAVAUAKAHAIACBWBaBhBTA8BHBOBTA/A8AuAfAlAZAVAOAOAGAJ
4312609001001,A8BCBPBMA/BFBEBPBAA/BBA6AyA0AWAOAKAEAAAyBKBQBOBFBFBQBIBLBGBQA2AuAjAqAiALATAC
4312617001001,BmBiBNBWBDBLA9BUA/BJBAAoAlAjAmAWAPACABBjBWBLBQA9BEBdBCA7AyAlBCAlAkAYAGAHAFAD
4312625001001,B1BXBrBVBCBJA/BVBRBPA2AjAXAoAbAJAHAAAABQBoBeBZBFA5BJBVBCA4BAATAOAqAfADAMADAA
4312658001001,BOBSBbBhBUBRBNBQBEBAA2AjAeATAdAGAEADAABHBNBXBeBNBNBQBTBJBFAvA0AlAhAVARAOAHAB
4312674001001,BKBMBOBhBMA5BVBeBOBDBPAqAUAaAgAaAEAAAABEBHBPBkBMA/AwBRBHBOAmAqAtBCARAbARAAAA
4312708001001,BjBlBzBpBLA/BABCBCAzApAiAmAVAUAPAHACABBjBrBrBsBPBGBKBEA/A0AnAsAZAdAaAMAHACAE
4312757001001,BOBZBpBfBKBYBOBZBOA7AqA6ApAZAVAJAHAAAABOBbBMBZBMBNBQBBBLA6A6AmANAgAhANAIABAC
4312807001001,A3BVBTBNBFBVBLBSA+BKBHA4ApAQAXAUAKADAABHBLBTBABaA3BJBKBLBHBcAyAlAkARAXARAJAA
4312906001001,BSBPBXBUBYBTBXBSBWBFA2AqAjAZAVAMAEAAAAA9BCBNBSBVBABLBZA+BCBFAnAnAkAdAUAMAFAB
4312955001001,A8BqBSBQBSA4BRBUBtA/AvAxAoAUAOAMAUAJAAA1BkBJBLA5BHBIBSA4BbA/AsArAYAgAfAOAAAE
4313003001001,BEBRBfBYA3A4A8BQBNBLBDBHA5AdAwASAHACAAA5BKBHBOA2A1A5BABKBQA5BAAxA4AoAXAQADAA
4313011001001,BNBBBTB5BHBRBMBFBHBABPA2AiAYAWARANAAAAAqBXBVBaBMA0A6A/BUBYBUAzArATAcAQAFADAD
4313037001001,BNBbBdBfBUA/BiBYBXA9A0AhAlAaAXAIAIAAAABNBXBRBiBMBNBRBMBGA5AtApAnAcAZAIAJAAAA
4313060001001,BgBmBfBpBsBoBeBTA/AyAoAYATAQAEAGABACABBgBhBbBjBmBfBYBPA+AzAjAaAUARAJALAGABAB
4313086001001,AoBRB1BHBTBYBHBxBPBFA8AtAtAUAcAUAGADAABRAxAeBYBBAlBRBbBiBMA8AmAkA2AhASAWAAAF
4313102001001,BUBiBoBjBVBGBIBTBDBDA3AtAfAeAZAPACACAABNBSBZBmBLA7BBBKA8A/ArAwAmAcAUAfAGADAC
4313201001001,A+BDBPBdBfBUBVBPBNA/A9AmAfAfAaAOAKACAABBBFBSBVBYBTBSBMBGA+A/AiAlAlAgAQAPABAE
4313300001001,BJBOBXBZBaBOBRBWBMBCAsArAdAaATANADAAAABGBSBSBZBWBPBVBWBNBBA/AhAgAhAcARAFAHAB
4313334001001,BTA7BAB+BOA0BYBXBKBAArBCA7AbAcASAPAAAFAxBYBzBJA/BdA7BLBABAAuBBAZAkAZALAFAHAA
4313359001001,A9BBBSBQA4BFBjBkBVA9BNAgBFAoATAGALAFAABCBRA9BQA/A5BUBRBDA/AzAzArAxArAgAOAAAA
4313375001001,BqBnBiBhBVBSBSBMBJA/AsAjAdATAMAJAEABAABgBmBYBeBWBUBSBPBDAyArAhAYAWAOALAEAEAC
4313391001001,BQBMBeBgBGBNBVBQBJBEA9AzAkApATAMAGADACBOBIBOBdBDBDBMBGBDBDA0AsAmAgAWAdAHALAD
4313409001001,BMBTBaBaBVBOBbBiBHAxA0AdAUAVALAGAAAFAABNBWBSBWBXBXBqBnBSA7A8AeAiAaATALAGACAA
4313409001002,BiBkBfBmBaBWBYBVBPA4ArAaAUASAHACACACAABcBkBdBgBXBTBZBaBKA5AxAcAVAMAMARACABAA
4313409001003,BhBhBfBkBkBKBVBRBIA+AqAhAgAKAEAFADACAABdBcBXBkBYBSBUBXBNA9AnAhAfAMAVAKADACAD
4313409001004,BbBaBfBbBYBRBbBSBDAzAtAhAYARAPAHACAAAABTBbBjBfBXBSBWBcBGA3AwAtAqAOAUAPAEACAA
4313409001005,BBBBBKBLBMBOBSBYBMA7AqAmAcAYAVAKAHAEABBFBCBJBSBfBXBlBmBWBFAzAtAvAhAeAdAIANAC
4313409001006,ByB0BpBmBYBaBcBRBFAuAlAWAQAKALAFABABAABxBtBkBdBaBZBXBPA+AyAuAXALAZAHAGAEAAAA
4313409001007,B5B1BpBkBaBTBVBNA/AyAeAiASAJALAGACABABBxBtBhBhBaBVBWBPA8AzAlAgAXATAHAEAHABAA
4313409001008,BEBJBVBdBbBEBLBVBFBCAqA4AcAYAUAKAEAAAABEBGBRBeBYBIBRBbBQBHBAAvAkAtAVANANAFAD
4313409001009,BuBtBrBfBSBQBVBaBJA5AlAdAaAPAIALADACAABuBpBcBXBSBLBYBVBCAzAfAdAdAOANAOAEACAF
4313409001010,B5B1BzBhBTBYBhBgBCAtAaAVAKANADAFAAAAAAB8B1BrBhBRBVBiBeBAAmAXAdAOAMAGAHABABAA
4313409001011,BaBXBYBhBVBKBRBVBGA9AtAmAYANAUAJAAABABBPBaBcBhBbBMBaBVBKBEA4AmAnAWAUAFAFACAD
4313409001012,BNBKBLBdBhBNBQBWBGA7AxAmAiANAOAKAHACAABDBEBPBaBaBTBdBfBUBKA0AxAyASAVAQAKAEAC
4313409001013,BIBQBTBaBTBMBOBVBMBAA3AkAdAbANANACADAAA9BNBRBbBTBNBVBZBQBIA4AvAmAhAhARAIAEAB
4313409001014,BDBMBTBjBWBGBIBNBKBDA/AlAhAWAOAKAFADAAA/BDBOBeBYBLBPBfBYBKA0A4AoAfAbAOALAFAG
4313409001015,BuBqBpBdBTBPBcBhBLA5AjAZAPAIAGAGACAAAABpBuBlBbBWBRBmBeBOA1AjAVASASAEAIADAAAA
4313425001001,A/BMBeBSBMA8BKBTBUBKBCAhAkA2AYALAKAEAAA8BMBUBPA8A6BJBPBUBHA3BBApAgAeAXAPAIAA
4313441001001,BMBoB0BZA9BbA5BgBFBCAwAmA0AZAPAMAAAGAFBHBZBgBtA6ApBGBFBAA+A8A1AyASAiAUAFAAAA
4313490001001,BoBdBvBfBLA/BFBDBPBGAjA7AoAXAWARAFADAAA2BPBqBdA8BJBNBHBDA2AzAvAgAyAXAMAGAHAJ
4313508001001,BWBdBfBpBSBIBLBMBDA8AxAoAaAZASAKAEABAABUBXBeBgBSBMBPBVBHBAA6AiAgAcAUANAMADAA
4313607001001,BTBjBaBbA+BDBUBOBNBKBCAjAsAWAMAWAIADAABFBXBhBUA8A1BLBRBLA7AyAzAsAuAiAIAGADAA
4313656001001,BTBeBjBfBOBGBMBMBKBAA5AzAmAaAUANAGAEABBUBXBdBaBGBABJBRBFBAA8AhAnAZAPAOAIACAE
4313706001001,BcBmBnBnBMBFBIBHA8A5AvAkAfAUAPAMADAEABBcBiBlBmBSBKBMBUBJA5AnAoAiAcAUAKAHAGAE
4313805001001,BQBrBqBpBHA1BHBKBOBLA2AnAlAhAMAJACADAABMBmBtBgBKBRBJBQBCA7AtAkAbAaARAHAMADAA
4313904001001,BZBYBdBhBdBRBPBLBFA7AwAjAdAPAYAIAEADABBRBSBaBdBcBTBRBNBHA+AwAnAgAcAVAPAIADAC
4313953001001,BiBaBZBpBNBJBNBNBIA7A+AnAmAaAVANABAAACBaBWBbBkBQBJBCBOBEA/AtAmAdAgARATAEADAA
4314001001001,BMBWBbBYBHBJBSBiBXBPBCAfAcAcALAMAIABAABABLBbBaBSBDBQBUBUA/AqAtAiAbAcANAMACAA
4314027001001,BHBLBVBfBOBIBVBMBLBGAsA2AxAdAWAQAGAKABA/BNBOBYBFBDBDBIBEBAAwA8AnAsAuANAOAHAF
4314035001001,BLBWBVBoBTBGBNBYBZBIAqAoAdAvAPAJAHAAABA+BOBQBOBTBJBDBRBeA7ApA7AwAmAWAMAEAAAD
4314050001001,BpBsBjBfBcBeBeBaBDAyAnAWAQAQAJAGACABAABpBpBdBfBbBeBdBVBDAtAkAYATASAKAHADACAC
4314068001001,BgBgBqBlBOBIBcBHA7BGAjBHAcAjASACAEABAABaBtBeBWBOA8BFA6BBA4A4AoAjAUAcAJAHACAA
4314076001001,BABOBPBnBNA/BQBTBWBCA4AsAXA5ARAOAJACAABCBSBWBQBOA/BNBTBKA9A+AiAvAjATAWAUAIAC
4314100001001,BtBxBoBmBiBTBQBOA/AxAjAbAVASAHAFAEADAABnBpBkBjBeBMBSBQBBA4AxAUAcAOAQAEAHAEAB
4314100001002,BoBmBnBlBdBOBGBJBCA2AmAgAYASAHAHAGADAABkBcBgBmBjBQBNBRBKA8AuAhAdAQAQAHAGAEAE
4314100001003,BZBbBfBqBeBDBBBFA/A0AzAdAZAVAJALAFACABBUBYBfBsBgBMBMBUBKBAA5AjAjAdAWAPAJAEAC
4314100001004,BMBeBcBoBXBGBHBNBFA7AyAhAhAQAWAGACABABBOBRBXBlBWBMBZBQBQA/A1ApAnAeAYAMAPAAAB
4314100001005,A/BCBTBdBUA3A+BJBDA7A6AgAiAhAgAUAJAAAAA6A9BRBhBdBaBQBeBTBLA7AzApAsAnASAKACAD
4314100001006,A4A4BGBQBWBPBTBTBOA+AxASAcAWATACALAGAAAzA9BEBVBpBqBnBsBiBLAnBAAiAmAkAQAKALAD
4314100001007,BpBpBnBmBhBLBSBIA+A0ArAcAVASALADABADAABkBnBpBmBcBRBUBRBFA1AmAkAYARAOAFAJABAD
4314100001008,BqBqBtBsBYBKBLA/A+A4AnAoAbAYAPAFAGABAABnBqBiBhBQBIBJBJBCBAAoApAWAXASAKAFACAC
4314100001009,BTBPBbBnBbBHBDBIBEA6AmAhAaAWAQAIAFACAABLBPBdBrBiBPBSBdBRBEAxArAmAdAVATALAEAC
4314159001001,BKBNBXBaBPBPBPBJBJBCAyA2AnAoAdAVAHAAACBIBPBKBXBPBJBEBHBGA6A8AsAjAwATAWAUACAD
4314209001001,BSBUBYBbBHA9BEBKBIA8BCApAlAiAaAMAJAGABBLBPBTBXBHBFBNBJBIBCBDArAmAsAcAbAGAIAF
4314308001001,BFBkBoBeBLBOBKBNBOA+AoApAlApATALADAAACBKBYBfB2BIBDBJBTBDA6AzAiAjAZAWATAHAIAA
4314407001001,BOBYBTBcBRBKBJBOBBA6AqArAqAZANAHAEADAABWBVBSBcBTBKBLBRBPBEA4AuAnAgAYAWALANAC
4314407001002,BPBPBXBgBIBBBJBJBCA/A5ArAVAbAWAOAJADAABNBNBTBcBVBLBQBQBIBDBDArAzAqAZAUAIAFAC
4314407001003,AqAuBABRBLA9A0BTA7A4AwAxAnAmATAQAOAFACAoAvBBBZBhBRA9A9BZBMBFBOBCAuA8A6AlAUAK
4314407001004,AuA0BCBNBIA4A2BCBCA3AsA2AyAaAjAOAQADAAAwAqBCBZBYBFBIBTBTBNA+BWBEBCBAAgAXASAL
4314407001005,BLBHBLBZBVBCBCBGBAA5A1AiAmAhAbAKAHACAABIBFBPBgBaBLBJBLBUBDA/A9AyAuAhAeAMAGAD
4314407001006,BeBeBjBnBRBMBJBRBMA9AnAhARAOAUAEAAAAAABUBdBeBdBUBSBUBbBYBCAsAqAkAVAPALAIAAAA
4314407001007,BNBLBUBkBVBLBHBJA+A9A3AoApAVANAIADAFABBRBKBQBaBbBKBPBRBKBKA7A0AsAeAgATAJAEAF
4314407001008,A0A4BFBYBQBBA3A7A6A0AyAvAfArAlAVALADAAAuAzA8BVBcBLBEBMBNBNBaA2A8A3BJAZAfAQAM
4314407001009,BNBLBUBpBKBHBABFBOBEA6AgAYAQARAGACABAABMBRBWBlBTBHBQBeBgBXBDAtApAgAKATAEAFAA
4314407001010,BaBYBdBnBWBFBHBMBKA+A3AcAaARAQAIACABACBUBYBdBoBTBMBOBWBPBDAyAqAjAaASAQAHACAB
4314407001011,B7B1BmBmBQBQBRBNBAAsArAUARANAOACACACAAB5B1BfBdBXBWBVBSBDAzApAZAXATANAJAEABAA
4314407001012,BrB1BmBiBXBRBQBMA/A0AnAiAYARAKAHAEAAAABuBkBiBkBRBPBOBSA/AzAvAfAcATAQAMADADAC
4314407001013,BCBGBUBoBRA/A+BJBCA8A8AqAoAeAYAIAGAEAABCA/BRBjBXBDBIBZBMBKBCAzA2ApAcAdAJAEAE
4314407001014,BOBOBXBiBUBBA9BGBFA8AtAnAgAZAQAJAIABAABRBTBSBiBTBJBGBUBUBMA+ArAsAiAfAWAIAJAH
4314407001015,BaBZBTBeBOBFBQBLBEA6BEAbAhAUAOAFAFABABBWBRBbBfBUBKBTBQBJBHA1A2AiAeAQAXAEAGAA
4314407001016,BtBgBYBsBcBEBBA+A/A6AuAkAUAZAMAJADAAAABkBgBeBmBZBGBGBIBNA9A6AhAhAgAUARALADAB
4314407001017,BOBRBVBaBOBEBKBTBLBDA3AlAdAdASAIAEAAACBPBMBSBTBWBYBWBaBaBGA6AmApAUAhAGAFAGAC
4314407501001,BJBRBVBhBVBQBKBLBEBHA/AxAlAmAcANAMABABBKBPBSBWBHBFBABCA+A/A6AwAtAhAhAXAHAGAB
4314423001001,BHBIBZBVBkBcBiBYBQBAAuAoAnAbAYAGAEADAAA+BUBUBaBRBPBTBdBDAzAxAlAnASAeALAJAFAA
4314456001001,BGBxBeBpA2A1BZBbBPA6AvAgAfAXAiAPACAAAABHBvBrBlBABMBJBXA+A2A3ApAVAsASAPAEADAA
4314472001001,BZBsBcBhBNBKBQBNBIBGA3AtAmATAaAJAGAAAABeBgBxBiA/A5BGBFBFAzA1AjAZAjAWAOAEAAAA
4314498001001,BXBqB7BtA3BDA1BKBEBOAxAuAhAcAFALAIAHAEBXBfBrBnBGBABGA6BEBABEAfAiASAdAIAFAKAC
4314506001001,BKBVBaBVBFBKBNBWBOBCA+AuAvAkAWANAIACACBHBRBOBTBHBCBOBUBCA4AxAtAmAkAcAUAOANAB
4314555001001,BGBrCABkA2A2BKBRBAA8BIArAnAiAUAYAEAHAABBBVBtBiA5A6BOA+BBA/AzA4AcAnAOAXAKAAAD
4314605001001,BQBQBPBWBQBOBPBQBFA9BAA0A7AdAeASAJAHABBKBJBIBOBBBEBKBGBABCA+AyApAkAeARAMADAE
4314704001001,BUBlBhBqBIA7BHBLBEA/A4AdAjAaAaALADADABBaBhBlBkBLA+BGBIBPA5A4AhAiAiAYASAFAFAC
4314753001001,A/BUBMBEBMBWBFBIBSBLBXAkA1AcAcAnAAAAAAA5A2BaBwBCAmBABDBBBLBBAoA5AxAYAmAQAAAA
4314779001001,BaBvBoBqBSBMBFBOBMBCA+AjAnAPANADAHAKAABfBeBjBkA+BIBUBOA+A5AvAeAgAKAPAMACACAD
4314787001001,A4BsB1BVBEBBBXBRBPBABHAmA0AfAeAKAJAAAAA0BVA3BCBDAvBHBTBBBJBKA6AzAjAfAYAGADAA
4314803001001,BeBeBfBhBZBUBSBXBGA9AtAlAVAbAKAHAFABAABXBbBdBdBVBPBVBZBFA7AuAiAWAXAPANAHABAD
4314902999001,BsB3BlBiBaBNBNBKA+A/AqAaAVAQAFAEAHAAACBpBgBiBhBYBOBHBMBGA8AzAkAbASAQAHANAAAA
4314902999002,BfBVBbBlBYBABEBNBKA9AoAtAZAVARAIAJACAABTBXBOBrBWBNBLBUBLBAA4AmArAXAXALAJADAG
4314902999003,BIBLBPBmBaBHA+BGBHBBAzAgAfAVAOAMAHACAABFBLBNBkBcBJBMBXBVBRBCAwArAlAfARALADAC
4314902999004,BGBJBMBYBUBFBFBIBEA6AzAnApAXATALADAAADBJBKBMBcBXBKBQBbBWBGBEAxAnAuAiAWAOAEAE
4314902999005,AmAmAqBABhBlBPBNBDA6AyAiAlAbAfAUAIADAAAiAiAoBGBtBnBVBcBWBRBMA1A6A2A+AkAaARAK
4314902999006,AmAnAsA/BdBaBJBSBBA6AwAiAhAaAQARAIAEACAhAlApBIBpBqBaBmBfBTBTA+A6AzA1AqAhATAE
4314902999007,BPBMBSBfBZBKBEBKBFBAAwAmAhATALAHADADABBNBIBOBhBbBNBMBcBVBQBCAvAmAdAbAPAIAIAC
4314902999008,A0A9A+BPBLBLBJBPBUBGAoAuAWAiAQAQAFAHAAA0A0BCBVBWBYBVBoBoBSA7A9AuAsAoASATAJAD
4314902999009,AqAsA9BUBWBLBDBNA/A6A0AwAiAmAbAVAJAEAAAqAtAzBJBiBPBJBYBTBQA9BIA1A8AuA1AbAXAH
4314902999010,AcAiAqBABZBQA+BJA6AxAtAtAjAiArAcAQAKADAeAhApBGBuBYBKBVBOBTBQBFA8BMA7A1AkASAR
4314902999011,A4AyBBBYBRBLBDBRBIBFAwAsAmASAbALADADABA3A6A9BXBdBXBRBcBfBUBAAzAyAsAtAfAOAJAC
4314902999012,B1BwBqBmBdBRBKBDBBAzAmAcAVAOAIAGACAAAABzBtBhBlBcBVBLBKBGA4AnAfAZATAPAGAEACAB
4314902999013,BMBLBOBcBWBNBEBLBGA8AyAkAiAZASAFAFACACBKBGBNBaBbBPBNBTBQBLA6A0AlAqAgATAPAHAF
4314902999014,AwAyA+BNBUBFA/BEBFA+AwAsAlAdAbAcAHABACAuAxA/BTBTBLBIBXBcBWBCA5BDAzBBApAYAQAC
4314902999015,BbBaBaBkBZBKBLBOBGA8AwAiATAXAOAHAGABAABYBXBVBdBaBLBPBYBKBFA1ApAhAbAdAHAGADAD
4314902999016,AtAqA2BSBTBFBDBIBGBCA0A2AeAiAbAUAKADABAoAsA6BTBfBPBPBaBgBbBUA7AzA2AqAgAaALAF
4314902999017,B0BoBlBoBdBPBKA+A5AzApAeAWAOAHAGABABAABrBnBjBoBeBSBLBHBBA9A2AlAbAWARAJAHADAB
4314902999018,BNBPBVBbBZBLBLBOBLA/AxAiAXAQAKAIACABAABKBOBSBeBdBQBTBhBfBTA9AvAjAeAPAMAGADAD
4314902999019,AvAvA5BNBWBKBABMBDA8AsAuAfAeAVAXAMAEAAAuAuA0BPBfBSBOBhBaBVBTA2A/AzAzAqAZAMAE
4314902999020,AxA3BGBXBRBGBBBKBHA+A4AoAvATANAJAEAFACA2A6A9BXBZBOBRBgBbBeBHBBAxAqAiAlANAOAG
4314902999021,A5A9BGBRBSBFBEBKBEA+A1AiAfAmAUAQARAFABA6A+BCBWBPBOBJBTBdBKA8A5AzAtAlAuAUAQAJ
4314902999022,BrBlBhBoBZBPBDBHBBAxAqAZAZASALAFABABADBqBfBgBkBfBOBMBOBGA7AsAnAjAVAWANAHAFAC
4314902999023,BbBZBcBkBYBNBJBNBEA6AtAhAYAXALAHACABAABXBXBaBiBcBNBOBVBMBEA2ArAgAcAUAMAIADAC
4314902999024,BxBmBlBkBVBMBKBMBEAqAiAdAdARALAFABAAAAB0BoBcBhBXBPBPBUA/AzApAmAfAdAeAHAGADAA
4314902999025,BiBcBZBeBaBJBPBMBCAyAlAhAaAXAMAKADACABBaBSBTBZBZBRBWBWBMBAA5AnAmAjAYAOAHADAA
4314902999026,A6BCBQBfBcBIA4BJBJBGA4AtAfAcAYAEACADAAA6A/BLBdBdBEBOBXBcBXBEA7AvAvAWAOANAGAB
4314902999027,CFB9BtBkBbBXBKBJBBAtAbAZAQALAIADAAABAACGB1BkBhBhBUBOBMBAAvAhAYAUAMALAGABAEAB
4314902999028,BYBZBbBcBSBJBPBXBGA1AxAbAPATALAHAIADAABVBSBWBcBVBTBfBfBUBFA7AkAnAfATAIAJABAB
4314902999029,BiBeBjBkBRBPBLBSBOA/AiAlAXAUAHAEADADAABeBhBdBcBWBKBRBeBRBDAyAfAYAWAUAGAHACAB
4314902999030,AvAyA7BKBYBMBDBKBGA7A4AuAyAiAhANAFACACAxAwA7BTBXBPBLBRBTBKBDBGAtA3A/AvAUAIAD
4314902999031,AxA7BGBWBPBLBCBHBEA/A3AyAiAhAdASAIAGAAA2AyBFBPBYBHBJBZBXBLBDBCBAApAnAfATAPAD
4314902999032,A/A+BLBZBeBOBFBNBGBAA1AzAiAbAaAGAKAAACA8BABJBdBZBMBKBaBNBQBLAxAvAnAjAQALACAB
4314902999033,AuA1BBBSBYBFBDBTBRBIA6AtAkAcATARAFADAAAtA2A/BaBgBRBRBkBpBWBNAyAqAfAiAZAMAGAD
4314902999034,B1BqBfBiBZBSBIBFA+AuAlAhAUARAOAGACAAABBsBjBdBiBhBTBOBJBGA5AyAhAdAbAVAIAFAEAC
4314902999035,BdBZBYBpCGBgBWBNBHA0AuAYAVAOASAHAFAAAABdBRBSBcBcBJBHBLBFA4AwAkApATATAPAJACAB
4314902999036,BhBdBbBmBZBRBFBIBCA2AvAcAUAYAKAJAFACACBcBbBcBiBdBMBMBPBIA+AxArAlAYAWATAJAFAB
4314902999037,BlBeBdBsBaBMBBBFA9A0ApAeAWAUARAKAEABABBgBdBcBjBdBMBIBKBLA/A0AnAjAiAWAVAHADAC
4314902999038,BEBJBPBbBVBGBABKBCA9AtAsAcAbAVALAIAFAABABABNBZBcBPBKBaBWBLBDAuAlAvAoAaAOAIAE
4314902999039,BdBYBcBhBcBLBLBLBMA8ArAiAWASALAEADAAAABVBYBZBhBcBSBRBZBTBJA9AgAfAXAQALAFADAD
4314902999040,BvBmBhBdBPBTBNBOBEA4AyAiAgASAMAJACAEAABpBfBbBXBYBQBRBHBDBAAyAeAXAYARAKAFAFAA
4314902999041,A8A8BKBVBWBFBABPBNBEA+AoAhAeAcARAGABABA3A6BEBWBYBLBJBdBdBRBKA0ApAuAnAUAJAIAD
4314902999042,BDBJBUBoBhBCA4BFBLBGBAAsAiAUARAIAEACABA/BEBPBkBfBKA/BaBZBUBIAuAsAbAXARAIADAE
4314902999043,BmBkBmBnBgBWBIBOA9A5AtAeAOARAGALAFAAAABpBhBXBkBfBRBQBQBLA6AzAdAcAYAKAJAGAAAC
4314902999044,AxAuA9BUBVBGBFBEBDA9A3AnAkAdAbATAGAEABAvAvA4BRBeBSBMBYBcBXBMBCA6AyA0AeAXANAD
4314902999045,AnAiAnBABWBZBKBEA+AxAoApAiAnAjAaAMAAAAAiAkAyBEBgBiBWBcBbBTBFBKA9BGBHAnAfAQAF
4314902999046,AoArA4BPBSBAA5BIBGBIA5A6AoAkAhARAHAEABAmApA1BUBgBPBMBbBgBgBOBDA3ApAuAfAaAMAF
4314902999047,AlApA2BNBXBFA8BJBGA7A1AwAvAdAfASAJAJABAmApAxBPBiBRBLBeBXBXBNBKAyA9AvArAcAOAG
4314902999048,BCBEBLBhBeBJA+BGBFBBA5ApAnAeAUANAHABAABABABJBdBiBNBDBNBTBMBEA4AsApAgAUAIAFAE
4314902999049,AyA6BEBXBRBDBABHBIBHA6AnAuAcASAPAEADAAAwA2BGBYBZBNBLBaBhBZBIA/A3ArAmAWAOALAD
4315008001001,A3BRBUBcA9A4BEBNBLBIA9BFAlApAUAWAIAGAABFBUBWBXA8A1BFBMBFBMBLA2AfA1AiAQARAHAA
4315057001001,BHBQBiBpA/AwBPBRBYA3A4A3AlArAWAPAAAGAABABWBVBlBIA3BTBJBHA8A8AsAgAtAdARAQACAF
4315073001001,BBBlBuBhA1A6BLBQBABjBAA1A0AmAIAOAOAAAEA6BXBfBDAzA9BKBHBPBDBIAyA+AQAXALAHAAAA
4315107001001,BYBjBjBmBLBJBHBGBKA8AmA1ApAeATAHACAEACBUBiBdBkBNBJBBBKBGA6A1AmAfAaAWAOALACAE
4315131001001,BuBOBfBsBSBCAuBDA6A9AtAkA/BOAeALAAAAAABXA4CABfA3AwA9ArBPA3AsAzBCAXAuAVAAAEAE
4315149001001,BHBbBwBZApBTBmBhBcBbAuAgAVAmAUAYAAAAAABIBOBWBMBkBIBGBPA0A0A7AOA1AZAXAaAMAAAA
4315156001001,BSBvBfBZBIBCBbBWA9BHA4AsArAcAPALALACAABKBqBiBYBCBBBKBGA6A2AsA3ApAaAYANAJAAAA
4315172001001,AzBaBpBMBIBgBnBOA/BgBeAuA2AeADAEALAAAABBA1A+BjBEAwBHAvBKBCBcA1AsAmAZAEAPAFAA
4315206001001,BHBkBgBlBJA8A2BNBGBXAuA/AuAXAfAVAAAEAAA+BABSBVA4AxA9BIBQBBBFA3AvAnA2ARATADAA
4315305001001,BZBfBZBfBVBJBJBOA5A1AuApAqAaATASAIABABBbBcBZBUBKBLBJBNA+A3A1AwAuAaAZAWAJAIAD
4315321001001,BVBgBvBgBLBPBcBUBEBJAhA3A0ATAVANAJAAAABLBjBZBeBABDA7BFA+A7ArBAAcAfAFAOALAFAA
4315354001001,A2BKBYBTBGBGBHBSBPBCA4A/AwAhAcAUAEADACA3BSBSBZBFA8BTBJBCBPA5A3AjAlAjATAOAQAA
4315404001001,CGCABxBnBHA3A4BBA4AyAhAbARAdASANALAEAECLB5BzBoBHA9A/A+A1AvArAYAYAgAQARAHAJAD
4315453001001,A8A4BoBkAwAcA3A9BMBZAjBTBHAxAiAVASAHAAAfBOBCBQA3BIAxBQBQA/A3BNBBAwAVA0AgAAAA
4315503001001,BPBXBZBdBHBBBKBOBJBAA1AsAkAcAbAQAFAHAABRBZBYBYBFBCBKBOBGA8AyAvAuAmAZASAQADAF
4315552001001,BUByBlB2A8A4BEBPBGBBA1AlAoAhAXARACAAAHBcBlBpBdA/A6BDBMBCA4A2AhAuARAUAIAFAFAG
4315602001001,BVBPBWBeBRBJBCBHBCA+A4AkAkAaARAIAOABAABRBMBRBdBXBGBHBOBKBEBBAxApAnAiASALAEAB
4315602001002,BlBZBdBlBXBLBFBLBFBCA3AfAWASASAIAEABAABdBaBdBjBVBKBJBPBKBDAvArAhAbARAMAGADAB
4315602001003,A8BHBTBdBXBHA8BHA+A+AuA0AdAdAoAMADAEAAA9BDBLBgBOBCBCBTBMBKBVAnAxA7AnAVALAOAG
4315602001004,A9BCBMBXBNA+BABHBGBCA3AqAlAhATAVAEADAEBEBEBLBbBTBEBIBVBLBOA5A+AwAtAzAcARAKAC
4315602001005,B/BzBpBhBeBZBNBOBIA2AwARAXAOADADACABAAB+BzBiBmBRBKBKBKBBA1AnAVAUAIATAFAEABAB
4315602001006,BeBXBgBsBbBFA+BMBTBHAtAkAUAOAHAEACABAABSBZBdBvBXBBBKBjBjBMAvAgAaASAQAJADAGAB
4315602001007,AzA3BABWBYA9A1BABKA8ApAsAmAoAVAUAUANADAwA2BCBVBQBCA/BOBHBPBDBDA3BBBDAnAbAYAH
4315602001008,BZBVBiBsBZBFBHBOBJBIAzAlAdAWAOAJADAAAABdBWBaBeBVBMBPBSBNBFAvAmATAeAQALAGAEAC
4315602001009,BiBkBbBdBRBDBLBQBAA9AuAlAVAXARAFAEACAABhBjBcBgBTBPBOBJBMBAAwApAjAaAZAOAGADAA
4315602501001,BYBYBUBbBIBOBEBQBEBHA1A6A2AYAbAJAKAGAABRBVBTBYBCBGBMBEBBA8AqAzAjAgAUAVAQAMAC
4315701001005,BZBgBbBhBOBEBBBHBBA7AwAlAjAWAQAMACAEABBRBcBaBeBOBEBOBQBOA/A0AtAmAjAaAXAMAHAE
4315701001099,BKBVBbBZBEBKBMBUBHBCA0AzAuAhAfARAFACABBNBYBRBbBEBDBKBNBBA2A2AxAuAgAeAQAGAHAE
4315750001001,BWBgBaBiBYBPBWBJBKA+BAAmArAUAXAKACALAABdBTBSBcBTA+BPBKA6AzAnArAcAgAbASAGAHAA
4315800001001,A9BDBTBiBMBFBJBNBLBKA5AuApAgAoAQAPAFAAA6A+BJBRBIA+BEBOBNBGA3AvAyAzApAZASAFAC
4315909001001,BOBOB8BnBNA9BQBRBKBCAwAjAXAfARAHALACACBJBkBSBtBRBHBBBSBFBCArAoAlAeAXAOAOACAA
4316006001001,BYBeBeBcBUBVBVBTA/A4AxApAgAiAKAPAIADABBPBbBbBUBWBMBUBNA6A2A0AjAoASAZASAJAFAB
4316105001001,BNBeBmBkBLBHBHBFBBBAAwAuAkAZAZANAIACABBLBVBfBeBNBFBPBLBGA8A+AkAqAfAYAQAIAFAD
4316204001001,A9BIBTBUBABOBNBUBLA+BAAvAuAnAgAGAHACACBDBSBQBXBGBKBOBKBFBBA5A3A7AeAYAcAIAFAA
4316303001001,BOBRBrBkBCBBBKBJBIBCAvA3AnAhAVALAGAGAABLBgBiBdBABBBKBJBEBAA0AyAvAbAYAOAJABAD
4316402001001,BWBZBbBiBMBBBHBKA/A3A1AoAmAdAYAKAJAEACBUBaBZBaBMBFBMBQBCA9A4AtAtAgASAVAOAFAE
4316428001001,BJBhBxB3BNA8BPBHBTA9A7AmAmAlAVAGAMAAAABdBPBjBcA7BGA/BPA5BEAoAnAmAVAdAOANAAAD
4316436001001,A/BPBWBgBHBOBNBTBKBKA3AxAsAYATALAKAEAAA5BPBJBhBLBABVBYBHBIBGAyAmAfAPAWAMACAA
4316451001001,BhBlBmBjBSBKBOBLBGA2ApAoAjAVAJAMADACAABgBhBlBlBWBPBLBSA+A1ApAlAgAVAWANAGAAAA
4316477001001,BHBMBhBQAwA4BQBqBRBEA6AyAmApAWAPASAGAAA+BIBwBNA/AzBTBIBSBRA0AsAoAnAZAOANAJAA
4316501001001,BKBOBWBaBaBXBVBcBJBEA3AnAXAlAcALADAIADBBBPBXBXBNBKBGBOBCA/AxAmArAbAUAZAOADAC
4316600001001,BHBSBeBYBFA+BHBYBQBHA5A1ApAUAWAHAEABADBCBOBZBeBBBEBOBYBNBNBCAsAeAlAXAUAIAIAB
4316709001001,BTBlBbBnBPA/BPBUBJA7ArApAaAaAVALADAEACBTBeBhBcBJBOBXBaBFA6A6AhAiAZAPAIAKACAB
4316758001001,A6BSBXBcBUBJBMBNBPBNBHAkAkAbARAXAFAHAAA1BFBPBkBWBGBABKBGBKA0AwAwAgAWAUAVAJAA
4316808001001,BMBJBWBaBeBJBGBSBJA7AtAsAfAWARAMAEACAABGBFBQBfBWBEBVBVBQBLBBAkAiAxAkANAPAEAD
4316808001002,BCBLBSBZBUBNBOBVBRBAAsApAiAaAPAHADAAAABFBOBSBcBaBNBWBhBOBHA2AoAkAfAdAUAIAIAA
4316808001003,A7A/BPBaBTBNBHBPBJA/AsAuAWAcATAKAHAFABA6BCBHBeBpBYBWBaBRBJA0A3AlAqAVAaAXAKAE
4316808001004,BoBiBjBiBTBPBTBRBBA3AjAcAYARAOAEAEABABBnBkBdBhBSBSBYBQBDA4AtAlAcAcARAMADAFAB
4316808001005,BZBYBVBbBUBaBiBcBQBBAwAXAaAKANAFABAAAABQBSBVBaBWBdBlBfBYA8AqAiAdAMASAHAGAEAB
4316808001006,A/BLBXBiBRBRBOBRBNBKA7A0AiApAbAOAFADACBEBIBMBQBCBBBBBABEBJA9A0AlAoAhATAWADAD
4316907999001,AqAtBCBdBoBLA7BBBBA4AwApAhAfAXAPAFADABAoAzBABqBuBUBGBaBbBTBMA0AxAqAqAmAYALAE
4316907999002,A6A9BJBeBgBVBIBQBFA2AsAhAoAcASALAJAEAAA5A9BKBgBgBLBRBVBVBKBLA8AnAkAbAYANAFAH
4316907999003,A+BHBQBZBfBJBDBKBGA6AyAoAnAPAWAJAJAEACA4A/BKBeBcBQBOBZBPBQA/AxA4AlAYAaATAJAD
4316907999004,BbBdBZBmBgBFBFBKA8AzAsAlAhATAOAKAEADAABbBUBXBnBXBNBMBRBIA6A/AiAjAgASAZAIAIAC
4316907999005,BaBZBWBfBcBLBDBJA8AxAoAkAfATAQASADACABBSBSBTBiBdBSBGBRBHBBAsA4AwAjAdATALAFAD
4316907999006,BUBdBRBjBcBLBIBOA7AxAtAmAWAYAWAOACAEAFBXBYBZBhBQBOBLBQBIA/AtAyAvAhAUARANAEAC
4316907999007,BPBTBYBqBNBHBFBMBEAyAwAkAdAgAQAJABABACBSBZBaBiBRBEBPBXBMA+BEAgAqAdAgATAOAGAC
4316907999008,BoBhBiBoBXBRBOBOBDA3AoAgAZAUAKAFABACADBeBjBdBlBWBOBPBWBJA1AuAkAdAUAQANAGACAB
4316907999009,BVBeBeBiBVBLBKBRBHA7AwAiAZAOAPAKAHACAABSBcBfBlBWBJBQBZBQA9A0AgApAUAWARAFAAAC
4316907999010,BPBUBfBpBbBSBNBOBNA7A2AbAjAKALAJAFABAABNBNBXBnBZBUBQBcBRBFA4AiAZAYATAOAHACAD
4316907999011,ByBrBkBiBWBUBSBOA4AuAsAcAcAJAGAJACAAAAB2BxBbBeBXBVBLBNBHA4AtAgAUAVALANAGADAC
4316907999012,BfBcBjBjBUBRBJBYBMA4AlAYAXARAEAGAFAEABBYBbBhBpBZBMBYBjBYA9AnAjAYAWAPAKAGAEAA
4316907999013,BSBQBTBZBOBFBOBPBDA/BBAtA6AkARARALABACBOBQBRBXBHBDBHBFBDA9A3AvAlAgAkAZAGAEAE
4316956001001,BIBIBUBfBeBYBjBgBRBEBAAeAbAfAVAGAJACAAA+BPBTBbBRBOBQBHBEBCA1AjAhAZAZAJARADAC
4317004001001,BOBXBUBPBHBNBTBOBEBAA4A3AoAtAgANAMADACA/BTBPBLBCBHBPA+BBBCA+AyAqAlAeAUAPAEAE
4317103001001,BuByBgBeBPBHBFBOBCAyAsAiAeAUALAGAHABABBrBpBYBeBPBKBSBRBEA1AuAjAfAeASAPAHAEAA
4317103001002,BRBeBcBmBRBBBABSBCA3AxApAYAfAQAFAHACAABUBWBdBeBPBKBOBZBOA/AwAzApAdAaAPAFAHAD
4317103001003,BoBmBlBjBSBDBIBGBAAxArAlAXAVARANADACABBwBvBcBgBOBNBNBQBIA5AvAjAdAgAOAOAEADAB
4317103001004,BBBGBQBZBGA9A9BGA/A2A3ApAwAjAYANAJAFAABEBGBQBVBPBIBIBQBKBBA+A/A1AsAoAaAdALAO
4317103001005,BoBmBcBiBSBGBPBYA9A7A7AxAbAlAaAGAFAFAABnBfBZBXBNBHBJA+A7AxAxAhAjAcAOAMAJAFAC
4317202001001,BXBfBeBhBWBQBPBNBDA4AwAiAXAUARAKADACABBSBXBcBdBbBTBVBUBJA9AxAlAfAbATANAGAHAB
4317251001001,AeBpBrA6BHA+A/BBBdAyA7BhA8AkA9AHAHAFAAAXBIBhAkAzAvA2BlA4BYAtBLBFBJAjATAOAKAA
4317301001001,BdBcBYBiBMBIBNBSBEBBA3AqAhAdAYANADACADBVBaBbBbBMBHBNBOBEA4AsArAiAdARASAKAFAE
4317400001001,BPBVBbBjBUBDBLBKBCA4AzAlAeAeAVANAHAFABBQBVBZBeBUBJBQBPBHA+AyAzAsAdAVATALAFAD
4317509001001,A/BCBOBeBSBDBJBKBCA8AtAoAmAaAPALAIAGACA5BEBRBfBeBTBWBdBTBFA/AwAwAdAdAjAOAHAC
4317509001002,BlBmBfBhBSBLBKBMA8A2AuAaAeAUAKAKAJAAABBfBZBfBgBXBUBZBQBFA3A0AfAWAjANASARABAB
4317509001003,BaBiBlBoBUBOBPBGA/A3ArAiAZASAYAEACAAABBcBhBgBeBVBTBSBRBIBAAqAlAhAYAVAPAIAAAA
4317509001004,BlBjBmBgBOBHBDBKBDA+A0AuAlAYAaAMAIABAGBaBkBZBWBFBDBDBIBBA8AuAxAmAeANAPAGAJAC
4317558001001,BGBOBcBoBnBbBlA4BJA/BCAjA/ASAWAJADADAABABYBRBQAwA1A/BTBKA8BDAjBBAeAkANAGAAAE
4317608001001,BVBYBYBgBPA7BQBUBGA6AsAvAhAUAWALAJADAEBPBUBYBeBXBVBUBMBHA9A3AlAnAeAXAMAHAHAC
4317608001002,BOBVBUBWBKBKBNBRBEA6A2BDA9AjApALANAHABBPBRBQBRBAA/BIBEA4AtA6AyA3AaAWASAQALAB
4317707001001,BOBfBoBlBNBGBGBHBEA/A3AyAkAcAbALAFAIABBTBYBgBWBEBHBEBNA/A7A3AqAtAZAXAQAJAEAC
4317756001001,BrBXBYBSAsA5BnB2A7A1AvArAwAjAAAQAEAHAABDBPBgBSBgBJA4BIBVBEAyArAvAZAeASAAAPAA
4317806001001,BRBeBmBmBOBLBIBJBHA8AsArAgAWAQALAEAEACBOBaBdBjBTBNBQBSBGBAAyAoAhAeATAOAHAEAB
4317905001001,BIBWBkBhBKBEBUBYBQBBA6AkAjAiARAKAGACAABGBQBbBXBBBDBQBRBOBBAxAyAkAdAdARAJADAC
4317954001001,A+BNBaBpBQA8BQBdBPA9A9BFAaAUASAFAAAFAEBBBdB+BLA3BLBPBFBCBSBJAuArAHANAOAVAEAA
4318002001001,BfBkBlBlBVBIBIBIBBA4AtAoAfAWAOAMAGADABBZBfBgBcBUBMBLBPBEA4AyAkAfAcAUAOAJAHAB
4318051001001,BDBaBKBfA6BNBNBQBTBkBXAcAjAQAOALADACAEBCBTBoBOBGAzBDBaBFBGA/AoAcAbAvAZAHACAL
4318101001001,BOBXBaBaBIBFBGBHBHA9A1AuAvAfAZAOAEAEACBNBYBdBiBGA+BNBKBDBDAxAzAiAiAmALAPAFAE
4318200001001,BeBfBfBiBSBKBJBNBEA5AyAuAbAfARAUAKAEABBaBeBaBXBJBFBLBLBBA0AsAwAgAoAUALAJAEAE
4318309001001,BYBWBWBgBUBGBHBIBFA5AyAqAmAaARALAHADABBSBYBVBaBSBJBLBPBIA9A2AxAnAkAaAOAKAGAC
4318408001001,BUBYBXBhBcBHBUBGBHA8AyArAhAaAWAGAIADABBPBcBZBkBQBIBBBPBHA/ArAzApAcARAQAIAIAD
4318424001001,BGBVBiBcBDBOBNBXBCBPBCA2AdAiAKARAPABAABGBTBMBQBDA5BSBDBNBDA5BIAgAfAaAUAJADAA
4318432001001,BDBQBaBXA/A1BABOBPBPBEAhAiAuAjAVAMADAAA3A1BMCCBCAqBSBABUAlAzAuArA7AyAaAWAYAA
4318440001001,A5BPBeBZBJA8BUBRBSBbA0AyAvAaAKALASAAADA8BQBSBqBABDBGBQBJBJBGAjAsAQAoAbAAADAF
4318457001001,BIBmBkB9A+BABMBBBdAuBCA3AbAwALADAGAAAABWBYBsBLA6BABFBLBuAvAuApA1ATANAIAQABAA
4318465001001,BXBqBrByBOBOBMA2BGA4BDAsAWAoARAKACAEAABJB4ByBYBYBNA0AtBCAoAwAoAqAjATAIAHACAA
4318481001001,A6BOBPBSBjBTBhBYBPBNA2AlArAdAbAJAHADAABHBZBYBWA+BQBXBNBRA0AuAZAwAOASAWAUABAD
4318499001001,BHBIBZB7BPA8BMBIBRBRA6A8AjAVAhAMAGAAAAAuBPBmA0A4A5A4BYBDBNA/A/AqA2AkAMAFAIAH
4318507001001,BWBfBcBcBLBMBSBcBRBEAuAxAdAbAQAOADABADBXBYBTBVBFBLBRBRA4A7A0AjAsAdAaALAHADAB
4318606001001,BHBaBbBXBABCBNBXBMBCA8AjAmAhAVAOACAHADBMBUBRBUBBBJBVBUBQBCA/AqAnAmASAQAOACAB
4318622001001,ByBcBlBZBRBSBVBPBNAyA6AWAhAaAPAMADADAAB6BtBmBPBJBEBSBPA0A0AiAnAnARANAGALABAA
4318705001001,BoBtBnBkBhBRBMBKBGA2AqAiAXAPAIAHADAAABBfBhBhBgBYBUBPBUBGA4AqAlAYAVALAKAHAAAB
4318705001002,BZBVBYBcBUBRBWBXBIA+AsAjAaAPAMAIABACAABVBXBWBhBWBUBWBZBLBBA6AjAgAZAUALAGACAB
4318705001003,BpBpBqBwBeBNBIBTBIA5AfAhAaAEAGACABABAABjBjBnBrBcBIBSBaBOA+A0AVAVAOALAIABABAC
4318705001004,BlBiBpBmBRBMBWBXBPA7AvAQAVANAHAGABABAABcBnBlBjBUBQBZBiBQA7AjAdAaANAKAIAHAEAA
4318705001005,BmBpBhBpBeBXBSBQBHA8ArAaAaAFAJAGAAAAABBnBgBjBhBfBSBQBTBIA3ArAhAVASAOADACADAD
4318705001006,BWBRBgBdBrBXBPBMBHA4A9AgAYATAPAGABAAAABRBWBVBfBbBbBTBJBOBFA8AhAeAXAOAJAFACAA
4318705001007,B/B4BsBlBYBUBSBOA9AtAlAZAOATAJAAACAAAAB5BwBrBfBaBRBVBLA9AzAhAfASAQAMAFADADAB
4318705001008,B2B1BnBcBWBVBbBYBGA0AmATAUAFAEADAHABAABwBxBtBhBVBWBcBXBGAuAdAaAOARAGAIAEAAAA
4318705001009,A6A7BHBbBWBKBLBLBKBFA4AqAlAVAZAUAHAEAAAuA5BDBbBXBPBSBaBTBIBQAoArA0AaAaARAIAI
4318705001010,ArArA2BHBcBdBUBPBHA+A/AWAjARASASALAFAAArAsA1BIB1BoBhBpBbBMBFA1AvAtAgApAVAHAC
4318804001005,BUBZBbBeBTBEBFBMBFA5AyAoAcAcAQASAHABABBTBZBXBgBQBHBPBPBLA8A3AmAiAkAYAQAQAIAF
4318804001099,BHBIBSBbBXBMBLBSBJBEBFArAqAnAgAUALAGAABBBIBNBaBEA2A+BFA+A+A5AwAwAuAhAWAQAGAC
4318903001001,BWBhBoBlBRBDA+BCBBA5AzAlAfAYAWANACAEADBQBZBmBkBMBFBKBOBJA+A0AsAjAgATASALAKAC
4319000001001,BMBaBaBdBWBQBWBgBMA4AoAoAjAPASALACACACBJBXBYBYBSBPBcBbBJA5A0AmAgAfAUAMAEACAD
4319109001001,BBBRBXBrBEBHBCBPBKBLA/AwAsAYALAUAIAEACA+BPBUBeBIA7BEBWBPBEAyA/AqAcAhAQANADAC
4319125001001,BOBLBbBbBDBCA8BWBHBLBCA2AjA2AhAeAWAAAGBMBLBDBTA5A+A5A6BJA7AtBCA/AsAXANARAFAA
4319158001001,BcBlBfBlBMBRBJBJBLA+A8AfAnAcAWAKAHAEADBfBiBiBcBLA2BMBOBFA6ArArAeAUAMAHAOAAAD
4319208001001,BgBrBzByA+A5A8BDA+A/A6AoAjAdAbASAKADABBRBvBcBZBAA9BBBMA7A4A/AhAgApATALANAHAE
4319307001001,BNBXBkBsBBA7BKBQBTBIA5AqAnAcAYALAHADACBEBTBhBXA5A6A/BMBSBEBFAbAsAiAjAYADAFAC
4319356001001,BnBvB2BSBABHBpBYBSAxA2AcAYAYASAKAAAAADBPBQBFBhBsBSBOBPA6AwAxAjAiAXAZASADAAAA
4319372001001,BHBmBKBcA/A4BgBXBYBHAyA3ApAYAcAQAAADAAA6BKBpBbAzBABHBYA+A+A+AqAzAiAkAOAJAJAC
4319406001001,BHBWBcBfBFBFBIBGBDA7A5AzAnAiAWAZALADABBHBKBUBcBKBGBDBKBDBDA1A0AsArAfAZAOAGAC
4319505001001,BRBPBfBdBPBJBOBcBNA+AxAkAgAWARAJAHAAACBQBUBYBbBRBKBUBUBLBAA1AmApAZAVALALAHAE
4319604001001,BNBWBdBXBLBABHBSBIBFA4ApAmAcAeASADADABBNBWBTBSBKBBBMBSBNA/A5ArAlApAdAPALAEAD
4319703001001,BJBmBeBdA+A5BIBOBMBRArA4ApAgAXAQADADAAA/BZBcBiA6A9A/BHBJA7A4A/AlArAjANAJAJAA
4319711001001,A2BBBJBvA1BHA+BXBnBBBUA3A8AqA5AFAAAAAAAlBIBYBJA/AmA+A+BDBVBMAwA0AdA0AYAKALAE
4319737001001,BzBpByBTBCBCBJA2A3BhAwAvAiAdAXACAQAEAEBpBbBtB0BQA+A9A+A/AbAzAkAnAVAKATAEAEAE
4319752001001,BVBOB7BnBJAxBiBnA0BDAhArAiA3AWAIAKAEAABGBMAoAvBlA8B0AwAsA0A2A6A/AaArASAaAIAJ
4319802001001,BfBcBeBjBIBIBNBNBFA+AwAkAoAlAMAOAFAEACBgBcBYBdBIBABMBMBGA6AsAmAZAjAeASAKAGAC
4319901001001,BUBWBUBkBZBWBaBYBFA7ArAhAaAVAKAHAHACAABRBSBUBXBcBWBfBWBLA4A2AgAkAVAVARAGAFAA
4319901001002,BxBwBkBpBfBiBnBcBAArAUAhANAJAHAEADABAABsBuBiBfBZBfBbBWA8AqAjAaAUAQAGADADAAAA
4319901001003,CABvBlBlBlBlBkBRA8ArAdAVAKAOAOADABAAAAB0BwBgBhBdBjBWBPA4ApAcAeARARAGAFACAAAA
4319901001004,BWBYBaBfBeBWBaBSBIA0A2AbAfAQANAFAHAAACBTBSBaBbBcBUBTBWBLA5AqArAfAZAOAPALACAE
4320008001001,BnBkBdBfBZBUBQBMBBA+AuAkAeAMADAHACAAACBYBcBmBjBfBNBTBYBGA7ArAuAXASAWAHACAAAC
4320008001002,BlBmBkBmBgBMBQBPBJA7AuAjAWANAJACADABABBiBhBiBoBWBOBUBQBLA+AqAiAbANAOAGADABAB
4320008001003,BZBSBaBjBfBQBHBHBHA9A2AnAfAOAKAHAFAAABBUBVBaBhBiBOBFBOBNBHA9AmAfAbAOATAEAHAC
4320008001004,BwBxBpBaBUBYBcBaBJA1AkAXAQAOACADABACAABxBoBmBgBcBcBcBYBCAzAlAWANAKAMAHACACAB
4320008001005,BdBcBeBgBfBVBVBMBIA+AuAcAWANALACADAAAABgBYBYBgBeBRBTBWBUBDA1AnAbASAHALAIAAAA
4320008001006,BCBKBNBaBeBMBGBNBHBEA4AxAoAYARAIAEAAAABABDBOBjBhBJBJBQBOBNBFAxAuAaAcATAIACAG
4320107001001,BQBXBZBeBRBHBKBMBEA9AzAnAcATAQAOAIAAADBNBeBdBfBcBSBSBWBFBCAjA0AlAfATAPAJAEAD
4320206001001,BSBdBpBnBGBABFBGBLBBA1AmAlAeASAQAFAEAABSBUBkBaBLA/BIBNBKA+A6AoAmAcAaAUAKACAD
4320230001001,BSBWBcBsBBBDBDBQBKBKAsAoAfAgAmARAEAGAABVBVBZBdBUA6A7BLBUA7ArA4AtAcAOAZADAJAA
4320263001001,BeBnBfBqBZBJBSBMBDA2AxAsAjAWAWALAHACAABdBlBYBiBIBDA9BLA9A0AzArAmAgANAPAGABAB
4320305001001,A/BXBXBWBGA4BbBeBLA5A4AiAqAPAgAVADAAAABHBSBhBiA/BHBNBhBSA6A4AmAhAsAdAUAKACAC
4320321001001,BJBcBPBuA+BTBZBiBCBNAmA1AeASAEAKAFAAAABMBYBoBeBMA+BgA+BUAwAhA/AoAjAKAdAFADAH
4320354001001,BYBXBSBgBBBLBVBaA/A9AkBCAgAyAlATAGAAABBNBYBjBVBGBUBEA/BCAkA0AqAeAvAWAOAFALAB
4320404001001,BLBUBUBYBSBTBWBVBPBAAzAnAkAZAPAIAJABAABJBNBUBbBXBOBSBWBGA/A6AsAgAYAaARALACAF
4320453001001,BHBmBqBVBXBGBRBQBFA0A+A9AoAeAjALADAAAAA+BNBYBZBGA9BABCA+A6AvA9AtA0AXAUAKADAA
4320503001001,BFBZBcBgBLBIBEBKBGBEA8ApAmAbAVARAGACADBLBSBdBqBBA1BNBRBOBBA2AqAoAiAiALASAEAC
4320552001001,BRBdBbBgBLBIBLBZBHBHA5AuArAkAWAJAIAGADBCBXBQBRBHBFBHBHBAAzA2AqArAZAYAcAKAMAI
4320578001001,BABPBoBaBGBUBJBUBRBKA9AxAyAXAkAKAAAAAAA6A1BVBXBJAzBFBMBNBAAyAVAwAtA9AUAPAJAG
4320602001001,BJBKBOBqBOBBBEBgBJBKA+AvAkAcAbAOAAADAABEBjBgBlA+BABKBRBJBAA/AdAcAkAjASAFADAC
4320651001001,A8BNBIBgBIBJBCBSBIBVBFA7AoAeAcAiAMAAAAA9BDBBBGAzBKA/BLBKBFA2BDA4AZAkAgANAPAG
4320677001001,BOBWBhBiBUBNBLBLBEBAA0AxA2AcASAQAKAIABBHBRBVBWBFA/A+BAA7A9ArA8AuAhAfAaALAFAF
4320701001001,BdBeBdBeBMBGBLBQBDA/ApAuAfAgAPAKAFACAABTBaBYBlBOBKBNBMBEA7AzAvAlAdAaAPAHAGAB
4320800001001,BeBgBgBkBSBGBHBJA+A5AzAfAbAZARAKAEAFABBZBiBeBmBYBGBOBMBHA4AxApAeAaAWAOAMAIAC
4320859001001,BPBbBUBkBQBHBQBPAcBWBCAnAhAiAsAaAOAAACBEBRBIBWBLBWBHA/BEA2A3AwAjAtAbALAIAKAA
4320909001001,BKBhBaBUBMBIBUBWBLA5AyAgAgAbANAJAEABABBMBaBfBbBPBIBcBaBKA+A1ArAaAhAgANAKABAB
4321006001001,BOBiBfBjBOBOBJBMBEA4AnAtAiAWATAPAFACACBLBSBaBZBPBJBXBUBKBCA5AkArAfAXAJANAFAE
4321105001001,BmBXBiBfBSBJBFBIBFAzA4AhAlAaARAOAFADADBaBbBUBeBPBKBKBSA/A4AzApAkAhAYAZAKADAB
4321204001001,BcBZBZBiBVBOBPBQBEA2AxAiAgAYAPAKAHADAABYBZBWBgBYBNBRBSBEA4AtArAgAaAZAOAMADAC
4321303001001,BQBcBXBhBRBIBOBPBHBBA3AkAhASATAKAGAGABBRBVBTBdBOBPBTBVBIA9AyAqAjAeAYAQAIAIAB
4321329001001,BLBdBlBpBLA1BMBUBBBCA/AtAsAYAeAQAAAAAABJBOBbBoBIBCBABOBSA+BAAiAkAdAVAZACAEAA
4321352001001,BDBQBVBXA+BIBIBYBTBUBEAwBCASATARAMAEACBJBLBLBMA6BBBQBPBGBCA6AxAkAtAcAHAPAHAC
4321402001001,BjBhBsBjBMA/A8BGBGA5AwAmAdAcAWAJAHAGAABeBeBkBkBKA/BABLBFBAA2AlAiAjAUAWAKACAD
4321436001001,BUBkBmBlBFBIBOBOBFA/AuAsAkAdAVASAKACABBQBVBhBbBBBEBHBOBBA6AsAtAnAiAfALAJAEAC
4321451001001,BMBRBZBaBWBTBRBTBNBGAxAnAlAVAOASAFABACBFBPBTBZBSBPBQBVBHA/AwAsAjAbAaAQAMAJAB
4321477001001,BOBOBoBjBEA3BCBFBIBPBLAxAuAiAXAHAKAEAABTBXBjBYA2A3A9A8BDBIBJAtAjAfAkAQARAEAA
4321493001001,BKBOBEBwBSBXBBBWBBBPBMA0AfAzAdAXAKADAAA2A/BqBIA4A4BKAwBRA0BCApAoApArAOAKAGAH
4321501001001,BVBgBgBoBSBHBOBOBGA8A3AfAfATAPAJAGABAABRBYBfBjBUBLBSBXBMA/AxAoAhAWASAOAFACAB
4321600001001,BoBoBhBoBOBGBFBKBEA4AoArAfASAXAJADAAABBfBjBeBpBRBGBLBMBJA4AsArAiAbASAHAHACAB
4321626001001,A5BEBTB3A2BEBOBBBKBPA/A1BAAtAdAdAFAAAAAxBCBDA6AzA/BBBEBIBJBoAzA6AYA2AWAKAIAD
4321634001001,AsBRBNBaBQBTBhBXBWBFAzAxA3AiAbAEALACAAAsBSBLBAA8A+BHBbA5A/BXAqAwApAUAhAaADAH
4321667001001,BOBfBfBdBTBDBSBVBPBBA0ApAgAYASAMAGACAABKBQBnBnBPBIBQBXBIA4ArAhAgAgAUAJAGAHAB
4321709001001,BXBZBiBlBjBdBaBQBCA5AtAkAUAYAKAMABABABBUBXBZBhBbBZBWBMBBA6ApAkAdASAUALAHAIAA
4321808001001,BKBbBZBfBMBGBLBMBIA+AvArAfAeAUAKAHADAFBDBUBdBaBQBMBOBQBJBCA1AuAqAhAcATAJAHAC
4321832001001,BYBZBiBYBRA5BnBaAyBAAnBAAiAnAWAMALAEAABOBTBPBfBFBMA+BDA9AuA5A2AsAvAOAQAHAGAI
4321857001001,BXBiB1B2BBA3A8BIBHBFA2AvAhAkAiAGAEAAADBGBaBuBlA7A3A0BNBBBEA6AtAoAbAZAVACAFAC
4321907001001,BKBRBbBcBIBHBJBQBLA9A1AqApAXAXAMAJABABBIBSBXBaBPBGBNBTBNBDA+AqAqAeAdAQAHAIAD
4321956001001,BfBkB2BrBFA3BABMBJA2AxAuAbAeAdAHAFABAEBVBbBrBqA8A+BCBNA/A/A1AtAxAVAVAHAKAGAA
4322004001001,BgBlBlBcBQBKBNBMBEA8A2AmAgAaAaAIAFAEADBZBdBbBcBNBIBLBNA/A3AwAhAgAkAPARAIADAE
4322103001001,A9BRBTBbBGBFBIBcBEBHBCAkAnAlAQAMAHACAGA5BWBVBaBLBIBJBXBMBBA7AwA3AaAdAWAIAHAA
4322152001001,BeBzBuB6BNBMBMBXA/AvAxAdAeAXAfAEAGADAABbBpBsBhBGBBA+BAA+AyAaA6AgAgAIANAKAIAA
4322186001001,BEBmBmBWBCBABFBmBTAzAkBkAMA9ASASAAADAABOBbBUBBA4A8BUBLA7AoArAxAvAxAvARAOAAAA
4322202001001,BaBXBiBoBQBFBGBIBEA/A1AeAdAfAVAIAFAFACBWBdBiBdBPBEBLBRBJA6AyAjAtAYAfALAIAGAC
4322251001001,BMBVBOBSBVBSB7BaBNBAArAnAlAfASALAVAHAABGBIBTBVBPBMBOBNA7A6AkAyAZAoATAXAQACAD
4322301001001,BGBSBbBYBCA+BNBVBMBBAxA2AiAgAcANAMACABA+BLBQBZBIBDBNBZBEBBA8A6AzAkAcAXAIAFAA
4322327001001,BHBCBSBpBTBnBEBPBPBDBDArA1AQAZAUADAAAABLBeBgBYBcA9A9BBBIA2BBAhAhAXAjAFAHAHAD
4322343001001,BOBPBiBVBABTBDBQBlA/BDAkBEALARALAIAAAABFBFBVBaBjA8BZBEAvBGBHAjArAdAdAYAFACAA
4322350001001,AyBDBhBzBGA5A6BZBTBZBMBAAkAIAqArAPAAAAAUBaBOBRA6AsAyAdBkBlAzAuA6AMAyAqAIAVAA
4322376001001,BaBaBtB5A9BABUBTBCA5A5AtAyAUAgAKAMAEAABVBpBPBiA7A8AsBNA7AtBAA0AlArAOAEAKAEAI
4322400001001,BtBqBxBrBXBTBFBIA+A2A0AVAUASAMAJAEAAAABuBhBfBnBfBSBQBLBFA2AqAdAdAQANAHAGAAAC
4322400001002,BXBaBZBdBcBQBMBKBEA0AmAsAiAPANAGAIABAABTBWBWBjBdBRBSBQBHA7AsA4AgAcATAUAOAFAB
4322400001003,BiBgBgBiBaBKBBBJA/A0AxAfAdAMASAKADADACBjBiBmBqBXBLBPBQBHA3AxAlAjAYAPAJALAFAD
4322400001004,CHB5B2BmBVBHBQBLBAAvAfAdAPAUAHAEACAAAACGB7BzBmBVBKBQBPA3AqAeAXAXAGAGAEAFAEAC
4322400001005,B4BxBjBjBWBPBNBLA+AvAhAgAbAMAKAFAFACABBxBtBjBmBdBRBOBQBAAzAjAgAZATAQAKAFACAD
4322400001006,BSBNBYBYBWBUBdBaBJA+AuAzAnAZAXAPAHADABBSBSBQBSBNBJBOBNBCA2AsAoAhAiAaAWALADAB
4322509001001,BeBcBaBjBWBIBLBLBCA3AtAnAhAZAQAJAEAEAABVBbBZBfBTBLBQBSBJA/AvAtAjAcAVAQAJADAB
4322525001001,A/BNBKBEBNBHBTBnBEBDA7BCAwAjAbAKAMAGAABDBZA8BOA/BpA0BcBBAwBJA0AhAmAgAWAMAAAH
4322533001001,BUBZBPBRBWBTBRBUBFBAA6AwAgAbAaAQAEABAABSBSBTBTBHBQBJA/A8BAAxAzAnAgAXAdAOAHAC
4322541001001,BJBUBWBXBYBgBkBSBOBKArArAOAaAVAHAKACACBRBVBTBoBmBdBTBNBAAeAsAkAhAXATALAKAEAA
4322558001001,A5BPBXBVBFBTBaBmBaBABAAfAXAeAJAXARAAAABLBPBmBWA8AyBeBTAwBQArAaAuAdAuAlAOAAAA
4322608001005,BXBYBVBYBWBUBSBTBJA8AwAfAbATAMAJAGADABBQBTBYBXBZBXBcBXBNA9AsAqAlAcATAQAJADAB
4322608001099,BIBXBVBZBNBMBQBUBNBDA4A2AxAhAWARAFADACBFBMBPBRBCBABEBIBCA/A0AzAuAiAfAbANAGAC
4322707001001,BVBbBSBdBNBQBSBTBDA+A4AnAfAXAaANABACAABVBTBUBXBNBPBUBPBDA9AuAyAoAfAYAOAKAEAD
4322806001001,A+BJBPBcBWBKBLBXBMBABAAdAfAZAaARAGADABA/BLBVBcBVBIBQBVBPBEA3AuAoAkAaARANAHAE
4322855001001,AwBSBXBgBVA4BUBKBIBPBBAvAwA5AwAOAWAFAAApA+AsBFBVBFA5BABNA/BGBCAmA5AiAQANAGAA
4322905001001,BBBYBdBYBHBFBIBSBEBBA8ArAaAsAMAbANAEAABFBTBfBTBEA+BHBMBDBMAzArAuAuAfASAXACAA
4323002001001,BaBbBZBkBaBOBHBEBCA2AxAhAhATAPAHADAAAABWBQBcBlBcBNBNBQBLBBAzAxAmAjAVAQAHACAD
4323002001002,BfBdBcBjBXBRBFBIBCA2ArAiAfAVAJAHAFABACBeBZBcBeBcBPBNBTBGA9A0ArAqAaAVAKAKACAB
4323002001003,B1BvBjBjBXBNBQBIBDAzAoAcARAVAOAFADAAAABzBqBcBgBZBMBQBRBDA3AsAeAXAXATALAEACAA
4323002001004,BmBmBiBmBWBNBHBMBGA2ApAhAeALAOAEAGAAACBfBgBhBfBVBTBKBTBIBBAsAlAdAZAUAHAEAIAA
4323002001005,BYBXBUBgBVBNBFBMBFA9AmAtAZAWAUALAEAFAABWBTBXBcBXBTBTBTBHBFA4AtAuATAVALAPADAA
4323002001006,BmBnBfBiBRBLBQBSBBA4AkAmAUAVALAGABAAACBgBhBcBfBUBTBWBVBKA8A1AiAbAXAVAKAEADAB
4323002001007,BsBuBgBiBdBMBQBIBDA2AoAgAaAPAJAGADAAABBrBkBmBjBaBWBNBJBFA7AoAjAiAOAOAHAGAEAB
4323002001008,B4BuBjBjBcBQBIBDBAA1AoAgANAVAGAGADABAABvBrBjBjBgBQBLBKBFA7AtAgAZAVAOAGAHABAC
4323002001009,BcBeBbBjBUBPBLBOBJA+AwA0AbAcAPALAHABAABiBaBPBZBTBIBNBOBBA9A4AlAiAZANAMAKACAD
4323002001010,BjBhBgBmBWBJBEBKBGA3AnAkAUAZAQAGADACABBjBfBcBhBZBLBPBSBJA9AzAmAiAdAVAIAFACAD
4323002001011,BhBoBVBbBNBPBHBQBCBAA8AtAnAcAhAJACAEAABmBZBSBOBNBIBEBIA9A1AvAoAnAkAUAMAKAHAD
4323101001001,BmB0BqBfBUBABIBJA7AwAnA8AeAZARATAKAIAABXBgB3BnBDA2BABAA+A4AvArAXAcAfAQALADAC
4323200001001,BFBUBMBWBNBJBSBVBOA2BGAqAhAiARAdANACAABNBQBUBWBEBDBOBMBJBJA5AlAwAlAWAXAKAAAA
4323309001001,BCBMBpBMBHBJBMBlBdBEAqAuAgAnAcAMAJADAAAyBOBgBSBXA0BNBTBPBNAzAlAtAbARAWAJAJAD
4323358001001,BOBXBdBQBRBFBfBnBRA9BGAtAbAmALAAALAAAABPBbA/BNA9BCBiBGA9A4BRAhApAdAbAdADAAAG
4323408001001,BDBMBXBcBHA8BUBOBPBaA2A1AkAfAdALAFAEAAA1BTBTBcA1BKBLBVBSA5BCAqAjAnAXAZASAHAA
4323457001001,BOBfBWBVA+A5BIBXBDBKA+AxA0AgAeAKAKALAABJBSBcBSBABABOBIBEBBA3AoAyAjAeAOAJAHAA
4323507001001,BOBfBmBtA6BDBMBWBLBGA7AgAUAhAXAVAAAAAABRBkBaBpBXA9BOBGBLBBApArAcAcAOAOAHAHAA
4323606001001,BCBIBbBIBDBSBGBjBfAxBfBIAZATAoARAPAAAAAxA4BEBNA5A5AzBSAzBxA+AiA6AoAmAaAaANAA
4323705001001,BkBWBZBzA1BCBQBTBIBdAkAxAaAhAOAaAAAHAAA7BYBzA7A5A4BPBeBYAwA7AdArAhAgAGAJAMAE
4323754001001,BXBeBYBoBXBGBPBIBDBIBGA1A2AkAHAMAFADAAA6BOBTBNBGBDBABFBLA/A/A0AdAdAeATADAHAD
4323804001001,BpBoBlBiBQBOBUBIA9A7AtAkAZARALAJAEAAAABrBpBkBhBdBNBRBKBFA8AqAjAZARAPAIAEABAA
5000203001001,B4B0BsB0BwBdBcBYBGA0AfAbANAMAMAEABAAABBxByBwBiBjBVBTBIA0AjAPAXAQAIAAADAAAAAD
5000252001001,BqBtBpBnBYBeBlBWBHAzAsAnAjAYAGALAAAAAABhBpBoBkBWBYBRBFAxApAsAWAXAFAHAEABAAAC
5000609001001,B3B0BuBpBgBUBHA+A1ArAgAhAcARAPALAGABABBzBwBoBsBdBWBJBCA3ArAdAjASAWAKAJAHAGAC
5000708001001,BoBnBsBvBZBOBKBFA6AwA0AaAfAXAXAKAFADAABiBmBnBoBbBMBNBFA9AyArAcAdATAQAJADAHAA
5000807001001,BjBtBuBuBgBNBOBPA4AuAiAnAfAaARARAKAAAABlBoBoBpBdBOBNBCA4AqAkAfAZAQANAFADAHAB
5000856001001,BaBjBrBpBRBRBOBNA5AxAuAjApAZAZAVABAAAABXBfBmBgBOBLBZBHBAAtAvArAoANARAFAHAFAD
5000906001001,B2B+B1B1BYBHA+BDA2ArAiAfAgAVAWAJAEAAAABtB8BxBuBMBKBCBAA3AsApAbAaALAYAGALAEAA
5001003001001,BXBiBWBiBdBMBJBFBCA7AtAoAmAcAPALANAAAABYBdBbBgBcBRBMBIBFA6AxAlAdAXAVAOAJAFAB
5001102001001,BnBqBmBuBaBOBBBAA9A1AqAgAeAWARAMAKADABBpBkBkBmBdBLBHBEA+AzAnAjAaAaASAOAHAEAB
5001243001001,B+CDB7BhBbBMBOBDA7AxAaAdAcASANAGAGACABB5CIB8BiBSBMBDBAA4AgAbAhASASAIAJABABAC
5001508001001,BfB2BrBrBRBUBQBTA7A4ApAoArAZAOAJAJALABBWBpBkBWBVBOBYA/A9AqAqAkATARAUAIACAAAB
5001904001001,BjBnBwBtBtBUBYBKBBAwAoAZAZAXAVAFACACAABhBlBpBsBcBTBNBPA6AvAeAhASAWAGAEAGAAAA
5002001001001,BkBtBvBpBdBWBMBIA3AvAnAjAnAUARAMAFACACBqBiBoBmBXBOBQBHA6AwAoAaAbAPAOAPAGABAB
5002100001001,B1B7BvBxBhBJBDBEA5AvAmAdAZAUAPAHAGAIABBrBsBrBnBUBOBLA/A4AqAnAcAVAZASAOAEADAE
5002159001001,BoB4CCB3BiBOBNBIA1A0AoAsAXARASAFAEAFAABsBuB0BcBaBNBNA/A0AzAbAWAVASAIAEAAABAC
5002209001001,BnBvBuBsBkBUBJBMBBA2AoAfAaAUAPAJACAEACBrBlBsBuBZBTBOBMA3ArAgAXAYANAIAJAFACAC
5002308001001,BnBsBrBnBsBkBWBTA7A1AsAWAbASAMAEAHABABBoBqBqBlBiBTBRA+A4AsAqARAOATAMAFADABAC
5002407001001,BqBtBsBoBcBTBJBEA4ArAeAkAZAgATAKAEADAABvBwBvBuBYBSBKBFA6AqAaAqAUATAMAIAIADAE
5002605001001,BdBvBrBoBdBaBRBQBDA3AqAlAoAVAPAIADADABBZBmBlBiBXBVBNBJA5AxAnAbAZAOANAJABABAB
5002704999001,BxB4B3BzBhBaBMBFA3AuAcAdAOATAJAFADAAAABvB4B0BmBeBVBTBPA3AtAhAVAQAJAHAFAGABAE
5002704999002,BzB4B1BoBaBbBUBMA7AnAiATARAQAMAFADAAACBxB0BuBmBdBfBVBSA4AqAdAZAVAMAFAFACACAF
5002704999003,BiBiBrBnBhBWBNBJBAA1AmAXASASAJAEAFAEAABgBiBpBnBlBWBXBTBJA3AnAdAbAQALAJAEACAB
5002704999004,BtBlBwBnBlBWBTBLA9AwAjAbAKAUAKAJABABACBeBkBqBrBnBeBVBTBDA0AfAcAXAMANABAHAAAB
5002704999005,BdBvByB1BfBMBJBMBFA2AhAaAPANAMAFABAAABBcBkBoBxBcBVBQBiBKA5AcAhASAWAKAGADACAB
5002704999006,BoBxBpBlBeBcBYBMBBAqAiAVARARAEAHAGAFACBkBrBhBpBkBdBdBXA/AuAjASASAQAJALADACAD
5002704999007,BZBkBrBsBcBXBRBUBCAxAgAeAaAHAIAHAHAEAABSBkBnBpBbBdBhBbBGAyAqAdAUASALAGAEACAA
5002704999008,B0BxBsBlBgBaBYBQA5AnAYAaAMAWAHAGABACAAB2BxBrBnBiBgBbBUA6ApAfAYANAMAIADAFACAC
5002704999009,BsB1B1BnBfBSBWBTA3AsAfAVAMARAFAEAAAAAABlByB0BqBfBaBiBWBBAxAjAWASAIALAGAEAAAA
5002704999010,BjBnBiBpBmBeBTBJA7AwAhAeAUAJAIAGACADADBhBgBmBqBsBeBXBRBHA3AkAZAVARAKAIADABAD
5002704999011,BZBhBlBsBlBVBNBGA5AyAtAgAaARALAKAFACAABUBfBjBsBiBWBRBPBCA/AxAeASAZAUAOABAAAB
5002704999012,BNBXBgBmBfBSBNBGA8A2AoAnAdAQAKALAGADABBOBUBaBpBoBYBTBSBMBCA4AkAeAYAQAMAHAEAA
5002704999013,BhBlBpBqBnBPBOBMBBAwAjAdAZANALAFABAAAABbBlBoBmBkBXBaBWBFA4AkAdAWATAJANAEACAD
5002704999014,B1B8BwBuBfBUBTBKA7AsAYAaAQAOAIAHAFAAAABuB1ByBsBfBUBOBRBAArAaAcAUANALAGABABAA
5002704999015,BEBIBWBqBkBMA9BHA9A5AvAnAiAgAKAMAMADAFA9BDBTBqBsBbBOBPBFBCA+AsAmAdAcARAOAJAA
5002704999016,A3BGBPBeBfBHBGBKBDA5AyAjAhAZAXAIAFAEACA2BBBNBjBtBdBVBgBUBGBAAtA0AXAhAOALADAF
5002704999017,A1A9BJBcBbBLBIBFBBA4AtArAgAZAcAMAIAJAGA4A5BGBjBuBgBLBWBRBFAxA9ArA6AiANANANAF
5002704999018,BWBmBqBnBaBPBVBRBKAyAgAcAQAMAJAIACADABBXBhBmBvBeBfBXBfBNA1AhAlAcAQANAFADABAA
5002704999019,BJBLBaBqBkBKBJBHBBA2AzAgAeAOAOAOAJADACBDBOBVBtBoBZBOBXBMBDA+AlAqAZATAOAFACAC
5002704999020,BeBgBoBuBoBTBJBHBAA0AnAhAaANAQAFADABAABaBgBiBvBnBUBRBPBHA7AkAfAXAVAOAJAFABAA
5002704999021,BjBlBlB0BnBaBPBBA+AwAlAZASAUAJAFAFAAAABjBhBjBwBrBcBOBOBEA0AtAaATATAPADAFACAA
5002704999022,BQBVBbBoBkBXBMBHBCA1ApAfAWAQAPAHAGACAABMBRBXBsBvBdBbBXBSA9AyAiAgAWAPAEAEAFAB
5002704999023,BHBKBYBfBfBOBJBNA9A0AyAjAgASATANAFACABA/BMBVBkBlBVBbBXBMBEA6AxAxAUAVATAKACAC
5002704999024,BVBgBmBjBhBjBjBhBRA4AeAcAVARAJAIABAAACBVBhBjBiBUBUBVBcBIA1AgAfAUATAMAEAEABAA
5002704999025,ByBxBpBhBdBbBaBIA6AsAcAdATAGAKAIACAAACBzBrBkBnBlBkBYBTA8AuAgAdAVAPAFAFAFABAD
5002704999026,B5CBB5BnBcBRBUBLA6AuAdAdATARAKAGAFACAAByB5BxBhBYBZBRBLA2AoAZAdAXALAHADACADAA
5002704999027,CFCLB0BZBPBgBdBIA3AjAcARANAKAEAEACABAACFCIBuBZBfBmBfBNA9AmAbARAOAFAGACAHAAAA
5002704999028,BQBUBZBnBkBRBLBEA6AzApAoAeAZAKALAFAEAABOBVBXBsBrBaBQBRBGA+A7AmAjAVASAPAHAGAC
5002704999029,BzBwBtBiBeBoBYBJA3ApAjAVARANAGAGAEAEAABsBwBoBnBlBkBaBKA4AtAlAZARAMALACAEABAB
5002704999030,AsA2BPBlBbBAA0A/BHBEA/ApAsAgALAQAGAFACArA3BPB0BpBSBKBXBZBQA+A7ArAfAiAYARAKAE
5002704999031,BKBWBgBnBfBKBKBNBIA9A1AXAVAXAPAKAEABABBKBRBYBtBoBXBZBdBMBDA0AeAbAYATAIAHACAB
5002704999032,A2BOBjB8BXA6A6BKBXBLA1AnAcARAGAMAEADABAvBGBgBzBgBPBJBmBkBXA3AiAdASAVAJAHAEAB
5002803001001,B3CABeBeBkBPBPBPA+AvAiArArAaAZACAEACAAB5BsBxBrBLBIBJA5AvApAgAiAfAOALACABAAAA
5002902001001,BRBaBgBpBYBHBLBHBAA/A3AlAiAeAWAJAJACACBPBbBWBhBZBQBWBMBFA8AtAqAiAYAUAIAGAFAC
5002951001001,BtByBoBpBiBjBtBiBJA1AiAaANALAEABABACAABkBuBkBbBhBgBoBPBAAoAYAQAOAEADADABAAAA
5003108001001,BjBoBzBkBYBWBNBNBFBCAhArAwAZAQAMAPACACBeBuBaBjBaBGA/BJA3AuAgAjASAVARAJAAAAAA
5003157001001,CGCFB/BsBhBNBEBBAxAjAiATAcALAMALAEAAAACCCDB4B5BXBQBFA+AvAiAWAcAaAMALAFADAAAA
5003207001001,BeBhBjBtBXBPBDBLA1AwAhAnAbAWAOAMAHAHABBVBXBgBmBeBQBOBOBBA5AtAvAgAfARAQAOADAD
5003207001002,B/B6ByBwBeBMBDBBAxArAYAkAXAMAPAFADAFAAB5B9BvBqBfBMBNBBA3ApAoAcAYATAJAIAEABAC
5003207001003,B/B+B2BwBcBQBGBEA0ApAjAUAVAIAIAHAEAEAAB9B4BzBvBgBTBJBDA3ArAlAYAWAMAJAGADABAB
5003207001004,B9B6B2B3BhBSBMBJA9AxAuAjAmAUAQAKAEAAAAB2BuBlBjBLBHBAA8AxAnAmAgARALAMAEADAEAA
5003256001001,BhBpBsBtBhBaBUBPBEA5ArAgAYAPAVAIADAHAABcBpBhBmBZBWBQBJA+AuAkAeAZAUAGAEACAAAA
5003306001001,BfBpBsBvBjBVBNBJA+AwAmAdAdAXARAJAFACABBbBlBrBoBdBWBRBMA8AsAqAYAcAPAPAJADACAB
5003454001001,BaBlBsBxBPBABMBGA+A1AzAZAjAcATASAMAIABBUBcBgBzBRBOBHBLBEAzAjApAdAcAQAMAMAEAC
5003488001001,B0B+B3BuBYBMBIBLA7AtArAfAiAUAQAJAIAEAAB3B6BqBhBSBKBHBCAwAkATAkAYAUALAHAEABAE
5003504001001,BpBtBsBuBYBEBMBSBBAsAdAqAPAgAXAJAKACAFBoBiBmBaBWBMBFBOA5AtAyAWAhAfAPAKAEAGAA
5003702001001,BgBmBlBqBbBSBPBLA/AyAlAdAXAQANAHAEACABBcBjBoBqBfBYBWBVBGA3AnAeAaASAOAHAFACAC
5003702001002,CGB6BwBlBbBOBHBDA4AvApAbAgAUAMALAHABACCEB8BtBkBZBJBDA+AyApAgAaAZAKALAEAIAEAE
5003751001001,BhB2BsBtBXBVBTBCA6ApAqAdAbAYATAFAGADABBjBwBqBnBbBWBQBGAyAvArAdAbAWAKAIAEABAD
5003801001001,BHBeBnBoBSBHBKBMBBA3AsAlAlAhAOASAGAFABBMBZBiBfBRBNBXBVBGA7AsAqAjASAaALANAFAB
5004007001001,BHBcBqBnBUBGBLBMBAA0AoAqAgAhAbANAIAFABBQBYBhBfBUBLBPBRBEA5AxAlAkAeAUALAMAEAC
5004106001001,B3BiBvBsBNBRBFBAA+AyAvAcAlAZAWALAFADAFBgBzBmBmBHBJBIBBA5A0AuAnAVAlAHALAHAFAC
5004304001001,BsBzB4BrBgBXBJBDA1AtApAXAaAOAPAKAGABABBqB2BwBpBeBcBQBIA3AoAZAjATARAHAIADADAA
5004403001001,BhBtBrBnBfBXBPBOBFBBA5AbAXATAPAQAFADABBiBhBnBqBaBWBLBGA4AvAfAeAYAVAGAEACAAAA
5004502001001,BrBxBsBoBWBOBIBJBBA1AjAkAhAVAQALAAAIAEBoBjBhBjBZBLBOBLA7AuAqAdAaAUATAFALAEAC
5004601001001,BwB1B8B0BhBUBTBFA7AtAjAlAhARALALABAAAABqB0B0BkBYBMBNBCAxAuAcAdATAMAKAFADABAA
5004700001001,BXBkBnBoBVBRBTBJA9A2A6AdAlAZAUAGACAGABBUBjBjBiBcBTBQBQA8AxAqAnAeATAPAFAIADAB
5004809001001,CeCICHBiBUBNBPA3AwAjAVAkAZAYATADAIAFAACVCTB4BaBOBOA/AzAlAjAWAhAZALAHADAEACAA
5004908001001,BeBtBrBlBYBUBPBRBCA3A7ArAyAbAbAPADAGAABaBZBiBVBABTBMA+A4A9AqAjAZAVAJACADAGAA
5005004001001,BnBrBuBoBbBLBIBHA9A0AnAiAWAUAQAOAIADABBoBsBlBqBSBOBMBIBBAzAoAfAeAUAUAHADAAAE
5005103001001,BiBxBxBvBfBUBTBOBCAwAnAnAiAWALAFAIAAAABUBgBtBsBRBUBMBKA6ArAsAaAbAJAOAPACAEAA
5005152001001,BzB6B5BjBXBDBHBCAsAnAkAiAkAgANAOAIADADByBwBvBkBWBMBMA+A1AsAiAgAbAYALAPAFAGAD
5005202001001,B9B5B6BxBaBJBHBNA3AtAiAUAZATANAHAEABACBvB1BvBsBQBLBNBIA8AnAgAgAXAPANAJAEAFAA
5005251001001,B2ByB2BoBXBOBPBNBAAwAqAQAhAUAUAFAGABAABxB0B3BpBWBGBLBQAwAqAZAgAXAMARAEAFAAAA
5005400001001,BxB3BsBqBXBTBQBSA8AxAqAYAQAQAMAKAEADAABxByBrBjBaBUBRBLA7AsAgAbAXAPAHAGADAFAC
5005608001001,BxB1ByByBlBWBKBBA4AwAuAcAVAZALAKAFAEABBvBtBsBmBZBSBIA/A0AvAjAaAQASAMAKAHAEAB
5005681001001,BUBqBtBmBTBIBHBGBAAyAtAfAcAYAXAOAHADAABQBrBsBiBYBPBYBMBCA2AzAdAhAaATAGAEABAD
5005707001001,BjBpBxBqBfBXBRBMA6AuAiAeAUAVAKAMAFAAABBgBoBsBrBgBZBVBPA+AsAjAbAZARAKAIAEACAA
5005806001001,ByB0BvBzBeBdBPBGA7AzA1AVAbAaAGAIAIAEABBwBsBxBjBYBTA/A+A3ArAdAbAQAQALAGAJAAAC
5006002001001,BrBoB6BpBfBbBUBZBCAxAiAgAWAOAMAHACAAAABkB0B0BmBaBSBYBNA7ApAeATASALAJAAAFAAAB
5006200001001,BcBjBoBqBhBWBRBMA9A0AkAgAcAQARALADABABBaBiBkBrBfBcBWBRBAAxAjAiAXAZAOAHACACAA
5006259001001,BjB0B4B5BjBSBOA8A+A0AwAhAhARAUAGAEACAABqB2B2BjBUBJBIBRAzAkAhAgAaALAJAAAAAAAA
5006309001001,BXBgBlBjBZBSBPBHA/A5ArAsAdAZASAJAHAFADBWBaBfBiBaBSBOBLBDA8ApApAgAXANAKAFADAE
5006358001001,CSCJB/BqBgBMBAA5AsAkAXAmAbANARAKAIABAACOCJB3ByBYBHA+A0AoAiAfAWATANAMAKAEACAA
5006408001001,BjBvBsBnBdBSBLBHA9AxAkAuAZAeAXATAGACAABbBeBrBoBXBPBMBKA3ArAlAeAcAXAPAKACAEAA
5006606001001,BzB2B1BtBZBPBHBEA7AtAlAWAUARAKAGAFACABBoByBxBuBeBSBQBKA8AsAnAZAVAQAMAJAEAGAB
5006903001001,CJCEB5BwBlBYBKBGA0AoAvARAaARAOAIAEADABB7B4BrBgBXBLA/A4A1AjAiAZAcAJAHAKAFAFAA
5007109001001,BmBrB2BzBdBPBSBNBEAxAfAYAWAUAMAKAFABAABsBzBzBsBTBTBQBHA8ArAfAeASASAJAHADAAAB
5007109001002,CDBmBbBjBtB9B6BkBaBBArAeAVAQALAFAAAAAAB/BsBMBPBpBaBGA7AeAiAPAPAKAOAAABADACAB
5007208001001,BpBuBzBvBdBTBVBTA4A1AdAjAbARAFAIAFABACByBpBxBsBaBVBRBKA4AuAaAbAMAQALAGACAFAB
5007307001001,BRBnBnBuBPBUBFBQBKA3AwAsAiAcAkAPAGAHAABRBkBdBfBSBJBKBKA6ArAqAlAjAXARAFAHACAC
5007406001001,BdBrBqBrBgBQBOBHA/A4AtAeAeAZAQALAFACABBbBjBrBlBaBUBNBGA9A1AgAgAaAPAOAIAHAFAF
5007505001001,BoB6BuBqBWBVBUBIA5A5A5AjAiAgAPALAHAAACBdBeBeBZBdBKBRBDA6AnAsAcAaASARAFAFAAAA
5007554001001,BzByBxBgBhBiBXBJA1AxAuAsAhANARAEAAACACBpBsBvBZBmBZBPBBAtArAoAXANAQAHABAEACAA
5007695001001,BiBwBwBrBdBUBZBTBHA6AqAbAUASAHADAEAAAABfBsBoBmBWBYBTBUBFAsAmAWAQAMAHAEAEADAB
5007703001001,BoB1B1BlBWBLBKBBA0AxAqAhAgAjAeAGAEABAABZBsBsBqBVBTBOBAA5AxAkAhAlAOATAJAAAAAA
5007802001001,BnBiBoBiBgBSBSBPA/AzAwAhAqAaAJAJAFAAADBqBkBlBlBUBSBOBDBEAtArAZAaANALAOADAFAB
5007901001001,BzByByBvBeBVBOBMA8A1AnAgAVAQAPAGACAEAABxByBpBkBaBWBKBFA7AsAeAaAUAQAJAFACABAC
5007935001001,CAB7BnBuBpBkBdBRA/ApAgAXAQAPAIADAAAAAAB0BxBuBiBnBcBXBFA2AjAYAXAOALAEACAAAAAC
5007950001001,CDCHB8CBBdBKBGA/AtAnAiAYAcAZAVAEADABABCCB8B7BtBVBMBBA2AwAhAcAZAWAHANAIABADAB
5007976001001,BWBmBlByBrBSBRBJBBAsAkAmArAfAcATAAADAEBFBXBvBmBRBOBHBEA/AtAoAaAtATAZAHAAAAAE
5008008001001,BuBrBoBsBdBcBPBGA9AwAyAoAfAaATAHAEADAABkBsBqBgBVBJBHBAA7AxAiAjAXAUANAFAFACAA
5008305001001,BSBbBhBcBUBQBMBKBCA0AvAmAiAWAVAMAFAEABBTBXBfBjBdBTBOBMBEA5AwApApAYAVAMAJADAC
5008305001002,BbBeBnBsBbBVBKBIA+A0ApAjAeAZANADAGABAABUBeBkBsBdBSBUBNBIA5ArAjAbAUARAOAEABAC
5008305001003,BkBnBvBoBgBQBIBHA9AzAiAfAXAVASAKADABACBdBkBmBnBZBUBRBPBFA0ApAgAeAWAPAIAHACAA
5008404001001,BMBLBcBwBZA+BOBQBDA4AyAdAeA7AVANASAFACBCBTBnBbBOBHBMBZBDA0AmAxAmAaAdARAHAGAB
5100102001001,BZBxCGCKBsA/BBBFA4AzA2ApAnAeAMAHALAGAFBdBoB1BvBMA4A3AvAtArAhAkAfARAVAJAHAGAC
5100201001001,BvBuBtByBmBVBQBMBCA3ArAaAXAPAIAHAEABABBlBuBtBsBjBVBVBJA3AqAgAUAUAIAJAEADABAA
5100250001001,BtBwBqBqBbBbBbBYBDAxAkAaAVASAMAHACACAABhBsBoBlBfBaBYBOA5AsAeAaASASAHADACAAAB
5100300001001,BbBiBmB1BfBQBJBUBDA4AoAnAcAaARANAFAGAABWBcBcBeBXBYBMBPA9AzArAkAdARAQAGAEAFAB
5100359001001,BxBtBwBrBqBcBQBJBAA1AkAtAWAUAHAFAFAAAECLBqByBnBaBUBMBAAqAkAdAYAPALABACAFAAAA
5100409001001,BaBeBiBmBeBZBTBQBJAwAxAlAdAaAQANAIAAABBWBaBhBrBXBVBQBMA7AtAnAjAaAQAVAIAFADAA
5100508001001,BaBwBzCABeBPBEBAA8A1AiAnAtAUAaAQAGACABBkByB1BsBfBEA1A4A4ArAdAhAUAWAOAJACAGAC
5100607001001,CCBtBnBnBrBqBbBXAyA3AkAaAIAWAHACAEACAACABgBlBgBtBgBVBIA+AoARAVAUAFAAACACAAAA
5100805001001,B3B3BuBjBJBUB2B6BgBAAzAeATAMAOADABAAAABzBuBtBUBBBHBTBPAyAdAdARAMALAAABABAAAA
5101001001001,BcB0BcBvBdBjBaBDA3A9AqAnAhAcADAUAAAAAABdBrBsBgBuBOBGBJA9AoAhAgAbABARAFAHAAAA
5101209001001,BLCDCQBCBUByBfAwBCAWAgA1AbAcAZAgATAIAAB3A7A5B7BfBIBzAnAZAVAoAsApAbAcAAAOAAAL
5101258001001,BhBhB5BwBtBbBSBGA8ArAiAYAbAPAMAGACADAABmBnBtB5BrBbBZBFAzAmAlAWAZAIALADAEACAD
5101308001001,BaBvB9B9BhBSBIBMA7AqAhAhAUAYAJAPAGAAABBPBrCEB2BPBQBJBEA1AuAfAhAhAVAPAEAFACAB
5101407001001,B7B/B2B5B0BlBXBOA+AwAwAZATAQAGAGABABAAB3B1BrBrBbBSBEA6AvAiAWAVALAGADAFAAACAC
5101605001001,BgBuCAB+BqBRBMBEA0AzAyAkAfAUAUAJADAHABBcBqByByBRBGA6A6A2AkAeAhAZAYAQAKAEAEAB
5101704001001,BuB4B4BuBmBYBRBGA/ArAnAaAYAOAIALAEACABBvB4BuBsBlBVBJA/AvAoAhAUAXAJALAEACADAB
5101803001001,BfBqBrBuBkBYBPBKA/AxArAYAWASAMAFAGABAABaBjBlBrBoBcBTBPBDAxAiAhAUASAOAFAEADAA
5101902001001,B2B6BvBwBtBgBXBMBDA5AlAZAaAOAEAKAEAAAACAB0BsBkBYBQBNA5AyAlAXAcAMALAAAGAAAAAD
5102504001001,BoBrBxByBoBSBJBDA3AtAiAdAbANAOAGAEABACBmBnBvBzBrBYBOBEA7AuAlAZAXAQAMAIAGABAC
5102504001002,BsB5B6B4BnBeBOA+BNA1AsAvAlAUALAJAIABABBdBpBtBgBUBHBABBArAwAkAZAWAFAIAFACABAC
5102603001001,CLB9B5B2BgBaBNA9AyAnAlAcAVAQAIAKAHAKACB9B5BxB1BlBQBGAyAmAhAUAVAQALAHALAGAFAA
5102637001001,BxBsBrBhB1B7B9BwBDAtAcAVAMAIAEABAAAAACBvByBmBbBiBhBgBLAtAeAUAMAIAFADABADAAAA
5102678001001,ByBwBsBqBwBlBaBSBEAzAlAYAOAOADAFABABABBoBqBvBoBsBeBXBGA3AoAbAPAQAHAFADACABAB
5102686001001,B+BxBnBmBqBtBwBzBGA4ARAWAOANAEAAAEAAAAB0BsBhBhBrBnBfA7A1AgASACAQAGAAAAAAAAAF
5102694001001,CZCIBsB9BjBPBdA1AuAtAtAvAkASAHAFADAAAACECLBpBPBhBJBEAmAmAoAYAcAUAGAEACAEACAC
5102702001001,BsByB3BtBjBVBRBPBEA1AfAcARARAKAHABACACBvB1BuBrBcBSBQBMA8AqAYATAMAVACAIAHABAA
5102793001001,BwByB3B1BXBfBbBPA4AzAnAjAjAaAQAJADABABBuBsBjBgBXBMBCA6AyAoAkAdARAbAKAGAAABAA
5102850001001,BjBsByBwBpBTBPBeBFAuAoArAaAXALADAEABAABxB6BdBoBbBPBKA2A6ApAkAaARANAGAGABAEAA
5103007001001,BjBvB3B1BhBQBKBGA8A1ArApAfAXANAFAHAAAABoBrB4BqBfBMBJBKAqAoAkAaANAPAMAHAFABAC
5103056001001,CGB3BoBrBrBdBjBSA4AyAfAeATAPAJAFACAAAAB5BvBiBjBcBdBPBFAzAnAhAPARALAEABACABAB
5103106001001,BrBhBlBzB2BbBWBVBBA5AfAfAiAIATACACAEAABiB8BrBqBiBhBBA1A4AoAmAhAIAKAFAAAFAAAC
5103205001001,BZBqBmBrBaBXBSBVBBAyAtAcAZAeATAIAIACAABYBnBlBpBWBYBSBMA6AuAeAmAcAUALAGADACAA
5103304001001,B+B3B7B3BgBXBUBJA6AtAbAlAWAQALAIAAAAAABuB7B1B3BcBRBGBEAsAoAQAfAQAJAGADABAAAA
5103353001001,B5B9B7B0ByBYBNBFA7A2AxAmAcARALAFABABAAB2BtBwBuBaBLA+A5AwAnAdAXALAIAHACACABAA
5103379001001,CJCCB1BxBtBeBeBRBBAyAvAdAUAQAHACAAAAAAB6B1BuBbBXBTBHA5AuAjAdARAJAIAFACAAAAAA
5103403999001,CHCFB4BmBaBcBXBMAyAgASAVAJAKAEAFAEACABB6CDB7BjBrBqBhBJAtAiAVASANAKAEACACAAAB
5103403999002,BCBSBNBkBhBfBTBJBAAvAhAqAYAbAKAJACAEAABFBFBYBoBwBsBgBUBHA+A5AhAiAXAWANAJANAB
5103403999003,BZBVBkB1B1BWBIA/A9AzApAcASATAOAHABACABBQBZBiB7ByBgBUBHBHA2A0AbAZATANAFADAEAC
5103403999004,BoBjBtBxBiBbBWBJA9AyAiAZARAOAEAGADACAABjBlBxBxBrBgBaBRBAAtAbAeATAHAFAFADADAD
5103403999005,BYBYBjBmBiBSBUBVBLA1AjAYAQAQAGAFAEAAABBXBVBnByBvBoBkBbBNA2AdAeAYALALAFABABAC
5103403999006,BABDBZBrBtBTBEBGBEA3AxAlAZATAPAMAFACABA7BCBPBuBxBcBXBXBOBCA7AmAlAaASAPAMAGAG
5103403999007,A/BJBVBsBtBVBIBBA/A6AvAtAVAUASAKAHABABA/BJBcByB1BcBTBPBLBDBCAgAbAgAOAOAIADAC
5103403999008,BQBZBdBoBmBaBQBHA3AsAsAZAfASAJAMADACAABQBUBhBwBxBiBRBPBAAyAwAnArARARAMAHAGAC
5103403999009,BKBJBVBuB9BdBHA/A3A0AwAiAaAPAEAFAFAAACBGBJBbB9CKBpBQBKBGBCA8AeAVAUAJANAHAEAC
5103403999010,BBBIBcBzByBWBDBFA/A3AsAkAiAQAOAGAEADAABDBNBYB5B9BfBOBKBMBAAsArAcAZAOAIALAFAD
5103403999011,BXBcBfBrBpBZBJBLBDAzAkAcAUAMAFAGACADAABbBYBiB8B/BdBWBXBHA9AkAdAWAKASAEABABAA
5103403999012,BPBYBwCBBsBKBCBGBJA6AnAVAMAKAJAFAEACAABKBWBuCEBtBSBSBZBWBAAsAZAYARAJAHACACAB
5103403999013,CACACBBfBdBeBbBKAzAmARAWAKAJAGAEAEAAAAB3CFB6BsBoBnBYBIA3AhAXAOAQAFAEABADABAA
5103403999014,BhBgBtB8B7BhBNBAA3AuAiAZAVAHAKAIABABACBeBiBuB/B8BYBLBIBAAuAhAXARAOAJADADABAB
5103403999015,BKBPBqB1B3BMA8BCBEBFAtAtAUANAPACADAAAABGBMBaCBCABVBHBOBUBGAxAdAXAOANAFAFABAC
5103403999016,BxB3BzBXBXBjBiBbA7AqAYAVAMALAFADACAAAABpB0BqBgBpBzBtBYA2AoAfALANAIAJACADABAB
5103403999017,BYBgBqBwBoBXBaBPBDA2ArAZAZAGALAEAEABAABUBcBdBtBvBgBVBRBGA0ArAZAUAPAMAIABAAAC
5103403999018,BfBoBxBrBeBWBaBLBBAyAdAaAVAHACADAAACAABcBnBxBvBoBpBpBUBGAsAcAcARAHAGAMAAAAAB
5103403999019,BXBrB2B1BkBXBSBUBCAyAnAVATAPAHABACABAABXBfBnB0BpBfBXBUBGA0AdAbAPAPAKAJAAAAAA
5103403999020,BNBUBuCABsBPBGBKBMA2AhAbAKAOAQACACABAABIBXBtCCBuBTBPBhBaA5AeAlAXARAIAFADAAAB
5103403999021,B3B4CKB0BhBNBOBQA6AjAaATAPAGALADAAAAAABvB1CLB2BhBUBXBQA4AmASAWAKALAFAEADAAAA
5103403999022,BxB+BxBcBiBdBgBWA6AoAVAaANAKAIAFAAADAABwBzBvBiBnBsBnBNA2AoAbARANAMAGACACAAAA
5103403999023,B6B/B9BvBeBYBOBEA5ArAjAfATAWAHAHAHACABByBzB0BiBfBVBLBDA1ApAaAXAOAPAMABABAAAE
5103452001001,CCB5BoBbBwBuBcBIA0ApAYAcAWANAQACAAACAAB2B7BkBmBrBnBOA/AuAmAZAVATAHAHACAIAAAA
5103502001001,BmBuB8BsBfBUBVBQA+A0ApAeAcANAIAEACADAABnBwBzBnBbBaBQBIA1AtAkAXAQANAHAEACACAC
5103601001001,BZBvBpBkBXBYBMBLA7AyAoAqAXAlAZAHAFAGAEBWBgBgBjBOBNBOBDA9AwAsAnAhAfAPAMAJAAAB
5103700001001,CECGBuB0B1BpBpBeBAArAbAYALALACAEAAAAAACXB3BlBqBdBXBLA+AsAZAPAKAKAAAAAAADAAAA
5103809001001,BcBgB8B0BhBRBVBBA8AyApAtAcAjAOAIACACACBTBjByB1BTBWBHA8A4ArApAjATARARAKAAAGAA
5103858001001,CACCByBwBnBgBXBEBJAwAnAoAYAUAHADAAAAADCIBwBiBrBVBIBIA6ArAkAUAWAVACAJAIAEAAAA
5103908001001,BgCEByBmBgBWBHBFA2AqAoAgAZAeAZANAKAAAIByB1BdBxBXBUBLA/AsApAkAaAWAIAQAHAFADAA
5103957001001,BGBmBvB2BUBPBVBTBRA3ApAlAnAUAQAQAQACAABWBmBkBWBNBNBNBHA4A6A8ATAfAQAMAPAAAAAC
5104104001001,BtB3B1BuBbBUBZBWBHAzAlAfAZANAJAGACACAABlB0B3BlBTBTBUBJA4AoAdAYARAMAHACAAACAB
5104203001001,BTBfBpBqBXBLBLBEBDA0A1AlAfAdASANAMAGACBRBiBpBhBTBIBGBEA9A5AvAnAlAWATAOAGAIAC
5104500001001,BUBlB2CZBXBMBaBiBGAvAgASAWAUANAHAAAAAABKBwCQBZBgBKBcAzBWAbAYAaAgASAMAGAAAAAA
5104559001001,B2B+BwBuBpBeBVBQA8AwAjAhAVAUAOAFAAAAAAB4ByBtBjBXBSBNBGAzAiAdAXAKATAEAEABABAA
5104609001001,B4BzBmBZB1BpBqBTA/AuAtAYANANAHAJAGAAAABxBrBhBnBmBgBQBEA3AmAgAMANAKAGADADABAA
5104807001001,BjBhBpBrBqBjBdBVBCAzAvAXAbAPALAFAEABABBcBcBfBoBiBZBVBKA7AvAfAhARAQAKAHAIABAB
5104906001001,BxCBCMB3BqBLBBA6A1AoAcAoAiAUAQAFADAEAAB/B7B7BkBQBDBDAzApAnAjAYASAQARAJAMADAA
5105002001001,BnBvCBB/BdBMBIA9A2ArAnAiAfAQATAIAFADABBeBzB4B5BgBLBHA4AvAxAgAkAcAMAIAIADAEAB
5105101001001,BlB0B6BxBgBdBWBPBFAuAnAWAUATAXADACACABBnBnBvBnBbBVBSBLA3AmAkATAYAQADACABADAA
5105150001001,BtByBsBtBmBeBdBTA/AvAnAgAXAQALAFAFABAABwBsBmBlBhBZBQBBA2ApAeAZARAMAHACACABAA
5105176001001,BiCFByBmBsBhBaBcBAAuAsAZAYAOAGADACAAAAB+BzB3BfBZBRBNBFAvAlAeATATAGAIABAAAAAA
5105200001001,BfBrBsBsBfBVBMBOA8A1AuAsAfAbAVAKAEAEAABSBlBvBbBYBYBLBFAzAtAlAiAfASAOAFAFACAB
5105234001001,BiB7BsB1BnBXBdBKBAAcAoAeAYAeAYALAGAAAABVByB1BqBfBUBLA5AtAzAfAeASATAFAGAAAAAA
5105259001001,B0BuBpBuBrBrBmBYBGAyAhAVARAKAHABAAAAAABsBpBmBnBjBeBZBOA6AmAYAVALAFAIABAEAAAA
5105309001001,CEChCTBdBHAjAkBRBHAmAcAdAZArAtAGAAAAAABrB/CzBbA3BJBAA5A0AoAVATAhAPAHAEAQAAAA
5105507001001,CGCDB2ByBnBbBRBFA5AvAgApAWAQAJALABADAAB2B5B1BsBaBPBDA2AqAkAcAVALAOAIAFABABAB
5105580001001,CLB/BsBpBvBnBjBWBBAoAbAcARANAIABABAAAACGBxBjBgBhBfBOBCAvAhAZAQALAFAEAAAAAAAC
5105606001001,ByBzCBBoBRBaBcBVBLA2AoAiASAQAIACABAAAABpB4ByBXBRBXBVBKA2AvAgATAQANAFACAAACAA
5105622001001,BcBqBxBwBdBPBRBEA/A2AkAcAaAYANAKAGABABBUBjBsBwBgBdBTBKA7AuAvAbAYAPAPAIAEAAAA
5105903001001,BqBuCCB3BmBQBDBCA7AxAjAgAmAOAJANACABAABrBzB7BvBaBFBDBAAzArAkAaAUAQAPADAHABAC
5106000001001,BUByCCBuBcBRBLBJA+AuAoAdAXATATAVAKAFAABZB7B4B0BRBLBTA1AzAwAdAaAbARAOADAFAGAB
5106109001001,BVBoB2B9BjBTBLBEBCA2AuAxAjAcAaAIAIAFADBbBjBsBiBTBEA5A5AwAqApAfAeAYAQAKAGAFAC
5106158001001,B3B+B3B3BNBkBmBXBLA7AxAmAhATAFAKAAAAABBuBvBgBDBaBQBGA+A1AkAVAcAUAJAFABAAABAA
5106182001001,B4B2BqBpBaBnByBaA9A8AsAqAbAPAMAAACAAAEBuBoBsBgBcBVBLA5ArAkAdAaARAGAEABAAAAAA
5106208001001,BnB0CDB8BlBVBEA8A9A0AuAfAtAMAbALABAAAABRBwB6BxBaBIBBA5AyArAbAgAXAOALAFADACAE
5106216001001,BjB8B8BuBhBVBZBOA7A0AuAkAgAWAQAKAEABAABkBoBnBfBOBOBOA/A4AqAlAdARARAIAEAEACAA
5106224001001,B2B7BzBhBjBkBnBbBIA3AkARAOAKAEADABAAABBvBzBrBeBgBeBYBQA1AkAVAUAJAJAFABABABAB
5106232001001,CWB6BmBZBuB4BoBMAzAiAcAVAJAJAHAEAAABAACLB+BqBjBoBmBXA6AmAfAWAPAMAIAHACABADAC
5106240001001,B8CABrCGCEB3BtBXBFA1AgAmAVAGADAAACAAAABxBmBkBEBSBaA7BLArA1AWAJAIAHAEACABAAAA
5106257001001,BgBuBxBzBeBcBRBKA3A0ApAbAeATANAJAGADAABQBiBrBpBfBNBUBHBDAtArAgATAUALAJADACAA
5106265001001,BwByBvBqBVBSBjB0BcBBA9AhAeAWASAAAAAAAABoB2BmBYBHBKBIBGA6AfAhASAIACAAAEAAAAAA
5106273001001,BjBgB6B1BCBfBOBOBSAsASA1AZAjAdAJACAAAABKCDB8BaBTA8BQBLAjAzAkAkAlAcAIACACAAAA
5106281001001,BtBvBrB5BrBnBfBRA/BAAkAjAXAPAJAGAEAAAABmBpBlBpBZBeBKBFAvAgAcAYAYAHAJADAAABAA
5106299001001,BrBtB4B6BfBQBZBZBGA5ArAeAWAbAGAGAEABAABmBxByBdBRBOBKBDA/AqAcAZAVAFAIADACAEAA
5106307001001,BvB6B5BsBiBYBTBJBAA0AwAYAZAXAQAIACADABBlBwBpBoBbBTBMBCAxAoAbAaAPAVACACAGAAAB
5106372001001,BmBqBhBqBoBjBdBJA6AwAwAdAbAVAMAMAFACAABdBrBjBhBkBiBOBAA3AsAjAYAbARAIAEAEACAC
5106422001001,B6CIB8BlBJBDBbBbBLA0AqAaAbAIAHACABABABB5B/B9BkBLBEBTBMA9AmAaAWAIALAHADABABAA
5106455001001,BWBwBnB1BuBwBFBIA9A2AnAkAeAjARAIAFAAAABkB1CABnBXBVBKAyAgAoAZAeARASATAFAAAEAA
5106505001001,BmB3CCB+BhBMBKBCA4AuAuAaAaAWAOALAKABADBdBuB8BwBRBLBCA7AuAmAlAdAZAVAPAIADAGAC
5106653001001,BtBgBYBcBoBfBYBHBCAxA4AVAnAJAVAHADAAADBtBVBXBuB7BlBUBHAzAuAhAeAdANALAAAAAAAC
5106703001001,B2A3BtBuBUBcBUA/AxAvBDAvAxAkAaADAOAEAABtBSBDByBsA7BPA/AkA8A9ApAcAPAFAAAKAAAE
5106752001001,BpBvBwB1BiBYBXBOA9AxAkAcAbANAMAJADAAABBmBqBuBuBkBYBRBHA3AqAbAaAYALAHADACABAB
5106778001001,B0B3B4ByBnBZBEA+A4A2AoAmAdAUAPAFABADAAB0BxB4B7BVBKBDA6AxAqAZAeAJAMANAGAEABAA
5106802001001,BpCCBjBsBjBYBrBDA9A0AeAhAeATAQABACAEAAB8BhBxBkBqBVA9BEBCAiAVAfAZAIAFADAAAAAA
5106828001001,B4CCB3BzBoBNBXBPA/AvAnAiAdANALAIACAAABBzBxBmBiBmBGBIA7A7AsAZAaARAKAEADABADAA
5106851001001,BrB5B6BxBdBOAyBaAyA1AlAqAmAUAOASADADAABrB4CJBoBXBFBFAZAwApAiAdAcAPAFALALADAF
5107008001001,BeBsB3BvBWBQBNBLBEA3AzAqAmAXASAMAMADACBZBmBpBfBMBLBGBBA2AvAnAdAWAaAMAIAHAAAC
5107040001001,BqBsBqBuByBuBeBVBDAvAjASAOAIAFABACACAABrBqBlBuByBkBZBMA4AnAUAUANAHAFABAAABAC
5107065001001,B6B4B0ByBlBdBcBWBEBDAjAlAMAOAFACAEAAAAB5BuBrBoBaBRBMBFA1ApAWAQAIAIAEACAAAAAA
5107107001001,BXBhB0BrBdBPBSBQA8A5AqAjAXAVAaAGADADAABWBjBgBrBfBaBRBDBBAsAjAkAiASAMAJADAFAA
5107156001001,BXBbCIB9CHBFBUA6A6AqAfAeATATAOAXAIAGAABOBoB0B/BfBJBQA8AzAxAmAQAKAZAXAPAEAAAA
5107180001001,BqBtB4B/BlBQBSBHA9A0AyAgAjATAMAGAAACAABoBpBqBnBpBUBKA6A3AnAoAPATAIAKAGAEAAAA
5107198001001,BhBWB4B7BLA4BVA4BRAyA+AVAiAhALAaAEAAAABcBuBVBVCFBrAvBPAtBIAZAeAZAWAIAPAAAAAA
5107206001001,BZBlB2BnBpBUBIBEA7AuAhAlArATAQARADAAADBSBmBoByBmBQBOBFAxAwAkAmAbAYAUADAJACAA
5107248001001,CHByBtB7BsBfBcBCA+A2AbApAhANACAAACAAAAB/BlBcBmBOBZBBBKAlApAiAeAmAHAFACACAAAA
5107263001001,BcCAB4CHBcBMBlBOAvA4AbAPAyARAOANAIAGAGBaByB9BZBJBcBOA3A4AhAYAkAXAVAAAAAAAFAG
5107297001001,BJBfB0B6BEBPBfBWBABKAzA1AeAfAVATADAAAABIBeBcBVBcBQAnBEBEAnA5AdAnAhAQAQACAAAA
5107305001001,B0BxBxBuBrBeBVBRA/AwAkAZAWARALADADACABBuB+BmBjBcBWBPBCA6AoAYAZANAPAIAGAAABAA
5107354001001,B3BzBuBvCBBoBgBOBKBCA0AXAhAQAFAGABAAAAB1B3BdBtBRBVA/BBAwAfAQARAFAEAFABAAAAAD
5107404001001,BnBmBuBxBoBXBaBEA6AlAyAeAYAfAYALAGAAAABkBoBnBpBZBgBMBGAoAjAdAjAYAcAFADACAHAA
5107602001001,BRBkBpBuBkBWBSBKA/A1AtAVAOAUANAFAEACADBUBeBmBlBqBhBaBTBGA3ApAcAYAWALAIACACAA
5107602001002,BgBuBqBtBxBbBWBGA5AnAeAhAVANAIAKADABAABgBsBtBvBnBeBWBPA+AtAiAWAcAIAGAGAEACAD
5107602001003,CCCBB2BiBdBcBdBRA0ApAdAWARAIAIAIAEABAAB3CBBsBiBiBjBZBHAyAiAYATATAJAHAAABABAC
5107602001004,BXBgBlBpBfBTBRBQBAA7AtAbAaASALAIAFAAACBPBaBiBoBoBbBYBUBCA3AuAfAaAQALAMADABAD
5107602001005,BBBOBdBlBdBPBNBIBLA7AyAmAaAWAMAHAGAEACA9BLBfBsBpBUBfBTBQBDA2AsAkAOASAMAKADAA
5107602001006,BcBsBuBjBaBWBUBWA/AuA0AUAeAQAPANADABABBaBmBwBgBaBdBhBTA4AuAjAeAVASAJAGAAACAA
5107602501001,BlBoBsBuBtBgBUBMA6AvAmAgAVAVANAFAEACACBeBkBsBlBiBdBTBHA6AuAiAaASARAKAJACABAB
5107701001001,BpB3B/CFBkBIBDA+A4AzA4AdAbAVAOANAJAEACBgBuB0BqBSBDA4A7AwAsApAdAcASAOAHAJABAC
5107750001001,BmB8B0BrBlBVBPA7AyAqAlAnArARAPALAKAFABBcBnBeB0BfBQBHA7AsAxAwAaAZATAQAMAGACAA
5107776001001,CACGCFB/BdBJA8A9A0AxAhAhAdAMAPANAEAAAAB/CMB8BoBeBBA5AwAxAmAfAPAZAKAHAKABADAB
5107800001001,BdBsB9CABkBVBKBBA9A1AvAlAeAdAVARAGABABBaBkBvBjBaBEBAAzA2AnAvAYAbAaAOAGAGACAB
5107859001001,BxB1B2B2BlBSBMBEA/AuAqAgAdATAJAFAKADAABwBxBuBqBcBRBJA9AzAnAbAYATALAPAHACABAE
5107875001001,B5BqBeBjCJCRCDBqBGAoAVAWAOADAFACAAAAAACDBlBRBfBoBnBcBEApAZAQALADAFAFAAABAAAA
5107909001001,B3ByBtBmBoBiBeBVBBAtAjAVARAMAJADACAAABBvBuBnBjBpBeBZBMA5AnAcAVAPAKAHACABAAAA
5107925001001,B0BxBsBkBhBjBoBfBLAwAeAVAQALAGABABABAABtBqBoBiBeBfBdBUA/AnATAWAJANAEAEABACAB
5107941001001,BWCGCEB6BlBiBjBaA/AoAeAeAQARAGABABAAAABcB6B6BsBZBZBZBNAuAiAXAUAKAHADADAAAAAA
5107958001001,BpBjBoBtBhBYBXBOBDAzAkAbAZAOALAJAEABAABfBpBpBoBmBdBXBNA9AtAgAaAXAPAJADADABAA
5108006001001,B4CKByBsBdBeBaBfBQA/AqAcAPAPAEABAAAAAABqBnBsBfBKBRBUBVA6AlAaANALAIAFAGAAAAAA
5108055001001,ByCDCFBZBBBRBXBdA8A2AxAVAhAWAEAJAFADAAB4CCBvBLBKBLBQBHAxApAiAlAPAMANAEAFAAAA
5108105001001,BcBkBoBxBNBXBWBgA9A7AhAsAgAeAhATAJACACBLBnB3BIBMA+BHBLBJAsAjAoAdAZAOADACAHAA
5108204001001,BUBqB1B1BaBOA/BIBPBCAvAqAZAUAXAMAMACAABHBUBaBmBWBGBkBIAuAzAuAiArAaALALAAAAAC
5108303001001,CYCBBeBmBuB6B6BaA/AuAmAIAJAGACAAAAAAAACKCBBdBcBtBhBOA9ArATARAVACAEADAAAAAAAA
5108402999001,B6B8B4BwBfBWBWBEA5ArAdAaAVALAIAEAEABABBxB4B1BoBnBYBUBDAzAjAeAWASAJAJACAGAAAC
5108402999002,BwBtBxBsBmBgBWBLA7AsAeAYAPAQAKACACAAABBsBqBtBvBqBiBbBIA5ApAaAcAIAQAGAFADADAC
5108402999003,BnBsBxBtBgBaBVBOBCAuAlAQARAHAJAKACAAAABmBsBoBzBqBmBXBSA/AsAkASAUALALAAAAAAAA
5108402999004,BtBxB0BkBkBWBZBJA9AtAnAVARALAJAGADAAACBsBvBuBuBqBhBUBLA7ArAiASATALAIACACACAC
5108402999005,BKBLBaBpBuBjBTBIA/A2AnAhAcAQALAFADAAAABJBRBWBxB2BvBcBTBJA5AmAnAdAPAQAHAHACAC
5108402999006,BxB2B0BtBlBbBdBKA8ApAaAZARAIAHAFAEABABBqBvBzBqBpBiBbBKA4AlAfARAOAPAHAFACABAB
5108402999007,BkBuBtB9ByBdBHBAA1AsApAYATAPAHADAFABAABpBoB3B3BwBWBMA+A5AvAiAYAOAPALAEAGADAB
5108402999008,BcBhBkBvB4BiBNBDA8AxAqAcAdALALADAEADABBWBVBfB8BzBhBNBGA/AyAjAgAaALAOAIACAEAC
5108402999009,BmBsBtB3BwBdBRBJA9AuAhAVATAKAHAGAAAAAABgBjBsBvBzBeBVBPBAAwAgAVASAIAIAGAGABAB
5108501001001,CIB7BsBoBbBjBjBXA9AvAhAXASAKADADACABAABzB4BvBiBeBdBSBGA2AiAfAVALAIADABABACAC
5108600001001,B5B3BwB0BkBeBZBRBBAzAuAfAdAQALABAAAAAABwB0BmBeBfBYBNA+A0AiAiAQARAJAIABABAAAA
5108808001001,BuB4BsBpBXBSBfBTA+A4AkAnAiAXANACAHAAAABsB9BpBgBOBLBKBAAyAoAdApAWARALACAAACAA
5108857001001,BdBwA9BlBsCKBgBKBLA8AcA2AcAUAIANAEAAACBUBzBsBOBjBYBQBIA/AnAnAcANAMAEADAAAAAA
5108907001001,COCCBuBpBuBvBdBUBCAwAcAlAbALAGAFAAAAAAB/CBBdBZBgBjBKA7AqAgAWAGAIAFAFAAAAAAAA
5108956001001,CBBrBmBoBoBmBmBTBBA0AyAeAkARAHAFACACAABuB2BmBjBVBRA9A7A3AhAlAZAOAJAKADAAAAAA
5200050001001,BqBmBlBvBbBUBXBLBDAjApAjAYAYAUAIADACAABnBzBpBdBeBaBMBFBDA9AjAUAVARAHAEAGADAA
5200100001001,BpBnBcBhBhBcBZBHA5A5AqAkAlAZASAJAHAEABBqBgBZBdBZBUBTBCA3AsAhArAbAYALAGAHAFAC
5200134001001,BiBkBpBoBjBbBZBOBEAyAmAiAZAOAPAIAEACABBkBgBsBkBgBZBUBNA9AqAsAVAZAQAIAGACACAB
5200159001001,BfBcBqBpBdBWBLA/BMA3AdA9AVApAXALAEAFABBUBiBfBpBQBGA5BFBEAvAjAqAeAWAYAEAUAGAA
5200175001001,BiB3ByB+BfBaBOBQBFAzApAwAjAZANAKADABACBsBZBuBiBQBPBLA5AqAuAgAjAVAOADANAAAAAA
5200209001001,BnBaBrBFBLBRBLBVA+BAA3A0AqAdAFAWAIAFADBZBgBVBbBQBgBOA3A5AsAuAxAjAFATANAQAKAA
5200258001001,CiCMBjBSBcBvBrBHAqAhASARAKAHAFABACABAACjCHBnBhBkB1BhBDAmAZAVAMAJAIAEABABAAAA
5200258001002,CmCHBjBSBhB3BxBFApAcASASAMAFACABAAABAACbCDBdBYBvB+BoBAAkAaAVAOAJADABAFABAAAB
5200258001003,CYCHBkBYBoBtBhBHAuAiAaAQAPAJAFACAAAAAACXB7BiBdBuBxBgBCAsAfAVAPAMAFAFADACABAA
5200258001004,CZB9BdBTBpByBnBGAzAjAWATARAIACACAAAAAACWB4BXBmBxB3BhBIAqAeAbAMAGADAHAHACACAA
5200308001001,BuBrBaBtBgBaBDBBA7AwAjAiAfAQAPAMAEAEAABqB2BtBlBmBQBOBIAtAsAiAlAhAWANAIAEABAC
5200506001001,BPBTBLBeBrBMBLBgA9BBApBGApAWAeAKAJAEAABNBKBSBGBGBNBKA4A5A6A+AjA4AdAOATAeAEAR
5200555001001,BbBnBrB3BWBXBeBVAyBAAzAeAqAUAPAVAAAAADBkBZBZBVBWBgBMBEA+ApA0AeAQATAMAMAAADAA
5200605001001,BxB7CIB7BnBRBKBDA1A3AcAeAXARAOAFADAAAAB9BpB5BzBhBHBGA6A0ArAbAXANANAGACAFACAE
5200803001001,BsBrB2B9BoBRBHBAA6AnAaAiAdAPAJAMAEADAABiBoCCB9BjBHBHBBArAqAmAgAWAWAMAEAEAFAD
5200829001001,BqB1BzBpBZBHBJBgBEApA6AfAjAiAZAHADAAAABKBwBvBlBGBCBSBHBIA1AXAiAUAKAJAMADACAA
5200852001001,BYBYB3BpBdBOBSBHBDAoAuAqAoAeATAPADAFAABVBSBQBeBaBQBKBNA8BMApAjAiAWAVABANAAAE
5200902001001,BJBUBkBuBWBUBFBbBFA+AwAqAZAaAaAOAMACAFBJBVBeBGBVBVBXBKBCAyA6AiA3AdAKADAFAEAE
5201108999001,A5BABOBbBaA9BAA8A8A8A0AiAjAbAfASAKAJABA4A+BRBqBhBIBKBUBTBFA8A8AqA2AsAaAKANAF
5201108999002,BKBNBXBlBdBJBEBEBAA3AyAkAgASASAIAHABACBFBJBRBpBtBVBYBaBRBEA9ArAhAfARASAJADAF
5201108999003,BTBYBdBdBgBVBRBKBCA3AuAcAUASANAMAGACAABSBUBZBgBoBmBbBTBJA7AvAkAgAXAJAMAIAHAD
5201108999004,BOBGBkBoBXBJBHBUBIA8AuAjAYAUATAIACAAABBNBfBcBoBgBcBXBSBSA/AyAnAgAcARAIACADAA
5201108999005,BaBYBbBmBeBSBRBMBCAyAjAoAWAWAPAIAEAEAABQBVBcBiBiBXBeBRBHA7AsAtAeAbAVAMADAEAA
5201108999006,BmBlBlBkBkBaBYBMA/AuAiAZAWAPAQACACAAABBjBgBjBkBhBdBZBSBEAyAnAbAYAXAJAKAGAAAB
5201108999007,BfBdBZBfBoBeBVBGA8A2AqAeAXAOAPAGAGAAAABdBWBZBgBsBhBcBNBHA7ArAhAeASAOAKAGAAAB
5201108999008,BiBfBhBoBjBXBSBTBAAvApAXATALAQAJAGABAABaBcBfBqBmBdBfBUBGAwAtAcAXAXANAGACAAAB
5201108999009,BJBHBcBhBcBGBHBLBDA0A0AZAbAXAJAQAFAFACBFBOBXBuBjBbBQBbBRBCA+AjAvAWAXARALAFAB
5201108999010,BfBTBfBeBhBVBQBRA9A0AjAjAXAOAQAIABAAACBUBWBgBpBjBjBeBVBIA7AvAhAdAXANAHAIACAB
5201108999011,BuB6B2BuBcBRBVBNA/AqAiATARANAHAJACABABBsBzBvBpBdBaBcBVA7ArAeAUASANAIADACACAB
5201108999012,BtBlBrBpBwBcBOBJA8AyAjAWAUARAMADAEABABBoBiBkBoBoBeBWBHBBAyAmAXASAUAIAKACADAB
5201108999013,BtBmBnBmBpBZBSBLA9AuAkAZATANAJAGADACAABpBmBmBiBmBfBYBOBCAyAoAaAZAPAHAFAFACAA
5201108999014,BiBfBsBjBnBiBXBNA7A9AnArAcAaALAGALABACBiBeBlBiBZBRBOBBA5AvAgAlASAXAOAHABAEAE
5201207001001,BLBGCIBpBcA8BMBFA5BJAsAmAZAnANAxAAAAAABJBqA2BgBXBgATBGBLBHBLAuA+APAAASAAAPAA
5201306001001,BSBfBnBoBeBdBSBRBCA3AvAjAjAQASAKAGADAABOBfBcBdBYBYBRBNBBAzAtAjAdAZALAMAHACAA
5201405999001,BzBxBmBsBoBlBaBFA4AqAeAYASAHAHAHACAFAABqBtBjBrBuBmBaBJA6ApAYAhAVAMAFAGADACAC
5201405999002,CCB8B5BxBsBhBPA+AxAlAeARAPAIAHAEABACAAB5B3BvBzBrBbBSBFA1AoAZAVARALAGAFABABAA
5201405999003,CMCKB1BnBbBhBXBFAxAlAcAPANALAFACAHAAAACMB4BxBlBhBhBXBOA0AjAUAXALANAGAAAAACAA
5201405999004,B+B4BxBnBtBnBXBMA1ApAYAbAPAOAHAEABAAABBvBoBnBmBvBoBcBIA0ApAdATANANACAFADACAB
5201405999005,ByBxBpBiB7BwBoBVA5AoAhASAYAHAMADAAACABB0BmBlBiBkBeBaBMA0AkAjAMAPAMAEABADAAAC
5201405999006,BZBTBYBnBvBjBRBIA/AyAnAYAVAIAIADADABABBXBVBWBwB9BrBeBXBLA+AqAdAWAPANADADADAB
5201405999007,BuBrBmBkBrBjBfBSBAAqAeASAKAKAGAGABACABBqBpBhBqBuBsBiBVBBAsAbATASAMAIAAACABAA
5201405999008,BwBxBoBjBhBrBcBVA9ArAfANAQAFAGAEAAABAABrByBjBoBuBqBmBUA5AsAZAUARAEAIAEAAAEAA
5201405999009,BjBmBrBsBpBWBcBRBBAwAfAXAPAOACADAEAAAABiBiBrB4BoBfBdBUBCAvAjASAUAJAIAFADADAC
5201405999010,B7B3BwBnBhBhBXBJA4ApAdAWAPANAMAEABABAAB7BvBnBmBrBjBYBJA6AmAhATATALAHAEAAAAAB
5201405999011,BzB5CDB8BmBRBYBEAyAnAXAXAPAMAIABAAAAAABuBzB5B0BdBXBbBUA9AoAfAPATAGAEADABACAE
5201405999012,B2BtBqBkBrBgBaBFA+AoAbAcASAGAJAEACACAAB0BqBjBvBzBhBeBMA8AqAhAUASAPADAEABABAA
5201405999013,BfBdBnBxBqBXBPBLBBA0AlAbASAOAHAEAEABAABbBfBkBsBuBbBaBWBKA4AnAaASAOALAFAEACAB
5201405999014,B3BwBoBYBYBmBrBbA8AmAdAMALAMAEABABABAABxByBfBeBkB2B1BYA9AnAWAXAOAKAHACABAAAB
5201405999015,BXBWBaBnBxBeBMBMA+A0ApAcAQANALACAEADAABWBWBfBwB2BhBYBVBJA8AuAdAYATAKAFADAFAA
5201454001001,BuBjBcBcBVBmBaBGA4A7AZA1AkAWADAPALADAABLBqBcB7BfBJBRBDA3AsA3AXATAXARAWAIAAAA
5201504001001,BSBpBoB2A8BeBcBcBGAwAuArArAWARAIADAAACBfBaBqBcBOBYBKBVAxA5AuAdAZALANAFACAAAE
5201603001001,BRBQBtBhBQBSBLBSBABBAtAoAhAeALASAFAAAIBQBiBkBYBeBYBNBGA1ArAyAoAsAgAKAJAKAEAD
5201702001001,BcBlBmBlBtBcBQBIA6AxAkAeAbAUARAHAFABABBfBfBiBtBqBcBVBHBAAwApAYAXAPAPAHAGAAAD
5201801001001,BcBiBkBZBeBSBOBGBMA2A3AjAZAXATAMABAHACBeBkBjBdBaBYBZBFA4AzAlAkAbAbAPAKADADAC
5202155001001,BlBnBuBtBpBdBMBRA8A3AjAtAdASAMAJACAFAABRBgBwBxBUBYBQBFAzAxAmAfAXAQANACAEACAB
5202353001001,BOBoBpBcBiBVBZBRBBA/A0AoArAbATAMAHAAAABOBaBVBMA/BnBSBLBHAyAuAxAgANATAIADAAAA
5202502001001,BxBzBlBzBlBZBUBIA9AzAUAtAbARAMANADAAAEBuBoBmBzBbBZBOBAAwA0AfAUAVALAJAEAFAAAA
5202601001001,BABWBuBiBWA/BFBWBHA1A4AsAnAYAbAUAGAFADA6BXBfBeBSBGBMBRBCA8ArA5AsAZAYAPAAADAJ
5202809001001,BKBQBeB9BcBGBRBdA+BDAqAZAsAfANALAEAAAEBMBYBzBfBcBUBMA+BHAqArA+AXAaAYAEACAAAD
5203104001001,BXBeBsBkBFBSBXBKA8A2A5A8AlA2AlARAAAAAFBPBpBsBTBMBRBJA1BEAwAmAmARAeAMAAAIAAAA
5203203001001,BhBkBvBnBdBLBMBJA3A0A5AUAkAUAVAEAGAEAEBcBnBoB0BVBQBOBKA0AyAtAbArALAIAPAGACAC
5203302001001,BUBiBjBoBlBUBSBUBBA1ApArAfAaARAMAFADABBUBZBeBeBcBPBPBJA/AyAmApAaAaAOAQAEAFAB
5203401001001,BXBhBfBjBhBYBRBFA8BAA2AmAmAZATAOAIAHAABSBaBUBbBhBWBOBFA+A4AtAiAaAZAPAMAFADAA
5203500001001,BgBlBkBaBiBbBbBOBGA1AbAxAeASAMAOAEABAABdBmBbBdBbBbBbBNA+AwAgAjAeAOAPAFADADAA
5203559001001,BqBlBqB1BxBJBSBVA/AwAwATAbAOARAKAGADABBeBgBlBjBfBhBTA5A6AmAqAfAYASAHAKAFACAD
5203575001001,BiBzBuBpBxBeBLA2A7A0A5AmAaAUAZAAANAGAFBwB8BZBmBcBRA7BBAsA4AQAiAcAVAAAFAEAAAE
5203609001001,BNBsB8BZBfBOBaBPA0A3A3AiAhALAYAPADAGAABIBrBrBUBSBQBhBMA1AzAeA3AXAaALAHAEAEAE
5203807001001,BYBlBpBtBmBbBQBEA8AyAmAkAdAaAVAHAGACAABbBgBrBxBWBRBTBQA6AvAhArAYAPASAFACAAAC
5203906001001,BVBYBbBQBKBTBRBIBCAwAwA0ApAeAhASALACABBNBTBaBPBQBQBWBGA9A3A7AmAsAqAXAPADAGAF
5203939001001,BdBbBkBoBfBBBnBTBAA9A1AYAgAfASAWAAAEAABDBbBsB7BDBVBPBUBAAfAyAlAPAfAMAAAEALAA
5203962001001,BnBxCECZBgBHA7BIA0AqAUAwAdANALAHANABAABZDDCMBABABNBFAzAlA0AZAjAaAXAFADADADAD
5204003001001,ByBpBzB5BxBQBOBDA1A2ArAiATAPARALAEADAABuBoBwBsBgBLBCA+A+AmAZAiAaASABAHAEAAAF
5204102001001,BdBcBiBkBXBYBRBHBBA5A4AmAzAXAUASADAEABBOBPBYBfBSBNBWBJA7A2A3AeAYAeAQAJANAFAA
5204201001001,BzBfCVBbBMBHBbBZBHAWAnAqAuAZAZAAAAAAAABUBfA6BRBNBwBHA9A1AxBGBCAJAZARARAJAAAA
5204250001001,BVBhBsBkBfBPBRBPBBA1A7AdAWAeAaAUAEADABBQBXBhBeBWBQBRBTBAAuAsAeAsAVAMADAGAAAE
5204300001001,BSBYBlBbBUBWBMBLBAA8A8AhAjAkAMARAKAEABBJBYBiBeBYBVBVBLBAA6AsAnAhAUASAKAHAEAB
5204409001001,BTBiBlBbBVBaBQBPBDA2A4AkAhAaAOAKAFAGABBYBhBkBcBSBWBVBQA/AwAyAdAeARAXAFAHAEAB
5204508001001,BnBmBkBjBnBhBaBOA+AvApAaAWAPAKAGAGABAABhBgBgBmBmBhBcBMA/AvAiAeAZAOAJAGAFABAB
5204557001001,BaBLBqBvCABoBPBMA5AnA+AtAhAaAbAHAIACAABQBzBSBYBWBRA9A+BDBBAfAlAdAVAIAJACAAAA
5204607001001,BlBrBoBrBhBQBYBQBFAqAsAyAxAJALADAIAAAGBnBgBmBRBZBTBYBDAsAtAxAfAfAIALAHAEADAD
5204656001001,BfBwBnB5BaBaBbBCAwBJAzAwAgAmAJAPADAFAABaBZBmBaBOBSA4BJBKAhAaAzAcAPAKAEAGAEAA
5204706001001,BdBgBuBuBdBQBQBHBEA1AwAcAjAQANAOAGACACBdBbBpBqBYBSBWBGBCAzAhAiAZAVAQAGAFACAC
5204805001001,BbBVBVBhBRB7BeBmBCA1AzAmAaAfAIAKACACAABcBdBbBgBpBGBTBFA+AzApAbAXAYAKAKACAEAB
5204904001001,BpByCBCIBcBLBEA+A6AuAmAXAVARAMAIABAFAABhBvCDB8BkBLBJBBAzAjAVAlAWAQAPAIAAAGAC
5204953001001,BrB5B7BtBWBQBRBSBBA1ApAdAOAVAPAKAEAAAEBnBuB2BkBYBSBRBOAzAqAdAaAWAOAEAFACAAAB
5205000001001,BVBgBgBnBVBSBYBQBDA8AoAsAlAVASAOAEABAABUBVBXBVBZBSBHBPBAA6AyAqAgAcAWANACACAB
5205059001001,BeBnBtBwBfBaBPBJBDA5A1ATArAVAdAPAJAAAABbBVBdBjBiBKBPBGA5AxApAUAdAWAGAIAFAFAC
5205109001001,BRBXBiBqBlBVBTBOBEA6AwAfAdATANAJADACABBNBTBaBnBjBYBVBQBHA6AtAhAfATASAJAGACAC
5205208001001,BVBiBqBtBnBbBXBTBBAzArAeAkAWAUAEAHACAABPBdBlBdBZBIBZBGA9A3A1AbAkASANACAHAAAA
5205307001001,CICPCUB3BSBCBAA8BAAnAkAeAgARANAIAEACAAB9CNB8BTBHA2AuBAAzAoAgAeAXARAQAGAIAFAC
5205406001001,BRBbBkBmBhBLBOBPBGA2ArAjAeAUARAPAGADACBLBXBgBdBVBVBZBUBKA4AnApAqAUAVAJAFABAB
5205455001001,BWBuBmBoBeBZBTBQA8AwArArAjATAUAMAAACADBYBfBeBgBfBYBUBMA4ArApAdAhAWAKAKAEAAAD
5205471001001,BwCJBxBTBYBuB6BlBJAwAXAPAMAIALACAAAAAABqBwBnBdBeBoBlBfAqAiAcAPAIAEAEAAAAAAAA
5205497001001,B8BvBnBrBqBeBYBDA5AqAYAXAOAJAHACACABAAB1BrBkB2BuBhBaBOA9AuAcAXAPAKAIAFABABAB
5205513001001,BxBrBxB2BtBXBNA9A4AvAfApAXAVAQAHAFADAABsBjBrBsBmBUBIBBAyAwAiAaAZAOALAKACACAC
5205521001001,B0CACIByBWBOBEAsA8A4AvAjAYAiAWADAKAAADBwB4B6BgBWBLBAA/AuAhAbAcAbAPAFAEADADAE
5205703001001,BEBfBqBZBbBPBQBPBABAAkA1AtAbAWALAEAAAABVBdBmBLBgBNBcBDA8A8AxA5AUAhAMABAHACAA
5205802001001,BnBlBxB0BgBUBKBDA9AvApAtAcAaAQAMAFACACBcBYBtBkBcBKBGA8A0A2ApAgAeAXARAKAHAFAD
5205901001001,BTBpBUBXBaBcBYBOBEA5A3AtAmAaAYAIAJAFACBYBVBbBYBWBYBMBJA3A2AkAsAaAaAXAIAFAFAA
5206206001001,B7ByBvBpBnBeBRBHA9AwAjAbAVAMAKAIAFACABBzBrBmBmBgBcBOBGA1ArAcAYAUAPAHAIADADAA
5206305001001,BPBcBiBhBhBLBcBQAuAzA9AYBAAHAQAdAAAKAEBVBfBWBcBNBWBQBNBJAzAgAwASAhAZAEALAIAA
5206404001001,BgBkBpBuBeBVBeBTBEA2AtAhAcAYARAJAFADABBWBhBiBiBbBYBOBKA0AxAqAbAcARAHAGAHABAB
5206503001001,BMBWBgBjBjBWBOBEBJA9AoA3AnAlAOAJAJAAACBWBLBdBVBUBTBIA+BQA6AoAvAjAhATAJAGAAAE
5206602001001,BUBQBeBUBTBSBUBSBLA3BBAkAqANAlAOAJAJACBKBUBVBbBNBDBNBLA0A2ArBAAtAoANAOAJACAC
5206701001001,BjBnCICHBvA9BEA+A2A3ApAkAXATANAMADAAAABBBxBsCFBVBTA5A9A1A6AeAiAgAXAPAMAGABAA
5206800001001,BNBhBvBmBMBTBcBWBOBHAkA6AcANASAWAFAAAABBBOBhBiBLBABVBUBEA6AsAmAYAlARAGAIAAAA
5206909001001,BSBbBVBdBpBWBHBLBaBRA0BFAeAdATAEADAAAABFBWBSBWBWBNBTAzAwBCA1AaA6AdARAHAEAAAE
5207105001001,BSBqBoBeBVBBB4A1BAAzA9AyArAhASANAHAAAAA9BVBVBbAwB2BDBeA6A+BHAUAYAZAXAGADAHAA
5207253001001,BeBqBtBnBfBbBUBPBEA2A7AlAhATAIANAFADADBbBdBjBfBfBbBPBDA5AtAqAXAXATAHAFADAAAB
5207352001001,BeBSBXBkBZBYBPBMBJA8AyAiAwAVAbASAGAFACBRBbBVBgBYBbBQBBA0A5AfAxAmAdAIAJAHADAA
5207402001001,BdBiBdBiBgBaBcBSA+A6AqAlAhAbAOAGABADADBcBbBYBeBfBcBTBNBAAwAjAoAYASAPAKADAEAA
5207501001001,BVBeB3BlBWBKBRBLBBA3A5AVAqATAUAEADAGACBjBYBvBhBVBVBOBIA7A3A0AWArAIAaAGACACAA
5207535001001,BdBaBiBrBlBhBaBJBEAxA2ArAkAaAWADAIADAABSBRBXBjBnBOBHBBA+A3ArAmAfAUAJAFAFACAC
5207600001001,BOBfBpBgBWBPBXBUBHA7BDAiAlAcASAHAEAFADBUBZBYBXBRBIBZBMBAAyA3AkAkATASAJAFAAAA
5207808001001,BCBYBjBiBfBDA+BTBFA+A4AgAiAXAbAVAIAFACBBBkBcBYBJBfBaBMBIAyA1ApAdAjAVAPAGADAC
5207907001001,B4B4CFB8BaBIBHBMBEA0AxAhAdAQAIADAAACAAB+B9B0BzBNBEBDBDAwAkAZAZAPALAJAAAEAAAC
5208004001001,CCCDCCB7BmBPBNBAAxAfAaAUALALANACAFAAAACBB3B7B3BnBYBPBEAsAhAZAXAQALADAFAEACAD
5208004001002,BqBsBvB3BsBWBMBFA6AsAgAUASANAKADAEAAABBrBoBsB4B0BcBUBLA7ArAfAVAWAJALAFADADAB
5208004001003,BUBSBnB4BkBNBLBEBAA2AdAlAaAOARAIAEACAABMBTBoB5BuBSBTBPBGAxAyAaAhAYAOAPAKABAF
5208004001004,B9B/B3BzBiBVBOBCA4AvAkAjAcAQAOAIABABAAB3BzBtBkBcBRBCA7AvApAdAcASATAKAEADACAB
5208103001001,BXBkBkBvBYBPBWBRA7AsA0AZAhARAgAMAHABADBXBhBkBrBXBOBQBNA4A5A0ANAqAVAHAOAFABAC
5208301001001,BgB0CPCJBrBIBEBBAyAuApAgAbAXARAEAOAAAABfBeCAB9BOBCBDA1A3AkAqAcAcARALAIAIADAD
5208400001001,BnBtBmBrB0BfBTBYA3AqAqAWARAYAMAGAGAAABBpBpBpBqBhBVBUA+A3ApAmAaAZARANABADACAB
5208509001001,BGBUBTBjBWBSBBBPA+BBBSAgAaAlAYAPAJAFACBFBIBaBUBUBGBRBQA9A3BCAvA5AZAXAPAKACAD
5208608001001,BfBjBpBqBfBUBVBKA8AxAoAfAdATAOAHAGADACBaBiBlBjBfBZBYBMA+AzAkAiAaATAPALADAEAC
5208707999001,AqAsA7BdBrBMA+A7A7A6AvAjAcAZAVAMAIAHAFAqAtBHB+CLBgBPBTBYBQA+A2AqAvAmAiANAJAF
5208707999002,AlAwBCBdBxBSA8A9A2A1AuA9AiAmAXARAHADABAoAtBCBuB8BhBNBOBMBRBXA5AuApAfAVASAEAD
5208707999003,AoAxBGBtBiA9A2A6BCBEA5A1AnARARAJALADACAtAzBPB5CBBVBOBVBfBZBIA0AsAgATAXALAGAC
5208707999004,A2BABRBmBjBCA/BFBKA7A6AgAUAXAMAJAIAEABA5BBBSB6BuBaBUBjBiBOA8AjAeAiAWAYAGAGAA
5208707999005,BQBTBYBgBrBhBWBLA9AyAfAdAYANAQAIADADAABSBNBVBuB5BkBcBUBMA4AmAnAeAZATALADACAA
5208707999006,BDBGBKBeBzBZBHBFA9AyAhAhAYASAUAIAHADACBDBDBRBvCDBkBdBWBNBCAzArAlAgAYAPAHADAB
5208707999007,A8A+BLBhB3BkBMBDA5AxAvAVAYASARAHAFABAABBBFBKB0CVBsBaBVBNBDA3AfAfAgAYAOAEAHAA
5208707999008,BLBJBXBoBrBZBSBMBAA0AuAWAaAPAKAKADABABBIBKBUBuB1BiBdBYBKA7AyAnAkAVASAOAHACAD
5208707999009,BXBZBWBkBrBdBVBQA4AsAlAVAcANANAKABABAABQBSBWBtB2BrBjBZBEAyAmAlAkAPAOAIALADAB
5208707999010,A/BDBUBnBVBIBTBXBNA/AwAfAYALAJAEABABAAA9BBBVB8B4BvBmBrBXBLAvAkAYAOALAHADAGAB
5208707999011,AyA5BNBtBsBOA+A+A8A5AzAsAgAXATANAHACACAwA1BHB0B7BiBUBUBWBJBCA3AsAfASARAKAFAD
5208707999012,BJBIBPBmBrBZBQBLA+A0AuAcAXAPANAHADACABBHBEBSBzCABtBcBYBNBBAyAnAiAUAPAIAFAFAB
5208707999013,BWBXBVBwB7BhBRBIA6AvAmAcAVALAIAGAFABAABZBTBRBxB6BsBaBRBHA3AwAaAZAQAOAEAEADAA
5208707999014,BQBWBgBuBpBSBMBKBHA4AtAdAUAKAMAEAEABABBMBPBdBvBwBeBcBXBQBAAuAgAXAXALAHAGACAA
5208707999015,BHBHBVBmBmBXBOBKA/A3AuAcAdAOAJAGAEABAABFBKBOBxB5BiBhBdBSBBAyAqAlANAQAOAIAFAB
5208707999016,BJBLBYBnBqBWBOBHBCA2AmAjAeATAMAGABACAABFBGBWBtB4BcBdBcBPBBAzAlAhAVATANAGACAA
5208707999017,BHBIBTBdBnBWBJBIA+AzAlAhAaAXAOAHAJAEABBCBHBRBuB2BeBZBXBMBAAxArAoAfAaAOAOAEAE
5208707999018,BOBaBQBiBsBmBYBIA9AwAfAjAdAQASACADAAAABWBPBPBoB1BrBYBSBKA3A2AaAgATAOATAEABAA
5208707999019,BaBUBXBnB2BnBSBIA8AzAnAeASAQAJAHACACABBYBXBXBxB4BmBYBKBGA5ArAeAZAQAJAKAEABAC
5208707999020,BTBVBWBmBsBdBUBMBDAxAkAhARAOAJAHABABAABKBUBdBrB4BtBcBaBMBAAzAcAaANAHAFAFAEAB
5208707999021,BeBdBhBkBkBcBSBRBFAzArAUAYAIAHAHACAAAABTBZBeBxBrBmBcBaBJA8ApAdASAJANAGAHAAAB
5208707999022,BaBhBeBoBrBfBUBOA9AxAiAbAUAMAIAGADAAABBfBaBhBoBzBoBZBYBCA0AmAfAaAKALAHADACAC
5208707999023,BrBhBkBxBtBhBYBPA8AvAbAcARAKAHADABAAABBhBjBhByBvBnBcBTBCAxAjAQAOALAJAGAEABAB
5208707999024,BnBjBrB0B4BdBKBIA6AqAdAaAPASALAEACACAABlBiBdB9BxBaBXBMA/AuAgAcALAYAJAIACACAA
5208707999025,BcBcBaBiBrBfBaBJA6ApAfAhAcAQAMAHACABABBYBUBaBpBxBmBhBSA8A0ApAoAdAUALAKAEABAD
5208707999026,BUBVBaB2BtBSBLBDBDA6AzAQAVALAKAHADACABBMBWBdB1BvBeBWBSBTBCAsAhAaATANAIAFACAA
5208707999027,BNBRBfB5B4BSA/BABBA2AvAjAWAPAJAEADADAABRBRBdCBB1BaBOBNBPBGArAjAaAJAMAIAGAAAG
5208707999028,BVBgB0B6BkBJBLBXBHAyAhAUASALADACAEABABBPBXBpB+BnBRBcBjBTA5AsAVAJAWAJAJAEABAA
5208707999029,BOBNBZBmBpBWBNBLBBAzA1AaAYAPAIAJADABAABHBRBZBrBwBjBYBXBNBIA1AnAaAXAQAHAGAEAB
5208707999030,BdBgBnBpBkBXBTBUBJA3AiAaAQAKAKACABAAAABWBeBeBrBnBhBhBfBQA4AiAZASAPAFAJAEABAA
5208707999031,B/B5BmBlBlBjBXBKA1AoAhAQAOAKAHAFABABABB7B4BrBmBqBjBdBLA1ArAZAWARAJAHADABABAA
5208707999032,BzBsBrBiBgBhBjBXA+AqAcARARAJAGABAAAAAABoBrBoBiBoByBqBWA9AnAXAbAJAMAJAAAFACAA
5208707999033,BsBlBlBmBuBgBbBKA8AsAjAUATAKALADABACACBnBlBfBmBtBlBdBQBAAvAiAaAYANAIAGACAAAC
5208707999034,BZBUBtBwBvBQBMBFBAA1AkAeASAOACACAFAAAABTBXBkB9BsBUBUBUBSBEAwAgAPAQASACACACAB
5208707999035,BmBcBfBiBqBmBaBKBBA1AiAaARAOAEAHABAAACBjBgBdBsBvBsBeBVBDAyAhAXARAMAHAHAGAAAB
5208707999036,BtBlBuB2BxBbBRBHA7ArAhAUASAJAGAGACABAABoBkBvB2BqBaBYBSA/ArAhAZARANAIAFADAAAA
5208707999037,CICFB2BeBfBkBgBKA1AeAUARAPAGAFAEAAABABB+CGB1BjBfBuBfBJA0AfAWAUAHANAEADABABAA
5208707999038,B3BoBbBqByBxBaBJA4AqAgAWAPALAHAEACAAAABwBiBbBpB5BsBXBLA9AtAaAZAOAOAIABADABAA
5208707999039,BkBmBiBsBmBeBZBKA/A2AmAXASAMAIAGADACABBiBeBfBmBxBeBdBSBBA1AeAfAUAQANAEADAAAA
5208806001001,BsBmBsBkBnBdBPBMA9AxAjAcAYAWAJAHABACAABoBlBgBnBqBaBSBPBBAwAdAfAWANAQADADAEAB
5208905001001,BNBZBnBtBoBVBVBHBDA0AkArAdAZAOANABAEAABbBXBiBmBRBHBTBSBBAwAtAlAiAVARAPAJADAC
5209101001001,BWBcBbBjBaBVBOBPBAA2ApArAiAaAQANAGABABBPBbBcBhBcBUBWBPBDA4AvAiAlAXAQAKAFADAD
5209150001001,BNBdBhBtBWBVBfBGBFA8A8ApAoAeAQALAEAFABBJBYBsBjBeBQBPBTA3AtAoAiAZAOATAGADADAA
5209200001001,BjBgBdBmBtBNBUBGA2A0AzAgAcAWAWAJAEADABBoBoBUBrBaBXBNBEA5AxA2AnAZARARAHADABAC
5209291001001,A+BmBrBuBUBbBmBaA7AzAcAwAhAeAWAEAAAKAABMBcBkBbBLBYBTBVA6A0A2AfAfAUAJAQAAAEAA
5209408001001,BrBoB1CVBvBGA7BFA3A7AbA5AgAUAYANACABAEBUBwB5B6BNA/A5A4A6ArAmAZAUATARADABAFAA
5209457001001,BEBNCNBoBlBFBUBnA1A1A3ApAWAdAfAOAAAAAEBKBdBXBmBUBdBWA4A/AxAvAhAdAcAQAFAAAFAB
5209606001001,BfBZBnBvBUBVBRBTBGAuAnAxAmATAXAHAIAAAABXBaBjBaBFBOBXBVA8AnAqApAyAPAZAKADAAAA
5209705001001,BgBaBsBrBlBSBRBLBCAzAvAoAiAZATAFAGAFACBaBgBlBaBeBRBJBKA5AyAjAoAaATALAIAIAFAB
5209804001001,BNBxBhBqBdBCBSBJA9BCAvApAjAfARAMAEACABBWBaBsBFBGBSBZBRBLAgAuAoApATAMAUAKACAB
5209903001001,BwBxB1CEBnBIBIA+A6AwAjAXAaARAMAGAFACABByBzB/B3BjBMA9A5AyAnApATAcAPANAJABAAAB
5209937001001,BVBjBsBiBhBPBTBPA7A1A7AnAmAWAVALAAAAAABdBfBsBTBZBZBZBLA8ArApArAUAOAOAEAFAFAA
5209952001001,BwBoB2BcBgBcBYBNA/AyA0AcAhATAPAIADACABBeBmBgBdBfBbBRBJA1AsAkAeATAQANAFAFACAA
5210000001001,BVBaBkBoBfBTBVBKBCAzAoAkAhAUAPANACABAABQBZBcBlBeBXBWBQBGA6AuAgAiAXAQAKADAEAC
5210109001001,BWBeBdBdBbBTBRBPA+AzAwAiAhAbAXAOAEAFABBQBYBaBZBbBPBPBSA+AzAsApAoAeATARAFAHAD
5210208001001,BLBdBlBfBTBNBPBQBBA4AuAiAhAXATAIAJACACBMBcBkBgBZBQBcBXBGA3AxAhAnAXASAOAFABAB
5210307001001,BVBuBCBiBVBRBfBbA5A1A2AfA4AfAPAMADALAABMBaBcBXBPBjBdAqBUAeBUAgAkAMALAIALAAAA
5210406001001,BbBdBmBrBdBWBVBLBAA6AuAhAZAZAOAGAGAEAABUBfBiBhBeBXBUBNA/AzAnAlAWAZALANAHABAB
5210562001001,BNBTBiBjBbBaBKBPBBA8AlA4AsATAfAKAEAAAABFBdBfBuBPBOBbBAA7A8AyAlAhAhARAIAEAAAG
5210604001001,BWBUBrBnBsBRBUBRBBAzAxAlAeAhAHAKAGABABBGBIBqBkBZBNBVBQBFAwAzAhAfAaAWAIAFAFAA
5210802001001,BhBeBnBnBaBQBXBKBIAvAyAiAsAUANALAAAHACBfBjBkBfBVBPBYBEA3ArArAnAVAXATAGAHAEAC
5210901001001,BjBjBmBmBdBRBSBQA+A2ApAdAdAYAVAIAFACAABeBfBpBeBZBWBRBMA8AwAsAiAUAbARAMACABAA
5211008001001,BaBhBoBpBZBMBLBNBAAyAvAkAhAbAQAMAIABABBXBaBkBgBcBXBdBFA+AyArAiAgAaAQAIACADAC
5211206001001,BSBaBnBlBdBQBPBMBAA7AsAjAeAYAUAIAKABABBNBTBlBiBaBRBYBQBCA3AyAiAlAXAOAOAGACAB
5211305001001,BjBeBwBfBbBeBZBSA5A2A8AkAoARAPALAHAAAABkBlBaBhBeBcBRBFAyAxApAaATANAOAIACAAAA
5211404001001,BJBdBpBkBYBIBRBOBJAzAqAuAeAUAWAOAIABABBEBaBfBeBUBRBXBSA9A8A1AjApAXAaALAFACAB
5211503001001,BGBRBbBfBcBKBNBKBCA8A1AlAfASAPANAGAKAABEBLBYBcBfBWBWBZBSBCBFAhAmAeAXAMADACAA
5211503001002,BZBXBcBeBjBZBNBHA8A1ApAqAgAWANAGALAEABBXBTBfBgBmBaBaBUBEA3AxAiAbAeAKALACAFAB
5211503001003,BBBKBXBdBdBMBFBNBDBBAzAqAgAeAWALADACABA8BNBSBdBfBTBVBWBRBMAyAzAoAiAbALAIACAC
5211503001004,BdBmBlBiBjBWBVBNBDAwAsAkAaAXAIAEAGABACBaBeBiBYBjBcBYBSBFAzAqAfAXAOAMAIAGAGAB
5211503001005,BmBnBrBbBeBaBgBLA/A7AuAoAkAXANAJADAAAABfBjBbBPBbBeBWBPA7AyAiAgAYAQAFAJADACAA
5211602001001,BBBYBgBXBVBNBVBOBOA6A8ArA5ArAhAMAHACAABHBYBZBSBQBTBVBMBBBHAZA7AcAWALAFAHAAAA
5211701001001,BXBnBhBaBOBKBfBQBFA0A4ApAeAnAYAKALAGACBFBcBUBVBVBdBRBIA4A/AuAhAhAaANAQAGADAA
5211800001001,BqBcBkBvBkBXBTBMA9AwAnAiAjASANAGAFAFACBeBeBjBoBcBWBUBGA8AtAsAaAbAWANALAEADAB
5211909001001,BqBkBvBsBfBYBPBIA3AuAXAqAZAQARAGAFACAABqBiBuBoBlBYBTBLAzAyAjAdAbAUAJAJAIAAAB
5211909001002,BbBdBfBvBiBQBUBIA+A0AmAfAcAMAOAKAEABABBaBUBmBxBkBfBXBTBGA2AlAgAZAVAMAIAGADAA
5211909001003,BuBpBjBkBqBjBYBFA7AzAhAwAZAYAHAPAGABACBpBmBeBdBfBdBKBBA2AvAhAhAeANAJAFAGABAA
5211909001004,BKBQBhBnBeBRBMBFA7AvAlAnAhAdAPAQAHADAFBJBQBeBoBjBRBQBNBDA5AvAuAjAcAcARALAMAB
5212006001001,BhBlBiBgBaBZBOBRAzA0BAAdAcAlASAFAPAIADBRBgBgBTBWBWBPBJBFAzAvAYAZAeAQAPAAAAAC
5212055001001,B0BoBqB6BABRBNA2A+BBA/AyAjAPAlAMAIALAABMBsBVA2BjBUBIBOAuA0A4AcANAGAXANAWAAAA
5212105001001,BZBiBhBaBXBWBdBVA/A8AtAjAfAXAYAMAHACAABPBkBSBTBbBZBeBIA+AwAqAhAaAfATALADAFAC
5212204001001,BUBiBjBsBYBQBVBPBBA1AqAlAZAaALAQAEACABBUBbBiBrBfBZBWBLBCA1ApAhAgASANAFAIADAB
5212303001001,BlBcBsBjBuBXBgBQA+A1AjAjAcAgAKAIACABAABcBjBfBgBdBgBJA/A5AtAcAnAZAPAWANAEAEAA
5212501001001,CQCCBkBdBkBjBdBIAuAhAfAKAQAJAGAFACABAACMCABqBmBrBrBeBGAsAlAZAPAMAMAGACABAAAD
5212501001002,CHB3BmBoBtBiBWBBAyAhAgARALAIAIAEADAAAACPB1BkBrBzBtBXBEAzAkAYAPAMASAHAFAAAAAA
5212501001003,CGB+BtBsBsBkBRBCAuAkAdATAQAGAOAFADACAACDB3BnBrBrBlBUA/AxAkAdAVAYAKAGABACABAA
5212501001004,B5B0BqB1BqBcBPBFAyAnAaAZAWALAIAEABABAAB2BwBpB0BrBdBZBLA2AnAfAVARAKAJAHADABAA
5212501001005,CTCDBvBrBjBgBTBBAvAhAZATAIAOAMADAAACAACSCDBnBnBoBhBRBFAvAgAZAVARAOAEABABAAAC
5212501001006,BYBYBeBrBrBcBLBLBDAtAoAbAhAUAHAHADABABBOBXBeBpBrBiBZBVBCA0AoAeAWARAZAJAJAFAD
5212501001007,B3BzByBqBiBaBVBKA+A5ArAnAmAUANAGAGAAAAB0BmBmBfBRBNBGBAAuArAoAVASAUAKAFAAABAB
5212600001001,BDBjBhBsBjBHBOBRBNAzBGAwAjArAYAAAAAJAABCBUBbBlBLBGBWBFBBBDAiAuApANALAMAIADAE
5212709001001,BxB7CUCEBoBHBKBFA2A2AvALAKAVAPABABABAABeB3B+B7BUA+BIA5AzAhAlAgAaAMALAGABAEAB
5212808001001,BaBiBwBoBeBTBWBKA/A1AuAeAcAYAUALAGABACBbBpBeBsBYBUBUBKA5AuAoAaAeAYAPAGAEABAA
5212907001001,BgBiB3BGBbBDBUA3BoBJAXARAPAUAbAdAFAAAAB1BRBoBiAwByBBBDBCA9AgAjAdAKAjAbAKAFAA
5212956001001,BfBhB1B9BgBPBbBcA7A2AlAhAWAUAQAEADAAAABdBcB1BkBeBQBiBEA9AuAcAaAWAOAKAHAHAAAA
5213004001001,BmBwBlBbBjBkBdBJA8A2AtAgAbAbAMAIAEABAABpBmBtBSBfBdBSBCA2ArAhAeAcAMALAFAHACAB
5213053001001,BrBgBvByCFBTBHBOA2AxATAkAyAaANAEAAAIAABjBhBgCBA6BFA9BCAsAuA1ArAWAVANAOANAFAA
5213087001001,BiBvBzBvBlBXBRBLBAA0AkAhASAUALAHADABABBjBmBpBzBoBYBSBHA6AsAhAZASALAKAEACABAC
5213103001001,BfBnBmBsBgBTBRBKBBA1AnAdAWAXATAIAEADACBaBoBmBoBeBWBQBIBAAvAnAfAaARANALAFADAC
5213400001001,BeBsBtBlBYBBBiBHBFBDAoA1AeAZAJALAIAFAABLBPA/BHBIBkAtBhBEA5AyArAsAfAXAHAHAKAH
5213509001001,BuB8CNCOBFBOBIA2A0A0AtASAeAVAYAKAHABABBwB0B2BvBgAzA4BBA0AhAbAhAhATAIAEACAKAE
5213707001001,BUBlBlBiBYBPBVBNBHA4AuAkAnAbAOAGAGAEADBZBdBNBgBeBZBNBUBDA6AlApAUAXAMAKAIAEAA
5213756001001,BnByBrBnBfBlBXBYBHA3AoAZASATAMAEAGAAAABZBuBzBhBZBVBfBQA3AxAaASARAOAFADACADAB
5213772001001,BuB3BqCABsBQBHA6A2A4BGAqAgALAKAAAHAEAABoBlB1BYBKBIBIBNBEAjAYAcAgAFACAQAFAGAD
5213806001001,BTBgBiBdBWBQBSBLA+A7AvAmAfAiASAMAFACABBQBZBbBdBWBVBRBNBBA6AsAqAiAWAUANAIAGAC
5213855001001,BXBhBCBuBgBUBVBOBOAmAgA5AwAdAJAMAFAAAABcA9BVBbB5BoBPA/A9BBAoArAZAYAYAGAEAAAA
5213905001001,BOBlBdB0BWBPBRBSBCAtAzAzAyAlAQAIADAAACBDBdBnBUBSBFBOBFA6A3AyAqAuAnAKACACADAB
5214002001001,BeBnBuB5BiBVBYBLBHAxAgAfAXANAMAKAGAEAABlBkBcByBUBfBbBGA3AoAiAfAZAZAHAFAEABAC
5214051001001,BXBrBoByBuBXBLBEA+A5AxAjAVAWAWAJAIAAABBOBlBmB0BfBKBNBTAyAuAgAdAcAQARAIAEABAD
5214101001001,BbBmBxBxBoBMBWBQA5A1AwAeAeAgAUAAAIAAAABYBoBhBdBTBLBSBHA6AjAxAXAoAPAdAJACAEAD
5214408001001,BTBkBoBnBWBSBOBSBBA4AtAkAhAdATALACAEACBNBYBnBhBYBWBOBRA+A1ArAlAhAXAOAIACAHAC
5214507001001,BjBjBjBpBlBeBQBOA2AxAjAfAdAVALACAIACAABZBmBsBoBkBYBXBOA7AvAkAeAWAVAJANAFADAD
5214606001001,BkBnB1B1BlBMBLBNBAA0AmAiAbAWAQAIAFADABBgBkBvBvBfBPBMBFA6AqAfAeAVATAHAJAEADAC
5214705001001,BeBdByBxBGBgBPBQBEAmAxAqAcAjAPAJAIAJASBNBOBYBRBcBSBNBCA6A2A8AWAjAhAOAPAEAEAD
5214804001001,BTBZBNBpBfBWBZBWBPBBAvA5ATAtAgAOAAAAAAA4AoBOBXBcBDBSBGBNA4A0AkA0ApAXAFAEAJAE
5214838001001,BpBsByB0BmBWBRBMBDA2ArApAgAOANAIAFABAABgBiBsBsBhBOBRBGAyAsAmATAZAJADAGAFABAA
5214861001001,BUBZBfBdBYBMBVBOBAAxAsAmAjAeAcARAMAEADBQBbBdBcBSBMBNBIA8A0AqAyArAUAdARAGAEAB
5214879001001,BNBmBpBqBjBWBJBCBCA3AxArAjAdAoAJADACAABpBWBgBsBgBUBCA/A9A0AgAhAgAPAIAHAIAAAD
5214903001001,BgB2CFCMBOA9BIBGA9A4AqAxAuALARAKAGACAABQBnB5B7A6BLArBGAtAwAkAjAVAhAWAKADAAAH
5215009001001,BdBcBlBvBiBTBWBOA9AxAsAhAdAcAbALADACAABNBPBfBfBXBYBXBHA6AxAvAkAeAgALAMAFAGAC
5215207001001,BCBcB2BfBXBLBMBUBKA3BEAoAfAdAUAEAEADADBRBPBmBjBCBMBcBJBDA3AeAzAsAVAKANAFAFAD
5215231001001,CLB7BmBnBpBjBVBAAvAkAdASAPAIAHADACAAAACIB4BpByBvBpBXBEAyAlAbATARAGAGAEABABAB
5215256001001,BpBkCBB8BeBSBgBAAnAwAzAqAYAaAcAAAAADAFBZBnBsBhBZBZBBBLBAAmAkAiAhAJAEACAEAAAA
5215306001001,BcBlBjBYBdBWBcBOBCA4A2ApAoAVAVANAEADACBTBYBWBbBPBXBPBDA+AyAsAgAlAZAVAJAHADAC
5215405001001,BhBrBfBXBgBTBoBRA9A7A0AiAcAeAJAJAJAAAABZBRBmBgBOBTBHBABAA5AqAoAXAXARAMAKAEAA
5215504001001,BJBnBdBlBiBcA/BUBPA7A1A0AcAiAgAHAGADAABABGBQBiBOBNBcBHA8AuAyAnAbApAUASADAEAB
5215603001001,B8B1BzB3BgBPBIBBA0AsAmAeAcASANALAGACAAB4BzBvBuBgBJBGA+AyAoAgAfAYASAKADAFABAB
5215652001001,BMBqBjBWBOBVBkBHBRA6A5AkAYAfAOALAJACAABbBgBjBsBXBKBYBLAwAzAwAfAUAZAZAEAGAAAA
5215702001001,BUBdBmBkBUBWBNBRBCA6A/AbAfAfATAKAHAAAABQBVBaBfBcBSBWBTBFAyAqAmAeAaAPAQACABAB
5215801001001,BiBNBRBmBeBMBQA/A+AoAzAjAwAiAdAOADAKAEBHBkBfBEBNBNBPBQBLBYA9AfAKAnAXASADAEAA
5215900001001,A4BsBWBTBIBxBaBSBHAyA4AlAaAnASAPALAEACBcBhBfBYBaBHBSBTA9AtAlAtAWAlAMAKAGAEAA
5216007001001,BcBcBbBUBWBZBVBRA7A5AuA1A0ANAUAYAFANAHBHBkBZBCBZBSBQA/A6A0BCAjAmAoAIAAAFAHAA
5216304001001,BJBhBhBfBZBOBMBBA3A1AxAvAiAcAbAMAHAKACBKBYBpBUBSBVBVBPBFA6AvAkAsAXAZALAFAHAA
5216403001001,BeBjBcBrBhBYBVBIBBA1AtAvAaAYAOAKADAAABBYBfBkBXBjBYBWBHA9AxAnAkAeAPAOALAGACAA
5216452001001,BpByBwBsBaBVBRBGBEA/AtArAUAHAPAFAOAAACBqB4BmBzBWBSBDBPAuAxAgATAXANAHAJAAAAAA
5216809001001,BQBYBlBkBiBTBWBMBDA3AkAyAjAhAQAJAIACABBQBXBdBcBbBOBaBIBAA3AoApAiAXAUAHAEACAB
5216908001001,BaBjBlB1BNBYBbBNBJA8A5AqAsAbAIAZABADACBOBfBbBcBOBNBCBJA4A4AqAkAhARAPAEAGAAAC
5217104001001,BZBaBZBmBeBXBPBLBEA7A5AoAcAhAZALAEACABBGBSBSBZBZBQBOBLBBA6AtAnAkAgASASAHADAC
5217203001001,BTBgBoBfBfBPBKBLA/A5AxAlAdAkAQANAFAFACBVBYBdBeBcBYBZBOA8A0AtAkAgAWATAIAFACAA
5217302001001,BpBkBpBiBkBaBTBGA/A2AxAgAjARAQAPAFACABBdBYBjBaBaBTBMBGA2AyAqAjAXAbAQAIAIACAD
5217401001001,BLBZBhBnBcBMBPBKBEA5AyAhAcAeAYAGAFABABBUBUBhBfBcBOBUBRBEA6A6AbAfAgAWAMAHACAC
5217609001001,CQB8BsBrBnBiBQA9AuAkAhAPANANAIACADAAAACIB6BsBxBxBgBSBBAwAkAdASAPAKAHADACABAC
5217708001001,BbBTBaBjBaBOBQBKA9A3AuAsAtAVATAPAMAEAABRBZBVBfBdBSBRBJBDA2AsApAqAZAXAJAHACAB
5218003001001,BiBnBwByBgBQBKBGA5AyAqAaAbAVAVAHAEADAABYBhBsBqBiBYBPBLA+AuAqAaAfAQAOAKAEABAB
5218052001001,BsBuBmBmBpBeBPBFBKA/AbAoAlAHAJAJALAFAABuBgBtBjBkBRBbBKA3AlAWAeAXAJAAAGAFAEAA
5218102001001,BnBuB6BsBZBfBUBEBCA4AnAlATAYAWAHAKAAAABfBvBZBbBcBTBGBHA3AxAXAdAjAVAIALAJAAAA
5218300001001,BvB1B/B6BmBPBIBFA5AmAcAcAZAMAKAEAHADAABqB0B5B2BmBSBKBAAyAmAiAUARATALAKAEACAB
5218391001001,BbBgBnBpBNBJBTBVA4A4A4AsAyAPAbAXAAACADBVBdBeBjBcBRA+BFBOA4AXAlAdAaANAMACAAAC
5218508001001,BQBdBiBdBXBWBRBIBCA5AzAlAlAYARAJAIACADBNBXBdBhBYBbBYBRBBA7AoAqAfAYARAJAHACAC
5218607001001,BWBnBbBgBXBaBVBJBAAxAvAbAYAUAQAQADACAABSBiBfBjBdBZBdBUA+A4ApAoAoAQANAMAGACAC
5218706001001,BfBdBgBtBfBQBhBFA0A1AyAlAoATAJAJALAEAABWBdBdBYBSBSBPBNBFAzAwAjAoAOAYAJADAFAD
5218789001001,BdBxBcBvBxBmBeBJBTAnApAsAXANAPAHAGAAAABUBWBuBCBdBqBgBEAxBGAnASAdAFAJAHAAAAAA
5218805001001,BvBvByBtBrBlBcBMA8AqAeAdAXAJAFAJADABAABsBxBoBpBfBbBaBNA3AlAdAWAYAHAHADACACAA
5218805001002,BiBmBqBqBnBmBaBDA8AsAnAfAXAMAOAHACACAABlBoBiBqBpBfBVBMA8AtAlAbAXAMAKAGAEAAAB
5218805001003,BGBXBZBmBgBYBYBMA+A4AoAqAaASAOAFALABADBMBWBhBjBgBfBdBTBEA8AyAfAcAdAVAHABAEAC
5218805001004,BpBsBxBtBlBgBUBLA1AuAjAZAWALALAIACABAABvBuBsBmBoBiBWBJA6ArAgAUAYAEALAGACACAA
5218805001005,BJBYBlBpBfBZBUBVBDA4AtAeAPASAOAIAGABACBLBTBhBtBfBbBZBcBSA5ArAcAXAZAMALAFAAAB
5218805001006,BDBNBbBmBfBLBMBLBFA6AvAlAZAWATAOAEABAAA6BLBeBsBjBXBZBUBRBAAoAwAjAWAoAKAHABAA
5218805001007,BoBtBoBWBbBaBeBQBAA8AvAzAjAiAOAHAEABAGBlBhBZBVBZBTBSBEAzAuArAcARAUANAEADAAAA
5218904001001,BUBeBiBlBXBWBXBIBAAyA3AbAbAYAVANAFAAABBWBfBjBbBYBXBSBLBAA2AtAoAiAcATAHAHAEAA
5219001001001,BWBqBhBrBWBQBXBPBBA5AmAvAnAYAbANAEADAABHBUBrBbBaBTBPBNA7A0A0AjAeAVAMAKAGAAAA
5219100001001,BcBvB4BYBdBGBdBQBQAgAkAoAhAPAOAEAHAFAABfBeBfBpBiBlBMBHAzA9AiAhAYASASAJABACAB
5219209001001,BaBYBcBoBYBPBhBaBHA4AqA0ApAsAPAMALADAABOBXBUBRBDBcBDBOA7A5A0AiAfAOAVAIACAIAD
5219258001001,CIBeBlCFBtBWBQBJA4AnA5AmAmAdAPAIACACAABUBYBEBpB1BUBNBGAwAsArAUARARAFAKAFADAA
5219308001001,BfBaBpBqBdBWBNBNA/A1ArAkAcAVANALAEADABBUBcBkBlBhBRBWBSBCA2AyAWAXAZAMAGAHAEAC
5219357001001,BTBaBgBjBRBbBWBaBLAzAuAtAmAiAZAKAHAAAABNBeBaBMBHBUBRBTA7AuA5AfAsAUARAOAGADAA
5219407001001,BsBlBjBsBjBTBKBGA8A2ArAeAZAcASAKAMAAAABaBfBjBcBjBRBOBIA5A1AbAuAbAZAVADAGAFAA
5219456001001,BiCBB5BuBgBOBWBZA/A0AzAbAlARAGADAJADAABYBYBvBkBXBKBMA+A6AqAhAfAYARAbACACAAAE
5219506001001,BGBvB+BJBbBLBbBRBNA4A0AoAlAVANALADAIAABMBABRBqBFBJBXBSA6BAAxAoAmAXAZATALAAAA
5219605001001,BdBgBiCDBkBQBQBHAsAxAvAkAdAgAXAIAGABABBUBUBbBnBvBPBABFBQAvAwAfAYAVAKARAEAHAA
5219704001001,BZBqBvB0BYBLBQBKBCAyAwAiAcAXAOANAFACAABUBkBxBqBTBSBXBCA9A0AnAhAcASAPAEAHAAAA
5219712001001,BsBtBuCDBmBMBYBAA9A0AnAuAbAnAMACAHAAADBdBcBkBbBfBJBJBFA8AsAvAdAQAJARAFAIAEAA
5219738001001,BpB0BpB7BvBNBYBLA5A8AkAcAUAJARAAAFAAAABYBcBjByBRBvBjBEA9ApAYAhAUAOAAAHALAFAA
5219753001001,COB/BsBtBqBdBQA8AwAmAXAaANANAIAGAEAAABCEB1BsBvBtBcBQBBAtAlAfATAUALAGADACABAB
5219803001001,BpBpB7B9BtBRBEBBA2A1AlAiAVAYAPAJAKAHABBsBjB8B4BbA9A9A4AwApAgAeAfATAMAFAGAIAE
5219902001001,BeBjBlBjBZBPBQBJBDAwAvAwAeAcAhAKADAAADBhBbBbBfBEBKBOBMBKArAjAsAkAfASAIACAEAE
5220009001001,CFBwCDBqBUBSBSBAAwA7ApAnAUAYARAIAEADAABlB7BiBtBWBIA5BFA7AaAiAeAeARAOAIAHACAB
5220058001001,BTBdBgBgBpBNBKBBBYAuA5AWAXApAkASANACAEBbBDBYBjBKBCBqA4AtBBAoAnASAxAXAYAHAAAE
5220108001001,BOBdBeBhBaBNBPBQBIA2A0AgAeATARAIAIACABBVBZBeBcBbBVBbBTBMA4AwAkAgAUAVAKAEACAB
5220157001001,BeBgBqB1BtBSBPBKBBAxA0AcAVAeAPATAAACAABYBbBgBxBgBVBJBIA6AyAaAmAUAaARAHACADAA
5220207001001,BdBlBsBpBeBdBUBLA6AzAuAhAgATANAKAHACAABgBdBnBqBdBYBTBFA6AyAnAfAcANAKAHAIACAB
5220264001001,BrBZByBvBNBlBbBQBRAxAxAgAYAWAXAOAFABACBEBbBZBfBsBZBJBKA5A0AsAhAWAWAJABABABAA
5220280001001,BYBZBUBdBaBNA9BfBrAlA7AnAmANAQAgAAAGAABOBUBsBfBUBeBpBNAUA6A0AoAXAiAJAIAAAAAG
5220405001001,BbBjBeBfBYBVBQBKA+AuAuAjAiAgAZATAEAEADBRBhBRBZBbBbBSBMBEA8ApAnAhAWAUAIADACAC
5220454001001,B7ByBxBrBmBZBWBNA4ApAfASARANAJAEACAAAABuBvBtBqBnBfBbBPA4ApAeAXAPANAJAFACABAB
5220504001001,BlBmBcBxBiBdBZBJA+BAA9AvAZAXAKAIAHAEADB4BTBGBVBkBSBKBKA8AlAtAnAXAJAJAJAEAAAA
5220603001001,BgBcBfBoBvBZBZBJA+A8AnAqAiARAPAOAIABABBhBWBeBXBgBVBOBDA8AuAlApAjATAMAIAEAEAB
5220686001001,BwBtCKCZBTBLA4A6A8AoAcAjATAUAKAKAEADAABlBsCIBoBlBPBMBAAxAqAjAZATAXAQAFADADAB
5220702001001,BlB9CfCgBXBGBFBCAqAsA7AWAPAYAQAJAEAFAABgBoB7BnBYA7A6A9AyA1ALAWAVAfAWARACADAA
5221007001001,BYBlBfBjBCBLBaBQBNBCAyAwAeAbAUAUADAKABA4BUBeBPBABTBSBRBEA5AyAmAZApAcAQACAFAA
5221080001001,B2CECNB+BkA5A4A9AtAZAiAdAdAoATAJAEACAACEBvCTBwBQBJBBAkAqA0AlASAYARAKAJAHACAA
5221197001001,B0BpBpBtBqBeBYA+A2AlAeAmAaAOAMAMAFAAAEBmBiBkBpBtBZBOBLAqAuAiAlAgAKARACADADAA
5221304001001,BNBdBmBWBYBUBYBMBHBAAjA9AlAjAOAWAIAAAABVBnBRBVBVBVBaBCA6A2A1AlAdAUATAHAAACAA
5221403001001,BUBTBYBmBiBXBKBKA4A2AeAoAgAXAJAMADAEABBPBYBaBkBvBgBbBMBJA4AnAtAhAZAVAJAHACAF
5221403001002,BdBmBjBnBmBWBQBOA6AqApAWAVATAKAMAHABAABeBbBoBsBjBdBWBOBEAxAtAaAaAXAQAIAEADAC
5221403001003,B3BvBmBqBkBbBVBGA7AtAnAeAcATAKAKADAAABBtBnBjBpBlBaBRBAA5ArAuAQASAQAMAGAAAEAA
5221403001004,BwBsBsBmBmBgBSBLA9AtAfAWAPAMAMADADAAAABrBoBoBsBsBkBeBQA9AuAeAYAVALAGAFACABAA
5221452001001,BrBhBoBxBvBMBPA+A2A0AoAnAtAhAdALAHAAAABUBdBeBsBSBLBHBQA0AuAvAhAeARAQAHACAFAA
5221502001001,BQBkBkBcBcBPBVBJBGBFAsAmAmAVAbAHAHACAABNBWBYBMBbBaBTBCBDAzAmAyAiAjAWANAGAAAC
5221551001001,BnBwBqB0BlBXBMBdBLA2AuAeAYAMAYACAHAAAABkBbB2BbBYBVBYBIBBAgApALAfAJAFAFAAAAAA
5221577001001,BlB3BpB2BVBZBTBCA6ArAzA0AsALAJANANAAAABbBnCABTBRBIBIBHA3AxAoAmAOATANACACADAE
5221601001001,BZBlBuBpBZBNBMBJA8AyAuAbAaAcARAJACAEACBeBeBrBpBbBWBSBKA/A0AtAfAeATAQALAEADAC
5221700001001,BZBZBjBkBeBWBMBQBFAvA2AbAdAWALAJAMAEAFBTBZBeBmBbBSBUBOBFBBAzAbAmARAHAIAGAAAE
5221809001001,BmBdBoBLBHBNBSBKA/A7BIAyAmAXAcAHAHAIAABJBGBlBfBSA1ByBbA5AxAsA9AdAbANAGACAAAA
5221858001001,COB3BjBjBwBuBdBFAuAhAXARALAFAGADAAABAACOB3BlBrB9BwBiBFAuAfAWAOAKAIAGACABAAAA
5221858001002,CTB+BpBrBwBeBTA+AvAkAVANAXAHAGAFABAAAACRB2BmBuB4BgBWBCAyAkAXAbALAEACAFADAAAA
5221858001003,BdBYBpB1BjBQBHBKBEAxAfASAVAOAMADABAAABBcBbBoB8BxBXBZBeBQA3AiAeAWAQAOAFAEAAAC
5221858001004,B6B+BqBaBbBWBfBYA7AmARAcAOAJACAAAEADABBzBvBvBoBmBsBmBYA4AoAYAUAUAFAFACAFACAB
5221858001005,B2BkBeBkBsBgBXBMA8AqAcAVAOAKADAEACACACBsBqBeBzB+BsBkBSA+AsAeATATAIAFAEADABAA
5221908001001,BYBlBTBqBOA2BXBOBEA9A1AxAsAVANAYALADAABOBiBYBSBaBsA9BCBHA1A0AiAlAeARALACAAAA
5222005001001,BkBjBiBlBoBZBYBRBAAxArAcAbAXAOAGAHABAABeBjBdBiBlBXBUBIA7ArAhAgAfAUAPAJAGADAB
5222054001001,BiBuBiBuBjBjBWBSA/A2AoAdAfAUAFAEAEAGAABdBhBlBgBdBdBYBJA9AtAhAYATARAMAJACAAAC
5222203001001,B2CBB2B8BsBFA6BGA0AsArAOAcATAIANAFAAAAB/CCCPBwBeBQBLA8AtAYARAiAMAOABAGAAAEAA
5222302001001,BlBrB5BrBXBNBQBDBEA9AtAuAjAUARAHAJAAAABtB+BpBiBTA+BQA+AsAhAlAhAUAVALAJAJAAAD
5300108999001,A7BABOBhBXBCBLBOBGBHBGAfAdATAJABAEACABA1BBBQBsBvBkBfBiBeBbBCAqAhAQATAIAFACAC
5300108999002,BAA9BOBqBiBNBEBJBFBQBCAkARAPARADADABAAA6BCBOB2B0BfBTBbBdBZBEAmATAbAQAIADACAB
5300108999003,A7A/BLBeBQBJBMBXBNBIA1AkAbANALAEABABABA8A+BJBhB1BoBnBuBgBbA7AsAfAPAHAHAMAHAC
5300108999004,A3BABLBnBkBSBRBSBCA5AgAgAZASARAOACABAAAyA8BJBuB6BxBkBmBdBRAwArAgAiAQAHAIADAA
5300108999005,A3A/BGBqBfBpBaBUBJA6AiAcAUANAOAGAEAAAAA2A5BJBoCECJBvBiBYA+A3AgAjARAKAEAKADAA
5300108999006,AuAzBGBgBXBAAyA/BEBBA4AzAnAfAgAMAFACAAAsA1BFBoBxBUBPBaBTBbBPA6AvArAlAZAGAFAD
5300108999007,ApA0BGBXBTA3A2BEBDA+A3A1AqAhAUAQALADAAApA2BLBqBsBUBNBhBaBXBLA8AqAyAbAaARAIAC
5300108999008,AyA6BPBiBZA6AxBGBQBDAxAxAkAbAVAHAGADAAAtA3BTBsBuBTBPBjBbBZBIA1AqAhAaAMAMALAA
5300108999009,AuA5BJBdBSBVBRBOBBAzAxAXAfAaAMAHACAEAAAuA9BPBtBnBqBgBpBkBRAoBHAnAgAiAQALADAD
5300108999010,BOBMBOBnBsBXBQBMA8AzAoAVAcASALACAAACABBJBPBQBuB2BsBgBXBLBIA2AkAfASAQANAIADAB
5300108999011,BFBNBSBqBqBaBQBLA+A2AnAdAgAYAKAMAFADAABDBGBMBlBxBhBaBTBKBBAyAoAeAZAaARALAJAA
5300108999012,BZBaBXBSBUBsBoBVA3AkAcAbAQAJADAGAAAAABBaBZBTBnB4B/CDBmBBAxAxAeAXAIAFAHAFABAC
5300108999013,BxBkBdBiBqBkBgBJA1AmAfAcAXAPAPAFACABAABnBoBZBqBrBsBaBLA2AnAnAgAaATANAGACABAA
5300108999014,BqBnBdBgBwBkBdBDA1AjAXAfATAHAHAIABABAABqBhBYBtB2B0BgBIAqArAlAkAgAXAJANAFABAB
5300108999015,BlBbBSBhBlBlBaBHAuApAZAhAXASARAEABABAABeBdBSBpB6BtBkBOA8AzA0AXAgAZARAIAFADAA
5300108999016,BjBeBWBjBnBoBeBGArAgAhAWAhAQAMAEAEAAAABhBbBXBpB4BzBjBMAyArAqAqAgATAQALADACAB
5300108999017,BqBeBUBjBtBqBYBAApAmAbAeAeALALADABAFABBjBgBYBwB/ByBgBKA1AuAqAdAfASALAHAGADAC
5300108999018,BOBHBSBiB2BZBRBGA4AtAhAZAcAYAWAGABABABBIBPBLBvCABpBlBZBEA3AzAiAmASAPANAJAGAC
5300108999019,BgBdBkBmBkBMBXBTA+AvAiAXAVAIAGAFADADABBaBaBgB4ByBkBnBeBDAyAsAWAaAKAMAHADACAA
5300108999020,B5BmBTBZBhBqBvBaBBAtAsAJASAHAGAAACAAAABzBsBTBYBwCBBuBRA4ArAiAPAFAIAFAGAEABAA
5300108999021,BvBlBdBeBlBbBkBfBBA0ArAUAOAEAGADACAAACBtBjBbBsBwBqBmBXA8AsAjAOAQAKAEAFABAAAA
5300108999022,BWBPBNBkByBnBVBCA2AsAuANAZATASAGABABAABUBLBSB2CNBzBlBOBCAwAnAgAeARAMAHAJAAAE
5300108999023,BhBPBGBqCJB2BQA4AvA0AzAdARAQADADABACAABXBEBKB0CaB0BWBFA/BIA4AUANAMAOAIADADAA
5300108999024,BcBLBZB+CIBiBEA2A2AzAnAjALAIAHAFAEACAABbBKBWCHCQBmBKBKBHBIAqAhAVAMAJAEACAAAA
5300108999025,BjBXBZB9CDBcBJA9AyA0AeAcAOAHAEADAIAAAABZBUBcCLCDBhBOBLBJA9AzAXAaAMAIAGAEAAAA
5300108999026,BOBPBSBjBvBhBXBKA4AyAqAgAYAIAEAEABAAAABPBLBWBzB/B1BhBWBLBFAtApAPARAMAGADAEAA
5300108999027,BJBLBSBnBpBZBcBHA4AuAlAeAbARAKAEADAAAABMBPBOBxB9BsBmBZBIA8AqAwAhAQARALAGAEAC
5300108999028,BIBFBaBtBgBMBKBUBLA8AvATASAIALAIACABAABDBKBcB9B8BlBeBiBZBEAtAeAYAUAJAJAGAFAA
5300108999029,BCBHBSBdBbBQBPBWA8A5AdAhASALAJAGADACABBIBPBUB9B/BtBsBeBhBIBCAWAXAWANAFAEADAC
5300108999030,A8BABNBpBlBRBHBMBAA5AtAfAgAMARANACADAAA7A/BSBxCDBrBeBaBOBKBAAjAhAbATAJAGAEAE
5300108999031,BJBABRBlBtBcBUBJA3A1AkAaAcARAJAGAFADAABLBIBSB8CHBvBhBUBIA9AsAlAiARAOALAKAEAB
5300108999032,BuBlBfBnBrBpBbBKAvAmAiAcAQAOAKAKAFADAABsBmBdBnByBlBZA+AyAmAuAZAiAWAKAHADACAA
5300108999033,ByBrBxB6B1BYBTBJAxArAbAVAQAIAIAFADABACBqBmBwBzBuBbBVBIA1AtAdAaAXAMAJABAEABAA
5300108999034,CFB2BuB1BuBVBOBEAyAjAWAUANAFAHAEACAAAAB+B7BwB6BzBYBcBMA3AmAUATALAMALACACAAAA
5300108999035,BTBRBYBfBmBXBPBLA8AuAiAXAXATAUAJAFAAAABOBQBaBuB8BlBjBhA/AzAhArApAZALANAFADAF
5300108999036,BNBLBQBjBnBYBWBMA3AsAhAdAfAZAKAGACACACBNBJBYBvCBBtBdBdBDA6AuAlAoANAQAPAHACAD
5300108999037,BXBWBZBqBkBcBPBKA8AtAoAYATAQAJAIACACAABSBPBcBzBzBjBgBVBMA7ArAkAjAOARAIAFACAD
5300108999038,B1BtBgBWBZBWBgBgBGAzAoAWAVAFAGAEABABAABwBiBaBeBkBrBmBgA/AwAjATAOALADAEACAEAC
5300108999039,B6BlBWBZBgBgBmBbA+AqAeAUAKALAEACADABAAByBpBaBmB4ByBxBWA9ArAhAPAOAHAFAEAEABAA
5300108999040,BzBuB3CABrBNBDBFA1ApAcAQAJAJAFABACAAABBuBuB1CCBwBYBVBUBHAvAiASAOAJAGAEADAAAA
5300108999041,CMB4BkBpBnBtBeBKA0AkAbATAQALAGACAFABAACHBvBmBoByBsBaBDAqAhAYAPAQAGAHAEAAAAAA
5300108999042,BtBsB8CFBpBHBGBCA7AnASAcAKAHAIABAAABAABlBwB/CKBpBQBbBaBEAuAbAYAOANACACADAAAB
5300108999043,BdBYBTBlByBlBSA/AvAkAhAlAhAJAHAGAFACAABYBVBRBxCDB0BfBHA2A0A0AnAeAYAOAIAHACAA
5300108999044,B+ByBxB/BzBZBKA1A1AkAaARASAHACACABAAAAB+BxBsCDB4BfBLBHA7ArAaAeANAEAGAIAAAAAA
5300108999045,BiBbBbBrBnBWBNBLA5AsAaAYAbAJAGAGAEACABBfBcBkB6B4BsBfBWBDAwAjAeAXATAIAJAEAGAA
5300108999046,CPB7BkBfBoBqBmBIA0AfAXASALAHAFABACACAACMB2BfBoByByBkBKAxAhAZAIAMAJAGABABABAA
5300108999047,CdCIBjBXBhB1BrBEAsAdAXALAHAKAAADAAAAAACcCGBkBiBzB7BlBDAlAZAQAMAIACAEACACACAA
5300108999048,B+B3ByBsBuBmBZBPA8AtAgAeAdAOAHAGAEAAAAB2BxBtBcBcBaBJA8AtAgAbAYAQAMAIAGAAADAB
5300108999049,COB9BpBlBeBcBTA5ApApAaAbAdAEAGAGAAADAACHCABnBpBuBjBVBFA4ArAjARAQAGAIAFAAAAAB
5300108999050,B/BxBoB4CBBhBMA6AsAkAaAPANADAEABACABAAB7BzBrCHCEBkBPBEA5ApAXAUAMAGAGADACACAB
5300108999051,B8B3BhB0B8BjBOA8AxAiAcAOANABAHAAACAAAAB9B4BtB5CDBiBcBFA7ApAdANAMAGAEAEAEAAAA
5300108999052,B1ByBvBpB5BkBVBMA1AxAgAbAZAOAFAFABAAAABzBoBwBoBiBaBPBIA0AoAaAdANAHAFADAHACAB
5300108999053,BcBmBoByBoBPBSBWBDAsAfASAPAHAHABABABABBeBhBqB5B0BgBhBbBNA3AfASAOAKAIAGAEABAA
5300108999054,B+CHBwBjBSBTBtBXA0AlAWAPAEAJAFAAAAACAAB/CBBxBlBfBjBhBaBEAkAXARAMAGAEADACAAAA
5300108999055,BOBIBLBfBxBcBTBHA9AyAcAhAVARAIAGACACAABQBMBNB1CPB2BkBcBNA/AtAhAQAWAOAJAGACAB
5300108999056,BdBXBfBoBrBXBKBOBFA9AwAkAdAPASAEADAEAEBPBYBQBqBqBXBWBQBEA8AtAcAUAVAGAMAHADAD
5300108999057,BrBaBSBxB7B0BdAtAtAiAeAXAZASAGAGABABAABnBeBSBiCCB9BeBUAyAxAqAfAYASAMABADABAA
5300108999058,BoBeBWBsB6BsBUA+AuAsAkAUAYAIAFABACACAABpBcBbB3CDBxBaBJA8AyAsAaATAOAJAEABACAC
5300108999059,BfBSBOBkCABqBWA7AuArApAbAaAKAFAEADAAABBeBTBUCBCMBwBeBHA8A4AxAgAZAMAPACAEAAAA
5300108999060,BiBWBMBtCMBuBRA6AsAuAqAbAQARAOACABABAABcBSBNB1CNB2BWBAA9A9AwAdAZANALAFACABAB
5300108999061,BjBUBLBhB8B3BeA7AqAoAfAeAaAPAHAEABABAABiBUBQBtCKB7BgBGA2AvAuAiAbAOAPAKABACAC
5300108999062,BiBcBOBYB1BuBfBCArAmAeAdAaAQALAGADABABBjBbBWBsB+B9BkBHAzAsAuAcAcAVAMAKAFAAAC
5300108999063,BjBVBNBxCEB4BQAzAtAzAtAZASAIAHADAAAAAABgBOBSCBCSB1BWBBBBBAAsAZARAKAJABABAEAD
5300108999064,BcBVBRBvCBBvBPA3AsA1AsAbASAJAIAEACAAAABlBPBRB8CUBuBTBABCBDA1AYAWAHAIAEACADAC
5300108999065,B+BgBSBdB9B5BfA5AqAgAcAYAOAMAMAEACAAAAB3BbBUBxCPB5BiBBAtAkAiAZAXATAKAEADABAC
5300108999066,BuBZBUBdCAB+BeA7AkAeAhAYAVANAKAFACAAAABrBfBPBsCZB/BfBCAsAnAfAmAVAVAIAGAGAAAC
5300108999067,BxBfBTBcCAB3BbA5AoAbAZAdAZAMAMACABAAAAB0BkBVBsCOCDBfA/ArAhAgAmAbANAGAKAFAAAA
5300108999068,BxBbBQBVBuB/BdBCApAfAjAZAXAOALAHABACAABnBjBMBiCDCABtBBAuAsAoAkAbAWAJAEACACAE
5300108999069,B9B1BvB0BtBdBTBGA+AqAfARALANAEADACAAAAB2BvBuBwBuBbBbBLA6AoAfAMAKAHAFAGACABAB
5300108999070,B3BeBWCJCcBoA/AqApAvAsAUANAHADAFAAABAAByBbBRCVCYBhBBA0A/A8AoAXAOAHAEAEACABAA
5300108999071,BfBKBSBtCLBsBIAzAvA/A5AYAMAHAIADACABAABbBIBSCFCdBqBLBABEBPA1AVALAPAHADAGABAE
5300108999072,BhBUBPB0CDBoBPA/AsA3A6ARASAPAEAEACAAAABZBOBQB3CJBwBWBHBDBEAxAdARALAJAHABABAA
5300108999073,A6BJBMBlBaBeBeBgBAAtApAQAXALAKAJABAAAABZBQBVBmB2BrBrBbBbA+ArAqAgAYAHAIAFABAD
5300108999074,BbBCBKBWBjBrBsBVA+AxAbAdAWAMAQAEAAAAAABIBKBLBlB+B5BwBYBKBAAuAkAcATAPAJAEABAA
5300108999075,A+A8BMBhBbBZBXBIA2AwAmAeAmARAPADABAEAABAA/BRB0B6BoBrBfBSBAA6AtArAXAQAUAJAEAA
5300108999076,BABDBWBgBaBPBLBFBAA4AzAgAdAQAJAGADACABA6BFBPB3CCBtBfBgBQBIBBAtAgAWAKAOAHADAB
5300108999077,BBA/BHBdBsBcBIBBA5AyA0AmAhARAMAHABACAABBBCBKB1CHBxBgBSBKBGBQAkAeAXAKAQAGAHAA
5300108999078,BkBkBoBwBnBbBQBKA/AvAhASAPAIADAEACAAAABgBkBjB7B2BlBcBgBHArAkATAWAKAJAEACACAA
5300108999079,C9CHBkBcBkBtBZBBAtAcAQATAGAKAHAAAAAAAACzCJBiBkB4BoBXA6AlAUAZAHAJADAFABAAAAAA
5300108999080,BHBKBfBiBKA8BQBXBUBLAyAVARAPAJAEAAAAAAA+BDBdByBfBsBhBtBuBXA5AZAWARAHAKAEAAAC
5300108999081,BXBNBLBMA1BABvB/BfBHAsAUASADACAJAEAAAABaBFBPBUBVB0CICEBmA8AqAYAZALAHAAABAAAA
5300108999082,BFA5A/BKBaB8B+BjA6AtAdAfAbASAPAHAAAAAABEA5A6BcB7CXCEBjBFA3AxAfAhATAIAMADAMAA
5300108999083,BLBLBTBfBdBbBdBQBEAyAdAbAaANAKAEABABAABHBNBVBxByBwBrBiBXBCAwAkAXAYAIAJAFABAB
5300108999084,BhBnBaBuBqBUBUBQA5A2ApAVAQAEAFACAAAAAABlBjBmB7BzBnBeBWBIA6AnAUAPAGAIACACABAA
5300108999085,BhBqB9B8BkBLBKBQBIAuAfAPANAEAFACADAAAABiBwB0B9BoBRBfBhBIAxAeAOAMALAEAFAEAAAA
5300108999086,BiBuB3CDBoBMBCBJBJA0AUAYALAHAFABABABAABcBeB7CKBrBLBVBiBPAzAfATAQAHAGAFABACAA
5300108999087,BzB4B8B5BqBPBNBGA6AoAeAUAFAFADACABAAAABwBxB6CBBqBSBZBUBAAuAWAQANAMAHAHABABAA
5300108999088,B1B5B3BwBrBUBNBFA4AoAaAPAKAFAHADAAAAACB0BuB5CDBsBYBZBUA9AwAZASAKANAFADAAAAAB
5300108999089,B1B2B3B/BqBQBOBDA7AqAVAOAKABAHACAAAAAAB3BzCAB+BtBRBYBZBCAsAYAQAMAIAFADABAAAA
5300108999090,B3ByB1BzBrBbBTBIA7AnAWAQAKAFADABACACAAB7B0BwB1BtBhBdBPA/AqAcAOALAJAFACABABAC
5300108999091,BgBXBfBxB3BfBGBAA/AyApAXAVAJACAHAAAAAABaBYBfCGB+BjBSBWBOA1AlAcAQAMAGAIADADAE
5300108999092,BlB2CIB0BbBDBQBTBJAvAcALAKAIACADAAAAABBoBsCDB+BgBNBjBiBKAqAbAOANAEAKAEAAAAAA
5300108999093,BoB4CIB4BgBGBPBVBBApAcAKAIAGACAEAAAAAABoB8CGB2BiBLBgBeBKArAYANALAFAGACABACAC
5300108999094,CMCGBqBfBXBbBmBWA9AgASAMALAFAGAAAAAAAAB+B8BvBoBaBnBzBbA3AhAUAOAIAJAEACAAACAC
5300108999095,CuCUBjBKBXBzBoBFAuAbAUAGAKADACAAAAAAAACqCSBhBYBqCCBnBFAqAaANALAHACACAAAAAEAA
5300108999096,CtCNBqBWBgBnBdBCAvAdATALAIAGADABAAABAACmCCBkBiB2BxBgBIAsAbAOAMAJADAEABABAAAA
5300108999097,B2B1BwBmBYBXBiBbA9AqAbAVAPAFAFAAADAAAABpBsBsBqBhBnBqBaA+AsAfAPAOAJADACACABAB
5300108999098,ByBzCDCEBrBKBEBFA+AsAdANANADACADABAAABBpBvB+CJBjBKBRBfBFAxAbARAPAEADACADABAA
5300108999099,BwBsCHCSBvBFA8BAA8AuAbAQALAFACABACAAAABrBrCACRBxBMBIBSBIAyAfANAJAHADAEABADAB
5300108999100,BzB1CDB8BjBJBIBMBCApAYALAJAHADABAAAAAABuB1CACCBeBOBZBnBJAtAYAOANAEAEAEACACAA
5300108999101,B2CBB7B4BdBTBSBKA7AmAYALAIAHADAEAAAAAAB2B7B7B2BiBaBdBdBAAlAaAKAJAJAHABAEAAAA
5300108999102,BxBtBfBfCUCIB3BbA/AmAfAOAOAKADACAAAAAABrBoBXBmBkBkBcBNAyAjAXAOAIAHAHABACABAC
5300108999103,CRB0BdBZBzB7BuBIAwAcAVALAIADACABABAAABB/BxBfBqCHCBBxBLAsAaAXAIAIADADAAACAAAC
5300108999104,COBvBkBhB6BwBUBKAxAjAaAKAKADAFAAACAAAACGBxBdB3CFB0BhBPAxAgAUALANAEAEAEAAAAAA
5300108999105,AtAxBDBgCABgA6A7A5A+BJA3AwAhAZAQAEACAAAnAyBCBjB2BUBDBOBMBPBNBAAoAmAXAMAGAHAC
5300108999106,BIBGBVB/CBBQA1AxA2BEBDAuAfAOARAIABACAABBBDBSCACFBXA+BABMBTBMAgAcARAKAGAFAFAB
