codigo,pir
1100023,C2CbCNB3BoBUBGA7A0AoAhAWALAJADACAAAAAACuCSCCBsBYBIAzAsAgAbAPAMAHAEACABAAAAAA
1100049,CxCdCOB2BlBQBAA1AuAkAgAVAPAKAFACAAAAAACrCYCFBuBcBJAyAoAjAbAWAMAJAGADACAAAAAA
1100106,CwCbCSB2BVBEA5AuAtAhAmAbAUAOAJADABABABCoCUCKBxBVBFA0AtAjAeAYARANALAFADACAAAB
1100122,C3CcCNB4BiBMA9AyAtAkAgAXARALAFACAAAAAACtCVCHBwBaBIAzAoAjAcAUAQAKAGADACABAAAA
1100189,CrCeCKB7BrBUBBAxAwAqAjASAMAKAFACABAAAACoCOCEB3BaBJAvAqAlAbASAPAIAIABACABAAAA
1100205,CxCTB5BmBlBdBLA5AwAiAdAXAQALAEADABAAAACrCNB4BuBkBUA8AsAlAaAVARAMAIAEADABAAAA
1100304,CxCdCKB5BjBWBCA3AxAoAeAUAMAHAFACABAAAACpCXCDBwBdBKAyAuAlAaAUAKAHAFADACAAAAAA
1200054,CwCYCrCPBJAzAoA5AzASA/AaAZAZAAAAAAAAAAC0CKCeB0BcAzAiA5AAAZAXAAAoAQAAAAAAAAAA
1200104,CwCoCTB4BXBHA4ArAtArAeAYANARAJADABABAACvCXCNB6BMA9AwAnAiAZATARAJAKAKAEABABAA
1200203,DVCsCLBvBRBAAxAuAkAaAWATAQAOAIAEABABABDFClCIBzBUBAAtArAgAXATAQAOAMAHAEABAAAA
1200302,DbCsCKBvBVBBA1AsApAhAZAQAKALAJAEACABAADSCrCHBtBPA9AuAsAdAYASAKAHALADADAAABAA
1200336,DqCvCGBtBCBPA1AxAsAXAbARASAUAKADAAAAAADVCoB8BiBJA7AvAoAXAaAbAEAKASAGAFAAAAAA
1200344,DuC9B+BpBUBJAxAzAvAfAUALAOAWAHAAABAAAADjCyB1BVBJA8AuAuAdAUAOAJALAKAEACACAAAA
1200385,DRCZCJB7BbBFA3AtAzAtArAfAUAOAGADACAAAACyCaCCBtBTA4ArAkAgAdAXALAFALAAACABAAAB
1200401,CnCRCCBwBfBQA8AtAqAeAeAZARAOAIAEABABABCjCKCDB4BnBSA8AvAlAdAZATAMAOAHADACAAAA
1200450,CmCcCPBzBeBNBBAxA4AvAoAhATAOADAGABAAAAChCLCBBgBVBCA0AyAqAbAWANAPAHAHABAAAAAA
1200500,C4CkCQBoBcBKA4A3ArAhAcAUAQALAHADACAAABC5CdCDBtBWBAA7AsAmAWAZAKALAJAHAEAAABAA
1200609,DFCxCRB0BcBIA2AvAoAdAaAPAMALAGACABABAAC9CsCKBtBZA+AvApAdAXAVAKAMAGADAEAAAAAA
1200708,CwCZCNBtBiBHA6AuAvAmAlAaAQASAHAHACABAACyCiCIBwBPA5AuAtAjAZAYAQAQANAEACACABAA
1300102,DhC5CTBpBMA+AzAuAqAgAWAVAMANALAFABABABDVCwCABlBDA1ApAnAkAZARALAMAPAHADAAABAA
1300201,DLClCEB5B3BVA+AxApAiAnAOAKAIAEAFAAAAAADICsB+BoBLBAAvAjAaAVAKAJAIAHADAAAAACAA
1300300,DCCdCQBxBWBBAzAsAsAmAfAbAUARAIAIABAAAAC+CiCTBqBEA3AnApAlAcAVATAJAOAJAEABACAA
1300409,C5CSB8ByBaBjBEBBAxAsAcAcAOAPAEAEACAAAADACWB1BdBRBPAtAlAiAeAVAQAIAHABAEACABAA
1300508,DECmCDBqBTA/AzAtApAhAcAWATATANAGABAAAADPCiCGBqBMA5AtAmAjAcAaAQAQAPAJAGACAAAB
1300607,DGCnCTBuBKBAA3AtAoAfAbAPAMANAHAFABABAAC+CgCSBxBVA+AzAsAlAdAUAOALAMAIAEABAAAB
1300706,DOCpCHBqBRBHA0AzArAgAXAWAPAQALAGABABAADJCkCDBmBPA8AwAqAhAbASASALALAHAFADABAA
1300805,DKC0CPBpBGA6A6A4AqAeAcAUAKAYAGAEACAAAADMCtCCBaBDA/A9AsAiAbASAPALAQAGACABAAAA
1300904,DaChCLBzBXBBA1AxAvAkAgAPANAMAGADACAAAADTCgCGBsBIBDAmAoAhAaATAOAGAFAIACADAAAB
1301001,DtDZCNBPBMA/AyAwAmAdAUANAKAJAFACAAAAAADpDQB+BVA+A6AtAtAjAUALANAJAHACABAAAAAA
1301100,C3CrCcBzBQA/AzAvAvAlAgAbAUAOAKAHACAAAAC9CkCHBiBDAzAsApAlAcAYASAKAOAJAEABABAA
1301209,DVC0CSBoBKA7AyAqAwAhAbASAQAPAJAEABAAAADVCyCIBeBCA4AuAsAjAbAUAQALAKAGACACABAA
1301308,DQC8CiBgBBAuAxAqA4AuAhAQAFAMAHAHAAAAAADCC2CNBXBGAzA0AsA4AcAUAKAJAFAGAEABABAA
1301407,DcC4CWBmBIA9A0ApAmAcAbAMAKAOAJADABAAAADOCoCQBvBRA/AuAvAfAVASAKAIAPAFACABAAAA
1301506,DTDECdBfBOBCA/AxAsAaAVARAKAPAEABAAABAADWCoCFBXBPBCA/ApAhATASAGAKADACABAAAAAA
1301605,DLCwCWBtBSBBA/AsAtAeAVAPAJAPALAEACAAAADFClCDBqBPBFAvArAmAWARAMAKAJAJACAAAAAA
1301704,DACoCOB0BcBJBCAyAsAiAdATAPAJAFAEABAAAAC+CbCCBqBMBEA0AsAhAaARATANAHAEADAAAAAA
1301803,DECvCSBtBTA/A1AtAvAhAYAVAKALAJADABAAABC9CuCHBlBUBDA6AsAqAbARALAJAFAFACABAAAA
1301902,C3CiCVB7BVA8AtAuArAlAaAYAOAOAJAEABABAAC6CeCTB2BJA5AuArAnAfATATALAMAIAGACABAB
1302009,DJCkCEBsBMBKA8A5A0ApAcAdARANAGAHAEAAAADBCtCBBZBBA/AqAhAZAkAZAPAHAJAQAGAAADAA
1302108,DHCUCgB/BmBJAzArA/AWAcAeANAHADAEAAAAAADbCXB+BWBkA8BEAmAWARALANADAKACAAAAAAAA
1302207,DcCxCcBrBSA5A4ArApAiAjASALAJAJACAAAAAADOCrB8BnBMAyA2ArAlAdAXAKABAJADACACABAA
1302306,DTC1CeBrBFBFA3AnAmAhAaAMALAMAHACAAAAAADSCmCHBlBeA9AtAhApAbATAMANAKACAAABAAAA
1302405,DMCYCEBuBdBMA0AoAvAeAfAPAOAKAJACAAAAABDjCbB/BkBWBCAuApAlAfAXANAJAIAHAFAAAAAA
1302504,DUCsCOBrBPBAAzAuArAeAWATAOAMAHAFABAAAADXCvCLBpBIA9AsAqAjAYATALAIAMAHADACAAAA
1302603,CvCLB1BuBlBSA+AuAnAdAZAUAOAKAGADABAAAACpCJB8B/BwBYA/AuAnAfAbAUAOAMAHAFACABAB
1302702,C4CdCXB1BWBBA6AwA1AjAbATAQAQAKAEABAAABCzCYCOBtBOA6AvAsAqAbAYAOAMAMAJAEABABAA
1302801,DcCxCMBoBRBEA3AvAoAmAXAPAJALAIACADAAABDtCzB6BiBDBDAwAlAiAWAQAMAGAHAFABABAAAA
1302900,DMCcCDBzBZBHArAmAmAnAhAYAVASAJAFABAAAADHCaCGBnBNA+ArAlAhAgAYAVARAMAJAFACABAA
1303007,C0CtCLBzBXBMA2A2AuAmAaAVAMAWALADAAAAAACxCbCABnBIA6AzAuAlAhAWARAOATAGADACAAAA
1303106,CwCiCNBxBVBCAsAsA2AtAfAdAYAMAMAIABAAAAC2CYB7BlBJA9AoAqAvAlAUAVAVAMAIAKAAABAB
1303205,CyCrCjB2BOBGAsAqA+ArAwAJAUAKANADAAAAAACgCxCZBkBFA5AqAmAtAhAUAOAHAFAHACAAAAAA
1303304,C3CwCUB4BhBKBGArAsAdAZAXAUAMADADAAAAAACwCeCDBiBNBEA3ArAhAdASATAMAJADABACAAAA
1303403,C+CmCQBzBQA8AxArAoAjAaATAOAOAIAEACABAAC5ClCVB2BOA+AvApAlAeAWARAOAMAGAFACABAB
1303502,DVCeB/BsBoBIAvAvAwAfAhASAKAPAGACAAAAAADaCYCABtBXA5AuAuAiAZAPANANAGAFAGAAAAAA
1303601,CnCWCJCFBVA+AyA9A5AuAaAUATAVAJAEADAAAACTCACDBqBdBIA3A6AuAeAMAbAOAPAHACACAAAA
1303700,DcCxCTBsBQA+AyAqApAfAbAQAIAMADACABAAAADgCnCIBiBIA+AzAxAkAXAUAIASAFADABAAAAAA
1303809,COCOCICCBZBSA8AzAvAoAgASAWARAJADABAAAACaCJCJB2BVBNA6A3AsAmATAVARAKAFADABABAB
1303908,DJCnCLB3BSBDA1AxAoAfAcASAQANAFAEABAAAADPCnCBBlBMBAAyAvAiAaAPATAOAKAEACAAABAA
1304005,DECVCJBnBkBFAzA2AnAfAcAbANAYAEAIAEABAADZCqCGBjBMA8AlAnAeAbAZAPAKAJAJAEACAAAA
1304104,DaDLCWBrBLA3AxAuAvAbAWANANAEADABAAAAAADdC9CUBlBBA1AyAuAjATAMAJAFAFAFACAAAAAA
1304203,DACfCLBxBYBEA1AuAvAgAfAQAPAMAJAGABAAAADCCcCLBsBTA9AyAsAnAaAbALANAHAHAEABAAAA
1304302,DRCsCPBxBSBAAtAzAoAhAXAYASAQAGADAAAAABDHCeCXBtBDA2AlAsAiAWATARAQAPAEAJABABAA
1304401,DPChCKB2BfBKAyAyAnAfAcANALAUAOAGADACAADCCkCCBlBJA0AqAqAgAYASAOALAXAIAIACACAA
1400100,CtCQB8B0BjBaBHAwApAfAfAZARALAIADABAAABCsCMB6B2BjBRA7AqAjAaAaAQAMAKAFADABABAA
1400209,DOCfB4BNBIBSBOBAA4A3AoAdATAOAEABAAAAAADLCPBwBSBOBDA4AqAjAXAeAVAOAOACACAAAAAA
1500107,C8CnCNBrBVBEA1AtAnAcAXASAMAUAJAGABABABC4CfCKBtBUBDAxAtAmAaAVARAPAPAJAHADABAB
1500206,C5CoCOBuBTBIA2A5AsAjAZAZAOARAHAHADABABC2ChCHBgBKA+AwAwAkAcAVARAMAOAIAGACABAB
1500305,DZCwCEBpBaBKAxAxAnAeAZAQALAQANADACABAADTCpCBBhBQA6AuAnAdAYARAMAKAPALAEACABAA
1500404,DMCsCNBuBMA9AsAwArAmAcAVANAPAKAHADAAABDBCqCHBiBFA4ArAuAkAeAYARANAOALAHACABAA
1500503,CvCEBgCODsCcBRA3AoAhAWAPAIAHAEACAAAAAACmB9BqBbBSBDAvAhAXASAMAIAGAFADABAAAAAA
1500602,C+CcCJBwBWBQBBAyAtAiAaAXAQAIAFACABAAAAC4CZCGB1BeBHA2ArAkAYATAOAJAGAEACABAAAA
1500701,DqCsB7BkBVBLAyA0AkAjAaARAMAQAKAEACAAABDYCiByBmBNBDAuAkAjAXAQAOALANAOAFAAAAAA
1500800,C1CXCBBoBdBRA/AyApAeAYATAMAKAGADACAAAACsCUB+BvBkBVA/AxAnAbAYAQANAMAHAGABABAA
1500909,DACnCKBoBTA+A0AvAnAkAeAVAVAPAKAEACAAAAC8CgCGBlBMA9AuArAoAhAfARAMAPAKAHACABAA
1501006,DMCWCGBlBSBNA5A3AxAgAaAVASAMAIAEABAAAAC8CWCFBtBZBLAsAtAlAaAXAQALAOAGAEACAAAA
1501105,DjCrCEBlBYBBA/AoAoAeAUAVALALAJACAAABAADpCwB7BgBRA+AwApAgAYAPALAGAIAEACACABAA
1501204,DFCiCOBoBOBNA2A1AnAhAeAWAOAWALAGACAAAAC5CeCKBfBJA9AvAsAjAbAVAUAJATAKAHACADAB
1501303,C7CnCNBlBSBIAyAxArAfAZAZASARAMAJACAAABDACeCCBkBQA8AvAtAmAbAUAUAKAQALAJADABAC
1501402,CPB/B4B1BqBPA7AuAoAfAbAUAOAKAGAEACABAACLB9CCCIB1BYBCA1AtAkAgAWATAPALAIADACAB
1501501,DFCiCLBoBZBIA3AuAuAjAZAXARAOAJAEACABAAC1CXCABiBXBDAyAsAoAdAXASAQANAIAHABAAAA
1501600,DHCXCWBvBeBHAxAqAsAlAmASAKAaALAEACABAACzCUCHBoBQA2AuAqAqAdAgALALANAHADACABAB
1501709,C3ChCPB0BNA7AvAsApAiAeAXAQASALAGACABABCxCcCOBxBMA8AwArAnAhAcAVARAPALAHACABAB
1501808,DMCpCFBmBaBIA1AsAnAbAYAPAQASALAHABABAADKCjB7BvBYBBAvAmAiAZAUAOALAPAKAEABABAB
1501907,C6CpCSBiBNBBA2A7AsAkAgAWASAWAKADABAAAAC3CjCEBYBJA/A0AzAmAfAXASANALAKAHACACAA
1502004,C0CpCcB1BCA6ApApAlAsAlAYAPAUARAHABABABCxCmCOBfBDAzAnAwAoAgAZASASATAPAJAFABAB
1502103,C9CsCTBkBKBBAzAvAqAfAYASAOAQALAGADABAAC+CnCIBhBNBAAzAuAlAaAbAQAPASALAHACABAB
1502202,CvCbCNBwBQBCAwAtAoAhAcAUANAVALAGACACAACqCXCLB4BYBEAyAsAlAgAaAVAOATAKAJADABAB
1502301,DICsCQBrBTBFA6AvAoAiAcAVAOAOAIAEABAAAADACiCNBgBQA+AvAnAkAbAWARALALAHAEACABAA
1502400,CnCZCNBxBZBFA4AuArAfAfAQAOAOAKAEACAAAACmCPCHB4BiBKA5AxAmAdAbASANANALAFADAAAB
1502509,CyCqCMBpBPBCA2AvAsAhAWAWAZAZAKAEACAAABCvCmCJBkBOA+AvArAoAcAYASAQASAOAFADAAAA
1502608,CyCTCUBuBDA+A1A1AkAqAdAcAPAMASAOAGACABCmCiCEBaBABAAxAxAkAfAbAYAOAVAZAVACADAB
1502707,C7CdCDBsBVBQBGA6A1AlAgATAOAKAFACAAAAAAC3CYCCBoBXBJA5AsAkAaATANAKAHAEADABAAAA
1502806,DZCxCGBfBMBEA3AxApAaAXAOAOAZAKAHABABABDaCkCBBiBMA9AuAtAiASASAPALARAJAEACAAAA
1502905,CxCcCTBtBIA6AuAtAsAnAeAZAUASAUAMACACAACmCYCIBgBJA0AuAsAqAoAfAWARAUAXAOAEABAB
1503002,C2CnCJBmBQBIA0AuAsAmAaAWATARALAIABAAAAC5CiB9BhBNBAAuArAmAfAdARAUARAOAGACABAB
1503101,DLCxCLBlBaA9A2AvAqAdARASAHAXAMAGAEAAAADSCiCABqBPA1AvAvAcAbAUARANANAMACADABAA
1503200,CrCUCQBvBZA/A0AtAqAlAgAaATAXALAIACAAABCjCZCLBuBRA4AwAvApAfAcATARASANAIABAAAA
1503309,DGCpCPBrBWBDAvApAoAcAXATALARALAHABABABDACjCJBqBQA+AvAoAiAbAWARAPASALAHADABAC
1503408,C5CbCOBoBYBPAuA0AvAhAdAkAUAVANAEACABACCzCMCEBhBRA9AuAwAgAdAeAUARAKAHAGAGABAB
1503507,C8CmCTBgBOBGA5AyAtAiAeAVANARANAEABABABC6CfCGBeBOA/AyAzAnAaAZAPAQAOAIAFACABAA
1503606,DLCVBpBlBqBbBOA+AvAhAbATAKALAEACAAAAAADMCUBsBgBmBaA4ApAhAXARANAKAGADACABAAAA
1503705,CuCZCDBlBWBOBIBCBCA5AyAbAVAWAHACAAABABCvCIB2BZBEA9A2AsAqAeAYANALAHAHADABAAAB
1503804,DNCpCABjBRBQBEA8AvAtAhAOAMAJAIACAAAAAAC/CRCABkBTBNA3AtAmAbAMAPAIAHAGAAABAAAB
1503903,DNCuCIBnBNBCAwAsAlAjAgAUASASAIAFABAAABDPCnCCBZBFA5AtAoAeAeAZAXAPAQAPAJACABAA
1504000,DbCsCVBpBUBCAyAtAnAWAYARAMAPAKAEADAAAADICoCCBkBXBCAsApAeAUAYAOANANAKAEAAAAAB
1504109,CuCgCHBhBMA8AsArAqAkAeAdAaAWARALADAAAAC7CXB/BoBEAzAvAuAlAiAbAbAWAgAZAFADAAAB
1504208,C/CRB9BmBUBQBBA4A1AoAdASAOALAHACAAAAAAC4CMB3BwBkBOA7AtApAcAWANANAJAHAEABABAA
1504307,CwCoCUBoBKA1AxA2ArAgAbAYAVAcARAIABABAACsCiCGBfBFA1AzAvAoAdAZAXASATASALACAEAB
1504406,CmChCaBxBKA4AvAwAtAmAlAUAUAaAQAKACABABCkCZCFBkBCA0AuAvAqAiAgAVAXAWAOANACABAB
1504505,D2CkCABlBVBQA0AsAgAcAWAXATAMAKAEAEAAAADfCjBvBtBPA6AoAtAbAVAQAOAMASAEADACAAAB
1504604,CsCdCOBfBHBFA3AvAwAmAfARAPAXAOAEAAAAAACwCXCHBjBZBBA0AwAtAiAZAVARAUAQAFAEAAAA
1504703,C6CnCOBlBXBLA+AzAuAiAaAZAPAPAJAFACABAADACiB9BcBJBAA1AwAlAdAaAMAMAKAHAGACAAAB
1504802,DICqCXBtBQA/AxAqAoAhAfASAOAOAJAHACABAAC/CnCJBrBLA5ArApAjAfAYAPAOALAJAHACACAB
1504901,DHCoB/BuBgBHAwApAmAfAcAUAPASAJAIADABAADCCgCFBuBVA6AoAnAfAgAWAPAJASAJAIACABAB
1505007,C1CiCQB0BTBIAxAuAqAhAjATAPAaARADAFABAACjCPCKBlBUA4AuAuAkAgAdASAOAXAJAFAFABAB
1505106,DICsCTBvBHA5AuAyArAfAaAUAQARALAGABABAADACjCRBlBAA4AwAtAkAaAZAQARAUAKAFACACAB
1505205,DfC1CDBdBNBEA5ApAuAWAVARAfAUAIADADABAADcCsB7BfBLA4AwAqAgAPAUAMAUAQAEAHAAAAAC
1505304,DLClCCBkBKBGA6AwAqAcAYAaARANAIAFABAAABDFCeB8BrBSBCAyAqAiAeAcARAOAQAKAHACABAB
1505403,DHCuCOBlBSBDA3AxAsAgAcASANAOAIADABAAAADJCmCNBkBPA6AzAtAiAZAVANAMAMAHAEABABAB
1505502,DFCMByBvCRB7BdA8A4AgAXALAHAEADABAAAAAADICKBwBhBgBKA1AoAbARAKAGAEADACABAAAAAA
1505601,ClChCZB1BSBHAxApAqAsAgATARARAZADACAAACCsCWCDBuBPA5AvAtAqAeAXARAWAKAOAJABAAAB
1505700,C0CrCLBwBbBIAvArAvAgAgATAMATAKAJACACAACvCXB9BrBUA6AsApAnAkAZAUASAQAIAIACACAC
1505809,DQCnCFBfBSBNBJA3AzAkAbAUAMANAFACABAAAADPCjB7BfBMA9A0AvAkAaATANAIAJAEACABAAAB
1505908,DjDACTBrBGBAAyAqAoAcAUAPAKASAMAFAAAAACDPCsCDBlBMA4AvAsAhAVANALAKANAJAEABAAAB
1506005,DHCkCJB5BqBWBBAyAtAiAcARAMAJAFABABAAAADACeCABjBSBBAuApAjAaARAKAIAGAFACABAAAA
1506104,C2CjCQBzBFA5AtAsApAkAYAVASAlATAIABAAABCzCgCOBeBFAzAsArAnAhAWAXAUAZAPAJADACAB
1506203,C1CgCRBoBOA8AyAxAsAlAeATAPATAPAFACABABCyCiCKBgBIA6AzA0AqAhAbAOAOATARAIADABAB
1506302,ChCWCIBrBRA6A0A3AtAoAkAaAeASAOAHABACABClCPCFBgBOA7AzAuAoAkAhAZAVAUARALACABAE
1506401,CrCQCSBsBdBBAyAqAqAsAfAcAOATAFAGACAIADDFCWCCBmBSA/AlArAoAlAZAUARAHAPALAAAAAA
1506500,CwCRCDBmBXBQA5AxAtAjAdAVAOAQAKAIACAAAACqCTCOBvBYBDA2ArAqAfAYAUAQAPAKAGACABAB
1506609,C7CVCQBwBbBPAuAsApAgAgAUAOAVAKAEABABABCyCWCNBvBRBDAuAqAnAbAdAOAPAPAJAEACABAA
1506708,CzCbByBgBTBPBUBCA8AsAfAVAQAKAFACAAAAAACtCQB6BjBYBYA7AyAlAeAYAOAMAIAGABAAAAAA
1506807,C4ChCOB0BTBAA0AtAnAgAaAUAPAMAJAFACABAACxCbCNB4BVBCAyAsAjAfAYASAPANAJAFACABAB
1506906,DDCmCHBlBhA+A0AqAsAjAVAVANAXAQAHADAAAAC5CiB8BnBKA5AwAwAjAfATAUAPANAZAHAAAAAA
1507003,C+CdB7BhBPBHA1A4AqAnAbAVANAdAMAHADACAACzCdCDBWBQBBAyAvAkAhAfARARAWAOAJACAAAA
1507102,ChCaCQB3BWBAAvAlAwAjAlAVAVARANAHACAAAACoCeCKBpBWBAAuAsArAjAgASAOAQALAGACAAAB
1507201,C6CWCCBqBlBYBLA7A1AjAfAQAQAMAHADABAAABCzCRB8BjBYBGA2AuAkAYAUANALAJAHADABAAAA
1507300,DYCfByBgBgBMA/BDA3AfAoAjALAPAFABAAAAAADGCPB9BnBYBKAzAiAdAcAXAEAKAGABADABAAAA
1507409,C4CcCGBwBlBIA5A0ArAjAiAcAXAPAKAJADAAAACuCTByBlBPBCAuArAqAaAWAUAMAOANAHADABAB
1507508,C1CZCLBpBWBIA+A2A2AoAhAYASAPAIAEABABAACuCQCDBkBVBGA7AsAqAfAVARAMALAGADABAAAB
1507607,C4CkCLBjBVA/A8AwAoAeAcAYAQARAIAFACABABC3CaCGBpBSBDAzAwAmAeAbASAOAQAMAGACAAAB
1507706,DRCzCQBqBWBCA1AqApAeAaASAQALAJAFABABAAC6CVCIBsBWA+AtApAkAcAYAPANAKAGAHACACAB
1507805,DTCkCFBlBaBOBDA3AuAkAjAYASAEAJACAAAAAADNCgB+BbBNBCA0AkAlAZAUAOAHAFAFABAAAAAA
1507904,CpCaCQBxBSBAAzAsApAkAaAZASAUAKAJAEABAACsCXCFBnBNA8AyAuAoAkAaAWAVAUAKANAEAAAB
1508001,C+ClCJBgBWBMBFA6A0AlAcAOANAIAHADAAAAAAC1CiCBBhBVBLA5AzAnAaATAMAKAGAFACABABAA
1508100,C3CABiBoCyCVBiBDAwAcAUAMAGAEACABAAAAAACvB9BkBiBtBbA9ApAZASAMAGAEAFADACAAAAAA
1508209,CvCbCGBvBRBDAyAyAqAlAaAUAPASAVAKACABABClCTCIBpBOA8AzAwAoAjAZAVAWATAPAMADABAB
1508308,DBCsCRBnBPBBA4AyAyAkAdAVARAOAIAEAAAAAADACrCCBhBMA8AwAuAkAeAVAQANAMAHAEAAAAAA
1600105,DOCzCTBsBQA0AuAsAsAhAVAZAOAPAJAHACABACDHCxCGBjBKA2AxAnAgAeARATAJATAGAGABAAAA
1600204,DmCyCUB+BGA2AzAiAgAfAkAZAPARAQABAAAAAAC6CmCPBhBNAyAgAuApAXAfAGAGAGAOALAAAAAA
1600303,C8ChCJBxBVBCAxAtAmAeAXARALALAKAFABAAAAC7CeCLB3BdBHA0AtAlAdAXANALANALAGACAAAB
1600402,DgChB6BdBWBPA3AxAoAiAbASAKAMAFAGABAAAADfCYCDBmBhBIA3AjAhAYARAMAJAGAFAFABAAAA
1600501,DMC4CKBVBKBQA4A2AjAfASAWAQAWAFAGAEAAACDLCjCJBgBUBFA1AoATAdAVAPAGALACAIAGABAE
2000107,CNCMCQDDBdA9BOAnBAAbA5AZAGAAAAAAAAAAAACSCXBrBxBgBZA3ApA3AnAQAQAGAAAAAAAAAAAA
2100105,C8CeCGB4BfBEA0AtA2AYAZAQALANANANAAAAAACnCgCBBjBVBJAxAxAnAiAbAOAGATAIAHACAEAA
2100204,C8CcCCBrBHA9A0AwAyArAjAYAUAYAQAJADAAAAC/CaB7BPBGA5AwAsAuAlAaAYAWAQAQAIACABAB
2100303,C7CTCDBvBaBEA9AzAvAiAeAVAOAPAMAJADABAACyCHB3BtBXBHA1A1AoAhAcAQARAOAIAHABAAAB
2100402,C7ChCEBtBeBBA9AtArAhAeAUAQANAHADAAAAAADBCnCHBqBNA+A6AtApAaAaANALALAEAEABAAAA
2100501,CuCLB8B2BiBMA3AoAnAbAmAVAVAQAKADACABACClCIB8ByBcA+A2AuAsAkAgAZATAVANAIADAAAC
2100600,DHCoCQBkBJBBA4AxAuAnAaAVARARANAHACABABC8ChB7BeBJBEA1AtAnAdAWAQAPAMAJAGADABAA
2100709,C2CmCUBvBRA5AtAtAuAiAaAVAPAZAQAJAEAAAACwCYCGBpBJA5AwAqApAbAdASATAXAOAIACAAAB
2100808,C0CjCIBzBXBHA4AvAgAeAZAXASASANAIADAAAACxCOCHBqBUBKAzAqArAgAXAOAOAQAKAIABAAAB
2100907,C/CmCOBsBBA2AxAvAoAjAfAWARAXAQAJADABAAC/CeCOBcBBA2AzAtAmAjAcAVARAUAMAHACACAB
2101004,CsCUCFBzBeBHAzAtAvAnAcAbATAPAMALABABAACfCNCAByBZBFAxAuArAeAcAUATANAKAJADABAA
2101103,C3CbCFBiBdA/ArAnAmAlAaAXALAXANAMAEACADDECWCGBsBQA9ApArAiAkAXAVAPAUAMAPAFADAD
2101202,CrCKB8BsBOBAA2AvAsAkAgAXATAQAKAGABAAAACmCICCB2BgBKA9A1AwAkAfAYATAPAMAIABABAB
2101301,CvCVCKBnBNA8AyAyAtApAdAaAVAZAKAEACAAABC1CfCEBjBLA5AsAwAvAhAcAYATAWANAIAEABAB
2101400,CkCLCIBrBVBEA0AtAnAgAeAVAQARAMAIABABAACqCICHB1BfBIA8AyAqAiAiAUARAUAOAHABAAAA
2101509,CkCSCGBxBQBBAvAsAsAmAfAWAXAWARAMAAAAABCZCHCHB2BNBDA5AzAuAkAcAWAXAXAIAMACAEAA
2101608,C8CbCJBxBMA+A5AxArAhAaAVAQASAMAHACABAAC8CXCJBtBKBBA1AwAoAdAZARAPAPAJAGACABAB
2101707,DDClCRBuBMA8AvArAmAgAZAVAUAPAOAIADABAADECmCNBmBDA6AsAsAjAgAXAPAQAPALAGAFACAB
2101806,CYCOCQB/BSA6A4AzAuAoAWAVATAaAKADABAAAACUCNCUBwBTBCA/AyA0AlAZAVARASAKAGACABAB
2101905,CvCoCUB7BJA7AtAwAqAlAgASARAUALAGACABAACtCcCNBpBBA2AoAvArAkAeAPAQAYAOAKAEABAC
2102002,C4COB7BhBMA+A+A2A5ApAfAbAWANAIAEABABAAC+CMB6BdBUBFBAA7AxAlAcARAOAOAIADABABAA
2102101,C2CdCGB1BTBCA2AqAjAhAbAbARAWAMAJAFACABCsCVB8BsBQBGAzArAmAfAbAWARAPAPAJAFACAA
2102200,C2CXCFB1BZBBA2AtApAeAZATATARAPAIADAAABCqCYCEBsBTBJAzAvAmAgAYARAQAPAPAIAEACAB
2102309,C9CVCDBvBQA3A2AyAsAhAcAWAQATAKAGABAAAAC2CTCABtBUBGA3AzApAjAUAXAWAMAOAEABACAB
2102408,C5ChCWB8BPA0AwAwAuAlAdATASASAMAJADADAACxCXCEBgBFAyAtAwAuAfAfASAXAMARAIAGAAAB
2102507,C/CcB/BgBSBDA0AtAvApAgAUASATALAFABACAADACYB1BlBPBEAxAzAsAlAZAWARAQAJAEACABAB
2102606,C+CkCKBkBQBDA6A2AuAmAlAUAWANALAFAAAAABC4CbB/BcBMBDA3AwAoAdAYARAMANALAGABAAAB
2102705,CrCJB+BnBVBMA8A0A4AmAdAWAPAaAOAGACAAABClCDB2BxBXBMA0A2AtAkAYAUASAWAQADACABAB
2102804,CkCRCHBwBKA/A3AtApAlAgAYAUAQAQAKADABAAChCPCHBxBWBEA3AuAoAjAhAVAOAWAQAKAFACAB
2102903,C3CbCEByBWBEA0A1AwAqAeAWAUAQAMAEABAAAAC/CeB9BnBRA4AuAsAoAaAZASAQAMAKAIACABAB
2103000,CpCKCCBvBPA9AzAsArAkAeAYAVATAPAIACABAAClCICEB2BXBEA2A2AvAkAfAVASAXAPAKADABAB
2103109,DCCbCBByBdA9AtAwA0AqAbAaARARAOAJACAAABC3CgB9BhBDA3AlAnArAmAVAYAOAWAUAGABACAB
2103208,CyCWCFBvBQBBA2AxAqAfAVAVAPAQAWAKACABAACuCOCGBxBZBIA3AwApAeAVAUASAPAPAKABAAAB
2103307,CiCKB9BpBQBCA4AyAxAmAfAXASARANAHACAAAACmCMB+BvBYBJA9A4AxAmAdAXASASAMAHACABAA
2103406,C5CWB6BwBkBUBBAxArAgAcAOALALAJADABAAAAC6CMB5BwBoBTA2AvAoAaAUAQAMAIAIADABABAA
2103505,C0CNB9BxBRA9A1AwAqAeAaAUAQAVAOAGAAAAAAC1COCHByBWBBA5AyAsAjAcAVASAXAMAIABAAAB
2103604,CuCOB/BsBQBCA4AyAtAlAdAXAUARANAHABABAACmCLCCBuBXBJA6A0AuAkAbAWARASAKAHADABAA
2103703,CxCgCQBvBOA8AwAvAwAnAhAVATAUAMAIADABABCuCdCDBeBDA1AuAvAtAhAfAVAWAUARAHADABAC
2103802,CoCFCLB3BPA3A0AsAsAkAcAWALAWALAHACAAABCjCQCSB8BXBFA4A4ArAgAfAWAUAPAIAKACAAAB
2103901,DGCRCBBsBUBHA5ArAnAhAYATATAQAPAEABAAAAC+CYB9BmBYBLAzAtAoAiAZASATAMAPAEAAAAAA
2104008,CuCcCNB0BSBEA5AyAvAgAcATAOAQAIAEABAAAAC3CVCJBrBZBCA3A0AtAdAXARAOAIAHAGABAAAA
2104107,DDCYCKBqBVBAA5AyAtAjAbANALASAMAJACAAABDBCdCABlBOBFA1AsAnAfAXAPALASAMAEABAEAB
2104206,CwCeCFBqBKA/A9AzAqAbAcAZATAXALAGACAAAACwCYCEByBOBMA6AsAoAgAYAUASAKAIALADAAAA
2104305,DFCdCCBuBIA9A8A7AyAqAYATASANAJAEABAAAADRCmB+BbBRA6A3A1AlAZATARAJAOAIAHABAAAA
2104404,CuCRCBBuBQBIA0A0AsAiAeAVARAQAFAIABABABCzCNCAB7BTBHA5A4AsAkAZARASAJANAFABABAA
2104503,CzCNCBBoBOBFA8AxAqAjAgAUAPARALAFACAAABC8CQB3BxBYBHA2A2AuAiAfAUAOAOAMAFAAAAAB
2104602,CsCMBxBnBTBDA6AxAtAnAgAYATARAKAGAAAAAAC0CIB+BxBhBKA7A2AvAiAeATARAVAGAHABACAA
2104701,CoCOCAB1BLAyA8AsArAhAUAWAKAdAPAHAIAAAACyCQB8B0BRBKA4A5AyAdAeAZARAXAOAIACABAA
2104800,C+CcCLBtBSBBA8AwAvAhAeAVAQAQAIADABABABC4CXCCBsBVBDA2AxAmAdAXARAQAMAHADABAAAB
2104909,CZCOCKByBLA5AvAtAzAtAnAaAiAaAQALACAAABCgCZCEBgBBAyAuAtAsAnAfAeAcAYARAKAFACAB
2105005,DFCpCLBsBKA+AvAvAsAhAaAYARAYAOALABAAAADNCjB5BXBEA5AtArAkAfAYARASASATAIACABAA
2105104,C5CgCFBrBQBBAvAxApAmAXAVAOAdAWAHACABAAC6CcCCBfBMBAAtAsAlAeAYAVAPAWASAKACAAAB
2105203,C9CeCSByBPA9AzAuApAgAUAYATALALAHACABAACuCUCKBxBPA8A2AwAoAhAgATANATAIAGABABAB
2105302,C+CSB/BpBTBGA+A1AxAiAbATAOAMAHAEABAAAAC6CNCCBwBcBLA9AyApAeAXAPANAMAHAEABABAB
2105401,CsCTCCBtBOBCA0AxArAiAeAWASARAPAJACAAAACoCRCCBxBWBHA4A0ArAeAcAWAVARALAJACABAB
2105500,DKCTB9BfBOBEA8A0AwAlAdAYAQAQAMAFABAAABDDCVB9BgBPBHA5AyAqAhAZASAPAPAKAEABAAAB
2105609,C7CVB/BsBWBFA3A0AuAjAdAWASATAIAIACABAAC5CRBvBnBWBEA8AzAqAiAYAbATALAIAEAAAAAA
2105708,CyCcCPB1BUBCA7AvAxAgAaAUALAMALAFABABAAC0CVCJByBYBDA5AyApAdAXAPALAJAIAEABAAAA
2105807,DBCjCGBuBRA9A3ArArAdAeAVAKANAJAHABABAACzCYCIB0BbBEA1AsAtAfAdAMAOALAIAGABAAAA
2105906,DZCYB6BrBWBGA8AxAsAhAYAXAKAOANAGABAAAACzCNB9BzBcBGA4AxAlAeAaATAMAJAIABACAAAA
2106003,CiCLB7BzBVBAA8AxAwAkAqAYAQAQALAFACACABCkCDB7B5BbBGA1A3AyAiAcAaAVASAGAGACAAAB
2106102,CwCRCMB4BSBCA4AzAmAiAbAPAVANALAFABABABCzCZB/BtBWA8A6ArArAfAdANASAVARAGACAAAA
2106201,DBCgCWByBHA1A1AtAuAiAjAYAcAQARAFAAAAAADGCqCABJBDAwAyAsAmAfAdAaALAPAOAKACABAB
2106300,C+CnCTBoBDA1A+AqAnAfAeARAOANAQANAEABACC9CfCRBpBJA8A3ArAfAeAVATAQAQANAKAEAAAA
2106409,DECbCHBzBVBCA0AsArAgAQASAOAQAQARABAAAACuCdCCBzBSBGA0AvAjAcAUASAJASANAIAEABAA
2106508,CrCZCOBxBQA8AuAvAlAkAeAVAOAZAPAHAAABACCuCgCBBqBRA+AtAsAsAkAZAZATAXAPAHADABAB
2106607,C7CPB5BsBRBDA2AvAtAjAYAWAWATAMAJACAAAAC8CQCABsBQBAA2AzAqAjAYAXAPARAOAJADABAA
2106706,CnCMCDB6BaBFA5AyAqAhAcAWAVARAMAGAAAAABCeCJCEB0BlBDA1AqAqAjAiAQAQASAOAGACABAB
2106805,C0CrCNBsBJA8AzAvArAjAeAZAWAWAVAOACAAAACyCfB7BVBIAzAvAoAsAhAcARAUAWASALAEABAB
2106904,C/CcCCBmBPBAA5AzA1AmAeAWAQAMAJAEACAAAAC2CRCCBlBUBJA8A1AtAgAYASAPALAGADABAAAA
2107001,DICdCMBiBQBCA6AtAqAjAhATASAPALAIABABABC7CYCJBjBMA/A1AtAjAhAWAUAPASAJAEAAABAD
2107100,DICkCDBjBHBGAuAvAoAgAZAYARAYAPAHABABABDJCkCDBiBNA6A0AtAjAYAYAUANARAOAJADABAA
2107209,CnCgCGBlBKA+A2AyAoArAfAQAIAUAMAEACAAAAC3CpCDBtBZBIAxA5AnAgATARAOAPANAIAAACAA
2107308,CaB6B4BaBwBMA9ArAtAaAiAdAYAQAUAIAAAAABCeCEB8ByBZBFA3AtAzAnAZAhAbAXATAIAEAAAC
2107407,C0CYCPBzBNA6A5ApAqAiAZAXARAOAOAHABAAABCwCeCLB1BUBDA4AwAoAdAYAPAOAPAJAHACAAAB
2107506,DECgCMBpBZBBAuAsAuAhAcAUARAQAMANABAAACC6CTCEBhBJA/AxAsAkAfAbATAUARANAIABAAAA
2107605,C3CkCSBuBSA6ApAoAmAfAaAVASATANAHACAAABC8CcB+BkBNA+AxAtAoAjAcAbAVAUAMAIABABAD
2107704,CpCQCJB3BKA9A4AvAtAdAYASASAbAMAEADAAABClCSCIB2BZA/A8AzApAeAbAWAWAPAKANABABAA
2107803,DFCQB6BoBSBDA5AzAsAkAdAVAPASAMAGACAAAADECSB3BjBYBEA5AwAsAeAZAQAQATANAGACAAAA
2107902,CwCPB9B0BUA7A1AtAtAiAZAYAUAVASAJAAABAACxCSB+BuBVBEA2AsAtAjAaATAUASANAIAEABAB
2108009,ChCOCHB9BPA/A2AuAuAhAiAVAUATAOAJAAAAAACoCKB7B6BTBAA8AyAqAiAfAWANAdALAIAAABAB
2108108,DIChCKBkBQA+A7AxAvAjAaAXAQALAHAEACAAAAC+CjCKBlBTA+A5AuApAdARATAMALAEAEABAAAA
2108207,CbCJCFB0BLA9A4AuAwAiAbAZARAPAMAFACABABCeCECNB/BfBIA9A0AyAkAeAWAWAPAJAHACABAB
2108306,C+CoCGBfBAA7AwAwAsAkAeAZAUARAOAFACABAAC4ClB+BZBMBBA0A0AuAhAaATAWATANAHABAAAB
2108405,CnClCdBxBRA4ArAvAsAiAfARASARAUAGABAAAACiCcCGBpBLA6AwAwAsAhAfAXATATAJALAEACAC
2108504,C6CTB5BdBEA+A2AwAwAjAeAbAVATAQAFABAAAAC5CWCABmBNBJA6AyAuAlAdAYAXAOAOAHACAAAB
2108603,CxCeCPBxBGA3AvAsAqAiAeAVARARALAFACABAACyCaCNBwBRA9AzAwAtAgAcAVAQATANAHAEABAB
2108702,DCCZCDByBOA8A3AqAtAdAeAZASARAJAHABABAAC8CbCEBmBYBAA3AtAoAfAdAQARARAHAEABAAAA
2108801,CoCSCMBvBOBBA3ArAsAnAYAbAPAbASAHADABAACfCQB9BxBQBHA7AxAsAeAeAQASAcAMAHACAAAB
2108900,C/CnCNBsBVA9A0AuAsAeAYAOANAOAHAEABAAAADBCoCFB2BRBEA0AwAoAcAVAPAMAJAHAEABABAA
2109007,C2CeCNBqBKBBA5AtAvAlAeAWAUAQAKAHABABAACyCRCMBrBMA9A4AtApAgAZAUAXANAIAHACAAAB
2109106,CzCVCBBuBVBDA3AzArAdAZAXARATAJAGACAAAACzCQCABxBbBKA8AsAtAeAcARASANAJAHABABAA
2109205,C8CkB8BjBUBEA0AvApAoAVAUAJAqAOALABAAABDCCdBwBhBMBLAqApAnAcAdAMAIAiAOALABAAAE
2109304,C5CZB/BqBKBFA4A0AyAaAmANANAUASAEACABAADOCeBwBoBKBGA+AtAoAdAVATASANANAGAAACAA
2109403,DDCkCQBvBLA7AwAtAmAfAbAUAYARAOAHACAAABDFCpCSBdA+A4AuAnAlAdAcARATAPAIAKAEAAAB
2109502,C4CXCBBpBJA/A5AxAoAiAaAZATATALAGADABABC8CSCLBqBNBAA4AvArAhAXAVATAVAJALACABAB
2109601,CtCWCGBsBMA7AwAvAxAkAeAZAXARAQAHAFACABCrCSCBBlBPA+A1AzAtAkAfAWAUASATAJAEAAAB
2109700,CrCiCVBvBKA+A0AnArAkAPAcAPAWAIABAEAAAAC6CYCNBpBUBHAyA0AoAVAbATASAVALAIACAAAA
2109809,C+CfCFBoBMA/A1AwAtAlAkAZAUANAIAFABAAAAC/CTCEBlBLBEAzAxArAgAaASATAPAHAGACAAAA
2109908,CwCPB9BoBPA/A2AyAuAjAeAWAPANAMAHABABAACqCPCIB2BcBKA9A0AqAhAbAWAQAQANAFACABAB
2110005,C/CPB9BkBRBEBBA4A3AnAhAWAOANAGAEACAAAAC/COB5BlBXBLA/A3AtAeAYAQAPAJAFADABAAAA
2110104,C9CfCIBmBQBBA1AyApAeAaAUATAOAOAKACABABC7CcCEBpBSBBA0AxAjAbAZASAPASAJAHADABAB
2110203,DCCTCABqBKA/A2AvAvAjAeAUAQASATAJABABABC5CYB5BiBMBDA2AvArAfAaAZAPASATAHACAAAA
2110302,C6CaCABxBPBFA5AxAsAgAaAYATAOALAEABAAAAC2CQCBBtBWBGA4AxAqAfAaATAQAMALAFADABAA
2110401,C3CqCCBlBEBDAuA0AsAkAeASAQARAMAHAEABABC4CfCGBwBLBDA2AuAnAfAQAXARAPAKAKAGABAB
2110500,CkCdCcByBHA4AnAoApAiAcATARAMAMAJADABAACkCdCPBzBUA4AwAwArAmAZAbATAWATANAEACAB
2110609,C5CsCQBtBNA6AvAsAlAkAcAaATAVANAJADAAACC5CdB/BiBKA6AyApAnAiAZAUASASAKAJAFABAB
2110708,CzCXCJBwBOBAA3AvArAfAaAVAQARAMAIABABAAC2CMCKB1BSBDA4AvAoAeAbASARAOAOAHACAAAB
2110807,C0CMCIB2BYA+AzAqAqAeAeATANAXALAGAAAAAACuCWCNB3BVA9AyA1ArAiAcAMAZARAIAFABAAAB
2110906,CpCUB/BwBSA+A5AuAqAnAcAUAYAXALAJABABAACwCBCEBiBZBHA3AzAxAjAeAUAWAXAMAHAEAAAB
2111003,CpCnCUB3BWA0AnAsAqAiAbATARAMAPAJACABAACrCgCMBxBOA1AuAxAoAhATAaAQAQAUAIAEADAB
2111102,CaCFCCBxBSA6A2AvAvAlAhAXASAQAMAKAEAAABChCJCCCDBZBHA4AxAsAmAdAcAPAUAMALADAEAB
2111201,CuCVCLBwBUA9AuAuAnAiAcAVAQAPAQAGABAAAACwCQCRBxBWA/AyAuArAiAXAaAUAPAOAJADABAC
2111300,CVB7B2B2BlBLA5AtAnAdAZATAOAKAGAEACABAACRB7CLCaB5BZA/AzArAhAcAWARAOALAIACABAB
2111409,C2CJCEBpBWBHA9A1AvAlAcAbAVAQAHAFABAAAACzCDB3BrBYBMA5A2AsAkAdAUARAOAIAEABAAAA
2111508,CkCUCDBwBMBCA2A2AxAmAgAWARARALAEADABAACqCPCJBtBYBJA8AxAqAkAcATAPAPAKAGACAAAA
2111607,CzCOCOB1BFA9AxAtAkAhAcAYARATAHAJABAAAACrCTCOB6BOA9A0AzAsAoAbAXASAWAOAFACABAA
2111706,CrCkCLBsBRA9AxApAqAhAfASASASALAGACAAAACwCgCIBqBQA4AwAvAnAlAeATAVAVASAIACAAAD
2111805,C5CeB+BpBQBDA4AwAwAjAXAfAVAQAKADACABABC7CVCKBoBNBAA0ArAsAfAbAPAQASANAHAAAAAA
2111904,ClCFCAB8BVBCA2AvAqAkAmAMAUAVAMAIACAAAACdCCCEB3BXBHA0AxAxAnAUAdASAUAPALADABAD
2112001,DCCKB5BvBTBNA+AtAfAiAdAfAOARAKAHACAAAAC1CHB8ByBfBDA3AzAtAhAWAaAMAQAOADABAAAA
2112100,CvCKCEBxBRBHA6AyAtAgAjAWATARALAGACAAAACwCICBByBZBFA4AyAqAiAZAUAPASAMAGABABAA
2112209,C3COCABwBTBBAzAsAsAgAcAVAQAPAJAGABAAAACwCLCDB1BfBKA+AyAtAiAbATARARAJAHACAAAB
2112308,DBCTCGBrBMBGA3AvAvAjAaASAPAUALAFACAAAAC/CWCEBrBVBEA4AwAqAeAWASAOAMALADABABAA
2112407,C5CbCGBsBNBAA6A6AxApAeAWARAQAIAFABAAAACwCRCABkBOBDA9A1AsAgAaAQAPAMAJAFABABAA
2112506,DDClCQByBFA7AvAtAlAgAaAYASATAOALAEACABDACaCMBhBDA7AvArAnAeAaASASAPAPAJADABAC
2112605,C+CfCGByBQBDAzAtApAhAbASATAQAOAIACACAAC9ClCIBjBNA8AyAoAlAfAYANATAOAOAIACABAB
2112704,CsCXB/BuBTBEA1AwAtAhAcASARAOAQAHACABABCsCUCEB0BcBJA6AwApAfAcAPAQANAOAGACAAAA
2112803,CtCiCLBwBKA9AzAsAtAiAbAVAPASAMAEABABAACvCcCLBvBPBGA2AwApAhAaAUAPAUAMAGADAAAB
2112902,C+CWB7BiBbBMA+AyAzAlAcAVAQARAJADABAAABC1CQBxBlBfBQA5AxAtAeAWASAPAMAGAEABABAA
2113009,C0CYCLBxBEA2A0AvAoAhAdAVANAYANAHACAAAACzCbCEBxBSBCA5AvApAiAaAXATASAKAHABAAAA
2200103,C6CJCCBlBRA2A8AxAlAgAXAcAKARAOAIAAAGAACsCgCBBwBLBBBFAnA3AdAYAbAeARAJALADAAAB
2200202,CmCICIBzBGA1A1AsApAgAdAWATARAPAJAEABABCsCUCJB3BWBCA9AwAyAeAcAYASAWAOAKABACAB
2200301,CtCdCQB6BPA2AwAnAmAiAgAZAPAQAMAMADAAABCwCcCJBwBOBFAzApArAiAbATARATAHAGACAAAB
2200400,CnCMCLB5BVA7AwApApAiAkAZARATANAKACABABCmCLCHB6BXA/A0AsAqAlAeAYARASALAIADABAB
2200509,CeCSCIBvBIA1A2AuArAkAeAcAQATAPAHADAAAACgCPCDBwBSBFA7AxAvAlAaAdAWAUATAMAEACAB
2200608,CFBzCMCOBHA+A0A1AcA0AiAbATAXAOAIABADAACDCOCPB6BZA9A2A0A4AnAlAVAYASAKAOAGAGAA
2200707,DFCyCkBwBCAyAyAqAiAYAWASAZATAGAIABAAAAC4CoCUByBGA0AwAsAfAYAbARAWAPAMADACABAA
2200806,CdCMBzB0BmBBBEAjApAnAlAIAUAgANAEADAAAACmBvCSB1BRBGA+AvApAgAsAbATATAQACAAAGAB
2200905,C3CiCGB0BEA9AyAnAlAgAfAZAWAaAPAJACABABCjCbCBByBPBEA0AkAqAhAcASAUAQAOAPABADAA
2201002,CiCUCUB0BWBCAqAsAjAlAdAWAMATAMAKABABADCqCNCLB1BRBDA0AqAqAgATAfARAYAUAFAAACAF
2201101,C4C6CnB5A9AqAtArAjAcAaASAQAPAMAIABAAACCoCxCcBuBCA0A2AoAqAfAWAUARATAJAEACABAA
2201200,C5CXCJBvBKBAA0AtAmAjAYAbAQAPANAKADABABC1CVCFBuBRA/A1AvAoAiAbAXARAOALAJAFABAB
2201309,C8CeCSBqBTArAxAzAkAjAcAWAMAhANAJAAAAAACtClCABdBKA5A2AtAvAfAbAOARAeAVAHAAAAAH
2201408,CkCYCQBtBKAxAxArAuApAgAYAPAaAPAGACABAAClCICHBxBTBLA1AuAyAnAkAVAQAUAFAHADACAE
2201507,CvCWCNB3BOA9AyAxAnAhAbAWAQARAPALADABABC0CVCHBrBSBAA0AuAoAiAXAWASANAJAJAEACAB
2201606,C1CSCCBvBSBAA3AtAnAmAbAfAWAUAQAHADACAACuCKB/BoBVBCA2AvAsAiAbAXARASANAJACACAA
2201705,C6CqCYBtA7A9AxA4AoAZAbAXAMANAPAHADACAAC4CaCCBmBMA6A4AvAqAmAYAYANAWAMAGACAAAA
2201804,B8CaChBrArAtA1AwA0AmAbApAYAeANALACADAAB6B8CJBsBIBKBFBFA9AhApAlAdAZAQAHADAAAA
2201903,C3CcCIBxBIBAA3AoAiAcAZATAPAUASAHABABAAC2CSCXBsBUBFAsAtAjAiAbAUAaAXAQADACABAB
2202000,C5ChCNBvBNA+A0AuAmAfAfAVARASAPAIACACABC4CbCIBqBIBAA0AsAlAhAaAUAQANAJAHAFACAC
2202109,CZCYCUCFBPA4ArAmAeAbAgAXARAPAGAJABAAABCkCbCqB7BRBFAuAvAqAdAeAaAVAWAGAGACABAB
2202208,ClCXCSB4BKA9AwAtAoAhAdAWAQARAMAIADABABCeCUCPB8BYBCA2AvArAgAfAVAQAPAJAHADACAB
2202307,C0CiCWB7BDAzAwAsAkAbAbATASAQAIAHACAAAACzCmCYB4BJA5A1AuAnAcAaAYAPAPALAJABAAAA
2202406,C4CQCPBvBPBAAzArApAhAhATAMAUAQAKADAAAAC5CSB8B3BQBHAwAuAnAiAeAOAWAQAKAIADAAAC
2202505,C9CsCfBzBFA2AvAqAdAXATAVATAPAHADABABAADDCrCbBvBMA7AzAtAiAbAYASASAPAIAGABAAAA
2202604,CxCaCJBxBTBAA1ArAqAfAdAXAUASAMAJABABAACsCVCNBpBXBAA4ArApAgAZAWARAQAJAIACABAB
2202703,CxCgCVBzBFA6A0AsAoAgAeAUAQARAOAJADABABCzChCQBxBFA8A3AtAmAgAaASAPAPANAHADABAA
2202802,C0CtCQByA/A6AwArAgAaAWAaAYAaALAJAEAAACCrCYCYBiA7A5A3AvArAeAhAVATAWARAKAHAAAB
2202901,CsCjCNB9BXA+AyAqAiAdAeATAVAQAMADABABAACvCZCLB0BPA5AyAqApAfAbAYAUATAMAFACAAAB
2203008,C3CjCDBjBPA4A1A9AjAZAWAUAYAcAUAFAAAAAAC1CYCVBgBKA6AvAuAmAZAbAUAiARASAFABACAF
2203107,DDC5CRBzBCA3AxAiAnAdAUAVATATAJAEADABABC3CpCUBtBKA+AxAtAoAdARAUALAUAIAIABAAAA
2203206,CnCqCXB2BMAwAwAlAnAZAhAVASATAOAGADABAACuCpCXBsBCA6AxArAoAjAeASAXAZAJAHABACAA
2203305,CrCUCDBmBDA9A2ApAqApAlAYAWAQALALACACABC5COCEBqBMBBA5AxAvArAeAXASAQALAMAEACAA
2203404,CbCaCMB+BLA5A3ArAtAYAaAdAWANAFAKACAAAACPCMCUCGBeA+A9AuArAfAeAYANARAUAEAHACAA
2203420,CxCGCNBvBQA+AoAzArAhAkAcAMAbAJAGAFAAAACxCTCOBvBTA9AxAtApAmAhAXAQAOAMAHABACAC
2203503,CfCLCMB4BEA0AzAuAoAgAkAZAUATAMAJADACAACgCYCKB8BRBEA2AtAtApAhAYASAUAKAJACACAB
2203602,C6CoCZBuBDA2AmAlArAZAlAXAWANAMACABACACCpCjCVBzBHBAAuArApAkAfAWASAOAGANACAAAD
2203701,ClCZCLBzBNBCAxAvAmAiAaAWAOAOAOAGADACABCqCTCRB8BWBHA2AvApAiAcASARANAKAHACABAB
2203800,CwCcCcB8BZAzAtAnAkAaAgANAJAMAOAGADAAAACsCiCeB7BUA8AwAnAvAfAUAXAXAJAMADAAABAA
2203909,CXCMCKB4BLA1AuAoAmAeAZAVAVAOAIAFACAAAACXCHCVCUBlBIA9AwAuAjAfAbAVAUANAJACABAB
2204006,CuCCCABxA5A9AxAvAnAlAdAjAeANAKAFAEACAACrCJCBBsBjA6BAAuApApAmAgAZAWAJAMACACAA
2204105,CZCVB+BjBFA6AyAvAoAlAcAmAaAUATAMACAAAACsCXB/BcBUBDA8AoA0AkApAZASAaAaAGABABAA
2204204,CbCQCXB7BGA7A6ApA1AdAWAaAOASASAGACAAAACnCaCUB3BJA7BAAwApAjAfAVASAPAPABAAAAAD
2204303,CgCUCQB2BMA5A0ArAtAdAaAbAPARAOALAFABADCnCWCMByBMBBA7AxAqAjAXAaAOAUAQAJAEAAAB
2204402,CsCZCKCDBSA9AsAkAnAjAiAZARAOARADACABABCtCcCKBwBHA8AtAvAqAlAkATAPAVAOAIAEACAB
2204501,CiCSCJBsBSA/A/A5A5AkAVAQANAQAJAGACAAABCkCdCQB4BWBMA4AvAqAaAVARALAVAFAJACABAC
2204600,C0CMCUBsBbA5A0BCAxAoAaAPAEAcANACAAADAACwCKCCB3BbBBA3AxAwAeAdAGAbAIADACADAAAA
2204709,CjCUCSB9A/AsAsAsAsAiAjAYATAQAMAOAEABAAClCXCMB8BPA/A1AtAuAoAbAZATASALAJABABAB
2204808,CjCSCZB9BMAwAqAwAtAiAiATALALAPAKAFACAACfCICSB2BXA9A1AyAwAhAhATATAMASAMAFABAB
2204907,ClClCfB6BFAwAxArAlAZAYASAPAJAOAKACABAACpCyCiB1BJA2A6AyAkAfAZASAQAWAMAFAAABAA
2205003,CkCTCQB5BEA7AzAvAnAeAgATAPARAOAIACABAACcCTCWB8BYBAA7AzArAgAcATAPATALAIACABAB
2205102,DACgCSB1BCA7AzArAqAcAbAOATAOALADACABAACuCiCaByBNBEA7AuAmAeAXATAUALAGAFAAABAB
2205201,CmCWCDBxBKA6A3AwAoAdAaAWARAUAPAHADADABCwCNCOBvBWA+A4AuApAiAgAYAWAWAMAHAFACAB
2205300,CeCdCOCABQA9ArAqAoAfAhAVAQARANAKAAACAACwCUCUBzBKA8AxAtApAiAdAWAWAOARAJABABAA
2205409,DOCdCOB2BUBDAzAxAoAjAVAZAQATAIAFAFAAAAC1CbCGBmBLBAA0AoAiAgASAVAMAMAJAGACABAB
2205508,CsCTCMB1BWBBAyAvAqAhAbAXASAQAMAHADABABCmCMCLB6BRBBA2AvAsAfAaAVAQAOANAJACADAB
2205607,CmCsCfB2BPA5AwAtArAdAWASAJAJAIAJACABAACqCnCUBrBSA4A6A4AqAeAaAQAQAPAPACAAAAAA
2205706,DCCnCOBwBGA2AzAvAnAiAcAVAPAPANAKAEACABDBCiCLBnBFA5AyApAnAfAcARAPAOAJAHADAAAB
2205805,C4CjCPB1BTA9AyArAnAgAZAUAPAQAKAIADAAABCzCfCLBxBRA/A2AsAkAgAcAMAPANAKAHACABAA
2205904,C9CdCSBzBMA5ArAsApAhAhAMAPAJANAGAEACAAC6CnCJBvBXA2AyApAuAfAWAXASAOAMABADAAAD
2206001,CwCoCYCFBBA3A3AoArAYAfAaAaANALANAEAAAACMCgCHBtBDA4A4AvApAfAdAVAUASAaADAGAAAA
2206100,CmCfB9BrBOBCA6AtAqAfAaAUATAVANAEAGABABCuCYCLB3BbBKAxAvAqAcAdAQAPANANADAEAAAB
2206209,C2CPCBBwBWBCA3AtAuAhAgAUATAPANAHAEABAACyCOCABvBVBFAyAuApAiAcAUARARAKAHAEACAB
2206308,DACXBaB6BQBWBGAqApAfAxAiAAAUAPAAAAAAAADZBrB8BfBpA+AzAgAzArAqAAAFAmAAAEAAAAAA
2206407,C/CUCDBjBHA8A1AuApAmAnAQARAUAQALABADAACvCbCDBfBHA+A7A1AwAiAdAXATAUALALAAABAA
2206506,CjCCCNB7BQA7A2AuAnAjAfAdARATAKAHAGAAAACUCJCNB9BTBIA+A5ArAYAeAfAZANAJAIACAAAA
2206605,CuCaCWB9BOA3AvAkAgAgApARARANAOAFABAAABC9CjCQBvBQA4ArAkAtAjAoANARAOAWADAAAAAA
2206704,C5CSCQBtBDAxAsAoAsAdAjAWASAWANAMADAAAACwCcCNBlBOA+AyAqAvAsAfAbAOAWAQAGABACAB
2206803,CyCaCZBiBMBCA3AxAoAkAVAPAXANANAEABACAACrCeCMBuBHBNA5AuAjAmAbAVANAWACAHAFAEAA
2206902,C0CaCVB2A8ArArAmAlAjAhAdATATAHAKAEAAAACpCUCHB9BXBEA3AoAyAgAdAbAQAMAPAJAEABAA
2207009,CzCdCQBzBFAxAuAqAlAfAaAZASASAMAFABABAACrCeCTB1BQA9A2AwArAiAeAZAPAQANAJADABAA
2207207,CpCYCSBzBPA6A2AvArAcAeAWASARAMAGAEABABClCKCKB1BPBCA4AzAoAgAiAWAVASAJAIADABAB
2207306,C1CyCKBgBdA1BAAlAlATAZAZAUAOAFAKABABACDICjCNBoBQA/AzAoAUAkAYAYARASALAHAAAAAC
2207405,C/CTCICJBNA4AuAqAmAYAXAYAYAHAMAIACAAAACqCoCNB1BFA+AwAuAlAkAcAbAYANANAFAAACAA
2207504,CvCWCHBsBKA7A1AqAsAjAbAbATAXAQAJAAABABCxCMB7BwBTBAA3AsAsAmAdAXAZAVAMAIADAAAA
2207603,C6CuCYBxBXA5ArAhAdAdAXAWAcAWALAFABACAAC9CUCJBuBRA6AuAmAlAZAaATAVATALALADABAA
2207702,CVCPCJB4BJA1AvAoAmAhAfAZARARANAIADABABCZCLCUCHBXBFA6AxAtAnAiAYAWATANALAFACAB
2207801,CqCkCRBvBHA6A3AtAiAbAaAXARASAMAHAEABAACsCdCTBxBPA9A8AsAmAdAbAZAUASAJAGAEABAB
2207900,CuCUCNB3BNA/AvArApAhAcAXAQARAKAIADABABCsCVCQB4BYBBA1AuAqAfAbATAQAPAJAIACABAB
2208007,CSCMCOB9BQA4A4AvAtAhAhAVARAOAJAGABABAACSCICRCEBcBFA+A5AwAiAeAWATAPALAGABABAA
2208106,CtCZCQB7BMA3A4ApAoAgAhAbASARALAGACABACCrCZCOBxBfA3A4AnAmAhAdAZAQAPAIADABAAAB
2208205,ChCTCTB3BNA9A2AqApAdAdAZASARAKAJACABAACeCSCTB1BaBAA7AwApAgAcAaAVARAJAGABABAB
2208304,CiCcCdB3BUA8A1AuAqAhAbASAQATANAIACABABCcCVCNByBWBCA0AvAoAgAWAZARAPANAHACABAB
2208403,ClCSCIB4BPA7AyAtApAhAdAUAQARAMAIAEABAACmCRCNB4BYBEA4AxArAiAeAVARARAMAHAEABAB
2208502,DAClCABzBRA8AuAtAkAiAjAPATARALAKACAAAAC5CcCNBjBRBCAvAsAmAiAWAVAKAQASAFAFAAAA
2208601,B1CGB8BwBdBCA2AvAxAnAXAZAcALARAHAMAAAACHCUB9CJB2BLA3A2AsAjAbAbAbANAOAHAAAAAA
2208700,DSCuCSBwBJA4A1AqAgAeAOAdAMALAFAJAEAAAADECoCAB2BGA5AyAuAdAiAVAcATAQAFAEAAAAAB
2208809,CkCNB3B5BUA8AxApApAkAfAaAUATARAIACABABCeCDCEB7BfBEA3AxArAoAaAaAWAWARAIABACAB
2208908,CqCmCJByBbA7A1AmAjAhAfARAPARAGAIACABABC5CPCDB3BdBCAxAvAnAfAeATAVALAQAHAAAAAA
2209005,CtCVCVB9BSA7AvAtApAcAXAUAXAUALADABAAAACnCgCUBtBPA+A9AsAjAbAkAUAPASALAFAAABAA
2209104,C+CgCYB+BDA3A6ApAlAcAVAYANANAKAIABAEAACmClCUBwBSBAA5ArAnAdAXAUARARAJAEAAABAA
2209203,CrCfCHB2BQA/AoAkAfAiAfAUAbAQAPAGAAAAACCtCdCJBwBRBBA6AuArAnAdASAUASAOADACAAAA
2209302,DJCrCHBzBPA/AzAtAnAVAZAXAKAQAGAPAEAAAACvCoCCBxBIBAA2AlAoAmAkAMATAGAHAEAEACAA
2209401,CiCRCeCHBIBBAsA1ApAWAeAYALANAHAGADABAACjCaCfB9BNA+A3A3ApAfAkALASALACAFACAAAA
2209500,C2CaCHB+BLA3AzAoAgAaAcANAMAVALAEAAACADCyCjCXB7BeBHAsAtAnAbAYAUAIARALALABACAB
2209609,CSCXCLB2BEA4AtA3ArApApAOAcASAOALACACAACbCXB+B4BIA9A7AyAtAqAgAYAYAZAHAIADADAC
2209708,CwCoCXB2BEA7AvAjAkAgASAgAPAcALAFABAAAADFCRCUBoBLAzA1AqAnAaAeAdAXAQALAEAFAAAA
2209807,CoCNCBB9BPA+AyA0AhAuAjAYAOAaAJAKABACACC5CFB7BlBUBGAuAyAsAqAgANAVASARAGAFACAA
2209906,C8CbCLBmBOA+A0AsArAhAeAWAPAXAJAGABACACDACYB9BnBYBHA3AwAgAhAaANAVANAMADAEABAA
2210003,CyClCXB7BPA2AvAqAiAYAYAXAPAPAKAGADACABCsCgCRB7BNA5AxArAmAdAaAWAUARAMAGADABAB
2210102,DHCvCTCBA9A0ArAnAlAaAbAeAWANAKACAAAAABC6ClCLBhBOA2AwAvAnAiAeARAaALAKAEAAADAB
2210201,CvCKCRB/BMA2AtA4AqAgAYAdAUAOALAJAGAAAACpCOCQB3BQA4AuA2AsAeAZAeAQAQASALAAABAA
2210300,CWCSCSBuBVA8A6A8AtAeAZAbATASAIALAEACAACRB7CRB3BYBHA/A2AsAgAhAUAUAYAGAIADABAA
2210409,C9CgCLBvBOA9A2ApAlAbAXAXAPASAMAHACABAAC9CeCNBwBVBCA0AoAmAcAYATAOARAJAGAAAAAB
2210508,CqCKCCB1BLA0AvAuAtAgAZAbAYARASALABAAAAC4CRB+BiBTA9A1AyAvAmAhAbAXAbAQAJAFAAAB
2210607,CsCjCZB2BJA3A1ApAmAaAaAVARASAKAHABAAAACsChCVB1BQA5AzAsAnAcAeATAUASAMAIACACAA
2210706,DACjCZBsBIA7AxAqAoAZAWAUAUANALAHACABABC5CtCOBuBNA8AzArAmAdAbAOAQARAJAHABABAB
2210805,CcChCSBvBJA8A0AvAlAjAeAUAPAQAKAMAAACABCgCbChB6BNA7A3AvAmAcAfAUASAUANAIACABAC
2210904,DQCpCPBjBPA7A0ApAjAeATAVAVALAIAKABAAACDJC6CDBmBABBA3AiAhAXAYAPAZANAJAMAAACAA
2211001,CbCAB3B0BgBIA5ArAlAcAZASAOAMAHAFABAAAACaCACHCUB5BZBCAxAqAhAdAUARAPAJAGACABAB
2211100,CyCXCLByBNA6AxAtAnAiAfAWASASAPAGADABACCxCXCFBtBOA/A2AvAnAgAdAUAVASANAHAGABAB
2211209,CkCRCFBzBQBDA4AtAoAdAdARANAWALAIAAABAACcCOCMB+BcBLA6AwApAjAfAUAUASAMAHABACAB
2211308,CiCRCaCAA7AvAtAuAqAhAgAaAQATANAMACAAAACNCYCSCBBSBCA3AxAtAhAeAYARARAQANACAAAA
2211407,CfCJCGBrBSA3AwApArAmAjAcAQAQAWAMAFACACCxCIB+BnBeBGA0AxAxApAjATAXAXAIALADABAA
2300101,CrCZB9BtBEA2AyAtAoAaAjAbAjANANAPAFAAABCVCOCOBnBVA6A4A9ApAiAnAfAbASAQANADABAA
2300200,C4CiCQBuBAA4A0AtAoAhAgAWAQARAOAJAFACABCzCfCJBrBEA6A1AuApAhAeAWARAPAKAJAEABAB
2300309,CiCTCOBsBGA3A0AxAsAfAfAdAUAUANAIAEABAACiCUCMB1BOBCA5AxAwAjAeAdASARALAGADABAA
2300408,CyChCXBxBAA0AzAuAuAZAfAZAYAPALAIADAAAAClCOCOBsBRBAA9AwApAhAbAXAOARAPAIAIABAB
2300507,CVCaCeB8BBAvAkAkAjAkAgAbAPAUAOAPAIAGAACUCKCdCDBLA8AzAtArAoAgAcANARAPAPAHAGAD
2300606,CcCNCPBrA7AyAxA1AzATAgAnAVAaAOAGACAAAACGCaCPBwBMBDBDA2ArArAiAaAlAYAJAHADAAAB
2300705,CMCTCHB7BHA9A2ApAmAcAiAcAdAZATASAKACACCICHCLB7BSA/A6AlApAeAgAbAcAcAQAJAFAFAF
2300804,CmCUCaBiA4AuAzA3ArAYAfAcAaAZAIAOADACAACaCVCRBvBVA8A+AzAvAhAaAcAZASAQAHAFAAAA
2300903,CXCfCXB/BHA6AwAnApAjAlAcAQAWAQANAFACABCbCMCJB2BKA4AxAnAsAnAmAcANAQAUAHAIABAA
2301000,ClCRCEBuBTBFA8AwAsAkAiAZATAWANAJADACABChCOCABnBNBBA3AxArAhAkAYARAQAOAKADABAC
2301109,CfCVCNBxBIA3A7AyAkAfAfAZAVARALALAFACABCbCNCIBvBQA/BDA0AoAiAhAaAZASANAKAFABAB
2301208,CiCYCXB2BGA7AzAsAqAfAhAlAUATAMAMAEACABCgCUCGBvBNA7AxAqArAhAfAfAQAPAOAKADACAB
2301307,CqCVCKBxA/A1AxArAsAfAbAXARAZALAKACAAAAC0CdCJBxBMA/A4AyAtAgAdAbAZAXAJAIABAAAB
2301406,CaCQCJB5BcBLBBAuAuAiAkAZAQASALAJADAAAACUCDB/BtBbBMA7AwAqAhAhAQATANAKAHACABAB
2301505,CtCbCdB2BFA3AzAvAqAcAbAhASAPAMAHACABAAChCXCVBiBRA6A6AyArAhAXAfAJAVAOAGACABAB
2301604,CgCSCTByA9A3A0AuAyAfAaAfASATAPAKADACAACWCNCOB1BQA/A6A0AyAkAdAcAUAUANAHAGACAB
2301703,ChCLCMBzBHA4AzAxAuAfAcAfASAaARAJAFACABCbCLCHBuBNA8A7AwAxAkAdAgAVAVAOAJAFADAB
2301802,CwCgCABzA/AwA2AnAwAfAjAXAcANAJAPAEADAACbCQB+B3BTBEA+AyAzAfAYAhAPAVAGAOAHAAAB
2301901,ChCTCGB1BNA2A0AqAmAgAdAWAOASALALACABABCdCNCLB1BSBGA6AxAxAlAfAfAVAVARAMAEABAB
2302008,CsCkCZBqA8AyAwAqAuAeAiAZAVATALAJAEABABCfCMCOBwBJBAAzA1AxAmAgAcAUAPALAHAEACAB
2302107,CdCQCVB3BFA1ArAtArAlAjAdAVASARALADACACCYCMCMBvBKA4A1AwAyAoAgAZARAaAPANAHACAC
2302206,CpCWCNBzBDA+A1AtAmAgAnAXAXATALANAGACACCmCSCDBtBKA7A4AvAoAhAlAaATARAMAMAGACAB
2302305,CwCjCYB0A6AxA0AxAmAcAcAYAXAPANAIADACAAC3CYCRB2BJA6A4AyAnAfAZAVAUAKAKAIAEAAAB
2302404,CXCdCeB3BCA4AyAsAsAdAgAZATAUANAHAFACACCZCaCTB2BMBAA1AvArAgAjAWAQAQALAJAFACAB
2302503,CcCPCGBwBJA5AzAwAtAcAcAYAUASANAFAEABAAChCICFB6BZBEBBA6AxAkAaAgARAVANAJAEABAA
2302602,CxCbCLBqBCA8A1AvAoAiAYAXAQARAQAJAEABABC1CZCKBrBNA9A5AyAtAhAbAUAUAQANAJADACAB
2302701,CYCSCWBsA+AzAyAsApAdAkAWAUAWAMAKADACAACeCSCTB3BUBCA5A0AvAjAgAcAWAWAMAKACABAA
2302800,CSCVCVB/BIA7AzArAuAgAiAbAPAUANAKAGACABCXCQCRB5BPA7A1AuAsAhAgAaASARAMAKAFACAC
2302909,CiCbCGB2BIA7AwAlAxAlAjAcAQAPAQAHABACACCpCaCGB3BLA5AwAuAuAjAfAbATAOANAIAGADAC
2303006,CpCVCSB5BKA6AvAsAvAlAjAhAVATAOALAIACABCcCTCOBmA+AzAwAwAtAeAkAaAUASAOAMAFABAC
2303105,CTCHCUB9BDAyArAoAnAdAbAhAUAVASAJAIAEADCRCMCYCFBKA6A3AxAsApAjAbAXAUARAHAGAEAD
2303204,CvCaCPBqBBA0AvAsAoAeAYAeARARANAMADABAACrCXCMBtBMA7A7AvAwAfAmAaAWATAQAHAEADAC
2303303,CNCGCLB1BCA7AxAxAyAjAiAfAbAYARANAFABAACPCCCHBwBGBAA/A1A5AhAlAgAUAXARAMAFABAB
2303402,CqCLCEB8BYA8ApAqArAkAXAcANAXANAJADACAACkCPCACBBmA4AyAxArAkAbAYAUASALAHACABAA
2303501,CaCOCHBxBNA/A0AtAtAjAkAaAXATASAMADABABCaCMCHBrBOA+A1AxAvAnAoAYASASAOANAGACAB
2303600,CmClCUByBAA2A2AuAwAiAcAaAOAXAQAFABABAACmCNCZBqBNBDA4AnAvAiAbAYAQARAJALADAAAB
2303709,CnCUCNB0BUBBA6AtAsAfAcAXANAPALAGACABAACkCUCJB2BVBDA6AwAsAiAaAWAQANAKAHADACAB
2303808,CNCHCJB2A/AzAwAuAwAjAnAhAXASARAKAHACAACQCHCIB7BQA/A7A5A4AlAjAjAVATAPAIADACAB
2303907,ChCYCOBxBHA1AxAtAtAgAfAlAcAPAFAGAEABAACmCYCMB6BKA+A3AzAtAgAlAVALAPAQAHAEABAC
2304004,CaCbCOB7BFAzAzAqAlAgAiAYATAWANAIAFABABCWCSCTB9BRBGA3AxAtAgAeAYATARANAJAEACAC
2304103,CRCNCTCBBHAzAwAtAoAdAfAaASATAOAJAEACAACTCKCVCDBaBBA7AwAtAiAhAcAUATALAIAEACAC
2304202,CSCBCGB3BMA4AyAuApAdAcAXASATAIAIADABABCQCACLCEBjBJBAA3AxAnAiAfAXAXAOALAEACAB
2304301,CaCRCQBmA5A2A0AyAsAeAeAaAWAWASAIADACABCjCRCNBqBMBAA9A5AuAkAhAeAZAeAMAFABACAC
2304400,CEBwBzB3BgBLA+AvArAfAdAXAPAMAIAFACABAACDBxB+COB2BdBLA6A0AnAlAbATAQAKAIADACAB
2304509,CaCZCNB1BLAyA7AsAnAfAdAbAUATARAIACADACCfCLCIB+BQBBA8AyAsAiAgAWAWASAJAIAEABAB
2304608,CfCrCUB6A/A4AzArAuAhAmAdAMAaALAFAGABADCTCZCTBvBDA7A3AsAhArAZAYAUAUALAFAHADAD
2304707,C0CXCKBuBEA8A2AvAlAfAWAcATAVARALAEACABCwCYCCBpBHA9A3AxAqAjAbAWAVAUAMAMAEACAB
2304806,CoCcCTByBAAzAsAnAoAgAiAYATAWANADABAAAACzCaCNBqBPA4A9AvArAoAaAbAbAMAIAEAJAJAA
2304905,CJCXCiCOAyAsAlAsAmAeAdAfARAUARAQAEACAACFCBClCYBNAzA4A0AtAiAlAcAWAUAOAEAJABAA
2305001,CjCZCUB0BHA2AvAqAlAcAfAYAVAXALAJAEABAACmCUCTB0BOA8A1ArApAjAhAZATATALALAHACAB
2305100,ChCMCQCBBDA/A5AyAnAnAtAaAcAUALAIAEADABCRB8CEBpBOBAA0AlAxAsAfAXATARARAUAFAAAD
2305209,CeCZCUCFBAAwAxAmAnAcAcAbAUAWAOAJADADACCaCRCVB/BIA4A0AqAsAmAmAcASATANAMAEABAD
2305308,CjCLCHB1BTA6AyAmAmAjAiAYATARAQAIAFAAAAChCPCIB2BUA+AzAwAuAoAmAVAUATAPAJAGABAB
2305407,CgCSCHB0BIA8A1ArArAeAkAaARARAKAHADACABCZCQCLB8BcBIA4A0AuAgAkAXAOAQALAHAEACAB
2305506,COCFCHB1BNA9A2AxAtAfAiAeAVARANAKADABABCNCFCGB7BaBGBAA1AzAkAlAfATATALAKACABAB
2305605,CkCVCYB6BHAxAwAqAoAeAeAYATARALAJADACABCkCTCVB+BRA8A1AtAqAgAhAZAQASANAGAEACAC
2305704,CgCKB+BxBEA5A1AyAuAkAhAaARATAVANAKABABCTCGCABvBeBEAxA8AxApAcAgAVASASAKADACAC
2305803,CZCVCbCABBAyAsAkAjAdAeAdAUAUARAJAEADABCTCQCVB5BTA5A0AqAyAjAkAeAWAVAOALAGACAC
2305902,CjCZCLB4BCA2AvAlAlAcAeAfASARASAJADABACCgCPCQB8BQA+A2AtAtAjAmAcAUAUAOAIAEACAC
2306009,CbCZCQB8BQA+A9AqArAaAbAdATAPALAJAEACABCbCLCOB6BTBGA3ArArAcAhAYATAOAKAGAEABAA
2306108,C6CjCeB3BDAtA1AtAlAdAdAcASARALALADACAACtCdCLByBJA1AwArAoAbAcAXANARAMAKACABAD
2306207,B8CHCKB/BUAyAuArAdAfArAbAQAZAPALAJAIAJByB/CICIBNA/A6A2ArAmAwAlAdAaAJANAPAEAF
2306306,CnChCVB5BIA1AyArAqAfAfAaARARAOAJAFACABCiCZCQBzBHA6AyAtAoAfAhAYATAQANAIAEADAC
2306405,CuCfCWB6BEA1AxAqAoAhAeAaAPAQAQALAFACABCpCcCPBwBEA5AxAsAqAhAgAXARAPANAKADACAB
2306504,CiCSCGB7BQA9AxApArAhAnAdAaAUAMALAHABABClCGCDB0BNA7AyAvAqAjAiAaARAMAQALAEAFAC
2306603,CrCXCaB6BIA7A4AwAsAcAcAeASAQAJAHACABAACmCgCTBkBJBCAyAoApAeAcAcAOAUALAGACAAAC
2306702,CZCSCKCDBKA9A5AlAnAhAmAdATARAMAMAFADAACVCPCJB/BQBAA5AoAnAiAqAZATALAMAKAEADAC
2306801,COCXCTCCBHA2A4AtAqAXAkAWAaARAPAHAFADAACJCMCXB7BRBCA5AvAoAjAhAeAWANAHAJANAEAB
2306900,CLCOCKCABFA5A6ArApAbAhAfAYAWAPAJAFABABCICMCDB+BPBGA5AzAvAiAjAjAUAWAQAJAEABAC
2307007,ChCQCKB6BIA7A8AtAgAYAgAfAWAWALAKAKACABCZCDCAB3BQA+A+AxAjAgApAgAXAVAPALAGACAC
2307106,CxCSCDBzBFA1AyAwAqAdAaAXASASAMAJAEABAACsCQB/BpBRBEA6AzAvAjAiAdAVATASAKAEACAB
2307205,CiCLCLB6BRA5AyAwAtAeAeAPAWARAMAQACAAAAChCFCYB2BOA+A5AzAuAdAqAUASAQAOALADACAA
2307304,CVCAB5BmBCA3A1AsAqAgAfAZAUATAOALADACABCZCDCBB3BbBJBCA5A0ArAnAhAaAYAVAPAGADAC
2307403,CXCMCGBzBGA5AyAyAuAhAaAnAWAXATALACABABCYCKCBBwBTA+A8A2A0AlAgAfAXAZAMAFADACAA
2307502,CaCKCGB2BEA1AuAtAuAiAiAeAVAXAVAKAGABABCXCKCBByBRA/A7AyA0AnAlAdATAZAQAHAEADAB
2307601,CECGCOCCBOA9A6AwAiAeAiAgAVAQAMALAJABABB7CDCLCHBbBFBEA0AkAjAkAgAWASAMAIAGACAB
2307700,CfCOCIB2BSBBA2AuArAgAgAWASAPAKAHADABABCbCLCLB4BZBGA8AwAuAhAgAYAQAPAMAJADACAB
2307809,C2CdCOB8A6A2A3AuAkAbAUAlAUATAMAHADABABC4CbCQBuBGA1A2AyArAhAWAZARAQAKAHADABAB
2307908,CZCpCOB9BKBBAxAsAdAYAhASAQASAUAMAKABACCbCYCHBwBOBFA4AsApAkAbAVAVAXALAFAHAAAC
2308005,CfCTCYByA/AyAsAnAqAiAdAYASARAQAJAGACACCgCVCZB3BQA9A6AtAvAjAfAVASATARAKAFAEAA
2308104,CuCcCNB3BEA1AyAoAmAdAcAXASASAMAIADACABCqCYCKBwBVBBA3AuAuAkAhAXASARAMAHADAAAB
2308203,CeCTCjB4BAA2AuAmAhAhAdAgATAWALALAHABACChCPCIB2BTBAAvAoArAmAfAbATAUAPALAHACAD
2308302,CeCTCFB1BCA2AxAtArAgAdAbAVASAJAKAFACAAChCPCMB0BSA/AzA1A1AjAeAfATAUAQAJAHABAB
2308401,ClCKCIBuBHAyAxAtAoAgAZAeAWAVAQAJACACAAClCMCJBwBMBBA7A0AtAnAkAdAWAZAPAMAFABAC
2308500,ClCaCSByBBA3A3AuAtAdAfAZAPAVANAJADABAACdCTCNB1BSBAA8AxAuAeAfAaARARAKAIADABAB
2308609,CjCYCbB6BIA/A3AnAnAbAeAYAOATAKALADADACCaCPCZCBBMA7A4ApAnAiAhAVASAOAKAJADABAC
2308708,CdCcCQB8BMA9A3AsArAeAiAbATARAOAJAFACABCbCYCIByBNA+A4AuAqAdAeAYARAQALAHAEACAB
2308807,CpCWCLB8BLBBAzApAiAiAoAQAQAaAQAIAFADABCcCbB+BzBRA/A7ApAtAhAcAaAQARANAIADAEAA
2308906,CuCjCWB2A6A1A1AuApAbAdAZAVARARAIADABABCsCmCZBwA/A5A3AzAnAdAXAWARAMAIALACAEAA
2309003,CVCWCOCDA6AtAoApAmAcAZAcAWAVAQAJAGACACCUCRCSCABUA7A+AvAuAmAmAZAVAVAQAJAGABAC
2309102,CmCJCIB8BPA7AzAsApArAnAcAPASAOALACACABCXCQCOBxBIA9AuAxArAoAlAWAWAMASAIAJACAE
2309201,CjCSCLBuA2AtAwAvAoAeAcAaAWAQAOAPACAAABCdCcCQB8BQA9AvA1A0AnAeAiAZARAQAMAHABAB
2309300,CTCNCWCCBIA2AuAmAlAeAjAZAUAXAPAIAFACABCQCLCOCEBWA+A3AtAvAkAmAbAVASAMAKAEACAC
2309409,CjCdCbB1BQA6AyAoAnAcAbAXARAPAKAHABAAAACxCZCTB/BZA+A1AqAoAbAcAWAOAOAHAHACAAAB
2309508,CSCECDB2BIA3A9AqAwAaAkAcAUARARAGABABADCICKCOCEBYBKA9A4A1AkAlAcAUAUAIAIAEACAB
2309607,CjCTCUB4BIA8A1AsAqAiAfAdATASAKAKAEABABCaCNCQB2BTBBA2AuApAiAgAYATAPAMAIAEACAB
2309706,CzCUCJB1BUA9A2AtApAgAgAaASAQANAIACACAACoCRCDBtBSA/A2AtArAkAdAaARANAKAKADABAC
2309805,CdCICbCEBSA2AtAxArAoAlAiARAVANALADABAACTCGCFB3BJA3AqAyAqAqApAUARAMASANAHABAC
2309904,CZCLB9CFBNA3AuArAhAhAbAhARAYAMAHAGAAAGCYB4CKB1BVBCA2AxA5AlAgAlAUAZAOATAFAEAA
2310001,CiCJCOB4BGA2A9AoAkAdAfAjAbAVAJAJAEAEAFCjCNCCBxBNBMA+AvAgAhAkAeAaAQAJAKAFABAB
2310100,CWCNCRB5BWA6AuAsAwAnAhAcAXAPAPAIADABABCcCICTB1BLA8AyAsApAhAkAbARAWAMAKAGACAD
2310209,CvCjCYB0BFA1AxAuAqAmAiAYANAVAOAHAEABAACqCeCQBpA/A5AwAsAtAjAfAVASAOAKAJAEABAB
2310308,CkCbCfBwBEAzAyApAuAfAcAYARASALAEABABABCpCXCjB8BTA8A2AsAtAeAaAWAPAQAKAFACABAA
2310407,CXCmCSB7A6AzAzArArAiAmAfAWATAMAOAHABACCRCWCTBtBEA2A3AuApAlAmAWAYATAPAKAFACAB
2310506,CmCgCXByA6AyAyArAsAdAbAdATAVALAKACADABChCYCPB2BKA8A3AxAtAfAfAcASATAMAJADABAB
2310605,CyCXCJB5BPA7A3AiApAfAaATAXAJAIALAAADAACoCSCBB+BSBBA6AtArAiAbAcASANAPAHAFADAA
2310704,ChCdCWB/BOA3AwAqAsAhAfAbAPAVANAJADADABCaCPCTB8BJA7AzArAvAhAdAWAQAQAOAHADABAB
2310803,CrCYCRB2BDAyAxAnAlAYAfAZAXAPANAIAFABAACqCVCOByBRBAA5AuAvAeAiAcAQASAOAHAFADAB
2310902,CmCTCJBnBEA9A2A3AvAeAiAdATAZAPAOADABAACZCFCGBsBHBCA7A2AzAjAhAeAQASAPAJADABAC
2311009,CoCUCQB8BXA5AqAsArAdAiAVAWAMAMAKABABAACdCcCOB3BQA7A1A1ArAgAlAMATAPAOAEADABAB
2311108,CgCPCKBvBMAzAuAxArAcAZAYAVASAMAJACACABCoCQCIB1BWBAA4AxA3AlAfAYASAYAQANACABAA
2311207,CiCRCRB2BFApA2AxAtAdAUAeARATALAPAEAAACCiCNCTB1BNA4A6A2A2AjAdAcAQAWAOAIAGACAB
2311306,CWCSCTB/BNA8A0ArAsAgAiAbATASAOAKAEACAACSCMCMB7BRBAA3AvAuAfAhAYARATALAKADACAC
2311405,CKCTCWCCBKA8AzAuAwAfAfAeAUASANALAFADABCHCTCRB8BMA/A0AwAwAeAgAZASARANAKAEADAC
2311504,CdCPCCByBIBBBAAyAbAZAgAbAZATAOAOAIADAACSCRCEByBYA9BCA4AgAeAoAaAVAOASALAFAEAB
2311603,CbCSCQB9BPA+A0AqApAiAkAcATAPANAJADADABCYCQCNB1BPA/A1AtAqAmAgAcARAQANAIAEABAB
2311702,CSCOCWB+BAAtArAlAmAcAfAeATAUAUAQAIADABCKCQCVB8BJA2A2AwAtAmApAbAbAVATAPAGADAC
2311801,CVCMCQB6BGA4A2AwAiAaAeAhAVARANANAHADABCPCICGB4BSBEA+A5AnAgAoAeAaATALAKAGACAB
2311900,CiCTCQBqBKA/A2AuArAbAgAXARATATAHADAAAACnCRCTBwBUBEA5AyAtAaAYAZAPAVAQAHACACAA
2312007,CyCcCUB4A8A0A0AsAnAbAWAeAVAUAQAJAEACABCnCaCMBzBKA3AzAwAtAdAXAaAUARAOAJAFACAB
2312106,CyCdCWBzA9AxAxAuArAfAZAaASAXALAIADAAAACtCOCUBwBHA7A1AxAvAkAeAUAUAUAMAIAFABAC
2312205,CgCZCWCFBEA3AyAoAlAbAdAaAQATAOAJAFACACCgCTCWB8BOA5A2ApAqAgAdAbATARALAIAFABAB
2312304,CmCPCMBzBIA4AvAnAnAgAfAaAUARAPAKAEABABCjCPCKB8BPA9A2AwAuAlAgAaAVAVANALAFACAB
2312403,CvCaCOBuBMA7A1AsAsAiAdAeAVAXAOALADABABCqCQCPBqBGA1A0ArAqAiAfAXAQAVAPAHADABAC
2312502,B6B9CJB9BUA8A3A0AnAaAkAjAaAYASANAEAEAAB0CMB/B7BQA+BFA0AoAjAoArAbAZAPAOACAFAC
2312601,CaCaCTB+BFA4AyAlApAmAkAfARATARAMAHABAACMCSCNByBKA+AyAuAwAmAgAbARASANANAFABAB
2312700,COCKCPBxBFA2AuAwAwAeAgAeAWAYAPAMAEACABCOCGCJB3BRBCA/A0AzAjAlAeAbASAOAMAEACAB
2312809,CmCfCKByA8A1A3AqAmAiAUAdAVAVAKAPAEAGACCmCcCRB2BIA8A/AuAoAkAYAbAMAUARAIADAAAA
2312908,CWCMCPB7BLA5AzArApAgAeAXAPAPALAIAEACABCWCJCPCBBZBFA/AyAvAlAfAZARARAOAJAFADAC
2313005,CKCLCPB/BEA7AzAxA0AfAjAjAXAPAQAOAEACAACHCKCKB+BMBAA5AyAzAgAlAfARASAOAHAEACAB
2313104,CTCRCWB7BRA9AzApAoAfAmAYAPAVALAHAHACAACQCQCQCABQBAA8AwAoAhAjAaAUAQAHAIAFACAB
2313203,ChCTCbCCBGA2AyAkAnAcAeAaAQATAMANAFADABCaCSCQB5BPA9A2AtArAgAiAcASASAKAJAFACAE
2313302,CVCYCcB4BGA1A2AvArAeAeAZARAQANAFACABABCMCVCeCCBZBBA6AyAsAfAdAXAQARAKAFACABAB
2313401,CjCPCLBzBPA9AzAsAlAiAdAYAUATAMAIAFABAACgCPCLB5BZBBA3AvAqAkAeAWATAQAMAIAGABAC
2313500,CzCjCLBxBKA8AzAuAqAfAhAYARASAOANACABABCtCYCMBnBKA9AzAqAoAhAeAWATAQALAJADACAB
2313609,CjCQCDB3BUA4AyAmAqAjAdAcAQAWAMAIAGACABCfCLCKB6BTA+A1AvArAnAjAYAWASAPAHAGACAB
2313708,CwCLCHB6BJA2AuA0AtAbAdAhAUAPAQALAGAAAACfCKCFByBNBFA3AzA5AjAdAaANASAMAMACABAC
2313807,CiCcCUB4BNA3A0AtAtAhAhAVARAUAOAIADACABCiCdCOBtBHA6A2AsArAkAhAXAOARANAIADABAB
2313906,CtCkCKBqBEA6A0AuAiAeAfATAUAWAOALAEABABC0ChCEBwBLA+A4AyAkAjAeAUASARAMAFAFABAC
2314003,CNCSCVB3A/AzAzAxAxAlAhAaATATARAKADADABCNCJCLB3BQA7A8A6A1AoAfAbAWASAPAIADABAA
2314102,CsCbCVBuBHA0AwAwArAeAfAXAUATAQAJAFACABCkCVCMBvBGA4AxAyArAlAeAWAYASASAKADACAB
2400109,CRCNCNB9BMA5A1AkAsAfAfAjARAZATALALADACCPB8B9B9BQA9A2AuAtAiAqAdAYAXAPANAHAFAC
2400208,CUCGCIB7BPA3A4AqAkAbAeAbASAYARALAEADABCaCGCOB6BZA+A9AxAoAhAhAcAUAaAQALAFADAB
2400307,CGCUCOB9BNAtAsAoAqAlApAeAVAbATANAFACACCNCQCLCCBKAvA5AwAuAiAjAiAYATARALAFAAAB
2400406,CoCLB0CEBYAzA4BSAmAcAaAeAZAVAKAAAAAAAACUChCOBoAvBtAdBPAtATASAVARAPAXAIAGAAAA
2400505,CbCVCHB3BJA0AyAlAmAcAdAcAXAUAMAJAHADAAChCRCKCCBUBFA5AuAtAeAiAaASAQAIANAFACAD
2400604,CfCkCMCBBRA4A5AnAnAXAXAeAUASAJAPAEAAAACZCXCLBzBSA8A+AsAoAcAdAZAWAPAMAIAGAAAB
2400703,CZCNCaCBA9AmA7ApAhAhAhAoAYAhAaALAGACAACICFCDCCBMArA4AtAtAgAqAdAYATASANAGADAE
2400802,CTCFCSCABIAtAyAjAtAfAhAcAaAYAWANAIADABCFCCCPCBBKA1A3AxAvAjApAZAcAXATAPAFAFAE
2400901,CfCXCMB2BXA/AuAqAtAcAgAZANAYAMAIAEABABCfCUCAB5BcA9BAAsAsAiAcAWANAWAIAIADAAAC
2401008,CYCXCTCBBVA9A2AqAoAdAcAZASATALAJAFACABCVCQCQCABXA8A2ArAsAdAcAYAQAQALAHADACAB
2401107,CICACJB6BMA5A4AuAqAgAjAgATAVANAJADABACCIB7CHCDBUBABAA1AwAoAoAlAUAUAQAOAGABAB
2401206,CqCjCZB5BLA5AxAqAkAfAkAVAVAXAMAJACABABCpCbCQBmBHA7ArAxApAjAdAVARAUAOAGACABAA
2401305,ChCWCJB5BMA0A1ApAtAbAcAYAZAcAQAMAHACABCfCWCFByBLA8A2AtAqAfAcAXARATASANAGACAE
2401404,C5CjCSB1BTA/AzAoAmAhAaAVASAaAQAHAAACAACYCbCUBsBNA5AtAsAsAeAaAQAZAWALAFADAAAA
2401503,CjCGCcCIBCAvA0AvAZAiAlAgARAYAQAUABAIAECOCRCOBsBIA5A3AqAyAfArAZARAXANAIAHACAA
2401602,ClCPCHB0BTBBAyAoAqAaAlAVATAfAWAOAGADABCWCcCRBpBNAzA1AyAnAdAZAcAaAeAIAGADABAA
2401701,CbCICNB1BBA1AuAoAkAiAiAnAbATAYARAJABABCICKCMB4BEA3A3AwAyAuAfAgAXAUAUAOAFADAB
2401800,CkCUCLBvA/AtA1AsAtAdAiAfAeAbALAWAJAAABCHCbCKBvBCA2AzA0A1AjAlAbAWAQAUAJAJABAE
2401909,C2CmCIBlBbAzA1AzAnAdAUAfAkAZAOAIAKAAAACTCHCKBbBAA6A5A4AqAcAbAeAZATALAKAPADAC
2402006,B4ByCFB8BUA5A0AuArAdAiAeAUAXAPAOAGADABB6BvCHCKBgBPBDA0A2AjAmAiAbAZAOAMAFAEAC
2402105,CPCOCUB+A/AuAxAtAiAmAZAkAdAXARAQAFAFACCMCKCUBtA+A7A5AuAxAlAeAmAbARAYAQAIABAD
2402204,CjCeCTCABNAzAqAmAmAcAfAcAXAVAVAJADAAACCgCaCLBsBKA1AsAxAtAfAeAZAUASAZAMADACAB
2402303,COCTCEB6BJA4A2AtAmAeAfAhATAYARAJADABADCRCSCHByBVA/A8AvAyAhAkAgATARARAJAFADAB
2402402,CKB/CWCCBGBEA6AvAlAeAiAhAcAcARAOADABAACUB9CBB3BUA2A6AwAnAeAgAjAbAWAWAGADADAA
2402501,CQCICRCABPA1AxAuAmAeAmAfAZAXATALAHABAACUCMCLB+BMA2AyAyAoAgAhAiAVAYANAKADACAC
2402600,CkCLCGB0BNA2AzAuAlAfAdAeAZAYAOAJAFACABChCNCIBzBPA3A4AzAsAkAdAcAWAVAPAKAEACAD
2402709,CSCVCBB8BNA0ArApAlAcAeAoAZAaAPAIALADAACcCICLB6BQA5A0AuAwAhAkAeAeAWAMALACABAC
2402808,CgCICUBnA5AwAvArAtAbApAiAaAdAKALAJAAACCgCPCQBpA7A2A+AzA0AkAtAbARAbAaAHAEADAD
2402907,CVCNCUB6BNAvA2AoAqAaAcAhAZAFAUANAEAGAACkCbCNB5BMBBA6AuAxAgAkAcAUARAHAEAAAAAA
2403004,CJB+CMCPBNA/AtAnAkAaAiAaAfAWAXALAHADACCCB9CMB2BGA/A/AsAuAjAkAmAWAbARAKAJAIAG
2403103,CVB/B+ByBLA5A9AuArAdAeAcASAYARAKAFACAACQB/CGCDBXBJBAAyAzAgAlAbAWAWANALAIADAC
2403202,CnCTCGBzBFA+A0AnAkAaAkAaAQASAKAHAEADABCzCJCZByBOBIAzA5AnAhAkAZATAPAJAHAFABAC
2403251,CZCBB7B6BmBLA9AsAmAbAbAZAUARAKAKAGACAACTB8CBB8BjBNBFAzAsAdAgAWATAQAMAJACACAB
2403301,CgCGCbBzBDA5AyArAuAnAtAZAUASAIAGABAAAACeCTCUCBBQA5A3A3AvAdAmAPAPAPAKALAEAAAA
2403400,CcCQCPB4BMA+A3AjAhAaAmAhAWATAUAMAIABAACYCSB7B8BEA/AvArAxAlAfAfANAhAQAKALAAAC
2403509,CnCXCOBmBJA0AtApAlAfAbAhAYAUAXATAGABAACgCZCTBpBKAzAxAyA2AeAdAUAbAJAdAMAGAAAB
2403608,C1CaCRBpBHAzA0ArApAeAhAZAhAVASAIAGABACCmCdCEBVBHA1A2AxAnAlAgAeAZATAQAHADACAE
2403707,CRCWCSB7A/A+A3AsAwAcAeAbATAUATANAEAFAACTCNCKBwBPBDA7AxArAdAgAaATAQANATAEABAD
2403806,CgCACFB4A/A0A4ArAnAaAjAaAcASAWAPAHAJACCbCKCKByBKA/A6AtAsAaAmAZAhAZAQAKAKACAD
2403905,C5CkCZB8BFBABBApA4AWAcAYANANALAGAAAAAACaChCPBiBTBBA1AwAxAWAiASAQAKAHACAAAAAA
2404002,CaCnCbCIBCA1AwAqAmAdAdAZASASAJAQAGAEAACcChCLBvBIA/AyAqAuAcAbAcARAXAMAFAGACAA
2404101,D4BaC4BLBWAtAQArAzBAAeAmAWAOAAAVAAAAAACjCiBmBNBdA1AzAeAiAjBYAdAoAFAAAAAKAAAA
2404200,CzCeCHB/BUBBAzAqAkAaAZAWAUATALALAFABAACjCYCHBuBQBBAyAxAmAeAaAVAOAWASAGAEAAAB
2404309,CMCMCVB+BYA1AzAvAqAcAiAfAZAZARAHAGAEABCGCPCIBtBUA1A/AuArAkAiAdAYAVANAJAEABAC
2404408,CACDCQCEBTA6A1A1AqAhAmAcAbAQASAMACABABCACHCUB9BPA5BEAzAsAfAhAgAWATARAHACADAA
2404507,CdCeCYBzA9A4AvA1AnApAcAZAYAfAJANACAAAACWClCdBWBMA1A/AwAlAaA0AQARAOARAGAHAAAA
2404606,CgCYCPByBMA3AyAkAqAkAtAZAZAXAYALACAAACCVCVCEBqBCA0AyAvAvAoAjAYAbATAQANAFAAAC
2404705,CsCHCKBzBWA+A5AsAhAbAdAfAQAYASALADACACCsCQCKB4BOA1A7AmAjAeAWAlASAZANAEAFAFAB
2404804,BhB2B+BuBeBiBGA8AhAwA5APAcAaAQADAEAAAAB2B/BjCMBeBRBBA5AiApAoARAYANAFAZADAPAA
2404903,B3CRCPCLBWA0A3AdA3AfAQAlAWARARAQACAAADCCCPCRCMBbA/A5AsAvAcAdAiASAJAUARAAAAAA
2405009,CQCZCNBbA4AyA4AtAqAaAdAqAaAcAYAUAEABAACSCHB9BrBEA+A3A7A0AbAjAoAoAVAWALAHACAE
2405108,CWCWCJCBBfA3A5AsAmAcAhAjAeAZAJAEABAFABCmCLCIB3BQA2A5AvAnAeAgAMAQAVASADAEABAC
2405207,COCNCLCLBLA5AvApArAcAiAYAWAVAPATAFABAACpCKCMBwBXA2A/AvArAeAcAaAYANASAIAEACAA
2405306,CsCTCFBtBEA3A4AlAsAeAmAYAcAZATANAEAAAACXCRCRBxBCA5AvAsAyAkAWApAcAWAQAHAEABAB
2405405,ClCYCWB1BLA1AsAsAoAcAbAeAVALATAEADABAACoCbCiB7BCA0A7AvAqAUAiAZATASAMAGACAEAB
2405504,CBCbCSCCBbAwA8A1A1AmAqAVAdAiAcANACAAAAB5CLCEBwBBArA1A6AuAkAQAaAaAWALALAIADAA
2405603,COCHCKB2BVA8AxArAuAjAjAfAVAWAOANAOACAACDB7CPB4BSA7A6AyApAmAlAeAXAVASAMAJAFAA
2405702,B2BxB6CCBUA8A5AsApAgAmAaAYAZAYAPAJAFABBtBuCJB/BjBJBDAyAuAiAhApAVAfAcAKAIAFAE
2405801,CeCUCFByBIAyA4AsArAeAdAfAXAWARANAFACABCaCUCIB2BLA5A9A0AuAeAdAbAWATAQAKAHABAB
2405900,CeCaClBlBeA9AuArAuAfAgAeARAHAPAHAHACAACeCQBYCJA+BpA2A1AtAfAZAbANAMAKAMAGAAAA
2406007,CRCRCHBwA5A1AuA1AyAiAkAbAOARAYAHADAFABCOCGCeB4BIBIA3BBAwAoAiAWAUARATAJADADAD
2406106,CYCVCHB8BPA0AzAsAmAeAhAfAXAVATAOAEAEACCSCACIBzBVA3A3AvAtAhAmAbAYAZARAMAHACAC
2406205,CvCaCUB4A4A1ArAfAmAjAYAhASAfAQAMADABACCyCZCPB5BGAqA4AuAqAjAhAaATAXAGAJAEADAB
2406304,CgCdCYB0BDAoAwAmAqAgAlAfAkASAQAHACABAAClCSCYBwBEAwA4AuArAhAaAfAcASAOAFAAADAG
2406403,B/B6CZCHBnBJA8A2AlAdAjAhARAMAVAKAAAFAECQBxB/CDBXBGA1ArAtAnArAMAFAZAFATAIAAAA
2406502,C1CaB5B1BAArAyArAqAbAWAhAVAbAQAJAFAHACCjCYCEBtBHA8A6AvA0AeAoAUAfAPALALAHAHAB
2406601,CpClCRBoBNA5A6AnAqAWAjAdAbAYAOAHABAAACCoCWCTBoA/A3A1AnAsAfAjAXAYAPAIANAGACAC
2406700,CICFCQCCBRAzAyAuAqAdAkAjAgATASAQACADACCJB6CNB5BQA4A6AzAsAiAlAhAWATAJAOAHAGAD
2406809,CDCQCSB6A4A7A3ArAnAfAeAeAZAdAOATADAIACCPCWB/BnBLA7BDAvAvAhAfAoAWAOANAOAQANAA
2406908,CrCnCUBpBGA8AxArAjAXAbAaAdAaAOAIAFAAAACwCYCQBoA/BGA1ArAjAaAuAaAFARANAIAIAFAA
2407005,CcCRCPCFBFA+AvApAkAfAbAWASASAPAKADACABCcCKCPB3BXBLA3AyAuAgAjARAWAYAJAIABACAA
2407104,CfCQCQB4BIAyAvAqAlAeAeAdAaAYAQAQAHACABCYCKCKByBOA9A1AwAsAgAjAcAbAWAQAJAEACAC
2407203,CAB9CQCABTAwA1AyAqAiAiAdATAWALANACACAACGCACMCKBcA4A7A4AxAmAkAfAXAVALAPACABAB
2407302,CTCFCJB9BCBIA7AtAoAaApAdAUAUALAOADADAACMCECJB4BVBSA7AwAwAfAiAeAXARAJAJACADAB
2407401,CVCVCQCCBKA3A1AoAsAcAjAXAZASAPAHAFABABCQCSCLBvBKBEA4AwAvAfAoAZAXAWANAKAEACAC
2407500,CvCaCLBlBMA2A0AyArAhAeAcAWATAWAJADAAABC2CUCFBlBDA8A5AvAuAmAdAWARAVAPAGABAAAC
2407609,CuCZCAB7BOBFA8AqAiAdAdAOAVAXAPACAAADAACtCNCVCDBVBAA8AjAjAcAdAYAVAGAFAIAGACAA
2407708,CmCaCbB/A7AnApAmAiAiAgAWAcAbAUAUADABAAChCfCQBkA7AuAsAtAqAlAZAkAbAaAcAOAEABAC
2407807,CXCdCMCJBHAqAtArAnAgAgAZAaAeAOAQABACAACVCeCTBxBDAwAzAwAxAiAbAcAdATAPAKACACAB
2407906,CcBrCXBwBJA7AvA6AqAqApAXAYAOAUALACAAAACjCcCHCIBWA8AvAnA2AgAeARARARALAKAHACAA
2408003,CWCBCHB6BWA8A5AtApAcAhAYASARALAHADACAACQCACKCIBlBLBBAzAuAhAhAaARARAMAHAEACAB
2408102,CFBtBxB3BjBJA9AvAnAdAcAZATAQAJAFADABABCCBtB5CPB4BcBNA5AyAlAkAdAXASAMAJAEACAB
2408201,CTCfCUB3BDA0A1ApApAgAZAmAhAYAQAMADACABCbCKCGBdBEA6A1AzAuAnAgAdAcAZAOAUADABAC
2408300,ChCTCPBrA5ArAqAqApAgAgAZAaAdAQANAFACABCeCVCSB2BFA1A4AyAtAnAgAgAaAXASAOAHACAB
2408409,CXCTB7B8BJAwBAAtAtAXArAWAYAbALAJAHAAAACPCbCQB+BKBEA5AzAlAkAeAgATAQAPAIAEAAAA
2408508,CCCCCHCIBaBAA3AhAjAZAkAlATArARAPAKAEAACEBoCEB2BXA6A5ApAtAkAtAfAWAiATARAHADAA
2408607,ClCXCHB2BCA9A0A9AmAgAjAQAYAJALANAHAAAACzCaBxBzBMBMAzAuAyAgAXAWARAJAZAOADAAAA
2408706,CRCaCOB7BSAzAlA5AxAjAhAcAZAVAOALAKADAFCJCECOB3BGAyA0A8ApAgAqAUARAZAKAWACABAC
2408805,CfCRCPB/BbA1A6A4AdAVAaAqASAQASAKACADAACpCaCOBtBGA7A7A0AgAZAeAkAHAVALAHAAAAAA
2408904,CFB0CAB9BVBCA5AnAjAfAkAhAYAfANAPAIAGABCCB1CEB4BZBAA4AuAwAkAsAfAcAiARARACACAD
2409100,CXCeCVB9A+AnAtAkArAgAeAcAaAfAJAGADACABCgCRCfB8A+AyArA7AoApAcAcATAgAQAOADABAA
2409209,CYCkCZBtAyArAsAqAnAbAhAdAaAmAmAJAAAHAACLCgCCBtA9AsA7AxAmApAaAiAbAWApAMADAAAA
2409308,CXCZCOByBEA6A3AnAsAeAcAcASAUASAJAHACABCbCXCOB7BQA9A+AyAoAbAiAZAUARALAMAEACAB
2409407,B6B/COB2BFAyAwAsAuAfAhAcASAVASALAIACACB/B/CVCRBgBNA/A0A1AjAgAcAVAWARANAFABAA
2409506,CqCzCEBtA6A1A4AwAjAZAdAZAcApAGAEAIAAAAC4CdB/BdBABAA6AwAjAiAYAmAYAVAOAAADAEAA
2409605,CfCVCMCKBQA6AvA5AkAmAfAvAXAYAQAGACAAAACRCLCQBuBPAxA0A2AfAdAjASATAbADAJAEABAB
2409704,CaCWCUB/BKA2AxAvAnAgAkAfAfAaANAIACACACCOB/CFB7BMA2A2AxAtAhAqAXAWAYAJAJADACAB
2409803,CaCRCPCBBFA0ArApAmAeAdAiAaAYAcAUAFABABCWCSB+BvBBA1AuAwAsAiAjAgAQAeAXAVAEADAB
2409902,CICCCQB9BNArAyAyArAaAtAaAeAXAcAMAGACADCDB9CNB6BOAyA+AvAtAkAlAiAXAcAMANAJAEAD
2410009,B8DKB/BfBNA1A4AcAtAbAvARAOAGAjARARADAJCVByBpCJBBBSArAjAnAeBAAwAVATAbAOAIAAAA
2410108,CjCjCNBxA+AsA4AnArAcAXApAXAjAQANAGABAACpCOCGBqBBA1A8AwAkAgAZAmAaAbAQAHAFAAAC
2410207,B3CJCOB/BaA6AsAoAoAdAyAVASATAQALAGABAGCECCCNCHBdBBAzAsAyAnAiAgAWAOAXALAGADAD
2410306,CgCLCNCBBMAvAnAsAnAjAYAkAeASAXANAFACAACdB+CXBvBLA1AwAvAyAmAbAlAUAdAPAMAEAAAC
2410405,CmCRCPBpBFAvA4AsAnAaAfAcAfAiALATAEABABClCXCFB0BKA4A6AyAqAeAcAbAVAXAKAHAGAAAC
2410504,CIB3CcB8BCA8AqAuArAfAmAgAZAPAKAQAIAAAACRB8CjB/BMBJAqBEApAhApAlAXAJASAHAFAAAA
2410603,CQCpCRB6BFA0AzAqAmAiAeAlAdAPAOAIACACAACQCWCXB8A8A9A1AuAqAeAhAdAXAUAUAKAAACAA
2410702,CXCSCjBxA6BGA+A1AqAiAbAWAIAKALAYAHAEADCRCkB7B9BGAZBSBAAsAOAzASAFAbAJANAGAEAD
2410801,CfCZCcB7AwAxAuAwAxAmAnAUAbAUAFAKAFAFAACQCjCPBiBEA+A6A1A2AjAiAXAQAKAVANAFAAAA
2410900,CdCUCLB/BHA4AoAuAnAdAfAZAXATAUAKAFACABCvCSCPB3BJA2AxAtAqAgAbAhASATAUAIAFAEAB
2411007,CRCVCjCFBWA6A5AxAgAjAYAXAOALARAEAEAAAAClCPCJCIBkBAA1AyAkAhAUATAOAFAJAGABABAB
2411106,CrCSCqBxA+A0AsAtAsAaAfAaAZAVAMAMAGAAACCvCQCQBjBdAxAqArAsAlAWAbAXASAJAFAJAFAF
2411205,CWCDCGByBGAzA2AuApAfAiAaAaAZAPANAGADAACRCCCNB1BUA/A/AzAyAkAjAcAXASAVAOAFADAC
2411403,CQCTCGCABEAxAwAqAnAhAjAdAdAXAUAMAGACABCRCOCKBzBNA5A4AvAtAiAoAeAeASAOANAGAEAA
2411429,ClCXCqB0BEA8A8AuAwAYAeAbATAaAGAVAAAFAECTCRCIBzBHAzAwA0AjAMAeAwAlAHASACACAAAA
2411502,CkCaCVBxA4AwAyApAoAgAbAcAUAaAQAOAHABAACqCWCGBwBAAzA5AwAuAjAgAaAYAYAQAPAFACAB
2411601,CdCWCAB1BFA3AvAnAqAaApAaAWAcATAPAFACAACkCXB6B3BFA3AzAuArAlAkAiAZAaANAOAEACAB
2411700,CbCUCJBqBOAxAqArAvAaAiAeAgARAOAVAAAAADCcCQCRB6A+A6A/ApAoAoAsAhASAdALAJAEAAAA
2411809,CACCCVCSBZA+A+AwAtAkAiAfAeAcAKALACACAAB6B+CABsBZA/AyA0AoAYAgAhAXAeASAJAEADAD
2411908,CNCSCaByBZBIBFAnAsAZA2APAMAeADAEANAAAAByCMCcBvBeBMBCAtAnARAsAcAbAAAKADAEAAAA
2412005,CsCTCHBwBRBAA4AwAjAZAeAbAYATAKAKADABAACqCSB/BoBUBDA9AyAnAfAdAZAVARAOALABACAB
2412104,B/CIB9B3BYA4AzAzAwAZAbAgAeAbAZAQAGAEAABzCACRB2BJA9BKApA2AXAhAqAnAVALAQAJAGAB
2412203,CYCWCNB0BOAzA1AqAnAbAcAcAfAcAUALADACABCTCVCJBsBIA4A2AzAoAiAeAeAbAdASAJAEAAAC
2412302,ChCKCWByBNAtAyAqAvAdAdAYAZAbARAKACABABCUCRCTB2BGA7A0AxAyAfAfAaAgAUASAJADACAB
2412401,B8CCCEB+BfBEA6AkAwAiAcAeAbAiAKAJANAEAACKCICFB6BNAxBOAkAwAhAlAXAfASAPAKAGACAD
2412500,CUCOCQBwA/A1AyAmAlAcAjAaAVAQATAIADABABCZCUCcB/BZBFA8AwAzAdAqAVAQAWAPAGAEAAAA
2412609,CYCLCUB9BIAvArAtApAgAlAeAZAWAUAKAHAEACCNCMCLB3BKA3A2AtA0AlAiAdAWAWAUAJAFADAB
2412708,ChClCLB2BHAtAvAsAoAZAlAdAlAWAOAFAGAEAACWCYCLBtBGA4A6AzAqAgAjAXATAaAIAHAMAAAC
2412807,B0CVCPCBA/AtAxAfA2AhAjAmAhAWAYAOAJAFACB9CACJBuBMAyA2A5A3AkArAcAaAeAVARAIAEAB
2412906,CGCLCEB7BIA7A0AsAsAfAnAbAdAYAQAQAGACAACLCOCAB1BMA/A7AyAwAlAeAjAeAWAPAMAGABAB
2413003,CPB3CNB5BTAzAuAvAjAjAdAZAcAfAWAOAPADAACBCDB2CMBRA/A3ApAuAcAtAjAUAaAaASAEAEAC
2413102,CcCcCSCABEA6AtAjAsAoAeAXAWAXAKARAEADABCiCBCqBaA9BEAxA3ApAjAeAXAVAQAOAQAIACAA
2413201,C1CdCMBjBTBFA0ArAsAPAQAaAjAXAKAEAKAFAAC4CKCeBLBHAvA6A6AOAVAWAyAmAgAFALAAAAAE
2413300,ClCVCaB3BDAwAuAoApAYAfAbAXATAJARAGABAACbCWCdB4BIA2AxAxAqAiAdAdAaAVAKAJAHABAD
2413409,CICNCTB/BGA+A3ApAqAiAWAmAPAcANAOAIACABCXCHCCBvBLBDA3A0AzAlAaAkAPAZAQAJAFAGAC
2413508,CrCqCXB0BBAwAtAsAjAeAeAbAQAaAUATADABAACyCYCMBhBGA1AsAtArAlAbAQARAZASAQABABAB
2413607,CbCkCHB4BoBPA7ApAhARAXAkAMAcAIAJADACAACiCPCIB0BUBLA7AlAoAXAiATAMANAJAGAFABAB
2413706,CvCVB/B0BOA/AvAuAiAbAcAiAWASAUAJAEADABCkCGCOB2BRA0A0AtAvAfAeAmAPAWARADADACAB
2413805,CdCkB/B+BNBLA+AvAlAXAvAUAPAaAKAAAAAFAACeCaCSBwBFBGA9AmAmAhAmAOAYAQAHAFAAAAAA
2413904,CjCXCWBwBCAvAvApAqAeAhAfAaAZATANADADABCfCSCIBwBAAwA2A3AqAhArAXAgATANANADABAB
2414001,CjCXCKBvBGA0A2AqAsAgAeAWAiAUAQAHAEABABCVCHCPB0BNA/A8AuAuAhAbAfAdAPAVAJAAAAAD
2414100,CqCYCKBwBNA9A3AzAoAaAZAaAPAVAMAIABABAACjCSCQB3BaBHA8AuAuAcAgAPASAQAGAFADABAB
2414209,CtCsCTBnBMA3AuApAjAgAbAgAXAbAVAFADAAAACoCMB1BzBCA1AyAxAoApAfAdAZAfALAKAFAEAA
2414308,B/B+CMB/BQA0AvA4AvAUA9AdA7ARAVAFAAAAAABzBuCLCIBABGA5A7A1AYArAdAgAUAAARAPAAAA
2414407,ClCTCNBqBCA4A3AzAsAfAjAZAdAaAOAOADABABCkCVCJBhBCA4A7A2AsAhAfAaAZAYANAHACABAB
2414506,CKB/CPB5BWBFA0AqApAfAaAbAWAVAKAIACADABCUCACQCGBxBHA5AuApAiAWAhAaANAGAHAFADAA
2414605,CmCfCNB8BGAzA0AtArAcAiAaAXANAXANAJACAACeCRCNBvBDA4A3ApAtAjAdAZAQAYANAIAGAEAB
2414704,CXCWCVCEBAA4ApAqAoAkAkAWAhAYAcAKACAAAACNCMCGB1BEAvAzAsAwAkAkAYAZAQAnAJAGABAC
2414803,CWCcCXB5BAAvAuAkAnAlAqAdAfAOAOANAIACADCPCRCjBgA+AuA6AwAqAuApAXAgARAQAGAFAEAC
2414902,B8CKCcCFBVBaAyAiA3AMAeApAQAMAAAQAAAAAACYCOCeCJBKBFAyA1AsAiAXAQAFAFAQASALAAAA
2415008,CUDLB7BsBoAeA0A2AlAQAfAhANANAQARAJAAAFCkCfCdBpBGA0A4ArAWAdApANAAAKAZAVANAFAA
2500106,CaCfCPB2A4A4ArAuAkAmAcAUATAQAQALAEAAAACqCWCUBtBLA8A+AwA1AlAjAaAVAQAJAMADADAA
2500205,ClCnCWBhBBAxAsAuAtAfAeAXAOAbAPAIACACAACiCaCVB1BOA7AwA5AuAlAYAbAQAUALAJAEABAB
2500304,CcCTCMB2BBAvApAkAmAeAdAdAbAYAQALAIACABCgCTCNBsBJA1AxAwAvAmAlAiAcAaAQAQAHADAB
2500403,CTCVCRB1AxApAmAkAjAgAeAeAgAeAPARAHACACCXCfCPB0BAA2AwAwAsAkAqAgAiAaAWARAHACAC
2500502,CgCiCOBsBBAvAsAkAiAdAiAcAaAeASAJADABAACrCcCOBgBGAxAyAuAvAiAhAhAhAXAQATAFABAA
2500601,DACWCLByBQA4AzAnAoAgAnAcAXAeAOAKADAAABCjCXCKBlBIA4AvAsArAhAdAdASATAFAHABAAAB
2500700,CZCQCIB8BBA2AzAsAsAfAfAdATAZAMALAEACAACTCNCJB4BSBDA5A2AyAiAiAaAUAUAKAKAGACAC
2500809,CjCbCWBqA1AqArAkAoAgAiAgAYAdAUANAGACABCiCXCLBoBAA0AvAwAxAnApAiAcAZARANAGABAB
2500908,CRCJCMBmAtAoAmAtAkAgAhAiAcAgATAKAEACACCWCTCPByBSA0A4A1AyArAsAgAcAlAXAKAHACAD
2501005,CpCSCbBnA8AqAsApAnAcAgAdAXAZANAJAFADAACkCWCXBzBHA3AzAvAwAhAfAiATAYANAPAHADAB
2501104,CqCUCMByBDAvAtAkAiAdAfAbAYAdASAOAEADABCjCRCJBuBLA2AyAsAsAkAkAeAbAfANAOAFACAE
2501203,CnCUCGBhA9ArArAnAnAeAXAeAgANANAOAGAAACCrCYCQB2BMA+A8AxAxAiAjAcAbAYAWAJAEACAB
2501302,CbCUCRBsAyAvApApAkAfAiAfAYAXATAMAFACABCYCXCUB2BJBBA1AtAvAlAmAiAZAaARAMAFABAB
2501401,C0CuCFBkBAA0AsAmAdAoAkAZAbATATAMADAAAADACbCJBlBFA3AvAvAsAiAoAUAaARANAFADABAB
2501500,CbCWCJCGA/ArAmAiAlAhAcAkAbAaAPAMADABABCeCOCRB4BJA1AvAsAtAnAjAiAWAbAPARAIABAA
2501609,CnCVCIBzBKAxAyAqAsAdAjAaAZARATAGACACACCuCUCDBsBOA6A5AxAuAjAmAUAXASALAJAEACAB
2501708,COCJCNCBBGBAAzAvAjAgAeAdATAgAUANAIAEACB/B+B/BoBSA8A4ArA0AnAjAkAjAUAeAOADAEAD
2501807,CjCLCIBxBRA/A1AuAqAdAcAVASAQAIAHACABAACbCKCKBzBdBLA/A0AzAhAfAcAXARALAIACABAB
2501906,CeCYCJBlA0AuAsAmApAjAiAgAWAhASAPAEADABCgCMCABqBBA8A0AyA3AkApAkAfAXATARAHAGAB
2502003,CvCaCNB9BFA2A3ArApAYAZAcASAVAJALAHAAABCoCgCIBtBQA8A2A0AlAaAjAQARASAQALADAAAB
2502102,CxCZCHBzA7A2AuAjAgAeATAhATAaAZABAHAAABC7ChB2BnBXA+A6A0ApAeAhAcARAcAOAJAEABAA
2502201,ChB/CJCGBKA6ApBBAwAiAwAlAGAMAGAPAOAGAACbCNB4BvBNA5AuAxAoAiAwAfASAJAUARAFAAAA
2502300,CaCRCPB5BLA5A1AuArAYAeAVAVAUALAHAFAEAACUCYCNCFBNA+A9AyAsAgAXAfAbALAJAHAHAEAC
2502409,CyCcCQBsBAAzA1ArApAcAZAYASAUAOAPADABAAC3CaCIBrBLA/A1AxAwAeAgATAWARALAMABABAB
2502508,CTCOCLB4BFA1AyArAnAdAiAcAdAbAQAJAEACABCRCWCPBzBPA6A5AvApAjAiAfAdAWAPAIAFACAC
2502607,ChCoCgBvBJA7A0ArAmAZAiAVANASAQAIAAACAACLCVCSB4BaBBA2A1AtAdAfATAPAYAJAHACABAA
2502706,CYCfCOCCA8AnAoAaAkAiAgAaAVAjATAJADADAECVCRCICMBKAtArAsArAsAjAbAaARAWAbAHAEAC
2502805,CfCRCLCHBTA5AxAnAqAbAbAbAVASAPAFAFAEACCVCQCQB9BUA9AzAwArAfAeAbAWARAKAKACABAC
2502904,CfCkCRB/BNA9AxAtAqAXAlAQAPATANAPAGAEACCSCcB+CBBKBEA2AyApAeAcAWANAWAKAIADAAAA
2503001,CzCaCGB7BOA5AuAnAxAlAbAdATARAPAKADABABC3CiCIBfBSA8AwAtAuAgAaAWAQAOAJAFABAAAB
2503100,CRCECOB1A/AvAuAqAlAcAcAfAYAbATANAKAIABB+CMCYB5BSA7AyA3AqAgAqAcAdAZAaAKAMADAE
2503209,CPCEB/CABQA7AtAnApAhAnAbAWATAJANADABAACOB/CCB2BgBGA7AwA4AvAtAaAaAQAQAMADADAA
2503308,CgCTCLBxBOA2A8AtArAaAoAXAVATARAPACACAACcCFCJB4BKBBA/AyAuAkAeAWAWARANAJAEAAAA
2503407,CkCdB/B8A8A7A1AmAkAVAeAoAXAgAIAXAFAEAACHCgCUBoBFA4A4AlAgAqAbAlAZAYAPAJAMAEAE
2503506,CkCgCOB3A5AoAqAqArAgAgAWASAYASAKAFADAACiCYCWB8BHAzAyAyAxAiAlAXAUAYAOALADACAB
2503605,CWCdCWB1A9ArApArAlAfAjAhAVAdAXAJAFAAABCYCNCXB1BCAxAyAwAwAjAqAaAVAaATAQAEABAB
2503704,CNCDCGB1BGA4AxAsAoAhAdAfASAVAPALAEACABCLB9COCBBbBNA/A1A0AmAmAhAUAYANAJAEACAB
2503803,CtCfCKBpA4AwAuArAuAeAVAiASAbAXAQAFACABCeCVCCBcA8A8A3AvA4AqAeAnAXAVAVAVADAAAB
2503902,CRCKCBBlA1A0AzAnAuAaAcAmAYAkARANAIACAACOCSCVBxBBBAA8AqAsAnA2AiAkAUAaALAIACAB
2504009,CIB6B9BzBXA+A0AqAoAeAeAcAVASAMAJAEACABCJB8B/CDBlBQBDA2A0AnAmAfAZAWAOAMAFACAC
2504108,C4CJCXB1BLBEA2AhAZAXAjAjAKAhAPAOAGAAAADIBtCqBqBCBEAaA7AsAsAhAgAOAGAAAIAAAAAA
2504207,ChCfCBB/BNA/AnAjAkAdAaASATAcATAQACADAACvCVCHB1BPBCAuAqAvAiAWAgAVAdAIAGAEAAAA
2504306,CUCSCSCDBIA0AuAqAnAcAgAWARATAMAKAFADAACXCFCPCGBaBDA6AwAsAgAlAYARAVAMALACACAB
2504405,C1CaCKBwBJA6AwAuAkAcAWAaAQAXANAIAEABAACtCZCLBwBUA/A4AyAoAgAbAaAPAUALAGADADAA
2504504,CXCZCRB6BdAxAqApApAdAmAZARAYALAHADACACCXCTCQB1BTA9A6ArAuAeAiAZARASAPAFAHADAD
2504603,C5ChCJBuBUAyAvAiAqAiAnAaAbAeALAKABABAADBCaCIBfBEAzAyAnArAgAbAiAQANAJAGACABAB
2504702,CBCYCHBuA+A8A5AnAnAbAoARAaAQALAMAFAEABCWCWCTBeBOBRBLA5ApAkAnAbAZAUAOAKAKAAAD
2504801,CXCSCFB6A/A2AwAmAkAfAcAWANAcAUALAEACABCZCZCUCABOBAA8A2AwAlAbAcAVAVANAKAEABAB
2504900,CxCjCTB1BQA2AwApAoAfAfAXATAXAQALADACACCtCYCFBnBHA1A6AmArAhAYAbAPAXAMAJADABAB
2505006,CSCMCTCBBMAyA3ArAsAdAXAjATAeALAKAGABABCTB6CNCHBNA3A4AyAsAiAnAZAYAbALAIAGABAE
2505105,CSCPCJBxBDAzAuAtApAgAlAfAbAVAPALAIAEABCQCICNB3BOA/AzAzAzAlAgAlAbAbAPAJAFADAB
2505204,CsCKCKBtA6AwAlAjApAaAlAfAeAZASAOAHACABCkCRCIBvBFA6AwAtAeA1AiArAdAXAWAPAFACAA
2505303,C7CmCWB3A7BEAwA2AmAaAVAVAVAPAJAKAAAAAACwClCDBsBEA7A0A9AtAdAMAhANAOANAGAAAAAC
2505402,CtCUCIBxA2AwAsArAoAZAfAYAUAdAPAGAFABABCsCYCSBtBKA8A0AzAwAiAgAdAVAeALAMAGADAD
2505501,CnCQCGCDBGAXA4AqA1AJAaA1AUAaAIAKACAGAACbCBCbCWBAA/AoA1AuAgAgAqAVARATADAAAAAC
2505600,CqChCHBvBEA2AwAoAlAcAbAYAQAeAPAFAFAAAAC8CWCGBwBXA/A5AsApAbAiAYARAWALAKAFAAAA
2505709,CyCeCdBsAnAiAmAhAmAdAmAaAcAYAPANAGAAAACcCoCaBmA/A1A4AwAsAlAiAlAZAYAPALAFAFAB
2505808,CTCBCLB3A2AqAuArAsAgAqAaAaAhAWATAFABAECICMCGB2A9A3A1A7AyAjAnAjArATAZAKAHAFAE
2505907,C4CkCVBpBQAzAzAxAnAWAYAWAbAVATAFABADACCnCmCABUBPBVA2AsAmAgAXAPAaAVAIACAEACAA
2506004,CiCSCLBpA5AuAsApAnAbAhAgAdAVAQAKAGACABCaCJCIBzBOBBA3AxAxAmApAhAbAUAWAQAIADAB
2506103,CZCgCFBwAzAsAsAhAmAZAhAYAhAeAXALAJAAAACeCgCRBxA+A5A5AtArAkApAeAjAbASAKADACAC
2506202,CMCTCCB5BFA4A1AwAnAdAdAzAWAtASAMAHAFAACFCECDBhBDA6A+AvAxAdArAXAXA1AJADAKAHAD
2506301,CVCPCIBqBDAxArAoApAgAhAgAZATARANAFACAACUCNCMB3BPA8A1A0AxApAnAgAaAXATAQAHACAC
2506400,CpCZCVBxBBAwAsAlAnAfAhAXAZAZAPAKAEABABCgCaCSBpBIAxArAvAvAlAlAgAZARATARAEACAB
2506509,CFCVCXB8AzAxAsAoAfAbAnAhAbAYAPAMAKADACCHCOCUBrBLA/A3AwAzApAmAdAiAXAPASAFACAG
2506608,CXClCRCBA+AyAkAvAuAeAXAVASAgALAMACAFABCJCWCVB2BMA6A7A3A8AeAeATAWAeALAGADACAA
2506707,CxCfCUBxA8AzApAqAnAdAZATAPAdAMAJAAABAADCCeCWBqBLA5AzAxAsAdAbAaATAWANAFABADAC
2506806,CiCVCGByA8AvAqAlAhAdAiAgAfAcAOAPAEACAACfCRCJBqBFA8AwArAuAoAnAlAiAXAUAOAHADAD
2506905,CLCICSBwA9AtAtAnAqAiAgAgAeAXAUASAFACAACHCECHBzBRA6A7A0A2ApArAjAdAaATAQAGACAB
2507002,CjCeCNB0A+AwArAoAmAfAfAbATAbALAJAEABABCcCOCNB7BTBAA4AzAwAlAkAZASAPANAKAIABAC
2507101,CjCaCYByA6ArAoArAmAhAiAcAbAYARALAGACABCiCUCWBqBBAyAyAwAwAmAfAfAZAWAOANAHABAD
2507200,CoCbCDBpA7A2AxAuAoAbAfAcATAZAUAIADACABCrCSCVBkBHBDA4A2AqAiAiAfAXAXAMAMADAAAC
2507309,CXCjCSBwAyArAmAuAoAeAgAfAaAeAUAOAIACABCWCeCXBsA5A4AvA0AtAqAkAfAdATARAMAGABAB
2507408,CUCQB/CIBQBDAxApAuAYAfAdAVAaAMAMAFADADCQCHCIB3BTBJA3AxArAcAjAeAVAWALAKACAAAB
2507507,CGBxBxByBfBIA6AuApAfAcAYAUAOAJAHADABAACCBxB7CIByBbBJA6A1AoAmAgAZATANAKAEACAB
2507606,CLCCCNB5BMA0AmAoArAdAVAhAcAXAYASAGABAACVCKCgBpBIAxAwAwAzAnAqAgAcAhAOAOAIAFAE
2507705,CvCTCKBqA/AzAwArAoAbAdAaAYAYALANAGACABCwCWCMBpBPA9A4AsAsAcAjAbAXAXAQAKAEACAB
2507804,CoCLB5BpBOA6AzAnAoAZAqAfAkAWAPAKAEAEAACnCMCCBqBOBBA6AxApAkApAbASAYAKAJAIAAAE
2507903,CmCTCIBkA5A0AwAsAwAgAlAYAWAeAXAGAFAAABCoCPB4BhBIBAA4A2A3AlApAbAXAaAQAQAFADAC
2508000,C6CjCIBpBBA7AuApAkAZAgAWATATAHAGABAAABCyCnCaBtBNBAAxAuApAeAeAZAUAWAEAEAEACAC
2508109,CqCiCIBtA+AwAvArAvAbAcAUAHAgASAIAEAAAAC2CWCRBxBMBDBAAsAwAgASAcAYASASAHAAABAA
2508208,CKCVCTB3BOA3AyAqAjAeAjAdAUAfARANAEADAACSCZCJByBIA3AsAtAyAsAnAdAWAUARAMAFAAAC
2508307,CbCMCQBzBDAyAyAsAmAdAbAjAcAcAOAJAFADAACXCOCFByBNA4A4AxArAlAmAfAfAUAQAKAGAEAC
2508406,C4CbBoBsBcBIAvAnAzAOAoAcAUAWAKAKAEADAACtCbCBBoBHBDBGAzAnAWAcAbAYASALAFAAACAA
2508505,CiCSCLBtA3A2ArApAhAfAmAZAaASARAPANADADCgCXCABsBEA/A5AvA0AiAiAmAcAYARALAGADAB
2508604,DBCgCEBlBQA2AwAkAuAcAbAVAVAUAMAHADACAAC9ChCLBlBKA9A0AoArAdAbAaANAYANALAEAAAC
2508703,C2CPCQB6A+A7AvAoAlAaAWAXAMAmAMAFABAEACC0CZCVB4BIA8A2AyAjAXAhAiASATAIALABABAA
2508802,CICAB8BzBjBCA/AoAmAVAdAVAUAWASAUAFABAECKCGB5CNBlBJAwArAzAlAdAhARAYATAMAHABAB
2508901,CgCYCNBtA/AxArAkAmAgAgAfAbAbAUALADACAAChCTCJBpBHA7AzAvAvAnAkAiAdAZAQALAFACAB
2509008,C3CdCHBwBEAyAwAuArAYAcAZAVASAIAKAEABABCxChCLBqBHA+A8A3ArAcAfAYAQARAPAIAEABAB
2509107,CXCOCIBrA5AwAuAmAqAhAhAgAfAgASAMAGAAAACcCRCOBoBEA3AwA1AvApAoAmAhAaAQASAGAAAB
2509206,CVCqCcBpAoAgAfAjAcAbAZAfAhAXAXAMAEABAACcCpCNB5BFAxA3AyA2AnAqAfAcAmAOAOADADAA
2509305,CUCpCAB3BVAtA9AsApAdAQA4AXAXAVALAEAAAACdCgBwBoBJA/AsA4AoAiAbAKAeAXAMAQAJADAA
2509404,CuCYCKBoBAAsArApAjAUAhAmAYAZASAMACADABCyCXCGBrBFA+AyAvAsAiAtAaAbAcALAIADAEAA
2509503,CaCZCPBxBAA8AxAnAxAcAgAkAWAUANAGAJAAAACnCTCDB6BAA5A7A2AwAkAdAaAUAXAOAHAEACAB
2509602,CVC0CXB3A4AcA3AvAwAeAkAWAUAUANAVACAAAACaCeCYBuBAA7AzA4AvAeAcAhATAYARAAAEAAAA
2509701,CTCNCTByA6AwArApAnAgAkAgAcAbAUAMAHABAACJCNCMB4BKA4AzAxAyAlAkAmAdAgALAOAHACAC
2509800,CaCOCOBzA3AuAnAkAoAdAdAiAaAWAhAMAGADACCeCYCNBtBBA0AoAzA0AkApAcAZAeAXAQAJAEAA
2509909,CgCfCCBtA5AtAoAlAmAcAeAZATAuATARADABAECwCQCIBrBGA6AwAzAuAiAkAiAXAfARAQAFACAC
2510006,ClCXCIB+BGA+A2AsAmAWAgAdANAdAJAMADACABCaCUCTByBRBKAyAxAnAiAgAYAOAUALAHAAADAB
2510105,B9CQB9B5A4AnAuAoAyAoAcAiAeAYAUACALABAFCGCMCZB1BAA8A/A9A1AkAoAjAfAmAQALAGAAAA
2510204,DCCoCKBfA1AwAnAmAfAYAUAcASAcAHADADACABC/CjCRByBMBIA2A1AqAgAjAbAPASAIAPACAAAB
2510303,CcBzCMB6BJA8A5AzAkAtAgAgANAjANAJAHAFAACIBvCPBuBVBDAxA/AvAeAsAeAXAOAJAJANAHAG
2510402,C+CgCJBwBEA9AwAoAlAaAVAgAYASAIAIACAAAACzCZCHBwBUA7A7AxApAhAgAVANAMAJAOACACAA
2510501,CkCSCQB8BHAyAyAoArArAXAgAaAWAMAJAEAAAACmCCCOB1BGAwA6AvAxAeAcAiARAaAIARADACAE
2510600,CfCICWCABCApAjAoA1AaAcAlARAlATANAEAAADCHCFCaB5BAA7A2AvAyAqAqAjAYAXALAEAHACAE
2510709,CkCPCHB8BRAzAtAjAjAbAjAVAYAlAHALALADAFCeCMB5B6BRBBAuArAaA0AjAfAXAVAQAKAHACAD
2510808,CPCDCBBzBMA8AyApAqAdAeAZAVAWAMAIAGABAACOCACFCCBiBLBCA3AzAjAkAhAZAUANAKAFADAC
2510907,CdCMCAB6BHA/A3ArAtAcAgAYARAYAOAIAGAEADCZCSCDB0BaBGA9AtA1AeAgAYAXASAIALADABAB
2511004,C3CXCWB1A2AyAjAzAuAUAcAcASAMALAEAJAAAADECoB/BqBLBEAzA0AwAcAWAkAPAIAUALADAAAA
2511103,CXB2CKBtBbA3A9AzAqAaAiAfAdAhARADAIACABCZCNCJBxBNA7A8AsApAhAjAeAXATANAQAEAEAA
2511202,C0CfB/BpBFA5AwAtAwAhAmAZAWATAPAIADAAAACrCbCGBsBGBBAwAwAwAkAkASASASAMAHADABAC
2511301,CcCeCJBnA8AzAtAmAlAdAbAYASAcALAGACABABCbCeCOCDBZBHA4A4A0AjAjAUAUAVAKAGAIACAA
2511400,CPCGCKBuBGAzAzAuAqAhAgAgAYAaAUALAGADACCTCLCIBzBJBAA4A1AtAiAnAeAcAZATAKAGADAC
2511509,CoCeCYBnA2AxArAlAnAdAaAfAeATAWAIAIACAACoCcCRBgBCA2A4AtAuAlAjAfAZAVASAPAFABAA
2511608,C6CjCBB3BIAzAsAjAnAgAeAgAUAVAPAFADACAAC4CXCRBoBLA4AuAoAoAjAhAaASAQARAKAFACAA
2511707,C3CZCRB2A0AwAkAnAgAhAfAjAbATAQAKAIAEAAChCbCJBrBNA3ArAwAtApAbAiAcAUAOAKAGACAA
2511806,CeCQCLBoA6AiAmAnAkAcAmAiAhAiAWAbAFAFABCQCKCFBkBCAxAxAwAyAkArAiAiAsAXAQAJADAE
2511905,CtCfCMBuBLA8AwAlAqAiAlAdAXAaAMAHADABABCrCjB/BgBHA7A3ApArAlAgAZAVAVAFAJACABAD
2512002,CgCWCDBoA9A0AxAtAtAfAeAiAdAQAOANAHABABCmCOCKBuBOA8A4AuAzAiAgAgAWATARALAHAEAB
2512101,CRCKCJB4BEA3AvAoArAgAiAbAVAXAQAMAEACABCOCFCPB8BTBEA7A1A0AlAkAgARAaAOALAEACAC
2512200,CLCDCQB5BGA1AnAlAoAZAjAZAVAcAMAWAFAAAACQCWChCCBOA2AxAtA1AkAhAhAUAgAUAJAEAAAB
2512309,CqCTCABpBBA1AwAvAnAdAeAZARAYASAJAGABAACqCcCFBwBMA/A1AyAuAkAiAcAVAaAOAKAGADAB
2512408,CZCbCNBuA5AvAwApAkAdAaAdAhAdAPALAEAEABCYCOCRB0BSA3A1AuArAjAmAdAcAgAQAMAGABAC
2512507,CeChCYBxA4AuArAlAjAZAaAfAbAaASALAEACAACYCWCSB0BIA6A1AvAvAkAnAdAaAZANAOAFACAB
2512606,CXCkCKCLBFA2A0AuAlALArAeAUAZAQAEAQAAAFCcCfBnCMA5A3AzAvAmAsAnAUADAdANAOAGADAD
2512705,CTCLCHB0A6AkAtAkAnAdAaAkAmAgARARADABABCZCOCOB5BKA0AzAxAyAmAoAgAcAgASAPAHADAE
2512804,CrCgCKCFBMBAAzAmAoAYAaAbANAXAQAGAGADADCgCPCEB9BPBDA2AqAnAaAfAXANANASAHADADAB
2512903,CMCNCKB6BEAvAnAjAlAhAkAlAhAeALALADACABCICKCJBvBNA9AyAuAwAqAxAsAjAXAQANAFABAB
2513000,CiCQCCBnBHA3AzAlAjAcAsAQAaAMASASARAAAAC6B7CQBkBTA+A3ApAvAiAZAiAeAcAMATAHAAAC
2513109,CPCQCEBmBBAwAxAkAsAdAeAiAYAmAQANAGACAACSCLCTByBPA6A0AwAwAsAnAgAfAiAQALAJACAA
2513208,CcCcCECAA+AsAyApAsAdAbAgAeATAUAJAEABACCXCKCRB4BOA/A4AyAuAgAkAWAWAWAQAMAFACAC
2513307,CTCCCWBxA/A2A1AuAzAQAtAfAQAcAIAQADABAECZCVCNB4BKBEBAA2AuAkAdAaARAUAHALAFAEAA
2513406,CPCHCIB8BHA6A3AmAiAfAkAYAZAbAVAKAGADABCJCBCKB4BWBAA9AqAuAmArAbAbAdAKANAFAFAC
2513505,DJCcCFBsBHA7A4AvAmAbATAPAJAfALACACAAAADACvCLBgBSA9BBAvAnAYAbAZAHAVAMADAAAAAA
2513604,CbCSCFB2BKA5AwArAoAcAlAWASAUAMAFAEACAACdCTB+B7BYBOA7A1AyAmAcAfAOASAOAKADABAA
2513703,CfCOCFBwBSA8AwArApAdAgAcAXAUAMAJADABAAChCJCDBxBYBDA4AyAvAlAiAgAZATAMAKADABAB
2513802,C1CoCgBwBBA5AsA3AqAbAjATAPAUAOALAEAAABC2CPB+BwBHA4AxAzAqAiAgASAQANAHAKAEACAA
2513901,CkCOCHB0BRA/A1ApAkAcAZAcAaASAQAIADABABCmCKCFB9BYBGA+AvAtAcAfAZASAQALAIAFACAB
2514008,BzCGB+CMBGAwAwAsAlAgAeAgAbAkAPAMAKAHABB7B/CMB8BbBBA3AxAuAlAwAcAfAXAVAKAKAHAB
2514107,CJCECNBpBIA+A6ApAuAdAeAXAQArAVAJAHADABCICPCOBoBOBDA6A1AwApAbAcAZAiAKAOALACAF
2514206,CeCYCNB6BKA5AsAoAwAbAeAfASAVANAJACABAACTCOCCB5BfBKA4AyAyAiAeAbAQAVAHAIACAAAB
2514305,DWCoCMBkBBA9AuApAeAUAcARANARAEAHABAAAAEHC0CIBcBDBEAuAsAmAYAUAQAIAPAFACABABAA
2514404,CgCoCMB8BQA3A1AuAnAbAeAeAWAWAMAGAGAAABCoCSCIB2BLA8A7AtAlAcAhAaANAPAHAGAEACAA
2514503,CkChCNBrBBA0AvAvAuAfAdAdAVASASAMAFACAACbCPCNB0BHA+A2A1AzAkAeAeAOASANAJAGACAB
2514602,CkCfCuBnA3AkA8AwAsAmAaAiAQAZAMAHAJACAACbCpB2BhBEAyA8AoA1AkAUAhAMAkAQASAEADAA
2514701,CVCKB9B/BWA6A0AtAtAbAbAdAcAfAPAMAGAFAACYCTCDBxBIBABBApAsAhAiAaARAYAJAMAJAEAA
2514800,CbCFCGBvBDA5A5AiAnAeAnAcAjAWARANAFAFADCRCLCEB0BJBBAzArA0AoAhAlAZAWARANAFAFAD
2514909,CNCOCWCFBSA1A3AoAsAZAkAdASASAUANAGADACCGCICMB4BMBFA4AwAtAiAfAcASAeALAHAFABAA
2515005,CuCLCTB4BGArAiAlAgAgAeAWARAqAUARAAAAAACZCfCgBwBDAzAsAoA2AiAfAcAVAcAVAPACACAC
2515104,CLCSCKB0BPAsAsAnAnAhAiAeAkAbANAKAFADAACUB9CNB6BKA2AxAyA0AoApAeAgAfALAQABAIAB
2515203,B5CKCbB5A6AqAwAqAyAgAnAhAbAcAVARAFAAABCJCQCJBlBMA4A0A4A1AnAoAjAVAcAZAIAMACAC
2515302,CjCLCHBuBFA3AvArAqAfAfAdAdAfAVAKAGACABCbCOCGBsBJA7AyAxAuAjAjAaAcAdATAMAFACAC
2515401,C4CWB3B2BLAvA8AxAnAZAYAZAOAVAQAOAEAEAAC0CSCMBkBKBHA4AzAtAVAiAVAPAcAIARAAACAC
2515500,B8CEB7B4BMA5A2AmApAeAoAYAaAeAPAQAKAEACB4B6CHCFBWBAA7AtAyAqA1AbAdAYAVAOAIADAC
2515609,CfCPCaBvA5AZAoAeA/AiAhAbAmAUAXAFAFAAAACICTCkBmA3AyAwA0A0AkAtAfAkAaAQAYAHAEAA
2515708,CsCPCQB/AxAkA0AlAxAWAuAYAWAHAOALACADAACeCbCAB+BYA/AyBIApANA4AbAOAWAMAMAEAAAA
2515807,CJCOCRBzAtApAmAgAeAcAiAdAfAZAeASAKABABCPCKCMBtBOA1AqAqAvAvA0AyAjAkAVAVAHAFAC
2515906,CSCPCSB2BEAxArAoAmAgAiAdAdAbARALAHABABCcCHCJB2BRA2AtAuAxAjAmAfAaAZARARAEAFAD
2516003,CXCTCNBqA6AsApAqArAhAhAeAcAcAPAJAEABAACcCNCOB5BIA6A2A1AyAmAjAiAYAeARAMAFACAB
2516102,CTCHCICDBAAyAxApAtAcAeAgAWAXAPAOAGAEACCeCFCOBvBRBBA2AwAzAiAgAiAZATASAJAGADAC
2516201,CYCPCIB4BHA1AyAtAsAfAeAaASAUAMAIAFACABCWCLCNCBBZBHA9A1AyAgAfAcASATALAJADABAB
2516300,CPCbCZB0A5AxAvAjAmAgAjAfAaAbARAJAFACABCTCXCUBtBKA5AzAuAxAmAgAlAVAcAPAMAEACAA
2516409,CjCaCSByAwAtArAqAqAfAbAgAaAdAQAPADABACCoCXCKBvA5AzAzA0AwAnAfAhAgAZARALAEABAB
2516508,CkCSCKBqA2AyAyAlAlAaAgAZAWAWASAMAIAFABCuCRCIBpBMBAA6AxAxAjAkAgAYAbANAOAEADAD
2516607,C0ChCQB2A6AyAqAvAjAbAYAXAUAQANAMADAAAAC2CjCRBvBLBDAyAyAoAhAeARASAUAKAIAFACAB
2516706,CpCXCFBxBIA3AxAnAjAeAbAaAYAUAPAKAHABAAChCXCIBxBNBEAzAwArAiAmAbAZASAOALAFADAD
2516805,CiCRCEByBNBDA1AwAzAbAdAcATATALAKAGABAACeCOCHBmBWBFA5A1AxAjAZAeARAPAMAGAEADAC
2516904,CWCPCSB5BGA4AtAtAnAdAfAbAPAQASALAFABABCYCLCVCBBUBEA5AxA2AhAfAWAQATAMANADAAAB
2517001,CZCeCQBzBRAyArAoAkAgAjAaAWAVAOAKAEACABCiCUCOB2BSA5AuAsAqAfAgAfAZAYANAHAGACAC
2517100,CQB5CbCdBCA0AsAqAqAvAjAsAWAeAGAOAFACACCECTCFBwBQAsA4A2AnAjAdAeAUAUAXAHAFACAD
2600104,CSCNCGBxBCA4AyAnAnAdAfAgAVAWANANAFAEABCZCHCJB3BXBFA9AxAuAoArAbAWAYARAJAHACAB
2600203,CtChCTBqBAA0A8AtAoAVAbAZAWASAPAJACABAACtChCQBhBRA2A4AxApAfAcAZATATARAGAHAEAA
2600302,CaCVCSBrAyAnAoArAvAkApAcAeAeAQAIACABABCaCYCQBpA/A0AxA5A0AoAkAhAbAYARAQAEAFAC
2600401,CzCjCRByBHA2AwAwAxAlAmAbAXARAKAJACAAABCtCdCWBkBJA1AyAsArAfAaASARALAJAGACAAAA
2600500,CkCQCGBmBCA5AyAtAqAeAbAfAVAYAOALAEABABCpCUCHBpBOBAA3A5ArAmAgAeAYAXAPAKAEACAC
2600609,CGCECKBuBBAyAvAqAxAlAmAdAXAaAZANAEAEACCDCLCOB6BKA2AzA2A0AuAqAaAaAZASARAIAFAA
2600708,C2CTCMB0BQA9A2AzAwAiAfAXATARAKAHADABABC0CYCCBvBSA+AyAtAtAcAZAWASAKAIAGACABAB
2600807,CHCJCIBuA1AsAoAvAuAlAjArAgAaASAKAIADABCLCNCOBtA9A4AxAzA5AwAxAkAfAdAPAPAIADAB
2600906,CvCZCLB4BNA8AwAzAyAjAlAZAUAYALAGAAABAACkCdCABmBOA8A1A2AtAdAbAUATAOAKAFABABAB
2601003,CUCWCPBxBAAuArAmApAgAiAaAiAYAQAOADAAAACOCbCNBvBIA0A3AwA0AjAsAhAhAfAIANAEADAA
2601102,CjCbCLBwBJA5A1AsAsAbAXAXARARALAGACACAACpCVCRB3BYBAA5A1AwAeAZAYAVAQANAHACABAC
2601201,CJCBCHB3BHAyAuAtApAjAdAdAVAVAMAJADACAACICBCMCLBbBIA+A4A0ApAoAgAZAVAMAJAGACAB
2601300,CUCPCPB6BaA9AtAuA2AhAmAYAVAeANAEAEACAACPCPCFB1BWA+AwAzAuAjAjATAXARALAHABACAC
2601409,ClCRCGB5BPAzAsAuAsAnAhAeAXAXAMAJACAAAACkCTCLB6BPA7AxAwAuAjAeAYARAOAOAHAEAAAB
2601508,CQCVCTBsBCAsApAoAxAkAiAeAbAYAWAJAEACADCTCYCUBvBEA3AuA0A2ArAnAYAZAUARAMAFACAB
2601607,CuCYCHB0BQA6AyArAiAZAVAZAQAQANAJAEACAACsCWCLB5BNBAA4AxArAeAcAXATAaAQAHAFADAB
2601706,CLCDCFBuBDA1AxArAsAkAjAjAcAaARAKAEABABCHCHCEB7BRA+A5A4AzApAsAhAcAXARANAGACAC
2601805,CqCSCOBkA+A4AxAsAoAhAeAdATAZASAIADACABCnCXCMBnBHA+A7AxAwAkAgAeASAZASAJADACAB
2601904,CFCEB3BnA/A2AyAuAuAlAlAiAcAZASAOAGACABCKCHCCBvBQBBA8A4A4AqAoAjAfAdAXALAGADAC
2602001,C1CaCUBqBKA4AwAsAlAfAbAUATAPAJALAFABAACtCZCKBuBRA+A6AvArAiAaAbAPARAOAMADABAB
2602100,CcCJCFBrBAA1AwAuAnAeAZAdAUAXANAKAFABABCiCSCJB1BNBAA4A5AxAmAiAgAYAcARAMAFADAC
2602209,CfCeCVBoAyAnAmAmAlAgAgAaAaAZANALAEABABCeChCVB6BKA6AxAyAuAnAlAdAaAXAQAKAGACAC
2602308,CeCPCMBuBJA2AsAtAvAjAkAbAaAVAOAKADABABCWCaCLBvBLA7AzAzAyAmAkAYAVAZAPAJADACAA
2602407,CkCOCBBsBCAzAuAsArAlAZAjAUAWAQATADAAAACaCRCDBvBQA4A1A1AyApAnAeAbATARAUABACAB
2602506,CbCQCGBsBBAyAxAzAsAcAeAbAVASANANADACAACfCMCRBwBIBBBCA0AxAnAuAVAYAaAMAGAKABAB
2602605,CbCPCIBtA+A1AwAvAlAgAjAiAgAfANAJAEACACCYCLCGBpBEA9A1AxAwAmApAgAfAWAQAPAGADAC
2602704,CoCfCTBvBQA7AzAsArAcAcAcAWAMAOAMAEABABCsCVCFB0BRA/A0AvAnAeAaAWAVANAKAJACABAA
2602803,CjCbCMBsA/AvAyAtAoAdAcAeAXATANALAEABABCjCdCRBwBGA9A4A0AxAiAfAcAVAUAOAJAFACAC
2602902,CoCTCGBvBXBGA4AvAtAfAdAZASAPAJAEACABABCjCSCIBzBdBLA5AwArAgAcAUAQANAIAFACABAB
2603009,CmCVCPB7BMA2A0ArApAcAbAUAOASAKAHAHACABCnCVCKB0BVBDA1AwAqAgAeAYAVAVAKAKACABAB
2603108,CDCJCLBxBHArAsAqAwAmAlAhAYAZAOAKAGABACCLCQCWByBIA6AzA5A4AuAmAiAYAXAQAKAKABAC
2603207,CeCJCIBlA8AyAuAtAoAfAjAcAYAcAMAHAEABABCiCYCPBxBLBBA6A3AzAlAfAkAWAbAOAGAFABAD
2603306,CfCGCEBxBDA0AoAnArAjAlAaAZAUARALACACAACiCTCJBxBNAyA0AxA8AsAhAhAhAXAPALAEADAB
2603405,CrCRCCBYA8A9AtAuAqAcAfAfAdARAHANAFAAAACnCcCBBmBNA3BFA8AyAjAsAdAYAWARAJAIAAAA
2603504,CJCFCHBsBEA3AwAuAyAmAkAkAcAVAVAMADADABB9CICIBoBFA/A1A2A/AqAsAhAfAYAYAOAFABAA
2603603,CnCWCTBiA5AtAsAsA0AkAnAXAYATAKAMACAAACCeCQCVBxBJBCA1AzA0AqAkAYAeAQANAHACABAA
2603702,CZCaCMBmA+AzAuApArAiAeAdAYAYAPAKACACABCeCdCRBsBLA6A1A2AwAnAjAcAbAXASAGAEABAB
2603801,CcCPCJBxA9A3A1AuAnAdAaAiAaASAMAPAEACAACmCWCNBzBGA/A0AzArAnAiAfATAXAPAKAEABAB
2603900,CvCbCNBpBCA5AyAnAlAdAcAbARAWALAKAEACAACuCZCMBxBMBCA3AtArAiAfAcAWAVAQAFADABAA
2604007,CdCKCBBxBTBBAyAqApAfAdAaAXAQANAIADABABCcCRCEB2BfBNA2AuAuAjAfAXAZATAMAJAEABAB
2604106,CECDB8BxBJA4A0AuAuAjAkAeAYAUANAJAFABAACECCCEB7BYBHBAA5A4ArApAgAaAUAQANAGACAB
2604205,CSCUCSB3BKA0ArAmArAkAlAcAZATAOAIADABABCPCNCOByBRA9A4AtAzAqAiAeAWAWARAKADACAC
2604304,C0CdCNB5A5AzAzAtAmAfAeASALARAOAKAGAAABCkCOCMCIBRA7A5AwAwAfAaAbAOAPAPAKADAEAB
2604403,CwCTCLBmBUBBA2AoAvAhAiAaAPAVAOAFAFAAAACtCVB7ByBQA+A1AvAuAiAiASATAWALAEAEABAA
2604502,CdCVCJBnBHA7A0AvA1AkAfAbAcAWAPAEACABABCkCXCFBnBPBBA0A2ArAiAfAaAcASAOAFAEABAB
2604601,CnCPB8B1BSBBA0AtAwAjAiAdAWATARALADAAAACeCNCIBpBWA8A0AzAvAlAbAZAVAUAGALACAAAA
2604700,CYCPCGBuBGA1AvAoAmAfAdAWASAhAVALADACAACsCRCBBoBRBCA2AyAuApAfAfAYAeAWALAHABAB
2604809,C2CYCKBtBUA4AxAvAsAeAkAWATAVASAGADAAABCzCeCGBzBHA8AvAoAnAgAhARAQATAKAMACAAAB
2604908,CcCVCRBwBNAyAuAtArAjAlAbAUAYAMAGADAAABCUCVCVB6BSA7A0A1AvAkAhAXAUAQAJAIADABAB
2605004,CVCUCEBiA3AtAsAoAqAhAjAjAcAWAQAOAFACABCYCcCPB2BLA7AzA3A1AoAmAeAWAZAUALADACAC
2605103,CUCNCOB6BNA2AuArAqAiAjAdAUAUAPAJAEABAACXCGCOB7BVBAA2AxAvAjAeAgAWAXALAKAEACAB
2605202,CgCTCLB6BTA9AvAuAvAkAkAbAWAUANAHADABAACgCKCEB0BXA+AzAwAvAkAdAVARAQAMAGADAAAB
2605301,CuCbCXBzBMA1AuApAlAcAaATAPASAJAJACACABCxCZCTB2BXA8AzAvAsAhAaAXAQAUAJAJADABAA
2605400,CdCUCOBwBAA2AwAnAmAjAkAcATAWASAIAEABAAChCUCSB3BNBAAyAuAtAlAtASAaAXALAIAEAAAA
2605509,CvCRCNBuBIA2AwAtAuAhAgAeAaASANAIACABAAC5CXCCBoBLBAAwAsAwAjAZAgAVANALAKACACAB
2605608,CaCRCNBqA4AvArAwAmAlAgAcAYAWAUAMAGADABCcCVCRBpBDA5A5AzAxAlAlAkAbAcASAMAFADAB
2605707,CpCWCFBoBEA2AxAqAmAcAaAgAWAXAOALAFAEAACgCLCHBwBOBAA+AxAsAkAkAWAYAZAQAOAEAFAC
2605806,CdCNCSBaAmAnAmApArAhAcAcAcA2AYASAGAAABCOCOCJBrBGA3A6A4A0AlAlAgAeAkAaARALACAB
2605905,CvCbCBBzBNA+AyAvAvAeAjAiAZAZANAIAEABAACjCWCNBoBLA6AsAsAtAjAbAXAQASAJALACAAAB
2606002,CRCAB9BsBIA4AzAtApAgAeAcAWAVAOAJADABABCVCFCEB9BeBKA+A4AzAnAmAeAaAbAPAJAFACAB
2606101,CmCfCLB0BCAwApAnAoAgAhAcAWAUAPALADACABCnCbCSByBJA5AwAuAuAlAlAYAXASAPAIAEACAA
2606200,CdCSCDBzBRA7A0ArAsAjAiAcAXAQANAHACABAACdCPCGBzBZBFA2AtAvAkAmAWAWAQAJALAEABAB
2606309,ClCnCVB8BFAzA4AnAnAYAbAZARANANAMAAACABC4CSCQByBTA8A3AnAtAlAUAZARAMAMAPAAABAC
2606408,CPCMCCBwBIA3AwAvArAkAnAdAbAYAOALAEABABCRCICDBtBNBDA4A2AyApAmAfAbAVASAMAGACAC
2606507,ChCfCTByBPBCA2AvApAdAbASAUANAJAFAEABABCwCYCMB5BVBEA1A0AqAcAXAUAWAMAEAEABACAC
2606606,ChCUCNB2BHA4AvAsAiAhAhAcAUAWAPAHAEABABClCUCUB5BMBAA0AuAuAiAmARAWAVAHAFAFAAAC
2606705,CXCPCaBuA6AmApApAsAmAgAcAdAbARAOAGACABCRCaCVBuA+AvAyA5A1AkAtAcAXAiAPALAEACAB
2606804,CcCTCLB1BTA/A1AsAtAfAfAaATARAMAGACABABCbCWCRByBYBDA3AzAuAgAdAXARAPAKAHACABAB
2606903,CaCKCRBtBHA1AtAsAkAgAhAaAbAQASAOAKABACCNCZCBB1BPA6A6AwAwAmAiAkAWAXARAKAFACAE
2607000,CiCSCQBmBCA2AxAuAkAbAfAXATAXAOAMAFADABCvCZCQBuBLA/A5AwAvAiAfAZAUAZAPAJAFACAD
2607109,CNB8CAB8BQA7A8A4AsAfAXAnAXAdAHAIADABABCTCFB6B1BUBEBNAyA4AoAnARAbATANAGABAAAC
2607208,CqCWCNBxBUBAAzAvAuAiAjAYAWARAMAFACABABCmCaCMBwBRBAAxAuAsAgAYAVAQAPAKAFACAAAA
2607307,CvCcCUBtBGAzAuAuAqAgAbAYARARAJAHADABAACsCdCOBzBRA+A6AvAvAhAdAYASASAGAHADABAC
2607406,CpCZCQB1BRA8AoBBAqAbAaAbAMAeAGADAJAFAACfCEBvBzBDBNA3A2AuAgAZAlATAYAOAIAIABAA
2607505,CuCcCLBnBCA2A2AwAlAeAdAZAVAUALAKADABAAChCaCUBwBNBDA8AxApAhAhAVAUATANAIADACAA
2607604,CsCMB9BqBkBTBMA9AyAjAbAgAWAPAPAMACABABCYCEB6BfBNBEA3ArAqAbAaAaASAQAUAEACABAC
2607653,CvCTCHBwBGA6AwAqAwAjAjAbAZAQAMALADAAABCuCXCJBrBMA+AwAvAxAkAcAZAUAMAOAKAEAAAB
2607703,CZCNCGBtBBA4A2AvAnAeAgAjAcAZAPAJAFADABCICACKByBMBBA8AxA5AkAqAeAZAdAPAMAEACAB
2607802,CwCcCHB1BMA+A0AuAuAkAoAUAYAWAOAJABABAACnCKCLBmBPBEAyAtAtAgAeAWASANALAHABACAA
2607901,CYCQB/BwBZBHA9AyAtAgAdAVAQALAHAFABAAAACUCNCAB3BhBTBDA3AxAjAfAWAQANALAHACABAA
2608008,CCCMCCBsBCA6A3AuAtAZApAfAaAdAQAIADADADCKCHCMB2BOBDA9A3AtAlAvAYAkAZAQALAFACAA
2608107,CVCXCLBoA1AsAqAoAtAiAlAbAbAUAMALAFACAACfCTCPB8BOA/AzAyAwAqApAdAYAUAUAJAIADAB
2608206,C1CjCUB0BKAzAsArAwAlAhAXAZASAIAEABAAAACyCfCOBjBOA5AzAyAsAfASAWANAPANAIACACAB
2608305,CRCRCOBmA1AzArAsAoAiAcAjAdAZAQAPAGABABCZCSCNBvBCA4A4A2AzArAlAiAWAgAVAOADABAC
2608404,CPCXCPBsA+AtAqAnAxAhAhAfAfAaAOAIADABABCZCbCMBmBGA2AyAyA1AsAsAdAXAZAVAMAHADAB
2608503,C5CaCQByBJA5AyArArAeAhARAWAPAOAIADAAAACsCcCIBqBMBFAwAsAsAfAZAcASARAKAHADABAD
2608602,CnCXCRBqBDA3A1AvAmAZAkASAUAXAMAGACABAACxCnCIBsBJBFA5AqAtAfAbAdAYASANAGAEABAB
2608701,ChCYCMBkAzArAtAqAmAiAkAdAfAcAVALADAAABCmCYCMBmBAA3AyAyA1AkAnAbAfAZAZAKAEACAC
2608800,CBCDCLBqBAAvAsAsAvAiAjAeAaAbATAOAGACAACGCCCSBzBRA8A4A5A2AtAtAfAgAZATAPAGABAB
2608909,CQCLCKBxBHA1AuAnAoAgAiAbAWAWAOAKAEACABCPCNCNB6BYBHA6AzAxAnAlAbAXAYATALADABAC
2609006,CrCXCHBtBJA2AtAhAsAfAfAVAXAaAPANAEACAACnCcCJBsBOA4AxAqAuAiAgAXAZAbANARAEADAC
2609105,ChCaCPB5BJArAoAjAlAeAhAiAZARAOAOADACABCWCYCKBzBSA2AyAtAxAiAoAaAcASAWAJADAAAE
2609204,CrCfCRBuBOA1AtAuAqAjAjAbAWAUAMAIACACABCtCbCNBpBLA9AvAvAvAgAaAYARAQAMAGACABAB
2609303,CnCaCGBtBPA2A0AmAmAaAiAbAWARAPAIADAEABCeCSCYBtBQA/A6AqAqAhAgAeAYASALAIAHACAB
2609402,CYCMCDB7BXBEAuAtAsAjAjAaAXARALAIACABABCNCFCEB0BdBIA3AyAvAmAiAeAYARALAJADACAB
2609501,CdCHCDB2BbBDA4AtAsAgAYAdAYAQAOAIADABABCPCICDB0BcBHA4AxAwAhAiAZAWARALANAEABAB
2609600,CJB/B7B1BbBFA7AwAsAiAeAYARAMAIAEACABAACEB+B9B+BqBWBHA6A2ApAlAbATAQANAJADACAB
2609709,CcCYCaByAsAoAlAfAlAjAiAbAYAaAOAJAFABAACdCdCcB3BPA5AtAxAzArAfAeAZAbAOAMAEACAB
2609808,DXCaCDBuBMA4A3AeAtAcAUAUAOANAOAIACAAAADCClB8BsBWBAA+ArAiAfAYATALAPALALAEACAB
2609907,CrCbCRBrBHA2A3AvApAZAZAYASASANAJACABAACsCcCRBvBOA8A8AyAsAdAcAWATAUAMAHADACAB
2610004,CZCZCNB1BLA2AuAuAvAiAhAeAXAUAKAFABABAACbCTCMB3BVBCA2AxA0AkAhAVATAQAMAHACABAB
2610103,CSCXCJBrA5AvAuAwAjAfAnAcAXAjAWAIAFABABCWCYCOBkBKA5AyA5AyAlAlAlAYAdATAKAFABAF
2610202,CfCcCSBrA6AvApAoArAiAiAeAbAYASAIADACABCmCYCLBxBGA2AwAuAvAmAoAdAbAWAOAKADABAC
2610301,CdCWCJBtA5AxAuAxAmAdAkAdAbAUAQALAHADABCaCQCWBpA+A9AwA2AzArArAhAaAWAPANAEADAB
2610400,CqCaCTBtBHA7A3AsAoAdAeAWAUAUAQAGADABABCjCTCKBwBUA+A7AsApAgAXAdAYAVANAIAEABAB
2610509,CfCTCMBzBDAxAtAlAqAiAhAYAUAaATAIADACAACkCRCOB9BPA8AuAxAuAlAeAdAYAYANAJAFACAA
2610608,CuCZCFB1BaA+A1AuAsAgAdAYAVAQAKAIACABABCqCYCGBtBUA/A2AsAtAeAcARAPAPALAGADABAB
2610707,CWCIB8BsBVBPBFAzArAeAaAVASAMAHAFACAAAACPCEB+B0BmBcBKA2AuAiAiAZATAPAJAHADABAB
2610806,CZCRCNB1BLA4AyAtArAeAdAZAZAXAPAJAEABAACaCQCNBvBQA7A3AxAwAlAmAXAXATAPAKAEAEAB
2610905,CJCECDB0BIAyAtAoAnAiAhAhAYAZAPAPADADAACRCICJB1BSA/A1AyA1AqAoAkAcAaATAOAGADAC
2611002,CoCQB/BlBXBKA8A0AmAaAXAaAWAOAJAFACABAACtCPCCB0BYBNA+AxAlAeAeAWAUASAJAJADACAB
2611101,CpCZCEBvBVBBA8AyApAaAWAUAPALAIAFACABAACiCWCKB6BeBLBBAxApAdAcATAPANALAIACABAB
2611200,CGCMCKBxA3AvAvArArAlAeAkAZAYAUANAEAEACCSCECJB7BABEA1AzA6AsAsAgAaAdAPANAIABAB
2611309,CfCcCLB0BGA3AwAsAtAlAoAbAXARAPAKADAAAAClCWCGBvBKA9AyAxAsAlAnAXARARAKAKADABAB
2611408,CrCZCMB6BRA1ApAsAuAvAXArAeAXAKAJADABAACcCWB8BsBMA3ArAvAwAnAjARASATARAFAEAAAA
2611507,CmCbCGBzBGAyAuApArAiAdAeAZAXAOAFACABABClCaCNBuBKA5AwAyAtAnAhAdAYAWAMAHAEABAA
2611606,B9B1BwBzBkBKA6AuAqAhAgAaAUAOAJAFACABAAB4BzB0CBBzBbBJA7A4AsAqAgAaATAPAKAEACAB
2611705,CSCQB/BrA9AxAxArAsAjAhAiAZAjAQAMAGABAACbCSCKBnBDA9A2A0AvAsAmAgAdAdASAJAEABAB
2611804,ChCRCPB1BOA5AwAqAwAiAhAfAWAVAMAIABABABCmCTCRBvBRA9AyAwAvAiAdAXARAQAIAHACABAB
2611903,CyCdCOB2BOA2A1AtAvAmAmAbAWAQAMAHABABAACuCWCFBtBMA5AvAtAtAjAdAUAMAPAIAFAEAAAA
2612000,COCYCFBpA7ArAsAuAyApAnAjAbAaAPANAEABAACdCRCFBlBLA0AzA2A5ApAlAlAZAXAPAMAEADAD
2612109,CbCZCSBlA6ArAsAhArAeAbAgASAeAZACAGABAACzCUCDB7BPA2A6ApAyAgApAdAWAcAPASACAAAA
2612208,ClCXCMBtBLA4A1ArAoAbAcAXAQAQAMAIADABAACkCNCMB4BWBFA9AxAuAhAfAYAUAWAKAJAEACAA
2612307,CaCICJBrA/AvAsApAmAgAjAfAYAXAUAMAFAAABCVCLCJBxBOA7A2A0A2ApAlAoAZAjARAMAEACAB
2612406,CICMCPB0BMA0AuAvAhAfAmAbAaAYASANACABAACICXCOB2BNA+AzAzAxAmAhAkAbAdAPAIAEACAC
2612505,CKCCCGBxBEA8A4AuAuAeAkAdAWAaALAIADABABCACECPB5BjBJBAA7AuAiAiAeAYAVALAJAHAEAC
2612604,C9CXCHBtBPA8A5ArApAcAeAWATASANAJACAAABCxCZCBBxBTA6A4ArAoAfAbAWAUARALAHADACAA
2612703,CjCPCSBjA9AoAqAqAnAgAcAjAWAWAWAPAHABABCmCcCSBwBHA0AyAzAtAiAxAYAZAcAWAHADACAB
2612802,CcCGB+B4BNA6A4AuAnAjAoAbAOAZANAGAEAEAACRCHCLB3BaBOA6AvAuApAgAcARAUANAIADABAB
2612901,CtCnCKBpBEAuAvAuArAiAoAYAdAaALAIADABAACqCaCGBlBFA8AzAuA1AgAeAdARAXANAIACAAAA
2613008,CbCMCJBsBJA5AyAsAnAfAiAeAXAZAPALAEABABCdCOCIBtBQA+A1AyAxAmAkAeAdATAPAIADADAB
2613107,CWCTCKBqA1AsApAtAvAhAmAjAeAYASAMAEABAACVCMCQBtBHA1A2A3A0AtAoAiAcAZAQALAEADAC
2613206,CgCXCHBnA/AyAyAoAqAjAbAiAXAUASANAFABAACcCdCKBlBEA8A1A1A0AoAkAjAYAbAPAJAFABAC
2613305,CFCRCVBxA9AtAsAqAuAmAlAgAcAaARAKAEACABCHCRCUByBEA4AyAzA3ArAsAfAdAaAQAMAEABAB
2613404,DFCkB/BkBNA5AsAoArAjAdAgAdAPANAFADABACCyCaB6BuBLA9AxAsAuAgAYAfAOASARAKABABAB
2613503,CtCYCJBtBFA1AyArAnAbAXAdAWAVANAGAEABABCyCVCJByBOBBA8AyAqAgAeAZAVATAOAIAFABAA
2613602,CPCNCFBvA+A5AzArAoAkAlAdAcAbAMAKAGADABCQCFCCByBMBCA8A3A2AmArAfAZAZARAKAFADAC
2613701,CeCVCIBxBVBDA5AwAvAiAeAVAUAMAKAFACAAAACaCVCEBwBZBJA+A0AwAjAdAWASAMAJAGACABAB
2613800,ClCbCTByA7AtAoAfAqAjAfAaASAeAYAMAEABAACgCcCVBpBJA4AtAtAwAoAlAVAWAYAQAPADAAAE
2613909,CeCTCPBuBFA2AwArApAcAeAbATAVANAJAEABABCeCTCLB3BRBCA7A1AvAjAfAeAVAXAOAIADABAB
2614006,CyCbCCBuBHAxA2AuAjAbAYAYARAZAJAHAEACABCuCWCSByBQA9A5AxAoAhAcAZAVAUAOAIAFACAC
2614105,CRCJCRB0BEA1AyAqAoAhAkAdAYAXARAKAEACABCQCICJB4BQA/A4AxAyAmAnAeAZAWAPAMAFACAC
2614204,CuCnCRB3BQA5A0AtAyAiAfAZASARAIAFABAAABC0CZCNBtBSA9A0AtAtAdAcAOAMAJAIADABAAAB
2614303,C2CYCWByBGA0AwAuAkAcAYAUAQAYAMAGAEABAACuCXCRB0BPA5AzAyAqAhAdAVARAVAPAKADAAAB
2614402,CtCXCaBvBFAyApAsAqAYAjAaATAVAMAKADAAAACiCOCjBxBRA9AxA0AjAjAmAbASAYAJADACABAC
2614501,CdCUCDBqA8AzAvAoAoAiAhAeAYAWAPALADACABChCWCLB2BQBBA2AwAuAmAlAbAbAUAQALAEACAC
2614600,CRCKCKBxBEA6AwAwArAeAnAYAWAYAOAKAGADAACRCBCFB6BPBHA9A2AyAlApAaAbAbANAIADACAB
2614709,CcCUCFBgBDAwAqAwAtAkArAcAaAYAPAKAEADABCgCOCKB2A/A3A4A5AzAmApAeAdASAOAKADABAB
2614808,CnCMCPBoA9A3AwAsAjAbAbAfAaAaARALADACABCnCXCCBtBCA7A1A1AuAkAhAiAdAVAXAQADADAD
2615003,CJCJCHBpBHA2AvAsArAkAjAjAgAVAWANAFAEABCNCKCBBwBLBDAzAzAxAkAsAfAaAhASALAFADAB
2615102,CUCNCGBjA8A8AwAtAnAjAdAaAOAjASARABACAACrCLCGBxBNA/A2A0AyAnAjAiAUAdAQAOAFABAB
2615201,CwCbCFB0BIBAA8AvAiAaAkATAYARALALAFACACChCQCPBmBTA8AsA4AoAgAgAWAfALANAKACAGAA
2615300,CkCKCKBuBGA5AwAqApAeAeAbAaARAOAMADACABCiCLCKBxBVBBA4AxAxAlAjAcAaATAQALAEABAB
2615409,CiCQB6BlA+AxAwArAtAkAqAbAUAaAQANAHABABCcCJCBByBOBFA0AvAuAuAuAaAXAZAPAKAIAEAD
2615508,CpCTCPB4BdBGA1AtAxAbAjAYATAQALAHACABABCjCaCGB0BRA/AxArAqAcAbAVAQANAKAEADABAA
2615607,CzCfCJBYBWA1A1A7AqAaAaAZANATAPAEACACAACsCOCJByBUBABAA1AvAhAcAaARANAJAGACAAAA
2615706,CXCTCNBrA6AsAwAtAkAdAeAiAYAdAOAPAFADAACUCMCLBxBJA/A6A1AuAmAqAeAgAbAQALAHACAB
2615805,CnCTCQBpA7A4AxApAlAcAjAaATASAPAIADAAAAC1CfCSBwBNA8AzA1ArAjAiAYATASAOALACABAC
2615904,CICFCIB1A6AsAzAxAoApAfAlAUAeANATAEADAAB/CECcBwBEA9A7A4A7AoAfAmAbATAUASAIADAC
2616001,CQCACLB3BLA6A3AtApAjAcAcARAbAQANAEABADCQCCCQCEBSA9A2A6AuAiAiAfASAeAKAKADACAC
2616100,CoCXCDBmBHA5AuApArAjAQAkAXAWAPAOADAAAACuCRB+BuBRBCA9AtAwAjAbAgAbAXALAIADABAC
2616209,CHCICABzBVA5A0ArAtAgAmAdAVAdAUALAGACABCECDCBBxBUBFA1AzAsArAnAhAdAdAPAKAEAEAD
2616308,CuCaCTB1BRBAAxAtArAgAeAXAXAUAJAIABAAAACqCbCGBsBTA+AxAsAtAdAdARASAQALAGACABAA
2616407,CbCQCHByBOA8AyAtAtAjAhAaAWASALAHADABABCUCNCGB4BWBHA6AzAyAkAfAaAUARAMAJADACAB
2700102,CrCZCUBqA6A1AyAvAjAZAbAYAUAYANAMAGABABCvCcCMBoBGA1A2AzAqAhAfAgAWAZAQALAFADAB
2700201,CkCbCMBvBKA/A0AmAqAfAeAOAKAWAWALAFAAABCtCbCJBpBVA5AzAxAuAiAfAYATATANAIAGACAC
2700300,CdCKCLBwBOBEA1AxAnAeAaAVARAOAKAGADABAAClCMCQB9BdBNA8A2ArAjAcAVARAPAKAHADABAB
2700409,DDCgCGBxBSBGA2AtAsAcAXAWARASAKAGABAAABDDCWCCBmBTBEA1AqAkAcAbAQANAPAKADADABAB
2700508,CnCXB+B1BVA/A1AoAnAmAeAaAYAVASAKACAAABC4CRCCBjBUA+AxAuAnAmAgAVAYASAMAEACABAB
2700607,DGCPCLBlBTBdAqAsAZAuAVANAcAnAFAPAAAAAADICMB3BlBQA9A0AtAhAOAWAiAVAPAPAOAAAAAA
2700706,CjCNCHByBOA9A1AyAoAgAVAfATAUAOAJADADAAClCQCHBzBWBFBAAyAsAgAZAVAVASAPAIADAAAA
2700805,CyCXCMBwBOA9AsAsAgAfAUAUASAcAOAMACABABCmCaCKBrBVA7A5AqAkAlAeATAUAeAQAKAEAAAC
2700904,CzCdCCBhBDAxAwAsArAgAeATATAqAWAKACABAACyCfCXBoBJA1ArAvAqAhATATAaAoAMAFACAEAA
2701001,C9CiCEBuBVBJA/AxAnAeAUAWATAQAJACABAAAAC/CbCHBvBUBFAyAqAkAaAYAMAOAPAHADACABAA
2701100,CuCdCQBrBTBFAyAwApAmAeAXAfARAMAJABAAABC4CaCKBkBPBDAxAsAmAdARASASALAIAEACADAC
2701209,CbCSCUBtBBAxA4AwAqAiAXAZAXASAQAKAEADAACuCRCOBzBEBDA4A4AqAgAkAbAQAUAQAMADABAA
2701308,CjCkCPB3BRA+A0AwAqAcAaAZAQAPAIAEADAAACCyCeCMBtBOBCA3AxApAgAZATAQANAJAIADABAB
2701407,C0CWCCByBoBXA7AyAoAYAUAQAPAOALADACAAAAC4CeCBBzBdBLA2ApAkAWAUAOANAJAIAEADAAAA
2701506,CzCZCOBqBEBDA4AnArAcAZAVAPAZAQAHACABAACrCfCEByBTBJAwAtApAfAXAXAUAXAHAHACABAD
2701605,C9ClCUBrBAAyAzAvAiAaAWAUAJAZAJAKAEADACDACfCXBzBIA5A1AsAmAeAYAWAOAVALAHABADAB
2701704,CyCeCMBuBTBBA4AtAqAgAfAXATASAOAJACABAACrCUCABuBLA7A0AtApAjAZAYAUASALAJADABAA
2701803,C6CPCNBkBEArAoAwAlAhAZAVAOAdAMAPADAAAAC4CcCUBxBMAxA0AtA2AjAbAcAbAUAQAHAFAAAB
2701902,CyCqCYBuBEA2AvApAoAcAWAbAOAWASAHAEABAACjCqCWBsBJA2A4AzApAgATAXATATALADAEACAA
2702009,C0CTCbBuBFA4A0ArAiAZAbAOAQAdAMALAEABAACsCQCNBzBUBFAuA0AnAdAlANAYAPATAIAGABAC
2702108,C0CmCSBtBLA1AwAtAsAjAkATATAYANAGABABABCyCcCLBhBQA0A1AuAtAeAWAYAPAVAMAFACAAAB
2702207,BxCHB5BrBRA2A7AiApAjAUAjAyA2AkAYAAAAAAB8CHCDBpBOA7ArArAmAjAmAfAuAtAgAGAFAIAA
2702306,DHCbCDBwBVBMA5AtApAfAbAVAPAPAKAFABAAABC/CeB/BoBRBBAyAuAnAeAYARAOAOAHAEABABAA
2702405,CbCRCNBxBDA5A0AvAoAbAXAaASAUAKAHAEABAACkCQCPB5BXBFA9A0AqAjAdAdAWAVAPAGADABAB
2702504,CfCbCGBpBEAyAwAyAnAhAaAXATAWAVAHADACABCoCXCWBzBJA6A4A1AwAiAgAZAVAWAOAJADACAB
2702603,CrCKCIByBQBDAyAwAoAeAZAWALAVALAGADABABCsCWCQB1BSBDA3A2AtAiAdAWARAQAKAIABACAB
2702702,COCOByCEBVA5AoAuArAkAcAJAmAgAQAMAGADAACjCaCEBPBbA/A7AzAsApAtAXAIASAeAHAEACAC
2702801,C4CaCFBoBZBFA5AwAwAiAdASAUAXANAGADAAAAC1CWCBBsBZBCAwAqAqAdATANAQATALACABAAAE
2702900,C5CZCJBoBMBDA5AsAmAcAZASATAWALAGADACABC4CXCJBrBSBGA5AsAmAgAdATASASAIAHACAAAC
2703007,CrCnCWBqBDA4AsAmAsAhAdAXAWAZARAKABABAACpCnCVBnBJA2AqAxAqAlAZAXAVAUALAGAFAAAA
2703106,CsCQCNBrBHA+AxAuAoAZAbAYAVAWAMAHAEABABCsCPCOB1BVBFA2A2AoAgAfAVAXAVAMAFACABAB
2703205,CbCWCFBoBNA2AwAlAmAiAmAZAUAgATAIAFABAACeCVCFBuBRA7A0AqAuAtAlAbAXAcAUAJACABAB
2703304,CqCYCMBiBLA7AzAzAlAfAcARAUAfAMANAGAAACCsCYCKBpBQA9A1AyApAkAhARASAWARAKACABAA
2703403,C3CcCLB2BRA1A1AoAjAeAdAYALAYAJAGADACAACkCZB/B6BRBAA6AsAiAfAgAZAPAbAJAIAFAEAC
2703502,C3CZCLBtBWA/A8AyA8AeAoAaAcAcAPAKACAAAACoChCEBYBMA5AwAmAlAfAPAXARAPAHAFACAAAA
2703601,C4CSCBBUBRA6A5AkApAfAgASAYAbAbASAAAAACC+CqB4BeBPBGA4AiAnAYAmAPATAfASAGADAAAA
2703700,C5CQCnBtBeA2A6AuAwAfATASAbAWAFADAAADAACcCaCHB4BUA4A1AuAlAkAQAQAPAWATAAADAAAA
2703809,CzCjCJBtBYBEA1AxAqAfAcAZAQAbAOAGABABABC6ChCFBoBTA6AuAvAiAZAZAQAQAOAHACACAAAB
2703908,CwCjCZBnBFA3AwAzA0AqAnAWATANASAFACAAAACyCkCVBkBGA9AxArAvAeAUASAPARAFADABAAAA
2704005,CwCcCGBoBPBEA6AuApAaAWAUAUAVAKAHACAAAADACdCIBnBWBCA4AuAoAcAaAPAPASAKAIAEABAB
2704104,CgCICNBrBPBDA7AyAqAeAdARAOAVAMAIABAAABCrCMCSBxBRBOA5A4AqAkAYAYAXAQALAEACABAA
2704203,CeCWCJBtBGA9AtArAoAbAZAWAeAiATAJADAAABCrCVCHBzBMA+A0ArAsAfAaAYAfAXAUAHAFAAAA
2704302,CLB/B3BwBgBLA8AuAmAeAbAWARANAIAFACABAACJB+B9CFBxBcBFA2AvAmAkAZAWARANAIAEACAB
2704401,CoCPCUByBNA3AxAxAoAlAZAYAPAUAOAJADAAABCdCNCLB7BXA+AzA1AqAkAfASATAYAPAIACABAC
2704500,C9CiB7BxBPBGAsAmAsAdAfAYAOAbAXAJADABAAC5CiCMBkBPA5AvAsAkAVAbAVATASALAHADABAA
2704609,C8ChCHBfBZA8A3AuAeAWAfAUAQASAHAHACABABDICOCHBkB1BCA4AuAhAgAQAYANAOANAEADABAA
2704708,CnCZCABrBTBCAyAuAtAfAgASATATAOAHACAAABCzCTCFByBVBCAzAwAsAgAiARAPAWANAGAFABAB
2704807,CgCaCUBtBIA8AxAvAoAeAWAWAXARAQAHACAAAACnCVCXBuBQBBA2AvAsAmAcAVATAUANAHAEABAC
2704906,CsCmCXBpA5AnAuAmApAZAeAZAIAcAYALAFAAABCpCnCQBbBaA5AzAtAvAkAiAZANAVAOAOAEAEAA
2705002,CrCZCOBrA8AzAvAuAmAbAXAbAXAfAQANADACAACrCWCPB0BFA4A1AxAoAkAbAdAYAdAPAIAEABAB
2705101,C9CiCCBlBRBGAyAqApAkAfAWAQAQAQALABAAABC5CfCGBoBUBAAxAsAmAcAbATAOANAMAKAAAAAA
2705200,C0CbCKBxBRBAAyAyAkAfAeASATASAUAFACAAAAC3CnCFBqBRBFAtArAiAaAVARANATAPAMAGAAAA
2705309,CuCRCBBwBPBAAwA0AnAZAYAPASAYAIAIACAAAACtCfCOB9BVBFAyA3AnAaAYAUAWAQAHAIAGAEAC
2705408,CrCPCKBsBIAwAwAtAhAdAbATAMAfARAGACABAAC5CgCfBxBHA7AwAqAvAjAgARAOAYASANAIABAC
2705507,CyCcCDByBTA/A2AtAuAkAcAYAVAWAJAJACABAACmCdCKBvBTA9AxAvAoAfAXAVAOANALAGADABAB
2705606,CwCkCQB4BTA8A0AyAtAiAkASAWARAHAHACABAACwCnCKBjBKA9A2AvApAcAYARAKALAHAEADAAAC
2705705,CXCWCMBuBKA5A0AuAnAdAZAZAVASAMAHACAAAACrCXCNB0BVBDA3A2AmAlAgAVAUAVAOAMAEADAA
2705804,CbCsCSBtBIAvAvAyArAgARAhAXAUAHAKADAAAACrCcCVB8BGA6AsA0AsAlAfARANASANAJAGAAAA
2705903,DCCmCSBeBIA6AvApArAaAWAQAMAQAdAIAEAFAADDChB+BqBRA6AtAzAsAeAZAQAUAQASAGABAAAB
2706000,C1ChCPBtBBA5AsAsAnAdAYAUAPAZAPAIADABABC4CgCDBlBLA6AyAxArAmAaAXAQAWAUAKAHAAAB
2706109,DGCpCVBmBBAwAvArAkAXAaAPAWASAJANADACABDCCmCTByBDA6AzAtAiAVAcAWARAXANAFAEABAB
2706208,C8ClCFBiA5AoA7AtAfAvAcAYAaAfAGAEAEAAAAC5CQCGBcBJAvBEAkA3AqAgAcAYAaACAQAFAAAC
2706307,CUCJCKBuBGA6A1AxAoAfAbAXASAUAOAIAFABAACXCMCNB7BVBGA+A6AuAkAeAaAXAWAPALAGACAC
2706406,CuCRCPBoBHA3AtAoAkAcAgAWATAYANAIAGACAACuCTCKB2BLA8AxAzAsAgAiAeAVATARALAHADAD
2706505,C6CnCJBnBRA7AwAqAiAhAeATAVAXAQAIADACABDOCgCBBfBRA8AvAsAlAeAXARAQASANAGACADAB
2706604,CbCYCDBjBHAxAtAoAkAcAUAbATAeAdALAGACAACnCiCOBnBEA3A1AvAtAoAgAeAUAeAUAWAGAHAC
2706703,CeCMCFB0BKA4ArAmAlAiAeAYAXAVAOAHADACABCaCMCGB1BUBDA1AuAwApAlAeAZAcAXALAFACAC
2706802,CrCLCABnBGA5ApAoAnAmAjAgAcAZASAMACACAACcCVCABmBPA6AyAuA2AsAiAgAbAhANAKAFABAA
2706901,C1CYB/BxBXA9A0AvArAbAYAXARARANAIABABABCwCWCLBuBWA/A1AwAmAcAdAUAWARAOAGADACAC
2707008,CcC1CYBzBFA2AmAjAxAbAjAQATASAXAJADAAAAClCqCKBWBhBEAkAtA3AZAZAVAKAcAVAHABACAC
2707107,C6CiCMBxBCA2A4AsAmAdAXAaAUANAQAHACABAACzCdCSBqBHAyA+AvAtAdAmAGAVAQAKALAFABAC
2707206,C7CPCcBtBGA3A1ApAlAcAMAZAPAYAPAHAEABABCuCmCTB1BFA7A0AxAmAcAcAWAOAXANAHAEABAC
2707305,CpCnCTB5BSA+AxAsArAnAfAXASAUAMAGABABABCvCeCIBtBPA9AvApAmAeAXASANAQAKAEAEABAA
2707404,DDCkCGBrBPBAAxApAmAfAWAfAWAXAPAHADABABDECoCABkBMA2AlAmAkAfAaAXAQATAMAGAFABAB
2707503,CtCbCABqA/A7AuApAmAfAfAUAVAhANAJAGACABCnCcCGBnBLA7AxAxAqAnAfAbAWAYAcAJAHACAB
2707602,CeCVB5BqBdBEAxAvAmAaAWAQAUAbAUALAFABABCeCcB9BjBjBNA2A0AlAhAcAWAZARATAMAFACAE
2707701,CRCOCJB4BUBCAyAsAqAhAhAYAUASAPAGACABAACZCLCJBzBZBGA1AxAuAlAlAaAVASANAKACABAC
2707800,DUChBvBvBkBlBFA1AjAfARASAOAMAIAEAAACACDGCcB4BlBZBIAlAvAiAZAKASADAOAOABAAAAAA
2707909,C+CnCMBjBRA4A5AmAuAYAbAOAVAQAVANAFACAFClC6B6BWBMBDA8AoAlAdAgAUANAYANAFACAAAC
2708006,CqCZCMBrBDA0AxAvAjAbAWAUARATAPAKADAAABCxCZCQB4BUA/A3AyApAhAbAaASAXAPAKAEACAC
2708105,CiCiCfB4BJA0AvAsAqAaAZAaAUAXAQAHABAAABCiCnCQBqBDA9A0AsArAkAbAVAXAXAGAIADAAAB
2708204,C0C1CLBnBEA4AwAjAiAXAfAQAXAkAVANAAACACC1CYCSBfA9A3A3ArAoAiAiAOAWAXAVALAEAAAB
2708303,CrCYCQBnBRA/ArArAnAfAeAXAWAUALAGADAAAACgCYCQBnBXA8A4AvAuAjAbAYAWAYAOAIADABAC
2708402,C2CVCSBqBFA1AwAtAqAeAdATAPAVANAHACABABC6CeCQBuBOA5A0A2AlAiAdAWAQAWAJAJADABAB
2708501,DCCdCDBiBbBIA0A0AyAhAcAaASARAJAEACABAADJCbCABkBPA/AyAtApAdAZAOAKAMAIABACAAAA
2708600,C5CUCCBqBZBOA7AwArAfAZAWAPAMAJAFACABABCwCYB8BsBgBKA2AvArAfAYARAOAPAJAEACAAAB
2708709,C1ChCIBgBKA5AhAoAoAqAhATAUAkAXAGABABAFCxChCABgBGA3ApAtAmAkAiAiAeAcAUADACAAAA
2708808,C0CbCMBsBNBBA0AqAkAbAbAQARASAJARAFAAABC5CaCIBwBNA/A0AuAoAfAcARATAQAPAJAEABAC
2708907,CuCVCDBwBNBBA7A2AmAfAdAQASAQAKAHADAAAAC2CMCAB5BXBIA4A2AsAcAZAWATAJAKAEAIAAAC
2709004,ChCjCOByA+A3A4AqAoAVAaAWAVASAPAKAAABAACiCcCRB3BTA8AxAwAyAmAhAQASAdANAJABAAAA
2709103,CoCdCQBkBDAvA0AyAkAdAVATAWAXAQAFACACABC5CdCVBvBLBDA0A1AoAfAeAUASAaAOAFADABAC
2709202,CsCUCNBtBDA4AzAvApAeAZAZAPAXAQAKADABABCvCaCKBuBQA9A0AyArAfAaAZAWAVAPAJACABAB
2709301,CiCaCRBxBNA7A0AtApAdAaAVAWAUAPAIACABAACiCYCOB0BSA/A2AxArAiAaATASAWAMAIAEABAB
2709400,ClCcCYBuBHA4AqAnAlAcAXAcAVAZAOALACAAAAChCaCTBwBNA/AyAwAmAkAdAaATAVASAKAEACAB
2800100,CgCkBaCKBGAtA6ApA0AfAUAZANAwAWAIAJAAACChCQCNBaBLAxA2A7AgAXA3AWAUAhALAgACAAAA
2800209,CdCcCXB5BCAyAuAqAkAhAZAXAXAXARALAFABABCdCYCQByBHA8A3AyApAjAbAdAUAWAUAHAFACAC
2800308,CUB/B1B0BjBOA9AvAmAcAYAUAQAMAIAFACABABCRB7B8CJBwBbBEA1AsAjAhAZAVAQALAJAEACAB
2800407,DDClCMBrBHA+AvAnAgAaAdAUAWAVAKANAEAEAADBCgCKBfBKA6AvAyAnAfAdAXANAWAKAHACACAA
2800506,C1CeCSBwBEA2ApAhAgAcAiAaAKAaAUAKAKABAACvCqCRBwBBA3AwArAqAcAhAUAZAMAMANAEACAC
2800605,CdCUCDBqBaBFA6ApAsAgAeATAQATAOAGABACADChCaCBBvBZBFA1AwA0AiAeAYAVAMAPAHACACAB
2800670,CoChCQBzBOBBA6AsAlAYAYAUARARAMAJAEABACClCYCRB0BPA9A5AwAlAeAaAVAQAXAMAIADAAAC
2800704,C5CfCWBoBAA3ArAjApAqAiAdAMAUAUADABAAAAC7ChB/BfBBA5AwAnA2AqAlAUAMASAWALAGAAAA
2801009,CdCgCSBqBBAuAqAoAiAhAgAbAXAVAQAOAIACAECiCSCNBrBJA2AxAzAqAlAjAfAYAXAUASAGADAD
2801108,CpCXCZByBEAuAlAxAoAhAgAQANAfAEAUAGABAAClCtCZBtA9A4AxA0AsAhAaAVANAYAXAKACABAC
2801207,C7CnCVBzBDA9AuAuAlAfASAXAQAVANAFADACAAC5CuCUBuBEA0AuAuAqAdAZANASATADAGADABAB
2801306,CvCXCRBuBGA9AuAoAkAkAeAcAWATATAJADAAAACpCXCMBoBSA+AuAtArAkAdAcASASALANADABAB
2801405,CXCfCfBzBCA8AzAsAlAZAYAYAUATARAJADABABCeCgCgByBLA/A2AuAnAbAbAVAWAUAMAHADADAA
2801504,CjCVCBB5A/BBArA7AdAiAaAbAVAVASAIACAAAAClCMCUB1BSBBAuA0AoArAeAXANAWAZAEACADAA
2801603,CACHCmCQBOAzAxAwAqAeAdAZAYAcAYAKAEACAAB2CDCRB6BEA4A8A1ArAlAdAbATAgAWALAFABAC
2801702,DACjCUBuBGAvAuAkAuAiAdAVASATAOAGAEABAAC7CUCLBmBBA9A1AuAuAkAYAbAQATASAIAAACAA
2801900,CqC9CWBYBHAsAzAuAjAbAeASAYAYARAJAHAAABCtCQCJBjBDBJAzAzAqAVAcAcAiAZARAGAEAAAA
2802007,C4CpCIBsBIAyA8AdAcBAAUAOAIAUAbAVAAAAAAClCkB/BoBNA8AoAyAdApAbAZALARATAQAHAHAD
2802106,CgCQCJByBUA9AwAnAkAeAaAZAVAUAPAJADABABCaCRCIB2BZBBAzAuApAlAjAZAYAYARALAFACAC
2802205,CuCYCPBvBIBAArAwAcAbAOAaAWAVAOAKAAACAAC1CkCLBsBSBLAyAwAiAiAVATAOAYARAEAHAEAA
2802304,CQCaCIBpBOA9A5AsAmAYAVAdAWAXARALACABACCSCXCPBzBUBFA5AsAuAgAfAZAdARAVALAHABAB
2802403,CxCpCcBwBBA2A3AvAiAaAXAXAPAVARAEAEABAACyCjCLBvBGA+A3AuAlAiAUAWAOARARAHADABAC
2802502,CYCtCjB/BHA0AeA6AdAMAhAjAcAjAYALAAAAAACCCSCVBVBGBAAzAqAqAjAjAQAZAcARAUAGAAAI
2802601,C5CgCVByBLA+AyAqAfAfASAZAMAXARAEAHAAAACrCYCOB6BXA1AzAnAlAfAfATAOAZAKAHAEACAA
2802700,CjCdCQCABGA0AlAlAoAkAXAaAOAZAVAKABACABCbCWCUBuBIA6AsAyAsAqAjAWAbATAWAKAEADAA
2802809,CvCoCOB1AuAvAkAtAqAmAbAdASAfATAMADABABC4ChCGBdBCA3AsAuA4AjAcAcAcANARAFAGACAA
2802908,CYCUCVB1BLA/A1AsAlAcAYAZATAUAJAIAFACABCeCOCMB1BWBIA4AuAqAiAhAVAXATAOAMAEACAC
2803005,C4CeCKBxBJA6AzArAkAhAYAaASATALAJACABABCyCUCJBuBRA/AxAuAoAkAdAVATAQANAJAFABAB
2803104,CgCECWCQBVA4AzAvAfAaAaAaAZAPAUAHAFAAAACeCPCXB6BOA3AxAvAjAUAgAmAVAMANAOAEAAAA
2803203,C5CjCSBqBCAyAsAjAlAcAeAaARAYAYAJADACAACvCjCNBnBKA2AwArAoAiAcAbARAXARANAEABAB
2803302,CuCXCWB0BGA2AuAtAmAfAcAdASAZAVAHAGACAACfCRCMBqBGA8AuAuApAiAjAZATAXAYANADAAAA
2803401,CfCZCeB4A1AvA2ApAoAfAYAgAWAiASAJAGACACCcCaCLBqBBA7AwAxAiAqAlAaAVAZAXAFAFABAB
2803500,CgCUCMBwBJA7AxAtAoAfAeAYATAVAPALADACABCZCVCOB2BQBDA2AwAsAjAeAaAVAUAQAJADACAB
2803609,DHCZCLBvBPA+A1AqAgAZAYAdASAQAOAIAEACABC7CRCABnBUBHAxAqAmAfAdASANASARAIAEABAC
2803708,CUCpCNB9A5AzArApAaAdAcAkAYAWAeAJAGAFAACICVCUBfBHA6A1AwAfApA2AUAnAiAVAHADACAB
2803807,CtCVCjB4BRAmAqAmA0AaAeAXAMAZAVAQAEAEAACaCNBxCOBIA0A9A2ApAiAVAeAcAKASAPAAAAAA
2803906,CxCkCSCJBLA0AlAmAoAeAVAXAUANAIAOADABABC7CjCTBvBEA4AqAtAuAdAXASAQAQATAKADAAAB
2804003,DACfCBBrBSBBAxAkAlAdAWAbAQAUAPAKACADABCyCWCJBoBPA+A1AwAoAfAXAYAVASAUAGADABAB
2804102,CcCkCHB0BIA3A3AvAiAdAcAWAZASAPAKAGAAAACWCUCCBsBPA/A6AzAmAoAdAfAVAXAUAKAHAAAE
2804201,DACoCVBzBHA8AuArAjAbASAYAQAOAHAGABACABDCCsCfBqBQA6A0ApAgAeATARAKAMAOAFACABAA
2804300,CuCaCKBzBRA3AvAmAiAfAYAWAaAQASAIAGAAACCzCjCIByBIA9AjA3AnAhAZASARALAkAJADADAB
2804409,CjCTCJBxBNA0AsAoAmAiAeAVAYAYARAFAEABAACtCPCIBpBKA2AsAsAvAnAkAdAeAbAZAPAEADAB
2804458,C3CvCVBuBEBEA3AoAdAYAPAWASAWAIAKAFAAAAC0CnCLBuBQBCAxAmAoAbAcASAUANAJAHADABAD
2804508,CuCgCbBpBOBAA3AvAlAcAWARATAOAJAIACAAAAClCkCZB4BTBAA9AtAkAaAVARAQANAIAHAEABAB
2804607,CVCgCRB4BCA5AzAuAjAdAcAWAVAWAOALAGABABCOCWCPB2BUBCA4AyArAlAdAZAUAXALAKAEABAC
2804706,CiCiCdB+BFApA3AjAmAoAcARARARAOAJAIABAACZCRCfB6BOA5AzAsA1AiAhALAIAPASASAFAAAA
2804805,DDCpCQBsBNA9A1AvAjAaATAaASARAQAEADAAAAC5CeB9BjBPBCA5AuAlAaAeARATALARAIACAAAA
2804904,CzCiCWBzBBA0AqAwAsAhAbAVATAQAVALAEABABCxCUCLBoBJA1AtAvAtAkAiASAOATAWAGAHABAD
2805000,CZCMCMCMA2BGA4ATBGAYAbAOATAOAYAHAGANAACtCUCGBvBWA7AqAUAqBBApAbADAIAfAHAPAAAA
2805109,CpCcCNB4BIAzAzAmAmAeAWAWAWAQAQAMAGADAACvCbCWBrBFA8AxAwAqAiAfAUAOAUASAMAGABAE
2805208,CiCZCYCCBPA1AwApAhAPAVAfARAiARAIAEAAAFCVCNCWBsBUA4A4ArAoAgAZAjAaARAPALAGACAD
2805307,CgCsCKB5BKA0AnAxAwAhAdAcAXAZAUAKACAAAACmCWCPBpBEA5AwAhAiAiAbAaAdAcAaAAAAAAAE
2805406,C6CgCQBuA/A5A3ApAiAaAXAVAPAZAPAKADAAAADACeCSBvBMA9A0AyAjAeAZAVAQARAKAHABABAB
2805505,CaCfCWBnA6A5AyAxAoAhAYAeAWAZAPAIACABABCcCPCTBsBKBDA6A1ArAjAeAfAZAUAPAJAEABAB
2805604,C3CjCUBuBIA4A0AuAlAbAbAZARAWAJAJACABAAC0CbCPB1BLA7AyAuAkAdAWAXARAPANAJADAAAB
2805703,CAB6CHB8BYA9AtApAnAgAfAaAWAaASAMAEABAACAB5CICCBbBBAyAxAwAuArAgAcAcAVARAFADAC
2805802,CcCVCYBxA9A1AvAsAnAgAdAWATAaATANACABAACdCYCUBvBMA8AzA2AsAmAeAaATAaAPALAEAAAC
2805901,C4CQB/BuBOBBAwAuAhAbAXAXAeAPARAGAIAEAAC4CRCJB2BSA+A0AyAjAfAfARALAVARAOAEAAAB
2806008,CbCUCQBwBHA5AxApAkAcAaAYARAbAOAKAIAEABCXCgCNB1BMA/A4AvApAgAdAfATAZAPANAGAEAC
2806107,CmCZCIBpBhBEAxArAzAaAfAfAcAVAOAEAEAAAACcCXB6BxBFBBA2AxAtAdAXAVALAdAVAKAGAAAA
2806206,C6CzCXBvBEA3AvAqAmAfARAcAVASAQAMADAAAACrCgCOBoBIA4AzAtAmAfAaAVAUANALAKADABAA
2806305,C/CoCOBkA+A4AsApAlAgAdAgAXATAYAIAFABABC6CfCKBfA/A3AqAsAnAkAgAZATAWAPAFAHADAA
2806503,CxCoCoBeAuA9AoAgAnAjAWAdAXAnAJALAFAAAAC3CeCPBlA/AxAqAvAkAlAmASAWAgATAGADAAAD
2806602,CtChCUBsBIAxArAwApAjAjANAQAbANAIADACACCxCVCWBsBGA7AxAvAwAbAeATATAWAPAKABACAA
2806701,CnCYCPBsBMA3AtArAiAcAbAcASAXARAKADABABCmCYCIBkBMBBAyAsAsAoAjAbAYAYAWALADABAB
2806800,C4CeCCBoBGA+AxAvAeAdAYAYAYARAUAFABAAABDFChB6BvBEBDAtAzAmAdAaAgAaAQARAKABACAC
2806909,CuCSCTCEBCAsA3AsAZAiAnAZAVAUApAAAGAAAACQCYCWBuA4BBA1AkAiAgAtAOAQAMAhAPAPAAAA
2807006,CNC5COBtBQA3ArA0AZASAeAQATATATANAEACAAC5CVCZBvBTA2AyAzAqAbAhARAaAPALAKAEAFAD
2807105,CRCZCHBvA3AuAuAtAmAgAjAaAVAYATAOAGACABCQCMCKB5BJA8A1A0AvApAoAhAhAZAUAMAJACAD
2807204,CxCeCPB8BLAyAyAjAiAaAiAfAUAbAYAIAEAEAACrCYCHBhBEA8AtAsAnAlAlAXAMAVAYAAAIAAAB
2807303,CuCeCEBlBMA9A8AnAkAlAaAMAfARAOAOAAAAADCoCVCOBwBLAqBOArAnAdAkAUARAYATAQAAAAAA
2807402,CgCSCJBqBBA1AyAwAmAgAdAZASAWAPANADAAAACfCSCJB0BQBBA4A4AuAmAhAbAUAYAOALAGACAC
2807501,C8CrCVBvA6A1ApArAmAgAfAUAUAXANAHADABAACyCdCPBxBDA4ArA2ApAjAXAVASASASAKADABAB
2807600,C8CgCUBuBHA5A0AnAnAdAaAbAOAYAMAIAEADACC1CbCDBjBPA8AwArAqAhAcAZAbAPALAEAEABAC
2900108,B9B8CAB0BRBFAyAmAuAgAkAiAWAdASAQABADABBzB0B6ByBcBRA3AzAxAuArAhAfAbAZAVAGABAG
2900207,CsCiCDBqBDAzA2A0ApAYAUATAPAWAVANADAAAACvCTCPBwBRA9A9AwAuAYAXAZAXAgAPAIAAAAAC
2900306,CgCRCGB6BMAzAuAiAhAkAlAhAYAYARAPADADABCcCUCHBlBKA2AwAsApAtApAZAcAZANAPAFAFAD
2900405,CuCgCOBkA2AvAqAvAmAdAiAYAVAaAMALAGABABCxCgCRBeBIAyA1AtAsAmAhAgAWAbAVANADACAC
2900504,CICYCDBiBIA9A3AuAjAiAoAVAcAWARAHAEABABCTCSCABoBSBEA4AwAxApAdAYAfAXAbASANADAC
2900603,ChCXCBCBBhBJA4ArAqAmAmAXAaARALAFACACABCSCDCEB4BPBIAxAxApApAfAQASAMAIAEABACAB
2900702,ClCNCEBtBOA7AwArApAhAdAYATARALAHADABABCkCJCGB7BXBEA6A0AuAmAhAXAWAYANAKAEACAC
2900801,CiCVCPB8BTBBA2AuAwAnAiATAQAMAJAFACABAACbCUCLB6BbBGA4AvAsAeAYATAOAMAIAEADABAB
2900900,C3CaCEBwBbBKAyAuAtAdAiAWARAWAMAHABADAAC/CQB1BxBYA8A1AmArAhAfANAMAQAIAEABABAA
2901007,CXCNCMBpA7AsAkAlAmAoAtAdAYAaAWAKAFABABCVCSCGBwBLA2AxAyAyAvAtAeAcAdAUAOAKACAC
2901106,ChCOCDBwBWA+AtArAmAkAkAcAbANAKAKACABABCxCWCBBuBYBBAxAuAtAmAiAUAQASAQAHAEACAB
2901205,CvCeCWBuBKA1A1ArAoAdAcAaATATAMAIADACABCwCeCRBpBSA9AuAwAnAeAdAUATARALAGAEABAB
2901304,C5CjCTBpBFAxA1AxArAfAjAWAQAcAPAGABABABCvCgCIBdBCA1A3AwAtAfAgAXAPAbALAHACABAB
2901403,CxCkCPBsBIA8A3A0AuAhAgAYARAPAPAFABAAABCwCUCOBnBGA4AyAsAoAjAgAXAQAXALAIACABAB
2901502,CWCTCRBaA/AqApAvArAlAjAWAUAeALAIACADACCTCZCcB1BLA7A3A0AsAxAbAhAhAbASAMAGABAB
2901601,CBCDCKB/BUBFA2AxAwAlAbAbAXAWAKAIADABABCDCBCJCCBgBHA7A6AwAgAhAbAVAMAKAJAEACAC
2901700,CgCdCbBpAyApAkApAlAmAgAcAXAYANAKAEACABClCaCSBrBEA3A1A0AvAnAhAhAXAiARALAEAAAC
2901809,CoCgCMBiBEA0A3AqAuAbAgAcASAVAJANADABAACsCZCUBZBGA/AyAvAvAjAcAhAYAcAPAIAEABAB
2901908,CVCbCPBoBAA1AwAuAiAeAhAiAhAdASAPAGAAAACUCGCJBpBFA3AvAxAsAsAnAgAfAVAVASAIABAD
2902005,ClCeCTB4BSA4AxArAmAbAcAWASAQASAMABABACChCSCUBuBPA4A0AsAwAcAfAVAVAUASAHADACAF
2902104,C5CgCWBoBCA2A0AuAmAcAcAaAWARANAIAEABABC1ChCRBoBIA6A1A0AnAdAaAWAPAQAMAIAEABAB
2902203,C1COCHByBIAzAoAjAkAlAiAVAZAcAXAHAFACADCfCMCNBiBHA8AxA2AqAkAeAgAgAdARAMAEAAAE
2902302,CiCgCGBhA/AsAmAmAqAZAqAXAtAvAgAMACABACCgCUCABhA8A0ApArApAlA0AjAgAUAWARAAACAE
2902401,DFCRCCBsBiBIA0AnArAlAnAYASAPANAEABAAABC0CJCBBwBdA8AyAuAqAjAUASAKAMAJAGACAAAB
2902500,C7CbCEBoBJA5A2AsAnAcAWAVAVAaAKACADABABCxCdCMBnBOA5A9AtAtAeAfAXAXAYAKANACABAB
2902609,CsCeCJBmBKAzAvAsAiAbAfAYAWAZALAIAEACABCqCmCQBmBPA6A5AvAmAjAgAYAZASAQAIADACAC
2902708,CyCiCTB4BKA1A0ApApAdAaAWAUARAMAHACABAACvCdCPB0BJA2AwAvArAeAfASAUATAKAHADABAC
2902807,CvCPCBBrBYBHAwAnAqAeAWAeATAYAOAKADACAACtB9B4BlBcBCA2AyAvAlApAVAYAYAQAIACACAB
2902906,CqCYCPB6BiA7AyAtA0AhAfARAPAQAFADAAAAAACnCOCQB+BcBAAxA2AyAfAWAOAPAIAGABAAAAAB
2903003,CbCSCOBtBLA0AzAxAhAdAkAeAXAeASAHADABABCVCQCJBnBRA3A2AzArAnAlAiAfAbAOAHADABAB
2903102,C1COCNCEBxA+AzArAuAfAgAbASAXAJAHADAAABC+CNBxBzBUA6AjAuAsAbAeAPAPALAHAEABAAAB
2903201,CnCOCHB1BZBFA3AsArAiAcAQARAQAJAFACAAAACrCMCHCEBbBHA2AuAoAhAcAVAQAQAJAFACABAB
2903300,C9CYCDBwBlBKBCAwAxAsAgAVAVAUANAEAAAAABC2CUBtBmBUA9A2AtAfAfAWAIATALAIAEACABAB
2903409,C7CdCFByBSA/AwApAnAnAkAdAYAXALAGADABAAC1CSCABmBTA4AtArAoAgAeAVASAOALAJACACAC
2903508,CbCcCbB6BNA1AtArAsAfAbAaATAVAKAEAEAAAACbCUChCABVA6A1AtApAfAdAVATAPAIAGADABAB
2903607,CrCVCOBrBEAtA2AoAhAgAlAhAVAWAKARAHACAACqCQCMBrBJAsAxAtAnAoAkAhAYAaAUAMAEACAD
2903706,CvCcCVBwBLA4AvAuAqAiAjAXAWAUAMAJACABABCfCUCMByBPA8A0AzArAiAcAVARAQAKAFAFACAA
2903805,C6CoCWBpBBAxAvApAnAdAgAXAVAbAMAIABAAABCvChCTBvBGAyAwAzAmAlAaAVAUASAMAGABABAA
2903904,C1CfCSB0BOA3AuArArAiAeATAPAPANAHACABAACvCbCRBwBPA5AzAuApAhAaAVATAPALAFACACAB
2904001,CXCDCDBjBWA7AuArAlAeAnAeAaAjAOALADABAACQCGB5BoBPA6AzA3AvAjAsAnAcArAXAPAEADAB
2904100,CaCWCSBzBAArAxAzAuAhAaAWARAQASALAFABABCVCWCZBvBOA5A9A1AtAkAeAYATAaAWALAFABAC
2904209,CdCLCHBvBQA/A7AzArAgAhAWARAWAPAJACACABCUCECMBrBcBDA6A1AmAkAhAWAWAaAUAHAFABAB
2904308,CwCKCHB0BSBAAqAlAnAiAjAjAQAcAQAGADABAAClCICEBkBUA/ArAsAxApAfAeASAhAKAJAHACAB
2904407,C0CoCSCBBJA8A6AwAoAYASAeAPAPANAFACABABCnCWCWBsBNA5A2AtAnAkAYASATANAKAEADABAA
2904506,B/CBB3BvBRA/AyA1AuAmAqAdAhAfAUAMAHABAAB9B3B8BuBUA6A2AyA4AsAmAlAhAgAbAKAFABAC
2904605,CfCNCOBwBNA8A5AyApAeAaAYARAQALAJACABABCeCPCOB5BaBGA8AvAqAgAfAUATAVALAIADACAC
2904704,C7CRCEBvBZA+A0ArAuAnAiAjAZAUAPAFACABABCwCKB/BmBTA5AyAtAqAjAfAVAOAQAKAHABABAB
2904803,CeCgCTBqBKA0ApAwAzAnAeAVAdASAMAFADACAACzCaCHBsBLA5AxA3AwAjAdASAUAUAJAGAFACAA
2904902,CeCbCKBsBMAyArAoAkAgAgAZAVAWAPAKADACABCfCTCBBrBPA8AzAyAuAlAhAlAcAeAQALAGACAE
2905008,CQCMCGB6BLA4A1AwAsAfAcAYAVAXAQAGAHACABCQCNCSB1BSBBA3A0AvAkAkAXAZAXAPALADACAB
2905107,CoCmCNBvBAAxAzAzAnAdAeAXAeAZAOAIACAAACClCYCPBeBCA2A6A2ArAiAlAWAUAYAMAHAGADAA
2905206,COCKCJBxBRBAA3AuAqAkAhAYAWAVAPAJAEACACCLCCCIB1BUBFA4AxAyAlAjAdAZAaAPAKAEACAC
2905305,CyCfCNBsBYA/AzAxAkAeAgAPAQAVAKAEACABABC4CXCBB0BXA+A0AxAhAfAdAVAPARAKAFADABAC
2905404,CSCjCOBpBTBDA+A5A2AnAfAVARAUASAEABAAABCICQCLBfBRBCA/A7AxAkAaAQAYASAKAEABAAAA
2905503,CzCkCOBhA9A1AuAxAnAbAXAdAbAUAOAIADABABC5CdCPBkBHA2A4AyAoAmAdAdATATAOAIADACAB
2905602,DJCXCDBtBfBIA3AtArAkAgATAQAPAIAEACABABDFCYCGBpBXBBAzAsAkAcAXANALAJAFADACABAB
2905701,C8CRByBgBrBlBMA0AqAdAZAOANAJAGAEACABABC7CLBxBjBsBYA9AvAjAaAXAOANAJAGAEACABAB
2905800,DCChCBBsBaBJA6AtArAhAiASAUARAJAFABABABDGCbB2BiBSBAA0AtAlAbAYAPAOAMAKAFABAAAB
2905909,C6CpCdB2BIA1AzAnAiAXAbAUAPAQAKADABABAAC4ClCYB2BPA3AyAtAlAdAaATAPAQAFAFABABAB
2906006,CtCgCJBwBVBAA5AxArAaAbAVARANAJAFACAAAACvCcCNBxBaA/A2AuApAdAaATAQAOAIAEABABAB
2906105,CzCYCXBzBPA2AyAsAlAkAYAaAMAZAQADABACAACgCZCIBtBPA8A1AuAyAhAgAUAXASAPAGADAAAB
2906204,CsCbCPB0BSA8A0AtAoAhAcAXATAQAMAGABABAAClCaCPBvBVA8A1AxArAiAaAVARAQAKAEACABAA
2906303,CwCXCJB4BbBDA2ArAtAmAkAaAXAVANAHAEABABCpCQCFBjBSA9AwAsApAfAbATAQANALAGADACAB
2906402,CxCgCRBrBJA3AyAvAjAfASAhATAXAXAIADABABC1CSCABWBHA3A1A2AmAaAhAfAfAaAUAGACACAA
2906501,C4CUB+BsBiBQA+AwApAgAeAPANAJAGADABABAAC3CWB9BxBfBMA6AvAoAgAYARAMALAGADACABAB
2906600,CaCVCYB8BHA9A3AvAwAcAhAPASASAMAGACACAACNCdCZB+BRA7A0AyAoAlAbAQAUAUALAFAFADAC
2906709,CoCbCRBxBUA+AyAxApAiAfAWASATAIAHABABABCbCTCMB6BYBAAzAxAtAhAbAXAPAMAMAEADAAAB
2906808,ClCaCaBuBAAzAxAwAqAcAdAfAVAVAQAKAEACAACqCcCOBlBDA0A3AxApAgAgAbATAYAQAJADABAC
2906907,CyCYCJBwBLA8A0AvAuAoAhAUAUAQAIAHADABABCoCZCIBxBTBCA1AzArAgAaATASAMAHAGADACAB
2907004,C3CcCABuBJAwAwAwAiAaAjAYANAjAOAPALAIADDJCeB+BVBIA1AzAhAlAqAVAUAPAlASAHALABAE
2907103,C2CgCSBwBNA5A0AwAnAdAYAVARARAGAFACAAAAC/ChCQBwBTA+AwAsAnAeAaAPAQAQAJAGACABAA
2907202,CmChCPB0BIA3A4AzArAbAaAZAWAVAQAIADABAACgCWCIBqBKA2A7AvAqAgAeAZAUAUARAMACABAB
2907301,CfCYCKBmA9AzArAnAlAeAbAaAdAhAUAKAFACACCeCTCLBtBMA7AzAxArAjAhAYAgAfAVAOAEAEAD
2907400,C/CgCQB2BCA7AuAsAzAjAVAQAQAVAUAPACAAAGC6CSCCBUBIA2AsAqA0AiAiAXAWAVAVAAABAAAC
2907509,C3CUB8BkBXBEA1AyAoAhAcAVAOARAJAGACAAABCyCVCCBtBWBMA8AwApAfAbATATAPAMAJADABAB
2907608,CvCbCVB3BOBCA5AuAkAcAWAYATAOAFAFABABABC6ClCYBrBPA6A0ArAlAcAZASAOAPAJADABACAA
2907707,CMCQCGB0A+AtA+AyAsAYAYAUAVAXAbAKAEABAACUCHCVB0BNA3BBA0A0AmAiAbAcAhARAPAEABAE
2907806,CGCOCQBuBEA6A0AvArAjAeAbAaAUAPAJAEACACCNCRCTB1BSBEA9A0AwAoAfAdAUAYAMAIAFABAB
2907905,CnCVCOBkA+A3AuArAqAlAbAYAZAXALAGAEACAACoCLCVBnBSA8A8A0ArAoAkAWAWAUAMALAHAEAD
2908002,CnCNCIB4BhBBAuAqAwAkAiAaATASAOAJACABABCkCKCHB0BWA4AzA0AvAlAZARAOAUANAGACABAA
2908101,CsCeCHB0BMA8AyAzAoAgAcAVAVARALAHABABAACsCdCNBwBPA/A4AuApAeAZAUASATALAFAEACAC
2908200,CtCRCJBmBHA4ApAoAjAgAbATAgAbAOALAEABAACmCSCEBtBPBBAvAwAnAmAjAaAhAeAQAKAFADAE
2908309,CYCaCPBoA8AvAlAmAlAjAjAcAbAcAWAMAEACACCSCLCJBrBFA0AvA0AxAxAtAgAiAeAYALAGADAC
2908408,CxCYCPBpBJA0A2AxArAcAbAbAWASANAHADAAAACmCeCRBoBMA6A6AzApAgAdAXAXAQALAJADACAB
2908507,CsCXCSBuBNA6AwAsApAjAeAWASAUAJAFAFABABCjCPCHBpBQA9A1AyAvAmAdAYAUAXASAJAFABAC
2908606,CrCWCMBtA/AyAsAsAlAlAcAkAWAfAKAMAFABABCeCaCDBmBCA1AzAvAwApAhAhAXAZAaAIAHACAB
2908705,CWCNCHBuBOA2AyAvArAgAbAaAUAZAQALADACACCeCOCOBsBUA/A4AxAsAiAjAdAVAdAPAKAGACAC
2908804,CLCMCKB4BOA5AtAoAhAlAlAcAUAdAWAHAIAAADCbB+B/B5BOA3AxA4AwAkAtAbAUAaAdAKAFACAD
2908903,C1CYCLBjBEA2AyAsAmAiAYAeAVATAPAGACACACCvCOCCBfBLA8AzAuAqArAmAeAaAUAWAPAEACAC
2909000,ChCbCNBtBGA9AsAjAvAfAiAVAXAVASAHACACABCYCUB/B8BQA/A6AoAwAjAjAeAZAQANALAEAEAE
2909109,CxCrCRByBPA+A1AuAlAfAeAQASANAJAEACABABCrCeCWBxBTBAA2AqAkAdAZAUARAPAIADADABAB
2909208,CgCiCjBtBHA7AtAqAnAfAbAXAVARAUAIAFAAAACcCZCiB1BKA9A0AtAqAiAaAbAUANAJAFADABAA
2909307,CsCeCUBsBIA5AyApApAeAeATAQAOAMAHACAAABCuCdCSBxBPA6A2AuAtAhAdAWARAVAPAIADABAB
2909406,C2CkCWB1BNBEAzAsAoAfAcATAPAQALAHACAAABCxCZCOBvBPA+AyAqAlAeAbASARATAGAFABAAAA
2909505,CmCYCJBNBCA0ApAtArA+ApATAYAaAJAGAFABAACtCTCBBfBQA/A3BCA2AtAdAcAMAgAHAMACAAAA
2909604,CoCkCPBiA5AyAvA3AnAfAcAcAbAXASALAEACABCyCbCDBbA+A5A3AzAsAjAgAZAeAXARAMAFACAB
2909703,C2CZCMByBJA+AtAxArAdAZAcAOAOAOAKACADABCxCVCMBrBMA2A2AyAqAkAgAUAVASAMAJACAAAB
2909802,CbCPCHBzBNA4ApAkAjAeAdAXASAVAQAGACACACCgCJCFCABfBEA3AwAvApAiAcAcAWAQAOAEACAC
2909901,CcCYCPBrBFAzAyAvAoAeAZAaAZAZAVARAGADABChCXCIBfA+AzAyAvAtAgAjAhAbAgAcANAGACAC
2910008,C3CNCECBBiBJAvAtAvAoAaAVATANAMAGAEAAABCnCOCEB2BXBHAvAwAqAgAUAPAPAJAKAEACAAAB
2910107,CPCKCMB5BcA+A5AuApAfAbAXAWAbAOAIAEACAACMCFCEB7BTBAA0A0ArAhAaAfAaAXAJASAGAIAA
2910206,B/B+CMBnBYA3A1ApArAmApAiAVARAZAKAHABABCNCJB/B0BPBCA3AsA3AvAfAjAXAeAbAHAKAAAA
2910305,CVCMCKBuA6AxAsAlApAqApAkAWAiAWAJAHABABCUCNCEBwBKA7ArAyAxAsAsAdAYAfAYAIAEACAD
2910404,CaCXCQB7BZBCA5AvAyAnAfAaAUARAKAEACABAACkCXCFB6BUBBAwAyAmAgAaAQANARAHACABABAB
2910503,C8CXCCBpBGA7AxAtAoAhAbAWATAaAPALAFACACC3CZCFBjBHA7AzAxAoAiAbAZAWAaANAIAEACAD
2910602,CsCQCEBqBHA4AuApAlAiAgAXAYAZARAGAEABABCwCUCKBjBRA+A2AvApAlAeAeAYAaAUAKAGAAAB
2910701,CiCfCbBrA/AzAwAtAnAdAbAdAWATAPAJAFACABChCcCYBxBGA4A1AyAqAhAeAZAXAUANAJAFABAC
2910800,CgCLB9BuBZBDA4AwApAhAcATAQALAIAFACABABCbCICECBBnBQBBA2AtAlAcAWARAPALAGADABAB
2910909,CZCOCTCABZBEAyApApAhAkAZAWATAUADACAAADCZCQCRBxBQA7AoAyAwAhAeAbALAcAIAIAEAAAA
2911006,CwCcCEB4BaBAA4AvAvAlAjAYAXASAMAHACAAACCtCUCIBoBKA+AxAsAqAfAdARAOALAHAFADABAC
2911105,DDCZCEBsBPBGA0AxArAcAeARAOAPAIAFACAAABC8ChCIBiBMA+A5AuAoAlAdAUAUAJAMAGABAAAB
2911204,C3CNB8B2BoBMAzAsAwAjAfAUASANALAFADAAAACyCJCCB3BcBAAzAtAoAiAcAOAOANAIAFADABAB
2911303,CSCQCJBzBFA0AtA2AwAjAuAUAXAgAYANADABABCXCBCMBsBOA3A1AwAuAjAkAdAYAdASAJADABAA
2911402,CYCRCKBmBAA7AzAqAfAiAjAWAUAeAWATAFACABCkCICJBqBEA9A5AyAoAmAnAYAZAaAaARAIACAD
2911501,C0CJCGByBhBIAwArAlAnAsASAdAUAKAGABACABC2CSB2BtBQBCAvAtAtAjAjAMASANAGAIADAAAB
2911600,CfCIB/BwB2BRBAAvAkAfAXAYAaAWASAHACABACCYCOB9BkBSA+AtAnApAlAYAYAYAdATALAEACAC
2911709,CUCSCSB0BWA+A3AvAsAeAgARAQASALAGAEABABCTCNCQB7BfBGA8AwArAfAdATASARAMAHAEADAC
2911808,DBCgCQBzBMA9AzAwAsAmAcAVATASAHAFACABAAC1CYCNBtBQBAAxAwAnAeAVAQAKANAHAEACABAB
2911907,CwCdCOBpBDAyAwAnAmAfAhAdAXAWAOAHADABABCsChCOBoBIA1A1AtAuAmAiAYAUATAUAGACABAC
2912004,CSCOCXByBXBAA3ArAwAgAkASAPASAQALAEABAACLCQCPB0BWBAAxAtArAlAhASAVAcAOALADADAC
2912103,CkCTCJB4BYA4AtAsAtAlAiAXAVAQAOAIAEABABCkCRCNBzBSA8AwAyAuAjAgASARAOAKALADABAB
2912202,CDB8CMB6BaA8AkAkAnAlAuAXAqAeARAHACADAACIB4CCB/BZA8AzAnAzAmA4AfAkAXAPAKACACAA
2912301,CnChCVBvBNA0AtAtAtAiAnAVAUAVATAGADACABCfCVCYBsBKA4AuAzAxAmAXASAOAPARAFADAAAC
2912400,CoCcCUBwBQBCA4A0AnAdAbAcAWATAQAHADACABCiCVCHBlBXA5A0AtAmAgAiATAWAPAOAFADAAAA
2912509,CVCWCOBpBQBBAtAuAqAXAoAYASAYAUAKAFAAAACRCACFCKBOA7A5AvAwAlAlASAWAfARAKAFADAB
2912608,CdCaCQBuBNA6A1AuAnAeAiAXARAWAHANADACABCeCaCKB5BPA+A+AqAmAoAcAVASAXAKAMABACAB
2912707,DbCYBxBtBhBMA1AsAtAmAgAZAQAMALAEABABABDRCLB4BhBdA+AuAsAnAdAWANALAMAIAFAEACAB
2912806,CiCdCPBvBFA5AzAuA1AoAcAZAYAWAPAIACAAAACZCgCRBuBHBDA0AuAwAkAcAQAQASAJAGAAAFAC
2912905,C4CUB5B4BnBHAwArAsAlAjAUAVAUAHAEADAAAAC2COB+BvBWA6AxAtAuAfAdARAOARALAEACABAB
2913002,CHCHCFBjBIA1AvAwAoAgAkAcAZAiAZALAEAAAACECDCJByBVA8A3A1A0AoAoAiAdAlAZALACADAB
2913101,CwCeCRB0BRBAA1A0AtAbAgASARAYAMAFABAAAACaCmCTBuBMA+A1AwAnAfAZATARARAHAEACAAAA
2913200,CmCiCQB2BMA3A0AuAoAjAeAYAUARAQAFACABAACjCSCVBxBIA8AyAvAkAlAgAWAbAVAIAGABAAAA
2913309,CFB/CSB6BlA+A+AwAlAgAaAfAXAXAJAIABADABB5CMCSB4BnBCAwAzAyAmAaAcAZAPAIAIAGAHAA
2913408,CTCVCQB3BQA/A4AtApAVAjAbAWAbAOAJACACACCUCFCNByBYBCAxAsAsAeAcAaAYATASALAHACAB
2913507,CmCZCSBwBKA4AsArAwAnAjAXAWAZALAFACAAABCjCRCNBzBSA5AyA1AtAhAbAcATAQAJAFABADAB
2913606,CmCPCAB1BiBDAyAtArAkAfAbAVARAMAHACABABCoCJB+B2BbBEA0AvArAjAeAUAQAQALAGACABAB
2913705,CxCXCFBdA+AxAuApAjAeAdAiAZAaAQAPAFADACCnCcCGBfBDA6A0AwAuAlAlAeAbAdASAOAJADAC
2913804,ChCYCYBqBBAtAnAuAoAiAhAZASAaAPAEADABABCjCTCTB3BSA6AzAyAtArAgAZATAWAOAKAEABAB
2913903,CsCPB9B1BfBCAwAoApAjAkAYATATALAGACACABClCJCAB6BYBEA0AvAuAlAfAWAQARANAHABABAB
2914000,CsCkCVBrBGA1AwAsAnAfAZAXASAWANAFAEACABCqCfCRBuBOA7A1AzAmAiAbAVAUAUALAIAEABAC
2914109,CECGCTB3BCAyA0AxAxAhAqAhAiAZAQAFABAAACCGCQCMBlBNA8AzAxAvAuAjAhAWAdAWAJAGAEAB
2914208,CNCGCABnBUAzAtApAvArArAYAXAhALAHAEABAACdCPCIBwBVBAA3AzAyAmAsAXAaAXAMAMAFAAAA
2914307,C2CWCNBxBbA/A0AsApAhAcAYARAWAMACAGAAABCfCWCEBsBXBCAwAvAnAjAeAUASANANAHACABAA
2914406,CaCDCMBrBWA7A0AuAnAfAiAcAZAfAQAFACAAACCbCECFBuBUA9A1AvAtAmAoAZAbAcAOAKADAAAC
2914505,CgCVCOBqBAA0ArApAmAlAfAeAYAXANAGADABAACdCUCJBnBOA6A5A2AsAvAjAiAXAYAQAMAEACAD
2914604,C0CfCNBvBXBDA8AwAoAbAZASAPALAIAFACABAACyCcCNB2BXBEA3AuAlAbAWARAOANAGAEACABAA
2914703,CoCZCNBsBJAzAvAqAmAeAdAaAVATAMAIADABABCkCdCLB3BRA7A2AwArAlAfAaAUAVAPAHADABAC
2914802,CYCKB/ByBfBEA2AvAtAkAeAVASAPAMAGACAAAACZCHCAB+BnBNA7AzAvAkAeAWAQAOAKAIADABAB
2914901,DOCZCFBuBWBBAzA4AvAjAgAXAWATANAFACABAADBCVB8BYBIA5A2AtAmAdAcARAUASAGACABABAA
2915007,DCCnCJBpBBAzA1AoAiAeAfAXAUAbAKAGABABACC5ChCPBmBKA6AxAtAoAmAcAVARAVALAGADABAC
2915106,C1CYB9BwBYA8AsApAvAfAgAVASAZALAIAEAAAAC2CMCBBwBUBFAvAuAtAfAbAVAUAVAPAHADAAAB
2915205,C2ChCHBzBZA9AtAxAvAoAgASASAOALAEADAAABC2CbCJBrBLA7AwAyAvAgAZARANAMAHAGADAAAC
2915304,CjCaCOBxBVBAAvAsAsArAlAWAUAOASAEADAAABCiCSCFBxBWBFAxAxAqAkAhAIASAOALAJABABAC
2915403,C1CoCQB1BQBCA0AuAvAgAgAVAWAQAOAEACAAAAC7CyB9BiBLA6A0AoAiAiAQARARALAGADADAAAB
2915502,CyCMCCBzBlBDA8AwAvAoAnAVAVAQANAFADABABCpCIB7ByBXA+AwAxApAhAZAUAQANAKAEABABAC
2915601,C7CeCOB1BRA/AzAuArAjAcAZAPAMAJADACABAAC0CbCMB1BXBCA0AuAoAeAWAPAMAJAFAEACAAAB
2915700,DACOCDB0BuBQA2AsAvAfAjATAUAPANAKACADACC5CFB3BhBfA7AzAsApAdAUARANAKAJAJABAAAB
2915809,CpChCMB4BLA1AwAwAuAmAgAYATAUAMAHACABABCgCUCKBxBKA+AyAyAtAjAdAWAUAPAMAGABABAC
2915908,CzCXCFBqBSBGAyAnAnAoAmAUARAYANAMADAAAAC+CsCMBTBMA0AoAoAsAkAbAaAMAWAGAIAHABAB
2916005,CTCaChB7BIA2AyAxAzAnAiAVASAQAMAEACABABCXCWCbB2BPA8A2A1AuAkAbATANAOAGAGADABAB
2916104,ChCZCIBzBTA6ApAlAsAcAhAYASAVAKAHABACACCrCMCMBvBTBEAuAwAwAoAkAVAVAUASALACABAB
2916203,CzCZCGBwBPBAAuA0AyAlAjAbAWAXARALAEABABCtCSB8BfBRA4A5ArApAiAaARAQAOARAEACABAC
2916302,DICoCJBsBMA9AyAwAtAoAjAUANASAIAIAEABABC/CdCIBkBOBBAyAsAjAYAWARAMAMAGACAEABAD
2916401,CaCRCKB2BWA7AzAwAvAkAfAWASAPAMAGAEABABCYCOCKB6BTBEA9A1AxAiAdAVARAQAMAGADABAB
2916500,CyCVCHBjBCAwAuAvApAjAfAfARAVAUALAEABAACnCdCIBqBEA4AxAzAuAlAgAZAcAYARAJAGADAC
2916609,CmCaCIBzBTBBA1AtAuAgAlAUAPASAPAHACABABCmCfCGBrBYBAA0AuAvAeAcAQANASAOAGABAAAB
2916708,CaCJCEBmBSBAAuAvAtApAqAYARArAMAIADACACCaB+B7BpBYBGA6AtAtAtAeAbAWAVARAMAFACAC
2916807,CdClCWB3BIA2AzAxAuAiAgAbASATAKAHADAAAACeCbCQB1BHA7A7AzAsAkAaATASAMAJAEACACAB
2916906,CWCTCEBpBNA9AtAqAqAlAmAaANAdAOAKAEACABCiCGCBBuBUA8AxA4AzAsAoAYAXAVAYAHAEABAB
2917003,CmCcCSBtBBAzAzAuAoAbAaAcAXAWARALAFACABCrCVCNBnBFA3AyAzArAeAcAeAXAYATAKAGADAC
2917102,CvCbCLB4BVA5AtAsAuAgAgAaAUARAOALACABABCkCPCEBxBMA8AzAwAvAmAdATARASAIAIAEABAB
2917201,CbCGCFBlBKA2A4AtApAgAdAbAZAYAQALAGABABCbCMCGBuBUBCA9AyAsAlAlAgAaAXASALAGADAC
2917300,B9CaB6BnBTBKBBAyAqAlAgAUAQAJAHACABAAAACmCkCDBuBuBnBAA0AwAlAZAPALAHAIAFACAAAA
2917409,CKCTCSBxBSA7AxApArAgAoAWAVAUARANAFABABCTCHCGB0BWA7AvAzAxAkAkAWAbAdANANAJAAAB
2917508,CtCcCOBvBKA5A2AvArAeAcAWAUARALAGACABABCmCaCNBzBQA+A5AzAqAhAfAUATANALAGADABAB
2917607,CgCQB/BrBUBAAwAqApAoAhAbAXAVAKAHADAAACCoCHCCByBZBFA4A0AxAkAiAYAVARALAGACABAC
2917706,CbCbCFBmBKBBA/A0ApAdAbAZAWAUANAMAFABABCaCWCJBkBOBAA8AvAoAeAfAcAWAWARAPAFADAD
2917805,C2CcCbBqBBAzAoAlAoAiAjAoAfAaARAGACABAACwCQCLBgBAA2AtAoAqAtAlAQAZAaAGAKAFACAE
2917904,CvCoCRBsA7A0AqAnAlApAmAeAUAUAdAIADADAADACWB6BZA+A3AyAtAjAmAjAWAWAZAWAIADAGAB
2918001,CgCMCFBuBVA9AwArAtAlAgAXAVARAMAGADABABCdCGCFB2BdBFA5AzAyAmAhAYATASAMAJAEABAC
2918100,ClCdCbBqBAA4AwAxAlAbAcAdAXATAMAJACADABCkCbCQBvBJBBA4AwAoAgAeAaAXAVAJAHADACAC
2918209,CvCVCIBpBJA4AqAsAmAkAlAcATAcAUAKADAAAACzCUB5BqBTA6ArAxAqAsAoASANASAVALAGACAA
2918308,C3CTCEBwBdBDA0ApAqAjAkAaAPARAJAGACABABCsCVB8BuBaBCAxAsArAnAbAVAPAOAJAHACACAC
2918407,CdCQCIBwBXBCA8AzAvAdAaATAPAMAJAGACABAACcCRCKB6BgBKA9A1AtAeAbAUAQAOAMAGADABAB
2918506,DLCiCUBuBUBJA4AvAkAYAhAQAOALAJAFAAAAABDEChCCBqBOBDAzAoAeAdASAWAOALAGADADACAB
2918605,CCCCCMBrBNAzAsAsApAcAfAcAdAaAVAJAFABABCMCICJBuBPA8A0A2AyAnAuAXAiAmAeAKAKAFAD
2918704,CgCFB9B9BZBFA2AtAvAmA4AiAaAbATAFAAABABCXCABpBbBZA8AuAwA4AoAlAdAUAeAJADADACAA
2918803,CqCYCIBsBGA6ApArApAlAnASAUAUATANADAAABCwCaCGBqBMA2AyAyAsAmApATATARAUAIAEAAAD
2918902,CTCBCSB6BHBEAzA9A3AfAiARATATAMAGADAAAACRCNCKB/BkBMA4A5AzAeAcAMASAMAKAGADAAAA
2919009,CuCfCGB4BHA8A5AuAoAcAcAeASAUAOAKABABAACwCcCVBvBFA3A1ArAlAkAfATAMAOALAIACACAC
2919108,CwCiCVBaBIAvAxAsAhAbAfAiAaAYAHAJAEABABCrCdCPBmBNA1A4AsAhAhAcAlAaAYAMALADACAB
2919207,DPCWB0BcBcBWBHAzApAaAZARAMAGAFAEABAAAADRCRBxBfBdBVBBAyApAbAXAQAMAKAHAEABAAAA
2919306,CSCICABtBSBAA8AlAlAfAqAdAeAbAZAKAGABABCnCBB3BuBVA5ArAwAlAmAXAbAgAmAWAYADAAAA
2919405,CcCTCLBsBKA5A8AyAuAaAgASAXAWANAMABAEABCiCTCLBrBUBDAyAsArAfAbAZATAbASANADABAB
2919504,CeCXCNBrBLA3A2AwArAdAeAXAUAWASAIAEABABCZCPCMBvBOA/AzAxAqAkAeAaAVAbASAPAEADAD
2919603,CsCZCIB5A8AuApAoAiAhAXAcAbAcAUAMADACABCgCZCaBuBBA4AyArAnAlAfAeAXAkANAJAEABAD
2919702,CcCTCRCCBPA5AsAyAwAmAcAYAUAWAMAGACAAACCQCdCIB5BXA9AzA0AyAiAaARAPARAMAFADACAA
2919801,CgCLCMBuBOA6A2AtAoAcAdAZAYAXARAIAFACACCPCICDBuBZA8A5AxArAnAjAYAbAaAWALAEAEAD
2919900,CHCKCDBhBLA+A7A2A1AgAYAWAPAbATAKAIACABCMCLB9B4BWA/BBA0A4ApAaAiAXAXARALAJABAC
2920007,CVCdCKB6BfBCA2AsA4AfAcAaAYATAIAIAEABAECQCRB/B+BOA/A4AwApAjAeAUASANAJAFADAAAD
2920106,CjCbCQBtBDA0A3AsAlAeAcAaAYARAOAJAEACABCkCeCSBrBKA+A5AyAlAgAjAZAWATAOAKADAEAC
2920205,C6CkCXB2BVA8AwAwAoAbAcAQATATAJAJAAAAAACqCgCOBsBMA/AuAtApAbAZAQARAPANAGAAAAAA
2920304,CSCTCIBwBMBFBTAnAmAoAXAOAeAcAVARAEAAABCLB/B/B1BoA4A8A4AjApAYAXAVAYAOAGACAAAC
2920403,C4CZCLBxBOA0AxAoAoApAZAZASARAPAJABAAAACzCiCKBrBSA5AyA1AoAjAWAXANASAKAHADACAB
2920502,CnCUCKB3BZBAAzAtAtAhAeAVAWAUAMAHAGABAACeCNCEBzBWA6A1AwArAfAbAXAXATANAGAFAAAB
2920601,CNCQCFB5BMA2AuApApAlAeAeAgAfATANAGABACCICLCCBrBKA3AwAuAtAoAnAbArAcAWAMAGACAD
2920700,DSCfCJBoBUBFAvAyAwAiAgAbAVAPAKAGADAAAADMCYB5BmBJA2AyAsAkAcAVAOARANAFAFACAAAA
2920809,C0CwB+BsBQA8AuAmAsAcAbAUARAYAUAIABABABC1CYB6BzBWA7AxAlAnAhAaARAOAgAUAJABABAB
2920908,DCCbB/BqBgBDA1AuAxAlAfAdAYARAJAHABAAABDFCSCABkBWBAAwAoApAcAYAOANAKAIADAAAAAA
2921005,C9CRB/BvBXBEA0AoAnAgAhATARAPAKAHAEAAABCzCQCDByBYBCA2ArAnAjAfAWAPAOANAIAEACAB
2921104,CTCpCUByBUBAA1ArAvAgAgAPAOAQAKAFACAAABCbCcCQB4BYBOA2AyAoAfAaAQANALAGAFADADAC
2921203,CgCVCQBtBEA2AwAuAmAhAgAeAaAZASAJAFABAACYCVCGBkBEA7A6A0ArApAmAdAbAWAOALAFABAD
2921302,ClCgCJBiA9A1A0ApAoAhAeAcAQAZAUAMACAAABCmCQB/BqBKBBA1A2AtAnAgAeAVAiAOAIAGADAF
2921401,CrCbCEBsBMA4A9AwAoAcAgATAVAbAOAFABAAAACxCnCIBoBHA6A2AzApAhAhAVAUAVANAGACAAAA
2921500,ChCYCWBqA0AyA1A2ApAeAeAcAUAaAQAMAFADABClCaCTBnBAA0A2A1AsAhAhAbAYAaAQALAEACAC
2921609,CSCaCKB8BHA6AyAtAvAmAhAhAbAYAQAFABAAABCTCOCSBoBOAuA0AwAuAoAlAZAbAWAPAHAGAAAB
2921708,CoCcCLBuBZBAA2AtApAfAjAUASATAKAHADABABCwCVCJByBTA5A0AsAoAgAeAVASAQAJAHACAAAB
2921807,CYCVCUB1BFAwAvAxAvAfAeAUAQAWAOAGABAEACCSCUCRB+BSA5A7AxAvAjAgAbAVAVAMAGAIACAD
2921906,CKCCBzByBSA7AyAfAxAfAhAbAbAoAPAOADADABCQB+CBBmBZBEA7A1AtAwAkAmAgAdAbAKACABAC
2922003,C6CeCKBzBOBGAvAuAxAoAfAXARAVAMAFACAAAAC1ChCEBoBWA/AxAsApAbAWAPAOALAHAEAEABAB
2922102,CmCXCMBwBAA1AwAnAjAlAcAdAVAZARAOAEABAACgCWCGBoBIA5A1AyAuAnAmAaAbAaASAKAFACAC
2922201,CuCcCHBvBDAzAvA0AsAlAuAWAbATAZAEADABABCiCGB+BkBABBA0AxAtAnAlAYASAWATANAFACAC
2922300,CjCOCBBoBDAwArAnAiAbAcAaAcAfASAHAHACABCdCSCFBvBNA8AzAxAwApAjAbAlAiAXAQAHACAE
2922409,CmCPCFBpBQA3AuAqAlAlAfAaARAVAYAIAEABACClCPB/BqBaBCAzAvAtAoAiAYAXAXAQAIAEABAG
2922508,CRCMCGB3BGAzAoAlAnAgAhAcAaAaAWANAEAAABCSCJCJB4BTA4AzAvAwAqAmAfAgAZAVAOAIADAC
2922607,DACQCFBqBUA/A5AsA0AhAkAYAPAaAOAIABACABC3CGBuBvBSBFAyAzAxAhAdARASAKAHAHAEACAC
2922706,CKCSCYCBBhA7AtAqAsAnAfAeAcAVAMAKABAAAACICKCRCABOA4AwAxAxAmAgAWAQATAHAKADACAB
2922805,CwCWCNBzBWA3AsAlAqAgAjAbAcAWASAJACABABCkCDB8BpBXA9AsAuAuAnAeAcAaASAXADACABAC
2922904,C3CrCVBoA6AvAxAqAgAbAfAcAYATAKAKAEABADCwCgCQBoBIA0A2AxAlAfAnATAWARALAMAEADAD
2923001,C0COCGByBbBDA0AsAvAjAmAWATAUAKADACAAABCmCQCBBrBgBDA4AxArAdAgAOASAKAKAFACAAAC
2923100,CvCdCNBpA9A0AwAsAlAeAfAUAQAVASAJAEABACCuCjCTBqBQA3A0AyAsAgAYAcAQAXAOAJAEACAC
2923209,CdCYCMBtA/AvAwAzArAfAjAZAZAfAQAOAGADAACUCUCKBjA9AwA1A1AtAnAgAgAhAeAXAMAFACAD
2923308,ChCZCZBsBCAoAhAeApAmAfAlATAYAWAVAFAFABCLCOB/BfA9A8AvAxAuAvAwAjATAjAeASAKADAD
2923407,CtCfCLByBWBAA6AqAoAfAWAaASAQAOAEABABABCuCQCIB0BYBBA2ApArAfAWAZARARAIAFACACAC
2923506,CZCKCFBrBIA2AtAnAtAfAjAaARAjAeAOADACAACZCHCDBiBOA4A0AyAyAlAoAfAWAoAdAOAEACAB
2923605,CKCFB+BXBRBPA5AvAmAdAdAdAVAgAcANAKACABCQB+B8B9BcBDA8AuApAgAnAdAUAeAWAMAHAEAB
2923704,CxCZCQBxBJA2A0AtAmAeAbAXASAOAOAHAEACABCtCRCOBsBKA4A0AwAqAiAdAbAWAaASAJADABAB
2923803,CXCTCUB0BAAzAwAsAmAcAgAdAZAVAPAMAEACACCYCKCQBxBOA9A2AyAvAkAnAcAXAVATALAFACAC
2923902,DMCeCHB7BjA/AyArArAjAaAZAYAMAJAEACABACDHCZCEBsBSA2ApAqAkAZAYANAMAKAEAEACAAAA
2924009,CkCUCHB0BGBAA9AwAqAfAcAYAOAMAGAEACABAACiCVCOB6BXBNBBA2AsAiAdAUAPALAIAHABABAB
2924108,CdCMCQBzA7AuAkApApAmAoAdAYAbAQAQACAAAACMCMCGBlBDA0AwA1AzAsA1AdAXApAfALAHABAC
2924207,CrCmCbBoBFA9A3ArAoAcAZASANAVAJAKADABAACtCuCSBtBQBEA0AsAhAdAdASARAQAJAGABACAB
2924306,CZCACABuBRA5AwArAkAgAcAcASAdAVAJAFABABCOCKCABlBcBEA0A3AtApAuAbAdAhAaAMAHABAC
2924405,C1CrCTBvBFA0A0AqAnAbAdATAPAQAKAJADACAAC5CjCNBsBNA7A1AsAnAfAaAUAQATAPAJACAAAA
2924504,CvCRCNBtBUA6A3AyAqAdAfARAOAPAOAHAFACABCxCRCFBwBSA+A2AuAvAZAgASAVATAQAIAEABAD
2924603,CoCnCHBiBIA/A8A4AqAbAbAcAVAWAOAFADAAAACnCfCGBfBNBDA5AxApAgAYAbASASAQAHABABAB
2924702,CbCSCHBwBNA8AzAwAqAfAdARAQAXAOAGACAAACChCVCNB+BcBHA6AzAmAcAeAdAUAVAJAJABACAA
2924801,CpCYCMBtBAAzAvAoApAhAmAVAXAaAOAKABAAAACkCgCMBlBKA1AyAzAqArAgAZAgAaAKAJADABAC
2924900,CmCUCPBsBSA5AwAxAkAhAmAcARAXAPAHAFAAAACbCaCFBmBUA/AvAzArAfAiAdAZAUAKAGAGABAC
2925006,CiCVCOB3BLA1AvAvAsAmAhAaATASAMAGACABAACnCRCLB1BPA/A0AzAyAiAfAWAUAQAIAHADADAB
2925105,ChCVCQBvBMA3AuAuApAiAfAZATAYAMAHADABABCgCYCIB1BTA+A0AzAsAkAhAWAUAUALAHAEACAC
2925204,CtCVCQB5BSBCA1ArAtAhAgAVAQAQAKADACABAACsCZCGB0BSBHA1ApAnAiAYATAQARAJAFAEABAA
2925303,C4CWCABuBXBMA8AxAtAiAgASARANAIAEACAAAAC3CTCFBqBeBKA5AwAnAeATARANAIAHADABABAB
2925402,C1CiCgB3BSA2AuAuAqAmAYAZANAWANAFABABABCxCdCPBvBJA8A3AwAoAaAYAQAKALAIADAEAAAA
2925501,CwCfCMBtBPBAA3AwAsAiAiAUASAPAHAEAAABABC7ChCFBsBVBIA2AtAoAgAZAQANAIAGADADABAB
2925600,CzCrCTB0BTA/AzAwArAaAYATASAPAKAJACAAAACkCiCWBvBNA9A2AtAnAbAZAQAOASAFAFABACAA
2925709,CYCdCTBwBLA8AzApApAgAeAVAUAZAMAJACABAACfCaCMBqBTA/AxAvAuAgAhAZAbARASAGACACAD
2925808,CqCcCPB2BEAyAzAtAsAgAeAaATAVAQAHADABACCpCSCPBuBFA3A1AzApAgAgAZAYASAOAIADADAD
2925907,CpCaCOBrBEA2A5AuApAgAaAeAYAYARAKADADABCpCZCPBmBGA6A1AwAmAfAkAYATAUAMALADACAC
2926004,CwChCVB7BMA6A0AtAiAZAWAVAQARAOAFACABAACtChCUBtBNA8A5AuAlAcAeAUASAUALAFADABAB
2926103,CqCXCXBnBGA7A4A6AtAaAXAcAUAPAOAFADAAABC8CgCKBkBQA8A7AxAlAdAdATANAQAJAIADABAC
2926202,C6CZCMBuBTBBA3ArApAfAdAWAUAUALAHACAAAAC2CQCDBtBSA5AzAsArAfAZASAUATAPAGACABAA
2926301,CfCeCXBsBOA7A4AxApAcAdAWAUARALAGADACABClCXCTBuBPA9A7AyApAgAdAVAQARAMAIACABAB
2926400,CdCPCOB5BTA6AzAsAtAgAdAYARAXAPAIAGACACCbCQCJBtBXA8A1AuAsAgAhAWAYAXAPAHAEACAB
2926509,CmCiCSBpA5A3A0AwApAhAhAVATAVAPAKACACABCjCbCSBpBKA/A5AyAnAoAcAYAWAVANAHACACAB
2926608,CcCbCSBxA/A1A1AwApAfAcAYAXAVAMAIAEABABCiCYCOByBMA9A5A0AuAjAbAaAXAUAMAIAEACAB
2926707,CICOCFBuBLA4AyA0AqAfAcAbASAcAPANADABACCGCICLBxBUBBA7A1AuAnAlAeAWAfAYANAJACAD
2926806,CZCOCOBzBNA3AvAyAtAeAcAcAVAcAJAKAFABABCfCYCTB0BJA9A1AuAsAfAeATAXAXAOANAFADAB
2926905,CRCJCPBqBPA5AvAsAqAgAgAVAVAUAMAPAEABACCZCNCNByBRBFA4AzAuAlAfAhAVAVAZAJAIABAC
2927002,CqCcCHBvBBAyAsAtAoAkAiAbAYAaAPAMADACABCtCPCLBoBHA4A1AwAqAnAeAdAUAVAQALAEACAC
2927101,CQB4CPBsA2AxA2AwAvAiAlAdAYAgAaAHAFAAACB9CICGB4BKA8BFA2AtAwAmAZAfAcAbANAEABAE
2927200,CcCZCLB1BFAvAtAsAnAeAbAoAYAYAMAJACABAACWCQCKBzBTA7A3AzAsAmAkAgAVAVAQAKAEADAD
2927309,C7CZB7BtBGAwAtAhAhAiAeAjAcAZASAHADABAACzCRCOBdBQAvArAnAyArArAXAdAZAWAFACACAE
2927408,CTB2BsBuBrBWBDAxAsAgAbAUANAKAGAEACABAACPB0ByCBB5BgBIA4AxAmAiAYASAPALAHAEACAB
2927507,CrCVCLBlA9ApAsAtAnAfAfAaAkAgAWAJAGACABCsCHCABlBHA1AxAvArArAmAbAdAiAUAOAGACAC
2927606,CkCZCTBuA/AuAtAuApAfAeAcAeASAVAIADAAABCjCbCKBwBBA0AxAyAwAjAhAaAiAYAMAMAFABAC
2927705,CwCZCKBwBUBAAzAuAsAhAeAVATAPAIAGACAAAAClCVCKB3BgBJA3AyAqAgAXASAPALAGADABAAAA
2927804,DGCdCIBxBOA7AtAqAuAeAdAdAXATAPAIADABAACpCVCOBmBNA6ArArAxAmAYAQAUANAKAIAFADAC
2927903,ChCJCFBgBJA1AoAlAkAgAiAjAOAfAZAPAEACABCmCHB2BnBYA8AwAyAzAuAqAeAeAiASAKAJAEAB
2928000,C1CcCOBzBTA8A5AuAjAbAcAVAUAOAGAHADACABCyCbCIB0BSA7A1AuAlAdAaAXATAOAJAGAEABAD
2928109,CrCaCSBzBOA5AxAuApAhAbAVARAOANAFACABAACoCXCOBzBXA/A2AuAsAiAZAXARASAKAGAEABAB
2928208,CbCQCWB5BSAyA0AwAoAhAfAVATASAPAHABAAABCcCVCNB8BRA4A3AuAuAjAhAVAVATAMAHADADAC
2928307,CiCiCTBnAwAhAwAlAnAeAgAcAXAZAOANAEABABClCkCLBfBKA4AyAvAwAnAlAnAYAcAZAMAEADAB
2928406,CxCfCSByBQA6A2AsAnAdAbAdATARAJAGAEACAACvCYCEBuBLA6A1ArAtAiAeAZAOASAPAIACABAA
2928505,CmCkCUBpA5AoAnAqAnAiAhAaAWAUATAKAFACACCqCdCWBhBEA0A0AzAtAoAgAbAbAYAOAMAEACAC
2928604,CnCQCEBwBUBBAxAqApAjAhAXARAUAPAIAEABABCfCKB+BtBZBEA2AyApAlAhAaAUAXAPAKAFACAC
2928703,CWCMCHBuBJA3AxAoAlAjAhAXAWAUARAKADABABCUCICGB7BbBEA4AwAxApAnAcAZAVATAMAFABAC
2928802,CvCVCKBwBJA0AqApAkAiAaAXATAQAOAIAFACAAClCYCGB4BVA+A4AzAsAmAdAZAUAWANAKAFACAC
2928901,C7CgCMBrBQA9AwAtAnAgAeAUAVAOAQAEAEABAAC1CdCGBrBOA/AwAwArAdAYAVAMAYAMAFAFABAA
2929008,CcCaCIBzBUA6AwAmAnAcAaAZAUAXAQAGABABAACYCQB/BvBYBEA3AtAtAoAoAWAZAfAOAIAGAFAC
2929107,CfCbCaBwA+AoArAoAoApAiAdAaAbASANAFAAACCUCICUBmA9AzAsArAzArApAfAbAbAWALAHADAB
2929206,C+CTCIB1BYA8AvAwAmAhAaAYAQARAJAGACACAACvCbCNBxBSBBA0AwAoAhAcANAPAMAJAHAEACAB
2929305,CWCZCNByBCA0AoAqAoAmAeAbAQAYALAKAHACABCYCOCKB0BQA/A0AxAsAuAmAcAXAaAVAIAEACAD
2929404,CbCSCPBvA6AwAnAsArAoAgAmAVAZAYAMACACABCWCHCDBkBQA7AsA3A2AoAzAWAVAYAXAOAIADAD
2929503,C6CVCEBqBaBHAzAnAsAjAdAVAPARALAHACAAABCuCOB/BzBaBHAyAtApAiAXAVAPATAMAGAEABAC
2929602,CYCPCPBsA/AyApAjAnAhAjAbATAbAWAIACABACCWCRCNByBMA2AwAvA1AqAmAmAcAcAWAMAKADAD
2929701,CgCUCPBqA4AyAyAtAlAfAjAiAWAXATALAGABAACeCVCMBsBNA8A0AzAtAjAhAfAWAZAPAKAGABAD
2929800,CgCZCJBpBCA0AxAsAnAcAnAXAZAdAQAPADABACCXCKCJBuBJA2A2AzAqAfAgAmAfAcATAQAFACAC
2929909,CcCKCHBsBNA8AvAuAoAdAeAeAaAWAPAJAEABAACWCKCFBxBWA/A3AyAtAlApAdAdAXAQAMACACAB
2930006,CwCcCUBtBSA5A2A0AwAfAgASAWAOAOALADAAAACsCNCIBmBOA+A1AiA9AgAXAWASAPAKAKACAAAC
2930105,CXCPCJBsBJA7A1AxArAdAeAaAWATANAIAEABABCSCSCPB0BXBCA7AyAsAiAhAcAVAXAQAIAFACAC
2930204,CoCbCNB8BiBQA9AsAuAcAaAUAPAWAMAGABAAAACjCVCKBuBRA8AzAoAnAdAZASATANAMADABAAAB
2930303,CyCoCVB4BSAzAxAuApAeAVAYANAQARAHABABAACnCbCQBuBJA3A1AsAqAgAeAVAVAQAJAJADAAAB
2930402,CpCmCWBmA4AsAqAuAkAdAcAdAYAWASAIADACAACmCjCXBoA/AyA1AzApAmAhAbAYAcAPAOACACAC
2930501,C0CaCNBkBBAwAvAsAoAeAfAaAWASAMAJACABABC2CYCMBuBQA5A6AyArAiAgAbAWAQAOAHADACAC
2930600,ClCfCbBuBAAyA1AtAnAjAaAUAWASAPAJACABAACiCbCcBzBHA5A5A1ArAfAdAWAXAXAIAGABABAB
2930709,DFCfCABnBfBRBGA1AqAfAZAPAKALAGAEABAAAADACYB6BlBcBJA8AwAlAbAUANAJAKAGADABABAB
2930808,C3CcCYBnBVA7AzAzAlAaAhATATAQAPAFABAAABCrCTCJBtBRA+AyAyAoAgAcAcAPASAPACADAAAA
2930907,C0CdCSBwBQA7AsAoAlAgAaAWAMARAPAKADACAACsCfCNBuBPA3A6AnArAhAYAbAQATANANAEACAB
2931004,CVCPCFBzBYBAAzAtArAiAbAZAWAfAOAJADABABCYCKCPBzBUA/A1AxArAgAiAVAaARAQAFAJABAD
2931103,CPB/CYB+BjBJA1AnAfAbAfAZAMASANAJACABABB2CVCLBhBkBQA7AzAmAmApAgAbAVALAKADABAC
2931202,C5CTCCBtBXBCA0AzAwAdAcAVAWAMAPAFAEAAAAC7CXBtCCBaBHAuAuApAdAVAUAHARAMAHABACAA
2931301,C6CJCZBuBWBBA5AoAkAiAgAbAMAQAQAIACABAAC6CRB/BwBOA6AxAvAnAhAZAbANASALAGAEABAE
2931400,CgCcCYB9A4AqAlAqAmAhAmAWAaAgAQAIAHABABCfCUCLBiA4AuAxAwA0ApAoAdAcAYASAQAGADAH
2931509,DKCiCNBmA+AxA0AyAkAaAfAUAPAYAMAHADABACDECjCMBkBGA2A0AzAlAfAbAWASAPANAGAEABAB
2931608,C/CXCOBzBYBGAwApAqAgAhAWAMAUAOAEACAAACCwCUCEBuBaA/AyAvAkAhAVAPALANAQAFADABAD
2931707,CWCHCAB2BfBCAtAnAmAjAgAhAaAWATAHADAAABCfCHB+BsBbA3A0AvArAsAeAfAWAdAYAIACAAAC
2931806,CbCeCeB0BMAyAvAzApAdAfAXAVAVALAHADACAACYCUCSB5BTA9A0AvAsAfAgAXAWAQAKAGADABAD
2931905,CtCcCPBpA/AzAxAuAlAdAgAWAVAYAOAMAEADABCoCeCPBrBEA5A5AwAqAgAeAbAVAYAPAJAFADAC
2932002,CWCbCRBxA+AxAxAsAnAcAdAYATAdASALAGABADCjCZCSB0BKA2AyAuArAiAiAbAVAXASAKAGABAC
2932101,ClCNB4BgBOBEAxAsAuAmAjAbAYAbATAJAEAAAACjCJB0BoBXBGA5AuAwApAhAeARAaAXAKACABAB
2932200,C3CSCBBzBZA/AwApAqAfAjAXAUASAMAIACAAAAC1COCGB3BYBCAyAtAqAiAbARAVANAHAEABAAAB
2932309,C+CPCBBzBWA6AsAnAoAkAhAbAZAQALAHACABABC1CMCIBsBYBAAxAuAtAoAfATARAPAJAGACABAB
2932408,CeCfCOB8BKA0A5AxArAeAbAXASARAKAMABAAAACiCYClBzBIA2AxAyAtAZAgARAWAUANAHACAAAA
2932507,DKCbB7B2BmBMA5AwA2AnAiAXATAOAHADAAAAAADDCUB6BjBUBCAwApAlAZASAPAIAIAFAEABAAAA
2932606,CwCNCMBlBOA8A3AvAsAeAdAWAQAaAKALADAAABCfCWCLBwBSA/A4AuAsAbAgAUASAbAPAPADABAB
2932705,C+B/ByB6B0BXA8AuA1A1AcAXAWAOAIAEABABAAC1B6B8BsBbBAAzAxAnAbAaAKAOAJAIAEABABAB
2932804,CuCQCJB6BhBDA5AyAoAhAhAXAWANAKAFACAAAAClCRB/BsBZA8AyAvAoAkAiAUAPAMAIAJADABAA
2932903,CpCPCABqBTBAA0AsAuAhAfAXAUARANAHADABABClCOB/BwBhBGA3AyAtAjAgAVAUAUANAHAEABAB
2933000,CjCaCNBtBPBEA7AyAqAbAbAaAWAQALAGADABACClCYCMBxBTA+A8AzAoAaAbAYAUANAJAIACABAA
2933109,CaCbCdBwBMA6A0ArAnAcAaAbAXAPAPAHADACABCfCNCaByBVA+A4AuAnAmAaAXAdAOAKAGADABAC
2933208,C3CbB9BrBWA/AwAsAsAfAdAaAQAdANAIACABABC4CRB0BWBPBCA2AtAuAlAiAVARAZAVALADABAB
2933307,CbCRCFBzBWA9A1AvAtAgAcAWARANAKAFACABABCaCLCLCCBiBLA8A0AuAiAdAVAQAOAKAGADABAB
2933406,ChCYCfByBFAuAwApAvAfAsAhATAMAKAHAEAAADChCdCJB0BJAyAoAvAzAoAmARANAWAcAGABABAA
2933505,C7CfCNBtBZBBA2AtAwAgAgATAPASAKAEAEAAAADBCXCDBtBTA9AwAvApAdAWAKALAMAJAGADABAA
2933604,CwCnCNBvBLA6AwAsAqAdAcAXARAWALAFADABAACqCcCRBvBIA1A1AuArAjAeATATAUAMAIADABAB
3100104,BkB9CECFBxBOBIBJBFApAiAVAYAOARAEABAAABBsBxCXBxBOBRA/BBAuAgAfAWAQARAHAFAEABAA
3100203,B0B5CICCBXBJA5A1A0AoAnAbAZAPAHAFADABABBoByCGCGBlBKA9A6AzArAgAlAZASALAKADAAAA
3100302,CYCGCJB8BbBCAwAqAtAoAjAfAVAWAMALADABABCJB+CHB6BZBCA0AxAwAjAgAbATASAQAHAEACAA
3100401,CGCMCECDBKAyA0AxAcAbAmAyAeAUASAFAHAAAACICWCEBwBSA6AzAnAwAgAsAmAcAeAVAGAAAGAA
3100500,CWCPCNB/BWA+AtAvAxAoAjAbAXARANAHACAAABCSCPCFB0BXA/AzA0AsAmAeAaATAQAMAHADAAAB
3100609,CiCiCQB6BVA0AsAoAqAhAcAUAVAOAJAFACAAABClCcCTB7BPBAAvAxAsAjAjAPAVANAMAFADABAB
3100708,CEB/B5BkBpBZAxBNBJAqAhAzAuAJAOAHAAACAAB7BzBvBrBiBCBEAzAmAnArAbAJARAJADAAAAAA
3100807,B6B+CAB3BdBPBBA6AnBAAhA4AgArAUAGADAAAAB9BuBrBYBTBHA7A1AnArAkAhAYAVAPADAHAAAA
3100906,CbCfCWBzBEAyArA1AxAlAjAZATARAJAGADAAABCbCaCPB5BSA8A1A1AxAkAcARARAPALAFADACAB
3101003,CkCaCDB2BcBBA5AwAuAhAZAWASARAHAFADAAABChCTCHB7BbBJA2AyApAdAZASAQAKACAKAEADAB
3101102,CKCECEB9BXBCA0AsAvAmAjAbAXAVAMAIAEACABCECBCCB4BaBEA3A1AwAqAiAdAVAVAQAJADABAB
3101201,B/ByCGBvBoBVA7BUAvApA5AeAWAUAMAJADACADBtBkBoBoBjBUA8AvAwAyAoAaAbAOAPAEAFAAAB
3101300,BqB2CGCBBvBHAxAzAuAvAgAnAVAkAMAEAJADAEBoB0B/CEBRBIAzAxAzAxAxAWAVAQASANADAEAC
3101409,B/B0BwBlBpBWBIA8AtAzA8AmAtASANAHAHAAAAB1B9BoBkBGBPA5A1A1AtAqAfAdAQAQAAAAAAAA
3101508,BpBrB3B6BhBEA3AwAzAxArAjAbAVAPAHAEACAABrBmByCBBmBNA6A4A3A1ApAoAbAdARAMAHACAB
3101607,B7BuBxB9BpBVA9A1AsAoAoAbAXAVANAIAEABAAB4BsB2B5BtBQA9A0AwAqAiAfAZAWAPALADACAB
3101706,CRCcCSB2BIA1AvAwAyAoAhAXARATAOAGADACABCWCRCRB3BQBCA5A2AtAkAeAUARAPANAHAFACAB
3101805,CiCVCfCCBbA3AsAyAqAjAsAVAUAQASAIABADAACSCGB4B6BNBEAuAmA0AiAkAQAWAYAGACADADAC
3101904,B+B4B+CFB0BUBGAzAzApAmAbAUATAMAIAFABAABtBxCBB7BgBNA/A0AsAmAeAWAUASAJAGABACAA
3102001,B8CIB8BzBiBKA/A+A+AnAhAgAYAbASAIAEAAABB8B5B7BrBYBEA4A3AuAgAqAXAWAYAKAFAIACAB
3102100,CBB7CRB9BOA8AvAwAtAoAqAgAXAYAVAKAFAAAAB+B6CHB/BUA6A3AwAuAuApAjAbAdAJAJADABAA
3102209,CSCdCSB6BIA9ArAyAqAlAgAeAdATAHAGADACAAClCZCBB1BMA5A2AxArAoAeAbAQARANAGADABAB
3102308,B8B7CBB9BdA9A1AsAqApAmAiAaAYARAIADACAAB3B0B6B+BlBFA4AuAvAsApAiAiAWASAJADABAD
3102407,CdCCB+BzBcBAAvAoAtAeAeAkAgAZAPAHAAACAGCnCPB8ByBbA9AoAkArAgAhAZAfAeAPALAAADAE
3102506,CVCNCIB1BOA8AqAsAkAmAnAnAeAhALAGAEAAABB/B+COBxBXAvAyAyAtAsAhAoAmAaAHAMAGAAAB
3102605,BtBuBuBsBrBXBIA7A0AzAoAnAYATAQAMAFACAABuBrBrBwBiBMA/A2AzAvAsAhAaAUAQAIADACAB
3102704,CkCOCXBuBPA2A0AxAzAnAhAXAZAOAOAFABAAACCeCbCJBlBKBCA0AzA3AiAYAZAQATANAJACAAAA
3102803,B9B2CAB9B7BeBDA2AvAqAgAeAbASAMAGACABAAB4BzB+B5BdBGA6ArAtAmAfAbAWAQANAGADACAA
3102902,B7CSCUCIBgBBA7A1AtAkAbAdAXAUAMAIAAABAAB8B+CBBwBdBFA+AxArAhAdAgAbATAJAHADADAB
3103009,CTCDCECCBjBGAxAxAuApAmAbAaARAKAEACABAACPCBCCB3BTBFAxAtAyAoAmAYAcAPAKAFABABAC
3103108,BnB2CNByBkBSA0AyAxAaAwApAVATAYANAGAAAAB0B8B1CSBaA8AuA4AoAuAnAfAaAXANAMAHAAAA
3103207,BxB1B5CKBcBLBDAoBJAaAuAbAgAQAJAHAAAFAAB0B7CDB8BVA8AtAtA8AuASA1AqASASAAAJAFAA
3103306,BXBnBzCkB/BIAzAqAuArAfAtArAXAGALAAAAAAB3BtB/B5B0BGAdArA0AuA1AdAsALAEAPAAAAAA
3103405,CXCXCUB2BFA1AvAtAqAmAgAYAUATAMAGAFABABCQCRCTB/BTA3AzAvAxAkAiAYAUAUANAKAGAEAD
3103504,B6B1B4B5BmBTBFA8A0AqAgAZATAPAKAGADABABB5ByB5B3BkBTBGA5AxAoAhAcAVASALAHADACAB
3103603,BvBsCCCQBwBHAyA1A4AnAuAZAaANAMAKADAAAAB2B0B6BqCABMA5A6AaA5A4ARAgAKAFAHAAAAAA
3103702,CwCTCAB1BVBFAsAoAtAjAbAZAPAcAMAGAAAAAAC0CXCGBxBcA7AyAqAlAlAeAVAaAKAKAFAEABAA
3103801,CICHCCByBkBWBCA0A0AnASAXAbAgAQAKAAAGAABmB3B7BvBTBIA+A4A0AkAeAjAcAWANAGAFACAA
3103900,CDBzCPB/BpBLA9A2A4AqAnAZAXAMAQALABAAACBpBwB/CBBZBGA4A6AtArAlAYAeAOALAMAAAAAA
3104007,B+BvB4B0BsBbBFA4AxAmAcAcAXAQAJAGACABABB5BvB0B7BrBYBBA3AzAoAhAeAWAUALAHACACAB
3104106,B1BwCCB5BkBMA6A2A3AyA6AdAVAYATAMAGADAAByBrB9BmBOBGA0AzAvAtAxAdAfAMAaAMACAAAB
3104205,CEB4CAB5BpBVBBA8AwApAfAbAPATAJAEACAAABB/ByB7B5BiBPBEA1AtAnAbAfAZAQAKAGADABAB
3104304,B8BoB0B5BvBGA8A+A1AtAwAaAaAWAUAIAEACABB6BlBxBrBfBFA+AzA0AtAlAhAjAVAMAJAFAEAC
3104403,CCB4CICHBbAyAzAyAzAuAmAwAUAXASAGAJACAAB3B9B0B5BTBAAyA3AvAoAtAhAPAhAPAHAEADAC
3104502,C4CbCSB/BNBEAvAwAxAnAfAaAPALAKAFABAAAAC0ChCNBoBLA6AxAsAoAdAZAVAMAMAHADAAACAB
3104601,B0BxCEB7BgBKA9A2AxAqAlAkAZAYASAJAEABAABvBwB9B4BjBDA9A1AvAqAfAnAVAcARAIACACAD
3104700,CcCiCSB7BGA5AvAvAsAmAcAbAdANAGAIADABABCVCcCMB5BMBCA0A2AsAmAaAUAPAPAMAIADAAAA
3104809,CTCbCUCABRA6AzAyAxApAeAhAWAUAMAHAFABAACnCXCJBmBGA5AuArAuAjAXAeAPAUANAEABACAA
3104908,BwB0B9B9BkBKA+AvAyAqAqAeAYAaANALABACAABtByCACFBhBKA7A0ArAuAnAgAVAWAPAJADABAB
3105004,B7CECDB6BGA7AvAvAtAmApAnAZAZATAGACABADB7CHCDBzBSA4AvAxA1AnAsAoAcAiAWAPAGADAC
3105103,BZBpCECEBhBHA9A7A5AxAnAeATAUALAIAFABAABVBrB/CCBgBMBBBDA6AxAvAcAVAbAPAJACACAB
3105202,CQCfCOCBBYA5AzAvAyAjAhAZAQANAPAFACACAACKCICZCGBUA+A6AzArAZAdAPAPAVAKAEAEABAC
3105301,B6B3B8B2BuBRBHBBAyA0AhAgAbAbATAGACAAAAByB3B0BtBhA/A7AyA6AWAlAkAWANAPAIACAAAD
3105400,CKB1ByB2BiBbA6AyAoAhAfAfAYAUANAGADABAACKBzB4B0BwBTA8AxAtArAjAcAVAVAKAIAFACAC
3105509,BxB8CGCMBmBMA5AuAvApAoAhAbAYANAHADAFACBpBzCBCHBdA8A1ArApAsArAZAdARAMAOAGADAA
3105608,BzBrBwB7BnBNBAAzAvArAiAcATATALAFADABABBtBqB0B8B0BXBHA4A0AwAoAhAeAUAMAIAEACAB
3105707,CRCBB/CBBPA9AuAsAmApAtAiAgAZATAJAEACABB0B6CBB3BWBAAwAsAvAuAoAkAbAbAVAKAIAAAA
3105905,CKCDCDCCBkBKBAA0AxApAjAWARALAKADADABAACGB2B+B9BjBPBBA2AtApAdAXAQAQAIAFADADAA
3106002,CjCCCJB4BTBBA2AzApApAbAWANAKAIAFAAAAAACZCFCMCHBhBKA/AzA2AjAXAZAPAMAKAEACAAAC
3106101,BXCDB/CUBrBCBCAxA2AxAiAmAmAcAKAJAAABACB4BvB1COBTBBA2A6AlAgAhAcAfARAJAJADAEAD
3106200,CABoBlBxB0BaBFA2AvAmAfAWAQAMAHAEACABAAB8BnBoB+B9BkBNA8A0ArAlAcAWARALAHAEACAB
3106309,CjCSCBB1BfBCA2ArAtAlAhAbAUARAOAGABABAAChCSB+BtBWBHA4AwAtAkAeAXAUANAIAGACAAAB
3106408,BrB4CKCABcA9AyAwAuAoAtAdAcAjAMAJADABAABxB2CBCFBZBJA1A1A0AsArAdAcAaAMAJAEAAAA
3106507,CgCjCdB+BcA6A0AoApAeAYAQANAOAFACABABAACcCbCVB8BSA6AsAxAsAkAhAVARARAJAFADABAC
3106606,CpCjCQBvA8A1AsA6AxAkAiAVAZAXAGAEACADAACfCeCWByBGA9AsA0AxAiAgARAOASALAFAFABAB
3106705,CtCHB5BsBnBXBFA2AvAkAaAXAPAMAHAEACAAAACjCCByBmBmBXBAAzAqAgAbAVARAMAHAEACABAB
3106804,CDCJCEB7BaBYBBAwAyAnAfAkAiAQAaAFABABAAB3CBByByBXBGA0AsAuApAhAfAaAPANAMACAAAA
3106903,BnBeBqB4BnBFA1AyA1AyAqAlAkAUARALAFADAABhBiBpB+BkBMBEA6A3AzAvAkAcAcAcAPAFAEAB
3107000,BvCNCcCaBFA5A1A3A2A8AdAWASAZALADACAAAABZB2CcCJBVA8A7A9AyAnAlAZAUAMAVAHACAAAA
3107109,B8B4B3B2BrBOA9A1AwAtAnAbAZATANAIADABACB5BzByB5BnBKA4A0AvAoAqAeAaAWAMAJAEACAB
3107208,BuB9CUCABiBUA1AuArAwArAjAYAVANAGACAAABCFB/CSB8BRBEAyAyAtAmAdAXAWAMAMAKABAAAA
3107307,CdCUCQB8BaBBA1AwAxAmAcAWARAMAGAFACABAACbCPCOB6BXA7AyAwAvAiAcAUASANAMAGADABAB
3107406,B7B6CKCIBnBJA7A0AyAoAhAXASARAIAGACAAABBzB1B9CFBiBJA/A3A1AlAjAbAUATANAFAEABAB
3107505,CEBpBoBnCCCEBUBHA4AnAkARATATAOAKAFAAAAB9B0BkBsBjBSA+AtAqAlAhAaARAQAFAFADABAD
3107604,B3BxBvB6BkBTBCA9A1AmAvAfARAZAOAIAAAAAABiBzCDB0BrBRA9AxAyAoApAcAdAMARAIAFACAA
3107703,B+BoB9CABjBEA+AvAlApAbAlAaAbAPAUABACAAB9BvBsCNBhBGA1AuAxAnAuAdAfASAYANAEABAE
3107802,CQCQCJCBBMA4AvAtAtAsAnAbAZAWASAHACACAACSCJCJByBVA9AvAwAuAnAjAZAWAYAMAGACABAB
3107901,CICHB0B8BnBWBIA3AzAqAXAiAbASAMABAFABAAB1CBB6CEBgBLA/AyAsAcAiAcARAKAIADABACAB
3108008,CBB+B+BwBYBCA0AyAwAlAoAeAaAYAPAIADACAACCB5B+ByBiBEA5AyAyAqAmAkAjAWAOAKAEACAB
3108107,BoB2CEB+BWBDA7AyAyAxAjAlAZAhASAJAJAEAABgB2B6BsBVBEA5A+AzAuAnAiAXAgAXAOAHADAC
3108206,CmCfCPB2BcBKA9A2AyAhAbAdAPAIAHADABAAAACtCdCKBwBPA8A0AwAnAhAYAPALAJAFADACAAAB
3108305,BjBsB/CKBvBVA+A5A1AqAmAdAXAVASANAEACAABgBoB3CABtBDA5A3AyAtAmAaAWATAPAOADAAAB
3108404,B4B1B4B0BqBPBAA0A2AuAlAnAbAZAQAHACABAAB1B8B2B2BWBEA4A1AzAqAhAhAYAXALAIAEABAB
3108503,CxCeCSCEBPA9AvAqAqAlASAXAPAQAJAFACACAACqCVCQBwBNBAAtAxArAjAeAWAKASAJAMACAAAB
3108602,CgCbCNB4BWA8A2A0AtAkAdAXASASAMAGACABABCdCXCQBqBLA/A2AzAsAiAeAUARAPAJAHACABAB
3108701,CbCQCMB1BMA2AqAyAvAmAkAgAUAMASAIAAACAACSCUCZCFBJA1AtAuApAqAqAWAaAPAQAEAEAAAA
3108800,CHCOCMBsA4AtAlAvAvApAiAoAkAiANAJABACABB+CICSB5BUAwAwAtA8AuAnAlAkAUAOAQACAFAD
3108909,CICGCABzBTBAA0AuAqApArAiAeAWARANAEACAACLCFB4BsBSBAA1AyAyArAkAjAdAXAPAIAFACAB
3109006,B5B3CCCEBeBEA8A1AyApArAbAaATAOAHAEABABB9BzCECABZBKA3AuAyAmArAWAXAVAOAHAGACAA
3109105,CACDB4BzBnBOBFA1A0ArAqAYAYAYAOAJADAAABB7CGByBxBTBIBAA0A0AmAmAXAaAUAKAFACABAB
3109204,CWCVCEB6BIA3A2A2A1AqAmAeAOAUARAIADACABCQCQCMBuBGA4A0AxAtAnAoAYAVAUAQAIADAAAC
3109303,C3CnCSBoBRBQA4AyAzAiAdAaANAKAHADABAAABCxCeCDBnBQBAA6ArAlAcAXAVAMAKAJAFABAAAA
3109402,C9CUCLCFBjBRA5AuAqAfAZAWAOAQAHAIACABAAC0CPB5BxBYA/AxAoAkAcAXATANALAJAEADABAA
3109501,B/CHB4BxBjBOBBA2A0ArAgAnAXAbAKAHAEABABCGB8B/BxBbBCA3AyAtApAiAeASAUAKAKACABAA
3109600,BdBzBvB8BmBDA9AvA5AnAeAmAaAVAPALAAAAAABvBlBzB+BsBIBCA0BCAyArAcAjAUAYATADAAAA
3109709,ByB9CCCFBlBSA8AwAwAmAoAgAXASATAOACACAAB9B3CFB3BZBBA4AwAvAoAjAdAVAVAMAIADADAA
3109808,CMBwB7CKBrBEBAAtA5A4AoAsAeAYAOAHAFAAADBvBxCJBuBSA+AsAmBAAnAmAVAdAKARAEAEADAA
3109907,BwBzB/B9BwBQA1AtAoAvAjAbAZAJAFAGADADAABlBvCFCAB2BSA+AyA0AtA7AXAXAOARAIADAAAD
3110004,CDB3B5B/BoBJA8AyAwAnAeAaAXAQALAEACABABCIB3B1B/BmBNA/A4AxAoAkAdAXANANAHAGACAA
3110103,B6BxCBCEBwBPAvAuA0AwAlArAbAhAPAFADAAAABoB7B5B4BiA9AxA0AnAoAdAqAgATAGAPAIAAAC
3110202,B+B0CYCGBkA4AzAtAqApAcA0AcAWAOAEACAAAAB/CGB9B0BfBAAxAuArA0AlAZAYARAKAFAPACAC
3110301,BoBvBxCDCMBfBCA9AzAvArAfAbAaANAKADABAABpBrBvBpBWBCA+A2AuAnAoAhAeAUANAFADABAA
3110400,CZB4B2BmBcBaBGA0AyAeAhAgAUAbAQAGAAACAACIB7BzBvBjBGA5A0ArAkAnAcAZARATALABAAAC
3110509,CAB3B/BrBgBXBDA5A4AqArAdASAgANAIADAAABB/B0ByBzBXBIA/A0A0AnAaAgAeARALAIACABAA
3110608,B9B3B4B0BUBLBAA0A6AsArAmAbAcASAGAEABAABwB4B3BzBYBIBCA1AxAuAoAfAcAPAMAHADACAB
3110707,BqBqBuBzBpBLBAA3AxAsAsAiAYAlAPAKAHACAAB4BsBwBtBaBIA5A1AzAvAzAfAiAiAKAMADABAC
3110806,CZCcCaB5BDA0AoAvA1AlAjAZAVASALAMAEAAACCXCcCPBoBIA2A2AvAyAoAeAWANAYARAIADADAC
3110905,BqBeB9B/BqBTA7A5AuArAsAjAkAOAOAOACABAABpByBrByBcBMA8AyAyAtApAlAeAWAWANAMADAB
3111002,BvB2B5B+BvBeBHA2A0AvAmAkAWAYANAJAFABACBqBwB0BwBgBPA5A3AxApAiAbASASAOAGACACAB
3111101,B9BzCEB/BiBPBBA+A6AsAqAbAVAVAMAJADABABBzB6B5B8BdBEA9A1AvAlAiAVAUAOAPAGAEACAD
3111200,B3BxBtBtBpBUBAA0AuAuAoAiAeAZAOAGACABAAB1BpBsBzBlBSA/A4AyAtAsAiAcAWAQAIAEABAC
3111309,B5B2B9B+B9BWA1AzAyAuAgAhAVASAOAFAEACAACBB1CBBwBpBCA2AwAwAqAlAbARAVALAGACAAAB
3111408,CICAB0B3B7BWBPBHBLA4ArAkAVAWAKAKAAAAAAB9BuBZBcBOBJBEA4AwAlAXAUAMAQAMACACAAAE
3111507,B9B8CBB/BtBUA5A1AwApAjAWATAPAGAJAEABAABxCBCHCHBoBHA7A5AyAnAjATAQAHAKAFAFAAAC
3111606,CTCKCGB+BnBMA4AzArAlAhAhAZAOAKAHADABABCMCLB9BtBcBBA0AuAoAnAiAXAUARALAHADABAA
3111705,CMCOCQB6BTBOAxAvAkApAnAZATAWAIAJALAAACCOCACAB5BiBHAtAqAtAmAqAUAVAPAMAKAEABAA
3111804,CABzBzBvBVBRBFA+A6AtA0AaAaAWAKAGAHAAAAB9B9CIB4BTBMA/AvAvApAhAeAOAQAIAIADAFAC
3111903,B/B4BsBjBvBSBAA4AsAxAtAcAZATATAGAIACAAB8B1BtB0BYBHA9AmA8AuAnAmAeATAOAKACADAC
3112000,B3ByBvBzBjBTBDA2A1AtAxAdAYAgALAJAEADABBzBqBqBoBmBLA6AyAyAwAnAlAbAaANAMAGADAB
3112109,CVB9CJB3BtBTA0AwAqAtAxAaAdAGASAHAFAAAAB8CAB5B8BZBDAvAtAuApAmAWATARALAGADABAA
3112208,BvBzCACEBrBOAxArAqArAfAqAhASANAFAIAEAABpBrCCCCBeBLA+AvAqAvApAiAZAbAOAMABADAA
3112307,CpCSCDBzBSA/A0AwArAfAYAVARAMAGAEAEABAACmCZCGB4BcBMA5AwAsAhAdATATAMAMAJADACAC
3112406,CJCIBuBmCEBYBEA4A1AvAiAhAVAVAHAHADAEABCCB/BpBvBWBDA5A3AuAqAlAWARAUAJAHABAAAB
3112505,CFBvBxCJBpBUA6A1AuA0A6AXAbAJAGAGAFABACCDBoByByBeBAAwA4A4ArAaA0AXARARAIAEABAB
3112604,CDCGCIB5BaBFA+A8A1AxAiAkASAPAIAGACABABB7B+CJB7BYBGA8A7AvApAdAZARAQAGAGAEABAA
3112703,CgCcCVCABRA3AyAvAvAhAeAUAVANALAEAAABAACkCdCPB9BMBAAxAtAqAfAYASAUASAJAFACABAB
3112802,BpBxBzBxBhBRBCA1AzAuAwAjAZAdAPAJADAAABBpB8BsBzBcBSA6AvA0AzAvAmAVAZAPAMACACAD
3112901,CYB2BXCGB2BaA0AwApAqAjAhAdAWAFAGACAAAACSByBZB+COA/ArAgAuA2AXAmAjAOAEAJACACAC
3113008,CnCWCBBtBEA+AwAxAwArAoAYASAUAKAJABACAACrCcB/BqBOBCAzAzAwAlAcAVAQAUAMAJAEACAA
3113107,B1CDCQCLBpBNAzAoAuArATAmAeAdASAHAAAAAAB5B+CFBvBrBAAzAqAgAyAqAYAfANAPABAAAAAA
3113206,B7B6CEB7BrBQBAAyApAlAmAZAaATAJAHADAAABCAB3B9B9BpBFBDAvAtApAjAeAWAOALAGADABAB
3113305,B5BwB0B0BYBHA8AyAxAoApAhAVAeASANAIADAAB1BuB0B2BhBMA+AzAyArAsAgAdAZATAMAFAEAB
3113404,CPCGCEB5BZBAA0AsAuAoAlAcAWAWAMAHAEACAACLCECDB3BbBGA1AxAxApAjAbAUATAKAJAEABAB
3113503,CVCPCZB7BUBAA3AtAxAjAlAcAcAPAMAFACAAABCfCOCPBrBIA1AvApAuAnAfAhAWARANAGACABAA
3113602,B7COB9BxBhBPA8A+AwArAmAjAVAOALAHAIAAABB8CLB/BlBXBOA2AuAuAoAmAbASAVAOAHADACAC
3113701,CZCXCPBxBWBDA6AxAyAmAeAZAPATAMAIADADAACQCOCCByBWBFA2A0AtAjAbAVAQAPAOAHADABAB
3113800,DpClCJBbBCAtAqAfAmAiAmAKAeAJAgAKADAIABDUBVBHBFBuAzAdAnBDA3AnAXAUAvAaALAIAHAH
3113909,CHB/B7B/BxBaBAAxAuArAkAcATAWALAJADACAACACCB9BwBcA9A2AtAvAnAdAaAXAQALAJAGABAA
3114006,B0CACDByBUA9A4AtA2AoArAhAcAfAMAJAEABAAB0B2CAB3BQA/A9A0AyAuAnAnAkAiAOAIABAEAB
3114105,CQCCCLB4BaBBA/AsAqAnAkAdAQAQARAHAFAAAACfCKCJB5BXBEAvArAuAkAdAZAUAXAKAFADAAAC
3114204,CEB8CCB+BrBHA4AzAwAlAfAhAWASARAGACACAAB+B3CBB7BaBEA9AyAsApAjAcASAeAKAKADACAB
3114303,B3CECAB9BjBPA/A2AwAjAgAVAXANANAGACABAAByCBCFB9BhBNA9A5AwApAbAfATAUALAGADACAB
3114402,CAB5B3B7BjBQA+A4AwArAnAaAVAZAOAHAGABADB7B2B1B6BcBCA4A0AxAnAnAdAbATAPAJAHADAB
3114501,CHB9CJB8BaBJA6AxAxAwAjAeAbAZAQADAEABABB9B5CEBwBVA7A4AxAvArAjAfAWAaAKAHAEAEAB
3114600,CGCPCHCEBYBIAzAwAoAvAlAVAPAjARAGACABAAB0B4CTCJBLBFA4A1AjApAbAdAdASAKAFAHADAA
3114709,BWBxB6B+B6BQA3BAAvAoAqAoAlA4AMAJADAAAEBOBiB/B4A5BCBTA7AfA7AoAqAZAXALAPAAAAAJ
3114808,BsByCQB+BuBKA4ApAxAqAlAuAXAfAPAQABAAAABoBrB4CGBZBJAxA0AvAnArAgAZAZAPAGACAFAA
3114907,B4CDB7B/BwA0A6AsAqAyAbArAQAoAOADACAIADB4CCB9CBBQBMA1A4AqAfAoApAUAgAFAEAAADAA
3115003,B+CAB9CABeA4BWBKBBA1AnAfAfAeARAFAAAAAAB0B5BmBrBPBFArA9AxAhAaAdATAZAUAFACACAC
3115102,B/B9BwB3BkBbBCA6A2ApAkAeAWAVAKAJAFAAAAB5B1BtBsBjBLA8A5AtAvAiAdAZAXAMAGADACAA
3115201,CJCbCNB/BVBCAvBCAwAlAmAfAcAYAMAEABAEACCHCFBsCMBBA+A2AhAwAtAVAjAbAUANAGAAAEAA
3115300,BzBtB6B9BcBIA8AzAzAtAnAjAYAUAMAHAEACAABpBuB6B7BlBLBAA8AyAxAoAiAZAWASAKAEADAA
3115409,CRCJCVBuBBA9AyArAmAkAtAYATAhAYANADAAAACOCJB/BsBeA3AuA6AlAtApAhAYAZAQAEADAAAK
3115508,B3B2COB6BWBDA8A1AtAtAmAcAWAPAMAJAEACABBxByB6B4BfBNBAA5AwArAiAkAbAYAQAMAFACAD
3115607,BpCRCSB8BPBDA6BOA2AvAuAQAVAVANABAEAAAAB4ByBxCNBTA2BCAzA7AiAsAgAqAFAHAJAAAAAA
3115706,CVCZCQCCBEAzAvAqAuAsAcAgASAUASAIAEABAACJCNCPB7BTA+A3AwAzAnAeAUAQAWALAJACABAC
3115805,B1B7CMCMBkBRA7A5A7ArAlAbATARANAFACAAAAB0B9CIB7BWBGA2A5A2AoAdAZASALAHAGABABAA
3115904,B/B+B/B3BmBEA9AuA6A2A1ArAbAaAFAPADAAACBxB9B/BuBQA8AzAyAzApAlAhARAYAFAKAEACAA
3116001,CUCFCQB2BWBIAsAxAuAlArAeAiANASAIADABAACRCHB9BqBRBIA0AtAxAnAdAdAdAXAIAHABAAAA
3116100,CrCWCBBrBSBPAyAtAsAdAWAXAOANAIADABABAACmCaCPB2BZBJA1A1AxAiAYAZAQAPAHAGAAACAB
3116209,B8BwCNCHBbBEA+A2AvAvA2AWAYAoANALAAACACB7B8B1BzBKBHA2ArA1AkAnAZAsAPAMADAEACAA
3116308,CJCJCDB9BWA7AzAvApAtAoAlAaAUAOAHAFAAAACKB/CAB6BSA6AtAxA0AsAjAkAWAWAHAPAFACAC
3116407,CICKCCBoBjBfBPA3A7AyAhAiAWATAKAEAEAAAAB/CQBsBZBJBIBCA3AsAuAhAZAQAPAGAGAAAEAA
3116506,CsCyCWBvBKA8A2A2AyApAgAQAOAPAOAIABAAAACrCiCIBdBBA1A1AyAnAkAcAWAWAHAHAIACABAC
3116605,CFB7B/B2BjBMA6A1AvAqAtAUAZATAOAGADABAACDB+B7B5BaBAA0AyAvApAoAZAWAaAOAGAHADAB
3116704,BsB7CICGBVBBAzAkAxAtAuApAXAWASALAOACACBoBdCBCMBYA8AxArAuA3AuAgAiAaATATAEABAC
3116803,CaCOCQBxBSA5AzAsArAhAdAaAVAVAJAHACABACCdCSCQB4BVBCAyAvAuAkAfAYAUAWARAEACABAB
3116902,CRBuByCIBfBrBPA9AzApAoAwAaARAHAHAAAEAAB9ByByBvBgBPA3AsAnAoAiAOAMAOALAEACACAC
3117009,CcCZCaB6A/A0AxAzAtAoAXAeATAVAIAKADADAAChCjCLBvBIBBA4AvA3AlAdARAIATAFAFACABAE
3117108,CIB0CDB8BhBIBAAyA0AuAnAlASAaATALACAAABB5CAB3BuBZBFA4AvAqAqAlAYAbAXALAKAEABAA
3117207,CCCCCJBwBOBYBEAxAsAlAoAqAVAhAFAHACAAAHCIB4B2B3BaBCBLAvAiAtAhAXAWAWAMAJAAAAAA
3117306,BrB6BzB3BtBLBKBCA9AwAsAdAcAUAMAGACAAAAB8B6BsByBbBMA+A5A1AtAkAWAUANAJAJADAAAA
3117405,B9COCLB5BXA+A1AsA3AuApAZAeAQAQAIAHABAACHCCCCB2BOA7AzA9AsAuAYAhAXASANARACAAAC
3117504,CSCNB/BzBPA6AtArAtAmAnAcAZAUAPALAEADACCDCGCFB4BNA5AvA0AyArAoAjAZAfAVAKAFAEAB
3117603,CVCIB3BkBMA0BEA6AtAvAiAgAYAiAXANAFACACCJB5CDBnBBA6A5A3AqAuApAgAhAaANANACAEAA
3117702,CAB2CBB/BdBCA1A1AyAsAjAfAcATARAEADACACB6B/CJB6BdA/A2A1AyAoAgAeAWAYAPAHAGADAC
3117801,CHCLCCB7BrBJBCAwAtAlAvAaAXAYALAGABACAAB3CGCEB2BbBFA3AuAtAiAbAdAcALAOAEACABAA
3117900,B5B4CAB8BjBIA9A/A6AoAkAjAOAWARACAFAAADBrCJB+B8BgBKA0A3AoAsAgAdAVAWAMAIAAAAAA
3118007,CGBtBuB9CWB3BRA2AzApAgAUAQALAHAEACAAAACCBtBtB0B1BSA/AtAsAhAbASARALAIAFABABAB
3118106,CdCRCPBrBVA4AqAzAuAmAnAZASAZASAHAJAAADCGB/CQB7BJAzA3A0AzAsATAeAYAZAQANABACAA
3118205,CFB/B2BwBlBaBJA0AzApAlAiATAUALAPAGACAAB4B8BnBrBhBPBGAxAoAkAcAoAQAQAMAMAEABAD
3118304,CCBpBrB0ByBfBJA0AtAlAgAZAUAPAIAFACABAAB9BpBuB8B0BfBGA3AvArAhAdAWARAMAIACACAB
3118403,CPCPCJB4BSA/A1AtAuAnAjAeAVAXAMAIADABAACGCECHB7BUBGA4A0AwAoAiAaAUATALAIACAAAB
3118502,B+B8CDB0BiA6A7BGA4ApAjAhAVAZAYAEAFAAAABsCACSBxBEBBA1A3A4A3A3AZAYAIAIADAFAAAA
3118601,CbB+B1B0BxBdBIA5AxAkAaAQALAJAEADABAAAACVB9B3B1BwBcBHA2AsAhAZARAOAKAGADACABAB
3118700,B8B+B+B0BqBYA+AxAzAnAkAfAXAaAJADACACAACCB5B6B8BcBMA1AuAuAnAmAcAUAQALAJACACAC
3118809,CiCaCTB6BSBBA4AyAtAnAcAaARARAIAGABABAAChCSCDBqBQA9AxAzAvAnAdAVARAPAIAGADABAB
3118908,CECEB/CBBbBAA8A0AxAqAfAeAeAbAKADAEAAAACDB4B7B6BSBHAyAyAuAmAiAmAgAVAOAHAEACAA
3119005,CCB2CBB9BnBXA/A6AxAyAkAcAZAXAJAPAEAAAABaCeB3BxBXBMA3AxAyAPAoAiAHAaAJAQADAAAA
3119104,B5B+CKB9BYBAAwAtAvArAhAiAYARANAGADACAAB9B3CGCJBiBGA4AyAzApAsAdAWAVAMAIACACAB
3119203,CRCGCZB5BOAxAmAwAyArAiAaAWAWAPAHAEAAABCSCOCHB7BOA1AzA0A0AmApAYAXATANAOADABAB
3119302,B5CACCB/BvBVBIA/A0ArAkAZATAMAGAGABABABBwB6B6B2BhBPBAA4AwAlAiAXAPAPAKAGACAAAB
3119401,CQB9B5B7BuBZA/A2AvAmAdAVAMAJAFADABABAACRB2B9B9B0BYBCA2AwAjAaAVAMALAHAEACABAB
3119500,CYCMCFB2BWBAAxAsAyAjAhAYAeAPAOAHACAAABCMCHCNCBBYA8A2AvApArAhAYAPAWANANACADAA
3119609,B1B1CIB+B1BOBBAxAyAwAhAmAWAbAPANAFABAABxBxB7BxBgBHA/ArAmArAoAZASAWAMAFABACAA
3119708,CDCABzCBB/BdBKA8A9AuAgAbASAVANAHACACAAB7B9B9BrBLA7A8ArAwAoAXAXASAYAEAPAGAAAA
3119807,B+B6B4BzBmBSBFBEA/AsArAiAPAVAPAEACAAAAB5B/BuBnBQBKA/A3AxAoAjAcAXAYAIAIADABAD
3119906,BmBJCmBsBhBNA7A5BBAuBCArAlAcAbANAIAGAABVBjBiB0BZAwBDAvA4AoA5ApAaAPAeAHACAAAA
3120003,CvCPCKB1BSBBA3AoAxAnAoAXAXAOAMAEACABAACgCQCQBzBbBEAxArApAoAdATAOAKAEAFADABAA
3120102,CCCTDEBxBRA1AuA4AiAlAaAUAaAcARAIAAAAAACHCHCIBwBOAzAzA1AvAuAOAQAcAaAhANAIAAAA
3120201,BuBwBvB1BjBJA/A+A8AxAqAnAiAZAOAMACABABBzBuBrBoBWBHA7A6A5AuArAhAVAhASAKABAAAA
3120300,CiClCHB1BeBIA0AiAiAjAQAZATAKAIAGAFACAACeCPCQCBBPBBAuA5AmAkAcAbAUAOAGAQABABAD
3120409,CUB7CHBvBZBHA6AyAuApAYAbAhATANAKAAAAABCOB7B3BxBdBJBEA0AvAnAlAaAWANAMAQADABAA
3120508,CDCTB+B8BcBFA8AxAtApAmAaAUARAUAOADADAAB8B8CEB9BQA7A8AyArAqAoAcAVAVAJANADAAAD
3120607,BtCJCGB+BPBGA0ArAyAtAoAlAcAZAXAOAAAAAABxB3B6B5BOA8A8AyAuAoAvArAiAUAKAJAJADAB
3120706,B4COCTB4BHA+A9AsA5ArAtAbAYAVAOAGAAACAEBmCCCEBuBHBMA2A8A1AxA0AjAVALAIAGAKAEAH
3120805,BwB9CSCCBuBIA6AzA0AuAgAcAWAMARAHADABAABoB4CJCABbBIA9A2A1AnAlAZASAQAJAFADACAC
3120904,B8B+CBB/BkBHA5AzAwAqAhAcAYAOAJAGACABABB7B2B/CABeBKA8A2AyAsAiAfAYATANAIAFACAC
3121001,CGCSCEBqBiA/A3AgAkAfBFAXAaAXAKAOABADABCjB3B1B4BgAsA3A0AvAtAfAfAPAgAMATAAAAAA
3121100,B7CICEB2BiBLA3AuAsArAhAtAhAPAXAJABABAAB7B4CHB/BhA/A0ApAqAhAtAjAXAJAMAJADADAA
3121209,CJCECDB2BiBMA6A8AyAqAtAZAYAQASAHAFABABBtCECABsBXBCBCAtAxAmAiAbATAPAVAFADABAB
3121308,B0BkB0CGBmBJA+AyAzAxA8AiAUAoAPAkAEADAABUBsBhBhBaBGA1AyApA4AxAeAqAXAMAQAPAEAA
3121407,B0B2B9CGB1BFA3AzAuAzAiAqARAYALAJAFABAABtB7B/B5BbBFA0A1AyArAlAcAYATAQAIACACAA
3121506,CICEB/B8BpBOA6AxAsAjAiAnAXAgAVAGAGACAAB/B4B8BtBUBBAzAxAiAsAmAhAeATAKAIAEADAA
3121605,CMCFCEB6BYA5AwAvAsAnAgAXAUARAJAGADABABCLB6CDCHBgBHA2A1AyArAjAcAXAWAQALAHACAC
3121704,BwCCCJCCB0BFAfAwAnAgAgAqAQAoATAHAGAAAAB4B7COB8BjA3AtAtAuAsAwAVAlAQALAKADACAC
3121803,CICPCMB3BCAtAtAoAnAjAnAmAiAlATAEADACAACQCDCEB7BTA+AuAwArA6AoAhAhAQAJALADACAA
3121902,CAB6CHCDBrA9AtAeAvAxAqArAfAPAdAHALABAACACIB3BuBXA2AqAsArA0AdAiAdAdAOAJAFAAAA
3122009,COCACEB5BiBKA1AsAvAmAlAdAaAYAPAJACABAACPCFCBBzBcBDAuAuAsAoAdAfAUAQAOAGADADAC
3122108,CJCGCRB8BIA1ArAuAmAkAkAoARAgAXAFADADABCBCZCUCCBQA6A0AvA2ApApARAOAPAOAIAGADAC
3122207,CCB+B0CEBeA9AtAqAtAiAmAZAdARARABACABAECFB6CaCIBXBHAsAuAxAoAuAbAhASAQAOAEABAA
3122306,B9B1B0B/BsBRBCA0AvAoAhAYATANAIAEACABAAB9BtB1CCBvBXBEA3A1ApAkAcAUARAKAFADABAB
3122405,CFB3CBBmBqBEBCA3AuAuAqAVAxAfAKAHADAAAACIB7B0BmBNBJA4AuAuAmAhAkAlAZATACACACAA
3122504,CACDCMBwBYBBAwAyAwAoAdAlAbAQARAFAJAAAACEB8CNCABZBEBAA0AwAjAkAcAOAQASAFAIAEAB
3122603,CAB/B9B/BSA2A1ApAwAlAlAeAbAcANAOADABACCFB8B+B2BgA/A2AyAzAoAoAlAXAfARAMAFADAB
3122702,B9CKB+B/BMAxAwAsAxApArAbAgAZAUAHAEACAAB3B/CHB7BcA9A1AxA7ArAjAeAfAaASAKAGACAB
3122801,CDCVCaB/BbBAA9A1AoA0BCAKALAhANAQAAAAAACGB9B9BpBAA9A2AaA9AuAyARAQAOARABAFABAA
3122900,B4B5B/CQBdBFAuAzA2AwAxAkAUAfAPAJAFACABB6BuB3BqBeA2A4A7AyAvAoAWAIAjATALAGABAB
3123007,BoBvBzBwBnBNBEA3AvAtAiAgAYAfAKALADADABBqBrB9B6BgBOBFA3AzAyAtAcAcAUANAOACAEAA
3123106,CJCTCEB4BBA0AvAxAtAsAnAbAXAZAVAGACAFABB5CMCNB5BBBBAsAwA9AyAeAdAbAoANAJAEABAD
3123205,BmB0CRB/BRA5AxAvA9AtArAcAXAbALALAEABAABnB3CACJBTA8A4A9A8A0AmAiAiAZAQAIAFACAC
3123304,CMCWCJB1BUBFAtAxArAqAfAkAOAxAKAFACAAAACFCJCDB7BRA8ArAwAmAqAeAlAhAXAHADADACAC
3123403,BpBsBpBKCjBvBDBBAUAhAgARAdAPAkADAGAAAAB6BVCOCtAlCHBFAlAyAdAKAbAhAtAFAKAAAAAA
3123502,B3B7CbBmBUA9BYBLA9AmAlAbAaAbAGAAADAAAACSB6BdBoBaBSA4BKAjAmAmAdAVARAPADACACAA
3123601,B7B3ByB5BuBRBIA0AwAoAlAbAQARASAHAGACAAB3BwB2B4BpBWA8AzAyApAjAZAVAOAOAKAHABAA
3123700,B+CHCXCEBFAwAqAwAxAnAgAeAXAZAKAHAEAAABCICaCgB/BNA9A2A6AyAmAgAYANAQAOALACACAA
3123809,CbCbCICCBeBGAyAuAsAkAjAQAQAPAJAFADAAAACvCVCIBuBOA/A3AsAqAgAXAcAOALAQAEADABAB
3123908,CAB6B/B3B7BeBJBCAuAiAaAcAZAUAPAKAAACAAB8BsBvB4BlBKA5AvAiAjAfAWAXAVAQAIAHAAAC
3124005,CZCQCBB8BUBAAuApAnAlAnAfAVAUAOAIADAAABCQCCB+B1BgBFAwAvAxApAnAbATAUAOAIADAAAC
3124104,CAB6CNCLBjBLA1AzAwAnAjAfAcASANAIADAAAAB8B8CJB9BeA+A0AvAnApAgAaATAQAMALAEABAC
3124203,CGBuB4ByB1BZBBA1AxAoAkAkARAWAKAGAEAAABCIB5BuB9BoBMA0AwAqAnAeAhAWAQAJAIACADAB
3124302,CkCQCQBwBPA8AyAyAqAdAdAWAOAWAMAJADABAACiCPCKB8BYBBA1AwAuAiAcAYATATAKAKACABAC
3124401,BkB0CFB9BrBWBFBFA3AnAqAqAUAYAYAFACADAABuB0B6BvBXA/BBAzAlAwAmAjAcANAMACACAAAA
3124500,B2B1CBCCBwBXBAA6A5AqAfAeAWAPAMAGAEABAABzBzCGCBBlBIA6A3ApAoAgAXASAQAHAEACAAAA
3124609,B2CHCOCNBYA8AzA3A0AfAtAVAWAmATAGAAAFAFBhB2CFBzBqBDAxA2AsAsAgAfAZAWAIAKAHAAAD
3124708,BzCSB+CCBYBFBAA5A0A1AgAYAZATAUAHADAAAABxB+CDB3BOBIA7AyAuAuAeAeAVASAPAHAEAHAA
3124807,B5B3CBCCBnBNBGA4AzAnAqAkAXAaATAKABABAAB5B6B4B1BaBFA3AtA1AkAjAVAWAOARACADACAB
3124906,CACACBCDBeBGAzAtAzApAmAoAiAcANAGAGACAAB4B4B3B3BPBCAzAwAqAtAnAgAcAVAJARAFADAB
3125002,B4B/CMCBBpBKA6A1AtA4ApAfAMAZAZALACAAABBsB/B6B4BZBEAtA2AsAjAhAbAYAVAEAJAJADAA
3125101,B6B1BzBuBiBWBGBCA2AuAzAhAeAcAQALACABAABtBvBlBhBZBHA/A+AvAtAsAdAaAbAMAFADACAA
3125200,BwCIBuBvBnBVAxA7AeBAAzAxAZAaATAEAAAAAABxB0B1B0BRBGAuA3AzAoAyAfARAiARAFAFAAAA
3125309,B9BnCHBuBWBGA1AgA9AoA5AeAsAqAFALAFAAAAB5B7B5BxBMA/A2AvArAyAqAgAbAjAXAJAGACAC
3125408,CQCVCKBxBIBEAtAuAvAlApAdAQAUANALAAACAACgCSB9BtBNA8AsA1A0AzAlAYATAXANAPACAAAA
3125507,CiCECAB1BcA9AuArAoAbAlARAVATAXAKABAAAACcCOCEBcBdBEBAA9AhApASAaATAcAaATADAAAE
3125606,CeCeCgB4BFAyA3A0A3AmAeAgAWAUAFAGACACAACOCfCTBwBGA1A6AzAuApAfAHANASAJAEABAAAD
3125705,CCCJCKCEBfBKBAAxAuAsAlAbAYAPAKAEADABAACDCFB/B2BaBKA2AwAqAjAgAgAZAVACAEADABAA
3125804,CQCUCdCNBZA0AvAqA5AiAbAcAeATAMALAIAFAACNCJCLBwBGAtA7AxAnAlAeAhAjAHAIAFAAADAA
3125903,CACVCNB5BGAsAqAqAqAtApAhAZAfAPALADACAACACICDB3BKA3AuAvA0AvAtAiAZAeAWANAIACAC
3126000,CECEB+BrB0BRA7A2AyAjAeAdApAUAJAFADABAAB0CAB5B7BeBLA3A1AoAmAgAYAjAZAGABACACAA
3126109,B1BvB+B9BiBIA8A3A0ArAiAdAWASAMAHACACABBvBtB6B/BiBPBCA6A0AsApAeAYAXAOAIAEACAB
3126208,C3COCGB1BbBKA5A0AoAjAZAYAPAMAJAHABAAAACmClCPB1BHBDArAqAqAjAcAUAOAOALAEAAAAAA
3126307,ByB7CBB9BwBeBDA8A1AuAuAVAaAYAFAIAGAAAAB9B6B5BnBZBMA6AuArAnAiAdAOAUAFALADADAA
3126406,CCCICaB4BSBJBDBBA1AyAZAuAVAXATAAAFAAAABzCgB8BtBLA9A4ArAtAlAYAeAQAUAMAAAEAAAA
3126505,CjCgCSB5BHA3AwAuApAiAeAWAVAQAKAHACABAACcCeCRBmBDA7AwAvAxAoAkAaAaAVAKAKAFAAAB
3126604,CjCbCMB4BVBHA2A3A2AhArAZARAcANADACABAACjCNCIBfBPA7A4AiAsAhAaAcAHAPAJANACAAAA
3126703,CfCbCUB3BPBBA1AzArAiAjATAPAVAJAHABABAACfCOCMBvBSBAA5A1ArAgAZAVAXAMAMAIACAAAA
3126802,CoCiCSB2BDAvAqAxAyAnAlAeAWAQANAHABACAACiCgCJBlBHA9AvA5AuApAeATAXALAKABAFABAB
3126901,CTCWCTB4BKA2AtAwAvAnAiATAUASAOAJABAAAACWCTCRB+BVBFA3A8AmApAaAXAJAOANAJACABAC
3127008,CKCLB5BqBiBdBLA3A2AtAgAmAWAYAKACAAAAAACCBwB4BiBiBeBEA0AwAkAcAaAQAJAFAFADABAA
3127057,CeCeCgB3BFA6ArAwAxAnAVAXASAUALAGAAAAAACZCbCOB9BKA4AwA7AsAlAaAWAUAUAGAGABACAB
3127107,B2B1B3B1BlBPBEBAA7AyAoAcAXAXAOAIAEABAABxBtBwB3BkBOBAA9A0AnAiAbAYARAMAGADABAA
3127206,CQCKCWBwBNAzAtA0AoAoA1AfASAcAgAQAAAAAACUCBCTBqBXA0A1AuAqApAaAcAcAZAFAFAFADAA
3127305,CLCUCSCEBRA/AyArAtApAlAZAYATAPAHADAAAACTCLCNB4BTA8AyAyAoAmAgAaAWAKAKAKADABAA
3127404,CCCACJB1BjBFBDA1AyAoAdAmAiASAQANAAAAAAB+CECBBqBcA+A5A3AsAkApAVAYAQALAJABABAA
3127503,CYCQCLB9BhA4AwAkAnApAlAaAQAVAMAIAEAAAACTCFCFB4BiA+ArApAsA1AmAXAUAWAJANABAAAB
3127602,CaCECJB3BOA6A4AwAvAfAjAQAVAPAMAMAFAAABCSCICJB0BYBKA2AmAzAqAbAhAWAZARALADADAC
3127701,CMB8CEB6BdBDA3AxAvAoAfAXARAOAJAFACABAACHB7CECGBqBSBAA3AyApAfAXATAPAKAHADABAB
3127800,CkCaCJB1BaBIAzAuApAjAaAUASAQAIAFAEABAACYCMCHBvBXBEA4AzAyAhAeAZASAWAHAEACABAA
3127909,BtB6CDBgB0A4BUBHA2AcAsAMAfA2AQANADAAAABPCPCMB3BKBFA0A7A1AlAgAQAlAjAEAEAAAAAG
3128006,CNCCCHBvBPA7A4AwArAlAdAbAWATAOAHAFABABCOCCCJCBBgBIA4AxAzAnAfAeAaAXAKAJADACAC
3128105,CACFCBB/BtBTA+AzA1AmAfAiAVARASAKACABABCAB/B1B3BUBJA2ArAsAqAhAbATAQALAKACAAAC
3128204,CYCGCAB+BdA6ApAlAsAoAwAWAWAcAPAEAEAEABCJB8CNB2BUA4AyAtAyAnAlAkAeAXALAJAEACAE
3128303,B5B8B5BzBiBVBDA4AtAsAqAlAdAUANAHAEACAAB4BuB1BtBcBGA7AwArAqAnAmAgAXAOAKADACAA
3128402,BqBzB5B7BeBDA4A2AsAxAwArAZAdAVAGAFABABBlB0B+BzBdBIA6AyAvAqApAiAWAcARAMAIAHAB
3128501,BvBwBuB8BcBdBDAqAgAqA9AqAgAdAbAOADAGAABSByCBBuBEBPA4A3AxAtAlAuAfASAPAJAGAJAE
3128600,CUCGCRB9BwBeBJA8A1AhAaATAOAMAFAFAEABAACYCVCHBmBUBDA8AkAwAbAZARAOAIAKACACAAAA
3128709,BxBqBzB2BqBOBBAyAuAtArAhAXAXAOAIAEACABBsBnBsB6BsBPA9A5AyAtAsAgAfAVAPANAHABAB
3128808,BxBxCAB8BQBFAxAuA2AvAqA0AYAaAOAOAEADAAB/B3CEByBSBCAzAsAwAqApAuAcAZAPAMADABAB
3128907,B+CACKBwBWBYA7A/A1ApAdAdAaAOALAEAAACAAB8B/CEB9BRBMA9A5A0AgAqAVAWAUANAGACADAA
3129004,B1B2B/CABeBBA8AvAuAwAnAfAdAWAQAMACACAAB8B3CBB0BYBDA4AvAwArAuAiAeAYALAIADACAC
3129103,CMCJCGByBeBMBMBFA+A2ArAfAYAMAJAHAGAAAACGCNB0BeBUBDA8AuAqAnAcASAQALALADACAAAA
3129202,CJBtB8B2BiBOBIAzA1AkAeAtAVAiAJAGABAAAAB6CJB7BnBbBGA8AuAoAoApAaAWATAVALACAEAA
3129301,CRCRCZB6BNA9AzAqAtAqAnAcAVARAOAGADABABCTCMCLB3BOBCAyAzAvAlAhAXASAPANAIADACAB
3129400,CRCMCPB5BcA9A5A2AvAjAkAYASAUAcAHAAAAAACECFB8B6BSA+A6AvAoAmAVAkAfAUAJAHAFAAAD
3129509,ByB4B3B8BqBNBCA6AuAuAkAiAPAVAQAIADAAABB8BrBrB3BnBPA9A4A2AsAlAfAXASAMAJADABAB
3129608,CvCkCCB1BdBTA4AvAkAkAhAaAVAJAHAFADADABCoCVB1BxBXA8A2AnApAlAgAOAOAOAFAFACACAB
3129707,CICGB9B1BmBUBGBBA7AuAdAbAcARAKAEABAAAAB6B+B5BpBTBLA9A4A4AnAZAUAYAPAGAGACAAAA
3129806,CuCSCBBsBgBTBBAyAuAgAaAVAMAKAGAEABAAAACuCOB7BuBjBRA5AxApAhAdARANAMAHADABAAAA
3129905,BbBvB4BoBkBUBHBIA6AxAnAmAjASAIAMARAFAABqBmCABbBWBJA9AnBHAmAzAbAaATAbAIAJAEAA
3130002,CACCBkB7BnBQA4AuArAoA2AZAWAbAPAWACAAACB+B8ByBoBcBHA4A3AyAhAkAgAjASAMAOAFACAC
3130101,CpCVCBBuBcBKA/A7AwAiAaAXATANAIACACAAAACgCDCLBvBaBKA9AwApAiAbASAOAQAHADABACAA
3130200,B4B+B+B5BxBWA8AyA4AsAfAjAUASARALACAAAAB4CBBxBoBdBPBGAvAsAuAoAXATAQARAGAAABAA
3130309,BtB/B8CEBiBRBHA8A5AsAfAfAWASANAGAEAAAAByBeB4B4BtBLA/A/A0ArAlAaAbAJAMAGAEACAA
3130408,CRCECKB9BdBKA4AoBAAqAZAqAfAXAEAPACADABBzB3B3CBBXBEA4A2AoAjAfAbAYAXAHADACADAA
3130507,BvB3CGB4BtBfBDA4AxApAvAcAZAVARAHABACABBuB0CBB2BZBPAxAxArApAsARARAUAMALAGAAAC
3130606,B4B9CGB9BmBPA+A1AwAwAlAkAeASAIAIACAAABB+CICDB1BQBJA+AtAtAkAhAZAQAIAQAJABACAA
3130705,CKB/CIB7BWBSBAA9AzAuAeAYAWANALADAEACAACPCcB9BwBIA+A4A3AxAkAiANAPAXALAFADACAA
3130804,CSCMBpCpBeA/BIAuAxA3ApAUAQAQATAFAAAAAACOCLB6BmBZBDAvAwAyAQA3AVAWAMAJADACAAAA
3130903,CYCTCNCABRA5AqAqAsAnAkAcAWAUAKAJAEABABCRCMCNB/BQA8AwAwAtApAfAbAVAQAJAJADADAB
3131000,CPCCCAB4BtBIBDAxAzAnA0AZAmAVALADACAAAACIBvBxBzBhBKAvAzApAiApARAcAMAJAHACACAD
3131109,B+CBCBBzBfBHA6AmApAxAbAkATAZAJALAHAAACCBBzCIB8BeBAA1AwArAnAoAnAWAkAPAKAFAAAA
3131208,CFCKCHB3BNA8AxAzAyAnAjAcAcAZAPALACACABCACDCCBvBUBLA1A1AxArAmAdAbAYAMAKAEACAC
3131307,CkB6BxBqCBB0BKA2AtAhAZAQAKAHAEACABAAAACgB3BwB3B8BlBDAvAnAdAUAPAKAIAEADABAAAA
3131406,B+ByCACABtBCBBBBBAAzAjAiALAZAKAHAGAAAABwCGCMBtBeA9BEA3AoApAdAcAKAPAGAKADAAAA
3131505,B+CCCJBxBwBIBHBFAwAiAfAeAQAUAQAEADACAABzB9B8BzBjBJBEAzAtAiAmAUAbAOAGAFAFAAAB
3131604,B/B4CQB5BpBHBPBAA8ArAbAeAVAUAMAEAAAAAABqB+CKB6BNBHA8BGAxAhAcASAUAMAMAFAAACAE
3131703,CSCAB9B1BbBLA+AyAvAkAfAVAPANAHAFACAAAACTB+CAB/BpBVBBA1AuAkAfAWATAPAKAHADACAB
3131802,CcCTCJB6BNA3AsArAqAnArAXARALARAHAHABABCUChCSB1BOA/A2AsAzAqAgATASAOAJAJADABAC
3131901,CDByBzB3BpBUBBAzAyAmAjAcASARAJAHADABAACABtBzB9BmBWA9A3AwAsAqAaAXAQAOAJAFABAB
3132008,CnCoCdB+BiA+AxAzAsAeAYAMAJAIAEADABAAABCvCrCUCDBWBBAvAqAiAeAQAPAEALAIACABAAAB
3132107,CzCkCSBwBPA4AyAuAoAiAWAYASAWAJAHACAAAAChCaCRB1BRA4AxAzApAhAXAUAUARAJAJABAAAA
3132206,CBBxB6B4BgBMA5A0A0AwAuAiAbAcALAFAGAAAAByB4BtBxBYBEA2A9A1ArArAiAbAVARAIAEAAAB
3132305,CnChCIByBQA3AxAtAxAlAnAZAVASAIAGACABABCwCJCHBrBSA9AyAzAtAhAbAYARAOAKAHAEACAB
3132404,BzBuBvB7B0BQA/AvArAoAjAdAbAUAKAHAEACABBwBnBwCABxBQA/A0AyAtArAiAaAXAPAKAEACAB
3132503,CfCRCFB5BcBEAyAuAuAjAcAZAUASAKAEACABABCeCNCFB3BXBBAzAvApAnAkASATARAIAMADABAB
3132602,B4BtCQB+BoBPA1A6A1AsA2AkAnAWALANAFAAAABlBnBvBtBLBEA8AwAqAuAwAeAhAZAPAOABAAAA
3132701,CUCUCWB2BKAzAoAoAvApAjAcAUAVALAIAEABABCQCJCOB8BXA5AxAyAzApAjAdAUASAOAJAFADAC
3132800,BzBeB/CfBjBHApAfAoA0AnAcASArAUAMAHAAAABrBzB+BzBwA+AvA0A4AvAkAeAiAeAMARAHACAA
3132909,B1BwB7B6ByBaBJAzA2A0AoAgAaAWAHAIAEAAAAB0BoBuB5BkBMA0AxA0ArAmAeATATAKAJADACAA
3133006,CEBvB4ByBgBTBHAwArAuApAeAiARAVADADAFAAB5BrBtB4BhBHA/A2AsAsAlAnAcAUAQAGADABAB
3133105,BtBqCTB5BnBABCAvAyAvAoAbAWAUAQAGADAAAABwBmBvCNBqBJA7A6A0AtAoAcAXAcASAFAGABAB
3133204,CQCaCTCEBLA4AvAtAtAmAgAcATAXANAEADABABCMCOCSB3BVA/AzAzArAmAdAcASARANAEACACAA
3133303,CYCSCRBzBHA1A0AvAyAnAkASAVATANAGAEABACCZCSCIB3BXBHA3A0AxAkAcAUAWANALAHADADAA
3133402,B3B2CDCCBqBRBGA8A+AvAnAfAVAUANAIACACABBzB2B6BxBjBKA4A3AtAnAhAPAWAMAKAFACACAB
3133501,B8B/B7BzBWBEA6A3AuApAoAfAZAVALALAFABABB7B0B3ByBbBHA6A2AyAvAnAiAbAgAOAMAHABAC
3133600,BxB0B2CBBgBYBSA7A1ApAsAnAWAUATAGADAAACBrB0B2BrBiBQA2A1AsAkAoAiAaAXAHAEACACAC
3133709,COCAB1BrBaBNA+A/AuAsAmAdAdAWARAGADAAAACZCAB3BpBPBQA4AyAqApAXAbAcAWALAEAEABAD
3133808,B9BvByB7BxBXBGA2AvApAiAcASAOALAEADAAAAB5BtBvB9BwBWBDA3AwAqAjAdAYATAKAFADABAB
3133907,CGCCB8BzBgA+AyAvAlAoAeAwAfAfAJAJABADAACMB8CIBtBXA2A1AzApAvAkAkAmANAQALAJACAB
3134004,CmCfCMBsBDA1A0AxAzAnAcAbAUAUAOAIADABABCiCaCKBsBJA+A2AyAuAjAeAUAWAUANAFADAAAB
3134103,CQCWCHB0BPA6A1A5ArAnAfAbAfAPAVAHAFABAACCCECQB6BRBDA7AyApAlApAQARAQASAOADAAAB
3134202,BxB1B+B3BcBKBAA5A5AuAmAbATATAMAIAEABABBuB1CAB5BiBMBGA7A3AqAkAaAVARAMAKAFACAB
3134301,CQB7CRB2BdBAAyAzAwAnAoAZAVAUALAKALACAAB9B5CIB7BVBFA2AwAsArAgAgAWATANANAEAAAA
3134400,CRCPCHB2BjBPBAA7A3AsAlAbAUAPAGAHADABAACOCGCBB1BaBHA4AxApAiAaATAOAIAFAFABABAA
3134509,CECBCUCGBVBHBBA6A4AsAmATAXAZAHAEAGAAAABxB7B/ByBgBFA3A1AyAjAhAXAaAOAKALACACAA
3134608,CPCGB9B6BPBBAyAyAxApAqAlAhAbAMAIAEACABCMB5CBBrBMA6AuAuAtAqArAgAhAXAPALAEAEAD
3134707,CYCcCQCABKA1AvAzAyAmAhAVAQASATAHAGABABCICWCUB3BQA/A3AzAsAkAcAQAOAPAOALAFABAB
3134806,B7ByB4ByB0BZBBA3AvAmAtAkAVAUAOAKAEABAABnBwB1B2BfBFBCA4AwAsAbAmAYAWAOAHAFABAB
3134905,BtBxBtBzBaBHA8AyA3AuAwAmAdAYARAMAIAEABBuBvBxBvBhBBBCAzA2ApAvAlAgAbAWAJAFADAA
3135001,CpCKCQBdBeBPBTAkAtAZAmAgAiANAFAHAAAAAACCB3CKBzBKBEAsA3AjAeAjAYASAhAdAOAFAAAA
3135100,CqCYCOBzBZBCA7AxAqAfAcATAPAQAHAEABABAACkCRCLB3BbBFA4AwAqAdAZASARANAHAHACAAAA
3135209,ChCSCQB1BPA4AzAsApAiAcAXATAUAMAJACABAACiCUCRB3BOA8AwAwAqAlAhAYATATANAJAEABAB
3135308,CYCQCCBvBqBRBAAqAoAiAhAjAPAKAIAEAAAAAACiCNCHBwBdBLA+ArAWAnAdAgATARABAFAAACAA
3135407,B6CACBCABgBTA5AxAxApAhAbAYATAOAFAHAAAACCB5CCBvBVBLA+ArA3AoAaAiAcAeAKAEADACAB
3135506,COCQCQB5BNA4AuArAqAlAlAgAcAXANAIADAAAACTCJCNB6BSBAA0AyAvAmAlAWAVAVAJAHAEACAB
3135605,CbCbCKCMBnBEA6A1AtAlAmAXARANALAHABAAAACUCTCJBxBNA+AtAuApAiAeAQAQAJAKAGACAAAB
3135704,CdCZCSBoBOAzA2AtAwAuAsAdAcAhAMAGADAEABCNCLB+BgBKAzA1ArAwArAjAkATAWAQAIAFABAA
3135803,CTCWCkB9BHA3AuAyAwApAfAaAWAWAMAKADACABCLCOCMBvBJA4A0AyAtAmAhAXATAVAMAIAFACAC
3135902,CLCFB2CCBhBGA7AuAxAvAjAcAVAfAMAEACADAACGB2CEB2BkBDA4AwAjArAjAWAeAdAGAAAFAAAA
3136009,CYCrCUB8BSA5AyAxAuAjAgATAQAQAIAEAEAAAACaCeCIB2BOA9A5AxArAiAdATANASAJAFADAAAD
3136108,B3COCTCABRA0AjApAxAoAaAyAZAOAcAKAEABAEB9B9CLCGBOA4AuAwAwAtAuAcAhASATAJACACAA
3136207,B6BtB9CMBpBKA/AxAvAqAhAXARAMAFAEACABAAB7BxB7CRBzBbBJA1AvApAjAXASAOAGAEADABAA
3136306,ChCQCICEBkBSBBA1AvAmAeAXARAMAFAGABAAABCdCOCABzBWBEA1AwApAeAXATAOALAHAFABAAAA
3136405,CGCGCECIBiBSA6AxAuAhAgAWAUAWAQAGAEAAAACOCLB8B1BZBJA2AtAtAgAgAUARAYAHAKACAAAD
3136504,CMCVCXBtBBAzA0AxA3ApAkARANAUAVAIADAAAACYCZCSBtBVA/A1BCAxAlAdAUAOATAMAIADAAAA
3136603,CQCSCTCBBVA4AvAuAqAjAyAaAdAUAMAJACAAAACVCNB5BzBIBDAuAmAvApAWArAdAaAIAKAAAAAA
3136702,BrBcBnB1BuBVBEA0AxAsAoAgAZATAMAHADABAABmBaBoB4B0BeBLA8A3AxAvAlAdAWAPALAEACAC
3136801,CqCoCMB9BQA5A2A1AtAiAkAVAPARAGAGADABABCVCQCWBmBJBBA1AvArAmAWAdASAPAMAEACAFAB
3136900,CJB4CDB/BlBKBSAzAvAnAmAbAXAaAOAMAAABAACBB7B6BsBTBRA1A0AvAnAiAXATAPAOAJADAAAB
3137007,CgCfCZBuBAAxApAoAqAkAhAXARAVANAHABABABCcCbCVB4BMA7AxAzA0ApAdAZAUATAKALADADAC
3137106,CNCfCSB/BlBHBEA7AxAkAkASAIALAJADADADAACJCZCNBoBSBDA5AxAtAkAbAMALAPAIAGABABAA
3137205,CBB9CECDBkBPA8A1AuAoAeAYAQAMAGADACAAAACFCBCEB9BmBLA/A4AwAmAhAcASAMAIAHADABAB
3137304,CxCSCJB7BaBPBFBDAvAqAdAWAZAUAAAHAAAAAACvCXBtBYBMA+A9AmAnAmASAWAPAKADAIAFAAAA
3137403,CUCDCBB0BkBOA6A0AzAtAhAdAZAPAIAKABAAABCOByBuB4BlBCA1A4AvAnAkAaASAQAMAGADACAB
3137502,CDCaCMB5BiBKA6A1AwAlAfAUASANAHADADAAAACBCLCMB8BcBKA9AyAtAkAhAVAQAQAIAEADACAB
3137601,CHB8B6B+BnBOBEAzAyAoAlAWAXAMAKAGACABAACJByB0B1BjBUA+A3AvAmAiAaATAPAOAIADAAAB
3137700,CWCHB/B1BjBJA0AtAsAiAjAeAYAPAPAIAEABABCSCICCB0BgBHAxAvAvAlAfAcAUASAIAJADAAAA
3137809,B0BuB8B0BbBKBBA6AuAnAiAiAdAYAQAIADABAAB1BzB6ByBdBGBDA2A0AoArAhAYAbAUAJAFADAB
3137908,CCCGB+BsBeBFArA8AxAuApAaASAcASAGAFAGAACNBnCHBuBgA9AxAyAuAeAqAfApASAHAdADACAA
3138005,CGBnBwB4BUBLBEBEAuAtAnAsAgAcAVAKAEAFACByBqBuBxBhBOA/AoAwAcArAnAkAVAGAJACAGAC
3138104,CeCICACKBlBUA9AvAxAnAaAdAQAOAHAHADAAABCrCWCBBtBXBAAyAkAmAjAUAUAPAMAGAHACAAAC
3138203,B1BpB3B6BvBOA6AxAuArAnAfAZASANAGACACAABxBlByB9BtBUBBA2A0AtArAhAdAWAOAHAEACAB
3138302,B+CDB1CCBbBHA4AnA7AxAsAaAtAXALADAIAAAAB2BvCIBlBiBEAlA2AuAuAzANAcApAJAIAFADAA
3138401,B3B3B6BwBUBHA8A2AyAtAmAgAaAUAQAIAEACAAB2ByB4B0BfBIA+A6AzAtAsAgAdAVAQAMAGACAC
3138500,CDCMCVCABUA1AwAzAzAaAtAfASAfAPAGAFABACCBCGCGB1BZBAA4A1AqArAhAcAUAYAMADAEAAAB
3138609,B4B1CKCDBdBDA6AxAtArAlAmAcAXAOAMAGADABB0B2B8B4BaBCA4AtAxAqAtAaAaAWAOALADAEAA
3138708,CECACCCABhBdBJA+A3AsArAXAXAXAHANABABAAB5CFB6BfBXBGA+A0AhAjAcAbALAcANAFAAABAA
3138807,B+B0B/B5BhBRBCA6AyAsAaAiASANAKADADABABB+CCCCB8BcBLBCA5AzAlAgAXAVASAIAIAEACAB
3138906,CgCaCYCDBIAyAwAyArAhAXAeAPAWAQAEAGABABCdCbCGBzBEA7A0A4AoAoAeAYATATAMAEACAAAE
3139003,CIB3B+B6BoBRBAAzArAnAiAhAaAQAMAHAEABAAB9BzB4B8BmBPA7AyArAnAhAaAZAQAKAJAEACAC
3139102,BbBWBUCJEQC+B3BLBAArAkAbAPANAFAEAFACABBpBZBcBfBPAzAsAjAhAaAXARAPAKAGAIACAAAB
3139201,CiCXCOByBOA7AtArAsAlAbAYASAXAKAFACAAAACiCZCGBuBTBBA1AxArAmAiAXAVAUAMAFADACAB
3139300,CqCjCUBsBQA9A1AvAsAiAcAVAPAOAKAGADAAABCoCeCOByBUBBA2AyAmAhAbAQAPAOAHAEACABAA
3139409,CTB8B+B4BkBKA3AvAtAoAkAeAXAUALAGAEABABCHB/B8B0BgBMA5AxAtAqAhAdAVASALAHACABAB
3139508,COB7B8B1BhBNA3AuAuApAmAgAXAXAOAJACACABCIB5B0B4BcBKA2AwAxArAkAfAZASAKAIADACAB
3139607,CVCNCFB2BYA/AxAsAtArAkAbAVAVANAHADABABCLCJCHB7BZBDA1A1AxApAgAYARARALAHAEACAB
3139706,CCCFB/B+BbBUA7A4ApAnAoAVAaAYALACAFAAAAB8CNB/B0BdBFA7A0AjAiAeAeAYAXAPAHAFAAAC
3139805,BhBtB9B+BkA8A5AuA0AuAsAmAiAgAYAJAEAAABBhBrCAB8BfBCA5A0AzAuAuAkAaAVAYANAHADAC
3139904,CICKCDB0BxBOBBA3AsAnAfAdATARAKAFACABAACHCDCAB+BaBFA3AzAlAmAjAXAVARAJAEADAAAA
3140001,CYCDB8B4BjBQBAAzAqAhAkAYASATALAEACABAACUB2BzB2BfBIA9AzAtAmAfAeAWAUAKAGAFACAB
3140100,CNCUCRB6BBA3AlArAoAvAmAfAbAZAGAJAEAFAACGCQCXB+BSA3AxAxAxAtArATAZARAKAGAFACAA
3140209,BmB8B9BmBfA9BCBAArA4AuAeAeAXAIAlAAAAAABlB3ByCABYBJBHAuAiA0AtAlAcAMATAUAEAAAA
3140308,CMCUCJB+BKA1AqAoAzAvAuAlATAZAPAGADAAAACiCECRB1BOA1AxAsAvAiAmAeAWAYAHADACABAA
3140407,COB+CLCBBNBHA3AyAxAkAqAZAXAJAFASAGAAAAB8CQCbCHBQA9BCA5AqAVAhAdAaAGABAIAJABAA
3140506,CFCECEB7BhA5A0A1AyAsAkAfAZATAIAHAEADABB4COCHB2BSA+BBAtAyAnAmAaAYAQAKAKAHADAC
3140605,B6CECRB3BQA0AtAfAeA+AuAZASAQAPAKAIAAAACUBwBYCMCCBIAwAtAvA5AoAnAcAcALAJAAACAA
3140704,CNB+B9B7BrBZBKAzAyAkAhAdAVAPAKAIABABAACMB8ByBzBjBPA9A1AmAjAdAXAQAQALAFABACAB
3140803,BwBqB9B/BnBMBEA6A4ApAnAhAZAWANAIADACAABqBjB2B+BpBRBAA1AyAoAoAYATAQANAQAKACAC
3140902,CWCFCOB2BbA9AxAwAtAkAqATAWAXALAFAFABAACVCFCFB6BfBAA2AxArAiAjAdAUATAJAGAGAAAB
3141009,CnCeCJB3BWBCA2AxAtAeAcASASAKAIAIACABAACqCYCSBzBSBEA5A1AqAdAZAPANAMAJAEAFABAB
3141108,CVCFB6B0BaBIBBA2A1AsAeAVATAOAEAFACABAACdCFCBBzBYBPA9AzAwAmAdAXATASAMAFABABAB
3141207,BxCACGByBEBKBEA9A8AmAfAdAXAPAWAMAEAAAAB2CQB4B9BNBEBEA6A1AgAaAiAXAYAQAKAIACAA
3141306,B+BsCKBlB0BhBOA7AoBAAzAbAkASAIAAAAAAAABsB6B9BfBUBKA9A6A1AwAbASASANARALAAAAAA
3141405,CdCfCUBxBCA1AyAzAxApAeAfATAVAOAHADABACCXCOCLByBGA/A5AxAyAmAcAZAQATAJAJAEACAA
3141504,CkCcCeB5BOA2AtApAxAiAiAVAZAUAJAIABAAABCQCfCVB1BKA+AxAzAsAiAWAZAQASAHAEADABAB
3141603,B6B2B6CCBkBDAyA0AvAqArAgAbAdAPAOAGABABB0B1CABxBaBEA2AsAtArAoAoAZAZARAPADABAC
3141702,CVCZCGBtBSBGAxAwArAmArAZAdAQAQAEACABAACVCKCAB1BVBIA1AwAoAmAlAYASASAKAIACACAB
3141801,CsCXCOByBTBBAwArAmAdAbASAPALAHAGABAAAACtCQCKB9BeBFA2AvAvAjAbAYAOAOAMAGACABAB
3141900,B9B+B/CDBsBSBJA2A0AhAyAPAWALAKADACAAABCCB+CUB3BgBKA4AuAhAkAsAUAPANAKACAFAAAA
3142007,CjCTCPB7BVBCAzA1AqAlAdAWARAUAJAHABAAABCdCYCQBxBOA7A2AyAsAfAcAUASATAHAGACABAB
3142106,CKCECDByBmBFAsAzAwAkArAcAYAVATAIAEABAACTB1B9B0BcBCAyAwAqApAoAZAYAWARAGAEABAE
3142205,CKB5B2CBBZBLA4AvAwAqAlAfAeASAOAKAEAAAACAB3B9BuBlBIA/AtArApAkAeAYAWAQAHAHADAA
3142304,BhBxCVCJBGAtAmAoA7AzAlAyAaArATARACADAAB1B0B3B1BZA2AwAyA4AuAxAgAZAuAQAPAIAAAC
3142403,BwB6CLB8BjBOBFA6A6AlAhAWAUASAGAJAAAAACB8B3CMB6BkBLBBA5AtAbAsANAWAUAPAFAAAAAB
3142502,CbCTCNCDBTA8AxAlAuAxAVAzAOASANAMAGAAAACGCECjBtBABEAvAtAxAkAqAUANAMARARAAAAAA
3142601,BtB3B0CLCCBaA+A1AtApAkAeAPAXAQAHAIAAAAB4ByBuCDBlBFA4AuAwAcAuAZAYASALAIAEAAAA
3142700,CjCeCbB3BSA/AvAxAqAiAYASAQAVAIADABABAAChCdCSB1BRA5A4A1ArAhAWATASASAGAFADABAA
3142809,B9B8B2B0BgBSBIA6A2AxAvAfAYAVATALAFAAABB7BsBwBpBcBIA7A1A2AoAjAWAaARAPAIADACAA
3142908,CrCfCQBxBRBEA5AyArAdAaAXASARAHAFAEAAABCoCSCQBwBWBAA5AvAnAeAWAWATANAGAEADACAB
3143005,CGCCB7BzBqBSBCA5A3AoAmAeAaARAQAKAEAAAACFB5B0BoBPBCA9A3AtAkAkAeAbASANAHAGABAA
3143104,CFB+CHB8BhBQBCA4A0AnAlAUAPALAIAFACABAAB7B/B+B/BgBMBCA1AzAmAlAVASARAKAFADABAB
3143203,B5B3B4BxBmBPA+A2A4AtAwAjAeAUANAHAEACABB2BxB3BpBaBJA4A1AwAtAqAiAVATARAMAGACAA
3143302,CUCDCAB5BjBIA+AyAtAhAbATAPALAGAEABABAACTCCCHCKBtBTA/A1ArAhAcATAQAOAIAFACACAB
3143401,B2BoB5B1BtBeBAA2AwAtAyAdAbATAQAKADACAABvB5B1B2BnBNA0AyAtAtAmAXAUATASAGACABAA
3143500,CACKCdCDBjBKAzA2A7AmArARAYAOAHAEABABACB0CDCGB3BTA8A9A1AyAjAfAWAXASAIAHAIAAAA
3143609,CbCACEB1BEA3BWArAwA6A5AWAcAWAFAEAIAAAACBCKCPBtBTAxA6AqAmAiAuAbAYARAQAFACAGAA
3143708,B2B+CKB6BsA4A0AsAoApAnAdAXAZAHAOAJADAABzBuCBCBBjA/AxAvA1AnAvAkAcAcAOAFAOAAAA
3143807,CJCBB5B+BgBJBAA3A1ArAZAhASAiAJAGAFAAAACAB7CKB8BdBJA5A4AlArAaAYAWAPAGAEADAAAB
3143906,CABrB2BxBdBPA/AzAwAsAnAdAYAVAPAJADABABB+BrB1B3BqBTA+A2AxAsAnAeAYAVAOALAGADAB
3144003,CVCSCPB5BTBEAxAxAwAlAkAeAVAVALAGADACAACTCECCBvBXBEAzA0AvAjAhAXAUAQAKAIADACAB
3144102,B7BvBzB5BtBNA+AvAwArAnAdAbAaAPAJAFABABBxBwB2B5BhBJA5AyAwAuAqAbAbAcAOAMADACAA
3144201,CaCECVCCA8AuAoApAsAuAuAVAaAKAWAFACADAACPCjCOB4BYAwAzA3ApArAYAcAUAcARAEAAACAF
3144300,CTCNCOB4BNA2AvA0AvAlAiAWAUAPAKAHACABAACUCKCOB8BZBFA9A6AyAkAbAWASATANAGADABAC
3144409,BpB3CDB9BoBIBDA0AtAwAyAhAZANASAEAPABAABfCAB6B7BXBFA4AuA8AwAiAjAYAWAHANABAAAB
3144508,CNCECEBxBpBJBAA2A3AnAYAeAgAQAKAIAEAAABB8B9CKBsBSBAA8A2ApApAXAkAXAQAPAIAHABAB
3144607,CNB1B5BsBrBXBBAwAsAqAmAiAWAWAMAGABACABCJB2ByByBiBMA4AwAuAoApAaAWATAOAJAFABAA
3144706,CQB8BzB6BlBQA8A1AlAjAlAQASAMALAIADABABCVB4B3B1BvBTA/AzArAoAcAeAUAOANAJAHACAD
3144805,CKBzBsBsBuBWBJA3AvAjAdAYAYARAJAEACAAAACHBwBrBzBpBWBHA6AwAoAmAdAYAVALAHAFABAB
3144904,ClClCVCABCAvAwAvAtAlAbAWASAZAJADACADAECRCcCeBuBFA3A9AwAuAlAWATAWAXAGAGACAEAC
3145000,B4CCB3CEBkBcBGA5A4AsAgAfAVAVAMAIACACAAB7CAB7BsBeA/A8AzA2AmAhARARAQAJAJAGABAC
3145109,CIB/BzBvBhBTBEAzAzAmAhAiAbAdAKAFABABAACECBB5BxBXBJA4AtAuAmAoAeAaAZANAFACABAA
3145208,B4ByCGCHBvBQBBA2AzAnAhAaAWATAIAFAAABAAB5B2ByCQBqBIA3A2AyAkAeAbARAWAJACADACAA
3145307,CiChCSBzBIA0AuAsAqAkAfATAQASAMAGACACABCkCQCUB4BQA9AxAyAuAmAhATAQASAPAJAEABAB
3145406,B2B9CKCQBpBLArAvA2AzAoAkAwANAUACAHACADBvCEB3CFBBBKAyAxAmAmAlAXAMAWAKASAAAAAA
3145505,B+B1CMCMBvA/A+AtA2AtAiAbAfAUASAGAAAAAACLCFCOBoBYBAAvArAuAdAdAkAaAXAHAAADADAA
3145604,B9B4B+B2BfBGA5AzAyApAkAdAbARAMAHADABAAB5BzB6B+BlBMA/A4AxArAmAeAYAVAPAKAEABAB
3145703,BwCPB4BhCDBHA9ApAuAvAZAwAbAkAOAQADACADBnCJB5B0BMBAA6A3AYAvAmAcAYAbAUAOAFAAAE
3145802,CgCQCBBkBVBAA2ArAyA5AiAkAfAUAKAJAEAAAACRCACMBiBUBBAtA2AvArAdAbAcAWAJAEACAAAA
3145901,CpB3BhBcB2ByBeA8AwAhAhASANALAFAEAAABAACjByBlBtBwBuBMApAiAeAWATAPALAFACADAAAA
3146008,BuB0B0B1BkBLA9A5AyAuAsAgAZAbAMAOAEABABBlBsBxB8BaBMBAA0A1AtArAfAbAcASALAGADAA
3146107,CMB7B3ByBhBOBEA2AuAmAcAZAVAPAHAFACABABCGB6B8B2BlBSBBA1AuAnAiAcAZAUAMAHAFABAA
3146206,CmCeCVB4BGAyAtArAsApAgAaAWAYAPAFACABAACfCWCGByBFA/AoA8AvArARAgAOAbAIAGAEAAAC
3146305,CYCfCNBvBHA4AzAzAwAnAjAVAUARAMAIAAAAAACdCLCHBsBVBIA7A5AyAlAdAXAOAOAMAIACACAC
3146404,BxCHCJCPBvBKA3A6A4AnAoASAYAUAHAJACAAAAB3B1CQCBBPA4A9A4A0AiAaAWAUAZAHAHABABAA
3146503,B2B3CGB+BdBKA8A0A2AkAnAkAXARAOAJADABAAB2B2B6B6BYBHA3A5AzAtAiAgAZATASAKACACAC
3146602,BoBTCGCNB7BHAdBDAvA2A2AXAeAQAfAYAGAAAABLBqBZCFBqBFA0AyA1A4A/AlATARALARAGAAAA
3146701,CBBzCEB/BWBDA6AyA3AxAgAkAhATAPAIABACAAB7CCCCBtBPBAA+AyAwAmAhAmAUAWAVAJAEADAB
3146909,CBCICKCEBqBIA2AwAvAnAYAjAeARALAEABAAAAB/CGCDCABVBCA+AsAwAoAgAVAUAVALAFAFABAA
3147006,CZCPCGB9BhBPA7AxAvAjAdAZASAQAIAFABABAACbCQCEB2BbBDAzAwAnAdAdAVARAOAIAFADABAB
3147105,CDB6B2B9BsBRA8AuAvAmAgAaAVARAJAGADABABCAByB1B7BqBQBCA3AxAoAhAdAXAUALAJADACAB
3147204,B3BwBzB5BrBLA/A1AwAsAmAfAiASAMALADADABBzBzB+B3BeBIBAA2AvAmApAdAZAYALALAFACAB
3147303,ByB2B/BxBYA/A9A1AwAvAjAjAcAXAVAJAFABAABuB2B/B9BcBAA+A3AyAtAqAiAdAUAVAJAFACAB
3147402,CBB9CHCDBdBAA5AxArAqAdAcAZAJAKACADAAAAB+B9CHCIBqBTBAA0AvAlAoAVAVAKAOAGACADAA
3147501,BaBUCAB/BoBOA6AgAvA0AsAVAcAWALAOAAACAABTBpCKCLBfBEA8A+BBA3AtAaAnAsAaAEAEAAAC
3147600,CAB8B/BuBpBLA9AxAqAoAoAdAgAWALAGACACAAB6B2B8BzBeBNA6AxAtAuAnAgAgAUAPAGAEAAAB
3147709,BtCFCOCABGA0A7A5AwAyArAiAdAcATAIABAAABBiB5B4B1BOBKA7A1A2AxAqAnAlAaALADAFABAD
3147808,B7CHBuCICFB8BlBGA+A7AfAgASARACAIAHAAAACEBpBoBmBTA8A1AtAhAdAXAPALARAHAHADAAAA
3147907,B4B5B4B7BsBTBBA1A0AqAjAeAUATALAGACABABB1BwB1B2BpBQBBA2AxAoAkAcAZASAJAIADACAA
3148004,B4B/CHB/BmBNA/AzAxAlAeAYARAMAIAGADAAAAB0B/CGCEBmBPA9A4AyAnAiAZAUAQALAGADACAA
3148103,CFB6CCCDBoBPA9AyAyApAhAYASAOAJAFADAAAAB4B2CAB8BqBMA+A1AvAmAkAZAUASAJAIAEABAB
3148202,BxBsCVB1BOBCA1AxAsArAuAlAdAeAaAVABAEAABrBoB5BzBVA9A7A2AtApAlAsAcAlAUAXADACAA
3148301,CACACDCSBZA8AqAoAsAtAZApAiAUARALACABAACGB1CPB/BUA4AzArAyAtAsAdAcAVALAKADAAAC
3148400,CaCOCdBxBBAwAnBBAlAeAYAkARAdAPAEABACABCOCFCZBsBNA9AvA5A2AqApAWAdAYASAHAHAAAB
3148509,CPCeCNBxBNA7AtAzA2AoAcAYAVATAMAGAAABAACYCWCLB1BUBDA1A5AvAkAYAdAQAPAKAEADABAD
3148608,ChCICFBxBEA4AvAsAvArAlAXAUARANAHAEACAACXCRCLByBVA+A0AyA2AqAfAfAXAWANAJAEACAB
3148707,CVCXCTB5BMA0AyAvAyAiAeATAWARAJADADABABCUCRCRB+BWBBA5A1AvAgAdATASATAKAJAFADAA
3148806,CZCiCjB5BOAsAwAvAzAoAiAfAaAYALAIAHACAAB7B/CIBsBNBAAxAxAvAoAqATAhAPAKAGAFABAA
3148905,BxB6B9B4BmBQA8A9A1A0AyAXAaATAUAJABADACBqB1B5BuBdBLA7AzAsArAtAZASAIAbAKACABAA
3149002,B1CeCSB9BABAA1A1BFAiArAhAkAUALANAHAAAACDCUB9BwA9AnBAA4AmA5ApAsAFAaAAAIAAAAAA
3149101,CHCACICEBcBJA9A1AvAsAhAhAXARANAHAEAAABBzCJCGB6BYA+A5AyAtAkAlAYAXARANAIABABAA
3149200,ByCAB/B7BqBWBNA6A5AtAgARAUAKAbACACAAAABoB3B1B4BgBYBCA6AxAmAVApAMAKAVAHAAADAB
3149309,CABvBxB1BuBeBEA1AtAnAeAaAUARAKADAEABAACCBpB4B9BtBVBDA1AvAqAkAaAUAVAKAIAGACAB
3149408,CSCTB5BSB9BBBBAoAwAnAqA7AOAOAFAFAFAFAACPCWCJB5BXA5A0A5AaAiAUAuAMAJAFAQAAAAAA
3149507,BrBpB8CABaBVA7A4A8AlAqAeAhATAMAOAKAEAABgB0B7BaBhBOA5A7AuApAzAcAkAWAUAKAKACAA
3149606,BqBvCHCUBfBCArAmA8AvAvAjAgAcAOAKAAADAAByBtCDCCBiA9AqAxA8AsAoAWAcAQAQAHAKACAC
3149705,B5CEB7BqBhA7BEA1A9AxAtAVAWAjAQAJADAAAAB2B1B2ByBVBIA/A/AwAdAuAVApATANACAHAEAB
3149804,CAB7CFB9BvBYBLA/A8AtAiAeAcASAGAFAAAAAAB8B4B6B1BbBGA3A1AqAnAiANAVAQAHACABAAAA
3149903,B7BwB2B1BgBPA/AzAxAuApAcAXAZAMAKACACAAByBxB5B0BhBQBAA1AuApAmAjAiAUAPAJADAEAA
3150000,CNClCkCGA5AhAsA0AwAjAnAUAWAVAJAGAAACAACiCVCcBtBKA2AxAuAyAkAeAXAPAPAPATAFAAAB
3150109,B2B6B7CDBoBBA6A5A8AqAxAzAfAXARANAEACAABvBwB1BsBKBAAxA2AxAhAvAgASAbASACAEAIAC
3150208,CcCECRB4BjBDA2AmAsAkAYAjAZATAJANAAADAAChCAB/B0BXBGApA2AuAoAbAcAWARAKAJAAAAAA
3150307,CCB+CDCDBaBCAyAwAvAqAjAjAWAeASARAEAAABB9BzCIBzBQA7A2A3ArApAlAjAXAbAUAGAFABAA
3150406,B7CJB1CCBGA4A8AvBEA2AoAYAnAWARAKAFAEACBuB+B/BzBCBAA+A3AwAoAwAkAbAcANAFAFAAAA
3150505,CBCDCCCFBiBTA3A0AzAkAZAoAZATAJACACAAAAB/B7CDB8BbBIA0AvAqAiAkAhAaARAOAEAHABAA
3150604,B0B2CcCCBPA7AzAuAzAwAwAiAWASAYAJAHABABBqB8BzCPBNA7A2AzA4AtAsAgATAcAOAJABACAD
3150703,BxBxBsCHBhBjBOA/BBAuA3AVAiAJAVAOADABAABtBhBnBmBfA4BDA3A2AyApAZAZANAUAJACAAAA
3150802,CPCTCNB3BOAyAlAxArAlAoAiAfAWAQAHACAAABCOCDCFByBNA8AxAzAtArArAgAaAaAQAJADABAB
3150901,B7B7CGB5BpA/A4AwAwAjAhAzAaAXARANAEAEAAB2BzCAB/BhBDAyAsAnAkAuAdAfANAQAJAEACAA
3151008,CFCECLCABeBAAxAwA3AsAqAeASAWAUAIAGAAAACKCGCBBpBQA9AxAzAwAoAgAaAfAWAHAIABAAAA
3151107,BzBrB/B7BWBUA2AwAyAsAsAiAeAaAPAGAEAGACB2BrB6B4BiBGA7AxAqAuAoAeAgAdANAFAGAFAA
3151206,CmCGB6BqBaBLA8AwAkAfAdAUARAPAIAFADABABCeCICEB+BnBRA7AsAoAkAeAYAVAPAMAGAEACAB
3151305,B7B/CJB+BmBFAzAsA3AtAtAlAXAPAOAMACABABB0B8B/B9BTBBAyA1AyAsAjAgAUAUAMAKACACAB
3151404,B9B9B/B6BZBFA5AuArApAhAdAYAOAPAGACACABB4B4CCCEBiBNA7A0AtAnAnAiAaAYAPAKADADAE
3151503,BuBuBxB/BbBTA/A2AyAvAmAiAWAUAMAIAEAAABBtBuBzB8BnBNA9A7A3AwAmAhAcAXANAHADACAB
3151602,CRCBBwB1BaBSBaA7A5AqAhAWAQAOAHAFACABAACUCFBxB0BgBkBAA4ArAgAVAYANAHACAJABAAAA
3151701,BwByB8B4BiBaBIA5AyAsAmAiAgAUAPAHAFABABBpBsB5B8BZBQBCAzAuAoAkAiAXASANAHACACAB
3151800,B2BqBnBoBnBeBOA8A1ArAkAeAWATAKAHADABAAB4BrBmBrBtBhBLA7AzArAnAeAZAUAMAJAEABAB
3151909,CaCKCMBuBRA6A3AvA0AoAtAXAYAZANAIACABAACJCPCIBtBIBFA4AyAqAoApAVAfAMAKAIAEACAC
3152006,B8ByCIB+BlBHA5A0A1AsAjAaATARANAGAEAAAAB3B4CGCCBgBJA5A0A1ArAhAcAXARAKAHADACAA
3152105,B/BzB9B5BdBHA3AtArAmAmAeAVAUANAHAEABAACABxB1CCBqBSA7AzAvAuAsAdAcAVAOAJAEACAB
3152204,CrCTCQBzBUBCA4AwAsAeAaAYATAQAHAFACACABChCQCLBzBYBEA5AwArAfAeATATAPAIAFAEABAA
3152303,CTCKCTCABTA5AoAsAmAoAmAgAXAVAIANADABACCWCKCJB7BUA8AkAqAyAsAgAkAeANALAFAFABAA
3152402,CRCPCTBzBNA5AuAqAvAiAjAcAaASALALAEACAACTCNCQB0BVA9AuAwAzAmAnAaARAWAOALAEABAC
3152501,B0BsByB7ByBYBFA0AyAoAkAZAUAQAMAHADABAABwBtBxB8BzBaBCA3AzAoAkAdAWATAMAHAFABAB
3152600,BpB6B1CCBLBbA7A0A4ApAwAiASAgAZALAAAAAABhB5CABwBjBCA9A3AwAsApAcAUAXAfADADAAAA
3152709,B0B4CCB+BmBLAxA0A2AqAhAkAhASANAIAEAAABB5BzB7B8BfBDA5AyAtAmArAbAbAYAUAGAFABAA
3152808,B3B9CDB8BmBWBAA+AyAyAiAjAYASAJAGACABAAB3B8B4B0BhBKA6A2AvAqAbAbAVANAIAGACABAB
3152907,BtB0CAB9BsBTBAA6A3AqArAeAXAVANAEADAAAABnBoCBB9BhBIBBA4A3ApAlAbAWATAMAGAFABAA
3153004,BiB1B7CEBmBOA/BEA+A6AhAtAVAjATAKACAAAFBcBtBuBtBPBIAvA5BJAqAsAdAWAQAHAPAAAGAA
3153103,CKCRCeB/BAAzAuAnAvAvAlAfAcAfAIAJADABAACDB8CEB+BPAyAuAzAzArAoAoAWAbAPAJABAEAA
3153202,CjCWCOB/BhBFAvAyA0AdAfAWAVANANAOAAAAABCRCPCMBuBRA0AvAyApAhAgAVAVATAOAEABADAA
3153301,C2CRB1BcBSBCA1AzAyAbAKAsAWAXAUADAAAAAACvCbCiBDBDBeArA+AiAgAXAjAPAWAOAJACACAA
3153400,CWCaCMB2BfBLBAA7AxAnAfAYAOAPALAEABABAACUCUCFBoBRBDA3AwAsAfAcAXASAOAFAEABABAC
3153509,B8B2B3CGBjBLAyAqAvAuAnAlAZAVAPALADADACCABwB8B2BhBDAsAvAvAxAxAYAWAQAQAOAOACAB
3153608,CWCLCECEBmBKA4A5AtAgAgAcANAPAJAFAEAAAACHB6CMB5BfBEA5AtAvAnAbAgARAKAJAHAAAAAF
3153707,B6B0CDB6BjBaBKAyA7AvAtAgASAWASAEAEABAABqB6BvB8BdBLA8A6ArAoAiAXASAaAGAIABAAAA
3153806,BaCBCSCBB7BAAqA+AsAuAbAwAkATAbAKAOAAAABiBmBtByBVBUA8AnAnATA7AoApAUATAMAFADAA
3153905,CZCCBvBvBvBTBHAzApAeAeATAVALAJAEACAAAACZB4B7BzBtBPA9AxAtAhAjAbAdAPAPACABAAAB
3154002,B+CICLB+BSA5AsAsAwAqAnAhAcAWAQAKAEACABCAB9CEB+BZBCAxAyAzAqAmAcAXAUARAJADACAB
3154101,B0BuB5B6BOA9AzAxAyAxAqApAhAbAQAKAHABACByBqB4B3BdBDA8A3A1AyAxAhAfAWAUALACADAD
3154200,BvB3CDCHBiA9AvA0A0AwAlAnAcAaAVAHABAAAABsBvB4B8BbA7A2A5A4AvAmAhAhAZAUAEADAAAB
3154309,B6CCCMCGBWBBAzAxAvAnAjAgAYAXAMAKACABACByCACBB9BbBFA9A2AyAnAjAcAZAQAPALAEACAC
3154408,CMCBCFB/BeBFA9A5AvAkAdAkAWAWAGAGACAAAACCCFB/B2BcBPA8AtArArAjAWAXATAGAFABADAB
3154507,CxCcCSB7BPBDA+ArApAdAZAZATARAIAHAEABAACkCTCABvBIBGA6AtAsAdAXAXASAQAOAHAEAAAB
3154606,DACZB2BcBiBiBQA6AtAgAVAQAJAKAEADAAAAAAC9CWBwBdBgBaBDAvAkAbAVARAKAIAGADABAAAA
3154705,BiBbBuCNBzBDApAoAxA0AtAqAlAdANAGACAGAABfBbBiCEBxBMAtA1A3BDA2AmAwAfAFAIAAAFAA
3154804,CYB/B5B4BlBEAwAuAvAfApATAXAgATAGADAAAACGBuB1B8BZBHA3A5AyAqAmAZAcAaAPANAAAAAA
3154903,CVCCCGB1BYA+AwApAnApAgAoAeAUALAFAEABABCICACEB9BaBDA2ArAsApAjAiAXAXALAKAGADAC
3155009,BwCKCRCXBSAjAqAlAmAjAlAbAlA1APADAGAAAABoB6CRCJBWA6AtAyAxAgA1AsARAYARATAAAGAA
3155108,CmCmCMBuBBA2AsAvArAmAdAXARAPAPAJAEAAABCbCgCiB+BJA9AwAvAtAkAaATAQAQALAHADABAA
3155207,CECFCQB2BEAyAyAxAyAxAiAjAZAUAPARABABADB/B8CKBuBJA0A2A2A2ApAwAZAjAcAXAKAHACAB
3155306,B4CFB7BrBXBBA5A8A0AvAuAnAlAdAHAJAHADAAB1B+B7BmBPBBA4AuAvAsAvAZAcAdARAJAEAFAB
3155405,BwB2CICGBJA3A6AzAvAsAxAlAVAhARAPAHACABBvBxCCBzBMBAA1A1AuAqAvAjAkAZAWAQAGACAA
3155504,CDCEB+CEBoBUA5A0A4AmAjAcARAUALAMACABABB+B8CCByBgBBA1A0A6AmAfATAVARAKAHACAAAB
3155603,ChCbCEBuBSBBA0AyArAiAcAVASATAJAGADABAACcCSCDByBbBLA5A1AsAiAeAVATASALAGACABAB
3155702,CKCHCBB1BXBDA3A0AtAjAlAQAWAYAMAHADABAACIB6CBB8BlBKA/AzAtAnAiAYAUAYANALADACAA
3155801,BmBwCFCEBbA8A3AtA3AuArAhAgAfAPAJAEABABBeBuB9CBBeBBA7AzAzAtAvAkAgAZAWANADACAB
3155900,BtB3CPCFBXBBA5A1AwAuAlAkAcAgATAEADADABB0B9CIB5BZA9A2AxApArAfAeAeAVANAKADABAA
3156007,CaCMCWB2BBAvArAqAuAoAYAlAUAbAKAFABABABCTCXCHB8BOA+A2ArA1AoAeAoAYAUAOALAEABAB
3156106,B0CCCHB5BrBFA5AtAtApAnAeAeAVANADADAAAAB0ByCMB5BgBKA3A1ApAjAlAfASAnAKAJABADAB
3156205,BgB9CAB9BtA3A6A3A8ArA2AjAfAWAeAAAUAAAABpBrBzCDBHBIASBMArAzAwAFAfAfAZARAFAAAA
3156304,B2BrCFCBBgA2BAAuA6AzAuAlAjAXANAGAGAAAABnCFB+CDBDA3A/AvA+AtAkAXAaAcATAKACACAA
3156403,CQBzCIB7BtCEBDAzAvAoAlAXAQAaAGADAAAAADCEByCBBtBiBGAuA2ApAlAOAXASAWACAJAAADAA
3156502,CoCfCOBxBOA4AyAyAqAeAfAUAXASAOAJADABAACZCZCJBuBPBDAxAyAvAhAdASAQAPARAIAFADAC
3156601,CPCiCYBxA7A9AxAxA0AmAdAUAWAQANAJACAAABCICYCcCABMBFA1A5AtAhAeAQARAXAKAGABABAD
3156700,CWCAB5B0BkBOBAAyAuAkAdAVARAKAHADACABAACZB7B3B3BnBVBDA3AxAmAgAXASARAJAGACACAA
3156809,CKCKCHCBBMA3A0AyArAjAgAcAUAdARAKADAAABCJCGCOBxBQA7AyAwAxArAhAiAVAaAXALAFABAB
3156908,B+B4B1B7BgBOBAA7A1AtAjAcAaARAPAPADABABB3B0ByBwBbBJA+A5A1ArAiAaAYATARAKAEACAA
3157005,CcCbCSBrBEA4A0AuArAhAcAYASATAKAGAEABABCZCYCTB4BYBEA2A2AtAkAeAVASATAIAHAEADAB
3157104,CbCUCmCABRA0AtAuArAkASAeAWAOAQAGAFAAACCMCXCbCBBHA+AuAsAnAnAZAWAPAOAOAIAJABAB
3157203,CLB8B8B2BdBLA9AtAwAmAjAYATAUAKAGADABAACYB4B6CBBoBMA3AuAwAnAhAXAWAQAQAKAFAAAA
3157302,CMCPCKB6BgBEA3AzAmAsAlAcAbAUAOAGADADACCMCLB9BqBKBDA0ApAlAqAoAdAZAcAGAHACABAC
3157401,CLCLCSB9BRAzApAiAqArAvAiAcAYALAKADACAACOCSCJB3BNAvAwAwAxAuAjAiAWAUASAEAEABAD
3157500,CfCaB9BhBOBCBLA4AlAZAaAVASAaAUABAAAAAAClCYCOBaBzBKA3A3AqAYAVAaAXASAOADAAAAAA
3157609,CvCdCSCFBYA8A5AmAtAqAqAPAXAOAOAEAFAAADCfCTB6BvBAA7AxAuAnAeArAQARAFAPAHAFADAA
3157708,BzB4B/B1BtBSA/A/AvAoAjAcAZAUAHALAEAAAABqB8B7B7BWBKBCA3A3ApAqAZAeANARAEACAAAC
3157807,CkCLB7BuBkBQBFA1AvAhAYAUAKALAFAEABAAAACdCHCBB2BjBTBDA1AtAhAbARANAOAGAFADABAB
3157906,CeCOCEByBmBHA4AxAsApAcAjAUAWAKAIADAAAACVCLB5B1BeBAAuAxAoAiAlAUASARALAHACACAB
3158003,CJCLCMCCBaA+AmApAjAnAvAdAaASAOAJAEABAHB9B9B/BuBTA9AwAuAxAtAvAcAjATARAMAJABAI
3158102,CQCYClCABOA9AxAxApApAeAbANAaAKALADABAACLCSCIByBKBEA2AvApApAXAbAGAQAQAKAGACAC
3158201,CTCTCVB6BJA1AvAtAuAjAfAaAVASANAHACABAACKCWCYB8BPA7AyAxAxArAcAeAWAWAKAIADABAD
3158300,CRCSCAB8BnBbBEArAxAkAoAWAbAPAKAHACAAAACMCICCBuBgBDArAxAhAmAhAWAUAKAJAAADACAC
3158409,BrB1CNCLBbBDA6AqAsAvA7AuATAlATAJAGADAABvBuB1BsBSA5AyArAvA7AsAWAkAhATAGAAAEAA
3158508,CfCLCMB0BMA6AtAzAtAqAvAbAYAZANAIAEADAACbCNCBBxBHA3AzAsAxApAfAcAYAVAKAJAFADAB
3158607,B4BrCKCDByBCBCAyA3AhAtAVAaAOAPAGAHADAAB5CTBwBrBfBLA1AsAvAtAhAcAVANAWAOAAAEAA
3158706,CUCAB9CDBTAxBMA8AsAcAoAqAUAXAXACAAAAAACPByCWBeBTBNAyAlArAoArAUA9AYAAAAAAAAAA
3158805,BsCBBrB3BWBOAyAtAvAzA7AlAjASAVAGAHAGAAB4B7BpBmBLBEA1A5AvA8A0AfAjAfASAEAHACAC
3158904,CkCYCRB1BWBKAzAxAvAnAnASAXAUAPAGABAAAACjCJB8BqBZBBAqAxAmAhAjAVARARAEAJADAAAC
3159001,CTCXCVB6AzAwAfArAtA4AcAhAmAfAOADAAAAAACkCXCJBsA5AwAvA0AuAuApAfANAQAaARADAFAD
3159100,CJCKCUB3BIA5A7A1AgAhAhAjAbAYAaAHAAAAAAB+CPCDBsBPBBA7AwApArAjAgAzAOAOAFAFAAAC
3159209,B3ByB4B4BuBVBLA8A0ArAtAeAbASAIAMADABABBvBzB7B0BSBQA/A3AtAsApAWATAQAMAFAFAEAA
3159308,BYBZBaB7DvC8B+BZA+AwAfAfAMAWAMAOADAAABBZBZBNBMBMA6AtAhAmAjAZAZAVARAKAHAEACAC
3159407,CMBwBvBhB1BjAzA1A0AoARAeATAYARAHAIACAACPCbBbBrBmBdA3AqAdAwASAwAdASANAIACAEAA
3159506,ClCKBwCFBiBNA+AyAtAgApAZASATAHAHACADAACmCWBpB9BXBJA0AuAfAqAbAXAPAHAEAFAIAAAB
3159605,B/B+CEBwBeBKA+A0ArAnAlAeAVATAOAIAEACAAB6CAB5B4BkBLBBAuAtAsAmAfAZASALAMAGABAB
3159704,CRCACNB2BhBRA9ApA2AuAZAmAWAcAEAJAEACAACDB7CIBxBNBCA2A9AlApAiAbASAOAMAIAEAAAA
3159803,CBCQCJBwBaBQBHA+A/AtAiAdAWARAOAGACABAACBCLCIBpBYBHA+AxApAjAbASAPAQAGADABAAAB
3159902,CdB2CBBwBiBVA8AxArAoAfAfAYAQAKAGADAAAACQB5B2BwBnBDA4AvAsApAhAcAVAYAJAIAFABAD
3160009,B5B3B1B2B/BPBDA2AxAjAlA1AWAUAVAGABAAACB1ByB8B3BdBLAzAtAwApAbAXAfAUAOAKAAACAA
3160108,CVCTCVB0BSBBAvAtAuAkAmAaAbAYAPAIADAAAGCICOB0BwBKA4AzAuAtApAuAXAfAKAcAGAEACAA
3160207,CaCKBvBwBVBkA4ArAkAhAbAeAZAZAHAOADAAAACLBzB+BuBnBRA9AxAlAmAhAZAfAcAJAQABAAAA
3160306,ChCfCRB0BLA8A0A5AtAiAdAWAWANAJAIACAAABCiCiCGB7BTBBA4A1AkAfAXARARAOAJAFABABAB
3160405,B3ByBzB8BeBIBDA3A1AvArAaAZAVAKAGADABAAB1BqB3CABeBPBBA4AwAuAxAXAbAUAOAGAHACAA
3160504,BfBWBsB4BkBvAvA6AmAjAXAsAeAKASAPADAEAEBjBzB+CBCFBfA2AyAsAtA0AcAQARAiAHAEAAAG
3160603,CgCTCdCLBqBBAmA1AvAqArAOAXAPANANAEAAACCSCFCFBnBFA0AoArAxApAjASAMANAXAHACACAC
3160702,B0BtB1CCBkBIA6AvAuAqAkAeAbAWANAIAEAAAABzBtB3CABpBNA/A1AxAwAoAfAeAWAQALAEABAB
3160801,B+B6CEB+BoA1AxBEA4AoAjAKAnAHALALADAGAAB+CWCVB+BNA4AzA+AoAlAlANAVAPAPARAEADAA
3160900,B4BqB2B5BcBLA+AsA1A3AkApAZAiAfAHAAAAAAB0BpBuBwBeBEA/A4AuAqAcAlAPAeAUAWAFADAG
3161007,ByB7CBB7BJA6AwArAuAnAqAkAcAXAUANADADAAB9B4CCCABjBBA8AyAyApApAhAfAcATANACABAA
3161106,CuCbCOB2BPA/AzAuArAjAfAVAOASAKAGACABAACrCZCOBxBQA8A1AwAqAiAbAVARANAIAGACABAB
3161205,CbCABzBnBiBPA2A0AyAsAlAdAZAOAOAHADAEABCdB+BvBlBZBHA0AwAqAwArAZAZAaAGAMAFAAAD
3161304,B/CKCDB9BuBSBMA7A1A3AjAYAXAVAMAHABAAAACLB6BwB3BcBDA7AuAtAnAYAUAOANAHAAABAAAD
3161403,CBCPCKBtBVBFAyAtAlAtAxAaAVAQAWATADABACCOB/B5B2BXBGA6AsAnAkAmAkAZASAJAOAEAEAA
3161502,BuBzCMCGBIA1AtApA3AzA5AkAbAaAOASAHABACBiBrCHCFBSBAAsAyA1AyAwAlAgAcAPAMAEABAC
3161601,C1CgCIBpBEA5AzAyAtAlAkAPAOASAJADABACAADFCkCBBqBSBEAtAzAkAeAcAXASAJAJAGADAGAH
3161700,CLCUCWB+BiBLA4A3A0AtAkATAXAQAGADAEABAACNCPCMB0BRA9AvAzAsAkAWAWAQAUAHACAAAAAA
3161809,B4B+CDBtBSA8A4A2A4AzAiAnAcAVASAQADABABB5BxB8BtBNBBA5A7A9ApAzAZAiAVASAMADAAAD
3161908,ChCGB3BnBVBJA7AzAuAjAkAVAWAXAKAEADABACCgCDB3BuBjBHA/AyAsAjAoATAVAVAQAGAEACAB
3162005,B8B1CEB6BhBUA8AwAzApAkAcAVATAMALAFABAAB7ByB+B2BjBHA4A3AtAsAmAbAYAYAPAHACACAC
3162104,BtB9CLB6BkBGA4A4A1ArAkAWATAUAMALACABACBvB3CAB/BmBFA9A6AyAsAiAVAaAUAOAIACADAB
3162203,B0CGCDB2BpBZBDA8AtArAnAhAbAXAOAEABAAAABtCAB7B2BUBDA/AuAuAnAqATAdAQANAIAAAAAA
3162302,CCCGB5B7BlBfBOA5AkAzAXApAOAUAAAEAPAAAABsCJCHB6BiBUAxAsAoArAXAUAXAIAEAPAEAAAE
3162401,ChCcCZB7BTBBA0AwAxAgAdAUARASAJAEACAAAACgCTCWBwBPA7AyA1AtAgAcASAOARAHADADABAC
3162500,BxBtB2B7BtBSA/AxAxAoAhAfAYARALAGAEABAABuBmBxB7BrBRBBA4AxAvArAhAeAXAOAMAGACAC
3162609,CLCHCKCYBTAzAsAqA0AxAgAZAQAVAJAJABAAAACaCWCXB6BHA4AyAwAzAuAWAcAVAOAMAEABABAA
3162708,CZCPCKByBIA+AwAxAtAiAeAWAOAXAKAFADABAACVCVCPB1BeBMA1A4AuAiAiATAVASAMAFAEABAB
3162807,CYCNCQB0BJAxAsAtAtAnAdAaAPAWAKAHAEAAABCXCRCRB5BRA5A1A0AwAtAlAdAYAXANAJAFAAAB
3162906,BlBhB2B7BZBAA5AtAvAxAvArAeAfAPAOAFACABBbBgB7B6BmBKA5AzAyAyA2AoAfAfAaAPAHADAA
3163003,CeCgCAB5BVBKAmA3AwAtAlAWAZARAIAHAFADAACECZCRB3BJA/AmA6AqAhAdAQAQAYAKAFAFAAAB
3163102,CTCPB1CBBNA+AzA6A3A2AdAuAKATANAFADAGAGCcCOB8BhBPA/A0A4AoAnAnAVATAXANAHADAAAC
3163201,B7BuCDCFBsBIAwA7AzAyAbAqAuAbAJADAAAAADB3BzCEB1BMA8AzA0A8AoAeAfAhAPAHAQACACAA
3163300,CnCcCTB5BKAyAxAyApAlAaAdAcAVADAFAAAAAACtCUCRByBQA6A3AvA0AeAeATAOAQAIAGAAAAAC
3163409,B4CNCJByBlAmAkAXAmAeAkAZA1AoAfARACAEAAB8CECGB5BuA0AoAoA/AqAlAcAiATAXAOACACAA
3163508,CdCWCKBsBNA3ApAvAtAqAhAZAVAVAIAIACABAACbCeCHB3BSBEAwA4AvAnAeAWARASAPALACABAA
3163607,CGCCCmB4BuA8A2AnA1ApAzAYAUAEAJACAKAJAACGCEB6CCBVBBAwA1AsAqAsAKAOATAMAAAIAAAC
3163706,B0BnB1BzBlBJA+AtAtAsApAdAcAWAMAJAEACABBzBoBtB5BsBUBAA4A3AqArAlAfAXAPAMAGABAC
3163805,B2CLCLCDBiA8AuAuAzAsAsAlAlAQAPALADAAAAB7B6CGBwBKA3AuA5AzAyAjAbAcAbATAFABABAA
3163904,B3BwBxB5BnBWBIAzA2AyApAqARAaANAIAFABABBlB1B3B3BhBJA4A2A4AdA7ATAXARANAGAFABAA
3164001,COCECJB6BVA/AuAnApAoApAjAaANAOAJAFAAABCVCBCMB6BZBAAyAyAvArAhAdAXASANAFAEABAB
3164100,CBCJCNBrBcA+AsAxAuAsAiAYAXAPAQAIACABABCICPB6CKBWBWA2A0AcAtAiAfAVAWAQAEAFABAB
3164209,CuChCOB1BaA/AwAtAsAkAgAVANAQAHAGACABABCzCdCUBsBLBAAsAwApAgAYAUAIAOAHAIADAAAC
3164308,BsB5CDCBBhBaBEAyA8AvAuAaAaAYAOAEAHAAACBuB1B2BoBdBLA6A3AwAqAnAbAbAWAHAHACAAAB
3164407,CKB+CACDBhBOA+AyA6AuApAcAVAcANAJAGAAAECDCACFBYBcA0A2AsAzAmAiAeASAPANAEAAAGAE
3164506,CiCdCRB4BKAxAyAwArAjAdAcATAQAJAFACABACCcCUCIBuBUA/AyAyAsAoAkAYAXAPAMAHAEABAB
3164605,CBB6B3BuBXBMA9A0AzAyAhAjAcAaAMAEAFAAAACBB4CGBtBYBLA+A1AvAtAgAfAaASAVAIACAAAA
3164704,B9BxB1BvBoBUBDA1AyAtAnAkAYAVAMAKADACABB6BoBvBxBgBRA/A0A0AuAoAeAaAVAMAJAEACAB
3164803,BtCDCNCbBrAyA4AXApAjAfAiAcAPAKASAEADAABqCFCUCUBNBGAdA6AsAtAjApAHAWAVAMABADAE
3164902,B1B7B7CDBeBEBKAuAUBLAzAVAZAhATALAFAAAAB3BkB5BtBWBFAmAXBcArA2AlAaAdAMAIAAAAAA
3165008,CGCCCEB2BTBAA3A1A3ArAuAYAXAUAMAIADABABCHB/B7BwBRBFA6A0AwAqAtAeAZAWAOAMABABAB
3165107,CDB6BzB0BzBaBFA5A4ApAfAbAXATARAJABABACCBBtB0BuBhA+A8A2AvAnAnAcAVANARAJACADAD
3165206,CKCRCEBxBiBWBEBEA0ArAaAcAZAZATAFAAACACCMCOB+BnBPA/AzAxAoAlAgAQATAOAJACACAAAA
3165305,B0B8CLCABwBRA+A4AqApAfAeATARAXAGAFABAABzBzCJB9BfA+AvAzAkAuAdAjAYALAWALABABAC
3165404,CDB+CDCDBOBHA4A0AhArA1AcAdAaAOAOAEAAADCTB9CJBwBRA6A3AuAsAmAkAjAZASAJADACADAA
3165503,CiCHCCBuBcBEAtAnAwAxAeAUAZAQAPAHAAAAAACWBmCnCKBVAzAyA6AxAlAlATAbAQAMAGAAACAC
3165602,CLB9B/BxBaA6BBA4AsAyAwAgApAbASAHAGAAAGB5B9CCBXBjA/A/ARAsAgBBAPAHAxAMARAAADAA
3165701,CGCOCOCLBSA1AsAoAsAwAhAeAbAXATAEAEABAACFB5CRCCBMA5AvAsAvAqArAeAfAVAJAKAEAAAA
3165800,BbBkCOCPBlB0AtBFAiBGA2AdAIAYAXALAFAFAABVBrB0B3BrA/A0AwA6AsApAjATAHAMAAAMAGAA
3165909,ChCdCPBwBAA4AsA/AzAgArAOAKAVATADABABAACoCgCIBqA7A5A5A2AqAjAkAWATAbAOAKABAAAA
3166006,CQCECKB9BOA/A3AxAtAuAnAfAeASAVAHABACAAB3B5ByB8BPA6A6AxA2AuAwAWAMAmAXAGAEAAAA
3166105,CGCWCSBzA8ApAmA5AxAkA0AXAbAoALAGAGAFAACACRB9BoBEA4AtA/A0A6AjAgAOAiAXALADAEAC
3166204,COCDCVB5BIA+A1A0AmAjAlAcAmATAOAGAGAFAACGCCCMB0BPA6A7AxAqAoAdAmAZAaAOAEAGADAC
3166303,CSCUCGB/BYA6AwAuAxAoAcAaATAfAIADADACAAClCCCIBoBkA4AwAzAoArAfAeAZAPAIALADAAAA
3166402,BxCDBaBbCHBFBDA9A1AdAeAlAkATAIAMAGAAAAB/CFB8CGBdBgA+ArAyAXAkATAbAjAIAAAFAAAA
3166501,CjCLB5CABlAvA6ApAfAiAfAjAKANAHAXADAGACCQCJCCB5BbA8ArAxAvAoAiAfALAkALAPAFAAAA
3166600,BeCXB6BqBOBUA3ArBYAYA/A9ArAKAKAAAAAAAACDCFBaBmBiA/AtA/AzAWBFAdAWAIAjAIAAAAAA
3166709,CGCKCSCDBIAuAmAoAuAjAdAdAaATARALAEAFABCJCJCOB9BUA8A2AyA0AuAeAaANAkATALADACAB
3166808,B8CICJCABpBNBBA8AyAmAnAXARAUALAJACAAAAB8B7CFB4BbBEA3A2AvAjAdAYATARAHAIACAAAC
3166907,CHB9B3CEBZBNA5AvAvAxAqAiATAQAHAQAIAAABCAB9B/B/BgBAAxAxAuAlAgAgAXAKAHARAHAAAC
3167004,BeCDCXCHBnAtA8AyAxAiAeAvAiAnAPAAAAAAAAB0B8COB9BEAsBBA7A2AhAmAgASAXAPAVAAADAA
3167103,CZCPCJB3BSA4AqAoAqAkAnAaAbAVANAGADABABCWCDCDB7BVA6AvAtAxAqAmAcAdAXAOAJAIADAB
3167202,CCB3B3B9BrBRA/A1AtAlAfAWARANAIAFACABAACBBzB7B/BwBWBEA3AxAoAiAbAUAQALAIADABAB
3167301,CPCXCaB+BOAzAxAzA2A2AtAgAgAWAAAAAFAAAHCGCOB3BvBDA9AzAqA2AlAqAVAVARAKAIAGAEAA
3167400,BwB1B9B+BYBOBCA9A3ApAkAkAZAjALAHAGAAACBvB3BsBxBUBGBCA1AvApAnAhAZAbALAOADAFAD
3167509,BzB7CEB/BfBSArA4A1A8A2AZAoARAOAHAAADAAB5BKCdB4BEBCAyA5AzAqApAbAaAQAIANAPAAAA
3167608,CqCcCGBwBYA+A1AuAtAlAdAcAXAPANAJACABABCnCTB7B2BTA/AzAwAoAhAYAbAQARAKAFACACAB
3167707,CKCdCZCDBiA1AjAqAoAoApAbATAXAVAHADABABCLCNCSCABJA0ApAvAvArAhAXAUAWAJAGAEAAAA
3167806,BtB0CIB5BcBHA5A1AxApAsAcAgAfASAJAHAAABB4BgBzB4BdBDA8A2A3AsAiAjAvASAQAHABACAA
3167905,BvBwCBCEBoBIA4A8A8AzAxAaAVAlANAGAEAAACBvBrCCB5BTA6AyAzAwA2AmAeAQASAZALAEABAA
3168002,CdCcCEByBUA9A5AsAtAeAeARAPATAKAGAEABAACWCZCRB5BZBHA5AuAqAiAbAWAQAPAQAJADABAC
3168101,B5CBB9B9CBBqA/A5A4ArAjAlAaAVAEABAEAAAACDB1BrBlBXBKAzAoAlApAmAWAXAdAHAAAKADAA
3168200,CACHCOByBoBXBLAuA4AsAxAeALAfAOAGAEAAAABgB5BzBnBYBPA6A/AxBAAcAHAPAOAOAAAAAGAD
3168309,CTB6CEB7BZA5A9ArAyAkAuAjAnAYAQAOADAEACCQB8B+BoBRA5ArAvAmAyApAVARAYARAQAIAAAA
3168408,CYCTCOB9BLA2AsAtAqAmAqAYAZAXAQAFAEABABCOCSCTCABOA4A0AuAtAoAgAbAVATAKAEACABAA
3168507,B0CFCACCBUA5AwAuAsAvAqAfAeAdAOARAEABACB6B4CEBzBWA8AxAxA1ArAuAeAYAfAOANADABAD
3168606,CNCJCHB2BPA8AxAuAuAnAgAXATARALAGACABAACMCICKCFBfBGA6A3AwAoAgAaAVATALAIAEACAB
3168705,CQBuB8CCB2BeBCAxAwAkAhATAMAHAFADABABAACFBtB9CKB5BbBAA2AuAiAbARANAKAIAFADABAA
3168804,CEB7B/B6BnBLA6AoAwAlAjAaAVAUAMAHADABAACUCECCBoBgBJA8AxAtAmAlAcAVAUAKAOAEAAAA
3168903,B8CJCPB4BaBIA9A4AsArAiAXARAbAMAEACAAABB3CMCRCABVBIA1A1AsAmAdAaARASAKAGAEABAB
3169000,B8B8B/B3BPA8A5A1A3A1ArAqAlAWAQAKAHAAABB+BsB1BxBRA+A7A0AxAtAvAfAYAcAOAKAGAAAA
3169109,B0CIBxB1BPBGBKA2A3AzAzAcAeAkAJANAIACAACAB/BtBaBNA+BAAwAtApAoAmAjAcAMAIAAABAA
3169208,CCB0B0BwBZBBA0AzAvAuApAqAYAZAYANACAAABCABtByBvBYBMA1AwA2AuAkAnAeAeARAQAGAEAB
3169307,CMB5B3ByBtBVBBA1AvAnAkAbAWARALAGADABAAB/BtByB4BpBPA+A2AuAoAjAeAXASAKAGACABAC
3169356,CaCLCIBtBuBbBFAzAvAhAdAVAMAIAEAEABAAAACWCLCEB7BlBQBAAxAoAfAXASANAJAGACACAAAA
3169406,COB8B2B4B2BYA+AzAqAoAiAcASAPAMAHABABABCLB/B4BwBnBNA3AuAsAmAgAcATATAHAFAFABAB
3169505,CFCRCXCKBdA6AqAnA1AiAnAeAVASAcAIACABACCACGCMBwBTA3A1AzAtAjAgAeAVAPAJAOAEAEAA
3169604,B2BzB9BzBaBJBEA+A+AwAlAhAYARASAHAEABAABuB2B3B3BZBIBEA8A2ArAiAhAXASANAGACABAA
3169703,CfCSCSB6BgA+AuAtAtAiAbAXANASAJAGADABAACWCPCQB2BMA5A1AxAtAmAhAXAWAXALAJAEAAAC
3169802,B+B4B5CUB2BSA9AzA4AvAkAkAWARAKAOAAAAAACAB6B0B2BQA/AyAnA9AkAmAbAaAPADAJADAAAA
3169901,B4BvB5B5BoBPA8AvAvAqAlAhAWATANAIADABAAB1BuBzB8BsBSA/A1AxArApAfAaATAOAKAFACAA
3170008,CtCfCGBvBMBEA4AxAtAiAeAWAdAPAHACADABAACxCfCHBoBHBDA0AwArAfAhAPAUAMAJAGACAAAC
3170107,BwBqBsB0BtBUBBA4A3AuAmAbAXARALAGACABABBwBnBtB8BxBWBGA9A6AvAoAdAYASANAIAEABAB
3170206,B+BsBvB7ByBcBFA3AyApAhAYARAMAHAFACABAAB6BqBtB/B2BdBGA5A0ApAjAaAUAOAJAGADABAB
3170305,CwCgCVB+A9A4AxAuAjAxAtAJANAYAQACAAAAACC0CnCQBlBCA1A1A1AuAnAWAGAVAOAJAEAAAAAE
3170404,CgCbCMB3BfBPBAA1AxAkAcAUAQAJAHACABAAAACdCYCHB4BYBHAzAvApAgAYAQANAJAFADABAAAA
3170503,CpCOCGBzBWA/A0AuAwAjAeAfAWAPANAHAEABAACcCJCOBwBWBCAzAsAqAlAhASAYARAMAHACAAAB
3170602,BEBeCFByB0BMBsBHBIA5AYAaAWAVAXAFAAAEAABRCDBqCABGB1BLBCA5AhASAVAWASAJAJADADAA
3170701,CFBuBsByBwBdBHA3AxAnAgAaATAQAJAIABABAACDBvBrByBzBbBEA3AwAnAiAcAWASAKAIADABAA
3170800,CpCOB+B5BhBSA/AxAsAiAZAZAOANAIADABAAABClCPCBB4BkBJA4AwAoAeAbAPANAMAFACACAAAB
3170909,CqCgCZB5BJA2AwAwAnAjAZAeARASAIAGACABAAClCfCYBvBOA3AvAvAoAgAaAXAQARAKAIACABAA
3171006,CTCSCCCDBuBbBGA3AzAjAdARAMAKAFAFADABABCMCRCCB3BcBNA2AyAlAbAXASAPANAFACABABAB
3171105,CDCGBqBqBmBUBQBIBCAuArAjAaAdARAAAEAAAACJB/BqBPBUBPA+AqA4AhAZAeASAXAMADAAACAA
3171204,CYCDBwBsBvBYBGA4AyAnAhATAOAPAJAEACABAACQB2B1B3BrBSA/A1AsAiAbAaATAOAJAFABACAB
3171303,CHB2B0B8BvBXBAAxAqAkAiAYASAOAJAGAEACABCDBxB2B+ByBZA/AzAuAnAiAaAUAQAKAHAEABAB
3171402,EZCXBCA3B2BuA3AXA7AUAlAfAQAVALACACAAAAB7BaBKBfCoBABKBDAgAlAqAQAOAYAKAGADAAAA
3171501,CfCRCGCEBrBCAaAwArAgAlAYAZAWAJACACAAACCTCECICGBgBCArApAwAjAiAaAJAXADAIAAAEAA
3171600,CYCXCWBzBQAvAtAqApAkAeAXAPARANAJAEAAABCNCbCPCABOA6AyA2AyAoAkAYAYAUAMAFAFABAC
3171709,CSCOB7B1BaBEA4ArAvArAmAgAaAOARAHABADAACNCDB9B2BdBIA7AuAqAlAnAYAZAPAKAHABABAB
3171808,CPCGCeB5A4A/AtArAiArAmAeAXAXADACAEAFAACQB6CVCGBhA9AuAlA5AsAmAfATATAQAGAHAEAC
3171907,B9CNCiCDBhA9AnAsAsAmAdAfAhAQALAGACABAAB/CGCLCCBXBBAsAzAxAqAoAZAUARAHAIACACAA
3172004,B3BuB8B7BbBFA1AuAuAqAmAnAYAWASAKAEABABBzBtB9B3BkBGA8A1AwAwApAhAgAbARANAFACAC
3172103,CFCHB8BpBnBLA7BJAdAfAbAuAaAVANABANAAAABvBYBVCRBwBUA2A+ArAtAnAWAZAkAQANAHAAAB
3172202,BvCOCNB/BwA7AvA+AwAhAsAlAYAZAVALACAAAAB/BuCGB3BRBAArBAAnAtApAXAUAdACADACAAAG
3200102,CbCQCEB0BeBIAyA0AwAmAiAaASASAOAIADABAACVCIB6BzBVBEA1A0AsAlAiAXATAQALAIAEABAA
3200201,CJB8CEB3BaBIAyAqAqArAqAiAZAaARAIAEABABCFB3B8B2BbBCAzAuAuAtAiAkAYATANANAGAEAB
3200300,B/B2BpCLBnBQA7A0A0AmAkAiAVAfARAKAFADABB9B5BxB6BhBMAuAvAqAjAjAYAgAVAQAKADACAB
3200409,CVCHB8CDBoBVA8AuApAnAkAdAVAWANAJACAAABCJCBBzBtBiBIAzArAqAlAlAQAXARALANADACAB
3200508,B2B4CNCEBdBLAxArA2AwAuAeAYAdAUANADAAABB4B2B6B0BYBHAqAuAyAuAiAdASAiAJAKAEADAB
3200607,CeCLB0B2B8BlBCAyAqAhAeAYAQAMAKAJAFABABChCEBzBvBfBWAxApAiAfAZAQANAMAKAIAEABAB
3200706,B/B0CUB5BnBKA5ArAuAmAsAkAkAQAWAPADABAAB6B0CBBxBeBAAlAtAtAuAcApAPAWATAGAFAGAA
3200805,CGCDCEB5BaBGAxAxAsAqAkAYAWARAQALAEABAACACCCEB7BdBGAzA2AwAnAhAdAWAVARAKAEABAB
3200904,CcCWCMB8BaBBAxAsAsAmAhAZAVAUAKAHACABAACWCPCIB4BVBCAxAyAqAmAdAVAPAQALAFADABAB
3201001,CaCVCQCBBhBFAwArAsAmAZAdANAKAPAFAFACABCVCaCQB+BfA/AzArAqAgAZAMAKAQAGAGADACAC
3201100,BxBuBvBsBzBMA4AtAvAsAmAgATAWASAIAGADAABxBkCACABvBQA5AvA1AyAuAfAaAeAMAJABAGAC
3201209,B/BsB3B7BrBWA/AyAvAqAlAZAUASAMAIADABABB/BoB2CBBsBTA/AzAxApAjAcAXASANAIAEACAC
3201308,CTB4B3B2BwBcBCAzAsAkAeAUAQAOAIAFACABAACOB1B0B5BvBZBDA0AsAlAcAWARAPAJAHACABAB
3201407,B8B2CJCKBwBJA1AtAxAtAjAeAYAOAOAKADABAAB2B4CFCBBgBCA2AwAwApAfAbATAQALAJAFACAA
3201506,B9B7CFCEBqBRA6AvAuAoAiAXARAQAMAGACABABB7B2CBCCBpBRA9AyAtAnAeAYATASAKAHACACAB
3201605,CwCYCIBpBOA9A2AvAqAkAaAVATAWANAIADABAACwCXCNBtBVBFA1AuAoAfAXAUASAQAMAIACACAB
3201704,CTB+B/CIBuBSA7AvAwAoAeAcAUAPALAHACAAAACRB6B7B4BgBMA2ArArAlAgAVARALAKAGAEABAA
3201803,CeCGCKBhBpBkAxApAlAlAlARAhAXALANAAAAACCSCLB9B/BOBSAvAtAeAjAbAbAWANANAIAAAAAC
3201902,CJCEB7B1BpBPA8AxAyAoAmAeAcATALAGAEACABCDB4B5BsBZBHA4AyAtAjAoAdAWAVAMAJAHADAB
3202009,CGCGCEBzBfBYAzAqA5AqAiAiAVAOAIANAHAAAACQB+B+B2BbBHAyA2AvAaArATAUAMANAIAAABAD
3202108,CjCcCKB4BUA/AvAoArAnAfAaAXASAOAEADABAACZCZCOBzBYA/AxAxArAjAdASAUAQAJAEACACAA
3202207,CBB/CEBzBuBRA3AsAtAjAkAoAbAaATAIAHAAACB+BqB0B1BdBOAzAuApAnAtAaAcATAMAGAHACAC
3202306,CHB1B4ByBgBRA1AvAsAqAmAeAZAVANAMADACAACFBxB1BzBoBRA4AwAtArArAdAYAWARANADACAA
3202405,CQCCB8ByBoBcBCA0AqAlAgAYAVATAIAHACABAACRB9BxBzBmBUA8AvApAjAhAVAQARALAJAEABAB
3202504,CGB1B1B6BrBUA4AtAsAqAkAfAdATAUAKADACABB8B3B7B5BnBKA5AvArAmAgAZAWAWAOAJAFAEAB
3202603,CHB2B5CFBzBUBBAyAxAoAiAWAYAYAOAEAAAAAAB3BuB8B4BiBVA1A0AtAhAgAaAYAWAMAGADADAA
3202702,B4B1B8CBByBLA5AwAuAxAfAnAaAVAQALAEAAACB4ByByBzBiBKA3AsAwAoAlAfAaASARALAEACAB
3202801,CcCNCBB3BcBMA6AwAsAkAdAbARAUAQAIAEABAACcCLCBBzBcBFAyAsApAjAbAZATAPAKAKADABAC
3202900,BzB0B4B4BqBSA4AzA0ArAmAjAbAWAOAIACAEAAB4BuB/BxBiBLA7A3AtAuAdAhAaAaAMAHAGADAB
3203007,CcCRCFB6BgBLA1AuAsAlAjAbAWAUAMAHADABABCdCGB9BvBXBFAyAwAnAmAeAYASATAIAGACACAA
3203106,CDB3CLB8BXBGAtAuAyAsAyAXAeAWAOAPAHABABB/B0B/B0BXA+A3AyArAuAlAhATAUAXAMAEACAA
3203205,CkCOCGB4BnBNA5AwAqAjAeAXASANAJAGACABAACcCLCFB6BlBMA1AsAmAgAYASAMAMAIAEACABAB
3203304,CWCPCMB2BXA+AuApAwAoAfAZArAaALAIAEACABCbCHB+ByBSA7AsAwArAjAsAbAVAQAJAJAGABAA
3203403,CKB3B9CGBmBJAyAuAvAnAoAcAZAYAWALAFABABB5B1CBCABhA+A0AtAvAlAjAYAXATAPAKAGADAB
3203502,CXCTCSCBBUA7AzAuAsAkAiAWASASAMAJAEABAACHCSCMB/BWA/A0A0AuAkAgARAMAOAKALAFABAB
3203601,CWCSCSB7BTA/A1AxAvAnAfAbAXAWALAKADAAABCMCUCJBuBWA/A5AwArAjAfAVAVANAOAGACABAA
3203700,CfCTCPB8BiBBA1ArAqAmAiAcAaASALAIADAAAACbCLB/BsBYBBA1AqApAmAcAZATALAMAFAEAAAB
3203809,CEB8CEB7BnBGAzAvAtApArAdAVATAOAQAIAAABB9B4B5CABbBCA0ArAvAsAgAhATAVATAMAFACAB
3203908,CWCQCPCCBmBJA1AtArAlAcAbASAQAMAHACACAACOCOCIB5BhBHAyAtAnAeAcASAPANALAHADABAB
3204005,CeCUCOB8BjBLA1AsAvAlAjAWARARAJAGADAAAACcCQCAB2BZBBAwAuAqAjAXAUAOAPAKAHACAAAB
3204104,CRCYCSB8BVBAAzAtAsAnAhAYAWATAJAJAEABABCSCQCLB8BcA+AyA0AtAjAZAQARAOANAHABACAA
3204203,CaCEB1B1BkBUA/AqAoAnAeAYAPAaAOAKABACAACcCBB8ByBdBBA2AqAuAfAhAYAXAVASAMABABAC
3204302,CgCRCJB/BdBHA/AvAqAeAeAcARAYAOAKADACABCUCPCCBvBZBDAyAoAmAhAVAZAVASAIAHAEAAAB
3204401,COB/B8B1BsBXA4AuAsAlAjAiAYAVARAIAFACABCDBzB9BxBeBFAwAsAsAkAqAUAYAWANAOAGAEAC
3204500,CXB/B7BuBcBRA8A2AuArAhAkAZAYANAKAGAAAACJCAByBrBWBEA3AtAvAqAiAhAWAVAKAMAEACAB
3204609,B5B4B8CDBuBVA+AxAuAtAoAdAbARALANAFACABB1BuB9BvBjBKA5AyArAqAhAhAWAQALALAFACAB
3204708,CXCKCFCCBsBPA2AtAoAlAiAVATAQANAGABABAACUCICGB5BkBHA0AsAnAjAbAVARAPAHAFAEABAB
3204807,CCCDB5BtBYBJAwAsAxAsArAkAcAkASAKAHAEACBzB3B8BwBWA9A2AvAwAqAvAgAaAWARANAHACAE
3204906,ChCXCOB2BcBKAzAuArAkAfAXAPAQAKAHACABABCkCRCCB0BcBIAzAtApAfAZASAOAMAJAFAEABAB
3205002,CkB8BqBsB5BuBPA1ArAhAZAUANAMAIAFABABAACiB5BrBtByBhBBAwAkAeAXASAOAKAIAFACACAA
3205101,ClCNB6B0BsBYA/AxAsAjAfAWAPAOAKAHACABAACZCHB4BrBlBUA7AsAoAhAXAXAQAOAHAEADABAA
3205200,CBBrBxB+BwBaBDA0AvAmAhAWAQAMAJAFACABAAB+BqBwCBB2BfBHA4AxArAiAXATAQAJAHADABAB
3205309,B9BkBlBzBxBYBCA0AtAoAkAWAQAMAJAGADABAAB7BkBpCGCCBkBKA6A1AuAlAZAUASAMAIAEACAC
3300100,CSB0BwB8BrBkBUBDA0AnAfAWARANAGAEACABAACNBxBtBzBpBZBHA0ApAhAZAVAPALAIAHACABAB
3300209,CNCECDB4BfBMA9AzAzAkAhAeAXAUANAJADACABCIB5B5BtBcBIA7AwAqAkAhAcAcATAMAHAEACAB
3300308,BzBlBoB0BrBYBHA3AyArAqAfAXATALAGACABAABuBkBrB3BsBcBJA6A1AvAqAiAZAVALALAEACAB
3300407,CFBxBzB3BxBeBLA3AyAoAgAaASAMAHAEACABAAB/BuBuB5BvBeBIA3AvAmAiAXARAMAJAGACABAB
3300506,CCB/CCB2BiBSA/AyAwApAtAfAWATASAJADADAACBB0BzBtBVBMA5AuAvAnAoAZASAZAQAIAGACAD
3300605,B2B4B7B/BcBEA5AvAwAoAmAoAcAUANAMADABAAB0BtB6B/BlBKA7A1AwAsAsAbAaAVATAKADADAB
3300704,CIB5BzB8BsBXBEA6A4ArAjAWAPANAIAEACABABCCB0ByB+BrBUBEA6AvAlAdAUAQALAIAHADABAB
3300803,CDCKCFB5BhBJA8AwAvApAmAiAcAQAOAIAEABAACCB/B9BzBZBGA5AuAqAnAlAaAXASAMAJACACAB
3300902,B3B6CLB9BbBHA6A0AzApAjArAeAYAQALAFADABByBxB8BvBXBDA3AzAsApAnAiAcAcAKAJAGAFAB
3301009,B8BxB6B+BhBHA5AyAxAqAlAcAXAUANAIAEABAAB4BuB2CBBoBPA/A4A0ArAlAcAYAUAOAJAFACAB
3301108,B8B+CEB2BcBGBCA5AzAuAmAbAbAQANAKAFABABCDB3CEBzBUBHBBAyAsAlAjAaATARAQAMAEACAC
3301207,B3ByCFBzBkBMA3AxAuAuAoAgAdAVAMAJACAAACB5ByB+B5BkBLA5A0ArApAoAdAYAaAJAMAGACAB
3301306,CMCECFBzBdBSA+AzAzApAjAeAcAVAQAHADABABCGB/B8BpBcBJA3AzArAjAgAVAWASANAEACACAC
3301405,B5B9CPCXBhBGA+AwArAsAkAWAUATAMALABABABB6B4CFB7BcBLA2AwApAiAdAcASARAOAMAHABAD
3301504,B2BwB+B3BeBOBDA7AyArAgAfAbARAMAHAEACACB2BrB6BzBbBSBDA5AwApApAfAZAYAMAIAGADAB
3301603,CKB8CCCDBgBKA6AvAsAmArAqAaAYANAMAFADABCECAB4BuBTBBA3AmAmAsAoAcATAOARAGAKABAD
3301702,CFB3B0BtBmBZBIA4A1AqAlAZARAMAHAEACAAAACEBzBwBvBpBbBIA6AzArAlAZATAOAJAFADABAB
3301801,BuBsB7CeBlBKBAAyA1AvApApAbAUAMALACAAABBmBoB1BrBaBJA+A3AzAnAsAhAcAUAPALAEABAC
3301900,CPCKB/BvBeBQBHA5AwAmAiAZASAQAMAHADABAACTCDB2BrBcBRBAAzAsAjAeAXARAQAJAHADACAB
3302007,CLB/B9BxBmBYBIA1AxAoAjAbAWAQAKAGADABABCGB6B1BuBmBTBAAzArAkAjAWATAPAKAGADABAB
3302106,BwBwB9B/BUBBA9A9A3ArAoAmAcAbAUAMAEABABBtBtB6B0BWBIA8A6A1AsAoAfAgATARALAFACAB
3302205,B7BvB8B7BeBKA7AyAxAsAmAdAYAWAOAJAEACABB5BuB3CBBkBSA/A2AwArAkAdAXAVAOAKADACAB
3302304,B5B9CNCMBbBRA2A7AvAkAeAoAbAWAMAKADAAABB1B1B5B9BbA/A0AuApAjAtAeAWATAUAIAGACAA
3302403,B+B1B4B7BmBOBBA2AyAnAhAdAYATANAHADACABB4ByB4B6BjBSBCA1AvAnAjAZAXAUALAJAEADAC
3302502,CJCAB+BzBgBOBBA0AyApAkAfAXARALAGADABAACHB9B4BwBdBOA/A2AvAnAhAdAXAPAJAGADABAB
3302601,CCB6BzBwBfBUBDA6A4AqAqAhAeAVANAIAGACABBzB2BxBrBWBMA9AwAyAoApAgAXAWAPAIAEACAB
3302700,CBB/B6ByBpBQBBA7AzAoAnAgAaARAPAIAEABABB9B1BvBzBeBLA8AyAtAnAkAaAXAPAOAKAFADAC
3302809,BlBsBzB3BnBWBBA1A4AuAnAkAfAZAKAHACAAACBrBpBrB2BqBPA8AzA1AyAqAmAZAWAMAKAFADAB
3302908,BkBpB9BvBeBQA8AxA1AvAoAmAaAbAPAHADABAABiBqBvB6BlBPBHA5A5AtAqAiAgAdASAKADABAB
3303005,CCB1CBB4BUBCA6AxAyAtApAaAaATAQAJADACAAB4B4B2B7BaBEA9A2AyAtAqAeAYAWAQAOAHAEAC
3303104,CBB2CAB1BhBNA0AtAuAsArAkAbAUATANAGADABCDByB3BuBbBHAwAvAtAvApAbAfARAPAMAGACAB
3303203,ByBrBmBqBmBbBKA6A3AtAnAdATAQAKAEACABAABwBqBlBsBsBgBPA9A6AwAtAiAaARAMAIAFABAB
3303302,BgBYBVBnBoBYBIA8A4AyAuAiAaAUAMAHADABABBeBVBaBuBuBhBRBDA/A4A1AoAgAaASANAHADAB
3303401,BzBmBsBuBlBWBKA8AzAsAoAeAYATAKAHADABAABwBnBrByBoBcBLA9AzArArAgAbAWAOAIAFABAB
3303500,CIB9B2BtBiBUBHA5A0AqAjAZARAMAHAEACAAAACFB5B1BuBlBYBHA6AzAqAkAZATAOAIAGACABAB
3303609,BqBpBsBzBpBYBMBBA/AzArAgAYATAMAFACABAABpBkBrBzBfBTBDA7A3AtArAeAZAUALAMAFAEAB
3303708,BvBtB3B6BiBNA/A0AzAsAsAdAWAUANAJAEACABB2B1B7B2BhBOBEA1AwArAoAhAZAUAPAJAFADAB
3303807,CdCFB7BuBYBWBGA7AyAmAkAdATAPAMAFAEABAACXCKBxBrBeBNBAAvAnAhAcAWASAQAHAFAFABAA
3303906,BvBpBsBrBjBUBIA6A3AvAqAiAaATAMAGADABAABsBlBqBsBiBYBLA/A4AxAuAjAdAWAOAKAEACAB
3304003,B+BwB4B5BtBSBBAzAwAoApAgAZATAIAGAEABABB5ByBzB4BoBRBAA1AuAqAqAZAXANALAHAEACAB
3304102,B8BvCCB3BcBIAxApAvAoAsAgAcATAVAPAFADAACABwB+B3BkBBAxA0AsAtAoAiAXAbAUARAEADAB
3304201,CIB4B0ByBkBYBKA4AyAmAiAbAWAOAIAGACABAACAB6B0ByBnBZBGA3AuAnAiAaASAPAIAGADACAB
3304300,CGB5B4B6BhBTBEA4A0AqAnAhAYAVAMAKAEACABB7B3ByBrBdBIA6A0AuAmAeAfAaATANAKAEADAC
3304409,CUB4B7B1BVBSA/A4AxArAmAdAbAWAPAFAAADAACNB7B8B3BYBJA1AuAuAiAhAdAVAUAJAHADACAA
3304508,B1B2CaCTBfBIBDA1A3ArAnAgAZAQAMAIAGADAFBvB2B2B2BaBDA3AsAwAkAhAWAXASALANAEABAA
3304557,BfBYBVBhBoBaBLA8A6A0AvAkAaATANAHAEABAABcBWBVBmBrBjBSBDBAA6A2ArAhAbATANAHADAC
3304607,CTCQCLBwBOA9A1AwAtAsAzAZAZAcAUAJAFADAAB/CGB/BwBNA/A0AtAnAmAkAeAcAcAQAFAFABAB
3304706,BzBvB4B2BVBGA/A3A0ApAqAkAfAZATAJAEACABBzBvByB0BdBGA/A3AwAuAoAjAdAdAPAMAFADAD
3304805,B6ByCBB5BcBDA5AzAzAqAsAiAbAaARALAEABABB4B0B7B7BXBGA5AzAvAqApAcAbAWAQAIAGABAC
3304904,B5BvBqBwBmBaBKA8A4AsAmAaAUANAIAFACAAAAB1BrBpByBpBeBNA+A4AtAnAcAVAQALAHADACAB
3305000,CLCHCPB9BeBHA3AvAvAmAhAZAUAZAQAKAEACABCOCHB/B1BVBBA0AxAqAkAbAYASAVAQAHAEADAB
3305109,CAByBtBtBnBcBMA5A2ArAmAZATALAHAEABABAAB+BvBsBtBrBfBMA6A1AsAoAcAVAPAKAGADABAB
3305208,CIB/CBB3BeBPBIA8A4AmAfAWAQARAIAHADACABCGB8B8B1BfBSBCA1ArAgAeATAWAQAIAGAFADAC
3305307,CACFCSBwBaBEA2A2AxAsApAkAeAdARAGADACABB5B9CCBrBRA+A6A1AmArAhAbAeAUAOAMABABAB
3305406,B9B+B7B9BgBLA8AzAvArAtAaAXAUARAMACABABB1BxB7B7BiBNA4AyAvArAlAfASASAQAIAEACAC
3305505,B9B7CCB5BkBMA/A3AwAoAjAeAhAVANAKAEACABB+B8B3BvBZBFA8AuAxAkAiAaAbAUALAMAGACAB
3305604,CZCMCEB0BfBDA6AsAwArAqAiAbAUARALADADABCQCOCBBpBSA4AxAnArAjAiAWAXAPALAKADACAC
3305703,CRCIB8B6BqBSA5A0AsAnApAZAUATASAFAFABAACMCFCDByBaBBAyAsApAlAiAVAVAPALAGAEABAA
3305802,B7BzBxBsBiBXBEA6A0ArAmAdAWARANAGADABABB6BwBvBxBlBWBJA5AzAqAnAgAXASALAIADACAA
3305901,CFCFCaB2BfBCA4AvAsArAuAhAXAZASAKAFABAACAB/CPBnBNA4AuAzArAnAmAaAOAXAOARACADAA
3306008,B4BuB5B3BoBXBCA5AzAsAlAcATARALAHAEABAABzBrBwByBoBXBIA5A1AqAoAbAWARAMAIADACAC
3306107,BqBlB5B7BmBNBBA1AzAsArAeAYAXAPAKADACAABlBmBqB6BnBPBBA8A1AwApAkAdAXARALAFADAC
3306206,B1B3B5B5BkBJA3AyA2AqAtAfAbAUAQAJAEABAABwBvB4B6BiBKA7A0AwAtAoAgAZAXAPAKAEADAC
3306305,B4BjBlB4B+BqBNA3AwArAmAgAVAKAGADACAAAAByBhBkB8B5BnBMA3AyAtAlAbASALAHAFACABAB
3500105,BxBsB1CCBgBGBAAzA1AyAsAhAfARAPAIAEABAABmBsB5B4BdBMA+A9A4A1AkAiAYAWALAIAEADAB
3500204,B0B+CEB7BwBSA7AzA6AyAgAdAPApAIAHAAADAABgByCGB7BkBFBBAxAtAtAkAVAWAQAIAIACADAA
3500303,B7BtByB5BxBSBCA2AxAwAsAmAdAVAOAFACACAABqBsBqBvBjBKBAAyAzAwAsAgAYAQAOAIAEACAC
3500402,BpB3BsBrBsBFBDA1AxAuAxAkAjAWAQAOADADAABkBzBpBwBWBKBAAzAvAxA0AgAcAaAVATAIABAB
3500501,BwBmBgBkBcBUBMA6BBAxAvAnAZAhARAHACABABBtBdBnBjBcBTBIA6A+AsAtAqAjAYARAHAFACAC
3500550,B2B0CQByBgBNBIA4AvAvAsAmAjAVAQAHAEACAABuBuCFBlBMBPA3AyAyAsApAcAdAQALAJAEACAA
3500600,BRBYBLBnBfBABHAzAxAhBLAlA1AYAUAqAAAAAABoBEBYBUBJBaBPBHBCAjBGBAAlA5AjAJAHAAAA
3500709,CQB/B2B8BkBYBEA2AxAoAlAcAXASALAIADABAACKB5BxBnBeBMA/AvAsAlAgAcAXAQANAJADABAA
3500808,BjByCACEBYA+BABCAyAqAsAkAbAWAcASAEAAADBVBwB1BwBWBJBFAzA4AvAtAXAnAXAQAIAHABAA
3500907,B7BvB/CHBjBMAvBKA1AoAXA0AhAXAaAAAHAAAABqBpB0BwBPA/A6BGAwAmAmAdAcAfAFAJAJAAAE
3501004,B7BvBsB5BvBgBGA0A5AvAqAeAUAUAJAGAEAAACB8BjByBuBpBPBAAyAyAsAiAgATAXAIAGAEAAAD
3501103,BwCBCBB/BiBOBABAA2AxAuAkATASAKAIACADABB2B3ByB2BYBJA+A3A2AlApAYAUANAJAFAEABAC
3501202,B1B3CDB9BoBNBHA6A6AvAnAcAbATAOAFABAAAABqB4CFBxBTBKBDA5AvAqAkAZANATAJAIACAFAA
3501301,ByB5CGB+BcBHBDA6AyAqAhAnAZATAMAIAHACABBwB1CABuBaBMA/A1A0AnAlAbAXATAKALAFAEAB
3501400,CSCHCEB9BSBBA+AuAuApA1AbAWAQAIAIAHACACCjCWCFBqBRA/A7AnAnAmAZAaAOASAKAFAHADAA
3501509,CGCIB9B0BiBTBGBAAqApAqAeANAYAKAAADACAAB/CKB7BvBmBBBFAsAsAqAoAMANAUAGAJAAACAA
3501608,BxBhBjByB4BnBNA3AzAvAoAgAUAQALAHACABAABsBdBhB0B2BcBHA5A4AxArAfAXARALAHAEABAB
3501707,CWByBxB2B0BgBIA8AsAlAhAbASAQAHAFACABAACPByBwB2BvBRBBAxAlAiAfAZAQAOAJAJACABAB
3501806,BtBoB6BzB3BQBABIA9AqAqAlAaAKAEANAEABACBpBnB0B5BnBBBGBCA7AmAwAWAVAQAKADADAAAA
3501905,BsBtBnBmBpBaBJA5A5AwAtAkAcAXARAHAFABABBsBlBhBlBiBVBCA4AzAvAqAmAbAcARAOAHACAC
3502002,BjByB3B0BrBZA3BEBAAvA3AcAdAdALAGAHAAAAByB2ByB4BSBJApAxAxAyAaAXAqAYADASAKAAAA
3502101,BzB3B5B3BdBHA+A2A2AsAmAhAZAUAOAIAFABABBuBxB0B4BjBQBCA9A3AsAkAhAcATANAIADABAB
3502200,B8B5B6B6BgBWA/A1AyApApAhAeAWAOAKAHAAAAB8B2B6BwBaBKA9AzAsAoAmAaAaASAKAHABABAB
3502309,BzCBB+B0BVBLBBA1A8AtAkAxAjAjARAKAEACAACCB8BnBvBJA7A9ArA0AnAkAkAcAXAIACAIAFAC
3502408,CGCFCCCFBVBEA2AxA1A4AeAlASAaASALACAAAABwCGCEB+BMBIAyAzAxAeAtAZATAIAPAJACAEAC
3502507,B3BwB0B9B2BPBAA2AzApAjAfAYAPAJAFACABAABzBoBxB/BtBRBCA0AwAqAtAcAUASAOALAEACAA
3502606,B7CACACCBNBIA8A6AzAqA2AXAZAXASAJAFABAABsCCCHBuBNBHBEA3A2AlAdAiAVAZANAHABAAAA
3502705,CcCWCABxBWBEA9AyAvAkAiAZAWASAMAGACABAACYCRCAB4BVBCA4AxAoAjAdAdATARAIAEACABAB
3502804,B2BxBxB2BhBNBCA4A1ArAnAeAYATAMAIADABABBwBwBwB2BjBVBGA7A4AtAnAfAYATANAIAFACAB
3502903,B4CDB1BrBVBSBCAyAyAtAvAiAiAaANAMABAFAACFB6B4BmBaBHA5A0ApAsApAeAZAYAOAHACABAA
3503000,B7BuBxBsBpBGBDA9BJArAqAlAfARANAQADADAABcBiB5B6BbBUA7A/A3AtAkAaAXAXALAPACAAAA
3503109,CKCUCKB2BXBEA7BDA1AlArAqAYASAMAIABAAAACXCJB6BZBHBKA6A0ApAmAlAUASAWAGADAAAAAA
3503208,ByBjBkBsBkBbBFA4A1AyArAjAaAWAOALAEACABBsBfBgBtBmBXBHA5A3AyAuAlAdAYARALAGADAC
3503307,BwBoBoB0ByBbBJA7A3AwAtAeAWAQAMAIACABABBvBlBmBwBtBTBFA4AzAvAqAdAaATANAJAEACAB
3503406,BrBsBuB+BbBOBFA9A5AyA0ApApAdAQARAGABABBsBsBsBjBLBGA8A3AwAsAzAaAbAdARAEAEABAE
3503505,CHCIB/CUBuBVAtBCA0AZAbAkAMAVAOAWAKACAAB+CBCIBzBWA7AyAtAnAhAdAaALATAOADAFAAAA
3503604,CgCXCIB0BkBNA9A1AzAuAkAXAXALAJADADAAAACOCHCBBoBZBIAwAuAsAjAgARAQAUAGAEABABAA
3503703,BoBhB1BvBlBXBOA8A3A1A0AlAdAVAMAJAJAEAABzBhBlBeBhBTA7A2AwAzAyAdAWAUAQAQALAAAA
3503802,B3B1B4B5BuBZBMA6AzAwAuAaAWAQAPAFADAAAAByBzBrBzBoBSBBAxAyAmAoAXAWAOALAGACABAB
3503901,CPB9B7BoBkBXBMA4AzAoAlAZAYAOAKAGADAAAACPCCByBuBhBTA/A4AtAiAfAXATAIALAHACACAA
3504008,BwBzBzB0BdBIA/A4A0AuArAgAbAUAOAIAEABABBzBtBvBzBiBOBBA7A5AxAoAjAcAVANAIAFABAC
3504107,B4ByBrBtBkBSBFA7A1AtApAhAaASAPAMAEABAAB3BsBsBtBiBQBBA7AyArAqAfAdAUAOAJAFABAC
3504206,B2BvCPB6BgBMA/A3A5AvArAfAXAPAKAGADABADB4B3B2B/BaBIA+A3AzAuAjAbANAUAJAFAFADAA
3504305,B3CGB/B3BlBVBHAvAzAtAyAfAUAbAPAPAAADABBvCBB7BpBfBIA4AxAsAmAhAUAYASAJAHACAAAC
3504404,CCB3CCB/BsBHA/A0AvAwAiAlAZAUAPAIABACAAB4CDB+BsBUBHA3AzAzAsAmATAgAOAHAFAGABAB
3504503,B9ByBvBvBeBXBFA5AzAtAoAgAZAUANAJAEACABB5BtBoBrBhBOBAA0A1AvAqAgAdAaALAHAFACAB
3504602,B3BoBsB1BhBaBHA2BKA0AvAgAoAQAZADAFAEAABcBnBjBrBeBABWA7A3AvAwAQATAeANAJAAAFAA
3504701,CABPCgB9BpBjAjBKBRAxBFAFAjAAAPAPAAAAAABTBpCYCCBWBMAzA0AqAvAWAMAUAbAIAIAAADAA
3504800,BbByB0ByBoBOBBBBA5A0AyAdAaAVAOAKACAAACBqBoB8B3BXBGBBA/A6AvAZAmAdAjAIAJACAAAC
3504909,B8B+CHB8BeA6A9AyAzAqAiAmAcAaATAIAFABABB2B/B/ByBYA+A5AtAtApAlAjAfARAPAIAFACAB
3505005,CWCNCBB8BlBMA7AwA6AqAjAZARAPALANAFAAACCSCCB+BnBXBCA1A0AnAkAdAiAMARAJAGAFAAAA
3505104,CLCFCJBzBbBFA6AzA5AnAjAdAlAOALAEAAAAABCDCLCFBzBUBGA7A2AwAkAgAZAWAMAJAGACACAA
3505203,BsBkBpBvBoBPA/A2A2AzAvAjAgAaAQALAFACABBoBiBmBzBkBLA8A2AyA1AuAnAgAbAQAQAGADAB
3505302,B4BkBvB4BtBRBFA4A5A2AtAeAVAVAKAIAGAAABBuBnBpB0BpBRBCA1A2AvAqAaAZATANAIAGABAB
3505401,CdCdCIBxBDBHA4A0A3AvApAbARAZAFAKABAAAACxCWCGBcBIA+ArAyAsAoAbAbAHAVAIACADAAAB
3505500,BtBnBoB2BhBKA/A4A4AxArAjAaATASAJAEACABBqBnBpB3BjBOBFA+A6AzAqAkAbAYARAKAFACAC
3505609,CZB7BxCDCCBgBGA3AuAnAiAdAQAMAJAHADABABCQB0BwBvBeBPA3AqAtAkAgAVAQAPAIAEABAAAB
3505708,CeB/BtBoB1BqBRA7AxAhAaAWAMAKAHADABAAAACcB/BuBrBpBdBGA0AqAfAcATAOALAGADACAAAA
3505807,B/B6CGCABlBRBCAvAvArAmAcAVARALAEACABABB1B1B+B5BpBRA6A1AvArAkAbAOAPAJAHADACAC
3505906,B6BrB8BxBmBVBLA3A0AtAoAcAVAVANALADADABBvBjBjBpBkBYBDA5AzAwAmAjAcAVARAIAEABAB
3506003,BzBoBnBtBhBSBCA3A2AwArAgAaAVAMAJAEACABBtBmBkBxBpBXBGA7A4A0AvAkAcAWAPAJAFACAB
3506102,B6B1BvBoBiBPBHA5A0AsAqAgAZAUAPALAEABAAB0BtBuBoBeBUBBA4A1ApAsAiAcAYAPALAEACAC
3506201,B1B/CYB4BPA4A/BBAyAnAtAfAaAWAIAOAAADAABzCRCNBsBPA9BDAyA9AiAfAPAYALAWAWAAAAAA
3506300,BsBvB1BsBGBCA2A4AxA3ApAoAcAgAZAMAIADACBrBxByBwBOBCBCA9A5AwAsAmAdAiAWAQAFACAC
3506409,BiBsB+BvBkBTBFA5A4A0AhAmAcATAZAGACAAACBgBuBwB7BoBWA/A1A3AwAjAfAVAVASAIAFAAAA
3506508,BxBvB0B5BpBUBGA4AzAtAqAdAYATAKAHAEACAABsBoBwByBtBUBDA3AzAtAmAjAXATANAJAEABAB
3506607,CLCKB8B3BhBHBCA+A3AsAqAZAfARALADACABAAB+CFB+BwBUBFA8AzAtAjAdAbAaAOAIACAEACAB
3506706,CFB5B0B1BiBYBCA4A1A0AeAqAbAUASAHADACABCAB8B3BxBWBHA5A0AqAsAiAWAUAWAHAHADABAB
3506805,BqBiBrB4BbBOBIA9AyAwBCAaAcAbAaAIAFACABB7BmBpBrBOBQA3AzA2AtAsAjAeAVAeAKAFAEAA
3506904,B3CBCAB0BhBTBAA6AuA1A4AYAsATAPAKACABAAB9CEByBjBOA8A5AzAwAqAdAlAfARAGAEAEACAC
3507001,B+BzBtB1BgBRBHA2A7AwAlAmAbAUAUAIACACABB4BoBtBmBYBMBBA8A0AwAnAgAcAYAMAGAFABAB
3507100,CFCIB1BnBjBOBDA+A2AtAnAgAcAZANAGABABAAB9B/BvB0BVBLA6A3AwAkAZAfAbAQAJAGAGABAD
3507209,CGCbCpBzBhA8BKAcAzAsAqAZAgAFAHAFAFAAAACGCECYB9BRAzAzAnBFAMAgASAQAMAOAAACAOAA
3507308,BjCKCMB5BZBUBIA9A4AtAoAcAVASARAKACAAAAByCCBnB8BGBUBHA4AtAhAjAdAaAZAIAHAAADAA
3507407,B3BvB0B+BkBUBAA4A4AzApAkAPAaAQAMAEABABB4BxB1BtBcBHA+A5AxAuApAVASASANAHAFAEAC
3507506,BzBsBhBrBhBPBCA3AyAyAqAjAgAXAOAKAFABABByBnBgBoBhBRBFA5A3AzAvAnAjAZASALAGACAB
3507605,B4BwBqBsBnBVBIA6A1AvAtAhAbAWARAIADABAABzBsBkBnBfBPBEA2AzAtArAgAfAWASAJAEACAB
3507704,BkB4B3CDBpBHBFA1BBA2AlAeAbAaAIALABABABBdB5B6CCBZA+A5BAA8AhAuAcAPARAMAMAHADAD
3507803,BuBhBtByBsBZBOA/AyA2AoAlAcASALAHADADAABwBqBuBpBeBUBEA7AxAxArAaAVASAOAHAJAEAB
3507902,BxBqBuBwBUBPBDA6A4A0AuAlAaAoARAOAEACABBvBmBoBtBSBHA7A6A2AvAnAlAhAXAcAJAHACAC
3508009,CTCLB7B0BYBLA+AzA1AsAoAfAaAYAOAKACABABCKCDB9BwBaBAAwA0AtAlAcAbAXAPAMACADACAB
3508108,B/CGB4BsBgBaBJA/A5AnApAYAVAQARAJACABAAB0B+B0BuBhBKBEA7AwAnAgAUAVARANAHAAABAA
3508207,ByB0B+BrBiBHBPBBBGAxAsAbAoAVARADAEAAAABhB8CBBmBQBHBCBAA5AnArARAZAZAHAAAGAAAA
3508306,B5CDB7CKB8BYAyAyA0A6ApAfAVANATADACAFAAByB0B6BvBaA8AxA0AxAuAiAiATAMAKAFAGACAC
3508405,CNCABxByBfBVBJA9A1ApApAaAcASAKAGAEABABCNB1B8BoBbBIBBAzAnAlAhAYAWARAJAEAGACAB
3508504,CKB7ByBsBkBZBOA9AxAlAhAXAUAPALAFACABABCFB8BwBtBfBVBHA4AtAlAgAaAYARALAIAFACAB
3508603,B+B0ByB5BlBOBCA0AvAnApAfAeATAMAIAEABAAB4ByBvB5BaBQBAA4AvAtAoAgAZAWANAKAEADAA
3508702,CBB+CAB3BbBMA9A2A5AvAkAkAbAcARAGAEABAAB5B0B0BvBQBEA8AxAwAoApAbAdAWAPAJAEAAAB
3508801,CACCB6BvBeBJA8AyAuArAsAhAbAaAQAJADABABB+B2B3BxBTBGA4A0AwAuAoAcAXAXASAJAHACAB
3508900,B0CIC1CNBRA3A5AzA1AoAuAYAOATALAFAHACAABnCJCNB/BRA8AyA1A0AoAmAVAGAVASAFAIAAAA
3509007,CFB8BxBuBhBbBNA+A0AnAjAcATANALAGABABAACBB2BuBqBgBaBMA6AyAlAiAZAVANAJAIADACAA
3509106,CUCUCTCBBTAxA3A1A+AlAzAcAaANANAFAAAAAAB7CWCJB2BHA9AzAzAyAmAaAaAaAPAGADABAAAD
3509205,CZCHB2BtByBiBMA6AvAkAfAUASANAFACADABAACUCCBxBuBkBYBDAxAqAdAfAPATAKAEADACABAA
3509304,B6BuByB2BmBYBOA6A9AxAvAhAcAMALAJABADABBrBnB4BoBaBMBAA3A1AuApAcAYAQALALABAAAF
3509403,B2B5ByB8BgBNA/A5A4AyAsAkAbATAOAHAFADAAB3B0BtBsBfBCA8A0AzAoAoAgAaASARAIAGADAB
3509502,B4BnBkBnBtBhBNA9A2AtAoAbAVAQAKAGACABAAB0BjBjBqBwBhBNA8A1AtApAfAYAUAMAIAEACAB
3509601,CKCAByBoBiBcBTBBA5ArAiAZATATAGAJACAAAACJB4BtBkBeBUBJA7AsAiAeAdAUAQAIADABACAA
3509700,CMCEB3BwBrBQBBA1AxAmAhAcATAMAJAFABABAACEB/B9B0BoBWBFA0AuAkAjAZAXAJAHACACABAC
3509809,CICGCBBxBfBLBCA7AuAxAeAsAoAWAXAJACADAAB/CAB3BlBBBLA8AyAnAsAdAbAcAOALAGAFAAAA
3509908,CfCKBqBmBdBUBGA8AyAwAjAmAYAdAJAOACACAACaB8BjBdBSBDA5AwApAmAoAbAOASARAIAIABAE
3510005,BwBtB+B9BjBJBDA2A4AvApAjAbAZAPAHADACABBrBwB5BvBbBHA+A4AyAzAhAlAZAXALAMADABAB
3510104,A/BzBRB0BsBZBFBMA7BKBAAeAiAjAZAMAAADAABTBRBjBaBUBCBJA4BIAyAtAvASAOAWAeAKAAAA
3510203,CeCQB9BuBSBJBBA5AzAlAiAZAWAPAKAHACABAACbCKB3BoBUBKBAA2AuAlAhAUAXANAJAEABABAA
3510302,CVCEB5BtBZBNBDA3AuAiArAbAbAbAOADABABACCSCMB1B3BVBHA3ArAwAmAiAVAbARAKAEABAAAA
3510401,B7B1BuByBtBXBEA1A5AtApAfAYAZANAIAFACAAB5BnBrBkBeBRA/AzAwAsApAhAYAWAOAKAHACAB
3510500,CdCGB0BkBiBbBMBAAzAmAhAdAWARAKADACABAACWCDB0BkBWBRBCAxAoAgAdAbAVAQAJAFACABAA
3510609,CgCGBvBhBlBpBXBDAwAgAZAQAKAIAEADABAAAACeCFBwBlBoBmBRA3AqAeAaAQAMAJAFAEABAAAA
3510708,CBB2CEBzBbBDA8A9A+AuAfAkAUAWAPAHADACACB0B0B/B4BZBIBEA/AzAoAeAaAPAWAOAGAFAAAA
3510807,BrBrBvBzBgBRBEBBBFA8A8AsAfAcAOANAGACAABqBkBuBkBSBHA3AxAsArAtAcAbAaAOAPAGABAB
3510906,B0COByCFBlBIBPAuBIA4BCAhAVAOAIAOACACAAB+ByB/BuBBBIA4AqAyApAiAVAPAOAOADAAAEAA
3511003,B/COCGB0BZBCA+A3AxAqAhAcAfARANAIADAAAAB+CNCFBzBTBFBAA1AvAlAeAZAUAVALAEADAAAB
3511102,BsBlBrBrBjBTBCA2A4A1AzAgAaAXAQALAFACABBmBeBmBpBgBTBDA9A6A0AyAiAdAbAVAKAFADAB
3511201,B/BuCFCKByBXBCAvA0AyAtAeATARANAMAAAAAABuB3B6BpBhBEAuA2AyAsAgAbAVAVAPACAEACAC
3511300,BnBaBsB0BnBQBAA6A4A8A7AjAeAaAUAQADADAABgBYByBqBcBJA4A2A8A5AtAjAYAfAUAMAEADAC
3511409,BvBxB0CGBgBIBDA6A1AxAsAhAaAdANALADAAABByBrBuBsBWBEA/A7AzAuAjAhAiAXAMAKAJABAC
3511508,BrBfBmB3BvBkBFA3A0AwAtAmAZAQAMALAFABAABnBZBnB6BzBVBFA4A3AzAqAjAaAJAPALAEABAA
3511607,CEBxBmBuBjBcBMA5A4ArAyAiAiAcARARAEAAAAB5BuBiBWBTBLA+A2AwApAqAfAbAZASAGACACAD
3511706,B7B4B2BsBjBUBEA+A3AvAwAaAWAWASAHAGAAAAB1ByBtB0BdBNA9A0AzAoAhAhAbARAMAKAEACAA
3511904,BrB+CACFBsBRA+AzAxAvA3AlAPATATAIAIAAAABdBlB4B7BrBIA7AtA0AzAjAfATANAJAHAGACAB
3512001,BxBzByB1BjBTBDAyAwAwAlAhAhAVAUAKACACABByByB4BxBiBMA5AzAxAvAoAcAaATAQAJAIADAB
3512100,CNCBBuB7BnBUA/BEA+ApAzASAaAXAHAKADAAAACGCHB5BdBUBLBEAyAnAoAhATAUAHAIALACACAA
3512209,CFB8B3B2BnBeBLA3A2AqApAZARASALADAEAAAACGBwB0B0BcBLBFA1AtAqAiAWAVAPAKAGADAAAA
3512308,BvBnBoB4B0BMA/A0AuAyAtAkAdAgATAKAGABABBhBhBzBzBlBLA8AwAxAxAsArAdAZAUALADABAA
3512407,BtBhBlBqBtBVBPA7A1A4AwAgAlAPAQAEACABACBqBdBcBoBlBdBKA2A4AwAzAgAZAXAPAKAFABAD
3512506,CFCLCDBvBZBSBGA4A0ApAiAhAWAMASANAEAAABCCB8B8BrBbA+A/A1AqAnAiAaAUALAKALAIABAB
3512605,CKCQCGB4BgBSA6A4AwAmAmAhAYAQANAFAAACABCUCAB8BzBYBCA4AyAuAlAfASASAKAGAIABACAA
3512704,B4BvBqBpBaBYBHA8AxAqA0AkAlAqANARAGAAAHB/BrBsBVBhBBA3A0AtAiAhAkAWAcAPATANAEAC
3512803,CFB2BnBwBqBbBOBBA5AsAmAaARAVALAGADACAAB8BnBpBvBmBYBFA2AuAnAiAdAWARANAGAFABAA
3512902,BiByB4B8BjBKBJA+BDAvAvAhAaATAPAIAIABABBmB0B7BuBUBIBCA7A8AqAiAgAcAPALAIADACAA
3513009,CTB9ByBrBqBfBNA8AzAlAgAXASALAKAFABABABCQB8BtBqBnBZBIA5AqAkAfAUAQALAJAFADABAA
3513108,CBB1BvBxBwBeBHA0A5ArAmAeAWAVAMAIAEAAAAB5BtBlBvBiBNA8A0AyAqAlAdAWAYATAJAGABAB
3513207,CQCGB8B/BtBlBDAuAzA1AoAbASAQANAHABAAAACBB/B2BlBSBFA/AzAwAqAhAUARAJAJABAEAAAC
3513306,CDCKB/B5BcBNBBA+A7AoAnASAaAOANAKADAAAAB1B6ByB1BfBMBKA0AtAmAtAPAHAUARAFAEABAB
3513405,CBByB0B3BpBVBBA0AwAqAfAcAVASAMAFADABABCABxBwB1BoBTBDA3AwAqAnAZAZAWANAHAEABAB
3513504,CGBtBpBxCiCLBZBCA4AoAgATANAIAFACABAAAACDBsBnBqBoBaBDA2AqAfAXARALAJAEAEABABAB
3513603,CNCMCRB9BUA/A4A3AxAtAnAeAZAQALAHADABABCHCMCFB0BTBAA2A2AqAlAcAZARAQAJAIACAAAB
3513702,B4BvBsBuBmBZBDA5A4AvAwAcAaAVAQAKAFACAAB3BoBqBpBmBMA+A1AxArAsAfAWAZAPAMAFACAA
3513801,CcB6BpBoCCB0BaA+AuAhAYARAKAGADACABAAAACWB4BpBpB2BoBLA1ApAfAYAQALAIAFADABAAAA
3513900,BqBtB4BzBwBZBGA6A8AxAsAlAXAaAWAIACABAABtBtB1BoBcBKBBA1AwArAnAjATAaAKAFACADAA
3514007,CWBwBlB1B0BgBMA4AnAmAhAqAWAWAGAMADACAACRBxBkByBiBUA7AqArAhAZAgAdAXAJAEAAAAAA
3514106,BxBuBsBpBjBVBDA0A2AyAwAlAgAgAQAHADABABBqBjBfBmBcBLA9A0A1AzAvAmAjAdAVAMAFADAB
3514205,CKB8CIB8BbBEA0BCA6A1AXAaAgAYANAGACAAAAB/CDCKBxBPBEA+A5AxAhAUAYAQAKAVAMAIAAAA
3514304,BjBqBnBuBoBXA8A4AyA0A4AfAeAgAQANALACAABtBnBjBsBgBLA2AxA1AxAuAiAlASASAVAIACAD
3514403,BkBwB2B7BgBHA6A4A3AyAqAlAZAVARANAEABABBsBoBzB7BhBMBAA8A9AxAqAeAZAUAPAKADABAA
3514502,BzB7B0B0BdBGA3AuA3AwArApAcAWAMAOAEABACB1B9B3BwBRBGA3AxA4AvAzAhAbAQAVAGAFAEAB
3514601,B4BfBbB1CVBfBSAzA/AyApAkARAZANAAALAAAAByBaBZBrB1BhA7A4AtAoAlAdAgAIANAHAAAAAD
3514700,B+B/CGB4BYBJA4A1A0AzAbAnAcAcAJADADABAECBCBCDB+BSBBA8A0ApArAoATAUAWAIAKACAAAA
3514809,ChCRCIByBTBEA1A6A0AsApAWAiAQALAGADABABClCICDBgBDA5AuA1ArAmAfAYARAPAMAOAHACAB
3514908,CRCAB3B3BoBMBFAxA3ArAvAdAWAVAOAIAGAAAAB5B5B4BmBgBJA4AqAwAoAoAcAUAPAIAJAFADAA
3515004,CwCNByBdBeBmBaBBAuAeAXAMAKAHADACABAAAACtCJBuBhBmBnBOA5AoAbAUAQALAIAEADABABAA
3515103,CXCOB3BsBiBQBHA8AyAkAfAfAVARALAFADAAAACYCGB1BqBVBIBBA0AsAjAfAVAVAPAKADABAAAA
3515186,BwBuBzBuBqBRBBA2A1AxAwAiAaAYAOAJAFAAABBoBrBvBsBkBMA8AzA1AyArAgAeAXARALAGACAC
3515202,B+B/B8B4BhBMBDA3A9ArApAcAeASAPAGAGACAAB2B1B3BzBdBCBAA0AyAoAfAVAeARAJALADAAAA
3515301,B0CFC1CtBkBKAdA8AyAuAmAcASAMAMACACAAAABrCRCHCOBZAyA1AqAvAjAiAMATAHAHADAAAAAA
3515400,B/B6CGB2BWBJBBA3AzAsAsAXAVAaAKAIAEACABB4BxB8B6BZBDBAA1AzAtAlAbAbASAMALAEADAB
3515509,BuBrB3B3BdBOBAA8A6AwAoAeAWATALAKAEACABBxBuBxB4BiBQBDA+A6AuAlAdAYARAMAJAFABAB
3515608,BaBdBuBrBiBQBIBJBAA5A4AwAjAVAQALAGAAABBWBcBlBfBOBFBHAuBVA0AwAnAjAaALARAEAFAA
3515707,CQCKB6BsBhBaBOA7AzAjAcAUANALAHAEACAAAACPCJB3BrBnBaBGA4AuAkAdATAPALAHAEACABAA
3515806,B9CSCdCUBWA8AwAzA5AsAlAnAQAbAMAHAHAAAACHBxCMBpBbA4AvAyA3AoAsAGATAJAHAHACACAE
3515905,BvB3B8B0BuBHBFBAA2ArBGAXAgAPAQAJACAAAABlBgBtB4BZBPA8A6A5AuApAaAbAOAOAGAEAEAA
3516002,B3B7CLCIBoBBA3AyA2AuAqAgAWAWAPAGAEABABBtB6CNB3BWA9A5A5AxAtAiAYAVASAIAGAFABAB
3516101,ByB5CFBnBXBOBPA8AxAiAfAyAaAeAOADAEAAABB/CRB2BtBTBMBHA0AoAiApATAeAXALAEAAAAAA
3516200,BzBqBuB5BuBaBIA4A0ArAlAbAUAPALAGADABAABvBmBrB3BwBZBKA6A2AtAnAcAZASAMAIADACAB
3516309,ChCNB2BmBkBeBPA6AtAiAeATANALAHAEAAABAACoCHB2BjBiBcBBA1AoAhAXAVAPAMAFAEAAAAAA
3516408,CPByBfBZBfBlBaBEA1AtApAfAYARAIAFACAAAACJB3BcBYBhBdBNA4AwAqAmAfAYARAKAHADABAA
3516507,BmBuCKCMB3BVA9A5BBAwAqAVArALANAMABAAACBQBzCKBtBeA+A8A+AuApAoARAjAJAPAIAAAAAA
3516606,B/B7B2BwBfBJA/AwA2AvAtAhAZARAQARAGABABCHCBB+BqBYBFA0AvAwAsArAWAaAZAIAEAEACAB
3516705,CAB9BwBxBfBPA9A0AxAtAsAjAaAVAOAKADABABB5BzB1BqBYBNA+AzAxAwArAiAXAWAOAKAEABAC
3516804,CIB8BtByBiBUBJA9A5ArAhAeAUARAQAEACAAAAByB6CFBzBYBRA+A9AxApAkAUAPARAIAGAIACAA
3516903,B4B/CIByBiBPBFA3A8AvAfAjAQAVAOAMAEAAABBvCBB5B0BYBLA9A6AxApAeAYAPAMAPAJAEACAB
3517000,CBB4B/B3BkBIA0AxArApApApAbAbAQAHAFABABB7B6B4BzBdBEA7AwA2AsAlAaAiAQAJAKABADAC
3517109,CBCHCMCABoBGA7A3A4A2ApAYAbAOAMANAAABAAB0B/CGBrBQA7BEAsAyAkAcAdAVAHARAEAGACAB
3517208,B8CBCHB6BWBEA7A2A5AvAnApAcAOAQADAHABAAB4CBB1BzBUBEA7A3A0ApAcAlAYAQAHALAGAAAB
3517307,CLCACJB/BfBDA9A4ArA0AgAoAYAaAMAIADACAAByB/B0B1BaA6A4A0A2AvAaAXAYAQALAHAFAEAC
3517406,B8B7B+B0BeBOBIA6A1AvAkAcAVAQALAGADABABB2B2B7ByBeBQBHA7AyApAiAZAVAQAKAGAEAAAC
3517505,BrB7B/B9BpBRBFA+A1AxAuAdAZAXAMAEACACACBsBqBxBuBYBUBGA4AzAnAlAbASAZAPAEAAABAB
3517604,CgCVCJByBTBMA2A2AvArAhAZASARAKAJAAAAAACZCRB+B0BXBAA2AxAtAkAeAXAQAMAJAEACAAAA
3517703,CAB6B1B2BpBOBDA4AyAvAoAXAVATAMAHADABABB8B2BxBuBdBMA/A8AxArAlAdAXAVAKAJAFABAB
3517802,BpB9CHB+BfBHA8A/A1AxAkAjAYAcAOANAEACAABkB1B9B8BWBHBBAyA3ApAkAVAcAQARAHAEACAA
3517901,BxB4B0CABnBCA6A6A7AsAtAnAXAYATAJACABACB2BvB8BwBXBEA6A3AtAxAnAbAaAWAOAHAEAAAD
3518008,B/CFCIBvBXBIBJA+BDArAoAaATAPAQAFAEAAAAB/CLB/BwBPBNBIA3AyAfAbAWAWANAGAGAAABAA
3518107,CNCBB5B1BkBKA7A2AyAuAkAaAYAXANALACAEAACKB7B7BvBZBFA4AyAuApAkAVAZAPAJAIAGAFAA
3518206,B1B2B/CBBZBFA6A4A5AuAmAfAZASAPAKAEACAABwB2B3B7BcBEA+A8A2AsAiAfAYAVALAHAFACAC
3518305,CJCAB1BqBeBOBJA8A0ArAkAlAbAVAQAJAEABABB9B+BwBpBUBMA5A3ArAnAkAjAUAXAOAIADABAB
3518404,B5B2B0B2BlBQBCA3AyAoAmAcAWAQALAHACABABBzBzBwB5BnBTBFA6AxArAoAdAXATANAIAEACAB
3518503,BsB1CCB9BjBRA9A4A1AuAsAkAgAcAJALACABAAB2B3B+BxBQBJAzAuAxAuAjAdAbAXAKAFAEADAD
3518602,CSBzByB6B/BpBJA6A1AtAkAVAMANAJAGAAABABCNByBtBtBkBMA9AwAuAjAbAWAQANALAEADABAB
3518701,CNB8BxByByBiBMA5A0ApAgAYAQALAGAEABAAAACIB7BvBuBnBXBEA2AxAlAfAXARAMAHAEACABAA
3518800,COB7BrBnBrBkBTBAA1AmAgAVAOAKAFADABAAAACLB3BqBpBsBjBPA7AwAkAfAWAPAMAHAEACABAA
3518909,CDCNCFCHBtBCA7A4A1ArAgAdAUAUAMAHACAAAAB8CCCWB2BWA+AyA2AnAmAaAXAUARAHAAAIAAAA
3519006,CACJCGB0BgBCA5A3AxAtAvAfAZAWAOAHADABABB5B5CAB0BfBAAzA7AuAoAkAWAeATAGAFAEACAB
3519105,B0BsB0B9BaBIBCA0AxAvAnArAiAaANAPAGADABBzBzBoBlBYBPA9AzAvAsAtAgAiAbATAGAFADAC
3519204,CCB7CCCDBuBKA4A0AxAuAnAgAeAPAIAFADAAAAB8CDCGB/BVBJA1AyAuArAbAZARANAIAFACACAA
3519303,B/B0BxB8B4BcBJA2A4AsAfAiAUAWAKAEABABAAB8B3BuB+BhBEA5AzAvApAgAbAWAOAMAIABAAAA
3519402,BsBoB1ByBmBOA5A9A1AxAwAmAiATAMAKADABAABtBpBwB2BhBGA8A8A0AuAwAhAgARAPAOAEABAA
3519501,ByBxB4B1BNA+BBBIAyAyAoAjAcAcAWAKAFADACBhB1CLBnBSA+BGA+AzAsArAeAcAXASALADADAB
3519600,ByBrBsB0BgBNA7A3A3AuAqAnAcAXAOAKAGACAABwBsBuB1BjBLA+A8A0AxAoAjAaAbARAIAFABAB
3519709,CSCIB/BzBbBLBBA3AzArAjAfAXAUALAHADABAACQCDB3BxBXBGA7AzAuAkAeAbAUAQAIAEAEABAA
3519808,B2B0B0B1BbBFBOA4AzA2AnAmAWAXATAFAFABAAB5BzCAB0BUBPBGA5AyAqAfAcAQARAPALADAAAA
3519907,B3CBCOB3BPA6AyA2A6AwAvAdAdARAQAEAEAEADB+B9CMB5BQBAAzA6AyAsAeAkAWARAMAMACAAAA
3520004,B/B5B1B6BtBbBGA1AyAsAvATAMANAPAGAGABABCJB8BzBtBmBOA7AxAsAqAgAbASAWAJAHACABAC
3520103,BqBmBwB9BqBHA+A4A2A1AyAcAcAWAPAGACACABBmBhBwBzBlBKA9A/A7A0AqAhAeAWAQALAFADAB
3520202,CVCLCCB5BZBHBDA9AvAlArAPArARAFAHAAACAACICMCBBwBNBMA5A0AuAgAYAVAVAKAPAJAAAAAA
3520301,CWCFB3BsBXBLBAA5A5AsApAeAbAXAQAHAEABABCRCFB0BiBMBAA2A2AxAmAgAaAWAWALAFAGACAC
3520400,CTCLB7BtBfBLBDA+AyAmAfAkAfAVALAJACACABCLCFB1BkBUBGA/AwAqAmAbAYAdAOAMAGADABAC
3520509,B8BtBpBxBuBdBMBBA2ArApAdAYASAJAGACACABB4BqBrBrBlBXBGA4AzApAjAdAYARAMAGAEABAA
3520608,B8B1CMCIBbBMA1A2AxAwAsAeARAkANAIAJAAABBzCABwBsBeA8A8A6AjArArAfAXAWAPAIAAAAAA
3520707,BzCNCPBxBRBIBDBABEAuAlAUAUATAIACABABAABxCKCFB1BcBNBPA5AsAiAdAYAQAOAGAGAAAFAB
3520806,CCCMCKB2BZBFA7AtAwAqAoAkAeAXALAKABAAAACACHCEB5BSA/A2AyAvAmAjAfAVAMAMAFADADAA
3520905,BwB4B+B8BeBFBAA4AwA0AmAkAdAXASAFAEADABBzB0B4BxBRBBA4A2A3AtAwAeAWAXARALAFACAA
3521002,B5B3B4B2BeBWA9A3AvAtAuApAfAZAUAFACAAAAB3BzBoBxBbBHBAAtAtAyAoAmAdATAMAFAEABAA
3521101,BjBvBmBoBsA5A9A7BKA5BKAbAFAXAmASAAAGAABUBrB6BqBUA5BRA7BBAnBOASAbAYAIAMAEAAAA
3521200,CkCXB/BtBXA+AwA6A2AoAjAlAeAQARAFABADAACiCNB3BlBTA6AnAsArAtAhAaATANALADAHAGAD
3521309,B8CBB7B+BpBQBMAzA1AtAiAfATAOANAFACABABB7B6B3BxBZBTBEAxAxAnAgAXARAYAIAHABABAA
3521408,BkBdBvCBCJBiBLBBA6AwAuAfAVAPAMALACAAAABkBfBpB3BnBRBGA0AvAxAiAfAVANANALACABAA
3521507,CFB5B8B1BjBbBAA5AxArAmAeASAcAMAKAAAAABB/B7B5B3BfBLA2A2AsAsAhAdASAOAFAGABADAB
3521606,BzB+CQCCBWA/A8A0A9AyAwAbAhAVAJAEAGAAABBnB0CFByBRBEA8A8A0AwAoAcAXALALAKAEACAB
3521705,CGCHCDB2BkBOA/A2AwAuAoAeAVATAJAGACAAABCICFCCBvBUBIA9A1AqAmAlAVAPARAIAFACACAA
3521804,CRCFB7B+BkBPBBAyAvAtAjAaAWATAMAIABACACCOCAByBxBZBPA2ArAwAkAjAUAWATAKADADABAB
3521903,ByBrBwB3BvBZBQA8A1AwAyAjAeAUAMAFAFAAACBmBiBwBmBfBTBDAwAzAsAoAjAZASALAIAHABAB
3522000,B3BwBzBrBnBVA3BKA5ArA7ApAzAYAHASACAAAEBaBhBuBfBOBABMA/A1AgAkAwAbAWAMALACAFAC
3522109,CXB8BtBlBdBTBFBBAyAoAkAeAbAVANAHADAAAACRB8BuBjBaBQBFA0AqAkAkAeAUAUANAHAEABAB
3522208,ChCOBzBgBgBeBRA+AxAiAeAVARAKAHAEABABAACeCLBzBiBjBaBHA2AnAgAaAUAPALAHADACABAA
3522307,CBB4BzBzBjBMA/AzAxAsAlAgAbAUANAIAEACABB9BxBsBuBkBQBAA2AyAtAnAhAaAUANAJAFABAB
3522406,CVCBB/B2BbBJA+A1AyAqAiAcAUARAMAGACABAACTCBB9BzBZBKA8A0AtAnAgAZARAPAKAFADACAA
3522505,CbCKB7BtBiBaBIA3AwAhAfAUAUALAHADABABAACXCFB1BtBkBWBGAzAsAiAfATASAKAGAEABABAA
3522604,BwBpBtBrBnBaBMA+A5AxAvAgAdAYAQAJAEACABBtBjBmBnBiBOBAA3AxAuAuAeAeAYARAJAFACAC
3522703,BrBsByByBkBRBFA7A9A1AuAiAfAVATAHAFABAABoBmBnBmBeBKBCA5A6AvArAlAZAXAOALAFADAB
3522802,CZCCB9B0BdBPA/A6AxAnAiAbAXASAJAGACAAABCQCDCABuBgBIA3AxAxAjAdAZAUANAJADADABAB
3522901,B1B1BtBuBnBSBBAtAvAqA4AnAiARASAKADACAABwBxBsBtBbBJA3AwAxAwAmAoAaAeAVALAHACAC
3523008,CXCRB7CGBgA4BFA3AwAeAZAkAoAaAHAIACAAAFCSB3COBqBXBGA5AwAdAeAdAcAPAYANACAAAAAA
3523107,ChCMB2BrBmBgBPA+AwAjAcARALAGADADABAAAACfCGB1BqBjBbBHA0ArAgAcASAPAJAGACABABAA
3523206,CFCBB4BvBbBKA8A0AyApAmAbAaAWAPAHAFABABCEB/B5B0BYBJA9A0AtAqAlAfAZAWALAJADABAB
3523305,CkCWCDBnBYBMA/A9A7AoAsATASASAPALAFABAAClCJB7BeBIA/A0AxAqAkAdAVAQANAMAIACACAB
3523404,B2BqBkBvBsBZBLA7A6AxAuAfAaATAKAHAEACABBxBmBpBrBkBUBEA4A0AuAsAeAXAWAPAHAGABAA
3523503,CPB+B+CABnBIA7A5AuAsAsAbAZAQARAHAFACABCKB6BwBvBVBJA5AwApApAgAeAVARALALADAAAA
3523602,BfBiBiByBkBXBOBGA/AzAzAoAdAWAMAJAKADACBrBkBrBiBcBBA/A0A5A0ApArAaAdASAJAIABAA
3523701,B9CFB9BtBlBTBGA5AzAnAmAbAUAWATAJAAAAACB+CIB0BuBeBRA1ApAwAoAfAfAUAPAOACACAAAF
3523800,CAB7B1BwBpBOBHA2AzA0AmAnANAbAXAHAHAFAACGBrBzBiBZBJA4AzAuAbAsAdAWAWAQAQAGABAA
3523909,CBBqBnBuBtBZBJA4A0ArAqAhAYASAMAIAFABAAB8BrBlBtBiBSBCA0AvAuApAgAXAXAPAKAGACAA
3524006,CDCDByBvBkBZBFA5A5AtArAcAfARALAIABABAACKB5BxBsBVBTBCAuAsAlAcAbAUATAPADAAACAA
3524105,B3BpBuBpBlBTBIA9A3AwAhAfAYAVAJAIACAAAAB1BvBsByBmBTBLA9A5AsAmAeAbAWALAIAEABAB
3524204,B4B3CBB2BiBUBBA4A3ApAnAiAcASANAKADACAACBBuB7BwBcBJA5AzA2AnAlAkAPAUAJAHAEABAA
3524303,BzBqBqBuBmBQBFA7A1AuAuAdAcAUAOAKAHABAABvBmBnBoBlBTBHA6AzAwAtAiAcAXARALAHADAC
3524402,CFB6BwBrBmBeBRA9A0AnAgAZATANAJAEABABAACCB1BsBwBnBeBLA5AuAmAiAXAVAPAKAGAEABAB
3524501,B4B1B1CRBwBbBFA2A1AuAhAkAaAPALAIAAACAAB4B1B1BxBbA/BGAzA0AqATAhARAQAPAGADAAAA
3524600,CmCQB9BrBZBRBBA4A1ApAhAaAQAQAIAGAEABAACmCKB7BrBQBIA3AxApAiAeAVATAMAJAEADABAA
3524709,B8CCBrBwBqBdBOA7AzArApAiAXASANAGAEAAABB3BtB0BmBcBTBBA1AvAqAlAcATAWAJAGAFABAB
3524808,B4B6B8B3BdBIBBA8A5AuApAdAbASAKAJACABABB4BwB0ByBhBLBCA9A2ArAjAbAZAPAMAIADABAB
3524907,CKB3CEBoBjBWBGA9AtA1AfAoAkAUAKAIACACAACNCFB3BwBRBDA0A3AfAeAoATANAZAFAOAGAAAA
3525003,CmCLByBjBvBqBTA7AuAgAZARAKAIAEADABABAACcCBByBpBsBdBLA0AoAeAYATALAKAFACABABAA
3525102,B/BxBqBxBtBaBKA9A2AtAnAgAWAPAOAKAFAAABByBpBsBqBlBQBEA6AuArAkAkAaASALAMADAAAB
3525201,CAB4BjB2BlBYBDBFAuAwAkAtAcAWAPANAFAAAACDB+BsBeBXBQA5A0ArAsAfAfATAXAOAHABACAB
3525300,BzBnBlBuBsBZBEA0A1AvAtAhAcAUAPAIAEACABBrBkBnBuBoBUBAA1A1AyAtAjAeAYAQANAGACAB
3525409,CFB+BtB6BvBTBCA0A7AyAhAtAXAJACAJADAAADCQB4ByBwBpA6BDA1A5ApAYAYANAFAKAJAAAAAE
3525508,BpB8BtBzBzBdBCA+A2AuAlArAdAkANALADACABBzBtBuBlBMBIA6A0AsAtAxAXAdAbAOAFADADAB
3525607,B8B+BvCDBoBUBSAzA2AtAqAuANAWANAGAAAAAABwBkCKB3BdBTA6A0ApAyApAQAUAIAHACACAAAD
3525706,B6B4B1B9BrBSBAA2A0AtAnAjAaAUAMAJACABACB1BoB2B4BiBIA8AzAyAvAiAfAVAUALAHACACAB
3525805,CDCTCaB1BVA5A7AwAsAtArAiATAYAPAFAAAAAACFCSCSB3BSA3A5AuAoAlAfAbAYAQAKADAAAAAA
3525904,B3BlBlBqBxBhBLA9A4AvApAeAWARAMAGAEABAABzBjBhBrBpBaBIA7A1AuAqAgAZATANAJAFACAB
3526001,BxB3CJCABqBMA6A2AzAuAwAZAWATAMAKAFACAABpB3B7B8BeBEBAA5AzAtAkAZAQAQAOAGAGABAA
3526100,CiCQCGBxBSBHA+A2A1AqApAcAaAPAKAIADABAACgCQB8BoBMBBA3AwAsAiAdAXAPALAJAFAFABAB
3526209,ChCQCDBqBaBLA9A1AzAtAsAhAYAVAKAGABAAAACUCGB5BlBOBJA7AuAtAmAfAZAUAMAHADABAAAA
3526308,CJCACSB8BAA2A0A5A3AzAqApAYAeASAFAFAAACB9CRCMBvA6A3AyA1ArArAlAoAkAJANAGABAAAA
3526407,BkBdBfBuBlBXBIA8A5A4A3AvAeAZAUANADADAABlBaBiBmBcBRA/A5A3AzA2AlAhAWAUALAFACAB
3526506,BuB5CEB/BcBEA6A3A2AuAnAkAoARANAQACAAAABoByB4B5BYBHA5A5AzAqAgAkAZAQAUALAHABAA
3526605,CPCbCJB+BdBMA+AoAtAvAdAiAUATAPABABAAAACXCIB+B3BLBJAuAyAiAkAmAXAVARAKACAAACAA
3526704,B+BwBwBzBqBhBMA7AyAuApAbAWAQAMAFACABAAB4BvBrBwBjBTBEA2AwAnAoAeAUASALAHAEABAB
3526803,CMB1B0B1BqBXBCA0A0AsAjAgATAQAMAHAEABAACGBxBwBuBfBRBBAyA0AmAjAcAUARALAJADAAAB
3526902,B6BtBuBuBzBdBMA5A0AsAnAfAVAQALAGACABABB2BsBrBuBqBWBEA3AxAqAnAeAVASAMAIAEABAB
3527009,B4BzB2BwBiBQBBA4A9AzA2AbAlAXAUAEACAAAABlBYBhBnBSBaA+A0A5ArApAmAlAYARAQAJAAAA
3527108,BpBrBvB6BlBMA9AwAxAuAwAgAbAWAPAKAEACABBnBiBsB2BkBRBBA3A4A2A1AjAdAXAPAKAFADAB
3527207,B9BzByB4BnBPBDA1AvAlAjAbAYAUALAHADABAAB4BvBrB3BmBSBJA6AwArAlAgAcAXAMAKAEADAB
3527306,CBBuBqBwB4BgBLA8AyAuAlAkAWANAKAEAGACAAB9BoBkBuBpBYA+A1AxArApAZAQAVANAHADABAB
3527405,B2B4B/B7BfBGBAA3AvAvAqAgAZAXANAMAEABABB1B3B4BvBZBJA9A1A3AuAkAeAXASANAJADADAC
3527504,CCCKB+BrBdBZBAA2AvAfAxAbAPAWAcADAIAAAACICCBrBwBiBRBBAnAuAlAeAlAbASAGAAAAAAAA
3527603,B+B8CMCCBnBeA6A+A2AtAmAoATAVASAEAIAAAAB6BsB6B8BRAxA/A2AyAiAeAfAMAZAFACADAAAA
3527702,BzCSCLCIBdA+A6A2AzApAkAhAVAUACAQACAAAAB6B1CICIBbA+A0A4AxAqAkAjAOAIAKAIAAAEAA
3527801,CLCBCJB5BcBGBAApA9AyAhAjAcAGAJAHAAAAAECWB/CIBtBZA+A+ArArAtAeAVAZAVADAEAAAAAC
3527900,B4B/CBCCBdBMA6A+A3AuAgAuArAWAJAHADADAABvB7CBBvBRA8A5A9AnApAkAdARAcAIADACAAAC
3528007,CGB7B3CFBoBQA7A4A4AtAqAcARAPAKAFAEABABCFB1B3B+BXBMA3A3AuArAjAVATAQALAFADACAB
3528106,BmBuB5B6BoBYBFA/A7AsAiAnASAcAMAJAFAAABBjBuBxBwBkBNBDA8A1AvAgAgAcARALALACABAA
3528205,B+B9CFBzBhBJBBBAA7AsAjAZAQAWAJAIABADAAB8CJBwByBtBQA5AqA9AoAeAOATAKAQAIAAAEAC
3528304,B7CGCAB9BtBPBBA+BAAmAeAeASAMAbAPAAAAAAB0B0B5B1BRBKA/A1A3AmATAaAYARALAHAAAAAA
3528403,CMCABxBwBtBbBJA9AzAnAiAZAXARAMAHACABAACGB2BwBwBhBTBCAzAsAhAkAXASARALAGACABAA
3528502,CMB/BxBlBcBWBOBCA5AqAnAeAYAOAMAGABABABCGCAB1BmBbBRBKA3AtAjAcAcAVAMAJAGADABAB
3528601,BsBjB9B5BYBMBCA7A6AxAtAbAfAZAVAMACAAAAB2BzB+BuBVBHA/A7AyArAoAcAdAVASAGAHAAAA
3528700,CDCECeCFBaBHA0A7A3AnAoAdAXANAPADAAAAAACDCYCPB6BcA7A3AzAvAgAMAZALAUACACADAAAA
3528809,CCCCB3B6BhBUBHA2AyApAqAXAXAPAKAFAHABABCGCAB9BrBdBNBAAyApAmAhAZAVARAIAIAFAAAB
3528908,ByCBCUCMBeA+A2AqA3ApAnAkAeAQAUAGABAAABBzB+CLCIBLA/A1A4A1AfAhAdAbALAMAFADACAA
3529005,B3BwBuB0BmBOBBA1AxAvApAhAZASAOAHAEABABByBqBrB1BrBTBEA5A0AwAqAfAZAUAPAKAEABAC
3529104,B7ChCRCFBkA8A6AtA+AwArAgAZAVAKAAAAAAAFB3B3B3BzBcBCA/AxA0AkAXAcAZAEAKAKAAAAAA
3529203,B1B7CPCEBXBAA7A1AzArAlAdAYAYALAKADABACBsB4CGB9BYBFA+A7AwAqApAZAWAQAOAIAEABAB
3529302,CFBsBqBzBzBjBNA2AzAqAnAgAVASAKAGADABABB+BrBpBvBoBZA/AzAsArAiAdATASANAIADAAAB
3529401,CSB4BvBsBwBqBTA9A1AlAfARANAIAFADABAAAACNB5BvBuBtBjBMA4AtAiAbAUAOALAGAEABABAA
3529500,BxBvB+CLByBHBHAzBAApAmAlAkANAMAMAAAAAABxBxCCBoBeBHA5A4AzAnAbAlAVAaALAEAAACAA
3529609,B7BzCLB2BqBJBEA+A6AtAoAfAVAcAUAFAEAEAABqBvBwBqBaBHA/A4A1AlAnAYAmAQAPAFAAAAAA
3529708,B2B1BvByBqBPBMA/A5AnAlAbAVAUAIAHADABAAB8B6B5BsBfBPBLA4AuApAoAXAWARAOAHADABAA
3529807,B4BwBoBvB1BVA+A0ApAyAxAkAcAcAPALAHACABByBjBXB2BoBKAyA0AzArAyAmAWAaALASAFAEAB
3529906,CgCWCKBxBXBKA7A9AzArAlAcARASAHAHACABAACdCSCBBtBNBGA5AyApAeAYAWAOAMAHAEACAAAB
3530003,CcBrB9B6BXBUBLA+AzA5AgAkAXAQAIALAAAAAAB3CJB/BUBfBYBLAqAhAcAbAwAQAWACADAAAEAA
3530102,BuB3B/B9BZBKA8A8A4AsAqAeAcAUAPAKACACABBpBzB8B5BTBLBCA7A2AuAkAZAVAbALALAFACAA
3530201,CDCICNCDBWA/A6AyAwAuAqAdAZASAIAFAEACABCDB+COB8BWBEA4A3AsAoAiAYAQANAMADABABAB
3530300,BoBoBqB5BoBTBDA5A3AyApAiAaAVAPAIADABABBpBjBsBxBhBQBHA4A4AxApAoAcAYANAKADACAB
3530409,B9CBCEB2BtBMA9BFA6AsAlAkAdAQARAIAFAAAAByBxB4BlBPBJBEA2A3AkAcAhAPAYAMADAEAAAA
3530508,CDBzBwB2BrBXBIA4A1AtAlAeAVASANAIADABAAB+BtBtBuBkBNBAA1AuApAlAbAYATAMAJAEACAC
3530607,CDB4BvBvBnBaBJA6A1ArAlAbAUAQAJAGACABAACAB0BtBvBnBVBHA4AyAqAkAaAVAPALAHADABAB
3530706,B8BzByB1BxBfBNA8A0AqAlAbAUAQAKAFACAAAAB5BrByB0BpBYBFA2AwAnAfAbAUAOAJAGACABAA
3530805,B1BtBwByBqBXBKA6A1AtAmAjAZATAPAHACABABBsBjBoBuBmBXBFA2A0AsAsAgAaAWAPAKAFABAB
3530904,B4B9B7B9B8BEBHA2A2AnAqArAfAQAIAIAAAAAACBBrBrByBjA2BBAoArApAvAjAXAZAFAFAFAFAA
3531001,BrBlB9BoB2BZBXA/A9A+ApAjARAZARAGADAAAAB5BMB3BqBQBXBHAtBKAiAvAWAJAcAHAMAAAAAA
3531100,CKCFBxBpBdBLBBBAA0AmAkAmAZAVARAKADAAAACMCJB0BiBNBKA+A0AsAjAiAoAeATALACADAAAA
3531209,BrBuBsB1BuBNBAA5AxAxAxAuAgASARANAFADADBsBiBpBjBfBAA/AyA5A1AgAtAZAWARANAQACAD
3531308,BuBqByByBpBcBKA4A2AxAvAfAZAUAOAJADACABBrBgBoBuBjBRBFA5A1AuAoAkAYAVAOAIAFABAB
3531407,BsBhB3B3BdBLBFA9A7AxAuAcAeAZAOAKAFAAABBhBmB2B0BbBNBABBA9AvAmAfAZAZATAKAGACAA
3531506,B0BvBzB3BjBUBGA2A2AvAlAlAcAUAPAHAGACAABqBzBzBtBcBHA/A7AwAnAtAdAdAZAQALAFACAA
3531605,B1B7CPCABnBWA9AxAwAvAqAiAWAYAJAHACAAAAB0B0CHB2BcBFA8AvAtApAnAYAQASAHAGAFAAAB
3531704,B2COCWB8BQAxAuA0A8AxAzAkAiAaAVAIAAAFACCACQCCBfBGAwA8AsAwAcApAqAfAVAIAIAAAAAA
3531803,CLCDB1BgBfBaBIA9A4AoAkAcAVAUANAHABABAACJCBBsBsBdBTBEAzAsAjAlAZAUAVAEAIADABAA
3531902,CGB/B7B8BrBTBKA8AyArAnAVAQASAMAGADADABCGB3BzB0BbBMBBAzAsAmAfAWASATAKAEADABAB
3532009,CEB5BwBuBkBWBNA/AxAuAmAmAUAYALAFACAAAACBB1B1BwBYBNBDA0AxAkAhAbAZAOAJAJACAEAA
3532108,BZBoCACMByBVBBA5AvAsAzApAbARATAFAGAAADBsBoBtBxBdBPA+AwA5AwAjAgATAUAQAKADACAC
3532207,CHB/CQCXBfBIA1AlBAApAgAlAaAMAHAGAAAEAACICNCQB+BUA0A0AwAxAkAcAQAgAKADABAAAAAA
3532306,CJCICcB1BDA+A1AxAyAsAyAkApAUALAPADACAAB1CPCJBoBAA4AzAuAlAyAkAeAbAVAPAKAHABAA
3532405,CDCBB0BkBSA9A+A5A9A0AwApAjAWASAMAFACACCFB9B0BbBIA5A5A0AxAsAwAfAbAaASAIAFABAC
3532504,BuByB1B7BeBKBDA8A6A0A2AcAWAVAWAPACABACBhBqBzBoBUBIBEA0A7AvAoAgAaAaATAGAJADAB
3532603,BpBtBsB3BsBPBJBAA6AtAqAbAgARAPAKAFACAABnBqByB0BjBSBFA9A0AtAhAjAXAOAKAJAIACAB
3532702,CBCACCB/BgBSA8A+A2A2AlAlArAXAJALACAAAACDB4BdBnBLBFA5A3AyAaA5AiAPAMAJAGAAAEAA
3532801,BvBsBsBqBiBWBAA2A5A9A1AgAeAYAQAGAHADAABmBpByBuBjA8A5A4A3AxAhAuAkARASAPABACAA
3532900,B/BxCABwB2BUA9A5A4AvA0AYAcASAUAEAGAAACB1BzBtBzBgBCA9A2ArAnApAaAYAIAPAMAEACAA
3533007,B2BsBxBxBZBMBFA7A7AzAnAjAZAaAVANADADABBzBnBzBwBaBGA9A9A5AsAvAcATAXAOALAEAEAB
3533106,B4CIB+CDBzBLA6AqApA7A6ARAWAQAQAGAAAAAACMByCDB7BcBEAyAqA1AxAgAbAKARAHAAACADAC
3533205,CFCRB7B6BfBCBGBBAkAsAkAnAMAaAYAFAAAAAACGCXB+BkBfA8AtA+AyAUAqAUATAQARAAAAAAAA
3533304,BzCECJBwBgBEBRA6AsAyAfAfARAKAZAFAEAAAACDCDCBB0BcA2BIA2AsAtAjAQARAVAGAPAFAAAA
3533403,B5B2B0ByBvBgBNA2AwAqAhAaAVATAIAFABABAACBB1BpByBrBYBHA0AxAoAhAZATASAMAGADACAA
3533502,B1BxB5B1BoBXA+A1A2AvAuAdAaATAOAKACABABBvBuB0BxBeBKBBA2A0AvAmAhAVAUAOAHAEACAA
3533601,BpB2B4B2B5BLBABDA2A1A2AVAYASAIANAIAAAABhBfB4BwBmBOBDAsA6AzAlAfAUAUALAMACADAA
3533700,CMCFCLCDBjBJA4A9AwA7AzAeAdATANAIADAAAAB1B3B4BtBTA/AxA0AzAzAcAUARAOAEADAAAKAA
3533809,BrBwB1B5BbBRA7ArA/A5A7AnAnAYAWANAJAAADBRBjCVBoBHA4A4AwA3AxAiAiAiAaATARAHAAAA
3533908,BsBnBuBnBfBQBHA9A1AwAuAkAgAZAQALAEABAABrBjBsBpBfBQBFA3A2AvAxAiAfAbASAMAEABAC
3534005,CFB3CJB7BYBDBIApA1BEAdApATAOAAAQAJAAAACJCECHBnBTBCA4BDA3AiAeAeAWANADAHAAAAAA
3534104,B0BxCMCBBtBJA2AvA2AwAoAtAhAVALAGAAAAABB9B1B1CFBbA8A3AzA2AoArATAXAQAIAFADABAA
3534203,B6CCCHB4BkBQA8A/A+A3AmAVAcANAQAAAAAAAABvB6B6BwBjBDBKA4AtAuAmAPAJAVAJAJAAAAAA
3534302,B3BtBzB8B0BbBLA9A3AsAlAZAXARAHAGABABAABuBoBuB1BrBaBGA3AxAoAhAdAVASAMAIAEABAA
3534401,CMBxBnBrB4BrBRA9AyAnAgAWAPAKAGADABAAAACGBuBmBwB0BiBNA6AwAmAfAXAQAMAHAFACABAA
3534500,B6CMCOBuBOA8BEA8BEA1AiAdAiASAOACADAEAAB2BxB/CHA1BgA7A+AzAZAbAfAUAIAQAMABACAC
3534609,BuByB4B3BjBKBAA4AyAxAsAlAZATARAIAGACACBpBoBtB4BeBPA/A8A0AyAvAaAXAZAOAHAFADAB
3534708,B4ByBzB0BcBQBBA8AyAvAkAjAZAUAKAGAEACABB1BwBzByBfBQBFA6A0AuAmAjAbARALAHAFABAB
3534807,CHCACFB9BVBAA6A1AzAvArAcAYALAMAKAHAAABCPCJB6BwBgBFA0A5AuApAeAVAPAMASAFAEADAB
3534906,BwCBCPCABkA9A7A3A3AuAsAgAVASAIAKACACABBwB4CAB7BaA8A6A+A3AsAlAVAXAMALAGAFADAB
3535002,BnBzB2B2BYBCBFBFBDAsAxAgAjAXASANADADAABkBoB1BqBPBKBCA7A5A3AmAgAdAUAUAIAEADAC
3535101,CMBtByB6CABjBBAzBEAnAaAcAlAXAHAHACAAAABzBvBxB0BoBOA5A0AtAgAeAVAjAOAHAHAAAAAA
3535200,B1B7CJCBBaBIA9A7A7AvAmAfAXAQAMAHACABAABvB4CDB+BeBIA6A/AzAnAcAcAWAOAIAGAEAAAA
3535309,BqBwB1BnBVBKBBA8A4AyAqArAdAWATAQAFACABBnBsBwBtBTBKBJA8A6AwAoAmAaAaAOALAIACAB
3535408,CcCOCOB8BPA5A2A4AvAqAiAhATAWASAEAAAAAACJCRCQBtBWA2A+AvAtApAhAUAPAQAMAEACABAA
3535507,B1B6B9B5BVBCA9A3AyAtAsAgAeAZANALAGABABByB1B2BxBYBIBBA6AzAuAoAhAbATANAJAEABAA
3535606,CJCAB/BxBdBJA/A3AxAwAkAcAaAVANAIAEAAABCLCUCBBwBQA/A7AyAtAfAdAcARASALAMAEACAB
3535705,B2ByBrB1BvBaBFA/A5AwAsAkAWAaANAMAEAAAABlBaBzB2BjBEA+A+A6ArA0AXAcALAEAHACAEAA
3535804,CXB/B5B6BwBVBCAyAuAqAjAbAQAWAPAGAFABABCFCIBwBxBkBDA3A0AuAjAYAbASANAKAGACABAA
3535903,CBCLCEB/BYBGA5A3A3AvAyAVAQARAPALACAAAACFCGCHBrBVBBBAA1AxAnAfAUATALAKAGAFABAC
3536000,B3B9CCCGBsA/A3A1A4AxAzAYAcAUARAEAEAAABBzB4B7B4BUBGA7A2AyAsAkAZAQAZAJAFADABAB
3536109,CKB6B0BrBmBIBNA+A1AsAxAYAiANAQAJACAHAAB6CCBrBkBdBSAvBBApAYAjAiAcARAMASAAAAAA
3536208,CfB8B+ByBcBDA5A7A1ArAiAdAWANALAIADAAACCbCEB+BtBRBDA6A1AxAhAbAhARATAJAKADACAC
3536307,CACBB6ByBsBQBNA2AzAxAiAeAaASAMAIAFABACB8B7B0BoBYBNA8A4AqAqAeAYAbAPAIAMACABAC
3536406,CdCnCLB1BPA1AqA3A9AyAbAgAlATAJAFADAAAACXCTCMBoBNBLAvArAtAdAZAVATACANAHAAACAA
3536505,CIB9ByBsBoBmBVA6A1AjAjAUATALAJADADABAACSCABpBtBiBhBIA3ApAlAZAVARAQAFACADABAA
3536604,BjBwCAB6BeBKBBA5A+AzApAhAVAZAQAJAEAAAABoBwB7B8BdBHBAA+A1AnAnAdAbAVAMAJACAAAC
3536703,CBB6ByB0BkBSBGAyA0AwAuAdAXAXAQAKAFACABB6B0BoBqBbBMA5AyA0AtAnAeAbATAPAGAFACAB
3536802,CJB9BtBpBMBMBFBAA2AuAjAsAfAlAaAEADABAACDB6BoBYBOBABAA1A4AuAtAaAiAYAMAGADAAAE
3536901,B7CDCQBjBuBRBCBCAvAyAuAkAVALAJAJACADACB0B3B6ByBdBJBCAyAnAnArAPASAPAPAGADAAAA
3537008,CQB9CBBzBgBKBKA9A1AtAnAYAXASAJAFABABAACAB+BxBoBfBMBGA3AxAnAaAaAXARAJAFADABAB
3537107,BuBjBpB2BsBXBKA5A5AyAtAgAXARAPAHAEAAABBuBkBnB4BjBRA9A7A2AyAuAfAaATASAKAEACAA
3537206,CQCICSB5BTBHAsA2AyAyAtAoAdAZAPAIADABAACKB/B2BqBNA6A0AxAxAkAqAVAYATANADABACAA
3537305,BzBsByB0BlBPA/A5A0AuAsAeAZAWAPANAEABABBxBrBwB2BfBNBBA3A0AxAnAlAbAVAQAIAEACAB
3537404,CHCCB+BvBTBNBJA+A2ApAjAYASANAKAGACABAACDB+CDB0BiBUBMA6AvAjAcAWAQANAHAEADABAB
3537503,BTBWB1B0BRBGBGA4A7A2ArA7AoApAYAJAEAIAABOBYB1BkBRBBA1A1A1A5AuBAAyAjALAKANAEAA
3537602,CNCBB4BoBTBJA9A8AyArAxAmAcAZAOAIACABAACRCCB1BoBTBEA9A1ArAkAlAcAWAWALAGACABAD
3537701,BxCCCYCLBwBMBBA5AzAvArAbAcAWANAIAFAAACBfBpBwB+BOBFA6A7AzAqARAkARAWANABAEADAA
3537800,CHB/B3B2BnBQBFA5A1AtAqAeAXASAMAHAEABAACCB5B2B0BWBCA7A2AsApAiAcARATALAGAEACAA
3537909,CNCEB1B1BlBWA/A3A4AxAmAnAXAVAMAGADABABCLB+B+BoBVBAA0AyAvAmAhAWARARAIAHADABAA
3538006,CNB+BzBwBrBdBKA4AuAlAfAaATAQAKAEADACABCIB4BuBzBmBUBDAxAqAkAiAYAWAOAMAIAFABAB
3538105,BzBxBrBvBhBPBIA1A5A0AuAnAeAWAXAHADABABBpBmBmBeBbBHBGA3A1AyAmAnAmAZASAKAGABAB
3538204,B9BxBvBoBjBPBHBBA7ApAxApArAYARAJADACAABxBsBgBgBYBKA6AzAuArA4AkAXAYAPAJAEACAB
3538303,CBB0CTCEBRBEBABBA6ArAYAdATAkAPAIAAAAAACACBB9BtBZBGA6A8AzApAXAbAVAKAJAIADAAAF
3538501,ByBwBuB8BkBPA/A4A2AkAcAkAcAWAJAJADACAABsBxB7CCBpBNBDA7ApAtAvAfAXAVAKAIAFACAB
3538600,B+CAB0BqBeBLBKA7AyAtAtAcAdAWAOALACABAAB8B1BuBsBdBJA7A2AxAnAoAdAZAWARAJAEACAC
3538709,B3BsBmBsBqBbBLA6A1AtAoAeAYASAMAHAEABAAB1BmBiBtBnBaBJA5A0AtAsAeAYAVAPAJAFABAB
3538808,B1BuBxByBXBNBBA1A7AxArAgAbAWAOAKAEABABByBzBrB1BbBNBAA3A4AzAsAgAdAYAMAJAEABAA
3538907,B/BvByBzBnBXBDAuA2AwAuAjAcAVAQAMAEABABB1BsBsBoBeBEA3AzAvA1AmAkAWAZAPALAHACAB
3539004,BuBjB0BoBnBZBNA8A5AzAkAwAdAbARAKACACABBgBkBqBpBgBSBDA5A0AoAoAkAcAXAVAHADABAB
3539103,CUCFB1BtBcBNBHAvBKAsAjAeAYARAMAJAGAAAACNB+BwBkBMBUA7AzAlAmAlAVAZAZAJADAGADAC
3539202,B4B8CKCEBfBDA2A2AzArAiAiATARAMAFACAAAABzB3COB3BhBIBBA2AzAsAfAbARAYAHAHAEAAAB
3539301,BvBqBqBwBoBSBLA8A3AvAsAiAdASAQAJADABABBtBlBiBuBeBPBJA7A0AsAuAkAeAXAOAJAHADAB
3539400,B+BtBxBwBoBWA6AvAwAuAxAdAYAZAWANAHABAAB9BtBvBpBgBGA3AwAyAtAuAeAhAbARAIAFAAAB
3539509,B+BuB+B4BsBTBIA4A0AvAqAjAZATAPAHACADABBtBsBuBtBYBHBAA3A2AqAtAaAYATAMAJAFAAAB
3539608,CDB8CJB5BvBVA7A5AuAzAkAcASATAIAJACABABCFCEB2B0BcBEA8AxAzAjAgAXAPAKAJAHADADAA
3539707,B3CHB/B2BmBBA5A9BAAxAnAyAlAUAMAQAFADAAB6B4BxBrBBBJAwA0AuAgA2AdAcAQAIAFAEAAAA
3539806,CJB9B3BxBoBYBFA3A1AlAgAXAQAOAHAFACABAACEB9BwBxBqBWBGA4AyAnAgAZAUANAJAGADACAA
3539905,BbBoBoB3BoBIA9A+A5A5AkAjAfAdAPAPAGAFADBfBgBuB4BcBEBCA7BFAzAlAnAaAfAVAGAFADAA
3540002,CGB5B0B0BiBLA/A3AvAoAoAfAcAVANAIAGABABCBBqB6B0BgBJA+A1AuApAjAfAbAVAIAJAGACAA
3540101,BqB8B4BzB3BNBCAyAyA4AsAoAfAVAPAHACACAAB6BtBvB2BjA+A8AtAvAuAiAgAdAXAMAFABAAAA
3540200,CNB3BxB0BvBcBBA4AzAsAnAcAXASAMAEABABAACBBsBvBxBhBVA8AzAxApAkAZAXAOAJAHACABAB
3540309,B2B7BrB6BUBTBAA1A2AsAuAfAaAEAOANAAAAADB4CAB/B+BgBFA7BDAmA1AdAZAQAdANAPAAABAA
3540408,CDCDCGB6BaBDBCA1BAA0ApAjAYAXASAFABACAABvB5B1BiBaBHBAA3A2AtAaAbAWAUANAGABAAAA
3540507,BpBmCDB4BeBJA6A3A6A2A/AgAsApAMAOALACAABhBnBwBfBNA6A1A4A3AqAxAiAhAiAOAKAEACAC
3540606,B0BzBvBzBoBUBEA4AzAxAuAiAdAVAQAKACABABByBoBuBqBdBLA/A1A0AuAqAkAfAVAPAIAEACAA
3540705,B0BnBwByBqBTBJA5A3A0AuAhAWAUAMAFAFABABBwBkBmB3BiBQBEA3A6AxArAeAXAUAOAIAEABAB
3540804,BlBpBxB1BjBTBGA+A9A0AxAhAbAVAVAMAFAAAABiBeBqB8BUBKA+A8A6AxAmAnATAbAUALAHABAB
3540903,CGByB8B4B3BdBHBBA7AoAhAVASAKAFAEAFAAACCUB2ByBsBkBXBGA0AqAiAbATAQAJAJAIACAAAB
3541000,CGB9BrBbBeBUBOBAA2ArAmAhAcAVAOAIADABAACEB3BqBfBZBRBIA8AwAlAmAgAdATAMAGADABAB
3541109,COCICCB9BfBBA4AqAsAvArAnAYAZAJAOACAAAACLCSB0BsBPBGA3AuApAlAnAaAbARAJAEADAAAA
3541208,B1B4COCFBZBAA5A1A0AvArAjAdAUAPAGAEACABBpB3CCB7BRBAA6A9AwAvAnAYAWATANAKADADAC
3541307,CFCFCKB7BVA/A4AzA0AvArAcAWASAIAHADABABCBCBCDB5BaBGA8A3A0AsAiAWAUAOAGAFABACAB
3541406,B1ByBzB1BhBNBBA4A1AtAnAdAVAQALAHADABABBxBsB0B4BrBWBGA8A2AvAmAeAWARAMAIAEABAB
3541505,B6BzB2B3BdBSBFA2A1AvAoAaAUASALAHAEACABB1ByB7CBBdBRBCA1A2AtAhAfAVAQAMAFACACAB
3541604,B1B2B1B4BiBKA9A2AyA1AvAfAgASAOAGAFACAABtBwBzBxBlBGA8AzA4AtAoAdAZATAQAJAGADAB
3541703,B4CACGB3BOBEA3A2AyAxApAsAeAbALAGADADADCAB4CBBzBNBBA6A3A0AnAuAbAZAZAKAGAAABAB
3541802,CWCYCXB3A3A/A8AqAxAnAeAlAcALAbADAAAAADCkCZBzCBBIBBA6AwAdA2ARAQARAXARAAAFAAAA
3541901,CKB7CHBmBcBXA9AvAxAlAjAnAJAeASAJAEABAACABzBzB2BXBLBAAxAoAxAjAkAXAcAJAEAHAAAB
3542008,B9CDB6CEBkBHA2A3A8AkApAnAcASAPAPABAEAEBzB+B6BvBUBAA0A4AwAoAcAfAVAaAGAPAEAAAA
3542107,B2BlBtB0BzBYBFA2AyAsAsAqAbAWAMAPACABAAByBlBqByBUBEA8A1A4A0AsArAWAcAOAFAFADAA
3542206,B6B3B7B8BVBIA4A0AxAwArAiAVAXAPAIADACABB4B0CEB2BaBGA8A2AxAyApAcAUAYAMAKADACAB
3542305,B4CUCKB2BjBBAwArAxAvA5AlAfAcAaAIAGACAAByB/CBB0BKA0ApArA0AsAqAbAaAVARAGAEAAAC
3542404,B2B1B7B3BZBJA7A0A4AwAuAaAQAQAUAPAEABADB1ByCAB5BcBFA+A8AyAtAnAdAVASAOARADABAB
3542503,CAB5B2CEBiBVA/ApA6AoA0AiAnAcAIAIACAAAABzBqBqBoBlBKA1AvAxAsApAgAfAMAJANACACAC
3542602,CiCLCABtBWBLA+A8AzAoAfAdAUAOAIAFADAAABCdCHB3ByBUBGA/A0AsAiAgAXASAQAJAFACABAB
3542701,CVCICUByBZBPAzA3BCAoAjAgAUALAPAAAAAAAACBCACFCEBoA2A5A1AvAmAbASASAPAAAHAAAAAA
3542800,ChCcCPB4BVA5A7AzAsArAbAhAXARAVAGACAAABCXCaB+BeBOA4A0AvAyAlAbAcAUAOANABAEABAA
3542909,CKB8B7BvBlBRA9A2A3AyAoAkAXAZAOAGADABACB2B0B4BoBTBHA8A0AtApAhAfAaAVAMAEAIAGAB
3543006,CrCVCHByBfBKA6A4AuAlAbAhAXAQAIADADAAAACpCRCABvBLA8A3AvAoAeAeAWANAJAKAEADAAAB
3543105,CCCGCCB+BzBQBIAwAyAyA9AUAfASAEAFAAAAAAB9B5BrBrBZBNBBA6A0AnAfAOANATAHAAAAAFAA
3543204,CACGCHCBBWBGBBA3AyA2AzAdAiAQAGAMAAAFAABtB5B4BkBbA/BBAzArAvAtAaAUAKAPALAAAAAE
3543303,CKB8BqBkBhBhBVA/A0AnAhAaARAOAJAGADABAACIB5BrBlBjBgBNA7AxAlAgAaARAQAJAGACABAA
3543402,B0BiBgBtBpBZBIA6A2AvApAfAWATAMAHADABAABtBfBgBuBvBfBNA/A5AxAtAgAbAWAPAKAEABAB
3543501,CdCWB5BtBfBLA9A0AzArAnAaATAQAPAGACABAACdCJB5BzBVBGAzAwAsAlAcAVAUAOAFAFACABAB
3543600,CJB2B8B1BfBNA0BAA1AnAhAnARAfAWAEAAAAAABuB3CABOBUBzBFA6A0AYA1AeARAdAEAJAAAAAA
3543709,CAB5BrBzBiBTBDBCArA0ApAdAYAWAPANAHAAAAB8BxB2BrBcBGA+A0AwAsAtATAaAVAMAIADAAAB
3543808,B0B9B/CABmBMA6A2A4AzAsAjAVATAKAIADAAAABuB4B/B2BgBEA1A4A4ArAmAYAUAKAJAMAEABAA
3543907,ByBmBkBsBkBQBEA6A1AuAwAjAcAYANAKAFABABBuBnBgBoBgBPBGA6A1AyAvApAjAYASAMAHACAC
3544004,CFB8B1B5BoBSBLA3AzAsApAXAUASAKADACABABCDB2B1BwBiBNBBA1AsAqAiAZAQATAMAIADACAA
3544103,ChCSBzBrBkBjBJA6AwAjAjARANAKAHABABABAACeCLB6BnBiBUBEAzAnAfAXAUARALADADACABAA
3544202,BqB7B6B0BgBKBBBBA8AqAkAjAhASAUAFAAACAABzBtCHB3BLBGBIA6A4AlAgAdAiAVAIAIAEAAAA
3544301,CMCCCFCCBmBVBGA2AuArAkAXAVANAJAHACACAACdBzBxByBbBLA2AwAoAlAnAVAQAJALALACABAC
3544400,BoCECQBwBoAoBJAtA2AhAtApAPAZAXALAAAAAACQB1COCGBCBUA0AxA3AjAYAiAXARAIAIAHAEAA
3544509,B2CFB9BzBQBHA1A9AtA2AkAjAjAZAPACAEAAAAB8B8COCJBWBCBEAzA1AeAmARAfAJALAFAAADAA
3544608,CDB2B2B8BoBaBBAyAzAtAsAjAdAcAHAFACAAACB5B6B3BnBZBHBAAuA0ApAnAYAaAUANACAAAAAA
3544707,CKCBCBCUBiA7A9AkA9AuA7ATAVARAJAHAFAAAACGCLB9BxBaA7A7AwAvAkAXApAbAJAFADAAAAAA
3544806,B2CACCCDBgBTBJAuA3AqAhAgAcANAMAKAEAAAAB7CKB8B5BiBHA4A3ArAcAgAfAQAMAFAOAAABAA
3544905,BmBnB6BxBvBTBRA5A4AzAzAgAVAYANAKACABAABsBiBqBuBlBMBIA4AxAvAmAjAaAVAKAEAFADAB
3545001,B/B/CHB6BbBKBAAyAyAsAiAjAgAXASAFADABAAB/CBB7ByBWA+A6AwAxAmAgAfAbAPAMAHAGAAAB
3545100,CEB0CXB/BhBFA2A7A2AvAuAdAHAeARACAAABAAB7B1CGB2BaBABDA1AmAuAnAVAMAbABAGAAAEAA
3545209,CBBuBqBsB8BjBLA8A1AuAmAfATASAKAFAEAAAAB7BoBjBwBlBRA+A3AxAsAlAeATAUALAJAEABAB
3545308,CCB2BwB3BoBQBIA4A0AuAjAeAbAMAPAGABAAAACEB+BpBvBkBSBAA4AxAtAjAYAVAOAMAFACABAA
3545407,B+CAB9BpBMBAA7A1A2AvAtAkAfAXAaAMABAFAAB7CCBzBvBLBJA5A7AwAnApAeAZAhAJAIAEABAD
3545506,CbCjCGBqBTBJA+ArApAjAnAXATAUAKAEAFAAAACsCqCCBnBUBOAtAyArAeAPAZAVAKAJAAAAAAAA
3545605,BvBxBzBwBqBVBIA6AzAxAtAxAZATAWAFACAEAABpBaBlBtBaBPA9A0A8AyAnAsAbASAQAKAHABAA
3545704,BpB2B8CBBWBHA5A/A8AwAsAoAKASAdANAFABABBvBqB8B1BbBJAyBJAwAxAvAVAdASAGANABABAA
3545803,B+BxByB1B3BlBJA2AwApAmAbATAOAIAEACABAAB9BxBuBxBwBbBAA0AwAsAhAYATAQAHAEADABAA
3546009,CAB6ByB3BnBTBDA5A1AwApAcAaAXAOAGAEABAAB6B7BxBzBaBLA8AvAwAoAkAdAVATAKAIAHADAB
3546108,CABvB6B6BVBGBEA3A5A4AsAaASAZATAHAAAAAABqCACLCFBYA/BHAzA+AnAXASAdALAXADAAAAAA
3546207,BqBnBtB1BkBZBCA7A/AzAyApAkATAPAOAKAAAABWBxBnBxBtA9BEA4AtAfAqA0AYATAVAEAHAAAA
3546306,BxBsB1ByBvBdBLBCA7AxAmAkATAVANAGACABAABrBmBtBwBnBSBIA0AwApAnAfAXAOAMAIADACAA
3546405,BwByB3B7BjBQBBA8A3AuAoAeAaAWASAIAFABABBvBtBtBvBcBOA/A4AyAsAoAdAZAWAOAMAFADAC
3546504,CLCHB3ByBkBVBPA6A1AiAiAhAVAOAHAGAAAAAACJB0B6BkBhBMBCAxA0AiAbAgAiALAAAJAAACAF
3546603,B4BsB0B1BXBHBCA5A4A1AkAkAaAVAOALAEABAABwBpB0BsBiBRBJA/A4AxAlAeAcAUALAHAEACAB
3546702,BwBqBuB7B3BQBLA5A1AsAsAhAeAZAHAKADAAAAB2B0BtBzBdBPBDA1ArAtAjAiAYAWAMAHAAAAAA
3546801,CNB/B4BsBiBYBMA3AwApAfAcAUAQAIAEAEABAACJB8B6BuBkBUBEAxAvAeAfAZAXAMAJAIADABAB
3546900,CHBqB3B5B3BZBKAzAyAqAgAiAdAQAMAIADAAACCJB3B+BsBeBJBEAsAsAkAbAdAWAOAIAEAEACAA
3547007,B+BvB/BqB3BVA8A8A2AnA7AiAeAeADAGADAGAEByCEBwByBJBDA+A1AsAkArAlAYAMAEADAGAAAD
3547106,CSCVCPB9BpBHAuAvA+AkAgAfAVAXAHAGAEADABB2CBCcBzBSBAAzA8AuAnASAVARAKALAAACAAAC
3547205,CKB+B4B7BhA6BRA7AyAvAsAXAVAaAKAFAEAAAAB9B5CCBsBbBFBGAqAvAsAgAWAaAPAJAEAKAAAE
3547304,CkCJB0BmBWBZBIA0AuAnAnAdAcATAHAFADAAAACdCBBvBmBZBPBGAxAnAlAeAaAUAMAHAGADAAAB
3547403,BsB0CNCNBnBHBBA8A3A8AeAfAUANAJANACAAABBxB4CHBvBRBHA/BAAsAqAlAVAdAHAKAHAAABAB
3547502,BpBiBjB4BiBPBEA5A8A4A1AqAiAaANAJAGABABBjBfBlBrBWBGBBA7A7A0AwApAgAbAPAMAFACAB
3547601,ByBxBuB0BoBYBLA7A3AyApAnAZASANAFADABACBzBmBzB1BaBKBAA0AyAsAnAhAYAVAMAIAEACAC
3547700,BuB3CCB6BYBAA4A2A0AyAnAmAcASANAKAFABABBrB0CFCABWBDA+A+A3AsArAaAVAUARAIAEABAB
3547809,ByBgBdBpByBmBTBBA6AvAqAdAVAOAJAFACABAABuBfBcBrBvBjBRBAA5AvAqAgAXARALAHAEABAB
3547908,CIBzBrB7BiBeBHBBA6ArAnAmAXARAOAFADAAACCEBrB0BoBQBLA8A+ApAnAmAbAUATAPAJACABAC
3548005,BwBxB9B+BtBZBEA3A5AuAqAiASAdAMAIAFAAAAB2BtB3BqBeBIA8A1AtArAsAYAWARAPAIAFACAA
3548104,CAB4CDBvBtBTA+A8AzAqAtAkAnAWALAGAFAAAABxB4BqBoBPBJA1AvA0AsApAgAeAWAHAIAFABAA
3548203,CUCMB7B7BdA8A/A2AtAmAnAdAZAQAMAFACABAECdCHCKBsBRA1A0A1AwAnAgAWAaAHADAHAKAEAD
3548302,B5CRCaCPBUAyAzAxA6AqAlAkASATAPAMAAAAAAB3B5CPCCBOA6A3A8AzAjAbAgAbAMAIAEADAAAC
3548401,CICFCYB0BfA+AvAaBDAmAtAdATAXAOAOACAAAAByCUCMBvBRBCA5A2AqArAqARARATALAHAJAAAA
3548500,BhBVBRBeBkBaBJA+A8A3AzAmAbAWAQAJAEACABBeBSBRBiBnBeBQBFBCA8A3AsAiAdAVAOAHACAB
3548609,B/B6B/B3BiBBA0A1AxAnAqAfAZAZASAFAGABACB6CECACBBXBCA2A3AyAnAmAbAZAYAHAIADAAAC
3548708,CHBrBdBlB6ByBbBEA5ApAgAWAPAKAGADABAAAACBBoBeBnBvBrBVBAAyAlAfAXARAMAHAEACABAA
3548807,BfBNBKBiB9BrBUA/A7A1AxAoAbAUAMAHADABAABaBKBLBmBxBlBSBBA9A3A4ApAfAYAPAKAGACAC
3548906,BxBqBiBuBsBXBIA4A0AuAsAfAaAUAQAKAEABABBxBkBgBpBnBYBEA3A1AvAtAjAeAZAQAKAFACAB
3549003,B4CJCSB6A/A/A+BBA/AoAsAbAZAdAIACACACAECACRCQBoBSA8A7A+A3ApAUAdARAJAKAIACABAA
3549102,BuBoBpBtBlBSBFA1A2AyAzAfAdAVAOAKAFACABBtBmBnBuBgBRA/A3A3AyAvAkAdAbAQALAGACAB
3549201,B1CECOCHBaBIBDAnA4A8A3AUAMAQAKAHAFAGAABrCACCB5BDBNA5A4AzAuAZAbAIAMAbAPADAAAC
3549300,CIB2CICCBpBIA7A3A3AmA1AcAWARACAGACAAAAB3B1B5CBBhBCBFA0AyAqAhAhALAGAJAEADADAA
3549409,B2BxBzBwBpBVBCA5A0AuAkAfAUARAPAJADAAABB2BvBuByBiBSBHA5A2AsAnAfAZATAMAJAFACAB
3549508,CDCTB1BmBfBOBMA9A7ApAsAeAdAJAJAIAGADAAB7CFB4BhBNBMBAA1AzAnAiAgARAOAMALACABAA
3549607,B8CNCCCKBXA3AwAxA2AvAzAeAeANARAHAHACAAB+B/CLB7BHA9AuAxAyAsApAbAeAIAMAFAGAAAC
3549706,B1BkBsBzBuBgBFA5A0AuAuAhAaAUAPAKAFABAABrBmBnBvBmBOA9A1AyAuApAlAcAXAQAMADABAB
3549805,BrBdBhBwBoBTBGA8A4AyAvAeAYARANAIAEACABBlBcBhB0BxBZBNBAA9A1AtAiAcAVAPAKAEACAB
3549904,CPB0BpBoBzBtBVA7AvAiAdAVAQALAGADABABAACLBxBoBwBzBmBPA3AqAiAeAXARAMAHAEADABAB
3550001,B0CKCECHBWBBA1AyA1AsAwAfAdASAVAGADABAABxCECGCEBRA3A0A1AsApAlAaAcASAJAKACACAB
3550100,B1BuBvB+BqBQBFA1A4AwAsAhAbAXAOAJAEAAABBxBwBtBsBYBKA7AvA0AvApAiAfATATALADACAB
3550209,CJB7CABuBdBLA/A4A0ArAhAfAdAUANALADACAACLB/B5BrBbBFA3AzAvAoAlAeAYAUAKAGACABAA
3550308,B2BgBYBhByBmBRA9A2AsAoAdAUAPAJAFACABAAByBfBZBoBzBpBTBAA4AvAsAhAZATANAIAEACAB
3550407,B0BzBnBuBgBSBFA+AwAqAsAjAlAeAOANAGACAAB0BoBdBkBUBOBJAwAwAoA3AlAkAbAXAKADABAB
3550506,CFCNB7B0BYBIBFA1A2ApAqAfAaAYAVAGAFABAACDB9CJBoBNBCA/A1AtAiAnAWAZANAHAHADABAA
3550605,CCBuBrBqBmBVBKA6A3AtApAjAbAVANAJADABAAB7BrBoBoBiBQBCA1AzArAnAgAYAWAOAKAFACAB
3550704,CUB+BuBnBgBVBKBDA3AoAlAaAXAQAKAGADACABCOB7BtBkBbBYBFA1ApAiAeAaAWAMANAHAGADAB
3550803,B+B6B6B1BpBUBDA1A3AvAmAgAaAUAPAGADAAAAB7BxB0B0BkBJA9AvApApAjAeAbAVAIAGADADAA
3550902,BmBoB2B+B2BZA+A3A2A1ApAkAfAYASAIACABAABjBoBuBwBZBFA+AuA0AsArAeAaAZAcAMADACAC
3551009,CCBxBrBlBjBcBMA9A2AqAkAeAUAPAKAHACABAAB9BtBmBoBmBdBMA8A1AqAoAeAXATANAIAEABAB
3551108,CSCHB7B+BaBEA6AvAxAqAnAlAnAhAPAKACAAAACLCDB1BZBTA6A0AyAuArApAYAYASAOAGADAAAD
3551207,B6CLBjCRBOBLBBA3AzAtAfAgAPAYAJAVAAADAACIB9CMBuBJBEA9A0AzApAYAWAiAVAWAKAAAAAC
3551306,BxBtB0B3B3BSA+BMAyAyA6AUAjALAOAKAAAAAABqBhB4CGBSBKBDA3A3AvAiAYAbAJAKAJAFAAAA
3551405,CGB5B6BxBnBfBAA1AwAuAgAlAiAMAPAMADABAACCBzBwBzBfBNA7AvAtArAgAcAZAUAHAFABAAAD
3551504,CGBzB0B7CEBpBOA6AvAkAdAlAXAQAHADABAAAAB8BqBwBzBjBUBCAxAoAlAdAZAcANAGAFACABAB
3551603,BuBtBjBeBcBYBIA7AyAwAyAoAeAeAUANAFABAABrBnBkBnBYBKBEA1AzAvAzAqAnAXASAOAHAFAA
3551702,CMByBqBtBzBiBQA8A0ArAjAaATAOAKAHACABAACBBsBpBnBmBYBJA3AwAoAiAZAUAQALAGAEACAB
3551801,C2CSB0BuBXBRBIA9A1AmAlAbAVASAJAEABABABCuCSB0BeBRA+AzAvAmAgAYAVAUAMAGAEACABAB
3551900,CIB0CBBvBtBeBFA3AvAqAsAYASAXAKALABAAAACPBxB0BrBdBHA6A0AqApAkAdAUATALAGABABAC
3552007,CFBzB2ByBWA+A6AzA6ArAkAnAcAcAQANAIADADB7CPB4B4BQA8A1A8AxAsAiAfAXANASALAAAEAC
3552106,BqBnBqBrBiBRBEA5A3AuAwAoAaAlAUAKAHADACBuBlBhBgBbBQBGA0AzAxAxAmAgAbASAMAHACAC
3552205,B4BrBmBtBqBZBJA4AzAtAoAeAXASALAHADABAAB3BnBjBwBoBZBGA5A1AwAqAkAaAUAPAJAEABAB
3552304,CNCRCEB7BhBGBHA8AjAsAlAaAWAXAKABABADAAB7CdB9BuBOBNBAA1AnAkAgAaAPAPAGABAAABAA
3552403,CWCGB3BqBsBkBVA5AuAiAeAXARALAHADABAAAACPCDBwBoBoBhBFAyAnAiAbAUAPANAGAEABABAB
3552502,CPB9B2BuBmBaBMA9AxAoAiAXARANAKADACAAAACLB9BwBuBhBZBIA4AtAkAhAWASANAIAFACABAA
3552601,BsBwB6B2BuBTBCA5A7AzAzAdAYAYALADAFACADBtB1B0BvBVBKA6A7A0AtAoAbAYATALAJAEACAB
3552700,BzB7B3BxBmBYA/A5A/A1AsAnAaAcALARADABAABsBtBhBqBXBHA2A6A5AvAlAkAcAWAOAHAEAAAA
3552809,CdB/BwBlBoBjBVBDA0AjAaAQAKAIAEABABAAAACUB7BtBsBpBjBQA8AvAjAcASAOAJAEADABABAB
3552908,B1CRCOCCBYBDBAA1A/AoAWAnAPATASAIAHAAAAB/CECYBzBOA9A4A9AqAnAaAaAOAVAFAFABABAA
3553005,CRB7B+ByBsBOBFA4A4AoAlATAhAOAIABADACAACFCDB+BrBVBOBAA3AvAnAaAcAaAIAHAGABAAAA
3553104,B6BhB6ByBmBMBGA/A7AzA9AeAfASATAEADACACBkBmB1BpBPBMBCAyA0AzAsAfAWAeAQAFAFAAAA
3553203,BnBfBlBqBoBbBFA0A9AzAzAxAtAWALALADAKAABmBcBvBbBeBPA6AyA3AyA2AnAhATAMAQAEAEAC
3553302,BzBuBxByBzBZBIA7A4AzAqAlAXATAPAJADAAABBxBkBoBwBgBIBBA1AxAtAtAYAfAVALAJAFACAB
3553401,BxBtByB6BsBTA/A7A3AvAsAbAaAVAOAJADABABBtBmB1B6BeBMA/A5A0AwAnAeAUAZAPAIABABAB
3553500,CdCHB+B9BUBLA7A7AwAyAjAlAbARATACAEAAAAChCJB3BnBLA6A5AzAqAjAfASAUAQAKACAGAAAB
3553609,B7B5B2B4BsBMBDAwA6ApArAZAZASAKAFAEACADB/B1B9B/BhBIA4AvAvAnAiAfAcAPAHAJADADAB
3553708,B5BwBqBvBgBSBHA7A1AtAtAgAbATAPAKAFACAABzBsBqBrBcBQBCA4A0AsAuAeAgAWAPAIAEADAD
3553807,CGB1B1B9BnBUBBA4AyAsApAcAVAWAOAGADABABB9B3BtB2BaBOA/A0AwAsAjAdAYAPAJAHACABAA
3553906,CAB7CMCSBqBLA1A0AnA1AiAiAaAVADACABAAAAByCHCBCEBZBHAvAzAjA1AfAQAQARAPADAHAAAC
3554003,B/BxBxBvBeBSBBA4A2AqAqAfAcAWAPAIAEABAAB4BpBtBuBfBJBEA4AzAvAqAiAdAXAPAJAFACAB
3554102,CCBxBxBwBqBdBIA5AxAnAjAZAVAPALAHADABAAB+BuBuBzBoBYBFA4AvAoAlAcAWATANAIAEADAB
3554201,CECMB9CEBcBIBLBCAqAuAeAjASAPALAIACACAACCCUB5BnBRBAA/A2AzApAiAVARASAGACADACAA
3554300,CYCYCEBwBmBUBNBBA9AwAjAYATAOAIAEADABAACRCQCBBkBQBEA8AtAlAfATATAMAHAGADACAAAA
3554409,BtBoB3CEB2BfA5A7AxAoA0AlAWATANAJAGACAABnBZBvB1BtBKBBAxAyA1AnAcARAYAHALAGACAD
3554508,BhBcBjB0BmBTBDA2A4AzAwAmAiAUATAKAIADABBfBbBlBvBdBOBHA3A2A2AzAnApAbATAMAJACAB
3554607,B7CBCAB0BfA6BMAyAyA4AoAnAaASALAHAFADADCECBCLBzBUA3AsA4AyAvAaAgAaARAFAFAFAAAA
3554706,BpBlByBqBhBSBBA6A9A0AzAoAjAbAXALAEAAACBeBqBgBmBYBHBHA8AtAxAyAfApAYAPANAIABAC
3554805,CPCABzBxBZBYBKA7AzAlAdAhAZAMAHAHADAAABCJB6B0ByBdBRBGA0AuAiAlAZATANALALAEAAAA
3554904,BwB9CKCEBcBGA+AzA5AvAwAhAaASALAOADADABBwB3CEBwBUBHA6A2A4ApAhAbASARAMAIAEABAA
3555000,BxBwByByBcBFA8A4A3AuAtAhAcAUAOALAEABABBvBsB0B0BfBOBEA9A3AwAoAhAbAUAPAKAFADAB
3555109,BrB3B+B+BkBIA/A0A2AvAvAjAZARAPAJAEAAABBlBtB7B2BfBNA9A4A2AyApAZAWAWAMAHACACAB
3555208,BzB6CCBwBhBXBGBIA4ApAxATANAZAUAOACAAAABwB5CFB1BKBMA/A/A2AkAOAkAPAaANAJAAAAAA
3555307,BvCCCNB2BkBMA+BAA+AtAjApATAXANAAAAAAAACBB9CIB3BaBCA6A7AlAuAlAOARAPAGAFACAAAA
3555406,CZB/BzBwBtBdBKA6AyAqAhAYAVATAIAEAEABAACSB+BtBpBgBMA/AxApAhAbAXAVARAHAGADABAC
3555505,CGCFCHBxBhBMBHA6AzApAgAsAbAXAJAGABAEAACEB+B3BqBXBAA8AvA6AnAdAYAaANAJAGABAAAA
3555604,BsBpB1B1BhBKA/A8AxA1ArAoAWAeAQARABAAABBuBsBxBtBZBEBBA1A0A1AoApAsASAQAFACAAAA
3555703,B0BuCIA3CBBpBZBEAaBHAGA0AaAiALAAAFAAAFCEBrBnB2BRBeA8A8AiAnAgAwANAfADADAAAAAA
3555802,B2B8CGBzBcBIA8A2A6AsAsAZAQAWARAGAEACABBzB9CFB9BWBDBCA5A1AoAjAYAWAVAMAHACACAC
3555901,B/B3B5BcB3BQBAAvAdBVAjA5AnAFAKADAFAAAACPByB/B+BFBNBAAvAeAiAkAwAZAJAAAJAAAAAF
3556008,BvBtB5B5BqBPA9A4A5AyAxAdAeARAMAGAFADABBlBtB2B6BdBEA4A7A3AxArAfAZARAQAJAEABAB
3556107,ByBtCDB+BvBJA7AzA+AqAwAjAWAUAKAOAGACAABsBxB5BoBeBBA9A2A4AyArAUAXAaASAJAAABAB
3556206,BwBpBpBvBsBiBOA+A5AyAtAgAXARAKAIADABAABxBjBoBsBoBZBFA6A0ArAqAaAZAQAPAHACABAB
3556305,B4B5CAB2BkBIA3A3AxArAmAhAcAUAOAJAEACACB5B4B5ByBcBFBAA1AzAnAiAfAaAVAPAJAHABAC
3556404,BxBnBnBxBqBZBHA2A2AuAxAlAdAUANAIAEAAABBwBhBvB2BiBNA9A3A2AuAoAqAcAUAOAKACACAB
3556503,CXCDBxBoB2BqBUA7ArAjAbATAPAJAHADABAAAACSCFBuBtBwBdBHAzAnAgAZATAOALAFADACABAA
3556602,B6B9CBCFBVBFA7AzAxAvAvAeAfAOAQAQADABABB7B+BqBsBSBEA9A0A1AtAnAeAbAUASALAFABAA
3556701,B2BrBvBuByBbBPA8A0AvAqAeAWAQAKALACABAABvBvBsB1BkBTBBA5AuAtAmAdAWARAPAKACAAAA
3556800,B4BoBiBsBwBYBLA5A1AtAsAnAgAVASAIAGAAABBxBpBhBmBeBSBBAzAzAsAlAjAhAVAQAJAHAEAC
3556909,BmBYBtB+BzBhBNA/BCAyAwAtApAMAEALACAEAABoBHB1BZBWBeBIA7BFAiAyAjASAdAEAKAAAAAA
3557006,CNB9B0BxBsBcBLA4AvAqAgAZATANAGAFACABABCIB3ByBuBnBVBDA3AsAmAlAXAVANAIAGACABAB
3557105,BrBqBwB3BkBRBHA5A4AvAoAeAZAUAPAJADACABBqBnBqB0BqBUBDA/A4AuAmAgAYAVAOAKAFACAB
3557204,CECCCCB4BWBOBFA2AzAxAnAXAUAQAPAJADACAAB8CLB0BuBVBJA/AyAxAoAjAaAeAQANAFABAAAB
4100103,CNCFCUB/BjBEAzA0AwAoAfAZAPAYAMAGABABABCOCMCGCBBdA8A0AyAvAjAgAVAMAMAMADACABAC
4100202,CdCMCNB0BXBDAzAxA2AnAlAZAYASAMAFADAAABCYCaCHBvBHBBAwA1AqApAaAbATAMAIAEADAAAB
4100301,CRCbCIB+BLA9AtAqAxAqAmAlARAYAOARADACAACFCYCHBrBNA4AyAqAyAmAqAXAVAVANAFACADAB
4100400,ClCVCABrBeBWBHA2AtAiAZAaAQALAHAFACAAAACgCQB+BpBfBQA/AyApAgAYAUAOAKAFADACABAA
4100509,CBCJCXCEBdBEA9A2A4AuAmAaARAPAIAEACABAAB9CFCPB+BcBHA5A2AsAhAYAUANANAHAEACAAAB
4100608,B5CNCTCBBjBEA6A1AvAtAtAZAdAPAJAIAEABAAB3B5CEB6BcBIA4A1AuAkAiAUARASAHAKAAAAAB
4100707,CICXCWCEBSA7A4A1A1AqAjAZASAOANAGADAAAACFCNCUB5BXBCA6A1AtAiAYAVASALAGADABABAA
4100806,CHCHCOB4BYBEBAA1AvAqAtAXAYAQALAHACABABCGCDCGB7BcBHA3A0AwAgAaAhAMAQAJADADABAB
4100905,CGB7CLCNBjBKAxA1AvAlA8AXAQAKAQAEAHAAAACBCDCUB4BoBFAvAmAvAnAcASAMAZAOAAAAAAAA
4101002,CNCXCbCKBbBDA7AyAvAkAdAXASAIAFADACAAAACLCMCUCJBYBCA9AyAjAhAaAWAPAHAHACABAAAA
4101101,CFB/B8B0BNBMBCA8A1AwAeAfAWAUAPAFADABAACEB8B+B1BXBNBAA6AwApAgAYAUASANAIADABAA
4101200,CKCAB9B5BUBDA6AuAxApAkAoAcAbAPAHAEABABCHB8CABqBRBAA4AyAxApApAfAYAaALANACACAB
4101309,CDCMCEBrBiBHA+A4A4AwAjAlAiAcAQAJADAAAACEB5B4BnBEA4AxAxAwAnAsAcAkATAKAJAGACAA
4101408,B8B4CBB2BcBOBCA7AzArAiAYAUANALAHADAAAAB4BzB/B6BmBYBIA7AzAoAgAZATAPAKAHACABAA
4101507,ByBuB4B2BdBNBDA7A3ArAnAeAVASAOAJADABABBvBuB4B4BnBUBFA8A3AsAmAdAXAUAMAIAEABAA
4101606,CaCRCDB8BhBNBAA3AvAnAgAdAeAOAIAEACAAAACUCGB+BtBaBCA6AzApAiASAfATAJAHAEADABAA
4101705,B2CNCbCJBUBAA7AzAuAvAnAbAUAQALAHADABAAB4COCRB5BWBFA4AxAsAjAiAWARAQAIADAEABAA
4101804,CfCIB6BoBiBeBKA6AuAkAfAVATAMAJAEABAAAACUCDBzBnBjBaBAAyAoAiAcAZASAOAKADABABAA
4101903,CMCGCCB3BZBHA9A1A1ApAhAYAUASALAFAEAAABCECFCHByBeBOA8A3AtAlAdAZAVAPAJAGABACAA
4102000,CECMCPByBUBHBCA7A3AoAhAYASAQALAGACAAAAB+CKCPB7BdBOBDA1ArAfAeASAPAMAIAEACABAB
4102109,BzCACIB2BdBJA/A7A1ArAkAgAUAXAKAGAGACABB1BwB/B7BdBSA9A3AuAvAmAZAVAPAJAJADABAB
4102208,B9CLCHB4BrBTBCAxAxAsAlAaAdALAOAEAAAAAAB6B3CIB/BfBPA8A3AnAiAbAaAQAQAEAAAIAAAA
4102307,CCB+B8B4BbBKBCArA3AoAoAlAUAZAPAGAJADAABuCBCCB0BRBBBBA1AzAgAlAdAZAaAOAJABAAAA
4102406,CJCDCFB5BeBKA8A1AvApAmAbASARALAIACABAACBB9CFB5BeBLA9AzAuAnAjAWARAQAKAFAEACAB
4102505,CYCbCdCEBVA+A1AzAxAsAfAZAQAOAJADACAAAACNCbCXB9BUA5A1AvAsAfAZAQALALAHADABAAAA
4102604,CpCgCUB7BaBIA1AtAqAgAdAQATAMAEAGACAAAACgCUCQCBBgBBAyAqAoAfAWASANANAFADAAAAAB
4102703,B2CBCRCQBaBHA0AyAwAwApAUAdATAFAHACAAAACKCACKCQBSBAAyA1AuAUAlAdAQAUADAIABAAAA
4102802,B8B8B7B2BWBJA9AzA2ArAlAdAXAWAPAIACACACB/B9CDB5BeBJBCA0AyAmAlAZAdARANADADABAA
4102901,CdCRCRB7BiBNBAA0AtAlAgAUARAHALAEACAAAACSCPCMB8BXBEA0AvAsAeAWAZAPALAIACAAAAAA
4103008,B/CWCVCBBZBHA+A6AyAlAfAWAPASALAGADAAAACPCSCVB0BXBDA4AyAtAgAWAXAKAPAEAFAAABAB
4103107,CLCNCKB5BjBDA4A0AyAuAhAlAaAWARAKACADAACQCFCBBpBTA8AwAsArAoAjAbAVAOALADABAAAC
4103206,CHCSCYCDBgA8A2A1AyApAeAeASAPAKAHADAAACCNCGCRB1BZBBA2AvAsAfAcAbAQANAHADACAAAA
4103305,CFCQCWCDBdA/A7A4AxApAfAaAXAOAJAFACABAAB/CSCOB6BTBEA+A0ArAjAcAVAPAMAGAEABABAB
4103404,CUCoCkCBBGBCApA9A2ApAfAbAKARAPAIAEAAAAB7CKCTB2BQBHAyA8AuAcAYAXAMAKAHAEADADAA
4103503,B4CHCICMBUA/A9A5A2AqAhAhAbASAMAHADABAAB2B+CWB6BSA/A+A0AsAoAbAgAUAPAKAKADACAA
4103602,B7B3B4B1BXBJBFA3A3AtApAfAXATAOAJAEACAAByB2BzBxBdBSBEA4A0ArAjAkASATANALAFABAB
4103701,CICBB/BvBgBVBHA9AzAlAfAaAUANAJAHABAAAAB/B9B9ByBkBYBEA3AsAnAeAXARAMAJAGACABAB
4103800,B/CFCPCFBjBOA+A2AvAvAmAbAWARAIAHAFACABBxB+CDB/BfBIA1A0AuAkAbAWAUAOAKACAEACAA
4103909,CPCcCYCBBUBEA8AxArAmAhAZAQAUAKAEADABABCPCSCRB5BXBCA2AwAqAdAdAQAPAKAJAEACABAB
4104006,CVCQCJBqBYBSBBA0A1ApAkAbATAMAPAGACAAABCVCKCEBqBUBOA4A0AsAlAcAUAQALALAEABAAAB
4104105,CRCJB6CQBZBIAzAjAtAlAeAYAdAbAeALAJAAACCcB9B1BuBcAyAvAaA7AuAoAbAKAbAOAOADAAAA
4104204,CNCBB3BvBfBVBFA5AyAmAgAaAUAOAKAFABABAACIB9B7B2BhBSBBA2AwAlAlAZATAPAIAFACABAA
4104303,CMCJCHB2BcBNBCA1AwAnAgAXARANAJAFACABAACLCGCEB8BmBUA/A0ArAiAbAUANAOAGADACAAAA
4104402,CqCVCKB3BbBMA6A2AuAmAiAYASAQAGAGACABAACZCXCABtBUBEA3AqApAjAZAXAOALAJAEACABAA
4104501,CKCOCYCCBeBMBAA3AuAlAfATARAMAFADABAAAAB/CGCNB/BiBMA+AvAqAiAbATAQAOAFAFACABAA
4104600,CWCfCfB+BUBCA7A0AtAnAeATAPAOAFAEABAAAACTCaCbB/BQBBAyAxAoAeAYARAPALAEACABAAAA
4104709,CBCBCHCABbBLA6AvAxAvAwAeARAZALAJAEAAABB6B6CDB3BWBFA4AyAwAvAnAWASAPAJALACAAAB
4104808,CRCMCEB2BgBWBFA4AuAlAdATANAJAFADABAAAACNCHCEB/BtBZBDAzApAgAZAPAMAIAFADABAAAA
4104907,CXCIB6BuBdBRBAA1AxAlAgAZATARAKAIADABAACSCHB4BxBdBNA8A1AqAmAfAZAUAQAKAEACABAC
4105003,CdCjCeCDBTBAA4A0AvAjAcASAOAOAIACACAAAACgCiCUB4BPA/A2AxAoAcAWARAJAMAEACABAAAA
4105102,CRCPCYB7BRA+A3A3A2AqAlAbAWAOANAHACACABCGCHCMB1BRBCA2A1ArAlAgAWAPAQAKAGABAAAB
4105201,CuCaCMBxBQBDA2AvAwAnAfAcAWASAMADABACAACmCXCHBsBRA7A1AvArAiAdAWAQAPAGADACAAAB
4105300,CHCYCRB9BZBFA6A3AzApAiAYATAMAHADABAAABCHCUCRB6BXBIA6A2ApAiAaAXAMAKAIAEABAAAA
4105409,CVCZCZB6BhBPA9A2AvAiAaASAOAMAGADABAAAACTCSCPB6BcBHA6AxApAeAWASAQAJADABABAAAA
4105508,B0CACKB7BZBDA9A1A1AvAnAhAYAPALAGADABAABxB/CFB9BfBKBCA4AxAnAhAdARAPAKAGADABAA
4105607,CRCCCUCCBbBBAwAzAwAtAkAYAQAOAHALACAAAACCCTCQCIBTBFAyA4AyAhAbARAJATAMACAEAAAA
4105706,CDCNCFB+BeBHA9AxAuAmAjATAQAOAGAGABAAAAB/CHCSCMBmBLA6A0AxAkAcAVAQAMAKACAAACAA
4105805,CaCVCDBnBeBYBMA8AvAfAYAWAMAJAHAEABAAAACaCPB6BrBjBaBHAyAoAgAZAUANAKAFADABAAAA
4105904,B9B9CFB5BiBWBAA4AwAnAhAkARAPAKAFACAAAAB3B4CIB8BmBQA/A2AuAmAkAWASAIALAEABABAA
4106001,COCDCQB4BRA8A3AwAyAsArAgAQAaARAIAHACAACBCLCNB5BTBBA0AsA0AnAkAVAPATAIAFADABAC
4106100,COCeCRB1BIBKA1AzAvAsAqAlAYATAJACAAAAAACBCICRBtBTBIBAAuArAeAsARALASAMAIAAAAAA
4106209,CTBzB4BxBaBJBEA4A3AmAoAZAaASAIAIACADAACRCJBnBrBgBKBAA9AwAeAdAnAZARANAEADAAAA
4106308,CJCVCYCCBfBFA8A2AzAnAhAXARANAGAEACABAACDCNCMCIBaBGA4AxApAjAZARAQAJAFADABABAA
4106407,B6B1B+B0BeBPBCA4AxAsAnAdAYASALAHADAAAAB2ByB1B4BmBTBGA3A0ArAkAcAWAQAKAJAFABAA
4106506,CJCLCXCDBjBMA7AyAtAjAeAVASAOAGACACABAACFCFCRCHBfBIA6AxAsAhAcATAOANAIADAAABAA
4106605,CHCOCPB8BSA9A4A0A1AtAmAcATAQAJAIACABABB+CJCPB+BcBFA7A1AuAlAbAbAPAMAJAEACACAC
4106704,CMCKCTB6BcBGA5A9ArAsAoAiASARAMAGACAAABCDCLCQBwBcA/A6AyAlAkAgATAQARACAIAAAAAC
4106803,CZCNCJB1BZBIA6A1A0ArAlAYAWATAKAFADABAACUCJCFBqBNA+AzAxArAgAgAdATAVAKAIAFABAA
4106902,B7BpBnBtBsBcBJA4AyApAjAbASANAIAFACABAAB3BmBoB4B2BkBOA9A1AuAnAeAWARALAHADABAB
4107009,CUCWCHB5BVBCA/A0A0AnAiAeAUAVAKAGABAAAACSCNCMBxBPBDA7AyArAkAbAYAPAMAMAEABABAA
4107108,CWCNCRCEBfBIA4A3A5AsAjAZAPARAHAEAAABAACICNCKB9BTBHA0AxAqAjAUAZAQAKACADAAABAA
4107207,CYCVCZCCBfBKA7AvAsAkAcATAOAKAHADACABAACPCUCSCABgBIA3AtAoAfAYARAPAKADACABABAB
4107306,BkB6B9CDBcA/BAAzA6AwAhAuAXAZAOAHACABAABgB4CRCHBXBLA9A8A2AmAnAcAWARALAEABABAB
4107405,CNCOCnCRBkBDAyAuAoAkAiARAQANAJABABAAAACQCUCYCKBXA+AxAsAnAhAaAQAOAIAGAEABACAB
4107504,B5CDCWB8BgBJA+A6A1AsAkAWAYASAJAGADAAABB0CGCIB6BiBOA5A0AvAjAeATASAOAHAGACAAAA
4107603,CRCTCYB4BUBDA5AzAyAnAiAYAVAQAOAHABABABCNCKCPB1BSBFA6AxAqAkAeAUASAMAIAEACABAB
4107702,CECPCTB+BSBJA3AvAxAoAdAiAQAQAMAIADADABCFCICYB4BhBEA5AtAoAiAdAWAOAKANAGAEABAB
4107801,ByCCCHB6BbBDBBA+A4AwArAdAVAPARAJADAAAABlBuB/B5BeBNBGA6AvAuAeAgANAYAQAIABAAAA
4107900,BwBzB2BzBwBUBCA5A4ArAvAbAVAVAIAAACABACBuBvCPB7BpBUA9A7ApAgAhAhAYAIAKAHAFAEAA
4108007,CTCPCPCCBhBGA2A7A1AoAqAYARARAKADABABAACRCGCMB3BWA+A3ArAtAkAYAWAOAOAFAEABAAAA
4108106,CACfB7CDBOBXA7A2AwA2AeASAfAJAGADAAAAAECDB7CCB8BiBJA6AzAvAiAiATATAMAAAHAMADAA
4108205,B6CICbCFBZA/A6A5A5AvAnAXASANAJAGACAAAAB5CLCUB/BWBEA+A1AvAiAaAUAPALAHAEACAAAB
4108304,CpCOB5BmBqBmBNA7AuAfAVAPAKAGADACABAAAACjCHB6B+B2BgBFAvAiAZASALAJAGADACABAAAA
4108320,CGCXChCHBLA8A6A3AzArAjAbAQAQAIAGACAAAACFCXCfB0BRA+A1A1AsAjAZATARALAEADABABAB
4108403,CIB/CFCABpBVBBA0AuAjAcAWARAKAGADABABABB+B/CHCLBvBUBEAxAoAfAbAXAPAMAHAEABABAA
4108502,CnCgCGBzBbBMA+A2A0AlAhARAOAOAIACACACAACnCQCGBkBYBCA/AtApAgAbARAPAGAIAGABACAA
4108601,CICSCWCDBaBEA5AzAzAqAhAXAQAMAKAFABABAACFCKCRCCBcBIA4A0ArAiAaASAMALAGAEACABAA
4108700,ChCfCVB6BPBAA3AzAyAqAhAXAUAOAJAFACAAABCfCXCUB3BQA8A0AsApAiAYARAKAMAGAEABAAAB
4108809,CICRCNB1BUBIA6A4AwAmAkAVAVANAIAGACAAABCJCSCGB9BeBOA/A2ApAkAWAbANALAHAFAEAAAB
4108908,CICQCUCGBUBBA4A3A3AvAhAOATAQAKADACABAACWCUCVB4BWBAA4AzAsAhAWASAMARAGAAADABAA
4109005,CLCNCcB7BFBJA8A1AnAsAtAsAOAZAGADADAAAACICUCLBoBRBHA4AqArAjApAUAVAGAEAJACAAAF
4109104,B9CBB+COBIBIA+AxAxAwApAjAQAQAMAIAFAAAACICLCcCEBiBEA3ArApAmAjAKARAOAHACAAAAAC
4109203,BvCMCPB2BNBCBFA5A2ArApAbAVATAPAMABABABB7CECCB2BSBEBEAyAuAnAaAdAVATAPAMADABAA
4109302,CcCaCWB9BVBIA6A0AxAlAgAUASAJAHAEACAAAACYCaCSB7BWBCA2AwArAfAVARAMAJAEADABAAAA
4109401,CTCGCFB1BgBMA/A2AvAmAcAXARANAHAFABABAACRCFCEB/BlBPA+A1AsAiAbAWAPAMAGAFACABAA
4109500,ChCjCVB0BYA8A6AxA2AoAjAfAcATANANAAAAAACoCSCCBdBIA1AzAlAmAcAUAlARARAGAGAAACAB
4109609,CWCKCBB2BWBPA5A4AuAqApAgAXASAMADABABAACaCFB/BpBVBJA3AuAsAiAhAYAUAMAIAKABACAA
4109708,CNCJCJB/BUBCA5A0AyArAiAhAZATANAFACABAACECDCIB5BYBDA4A0AuAnAgAaAUAOAHADADAAAA
4109807,B8B7B6BzBfBTBEA5AyAoAoAbAVATALAIADABABCFB2B4BvBlBXBCA1AtApAhAeAVAMAJAHACACAB
4109906,B9CRCUCBBbBAA7A0A2AuAhAcAUARANAEABAAABB/CSCQB4BaBDA5A3ArAiAXAXAPANAGAEABABAA
4110003,B+CACIB+BUBDA/A4A4ArAjAVAaARAQAKAEAAAACDCHCKB5BWBHA8A2ArAiAhAVAZAWAHAHAAABAA
4110102,CACFCCB7BbBKA5A1AtAoAoAaAZAVAPAGACABAACICDCCB0BTBHA4AyAtAoAuAZAYAWALADABABAB
4110201,CnCaCQB5BfA/A5AyA1AmAfAYASANAKAEAAAAABCaCSCEB0BNBCA2A1AtAkAcAPAPAMAEAEABAAAB
4110300,CFCoCMBuBLAsBCBKA8AjAoAUASAWAWADADAAAACdCXCCBjBWBEA0A5AmARAtAdAKANALAAADAAAA
4110409,B3CFCWCNBeBIA+AtAxAzAkAgAVAXAIADABABAAB6B/CUCABeBCA3AxAtAkAeATANALAEAJABABAB
4110508,CXCICLByBkBKA1AxAwApAeAcAXAUAKAKADACAACaCGBzByBWBFAyAtApApAeAdAVAWALAEACAAAB
4110607,CFCLCUCDBVBDA5AzAzArAqAZAUARAJAFAEABAAB/CGCPB8BZBIA5AzArAmAbAVAPAOAJAEACAAAB
4110706,B6B4CEB5BgBLA7AwAxAnAlAdAYAOALAHAFABAAB+B5CCB5BfBMA7A5AzArAmAeAYAOANAJADABAB
4110805,CXCjCfB8BTA+AzA0AyAnAfAYANAMAJAGACABAACbCiCZB1BMA+A2AxAoAhAVASAMAJADACABAAAA
4110904,B9CSCYB6BWA/BAA6A1AkAjAaAQAbAPAKACAAAAByCOCHByBhBDA9AsAuAfAXAcAUAUAFAIADABAB
4111001,CKCHCGCDBcBOBJA0AuAvAcAcAUAWAMADACABAACACFB2BuBfBOA7A1AsAnAcAaAUANAFAEAAADAB
4111100,B9B5CQCGBYBKBBA7AwAvAgAdAVAPARAJABAAABB1CFCKB3BRBaA/AtAnAnAhASAPAYAGAFAGAAAA
4111209,CBCECICJBdBRBCAzAvAmAdAdAWAIAIAFABACABB9CFCKCDBnBGA1A1AqAlAbAaAOAMAKAHABAEAA
4111308,CQCbCYByBhA9A1A2AzAqAkAmAQANAEAHAJABACCTCNCBB6BaA5A5AtAtAmAcAPAKAGAIAEAJAAAB
4111407,CUCUCHB+BfBDA4AxAoAlAfAiAXAWAFAJAGABAACbB/CABsBXA6A0AsAtAlAcAiAYAPAKAMADAAAA
4111506,CJCRCcB+BVBDA3AyAzAnAiAYARAQAKAFACAAABCICNCTB9BZBDA3A1AsAkAZATAPAMAHAEACABAB
4111605,BrB6CMCBBUBNA4A6BAAsAmAgAUAVANAHACAAAABzBwCSCGBdBHBCA4AtAqAjAUAPAYADAFAAACAD
4111704,CNCWCNCPBgBHA9AtAuAmAcAfAVAXAFAHAAAAABCUCUCABvBUA6ApA4ApAeAbAdAUAQAJABABABAB
4111803,CCB+CBB4BcBIA+AyAwApAlAbAWATAKAIAEABAACBCBB+B4BbBKA7A3AuAoAlAZAXAUALAIAEADAB
4111902,B/B/CUB6BYBGA6A2AxAzAtAcAWAVANAFAEACAAB2B6CJBxBaBFA+A0AtApAiAaASATALACACACAC
4112009,CHCICDByBWBBA6AzAvAnAqAcAaAUAKAKADABADCBB/B7B3BYBFA+AyAxAsAgAlAWAUAJAJAEAAAA
4112108,BxBuB9B+BYBEA+A7A4AsAmAjAYAUASAIAFABAABrBvCBB6BaBNBGA+A2AuAoAbAVASARAIACABAA
4112207,CNCcClCEBUA+A1AxAwAqAfAaASAJAJAHACAAABCLCbCXB4BWA8AzAzAtAhAaAOAMAJAGADADAAAB
4112306,CVCKCNCFBRBCA4AqAtApAuAbAbALANAJAEABAACUCLCGBxBXA+A1AuAtAmAeAbANAVAJAEAAAAAA
4112405,B7CECFCIBdBPBAA3A7AoArAdASANAKAIAAAAAABwB1CLB9BfBGBCA2AuAmAhAXAPAPAJAEACABAA
4112504,CGCRCXCABZBDA5A1AvAuAiAYAVAMAHAGADAAAACDCWCTB6BXBCA3AzAsAiAXAWAPAKAJADACABAA
4112603,B3CvCYB5BWAzArA3A9ArAfAzAPAIALALAAAAAACeCeB/B5BcA0A0AlAzAuAaAXAVAAAAAGAAAAAA
4112702,CHCACBB6BbBSBBA5AyAjAgAjAZAVAKAFACADAACDB7CBBtBbBLA/A8AsAjAjAWARARAJAJADABAB
4112801,B+B/CDB0BTBIA8A0AvAqAtAgAaASARALAEABABCCB8B+B0BUBBBBAxAuAsAqAjAYATANAHAEAAAB
4112900,CICECGB5BhA8A3AvAqApAbApAPAYAOAVACABABCHCJCNB6BaA/A8AsAlAmAlAYAXAYAIADAAABAB
4113007,CBB2CMB4BXBFBAA5A5AvAhAZAdAOAOAFAEAEABBuB+CYCHBWBHA4A4AsAkAjAWARATAGAFAFAAAA
4113106,B8CSCZB8BZA/A5AzAxAsAjAeAMAPAPAGAFACABB9CKCWCCBWBCBAAuArAkAbAVASAPAEAGACABAB
4113205,CMB+B/B0BeBOA5AzAvArAnAhAbAVAOAGADABABCFB/B1BwBaBFA5AvAxAqAoAeAWAUAJAGAEACAC
4113304,CdCTCOB4BfBSA/AyAtAhAcATAPANAIADABABAACZCPCLB5BeBOA6AuAnAgAXASANAJAGAEABABAA
4113403,CICBCCB3BcBNBGA7ArAmAmAiAPAcAMACAEAAAACaCGB8BqBXBRA3AyAlApAmAYAOAUAJACABAAAA
4113502,CHCJCQB6BYBGA7A0A3ApAfAcAUAOAJAEAEABABB4CJCLCABlBJA/A4ArAlAaAUANAPAHAFADABAA
4113601,CGB/CHCfBaBNA6A4AyAhAkAcAgADAZABAAAAAAB1CECCCDBWBDA6A2AwAiAgAaAVALAIADAAAAAA
4113700,B/BuByB0BgBSBEA7A2ArAlAbAUAPAKAGACABAAB7BsB0B6BuBbBKA9A0ArAjAaAUAPAJAFADABAB
4113809,BwB7CXB7BSBCA9A6A7AmAxAdAUAZAQAHADAEAABnB1CQB8BOBKBDA4AxApAfAgAKAVARAGADAAAB
4113908,B/BsBzBxBYBKA9A0AqAwA3AkAgAZAXAJAHACACBuBpB1BmBSA9A0AtAzAxAxAvAiAfAYAQACACAB
4114005,CQCQCOCFBcBHA6AzAuApAhAZAPAOAMAFACABAACKCMCRB+BaBGA5AvApAgAYAUANAQAIADABAAAB
4114104,CDCFCGCFBaBLBBA1A4AsAlAeAXASAIAJAEACAABsB4CCB5BbBLA9A2AxAlAoARAUAOAKAFADABAC
4114203,BzByB8BzBjBOBCA1A4ArAmAcAWAQALAKACACABB2B8B2B7BnBRBCA5A2AoAmAYASATANAIAEABAA
4114302,CMCSB/BzBYBHA+A5AzAoAjAbAaAVAMAEAEAAABCPCDCFBoBRBIA6AwAtAoAlAcAUATAIAHABABAB
4114401,CyCgCPB6BXBMA5AyAuAfAeARAPAIAGACACABAACtCiCMByBXBGAyAsAkAdATARAMAIADADABABAA
4114500,ClCaCGB+BnBLA7A+AoAfAdARANAQAHAEACABABCVCaCGB9BcBIA2AtAmAcAbANAKAHAHAGABAAAA
4114609,B8CFCFB3BZBNBLA+A4AnAdAXASAMAJAEACABAAB/CDCGB/BgBSBFA5AuAlAbAWASALAHAEACAAAA
4114708,CHCLCbCGBZA/A3A2A2ArAlAdAVAOAKAEACABABCACTCUB4BWBDA2AyArAnAXAUANAMAHAEABAAAA
4114807,B8CDCCBtBcBWBKA9AyAmAiAaAVARAIAGAEABABB5CBB/BtBmBWBJA1ApAjAhAZAVARAHAGACAAAA
4114906,CJCNCMB7BfA/A5AzAyAoAkAcAVARAPAGACAAAACECJCLB2BXBGA2A0AqAlAbAeARANAQAFABACAA
4115002,CWCVCZB6BfBGAyA1AyAoAiAYAWAPAHAFACAAAACKCOCTB9BZBAA5AuAqAeAYARALAHAIAGAFABAA
4115101,CHCYCeCHBPA3A2A0AzAuAiAYAaAOAKAFAAABAAB9COCYCABSA8A4A3AuAkAcARANAQAGAFAAABAB
4115200,B0BqB0BzBmBWBIA8A2ArAjAbAUAOAIAGACABAABvBnB1B/B0BiBOA+AzApAiAZASAQAJAGADABAB
4115309,B5CPCQB8BoBSA7A5ApAmAgAWAUAOALACADAAAABzCCCRCABnBMA9AzAqAlAeAOARARAJAFAEAAAA
4115408,CUCJCKCIBoBKA8AwAtApAjASARARAHADABAAAACKCNCIB/BoBIA4AwArAgAaASAKAKAFAFAAABAA
4115507,B4CICECRBfBJA5AzAuAnAmAiASAQALAIAEAAAAB6CECMB/BnBHA4AyAsAnAVAaAPANAHAJACAAAA
4115606,CZCgCVB+BUBAA+A1AxAkAeAYARANAHADABAAAACVCVCUB4BRBDA3AzAoAfAaATAMAIAFAEABAAAA
4115705,CHCPB+BsBfBPBBBAAvAgAqAbAdASAMABACAAAACMCBB2BdBkBPA8BBAnAnAgAgAWAOAKAAABABAC
4115804,CICICRCABgBRBCA8AyAjAeASAPALAGADABAAAACHCJCOB+BhBLBAA2ArAgAYATAOAKAFADACABAA
4115903,CUCFCrCHBoA0AoAvA1AlAoAeAWAcAAAKAAAAAACNCICbCABaA7AaAsAwAkAaAdALAGAFAAAEAGAA
4116000,CJCGCSB/BZBKBCA2BCAsAkAdAdAMAHACADABAACCCKCRB0BFA9BCAyAoAlAXAUASAKAMAFACAAAC
4116109,CGCMCXCABaBGA5A2A1AqAmAZAQARAMAEABAAABB9CLCRCABbBGA1AzArAkAYAUAQALAJAEABABAA
4116208,CECGCEB0BVBFA5A0AsAtAqAiAXAUAPANAFABAACCCCCEBvBRBBA2AzAsAnAsAaAXAQAPALAEACAC
4116307,CACRCfCABdBFA3A9A2AiAlAWAYANAMAIAEAAAABrCOCRB3BHBKBCAwAuAhAcAbAPAUAEAGACABAA
4116406,B5COCHCVBYA/A9AtAuAsAbArAXAVAIATACAAAAB0B/CZB6BiBAA4AvArAgAXAgAJATAOACABAAAD
4116505,CCCpCYB1A5BGBBBBA9APAsAfAwAAAAAAAAAJAACCCpB+BFBxBGA0BRA7AYAnANAGARAAAAAAAAAA
4116604,CaCVCMB1BnBJA6AsA5AeAiAdAQAPAOAMABABAACLCFCMCFBRA4A4AvAoAeAXAaANAXAHACADAAAA
4116703,CMCQCUCGBZBBA6A3A4AoAiAZAMARAHAFACAAAACECICSB+BdBIA3A1AqAhAZAUALAOADAGABAAAA
4116802,CNCeCRCCBXBLA9AvAxAiAmAUAPARAGAEAAAAAACMCfCVB/BUBIAyArAoAgAWASAOAOAFACACAAAA
4116901,B2B/CFB8BYBFA7A2A0AqAoAgAYATALAKABACABByB6CDB6BfBPBDA3AwAqAhAfAQAUAKAGADABAA
4117008,CMCICFB/BWBBA4A1AzAmAlAgAXARAMAEACACABCKCLB8B4BUBFA4A2AsAnAfAeAUAOAKAJACAAAA
4117107,CFCHCJB1BcBIBDA4A2AsAjATAPAOAJAHABABABCICDCPB+BgBOA+A3AqAiAcARAPAMAHAHAAABAC
4117206,B1CXCZB6BIA7A3AvA5AxAnAfAXANAQAKADAAAAB5CCCXBsBZBIA8A+AoAqAZAZAaAPAJAFAEAAAA
4117222,CBB7B4B9BYBPBEA/AwAzAfAXASANARAIABAAAAB+B/CDBwBhBOBDAyAzAoAjAWAUATANAEADAAAA
4117305,CaChCICFBWBQA4AwAyAmAgAbASASAJAEABAAAACVCEBrB/B3A6A0AzArAjAYAUAPALAEACABAAAA
4117404,BvB7CIB+BlBHA7A3A1AyAnAbASAYAJAEACACAACDB1CWCFBaBDA3A4AwAnAeAbAOAPAGAGAEACAA
4117503,CDCLCJB3BSBNBHA5AzAnAoAYAZAUAGAGAEABAAB3CFCBBuBWBWBDA0ArAjAfAZAVAPAIAFAEAAAA
4117602,CWCTCKB9BbBKA6AzAwAiAbAWARAMAHAFACAAAACZCPCHB4BgBMA6AyArAgAYAVAPAJAIADACABAA
4117701,CEB/B+B7BgBMA/A0AwAqAiAeAXAWAMAFADACAACFB+CAB0BZBGA4AwAuAnAlAcAXAVAMAGADABAB
4117800,CpCjCUCBBcA/A0AxAvAiAdASARAMAHAEABABAACsCdCNB5BWA7AzAsAnAcAaAMAKALADADAAAAAA
4117909,CDCECHB0BfBYBLBAAwAlAgAVARAQAGAFADAAAAB8B5CBB/BlBWBHA0AqAjAdASARAMAIAEABABAA
4118006,BpCCCICBBMBCA4A2A6AuAnAgAUAXAPAIABAEAABwB9CKCCBZBEA7A4A1ArAmAaAaALALAJADACAB
4118105,CLCQCbCGBTBCAwA1AwAuAfAfAUANAOADACABABCBCFCUB0BdBBA1A2AuAhAkASAOALANAFABABAA
4118204,CGCFB+B2BYBKA8A1A2AsAkAcATAPAKAFADAAABCFB/B8B1BcBNBBA4AyAoAeAdATAPAKAHADACAA
4118303,CTCVCcCCBUAwA4A1AsAqAyASAZATAAALAAAAAACUCgCPBxBJA5A8AtAyAWAdAiAGAOAIAFAAAAAA
4118402,B7B6CDB5BYBGA9A1A3AuAmAaAQARAMAGACABABB2B5CDCDBpBPBFA8AzAoAiAXASAQAJAFACABAA
4118501,CBB6CAB3BnBWBJA1AvAkAbAVAPAMAGAFABABAAB9B1CBCKB4BbBEA2AsAiAcAWAQANAIAEABABAA
4118600,CKB/CHB0BhBPA1AyAuAtAsAbAdAdAEAMAGABAAB/CCB7BlBTA5A2AwAnAsAqAiAdAVAKAGALAAAA
4118709,B4B7BxBlBpBWA3A8AwAqAwAlAhAcAPAIAKABACB8BmB3BfBLA7AwAsApArApAvAsAoASAKAGABAF
4118808,CDCFCQCBBYBEA6AzA1AqAkAbATAPAKAGADABABB9CBCNCBBhBGA8A2AvAnAXAYASAKAIAGAEABAB
4118907,B2CDCWB9BgA+A9A3A1AvAjAfATAOAKAGACABAAB7CDCNB/BiBHA/AzAvAjAaAZASAKAKAEACAAAA
4119004,CRCOCVCJBnBNA9AwAvAmAaAVAQAJAGAFABAAAACICKCRCEBiBBA1AvAnAiAbARANAKAGAFABABAB
4119103,CVCTCOB1BlBUA1AxAmAkAkAhAeAYAMAFABAAAACQCCCGBeBPBDAzA1AgAnAfAdAdAPALACABAAAB
4119202,CgCSCEB4BbBPA2AsAsApAqAeASATANAFACABAACJB/CHB6BeBDA0AtAsAiAiAZALANAMAGABAAAA
4119301,CsCWCDBxBfBWBDAzAtAfAYAUAOAKAGADABAAAACrCbCABwBkBRA7AuAjAdASASALAIAEACAAABAA
4119400,CCB/CBByBZA/A4A4A0AvAlAhAXAUAOAHADABABB9CLB6B3BQBIA7A1AyAuAuAZATASALAIADABAA
4119509,CaCLB6BnBiBfBQA7A0AjAeAWANAKAHAEACABAACTCEB6BpBhBaBGA1ApAhAaAUANALAGAEABAAAA
4119608,CpCfCRB5BaBEA3AzArAiAcAXAPAPAHAEACABABCoCZCHB3BTBCAzAwAnAeAZASANAKAEADACAAAA
4119707,B6B7CWCVBSBUA1AvA1A1A0AUAaAIAKAFADAAAABxCHB7CbBXA8A3AnA4AqAaAXAPANAGAIACABAA
4119806,CJCKCVCHBiBLA+AyAyAnAcAYANAPADAHABAAAACECKCJCIBeBIA3AzAsAgAUAXAMAMAIAHABAAAA
4119905,CCB3ByBxBhBRBEA2AwAoAkAZAVAPAJAEACABABCBB0ByB1BnBYBFA7A0AsAnAfAWARAJAHADABAB
4120002,CNCPCMByBZBJA9A9A1AoAkAaAPAKAHADAAAAAACMCRCNB6BbBPBBAzApAiAZATANALAGACABABAB
4120101,B7B6CBBwBpArBJA0AnAlAlAkAtASAMATAAAEAACIBuBsB3BPBdA7AtAtAmAdAuAkAcAMAFAAACAD
4120200,CRCZCiB8BfAxA9ArAtAtAoAgAOANAJADACAAAACOCRCUB8BcA9AwAsAoAWAuARAJAGAJADACACAD
4120309,CcCRCJBwBlA9BBAzAwAuAiAgAPAbAOAJADAAABB7CPCCBpBIA+AwAzAtAkAmAeAQAMAWAIAAACAA
4120408,CECFClCCBlBFBCAzAwAiAqAmAaAFAJAIADAAABCDCPCKBvBNBJA2AqAoAgAfAZAOAPAJABACAAAA
4120507,B6CCCHCABeBLA6A4AwAtAhAfAYAQAQAHABABABB4B9CIB5BbBKA4A2AtAsAZAgATAWAJAEACAAAA
4120606,CMCFCCBxBdBJA9A5A1ApAlAaAYARAKAGACABAACJCBB/BuBWBBA9A2AvAnAlAcAWATALAHACABAB
4120705,B0B/CIByBYBEA+A5AsApAkAjAYAaATALAAACAABzB2B4B9BdBOBCA4AuApAgAlAVAUAOAFAEABAA
4120804,CJCMB+CBBdBSBBA9AyAoAkAWAVAOAIAIABAAAACIB/B6B3BbBSA9AyAnAoAhATAVALAMAEAAAAAA
4120903,CmCfCSB4BfBNA/A1AtAgAWAVAPAIAFADABABAACdCZCPB4BYBJA4AvAmAcAYAOAKAJADADABABAA
4121000,CTCbCWCEBRBBA7AwAxAwAiAbANAOAIAKABAAAACRCNCZB9BaA/AzAuAmAjAZAOAMAFAKAEAAAAAA
4121109,CICZCcCHBWA9A3A1AxAoAqAUAOANANAHAAAAABCRCNCTB9BUA7A7AxAmAkAbAPAJAQAFAGABAAAD
4121208,CXCNCKByBVBDA3A0AuAqAoAcAUAUASAKADAAAACZCKCIBmBMA7AzAzArAmAkAaAaATAKACACAAAB
4121307,BuCEB+B8BWBDA/A+A4AlAlAiAeAcALAEABAAABB7B/CHB8BbBFA7A4AwAkAiAdAdAQAFAIAAADAA
4121406,CPCTCPB/BaBLBBA2AsAlAbATAQAMAHADACAAAACMCLCQCLBkBJA8AyAnAfAYASALAMAIADABAAAA
4121505,CACHCUB0BUBIA2A1AvAnAmAiAbAWALALACABAAB6CICCBsBVA/A5AzAsArAqAeAVAWAMAIACAAAA
4121604,CECGCUB5BzBKA8AwAvAqAcAXANARAJABAAAAAACFCICHCGBjBKAyAuAuAsAWAXAOAOAMADABAAAC
4121703,CjCbCIB6BVBGA7AxAvAnAiAdAUAQAJAHABABABClCRB/BtBPBCA0AvAtAiAbAWAQANAGADABABAB
4121802,CGB+CLB1BQBEA4AyA1ArAkAmAcATAOAKAEABABB8CFCBBwBUA/A6A4AyAoAjAXAdAUAPAJADAAAA
4121901,COCFCPB/BWA+A1AyAyApAoAaASASANALADABABCGCFCRB5BQA+A5A3AsAoAlARAVARAKAGACABAB
4122008,CPB/B/BzBiBLA/A2AtAqAlApATAaAPAHAFACAAB9B2B8BwBOBDA4AzArApAmAkAeANAOAGACABAA
4122107,B2CGCeCDBZBAAxA2AvAyAmAgARAXAIAKAGAAAAB8CKCNB6BVA6A1AzA0ApAdAWAUAOALAKABAAAA
4122206,CkCRCJBzBYBNA6AyAtAjAhAbARAQAKAGACABAACjCRCIBxBUBHA2AxAnAhAaAXAPAMAGAEACAAAB
4122305,CNCDB4BvBbBJA9AxAuApAgAhAWASAKAJAEAAABCKB7B5B0BZBLBCAzAuApAqAgAXARAJALAEACAA
4122404,B4B5CAB3BgBMBFA7A2AuAkAZAUASAOAEAEABAAB4B2B+BzBfBTBDA6AyAoAdAbATASALAIAEAAAB
4122503,CeCgCUCFBeBFA2AvAwAoAcAZAVALAGAEABAAABCTCbCUB3BSA9AzAsAqAdAZAOAPALADAEAAABAA
4122602,CICSCjCHBXA9A2AyA4AsAqAaAQAOAMAHABAAABB+CICPB5BTA+A5AwAtAjAcAUAPAMAJAFACABAA
4122701,CBB9CLBtBKBNBBA+A6AoAmAeAYAUAVAGACAAACBxCDCHBwBQBRBAA6AsAnAaAcAfAVAJAGABAAAA
4122800,CqCgCYB8BcBEA8AwAsAiAXAWANAIAGADACABAAC0CcCLB2BTBCAzAtAkAbAXASAQAEADAEABABAA
4122909,CBCUCSCEBaBHA5A5A0AmAmAdAQAQALALACACAAB+B9CLB4BYBCA4AyAvArAjANAQARAGADAAACAA
4123006,CZCfCfCGBaBEA8AyArAkAbARANAMAHAEABABAACSCaCYB7BaBBA0AsAqAgAXAPANAIAFADABABAA
4123105,B/CPCKB6BrBCA0AxA0AqAqAbAcANAGANAAABAACGCBCMB6BaBBA0A3AqAuAaAbASAJALAEAAADAA
4123204,B/COCeCGBPA+A0A4A5ArAhAWAVASAIADACABACB6CVCaB4BTBCA8A0AzAhAaASATARAEAEACABAA
4123303,B/CGCUCIBeA+AvA1A3ApAoAcATANAJAEADABABCCCLCQCFBaBCA5AzAuAhAdAYAPANAIAEACABAA
4123402,B4B+CLCFBfBOA4A0A1AwArAbASANAKAIADACAACDByCACABhBLA8AxAzApAlAQASAJANAFACABAA
4123501,COCVCeCABWBBA7A7AzAnAfAUARALAHAEABABAACPCYCVB3BQA+A+A1AnAfAZATARAKAGACACAAAA
4123600,BpCTCiCIBdA7A1AvA7A3AlApARAGALAHAAAAAAB2CLCZCMBNAqBJAwAwApAZAaAOAPAHAAAAAAAA
4123709,CECECQCEBnBHA8A0A2AuAnAXAQAJAJAIACABABB6B9CLCEBeBJA8A1AuAjAeARANALAJAEADABAA
4123808,CTCYCWCCBjBIA6AvAsAhAZAVASANAHAHACABABCJCQCMCKBhBAA6AsAqAiAUAWAMALAEAFABABAB
4123907,B8CDCEB7BWBCBAAxA0AwAnAfAUAVARAGAEABAAB1CBCAB7BQBEA+A1A3ArAiAeAaAPALAGACACAA
4124004,CeCRCSB7BYBRA8AxAtApAYAiATAUAHACABAAAACXCLCIB1BbBCA5AsAkAmAfAPANAOAGADABAAAA
4124103,B/CBCCB8BVBJA8AwAwArAmAcAYAUAOAIACACABCDB+CFB1BXBIA9A1AxAnAkAbAWARANAGAEABAC
4124202,CCCKCjB7BaA1A6A1AxAuAqAiAWAPAHAOAAAAAACECJCOCKBKBAA0A1AuAdAeASALARAJAAAHACAB
4124301,CJCSCOB2BYBEA6AwA1AiAmAkAeANARAIADAAAACSCICMB0BUBDA3AsAhAkAmAWANANAEALACAAAC
4124400,CYCYCVCBBgBKA3AuAuAlAeASANAKAIAEACAAAACXCRCQB9BdBDAzAvArAhAXATAMAMAGAEABABAB
4124509,B1CQCTCFBfBEA9AoBCAuAgAaASARATACACAAABB8CNCEB6BUBIA9AxAvAmAgAQAOAMAMAFABAAAA
4124608,B7CECOB+BRBDA8A2AxA2A7AfAPATAIALADAAAAB3CECLBxBPBCA3A8AtAoAjAaASAQALAIAEAAAA
4124707,CYCXCNB/BVA/A3A1AwAoApAVASARAMAHADAAAACWCXCRBxBRBAAzAyAnAlAYATARAMAFAFABABAA
4124806,CMCPCYCHBlBMA8AxArAkAkARASAKAIACABAAAACHCHCTCCBlBFA1AsArAiAbARAOANAEAEABAAAA
4124905,CMB9CbCDBcA5AyA1A1AtAcAiAZAVAGAGACAAAACCCKCNCBBYA/A7AwA1AiAXAbASARAFAEAAAAAB
4125001,CLCTCZCFBbBFA2A2AyAsAgAXAQAOAJAFABABAACKCQCXB8BYBAA5AuArAhAZASAMALAGACABABAA
4125100,CiCLCCB2BaBLA8AzArAuAiAfATASAJAJAEAAABCdCJCABwBPA9A0AnAzAoAiAUARAOAJAHACADAA
4125209,CJCKCYCVBrBJA0AuAxAjAeAeAQAMAFAEAAABAACECECYCGBeA/AyAzArAgAZAWANAIAHADABAAAA
4125308,B4B7CIB+BhBEBGA5A3ApAnAgAUAUAPACABAAAABsB9CNCEBcBGBBA2AuAlApATAQAQAFAGACAAAA
4125407,CYCQCIByBaBIA+AxAzAqAjAgAYASALAHABABAACcCKCEBuBTBBA6ArAlAlAWAbAUAPAHAEADACAA
4125506,CSB/B2BxBjBaBMA3AvAnAiAYAQAMAJAFACAAAACKB9B2BxBlBZBFAzAuAmAgAWARANAJADACABAA
4125605,CUCIB6ByBaBIBGA3AzAnAjAXASAVAKAFACABABCRCGB9BvBWBLA5AzAuAkAnAXAVAQAJAJACABAA
4125704,CYCXCXB9BcBKBAA4AyAjAcAVAPAJAGAEAAAAAACOCMCSB9BfBFA7AxAlAgAWASAMAIAHAEACAAAA
4125803,B/CGCNB8BdBLA+A7AyAoAlAaATARANACAHAAABCDCICBB0BhBIA8AyArAnAcAVAOAPANAGAEAAAB
4125902,CGCiCVCEBRBFAzA/A4AqAsAWATAPAKADAAABACB1CUCaB0BVA/A/A0AiAdAfARALAKAHADAAACAC
4126009,BzCMCOB9BUA+A8A6AvAnApAYAcAQANAMABAAABCGCECLB0BUBDBDAyAtAnAoARASARATAEACABAA
4126108,B9CGCQCRBhBKA1A6AwAzAuAbAbARAGAEACABAAB0CECHCBBSBDA2A1AsAnAcAXATAOABAGAAAAAA
4126207,CaCbCLB3BeA9A4A2AyAtAnAZAUARAKAHACABAACaCXCSBzBJBAAxAqAqAmAWAXALAKAHADABABAA
4126306,CYCXCRB3BgBFA7AwAzAnAiAZAbASAMAFADABAACSCPB/B0BSA9A3AtArAiAiAVAKALAKAFADABAB
4126405,CDB6CFB+BhBOBDA7AzAlAmAdAWAVAKAEABAAAAB0B4B9B8BfBRA7A7ArArAeAaATANAIAIAFAAAB
4126504,B4B+CJB/BfBLA+A6AzApAnAZAZAPAOAIACABAAB7B0CCBzBgBNBCA1AzAkAhAXATARAOAEABAAAA
4126603,B4B8CDB7BYBMA4A2AxAqAhAhAdAVARAFAFAAAAB5B+CJBxBcBFA9A1AxAqAkAdAYASAJAHAEABAB
4126702,BxCGCQB9BYA7A8A2AuAwAzAaAVANASATADAAAAB1BqCUB/BfA/A6AxAxAmA0AOASAMAPAMADACAA
4126801,CICZCcCCBVBDA4AwA1AsAfAbASASAJADABAAABCPCRCXBxBQBBA1AxApAlAZAUALAOAHAFACAAAA
4126900,B6CSCfCDBRA/A4AxAzAyArAYATATAJAGAEABABB5CLCWB/BTA+A1A5AqAiAeATARANAMADABABAB
4127007,CRCGCJB2BaBLA3AyAsAsAlAeAZAYALAIACAAAACTCRCHBsBMA6A4AtApAgApAcAUASAHAHACAAAA
4127106,CQCBB8BvBgBRBFA4A0AnAfAbAPAPAHAGADABAACOCBB3B2BkBUBCA5AvAlAbAZATAKAGAEABABAA
4127205,B+CDCUCBBYA/A7A2A3AuAmAhAUAVAMAHACABAAB6B9CLB+BVBGA8AxAuAoAgAZATAMAJAFADABAB
4127304,CCCHCPB+BYBFA9A0A1AvAlAZAWAQAMAFACAAAAB+CFCHCABYBEA8A1AvAjAdAaATANAHAGAEAAAA
4127403,B7CQCWB/BVBEA4A0A2AsAjAYAVARAHAFABABAAB6CICWB9BZBIA+A0AtAkAZAYAQAOAIAEABAAAB
4127502,CTCIB8B3BeBLA9AzAuAoAlAiAaAbAPAJACAAAACWCGB6BkBXBEA1AtAoAnAkAZATATAMAGABABAA
4127601,CRCPCRB0BXBDAwA7AzAmAlAcAZAeALAJAFABABCHCICTBqBPArAzA0AuAoAiAUAUAYAJAIACADAB
4127700,COCKCKB8BgBUBCA2AyAmAeAWAQANAGADABABAACICBCFB/BkBRA/AzApAiAbASANALAGAEACAAAA
4127809,CICNCOCCBgBFA7A0AsApApAeAVAPAPAIADACAACCCKCMB2BVA/A0AwApAkAjAWAQANAHAJACABAA
4127908,CNCUCdCJBWBAA3AuA2ArApAXASAPAHAHAEABABCOCXCKBwBRA+AyAyAvAiAZARANAIAJAGAGABAB
4128005,CGCMCQB9BWBBA9A1A0ApAhAaAQATAKAGACABABCECOCNCABbBHA7AvAsAkAbAUARAMAJAFACABAB
4128104,CCCGCKB6BaBHA+A4A1ArAlAaARAPAKAFADABABB9B/CIB9BiBQBAA2AuAlAdAUAPAMAHAFACABAB
4128203,CFB5B8B3BgBLBAAyAyApAkAcASAQAJAIADABABB/B7B6B8BdBRBDA2A0AsAiAfAYANAKAHADABAA
4128302,CJCYCXB9BYBKBBAxAvAwAlAZAdANALACAGAAAACNCTB4B0BOBHA8AvAnAnAUAXAJAFAMAQAAAAAA
4128401,B0B9CJCCBRBGA/A2AyAuApAdAZAZASAJABACAAB5B8B3B1BUBAA+A2AzArAmAbAWAYAQAFAEACAB
4128500,CJCHCGB3BVBHBAAwAxAnAjAlAbAUAJAGAEAAAACHB/B2B5BcBMA6AvAwAqAkAZAVARAHAEAEABAB
4128609,CTCUCUCLBnBMA6AwApAgAcAaARALAGAEAAAAAACKCFCHCJBfBDA1AzAjAkAbATAUAIAHADABAAAC
4128708,B4CDCTCABfBUA9AvAsAoAdAZAMAPAIAGAFACABB4CKCKCNBlBHA9A4AqAkAfAVAIAPAGAHAFAAAA
4128807,CACPCcCCBNA8A0A2AwAtAkAiAcAOAPAFACABABB5CJCYB5BTA/A/AyAqAlAgASAPASAKADAEAAAA
4200101,CRCNCRCCBlBRA8AxAvAmAcAUARAJAJAGABABAACQCSCJB8BeBJA3AwAmAhAcAOAOALAIAEAAABAA
4200200,CAB+CCB1BbBKA/A5A4AmAiAdAZASANAPABAAAAB4CUB+BmBMBCA9BAAwAlAlAbAaARAMAHAEABAD
4200309,B3CWCdCHBfA+A+A4AmAmAqAXARAQALAPAAACAAB4B/CCB6BUBHA9AvAsAlAoAcAPASAGAKABADAA
4200408,CVCCCPB6BUBFBBA2AzAmAlAZAVAPAHAFABAAAACMCKB+B7BbBEA5A5ArAjAXAeAQATAFAEABACAA
4200507,CKCPCNB9BtBPA8AoAqAjAfAYAXALAHAEACACAACFCJCKCIBqBCA3AkAnAjAhASAXAOALACAAACAA
4200606,BwBvCRCFB1BdA7AxAtAkAgAhAdARAMADAGAAAABpB2CQCKBcBBA7AtAqAeAuAWAbAKAQAJACABAA
4200705,B/CTCKCABqBNBGAwAtAlAdAYARAQAHADACAAAAB8CSCYCBBXBGA+ApAuAgAfATAQAKAGAEACACAA
4200804,CjCWCMCHBkBRBAA2AuAkAWAXAGAKAGAIACABAACVCOCLB6BXBJA5AwAnAfAXATAJAGAGACAAAAAA
4200903,CBB7CbCLBiA+AxAyAwArAdAhAXAPANAIAFAAAAB5B0CPCGBZA3A0AwAsAnAlAkAUARANAIAEABAC
4201000,CVCQCcCGBaA4A2AvApAmAlAYATATAIAEAEABAACCCOCcBzBaA6A1AtApApAdAXASAOAJAHADAAAA
4201109,B3CJCKCSB2BKA2AvA3AlAjAlAVAPAFAEAAAAAAB4B2CFCHBeBDA1AtAlApAjAdAYAKAIAFADACAA
4201208,BvCFCKCOBsBMA3AzAuArAfAeAYASAPADAGABAABxB2CGCDBgBBA9AqAvAhAoAVAXARAJAKAGADAA
4201307,CRCICMB3BTBIA4AvAmApAmAgAdAXAKAKAGACABCMCEB7BtBUBFA1AfAwAoAeAjAdAQATAGAFACAA
4201406,B+B1B+CABlBRBBA2AsAlAiAYAVAQAMAFADACABB8BxB7CDBnBWBCA2AqAmAmAbAXAOAKAGAEABAB
4201505,B0B3CTCMBdBGA8AwApAtAZAqAUAWAMAMACADABBvBvCACTBUA8A4AzAyAmAgAiAXASAMAPAGADAC
4201604,BwB1CHB1BrBYBUA5AwAmAUAaAOAGAXACAEAAADBuBzCLCZBdBNBLAxAyAXAhAdAQAOASACACAAAA
4201703,B4BtCRB3BfBXBCAuApAlAfAhAbAXAKAHAEAEAAB7ByBwCDBwBVA+AmAtAfAwAUAeATAOAGADACAA
4201802,B/CACICOBgBRA6AyAzAoAdAaAfASALAGAAACAABwCJB+CKBYBIAyA3AtAkAWAdARAWALAGAAAAAA
4201901,CJCGCQCWBiBJA6AxAyAsAhAfAJATAJAEAFADABBxB2CNB9BSBGA5AwAvAnAfAaATALALAFACADAC
4202008,B3BsB0BxBbBQBIA3AyApAnAhAZASALAGADABAAB3B1BxB3BmBfBHA1AxAsAkAiAbAUAMAHACABAB
4202107,CNCLCVCBBaBFA4AuAsApAgAnAbAVAPALABABABB7B9CABzBOA5A2AvAuAnAlAgAWAYAJAHADACAA
4202206,BxBrB+B4BeBUBEA3A5AvAqAcAZAYAQAMAEADACBxB2B8BpBgBGA7AyAzAtAkAkATAXALAIAFAFAA
4202305,CTCBCFB5BkBbBBAtAvAjAhAaASAPAMAFAEABAACBCBB2BuBkBUA9AyAoAgAiAZAVARAJAHACADAC
4202404,B4BoBoB1BxBhBLA2AwAlAgAZAUAPAJAGACABAAB0BjBpB9B5BoBNA5AwAoAjAcAXAQAMAIAFABAB
4202503,CKCECVCLBnBLA3A3AwAfAeATAOANAEAFADAAABCFCYCWCNBXBBA2A3AtAfASASAMANAIAGAAAAAA
4202602,CQCMCbB9BlBLA3AyApAjAgAWATAOAJAHAEABAACECLCKByBfBHA/AqAmAhAhAXAQAOAMAFACACAB
4202701,B1BtCZCYCKBMA9A0AvAiAdAdAZARAJAEADAAAABnBgCDCFBnBNA7A2ApAfAqARARAXANABAEABAA
4202800,BzB2CMCWBrBRA6A0AqAlAeAVAXARAKADACABABBoBwCICSBqBPA/AxAtAjAgAYAZANAOADACACAB
4202909,BmBiBzCDB1BeBFAyAxApAlAgAVARANAGADABABBgBdBvCGByBZBGAzAyArAqAfAaAWARAIADABAB
4203006,B2B9CECFBlBKBBA1AxAnAjAZATARAIAGACABAAB8B6B/CBBoBKBAA5AyAoAeAZATAPAJAFADABAB
4203105,CBB+CPCICBBZA9A3AnAkAkAXARALACACACAAACB7B4B7CLBzBKA3AvAkAnAdAZAPAKAJADABAAAA
4203204,CICACFB4BmBYA9AtArAiAfAjAYASAPAFADADABCBCHB7ByBhBQA6AqAmAjAaAiAWAUAMAJACABAA
4203303,CECHB9BxBgBOBGA1AtAoAhAiAgAVAJAJABAAABCNCHB4BuBbBDA6AuAwAjAhAdAaARALACACABAA
4203402,CaCSCMB8BZA9AwAwAnAlAcAbAfASANAFACAAAACOCRCXB4BZA+A0AqAnAiAeARAWAVAMAGADACAB
4203501,CmCeCXB9BfBIA9A0ArAhAZAXAPAJAIACABAAABCgCUCLB3BZBHA2AvAnAbAXAQAKAMADACABAAAA
4203600,CKCLCHB+BkBLA+AxAtAjAdAZASARAHAHADABAACFCECMB/BgBMA4AyAqAkAdAWAPARAIAEACABAB
4203709,CBCICRB/BbBSBEAyApAiAiAeAYAOAOAHAEABABB7CEB6B5BUBHA5ArAoAmAgAbAbAMATANAEADAA
4203808,CWCLCEB5BdBNA8AxAtAlAiAZASANAJAFACABABCRCGCDB5BaBIA4AvAtAlAhAcARANALAFADABAA
4203907,B+B3CGCDBfBWA/A4AvAlAkAUASARAHAGACABABB9B8CBB6BoBTBAA4AtAlAgAaAUAPAIAGABACAC
4204004,CRCTCLCCBiBNBFA4ArAgAWAYAQALAHACADABAACJCFCNCCBbBPA8AyArAcAVAVAOAOAJACABAAAA
4204103,CFCDChB7BdBVBEA0AtAjAeAWAPAOAHAJAEABAAB+CCCMCABkBKA+AvAlAfAcAXAOAMAIAIACABAB
4204202,CSCFB+B3BpBZBFA1ArAhAaAUANAOAGADABABAACNCCB9CDBxBXBCA0AnAfAbAUAPAMAGADACAAAA
4204301,CDB2B3CCBrBaBKA5AuAkAeAaAVAMAIAFABABAAB7ByB6B6BsBXBDA3AsAlAgAXAUAQAKAEADABAB
4204400,CKCHCQCJBoBPA+A1AwAhAfATATAKAEAFACAAAACECACNCEBiBMA6AxAsAhAdAQARAOAGAEABAAAA
4204509,BtBvBxBvBnBCA7A7AxAxAnAtAkAgATAOACADAABrBoBtB1BTBDA2AwA0AtA3AnAcAbASASAFACAB
4204608,CCBtB/CCB1BdBHAzAtAjAeAVAOAKAFAEABABAAB+BsB9CKB4BcBIA1ArAjAdAXAQALAIAEACABAB
4204707,B6B+CNCCBhBRBFA5A1ApAcAbAWAOAFAEACABAABtCACFCDBdBNBCA4AuAkAeAXATAJALAFAFAAAA
4204806,CPCHCFB4BcBIA9A1AvAmAiAXATANAJADABABAACFCICCCABgBOA/A6AuAjAeAWASAOAJAFACABAA
4204905,CACKCSCIBvBWBAA3AsAmAdAcAOAJAEADACAAAACEB7CMCFBjBLA2AyApAgAdAYAOAKAFABACABAA
4205001,CmCNCKB+BgBNA8AxApAfAbAWARAKADAEABAAAACfCVCHCABgBJA4AuAoAeAcAVAKAJAGAEAAABAA
4205100,B+CIChCPBWBGA5A1AvArAdAuANAWARAHAAAAAACCCKB7BoBLA5A+AtAzAsAmAQAVATAJAGACAFAA
4205209,B5B4CACMBxBUA8A3AxArAgAXAWAQAVAHAEAAAACBBtCAB0BZBKA5A4AyAjASAkAUAbAGAHAEABAA
4205308,CRCHCFB+B7BUA9AyAoAUAjAWAQAOAIAFAAAAAACNCQCAB7BnBZA+AwAeAlAYATAOALAIAEAAAAAA
4205407,B3BoBmB7B1BbBIA1AuAmAiAZATAOAKAFACABAABxBmBmCAB3BkBNA4AxAoAmAdAXAUANAJAEACAB
4205506,CPCKCMCEBrBRA/A3ArAgAdASANAJAJAGABAAAACMCICJB/BpBMA9A0AnAcAeAMARAKAEACABABAC
4205605,CWCWCZB9BdBTA5AyArAnAYAfAMAHAIAFADAAADCUCNCNB6BfBDA4AxAjAeAiASALAKACADABAAAC
4205704,CICeCNB6BoBHA1AvAtAmAeAiAdAPAIAIAFADAAB+CKCABzBSA9A2ArArAmAlAWAXAQAKAFAIABAD
4205803,CQCJCBB1BhBPA7A4ArAtAlAfAZAZAPAEACABAACZCRB9BlBRBHAzAuAmAiAnAUAcAKAJAEABACAB
4205902,B8ByB3CGB2BdBGAyAsAkAhAZAUARAIAFAEABAAB0BoB1CCB0BaBBAzAqAkAiAaAVAQALAGADACAA
4206009,B9CGCRCOBqBUA8AyAuAgAjATATAQAQAJABABAAByCPCHBzBaBHA3AuAoAhAhAZATAMAMAIAHADAA
4206108,CZCACUCDBrBIA6A5AjAlAUAWAfAMALAFAAAAABCUB2CMCKBXBFA6AxAnAXAjARAUALAMADACACAA
4206207,BrBrCJCLBnBFA6A0AlAmAsAXAUAbAMAPABADABBpByCGCJBlBDA6AzAwAkAiAkAiAYAJALAFABAB
4206306,BiBwCCCOCDBbA9AyAuAtAsAcANASAHAMAIAAAABnBpBwCABqBSA7AuAvAsAoAYANARANAMAIABAB
4206405,CICACTCPBqBTA+A1AqAoAjAXAZAFAEACACAAAAB1CDCJB/BpBIA8AvArAfAkAWAMAQACAFACAAAA
4206504,B8BwCLCCBrBPBFAzAxAnAeAlAdAUALAGAEAAAAB3BzB1B/BhBGA5AyAnAnAhAfAZATANAGADABAA
4206603,B5CGCGCNBtBLBHAkA1AuAiAeAOAQAHABABAAAACBCECNCLBVBDA8ArApAmArASATAPAEABAAAAAA
4206702,CAB2B9B5BiBPBDA5AuApAiAYAUAOAKAEADABAACABwB+CEBkBUA8A2AzAsAmAYATARALAGABABAA
4206801,BsCACCB+BzBWBFAxA0AwAfAVARAoAIAHAAAAAAB8B0CHB1BXA/A5ArA0AtAhAfARAWANAFAEAAAA
4206900,CDCECDB/BbBNBFA5AvAoAgAgAZAQAOAGAFABAAB9CBCDBvBSBJA8AzAsAmAhAeAXANAKAKAEAAAA
4207007,CJB1CICLBrBZA/AvApAkAfAZAUAJAHAGACABAACCB6CDCKBtBQA4AuApAkAgATATANAKAEABAAAA
4207106,CJCCCKCABpBTA5AyAwAjAjAZAUAXAKADABAEAAB4B+CFCIBjBBA3AuAiAqAaAgAaASADAFABABAA
4207205,B8CGCQCHBcA9A0ArAoAnAnAgAbAeAQAIACACAAB1CCCPCABNA0A0ArApApAmAiAcAWAPANAHABAB
4207304,CAB6B5CBBqBTA/A2AsAhAfAbAZAQALAGABABABB2B5B/B6BmBPBAA0ArAjAmAcAWAYALAHAEABAB
4207403,CeCNCPCEBmBUA6AxAiAjAiAYARATACABACACAACKCDCiB3BZBDA2AtAmAjAcAPANASAHACACAAAA
4207502,B6B7B6B1BgBRBBA1AuAoAlAfAaAPAOAJAEACABB1BuB5B7BlBVBAAzAuApAhAhAWAYALAIAEACAB
4207601,B3B9B+BwBdBYA4A6A2A0AoAZAaALATAMAAACAAByB1CBByBcA+BBAxAyAvAiAoASAQANARAEADAA
4207700,B9CKCMB8BqBHBLAxAwArAcAaAUATAGAEAAAAAAB+CFCHB3BUBRBAA3AuAjAiAVASAPAGABADAAAA
4207809,CXCHCSB8BbBMBDA0AwAjAeAeAWANAIABABAAAACICGCKB6BUBQA+AsApAkAiAXAOAOAGACABAAAA
4207908,CZCPCTB4BbA8A5AzAuAnAmAbAUANAQANACACABCKCVCJBtBQA2AzAwAmAoAiAbASAUAKAFACABAA
4208005,CTCHCECEBnBZA+A0AqAkAfAYARAPAKADADAAACCHCAB8B7BkBQA4AsApAhAhAUAUAXABAIAAACAA
4208104,CWCPCGB2BXBDA6A2AvAnAhAfASAUAOAHAEABABCXCLCJBxBMA6A1AuAuAjAgAeAWAQAJAKACABAA
4208203,B/BuB1B9BqBTBCAzAvAoAjAcATAOAKAGADABAAB5BsB4B8BuBYBEA2AyApAlAdAXARAMAIAEACAB
4208302,CRB/ByBtBoBjA/AxAoAcAlAgAZAWAOAHABABAACQB9ByBrBnBYA2AkAoAlAjAkARAWAMAJADAAAA
4208401,CRCMCOB9BtBVBDAwAqAfAbAVARAMAIAFACAAAACPCNCIB6BfBNA4AvApAcAYATAQAMAKAEABABAA
4208500,CECFCQCRBhBNA9AtAqAnAZAgASAJAFAIADABABCHB+CMCFBgBEA4AvAqAnAhAYAOAMAKAEAEABAA
4208609,BvCDCZCJBlBLA6A0A0AqAlAYALAKATAFAEAAACCAB7CLB4BhBBA3AxA2AoAdAXATAYAFAEAAAAAA
4208708,CDB9CTCNBmBNA6AuAxAqAkAYAVASAGADAEAAAAB7B+CECEBhBIA0AyAqAoAZAhAQAOAIAEADADAA
4208807,B5BzCOCDBgBNA/AuAoAkAmAnAaASALAJAFAAAABzBwCAB9BjBNA6AsArApAlAkAaASAOAGAEACAA
4208906,B7BpBpB1B1BhBLA4AvAlAkAeAXARAJAJAEABAAB8BoBrB4ByBXBBA1AuAoAfAeAVATANAKAEABAB
4209003,B3BsBtB5BjBTBGA9A0ApAjAZARAQAIAFAEAAAABuBoBzCGB2BdBOA4A2ApAgAcAVAUAGAKADACAA
4209102,CKB1BxB1B3BjBMA3AwAkAeAWARAMAIAFACABAACCByBxB0BtBhBIAzAtAjAeAYASAPAKAFACABAA
4209201,BzBrCLCGB1BIBXA5ArAlAiAWAXAMAHAJAAAAAAB1BkCNB+BGBTBWAxA4AVAmAjAfAFAMANAAAAAA
4209300,CJCDCDB6BeBKBBA2AvAkAfAYARAOAJAGACABAACFB/CBB+BkBTBDA3AuAkAgAYATANAJAFADABAA
4209409,B0B2CIB6BWBHA/AxAsAnAlAgAaAWAKAKAEABABBzB4B/B/BaBIA+A1AuApAoAjAfATAPANAFADAB
4209508,B1BuCJCJBwBnBNAtAqAiAeAjAXASAGAHAEAAAABiBtB6CLBzBSA7AsArAeAlAZASAJAOAIAJAAAA
4209607,B9CACNCPBsBIA5AxAxAiAgATASAOAJAIACAAAAB4B2CECRBdBMBCAzAvAkAbAYAUAQALAIABABAA
4209706,CWCdCNB1BbBDA8AxAsAoAqAUARATANAKAGAAAACLCMB3B0BVBFA5AtAuAmAkAUAYAKAHAFABAAAB
4209805,CKCmCbCSBnBLAwApAxApAjANAUAGAFABAFAAACCUCBCaB/BZA6AyAnAzAeAbATAJAFAIAFADABAA
4209904,B9B/B3B5BYBKA8A0AuAwAlAgAhAOAVAHAFAAAAB3B2B9B1BWBEA8AyAwAwAtAZAcAZAQAHACACAA
4210001,B1B8CPCYB2BRA9AyArAhA1AbAbAZAKADAFACABBsBlCCCCBVA8AqAuAmAoAkAiAYAPANANACAEAA
4210100,CNB/B4B0BfBNA8AxArApAjAhAWATANAFAEABAACIB/B5B1BeBKA7AwAtApAmAfAYAUAKAIADABAB
4210209,CDB/CZCABpBHA1AsAjAqAoAjAQAdAQAHACACAACMB5CBBwBZA3A3AmAmAqApAaAfASAUAFAGAAAA
4210308,CRCMB5CABnBOA5AvAzAnAaAuATAMAOAIAFACAACLB+B+B4BWBCAxAoAtAqAjAeAWANAKAHADAAAA
4210407,BsBwCACFCNBVA+ApAhAtAXAlANAUANANAEAAAAB5BoB9CZB7BIAzAnApAeAvAXAVAQAJAGAEAEAA
4210506,CDCECTCIBdBLBAA3A0AmAcAaARAMAGAFACAAAACBCDCJCDBfBJA8A2AwAhAdAXAPAMAFACACABAA
4210605,B6BkB6B5BlBRBDA3AwAoAtAgAdARAWALADAAABB8BwB3BzBbBHA3AyAtAqArAfAbAMAUANAHACAC
4210704,CSCYCSBzBYBEBGAuAxAoAmAYAXAWAHADABAAACCNCRCIB0BWA/A2AqAmAnAeAbAQARAHADAAAAAA
4210803,B7CDCfCNBlBQA7AuAyAoAhAaAWALAIAFABABABB2B8CNCDBfBGA0AvArAkAeAdARALAKAEACABAC
4210902,CHCLCRCKBnBTA+A0AxApAeAVARAIAGACABAAAACCCGCJCEBmBHA5AzAsAgAcARAOAJAIADAAAAAA
4211009,CRCQCSB/BlBUBAAyAtAkAdAZAQAMAIADACAAABCFCDCGB3BeBMA9AvApAjAfAVAOAIAIAFABABAA
4211108,CVCYCTCEBYA3AyAuAqAnAhAdARAQAKAOAEABACCOCICNBwBeA4AwA1AsAkAdAaAPASAJANABABAC
4211207,CNB1CICKB5BZBCAvAkAhAiAWARAOAFADADAAAACBB3CKCEBuBMA4AvAmAhAWAaAVALAIAEAHAAAA
4211306,B/B6CMB/BoBRBBAzArAmAmAWAbAOAOAEACAAAAB3B3CDCDBfBMA9AwAqAoAkAZAZAOAKAIACAAAA
4211405,CPB+CHCCBVBwBJAxAxAgAkAXAQAKAGACAAADAACACCCEB7BlBUA9AuAnAgAfAXAOAGAHADAGABAA
4211504,BrB3CKCTCDBNA5ArAuApAdAlAYANAHANACACACBoBtB7CSBiBFAzAqAqArAsAcAZANAOAJADABAB
4211603,BvBwCECZB+BRA/AxApAiAeAeAaANAJAHAFABABBtBvCJCVBrBIA4AuAqAlAZAdAXAMAKAHAEAAAA
4211702,B4CCCECHBkBTBBAvAsAqAhAbAVAQAHAGAEABAAB6BuCECBBkBOA9A1ApAmAhAdAVAQALAHAGABAB
4211801,B3BtB2CIBxBTBIA5AxAmAkAiAMATARAKABAAAABlBmB2B8BjBQBKA2AvApAhAgAUAYAPALABABAA
4211900,CXCGB+B2BpBbBEAwAmAhAfAWANANAKAFADAAAACICEB+B6BtBaA/ArAlAgAcAUAQAOALAGADABAA
4212007,CmCSCSB5BnBYBGAxAuAiAaAPAQALADACABAAAACdCaCEBzBbBGA/AsArAaAVAQAMAEAFACABAAAA
4212106,B8CDCBB7BrBZBDA3AwAmAiAZAUAPAIAFABAAAAB2B3CAB8BkBUA+AzAtAlAfAdAVAKALAFADACAA
4212205,CbCLCGCABkBOA6ArAtAkApAXAVAPALAFACAAAACPCDB/B2BiBDAvApAoAjAfAfAUARALAGAAACAA
4212304,CQCaCJCMBlBHA7AqApAkAbAZAYANAIANACAAABCECRCMB5BQBIAwAnAnAhAbAbAOATAGALAEADAB
4212403,BmB3CFCOBsBIA+A0AwAmAYAnAaAgAMADADADAABmBsB7CKBlBDBJAwAmAiAgArAjARAMADADACAC
4212502,CFCVCHB2BdBNA6AzArAgAfAgAeANANAFABABAACMCIB+B2BXBDA4AtArAlAfAeAVAZALAFABACAB
4212601,BnBpB4CSB+BSA+A3AnAxAiAgAKAVAIADAEABAAB1B6CECSBsBKAzAwAiA4AaAeASASANADADAAAA
4212700,COCGCUCVBaBGA3AyAuAoAlAXATAKAHAFAFACABB/B/CRCABWA+A3AuAyAsAdAUASAOAEAGACAAAA
4212809,CSCBCQBvBRBVA+ArAoAhAZAlAiAQAMANAEABAACMB/B/BmBiBDA8AwAoAkAgAeAdAYAKAJAEABAA
4212908,CDCMCUCQBoBMA7A1AxAqAeAWALAKADAEABAAAAB1B/CVCHBnBLA4AwAsAkAdAQAQALAKABABAAAA
4213005,ByBlCJCTBrBZBGAvBIApAnAOAaALAGAFAAAAAABuBkCBB/B+BKA2A/A4AYAgAdAPAJAGAKALAAAA
4213104,CIB+CCB+BhBIBBA1AzAjAoAfAeAWAGAPACAAACB8BrBwBqBZBMA+AzAzAoAZAkAXAdAKANADADAC
4213203,BrBlBtBmBiBSBJA9A6A3AtAoAeAcARAIAIACABBmBdBpBmBaBKBCA3A5AzAtAnAeAgARANAFAAAB
4213302,CLCSCGBzBTBHAyA2AsAeAkAeAeARAHAJAAABAACVCJCPB2BaBIA1AzAlApAbAgAcAIAHAHACAAAC
4213401,CUCVCRB5BjBNBFAvAtAiAbAYARAMAJAEABAAAACXCKCFB4BkBOA9AsAoAfAXAXATAHADACABABAA
4213500,CQCCB9B2BfBWA7AoAvAoAnAhAbAUANAJADAAABCFB+B6BzBdBKA5AnAnApAmAaARAQAQAJAGADAA
4213609,B/B4CCB6BfBKA8AxA1ArAlAdATARAMAGACABABB7B8B+B4BgBHA+A2AyAvAjAeAWASAKAIADABAB
4213708,CVCLCQCEBaBDA/AyAvAuAgAcAXARAKAFACAAAACHCFCDBxBWBBA7AxAuAmAhAUATALAIAFADACAA
4213807,CPCCCTB4BaBMA/AzAtAdAfAVARAWAIAEADABAACHCICLB/BeBHBAAsAlAiAlASAQARANAOABABAB
4213906,BwCWCCBzBqBdAxA/AwArAsAcANAPAFAFAFAAAABfCRCBB3BfBXA4AqA8AyAjAQAVAFAXAAAAAAAA
4214003,BzBuBzCIBnBJBKA2AwApArAfAYASAMAIAGABABBxByB3CABWBPBAA5AvAnAlAcAdAVANAHAEABAA
4214102,B/CVCNCiBfBJA3AsArAkAqAZANASAIAEAAAAAACPCDCVCFBSA2A8AoArApAVAkAJAOAAADAFADAA
4214201,COCVCcCEBkBOBCA2ArAjAcATALAKAFAEABABAACHCOCQCCBeBIA8AxAlAhAUAVALAMAGACAAABAA
4214300,BvB2B/CDB3BeBOA1AhA5AyAQArARADAKAAAEAABkBnB2CCBdBJA6AtAyApAuAbAiAFAJAAAEAAAA
4214409,B4ByCTCEBnBHAyAvA1AoAhAhAiAPAKARAFADAABsB3B/B4BeBIA9AyAuAvAnAaAZAVAEALAGAAAB
4214508,CWCaCdB+BVBLBJAxApAhAXAbAYAJAGAGABAAAACNCRCMB9BSBABBA1AkAdAbAZARAEADADABAAAA
4214607,BtCACOCbBpBGA6AxAyApAeAeAbAMALAHAAAAAABpB6CBCQBhBLA6AxAuAoAjAaAdAIAHAGABABAA
4214706,BkBoB0B/BhBNBGA5A0AuArAkAbAbAXAOAEACAABnByBwB+BWBGA7AxA0AsAqAiAbAaAPAIAEAGAB
4214805,BzB3BxB5BcBRBDA3AyAmAlAdAVAWAMAGACABAABzBwB0B7BiBaBKA6A0ArAkAeAZATANAIAEAAAA
4214904,BmB2CSC2BuBLBDA0ApAkAkAPAjATAGAFAAAAAABgBpB7CGBkBZA5A6AqAhAeAUAbAOABAJAHAAAA
4215000,CLB9B3B8BsBTBBAzAxAlAiAYANAQAJAFADABAACNB8CBB7BiBMA7AzAwAmAbAbAWAOAIAGADABAB
4215109,BgBmBjBzBuBWBLA9A2AuAlAgAXAZAPAMAEAAAABiBbByB5BxBVBFBBArArAqAjAfAXAPANAEACAA
4215208,CdCTCOCPBmBTA6AwAtAiAYAWAOAMAIABAAABAACaCUCJB1BdBOA3ArAmAgAdAOALAGADACABAAAA
4215307,CRCFCRCUBnBaBGA+AoAeAQAgAJANALAGACAAAACGCICFBoBZBIBDA0AlAjAYAWATAKAKACAAAAAA
4215406,B5CPCUCKBwBSBDA5AyAlAYAVASANAIAAAAAAAEB5BxCCCDBqBbA4A2AsAcAHAZAZAQAEAEAAACAA
4215505,CgCWCFBuBjBLA8A1AsAiAhAWATAHAJAEACABAACjCVCHB7BaBHAzAxAnAiAXATAMAHAKADADACAA
4215604,BxCGCWBrBUBMBFA0A6AlAqAPAUAMAaADAAAAAABrCGCeBzBUBeBFAzAvAfAcAWAUAaAIAAAKAAAA
4215703,B/CACZCOBmBSA5AsApAiAeAcAaAWAHAHADACAABqBzCMCRBjBCA4AsAlAdAhAcAWATAHAKAEACAC
4215802,CTB2BvB8B+BlBJAzAsAkAeAbARAQAHAEACABAACIBtBvB8BsBWA/AxAqAjAfAXATAOAHADACABAB
4215901,ByB5BqB9BpBXBBA3AsA1AyAbAcATAOAOADADAAByBvB7BpBTBCA2A9AzAwAnAfAZAXATAEAIAFAA
4216008,B7B7CGCMBvBUBAA0AuAiAiAYATAPAHAGABABAAB5B3CCCIBkBOA7AxAmAkAfAaAUAUALAEABACAA
4216107,CPCUCSCCBpBIBBA0AwAlAbASANALAJADABABABCHCOCSB4BfBMA2AzAqAhAYAQAQAKADAEABAAAA
4216206,CFB5B9BzBYBOA9AvAtAoAqAfAbAaAOAIADADAACHByBtBtBbBIA7AwAvApAqAkAbAVASAJAFADAD
4216305,B1CECNB+BkBHBBA3AzAnAgAZAYAWAPAFAJAAABB2B6CABwBSBGA8A1AxAlAnAVAVAZAOALAGACAB
4216404,B1CACTCEBhBJA+A6ArAhAdAiAhAaAHAGACABAAB6CBCKB2BVA/A+AzAoAeAeAkAbASAJAGAFAEAB
4216503,B8CECPB+BdBNA/A2AxAhAgAXAVATAMAHABABAAB5B/CJCABkBNA9A1ApAlAaAYATARAJAIACACAB
4216602,CJB8B2BzBnBhBPA2AuAiAbAVAOAMAHAEACABABCGB1BxB0BxBjBMA4ArAjAdAVAUAOAJAFADABAB
4216701,CRCOCOCABkBRBAA4AxAnAZAXAOAGAEAFABAAAACRCKCLB7BcBLA6A2ApAiAZASAOAIAGAFABAAAA
4216800,CCCQChCOBTBCAzArAwAoAgAaATARAMAHACABABCCCRCWCCBXA2AvArAtAlAgAaASAQAHADACACAA
4216909,CVCLCYCBBfBRBCA2AtAhAbATAKANAHAEABAAAACPCKCMB9BkBNA5AxAqAeAZARAOAJAFADACAAAA
4217006,B5B3ChCkBgBMAxA0AuAlAdAjAXAHAOACAEACAABiBuCTCUBSBFA5AyAyAiAdAaAWANATABACAAAE
4217105,BtBxCDCKBiBLBCA9AwA7AqAeAkARAWAIAAAAAABnBoBgBwBWBKBOAnA1AvAzAYAdAOAWAIAJAAAA
4217204,CMCFCCCEBqBXBFA5AyAkAgAUARAKAGADACABAACECAB+B3BnBTBBAzAtAiAcATAPAOAFADABAAAA
4217303,CECLCOCNBzBUA9AsAnAjAhAXAOAKAIADADAAAAB9B5COCPBsBIAyAsAqAkAdAUARAJAFAGAAAEAA
4217402,B2B4B6BwBRBdBEA7A0AsAqAmAcAaASAJAEAAAAB9BvB4BkBVBDA7AzA2AlAnAmAfAcAPAJAAAAAA
4217501,CKCDCHCDBjBWBCAzAxAkAaAbAUANAJADABABABCJCBCDB/BjBLA6AwApAmAiARAQAMAKAEACABAA
4217600,B6BsCACSB+BTA8AyAnAkAnAdARAMAJAHADABAABtBzB1CLB3BMA7AwAsArAiAZAVAOALAHAEACAA
4217709,CAB6CLCFBiBLBDA2ApAnAeAgAXAWAPAJAAACAAB4BuCHCEBZBEA6AyAtAjAhAdAaATASAEACAAAB
4217808,CICBCKCCBdBNBCA2AxAkAjAYAUAPAMAGABACAACACACDB9BXBNA+A0AuAgAfAaATAOAGAFAFACAA
4217907,B+CHCOCDBfBEBAAzAyAqAhAeAWAPAMAHADAAABB7B+CGB/BTBDA7A3AwAlAeAfAPARAJAHADABAB
4218004,B8B5B9B9BhBTBAAvAtAmAoAaAbAQAPAHAEACAAB+B5B+B5BaBLA4AvArAoAmAcAcAXATAHAFABAB
4218103,CMCACbCABRBFA6A8AvAiArARAVAPAMAHAAACABCDCECNB9BVBEA9AxAqAkAgAYAUARAHAGADABAC
4218202,BrBpBuB1BxBYBHA+A3ArAjAiAaAVAHALAEAAABBqBjBrB3BmBXBLA7AwAnAkAkAbATANAKAEABAA
4218301,CrCTCHBmBWBMBHA7AsAdAcAUARALAFAGACAAABCiCRB8ByBbBWA+AxAmAeATAaAQAMADAFACAEAC
4218400,B9B6CQB+BoBOA/A3AvAfAdAjAXATAHAGACAAABBwBzCMCNBhBGBBAvArAfAiAdAXASAIAIAAABAA
4218509,C9BICJBVBYBSBuA0A+AeAcAgAIATAXAAACAAAACbCRByBcBfAyBVAvAiAyAQAbAVAKAZAFAFAFAA
4218608,BzB3B6B+BSBNBCAxA0ApAkAjAcAcAVAIADABAAB0ByB7BvBWBNA/A5AxAqApAeAaATASALAGADAA
4218707,B3BiB0CHBtBUBIA2AtAnAkAaAQAQAKAFADABAABvBhB2COBvBbBJA4AvAoAhAeAZAQAMAGAEACAB
4218806,B8CCCICXBtBUA/A0ArAiAiAVAVASAIAEABABAAB8BzCACIBnBLA4ArAoAkAiAUAWAMAIAHAEABAB
4218905,B3B7CNCSBsBPA5A0AqAlAfAbAVANAMAIAFAAABCAB6CCCEBkBOA1AxApAkAhAUATAOAIAIADABAA
4219002,B9BvBvB/B8BdBIAxAvAkAgAaAVANAJAGADAAAAB4BlB4B+B2BYBDAzAtAlAiAaAVANAQAGACACAB
4219101,CRCLCTCABzBUBDA1AnAnAaAWAXASAAAAAAAAAAB7CHCGB3BqBBA8AxAmAkAbAPAWAYAAACAAAAAA
4219200,COCRCXCPBjBIA+AuApAhAhAXAUAHAGAFADAAAACUCOCSB8BTBGA3AtAoAhAXAWAQAHAJABADAAAA
4219309,B4BuB6CBBsBaBFA4AwAqAeAXATAPAHAGACABAABxBvB7CJBuBTBEA3AvAoAfAZARAUALAHABAAAA
4219408,CECQCQCIBTBQBCAwArAwAfAkARARAMAOAFAAACB9CHCBBzBOBJAzAvAoAnAkAZAXASAEAEACAAAA
4219507,CGCDCAB8BpBTBAAwAqAiAgAWARAOAHADACAAAACECAB/CMByBSA/AyAsAjAcAWAQARAFAEACABAB
4219606,CZB3CECEBvBmBFA2AjAfAXAcAWAMADAGABAAAAB4CHB/B6BwBQA5AwAqAcAdAbAUAIAEADAGAAAA
4219705,CICACFCDBoBTA+A3AtAkAZAbAVALAHAFACAAABB8B8CHCGBrBQA7AzArAhAYAcAPANAKAEACAAAA
4300109,BuBzB0BwBeBNBKA8A3AxAwAiAaAWARAJADAAAABoBvBwBnBOBLBHA3A1AvApAgAdAaAPAMAGAGAA
4300208,BwCBCACFBZBSBAA6A3AnAqAfAZAUANAGADABAABtBwB3B0BfBKA5A6A0AoAjAiAZAUAIAMACADAB
4300307,CEB9CNCLBeBIBAA0AvAlAfAeASASAIAGACABAAB+CECNB7BWBEA8A4AvAiAeAZATANANAGADACAB
4300406,B2BrBwB1BbBPBHA8A4AwAmAgAZAVALAGAEACABB1BqBvB0BgBSBFA7AyAsAnAeAbATASAKAFACAC
4300505,CbCUCJB6BnBPA5AuArAjAdATARALAGAEADAAAACUCNCPB3BiBJA3AuAmAgAdAVARALAGADADAAAB
4300604,CPB+B2BqBiBdBPBAAzAnAeAVAMAKAGADACAAAACOB3BwBoBkBdBOA+AyAmAhAWAQAMAIAFACABAA
4300703,BpBgB8B/BtBbBEA5A4AqAlAgAYAaAQAKAAABABBXBfB6B7BVBVA+A1A3AqAsAmAfAeANAIADADAA
4300802,BWBICDCQBuBRBKA8A5AzArAfAWAVAJAFADACAABVBVB0CNBrBIBGA8A4A0AiArAbAUALAKAFAEAB
4300901,BuBuB9B9BwBaBIA+AtApAqAXAXARAPAEADAAABBiBmB8CCBjBPBEA7AtAoAoAcAXASAOAHAGACAA
4301008,BdBgBzB7B3BQBGA4AyAuAtAiAfAcAJAJAHABAABWBXBrB1BrBSA/A5AyA0ArAnAfAaAPAOAGAGAA
4301107,B3BmBqB2BbBUBCA3AvAwAvAhApAWAWAFACABAABpBfBpBvBjBRBAAxAxAzA0AjAdAUAYAKAIACAA
4301206,CFCACBB+BlBUBCAyAvAnAmAbAXATAJAHABAAAACCByB7B4BdBPA7AzAqAtAcAfAUAUALAEACABAA
4301305,BpBlByBoBRBQBOA/BBA6A8AhAfAZARAJAEACABBjBkBqBmBTBSBJA7A2AuAtAgAZAWATAJAIAFAC
4301404,CBB2CDCCBrBWA9AxAwAoApAWAbAMAMAFABACAAB8ByB5B8BjBOBBA0AsAnAhAZAUAVAMAFADACAA
4301503,BnBtBrBsBbBVBHA/A6AsAmAkAkAXANAOAGABAABoBqBwB0BOBQBDA9ApAwAyAlAoATAQAIAFACAE
4301602,BmBjBpBwBbBKBCA6A7AyArAiAbAWAOAMAFACABBkBfBnBzBgBQBIA+A8A0AtAlAeAcATAPAIAEAC
4301701,BhBiCACLBhBTA/AzA2AvAqAqAfARAKAKABAEAABaBiB1CCBhBMA8A2AwAyAqApAYAaAOAIAJACAA
4301800,CHCMCfBvBUBHA6AyArAgAhAeAZAUAIAHACAAABCGCSCFB1BcBHA3A0AqArAZAbAYALAKAHADABAA
4301909,BqBtB6BpBRBSBIA5A8AzAxArAZAVARAKAGABAABmBuBzBqBYBLBAA3A0AuAzAeAcAYAYAJAFABAA
4302006,COCJCLCCBWBMAzA1AsAnAhAbAVAUAMADACABAACDCICQB6BfA/A2AyAnAlAkAUATAUAIAFADABAA
4302105,BgBTBcB9CABnBTA+A1AtAmAgAaASALAEADABAABfBNBeB3B6BmBNA+AzAvAoAhAdAUAOAIAFACAA
4302204,BzB2CJCCBrBbBGA3AzAlAVAcAWAWAVAEACAAAABsBrB2B1BnBUBEA5AqAmAeAXAWAYASAGAEAAAA
4302303,B2CBCJCDBUBEA/A3A0AsAoAYAbAcAOAFADABACB0B0CEB6BVBIA8A4AuAmAgAeAaAUAMAEAEADAD
4302402,BlBxBxB5BUBHBDA+A5AuAuAdAeATAPAQAGAAAABmBjB3B3BYBNBEA5A0AvAfAuAhAWARAMALADAC
4302501,BvCMB1B0BVBbBLA+A0ArAiAlAWAcAGAHAEAAABB2B8B7BpBUBNBBA3AqAoAhAfAWAUAMALAEACAA
4302600,CTCXCKCCBQBJBFA1ArAcAfAcAWATAHAEAAACACCSCIB/BvBTBPA/AsAqAaAiAfAUAMAEALABACAB
4302709,BvBtB3B9BtBOBBA7A1AzArAiAYAUAMAIADAAAABwBjByB1BgBNA/A3AzAxAnAhAXATAOAJAFACAB
4302808,BjBpB5B5BcBKBCA6A5AwAyAgAdAaAQAIADACABBcBmB2B4BZBQBDA8A1AtAsAkAbAXAQAMADACAC
4302907,BvBwB9B8BXBCA6A4A5A0AxAhAdAZALAIADABAABtBsB5B6BXBJA9A7A4A0AoAdAaAYANAFAGADAB
4303004,BrBgBwByBcBMBBA6A0AwAtAlAdAWAQAKAEACABBkBcBtBxBgBRBEA/A4AzAzAjAgAZARAOAFAEAC
4303103,B/BtBsBxBpBfBTBFA7ArAhAVAPAJAGAEABABAAB8BrBpBxBrBfBTBDA2ArAgAVARAOAJAFACABAB
4303202,BqB6CXCOBpBJA+A0A1AoAfAUAXALAJAEABACABBxB6CICLBlBHA+A3AxAiAdAXAYAXAIAFAAAAAB
4303301,B3CHCJB/BhBSBDA4AxAfAgAaATATAQAHAEAAAAB2B/CEB6BaBKA/A4ArAjAYAbAUAYAKAHAEAAAA
4303400,CECFCTCJBhBLBCAxArAhAiAUAaARAGACADAAAACBB8CFB9BlBNA3AyApAmAiAYASAOAJAGABAAAA
4303509,B0B1B4B6BaBLBCA6A0AvArAgAYAWAOAKADABAABuBvB0B3BcBJA/A9A0ArAoAdAZAUANALAGACAB
4303608,B6B+CIB5BcBNBKA1A4ArAcAkAeANAJAIAAAAAAB8CACOBxBUBPBHAwAvAkAiATAUAMAKAHADAAAA
4303707,CHBvB8B5BmBeBKA4AxApAbAlAaARAKAGADABAAB0ByB3ByBWBZA6A2AsAmAoAaAdARAKAKACAAAB
4303806,BkBnCICHBnBNA/A/A0AvAZAgAXARAGALAEABABBhBmCIB7BlBMBKA9A0AtAeAfAbAVARAIABAAAA
4303905,B9BjBqB+CBBsBPA0AxApAfAaAQAMAHACABAAAABzBcBoCEB6BmBFA1A0AqAgAXASANAJAFAEABAB
4304002,CDCMCAB4BqBIA1AwAqAjAfAfAQAWANAEACABAACRCBCACDBiBGA5AyAvAqAbAXAVASAKAFABAAAB
4304200,BpBsBzBoBYBNBIA7A2AxAvAqAdAWAQAMAFACABBiBpBsBkBUBLBDA8A4A2A4AiAeAcAPAOAFAEAB
4304309,B5B5B+CGBzBZA+AwA0ArAqATAVAMAOAGAFAAABByB0B1CDBdBQA/AuAtAvAlAYASARALAHAHAAAB
4304408,B8BvB1B/BsBRA8A1AuAuAoAcAWAUAMAHAEABAAB6BqByB2BiBTBBA3AsArApAdAXAXAQAJAFACAB
4304507,BkB3B4B7BdBOBCA7A5AyAvAhAeAaAPAKADABAABhBsB1BuBUBGBBA6A0AuApAiAcAXAQANAFACAB
4304606,B9BjBjBrBuBhBSA+A1AsAlAbAUAOAIADACABAAB5BiBhBtBuBjBQA/A2AvApAeAXARAKAGADABAB
4304705,B1BnByBwBkBQBBA3A0AsAiAfAZASALAHAEABABBtBqByB6BsBYBHA6A1AtApAfAbAWAOAKAEACAB
4304804,BgBaByCDB/BaBLA6AxAvAoAdAUAbAIAHADAAAABYBXBpCLB2BVBAA4AxAsAiApAdAXANAGAFACAA
4304903,BZBnCCCABrBdBKA3AzArAeAmAfAQAMAFABACABBXBpB4B5BkBZBDA4AxArAnAoAgAUAMAHAFAAAA
4305009,B+ByCLB4BsBNA9A7AwAsAiAaAWARARAEACABABByB4CEByBgBJA9A0AvAoAgAbAUAVAQAIACACAD
4305108,BwBdBfB2B9BmBPA7AyAqAkAbAUAPAJAFABABAABrBbBfB4B8BoBQA9A1AsAnAfAXASALAHADABAB
4305207,BwBtB7CFBqBVA/A1AvAoAkAdAZAPAIAGABACABBlBlCBCJBnBUBAA1AyAqAmAfAbAWALAHACADAB
4305306,BpBlCGCABqBTBFA6A9ArAmAeAbANAUAKADABABBeBfB5B4BfBOA/A9A0AtAiAfAWAaASAJAEADAA
4305405,CMB6B9B2BuBUBDA/AtAhAhAdAaAWAHAGAAADAACGB3B0B4BeBJA+A1ArAmAXAiASAUAJAFAFAAAA
4305504,CGB4CEB2BhBUBHA2AuAjAnAXAVAXAQAEADABAABzB8B9B5BgBLBCA1AuAjAfAeASAcABAKADACAA
4305603,BdBlBoB5BpBXBGBCA1AoApAbAZAUAVAFALACAABaBeBwBxBmBiBDA/AxA0A0AcAfAaAQAJADAEAA
4305702,CEBwCBB/BVBPBHA3AxApAnAhAcAXAOAFAJAEADBqBuBxBwBeBSA/A1AvAlAiAiAkAKAKALAIADAA
4305801,B+B+CQB9BoBTBAA2AtAjAdAYASAQALAFADABAAB9CACJB7BkBLA6A4AqAkAZAbASARAKAGADABAB
4305900,CWCPCFB0BaBNBEA0AvAiAbAZAXASANAJABAAABCIB9CBBpBgBRA8AxAsAjAdAUAaANAPAFADAAAB
4306007,B+B5B/B1BeBRBDA4ArApAiAXAaAWALAHAEABABByB1B+B7BhBNBFA3AuAlAhAfAZAXAOAHAEACAB
4306106,B1BwBtB1BfBMBAA1AxAsAjAgAZATALAHADABABB2BoBxB5BpBWBHA7AzAtAoAjAbAYAQAJAEACAB
4306205,BYBiBzByBnBRBEBCAzAzArAhAgATANAKAHABAABgBoBsB2BhBQBHA7A2AqAiApAlAdAPAJAGAEAB
4306304,B1B1CSCOBxBaA+A4AwAlAkAYAUAVAMADADAAACBpBgCNCABlBJA7A1AnAmAcAhATATAJAJADAAAA
4306403,BfBkB+CEByBYBFA2A3AuAqAiAeAWAPAGABACAABgBgBuB3BlBMA/A1A0ArAoAjAeASAQARAEABAA
4306502,BvB8CFCGBfBNA5A0A3AtAoAeAfAgASAHAEAAABBxBwB2BzBRBCAwAyAwApAdAoAeAcARAJAJAAAA
4306601,BoBpBvB0BeBNBFA6A8A0AwAeAcAWAPAJAEACABBkBiBrB0BbBNBEA7A5AvAtAeAeAbARAPAHAFAB
4306700,BoBnBtCLBlBOA3AuA1AvAqAgAcAVAZAMACADAABhBpBtBwBeBKA3A1AyA2BDAYAiAcATASACAEAA
4306809,BfBmBwB9BlBPBGA/A3AvAoAiAcAVAPAGADABAABYBYBvB7BoBOBGA7A7AxAiAsAfAcATAIADACAB
4306908,BkBwB/B5BYBJA/A5A2AzAtAmAfAZARALAFACABBcBsB2B1BTBIA9A5A0AxAtAiAdAXAPAPADADAC
4307005,B1BlBrBzBlBTBDA2AyAsAlAeAWAQALAHAEABAABuBnBpCDBwBZBIA6A2AwArAfAaARAPAJAFABAB
4307104,BUBbBtBzBhBPBXBEBGA9A9AtAiAfAXAIAEAEABBbBaBeBRBKBHBBA8A4ArA1AqAdAaAaAIAIAHAE
4307203,CSCMCMB5BgBFA/AzAqAkAtANAYAOADAEAHAAAACOCHCMB+BVBAA7AyAoAnAhAYAZANAFADAEABAA
4307302,CVCLCMCDBdBLA7AzApAmAjAZASAQALAIABABAACNCCB7B2BhBHA6AzAoAgAhAVAUAPAJAFADACAB
4307401,BpCICKCCBHBGA7A6AzAzAfAsAZAVAOAMADAAAABxB9CBBzBVA9A9A3AxAvApAZAaAgAHAHAEAAAA
4307500,BzB6CCB9BjBOBDA3AyAqAmAaAaARAIAGADABAABxBwB8B/BlBQA/A2A0AnAjAbAZARAKAIAEAAAA
4307609,ByBnB0B+BvBkBSA/A4ApAnAZAXAOAJAEABABABBwBgBcBtByBeBPA7AwAqAkAZAVAOAMAOAEACAA
4307708,B+BkBhBmBtBlBXBBA2AqAlAaAVAOAKAEADAAAAB0BfBiBpBsBjBYA/A2ArAlAdAcASALAGADADAB
4307807,BkBbBhBnBnBYBKBAA6A0AwAkAiAZAOAIAEACAABbBRBgBqBmBUBIA/A6AyAtAqAiAeAUAOAGAEAB
4307906,BmBaBnCAB9BcBPA6A1AvAnAbAUARALAHADAAABBnBWBgB5B7BZBMA9AzAuAnAgAaATASAIADABAA
4308003,BhBbByCCB1BUA+A3AyAsAlAjAaAZAPAJABABAABUBcBnCHB2BWA5A5AxAuArAmAlAZAQAOACAAAC
4308102,BVBYBsB2BpBZBCA5A5A3ApAuAjAbAUANAFACABBPBVBoB3BdBGA+A6AzAxAuAvAgAgATARAJAGAB
4308201,BVBIByCTB/BgBLBCA6AzAtAfAYAQAHAGACAAABBRBDBkCMB1BdBJA7A3AwArAgAaAQAOAKACABAA
4308300,CVCTCMB5BiBFA6AxArAkAgAUAYAUAJAIAFABAACKCGCGB9BZBCA0AxAoAjAgAWAXAOAJAGACABAB
4308409,BlBtB9B8BcBPBAA5AzArAnApAcAbAQAQADADAABbBuB6B8BeBFA4A7AuArAmAjAXAhAVAIAFAEAB
4308508,CBB4CIB8BpBWBAA2AsAmAbAYASAMAKAFACABAAB6B7B8CIBtBTBCA2AsAkAdAYAUANAJAFACABAB
4308607,BbBVBlB8B4BcBKA+A3AwAsAiAaAYAMAGADABAABVBQBmB7BsBYBJA7A1A0AsAlAhAaARAMAEADAA
4308706,BuB1B8B6BeBMA8A5AyAzAvAaAZAOALAFAKABABBvByB6B2BQBFBBA5A1AxAqAoAfATAMALADAEAB
4308805,BoBoB/BtBaBEBBBCA5AwAtAlAmAdAWAIAGABACBbBsB2BlBQBIA9A2A1AxAvAkAfAiAQAMAKACAB
4308904,ByBvB4B4BaBPBFA8AzAsArAZAbASAMAFAFABAABsBsBzB4BgBQBGA9A0AuArAfAcATANALAFABAA
4309001,B+B9B5B1BkBPBEA5AvAmAjAbAXARAJAIADABABB/BxB/B2BkBQBAA0AuAoAgAgAYAUALAHADACAA
4309100,BuBgBuBvBrBWBFA6A3ArApAfAbAQANAEAFAAABBjBlByB5BtBbBFA5A2AtApAhAXAZANALAJABAB
4309209,CKBwBpBmBoBmBVBAA2AoAgAaAUAPAIAFACABABCABuBmBlBqBjBPA+AwAoAgAZAUANAIAHAEABAB
4309308,B5BvBoBrBoBbBXBCA3AsAjAeAWAQAJAHACABAAB3BuBmBtBrBdBNA8AvAnAgAfAYARAIAIADABAB
4309407,BhBjB4CHBoBNBBA5AyAqAlAnAYAWAMAHAEAAABBaBhB1CGBmBPBDA1AyAvArAjAhAdAQAHADADAB
4309506,BvB5CDB5BjBRA/A1AxAtAoAbANAUAOAJAGABABBuB1B+B6BeBKA+A0ArAxAnAfAXAUARAKAFADAB
4309605,B/B1BwB0BgBUBKA+A0ArAhAeAWARAMAGAFABAABzBuBsB6BbBdBFA9AzApAgAeAYAPARAIADABAB
4309704,B8B8CDCBBjBUBBAwAuAhAyAPAcAMALAHACAAABByB0CIB9BZBRBEAvAsAmAmAbATATAQAIAEABAA
4309803,BhBmCBB9BwBeBMA6AxAmAqAeAVAWAFAFABADAABpBmB7B/BtBYA+A7AvAnArAaAWAXAGACAHAAAA
4309902,B0CICCCBBmBQBHA5AnAiAhAcAhAMALADAAAAAAByB+CHB5BlBUBGAxArAeAeAiAYANAHADADABAA
4310009,BmBjBwB6BnBbBFA7A3AsApAiAYAUAQAHAEACAABiBhBsB4BoBXBDA7AxAxAnAiAYAaAQAMAFABAA
4310108,BsBhBqBvBsBfBKA+A4AuA0AZAfATAOAIABABAABlBdBnB0BnBPBHBBAvAvAoAhAgAXANAKAEACAA
4310207,B1BtBwByBhBUBFA5AyArAkAdAWASAJAHADABAAB1BtBuB3BoBXBHA8AzAtAnAgAZAXALAJAFACAB
4310306,BzBuBuCBBwBdBGAuA2ArAjAVAjAUACAKAEAAAABmBvBwB4BxBLBFAyAuAhAyAfAVAcAOAHAGAEAA
4310405,B4BvCDCFBjBUBDA5AxApAoAdAWANAMAHACACAABqBzB5B3BlBOBFA0AxAnAqAbAXAUAJADACACAB
4310504,CDCACRB6BZBGA8A3AxAhAfAbASARAKAGAEAAAAB7CBCJB9BgBOA9A3AvAlAlAYATAOALAIACABAA
4310603,CCB8B7B0BoBWBHA8A0AqAnAcAVARAIAGADADAAB3B3BxByBgBUBBA1AsAmAgAZAWASANAHADADAB
4310702,CECICOCNBpBNA8AwAoAkAlAWAZASAKADAAAAABCJCECJBzBRBLA9AvAnAeAgAhAUARAFAEABABAB
4310801,BeBeBoB4BoBoBMA6AxAwAxAgAoASARAJABACAABmBXBeBzBwBWA/A3AxAoAtAoAjAXASAHAFAIAA
4310900,BeB2CFCGBvBRBJA8A0AnAvAYAgARAFAEABAAAABgBoCDCBBfBPBHA1AuArAlAcAVAVAIAJAEABAA
4311007,BjBgBjCCBNBIBJBAA+A6AwAmAbAYAUAJADACABBZBeBjBpBTBKBJBDA+A0AzAkAfAcAVAPAKADAD
4311106,BpBnB9B0BeBKA/A6A4AzAqAkAeAXAQAKAFABABBmBmBsBvBWBGA/A6A0A1AoApAkAbARANAJADAB
4311205,BzB1B2B6BmBSBEA4AxArAmAkAVAVAOAIACABABBvBsBuB7BkBOBFA0AuAtAmAgAbAUAMAFAFABAC
4311304,BtB4B+B1BUBFA/A6A4AsAoAeAXAWAMAKACABABBrBwB+B2BaBSBFA/A0AxAiAiAdAVAMAIAFACAA
4311403,BrBpB0B3BnBTBFA6A0AuAmAhAXASALAIAEABAABqBmBvB5BsBRBGA6A0AwAqAdAZAWAPAJAFACAB
4311502,BeBjByB5BiBMBHA7A9A6AvAoAeAVAOAQAGAAAABlBnBpBzBXBGA6A0A4AzAkAmAeAYAWAMAIADAD
4311601,CMCMCLCLBhBRA/AyAtAjAhAPAWATAGAEACABABCJCCCJB4BbBOA3AwApAjAXAUAUARAGAIADABAC
4311700,CECLCTB6BXBCA8A0AzApAhAcASAQAOAHAEABAACAB3CNB6BVBKA7A0AsAoAeAcAUAQANAGADABAA
4311809,BqBnB1B4BtBYBIA4A0AoAnAdAZARALAFACABAABnBhB6B+BsBZBIA2AzApAlAhAaATAMAKACABAC
4311908,B3BqB5B8BnBIBFAyAxAxAnAlAWATALAGAGADAABrBrB4B+BdBJA/A5AzAwAnAeAUAZAQANADACAA
4312005,B+B7CNCBBsBeBIAzAmAkAmAXASADAHAHAIAEAAB+CHB9B6BPBaA5A2AtAeApAYAMANAHANAEAAAA
4312104,B0B1CNB5BNBDA9A/AwAzAdAnAYAXAcARACAAAABqB5B5BuBOA/A6A9AxAqAlAnAaAXAVAOAEAAAD
4312203,B9CFCWB0BbBIA9A4AtAyAjAUAQAIAIAJAKADABBwB6CMB/BbBLA9A7AoAyAeAUAbAIAKAIAHADAA
4312302,CGCRCYCLBkBIA1A0AsAlAlAWARALAKAHADACABB+CGCMB+BWBCA0AzAsAiAdAaAUAPAHAGAAABAB
4312401,BmBfBkBvBnBVBHA7A4AzAvAhAeAZARAJAEABABBgBcBoBwBjBQBEA6A3AyAuAmAgAdAQANAJACAA
4312500,BdBkB1B1BoBdBNBDBEAzA0AdAXAdAVAMABAAAABSBiB2BsBVBQA6A7A1AvAmAeAhAXAMAMAHAEAA
4312609,BVBiB7BvBRBGBGA3BDA9AxAmAaAaAMAKAGABABBYBiBzBsBWBKBMBDA/A1AyAjAfAXAPAMAOACAA
4312658,B2BwBrBuBeBaBJA8AzAqAjAkAVAVALAGAEABACBrBjBtBoBrBYBMA9AyArArAgAgAWAQAKAFABAB
4312708,CNCHCLCFBiBHA3AvArAlAeAbATAQAIAHADABABCJCBCOCBBcBHA2AxAqAnAaAZASASAKAHACABAB
4312807,BRBvBxCEBcBZBLBABAAcAjA3ASARAEAHALAAAABlBbBvBpBYBjBSBGA1AoAxAcAdATANAIAMAEAE
4312906,BnBeBwCEBkBeBLA7A5AuAyAZAWARAOAHABACAABcBZBtB5BeBeBFA8A5AzAyAiAVAXAOAFAHAAAA
4313003,BfBuCSCMBdBHBBAzAwAtAsAhAbASAFAEAEAAAABVB2CZCGBXBFA6A4AyAoAnAlAjARAQADADAAAA
4313102,B0B4B/CBBrBVBJA6AyAqAkAbASAZAIAEACAAABBuB0B5B9BfBLA3AzAwArApAYAWATAJALAEABAB
4313201,BdBbBoBoBiBRBLBDA4A3AsApAnAeAPANAHABABBXBaBnBqBXBHBDA6A3AxAtAvAoAaAbANAJADAA
4313300,BgBkBuB6BmBdBGA7AzAtAjAiAYASANAHAEAAAABhBcB3B/BsBaBGA7AzAuAuAhAdAQAQANAEABAA
4313409,B0BfBnB1BvBhBNA+A1AtAmAbAVAOAJAFACABAABvBYBlB1BvBhBNBAA3AuAoAeAYARAOAIAEACAA
4313508,B0B2B7B5BdBQBGA6AzArAnAhAaAWAMAHAEABAABwByB3B4BcBPBBA2AtAqAoAeAZARALAKAEADAB
4313607,ByB4CKCCBlBeBCA3AqAjAkAVATAPALAFADABAABxB3CMCCBnBNA/A0AoAnAlATAaALALAJAEACAA
4313706,CJCLCNB4BbBRA/AyAtAmAdAXASAPALAFADABAACECBCDB+BiBNA7AyAsAkAdAYAUAQAIAHADABAC
4313805,CICPCPCGBmBPA9AwApAhAbAWAUAMAKAHACACAACLCJCMB6BeBIA2AuApAfAkASARAOAJAEACACAA
4313904,CEBwBpBrBkBhBQA2AxAmAiAcAYASAHAHAEAAAACGBuBmBpBsBhBGA2AxAmAlAbAWAWAOAKACACAA
4314001,BZBcB7CbCABjBNA2ApAwAvAUAWAMALAFAAAAAABjBVCCCIByBTBCA0AsAuAoAgAKASAQAFAAAAAC
4314100,B/BnBsBzBmBSBBA1AxAoAkAaAVASALAIADABABB6BjBsB9B0BcBHA8A2AsAoAdAaAUAMAIADABAB
4314209,BbBlB1BwBQBFBCA6A9A2AyAmAeAlAVANADABAABXBhBtBuBSBGBHA9A8AuAuAoAmAdAWATAHABAC
4314308,B7B8CKB7BoBXBPA+A3AmAdAfAoANADAGACAAAABsBqBvCEBYBbA9A0ApAmAZAcAiANAHAEAEAAAA
4314407,BqBfBgBnBjBTBJA5A1AxAqAiAcAVANAIAEABAABnBfBeBsBoBZBNA+A5A3AyAmAgAbATANAHADAB
4314506,BhBnBmBuBoBbBVBJBMA3ApAqAjARAOAKAEADACBZBdBoBmBYBIBEA6A3AtAnAfAiAaAKALAHAFAC
4314605,BcBoB2B+BVBIBFA+BBA4AxApAmAcATAJAEABABBRBoBxBqBMBDBDA+A4AwAtAiAcAZAPAUAIACAC
4314704,CHCLCUCABaBLA9AvArAmAgAbAPAOAHAGACAAABCKCKCNB+BiBLA3ArAuAiAeAZARAMAHAEADABAA
4314803,B5BfBrBuBnBiBMBEAwA0ArAlAcAVARAEABAAABBuBfBdBrBlBhBDA7AxAyAtAbAXATARAIADAAAA
4314902,BpBWBSBjBrBdBKA7A1AwAqAgAWAQAKAGADABAABnBTBSBsB1BpBWBFA/A5A0AoAgAZARAMAGACAB
4315008,B7B5CDCFBiBNBCA2AyApAgAgAVAVAOAFADACABB2B6B4B1BZBGA+A0AyAnAgAiAaAUALAHADABAA
4315107,CSCLCNBzBbBIA7A0AwAiAfAXASAPAIAIADACABCDCJCECABcBMA3AzArAiAbAYASAUAJAHAFABAB
4315206,BuBiB8CJBnBLA7A+AsAoAZAsAhAUAJAJACAAACBmBoB8CDBmBNA4A3AyAqAdAnAqAQAMAQAEABAA
4315305,BqBrBxB3BMBEBBA7BAAvAyAgAYAaATAKAEAEABBlBoBtB1BVBHBDBDA5AuArAkAdAbASANAIAEAC
4315404,CUCXCGB/BmBJA0AoAvAdAcAcAOAcAHADADADABCVCCCDB/BaBBA2AqAuAiAXAgAbAKAKAJABAAAC
4315503,BbBjB+B7BiBUA9A8A2AxAnAmAaAaAVAKAGACABBWBgBuB4BfBJA5A+A5AxArAoAfAZASANAJADAA
4315602,BuBgBaBmBkBdBNA9A1AxArAmAcAUANAIADABAABrBdBZBoBmBdBKA9A3A2AyAkAfAZATALAHACAC
4315701,BkBqBzB3BbBNBAA4A3AyArAgAgAYAPALADACABBiBlBxB5BgBNA+A9A3AwAtAjAeAaARAMAEACAC
4315800,BVBZBkBhBbBQBFA9A5AuBCAwAmAcAYAMAFACABBTBYBeBkBYBMBDA+A5A7A5A0AkAcAWAMAMAEAC
4315909,CTCICUB+BiBNA+A0AsAjAcAXAPAPAIAIABABABCGCHCEB9BeBJA7AzApAmAaARAPAMANAHABABAB
4316006,BhBtCEB5BZBDA/A7A5AvAxAjAgAdAVAMADAAAABiBpCDB8BKBABAA5AyAoAoAnAZAYAWANAIABAB
4316105,CECKCIB5BgBWA/A3AuAkAhAZAPASAJAEACAAABB/CCCFB5BfBOA/AwAvAkAgAYARARALADABABAB
4316204,BxCMCWB/BqBDBDA3A1AqAkAUAOAQAIAIAEABABBsB4CECDBgBIA9A2AzAoAaAYARASAIAKADAAAC
4316303,CHCLCQB4BSBQA/A3AsAqAfAYARAZAIAEADADAAB4CDCHBzBZBMBAAxAsAoAaAbAUAVAGAIAHABAA
4316402,BtBtB5B5BXBDBCA7A7AxAoAgAaAXAOAHACACABBoBrB3B4BbBOBEBAA4AtAlAhAcAWAPALAEACAC
4316501,BhBrCCB7BsBYBEAzAxAvApAmAXAVARAPABAEABBaBjBxB6BlBFA9AxAvAtAtAjAdAYAUANAGABAB
4316600,BoBsCHB9BiBYBLA8AxAoAdAfAXAPAGAGACABABBhBoB9CHBuBXBJA9AvApAhAdAbAPAKAFADABAA
4316709,B4BzB4B+BkBYBIA+A0AmAeAZAWARALAGADAAAABzBuB8B4BqBaBFA8AwAiAeAbASARAKAIAGAAAB
4316808,BtBpBrBwBiBTBEA5A0AuArAgAaARANAJADACAABpBkBqBtBjBYBIA8A3AyAtAlAfAaASAKAGACAB
4316907,BrBjBpB3BlBMA/A2A0AtAoAfAaAUAOAHADABAABlBdBmB8BwBYBIA/A7A0AuAkAgAYAPAKAFACAB
4317004,BcB5CQCGBKA/AzA1A8AwA6AcAgAdARAJADACABBTB1CGBwBVBFA6A3AzAyApAhAaAkAOALAEACAC
4317103,BrBlBuByBUBEA/A8A8A0AtAgAaAaAQALAEABABBnBmBsBwBbBMBGBBA9AxAqAlAhAcASANAGADAC
4317202,CGB7BwBuBhBVBHA6AuAkAhAYAUAQAJAFABAAAAB/ByBzB9BvBbBEA7AvAnAiAaAUAUAKAHAEABAA
4317301,BrBjBnBrBfBYBMBIBBA4A1AjAcAWASAJAHABABBpBmBmBgBWBRBEA5A1AxApAgAbAZAOALAGACAC
4317400,BvBtB6B4BZBKA/A6A5AtAnAiAYAVANAIADABABBwBqB5B5BhBMBEBAA1AtApAdAcAUAMAJAEABAB
4317509,B6B1B6BxBcBSBEA3AyApAiAdAXATALAHADABAAB4B1B2B1BkBUBEA4AxAoAkAhAcAWAMAHADACAB
4317608,BjBzCIB9BXBHBDBAA5AtAuAkAeAbAPALAFABAABiBoB9ByBQBAA9A4AzArAnAlAhAWANAMAEACAC
4317707,CDCJCDBpBWBQBCBCA2ApAhAfASAVAKALADABABB6B+B5BsBUBLBDA0AwAkAlAXAVAXAMAJADAEAD
4317806,CICJCGBzBmBUBDA7AsAkAdAVAOARAIAIAAAAABCGB8B/B+BiBQBDA1ApAiAeASAVARAIAEADABAB
4317905,B4BzCJCIBoBVA+AyAvApAjAXAWAMANAHAFACAABmBvCBCCBsBOA7A0AwAoAeAeAWAOAPAKAFACAB
4318002,B8B5B8BzBcBMBDA6AyAqAlAbAXASALAHACAAABB+B5BzB2BfBOBCA5A0ApAkAZAZAUALAIAEACAB
4318101,BlBpCAB1BnBSBEA7A2AxAsAjAbAUAOAIAFABAABlBlB3BzBfBSA/A5AxAtAsAeAaAUAPAKAEADAB
4318200,BwB3CDB2BXBHA9A4AyAvAmAqAgAWARAHAEACACB0B2B6BtBVBGA+A0AtAuApAgAeAbAMAIAFABAB
4318309,BwBpB1ByBaBHBGA5A6AxAkAgAaAVANAIACAAAABxBrBxB1BgBPBGA9A3AuAoAiAfAWASAKAFADAB
4318408,B5ByB2BxBjBdBPA+A0AsAkAeAYAPAMAFADAAAAB1B1BxBvBeBRBEA4AzAmAlAbAVATAMAIAFABAB
4318507,BfBuBxCGBqBfBMBCA9A1AuAgAYARAMAFACABABBfBnBxB6BbBOBCA3A0AtAkAbAZARAKAGAFAEAA
4318606,BvCACLB7BdBGBDA5AxApAkAVAYAXAOAIAAAAABBqB7CQB8BaBPBBA5AyAnAYAfAdAPAIAJABACAA
4318705,B2BkBjBuB0BjBOA+A1ArAkAcAVAMAIAGACAAAABxBcBgBwBzBiBRA/A1AuAoAfAXATAMAIAEACAB
4318804,BsBnBuBwBfBLBHA4A4A0A1AhAaAaAUALAFABABBnBfBsBvBYBKBBA1AzAyAsAlAcAgASAOAHAEAB
4318903,CACFCBBxBaBOBDA3AwAmAiAYAWAQAMAHADABABB7B6B9B4BfBQBDA2AtAnAmAYAUASAPAJAEACAC
4319000,BhBYB1CIB0BUBIA6A9ArAjAeAUAXAKAEADAAAABeBiB5CBBwBQBHA7A0AwAkAfAeASAKAKACACAB
4319109,B2B7CDB/BpBWBCA4AsAgAgAYAUAZAOADACACAAB3B1CBCCBmBMA/AwAvAgAmAYAWASAMAKACABAA
4319208,CNCOCSB9BdBKA7A2AvAfAWAiAUAUAKAFABABABCJCPCLB3BPBCA3AzAoAhAaAcATARALAFAEACAB
4319307,B+CECKCKBlBVA7A0AqAjAdAgARAMALAGAFABABB6CBB/CBBmBLA+ApApAnAnAVASAOAMAFADABAA
4319406,BlBuCCB3BUBHA7A9A1AwAsAhAiATATAIADABABBmBzB6BzBVBGA9A5A0AvAsAkAgAYASAKAEADAC
4319505,BfBYBwB/BtBTBCA4A2A2AsAmAcAXARAKAEADABBbBUBqB1BiBPBAA4A3AwArAoAjAXAXAOAHADAB
4319604,BnBqB6B9BiBTBAA8A5A3ArAhAYAXAQAGAEABABBjBgBwB6BfBMBBA5A1AtAtAcAaAUAOALAFACAC
4319703,CECBCLCABbBKBCA7A1AoAjAaAUATAMAFABABAAByB6CGB6BXBHBBA6AxAkAjAWAZAOAIAGADABAA
4319802,BxB3CCB1BdBOBDA5AzAwAjAqAcAdAOAFAGAAAABrBtBvBtBSBHBBAzAwAzAkAiAcAcALARAHAEAA
4319901,B3BnByCFB8BaBGA3AyAsAnAZAYAQAKAIABAAABBsBkBuB7BsBQBDA7AzAnAlAaAXAUAOAGAEABAA
4320008,CKB1BtBsBvBnBYBDA0AkAcAWAOALAGADABAAAACEBvBrBsBtBjBQA9AvAkAdAWAQAMAHAFACABAA
4320107,BzBvB4B3BlBcBHA6AuAoAkAdAZAQAJAIADABABByBrB4B9BmBUBGA1AyAnAoAeAWAPALAMAHABAA
4320206,CGCVCJB+BbBNA7AxAwAjAeAWAPAQAKALADABAACCB8CDCCBeBJA7AxAuAkAhAXATASAJAGADABAB
4320305,BhBVB3CMCBBUBCA4AwAmAoAmAUAaALARAAAAAABWBOB/CBBzBQBAAzAxAvAbAvAVAbATALAGABAA
4320404,BhBjB5B/B3BdBMA/AzAvAbAiAZAPAIAGABAAAABkBdBsCABoBaBNA+AxAqAjAdAXAWASAJACABAA
4320503,BxBsB+CDBjBVA9A3ApAwAkAiAkAQALAHAEAAACBkBiCBCIBlBRA9AyAvAtAmAhAaAUAIAGAEABAC
4320602,ByB2CACLB1BWBFBAAtAiAhAlAUAOAOAEACABAABsBsCIB0BcBRBBA0AsAkAvAZASATAMADABAAAA
4320701,B2B7CEB8BdBLBEA2A1ArAdAcAWAPAIAIACAAABB8B1B9B/BiBMBBA4AwArAkAaAZATAJAHACABAA
4320800,CHB/CCB6BZBLA+A0AuAoAkAbAXATANAHACABAACBB4B8B6BdBNA7A2AtAoAhAeAUAUANAIAEABAA
4320909,BrBwCBCCBoBRBEA5AwAqAkAaAWAUAMAHADABAABoBqCCB8BlBTBFA2AvArAmAaAWAVALAIACACAA
4321006,BtBmBvB7BiBZBCA2A2AuAhAfAgAPAHAIAAAEABBuBbB5B8BvBZBJA6A0AvAnAaAXAVAQAJAGACAA
4321105,BuBzB7B1BfBKA+A5A1AzAzAkAdAXAQAKAFACABB1BrBwBxBZA/A8A2AwAvAsAiAdARAQAOAFACAB
4321204,BzBlBqByBgBSBHA2A3AwAqAgAfAUAQAHAEACAABwBiBqB2BiBMBDA6AzAvAqAmAgAWAQANAGADAB
4321303,BhBqB+BwBdBQBGA7A2AvAsAgAdAYAPAKAEACAABjBmBtBzBeBPBCA5A1AsAlAqAeAdARAMAGADAA
4321402,CLCJCBB9BgBOA9AwArAlAiAYASARAJAFACABABCGCDB+B9BiBOA6AuArAnAiAaAUAPAJAFAFABAB
4321501,B2B5CICEBfBOBDA5AyAlAjAcAWAUALAGADABABBxBwCFCCBeBKA7A2AsAnAhAeAWASALAHAFABAB
4321600,CHB3B8BvBbBOBKBAA1ArAkAjAXAQAOAEACABAAB+ByBzBqBlBSBKA2AvAmAjAdAWAQAHAEADABAB
4321709,BzBmBuBvBhBcBEBDA0AyAvAdAlASAQAEACAAAAByBlBoBoBdBUBDA6AzAqApAgAmAUAOAJAHACAA
4321808,B5BvBzBxBkBPBCA6A0AqAkAdAYATANAGAEADAABtBuB1B/BjBTBFA3A0ApAmAfAZAXAKAIAHACAA
4321907,CDB9B9B4BeBQBCA5AyAoAjAaAUASAKAIADAAABB9BzB3B1BjBQBBA2AwAnAlAZAZASAMAIADABAB
4322004,BiBqBzB9BhBLBBBCAzA2A2AkAhAUAYAKACABABBgBnBuByBXBIBCAyA6AxAsAmAYAXAQALADABAD
4322103,BxB0B3B9BmBXBDA6A2AsAiAbAYAQAPAFAGAAAABuBlBzCABlBNA/A7A0ApAkAdAYAXAJAKAFAAAC
4322202,BvB0BuByBeBVBBA6A1AsArAeAbAUAQAGAEABABBtBwB3B0BlBLBAA2A1AsAsAfAcAWANAJAFABAA
4322301,BsBvB+B8BkBNBEA9A2AuAqAZAaAVAMAFACAAAABrBuBxB8BiBIBAA+A3AoAnAgAcATAPAFAEACAD
4322400,B+B1BxByBgBOBGA7A3AqAmAfAZASAMAHADABABB8BuBtBxBfBPBFA4A1ApAnAbAaAUAOAKAFADAC
4322509,BvBwB9B7BWBGBBA5A1AuAoAbAWAWANAGADABAABqBxB/B8BfBQBHA+A2AvAlAfAYAVAMAHAEABAB
4322608,BkBqBzB1BkBSBHA5A5AxAqAgAZAXAOAJAEACAABhBjBtByBgBQBEA6A3AzAqAkAbAXASAMAGADAB
4322707,BjBlBwBrBQBRBOBAA7AxAtAmAfAZANAJAGACABBkBmBsBkBQBPBMA9A1AxAxAoAeAcAVARAJADAB
4322806,BUBWBpB8BpBVBGA5A3AxAwAmAeAWAMAHAHABAABdBPBrB4BqBVBEA7A4AyA0AqAeAcATANAEABAB
4322905,B1B2B9CABdBPA+A7AvAqApAeAXAPAQAFAEABAABrBzB8B9BhBQA2A2AyAuAoAiAUATAMAMADABAB
4323002,CFB1BuBpBfBVBNA/A2AtAlAcAVAOAJAFACABAACBByBsBoBfBZBNA8A1AuAlAcAWAPALAGAEABAB
4323101,CXCeCYB+BNBCA1A4AkAoAfAbATAZAIACADAAABCLCTCQByBPBDA1AsAmAjAcAbAVAPAGAHAFAAAB
4323200,BxB0BwCDBgBPBLA0A0AzAxAkAYAVAGAJAIAAAABkBbBnBdB5BNBAA6A5AuAhApAlANAKAMAJABAD
5000203,CcB/CDCQBxBMBLBEAwAtAjAgALAJAEADAFAAABCUCCB1B0BlBJA1AtAsAbAZAJAKACAHADAFAAAA
5000609,CkCeCNB3BiBMBDA4A0AoAbAWANALAFADACAAABCbCSCHB0BYBIA4AxAmAbAWANAMAGAEACABAAAA
5000708,CVCSCJB5BgBPBBA0AzAmAgAgASARAIAIADACABCWCIB2B4BWBFA4AwArAgAfARALAOAIAGABABAA
5000807,CcCWCAB6BdBMA8A5A6AqAlAgAVANAJADAEAAAGCjCFCAB1BXBBA4AvAeAgAgALAJAJAGAFABABAB
5000856,COCRCWCABXBIBDA4A3AqAjAdAUAOAFAGABABAACICQCTB0BWBDA6AwAqAdAVASAPAHAEACACABAA
5000906,ChCYCOCPBkBCA3AwA1AjAbAgAUASAIAGACABAACECECKBzBVA+AzA4AjAgAeARANAQAGAEABADAC
5001003,CAB5B2ByBfBTBDA3A6AvArAbAeASAOAKADAAABCBB+B4BmBcBMBAA0A1ApAcAfAXAOAJAFACABAA
5001102,CNCBB4BwBdBKA8AzAzApAjAeAXATAOAJAEABABCLB9B+B1BcBNA8AxAxAnAdAdAUARAMAIADABAB
5001243,CvCXB/CBBpBUA5A2AyAmAmAZAQARAGACABABAACkCKB7ByBWBEA0AnAmAbATAYAPAJAGACAAABAB
5001508,CHCSCFBzBjBMA+A1A5AuAkAWATATAGAKAAAAAACXCLCGBvBaBBA/A4ApAkAZASAOAOAGAFABAAAA
5001904,CdCVCeCGBTBGA2A0AzAxAgAbAUAPAJACACABAACSCOCGBwBXBFA0AvAnAiAcAUAJAJABADABAAAB
5002001,CXCbCbB4BVBAA2AxAxAtAkAZAaAPAKAEABAAAACbCYCRBzBTA+A1AtArAdAXAPAMAKAIAEABAAAB
5002100,CXCGCIB6BmBFBAA0AwAiAZAYARARALAHADABACCUCNCDBvBWBDA8AzAnAiAjASARARAPALABABAB
5002209,CfCRB+ByBnBRBHA5A2AuAnAWAVANAGAGABABABCbCJCEBsBUBFA2AzAlAfAYASAOAIAEAFAAABAB
5002308,CbCSCEB5BgBWA/A9A0AvAjAeAYATAEAEABABAACjCQCABqBYBFAyAoAmAcAYANAOALAEABABAAAA
5002407,CbCcCLB7BVBHA+A4A1ApAhAXAQALAKAFABABAACdCTCDBxBbBLA1AxAnAeAZAQAKAKAIADABABAA
5002605,CWCVCFB0BjBbBEBBA3AqAlASATALAGAEADABABCTCLB+BxBZBJA8AzAoAfAWAQALAIADACAAAAAB
5002704,CHB7BxB1BoBWBEA3AxAmAfAWATANAIAFACABAACEB2ByB/BwBcBHA6AwAmAfAXARANAJAFACABAB
5002803,CtCfCDCNBYBEA5A6A1AnAkAXAKAdAPADAAAAAACfCRB/BfBDBAAxAuAzAeARAYAEATAIAJAAAAAC
5002902,B/B6B/B4BpBWBKA7A6AtAlAUASASAGAHACAAACCHB2B/B5BhBOBEA5AvAhAXAWAMANAIAEACAAAB
5003108,CZCHBwCWBuBRBBA+BKAtAnAmAfAZAOABAEAAAACSB6BmBnBPA/A2AtAqAfAgAMANAJAFABAAAAAB
5003207,CVCHB9B5BZBKA/A2AxAnAiAbAUARAKAGACABABCTCDB5BxBbBKBDA1AtAjAdAYATARAJAHACABAB
5003306,CnCaCJB4BgBIA+A2A1AmAjATARAPAHADABABAACeCYCEBxBUBGA2AvApAeATASANAJAFABABABAA
5003454,COCVCZCVBZBAA0AqAqAnAjAZAUARAFAEACABAACOCXCbCIBTA8AuAvAoAiAYASALAMAGAFACABAB
5003702,CTCICAB2BnBVBCA2AvAlAcAXAQANAIAFACAAABCPCDB+B8BsBSBBAxApAgAZASAOAMAHAEACABAB
5003751,CNCfCeCCBbA/A4A6A0AqAkAWASALAEADABAAAACRCdCSB1BSBHA+AuAmAXAXAVALAGAFACAAABAB
5003801,CFCLCaCMBcBBA0AtAwAoAiAbASATAMAHACABABB8CCCQCIBgBCA2AuAtAiAaAYAQAMAJAFACAAAB
5004007,B/COCWCGBfBCA1AuArAmAoAYARAUALAHADACAACACJCMCOBgBCA1AyAsAiAaAYAOAMAJAEACAAAB
5004106,CLCUCJBuBbBQBCA4A4AqAkAXAZAWAKAFADAAAACHCGCBBkBTBBA9A5AtAhAVAeAUATAGAIACABAC
5004304,CsCaCPCABcBOBAA4A4ApAfAVANAIAFACAAAAAACkCYCLB5BXBDAyArAoAZASALAIAFACACABAAAA
5004403,CVCNB1B+BwBqBKBRA6AxAkAiARAXAKAEABABAACVBrBsBhBYBLA2AvAkAfAYAPALAIAFACACABAB
5004502,CGCBCEB/BpBNA/A4AyAjAiAZAWATAMAIADABAACJB+CEB+BiBEA6AzApAlAfAUAVAKAIAGABAAAA
5004700,CWCQCMB6BiBPA/A5A1AqAeAaATAQAHADAAABABCTCNCIB6BZBFA5AxApAdAXARALAJAFADABAAAA
5004908,CECbCNBrBUBTBNBHA9AqAqAlAgAPAPALABAAAACGB+B3BaBKBIBCA2AoAoAdARAOAKACADACAAAC
5005004,CFCDCEB+BeBKA6A4A1AiAgAdAXASAMAIACAAABCCCACFB7BdBLA+A3AtAiAdAaARANAJAFADACAB
5005103,CdCYChCABaBMA8A7AyAmAgAUALAOAJAGADABAACTCXCPB2BRBCA3AyAkASAWAUAIAHAIAEAAABAA
5005202,CZCMB6B7BOBKA5AqAyAnAgAdAUAVANAKACAAABCYCJB7BxBUBJBBA4ArAjAgAXAPAQANAJACABAA
5005400,CaCLB0BqBkBdBNA/AwAlAcAWAPAKAGAFACABABCdCNB9BsBhBcBEAxAnAeAZAPAJAJAFAEACAAAB
5005608,CtCaCFBuBXBPBAA2AwAkAjAUAPARAPAFABAAAAClCUCGBoBVBJA1AtAmAdAYAPAOANAIAFABAAAB
5005681,CYCcCUCBBcBIA+A2AwAlAkAWAQAMAFAFAAAAAACQCRCVB0BbBIA5AvAmAdAaANAJAJAEADABABAA
5005707,CWCXCOB8BiBFA/A4A2AsAhAWAOAMAEADACAAAACWCLCLB+BhBIA4AyAqAdAVANAJAIAEABAAABAA
5005806,CeCXCLCiBkBLA/A2A0AqAlATARAWAJAFADABAACZCTB0BfBLBGAvAuAkAiAQAVAOALAGAEABABAB
5006200,CTCOB+B9BgBQBAAxA1ApAiAZAOAPAIADACABAACVCMCKB6BhBKA6AvAqAiAaAUAKAJAFAEAAABAA
5006309,CLCFCDB3BgBUBIA9A1AoAiAbASARALAHACAAABCEB+B6BvBhBRA+A0ArAiAcAUAPAMAIAHABABAA
5006408,CYCNCNB+ByBSBBA8BAAvAiAZANALAIACABABABCTCKCMByBZA8AyAzAqAbASAQAKAHAEABAAAAAA
5006606,CVCHB3B3B1BdBJA6A0AnAeAWANANAIAGACABABCLB8B0BzBkBRBCAxArAgAYATAMAPAGAFABABAB
5006903,CnCTCIB1BcBOBEA4AyAqAaAgAZAOAIAGABABAAChCSB3BaBRBGA4AsAoAhAYAUAWANADAFACABAA
5007109,CPCQCfCNBlBXA4A0AxAvAkAVATALACACACAAAACRCKCMB/BZA8AxAvArAhASAPAKAEAFADADAAAA
5007208,ChCNB+B9BjBaBCA+A0AqAjAWAPAJAJAHABAAAACdCGBzBsBeBVAzA2AjAgAYANAOAKAEAEABAAAB
5007307,CNCcCWB+BXBEA4A0A3ArAjAdAQAVAIAHAFACAACZCKCTBnBMBIA4AtAjAjAeAUAOAIADAFADAAAA
5007406,CYCRCJB6BpBQBEA5A3AqApAQAVAUALAEACABABCQCICFBqBWBIA0AvAiAcAdARAQAKAEAEABAAAB
5007505,CPCVCNB1BMBLBFBBBJAuApAhAZATAKAEACAAAACXCMB+BjBMBEA6AsA0AZAZAOAOAKAEAFAAAAAA
5007901,CeCEBzCCCCBqBSA5A7AvAlAaAUAKAJAFADADAACcB9BqBhBZBOA1AmAlAdASAQALAHAFAFABAAAB
5008008,CYCNCLB2BjBDBIA8A6AyAqAaAeANAKAGACAAAACMCSB2BjBWBKAzAwAnAfAbAXANAKAFACADAAAB
5008305,CKCBB7B2BgBMA9A0A0AqAoAbAZASAMAHADABAAB8B8B6BvBkBOA9A0A0ApAgAaAUASAJAGACABAB
5100102,CPB9B5BaBhBQA9A6AxAkAhAQAsAuAZADAFABAACFB7BsBwBjBHA8AtAmAhATAWAlAlAQAKAEABAC
5100201,C6B2BpBzCbB9BRA8AdA2AeAPANACANAAAAAAAACeCLBwBsBoBJBFAlAhAWAWAFADADAGADAAAAAA
5100250,CiCaCKCBByBfBCA2AxAmAkARAMAJAFABAAAAABCfCJCEB3BlBFAyArAhAeASANAGADABADABAAAA
5100300,CVCNB+B0BrBWBBA5AzAoAhAUAbAPAKACABABAACOCBB9CBBYBMA/AvAsAgAXASARALADAEAAABAB
5100409,CKCFB6B5BqBSBHBBAzAvAoAUALAYAUAIAEABAACBCFB3BvBeBMA7ArAiA1AZAQAMAPAIAGABAAAA
5100508,CrCPB1BvBdBPA8A3A2ApAjAjAdAmAMAJAFABABCtCRBwBjBRBBAxAnAlAWAUASASAQAIAEACAAAB
5101209,CSCLCDCDArBxA9AYBSA1A4AgAPAnAAAAAOAAAACVCDBvBOBHBHA/A2A8AnAfADAnAIALAAAAAAAA
5101258,CjCaCUB3BnBOA+A0AyAjAeAVANANAHADAAAAABClCWCFB9BaBBA0AqAmAeARASAJAHABADAAABAA
5101308,CvCYCOByBZBNA4A1A0ArAfAeAbARADAFABABAACrCXCABsBSBCAzAuAjAbAQAVANAHAGAFAAABAA
5101407,CkCSB1BvB7BmBZBMA3AoAcAXAMAIACAAAAAAAACwCSB/BnBgBLA3AoAgAWAMAKAFADABABAAAAAA
5101605,CkCYCLB6BsBLA4AuAwArAhAYAXAQANAGADAAABCXCHB9B6BPBAAtAyAiAeAbAUAJAYAFAIACAAAB
5101704,CrCVCJB2BeBLA/A0A1AlAjAXARASAFAEAAAAAACnCdCBBvBWBCA0AsAoAZAXAMANAHAHAEABAAAB
5101803,CfCOCEB1BmBUBHA3AxAjAZAXAPAOAHAFACAAAACaCNCBB7BhBMA9AwAnAcAUAPAMAKAEADABAAAA
5102504,CnCXCHBwBaBMA7AzAxAiAcAYARALAIAGACABAACjCQCKB3BcBKA4AwAqAdAWAQANAKAFAEACABAA
5102702,CqDPCHA/BnBxBVBNAuAjAaAPAKALAGADAAAAABCmCUBkBjBzB1A1AbAdAMAIAFAJAEAEABAAAAAA
5103007,CkCgCKBuBYBGA5A8A1AjAkAbAcAPAOAKADABABCyCHCIB3BBA3AyAxAlAdAaAQAQAIAHAEACAAAA
5103205,CXCgCQBwB1BdBGA3AuAmAhAWARAHACABABAAAACbCTCHB4BjBEA0AtAkAaAUANAKADABABAAAAAA
5103403,CeCCB0BuBrBXBEA1AqAgAaATARAMAHAEACABAACaB/B4B8BxBZBEAzAqAeAYASAQAMAJAFACABAA
5103502,CvCKB3B7B5BuBMA8A1AmAeAUAQAJAFAEAAAAAAClCKB2BnBcBSA6AoAfAXASALAGAIAFAEABAAAB
5103601,CNCPCPCIBmBVBGA1A0AqAeAcAXANAGAHABAAABCBCHCHBvBgA+A+AnAvAfAYAPAMAPADAGAAABAB
5103908,CgChCXB0BjBNBEAzApAeApAWAZAYANAJAAAAAACSCcCKBgBTA9AzAkAfAmAeANAGAGALAEADACAA
5104203,CICICCB8BkBDBCA8A0AkAhAaAVAYAQAGAGABABCNCJB5ByBUBGA/A2AsAfAZAVAQAPALAIABABAB
5104609,CVCCBrCOCSB6BgBKBKAfAZAYAUAPAIAFACAAAACLB8BqBfBVBPA4AnAkAVARAIAIAJAHABAAABAA
5104807,CSCUCJCABgBKA+A0AyAmAfAUARALAEAFADABAACVCRCKB7BcBOA6A0AqAeAWAMANAKAHADABAAAA
5105002,C2CsCXB4BVBFA1A4AtAkAbATAMAQAFADACAAAACyCbCEBwBRBGAyAuAnAYARAQALAJAAAEADAAAA
5105200,CeCiCOB7BQBFA/A6AyAnAkAVATAMAHAGADAAABCeCbCDBuBRA/A1AuApAfAZAQANANAFAIACABAB
5105309,C6CgB2BmBmBnBCA+AzArAeAOASAJAFADABABACCsCRB0BoBfBLA2AiAoAXASAPAIAIAJAGAAAAAA
5105507,C0CRCBBrBoBQBRBEA1AqAnAXAKANAEAAAAABAAC0CMB2BqBWBNAxApAiAdATAQAQAEACACACAAAA
5105622,CXCVCOCDBqBSBAA4AtAoAfAVAOAMAIAEACAAABCMCMCKB6BcBKA4AzAkAfAYAPAMAIACABABAAAA
5105903,ChCYB/BzBpBeBJA1A0AnAeASARAOAEAAADAAAAChCQCIBuBdBJA4AuAqAbASAMAIALAFABABAAAB
5106000,CiCQCKBrBrBLBIBBA9AoAnASAZALAFADABAAAACjCRB8BqBeBCA5AzAqAVAVAKAQAHACABAAACAB
5106109,CcCVCCBwBfBMBAAzA2AlAbAaAVAbAPAGAEAAACCeCJBwBxBOBAA3AtAsAfAdATAVATAKAFAEABAD
5106208,CkClCPByBkBLBHA6A9AnAlAWAPAJAFABABABAACoCjCDBmBUBAA2AvAlAWAVAJAFAFACAEABAAAA
5106257,ChClCRB0BkBXBFA6AwApAaAUARAGAFADAAAAABCkCVCKByBYBEA4AxAjAXARAMAJAHACABAAAAAA
5106307,CuCdB+B4BiBMBLA7A6AuAmAPATAOACADABABAACpCTCFBtBUBHAyAuAnAaAOANALAEACABAAABAA
5106372,CZCZCRB9BlBUBKBDA7ArAiAWAPALAGAEAAAAAACPCFB+BqBZBFA3A1AnAgATANALAIAFACAAAAAA
5106505,CtCbCHB4BVBHA6A2AtAlAbAaAXAPALAIAEACAACaCSB5BtBQA/A5AuAoAfAfARAOARAOAGADACAB
5106703,CXCWCEB2BwBTAyAqA/AwAoASAZAZASAHACAAAACmB6BuBoBRA8AzAzAtAcAPATAaAdAEAAAAADAA
5106752,CpCLCFB4BfBcBGA9A3ArAgAcASANAHADACAAAACoCNCAByBWBCA0AtAlAYASAPAKAIAFADAAABAA
5106802,CjCdCQCABoBMA9AvAxAwAfAZAKAMAEACAAABAACXCWCGCBBbBCAvAsAnAgAVALAIAFADABADACAA
5107008,CZCeCEB6BlBMBIA7A0AsAkAXAZASAJAFACABABCTCSCCBnBTBIA1AtAoAbAUAPANAKAFADAAABAA
5107107,CnCaCOB5BnBQBCA6A0AkAcAWASAMADADAAAAAACvCRB8BqBcBEA0AwAkAbAVANAMAJADABABAAAA
5107206,CxCWCSB5BVBDAuAuA3AjAeAbARAKAHAGABABAACxCZCPB5BSA/AwA0AnAgAYALAMADAEADAAAAAB
5107305,CsCGB7B8CDBtBKA6AzArAdAXAJAGABACABABABChCJBvB8BtBOA2ApAhAXARAJAIABABABABAAAB
5107602,CTCRCHB2BjBOBAA5AxAmAbAYARAQAIAFABABAACLCJCIB1BiBQA/AzAoAfAZASAOAMAFAEABAAAB
5107701,CoCPCABsBhBPA+A2AvAiAfAUASAXAPAJAEACAACoCTB9BvBQBDA0ArAkAbAYASAXARAKAFABACAA
5107750,CrCjCaB5BaBDA0AyA3AiAdAXALAMAFACACABAACfCXCTBzBTBCA0AxAsAdAbALAMAGAGACABAAAA
5107776,CvCKBuBxBtBTBxA+A5ArAiAWAIAXAEABAAAAAACuB9BsBsBgBLA2ArAfAbAaAJAJAKAEAFAAAAAA
5107800,CVCYCBB5BfBKBAAzAvAlAjAdAZAZANAFACABAACgCEB2BqBPBAA8AsAlAiAkASAXAOALAGADABAB
5107859,CpCMB6BwB/BqBSBGA1ApAiAUASAHAGAAABAAAACiCIB4B8BXBCA1AhAiAXASANALALABACAAABAA
5107909,CUCKCCB8B8BqBRBGA4AsAgAWAKAIADABABAAAACWCEB4BoBmBUA4AsAlAdASAJAHAGABACABAAAA
5107958,CaCeCVB7BfBIA7A6AzAmAfAWAQALAGADABAAAACWCWCQB9BWBCA1AzAnAfAWANAKAHADACABABAA
5108105,CdCJCCB+BvBIA2A1A2AfAzAkAkAVASALACAAACCICGB4BmBJBNAtAiA7AgASAWAFARAQAIAAAAAA
5108204,CVCICHB6BcBUBBA8A1AyAuAWAdAWAbAHADADAACLCECKBrBOA+A5AwAmAdAUAPAOAKAGACABAAAD
5108402,CxCTB7BsBhBXBFA2AsAfAYAQAOAKAGAEACABAACuCTB6BxBrBUBAAuAlAaAWANALAIAGAEADAAAB
5200100,CRCWCEB3BaBLA3A3A1ArApAcAbAVAIAEACABABCDCKCLBvBSA+AyAzAqAoAZAZAWAKAIAGAEACAB
5200134,CdCVCDBwBsBVBBA9A6AnAdAbAOALAIAGACABAACXCCCOBuBbBFA9AuArAeAUASAJAKAEADABAAAA
5200209,B5CMBrCFBUBWBUBBAyAtAwAOAaAPABAHAAACAEBxCXCOBtBPBUBDAoAyAiAXAbANATAIAIAAAAAA
5200308,CdCaCPBzBYBDA9AxAzAnAeAcASAPAMAGABADAACWCTCMBiBNBCA5AuAxAiAYAcASANAFAHAAABAB
5200407,C0CuCEBvBLAyArA4AoAlAXAdAPAPAQAIADADAACtCXCLBmBMA7A3AzAmAhAXAZAMANAVALADABAA
5200506,B9CJCEBtBUA/BCBEAtAnAgAcAgAVAfAKAIAAAEBxCECHBSBQA4BTAuA1AwAhAYAUAkALAHADAEAA
5200605,C0CnCdB5BNA+A1AxApAkAqAUAMARASAEACAAAACtCnCFBpA+ApAyAyAjAhAYAUAOAPAAAMAFAAAA
5200704,CeClCNBvBXBLA8AyA1AiAeAcAMARAFAGABAAAACdCXCTB3BSBGA2AsArAaAaARAQAIAFACABAAAA
5200803,CwCfCCBjBeA8AsA4AtArAWARAQAUAIAEAFAAAACoCbCKB3BXBFAzAyAuAgATAWANAUAEAFABABAB
5200902,B4B5CfCJBaBKA8AxA0AsAqAVAQATAOALABAAAAB1B6CaCBBUBAA7A1A3AkAjATAVARADABABAAAA
5201009,DRCQB/BjBOBDA/A4AxApAfAVARARAIACAAAAAADGCRB9BjBJBFA4AvApAgAXAUAPAKAIAIABAAAB
5201108,CHB5B8B9BrBTBAA2AvAlAdAYAQANAHAEABABAACBB4B9CBBxBVBCA2AvAmAeAYASANAHAFADAAAB
5201207,CnCGBXCABEAxBCAkA0AkAxAbAkALA0ALAIAAAACZCJCUBSBgAuBSApApAeAbAkAkALAIAAAAALAA
5201306,CUCbCRB9BcBJA7A3AzAkAgAZANAOALAEAEAAABCGCTCBByBZBHA5AxArAhAaAUAPANAHAFACAAAC
5201405,CuCVB8BmBbBfBQA6AsAgAYAQAOAGAEACAAAAAACoCOB5BoBqBeBEAyAjAdAXAOALAJAEADABAAAA
5201504,CdCDB0B2B6BtBfA/BAArAdAVAbAMADAKACACAACcB0BnBfBgBSAuAuAwAiAYAMALAGACACAAAAAA
5201603,CDCdCUBuBpBEA+AzA3AmAqAcARAKAEAMADAAACCHCHB1B8BMBHA4A8AwAnAVATAPAQANAJAEAAAC
5201702,CcCPB3B2BeBRA/AzAmApAdAaAOARALAHACAAAACXCPCIB2BZBVA9AyAoAeAXAUARAMAGAHAAABAA
5201801,CLCNCRBtBlBJBGA/AzAnAoAYAVAKAKAGAFAAABCKCYCDBtBQBJA7AyAnAlAaANAMAKAKADAEADAD
5201900,C+CjCKBlBRBDA0AzA4AmAfAcATAQAHAHACAAAAC6CZCEBjBMA7AwAqAoAcAYASAOAOAHAJACABAB
5202007,CyCWCIB5BXBHBAA0A0AtAdAcAQAIAJAGABAAAAClCbCMBlBWA/A6AqAmAaAZAPAMAJAEAFAAAAAB
5202106,C3CWCCBtBTBIA+A2AwAkAdASAQAKAGADAAAAAACsCVCJB2BcBIA9AxAmAcAZAPAMAKAGAFABABAA
5202205,C2CeCKBwBHA7A7AvAxAoAbAbAOAQAKAEABABAAC4CdCLBkBOBAA2AwApAjAaANAPANAHAHACABAA
5202304,C+CtCKBfBXBQA+A3A0AkAaAXARAOAGAEABAAAAC+CaCABsBMBCA3ApAkAaAUAPAJAKAEACACAAAA
5202403,C1CYCIBwBTBKA2A1ApAfAcAXASARAMAGADAAAACyCcCMBkBOA1AuAuApAgAeARATAUALAEADABAC
5202502,CdCbCGB/BnBfBGA7A6AtAaAdARAJAFAEACABAACiCSBvBvBWBMAvAqAkAZAXAPAMAGAFABABAAAB
5202601,CRCEBxB7BTBIBDA2AyAmApAZAeAUAIAGACAAAACDCFCBBxBiBUA5A3AwAjAgAWAbALAKAFAAABAA
5202700,C9CqCHBwBTBFA6AzAgAhAgARAXAPAGABAAAAAAC/C5CGBkBHA3AyAuAiAVAZAVAJALANADABABAB
5202809,CVCbCMB2BQBOBNBBAmAoAlAXAXATAHAEACAAAACZB5B9BtBcBHBHAlAqASAoASAQAKAOAIAAAAAA
5202908,DJCYB/BsBLA8A+A1AuAiAXAaAUAOAMACAAAAAADBCLB5BoBSBDA7A4AqAeAbATAOALAJAKABAAAB
5203005,C0CXCPBgBSA+A1AvAqAmAiAcARAOAPAIACAAAACzCYCHBlBNA9AwAsApAmAeAWASARANAIACAAAB
5203104,B9COCWB6BkBUAzA/AxA5AtAgAgAYASAEAAAAAACSCYB/BgBWA0ApA3AtAnARAUALADAFAEAEAAAA
5203203,CjCbCQB1BUBMA8A1A0AlAfAZATAMAIAFAAAAAACiCPCQB6BUA9A7ArApAbAYAOALAKAEADACABAA
5203302,CbCICAB+BbBQA7A5A1AsAjAdAaANAJAHACAAAACOCFB6BoBUBCA4A2AtAkAeAXASANAJAJABABAC
5203401,CTCPCQBzBdBUA9A4A8AwAeAeAXALALADADABABCPCIB/B3BSBCA/AuAnAmAbAOAMAMAJABAAABAA
5203500,CRCOCCBvBrBXBMBFA9AqAhAVAPAKALAGAAABABCMCHCBBrBYBSA4AxArAlAYAPAMAIAGACAAAAAB
5203609,CHCKCQB+BpBFBGBDArAdAjAvAQANAKAFADAAAGB/ByCIB1BoBCAlAwAuAZAdAtALAXAKAAADAAAA
5203708,C9CyCYBqBJA2A5AuAuAlAgAYASANAIAHAAAAAAC7CrCMBZBDA3A1AsAjAeAcAQALAJAPAGABAAAC
5203807,CoCjCKBlBXBPA+AyA0AqAdAXAMARAMACAAABAACgCTCFByBfBGAoAyAnApAQAQASAJAIAIAAAAAA
5203906,BpB8CHByBRBDA+BFA+AyAnAgAYAXAPAGADACABBoB6CCBzBOBLBBA+AvAsAhAjAeASASAKADABAA
5204003,CpCvCcBwBQBBA8A6AwAlARAXAWANAJAEACAAAACfCUCIByBPA9AxAxAvAaAXASAPAOAFACACABAB
5204102,CDCICLBsBdBNBJBGBAAoAhAkAUATAQADADABAACFCACABlBUBEBAA1AuAgAUAiAUAPAEADABABAC
5204201,CHCEB5B3CBA3BPBCAVAoAYAbAQAjA6AAAAAAAABnC+BPCJBCBaA0BXAnANAIAjAYADAAAAAQAAAA
5204300,CHCICBByBfBVBNBBA7ArAgAaASAQAJAGAEABACCGCIB+BuBZBPA6AzA1AcAYAUASAJAHADADAAAB
5204409,B8CGCHCABpBTBQBEBAAmAhAXANANAHAEACACABB8CJCBB+BdBMBDA5ArAdAZAKALAJAGADABAAAA
5204508,CDCCCCB4BoBQBFA+A1AqAbAaAcAMAKAFADABABCCCCCLBvBeBOBBA5AwAaAVAXAUAKAFAGACABAC
5204607,CcCIB9CHBaBPAzBAA5AZAvAaAfAVACAAAAAAAACdCRCeBaBIBDAyA3AfAlAjAQAFALATAHAAAAAA
5204706,CZChCSB5BjBJA6A1ArAjAbAcAPALAJADAAAAABCLCYCSB4BSBHA6AvAnAiAYARARANAFACAAAAAA
5204805,CNCaB9CPB8BWBNA1A1AvAcAmAQALAFAEAAAAAACLB+ByBiBfBHAzAsAvAfAgALAOAJAEAAAEACAC
5204904,C3CYCIBnBXBIAzArAqAiAaAVANAQAIAHABABABC7CkCPBvBLA+A2AtAlAfAbATAPAQALAHABAAAA
5205000,CJCHCWCBBlBHA5A8AvAjAkAYARAOAHAEABABACB5CTCKB+BgBBA2AzArAfAdAWAOARALAFADAAAA
5205109,CLB+B6B2BoBcBHA4A1AnAgAVAOANAIAEACACAACFB7B6B3BiBVBBA3AuAkAiAUATANAIAEADABAA
5205208,CcB/CTCKBoBGBCA4AyAhAuAVAPAPAGAAAAAAAACaB3CQB5BKBIA3AyAwAgAmALAOACAIAJAAAAAA
5205307,DACYB9BjBSA5A6A5AuAzAqAVAVAVAMAFAAACAAC7CWB+BdBJA9A0AsAlAgAgAWAPAQAJABABAAAE
5205406,B/CMCQB/BaBAA4A0AvAmAjAYATASAHAHADABABB4CLCQCBBdBIA5A2AuAjAeAaAUAMAJAKADABAB
5205505,CfCYCUBxBSBCA4A1AyAlAfATAQAMAGADAAAAABClCQCXB5BUBEA+AwArAfAaAPAMAMAIADABAAAA
5205604,CxCQCCBeBSBGBEAnAtAeAjAOAPAIAPAEAGAAAAC7CkCCBmBSBIA5A5AlAhAeAQAKAYANAIABAAAA
5205703,CHChCaBzBVBKAxBNA4AiASAPAaANAGAEAAAAACCOCaCqBkBTBHA7A3AsAXAWALAUAPABABABAAAA
5205802,CmCcCGBpBSBLA5A1AwAlAfAbAdAXANAIADABABClCPB7BeBFBAA0AuAoAhAcAYAXAUAKAKADACAB
5205901,CCCFCCByBVBZBNA9A9AuA1AVATASAMAJAFADAACFB7B0BnBUBJA6A2AvAkAmAMASAQANAJADABAA
5206008,DECcCFBXBlBOA9A1ApAxAtAXAQAMAAACAAACACC9CeB7BkBQBAA0AkAmAdAhAEAUAKAEACAAAAAA
5206107,C0CgCLB1BPBEA2AsAuAnAhAYAeAPAMADABAAAACmCaCNBpBOA/AvAlAkAjAaATASAGAOAHABAAAA
5206206,ClCOCBB9BkBNBAA1AtAmAgAYAUAOAJAFAAAAAACZCVB7BuBSBKA5AvAlAhAYAYATAMAIADABACAB
5206305,BoCCCTB0BLA6A5BCA9AzAqAcAcAKAMAdAKAAAABjB3ClBLBFBFA6BBAzA3AnAoAXASANAMAHAEAA
5206404,CnCcCVBxBbBQBBA/AxAgAXAVARAMAHAEAEABAACiCZCKBtBXBIA6AuAkAYATANAMAIAEADACABAB
5206503,CMCGCSBoBDBNA4A+BEAtAtAWAfAQAPAHAEAAAACCCXCTBYBIBDA8ArA2AoAbAXAVAIANARAAAAAA
5206602,CBCICABpBiBFA9A9BBAqAyAaAUAVANAIACACAAB4B6CABoBRBGA/A/AnAvAfAeAhAQAHADAGACAA
5206701,CzCZB6B5A9A/A8AqA1AiAoAYARAJAGAAAGABAAC/CVCLBuBIBRAtAtArAcAhAeAKAOAKAFADAAAA
5206800,BkCFCIB9BSBVBFA4AoAkAlAfARAgAGADADAAAABxCRCZB0BRBVBBAvAuAlAvAYAZAMAFAIAAAAAA
5206909,CRCFCDBvBzBkA8A5BCArAmAOAUASAPADAAAAAAB6B2CCBlBSBSA5A1A7AdAiALANAMAQAFADAEAA
5207006,CoCRCMCCBXA/AtApAlAkAaAVANAVAMAGACAAABCoCJCKCCBiA+AxAqApAhAfASAOAUALAFACABAD
5207105,CJCfCNBnBHBNA+BHA7AnAUAlAQAWADAHACAAAACLCWCcBhBMBMA6A+AiAfAbAWANAMAMAIAAAAAA
5207204,DACiB7BtBQBIA3A1ApAlAnAUATASADAJABACAADDCjCABjBKBLAwAiAjAhAbAPAMALALAEAAABAA
5207303,CtCiCLBrBiBAA5A7A2ApAnATAaASAGAIAFAAACCzCNCCBcBIA2AwApAnAeAbAVASAKAKAFABAAAD
5207402,CXCUCNB1BhBYBBBAA8AlAiAUAOAOAIAKADACAACSCQB6BvBTBHA2AzApAcAYAQAOAIAFAEABAAAB
5207501,CLCMCbCFBmBQBEAzAnAoAqAZAXALAJAAADAAAACACJCCB9BYBJA5ArAtAiAbAQAPAOAEACADAAAA
5207600,CKCJCTCGBnBKBCA4A2AnAlAWAWAJAHAFADABABCHCCCMB5BdBCA9AxAoAeAZAOANALAJAFABABAB
5207709,CpCiCTBsBTBEA3AxAuAlAkAZAQAOALAJACABAACnCUCJBrBNA8AyArAsAhAaASANAOANAGABACAA
5207808,B7CJCFB/BbBGA9AzAyAqAiAfATAUAMAFABAAABB3CCCPB8BbBHA6A2AyArAoATAPARAMACAFABAA
5207907,DNCoCBBvBrBaAyA0A1AuAbASAUAKACACAAAAAAC9CcBxBrBRA1AxAoAeAWAbANALAPAHABAAAAAA
5208004,CgCWCNB4BbBFA2AzAyAiAbAaAQALAHAEABABABChCTCKB5BbBEA3AwArAfAcASAPALAGAFACABAA
5208103,CkCfCUB5BXBDA7A0A0AkAfAVATAMAGADABABABCjCYCKB5BaBCA2ArAmAbAaAPAOAHADAEABAAAA
5208202,C6CoCLB0BSBPA8AyAwAjAcAYARAKAGADABABAAC9CVCLBvBSBAAxApAkAaAUAMAIAKAGAFAAAAAB
5208301,CtCdCLCEBWBGAuA3AhAoAdAIAYALAJAIAEAAABCcClCMBzBPAzA4ArAvAkAaANATAKAKAIAAAAAA
5208400,CbCNChCMBgBIA2AuA3ApAdAaAPAQALAGADABAACNCNCBBqBOA+A0A1AqAiAaAVAPALANAGAAAAAB
5208509,B9CBB7B2BeBGBSA/AsAwAmAlAVASAGAIADACAAB9BwB8B2BWBIBEA8AyApAjAVANAWALAHACABAD
5208608,CKCLCMCABXBIA4A2AxAnAeAVARANAKAFABABABCHCLCQB/BgBJA4A3AsAjAaAWAPAMAJAFACABAB
5208707,CFByBvB4B0BaBEA1AvAkAdAUAOAKAHAEABAAAACABvB2CKB+BhBJA5AwAlAeAWAQAMAHAFACABAB
5208806,CgCOCNBtBgBNA+A3A0ApAtATAUAQAHAEACABAACTCOB+BoBUBGA5AxAuAdAeAWAPAGANAEAEABAA
5208905,CaCVCHB0BcBIA5A3AxAmAfAZATAPAJAFADAAAACVCPCJByBWBFA3A0ApAjAYAXARANAHAFACABAB
5209002,CvCQCTBmBMBDA2AwArAlAcAbAUAWARAFAAAAAACtCPCIBmBRBDA5AsAuAkAbAXASAPAKAGACABAB
5209101,CJCOB9BvBdBMBFBBA5AsAjAbATAMAKAGACAAABCIB/B6BuBdBNBBAzAyAlAfAXAQAMAIAGADAAAA
5209200,CcCSCFB1BPBOBHA2A1AlAgAYASANAIAGAFABAACZCPCCBnBcBGA6A1AqAjAeAUARANAGABACACAA
5209309,CxCpCHBrBQBDA+AxAuAkAcAVAQAPAHAFABABAAC0CYCHB2BLBIA5AtAlAeAYARANAQAFADAAABAA
5209408,DHCXCFBzBaBPAvA8ApAjAbARAVAPADAEACAAAADCCdCGBgBYA6ApAtAfAeAhAUAJASAHAEAAAAAA
5209507,CcCUCLB3BZBGA7AxAqAlAaAYAOAMAIAFABAAABCZCPCSCBBeBIA8AsApAhAZATAPALAIAEACAAAB
5209606,CcCoCWCCBVBCA5AxA3AnAjANARAPAKAFAAAAAACKCOCCB0BQBHAxAmBBAlATAWANAQAGAEAAAAAC
5209705,CRCFCLB1BlBNA7A+A3ArAiAbAUAMAIAHAFABABCMCFB+B4BUBJA2A0AqAhAVAaASAQAHAEAEABAA
5209804,CECXCOCLBlBHA9A7ArAmAdAbANARAHAGAAAAAAB9CKCTB2BVBAA5A8AlArAWAaASANAFACAAAAAE
5209903,CqCgCHBrBkBJA6AvAnAfAgAVAJAQAGAEACAAAADACPCLB2BcBAA2ApAnAdAaASAQAFACAJAAAAAB
5210000,B/B6CDCBBoBNA9A0A0AqAfAaAPAMAJAHADABAAB6B0CGCGBtBQA+A5AwAnAdAWAQAOAIAGACABAB
5210109,CIB7CHB5BZBDBAA5A0AsAjAdAVATAMAJACAAABB5B9B/B1BXBHA7A0AxApAgAeAdATAKAKAEABAC
5210208,B5CCCOCIBeBMA8A4AyAnAdAaARANAMAHACABAAB4CACRCGBfBMBAA2AuAlAdASAQAMAHAFACAAAB
5210307,CICWCRCMBhBKA7A5AwAtAXAfAaAXAOAEAAAAACCSCaCCBZBFBFA6AuAqAiAfAMASADALAFADAAAD
5210406,CJCJCHB7BiBQBDA3AyAkAhAYATAPAHAFACAAAACOCMCLB1BYBIA6A0AqAkAaAVARANAGAGABABAB
5210505,ClCgCSB+BUA/A3AvAsAjAbAdAUAOAMAHAAAAAAClCfCFBmBMA7A2ArAwAeAbATASAMANAEACABAA
5210604,CRCNCYCDBbBHA4BAAyAkAbAVAOAOAKAEABAAAAB+COCaBxBZBDAzA8AvAjAcAQAWACAIAIADABAA
5210703,CyCTB+BjBQBFA8A0AzAlAgAWARAYAOAHACAAAAC2CLB6BsBOBGA+AvAsAgAZATATANAMAJADABAA
5210802,CDCECbB7BgBSBBBBA+AwAhAYAUATAKAKAAAAABCCCACABfBRBCBBA7AvAmAiAMAMAPAGADABAAAB
5210901,CNCQCMCEBjBGA3A0AyAoAhAZAPASAIAFADABAACICPCOByBXBCA+AvArAkAZAVARAOAJAGACABAB
5211008,CJCDCLCCBoBOA6A0A0AqAtAUAXAIAKAGABAAAACFCNCNCABeA+A0AyAyAiAaAQAOAJAJABABAAAA
5211107,C8CvCSBgBpBMBMA6AvAgAZAWARAJACAEABAAAADICMB3BlBOA7A5AwAhAXAWAPAJALACACAAAAAA
5211206,CTCaCSB7BXBJA5A4AzAiAdAYAPAMAJAEACABAACICQCOB9BWBIA5A2ArAiAXAWAQALAHADABABAA
5211305,CiCJCCBeBbBZBYBKA+AxAWAkAXATAEADADABABCVCTB1BjBXBRA9ApAeAgAYAOAPACAGADADAAAA
5211404,B6CACNB6BmBMA6A5AuAjAiAbASAPAJAJACABABCICHCNB6BcBNA3A0AtAmAhAUAOASANABACACAA
5211503,CEB8CCByBfBQBGBBA6AtAjAYATAMAIAGABABABB9B5B+B6BkBTBDA7AvAmAcAVAPAOAJADACABAA
5211602,CUCSCXBtBhBbBDAzA4AmAkAbAWAUAMACAAAAAACNCKB/ByBUBRA0AtAsAhAKAWANALAHACAAAAAA
5211701,CJCNCHB0BbBLA9BGA7AwAgAcAYANALAFADAAACCRCICABuBUBGA2A6AoAgAeARATANAGACADABAB
5211800,CPCTCOB6BiBLA7A4A0AoAhAXATANAKAEACABAACLCICLB2BaBFA0AzAsAiAZAVAQAIAJAFACABAB
5211909,CJCJB/BuBbBMA9A6A0AnAgAaAVASAMAIADACAACNCCB+B0BZBPA/A3AvAmAeAYATAQAKAGADAAAB
5212006,COCYCWB2BcBcA/AkBMApAqATAWAXAFAEAGAAADCCCBBzBtBgBIArAzAwARAlARACAdAFACAEAJAA
5212105,B3CVCLB+BfBPBHA2A1AnAmAZAOANALADAAAAACB6CICSB2BaBJA+AyAtAlAeATARAGAIAIABADAA
5212204,CWCOCGB1BeBQBFA7A0AnAbAaATANAJADADAAABCTCQCEBtBgBOA5AxAqAgAUAUAQAJAHAFABABAA
5212303,CWCMCOB8BkBIA4AtAtAlAqAbAdARAIAJAEABAACMCEB5BuBVA6A0A0AtAlAmAZASAWAIAFACABAA
5212402,CiCNCJB2BaA/A0AwArAqAgAYAMAUAWAHABABAACrCQCMBkBZA5A0AyAoAjAbAWAPASAOAIACAAAB
5212501,C5CXB9BlBUBRBFA4AwAhAcAVAOALAGAEACABAAC0CPB6BpBbBTA/AwApAcAWATAOAKAGACABABAB
5212600,CSCHCIB7BmBTA0A/A1AzAaAkAcAHACAKACAEAACRCWCLBkBTBKA0AuAlAfAdANAPAPAEAEAAADAA
5212709,C1CxCPB1BOA7A1A4AxAcATANARALAKAIAAAAAAC9CbCRBaBEBFA2A2ArAZAUAXAQAOAGAHADAAAA
5212808,CaCaCOB3BdBPBFA1A1AmAhAWAQANAGAFACAAAACZCSCGB4BUBGA0AwAoAeATASAMAKAGADACAAAB
5212907,B+B1CQCSBkA5BLAsBCAqAaAfAPAfAjAAAFAAAAB3BzCFBvBPBCA1BPAYAfAbAjAUANAAANAAAHAQ
5213004,COB9CBBzBaBSBCBEA6AqAuARAQARASAEAFAAAAB1CNCDB0BhBEA6AtA4AgAdAXAUAIAIACAGAAAC
5213087,C4CfCFBnBaBYBOA4AtAgAXAQANAJAEAAAAAAAACsCcCJBxBfBVBBArAhAWARAMAIAGAEABAAAAAA
5213103,CDB7CICCBmBQA+A1AzAlAlAXAYAQAMAGADAAACB9B+B/B9BdBKBAA4AsAmAlASARALAJAEACABAB
5213202,CzCdCPBzBRBHA1AtA0AjAbAbAQAQAIAFABAAAACnCbCNByBTA/AyArApAdAZAQAOAMAIAGABABAA
5213301,CzCaCNB1BOA/A8AwAvAnAWAaAUAMAGAFAAABABCrChCRBvBRBHA3AqAkAiAYAPAOALAEAFAAACAA
5213400,CHChCcB3BtBNA+A+A9AgAXAdARAPAGAGACAAAACAB3CCBwBVBOA3A5AqAcAiARATAMAFAFAAAAAA
5213509,DTCXCHBoBNBEA+AwAzAlAmAZAVASAHAFABAAAADACMB6BfBJA9AwAvAtAaAcAWAQAQAKACABAAAB
5213608,DACvCRBjBPA8A/A3AmAgAjASAPAQAKAJABABAADRCYB6BcBIA1A1ArAiAfAbAQAKAPAPAIACAAAA
5213707,CNCaCTB4BkBSBNA8A0AqAcAWALAOAJADABABAACWCVCBBtBWBCA7A2AnAdAUANAMAIAHACAAAAAC
5213806,CBCECCB2BXBOBCA6A5ArAnAaAWASALAFAEABABB9B4B6ByBcBOA+A7AxAoAgAaAXAOAJAHADABAB
5213905,CVCYCTB8BfBLA5A+A2AnAeAWAQAMALAEABAAAACQCYCIBvBVBAA0A1AsAdAVASARALAGADADAAAA
5214002,CeCeCLBwBVBSA/A/AzAkAYAVAVAJAGACACABAACWCRCQBvBRBOA9A3AnAfAVASAJAQACAEAAAAAA
5214101,CkCcCFCBBWBDBAAzA1AaAmAXAUARAIABAAACAACiCZCUBxBPBCA3AtArAbARATAPAIAHAEAAAAAA
5214200,C1CXCKBrBMBBAwAzAqAoAjAeAUAbAMAGABACABCtCVCBBZBFA5A7AvAmAgAgAVAXAUAPAHABACAC
5214309,C2CPCCB6BPBBA0AtAwAsApATAOAVAIAHADACAACxCKCOBnBVBDAwAqAtAmAZAWAMAVAFAGAAAAAA
5214408,CSCRCIB4BXBNA/A3AxAwAnANAWAKAKANACAAACCMCECABqBZBDAyA/AsAoAdAUATALANAKACAAAA
5214507,CHB9CBB5BgBLA5A1AzAqAfAZAZAMAMAJACAAABCGCICNB7BZBIA6AzAtAnAiAVAVAMAOADADADAA
5214606,CuCSCGB5BmBVBAA1AwApAhAXATANAHAEABAAAACmCQCDBvBYBCA1AtAkAeAWAPALAIAGAEAAAAAA
5214705,CDCTCaB7BmA/A/AzAuArAmAMAOAOAXAGACAAAACECRCYBxBbBEAyAvAiAlAcAfAQAIAOAFAAAAAA
5214804,CACOCJBoB7BZBEA+A+AhA1AOAhAJAMADAAAAAAB0B4B/BjBoBIA1A8AvAeAlASAOAOAMAEAAAAAA
5214903,C4CWCDBxBJBAA6A4A/AfAdAfAQAQALACAAAAAAC0CYCBBuBEBDApA4ArAdAWAXASAPAIAJADAAAB
5215009,B7B/CICXBoBCA4AuA1AwAlAWAbASAGAEACAAAEBoCSCTB3BOBHA5A0A4AiAXAfAPALALAGAHACAA
5215108,C3CWCKBxBPBIAyAqAdAwAaAYAMAaAPAFAAAAAACvCRCHBmBSA5A5AsAuAkAkARASAUALAGACAAAA
5215207,CPCkCaBwBdBNBCA2A0ApAXAbAMARAKAEACAAAAB/CRCKBjBiBGA6AyAuAfANAWAXAJAPAAADAAAA
5215306,CGCTCKB1BiBEA/A3AxAtAiAjATAPAMAFACABABCDCCCHBxBYBFA0AyAtApAeAbATAPAIAGADAAAB
5215405,B/CQCRCGBmBPBBA7AzApAgAeATAXAAAPACAAAEBtCFCHBkBNBDA7BEAmAdAdAiALARASAFAAAAAA
5215504,CRCGB7BrBgBKBLA6A+AlAaAwATALAPAHACADACB4B+CJByBJBOA7A2AoAkAwAhAMAOAJACAAAAAA
5215603,CyCvCUBqBLBAA7A2AxAlAiAWAUAOAIAEABAAAAC3ChCJBdBHA7AzAvApAgATAUANAPAFADABABAA
5215702,CPCGCFB5BjBTBDA+A1AsAeAZAYALAIAEADACABCKCICHByBdBJA7AyAuAeATAXANANAFAFABABAB
5215801,BoCTCHBcBHBDAnA+A3A7A0AiAcAQAcAIAHADAFBnBvB7BvBIBQA/AvAmAxA4AWAvAlAEAWAAACAA
5215900,CLCeCHB7BWBDBGBHA1AtAaAcAVANAMAGAAAAAACKCYB9BrBUBJBBAyAdAtAfAKAMAJAGAKADAAAA
5216007,CJCBB1BuBOBfA4A/BBAoAfAoAUAlARACACAAAACCCBB/BnBYBABMAwAvAjAeAWATATAPAEAAAAAF
5216106,CgCQCRCABWBFA5AwAwAiAaAZAOAMAIAEACABABCVCbCTB/BdBFA2AsAoAeAXASANAKAHAFACAAAB
5216205,CxCeCRBqBRBFA9AyAsAlAdAUARAOANAEABAAABCyCVCJBvBPBCA7AvAlAbAWASALAMANAFABABAA
5216304,B6CNCQB5BYBKBCA/A6AvAhAjARAVAJAEACAAABBvCHCLB5BLBJBEA2AxAgAdAbAOAMAGAEACABAA
5216403,CNCKCEB0BnBcBQA9A2ApAaAaAOANAKAFABABABCMCBCDB3BgBLA/AyAkAeAWAQAKAPAFAHACABAA
5216502,CYCMCCCMBaA7A2AoAsAkAmATATASANANADACABCbCbCHB0BTA6A0AvAkAmAgARAXATANAGADABAA
5216601,CvCeCOBsBaBGA/AzAyAqAfAVAUANAHAGABAAAACzCZCGBnBQBEAzAwAiAaAYAOANAOAGAEAAABAA
5216700,CuCmCSBxBYBJBCA6AwAmAcAWAQAMAFADACAAAACqCbCJBuBLBFAxAvAmAbAUASAJALAEADABAAAB
5216809,CQCMCJCCBcBPA4A9AzAnAcAcAXAMAIAIABABABCLCICGB1BYBHA1AzAtAjAXAVAPARAJAFABABAB
5216908,CuCaCCBzBeBOBDA0AxAgAjASANAQALACAAABAACnCXCJBwBYBJA0ArAjAeAZAQAPAJAFADABABAA
5217005,DFCLCaByBOA+AzAjA6AbAkAXASALAPADAAAAABC+CtB/BbBHAyA8AyAoAhAZAVAOAOAHAEAAAHAA
5217104,CECGCEBxBfBRBDA/A1AtAnAdAVAUAMAIAEABABB9B/B5BuBZBHA+A2AuAkAiAZARARAMAEACABAA
5217203,CTCVCBB3BcBPBDA9A3AmAeAZAWANAHAEABAAAACCCcCOBwBbBMA5A2AlAhAaANAMALAIAEAAABAA
5217302,CgCZCJBzBcBLA/A4AwAkAbAeAZARAHAGADABAACbCRCDBlBNBAA4AwAmAhAfAVAQAOAKAFACABAB
5217401,B3B3B/B6BZBIBDA5A1AuAfAcARASALAGABACABB7B2B/B/BhBRBFA3A2AsAiAaARARALAGAEADAC
5217500,CuCgCBBxBXBMA+A4AzAkAfAVARAMAMAGACABAACeCUB+BvBZBIA/AlAoAcAXAQANAOAIAFABAAAA
5217609,C7CnCRBuBJBGA6A5A5AlAjARAOALAIADABAAAAC9CgCCBZBHBDA7AvAkAgAVASANAIADADACABAA
5217708,CLCKCJByBUBMBDBCA2AwAhAcASAPALAIADACAACICEB+BpBWBOA8A4AwAnAcAWARAMAIAEADABAB
5217807,CyCnCOBxBNA+A4AuAwAhAfASAKAWAXALAAACABCwCQB+BeBPA2AwAwAnAoAaAXASAOAaAFABAAAB
5217906,CwCkCRBtBLAzA3AvAxAfAfAYAPAPAOAGADAAAACwCeCMBvBGA+A4AuAuAkAZATAWAKAIACABAAAB
5218003,CfCYCIB6BcBIA+A1A2AjAdAWAPAOAIACACABAACZCQCIB5BdBHA5AwAnAiAZAPAOAIAGAEABAAAB
5218102,CCCbBsBmBPB6BHA0A8ApAvAQAQAIAHAKAGAAAACECGBvBJB2BvBHA8ArAgAUAlAGALALACAAAAAA
5218201,C4CcCLByBJA+A1AuArAfAdAVAOAPAOAIABAAAACtCcCMB4BRBAA1ArAqAdAXATAPASANAFACABAB
5218300,C+CgCHB3BRA9A2AwAqAfAgASAQAQAGAHABABAAC5CYCMBrBLA8AwAvApAhAbAVATALAIAFACABAB
5218409,ClCSCFBtBiBPBVA3AyAfAeAVAPAPALAGAAAAAACvCdCLBjBQA/A6AqAeAiAZAPAHAOAHACAAAAAA
5218508,CCCCCEB3BiBSBHA+A8AvAjAbASAMANAFACABAAB8CDCCB3BdBJA6A2AvAjAaAVAQAOAHAFACABAA
5218607,CIB9CIB2BYBDA6A1AwAnAgAWAUAMANAHAAABAACJCHCOCABcBPBFA3AuAgAfATATAQALAJABABAA
5218706,CjCcCOB5BJBFA3A6A6AqAaAOASAMAOAJAFAAAECHCRCSBvBGBCBDA1AxAaAiAJAQAQAKAKAAAAAA
5218805,CJCCCFB4BiBRBHA+A0ApAhAYASAQAIAFACABABCGB/B+B2BiBQA9A0AtAiAcAWAQAMAHAFABAAAB
5218904,CDCXCbB9BTBEA5AxAwAmAkAYASAQAGAFAAABACB8CNCQB8BXBGA6A0AxAiAgAWASAQAJAFABAAAA
5219001,CXCYCbBzBWBQA5A+AxAkAVAUAQALAJAEABACABCSCdCUB1BSBMAxAyAoAeAWAQANAMAKAEABAAAA
5219100,CUCJCYCJBpBFA9A0A2AiAlAaAKAQAJAFACAAAACUCRCRB+BEBBA3AsAnAfASAZAJATAGABAAABAA
5219209,CMCJCDBvBmBbA8A/AxAzAzAZAbARALAGAAAEAAB4B+B0BqBTBBA5A4AiAnAtAQAVAPAHAIAFADAA
5219308,CPCCB9B9BhBWBFA8A2ApAgAYAQANAHAEABABAACLB8B9CBBpBQA7AzAuAjAcARAKAKAHADACABAB
5219407,CRCGB8BvBmBOA9A3A5ApAdAZAWAJAPAJACAAAACjCPB7BvBbBOA5AxAmAgAXAZAPASAPADAAAAAA
5219506,CWCQCgB4BWBDA7A8A2AiAZATALAQAJAEAEAAAACACWCTB1BTBNA/A3ArAhATARARAOADAJAAAAAB
5219605,CkCaCEByBYBLBGA6AvAhAWAYAUAHAFACAAABAACkCeCGBzBmBGA6ArAqAfAYAOAHAJAFAFADAAAA
5219704,CmCiCOBzBZBKA+A3AwAgAhAXAQAQAKACADAAAACgCVCLBqBYBFA3AvAqAdAWARAKAHAGADADABAB
5219803,C6CXB5B4BcBKA8AsAtAoAdAYARAQAFAGAAAAAACyCUCLBpBQA/AwAsApAgAeATASALAGAEACACAA
5219902,CRCbCLB1BeBDBDA3A8AkAeAYARAPAHAJACAAAACYCUCUB0BLBEA6AtAlAhAdAPAOAKAHAFABABAA
5220009,CoCDCGCGBXBbBHA/A7AhAfAYAOARAMAJAAAAABCpCIByBbBRA6A2AyAoAgAiAMAKAKAPAIAFAAAA
5220108,B6CFCRCBBdBGBDA4AyArAfAWAUAOAHAHABABAAB3CCCQCGBfBKA+A3AuAkAbAVAQASAHAEABAAAB
5220207,CXCRCTB9BaBPA/A7AzAmAfAUARAKAIAFAAAAABCPCUCJB4BfBIA3AzAoAgAXAQAJAIAHACABABAB
5220306,DDCaCEBnBQBGA/AzAzAjAhATANAQAIAEABAAAAC7CSB+BjBVBHA8AuArAfAbAQAMALAIACACAAAA
5220405,CHCOCHBwBZBYA+A7A4AqAnAeAPARAHAGABABAAB+CKCEBwBeBJA/A1AsAiAlARAMANAFAJACABAB
5220504,CUCfCEBkBDBJBSBOAxAqAlAhAVAbANAEAFAAAACZCNB6BXBFBRAwA/ApAbAeAWAUARAFADABAAAA
5220603,CcCYCSByBbBNBCA3AxAlAgAbASAPAIAJACABAACdCNB9BkBOA/A0A2AnAiAbAYARANAKAFADADAB
5220702,DBCeCABsBUBCA7AtAjA0AZAUALAOAEALACAAAADMCWB3ByBTA/AkApAkAmApAKAPAQAOACAAAAAA
5220801,C4CMB+ByBQA9A3AuAzAsAhAPAPARAJAFABAAADDACOCBBnBHBJA7A1AuAhAeAWARAQAKAFABAAAA
5220900,CtCaCBB4BMA6A8AvAmAkAjAUAaAVARAHABACAACxCNCOBmBFA0A3AqAjAsAbAXAZAPATALAAABAB
5221007,CICLCUCGBhBGBAA8A0AsAdAdAVAMAIAHADADAABvCLCOB1BaBHA6A0AqAhAcAUAPAKAFAIAAACAA
5221106,C3CeCDBuBOA6AzAzAsAiAkAXALAVANAJADABAAC1CUCBBrBNA/A0AtAuAjAXAWARAQAOAHAAADAB
5221205,CqCRCGBxBRA/AyAuAxAiAhAWAPASAMAGACAAABCuCKCIB0BXBIA2AtAtAlAdATANARAOAJADAAAB
5221304,B/CLCRBsBQBABDA/A8AlAwAnAfAQAIAPAGAAAACECFBvBeBIBBA8A+AyAjAfAkAMAUAHAOAKAAAD
5221403,CMCGB/B5BZBKA6A0AtAoAeAdATARALAGACABAACLCFCBBzBjBOA9A3AtAnAdAbAUAOALAGACABAB
5221502,CECMCVCBBgBQA8A1A1AxAcAdARASAKAEABAAABBzCGCKB6BQA/A4BBApAjAfAaAQAMAGAHABAAAA
5221601,CSCWCQB8BcBCA5AwAyAlAhAVARAQAIAFAAABAACOCUCRB+BVBGA5AwArAiAbATAPALAHAFACAAAB
5221700,CICOCIB5BeBNA9A4AuApAfAYAUARAJAGAAAAAAB9B7CKB0BlBLA4A4AtAmAaAcAUAQAIAEADAAAA
5221809,CBB+B4CPBaBJBCA1A7AnAkAhAhAVANAKAAACACCFB2B+BsBJBCA+A5AzAwAbAkAYAGAGAHADACAC
5221908,CLCeB9B/BYBBBGA5A1ArA2ARAeAOAJAEAAAAAACUCFB7BoBPBCA9AuA1AkAhAZALAOAMACADAAAD
5222005,CQCRCGB8BjBLA+A0AyAmAWAhATAJAKAFADAAABCbCMCEBzBZA/A0A1ArAiAbAdAMAOAIAHACABAA
5222104,CuCRB7ByBcBIA9A1AuAqApAbAVAMALAEABAAAACuCQB9BwBWA/A0AqAoAeAeATASAKAKADADAAAA
5300108,CXB3BuBtBrBdBKA6A0AjAaARAKAHAEACABAAAACRB0B0B/B5BnBQA8AwAhAaARAMAJAFADABAAAA
