codigo,pir
1100015,CSCGCKB2ByBgBMA6AxApAbAbAVAIAEAEADAAAACKCGB/B9BSBPA+AwAjAgAbAWAIAEAFAEABAEAA
1100023,CMCLCFB2BoBhBOA/AvAoAgAaAUALAGACACABAACDCDB/BtBhBTBFA3AsAeAWATAKAGADACACABAA
1100031,CGCUCCB8BpBaBHA+AwAnAiAdATASAHABAFAAAACICQB9BnBLBIBGAyAmApAUAbAOAMAHAAACAAAA
1100049,CJCFCEBpBsBdBJBAAuAjAfAYAVALAIAEADAAABCCCAB/B1BmBUBJA4AoAhAXATAQAMAFADACACAA
1100056,CKCZCBBiBhBaBLBGAtAfAaAiAXANAQACABAAAACAB5B7CCBfBWBDAzAsAgAaATAPALAKACABAAAA
1100064,CKCTCLB6BfBUBBA/AwAmAiAeASANAHAFACABAACECLCGByBUBMA/A1AzAjAbAUAJAGAEABABAAAB
1100080,COCYCTBpBeBPA4BNA7AkAlAYAYAMADAJAAAAAACqB7CYBgBZA5A1BCAtAWAcAJALAIANAAAAACAA
1100098,CHCICDBrBqBeBQA+AzAqAcAbAWAJAEAHABAAAACFCOCEBtBaBQBLA5AkAaAbARAMANAIACAAAAAA
1100106,CNCHCIBwBhBfA7AuApAhAYAWAXAXAIAGAEABABCMCKCHB1BgBMBGA0AuAjAdAQAPAIAIAIAEABAA
1100114,CKCSCQB4BgBUBHA5AtAqAgAXARASAGACABAAACCFCNCJByBcBMA/A2AqAdAWAUALAHAFAEACAAAA
1100122,CCCICABuBjBdBNA8AvAiAgAUAPAQAIAFACAAAACACDCAByBmBdBNA9AtAfAWASARANAFACAAABAA
1100130,CDCVCdBvBqBeBPBEA4AqApAaAWAGAGACAAAAAAB+CFCMB1BEA/A9A3AxAiAPAWAJAIAEAAAAAAAA
1100148,CDCFCPCSBnBOBCAwA1AsAjAaAXALAIAFACAAAACBCECMB2BTBJA9BCApAcAbAQAUAHACACAAABAA
1100155,CKCSCKB2BhBUBEA8AtAjAhAcAUAQAHAFAAAAAACICKCOBtBVBPBBAxAoAgAdAWARAKAFADAAABAA
1100189,CPCMCLBrBjBcBLA/A1AnAZAeAVAPAGACACABAACECDB6ByBeBVBGA0AmAgAZATANALAFADABAAAA
1100205,CQCLB8BpBiBiBVBAAwAgAWAUAMAMAHADABABAACJCGB7BvBrBjBPA+AoAdAVAPALAHAFAEACABAA
1100254,CNCQCMByBiBTBIA9AuAhAjAZAWAMALAJACABAACBCICDBtBZBNBAA4AsAfAaAXAQAIABAIABAAAA
1100288,CKCFCEB1BjBZBJA+AxAmAiAaAWARADAEABABAACFCBCCB3BcBQBEA1AsAgAdASASAIAEADABAAAA
1100296,CbCHCJB3BzBcBJA1ArAiAjAVAWAOAJAJAAAAAACNB6B/BuBeBRA8A1AlAiAYAVAKALACACADADAA
1100304,CLCDB/BgBgBiBZBEAzAqAYAXASAIADABAAABAACGB+BuByBtBlBTA9AoAhAZAUAQAFAEADABAAAA
1100320,CgCQCHCBBpBdBLAuAwAsAlAdAWAGAFACACAAAACJCOCYBmBLBLAxA5AgAjAUAUALAGAAADAAAAAB
1100338,CdCWCQBsBkBbBEA1A1AgAjAaAJARAKAGAAAAAACRCPCKBkBWBVA0A2AhAnAXAOAPADAEAHAAAAAA
1100346,COCRCRB4BmBbBGAwAzAoAgAYAaATAIACABAAAACICKCMBvBTBPA+A7AjAYAVAaAKAFAEABAAAAAD
1200054,DGCdCUBvBdBVBBAsAYApAeAcAJARAJAEAAAAAAC6B8B6B+BRBNAsAlAtAhAWALASAKAAACAAAAAA
1200104,CKCNCLB9BmBSBHAuAzAiAWAjARASAHAGADAAAACJCSCHBjBWBSBAA3AfAhAXAcALAQAFADAGACAB
1200203,CpC1ChBwBTA8AwAtAoAfAYASAOAOAHAEADABAACmCgCbB9BRA9A4AtAjAbAZANALAKAHAGAEABAB
1200302,CpCzCfBzBQBEA1AqApAbAWAXAVAIAJAIABABAACjCdCdBoBQA9A0AtAyAgAOAVAPAHAIAGAAABAB
1200336,CsC6CuBvBXBDA8AcAjAgAZAKASARAPAFAFAEAACpChCbBjBGA1AwAqAiAmAVALAQAKAMAFABAAAC
1200344,CeC4CtBrBTBMA2AuAmAnANAeATAHAEAFAEAAAACZCzCtBfBFA9A5A0AzAVAOARABAOADAAAAAAAA
1200385,CeCiCZB1BpBOBBAoAnAtAjAbAXAWAHAHABAAAACXCYCJBkBEBEA1A6AoAZAXAOAPAHACABAAAAAB
1200401,CHCKCDBsBiBQBFA9AtAgAZAUAQAOALAGAEABABCECFCGB4BmBZBIA5AuAhAZAVANANAJAEADABAA
1200450,CYCfCTB2BfBHBBA3AuAkAiAZAYAQALAFADABAACQCNCLBdBUBJA5AwAoAiAXAUAMAMAIAFACAAAA
1200500,CUCxCkB+BSBEAzA6AvAhAUATAQANAFAJABAAABCcCvCaBqBLA7A2A2AjAWAaAIALAKAIAGADABAA
1200609,C1CzCiBzBUBEAyAsAjAfAbARASAJAKAGACAAAAC1CjCSBkBQBBAxApAmAYASAQATAKAFADADABAA
1200708,CSCSCDBvBeBIBCA2A2AqAeAaATAUAFABABADAACQCaCHBhBTBNA3A5AiAlAcAaAOAMAHAMACADAA
1300029,DKCnCQBnBwBXA6AfArAUAfAUAQANAFAEADAAAAC5CcB9B1BiA9AsAeAoAVAUAPAOAHAEADAAAAAB
1300060,DQCjB8B9BJBMArA5AlAmAJAOAJAVAPAOAAAEAADFCVCKBpBMBBA7AjAbAnARAYAMASAIAAAAAAAA
1300086,CzCzCbB7BcA0A7AvAZAjAcAUAfAOAMAAAAAAAACsDGB+BZBQA5AuAdAqAcATAZASAKAEAJAAAAAA
1300102,CwC0CqBbBCA5BWAtAYAqAWAZANARAKAJAFABAACuClCuBLBGBLA4AjAdAYATAPAOAPAIAEAGACAB
1300144,CoCbCNB3BMBOBSBAAyAqApAYASAZAAADAAAAAACaCMCOBgBTBJAuA0AoAYAYASAFAFAGAFAAAAAA
1300201,DEC6CWB3BcBLBBArAVAcAUAVAYAMAKAAAAABAADJCiCBBpBRBNAzAZAeAZAaADALADABAEADAAAA
1300300,CpCrCSB/BOBAA7AwAuAiAWAcARAKAFAOADADAACmCyCNBSBIBJA0AsAfAeAYAQAQAIAKALAAACAA
1300409,CnCSCFBzBrBTBDA3AvAeAnAQAVARAJACACABAACqCJCBBhBiA+A6AxAiAeAaARAMAOACACADAAAA
1300508,C3C1CPB9BLBBAvA5AtAZAbAWAOAWAJAGAFACAACUCgCIBlBHBRAlAwAoAfARAKAUAWAKAEAFAEAA
1300607,ClCwCUB6BTBCA4AlApAjAeASAdAKAHAJABABAACgCtCSBfBHBMAzApAmAWAaAQASAKAKAIABACAA
1300631,DKC4CdB1BbA+AxAtAjAfAdAPARAPAIACABAAAACtC0CMBlBMA/ArAoAeAWAPAQARAPAJABAAABAA
1300680,DNCrCbBsBMBFA4AnAwAjAdATAQAMAKAMAHAEAAC0CuCHBRA9A6AuAwAcAbANARASAVAKAIADADAA
1300706,CjCqCaBsBdBEA3AzAoAkAfAUAOASAJAFAEABABCbCjCZBvBKBAAyAtAkAcAZAPAMAKAKAFADADAA
1300805,C+CnCLByBLBBArAsAmAqAeATAUAYAJALAJABAAChCzCZBgA1AvAuArAiAgAWATAOAYAOAMAFABAB
1300839,CnCZBtBnBOBqA+ArAxAfAiAZA2ATANAGAHAAAAC5COBoBkBiArA6AxAZARATAUAtANAHACAMAAAA
1300904,DMDKCZBZBEA+BHAuAjAeAbAWALAHADADACAAAADKCzCfBTBBBJA2AwAhAWASAJALAIACABAAABAA
1301001,C6C5CiBrBQBCA2AyAiAfAWAPANAHAFAFADABAAC6C0CYBjBPA/A1ApAgAYATAQAIAJAJACABABAA
1301100,EUC1BzBOAzBZBRA4AtAXAQAUARAIALADABAAAADcCgBoA/BLBfBDAvAfAVAIAMAKAGAEACADABAA
1301159,CMCYChCEBoBHBAAkAqAxAuARAZAUANAFACAAAACLCHCQBpBEA/AzAvAkAmAZAUARAMAMADAAAGAA
1301209,CkCrCYCBBQA+A1AuAoAoAZAZAQANAIAIABAAABCpCcCgBkBLA7AxAtAnAiAbAPANALAIADABABAB
1301308,CvDBCNCCBTA4AxAzAlAkARAPAUARAIAHAEAAABCyC8CeBMBRA5AeAzAdAlAZAQALAGAMAFAAACAA
1301407,C0C+CvB2BRA/ArAtAiAWAZAMALAMAEAJAIACAACpCsCPBlBMBEA8AmAiAjAYAKALAFAFAGAFACAA
1301506,CjDPC0BzBTA+AyArAhAbATAMANAIAFAIACAAAACoDTC3BbBKAxA4AiAcASAbAQAHAEAEAAAAAAAA
1301605,CoC0CdCABXA+A0AuAoAhARAaANALAFAEAEACAAClCzCSB1BHA1AsAwApAbARAQAMAJAJAEADABAB
1301654,CjCfBeBhBUBeBMAoArAlAXAcAhAeAOACAFAAAAC1CICDBdBRBjAoAgApAeAaAjAQAXAIACABABAB
1301704,CYC7ChCHBZBBAzA2AnAeAhANAPAKAIAEABAAAACuCYCZBzBLA8AxA2AiAaASAMAKAJAGACACABAB
1301803,C/DCCuBXBHA9A6AxAcAnAOAVAMARALAIACAAACC0C9B/BrBEBGA+ApAcATAUAQAGAQAGAFABABAA
1301852,CdClCnB8BXBFBEAwAuAmAXAbARAQAHADACACAACVCdCHBlBTA/A5ArAhAZAgAYAKAGAHAFABADAB
1301902,CaCbCYBzBdA9A7AtAsAoAcATARANAJAGAEABAACSCdCZByBJBIA3AxAoAYAaARARATAJAHAIABAB
1301951,DuC+B2BXBoBtA7A2AYAYARARAJAFAGABABAAAADvCWBpBuBlBcAgAhAQAQALAJAIAFAFACABAAAB
1302009,CnB6CmBXBQBBA5ArAuArAeAcATAVARAIADAAAACeCwCkBXBHBHAsA0AnAbAoAXASAKAJAEAHAAAA
1302108,CxD4CcBtBMBCBzApAsAdAYAFAHADADAAAAAAAACOCWCOBVBHBGB5AhApAPAMAGAEABABAAABAAAA
1302207,C9DBCYCNBPA3AyAaAjAdAhAhAPAOAHAEACABAADRCSCNBrA7BRApAWApAoAQAKAKACAGAIACAAAA
1302306,DJCzB/BhBXA/BKAzAmAYAjAUAJAGADABABAAAADFCvCGBiBHBHBTAvAfATAfAJAJAFADABAAACAA
1302405,CfC/CtB3BLA9AxA9AhAiAXARALAPAEAEAAACAAChC3CfBuBEA/A3AoApAXASAOAPAHADACADADAA
1302504,CoCmCcB4BQA/AvAwAlAiAjATAQATAKAGAFABAAClCiCXBnBQA9A2AqAjAhAZAPANARAGAGADABAA
1302553,CRCoCZB1BXA3BKAwAuAqAkAWAUAPAPAGACABAFCXCnCeBoBCBDAeAsAmAfAhAGAWAMAJADACAAAA
1302603,B4CDCCBwBoBbBNA6AuAeAZARAOAJAFAEACABAAB2CBCFCABuBgBQA9AuAhAZATARAMAHAGADABAA
1302702,CjC0ChB0BRA9A3ArA3AfAeAQAPAMAIAEADABABCqCpCQBqBNA9AzAuAiAdAaAPAMAJAHAEADAAAA
1302801,DkDACRBrBaBFArAoAmAhAdALAJAKAFAHABAAAADfCuCNBdBOA9AtAhAUAbAXAMAEAHABABAAAAAA
1302900,CmCpCPBoBSBDA+A3AlAYAWAWAYAaAMAFABACABCsCkCbBkA8A8A2AxAkAYAVAaATAMAMAEAEADAB
1303007,C7CuCWB1BIBDAzAuAjAhAZAWARAVAJAIAEADAACqCyCOBiA/A7AwAqAhAjAWAQAVANAHACAKABAC
1303106,DBCSChBuBEA8AzA3AWAtAhALAMAcAbADACAAABCdC0CMBjBKAxAeA9AqAZAYASAXAZANAFABACAB
1303205,C9CvCRBUA2BABVAuBFAeAbAPAKAIALADADABAAC+C/CFBQA1BVBgAwAtARAPAHAIAHAEACAAAAAA
1303304,CdDFB+BzBJA7A9A5AoApAmAcALALAPAHAFAAAACfC0CZBXBHA8A9AmAuAiATAMAQAJAJACAGAAAA
1303403,CfCnCXBxBLBAA2AxAkAcAaAYASAQAMAGAFAEACCcClCYByBLA+A1AvAjAcAXAYAOAOAKAIAHAEAB
1303502,CYClCeByBJA/BSA5A6AmAWAVARAKADADADAAAACICoCcBuBWBBBJAwAnAbAVAIANAGAGABAAAAAA
1303536,CPCWCTBWBEB2BmBTBDAjAbAPAHAQAGAAAAAAAACUCIByBlBvBKBLA2AvAoAEAPALABABAAAAAAAA
1303569,CrCYCmBoBkBcBEBCAyAXAfARAdALADADAAAAAACcCeB+BaBZBBBFAoAjAdALARAPAHAEACAAAAAA
1303601,CGCgCQBoBcBJBLA0BDAqAqAdATAHAGADABAAAACYCWB8BkBPA5A/AxBDArAeAOAJAFAEABABAAAA
1303700,C1CyCVBvBPBBBKAnA2AcAbANAKAKAPADAFAAAACnCkCKBiBLA5BQArApAaAZAIALAHAQABAAAAAA
1303809,CZCOCABvBgBnAuAvA3AjAcAUAVAUAQAFADAAAACXCQB2BwBYA7BCA/AwAZAWAVAUAVAGAGABAAAA
1303908,C6CsCaB8BRBDA1AuAeAfAWAVATAPAKAFACAAAACtCkCGBsBMBFA0AqAlAZAXAUARAOAFADAAAAAA
1303957,CyCxCnB6BFBDA2AxAvAmAVAWAOAKAFADAAABAACtC7CTBhBEA6AuAtAVAZAPAWAXAKANAEAAABAA
1304005,C3CvCgBlBKBHBFBBAVAjAVAVATAdAHAFAHACAACjCiCJB0BABBApAkAYAcAQAdANAPAKAHAHACAA
1304062,CkClCLBxBhBBBCArAnAjAcAMAUAHAEAEACAEAACoChCKByBeBJA+AuAlAaAcANAJANADADACADAA
1304104,CwDRCjBkBCBGBRAlAmAWAWAMANALAFAEAAAAAACxC9CaBZBRBRBEAjAcAZARAJAFAEAEACABAAAA
1304203,CgC4CtB2BSA1AzAwApAgAcANAPAJAEAFADABAACiCyClBzBLA2A8AtAlAcAUAMALAIAEADACACAA
1304237,CaC5CfB/BQBDAvAqAlAiAdAQAXALADAAABABAAC0CxCfBoBMA+AnAuApAcAhASAFAHADAAACAAAD
1304260,CiDSCYBzBYBFAqA4AuAQAZAjASAGAKAIAFAAAAC8CvCeBqA1A9AcAnAoAVAVALAIALAIAEAFAAAA
1304302,CfCuChB9BXBMA2AwAoAmAWAVAYAKAIAHAFAFABCmClCLBnBNA3AuAnAbAcAfAPARAKAHAEAGAAAA
1304401,C3C4C6CMBNBBAxAeAhAgAaALAPAIAGAIAAAAAACoCuCUB7BKA9AuAkAkAbAUALAIAGAGACABABAA
1400050,CECnC2BPBPBOB0BRAtAmAkALAPAIAKAAAGAIAHBpCMCaBoBRAuBLAwAzASAZAQANAKADAFAEADAA
1400100,CGCGBxBqB/CHBmBDA0AiAcAQAKAKAFADABAAAACBCCBzBjBjBdBMA3AkAYAXAMAMAIAEADACABAB
1400159,CpB9B3B/BmBMBkA7AwA0AqAPAPAQATACAAADAACoCGB6BNBOBJA8AxAtAaAcASAHAFAOAEABABAB
1400209,CoCnCABrBLBJBtAxAuApAjAfATADANABACAAABCyCPB+BfBCBQAqA3AxAbAYAOAOANADADAAAAAA
1400308,COCGB8BsBwDwBeA8BeAnAdARANAOAGAHACAAAAB8B7BaBZA9BBA2AsAoASAVAOAMADAGABABAAAA
1400407,CmCfB+ByBxByBNBEA3AxAbAUASAHAHAFACACAACjCWB1BfBQBDAsAwAgAPAUAKAMADAEAEAEAEAA
1400506,BxCaCTBeBjCLB6BaBXA+AkAfASAJAHABAAAAAAB2CMB3BQA/BBA5A0AgASAOAOALACACAEAAAAAA
1400605,CuCqCbBqBEBJBCAuBBAvAbAeAPAPAHAFABABAACVCzCQBUA9BIA8BAAcAZARAQALANAFACABAAAB
1500107,CiCjCQB6BZBFA4AyAqAeAcAPAPAMAIAHAEABABCeCdCNBtBTBEA2AwAiAeAZAQAOAOAIAKAEAEAC
1500206,CkClCoBnBRBEA3AyAqAoAcAWAWAPAGAJAEADAACrCaCaBaBIBHAtAsAmAeAdAVAMALAFAEACABAA
1500305,DECxCoBwA8A/BCA4AtAUAWAPASANAGAIACADAAC6CyCBBXBCBFA1AkAsASASAVASAJADAEAGADAB
1500404,CmCzCbB7BGA6A1AvArAhAaAbAXAQAIAHADABAACfCoCcBfBAA3A0AzAiAcAXAWAOANAKAIAGACAC
1500503,CeCeCFBqBqBvBRA/AwAiATAPAQAHACAGABABABCcCZCPBhBVBEBCAxApAYAWAHAIAEAEAFABABAA
1500602,CUCUB9BwBdBXBPA6ArAkAZAUAQAOAHACABAAAACTCPCPB5BbBSBHAtAlAgAYASAQAKADADAAAAAA
1500701,DKCuCcByBUA7A+AqAeAeAWAWARAKAHAIADAAABDHCyCKBjBKA7AwAkAfAcASAPAHAGADALADAAAA
1500800,CSCMB7BqBkBdBQA7AoAfAYAOANAJAGADABABAACNCMB+ByBqBiBPA8ApAeAWASAMAJAFAFACABAB
1500909,C7C1CMB0BRBAAwAqAjAlAXAbARATAPAIACAAABCxCoCJBTBIAzA2ApArAiAZAQAWAOAMADACABAB
1501006,CoCmCcB1BPBEA7A1ApAlAeAaALAMALAHABACACCpCgCQBkBJA6A1AwAcAaAWAdAMAOALADACACAA
1501105,C+CqCiB7BYA0AwAlAjAnAVAIAOAVAJAFAEAAAAC5CzCSB3BPA9AnArAiAYAPANAJAOAKABACAAAB
1501204,CyClCXB3BaA+AxA3AoAiAZAUAUAPAIAKAEABAAClChCFBnBOA7A1AnAjAgAdASASAMAFAGAHABAB
1501303,CsCcCJBpBbBJBLA6AnAhASAUAKANAHAHADABABCgCaCFBnBYBVBDAxAnAaAXAOAMAMAJACACACAB
1501402,BsBzB2BwBnBWBKA6AuAiAcAVARAMAHAFACABABBoByB+CDBzBfBSBDA0ApAgAaAXAQALAIAFADAB
1501501,COCMCJBrBmBTBEA5AsAlAaAVAOALAKAEADAAABCICSCHB3BjBLBFAzAnAbAYAWASAOAHAGADABAA
1501576,CVCfCTBxBgBLA3A1A3AhAmAVAMAMAMADAGAAAACUCXCLBdBVBHA/AwAiAiAZAUASAJAGAKAHAAAB
1501600,CkCrCRB1BfBDA6AyAoAjAWAbAcANASAMACAAAAChClB6BjBQA7AyAqAfAZAbAXAWAJAJAFAHABAA
1501709,CgChCPB3BNBAA1AyAmAkAbAWATATALAIAEABAACfChCNBrBLA8AzAyAkAhAbAYAaAMAOAIADABAB
1501758,CiCrCSBlBUBAA2AzA4AhAkAaAOASAJAMADAAAACcCdCNBjBHA9A9A0AfAgAbAWAYAKAOADAAAAAA
1501808,C4CrCWBzBRA4A0AvAqAcAWAQASANAKAHAEACACC1CkCQBxBSA2AzAtAcAcAUAPAPAMAKAJAGADAB
1501907,CfCdCQBuBgBBA2AwApAnAbAdAVAVAOAIAEABABCoCRCABqBIA8AwAtAmAlAZAZASAXAIAFADAEAB
1502004,CkCjCbBzBjA7A1AtAhAnAZAeAWAPAKAGAHABABCXCdCDBkA+BFAwAqAmAjAjAWAWAMALAOAGAGAA
1502103,CwCpCSB4BRA7AqAwAlAhAZASATAQAIAIAHACABCtCiCSBlBNA4AzAqAlAfAbATARAPALAMAGACAB
1502202,CFCOCMByBTBFA+AzAqAjAgAVAUAOAKALAFACAAB/COCMB8BbBNBCA6AoAhAdAWARAPANAIAEADAD
1502301,CqCoCVB1BbBEA/ArAoAgAbAXAOALAJAHAEABAACmCfCMBpBSBCA6AsAkAbAXARALAKALAGACABAA
1502400,CICJCEB5BiBLBBAyArAcAeAWAOANAJAFADABABCECUCDB1BpBVBIA3ArAmAZAQARALAKAIAEACAB
1502509,CwCZClBnBXBFA6AzAsAhAbAVAcAGALAHACABAACwCgCABjBTBCA2ApAmAfATAWAPANAIADACACAA
1502608,CtCqCEB0BNA/AxAwAkAsAVAaAjAQAGANAIACAACrCdB+BQA/A7AsAvAlAlAqAWAUAUAMAQAEAFAA
1502707,CJCNCVB4BiA/A8A4AsAoAjAYATAPAIAFADABAACJCQCTB8BTBEA8A3AuAhAbASAMAKAIAGADAAAB
1502756,CjChCaB4BVA+AuAxAtAiAfAUAPAKAQALABACAACjCYCCBvBgA+A2ArAoAdAcANAVANAJAIADABAA
1502772,CsCUB+BjBVBaBSBCA+AuAhAkASAMADACABAAAACnCRB8BeBUBNA+AzAiAfAYAJAFAFAFACAAAAAA
1502806,DKCmCcCDBTA+AtAkAmAoAPAQARAJAKALALACAAC/CuCPBmBGA4AjAwAaAaARAMAGAOALALAFABAD
1502905,CZCjCaBvBSA4A0AwAlAkAcAeAcAUAOALAIAEABCMCZCCBfBCA0A0AqAoAvAbAjAaAVAMALAJAEAB
1502939,CTCcCPBwBnBcBHA5AsAfAbAVARAJADADAAAAABCTCYCIBsBaBYBFA0AiAdAWANAKADAFACABABAA
1503002,ChCyCYB0BOA3AzAtApAqAcAaAUAPAMAFAFAAABCYCtCKBiA6A9A0AuAjAlAgAPAeARAFAOABADAA
1503077,CwCrCaB7BeBCA2ArAqAkAbASASANAKADABAAAACuCkCVByBPA5AtApAjAfAXAMARAHADAAACAAAA
1503101,C1CsCVB8BgBCA3AqAjAkATAWARAOAGAGAEACABC4CoCNBrBJA2AsAkAjAnAQAWANAIAEACACABAD
1503200,CZCgCKBsBTBGA1AwAqAfAgAdAXARAHASAFAFAACbCVCHBnBNA9A6AvAlAkAcAWASAQAMANAHABAB
1503309,CnCnCaB1BSBAA0AxAlAgAZAQARAUAIAIACACAACjCgCRBxBSA4AxAuAmAhAUAWAIARAKAKAHACAB
1503408,ClCrCVBqBOBGA6A1AlAhAfAUATASAUAIACAAAACoCpBxBeBYA6AzAxAqAeAYAQAQAVALAJABAAAA
1503507,CrCpCQB4BWBAAwAwApAmAYAUATAPAHAMAFAEABCmCfCRBnBOAxAuAxAoAmATAPATAPAMAHAFABAA
1503606,CWCTCBBkBmBsBlA8AzAkAbASANALAFADACAAAACQCOB+BmBgBUBFA2AmAaAQAQAKAHAEACABAAAA
1503705,CfCoCRBwBVA7BKAvA0AjAaAfAUAJAIAGABAAAAClCmCLBfBMBCBDAvArAbAXARAKAMAFACACAAAA
1503804,CnCpCNBuBSBFA9A4A1AhAhAVAQALAKADACABAACgCgCSBkBPBEA+AxAgAgAaAOAOAKACAFACABAA
1503903,C8C/CgBrA+A3A0ApApAoAYAUAPASAOAGAHABAAC2C0CQBLA3AxAtA3AhAYAbASATAUAJAMAGACAC
1504000,C8CrCSCBBaA+AzAuAgAfAUATAKAKAMAKAHADACC8CbCJB0BNA2AtArAgAWASAWAOAPAHAJACADAB
1504059,CYCpCdBqBhA9BAAnAsAeAjARASAMAFAFABAAABCWCZCOB6BjBHA+AqAkAgAXAQAKALAKACAEABAA
1504109,CeCkCRB5BGA4AyAtA1AoARAQAQAhARALAGAAABCcCoCbBZA/A0AuAnAvAjAQAXAPAWAYAUAGAEAA
1504208,CcCYCKBqBcBMBCA3AvAfAbAUASAKAFAEACABAACWCVCEByBdBWBGA1AnAdAWASAOAKAHAEABABAA
1504307,CrCrCZBwBQA9AzAtAsAlAiAVAaATALAIAFACAACgChCCBXA5A6AuAsAhAxAcAZARASANANAJACAA
1504406,CaCkCPB6BQA8AoA1AsAdAiAdAfAUARALAIACAACYCeCEBRA/A3A1ArApAsAVAlAZASAMATADADAB
1504455,CRCaCKB+BkBcBMA4A2AqAgAWALAIAGAEADAAAACBCRCXBlBXBIBDAxAlAeATARAMAGADABADAAAB
1504505,DAC9CkByBTA9ArAyAmAiASANAJATAKAHACAAAADGCvCSBiBPA2A2AjAeAbAOALAHAMAEAKACABAA
1504604,CuClCQBzBVAzAyA2ArAiAXAVAMARANAKACABACCmCeCYBtBPA7A0AmAjAiAZATAQALALAGAFAFAB
1504703,CzCnCRByBhBEA8AzAnAmAcAVATANAIAFACAAAACqCgCHBmBRBAA0AxAkAVAWATAOAIAGAEABACAA
1504802,CfCkCfB+BUBBAyA3AtAmAZAXAVAKAJAJACABABCZCfCRBmBGA7AzAqAsAaAeAVARAKAIAJAEADAA
1504901,CpCmCdB9BMBAA9AxAqApAcARAOAPALAJABAFAACoCZCNBjBTA4A3AtAjAZAbAVANAOAHAJACABAB
1505007,CCCRCPB3BZBFAzAyAoAwAhAXAkAJASAKAGACABB/COCKBlBSA6BEAyAwAmAiAXAVASALAHAHACAE
1505106,CZCkCjB2BPBAA3AuAnAnAcAXAPAQALAIAGABABCXCgCXBoBDA3AuAxApAiAaAVAWAOAMAJAFACAA
1505205,DGCtCgBoBSBBAwAxAkAbAYAQATALAMAHAGACAADDChCFBeBLBNArAlAVAhAPAOANASAPAIAFACAE
1505304,CYCnCYBzBHBAA3A5AuApAaAVAQAQAJAHADAAABCWCfCYBiBQA4BMAyAmAmAVASAMAJAJAKAEACAB
1505403,CsCtCPB2BYA2AzA1ApAfAaAWAWAPAIAGACABABCfClCTBsBLBAAzAnAiAgAYAYARAJAHAIAGABAA
1505437,CKBoBuB9CvCTB2BRBAA6AlAVAKAHAGABAAAAAAB3B0BlBeBbBIA8AoAuATATAKAEADAAACABAAAB
1505486,CoCmCWB7BUBFA4A1AmArAjAZAXAPAEACABAAAACfCmCRBnA5A7A1A5AjAlAUAWATAEACAEAAABAA
1505502,CeCYCBB2BvBVBQBAA0AbAbAMANAJAEACAAABABCcCUCLBqBlBQBBAxAnAaARAPAGAEACACABAAAA
1505536,CkCSB9BsBhBmBYBCAtAkAZAWAOAHABABABAAAACcCMB/BlBlBfBFA0AjAcAWAMAFAEACABABAAAA
1505601,CPCkCTBwBGBGA+A2AqAmAWAiAkAWAGAHADAFAACNCSCLBjBWA8A3AxAmAgAhAhAVAJANABAGADAB
1505700,CsCjCOBxBgBEA+A0AgAdAjAZAUASAOAGAFABAACXCXCIBnBFBAA4AuAnAbAQAXARASAPAEAMABAB
1505809,C/CrCdB8BNAwAzAyAiAhAcAKAQAQAKAHABABAAC0CpCUBrBLBBAvAmAsAaARATAMAIAGALACACAA
1505908,DUCwCJB0BXA/A0AsAkAfAUAWAIAKALAGAEADAADKCtCTBpBKA6AvAgAfAhAUANAJADAHAEACABAA
1506005,DIC2CTB7BWBEA4AqAbAkAZASAOAOADACAAAAAADJCyCPBUBPA/A2AiAkAXAYARALADAEACABAAAA
1506104,CiCoCcB4BCA6ArAuAqAlAXAkAZASALAQAFAEAACNCqCTBbBGA4A0AsAhApAbAZASARAGANAIAEAB
1506138,CLCUCHByBfBaBGA9AxAlAfASAOANAFACACAAAACFCQCKB2BlBXBFA3AnAgAVAQAIAKAEABAAAAAA
1506161,CRCUCEB3BiBeBIA+A2AhAjAdAJAMAIACAAABAACOCOCFBxBbBPA+A0AoAjALAOANAKABACAEACAB
1506187,CFCXCHB2BlBXBLAzA3AnAkAPANAKAKAFACABAACUCSCKBpBgBMBAA8ApAXAYAQAKAFAFAGABAAAA
1506195,CuCmCbBoBOBGBCA6AxAhAVATAZAOAJAFAAAAAACiCnCPBgBLBCA6AuAnAcARASASAIAFAFACAAAC
1506203,CnClCRCBBVBFA1AtApAhAaAYAOAKALAHAGAAABCICuCNBlBUA/A2AxAmAgAbAUAOANAJAHADADAB
1506302,CmCYCLBqBXBEA7AnAnAxAcAZAbATANAJAHADAACNCGB7BsBMA3A4AxAtAcAkAhAaAQAOAJAHAEAD
1506401,CGCcCbCABYA7A9AsAmAwAhArAdAaAJAEAEAAAAB5CBCUBmBRA3ArAzApAiAiAgAeATAGAMAEAAAA
1506500,CUCRCPBxBkBOBBA2ArAcAcAVAWALAJAGABAFAACMCQB9ByBdBLA7AuAoAlAeASATAOANAHADABAB
1506583,CJCUB6BoBtBoBiBLA5AyAuAcANAOACALAEADAACBB9B7BeBQBRBBArAmATAdALAIALAEAIAFABAA
1506609,CMCTCDByBiBMA9AsAqAiAcAdAXAXAKANADAAABCRCACXBvBXBLA0A/AeAoAdATARAKAKAMABAAAB
1506708,COCaCQB2BOBUBLBGA4AsAZAdANAPAEABACABABCBCVCGBoBdBOBHA4AnAaAWAMATACACAFADAAAA
1506807,CUCaCTB4BTBEA6AzApAiAcAUAPANAIAGADABAACNCVCTB7BYBKA8A1AmAfAaATARAOAJAGAEABAB
1506906,DMCrCfBhBEAmA6AzAvAdAaAcATAUANAKAEAEAACaCzCABkA8AtA0A9AeAhAcAQAPATAWAJACAAAA
1507003,CeClCaBzBRA5A3A6ArAkAfAVASAPAOALADACABCYCXCOBmBMBDA3AmAjAiAdAXANARAPAKABACAA
1507102,CWCgCGB2BSBIA8A4AdAkAiAZAgARAJALAGABABCRCTB+BiBYBDA6AzAgAgAdAYAZAWAGALAEACAA
1507201,CtCoCQB5BXA9A3AyAmAtAgATAQALAJADAEABAACqCkCUBlBKA8A0ArAqAiAaANAPAKADAFADAAAC
1507300,CoCRB+B+B5BiBUA/AyAuAbAfALAFAEAFABAAAACiCJB8BgBYBGA4AvAkAdAPAPAEAGAAABADAAAA
1507409,CcCjCSBpBVBWBFA2AmAjAiAZAZAQAMALAFACABCMCOCJBkBPA9A3AwAkAfAbATAUAPAHAKAEABAA
1507458,CkCqCXB3BWBIA5A0AvAgAcAeAaAMAHACADAAAACeCfCKBfBQA/A2AvAkAjAdAPAJALACALABAAAA
1507474,ClCoCZB1BKA+AuAwAnAjAeAcAWAVARAGALAFAACnCaCGBTBBA1AyAvAkAmAbAYATARAKANAHAFAB
1507508,CmCcCUB4BIBJAxAuA0AhAuATAUAJAPADABACAACiCmCKBoBKAwAxA6AjApAeAOAMAPAFAHAIABAA
1507607,CeCgCUB7BWBBA4ApAuAjAdAQASANAKAGADACACCVCZCNBqBTA/A3A0AjAiAfAVASALANAFAIAFAB
1507706,C2CqCoB+BQA5AuApAfAnAaAOANAPARAFACAAADCkClB3B3BRBHA3AxAeAUAQAVAVALAHAKACAEAA
1507805,CSCgCDBlBxBlBwBIBRAvAmAXASAIAFACAAAAAACVCRBuBTBJA5A+AvAlAaAXAOAIAEACABAAAAAA
1507904,CMCgCEBzBVBCA6AyAkApAcAfATAUAMAFAGABAACPCQCHBqBPBGA6A0AvAdAkAYAXAOASAGAHAFAB
1507953,C+CjCDBoBoBWBDBKAtAiAVATAMAIACACABAAAACyCeB9BmBXBKBBAvAfAVAXAKAJADACACAAAAAA
1508001,CuCkCZBzBbBEA6AxAtAhAdATAUAKAFAGACABABCpCZCMBsBUBCA0AvAiAhAWARAKAIAEAEADAAAB
1508084,CZCQB+BzB3BwBbBCA7AoAfATAKAFADADABABAACUCFB0BjBiBTBCA1AiAfARAMAGAEABABAAAAAA
1508100,CXCjCMBuBRBHBGA8AxAfAZAWAOANAEAEABAAAACUCdCRBwBZBQBHA5AnAdAUAPAJAIAFADACABAA
1508159,CWCXCKBwBbBRBRA7A3AfAjARASAKAGABABAAAACgCcCLBuBRBDBKAvAlAbAXANAOAEAEAAADAAAB
1508209,CWCZCOBtBeBFA+AyAlAtAcAYAOAPARADADADAACRCUCABwBXA+A2AvAtAsAaAWASAPAIAHAGAEAC
1508308,C2CxCWBrBKA+A2AtAwAhAbAYAVAPAOAGACABAACvCnCLBcBLA3AzAwAkAhAYAUAPALAJAFACAAAA
1508407,CKCTCGBzBoBWBKA9A4AjAgARAOAKAEAFABABAACKCPCMBxBeBQBHA2AlAdAcARAHAGAGACABABAA
1600105,CpDMCOB4BPBTAyAqAsAdASAVAPANAKAEACACAADBCZCdBMBNA/A1AfAgAhAgAOANAIAFAIAEABAA
1600204,C1CmCfBaBbBHA4ArAxAfAfAVATARAHADAJAAABC3CiCJBYA1BQBFAsAcAfAeAPAQAGAHAFADAAAA
1600238,CYDHCxCGBYAsBCAfAfA5AhAQAZAMADAAAAAJAADMCDCOBsA+A1AgBUAPAYAJAaALAKAFAJAAAAAA
1600279,C1CbCNBsBgBcBGAtAkApAUANARAHAFABABABAACxCbCDBhBkBUA+A5AkAOAWAFAHAHANABACABAA
1600303,CTCbCMBzBdBNBEA1AlAfAWAQAPAIAHADADABAACQCWCLB6BgBRBEA0AmAjAWATAPAIAGAFAFACAB
1600402,DDC+CaByBPBDAsAyAgAoAXATATAQALAGACADAAC/CaCMBiBJA5A3AeAmAZAcARALAIAGABADAAAB
1600501,CuCWCPB1BgBTBVA3AdAZAgAPAGAOAEAIAFAAAAC0CPCLBXBjBOA/AuAXAkAYAHAKALAHABAEAAAA
1600600,CrCmCSByBZBBA3AyAlAiAXATAOAHAFAFADABAAClCjCVB5BYBGA7AvAiAbAWAPALAIAGAFAEABAA
1600709,DeCvCpBoBJBIA+A7AVAgAVAXAHAJAJAKADAAAEC7C9CEBRBKA/A0AhAnAIAVAJAUAJACADAAAEAA
1700350,CFCJCSCABdBQA8A2AuApAiAcAUARALAAAHABABB2CGCAB3BUBKA+A3AvAhAgAWAQAQAHALAAAEAB
1700400,CmCvCQB7BABLA8AnAkAjAYAkALAYAKAGAHAAAACeCPCKBZBWA6A4AvAkAlAYAPAWAWANAKAEADAD
1700707,B1CGCBB2BdBUBGBAAyAtAbAmASAKALAFACAAAABtCGCFB3BaBdBDA8AqAgAgASARALAKACAJAEAA
1701002,CbCkCZB3BRBCA1ArArAqAdAWAQAQALADAEABABCbCgCVBiBLA9AyA2ApAeAhAWAOANANAFABABAA
1701101,CDCoCbB4BLBDBBA4AtAUBKAXAMASAEACAEABAACTCWCdBrA5AwBJA1A5AhALAMAVASAKAFABAAAA
1701903,CUCbCTBhA8BOBfA2AkAkAgAgAWARAPAKAEACAACXCMCSBiBLBFA5ApArAgAcAXAJATAJAMAHABAA
1702000,B6CICQB0BOBRBEBAA1AuApAYAnATAIAFACAAAABpB8CJBsBcBLBEA7AvAiAaAcATASADAMABAAAA
1702109,CCCGCBB6BcBPA/A2AxAmAdAYARANAIAFACAAAAB+CDCKB/BtBWBFA5ArAhAZAVASAJAHAGAEABAA
1702208,CYCcCUB8BSBAAyAuApAkAhAbAfAPAGACAFACABCcCgCRBgBLBCAzA1AqAkAbAYAWANAIAEAEAAAA
1702307,CNCJCUCBBnBOA9A5AvAtAnAXATAKAMACABAAABB7CRCHBwBZBGA7AzAtAcAZAQAWAGANAFAAABAA
1702406,CHClCJBoBXBDA1BBAmAnAeAbAWAOAKAPAKACAACXCQCSBjBFA3A1A0AhAvAiAZAUAOAPALAHACAA
1702554,CZCuCYBkBNA4A1A6AxAkAqARAQARAJAHADABAACXCYCYBlBJA5A2AxA2AmAgAOANANALAMAAACAA
1702703,B+CcCYB3BUBIA5BKAfAvAiAXAUAaAIAGAAAAAABwCPCcCFBQBEA6AkA4AiAYAXAYAKAFABAAAFAA
1702901,CkCmCMBrBIA5AqAqAsArAnAYAQANAIALADAAAACpCkCUBgBIA8A2AxAqAgAdAaASATAGASAFADAA
1703008,CHCUCMB0BWBEA7A3AoAnAkAeAdAYATAMAFABAACCCPCEBbBIBDA3AvAmAiAjAeAfAVAMAKAIABAA
1703107,B6CdChBwBWBHBGA6AyAjAjAjAXAQAPAFAFAEACBvCHCBBdBWBPA/AzApAdAgAZAUAQAHAIALABAA
1703206,CbCPCaB6BsBYBIA2A1ApAtAVAYAMAEADACACAACBCCBxByBQBTBFApAkAnAVAZAIAGAEAAAAAAAA
1703701,CZCdCYB6BGBJBBAvAqAvAcAkAOATAOAHAGABAACNCLCHBkBYA9AxAuAwAdAfAaAMAOAMAJADADAA
1703800,CvCrCcBiBFA/AtAnA1AZAaAZAQAMAJAJAGACABCjC0CMBkBCBBA3A+AfAqAjAOAJAGALAPAFAAAA
1703909,CLCpCPCPBABcAvA7A5AlAnATAIAKAVAMAAAAAACMCMCGBoBcAuA4A5AxAbAMAXAPAgAHAAAAAGAA
1705508,CCCBCFB5BbBJA+A1AvAnAjAbATANAMAEAFABAAB2BxCOB+BjBSBAA5A0AlAhAXAUALAMAKADABAA
1705557,B6CpCpByBaBAA7A4AqAsAlAOAiALANACACAAAAB5CjCXBqBPBAA9AzAmAhARAdARAIALAHAAADAA
1705607,C/CbB9BQByBoA5A6AzAbAgAZAKAQAFAIAAACACCWCVCABpBOBFA1AvAkAlAhANAQADAGAJADABAA
1706001,COCnCXB4BaBIBEA6AxAgAnAbAYAUAKAHAAAEABCGCXCHBYBJBIA9AuArAqAYARAIAJAJAFAAAAAA
1706100,CDCNCPB5BYBRBEAsAxAmAgAcAVAUAHAIALADAABvCNCDB4BOBMBAA8AtAbAZAZAUAPAKALAFADAB
1707009,CQCVCOBrBVBIBBA9AsAgAiAXAQALASAFAFAAABCOCPCLBkBSBHA+AyAnAnAbAZAUASAIAIAKADAB
1707108,B+ChCXBzBZBNA+A1A5ApApAaAYASANACAJACADB3CDCJBcBSBDBDA0AkAqAZAbASANANAGAGAAAA
1707207,CMCXCnB9BOBTBBA1AuAqAXApAUAVAHAGADABAAB+B6CLByBJBJBBA0AlAjAZARAQAOAIAEAHABAA
1707306,CZCCCBBzBmBYBKBCAuAtAoAlAQATASAJADAAACCDB+BkBnBJBTA0AzAmAlAjAWAQAQASAGACAAAA
1707553,B+CUCYCLBbA7A7AwAkA2AnAZAcAQAIAJABAAAAB0CICkBnBSBFA3A6AqAdAYAcASAOALAHAEABAA
1707652,BwCNCLB9BnBOA8AyAxAkAmAhAdAUAPAGAFAAAABrCACBB3BUBPA8A2AwAsAhARATAKAPAFAHADAB
1707702,CMCRCRCCBXBIA5AyAmAtArAbAiANANANADACABCLCJCIBZBOA/AzArAyAjAkAXATATAGALAFABAC
1708205,CKCUCWB/BZBTA/A7AxAqAZAbAXAQAJAFAAABAAB6CVCMBxBZBMA8AzAnAZAlAMALAHAIACABABAA
1708304,CbCfCQCEBlBKAwAwA3AzAiAcAVANAFABAEABAAByB7CQB5BPBDBHAtAvAiAOAaAPAQAEAAAAAHAA
1709005,CiCoCLBxBXA/A3AvAmAjAhAZAdAOAPALAHAAAACXCcCGBfBMA9AyAxAuAlAcATAOAOATABAJAAAA
1709302,ByCFCQB7BcBFA9A8A6AjAZAlANAUANAJADABAAB0B5CJB8BdBZA+A6AkApAZAcAOATALAIABADAB
1709500,B6B9B8BxBkBbBJA7AxAhAeAWAPAPAIAIADABAAB6B5CACBBrBeBOA8AtAgAZAXAQAMAIAGAEABAB
1710508,CLCUCOB0BVBLA9A2AuAoAlAZAXAVANALAIAAAACFCQCLBiBJA/A5AzAsAmAkATARAXAPAAAEAAAC
1710706,CpCrCYBjBSBOA4AxAjAkAeAeASAOAPAKADABAACcCgByBkBSA5A4ArAqAhAUAhAOARANAGAFAAAA
1711100,CiB8CSBrBYBtBHAqAwAvAhAJAmAJARAIAEAAAACCCPCUBjBcA9A1AsAmAmAmANAGAGAVAEADABAA
1712405,DFCpBtBUBOBNA/BMAzAmAmATAbASAQAFAAABAACXCVBgA5A/BbA/BBAuAjARAWAtALAKAGAGABAA
1712504,CgB7CsBdBkBIBWAsAoAmAhAfAZATAIALAEAAAACCCTBVB8BwBABFAyAeAlAoAXAJACAGAGAJAAAA
1713205,CLCHCEBqBbBUBEA6AuAfAZAeAOAZAJAIAFACAACICFCEB1BkBVBDA2AmAcAZAXASAPAIAJAEABAA
1713304,BzCJCTB8BZBJBGA0AyAmAjAYAWAQASAIABAAABBlB7COB4BVBHBFBAAsAoAdAcAOAVALAGAIADAA
1713601,CYCkCFB5BeBUA+A1AqAtAfAUAQATAEAEAGACAACbChCIBXBMA7A3A4AkAkAeAYAQAFAEAJABAAAA
1714203,CeCjB/BrBXBOA0AzAoAnAiAeAVARAPARAGABAAChCVB7BZA/BCA8AuAsAnAbAXAXATAJAJAEADAA
1714302,CWCcCXBkBQBNA1AsAtAuAiAfAYAXAIAFAEADAACbCWCPBZA7A/A1AtAtAiAZAkAXAXAIAJAFAEAA
1714880,CECSCDCABZA+AtA+A2AxAoAXAcAOAQAIAEAAAAB4CTCZBpBTBJA6A1AqAhAkAUATAHAFAIAGAAAA
1715002,BnCVCMBwA1BKBNApBJAnATAaAXASAYAKAPAFAACJB/CyBmBHBFA5A+AkAiAwAgARAIAMAGAEAAAD
1715101,CVCvCIBaBZA9AtAtAiAxAmAZAcASAFALACABAACmCnCKBVA4BBA+A0AaAqAzAZAWAOANALAAAAAA
1715754,BxCOCMB4BdBJBEBDAuAmAeAdASAJAIAEADADAAB5CRCVB6BeBRBAA7ArAmAaASAKAIAHAHADABAA
1716109,B1B8CCBmBoBdBNA7AuAoAiAXAQATAJAIABADABBuB2CFCMBmBQBJA4A0AgAZAZASALAGAFACACAD
1716208,CPCtCaBpBZAxA3A0AvAqAUAjAWAQAGAIAIACABCnCbCRBUA+BDAxAtAnArAfAYAUAQAGAJAHABAC
1716505,CDCPCKB1BgBFAzAuA8AcAlAaAVAMASAHAFADAACIB3CYCBBZBJAzAvAoAjAVAaAYANAJANAKADAA
1716604,B4COCNB8BiBKA1A1A3AvAvAWAZAMAPAKAAABACB9CPCTBjBDBJBLA3AwAkAfATAUAJAAAFAFABAA
1716653,CQCFCPCABnBMA+BRAwAHAYApAhAbAGABAAAAAAB9CCCWBlBcBGA3AnAlAlAgAjAZAIACADADAAAA
1716703,B0B/CJB8BgBKBCA7AyAwAcAjASAKARAMAEAEAAByB9COBvBZBSA+A3AwAkAfAbAPARAHAJAFABAC
1717008,CdCdCSB5BdA2BEA+ApAeAfAZAfAOAPAEACACAACTCfCJBlA+BIAoArAqAxAlAMAPAPAFADAHAAAA
1717503,B/CeCPB8BuBKBCAqA1AoAfAdASAMAJAHAEACAAB8CaCRBsBHBJBBAmAqAqAdAWAKALAHAHAAABAA
1717800,COCvCNB1BLBBBNA9AuAvAeATAaASAGAGAJADAACICaCMBVA3A7BDAtAnAdAeAlAVARAKAGAHABAA
1717909,C0CSCTBkBcBJA5AeA+AlAjAVATAaAOAIAFAAAACgCcByBdBLA+A4AwAiAsAcATASASALAFAIAAAA
1718006,B8CJCGBvBsBBAxA6A2AhAfAgAVAKAIAAAAAEAADNCfCBBnBgBIBGAlAiAXAtAPAVAEAEAEAAADAA
1718204,CICPCDB3BZBRBAA0AsAhAdAYARAPAMAGACAEAACICICJB6BiBRA9A3AoAiAcAVANAMALAEAFACAA
1718303,CkC0CKBzBHA3AvAxAoApAcAZAXATAQAAABABAACnCmCaBCBAA6AvA9AoAsApAZAUAKAOAEAAAEAA
1718402,B9CGCPCBBnBHA+A4AqAuAjAYAWAQAQAGAEACAACCB/CFB3BMBEA7AvAqAuAfAaAcAPAPAAABACAC
1718758,CgCZCHBsBaBIAuA0AvApAYAbAZAQARAIAFADAACmCNCEBoBGA8A9AsAlAkAYAcAUAQALAIAHAAAA
1718808,CtCmCYBkBaA4AiAuAkAVAuAeAWARAIAJAGADAAC+CqCABUBJA4A9AhAbAaApAaAUAUAKAGAMAAAA
1718907,CXCsCoBdA+BUA5AyBDAcAWAcAuANAbAJAAADABC8CDBhBYBEA7AZBAAiAzAhAPAbARALAIABAAAE
1719004,CkDwCbBnBDArBRAjA8AoAkAXAMAQADADAGAAAACiCTCAA5BOAvBOAwAdAeAiAaAQAMANAHAAAAAA
1720309,CjCgCPBxBTBCA1AuArAjAkAiAQATAIAGAAAAABCiCxCEBkBIA/AxA2ApAtAWAQASATAFABABAAAA
1720499,CgCjCeBqBWA7AtA1A9AeAfAYAnAKAFANAAAKAABsCnCLBhBHA+A+A2AnAjArARATALAGADAKADAA
1720655,CUCnCbB2BMBCA/AyAkAvAbAgAVATARANAAAEAACPCPCMBtBBA8AwAvAzAjAVAYAMAVAIAGAEABAA
1720804,CkCoCMBcBLBDA2AwApAkAXAhAXAOALAGAEAEAACeCqCTBaBNA/A3AwAnAjAeAcAVAMAMAJACACAA
1720903,CICbCKB5BXBGA6A0AsAuAeAcAVASAPAGAGABABB6CNCPBiBLBAA5AqAxAgAeAgAVASAWAHAIADAC
1721000,CMCGB9BtBvBuBVBHA2AwAjATALAHADAEABABAACLCGBwBlBnBbBSA4AmAYAUALAGAHACABACAAAA
1721109,CGCOC0BvBQBPA9BKApAiAjANAPASAQAKAKAAACCdCRBgBcBTBWA1AvAbAoATAjAPAQASALADACAA
1721208,CaCcCWBmBLA/BGAqAvAaAjAaAVASAMAHAGADAACRCUCEBrBQBHA9A7AlAeAiAZAVAQAKAGAHAAAA
1722081,B/CdCWB5BZBFA5AsAwAkAgAdAWAPAIAGABABAACECWCOBzBTBDA6A3AuAiAaAaATAQAFAJAFABAA
1722107,CBCfCLByBUBNA4AwAnAsAgAZAUAZASAFADAAABCACMCTBxBiBGA9AuAoAiAdAXASAPALADAEAAAA
2100055,CVCaCNBzBfBOA/A0AsAjAcAXANAKAHAEABAAAACTCTCOBwBfBQA7AzArAfAYASAOAIAHAGADAAAB
2100105,CwCTCvBlBbA1AzAjAxAqAWAOALAUAPAIAEAEABCyDLBuB4A9ApAjA8AdAzARATARAQAQACADABAC
2100204,CXClCVBtBPBCAuA2AtAlAYArAcAWAKAGACABAACaCdCABYBJBDA4AqAjAkAeAcAfAUAHAHACACAA
2100303,CmClCKBtBPBFA5AxAwAnAUAXASAWAPAFAGAAAACZCdCGBeBNBGA4AwAqAbAdAZASANANAJAEAAAB
2100402,CdCeCABjBsBNA9AqAqAXAjAXATANAOAHADABAACkCeCZBvBPBMAxAoAkAkAYALAYAJAKAEAEAAAA
2100501,CbCnCJBsBSBKBBA3ApAaAYAWASAQANAIADACABCdCcCEBgBJBBA9AtArAiAdAXAVAUAQAGAHAAAA
2100600,CuCzCMBuBOA+A3ArAtAgAaAdAMARAMAMAEACAACwCqCKBmBIA7A2AuAlAgASARAPAKAHAIACADAD
2100709,COClCbB1BOA2AtAwAoAoAhAdASAaASANAGACAACJCcCRBmBLA/AeAuAzAeAZAiAaAVAOAJAFACAA
2100808,ChCcCMBzBPBIA2AzAnAmAWAYARAXAPAEAGAAAACkCdCEBpBOBHA2AzAlAjAgARAQARAJACADADAA
2100907,CgCkCaB1BLA5AwAtApAjAdAaAVASASAPAEABABCcCgCNBfBFA0AxAlA0AhAeAaAZARAJAIAIACAA
2100956,C4C6CWByBTA/AxApAsAsAeASAPANALAEACAAABCmCnCRBmBLA7AvAwAoAfAXAQAKAHAFACABABAA
2101004,CXCWCQB5BQA/A0AzArAbAhAdAWASAPAIAEABABCOCWCQBtBQBEA2AyAnAaAbAZAUATAQAFAFADAC
2101103,CeCpCWB3BQA0AsAoAgAbAZAYAdAYAKAMALADAACfCjCYBcBIAzAsArAwAdAhAbAIAYANATAGAEAB
2101202,CLCWCJBsBRA+A2AwApAeAbAYASATAQAFAGACAACHCQCRBrBYBJA+A4AvAnAgAdAWAVAPAJAGACAB
2101301,CyCwCHBkBJA2A8AtAsAcAeAbAVATASAHADABADCwCrCMBTA9A7AqAwAcAjAdAdAXAbANAJAFAAAA
2101400,CaCUCDBvBTBEA9AzArAbAeAYAJATAKADAFABAACUCcCPBmBYBEBFAvAxAjAWAUAWASAMAIAGACAC
2101509,CECQCFB0BZBEAwAwArAmAgAfAWASAOALAJABABCCCWCJBgBPBHBDAuAwAkAeAhASAVAPAMAHADAA
2101608,CiCiCTByBRBDAwAsAsAjAdAaASANAKAKAGABABCbCiCNBqBMBAA0AuAoAjAdAVASARAJAGADACAA
2101707,C1CxCMBxBVA3A4AsAeAjAhAaALATAGADADADAACtCxCOBtBLAzAqApAeAoAWAZAKAOAMAIAFABAB
2101806,CSCUCHBwBfBPA9AwAyAVAgAkAVATAQAHAEABAACbCOB3BWBDBBA9A8AsAnAgAeAYARAKAHAIACAA
2101905,CLChCVB7BNA6AuAtAlApAaAnAZASAWAFAJACABCOCeCMBlBDAwAsAwAtAjAgAiAbAUALALAGAEAB
2102002,CoCnCTBsBGA4A7ArAoAlAgAhASAPAJAFAFABABCPCeCWBlBaA9A0AsA1AoAhARANAOAJAGACACAA
2102101,CXCpCQBtBMA+AzAzArAfAnAVAbAPAKAKAIABACCLCeCLBjBKA/AzAzAwAkAaATAYATANAJAFAGAC
2102200,CqCmCMBoBIBAAzAxAiApAgAWATAUAOAJAJABACCrCfCGBeBFA+AyAwAuAdAfAXATARANAIAFACAC
2102309,CeCZCTBuBIA8AsA5AkAnAXAeAUAPAUAHABACAACbCZCTBnBKA/A+AtAyAiAcAbATAPAOAIAFAAAD
2102408,CZCoCdBuBPA8AwApArAlAgAaAXATATAJADADAACiCmCABKA+AwA3AtAmAkAgAmAWAgAPAEACAIAB
2102507,CsC6CiBeBBAwA0AyAqAfAcAVAVAXATAHAAABABCuC1B0BJBGBBA4AzAkAjAdAXAYAaAMADAGAAAA
2102606,CgCrCUBwBPBFA6AwA1AnAeAbAPAOALADABABABCZCmCMBZBMBBA5AuAzAdAfAPAPAMAFAFACADAA
2102705,CQCiCIBwBZA9BDAzAtAbAlAPARAdAQAFAFABAACOCZB+BgBLBMBFA0AvAhAaAWAPARAVAFADAAAB
2102804,COCQCBB2BSBDAvAwAtAaAeAbAaANAKAPAKADABCUCKCHBrBMBGA8AzAkAsAeAgAcAVAMAPAJACAC
2102903,CxCtCbBqBIA+A6AvAuAnAiAWAUAPAJACACABAAClClCUBdA8A9A/AyAnAeAZATAPAIAHAEADADAA
2103000,CRCQCSBvBOA5A4AuAnAgAeAaAVAVALAJAFABABCMCMCPBoBUBLA6AzAuApAiAdAYATAOAKAHADAC
2103109,CfCqCTBzBSBDA2AuAlAjATArAWAVALAGADAEAACJChCJBwBJA7AwArAlAgAYAiATAMAMAIAKAAAA
2103208,CeCgCMBrBNA+A1AxAnAjAeATAQAQAPAJAFACACCdCYCIBnBRBFA5A1AvAkAiATATALAPAGAFAEAB
2103307,CXCaCEBmBLA8A2AyAnAkAhAbAXAQAPAHAFACAACVCUCGBgBNBHA4A3AzAmAkAcAWATAQALAHADAB
2103406,CfCjCGBoBSBFA7AyAvAhAYARARANAOAEADABAACfCXCMBsBWBNBCA7AjAfAZAUALAMANAKADABAA
2103505,CgCbCGBrBMBDA3AsAuAkAdAVARAOAJAIAJAAAACgCUCPBgBTBHA5A1AmAoAaAaAWATALANAFABAA
2103604,CcCUCJBnBSA/A6AwApAeAdAZAWASATAIAFABABCXCRCCBgBNBHA5A0AxAlAjAcASAVAVAKAGAAAB
2103703,CbCpCVB2BJA+A0AzAqAoAcAZAUAUAOAIAGAAAACSClCFBTBLA8A2AsAiAfAeAnAXAUANAJAFACAC
2103802,B5CNCQBxBTBAA9ArAoAhAeAdASAWAPAGADAAAFCSCNCHBxBbBHA0A4AyAmAgAaAZAQARAPAJABAA
2103901,ClCgCRBgBUBDA3ApAoAjAYAcAUAQALAGAJAFABCzCdB6BxBNA8AzAvAnAiAfAYAMALATAFAKABAA
2104008,CdCiCRBtBPA+AyAvA3AcAbAUATAVANAEAEABAACeCiCQBqBLBCA4AxAoAeAaAhATAOAIAKABAAAB
2104057,CYCgCMBzBYBGA5AxAsAjAfAZAWAKALAJADAAAACVCcCOBhBRBDA2A2AqAhAbAWATANAJAEAHABAC
2104107,CqCuCRBtBVBGA4AxAsAoAWAaAUAJAIAEACACAAChCkCNBiBLA6A4AyAoAgAVAWALAQAFAHAHAAAB
2104206,CUCTCSB3BUA9AyAxArAoAhASAXAUAMAMAEAAABCQCXCNBuBMBCA7AzAsAtAbATAVAMAJALABAAAC
2104305,ChCnCVBuBiBHA6AzArAmAgAZASASAIAGAAAAAACsCjCOBaBAA/AzAtAqAfAVAUAPALAHAFACACAA
2104404,CPCYCDB7BJA4BAAyAsAsAeARAXATAPAMADAAAACLCVCSBVBTBRAyAzAsAiAqAdAUAPAMARACAAAC
2104503,CVClCBBpBNBFAuAvAqAeAiARAWATAOALAHABAACTCVCQBpBIBGA1A2AsApAhAYAcATASAHACACAC
2104602,CZCTCJBzBEA8AsA0AxAmAkATARAbASAHAEADAACWCVCQBXBIA/BAA8ApAnAdAbAWASAOALAJADAA
2104701,CTCcCFB7BAA8BDArA5AMAaAfAOAXAIAOAHACAACKCbCPBXBSBQA3A8AqAXAwANAVAYAaAKAEABAA
2104800,CvCbCMBnBZA7A8AxAmAiAeATAVAMAIAIACABABCrCyCCBuBLBDA4ArAmAhAWAaASAMAGAFADABAB
2104909,CTCtCRB3BQA4AvAqApAbAnAeAcAVARANABABAACUCcCOBkBHA2ArAoAkAlAaAgAZALAYAPALADAA
2105005,ChCsChB/A/AxAoAkAvAtARAVAUAcATAGAGABACCuC2CbBTBFAuAvAsArAYAcAVAWAPAMAIAFABAD
2105104,CrCQCpBlBRA9AuAsAtAqAeAaAWAXAOASAFABAACtC1BoBXA+A2A2AtAkAeAkASAXAMASAQAHABAA
2105203,CPCPCXB+BWBCA+ArArAfAZAZAMANAXAFAEABAACLCmCMBmBHBGA2AxAqAYAgAWAfARAOAHALAHAB
2105302,CMCRCLBuBVBGA8A0AuAiAcAWAPAMAIAGACABABCJCSCNB7BiBRBEA5AqAiAcATAOAOAIAIADABAB
2105401,ClCfCPBrBMA9AvAwAnAhAbAXASAWAOAIAKACAACeCZCDBiBQBAA/AzAqAiAfAWASAXAOAJAEACAB
2105500,CgCqCZBnBMA+AzAwAwAkAXAYAWAOANAIACABAACgCiCPBcBPA5A4AvAwAhAhAZARANAKAFADABAB
2105609,CdCzCPBtBOBBA4AsArAfAbAYAYAOACAIAHAAAACfCVCQBdBcBEA2AwApAhAcAdATAMALAHAFAAAA
2105708,CMCeCPBtBWBCA4AqAsAnAhAVANAQANAGAEACABCXCeCVB1BOBHA6AvAqAhAbAYAQAUAFAHACADAB
2105807,CZCpCcBxBJA6BCAyArAbAdAQAPAKAFAMABAFAACRCoCaBpBLBABDA3AmAmAWAYARAMAGAIADABAA
2105906,CnCtCbBsBOA5AyAsArAgAUAbAWANALALAGACAACqCmCPBcBKA7A1AuAzAiAbAVAJARAIAFACADAB
2106003,CVCaCEBfBVBBA5ArAxAlAdAeAMAjANADABABABCICXCKBYBCBNA8A2AsA5AtAVAfAOAQAHAEABAA
2106102,C3COCKByBPBMBFAvAjAmAhAZAOALAKAGABADAACeCZCGBrBZA4AyAyAvAaAcAWANAVAJAGAEAAAB
2106201,CnCdCrBrBWBHAzAuAmAeAhAYASAMAOABAHACACCiCyCGBqBBA3A3AxAgAkAbATAQAHAGAGAHAAAC
2106300,CJCdCfB9BNA8AnAzAwAgAjAWAUAUATALAEAEAACSCbCbBqBGA4A0A4AqAfAYAaATASAPAIADAAAA
2106409,CSC1CIBuBPA+A2A0AhAeAcAUAMATAOAFAMADAACjC1CYBXBLA9A6AzAlAhAhATAMAQAMAGAEAEAB
2106508,CfCnCSBjBMBAA2AwArArAVAUAVAVAQAGABADAACJCmCFB3BNA4A3A1AeAaAgAmAWASAKAKAFAGAB
2106607,CeCkCUBjBHA/A0AwArApAqAUAXAOANAOADADAACfCcCFBcBFBBA3AuAtAnAkAYAUAMAKAIAHACAB
2106706,CiCZCLBuBOBAA2A4AtAbAjAOAQAWAPAOADABAACdCbCGBqBMBCA5ArAqAfAaAaASAUARAJAIACAA
2106755,CbCiCQBqBOA5A2A1AsAcAbAWAUAZAJAJACAEACCWCdCKBjBOBFA+A1AnAgAZAYAYAMAQAMADAFAB
2106805,CZCkCaB0BOA9AnA3AsAiAlAWAaAQATAKAJAAAACYCiCMBhBEA1A8AhAeAdApAVAWAVANAOACACAC
2106904,CxCtCFBlBGA5AzAvAsAkAXAeAVAPAQAHACAAACC5CrCDBWBKA6A5A1AoAcAbAcAUAUAKAFACAAAC
2107001,CTCbCUB3BZA/A5AzAsArAjASAWAaAMAHABABAACRChCGBhBHA7A/AoA4AgAdATAXAMAGAFAGAEAA
2107100,DFCxB3BwBJA8AyAtAkAgAYAXAQAbANAKAEADAADLC2B1BYBHBBApAvAZAdAaAVAQAXAMAGAFAEAA
2107209,CzC0CQBpBJA2AwA1AsAaAWAVAKARASAFADABACC9CnCGBjBDBBA+AyAfAiAPAcAOARAJAGADADAD
2107308,CLCiB/BkBOA8AtA3ArAkAxAPAWAIAUAJANAEAECMCgB+BzBQA3A9A0ArAnAaAeAYASAVAKAKAAAB
2107407,CGCXCTByBXBFAzAtAhAlAcAXANAYASAKAGACAACNCUCVBzBXA/A5AyAyAeAiASAOAMAWAFAJACAD
2107506,CNCcCGBnBbBEBDA+AtAgATAWAMALAEAEADAAABB/CTCSCABjBRBOBCApAaAVAQARANAJAFACABAB
2107605,ChCuCNB4BYA4AuAsAmAYAaAZAWAPAQAGAFACABCXCmCIBcBMA/A0ArAkAeAYAkAhAOAQAMAFAEAA
2107704,CbCYCQBvBKBAA0AxArAuAdAWAQAQAPAIADAAAACNCQCIBvBOBEA3A1AyAkAjAaATAZAIAFAHAAAB
2107803,ClCoCSBlBLBAA2AzArAkAdAeAVAPAOAGADACAACTCjCPBcBGA+A5AwA2AjAcAbATAJAKAFACAEAC
2107902,CVCWCNBoBPBEA6AtAtAhAbAcAVATAPALAEACAACRCZCOBpBIBGA7AzAmAiAeAbATATARAFAHAFAB
2108009,ChCWCCBoBRBJA/AxAnAjAiASAYAYANAIADAAACCUCRCFBgBSBBAyAwA1AjAsAYAUAIAUAKAHABAB
2108108,CsCpCVByBOBCAzArAqAlAbAZANAOAQAEABACAACmCnCMBlBVA9AyAsArAhAbATAMANAMAFABABAB
2108207,CCCNCGBqBOBEAyAuAqAgAfAZAWATAQAIAEAEAAB+COCRB0BXBIA/A2AtAqAkAfAXAZASAJAEAEAB
2108306,CUCfCQB5BMA3A1AqArAkAdAYAfAUAMAIADABABCUClCIBNBJA/A4AxAsAlAjAjAZATANAHAGADAC
2108405,CECfCNB8BdA3AuAqApApAgAaAMASANAKAFADABCNCaCPB0BSBAAvAtAoAkAhAXAUAaAQAEAGAFAE
2108504,CSCiCUBrBIA3AuAsAnAhAfAaAWARAPAKAEABAACPCnCXBrBJA5A5A1AvAlAhAbAaAPAJAJAFAEAC
2108603,CXCjCSBwBMA9AxAsAnAkAeAWAXARAJAIAEABABCWChCNBuBRBDA1AwAoAkAbAaAVARAMAJAEADAB
2108702,CgCnCSBsBKA8AxAsArAcAWAZARAMASAQAIAEAACdCjCRBmBQA+A0AsAuAfAgASAZAUAKAHAEAAAA
2108801,CzCeCBBhBXBEA+AxAjAcAaAQAVARAQAQACAAAACpCqB/BcBFBUA/AjAtAfAcAQARAIANARAHAAAB
2108900,CPClCZB2BQBCA3AuApAZAZAbATAQAQAGADAAAACJCiCUBxBNBDA3AqA1AkAcAVAXAMAIAFAGAAAA
2109007,CcCfCPB2BYBDA1AvAqAeAgAYAQAQAIAJAEACAACWCkCNBgBUBCA3AsAqAkAZAYASAQAJAHADADAB
2109106,CRCeCJBsBOBEAzAtAuAoAZAWAVAQAKAGAFADABCOCTCXByBSBIBCA3AnAcAcAaARAQANAHAHACAB
2109205,DMCwCEBoA5BAAzAeAuAgAdAZAKAYAaAOAGABACC9CmBzBFBRA3AvA7AiAgAVAVAMAPATAPAKAEAE
2109304,CvCsB8BxBRBAAxAvApAmAeATAaARAKAGAHAAAACtCbCEBeBKA8A0AvAtAXAdAZAMAaAPAFAGAIAA
2109403,CxCqCYB4BSA2AwAoApAaAbAUAYAOAUAMAFACACCsCwCRBeBGAtAsAjAgAmAYAYAQAOAQAFAMABAC
2109502,CfCmCPBvBPBAA1AzAqAlAeAZAZAQAKAGADADABCdChCMBgBEA9A1AwAnAkAdAcARAOAMAIAGACAB
2109601,CpCjCHBiBQBAA0AtAhAjAeAYAVATAPAHAHAAAACuCkCCBfBMBAA6AtApAgAbAbARAaAKAHAFADAB
2109700,C6CfCMBFBcBTA0BCA0AeApAPAJAJAHAFADAAAACkCcCPBNBeA9AmA9AxAlArAQAJANAKAGACADAA
2109809,CjCoCNBtBLA3A2AuAoAjAfAXAbAUAJAKABABABCcCeCJBhBNA9A5AvArAjAhAWASAQARAIAGABAB
2109908,B7CRCTB0BRA5A0AvAsAiAfAVAQATANAIACACABCECUCYB4BZBIA9A3AsAoAiAZAUAUALAJAHACAB
2110005,CdCuCVBqBLA8A3AvAyAjAgAYAQAOAJAGADABAACfCpCTBnBMA/A0AzAqAjAYAUARAKAKAFADAAAA
2110039,CfCsCVBpBNA2AzAvAwAkAiAWASAWANAGACABABChCnCTBgBJBCA4AwAnAjAbAVARASAJADAAABAA
2110104,CiCuCZBsBMBAAzAtAiAtAgASARASANAFAGACAACgCnCGBrBEBAA0AuAtAhAbAWAQAOAGAGAHABAB
2110203,CYCyCKBrBPA0AyAwArAhAYAYAYARASAGAEADAACrCiCIBWBMA9A6AsAtAcAgAbAaAOALAIAIADAC
2110302,CVCgCPByBWBEAvA2ArAdAhAVAPAbALAEADABABCNCVCMBsBHA9BCBGAcAuAYAYAcAKAKAJAEACAB
2110401,CmCnCdBvBIA3AyAvAnAjAXASAQAUAPAJACAFACCnCnCUBnBMAyAuAxAxAYAYAZANAWAQAFAFABAB
2110500,COCeCRB5BSA+AwAmAhAjAiARAUAXAIAFAGACAACMCcCOBpBPBEA7A2AmAhAdAgAcAPAUAHALAEAC
2110609,ChCsCUB5BNA7AwAtAgAlAfAWAYAVAOAIAJABABChChCOBdBAA7AtAvAxAVAjAUAYAMARAJAIADAC
2110708,CbCaCWBtBQBHA0ArArAiAbAZARAOANAKAEADAACaCYCOBmBQBFA2A1ArAkAdAXAPATAJALADACAA
2110807,CXCcCHBsBaBPA7AoAlAhAdAXAfAKANAMAGADAACZCWCJBpBXBBA5A1AgAoAmARASANAOAGABAAAA
2110906,CHCYCSBxBMBFA3AsAoAsAfAhATASAPAJAGACABCVCVCHBSBMA5A3BBAwAhAmAbAbAOASAMAGACAA
2111003,CWCnCgBzBAAyAuA1AnAfAeAkAcATARAGAEAEAACQCqB9BsA8A9A1ApAqAgAqAdAXAWALALAFAEAB
2111102,CGCMB/BnBaBFA+AsAsAgAhAgAZAOANALAGAEAACBCICDB0BJBLBAA5AwAsAnAdAbAWAGAOAFADAB
2111201,CcCYB+BrBiBUBAAxAkAbAYASANAQAIAGADAAAACjCWCGBvBnBXA5AyAkAgAZASAOAOAHAGACAEAA
2111300,B4B/B3BtBkBQBDA3AqAfAZASAPAKAGADACABAAB1B/CKCMB6BjBOA+AuAjAaAXASAOAKAHAEACAB
2111409,CYCXCSBrBUBEA2AsAsAiAdAaAaAPARAFAEAAAACdCaCIBcBRBAA8A5AoAnAdAbARAPAKAHAEACAB
2111508,CdCYB+BrBNA/A3AwApAgAfAXAXARAWANAEABAACVCWCHBkBSBDA3A1AuAhAjAXARAYAUANADADAA
2111607,COCmCOBkBXA9ArA3AlAkAaAcAQAOAKAMAKACAFCmCCCGCNA4A3BGAkAtAmAXAnAUARAQAQAEABAA
2111706,C6CrCIBuBNA8AwAqAoAiAdATAYASAOAHAGAAAACnCoB6BWBAA/AwAsAnAgAmAcAVAZANALAFAGAE
2111805,CoCsCKBuBNBEA6AwAoAgAgAaAMAVARAJADACABCpCdCKBfBUA9AzAsAkAmASAeARAMAGAFAGABAA
2111904,CqCcCGBgBMBPA8AwAtAhAeAgAWAUAMANAFABABCbCOB7BTBKBDA8AwApAhAnAeAWAPANAQAEAEAB
2112001,C4ClCHBlA9BJA5A7AnAeAXAbATASATADADAAACCfCjCKBUBLA7BAA1AjAjAlAQAWASAQAHAAABAA
2112100,CrCjCGBhBOA/A2AwApAkAXAbAdAMATAIABADABCkCZCIBmBIBBA6AzAoAiAbAcAVAOAMAJAEABAA
2112209,CNCSCKBvBVBHA5AyAoAfAcAVATAOAIAGAEABAACOCPCOBvBdBQBEA1AuAkAeAaAVAMAJALAEADAB
2112308,CUCjCWBwBbBBA2ArArAhAgAXAWAOAKAJAEACAACXCeCTBhBBBAA4A2AqAlAcAYAQAOAOAHAFAAAB
2112407,CwCpChBoBGA3A0AwAnAmAXAbAcAPARAEADAAAACvCsB/BZBDA6A3AvApAeAbAaAPASAMAHADABAB
2112506,CtClCRByBOA/AuApAoAiAaAZAVAYAQAJAFACABCuCiCMBfBGA4AuApAnAiAcAaARANAQAJAFABAB
2112605,CsCsCPBzBMBAAxAyAjAmASAaALATAUAHAEAAAAC3CtCFBdBHA9AnAsAoAdAbAeANAQARADAEABAE
2112704,CjCjCIBtBRA+AzAuArAdAcAbASATAUAGAFACAAChCYCIBlBNBAA2AzAnAoAXAeAXASAJAHAFADAB
2112803,CfCpCRB0BHA8AyAtAoAgAfAbATATAMAGAEACABCYCdCIBgBMBBA3A1AnAlAfAZASAVAQAKAEACAB
2112902,CjCxCRBvBLA7A0AzApAjAgAYAWASAJAIAFABAACeCmCMBaBGA8A3A0ApAfAeAUARAOAMALACABAC
2113009,CJCbCRB4BQBAAxArApAhAdAYAXAQAOAKAHAAAACACZCMBxBQBFA2AtAwAiAhAcAPAVAPATAFAEAD
2114007,CWCnCgByBMA4AxAqAuAgAfAZAUAOAMAJAEABAACTCoCPBsBMA+A6AxAoAlAdAXAOARAJAHAEABAA
2200103,B8CDCXB4BIA5AwAtAeAmAyAnAVAVAEAGALAAAABiCECQCDBdBDAyA3AvAtAyAZAfAVASALAIACAG
2200202,BxCBCKBxBKA8AzAwAvAlAlAaAbAZAOAHAGACABB0CECYB8BRBFBBAzA2AoAlAjAYAQAZAUADAAAA
2200251,B+B8CABoBnBNBEAeAxAzAWAcAVARASALAFACABB+CLBvB7BiBXBIAxAzAqAdAXAWAMAOAGAGACAC
2200301,CCCZCNB2BIA6A7A2AvAeAgAdAbAcAPAIAGAEABB7CMCOB0BNBCBEAvAsAfAkAfATATAPAIAFACAA
2200400,CNCTCTBlBXBFA4AuAqAgAfAcAWAXAMAKAHACABCFCSB+B0BOBGA7A0ArAmAdAgAaAQAKAMAGAEAA
2200509,B4CNCMBoBNBEA5AtAoAsAnAaAXAWAPAHAHACAACCCKCIBzBQBGA9A1A0ArAhAjAiAQALAFAHACAC
2200608,BxCECABfBRBMBCAxAnAsAvAXAdAWASAJAEACAABrCABqBlBcBRBEBBA2AsA0AeAhAXARAJAMAEAA
2200707,CWCTCbCNBWBAAzApAnAgAZAXAOASAUAEAHABAACTCfCQByBJBBAuAnApAkAaAYATATAJAJAIADAA
2200806,CbCPCLBYBSBSA7A4A3AkAaAfARAWATACAAAAAECCCJB3B1A+BIBEA/AoAjAiAXASAWARARAGACAA
2200905,CFCfCbB8BDAzA5AnAuAlAfAdAZAYAWAOAGAAAAB7CQCOBlBIBEAyA4AsAmAmAdAfATAJAGACAHAA
2201002,CMCQCLB1BdBJBOAuAdAWAjARAWAfAPABADAAAACECKB+ByBZBNAmA0ApAqAZApAdAJAWAEAIACAF
2201101,CICfCgCHBJBEA0AkAlAnAfASAQAOAOAJAOABABCECdCOBwBMBBAxAwArAoAjAbAOAQAJANAGACAA
2201200,CZChCSBtBLBEA1AvAsAeAdAZAUAUAPAIAGACAACUCaCHBnBQA+A0A1AoAhAfAZAVASAOAIADAGAB
2201309,CICgCyBfBlBRA/AoAoAfAgAJARAUAKAKAAAAAACNCqCOBzAvBCApAoAqAiAnAbAjAQAPAGADAAAA
2201408,CKCXCSB3BGA+A1AnAnAVApAYAkAUAQAQADAFAAB7CRCHBoBKBFA7A5AuArAjAiAaAWAJALAIAAAC
2201507,CXCjCNBtBQBFAyAsAnAlAgAaAeAOAPAJACAEAACTCWCJBkBMBAA5AyAqAlAbAhAUAPALAGADAHAC
2201606,CLCgCVBrBDA8AyAzAvArAjAgAWAXAOAOABABADCBCaCIBkBAA7A5A4AtAoAiAfATAVAQALADADAC
2201705,CECgCWCCBTBFA0AxApAlAgATAbAOAGAKAGAAAAB8CdCOBrBRBEA2AtApAlAgAdAUANAOAKAIAAAC
2201804,BwBgBzB5BFBBAtA1A2A1BAAVAgAiARAOADAEACBeB/BpBhBPBDA6BHA8BBAoAhAgAcAmAXAGAAAA
2201903,CNCeCcB4BMA9A0AyAxAdAaAVAPAUAGAFAFABAACLCjCSBzBSBEA8A5AiAlAYAbAaARAKAHABABAA
2202000,CfCjCaBzBUBBAxA8AsAcAgAUASAaAQAFAFACABCUCYCIBmBHA+AzAnAoAnAeAVAWANAKAJAFACAB
2202109,CGCHCKCGBHBDA1AtApAiAdAaAYAVAUAEAFACAACNCTCRBqBSBGA7AzAyAkAjAbAVAZAKAGAEACAA
2202208,B0CICGB+BYBDA2AwAvAlAgAcAZARARAKAEABAAB0CCCHB7BdBJA9A2AsApAfAfAbARAPAKAFADAC
2202307,B/CTCVB/BKBBA1AuArAoAaAdASAUAMAKAJABAAB3CTCYB8BMBFA5AxAsAnAfAdAVAUAMAMACACAB
2202406,CNCYCQBvBMA/A4A0AoAdAgAgATAWANAJAEADAACHCgCTBrBMA/BCAzAnAlAdAVATAPARAOADAAAB
2202505,CeCnCLB9BRBAAuAqAjAjAVAXAPAVAIAJAFADABCfCnCnBtBFA/AsAqApAjAcAXALARAMAKADACAA
2202604,CQCVCMBzBQA8A0AvAsAiAnAUAYASASAMAHABADCJCFCIBzBUBBA+AzAtAjAmAYAXATAPAHADABAA
2202703,CaCaCNB3BUBDAwArAsAeAfAZAYARAPAIAGACAACbCSCHBrBRBCAwAsApAtAfAWAVAQANAMAEABAA
2202802,B8CGCTCHBKBDA4AsAtAqAWAVAWAYAWARAHABAACLCZCFBuBMBAAzAnAvAmAiAeAVAUATANAGACAB
2202901,CICdCVB5BSBCA8AyAvAbAYAZAVAMAKANADACABCFCbCZBvBLBDA8AwAkAeAhAVASASAPAOAHACAB
2203008,CaCrCNBuBPBFA9A3ApArAZAVAQAVAHAJACABAACSCuCPBoBDBAAsAsArAsAgAPATAOALAHAEAAAA
2203107,CWCbCiB9BGA3A2AxAkAgAeATARATAGALAFACAACSCkCXB5BJA/AuA0ArAiAbAZAPAJAOALAGACAA
2203206,CYCgCMCDBJA8A6AwAxAvAeATALAQAMAFAFADAACQCcCNBoA+A8A5AwAqAhAkAXARAPAPAPAHACAB
2203305,CACSCOBuBTA2AuAsAvAfAkAcAaAaAKAJAIADAACECbCaBqA2BDA1A3A0AqArAcAZASANAQAGAFAA
2203354,CHCRCMB+BZBHA0AqAtAnAcAWAXALAIAJAFADABCECMCOB/BXBHA2AwArAoAdAbATAMALAHANACAC
2203404,B6B7CGCABNBPAyAuA2AdAvASAWAcAHAHAHADAABzB2B+BvBfBOBTA+A0A5AbAXAUAPAIAQAGAEAE
2203420,CgCNCgBkA2BDAoAzAqApAeAgAWAMAXALAHAGADCXCPCbB1A+A7AuA1AyAhAdAoAMAMAAASAKAFAC
2203453,CACZCUCGBSBBA0ArAtApAfAbAcAPAOAIAEACAACACFCUBwBUBCA0AoAsAqAlAXAXAWAMAIABAGAA
2203503,CCCJCMB1BCA8AsAtAjAsAiAcAcAXARAKAKADAABzCKCJBwBOBJA2A5A+ArArAdAcAbAOALAFADAA
2203602,B/CaChCGBLA6AxAyAkAmAdAYAVAQAIANAKADABB+CXCRB0BNBDAxAyAsAjAiAXAYAXALAFAGAFAB
2203701,CcCiCGB0BKA+A1AxAoAfAeAVAVANAJALAHAEAACRCdCIBjBPBCA6A2AuAiAaAeAWARAJAQAGADAB
2203800,CJCbCTB9BRBHAzA9AjArAhATAQAOAIAHAIAAAAB6CjB3CQBTAxA1AoAuA0ApAZARANAHAKADADAA
2203909,B4CDCFByBUBBA1AvAsAiAbAYARAPAOAHAEAAAAB2CACQCGBnBQBCA6AwAqAkAbAeASAMAKAGAEAB
2204006,B4CbCPBgBEA2A5AvAfArAgAaAoALAWAFAGABAAB2CXCFBxBRBFBLAtA5AlAhAjARAkAWANAFACAB
2204105,CKCmCEBnBHAsA3AzAzAqAdAgAPAuAQAIAIABABB9CbCSBfAzBDA7A6ArAtAYAoAcAUAFARAIACAC
2204204,CACJCPBtBmBXAwAzAsAoAbAbAPARALAIAFABAAB6CFCJB6BcBFBMAxA0AdAaAeAWAWADALADAAAA
2204303,CJB/B3B2BcBNA3AvAsAtAdAYAUARAQAFAIABAACFB7CBB3BeBNA+A0AxArAmAWAfAQANAKADAEAA
2204402,CJCmCUB2BIA/A4A2AjAjAcAZASARAGAMAHABABCYCbCWBqBKBBA7A0AnAjAeAaAXAPAHAEAHABAA
2204501,CNCRCPBkBWBEA9AqAyAbAmAUARAHAPACAFABABCOCHCGB5BTBRA/A/A1AbAeAcAUALAPARADABAB
2204600,CLCCCYBtBYBRA6AoAxBAAiAdAQALAJAMAGADAACNB2CRBrBGBFA8A9AkAeAnAcAPAOAMAQAIAAAA
2204709,B3CLCMBqBTBGA6AqAoAkAmAcAPAbAQAKAEABABBzCTCOB0BYBJA/A2AuAlAhAhAYATANAKAEAEAC
2204808,CCCVCKBsBPBCAuA8AoAiAlAZAhAWAGAIAHACAAB7CLCBBpBdBTBFA0AnAjAqAdARASATADAJAFAA
2204907,CZCoB6CIBMBAAkAjAuAtAeAbAYAOAFACAEACAACSCWCJB2BTBJBEAxAkAiAZAUAaATAHAKAHABAB
2205003,BwCCCEB4BQBAA2A1A1AuAgAcATAVARAKADAHAABxB4CBB9BjBWBDA4ArA0AjAfAaAQAGAJABADAA
2205102,CHCeCSB0BLA9A4AvAkArAcAbAVASANAHAIABAACCCcCQBsBPBFA3AxAwAoAkAYAXAMAQAHAFABAA
2205201,CLCPCIB0BNBAA2AvAuAgAnAXATASAOAIAKACACCBCOCMBwBVBIA8AxAuAiAYAaAcATAUALANADAC
2205300,CKCZCVCEBOBBAyAuAlApAcAXAXASAPAFAJADABCDCaCPBmBIBCAzAuAlAmAjAhAXARASAIAFAHAB
2205409,CiCmCUB6BZBCA0AxAnAqAhAXAPATAMAEADAAABCcCgCIBhBEA8A0AtAvAgAaAYALANAHANADADAA
2205508,CKCZCIB0BVBFA4A0AnAmAdAYAfANAOAIAFACAACKCZCHBuBTBEAwArAsAjApAWAaAUAIAIAEAEAC
2205607,CACIB+CEBXBUA7AzAkAnAkAYASAVAJALAFADAECGCLCCBlBMBABCAzAwAxAhAiAhASAHAHABAAAA
2205706,CTCcCRCABXBGAyAxAqAkAdAaAUASALAIACABABCQCZCMBqBNBCA1AoAuAhAcAXAfAOALAFADAAAA
2205805,ChClCQBtBKA8A1AxAnAdAYAgAXAPAMAHAIACAACcCnCKBeBFA/A2A0ApAfAiAZAUAOAOAKAIADAC
2205904,CJCsCbCGBJA+A1AvAnAcAbAdAVAVAJACACACAACMClCQBgBIBDA3A0AuAcAfAcAXATAIAFAHAAAB
2206001,B1CYCVCEBUBHA+A6AtAlAlATALASAOAHAAAAAAB6CaCEB0BNA7A1BCAuAnAmAbARAIAVALAAABAA
2206100,CWCaCOBsBKA6A0AxApArAbAaAQAQASAOAGABAAChCWCGBkBLA/A4A2AxAmAcAcAdAPANAKABABAA
2206209,CoCkCLBqBIBFA5AtAnAkAdAZAXAOALAHALABACChCgB/BbBLA7A2AzAqAdAbAgATASARAHAIABAD
2206308,CDBdDIB4BtAxAuAUAzAjBCAuALAGAIAJAAAAAABTCbC5CLAvA6A/A4BRASA6AeAVADAGAAAAAAAA
2206407,CBCWCTBxBHBDAyAwAtAmAfAgAZAZAHAOAGABABCECcCFBhBOA9A0AwAxAvAfAlAVAPALAXAGADAA
2206506,CBCPCLBsBWBOBDBBAmAiAeAWAjAKAPAIAJAAAAB7B9B+BkBFBaBHA0AzAqAaAgARAYAPAMAIACAB
2206605,CXCpCZBtBTBCA0A3AiAgASAgATASAJABAEACAACaCnCNByA7BAAzA0AlAbAaAdASAWAIAMAJABAA
2206704,CKChCVBtBMAxAxAuAnAiAhAgAXAPAPAMAHABAAB/CZCWB4A9A5A4AxAsAnAlAgAcAeANAJACAEAA
2206803,CTCsCHBvBHA/A5AyAcAnAhAYAPAOANAJAJABAFCSCZCSBdBOBCAxA4A4AiAbAcAbAPAMAKACACAB
2206902,BwCQCcBvBHA/AtAtAlAsAdAjAaAlAJAEAEABACBzCYCPByBQA/A6A0A6AsAtAgAVARANAJAEAEAA
2207009,CDCYCaB7BFA4AxAoAoAiAdAaATASARAGAFACABCDCTCQB4BVBEA6A2ArAtAkAaAYAXAKAIAEAEAA
2207207,CECFB7BvBeBOA4AwApAvAjAZAOAPAPAMAGABADCACCB9B5BeBSA/AwAvAgAeAeAZAaAKANAGABAB
2207306,CaCnCKCDA1AxBAAtAtAfAcARALAOAOAGACAAABCrCyCnBnBDA/AwA2AmAwAfAIAQAXAHACAEAAAB
2207405,CNCzCfBYBFBNA+AyAsAjAfAbAMAKACAXAEAAAACNCkCMBlA2BPBOAmAcAnAeAbAVAWAJAGAFACAB
2207504,CPCeCTBsBLA+A0AsAqAjAbAlAPAVASATAIADAACOCPCHBWBCA/A6AvAsAkAdAqAVAhAOARAFAEAB
2207603,CvCqCSCIBOBBA7AsApAZANAfAQATALAFACAAACCkCiCbBUBCBCA1AvAhAZAeAbARAMAKAEAEADAA
2207702,B8CEB/BzBWBGA0AtArAhAdAYAXASAKAJAEADABB+CBCMB+BfBPA/A3AxAnAjAgAeARANALAGAEAC
2207801,CTCECHB0BUBFA4AtAsAoAeATAUARAOAIADAFABCSCPCIB4BeBHA7AsAuAmAaAZAWAQAMAJAGADAB
2207900,CRCZCNBwBLA8AyAwApAkAaAfAYARAIAIAIACADCMCOCOB1BXBHA6AzArAlAhAaAXAPANAFAFACAB
2208007,B6B9B6BzBWBNA+AyAsAnAiAXAYAQAIAIADACAAB2B7B9B0BrBeBIA5A3AsAkAbAUATANAIAEACAB
2208106,B8CXCYCABOBAAyAsA1AoAZAcAZAPARAPACABABCCCUCKBuBLA/BBA2AoAeAiAiATAYAOAEAEADAA
2208205,CXCKCEBqBfBGA6AtAtAeAeAZAVAUALAJADACAACRCGCHBvBYBMA7AyAtAjAfAaAXAPAQAKAGABAB
2208304,CGCNCGB7BOBHAvAsAtApAjAfAWATAOAHAJABAACKCECFB2BiBEBBAxArAoAgAXAYAPAPAIACAAAD
2208403,B/CHCLB1BOBEA3AtAsAnAgAaAcAOAMAJAEACAAB/CCCJB4BfBKA+A2AvAoAgAgAbAPALAKAGAEAC
2208502,CxCfCSB2BJBFA0AvAoAeAaAYASAUARAHAEACAACkCdCJBWBHBAA0AyAmAkAcAaASANATAKACACAA
2208601,CPCFB7BiA2A8AwA+AzAZAiApAXAfAMASALAAAACUCsBhBRA6BUA7BaAqArAhArAMAMArALAFACAA
2208700,CfCyCnB+BCA1AzApAqAgAVAWARAJAKAEAAACABCeCsCcB1A6AzA1A9AjAkASAbARAOAMAGADAEAA
2208809,CHCOCGBpBKBHA4AtArAiAlAbASAZAKAMAGAFAACFCTCGBjBPBHBBA1AsAsAmAeAWAZANASAEABAA
2208908,CwCrCEBrBUBHA6AyArAUAeAUASANAOALACADABCbCjCOBeBLBFA5AxAjAiAXASARAUAIAFAGAEAC
2209005,CNCZCUB9BYA9A2AuAqAqAfAXASAQANAOAGADABBxCbCMB4BKA9A0AxAsApAZAcAYAYAMAIAFAAAA
2209104,B1CYCdB+BPBNA4AoAqAqAaAUAUATAMAIAEABAAB/CQCJB+BWA6A8A4AwAkAXAmARASAQAIACABAA
2209203,CmC7CKBjBXAvBCApAqAgAfAQAPAWARAKAAAAAACYCvCTBjA5BCBBAjAbAkAhAfAWAUAHAKACAAAA
2209302,BwC2CaCOBCBDA0AzA/AaAbATAeAQAFACAAAAAACHCgCRBxBLA4A3AqA4AWAhAbAbAJAGAMAKABAC
2209401,CGCGB5B5BNBFAyA6AwAlAoATAdANARAQADACAAB+CCBsBjBmBZBIAyA0A9AaAhAKAaAPAGAFADAA
2209500,CGCGCcCBA/A3A1AvA4AbAdAZASATANAJAEAFAAB4CJCUCGBJBLA9A+AlAzAtANAjAJALADAEACAE
2209609,B5CRCLBpBABAAwAzAxAoAgAsAdAVAdAHAKACAABxCKCOBoA8A5BBA6A0ArAoAhAkAbALALAKABAB
2209708,CECiCbCHAyA2A5AxA0AgAaAfAbARATAFAKABAACCCWCcBWBPAqA5A0A3AkApAZAbASASAIABAHAA
2209807,CPCUB9BsBPBFBEAyAvApAgAeATANAIAGAHAEAAB9CICbBrBPBEA0A6AjAlAqAYAeAXATAFAGABAA
2209856,B6CLB7BxBEBEA2AqArAoAkAhAfAXAPAMAGACACB1CKCAB4BYBJA6A0ArAsAwAlAVAYATAIAGAGAA
2209906,B3CUCcCGBRA3A2AyAvAhAoAWAXAQAOAKAGACABBxCSCXB9BLA2A6AxA0AmAgAZAXASAOAGAIAAAA
2210003,CKCYCWB5BUBBA4AqAtAhAbAUASASAMAGAGABABCKCSCPCABMBFA3AxAlAoAdAXAUASARAJAEABAB
2210102,COCtCdCDBIBDAyApAoAxATAWAXAQARAKADADAACLCiCXBhA4A8A0A1AvAcAjAaASAOAKAJAGABAA
2210201,CECSCOBzBSBEAxAoAqAsAiAcAZAQALAGAOABAACDCLCMBuBaBHBDAvAkApAoAYAbATASAGAAAAAA
2210300,B/CGB8BwBUBQA7AmAvAvAiAcAVATAOAQADABAACECABzBqBgBPBAA+AxAoAkAeAWATAKATABADAB
2210409,CSCUCbB4BPA/AzAvAtAiAaAcAZALAMAIACACAACJCOCQB1BVBHBAAsAsAfAbAZAMAWALAJAIABAB
2210508,CECSCRBrBJA8A1AuApAmAhAeAaASATAJAEACAAB/CLCTBrBGBAA9A1AwAnAgAiAeAXAQAMAJADAC
2210607,B9CMCQCCBTBJA4AvArAfAcAXAWAOANAJAIABABB+CJCRB5BZBIA6AuAsAkAiAVAbARASAMADACAA
2210706,CQCTChBsBbBRA4AuAkAiAhARARARAPAGACACACCOCMCGCbBaA4AxAqAtAmAeARAOAOALAIACACAA
2210805,CBB/CCCFBPBHA+AvArAiAkAWAUAPAUAFAHABACB4CHCRB4BfBHA5AzAuAlAiAYAUAZAVAHAHAAAB
2210904,CLChCbCBBDA5A0A2AfAqAcARATANAJANADAAAACLCnCWCLBDA+A4AsAwAcAaATAQAPAJARAEACAB
2211001,B8CCB4BrBZBPBBA2AsAhAXATAPALAHAFACABAAB5B/CGCFB0BlBRBCAxAkAdAWASAPAKAHAEACAB
2211100,CMCZCVB5BQA6AwAtAoAjAjAaAYASAKAMAEABAACOCXCNBoBGA8A1AxAwAnAiAcAXAUAPALAGAFAB
2211209,CFCbCABqBfA/A6AwAwAnAQAbAQARAUAFAEAEAACHCRCMBxBJBSA6A4AsAeAnAbAaAQALALAIADAC
2211308,BwCHCNB4BHA8A0AlAqAlAbAlAWAYANAPADAGAABpCKCFB+BiBKBDA4A0AoAkAgAdAYAMAKAFAHAD
2211407,BzCUB+BvBJBCA0AvAjAlAkAcAgAVALAOAGADAAB1CSCRBqBQBKBFA3AyAsAsAfAVAVARAKAHADAA
2300101,B+CSCSB2BPBGAyAtArAeAjASAPAgAVANAFADAACMCPCFBlBQA3A0AwAxAxAjAWAeAaARALAIACAB
2300150,CRCOCBBqBZBNA8A0AuAdAkAVAUAVANAJAGACAACHB/CCBoBeBKBAAwAnAkAjAaAbAYAPAKAEAEAB
2300200,CfCVCICBBFBAAyAjAnAiAdAeAZATAQAKAHACAACXCVCLBnBdA+AxAjAzAkAYAcAYAUANAMAFADAB
2300309,B/CFCGBuBHA9A0AuAqAtAmAaAeAUAYAKAFAEABB9CJCJBuBKBDA7A1A0AnArAeAXAZAWAJAIAEAB
2300408,CkB6CpBmBMAvA9AaAtAnAhAcAbAaAHASAFABAACOCHB0B3BSA/A+A6A6AhAwASAUAYAJAHAFAAAD
2300507,CRCICABuA4A7ArAoAhAfAoAbAnARAFAQAHAFACCVCXCBBnBeBLA0A0AjAtAwApAYAWAUANAFACAC
2300606,BsB1CSB3BCAzAjAqAuAvAzAXAaAWASAQAIAEAEB4CHCGBxBKA1BEAuA9A0AeApAdAfAPAiAFAHAB
2300705,B6CQB9BxBRBQA2A1ArAkAgAaAYAdATAKAFACACCDCLB+BdBKBEBFAzA1AlAlAVAeAUAYAOAGACAD
2300754,CkChCOB4BHBBAuAjArAhAoAaAYAaAMAOAFAEABCiCdCJBUBDA4AoAmAuAnAoAeAVAYAJAKAHACAA
2300804,BoChChBXA0AgAgAcAjBAAwAbAXAiATAGAHAAAHB1CQCSCABFBFAkBJA+AzAkATAdATAUAaATAKAA
2300903,CBCHCFB6BRBCAyAoAuAqAlAZAgAgAQANAHACAACECMB9BxBJA+AvA0AnAqAaApAcAeASAKAIADAB
2301000,CQCJCBBmBlBaBDAyAyAfAdAdAYAPAJAMAIAEABCJCGB3BkBbBOA4AyAmAlAhAXAZATAKALAFADAB
2301109,CGCFB9BzBbBIA5AuAvAnAcAXAcARAMAHAFABABCACFB6BtBTBRA9A1A4AqAfAeAfASAUAIAGADAB
2301208,CMCNCIBwBVBHAvAzAyAdAhAiAbARARAOALAFADCECLB4BcBNBDA4AxAjAoAcAkAYAcARAZAGAGAC
2301307,ChCSCDBsBIA7AqA+AbAiAiAWAWAXAVAHAFABAACgCMCNBsBSBHA4AzAjAnAkAdAYAZAKAGAGAEAC
2301406,ChCTCKB2BWBSBAAoAxAfAiAZAYAVARANAHAAAACUCXB1BVBGA9A4A1AjAbAgAbAaAPARAIAGABAI
2301505,CLCJCcB9BJBEAvAvAsAoAhAZARAeAQALAHAEAAB7B/CNB1BOA5AwA5AxAfAwAPAdASAMANAJAGAC
2301604,CQCDCLBsA/A8AxAtAsAnApAeAVAdAOALAJADACCIB3CEBvBUBCA7A0A0ApAwAYAbAVAOAUAHAFAC
2301703,B/CPCKBqBQBBAyAzAoAkAkAdAYAhAUAHAIADAAB+CDCBBtBLBEA7AtA1AhAoAfAdAjARAMAHAEAB
2301802,B/CMCOCBBHBFAwAkA2AhAiAoAYAaAFANAHAEACBpCBCEBxBHBHBEA4A7AvAeAgAbAXAPALADACAA
2301851,CVCHB6B0BbBQA6AwApAgAhAYAcAXAQARAEAEACCOCTBzBcBPBKA2AvAsAdAiAcAaAZARAKAIACAC
2301901,CICJCDBuBQBJA2AwAqAiAYAbAPAUAMAKAGABABB/CICHB0BdBOA9A1AuAlAjAeAdAVAPAMAHAEAC
2301950,CHCVCCB9BbBJAtAyAvAfAjAXAVAZARAIAEABABCLCQB+BeBUBLA+AvAtAeAlAfAaATANAGACAFAD
2302008,CDCDCOB6BOBCAuAtAkAjAjAhAUAYAUATAHAEAAB8B6CHBrBUBIA1AyAwArAwAYAiAaASAJAEACAB
2302057,CWCgCOB+BLA/AuArAyAeAfAdAVAXAOAIAFACABCSCaCLBjBAA1A9AyAtAgAiAZAQASAXANAEADAC
2302107,B+CHCFByBdBGA2AuApAmAmAcAYAXAPALALACADB3CACCBsBUBJA5AyAtAmAqAeAnAOALAMAIAEAD
2302206,B5CJCQB7BWBFA3AtAvAnAgAZAYAeANANAHADACCBCNCHBnBCBDAyA1AxApAiAcAdAbANAIAHADAC
2302305,CfCYCPB1BEBDAvAtAuAjAfAWAQAXAPAKAJACAACaCYCHBoBRBIAtAuAvArAbAbAPAVAJAJACADAA
2302404,CMCLCBB2BMBAA2AwAuAkAmAUAcAYAMAQAGADAECICJB7BoBLBGA1A4AvAoAnAcAaAXAOAOAFADAC
2302503,CRCIB/BrBSBFA0AtAmAoAbAbAPARALALAGAAABCICICGBvBbBEBAA3A3AnAmAbAaAXAPAOAEAEAC
2302602,CYCQCJBtBVBGA0AxAqAhAYAYASATAMAJAFACABCWCQCKBzBXBIA4AyApAoAhAbAPAPAMALADADAB
2302701,CKB9B8BsBBA4A8AlArAoAcAYAUAZASAKAKAHAACECACKBvBrBBAzA0AxAyAoAmAZAcAPASAFAHAF
2302800,CQCKB9BuBTBHA4AxArAfAkAZAZAYAPAOAFAEACCJCKB9BlBRBLA4AvAxAlAiAiAZAVARAMAHADAD
2302909,CTCWCHBtBRBCA1AyAlAaAiAYAPAdAgAJAFADAACOCbCLBeBHBBA3AuAqAhAqATAUAiASAIAHAFAA
2303006,CECICLB5BeBDA2AyAuAjAgAdAhAXAKAOAKACAECGCIB+BpBEBCAyA0ApAlAnAZAWAbASAKAJAEAB
2303105,CNCPCCBoBHA+AtArAtAhAoAUAdAbAWAPAMADABB6B+B9BtBLBHAwA7AyApAfAqAiAcAUARAHAEAC
2303204,CJCfCSBxBFAqAzAsAmArAfAVAVAdAKAOADADAACWCPCLBsBPBFArAwAxAmAnAlAZATAQAKAEAFAE
2303303,CHCJB5BpBEBCA2AyAuAsAvAeAYAXAbARAFAEAAByCAB5BfBKBIA3A3A4AtAxAZAjAeAPAPAHAEAA
2303402,CUCPCJB0BQBDA+AuAnAgAbAcAaARALALAIAEAACRCUCYBqBLBCAvAsAlArAaAkAWAWAOAJAFABAA
2303501,B8CCCPBmBZBMA6AyAxAhAdAbAdAQAQANAIACACB5CEB2BzBYBNA5A4AwAhAjAkAgASAOALAIACAB
2303600,B/CXCRB7A7AzA1AnAuAYAfAeATAYANAOAFACAACTCWCTB3BMBIBJAqA5AbApAYAUAPAPALADADAA
2303709,CVCIB6BiBfBeBHA0AqAfAZAVARALAHAFADABABCRCEB4BvBmBlBLA3AuAhAcAYARALAIAFADABAB
2303808,B5B/CCByBBA9AyArAvAnAuAhAaAqAOAJAIAEACB1B+B9BzBQBFA/A8A0AxAhAnAbAZARARAGACAA
2303907,CPCHCOB6BOBAArAsAsAtAmAZAVAQAPAGAHADAACcCICNBzBNBGA5ArAqAoAnAcAOAYAMAGAIAEAA
2303956,CKCNCEB2BdBPAwAzAnAiAkAQAaAeAJAMAGADAACGCRB+BtBVBNBCAqAoAaAdAXAZAcAIALAJAEAA
2304004,CWCJB9BvBQBEAzAsA2AiAaAXAXATAQATAEAEAACRCGCABqBUBEA1A2ApAqAkAhAYAaANAKAKAEAA
2304103,B0B5CBB4BUBDA2AwAqAlAhAaAcAUASAMAGACABB0B0CDBvBfBSBEA3A4AoAjAkAbAbASAMAHADAB
2304202,CBB8B+BtBSBIA0ArArAoAeAVAUASAKANAGACAAB7B4CABwBiBSBIA/A1ApAoAjAZAaAPANALAEAC
2304236,CWCdCSByA7A+AoAxAlAlAiAfAaASAMAGAEACABCZCQB7BxBgA9AyA2AtAoAfAcAaAVANAHAGABAC
2304251,CZCZCKBtBBA+AmA0ApAqAjAVASAYAOAJAIABAACPCbCQBsBSBIA/ApA+AcAjAXARAVALAFAGAAAA
2304269,BxCCB2BvBJBIA2A5AkAtA7AZAdASAZAQALACABByCACABpBLBGA0A3A7AqAuAkAaAnAJAJAFABAD
2304277,COCWCQBpA/A4A5AqAuAlAlATANAcAbANAFACAACACNCQBrBMBAA4AzAzAoAcAoAeAVAQAOAHACAB
2304285,CVCRCABsBfBUA9AwArAiAdAXAOARALAJAFAEABCSCVB5BhBbBVA8A0ArAhAaAZAZATAJAEACADAA
2304301,CHCBCDBpBBBBAvArAkAqAiAfAWAbAXAMAEAFABCICNCJBpBPA+A4A0BAAyArAbAfAXAQARACAEAA
2304350,CQCJB8BkBRBQA4AuAqAkAdAbAeAPAOAOAIACAACLB/B4BxBZBNA5A0A0AfAtAYAbATARAJAGAIAC
2304400,B0B1BqBgBhBYBEA3AvAiAdAVASAPAJAFADABABBwB0ByB1BzBqBSBFA5AsAlAeAaATAMAJAFACAB
2304509,CSCPCJBmBABAAxAsApAkAbAdAdAYAQAIAIACADCKCTCDBmBHBHA5A3A1A1AhAiAcAVANALAGABAB
2304608,CYCWCDB9BPA+A3AxAmAwArAZAfAgAKAJAEAAAACUCSCEBlA/BIAkAuArAjAhAXAZAYAJANAFAEAA
2304657,CfCiCQBnA2A0AoAoAwAaAdAdAUAQAVALAPABACCRCfCKBiBGA+A2AxAkAsAmAfAhAaAWARADADAA
2304707,CXCRCJB2BTA/AwAtAxAkAfAaAUAWAQAIAIAEABCTCUCJBnBFA+AwAwAqAtAfAbATAWARAKAHADAD
2304806,CWCaCeBTBKBNAxA0AZAeAsAWANATATAFACAHAACZCjByB6BPBEA5AnA0AhAcATAVAfASAGAEAHAC
2304905,CNB+CDBwBEBFApAwAqApAfAXAdAaATANAKAJABB8CICNBaBSBKA9AqAxAvArAQAhAlAMANAGAIAE
2304954,CeB8CKBoBbBRBBA4AiAkAUAnAPAUASAKADACAACICPCBBuBdBIAwApAmAnAiAWAbAXAQALADADAA
2305001,CNCWCPBwA+BFAyAvAqAkAhATAcAYARAKAFADABCNCRCKBtBKA1A3AwAsApAjAgAbAWALARAGAEAD
2305100,CJCJCQB1BSBTA5AyAcAzAgAeAoAJAUAOAFAGABCECDB6BVBJBAA+A0AqAmArAVAjAaAKAIAGAEAF
2305209,CECWCUBwBHA9A1AoAnApAlAOAbAfAMALAHAIAACQBzCCBnBOBCAwA3AvAnAoAnAmAVAOAQAFAFAA
2305233,CdB9CMBiByBHAyA+AxAZAbAZATAaAOANACABAAB+CTB+BpBXBBBBArAtAfAeAXAhAZAPAEAEAEAC
2305266,CPCKCAByBYBLAwAtAlAsAmAdAWAeASAMAGADABCaCDB8BjBPBCAvBCAmAYAmAaAcAWAOAJALACAC
2305308,CYCbCHBqBEBHA3AkApAoAdAZAVAeALAKAHADAACUCZCHBiBMA9A2AsAtAlAhAiAVAWAZAKAHACAA
2305332,CJCaCZB4BIBMA8AtAlAoApAYAXATAMAQAHABABB9CWCGBmBLA9A4A4ArAjAeAdAXAPAQAEAHADAB
2305357,CCCMB9B3BlBMBAAzA8AnAdARASAUAPAMADACAACACLCABlBUBOA8A0AyAkAXAeASATANAJAGAEAB
2305407,CFCKCEB0BOBHA4AsAqAgAeAbAYAXAOAHAGAEABCFCMB6BwBYBOA9A3AqArAnAcAYAVAPAJAIAEAB
2305506,B2B3B2BrBKBNA8AvAyApAgAeAYAaAPAJAGAEABB4B9B5BqBcBSBGA/AwAvAoAiAcAZARAMAGAFAA
2305605,B2B9CSBwBSBAA2AwArA2AlAZAbAaAMAFAIAFABByB5CFBvBLBOA7A1A0AwAmAgAcAXARAMAHAFAB
2305654,B4CHCLBvBABAAzAtAoAkAgAjAfAdAXANAGAEACB2B6CLBuBIBFA5AzAwAsAmAnAsAZASANAEAEAA
2305704,B+COCLBvBDAoAzA0AtAvAkAZAYAfAUAFAMAIADB7CFCDBlBGA3BPA4AvAqAvAjAfAXAPALAJAFAC
2305803,CECPCIBwBHA7AzArArAhAaAcAXAeARAOAGAEADCFCJCCBrBNBIA2AxAuAgAuAeAaAjAUASAIAFAC
2305902,COCTCNBwA7A1AuAuApAhAgAWAWAeAVAKAHABACCLCOCOBtBKBAA3A0AxAoAjAfAdAeAPAMAMABAA
2306009,B9CTCEB1BIBIA1AsA1AaAlAQATAfAVAJAFAEADB+CPCKBlBUA+A7A/ApAqAeAkAaAVAZAHAHAAAG
2306045,CZCYCKBxBKBCA1ApAsAkAeAbAaAYAIAKAGADABCRCTCFBtBJBJA0AwArAkAdAfAYATAOAIAGADAB
2306108,CNCVCLB3BZBLAzArAkAlAjAiAYAMAPAGACACAACXCPCMBsBQBMAxAtAoAgAsAXAPAPAGAJANABAA
2306207,BzCMB5BeBTBKA/AkAmAvAOAmAhAdAWAKAKABAHB5CBByBlBMBFA/AfA/AlAvAoAgAiAZAWALAJAA
2306306,CPCRCJB1BTBJAzArAoAmAeAcAUAXAJARAEACABCECLCEBvBWBHA5AwArAiAhAbAXAYASAJAKABAB
2306504,CICTCKB6BLBCA1AzAmAYAoAWAZAaAOAOAJAIAECFCVCFBTBIBBAzA3AxAnAnAZAVAhAHAUAIAEAD
2306553,ClCkCcBpBXBCAwAxAoAgAcAXAdAXAKAEAFABAACnCfCGBtA+A+AvAuAkAYAfAYAYAPAGALAFADAB
2306603,CVCJCFB4BYBFAnAuAnArAiAgAYAjAQAGAFAAAACRCOCEBgBPA/A8A8AvAbAjAVAZAXAIAJAJADAB
2306702,CECJCABwBKBHA9AzA1AcAoATAfAbAWALADADABCCCFB9BtBFBIA+A7AqArAhAZAeAbAQAJAGAEAC
2306801,B/CLB2ByBCBMA3AzAxAwAcAdAZAZAWAIAKABADCACFB7BiBSBQA6A3A4AjAXAiAgAXAPAOAGAJAD
2306900,CACFB6BsBFBGA9AvAxAkAkARAeAZARALAJAEAAB8CKB4BsBJBSA7A/AyAqAmAgAWAfASAOAIAEAB
2307007,CECGCBBwBSBNA7A1AyAhAVAZAYAXARALAGAEADCECIB2BkBOBOA/A+AvAcAdAZAeAcAXAOAGAEAE
2307106,CTCOCTBuBJA8AtAvAgArAiAVAVAUAOAJAHAAAACVCOCGB2BJBAAxAyA3AvAlAcAVAaAQANAFADAB
2307205,CFCECKBuBKA/AzAfAsAnAfAcAVAVAPAMAFACADCNCMCIBwBXBHA6A4AqAnAwAXAhAOAYARADAAAB
2307304,CAB7B6BrBMBCAyAuArAiAgAYATAUAQAKAHACAACAB8CEByBgBUBCA5A0AtAmAlAgAZARANAIAEAC
2307403,CQCPCFBiBEA1A8AvApAqAnAYAXAjAYAHAHADABCHCFB4BlBFBBA6A0A9ApAnAtAZASAaAPAFABAA
2307502,CBCGCEBsBDBAAzAxAoAkApAbAdAZAPALAKAEADCACICEBkBJA/A6A3A2ApAyAaAfAZAKAUARAGAB
2307601,B2B8BwB1BXBVA+AzAxAsAeAXASAUANANAGAEACBwB7BzBnBiBdBIA7A5A0AgAYAZAWAQANAEACAB
2307635,CPB/CFB/BZBGA2AnAuAqAoAeAiAUARAKALACACCLB9B1BjBLBEAzAsAvAtAhAgAZAZALAMALAEAD
2307650,CZCVB/BmBdBVBGA3AuAfAXASAOAKAFAEACACAACOCOB5BnBkBgBPA/ArAhAaAUARANAGAEACABAB
2307700,CICJCABwBdBPA+AqAoAlAgASAVAUAKAHAFACAACKCHB/BmBeBVA/AzAuAiAfAhAZASAQAJAFAFAB
2307809,CxCWCBBtBVBEA0AmAtAtASAUAVATALAGAIADAACpCRCBBuBZBDAzAzAqAgAcAhANASAKAGACACAA
2307908,CZB9B2CBBRA+A0ArAqAjAcAWAPAdAUAPAOACAACCCICKB0BVBJA7AtAvAfAiAgAXAYAQARADADAD
2308005,CQCGCDBvBQA9AvAtApAdAgAZAbAZANALALADABCSCMCBBvBUBFA4AwAwArArAaAaAbARAJAIABAB
2308104,CUCOCOB2BNBDAuArAlAkAZAZAZARANAMAFAEAACPCICHB2BUBGA3A0AwAiAmAcAWAWAOAMAGADAB
2308203,CeCTCSBvBGA7AtAlArAiArAWAdARAMAMAEAEABCRCTB/BdBKA+A4A1ApAmAkAeAmAVAPAMAJADAG
2308302,COCGCDBvBQBCAyAvAoAjAkAZAZASARAIALAAABCHCFCEBrBZBKA8AwAxAvAoAdAeATAQAFAGADAC
2308351,B9B8B7BmBJBRA6AzAyAnAuAXAbAhAcAPAIAFAABxB+B3BfBMBLA9AwA0ArAsAfAbAkASANAIACAB
2308377,CfCTCMBuA6BFAxAqAyAiAbAnAdAZATAEALAEACCOCjCHBgA/A/AjArAyAqAtAVAgAUAPAEAJACAD
2308401,CMCEB+BtBUBBAsAnAqAuAhAcATAWAQAOAEAFABCNCICIBsBSBEA3AuA2AkAkAkAmATAXAIAIADAA
2308500,CKCMCMBuBDA3AwAvA3AlApAWAaATAWAKAHABAACDCNCBBmBKBHA6AzAvAzAjAiAZAWASAQAGADAB
2308609,CKCICPB6BDBAA3AyAxAlAoASAcAUAIALALABACCPCPCEBkBQBEA6AwAwAuAnAaAXAUAJAIAEAFAC
2308708,CGCMCAB0BTBOA2A3AlAhAiAbAbAWAQANAJADAACDCQB5BrBTBIA8AtAxAqAkAWAXASAPAPADAEAB
2308807,COCICRBrBLA8A0AwAyAWAnARAfAYAQAOAKADAACRCLCEByBIA7A7A4AvAhAqAcAXAWARAIAIADAA
2308906,CfCdCOByBEBBAsAwAqAkAfAYAdANASANAIAEABCkCQCDBeBIA/AxAyAtAtAaAfASAZAKADAKAEAA
2309003,CfCNCTBeAyA+ArApArAhAZAaAWAcALASAMAEABCCCQB9BxBKA/AzA7A4A0AkAmAbAWANALAPAFAD
2309102,CHCLCDBuBTBSBBAwAwAtAXAmApASAOAHAFACAACBCHB+BZBDBGA9AyAtAiAqAfAXAWAQAJAKAEAD
2309201,CNCHCPBsBQBCA0AmAqAqAdAZARAQATAMAIACACCDCCCJB1BTBHA0AxAwAiAvAcAcAfALALAJAEAA
2309300,B+CFCOByA/A9A1A0AoAjAeAcAbAWAWALAIAEABB+CFCHBuBSBHA8AyA0AjApAhAiAbASAMAHAEAB
2309409,CDCBCIB5BbBEA5AyArAiAgAYAWAVANALAEAFAAB/B/CRB2BbBQA/AzAuAgAkAVASAUASAHAEADAA
2309458,CPCZCIBxBQBEA1AwAoAsAgAcAbAYAOAPAEAEACCJCUB9BsBPA/A1AwArAhAdAdAYAXAMAGAFAGAA
2309508,BuCKCCBpBEBFA3AwAwAkAkAdAaAXAPAPAHADABBwCKB5BvBTBNBAA+A3AtAnAmAfAYAUAIAFADAB
2309607,CCB/B/B1BeBOA1AxArAhAiAXAVAWAWAHACACABCCCFB9BuBgBSA9A1AvAtAeAdAaAVAJAHAFAFAB
2309706,CZCQB/BoBbBaBFA0ApAdAdASASALAKAEACABAACXCSB6BfBgBbBHA1AsAfAaAZAXAMALAGADADAA
2309805,CMCRCDBuBfBQA7AtAnA1AVAcAeAeALAMADAFABCGCMB1BdBPA/A8AvAmApAVArAcATAOAOAGAEAA
2309904,CGCKCHB7A1A9ArAuApAjAiALAeAWAUAXAKAEAACFCECCBcBWA/A/AxAyAmAqAoAiAmAWAPAHAAAA
2310001,B7CZCNBzA+BEAuAtAwAoAdAUAcAjAOAMAEAFAACZCTCEBXBHA7A4A3A3AtAeAfAdAQAcAOAGABAB
2310100,CRCTB7ByBdBLA1AtAnAlAmAgAdAWAMAPADACACCICICDBiBQA/A1AuArAqAgAlAcATAPAIAGAEAB
2310209,CGCLCJB7BZBVA1AhAsAkAdAdAeASAMANAHACAACICJCFBrBVA/A0A2ArAkAhAcAYAUASAJADABAD
2310258,CDCWCSCHBZBFA2AqAmApAdAmAYAOANAFAGAFAAB+CQCTBwBSBEA1ArArAmAhAZAOAOALAMAEAAAC
2310308,COCFCMB0BUBCAsAnAoAiAjAaAYAXANAKAJAEAACDCKCMByBdBIA5AvAsAwAiAaAWARAQAIAGAEAB
2310407,CGCHCHB9BeBLAwAqAoAgAmAcAlAcAQAIAHADACCQCEB4BpA9A8A0AqAzArAjAhAdAZAOAPAEACAD
2310506,CFCGCKB+BSBAAwAmAsAmAbAeAYAWASAOAFAEABCICHCEBuBKBDA4A6AvAlAkAeAbAYAQAMAGADAE
2310605,CZCGCGBsBOBHA9AsAjAdAbAaATATANAJAFAEABCMCSCSB2BNBPA9A0AeAlAuASAUAYAWAEAHACAC
2310704,CNCLCGB/BZBLA1AqAjAgAhAbAUAVAPASAFAFABCLCJCBBpBTBMA1AqAuAgAqAYAbAYANAIAGADAB
2310803,CUCRCTBvA4A8AxAsArAfAcAaAcAVAKASAFAEAACOCRCOBoBLA/A7A3AuAqAhAbAaAXAMASAHADAC
2310852,B8B+CCB0BhBOA1AvAsApAoAgAXAcATAKAFAEAAB7B8B8BoBeBFAyAsAtAoAjAnAcAVANAMAKADAE
2310902,BwCBCOBqBIA8ApA2A6A0AnAXAeAkASAIAEAGAIB1B+CFBkBEBBBDA+AqAqAvAtAWAVARANAMABAC
2310951,COCOCSB0BHBBAyAlAmAdAhAYAaAaAYAQAHAFACCRCACBBqBOA6A1AuAnAoAiAkAaApAPAMACALAA
2311009,CHCTCPB0BPBCA7AlApAoAfAYAhAXAOAEAGACABCLCNCBB2BMBGA2ApAtAtAcAgAfAJAQAMAJACAC
2311108,CPCKCMBxBPA7ApAqAuAlAfAbAUAVAPAHAJABAACNCKCFB2BQBHA/AtAlArApAiAWAVATALAHAEAC
2311207,CYCBCDBqBHA+A0ArAeApAtAVAVAVAPALAJADADBuCbCOBkBdBGAuA4AwAxAuAnAWAYAKAQAEADAC
2311231,CRCCB8B4BZBYA6ApAxAuAhAVAOAPANASANADAACOCFCEBgBVBVA7A/AwAfANAaAYAMAIAJAIAGAA
2311264,CECSCXBuBMA9A0AqAqAgAiAaAWAZARAKAEAFAACJCICLB4BTBIA4AsAqAlAlAeATAbAKAMAGADAC
2311306,CHCGB7BuBRBHA4AwAuAkAcAfAaAaAOAMAGACAACDCHB3BjBaBRA9A3AxAtAmAbAVAYASAMAGACAD
2311355,CFCMCKB5BNBJA6A8A2ArAYAUAaAeAKAHAGADAACCCDCCBkBIBAA7AxA3AoA5ATAZARAEARAGAAAC
2311405,CDB5B6BwBPBQA5A1AyAhAnAaAdAXAPAKANADABB+B2ByBtBbBLA+A3A3AnAmAcAeAaANAKAHAEAB
2311504,CGCCB2ByBSBQA5AzA1AkAZAVARAaAXARAIABACCJB7B0BkBUBMBAAyA6AwAWAhAeAUAUAMAGADAA
2311603,CGCGCABmBYBQA2AvAuApAXAjAdATAVALAGADAACDCOB7BqBVBHA6A2AuAjAiAaAgAUASAIAHADAB
2311702,CFB6CHB9BIA9AuAjAsAcAfAfAjAaAcAHAJAAADB9CMCHBhBBA5A7A5AxAvAuAgAnAiAWAJAKAEAB
2311801,CACHB9BrBYBRA5AuAxAnAWAXAZAVAOAKAIACADB9B+B1BwBWBQBAA7A0ArAeAgAXAdANAQAFAEAC
2311900,CYCICHBaBDA6AyAmAyAtAkAcAiARAMAOAIACAACPCMCKBxBGBDA4BEAzAsAVAlAQATASALANACAB
2311959,ClCbCJBtBKA9AvApAtAkAdAZARASARAHAHACABCcCMCFByBXA+A1AxArApAeAZAbAOAOAJAFADAA
2312007,CUCRCNBxBPBBA0ApApAsAgAXAVATARAKAMACABCXCPCEBsBNA/AyAtArAqAmAYATAVAJAQAHACAD
2312106,CdCUCVBtBFBBAuAoAqAiAfAZAVAUAOAPAHABAACYCUCIBmBIA9AxAvAvAoAoAbAaATAJAQAGAGAB
2312205,CTCJCJB1BJA+A1AwAuAhAiAWAhAWARAHAFAEABCPCJCDBoBQBMA5AsAuAcAoAaAdAYAPALAFACAD
2312304,CTCXCOBzBCA8AzArAlAiAdAZAfARALAOAGACABCOCRCPBlBJBAA0AwA1AqAoAeAaAUAMAPAHADAC
2312403,COCICLB7BfBLA2AyAuAnAbAYAYATAPANAHACACCHCJCEBgBOBKA1AyAqAgAkAcAcATAMAHAFACAB
2312502,BZBmByBwBWBNBCA0AzAwAhAhAeAdAXAaAEACAABbBuBrBmBZBdA9A5A9AvAgAoAnAkAaAQAJADAG
2312601,CECCB3CBBjBRA2ApAyAgAgAZAdAZAJAQAHACABB9B9B8BxBYBMA1AwAwAkAeAjAeATAMAPAFABAB
2312700,B4B7B+BmBNBDA2A1ApAlAlAeAeAcALAMANAFADB8B7CABoBLBNA/AzA0AyAiAnAdAcAQATAKAHAC
2312809,CcCBCdCCAxBFA1AuA6AWAYAXAOAdAHAdAEAJAAChCbCGBSBUBEA0AyA1AhAdAaAOAPAVALAGACAA
2312908,CNCFB5BnBYBLA6AuApAhAbAYATARALAKAGACABCNCDB5ByBjBWBBA4A2AlAhAdAZATAKAMAFADAC
2313005,B7B6CBBtBaA9A5A1AvArArAaAkAZAVAFAMAIABBuCABsBeBFBZA8A9A1AxArAgAfAgAPACAEAIAA
2313104,B3B3CBB3BbBMA/AuAyAkAhAWAbAbAQAGAEACABB0B3BxBwBfBdBDA5AzArAkAhAVAdAOAEAHABAB
2313203,CQCOCGB7BDBDA0AlArArAdAaAfAUAMAOAFAEADCECACJBqBUBCA2A5AwAkAhAeAXAdAUAMAGACAB
2313252,CJCBB9BvBfBPBEAwAvAmAfAcAXAaAJALABAAABCGCCB/BhBaBMBCA3AtAnAdAnAZAIAXAGADAAAA
2313302,CBCGCEB1BOBDA0AmAwArAjAbAbAVAOAKAHABAACAB6CDB2BZBKA8A7AyAqAjAfAcAQAOAOAGACAA
2313351,CZCYCKB+BMBIAwAsAqAhAfAeAXAZAQALAHACACCYCVCKBqBDA6AvAqAqAqAeAWAXAXAMAFADAGAC
2313401,CXCOCEBkBQBDA6A2ArAlAdATAWAVANAJAFABABCOCTCBBxBUBKA9AwAsAiAiAhAXAQAMAJAFADAB
2313500,CYCgCKB5BHBJA0AsAqAhAcAeAWAbALALAHAFAACZCcCJBbBRA5AuArApAlAhAXAaANAMALAGADAD
2313559,CWCNCMB4BSBJA0ArAoAgAeAdAXAYAPAKALACAACZCLCFBuBKBGArApArAiArAZAXAXAJAFAKAEAB
2313609,CJCSCDBvBDBDBAA/AsAhAbAcAXAUAMAHAFACAACKCOCGBkBOBDA4A1AuApAmAjAUAQARAMAJAIAA
2313708,CNCQCdBzA4A1AvAvAwAoAjAgAaAWALAKAJABACCFCQCJBlBBBEA2A0A7AjApAlAXARAGASAMACAA
2313757,CWCVCCB9BdBHAqAzArAhAZAdAZASAHASAJADAAClCRCKBdBGA9A6AlAsAbAYAgAdATAOANAFADAB
2313807,CeCKCLBmBFBXApAxAqApAeATAbAWARALADABAACKCdBzBxBkA0BBAsAmAfAiAjAeARAXADAIADAA
2313906,CMCSCJB8BTA7AvAtAoAtAjATAWAUAXAIAFAEAECXCFCGBqBPBEAxAuAxAmAhAfAYAVAJAJAKAEAB
2313955,CGCHCOB1BAA5AxAnAqAcAeAeAgAQAPAVAJADADCDCICDBzBNBCA0AqAyAwAtAbAjAaAPAUAGAHAB
2314003,CDB/B8BqBEBBAyAvAyApAkAjAbATAWAQAGABACB8CBB6BuBSBFA7A3AtA2A0AfAeAbAPALAHADAB
2314102,CZCdCPBxBLBDAzArAmAjAgAaASAWAPAMAIADACCVCZCEBdBKA/AyAsAtAlAlAbAXAVAPALAJAEAB
2400109,BvB5CBBuBWBQA7AsAuAaAkAbAgAUAWASAFAEAGBxB4B1BiBRBXA+A4AvArAkAkAXApAXANALAHAC
2400208,B/CGB4BkBgBXBCArArAlAcASAVASAOAKAHAGAAB/CGB7BwBlBaBAAzAuAgAmARASAbASAKAJADAC
2400307,B+B6B5B6BmBOA9AgAjAnAmAZAaAaAJAKAGAJABB5CNB6BwBgBTA7AuAhAiAzAOAdAiAHAOAJAGAA
2400406,CkCJB8CHA5BBA7AtAtAkAdAXAgAVAMAFANAAAAB/DFB6BjBBBNA7AoA0AeAYAfAbATAPAJADAAAA
2400505,BzB/CLB5BNBGA9AoAuAiAgATASAkAUAFAMAEABBvB9CMBwBXBMA1BDA1AjAoAVAZAWAZANAIAKAD
2400604,CLCDCDCNBcBBBAAuArAlAkAQAdAUAQATADABAABzB0B/BlBPBiA8AuAuAiAyAMAPAhATAGAEADAG
2400703,B3CBB6ByBpBaBBAsAtAhAkAYAaAUASARAIAAACBzCAB4BvBYBbBDAnAtApAaAWAeARANAQAFAIAB
2400802,CNCJB3BpBVBJBAAvAoAeAZAaASAkARASAIAFAACBCKBuBkBUBUA4A+A3AZAnAeAbAaASAJAFAEAE
2400901,B0CICWB9BaA8A8ApAsAvAbAdARAkAMAJAJADACBrCBCHCGBJBLA8ArA0AlAiAeAZANAMARAJAAAD
2401008,B+CAB7B3BhBYBFAyArAdAfAVAWAYAOAIAGABACB8B+B8BtBcBXBGAzAuAeAhAZAcARAMAKADAGAC
2401107,BtB4B2BmBZBaBEAvAtAdAmAZAhASATALACADACBvB0B6BlBiBcBMA0A1AjAgApAaAdAQAOAPADAA
2401206,CMCZCFB4BcBMA7A0AkAfAcAXAZAUARAMAGABAACNCPB9BgBaBHA3ArAoAiAgAaAcANATAMAEAEAB
2401305,CHCQCGBzBSBIA4ArAoAiAgAbAYAUASAPANABAEB/CMCBBmBJBGA6AxA0AfAgAcAaAWARAUAMADAC
2401404,CMCiCNB5BjBUBAAjAvAdAnAOATAJAKAMAEADACCICTBsBuBUBTA4AlA2ApAfAXAPAPAEAMAHACAB
2401453,COCYCJCABmBJA4AvAqAkAdATASATAQALAFADAACHCICFBzBTBNA5AsAsAhAeAUAWANAKAHAEAEAA
2401503,CDCDClBvBXBFAgA9AVAuAgAhAaAlAcASALAAAAB6B0B0BvBOBAA/AhAgBHAgAeAXAQAWASAMADAA
2401602,CRCTCPBlBDBBA2AxA3AUAeAXARAbAUASALAAAECdCeByBfBSBJA1AmApApAdAZAaAYANAYAGADAA
2401701,CFCFCNCBBPBDA2AnArAcAbAeAbAXAaARADADAACMCLB9BmBNBEA1ApA1ApAaApAZAeAOAMAKACAA
2401800,COCNCAByBRBKA6AqAuAfAhAbAXASARAbAMAFAACICLB0BdBDBFA3AiA5ApAoAZAeAiANARAHAHAB
2401909,CRB7CKCBBcBDA3AmAjArAmAeAXASAEAfAIAAAKB2CNBrBzBNAuA7A/AwAhAUAeAgAeAOABAdADAE
2402006,BuByB3BhBdBVBDA1AsAgAhAUAZAUAPANAHAEADBoByBvBmBkBfBLBBA4AsAuAZAZAeASAUAIAEAC
2402105,B4CHB5BxBMBKAuAqAnAtAlAcAYAbAcAVAHADACB/CLB4BkBRBJAvAzAuAmAiAoAYAkASAHARAKAD
2402204,CcCNCBByBfBEBKAmAlAgAYAOAdAXAJALAHAEABCTCbCEBhBdBNA5AaAnAnAcAhAbAOAJALAHACAA
2402303,B9B+B2BtBXBXA2AwAkAnAfAbAZAUAcAQADAEAAB4B8B3BsBZBLA+A4AsAyAlAiAYAnAPAJAFAEAE
2402402,BjB/B8B0BdBNA9AqAxAyAkAMAlATAYASAGAEAABwBxCBBaBVBNBAAsAyAqAsAdAgAfAaATAMAEAE
2402501,B6CJCABpBlBUA8ApAsAjAcAWAZAbAVANALACABB5CDBxBnBXBdA9AuAqAkAfAZAbAaATATAJADAC
2402600,CNCNCGBwBdBJA4ArArAiAeAUAYATAQANAFABABCLCICBBoBZBKA6AxAvAnAiAaAUAVATAJAHACAC
2402709,CWCPCCBtBVBDA5AnAlAiAjARATAeASAVAGAFAACGCQB6BpBMBGA2AqAvAjAmAdAcAcAZAMAEAFAA
2402808,CECKCJB8BRA4AmArAsAmArAdAXAXAWAQAIACAACCCFB8BeBPBGAwApAyApAwAUAlAjARAQAJAKAA
2402907,CbCaCFBaBKA5A3ArA2AcAkAZARAgALANAIAFABCICQB7B1BZBJAyAxArAwAqAXAYARALALAEADAA
2403004,B2CDB+BtBNBYA9AyAuAgAkAVAXAZAVARALADABB0B3BzBWBgBPA1A+A+AoAbAiAgAfATAQANABAE
2403103,BvB5B8BnBSBKA6AzAvAkAiAYAVAaASAMADAHABBrB4B8BxBhBeBGA3A4AtAuAaAcAVAUAMAIAEAD
2403202,CUCaCJBuBFA5AyAzA3AiAiAVAQAOARADAIAEAAB9CTCZBiBOBUA+A5A4AgAcAaAQAWAGANAEABAE
2403251,CMB/BvBiBmBiBPA2AqAjAYAUAMAOANAFACABABCGB9BxBuBuBrBNA6AxAgAcAVAXANALAFACACAA
2403301,B9CACJBqBXAwAtAvAuAXAuATAkALASAMAMAFAACBCUCIBnBIBKBHA2A0AtAnAbAlAUANAQAKADAD
2403400,CJCDB0B7BqBLA1AhA4AfAeASAiATAXAQAHAAACCECMCNBcA1BKA8AoAyArAoAZAlAdAFARAFACAE
2403509,CICfCHB0BdBGA8AwAnAZAaAWAXAcAVASAIADAACICPCFBpBVBCAtApAsAjAhAYAcAUALAJALACAB
2403608,CJCKCBBvBlBIBCAuAtAZAeAcAPAZAQANAEACABCNCKB9BtBZBPA7AxAoAlAcAYAcATANAIAEADAB
2403707,BzB4BmB4BnBbBCAjAzAcAfAZALAdAaAfAKAAACBuBvB6BzByBQBDA0AzAgAbAgATAXAYAMAEAKAA
2403806,B/CJCFBnBYBKAwAmAtAcAkAXAfAVAWAZAGAGACCCCDB+BmBGBJA4A6A4AeAiAWAeAcAbAQAKAFAD
2403905,ByCGCACOBNBlAxA3BHAbAZAUAdASAQADAJAAAABzCMCPBuBSBDA0BDAnAeAjAeAjANAFAHAKAAAD
2404002,CICMCLB7BOBDA1A2AtAfAYARAfAZAJALAIAAAABwCACSB3BSBNA7A5AvAqAVAmAXAbAFAKAGAGAC
2404101,CcCQB+B5BZAtAvBNApAcALAnAeAmAHAHAJAAAACBCZB+BxAzCGAsAdAbA1ARAzAAAsAAAGAJAAAA
2404200,CQCXCHB2BYBMA+AvAjAnAfARAYARAKALABAAADCMCVCBBvBXBNA7ArAvAkAeAUANASAPAHAEAFAB
2404309,CDCFB1BuBmBXA+A0AtAlAlAUAUAdAcAJAFACABCAB3BsBtBfBLA+AlAxAkAkAbAZAVAPARAJAEAC
2404408,CCB2BqBrBrBYBFAzAtArAeAbAhAVAMAGAGAEAACCB3BrBqBeBcBHAtA1AmAcAgAaASAQAMACAEAB
2404507,CaCNBcBlBtBzAsA9AbAjAcAXATATATAHAFAAACCnB2CHBMBZB0A2AiAwAXAjATAcAYAJAJAHACAF
2404606,CHCICJCCBZBKAxAoArAmAeAbAgAVARAQAEAGAACRCOB8B0BQA8ArAqApAmAqATAdAVAQAHAGAHAA
2404705,CJCPCOBrBeBVA9AyAsAgATASAfAUAMAJAFAAAACGCPByB7BcBGA8ApAmAkAjAWAVANAQAWAGABAC
2404804,ByB9BuBbBEBbA/A4A0AbAyAHAoAaAaAUADAAAABRCRCHBZBYBYBKA9AsAwAjAfAPAjAQAnAAAGAA
2404903,BzB/BtB1BiBQA9A4AzAlAlAUAJAdANAIANAAAAB1CEB9BlBgBWBJA0BAAlAuAPAbAUARAKAAACAC
2405009,CRB4BoBuBzBCAwAjAoAiAoAaAXAcARAOAMAHAHB4BxCFB9BKBOAuAtA0AsAfAgAhAeAYAQADAKAB
2405108,CYCaCMByBOBQAzAqAuAfAXAbAhAYANAHADAEAACTCTBzBjBLBMA+A0AmAfAYApASASALADAIAJAB
2405207,B4CRB5BrBTBdAxAzArAhAmAXAZASARANAHAFACB8CKCWBoBKBABAA0A4AnAhAdATATATAIAOAAAA
2405306,CCCACOB4BbA/AvApAvAqAfAaAVAfARAVAIAJADCKCFB1ByBTBEAsAhArAjAfArAaAbAOARAMAEAA
2405405,CgCfCEBqBQBFA4AqAlAjAaASAUATAZAFAIAAABCoCUB1BpBRBLA1AvAsAhAZAYATAcAMANAIABAA
2405504,B0CQB5B9BMBAA8AwA5AeA0AjAYAXAgAKAPAAAECPCVBgBhBQA/A5AwAmAqAuAYAKAXAiAPABAAAA
2405603,BxB8B4B1BqBZBDAxAtAfAnAXAZAcAQAMAFAGADB0B2BxBgBTBaBAAwAxAxAhAdAbAbAMAKANAEAC
2405702,BjBqBoBhBOBZBDA8A1ArAfAfAcAdAWAQAJAFAFBjBpBsBeBkBdBMA/A2AiAmAjApAcAUAbAKAEAC
2405801,CQCPCAByBJBCA8AnAqAhAcAcAUAZAUALAPAAABCTCKB+BlBgBKAvAxAvAnAmAVAXAYAQAOAGACAE
2405900,CMCJBsCKA/BIAwAuA0AoAXAuAlAnAJAJAEAGAABrCUCRBXBKBDBLAtAmBIANAdAeANAKAJAMALAA
2406007,CCB9CABvAsA4AxAqAqAvAwAlAhAcAQAHABAIAABqCZCVBTBhBGA+A4AxA1AkAfAqAVAQANAKADAA
2406106,BvCLCAB3BXBKA1AyAsAnAYAgAgAYAYAHAMACAEBsCOB6BeBLBLBHA1AzAhAtATAgAUAQAYAOACAA
2406205,CfCsB8BqBRBGAxAoAkAeAgAbAfAMAVAPAEABAACeCUCBB2A4BNAxAkApAfAjAVASAbARANAHAFAB
2406304,CPCZCFCABYBJAdAwAsAUAzAPAXAaAdAQALABAACJCPB7BfBFA6AvAzAzAyATANAcAhAbANADAFAC
2406403,ByCgB1BkBjA9BJAmAlAvAuAUAeANAUAGAOAGAACRBnCLBfBFBSBaAUApAiAjAnAnAQASARAAARAA
2406502,CbCSCJB1BPBOA1AiAoAjAYAZAXATARALALAGABCTCOB9BgBNBNA0AwAnAlAlAaAZASASAKAJADAB
2406601,CSCbCEB/BaA/A2AjAzAmAlANAXAWAMAPALADADCQCGCBBqBQBEAwAoAoAlAdAiANASASAWAIABAC
2406700,CBCCB1BpBUBMA3AyAuAhAhAbAUAeAYASAPAEAAB+B2BzBdBQBRBGArA1AqAqAZAlAhAQAQAIAFAF
2406809,CDCdB3BlBKBMAwApA8AYAhAVAPAcAlAOAGADAACSCFBxBoBSBBAyA2A4AiAoAYAgAfAUAWAGACAA
2406908,B9CBCICBBYBIA6AyAZAqAcATAdANAVAPANAAAABoCDCRB7BaBNA+ApAkA1AiAdAlAUAKAPADAAAA
2407005,CGCbCJBkBIA5A2AyApAjAYAdATAUARAQAFADABCBCaCKBkBRBLA7A5AuApAjAdAWAXAQANAHADAB
2407104,CLCCCBBpBkBPA7AsAqAiAdAXAbAQAOASAGADABCCB9B4BuBeBRA9AyAqAqAfAdAXAYASAKAEAFAC
2407203,BrByByBlBlBdBKAoAtAqAgAcAaAYAMAHAJADAABuBwBxBpBnBnBMA3AwArAhAiAVAgAMAPAIAEAA
2407302,CGCMCCBmBBBDA1A0AqAmAgAcAWAfAXAOAAAGAACCCZB5BcBQBOBAA7A2AkAkAdAaAZAZAJADABAA
2407401,BjB8CECABJBGA8AlA0AsAiAWAeAWAPASAMAEABBzCBCFBlBLBBA7A7A9AkAoAmAgAhATANAIAEAD
2407500,CRCYCKCABWBFAvAvAmAhAfAbAWAUAQANAEABABCPCTCSBZBTBAAxAtAsAjAjAbAXARASAJAFABAC
2407609,B8CbCLBlBLBNAyAuAxAhAZAYAZAXAVARACAAAABaCJCSBxBlBiBKAsA+AXAlASASAVANAOAGAAAA
2407708,CKCICKB8BJBHAsAtAmAVAfAdAYAgAPAUAKAGAACVCRCLBkA9BAAsAzArAhAeAjAaAaAYANAOAGAB
2407807,COCACFByBYBKA3AqAsAiAdAaAcAbATATAGAEAACPCABvBpBPBHA2AuAtAoAlAfAZAYAUALAKACAD
2407906,CeCZCFBrBBBNArArAWAiAoAYAdAUAgACAFADAACECYCHB1BaBNA5AfAlAcAmAZAYAQAKATAMABAF
2408003,B4B5B3BkBgBbBIAyAsAiAdAUARAQANAHAEACAAB4B6B3B0BwBiBNA7A1AkAgAZAaASAPAIAFACAB
2408102,BvBzBrBgBiBXBJA5AxAjAcAUAQAQALAHADACAABsBxBzB0BwBpBWBFA7AsAjAcAZAWANALAFAEAB
2408201,COCAB2B+BqBRA7AvAtAhAjAZASAYASALAGABABCDCCB0BmBTBHA/AvAuAnAnAYAZAVARANAFADAB
2408300,CJCNCAB0BOBBAvAnAnAgAcAdAVAdASAOAJAEACCHCICBBrBNBLA7AvAvAmAlAgAeAWAVAPAMACAC
2408409,BzB2B/B7BUBEA7ArAqAhAxAWAiARAjAMAJADAABsCCBvBuBRBLA7A8A1AvAiAeAqAYASAGAPAFAA
2408508,B0B/ByBtBZBLAtA0AwArAeAhAVAiAMAZANAKAEBrB2BsBlBMBLBQA0AsAtAkAcAkAfAXASADAJAL
2408607,CSC6CVBmA3A/A2AxAwA2AYAUAOAJAhAGAHAAAFB3CVCTBlA/BEA5A5AnAqAuATAVAHAOAQADAGAD
2408706,B6B8B3BxBiBSA/AvAjAqApANAlAMAPAbANAFAACDCIB+BiBXBOAxAoArAoAtAZAeAVASAJADAMAA
2408805,CnCwB/CIBEA/AvAjAsAjAXAcARAZAJALAHAGAACdCkCGBbBCBBAqAsAtAyAfASAZAIAMAVAAAAAB
2408904,CAB/B1BgBSBMA6A7AwAbAbAXAfAbALATAMAEAECBCBB1BkBYBPA/AsA0AjAlAfAgAbASAXAKAJAC
2409100,CJCKCHB7BHBGAxAiAnAbAdAjAdAcAUALAJADAACHCSCGBlBLBDAxAqAnAuAjAkAgAXAOANANAMAB
2409209,B/B6CFB7BZA3BAA1AjAzAlAPAZAYAxASAAAQAAB2CMB2BxA9AxA0AwA/AdAZAaAvATAaAIAEAGAM
2409308,B9BuB4B/BeBDA5ApAtAqAhAdAWAZAQALAMAEAABrCCCFByBfBRA8A3A0AnApAWAgAXATAIAEADAE
2409407,BzB6B0BfBSBIA+AoAuApAjAYAaAWAJAGALAHAAByB6B8B5BkBfBHBMA2AmAfAmAeARAJAKAKAEAF
2409506,CjCtCGB9BNA6AzAnAzAmAWAZAbAWAJATADAHAACqCPCEBWBCAwAwAsApAtATAkAEAPARAfADAIAA
2409605,DBCMCeBMA2BZBDAvAgAKAnAhAjAVAXALAGAFADBsCnBxBiA7BLAoBGA8AOAgAmAfAeAHAIADADAB
2409704,CXCEB9ByBdBABAAwAkAsAiATASAWATANAHAFAACICMByBpBTBIBCAsAzAiAhAZAgAOAVAKAEACAD
2409803,CZCGCCBvBZBEA0AsAiApAlAUAbAWARAVAHADABCFCMCCBiBEBAAvAuA1AhAdAkAXAlATAKALAKAB
2409902,B7B9B2BsBiBXBAAmAuAiAhAZAgATAPAdAHAHABBuB2BuBkBYBVBBArAyAtAjAfAeAfAVAOAIADAC
2410009,BoB5CsBPBQBUAxA9AfAxAhAgAJARAcAGAJAEAABxCeCSBlA4BBA5A7AqAxAjAUAdAnAYAQAXAAAA
2410108,CSCaCJB2BPA8A5AoAlAmAlATAUAWAVAQAIAFABCTCXCEBiBMA/A5AcAvAkAgAYAgAWANAKAKAEAC
2410207,B6CGByBiBUBJBBA3ArAdAZAZAfAaATAWAIABAAB5B9B+BiBZBRBFA0AnAjAsAoAhAZAPAPAIAHAD
2410306,CQCMCKByBIBEA3AvAnAlAhAcAbAcAUAPAIAFACCNB6B+BdBWBCA3AqApAkAvAYAXAlAOALAOADAA
2410405,CeCaB/BsBXBAAyAlA3AlAZAhAZARAWAKANAIAECdCKCGBoBIA9AuAtAsAVAgAZAfATAQAHAJADAB
2410504,B5B5CKBlBfA5A3AzAiBEArAlAPAUANAIANABAAByB6B0BtBSBWBBA1A/AyAtAhAQAbAMAEAIADAA
2410603,BuB8B+CCBdBJAuAdBOAsAkAbAbApAKANAJADAABkBtB4BqBfBLAoAnBLAqAnAhAaAXAVAHAeACAA
2410702,CKB8BzCfBmBXA0AqAmAkAgAWAQAcANAAAJACAABgCYB1CNBSA/BAAjA+AtAaAjAhASAGAEAGACAA
2410801,CICVCMBlBQA+AsAuAXApAsAfAhAVAOANAJACAECACLB/BgBUBHA6A1AzApAmApAcAWALAJALAAAA
2410900,CdCDCGB1BTBOA7ArAbAaAnARAWAYAVAKAJABAGCbCPCCBqBEA1A0ApAzAgAeAbAdAWASASAJAIAB
2411007,BiBzCKCFBuBPBBA1A8AnAmAPAQAXAVAGAKADAABbCCCKB7BOBIBBA5A7AkAdAeAQAaAOAJABAEAC
2411106,CQCDCLBwBfA5A8AxAgAnAtASAkAQAOAZAFAFAAB9CSCDB7A3BJArAmA7AdAfAiANAdAWAJAAAOAD
2411205,CICLB9BiBWBEA3AnAsAkAkAPAYATAMANALAFACCLCOB6BpBYBNBDAzAxAgAmAaAdAXAUARAGADAC
2411403,B8CBCEB7BWBLA1ApAsAdAcAeAXAdAbAJAKAEABB+CCBoBsBRBNA7A6AuApAlAdAfAaAQAWADAJAB
2411429,CHB3CDBzBbBZBJBFAmAhAYAKAfASALAUALAAAECPB+CABWBeBLA5BCAnAZAcAbAeAVARABAIAFAA
2411502,CLCKCCB6BJBIAxApArApAgAaASAaAXAPAHAHABB9CFCCBhBWBIA0AuAuAtAnAeAVAZAQAQAOAHAC
2411601,CGCYCGBvBTBKAyA1AnAeAiAVAWAcAOASAIACADCVCJCBBoBKBGAxAsAxArAiAWAYAcASAIAGAAAC
2411700,CRCXB2BxA8BGBFApApAXAmAWAeAaAdAVAAAAAACiCQBrBdBRBTArAoAxAfAgAfAjARAdAMAFAHAC
2411809,BkCNB1BxBfBjBOAhAzAcArAgAVAXAaAJAKAGABB1BxBrBqBNBUA4BCA2AjAVAcAWApATAOAMADAA
2411908,B8CLCEBOBVBBBMA5A7AaAyAGATAdAWAIANAEAAB1BVB/CVBcBKBQA/AlAnAyAqAMATADAHAEADAD
2412005,COCIB5BuBlBSBAA1ApAeAgAOAPAUAQAMADABAACKCAB9BqBkBVBBA1AtAqAfAWATAPALAIAGADAA
2412104,BzCHB5BsBGBLA+AuAtAoAwAYAcAaAOAXAIAIACBvB3BpBoBpBNA+AyA/AmAgAeAYAYAQAVANACAE
2412203,CRCJByBqBgBKA7AsAqAoAfAUAWAZAOALAGAHABCMCJB7BqBZBPA4AwAtAmAfAaAYAUAWAIAIACAB
2412302,CJCKB8ByBaBGA1ArAqAiAeAaAcAQAVAPAHAHABCLCFB7BlBOBIAzA7AoAjAjAfAcAcAVAOAKAFAA
2412401,B4CCB1B1BZBeBNArAnAdAoAQAJAZAWAPAEAJAMBqB9B3B0BaBHAvBABBAgAkAhAhARAGANAJAEAI
2412500,CHCRCEBkA5A7AyA0AsAbAgAYAWAVANAQAKAEACCDCQCGByBWBNA/AuA0AwAzAUAcAZAOALAKACAA
2412609,CCCGCDBwBOBGA4AqArAiAgAeAYAdATARALAFADB9B6B0BmBTBJA9AvAsAqAlAjAjAZAQARAEAGAE
2412708,CBCGCHCDBYBGAzAkAlApAhAZAXAYAYAVAHAGABB+B2B/B1BTBDAzAxAwAjAqAXAaAbANARAJACAF
2412807,BzCIBzBqBSBRA7AoAoAfAkAgAWAkAYAZAHAEAEBsB8B1BlBTBLA5AuA0AtAnAhAjAaAfAPAMACAB
2412906,CDB5BsB0BVBCA8AsAwAdAqAdAdAaAWASAGAHACCAB9BuBoBNBEBAAyAuAmAwAmAhAiAUAQAGAEAE
2413003,BqCEB8BqBVBTA+AmAwAoAoAYAfAYAYAWALADADBkB2BzBeBaBRA9AuA3AkAyAZAkAeASAUANACAE
2413102,CLCHCCCHBYBOAvAuAmAiAhAWAdAlAOARALACABCOB7B9BdBPBAAwAwAkA1AiAaAXAVAIAgAEAAAD
2413201,B6CyCJBvBXA9AqA2BBAjAYAXAKAOAbARAHACAACYCFCBB0AqBXAoA7AvAeATAbATAfATAJARAHAA
2413300,CZCUCHBxBVBCAzAeAtAcAeAXAcATAWAHAHACAECXCSCIBoBDBFAoAkA0AgAgAlAgARAZASAIABAC
2413359,CHCRCWCAB7BTA3AqAhAgAgAjAjASAIAGABAAABCCCKCMBtBaBFA2AgApAiAeAWATAKAJAEAAAAAD
2413409,BuB8B6BrBnBQA7AxArAeAfAiAXAgAOAXAIACABBnB2B7BoBVBSA6A/A0AhApAhAVAiATAOALAGAB
2413508,CPCZCGCCBcBMAzArAlAcAhAdAWAVAXAKAGAKAAB4CKCJBvBDA/AwAqArAkAmAcAaAZAVAHACAHAB
2413607,CBCKB/B7BmBcBFAzAwAcAbATASAQAQAMACACACCJCEBzBsBXBVBDA6AqAfAcATAXASAKAMAEADAB
2413706,CfCZCQBnBABIA1AiA6AbAhASATAYARAdAAAAAACVCQCHBdBHAyA3AtA1AfAoAZAjAaAcAGADAFAA
2413805,CMCCCsBeBkBLBBAlAoAuAXANAgAFAVAAAAAAAAB1CdCFCcBCBBBWAjApAjAOATAgARANAMAJAAAA
2413904,CYCTCDB2BhBHAzAjAqAiAgAXAYAYATAMAPACABCFCOB/BoBYA+AoArArAoAhAZAVAfARALAGADAC
2414001,CQCUCDBwBKBHA3AuAuAeAeAeAbAUAQANAGAHADCACOB4BeBPBIA7AuAxAwAXAoAQAZAXAPAIAFAA
2414100,B9CQCWBsBGBAA3AyAqAlAhAQAOAbAjAPAEAEACB9COCBBrBPBMA3A3A0AtAkAYANAWAiAFAEABAA
2414209,CKCaCQB0BaBCA4A2AqAdAeAGAUAgASANANAAACCACZCJBiBFBAA1AqAsAiAiAoAXAVAHAPAIAHAC
2414308,BwB7B4BhBWBSBDA9AiBFAZAWAmAQAgARAFAAAABnB4BoBXBdBnBBBGAdA3AcADA0AiAiAJAAAIAA
2414407,CfCdCGBuBVBDA7AgAqAkAgAVAYAYASANADACABCeCbB3BmBOA9AkAzAsAnAnAVAUAPAYAKAEADAB
2414506,B8CAB1BtBSBKA5AvArAmAmAWAfARAaAGAHADAAByB6CGBsBiBWBAA3AxAoAmAcAlAQATAMAHABAD
2414605,CLCWCHB6BfBOA1ArArAhAfAdAbAYARAPANABAAB+CEB5BhBQBLAzAuAsAkAjAbAcAUANAOAJABAA
2414704,CECIB5B4BbBNA6AxAlAjAXAdAYAXAdAaAFABACCCCOB1BoBRBAAsAvAoAoAjAiAeAUAaAQAGAFAA
2414803,B+CRB9B9BSBHAzAsA8AiAVAWAcAiAVAIAMACABCKCEB1BhBPBBA3AsAvAfA2AmAeATAXAJAHAEAA
2414902,CtB9BoB/BIBdBFAgAvAoASAdAoAfAAAIAAAAAAB5CECOBQA+BlBBA+ATA8ApAwAQAWAAAUAAAAAA
2415008,C3CICQBzBPBLApAmAhAYAjAxALAMAKAIAPAIAAC0CIBsBiB1A1A8AvAjAhAOAaAbAQAGAMAJACAF
2500106,CTCOCOB6BKAzAqAvAkAhAlAZASAOAYAOAIACAACSCFCGBnBUBRA2AzAtAmAmAjATAVANANAEAFAD
2500205,CQCRCZB/BBApApAsAsAqAmAeAVARAaAKACAEACB8CFCPBoBTA+A3AvAuA/AnAjARASAJAUADACAB
2500304,CDCLCHB3BPA9AvAtAkAcAYAiAZAbAYAPAGACAAB7CICIBvBSA9AyAmArAuAgAoAjAaAXAUAKAGAE
2500403,CECLCHB/BMA4AoAnAkAhAjAXAfAXAZANAIADABCGCHCGBmBHBCA8AvAoAsAoAfAeAcAhAOAJACAD
2500502,CNCVB7B+BMBFAnApAlAmAeAbAXAeAPAPAKAGABB+B9CYB0BUAzAxApAnAqArAYAdAZAaAPALAHAB
2500601,CKCZCHB/BiBQA7ArAlAdAZAXAZAVAOAKAEACAACJCOCIBtBaBLAzAxAmAmAdAZAUAQAKAGADAEAB
2500700,B1CGCKByBDA7AxAwArAuAtAXAaAZAYAKAGABABBtCFCAB3BVBIA1A7A2AsAnAiAUAhATANAFADAA
2500809,CCCKCJB9BLA5AuAtApAdAgAfAeAcAYAMAJAGAACACGCGBnBNA6AxAxAnAtAnAkAcAjAWAJAIAKAC
2500908,BqB0CEByA5AzAnAkAqAuAnAXAkAdAbAfAHAFADBxB+CJBuBHAtA7AyA2AvAtAsArAiAaAeAKAOAG
2501005,CVCTCMBxBIA2ApAnAnAgAaAjAcAWATARAMADABCKCECJBoBRA/AzAtAuAlAqAeAdAhARARAEAFAD
2501104,CWCVCQByBLA4AxAmAnAZAUAYAZAcATAMAIAFABB5CVCgBoBLBKA1AvAfAfAtAcAZAeAPARALACAB
2501203,B+CSCHBsBOA7AtAoArAhAkAbAVAYAXAIAPACAAB9CKCQBrBQA9A2AxA1ArAiAfAjAcASARAJADAC
2501302,CRCNB7B2BEA6AuAmAkAmAWAhAbAfARARAKAEAACVCNB7BrBRA+A1A2AyAnAdAlAgAZAQANANAGAA
2501401,CTCUCPBtBeBMAxAiAiAlAZAfAWAdAQAEAGABABCbCMCHB2BNBJA1AmAvAgAOAfAgAPAJANAIADAA
2501500,B5CNCSB5BKA9AtAjAoAlAiAYAcAYAWAOAGACAACACGCGByBWBDAvAyAjAmAgAvAhAeAcAJAEAGAC
2501609,CTCSCQBwBEBAAzAqAeAhAgAiAcAXAZAOAGAAAACJCKCLBlBEA7A6AzAxAvAfAZAjAPATARAFAEAA
2501708,CWB6B3BuBMBAA/A5AtAlAlAbAnAQAUASAKAIACBzCNBzBWBABNA7AxAoAvAdAlAgAdAdAJASACAE
2501807,B2B5CBB3BrBVA6AwApAfAhASAUAOAMAGAEABAAB4B4B9BxBwBYBEA5A0ArAnAWAbAPAPAJAEADAA
2501906,BzCCCGB5A8A5ArA6AnAjAgAgAWAeAZAVAIAFAIB2CCCFBsBXBAA5A2AnAnAtAbAbArAaAJAKAGAD
2502003,B5CNCFCABfBMAtA0AvAaAjAUAYAUARAHAFAIACB+B7CGB3BQBIA3AsAwAsApAUAZAUALATAHAJAA
2502102,CBCUCaBvBGA5AmAyAoAjAeAVAUAbALAVAIAAABCGCaCSB8BKA8A9AyAyAmAlASAYATAOAVAEADAA
2502201,ByCXCQCOAcBsA/AlAoAVAxAWAiATARAJANAAAACIB2B/BgBwA9A0A3AUA/AlAhAaAYARAGAIAAAA
2502300,BqB+CEB4BIBEAlAuAxA0ArASAdAXAVAQAEAHABBbB+CIB8BUBLBHA1A4AmAiAmASAfARAWAGADAG
2502409,B7COCWB8BPBBAvAoAtAjAZAXAXAUASAQADACABCHCCCUB9BTBDAxAxAuArAaAjAaAUALAJAKADAC
2502508,CICIB/B0BWBBA2ArArAiAcAaAcAWAVASAHADAACGCGB7BsBNBKA5AwAxAqAdAhAaAaAQARAIACAB
2502607,BvCICZCNBNA5A0AwAoA5AXAVAQAgAIAJABAHAABvCICHB8BXBGA6A0AqAnAhAsAfARAIAVADABAB
2502706,BlCNCKB/A/A6AkAoBCAVAWAjAdASASAWAIAEAFCBCSCOBtBQBFA3AyAkAqAkApApAdAVALAFAHAA
2502805,CFCAB9BpBZBVBGAuArAgAjAVAOAdARAPAJACAAB/B9B4B5BWBWAxA0A5AbAhAaAXAXASAHAHAIAD
2502904,B3CDCDB9BOBFA7A2ApArAeAUAZAYANAMAKAHADByB+CEB0BIBLBEA8A5A1AkATALATAWARABAJAB
2503001,CTCXCMCCBcBIA5AvAiAdAkARAWAQANAMACADABCRCWCMBoBcBBA4AvAqAcAiAWATAOAJAIADADAB
2503100,B+B/CPBiBDBEAyAtAzAoAdAaAjAWAWAYADABADB7CFBuB6BQBDA8BIAwAfAnAVAaAcAfAOAIAHAD
2503209,B3B7BzBvBpBVBFAyAmAeAfASAVATAMAKABACAAB4B4B7BuBuBeBKA7AwAjAkAeAcAXANAJAGACAC
2503308,CGCNCFB3BRA8ArAwAvAfAvAXAaAVAaARAJACADCDCECABcBCBAA3AvAyA7AnAgAcAYAXANADACAC
2503407,BhCeCcCDAoAiArAyAyAvAtANAbAVAaAJANAEAFCPCkB6B+A6AxBIAgBLAoAlAOAZAXAMAfAAAIAA
2503506,CXCOCDB/BIA+ApAmAbAnAiAYAXASAQATAOACACCTCQCGBpBPBBA3AmAzAiAqAfAkAZAQAKADACAE
2503605,CDCMB7B8BRBDAqAjAoAkApAVAnAYAXAPAHADAECHB8CCBrBLBGAqAqAwAsAkAoAeAYAcARAKAEAA
2503704,BxB8B/BpBFBCAzA2AsAlAjAaAXAbAUALAGAFAABxB7CDBwBYBJBEA/A4AtAsAfAhAeAQAPAMADAB
2503803,CFBwCICABYBCAxAkAzAqAkASAdAaAeAKAFACAAB6B7B9B4BQBRAtAwArAzAwAiAZAWAXAKAEAAAA
2503902,B0BzB9B/BABCA4AjAxAiAjAfAWAlAZAUAMAAACB9B4CABoBUA+AvA7AxAqApAiAlAlAdAPAIAGAC
2504009,BzB7BxBlBbBPBAAyAsAgAbAYAVATAQAKAFACABBzB3B0ByBmBeBJA/A3ArAmAgAeAYASAMAGAEAB
2504108,CFCRCSCJBjA/AYBJAsAXAnAXAdAdAQAKALAAAACCB2BxCYBgA+AwA4AWAfA2AhAKAVADADAAAAAA
2504207,CCCcB2CIBEA/AxA3AeAoAYAYAZAZAIATAEACAACRCLCcBhBRBIA/AnA1AbAmAiAMAaAQAMANABAA
2504306,B7CGCBBuBPBLA6AtAuAeAdAYAYAUAUAOAHAFABBwB8CCB8BYBSBCA7ArAqAmAZAbAdARAHAHAFAD
2504405,CNCNCRB5BTBDA3ArAuAjAgARAPARAQAFAFAAAECFCGCQB3BaBEA2AzApAuAkAWAUAaAOAIAEADAA
2504504,B5CNCSCEBLBCAzAsAgAjAmASATAcATARAHACADBzCCCAB2BRBLA5AzA2AoAqAYAcAYARANAHADAA
2504603,CWCUCLB5BWBVA1AvApAkAYAbAaASAKAJAHABAACTCQCIBuBXBMA5AuAmAZAjAPAVAOAIAKACAAAB
2504702,B0B9CAB1BaBMAzAlAzAcAmAYAdAdAWAUAGAHACB/B4BlB3BPBAA1AnAzAyAhAhAcAiAgAMAQALAB
2504801,B6CKCJBzBHA6AxAuArAhAXAgAUAXAVAQAGACAEBzCHCPB0BQBOA5A4A1AvAtAcATAXASAUAFAEAA
2504900,B9CQCcBrBYBIA2A0ArAkAdAZAbATAGAJALAEADCECFB3CSBNBGA2AhAyArAiASAYAXATAJAEAAAA
2505006,CKB2B9BvBYBIA6AhApAhAhAVAYAdAYANAJADAECHCAB9BuBPBDAtArA1A5AiAcApAXAfANAFACAF
2505105,CECHB6ByBNA6A2AvAlAlAiAdAdAcAUAKAJAHACCAB6B1BuBUBOAzAzAuApAiApAeAcAXAWAIAEAB
2505204,CWCKCUB1BMAwAwAsAmAhAZAcAPAjAbAVAKADAAB9CQCMBsBKA6AoA3AlAjApAaAZArAYAEAJAFAE
2505303,CtCJCvB9BjA6AqAmAaAsAYAZANAVAPAbAFAAAACOCCCUBnBBBKAhBEAcAdAZAUAcAMAfAMAAAFAA
2505402,CWCZCWBnA2AxAnAjAmAcAeAXAaATALAUAHAFAACZCgCNBsBJBAA2AwArAlAsAnAVAgATAEAKAKAA
2505501,CJCSBpByBwBIA6AsAtAlAYAMAiAcANAGAFADAAB6B1C0CABPBOAwA0AaAmAcApAUAMAPAJAIADAA
2505600,CLCRCRCEBUA9AtAuAmAhAdANAaARAMAVABABAACGCQCSByBSA/A7AtAsApAjAeAXASAOANAFAAAE
2505709,CUCWCMB6A6A0ArAZAlApAaAhAYAaAcAWAHADAACPCbCGBfBEA0AzAoA0AsAjAiAjAfAWANAGACAE
2505808,ByCHCFB8BLA7AoAxAmAbAlAVAfAmAlARAOAIAAB1CAB8BiBQA4AwAsA1ApAuAcAmAiAZAWALAMAA
2505907,ByCkChCCBMA5AVA4AmAkAWAYAZARAHAaACAFAACeCWC1BlA7BDAzA6AjAjApAcAQAMAMAKAFAAAA
2506004,B3B/CGBzBSBCAxApApAmAeAcAbAbAVAMAIAEACB7B7CCBtBYBFA7AzAxAqApAeAlAZAVAVAGADAB
2506103,COCLCHB8BKA1AoApAtAkAeASAdAWAdAOALADABCMCQCHByBJA7AqAwAuAmAjAgAgAdAXAPAFAFAB
2506202,B0B5B4BoA9A4A2AoBHA1AgAmAjAbAXAWAQABAABfCRBwBlBWAtBWA7AsAqBAAPAdAbAbAPAKAAAJ
2506301,B2B/CEBvBXBBA2AuAoAbAeAcAYAcATAKAJADACBzB7CCB4BcBMA7A1AwAqAqAgAgAeAXALAJAEAC
2506400,CBCHCHCABiBCAxAjApAlAgAaAYAaAUAGALAEAAByCECFB4BTBEAxAwAsAnAsAaAgAVANATANADAC
2506509,BuB/B3B3BVBGAyAxAyAmAdAgAlATATAPAGAGAHBzBuB7B4BcBNA2AwAzAnAnAjAkAVAeAQAHACAA
2506608,B8CTCMCFBWA4AwAhAlArAoAZAWAVAPAJABAIAAB0BtCSB7BFA+BCBCA0ArAlAhAiASAKAKAJAEAE
2506707,CdCcCQB3BKA/ArArAmAhAVATAQATASAMADACABCTCdCWB2BOA/AxAzAlApAhAgAUARANAJADACAB
2506806,CFCECPB4BJAuA5AvAnAiAdAVAZAZAeALAMACADB7CPCEBpBMBJAmAxAoAvAkAiAdAoAaAPAHAFAD
2506905,B0B1B5BxBaBKA2AoAwAYAaAiAbAYATASAMADAAB2B2ByBvBVBIA/A3AxAvApApAlAbAeAPAIAHAD
2507002,B7CJCJB/BRA+AwAhAnAqAdAaAXAbAQAKAFAAAAB7CFCKB/BXBHA3BAAxArApAeAUAZALALAFADAA
2507101,CFCMCGB6BQA+AyArAfAsAhAbAcAZAbANAHAFAACDCCCHBzBOA7ArAsAsAsAoAcAdAaAOASAHAHAD
2507200,CRCICGB5BEA9AyAvArAiAjAOAWATAVAWAKACAACCCFCHByBZAyA0A2A4AkAdAhAcAhARAUADACAB
2507309,CICACFCDBGBBAmArAnApAcAjAUAqAVASAJAFAACECJB9BjBOA0AxAuA4AqAuAdAiAXAeALAGADAA
2507408,B7CHB8ByBQBLA7AxAyAhAmAQAWAYAOAVAKADACB1B3B2BwBdBTA9A9AvApAnAVAYAWAWAOAKADAA
2507507,BuBzBtBiBdBWBGA5AwAjAdAVAQAQAKAGAEACAABrBwBzB1ByBnBTBHA5ArAmAeAbAVAQALAGADAB
2507606,B+CECDBuBiA5BGAnAbAhAmAQAYAZAKAMANAJACCKCHCABwBYBPA1AqAeAmAfAwAeAbAcAOADABAC
2507705,COCXCJBzBUA/A0ArApAcAdAZAYAVAOAJAIAHABCKCRCFBuBPBDA2AuAvAqAiAVAaATAVAJAJADAA
2507804,CFCICIB3BYBHA5A2AhAeAbAZAcAXARASAEACADByCgCUBtBCBCA0AwBBAbAeAcAZANAUAPAIAAAC
2507903,B5CMCJBsBWBBAvAqAnAkAjAdAdAXAYAOAKAEAACGCGCFBmBJBBA4AtAzAnAjAlAaAdATAVAJABAB
2508000,CdCVCSBzBIA5AtAuAqAeAhARAfANAKANACACAACRCPCUCEBKA/A1AxAtAjAjAXAZAPAOAPAEACAB
2508109,B7CSCGCABJAxAsAzA5AiAbAZAKAIASAVARAEAAB6CNCVBxBKBWA9AzAvAhAvAVAcAZALAHAKADAA
2508208,B+CBB9B6BKA5AsArAnAqAsAVAjAZAaAKASACADCBCFB0BwBDBEAvAuApAsAqAoAqAeAfAPAGADAB
2508307,B8CFCBB5BTBLA3AvAwAjAeAbAWAaARANAOADAAB/B7B+BrBXBIA7AqAoAwAmAaAbAcAZAOAHAEAA
2508406,B9CQCVB7A5A3AvBGA2AcAsAYAWAOAaAKACAEAABoChB+B+BGBPAsA8A+AhAWAcAMAYAOAhACADAA
2508505,CDCRCPBxBKA7AuAqApAlAZAaAdAOAYAQAHAIAAB9CVCKBzA/BBAuAsA3ArAkAoAYAWAOASAPAEAB
2508604,CTCICWCHBYBBA6AtAiAjAYAcAWARALAKAEABAACPCWCUBdBOBDA5ArA1AcAfAZAbAXAJAJADADAA
2508703,CACdChBvA8A/AdAzAoAZAZAcAZAUAZAFAMAAAACXCWCRBwBSA8BCApAwAoAYAZAbAUAiAKAAAAAA
2508802,B4CKB9B5BCA7A6AqAjAlAfAVAdASAbASAGAFAAB1CNB4B1BUBSA2A2A2AgArAfAhAbAeAKAGAHAA
2508901,CLCKCGB2BWBJAzAwArAdAgAWAZAVAUAKAIAFABCCCCCABrBWBBA2AxAsAtAlAdAiAWAPALAIADAB
2509008,CjCWCGB1BLBCApAuAnAhAcAVAPAUALANAGACABCcCPCXByBNA/AzAoAtAtAfAcAUAQARAJAHAEAA
2509107,CCB4B9B+BKA+AwAeAoArAfAYAeAYAaAOALAGACB7CBCDBlBUBGA1AtA1AoAjAxAiAkAXAMAIAFAF
2509206,CAB+CCCBBYAmArApAkAkAjAfAOAaAcANASAHAABoB/CDCABNBKAwAqAmAuA3AkAbAzAPAXAIABAB
2509305,CgCYBtCOBjBVBCAqApAiAbASANAXAIACAHAEAACkCPB4BfBaBPAwAtAlAfAfAaAMASAFAJADAJAE
2509404,CSCZCPB3BKA9AyAoAiAjAaAVAWAeARASAHABAACPCMCPBjBMA+AzAvAoAmAdAfAbAeAWAPAFACAA
2509503,BzCsCKB9BEAzA0ApAvAkAqAQAiAQAaALAIADAAB7CHCVB0BKAzAzAyA3AuAQA0ASAiAIAKAKABAA
2509602,CHCMCPCBA4BAAmAtA4AcAkAdAOAYArAHAAAMADB5CMCOBpBSAyA0AyA4AeAuATAjAbATAGAFAGAH
2509701,B1B3CBB3BJBBA0AzAiAmAlAdAZAgAbAVAEACABBvCBB7BnBWBIA5AvAzAtAsAhArAbAZAOAHAFAC
2509800,B2CGCIB/BNA5AvAsApAaAgAZAfAZAdAUAJAGADB3CBCJBpBQA4AvArApAwAwAcAeAjAcAZAFAHAB
2509909,CTCVCAB6BRA6AnApAmAiAiARAdATAVAPALACABCTCWCLBnBHA6AzAyApAgApAUAQAaAfAWAIAIAA
2510006,BzCTCWB0BPAzAyAzArAoAmAOAYAaAMARAMAAAABqCTCGBzBIBIA8A+A1AnAlAbAYAcAQAKALABAA
2510105,B9B7BwBqBAA8AgAtApAtAlAhAcAjAQAXAIABAACBCBB0B2BUBLBCAuAyAuApAmAiAcAfAVAKABAC
2510204,CRCdCQB3BCA9AtAxAhAdAbAPAOASAMAIAJAAAACVCXCYCABUBDA1A4AyAiAcAeASAUALAJAGACAA
2510303,CLCLB/BkBIBKA3A0AtAwAfAfAXAzAWAEAAAAACBfCIB3BQBVBMBCA4A3AyAuAaAQAVAZAYACAFAA
2510402,CQCZCJB+BXA3A1ApAlAfAeAaASAPAVAKABABAACRCVCSB2BiA1A4A2AwAfAdAXAaAWAFAFAFABAA
2510501,B2B1CPCNBwAdA/AeAvAoAlAdAWAXAVAKASAIAAB4CGB5BqBMBIA0BCA2AiARAjAdArAGAPAJAEAA
2510600,B2B4CLBjBLBDBEAkAoAUArAoAYAlAXAZALAAAEB1CDB5BlBQBQArA5AlArAjAsAiAiAXAdABACAA
2510709,CTCaCGB2A8A0AuA0AXAVAZAYAdAQAiALAFAJABCNCOCFBtA8BCA7AsBAAjAtAWAoAXAUAJAPAJAD
2510808,B0B8B6BqBSBJA3AyArAfAhATAUAVASAJAHACACBzB7CAB4BkBZBGA9AzAqAmAeAgAXARAOAIADAC
2510907,B5CMCFB2BUBIA2AyAoAmAjAVAQAdANAOANADACBxCLCABuBQBMA9A+A5AnAkAeATAYANAOAEAAAB
2511004,CKCZCZBwBOA4AsAqAuAbAeAbAOARAWAOACACAACFCMCWCLBTA7A2A9AjAbAZAiAcAbAKAMAFAFAB
2511103,CKCMCCBlBQA6AyAmBDAoAmAbAYAbAZAWAKABABCCCHB5BjBCBNBDAlA3AjAgAbARAoAXAKAHAEAB
2511202,CUCOCPBuBfBMA2ArArAeAcAdAYAXAOALAFACAACHCHCFB0BSBCAzAwApAoAlAYAUAWALAOADADAB
2511301,BtB5CJB9BOBCAzAsAsAgAdAaARAcAPAMAJACABBxCGCIB+BgBRA9A5AxAvAyAcAWAUAUALADADAC
2511400,CCB8B2BhBKA+BBAsArAkAdAiAcAZAcAMAQAEABB+CGB0ByBQBJAwAzA/AgApAeAiAfAZAVAFADAC
2511509,CNCCCPB4BcBCAwAuAoAdAkAVAYAXAXANAJACACCCB9CFBuBQA9A1ArAwAiAmAdAXAiAVAOAHAFAE
2511608,CfCgCaCBBFA0AvAnAmAgAeAUAZAcARAHAGACAACXCjCOBnBAA1AuAtAnAjAWAfASAcAXANAHABAC
2511707,CCCVCcB6BWBBAcAvAoAaAYAgAMAbAjANAMABAACFCXCMBuBFA7A6AqAqAbAdAgAjARAZAOAGACAC
2511806,CDCECOBuBGAzA0AuAqAnAXAfAZAYAiAVAIAFABB9B4B+BkBOBPAyArAuAgApAiAqAdAjARAGAFAC
2511905,CPCOCRB1BeBJA4AsAuAfAdAaAZAVAMAGACACAACUCSCLBzBNBEA2AxAsAiAgAYAUALAMAGAEAEAA
2512002,B6CHCFB9BXBAA5AoAtAgAiAbAYAdAXAPAJACAAB2B4CAB1BTBCA1AzAxAqAiAeAdAaAPAUAJAAAH
2512101,BwB7B+B2BKBBAyAvAoAfAhAeAcAZASASAGAEAABwB+B+BsBdBQBAA6A6AuAsAhAiAZARAOAJACAC
2512200,ByCICQBgBEBZA+AvAvAYAXAhAdAdAWAQAIAHAAB6BwB0BlBIBaArA1AnAxA1AjAzAKAOAaACAMAF
2512309,CECLCPB7BNA+AxAmApAfAWAeAYAYALAMAJADAACICACUBzBSBEA2A4ArAsAbAiAYAXAUAPAGAFAB
2512408,CCCFCGB9BKA7AtAoAvArAYAhAXAaAcANAMACACB7B3B7B0BaBDA4AyAuAoAmAcAfAcAUARALACAC
2512507,CHCFB9B3BTBFA0AsArAjAiARAUAfAXALAJACABCNB/B9BwBcBFA3AvAsAnAkAcAgAVAVAOAGAFAD
2512606,CcCaCGB/BFA6A+AnAZA8AWAZAjAsAGAPAJACAAB7B7B9BkBnBQAXAgAvAwAJAlASAwAhAIAAAAAA
2512705,B/CCCIBuBGA3AvAjAnAfAmAWAnATATASAJAGABCECHCIBzBLBCA3AzAtAsAsAhAsAQAUARALAFAF
2512804,CVCRCICABPBLAwAwA1AbAfAUARATATARAGACAAB7CICEBsBXBOA5A5AuAbAhASAZAVAQAIAGABAC
2512903,CCCEB7ByBZBKA3AxApAdAdAbAgAXAVAOAGACABB6B8B5BqBVBBA3AxA3AgAmAiArAdAUATAHAEAA
2513000,CaCfCGB6A5A7ArAtAfAzAaAaAWAbARARAGACAACgBwCNBwBFAzAkA+AwAbArATAhAoAMATAQADAA
2513109,BvCGCCB4BBA2AsAnAsAqAlAYAcAgAhASALACAAB3CACEBuBMA/AvAyAuApAwAjAoAfAZAcAKADAB
2513208,BnCLCKCCA6A2A0AwAqApAoAVAVAnAqANAKAEADBoCCCFByBSBAA1A4A4AgAkAlAiAUAZAMAJADAD
2513307,BqB/CGBxBMBHAxAjAxAlAuAfAaAcALAWAHADAAB0CMB+BwBPA6A5BAA4A3A0AXAeAUAQANAHAFAA
2513406,BrB9BzB3BQBKA0AtA1AfAcAfAVAPAUAiAIACADBsCICHBgBZBNBCA7AtAsAkAmAfAhAUAPAFACAA
2513505,CWCMCdCDBCBHAxAwAtAoAVASAQAOANAOAFABAACWCQCTB0BhA/AzAyArAiAdASAMARAOAKADACAA
2513604,CBCMCFBvBJA+A0ApAtAkAdAZATAaAMAPAFAFABCEB/CGB+BQBJA7A8AvAmAkAgAmAZANAOAEABAB
2513703,B6B9CABvBmBNBAAzAtAhAdAYAYAPAMALADACAAB4B6CCB2BiBUBCA5AxAmAjAcAZAXAMALAFACAB
2513802,B8CHCfCFBlBKAkAmArAoAWAdAZAVAUANADAEAEB3CECFBwA/BJA5AyAqArAmAjAfASAJAQABACAC
2513901,CGCCB+BnBjBWA6AxArAlAbAVAWAQALALAGACAACFB7CEB/BjBcA9AyAvAnAhAXAYALANADAEADAA
2514008,B0BzBsB7BFBBA4AyA1AcAgAbAXArAbATAMAGAEB7B0B2BvBRAtA9A9AqAkAvAlAoAfAbAeAJAFAE
2514107,CFB7B8BgBOA+A0AsBAAWAsAcAjAJAZAUAJAAAACNB0B9B5BNBEBAA3AjA9AkAZAfAqAJAUAGAAAA
2514206,BzCSCMBxA5A+AxAxAoApAdAZASAbAgARACABACB2CKCMCBBRBIA/A9A0AsAfAdATAWAVAJAGAAAB
2514305,CSCuCgBvBFA1AsAtApAbAhAQAQANAeAOADAAAACgCiCaByBFA3ApA4AyApAZAUAVASAMADAFAAAA
2514404,CDCWCfB/BNBMAuAlAwAqAsAUAPAYASAIATACACB1CGCHBlBBA2A3A3A3AuAsAVAOAMAeAKAGABAA
2514503,B/CGCNCJA9A6AzAwAvAlAnAbAfAWAPANAGAEACB6CCCEBlBWBEA1A0AuArAoAlAbARARAIALAKAA
2514602,BsCTBwCKBwBAAeApAkAYAVBDAjAUAMAdAAACAABlCUCGCIA+BGAZAvA2AxAuAtAXAUAQARAAALAC
2514701,BpB2CFB9BOBMA+A0AtAnArAWAWAUAcASAJACAAB1B0B6BvBXBTA7AtA2AiAoAbAlAeATALAFACAA
2514800,B0CIB+CHA6A+AzA1AtAhAnAaAaAYAjAPAHACAFB6CHB0BfBSBBA2AoA+AjA4AVAkAjAWASAKACAC
2514909,BlCNB9BwBNBKA0AvApApAtAUAmAhATAKAKADACB6B4B5BzBMBHA0BBA0AvApAeAbAVALATAMAGAA
2515005,CFB9CRB7BhA7A4AkAXAoAiAXAbASAjAIAPAGAACFB+B8B1BXBDAtAwAhAgAzAXAYAbAZAUAGAFAC
2515104,B7CFB4B2BUA9A4ArAqAfAbAgAWAkAVAUAFAIABBrCFCGBwBaBEAyAwAwAoApAjAbAhAQASAKAFAD
2515203,B7B2BpByBLA5A4A2AxAhAlAfAaAcAYAXAIAJAEBzB3CCBdBIBIA5A5AyAvAhAyAmAmAWAJALAHAH
2515302,CDCHCHBxBVBEA1AtAuAgAgAZAXAaAQAKAHABABCBCHCGBxBVBEA3AzAsApAfAjAbAXAPAOAIAFAB
2515401,CpCWCHByBSBGAzAgAtAnAhAPATASAPAIAGAJACClCOCDBlBRBDAyA3AmAjAmARAgAOALADAEADAC
2515500,BtB4B5B4BFA9A0AuAmAtAoAXAiAgAYAPANAIABBsB3BxBnBPBLA2AzA1AmAnAxAmAiAYAZARABAJ
2515609,B4CKChBbBbAvAeA0AjARAvAhAxAUAeAQAAAAAAB5CYCaA+BSA4A3AmAyA3AiAZAkAuAZANAHALAA
2515708,CaCgCQB6A1BMAqAhAwARAaATAfAbAaADACAAAACfCMCYByBPA0A+A2AkAjAkAXAdATAJAFANAAAA
2515807,B4CIB6ByBJBTA2AgAlAjAXAgAgAeAiASAEADABB4B2CBBkBSAvA4A2AhArAiAsA3AmAeAYAIABAE
2515906,CKCJCNB6BGA3AtAYApArAgAiAfAeAXAQAOAAAACICFCCByBGA6ArAmApAxAuAcAaAhATANAPAIAE
2516003,B1CLCJBlBOAuAwAjApAjApAgAdAfASASAFACABB4CLCQBsBVA/A1A6AlA2AqAaAhAkAQAPAKAEAC
2516102,B5CCCDBzBMBFA4AsAqAmAhAeAWAWAYASAIAFACB6B5CDBuBSBEA/A1A0ApArAZAhAZATAMAGAIAB
2516201,BvB/CFB2BSBGA2AwArAjAgAdAWAWAPALAHADACBsB+CBB1BcBUBAA7A3AqArAcAZAcAOANAFADAC
2516300,B0CFCFB9BJA/AxA0ArAeAnAVAcAeAdAKAIACAABzB/B9B2BOBJA3AtAvArAjAnAdAcASAXALAEAA
2516409,B+CGCIB9BQBAAoAiAoAfAjAeAgAYAbAUAKADAAB3CGCQBsBLA6AtAmAtAzAhArAdAeAWANALAKAB
2516508,B+CRCDBlBMA9AyAoApAmAeAcASAcAPAUAKACABB2CPCKB6BNBHA0A0AsAoAqAdAcAfAVAWAHACAA
2516607,CYCSCSByBGA/AtAoAkAmAUAdAWAPAUALACACAACVCNCRCCBXBDAyAyAsAcAeAdAVAVAPAKAKABAA
2516706,CMCPCKByBOA/AwAtAlAgAgAXAUATAKATADADADCUCICHB1BUBHA0AwAuAiAkAZAeAVAUAOAGAGAC
2516805,CFCWCHBhA8A1AzA0AuAfArAcAZATASANAFABAECQCPCHBrBQBDA5A7AvA2AfAfAWAaANAKADACAD
2516904,B/CQCGBqBHA8AuAsAmAkAlATASAbASAMAJAHABB8CHCKBwBTBKA7A6A3AnAfAoAcAbASANAIADAB
2517001,CNCPCDB2BUBHAwAgAoAdAfAXAhARAaANADACACCSCQCGB5BRA2AvAyAoAjAiAfAiASAVAPAEADAF
2517100,BuBrCMBvBVBcAbALA1AkAwAoApAiAVAWAOAAAEBlCDBpCBBDBkAbAbAxBGA6AnAZAjAWAAAGAKAA
2600054,ByB8B/BzBfBOBKA/AxAgAeAQARAQALAHACABAABqB4B8BzBmBkBSA/A2AnAiAZAVAUAMAFAEACAB
2600104,B7CEB9BwBLBCA0AwAlAjAbAeAeAPASASAHAEABB6B8CBBwBZBPA+A5ApA0AjAlAdAgAUANAJABAB
2600203,CFCGCLB9BSBWAmAtA+AYAjAPAKAfASAMADABAACHCLCJB1BTAyBOAuAnApAfAbALAdALATAIADAG
2600302,CACECFB4BMA5AnAnAqAlAsAaAlAZAXAOAMACAAB8CAB/BnBVBCA3AtAtA3AtAgAfAlASALAEAFAA
2600401,CSCaCQCABWBBAyApAnAgAhAeAYAVAOAFAGADAACSCVCKBrBWBBA0ArAqAnAnATASAPAJAGAFACAB
2600500,CPCPCCByBIA9AxAsAwAeAhAWAUAWAPARAIAEABCOCLCKBlBQBEA1A4ApArAfAiAZAZARAWACAGAB
2600609,CAB8B3BwBKBIA6AqApAlAkAlAfAdAUARACADAEB6B3B4BlBNBNA9A2AsAsAkAuAfAbAYAOAJAHAC
2600708,CCCTCSB2BZBHA5AtAtAiAdAeAXAPAMAJAEACABB9CRCTBuBYBKA4A0ApAlAlAUAYAMAKAKADACAC
2600807,BvCACBBwBHA7ArAzAiAvAjAnAhAqAUAPAJACABB4B5B8BnBGA/AwAwArA2AsArAtAnAZAQAIACAC
2600906,CKCaCQCABcBDA8AqAuAbAiAaAZAZARAFAEADAACFCTCJBmBQBAA2AwAoAnAbAdASAXAJAJADABAB
2601003,B3CKCLB2A/A6AxArAwAfAkAZAYAcAZASAGABABB0CICNByBIA5A7AxAuAtAnAoAbAlAiAKAJAAAA
2601102,CPCOCEB1BSBKA1ApArAhAiAUAQAPANAIAEACABCPCHCIB0BhBMA6AxAtAoAjAYARATAOAKAGADAC
2601201,B3B9B4BsBTBJA5AtAtAfAjAXAVASAQANAFAEAAB3B5B+BxBgBWBFA8A1AyAyAaAeAbAOAMAFACAD
2601300,CFCPCOByBSBCA+AuAkAfAkAaAWAaARARACADABCCCRCBBuBTBGA0AyAyAcAaAgAUAZAVAJAFAHAB
2601409,CFCSCNB6BgBDAyAnApAdAcAWAaASANAKADACAACCCPCOB8BWBMA6AxAkAhAkAgAaAOAMAHAFADAB
2601508,B/CDCICCBSBJA6AmAwAeAlAcAZAWALASAHACACB2CDB8B8BcBGAxAxAkAtAmAgAaATAbAHADABAD
2601607,CPCFCCB0BfBMA4AmApAaAYATARATAGAKAIADACCQCNCGB3BjBNA3AwAoAjAdAcAUASAOARAJAFAF
2601706,B2B6ByBtBWBAA5AwArAlAgAeAZAdAWAMAEADABB7B8B6BvBXBUA9A1AzAqAqAgAkAcAVAPAFACAD
2601805,B9CKCSByBWA5AoAyAsAzAXAPAbAcAQAUAAADAACDCQCJBzBLBFApAwA4AhAzAhATAdAPALAEAHAA
2601904,BmB3B3BqBMBAA2AvArArAqAbAhAcAbANAJADABBkB1B6BzBWBLA6A6A3AxAqAtAiAjAZAPAHAGAC
2602001,CeCWCQBwBSA8AxAvAcApAbAVASAVAKAOAEACAACUCOCKB1BRBGA4AxAwAjAiAXAVASAMAMAEACAB
2602100,CACICCBsBHBBAwAnAqAsAdAaATAYASAMAJACAEB+CGCIBwBWBBA1AyA3AqAmAiAhAcAfAIAHAGAB
2602209,BzCNCMB8BMA7AuAnAmAiAjAYAdAYAYAMAHADAAB7CMCJB4BPBAAyAtAwAuAkAlAlAWATAPAGAFAB
2602308,CHCICBBzBVBBA2AwAqAhAeAhAeAUASAMAIAEACCAB/B9BwBUBFA3A2AsAiAqAdAlAUAPAMAGAEAD
2602407,B7B9CBB6BBBAA2A6AhAdAbAkAXAdAUAPAIAEAACHCACNBxBDA/A5AtAyAyApAnAUAmASARAFAHAC
2602506,CFCHCKBxBGBAAoAhApAqAcAkAPAYAZAKAIABADCICUCOBvBNBFAuA5A1AkAoAeAcAZAaAJAEADAC
2602605,CJCLB6B1BHBNA2AvA1AhAgAZAZAXARAOAEACACCHCIB6BlBeBKA5A2AzAfAfAmAYAaAPAIAFADAC
2602704,BwCJCPCFBaBAA3A4ApAjAmAUAZATAKAIAKABAAB5CLCPB6BeBJAzAoA1ArAiAaASATAGANAGACAB
2602803,CZCSCEB1BFA+AqArAqAiAeAVAYATAUANAFACAACXCUCKBsBQA9A2AuA0ApAkAdAUAUASAPAGABAB
2602902,B4CECIB0BjBNBBA3AqAkAgAVARAPAMAGADACABB0CACEB1BjBYBHA9A1AiAfAWAWAOAJAIADABAA
2603009,CKCLCDB1BVBOA6ApAnAjAfAWAQARAOAIAEABABCJCKCIB0BfBOBAAzApAiAbAdAaARAPAMAHAAAD
2603108,B1CFCABnBWBFAvApAhApAjAhAYAhALAWAIACAAB8CBB0BkBSBJA+ApA2AyA3AdAvAWATARAFAIAA
2603207,CaCTB8BpBDA/ApApArAhAeAYAeARARALAIACAACbCbCDBtBMA/A2AzApAtAkAgAcAYAQAPAJACAB
2603306,CJCKB9BrBKA+AwAzAkAfAcAjATAXARAPALADAECMCaCGBtBJBEAzAnAsApAuAiAaAhAQALALAGAC
2603405,CECRCUBrBTA4ApAzApAiAbAfATAeAJAKAGABAACTCICOBxBTA4A2ArAsAsAmAfAgATAZAKAHADAC
2603454,BvB2B9B3BrBTBDA5AxAlAiAWAQAQAIAFADABABBpBwB7B7BnBdBKBAA4ArApAWAWAPAMAGAGACAC
2603504,B6B9B7ByBMBEA0A1AuArAhAaAiAgATAMACABABBvB/B3BoBgBFA8A5AxArA0AfAYAfAUALAJADAC
2603603,CBCdB3BzBVA6AtAuApAmAuAWAdAVAKAMAGAIAAByB8CPBwBaBOAxA1AsAuAwAZAiARATAIAIADAA
2603702,CKCLCIBxBJA3A0AxAqAgAjAVAXAaAYAGAIADAACFCRCBBsBRBEAuAwAsAoAjAnAgAXATAPAMAIAA
2603801,COCYCCBuBFBAAvArAtAlAhAXAYAVASATACAHAACNCOCIBoBOBBAxA1AtAvAlAdAfAZAOAMAEACAB
2603900,CXCOCSBzBJA+AxAuAvAgAYAWAVAhANAHAFABABCNCGCPBxBRBBAvA5AwAdAjAiAWAQATANALACAC
2604007,BxB6CBB6BaBLA6A3AwAdAfAWATAUAOAMAGABABBwB5CCBxBkBUBHA/AwArAnAZAcAQAUAMAGACAB
2604106,B2BwBuBrBZBNA/AwAwAkAmAXAYAUAPAJAHACABBzByByBzBoBcBGA+A1AtApAiAiAXAQAMAFAEAB
2604205,CDCHB9B5BTBDAtAvAsAoAbAaAhAPANALAFACAACICECBBnBeBJBDA0AqApAxAhAUAOAVANAGADAB
2604304,CqCFCJBuBSBNAzAnAlAnAgARAPAPAPALAEADAACjCBCGB0BYBMA0AvArAhAgAZAbAOAKAIAHAFAE
2604403,CYCaCMBwBSBDAyAsArAfAhAWAbATAKAEAIABABCSCTCSBuBRBIA2AyAqAkAjAQAUATAOAEAEACAA
2604502,B9CECJB7BRA8A2A0AuAmAlAdAfAXAUAIAAABAAB6CKCIB1BRA/A3A3AxApAbAkATASAVALALACAA
2604601,B1CGCIB5BdBHA2AyAvAlAhAcAXAfARAJAAAEAAB2B/CBBxBcBJA6A0AsAuArAYAXANAIANAMAGAB
2604700,CDCQCDBtBGAzA0AsAtAiATAeAZAcAPAUAMABAACFCUCKBoBHA/A1A1AsArAmAdAWAhAWAVAMAKAA
2604809,CRCUCWB3BWBDA1ApAiAXAfAWAeANAOARAFADAACGCeCQB1BZBHA0AuAvAkAeARAMAOAIAHAKAGAA
2604908,B6CKCOB4BNA8AzAkAsAkAkAgAiAUASANAFACAEByCDCKB1BUBBA4A2AuAsAkAcAdAaAbAGAFACAA
2605004,BpCACGBxA+A9AwAuAqArAiAfAkAhAVALAFACAABrCBCDB1BUBGA6A3A3ArAuAjAVAlAUASAGAHAD
2605103,B9B+CFBsBNA+AzApAmArAjAaAUAaAUANAIACACCACKCJBzBVBLA5A6A1AlAsAaAfAYATAKAGAEAA
2605202,CCCKCEByBmBMA7AvAnAfAiAYAVAYANALADADAACACDB+B1BVBRBAA0AsAlAoAXAaAPALAJAEAEAB
2605301,CVCSCLB0BSBBAzArAnAiAfAUAPAPALAJAGAEABCYCLCSB3BVBCAyAsAqAjAlAaAYAUAOALAGADAB
2605400,B/CICGB7BNBBAtAuAmAhAhAaAbAZAVAIAJACAAB9CFCHB2BRBQA2A7AsAlAlAeAlAVALAMAEAIAA
2605459,CKCcB0BXBJCGB0BAAoAmAAAIAUARALAAAAAPAAB0BvBwBhA4CMBoBTAfAIA3AaAZADAAAAAAAAAA
2605509,B4CUCWB9BKBBAzAtAvAgAmAdARAXASAKAIAEAAByCKCPBlBTBEA1A3AuAlAuAXAbAbANAOAIAAAA
2605608,B6CKCIB4BBA3A3ApAlAlAiAeAXAdAYAOALABABCACECFBlBNBNAzAyAyArAnAkAfAeAYAQAIAEAB
2605707,CSCKCGBxBVBCA0AwAoAgAcAVAQAaASATAFABABCPCGCBBwBXBEAvAsAzAnAkAZAYAXAVARAGACAC
2605806,BwB5CLBxBDA5AsAqAiAmApAcATAeAtAYALAEACBoCFB6BtBCBAAyAyA+AzAuAgAlAtAbAMAHAJAC
2605905,CHCaCUB9BTBFA3AsAqAoAgAcAOASASAFAFAAACCDCVCOBoBXBEA3AuAnAuAiAcAUAIAMAHABABAB
2606002,B5B+B+BoBQBEA5AvAtAkAcAbASATAOAJAGACABB7B9CCB3BfBQBFA/A1ApAnAeAcAbASAOAGAEAC
2606101,CLCUCLCABPA9AxArAnAcAkATAfAYATAIAGACAACCCMCHByBSBAAzAwAtAtAkAdAdAUAQAIAFAEAC
2606200,B7CBCEB6BdBPA9AuAtAmAfAUAWATANAIAEADAAB3B6CCBxBiBQBCA9AuAgAiAhAaAUAQAJADACAB
2606309,CaCNBzCFBdA+ArAvA0AnAaATARAOAJAQACAAAFCiCMCgBZBLBKBAAoAoAoArAWAJAYAQAJADADAA
2606408,B1B7B6BuBXBGA7AyAvAiAjAcAhAUATAMAFADABBzB9B3BxBYBNBAA4AwAtAnAiAgAVAVAPAHAFAC
2606507,CJCOCEBuBVBHA3AsAqAjAiATASASAWAMACACADCNCOCKBrBXBHA5AyAvAkAjAbAWAVAMALAHADAD
2606606,CZCdCHB3BVBBAyAqAmAjAWAQAPAWAPAKAEAEABCgCTCDBuBYBFA3A0AvAfAdAcAYAMAKALACADAC
2606705,B+CKCFB5BJA2AvAiAsApAkAlAgAaAiAOAKADAFB0B8CCBwBEA4ArAyAvArAsAnAlAcAaAUAHACAB
2606804,B9B/CBB2BnBQBAAxApAiAfAWAVATALAHAFABAAB8B+B+BzBrBXBDA8ArAnAfAaAVAPAJAIAEACAB
2606903,B9CKCHB3BMBGA7AvApAgAkAYAgAZAOAQAHAHABB+CEBwBwBGBGA3AzAzAtAtAbAYAiAQAHALAIAA
2607000,CiCYCGBsBNA/AtAoAnAgAYAPAVATAVAQACADABCpCYCGBpBPA/AxAvAuAhAiAcAQAaASAOAHADAC
2607109,B+CGCOBcBZBHA6A0AxAxAdAcASAYANAOANAAAACCB+CCB/BHBGA5ApA1AqAuAeASAPAbAOAAAAAA
2607208,CLCSCIB0BfBNA8AxApAgAeAYASARANAGAEACAACLCOCHByBnBOA+AsAlAlAiAVASAPAJAFACABAB
2607307,CXCTCIB2BQA9AvAmAeAlAfAXAZAPAJARAFACAACWCZCOBzBQBBA4AtAwAlAbAjAbANARAGAFACAE
2607406,CICDBwBmBiBXBSAuAiAkAgASAUAJAYAFACABAACACUCLB9BFBRBIAyA2AuAjAJAOAoACAJAFAAAA
2607505,CQCLCPB5BPBCAuAxAvAgAgAUARAUAVAPAEABAACHCICDBvBTBFA1A1AuAqAhAZATAYAUAOAFADAC
2607604,B5BoBqBwCHB+BwBMA4AqAjAdAWATAJAGADAFABBvBnB4BaBZBIA7A2ArAiAbAQAUASAKAHAEADAB
2607653,CMCYCQBxBRA7AyAwAsApAeAWAZAVAQAHAEAEACB9CMCVBzBRBHA1AzApAbAoAhAPAXAOAIAHACAB
2607703,B7CDCLBwBCA7A1AyAzAbAjAXAVAiAbAVAFAAACB/CLB9BgBKA9AvA4A4AvAqAlAgAjAeAKAJAAAC
2607752,CFCCCCB1BgBNA7AxAxAYAZAYAbAHAHAMABAEAACACECEBzBmBRBGA6ArAoAeAeAZARAJAKACAGAA
2607802,CLCYCFB/BaBTA5AuArAdAcAVAaAMAQANAHAAAACECICEBlBfBJAyA6ArAbArAZAUAPAGAOAGADAB
2607901,BxB4B3BuBhBXBKA9AyAjAeAVATALAIAFACABAABuB0B2BzBpBjBVBGA3ArAlAWAVARAKAGAEADAB
2608008,CJCGB0BtBKBBAzAvAqAoAlAVAmAVAYAOAIACACCMCCByBmBOBHBAAtA1ArAgAhAgAaAcAKAKACAE
2608107,B8CJCAB2BAA3AsAtAoAjAlAcAcAbAaAJAEABACB4CLCMB3BSA+A3A0AtAvAsAfAjAbAVAQAJADAC
2608206,CTCYCPCABUBFAyApAqAZApARAOAbAKANAEAAAACTCUCMBtBVBIAzAuAqAoAcAXAQAPAIAIAHADAA
2608305,B3CTB1B6BPA9AyAnApAoAiAXAeAaAQAPAIAGAACNCHCHBhBUA8A1AuAuAsAmAmAfAfAUARAEACAC
2608404,CBCOCHB1BAAwAtAsAmAmAoAdASAhAdAKAOABABCBCLCMBjBFA7AvAyAnAzAsAnAeAmAaANAJAGAA
2608503,CDCSCVB4BSBDA5AnAsAkAiAUAPARAQADAKAAAACHCMCRB3BcBGA4A4AsAfAhAYAUAbAMAJABACAA
2608602,CFCQCNBzA9ApAyAuAqApAvAhAUAdAUANAFAAAACKCPCVBsBYAnAvA1A1AxAqAVAXATAaAKAKAAAA
2608701,CCCHCIB0A+BEAuAnAqAmAoAcAfAeAYALALADABCGCHCIBeBMA0AyAyA0AsAkAmAgAbAbATADADAC
2608800,B3CBB6BpBCA8A0AyApArAoAZAiAYATAJANAEACB3CDB2BqBXBIA7A2AsAyAlArAlAXAVATAJAHAC
2608909,BpB6B8ByBWBKA6ArAqAiAeAfAbAVAPANAIAEAABuB1B8B8BgBLA+A+A1AxAmAiAgAZAUANAIAFAC
2609006,CICOCVB2BAA9AuAtAoAlAoARAYAUATAUAHABABB+CMCEBzBYA+A3AzAoAmAmAeAWAlAUALAGAEAB
2609105,CBCPCVB4BGAxAmAkAkAkAeAgAbAXAVAPACABADCMCJCIB6BNA8AxA+AzAjAiAjAdAVAXAMAIADAD
2609204,COCbCNB6BUBAA4AwApAeAeAWAbAQALAHAIADAACRCcCKBpBSBHA3AtAmAkAoAUAWASAIAIAEACAC
2609303,CWCZCIBxBCBCAzArAtAcAgATAYASASAJALAAACCWCPCBBxBcA3A7A3AlAfAYAjAUAeAPAPAJACAB
2609402,ByB1B+BtBlBRBFAzAwAnAlAUAUAXAQAFAFABAABsB4B5BzBjBYBEBCAvAlApAZAmATAKAIAGACAA
2609501,BnB/CABzBaBOBAA3AwAlAiAZASAQANAMAHACACBnB2B9B1BkBTBFA/AyArAkAiAgAUAKAJAGAGAC
2609600,BkBsBxBsBkBXBFA2AyAmAfAaAXAOAKAGADAAAABhBpBxB0BrBgBQBIA+AxAqAiAeAYANAKAFADAB
2609709,CBCRCFB0BOAwAsAoAjAhAdAeAdATAZANAIAFAACBCLCHB3BNBKA2AwAsAlAgArAkAcALAOAPAEAC
2609808,CbCdCSBwBfBTA3AlAjAiARAWAOAHAKAKABAEABCVCfCJBzBWBEA+ArAvAiAZATAbAJAFAMAEACAB
2609907,CQCMCLB4BVBEAxAnAqAlAfAUASARAQAKAGACABCTCGCNB1BUBGA1AvAtArAlAWATAWAPAKAIADAB
2610004,CCCGB9ByBWBDAzAsAvAjAfAaAXAXANAKADABAACDCHCDB1BcBPBAA5AtAoAtAXAVAWANAIAGADAC
2610103,CDCBB/ByA/BHAqAmAvAkApAXAYAeAUAZAJACAAB6CKB+ByBTAzAxA9AyAsAoAgAdAeAcAPANABAB
2610202,B/CPCRB1BBA0AvAtApAiApAVAkAaAUASADABABCECXCPBsBEA1AuAtAzAnApAkAgAYAUATAGADAB
2610301,CPCVCIB3BBA5AsApApAmAZAVAXAdAQAYAFAEABB9CMCDBiBHA+AuA0AmAsAsArAiAmAYANAIAEAC
2610400,CKCRCRB/BaA8AyA8AgAmAkAPATASAOAGALAEACCICGCBBsBUBPA6AkA3AjAhAUASAQAPAUAIADAB
2610509,CACGB7B/BXBEA0AsAnAbAiAaAfASAKAMAMACACB+CNCRBtBQBMA1AvAoAtAfAlAZAcARANAIADAA
2610608,CDCECPB/BhBMA7AuAtAgAkAUAUAQANAKACABAACECBCJB1BgBLA9A4AqAmAnATAUALAJAEAEAEAC
2610707,BqB3B6BqBaBTBNBFA6AmAeASARANAIAEACABAABlBxB2BvBjBiBbBRA/AqAgAYAWATAKAGAEADAB
2610806,CGCFCBB0BWBIA3AtAqAmAiAVAVAbAaAHAGAEABCECDB9B0BUBGAzA9ArAhArAbAVAeATAKAGAAAC
2610905,B1B3B3BxBOBJA3AwApAeAnAYAbAZATAPAHABABB4B4B9BuBdBNA+A2AwApAtAlAlAcAaAOAHAEAC
2611002,CCCOCGBtBXBQA7AzAzAlAcAUAKAPAPALAEAAAACACQCFB1BbBRBFA/ArAiAVAaAaANAOAFAFACAC
2611101,CBCACBB7BgBUBAAxAuAlAcATAPAKAHAFADABAAB/B+CACBBtBZBGA4AvAkAcAVASAOAKAGAEACAC
2611200,B/B0B3BfBJBLA4AxAoAmAdAfAbAaAdAIAJABAACHCAByBtBQBQBBA5A0AmAtAjAeAbAbARAHADAD
2611309,B/CJCEB5BSBIA6AxAoAnAfAeAhATAVAGAIAAAAB5CCCEBrBeBLA5AyAuArAmAaAdAUALAIAEAGAA
2611408,CECZCYBzBbBGA8A1ArAgAkAfATAMAUAJAGABABCACKB9B2BUBDA7AtAnAjAdAaAZAXAIAIAEAFAA
2611507,CMCTCRB8BHA7AsAsArAdAiAVAcASAQAQADABAACBCaCMBqBOBEA1ApArAiAoAdAeAVATALAOAFAA
2611606,BjBqBrBnBgBWBIA6AwAkAgAZAWARALAGADABABBiBnBsBwBqBjBWBJA9AvArAiAgAaARAMAGAEAB
2611705,B9B8B1BuBKBCA7AqArArAhAhAfAdAYALAMABAGB5B9B+BvBUBEAuA0AyAsAmAnAeAbAPASAIAJAC
2611804,B5CLCJB9BeBEA3AvAmAhAlAWAUAVAPAFAEACAAB4CFCLB5BpBRA9AxA1AhAlAXAYALALALADABAC
2611903,COCgCVB4BSBFA1AoApAlAiAYAcAXAIAFAFAAABCJCWCJByBZBHA4AsApAeAgAYATALAKAGABAEAB
2612000,B1B5B8BzBXA7A3AsAwAgApAnAeAhAUAJAHAFABByCDCEBoBGBDA4AuAtA3AwAjAeAhASATAGAFAA
2612109,CMCQCQB1BHArAvAcAnAqAeAcAaARAQAJATAGAAB2CKCTB7BDBDA7AqAwAwAmAYAcAqAMAOAIAJAE
2612208,CGCICHBzBXBHA3ArAqAgAhAQATAQAQAGAEACAACCCGCCB0BkBSBAA0AuArAnATAVAYAMAKAHAEAC
2612307,B9B/CDByBHA1AuAuAsAjAeAdAWAkAcAQADADABCCCFB+BkBMBDAvA1AzAvAwAdAiAbAaAaAJAFAE
2612406,B4CCB+BzBNBFA4A0AtAkAhAXAdAYAcAOAHABABByB+B7B0BWBIA/AwAwArAqAeAfAbANAZAGAFAA
2612505,B4B8BxByBeBQA8AxAzAgAfAQAXASANAFAEAFAAB5B8B2CFBvBbBHA7AsArAhAcAYAMASAJAFACAB
2612604,CfCUCLB3BcBNA6AuArAfAbATAUAIAMAGADACABCSCVCHBtBXBLA+ArApAnAeARATARAHAHAHABAB
2612703,CECNCNBuBBA1AuAqAlAkAhAXAcAcAWAWAJADABCFCTCKBtBHA6AwAuAqAuAmAeAfAjAZAQAGADAE
2612802,CQCPCIB2BDBGAvAuAoAfAeAZAZAXAPAMAJADAACMCSCHBrBQBDA6A1AwAmAoAWAeAMALAOAHAFAB
2612901,CICWCXCGBLAyAsArAsAeAiAeAeAVAQATAHAAABCICSCPBiBGA5AwAxAzAgAhAiAWAWATAMALAAAB
2613008,CPCOCGBrBHA+A2A4AmAlAiAXAVAcARANAIACABCFCPB9BqBMBBA6AvA0AmAmAdAcAaATANAHADAB
2613107,B/B6B+ByBRBDA0ArApAiAfAgAcAfAaALAGACABCBB9B/BtBYBCA5AuAyAmAtAhAnAaANAQAIAIAB
2613206,CFCMCHB6BKA8AuA3AtAdAbAfAYAXAKARAIACAACKCMCDBvBMA0AyBFAjAiAkAlAdAgAWALAEAJAC
2613305,CFCGB7B8BMA0AyAvAjAoAhAiAkAZASARAHACAAB7CKB7BYBSBPA1ArAwAtAmAlAwAVAXAJAJAGAB
2613404,CKCYCTB3BZBDAyAuAjAbAaAXAUATANAMAEACAACPCTCLB7BXBIA2AxApAdAjAZAjAHAFAIAGACAA
2613503,CKCRCPB2BJA/AxAvAoAhAgAWAVAVARAOAEACAACJCNCMBwBTBDA2A1ArArAoAYAYAVAQAPADABAB
2613602,B4B6B9BwBJA/A1AuAwArAgAaAlAXAVAPAIACABB0B9B4BvBPBKA4A8AtA2ArAkAdAcAXAVAIAEAA
2613701,B3CFCCB4BgBOBBA1AuAkAeAbAWAPALAGADACAAB3B/CBByBhBVBGA9AyAmAhAaAVARAKAGADAEAB
2613800,COCVCKB1BNA7AwAuAmAXAjAeAWAbATAOAGAHADCFCNCABsBOBEA1AxAvAhAjAbAgAUAXAMAHADAC
2613909,CCCDCDByBSBCA2AuAkAjAlAWAUAVAOAMAHABACB+B9CEB8BfBOA8A1AzAvAjAbAXAYAPAOADAFAB
2614006,CcCPCOB9BSBCAuAqAtAtAYAYANAHAPAMAEAEACCWCRCBBpBRBFA4AtA0AsAkAVAVAOAIAOAFAHAC
2614105,B2CGCABpBPBCA0AtApAuAlAYAgAdASAGAJAGAAB3CDB9B6BPBHA3AyA2AiAqAlAgAYAVARAJABAC
2614204,CPCcCVCBBZBJAuApAnAeAgAYAPAXAPAHAFABAACNCXCQB6BbBBA8ArApAgAfATAOAOAKAAABABAB
2614303,COCTCSB/BMA3AwAoAsAjAdAWATAXAMALAIADAACLCLCPB0BPBDAwApAwAgAkAYAZAWAMAWAEAOAC
2614402,CRCYCSBuA+A1A2A1AdAmAgATAbAUATAKADACACCeCXCNByBQBJAtApAoAqAaAaAdARAXAIAJAAAB
2614501,B7CECFB2BIA7AwAwArAjAhAZAcAYAQAPAJADACB6CGCKB1BTBGA4AzAzAoAnAfAcAbAWAOAIAEAB
2614600,CECDCGBwBJBBA1AwAqAmAcAfAWAXAOANAOAEAAB3CBCCBvBRBCA3A+AzAxAeArAUAiAVAKAKABAA
2614709,B0CGCHB2BPBCA2AtAsAkAkAbAVAhAPAKANADAAB9CJCFBoBNBKA3AyA0AqArAdAbAdAQALAJAEAB
2614808,CRCOCGBvBJA/A6ArAvAdAZAXAYAVASAIADAFADCPCPCIBvBVBBAvAxArA3AqASASAbAQAJAKAEAC
2615003,B7B9B1BwBSBKA7AxAqAvAdAbAOAkARARAHAHADCEB3BxBuBVBIA6A3AxAiAqAeAtAUAPATAFAFAE
2615102,CVCICJBsBWAuA3AqAnAfAaAYAcAdAQAJAIAGAACJCACPBmA9BIA1A3AsArAoAhAZAoALAZAEAGAB
2615201,CGCSCDB3BVBQA8AoArAsAhATATATAQALAGADACByCGCKBxBaBKA6A4AoAgAhAUATAYARAPAJAFAA
2615300,B5CFCJBqBVBGA1AyAsAjAdAaAXASATALADAFABB4CGCJB0BZBLA9A3AuArAnAeAbAWARAJAHADAB
2615409,CHCFB6B2BfBBA8ArApAkAgAZAUAVATACAFAFAACDB9CDBuBlBXBBA1AqAhAeAdAcAUAVAIADABAC
2615508,B5CSCUCEBdBJA1A2ArAjAkAUAXASALALACACABCACJCHBzBZBMA4AwAuAkAhAWAVAPALAIACADAB
2615607,CXCQCEBuBeBAAwAtArAjAbAPAWANAJANAHABAACJCOCKCBBXBKA8AvAeA1AdAhAUASALAIAFADAC
2615706,B/CCCFB1BNBAAvAfAmAxAaAcAUAYAcANAIAEACB+B8CGB0BMBAA2AwA5AvAtAdAoAaAWAQAFADAC
2615805,CaCYCJBuBGA7ArAjArArAhARAbAWASAFAHACABCXCRCIB2BSA/AzA3ArAwAiAaARAbAHAJAIABAA
2615904,CCCKB9BuBKA5AwAyAtAqAYAmAjAbANAMAIABAAByCBB3BmBMBTA0A3AwAyAmApAfARAZAYAOACAA
2616001,CHCJCABgBSA9A1AsAtAsAhAWAXAXARARAGACABCDCIB9B0BTBSA+A3AwAvAjAcATAZASAQADABAB
2616100,CBCVCDBzBJA9ArAtAkA1AaAfAZAUANAVAGAEAACRB9CMBwBFBAAtA8A1AuAbAjAaAZAZAPAGABAA
2616209,B0CFB/B3BFA1AwAqAwAiAdAiAeAaAYAYAJACABB6CBB7BjBQBHA7A0A0ArAuAaAjAlAaAOAJAGAE
2616308,CGCWCQBvBYBHA7AyAvAhAjAVATAQAOAJACADAACDCVCIB3BZBJA6A0ArAjAWAeALASAOAJACABAB
2616407,B2CBCCBzBbBLA6AzAtAiAdAYAZAQAOAIAEADABB2B9CABzBjBTBDA7AxAlApAdAaATARAIAHACAB
2700102,CXCRCLB1BSA/ArAkApAtAdAYARAVARAOAEADAACSCRCKByBTA9AsAvAtAqAgAeAeATAPAKAEACAD
2700201,CKChCJByBcBDAqAnArAeAcAeAPATAQAOADACADCKCDCOBvBXBFA0A5AiArAhAeAbASAMAPAEACAE
2700300,B/CFB8BwBaBJA6AyAtAmAeAUARANAJAHAEACAAB+CDCJB6BoBVBAA9AzAqAjAcATAPAMAGAEACAB
2700409,CWCVCLB3BdBQAxAyAwAdAhAWAVARAJAGAEAAABB/CSCIB6BdA/A1A0A1AkAZAXAQARAMAGACABAB
2700508,CQCDChB5BtA7A4AqAqAlAgAXAMAKAKAGAFAHADCJChB4ByBRBQA5A9AnAkAcAaAWAIAEAFAEABAD
2700607,CNCrCAB2BrA9A9AzArAcAIAPAQASAOAIACACAACYCTCcBzBZBAA5A1AnAgAgAZAKAKAPAJACAAAA
2700706,CWCNB/BmBVBOA0AtAqAhAiATASAPAOAMAGAAABCLCRCIB1BcBJA6A4AuAwAfAXAUAMAKALACAJAB
2700805,CICGCGB3BdA4AtAzAgAoAcAXAUAUALAUAJAIAAB9CTCIB6BKA+AzA2A4AkAmAgAaAOAVAOACAEAG
2700904,CZCjB4BuBgBIBGAhAyAXAiAZAMARAJAIAEAAAACsCXCGBnBNA7A4A3AlAgAYAaAOAQAQAOAIAAAD
2701001,B7CiCjB1BNBIBGA0A0AcAaAQASAQAJAKADADAACACPCGB1BzBGA7AxAkAhAZAbAPANAJACADACAB
2701100,CNCbCcBxBlA8BMA3AgAlAWAOAhAKAPAIAFAAAACCCYByCCBYA6BSApAvAZAgAOAYAIAMAHADACAA
2701209,CMCKCGBqBTBFBCAvAvAcAdAVAZANALAJAGABACCSCPCCBvBbBRBBArAwAoAeAYAZAKARALADAFAB
2701308,CNCQCTB4BdBCA5AzAnAiAbARATARAJAEACAEAACKCaCLB9BbBIAzA4AsAiAcAUAQAVAKAHABACAA
2701407,CcCjCTCGBbBEA8AyAmAiAUASAKAHAIAEABAAAACNC0CMB2BhA+BDAvAmAdAZANAJAIAHAGACABAA
2701506,ClCXCLB3BOBIAuAoA7AVAfAPAPALAKAMAGADABCpCeCFBlBZA7A1A0AuAkAYAVATARAKAIAJAEAB
2701605,CkCRCKB2BTBBAsApAoAiAbAUAXAQANAJADAAABCmCXCQBvBUA/AyAuAoAbAdAaAWAXATALADACAA
2701704,CLCbCJB8BYBAA2ApAvAgAeAUAgAXAHADAFAAAECPCYCJBvBQBFA5AzAoAeAaAfAbAVAJADADACAC
2701803,CwCkCMBvBJBAAxAjAdAhAlANAUATAPAOAHABAACbCNCCBoBPBFAnA/AsAhAiAhAWASAIAUAGADAA
2701902,CgCqCVBtBLA4A1AuApATAeATAPAZAUARAJACABCRCjCLBxBQA8AsAyAoAaAqAVASATAMALADAAAA
2702009,CaCYCIBpBLBNAvAoAtAjAgASATARAMAMAFADABCSCWCJBuBgBDAzA1ApAoAbAdAVAKATAKACAFAB
2702108,CHCbCTB4BNA8AyAwAmAwAfAdATAZAPADAFADACCACTCNB2BXBBAvAnAvAqApARARAQAUAFAMABAC
2702207,CACOCMCABjBFA/A3AhAXAfAYAWAYALAJAGAAAAB9CFCJBpBVBNAwAzAzAmAeAlAVASAEAOANAEAA
2702306,CRCZCOB2BhBMA9AxArAgAVAWAUAKAHAHACACABCQCaCOB0BeBKA6AxAnAgAYAZANAKAIAGACABAA
2702355,CaCNCEBtBZBGA1AwAuAfAaATAUAPAHALAEAFABCdCLCHBxBcBIA5A1ArAiAlASAXAQAMAFAFAFAC
2702405,CACNB9BvBVBHA2AuAvAiAeAUASALAQALAGACAACJCMCJB0BYBPBAA3AuAlAhAXAWAUARAOAIADAE
2702504,CKCCB0B5BVBCA1AqAjAtAbAOAOAVAOARAHACAACXCNCKBtBgBIA6A0A2AiAmAeAXAWALAHAMADAA
2702603,CRCXCKB0BPBEA0AxAvAcAdATAQAYANAEAEABAACRCZCLBsBVBGA6AvAlAwAaAiATANARALAFACAA
2702702,CgCbB4BwBABVAvA6AqAcANAfAZAKAPALAKAGAGCOCXCRBgBaA9BGAzAmAZAeAeAYAMAEAUAIAGAB
2702801,CQCxCFBtBXBMAqA9AwAcAfAZASAYALASACAAAACWClCSBNBjBBA/AnAnAdASAZAVALAIAGAEABAA
2702900,CRCNCJByBYBEA6AvAjAmAiAQARAVALAIACABAACWCUCOBzBXBLA2A1AuAkAZAaAYAIAQAFAFAAAC
2703007,CTCSCQB7BSA+AxAsAiAgAiAXAbAQAXAIAHADABCNCYCNBtBUA+AxAuAmAlAoAUAVAVAQAJAIABAC
2703106,CFCWCRB5BNA5AyAqAtAnAdAUASASAOAMAEACABCJCYCUB1BTBAA2A0AvAoAhAWASAZAOAGAIACAE
2703205,CdCUCKBtBUBDA9AqAoAcAdAVAQAZALARAIAFAACZCRB4BrBSA/A5AyAtAdAdAdAYAdANALAFADAD
2703304,CZCUCLBzBIA+ArAuAiA1AOAhAQAKALANAGABACCkCeCKBsBMA+AxArAtAhAkAbAYASARAIAKACAJ
2703403,CMCrCBBxBVBBA3AsAuAlAaAXANANAOAKABAAAACqCbCWBhBGA4A7BDAjAfAWAfANAPASAQALAAAB
2703502,CkCbCZCIBbBDAxAtAtAgAnAWARAUAZAJAEADAACRCXCKBTBUA8A1AoApAhAaAVASAJARADAAAAAA
2703601,CeCXCZBsBZBIA7AwAmAeAgAUARAPAPAGAFADAACRCLCOB9BfBFA2AqAoAbAiAJAWAHAKABAPABAC
2703700,ChCjCUBwBHBIA3AzAsAgAaATAJARAHAOAEADAAC2CYB/BkBeBKA2AwAgApAhANAPAKAMAIAAAAAA
2703809,CKCeCZCBBXBDA8AvArAhAiARARAQAPALAGABAACDCYCSBmBTBEA+A0AxAjAbARAPAMAJAGACABAB
2703908,CGCYCWCHBnBBAzAtAgAoAdAcAUAWAKAGAFABAACKCPCOB1BhBDA2AnAvAfAdAVANAOAJAEAEABAB
2704005,CRCgCLBwBWBAA1AzAoAmAhAQASARAKAGAGADACCICZCPBxBXBCA5AyAnAhAfAYARAKAZAEAKAAAD
2704104,CKCPCDBtBOBHA6AwAxArAcATAWAZAFAFABAAACCQCNCOBwBgBIA+AuAwAgAhAWAlANAKALAEAAAC
2704203,CVClCJBwBUBGA0AuApAiAXAbASAWANAFADABABCWCWCKBtBUBEA2AvAqAjAcAZAWAKAPAJAGACAB
2704302,BwBzBwBtBkBXBIA8AwAjAaATARALAIAFACABAABtBxB2B8B2BlBUBFA2ApAgAaAXASAMAIAEACAC
2704401,CUCICBBuBaBCA5AsAlApAgAaATAWAUADAEADAACMCQCCBxBUBOA3AzAtAqAlAXAeANALADALAEAB
2704500,CSCXCtByBZBIAzAzAsASAiAYARAOAFAGAHAAACCbCnCDCJBJA8A5AmAkAfAdASANANAIAHAEAFAA
2704609,CeCbCKCCBbBDAsAuAkAhAUAYASASALAJAHACAACZCQCVBqBcBIAwA0AjAgAVAWASAQARAIAEADAA
2704708,CCCOCKB/BbBJA8AxAmAgAbAXAZAIALAHADAAABCCCPCLB3BkBNA/AzAqAeAdAWAbAKAMALACAFAA
2704807,CDCMCKB+BRA9A1AvAqAgAiATAVALARAOAJAEAAB+CLCQBsBUBCAyA7A1AkAeAjAdAYASAIAEAAAG
2704906,BpCLCfCDBZA/AiA4AiAsAcAVAhAZAMAEAEADAACLB2CYB9BIA+ArBJAqApAYAuARAhAJAFALABAA
2705002,CXCVCKBxBPBCAsAoAhAvAcAWAQATAZAKAJAAACCbCSCIB1BUA6AvAtAkAtAeAcATAXAPAHAHAFAE
2705101,CPClChBwBWBFBCAqAnAdAZASATAOAOAJAGACABB/CqCKBmBXBOA8AnAtAiAVARAYATAJAEAEADAA
2705200,COCTCOB/BdBPA4A0ArAeAnALAXAUAKAEAAACADCBCaB6B8BeBPA+AzAoAnAeARAHAKADAIAEAAAB
2705309,CECRCJB5BgBBA5AsAtAiAgAOAJALAJAKAGAAABCFCKCcCHBoBNA5AyApAkAZAUARANAPAHAGAAAC
2705408,ChCbBuBkBKBMAwAsAkAeAZAeAUAGASAMAHACACCjClChBtBSAzAqAkAqAmAjAlAVAOATALAFAEAF
2705507,CRCOCHB0BWBMBDAtAwAfAcAXAYASAHALAGABAACSCQCBByBeBNA9A0AoAkAeATAQALAKAGAFABAC
2705606,CUClCQB3BqBAA1AqAlAjAkAQAOASAKAHAHADAACbCVCLBzBGBEA6AxAuAcAnAIAUAPAFAIAEABAA
2705705,CKCBB9BtBaBFA1AtAoAaAaAWAWAQAUAPACAAACCaCKCNB4BVBKA4AzAlAwAkAVAhAQAQAFAPADAB
2705804,CuCOCGBvBqBIArAzAjAlAhAOAOAKALAEAGAAAACwCdB5CABZBCAxAwAiAkAUAfANARAHAAAEAGAA
2705903,CRCPCcCEBYA6A+AcAcApAoAUAOASAHABAPAHAACVCTCXBkBeA1AmAzAlAvAdAfAYAPAHAHALAGAA
2706000,ChCTCNCFBRA+ArAnAjAlAaAYAQARATAQAHABAACZCECOBuBPA5A4AuAqAmAbAfAYARAKARALAEAB
2706109,CbCTCSCBBYA+AvAoAhAaAcAUAOAQAOATABAEAACaCPCRBsBZBNA9AjAyAdAUAUAVAVAQAKAGAFAA
2706208,ClCgCJBpBNBCAaAjAqAeAYAnAOASAOAPALAEACCwCkCRBUBMA+AtA0AfApAjAbAKAaAWAJAEAHAA
2706307,B6CHCDBsBRBGAzAtAqAlAfAWAVAVANAMAHADABB6CBCGB7BeBHA9A6A0AsAjAgAcAVATANAHAEAC
2706406,CSCTCGByBXA/AzAsAfAkAYAYARAXANAOADAEABCaCXCHBuBTBGAyAvAuAdAdAgAeAQAMANAKAFAB
2706505,CZCpCTB9BcBEAwAvAlAYAkATAcAWAOAFADAAABCUCeCUBsBKA+A0AsAnAXAQASAYARANAHAKACAA
2706604,B4COCAB2BHAxA2AvAtAcAgATAYAOAZANAGACAHCCCUCaCBBOA6AzAzAxAgAeAlAbAYAWANASABAC
2706703,CGCRCDBzBPBOA5AxAjAdAdAXATATAOAJACABAACFCOCGBvBfBGA+A2AxAfAgAfATAZAVALAIADAC
2706802,B+CUCEB1BQBJA8AvAoAaAfAaAeANAQAHAFACAACCCSCPBnBVBFBAAzApAmAiAhAgAOAKAGAPAEAC
2706901,CMCQCLB1BXBIA7AzAxAgAjAMAOAPAJAKAHAAAACFCWCKBxBeBKA8A2AnAhAdAVAXAUAOAJAEAAAB
2707008,CUCGCQCABSBRA+AqApAoARAJAZAcADAGAKAAAACRCBCcBtBgBBBJAoAvAlAaAXAcAKABAHAGABAB
2707107,CiCeCHBuBKBDA5A8AyAsAaANAJAMAGAEAEADAACoCSCKB0BYBQA8A6AtAjAZAMAMAHAIAEACABAB
2707206,CoCeCMB5BOBFAxAiAsAdAZAWAOAOAMARAFADABCpCdCCBiBeBIAyAqAfAhAeAYAWAOALAOADADAC
2707305,CGCOCJCDBkBJA6AwApAhAeAZAaAPAPAHADACAACHCRCUBzBZBCA3AvAqAhAbAZARAPAFAHAHACAA
2707404,CLCiCnBzBZA+A3AqApAiAdAZAiAQALALAKACACCRCQCSBqBIA6A0AlAnAjAWAYAUAYAQAJACAAAC
2707503,CQCNCGBtBSBBA2AuAnAiAbAaASASATAOAJABAACXCMCIB4BTBDA4AoArAsAcAeAjAQASAFAIAAAA
2707602,CKCVCWBzBHA7AuAtA/AhAiAQASAZAOAGAFAEACCHCPCHBpBPA+AyA2A2ArAaAhAZAWAVAIAHAEAB
2707701,B+B+B9B1BnBMBCA1AsAhAhAUATASAKAFAEACABB6CCB6B6BfBXBBA4AuAnAmAXAbAPANAKAGACAC
2707800,CiCSCdCDBfBFA1A7AuAgAWAVANAGAEAKACAAAAClCnCHBnBYBCBBAwAgAfAOATAGALAGAGAGAAAA
2707909,CCCVCLCABiBDA2AxA2AcAoAMAQANAGAMAEAAAACLCDCKB5BgBDA/A4AlAdAUAcAWARATACALAEAA
2708006,CTCJCABuBQBEAvAuAkAnAaAXAOATARANAFACABCQCLCFB7BZBMA6AzAuAiAhAZAYATARAOAKADAC
2708105,CXCkCLB3BOA8AwAnAkAiAdARAUAUAPAOAFADACCaCfCNBuBGA8AxAxArAfAdAeAYASASAPACAFAC
2708204,CVCUCMCIBMA7A1AvArAYANAeAVAZAUAWAKAGAACECNB8BxBKA/AzAoAuAyAeAZAQAVATAGAPALAB
2708303,CNCKCGB4BIBUA0AtAvAhAgAUAUATARAQABAFAACFCECHBoBmAxA2A2ApAfA0AhAQAOASAKALALAC
2708402,CyCWCEBoBNA+ArAnAmAhAZAZAVARAMAIAEAFACCyCaCJBzBTBAAxAsAoAmAcAZAaALAOAIAHAFAB
2708501,CfCGCHB9BTBLA2BEAhAnAZARAXAPALAKADAAABCGCXCfB1BdBFA8A0AlAhAYANATANAHADAGAAAB
2708600,CPCWCIB3BeBMA9A3AsAfAdATAMANAKAFABABABCICTCGBzBfBSA/A2AmAkAbAVASANAKAGADACAB
2708709,B/CPChCNBUA3A1AqAvAXATAaAWAZAVAOAPAAAAB3CGCTBoBIA6AtA1AnAbAkAoAlAaAbAKAFACAC
2708808,CPCYCRB0BSBBA0A0AoAlAZAVATAOAKAMAEACAACQCfCNB0BRBEA4A0AnAhAdAXAXAOAKANABAAAC
2708907,B6CACJCIBtBWA4AwAsAiAiAUAOANAJAEAEACABB5CGCEB7BnBPA/A2AvAtATAXAZAMAMADABADAC
2708956,CuCUCNCBBYBDAmAiAqAjAZAPATANAJANAEAAAACtCUCJBqBfA7A0ApAsAiAVAYASALARARAIAAAB
2709004,CMCXCOB+BaA0AfAnAoAeAjAaAeAeARAJAFABACCECZCKB1BLBIAqAvAuAaAgAkAdAQATALAJACAD
2709103,CRCVCLByBaA/AtAqAoAoAdAUARAOAMAMAFABABCTCVCPB0BTA+AvA1AxAkAhAYAZAOAMAVAEABAC
2709152,CXCmCSBvBXBCA5AyAtAmAfANAJAVAJAKABACAACWCgCXB2BUBKA3AzAnAdAYARAQAIAHAFABAAAB
2709202,CYCeCKB1BQBBA6AmAwAfAfATAVAPAMAGAFADAACXCVCHBvBUBEAzAzArAiAbAaAfANAKAKAHACAB
2709301,CFCOCMB3BUBAA1AvAqAjAeAXAWARASAJAFADAACJCMCLB2BZBDA5A3AtAoAfAZAVATAPANAEABAB
2709400,B9CTCWByBMBIAvAwApAfAaAZATAYATAPAGABAACCCLB/B8BfBDA3A2AtAiAbAYAeASATANAFAFAD
2800100,CUCEB9BuBgA2A/AnAyAcANAdAoAIAFAYAbAAAACkB9B8B1BABCA2AqArAmAhAvAXAZAJAGAQAMAA
2800209,CDB9CKB0BOA+A3AzAlAtAlAWAWAVAQASACAJABCECBCIBoBXBHA3AzA3AeAfAmAZAZAQAOAEAFAF
2800308,BtB1B1BpBmBXBGA5AwAjAaATAPAMAIAGADABABBpBzB4B/B3BnBTBEA1ApAhAaAYARAMAJAFACAB
2800407,CaCYCTB+BWBNA7AwAfAfAcARAVAOALAKAHACACCMCcCKBmBVBHA1AtAsAhAdAYASAOAHAKAGADAA
2800506,CVCRCRB1BjBLA6AuAkAiAQAXAeATAJAKAEAAABB+CMCOCABcBFA2AqAkAiAYAkATALALAIAHAEAA
2800605,CEB8B9B7BuBbBKA0AjAgAXAZALANAKAGACACABB8B+CCBwBtBfBGAxAuAlAcAaASASAGAIAEADAA
2800670,CLCGCCB4B1BNA2AwAuAfAYAUANAPAIAJAFAAAAB/CJCGB4BWBPBAA1AsApAWAbAVAOAOAQAIABAB
2800704,CdCcCNBvBRA9AyA4AmAbAeAhAaAUAMAPAFAGAACYCUB+BdBMA4A0ArAkAdAjAmAaAbAIAJASADAA
2801009,B2CEB9B2BUBMA6AsAtAoAaAbAiAXAKARAFACABBxB/CDBvBbBFA9A3AmA1AfAqAYAVARAOALAFAC
2801108,CdCQCACDBPBMBAAsAxAaAiAcAJAJAOANANACACCKCbCVBfBPBFAvAlAlAjAeAcAZAPAHAOAKADAE
2801207,CeCWCKCFBsBDA6AtAnAmAbASAKAMAKAEACACABCfCeCIB5BUBYApApArAfAXAOANAJAHAHAEAAAA
2801306,CICRCPBvBcBFAzAwAqAcAgAVAZATAOAJAHADABCHCPCNBtBMBGA7AxArAfAlAZAZASASAKAKAEAA
2801405,B+CECCB6BdBDA0AuAtAtAaAYAgASAOAOAGADACB7CDCFBxBUBGA5BAA0AoAcAdAQAPAaAJAJADAB
2801504,CFCUCGBsBdBTBBA0AhAiAVALASAbAKAJAFABAACOCLCFBlBkBWBJAzAsAgAfAiAXADAHAEAHAEAC
2801603,BrBvB5B3BqBgA6AlAmA4AsAYAZAZAQANAFAEAABpBwBxBuBoBPA2AtBDAjAbAsASAZAUAWAIAAAH
2801702,ClCeCSB9BaBJA4AtAmAjAZAcATAIAEADADABABCOCcCJBrBWBDA0AuAkAkAbAbATAPAJADAHACAB
2801900,CACVCUCFBNBIA3AhAgAuAkAlAMAHATAMAGAIAACJBhCBCLBdAxA/AoA7AqAhAOAEAYASAVAeAAAA
2802007,CUCPCKCCBdBOA0AzAuAbAoAWANAOAFASALAAAKCBB9B/BWBfBOBOAuAfAgAbARAeATANAWAEACAA
2802106,CICNCFBtBgBPA/AuAqAfAbARAQAQALAIAJABABCFCKCDBwBZBOBCA5AqAjAhAaAXAUAPAIAGAFAB
2802205,CXB5CJCJBPBAAmAbAkAjAzAgAVAOAJAIAJAIACCdByCLBiCFBEAqAuAmAjAiAiANARAUAYAFAAAA
2802304,CBCEB9B2BjBAA4AzA1AmAXAVATARALAWAAADADCCB9BwBxBeBXBCA4AuAgAlAfAcARAOALAFAIAC
2802403,CSCTCSCBBgA8AyAkAtAoAaAYAVAOASAKAEACABCECZCMBxBTA/AyA3ApAlAhAXAUAQAPALABAAAA
2802502,BwCGCQCFBgBABEA0A/AmAQALAFAgAZAPACAFAAB9CVBoByBbBEA0A7AUAgAbAwAiANAfAHAKADAA
2802601,CDB/CWCABVBJA6AvAsAfAeAXAWAgANAIAJAAADB/CGCKBvBOA9A/AqAzAhAYAiATATAfAFAIAFAD
2802700,CaCLCJBzBPA/A0AsAiAfAiAgAeAVAKAHAHABAACeCZB/BkBPBIAwAsAfAfAkAmAVAQAYAIAPAJAC
2802809,CYCmCSB+BYA9AoArAnAfAfAXAZAPAPALAGAEAACTCVCGByBRA+AtAsAnAfAcAiATAQAHANAJADAB
2802908,CCCCB+BtBlBQA/A1ArAiAcAVAXANAOAJAHACAAB9B/CBBwBhBRBDA4AxAlAhAZAaAPAMALAHADAC
2803005,CSCaCNByBYBIA4AvAmAlAZAZAUASAHANACAEABCLCWCLBoBVBHA5AwAuAdAWAjAYANAOAJABAEAC
2803104,B+CbCEBgBSBKBCAwAxAoAWAbAXAbAQANAOAFAAB/B2CDB0BSBHA+A2ApAoAjAVAeAcAQAHAHABAA
2803203,CVCVCYB4BcBFAyAwAiAVAjASAXAQANALAGADACCMCYCIBxBTBEA1AhAvAlASAeAVATARAHADAKAB
2803302,CLCSCPBrBnBLA8AuAoAoATAYAWAXAQAKAFACACCHCJB9BqBPBLA8AvAqAeAlAdAYASAKAQADADAD
2803401,CbCKCUB1BQBHAxAnApAiAiAZAVAXATANAFAEABCbCWB/BrBRBAAlAyAqAkAfAXAXASARALAJABAC
2803500,B6CDCDB1BhBJA5A0ApAlAcAZAXASAOAJAHAEABCDB/B8ByBcBQA/A2AwAqAcAhAXAWAPAIAFAFAB
2803609,CPCZCfBkBiBIA9ApApAoAYAPARAQAGAGADABAACICaCGB6BdBOBBA3AnAYAXAWAZAEAGAEAQACAC
2803708,CBCBCCB2BQBUA3AtAoAlAZATAXAhAaASADADAAB1B9B1BkBsA9AuAwAwAuAaAlAaAcAYAbAMACAD
2803807,CJB7CVBxBbBPA7AoAxANAgAfAMARAKAJAOALAACQCHCVBwBXBPApAxA6AkAiAfAPAPATAAAEABAA
2803906,CCCSCEB5BeBLA+AyAmAnAXAWAOAUAVAHAIACADB9CMCSBvBWBCA6AyApAgAiAbANAaAMAJALADAC
2804003,B+CdCRB2BQBXA8A1AtAlAXATATAKAEADAHAEAACPB8CWBvBrBQA9A0AnAdAjANAUANAPAGACADAA
2804102,B9CBCCB9BbBHA3AnAzAuAeAYAVAbANAMAJAEAAB4CFB3BsBZA6A9A6AsAzAhAkAXAZAMANAIACAF
2804201,CYCUCMCIBnBQA3AsAuAaAUASAJAPANALAEACAACSCUCDCABcBDA0AyAjAcAUATANAYAKAJACAEAB
2804300,CVCZCNB5BUBLAyAuAmAeAeAZAOASAPAGANAEABCLCTCFBuBOA+BCAvAsAgAfAYAXAMASAHAJADAD
2804409,CTCOCJB+BNBFA5AxArAeAbAVAOASAOAOAFAAAACKCWCIBdBaBIA4AtAhAaAiAiAdAWARASAIAEAD
2804458,CLCSCLCNBqBGApA1AyAhAbAUAOANAZAIAIACAACBB9CJB3BXBDA3AxAwAgAaAVAbAMARAGAHABAA
2804508,COCKCCB2BkBJA8AyArAhAaAYALAOARAIAEAEACCJCHCEB9BaBRA5AzAtAnAdARASARANANABADAB
2804607,CFB/CHCHBaBFA6AyAiAhAbAWAdAKAQAHAIADABCBCTCDB2BSBHAzAyA6AnAhAcATAWAQAMACADAC
2804706,CKCRB2BiB8BSA7ApAqAfAVAlAPAPAIAPAMAEAACcCBB4CEBHBLA0AxAvAoAjAVAbAEAOAKAEAKAA
2804805,CXCVCDBiBiBjBPA1ArAdASALAHAGAFACACAAAACZCQCABtBqBrBRA9AqAeATANAMAEADAEACAAAA
2804904,CaCjCOB4BMBEA1ApAoAeAXAdAVATALAJAEACADCXCjCOBlBIA9A1AuAoAhAgAgARAPAMALAGADAA
2805000,CBB2B2CCBrBKA9AzAzATAeAaARAZAVAEAGAFAGB/CACEBwBNBNAzA3AoA4AeAYARAaAVALAPAGAA
2805109,CECjBvCABcBIArArA0AgAaAXARAOAMAMAGAAABCPCFB+B4BiBUAqAlAtA2AiAcAUARAUAJAEADAC
2805208,CDCHCkBgBZBMAyA4AyArAjANAMAYALAPAAAEAAB6BvCZBUBjBKA+A5A5AeA4AcAbADAVAGAGAAAA
2805307,CKCNCHCBBfBRBAAuAzAWAcAeAeALAKADAEAGACCRCTCTBlBSBHA2AtAbAkAQAhAYAQAPAGAEAEAA
2805406,CZCTCMB3BbBFA0AtAsAfAgANAPAOASALADABAACgCWCNBxBdBAA2AvApAhAWAXALAWASAEAEAAAB
2805505,B+B/B+B8BZBGAyA3ApAsAdAaAYATANAQAEADABCCB3CJBxBXBJA9AwA/AiApAVAYAXAMAKAMACAE
2805604,CaCbCKBwBbBFAzAuAoAiAeARATAOAOALALAAAACYCTCFBsBYBFA0AtApAgAWAdAOAaAPANABAAAE
2805703,CDB+B4BjBcBUBCA2AbAiAgAVAZAPAMAJAIAEAACAB+B0BuBgBXBDAtA2AoAoAfAaAdAQAOAGAGAB
2805802,COCRCGBxBaBHA1AwAuAbAeAZARAXAQAQAGAAAACLCQCCBjBXBCA4AmAkAjAgAhAZAeAOANANAEAE
2805901,B+CNCVByBfBNA5AuArAcAkAWAWADAOAIAHABADCZCLCUB2BeBPA9AxAvAiAXAPAQAMANAEAEAAAA
2806008,B8B5CABxBYBGAzAxArAlAfAcAXATAYAKALAGACB2CGCCBwBdBJA+A0AuAsAdAeAbAZAXAJAIAGAG
2806107,B7CbCHB1BgBMA/AxAfAfAYAUAVAPARAHAJAGAACECZB3B1BkBOA8A2A1AaAVAYAQAUAKAEANAAAE
2806206,COCSCUCABnBHA1AtAnAhAUAfASAKASAHAFADABCOCNCOByBXBAA0AwApAmAaAWAQAMANANAGABAA
2806305,CnCpCSB4BTBEAxAvAmAiAUAYAUAXAMAFADADACCgCkCLBnBDA3A2AnAoAbAdAeAUALAKAJAGABAB
2806503,CDCICRCCBTA7AzArAsAiAhAWAPAlAVAKAIAFADCICRCPBlBUBNAxAtAsAhAeAdASAVANASAAAGAA
2806602,CCCaCPB/BaBCA5AsArAdAdASAbAMAHAMAJABACCECOCNBjBdBYA5A1AkAjAgAWASARALAKAHADAB
2806701,COCPCFBuBcBMBKA3AoAeAXAPAMAOALAHADABACCFCNCBBpBeBWBLA9AsAhAaAXAVARALAJAGABAB
2806800,CECYCSB6BSBAAwAuArAoAbAWAVASAHAMAIAAABCICRCVBzBPA9AxAzAnAqAbAbAOAhAPAHAIAKAA
2806909,CCB0CQB/BTBeApBWAnAnAbAVATAaAUAGAaAAAABpB/B/BmBJBSApA4BJAOAXAjAsAFAOAEATAJAC
2807006,CSCTCKBtBFBAA0AxAvAoAZAeATAPAWAKAJACAACOB+CNB/A+BGA8AmA4AfAVAcAkAfAQAOAFAEAA
2807105,CCCCB8BwBXBIA6AoAmAnAgAaAZAXARAJAGAFAEB5B+B/BvBZBMAyA2AqAxAkAhAaAhAUAMAOAFAC
2807204,CGCMCOB2BvBFA7AwApAdAeAVAWAUAQAQAJAAAAB8CJCKB2BSA/A1AuAiAlAfAfAgAMATALAEAEAB
2807303,CHCSB/BwBvBKAzArAvAUAcAXAkAYAMACAEAAAACICDCUBsBJBNA2A0AeAoAsAbAcADARAVANAEAA
2807402,CACLCDBzBVBDA2ApApAjAhAYAaASAMAKAGADABCDCECDBuBaBLA+A9AuAtAmAZAYAVATAKAJACAA
2807501,CbCoCRB7BUBDA2AtAhAaAZAbAVAPAQAJAIAAAACRCcCHBpBOBGAzAvAmAgAdAaAUAQAOAIAGABAB
2807600,COCYCEB2BZBHA4AzAkAwAVAYAUALAPAIADAEABCSCNCYBuBUBJBAA2AsAlAYAbANAOAGAGAEABAA
2900108,BfB9B8BjBGBEA9A6AxAoAeAlAeAcAYARAIAGACBlB8B6BmBFBGAuA7AzA0AoAqAhAlAgANAXAKAB
2900207,COCTCUCBBPA5AxApAhAoAaAOAQANAKAOAKAFADCFCaCUBuBQBJA4AuAyAkAkAVANAXAVAJAEAGAE
2900306,B+CICKB5BEA+A+AnArAjAkAWAfAaAWAKAIAEABB/CPCOBmBPA7AsA3AsAkAhAgAhAaAXAOAKADAE
2900355,CYCHCHBvBiBEA1AwAwAkAdASAaAUAPAJAFAAABCZCNB9B0BWBDA5AuAlAqAZAfATARANAKAFAAAC
2900405,CRCeCZB7BGAuAoAlAnAlAhAVAUAaAUAQAFAGABCICdCTBlA+A2AuAjAtAvAkAeAVAjAXAKAKAFAD
2900504,B+CFB7ByBeBFA8ApAyAlAiAXAjAXAMAIAJABABCAB9CBBkBRBIA9A6AuAhAoAgARARArALAIACAF
2900603,CeCsCYB6A+BNA8AnAqAiAsAUAeAXAJARACAAABCICVCLBSBNA2AwArAnApAXAdAeAVAFAJAJABAA
2900702,BuCCCHBwBdBNA7AwArAiAcAYATAPAKAKAEADABBpCCCMB6BkBUBFA5AyAoAlAbAYATANASAHAEAC
2900801,CSCTCZB3BRBHA9AwAqAqAbAeAVATANAIACAEAACUCSCJBpBWBAA0AxAxAgAVAaAUAMAHADADAEAD
2900900,CjCWCSB4BXBJBFAjArAYAcAXASAYAPAHAEAAAEB/CPCJBzBVBAA4AxApAYAaAcAUAUALAIAHAEAC
2901007,B2CDCKBwBQA+AvAsAmAiAaAfAcAeAUARAGAGACBtCGCFBvBOA6A+AwAxAkAtAnAmAeAUASAMAJAB
2901106,B3CICSByBaBHA1A2AtAiAiAeAUANAOAHADABABB0CFCGCBBjBGBDA0A1AbAlAcATAQAOALAEAGAB
2901155,CDCSCnB8BbBIA6AuAoAcAhAUATAPANADADAAACCTCbCUBsBMBJA2AxAdAvAZAUASAOAIAHAHABAB
2901205,B5CNCUCABeBAA8AtAsAhAhAaASAWAPAIADABABB6CQCTByBYBAA9AwAqAqAgAbAYAOAPAHAGABAB
2901304,CYChCZBmBQA9A0AqAzAiAcAVAPASAOAUADACAACUCgCZBgBLA+A0ApAeAkAaAVAaAZATANAFACAC
2901353,B7CJCOB/BiBPA3A0AzAuAlAWAQAWANAMAJABABByB/CDBnBYBHA7AwAtAnAaAbAVASANAMAGAEAF
2901403,CRCpCcB4BRBCA4AxAtAjAmAZAUAWAIAIAGABABB5ChCMBmBEA/AyAsAqApAfAXASASAPAHAFAAAB
2901502,BwCNCGB7BXA3AsAnAlAhAdAjAeAYAMAJAKAFAAB5CKCKBwBWA+AxAwAvAuApAkAZAUAWAZALAMAC
2901601,CCB4B5B4BUBEA0AxAxAuAlAaAbARAWAOANADABB5CLB6BhBWBHA6A6AfA5AlAeAWAdARARADABAB
2901700,CVCbCWBtBLBHAsAjAlAUAeAdAjATARAOAHABAACJCPCMBdBKAwAuAyAtAxAqAgAcAUAVAbAIABAB
2901809,CACWCRCHBbA7A0AqAtAyAeAXAMARAJACAEAAAACDCNCeBsBXA+A6AwAvAtAjAZARAPANAJABADAB
2901908,B7CJCIB6BMA/AyAxAtAsAeAbAcASAgASAMAAACBzCBCEBjBIA+A5AsAlAyAnAgAaAoAaAMAKACAB
2901957,ChCcCgBvBHBGA0A3ArAdAYAWAXAUAMAQAIABAACUCgCXBXBIBBBBAwAiAhAaAcAUALAGAHABACAB
2902005,CICaBnB1BgBHBRAoAlAtAZAaAOAQANAWARABAABuCCCTB2BcBLAwAfAqAcAuATAdAVAaABALABAI
2902054,CgCmCZBuBSA+A6AvAjAlAiAOARALAQAQAEAHABCgCmCGBlBIBAAwAyAqAdAYASALAVANAGAIAAAC
2902104,CdCVCZByBPBAAyAqAsAjAbATAYASAQAJADABAACaCQCMBsBZA+A5AqAlArAYAcAVAaALADACADAA
2902203,B1CNCWB4BnA+AvArAkAiANAhAYAUAMAUAJADABB1CQCHBkBTBCA3AtAsAqApAlAWAWAaAQALAEAA
2902252,CQCoCkBvBKBGA3ApAwApAnAYAYATAKAGACABABCdCgCUBhBGA8A0A5AoAXAfARANAOAEAEAFABAB
2902302,CICXCXB6BcA3A4AoArAhAhAbAaAcAQAMACACABCFCRCNBlBIA9A2AxAwAhAaAgAcAZAKANADAEAA
2902401,COCXCYB6BCBFBGAzAmAfAaAgAVAcAPAMADAAAACPCfCQBbBdBBAnAxAqAeAiAUAVARAJAFAFAFAB
2902500,B7CdCYCMBfA8AwAnAqAsAbAUASASAQAHAFAEABCICZCXBmBSA/AvAoApAzAcAYASAWAHAMADABAB
2902609,CHCUCVB5BRAzAuAtAoAjAgARAUAaAKAUASADACCECPCNBzBSA7A4AvApAkAeAcAgASALAQADAHAE
2902658,CHCMCJB0BUBGAtAhAsAxAiAcAcAUATAIAHADAACICJCHBsBMBAAsAoAsAwAhAjAZAVAZAUAFACAC
2902708,ChCpCaB7BOBAA0AmAnAdAaAWAVAPANAGADABAACgCjCPBlBEA5AxAsAlAoAeAYAXAMANALAHACAC
2902807,CLCfCQBkBRBIA7A2AsAbAaAWARAQANAKAHAEABCcCVCHBnBSA7A5AyAnAjAhAaARAXAOANAMABAA
2902906,CNCYCXB0BOBFA1AxAqAmAeAdAeAMAJAFACABAACOCQCTBrBTBFA4AtAqAmAfAdAVAOAIAJADACAC
2903003,B9CQCVBqBKA9A5A0AtAtAhAVAVAWAQAQAKAEAAB7CJCDBuBKA/A9AxAuAoAjAcAhAXARAOAGAFAC
2903102,ChCZCYB/BYBIBGAxAlAZAkAWAUATALAKACACABCXCcCIBUBOBEA5AtAgAlATAbAXAOALACADAAAA
2903201,CACPCFB5BkBdBGA3AtAgAcARARALAHAHADABAAB7CJCGB1BqBbBEA4AoAdAXAWAOANAJAFACABAA
2903235,CHCLCMBwBZBOA+AyAmAkAgAVARAXAPAJAHADAAB5CaCCBzBMBGA5AtArAsAgAdARAYAPAIALABAA
2903300,B8CdCkCVBoA8A/A3AwApAdAgATAQAJAAAAAAAAB9BzCkCTBEBAAtA/AbArAZAQAIAMADACAEAAAA
2903409,CQCVCTBwBUA/A8ArAwAcAbAeAWAXAOAMAEACAACPCdCMBgBDBBA7A4AlAoAfAVAXASAMAOADADAB
2903508,B+CUCOB7BUBAA1AxAgAqAdAfAPAbAQAPAFAFACB1CECOBvBZBDA5AsApArAnAYAUAcAQAHANABAB
2903607,CHCTCPB7BbBEA2AoAlAmAbAcATAYAUAOAEAEAACICMCKBnBQBCA1ApAnAcAcAjAfATASASAFAFAB
2903706,CDCQCcB0BNA9AvArAgAqAgAjAUAbAdALADAAAAB4CRCQBqBHA+AyAvArAbAhAhAbAZAdAIAMAIAE
2903805,CXCiCbB4BPA6AqArAnAgAjASASAcAQAMAJACAACKCYCNBkBOBAA4AiAmAhAgAcAXAVAJATALAFAB
2903904,CUCbCIBvBUBFA6AsAqAcAdAVATAPALAGAEACABCOCXCLBwBXBMBAAuAmAlAdAaAXAOAJAJAIADAD
2903953,B8COCPBsBhBDA2AzAoAfAhAaAeARARAMAFAAAACCCLCQB1BXBBA5AoAmAmAcAhAYAbAOAOAGABAA
2904001,B+CGCDB0BgBEA1AvAmAnAeAXAfAXAQAOADADABB5B/B9BiBQBHA/AzAwApAgAuAfAZAYAQAIACAD
2904050,CgCTCTB2BaBNA8A2AgAhAbAMATAKAHAFACAAAACoCiCZBmBZBHA5AsAqAkAXAVANALADADABAAAA
2904100,B/CLCLBxBPA6AyAoAlApArAZAaAPAQANAGAFAAB6CGCHBzBTBEA0AzAyAyAlAjAVASAYANAJAGAF
2904209,CBCDCFBpBUBGA3AtAqApAcAcAYAZASAJAKABADCICSB+BwBbBKA6AwAvAkAcAgAaASAOAMAJABAF
2904308,CQCRCSBjBOA9BCAzAoAjATAbAbAUAVALAEADAACGCSCJBeBSBGA5A2AuAbAfAhAiARANAQAGAFAA
2904407,B6CVCTB8BnBOBCAwAwAkAcAYAYAKAJAJAGACAAB9CKB/BsBRBLA6AsAvApAeAbAWAOALAKAFAFAB
2904506,B4CNB0BoBKBNA7AwAvAsAUAhAnAbAYAKAKAFAACBCLCCBcA+BEA2ArAqAhAyAqAhAdAXANALAHAB
2904605,BzCFCHBuBdBMA/AuAvAmAlASAVASAMAIAIADAABwCCCIB5BjBOBAA5AwAsAaAbAUAUANALAGAFAC
2904704,CKCSCQBpBSBEA8A0AnAmAcAkAaAUASAMAIACABCECWCABiBNBGBDAsAwAeAmAVAeAPAMAIAFACAA
2904753,CjCuCiB6BJA7AvAqAsAdAgAQAOASAPALACADAACZCxCcBqBEAzAsArAiAkAXAYATATAOAFADACAA
2904803,CHCRCUBzBTBHA1A2AsAcAkAdAjAMASALAFAAAAB7CICUBxBUA8AvApAtAsAkAiAWAVAHAIAEABAD
2904852,CZCgCTB7BNAzAsAmAgAhAWAaAQAUALAIAIADACCTCkCUBuBPA2AzAoApAjAfAiAaAXAPAIAKADAF
2904902,BuCNCRB/BcA/A6AqAoAfAaAZAXAUALALACAEABBrCKCPBxBOBGA7AyAxAsApAcAdAZAWASAJADAB
2905008,B1CCB+BwBWBIA5ArAzAvAdAZAbAYAHAJAJAEADBoCDCEB5BeBFAvA6AwAxAbApAgAXAUALAMAEAB
2905107,B7CZCNB8BjBDAvAtAtAoAeATAUASAOAJAFADAACACKCTB8BXBAA9AwAqAmAeAZAaAPALAHAEACAB
2905156,B9CUCVB8BZA9A7AuAoAuAlAWAeAQAIAIABADAABtCVCQB6BXA9A1A0AkAwAhAXAOAUAMAJAKAEAA
2905206,CECDB9BrBYBLA+AwAtAnAaAeATAUAMANAGADACCBCBB8BrBgBJA6A3AsAnAmAaAZAYATARAJADAC
2905305,CICSCRCABbBDA7AuAmArAVAZASAPAOAMADACAACICOCRB2BWBFA5AuAuAkAaAZAUAPALAGAEACAB
2905404,BlCfCiB5BwBCBJA6AxAoAgAXAOAHAJAFACABABBxCKCBBvBVBPBHA9AvAoAeARAOALAEAEAEAEAB
2905503,B4CFCRCBBdBFAvAuAyAiAZATARAYAUAIACACABCCCFCSCHBXBDAvAvA4AhAhAWAWAZAOAKAHACAA
2905602,CPCfCZBwBIBCA7AxAsAjAZAaAWAVAIAMAEACAACOCbCWBjBXBFBEA0AnAhAYAaAWAIAFAIACABAA
2905701,CECUCOBnBmBYBSBAAwAdAVAQAKAHAGADACABAAB/CVCJBxBoBdBNA7AnAeAUAPANAJAEAEACABAA
2905800,CiCpCUBzBRBDA+A2ArAkAcAYAUAMAJAHADAAAAChChCMBaBLBDA3AwAlAcAZARAOARALAGAEACAA
2905909,CSCcCZB3BNBEA2AsAuAdAXAUASAWAIAKAEABAACVCgCRByBQBEAyAsAlAhAcAbARAPASAIAEADAB
2906006,COCUCVB6BZBCA2AtAvAnAbAVARANALAIADABAACNCRCVB7BUBAA4AyAoAgAeATATAWALAIADABAB
2906105,CHCaCOB2BRBHBBArAsAkAcAeAUATAQAOADACAACGCVCFBjBCBDA1A1AuAnAkAbAXARARANAFAAAD
2906204,CICYCTB6BbBCBBAvAsAiAbAYAWAQAIAEAIAEAACGCTCMBpBNBMA+A2AnAnAdAXASANAKAGAFADAB
2906303,CBCPCOBqBPBRBBApA0AqApAYAaAVAMAMADABABCDCKCCBkBWBBA9A7AoAiAlAbAYANAQAIAGABAD
2906402,BtCICZCIBRA9AoAmAtAxAbAUAZAXAXAHAGACACBtB9CYB4BRAzA0A9A1AqAjAlAdAXARAMAMABAC
2906501,B+CRCPBqBpBQBIA6AxAjAaAQAPAIAHAGACAAAABrCLCMB9BhBWBKA6AsAiAfAWAQALAKADACACAA
2906600,CACJCFBuBUBMA8A+AqAqAmATAYATAIAVABAGAAB6CHB4BzBcBLBCAtAwAlAcAfAVASAQALAGACAB
2906709,B+CHCIB0BdBOA+A1ArAnAeAXAVAVAQAJADACABB5CJCEBxBZBMBCA1AqAtAcAdATAWAGAHAEACAC
2906808,CMCTCRB3BQBAAvAuAqAkAbAaAXAVATAMADAFACCACRCMB1BNA+A0ApAtAnAfAdAZAXAOAKAJAGAC
2906824,B/CPCMB6BcBAAzAdAnApAmAbAVAOAMAVAHADAACGCNB/BuBTA+A4AtArAuAkAmAYARASAQAJABAC
2906857,BrCRCiBnBfA2AvAtArA9AwAaATAOAOAGAJAAAABiCMCICRBfA8AyAlA/A5AhAiANATAEALAIAAAA
2906873,CACVCZBnBRA8A0AvAyApAlAQAVAUAHANAGACACB7CPCPCCBbA/A/A0AsAlAeAWATAPANAOAFADAA
2906899,BvCNCaB9BNA8A0AyAsApAdAiAXAdAQAOADACACB2CQCNByBJA+A1AzAtAtAlAZAWAWARAOAGACAC
2906907,CFCbCXBwBJA5AvA0A0AfAiAUAfATAQAIADABADCGCGCJBlBYBPBFA3AlAzAhAaAZAMAIAHACADAA
2907004,CVCgCMBvBZBEAwAxAnAlAcAWANATAWAPAEAFABCmCsCWBNBKA/A1AkAlAfANAYAXAUAOAQAIAEAA
2907103,CcCkCYB/BWA+A2AqAoAhAgAQAUANANAGABABACCZCaCQBsBSBFA2AwAnAdAYAWATAQAGAFADADAC
2907202,CACGCRCABZBGA4AuAtAoAhAWATAUALALAMADACB7COCBBxBQBBA3AsAtAqAgAcAcAUAPAMAJAEAD
2907301,B7CQCTByBNA7AuAkApAjAeAYARAQATARAKADABCCCNCOBvBXBAAzArAvAxAgAlAkAfAOAOAHACAC
2907400,CFCgClB2BGA9BFAjAjAyArAbAOAHAMASACACAAB1CyCJBsBHAfAjA1A1A2AmAgANATARAKAGAFAA
2907509,B4CLCRBtBdBOBDA2AqAkAbAWAQAPAKAHAEACABBoCJCLB5BgBUBEA6AtAkAeAbAQAUAKAIAJACAD
2907558,BzCJCEB0BRBCA4AzA3AjAdAYAPAaAXAOADAGABB5CFCSBlBSA9A5AzArAxAjAkAcAUATAOAMAFAD
2907608,B3CWCOB/BbBJA3AuAvAqAcAVAHASANAIAKABAAB+CSCPB+BaBCA5AyAyAgAgASAMAaASAEACACAA
2907707,CJCHCEB3BXA6AwAlAnAdAkAPAMAYAPARALAIABB/CQCNBwBOBIAvAsAwApAoAgAbAZAdAWAEACAE
2907806,B6B9ByBrBSBJA4AxAtAlAmAUAbAXAWAPAHABAEB8B+BzBxBXBHA+A4A1AvAqAhAdAbAUAPAFAIAB
2907905,CLCOCOBsBOA9AtArAoAkAdAZAXAUAMAGALACAACNCSCMB3BbBDA6A0AsAsAhAZAWAQAMAQAHAEAB
2908002,B0CICXCGBNA/A3AtAxAoAiAaAaAUAMAKAHACAABiCFCbB0BaBBA7A9AxAlAdAhAZAQALAKADAGAB
2908101,CMB9ChB0BDBKA3A2AuAsAgAaARAWARAGAIADAACACfB4BuBaA7A5AyA9AdAeAaATAUAQAIAFAAAA
2908200,BwCPCTB9BTBAA8AjApAeAcAZAOAYARAIACAEAHByCICNB7BYBEAuA/AsAoAsAYAfAVAQAVALADAB
2908309,BuCKCIB3BcBHA1AtAoAYAhAaAcAUATASAOADACBuCACCBgBUA/A4ApAwAoAmArAmAkAOAVAPAFAE
2908408,CACTCSB1BWA+A1ApAtApAgAaARAUASAKADABABB+CPCHB3BYBBA5AtAvAoAeAdAWASAQAKAFAGAC
2908507,BvCHCXB2BiBLA0AxAqAoAfATARAOAQAHACACABBpCJCMB2BgBKA/AwAyArAoAWAdAYAHAOAEAFAB
2908606,CRCiCZBtBOA5AwAtAmAiAbAaAWATAPALAHACACCQCVCDBgBJA+A0AsArAiAnAZAfAbARAJAOAFAB
2908705,B9CTCKBsBHA9AwAtAzAiArASAXAWARALAJACACB3CJCKBtBSBDA0A0AnAwAhAnAZAdAXAJAQAFAC
2908804,B3CNCGB8BCA3BQAyArAmAdAcAWAZAVAJABABAABzCFCLBjBKApBJA6BDAhAnAoAbAXAUAMAQAFAC
2908903,B/CQCiBqBaA7A0AoAqAhAhAUAWAXAOAIAGABABCACOCQBsBJA7A2AzA3AkAoAcAcAYANAQAMAEAD
2909000,CJCQCVBwBYA/A3AsArAbAdAbAVAeAQAHAFAEACCECLCEBoBSA8A5A7AlAiAhAgAJAlAaAJAIAGAB
2909109,B6CeCTB4BbA8BCA4AwApAkAYAYAMAIAGABAAAAB3CWCKBzBVBLA1AxArA4AeAVANAOAIAIADAAAB
2909208,CRCQCKCEBiBEA1AnAuAlAfATARAPANANAIABAACVCKCDBwBbA8A1A1AtAhAcAaAUAPAOAJACABAB
2909307,B8CYCKBrBcBGA6AwApAnAdAWAUASAOAJAGAEAAB+CMCOB2BLBFA7AxAsAqAdAhAeAPAOAMAFADAB
2909406,CQCwCWByBLA/A5AxAsAhAZAbAUAPAIAOAHABAACXCoCTBWBCA4A7AtAoAdAeAcAVATANAKAEAFAC
2909505,CLCpCOBhBQA1A6AqAlAfAsAPAWAWARALAJABAACMCiCbBeA2BBAxA4AnAcAiAmASASAXALATABAG
2909604,CBCVCLB7BPA9AxAtAwAqAgAYAVAVAXAMAFADAACCCSCMBwBLA4AtAwAxAoAiAZAYAXAXALAKADAA
2909703,CNClCRBpBOBHA3AuAsAeAlAXAUARAMAJAIABABCPCfCRBnBOBBA0AqApAlAcAbAYAQATAHAGAAAC
2909802,BwCLCFBzBdBIA9ArAnAbAeATATAQANAJAEADAABtCJCIB3BiBSBFA4AtAmAlAhAdAYAQAMAJADAB
2909901,CMCRCLBzBUBHA5AlAsAsAlAUASATAVALAKAFAEB9COCHBkBPA+AxAnAtAjAcAjAfASASAQAPAFAB
2910008,CTCvCcBpBIBAA5AzAsAnAgAVAbAMANAEANAAADCUCaCWBiBHBAA4AvAdAuAhASALANAFAQABADAC
2910057,CLCSCTBtBbBXBIA/A1AlAVAVAOALAAACADABAAB/CRCHBoBgBbBNA9AvAcAOAWAOALAEADADACAB
2910107,B9CKB6BzBVBQBGAzAsAnAiAXAZAZAOANAEACABB3CKB0BwBbBHA+AvAoAuAeAeAaARAZAJAFAGAC
2910206,BqCFCKBnBWA/A1AvAmAfAjAdAhAeAdAHAPAHADBqCMCFBsBLA9A1AtApAtAlAiAnAkAbAUAMABAA
2910305,B1CICRBdBDA/AxAwAwAfAcAnAnAaATARAIAEACBqCGCQBgA/BCA3A5AlAsAqAmAmAhAeATAIAEAF
2910404,CJCZCPB1BWBIA8A7AqAwArAVATARAKAEAEADAACCCTCPBnBQBMA6A0AvAZAdAUAVAJAGAEAIABAB
2910503,CECZCSB5BSA/A6AuArAeAcARAPAUARAHAFADACCGCUCNBvBjBGA3AvAqAkAfAYANAWAMANAJACAD
2910602,CFCUCVBrBOA/A1AuAtAkAUAhAVAbAMAKADAEABCBCSCNBpBTBEA8AwAsAhAkAVAWAPASATAHAMAD
2910701,CCCPCPB5BSA/AvAtAtApAfAYAZAaAPAKAEADAACDCLCLB3BPA+A0AxAtAuAhAeAPAXAQAMAIADAB
2910727,B/CTCPBrBYBLA/A1AxAfAbAVAOAPAMAIADACABB7CPCPB7BdBRBFA5AsAhAcAWAUAMAJAGAEACAB
2910750,CMCGB/B7BTBEAzAuAyAnAkAXAWAWAQANAHACAACKCFB+BvBTBFA4ArA0AtAjAZAVAXAUALACABAB
2910776,CLCQCVBxBjBJA8AuAwAZAmAUAXAUAIAGAEAAAACLCNCQB5BWBAAyAuAnAkAdAeASAcAKADABACAC
2910800,B1CDCCBvBeBPBDA1ArAjAbAVARANAIAFACABAAB0CBCCB7BuBeBMA8AzAnAeAZAUAPALAIAEACAC
2910859,CHCSCYBzBcA9AsAwAjAuAlARAQAVAPAMAJACAACBCaCSBzBTA8A0AqAqAmAlATASAaAQAJAFADAD
2910909,BwCVCaBoBIA6A4A0AuAjAnAcAiATARANALADAAB+CMB7B4BRA8BBArAgA1AiAlAZAQAPAQAIACAD
2911006,CJCcCVBvBIA/A5AvAvAgAXAjAkATAHAQAHAAAAB6CWCPBqBWBLA5AoArAoAkAXAUARALAGALAAAB
2911105,CkCnCSBwBIBDA5AyAtAiAaASAVASAHAFACABADCbCuCUBnBGA7AzAuAqAjAlALAUARAHAIADAAAA
2911204,CBCYCUBxBXBMA9AzAqAbAfAbASAMAJAHAEAAABCNCOChBjBPBPBGA2AuAgAXAYAOAPAKALADADAB
2911253,CgCwCIBZBVBGBKAyAfAiAUAYAOASALAIADAAADCnCXCIBwBFBEBLAsA/ARATAWASAKAKAJACACAA
2911303,BzCKCJB1BNBLBAA1ArAxAmArAXARAUALAHAEACBwCICBBgBMA5A6AzApA2ApAcAbARASAOAIAEAB
2911402,CFCSB+BsBRBOA0AvAuAiAcARANAVAVAPAJACABCFCQCKBqBfBCA2AxAsAlAaAgAbAdASALAHACAF
2911501,CNCuCfB0BKA5A5AtApAeAaAaAdATAMAUAEACAACNCiCLBYBLAzA3AvAtAkAfAhAcAQAIAHACACAD
2911600,CEClCVB1BKA7AxAoAlAfAXAYAUASAGAIAHACAGCHCfCRBxBRBEA3AzAjAlAfAdAXAUAVAQADAGAC
2911659,B4CKCABnBMBFA5AvArAqAiAdARAdAVANAFAEAAB0CNCBBlBXBBA9AsArAwAjAjAZAiAVAOAKAJAF
2911709,B6CCB4ByBiBVBAA1AvAoAeAWARAPAJAJAFACACB5CCCCB5ByBRBEA5AvAhAhASATASANAHAGAFAA
2911808,CPCiCWBzBMBCA2AyAsAtAgAcAdAPALAGADAAABCHCYCTBkBOBCAyAyAtAoAcAZAUANAFAFAHACAC
2911857,CPB8CIB+BcBHAxAsAuAoAgAYAYATARAMAGABACCBCJCDBzBXA9A4A2AnAqAhAdAcAOAWAIAFADAB
2911907,CQCeCXB1BEA5AuAqAmAhAfAXAUAZASALAIADABCICaCSBlBRA+AzAsA1AfAmAWAUAWAYAMAHABAC
2912004,B0B/B2BuBpBSA6A5AyApAkAaAUAdANAPAFADABBnCGB5BwBgBIA7A0AvAsAjAaAYATARANAKABAC
2912103,B6CMCSBrBYA9A7AvAnAlAgAhAdASAOAGAIAEABB4CQCNBwBFBFBBA2A0AoAfAiAWAPAMAQAJADAC
2912202,CYCPCABrBTBLBAAvAnAYASAhAUAVAMAPAKAAAACXCVB/BYBSBFA5A6AkAjAgAgAZATAZAFAMADAB
2912301,CVCbCRBvBWA/A2AqAxAqApAaAXAUAPAMAFABAABpB9CEB5BJBLAmA4AoAoAtAVAUAVAPANAJALAC
2912400,B5CMCFCBBvBWA3AuAuAkAhAVAXAPALAMAFADACB2CHCYBtBTBJA5AvArAmAdAUARAUANAHAHADAB
2912509,B7CKB+CBBQBGA1AfAlApAgAfAcAVAQAGALAEACB4B/CLBjBrA/A4AvAtAuAkAlAWAcAMATAKAEAC
2912608,CACpCYBxBQAoAuAvAoAwAUAWAfAXAMAOAEAAAACECVCYBkA/BLA9AqAxAkAnAZAVAQAPAPAOAGAB
2912707,CdChChByBMBGA8A0AqAbAVAdAWARAFAKADABABCQCnCbBiBLBDA8AsAmAZAcAUAOAMALAIAGABAA
2912806,B9B+CIBvBWBLBDAvAuAgAnAmAaASARATAHACABByCKCLBmBHBJArA8AwAhAtAcAaAVALAPAJACAD
2912905,CCCbCbBuBHBIA/AyAmAjAdAbAYANAIALAKAAAACNCeCUBnBNBDA/A0ApAiAfAYASATAJAKADABAB
2913002,BwCHCFB6BZA/A5AuAsAmAjAVAaAWARAJAMAAABBmB3CFBxBhBQA3A0ApArAlAhAdAZAUAUAMADAE
2913101,CBCPCACBBTBNA9A2AtAwApARATAXAJAMAEAAAAB7COCHBsBYBMA6AtApAtAeAYAUAJAVAJACAAAB
2913200,CHCbCOB8BTBDA4AwApAkAgAYASAPAWAHAHABAAB9CdCOBqBLA/A8AxArAhAfAcAXAWAPAIAFAEAB
2913309,CBCGB/BYBtBTBSAqAvAfAaAjAKAZAQAMAIAAAAByCCCGBxBnBTA8A0ASArAfAfAYAUARANAGADAA
2913408,CCCACHBrBfBGA8AzAwAuAkARATAbATAQACABAAB8CKB/BnBYBOBCAyAoAiAcAfARAXAZAOAEADAA
2913457,CoCuCZByBaBNA+AxAyAdAaAXAQAJAKAFABABABCvCeCFBWBLBAA8AtAmAZAZANAKAHALAFAHACAB
2913507,CECPCVB3BSBAA8AqAnAiAgAnAdATAaALADAIAAB5CLCHBlBKA+A0AuAoAoAcApAkAVAQAIAEADAC
2913606,B6CUCLB0BeBTBGAzAtAjAiAUASAMAJAGAEACABB2CKCIBvBdBQBIA4AvAjAdAXASAMAJAHADABAC
2913705,CJCNCPB0BTA4A0AvAxAbAhAUAWAfASALAIADACB+CNCHBuBOA9AyAvAuAmAlAdAcAQAZASAKAHAB
2913804,CACUCTB6BDA5AwAgAnAlAlAXAdARAZALAFAAACCECRCRBuBPA6AxA4AvAjAwAbASAkAXAHADAFAE
2913903,B3CQCUBsBOBGBCA1ApAfAcAcAbAQANALAEADAABuCNCQBtBUBNBBA5AsAjAnAYAcASANAJAFACAD
2914000,CGCaCTByBVA6AyArAnAlAfAUAXARAMANAIAEABCFCUCSB3BPA/A0AxAsAnAeAcAQAXATALAJACAB
2914109,BwCQBzBtBSA2BCA2AxArAuAaAmATAWAVAJAAAABsB9CDBeBCBGA8A0AsAxAiApAjAcARARAJAJAB
2914208,B4CaCRB2BUA9A7AwAmAmAkAYAaAiAVAJALAHAABzCNCBBiBEA1AwAuAsAnAiAjAeAcAaAMAIAJAE
2914307,CzCWCaBzBWA3AsAkAuAgAYAUAUAWARAGAFADABCNCNCEB0BYBDAyAuAqAlAaAUAUATAOAFAOADAC
2914406,CKCQCFBrBaA5A6AxAmAqAhAUAZAXANANAEAFABCKCNCKBkBKBNA4AwAqAhAYAlAdATASAWAGACAC
2914505,CGCbCXB3BPA4AwAoAjAiAdAZAXAPASALAFAEABCHCPCMBpBSA6AyAtAyAhAmAdAdAaAUAMANAEAG
2914604,CBCLCEB6BcBPBAAxAvAgAaARAQALAKAGADABAAB8CICICHBtBZBGA1AqAmAbASAOAKAIAGAFACAB
2914653,CNCfCWBwBXBLBEA2AqAZAZAXAVAbAFAJAAAAAACFCXCQBsBKBJA2AxAqAlAYAdASASAJAKACACAA
2914703,B4CSCPB0BNA1A2AsArAmAZAZAWAUARAMAGABABCBCUCTByBRBOA7AwAvAjAfAfAeAUAQAMAHADAC
2914802,BvB/B/BsBZBOBFA3AvAjAcAYARARAKAHAEACABBuB+CHB9BlBYBMA+AxAoAgAdAXASAMAJAEAEAB
2914901,CeCtCSBrBaA/BCA0AyAhAhAfAWAQAOAKABACAACeCOCLBXBLBHA3AtAoAiAZATASAKAJACACAFAB
2915007,CHChCfCEBGA2AtAmAoAfAUAaAUAYAWAHAOADAACNCWCRBxBKA3AyAoAsAlAhAcAVAbAOAPAHAEAD
2915106,CDCaCnB5BFA/A6AsAqAbAdAYAZAWAPAJAFADACCJCeCTBXBIA6A+A4AkArAgAbAbAMAOAKAGAGAC
2915205,CCCZCfB7BSBKA7A2AsAbAuARAdAQAPAGACABAACNCcCRBaBIA6A5AzAkA7AWAYATAQAIAFADACAB
2915304,CCCUCTB2BSA2AyAzArArAnAaASAWAUAPAHACAAB7CSCTBnBGBHA2AzA0AdAZAhAZAWAOAGAHACAB
2915353,CaCgCYB5BdBCA+AvAuAkAaASAPATAMAFABACABCeCZCOBxBUA9A6ArAmAdAZAQAOALAJADACABAB
2915403,CNCKCcCDBUBFA+AyAvAjAoAQASAJALAFAMAEACCBCWCWBwBRA7A7AwAzAfAVAVARAKAPAGAIACAA
2915502,B9CQCLBvBbBKBCAwAtAiAiAcAcARAEANAHAGABB9CBCOBvBbBOA8AyAnAeAkAWAaALANANAGACAA
2915601,CJCaCUBuBSBKA7AzApAkAfAVAUAPAMAJADABABCBCUCUB2BTBIA9A0AuAiAdAXAUALAIAIADABAB
2915700,CICdCaBuBVBIBGA1AyAiAdAaAdAUANAIAFABAACHCbCEBfBHBIA3A0AlAnAeAVASAOAJAGAFAEAB
2915809,BzCPCUCLBQA9AxAvAsAgAmAZAfAOAQAKAGACACCGCNCNBkBPA+A1A4AqAwAlAcAcAQALAGAIADAE
2915908,CoCrCMBmBdA6A+AoAkAiAXAZAbAOAaAIAEACAACkCiCSBrBEBAArAqAgAbAXAjAKATALAHAFAAAB
2916005,B9CLCLBxBQBFA6AzAtAvArAeAaATAQALAHAAACBzCHCABqBVBDA6A2AtAuAiAgAfAQAPAGADACAC
2916104,B2CQCPB4BiBNA/AvAmAXAjAUAPATAKAEAJAAAABwCLCQBrBiBRBFA3AoApAcAdAYASALAOAHAAAA
2916203,CNCWCCBwBVBEA/A4AgAhAgAWAYAPAVAFADAGAACPCYCKB1BWBGA+AoAqAdAlAUAfAIAJAKAEAEAA
2916302,CUCkCeB2BPBIA8AxAvAcAaAeAOAVAMADAIAEADCTCTCVBaBHBEA7AxAmAYAgASARAPAYACADACAB
2916401,BpCBCKBzBYBIA9AvAvApAhAaAbAPAOAJACAEACBsCCCJB7BdBNBAA7A0AqAoAaAUASARAKAFADAB
2916500,CBCSCTBvBWBEAtAiAyAlAtAZAYAYAVAIAMABAAB0CSCRBqBKA1A2AyAsAnAmAWAbAjALALAMACAC
2916609,CACcCVB6BSBCBGAoAvAsAaAKAbAZAMALAFAFAACACTCKBjBKBIAwAyAsAeArAfAWAMAPAJAFAIAC
2916708,CECYCUBzBIBAA2ArArAjAWAiAgAYAQAZAHAEAACJCTCCBOBDBAA3A9AmAnAsAYAoANAIAUAHAGAD
2916807,B2CWCQB4BXBGA+AtAxAsAZAjAaAUALAJAEAEABBmCHCLBvBZBBA/AyA2AfAdAeAWALAXAHAIADAC
2916856,CGCUCZBsBPA+A5AsAhAkAiAVAQATAUAOAIACABCMCQCLBrBVBCA3AtAyAoAkAWAQATAPASAIACAE
2916906,B+CbCCBqBRBDA7AwApAcAdAgAYAaAPALAGADACCACQCJBhBKBGA+AzApAmAkAjAeAXAXAKAEAGAC
2917003,CNCTCLB5BOA/AyAsArAjAhAWAWARATANAJADABCPCWCJBsBLA7AzArAqArAmAVAYAWASAQAFAFAC
2917102,B3CWCXB5BFA4A4A0ArAiAjAcAfASAVAJAJACABByCNCXBlBIBFA+AwApAsAoAeAZAUANALAIAEAA
2917201,CECHCDBkBQA+A+AxA0AmAdAaAYANAJARAKABAAB/COCFBoBXBKA9AzAqAnAfAeAVAfAYAQAOABAC
2917300,CICWCUBwBgBNA5AzAjAmAdAXANALAMAJAHABAAB9CUCPBuBYBIBCA2A0AeAdAXAKASAKAHAHADAA
2917334,CaCiCKB5BkBOA8AuAqAcAaAcASAJAIADABABAACVCTCHB0BeBHA6AxAlAXAdASAPAKAKAIAFADAB
2917359,CICnCXB6BhA2BEAxAxAiAcAVAOALAHAEAFADAACHCWCYBkBFBPA8AyAtAmAZATATANAGANAHABAA
2917409,BwCFCBBuBoBMA8A0AmAmAhAUAbAdANARAHADABBtB+B/BtBMBGA+AwAzAhAxAaAeATAcAOASADAB
2917508,B5CFCEByBXBGA9AuAxAmAhATAUASANAHAFADABB5CHCLB/BgBMA9A5AvApAjAXAYAPAMAJAGAEAB
2917607,CBCLCKBzBVBCA7AyAtAgAZAcAXASASAGAGACAAB+CSCMBmBVBJA/A2AsAhAiAbAZAZAPAMAKABAD
2917706,B7CKCHB7BUBFA9AvAyAvAeAWAWAVAKAMAEAFABB2CGCIBxBXBIA7A8AtAoAcAcAPAXAMALAFAIAD
2917805,CPCSCQCIBhBCA6AxAmAkAbAPAbAPAPAFACABABCUCTB/BqBYBDA3AzAkAkAcAXAUATAHAKAHABAE
2917904,CTCdCeCCBWBBAuAuArAVAZAYAZASAWANACAEAACICdCXBWA+A+AwArAvAZAoAWARAdAZAMAFABAA
2918001,BwCACDByBZBJA/A1AuAeAfAYAXARANAKAHACABBuB+CJB2BgBNBGA6AyArAcAhAaAVAOAMAHADAC
2918100,CQCXCKB3BZBBAxAuAqAnAaAXAVATAOALAEAFAACHCNCFBuBbBEA2AuAtAsAdAYATAUAQAIAIAEAC
2918209,CKCdCSBlBRBKA3AsAmAhAdAaAXAbAPAMAIADABCGCYCPBlBMA+A2AxAnApAZAjAZAVALAKAFADAB
2918308,B7CYChB3BLBFA1A0AqApAZAgAVAbALAHADACABB5CUCSB4BOBAA6A3ArAmAgAZAWATABAHAGABAB
2918357,CHCXCmB4BeA+A4A1AoArAUARARAPAJAGAEAAABCDCcCOCBBLBLA/AqAuAZAYAaAOAJARAFAKAAAB
2918407,B6B+B8B5BrBWBEAzArAkAfATAQAPAJAGADABABB7B9CEB5BmBXBEA3AxAmAgAVASAQAMAJAHACAB
2918456,CWCqChB+BLA4AzA2AsAmAcAdAXAYALABAJAEAACPClCKBbBGBDAxAyArAbAeAVAcAOAJABADAAAB
2918506,CPCvCiBzBQA9AsAyAtAmAdAQATAXAQACABABACCQCSCIB6BRBJAwA5AvAfAZASAUAQAGAEADAAAC
2918555,CRCaCMCMBQBIBFAoAyAgAiAbAZAUAOALADAEABB/CQCMBbBGA/A9AwApAlApAPAdANAIAEADACAB
2918605,BfB3B4BkBlBLBDA9ArAkAcAXAcAgAUANAHABABBaB0B3BuBpBSBAAxApAoAoAmAkAgAWASAQAGAG
2918704,B8CYCKBsBPBLBAA2AtAfA4AOAdANAdAKACADAAB8CbB/BdBEAyA5A2AoAkAnAXAcAiAXAIAEAIAA
2918753,CHCaCKB0BfBIA2AyAvAgAfAZAWARARAMAKACABCDCDB+BwBUBAAxApAtAhAXAkAZAYAVAOAGABAE
2918803,CKCYCRBzBNBLA1AxApAlAZAbAdAUAKAJAIADAAB+CVCGBoBXBBBAAsAeAZAkAqAXATAQAMAGAEAB
2918902,CCB3CGBtBeBSBEA0AvAqAxAcAbARAbALAJAAAABoB6B1BdBaA+A2BLAoArAlAfAkAUAKAOAGAAAA
2919009,B5CWCWB9BXBTA2A2AxApAdAWATASAQAJAKACAAB4CQCAB0BRBCApA0A1AcAmAeAcAIAPAKABAEAA
2919058,B6BuCGCWCBBRA8AiAqAgAgAlAbAVAMAKACAAACBvCKB4BkBfBLAwAgAxAbAtAeAhAbALANAFAEAA
2919108,CJCaCVB2BWAyAqAeAnAoAkAUAZAeASAPADAEABCDCVCPBwBMAyAsAsAvAsAkAYAbAXAXAQAHAGAC
2919157,CICRCOCCBfBNA9AxAvAiAdASAKANARAKAEAAAACBCMCLBqBXBLA2AzAuAkAdAVAbARALAFAEADAC
2919207,B8CPCNBuBfBSBGA/A9AfAYARAOAHAEAEABABAAB5CNCMBwBhBSBQBGAxAiAZASANAJAGAGAFABAB
2919306,CcCbCEBwBRBCA5AqApAkAWAMAOAaAUALAEADABCSCgCOBfBMBJA3ApAnAYAoAXAXAWAUARAGAEAB
2919405,B/CICGBxBWBMA+AuA2AmAjAXAYAUAQALAIAAABBxCICDBmBUBDBCA4AkAmAsAUAWASAeARAFACAA
2919504,B/CPCFBtBaBDA7A5ArAqAgAYAcAQALAJAHAGAAB6CECBBzBaBGA6AqAtAnAaAiAVATARATALAEAE
2919603,CQCeCSB7A9A4A2AmAnAdAcAaAdASAXAKAJADAACECbCMBiBBBBAxAuArAlAbAjAVAYAbASALAFAG
2919702,B+CWCIB+BPBDA3AxAtAiAhAgAdANAFAQAMAEAAB4CJCDBhBTBMA/AvAwAgAnAaAZAQAVAMAKADAF
2919801,BwCUB/B2BQBAA3A1AqArAjAUASARASAPAIAEADB4CPCIBnBfBEA/AvApAuAXAkAYAcASAPAHAEAB
2919900,B2CCCFBzBlBBAtAbAcArAgAYAWAaANAPAMAMAFB8B/CKByBKBEAxAuA6ApAnAkAdAcARAdAJACAG
2919926,B1B8CAB3ByBXBPA8AxAjAXAeAOAQALAGACACABBnByCCBuBtBhBFA8AvAoAgASASAQAKAHABACAC
2919959,B3COCGByBeBAA4AsAxAoAnAcAbAVALAOADADABBzCQCIBsBJA+A1AyAwApAsAaAbAWASAUAEACAD
2920007,B4CLCYCBBcBGBAA2AqAjAhAdATAXANAHAGADAEBzB/CLB2BPA2A5A3A1AsAhARAgAUANACAEADAB
2920106,CCCQCQBqBJA9AzAlAsAwAWAWANAdAWALALACAEB/CHCPBwBJBBA4A7AyAdAfApAaAdAaANAGADAA
2920205,CtCgCKB2BeBKA3ApAcArAZAYAZALAFACAFACAACkCmCKBqBTBDA0AqAqAjAbATAHAMAHAJAEAAAA
2920304,BzCaCKCEBfA0BAAtAuArAnAZAeAPAOAXABACAABoCGCABcBQBRAxA2AuAqAqAUAUATAWATALADAB
2920403,B7CXCYB2BSA3A5AwAnAnAeAZAXAUAPAKAHACACCFCUCQB0BWA/A2AxAzAhAlARAYAMAQAIAHAFAA
2920452,CXCxCbB7BMBDA2AnAqAnAaAVARAYANAHAJABAACSCiCPB0A3AzAyAoAmAgAgAXAUAWALAFALABAA
2920502,B6CRCSB2BUBIA9A4AuAlAbAYATARAMANAFAAABB5CMCHBqBYBJA/A1AuAfAbAZAXAZAUAJAFADAB
2920601,B5CVCUB/BTA9A0AqAtAgAhAaAZAbAOAJAGACABBwCICKBuBRA+A1A0AoAqAmAiAdAbAUASAFADAB
2920700,CeCpCNB+BeBFA5AuAhAlAmAWAYAVASAIABABADChCWCeBVBOBCA3AnAbAdAdASARAHAIAGAAABAB
2920809,CWCVCJCeBlA4AuAnApAjAiAdAZARAPAEAGAAABCACYCoBfBCA1AqAgAsAzAhAbARANAMAOAEADAC
2920908,CECnCeBwBMA8A2AzAuAmAiAcAVASARALAHABACCSChCYBYBGA/A7AqAnAsAcASAOANAKAJAHAAAE
2921005,B8CUCZBxBgBCA+AvAsAlAUAfASAQALAJAGADAABxCLCPB0BYBLA7A2ApAnAaAeAZASAEAMAIADAC
2921054,CKCPCLBuBqBPA6AyAvAfAaAbAVAOAIAIAFACAACNCMB8BqBYBDA6AtAlAoAhAVAQASAUAMAJAEAH
2921104,B7CBB/B/BTBPA6AqAuAoAlAkAXAUAKAQAIACACB3CECABoBXBFA6A5AvAqAgAjAWAVAMAOAIADAB
2921203,B+CKCNB2BSBDA3AvAhAuAgAWAVAcAOAOAHABAEB/COCDBmBPA9A3AzAvAtAkAeAfAXAQAUAEACAB
2921302,ByCLCOB/BYA5AvAoAwAiAeAaAaAVATAKAHAIABByCICPBwBVA9AtA2AxAlAdAlAcAbAaASAEAMAB
2921401,CHCZCNBxBSA5AyAvAuAnAcAXAYASANAFALABAACJCfCTBqBMA3A5AtAvAtAdAkAUASASALADAFAA
2921450,B3CICpB6BXBAA1AyAqAiAiAYAOAZAVANAHAFAABxCRCEB6BPA8AxAxAyAvAZAgAPAVAZAFAIADAC
2921500,CECNCJB3BTA/AxAqAtAqAnAWAUAaATAPAHACABCKCGCIBxBQBAA2AtAoAtAdAZAXAbASALAGAGAB
2921609,B1ChCUB0A9A3A/AyAoArAiAfAjAWATAMAJAIADB3CdCDBVA3A+A1AwArApAjAlAXAdAYAUAEAGAC
2921708,CRCSCJByBXBCA+AuAsAfAeAYARAXAMAJAEACABCLCUCPBuBOBFA1AvAqAiAbAbATAVAOALAKACAC
2921807,B3CMCLByBRA+A2AuAsApAhAbAgAPASAJAEACADBxCLCKBvBQBGA4A3AyAkAsAZAaAUASAPAOAHAB
2921906,B3CMB1BqBeBFA4AoAxAnAeAVAUAkAOAOAHABAAB+CCCBB3BeBCA5A1A8ArAaAhAdAQAUALANAEAA
2922003,CLCXCRBsBgBQBCBBAkAiAlAbAZAOAGAKAEAAABCLCVCBBwBUBOA9AxAgAeAlATAKALAHAGADAAAC
2922052,CFCcCJB9BcBFA8AqAwAgAVAUARAQAMAIABABABCQCRCJBvBfBNA4AuAzAkAbAXAZAMANAJAEAAAA
2922102,B7CICPCEBSBIAvAlAxAfAZAaAVAQAOAJAGAGABByCYCMCDBcA3BBAuAvAiAnAcAWAWAKAMAFAFAC
2922201,BuCUCZCBBaBLA1AyApAjAjARAYAZAVAIADAAAEB0CLCJBrBFA9A2AoArAjAnAvAWAdARAOABAEAD
2922250,CdCtCOBxBXA+AwA5ArAtAiAWASAUAMAHACADAACbCoCUBNBNBBA2AcAtAfAgAVAPAFAPAGAHAFAB
2922300,BwCPCMB2BVBEA4AsAlAdAZAZAUATASAJAGABAABvCLCHBzBdBHA/AwAwAlArAdAdAbAbAOAIAGAB
2922409,CLCOCMBhBTBEA9AuAmAjAgAaAZATATAJAMAAAABwCUCLB2BUBBA9A2AsAcAnAcAeAWAPAPAHACAB
2922508,BoCGCHByBgBOA3AtAnAdAhAbAXAZAMALADACABB3CICLBxBVBEA+A2AqAtApAkAeASAQAOAEAGAE
2922607,CUCfCTByBaBEBAA0AoAjAhASAYANAMAKAEADAACWCaCKBaBUBGA3AtAsAlAaAXATALAJAFADADAC
2922656,CSCZCYB4BNA4A0AlAsAoAeAiAYAaANAOAHAIABCHCQCQBlBEA3ArAqAqAoAdAcAVAaARAPAIAGAD
2922706,B2CHCDB7BVBSA/AuAuAuAqAbAdAWAUAKAJACADB8B1B2BjBZBJA4AmAsAhAnAfAdAYAPAQAFAGAC
2922730,CQCBB4BdBRBCBHAzAsAkAXAVAQAaAYAQAIACAACGCICJBdBvBMBRAuAwAfAXAZAPATAYASAIACAB
2922755,CECOCaB+BvBHBCAwAnAeAfAbAXAOAJAGABADAACICrCaBsBEBAA2AwAmAYAYAQAZANAIAKACABAB
2922805,CICaCKB8BKBAA1AsAnAcAVAdAYAQAgAWAAACAACVCYCRBPBKBAAqAzAqAdApAdAcAgAWALAFADAC
2922854,CVCiCfB1BNA0AxAsAlAlAcAPARARAXAGACABACCbCqCZB1BJA6AwApAuAcAeAXAQALAJAQAKACAB
2922904,B+CQCRCBBPA9A0AmAxAjAgAVAZAWAVALADAAAAB1CPCTBwBTA/A8A0AtAqAkAXAVAYAPAOAGACAC
2923001,CSCTCKByBYBPBCA1AjAeAiATARAKASALAFADABCPCRCHBiBaBKA5A4AtAiAjAQAPAHAQAJAEAFAD
2923035,ByB/CgB6BVA5A7AxAuApAdAUASAXALASAKACADCECSB9BaBlBDA4AxAvAkAhAcAbAVAQASAFAEAE
2923050,B/CbCeB2BLAqA8AvA+AjAlAcAKAOANAEAEAAAACCCZCKBsA3BIBMA4A2AlAsASARAVARAGAHAAAF
2923100,CICTCMB+BVBAAwAsAqAgAgAWAVATASAGANABABCECNCMBsBVBAA5AvAqArAmAaAYAQATANAEADAF
2923209,CJCTCOB0A9BAA1AnAsArAlAbAeASAPAUALAFACCCCSCCBiBOA0AxAmAqA3AkAgAaAYAQAXAIADAD
2923308,CJCjCTBvBNBDAzAnAiAaAcAcARAkAQAYAMABABCSCOB4BMBEA/AzAnA2AcAiAkAnAoAJAUALAAAK
2923357,CYClCkB5BRA/A3ArAqAxATAWAOATAKAHADABAACHCeCbB4BQA5AxAxAsAVAlAJALASALAGAFABAD
2923407,CUCWCDByBbBTA+A0AyAbAgAbAOAKAIAJAFACAACRCUCMBlBXBLA/AuApAlAYASAWAMANAGAFACAB
2923506,B9CKB7BxBMBBAyArAtArAhAQAiAYARAOAHADACCNCPCEBaBQA7AvAzBAAgAaAyAgATAZAWAIAGAB
2923605,B5CJB/BmBZBLA3AxA1AnAcAdAUAZAXALAIADAABrB+CEBzBcBHA7AxApArAlAZAbAbAZAMAKAFAC
2923704,CjCkCSBtBLA9A0ApAoAjAaAVAeAMAJANAFACAACTCeCPBpBFA7AzAsApAmAeAZAXARAOANALAGAA
2923803,CHB1B5BvBZBFA0ArAvAkAiAXAcAUAbAOAIADACCEBxB8ByBWBEA3A1AtAsApAeAcAhAZAOAHAGAA
2923902,CHCjCnB5BNBIA2AwArAzAYAUAbARAMAHABAAABCNCVCTB2BNA2A+ArApAYAfAZANARAJAFADACAA
2924009,BwB4CEB8BhBLA4AzAxAmAhAWAUAPAJAGADACABBwB7CHCDBpBSBBA7A1AsAkAZAVATALAEAFADAC
2924058,CECLCPCDBeA9BBAqAdApAfAdAZARAPAFAGACABB6CVCNB3BcBCA+AxArAgAhAbASASANAGADACAA
2924108,B1CRCdBvBRA9AmAkAdAyAmAcAXAjAcACARAFADB4CHB7BkBHA2ArAvAiAsAjAtAwAdATAcAOAGAC
2924207,CKCdCWB8BkBEA0AjApAjAfAZATAKAJALADAAADCZCTCNB4BbBDA2AoAoAdAdASAQARAMAHAFABAC
2924306,B/CJCHBoBIA3A0AvA3AbAfAXAZAUASAKANAFABB6CLCGBvBPBCA2A3AkAyArAeAaAhASASAXACAB
2924405,CeCjCQB/BGA4A0ArAkAlAcAWASAUAKAKAEAAAACZClCcBoBLA4AvAnAxAmAgAXAUARANAIAGACAA
2924504,CKCLCOBxBSBUA9A0AoAfAcAZAaARAOARAFAAACB9CKCJBzBkA5A5AuAuAjAaAcAQAPAYAJADAFAC
2924603,CDCVCUCgBHA+AqAsAwArAeATAPAUATAKACABAACGCVCVBnBbAzA3AxAyAmAcAbAQAZALACAFABAA
2924652,B9CHCQB9BaBDAuAoAxAlAhAQAZARARALALAAAAB5CGCNB7BcA8A3AwAzAmAhAZASAXAQAQAGAEAF
2924678,CQC1CVBbBUBRBRA4AsAhAUAcARAMAMAHACACAACTC1CHBYBSBOBFAuAgAYAWANAQAKAGAGABABAA
2924702,B4CbCOBuBVBLBBAqAsAjAdAbATAYAQAIAFABAAB1CMCIBnBcBLBCAwAuAkAjAUAYAbAOAKAHABAC
2924801,B6CXCUB6BYA8AyArAyAhAhASAZATASAJAEABAACACbCOBvBIA9A1AzAyAtAqATAXASAVAMADABAB
2924900,CECKCWB7BOA/BEAzApAiAiAVAgAWAVANAEACACB7CHCCBuBEBFAxAxArAoAbAjAdAZATAOAFAAAA
2925006,B5CVCQB1BPBEA6AuAmAkAmAXAVAZANAPADAAABCGCRCJBgBUBHA5A2AxAqApAYAhAMAPAHADACAA
2925105,B7CNCJByBOBFA2AtAmAmAfAdAbAXAPALAFAEABB1CKCJBzBSBAA/A4AzAqAiAgAZAVANAPAIADAA
2925204,B/COCKBzBkBVBBAyAlAhAeATAUALAFAJACABAABsCJCLB/BqBTBBA1AxAfAXAeASANAHAGALADAC
2925253,CJCXCUCFBYBCA1ApAwAoAmAQANAQASAIADACAACSCRCVBrBFBPAoAtArAqAbAZAUAUAJAJAFADAA
2925303,CKCOCMBwBoBZBNA1A2AfAbAPAWAIACAHACABAACHCFCIB4BhBTBCA9AkAfASAXAPAIAGAGAAACAC
2925402,CcCSCSBzBWBGAuAwAnAfAaAhATAVAQAMAGABADCNCQCQBqBeBCBCAgAmAkAYAaAUAMAGAMAIACAE
2925501,CVCdCUB7BPBCA7AxArApAkATAPAUAFAGADABABCNCgCSBjBSBGA7AwAqAfAeAUAQASAHADAEADAB
2925600,B5CECWB5BdBKA6AyA0AsAgAXAZAQALAHAFADAAByCOCJB9BUBJA9AvAlAzAdAeASAKAJAEAIADAB
2925709,BxCMCTCCBcBDApAvA0AnAiAbAXAUARALADAGABBsCMCTB4BLA5A6AzApAsAfAcAcAVAQAMAIAFAD
2925758,CgCrCcBzBPBCA7AxAoAYAjASAaAOALAHAHAAAACVCqCSBUBIA+A0AvArAaAdAQAUANANANADACAB
2925808,B5CICQB9BZBFAyAsArAlAhAYAaARALAMAEADABBsCLCHCEBnBEA1ArAyA4AfAWAOARAQANAFADAF
2925907,CQCTCRB5BWBCA2ApAxAlAkAWAXAYANARAFACABCJCRCHBkBMA7AxAxArAnAeAaATARATALAJACAC
2925931,CHCRCSB7BVBFA4AoAwAlAkAVAUASAPAKAFABABB/CZCPBvBXBFAzAxAxAkAmAQAVANAMAMACABAB
2925956,CGCaCfB8BCAoA3AuAnAaAaAbAfAYANAJAEABABCBCZCUBpBOBIA6AyAgAvAmAYAeATAKALAJAEAD
2926004,B5CRCSCEBUBGA4AoAwAoAUAYASAQAMAIAFAFAAB2CLCUB7BXBGA4A4AxAnAiAUAZARANAKADACAB
2926103,B5CWCGBzBYBEA1AoAwAxAgAXAQAUAVAKAEACACB7CQCXB3BOBEA7A0AxAlAaAdAXAUALAKABADAD
2926202,CiCaCKCEBHBKAxA2AeApAlAXAWARAPAEAGADAACUCzB5BuBEA5A9AmAlAsAbAWAPATAIAKADACAB
2926301,BzCHCGCDBcBGA5AoAoApAoAWAUAVAPAGAFADACBtCBCDCCBnBMAtApA8ApAoAaASAZAUAJAFADAC
2926400,CCCNCEBvBgBLA9AsAqAmAhAbAWASAMAOAHADAACECDCBBtBXBGA9AuAvAnAnAXAbAUAMALAGAFAC
2926509,CTCVCYBrBYA9AxAkAsAoAfAWAQAbAOARATADAACKCJCHBrBTA7A2AsAnAhAcAeATAYAWASADAFAD
2926608,CKCFCCB2BSBAA1AvAtAmAeAZAYARAPALAHAEAACDCFCIB2BVBIA3A2AxAqAfAeAXASASAJAHADAD
2926657,CUCiCOB+BTA4A7A1AxArAiAaAaARALAJACADAACeCXB/BiBLA7A0AsA2AjAXAVAWALANAFABAAAB
2926707,BwCGB5BnBGBGA7AyAlA2AkAXAUAaAXAMAHAHAABqCCB8BrBgA+BEA0AvAtArAeAgAcAWAMAVAGAD
2926806,B9CJCGBpBVBLA6AwAtAjApAWAaAYAOAJAGACABB+CMCIB3BYBJA1AwAtArAfAbAWASAMARAIACAB
2926905,CCCOCMBmBFA1A1A0AoAnAeAbAZAUALARAGAFABB1CJCPBzBPA/A5A1A2AnAjAjAdAaAQAOARAGAB
2927002,CQCVCVBuBUBAA3AuAnAiAbAXAXAUAPALAGADAACNCWCHBeBcBHA0AxApAgAfAfAYAVAQAJACAEAC
2927101,B5CFB3BwBiBXAyAtA7AiAfAjAHARARANABACAAB2BzCGBxBiBKA2AxA0A4AkAiAZAcAMARACACAA
2927200,B8CRCPB7BIA5AzAtAoAgAhAXAaAcATAMAHADABB1CLCEBqBQBAA5A0AuAtAlAgAcAfAWAQAIADAB
2927309,CCCeCbB7BPA+A2AnAsAYAXAXAfAJASAOACACAAB7CSCMBtBWA/A7AwAiAlAkAZAhAWASANAPADAA
2927408,BkB3B4BkBhBaBPA/AyAiAcAUAPALAHAEACABAABfB1B7B0BxBpBbBJA4ApAiAbAXARALAIAFACAB
2927507,B0CNCWB3BXA2A0AoAsAkAiATAVAXAZANAJAEAABsCJCOBtBOBFA0A3AqAkApAkAaAlAJARAMAFAD
2927606,CaCPCMBsBOBDA1AsAfAkAdAaAUAaAQANAHABABCfCYCEBrBPBGAxAlAiAkApAUANAaAXAPAJACAD
2927705,CYCQCAB5BeBiBHA3AjAtAgAVAXAHAIAJAEAAAACOCMB/BrBeBYA7A5ApAmAQAPAGAIAEAHAAABAC
2927804,B9CnCjByBEA7A5AoAsAnAiAbAcARARANACAJACCDCLCWBkBDA8A8A4ApAgAqAaAVAIAOALAMACAA
2927903,B6COCMBoBJA6AvAtAnAfAQAYAeAVAfATAMABABB6CSCNBRBIA9A8A4AtAlA4AhAlAZAbAWARAEAD
2928000,CFCVCNCDBXBFA7AxAuAfAdATATAUAHALAFACAACGCRCTB1BUBFA0AsApAoAaAaANAVAIAJAHAGAD
2928059,CWClCYB3BKBNA/AvAoAkAgAgAcARAKAMADADAACSCTCTBaBMA/A1AwAuAbAdAUASAOAKAFACACAA
2928109,CQCaCJB5BRBGAwAsAxAiAYAdAVASAIAIAFAAABCMCbCPBoBSBFBFAvAjAlAdAeARAPAMALAJABAB
2928208,B/CPCQBuBRBGA8A2AuApAaAhAQAaAMAPAHAEAAB1CMCJBwBOA/A5AxAtArAbAmAZARAQAKAMADAA
2928307,BzCVCaB+BAAuAlAkAyAiAhAbAcAYASALAKAHABB+CGCQBsBMA2AzArAvAmAjAqAoAaAbAPATABAB
2928406,CVCmCKByBRBDA+AwAvAoAgASAVANAMAJACABAACJChCFBsBGBDA2AvAhAoAdAbAgANAMAHAFAEAA
2928505,B/COCWB2BVAyAwAoAcAkAeAiAlATASAYALAAADB9CLCKBcBFA7ArAmAwAmAeA0AjAgAWATAMAGAD
2928604,BsCMCQB1BYBMA+AtAvAjAeAZAVASALALAEACABBsCHCLByBcBLA/A+AsAmAgAeAcATARAJAGAEAB
2928703,BuCBCBBuBcBJA+AyAuAhAYAYAUAQAMAKAGACABBrB/CEB8BqBbBMA5ArAjAnAXAdARAUAMAIACAB
2928802,CFCXCOB2BIA7AwArAkAiAdAYASAPARAOADACABCFCUCRB0BZBAA7A0AxAnAkAcAaAYASAHAHABAB
2928901,CgCmCJBvBSBPA6AwAnAdAUAdAWAKAWAFACACAACaCjCMBiBTBAA3AsAjAeAiARAVANAQAHAEABAB
2928950,B3CPCSB4BYBAA1AwA/AoAeAVAaATASAHABADABB9CNCGBwBfBEA9AyAuAtAZAbAOATAIANAGADAA
2929008,BzCUCPB0BQBLA6AuApAfAfAUAZAXALANAFABACBtCFCKB1BXBGBBA2AjAqAdAbAkAUAPATAOAHAA
2929057,COCcCQB2BZBKA4ArAtAiAYAaASAOAIAPAFACAACHCVCLB4BVBFA5A5AqAiAXAZARAJARAGABACAA
2929107,BxCUCbB0BVA/A6AsAlAnAnAXAZAYAUAPAKACACBnCJCHBkBJA9A1AyAlAqAeArAiAjAOAUAJACAB
2929206,B6CXCfB1BgBKA9AyAnAeAcAbAPAPAKAIACACABB2CSCMB2BbBPA+A2ArAmAaAUAUAOAKAEAEAHAA
2929255,CICiCeCBBYBGA9AtArAlAZAXAQAIANAGAJACAACQCcCQBrBTBHA0AqAlAmAVAVAIAOAHAKAHAEAC
2929305,BvCSCOB1BgBAAuAnAvAaAiAZAXAUASAOADACABByCPCNBxBQBHA3AzA2AjAqAfAeAcAOAGAMAGAC
2929354,CNCaCTCBBmA/A+AoAfAvAlAYASAMALAHAEAAAACYCRCQBxBcBAAzAoArAnARALAYALAJAKAEACAA
2929370,CPCcCuB3BTA5A0AqA0ApAhARAPAUALALABABAACACMCdB8BVA1AyArAvAoAdAUAUAOAMAIAEAAAB
2929404,B2CHCLBxBTBJA2AtAsAdAgAnAYAfAPASAGAGADByCFCBBaBIBBA1A3ArAwAmAfAnAfAaAJAGAFAG
2929503,BwCMCTB7BaBQBCA4ApAeAbAZAQARAMAJAEABABByCJCQBsBgBRBBA7AqAfAiAaAZANAMAKAEACAA
2929602,CGCTCKB5BGBBAuAmAhAjAhAWAYAXAKAUADAGABB6CRCHBhBhA+A2A4AtAkAjAfAlAWAVAMATAAAE
2929701,CSCKCGB1BKA5AwAuAmAqAiAWAWAiAPAJAHAFAECICLCOBtBPA6AzAnA2AoAvAWAUAYATASAJAFAB
2929750,BpCFCQB3BUBCA6AyA0AYAjAgAaAcAPAGAEAIAABrB7CQBgBWBKBDA6AjAfAjAtAiAYASAPAPAFAC
2929800,BvCKCNB7BSA3AxA2AwAkAdAdARAcAVASAKABABB+CQCIBoBSA9A4ApAwAkAlAeAWAhAWARAIAHAB
2929909,B+CLCEB1BbBJA7AxAsAnAhAUARAUAPAMAEACACB6CACAByBgBLA9AyAxAkAfAbAfAUARAMADACAC
2930006,CbCRCHBwBcBPA+AwAoAkAjAXATAPALAKAEAEACCWCLCGBqBZBIA1AuAnAlAdAaASALAOAFADACAB
2930105,BzCICRB+BaA/A4AwAuAqAiASARAQAPAJAEACABBzCDCMB9BbBHA+A3AxAmAiAaAVAWANALAIACAA
2930154,ClCtCYB5BTA7A0AqAnAmAfAbAXAPAKADAFABAACiCnCPBqBBBCAsAvAnAgAWAaATAKAFAGABABAA
2930204,CUCkCOB7BaBJA8AxAjAeAbAWAXAKAKALALACABCXCYCNBlBLBAA2AsAmAfAcAVAZANAPAGAGADAA
2930303,COCfCVB9BSBBA+AqArAiAmASAWAPAMAPAFAEABCCCVCIBqBLA/A4AtApAsAgAVAUAWAPABAIABAD
2930402,CQCPCcB8BLA0AnAeAlAeAgAXATAnARAUAEAHADB3CJCjBcBLAtA1ArA2AtAkAjAiAaAUATAFAEAB
2930501,CKCWCQBwBYA/A1AoAlAkAcAWAWARAOAMADADABB/CTCSB3BXBDA5AwAyAkAeAbAVAUAQALAEADAA
2930600,CBCTCQB0BJA7AwAtAmAtAjARAWATATANAHADAAB8CMCKBxBOBBA5AyA3AsAhAeAbANARASAOAAAC
2930709,B9CUCWBxBjBSBGA7AwAiAXAUANAIAFAGABAAABB+CMCPB1BeBVBKA4AwAeAXAUAMAKAHAFAEABAA
2930758,CmCkCRBuBJBBA1ArAhAoAZAQAYAPAKAHAFACABCrC0CPBcBEBFAuAlAnAsAfAYASANAJAHAFAFAD
2930766,CJB9CHBvBkBCAyAyAvAtAcAWASAUAXAIAIADABCOB8CAB9BdBDAzA1AyApAlAdARATAJAIAGACAD
2930774,B7CSCcCFBQA9AuAzA0ApAdAUARAIAGAIADACAAB3CNCcB1BYBGBIBCA0AmAcAVAQAOAJAHABACAB
2930808,CXCXCQB/BhBCA7AtAoAnAYAaAWARAMAFABACABCHCRCRBsBUBLA2AqAnAjAfAVAUATAGAFAHABAA
2930907,CLCWCVB4BWBCA5AtAlAgAbAdAXASAMAIAIADAACJCRCUBtBJA+A0AsArAeAiAaAbASAVAHAJACAD
2931004,B9CRCMBwBaA+A9AuAwAmAdAcAYATATAJAFAAABB1CLCDBnBaBOA8AwAyAoAdAgAVAYAPAIAJACAC
2931053,B+CRB8BuBWBHA2A0AxAqAhAaAXAVAOAMAHACACB2B+B2BqBlBKA5A2AwAmAmAaAdAYAMASAIAHAB
2931103,BwCYCZB6BlBBAzA2ArAdAZAeAYAWAKAKAJAHAABlB7B7ByBKBGA1A2ArAsAhAZAcAXAhAMARAFAD
2931202,CMChCaBqBNBCA4AzAtAjAeAeASARANAGABADACCICgCRB6BOBAA5AxAvAZAcAYAOASAJAGADACAD
2931301,CWCdCNB2BYBFA/AoAwAgAfAQAVALAKAGAEADAACcCaCRBnBWBIA8AwAnAdAcAQAMATAGAKADACAF
2931350,B/CKCFBwBgBQBCA3AqApAfAZAUANAKAHADABABB8CHCFB1BgBQBEA8AzAkAdAVASAMAIAGADACAB
2931400,BwCECZB+BpBEAmAiAhAjAjAeAaAVASARAEADABB3CICMBqBaBBAqAvAuAqAlAdAiASASAKASAJAB
2931509,CTCcCZByBjA3A1AoAnAtAiAIAMAcAbADAEAAABCACfCWB2BNA9A2ArA1AdAeAXAHAbAHAIAFAEAA
2931608,CfCmCSBrBaBKA6AxAkAfAaAaAWAMAQAKACABABChCeCHBhBPBFA2AxAlAgAWAUATAPAKAEAFACAB
2931707,BsCRCQBzBXBCA4A6AnAXAdAbAUAUARAJAHABAABrCNCaByBZBDBBAmAwAsAgAhAdAZAVAJAKABAA
2931806,B6CICeB+BjBDA4AeAqAwApAWAUASAXAHAEACAABuCTB9B8BTA/AhAxAsAoAdAiAiAXAPAMADAFAE
2931905,CHCLCJB4BYBIA4AoAtAkAgAUAVAWARALAIACABCECNCEBwBUA/AzAxAxAlAiAZAXATAVAIALAEAD
2932002,CACSCIB1BKBEA6AnAoAnAdAYAaAWAPARAHACAFB5CKCLB3BSBCArAvAmAtAhAfAZAZAWAMAHAHAF
2932101,CLCYCTBtBJA9BCAwAsAhAcAfAUAcAXAMAFACAACCCSCIBUBNBEA6AwAsAkAfAfAcAaALALAIAFAC
2932200,CECbCYBtBMA9A6AyAvAfAbAYAZASAGAIAHADAACBCfCaBzBTBEBAA2AnAjAdAUAOAOAQAGAGACAE
2932309,CBCeCeBwBOA3A5AvAnAlAkAUAbAPAQALAEADABCACUCWBtBJBGA5A2AqAhAiAcAYATAJAMAEACAB
2932408,CFCSCTB5BXBKA6ArAtApAhAaAYAXAMAHAFADAAB8CPCDBnBVBIA5AtArAmAnAVAUARAQAOAEACAB
2932457,CVCnCOCBBeBJA6AuAjAkAgAPASAUALAFACABAACUCPCMByBlBBA4AlAjAsAaATANALAJAFACACAB
2932507,CUCmCPB+BTBLBAA0AuAYAgAZAWATAFAKACAAABCbCeCTBaBQBEA5A0AvAcASAUAMAHAIAGABADAB
2932606,COCWCNBlBZBGA8AoA1AnAdAZAKAfAKAHAGAEABCMCXB+BnBXBDA/A0AkAsAaAbASASALAOAFABAE
2932705,CJCXCPB3BqBPBDA3AqAiAhAYARASAOAKAFAAAAB/CJCLBrBQBIA7AwAxAlAXAXANAMAGAFAGABAA
2932804,B8CHCQB5BbBNA7AwArAtAnAZAWAMAIAFADACABB9CCCJBwBUBAA/AyAuAtArAdAaAQAKAHAFADAB
2932903,CFCQCKBwBcBMA9AzAlAfAYAeAUAPAKAHAGACABCACNCIBuBaBPBCA0AvAhAdAYAZAQAMAIAIAEAC
2933000,B0CMCHBzBnBHA3AwAoAnAiAUAUAaAMAJAFACABB2CKCHCDBTBJA8AxA0AoAaAeAVAOATALAFAFAA
2933059,CKCNCdBzBFA9AzAwArAqAgAZAVATAVAQAGADABB/CRCOBoBQA7A5AsAzAmAfAWAbAVAPAQAGADAB
2933109,BoCPCHCABYBDA8A1AnAkAeAVAZAZATAMAEACAAB6B+CGBpBfBDA8AvA0AoAaAmAQAZAjAPAEADAB
2933158,CACOCfCJBcBCA5ArAzAlAqAPAWALAJAJACAAABCBCfCMB3BXBCA2AtAxAkAdAWANAMAKAFADABAB
2933174,B8CTCMBxBYA+AxAuAuAlAlAhAdAWAMAPALAEAEB3CDCCBmBLA4AzAyAuAeAuAlAlAQAOAVAJAFAE
2933208,B8CACKBtBrBjBGAwAsAfAgAVARATANAJAHAAAAB6CKCDBtBfBKBBA1AnAnAeAZAaAOAHAJAGAAAB
2933257,CECKCOB4BgBOA+A1AmAfAkAkAbATAUAIAEAAAACACDCJBrBJBKA1AxAfAuAkAeATAUANAFAFAAAB
2933307,BzCACBBxBeBNBBA1AsAlAhAXASAPAMAHADACAABxB+CEB6BlBYBIA8AzAqAiAXAUARANAKAFACAC
2933406,CIChCMB8BRA9A8AsAmAkAgAZAaAPAQAMAGAAAAB+CJCZBxBSA5AuAqAzAnAcAjAQAZARALACADAE
2933455,CZCnCJB0BSBLA8A0AtAkAcAXATAMAHAIAIAAABCUCqCPBfBKBIA5AsAoAdAfATARAJALAJAAABAB
2933505,CLClCaB1BcBHA+AxAqAfAgAXASAOAIAHAHABAACRCbCZBjBUBAA5AxAoAeAaATANAKAHAHAHACAA
2933604,CSCcCQB8BNA6A1AsAnAiAfAVARAUAKAHAGADABCSCaCLBsBOBCA6AwAqAhAeAgAVARAMALAJAEAC
3100104,BaBtBTBpBlBiBIBPA3A2BBAwAiAOAIAKACACAABWBaBsBqBnBPBEA+BIA2AlAZAdAZALALABAAAD
3100203,BkBxBrBhBiBdBUBCA0ArAfAiAcAWAQAEACABADBiBrBqBfBgBZBIBGAyA8AsApAdAVAIAFAGACAE
3100302,B4CECCBzBLBQA9BCAxAdAmAcAfAYAQAKAHACABBxCAB3BhBfBGBKA0AqAuAgAhAiAVAQAGAEAAAA
3100401,BgBuCFBnBVBMBDAwAvAqAlAfApAcAfANAIAFAAB+BtB3BgBbBRAhA+A9AdAZAoAoARAgAcAHADAA
3100500,B3CECOBwBKBGA0A0AuAkAkAmAZAeATALACADABBzCFCEB0BSA/A9AzA0AkAdAtAWAZAVAHAIABAC
3100609,CaCSCCB3BYBHA3AiA0AkAhAgATASAMADACAHAACjCLB8BqBQBEAzAuAsAfAmAkATAUAHAGADAEAD
3100708,BLB9B4BYA7BNBPBLBMA/BPA3AcANAIATAAAAAABlBpB2BOBNAwBaA7BkAfA/APAZAWAOALADAAAA
3100807,BfBSBqBqBbBQBVBHA7BCAlAyAtAhAZAQAAALAABfBuBiBdBPBXBBBFA4A0AhAfAaAhAOABAAAAAA
3100906,CACUCJBxBHBCA0AyAsAtAvAZAZATAOAPAFACABCCCFCHByBKA/AyA4AyAsAmAiAXAUANAJAHABAC
3101003,CRCUCGBsBUBEBGA9AoAlAjAPAVAMAKALAGABAACICUCIBvBVBJA9AtAzAlAfAcANARANAFACABAA
3101102,BiBrB3BuBZBQBCA5A3AhAdApAmAVAQALAGACACBiByB2BqBZBMBHA/AvA1AkAuAiAWAXAKAMACAB
3101201,BgBnBuBrBrBZBOA4A5A4A0AjA4AZAKAKADABAABcBkBpBTBUBNBCBFA2AlAoAqAiANAaAPAEAHAC
3101300,CGBtBmBZBdBQBRBBBEAsApAwAwAOAYAIAAAAAABBBrB4BVBGA6BSA6AwAvA2A9AgAfAHAKAPADAA
3101409,BWBtB4B3BqBoBOA+A9AlA7AZA6AcALANAAAGAABVBeBfBfBaBABABDArA1AdAwAiALAeALADAAAA
3101508,BbBhBmBfBZBUBOBDA1AhAoAlAfAcAPANAGACABBZBeBlBXBYBgBYBEA5A0AuAuAkAiAXAPAHAHAE
3101607,BsBrBxBjBVBWBRBJA1AqAjAgAYATARAKADADAABrBqBtBfBhBXBSBGA4ApAiAkAdATASANAHACAB
3101706,B+CMCBBwBTBEA3AzAvAoAnAfAUATAQAIAIAEABB6CJCFBrBSBJA9A4AzApAfAcAfAPAOAGAIAEAB
3101805,B8CICIBsBWBUBCA1AxAmAaAdAcAUAOAKAMADABBqB6B+BqBMBNBAA7AsAnApAaAfATAUAKAGAFAB
3101904,B3B1BwBmBfBfBQBMA+AtAjAeAaAUAOAGAGACAABkBqBqBWBZBUBOBDA3AqAhAiAYAUAMAMAIADAB
3102001,BrBwByBnBZBXBRBDA7AuArApAjAdAPAJAEACAABuBsBkBbBXBMBGA7AwAxAiAfAcAiAMAKAFAEAA
3102100,BuB3ByBpBkBFA7A6AsApApAgAgAcASAWALABAABwBrB5BiBMBHA+AzA7ApAmAkA0AeARAMAEAGAC
3102209,B9CQCJB7BPBAA/A5AiAjArAZAhAUAQAUABABAABwCFB+BmBLBMA/A2AnAxAdApAeALAXAGAIAEAA
3102308,BqBuBwBwBiBhBBAzAuAkAnAaAdAPASAaAGABACBoBtByBhBSBRBGBAA2AeAtAoAeAaAUAYACAHAC
3102407,CRCJCIB5BSA7BHAyAwArAaAZAYAKARAOAMAEAFCTB7CPBZBMBDA1AwAlAhAlAcAUAzAFAIAFAAAA
3102506,BdBqCKCCBZBLBAA8AnAnAdAeAaAiAQAUAGAEABByCFBgByBcBDBIAuAsAoAnAeApAZAZASAFABAA
3102605,BeBhBhBjBfBdBVBKA6AwAxAiAbAfAOAMAEAGABBYBhBfBdBcBZBNBEA4ArAlApAtATAUARAFADAA
3102704,CICJCEBxBYBGA7A0AvAqAhAjAaAXALAJAHABAACCCLCCBpBLA+A4A1A2AqAtAXAOAbAOAEAEADAB
3102803,BgBoB4BwBZBSBEBDA4ArApAlAfAXAUAMAJABAABaBeBzBmBVBNBLA/A2AzAoAoAjAbAZAJACAEAB
3102902,BpBuBrBvBoBdBOA4A3AnAoAgANAeATAFAEACABBlBuBfBnBlBRBGA9A6AtApAaAoAfAUAFACAEAC
3103009,B/CICEBoBdBSBPAyAtAjAiAgAXAYAPAJAFABAACACBB5BjBUBKA9A3AsAnAqAbAeAUAHACAFAEAC
3103108,BkCEBmBlBWBYA3BKA2BBAmApAmAeATAHAQAFAABdBnCABHBOBNBTA9AvAzAcAYAmASAOATAKAAAF
3103207,BpBwBtBsBmBgBHBHAkAoAtAaAeAGAIANAAAAAHBpB6BtBZBoBQBIA4A/AtAuAeAlAOAEAWAEAOAA
3103306,BTB+BjBNBQB8BQBBAzBFAbAlAeApAKAFAMAGAABeBYB3BnBvA6BVAfA3AnAzAiAiAcAJASAOAAAH
3103405,B5CLCHB5BWBBA4AwAuAjAkAZAeASAOAFAEAEABB9CJCAB1BVBFA6AxAqAqAoAfAbAPAUALAJAFAC
3103504,BkBoBsBlBmBbBRBDA6AsAlAeAeARAIAIAFABABBjBhBoBjBgBdBMBFA6AyApAjAfAVAQANAGACAC
3103603,BKBeCAByBNBSBkAvA0AfAoAnAmAmARAMAAAAAABnBmBwBuBkBVAyBIAzAkAmA3ApAnAOADAHAAAA
3103702,CNCPCOBuBZBLA3BAAiAiATAlANAcAMAIAEABAACDCKCGB+BPBEA7A5AsAdAdAdAYASAGAMADACAA
3103801,BNBmB/BtBkBMBSBLBCA0AuAhA4AKAFALAFAJAABOBgBnBXBXBKBFA8BFAyAqApASAdANAfAFADAA
3103900,BxBpB7BXBxBZBRBJA4AyAoAWAgAMAOAEAHAFAABpBpBsBdBVBfBLA/AyAjAsAnAZAaAMAEALACAA
3104007,BjBwBuBbBeBXBTBNA+AsAkAcAVATANAHAFABABBiBrBqBhBaBfBZBJA4AvAiAlAeAVAPAJAEACAC
3104106,BqBqBjBfBTBTBPBIAyA9AuAnAhAdAUAQADADABBhBqBvBXBXBNBLA+A3AjAoAkAlAhAVAJAHACAA
3104205,BjByB0BlBkBbBTBIA6AxApAZAWARAJAEAEAAAABbBuByBcBjBaBTBLA4ArAkAbAXAVANALAKABAB
3104304,BtBpBvBbBdBcBUA9AzA3AiAuAaAcARAQAHADAABeBqBqBeBQBSBGA+AxAyArAnAiAeAPALAFAAAB
3104403,BWBuDBBoBQBHBEAhA1A7AcAnA2AaAZASAAAAAAA6BqBuBeAvBJBPBJA6AjAmAoAzAtAMAWABAFAI
3104502,CHCfCVB0BXBHA+A1AxAkAfAhAVAXAMAGACABABB8CVCRBrBJBDA7A6AjAnAeAUATALAEAFAHAAAA
3104601,BZBkBkBmBkBWBMBAA3A0AoAoAjAgAOAKAIACAABoBgBnBbBkBZBJA8A3AtAkAmAiAWAUAPAMAEAA
3104700,B9CKCMB8BaBDA3AvAiAsAbAiAaAPARAOAGACABB5CLCDBsBWBCA3A3AxAjAhAgAaAXAOAOAIABAB
3104809,CCCIB6B7BnBWBBAyArAvAwAWAWAUALAFACAEAAB0B0CPB0BDBABEAyApAZAgApAfAUAGAMAJAFAA
3104908,BsBtBrBZBWBaBGBLA6AqAqAiAjAZANAPADACACBoBtBqBmBRBXBNA6A0AnAoAhAnAPAaAMAHADAC
3105004,BnBzBvBoBjBTBEAwAlAzAfAtAWAZAOAMALADACBsBvByBnBeBQBCA1AqAqAwAdArAhALAMAPAGAH
3105103,BTBeBdBbBeBaBTBBBAA4A1AjAcASAMAHAGAFADBaBWBVBbBhBeBTBIA9A5A2AqAfAkARALAGACAB
3105202,B5CQCJCGBLBLBDAkAzArAtAPAnAPARAIAMAAADB6CJCFBSBUBEAsAuA2AsAVAlAlAaAEAKAMAAAC
3105301,BwBtBhBXBrBZBbBHA/A0AnAhAbAcALAKAEAEAABkBgBxBvBgBUBKA9A0AgAoAYAVAXAQAQAFACAA
3105400,B7B2B2BfBXBfBYBEAvAgAdAXAZARAJAGADACAAB3B4BxBhBdBgBWBDAuAmAfAhAWAWAPAKADAEAB
3105509,BsBzB8BmBRBOBKBOAwApAeAtAhAUAgALALAAAABlBoBrBgBXBNBBAsA0AiAfAtAoAiAcAKAFACAF
3105608,BjBdBoBeBdBXBTBDA5AsAmAeAaARANAJAEABABBfBmBkBgBiBgBcBLA9AvAsAlAkAXARANAGACAC
3105707,BkB3B/BwBaBbBDA7AzAsAiAdAhAgAUAQAJABAABkBoBrBdBYBOA+A6AuAjAiApAmAaAZAVAGACAB
3105905,BpBwB5BtBnBcBNBBA2AnAoAdAmALAFADAEABAABgBrBwBkBgBZBWA+A6AwAnAcAdAQAJACAHAFAD
3106002,ByB0B9BvBjBcA5A9AsAkAeAjAXATAKADAEAAAABwBxB4BrBnBZBTA1AyAuAyAaAZAQAOAIAEACAA
3106101,BWBbBsBtB1BkBJA6A3A5AnAwAmAaAZALAAAGAABoBpBxBlBVBLA3A9A8ArAkAdAcAWAVARAAAAAA
3106200,BgBlBoBcBgBdBTBDA2ApAiAcAWAOAJAHADABABBdBjBpBkBnBoBdBOA/AyApAjAeAVAPALAGADAB
3106309,B6CCCEBzBrBRBFBCAvAeAcAdAOATAMANACABAABzB5CDB1BcBOA8A0AoAyAjAYAOAYAPAGADADAC
3106408,BcBoBvBqBXBRBIAyA4AvAsArAdAjATAQAFADACBdBmBtBpBQBQBIBFArAtA5AfAgAhAdAKAFABAD
3106507,CWCbCRB6BrBEA0AtAqAhAXAZARANAFAFACACAACFCTCMCABTA+AzAsAmAfAjAaAQAUAOAGALABAA
3106606,CFCcCUCBBPBFAwAvAuApAnAUAaARAUAFABADABB6CGCSByBLAzA2A9ArAnAmAaAPASAQAMADADAB
3106705,B+CDCFBoBYBTBTBJAzAjAcAUARALAGAEACABAAB8CEB+BgBhBeBYBEAvAkAcAVASAMAIAGADACAA
3106804,BmB0B+B0BgBeBSBABDAoAiAhAVAdAOAJAIAEADBfBmBwBjBHBCBCA+A0AqApAhAdAXAVAMAJAIAB
3106903,BYBfBhBSBNBSBLBFA4AxAsAsAlAYASAQAMAEAABVBgBeBWBSBcBSBHA/AyAsAuAkAsAaARALAGAA
3107000,BlBuBnBtBKBYBXBJBBAtAxAwAnAQAIAPACAAACBcBfBhBYBjBeAyA8A8A6ArAnAqARAGAPAIADAA
3107109,B3B0BxBfBRBVBQBGA3AkAoAdAaATAUAJAIAEAAB1B3BrBgBbBTBNA/AwAnAiAeAWAeAWALACACAA
3107208,BwBlBqBrBmBiBQA+A3A1A0AZApAcAMAEADAEAABzBnBmBbBYBUBDA/AxAfAjAqAmAIAPALALADAA
3107307,CICICGB5BaBQBDA3ArAkAeAZAYAOALAEAEACAACFCBCGBnBgBMBBA0ArApAdAeAUASAGAFAEACAA
3107406,BxBxByBmBZBcBQBDA2AtAqAaAcARAKAEADABAABmBuBwBbBiBbBQBEA1ArAkAiAiAXALAGACADAC
3107505,BdByB6BcBUBUBRBFA2AqAoAnAjAcAOAQAAAHAABXBZBdB1BbBaBFA9A4ArArAsAqAUASANAJAAAC
3107604,BxBlBrBYBiBnBdBbAsA7AsATAqATAOANAAAAAGBWBGBgBRBoBSBPA1BMAhAlAmAcAkAcAQAEAAAA
3107703,B6B0B3BdBbBbBDBCAyAeAgAgAWAVAUAWAHADABBlBzB1BUBfBLBDAyA1AtAwAfAmAkAPANAFAEAB
3107802,BwCDCCB4BFBIAxA0AvA0AkAoAXAiATAKAFAGAABwB2CFBlBRBHA6A2AzAuApAlAWAbATALAGAEAA
3107901,BzB0BvBsBjBkBYBPBGAdAgAeAaAQANAGADABAABoB1BmBoBgBgBKA7AuAuAgAWAYASAFAGAEAAAC
3108008,BsB5B4BkBFBRBJA+A3A1AeAhAcAeAQALACABABBsBwBzBgBUBJBLA/A5AfAoArAlAVAcAQAGAEAB
3108107,BLBgBkBqBqBcBIBAA6AwAvAuAfAcAXAJAKAGAEBMBaBaBmBgBHBFA+A6AyApAyArAhAhAJAGABAA
3108206,CACLCEB3BtBKBTA+AxAiAeAcAcAQAKAFAEAAAABzCGCHB4BKBPAuA6AtAlAZAfATAGAKAIAFACAA
3108305,BdBoBxBUBiBjBaBAA/AxAqAnAgAXAVAQAIABABBXBXBQBdBYBYBZBDA2ArApAoAlAaAXAIADADAA
3108404,BhBoBsBlBaBUBTBFAwAyAvAkAlAaAXAKAGABABBfBqBqBiBZBNBJBCA+AkAmAlAiAaATAIAGAEAB
3108503,CfClCRB+BGBIBDA4AvAeAZAhAPAFAHAIADABAACRChCDBhA9BIA2AuAmAlAiAhAQAIAJASACABAA
3108602,CICUCNBxBXBFA+AzAwAjAiAbARAWAPANAFABAACDCPCDBqBPBBAzAwAvAwAgAdAdANAOAGAEACAB
3108701,B4CICRCEBNBEBAAmAoApAtAbAdAYARAGAGAAABBmB+CLBtBJBCAqBBAuAqAsAjAmAUATAHADADAC
3108800,BcCECIBwBXBSA2AqAfA3A1AwAYAeARASAEAFAABgBvBpB9BvA3AuAxApAwAoAxAkAVAVALAHAFAB
3108909,BjBmB9BwBaBJBAA8AyAvAkAmAjAYAZANAJADAABfBpB+BrBLBFBAA6A4ApAuAnAkAeAWAMAFAFAC
3109006,BnBmBsBnBeBkBPA8A2AwAiAlAiAUARAFABAEABBlBhBvBmBtBaBKA/AzApApAeAgARASALAGAAAA
3109105,BiBrBpBvBlBXBXBFA3A6AzAbAcAZAOAJAGAAABBfBiBlBpBQBXBIA+A5AyAtAbAfAYAMAKADACAB
3109204,BzB+CKB5BQBHAsA1AyA7ArAlAXAeALAIAEAEAAB4B9B/BtBJBDA+A2AxApArAbAeAZARAJAGAAAA
3109303,CBCUCUB1BcBRBDA9AyAtAqATAUAPAIADABACAAB3CMCMBoBJBJBDA1AtAgAdAXAVAPALAFADABAC
3109402,CPCbCXBoBbBUA9A6AyAhAYAZAQANAKADADAAAACGCWCLBqBOBLBEA4ApAdAZAVAQAMAGAJAGADAB
3109501,BtBqBsBoBmBaBNBDA/AzAkAnAfAUARAIAFACABBcBwB0BhBXBQBOA7AxAlAjAjAiAOAQAJAIAFAC
3109600,BiBmBzBdBeBaBXAsAvAxA0AkAWAKANAHAGAAAABcBqBbBwBQBkBBBCA5A/AmAjAzAfAUATAEAAAD
3109709,BjBxBoBpBcBfBWBKA8AsAoAhAfAcASANAFADAABiBkBxBdBMBRBLA6A1AvAhAnAlAPAPAPAHAAAC
3109808,B9BwB2B2BhBhBLA0AfAzAzAkAoAcATAOAIAAAABgBgBnBGBSBRBHA5A6A4AuAkAfAeADADAIAAAA
3109907,B1B0BmBaBcBnBUBEArAkAgAhATAVAMAHAAACAABzBtBmBZBkBkBWBAA6AiAuAjAbAcATAEAEAFAA
3110004,BiBxB1BjBcBcBIA8AzAtAmAdATAPAPAHAEABAABkBrB6BrBbBeBSBFA4ArAqAfAjAWAQAIAEAEAA
3110103,B8B4BwBTBVBeBQBJAsAqApAiAgAZAVAMABADAABeBkBeBzBlBYBCA1AwAlAhAkArAQAZAOAGACAC
3110202,B/BqCRBVBdBSBaAvAoAtAsAcAfAiAUALAAAAAABXCEBuBnBNBDA7BEAsAmA1AdAdAhATAOAHACAB
3110301,BdBaBkBYBcBbBWBGA+A1AvAjAoAdASAOAIADAABVBZBlBaBXBVBHBCA5AyAsAkAiAeAZANALADAB
3110400,BtB9CDBqBfBcA2A6A0A0AuAcAgAaAKAAAAAFAABzBtB4BvBWAsBGBBBDAkAqAgAjAPAYAAAJAAAA
3110509,BwBxBqBoBgBhBRBGA+AtAoAXAnASAPAFAGADAABqBpBmBfBeBMBUA/A3AoAlAlAbAOAPAGAEAFAA
3110608,BkBtBpBnBZBTBXBGA8AuAwAhAqARATAIAEABADBhBmBoBcBhBXBCBBA3AyAjApAfAWAPAHAFADAA
3110707,BpBhBjBXBQBSBQBJA8AsAjAmAfAYAOAPALAGABBnBhBsBbBRBUBNBDA6AuApApAoAhAWAMAJAGAB
3110806,B3B0COBuBcBVA7AwAqAqAgAeAXAVAZAIAIAHACBzCGB/B3BLBBAzA2AuAiAmAmASAXASALAJAFAG
3110905,BsByBiBSBZBYBTBFAxAyAjAjAjAUATALAGAFAABjBuBhBeBXBTBNA/A1AvApAoAkAiANAPALAEAB
3111002,BeBhBnBlBnBiBWBLBJAwAtAgAVAfAaAMAAAGAABdBeBhBnBbBRBKBEAqAsAqAbAdAcASANADAAAE
3111101,BmBtByBfBgBdBJBEA6AwAuAlAgAXAYALACADABBkBkBkBmBVBOBKA+A0AzAlAgAaAYASAMAFADAD
3111200,BlBoBrBfBUBPBNBKA1AvAkAkAhAYARANADADAABhBnBsBeBVBSBRBJA+AsAmAoAhAeATARAEAEAA
3111309,BsBnBsBzBtBeBfBKAzAoAiAkAhAWAHAMAGACAABnBxBwBcBYBLBNBBAwAlAhAfAcARAOAGAJAEAD
3111408,BkBwB4BdBPBtBKBBA8A0A6BCAXAWAVAHACAAAABuBaBQBYBfBEBRBIAzApApA3AeAPAPABACACAA
3111507,B1BzB2BrBTBUBGBCA4AiAjAdAcATAQAIACAEAAB4B/BtBrBcBUBKBAArAxAnAdAYAVAOAKACAAAB
3111606,BwB5B7BuBgBZBKBDA1ArAjAeAbAWARAGACABACBzByB4BsBWBLBEA8AvAqAkAeAUAUALAGAMABAB
3111705,ByCFCCB7BqBFBBA9AtArAhAmAbAeAQAHADAFAABuB1B6BiBABKBEBAAqAtAmAjAeARAQAJAEABAA
3111804,BdBiBhBsCIB1BPBDAmAoAiAgAdATAKAHADABABBhB3BkBtBpBcBcA2A0AtAaAhAdAJAMAJADACAB
3111903,BiBwByBsBVBIBPBHA+AuApAnAdAZAXAQADADAABfBpBrBhBNBIBHA/A0AtAdAyAlAjAPARAEAEAB
3112000,BoBgBnBjBhBYBSBMA/AuAtAjAhAaAVANAHACADBcBcBeBbBSBRBLBEA0AvAoAlAnAdAQAKALACAC
3112109,CBCAB5BvBiBaBOBEA0AhAgAfAYAbAGALAGACAAB1B7BvBlBUBUBDA8AsAdAaAeAWAWAJAJAIACAF
3112208,BTBdBiBuB7BqBHA5AxApAaArAkAhAbALAEAAABBMBWBcBpBiBYBFBHA0AqAmAwAlAuAPAYADAAAA
3112307,CWCTCIBtBPBDA8A3AsAiAeASAaALAFAGADABAACWCXCFBrBXBLBDA5AuAgAlAcAQAOAHAIACAEAC
3112406,BtBrB3BmBgBNBRBPA/AuAlArAfAaAMAHAHAAAABhBnB2BpBQBDBIA7A3AuAjAlAhAUAPAIAGACAA
3112505,BtBsBqBaBdBmBYBEA6AoAYAnAoAdAHAEADAAACBlBrBzBPBUBjBUBBAmAjAqAsAZAZARALAPAAAE
3112604,BoBsBqBuBkBfBJA/AqAxAqAoAjATASAHAEAAABBpBqBrBiBmBdBJA9A/AsAhAgAOAZAJALAHAAAA
3112703,CUCNCGBsBcBRA9AzArAeAkAQAVAVAPACAGAAAACVCVCDBtBVBJA6AwApAkAdAeAOAPAJAFAMABAB
3112802,BcBcBnBkBmBgBeBKBHA2AmAgAeAeALANAEAAACBQBYBiBhBeBZBQBQAvAiAuAnAiARAMAOAJAAAD
3112901,B9CEB7BqBWBRBCA2ArAsAgAhAaAbAPANACADAABwCGB0B0BYBOA/A9AoAeAfAgAYAcARAKAKAAAA
3113008,CWCWCOBwBNBCAzAwAtAbAcAhAiASAKAKADAAAACVCbCMBpBEA9A2AwAlAoAkAZASAVAOANAHACAA
3113107,B9B2BpBmBhBbBCA8A2AkAxAnAfAPAUALAMAAAEBlBzBnBeBUBbBGAnArAiA2A0APAcAGALAVADAA
3113206,ByBvBpBnBcBjBSBDA1AtAZAiAUAVATALACABAABnBmBpBkBtBfBTBAA3AjAfAmAZAcAPAEAGABAA
3113305,BnBsBxBeBeBPBKBDA4ApAoAdAmATAQANAIACAABfBoBuBiBRBSBPBDA7AsAoAkAhAYAXAOAGAHAE
3113404,BzB4B8ByBaBOBCA4A0AkAhAiAfATANAJAFABABBwB2B6BtBXBOBFBBAuAqAmAhAbAVARAIAGACAC
3113503,CECBCWB0BiBXA/AoAjAnArAfAVAWAMAHAIAAAACECOB8BlBMA8A2ArAlAoApAkAaAZAJAGAJAGAB
3113602,BvBtBkBzBhBPBWBEA3AvAjAoAeAdAUAEAJACAABdBsB5BtBOBOA8BCA2AkAoAeAhAQAQAJAGAHAD
3113701,B3CACFBtBUBBBOA2A3AnAoAbAdAXAPAFAJACAAByCAB+BpBSBLAvA8AvAzAbAkAYATAMANAHAIAC
3113800,BqB9CECDBlBGA5AxArAlAlAeAmARAQASAJAAAABvBgCDBrA8BGBdBAAxAxA0AWAGAhAXAAAHABAI
3113909,B7B+B3BmBVBYBVBLA2AtAmAYAdAZANAEABACABB6B2BqBgBdBbBFA9AnAoAiAeAQAUANAJACABAB
3114006,BbBsBsBqBcBTBRA+AxApAtAhAjAbARALAFADABBlBeBqBhBdBMBHBAA3AxArAmAYAoAUAUAHADAC
3114105,CAB4B5BkBXBSBOBBA1AlAiAjAWAPAGAMADABABB1B8CBBlBXBYBDA+ArAnAiAhAbANAOAKAFACAC
3114204,BuBtB1BpBmBWBSAyBCArAjAiAhATAKANAIAAAABbBjBvBlBkBgBIBFAuAsAmAeAdAPAKATAFABAA
3114303,BlBvBxBsBlBYBNBFA3AuAmAeAQATAOALAEABABBiBnBoBmBhBYBQBAA3AvAkAjAhAXAQAGAGACAB
3114402,BsByBuBiBfBOBSA/BAAuAoAhAYAZAUANAFACABBqBqBuBeBTBgBKA9AnAoAoAgAcAfALAQAIADAA
3114501,BqBwBtBxBmBXBUA7A2AqAhApAbAYANANAHABABBmBsBuBnBdBOBBA+AvApAmAfAZAcARAOAFACAB
3114600,B1B1B+BkBXBeBMAzApA6AyAqAWAJAIAKAEACAABxB4B0BUBbBRBZAvA5AxAuAUAaAJAcAFAIAAAA
3114709,BBBYBWBfBLBfBjBKBHBLApAnAkAoAgAMALADAABYBhBKBQBxBQBSA+A3AZArApAuAiALATAMACAA
3114808,BZBwBvBaBTBbBRA9A8AyAnAjAgAhAWAUAKAGABBpBgBlBbBZBTA0BFA2ArAhA5AyAaAIAKAFADAA
3114907,A6BlCSB3A+B7BSAoBEAsApAkAKAtAVAHANAAAABdBwBpBpBTBZAuA3BBAkAlApAqAWAcANAMAAAA
3115003,BVBjBtCCBuBWBBBBBUBUBDAgAaALAGAKAGABAABGBXBXBnBXBOBABBA5A8AvAnAhAMAUAHADAEAA
3115102,BlBnB0BkBWBVBNBMA9AzAsAgAZAWAYALAGAAABBhBsBpBaBSBMBQBIA4AqAfAqAiAXARASAEABAB
3115201,BsBrCPBnBXBkBABFA6AfA5AcAcAUAYAGAHAAAABcBvB4BcBzA/BNAjA9AtArAaAQAPAWAMAIAEAD
3115300,BgBnBrBeBaBYBRBFA3ArAnAmAhAUANANADABAABdBhBjBbBZBcBSBGA9AxAuAjAkAaARAUADAEAD
3115409,COBtB7B6BmBIBWApAaAwAeAQAeATAPAHARAFADCEB3BwB+BOA3AsA4A7AvAVA0AfAbAGARAEAAAC
3115508,BoBsBsBeBRBOBMBBA3ArAjAiAdAYAMAKAIACAABlBpBvBcBdBWBRBGA5AsAqAkAXAnAZAUAHAEAB
3115607,BSB6B/BhByB2AwAuBbAoA0AnAgAHATAJADAIAABaCBBPBVBfAgBeA+AzA0A9AlAWAaAFAGAMAIAA
3115706,BqByCKCDBTBEA8A1AzAqAnApApAVAPAKAFAFAABOBxB4BxBQBNA+A+AtA3AtAgAdAWARAYAAABAB
3115805,BoB2BwB1BvBVBDAoBBAqAtAYAZAVAHAJAEACABBuByB+BjBqBaBHA1A2AqAnAiAbAPAOABADAAAA
3115904,BkBoByBgBgBcBXA2A3ArAwApAiAoAKAPAFAAAABoBdBeBuBSBHBKBNAyAmAwAgAnANAWANAEAAAA
3116001,BwCKB+BoBbBTBKBEArAiAjAVAkAPAUAQAHADACB8B0B3BhBTBQA/A0AwAjAkAgAbAfALAIAIAAAA
3116100,CaCfCMB2BQA9A4AwAkAfAcARAQALAGAGACACADCbCgCMBwBWBEA0A1AmAqAiAZAVAOALAHAHABAB
3116209,BVBuBZBnBxBMBNAvAwA8BHAuAwAUADAMAUAAAABjBjCCA+BjA4BPA/A9AxAuAdAkAKATAdAHAAAC
3116308,BsCGB+BoBZBTA7AxArAnAoAhAcAiAUAMAHABAAB8B0B5BcBNBQA2AzArAqAjAsAmAdAOALAIAGAE
3116407,BoB5BzBWBXBFBaBSBIA4AmA3ApAVAEACAEADAAB4ByByBRBQBUBIBCBAAcAwAeARARACAGAFADAA
3116506,CDCECQCGBaBPA/AwAoAiAqAaAaATAMALAEACAAB5CBCEB1BUBDAxArAzAqAjAdAcAQAKADADAEAA
3116605,BlBwBxBrBqBcBQBCAtAtAkAiAYAcALAFAIADACBmBuByBqBSBRBNA7A5AnAnAdAYAYAOAOAJACAB
3116704,BfBoBgBpBdBdBQA7A7AdAwAkAfAgAdAQAGAAADBjBhBoBNBOBYBKBAAbA+AoArAyAdAlAHAEAFAC
3116803,CFCACOB2BdBEAvA2ArAnAlAVAPAaAJAJAFAEABCHCECHB2BWBDA+AvAoAmAoAcAZAVATAGADABAH
3116902,ByB6BgBaBMB7BQBYA2A5AYAqAvAUASAFAJAIAAB9BsBaA9BbBlBPAlAtAsAxAeAVAQANAGAEADAE
3117009,CFCQCKB0BXBKA8A1AwAiAdAhAPAdAPAHAIADABCCCJB9BxBFA+A3A0AtAoAgAgAdATAVAGADABAB
3117108,BpBlB0BgBkBaBQBIA8AxAvAiAdAbAQAKADAGABBlBkBjByBWBPBJBBAuAnAmAbAcAbAXAFACADAD
3117207,BmCBBvBbB4BXBMBaAiA6AbAFA6AnAMAFAOAFAGB+AwBiBiBQBTBGArBBAeAlArA4AXAMAOAAAGAA
3117306,BnBmBnBdBgBYBWBLBAA1AuAdAkAVAHAMAGABAABkBmBoBkBcBaBOBEA3ApAhAuAeAUAGAEAGAEAA
3117405,BlByBzBuBHBIBJBAA4AjAiAuAlAfAQAMAMABABBhB6BxBiBfBJA/A5A0AtAoAuAcAdANALAHAGAC
3117504,CGCICGBvBQA7A4AzAqAoAhAmAhASAVAKAFADACB7B6B4BcBKBCA5A1AsApAnApAfAjAcAJAIAHAD
3117603,BqB2B8BaBgBhA8AwA9A0AlAlAaAgAPARAFADAABoByBxBqBdA7BKA3AuArAwAZAcAYANAbAAAAAC
3117702,B0B1B2BbBhBUBNA/AyA6AlAgAaASANAHAEAEAABuB2BnBgBMBRBBBDAuAsAzAeAYAUAdAOAHAHAA
3117801,BoBmBxB2BqBhBUBEA4AmAmAiAqAUAQAJACACAABqBnBpBeBhBZBEA3AzAsAiAiAVAUARAIAFAAAB
3117900,BcBjBgBrBxBlBQBABAAxAxAgAZASAQAPAGAAACBQBjBkBtBfBkBOBLAyAnAnAdAnARAEAKAJAAAA
3118007,B1B0BzBfBgBjBaBKAyAqAbAeAPATAIAEABAAABBuBxBvBeBhBjBcBHAzAlAiAbAZAVAGAIAEABAB
3118106,BqCjCKCDBFA0BEAbAyAfAhAjAlAgAOAHADAAACCfCECIBjA7BBAlAiA9A2AUAnAyAcAJARACACAA
3118205,BkBtB0BkBmBbBZBEAxBBAsAcAdAUAFAFABABAABiBnBxBiBQBNBSBHA/AmAiAYApAaALAFAJACAB
3118304,BrBtByBZBUBYBYBHA7ArAgAXAZAQAMAGACACAABnBrBnBbBfBjBcBLA+ArAjAnAcAYAOAKAGACAB
3118403,BjB2B9B1BTBMA6A3A2ApAlAiAfAcARAKAFACAABvB0B3BuBXBIBIBAAvAxAoAhAdAVAOAMAGAHAA
3118502,A6CEBsBvBhBgBDBEA5BRAWBIAWAZAGAHAkAAAAB2BaB+BSBXBOA8AkA/AtA0AlAWAFAVAAAMAAAA
3118601,BvByByBjBnBiBYBIA1AqAgAXARAKAGADACABAABtBvBxBlBqBoBcBKA6AoAhAYATAMAJAFADABAB
3118700,BzB1ByBkBeBSBRBCA4AiAtAdAXAZAOAPAGADAAB4BuByBhBLBUBHBBAtAqAnAWAbAfARAKAIAGAA
3118809,CTCQCNB9BXBDA1AyAsAnAiAcATAVAMAFAEABAAB6CaCBBfBMBEA/AyAtAqAiAgAUATAHALAFADAA
3118908,BxB+BzBtBfBTBEBAAqAzAiAiAWAYAPAPAGAEAABtB8BwBlBVBJBDA5A2AoAlAaAhAZAZAFAGABAB
3119005,BsB+B1B1BWBIBYBMA7A2AvAiAMAVARAKAGAAACBgBqBjBWBfBnBFA7AuA4ArATAKANAjAAAEADAG
3119104,BsB4B4BlBSBNBFA+AxAkAoAeAiARAPAKAEACAABnBzByBqBhBbBIA/AvA0AsAfAjAaAPAJADABAB
3119203,B5CLCJBtBJBHBAAvAoArAkAsAmAUAQANAGACACBwB8CCB0BTBAAxAyArAoAiAtAhAUAQAOAHACAB
3119302,BtBtBuBmBcBgBTBQA4A0AlAgASAWAOAGAGACAABdBrBpBoBpBXBOA/A+ArAmAcAYAUAIADADADAB
3119401,BuB0BzBmBgBaBRBEAxAlAjAZAVAPAIAGABABAABqB0BzBpBmBlBYBGA2ArAmAbAWAPAMAGADABAA
3119500,CICVCDBxBRBHBAA6ArAhAiAfAeAOARAQADACABCACUB6BlBIBGAzAwApAvAeAfAUAbALAPAJABAC
3119609,BcBkByBzBpBdBSA/AwAyAnAxAOAuANARAAAFAABhBUBoBnBgBBBKA6BFAyA6AVAkARAMADAEAEAA
3119708,BLBsB2B7BwBjBYA4AzAuAoAwASALAXAGAFABAABdBSBqBxBlBYBFA2AyA0AnAfAYAPAZAJASAAAA
3119807,BbBrBgBmBcBTBcBFBBA9ArAxAiAWAMALABAAAABdBgBmBnBRBQA6BBA7AvA9AoAXASAeAJAFACAA
3119906,BYBhBuBgBhBdA/BEBFA4AuA2AnAhAaAWAHAGAABVBhBTBXBEBABVA7A0AuAqAtAhA3AQAMAEAAAA
3120003,B0CdCTB9BCA/A/A4AyAuAkAeAgANANAKACAFAABnCGCLBiBMBDBCA/AzAiAlAdASARANASABABAB
3120102,CDCHCSBnBWBkA9AxAoAlAvAXAMAMANAGAJAAAGCWByB/BOBYBJBAA3AiA2AXAXAYAKAXAUAMAEAI
3120201,BfBrBtBdBRBUBOBOA3A5A2AjAjAZAXAHAIACABBVBrBtBdBSBMBJA8A6ApArAmAiAeAPAMAKAEAB
3120300,CnCvCABxBVA1A5AwAtAYAcAQAUAJADABAIAAACCsCtCEBpA4BKA4AxAwArAiAYANATAKAIAEABAB
3120409,BpBqB6BoBvBZBFA+AzAgAvAaAVAWAEAQAHACADBjBqB8B0BHBNBHA8A9AyAsAiAXAdASAJAIAAAA
3120508,BtBqBxBuBlBUBUA6A4AsApAcAhAXANAMABAHABBpByBuBaBhBYA5A0A2AxAiAkAmAPARAKAHADAA
3120607,BWBjBwB5BjBiBABFA+AdApAnAdAeAQAHAHAGAFBSB8B0BjBUBEBCAuA+AwApAkArAlALAOACAAAA
3120706,B1BeBlBhBnBcBTBMAwBBAkAgAbAbAFAEAIAGAFB0BrBmBfBRBYBDA1A7AmAeA6AjAPASAKAAAAAA
3120805,BtBwBkBeBoBaBVA/A5AqAoAoAXASARALAJABACBrBkBkBeBeBXBPBCA5AqAvAjAbAaAIAJAHABAA
3120904,BxB2BwBmBfBWBGA9AuAmAlAeAYAUALAJADABABBtBuBuBlBfBeBLA/A2AxAoAgAdAXAUAIAIADAB
3121001,CdCJBzBnBlBVBFAzAjAhAlAbAOAYAFALAFAAAACKB8B7BkBLBQBDAwAlAoApAUAhAZAPARAFABAA
3121100,BvBuBxBuBpBcBOBEA1AkAmAeAbAmAWAFADACAABpBzBpBfBdBUBPA0AqAoAfAnAcAWAMAGAIABAA
3121209,BuB5B1BmBeBcBPBDA4AtAvAhAuASAPAIAMAEAABgBxBeBfBPBOA+A+A3AgAsAWAlAXAUAIAIAFAD
3121308,BoBqBpBaBSBYBXBBBBAoAyAnArAXAWAVANAGABBcBsBaBLBNBMBIA4BGAtAfAvAjAXARAXAFAFAA
3121407,BdBxB2BtBcBNBBA4A5ArAnA3AnAdAOAKAFADABBbBnBlBpBFBIBTA1A3A7AhA2ApAUAYAIADAFAA
3121506,BsCFB7BzBjBOBTA+A7AgAgAiAZAcAUAKAAADADBaBZB7BtBTBIBBAxA4ApAbApApAfAUAFAKAAAA
3121605,CJCDB6BkBdBTBDA1ArAmAZAaASAOAHALADABAACGCCB4BuBYBVBDA1AvApAmAZAbAUAOAQAHADAB
3121704,B3BqCGBnBVA/A4A4AyAbAfAqAiAlASAcAIACAABsBxB/B7BKA9A7AqAiAvAuAiAsAiAmAKACAAAF
3121803,BoB9CLB1BZA8A5AzAoAqAfAhAiAYAUAJAGABAABpB0COBsBRBZA7A4A2AtAmAlAeAaAWAGADACAA
3121902,CFB/CKBtBABYBEA6AfAbAfAwAcAdAcASADAAAAB4B9B6BfBGBMBCAvA0AfAXA0AcAaAMAKAKADAD
3122009,B0B7B1BmBcBYBLA1A4AjAhAhAcAaAPAJAGAEACB6B7BwBlBYBPBHBHAkAmAmAdAbAVAMAGAHADAB
3122108,BmB5B3BrBbBUA4A1AvAjAcAhAdAXAWAVAFAFAABsB+B5B9BZBJA2A8AwArAqAjAcAaAWAFAIAEAE
3122207,CRB9B+BoBTBLBHApAtAoAcAbATAbAUAGAKAAAACGB1B8BmBhBLAzBGAnAeAiAqAdAdASANABABAA
3122306,BqBoBtBiBdBfBVBGA5AqAjAdAVARAJAHACABAABhBmBrBgBjBnBYBKA6AtAlAiAaAYAMAIAHACAA
3122405,BsB4BxBoBWBbBTBFAzAsAhAhAcAYAZAQAFAAAAB4ByBuBSBRBHBBAzAxAmAtAiAiAgARARACAEAA
3122504,BlBsB0B1BuA+BFA4AoAxArAfAjAPAQAPAKACAABnBrBwB0BUBbA6A6AmAsA3AmAhAdAPANAEAEAD
3122603,B5B4CCBmA/BGA6A4AxAmAkAiATAfAcASAIADAEBxB+B4BYBIA+A4A0AqA4AoAuAqAnATAVAKAHAA
3122702,BjBlBxB0BkBUA6AxAnA1AjAiAeAhAPAMAKACABBaBpB7BmBbBRBKA8AnAuAxAqAgAcAXAQALAEAC
3122801,BpBbBjBbBSBjBdAzA5A/A2AsAjAcARAEAPAAACBXB9CdBjBKBTA+A8AzAVAdAtANAcAMADAPAFAA
3122900,BkBwBkBkBmBmBeBDAuAqAdAyAhAjARALAHABAABiBhBmBhBVBQBOA6AxAjAuAkAeAXARACAMAEAD
3123007,BZBdBZBiBtBgBYBGA/AzAuAWAhAQAMAOAEACACBXBUBhBXBqBsBSBFA4A1AlAoAcAYATATADACAA
3123106,B7CCCGBwBbBHA6A1AuAlAgAsAoAVAKAIAMACAAB4B6BsBdBJBMAxA6AuAmA0AsAYAfAFAZACAIAA
3123205,BXBzBvBgBVBBBCA+AyA0AvAkAkAcAVAKAIAAAABRBUBpBrBXBZBIA/A3A2ArA3AqAdARAQAQAMAA
3123304,B6B0B/BzBPBVA+AwA8AuAoAlAVAfATAQAEAEACBxB5B8BaBZBBBAA4AuAtAhAYAbAbAaAKACACAA
3123403,A5CJBcBqBeBTBmBIBFBJAhAjAMAGAaANAAAAAPBhBaB8BRAsBuBKBSBCAzAGASBHAdAFANANAAAA
3123502,BUCABgB2BfBBA/BKBXA1BNAJAvAYAKAAAIAAAABoBKB+BgBCBfA2BDAxAzAbBFATAbAQAHANAAAA
3123601,BnBnBvBaBcBbBSBHBCAwAoAdAWAWASALAEADAABmBlBxBmBVBXBUBMA1ArAkAhAfAXAMAEAFADAB
3123700,BtB3B4B2BfBRA8AwAuAkAkAgAfAPAaAMAFABAABqB6CCBwBfBMA9A6AoAtArAhAgAZARAHAGAAAA
3123809,CKCNCZByBRBWBMA4AzAfAoAYAWAIAHAIADABACCACKCGBaBSBJA9A7AqAqAbARAYAPALALACABAB
3123908,BfBxB/BrBkBPBJBIAtAzAiAnAZAUAJAIAEACAABgBuB1BnBSBQBLAzA1AsApAoAdAaAVARAGADAB
3124005,B+B5B4BuBYBQBIA3ArAgAZAlAlAQASALAEAAABCAB8B7BkBUBKBEA5AsAoAuAZAhAUAHARAIABAE
3124104,ByB3B8BjBhBeBZA8A3AlAlAdAbAQAMALADABABBzBxByBqBfBZBAA+AsAoAhAbAaATAKAIAEAGAB
3124203,BvB2B0BhBkBcBUBJA3ApApAZAdAUARAGACABABBwBxBsBsBgBSBLBAAnApAhAaAcARALAIAJACAA
3124302,CDCVCJBqBPBEA/A1AwAoAaAbAWARAJAEAHACAACHCPCFBsBXBKBAA4ApAoAhAZAVASAMAIAHAFAB
3124401,BYBmBlBoBnBeBcBIAyBHArAoAiAiAQABAGAFACBXBiBaBZBfBSBIA/BAAxAlAlAhARAOAFADAEAC
3124500,BqBsBuBjBmBmBSBGA2AvAtApAZAaAVAIAEABAABkBkBnBgBbBXBIA6AwAyAhAhAXAVASAHADADAA
3124609,CUB9CABjBeBDA1A5A9AoAwAgAqASAQAPAEAFAABCBkBvBWBcBMBHA2AwArApA2AnAKAeALAKAAAG
3124708,BvB6BpBqBmBCBEBAA/AxAuAqANAZAGASAHACAIBOB8BbBvBmBBA4BQAzArApA0AcAUANAUADADAA
3124807,BuBuBtBlBiBpBQBHA4AzAsAhAhAdANAMAFACAABcBrBzBfBWBSBHA6AoAwAsAdASASAUAHAFACAC
3124906,BrB1B4BmBbBIBNA8A5AwArAgAiAeASAKAHAEAABeBqBnBjBXBOBEA+A4AqAkAjAiAcASAMAHADAC
3125002,B+BhByBdBpB4BRBGAoAmAgAdAkATAWAGALACAABlBsBhBwBzBIBNAnArAnAuAfAWASAOAOADAHAA
3125101,BkBtBvBdBiBWBVBUA1AtArAiAkAUAWAJAJABAABiBjBdBgBRBRBOA0A9A1AgAqAZAiARAMAGABAC
3125200,BgBpByBVB9BEBoBQASA8AuAaAnAZAYADATAAAABbB2BOBRBhBSBHAlA1BBA2AbAsAdAbAIACAAAA
3125309,COBRBkBjBXBHBKBSAvAzAsAcAtAZARAQACAAAABaBhBuBdBZBNBOAxBBAyAvAnASAYASATASAEAE
3125408,CNCPB8BrBXBKAvAvAoAnAgAkAWAbAQAEAEACAACPCCCHBtBVBHA2AtAoAVAsAlAeAUAZAJAEADAC
3125507,CiCOCOBMA8BRAmAzAqAtAiAcAQAcAJASAJABAAB/B2CGB9BHBDBBAgBAA8ArAaAWAcAQAQAAAEAA
3125606,BsCUCHCOBUA2AoA4BAAcAyAgAXAKANAMAHAAAAB2CRB8B+BQA9AuA0AkA4AoAaAXAQAXAMAEACAC
3125705,ByB3B8BqBjBSBNBEAwArAmAbAbAUAMAIABADAAByB3ByBsBZBUBJA5A0AeAhAgAaATAPAMADACAC
3125804,BvBvCOB7BUA3BlAoA4ATAuAxAYAPAIALAQAAABBMCOCCBzBHBqA0A1AuAdAhAhArAdANAFAHAFAA
3125903,BxBvByB8BlBNA4AtAsAnAdAsAgATAWAQAIAHAABfBxB9BsBSBJA4A0AoAuA0AjAmAbAVAXAGAGAB
3126000,BpBiB3BzBhBPBLA4BFAwAmAfAgAVALAJAEAHAABsBlBsBhBWBgBKBJAiAkApAjARAaAZAIALAFAB
3126109,BjBpBpBgBdBZBQBFA2ApAnAlAhATALAKAEADAABeBlBnBdBfBdBRBGA6A1AiAqAiAZAQANAGADAA
3126208,CPCZCSBbBiBhBKA5AlAuAgAQAgAKADAFABACAACTCUB8BuBBBFA2A0AmAgAwALANAGAPANAJAAAC
3126307,BKB+BaB7BhBfBRBLBRAqAoAdAlAoAOAIACAAAAB0BXBpBSBVBQBJA7A6AqAsAhAVAnAJAIABADAA
3126406,B6B1BhCFB0BrA8BGA5ApAqAyAkASAKADAEAAAABoBpCEBaBgA5BNAsAkAmAvASAGAeAXABALAAAC
3126505,CDCSCTCCBZBFAyArAtAkAlATAWASAMAEAHAAACCECSCFB4BIA7AxAvAzApAfAiAaAYAPALABAAAB
3126604,CUCTB2B0BoBRAuBBA3ASApAaAfAVAUAIADADAACCCGCDBhAuBKBTAnAhAcAoAXAUAWAQAHARAGAA
3126703,CJCPB9B3BfBMA+A4AvAqAhAgAWALAUAIABAAABB+CCCFBsBTBLA4A0AvAmAcAcAYASAFAFAHAGAB
3126802,B6CKC3B8BXA3A0AmAwAnAlATATAcALAJACAAABB0CLCXBzBRA8ApAsA2AsAhAVAiAQACAHASALAA
3126901,CCCKCLBjBZBHBHAwAnAkApAYATAOANAKAIABABBtB7B0CCBeBSBEA7AuAzAuAdAVAKALAHAEACAA
3127008,BxBuB4B4BeBLBPA/BFAoAdAtAXAaAKALADACABBkBuBsBOBeBVBVBOA2A0AWAlAPAZANALABAAAA
3127057,B0CeCNByBgBBA0AsAtAwAjAkAaAbANAGABABAAB+CNB9CABIBAArA3AwAnAhAeASAUAOASAAACAA
3127107,BmBpBqBfBcBZBWBGA6A0AmAmAYAYARAJAGABABBhBhBlBhBdBcBSBAA4AsAlApAfATARAHAIADAA
3127206,BnCgBmCYBTBeA5A9ApAmAVAoAlAbAVABANALAABmBwCfBJBEA0BGAmBJArAeAhARAaANAQAAANAA
3127305,BuCACGB4BSBGBHApAzAqAsAeAWAXAVAPAFAEADBoB0CCBpBPBLAyBKAtA4AqAdArAUAOACADAAAA
3127404,BuBmB7CCBPBnBNBDBCAiA1AYAhAVAVALACAFACBcBjBuBKBeBGBIA4AqA5ApAgAiAaAZAIAHAAAA
3127503,CDCKCABwBpBTA7AxArAsAjAWAfAQAEAGAHAAAACECNCEBeBRBMAnBBAkAiAYApAWAjAMAIAMACAC
3127602,BzCMB5BpBrBQA6AwA4AmAhATAQAQAOALAEABAACDCBB3B3BaBQBDA+AoAoAVAhAcAfANALACABAC
3127701,BsB1B8BnBdBQBEA6AvAmAiAcAWAOAKAGAEABAABmBzB5BxBqBfBNBGA2AtAmAhAaASAMAJAGACAB
3127800,CRCkCQBqBRBFBBAqAwAsAXATARAWANAFAFABAACJCZCDBoBMBDA2A8AmAgAiAeAdAOAMAKACABAC
3127909,BeB5BhB5CKA7AoBEBXBXAfA0AaAdAAAKAGAAAABTBkB9BEBHBSBIBnBJAjAdAWAbAbANAAAAAAAE
3128006,B6B9B5BnBXBMA/A5AxArAbAeAVAWAQAHAEADABB2B6B7BsBbBOBKA/AuAmAjAhAgAXANAMAJACAD
3128105,BuB1BvBtBfBeBUBLA2AvAmAfAeAVAQAIACAAAABoBvByBjBdBQBGA/AuAqAgAeAYASAPAGAFAEAB
3128204,BpCHCMByBQBJBIA2AwAiAbAsAXAkARAPABAEABBpB/B3BeBRBCA6A0AuAuAgAqAmAZAKAQAKAFAC
3128303,BwBzBrBlBeBWBUBDA9AzAkAgAdAWAVALACABACBnBsBnBZBXBPBMBEAzAgAmAjAdAeANANAFAJAB
3128402,BqBrBjBnBgBlBRA8A0AsAhAuAjAZATAPAJADAABdBoBRBeBcBJBDA5A8AlAsAiApAnAPASAIAHAC
3128501,BmBvB2BTBpBQBUBGA6AtAmAXAsATAXAFALAEAABnBpBpBTBXBeBFA6AtAoArAkA0AWARAHAHABAC
3128600,CNB7BvBzB9BoBLBIA2AwAgAhAPAHAQADAGAAAABtBkBoBvBoBIBSBAAsAfAhASAXAEAIAHAAACAE
3128709,BtBqBqBgBbBXBUBBBEAjAmAfAgAYANAIAJABAABnBkBjBcBaBXBPBGAuA3ArAfAeAcATAPAHADAB
3128808,BoBpBrBiBbBVBIA8A7AwAkAjAvAdASAPAGADAABgBiBqBiBRBUBMA5A0AkAqAqAsAbALAJAIAGAI
3128907,BsBjB2BxBhBbBHBFA3AyAmArAUATANAJAIAAABBfBmBtBcBZBTBHBABCA7AfAhAkAXAKAGADADAC
3129004,BeBtBrBiBVBVBMA7A5AuAxAkAiAdALASALACABBnBmBvBkBVBNBDA7AzApAsAnAhAlARARAKACAD
3129103,BjBiB0BpBXBbBGBGBCA+A3AvAbAdARAQAIABAABhBoBtBmBaBTBFA4AvAoAmAiAkAPAGAIACABAA
3129202,B1BvB3BUBgBKBLBNA/A0AlAbAgAfAJAPAMAAAABhBlB3BwBTBRBKA9A2AsAcAeAbAYAaAGACACAD
3129301,BzCACCB6BmBMA4ApA0ApAtAhAjATAMAKABAAADBsB2B0BwBWBQA6AxA6AkAqAcAeAYARANAEABAA
3129400,B8BzCBB8BrBTBLA2A1AzAqAYATAZANAMAGAAAABnBsBzBnBQBVA5A4AvA0AgAiAiAMAIALAHADAA
3129509,BoByBiByBXBeBTBKAzAoAsAkAbAdALAIAEAAAABjBoBuBLBVBfBZBFA3AtAxARAhAdAOAMACADAA
3129608,CQCYCVB9BUBDA+BFAsAkAaAiAUASAIAKAEABAACSCaCEBeA3BGA3A0ApAiAeAdAQAHASAIAAAEAC
3129707,B6B2B0BeBhBWBXBKA9AyAjAqAdARAKALACACAABwBvBlBgBUBLBKA9AzAtAmAcAYAPAVAGACAAAA
3129806,CDCGCCBrBfBYBQBGAxAiAcATAQALAGACABAAAAB/B9CHBmBeBZBVBBAwAjAaAXASALAFAFADABAB
3129905,BRBeBsBXBvBOBRBQBQA6A8ARAiAnAKAQAAAIAHBgBMBMBLBVBYBLBRBBAsBAAaAXAeAFAbAJAAAH
3130002,BhB4CLBYBIBbBHBABEAbAiAkAbAsAVALAFADAAByBYCBBmBnBDA1A3A0ArA9AgAaAgASAAAAAHAA
3130101,B+CFCCByBgBQBHBAAyAtAeAbAUAPAGAFACABABB5B+CBBqBfBRBLA5AwAgAcAaASATAPAIACAAAB
3130200,BsBtBrBqBwBgBPBFA6AqAoAgAdAPAJAPAAACAABtBiBqBiBgBdBPA6A8AqAoAWAfAYANADAAAAAA
3130309,BtCABjBVBpBdBZBIA5AkAqAeARAUAPAKAEACAABmBvBmBSBQBfBgBAA2AyAjAgAhAVATAHABACAA
3130408,BxBrB8B8BuBCBUBIAwArAeAhAhAOAPAQAFACABBlB7BjBKBWBkBDA8AwA0AwAWAgATALAHAIADAA
3130507,ByBqBoBdBiBZBUBTA5AvAkAdAdAUAXAWAGAAABBoBsBhBmBbBXBDBKAoAmAgAhAmAbALAFAEAAAB
3130606,BkBsBpBpBqBkBRBGA3AxAuAeAhAZAQAKACACAABbBoBwBpBiBUBMA8A2AqAjAbAeAPAPAIACAAAA
3130705,B/B0B7BwB6BrBABFAyAiAwAeAaANAGAKAEACAAB1B0BcBrBVBTBMA0AxAnAcAhASAQAMAEAHAAAB
3130804,BpBlB5CEBnBRA6BOBHAiArAhAhAVAGAEAAAAAABzBRBzB2BkBSA8A7A7AXA/AoAOAvAEAAAAAAAA
3130903,ByCBCAB7BaBTA+AwAtAmAlAfAkASALAIALACAAByB9CABrBWBGA8A8AwArAnAeAXAVAMAMAEACAB
3131000,CDB9B3BjBZBpBWBLAyAvAjAjAWAJASAHAJAAACB2BsBxBWBUBFBGBGAoAkAgAZARAYAQAQAGAHAA
3131109,B1B5B4BoBMBKBBA+A/AkAqAgAlARANAHAFAEAABvB8ByBcBbBXA9A8AqAxAYAlAgAeAYARAGACAA
3131208,BiB5B6BoBUBQA5BAAqA1AlAkAbAZAQAMAIAGABBiByBvBoBcBMBKA6A5AhArAlAeAgALAVAIADAA
3131307,BvB+B+BlBaBMBTBVA3AnAfAWATAJAGADABABAABoB6B/BoBhBjBfBRA2AkAbAZATAMAGAEADABAA
3131406,BsB0BzBWBPBgBFBAAvBFAmA4AfATANAVALACAABjBiBoBxBcBUBMA3A/AsAgAoAeAFANAFAAAHAA
3131505,BlBhBvBtBqBkBXBJA9A2AkAcAYAYAMAKADAAADBbBqBeBpBfBZBOA+A7ApAqAbAZATAOAGAFABAB
3131604,BlBkBxBzB0BhBeBLAsA7A1AjAYALAJACAAACAABjBlBfBzBiBYBAA7BDAyAnAKAbAKAVAIAAAAAA
3131703,BsB2B8BnBbBWBKBAAvApAjAXAQAOAJAJACABABBtByB7BrBlBjBSBFA1ArAgAdAYARAMAKAGADAB
3131802,BpCBCAB4BPBOA5A1AsArAkAjAbAXATANAFACABBgB6CHB2BWBLA9A/AsAsArAgAgAUAIALALAGAA
3131901,BsBuBsBiBdBaBJBQA2AiAkAcAUATAIAIADACABBtBxBvBdBUBdBcBDA4AsAmAhAiATATAMAIADAA
3132008,CFCSCcCPB3BTA4AoAqAwAgAaAFAJAJACACAAAACACXCJB3BWBAArAzAsArAVAXAJAPAFAHAEAAAA
3132107,CXCgCNB2BXBHA6AzAvAjAeAOAQAMAJAMAFAAAACQCZCDBhBRBFA4ArAvAhAjAWAUAQAQAHAFABAC
3132206,BeBdBxBfBhBiBPBFA0ApAoAmAcAhALAQAFADAABfBeBlBrBcBSBMBAAzAmAqApAgAfATAPAFAHAB
3132305,CYClCSB5BLA9AzAtAoAlAiAYAPAXALALADABAACdCTCQBkBHA7A0AvAjAkAhAfAVAYAKAJAEACAD
3132404,BmBsBpBeBfBZBSA+A2ArAiAfAbASANAIAHADACBlBoBlBjBgBeBUBGA5ApApAiAkAZARALAJACAB
3132503,CSCXCKBsBSBEA9AzAtAnAYAbAWAPAKAJAEAAAACTCXCDBlBLBIBAAyApAkAdAeAWAaANAGADACAA
3132602,BtBsBzBVBiBXBJBUA1AjAoAyAYAfAVARARABAABtBZBOBYBWBOBWAxA0AvA2AaAlAmAOAQABACAD
3132701,B9CHCDBsBUBKA1AuAoAhAuAcAZAXAJAPAKABAAB5B+CBBlBUBGA+AzAtAqAsAqAdAYAOANALAEAE
3132800,B6B/CWBtBXBOA4AxAxAiAoAcAkAQANAJAAADAABSBhBfBqB+BLA3BDAkAuBNAQAWANARAVASAZAA
3132909,BxBrBtBWBTBaBWBNBFAuAyAbAdAhAKAIAGABAABqB1BpBRBHBVBTBCAzAnAcAuAkAWAPAKAFADAA
3133006,BmBvByBZBcBVBTBOA5AqAoAgAaAdAUAKAFAAABBhBlBnBhBUBZBUBEA0AuArAfAeAZAUAJADABAA
3133105,BfBnBkBdBhBgBWA1A/AqAsAbAcAUAOAJAHAEAABjBkBlBiBiBdBXBHAzAuApAmAdAcASAIAIAEAB
3133204,BpB5CDB7BUBLA6AyAqAoArAdAeAZAVANAFACAABpB6B4BxBbBIA4A4AzAsAmAhAdAZATASAGADAB
3133303,B5CLCPBrBKBKA2AvAwAlAvAUARARAQAMAKAAABB+CFCRBqBPA7BBA6AwAzAnAaAZAWAOAKAHADAA
3133402,BpBkBoBmBlBhBVBCAwA4A1AhAgATAUAKAGABACBaBgBpBVBhBhBOBAA4AlAnAiAdAVAMAKAFACAA
3133501,BjBqBwBoBhBNBIBBA0AzAqAgAeAVAPAKAEAAACBeBrBtBmBRBRBKBBA9AyAyAfAhAeAPAPAGAEAC
3133600,ByBpBXBjBVBjBZBQA/A5AoAnAoAdAKALADAAABBaB0BkBdBeBOBIA/A3AnAqAaAcAOAXAMADACAA
3133709,BsB4B5BxBdBWBNA4A5A1AgAoATANAVARAEACAABvB1B0BfBUBWBEBIAsArAaAcAPAXAOAPAHADAB
3133758,BpBoBjBaBdBhBdBOA8AsApAlAaAcANAGAEADABBhBkBdBTBmBbBZBEA3AwAkApAdAUAKAJAGAAAB
3133808,BnBpBsBfBlBjBUBGA7AsAgAhAWASALAIAEABABBiBlBpBeBdBjBZBHA4ArAhAlAhAVAQAHAGABAA
3133907,CAB+B/BsBjBSBGAwAzAkAXAjAdAeAQAHAJADAABxB1B1BpBJBHBBAuA2AxAiApAfAVAPAQADADAC
3134004,CDCNCOB1BUBFAxAqArAnAvAXAbAWAMANAEAAAACBCKCFB0BIA7A2AxAwA0ArAbAVAZAKAJAFACAC
3134103,BkBoB4B0BmBMBPA+AsA9AcApAhAXASAJALACAABYBvBwBrBeBaA4A3A4AnAmAqAcAQAJATAGADAA
3134202,BeBeBqBkBfBUBJA/A7AvAtAiAeAVAPAMAHACABBcBbBoBoBlBcBQBJA8A2AsAkAeAWAOANAGADAC
3134301,BYBxB8BwB5BZBGA9A7AwAsAYAXAaAMAFACACAAB6BkBpBiBoBOBPA4AxAmAgAjAgAbAIAFAHACAB
3134400,BrByB7BuBiBbBPBDA4AuAoAgAXAVAMAHAFABABBpBuBzBpBbBZBNBCA1AoAhAbAUARAGAIAEABAB
3134509,CJBtBtBFB5BoBbA8A1AsAhAqAZAWAQARAAADAABQBpBfCDBmBTBNA3ApAwAgAdAQAZANAEAGAAAC
3134608,BzB0CBBwBbBQBDA0AvAxApAkAgAWAaAIAEADABBsB1B1BiBdBEA+A0ArAlAgAnAYAkARAPAEAEAB
3134707,B6CHCGB1BUBNA9AyAyAyAoAcAWAWAPAMAHADABBxCBB9BpBNBHA3A1AsAnAmAbASASAYAPAPACAA
3134806,BrBmBvBmBHBXBZBTBEAsAmAlAvAUATAMAFAAACBeBwBoBVBIBCBNA/A8AxAoApAUAiAMANAKAEAC
3134905,BnBvBnBiBUBTBSBCA1A0ApAiAbAhARAHAHABABBlBqBtBZBcBPBTBGA7AoArAkAgAaAQAHAEACAB
3135001,ByB9COCHBpBPBKA9AqAsAdADAYA1ANADAJAAAABjBzB5BLBOBDA/A5A8AiAdAWA2AOAcAEALAFAH
3135100,CECQCIBqBkBLBBA3AuAoAbAVAQAQALAJADABAACBCRCGByBZBQBEA7AtAjAdAWAVANALADACABAA
3135209,COCYCKBmBUBEA5AzAvAlAdAYAVARAPAKAFADAACLCZCHBwBLBAA5AyApAgAiAdAYAUANAIAFAEAC
3135308,BsCJB8ByBoBTBDBIAyAmApAJAfAQAFAFAAAAAAB6B6CDB0BTBdBJBCAzAqAXAVAgAGAQAAAAAAAA
3135407,BgBhBoB1B/BqBGA/A0AkAqApAhAPASANACABAABWBmB3BgBjBJAyA6AtA7AiAzAmAYAQAKABACAC
3135506,B7CFB/BvBQBPA9A0AmAoAnAhAZAaAYAIAGADABByB9B+BuBSA9A7A0A4AlAaAuAdAaAbANADAAAA
3135605,CSCQCHBxBXBLBHA9AsAmAhAdAVAWAMAJABADAACPCRCDBiBPBCA2AxApAhAZAgAQAXAKAGAEABAB
3135704,CECNCAB0BTBHA5A3A2AqAzAeAgAgAIANAFAFAAB2CDBvBbBHBFBBAtAoAmAdAyAfASALATAGAAAA
3135803,B2CDCLBxBSA/A2A2AvAvAjAiAYAeAPALAFADACBzB8CDBwBKBBBBAzAxAlAoAhAaAdAMAMAGALAB
3135902,BvBuB1B7A3BTBPBEA2A7AlAvAlAUAIALAKAAACBfBzB8BKBdBPBJA6AyAyAiAeAaAYATAFASAAAA
3136009,CJCVCKB2BWA+A+AwAlAvAmAZAaANAHAJAFAAACCICJCEBnBTA/A3AwAxAuAgAbAPAUAPAOAHADAG
3136108,BfBqB3B+BvBMA+AwAmAtAnAxApAaAVAJAFACABBZBwBoB1BeBPBCA6AuAmArAlAnAWAPAMAIAEAB
3136207,BfBuB2BbBgBaBPA8A7AoAmAdAYAQAJAGACABAABcBnB2BmBrBhBWBQA/AtAjAjAXAbAMAHADACAB
3136306,CACIB/BuBiBWBFA/A4AsAjAWAPAPAMAFABABABB9B9CBBvBbBTBGA4AyApAfAWARALAIAFACABAA
3136405,B8B3CFBuBRBUA3A3BGA2AdAnAMAbAPACAEAAACB1CMB5BgBVA7BKAxA5AsAeAhAUAWAbAJAAACAA
3136504,B2CQCMBuBTBAA2A3ArAtAwAaAXAaAOAIAKAEABCDB6B4B0BMBJAxA0AxAtAjAlAaAOASALAFACAD
3136603,BpB5B+B6BhBMBBAnA5AmAnAYAiAaAQAFACAAAAB3B8CBB6BKBWA/BJAcAlAhAlAOAbASAQAHAAAA
3136702,BfBdBiBUBaBbBUBGA9ArAkAhAcAWAOAIAEACAABbBcBeBXBeBkBfBRBEA0AsAnAmAbASAMAIAEAC
3136801,CEBuCnB+BbBJA9A3AyApArATAZAXAJADADAEACBzCECCBrBQBAA8A4A7AoAcAaAaALAIAQADACAC
3136900,ByBwB+BhBkBYBOA/BEAtAkAeAZASAXANABAAAAB3B4BqBUBVBMBIBHAwAiAeAiAdAUAYAEADADAA
3137007,CLCXCZB2BIA4AuAuAkAlAkAYAaAQAKAMAEABABCKCYCVBqBLBCA1AwArAkArAZAZASAQAIAJAEAB
3137106,BpBtB2B6BnBTBRBCA8A3AkAdAYAUAMAIABABACBeBsB2BwBWBPA+BIAxAtAoAkAYASAOAEABABAA
3137205,BoByBzBmBkBdBTBEAzAqAfAeAZAQAHAGACABAABrBpBwBpBiBfBUBFA0AtAiAiAaAWAMAHABAAAA
3137304,CQCJCYCCBSA9A9ArAtAxAeAbAPAfAKAKABACAACOCgCTBdBDA6A2AxBHAfAKAZAeAKAFAKAHAAAC
3137403,B6B6B9BsBjBaBRA6AxArAfAiAiAVANAIACAAAABhBtB4BjBbBbBAA2AwApArAdAZAVAMALAGAAAA
3137502,BnBsB1B0BiBZBLBFA3AyApAgAUALAMAKABAAAABeBnBvBqBiBUBGBCA5AzAjAlAfAOAPAJAEAFAB
3137601,BxB2BwBnBUBaBZBEA1AsAbAhAUASALAKABABABBpBxB7BdBmBdBWBCA1AfAlAbAWAUAOALAFACAC
3137700,B6CJByBoBbBZA8A+AsArAhAXAeAZAMAMAIABACB4B9CBBqBUA7BCBFAwAgAjAdAXAeAMALAEABAD
3137809,BjBoBtBYBbBXBRBFA3A1AiAmAcAdAQANAEAAAABaBjBlBfBcBSBPBBA+AsAlApAjAZASAYAIACAD
3137908,BZB+CAB+BeBEBOAeAmA/AyAXAcAdARAYACABABB0BwB1BdBQBQAnAvBAAvA3AbAaAlAUAIAUABAA
3138005,BUBtBtBTBOBVBQBFBBA5AoArAvAlAbAGAIAAAFBSBhBrBdBNBNBMBCA9ApAsAgAkAZAOAZAHACAG
3138104,CXCNCCBtBOBfBHBEAxAtAhAmASAPAKAFADAAAACACTB7BbBXBCBHAwAkAkAeAQAVAQAJAHAHACAA
3138203,BnBrBsBbBaBSBTBFA7AmAjAkAYAZAOAJADABAABfBjBqBaBcBiBWBPA2AvAmAkAhAZAWAPAFACAC
3138302,B8BmBfB/BZBZBRA9A4A0AVAqAmANAWAPADAAADB1B4BqBBBkBKA9BHAmAbAmAfArAQAXAZAHAEAA
3138401,BcBpBsBjBYBRBGBBA+AoAhArAfAZANAOAGACACBdBtBsBfBUBTBPBFA3A3AqAmAhAaATATAKACAB
3138500,BjBfB5B3BqBPBEAxAwA2AhApAiAcANARAEADACBWBpB2B3BfBMBFA2A7A5AmArARAcAGAJAEABAB
3138609,BkBgBwBoBiBlBIA3A3AqAjAvAkAhAWAMAFAAAABcBhBnBlBSBLBRBCA4AiAhAoAcAdAaAMAKAEAH
3138708,BTBuBwBuBcBmBXBEBEAsApAkAvAPAWAMAHACAAB1BxBlBgBTBKBKA8AzAhAhAZAiAQAQAIAAAAAH
3138807,BtBvB0BnBeBMBLBFA6AwAoAeAVAXALAJABABAFBiBpBtBgBjBjBPAxA1AzAtAZAZATATAOAJACAD
3138906,CCCSCMCEBOBCA5A0AnAmAdAXAWAZAMAFAEAEAFByCPCQBlBIA+AnA2A2AuAvAaAgARAHATAHAEAD
3139003,BwB0ByBkBeBYBTBGA+AkAlAYAgAQAPAJAEAAAABuB0BnBgBaBbBPBDAwAtAhAdAbATANANAEAEAB
3139102,BoB/BmBtBQBLBYBCAyAoAgAlAmAaAUAMACAAAABrBaBuBeBXBjBOA8A0AtApAkAmAOAJAcABADAA
3139201,CSCUCNBtBMA+A0AwAoAoAeAcAWASAOAEAGABAACUCPCHBmBIBAA8A3AxAmAgAeAeASAPAKAIACAC
3139300,CeCqCTBxBRBGA0AtAtAlAaAaASAMALAKAFAAAACTCiCNBpBJBEA5A1AkAfAaAWAOAQANAHAEABAB
3139409,B6B8B7BkBhBTBIBAAzAlAiAbAeAQAJAIADABACB1B5ByBlBgBWBKA/AtAnAfAdAaAUARAKAEACAC
3139508,B2B2B3BgBbBTBIA8A2AfAvAbAeAWAPAMAFAAAAB0B0BuBjBaBRBHBCAxAvAoAXAgAbAJAMAGAFAB
3139607,BuB9CCBxBWBNBBA4AwAiAlAeAcAaALAKADACABBrB4B8ByBeBKBCA8AyAsAmAiAfAPAQAKAEADAC
3139706,BrBuBtBvBkBhBDBCAyAzApAcAZAaANAFADAAAABnBiBmBvB2BTA9A9BBAlAXAfAaAVAbAPAKAAAA
3139805,BkBYBeBjBgBOBOBDA3AxAsAnAhAfARANAJACACBiBqBdBSBZBkBTA7A5AnAnApAtAUAZAQALACAB
3139904,B9BzBuBtBrBfBYBFAxAuAgAVAVAWAOAHAEAAACB4B3BpBnBbBWBHA7A0AjAjAfAWAOAMAFADAAAA
3140001,B8B6B9BmBdBaBNBBA3AlAaAaAUALAIAIAEABABB5B9B9BfBaBYBOA9AvAmAiAZAcASAPAIAGACAB
3140100,B8CRCQB6BEA7A0AmArAoAgAnAWAYAMAJAGACAACEB8CCBrBRA+A3AlA7AsAsAlAcArAGAPANABAB
3140209,BcBWBmBhBjBNBVA4BaAhAmAXAyAdAGAMAQANAIAuBsByBlBKBYBKBLA1AhA+AvAaAeAJAWAJANAD
3140308,BsB5BzBqBeBTA6A2AyAoApAqAbAYAKALAOACAABfB8CXBnBFBCA9AsAlAlAzAdAtAhAoADAGAEAB
3140407,CCB8BrBRBrBbBLA+AtA4ApAbATAMAJALAAAGAACOB7BtB3BNBWBDA4A5AzAdAfAMALAPAJADAAAA
3140506,B3B0B3BqBcBaBDA7AxAmAsAjAWAXAPAMAGADAABsBzBwBnBYBSBMA7AyAmAmAfAcAbAHAKAGADAD
3140605,COCOCDCEBMAzA4AwAhAaAzAiAfAWAOAJAEAIAAB/B8B0BWBKBEA4AlAxArAyAtApAWARAPAMAFAB
3140704,ByCCCABtBWBaBDBDA4AnAjAgAZAOANAIAEABACBuB3BrBfBaBRBVBDAyAsAbAaAeAWAPAIADABAA
3140803,BlBkBvBVBkBbBRBGA6AyAuAgAgAVANAHAEADABBhBiBdBhBhBaBUBJA2AuAqAfAaAUAQAMAHAIAD
3140902,CKCAB9BpBiBLBBA9AuAjAcAjAeAPAOAGABABAACACNB9BnBTBMBEA5AvAkAgAYAeAYAKAHACAAAB
3141009,CKCSCCB3BaBTBAA1AtAcAdAXAVAOAGAIACABAACGCNCABpBfBNBBA1AnAvAaAeAXAQAHAGADACAB
3141108,B0B5B/BrBcBYBLA/AyAqAnAVAZAHAJAGAFAAABBvB3B7BoBhBeBMBBAyAlAaAkATAPAPAMAEACAA
3141207,BKBgBuBgBUBJBLBDA7BEA3AkAeAgAZALAAACAABdBmBpBmBMBQBHBDA4A0ArAzAXAfATAJARAHAD
3141306,BuBrBxBfB7BpBaBLA+BCAmApAVAdAGAEADAAAABHBjBUBoBfBOBMBAA1A7AgArAbARAAALAAAAAA
3141405,B3CACMB3BRA/A6AxAxAuAtAbAZAVARAIAFAEACB3CGCGBsBIBJA2A1A3AlApAfAeATALAJAIAGAD
3141504,BnB8CTCFBXBHAxAsAwAkApAcAhAbARAOACADABBlB9CEB+BXA+A5A2AwAvAkAkAdASALAQAEAGAA
3141603,BeBnB3BxBZBVBJA8AzApAqAlAgAfAWAOAEAGABBhBkBrBiBPBNBAA6AyAsAjAwAtAYAdAWAHABAA
3141702,B4CECFB1BdA7BGA/AtAgAcAcAdAZATALAFAAABB2B6CABvBUBeBEA8AuAkAaAfAZANATAHABABAA
3141801,CfCgCRByBXBFAuAwAtAdAXAUAOAOAKABABAAABCcCcCHByBYBEBFAvAlAkAfAXAWAOAGAHADABAB
3141900,BsCVB6BcBRBSBBBDA2ApAiAZAmAUAQAJAAAAAABuBZB3BnBlBeBKBDA1AcAZAuAmASALAEAHAHAD
3142007,CLCMCOB3BkBFA/AxAoApAkAUAPAXAQAIACABABCGCICCB3BVBBArAvA1AnAfAYATANASAKAFABAB
3142106,BuB3B/BqBbBNBMA/AzAnAiAjAiAZAQAOAEABAABrB8CABjBTBIBBA+AoAqAdAnAdAYAVAMADADAA
3142205,B3BkBsBrBaBPBMBBA2ArAsAcAfAZAQAJACADAABlBzBuBmBbBHBHBCA8AmAhAjAeAUAcAJALAIAA
3142304,BZBrBlBVBQBKBDBCA1AtA0AnAfAmAQAfAIADAABbBzB2BgBPBQA/A3AsAoA9ArApAeAeAUAFAAAE
3142403,BtBpBkBiBsBaBNBCA/AwAtAaAmALANAEAGAAAABlBuBzBiBcBdBFBRAjA1AaAnAgAXAMACAEAFAE
3142502,B4COCXCFBQBFAvBRAtAoAwAQAWARANAAAEAAAFB0CJCBBkBQA6A3AvAuAcA7ARAcAeATAJAEACAE
3142601,BsBzBvBeBcBhBgBPA+ApAcAdAlARALANAEAAABBzBpBoBVBWBZBTBCAxArAgAjAYAUANAMABACAA
3142700,CCCfCKB4BSBFA9ApAvAjAlAVATAPAIAMADAAAAB/CXCIByBSBBA1AyAuAvAfAZAQAZANALAHABAB
3142809,BrBxBsBkBaBYBSA7A/A1AnAoAnAXANALAGADABBiBlBmBaBbBXBHBIAxAyArAfAXAWAMAPAEAAAA
3142908,CHCTCMBtBPBIA7A4AuAoAiAUARARALAHACADAACECVCEBsBaBLBEAzAwAjAZAdATAWAKAIADAAAD
3143005,BtBsBwBwBkBhBXBJA4AuAwAbAhATAWAKADABABBjBqBrBaBWBQBCA1AyAqAlAgAZAhAOAEAMACAA
3143104,BsB0B2BpBmBiBUA/A2AuAjAZAdAOAIAEADABAABfBnBvBsBdBkBQBCA6AmAkAjAWASAJAHAGABAA
3143203,BsBsBrBbBXBXBOBGA6AyAtAiAqAVAOAKAJABAABiBkBqBhBUBTBKBEAyAsAhAoAbAjARAPAIADAA
3143302,B4B+B+BqBeBPBHA7AzAnAeAWARALAJAGACABAAB2B6B/B4BlBdBOBCA0AoAfAaAUANAKAGAEACAB
3143401,BdBkBwBnBxBhBWBKA7AsAqAcAkATANAJACABAABaBfBgBlBtBiBMBBAzAqAhAmAiARAKAHADABAC
3143500,B2B4B/BfBrBwBQA+AwA3AdAZAQAaANAGACAAACBmBtBcBpBjBLBGA8AzAmAwAYAXAZASAKAEABAA
3143609,CHCPChBhBTBABTAxA+ArApAYAgALAKAAAFAEAIBqCIB9BWBKBQBAA7ArAmAoAZAVANALAMALAAAA
3143708,BwB9CEBiBZA3BHAwBJAXAjAkAbAUAbAQAFAIAAB3BpBsBaBMBUA5A2AZAsAoAuAsAqAiARAGAIAA
3143807,CCB1B0BbBjBdBVA+A4AuAiAfAiANAGAIAFAHABB0B/B1BqBdBVBFA3AzAhAhAcARAIAPAIAGAAAA
3143906,BnBxBuBcBXBPBMBEA5AoAjAiAeAUAQAJADACABBmBtBwBcBgBXBUBIA4AsAiAmAgAXARANAJACAB
3144003,B0CFCBB1BbBKA7A5AvArAmAeAdAYASALADADAABwB5B6BnBWBLBBA5AuAoAfAiAZAYAOAIAJAEAC
3144102,BlBoBrBiBVBXBYBHA4AuAkAfAsARAOAMAFAFACBkBiBpBbBaBXBPA+AzAmAkAzAaAbARAPARACAA
3144201,CDCFCHBmBWBuAwAbAfAvAsAaAhAbANALACAAACBqCBCHB7BMBCAcA5A4AsAeAqAiARAWAPAEAFAA
3144300,BsCCCGBrBZBIA9A0AtApAmAbAYAUAOAMAFABABBsB1CHBxBUBSBFA9A2AvAjAhAdAQASAKAEACAB
3144409,BcBeBYBaBfBiBiBfBAAvAkArAgAkAQAKAEAIAABaBeBVBnBXBTBGAuAuA0A0ApAkAZAVAMADAIAA
3144508,BmBvBwB2BsBMBYBEAwApA0ATAjASAMAJADACAABpBlByBYBmBiBDA5AyAnAnAbAYASAaAKAHAFAA
3144607,BsB2B7BgBVBRBMBIA5AuAoAbATAXASAQADABABBqBxB6BgBVBSBNBDAvAnAkAgAcAVASAPAGAAAA
3144706,B0B0B4BkBhBXBPBBArAnAVAkAdAKAIAHAFAFAAB5B3B1BkBXBfBRBBA2AmAhAfAgAOANAFAJACAA
3144805,BnBwB1BhBcBZBVBHA+ArAhAaASANAKAHACACAABhBtBxBhBhBfBTBJA2ArAnAcAZAcAOAMAGADAB
3144904,B9CQCQB/BHBHAxAuAsAwAkAeAMAKAXATAMAHACB3CFCaBeBKA8AkA2AwAyAkAhAaAFAbAIAQAHAC
3145000,BoByBoBfB0B2BqBXBLA5ApAgASAIAKAHADAAAABtBoBwBZBNBhBXBBAtAfAcASAPAMAIAFACACAA
3145109,ByBtBwBsBbBYBQBIA+AoAoAfATAfATALAAABADBnBsBvBhBeBSBGBCAvAnAaAjAdAaAQARACAAAB
3145208,BsBpBpB2CBBmBPBGA1AnAfAcAOAMAKAIAFAEAABqBjBvBxBqBjBUA/AuApAsAOAOAXALADABAAAA
3145307,CQCTCYB2BIA6A5ArA3AlAiAfAQAQAIAFAEABAACPCrCCBkBKBBA3A1A3AsAjAYATARAJADAEABAB
3145406,BVByByByBuBQBKBZArA1AmBAAcAhAaAQAGAAAABrA6CABXBYA7BOAqAsA5AXAxAWAeAMAMAHADAF
3145505,BwCNBlA8BOBLBQBFBfAlAqAqAjAgAMAIAAAAAIBaBYB4BnBPA+BKBJBFAUAyAsARAcAQAaAJAEAA
3145604,BpBlByBnBeBYBMBBAzAnArAfAbATAPAGAHABABBsBjBqBjBgBWBQBEA5AsAmAmAlAZAMAJAGAEAA
3145703,B/BXBtBoBnBTBNA7AzA5A9AaAcAVAQAMAAAAAABHB/BXBuBlBJA+BSA7AiAcAXAhAfASAlAGAAAA
3145802,BcCkBwB/BoBTA6BFAjAiApArAiAOAUAKALAAAEB2BICSBaBgBIBKA5A1AqAiAcAZASAFAGAJACAA
3145901,CJCJB2BMBQBZBuBiBDAkAPASAJAIADAEAAAAAACACAB6BZBRBqBsBTArAcAUAUANAHAHAGAEABAA
3146008,BQBgBxBuBoBWBQBDA3AxAtAhAXAZAMARAIACACBYBpBtBgBUBWBLBDA2AsAuAiAkAXAXALAKADAB
3146107,BwBxB4BkBhBUBMBCAyApAlAXAVASAKAGAEABABBrBtBzBpBiBeBRBEA2ApAjAhAdAQAPALAFABAC
3146206,CPCSCQB4A+A2AvAlAmAmAfAhAjATAUARAGABABCNCUCQBkA5A7A3A8AjAmAhAkAnARARAJAJAEAG
3146305,CDCPCFB2BbBAArAxAsAnAXAoAjAHANAKALAAAAB+CSCJB0BFBBBBA5ArAtAlAeAcANAJAJAIADAC
3146404,BgB0BuBmBYBZBVBJA9AvAfArAUAfANAJACACAABcBrBtBdBoBUBCA9AyA0AqAmAUAgAOAJADAFAA
3146503,BmBkBnBkBjBiBUA9A3AwAqAhAgATAPAMADACAABkBmBeBjBaBaBLBCAzAwApAsAiAUARAMAIABAA
3146602,BJBqBhBkBUB4BhAnA8BNAlAiARAyAdAVAFAAAABZBPBwBNBQBDAnBAArBOAhApAxAnApAIAEAAAM
3146701,BhBzB2BjBOBIBKA8A1A3AkAsAfAeAYAOAHAAABBaBuBpBoBUBNA8A+A5ArAvAqAlAjAOAOAHAEAA
3146909,B1CBBjB0CdCGBbAzAzAgAfAYATAOAOAIABABAAB6BSBkBtBfBYBBBFAnAnAYAWANAaAKAGAEABAA
3147006,CLCFB8BuBiBaBQA/AxAfAdAXATAOAEAEAFAAABCBCCB6BvBgBXBEA5ApAlAbAYARAPAIAIADAEAB
3147105,BsBsByBiBhBdBTBBA1ArAnAaAXAPAJAGAEABABBqBsBvBnBiBeBSBHA2AoAiAdAaAVARALAHACAB
3147204,BuBzBrBfBVBXBQBFA2AwAdAoAeATAUANAHADABBtBmBkBfBcBYBFA/A2AnAnAmAhAdARAJAJADAC
3147303,BiBqBtBhBhBVBJA9A4AsAlArAdAZATAOAIACACBiBoBlBiBYBWBIA5A1AxAuAoAlAcAVAIAHABAC
3147402,B4B6BzBvBsBYBNA7AuAoAdAdAXAQADAFADABABB9ByBsBhBoBmBPBAA7AmAgAYAUAKAOAGABAFAB
3147501,B9ByB5B3BLBTArAdBAAhAtAmAcAGAlAPAXAAAABYBbCBBaBlA0A7BPAlAmAyAkApApAgAnAAAAAA
3147600,BkBtBwBsBeBUBNBHA4AnAfAhAWAeARAKAJAAABBjBmB0BcBaBVBKBBA4AsAlAnArAQAXAMADABAB
3147709,BUBpBaBwBsBcBABCA6AtAuAlAaAeAbAKAKAAAABRBXBrBtBcBRBJA8BEA0AxAhAjATAZAKAEADAC
3147808,BvBiB9B/BoBmBGAuA3A1AlArAfAPAIAfADAFAABUBuCEBnBCBZBBAvAzA2AcAXALAbAXAYAAAAAA
3147907,BqBrBpBkBfBaBRBEA1AxAmAgAYATAMAJAFABABBkBlBoBhBgBcBSBHA+AoApAgAbATASAMAEADAC
3148004,BmBrBtBoBmBbBQBHA5AqAkAcAWAPAKAJACABAABiBpBoBtBnBdBWBGA2AuAlAhAcATALAJAGACAB
3148103,ByBwBwBqBpBgBQBBA3AoAgAeAVAQAKAEACABAABvBsBvBmBlBgBOA+AzAsAhAcAUASAQAJAEACAA
3148202,BpB4BrBMBhBVA+BDA6A3AmAjAsAZAPAXARAEAABVBWBpBjBFBQA/A2A1AtA2AfAlAvALAfAMADAE
3148301,CFCECOBYBYBRBCA6AwApAkAZAZAfARAKAFAFAABvB5BlBoBeBLA0A0AqAiApAsAjAVAOAYACADAB
3148400,B+CJB6B2BPBLA2AxAfA5AcAgAgARARAGACAAAAB9B2B9BuBZBXAzApAwAsAeAxAhASAVANAMACAA
3148509,BqCFCcB8BvBLBMArA0AlAiAbAfAQAJAFADABAABYB1CJB9BcBRBDAzAxAnAnAcASAOAFADAIABAA
3148608,CRCQCUBgBFA8A2AvAlAnAgAfAaATAPAKALABAACFCHBzByBYA+A0AwAsAoAuAiAgAZATAJAPACAC
3148707,B9CFB4B8BeBHA8AyAwAmAuAZAUASAGAIAEACAAB4CBCHB2BdBSA8A7AvArAeAcAYANAJAKAEADAC
3148806,BkCBB9CRBmA8BMAwA2A2AkAjAYAaAPAPAJAAAAB1BlB5BUBEBABSA/BEAhAoAhAWAKAQALAIAFAA
3148905,BZBhBtBoBrBhBIBCA4BJApAnAkAfAMAJACAGAABaBeBlBdBWBLBLBCAnA2AjA3AeAWAPAJAHAGAA
3149002,BqB/B7CMBgBbBIBNBDARApAmANAnAOAAAAAAAABoBvCMBRBqBcBFAtAUAsA6APAXAAAFAHAIACAG
3149101,B1BzBxBlBiBiBUA/AyAuAkAkAZAXARAMACACACBvBrBgBkBhBTBGA3A0AnAqAWAlAQASAIADADAD
3149200,BnBGB9BhBoBmBPBVBBA3A2AvAVAXAJAFABAAAABnBPBdBRBpBaBKBEBDAqArA4AdANAEAIAAACAA
3149309,BvByBzBhBZBXBXBGA2AiAjAeATARAPAGADABAABmBxBvBXBoBhBaBFA4AtAfAcAcAVARAKADACAC
3149408,A+BpBnB0BkBdBGA5BBA4BRAjApAJANAJAUAEAAB4B0CBB8BhAiBJAxAuA9AJAVAcANALAOAQACAA
3149507,BeB8BrBbBVBUBSBLAvAZAcBSAVAaAXAKAAACAABdBmBlBQBTBRBEA8A3AcAxArAjAwAPAuAEACAC
3149606,BsBhBlBpBuBpA+A/ArAiAnArA6AbASAGACADAABpBhBiBaBdBSBSAzAoA4AmArAYAaARAMAMACAF
3149705,BcBkBpBgBnB2BSA3A8AoA4AhAgATAGATACAEAABWBhBeBxBcBlA9BFA1AqAoAjAZAhAXAGADACAA
3149804,BrBsBtBuBuBqBYBPBAAwAwAdAhALANAGABAAABBwBtBmBjBaBXBEA+AvAsAkATARAKARAFADABAA
3149903,BmBmBvBhBXBQBOBKA5AsAuAdAlASAOAGAGABABBgBpBrBcBdBSBQBDA5AqAqAkAaAdATARANAGAA
3150000,CNCYCCBrBVBBAvApAvAoAmAeAaARALAIAMAAAACAB0CSB5BSA/BKAzAjAnAsAXAeAOAPAHAGAGAD
3150109,BhBvBiBqBlBlBWBCBHAlAtAzAfAhARAMAVAAAFBVBiBhBXBUBEA7A+A2AxAjAvAbAVAJAOAKACAD
3150208,B2CLCLBwBgBFA4ArAmAjAuAgAUAQATALAGABAACECAB7BoBMBTBFA5AjApAmAbAaAcAOAXAEAAAA
3150307,BhBkB4BwBbBTBDBMA5AqAtAoAYAZATALAOAJAABnBiB3BVBJBPBDA0AyA2A3AUAbAbAkAOAJAAAA
3150406,BZBvBsB0BtBjBaA0AvA6AnAqAaATARADAKABAEBSBNBsBxBtBIA7A+AuA1AuAjAuAoAEAGAEAAAD
3150505,BrBpBxBrBpBeBXBOA3AvAgAjAVAcANAHADAAAABdBkBwBfBaBcBTA2A0AoAiAcAYAkAJAOADAAAA
3150604,BeBaBvBrBgBWBBA/AyArAqAtAnAnAaAIAEAAAABgBnBhBpBYBMBEA+A3AsAgAzAnAfAPAPAKADAC
3150703,B4BRBsBnBNBbBVBSA6A0AxAfAlAgAOAJAJAAAABmB5BcBZBUBPBHAtA/AuAqAhASAeAbAHANAAAA
3150802,B5CJB/B0BUA9A/AzAqAqAnAcAcAaAWAMAFADAAB2B+B9BdBPBIA4AzAxApAgAiApAcAVALAMADAD
3150901,BiB+B8B1BhBHBMAxA2A2A0AXAtATAeAIADACAABiBdB0BYBUBdBEA5A4AoAVAuAkAcAOAJACADAA
3151008,BqB4BsBhBoBTBXA0A4AjAuAhAiAXAKAOAHAAAAB4BpB1BsBcBaA5A+AnAuAkAkAfATALAPABABAA
3151107,BgBiBpBoBkBfBSBEA9AjApAhAfAaAUAKAEACAABdBkBpBfBYBRBKBHA4AtAjAdAoAVAVATAJAEAA
3151206,CECLCCBiBiBKBIA9AuAiAYAUAPARAIAFACAAAACBCHCEBvBWBZBMBBAvAhAaAZAbAQANAGAHABAB
3151305,BbB2BtBkBRBaBLBEA4AtAsAjApAeAUAKACAEAABtBiBmBdBjBSBDA8AxAvAhApAlAcAVAIADAEAB
3151404,BvBxBtBrBjBPBWA8AzAmAhAdAaAVARAFAAADADBjBqBsBnBjBnA/BFA0AsAmAbAcAWANARARADAA
3151503,BgBlBnBaBYBZBTBHBHArAmAlAWAaAOAIAFAAABBeBpBoBiBWBaBWBJAoA0AvAfAmAXAaALAFAEAB
3151602,B5B4BtBuBmBZBTBDA7AsArAaAWALANAHABABAABuBvB1BbBVBZBQBHA3AvAdAfAQAUAIAFABAEAA
3151701,BfBfBkBaBnBlBVBLBFAyAdAyAqAWAOALAFACABBaBfBcBdBbBcBOBCA7AwAoAhAeAUAUAHAEABAA
3151800,BcBmBoBcBXBRBQBLBBAvAmAiAcAUAOAIAEABABBbBjBnBdBaBdBYBTBCAwApAkAgAYARAMAHACAB
3151909,BwB/CHBwBQBHBCA7AxAsAqAjAbAcAJAMADACABBgB9CDBhBRBIA4AxAzAxAqAhAsASAPAOAJADAB
3152006,B2B3BsBmByBZBHA4ApArApAdAUATAJAMAGAAAAB0B0BsBdBVBaBOBCA3AqAoAeAjAQAQAKAFAEAA
3152105,BrBoB3BhBcBSBQA+AtArAdAcAgAQANAKADACABBkBwB1BgBeBeBNBFA9AnAiApAeAbASANAGAEAC
3152204,CDCVCMBuBaBRA+A0AuAkAdAVAPAPAJALAEADABB/CSCDBuBaBLA/A2AuAmAfAUAPASANALAEADAB
3152303,BoCCCGBzBZA+A4BCA0AlAnAcAfAYAOAMAEAAAABgB7CFB1BXBTBHAtAmAkAmApAfAfANAKAFAEAC
3152402,B/CQCRBuBJA6A3AsAkAnAqAgAdAaASAKAFADABB1CICKBmBOA6A4AuAmA0ApAkAlAUAXAJAIAEAC
3152501,BnBoBnBcBgBdBUBMA7AsAkAdAXASAKALAEABAABjBkBlBjBkBiBYBNA6AuAjAhAdAXALAJAEADAB
3152600,BjBiBfBWBfBpBSA+BDAyAnAtAiAXAQAQAJAAAABUBpBZBfBVBYBWA5AvA9AwAoAfAaAMAOAGACAC
3152709,BlBwBtBpBtBhBRA+AuAcAwAhAaAdANANAAADAABPBbBvBkBhBcBHA9AxA0AoAiAjAWAWANAHADAD
3152808,BwBzBzBfBSBjBWBIBDArAfAmAeAQAMAMACAAABBZBrByBgBuBhBbBBAvAkAkAXAWARAJAGACACAA
3152907,BgBdBwBhBgBRBXBKA5A1AmAmAiAYANAMAFALABBZBsBbBdBNBTBMBIA7AuApAnAwATAVAKAFACAC
3153004,BcBKByBiBkBuBCBnBPAxA+AjAeAYAMAQAAAAADBdBtBSBWBYA7BaAsAxAyAwAqAoAWAUAIACAAAC
3153103,BvCMB8B9A/BUA9A6AtAkAmAlAgATAbAWAKACAABxB7CPBVA0BAA3A0AtAsAeAjAkArAGAYALAHAA
3153202,CACTCMB7BXBEBDAsAnA8AlAjAWAcALACAOACAAB0B9B7BnA9BFA0AeA1BOAjAfAYARAGANAAABAI
3153301,CMCSCiBZB1BHBFAbAmAeAvAaAMAYAIACAAADAACFCNB/CJBXA5A+A+AiAwAYAWAWALAGAFAIACAA
3153400,BnB5CCB9BvBPBHBDA5ArAjAkAWATAIAGACAAAABrB1B8B0BUBLBCA/ArAsAnAhAQAOAPAGAFABAA
3153509,BsBtBtBoBWBcBDBMA1AfArAhAmAUAaAJAPACAABqByBrBYBZBSBGA9ArAnAeAxAjAkATAJAGAAAA
3153608,CKB+CFBqBUBZBMA8A0AlAjAWASAUAEAKACAAACB6B4B1BnBUBjBPA8AoAjAgAgAVANAMAIAJABAC
3153707,BzBmBzBXBNBZBMBGA5AyAiAjAmAZAUAQAEAAAABoBpBtBoBVBLBHA5A7AgAvAvAhAXASAFAMAFAA
3153806,AwBEBkCDBkBFBOB1BFAeBKAmAOAuAjASAGAFAAA2BWBtA0BkBwBKA0AtBBASAiA1AdAcAfALAAAA
3153905,BwB5B8BqBfBeBlBCA1AoAaAXAPAJADAGABACABBzBwB9BkBjBbBNBHAzAqAcAWAZAQAMAKAEADAA
3154002,BoBzB3B2BNBOBDA0AuAjAqAkAjAhATAMAFACABBhBvB3BeBdBMBAA7A0AyAtAlAjAYATASAJACAA
3154101,BcBmBvBcBKBNBGA3A2AvAuAsAoAYAeARAFACAABfBnBjBYBTBSBRA5A8AuA1AtApAfAgALAIAAAE
3154200,BjBiBdBmBnBfBWBCAuAyAkAjAeAjAQAHAIACAABhBgBkBhBkBfBGA8AyAtApAuAeAaAUAIAJABAD
3154309,BkByB2BmBfBUBBA2AuApAmAlAgAfAUAJAFAEACBcBrBzBmBQBSA6BBBDAsArAoAYAgASANAIAKAC
3154408,BbBlB7B5BhBjBIA/A2A3ApAlAXAUAKAHADACAABsBlBeBwBtBRBJA3A4AsAfAcAkAXAOAJACACAB
3154507,CTCWCLB3BOBJA4AyAyApAcAWAVANARAKACAAAACKCZCHBaBaBHA5A1AtAiAkAUAKAbAIAHAEACAC
3154606,CBCFCGBpBaBRBRBLA5AnAdAPANAJAFAEABAAAAB8CACKBoBbBYBUBIAzAjAXAVAQAMAIAEABABAB
3154705,BcBpBvA2BXBbBbBKApA3AkAsAgAcAYAIADABAABZBgBZBuA+BVBYBLA5ApAbBNAkAZAiAWADAGAA
3154804,BvB2B9BsBiBgBPA7AtAkAqAVASAaAJAKADAAAAB8B1B2BiBbBSBDA9AtAtAkAfAWAQALAUAKAAAB
3154903,BsB9CHBuBTBNBDA4ArAhAcAlAdAYAYAJAIABAABqB0CABkBWBIBHBCA2AnApAfAmAXAVAEAJAAAA
3155009,BsBhByB1BVBcBGAlAwAlAeAmAoAUAdASACABAABcBxB0BhBfBKBGA9AxAuAmA2AnAqALADAPADAA
3155108,CCCcCKB3BPA7AwAzAvAqAjAdAaATATAGAEABABB6CMCNBuBKBKA7A1AoAnAiAfAYAUAMAEAGAEAD
3155207,BjBuB0BzBeBaA8AkA2AxAuApAcAfAPAMAHACABB8BpByBeBXA4A2A4A1AvArAnAjAYAWAWAGAJAE
3155306,BfB0BuBwBYBdA4BXATBQAsAjAkAiAMAPAHACAABfByBmBlBRBKBCApAuA7AZAuAeAjATASAEACAD
3155405,BnBoBqBmBdBfBLA6A7AwAlAoAmAeAUALAHADABBfBaBgBYBfBVBDA9AxAsApAiApAdAYAJAKAHAD
3155504,BnBxBdByBoBhBQBDAxAxAoAlAjAWALALAGADAABgBsBlBoBjBZBGA6A2AuAgAnAcAWACAKAGABAA
3155603,CQCaCCB2BWBGA6A1AnAqAfAcARAPAHAGACAEABCGCUCPBpBSBDA7A1AuAjAeAbASATAHALAEAGAC
3155702,BlBvB8BuBYBQBNA+AyArAmAcAbAMASALAGACAABjBwB2BnBdBXBLA/A1AqApAhAgAZAOAKAIAAAB
3155801,BlBlBiBYBdBTBMA9AzAxAzAiAkAWAaAXADACAABlBmBcBlBZBRBIA+A4AtA1AdArAYAdAOAIADAA
3155900,BmBvBtBmBkBhBKA6A4A0A0AdAhAdARAKAFAFADBSBZBkBzBWBJBAA+AnA2AjArAlAXAZAQAHACAE
3156007,CWCMCBB8BQA4A3AyAbAsAiAcAlAJAQALABABAACRCEB8BxBMBGA2AqA5AmAoAjAaAaAOAKACACAB
3156106,BmBiBqBrB5BWBIBCA2AlAnAgAjAcARAJAFAAAABLBZBrBrBdBbBNBCA0A4AiAkAhAVAUALALAAAI
3156205,BcBiBLCMBTBdBsBCAWA0AoArAbAvAWAAAKAHAABoB6B3A7BmBPA8A4AlAlBIAcAuAGAAAbAPAGAA
3156304,BeB1BpBjBZBiBSBBA7AtAuAmAcALAaAVADAFAABrBcBoBfBnBZBDA6AyAxAoAbAPAaAUAWACAEAA
3156403,B0B8BjBvBfByBPBDBBAxAkAiAkAHACAOADAAAABvBPCGBUB1BWBPA7AeAsAjAcALAZASAJAAAAAA
3156502,B+CfCOBwBFBEA9AyAwAmAjAcAbAQALAQAHAEAAB/CTCABkBGA5A6A4AxAtAlAaARAfALAQAJABAB
3156601,B6B+B5B8BaBIA0AxAxApApAiAUAcAMANAMABABB3B+B3BrBTBHA4A3AuAyAiAlAfANAPAQAKAFAB
3156700,BwBzB4BrBoBdBQA7AvAkAfAYAUALAHAFABABABBrByB5BlBeBhBVBGA5ArAjAdAZAQANAHAFADAC
3156809,B9B9B8BtBWBPBCAyAwAkAgAfAXAcAJAQAIACAAB7B1B3BpBYBFA+AyAwAuAlAmAYAcAQAOAJAJAE
3156908,BnBtBxBjBZBcBKBFA6AwAvAeAbAYAJAPAHACAABmBnBkBjBcBWBKBAA0A0ApAgAiAPANAJANACAB
3157005,B9CJCJBuBMBCA4A2AuAqAgAeAVATASAIADADABB2CLCGB1BQBAA9A6AuArAlAfAZAXAWAHAGAEAC
3157104,CACPCJBzBXBNA9AxAqAkAiAfAXARARAMAJADABB+CJCHBkBTBFAyArAuAdAlAeAiASAOARAKABAA
3157203,B+B6CABkBVBbBQA9AvAiAgAWATARAJAHAEAEAAB7B6B7BkBaBdBQBBAvAiAcAhAVAUARAHAFAFAB
3157302,BjBtB8CEBkBYBCBGAzApAgArAdATAWARAAABAABnBlB5B3BTBBA3BEArAmAjAkAXAZANATAIABAB
3157401,BnB9CMBxBKA8A7A7A3AfAlApAcAoAVANAFAEABBzB2B4BtBLA/BAAvAlA1AtAiAkAkARAPADACAD
3157500,CBCVCHBzBdA1AyAvAuAbAeAYAVAVAYAFALAEAACMCWCMB4BNA7A6A+ApAfAmAaAZAQAOAFAKAAAD
3157609,CDCkCIB9BqBYBaAyA2AjAZAXAWAXAJAIAAAEAACECNBvBABQBRBFAmAlAeAdAZAKAOAVAIAKAFAA
3157708,BvB6CCBTBpBcB9A1AwA8AVAbANANAOACAFABAABsBtBzB0BjBeBXAkAyArAcAbALAcAJAGAHAFAB
3157807,B6B9CDBsBfBUBQBEA2AkAcAVAQAIAFADABABABByB5B9BoBgBcBYBJA5AqAcAaAUALAIAFACABAA
3157906,B4CICJBsBdBTBLA9AxAoAgAcAUAZAPAGAFABAAB9B+B6BnBXBLA/A2ArAkAhAWAfAOAKALAJACAB
3158003,CIB2B5B1BiBUBCAxAlAcAbAkAnAOAVAIAHACABB3B1ByBlBgBGA3AyAzAcAoAfAiAcAXASALAFAC
3158102,B5C2B/BxBYA1A8A3ArApArAUAVAMAfAOAHAAAACZB/B0BfBQA/BAAyA6AXAbAiAVANAXAPAJABAA
3158201,CDCMCIBsBXA9AzA6AoApAkAdAbARAOAIAFABAACECEB4B5BNBJA3AqAwAvAtAgAXAcAHAQADADAF
3158300,B1B1B9ByBlBZBPBPA4AxAeAZATATANAIADAAABBqB4B2BjBeBKBTA7AwAlAdAVAYASAQAIAAAAAA
3158409,BoBdBjBlBbBXBaBCA8AnAyA7AiAhATAMAIABAABbBWBVBZBiBBBCBKAuAzAsA8AaAPAYAOAKALAA
3158508,BxB+CQB1BcA/A9A3AsAuAwAhAdAgAPANAEABAFBvB+CCBeBEBHA2AzAtArAiApAgASAUALAIABAA
3158607,ByB7BiBXBmBpBQA+A0A1AsAbAoAMALAMAFAEAABnBTB6BvBeBQBHAyAnAzAvAeAcARAVANACAEAD
3158706,B0B6CgBlBSA7A5A/A6BVAgAVAWATAdAKAOAAAABcB9BuB6BCBXA7BNARAsAhAfAgAPAWALAIAAAA
3158805,BwBhB8B0BJBWBMBJAtAbAnAtAlAVANAUAJAGADBeBsBvBiBLBHA6A0A4AsAsApAsAeAcAIAMAEAA
3158904,CGCMCABzBZBOBEA3AxAlAfAiAWASASALAEACAAB3CDCBBoBbBFBGA3AmAlAbAfAYASALAIADACAB
3159001,BqCOB9CEBEBSA3A0ApAqAuAlAcAMAfAIADAEACB9BxCJBgBUAxAzA1AmA8AtAdAfASAiAEAPADAA
3159100,BtBwCGCLBqBSBEA2AjAlAhAhAhARATAKAMAEACBlBeBvBuBaA9A/A7A9AqAfAvAmASAQAGAKADAA
3159209,BZBjBfBiBjBeBaBKBLAxAnAkAnAfAUAGACABADBCBuBnBYBaBWBPBBA4AyAfAsAgAVAPAMAHACAC
3159308,BYBiBcBqBrBQBUA8A1A5AoAiA+ANAjAOAIAFAABXBnB2BSA+BHA+A+A8AuAmA7AgAlAUALAHAJAA
3159407,B1B4B4BxByBHA/A6A9AgAwAWATAfAWAKAHAEACBkB7CQBrA7BGBCA5A4AqAhAnAdAVAOAEADAAAA
3159506,ByB5CDBtBfBOBIBBA0AuAbAjAcARAJAKAGACAABxCDB+B+BVBEA+A4AnAsAZAlAdANALANAAACAB
3159605,BlBrBwBrBiBUBNA+A2ApAmAdAeAWARAKACACABBiBnBwBqBgBWBOBDA0AqArAbAbAdAOANAMABAB
3159704,B+ByB1B0BPBGBLBEA5A+AkAmAaAcAKAIAAALAEBUBrBwBeBhA5BFBCAwBKAZAiAXAaAOAHARAAAA
3159803,BoBiBwB3BdBRBLA8BKAzAyAkAXAYAPAOALAAAGBlBUBuBuBfBcA9BNA2AfAhAkAQAZASAIAFAAAA
3159902,BwBzCDBnBTBMBGBJA6AoAnAbAaAUAFAHAEACAAB1B+B5BgBYBPBQBBAtApAqAYAcAWAQAKADAFAA
3160009,BLBmBgCFBnBVBZBFBIAoA7AlAqAdATADAHAEAABfBjBmBCBJBRBHA+AxAtAxAmAkAeAJARABAMAB
3160108,CFB7CBB0BQBJA4AuAkBBAqAXAlAZASAFAGAAAAByByB3BmBcBNBBA2AqAmAiAtAaAXAfANAAABAA
3160207,CYCRCiB5BMA4ArArA7ARAfAhATAnAHAHAIAEABCGCWCKBbBDA7AgAwAnAnAnAVAaATAaAcAKADAE
3160306,B5CXCVB6A9BBA2A2AuApArAaAeAUANAMAEACAACFCXCBBiBJBCA3BEA0AkAdAeAUARAKALAFABAC
3160405,BtBiBsBeBcBdBVBGA5ArAjApAWAbAQAJAGACABBmBfBoBbBaBcBQBFA3AuAkAnAcAcATAIAGADAB
3160504,BECQBtB4BqBkBDA9AuAgAdAaAdAZAFAKAEADAABSCEBwB8BoBaAdA2A/AkAVA8AhAsAMAEAKAAAD
3160603,CACOCQBgA4BhBABDAvAeA4AcAXAQAMAGAMAAAAB9CXBoBsA5BjArA8AwAoALAmAtAPAFATAGACAA
3160702,BlBmBoBeBbBeBRBBA1ArApAcAaAZAOAGAFADACBfBlBrBeBbBfBVBFA8AzApAlAcAcAOAQAJACAA
3160801,ByCYBtBpBjBsBAAtAwAdA4AnASAMAXAKAJAAAACGBtB0BTBsBSBHAiAnAWApAYAaAWAeAPAEAAAA
3160900,BxBvBlBeBNBtBUA/AwAuAwAmAfAaATAFAIAFAABZBWBiBKBmBRBWAxA+BAAzAcAeAPASAeAEAHAA
3161007,BfByB6BpBLBFBCBFAtAiAxAfAiAgAQAMAKABACBsBpB2BlBIBaBJA6A7AmAtAcAkAdAaAZAIAAAC
3161106,CaCmCOBxBQBAA6AwAsAjAkAXAUAQAJAIAGADAACRCcCOBlBKA+A4AtArAkAaAdAZAOALAHADABAB
3161205,B4CJCCBoBeA9BXA+A2AnAXAjAkAaAOAJAAAAAABxBiB4ByBNBdA4A/AoAkApAlAjAPANALAFAAAC
3161304,BtCGBuBsBQBgBQBHAvA3AwAjAaAcAQAIACAAAABqB4B2BeBjBZBNA5AoAcAiAfAXALAJAMACAAAA
3161403,BzBuB0BkBgBXBVA+AjAsAxAaAbAZAUASAIABAFByBnBjBiBkBKA5A4AuApAsAgAhAfAMAVAEAFAA
3161502,BaBoBxBmBXBQBCA3AwAtAtAoAsAlAUAQAHABACBoBlBhBbBTBNA+A+A1AqAuAvAeAsAVARANAHAC
3161601,CDCdCqBnBNBBAtAzAjAfAWAeAcAWARAFAAAAADCMCOB4CTBbBBA/AxAaAaAqAYATAQAWAEAEACAG
3161700,B7B4B/B7BoBOBLBBAxAoAfAiAYAYAMAIAJABAABzB0B1BwBXBNBEAyArAoAfAiAUATANAIACACAA
3161809,BeBhBzBnBhBeBIA/AyAuAqAoAaATARAQADAHAABmBVByBgBdBPBOA/AxApAxAgAdAqATAQAIADAC
3161908,BwB5CLBkBUBWBFA3ArAqAjAYAiATAJAFAHAGAAB0B8B5BnBjBRBFA0AwAqAhAgASAbARARAJACAD
3162005,B0B0BuBaBhBSBSBDBAAlAoAbAgATALAJADACACBrBvBrBdBaBRBOBBAqAxAuAbAcAYAOAQALADAC
3162104,BpBwBnBjBlBaBQBCA3A3AlAcAaAVAPAJADAAAABjBsBnBjBfBbBNBBBCAlArAlAVAaAKALAHAAAA
3162203,BtBeBsCGBuBhBcBQA+AuAdAaAdArAQANADAAAABYB3BfBBBTBUBMA0A0AlApAjAgAVAQALAEAAAA
3162302,BrBmBtBqByBhBeBSA8ArAfAeAZAOAXAKAAALAABpBmBpCDBIBYBABEAvAVAvAhATANAGAKAEAAAG
3162401,CSCgCQB1BcBFA4AxAtAoAiAXATAXAKAHACABAACJCaCGBiBIBAAyA0AqAoAgAaAWAVAJAHABAAAC
3162500,BaBeBnBcBhBcBWBJA0AsAoAeAcAUAMAKAEABAABYBdBlBkBcBhBYBHA+AyArAoAgAdAUAOAHADAC
3162609,B6B5B5ByBlA4A2A/A4AoAoAZAPAtAEATAHAAAABqBuCCB9BLBXBGAxAnAjAuAeAjATANAIANACAE
3162708,CKCTCHBnBYBEA+AxArAmAhAdARAWAJAHAHABAACFCNB+B3BXBFA6A3AvApAfAXAaAQARAJAGAAAA
3162807,CCCKCOBlBFBFA3AyAmArAkAhARAKAUAEAFAFAACLCGCABuBYA/A8A1A2AoAoAiAcAbARAKAKADAA
3162906,BdBiBeBZBdBYBRBBA4AlAoAhA1AZAPAPAHAEAABiBYBZBUBeBbBUBBA5ApAoAqAkAgAZAVARAIAD
3163003,B/CeCQBxBdBLBDAlAYAtAUAfAZATALAEAAAHAACJCfBqB4BSBMAzAuA6ATAoAkARAOAMAMAIAHAA
3163102,BfB/CIBjBcBsBRAuA8A6AlAcAgAaATADAAAAAACDBFBuB0BkBKBGBFAwAhAdAiAWAUANADAHADAA
3163201,BpBhBvBhBrBZBQBHBCAYAsAqAhAWAFARAJADACB0BuBjBUBcBTBLA2BCASApAuAUAgAWAHAJADAA
3163300,BwCNCCCBBmA2A0ArAlApAlAZAjANAPAIAAAAAACECECOB6BSBRA4AzAsA0AoAeAPAQAQAKAEAAAE
3163409,BxB1COBkBZBDBAA7AtAjAVAiAkAcARADADAEAABwB9CABnBABSBUA2BAAqAfAzAWAUAYAJADAFAA
3163508,CKCfB9B1BVBBA5AvAjApAgAhAdAVARAIAEAAABB9CECEBtBRA+A1AzA3ApAmAgATAbAOAIAFABAC
3163607,BxCgBgBYBpBWAiBBBMAzAXAdAVAjAcASADAEAAB3BlCaCLBKAxBGApBMArAMAoAPAWAIADAAAAAA
3163706,BZBwBsBWBWBUBJBKAyAnAsAZATAcATAMAFADACBbBsBxBYBVBeBRBUA2A0AsAiAqAdAUANAFAEAC
3163805,BxB5BuBlBZBVBUA5AvAlAjAtAlAbASAIAKAFAABqB1BrBgBUBJBGA+AnAkAiAxAoAVATAGAKABAA
3163904,BhBsBaBfBJBfBiBEBNAyAqAeAjAmAXANAGAAAABjBiBcBbBOBVBGBGA1AvAxAiArAQAQALAKAAAD
3164001,B6B8CKBlBNBMBEAyAtAcAbAqAdAeAPAJAJAEABBvB/B4BlBTBGBKBAAsAkAgAlAgAeAZAJAJAAAB
3164100,CXCECFB7BfA8A1AtAlAjAgAbAVATAIAIACAAAAB1CFCKB7BgBBA8A3AqAlAmAWAbAcAKANAHADAD
3164209,CHClCZBsBPBHBDAxAqAgAkAeATAUANAEADAAAACUCUCFBrBNBIA0A4AnAgAeAYAQAVAIAGAEABAA
3164308,BQBvBoBsByBmBPBOA7AsAzAqAPAZAdAKADAAAABbBRBaBoBWBLBOBAA7AxAnApAhATAWAHAEABAB
3164407,B2BvB/BlBkBbBVA5A8A9AsAgAUAkAIALAAAAAABeB7BpBmBHBFBHBFArAaAqAeApAPAJAPAKAAAE
3164506,CYCQCOB0BPBBAsAxAtAqAdAfAWARAMAKADABABCMCRCJBtBMA5AxAzAoAxAeAjAYAdAMAGAFABAC
3164605,BlBmBnBnBcBZBOBEA4AvAoAkA+AZAFAJADAAAABdBgBqBUBlBTBEBMAuAdAjAxApAdAXAIAMAAAA
3164704,BmBrBpBiBZBPBQBGA7AyAsAeAeAUARANAGADABBfBpBqBZBZBaBPBHA6ApAnAlAiAWATANAHADAB
3164803,BNBPCQCNB5BcA9ApA9ASAcAvAaAfAJAZAKAAAABgBiCKCEBdBFAgA0AwAVAnApAjApANATAIALAC
3164902,BNBXB6BiBXBEBZA9A6AnBFAnAkAgAZAVAHAAAABiBMBgBfBDBkBMA1A3AnAkAjAkA5AYAiAAABAE
3165008,BfBnB0BtBoBNBNA6A1AwArAjAlAXANAKAFAAAABoBnB2BjBHBbBFA6A4AhAlArAnAXAUAQAIAEAB
3165107,BsBqB5BpBUBKBLBFBJAyAoAiAaAhAQAKAGAAAABpBvBsBcBNBJBBA7A1AxAtAkAdAbANAMAKAHAA
3165206,B6B3BwB5ByBiBeBKA5AvAcAoAZATATAEABABAABxBrBnBRBVBUBIA/AkAuAWAhAeAIALAIADAAAA
3165305,B1BdBxBoBZBOBXBCAwAnAlAjAhAXAYAFAFADAABlB2BpBeBUBeBAA9A6AfAiAqAYAkAfAIAJADAC
3165404,BtBpB8BoBZBhBeAuA2AwAgAlAUAyARAMAJACAAByBrBxBrBSBFAzBFApAlAZAwATAfAaABADAIAA
3165503,CbCOCEBuBSBOA7AwAeAoAnAfAMAlAEAHAHAAAAB+CNCIBmBUBHA5ApAoAjAsAXAdAQARAIALAEAA
3165602,A2BsChBcB4BFBIA5BLA0ApAZA2AZASAUAAAAADB/BrBEB3BhBBBPAtAsAoAsAgAwADAXAJAAAHAA
3165701,BwB6CJBwBHBYAzArAyAqAqAuAcAQAhAMAJADACBbBtCGBiBLA5BDAyAvAxAcArA5AdAWAKAKACAB
3165800,BTBbBYBrB3BpA7BrA4BcAeAhAbAsAKAWAAADAAA2BjBWBjBTBVBOBDAiAoBIAgAlAPAHAjAAAAAA
3165909,CVCTCTBuBcBFA2AuApAnAlAmAbAJAIAFAAACAACXCMB+BtA8A9ArA0AwA0AqASAcAgADAKABACAA
3166006,B0B3B7BeBZBSA7AxAzAxAlAnAcAfAMAVACAEAABdB4BqBoBVBMA9A7AyAwAjAyAuAQAXALAJAAAA
3166105,B6B/B6BtBSAzAtA1ApBBAzAWAlAgAcASAOAIAABaBsBwBoBAAyAlA3AtBJA1A/ArAfARALARAAAE
3166204,BrBwCBBzBmBZBHAyAwAyAgAfAcAWARAPABACABBiBhB3BqBlBOA8A9A4ApAwAXAdAcAQAIAGADAA
3166303,B3CRB/ByBcBRBCAzAwAsAdAjAXAKARABAFAAAACBCHCCBpBUBJA7A3AmAqAlAcAYAgAKAHAFAAAA
3166402,BkB5CPB1BPBDA7BGA/AxAZAwAPAGAJATAIAGAABvBSBeB7BXBoBDA0BRAnA7AOAGAPAZAcAJAAAA
3166501,CsCQCTBrBRBJA0AtAmAdAdAiAaASAMAIACACAACeCNB2BoA+A9A9A3ArAWAyAXAdAaAPAMACAAAA
3166600,CWB9BECnAwBIAwCCByAAAuAYApAXArAAAKAAAAB3BUBPBOBOBmAiBdAxAgATApAmAWARAAAFAAAA
3166709,B5CDB5BzBdBSA1AqApAoAaAiAVAdALAPAHABABB5B/CKB0BQA+BGA5AwAmAiAmAUAVARAPAIACAC
3166808,B7BtBuByB0BdBUBHAzA0AhAaAUATAOAJACACAAB3BjBsBaBmBlBJA4AxAhAZAiATAUALAJADAEAA
3166907,B0ByB5BmBdBZBPBMA3AnAgAcAdAWAUAKAIACACBuByB2BZBXBPBJA4ApAfApAkAdAcAOAIAKAAAB
3167004,BeBxBeBvBmBeA8BDAmA1AmAxAiATAXAVAHAAAAB8B2BWCKA/BUA8ApA7A0AsAaAKATAYAiAAAAAA
3167103,CMCMCCBoBYBRA7AvAnAlAaAbAWAVANAOAHADAACQCDCBBwBSBAA4AxAmAaApAcAjAZAWAKAGADAA
3167202,BvBxBvBkBfBeBRBEA0AoAhAYAWAMAIAIADABAABsBvByBjBmBjBWBGA5AsAnAcAZASAJALAEADAB
3167301,B9BdCZBnBlA/BkAmA4AuAzAqAXAUAWAOAEAAAABhCUBgB/A4BOAxAlBHAiAkAbAUAgAaAGADAEAA
3167400,BeBSBjB+BoBfBOBEA2A1A1AdAeAcAJATAHAGAABaBpBmBMBSBQBDA9BAApA1AdAiAcAWARAJAHAA
3167509,BpB0BQCcBqBMBfBCA0AxAjApAiAVAHAAAAAEAABuBXCWBKBGBnAwBGBMAzAdAyAJADAGALAHAEAA
3167608,B+CJCPBzBgBNBAA0AtAhAnAZAaAQAPAFADAGABCACMCBBsBPBIA4A4AnApAcAeAUAVAKALADAAAD
3167707,BrCDCGCDBVA/A/AjAmAjAkAsAgAfANAPAHACAABvB7CGBzBIBEA9A/AtAxAgAoAmATAMAJACABAC
3167806,B9BoBpBNBgBPBWA7A1AxAkAwAeAcAMARAEAFAABbBsB0BjBMBSBKA8BCAwAlAnAgASAUANAIAAAA
3167905,BtBgBrBmBqBPBMA/BNAlAaAxAvATAYAKAKAGAABfBzBqBbBYBPA/A4AaA4ArA2AWAlAIAEAGAFAC
3168002,B/CKCFBzBWBEA9A0AvAvAeASANAYAOAIAEABABB9CHCBBzBWBNBBA/AyAsAeAXATAUAKAJAHAEAC
3168101,BiCEBmBrBcBrBVBiBIAqAsAYAfARAKANAFAAACBdB2BdBOA/BgBnAsAvAcAeAiAdAcAOAGAKAAAE
3168200,BiB1BTB+BhBsBDBaAlBFApApAcAlALAMAIAAAABwBJBuBNBXBOBRA1A7AoAdApAcAkALADAIADAA
3168309,B0CKCGBsBpBdBEAtBEAlAoAgAXAqAVAGAAAEAABqBiB4BmBPA5A5A+AkA8AiAnAQAVAOAQAFAAAA
3168408,BrCECLB9BHA5A9A2A0AmAgAkAYAdAZAJAEACADBrCAB6ByBQBEAuA3A6AnAnAnAfAdAZAHAGABAC
3168507,BpBxBqBnBcBUBKA5AuAkAfAwAiAeAWAOAEABABBrBoBtBgBYBLBGA7AsAtAtAlAlAZAXARAOADAA
3168606,BuB8B/BrBVBLBAAzAxAnAkAbAYAPALAJAGACABBrB5CCB2BfBPBFBBAzAuAmAhAeASAOAMAHAEAC
3168705,BsB0B3BbBfBiBSBDA1AlAlAaASANAHAFADABAABeBxBwBlBrBsBcBLA1ApAgAhAUAPAMAIAFABAC
3168804,BoBqBvBhBjBdBWBIA2AmAsATAWARAJALACAFAABrBsB5BsBdBfBWBIAxAmAhAcAbAPAMAPABACAB
3168903,BcBzB8BqBZBUBNBLA/AwAnAiAeAYAOAPAGAAABBgBqByBiBSBTBABAA/ApAqAZAfAXAJAPAGABAA
3169000,BmBoBxBkBrBYBNA9AuAlAcA1ApAVAVAEAHAAABBnBlBpBhBPBRBGA9A/AuAoAjAjAQAZARAGAAAF
3169109,BvBuBqByBkBXBNBGA/AqAqAeArAQAaAGAOAAAABXBsBkBhBUBJBCAvAyA8AqAkAoAUAUAIAHAAAA
3169208,BiBsBvBlBSBMBLBBA3AwAkAlAeAlAVAOAKAEADBWBoBtBVBQBMBIBDA2AjApAuAlAmAaARAGAEAE
3169307,ByByB1BhBhBWBTBHA1AoAlAZAaAOAQAIACADABBqBvBxBaBZBeBSBFA2ArAiAhAXAYAPAHAGACAA
3169356,B4B+B7BrBqBZBQBCA2AgAbAUARALAKAGABAAACByB9B+BvBlBeBPBCA0ArAVAZATAJAGAGADABAA
3169406,BvBzB3BmBbBXBYBIA4AkAbAjAYASARAFADACAABrByB0BlBhBXBPBCAuAkAhAgAXAWATAJAEABAA
3169505,BnCBB8B5BYBQBAAsAmAsAjAkAaAaAYAJAIAGAABxB1B2BtBXBLAuA2A3A8ArAdAjAbALADAJAAAD
3169604,BrBkBqBhBdBWBOBDA4AtArAmAfAVASAKAGADAABkBnBhBfBZBfBKBDA7A4AtAgAfAaATAFAAACAB
3169703,CPCYCNBoBcBGBGA0AoAmAeAdAUAKAOAEADABACCHCQCDBuBKBHA1AuAwAkAkAYAdARAIAIAFAFAD
3169802,BmBrBkBvBYBoBiBQAyAxAwAXAgAgARAJAAAMAAB2B/BkBnBKBUA9A0A5AgArAUAYASAQAGADAAAA
3169901,BlBtBtBdBgBZBVA9A3AqAqAcAfASAPAJAEACAABlBjBmBiBeBfBPBMA3ArAkAiAgAaAOARAGADAB
3170008,CJCeCFB8BcBDA7A2AxAlAaAaAXAQAJAIAEABAACKCTCQBnBPA9A0AzAuAlAkAXAYANAMAGAGABAA
3170107,BcBkBpBcBbBXBRBCA7AuAmAiAaAUAOAIAGACABBaBhBpBdBcBeBYBOA/AzAsAoAhAYAQAMAJACAC
3170206,BpBrBpBjBiBhBWBHA4AsAhAcAVAPAIAFACABABBjBmBpBiBmBnBcBMA8AuAiAgAYASALAIAEACAB
3170305,B2C8CmBZBBBVA3A5AhAqAwAPAbARANANALAAAACnBECwA3BSBMBJAhAsA8AjAPAcATAJAJAEAGAA
3170404,B3CECIB1BgBTBIA/A5AnAhAdAYAMAJAEADABAABwB+CABxBWBQBIA9AyAmAcAdASAMAJAEADABAA
3170503,B8CACOB1BXBKBCAzAwAlApAVAYAQAKAJACAAACB7B+CEBvBfBKBFA0AvAjAdAhAZARAPAKAGAAAA
3170602,BqCNBDBfBnBrBfBYBFAsA8AlAIAgAMANAVAFAABWBXB0BNBNBOBLBEAnAnAiAqAhAWAIAIAAAHAA
3170701,BpBvBwBXBaBbBZBOA5AtAhAcAVAPALAHAEABAABmBrBwBkBbBgBcBPA6AoAlAbAYAWANAKADABAB
3170800,CMCKCGBlBjBTBCA/AxAmAXAbAOARAGAEADABAACMCRCGBnBQBbBSA3AqAZAYAWATAPAGAHABACAB
3170909,CaCjCSBpBPBAA0AuAkAwAZAeASAVALAMACACABCaChCOBnBKA8AyAtArAdAgAYAWAUAMAGAFABAB
3171006,BsB5B/B1BjBgBaBJAuAoAeAZASAOAIAEAEAAAABvB5B4BnBlBeBTA9A0AqAYAXAQAPAFAIADABAA
3171105,BeBtCBCBBqBQBWBQBLAtBJAnApAYAKAGAAAAAABYBWBgBNBKA2BOBOA+ApAeAwAXAZACAFAEABAA
3171204,B0B8CEBmBdBVBQBFA4AkAdAWAQAMAHADACABAAByB/CFBlBdBZBXBNAyAmAcAWAUASAIAEADABAA
3171303,BrBuBwBiBcBWBTBFA3AnAjAYAWAWAIAFADABABBrBwByBjBmBjBUBHA2ArAiAfAbARANAKAFADAC
3171402,B0BnB4BNBiBjBVBJAwApAeAkAkAdAIAQAMAAAABqB0B5BqBKBEBHA+AtAnA3AYAgAVAGAOAHAHAA
3171501,CUCOCHB/BPBAAyA5AcAsAYATAcAbAPAGACAHACB6CUCFBNBbBUBOAsA+AvAMARAfAPAHAOAGAFAB
3171600,B+CQCLB5BVBBA4AwAtAeAdAhARAVAMAJAGACACB/CMCEBpBMBAA6AxAwAtAkAiAiAXAMALAMADAB
3171709,BxB0B/BsBeBQBEA8A3AoAlAgAiAdAMAIAFACAABlB7B1BhBVBNBIBAA0AyAjAgAhATAKAEADAEAB
3171808,CDB3B1BnBnBXBKAzAsAjAiAbASAbARAGAIABABBtB8CEBlBjBQBGA4ApAiAjAYAdAXAPAMAFAFAB
3171907,B8CLB8B2BJA9A0ApAqAqAkAkAlAWAQAVAGACABB4CPB5BmBIA+A2A6AsAoAuAoApATASASAGABAA
3172004,BmBwBsBdBZBWBIBEAuAnAmAkAcAbAMAOAGABACBhBsBmBeBeBaBRA6A9AtAhAuAlAYASATAHAGAB
3172103,BqB0BlBtBTBGA/A+BDA1AeAoAtAbAWAJAHAAABBeBkByBfBYBOBBBPAzAjAeA9ApAaANAGACADAH
3172202,BaBiBsBqBwBcBYBAArAuA8ASATAgATAOAIACAABhB8BvBWBhBVBDA+A3AWAqAvAjAWATALAAAAAA
3200102,B7CECCBvBgBQBGA/ArApAiAaAYASASAIACABABB0B/B9BsBXBKBCA4AyAnAkAaAgASAJAEAEACAB
3200136,B1CCCCBzBkBZBOA4ArApAhAiAOAQALARAGABAABsCBB7B1BZBOBEA1AxAiAkAXAUAQAIAGAKAAAC
3200169,CBCJCNB9BTBIBDA6AwAmAVAgAUAUAPAMAEAAACBxCDCKBrBVBGBAA3AvAjAhAfAcAUASABACAAAB
3200201,ByByB6BcBcBRBOA/AxAjAhAnAkASAUAMAGAEABBtBuBuBnBSBSBBA/AxApAdAqAhAZASANALACAD
3200300,BoBwB3BnBlBgBPBIAtAuAwAaAgASATARADADAABhBuBuBnBNBRBKA+A1AsAhAcAcAZAOAJADAFAA
3200359,B9CMCLB0BkBJA/A5ApAkAiAdAkAPAKAHAFABABB/CECEBsBXBNA/A1AqAmAcAeAUANAJAHACADAA
3200409,BxCACEBmBeBUBUBJAqAkAcAlAiATAOADAHABAABwBzBpBjBXBWBLBBAoAnAjAlAiAQAHAHAGADAA
3200508,BmB5BwBjBYBZBFBFA6AfAwAjAmAWAUAFALACACBsBoBvBhBXBXBDA8AvArAwAbAgAZANAQAGAFAA
3200607,B+CCCABqBkBRBTBHA2AhAZAVASAPAHAGACACABB5CFB+BqBfBWBNBEAoAlAXAaARANALAGAEACAB
3200706,BxCBBzBnBaBTBMA+AwA2AjApAkAZANANAKABAABzBpBzBTBZBVBHAsAwAbA6AkAeAcAJADAEADAE
3200805,BtB4B9BnBmBLBMA5AtApAiAiAbARARAMAFADABBlBuB4BrBSBdBBA+AxAoAsAkAYAdAQAKAHADAB
3200904,B2B+B7B0BeBTBGA4AuArAmAYAYAXAMAMAGABABBjB4B+ByBbBPBCA9AvAmAoAhAdAOALAHAJABAB
3201001,B+CMCCB3BgBaBEA7ArAiAdAcAYAQAIAIAHAFAAB0B3B/BtBZBQBJA4AvAgAeAZAbAMANAKABABAC
3201100,BvBrBnBYBFBKBQBIA6ApAjAhAhAaAQAMAEABACBUBkBlBaBvBYBWBMA3ApAtAlAmAiAXAOAHAEAB
3201209,BuBwBrBYBdBbBSBHA2AsAjAdAYATANAIAFACAABsBtBwBgBdBgBVBHA4AoAoAeAaAVAOAIAGAFAB
3201308,B2B7B6BmBiBbBSBGAyAkAdAXARANAIAGADABAAByB2B1BjBiBfBTBFA1AnAgAaAWAQAJAHAFACAB
3201407,BqBsB0BgBoBlBTBBAwArAqAhAbAXANAJAEAEAABgBnBrBkBhBXBHA/AzAjAiAmAeAVAQALALACAB
3201506,BoBwBuBkBkBaBPBDA0AoAcAkAaATAMAHAEACABBmBuBuBeBmBfBTBEA2ApAlAiAdASAQAJAFAEAB
3201605,B/CLCKBsBZBQBFA8AwAiAfAVARAMALAJACABACB/CJCIB7BeBMBCA9AxAaAbAbAMAPAIAHAJACAB
3201704,ByB9CBBtBkBUBNBBA7AgAmAnAdARAHAEADABAABxCDB1BfBQBRBIA8AsAmApAgAcASAKAFABABAB
3201803,CTCACABhBhBfBWAsA1AgAhAdAfAWAFAFAIAAAACJCJBeBiBjBGA+BCAqAgAeAeAPAPAJALAJAEAC
3201902,B2B2B0BtBnBfBSA9AuAoAqAcAcAXAHAPAEABABBvBxBsBlBaBMBGA7AzAnAjAfAZAVAPALADAEAB
3202009,B5B4B/BjBlBSBSA+AvAuAkAmAaANAPAHAAAAADBqCKBeB5BOBYBBBDA1AgAgAgAjANANADACAAAC
3202108,B4B9CPB+BaBHBEA3ApAqAbAeAYAZAQAGAHABADBwB8CDBsBXBJBBA6AnAmAeAiAVAeAOALAGABAA
3202207,BsBvB4BqBkBVBOBGA5AnAgAfAdAcAVAKAGACACBgBtBuBgBbBKBDA+AzAkAfAkAiAcAUAMAFAFAA
3202306,BvB3B0BfBPBSBGBCA4AjAdAjAdAVASANAEAEAABrB0BzBhBVBSBMBKAxAvAaApApAXARAIAHAHAB
3202405,ByB2BxBnBmBaBSBKA0AoAdAfAUAPARAGAFABAABqB2B4BpBcBaBTA/AyAiAfAcAbAUAKAGADAEAC
3202454,B7CHCFB5BfBLBBA+AuAsAjAZAYARAOAHAEACAAB1B0CGBmBXBKBCA9AvAqAgAcAUAVALAKAGADAA
3202504,BzB1B7BlBfBPBQBCA4ApAiAfAUAWALALAGABACBvB6BtBoBdBcBJBAA3AgAXAiAWAQAUAGAJADAA
3202553,CNCICGB3BfBUBIBFAoAiAfAbAcAYALAKAEABACCECDB1BpBUBLA/AzAhAhAcASAXAQAOAGACAEAC
3202603,BsBoB1BmBfBpBXBKA0ApAhAiAhAQAQAFABAEABBjBrBnBWBlBcBNBCAxAtAiAkAdANAOAFAJAGAB
3202702,BpB3BqBdBkBZBOBEAyAuAjAoAiAdAOALAEADABBlBnBoBpBbBOBGBCAuAsAtAiAfATAUAIAGABAD
3202801,B8B8B+BvBTBXBKBAA3ArAeAYAYASANAJABACACBzB7B9BsBeBUBJA/ApAhAeAfAWAUAIAGADADAB
3202900,BlB5BtBgBpBRBNA9A3AuAxAYAfAdAQAKAGADABBbBvBwBnBZBPBDBGAuAnAmAmAeAYAPALAHAIAA
3203007,CCCFB/BqBeBSBJA8ArArAcAgAbAVAKAKAEABAACAB8B4BqBWBTBAA8AvAiAcAdAcAOALAEAHABAA
3203056,CLCPCCB2BlBTBGBDAqAkAiATAYAPAGAFACABABCCCLCHBgBXBQBFA7AnAcAZAXASAMAOAFACABAB
3203106,ByBxB0BWBlBmBFA7AsAsAmAcAhAZASAQAGACABBsBpBjBiBdBiBFA8AuAkAqAdAkAbATAKAHACAB
3203130,BiB2B4BpBeBRBSBIA1AuAfAiAbAUALAOACACAABcByB0BaBeBiBPBEAtAjArAcAfAYALAKAGAAAG
3203163,BpBvBpBtBeBbBLA0A7A2ApAkAhAWAIAKAHAEACBhBtBxBjBbBSBBBAA0AvAnAmAeATAOAQADAGAB
3203205,B+CECFBwBhBRBJA/AvAmAbAWASARALAGADABABB6B/B9BqBeBYBKA/AvAiAeAXAVAPAHAIAEABAB
3203304,B0CECKBxBcBKBDA4AnAdAxAgAVAUASANAGABAABsB8COBtBWBLA+A9AyAhAXAYAbAaALAFAPAAAE
3203353,BbBpBuBtBpBhBSBBA6AuApAjAeAWAMAJAHADABBYBnBrBgBjBdBLBBA1ApAjAiAdAQAMANAGAEAD
3203403,ByB1B5BoBYBYBOBCAwAvAmAbAhAWASAKAEACABBsBvBqBhBcBTBIA7A2ApAsAaAXASAUAMAEADAB
3203502,BwCCCDBxBVBKBBA8AvAkApAcAdAbAMANACABABBrB/B5BuBPBRBEA8AvA3AgAdAUATAGARAIAEAF
3203601,B0CJCOBxBaBNBGA9AaA2ArAWAYAXAOAQADAEAABqCDCDBhBSBDA+A1A/AkAtAWAfAMALAJAEAAAB
3203700,CCCHB/BvBmBQBEA6AuAiAfAcAfAWARAIADADAACDCAB7BkBZBGA+A0AsAjAVAnAWAUAQAHAIABAA
3203809,BsB4BwBlBYBTBJA8AyArAgAnAkAXAUALAEABAABrByB4BjBVBRBCA7A0AeAqAfAgAaAVAPAEAIAC
3203908,B0CAB8BxBkBdBHBAAtAkAiAcAWAVALAFAEADABB2B0B1BtBhBUBLA7AuAqAcAeAXAOAJAIAGABAB
3204005,BwCBCJByBlBUBGA7AwAnAoAXATANAQAGAIADAABwCBB9ByBXBPBCA6AvAmAdAZAaAYAIAFACAEAA
3204054,CDCMCNB0BmBNBJBBAvAlAgATAQANAGAJABAAAACFCCCEBxBcBXBGAzAqAiAfAOAXALADAEACADAA
3204104,BtB4CDB8BvBXBEA4AxAqAbAjAVASAQALADADAABrB5CABsBaBKBDA5ArArAkAaAXATAMADAJADAA
3204203,CCB9B9BZBYBeBSA/AuAhAhAdAVARAPAKAGAEAAB4B3B1BiBdBaBNA3AtAqAbAfAVAPATAHAHACAC
3204302,B2CJCKByBbBTA8A9A3AqApAUAcASASAQAHAAAAB0CHB2BnBMBIBCA5AtAeAiAaAVAaAKAOABABAB
3204351,BsB7B8ByBzBhBUBBArAtAXAgAgAPAIAGAHABABBsB3B/BrBbBWBJA5AwAiAZAhATARAGACAFAAAC
3204401,BsB7B3BjBeBVBRBFA3AsAgAiAXAbAKAQAHACACBpB4BuBfBXBQBJBAApApAlAbAYAhAPAFAIACAC
3204500,B1CBCBBrBeBdBOBAAwAqAfApAfAbANAKAGABABBvBzBtBTBPBNBDA1AsAnAnAjAbAYAQAKAHACAE
3204559,CDCDB5BiBeBXBKBDA1AuAeAeAYAVAEAIAFAAAACBCDByBkBVBOBEA5AuAfAZAjAYATAQAJAFABAB
3204609,BpByBrBrBsBcBPBEA4ArAkAjAgAZAQAKAIACAABlBnBmBfBcBOBIA9AyAvAhAkAfAWARAGAJADAA
3204708,BxBzB7BtBiBYBIBCAyAnAaAfAYAWAUAIACABABBpB0B6BnBgBaBNA/AwAhAgAeAZASAMANAHACAA
3204807,BpByB2BqBiA9BOBFAsAwAkApAxAWAZAKAHAAAABoBlBiBcBJBbBEA9A5ApAnAlAoAYAVARADABAA
3204906,CDCKCABvBZBXBNBEAvAiAbAWAUALAIAHACADABCDCFB/BmBhBbBQA7AqAhAZAXASAKALAGACABAC
3205002,B/CIB+BfBeBaBZBMAyAjAXAUANAKAGADACABAAB5CDB3BlBbBlBcBMAxAgAbAUASAMAGAEACACAB
3205036,B0B0B8BoByBmBSBFAuApAoAgAkASANAJAEABABByBuBzBcBeBTA9A1ArArAhAcAWAVALAEAEABAA
3205069,B4B2BzBnBhBlBaBGAxAtAfAgAVATAHALACACAABuBrBwBoBrBXBJA9AsAlAnAVAfAKALAIAEABAB
3205101,CACHB8BjBdBdBUBGAyAgAcAVAVALAHAEABACAAB7CCB4BjBfBfBYBDAtAiAaAYATALAGAIAEADAA
3205200,BkBrBrBZBeBfBYBIA1AqAhAcAVAPAJAHADABAABgBpBsBoBkBnBcBOA8AtAlAiAcAQAOAHAEADAB
3205309,BeBpBqBbBYBWBSBIA6ApAiAbAZARAIAGADABABBaBmBuBpBnBlBfBSBAAwAoAhAbAUAOALAGACAC
3300100,BrB4B0BeBcBfBcBRBAAuAkAaARAPAHAGADAAAABoBzB0BkBdBeBcBKA2AkAcAaATAMAHAFAFACAB
3300209,BqByB2BjBdBTBNA8A5AtAmAfAYAZARAHAFACAABlBtBwBnBaBVBMBEA2AtAhAiAhAUAPAJAHADAC
3300258,BoBnBxBfBhBhBYBIA3AyAtAhAbASAGAGACAAAABkBkBpBeBZBtBWBHA2AvAiAkAZASAHAHACAEAA
3300308,BeBgBoBYBVBcBTBKA5AqAlAhAiAVAQAKADACAABZBfBjBgBbBgBaBQBBAzAsAlAjAUATAJAIAEAB
3300407,BlBqBsBeBaBeBXBIA+AtAlAfAYARAJAHADABABBhBnBqBgBhBkBZBOA7AtAlAhAbATAMAHAFACAB
3300506,BoBrBwBrBhBbBXBGA5AqAjAqAaAbAMAJAIABABBlBmBsBaBRBXBJBCA4ApAbAkAhAWAPAKAKAFAA
3300605,BeBoBsBkBSBVBMBCAzAvAmAlAhAcAOALAHAFAABcBjBoBfBbBbBOBCA9AuAlAuAcAhASAMAJAIAB
3300704,BwB2BvBfBbBeBdBKAzAxAiAcAXAOAHAFADACAABrBtBvBhBfBgBbBHA9AoAhAZAXAQAJAFAEABAB
3300803,BpBwBxBsBcBeBPA+A5AoAmAeAfAdANAKAEACAABoBrBuBmBeBUBLA+A5AoAjAdAeASAOAKAIABAB
3300902,BaBiBwBmBlBaBPBDA7AoAoAoApAWAcAFAJADABBVBiBnBdBcBMBFA/A5AtAnAlAfAjAVAKALAEAD
3301009,BnBtBvBiBaBWBNA/A1ApAnAfAaAUAOAJAFACABBjBpBtBjBcBdBSBGA7AwAoAjAeAWAQALAGADAB
3301108,BnB0BtBnBdBZBMA9A4AyAwAcAhAQAMAIAJAAAGBgBsBuBkBhBUBIBAA5AsAkAfAiATALALAEACAC
3301207,BYBhByBhBcBSBLBKA3A1A2AhAlAfAOAQACACAABbBgBsBlBaBUBNBEA4AzAlAjAaAZASALAFAFAB
3301306,BsB2BzBoBiBaBNBEAzAqAjAdAaAUAOAIAEADABBmBvB0BjBjBeBRBBAzAmAgAcAcASANAFAFADAB
3301405,BzByByBoBqBgBMBFA2AhAjAhAbASAKAEADADABBeBqBrBtBXBgBKA4AzAyApAgAYASAJALAMAEAE
3301504,BdBtBpBeBaBXBOA8A9AzAmAhAZAUAQAHAHADAABgBqBvBaBcBhBMBRA9A0AnAhAcAdAMAOACAEAA
3301603,BzBhB2B6BtBdBPA9BJAaAbAkAfAZAPAKAFABAABtB8BuBUBeBSBEA+AvAcAfAfAdAbAOAJADADAA
3301702,BrBrBuBhBeBaBRBHA5AqAkAdAYAQAJAFACABAABnBpBsBjBiBfBXBNA+AuAmAhAcASALAHAEACAB
3301801,BJBjBsBoBbBSBWBDA9A5ApAbAlAaAOAKAGAAAABrBjBsBfBQBZBWBBA4AiAuAlAqASAWALAIAGAA
3301900,BoBtB4BqBfBXBPBFA7AtAkAcAYAPAKAHADACABBnBqB3BqBgBYBRBJA7ArAjAaAZAPAKAHAFADAB
3302007,BuBwB1BnBaBVBQBHA7ApAiAfAXAVAMAHADACABBpBsBwBiBiBZBXBIA7AqAlAdAVAQAMAHAFACAA
3302056,BVBcBsBgBUBJBLA9A6A0ApArAtAZAYASAHADABBRBbBtBdBdBdBLBCA8A3ApArArAeALARAFACAA
3302106,BdBgBqBhBWBaBJA9A7BAAvAiAbAVAZAJAGAHABBjBfBmBVBeBcBMBDBEApAwAiAfAbAQAQADAEAA
3302205,BeBnBvBhBbBaBNBCA2AuAkAgAiATALALAHACABBdBmBtBhBcBfBRBHA7AvAjAlAjAUAPANAKADAC
3302254,BlB0BvBtBfBYBTBBA5AwAoAcAVAXAJAGACABACBeBvBzBqBbBgBNBJA3ApAqAUAeAQAPAKACABAA
3302304,BlBmB1BpBiBcBMA7A8AwAoAdAeAcALALAFADACBVBxBuBoBXBSBHBEAuAnAeAlAmAZAYANAGAGAA
3302403,BoBxBxBdBVBfBgBMA6ApAhAZAYAPAKAIADABABBqBrBmBbBcBmBaBLA6ArAjAbAXASANAKAGAEAB
3302502,ByBxByBjBdBVBLBBA3AoAlAfAcASAMAIADABABBqBuBxBlBeBaBMBEA4AsAkAfAbAWANAJAEACAB
3302601,BqBpByBnBfBVBMBGA8ArAwAcAjAZAQAMADAAAEBhBmBkBaBWBZBSBAA0AtAiAhAgAXANAPANAAAB
3302700,BiBtBvBiBbBZBVBGA4AyArAiAhAXANALADAAACBcBjBoBfBWBcBRBJA/AlAnAjAbAXAPAHAHAFAC
3302809,BYBgBiBaBSBYBXBKA3AsAhAtAbAdAPANAKACABBYBaBkBbBLBcBcBLA9A5AsAqAoAYAZAIAIAFAC
3302908,BfBdBoBaBWBLBVBIAzAvAlApAlAdANALAGADAABaBhBiBYBTBjBQBFBIAxAxApAiAdAQAQAKAGAC
3303005,BmBrB3BiBfBRBJBAA1ArAjAiAjAPAQANADADABBiBsBvBiBTBWBKA/A4AyAwAkAiAaAMAIAPAGAC
3303104,BtB1BzBdBbBQBKBEAzAjAkAmAeAgARAMAEAGABBfBvBxBgBWBSBJA+AvArAdAtAoAWATAMAKACAE
3303203,BbBfBjBcBaBYBQBJA+AvAmAjAbATALAGADAAAABWBcBiBeBcBgBdBVBDA0AvAoAlAYAVAKAGADAB
3303302,BNBUBZBSBSBWBQBJA/AyAuAlAiAXAPAKAGACAABIBRBYBWBXBeBcBYBLA8AzAyAsAiAaAPAKAGAD
3303401,BcBhBmBZBZBYBUBJBBAyAoAgAdAUAKALAEACABBUBfBlBfBdBeBYBOBFAxAoAhAhAZAQANAHAEAB
3303500,BqBtBwBkBeBYBQBEA6AqAlAcAYAPAKAFACABAABnBpBuBlBjBcBVBLA9AvAnAgAbATAMAHAEABAB
3303609,BbBiBhBZBdBgBWBJBEAyAtAmAYAVALAJADABABBbBdBgBZBbBjBYBIA8A0AxAhAdAaAUAJAGADAB
3303708,BeBoBqBYBeBXBNBFA3AwAlAnAZAbASAHAEAEABBcBjBqBiBdBcBTBGA/AqAqAjAjAaARAMAHADAB
3303807,BxB5CDByBdBTBQBKA9AqAjAdAUANAQAFAEACAABtB3CABeBNBSBSBGAzAfAeAZANAYAKAIADABAD
3303856,BwB4BxBcBvBcBAA8A1AkAmAeAjAZASAGAEACABBtBwBqBmBQBSBQA5BLAmArAcAbAUAQAHADAAAC
3303906,BbBdBjBcBbBXBPBGA/AwArAhAdAVAOAJADABABBXBbBhBZBeBdBUBPBFA2AuAnAlAdASAQAHADAB
3304003,BoBwB1BiBaBWBRBOA+AmAiAfAbAWAOALACACAABdBmBxBhBTBeBXBHA7AwAiAgAgAUAQAFAEADAB
3304102,BcB5BqBwBSBeBKA7A2AdAhAsAoAbANABAGAFAABqBrBvBcBUBcBSA2AtAzAeAcAjAiAbANAHAHAB
3304151,BnByBnBpBjBeBZA4A4AvAsAXAdASANAKAIAAADBuB2BtBdBXBaBNA9AsAlA2AVAdAWASALACADAA
3304201,BoBwBtBnBXBZBSBGA+AqAoAZAXAPAKAHADABAABjBrBuBgBgBfBbBOA8AvAlAdAaATAPAHAEACAA
3304300,BqBsByBqBeBaBPBIA9ApAmAfAbAXAKAKAJAEABBgBpBwBjBbBUBMA+A0AuAnAaAaAWAQAKAHAFAD
3304409,BlBsB7B0BcBOBHBCA8AoAlAfAjAcALAPAEABAABfBnB5BcBcBaBQBAAvAtAlAdAbATAPALAOADAA
3304508,BqBmB3BtBdBiBQBAA0AsA0AcASAdAOAJAEACACBSBjBnBmBZBbBKA/A1A0AgAhAqAUAPAOAGADAC
3304557,BQBWBZBSBTBVBSBJA/AwAsAmAhAYAPAKAFACABBOBUBXBVBXBdBbBWBJA7A0AwAtAhAYARAKAFAC
3304607,BmBoB9BxBeBRBHA7A6AzApAiAnAZAUAOAFADAABlByBtBdBQBSBMAxAwAtAgAcAcAeASAQAMAEAA
3304706,BaBpBsBaBVBWBOBEA9AyArAiAkAZAMAPALADACBaBlBlBeBaBZBNBCA3AtAqApAjAaAQANAJAFAB
3304805,BeBnBuBYBRBXBKA/A1AwAvAjAhAdAVAQAKADAABUBkBtBkBeBQBMBAA4AsAtApAoAXAVAMAIAFAD
3304904,BcBhBnBfBZBdBXBMA/AuAoAfAZAQAKAGACABAABXBeBmBfBeBjBdBRBDA0AsAjAgAWANAJAFACAB
3305000,BzB5B6BmBfBVBLA9AzAqAlAbAeAUAOAOAGAGAABvBxB1BjBTBUBHA4AyApAmAfAZATARAMAEADAC
3305109,BkBmBqBgBcBaBTBIA6AqAnAdAYASAKAFACABAABiBkBqBhBhBgBZBQBAAvAoAkAgAUAMAJAEACAB
3305158,BpBpBtBnBqBaBSBGA7AtAjAkAcASAJAJAFABABBrBsBvBhBfBaBNBBA4AlAjAdAXAaALANADACAB
3305208,BnBwBxBlBkBcBUBCA8AtAlAeAWASALAJADACAABkBuBpBfBgBgBTBHA1ArAjAeAbAQAJAKAGADAD
3305307,BmB5ByBmBxBUBMBEA2AxAdAqAiAWAZAOAIADAABdBcBjBZBVBhBLA6AyAvATAjAlAVAPASAKAAAC
3305406,BnBkBsBgBRBcBVA9BMAqAlAiAhAaANANAGACACBfBoBjBeBiBgBQBMA1AlAdAqAhAWATAHABADAD
3305505,BqBwBwBlBfBZBRBBA8AqAuAbAdAWAPAIAEABACBmBtBqBhBaBYBNBBA1ApAkAgAfAZAOAJAEAEAB
3305604,CGB7CBBtBZBRBLA4AxAgAhAmAYAhAIAUAEADAABtB2B5BiBVBMBIAzAyAjAfAeAfANAPAOAGACAB
3305703,B3B1BzBjBkBhBWBJAzAjAkAbAiAQAPAHABABACBvB0B0BnBfBYBKA7AsAjAhAbAXASAQADAGADAA
3305802,BmBnBrBfBaBXBRBKA3AsAmAhAbAWANAHAFACABBfBkBoBhBfBdBWBHA/AxApAjAjAVAPAMAFACAA
3305901,BoB3B8BqBdBXBGBAA2AuAnAkAlAbAOALAEADACBnBwB1BjBVBGBGA3ApAoAqAfAVAiAQAQAHAAAC
3306008,BjBlBoBgBcBZBSBHA7AsAoAhAcAUALAGAFACAABgBhBqBZBfBdBWBKBBAxAqAjAgAXAOALAGACAC
3306107,BfBhBiBdBaBbBOA+A4ArAoAnAiAQAUANAEACACBaBfBhBXBZBcBYBKA/AyArAoAlAeASAQALAEAC
3306206,BsBnBnBaBXBYBNBGAxAsAgAkAgAWAOAOAFADAABaBiBkBdBbBcBUBABEAyAoApAnAaASAUAGABAC
3306305,BeBpBpBYBVBZBcBTA/ArAiAcAXAVAKAFACABAABbBlBoBZBYBmBlBYBDAvAmAkAeATAMAIAEACAB
3500105,BaBiBlBRBeBSBLBKAyAxAyAlAlAdASALAEAFACBbBeBiBqBPBVBOA/A+A8AxAvAhAdASALAFAEAB
3500204,BnBpBuBQBZBiBUBLAyAsAlAoApAOAUAJANAAAAByBxBTBeBWBWBNBBA4AfAgAqAhAeATAQAJAAAC
3500303,BnBtBwBeBcBXBTBNA9AoAjAjAaAdAVAGACADABBmBqBhBkBQBVBMBBA6ApAkApAgAbAUAOAEAAAA
3500402,BgBfBuBgBRBVBXBEAzAtAbA0ArAlAPATAGACABBSBsBYBTBIBaBNBDAzApAsApA2AYASAcAHAFAC
3500501,BcBsBjBgBdBUBNBDA8ApAuAyAdAbAOARAGABABBXBgBjBWBXBVBLBGA9AsA4AhAuAXARAQAEAEAD
3500550,BxBvCDB0BWBQBNBGA7AuAhAoAhAVARALAHADAABrBrBfBcBJBYBHA/A0AlAkAqAaAbANAIAEABAC
3500600,BjBLBFBKBhBEBXAyApA3BAAWApAzAdAIAOAEAABHBmBnBJBHBiBOBEApBYA9ARAdA3AUAqATAQAA
3500709,ByB5B5BnBZBWBRBGA4ArAdAgAcANALANAFABAABwBzBvBhBcBYBKBCAyAlAjAbAdAXANAKAEACAA
3500808,BMBYBSBoBnBVBKBBBAA6A0AkBBAUAcAAADAEAABWBXBkBqBNBOBJA4A2BBA6AmAdAUAoALAMABAA
3500907,CBBvB5BeBqBTBfA0AvA5A3AgAmARAAAPADAHAABhB+BUBpBaBlA+A4AsA4AsAZAOAPANAFADAAAA
3501004,BpBwBnBbBcBWBOBJA9AyAlAlAkAbALALADABAABeBrBqBZBWBQBPBEA5AyAgArAhARASAMAHAFAD
3501103,BHBjBxB4BXBaBCBHBKA2AeA3AzAZAPANAEADAABdBWBfBKBFBRBLA8A5AxA/AjAuAhAXAKAEAFAA
3501202,BXBdBsBfBiBcBWBLBAA9A1AwAcAVAXAKABADAABPBUBYBiBYBYBEBEBLA5AzAeAZAOAVAKAKABAA
3501301,BwBpBsBdBkBbBOBAA2AwAnAgAcASAWAIAEACACBiBmBoBjBlBYBOA+A7AqApAdAeAXAMAIAGAGAE
3501400,BuB5CMBnBPBQA6BBAsAwAnApAjAXAKAYAIAAAFBgBsCDB8BMA+BEA+ArAhAbAcAkAZAZAFAFADAH
3501509,BwB8CUB6BLBJA5BHAzAgAnAfAqAcAOAAAMAAAABXB/B5BkBBBBBcA8A4AmAhAeAiAWAUAKAHADAA
3501608,BeBmBgBYBfBjBZBNA+AsApAgAfAUANAIAGABAABZBdBeBWBgBiBaBMA9AwAqAnAfAYAOAMAFADAB
3501707,BxB5B3BlBxBnBWBEA1ArAdAbAUASAGAGAAAAACBzBtByBqBmBeBNA7AyAmAdATAdAHAHAHAEADAA
3501806,BSBjBmBhBPBUBWBLAzA9AxAsAoAcARAOADAEACBbBmBjBSBSBMBLBBBCA3A4AkAqAZAQAEADAEAD
3501905,BeBkBlBgBXBVBRBPBAArAmAqAjAXAQAKAFACADBbBiBfBXBUBTBTBFA8AzAoApAlAaAXAPAIACAD
3502002,BZCCB1BlBVBeBNA+BFBAAgAuAUAZAZASAEAGAABqBrBhBnBKBUBLAwAuAmAtAcASAnATADAFAAAA
3502101,BeBhBqBnBaBSBHBEA7AtApAnAjATAPAPAFACABBTBfBoBmBbBbBUBFA8A6ArAmAcAcAVAKAHACAB
3502200,B2BzBtBiBcBaBQBGA5AtAnAhAmAUAUAHADAEACBwBvBnBYBYBUBIA9AyAqAkAfAWAYATAGAHACAB
3502309,BiBXBvBtBQBNBUA/A/A7AfA4AqAbAOAXAKACADBnB2BrBcBDBbBBA3AyAfAmAsAjAbASASACAAAA
3502408,BzByBiBUCDBmBFA7AyAqAhA6AbALAQAJAAAMAABZBoBqByB7BWBLApAzAZAlAeAPAgAOAFAKAIAF
3502507,BoBrBsBdBhBbBVBCA1ArAkAhAbASAPALADABAABiBnBiBiBjBdBYBHA6AtAlAlAiAUAMAGAHADAC
3502606,BdBhBtBoBXBXBGA/A5ArAtAqArAlAOAKAFAAAABaBbBxBoBSBSBKBAA4AlAyArAjAkARAQACAAAD
3502705,CCCJCGBvBcBJBAA3AwAqAgAeAZATAMAHAEACABCACKCBBrBPBKBEA0AxAmAeAeAWAPAMAGADABAC
3502804,BYBlBsBhBYBZBQBFA5AuAlAlAeATAPAJAFACABBVBfBpBhBcBdBXBMA/A0AqAnAfAYAQALAIADAC
3502903,BqBzBmBlBfBaBLBDA6AqApAgAiAcAVAMAFADABBoBiBvBeBYBMBFBBA1AnAoApAjAVAQANAEADAC
3503000,BXCABjBgBSBbBVA4AyAyAvA2AhATARAAAHAFAABfBbBlB3BeBNBMBWA5AuAoAdAjAOAQAQABAAAA
3503109,B/BvB8B5BdBTBBBEA5AtAoAfAaAXAQALAAAAAAB4BwB3BmBJBCBKA9A5ArAqAXAYAaAHALADAAAA
3503208,BWBjBpBdBYBaBTBLA7AsAmAlAgAWAQAJAFADABBbBhBkBXBWBcBWBLBAAwAqAoAkAaASAPAHADAB
3503307,BnBtBoBbBdBdBWBLA9AsAqAgAbAXAJAJAFABAABgBqBkBWBWBcBWBHA5AuAlAmAhAUASALAGADAB
3503406,BWBdBqBfBSBdBGBDBABAAsAmAvAlAZAPAIAIACBSBmBeBWBQBGBDBEAyAyAxAvAjAXAQANAOAGAF
3503505,B/B4B8B8BrBdA8A9A0AjApAgAaAUAKAIALAAAABhB6B1BgBOBEBEA6AmAqAmAYAmAhAMAIAFAGAA
3503604,COCAB2B4CEBiBLA4AtAhAcAcAdAIAEAHADABAACEB1B/BkBWBVBBA2AnAnAdAZASAKAEAJAEABAB
3503703,BUBXBYBhBYBbBaBVBAAwAgAtAvAiAPAJAIAEAABYB1BaBMBTBQBVBAA7AhAwA1AoAVAaAIAHAEAA
3503802,BrBwBpBqBwBqBTBFAzAsAgAhAgAOAFAIAFADABBmBrBpBiBkBdBSBDA3AlAlAaAcAMANAEAFABAD
3503901,B3CEB/BhBUBQBVBQA8ApAdAUAVAKAHAEAFABABByB/B9BiBaBYBbBMA2AnAYAWAVAPAIAFADAAAA
3504008,BgBjBoBiBWBWBQBBA3AqAtAeAbAZASAKAGACABBbBfBoBiBfBcBRBIA6A1AtAnAjAaARALAGAEAC
3504107,BqBvBqBhBbBTBQBGA4AvAjAjAZAZARAIAEADAABlBtBpBfBXBaBPBHA6AsAlAjAfAYAPAMAFADAB
3504206,BnBmBkBfBiBdBJBBBCA2AmAxAlAWALAFACABAABaBlBmBqBSBcBRA+A4A/AwAiAbAVAGANACAAAA
3504305,BuBtB0BpByBaBRBIAsAoAiAtAbAdAVAJAIACAABtBtBkBXBdBQBMAqAwAsAqAnAlAVAIAHACABAA
3504404,B4B1BrBqBhBaBTA6A3AuAkAgASAeAYAAAFABAABuBwBmBiBbBSBMBIAyAfAkAlAhAVALAJACAAAC
3504503,BlBrBvBgBYBYBNBIA8ArAoAfAaAXARAFAGABABBhBrBvBhBTBSBQBHA7AtAuAfAgAYASAOAIADAB
3504602,BkBsBrBiA9BiBaBMBDA5AwAnAgAQAWAMADAFAABIBcBkBcBcBGBZBPA7AxAoAnAYAWAZAHAGABAC
3504701,BQBxBlBJA4BwBqA5BoAdBKAbAyAuAYAGAAAAAABZCNBPBEBZBPBZAwAuAdAaA7AsAZASAOAAAAAA
3504800,BdBZBZBfBhBjBVBHA2A4AqAqAlAZATAOAFABAABXBYBeBYBcBgBDBCA9AuAuArAiAgATAXACABAB
3504909,BpBnB0BnBdBTBMAwA2AsAlAnAbAbAYAQAGABACBmBwBzBnBSBSBIA9AyAqAjAqAlAXAQAJAHAFAA
3505005,BhB6CFBoBbAxBQBIAvA/AXAwAeAdASANADAEAAB7BoB5BVA8BbA+A4A8AlAvAfArAdANALAAAAAA
3505104,B0BzByBhBgBRBHBHAwAvAgAuAVAOAPAIAJAAAAB1BtBtBtBfBSBAA3AzArAkArAPAPAfAOAHABAC
3505203,BaBnBgBVBYBXBQBIA/AvAlAsAjAcAUAQAFAFAABVBjBeBdBOBWBSBGAxAxAzAjAqAdAXATAHAFAC
3505302,BgBkBpBkBaBlBXBDA3AvAtAgAcAXASAHAGAAAABaBlBlBYBiBeBVBFA9AuAlAmAfAVAMALAJACAB
3505401,B8CcCPB0BJBDA5A6AzA4AvAeAkAVANAHAEAAAAB9CMCVBbBEA+A0A6AnAmAlAmAUANAHABADABAA
3505500,BkBqBoBbBXBZBOBDA6ArApAjAhASAQALAEACABBfBlBiBdBYBaBTBGA5A5AtAnAkAZASAKAIADAB
3505609,CKCHB2BeBjBiBfBDAxArAPAXAUASAJADAFAAAAB4CDByBbBfBeBNA/AnAbAeAkAVATAEACAGABAA
3505708,B1B+B0BjBmBeBZBNA5AnAbATAPALAFADACAAAAB2B7B2BkBkBjBYBKA5AiAaAVAQANAGADACABAA
3505807,BsBwBsBwBmBdBNA+AzAqAiAiAcAVAIAIACACAABpBmBtBjBnBbBPBBAyArAuAaAaASAPALAIACAB
3505906,BfBlBxBcBYBWBVBHA7AyApAkAeAYAOAMADADAABcBhBlBXBSBUBTBLA/AsAvAiAiAaARAQAJADAB
3506003,BeBpBnBcBZBbBTBHA4AuAmAiAbAVANALAEACABBbBlBlBcBaBaBXBKA9AwAqAnAiAaARAPAGADAB
3506102,BsBvBtBgBcBXBSBDA5AtAnAeAcAWAPAHADACAABkBtBmBfBbBYBOBFA6AsAiAkAfAYAOANAKADAB
3506201,BlBxBZBtBjB0BUBBBCAoAlAYAaAXALAIAHAIACBZB1B2BeBgBeBJAkAsAtA5ApAVAUANAJADACAA
3506300,BiBnBkBfBXBPBFA7A4ArA4AhAeAfAaARAGABACBgBiBlBdBMBOBEA+A9A0AqAxAqAfAkATAGABAA
3506409,BTBjBfBmBaBWBRA7A9A+AoAwAnAaATADAHACAABSBYBiBZBZBPBOBRBAA6AxAxAjAVAKARAEAHAA
3506508,BcBgBoBjBoBeBRBEA8AwApAiAbAUAPAHADACAABYBZBfBoBpBhBTBKA7A0AmAkAbAZANAKAHACAA
3506607,B1CAB1BbBjBYBGA5AxA5AhAoAWAYARAFAEAAAABwB6BxB6BXBUBDA5A0AdAeAjAZAUAIAKAEAAAB
3506706,B1BvB1BoBfBdBLBBA3ApAhApAkATANAGAGAAABBuBwByBnBYBWBKA8AyArAiAfAeAKAMAIADACAC
3506805,BdBiBjBeBcBTBSBUA9AkApAmAkApAPANAEAEABBXBfBoBcBIBUBKBTA7AnA2AlAWAoAdAJAGABAA
3506904,ByB4BqBmBQBYBhBAA5AsAkAtAiAcAVAOAGAAADBkBuBqBjBbBNA3AyAuAiAkAoAfAcAOAOADAFAD
3507001,BqBzBwBfBdBcBRBFA5AsAnAgAZAbAMAGACADABBtBvBrBcBbBVBOBBA2AuAmAgAbASAPAKAGADAB
3507100,BsB2BsBqBjBWBMBCA/AoApAVAbAaAOAIAHADAABpB0BrBjBXBWBPA9AvAfAiAmAYAfAPAFAMADAB
3507209,BrB6BUBdBrA+B/AZBiAeAkAdAAAbAUAAAAAPAABpCMCZAzA8AhCBBWBJAwAQAOAhAZApAJAAAAAA
3507308,BnB4BjBgBlBOBOBUAyArA7ATAnAjAPADACAAAABmBlBqBhBUBfBEAyBGAtAmAbAeAYAVAQADAAAB
3507407,BaBnBpBcBRBaBOBJA6AzA3AiAmAcANAKAJAGAABVBnBrBdBaBTBSBAA1A4ApAmAeAfAKAMAEAAAB
3507506,BjBrBsBfBVBPBQBDA6AtAjAkAcAWARANAGADACBaBmBqBcBVBYBPBJA9AwAtAnAgAgASAOAGADAC
3507605,BgBqBpBhBdBRBUBDA9AxAqAfAkAUAOAMADABAABfBpBrBfBSBaBQBIA+AqAqAjAdAZARALAIAEAB
3507704,BSBfBkBqBfBYBUBPA/AqA3ArAxAXARARABACACBMBrBeBqBPBJBCA3AxBCAxAnAnAVAVAKACABAC
3507803,BpBkBlBHBpBiBUBJA7AwAjAsAjAZAQAKAEAAAABlBfBcBlBMBXBTBEA/AzApAlAjAUAPAKAHAEAB
3507902,BhBzBpBbBWBaBMBEA7AvAsAnAhAZAYAMAHADAABlBlBiBXBVBTBKA8A1AuA1AfAhAcAYAKALAAAB
3508009,B9B9B9BwBYBTBIA7A5AnAkArAcATASAJAFABAAB0B8BzBjBQBNBHA9AsAqAhAfAYAPAMAFACACAB
3508108,BiBjBsBiBdBRBTBEA5A1AnAiAgASAUALAGADABBmBpBhBmBfBZBPA/A2AyAsAgAcAYANAPAEADAC
3508207,BiBqBwBZBGBkBnA5A2BCAsAcAqAcASAIAHACAABmBfBPBWBlBWBfA+AvAxAnAjAqARAIAOAEADAF
3508306,BvBvB+BoBcBOBLBGAzAnAgAuAoAbAGAGABAAAGB3B3BpBkBVBUBMAzA0A2AgAlAdAMAPAIAAAAAA
3508405,CLB4BzBgBhBYBPBDA7AmApATAcAJAEAQADABAABoB7B1ByBfBZBGA9ArAsAjAQARAWAPAGAEADAA
3508504,BmB2BzBhBeBbBTBLA+AsAmAZAVAUAKAJACABABBmBvBuBhBZBbBRBHA4AtAgAfAWAVANANAFADAB
3508603,BrBxBuBfBUBUBNBBA3AyAsAaAVAdAQAIAFAEABBiBrBwBcBVBbBMBEA/AsAiApAgAaAPALAFADAD
3508702,BwBxB1BnBYBNBNBAA4AmAtAkAjAbAQANAGACAABvBqBlBbBOBOBIA6A1A0AiAlAkAXAQASAGADAB
3508801,BlBtBxBqBVBEBKBDA8AlAfAsAnAZAVAJAKADAABeBeBzBdBQBXBJA/AsA5AxAiAlAaATAUAGAEAB
3508900,BqBdByBxBcBxBPA1A6AhAnAvAYAkAKAJAMADAABvBnBeBmBfBNBDA1AvAqA0AeAfANAQAWAGAFAA
3509007,BsB7B1BjBhBdBQBOA9AwAgAXAOAOAGAEACAAACBpByByBgBZBbBYBLA+AvAcAdAVATAJAEAEABAB
3509106,BlB/CPBsB3BRBRAhA4AqAoAcAPA0AEAGACAAAABsBzBlB2A3BZBNBSArAcA2ApAUAEATAEAAAAAE
3509205,B/B7BzBnBrBYBPBKA2AoAfAXAQARAKAEABAAABB/B8BuBkBiBoBcA+AuAnAWAUARAHANAEABABAB
3509304,BnB2BuBnBlBjBUBEBAAnAwAiAbAXAOAOADABAABnBnBeBNBcBZBLA6A1AvAnAgAfAZALALADABAB
3509403,ByB0B1BfBgBYBMA+A7AqAjAlAfAcAUAGAGAAACBpBtBrBeBTBSBKA+AtAsApAkAZAdASAGAEAFAA
3509502,BdBjBkBZBfBfBXBMA+AuAnAfAaASAMAHAEACABBZBgBiBaBfBjBdBQA/AxAoAkAfAXAPAMAGACAB
3509601,BsB/B4BhBZBVBSBPA+AvAcAdASARAGAGAEABABBtB7BzBhBUBYBaBPA4AiAdAcATAUAJAGADABAB
3509700,B2BzBwBjBpBeBRBEA1AqAhAbAdAQAIAGACABABB0BqBoBsBkBfBSBGA4AkAhAcATAVAJAFACABAA
3509809,BgB7CABpBMBUBMBBA8AyAZA1AkAOAPAXAOAAAFBiBoByBcBeBPAzBHAeA6AjAhAfAZAQAHAFAFAE
3509908,B6CGCCBtBQBIBMBBAyApAaArAaAVARAOAFACACB2BzB/BjBNBGBCAyA4AhAlAfAbAZANAOAFADAB
3510005,BuBrBnBeBfBbBTBLAxAmAtAdAeAYATAIAEADAABnBkBiBeBfBZBLA5A6AsAlArAeAZAQAPAGAFAC
3510104,BdBJBMBYBZBUBYBCBGA8A3A+AgAqAVAKANAAAABQBVBZBJBVBPBJBGA+AuA8AiAzARAfAYANAEAA
3510203,B8B7B9BqBWBSBDA9AzAqAqAYAVAWAQAGAGAAABB+B+B8BnBZBMBGA6AyArAmAeARAVAMAHADACAA
3510302,B3B4B1BsBjBaBOBBAuAvAcAdAgANATAHAJACAAB6B5BwBrBUBQBIA6AzAfAkAgAhAQAFAGAEACAC
3510401,BoBtBvBoBfBbBSBFA5ApAoAgAfAWAJAIAEAFABBkBqBoBcBhBWBNBAAyA0AjAgAbAYATAHAJACAD
3510500,BtB0B4BsBgBWBMBIA5AmAoAbAaAVANAJACABAABsBxB2BlBXBUBJBDA0AuAdAfAYAUAOAHAEABAC
3510609,BvB5B3BoBmBbBPBKA+AsAfATAOAKAFADACAAAABtB4B3BpBlBdBWBPA8AqAcAYARALAHAEACABAA
3510708,BpBrBwBhBPBUBCA7A5A3ArAuAaAdARAOAGABAABmBiBpBeBZBYBHA/A7A5AkAuAZAbAUAHAEADAB
3510807,BjBtBqBaBSBRBNBDA+A1AyAuAuAbASAOAGAEABBfBpBlBXBOBQBJBCAyAvAcApAjAbAYAPADADAB
3510906,BtBzBmByBjBVBMBKBHAqAxAgAoAVAYASADAAAABmBlBnBNBLBLBUBIAmAoAwATAjAgAVAAADAAAD
3511003,BhBsB1B0BbBQBOBBA2AwAkAjAXAZATAQAEABAABeBqB5BzBXBQBLBAA5AmAnAfAYAVARAKAGABAB
3511102,BcBhBkBaBZBXBRBLA7AtAnAtAhAXASAKAHACAABUBeBgBXBZBWBPBHA8AyAtAtAqAbATAQANAFAB
3511201,BwBtBxBgBhBaBYBKA7AjArAhAqATAQADADAAAABTByBmBbBkBXBNA8A4ApAdAlArAXAHAMADAAAB
3511300,BQBaBmBcBUBUBXBCBAA0ArAyAsAhAXAQAJADACBCBbBnBLBIBRBNBCA/A1A0AuApAlASANAKAIAE
3511409,ByBoBjBbBeBXBRBGA7ArAjArAhAbAMAOAEADACBjBqBjBjBTBOBEBAA4AxAnAsAkATASAUAGADAA
3511508,BlBqBqBnBQBbBRBRA6AtAuAcAiAWANAGAEAAABBYBlBdBYBtBZBWBLAzA4ApAmAYAZANAHAEADAB
3511607,BhBlBqBgCNB0BWBGBAAsAkAhAhATAOANAJACAABbBlBbBeBUBOBIA+A2ArAkAgAgAVAMALAEAEAA
3511706,B0BuBrBkBlBYBQBFA1ArAlAlAbAeAJAIAFADAABuBvBkBbBXBXBJA8A0AzApAiAiAOALALAJACAA
3511904,BoByBmBtBbBkBYBIA4AlArAjAiAWAUALACAEAABfBuBgBXBIBQBZBGA2AiArAcAbAfASAOADACAC
3512001,BsB1BsBiBaBYBPBJA3AnAlAfAaAWAQAKAFABAABlByBtBWBdBXBUBBAwAnAqAeAjASARAMALADAB
3512100,CBB2B5BvBbBlBSA5ApAyAyAOAdAQARAKAAAAADBoB3B2B0BjBOBHA7A5A1AHAkANAHANAIAAAAAA
3512209,B7B2ByBmBqBfBRBBA1ApAkAdAXAUANAEAFABABB1B1BrBiBbBaBJA6A1ApAjAcASATAKAJADABAC
3512308,BeBcBdBhBeBXBNA9A7AtAuAnAnAfAbARAIACAABfBeBgBZBVBOBIA9AxA2AzApAnAlAWATAGAEAC
3512407,BiBmBoBZBhBdBUBGA2A5AiAsAbAeAPAJACABABBhBiBdBUBdBYBOBIBGAoAqAoAiAUAUALAGADAB
3512506,BmBuB0BkBjBWBKBJA/A2AdAnAaAaAMALAGADAABaBpB5BsBWBOBRBFA0AlAlAkAZAZAOAFAAAEAB
3512605,BzBxB6BwBgBXBQBKAtAoAgAlAdARAKATAIABABBuBrB0BaBZBQBNA7AvAqAmAiAXAZAJAHAIAAAA
3512704,BwBuBxBiBgBVA/BBA9AjAmAoAeAbAbATAKAAAABtB2BkBXBTBQBQA2ApAtAeAoAiAcAlACAEAAAA
3512803,BqBtBvBkBkBiBWBKA5AuAoAcAWATAIAJACAAAABlBrBoBaBdBeBSBJA2AoAoAZAaAVAIAOAEADAD
3512902,BVBiBwBXBWBUBRBFBEA+BBAlAoAZAPAMAKABABBRBYBVBgBQBPBIBBBAA0A9AhAgAhAQAOAEABAD
3513009,BvB/B2BiBeBaBTBJA+AqAjAWASANAHAEACAAAABuB+B1BiBeBcBcBNA4AlAbAXAUANAJAFADACAC
3513108,BoBzBwBjBXBgBXBFA9AqArAdAgAOANAKAFACABBfBpBoBfBeBZBQBEA3AqAhAkAcAXAPAKAFABAD
3513207,B5CaB+BZBCBZBlBNA/ApAgAbAeAVAOABAGACABB7B8BmBKBXBTBXBDAwAcAlAaATAVAEAEAFABAB
3513306,BxBwBpBhBoBYBbBEA2AwAqAlAaAJANAJADADAABaBnBkBiBiBeBbBCAzAmAoAfARAiAHAIACAKAA
3513405,BnBwBxBdBXBZBQBHA6AqAmAcAUAWAOAHAEACAABjBrBxBlBWBaBWBJA7AtAlAjAcAYAOANAEACAC
3513504,BsB2BsBhBxBrBfBRA5AmAgAYARAKAJAEACABAABpBwBrBgBlBnBXBFA2ApAdAbAUAKAJAEADABAB
3513603,B6B7B3BvBiBYBBA4AtAzAuAgAmAXAMADAEACABB0B0B2BlBVBQBBA1A4AsAiAfAXARAJAHABACAB
3513702,BoByBrBeBUBWBMBIA5AzApAkAcAcALAIAGAEABBjBtBoBbBZBUBQBCA5AyArAeAhAUARALAGADAA
3513801,BzB5BrBiBxBoBbBJA7ApAbAVANAIAFADABABAABvB1BrBkBtBpBcBMA3AmAdAWAQAKAGAEACAAAA
3513900,BjBuBlBjBgBVBaBPA9AsAqArAmAZAPALAEADABBjBlBmBMBUBSBLBGA1AuAtAdAhAVANALAKABAB
3514007,B0CEBxB4CEBjBaA9A2AvAZAaATAQAHANAEAAABBrB0BrBXBaBfBCBMAqAZAYAVAaARAIALAGAAAA
3514106,BiBkBmBqBfBMBOBFBAApAmAmAlAYAQASAGAFAABcBnBjBQBQBfBGBEAwA1AqAoAgAoAUARAGAEAB
3514205,BZBWBXCcBJBhBYA+AuBQAfAnAvATAZASAIAFAFBSBTBcB7BFBkBIA6AjA3AjArAhAJAjAHAGAAAA
3514304,BeBpBmBQBYBZBRBQA+AvAtAlAqAYAaAQAGAFABBXBeBlBcBPBJBUA/AzAqAvAfAqAhAVAJAMAHAC
3514403,BZBkBjBfBSBSBPBGAzAxAwAmAoAZATAOAFACACBNBeBnBdBcBWBSBDBDAxA1ApAkAZAUANAJADAD
3514502,BWBnBhBkBXBNBGBIA1AsAtArApAeAZAEAFACAABhBmBmBoBdBSBIBAA2AsAvAkAuAXAWALAKAIAB
3514601,BwBsBuBWBQBfBdBVA/AvAgAqAvAFALALAFAAAAByB3BcBQBaBYBVBGA1AkAiApAbALALAJAGAEAA
3514700,BpBsBqBzBrBLBRA8AuApAfAuAUAcAUAJAHABACBoBmBvBzBdBhA3A7A0AzAfAoAjAYAGALADAAAD
3514809,CDCKCPBmBRBKBEA3A0ApAvAdAdARAPAHAEABABCECCCGBoBPBEA8AxAqApAdAZAUARAQAKACAAAG
3514908,BzBzBzBxBnBhBRA9AxAjAqAXAbAQAQAEAHAFAAB1B7BxBcBeBTBMA7AsAmAeAlAZAVANAFAGACAA
3515004,B5CCB7BpBmBaBPBKA9AoAcAPAMAHAEADACAAAAB2B+B7BrBlBdBWBLA4AnAYATAPAJAFAEACABAA
3515103,B7B7B7BnBfBTBPBHA3AqAhAZAZANAMAHACACAABzB7B1BrBXBYBNBBA0ArAgAWATAQALAHADABAA
3515186,BhBiBiBjBgBVBTBFA8AwAjAmAkAWAOAKAJADAABfBhBgBZBgBVBMBFA5AvAnAuAiAeAOAQAKACAB
3515202,BaBkBuBlBhBXBGBEA5A3AwAmAoAXAYAGADADABBeBjBlBlBZBZA9A+A8AxAoAmAbAcAUANACAGAA
3515301,B1B3BxBgB2BtBBBGAdAeApAmAmAVALAIAAADAABwBoBuB4BqBeBAAnA9AfAuARAkAQAFAHACADAA
3515400,BmB5B2BgBhBGBGA/A7AxApAlAdAVAOANABAFAABjBzBuBeBGBbBTA9A2AtAoAnAdAVARAOAGAEAC
3515509,BaBjBrBfBaBWBPBGA6AxArAoAVAeAQANAGABAABTBcBoBdBdBXBUBIA8A5ArAoAlAbAPAMAEACAB
3515608,BZBYBhBfBUBOBKA+A7BEA5AoAsAdAYAPAGADAABcBdBTBOBIBQBOBHBFA+A5AdAfAiAkAMAJAAAD
3515707,B8B+ByBqBkBcBSBIA9AjAdAVATAJAFAEABABAAB2B5BxBkBfBfBYBLAxAsAgAVATAMAGAGACABAA
3515806,BkBrBlCEBaBUApBAAyAqAcBaAMAfAVAWADAHAAB4BXBnBoBaBPBWAsAqAfAvAoAZAXASARAJADAJ
3515905,BQBVBaBuBYBMBbBJA/A4A6AfAqAfARASAGAEAABTBaBhBaBMBbBOBEA6A0A/AgAqAeAOAGALAAAA
3516002,BfBjBsB1BmBhBVBAA2ArAzAfAqAKATAHAMAHABBbBcBlBiBhBPA9A7A2AmAlAsAjAWAVARAJACAA
3516101,BeBoBuBqBpBTBGBJBBAzAgAUAYAKAXAVAAAAAABgBtB6BoBcBFBdBGA0AtAzAfASAYAGAPANAAAA
3516200,BtBpBlBgBmBhBUBGA6AtAlAdAZAPALAGADABAABoBkBiBfBjBgBWBJA9AtAlAiAcARANAIAGACAB
3516309,CCCNCDBhBdBTBUBPA8AkAaAPAPAIAEACABAAAACACKB9BgBXBaBZBNAxAhAXAVAQAKAFAEACABAA
3516408,B0B7ByBfBiBcBZBSBDAvAgAWATAPAJAFADAAAABtB3BxBdBWBXBSBJA5AlAaAdATASALAHAEABAB
3516507,BABeBfBsBjBvBRBXA0AyAzAtBCACAGAMALAIAABGBbBOBmBcBNBTA3A/A9AdA6AoAHAJARANANAA
3516606,BsB5B9BfBKBJBWBBA3AqA0AdAdAWAUANAHABAABfB0B7BlBIBJBPA5A5AlAgAqAfAaAQAJANAEAA
3516705,BgBoBvBnBXBPBLBEA3ArAmAmAkAXAUAJAEAEABBeBnBrBiBYBQBJBFA5ArAkAsAnAcAVAMAHAGAC
3516804,BNBqB+BuBUBJBLBWBCAyAvAcAjAUAUANAAAAAABbBtB0BfBXBZBJA9A9A2AyAYAmAOAJADAJAAAA
3516903,BhBuBjBeBeBcBRBDBCAxAzAfAaAhANAQABABACBhBpBjBmBgBbBIBFA1AuApAiAVATAJALACAEAF
3517000,BhBxB3BqBVBUBGBAA2AvAlAmAlAdAUALAKACACBeBlBrBjBSBKBFA+A1AvAuAoAnAWAQAKAKADAE
3517109,BaBvBrByBpBTBTBLA1AsAjAwAgAQANATALACACBSBvB5BVBMBQBFBCA6AlAwAbAqAUANANAGADAA
3517208,BpB3BtBlBqBTBDA/A0A2AnAfAkAXATANAGABAABnBwBrBgBXBRBGBEAzApAnAoAfAWALAHAGABAA
3517307,B6B/BxBfBHBYBWA4A4AlAjAnAcAVAPAHAFAFAABoB3B1BdBeBKBIBSAsAsAnAjAaAWARAKAEAAAA
3517406,BpBxBwBlBgBaBTBFA8AuAoAfAgAMAKAKAEABABBeBxBnBgBeBWBRBEA7AxAjAhAXAUALAHAKADAA
3517505,BkBgBnBlBrBhBZBGA6AuAtAkARAhAUAJACABACBgBfBnBdBaBYBPBGA4AyAxAXAYAZAIAMAEABAE
3517604,CLCKB+BsBbBWBGA5AxAoAfAjASAVAGAIAEABAACFCHB6BlBTBLA9A2ApAoAlAYAYAQAMAKABABAB
3517703,BqBxByBpBeBUBOA0BGAuAkAdAbAPAOAHACAEAABmBxB0BjBbBPBMBMAzAoAsAcAcAbAQALAEACAB
3517802,BcBfBoBtBiBUBTBBAyA0AnAxAYAfAZAOAFADAABaBcBdBiBfBVBJBAA9AsAyAjAlARAUAOAEADAC
3517901,BoBsBwBhBoBaBLBGAnA5AtAlAYAoANARAEAAAABlBuBlBZBUBTBCA0BIAqAkAnAWAcAaAFAFACAC
3518008,BbBpByBdBhBVBCA8BLArA4AfAcAdALAYAFADAABfBkBxBpBPBMBRA7AxAwAhAvAnAaAOALAGACAA
3518107,BxBxB+B5BfA+BHBFA2AmAkAhAiANAHAGAIACAAB1B5B1BSBdBUBBBGA1ApAfAkAZAjAJAPAAADAA
3518206,BjBsBsBkBcBbBQA+AxAtAyAcAeAVANAKAGABABBdBmBpBcBeBbBPBBA3A1AnApAeAWASALAKACAD
3518305,ByByB1BvBgBSA/BGA5A0AnAjAnAQALAIACAEACBkBzBuBeBUBNBWBDA1AxAdAiAVAVAOAIAEABAB
3518404,BkBqBrBiBcBaBSBEA3AxAmAcAYAUANAIAEABAABjBpBnBkBfBdBTBJA9AtAqAiAdAZAQAHAEACAB
3518503,ByBrBnBgBmBfBQBDAwApAzArAlAPATAOAFAEAABjBrBrBgBcBPBDA+AxAwAtAVAaAbAKAOAIAEAA
3518602,B7CEBzBjBpBlBUBHAxApAeAdANAMAIAGAHADAAB1B7ByBfBgBdBQA9AsApAbAeAQAQAHAFAGAAAB
3518701,BzBzBuBmBpBhBUBIA2ApAjAXATAOAHAFACABAABtBzBvBlBjBhBVBFA1AoAjAZAXAPAKAGADABAB
3518800,BuB2BsBgBoBhBWBLA8ArAhAXARAMAHAEACABAABsByBtBjBjBiBaBNA7AqAgAZAVAOAJAHACABAA
3518909,BkB2CBB9BhBjBIBAA0AtAzAcAdASAJAJAEAAAABfBnB9BoBWBZA2A/ApA9AiAhAZATADALADAAAC
3519006,BnByB5BpBhBPBLA7A3AtAjAsAZAeASAKAFAAABBaBtBtBpBdBWBHBAAyArAmAmAdAZALAKAGACAB
3519105,BXBjB1BnBRBZBGBIA1AyAuAhAiAdAOAUAKACACBPBnBuBgBRBIBDBCA7ApAqAqArAbAYASANAEAB
3519204,BoBvBzBkBUBgBTA7A/AqAiAsAoAVAOAHAEAAABBhBqBnBqBZBYBMBAA5AmArAoAVAXAMALAAACAB
3519303,B7B9BsBhBiBeBWBEAzAlAqAaAbAPAKAJADADAAB4B0BpBlBaBjBQA8AvAoAdAiAUARAIALABAAAA
3519402,BcBkBhBYBZBWBQA+A3A1AtAsAjAgAVALAHAEACBVBbBkBeBWBKBTBFA1AvAsArAwAiAVAKAGAFAD
3519501,BpBqBcBnBeBbBKBDAyAuAzAlAfAcAZAQAGABAABhBgBeBkBlBKBFA3A+A0ApAmAnAWANAKAOACAA
3519600,BjBsBpBeBVBaBNBDA5AoAsAgAiAWAOANAIABAABgBoBjBcBcBYBQBGA2AxAuAkAiAaAWANAIABAC
3519709,B4CDB6BxBZBeBQA7AvAoAlAhAXAVAIALAEACAAB2B9BzBgBgBQBBA9A4AnAdAcAUATAKAGACACAC
3519808,BhByBjBrBdBKBMBEA8AzAyAeAhAdASAGAJACAABnBkBwBXBVBbBOBPBAAsAiAhAfAPARAJAAACAC
3519907,BkB8BmBqBoBUBJA8AtAnAsAlAbAXAVAMAKABABBmBtBxBfBbBeBDA4AyArAnAgAcAfAOAMAGABAB
3520004,B4ByBmBbBvBvBZBKAxAhAjAaAaANAJAFADAAAAByB2BrBwBqBfBOAuAuAlAgAhAcANANAEAEACAB
3520103,BcBiBjBaBQBbBSBBA5AzAxAjAfAXAVAGAJACABBYBlBjBbBhBYBTBFA9AwAxAnAhAeAUANAFAEAB
3520202,B1B0B5BjBjBeBaBCA9AvApAsAmAPAGACADAAAABwB3BoBpBWBPBJA+AoAyAQAfAXAPAKAIAFADAA
3520301,BoB+B6BsBSBMBCBCA6AtAtAmAhAVASALAEABABBrB0B5BmBOBIBDA7AvAvApAgAcAYANAJAIABAC
3520400,B0B3B3BkBvBpBTBHAzAoAdAaAaARAMAJAEABAAB0BwBkBrBkBVBKA7AxAlAjAeAVAMAHAMAEAAAA
3520509,BoBtBtBgBiBfBYBLA5AvAnAbAXATANAIADACAABlBpBpBgBeBeBUBJA6AtAjAgAVAXAMAHADACAA
3520608,BmBrBxBwBEBeBKBEA+AuApAhAhAiAQALAHADAABnBiBcBOBzBMBOA8A0A3AjApAhASAJAQARAAAC
3520707,BZBmB0BkBXBTBOA4A3A4AtAkAkAdAQAWAHADAABRBhB0BgBaBJA+BRA3A6ApApAiASAYAJAGAAAC
3520806,BiBkB1CDBZBQBlA7BAAfAjAiAlAdAIAPAQAEACBjBTBGCDBkBSBGAsAsAtAXBBAfALAXAJAPACAB
3520905,BhBqBtBoBaBXBNBEA6AqAoAnAfAWAKAOAKAEAABeBvBrBgBPBTBJBDAvAvAsAgAlAaAQASAIABAE
3521002,B6B1B3BhBaBjBRBGA0ArAeAiAYAVATAGACABAABwB3BxBSBNBPBOBAA3ApAbAlAbAcAPAMACADAB
3521101,BaB4BoBIBiBQBMBIA2AoAkA9AeAnAUAIAAACAABvBcB0BkBIBQBGBKAyBCAhAqAdAUAjADAEAAAA
3521200,CLCLCCCAA0BGA8A/AzAkA5AqASARASAHAEAEAACDCHB3BjBUBIA3BCAjApAbAXANAbAHAIAUAFAA
3521309,BjBzBsBoBlBZBOBFBDAsAjAhAYAUAOALABADABBpBuBsBnBbBVBPBFA0AmAkAhAcATAJAMADABAB
3521408,BhByBgBLBgBoBeBWA6AxAqAdAdAVANAGAEADACBjBmBbBaBbBlBWBIA6AsAlAjAfASAIAOAEABAA
3521507,BiBmCBBlBRBKBOBQBBAnAuAkAcAaARAPAIACAABMB3BoBiBPBSA9BXAzArAgAuAfAeANAIAQAAAA
3521606,BWBcBuB5BPBOA8A5BJAtA9AiAkAcApAIAJADAABUBdBqBWBTBHA9BHA2A8AxAnArAbAXARAFAEAA
3521705,B7B1BwBsBfBLBPBCA0AqApAbAeAWARAKABACABB2B7BwBWBhBcA/BBAwApAfAhAcARAPAFAEAAAA
3521804,B8B5B4BnBaBYBTBEA0AlAoAZAaAZAOAJADABAABwCBB0BjBRBQBHA/AxAkAfAiAXAPAKAPAGACAB
3521903,BkBbBjBbBbBaBIBMBFBOAnAjAWAeAYAQAHAAAABEBfBeBYBZBRBUBSA/A1AzAiAQAhAXAKAFADAA
3522000,BjBtBnBOBTA9BlBRArA+A7ApAeAlApALAEAFAAA7BbBhBeBMBTA+BMBGAzAqAfA1AdAGAVAKAAAA
3522109,BrB3B0BmBTBOBDBHA0AyAgAmAdAXAQAMADABAABsB1ByBgBUBLBPBAA8AnAnAiAaAfASAIAFACAA
3522208,B6CAB8BlBhBTBNBQA9AoAbASAQANAHAFACAAAAB3CBB3BpBmBcBUBGA0AgAdAXASAMAGAFACAAAB
3522307,BvB1ByBiBTBTBPBCA3ArAgAiAbAUARAJAEACABBoByBwBhBXBUBPBFA3AtAmAhAdAYAPALAGACAC
3522406,B4B8B6BnBfBUBKA8A0ApAgAiAYAOAMAIADABABB2B5B2BpBZBXBJA/AxAqAfAgAdAPAMAGADABAB
3522505,B+CFB7BrBdBWBTBHA3AjAfAPANAJAGAEABABACB9CHB7BfBjBcBTBJA2AlAYAVAPANAIAFACABAB
3522604,BhBnBlBXBcBaBSBLA8A5AoAmAfAWAQAMADADABBZBiBjBXBYBUBSBFA6AqAvAhAjAbAYAOAJADAB
3522703,BhBsBgBfBeBdBQBAA5AuAqAtAmATAQAOAEADAABfBiBeBXBXBVBMBDA5ArArAqAmAZAYAOAIAFAA
3522802,B0CEB8BXBPBNBHBCA8AlAhAmAkASAQAJADADACBqB3B9BiBLBLBMBCA1AxAkAkAfARANAIAGABAB
3522901,BsBuBtBjBXBWBUBIA2AsAqAdAmAgALAHAMADABBiBnBhBXBbBTBJA/A+AjAlAlAhAfAQALAKAFAB
3523008,B7ByB5B1BjBABFA8A5A7AwATAZAhAPAKAEAAAABhBtB7BzBFBkBIA7A0AkAlAZASASAUAIAFAAAA
3523107,CFCJB6BiBhBaBXBJA3AnAcAQANAHAFADABAAAACECFB4BjBgBfBXBFAyAhAaARAQAKAHADACABAB
3523206,B3B2ByBlBaBLBLBAAzAmAjAeAaAXAOAMACADABB2B4BwBoBQBVBJBAAzAmAhAjAfAXATAMAJACAB
3523305,CCCLCFBsBUBMBBA8AvAwAjAmAZAYANAHADACABB+CEB7BnBQBOA7A2ArAmAdAhAZAMANAJAEACAA
3523404,BiBnBrBhBhBgBWBIA7AsApAhAhATANAIACABACBdBnBnBaBbBcBQBJA6AyAkAlAhAVAQAHAEABAB
3523503,ByB6B0BvBoBdBZBCAyAqAkAfAYAQAJAMAEAEABCEBgB4BlBMBRBDBGAzAfAnAaAXAQAOAJAEABAB
3523602,BqBrBiBYBZBtBeBCA3AyAtAgAfAbAQAQAFADACBrBlBoBbBRBUBKA8A2AjAqAjAmASATAMAFACAB
3523701,BrB/B7BnBdBOBOA+BNA1AwAfAmATAHAEAFAAAABmBnBvBrBSBKBCBKAqAwAgAeAdAUAQACAEADAB
3523800,ByBzB2BmBYBLBVBLA+AsAlAiAfAiAMAOAAAGAABuBuBfBNBNBgBIA+AyAoAlAeAYAYAaAOAGADAA
3523909,BjBwBuBkBfBcBXBHA3AuAkAdAdASANAIADACABBpBtBsBaBaBcBUBEA8AoAjAeAcAXAOAJAGACAB
3524006,BxB4B3BtBnBeBUBEA3AwAlAbARATAQAIACABAABuB3BxBeBYBXBOBGA0AfAhAWAXALAQAFAGACAA
3524105,BfB5BtBbBdBQBQBEA9AtAyAeAZARAJAJADAEABBXBhBvBdBZBVBXBHA9A3AxAhAeAbAQAIAHACAC
3524204,BuB5BoBjBcBaBUBEAyA0ApAlAlAUAMAFAEADAABqBmBnBdBXBXBCBBA0AsAvAoAdAOANAOADACAA
3524303,BfBqBtBdBYBXBRBGA5AuAuAcAeAVASAHAEACAABeBlBiBeBYBVBTBKBAA0AnAlAhAXASAPAIAGAC
3524402,BnBuBwBkBgBcBSBNA/AuAlAbAVAPAIAGADABABBiBsBtBhBfBfBYBMA9AuAkAaAYAPANAIAEADAB
3524501,B+BhBkBYBIBqBQBKBGAuA2AiAXALAVAUAAAAAABWBqBhBaBsBQBVA+A1AjAuAdAgAUAbAMAJADAA
3524600,B9CKCFBqBSBSBGA+A1ApAhAfAYAVAJAEACABAAB/CDCIBmBYBKBEA5AsAnAdAZAXAMAKAFAJACAD
3524709,BjBnBsBvBrBcBWBOA+AuAoAeAZAVANAIAFABAABdBoBqBdBcBYBRBGA5AnAjAgAdASAQAKAEABAB
3524808,BgBrBvBkBWBXBOBBA3AxAvAkApAQALAIAFAAABBQBiBrBlBgBYBOBHA7A0AlArAdAWAUALADAEAA
3524907,CAB1CQBUBbBeBKBLAsA8AjAcAOAoAYAJAAACAABoB4BhBaBNBZBaAvAwAYAsAfAdAcAHALAEAAAA
3525003,B0B/B5BoBoBcBVBOA6AnAeAQAOAJAGADABAAAAByCAB5BpBmBdBaBJA2AlAWAXASAJAGACABABAB
3525102,BnBxBsBkBdBZBTBIBCAsAeAiAdAUAOAIAGABAABrBuBiBRBWBTBQBHA3AtAvAdAbAcAQANAGAEAC
3525201,BzB9B4BrBaBaBHBDBAA1AcAhAeAUAQAMADABABBkB9CCBLBLBbBEBOAqAoAiAcAaARAMAMABADAA
3525300,BcBkBmBeBXBZBUBKA9ArAmAnAfAaAOAKAGADAABUBlBhBYBWBYBVBLA3AxAoArApAWAWAOAIAFAC
3525409,CHCPBuB6BbBUBJBBAwAhAfAqAYAfAMAAACACAAB5BxCDBFBhBWBJAxAbAuA0AaALAcAOAAAAAIAA
3525508,BkBqBdBlBdBJBTBKA6AyArAnAgAgAUALAJAFAABlBlBlBUBQBYBMBBA7AsAlAkAlAdAVAKAGADAB
3525607,B1B4BxBkBgBcBPA5BFAWAsAbAgAXAZACAJACAAB6B6BzBTBpBYBWA+AcAlA1ARASAQAKAKAAAAAC
3525706,BlBtBrBfBdBXBPBIA7AwApAjAbAdAOANAGABACBiBiBnBaBeBZBQBCAyA1AlAnAeAYAPAHAEACAA
3525805,BYB3B4BlBcBLBXA3AvAvAVAuAmANAdAOAFAFAAB3B5B7BmBaBQAtA/AyAMAvAlAbAcAbAUAFADAA
3525904,BZBkBkBbBhBdBXBLA8AxArAkAeAUANAJAFABAABXBgBiBXBXBbBWBKBAAyAsAlAgAaATALAIADAB
3526001,BQBgB1BhBOBPBRBDA3A4AwAnAgAgAdANAEAAACBiBfBcBeBeBOBJBEA8A0AtAxAmAdAJAJAHACAA
3526100,B4CKCEBrBTBKBJA8A4AlAfAkAXAcAOAMAAAAABB1CAB+BnBUBOA+A6AvAqAZAmATAZAIAKAEABAD
3526209,B7B9B+BxBdBNBNA+A3ArAuAZAhAVAOAGACAAAAB0B3B3BkBZBTBLA7AyAmAYAjAVAOAHAFACABAC
3526308,BrBpB4BvBaBOBFA3AhA7AhA6AqAfAaAQAJAAAABYBnB7BrBPBGA5A3AoAsA6AuAhAfAOAGAEABAB
3526407,BgBvBfBWBUBUBRBJBGAsAvApAmAjATAKAGAEAABcBhBfBVBNBRBKBEAyAwAsApAnAeAVASAIAHAB
3526506,BcBoBnBiBmBKBSBGA1AwAqAtAcAgAWAGALABACBgBoBgBcBWBbBDA6A2A6AkAwAdAhAPAMAEAFAA
3526605,BsCGB3CBB5BJA+BNAvAsAqATAaAWAGAEAAAHAABbCZCMBrA6BmAwBWAyAeASAMAZAOANAHAAAEAC
3526704,BvB3BqBfBiBdBRBNA9AqAiAiAWAYAJAIADACAABuBuBmBhBbBXBMBAA2ArAjAfAeASATAHAFABAB
3526803,BxByBuBhBiBiBUBFA2AsAkAcAXATAKAIACACAABrBzBrBgBmBaBPBAA2AlAlAeAaAUAMAGAGABAB
3526902,BmBvBoBfBgBdBYBLA8AsAlAfAZAUAMAGAEABABBjBpBmBbBeBeBYBKA4AuAkAgAcAUAMAJAFACAB
3527009,BeBkBiBWBUBOBQBRAvA1AzAoArAcAYANAFACAABgBlBaBXBVBdBUA/BCApApASAfAmASASAVADAA
3527108,BaBlBnBdBWBSBNBCA6AsAiAmAjAYARALAGADABBPBgBmBcBYBZBQBMA9AwAwAtAmAkAXAQAEADAE
3527207,BrB0BuBdBaBXBOBDA6AuAkAbAYASALALAFABAABmBpBsBiBTBaBTBHA9AwArAdAcAaATAKAHAEAB
3527306,BsBvBrBcBsBjBYBJA5AvAjAfAbAVAKAFAGADAABmBpBoBeBiBZBVBDAzAjAkAcAbAQALALAEAEAA
3527405,BiBnBrBiBXBSBJA8A2A2ApAkAaAhAXAPAGABAABbBkBqBhBcBOBLBGA2A1AwAjAaAkAPANAGAEAC
3527504,BZCFB3B0BQA/BABUBBA4AzAOAbAYAdALAJAFAABYBoCSBgA4AuBJBFBNAmAeAoAcAcAYASAAAAAA
3527603,BvBpBiBcC4CnCBBnBCAsAcAkANAQAKAHADACAABsBiBKBGBLBTBGAxAjAfAbASARAHAJAIACAFAA
3527702,BtBzB4BoBfBUBCA/A+AiAyAgAcAfAPANAAAAAABfBpBuBaBUBdBgAwAnBCAnApAgAVAHAKAAADAC
3527801,BrB0CCCEBVAzBKBJA9AoAtAhAiAcAIAGAAAAACBpB+CBBWBQBTBGBHAzAwAeAaAaAVANAEACACAA
3527900,BXCDB5BrBLBIBABFA6AmA/AdAmAUAXADAOACACB0BkBhBwBTBkBGBDAlA0AlAiAXAWAMAHAPAAAA
3528007,B6CABvBjBeBjBUBEAwAmAfAhAaAXAMAHADAAAABvB9BpBcBcBeBQA5AuAuAfAfAaAPAKAGAFACAA
3528106,BOBkBjBoBhBZBOBIA3A9A2AmAsAaAPALACADACBaBYBlBRBVBRBNBFBAA5A/AjApAMAOAIAFADAA
3528205,BYB3BhBmBcBXBVBEA6AwAvAlAjAZAFAHAKAAAEBjBgB0BfBVBbBPA+A5A6AiAfAWAQAbAIAJACAA
3528304,BpBmB2BpBfBcBLBIA8A0A1AnAUAUAOAAALACAFBTBdBzBYBWBMBHBFBEAwAmAoAKAQANAVAYAAAB
3528403,BzB5BxBnBmBfBZBGA1AtAeAfATAQAKADADABABBwB4BtBhBeBeBOBAA5AoAgAYAWAMANAJADABAB
3528502,BwCAB4BfBMBQBXBGA/A2AhAbAdARAKAEAEABABBsBzBuBhBdBaBQBLA6AsAeAdAWAQAJAHACABAC
3528601,ByBoBhBsBWBfA5BSA3A3AuAiAdAbARAIAJACABBZBpBzBTBZBMBKA4BJAtAvAnAdAWAMALAIACAA
3528700,BvByBtB9BhBfA/BHA2A2A9ARAcASANADAAAFAABeB1BhBtBaBkBAA9A9ApAkAYAUAQAHAOAIACAA
3528809,BuBsBsBoBhBeBPBEA7AnAnAfAiAQAMAGAGABABBqBvBxBhBgBaBNBBAyAoAjAeAgAXALAIACADAC
3528908,BtB1BsBpBQBWBQBAA+AoArAqAnASAiAGAFACAABcBjBmBZBaBiA8A3AsA5A8ATAgAXAMAOALABAA
3529005,BfBnBpBiBZBXBRBHA1AwAlAiAeAXAOAJAGABABBaBiBqBiBdBbBWBIA/AuAmApAfAbARALAFADAC
3529104,BzBbBuB0CFBBBhA2AYA/AzAeAsAcAJAEAIACAABlBQBaB7BcBdBcAkA+AgAaAtAjAdAAAFAEAIAA
3529203,BnBrBrBbBiBVBKA8A5AzApAkAkAXASANAFAAAABdBnBpBiBaBaBLA+A1AuAmAoAgAaAVAJAJADAA
3529302,BtB0BuBfBbBiBaBMA5AoAlAdAWATANAIAEAAABBqBwBqBfBeBdBWBGA1AoAgAbAYAUAOAFAFABAA
3529401,BzB4BuBcBlBhBYBNA9ApAfAZASAKAHAEABABABBvB2BtBfBmBlBbBMA3ApAdAZAUAMAHAEACABAB
3529500,BdBtBiBWBTBTBdBHA6A6A1AnAkApAPAVAEAAAABIBYBbBDBpBeBFA5A7A6BFASApAVAiALABAAAB
3529609,BbBgB0BUBWBJBaBSA2AwA+AlAiAnARAQABABAABaByBWBeBVBYBQBBAgAtA1ATA0AgALAIANACAD
3529708,BsBxByBeBVBZBOBDA9A2AsAdAYAUALALADACAABkBsBvBlBlBYBRBCA7AkAdAkAcAUAOAHAFACAA
3529807,BlByBuBoBcBWBPBNA5AXAnAgAkAVAQAPAFAFAABqBtBqBSBTBaBLBAAxAoAjAiAiAeAUAMALAIAA
3529906,CFCACGB6BTBLBOA2AxAlAkAmAgARAOAFAGABABB7CBB7BbBYBSA7A8AwArAbAfASARAFAGADABAE
3530003,BPBqCaB5BqBVAiA8BOAhAsAqAiAuAOAJALAFAABoBaBFBuBRBJBOA/BEBSAmAhAbATAFAAAAAAAA
3530102,BfBfBsBiBhBgBPBEA5A2AqAkAeAcAOAMAHADACBTBdBmBjBXBXBJBDBAAtAvAkAdAXAVANAEAEAC
3530201,BoBqB6BvBbBQBSA7AxAjAgArAeAYASALAKAEAABgBxBtBpBhBXA+A5A1A3AtAbAbAcALAKADACAA
3530300,BfBiBiBYBmBdBXBEA6ArAtAiAgAYAPAKAFADABBZBeBbBiBcBiBQBEA9A0ApApAcAdAVANAFAAAB
3530409,BqBZBrB+BnBYBJBTA6A5AwAUApASAOAEAKAAAABVBwBaBfBeBVBEA7A/AtApAWAhAYAeAEAFAAAA
3530508,BqBzBtBlBZBVBTBHA8AsArAgAhARAPAHADAAABBhBrBpBZBWBUBNBGA6AtAnAhAbAZAPANAJAFAA
3530607,BtB0BvBhBcBYBTBIA6ArAmAbAXARAJAHADABAABqBxBuBiBdBdBVBKA5AsAiAeAZARANAIAFACAB
3530706,BoByBrBfBgBcBWBKA9AvApAbAZAUAKAGAFACAABnBvBnBcBcBdBVBKA5AuAlAeAXAQAMAIAEACAB
3530805,BgBoBnBcBbBaBUBKA/AwAsAfAfASANAKAEACABBcBnBhBXBXBaBWBLA+AvApAhAiAZAPANAGAFAB
3530904,BtBpBmBrBTBoBQA+AzAhAmAiAdAkAaAKAAAAAABlCNB6BHBeBUBGBHA4AeAXAvAkAZACAIAIAAAA
3531001,BdBbBkCCBXBoBEA5BVAwAmAxAxAMAaAAAAAAAABJBqBkBfBXBYAwBEA0A8A7AuAkATAAALAPAAAA
3531100,BoB1BqBoBoBZBPBKA5AoAnAmAaAcAYAJACAAAABrBuBsBaBMBPBAA5AzA1AoAbAwAWAMALADAAAB
3531209,BcBtBqBeBLBaBUBLA6AxApAsApAgAMAPAHADABBXBVBfBXBiBRBMA8A0AiAyAuAlAVAfATANAAAA
3531308,BfBrBmBdBhBbBTBKA+ApAqAmAbAgAOAIAIACAABbBgBeBQBbBXBSBHA6A1AvAhAkAVASALAHAEAA
3531407,BQBYBjBbBaBYBTBHA+A7AwAqAdAXAZAMAJADAABTBdBdBaBdBWBQBDA7AzAwArAlAiASAQAIACAA
3531506,BtBvBoBbBtBaBQBDA3ApAdAsAeAUARAHAFAEAABqBwBjBhBRBXBLA+A6A2AfAlAXAbARAMADADAA
3531605,BYBmByBfBYBRBMBPA6AiAnAsAZAmAVAWAEACAABSBsBjB0BhBHBFAzA7A8AqAjAdAaATALALAEAC
3531704,BuBgBtBvBiBYBHA2BCAxAvAkA3ApAHAEAAAAAABsCJB0BkBIBFA6A+AyAjAgAmAgARARAGAHACAA
3531803,B8B6B6BsBgBQBMBJA0AuAnAYAXAPAIAKADABAABzB6BxBoBSBWBPBCA5AmAeAaAVASAJAGAGADAA
3531902,BuB5BqBtBsBnBQBCBCAoAiAYATAZAMAEAGABABBxByBsBjBVBTBOA8AwAvAfAkAXANALALAEABAA
3532009,BsBvBwBnBZBaBMBKBBAsArAbAcAVAJAIADADAABwBlBhBsBdBYBMBEA3AsAiAiAeARAKAOAAAEAA
3532108,BLBZBiBkBXBZBJBLA7AtA5AhAdA8AfACAJAHAABPBOBZBdBQBNBNBBBABGA2ApAdAiAWAXACADAA
3532207,BoCFB3BvB1BeBRA0ApAXAZAsAhAhAIAAALAAAEBnBpCIBjBiBSBKAyA5AmAhAmAUAQAJAFACAAAA
3532306,BlByB8BcBWBfA1A6A8AwAsAxAjAnAeAPADAIAABrBrBzBhBGA0BHAyAlAlAjAsApAhASAMAMABAF
3532405,ByB2B1BkBkBBBEBAA4A9AsAqAmAdAXAHAFAAAAByBrBoBhBIBLA/AuA1AmAoAmAnAYAVAHAHAEAA
3532504,BNBmBwBbBWBbBQA6A5A+AwAuAiAkAUANAGABABBPBcBWBfBYBQBNBBA9A0AtAtAkAcAVANAKAFAB
3532603,BWBfBjBfBWBSBTBKBEAvAsAuAdAaAcAIAFAFAABNBYBgBbBVBVBUBLBBA2ApAtAjAkAVAKADADAB
3532702,BoB8BqByBTA7BFBNA4A/AbA4ApATAMAPAOAAAABvBUBoBaBfBXBFBGBDAxAgAaAeAMATAFAEACAD
3532801,BZBbBeBhBSBZBMBHBFArAuAxAfAmAdAMAKACAABLBXBbBkBYBVBNBGApA0AwAnApAnAYARAEACAD
3532900,BjB3BsBXBaBVBVBPAzAoAvAhAjAVALANAJACAABmByBwBmBNBaBTA6AwAwAbAuAiASAPAMABABAA
3533007,BgBpBtBXBdBZBQBGA7AxAtAlAkAUAPAMAEAEABBkBgBoBdBXBWBKBEA1AsAmApAkAXAOARAJAEAC
3533106,BcBrBjBkBCBgBNBEBLAVAtA1AtAUAlAMAFAAAABWBhCFBjBZBHBQA1AtAwAsA3AqAbAAAFAIAAAA
3533205,BPB8BvB6BcBMA4BaA4AKA1ASAQAxArATAEAAACBeBSCNBZBlBNBnArA7ApAiAqARAZAQAHAFAEAA
3533304,BfBoB6BoBNBSBKBMBFBCAmAjAbAkALAFAEAFAABPBlB9B1BKBWBNA/BDAlArAiAeALAEAIAPABAA
3533403,BmBvBoBbBnBiBZBKA9AsAgAiATATAIAFADADACBsBsBnBgBgBgBaBKA4AmArAYAYASAIAHAGABAA
3533502,BiBqBmBcBZBWBRBIA/AtAoAoAbAgANALAJAEABBfBfBhBeBYBYBOBDAzAyAsAkAeAeAPAOALAFAC
3533601,B4BmBhBRBZBhBcBGA5AzAjAsAbAbAIAYABAAAABlBlBeBfBdBYBQBFA2AqAdAuAiAZAUADACACAC
3533700,BvBiCPBkBdBUBKBOA3AxAwAmAoAeAUAIAFAAAABgB7BPBSBKBPBSA+AqAxAoAoAbATANALAHAAAA
3533809,BYBSB1BUA/BiBKBCBGAuAwA4AeAVAvAKAKAAAEBoB+BVBgA5BSBOBIAeA6AzAwAkAcAIARAEADAF
3533908,BiBsBkBcBcBWBPBDA7AxAuAfAdAcASAIADADABBjBmBjBZBZBUBPBCA+AvAqAmAjAaAUAPAGAGAA
3534005,BpBkByBuBrBUBaAwBDAqAhAgAyAPAKAKAFAAAABkCCB1BGBZBqBOBBAlAyAiAlARAZAPACAFACAA
3534104,B6BuBqBkBWBZBRAyAuArAwAbAnAaAIANAIAAACBkBxBvBgBhBfBHA3AtAtAxAmAeATAMAOAEAAAA
3534203,BsBiBwB3B2BiBiBGA2AdAfApAmAXABAGAMAAAAB1BuBNBIBdBjBJBMAmA6AZAkAmAUAAAIAAAEAA
3534302,BmBxBuBaBXBhBYBIA+AtAsAcAdAQAMAHAFABAABiBpBbBYBmBfBVBIA8AxApAdAgAWAJAIAFACAA
3534401,BrBwBpBcBpBkBaBKA5ArAhAaATAOAHAEACABAABnBtBoBgBlBnBcBLA7AtAjAcAXAQAJAHADABAB
3534500,BdBOBZB0BIBCBMA1BFA3A2BAARAgAlAJAJAAAAByBZCUBRBjBLAtBPA+A7AxAHAbAeAhAAAIAAAF
3534609,BZBkBlBhBaBWBOBEA/AwAoAqAlAVAYAIAJACABBUBcBkBdBVBVBNBKA2A5AsAvArAVAQANAFAGAA
3534708,BhBuBtBiBZBVBJBFA6AxAoAfAeAWANAIAFABAABgBlBpBiBbBYBSBIA9AzAtAgAiAXAPAKAHACAC
3534807,ByB2B2BnBbBTA/A9AyA0ApAgAqAUARAKACACAABoBwBwB5BUBWBFA6A2ApAiAoAbAOAIAHADAGAA
3534906,BLBoBpBpBZBPBQA3A5A3ApA1AkAhAZAFAKAAACBWBfBlBiBaBTBLA+A1AqA3AqAlAZATAKAGAIAD
3535002,BQBoBmBbBOBOBLBFA/AzAvAwAaAeAbAWAIAEAABQBdBeBXBVBUBQBCA6A0AxAwArAbARARAPABAB
3535101,BsBoBtBwCMB4BgA/A0AwAoAbAQAVAJAEABAAAABwBuBfBfBcBeBIA5AxArAdAdAXAKAMAIABAAAB
3535200,BZBeBtBuBfBZBKBIAyA3A5ArAjAZASAJAEAGAABPBYBoBfBZBQBMA9A8A5AwAqAeAVASAMAGACAB
3535309,BTBaBmBiBWBSBPBOAzBBAgArAwAZAUAIAGADACBaBaBeBcBXBUBJA/BKA2AuArAkAZAXALAHACAE
3535408,B3B3B8B4BjBSBFA7AuAvAiAhAcAXATAFABABAABvBxBiB1BeBOBKBAA4AqAbAgAXARAPAEAFAAAA
3535507,BrBzB2BjBeBaBFA6A4AsAlAiAZAXAOANAGADABBjBoBkBiBdBXBRBAA3AuAtAeAZAgANANAFABAB
3535606,B+BtBtBhBYBbBFBLA3AsAqAqAhARATAHAHAAAABvBvBzBnBkBUBGArAwApAmAjAYAZAIAIACABAA
3535705,BsBoBiBbBSBbBcBMA+A1ApAlAiAdANAOAEAGAABWBzBdBXBjBRBQA/AoAxAqAlAbAdAZABAIABAA
3535804,B3B9B+BlBbBWBSBJA3AmAhAjAgASALAJAGACAABrB1BtBpBSBUBJA/AtAxAfAeAXAOAOAGAEACAB
3535903,BXBlCGBqBbBRBMA+A3A4AsApAgAbASAJAEAAABBcBjB2BsBZBKBNA7A6AuAqAmAfASAMANABAAAA
3536000,BdBwBsBmBVBSBTBCA4AuAyAjAlAeATAKAFAEAABaBjBmBiBPBWBHA+A1AyAvArAfAeANAIAIAFAB
3536109,B4BdBvB8BuBWBGA6BBAwArAgAWAUAQARAIAHAABqBfBvBqBfBFA/BRApAiAiAjAgAQANAMAHAAAD
3536208,BtCBCRBlBJBUBFA7A0AfAqAeAgAXAIAKADABAABtCGB3BnBZBGBHA5AwArAmAdAdAQAOANAKADAD
3536307,BvBzBvBXBaBeBQBIA+AuArAgAiAQARAHACAFABBvBrBnBbBWBXBQBCAxApAfAmAeARATAEAIAEAD
3536406,CBB8CLB6BiBUBSA6AyAgAnAZARAOANAOAEADAAB0BwB9BmBrBLA0A3AuAlAYApAZAMAQAGACAAAA
3536505,BrBvBwBoBiBeBWBOBFAsAdAaARALAIAFADAAABBnBuB2BjBdBfBbBLA0AsAhAWAWAQAMAIABACAB
3536604,BqBrBjBiBMBfBOBBBAAyAgA3AaAXATANADADACBpBhBpBdBjBZBNBAAvAvAjAkAhAYAQAOABACAC
3536703,BmBzByBoBdBXBTBBA6AuAnAhAiAXAOAIAFABABBmBsBtBlBXBSBHBAAzAxApAjAUAcAKAMAFABAA
3536802,BWB/CDBkBZBSBWBMAxA1AnAkAeAfAZAMANAAAAB2BUBiBZBMBBA4BAA7AsAlAwAnATANAUABAHAA
3536901,BYB1BtByBABLBYBzA7BAAcAeArAkAMAHAFAAAABOBqCCA3BcBdBUBHA3AlAlAcAtAPAFAMAAACAE
3537008,BzB4B3BhBWBPBaBEA7A4AgAsAVAQALAEAFABAAB5BsBwBcBgBLBfBCA2AmAmAgANANAMAHACABAC
3537107,BeBlBkBdBYBfBTBJBGArApAlAgAYAMAIAGABAABbBlBhBbBjBfBQBEAuA2AnApAfAbAKATAGAEAA
3537206,B4CGB+BmBiBKA/A5AtAoAyArAvARARAPACACAAB0B1B9BfA3BKBLA3AtAtAiAkAYAQAVAHAFACAC
3537305,BfBoBrBfBRBUBNBGA7AwArAiAeAZAQAMAFACAABbBkBpBeBbBYBRBHA6A2AmArAfAgARALAGAEAB
3537404,BiBoB1BsBgBOBIBBA7A6AtAeAUAVAMAHAGACAABdBhBwBuBkBZBRBIA/AuAqAdAWAVAKAHAGACAA
3537503,BrBnBcBhBIBRBKBGBAA6BCAnAgAmAOAOADACAABXBhBZBLBLBTBEA/BKAzAlAmAuAnAUAQAJAGAA
3537602,B1B2B5BeBTBMBDBGA0AvAqAgAkAaAbAGADAAAABzBxBxBlBWBLBKA8A2AnAmAfAiAXALALADABAC
3537701,BiBrBbBlBlBgBPBDAxA2AiAzAjAaAPAPABAEAABmBnBlBdBSBdA/BABOAvAdAyAjAIAPAIADABAC
3537800,BzB6B0BnBhBZBRBDA9ApAlAjAcAXAOAKACABABBrBwBtBhBZBUBKA4AsAuAaAoAcATALAJADABAC
3537909,B7B5B4BoBoBbBQBBAxAvAnAgAZAWAPAJAEADAAB1B3BwBpBbBPBEA0AtAjAfAdAbAQAMAFADAAAB
3538006,BpB7B4BmBXBVBVBKA9ArAhAYATASAIAHADABAABvB2B0BhBYBaBTBKA5AmAgAZAVATAPAHADADAB
3538105,BdBhBpBiBbBVBNBGBFA0AoAuAkAfAQAIAFACABBMBiBfBYBXBOBKBEA6A2ArAqAjAeARAQAKAGAC
3538204,BqBuBpBZBVBOBVBJA7A3AwAqAeAjAUAMAFAHAABhBoBkBVBFBTBKA/A7AqAiAnAmAbAPAUAGADAA
3538303,BaBZBsBtBlBZBoApAhBGAvAlAhAIAfALAFADAABuBiBuBdBvBGBCA3BEAqAjAoAdAkAPAKAAAAAD
3538501,BpBrBvBaBbBWBKBFA7AvAgAmAYAUAGARAAAGAABjBlBrBiBOBbBSBFA+A0AkAjAdAkAWASACAAAB
3538600,BpBpBxBrBgBNBWA+A7AwAsAgAgAaALALAFACAABjBrBrBmBXBUBHBFA3AqAlAjAaAVALANAIAEAC
3538709,BjBtBpBbBZBbBUBLA+AtAmAgAbAUAPAIAEABABBcBoBmBbBXBdBUBLA+AxAoAiAgAXARAKAGACAB
3538808,BgBoBmBfBQBRBGBJA7AsAqAqAhAUARAPAGABAABjBoBlBiBWBVBLBEA8A2AlAxAnAbAOALAFADAC
3538907,BcBkBuBTBWBmBfBQBCApAtAgAiAeAYAHAFACABBWBnBoBcBIBNBOBEAtA3AwAkAcAiAaAFAHABAA
3539004,BhBrBmBeBrBXBSBMA6A6AnAlAmAjAMAQACABABBWBZBWBZBWBRBNBGA8AkApAtAgAWAZANAJADAA
3539103,B6CCB4BgBmBVBJBEA2AwAfAjARATANADADAAAACBCBB1BnBdBSBGA9AvAhAkATAZALAKAJAEADAA
3539202,BpBqBpBnBoBaBKA8AzAtAkAiAgASAJALAHABABBqBoBnBnBqBYBNBGA3AtArAhATAbAKAHAJACAC
3539301,BlBnBgBYBfBfBTBDA9AuAsAhAdAXAVAMACACAABWBmBnBbBNBZBQBGA+AzAjAqAfAjASARAGAEAD
3539400,BlBmByBeBWBOBPBLA3AuAnAjAgAkAWALACABAABcBoBtBbBRBPBHBEA0ApAlAtAhAiAVAQAGAIAD
3539509,B4B1ByBuBuBmBQA/AxAuAfAjAXARAKAJACABAABxB1BoBRBdBXBNA4A0AmAjAfAbAVAMAHAEACAE
3539608,BhBkB+BkBfBkBKBFA5AuAoAfAhANAWAMAEADAABkByBnBlBTBYBZA7AtAyAqAhARAdALADAEAFAA
3539707,BuB2BqBwBfBaBYA+BAAxAiAqAWAcATAKAAAAAABpB0BvBRBOBWA+BFA1AnA6APAaAZAMAGAEAAAE
3539806,B0B6BuBlBfBZBXBGA4ApAhAWASALAHAFAEABABByB0BsBiBeBgBZBLA7AnAiAYAZAQAIAJAGABAB
3539905,BIBbBkBmBUBVBHBFA/A0AqA7AsAWAaAHAHAHAGBXBSBWBIBTBSBQBKBBA3AsA3AuAbARAKAQAGAC
3540002,BgBxB0BpBcBOBLBHA1AtArAZAYAOAXAQAHADABBbBzB5BbBOBUBRBGA9AnAjAhAjAfAMAMAGAFAB
3540101,BUB/BvBpBTBLBPBKBMAtAgArAxANAKALAEAGACA7B0BvBdBDBIBaAtBFA5A5AlAeAKAhAPAGACAE
3540200,B1B6BuBgBkBlBYBEA1AnAmAWAeALAIAHACAAABB2B5BqBaBeBgBPBBAvAlAeAiAfAOANAHACADAA
3540309,BPByB4BhBhBNA/BEBZBMAlAtAUAFAIAFAHAEAABXBjBpB1BPBhBJBbAkA6AvAdAYALANAMAHACAA
3540408,ByBuBbBtBWBUBMA6BBAtA0ArAmAZAMAQAGACAABGBuBzBfBIBVBKBOAqA9AjAwAVAYAIAPAJABAC
3540507,BdBsBzBdBWBPBGBJA4A1A3AsAsApARAaADAEAABQBkBiBUBIBJA/A7A1A/AvAjAgAhAcAKAJABAA
3540606,BqByBlBlBeBbBUBDA5AsAlAiAhAUAJANAEADABBnBvBnBbBcBWBMBBAzAvAlAkAbAbAQAMADABAC
3540705,BjBmBmBgBeBeBUBEA1AwAmApAeAVALALAEACABBfBoBmBcBYBcBUBHA6AsAuAkAeAZAPAKAGACAA
3540804,BWBfBeBWBVBXBVBKA+AvAvAuAuAcAYAOAHADAABJBUBbBQBYBcBMBGA3A4AxA0AlAhAXAOAJADAB
3540903,BnB7ByBWBpBlBaBGA/AqApAcAZANAMAFABAAAABiB1ByBkBbBZBWBFA6AoAlAXAOAKAQAGAEADAD
3541000,BqB3B0BdBSBKBKBHA9AsAlAhAdAUARAIAFABAABkBwBuBdBUBWBWBLA6ApAkAlAhAZASALAEABAB
3541109,BpB/B9BnBDBVBIBIAxA9AfAgAXAfAbAJAFAHAABlBcBwBnBjBWBGA9AyAkAvAVAnAXATAHABAAAA
3541208,BaBgBjBiBzBoBXBQA5AiAqApApAUARANAFAHAABVBdBZBcBaBWBGBDA3ApAsAjAlAaASAPAFAEAA
3541307,BoB0B2BvBeBXBEA9AwAqAkAiAeAWAMAIAFADABBlBrBxBoBeBYBKBFA4AqAmAjAdASAOAFAHADAB
3541406,BdBmBoBgBcBbBPBDA6ArArAfAcAUAOAJAFACAABcBiBnBiBlBdBWBLA6A1AsAjAgAUAPALAHACAB
3541505,BZBhBoBmBeBbBQBJA8AqAiAnAZAZAOAIAHACAABeBkBsBiBiBkBSBEA3AuAmAnAbAcAQAIAGADAC
3541604,BnBrBzBhBcBaBMBAA4AyAnAnAeASARANAEABAABeBpBrBpBXBSBQA+A4AvAqAmAbAYANAMAGACAC
3541703,BrBuBuBrBnBbBSA+AsAlAqAhAVAWANAKAIABAABwByB1BcBkBXBJA/AvAoApAeAaAVARAKAFADAA
3541802,BcBOCDB9ByAvBCBMAqApAeAwAlAoAWATAAAAAAA8BtCJB1BOBJAcBUAfA+AyAuAjAYAbAUAMAAAA
3541901,BlB3CBBqBaBTBKBBA9AgAaAlAdATAPAEADAEAABvB0BzBXBiBXBLA/AuA/AdAqAYANAVAKADACAA
3542008,BlBwB2BlBZBSBRA0A7AsArApAnAUAMAIAPAFAABeBvBqBxBeBFBDBDAxA4AkAYAcAdAOAHAGAHAA
3542107,BpBwBrBjBiBfBTA7AxAtAnAeAjAWAKASAAADAABtBzBtBZBYBZBEA6A8ArAnAkAaAcATAMADABAA
3542206,BsBtBvBpBdBTBLA/AsAuAlAmAZAgAOAIAFACABBaBmBpBiBjBdBMA/A6AzAkAtAcAYAPAIAIACAB
3542305,BoB6BzBuBYBTBVBBAxAuApAzAkAdAYAdAFACADBUBoBoBdBMBLBEA0AqAhAtAsAeAiARAJAEACAA
3542404,BnBtBrBmBSBdBPBCAyAzAqApAbASAPAGADAGADBYBnBpBfBpBeBPBDA0ArAkAkAgAbAMAHAOADAA
3542503,BfBbBwBnBaBTBRBPBEAqAiAnAbAdAkALAFACACBdBtBxBYBMBABIBCAtAwAsAvAjAlAPAKABAJAA
3542602,B1CCCGBuBYBKBGA+AyAuAiAgAWAQALAGADABACBwB6CDBsBYBVBDA5A0AnAmAWAaASAOAJAFACAB
3542701,BnCWCHBjBqBEBeA2BLAVAdAgAXAXALAGABABAACPByB0BYBTBuBBA5AeA0AcAfAJATASAAAFAAAA
3542800,B9B9CKB7BXBEBAA2ApAnAvAsAlAPAPANALAAAFCKB6B4BjBLA+A2AwA3AwAfAXAdAUANAMACAAAA
3542909,BoB0BzBpBgBZBQA+A1AkAqAjAgAYASAKAFACAABxBzBgBgBcBPBDA9AwAsAfAmAdAVARAPALAAAB
3543006,CXCPCDCABeBSBCA1AwApAhAZASARAGAFADABAACWCJB/BkBXBGA8AwAoAkAcARAZAJAKAFACACAB
3543105,BqCICMB4BgBSBGA3BBA1AkAjAYAQAOAEAEAAAABgCHBmBhBZBJBBBQA0AlATAfAuALAKAAAAACAA
3543204,BeBeBPB3BkBVBSBIA/A9ArAnAdAZAWAGADAFABBUBjCDBnBiBHBDA6A+ArAhAoAoAYASAFAAAAAA
3543303,BjBwB0BnBdBVBPBRBEAvAoAVAVAQAJAEADABABBgBvByBiBdBZBYBQA9AtAeAeAaAQALAIADABAB
3543402,BgBqBnBWBXBYBUBJA8AuAmAhAbAUAMAJAFABABBdBmBhBZBYBfBaBQBAAyAtAlAgAZASANAHADAB
3543501,B+CFCFBsBNBHBHA/AuArAkArAcAdAQAJACABAAByCAB3BeBHBPBJA4AvAvAkAmASATAVABADAAAA
3543600,BfB3B3BlBYBKBJBKBLBOAtAmAXANALAPAAAAAABKBuBtBjBbBaBTA+AgArApAgAbAMATATAIAHAA
3543709,ByByBzBdBgBkBIBIA1AxAqAaAVAaAJAKAJADABB2B2BpBlBaBZBIA6A1AnAYAjAbAOAVAKACABAC
3543808,BdBoBoBlBaBMBLA6A7A4AtAzAiAiAMAQALAEAABSBeBsBeBIBJBOBOA3AnAsAuAlAcAfALABADAC
3543907,BXBnBpBcBVBYBTBFA5AvAoAjAfAYATAMAGABABBXBdBkBZBXBYBSBHA/AyApAqApAeAUAPAJADAC
3544004,BzB7BqBsBoBbBSBAA5AqAdAhAbAUAPAJAAAAAABlB1BpBlBhBXBIBAA0ArArAbAZARAKALABAAAA
3544103,B4B9B6B2BqBiBKBEA6AmAiAQAKARAGAEABAAAABwB5B2BqBqBcBMBEA1AkAaAXASAOAIAEADABAA
3544202,BlBoBtBsBdBYBPA6A5AzAyAfAgASAUAKADACAABoBrBzBmBTBQBCBEA4AzApAhAVAaAJAMAIACAA
3544301,BiB8CIBqBvBWBCBSA6ArAQAlAYAUAKACAAACAABvBwCLBeBFBOBjA9AzAaAcAoAXAOAJANAHAAAC
3544400,BdB+BpBxBfBaA6BIA3AjApAcAiAmAFAJALAPAABpBoB/BeBeBkBaAnAqAmAgA5AVAFAKAIALAAAA
3544509,A9CLB0BWBeBNBTBPA0AdAtA7AyAcANADAAAFAABFB1BpBMBeBgBDA4AwBPA5AqALAYAZAFAJAAAA
3544608,BsBpB4BdBIBOBSBCA7A3AlArAfAbAjAHADABAABQBkBkBjBaBHBWA/A2AkArAqA5AbAKAIAIABAB
3544707,BUCICWBbBNBLBjAnA/AoAXA3AiAfAVARAHAAAAB9BgBcBzBTA9A1BVA4A4AOAkAdATANALAIAFAA
3544806,BWB7ByBpBPBfBJBIA/AxA0AlAWAZAeAEAHAEAABpBZBRBmBaA/BKBDBCArAiA4AeAaAOASAAAAAD
3544905,BwBsBgBVBhBbBUBGA8AzAdAqAhAUAPANADADAABkBpBkBRBRBUBbBIA9AnAnAiAYAcAWAIAJAEAB
3545001,BuBxByBpBbBYBIA+A9AvAjAmAgAXATANACABAAB0BvBpBpBYBOBMA0AxAuAfAnAYAbAJAMAEACAA
3545100,BkB6B6BzBTBTBBBPAoAwAoArAjARAVAJAHAFAABaBoBxBdBiBFBBAyBHAuAXArAYAhAQAHAPAFAA
3545209,B0B2BpBhBnBkBTBIA0AsAjAbAaAQAKAFACABAABsBwBnBbBcBjBaBDA1AnAcAkAdAQALAGAFACAB
3545308,BxBwB1BaBhBcBTBDA3ArAaArAfAQAIAJAGAFAABuBzBuBnBaBaBOBCA0ArAmAeAaAOAMAFAFABAB
3545407,BhBxBuBkBRBQBKBAAvAsAtAoA0AWAVAFAMACACBgBmBuBhBTBPA9BDAyA1ArAqAeAXARAUAIAHAA
3545506,BrB1CCB/BIBUA/A1A6A2AuARAaAhASADAJAAAABxBiCGBzB7BRBTA6ArAmAcAUAMAaAAADAJAAAA
3545605,BkBgBbBoBfBaBRBFA9A2AlAoAkAXAUAMAEABABBaBgBrBaBbBSBLBIA1AmArAkAnAhAQALAHAEAB
3545704,BaBcBmBlBcBKBSA8A2BAA1AlAzAjAYAJACADAABZBSBnBbBKBABGBTA2AwA0AuAvAaAcALAFAEAA
3545803,BsBuBoBdBmBlBeBQA5AnAgAcAZAMALAFACABABBrBvBoBdBhBiBdBIA0AnAeAiAZAQALAGACACAB
3546009,BpBsBqBrBcBfBNBHA0A0AmAZAZAaAMAJAGABADBnBrBlBiBiBZBNA/A9AqApAjAYAXAKAFAHADAD
3546108,BlBkBrBnBUBVBRA+BCAiAsAvAmAcAOARAGAAAABnBpByBaBTBXBIAvA7AxA3A4AMARAKAUACADAA
3546207,BrB0B6BMAuB0A9BhA/A4AvAhAGAgAYAPADAGAAByBhBbBcBRBhBFBSAzAYA2AYAWAjAYALACAAAD
3546306,BkBwBpBfBoBbBWBIA6AzAxAdAgASAJAEABACABBpBrBhBTBaBcBQBHA3A1AgAlAgARAKALAGADAB
3546405,BeBzBqBgBVBYBKBEA/A0AoAmAYAYANALADAGABBiBoBmBeBbBUBLBHA4AvApAjAkAWASALAHAFAD
3546504,BuBmBtBwCUCBBjBIA+AxArAXAXAaAEADACABAEBqBsBdBYBZBSBEA2ArAlAcAiAIASALAHAEAAAA
3546603,BcBiBwBkBNBOBIBDA6AvAvAmAcAeAVAOAGABABBTBiBrBYBcBSBOBLA/A8AzAmAlAYAQAPADADAB
3546702,BkBrBeBlBoBhBbBBA4AyAnAjAgATALAMAGACABBZBiBpBgBkBVBKBJA2ArAiAgAiAVAMAPAIADAA
3546801,B0B4BwBmBlBXBOBGA7AsAmAcAWASALAHADAAAABxByBuBlBbBcBMBAA0AoAiAZAcAPAOAOACAAAA
3546900,BrBxCABzByBeBQAzA/AnAkAYAWAUALAIAEAFAAByBwB2BYBkBNBBBIAxAcAmAdATATAMAOAFABAE
3547007,CECJBmBhByBbBVBDA2AgAnAhAYAiANACACAAAAB4BxBcBaBOBYBdA9AgAmAnAdANAXAeABAFAAAA
3547106,BTCACIBtBjBDBkAqAnAmA5AfApAXAKAOAOAAAABiCGBbBPBaA9BhAvAzAsA5AhAPAbAQASAIACAA
3547205,BRBiBzBmBaBcBIBEAzA5A8AkAyAKAVAJAGADAABJBlB2BcBYBHBVA7A+AnASBEAlAVARANAAAKAE
3547304,B3COCGBgBTBMBTBRBFAlAcARAUAMAGADACAAAAB2CJCBBkBWBXBVBWA4AkAWASALAFAIACADAEAA
3547403,BKBfB3BiBSBHBfBGA+A6ArA3AlAdALAHAAAEAABcBkBwBUBKBbBBA/A9A8ApAvAnAcAIAGAGAMAB
3547502,BWBgBjBRBSBVBOBEBCAxAvAsAtAYAXANAFACABBRBeBeBYBRBUBLBHA5AvA3ApAhApAXASAKAHAF
3547601,BhBxBnBlBXBWBLBFA9AvAlAlAaAhAQAKABACAAByBnBcBRBdBWBUBAAwAxAkArAmAWASAKAKADAA
3547700,BjBnBjBoBaBWBNA7ApA1AxAlAdAdASAOAFADACBZBgBjBdBkBbBKA+A7AwA0AjAlAZAOAUAIACAC
3547809,BZBkBhBWBbBdBVBOBAAyAqAjAcATAMAHADACAABZBhBeBXBcBgBbBQBDA1ArAnAhAYAPAKAGACAB
3547908,BiB0B3BhBXBYBPA/BKA2AhAwAZAXAbAHABAAAEBcBuBrBRBLBLBDBUA8ApAgAeArAZAOAFAIAFAA
3548005,BoBzBnBbBjBcBUBHA5AlAvAeAhASAIAMAEACABBsBuBnBjBfBYBQBEAyApArAZAdATAOAMADADAB
3548104,BWBpBvByBdBTBXBGA+AzAsAhApAXARAHAOAGAABhBeBoBYBZBGBMBGAwAiAeAtAgAaAWAMAHABAF
3548203,BtBnB2BmBcBgBdBBA1AiAeAkAcAeATAKAAAFAAB2B2BwBkBXBSBkA0AeAxAdAdAZAYAOAEACABAA
3548302,BOBtBWCBBkBrA3BNAmAkBAAlATAlAYAUAGAHAABTBSB0BLB0BQBHAxBCA3AdAvAfAgAQALAMAAAA
3548401,BiBzCdBlBbBhBSAuAsApASAvAjAWAKATAAACADBrCPBrBUBEBVBiA7AfAtAqAcAhAXAGAHAIAAAA
3548500,BIBVBXBQBRBUBOBHA7A1AxApAkAeARALAHADABBIBSBXBUBUBYBWBRBJA9A4A0AxAjAaAUAMAGAC
3548609,BdBpBoBtBPBZBQA+A4AyAeAuAoAbAaAHAHACABBjBlBuBkBiBQBDA5AsA4AlAsAfAaAPAOAEAAAB
3548708,BjBsBnBZBeBhBaBSBEAxAmAZATANAHAFACABAABgBpBnBaBeBmBfBVBDAwAkAcAXAQAKAHADABAB
3548807,BFBSBRBOBWBaBWBOBAA0AzAoAmAdAUAKAGADABBJBNBRBLBUBfBeBQBKA8A2AwAxAmAXAOAMAEAC
3548906,BYBkBmBiBbBaBUBHA6AwAoAkAgAYAPALAGADAABWBeBlBYBZBYBTBKA+AvApAnAhAdATARAIADAC
3549003,BYBlBzB1BaBRBbA6AzA6A4AqAhAfAQAGACAAAABhBeBuBmBOBNAwA4A9BDAjAxAcAXAXALACACAA
3549102,BYBhBlBfBaBTBRBHA8ArAqApAhAcAUAOAFACABBTBfBnBaBYBaBQBJA5A1AsAoApAdAPAQAIADAB
3549201,BSBoBfB3BsBeBUBCA8A5AiAsAkAdANAAAMAAAABkBrBqBcBiBbBAA7AwAnAzApAaAIAIAOAKACAA
3549300,BnBlBaBqBVBVBIBFBEA8AjA7A1ARATALACAFAABIBmB2BgBNBUBJA/AxArBEAZArAOAWAKACAAAA
3549409,BeBrBtBhBeBYBRBHA6A0AlAjAYAWAKAIADACAABYBqBtBbBYBcBRBIA7AxAuAfAeAbAVAIAGADAB
3549508,B2B5B1BmBwBWBLA+A/A3AVArAcAQANAJAEADAABqBtBgBpBVBCBMA7A/AtAiAsAaAMAIANADACAB
3549607,BvBvB7ByBXBRBOBBA4AoA1AlAZAVATAHAIAJAABoB1BvBYBYBPA/BCAuAqAkAbAcAYASALACACAB
3549706,BvBxBrBVBVBSBRBMA7ArArAdAeAZAQAKAGABABBpBrBkBWBTBVBTBHA2AtAiApAiAZAQAQAHAGAC
3549805,BaBfBiBXBaBdBVBHA9AwAqAkAeAVANAJAEACABBXBbBeBbBdBiBcBOBBA2AtAoAgAZAQANAHAEAB
3549904,BvB2BxBeBaBbBZBSBAAsAeAXATANAHAFACABAABqBzBvBeBdBjBcBQA8ApAeAYAVAPAKAHADACAB
3550001,BmBuBnBrBgBPBNA/A6AmAtArAsAeAOANAEACAABuBqBtBZBWBUBBA2AtA4AlArAZAZAXAGAKAAAC
3550100,BkBuBpBnBfBbBTA/A1AsAmAkAbAZAOAHAHABABBrBuBtBkBeBLBJA/A6AnAnAjAaAcANAPAJAEAB
3550209,B3B7B4BaBhBXBJA5A2AwAmAhAiAPAQAOADABAAB5B1B0BxBaBOBIA7AsAsAiAdAXATAIAHACAAAC
3550308,BdBkBfBXBfBeBWBKA8AtAmAeAZASALAHAEABAABbBiBfBbBhBkBdBRBCAzAqAkAgAYARALAGADAB
3550407,BkBoBoBjBUBTBJA9A3AxAoAkAsAVAXAQAFACABBiBjBmBcBRBLBJBIA6AxAkArAkAnAXANAKADAA
3550506,BzB0CHBYBVBUBKBAA3A4AuAiAVAiARAIAEAGABBJB0BzBnBQBUA9BLAxA0AqAdAeAbAJAJADABAA
3550605,BnB3BxBdBWBZBRBIA7ArAiAiAgASANAJADACAABjBoBsBeBeBWBRBFA6ApAoAfAcAVATAKAJACAB
3550704,BtBwB2BqBwBcBZBJA3AwAhAbAZAPAIAHAEAAAABxB1BkBcBeBWBRBLAxAsAYAcAbAPAJAFAFACAB
3550803,BpBqBsBwBeBZBSBBA6AwAtAhAYAdAQAIAFAAAABmBvBtBLBdBNBBBBBAAuAhAoAhAaALAQAHACAA
3550902,BnBwBtBtBSBWBPA7A5ArAjAqAdAbARAIAGAHAABkBsBmBGBYBRBKBEA3AsAiAwAmAWASAPAMAIAD
3551009,BnBuBsBdBbBaBUBLA8AsAjAdAWASALAHADABAABhBtBpBeBbBdBXBOBAAvAnAgAcAWAPAIAFACAB
3551108,BxB8B5BoBWBbBOA+AoA4ArAZApAVASANAIABAABoB+B7BXBOBMBEA4A0AkAlAoAcAUAOAIADABAA
3551207,ByB+CTBVBCBcBNBAA1AqAmAjAgAXAPANAAAAAABvB3BfBbBRBPBPBAAqA6AjAxAhANAKANAGAAAA
3551306,BUBdB6BTBMBYBpBCBFA+AlAhBCASAGAKAAAKAABlBoBBBQBbBeBIBAA8AlA2BKATANALALAMAFAC
3551405,B7B5B0BdBrBWBWA6BCAoAwAWAZAOAJALAFADAACHB1BlBfBMBIBSBHAmApAaAkAaAZASADACACAD
3551504,BwB3BsBgBoBmBMBPA3AwAjAXAVANAHAHAFABAAB3B1BsBfBjBiBcA0A/AfAdAcAXAUAIAEABABAA
3551603,BZBjBgBhBRBRBOBKA9AxA0AcAkAlAQANAIABABBcBeBfBZBWBQBOBGA6AyAvAmAkAiAXAOAOADAA
3551702,BqB0BzBkBdBfBYBKA8AqAnAZAYAMANAGAEACAABlBxBsBbBbBcBUBIA4AsAhAeAcAPAOAIADACAB
3551801,B7CHCZByBTBABEBEA2AsAoAfAYAUAHAIAGABAAB6CFCIBjBNBKA9AyAtAoAgAZASASAKAEAHAEAB
3551900,BuBsBvBkBvBmBZBEBBAfAkAcAcAKAMALAIABABBtB1BvBhBhBZBMA5A5AdAtATAXAYAFAKADADAA
3552007,B3B/ByBoBUBdA/A5A4AsApAkApANAQAJAEAJAABxB4B0BMBYBOBRA3ArA8AoAXAdAWAIAKAEADAA
3552106,BcBgBkBYBZBVBSBCA5AzArAkAlAhATAIAJACABBbBfBjBWBWBPBNBIBDAuAmAyAmAWAZAQAKAEAB
3552205,BnBuBqBbBbBbBVBIA6AsAlAeAZAUAMAHAEABABBiBoBpBeBZBeBXBLA7AuAnAjAfAXAOALAFACAB
3552304,BtBwB4B4BsBcBZBCA7AtAaAhATAWAKAFAEABAABpBoBpBtBfBeBKA9AxAnAmATAbAPALAFACAFAB
3552403,B1B7B2BlBjBbBZBOA7ApAeAWASAMAJAFACAAAABxB2ByBkBfBfBXBLAzAkAdAUATAOAIAGADABAA
3552502,BwB4B1BkBkBbBTBJA5AqAhAZAVAMAHAFACABAABxB1B0BnBeBcBSBIA3AnAfAYAVARAJAGAEABAA
3552601,BjBnBlBuBkBbBRA9A9AqA0AjArAVAUAGAFAEAABXBhBhBOBWBVBGBNAxA1AtAnAdAdAQAKALAEAB
3552700,BnBqBrBuBtBSBUBGA6AtAuAmAfARAQAJAFADACBgBpBpBWBQBaBIA9AyAnAqAkAeAUAYALAGAFAC
3552809,BwB5BvBfBjBeBXBMA8ApAfATANALAGADABABAABwB0BvBjBjBlBeBQA9ArAfAYASAKAKAFADAAAA
3552908,BjBwB6BzBiBXBHBDAqAxA3AjAbAUAUAQACAAACBqBjBZB0BeBcA9A6AqAwA3AaAUAVAKAQAFADAA
3553005,ByCAB9BkBIBIBXBBA8ArAsAgAaAXASAFAIAAAABqB4BvBRBXBaBEBAA7AvAiAgATAcASAIAEACAA
3553104,BtBnBkBfBkBcBPA7BCApAnAwAcAkALAIAFAHAABhBpBjBiBfBWBDA5AtAyAwApAXAaAOAGAIAHAA
3553203,BbBqBhBMBbBZBUBkA1AoAyAjApAfAUANAGACAABeBgBbBaBaBNBJAzBAAxAqArAhAcAVAYABAGAC
3553302,BvBtBpBYBZBXBaBHBAAwAkAjAeAcAQALACACAABpBoBnBaBTBaBMA/AyApAoAlAiATAPAKAOACAA
3553401,BUBlBoBbBbBXBWBIA6AyApApAjAaAPAKAHAAACBUBjBnBVBVBXBUBHA6A2AwAkAlAXAWAMAIADAA
3553500,CDCGCDCABFBRA4BBA5AlAsAfAdAOAKAJAAAAAABnCSB6BjBWBLBQA3A2AyAVAbAQAUAIAEAJAAAA
3553609,B2BtBuBfBaBYBTBDAzAwAlAmAgATAOAIADAAABBzBxBtBdBbBYBQBAAxAmAmAdAaAXAVACAHACAB
3553708,BmBrBoBqBpBiBSBDA4AqAsAgAeAVAOALAIACAABaBiBjBaBZBUBMBEA3AvAmAjAfAbAPARAFAEAC
3553807,BqB3B0BiBSBXBSBIA2AtAhAmAhAVAKAHAGADABBrBqBpBiBUBWBUBCA1AyAlAlAZAVARAHAGABAB
3553906,ByB3B0BzBqBhBNA/AcAyAnAhAiARAOAIACACAABrBlBeBnBoBfBMAsAsAuAfAkAaALAQANALADAB
3554003,BoBxBvBiBXBUBQBDA8AtAlAkAcAVARAIAFABABBmBrBsBdBWBVBOBBA2AxAlAmAhAXATAKAIADAC
3554102,BkBuBvBeBgBbBTBKA6AtAkAcAYAPAMAIADABABBjBpBsBdBdBfBWBIA7AuAkAgAdAUAQAKAHADAB
3554201,CPCBB8BlBMBKBFBHA6AzAvAXAZAVAQAIAFAAAABbB5B0ByBUBYBDA8AvA0AiAeAUAOAIAGADAAAF
3554300,B5B7B8ByBkBVBJBBA6AtAmAdARANAHAFABABAABxB5B+B1BhBXBKA9A3AoAYAUAQAOAJAFACABAA
3554409,B1B0BeBaBPBiBYBHA4AuAnAlAqASAQAFAIACAABrBlBhBLBhBbBVBBA0ApAqAlAmASASALADAAAC
3554508,BjBkBeBaBZBfBTBHA4AuAmAqAjAUAPAOAIAEABBXBlBdBRBYBWBPBDBAAvAuAmApAfAUAPAHAIAD
3554607,BcB+BiBcBTBYBPBFBJA7AqAiApAVAQAGASAAAAB1BtBkBhA7BMBPA4A+AgA1AtAeAMAPATAAABAA
3554706,BiBtBjBXBdBSBRBIA8AuA5AgAlAVAUAVAIAHAABeBWBaBVBTBMBHA9BAA0ApAoAvAjAVAQACADAD
3554805,BoBtBsBVB3B0BmBOA7AwAiAcAZAPAGAJAGABABBiBpBrBhBTBbBSBFA1AjAdAeAbAQAJAJAEABAD
3554904,BYBgByBfBcBRBLA7A4BFAuAvAlAiAYALADACAABWBaBqBYBRBMBCBPA8A0AvAtArAYAKAKAHADAA
3555000,BaBnBmBgBTBPBMBEA3ArAyAiAmAaAQAKAFAEABBUBiBoBcBaBWBOBDA9A4AvAqAkAYAUAPAIAFAD
3555109,BXBiBjBfBVBNBRBEA7AvA1AnAiAkARARAKADACBMBaBfBZBVBPBTBEA9A8AuAyAiAjAMANAKAGAB
3555208,BUBXBzBdBjBRBLBPBKBHAzAiAVAQAaACAKADAABIBiBmB3BaBNBHBDA3AsAuAjAYAnAIAKAJANAA
3555307,BoBGBoBoB6BZBSBHBAAoA3AiAYAaAaAPAEAAAABYBiBsBpBXBEBcA1BHBCAaAzANAMAQADADAEAE
3555406,B8B7BzBpBmBeBVBGA2AnAlAZAZAMAIAGACABAAB6BxBuBhBhBbBOA9AxAjAfAcAWAQAEAHAGABAC
3555505,B6B0BvByBlA+BJBJBAAoATAoAmAYAdAGACAGAABoB1BcBFB2BDBGA7ArArAwAlAhAZAPAQAEACAA
3555604,BbBiBdBYBjBfBOBQAqA4AuAkApAZAUAIAPACACBgBbBgBUBRBdBGA9BEAnAsAuApAXAdALAIAAAE
3555703,BoBXBgA/A9BqCEAfBUAmAvApAfA1AbANASATAAB8BJBgA/BIBpBtAvBQAaAYAiA8APAAAUAAAAAA
3555802,BTBuBrBoBdBLBNBQA6AnA9AjA0AQAKAMAFABAABVBYBsBkBWBQBOAxA+A3AvApAbAWAVAUAIAEAE
3555901,BxBrByBKBLBOBfA3A6A9AVAsBLAXAAAgAIAAAABGBsBiB4BHBYBGA+A+AiAoA0AxAcAPAAAAAAAA
3556008,BiBnBgBSBUBMBUBHBHAtAyAqApAXAaAFAKAFACBLBmBdBjBMBcBMBCAwAyAoAxAkAjASASAHACAC
3556107,BVBpBZBoBlBaBSBJA5ArAsAlAtAWAXAJAEAAAEBjBhBuBGBSBOBYBCA0A5AuAvAbAeANAKAHABAC
3556206,BcBlBoBaBlBlBWBMBCAtAnAmAfAVALAGAEABABBbBhBbBcBeBfBXBLA5AyAnAiAdASAPAKAHAEAB
3556305,BsBsBsBpBaBfBSBAA0AjArAYAaAWAQANAEADAABqBxBzBWBVBgBQA+A2AtAkAiAdARASAQAEAFAA
3556404,BjBsBoBiBaBWBWBIA7AuAnAjAcAbANAIAIACABBlBqBoBRBaBcBRBEA5AsAoAlAiAYALAPADAEAB
3556453,BwB4ByBlBkBYBSBGA5AvAdAdAOAQAHAFAFADAABwB1B1BiBbBlBWBFA2ArAjATAWARAGAGAEAAAC
3556503,B0B8B0BkBgBdBgBSA+AmAdAUAQAMAEADABAAAAByB/BuBkBgBjBdBLAxAjAaAVATALAFAFADACAA
3556602,BjBrBoBrBYBZBCA8A8ArAnAqAuAWASAMACAEACBgBbBlBnBYBQBJA8BCApAmAsAgAdAZAOAEAGAB
3556701,BZBtBsBkBeBdBYBMBCAvAjAhAWAaAMAJADAAAABcBtBlBXBZBcBZBJA6AuAjAjAXAZARANADABAB
3556800,BsBtBoBgBaBXBVBIA6AqAtAfAeAcAMAMAGAAABBmByBfBdBOBUBGBAA2AyAxAdAaAdAXAPAFABAC
3556909,BFBlBjBhBmBeBVBIBCA2AyAlArAQAZACAHACAABhBkBhBIBcBNBNBNBBAyArAhA0AQAMAEAPAAAC
3557006,BvB4B2BpBeBdBVBHA7ArAiAYATATAIAGACABAABvByBuBdBiBeBUBGA1ArAcAcASAUALAIADABAB
3557105,BbBiBkBhBaBXBQBFA+AvArAlAgAYANAGAIACABBZBeBiBYBcBbBWBKBBA4AtAnAhAYAPAOADADAC
3557204,BqByB1BqBaBSBJBBA3AwAkAmAhAOAMAKAFACABBnBuBtBrBaBPBCBBA3AtAiAnAaAYAQAQAFAEAA
4100103,BwB4B2BoBqBeBVBAA0AtAiAcAbARAHALAAABAABxBxB9B9BcBHA/A8AqAqAuAbAVASAJAFACABAD
4100202,B7CUCTBrBHA+BDA1AyAlAqAjAhATAUAOAFAEAACCCHBvBfBLBFA4AxAuArAgAmAXAdAVAHACABAB
4100301,B5BxB8B9BlBbBEA2AjArAhAqAbAfAPAMAGACAABwBtB2BrBgBIA9AvA1ArAiAgAlARAHAGADAAAA
4100400,CICEB8BtBlBWBOBGA0AlAcAWAPAIAIAEACAAAAB+CAB2BlBgBcBQBDAwAnAbAVAQAQAGADACABAA
4100459,ByBrCGCGB8BTBAA0AsAmAlAjAbARAGALADABAAB6BxB9CIBqBPA9A0ArAlAbAcAOANAIAEACAAAA
4100509,BdBnBuBmBfBUBHA7A9AyAwAmAeAdAOAHAIACABBlBoBtBtBhBVBOA/A3ArAoAkAeANAOAJAEAEAA
4100608,BrBxBtBwBnBcBOA8AwAlAnAkApAUAQAGAGABABBqBlBlBeBmBaBFA6AxA5AoAgAZAUAKAIAFAFAB
4100707,BvB2B4BzBhBXA/A2AzAhArAfAZAXAKAKAKAFAABsB0B2BzBfBQBEA9AxAuAmAbAcASARAHAEAAAB
4100806,BsB5BtBuBhBTBLA3BEAtAsAgAeATANAFAGABABBgBmBxBnBaBSBUBJAwApAkAhAZAZAOAIAEABAB
4100905,BsCFBxBtBmBXBHA7ArAbAdAmAdAbAJAIAPAAACCKBqBuBlBoBnA7A4AsApAdAeAgASAFAIAGAAAC
4101002,ByByB9BoBTBUBSA9AtAvAlAiAeARAKAJABABAAB1BzByBvBaBXBEA+A7AsAmAiAXAMAJADAJAEAA
4101101,BjBwBtBhBlBYBGA/A7A0AnAbAcAYAMAGAGAEABBgBsB0BoBYBTBIBHA5ArAtAnAcAQATAMACAEAB
4101200,B4B4B0BjBUBOBNA7AxAlAvAgAeAXASANAJACAAB2BrBuBiBSBOA6A5AtAnApAmAcAfAUAWAIAFAB
4101309,BrBnB3B3BlBWBRA9A/AmAsAqAjAVAQAHAFAFAABoCNByBaBTBLAsA7ApArAjAnAgAXAPAGAFAAAB
4101408,BrBoBuBhBkBXBJA9A1A0AmAiAZARALAJAEACABBmBoBpBiBjBaBSBMA+AwAqAeAaATAPAKAGABAA
4101507,BiBjBkBgBkBbBLBFA5AvAnAjAdASAQAJAEABAABhBbBmBhBiBgBUBHA7A0AtAkAeAZAMAKAIADAB
4101606,B9B7B4BuBhBSBMA+A3AlAeAeAcAUANAIAFAAAAB9B/B2BqBfBbBIA/AsAqAWAhAMATAGAAADAAAB
4101705,BqBuBuBxBwBhBKBAA1ArAmAgAZAdAOANADAAAABdBkBmBxBhBZBBBGAyArAlAeAdARANAKAFACAA
4101804,B6B9B8BnBfBdBTBGA5AjAcAYATAPAKAEADAAABB2B6B2BkBfBhBVBHAuAnAXAaAWAMAHAFACABAA
4101903,BxB0B1BxBXBPBEBDA2AyAlAfATAPAOAGAEABAABuB3BzBjBeBWBPA8A2AsAZAoAfAWAOAGAKACAA
4102000,BgBoBxByBhBVBCA/A5A1AsAgAWATAMAIAFAAACBjBhBxBtBrBdBQBFA6AxAiAdAUAXALAJAGACAC
4102109,BmBpBsBoBhBXBQA/A2AwAnAiAYAaAQAJAGAAAABhBkBjBgBgBdBOBNA3AtArAfAbAcARAMADABAA
4102208,BYB4BuBzBzBgBPBHA3ArAfAwAiALAMAJAGAAAABlBkBhBdBbBdBZBHAvAxAiAhARAXALAFACAAAA
4102307,B4B3BvBoBdBjBTA+AvApAlAfAeAVAKALAFACAAB0BwBmBYBmBbBKA0A2ArAnAYAeAMARAKADABAB
4102406,BsBzBzBwBbBTBMA9A2AxAiAZAdAXAJALAFACAABsBsBqBeBlBaBMBFA2AqAoAhAaATAPAJAGADAA
4102505,ByB1B9B9BeBNA8AyAwAwAhAsAgAXAJAHAHACAABrB7B2B0BfBSBAA7AzApAoAbATAXAHAMABADAA
4102604,B+CFCRB3BKBKBEA8AxAoAsASARATANAGAEAAAAB5CHCBBiBOBPBGA+AqAoAiAeAVAVASAHAFAAAA
4102703,BfB6B1BnBjBmBIBMA6A3AdAnAiAWANAGAAAAAABpBdByBzBVBfBCBEAsAjAsAWAfALAMAOAFAAAA
4102802,BpBoBsBmBXBTBIBDA2AkAiA0AiASAWAHAHACAABkBlBlBmBjBcBRA5BGArApAcAlAWAQAHAGADAB
4102901,CDCECCBwBaBRBHBAA3AmAgAcAbAPAJACAFACAAB8CDB+BxBXBQBDA5AvAmAcAcARAMAKAIACACAB
4103008,BrCAB0BtBkBlBHBAAwApApAbARAXATAAAHAFAABuBpByBtBnBbBVA1AuAsAeAgAYANAFAIABACAA
4103057,BnB8CWCFBiBBA3A4A3AvAtAeApANALACAEAAAABkB+CHByBNBBBCA+AxA1AYAiAaARAFAFADAFAA
4103107,B+B6B6BxBnBKBFA6AzAiAsAcAZAiAQASABAAABB1B0B3BsBNBIA+A4AtApAjAgAfAXALAFAEACAC
4103206,BqBwCAB8BeBUBHAtA2AzApAkATANAUALACAAAABuByBoBoBkBVBAA8A4AlAtAaAlASAQAHAGACAA
4103305,BsBhByB2BgBTBKA7A7A2AbAtAiASAWAKABADAABgBxBwBqBiBVBFA/AvApAoAfAeARALAJACAEAC
4103354,B2B7B8B5ByBWBEA8A4ArAnAeAYAOAKAJADABAABrB3B2BtBXBSBCA5ArArAfAdAhAMAJAHAEACAC
4103404,BgBrBuB5BxBdBFAnAuBPA2AZAMAjAFALAFAHAFBbBzBdBcBvBPBUBLAiAuAwAgAQAJAUAGAHAHAA
4103453,CABxBfBvB4BsBXBDAtAqAVAhAQAJAIAFACAAACByBwBnBpB6ByBRA6AsAhAWAeAXADAOACACADAB
4103503,BiBuBxBpBmBRBIBGAwAiAtAfAiARAZAOADADAABgBxBjBdBmBbBOA0A9AtAhAkAeAQAbAOADACAC
4103602,BlBjBrBlBfBSBMBBA7ArAqAjAeAWAXAIADABAABfBnBnBdBYBVBPBEA8AyAsAiAiAeATAKAEAGAB
4103701,BrBuBwBlBmBaBMBEA4AtAnAcAYAQAKAKADACAABqBpBtBiBlBeBSBKA6AqAiAfAVAUAMAIAEACAA
4103800,BpBpB0BuBdBYBKBBBDAmAyAiAjAOANAMAJAGADBeBoBkBmBcBZBCBDA1AoApAgAbAVAMAKAKADAA
4103909,BxB6B4B4BhBQBFA6A1ApAkAbAVAUARAOAFAAABBxBtByB2BnBdBDA7AwApAZAeAaAPAMAGAFAAAC
4104006,CACEB+BsBbBSBOBJA2AmAZAfAQAWAJAHACACAAB2B+B8BmBlBWBRA8AsAjAeAZAOAQAIAHAAAAAA
4104055,B8CJCICBBkBNA9BEA0AkAiAVAdAgAMAAAAACAACAB+B6BuBXBRBGA5AmAlAcAfAbADAIAAAAAAAB
4104105,CGCACNCCBZBcBEA9AuATAkAlAbAMAPAJAEAAAACEB2BuBqBmBGA9AsAhAuAeAdAbAQAFAOAHAAAB
4104204,BwBzB0BmBgBbBQBEA3AuAkAbAaARALAFADABAABsBtBwBpBnBcBPBAA0AoAiAeAaASALAHACABAA
4104303,B1ByBvBjBgBcBJBBA5ApAjAZAUAQAHAHAEACAAB2BwBsBtBqBiBVBGA2ApAiAZAXAPAKAIAEABAB
4104402,CACHCHCBBVBQBFA6A4AmAtAUAaAUAJAHADAAABB9CDCBBjBZBGA7A4ArAnAgAXAeAMAJACAFACAA
4104451,CDCJCPCCBdBMBEA7AxAqAaAdAQAOALAHABAAACB/CECCB0BeBHA/A6AvAfAZAjAJAKAMAEACAAAA
4104501,BsBzByBuBgBQBKBBA+AyAsAiAVAQAKAKAEAAAABgBpBtBqBVBRBJBEA9AxApAhAdAWAOAMAEAAAB
4104600,BnB1CJB9BdBJA+A+A7ApA3AeAXAcAJAEACAAAABmBuB5B3BcBJBCA6A3AxAgAYAXANAWAIAHABAD
4104709,BrB+B2BmBVBTA9A/BIAkAuAgAeASAWANABABADBpB1BpBgBSBQBPA9A1AuAnAqAVAPAUAKALAAAA
4104808,B8B1BwBhBiBZBMBGA2ApAcAYAUAPAHAFACAAAAB2BzBsBsBrBpBZBHA2AmAcAbASAOAKAFACABAA
4104907,B8B8B7BzBYBWBBA9AyAqAiAeASASAMAJADACABB7B2B5BqBgBSBHA+AyApAgAbAbAPALAGAEADAB
4105003,B0CFCOB6BRBFBCA/AwA0AhAfAYAQAIAOAEABAABzB+CFB+BhBHBAA6AyAdAcAfAPAMALAGAEABAA
4105102,B5B3B2BwBeBWBFBDA3AlAsAeAhAJAMAGAGABABBsByB0BnBcBYBGA5A0AvAlAbAbALASAGAFADAA
4105201,CVCACTBsBVBMBEAyA2A0AhAcAWARAHAGAEABAAB0CWB+B3BSBEAxA4AnAvAfAcATAKALAGAEAAAE
4105300,BpBrBvB0BbBRBPA+A8AvAoAgAeAYAMAGABAAAABsBoBtBuBkBaBGBKA2AqAkAfAUAbAKAGAEAAAA
4105409,CAB/B2BxBmBWA/BAA1AuAkAcAPANAQAHABADACB2B5BxBuBfBSBJA9A0AnAkAXAXARAIAFACADAA
4105508,BmBkBsBqBlBbBHA7A5AoApAkAhATANAJACACABBjBfBeBqBqBeBNBIA2A4AqAgAbAYAQAKAEABAB
4105607,BvB4B2BxBaBWBJA+A0AvAjAaAbATANAHAGAEABBkBwB1BzBiBgBDA4AsAxAcAaAfAPAKANAGAFAA
4105706,B3B8BzBqBaBVBFA5AyAlAiAkAaAPALAJADACAAB6BwBxBsBeBbBMA/AxAsAiApAZAOAUAEABABAA
4105805,CAB/B1BoBnBZBQBFA1AmAcAWARAMAGAFACABABB5B7B2BqBiBeBUBHA1AkAbAXARAMAHAFABABAA
4105904,BkBtBpBmBjBaBIBFA4AwAlAgAaAaAJANACAEABBmBqBjBgBmBfBfBEA0AtAkAhAZAWANAHACAEAA
4106001,B0CCB9BlBRBFBLBEAvArAdAxAgAcAMAPAHACAAB4B2BoBeBTBXBAA1A3AkAkAkAWAdAJAOAEACAB
4106100,B3BtB4B4BRBSA8A9AlAqAzAlAnAbANAHACAFAABxCCB5BaBWBKBEA/ArAuAtApAWAUAWACAAAAAA
4106209,B1B5B2BwBRBeBHA+A7AvAiAiAUASAMAMAEAAAABuBxBtBqBuBXBBA7A0AvAfAXAbAbALAJABAAAA
4106308,B0BwBvB3BnBZBHA6AzA1AhAmATAJAQAFAGABAABrBtBvBqBrBWBMA/AyAlAZApAbAOAOAIAGAAAA
4106407,BiBsBuBgBcBXBMBGBAAuAhAhAZAWAOAFAFABACBiBmBnBlBcBcBRBNA6AvApAfAiAWAQALAEADAB
4106506,B2B9BzBkBYBQBOBCAzAuAhAfAWAMAQAFAGAEAABrB7BwBnBeBbBQBBAyAnAkAhAbAWAMAHACADAC
4106555,B4CQCaCHBpBEA3A0A/AzAqAjAXARAFAGABAAAABuB7B6BqBKBPBAA0A3AoAiAcAKAIAMACADABAA
4106605,BVBrB3ByBmBnBEA2A1AsArAbAiAUAOAMAIABAABqBoBwBuBlBLBGBBA2ArAkAlAhATALAIAEAFAA
4106704,BuBwB7BrBtBbBKBBArAlAoAqAaATAQAKAJADAABuBpBtBnBfBWBNA/A4AeAZA0AQARAMAEACAAAA
4106803,B/B6B+BsBmBXBJA7AzArApAdAbASARAIAFAAAAB5CAB2BtBSBKA/AyAmAkAdAjAfAOALAKAFADAB
4106902,BiBlBkBdBhBdBRBGA5AsAjAdAXAQAKAGADABAABeBiBlBkBnBnBdBQBAAyAoAiAdAWAOAJAFACAB
4107009,B9B5B6B1BYBKBGA4AyAvAqAcAgAWAYAJAEABABB4B6B8BeBNBIBCA6AuAnAkAnAYAYANAKAEABAB
4107108,BwB2B9B7BgBXBEA2AzA3ArAfAcATAHAGAEADAABgByB1BuBiBhBFBCAzAnAiAhAQAQAHAEAAAAAA
4107157,B7CJCaCNBaBIBCA0A6AsAkAYAXAOAGAGADAAAAB3CPBvBzBKBbA1BEAqAfAcAaARANAFAKACAAAB
4107207,B5B6B2BsBqBdBNBAAyAlAfAaARAVAMAFADABAAB1ByByBxBnBbBMA/AvAkAgAZAXAJAQAGABABAB
4107256,BmBvByBoBeBVBGA1A7AvAqArAsAYAJANABAAADBlBwBmBzBbBcBKA5AtA5AnAjAZANAMAIAFAAAA
4107306,BTBYBeBeBkBeA+BDA5AxAwAjAfAbAkAHAGAEAEBaBZBgBoBfBjBVBDA/A2AsApAeAeANAKAEAAAA
4107405,B4B/B5B6BeBaBFA8A1ArAcAoAcAPANAIAFABAABtB9B7BvBSBLBMA8AyAhAeAiAWAQANACACABAA
4107504,BsBsBnBsBoBeBDBBA2AqAnAeAPAYAXAKAHAEAABmByBpBnBjBeBXBHA1AqAhAcAVATAPAFAGABAA
4107603,BwB2B6BzBWBMBNA8A2AkAmAcAZAXAVASAHABAABmBqBwBpBjBZA9A8A0AjAwAiAVAaARAJADADAB
4107702,BtBcB3BtBgBiBFBEAwAkAsAdAbAZAPAIAGABAEBtB9BnB0BoBYBDA3AxAsAfAhAaAUAMAMAFABAA
4107751,B6B2CHBmBcBSBPA2AmA1AxAQAcATAMAIAFABAAB7BzBsB0BPBTBCA5A4AnApAhAXAVAIAHADAHAB
4107801,BiBbBiBuBJBiBHBAA8A6A3AgAfAfAUAMAEAEAABVBZBhBTBpBZBMBCA/A+A0AhAlATAPATAAACAA
4107900,BsBsB1BhBkBQBGBKAzAtAiAmAaAaAYAJADAAAABgBkBWBgBXBXBhBKAvA0AdAwAbAPAZAMAGACAC
4108007,B7B3BzB0BhBcBKBBAuArAuAaAcAXAIAIABAAAAByB1B3BkBxBZBAA0A0AmAZAhAXAMAMAFACABAB
4108106,BeBmCABaBjBZBMBdAnA5AtASAdAWANANAAAHAABiBUBdBxB3BdAzBJAzAqAiAzAmAPAaAIAAAAAA
4108205,BfBpBpBlBrBhBIA8A2AxAsAoAiAWAPAJAFAAAABaBnBpBwBmBbBNA9AyAtAqAkAaARAMALAAACAC
4108304,CGCBB2BnBkBcBTBHAyAkAcASALAJAFADADAAABCBB7B0BvBuBqBXBDAxAiAWASAMAJAGADACABAA
4108320,BmBrBvCABlBPBAA2A9AlAqAkAdAaARANACAGAABjBqBvBwBbBRBEBDA2AtAkAfAXAXAUALADACAC
4108403,B3B4BuBmBeBbBRBEAxAqAkAWAaAMALABAEABABB2BwBrBhBjBmBVBGA8AoAeAaAcANANAIABABAA
4108502,CMB/B6B5BmBZBIA7AuAnAmAZAZAPAEADABAAAACIByB9BzBZBRBBA6AqApAgAWAUAKALAGAEAAAB
4108551,BqB0CSCABpBTBHA1AzA0AiArASAMAXAIABAAAABjBuCEB0BnBDBCAzArAvAbAjAPARAMAJAAABAB
4108601,B2B5B3BtBhBcBGA6AvApAnAcAeAQALAGADABAABrBxBoBwBsBiBQBEAvApAkAYAVAPAJAHACAAAB
4108700,CACHCbBtBZBHBCA3AvAvAjAeAiATAQAMACAAAAB3CBBjBsBWBYA9A3AyAuAWAlARAPAKAFADACAA
4108809,BxB7B8BqBbBQBFA/AuAuAoAbAfAPAKAHAEAEACBrB1BwByBiBYBTBBA2AqAcAeAZAMAIAGAGABAB
4108908,BnB4B9ByBgBXBEBEA1AkAvAhAZASAIASACAAAABtBtB3BsBYBSBKA5AwA1AbArAeAMAGAJABACAD
4109005,B5B3BnB3BrBZBRA6AzAwAkAXAgASAJAOAEAAAFBzBhB8BtBdBVBABAAyApAnAVAcASAGAFAAAEAA
4109104,B0BtB6BkBOBqBFApAeAuAdA2AlAaAQAVANAAAABcB6BiBtB1BLBPA0A6AkAsAaAgAVADAVAEAAAA
4109203,BrBsBqBzBqBIA/A+A0A2AzAlAjAJAVAOAEABABBhBeBkBwBgBhBFA9A3ArAqAhAcARARAJAJAEAA
4109302,ByCACLB/BrBMBAA0A3AtAqAaAXAQAJAIAAAAABByB3B+B7BZBHBAA+AzAqAlAUAWALAIACACADAB
4109401,B8B2B3BkBhBYBMA+A1AoAiAZASAPAJAFACABAAB6B0ByBpBmBgBQBEA0ApAgAaAVARAJAIADABAA
4109500,CICJCCB/BoBABEAzA2AtAgAjAZAjAXAEAAAAAACJB6CEBnBHA+A7ArArArAbAUATAcAKAGABADAC
4109609,CGB5B/BqBcBXBHBAAwAfAwASAlAUAGAHAGABAACEB0B8BhBZBLBCA9A3AwAgAeARANAOADAEAAAA
4109708,BwB3B4BpBRBPBFA7A5AzAhArAbASAQAMADABABB2BrB4BpBYBUBGA/A0AyAgAmAaAUAIALACABAB
4109757,CIB7CAB6BvBeA/A4AvAqAbAbAOANAGAGAGABAACKB3B/BzBiBPBGA5AqAeAfAWASANAMAFAAAAAA
4109807,BnBpBwBlBaBYBNBGA7ArAnAcAUAZASAGAHACAABkBuBvBjBjBZBNBLA6AuAjAgAXAZAPAGAFABAB
4109906,BnB0BwBxBbBOBKA6A1AqAlApAgAZALAOAEACABBkBoB2BzBhBRBDA8A3A1AkAfAcANANAPAEADAA
4110003,B0BrBfBuBZBdBFA4AzA8AyAgAlAVAHAFATACAABtBlB6BdBmBTBDA7A8A5AYAcAYATAGARACAHAC
4110102,B4BwB1BpBkBcBBA9A7AvAeAhAWAYAPAKAGAEAABpBqBtBvBgBRBRA7ArAnAqAdAaASAXAHACABAC
4110201,B+CCCCB9BkBWBNA7ApAiAfAfAaALAKADADAEAACCB/COBjBYBQBCA1AoAeAjAbAWAQAFAHADACAA
4110300,BhB5CGB2BjA+BEA1AoA8AzAcAaAcAVAGAAAAAAB0BaCRBtBaBTA9A9A3AtAiAdAYAWANAEAHAAAA
4110409,BvBjBvBrBZBLBLBDA6AoAvArAhAeALAVAGAAAABMBpBnBvBeBZBHBFA6AiAgAkAoAOAcAKAEACAA
4110508,CACEB7BxBiBdBIA6AsAmAtAVAZASANAIADACAACAB6B/BpBVBKA9A3ApAjAjAbAgANAOAJAAACAA
4110607,BpBrB2BwBbBPBDA7A2AvAnAnAgAeAQARAEACAABeBkBwBuBiBVBHBBAzAsAmAkAcAYAKAJAFAFAA
4110706,BhB1BwBmBfBVBNBBA3AoApAbAdAWAKAJACABAABoBqBsBrBfBYBOBAA1AzApAlAfAUAPALADACAB
4110805,B2B8CACDBkBRA5A3AsAnArAbAfAUALAGAEABABBmB2CDB8BkBQA9A3AvAtAeAaAUAKAQAIADABAA
4110904,CDB4B2BiBTBSBLA/A1AkAqAhAcATALAOADAFAAB3B0BzBhBdBWBVA3AlAeArAbAaAYAJAWAAACAA
4111001,B0B3B9B6BjBXBMA2A4AuAgAfASAZAKACADACABB1BsBxBtBhBXBMA9A3AiAiAWAeAJAHAFABAJAC
4111100,BfBpBoBcBoBgBWA5A8AjAdAtAfAYALAEAHAGAABfBmB3BsBkBbA9BSA4AiAbAnAcARAKAYAKAGAA
4111209,BrB2B2BmBYBZBLBBBBA0AtAVAZAWAUAGABACAABjBtBmBjBaBYBRBAA3AtAgAjAcAaAMAIACACAC
4111308,B6CLB5B2BgBPBRA2AqAkAwAWAgAUANAHAEACAGB3BwB0BsBbBZA8A4AuAlAoAZAZAQAHAIADAAAB
4111407,B6B6CHB/BmBOBDA3AuAqAhAeAdARAPAJAEAAAABxB/B9BnBPBJA+A3AyAnAkAiAbAVAMAJACADAD
4111506,BuBwB5BzBaBNBEA9A2AoAqAjAiARAOAHAGADAABlBvByBtBbBSBIA+A0AzAkAmAaATAOAKACABAB
4111605,BfBWByB6BrBSA1BWA8AjAoAPAqAOAQAWAGAAAABdB0BkCLBeA/BgBMA1AuAaAbAPAXATAMADAEAA
4111704,BgB1CHB3BbBSBMA+A6AnAdAnAhAYAUANADAAAABhBtB4BtBYBCBCA+AxAoAeAgAjARAYAQACAAAB
4111803,BuB1BwBjBcBUBKA9AzA0AhAcAbAYANAIAEACAABtBsBvBpBeBUBOBDA4AnAkAnAZAXANAJAJADAB
4111902,BqBtBwBhBgBYBLBGAuArAmAdAlAWAPAKAIADAABhBsBtBkBeBWBMA7A6AoAoAnAXAYASAPAIABAD
4112009,B4B8BzBqBjBVBPBCAzAnAjAaASAPAJAJAEABABB7B8B3BkBXBcBPBBAwAqAdAZASAWATAFADABAB
4112108,BjBmBnBdBZBZBIA6A4AzAtAiAfAXAOARAGACAABcBjBkBiBhBcBNBKA5A4ApAqAbAcARAMADADAA
4112207,BxBxB8B8BtBkBCA5AuAnAkAYAjASAKAIAFADACBvB4BsBwBjBSBCA+AvAsAkAfANASAJAEADACAA
4112306,BuB7CNBoBKBSBLA/AuAqAlAkAnAfAPADAGADAABgB6B6BvBOA2BJA8AqAzAfAqAcARASANAGAEAA
4112405,BmBfBnBqBkBnBLBGA8AsAlAqAgAZAOAKACAAADBYBcBiBaBoBfBPBBA4A1AxAeAYAYALAIAGABAC
4112504,BkBqB3BzBoBKBJA6A3A4ArAgAXAdAQAHADABAABjBsB1BxBYBPBDBFA3AtAsAbAZATAOAMAGAAAA
4112603,B/BvBkCDBvBrBDBCATAZAXA5AHArAeAAAAAAAABnB/BzB6ByBTA5AiBNAkAYAhAXANALAAAAAGAA
4112702,BrB0B2BoBgBcBBBCA0ApAnAeAdAVALAKAGADAABzByB3BlBgBTBGBEAyAuAkAaAbARALAHAGACAB
4112751,BaBmBrB5BoBcBKA7A6AxAvAoAcAaAQAFADACAABVBiBqB0BrBdBDBAA2A1AhAoAYAWAJADADACAB
4112801,BqByB3BeBNBKBCBFA1AzAuAdAgAfANATAKAAAABjBwBnBiBTBPBKA+A3ArAsAlAiAfAUAHAIAHAC
4112900,B1B7B0BpBWBUBQA+AtArAxAbAcAbAHAOANAIAABxBrB7BjBVBHA6BEAxAjAiAcAdAcAVAGAGAGAA
4112959,B2B7B2BwB0BbBNA/AwAlAkAeAZAUAJAFABAAAABvByBzB0BiBrBGA8AwAlAhAVANAMAGACAGABAA
4113007,BvBsBrBjBcBjBVBBAzAyArAeAkAKAIAOABAEAABkByBhBoBqBoBPA/AxAnAjAcAWAVARALABAAAA
4113106,BqBwB2BmBlBUBIA/A7AzAnAnAXAgAIAPAKACAABhBaBjBuBgBcBHA7AzAlAkAxAdAKAQAQACACAB
4113205,B2B1B5BsBgBVBNBFAuAtAeAiAYARANAGABABABBtBzB2BuBXBVBFA7A4AoAlAeAUAUAKALAIADAC
4113304,B5B+B+BsBiBSBFA8A0AmAeAlAZAQANAFADABACB4B9B4ByBYBRBFA9AwAsAhAbAYAOALAGACAAAB
4113403,BiCAB1BoBZBTBFBKBBA0AdAXAkAYAWADADAAAABkB2B0BtBZBOBOBFAmAhAkAiAWAWAWAKAEAAAA
4113452,B4CFCLCBBcBNA/A+A0AzAsAVAiAMACAFACAAAAB3B3CNB6BRBIA/A4AvA2AeAbAQACAGACAFAAAA
4113502,BtBzByB1BSBPBJA0AyAsAtAdAdAWARAHAIADAABkBqBqBdBuBcBPBKA3ArAmAfAWAbAUAGACADAA
4113601,BuBzByBmBeBjBWBEAwAxAnAdAKAZASAIAFAAAABaBzBjBpBhB0BLA8AyAvAbAmAPASAEANAIACAA
4113700,BmBpBsBcBbBZBMBDA5AuAoAeAZASALAIAEACABBjBnBqBgBjBkBYBNA+A0AmAjAZASAOAJAFACAB
4113734,B8CDB/B3BmBWBLA0AxArAhAZAYAOANAIABABABCICLBzBoBiBUBCBAApAhAWAXANAOAIAEADACAA
4113759,BoB1CDB0BkBfBHA9A4A4AsAjAlADALAFAEAAAABiBtBnBxBgBZBLA1AxAuAmAZARAOAIAMAIAAAA
4113809,BkBdBvBrBvBZBAA1A0AxAdA3ApAUARAMARAAAABhBXBcBlBkBgA5A8A5AwAxAkAjAbAJAMAIABAG
4113908,BoBxByBoBYBbBMBJA3AwAjAhAhAZAYAKAFAAACBpByBjBXBSBLBIA5AyAuAeAsAjAjATALAEABAC
4114005,B2B2B5BvBoBZBLBCA1AqAkAZAeAPAHAIABAAAABmB1BvBxBcBdBNBAAsArAbAcAaARANAHAGAAAA
4114104,BuBnBwBvBoBeBPA/A3AmAmAjAhANAQAIAEAGACBoBoBgBeBfBaBPBBAwAxAoAjAbAZAOADAGADAA
4114203,BmBnBoBbBfBdBOBFA4AxAoAhAcAQAUAKACACABBlBjBTB9BcBkBNBOA3AuAiAjAcAUAUAIACACAE
4114302,B+CBB3BmBfBYBWBEA2AlAkAVASATALADADABABCAB7B2BkBdBcBRBBAmAqAeARARARAOAFABABAC
4114401,CMCMCJB9BhBRBBA/AuApAXAWASAKAMAFADABAACHCGCCBvBcBTBDA5AsAXAVAbAMATAIAEAFABAA
4114500,B5B7CBBuBhBRBIBAA0AoAbAfAXAWALAGAKACACBxB1ByBqBjBZBHA6AtAkAgAbAaATAIAKAFABAB
4114609,BnBsBlBqBhBbBLBCA1A2AoAkAYARANAIAFADABBcBpBoBnBhBeBMBFBBAoAoAjAgAUANAIAEAAAC
4114708,BvB0ByByBqBbBDA5AlAwArAoAqAVAJAPABABABBnBWBuBxBlBSBDA5A6AxAmAmAQAVAOAHAEAAAC
4114807,BeBuBfBlBiBWBNBHA/AyAkAiAfARAOAMAHAAAABsBoBjBgBbBbBRBNA7AsApAZAgAVAJANAKADAB
4114906,BvCCB6BlBlBXBMA4AxAnApAqAPAYAKAIAGADAAB1CMB4BoBbBABOBBAsAfAZAeAVAcAMAHACABAA
4115002,BxBvB7BqBpBaBEA5AwA0AmAkAiAbAIAFAIADAABrBuByB9BqBUA9AyAuAuAtAUAZAIALAHAFAAAA
4115101,B7B1B2B6BiBYA7AwAqAsAhAxAcARAKAJAFACAABzBwBxBzBmBRA/A2AtAuAlAiAgAMANAIADAAAB
4115200,BjBlBkBZBgBgBQBHA5AwAnAeAXASAMAHADABABBiBjBiBfBqBqBcBPBDAvAlAfAXAUANAIAFABAB
4115309,BvCBBuBhBeBMBUBIBFAkAmAbAVANANAHADABAABsBoBrBbBeBZBUBGAuA3AiAgAiAWAMALAFAAAA
4115408,B9CBB5BvBlBWBMBAA3ArAoAbAZAPAHABABAAABBxB3B1BqBNBTBHA/AyAqAiAeAVAYAJAKACAAAA
4115507,BuB0BvBrBOBcBLA6A7AoAoAkAeAjAMAKAHAAAABoBaBkBiBoBVBRBDAvAyAoAiAdAaAKAOACAFAA
4115606,B1B5B0BxBcBRBHA8A4AxAmAeAXAPAKAEAFAAABBvB3B6ByBfBWBCBBAxApAnAbARAfAHACAHAAAB
4115705,CCBwByB4BPBUBRBFA0AjAmAeAjARAKALABABAABzCKBoBOBgBXBTBFA6AgAoAYAWAPAHAGAGAAAB
4115804,BuByBwBqBlBfBOBGA0AtAjAaAXALAKAFACACABBrBuBvBnBhBkBUBCA2AtAjAcAaAPAMAHADAAAA
4115903,CAB0B3B6BuBZBCBFAZAVA2AdAYAhAPAFAAAAAAB3B/BoBlBcBSBNBCAfA4AdAnANAWAMAAAFAAAA
4116000,BiBuB3B5BnBWBHBBA2AuAvAhAjAPAOAOADABAABjBsB2BqBaBRBIA2A0A2AYAjAUAWARALABAAAA
4116059,BcBxBzB0BuBWBOA9A/A6AtAeAYANAKAGACABABBeBmBwBzBrBTBGBBA1AyAnAXASAYAIAMAAAAAA
4116109,BvB4B0BvBeBWBGBAAsAqAmAqAfAaANAHAIAAAABmBzBuBjBeBcBJA/AuAnAjAiATAUANASAEABAB
4116208,BwB0B2BvBSBMBIA+AwAuAmAlAhAWASAJAKABABBwB0BxBmBUBOBAA/AxAnArAdAdAcAOAMAHAFAC
4116307,BlBqBaB0BlBQBKBDA4A2ApAvAfAXAOAOAHAAAABiBhBzBxBhBdA5A7AxA1A3AVARAUAUAGAEAAAD
4116406,BrB6BnBtBZBpBUBAA3AZAvAYAqAdAQAOADACAABfBbBpBoBdBUBEA8AvAfAwAnAiAbAOAKAGAFAA
4116505,BlB6B4COBUBuA2BEAbA9AcAiALAdAMAPAAAAAABmCEBzBNBiBaBLA+A6AhAzAUAaAOAMAGANAAAA
4116604,CHB0BzB1BsBUBQA/AqA6AgAYATAPAVADADADABCWBnBrBCBlBjBVApBCAbAkANAMAOAYANAEAAAA
4116703,BtBqBpByBuBeBMA+AuAvAkAmAaALAKAOAEADABBsBtB0B0BsBXBJA4A8AnAkAaAOANAKAFAGAEAC
4116802,B8B4B7B+BmBaBJA8AtAoAiAdAXASAJAMABABADB3B0BzCFBfBWA/A7AuAlAdAWAUALAIAIADAAAA
4116901,BhBnBmBqBkBeBMA8AyAoAqAhAaAaAQANAAAFADBgBoBnBhBmBXBMBEA4AyAqAiAdAaARALAEACAA
4117008,BrBkB1BvBiBaBEBBAyAsArAdAkASAKAKADAAAABwBvB0BtBVBOBKA+A2AxAlAgAaAXAUAIAIABAA
4117107,B0B6BmBsBdBfBLAyAxAgApAeAbAZAJAKADABAABuBzBzBoBsBiBIBBAuA0AiAgATASAIAIAIABAA
4117206,BlBlB0BxBdBQA+A9A/AnAmAyAiAdAXANADACAABWBeBkBqBkBQBEBIArBDAoAjAjAQARAJAGAGAA
4117222,BmBhBvBjBbBeBKA+A1A4AqAeAmAKATAKAFADABBeBrBoBfBfBVBMBBBDArAzAiAXAQAWAPAHACAA
4117255,BvB5CCB2BWBMBHA7AwA3ArAVAhARAIAEAFAAACBrB3CEBtBaBMBGA/A+AmAcAiAhAFAOAEAEADAA
4117271,CKCMCfCTBpBBA9AzArAoAvAWAZAQAIAEAAABABB7CCB+ByA9BKA0A7AsAnAaAdAXAMAJADAAAAAC
4117305,B0CICOB6BYBEA8A8AyArAkAiAeAPAOAKAKABAAB0B7CJBzBTBEA+AxAsArApAXAZARALACAFABAA
4117404,B0BuBVBcBSBcBoBGA3AnAmAyAcAcALANACAAAABdBoBtBXBoBpAwA+A3AzAkAlAnATALARAGACAA
4117453,BxB4BzCCBiBZBIA+AwAnA2AYAYAVAKAGAFAAACBvByB2BoBmBcBMA0AsApAlAYAUARAHAEACABAC
4117503,BzBtBsBwBsBgBJA/A5AsAfAfARASAJAHACACABB1BxBqBrBpBbBNBEA4AnAcAZARARAQAHADABAB
4117602,CGCBB3BsBkBSBFA5AtAkAfAYAVAOAIAEADABAACFB5B5B8BfBVBIA7AxAoAgAXAbARAFAHACABAB
4117701,B1B2BsBuBmBbBLA5A1AkAmAfAgAPAQAFAFABAAByBwBuBoBeBWBJBAAwAnAkAbAgAWALAHAEAFAC
4117800,CMCPCSB6BbBNA8A2AsAlAiAVAbAHAKAIADAEAACFCSCGB2BSBNBAAzAnAiAcAUAQARAFADAFABAA
4117909,BpBoBvBnBkBZBMBEA4AwAmAbAYAPALAJAEABAABqBqBmBoBnBkBRBGA/AxAnAWAXAPAKANADABAA
4118006,B+BoBpBfBgBeBMA5A2AkAwAfAhAZAQALAFABAABkBlBjB0BhBRBEA9A3A1AhAkAiASATAGAGAEAB
4118105,BwByB0BtBfBhBHA7AxAXAuAhAaAWAPAIAKACABBzBuBpBlBrBeBHA7ArAsAdAkAfATAOAJABABAD
4118204,B5B0BvBkBdBZBKA/A1AqAqAdAZAQAJAIADABAABwB1BwBnBlBcBKBDA0AqAhAhAYAPALAIAEADAB
4118303,B2CNBnCIBsBNBPAzBDAZAYAlAQACAWANAQAAAAB0BqCdBaBGBnBFA4A5ArAUAlAMALAQAAAAAAAA
4118402,BlBrBrBeBeBVBJA/AyAtApAjAcASAMAKAFACABBnBoBqBoBmBgBTBEA8AwAnAiAeAWALAMAEACAB
4118501,BwBxBpBgBXBaBXBEA+ApAfAZAQAVAIAHABABAABvByBlBgBoBnBeBKA8AtAhAcASARAPAJAEACAA
4118600,BnBsBuBwBqBXBKA/A2AsApAcAYAgAVAFAFABAABxBuB7BoBRBMBKAvAqAnAqAeAfAZAYAOACAEAA
4118709,BxBuCABoBhBYBVBLA3A5AjAlAVASARASAFAAAABlBlBvBXBTBEBAA7ArAlAeAjAlAhATAYADACAA
4118808,BsBtB0BmBoBMBJA4A5AmAvAdAYAXAUAJACACABBwBzBeBuBiBYBNA/AyA5AfAmAeAWALACAFAAAD
4118907,BXBnB0ByBTBQBGA7A5AyAtAoAfAkAMAMAFABAABaBpBtBsBaBTBMBHA8AzApAlAZAUAMAGAGADAC
4119004,BzCEB7BkBhBRBLBGBAAsAuAXAPAWAMAHADAAAABmBxByBqBYBXBIA8AxAvAcAoAaARALAJABABAB
4119103,BzCACABuBqBfBPBAA1AoAaAZAaALAWAGAEADAAB1B6CDBjBbBMA6A7AoAkAXAeAdAXAOAFADAAAD
4119202,BwBtB1B8BFBDBLA8A3AnAmArASA1AVAOAGAAAABtB7BxBMBkBaBCA7AqArAkAhApAfAGAGABAEAA
4119301,CFCBB2BzBmBgBTBCA4AnAdAbALAPAMAEAEABAACAB+CBBtBbBVBFA+AwAeAaAUARAKAJABABAAAA
4119400,B0B5B0BjBZBSBIA4AzAoAkAkAaAQAPAKALADAAByBuBtBpBVBXBEA+A0ApAlAnAgAgAQANACACAA
4119509,B2B0B1BpBtBjBWBHA4AoAhAWASANAJADADAAABBsBxBuBrBlBdBSBGA1AqAdAYATANAHAFADABAB
4119608,CBCGCFB4BgBOBBA1A0AoAgAaAYAOANAFADABAACAB/CFB0BZBNA/A5ArAoAeAaAVAPAGAFADAAAA
4119707,BxByBjB1BfBfBAAuA/AjA0AqAjAXAQAJAEAGAABpBtBgBlBUBpBEA+AoA1AvAfASAZAIAHAHAEAA
4119806,BpBrByBtBiBZBCA+A4AsAwAjAfAUALAIAEABABBlBsBuBdBXBaBQA/A3ApAqAsAcAPALANAGACAC
4119905,BuBtBwBkBbBUBNBDA3AqAlAaAZARAKAHADABAABtBpBuBlBeBcBRBJA6AwAnAgAeAXAOAKAEACAB
4120002,BqBuBuB0BpBTBDA3A0AuAvAeAbAUAEAKAFAAAABqByBtB4BqBUBHBAA3AsArAaAUASAWAEAAABAA
4120101,B+CGBwBVBoBdA6A4A/AdAcAoAiAOAWAIAFADACBjBvB4BgA8BsBYBFAyAhAeAaAYAUAXARAHADAA
4120200,B8B0CWBfBiBcA8AyAkAuBAAfAcAQALAGAHAAAABlByB8BsBrBABVA7AtAkAYAgAVAMAMAIAPAAAC
4120309,BvCDB/B2BaBTBWAgA3A5AeAlApAPAEANAIAAAAB5B1BqBvBOBgAyAtApAtAxAdAOAVAPAKAKABAC
4120358,CGB3B+B0BlBeBGA6A9AjArAPAUAPARAFAAAAABB7ByB4BnBNBIBKA+A5AgAgAYAcAXAMAKABAEAA
4120408,B6BvBuB7B5BeA9BHAvArAmAZAaAcAQAIACAAAABbBnBxByBkBcBKAxArAtAnAVAZANAOAKAFADAA
4120507,BwByBmBhBjBYBJBDA1AoAsAfAfAUAUALAFACAABbBpBnBpBcBSBNBFA1AsAmAkAiAWALARAIADAC
4120606,BpB7CAB2BiBSBKA8A9AtAoAdAWATAKAFADACAABnB2B4BnBUBIBBA9A1AuAoAdAgAUARAGAEABAB
4120705,BhBlBkBeBeBQBPBGBLAmAiAmAdAWASARAJAEAABcBlBiBtBXBiBUBEA9AmAmAiAYAkAQAIAFADAC
4120804,B4CDB+BXBgBdBbBBA2AjAlAcASARALAEAEAAAAB+BwBvBsBeBlBCBCAtAoAgAWATATAIALACAAAB
4120903,CBCFCJB4BVBLBFA+AzAqAkAZARATAKAHACAAAAB/B/CABnBfBRBGA8AwAnAeAWATAMAHAIADAAAB
4121000,B/CLB8B0BkBaBMA0AtAlAlAkAeAPAJAFAHAAABBzB3B5BuBeBaBCAzAtAoAbAdAXAJAEAGAFAAAA
4121109,BoBpB2BzBnBRA/AzA0ArAmAoAnAIANAIAIAEAABoB7B7B3BiBYA6BAAyAsAvAWAgAPAMAGAAACAA
4121208,BuCHCDBwBmBOBBA8AxApAmAiAWAYAWAKABACAAB2B1CBBpBQBFBBA4AtAsAnAYAbAUAMAKAEAAAA
4121307,BrBqBhBbBhBYBMA7A1A8AsAjAiAZAPAQABADAABeBqBqBpBcBeBIBBAyAvA0AaAXAXATALAIACAA
4121406,B4B1B5BjBZBNBRA4BAArAnAfAXAKAHAJACABAABlBsB0B0BfBjBHBJAsAuAqAbAWAQASAHAHACAA
4121505,B6B+B1BsBfBYBDBAAzAuAmAdAeAbALAKACABABBuBvBpBpBdBRBAA8AxAvAkAdAeASALAKAEACAB
4121604,B4B3B4BvBgBVBTBEAxAyAmAhAPAPAIAFACAAAAB9B2BxBdBaBaBGBAAxAzAuAUANATAJAIAGAAAA
4121703,B5CFCHB7BhBJA6A9AxAvAcAlAZAXARAMACAAAAB5B7CCBwBOBJBCA5ApAlAlAcAWASAIAFACABAA
4121802,BjBzByBkBYBNBNBDA0AtAkAnAlAYATAGAKAFAABmBrBtBgBPBUBBA/AwAuAvAlAdAfAUAMAJAEAD
4121901,B5B4CGBlBdBCBBA+AzAzAeAiAdAVAOAIAIAAAABhBuB8BfBMBXBGA3A0A4ApAwAVAWARAKAEADAC
4122008,CCB0B4BsBnBYBNBBA1AkAgAgAaAXAVALADAAAAB0B0BvBfBIBNA/A3AwAvAkAbAkAYATAKACAAAB
4122107,BuBvBpB6BZBaBNBLAoApAqAkAbAZAhAPADAAAABlBoBwBUBhBPBJArA+AqAjApAoAaARAEAAAAAC
4122206,B+CJCGBzBkBSA8A9A1AmAbAfAbAPAKAHABACABB7CECABwBfBQA/A9AnAkAhAUAVAMALAEACACAB
4122305,BzB1B5B1BMBTBMBAA6AmAcAiAcARAKAKAEABAABrBxB3BkBWBXBLBCBAAsAeAiAZAYAQAIADACAC
4122404,BoBkBpBiBkBaBKA/A8A0AmAkAcARAOAGAEAEAABjBmBmBpBeBcBPBIA3AxAqAfAbAVANANAHADAA
4122503,B3CDCCB+BkBZBDA7A1ArApAbARAZAHAMAAAAAAByB6B2B3BZBMBGA3AxAhAaAeANASAIAJADACAA
4122602,BrBtBuBvBpBeBDA7AvAwApAoAeAXAPAKAFACABBjBjBuBwBjBUBFA+A0AwAgAkAgAMAMAEAHAGAA
4122651,ByCDCLBxBRA/A7A0AwAwAnAqAiAVAQALADABAAB/CCCDBtBZBNA5AwAvAiAmAcAWAVAMAGAEAFAA
4122701,BbBqB+BpBtBdBVBBA1AoAoAlAUATAZAJAEAAAABwBmBaBvBgBfA1BEA3A3AqAVAXASASAIACACAA
4122800,CRCUCKB1BbBNBGA1AyAoAjAfAaAMAJAEACAAABB8CFCHBnBQBJA8BBAsAhAdAcAXAKACAHACAAAA
4122909,BmB+B1B0BSBNBIBJA3AsAwAcAkAVARAEAOAAAABhBvB0BfBPBJBLBEA6AmAiAmAaAZADAXADAGAA
4123006,B0CACJB2BWBTBDA4A0A0AiAjAdARADAIACAAAABuB0CBB1BZBQBFA9A1AeAxAUAWATAIADABAEAA
4123105,BjCFBzBkBdBQBRBBAnA8ATAnAYARASANAFADAABnB2CFBnBYBXBOA4ApAiArAhAbAZAJALAEAFAA
4123204,B4ByBrByBtBfA/A+ArArAuAaAZASANAJAFABAAB6BjBrBuBnBaBHA5AxAuAlAdAbAUAHAIADAAAA
4123303,BcBtCBBkBiBbBGAzA0AsAoAgAfAZAMAHADABAABpB4ByB4BbBeBJA/A3AnArAaAXATAMAKAFACAD
4123402,BnBtBoBhBkBdBIA+A1AtAoApAeAWAOANAEAEAABZBqBmBkBcBdBMBNAwArAuAeAcAbASAEAIAEAF
4123501,BhBvB1BwBfBXBEBDA7A4ApAdAXALANAIADABAABhBwB1BzBaBXBIBBA4AuAmAbAiAQAMAIAFACAB
4123600,B6BsBtBtBmBWBYAeAzA3AvAkAaASANAVAEAAAABjB2BhBYBpBjBFBABEAhAZAoAJAWAfAIAAAAAA
4123709,BmBuBwBtBZBVBQAsAuA5AwApAoATAQAHAJABAABfBqBuBiBjBbA4BOA0AjAlAlAfAVASAMACAHAA
4123808,B2B7B7B5BPBRBDA+A4AvAnAhASAOAFANAEAFAEB0BsBwBiBjBTBIA5BAAyAvAaAVAKAMAFACABAF
4123907,BmBrByBpBWBTBIA+A7A0AkAoAmAdAOADAHAAAABeBkBtBtBcBUBFBBA4A2AlAlAXAYAQANAEABAE
4124004,BpB1CKBvBaBSBHBCA1AtApAaAhAiAIAKADACABBkB1CABcBQBUBGA8A0AlAdAqAdAKANAEAMAFAA
4124020,B3B9B8B7BoBTA/A1A6AsAoAZAaATADAMABACAAB9B0BsByBXBTBCBFAxAnAdAcAdALAFABAPAAAC
4124053,B6B7B8BvBoBVBIBFAtAjAhAVAXASAEAEADABAAB6CCByBuBxBcBUA/AoAqAYAaARAMAHADACACAA
4124103,BxByBtBnBbBXBGBAA3AqAlAaAfAUAOALAFAEABBmBvBrBkBaBbBGBGA7AvAiAlAaAXARAKAEADAC
4124202,BpByBxBrBUBbBTA6AuAcAZA7AvAUAdAGAAAAAABiBgB6BqBhBbA6A7A5AdAsArAPAhAGAdADAAAA
4124301,BpBSB0B2BeBXBhBDA2AhAvAXAfAcATAJAGAAAABkB/B/BcBeBXA4A6A9ArAYAiAmADASAQAGAAAA
4124400,B3B+CAB1BTBTBHA/AsAvAbAhAaAPAGAKAHABADBzB/B5BhBUBQBIA8A2AkAlAqAWALATADAFAFAB
4124509,BwBsBfB+BZBqA/BHAxAwAzAjAjAYAGACAGAAAABbByB1BqBxBGBOA3A9AwAjAfAZAKAFAMADAAAA
4124608,BxB1BmB2BLBhBWA4A2AfA2AqAaAZARAUAGAAAABtBsBbBhBkBXBIA8AxAeAlAuApAHAMAHAAAEAC
4124707,B7CBB/B0BfBPA/A6ApA0ApAkAXAYARALAGABAAB4B4B6BsBaBIBAA2A1AgAjAcAbAPAJAFACACAA
4124806,B1B8BtBoBRBQBLBEBEAxAgAhAXAPAKAEAGAAACB2BsB4BmBoBSBNBGAoArAdAjAdAOAPANACAAAA
4124905,BqBuB4B4BxBSA9AmA2AmAsAfAaATAUARAIAAAABuBhB0BtBMBSBKBGA3ApAvAkAiAYAKAIAAAFAC
4125001,BpBoB3B0BjBVBFBBAzAwAvAcAVAYANAGAGABAABtBuBwBrBkBWBOA/A2AlAfAiATAWAQAKACAAAB
4125100,CBCCCCB4BgBdBDA9AyAvAeAdAbAUALAHABAAAAB7CDB6BlBXBIBCAwAjAsAaAmAXAQALADAEABAB
4125209,BsB5B4BiBcBcBIBCAoA3AkAgAdAZAHAKAGACAABxBwBvBlBfBWBKA+A1AmArAfAfAOANAIAEABAA
4125308,BeBjBoB0BeBeBMBEA3A0AmArAYAVARAHADACAABZBYBfBcBvBjBQBAA8A1ApAhAfATANANAGAEAB
4125357,BuBrCAByBrBTA/A7A2A1AuAuAcAYAHAFAFABAABTBmByByBhBPBKBOAyAsAhAgAdANAIAEAHAAAA
4125407,BtCAB/B1BcBRBNA1A4ApAmAmAhAXAOAKAHAFAABnB/B8BjBLBJBAA6ArApAnAbAdAQAOAKAGAAAD
4125456,BeB7CECLBxBiA4AqA6AuAtAcANAXALADABAAAABzB7CEB6BhA9BIA7AtAxAvAPARAKAFAEACAAAA
4125506,B2B3ByBkBhBdBUBKA4ArAdAYASANAJAEADAAAAByBzBvBkBkBiBXBJA2AkAfAaAWAPAJAGAEABAB
4125605,ByBzB+BvBeBYBIBBA3AnAjAdAbATAKAIACACAABzB2BwBrBeBVBNA9AtApAfAiAXASAIAKAFADAA
4125704,B5B2B6BvBmBTBKBBBAAmAkAaAVAPAKAHACACAABwBxBzBoBjBjBLBBAqArAcAcAXAOAJAKADAAAA
4125803,BrB6B1BnBeBUBGBFA2AyAwAWAVAbAOAFAJACABBqBuBxBrBZBWBSBCA1AoAjAXAVAYALAIAGABAC
4125902,BiBxCDCEBkBRBOA+AqAvA4AQAbAhATARAFAAAABlBjB2BjBiBRA6A8BEBFAMAeAMALARAGADAAAA
4126009,B6BuBwBkBfBbBSA2AnAuAsAhAZAWANALADAAABB5B7B2ByBeBVA1A2BAAxAfAcAaASAHAFADADAC
4126108,BsBxB2BWBmBkBGBHA7A2AeApApAfALACADAAAABmBsBrByBQBcBFA8A4AoAhAtAVAOAFAJADABAA
4126207,BpCGCOCRBHBHA6A4AnAoAvAsAeApAXAHABADAABeB7CIB4BNA2A0A0A6AcAuAhAjAUAJAFAAABAB
4126256,BvBwB0BmBqBaBMBIA7ArAkAWARANAMAIADAAAAByBvBtBvBoBeBSBFA2AoAeAZARAVAKAIABABAA
4126306,CFCKB6B0BeBKBMA6AwAtAjAmAaAUAPAGAGACAAB9B9BxBoBXBKBAA0AsAqAYAdAUAVAIAIAEADAB
4126405,BjBwBzBoBWBXBTBKA5ArAvAYAeAWAWAKADACAABiBvBsBhBfBYA+BCAyA5AdAkAWAcAPAKAHACAB
4126504,BoBmBjBkBgBdBOBAA3AzAqAiAeAbAJAMAGAEACBcBmBpBhBgBZBPBGA5AuAnAjAcASAOALAKABAB
4126603,BeBnBvBlBVBMBHBGA0AwArAoAeAWAVASAGAAABBfBgBsBqBUBJBPBDA7A3ApAtAcAkAPAOADABAB
4126652,B+CCB0BiBlBUBYAxAyAqAhAoAfANASAQAAAAAAByBWCJB4BPBLBGA6AuA5AmAgAQAMAPAGACACAA
4126702,BoBkBrBvBhBhBGA6A1AuAZAhAsAjAMAJAIAAACBUBjBqBmBhBOBNBNA0AmA1AlAiATAZADAHAAAC
4126801,BuByByB3BoBbBIA9AsAsAhAoAVATANAHAEADACBoBtB2B0BoBVBIA4AtAlAjAfAZAUAPAFAEABAA
4126900,BlBmB1BvBkBSBCA6A2ArAxApAqAPASANAFAEABBhBoByBtBXBSBJA4A0ApAoAmAiATASAJACADAA
4127007,B6B9B6BxBdBTBKA7A2AlAoAnAXAWAPAIAEAAABB4B6BzBsBeBQBAAyAsAmAqAVATAaAIAFAGADAB
4127106,BzB0B1BmBWBVBNBCA2ArAoAbAVAPAMAJAEADAABtBwB4BjBgBaBSBFA2ArApAbAVASANAIACACAB
4127205,B3BxBsBqBmBVA4A6AwAuArAnApAVALALAGAAAABRBvBmBsBlBcBUA6A0A7AkAnAbANAJAKAAAIAA
4127304,BiBnBtBoBlBYBFA9AyAzAjAfAbAkAMARAJAAAABkBrByBoBcBZBGA7A3AjAzAdATAqAOAKACAFAD
4127403,BiBoBtB5BkBRBIA5A1ArA0AdAkAPAQALADABACBeBlBtBzBoBhBMBAA2AuAjAjAVASALALACACAA
4127502,B/B8CFBvBVBRBFBIA0AmAmAfAcAWARAHADAAAAB6B6B5BnBYBNBBAwAuAwAmAXAWAUALADADABAB
4127601,ByB9CJBxBpBVBGA7AyAyAqAaAaAZAXAKACACAABuBwBwBkBVBMBAAtAwAsAiAkAYAVALAIACADAA
4127700,B5BzBtBmBmBiBRBDA1ApAgAbAXAQAJAFACABAABxBvBqBlBpBoBUBCAzAnAdAdAXARAHAFAEACAB
4127809,ByB+B6BrBRBVBKBDA2AmAoAhAdAaASAKAGAEAABtBvBvBiBdBQBDAwAvApAjAlAfAVAWAIAEADAB
4127858,B4CACEBzBfBRBBA7A4AqAiAcAdAOAHAJABAAAAB2B9CHB2BeBNA+A6AvAoAhAaAQAOAMAIABAAAA
4127908,BsB4B2CAB0BkBEA2A0AtAoAgAVASAQAJAGAAAABlBlB5ByBiBUBEA4AtAkAkAcAZAJANAJADABAB
4127957,BqBlB1BnBhBUBKBBA/AvAvAeAZANAMALAFACACBaBrBzBsBsBaBPBDA5AuAhAdATANAMAHAKAAAF
4127965,CHCGB/BwBgBSBEA9A4ApAgAaAaAMAKADAEABABCBB9B8BsBeBQBBA8ArAkAdAYAVAXAEAFADABAB
4128005,BwBzBvBsBbBZBKA8AzArAiAgAbATANAKADABABBhBwBxBvBvBdBRA9AzAmAhAhAbAPAOAIAFACAA
4128104,BqBuBsBoBgBbBIA/A2AuAnAhAZAYALAIADABABBjBpBsBpBkBcBUBHA6AuAjAfAZARALAIAFADAB
4128203,BsByByBjBeBRBKA7A1ArAmAeAZAVALAIACACAABqBtBwBoBhBaBMBCA6ArArAgAgATAPALAEACAC
4128302,B6B6BxBoBeBcBUA3AgBDAaAsApAOAKAOAOAAAABuByBjBzBhBXA7AtArArAiAYAgAVAAAIAQAFAA
4128401,BnBrBsBmBfBWBEA/A0AtAyAaAkATAQAOAJACABBkBtBpBmBVBVBCA/A3AyAnAlAjAbAPAMAIAAAE
4128500,BvB0B8BqBNBNBKA/A2A0AdAjAeAdAQAIACAFAABlB0BwBhBZBUBIBDA4AiAvAhAiAQANAJAGACAD
4128559,BpB5BwB8BlBPA8A8A2ArAxAcAaAUAJAOADACABBiBvBuB8BlBWBFA+A1AxAhAfAWAUAOAHABABAA
4128609,B6B7B/BwBbBPBOBGAvAmAnAbAeAWAOAHAEAAABBnB1B2BlBcBZBGA6AxAkAoAcAbATASADADAAAA
4128708,BrBqBwBlB0BYBJBCA5AuAcAsAkAQANAEAAAAAABpBrBiBmBiBWBVA9A8AqAjAoAdAQAJAFAMAAAB
4128807,BlBtB5BlBnBPBAA8A1AxAxAgAfAhAVANAFAAAABdBqBoBzBdBOBDA9A6AkAjAoAjAOAPAMAGAEAB
4200051,B5B1BwB+BpBGBFBLAwA8AjAkAcARAKAEADAAAABSB4CNBWBmBHBGBBAzA0ApAZAOAYAIAHABAFAA
4200101,CACJCBBsBgBXBGBHAyAlAjAhAVATAEAEACAAABBzB8B3BpBZBYBTA6AyAlAWAaAXALAEAJADAAAB
4200200,BrBxBoBoBkBcBOBAA2AwAsAhAXAXAPAKACAAAABvBxBlBlBaBTBBBAAyA1AqAbAgAUAMAWAAABAA
4200309,BpBbBpBuBhBuBRBGA6AnAqASAjARAUAKAEAEAABsBzBdBkBgBeBMA3A7AqAlAhASAXARAFAJAEAA
4200408,B2B6BpBcBeBdBJBABDAxAjAiAXARAKADAFADAABpB7B2BuBUBWBOBJA7AkAhAdATATAHAIAEAAAA
4200507,B2B7B3BlBhBYBTBIA+ArAiAbAUATAQAIAAAAAABmB8BrBnBaBPBJBHApAkAhAgAUAZAJAQAGACAA
4200606,BtBuBjBnBwBrBUA+AzAoAhAhAjAWAPAEANAAAAByBlBTBlBiBcA/A2A2AkAuAaAjAUAXAQAKAAAA
4200705,CAB3BqBvBlBrBUA3A+AtAlAYAZAPAJAGADAAAAB/ByBlBjBjBWBFA4AwAtAhAfAYAKAKAEADACAB
4200804,CGCCB7BsBfBXBRBFAzAmAgAjAXASADAJACABAACAB2BxBpBUBRBFA6AvAtAcAiAMAVALAGABAAAA
4200903,B9BgBxB4B8BSBZA3AxAoAtATAYARAcAFAKACABBdBxBlB2BSBcBAApA7ApAlAVApAXAWADACACAA
4201000,BvBuCCBvBdBRBFA4AwApAkAfAeAeALAGAEACADBwB3B7BxBaBEBGA4AvAtAtAZAfASAMAHAHAEAB
4201109,BoBrB1B6BpBZBIBGA6AmAzAgAqAYAEANABADAABkBrBcBZBRBaBDA6AxAxAaApAmAYALAIAOADAC
4201208,BtBjBqB1CCBjBMA8BDAjAhAuAfANAbAPADABAABcBeBmBiBWBTBAA2AnAqAqApAZAjAKAHAKAIAA
4201257,BkCEB9BtBRBgBIA9A9AmAhAdAaAUASADAEACAABtB3BrB+BTBUBQA7AvAqAbAfAeAYAMAEADABAA
4201307,CEB8ByBwBbBaBNA9AxAlAhAhAVATARAJAEAAAACFB5BvBnBXBVBEA9AsAhAiAeAZAWAHAEAJAAAA
4201406,BwB2BsBfBdBeBQBBA3ApAfAdAWARAOAHADACABBsB0BsBdBhBkBUBGA4AvAfAgAfASAKAFAHABAA
4201505,B3ByBuBeBjBeBQA8A1AzAqAeAdAdATAFAFAEACBeBmBqBNBcBZA/A5A9AsAnApAUAlAPARAGAEAA
4201604,BiBnBjBgBnBZBmBOBNAvAaAmAMASAHALAGAAAAB2BoBfBhBeBeBUBDArA4AgAlATAbALAHAGAAAA
4201703,BxB1BgBSBpBbBEBKBEAxAjAgAXAVAOAHAEADAABiBsBhBpBeBYBOBLA2AnAkAdAhATAXAMAGAEAA
4201802,B1CCBqBrBeBZBTBIA0AsAvAZAUAPAOAIAGAAAABpB4BnBYBOBiBLA/A3AsAkAiAgANATADADABAA
4201901,B6B1BrBuBlBvBYA8AzApAoAcAhANAHADADABAFB6BuBvBgBZBcA/A7AvAnAlAWAYAXAIADAIAAAC
4202008,BlBnBcBeBcBeBTBDA7AsAnAcAbASAOADAFACAABjBkBoBmBmBmBZBOA7ArApAfAdAZAMAJAIACAB
4202107,BhBtB1BtBiBSBQBAA2AvAmAfAfAaAYAIAAAAAAB0BrBzBjBJBRBCA/AyAsA4AgAiAXAPAHACAAAB
4202206,BiBsBtBgBaBcBOBLA7AuAvAcAfAaAOAQAGAEABBXBeBpBfBWBSBIA/A4AzAqApAfAdARAPADAEAC
4202305,B2B4BzBpBjBgBTBFAzAkAhAYAUAQAMAGADABAABzB3BoBfBfBgBXBDA2AkAcAbAYAQALAMADABAB
4202404,BmBoBlBZBlBoBbBLA8AqAjAXAWAPAJAFACABAABjBkBhBfBlBrBeBRA+AsAjAdAbARAPAJAEACAB
4202503,BvB0BeBuBiBqBLA9AhBBAwAYAeAYAKACADAAAACEBuB7A+B1BUBEAwA6AqAkAdAYAKAMAWAKAAAA
4202602,B8CAB3BxBWBVBIBBAxArApAdAVAYANANAGAAAAB2BzBtBhBXBKBHA7A6AnAjAiAJAgAMAKAHABAB
4202701,BgBnBNBwB5ByBlBAA0A1AnAkAXAdAXAFADAAAABrBeBeBZBiBhBAA7AxBAAgAmAYAMAMAMAAACAD
4202800,CEB2BoBpBiBqBQBBAvArAbAdASATAMAEACACABB7BwBfBRBqBgBOA/A5AoAeAcAaARAHAPALAAAC
4202909,BkBmBkBTBhBqBeBNA8AqAhAbAZARALAHAEABABBjBlBVBaBhBsBfBNA9AnAoAeAcAXAQAKAIACAC
4203006,B2BuBuBnBkBfBNA+A2AoAmAYAaASALAFACABABByBqBtBpBmBhBQBEA1AuAlAcAYANAJAMACABAA
4203105,BzB5BlBlBiBeBeBQA2AlAiAcARAYAIAFAAAEAAByB4BvBbBcBjBVBCAyAmAaAYAcAPAKAIAHACAA
4203204,B8B5BxBtBmBeBQBHA3AeAeAZAWAQAHAHAGAEABB7B2BuBiBeBbBRBCAvAhAaAeAUAPAUAFADAEAA
4203303,BqB1B4BvBeBXBLBEA4ApAkAeAXAYAOAPAEACAABrB1BvBsBWBJBFA/AuAqAsAdAUAdARAHAEADAB
4203402,ByCKCNB3BVBQBHA7AsAkAeAmATAUAPALAJAAADBxB5B/BmBZBKBAA4AwAeAnAaAQAiAKAOAAAFAA
4203501,CLCHCEBuBaBQBBBFA6AhAjAXAZAKAHADACAAAACNCIB/BwBNBNBIA1ArAsAcAWARAMAKAHADABAA
4203600,B2B4B3BsBfBaBMA8A5AkAoAVAbAQAJAIAFADACBwB6BzBpBiBUBLBAAxAtAfAfAaAPAIAIAFACAA
4203709,B1BvBsBvBxBeBQA9A7ApAhAdAfAUAKACAFAGAABqBqB/BeBgBZBDA+AtAvAgAcAXAMAPAHAHAEAC
4203808,B3B1B3BvBhBYBMA9A4AjAfAeAZANAIAHAEABAAB2B2B4B0BdBbBKA+AvAmAcAhAbARAJAGAEABAB
4203907,BsBrBrBsBoBiBXBAA4AmAiAYASANAJAHACACAABzB1BlBlBrBlBSBEAzAtAiAYAXAPANAKAEABAA
4204004,B6B9B5BuBjBWBVBAAzApAeAbANAPAGACAEABABB1B4B0BrBgBnBGBDA3ArAlASAJAKAOAKADADAB
4204103,B1B4B6BjBjBVBMBHA3AuAlAfAPASAXACADACAABoBvBjBpBeBTBJBCA2AzAfAbAXATARAHAHADAC
4204152,B+BgB2CGB3BWBOAtAvAtApAkAVAEAUADABAFAABbCHB9B0BXBXA7BDAtArAdAXAPAUALAIADAAAI
4204202,B/B9BuBhBmBiBVBDA0AmAaAYATAMAIADADABAAB4B6BqBmBlBpBWBEAzAlAcAXAVAOAJAGADABAA
4204301,BrBsBnBgBfBgBVBJA6AuAkAcAWAQALAKADABAABkBoBmBiBlBkBSBHA+AqAnAbAZATARAKAFADAA
4204400,B5BwBvBoBhBaBOBJA6AuAlAbAkAMAMAJABABAABqByBkBiBbBYBKBDA8A2AjAbAYARAPAGABABAA
4204509,BmBnBjBlBhBfBQBBA4ArArAgAcAcAUAQAIABABBsBgBgBWBVBRBJA8A0AsAfArAiArARARAKACAD
4204558,BtBzBzBjBcBPBPA+BJAqAjAXAWATAQAFADABABBzB0B2BoBqBYBNBDBBAoAfAZAYARAIAFADAAAB
4204608,B1B7BoBWBeBmBeBJA3ApAeAWAUAKAJAEADABAAByB1BqBXBhBuBfBLA7AoAhAZATAQALAFADABAA
4204707,BjBtBYBdBfBhBUBPA4AxAoAkAYAbAPAFACABAABgBqBjBZBhBfBMBEA5AyAsAeApAWARAHABAEAB
4204806,B5B0B1BiBhBZBKA8A2ApAgAgAXAQANAHAEACAABwB1BuBxBcBaBMBBA2AwAjAcAbAQALAGACABAD
4204905,ByCHB0BkBbBYBNBVA5ArAiAfAPAWAOACAAAAAAB6ByBsBoBUBWBPA+A1AnArAUAcARANAGAAAAAC
4205001,CCCFCBBpBWBNBNA/A1AnAdAiAWAWANADAEACAEB4B0B3BlBQBUBKBBA7AjAqARAWASAOABAHABAA
4205100,BsBvCCB5BmBIBIBDAuA8AsAfAdAPAOALABAFAABuB7BrBpBHBUBCA1A4AkAfAlAmANAPAMACAAAA
4205159,B2BVBwBVBVBtBUBIA9A+AfA6AeAFAXALABAAAABWBzBNBCB4BFBMBDAvAuA6A4AbAaAQAFACALAA
4205209,BjB0BmBrBWA3BSBUA2AwA6AXAoASAKALAFAAADBeBqB1BSBOBhBLBEA5A1AlApAhARAXAEAFAEAJ
4205308,B3B7B2BnBdBcBYBDAyAnAdAYAYASAGAHAFACAAB4B1BvBwBYBcBJBHAxAsAaAbAVAOAKAMADACAA
4205407,BgBnBlBgBeBhBVBIA8AsAjAbAVASAKAHACACAABdBkBiBiBiBmBeBQBCAvAnAfAcAWAPALAHADAB
4205456,CMCABsBgBqBtBZBGAvAhAfAUATAIAFAFADACAAB7B2BuBiBjBqBWA8AyAeAbAYAQANAIAKACABAB
4205506,B9B1B7BiB4BqBTA/AqAuAfATATAJAIAEACAAABB8BvBjB3BuBoBRA7A4AiAcAUAUAKAIABACAAAA
4205605,BsByByBxBnBeBHBIA/AnAoAUAfAQANAIABAAAABuBtB1BsBfBQBEA/AqAzAfAkAkAQAKABAFADAA
4205704,BrBrB2B4BuBeBNBAAyAlAnAhAgAZANAIAGACABBiBoBpBpBcBTBIA3ArA1AgAkAbAWAKALAEAEAA
4205803,B6B+ByBvBhBaBQA4A0ApAoAXAcAQALAGAFACABCDB4B9BsBQBXBJA8ArAoAhAbAQANAIALAEABAA
4205902,ByBsBqBhBhBpBiBJA3AkAkAUAWALALAIACAAAABtBpBgBYBiBrBeBMA2AmAlAXAXAUAOAIAFACAB
4206009,BoBuBrBxB0BrBRBFA9ApAkAWAaANAUAGAFADAABiBfBqBrBgBVBNBGAuAiAlAVAdAbALAOAFABAA
4206108,B2B7BzBvBmBnBTBQAxAuAmAYAYAPAHAHAFAAAAB3BoBnBQBXBgBDBFAzAsAlAOAeANAQAQAEAAAA
4206207,BnBvBtBZBkBeBRA9A9AlAhAgATAhAOAJAJADACBoBrBkBcBcBbBKA+A1AzAnAaAlARAUATAJACAC
4206306,B3BkBYBgBnB0BpBKA3AmAbAkAaAUAKAHAGAEABBXBhBYBgBaBrBdBAA1AqAkAcAgAWASAHAIACAA
4206405,B2BzBtBkBgBjBaBHA3AqAkAeAdAXAKAFAAACAABtB2BkBhBXBaBNBAAzAqAbAlAaAUAIAIAIAAAA
4206504,B3B5BmBhB1BnBfBBAwAoAfAbAaAKAOAIABACAAB2BiBjBjBnBkBSA/A2AmAUAhAYAPAMANACAAAC
4206603,B3B1BbBiBSBdBSBDA0AtAgAuAfAZAOAFAEADAAB3BtB7BQBcBUBMA0A6AyAnAgAjAQAMAPACAAAA
4206702,BuBwBvBkBcBRBTBDA8ApAiAgASAWAKANACAAABBrBxBlBRBhBvBTBGAxAvAsAfAYAZALAKAFACAB
4206801,BoBnBsBnBfBIBIBMBLAxAeApAlAYAWAMAMAAAABXBnB6BUBSBWBKBBAzAnAuAmAXAUAaAKAFACAA
4206900,BlBzBWBzBbBRBDBEAoA3AlAoAfAVAbANAEABAABfBuBwBOBXBUBYBEAzA0AnApAgAhATAKAFABAB
4207007,CFB7BtBYBeBqBdBGA0AjAeAZAYATAIADACADAAB8B1BnBXBgBoBYBBAxAoAcAbAVAPALAFAFAAAA
4207106,BuB0B4BgBsBhBZBAA1AmAeAjATAcAQAGADABAABzBmBrBgBmBdBQA6AtArAoAXAVAZANABAFABAB
4207205,BlBvCDBsBdBGBDA9A4AtAwAdAkAgAQAOAIAGAABhBjBxBfBEBQBAAyAyAwAjAsAhAkAVARANAFAA
4207304,BvBzBuBXBaBaBTBGA5AtAjAeAeATAJAHAEABAABgBvBtBmBUBbBSBGA6AzAiAgAgARASALAGABAB
4207403,BtB+ByB5BhBhBSBNAtAiAeAkATAQAIAAAFAAAACQBtBmBtBvBaBKA4ApA2AhAXAMATAFAFAAACAA
4207502,BpBoBoBeBiBmBXBIA8AoAhAeAeATAIAGAFADAABjBpBhBaBfBlBWBLA4AwAkAeAUAWAOAPAGABAB
4207601,BWBvB4BiBXBPBPBQBBA+AuAmAcAhANAAAAACAABYBsBpBUBOBJBOBCAvA1AjA1ApAUAZAKAHAAAC
4207650,BsBxB1BwBdBnBYBHA2AiAuAbAaAXAKAHABAAAABrBxBoBiBfBTBTBCA1AmAaAdAVAXANALAAABAC
4207700,BsBsBxBcBiBZBVBHA7A2AmAgAUAUAGANAGAAAABoBsBzBuBVBVBJBGA3AqAjAiAaAYAMACACABAC
4207759,BvB7B4BwBmBhBTBCA+AoAoAgAgATAHAAAFACAABvBdBmBpBfBTBDA+A4AzAdAlAgAIAMADABAAAA
4207809,B3CFCCBwBZBXBPBEA8AxAgAaARAVAGAFAAAAAAB1B6BvBYBZBPBIBHA1AnAeAeAcASAEAEAKACAA
4207908,BwCAB/B0BmBVBMA4A1AiAlAcAWATANAQACACAAB9B+BwB1BUBRA/AyAlAnAjAbAdAXANAGABACAC
4208005,BsCCB3B4BXBgBKBLBAAnApAVAUASAPAGACABAABnB0BxBfBWBTBPBCAzAtAkAVAcAUAFAIAEAAAE
4208104,B7CECIBzBXBWBGBDAtApAiAfAWAXAJALADABAAB2B0BwBoBeBNA8A0AsAoAgAiAXAaAPALADABAB
4208203,BqBwBxBdBZBeBWBJA5AnAkAZAZAQAKAFACABAABnBtBqBdBgBjBZBNA7AsAhAhAaATANAJAGACAB
4208302,B6B0BrBeBcBdBTBNA2AtAbAbAbAYAKAHACAAAABzB1BsBjBdBdBQBGAzAlAbAjAfAMAOAEAEABAA
4208401,CAB5BzBwBgBdBYBGA7AjAeAZAWAPALAIAEABAABxBwBuBpBVBVBMBCAzAqAgAaASATAIALAFADAC
4208450,BnCUBvBxBqBaA9BSBABAAaAdAOASAHAIACAAABBwCICBBcBKBGBGA/AqA7AVAZAOASAHAPABADAC
4208500,B1B6BuB4BgBnBMA+AyApAkAVAWAPAKAIACAAACB4B0BtBhBjBaBYA6AzAbAeAhAYARARACAEAEAB
4208609,BgB7BlBoBhBfBLBLA5A9AXAeAfAOAWAIACACAABaBuBfBrBSBXBYAqA+AqApAnAhANAUAUAEAGAE
4208708,BxB0BuBlBaBhBUA+A6AnAnAfAYAXAOAGAFADABBrByBwBfBbBZBIA/A1AoAlAcAfAQAMANAEAEAD
4208807,B1BsBrBkBgBbBLA+A5AsAiAeAZAXAPAHADAEABB7BwBvBXBaBVBHBBAzAvAfAfAmAbAHANAFADAB
4208906,BpBwBmBiBoBsBeBJA+AmAiAXAXAQAJAFAEABAABnBlBoBaBoBoBbBIA0AqAcAfAXAOAOAJAEACAB
4209003,BlBsBdBfBWBfBQBGA7AyAlAkARAYAGAJABABAABcBmBmBZBjBqBZBKA+AqA0AcAcAbANAPAFAEAD
4209102,ByBxBtBfBnBkBYBLA7ApAgAYARAOAJAEACABAABsBuBqBiBhBmBXBMA6AoAfAZAWAPAKAGADACAB
4209151,CPBzBXByBgBZBUAtA0BEAuAXAQANAJAPAJACADCPB8CABgBVBVArAzAyA0AaAlAHAXAJAKACAAAA
4209201,BGBTBmBpBTBzBbA6BOAyA3AmAcAJAZAAAHAAAABoBbBiBZBuBLAsBhA+AoBBAOAaAkAiAMAAAEAA
4209300,BxB0BxBnBaBUBKA9A2AqAjAcAVAUANAGACABAABtBvBtBpBgBcBRBHA7AuAjAhAYAVAPAIAFABAB
4209409,BmBtBpBtBbBTBJA8A7AoAnAgAZAYARANAFABABBgBpBuBXBZBUBJBEA8AxAxAeAiAdAVAPAKACAB
4209508,BqBaB0BhBoBnBPBSA/ApAYAmAbAcALAFAFABAABkBeBfBYBhBlBWBJAzAzAdAjAgAMALAWACAAAA
4209607,B0B8BrBkBYBnBUA8A1ApAmAfAXATAEAMADABAABtBwBvBfBeBjBIA/A0AuAnAgASAUAQAKADABAB
4209706,CNB8B1B1BmBfA5A4AwApAaAhAaARAMALABAEAACEB5B5BlBaBPBMA0ApAnAcAdAVAQAQAGACAAAB
4209805,CFCEB2B2BwBjBMApBEAiAiAlAgAQAHAAAAAAAABuB+B3BoBUBaBGAyAkAmAjAcAaATACAEACACAA
4209854,BkB1B2BmBgBoBVBCA7AfA3AVAZAdAIAHAFAAAABpByBuBdBNBTBDBIBCAmAaAaAfAdATALADADAA
4209904,BnBpBzBiBXBRBMA8A4ArApAlAlAWARAIAJAFABBuB1BkBoBVBKA/A/AyArAnAsAtALANATAPACAC
4210001,BoB3BkBiB5BTBrBJAvAsAkAVAbAkAMAOAJABAABuBqBmBTBEBnBWA7AmAcAbApAfAZAUAHAJAFAB
4210100,BtB3B3BuBbBVBNBAAyAnAfAhAfAQAOAJAEABAABkBzBzBrBYBWBPBAAzAtAkAhAeAWAQAHACABAB
4210209,BpBqCBBqBuBOBTBCAyAgAfAnAaAdAUAJALAEAABrBtB4BoBNBNBFA2AuAiAZAcAoAYAVARAMACAA
4210308,BuB4B3BxBbBeBOBGA6AgAkAgAXARAOAGAFACAAB3B2B5BeBTBUBFBCAqAqAcApAiAPAMAJACAAAA
4210407,CAB/BqBfBVBlBdBHA4AjAdAfATAMAVAUAAAEAABoBzBkBeBYBeBVA+AsAeAdAeArAOAVAKACAAAD
4210506,BzB2BrBqBjBfBLBEA3AsApAjAaAKALAFABADAABtBvBoBnBaBdBWA+AvAuAjAfAYATALAIADACAB
4210555,B+CLB6BoBMBVBLA4AzAyAhAgAdAQANAGAAACAAB1B/BpBkBgBXBCA7AlAsAwAjAWAQALAGAFABAA
4210605,BbBgBoBaBsBYBRBHA8A3AoAeAbAbAVANALADACBdBdBgBsBaBTBMBAA0AvAmAiAgAmAOAMAIAEAB
4210704,CJCWB+B0BaBUBJBBAyAmAsAPAQAVANAAAAAGAACGB7CHBpBaBKA8A6AmAnAlASAQALAJAHAAAAAE
4210803,BtB6BvBsBtBZBNBFA1A1AsAZAdARANAFACADACB2BrBkBdBiBRBGA5AwApAiAjAVAYANAJAFAGAA
4210902,BwBzB1BxBgBeBIBEA4AxAlAnAcAOAJAFABABAABsB0BvBlBeBSBGBIA1AyAlAYAgALAFAEAEAAAA
4211009,B0B6B3BsBeBdBOBEAvAuAjAiAUAZAJAGAGADACBvB0BqBnBcBSBMA/BAAmAhAbAXAVAFAHAAABAC
4211108,B6CBCNB3BkBTBIAyArAiArAYAbASANAHADABABBxB7B+BnBOBPA+A3AsAvAgAlAbARASADAIAAAA
4211207,CGB5BxBsBqBmBWBJA5AgAaAVAVAKAHADADABAAB4ByBwBaBgBjBZA4A0AoAWAcAUAKAQAGAHACAA
4211306,B4B5ByBeBjBiBVA4A2ApAXAZAeAQANALAEABABByByBtBiBiBgBSBGAwAdAsAgASAVAKAGAFABAA
4211405,CJBSCQBJBrBeBRBFBIAmAkAlAUARAJAGABAAAAB5BaBhBbBmBLBXBBA0AtAuAdATAZATABAHAAAE
4211504,BnBqBkBnBoBoBgBFAyAsAhAkAfAXATAHAFACAABiBZBfBbBfBZBJA4BFAjAlAqAhATATALALACAA
4211603,BzBzBhBeBwBtBSBBA+AmAkAcAaAPASAMABAGAABvBgBpBdBkBdBNA7AtAuAiAiAZAVASAFADABAA
4211702,BxB3BoBmBjBoBRBDA3AkAgAfAVAZAOAGADACAAB0BpBkBhBdBdBNA/A1AqAeAjAaAVARAKACADAB
4211751,ByB1B3BjBeBUBLBDBBApAgAiAhATAPADABABAABoBuB0BuBcBRBOBLA5AtAiAbAcAOAEAJABABAB
4211801,BnBvBiBUBjBmBZBLBBAvAqAiAXARANAGAFAAAABmBRBgBZBpBbBPBEBGArAfAlAjAVARAQAAAGAA
4211900,B7B5B0BlBlBjBUBIA4AiAfAUARARAJAFACABAAB0B0BtBnBhBkBZBHA0AlAcAWAVAMAJAGACABAA
4212007,ChCFCBBZBjBYBPA/A5AiAhAYASAQAEAEABABAAB5CBB1BzBVBWBGA3A0AnAfAXATAKADAGABACAA
4212106,BpBvBsBbBdBYBTBLA7AxAqAfAcAVAQAFAEABACBkBvBkBjBVBWBOBIA6ApAmAhAfASAQAKAHADAB
4212205,CGCAB+BvBaBcBMA/AxAlAcAeAhANAOAEACABABB6B6B4BhBUBWBJA7AoAdAZAjAiAMAOAHADAFAA
4212304,BxB3B3B6BfBSBJA/AxAnApAfAYAfAOAPADAEABBmByB1BmBaBPBJA7AeAyAlAbAaATAMAHAEALAC
4212403,BmBsBkBXBgBiBWBDA6ArAjAiAjAYAEAOALACAEByBuBpBYBYBaBMA7A1AvAjAcAgAaAZANACAAAD
4212502,BzBxBxByBjBUBOBEAzAbAfAoASAdAMAEAGAJAABpB2BxBgBRBWBKA6AxAxArAcAmARAEAWAEAGAA
4212601,BgCJBoBVBrBaBjBABCAkAfAkAeAWAFALAAADAACLBYBeBiBMBpBNBLAkAxAjAcAcAUAJAPACADAA
4212700,B0CAB9B3BpBXBIA/A0AoAkAZAcAVALAFAJACACB5B0BdBcBVBgA4A3A0AhAuAjAcAUAOAIAEACAA
4212809,B1B4B9BvBbBGBCBHA2ArAoAZAcATALADAHAEABBtBtB1BaBSBbBbA/A1ApAhAjAQAaARAMAIABAA
4212908,B2B3BsBnBqBiBPA9AzAsAqAfAWAUAIADAFABAABqBmBhBrBjBfBPBGAxAqAhAjAYAQAHAJAHACAB
4213005,BtBLBvBlB1BrBPBBA7AtAyAlAtAAAMAIAAAAAAB4BoBfBgBJBcBQA5A8BDAuAbAjAQADADADAAAA
4213104,BwB2BzBoBbBQBCA4A+A1ArAVAoALARAPADAEAABwBqByBeBCBIBFBRA3A0AxAeAXAZASAQADACAC
4213203,BfBiBmBbBYBgBWBFA/A2AnAmAnATAOAMAHACAABYBfBdBYBcBcBRBDA6AoA1AeAtANAWAQAIAGAA
4213302,B3B4B5BjBMBOBHA+AxAwAmAeAjAZANAQADAAABByB2B6BxBXBSBIA8AwAvAjAZAdANAMATADAAAA
4213401,B7B2B9B1BpBTBFA/A2AuAiAeAVARAMAFACABABBuB5BvBuBfBXBGA+A3AlAjAXAcANALAFACAAAA
4213500,B2B7BtBmBeBYBXBHA2AiAnAdAgASAPAHADABABBqBuBqBgBcBnBKA/AoAoAmAfAaATALAHAHAEAB
4213609,BmBtB0BlBaBUBLA8A3ArAkAkAZAcANAGAEABABBoBoBvBmBYBXBPBEA6AvAtAiAcAZATAJABADAC
4213708,BvCBCHBsBcBRBLA3A7A2AlAlAXAXAOAGAEAAACBnBsBzBoBRBMBJA+A1ArAuAVATAYARAIAAABAD
4213807,BxByB5BmBbBdBLBAA/AyAlAUARAVAQAGAGACAAB0BvBzBqBVBJBNBEA1AlAfAYATAdAVAPAEACAC
4213906,BuByB7BjBuBSBcBKA+AoBEAhASAEAHAAAEAGAABaBhBIB0BTBkBGBUAzAsAhAyARANAPAIAGAEAA
4214003,BrBuBlBgBTBhBVA+A+AwAqAfAmAXAOAGAFAEABBrBkBaBcBXBjBIBDA3AyArAdAgAUAaAIAJADAA
4214102,B6CJBzBiBwBeBGBIA6AcAVAsArAWAIAFAAAAAACAB4B3BlBABUBLA5AnAiAYAxAQAbAKADACAAAA
4214201,CBB4B1BrBfBeBHBJA3ApAnAgAWATAEAIACAAAAB9B1BnBkBiBVBMA4AyA3AiAbAOARAIAHACABAA
4214300,BpBrBrBjByBSBkA+BDAdArAdAkAPAbAKAEAEAABvBbBdBeBSBOA4BUA5AqAtAaAuAWAQAHALAAAA
4214409,B0ByBqBdBrBYBMA6BCAuAnAeAoAUAMAJAFAAAABrBpBoBwBEBWBIBBA+ArAgA1AVATANAGADABAC
4214508,B6CLCGBtBlBdA9BEA7AnAjAcAZAPAJADAGACAABnByB/BdBQBKBRA3A8AyAdAdAUAOAMAIAAACAA
4214607,BvB0BmBtBdBkBNBDA+AyAoAhAdAUASAIAHAAAABYBdBdBiBYBjBCBDA3AtAmAlAdAcAPAKAFAAAE
4214706,BgBeBdBdBYBgBQA/BHAyA6AeAiAaAcARAIABABBbBVBfBdBVBSBFBAA8AxAqAnAiAjAOAXAEAJAA
4214805,BuBuBmBhBVBaBQBGA5AqAjAeAaATAPAIAEAAAABmBnBjBbBiBlBWBMA8AxAjAkAdAVARANAEACAA
4214904,B0B0BgBfBdByBdBGBBAqAmAfAjAPAWANACAAAABuBlBQBNBaBaBMBGArA8AsAYATAVAWAIADAEAA
4215000,BwB6BzBqBoBiBPBBAxAoAiAbAUAPAHAGADAAAAB3B2BwBlBkBfBNA9AxAkAiAdATAVAQAFADACAA
4215109,BfBiBeBbBYBiBVBMBBAwAwAcAdATAWALAHAAABBXBbBZBXBZBcBbBHA9AtAsAhAeAhAeAPAEAEAB
4215208,B4CBCCBrBdBUBNBDAuAqAqARAYATAKAFAEABAABvCHCABsBUBNBNBAAsAyAWAWAYAUANADABAAAB
4215307,B8B/B7BuBlBUBQBIA6AuAmAPAYAMALACACADAAB9B1B3BnBbBRBGBAA1AlApANAbAIAFAOAAAAAA
4215406,B5CJB9BHBlBXBQA+AkA1ApAdAYAUAUAEAAAFAAB+ByBZBYBbBdBQBOAvAhAhAeAhAQARAOACAAAA
4215505,B9CCB8BwBkBVBKA0A8AqAjAUAUALAHAEABADABB5B+B9BzBeBcBEA/AxAkAfAXAPARAKACAFABAA
4215604,BWB/BKB2BoB5BTBIA9A4AcAfAeAAAYAEAAAHAACBBrBvAwBsBTBFBIAwArA3AlAFAXAOAGALAAAH
4215653,ByBwBsBaBkBmBTBFA8A1AnAYAZAdAGAJADAAACBwBtBpBeBjBcBIA7AuAsAmAcASAXAOAHAFAFAB
4215703,B2BvBsBoB5BnBQBEA0AnAhAbASAUANALAEABABBwBnBeBhBsBcBMA5AyAmAeAcAhAVAMAMADABAA
4215802,B1B3BxBoBiBjBaBIA2AoAeAWASAOAKADACAAABByByBwBfBjBmBVBCAzAnAhAXAWAQAKAEAGABAA
4215901,BYBiBqBfBUBnBCBOA7ApA0AqAsAdAXALAEADAABeBaBcBpBgBHBHA5A6AuAiA1A0AXAUAAAKADAA
4216008,BtByBvBaBpBdBaBJA3AvAjAeAVAVAJAJAEABAABqBmBtBjBbBWBOBCA5AlAlAdAWAYAUAOAEABAC
4216107,BtB2B4BuBlBcBSA/AzAqAoAbAYAOAHAIADAAAABtB7BvBvBmBaBJA/A0ApAfAdAQAOAIAJAEACAA
4216206,B2B/BzBoBXBYBSA4A1AnAmAZAXARANAJAFAEAABzB4BxBUBXBZBKBKAzAgAhAgAfAbAOAOAEACAD
4216305,BxBuBiBkBiBhBVBCA2ApAwARAVAaARAFAIABAABsBpBgBiBqBfBJA9A0AtAtAbAcAUAQANAGACAA
4216404,B4B5BqBWBrBiBYBAAxA3ArAYAQAaAVAJAAADAABzBxBnBhBaBYBHA/AwAkAgAcAcAUAVAGACABAA
4216503,BtBvBuBYBwBgBNBFA2AoAkAgAZARAIAJAHABABBsBwBoBrBXBeBQA7A0AzAoAcAZASANAMADACAB
4216602,BuBxBrBjBcBdBXBMA9ApAeAZASAOAGAFACACAABoBtBrBgBjBnBeBRBAAqAgAaAWAPALAJADACAA
4216701,B4B8CABmBeBXBOBDA2AmAkAjAYARAMACAAABABByB2B5BnBSBSBKA8AzAvAoAZAfARAHADACAAAA
4216800,BdBzB5B+BtBUBLA2AuArAdArAhAZATAGAJACAABiBqBxB6BkBQBCA4AuApAcApAhAPALAHACAEAB
4216909,B4B5ByBwBfBZBMBDA3AvAmAbAPAOANAIAEABAABwBzB0BnBZBZBPBAA4ArAeAdASAQAPAJACACAA
4217006,CIBvBmBaB1BzBTBCAoAsAlAXAWALARALAEABACCCBqBfBgBkBlBGA4A3AoAeAgATARAKAKAEAAAA
4217105,BvBpBjBcBMBjBoAzA+A2AfAwAoAdAXASACAAAABiBcBUBZBQBMA2BDBFArAuAvAuAUARAZAAAAAD
4217204,B4B5BzBnBaBaBOBGA4ApAoAZAbANAJAEACABAAB0B2BlBfBfBeBXBGA6ApAeAdAQATANAHABADAB
4217303,B4BxBsB5BmBrBbBCAtAwAhAcAdAOAMADAEACAABtBpBeBnBeBgBMA9A0AmAiAfARAZAMADACAAAA
4217402,BpByBrBkBvBrBUBEA3AtAiAbAgALAMACAMADAABnBzBlBmBbBkBRA2AtArAmAXAhALAPAJAGABAA
4217501,B5B9BqBtBlBlBQBEA4AnAsAWAUAVAIAEAGAAABBoBlBzBnBdBUBOBCAzApAbAkAcAKALAJAIAAAA
4217550,CQB0BlBtBxBhBiA8A9AgAjAiAQAOAGADAAAAAABxB9BeBlBZBnBJA+A+AlAqAWAPAPADAAADAEAA
4217600,BwBuBqBhBXBjBbBKA/AnAgAfAdARANAKADABAABpBwBcBXBUBpBcA4AzAsAoAaAlAPANATAEAEAB
4217709,B6BxBuBqBnBhBJBAA7AmAlAXAaAUAKAHACAAABByBuBtBeBnBbBWBAAvAqAjAaAaARALAGAHACAA
4217808,BzB4B5BiBfBZBLA/A7ArAyAcAeAQANALABAAACBqBpBsBoBVBVBHBAA5AxAjAXAeAPAOANADABAA
4217907,BuBrBoBtBWBkBOBCA7AwAtAhAdATANAJABACABBzBoBsBeBeBbBGA9A0A1AqAYAdASAMAIAHABAC
4218004,B4ByBtBbBTBeBkBFA6AnAeAdAaANANALAHABAABvBzBqBlBlBfBBA9AxAnAhAbAeAbALAMAIAAAA
4218103,ByB0B8BgBhBdBKA+A7AxApAdAgAOANAKAGAAAFBuBzBqBfBaBTBKA2A1AwAcAnARAPAPARAGAAAA
4218202,BkBoBdBXBdBhBbBLA6AwAjAmAgANAQAPAFACABBcBhBcBeBfBhBaBIA/AvAlAjAhAUAOAIAGACAC
4218251,CPByCBCJBdBTBHA1AqAlAyAbAOAOAEAEAFAAAACOCJB+BwBtBeBJAjAjApAVAVASAIAIABAAAAAA
4218301,B/B/CJB4BcBLBIA7AuAoAeAXAXAMALACAGABAAB8CFB/BvBVBRBGBBA0AoAfAUAPAUALAHAEAAAA
4218400,BrBwBmBsBkBbBUBCBBApAiAYAXAXAQAOAGAAAABuB3BjBZBZBaBLBAA8ApAhAcAaAcATAKACADAA
4218509,B0CJBmBeBhBLBMBBBCA2AVAsAZAYAJATADAAAABoBdCIBdBMBMA+A+BFAxAjAdAoAOADAUAKAAAB
4218608,ByBsBxBhBYBbBMA8BAA1AfAXAhAXAOANAJAEACBiBxBpBZBLBXBIBEA6AuAhAtAmAVAPAKAEAIAB
4218707,BnBvBsBTBXBiBWBGA9AsAmAZAaAPALAGADABAABnBuBpBPBZBpBaBNBBAwAmAfAaAWARAKAEAEAB
4218756,BsCBB3B2BlBhBQBGA3AoAcAQAnAKALACAAADAABoB0B7B1BZBOBKA5A2AmAhAhASAPAGAJAFADAC
4218806,B9BsBtBjBmBgBSBGA1AqAkAZAaAUAOAIADABABBvBsBoBeBaBhBPA/AzAjAmAcAaASASANAGADAB
4218855,B/B8BuBvBfBlBJBDAkAtAaAmAbAOAGARAAABAACGB3BvBgBQBZBZApA3AqAeAfAVATAIADAMABAB
4218905,BwBwBqBmBtBhBPA/A+AjAcAmAeASAQAIADACAABrBuByBcBWBXBLA9A3AxAkAhAYAUAOAKAFABAA
4218954,BnB8CDBbCJBPBCA8BJBAAsAfAKAOARADAAAAAABUBYBZB9BHBSBKBCBWAlApATAeAiAIAOAAAFAA
4219002,BzB0BmBaBgBlBfBLA5AnAdAeAXAPAKAHACADAABsB1BnBOBgBrBfBDA4AoAbAgAbAOANAIAGADAA
4219101,BwCFB/B0BpBMBOBAA9A2A1AZAAAHAGAEABADAABvCABSBmBaBhBFA+A0BKAfAJAdALAHAPADAAAE
4219200,B+CDB3B0BxBlBRBBA0AhAdAdAUAUASAAABAAAAB2ByB3BiBaBWBHA8AtAmAkASAbASAFABABACAA
4219309,BsBxBmBbBpBtBYBFA3AoAmAaAWARALAEACACAABuBmBgBgBnBsBWBCA1AvAoAZAaAQALALADABAA
4219358,CQCGB5B6BpBiBEAzA6A9AeAdAbALABADACABABB+B2BwBqBYBMA3AzA0AxAWAcAJARALAIAEAAAA
4219408,B1ByCBBrBpBoBOA6BDAiAjAhAoATAHAPACAAAABqBvBtBfBOBKBHBTA1AaAWArAWAOAQAMADAAAA
4219507,B4B2B1BnBYBbBOBBA5AmAhAYAVAPAOAEACAAAABtBxBtBsBoBiBTBBAyApAmAYAaAWAOADADABAB
4219606,B1BwBwBpBYBWBZBUBLAkAZAiAVASAYAHAAABAABwBkBmBcBbBYBPBKArArAdAgAVAmAPACACABAA
4219705,B3B4BpBiBhBhBQBGA4AtAkAZASAJAWAEABAAAAB3BxBiBhBiBjBRBFA5AkAhAeAaAUALAHABABAB
4300059,BsBoBtBfBTBfBSBGBDA3AvAWAcAVAIAPAFAFACBpBtBhBUBTBTBTBQAvAsAqAnAtALAEAQAGAAAD
4300109,BfBnBiBmBSBWBTBJBAAuAzAjAcAfAVAIAGADAABZBjBSBVBVBTBOBBA8A5AmAvAlAdAWAPAIAFAC
4300208,BaBsBsBuBbBlBJBGA3A0AsArAXAZAVAKACACAABYBcBaBYBXBWBMA6BFAvAyAjAjAhAPAMAFADAB
4300307,BjB2B8BpBJBNBGBEBCAzAmAnAmAYAUADAFAEABBiBtBxBbBCBDBHBDA5A4AvAjAcAYATAHAOACAG
4300406,BqBtBpBaBYBVBMBGA+AtAlAmAdARARAKAEADAABjBrBnBaBVBXBSBDA7AxApAjAjAWATAPAGADAD
4300455,BjB1B6B0BQBMBKBHA9A3A1AgAbARANAGAHAEAABqBnBiBaBKBNBEBFA5AyAqAoAiAXANATAIAAAB
4300505,B7CACKBwBZBOBKA+A7ArAoAZAcAOAMAIACAAAABxB9B7BhBMBKBEA/A2AoAgAjAYAbAFAEADAAAD
4300554,BABlBnBXBkByA+BLAzBDAoAdAeAtAaAOACAEAABQBkBUByBfBYA2BRBDAsApATAjAeAnALAFAAAA
4300604,B8B6BxBdBaBcBXBIA7AqAgAYAQAMAHADACABAAB1B0BtBbBbBfBXBNA8ArAkAbAVARAMAFADACAA
4300638,BjBkBuBuBmBdBNBGA6AzAtAiAiAiAPAPACAAAABmBhBfBfBSBIBJBBAxAtAxAdAiAPAcANAGAAAA
4300661,AsCKBQBkA8BqA+A+BJAqA0BbBeADAWAYAAAAAABKBiBsApAyBQBBA7BLAtA6BPA/AXANAAATAAAA
4300703,BSBUBfBWBZBfBXBQBCA3AuAtAcAeAOAUAGAGAABZBeBTBOBNBPBOBEBEArA4AmAzAYAcATAGAHAA
4300802,BeBeBWBFBaBoBgBMBBAxAxAsAeAXAVAHABAEAABYBYBVBPBRBoBWBCBEA8AyAoAkAZAVANAHABAA
4300901,BjBsBcBmBfBbBZBVA8A8ArAgAZAVAWALABAAABBZBWBkBWBFBXBNBDBDA6AvAiAeAdARANACACAC
4301008,BkBhBaBTBXBiBaBKA+A3AyAjAeAdASAKAHABAABWBWBRBUBVBbBQBKA8A3AsAtAgAiARARAHACAC
4301057,BwBgCEBNBYBwBdBCAxAvAnAzAWASAQAEAGAAAABqBsBIBqBXBiBPAzAqAwAyAqAeAfAIAJABAAAE
4301107,BdBtBnBXBKBZBOBJA+AzAmAkAcAdAQAOAJACAABkBrBnBPBXBOBRBMA5AqAtAkAtAaAUAMAHAFAC
4301206,BtB4B5BjBTBVBSBLA9AuAoAiAeASAJAGAHABABBqBrBqBZBSBRBJBEA8AuAjAhAlATAPALAEABAB
4301305,BiBsBlBWBHBUBNBLA/A5AzAoAmAWAPARAHAAAFBPBnBXBPBbBVBKBLBHAzAqAoAjAdARAGANAEAF
4301404,BpB3BwBcBVBZBQBKA4AzAlAiAXAaASAIAGACAABrBpBsBYBPBSBKBFBDAqAnAjAiATARAJAGABAC
4301503,BRBeBXBhBWBSBRBLBEAzAzApAbAhAdAOAHAAAABMBZBdBVBNBaBJBGBBA1AoAtAqAlAaAcAGAAAC
4301552,BiBpBwBoBgBdBQBCBAA5ApAlAoAOAUAFAAABAABRBZBwBgBKBQBFBCA8AvArApAfAhAWANAEAGAA
4301602,BjBpBhBUBVBVBPBBA9AxArAmAgAUARAJAFACAABfBmBfBZBVBXBUBHA+A3AwAnAiAcAUAQAJAEAD
4301651,BbBbBgBlBqBaBOBBBDA6AwApAuAYAJALAIAAAABTBYBfBcBZBMBBA9A6BAAqAuAdAcAWAXAHAEAB
4301701,BWBnBlBcBeBdBVBIA+AuAsApAlAgAWAEAFACABBgBYBTBLBQBUBOA+BBAvA6AmAqAhATAYAEAAAA
4301800,BrB/B5BkBUBKBEBLAzAwAkAlAgAWAWAJACAAAHBmB6BzBdBNBEBOA3A/A1ArAjAWAdAFAFAIAEAA
4301909,BmBhBeBXBcBVBLBPA5AzAzAlAsAZANANACAEABBaBnBfBdBOBVBEA9BAAxAtAmAhAfAYAKANAEAD
4302006,BxB6B+BqBZBWBKA7A4AxAnAfAYAVASALADABAABuB4BzBlBVBLBCBEAyAlAiAbARAjAOAHAHADAB
4302105,BcBhBWBQBdBnBcBPBEAzArAfAZAVAPAIADACAABbBaBUBOBcBpBgBTBBA0AlAnAdAbAXAKAGAEAA
4302204,BfBzBlBlBiBXBQBSA9AtAuAdAYAUAGAQAJACAABZBnBmBbBPBTBQBJBAA6AnAhAVATAXAJAMADAB
4302303,BvBxBqBkBTBXBHBKA8AiAuAfATAYATAQAEAFAAByBwBrBfBYBPBJA0A4AvAlAiAcAgASAEAKAIAD
4302352,BjBeBYBTBlB5BbBLBGAoAnAoAfAZAQALAFACABBkBeBRBMBeBgBUA+AyAyAoAgApASAWARAFAEAC
4302402,BnBmBeBSBjBaBVBFA+AvArArAkAVAUAGAEADABBbBdBaBeBMBZBYBAA6AyAtAoAlAfAWAKAGAFAB
4302451,BsCIBwBnBiBbBTBGAxAzAdAsAYAWANADACAFAAB0B2BhBbBOBVBHA+AyAlAmAkAcAWAMAMAGAAAA
4302501,BlB0BqBpBMBiBBBNBDAvAkApAYAdAQANAHABADBwBpBkBaBVBDBWBEA1A0ApAeAZAVAWAHAFACAB
4302600,BnBtB8BqBUBPBAA3BGApAvAZAXAZAXAMACAAAABvB5B+BfBSBEBIBOAwAsAsAZAdAgAKAPACACAD
4302659,BQBPBZBSBVBYBSBFBDA5A5A3A4AWAlATAMAAAABDBMBGBJBLBGBCBBA6A/AnBNAxAzAlARAIADAA
4302709,B5B7BpBPBHBZBQBJA5AgA1AfAgAVAPAHACABAABkByBoBTBNBbBXBLA4A4ArAfAeAaAPAKAEADAC
4302808,BhBmBfBSBSBSBPBHBDAqArAqAmAYAUAKAIADAABZBjBdBTBMBeBQBHA/A6A4AgAmAeAVAOAHACAE
4302907,BnBwBnBfBTBPBQA2A1AuA5AcAmAWANAXABAAACBrBqBiBTBMBYBNBNA0AxAvAoAnAWASALAIACAG
4303004,BdBmBnBRBRBPBKBFA9AvApAoAlAYATAMAFADABBaBkBgBTBQBVBQBJA+A2AvAuArAdAZASAKAEAD
4303103,BsBuBoBVBVBfBbBMA/AyAnAdASAPAGAEACABAABqBtBmBYBbBkBeBMBBAvAmAiAZASAMAIAEACAA
4303202,BlB3BdBpBhBbBHBOA2A1AvAaAZAVANAFAEAFAABuBsBWBdBMBlBJBKA9ApA8AbAbAZAFAPAKACAA
4303301,BoBvBvBhBPBQBNBHA9A8AqAmAcARATAMAEAEAABcBqBtBcBQBRBKBGBAArAuAgAgASAYAIAFAFAC
4303400,BsB8B4BnBfBbBUBLBAArAfAhAbAWAPAHADACAABsBtBrBYBKBGBPBBA/AhAoAbAjAVALAUAEAAAA
4303509,BkBrBoBfBZBcBRBDA3AuAsAhAgAUARAMAFADAABfBmBiBfBYBbBMBBA3A0AxAgAjAYASAKAHAEAB
4303558,A8BhBZBWBlBqBHBMBRA/AhAqAbASAGAQAGAEAAB7BbA9BYBUBkBOBLA4AoBBAeAmAiAJAjADAFAD
4303608,B0B4BsBrBgBiBOBIA/AsAcAkAfAZAFAFAFABAABvByBrBnBRBVBQBBA6AsAhAXATASAJAFAEADAA
4303707,BeBtBxBfBeBWBMBSA8AyAtAkAlAdAHADAEADAABUBmBnBaA/BPBLBUBJA3AoAbAoAZAQANAEABAB
4303806,BmBZBgBeBXBcBYBQA8AwAvAyATAWALAKAEABABBjBpBYBJBcBeBSA9BBA6AmAgAlAZAYAOAGAEAB
4303905,BrBtBjBcBpBuBhBMA7AkAiAXATAQAGAHABABAABqBoBfBWBmBwBcBMA7AsAgAgAXATAMAGABAAAA
4304002,B2CJBsBfBRBPBLBAAyArAfAdAbAWAKAJAIAEAAB4BrB+BXBVBXBNBIAvAuAiAlAeAVAMARAEAAAA
4304101,BhByB7BkBQA0BKBdBDAuAkAbAgAsAJASACAAAABcBqB1BkBXBbBCA2A1A4AbAnARAiAYAHANADAA
4304200,BXBbBdBdBdBTBEBGBFA2A0AjAmAZAYAMAFACAABWBdBbBYBWBSBNBFBAA2AvAwArAiASAQAEAFAD
4304309,BfBhBvBqBiBYBcBQA5AwAyAdAfAPARAKAAABAABcBeBgBhBJBeBMBEA7A3AkAsAkAZATAHAAAAAD
4304408,BqB0BwBkBhBcBTBDA1AiAjAbAgANASAFABAAABBqBrBxBYBdBbBSBEA7AvAnAdAfASANAPAGACAA
4304507,BRBhBlBkBYBXBPBHBAA0AwAxAgAiAWAKAFACACBUBfBWBaBRBNBHBBA9AyA1AlAhAkAcAPAKAEAA
4304606,BsBtBnBUBVBaBZBNBAAuAjAeAZARAKAGACABABBlBsBpBTBWBgBbBOBBAzAnAjAfAWANAKAEACAB
4304630,B7B4BkBkBbBeBVBMA4AsAiAXAMAYAJAHAFABAAB5B1BsBbBbBjBUBHA9AmAhAWASAPALALADADAA
4304663,BtB7BrBZBYBPBJBPBCA0AiAiAcAWARAFADADAABmB1BqBTBKBWBhBMA9AeAjAgAdAXANALAKADAA
4304689,ByBqBjBhBXBmBSBKA4AkAvAfAQAcATAHAGABABBpBtBqBXBXBgBRA/AzAnApAfAnAUASALAGAAAC
4304705,BmBuBqBUBRBPBPBFA5ArAsAgAgAUANAMAFABABBfBrBjBcBVBcBWBLA/A1AoApAjAcATAKAGAFAB
4304804,BfBhBWBVBoBtBoBPA/AnAmAiAYAZAHANAHADAABYBeBTBIBfBqBbBKA4A3AiApAbAcAQAOAFAHAA
4304903,BcBdBOBfBdBaBbBRBGAxAsAoAcAVAcAGAGADAABPBcBdBFBRBVBNBQBDAuAwAqAhApAdASAJADAA
4304952,BrBgBQB4BZBiBFBFBJAsAzAaATAXAXAYAMAAAABaBpBTBOBpBTBXA6A9AlAyAZAvAYASASAGAAAA
4305009,BXBgBpBdBfBcBPBEA6A5ArAkAkATAOAKAJABADBUBiBgBgBeBNBOBGA/ArA0AlApATATAOAKADAC
4305108,BnBnBeBTBcBkBeBQBAAuAkAbAWARAKAHADABAABhBjBbBSBdBpBjBTBAAzApAgAcAWANAJAFADAB
4305132,BABuBoBSBiBPBXBVA7AmAnAyAuAWAQATAHAAAABgBLBTBRBHBbBOBMA8AyA4AqAjAZAcAbANADAA
4305157,BwCJCFB+BbBGBSBGAgAoBEAhAQAPAHAAADAAAABqB8B0BkBNBhBBA5AlAzAXAtAhARAKADADACAA
4305173,BkBvBzByBoBcBQA+A2A/AhAiAuASAPAGAGAEABBmBuBlBnBLBMBDA9AtAkAmAtAaAZAUAHAAADAA
4305207,BgBbBiBkBiBaBUBJA2AzArAgAaAcAIAOABABABBaBlBcBbBUBZBNBJBFArA1AdAlAeAaAQAJAAAD
4305306,BjBmBaBUBYBeBUBNBCAsArAmAhAYAUAFAHAAAABbBlBaBaBXBfBOBOA5A1ArAnAhAcAMANAKAEAA
4305355,BiBwBrBRBoB1BiBXBRAtAnAfAWAJAKADADABAABWBnBhBXBZBWBQBMA5A2AkAdAXAYANAIAEABAB
4305405,BsBnBzBnBfBXBIBIA4A1AhAmAbAVAPALAEAEAABqBlB1BfBTBVBGA+A+AnAsAeAZAUATAPAGADAA
4305454,BvB7ByBVBKBaBRBQA6AyAgA2AdAfAQAGACAAAAB0B0BmBSBMBWBXBAAxArAuAeAcARAKAGAEABAB
4305504,BhB6B1BnBYBZBKBPBDA2AlAoAQAUAOAQAEABAABiBhBoBeBNBIBKBDA8AzAkAlAnAUAWAGAFADAA
4305603,BlBsBXBSBHBjBGBHA6A+AtAbAgAaANAPAQAAACBYBcBABSBVBkBeBLA/A/A3AcAeAtAVASALACAA
4305702,BnBrB5BpBYBWBBBDBAArAkAkAeATAVAKAFADADBrBeBhBcBPBSBLBDA8A1AzAWAhAZAVALALAIAA
4305801,BpB2BoBfBcBUBRBHA6A3AfAiApAVAHAFAFAAAABkBrBuBdBWBTBLBEA3AtAnArAbAVAZAJADAEAA
4305900,BxB8B6BqBZBVBEBBA+ArAfAlAWAPAPALAFABAABuBvB0BRBaBOBLBJA4AuAdAkAaAVAUATABACAA
4305959,BQBeBSBJBhBfBdBRA1AwAoA5AyAiAUAOAJAEAABRBQBPA4BFBPBTA+BBA0AoA9AtAzAbANAQAQAD
4306007,BeBsBwBfBPBUBIBHA9A1AkAnAaAYAXAJAIACAABfBpBkBgBZBOBJBGBAA1AkAtAeAWAbANAIABAA
4306056,BnBkBfBmBaBdBKA8BCAvAqA1AgAYARALAGADAABXBtBbBhBaBTBHBCA2A4AsAlAmAVAOARAEADAA
4306106,BmBuBrBbBTBQBLBCA3AqAlAcAaAUASAKAEABAABmBpBqBdBWBbBWBLA9AyAnAmAjAbAWAMAJAEAC
4306205,BdBeBYBVBaBZBXBIA6A+ArAsAlATAPALAFADAABSBeBhBXBSBYBOBEBIAxAvAlAlAcAUAUALAFAD
4306304,BkBWBuBXBqBlBXBSA8A0AvAhAZASASAKADAAAABsBuBhBYBXBcBUBDA9ApAbAbAYAbANATAEAAAA
4306353,BxB5CACABEBWA+BAAmBGAsAgAlAQAOAUALADAFBiBsBtBoBDA4BIAtBEAsAeA7AaAgANAEAFAAAA
4306403,BnBhBUBgB0B4BcBJA8AqAoAkAXASAIAIACABAABgBcBTBeBnBrBWBFA3AuAfAiAdATATAJAEAFAA
4306452,BPBfBnBmBFBQBWBNBKAwAqAwAmAtAVAJADACACBGBaBlBPBRBEA9A9A+BAAkA5AvAcAtAPAKABAA
4306502,BmBlBZBtBpBeBTBAA2A0AwApAlAaAUAJAGAFAABiBjBlBdBZBQA3A2A0AtAkAmAgAaAYAUAHADAA
4306601,BgBnBhBTBOBUBPBEA8AuAyAjAhAUASANAFADACBhBmBiBWBWBXBRBEA+A1AlAyAgAiAYALANADAB
4306700,BjBrBdBpBXBYBWBCAvA1AzAdAZAZAUALAMAAAABkBgBbBeBHBMBGBJA8AnAkA1AzAhAYASAKAAAC
4306734,BWBZBlBfBOBcBPBEA8A5A2AnAlAYAUAMAGAAAABWBmBfBWBKBVBLA/A/A5A2AnAhAmAZAPAJACAC
4306767,B3B/BsBYBOBWBWBSA9A2AqAbAVAMAIAGAFABABBuB5BxBYBQBfBYBOA1AqAhAaATASANAHADAAAB
4306809,BeBiBWBRBRBYBUBKBRAyAuAlAdAaARALAFAAAABVBZBgBQBRBgBSBRA6AzAuAoAdAhAiASAFAEAD
4306908,BaBlBlBcBPBTBRA4BBA8AwAsAmAeASASAEAEACBVBaBXBWBPBQBEBJBAA4A1AjAxAXAUAYAIAFAA
4306932,BiBrBqBlBbBPBIBGBAAvAzAhAgAbAQAPAEAFAABWBfBrBcBUBOBNBCA9AzAtAmAaAeAdAKAEABAB
4306957,BmBvBuBfBeBKBWA/A9AyA3AoASANAIALAEAJAABuBzBsBdBYBnBAA+A8A3AkAfAcAPAKAPAAADAA
4306973,BvByBxBcBsBeBWBAA9A3AoAYAJAPANAFAGACAABwBdBuBzBLBKBRBAAtApAwAhAgAEAiAPADAAAJ
4307005,BnBmBiBWBVBaBSBFA3AtAkAgAcATASAIAEACAABiBlBiBZBhBmBXBKBAAzAlArAfAYAUAJAGAEAC
4307054,BjBsBvBjBaBhBMBEA7BBAxAgAbAaALAIADAAAABUBuBoBRBYBQA2AwBGBCAiAoAaArAcAKADADAA
4307104,BgBdBUBJBQBYBJBMBPBFBAAsAvAbAdAOAEAEACBUBiBMBGBFBOBEBCBBA0A1AiAvAhAYAVAIACAF
4307203,ByB9CCBzBaBKBMA+BAAuAnAXAfAVAJAEAFAAAAB1B4BwBZBRBQBDA7A4AvApAeAmAQAIAFADACAC
4307302,B1CGB/BqBNBVBKBFA0AsAiAfAZAWANAFAHABADBuB9BzBiBKBRBJA+AzArAhAhAWAbALAJAEACAA
4307401,BgBvBwBXBPBEBHBCBBA3AoAuAsAfATAQAHAIAABeBeBiBhBFBLBGBIAvAyAoA0AiAfALATAPAGAD
4307500,BhBtBlBgBZBVBRBGBAAvAiAnAiARASAFAEACAABgBrBkBQBhBaBTBJA3A0ApAkAjAQARAOAMAEAB
4307559,BhBnBeBdBWBhBKBGA/A0AvAhAeANAUAJAFAFAABdBdBaBaBhBSBNBOBAA0AxAnAkAQAUAOATADAA
4307609,ByByBdBXBrBvBgBSA8ApAiAVARALAMAGABAAAABqBuBgBXBiBvBgBKA6AsAgAXATAOAQAHACABAA
4307708,BmBvBqBSBTBcBXBRBEAwAmAbAUAPAKAFAEABAABhBqBlBRBXBhBfBSBEAyAnAhAbAYAQAJAFABAB
4307807,BdBnBfBRBSBZBYBOA+AvAqAlAlAOANAIAHAEAABcBnBZBPBSBbBVBMBAA1AzAiAoAcAVATAGAGAA
4307831,BhBnBrBmBMBOBkBBBAAlAzAVAwAOAYACAGALAABrBiBoBlBRBWAyBIA4A+AeAuAoASAXAMAHAAAA
4307864,A2BIBkBWBkBdBeA2AzBWAfAyA1A7AYAMADAAAABIBZBIA/BEA7BTBTBSA5AjAlBbAnAfASABAAAA
4307906,BnBnBhBWBmBuBmBKA5AsAjAfAVAUAHAHACABAABhBfBTBYBoBvBaBLA4AtAhAjAgAUAOAJAGADAA
4308003,BdBgBnBYBUBXBLBMBCAwArArAgAeASAOAJACAABXBeBWBXBKBOBKBGA6A0AxArAnAiAeAbAHACAA
4308052,BZCRCLBgBvA1BKA2BMAtAqAbAgAZANAFAAAAAEBfCBB3BjA6BZBWAfBOAkApAfAbARAMARAEAAAA
4308102,BeBWBSBPBnBgBbBIA6A4AuAtAWAoAPARAMADAABVBVBRBPBZBaBVA+BAA4AzAiAdArAXATAHABAA
4308201,BdBtBVBDBjByBqBUA+AvAyAkAlARAIAGAEABABBUBKBPBQBSBnBhBOBDA3AnArAdAZASAKAGADAA
4308300,B0CACEB8BlBTBBBDA7AnAjAiAdANAMAHADACAABqB8B8BlBPBEBFA/ArAoAeAdAcAWAOAKACABAA
4308409,BbBmBjBfBbBUBJBGBFAyAoAtApAdAVANAKAEAABSBmBXBYBSBJBMA/A6A2AnAsAhAbARAcAPADAD
4308458,BkBkBpBhBXBoBhBNA1AyAiAnAXAZAIAUAAADAABrBkBYBdBmBrBVBIA4AqAaAhAaAPAOAHADACAA
4308508,BwB0BoBeBgBXBTBLA+AnAtAUAVASAMAHADABAABmBuBqBcBSBeBTBJA9AxAtAZAZAUANALAKADAA
4308607,BcBcBVBYBVBiBfBSA/A5AwAkAfAXAOAIADABAABPBaBXBNBcBdBbBLBEAuAsArAkAeAYAPAHACAB
4308706,BSBiBgBjBXBNBQBHA8AsA3AwAjAcARAHAHACABBYBTBdBTBQBlBGBGA9A8AyApArAfAaAOAIABAB
4308805,BbBpBjBUBYBNBVBGBEAxAzApAtAcASAKALACACBeBkBVBRBNBNBEA9A+A1AzAkAoAaAaAUALAIAB
4308904,BkBuBrBXBbBTBSBCA+AuAoAiAmAVARAJAAACABBdBkBiBTBSBhBNBFA7BBAwAkAlASAXANAEAEAA
4309001,BlBxBuBkBVBLBOBHA6AvAoAfAZATAMAHANACAABjBvBtBeBTBUBOBEA/AuApAjAgAeASAMAGACAC
4309050,BaBhBvBeBUBSBOBHBDA8A3AzAtAjAUASAGACAABSBfBTBKBNBIBJA1A8A2AmA4AfAeAhAPAJAAAB
4309100,BgBlBhBlBcBfBYBEA9AzAwAYAcARAVAFACAAABBYBiBaBSBfBhBYBUBAAuAnAlAeAeAPALAFAEAD
4309209,BrB2B0BVBVBSBXBUBFAuAkAaATAPAJAFACABAABpBxBqBbBOBaBeBWBCAwAkAeAXAPAOAHAFABAB
4309258,BNBjB4BFBGA4BOCAA5BCAhArAiAVAZAeAGAIAABbBbBqAiA2BZBzBDBNA7ApAuAjAZAZAQALAAAA
4309308,BuBzBlBZBQBaBZBOBCAzAkAbAWANALADACABABBrBwBpBVBUBiBdBSBBAqAiAeAbAUAPAIADADAB
4309407,BfBiBlBJBWBeBWBHBCA3AjAgAiAcAMANAIACABBaBZBdBeBRBaBTBOA/AnA1AoAiAWAVAXAKAEAB
4309506,BlBvBnBnBYBUBQBGA9AwAlAmAgAWAKANAEAAAABZBnBeBkBQBSBRBAA5AxAlAtAeAfAaAKAJAGAC
4309555,BXBLBSBeBZBvBYBZA+AqApA/AVAjAeAQAJAAAABcBlBKBHBeBjBPA5A5AyA1AYAbAlAeAKAFACAC
4309605,BgBtBrBjBOBUBSBNBDArAkAjAdAVAPAEACACAABdBmBoBSBRBcBVBSBCA5ArAlAbAUAXAQACABAA
4309704,BfBlBmBqBRBbBUBbA5AtAcAkAZAfAOAKACAAACBlBeBdBfBfBWBNA4BLAxAqArAeAcAPAKAGACAA
4309753,BxBzBdBkBjBdBSBKBKApAeApAYAQAQAHAHACAABmBtB7BgBGBLBHBJArA0AhAlAZAeAPALAIAAAA
4309803,BlBhBZBFBXBlBTBSBGAzApAnAdAYANALAMABAABdBYBeBTBeBhBSBMBBA4AqAjAZAlASANADAAAA
4309902,BrBrBjBsBiBjBPBNBCA2AnAbAaAUALAGADAAAFBeBmBcBdBgBUBQBNBBApArATAbAVAVAKAEAAAB
4309951,BXB6B6BoBcBVBCBCA2AyAmAqAkAWANAMAIABAAB7B/BwBYBBBMA8A7A3AtAvAlAhAPAQASADAAAA
4310009,BbBgBhBXBfBXBMBMA5AxAvAmAmAUAQAMAEADAABZBjBYBTBRBaBSBMBHA8AoAvAgAcAYAKAIADAA
4310108,BtBmByBbBpBnBWBJA7ApAiAaAgAOAKABAFAAACBrBlBSBbBnBkBSBEBCAyAlAkAVASANAJAIAAAB
4310207,BkBsBnBbBRBTBPBJA8AuAoAhAVAWAQAKADABAABfBmBnBaBYBcBUBOBDAvAtAjAhAfATAKAGACAC
4310306,BnBxBxBTBDBdBPBMBGAuAoAjAUAUAbAHAAAHAABoBoBgBeBQA9BTBGBBA2ArAfAlAdAQAMAOACAF
4310330,BzBrBqBgBPBXBNBQA2A0AYArAqAeAIADABAAAABrB2B0BbBMBZBdBLA8ArAnAjAWASAJACAFABAA
4310363,BBBeBxA6BbBTA5A+BOBEBHAjAxAiAUAdADAHAAAtBmAzBhBQA2AzBKBIBGA2A6BFAdAfAbANADAD
4310405,BiBoBmBXBSBRBSBIBBAyAoAmAjAdALAPACAAABBjBnBhBgBKBXBOBMA+AzAgAvAmATASAPAJACAA
4310439,BHBcBjBPBVBWBVBIBHBDA9ApAfAmAWAPACAAABBNBjBbBGBKBMBIBFBIA5AwArAoAjASAbAJAHAA
4310462,BbBdBABsBeBgBeBDBFBAA8AgAYAKAiAYAAAAAABUBXBcBQBgBZBPBBA+A7AxAbAbAgAoAAAAAEAF
4310504,BsCCB5BnBbBGBIBBA5A1AuAaAaARAWAGAFAAABBeBsBwBfBWBKBHBHA9AuApAjAfAYAOAHAHACAC
4310553,BjB2BrBWBRBEBWBYAuA5AyAqBAASAOAKACAAAABlBlBfBbBHBWBGAyBGAvAvAfAVASAbAXAEANAA
4310603,BvB6BwBiBWBbBUBHA8AtAnAbAYAPANAHAEADAABuB0BpBdBZBaBUBGA2AqAiAbAZASAMAGAHAFAD
4310702,B7B/B9BrBcBXBTA1A7AuAiAcAaAWARAGACAAAAB1B6BuBiBIBQBBBFAzAnAeAkAXAUAOAJAGABAA
4310751,BOBxBhBcBYBRBtA/AyA1AkAmArA3AbAMAAAGAABTBgB/A7AlBYA6A1BGAkAkAlA4ArAqAPARAEAA
4310801,BvBwBbBcBoBwBfBTAwAwAgAdAZAQANAJACACAABnBjBXBbBeBjBWBHA7AsAgAcAaATANALAJACAC
4310850,BtB7CGBrBXBTA+BHA6AlAjAcAaATALAOAFAHAABiCKCABlBSBCBKA+AzArAhAhAUAbANAGAJABAA
4310900,BjBsBaBfBXBXBWBJBIA+AnArAnAYAQALADABAABfBUBZBPBZBTBRBGBEAvAtAnAcAXAcAKAFADAA
4311007,BbBoBfBYBYBRBMBCBBA5AwAoAmAWANAJAIABACBdBjBZBTBOBVBMBJBBA3A1AiApAaAPATANAGAE
4311106,BZBlBfBaBPBSBRBABAA0AzAoApAeAVAMAEAFABBYBaBgBTBJBQBJA/A4A5AyAxAoAiAeAWAJAEAC
4311122,BtByBrBhBKBOBKBDA5AwAlAtA4AWAbAKAAAAADBtBwB0BkBUBLBDA+A2AmAhAiAjASASAHADAFAH
4311155,BsBxBwBiBYBaBVBPA+A2AgArAeAWAKANAIACABBhBdBkBgBSBbBIBIAwA0ArAaAhAUALAGAFABAA
4311205,BpBtBrBaBaBSBNBIA+ArApAjAjASAKAQAGABACBvBrBlBTBPBUBPBFA9AuAoAlAhAZAUAOAFAGAA
4311254,BuB9CGBqBiBPBEA4A3AvAqAfAaAlAOAIAIACAABjBrB0BqBZBEBCA1AzAmAoAnAhASAPAGAGAHAA
4311304,BfBkBpBcBcBUBDBBA6AyAtAgAfAWARAOAHADAABiBoBlBeBSBZBNBJBBAwAvAnAiAbAWAPAFADAC
4311403,BjBqBfBNBUBfBWBNA+AzAuAeAbAWATAIACABABBbBlBeBXBYBbBbBLBBAuApApAhAbASAMAHADAB
4311502,BbBcBbBVBSBbBPBBBAA/A3AkAqAaARAMALACABBcBoBcBQBaBNBOA/A2ApA5AqAoAfANAXANAEAD
4311601,B1CDB9BtBWBOBRBHA3AmAlAbAjASALABAAABAAB3CDB5BOBQBVBFBEBAAhAXAjAZATAPAJADAAAA
4311700,BtB1ByBkBeBSBGBIA+AsAYAqAZAcASAHACABABBnBwBtBiBEBXBKBEA/ArAoAtAgARAMALAGAAAA
4311809,BiBiBqBfBaBdBYBHBFAyAmAXAfAWAPAHAFABAABcBlBUBTBgBjBVBRBBAlAxAZAlAZAYAIAFAEAA
4311908,BkBpBxBaBNBYBOA/A/AuArApAlAfASAEAKACACBlBgBiBVBQBLBDBEA6A0AmAxAqAVAiAMAHADAC
4312005,BnBtBwBPBzBeBPBZBBA5AdAXAWATAYAAAAAAAEBXBrBjBtBCBbBWBLA5AoAXA9ALAlARAHACAAAD
4312104,BZBqBpBdBRBUBGA/AvA3A/AeAtAfARAPALAAAABdBoBpBZBMA8BAA7BNAsAqAsAqAnAcAQANADAA
4312203,B0BwBmBhBcBmBDBLAzA2AgAfAWATAMAFAGACAAB6BZB0BXBmBJBNBHA8AwAnAnAXAYAKAKAJAEAA
4312302,BoByB9BgBOBMBJBDBBAwAoAdAnATAXAFADAAAABsB1B1BfBCBIBTBJAoAyArAlAjATAgACADAAAC
4312351,BeBtBdBUBhBwBfBSA7A+AfA6AWAHAXAAAIAAAABNBOBQBwBjAtBJBHBqAxAmA1AaAKAhABAIAAAE
4312401,BlBvBkBQBUBVBZBMA9AxAtAhAYAWAOALAEADAABgBlBbBRBZBdBVBNA7AwAoAoApAXASAPAHAEAB
4312450,BQBcBSBZBQBHBOBJBNA6A1AtAwAkAWAZAHAAAABMBYBZBLBGBBBCA7BKA7A4A1ApAtAYAcAOABAC
4312500,BoBmBiBSBZBSBhBUBHA0AwAiAfAYAMAKAIAFACBmBrBSBSBNBdBGBNA1ApAwAdAnAUANATAIADAB
4312609,BIBTBTBXBSBbBHBIBIA8A9AvAtAcAQAJAQABACBGBNBZBRBQBLBHBDBOA+BBAoAsAiAdAUALAKAA
4312658,BcBsBeBcBWBWBOBIBCAxApAhAdAXALALAHABAABcBjBeBXBVBZBVBSA/A0ArAmAgAZAZAMAKADAD
4312708,B6CAB9BlBVBRBFBAA0AtAbAhAXAaAPAJAEADABB2B8ByBhBZBTBDA6AxAuAcAsATAZANAGAEADAB
4312757,BvBuBlBfBqBpBMBHA6BIAiAoAbAQARAGAAACAABWBtBdBiBfBNBABLA5A9AUAtAaAMAEAUAFADAD
4312807,BVBdBNBcBQBtBgBPBJAhAsAtAlAWAQAFADADAABVBLBdBzBJBWBWBgBKA0AfAnAvARARAMAKAAAA
4312906,BnBYBaBWBUBgBeBVBHA0A7AWAvAcANABAAACABBOBXBVBLBMBXBZBLBIA6AvAsAiAaAgAKADAAAA
4313003,BcBdBmBCBCBNBNBFBQBHA7ArA7ApAVAGAAABACBHBZBfBUBFA3BCBMBGBCA2A1AqAmAfAFAIAAAC
4313037,BtBkBlBgBfBjBaBIA+A2AnA1AaAVALANAAAAAABdBjBeBbBUBaBPA8A3AqAtAjAlAPAVAMABABAE
4313060,BxBsBpBzB3BrBWBBA1AnAlAcAUAMAKAHABABAABqBrBkBsBoBoBKA9A0AqAlAZAVAMAMAHACACAA
4313102,BqBxBpBWBUBbBOBKBAA0AsAgAeAUAUAQAFACACBmB6BUBcBSBRA/A/A1AuAlAnAmAfAMAZAEAAAB
4313201,BSBXBaBTBkBXBWBHBKAuA+AeAqAaAcAJADADAABSBUBOBaBUBSBOBCBCA1A2AmAsAbAjARAGAFAC
4313300,BfBcBQBUBXBeBYBfA4AyAtAhAVAcAOALAEACAABcBiBeBRBVBlBWBBBIA3A0AgAnAbAPATAFAAAC
4313359,BZBXBbA4BrB6BjBGBMApBFApAxAVARASAIAAAAA1BYA5AvBXBZBKBQArAnA+BEAwAmAbAeAEAAAE
4313409,BuBpBiBaBiBpBZBJA8AsAhAdAVAOAJAFACABAABnBlBgBWBkBrBaBLA8AxAmAiAbATANAGAFACAB
4313508,BmBwBnBeBYBXBMBHBAAxApAgAfAUARALACACAABgBpBjBYBZBaBQBHA8A1AnAhAfAYAWANADACAA
4313607,B7BjBqBfBRBfBTBLBCAvAhAnAcAVAMAEAHAAACBPBqBlBcBgBOBQBFBAA8AjAtAVAOASAIAJAGAB
4313656,BrBzBeBmBhBhBWBHA5AyAqAiAdAYAOAIAEACABBkBnBhBGBgBZBTBLA0AyAiAgAhANASAIAHAFAB
4313706,ByB4ByBjBTBSBHBGA4AmAnAfAZATALAJAJABAABxB0BrBhBcBYBPBBA6AqAkAiAaAWANALAFABAB
4313805,B1CAB5BwBHBTBOBLA5AxAoAbAWAaAJAFACAAAABvB1B5BiBQBJBJBFA1AkAqAaAWAVAVAEADACAF
4313904,BnBrBsBdBaBXBPBLA/AqAiAhAWAWAQAEAEACAABmBlBsBeBVBbBTBQA8ArAqAZAdAfAVANAEACAA
4313953,BjBxBjBpBTBXBMBFBAAwAxAoAjAZAKAIAHABABBhBrBmBXBWBVBLBFA/AxAnApAVASANAOAGAFAB
4314001,BeBlBQBfBeBuBnBbA/AsAjAhAmATAGAMACACAABoBeBZAyBRBkBaBMBGAyAUAyAlAYAMATAEADAE
4314027,BLBoBXBXBQBaBQBHA+A+ApA6AkAnAUASAJAFAABSBYBaBGBKBFBMBAA+A5A0AxAiAyAhASAFAAAD
4314050,B8BxBpBoBtBwBhBFAvAnAbAbAXAKAIACACABAAB0BuBkBmBtBuBYA9A0AiAeAVAUALAJACAFABAA
4314100,BpBvBrBUBTBWBPBEA4AtAhAfAZARAMAGAFABAABoBtBpBcBdBiBZBQA9AvApAjAeAWATAKAEADAB
4314159,BTBfBgBiBeBWBOBKA9A2A4AqArAeAeAMAJAAAABLBPBhBXBIBPBHA4A6A5ApA4AtAaAhALAKADAF
4314209,BUBZBZBeBRBXBBBDBEA+A7ArApAcASAOAIAAABBSBaBaBTBQBFBWBBA/BGA0AqAkApATAVAHAGAA
4314308,BlB0B3BUBZBhBXBEBSA9A9AXAMASAMAHANADABBfBuBNBmBUBHBQBBBAAuA4AUAXAIAXARAHAAAA
4314407,BaBlBhBUBPBRBPBGA/AvAqAkAfAWAQALAEACAABZBiBdBVBXBZBVBPBEA6AyApAqAeAaAOAHAEAC
4314456,B5B0ByBtBcBmBSBFA1AZAkAgAsAPAMAQADAAAABzB/BnBOBYBYBIA1AxAyAqAdAcALASACAAAEAA
4314506,BfBhBbBSBTBbBXBOBEAzA/AlAmAbASALAEABABBTBiBVBQBJBWBaBBA6A8ApAuAlATAVAWAGAHAB
4314555,CBBwB4BvBUBLBLA+A4AsA0AbALAgARAOADAGAABeByB/BaBNBPBAAyAsA2AfAlAiAaAVANAHABAI
4314605,BXBWBhBZBVBSBSA+BHA1A4A2ApAoAZAQAJADABA/BSBPBVBPBJA6BFBDA5A3AxArAgAYARARAKAE
4314704,B3B6B0BhBbBbBJBCA3AoAnAiAbAVAKAFAEABACBzB2B7BkBUBOBPBCAvAvAaAjAYAWAHAJACAEAB
4314753,BPBaBPCEBdA7BkBIBWArBCAZAmA+AaANAAAAAABUBhBaBGA6A9BDBMA9A3AdBFA6AsAAAJAAAFAD
4314803,BqBxBoBYBkBeBZBNA+AsAlAgAXAUANAFADABAABlBtBmBVBUBhBXBNA5AxAcAkAZASAJAJALACAA
4314902,BYBeBcBRBPBVBTBJA9AvAoAiAdAUANAIAEABAABTBbBbBTBVBhBfBWBJA7AxAuAqAeAWAQAJAFAC
4315008,BXBnBqBkBTBOBIBKBEA2AtAtAgAaASAJAHAEAABRBjBlBbBLBOBLBDBBA2AuArAmAcAVAQAIAAAB
4315107,BsBzB7BoBFBQBNBEA3AxAjApAfASAMAKALACACBkBzByBmBNBJBMBDA9AlAjAkAfAYARAMAJAFAA
4315131,BxCBB3BlBHA1A0A9BnA5AsAIAoAeAPARAEAEAABoBvCNA7BMAjBABEBUA6ArAWAgANAvAKAKAAAA
4315156,BwBdBpBzBmBnBEBKA2AmAwApAaAbALALAHABAABoBqBlBUBXBHBFA6A6A4AhAtAeAXAPAJAGAGAC
4315172,BKBqBzBjBdBzA2BaA7A8AmA5AYAbAJAWAGACAABiBHBsBVBQBTA/BSAzA5ApAKAxASARAjAAAAAA
4315206,BaB0B0BOBDBNBNBPBLA+AhAiAmAZAiAGAAAAAABVBlBpBMA/BDBNBFBHAwA8AgAoAgAqAKAIAFAA
4315305,BlBoBpBTBXBXBHA8A3AzAyAnAfAWANAVAIABAABlBfBYBdBVBaBKA/A8A2A2AjAsAUAVATAHAGAC
4315354,BbBlBaBEBeBQBQBUA7A5AxAkAwAoAUAEAFACAABTBMBcBhBEBFBDBVBIAvA5AhApA6AQAOAIAGAC
4315404,CIB9CDBtBKBGBABDAsAiAaAYAgAVAXAMADABACCLCMBuBgBVBOBAA6AxAeAgAiAVAaAVAEAJACAC
4315453,BNBjB7A8A7BHBPBQBbAqAuA2AiAwARALAJAAAEA8BfBHBfAxBIBZBPBNAdBGA2AmAsAlAcAKAAAA
4315503,BgBhBaBSBRBbBUBKA9AuAqAwAiAnAKAMAHAEADBeBgBYBOBQBVBMBGA1A0AyApAmAaAfAUAQACAC
4315602,BeBoBiBUBMBTBRBOBDAxAqAgAfAVAPALAEACAABbBlBiBRBPBaBUBSBCA2ApArAoAbAUANAJAEAC
4315701,BgBjBgBWBPBXBUBFA6AvAuArAfAaARANAIABAABcBlBcBVBVBVBKBFA+A0A1AnAsAbAaARAGACAC
4315750,BpBkBzBeBeBWBDBPBIAtBMAfAMAeAWAKAIAAABBTBsBhBjBFBsBBA8AzAvAbAWAiAbAWARAOADAA
4315800,BOBgBbBQBKBPBOBPA9A3A1ApA0AmAYAMAMAEAABJBPBOBSBGBQBNBKBBAvA+AvA0AlAfAQAPAGAD
4315909,BuByB0BkBcBbBLBJA2AwAuAbAaAVAJAFAFAFAABpB4B2BYBSBWBHBCA5AtAjAmAXAVAJANAGABAB
4316006,BhBlBcBdBnBoBKA/A7AzAsAoAhAbAUAHAHAEABBiBXBeBTBjBXBDA4A5A8AsArAgAZAZANAGADAC
4316105,BoBwBtBoBeBKBIBGA6A0AsAcAgAVAJAKAEADAABmBkBsBlBgBWBJBHBAAtAtAdAeAUALAMAEABAA
4316204,BWBeBcBzBkBbBPA9A9A8AsApAgAQAUAHAHABABBTBbBoBqBbBTBFBFA9AsA1ApAkAXAQAMAGADAC
4316303,BjB0BtBwBgBRBJBCBAAsAnAkAWAeAKAKAGABAABnBwBwBiBHBMBGBHA5A2AkArAdANAQAPAHACAA
4316402,BiBqBlBaBWBQBIA+A9AtAqAuAjAZAOALAJABAABfBkBjBbBUBWBMBFA8A6AuArAkATAVAPAHAJAC
4316436,BQBkBgBfBTBWBTBJBOA3AuAbAZASAeAPAJAAAABcBcBkBWBaBbBMBNA8AtAzAoAcAgATAPAFAAAE
4316451,BvByBrBtBaBUBNBGA6AnAmAhAUAeAIAJADADAABtB4BwBdBWBXBIA/A6AvAiAmAeARARAGAGABAA
4316501,BbBcBeBeBrBuBYBHBGApAnAoAhAbARAMADAFAABXBaBTBdBfBYBLA8AwA3AsAhAnAcAUAPAKABAB
4316600,BlBkBbBfBZBSBWBQBHAwAoAhAbATARAJAGAAABBbBiBeBIBVBmBUBTBDA7ApAlAYAhAWALAAACAA
4316709,BvB5BvBNBaBXBXBJA5ArAlAgAjAWAGADADAAAABlByBoBYBlBmBWBFA7AtAhAiAfAQALAGACABAA
4316808,BfBlBiBaBYBdBUBIA+AtAtAeAdAXAOAIAEACAABcBlBbBUBXBaBUBLBAA3AoAqAgAbAZAOAJADAB
4316907,BfBlBiBWBXBbBPBDA5AvAmAlAZAVAPAJAEACABBbBkBfBVBZBgBaBMBCA3AtArAlAbAVAOAHAEAC
4316956,BRBnBvBnBvB0BcBIBAAwAoAhAjATAOAIAIAAAABPBbBnBfBXBPBKA+A6AqAeAlAlAVAgAKAGACAB
4317004,BOBfBUBlBjBTA9BAA5A3A7AtA3AbAaAMAIABABBTBRBMBmBaBIBFBBBBA8A2AlArAgAfARAIACAA
4317103,BiBrBiBWBRBSBMA/A6AzAwAlAfAWAOANAHACABBfBjBfBbBTBXBSBGA/A2AyAnAgAfAXATAHAEAB
4317202,BqBtBrBiBXBZBNBFA7AtAkAcAYASANAGACADABBnBnBnBiBfBiBUBKA8AwApAeAhAQAUAHAHADAB
4317301,BlBoBkBIBYBeBOBTA9A6AyAgAmAbAMAHAEABACBmBwBfBdBHBYBTA/BCArApAkAZAYAVAQAGACAC
4317400,BhBvBmBeBTBQBJBBA6AwAvAhAkAUAOANAFACABBgBmBkBXBYBYBPBGA+A7AsApAfAbASANAGAGAB
4317509,BlBsBpBdBWBTBLBCA6AwAlAgAaAVAPAHAGACAABiBlBnBiBaBdBSBOA9AsAnAoAiAZAWAMAFADAB
4317608,BVBlBiBdBdBbBNBFA9A5A1AoArAdAUANAHADAABbBfBdBVBVBTBEA/A6A1AoAzAkAbATAJAIACAC
4317707,BzBzBwBjBUBNBGBGA/A0AsAhAdAZAQANAEACABBrBrBhBhBNBSBHBGA6AvAoAkAWAcASAHAHADAB
4317806,BsBzB0BmBYBYBMBIA7AuAkAZAVAOANANACACAABlB1BzBoBXBQBLBGA5AuAqAfAeAOANALAHACAA
4317905,BpBsBlBeBeBfBhBKA8AlApAjAbAVATAHAEAAAABkBhBdBWBVBbBHBIA5A4AtAgAgAZAXAKADADAA
4318002,BvBzBtBiBRBPBNBFA4AuAsAcAfAQANAJADACABBpBqBuBkBXBXBRBBA5AxAoAfAbAVARARAHADAB
4318051,BaBcBQBIBCB0BWBmBTAuAyAbApAeAIARAEAAAABcBkBwAqBXA8BTBLA1A/AxAkA0AkAXASABAEAD
4318101,BiBoBfBTBTBPBRBGA/A0AvAmAgAfAPAPAFAAACBiBqBgBUBRBXBMBHA8A0AhAtAeAlAPAOANAGAD
4318200,BoCFBqBdBQBTBPBBA3AvApAqAbAdAMAMAIAAABBkBVBlBcBUBQBNA+A4AzAsAiAdAjATAOALAGAD
4318309,BeBpBnBZBRBSBMBBA9A0AxAlAhAYAOAHACAEACBdBiBmBbBWBVBPBHBBA3AtAqAjAWATAPALAGAC
4318408,BlBrBrBkBZBOBYBDA+AyAqAkAfAaAMALAGABABBfBrBoBcBWBYA/BHA3AwAmArAnAVAUAIADADAA
4318424,BdBmBjBjBXBgBTBSBKA8AvAWAhAWAMANAAAAAABcBjBdBZBOBTBQBKBAA5AkAmAXAaAVATADABAA
4318440,BNBcBdBFByBWBgBQBABCAyAiAUAXAPAPAIAFAABjBqBqBbBGBKBDBLAyBAA1AWAbAhAiASAGAAAA
4318465,B5BpCEBsBiBGBCA4AqBGApAoAUAXAVAIAJAAAABZCYCCBsAhBRA3BCBEAxAdAdAXAeAQAKAAAAAA
4318481,BZBJBXBuBFBjBaBPBFBCAkA9AcAjATAPACADAABZBpBFAwBWBNBRA+BBA8AzArAoAeAaAPAUAAAA
4318507,BkBoBaBZBfBrBZBPBFAzAqAtAaAbAOAFADABAABdBiBaBNBTBXBRBFA6A4AmAsAfAbAQAGAFAGAB
4318606,BoBnBoBdBYBYBQBLBFAtAzAfATAdAUAHAFADAABQBcBeBjBdBbBPBGA9A6AvAjAbAZATAKACABAB
4318705,BvBwBkBWBeBkBbBOA8ArAmAXATAPAJAFACABAABqBqBjBWBbBpBdBNA+AwAjAfAbATANAKAEACAB
4318804,BdBiBjBZBTBTBQBFA4A8AqAxAlAgATAPADAEAABTBhBfBPBTBQBIBGA6A1A0AkApAgAZASAJAGAB
4318903,BwB3BlBdBOBIBNBEA9AtAnAdAaARARAJAKABAABoB2ByBhBQBZBRBJA3AqAuAcAdAcASANAIADAB
4319000,BmBjBZBVBiBmBhA+BEAxAsAiAdAVAIAFADABAABfBfBcBNBnBoBdBLA9AyAsAiAbAUAOALADAFAA
4319109,BbBzB0BhBTBRBaBGA+AzAoAcAVASAcAKADAAAABUB0BrBYBSBYBVBIA5AzAtAYAYAjASALAJABAA
4319158,BuB4B3BrBSBNBdBKA8AwArAeAmALATAIAFACABBbBwBtBfBXBXBGBIA0AiAcAhAcAWARAJAFABAB
4319208,BsCHB2BsBOBHBIA+A2AsAmAgAlAWAWAGAEADAABnB4BxBlBMBKA9BBA2AyAjAoAaAWAQAUALAAAB
4319307,BlB2ByBmBZBWBUBIBFAnAlAfAcAYAPAGAGACABBiBpBkBhBJBKBQBMAvAuApAlAiAjAIALAIAEAC
4319406,BRBkBeBgBYBQBCBEA9A3AvArAoAeAQARAIADABBZBhBkBdBLBMBFBGA+AxAoA3AmAgAhAMAJAFAD
4319505,BfBiBbBWBXBiBbBLA7AtAxAgAjAVARAKADACAABaBcBXBGBaBgBYBIBIAvA1AkAnAWATAUAJADAD
4319604,BfBeBiBbBOBXBQBJBHAtA4AjAdAgASAMAHACABBdBfBdBRBVBcBPBJAzA6ApAsAjAeAVANAIADAA
4319703,BsB0BvBfBaBXBHA/A+AyAsAiAgAYAVAGAGABAABpB1BeBTBLBOBGA/A9A0AvAiAhAaAaAJAEACAB
4319752,BMBQBDBsBSCXBRA9A1A5A7AgAxAiAVAAAJAAAABVBiB5BUBcBYArA7BFAcBHAZAoAWAtAJAAAAAA
4319802,BkBxBpBYBRBUBUBLA/AoApAnAaAbAVAHAOABABBmBnBdBVBSBUBNBDA4AmAhA0AfAoARARADAFAD
4319901,ByBrBlBpB2BxBaBEAwAnAjAYAVANAIAHACAAAABsBoBgBiBrBtBTA9AzAsAkAaAYAOAJAHAEADAB
4320008,BsBuBrBdBbBeBYBNBCA0AmAaASANAHAGACAAAABqBpBpBZBcBeBaBQBBAwAhAgAYATAMAHADACAB
4320107,BiBwBpBbBQBaBRBKA9AuArAcAVAZANALAHACAABnBlBiBcBZBeBPBKA/AsAtAbAeAeAQAMAOACAA
4320206,BlB6B5BvBOBLBOBHA6AvAkAjAcAdAGAJACADAGBeBsBzBkBOBTBJBAA/AxAtAgAgALAPAKADAIAD
4320230,BfB5CDBqBQBbBNBPAzAmAiAiAbAcAHARAIACAABhBlB2BVBIBSBUBEA6AnAnAeAeAdAXAGADAIAD
4320263,BmB1BzBmBhBXBJBDBKArAmApAWASALALACABAABpBzBxBhBNBQBHA6AsAyAiApAeAXATAHAPAAAA
4320305,BkBjBRBSBfBtBeBEA3AuAvAcAqAVALAKAAAEACBcBtBOBABgBnBZBCA0AsA6AdAfAiAVAKAPAGAI
4320404,BYBcBVBXBdBiBdBKBCAzAgAuAhAVATAGACAAAABZBfBYBQBcBjBTBMBBA/AqAmAiAYAPARAIADAC
4320503,BcBtBwBgBJBSBJBFBFA5AgArAoAVASAIAEADACBfBsBiBXBaBYBSBJA9ArApAoApAVANALAFAEAA
4320602,BYB1BlBeBmBKBiBIA4AzApAqAqAJAJALAMAAAABlBzBeBfBvA5BHBHBPAfAVAvAjAWAOAKAJAAAA
4320651,BCBfBQBKBNBHBQBHBbAzA4A4AdBBAUAUAHAAAABSBMBSBLA9BiAvA5BRBGAxAuArAsAZAlANACAF
4320701,BqBsBpBmBgBYBHBJA9A1AjAnAQAUAKAKAHABABBjBtBmBfBUBSBOBFA8AxAsAlAhAVAWAJAEACAC
4320800,BrBxBsBfBVBRBFBCA7A0AiAeAaAXAPAJAHADABBnBtBwBcBbBUBWBEA4ArAyAdAfAbATAFAHADAC
4320909,BpBjBbBbBdBgBXBDA8AuAvAcAbATANAEAEAFABBpBqBZBRBkBlBPBJA+AxAoAhAoAQALAQAJAEAD
4321006,BkBsBeBMBVBgBIBDBAAyAoAoAfAUAOAJAEABABBkBjBkBYBeBeBRBMA/AqAsAqAhAZAbAMAFADAA
4321105,BpBtBjBaBTBUBOBDA8AxAxAhAlAXAaAKAFAAABBaBiBkBbBWBSBMA7A4AyAtApAjAmAUAQAAABAF
4321204,BeBlBqBWBZBdBSBBA9AuAwAeAiAVAOAKADADAABdBnBlBcBaBhBOBFA8AyApAkAjAXAPANALAFAB
4321303,BaBlBmBSBYBTBSBJBGAyApAkAiATAXALAEAAABBVBjBjBWBYBZBSBFA6AzAlAtAoAZAaALAOADAA
4321329,B1BxCBBdBVBUBjBGBBAuAdAiAQAYAKANAFAAAABOB4ByBuBGBPA8BHAzA1AsAmAVAYAHAUACAIAA
4321352,BfBWBJA/BPBfBiBZBHA8BQAmAoAcAXAIAKAAAABVBQBHBLBYBbBJBLBBA5A6AwAeAaAMAWABAIAB
4321402,BxBzB5BtBQBRBMA6A2A0AcAeAeARAQAPABACABByB8BxBdBMBPBJBFA2AwAgAjAaAbASAOAFADAC
4321436,BoBqBoBjBlBPBRBEA4AoAsAlAoAaAVAOAEABAABjBrBZBXBHBcBIBDA1AqAtAkAkAeAXAJAJAHAE
4321451,BcBiBXBUBTBWBaBMBGA1A0AgAkAVAYAOAGADAABUBZBUBKBWBYBSBLA/A3AvAmAnAaAdAUAJAEAC
4321501,BqBvBtBYBcBbBSBGA/AtArAfAZAaANALAEAAAABlBrBoBYBYBcBRBFA6A4AqAcAZAZAJAHAFADAA
4321600,BuB7BuBdBSBPBLBMA5A4AoAdAfATAOAEAAAAABBxB1BoBSBYBfBhBMA3AlAjAkAbASALAHAFAAAB
4321634,BNBTBcBfBsBeBFBaAtApBIA2AhAiAWAAAGADAABGA+BXBjBMBZBWA1BRArA1BBAuAbAcAMACADAA
4321667,BxBrBuBYBYBiBfBKBEAvAmAaAbATAQAIADAAAABtBrBeBXBVBlBXBDA0AnAiAfAkANAMAMADAHAA
4321709,BoBoBmBlBmBiBQBFA7AxAqAdAcAUANAIAFACAABeBlBlBdBiBWBSBFA4AuAkAeAcAYAUALAIACAB
4321808,BgBtBnBVBSBTBNBOA9AyApAdAgAXALAIAEAEABBiBjBfBeBXBZBSBDA/A1AuAqApATAVARAFADAC
4321857,B5CIB7BjBWBQBFA9A8AtAoAYAbAXAJAUAAAAAABxB0B1BTBLBBBDBKA3AuArAhAYAXANAXAGAAAA
4321907,BlBrBtBhBMBRBQBIA/AzAqAlAiAYAOAIAGAAAABeBrBpBUBNBTBPBLA/A0AlArAiAbAMANAEAFAA
4321956,BgCKB7B5BVBLBEA8A6AnAcAcAXAZAKAIAIAAAABnCRBxB3BMBFBCBKA/AeAgAgAdARATAHAIAFAB
4322004,BvBpBnBYBYBZBTBEA+AxAuAoAkATAZAJAIAAABBkBsBdBUBRBTBKBCA2AnA0AeAhAhASAJAFAIAB
4322103,BaBnBjBgBVBaBQBJBAA0AqAoAnAYAMAIAEACAABaBaBmBXBRBVBUBIA9A4AyAnAjAWAUAMAGAFAB
4322152,CFCJCHBfBZBPBEBGA5AgAmAlAaAOAVAJACADAABvB9B8B0BFBDBBAsAqApAzAUAUAYAWAKAGAAAA
4322202,BmBxBoBcBQBOBOBGA6AqAqAmAcAYARARAHACABBgBvBjBUBOBWBQBEA9AuAsAoAqAbAWAMAGADAC
4322251,BYBcBABVB8BZBEBIBAArAtA3A2APAVATAKAAAABDBZBtBSA5BSA3A3A/BPA5AkAxAaAwANAMAJAE
4322301,BbBhBiBUBbBaBQBIBAA0AqApAiAZAbAIAEABAABWBjBfBdBGBUBTBCA/A2ArAsAnAcAcANAFAEAC
4322400,ByBzBrBhBaBYBQBBA8AtAkAeAYATALAGADACABBtBzBtBdBZBcBRBGA1AuAjAgAbAUAMALAGAEAC
4322509,BgBqBnBcBUBXBLBCA7AzAuAfAcAaARAHAFACAABhBkBiBfBcBZBUBKA/A0AtAmAgAYARAJAFADAC
4322558,BDBvBBBxCOBGBfBNBHAtBDAaATAXAaAOAFAIAABRB0A9BcBiBfBFBGA1A4AaAhATAkASAPARACAA
4322608,BaBgBfBbBZBdBVBLBAA0AoApAgAWANAMAGACABBaBbBZBZBYBaBRBJA/AyAuAqAkAZASATAIACAC
4322707,BcBmBdBSBZBdBLBEBIA1AwAgAkAUAXAGAEADAABZBbBbBaBZBYBOBJA9A1AsAqAlAiARAQAMABAB
4322806,BRBQBVBVBSBlBaBLAzA2ApAzAlAYASAEALACAABUBqBaBMBUBaBUBFBABGAsAoAlAiAYASALADAC
4322905,BgBkBkBkBhBZBOBAA/AyAlArAeAVAaAHADADAABfBlBhBhBTBWBGBGA2AwAzAjAjAjARARABABAC
4323002,BvB0BvBZBWBVBRBJA9AuAnAdAaATAIAGADABABBrBvBpBfBWBYBTBLA9AyAkAlAeASANAHAFABAB
4323101,B4B6CHBqBVBXBAA1AzA2AhAiAWASAWAMAHABABB1CAB7BoBNBCBHA4A2AoAgAfAVAUASAKABAGAA
4323200,BLBWBiBeBSBbBYBKA4A7AqAyAjAsANAGACAAAABjBdBjBIBbBVBLBFBBBEAqAwAiARAhADAAAKAB
4323309,BwBBAoBZBcBrCKA1AoA3BDAvAjAhAPARAEAAAABrA/BLBoBMBnBBA9A8BBA5ArApAXANASALAEAA
4323408,BfBjBIBYBoBoBVBaBFA4AZAhAfARAjAOAEAAAABUBXBdBGBWBdBVBFBIBBAYAkAzAaAXAJAIAAAA
4323507,BwBrBzBUBkBeBWBPBIAuAbAjAbANAGABAAAEAABfB6BqBmBaBKBRBBBGAuARAqAfAXADATAAACAD
4323606,BYBTBOBoBPBgBdAvBnAnAzAcBEAiAdAJAGAAAABLBJBUA5BYArBJBRA9AzBKAnA0AvATAYAPAFAF
4323705,BWB0BzBnBtBYBpBCAjAmApAlAhAvATAAAEAAAAByBfBPBABMBgBFBdArA1AbAtAnAfAPAQADAAAA
5000203,CZCVBtBrBiB2BNBTA0AvAcAUANAIAKABAEAAAACWBtBqBkBiBfBTA/AeASAWAZALAEAHACAAAAAA
5000609,CACDCABnBcBSBHAzA2AqAZAXAcAXAKAIAFABAACECBB5ByBfBLBIBBAsAgAcATAZAWAGAMADACAA
5000708,B2B+B/BsBbBRBBA9A1AwAmAYAaASANAIAGAAACBvCCCABpBdBVBLA8A0AjAbAaAaAPAJADAHACAA
5000807,CCB9CDBsBfBaBLBBAlArAnAgAdANASAMAAAAABBzCFB6BrBMBXBJA6AvAaAbAbARAQAMAKABABAA
5000856,CBCCB6BsBhBYBCA8A6ApApAgAYASAFAKACADABBnBxBxBwBdBdBDA9AwApAjAbAcALAQABADADAA
5000906,CGCICPBwBQBSA9BAAuArAiAfARAQAGAOAFAAAAB/CHCCBeBRBRBDA1AvAlAaAWAZAUAPAKAGAAAA
5001003,BiBuBsBiBiBSA8BFA8ApA1AlAkAUAPAQACACABBfBpB5BmBNA/BeBJA2AuAlAfAaAWAXAKAJAFAA
5001102,BxB7B8BrBXBGA/BBA5AqAnAfAWAaAPAMAEACADBuB1B5BnBRBQBNBAAzAuAmAaAWAZAPAIAJACAC
5001243,CKCDCCBuBYBdBPA8AsAqAeAgAdANAKABADAFABCNCGCDBeBbBRBGA5AoAlARAfARAMACAEACABAA
5001508,B3B3ByBnBWBZBSBCA5A5AnAmAdAMAJANACAAAACDBuB1BeBjBWBFA3AvAxAiAaAcADAKAEAAADAA
5001904,B3CBB+BkBlBXBOA+AsAqAfAkAfATALAFACABAACAB8B1BuBcBbBNA4AtAiAhAcAPAOAKABACAAAA
5002001,B5B7B5B4BiBWBHA2A2AfAkAiAcAVALANAEAAAAByB5B6B0BnBaBFA2ArAfAkAUAVAPAHAFAIABAB
5002100,B7CMCFBmBXBJBHA+AqArAhAcAWAJAQAKAIAFABB9B2B8BrBbBSBIA3A0AnAaAaAYAKAOAIANAEAB
5002159,B9B/CeBwBqBYBZBKA6A0AtAVAVASAJAHADABAABtB9BsBkBRBRBAA6AzAgAZAOAMAHAHAIABAEAB
5002209,B8CCB8BoBgBWBTBEA2AwAeAcAaAMAGALAGAAAAByCBB8BpBbBUBLA4AtAeAgAcANAHAPAGAEABAE
5002308,CBB5B2B5BvB5BWBAA6AoAeAhAXASAKAHACABABB6B0BzBXBfBXBFA+ApAgAQAcAQAKAEADACABAC
5002407,B+B5CAB0BkBUBKA5AyAsAnAWARAWAIALACADAAB2B6B9BwBdBVBKA6AuAxAeAVAMAMAJAJAAABAB
5002605,B6CDB9BqBPBoBSBDA0AuA3AXAiANAGAEABABAFB0B1BrBwBTBUBIA5A+AlAYAfASALAJADADAAAA
5002704,BzB1BwBiBgBeBQBDA2AnAgAZASANAJAGADABAABuBxBwBoBlBmBXBJA3ArAiAZAUARAKAHAEACAB
5002803,B9CFBvCABTBjBdA3AqAyA0AbAZAPAOAHAEAAAACBB4B5BbBSBHBJAfAsAvAjAfAaAOAJAJABACAA
5002902,BlBtB1BkBSBJBPBHA7A4ApAiAgARAPAGAJAAACBcBoByBkBgBhBLBKA4A0AlAgAYAUAHAHAGABAB
5002951,CBCWBuBYB7CRBtBUAxAuAUAYAGADAIAFADACAAB/BaBbBeBxBxBYA8AtAQAVAOAGAEACAJACAAAA
5003108,CMB3CBBnBjBYBQBMA0AzA3AhAjASAQAJACAAAFB8ByB9BOBTBXBCAuAlAvAWAgAPAKAGAAAAAAAA
5003157,CbCXCCBlBdBTBRA6AuAgAjAQATAKAHAIABAAABCUCSCHBtBXBgBMAzAgAiANASAJAKAHABABAAAA
5003207,B+CEB7BnBiBVBJA3AuAmAnAXAZARAMAHADABAAB7B9B2BmBTBVBHBBAzAvAfAcATAUAJAHAHADAB
5003256,B/CCB4B2BeBfBbBHA7AuAjAWAPALALAEABAAAAB0B2CBBRBjBiBNA9ArAiAiAXALALAHAEABAAAA
5003306,B0CECAB0BeBRBNA/A1AvArAYATAZALAFAEADABB0B7B6BuBXBZBDA3A1AmAdAUARANADAJABACAA
5003454,BxB3CAByBdBWBEA8AlAuArAcAYAfAIALAIABACBpB6B5BtBWBXBJA8ArAoAeAkAUARAMAIAEAFAA
5003488,CSCECIB0BTBfBIAzAxA2AmAdAUAPAKAKAGADAACECABrBoBiBPA4A9AmAlAaAeAQAGALAEADAAAA
5003504,B2B/B6BnBpBeBDA6AlAwAhAmAmANAQAGADAHAABlB4BxBvBUBVBMA9A1ArAcAaAfANAKAGAFADAA
5003702,B2B8B2BkBfBZBPBBA0ApAiAXAUAOAKAGADABAAB0B2B0BmBkBjBWBGA0AlAhAWARARAKAHADABAA
5003751,B8CDB3BsBlBYBKA2ApArAoAdAgARAIAJABAAAAB4B5B6BzBnBbBBA5AxAmAnAOAWAMAHADACABAB
5003801,BrByB5BwBbBZBJA7A0AmAoAZAZAcARAKAFACABBjBqByBwBoBdBKA+AyAsAaAgAYASASAIAEAAAB
5004007,BlBpB2BsBhBXBJA8BAAlAqAdARAVASAUAJACAGBfB1BwBrBVBZBLBAAoA6AfAmAbARAYAIAAAAAA
5004106,B0B6BzB7BfA7BBA5A0AuAsAhAaAYAKAOAHABABBuB9B6BuBVBDBHBBAzAwAeAgAWARANAOAHABAC
5004304,CLCHB8BrBhBPBIA4A4AiAlAZATAQAMAGADAAAACHB/B7BvBgBgBFA2AnAoAcAWAOAOALACAAABAA
5004403,B/CNB5BWBaBfBSBHA5A8AlAhAWARAHAEAFAAAAB6CEBtBmBbBcBGA/A5AXAVAfAQACADAIADAAAA
5004502,B9B7B4BrBSBbBUA9A0AgAkAbAiATAKAFAIAEAAB2BzB0BnBiBRBAA+AtAmAiAaATAUAQAMAKAFAB
5004601,CDCSCMB9BrBZBFAyA0AnAhAdAQAIAJAEAAAAACCNCACCBzBbBJBDA4AkAlAiATALAGAEABABAAAA
5004700,B9B9B5BxBmBZBMA6A8AmAnAgAXAOAMAMABAAAAB/B3B1BqBfBaBFA3AlAtAgAUANAPAJAFADABAA
5004908,ByB2BtBzBpBcBYBNA9AxAtArAwAOAVAIAHAEAABvBtBTBWBRBUBCA6AyAhAcAhAZAQAHAIACACAA
5005004,B0B+B4BlBaBSBIBCAzAuAlAZAXAVANAHAGADABBnB5B8BsBcBPBPBFA2AuAkAYAYAQAIAGAFACAA
5005103,B8CAB5B5ByBqBIA3AnAnApAaAdAOAHAFAEAFAAB7CFB0BvBbBRA+AzAzAlAeAWAOAUAEADABAAAA
5005152,BuCWCBB7BWBHA0A5A2AwAjAmAhAQAHAEADACAACCCHCJBdBaBUBZA1AvAhAgAVASAMACADADABAB
5005202,CDCLB8ByBSBaBAA6AxAmAjAZATARAJAMAEABACB9B/B4BlBWBZBPA2AvAoAeAaAcAPAEAIADADAB
5005400,CDCHBzBjBdBgBTBGA3AoAZAYATATAFAJACAAAACBB7B5BnBjBiBOA9AxAnAXAUAPANAFABABACAB
5005608,CBCGCKBwBbBRBAA/A3AsAeAbAXAUAOAGAEADAACACBB4BuBVBQBHA6AsAiAZAVAPAQAEAPAGABAA
5005681,B7BzBzBpBmBTBIBAAyArApAVAYAYAKAIAEAAAAB4B2B2B0BlBZBMBAAyAkAfAXAWARAHAGACAAAA
5005707,CECIB/BiBeBcBJA5A5AfAeAaAYATAGAEADABAABzB+B6B6BpBiBLA6AoAhAbAbARAMAGADAEAAAA
5005806,CLCGCEB3BlBTA/BEAtApAiAfAiAPAJAHAEABAACGB7B+BkBUBFBGArAvAlAVAeAYANAFAJACACAB
5006200,B0B4B+BrBfBaBIBAA5AqAmAcAWAKALAEAEACAABwB8B5BrBgBfBPBDAwAkAfAaAOARALAGABAAAB
5006309,BvBvByBrBkBTBPBDA7AsAkAiAYAOAQAJAGABADBnBvBxBkBXBeBJBHA0AxAeAjAYAMAMAKACACAB
5006358,CaCLCLB9BaBXA/A8AuAkAZAQAOARAIAHADABAACaCOCAB3BfBLA3AmAhAkAhARAWAKAFADAEABAA
5006408,B0B2B/B9BeBQBMA6AsAwAmAnAZAXAJAMAIAAAAByB6CABpBfBUBCA4AvAoAZAZAVATAGACADAAAB
5006606,CJCFB2BqBUBYBPBCAvAkAiATAXAJAHAHAEACABCGCBB7BcBlBeBRA5AvAmAZAYASAMAIAHAFACAB
5006903,CNCRCFBpBgBbBVAzAyAjAgAcAZAOAGAJAEACADCLCBBlBeBRBTBFA5AsAoAoAXAQAKAJAIABAAAA
5007109,CJB5B0B8B2B9B6BLA7AjAnAaAWASAEABABAAAAB8B4BXBUBWBZA/A8AsAjAYAOAOAIAEACAAABAA
5007208,B/CHB6BqBkBsBTBDAwAqAdASAXAMADAKADABAACICBByBaBcBhBNA6AqAdAhAWAQAIAJAHABACAA
5007307,BoB9CFBzBcBXBEA+ApAtAvAdAjAbAJAXACAIAABxB2B/BdBUBCBBA0AtAtAfAkAWASAOANAEAAAA
5007406,B1B8B4BwBlBTBJBCA5AnAmAcAXAYAFAJAHAAAAB0B4ByBsBaBTBIA/AxApAeAYAiAUACAIAAACAA
5007505,B8B5B0BwBYBWA8BNBEA1A5ArAZAdAJAOAQAEAABvByBoBXBPBRBLAwAtAnAsAVAfAPAAADAAAAAA
5007554,CDB/BqB6BxBmBOBGA0A4AiAnATAVALAGAAABAACDB+B7BuBWBSA3AvArAnAMAeAHADAFAIAEAAAA
5007695,CACFB2BkBgBpBaBRA7AqAeAYAUANAFACAAACABB4B3BqBqBcBmBYBEAtAiASAZANAKAAAAABAAAA
5007703,B3B1CCCHBdBeBJA5A3AsAoAXAZALAIAAAAAAAAB8B4B7ByBxBWBFA6AwAjAcATAVANACAEAAAAAA
5007802,B+B7B7B3BiBfBSA9AvAmAyAZAfARAVAJAEACAAB5BzBkBjBeBQBQA4AvAtAbAaAXAJAHAAABAAAB
5007901,B/CICBBrBZBcBOBFA9ArAkAZAVARAJAGAFAAAAB7CAB2BbBeBaBMBAAoAdAXAWAcALAIAFABAAAA
5007935,CNCBB+BzB+B9BhBEAvAyAXAaAFAGAEAAAAAAAACGCGBvBnBgBjBOAxAmAaANARAGABADAAACAAAA
5007950,CeCZCKBuBdBLBEA6AwApAyAPAQALAHAJABADAACFCHCDBtBZBPBDAzAkAvAPASAKAJAEAIABACAB
5007976,BxCFCXB1BnBPBSA5AwAhArAYAdAUAFACACAAACBhBqB6B4BnBWA9A8AlA0ArARAUAPAMACADAAAA
5008008,B5CAB2BqBeBTBLA/BMAmAkArAZAYANAHAIACABB4B9BlBmBOBQBFA8ApAtAhAUAYATAKAGADABAA
5008305,BrB4B1BlBXBNBMA/AzArAoAfAZAaAMAKAEABABBrBzBwBjBcBeBRBHA5AqAoAcAXAQAOAJAEAAAB
5008404,BhBzB0BwBlBhBLAsAuAkAvAtAjAfANAIAJABABBdBpBuB1BbBXBQAyAqAzAmATAgAWAJAJANAEAA
5100102,CJCPCZBrBpBDBAAxA0ApAlAZAYAFAQAVAOAEAACECUCCBXA3BDA2AyAmAhAiAYAXACAZAPANAAAI
5100201,CFCICFBxBkBcBZBKA2ArAeAWAMAIAMAEABAAABCECDB6BoBeBYBKA6AsAfAUARAJAHAEAHACAAAB
5100250,CACEB2B4BvBrBWBDAxAjAjAYAVALAGADABAAAAB9B6B6ByBkBcBJA5ArAhAYATANAHAEABAAAAAA
5100300,BrB8B7B0BnBVBJBHAxAvAoAlAXAJALANADABABBuBpB4BuBPBZBNA/A2AnAgAbAVARAKAFABACAB
5100409,BrBxB4BnBbBWBQBIA5AyAkAjAkAVAJAJADAAAABuB4B0BwBYBeBMA9AxAkAcAgAXAMAFAIADAAAA
5100508,CFCICHByBlBRBHA2AwAqAhAfAVATANAMAGABABB7CICKBsBVBRA+A3ApAeAXATAQALAHAIAEABAB
5100607,B3CaB5BhBrCBBsBMA3AlAbATAcAGAGALAAAAAACCBwBwBaBhBqA/BIAjAYAWAXALAAAAAFAAAAAA
5100805,CTBdBuBhCSCpCABTAzAzAeAPAIALAHABABAAAACKCABIBOBuBsBNA0AjAUAVAEABAEADAAAAAAAA
5101001,CBCRCRB7BTA/BDBJA3AwAhAHAUAMAWAIADAAAACXB9BrBzBZBSBBA4A8AYAaAOATAFAPAJABAAAA
5101209,BKCzCNBfBbA/BQA7AtA0AkAbAcAhARAeAAARAACFBWCBBqBKBJA5AeA1A9AVAOAOAZAXAZAAAAAL
5101258,COCBByBvBjBYBPBEArAmAdAZATAJANAJADABAACDCCCZBmBoBZBIAwAiAkAdAWALAIAIACACABAA
5101308,CICIB/BvBoBiBIA8AwAoAeAZARAQAJAHAIADAAB+CDB8BtBlBTBGA4AnAfAbATAQAJAHACAEAAAA
5101407,CTCVCAB5B6BrBZBHA0AuAmAVAXANAHADABAAAACHB3ByBeBWBMA6AtArAgAWAPANACADADACAAAB
5101605,CUCfCOB2BZBOA7A2AzAjAlARAdANALAOAJACAACPCSCCBhBOA1A6AqAoAjAUAfAQAQARALACAAAA
5101704,CGCGCEB2BmBVBEA5AyA1AoAWATAQALABAGAAAACEB/CEBtBbBNBKA1AoAfAfAQAMALAJADAEABAA
5101803,BzB+B7B5BhBUBMBCA2AoAgASASAKAFAJACADAABuB3B8BvBnBiBSBJAwAnAdAYAOAJAGAIADABAA
5101902,CVCGCACEB2BoBRBGAtAqAlATAZAKADAAAAAAAACJCBBvByBfBOA/AyAvAhARANADAJAAADAAABAA
5102504,B7CMCHB1BbBMBIA8AzAlAhAZAVALAKAHAEABAAB+CGCHBwBbBPBDA8AvAmAfASARAJAHAGAEADAA
5102603,CeCJB7CNBtBLA+A5A1AkAjAXAOALAPAGADAAABCSCHCLB3BeBFA7AvAqAZAcAOAIAGAGACABABAA
5102637,CaCABiBbCDCVCLBKA5AeAZAZAOAJAAAAAAACAACEByBQBeCPBqBHA7AYAYAPAGABAFAAAAAAAAAA
5102678,CMBzB0BrCCCNBxBRA9ArASAcAMAGAIACAAADAACEB5BcBbBdBZBMA+AlAUATANAHALAIADABABAA
5102702,CPCKByBiBYBjBkBTBBAlAYAbAMAKAHABAAABAAB9CEByBfBaBgBrBEAfAaAXAUAIAGAFAEAAAAAB
5102850,CBB/CQB1B2BZBIA9AyAkAmAaAdAKAKADAEAAAAB/B8CDB1BdBWBGA1AoAfAWARANAGADADAAAAAA
5103007,CCCRCFByBbBNBJA6A2AlAmAeAkASAOABACAEAACGCYCGBhBMBEA/A2AeAoAZAVASARAJAGABAAAA
5103056,COCFB+CIB4BeBfBDBBAhAfAaAMAHADADAAAAABB7B9BgBzBXBnBEBJAkAZAdAMAIACABAAAAAAAA
5103106,CCBxCaBvB5BfBqA0BSAoAmAXASACAHAGAFAAAABwCPCFBeBlBBA+A+AqATAbAJAFAJALADAAAAAA
5103205,B2B/B9B8BsBgBLA8AvAlAnAfAZATAFAFADAAAABxB1B7B4BeBVBEA5AsAoAcAZAQALAGAFACACAA
5103304,CQCOCABhBrBsBPBGA3AjAiAWAVAIAHAEAAABAACMCOB2BwBeBZBFA3AiAdATASAIABAEAFAAAAAA
5103403,B3B/B5BnBfBbBRBEA0AnAbAVAQAKAGAEACABAABzB6B5ByBoBkBVBGA0AlAeATAQAKAIAEADACAB
5103452,B8CKCOBoBXBRBRA4AsAqAqATAWAaAOAGAGACAAB7CGBjB7BuBTA+BGApAcAcAWAUAPAHAAAAAAAA
5103502,CQB/BwBsCFB2BZBHArAkAfAVAJASAEAHACAAAACHB3BxBkBiBcBCAxAxAlATAPAHAKACALAEAAAA
5103601,BgB7B4BzBwBdBGA8AwAyAhAgAhASANAKALACAABrB4BzBtBdBLBEA9AzAtAkAlAQAGAOAEADAAAA
5103809,CDCKCHB1BjBPBLA3A2AyAxAVAWAOAFALAAAEACBvCLCFBxBXBHBDAvA1AfAVAaARANAFACAEAAAA
5103908,CLB4ChBrBeBdA8AsBBAtAuAQAeAWAYADACAAACCJB5B3BiBJBLBHA/AZA0AeAUAOAOAGALACAAAA
5104104,CNB6B7BzCHB6BlBAA7AkAhAeARAGAEACAAABAACDB2BhBkBfBdBJBAAiAgAWAPAHAEADABAAAAAA
5104203,BpB/B7BwBdBFBFBAA3A2AwAYAiARASAKAJAAAABnBwB/BrBVBcBFA8BCAkAiAbAPAFALAKAEAEAB
5104500,B+CECLBkBqBhBIBZA6AqAWAfAJAHAGAEAEAAAECFCbB+BlBdBRBMAjAoAcAlARAYAEAAAAAAAEAA
5104559,CGCEBvCFBqBpBSBLBBAxAbARAXAKADAAABAAAACCB2CJBsBkBSBKAwAzAYATAPAGAIAFAAABABAA
5104609,CPB1CBBrByBhBhBHAyAvAdAaAQALAMAAACACAACIB/BoBkBjBgBNA5ApAYAZAMALAEADAJACABAA
5104807,B5B7B7BwBiBcBOA+A0AwAcAfAZAJAHAEAIADAABsBwB+B4BqBYBHBEAwAgAgAWAOAQAHABADACAA
5104906,CTCmB3B4BfBCBAA1AvA4AfAQAfARAHAFAEAFAACHCQCdBZBHBDBFA1AnAeASAeAMALAIAIADAGAA
5105002,CECZCTCBBgBQA6AyAsAoAcAXAXAOALAIACAAABB+CJCQBrBUBGA3A6AwAmAiATAOAOAGAFAAABAB
5105101,CJCGB3BvBqBgBPA+AxAkAnAdAiAMAFADABABABB+B9B0B0BcBdBFAzAnAlAeAUATAHADABAAACAA
5105150,CFCDCDByBxBqBTBAAvAtAgAbARANAGABACABAAB8B8ByBxBkBZBJA2AuAfAUATAKAHADADABABAB
5105176,CEB3CECIBlCGA9BXAwA1ApAWAKAEAFAGAAAAABB5B/BzBhBdBTBUA4A2AVAWASAEAEAFAAAAABAA
5105200,BsB2CCCABoBIA/A0A1A9A7AVAXAPAKALABADABB4B4B2B0BgBXBEAwA3AzAYATATAMAIAGACAAAA
5105259,CWB7CPBGBvBwB5BHBIAaAgAVACADAGABABAAAACOBoBnBVBeBrBkA5AqAbAkAKAQADADAEABAAAA
5105309,B+CcCNBjBoBdBaBIA2AoAYAfAcAHAZACAAAAAAB9COB2BiBHBgBTAqAnAYAbAQANAEAHADABABAA
5105507,CRCVB8BtBtBjBPA4A+AsAlAgAQAMAFAEADAAAACaCKB8BhBUBSA8A1AkAaAVAMAPAFADABACAAAA
5105580,ChBqB7CNB9B0BEBFBAAtAmAhAOARADACAAAAAAB6BYBmByBeBaA5A/AxAcAbAWAHACACAFAAADAA
5105606,CUCCB+BYBsBrBWBOA4AtAbAVAIAJAFACAAABAACNCABkBwBtBoBYA5ArAZARAOALAGAAABAAAAAA
5105622,B0CECABtBjBbBOBBAzAqAbAfANAYALAHABABAABwB6B8BuBqBYBKA+AzAhASAdAXAKAEACAAAAAC
5105903,CJCKCMBzBoBeBCA/AvAlAiAYAYAUAGADADAAAACKCRB/BoBOBSBFA4ApAdAgAMANAJAFAHAAAAAA
5106000,CFB7B3B1BpBcBIAzAtAfAeAXAeAPANAGAEAAAACJCEB7B1BsBZBBA1AqAmAYATAPAJAJAEAEAAAB
5106109,B+CMB8ByBaBUBHA6A6AuAoAbAjAQAOAKAEAEABCCCJB2BhBOBIA5AwAuAcAfAVAVAQANAMAGAEAC
5106208,CBCRCUCEBlBHBAA7A9AkAqAYAdALAJADABACABCCCOCHBwBJBDA5A0AmAqATAZARAUABAAAAAAAB
5106216,B7COCPB3B0BdBMBEA3ArAoAcAQAOAFAGABABAAB/B2B9BkBcBKBFA8AqAhAdAPAHAIAHABACABAA
5106224,CRB7B3B0B/BkBrBaA5AlAfAWAPAJAEAAAAAAAACNB6BRBjBhB2BLAlArAXARANAOAGAEABAEACAA
5106232,CFBxCBCbC5B4BMA/AzAnAdAMASAJAJAJAAABABCABnBeBpBgBWBEAzAhAUAVAUAMAGABAEAAAAAA
5106257,B6CDCCB7BnBcBMBBA1AsAdAhAPAOAJAFADABAAB0B2CHBvBfBWBGA6AvAiAbAVARAHAFAGAAAAAA
5106273,B+B4CMCGBsBXBJA5AdAhA3AkAWAaAHAHAFAAAAB9B7B9BtBWBNA7A0AfAiAqAbARALALACACAAAA
5106281,CKCPCIB9BeBaBXBFAqAqAoARAdAMACAAAAAAAACOCeB0BbBdBTBGAzAvAdASATAMABADAAABAAAA
5106299,CCB+B1BpCGCGBlBAAzAqAfAVANAMAIABABAAABB9B3BnBsBnBaBHA7AiAeAcANAJAMACACAAAAAB
5106307,CICRCHB+BiBWBCBAA3AoAkAbAOAHAHAHACAAAACFCJCEBuBcBTBCA5AmAmAbAOAGAEAFAHAAAAAA
5106372,B2B1B+B3BrBlA+BAA3AjAuAWAlAQAIALAHAFAABuBqB0B6BfBMA9A5AtA1AgAaANAHANAIADAAAA
5106422,CcCABcBeCVCaBrBNArAiAVARAKAFACACAAAAAACaBwBiBfB0BvBOAxAmARAPAOAGACABABACAAAA
5106505,CVCTCMBrBYBSBIA2A3AiAeAdAUAPAIAGAEABAAB7CLB+ByBZBIA5AzApAiAeASAVAOAJAJAHACAA
5106703,BjBqCBB+BUBSBKBHAzAvAyAjAZAaAPAOAFAAAABqB3CKBoBIBZA6BEAsAnAhAiAVAOAHAOAAAAAC
5106752,CACMCAB3BdBjBOA+A4AiAhAYAPAMAKAFADABAACECDB7BpBnBaBEA3AmAmAXASARAHAFACACABAB
5106778,CSCcCdCJBXBGA9A9AsAtAiAfAWAIAHAEABAEAAB+CSCWBzBJBDA5A0AjAhAZAPAMAKAEADABAAAA
5106802,B8CDB7B8BuBjBcA+A2AeAmAdAeANAHACAAAAAACFCCBxBfBaBaBKA1AqAmAQAfAMAHAGABAAADAA
5106828,CKCNCIB5B1BaBJBHAzAsAkAYAOARAIAFAAAAABCPB9CBBpBYBWA8ArAuAcAdAHALAJABAFABAAAA
5107008,B+CCB/BwBhBZBKBBA1A0AbAiAYAYARAHAHABABB5B5B1BrBaBOBDAxApAjAbAcAVANAGAGAEAAAA
5107040,COCHBzBrBiB0BmBUA1AiAbAOANAHAGADAAAAAACDB6B2BXBoBtBdA+AqAcAUAIAPAEACACAAAAAA
5107107,BzBzCBBxBuBeBNBBAzAsAuAQAeANALADAEACAAByCBB8BwBUBZBJBDAqAoAeAWAQAMAFAEACAAAA
5107156,CCCNCrB3BPBQAkBFAoAVAtAdAfAPAGANAAADAAB7CcCIBtBWBCA/AfArA3AbAiAXALAAAFAAAEAA
5107180,CFCWCTB+BVBTBHA8A4ApArAaATAJAGAKAAAAAAB9CXCEBuBbA9BDAwAnAqASAXAFANAHACACAAAB
5107206,CKCECKB6BqBWBHA7AqAlAkAgAYAVAKAJACACAAB9CDCDBsBbBHA3AzAnAqAXAeARALADACACABAA
5107305,CPCQCHBzBnBhBXA+AoAoAoATAbAKAFAGABABAACKCAB3BoBlBWBJAvAmAfAXAQAOAFACABABAAAA
5107602,B1B4B3BwBjBcBLBDAyAqAiAZAUANAKAIAEABAAByBzB6BxBoBfBPBBAzAmAfAVASANAHAFACABAA
5107701,CLCUCOBmBZBOA/A7AzAtAkAaAWAZANAEADADACCECPCGBxBDBDA0A1AoAkAnAPAPANAJANADACAB
5107750,ClB8CGB5BbBaBIA0A5AkAoAOATAQATAGAAAAAACYBrB8BqBWBFBBA7AsAfAhATAWAKALAFAAAAAB
5107776,CbChCPByBmA1BMBIAvArAjAWAcAIAGAFACAAAAB6CjB8BzA9A4BUA1AoAgASARAPANAJADABABAA
5107800,CFCPCLB6BlBMA9AvA3AzAoAeAfAWAJAIADACAACDCBCBBZBPBABAA7ApAnAbAcAYAJACAGADAAAD
5107859,CeB8CLB4BgBRBSA1A5AiAZAgAWASAHACACAAAACcB+B4B6BQBSA5BCAqAdAUAUAKAKADACAEAAAA
5107909,CIB9BuB4BvBvBbBEAvAuAhAUAMAHAFAAABABAAB/B0BzBjBoBkBSA8AyAlAWAUAKAHAEACABAAAA
5107925,CGB7BuBmB3B7BvBRA2AlAfAVANAGADAAABAAAACFB0BoBYBmBuBYA9ArAcAUARAJAGACADAAAAAA
5107958,B2B7B3BzBtBgBOBDA0AkAhAcAWAOAGAGAAAAAAB1B5B4B0BiBaBMA8AuAnAbAXAQANAGAFABAAAA
5108006,B8B9BzBmB7CDCQBZAvAxAnAQALAJADAAAAAAAAB3BqBnBgBJB0BrA2AcAcAZAKAGACAAAAAAAAAA
5108055,CGCBB+B2BwBmBUA/AyArAjAdAVAGALAEACAEAACEB7B2BxBXBRBBA3AqAjAaAWAOAHAGABABAAAA
5108105,B+CDBwBtB2BrBWAzA7ArAfAfAlATAUAGAEACAAB+BxB1BiBDBdA3A/AlAmAgAZAKARALAFAAABAA
5108204,BoB9CBB0BlBWBPBGArA1AnAeAjAVAJAMAHAAAABnBxB6BvBhBQBBA2AqAjApAbARANAHAEABAGAB
5108402,CBCECFBxBkBXBMA+A0AkAbAVAOAMAIAEACAAAAB6CACCByBlBbBPBCAvAhAYATAOALAFAEACABAA
5108501,ClCFB3B3CIB3BeBKAwAfAhAYASAFACADAAABAACCB8BqBrBbBXBDAxAkAgATALAIAEABABACAAAA
5108600,B/CHB+BxB5BkBOBLA2AlArAcAYALACABAAAAABCAB2B2BtBjBSBIA1AkAqAUAbAMACACABABACAA
5200100,BuBsB9B7BkBGBGBAA5A4AmAnAeAWARAHAHABAAB3BsBwBrBfBPBHA1AsAyAiAgAUANAHAFADAAAB
5200134,BsB3CDBtBoBYBTBGA3AsAaAiAbANAIAAAAAAADBxBzB5B6BmBTBWBAAxAjAXAcAWAHADAHABAAAA
5200159,BnCKCbBpBuBPBPA9A7AmASAfAmAZAMACAEAAAAB6BUBjCHBFBSBlAlAYAuAoAlAkAXAEAAADAAAA
5200175,CRCOCFB1B4BtBNA+AyAxA3ATAVASAHAEAIAAAABtB/BrBgBKBDA1AtAuAuAbAXAKAJALADACABAE
5200209,CWBVBiBOBeBeBUBEBHA/BCAKAuARADAUAAACAABOBiBhCDBrBNA+A0A5AxAdAiAfAIAMAOAMADAA
5200308,B0CBCDB3BaBLBIA6AsAqAtAYAbAVARAGADADAABrB/CDBoBaBNBAA7A4AoAgAaAYASAMAHACADAA
5200506,A7CLBbB3BfAwBCBFBEA0AjAnBBAUAVAhAEALAABBBMBfBrBMBiA3BLA6ApAzAxApApAbABAEAIAA
5200605,CKCTCZB1BrBKBGA2A7AtAvAEAMAIALAIAFAAAACGCUCLBnBBA8A8A6A8AVAaAWALAPAEAIAAAAAG
5200803,B4CTCVB0BYBDBCA5AsAjAcAaAVAJAMAHAAADACB8CQCiB3BVBKA9A6AnAgAiAQAZAHANAFACADAC
5200852,BkB2CHB5BbBSBEA/A3AsApAfAcAgAEANACACAABcB0B8BlBcBNBDA+A1AvAQAzAYATAPAJACABAA
5200902,BVCAB1BTBfBkBPBGA2AqAjAkAgAaAYAGADAEAAB2BUBnBpBeBUBPA/AyBDApAlAXASACANABAAAA
5201108,BtBtBvBvBkBeBQA9A1AoAgAZAVAOAJAFADABABBpBpBuBvBqBkBTBJA2ArAkAeAaAQALAHADACAB
5201207,BdCLBuCBCJATA2BmAoAABOA+AeAkAAADALANAABrBEB1CEBfA7A+BYBRAoASAUAHAaAVADAAAAAA
5201306,BtB4B8B3BgBdBHBDA1AvAiAhAOAWAIAKAFADAABkBtBtBuBfBXBRBBA0ArAbAVAYAQANANAEAAAA
5201405,CFCGB3BnBkBfBUBFAxAiAZAUAPAKAGACABABAAB+B+B4BpBqBmBaBDAvAhAVAUANALAFAEACABAA
5201504,CJCIBsBmB3B4BeBRArAzAfATAVAPAGAAADAFAAB8ByBmBPBoBhBRA5AxAnAWAHAQAMADAAAAAAAA
5201603,B0BsBpB8BnBUBMA2BAAwAwAjAdARALAIAAAEAABfBgCABTBYBlA9A7AxAwA0AiAaASAAAOALAEAA
5201702,BwB4B7B3BlBVBKBAAsArAkAUATARAMAKAFACAABpB0CBB6BnBbBPA8AxAiAbAZAUALALAFADACAC
5201801,BrBmBwB5BoBWBVBKAxA4ArAPAaAQAKAQAFADADBxBwBsBiBdBaBFBFA2AmAmAiAYAQAFAFABAAAA
5202155,B4CFCNCDBWBcBHBCAiArAkAfAXAIAEAIAIACAAB8CCCABwBZBVA7A8AxAfAfATAWAIAIAHACABAA
5202353,BtCDB4BoBxBjBPA9AzApAqAjAVAeAOABAAAAAABjBhBuBtBjBgBLA2AzAzASAbAVAXAIABAFACAE
5202502,CECiCHBnBlBdA4BJBDAcAaAlATASAKAJAEADAAB7B+B8BrBUBUBJA2A0AYAOAbANAIAIAAADAAAA
5202601,BcBvB2BrBKBUBQA1A8AvA0AZA3AOAKASAHADABBVBvByBpBWBWBLBOBCApAhAgAVAMAPALAOACAA
5202809,CUBdCXBRBVBaBwBGAiAeAbAtAXAgAIAUAFADAABgBqCPB/BRBTA4A6ARAeAbAuAWAKAVADADAJAF
5203104,B7CQCRBbBUBbB4A6AvAvAnAkAnALAVAGABAGAACVBhBvBNBNBJBFAkAoAxAVA0ARAIACAHABABAA
5203203,BwCACEB+BkBVA/AtBAAtApAYAXAQAVALACAAACBuCDCDBoBVBUBBBHAlAnAbAdASATAIADAAAAAA
5203302,BtBwB+ByBaBlBPBDA3AtAoAkAXAcALAHABACACBhBpBxBYBXBZBKA+AuAwAhAhAbAZAKAGAHABAA
5203401,BeBzCDB5BkBSBIBDBHArAnAmAUAVAKAJAIABAABgBvCHBkBXBPBIBHAwAqAcAeAYARAGAJAAACAA
5203500,BwBtBvB5BoBiBRBGA8AzAmAdASANAIADABABAABjBqB6BjBsBiBNBFAvAmAmATAgAGAJAAAEABAA
5203559,ByB+CNB8BuBQBCBCAuAqAfAGAmAmALAKAAAAAABjCABsBOBeBbBMA5ArAsAYAjAjATAUAAAEAAAA
5203609,ChBYCEB4B+BWBNA1A3AiAuAhAYANAJAQAHAAAABuBpBPBMB0BTBSA4A3AqAaArALAcAJAAAAAAAA
5203807,ByCECHB0BhBNBAA4A0AzAXAcAZATAJABAHAEAABrCSB/BqBfBRBMA/ApAhAcAlARAJAIAMAEAAAA
5203906,BeBYBhBmBiBSBQA8AyA2AwAqAnAbAYAMAGACACBeBaBgBkBeBSA6BCA7A4ArArAkAYAaARAFABAC
5204003,CNCECKCBBpBQBHA5AsAtAwAOAXAPAEAHACABAAB9B+CHBrBeBLA4A3AuAdAgASASANAMADAAAAAA
5204102,BrBzBvBsBhBQBNBNA4AwAxAjAcAXAJANAEACACBUBqBsBiBjBTBJA/A0AyAfAkAjAJAQALAEABAB
5204201,CVBTCEBqBuBjBzAnA/A2AjAnAUALANAGAGAAAAB1BgA4B3BjBUAmBcBBAXAuAuATAMAHAAAAAAAA
5204250,B2B0BwBpBhBiBIBFA2ArApAmAfATAMAMAAACABBqBsBmBmBeBmBNA1A1AlAlAdAaAOAJAFAFABAA
5204300,BjBvBvBzBgBWBMBHA+A0AoAkAdAZALAHAGAAAABmBuBqBqBgBcBMBBAzAzAcAiASALAMAHADABAA
5204409,BrB8B+BrBiBaA/BJA+A2AwAbAOAbAKAFAGACAABhBoBnBsBcBXBDBRAtAyAjAcAQAUAIAMAFACAA
5204508,B0BxBoBoBxBsBYBDAzAxAiAbARAPALAGABADAABrBuBqBpBzBjBLA+A5AiAiATAUAOAHAGABABAB
5204607,COBRBlB5BzBVBWA0A1AxA9AiAPAcAHAIAFAJAEBpB7CABaBjBXA4A3AdA/ApANAbAHAEAFACAGAG
5204656,BlCJCQCNBjBQBIA9AvAnAzAdAnAXAFAAAEAAAAB6B7CJB0BFBKA0A3AoAyAgAWAJANACAGAIAAAA
5204706,BzB8B/B/BlBLBCA1A8AsAbAjAaAPALAEAFACAABjB5CBB5BiBQBSBBAoAnAjAXAUALAKAFAFABAA
5204805,B4ByByBkByBTBeBPBBAzAjAhAXAYANACACAAAABdB0BuByBMBkBLA6AqAkAmATAPAdAHADACAAAA
5204904,BzCrCFB2BPBEBOAyAxAgAWAeAQAOAJAIAAAAAACGCGClByBVBXBBAuAlAkAdAZAQANAPADADAAAB
5204953,CLCJCDB7B8BwBYBAA0AjAVASAKAFAGADABABAACKCEB6BwBqBcBKAzAnAZAQALADACAEAFAAAAAA
5205000,BqBxB+BzBhBcBNBBA3ArAnAgAaAYAKAFADAAABBhBlBxBxBZBYBJBCA1AuAoAbAXARAKAJABACAB
5205109,BmB0B3BoBeBYBQBKA6AsAlAaAXARAJAGACABAABhBwByBsBdBcBVBIA5AoAjAbAYASAMAHABABAC
5205208,BmB2B/B5BhBnBZAyA9AkAaAzANAQAQAGAAAEAAB+BhBaCEB1BAA5BIAkA0AwANAYAPALAIAEAAAA
5205307,C9CpCDBRA+BKBMA3AmA8AjAeAUAOAFAIACAEAACpCeB6A9BWBRA2A6AVAkAOAaAZAKAPAJAFAAAA
5205406,BrBwBzBsBTBZBUBCA1AoApAbAYAVALAMABABACBhBkBoB0B0BaBOBIAxAvAkAdAUAVANAHADADAD
5205455,BxBzCGCIBbBWBTA8A8AwArAkARAdAJAHADAAAABgBzB4BkBcBYBBBGAzAkAlAUASAMABAGAAAEAA
5205521,BrCeCrB5B2A8A/AqAsAqAtAyAXAHAGAFAKAAAACTCWCRBlAtBIAzA/AlAjAbALAWAFAEAAAHAFAA
5205703,BtB2B9BuBhBdA6BQA3BDAqAXATAGAGALAEAEAABzBXCHBqBmBWBEA9AvAuAhAWAWAPAQAHAEAAAD
5205802,BxCGCTCCBbBMBFA5A0AyAhAbAbAVANAEACADAABwB5CKBpBPBKA+A9AsAlAoAUAVAPAFAKADACAB
5205901,BvBgBlBqBfBaBQBGBEA3A2AkAZAfAKAIADADACBmBkBtBUBWBYA/A8A4A1A2AVAUAVAIARAGAIAC
5206206,B8B8CCBwBqBcBRBAA2AmAlATAWASAFADACABABB5B6B2BvBfBYBCA+AuAuAWAXAPAJAIAKADAAAA
5206305,BLCCCRBaBjBaBTAtAgBJBBAbAZAWAPASADAAAEBeBjBjBmBmBEA8BEA0BAASAfAhAfAWAGAIAAAA
5206404,B5B/CCCECABsBMBAA1ArAfAdAMAPAHABADAAAABpB0B8ByBhBUBAA6ApAiAWATAPAMAEADACADAC
5206503,BXBtCDBpBWBeBGA6BBBCAvAtAkAVAJAJAEABAABnBtB3BlBQA0BDBJA5A4AgAoAgAOAKAFAGAAAA
5206602,BJBaBlCHBxBWBPBFA5AsAvA1AlAOASAFATAAAFBkBnB1A/BBBNBUA7BEA2AtAgAfAZAQAJABAFAA
5206701,CCCtCaB1BYBQA3A4AxASAiAOAkAEAJAFACAAABBoCNC3BpA6BDA2BNAfAZAcAVAqAQATAAADADAB
5206800,BgB+BxBtBlBdBTBfAwAyATAWAcAcASAGADACAEBcBdBtBeBlBeBJA9BGAeAdAuAPAdARACACAAAA
5206909,BjBnCCBzBSBZBDBaA5BZA1AgANAQAKAWACAAAABbBQCJBkBYA+BRA7ArA6AqAkAaAKAGAEACAAAH
5207105,BlBuBxBvB2BiBGBEAxBGAgAgADAaAZAOAAAAAABsBhBnB8BpBSA0A4A6AcAyAUAeAHANANAGAIAA
5207253,CACPCKBzBmBhBDBEA4ApAgAXAdANAEABABABAAB+CDBlByBjBnBUAzAqAkAYAMAGAEADACAAAAAA
5207352,BNCBCEB4ByBdBJBTAvA1ApAgAfAbAPADAAAAAABiB0BxBlBhBcA+AyA3AnAmAZARAMAIAHAAABAA
5207402,BfB1CCBzBlBhBLBIA4AsAuAWAXAZANAEADACAABeBxB8BvBeBbBMBBAvArAfAVAVAIAJAHAEAAAA
5207501,B6BwCEBmBcBQBABBA2AnAXAkAUAcAQAGALAHAABhB8B6ByBgBXBLBCApAjAkAgARAUASAFAFAAAA
5207535,BrB1CRCABjBcBEA8A5A2ApAaAbASAOAHAGAAAABvB8B+BhBVBGBIA4AuAmAaAcAXAPAFAGAEAAAA
5207600,BrByB2ByBoBiBMBCAxAkAuAhAgARAVAIAHAAAABqBoBrBjBdBTBNA3AvA3AnAfAWAHAPAMACAAAB
5207808,BbBsBzBxBdBYBGBDA1AqAlAnAZAiAQAIADABACBaBnBlBwBgBWBJBDA/A2AhAsAXAQAXAGAFAAAC
5207907,CrCSCUBrBgBmBLAvBHAhAUAaAPAXAFAHACAAAADGB0BvBYBNBXAtBLAaAWAPAMASAKAFAAABAAAA
5208004,CDCJCGByBhBRBIA5AuAkAYAbAQAOAIAFACAAABB7CHCJByBhBYBJA3ArAjAbAXARAJAMAEAEADAA
5208103,BnB1BwB/BcBsBEA+A4AtAeAcAfATAFAJABAAABBnCLCKBnBiBaBGAwAxAfAoAYAXAHAHAJAHAAAA
5208301,CDCFCXCOBZBOA+A6ApAjAcAaAWAQAIAPACABAABxCNCSBvBXA8A8AvArAqAiAVARAPAOAHAEAAAA
5208400,B0B8CJB9BuBjBKA5AxApAoAbAPAWAIACACAHAAB4B4B1BrBhBPA9A1AuAhAnATAcAHARACAAAAAA
5208509,BaB0BhCABcBPA+BRBGAxAnAkAkATAQAGAEAGABBRBYByBOBjBDBJA9A+BCAmA0AgAlAWAAAFAAAA
5208608,BwB2B5BvBnBbBGA/AzApAjAYAXAPAHAJADABAABpBvB6B0BmBaBJBGAxApAgAaAVAPAPAFADADAC
5208707,BnBqBrBoBnBdBPBBA0AoAgAXARANAIAFADABAABiBoBtB3B0BrBbBLA7AtAhAcAWAQAKAHADACAB
5208806,B2B7CDB1BgBaBKBCA4AtAeAcAXAMAJAIADAAACBrB3CBBmBZBYBRBEAqAjAeAcAVANAFAIABADAB
5208905,BwB8BuBuBeBWBWA2A5AnAhAbAWAYAHANAGACAABgBxCDBuBdBaBCBIAtAtAnAgAYAPAKAJAFACAA
5209101,BfB0BvByBkBUBRBHA4AlAsAfAcASANACAFABABBrBnBxBpBeBeBNA8A7AwAcAqAbAOAMADAGABAA
5209150,BfCCCAB0BkBaBDBHBHAzAzAYAdAdACAKAFAFAABoBpB6BxBQBTBCA0AqAiAfAvAfAJAGACACAAAA
5209200,BoB6B9BvBmBXBCBBA9AlAiAfAZAMAQAMAEAAABByB0BzB0BiBTBNA9A0AvAcAYATANALAIABACAA
5209408,B7ClCgB0BPBTBAA8AtAxAbAaAUAeABAEACAAAACBCACPBzBOBDA1A0AkAfAfATAUATAMAMABAAAA
5209457,B1B/CEB4B2BuBFA0AzAqAsAYAUAOAOADAHAAAAB1CHB6BkBXBSBAAyAsArAdAbAPAJAEAFACADAA
5209606,CEBiCBCTBsBUA8BNAjAzAdAwAYAHAKAEADAAACBZBtB8BdBfBIBUAnAvA4A5AnATAIAUAAAAADAA
5209705,B2ByCABmBnBZBNBCA9AwApAiAfAVARAFADABAABnBoByBjBWBTBHBAAwAsAiAZAWAYAHAFADACAB
5209804,BoBxB9B7BiBdBMA7AzAqAhAgAkALARAIAEAAAABfBoBtBqBpBbBDBBAzAwAVAyAhADAHAPADAAAA
5209903,CCCaCRB3BVBMA+A9AuAkAfAYATAOADAGACAAAACICUCWBsBTBEA/A2ArAlARAXAQAWAIAEADABAA
5209952,B9B3ByB1BcBjBSBEA7A1ArAdAcAOAFAGAEABABBtBrB0BnBoBcBJA6AqAgAkAXATALAHAEAEAAAA
5210000,BqByBzBqBlBaBMA+A3AoAnAbAYAUALAHADABAABkBqByBoBlBfBRBFA3AvAhAjAVAQAOAFAGABAB
5210109,BoBpBxBpBgBNBOA1A4A3A0AeAfAUAQAKADACABBdBiBoBqBgBfBIBGAxAjAoAoAfAcAMALALADAA
5210208,BoBqByBsBWBZBLBBA6AxAmAcAYAbANAGABAAABBjBqByBsBoBkBQBGAyApAoAbAdAUAKAFADACAA
5210307,BTBxCJBuBtBbBNBBApAxAmAqAZAcAKANABAAACB2BoBaBxB1BSA3A8AxBPAgAdALAMAHADAEAAAA
5210406,BrB3B6BuBcBeBLBCA1AuAmAZAZARAMAHADACABBmBwB3BtBrBSBKA/A+ApAiAcASAMAJAEAHADAA
5210562,BjBzCQBzBXBNBXBJA8AxAlAbAlASAMABAFAAAABcBsBYCCBqBNAxBCAvAtAvAjASAfAMABADAAAA
5210604,BtB7CABtBbBhBIBLApA0AfAfAaAUANAIABAAAABsB1BtBnBoBaBNAsAzAtAoAfATALAJAGABAFAB
5210802,BkCBBuBoBrBPBMBAAtA2A9AdAOAWAYAKAEACAABuB4BsBhBgBaBHA2A8AuApAQAWAMATACABAAAA
5210901,BuBsB4BrBnBdBRA+A2AjAqAWAZAYANALAGACAABnBqB4B8BeBRBGA7A+AoAkAbAcAOAIAFAFABAC
5211008,BrByB8BmBdBVBJBQAxAmAhAoAZAeAMAJAHAAAABnBwB9BvBiBXBEAwAvArAfAjAYAQALAJADABAC
5211206,BoBuB/B6BZBaBIBCA3AvAfAiAVAVALAIAIAAABBlBrB1BwBxBXBHBBAyAlAkAeAZARAIAEACACAA
5211305,CRCNBtBkBxBvA+BHA5AxAzAjAWANAJAFADABAAB5BWBnBgBqBdBWAzA4AgAZAUANAEAMAAABABAA
5211404,BsB0B0BoBUBSBPBAA+AvArAXAZAcAMAKAEABAABkBuB0BmBcBaBLBFA1AnAdAuAXASALAJAIABAA
5211503,BqBqBvBmBgBZBLBEA9AuAmAjAbAPAKAHADACABBgBkBrBsBlBgBVBIA6AwAnAdAZASAKAHAFABAA
5211602,BiBeCUBdBkBmBLBHBCA4AmAmAnAQAJALAIAIACBaBZBSB6BfBeBQA7AwA3ApAfATAHACAHACAAAD
5211701,BkBsB5BrBdBfBIBKA1BBA0AfAWAXANANABACAABdBjB5BtBVBPBDBIAxAlAmAcATAcAMAHAFADAC
5211800,BpB0B/B2BnBZBGA8A1AzAnAaAdAOAKAJAGACAABnByB2BuBmBRBKA4AwAhArAXAbAPALAFADACAB
5211909,BxB6BzBsBjBTBMA+A0AuAmAcARARANAKAEACABBqBwB1BqBkBYBEBDA3ApAlAbAaAQAMAJADACAB
5212006,B4B8BwBwBnBjBHA1AoA4AdAuArAMAJAEACABAKBiBzBwBqBeBcBcA3AtApAUAlAUAHADAGAMAAAA
5212105,BgBrBqB1BmBcBPBEA1ArAoAiAbATATAHAEABAABlBgBnB1ByBUBNA8A1AkAeAsAcAQAPAEADAEAA
5212204,BuBxCBB1BiBYBKA/A4AzAqAYAUAQAKAGABACAABsBzB4ByBrBYBKBCAvAgAiAWAUAMALAJADAAAA
5212303,BpBvB6BvBuBeBOA8A7AmAmAjAjALAHAGAAAAAABnB7B9BZBhBbBHA4AwAtAqAZAhANALAGABAAAA
5212501,CJCLB7BlBjBbBRA/AvAjAaASAOAKAGAEABAAAACGCFB7BrBmBlBUBBArAeAXATAQAJAGAEADABAB
5212600,BgBuCJBnBXBQBLBcAyAzA8AjAiAQAGAEAAAAAABuCDB3BcBVA2BLBOAvA/ApAMANAQAGAKAAAMAA
5212709,CDCnCRCABeBLBAAsAlA1AbARASAKAEAIAEAAAACJCTCdBwBKBEAxAxA4ArAgALAMAMAJAAAAAGAA
5212808,B0BqCCB9BzBSBJA/A1AqAnAfAZAUAKAEADAFABBqCECEBzBQBPBKA4ArAlAlATASANAEAGADABAA
5212907,BrB8BfBkBEBpAuBJBABGAgAdAYAhAAAbAAAOAABhBwCKBSBxA5BdBAAzA4AtAVAOAPAFAUAAAAAE
5212956,CGCFCDCUBEBmBYBaAnA0AXAKAPAJAJAAAAAAAAB5CQCIBOCABMA8A/AvAVAaALAGAMAIAAACAAAE
5213004,B8B3BkBwB3BaBRA4A4AwAlAcAXARAIAKAJABAACABnB0BqBaBgBFBCAxAeAgAbASAFAOAFAIAAAA
5213053,BeCUCmCCB4BHAkAjBRA6AqAnAUAYAFADABAGACBtCVCLBfA2A/AsAlAtA7AlAYAPAcAGALAAADAA
5213087,B5CCCNB8BjBXBLBHA2AoAbAVAOALAKAEACAAAABvB9COB4BlBWBHA+AwAhAaAOAMALACAGAAAAAA
5213103,B1B4ByBwBiBaBSBEA1AsAhAaAXAQAKAGAEAAACB2B1BvBiBdBbBKBAA0AsAcAgATATAHAKAEACAA
5213400,BRB+CGBwB8BEBZAxBCAxAXA4AfAFAAAUAAAAAABYBwB2BhA5BxBMBCBDAhAkAlAXAdAAAFAOAAAA
5213509,CRChCRB/BOBRA/A1AjAgAeAfAZASAQANABABAACDCqCGBRBRBAA4AvApAjAhATASANAIAKACACAA
5213707,BwB5B0BvBvBfBUBFBBA1AfAgAXANANAEAEAEABBiBjBrBuBgBbBGBDAsAiAhAhAbAJAJAGABACAB
5213756,CEB0BoBzB6B5BnBQA2AxAcAfAVATAFAJAAAAAAB4B0BgBVBbBrBIA7AkAiAXAOAOAGAHAEAEAAAA
5213806,BiBoBxBqBiBcBIA/BHAtAlAlAZAXAMAHAFABABBgBiBqBrBZBQBKBLA+A5ArAeAcAQAKALAFABAC
5213855,BqB/CHCFBpBOBPA4A2AxAqASAcANAIAGAAAEAABHBiB0B0BbBLBIBMA0AlAxAjANAgAEAPAFAAAA
5213905,ByCCB3B3BwBdBSA8AvA0ApAjAZAPAHAIAEACAABpBtBsBvBcBZA6AzAvAlAlAXAXAOAOAFAHAEAA
5214002,ByB+B+B1BrBcBHA+A5AlAmAcAYAHAKAFACAAAABxCEB+BwBbBfBDA6AsAoAiAUASANACAGACADAC
5214051,B4CKB+CABpBSBAA4AyA0AkAbAcAQAEAMADAAAABkCHCFB0BUBMBGA7A0AfAfAdANAIAKACAAAEAA
5214101,ByB/CFB0BiBSBaA9AuAiAlAgAOAPARADAGAAAABpCDCIBjBSBRA2A3AsApAnAWARAXAVAKALAAAB
5214408,BkBxCDB0BmBTBMA9A0AvAdAnAbAeAIACAGADAABbB0BwBtBWBSBRBGAzAsAqAeAYAUAHADAFAEAA
5214507,BwB1B4BxBnBcBFA3A0AxAtAVAXARAHADAFACAAB3BlBwBrBmBaBLBHAsAzAbAjAVAQAFALAFAEAA
5214606,CBCJCQBtBfBfBGA+A1ArAZAfAUALAHAHADAAAAB/CECDBtBYBLBGA3AvAmAVAbAMALAGAGABACAB
5214705,BSCFBdCSBtBcBJA1BBAXAmAeAlAVAdAAAFAEAABsBVCXBmBOBaBNAxBBAhAxAUAUAKAQAAAHAIAA
5214804,BIBcBnCUB3BIBKBSBUAWAmAjBKAOAUACAAADAABiBhBfBkBLBTBPBDA1AoAzAxAdAOAHAGAAAEAA
5214838,CLCKCNB3BbBTBNBGAnA6AlAYARAKALABACAAAAB6CEB/ByBnBPA+A4A2AfAUAWAGAKAEABAAAAAA
5214861,BeBmB/BxBjBZBDA5A1AnAsAcAYAfARAMAMABACBZBkBzB1BZBQBFA/AyAwAsAeAgAYAMAKAJAFAE
5214903,CNCUCSBwBTBQBDAzAzAwAmASATARAQAGALAAAAB+CWCPBrBGBDA0AvAmAbAjAgALAKAKAMAEAAAI
5215009,BgByByBrBkBTBHBFA5ApA9AcAbAaAXAIABAAAABdBiBcByBkBhA8BDAyA7AjAeAjAbAFAGAFAAAB
5215207,BqB2BsBsBlBZBVA2BSAuAjAcAeAJANAOAJACACBnBtB4BbBQBcBIBJApA2AgAYAaARAUACAGABAC
5215256,CLCJCKCMBqBBAqA8A8ArAiASAPAPALAEACADAABxCDCOCJBQBaBBA1ApAkALAUAVAWADACAAAAAC
5215306,BtBpByBzBwBaBJA+A8AxAwAhAiAWAKAGAEAEAABkBlBpBpBdBKBLA/AsAqAmAiAYAVANAJAHACAB
5215405,BkBlB6B7BvBaBTBBA5A0AsAbAYAOARADAGAAADBlBvBiBkBlBPBHBJAuArAjAgAYAQAQAIACABAA
5215504,BaBqCGB7BaBBBQBCBCA+AvAdAjAhAZAGAAAEAABEBoB0BmBSBJBFBCA2AsAkAwAqASAHAFADAEAA
5215603,CICRCUB8BYBGBBA3AvAvAhAVAUATAFANAEAAAAB7CHCFBkBVBQA/AyAqAfAkAbATAQAIAGADABAB
5215652,CVBhBoBWB6BjBXBRAiAsAuATAUAVAGACAIAHAABuBzB4B3BgBaA+AxAtA3AXAZAXAJAJABANAEAA
5215702,BnBxB3ByBoBYBKBIA6ArAhAqAYAfAOADAAABAABbBoBuBtBaBbBOA6AzA0AfAlAUAUAKAGADACAA
5215801,BqBjB2BKBhBdBXA8A+AnAzANAmAZAFAOAGAWAHBdBmBgB6BcBHBMBEAtASAiAuAsAgATAPADAIAA
5215900,BWBuBWBuBxBlBMA6A9A3ArApAWAbAgATABADAAB4BbBqBtBeBQBDBEAyAqAYAwAVAMALAMAFAAAA
5216007,BpBqCNBXBpBWBZA5AuBRA0AXAgAbAXAAAEAHAABlBCBwBgBYBJBRBHA9A3ASAVAcAKAIAUAVAAAA
5216304,BvBrBuBqBeBPA3A+BAAzAvAgAkAdAJAIAHADAABdBjBsBcBuBYBRBDAlA3AlAiAhATARAQACACAB
5216403,ByBzB7BvBnBdBTBKA4AwAkAiANAJALADAFAEABBvBpBtBuBtBYBKA5A3AuAXAXAVALAKAEAFACAA
5216809,BgBuB7B6BlBWBNBBA4AyAiAsAaAdAJAGACABAABfBpBwBsBaBaBJBAAtAoAnAhASAMAVAHAGACAA
5216908,B7CIB2B9B8BcBPBAA+ApApAeAGAfAMAKABACAABzBkB1BnBTBOBEA0AxApAVAhAbAJADACACAAAA
5217104,BhBsB3BrBeBaBUBCBDA0AmAjAbAaAQALADADADBWBlBuBkBXBVBJBHAuApAiAqAkAQASAEADAAAB
5217203,BvBxB/B5BVBXBCBDA+AvArAdASAVAJAQAEAEAABkBuBzBlBiBZBPBAA1AvAfAdAPAVAJADACACAC
5217302,BxByCABwBpBSBMA8A/A2AsAeAaAXAOAIADABAABsBxB0BpBXBPBBA9AxAnAaAhAVAUALAJAEABAB
5217401,BgBqBxBjBdBXBNBAA+AkAuAhAZARALAMAHAAAABhBnBxBmBeBcBQBGA7AxAmAhAdAZALAFAJAEAA
5217609,CQCPCDBvBpBVBFA8A0AhAZAVANAIAFADACAAAACMCMCDBzBiBcBGA7A2AfAOARAJAIAHAEACABAA
5217708,BdBqB2BsBiBSBDBAA7A4AuAoAhAXALAMADACACBZBpBvBoBcBMBLBEA3ArAoAiAbAWARALAKABAA
5218003,BzCBCGB3BcBOBFA9AzApAgAdAXAPAMAFACABABBtB/CDB2BhBaBKA7AwAgAbAdAVANAJAEABABAA
5218102,CGB6BuB5B+BPA4BbBEAkAhAtANAGATACAEAAAAB7BwB7BSBVBWA7BIAsAyAVAVAjAPACAFAAAAAA
5218300,CHCRCUB4BZBQBFA1ArAgAXAYAYALADAGAEAAACCCCLCXBxBcBLA9AxAmAmAeARAVAKAIAJAFACAA
5218508,BnBrBrBtBeBYBKBFA7A0AnAnAbAVAIAJAGABACBjBoBuBrBnBbBQBGA2AqAiAdAbAQAMAIABABAB
5218607,BnBuBxByBgBRA+BJA2AlAqAWAYARAPAKAAAAAABjBmB+B4BtBdBWA2AzAyAkAgAXATAMAGAHADAA
5218706,BYCMByCFBtBOBUBLAkAoAjAcAXAPAOAIACAAACB1BsCIBuBVBFBlAxAuAkAdAiAKAXARADABACAA
5218789,COBVCeBGBZB3BXBBAuBFA3AXAGAgAAAsAAAAAABjBaBfBhBUAXBrBSA+AYAuAQAQAXAJAAAiAAAA
5218805,BxB2BxBqBmBZBLA/A9AqAhAdAWAOAKAGADABAABwBzByBrBlBgBUBEAvAqAdAZAWANAJAFAFABAB
5218904,BhBpB4B2BoBTBHA/A1AqArAcAXASAOAIAEACABBkBnBxB0BoBUBDBCA1AzAoAjASAcALAIAEAAAA
5219001,BsB3B9BwBkBOBJBFA5ArAjAcATAdALABAIABAABnBuB9BrBeBYBQA9A1AuAnAXATAMAPAHACABAA
5219100,CLBgB1B8BPBRBNA3A4A1ApASAUAOAYAGAFAAAABpByB2B/BuBbA8BHAmA2AeAOAVAVAJAGAEAAAA
5219209,BuB8B4BiBlBnBCBHA/A7AlA/ANAXAfANACAAAABqBqBdBXBIBSBhAyAzAlAjAmAWAOADAHACAAAA
5219258,B2CCCCBoB1BnBUBFAsAuAaAnAVAPAPADAEAAAABoBmCCBzBIBPA5BFA6AmAcAaAaAIAEAHADAFAA
5219308,BxB6BvBuBcBcBJBBA8ApAnAbAbARAHAFAGABAABvB0B8BmBfBiBUBBAxAqAfAbATAOAHADAHABAB
5219357,BfCCBuB4B3BXBEBIA3AvAiAkAlAMAMANAKAAADBNBlBRCCB0BNBAA3A1AmA4AfANAYAKAIAJAAAA
5219407,BiB+CCB4A5BSBMBNA4AvAiAeAYAVAPAGADAFAABtBwCEBtBoBcBJA4AxAmAnAYAJAjAFAFACABAA
5219506,B2BmBsCBBuBXBWA0A2A1AzATAQAJALAWAGAAAABbBxBfB3BmBUAwBaA4AoAaAhAUAJAZANAAADAA
5219605,BfCXCKB4BXBQBKA+A0ApAcAiAeAKAIADAAAAAABcCICLB9BTBNBBA+A1AtAlAgAQAMACADADAFAA
5219704,B4B8CHBuB0BgBNBGA2AjAiAXAQAPAGAFAAADAAB5CBCCB8BlBXBFAyArAlAbASAKAHADADACABAA
5219753,CXCSCDBeBlBXBCA5AyAjAcATARAOAKAEADAAAACFCKCIBoBhBaBIA4ArAgAZATAVAJAHAEAAAAAB
5219803,CACUCZB6BaBKA+A4AzAnAeAbALAYAOACADABAAB9CbCTBqBMBAA4AwAjAiAXAaAVAPARAJAEACAB
5219902,BxB7CCB0BkBXBPBCAsA4AkAgAjANAQAGAHAAAABsBvB7BjBXBRBGAoBCAoAgAZASAVAPAFADAAAA
5220009,CWCZCRBtBTBUBGBAAwAqAtAfAWAZAFAJACAAAAB+B6B9BeBMBBBGAwAsAoAbAaAQAFAJAJAKAAAA
5220058,CIBABtCKBQBHBxA8AqBQA5AbAaASADAZAAAAAABICCBsBXByBnBPA3A6ASArARAYAXANAAAAAGAA
5220108,BkBoB2BvBdBYBHA/A5A0AoAdAUAXAKAKACADAABfBhBtBwBoBZBPBIA7AqAsAaAeASAKAIAIACAA
5220157,BzCCCaB2BlBNBPA5BBAjAoAYATARACADACAAAAB0CJCLBtBTBNBGA7AcAlAZAUAWAOAJAEAHAAAG
5220207,ByB5B7B+BpBXBAA+A4AnAkAbANAVALALAEACADBmByCCB1BkBOBDBCA1AwAfAZAQAOAIAEACABAA
5220264,CDBqCTCBBUBIBRBZBGA7AOATAlAWADAJAJAAAACABkB4BvBTBQBFAmBAAmAIAoALACAJASAAAAAA
5220405,BfBqB7B2BQBPBABEA3A6A1AhAeAaASAKAGABAABVBnB3BtBgBVBOA+A7ApAuAWAfAQAWAFAAAAAA
5220454,CVCJCABmBjBjBNA9AsAeAZAXARAKAGAFAEAAAACLCGB3BmBnBiBMA5AoAlAXAUAQAJAFAFACAAAA
5220504,CABrB6B9B8BmBKBEA0A8ApApAVASALAGAGACAABtBsBZBgBcBXBAAyAzAsAgASAMATAJANAAABAA
5220603,BfB2CMCEBmBbBJBQArAsAnAgAXAQARAFABAAAAByBiB8BkBVBNBEAsA7AsAkAaATAXAJALAFADAB
5220686,CcCeCbB1BZBMA7AsAoAxARAYAKAJAKAMAIAAAABsCWCaB3BYA8A6AyAnArAdAeAKALAFAIAEAAAA
5220702,CRC5CtBoBKBGAwBYAnAeAeAUASAQANADADAAAACPCIDBBgBHAnBLAyAjAhAGAMAZAFAKAMACAAAA
5221007,BsBlB0BeBiBmBOBOA3A2AjAnAgAOALAOAMABAABlBZBjBnBLBXBOBAA4A0AfAiAbAfAJAMACAAAG
5221080,CKCuCIB3BaBDBCA8APArAuAWAQAAAzAAAAAAAAB4CdB/BqBMBDAQBLAuA1ApARAdASAIAAAAAAAA
5221304,CEBTBpBRB5BaBWBSA7AiAsA1AeAVAnAbAAAFAABLB1BuBHBvBHA5AoA1A+AoAYAVAnABAKAFAAAA
5221403,BvB2B9BtBhBZBLBAAzAkAkAXAVAPALAHAEABAABtByB6BxBmBWBTBFAxArAfAdAWANALAHAEACAA
5221452,B/CACOCEBcBTApBBA1AyAgArAXAUAMAFAEADAABcCICTBvBRBOBIAqApAlAsAYASAKAIADABAAAB
5221502,BmBxB2BrBiBbBFBIA4AvAzAkAuANAOANACAAAABYBlBmBoBfBLBQBGAxAyAbAnAhANASAEABACAB
5221551,CXCAB0B5B4BGA8BaBAApAiArAPALAAAFAJAAAABZCFBUBmB2BJBCBBA/ARAUAhAVANAKAJAAAFAA
5221601,B2B5B7B5BcBWBFA6AwAoAfAdAVARAKAIACAAAABxB4B9BuBsBYBLA8AuAqAeAcAZAPAHAGAEADAC
5221700,BgBrB9BuBzBPBQBLA1AvAmAZAVAZAOAEAEAAAABlBwBuBzBbBaBNA5A5AiAoAaAeAUALAKABAAAB
5221809,BYBqBzBbBbBXBKBYBAAuAwAtAfAWACAJAEAAAABSBmB6BfBaBYBIA/A5BGAoAbAkAOARADAFAGAA
5221908,BOCFB6BnByBJBRA9AzA3AuAaAdAVANAGAEAMAABkB0CCBpAwBgBIA+A4AsArAWAcAZAHAFACAIAA
5222005,B0ByB8ByBuBeBMBFA3AjArAWAUAZAMAEADABAABiBpB+BqBhBaBFAyAtAyAfAjATASAMAIAEAAAB
5222054,CGB4B9B3BhBgBRBAAzAyAfAhAYALAJAAAEAAACBqB1BxBwBrBgBIBDAoAgAfAUAVAHADACACAAAA
5300108,BvB0ByBkBqBfBLA/A0AmAgAWAPAJAFADACABAABsBxB0B1B2BsBXBKA6ArAfAXARALAHAFADABAA
