codigo,pir
1100106,C5CkCABZBRBEBFBCBIAxAkAVAJAGAEACACAAAACnCdB4BtBKBRA6A0AvAdATAMAHAGAEACADAAAB
1100205,C1CXB8BuBjBOBEA8A8ArAkAXAMAHAFACACABAAC0CWCDBvBVA9A0AsAmAdAUAMALAGADACABAAAA
1200104,DGCqCCBuBYA6A3A5AyAnAdASAIAHAKAHAFAAAAC8C2CVBkBNA7AxAqAlAXASANAJAGADACADAAAA
1200203,DKCrCGBzBaBBA0AsAkAhAbASAPAHAGADADABAAC9CwCQBuBZBAAtAnAgAXAZASAKAIADACABABAB
1200302,DVCqB9CGBgBCAyAuAlAYAaAVAPALAJADACABAADOCaCQCIBUAtAqAnAbAUARAOAIAHAEAAACABAA
1200401,C4CyCHB7BTA9A5AyAzAnAgATANAHAEADADACAACuCdCKBxBUA9A1AyAnAcARASAJAHADACACABAB
1200500,DFCiCLBzBdBSA9A2ApApAXAWAOAIAFACACABAAC8CZCABwBZBCA1AlAjAWAWAOAKADADABACABAA
1200609,DAC6CSB3BZBBAzAtAnAkAYASAOAGAFACADACAAC5CzCKBzBcBBApAtAfAXAQAMAIAFACABABABAA
1200708,DPCgCJBpBFBGA4AwA2AvAhAaAJAPAEADACABAADQChB3BuBLA7AtAuAkAfAUAPAJAIAFAEABAAAA
1300102,DLC1CEBwBPBFA4AyAwAfAoAWAOAKAFADAAAAAADCCoCIBZA9BCAxAjAqAeAZARAIAMAEACADAAAA
1300201,DtCTB9CCBlBTBFAyA6AlAZASAJAIAEAAAAABABDYCsCBBWBMBBAqAcAXATAQAKAHAHADABABAAAA
1300300,DMCkCVBpBJBBAzA7AnAiAeAhAOAKADACAAACABDFC2CPBdBPA1A2ApAaAfAXATAIAFACADABABAB
1300409,DoCDBzBlBVBQBuAnAtAiAbARAQAEAEAAAAAAAADjCUB1BjBNBFBWA0AlARAOAKACAEAAAAAAAAAA
1300508,CiCxCZB8BOA9A2AwAlAgAhAaAOAKAFADABAAAACkCwCWB6BGBBAzAmAoAkAZAJARAIAGADAEABAA
1300607,DLCqCKB2BSBDA3AtAiAYAXAUAOASACADABABAADLCbCJB5BWBGAoArAiAcAQASANAJADABABABAB
1300706,DACgCKBqBXBAA9AvAtApAeARAPAIAGADAFACABC6CpCFBvBWA+AyAsAhAaAaARANAJADACACABAA
1300805,CaCjCgCBBOBFAuA9A5AkAbAaAUAJAFACACAAAACTChCXB+BRA5AzAuArAgASASAKAJADABABAAAB
1300904,DXCuCAB1BFBABLAlAdAmAeAaAQAHAAABAAAAAADSCnCEBtBLA5A0AqAgAiAVASANAGADAAABAAAB
1301001,DUC0CbBjBYBJAxArApAdASARAMAFAFADACAAAADrCdCIBlBYBGAvAiAgARAQAQAJAFAEABAAAAAA
1301100,DCC1CTBwBNA/A1AvAqAoAfAYASAJAFAEACAAABDACoCBBtBKA4AsAsAiAcAYAPAMAJAFADACABAB
1301209,C9CsCPB5BRBAA2AxArAoAdAWANAIAFACACAAAAC+CSCJB5BZBGAyAuAgAaASANALAFAEACABAAAB
1301308,DiCmCQBoBHA3A3A7AnAhAWATASALAFAAADABAADACuCMB1BRA+AxAsAmAUATAMAMAGABABAAABAB
1301407,DeCnCPBzBTAxAwAsAwAeASATALAKAHACADADABDSCiCUByBNA/AyAmAmAUASAMAJAFAIABACAAAB
1301506,DLCjClBkBRBPA+ApApAbAhANAMAIADAEACADAADSCkCFBzBYA+AyAlAhASAXAMAMAEABABAAAAAA
1301605,C7C1CQBnBYA6AuA0ArAkAYAQAMAHAAADABAAAADNC1CZBvBMBBA0AxAfAYASAQAHAHAFAAAAABAA
1301704,C4C9CNBxBMBCAvAyApAnAaAXAPAJAHAEABAAABDDCjCLBwBIBBAnAzAdAdAZASANAHAHAAACABAA
1301803,DKC1CBBxBZBIAyAvAmAfAbASALAHAHABADACABDKCnB4B4BcA3A0AkAlAcAWAQALAIACABACABAB
1301902,C6CtCHB6BPA+A6AwApAeAbAYAMAJAGADADABABDFCrCHBxBNA6AxAuAlAZAWASANALAFADACABAB
1302009,DOCdBsBNCDBVAyAvAbAkAdAfAOAVADAJADAAAADJCMB9B0BKA8A1AnAjAcAXAXAbAOADADAAAAAA
1302108,DgC+CeBhBOBaA/AtAuAgAmAQAHAIAAACAAAAAADKCZCXBCBgA4AmBCARAdAMAAAJAHACAAAAAAAA
1302207,C5CuCOBsBRBHA8A5AlA1AYATAPAEABAAAAAAABC7C7CIBiBcBHAuAsAgAQATAMAMAHABACADAAAA
1302306,DCCUCICCB1BDA5A0A8AbAaANAFACAGAFAAAAAAC6CZCaCFBfA4AvAqAeAeARAEAHACACAAAAAAAA
1302405,DFC0CZBqBPBLAzArAoAmAfATAMAHAGADAEAAABCyCwCJByBNBAAtAtAgAVAWAOAQAGAHACABAAAA
1302504,DQCqCQBlBSBFA8AyAuAfAaASAPAJAEADACAAAADICqCFBnBNBAA4ApAiAZASARALAIADACABABAA
1302603,CiCWB+BpBYBCA5AvAsAiAbATAOAJAFADACABAACgCUCKCFBqBIA+A0AsAkAbAWAPALAHAEADABAB
1302702,C5C0COBsBVA7A4A0AwAhAYAZAUAPAFACACABAAC4CkCHBlBABBA4AvAoAUAZARATAMAFADABAAAB
1302801,DQCqCRBrBSBFBBAyAkAhAcAXALAJABABABAAAADXCmCGBsBRA/AyAjAlAgAOAJAGAFAEAAAAABAA
1302900,CnCpCaB8BMA6AzBCAuAoAgAWANAKAFACACAAAACsCSCWByBHBGAyA2AhAjAXARAMAFAEADACABAB
1303007,CtCgCjBjBCA7AyArAxAeAaAVAJAJAEADACABAADLCqC0CGBPA4AtAwAeAdAUAMAHAKADAEABAAAB
1303106,CrCMCgCGBPA7A8AuBAAoAaAaAOALADACAAAAABChCHCWCLBTA0AtA9AiAjAXAVAOAGABACABAAAA
1303205,CGCcCOCMBlBTBYBNA6ApA1AVASAEADAAAAADAACTCNBwB0BoBBAyAsAcAhASAIAEAEAAABABAAAA
1303304,CXC2CRCMBdBKBBA9AtAlAgAJAOAGACACAAAAAACyCwCPBmBJA5AwA1AgAdATAOAKAGABAAAAAAAA
1303403,C8CkCSBwBRA5AzAxAvAeAXATARALAGACACABAAC0CqCZB5BNA2AtA1AiAbAWATAPAKAHACABABAA
1303502,DJCdCKB3BKA/A3ArAmAgApAWAXAOAEAEAAAAADDACSB+BtBWBDA5AoAnAdAcAWAQAGAEAAACAAAA
1303601,CXCUB7ByBJBOBMA1AkAvAfASAkAJANACADAAAAC7B5ByCYBgBQA4AzAdAwARAMAOADAIADAAAAAA
1303700,C4DACRBzBbBBAtAtAmAiAcAWALAJAFADAAAAABDACmB/B1BTBCA6AkAhAaAVAOAKAJAIABABAAAA
1303809,CeCDB5B0BUBZBCA1ArAlAqAaAXALAHACAAAAAACkCBB5B8BqBZA+AvAtAfAdARARAIABABAAAAAA
1303908,DLCtCJB5BYBDA1ArAoAgAbAWANAHACADAAAAAAC9CkCCB9BgA/AwArAeAhAVALAIADADABABAAAA
1304005,CiCxCXBjBRA4A4A7A3AuAXAbARAJAKADACAAAADFCbCLBiBaAzAuAwArAaARAVAOAGAIAFACAAAB
1304104,CtC2CSBxBTBEBDAwAzAiAbAQARAHAFAAABAAAADICkCHB5BUBDAtAqAdAVAVANALAEACAAABABAB
1304203,DFCaCPCFBRBFA2AyAiAkAaAVAPAJAGAEABAAAAC8CaCPB0BUA7AyAuAmAdARAVAKAEAEACABABAB
1304302,DLCnB+B6BNBMBAA0AfAgAiAcAVASAAAAABABACDTCaCBBZBRBBA0AnAZAdAQAcAPAKABADABAAAA
1304401,C8CgCKB7BVBKAzA5AjAjAcAaANALAEAFABACAAC1CyB8BzBDA/A1AlApAbATAYAPAJAHADABABAA
1400100,CyCiCPB9BYA+AxAxAvAqAdARAPAIAEACABABAACpCtCSCBBYA7AwAqAsAXAOAPAKAHAEACACABAB
1400209,DNCfCDBmBNBKA+A8BCAtAnAdANALACAGACACACDWCYB4BfBEAwA0AtAaAlAVARAKAAAGADAAAAAA
1500107,C8ChCVBvBaBBAzAtAmAfAbASASAKAHADACABABCyCeCLB0BdA/AuAuAjAfAXAQAQAJAHADADABAC
1500206,C2CbB7CABeBYA/AvAvAiAgAWAVANAHADACABAAC6CPBzBpBaBEAsArAiAcAXAVAPALAJACACABAB
1500305,DKCiCKB4BRBBA3AxAkAfAeAWASAQAGADACACAADJCZB9BsBQBAAtA0AcAXAUAWAQANAGADACABAB
1500404,C3CoCBB3BDBCA/AxAvAhAbASAQAPAHADABABABC0CaCRBsBLBAA0AyAnAhAYASAPAMAIAEACABAB
1500503,CyClCTBxBuBTA1A5AkApAWAXANAGAEAEAAAAADDAChCSBtBVA3AoAvAgAcAMAOAJAGADACABAAAA
1500602,C8CuCTBwBPA8AtA4A0ApAiASALAHAEACACACAADGCiCVBrBNA4AwAxAqAaAYAJAHAIAEADACABAA
1500701,CpC0CFB4BVBKA6A7AqAkAZAYANAMACABABACACCeCsCPBtBQBLAwAsAoAcAWANAMAGAGABADABAB
1500800,DDCdB/BaBXBEA9AzAwAjAcARAQALAGADABAAABDBCbB/BoBaBCA0A7ApAdAVAWASAKAEABAEAAAB
1500909,C1CqCFBrBQA8AwA4AuAkAhAPARASALACABABABCvCxCCBwBUA/AxAvAhAeAbATAQALAHACADABAA
1501006,CtCtCJB8BGBMA3AyAmAeAZAdAOAPAFAEAGAAABCuChCXBvBBBFA+AmAlAXAkAUAJALAEAEACAAAB
1501105,DICfCAB5BmBSBPAnA2AjAeAKALAFAEACAAADAADRCRB0BvBoBAAtAvAWARALATAMAKADABACAAAA
1501204,C+CaB7B5BVA/AzAuAtAlAVAYATALAHAFAEAAABC/ChCLB6BQA6AqAyAkAcAYAXAOAKAHAFACABAC
1501303,C1CtCHBvBWBOA6AqAkAoAbAbAVAMAJADADAAABC6CXCLBdBVA+AyArAjAcAVAVAOAJAIAEAEABAC
1501402,CaCQB+BrBYA/A4AuAqAhAZAUAOAJAFADACABAACZCNCKCJBtBMA/A2AvAjAeAZATANAJAFAEABAB
1501501,C6CeCCBxBfBIA/A1AsAoAXAVAVAOAGACACABAAC+CMCABdBMBFA+AtAoAhASASASAMAGADACABAD
1501600,C1CZCYB3BVA0A2AsAwAlAUAXARAQAHACAGAAABCvCmCOBuBEBFArA4AiAbAdAWAQAMAKACABABAA
1501709,CtCqCQBxBOA9AvAwAwAjAeAXAOALAFAEADAAABCtCkCIBxBSBAAyAzApAfAYAUAQALAGAFADABAB
1501808,C3CcCMCBBaBFAzAxAnAhAcASASAJAGACADABABC4CcCIBzBcBHAxArAhAdAVAQANAFAEADABABAB
1501907,DICXB6B4BOBQA2A1ApAhAfAfAXAMAJADABABABCyCOB8BiBYBFAyA1AmAfAZAWAQAJAJACACAAAA
1502004,C+CmCUB3A5A/A5AxA0AaAZAUAQASALAGADACACCyCqCUBeBCA1A9ApAvATATATARASAHAFAEADAE
1502103,C7CcCMB1BPBCA2ApApAdAcAVARALAHAEADABABC3CVCLBxBTBCAyAxAnAhAZATAUALAIADAEACAC
1502202,C2CgCJBsBDBBA4AuAtAbAiATARAIAGAFADABABCtCgCUB7BUA9AyA2AiAgAfASAOAKAIAFADABAB
1502301,DOChB1CBBqBKA7AzAlAhAaAVAQAMAHADABABAADLCSB3BuBMBDAxAtAdAbATATAOAHAGADACAAAA
1502400,C4CcCOBpBRBAA3AuAwAiAZAYARANAHAEACABAACnCaCKB/BTBEA0AuApAdAVAWATAKAHAEAEABAA
1502509,C8CeCJBsBNBGBFA3A0AZAiAYAXALAHACADAAABCqCbB3BkBIBAA9A9AnAeAhATAOAJAHADAAABAB
1502608,CpCfCFBoBZA4A5AzArAdAhAaAXAOAGACAIADABDDCBCDBXBUBAA/A3AlAnAcAWAXASAGAGADABAA
1502707,C6CJB1BmBoBfBTBGA/ArAdAYAQAIAFACACABAACzCSBwBgBOA/A7AwAiAXAVAUAPAJAFABACABAB
1502806,C7CcCACBBdBOAqA1AqAjAmATARAQAHADABAAAADBCQCNBxBdA5AuApAgAdAUASANAHAEABABAEAB
1502905,CtCaCOBtBJA6AuA3ArAeAkAfASAQAJAFADACABCqCcCLBmBHBCAyAyAlAjAbAaATAVANAEADAEAB
1503002,CvCcCVBtBJA7AwA9AlAiAgAZAWALAGAFABAAABCkCkCWBvBTAyAzA3AiAcAcAbAWAMAHAHABABAD
1503101,C6C2CMBoBWBNA+ArAfAWAgAUAUAMAEAHACABAADECfBxBxBaBIA2ArAcAaAWAPARAKAEACADABAB
1503200,C0CkCJBrBEA+A0AyA3AjAhAeAWAIAHAHADAAACC8CQCMBrBMA6A2AuAlAgAWAYATAMAJADACACAB
1503309,C6CoCPB4BWA+A0ArAkAjAZAUAPANAHAEADAAAADBCcCCB8BNA9AyAuApAbAVAQAOAJAJAEADABAC
1503408,C8CdCEBxBNBEAxAyAjAsApAcARAOAJADAGABABCuCtCDBoBFBCAsArAkAgASAUAPAPAIAFAEADAE
1503507,DOCVB/BvBUBPA0AzArAmAeAaAPALAFAEACABABDHCIB9BvBPBMAsAuApAdAWAUAOAKAJACABAAAB
1503606,CzCHCGBoCCBjBbBGAzAqAYAaAVAGACADABAAAACkCNB8B2BQA4AuAmAgAVAZAJAJAGALABABABAA
1503705,CYCPBpBIBSB3B5BwBtAsA8AlAdAHAKABAGACACCWB5BWBIBAA4BCA3AkAMAYARAOAJACAAAAAAAC
1503804,CaCNBxBrBxA7AvBQBJAiAxAjAdAUAEAEAEAAAADDCcB0BPBPBBAhAhA8AxARAbAMAIAAAFAAAAAA
1503903,C5CoCIB6BSA+ApA3AoAhAbAYAOALAIAEACAAAAC4CjCRBsBJA5AsAvAvAgAYATAQAMAIADACAAAB
1504000,C/CnCWBvBVBCAzAvAmAhAeAdANALAEAAADACABCzCcCJB0BVA/AsAwAoAXAXASASAGAHAEABABAB
1504109,CgCWCICABQA7AyArAzAkAXAsATAMAEACAAACABCiCsCSBwBUA0A0AuAlAcAkAfAYAGAFADADAAAC
1504208,CmCFBzBmBgByBhBQBFAnAjAUANAGAEACABAAAACdCDB3BeBRA/BCAyAoAZAWATARAKAGABACABAA
1504307,C3CbCSBvBNBCAzAsAuAkAiAeAPANAFABACABABCuChCHBpBRA9A1AsAoAeAfAWAVAKAHADAEABAC
1504406,CyChCPBqBKA8A0A9AyAfAgAYAcAPAFACADACAACmCcCBBlBJA+A4AvAnAkAgAZARAPAJAEAFACAB
1504505,DdCNB7BoBdBYAyA1AsAgAhAOAOAWAJACAAAAAAC+CdBvB6BcBcAvAgARAhAUAMANAHAJABAAACAD
1504604,CsCQB7CIBJBHA1AwA0AhATARAcALAFADACACAAC2CLCcBvBOBBAxArAmAhAdAgAbAJALAAACAAAC
1504703,C6CiCJB6BbBEA5A0ApApAdAZAYAMAJABABAAAAC1CWB0BxBKBEA0AuAhAlARAUALALAEADADABAB
1504802,DOCkCWBxBOA7A6AsAlAcAdAZATANADADACACABC1CjCPBxBJA3A0ArAkAcAXAVAMAMAEAEADABAA
1504901,CoCtCPB4BZBCA4AxAuAnAZAXASAJAFADADAAABDDChCMBhBNA/A2AoAeAaASATAQAOAHAEADABAB
1505007,DECQCHB1BUBEA3A0AqAhAfAaAUAIAMADACABABCyCUCKBuBRBDA1AmAoAmATAWAXAGAEAFACABAB
1505106,DFCkCEB0BHBFA0AuApAfAfAXAPALAFAEABABABCzCgCNBjBaA7A0ApAiAgAbAYASANAIAEAEACAC
1505205,C5CkB+CJBlBQA5AyAiAiAaAXAOANAKADADABAAC7COCCB0BNBLAqAwAgAbASAQAHAKAEAEACACAC
1505304,C0CfCGBwBRBBA3AvAsAfAkAXARALAGAFABABABChCvCSBtBOBCA4AoAgAdAVAcATANAIAFAEABAB
1505403,DKCbCCB3BhBIA6A2AuAhAbAUAQAMAEADACABAADKCUCCBsBVA9AzAoAiAWAXAPAPAHAFACACABAA
1505502,CxCQCDB5CKBzBZBHA5AkAcAPAPAGADACACAAAAC0CCBsBmBUBIAuAtAcATAQAHAHABABAAABAAAC
1505601,CWDICkBsBTAtAuA5AvAmAcAeASAJACACACABADC7CYCECDBCA7A0AqAzAXAXARAPAIAEACABAAAA
1505700,DJCMCZBzBLBDA8AvAvAfAcAYAWARAFAEADABABCjCfCDBtBPA2AsA4AhAfAfAWAQAMAKADABABAB
1505809,DYCGCHBpBtBKA+A1AqAdAfAWANAMAHABACABAAC5CVB6BxBlBGAwAnAfAZASAPAPAKAGAEABABAA
1505908,DlCqCEBdBhBLA3AvAuAaAZARANARACADAAABAADGCgCLBcBXBPAyAvAXAbAOAKAQAEAGAAAAABAB
1506005,DbCuCDBtBMA+A/AsAsAhAWAWARAIAHACACAAABDXCjCHB1BTA0AsAqAjATATAPAHAFAHAAACAAAB
1506104,CuChCPBxBIA+AzA2AtAlAeAbAYALAIADABABABCzCiCJBuBAA8AxAyAoAhAcAUAVALAIAEACABAD
1506203,CpCdCDB0BUA6ArA5AqApAaAVAdASAHAFADACAAC2CWCJBzBIBEA6ArAdAfAbAbAaAOAHAFACABAB
1506302,CqCdB8BuBNA6BBAvAqApAoAfAQALAJAHACABAACnCeCMBeBLAzAtAyApAgAlAdAfATALADAJACAA
1506401,C+ChCMB9BJA6A4AtAtAcAfAUANAKAGACADAAAADACnCeBzBEA/A0AoAwAUAPAYAOAHAKACACAAAA
1506500,C6CSCCBkBdBGBBA0AoAlAeAYASAMAMAGAEAAAADGCCB+BhBVA7A9AoAlAZAhATAYARAKACAIAEAB
1506609,DPCjB/B1BSA4A0AzAzAfAhAWANALAHADAFACAAC/CSCBBsBSBAA7AnAqAcAWARAOANAGADACACAC
1506708,CZB9CDCJC0BmBdA9BAAaAgAYALAIAEACAEAAABCTB2BmB1BdA8AiAsAlAZAXAVALAIADACAAAAAA
1506807,C4CrCQBvBLA+AzAuApAgAYAVAQAMAGADACABAACzCnCSB4BPA+AwAuAmAaAZAWAPALAHADACABAB
1506906,C4CbCmCIBJAwAsAwAzAxAUAZAOAJADACADACAACxCrCOBYBIBUAjA+A1AaALAZAKALABADAAAAAB
1507003,C3CHCAB+BcBTA+AxAuAfAgAWAYAJAMAEADACAACrCLCGBrBZA8AyAtApAnAVAUAMAOAIAGABABAB
1507102,CvCQB0CBBRBBA5A3AwAiAjAZATAMAFAHABAAAAC7CFCKBeBaA+A4AyAmAjAfAeATAMAJACABACAC
1507201,DDCQB/B2BqBZBMAxAsAoAZATASAMAHACACABAAC/CEB1BsBTBGAwAnAiAiASAQAPAJAFABACAAAB
1507300,DNCiBrCDBhBiA0AuAyAxAaAcAPAAAJAGAAAAAAC7CeB5BnBlAuAmBAAuAZAIAHAGAKAAAAAAAAAA
1507409,DDCVCQBeBPBDA5BEA8AjAkATAMATAIACADAAAACWCjB/BuBDBGA5AnAlAlAeAVAOAQADADAEAEAA
1507508,C1CQB5BbBUBYBZBPBJAxAfAXAOAGAEACABACABCpCIBrBjBNBLBFA8AqAYAUAKANAHAEAAADABAA
1507607,CxCfCCBmBfBFA1AvAtAfAeAYATAOAIAEABABABCxCbB7B0BgBEAxAxApAhAUAXAUALAFACACABAA
1507706,C9CdCIBuBbBHA5AvAnAhAiAWANAGAJADADABABCfCfCBB4BfBOAtAyApAlAVAQAJAKADABADAAAB
1507805,CwCpCKBpBvA3A8AtAxAoAyAfAVADAHACAAACAAC9CdCfBdBTBAAgApAnAWASALAIAFAJADADADAA
1507904,C2CnCOBpBNA6AxA2AzAmAcAdAUASAGADABAAAAChCaCIBiBSA2AyA3AsAcAaAXAWARAHADAGACAB
1508001,DMCFB0CNB2BmBGA3ArAiAcAWAIAJACABABAAAACsCNBsBxBjBBAyAuAjAZAUANAMAIAFABAAAAAA
1508100,DYCXCPBaBPBABCA+BDAkAeAYARANAEACAAAAAACxCfCLBhA4BIAzAxAlAdAaAQAHAHAGACABABAB
1508209,CwCWB/B1BOBGA2A2AvAjAbAdASAJAKAEACABAACuCVCGBmBUA+AsA1AsAgAfAWAWAPAOAEADACAB
1508308,CyCsCHBrBTBCA6AxAyAhAdAXAUAKAHADABAAAADDCaCIBoBQBDAyAuAlAYAYAUAMANAGACACABAB
1600105,DUCsCSBuBQA4AuAvAxAgAYAdAKAKAFACADABAADPCgCbBdBPA+AvAsAYAVAaAPAOAHAEADADABAB
1600204,C1C6CGBzBaA/AhAvA/ApAZAZAaAQAAAAADAAAADlCNB8B0BEAxBAAlAhAZAUAWASACADAAAAAAAA
1600303,DDCgCOBwBMBBA1AxApAdAZASANAIAEACABAAABC8CkCUB5BVBDA1AwAmAaAWAQAOAJAEACACABAB
1600402,DJCsCIBpBTBGBCAzA4AkAWAUATAMAEADACAAAADJCXCABkBPBBA4AvAbAaAYANAKAGAGABAEABAB
1600501,C+CzCUBhBjBPAyAsBDAWALAOANALAAACAEAAAADPCzCHBxBkAwAxA+AnAGAOAOAEAAACAAAAAAAA
2000107,C+DACgCJBNBXAyA1BVAlAfAAAGAAAGAAAAAAAAB/C+CUBaA3AtBABXAtANAIAFAAAAAAAKAAAAAA
2100105,CZDACJB9BwBUAeA0AmAgAcAaAJALAHAAAAAAAACsCXCDCNBRBGA8AfAvAdAQAFAQAFAAADAGAAAA
2100204,C3CZCKBeBLBCBEA3AzAmAhAUAYAJAFACABAAAACxCtBxBfBNBNA+AxArAgAZANAVAJALABAEAAAB
2100303,ChCdCBB1BcBHBCAyAsAeAdARAUAPAHAEAFAAABCjCdB+ByBaBJA3A0ArAjAWATARAHAGACACAAAC
2100402,CaCtB4B5BbBEBBA4AzAiAdATAPAIAGABABABABCpCXCDBxBeBDA+AyApAgAcARAOAGAHABACAAAB
2100501,CkCXCYBlBGBEA2AtAnAUApAXAcAOAEACADAAAACwCHCHBkBOBPBQAhArAcAiAcAmAMAGABALADAC
2100600,DDCfCEBkBZBIBDAzAvAdAgAWAWAKAFADABAAAAC3CSB5BsBcBIA5AnAeAgAYATATALAEABADABAB
2100709,C6CnCDB0BKBAA7A0AhAeAgAPAbAMAMADAJADABC2CeB9BsBPA6AzA1AmAdAaAWAUAJAFAEAEABAD
2100808,CrCrCXBrBSBGAzAxApAaAfAXARALACAEAFAAAACnCoByCABaBPA5AmAzAYAXARALAHAGAFACABAA
2100907,CqC0CFBmBOA+A9AxA0AfAfAUAVALAJACACAAAAC5CjCDBgBZBBA4A5ApAcAYARAOAHAGACACABAB
2101004,CmCkCNBzBTA/BAAsArAnAaASAUAKAIAFACAAABCdCVCLB8BTBFA6AwArAfAdASAPAHAKACACABAA
2101103,C0CaCBBoA/BFA6AzAlAgAeAeATAOAKABAHADAEDGCOB9BmBGA+A9AzAnAfAcATAYASAOAKAGACAC
2101202,CpCVCEBmBYA+A8A2AuAoAeAWAQALAFACACAAAACqCLCDB3BjBCBBA5AwAgAeASAQAJAGABACABAB
2101301,CiCjCQBkBOA3A8A4AxAmAkASASAMAJAEACAAABCqCfCPBWBNA4A+A4AqAhAfAbAYALAIACAHAAAA
2101400,CgCYCNBvBTA+A1AtAlAkAfAWAUAQADACABABABCdCRCHB+BeBBA7AzAuAiAjAaAWAPAFAEADACAB
2101509,CoCbB8BsBRA9BEAnAjAcAjAcAWAPAHAHADABAACwCTB6B0BaBHA5AwAlAhAeAgAQAQALAGADABAB
2101608,DACeB+BoBfBIA8AyAtAgAbAWAPALADADACAAAAC7CYB6B0BlBBA+AtAkAaAWARAMAIAFACACABAA
2101707,DJCpCSBmBFA9A7AoAmAcAaAQAQAKAJAGADACAADRCsCCB1BRA9AxAvAkAXAUARAOAKAHADADABAB
2101806,C7CkB+BvBeA7AyA0AgAdAhATARAKAAACABAAABCtCsCLBsBjA7A/AxAnAcAXASATAKAEAEADAAAA
2101905,CtCpCcBqBVA9A2AzAtAdAfAYAOAJAFABACAAAACsCpCDBnBNBBA1AxApAhAdATAUAHAJABADABAB
2102002,CcCICABqBkBKBIBCA9AjAeAVATALAFACACAAAACaCBB+B1BfBVBBA3AwAfAWATAOAHAGABACAAAA
2102101,CiClCXB5BSA8AwAxAvAjASAQARAPAIAEABABAACXCwCQB7BiA6AvAwAqAcAWAQARAPAMADACAAAB
2102200,C1CcCQB+BRA7A0AuAoAeAaAcARAJADACADACACCvCkCFB5BYA7AxA1AmAdAYAUAPAHAHADADACAB
2102309,CbCmCMBwBTBDA6AvApAiAYAcAQAKAJACAEACABCbCgCPB2BPBJA6AqAjAjAaAeATAKAIAFADADAB
2102408,C6ClCgBtBWAxAwA0AmAqAbAPASAOAEAFACADABCxCeCIBlBQA2A0AzArAYAcAQAWALAGAFAFACAD
2102507,CtCUCDCBBOA9AzA6AtAiAfAQARAJAIADAHABAACkCgCSBxBaA2A8A1AtAcAeAPAMAPAKACACABAA
2102606,CwCcCIBbBPBJAtBEAtAmAkAaAVAQAFADACAAABCuCeCBBmBUBHA0AuAdAmAeAWAUAKAKAFACABAC
2102705,CVCfCOBeBSBHBCA/A4AqAfAPANAIAGADAEABACCmCcB8BqBcBPA+A3AvAfAXALARAIAGACACACAB
2102804,CxCQB5ByBOBBA7AxApAmAfAVAOAQAFAHACABAACuCXCDCABQBFA2AyArAjAaAYARAOAHAHAFABAB
2102903,C6CUCRBkBQA6A4A1A6AdAiAdAZAJAKACAEACADCrCzB/BhA7A7AvA3AoAiATAVAbAQAMAGABAAAA
2103000,ChCXCCBuBVA6A4AxArAhAgAYAXAOAHADADABABCZCXCEB2BcBDA/A0AvAgAdAcAWANAIAFADACAB
2103109,CrCcCJBeBUA6BBA/AhAoAdAZATAUAIAFABABAAC+CWCEBYBIA/A7A1AhAdAVAZAeAcALACACABAB
2103208,CmCpCKBsBZBAA8AxAnAeAcAXATALAIABACAAAACrClCJB5BcBEA2A1AmAZAWAQAMAJAFACADABAB
2103307,CdCWB/BoBZBFA/A5AuAlAeAYASALAGACACABAACfCRB8B0BdBSA/A4AsAjAcAXARAKAGACACABAB
2103406,DACLCABzBtBhBAA4ArAjAZAQASAGAFACABAAABCoCVCIBrBXBKA2AxAiAcAQAOANAFAGADACAAAA
2103505,ClCWCGBsBcBEA5AuAlAcAbAWAVANAGAEACABABCoCbCDB5BbBIA9AyAmAfAhAXAQAKAGAFAEABAA
2103604,CfCiCDBuBVBIA7A2AwAgAdAVASALAHACABACABCiCbB9B1BbBGA/A1ArAiAaASARAIAHADADABAA
2103703,CtCfCPBuBHBAA0A9AqAoAhAUASANAGADADABABCsCfCKBgBJA4A3A7ArAhAfAUAVAOAIADADABAC
2103802,CwCjCFBWBTBDBGArApAhAYAWAUAMAHADAAAAAAC/CeCQBqBdBFBDAyAiAgAaAPAQAKAFABABAAAB
2103901,DHDECXBhBGA+AwAsAyAOAZANAKAGAFABACAAABDWDHCcBbBZA3ArA5AgAYAOALAHAFAEADABABAA
2104008,C7CcCDBuBVBFBHArAwAhAWAbAPAIAGACACABABC1CfCCBxBVBEA9ArAjAeAYARAPAKAGACABABAB
2104107,DGCgB/B2BaBHAyAzAwAfAXARARAKADAHABAAABC5CLBwCFBpA9A4AnAeAiARAeAOAMAIABABABAB
2104206,CsCaCLBqBjA5A+AvAxAXAaAZAbAKAFADACAAAACyCoCJBwBPBAA7AgAgAjAbAaATALAIADAEABAA
2104305,ClCqCXBxBOBMBSA2AxAiAiAWATAGACAFAAAFAAC5CSCFBkBOBIA2AoAfAiAYAKAFAJAEAFADAAAA
2104404,CiCIB/BuBUBNA+A2AjAiAaAgAWAOAEADABAAAACyCQCFBuBdBRBEAxAhAbAgAfATAKAEACADABAB
2104503,C0CHB4BkBcBJBCAzAsAeAhAaAZAGAHABABABAACqCdB4BwBnBJA8A7AkAjAfAVALAKAGABABABAA
2104602,COCnCBBpBTBOA6A5ArAbAkAfARAKAIABABABABCUCSB+CABdBPBDAzAtAgAiAYAOAJAEACABAAAB
2104701,CeCmCYBhBRA7A3AuAaAqAVAWAeAKAFADAAAAAACqCuCLBxBVAzBJAmAoAvAZAZAUAQAFACACAAAC
2104800,CuCkCGBtBfBFA8A1AoAhAXATAPAMAHADACABAAC2CbCABxBeBCA4AyAhAaAYAXAQAJAGACACACAA
2104909,CxCWCDBuBFA0A7A8AxAoAsAYAVAPAJABADABAAC3CICKBOA+A+A+A1AtAjAmAdASAUAJAJACACAB
2105005,C8CgCDB9BVA+A1AzAtAkAWAZAWAKAHAEADABABC4CZCKBrBMA+A2ArAmAaAXAWASAIAJADACABAC
2105104,DACmCPBoBIA8AzA4ArAdAjAXAVAOAJAEACACABDMCaB6BUBHBAA2AzAlAfAeASAZAOAIAEACAAAB
2105203,C8CwCOBoBTA9A7AuAlAnAdAVANANAHACABAAABDECTB/BtBZA4A6AvAoAkAVAVAPAIAEABAEAAAA
2105302,C3CTB1BnBaBUBMA7AsAjAcAWAQAHAFACABAAAAC5CQB7BxBgBLBAAwAkAcAYASANAHAFADABABAA
2105401,CiCgCOBmBMA+A/A2A0AnAZATAQAIAGAEADABABChCYCMB1BbBHA9A5ArAiAYAOASAHAIACADAAAB
2105500,CtCRB6BtBfBMBJA7A0AeAgASAUAMAEACABABAAC0CEB/BoBiBIA7A4AlAgAaAWAOAJADACABAAAB
2105609,CqCQCABwBfBHA7A8A2AiAcAWATAHAEADACAAAACiCMCCBuBkBNBEAwAnAgAdAXAPAHADABACAAAC
2105708,DFCeB+BtBiBKBBA1AsAcAXAUAOAHAHACACAAAAC7CcCDBvBhBHA7AtAhAZASARALAHAFABABAAAA
2105807,CyCkCLBlBiA/A9A1AsAeAVATAVAIADAEABABABCrCjCIByBWBCA9A1AxAYAXAOAMAIAFABAAABAA
2105906,CdCdCGCCBdBMA9A8AnAmAdAWASAJAFADABAAAACkCPB8B+BoA+A/AvAoAWAeAQAOAGAEACABABAA
2106003,ChCRB4BlBuBAA4A6AxAkAlAUASAMAJADAAAAAACoCWCHBnBcBKA+A0AsAgAVAVAYAHALACACAAAC
2106102,CmCvCHB9A7BNA2AuA4AUAXAWAVALAJAFABACABCrCjCRBfBTBEAwA5AbAaAcAVATATAKAFADACAA
2106201,DRCjCKBqBNBGA6ArAgAeAiAgAaAGAHAFAEABAADBCfCHBrBAA4AxA6AiAyAQAKAMAIACAEAAABAB
2106300,C2CfCJBtBXA+A7AtAkAdAfAZATAIAPACAEACACDBCbB3B/BfA/A0AnApAVAXAVAKANAIACAEABAC
2106409,CVCQCdB2BPBBBBAwArAQAUATARALAOADADABABCVC+CmB5BQBGA3AzAmAUAhAPAPAHAGACAHAAAC
2106508,C+CqCYBtBNA1AwAvAuAeAWAPAPAIAHADACACAAC+CiCSBxBOA+AxAwApAfASATAVAJAJADADABAB
2106607,CeCcCBB0BWA8BDAwAmAgAgAWAWAKAIAFAEAAABCrCYB6BzBiA/A9A4ArAbAbAXAOAOANAEABACAA
2106706,ChCVCGB9BeBBA6AsAqAeAhAYATANAJACACABAACvCNCGB8BRA9A6AwAqAhAZAVATAOAKADADACAA
2106805,DDCQCVBkBOBCA5A6AsAmAfAcAWAMAIADADAAAACiCnCCBYA/BAA3A9ApAbAZAZAcAKALADADABAB
2106904,CuCOCGBsBSBRBFBAA1AmAcAUATAIAFACABAAAACuCIB+BwBYBKA9A6AnAdAZATAOAIAEACACAAAA
2107001,DGCTCFBsBaBLA8AsAuAdAaATAQASAJAFABABAACvCiB/ByBTA3A0AvAfAcAWAYAWAMAKADAEADAB
2107100,C7CXCEByBaBGA2AyAsAfAXAVAVAMAJAEABACAADICdCEBvBXA+AuAvAgAbAYASAPALAGADADABAC
2107209,CwCdCABkBMBQBBA9AtAZAZAYAMANADAEAAAAAACgC8BsBqBUBNA+BDArAdAYAMAWARAEACACAAAD
2107308,CFCoCQBmBaAzBEAgAnAvAgAQAWASAIAIAGAAAACJCYCKBqBbA2A4A4ArApAjAoATAYARAFAAABAA
2107407,DGCfB/BrBZBIA1AwArAhAXARAUAJAFACACABABCyCrB+B7BXBBAzAxApAbAVATANAJAGACACAAAA
2107506,DCCUCCBqBNBDBAA4AyAgAaAUAUAOAFADAHABABCzCWB3ByBHBDA2AzA0AaAZATARAPAHADADAEAD
2107605,C5CmCeBpBCA1ApAyAuAgAeAaAWAIAGABABACAACyCeB+BjBXA8A4A9ArAhAkAQAWAEAKAEAEACAC
2107704,CxCtCIBdBeBBA6AuAkAbAjAYAWAKAFACACABAACjCdCNB3BkBDA2AvAoAYAZAVALAMAFACADABAB
2107803,ChClCEBmBSBHA9A8AuAfAaAWAWAOAHADABABAACWCqB+BwBWBHBBA0AnAeAYAaATAKAHADAEABAA
2107902,CrCOCFByBVBEA7ArAmAaAeAYAYATAGAGADABAACnCUCGCABbBBA9AnAoAiAcAVAUARAIADADAAAC
2108009,ChCsCDBmBZBBA4AwAtAcAaAXAUARAIACACABAACpCgB/BqBYBKA1AxAmAdAcAZAXAPAKAFABACAB
2108108,DBCwCUBkBXBNA/AwAuAdAWAQAPAGAEABABAAABC6CpCCBqBYBHA6AuAjAYASAOALADAGABABAAAB
2108207,CiCWCDBlBRBGA8AuAwAmAfAVANAMAIAEABAAAACmCTCDB8BjBKA+A2ArAiAXAVARALAFACAEABAB
2108306,CsCWB/B2BLBBA9A5AvAjAfARAVAKAGACACAAABCnCfCOBrBVBBA9A5AmAlAaAWASAFAGABADAAAC
2108405,CtC6CXB5BFBEA6AoAfAXAaAUAeAIALAEACAAACCiC6CJBYBFA7A6AtAjAkAiAWAUAIALACACABAB
2108504,CfCLCABxBNBGBGA5A4AfAgAWAVAIAEACACAAAACkCLCFB9BWBLA2A+AyAgAZAUAUAMAHACACAAAA
2108603,CkCsCRBsBLA+A0A0AtAhAbASATAIAIADAEABABCvCdCMBwBSBEA0A3ApAfAZAUARAKAHAEAFABAC
2108702,C6CZB/BnBbBNA/AuAxAmAeASAOANAGAEABAAAACiCiCCBxBiBHA6AyAoAcAZAOAMAIAFACACABAA
2108801,ClC2B/BvBVA1A9A0AzAiAhAXASAHABABADAAAACoCrB/BmBOBIBBA3AyAWAdAQASAKADAAABACAA
2108900,C4CoCPBzBeBDA8AvAmAbAZAXAOAKAEACACAAAAC6CbCDB6BaA+A4AqAmAcAVAPAPAHAEACAAAAAB
2109007,DCCgCCBuBRBDA4AwAvAhAeAWAMAPAGAEAAACAADCCNB0BtBUBHA3AvAwAaAaAUAUAMAHADACABAA
2109106,CvCcCMBoBUBFBAAqAuAbAbAZASAKAIACACAAABCpCeCHB2BeBEA8AvAoAcAbAYANALAFADACABAA
2109205,CnCpCRBqBQBGBFBAArAhAeAQAQAHACABAAABABDGCdB5BfBaBJA+A3AnAcAaANALAFABACABAAAB
2109304,CpCnB0B0BVBUA/AtA5AjAVATAZALAEACAEAAAACnCUB7BwBpBOAyA3AmATARAVAVAFALAFABABAA
2109403,C5C0COB4BNBCA1AtAzAeAbASASAGAFAFACABAADBCfB8B2BOA8AuA0AoAWAXATANAGAJABADADAB
2109502,CzCbCBBmBWBDA3ApAnAhAcAXAUAPAGAFAEABAACyCfB5B2BaBCA4AyAiAbAeAXATASANAFAEAAAB
2109601,CxCOB+B1BLBDAyA3AxAoAfAZATATAIAEACACABCiCKB9BwBVBFA8A0AuAoAWAYAUAPAMAFADABAB
2109700,ChDECJB6BSA9A4AjAdAWAgAfATARADACAAACAADDCOCSBnA8BaA/AgAXAiAkAiASALABADADAAAB
2109809,CpCdCBByBQBHA5A/AwAmAgAUAUAIAHACACABAAChCgCBBoBTBEA9A3ArAnAgAOARAFAFAEADAAAB
2109908,CbCVB+B2BcA+A+AwA4AfAcAVASAKAGACABABAACuCOCAB/BhBIBCAzAtAjAaAPAPAIAHABAEABAB
2110005,CYCWB+BsBiBUBHA+A1AkAfAUAPAHAEABACABAACfCKB8BwBjBYA/A3ArAhAWAQALAGAEABACAAAA
2110104,C3CoCFB0BTBAAyAuAuAbAdATARANAJAFACAAAAC1CmCOByBMBEAuA2AkAZAWASARAKAFAEADABAB
2110203,CoCaCGB2BEBNA5A5A1AnAcAXARAPAIAEACABAACZCeB4BjBfBDBAAxAtAmAfAQASAIAGAGADAAAB
2110302,ChCZB8B2BgBDBIAxAtAdAeATASAOAEABAAAAAACvCQB+BxBXBJA9A4ApAeAcAcANAIAGADADAAAB
2110401,CgCmCLB7BMBPA8AuAmAgAXATARAKAKADAEACABCkCtCEB6BRBMA9AwAbAjAbAMAPAHAHABADACAC
2110500,CoCqCKBzBCBCA1AuAsAcAXAQAUAHAGAEADAAABCmCdCWBoBJBTAsA+AyAdAZAUAWAMANAEAHACAC
2110609,CvCqCJB8BFA/A1A0ApAgAZAXAQANAKAEADACABC0CiB8B7BVA+A1AwAmAfASAQAOAJAKAHAEACAB
2110708,C1CjCCBtBTBGA+AmAoAcAgAWASAMAGAEACAAAACmCwCGBtBbBGA0AqApAiAcAYAMAKAGADABABAA
2110807,DQCSCEB2BIBDA4AyAQAVAgAYAcARALAAAKAAAADGCRB9BfBeBLAxAuAlARAZAgATAMAHAIADACAA
2110906,CaCgCGBnBfA8A3AwAtApAgAXATAPAHADACABAACpCNB+BxBQBMA/A1AsAjAdAbATALALAEABABAB
2111003,CxCxCbBxBGA9A5AvAgAeAdARASAJAHAEACAAABC0CiCMByBMBEA2AxAoAYAaAPAPAKAKADADADAC
2111102,CfCnCHBjBTA3A/A3AsAkAZAWARAPAHAFADAAAAClCWCBBxBQBIA/A+ApAiAeAWAUAMAIADAEAAAA
2111201,CxCRB8B0BGBAA7AyArAhAdAZATAKAIAEACABAACjCgCMB1BVBDA+A1AyAjAaATASANAHACABACAB
2111300,CWCEB2B4BfBDA2AtAoAgAbATANAKAGADACABAACWCECMCaB3BNA+A3AuAjAcAWASAMAIAEADABAB
2111409,CxCVB5BpBYBTA+A5AtAiAgAWAPAMAGACACABAACiCbB6BoBZBUA/A1AtAgAcASAQAHAFADACABAB
2111508,CbCgCEB2BdA8A+A6ArAqAcAaAWAIAGACADAAAACdCbCEBvBmBEA9AuAoAdAcAUANAIAFADABAAAA
2111607,C7CaCFBtBPA4A4AqAnAeAXAZAUAKAMACADAAABC5CbCHBxBdA9A+AqAsAfAWAZAQAOAKAFAFACAB
2111706,CyCoCTBsBBA9A1AxAsAiAXANASAJAFAEAEABABCzCvCKBfBHBBA7A5AmAiAWAVAXANAMAEAFAAAC
2111805,C7CMB5BsBqBIA+AtA0AfAcANATAKAHAGACAAAACkCiCQBsBaA1A7A3AqAWAbAWASALAJAGABAAAA
2111904,CbCjCABlBTBGA1AxAvAaAZARAcANAOAGADACAACrCSCBBxBWA9A+A6AiAiAcAeAXAWAGAIAEABAA
2112001,CeCgCRByBQA8AlAyAuAkAcAYAUASAGACAAACAACpCWCWB3BLBBBAApAqAnAfATAZAPAGAAAAACAB
2112100,C0CaCLBmBYBGA7A0AzAgAbAUASANAHACABABAAC4CQB4BxBXBGA+A3ApAbAaAVAOAJAJABADABAB
2112209,CuCYCABsBOA7A1AzAsAgAdAXAXANAHACADACAACpCaCIBxBXBEBDA6ArAgAcAYAQALAFADADACAB
2112308,CsCpCFBtBbBHBCAwAmAiAZAYARAJAFACABAAAACvCgCGB8BUBDA6AtApAYAbATAKAIAEABACAAAA
2112407,CeCnCLBqBHBAA+A4A0AmAjAVAWAKAIADABABAACtCTCFBiBPBGA8A4ArAkAeAVANAOAJADABAAAA
2112506,CrCwCGByBLBGAxAyAoAiAaAUAVANAHAGAEABAAC4CmCBBzBPBDAzAvAlAbAZAUARAIAJAFAEABAB
2112605,C9CnCQBnBLBQA1AxAoAlASAUARAOADACABACABC1CvB8B7BgA+AuA1AjAXASAOAPAJAGACAEAAAA
2112704,CsCiCEBpBXBIA8A7AqAhAbASAOALAHABABABABCsCmCGBrBfBHA9AwAlAYAUAUAQAJAIABACABAB
2112803,CoCpCMBvBKBGA4A3AtAgAaARAPAIAGABAEABAACvChCDB7BUBHAyAxAnAiAUATATAJAJADAEABAB
2112902,CuCICGB4BZBKBAA5ArAnAdAYAWAKAHACABABABCnCFB7CABZBGA6A1AmAiAbASARAJAEABADABAB
2113009,CzCkCDBwBYBBA8A0AqAhAcAWAPALAHACACAAAACpCeCFB1BdBCA5AxAoAhAZAUAMAHAEABADABAA
2200103,C7CNCTBvBRBCAuA0AnAeAUARARAMAFAIAAACAAClCgB8BhBnBSA3A0AeAqATAjAgAKADAFAFAFAA
2200202,ChCnCWBuBHA0A0AsAvAkAYAUAVAOAHADADABAAC4CRCMBzBXA5A8A1A2AjAZAcAQAKAFADAAABAB
2200301,C+CZCOBvBGBCA6AsAoAkAWAVAUANAHAHADAAACDECWCTBzBXA3A1AuAkAcAUATAQANAHAEABAAAB
2200400,C6CgCVBqBTBBAyAwAmAiAXAYAUALAKAEADABAACtCiCIBuBUA9A3AtAkAfAdAUANALAIAGADACAB
2200509,CqCaCGBfBNA9A5AwArAZAYAeAZAPAOAGAFABACCsCGCIBxBWBBBBAlAqAiAiAZAWAUAKAIAFADAB
2200608,CSCoC/CDA6A2ApAzAoAeAbAWASANAEAGACAAAACzB/CJBrBHA/BCA0A3ARAcAdAfATAFAEADABAE
2200707,DgC2CBBeBcAwA4AgAZAcAlAeANAFAFAEACAAAADQCsCPBpBEBDAuAgAjAaAgAYAKANAEADAEABAA
2200806,CVDDCQBiBUAnA6AqBAAhAaASAaAGAEAEAEAAAACVCyCQBqBQA0A5A1A0AdAaAeAJAMALAAAHAAAI
2200905,C0CqCEBxBZA3AwAoAwAfAbAdASANAHAGADABAACjC6CJByBSAqAvAzA5AbAVAQAUANAJAEABAAAA
2201002,ClCfCCBbBFBOA+AfApAWAdAkAOAOATAEAAACACC3CaB9BpBkAyBLAoAjAdAwAcAcAQAKAAACADAA
2201101,DiCqCJBhBDAwAuAeAlAcAdATARAIAFAFAAABAADaCsCSBrBkA1AyAuAsAUAQATAIAPAMACABACAA
2201200,CwCtCNBqBSA/A1AsAlAfAbAWAUANAJAEAEABAACzCjCOBrBRBFAzAzAlAbAZARAQANAJADADABAA
2201309,DOCHCLBxBABGAfA6A8AZAeAhAkAEAAAAAAAAAACoCdCNBdBLA7A6A9AVAsAsAaAVALAJAJAAAAAA
2201408,C4CVCBBfBNAzA8A0AuAcAfAbAVARADAHACACAACzCYCABsBiBNBEArAkAeAcATAUAJAIAGAGABAD
2201507,CrC0CMBqBQA8A2AvAmAgAcAXAVAKALAEADABABCyCiCMB1BRA6A5AvAjAYAbAXANAIAIAEAGACAC
2201606,C+CLCEB1BVBDA7AqAmAhAZAZAXANAJAJAEAFAACwCPCHBwBXA6A8AsAiAiAYAdATAHANAEAEABAB
2201705,DOCaCABnBMBPAvAiApAZAaAXAMANAFAFADAAAADHCjCQBZBYBDA8ArAkAXAdAdASANAGAJABADAC
2201804,DhB2CABkA6BSA4AmAZAgATAmAcARAJAMAEAAAACzCAB0BtB/BGBAAkAdAjAZAgAdAPAGACAHAAAA
2201903,CoCqCEBsBMA7A2AqAoAgAVAQARAOAGACADAAABC+CYCKCLBbA7AtA6AsAfAdAZAPALAHADADACAB
2202000,C9CqCBBuBbBAAzAtAvAfAaAaAWAIAGADADABAAC9CgCGBnBRBGAzArAoAXAbATAPAIAHAEACAAAC
2202109,CuCxCJBxBZA7AgAjAfAlAUAWAQALAGACABACAADbCiCUB4BWA+AzAqAzAXARAaAMAFAGABADABAA
2202208,C1CiCKByBWA8AzAtAnAeAaAZAPAMAHADACABAACzCgCOB4BaA9AzAtAmAeAdARAOAJAJADADACAB
2202307,DQCtCZBnA9AvAqAlAhAcAXAYARALAHADACACAADBC5COBlBVA7A6AnAlAdAdAYARAMAIADACABAB
2202406,C6CkCACCBUA5A3AlAnAcAbAgAVAPAFACAAAAABCuChCSBvBRBCA6AoAgAbAcAVAUAJAFADADABAC
2202505,DQDDCQBoBLA4AvAjApAZAbARANADAFACACAAABCxC8CTBsBUA6A3AkAjAZAdAXAKALAGAEACAAAC
2202604,C/CkCLBoBQA8A2AtAvAfAdAVARANAJAFACABABC8CiCKBjBYA+A1AwAhAeAXAXAPAMAFAEADAAAC
2202703,DPCkCDBoBLBEA4ApApAhAaARAXANAFAFAEABABDECiB5BhBYBIA5AoAiAcAaAUAQALALABABABAB
2202802,CwCoBwB7BSA0AtAgAaApAeAiAIAVAIALAEAAABDFCeCMBbBMBCA6AsAfAdApAjAPATALALAEAAAC
2202901,CyClCSBvBRA/AsAlAsAeAgATAOAOADACAAABAACqClCMB6BPA/AxAzAwAfAcAaAUAJAJACADABAC
2203008,CuCVCNB7A0BPAtAXBHAbAkAZAYAKACACACAAAADACHCEB1BgA3A6AcA1AkAeAYAWAJAHAKAJAAAC
2203107,C4CwCOB6BLA8AtAlAeAcAaAcAVAHAJABAAAAAADSCWCNB6BdAxAoAuAgAqAYAaAUAFAHACACAAAA
2203206,CzCmCZBxBIA0ArAkApAdAnAVAZAGABADABABAAC8CgCZBwBXA6A0AvAeArAYASAUAPADAFABABAD
2203305,C3CZB0BxBUBAA7A+AxAoAOAXARAPAOAGAHAAAACiCSCGBmBWA+BHAsAnAgAaAaAWAIALAHAFAAAA
2203404,CdC5B+BsBZA3AxAxAxAdAeAVAFANAFABAAAAAEDACpCZBnBKBABBAwAYAmAfAYAGANALAFAAACAC
2203420,DECDCKBqA9A0BBBKAjAkAXAYAQAIAQAIAAADAADACmB2BbA/BkAmA+AlAnAUAPAWAQARADAHADAA
2203503,CqCpCLBgBNBEA9AnAuAhAaAYAUANAJADAEAAAACxCbCJBxBUA5BCAtAxAcAYAWALASAIAGACABAB
2203602,DNCgCMBoBMA6AuAlArAeAYAcAOAGAIADAAABAAC6CxCTBxBVBEA0A0AlAcATAUARAGAFACAEAAAA
2203701,C4ChCPBzBUA9A4AqAmAhARAYAQALAHAEADABABC2CiCVBvBZA8A1AuAiAZAgASAOAIAIACAEABAA
2203800,C/CzCWBVBHBJApAdA8AeAWAMAUAIACAHAAAAACC4CyCQBsBPA9BDAsAhAeAaATASALAKACAFACAA
2203909,CtCTCDBlBHA9AzAnAmAhAaAVAOALAEADACABABCpCWCKCIBsBKA4A3AvAkAcAcAUAMAIAEADABAB
2204006,CZCLCFB0BQA/A8AvAuAhAoAVAOAIASAAACADAACcCWCIBYBjA8A/AtA/AkAdAWAaAPAZADAGAAAA
2204105,CdCLCVBPBQBLA7AuAfAuARAWATAjAOAEAAACAAClCKCOBkBeBSA0A1AtAiAfAgAVAWAIADAEACAA
2204204,DmCiCeBaBPBNA8AgAcAaAPArAFAFAMADADAAAAC/CsB/BUBfBEAxAdAfAjAXAVAVAQAJAAAAAAAA
2204303,DJCbCLBgBZBAA0AkAkAdAUAbANAUAPAJADABAADMCKB8BpBaA7A+AmAiAgAZAcAWAPALAHACACAA
2204402,CvCmCRBrBJArAtAzAmAlAcAZATALAHACACABAACxCkCDB8BMBBA3AqAzAZAjAhAVANAHAFAAAAAB
2204501,DCClB6BSBlBTBLAqAqAVAcANAOACABABABAAAAC+CfCHBlB4BXA2AqAtAVAUAOAGAHACAJACABAA
2204600,DeCvCcBPBXBXBKAiAqAYARAgADASADAEAAAAAACeCjCAB8BFBZAoAyAVAYAdATAMAGAIAAAGAAAA
2204709,C9CqB9BsBQA4A1ApAqAhAbAWAUAPAGAFABABAACvCoCFBzBQBEAuA3AoAkAWATATAPAIAFAEABAA
2204808,CwCyCCBmBQBIA/AXAqAYAbAOATAKAOACACAFAADCCXCHBdBQBMA6AyAoAfAUAZAMAZAEAPAEAAAE
2204907,DPCmCRBmBCA1AzApAgAYAUASARAHAEANADABABC2C/CTBwBLBIA4AoATAjARAjAMAJAIAGACAEAF
2205003,C6CiCRBjBLBCA3AkAqAeAWANAUANAFADABAAABC/ClCPBnBfBJA7ArAjAaAXAXATAKAFAEACADAC
2205102,C+CoCHBtBSA4A3AoAeAWAdAWAQALAFACACAAABDOCqCKCBBOBCAyAtAlAUAWAZASAIADAGABABAA
2205201,C7CTCABxBVBEA2AlAmAdAaAZAQAPAJAHAFACAAC1CdCABmBiA9A9AsAkAfAcAcAWAKAJAHADACAB
2205300,CXC3CSBvBQA3AwAuAfAcAfAnAOALAFABABAAAACuCsB8B0BbA8A0AuAwAhAbAeAXAJAHABADABAB
2205409,DECpCUBkBZBGA5ApAmAXAbAXASANAMAEAFAAABDRCOCFBqBVA7AyAtAlAaAcANANAIAFACACAAAB
2205508,C8CWCVBvBOBAAzAwAlAeAVAZAOAMANAFAFACABC3CeCEB6BTBCBAAlAkAWAYAWALAPAKAFAFABAA
2205607,C3CUCIBrBTA3A9ArAkAdAYAXARAGAFACACAAAADBCVCpBaBMBFA+AzAkAiAkAcAXARACAAABACAA
2205706,DECqB8BqBRBIAtAwApAlAXASATAOALADAEACAAC/CtB+BjBXA+AzAvAsAcATAQAOAKAHADAHACAA
2205805,C1CpCMBsBTA9AuAxAiAhAaAWAPALALAIACABAACrCuCLBzBXA9A3AwAhAZAXASAPALALAFAFABAA
2205904,C0CnCBCGBTBBA1AhAXApATAYAJAQAFADABAAAACvCqCcBzBTA/BAAqAqAVAiATAQAIAEAAADABAA
2206001,DCCsCBBgBbAwBNApAgAeAaAKAYAKAEAAAAADAACyC9CLBiBDBOAjA7AwAmAQAYAYADAHAAAHAAAA
2206100,ClCiCTBrBQBAA2AsAfAZAbAaAWALAIADAGACABC2ChCUB5BhBEAzAvAfAcAZAPASAJAGADAFABAB
2206209,CkCqCPBvBbBDA0AuArAbAYAbAQAMAJAEADACAACfChCQB4BVBAA0AvAmAeAZAWAQAJAJAEAEACAC
2206308,CfCJB7CCBjAxA/AzAlAbAfAeAHAKAGAKAAAAAACOCpCbB0ByA6AtAlA3ARAeAzAEAIAXAAAIAAAA
2206407,CrCZCFByBJBOA6AtApAbAUAgAaATAJAEAEACABCxCLBzB3BWBJA/AsAdAYAeAZAjAMALACADAAAA
2206506,CyCgCNBgBiBHAxA6AhAgAcAcAPAQAGAIAAABAACyCfCDBjBNA/BIAjAhAqARAcAQAQAOAAADAAAA
2206605,C9CcCcBwBBAxArApA0AhAfAUAUALADACAAAAAAC7CYCqBkBNA4AwA4A0AjAeAYAKAHAFADACAAAB
2206704,DFCOCPB1A2A+A7AzAbAmAYAdAYALAJADACABABCyCUCjBaBPA5AyA4AvAdAfAVAXAOAHAIABABAA
2206803,CpCyCUBlBWA1A7AqAnAeAYATAJANAJAAAAABAADLCcCOBmBbBBAtA4AhAgAaAXAKARALADABAAAB
2206902,C5CmB9B7BMBBAyAtAlAiAaAaASAIAHAGABACAADHCJB6CDBiA5A2AlAuAgAVAdASAHAIABACADAA
2207009,C6CgCTBpBPAzAxApAnAdAbAXANALAFAFADABAAC8CcCKB2BZBAA6ArAsAeAaAYARAOAGAGADABAB
2207207,DECbB+BcBRBEA3AnAkAhAfAbANAOAKAGADADAAC+CbB0BgBbBPA1AvApAlAdAXAQAPAHAJAEABAC
2207306,CyCWCSB5BgBOAnApAmARAjATANALAIACADADAACQCrCXCBB7AzAtAwAcAgAMAbAQAIAGACAGACAA
2207405,C5CxB6CABMA5AkAvAoAgAQAYARALAGAEAEAAAACuCmCZBcBbBHAtA9AdAiAcAUAWAUAAAKAAADAA
2207504,CXCgCIBpBZA+A2AwAnAlAhAbAYAQAJADAEABABCXCaCNBqBcA6A3AsAoAlAcAdAVAWAKAGADACAC
2207603,C8CvCXBjBHAzAyApAqAnAaAVATAEAEABAAABAADJCbCiBpBMA9A5ApAxAdAYAWAUAJACACAAABAB
2207702,CnCcCABpBMAyAuArAnAgAcAbASAQAHAGADABAACmCcCHCEBgA8A5A3AtAlAhAYAUALAKAGAFACAC
2207801,DDCmCJBkBKA7AxAgAkAYAiAYATANAIAFACACAADLChCGBpBgA2AzArAtAiAZAXATALAKAFADABAB
2207900,DHCXCJBuBPBBA4AtAmAcAXAWAOAQAJAFADABAADCCdCBBvBZBGA1AwAgAdAVASASAJAIAFADABAC
2208007,CwCnCHBrBUBAA6ApAkAeAbAXAQANAGAEACABAACvCfB+B1BhBJBAAqAlAfAZAYASAKAHAEADAAAA
2208106,DRCcCGB5BUBCA1AnArAnAVATAQAHAHACABADAAC4CcCsBiBVA0AsAyAhAaAaATAOAJAFAFABAAAB
2208205,C8CsCCBrBVA/AwApAoAoAcAVAMAJAIABABAAAAC4CoCHBuBgA9AzArAsAdAcAWAMAJAEAFADAAAB
2208304,DGCsCGBjBUBDA0AsAmAfAeASAUALAIAFADACAAC2CiCFBuBYBBA2AnAmAeAaATAPAJAHADADABAA
2208403,CsClCFBqBTA9AwAxAsAkAWAWAOALAMAFAEABABC2CbCJBxBZBAA5AwAoAeAbAWAQAKALAEADABAB
2208502,CkC7CKBvBWA2A1AvAmAhAXAXAUAMAIADAAAAAAC4CmCEB7BPBDAnBBAiAWAiAMAQAIAKACADABAC
2208601,ClCZBrCRBpBEA3AhArAbAfAWAWANANAEAAAAAACkCrCUBjBYBBAmAyASAiAZAhARAAAOAKARAAAA
2208700,ClC3CHCWBNA2AYAvApAaATAVAJAGAKAGAAAAAADBCiCUCABVA2AzAqAjAYAvAgALAFAEAAAFAAAA
2208809,CUCkCLBjBVA+A6AtAzAoAgATAWAIAIACACACABCWClCNB4BKBFA2A2AtAmAcAZAQAOAJAJADACAA
2208908,C1CdCIB2BeA7AnAsAeAkAgATAOALAJACABAAAACwCnCZBhBYBKA1AvAvAbAXAYAUAJADAFABADAB
2209005,CpC/CRBrBHA/AyArAhAlAbATAUAIAGABABAAABDHClB4B3BiBIAtAvAjAiAWAVAWACAEACABAAAB
2209104,C9CqCGBxBbBFAuAlA0AXAXASANALAFAEACAAAADICrCVBrBiA5AyA2AYAcAUASALAGAHABAAABAA
2209203,CfCkCmBsBLA0AhAwAnAdAkAfAUALAHACADAAAACnCnCAB2BXBNA7A4AkAZAhAaAYAFAJAAAAAAAD
2209302,C/CpCQB9BPAvAoAvAsAcAZARAMAGAEAAAEAAAEC1C6CMCBBcA2AuArAnAkAcANAMAFAFADAAACAC
2209401,CxCtB4BxBFBFBBAXAkAgAlAcAIAKAFACACAAAACsC2CDBtBXBKA+AnArAjAsAPAKAPAIACACAAAA
2209500,CvDBCQBqBdBLAgAvAjAgAZAPAJAMAHACACAAAADHCRCaB9BUA/AlAjAuAeAQAJAfAMACACADACAA
2209609,CnCjCDB1BGBKA1AxAsAZAgAdAdALAHADABAAAACvCUCVBmBTA+A6A2AmAhAdAcANAHAEAEAEADAA
2209708,CmCjCSB5BYBCAuAnAmAmAgAZAUAKADADAAABAACiClCUBjBZA5AyArAsApAsAUAPAHAHACAAABAD
2209807,CeCpCOBhBSBHA2A5AqAUAUAsAOAVAEACAFACAECbCnB7BjBCBVA3AnAqAqAcAfAUARAGAJAHACAA
2209906,DYCeCQBqBbA8A5ApAgAaASAiAQARAIAEAFABABCnCdCLByBdBBA9AiAjAUAVAUAPASADABACAAAA
2210003,DLCmCQBuBMA9AlAoAhAdAaAWAMAKAHADABACABC6CqCNBzBYA7AyAoAlAgAeAWAUANAGADACABAB
2210102,DECrCJBsA8A3A8AzAhAbAYAMAXARAJACACAAAAC9CZCYBqBCBGAyAxAfAZAfAfAZAQAEAJADAAAC
2210201,DFClCABrA7BWA9AqAnAhAUAUASAJAHAHACAAAADMCoCFBfBYBAA8AsAkAYAbAVAMAOACAEAEAFAA
2210300,DPCOB8BnBEBQBFAkAlAiAeAUARAKAGAHADAAAADDCPB3BtBeBIA7AvAgAaAcAcAbAPAIADAAAAAB
2210409,C9CoCGBrBYBGAzAqAtAYAZAXAUAJAHADAAABAADIChCHBwBaA3A3AkAgAdAcAWAOAKAIACADABAA
2210508,ChCiCLBkBSA7A7ApAiAmAfAWAUAPAFAFADABABCZCcCXB7BNA+AzAwAxAbAdAkAZAUAEAFAFACAB
2210607,DGCrCLBmBYA7AwAkAkAbAXAYAPAJAFADACAAAADGCmCLBqBXBAA0ArApAeAZAWAQANAGADACABAB
2210706,DWCpCCBiBIBIBDAhAeAbAUAUAOAMAGAHAEAAACDLChCCBoBSBDA8AsAmAXAXAUAPAPAFAEADABAB
2210805,C7CwCGBpBQBAAyAgAiAgAdAVALAQAIAEACAAAADQClCKBmBXBAAwAsAiAdAcAZARAOAKACABAAAA
2210904,C/CQCcBkB2BDAmAfAgATARAjAWASAJAGAGAAAACqC4BvCHBoA7AtAYArARAfATANAWAIACAAAGAA
2211001,CiCUCABvBYA8A0AtAnAgAWAUAQAKAGADACABABChCVCLCLBpBLA+A1ArAiAbAYARALAHAEADABAC
2211100,C3CcCWBsBUA/A2AvAmAdAZAXAWAKAJADADABABCtCcCIBwBdA+A3AuAnAaAZAVAUAMAHAEADABAB
2211209,C3CaCDBmBWA4AzAqArAhAcAZARAMADAFADABAACaCtCAB7BdA+A5AvArAnAjAZARAMAFAIACABAB
2211308,DACxCBBsBIA0A4AtAqAhAVAZASANAGAEABABABCvCkCNByBTBEAxAwAvAaAZAVAVAMAFAGACAAAB
2211407,CyCRCABtA8A7A3AtAxAmAfAVAYASAFAEACABABCtCLCNB0BkA5A6BBApAjAaAjARAKAEAFADACAA
2300101,CnCZB4BnBdA+A3AsAZATAjAeAnAQATAHADABAADGBwCABvBXA8A2AvAlAiAlAiAgASANACACACAA
2300200,DBCkCCBsBRA9A0AqAoAeAaAWAVANAKAGAEACABC7CoCDBkBVA9A3ArAlAeAZAVASANAJAGAFABAB
2300309,C1CaCDBqBTBAA9ApAqAhAbAZAUALAIAEACABABCuCjCDBxBXBFA9AtAqAjAZAWAQAJAHADACACAA
2300408,CyCnB4BsBXBBA+AmAmAmAdAXAVANADADABAAABC0CXCHB2BfBGA2AoAmAiAZAVATALAKACACAAAA
2300507,CyC0CTBpA5AvApAmAuAeAVAbATAMAIAHADABAADFCmB9BuBbA7AzAzAvAnATAYARAMAGAIAKAAAC
2300606,CmCZBzBiBRBYBCAfAdAfAuAeAhAEAFAAACAAAACrB4B1CCBwBVAyAvAfAkAzAdAPAPAIACACAAAA
2300705,C1CYCKBlBDA5AtApArApAaAbARAMAQAHADACACCrCpCFBtBWA/AwAtA3AfAXAaARAPAMAHAHAEAC
2300804,CxCoCEBqBVBMA8AcAeAjAoAaAPALAIAHAAAAAAC+CWB+BuBhA7BDAmAkApAbATAVAIADACACAAAC
2300903,C/C0CABcBPA7A9AmArAaAXAUARATAPAGALAFACDLChCOBNBMAzA2AsAmAWAYASAVASAPALAGACAD
2301000,C3CfB0BmBSA9A8AvApAmAdAfAaASAKAFADABABC1CdBtBfBQA/A4A1AuAgAfAVAWAOALAFAHACAC
2301109,C5CZB6BcBWBCAxAnApAiAaAYAXASANAGAHABAAC8CLB5BoBjBDA0AxAsAhAgAXAWAOALAGAGACAC
2301208,C/CjCGBhBSA3A0ApAwAjAgAWAVAQALAHAEABABCwCiCFBpBPA9A6ArAoAiAYASAWALAIAGADACAB
2301307,C1CgCKBiBNBKA0AqAaAcAdAaAPAMALADADABAAC6CoB4BzBaBIA8ApAnAeAYAVAYAPAJADADACAB
2301406,C6CpCIByBaA9A2AtAsApAYARAPAQAKAEAGACABCrCUCGBrBOBBA1ApApAnASATAMANAOAFADABAD
2301505,DHCfCBB6BhA7AkAnAoAfAZAfATAHAIAFADABABDMCMB5BtBeBAA3A0AiAhAaAXALAJAJABAFABAA
2301604,CpCkB9BuBRBCA5AmAgAnAXAZAaAOAIAFACABAACtCZB8BwBdBBA+AxAkAlAfAaAWAMAMAEADACAB
2301703,CuCRCNBmBNA9A5ArAtAjAeAcAUAMAKAEADABAACgCgB+BzBcBFA5AxAqArAbAXASAIAJAHAEACAB
2301802,CYCjBzBuBRBCAuAuAwAhAgAUAbANAKAEAAAAAACpCdCPBqBtBPA7ApAoAiAaAaAPAKAMADAGAAAA
2301901,ClCkB8BiBUA0AvAsAuAeAZAVAVAMAIAFAEAAABCoCWCCB4BiBBA7AvAwAiAfAcAZASAPAEAGABAC
2302008,DCCRB8BnBWA6A3AqAnAqAaAaARANALAGADACABC2CfB1BqBQBLA5AwAuAjAZAUAUAOAJAHADABAA
2302107,CwClCNBjBHA0A7AqAuAeAgAZAWAOALAFAFACABCrCTB6BtBSBBA4A0AtAhAeAcAZALAMAFAGADAC
2302206,CxChB9BuBQA4ApAwAoAhAdAcAXAQASAIAHACABCnCeB/BrBZA6AxAuApAmAdAXAVAOAQAFAEADAB
2302305,C6CzB2BsBTBAA1ArAlAeAeATAPAQAIAEADABABC5CsCDBpBeBEA3AuAlAeAUAPAOAMAIAEADACAA
2302404,DEChCKBrBLA6A6AkAmAfAaAWATAKALAGAEACABC3CnCCB1BZA+A4AkAoAgAWAXARAHAJAGAEACAB
2302503,CfCdB/BkBQBDA2ApApAgAdAUAZAMAMAEABAAABChCdCFBtBrBLA7AyAnAjAhAZAWAOAKADADACAA
2302602,C7CgB1BoBNA8AuAxAlAiAcAUAZAOAKAIAGACABCzCcB7BtBVBHA6A3AkAiAZAYAXAMALAGAFACAB
2302701,DGCaB/BjBQA6AuAtAoAlAcAaAQAKAIAEADABABCzCdB/ByBiBCA5AtAtAgAZAcATALAJADADABAB
2302800,C9CiB/BuBTA5A0AsAnAlAXAaAVANAKAGAEACABC2CnB5BrBWA8A2AsApAgAaAWASAMALAFAFABAC
2302909,CwChB+BxBQA8A/AoAsAjAbAaARAMAKAGAEABABC5CtCABkBOBAA7AwApAbAYATAQAMAKAGADABAD
2303006,CwCiCCBsBYA3A0AyAtAjAhAaATAPAMACAHABABC1ChCBBbBSA+A0ApAuAjAdAXAOAKAHADAIACAF
2303105,ClCnCAByBNA6ArAdAgAsAXAZAaAOALAKAGACABCjClCBB0BcBBAvA0AmArAeAYAUALAQAGAGADAC
2303204,DJCQBwB6BZBCAxAqAhAhAbAWAUAPAJAGAEABAAC1CNCDBiBlBBA3AwArAeAcAYAWANAMAEAEADAC
2303303,CqCUB+BnBQBBA2AuAlAmAlAlAXAVAMADACAAAACjCNBuBvBaBMA+ArAoAwAdAeAcAPAFAEACACAA
2303402,CuCwCFBoBOAxA0AuAiAgAUAcANARAMAGAAAAABC8CoCZBpBWA1A6ArAmAbAWAiAVAMAIAGABACAB
2303501,C0CVB3BsBMA7AyAvAvAdAfAYAbAVAPAGAFACABCzCLB1BqBWA7A3A1ArAiAdAZAZATAQAFAHACAB
2303600,DGCgCSBoBdA1A5AoAiAoAYASARAJAIAEACAAABC9CgCQBrBdAvA+AoApAcAVAUARAKAHACAEAAAA
2303709,C1CrCABjBUA7A5AtArAjAaAYATANAJAGACABAAC1CnB+BpBTA8A5AvArAdAbAWAUANAIAEADABAB
2303808,CpCNB9BxBOA8A+AmArArAdAXAVAOAKAFADABABCmCUB+B4BVBKA/AvAvAoAYAeARANAHADAEACAB
2303907,DGCYBmB1BZBGA2A1AhAmAdAWASAMAGACACAAAACzCxB/BWBkBBBBAsAnAPAfAVAXAJAGAGAGADAB
2304004,C6CkB/BlBKA5AsAoAmAiAcAXARANANAIAEADABCyCrCDBxBcBBA7AsAtAdAcAWAPALANAEAEACAA
2304103,C1CmCGBrBLA1A1AmApAhAcAXAPALAHADADABAACvClCKBwBcBFA5AvAtAhAXAVAQALAJAEAFACAA
2304202,CdCUB8BjBVA5AyAqAkAgAcAWATAMAJAGADABABCiCQCFB8BqBKA+A2ArAnAfAdAXAPANAIAFABAB
2304301,DACHB3ByBMBEA6AkAkAjAZAeAXAPAHAFABACABC1CKCABzBYBKA5AsApAiAjAfATAQAKAEAEACAA
2304400,CUCMBwBoBfBCA6AvAsAjAYAUAPAKAHAEACABAACTCKB8CCB1BTBIA5A0AnAdAYASANAJAGAEACAB
2304509,C3CgCDCBBkA8AzAhAeAmAlAVAQALAEAGAJABABCZCmCFBkBnA1A8ArAqAiAXAPANALAJALAIAAAC
2304608,CUCoCCBgBmAzA0AmA0AnAZAZATAPAJAHAFADAACiCXB3BuBtBcBCAnAnAfAbAnAFAQAHAAADABAA
2304707,C0CgB3BrBYA+A0AuAiAeAcAXAVAOAOAFAEABABCtCoB3BuBWBMA0AuApAhAWAZASAPAMAGAEABAC
2304806,CvCjCFCIBFBXAtAvAWAdAUAUAQAGAEAMAJABACC5CJCbBzBXA1BAAoAtAcAZASAOAKALAJABACAC
2304905,DAC+CMB1AqAtAoAaAZAnAOAXAWARAHAKAEABACDNC1ClBWBGBIAxAtAmAfAXAZAMANALAHAEAFAC
2305001,CwCjCMBtBGAxAuAmAkAgAiAZARAPAKAGAFADABCzClCHBuBPBDA6ApAqAkAdAaATAPAKAHAGACAB
2305100,C+CnB+BtBIA5AwA3A0AaAjAWATANAHAGADABAACnChB6B1BIA8A3AsAlAoAeAdANAMAOAIAGABAC
2305209,C7CmCJBtBOA5AvApApAaAWAZARAOAOAHAFACABC5CgCDBnBcA/A2AqAtAbAaAWAQAOANAHAEACAB
2305308,CrCnCPBwBHAqAkAsAmAcAeAZAVAOAPAGAHAEAACqCiCJBvBRBBA+AxApAfAjAUAWAOAMAGAHABAB
2305407,C4CYB9BsBTA4A5AoAoAnAVAXASAPALAGADABAAC6CWCFBvBcA+BHAmAvAgAVAYARANAJAHADACAB
2305506,CgCZCCBsBWA8A0ArApArAdAXATAMAHAFADABAACjCWCCB6BmBDA+AvAyAmAaAZAQAMAHAFADABAA
2305605,C+CtCKBgBMA7A0AlAmAgAcAVARAMAIAGADABABC9CnCJBoBZA7A8ArApAdAXAaAUALAGAFAEABAB
2305704,CbCaB7BsBTBDA/AgAlAiAjAcAYARANAEACACAACoCMB7B8BWBMBAAsAtAnAcAbAVAKANAGADABAA
2305803,C/CpCGBlA+ArAtAjAqAhAZAZATANALAGADACAAC3CcCNBtBYA5A6AwArAmAcAaAXAOALAIAEACAC
2305902,C0ClCDBzA+AoArAhAvAkAeAXAUAMAIAFAEACABCuCsCMBzBYBBA2AxAwAnAcAWATAKAJAEAEAEAB
2306009,C8ChCCB0BdA2A2AeAjAmAYASARAPAKAJAHADABC4CjCJB0BZA2A8AiAlAaAYAVAOANAKAHAGADAB
2306108,DEC6CLBgBLA5AuAjAtAjAUAcANAPAMAFADABACC+CxCLBVBJA9A0AmAoAhAYAVASAMALAIACADAA
2306207,CjCSCUBjBAA5AeAdAgAiAgAiASAZATAIAOACAAChCdCDBiBgAuAnA0A1AsArAjASAUAaANAHAGAB
2306306,C5C5CHBpBPA1AyAqAqAhAXAaASALALAHAFABAACvCtCFBrBQA7A2ArAqAhAYAUAQANAIAFADACAB
2306405,C5CvCKByBMA2AzApApAjAaAWATAMALAGADACABC6CoCBBsBSA4A1ArApAfAWAUAQALAKAGAEACAB
2306504,C3CeB8ByBQA4A6AmA1AoAdAUARALAGAHAEADABCzCpCBBwBXA2AwAxAqAgAbAQARARAIAFAEAAAB
2306603,DGC0B3BlBXA7A3AqApAjATAVAPANAJAHADACAADKCiB/B0BPA3A4AoAmAfAWAQARAJAJAGAEACAC
2306702,CzCsCKBvBPAtAoAqAsAlAWAXATAOALAHAHACAACzCqCAB9BPA4A1AmAvAdAbAQASAOAKAKAEADAB
2306801,CsCyCLBsBQA+A0AhAvAcAeAUASAIALAHADADABCqCtCFB9BaAyAnAqA1AhAYASAHAOAMAIACADAD
2306900,ChChB/B3BWA1A3AlArAnAjAcASAPAKAGACACAACcCaB+BzBVBEA6ArAxAoAXAaAUAQAMAHAEABAA
2307007,CjCuB8BjBMBCAuAlArAkAgAXAXAUALAHADADAACcCnB+BfBYBIAzAlAxAsAfAYAWASAMAMAEADAC
2307106,CiCdCABlBTBBAzAmAlAmAhAVARALAIAFAFABAACpCLCCByBgBHA6AvAuAwAfAbAWANAOAKADABAA
2307205,CfCiB8CBBDA4A4AgAiAgAhAdAXANAMAGACABAAC+CdCIBgBUBHA/AiAnArAnAWAUAJAKAHAHAAAC
2307304,CYCAByBeBNA6A0AsAqAhAgAYAXASAMAFAFABABCaCGB5B4BiBNBDA7AyAsAoAgAdAVASAHAGADAC
2307403,CsCfCEBlBQA+A7ArAhArAbAdAYAPAGAGABABAACrCVB7BoBgBFBCAuApAiAhAdARAKAJAFACAAAA
2307502,ChCWCEBvBPA9A2AsArApAZAYAXAPAKAHAEAAAAChCTCJBwBeA7BBAwAxAkAcAXAUAMALAHAFACAB
2307601,CqCcB5BnBYA1ApAmAiAsAfAYAPAWAMAMAHACABCfCeB/B0BnBAAvAqAuAoAaAXARAWARAKAFADAB
2307700,C0CjCDBgBSA/A6ArAsAkAbAXATANAJAFAEADABC2CbB7BgBZBBA9AvAqAkAaAWASAPAIAGAFACAB
2307809,DDCwB3BiBfBAAzAdAhAoAhAZATAHAJAEAEAAAAC9CoBsBzBbBFAzAtAoAkAdARANAHAMAGADABAB
2307908,ChC1CFB2BVBBApAhAoAbAiAWAWAJAIAKAFABAAC+CnBwB1BdA1A3AtArAdAVAZAQALARAEADABAC
2308005,DACoCFBgBJAwA0AqAmAcAcAWAUAPALAGAEABABCzCpCFBvBUBDA5AuAmAeAXAYATAQAOAEAGABAB
2308104,C6CgCGBrBYA2A0ApAkAhAZAVAVALAKAJACABAACuCeCAB0BcA/A4AzAmAhAbAWARALAKAGAEAAAB
2308203,DFCZCOBvBVAxAwAlAsAcAfATAWAMAGAFAGABAACiChCQBwBUA3A4AoArAaAcAYAUAMAKAKALACAE
2308302,CmCfB6ByBQA8A6ApArAgAfAZARANAKAFAEABAACoCbB6ByBeBEBAAyAqAnAeAZAUAMAJAGADABAA
2308401,CpCYB+BeBSA4A2AoAqAeAhAWAUAQAKAFADABABCnCdB6B9BfBDA7A2AtAkAiATAWAPAMAGAFABAB
2308500,C8CeCABvBWA2A7AkAkAnAWAUAUAOAJAFACABAAC4CiCDByBXBGA6AqAmAiAZAWATAMAGADACABAA
2308609,C8CsCTBrBWAwAoAlAlAhAQATATANAOAIAFAAAACxCtCKB3BbAyAwArAsAhAVAUATANAJAGADADAA
2308708,DCCpB/BoBRA8A0AoAtAjAaAYARAOALAIAEABAAC8CgB+BsBWA9AyApAnAgAVATAQAOAKAJAFABAB
2308807,C5CfCBBnBOBBAvAsAhAnAeAXAZANAOAJAFAEACCpCWB4BzBRAyAyA+AfAvAaAXAYANARAHABACAE
2308906,DPCyBxBiBOBCArAtAfAoAXAWAQALAKAGAGACAADbCxBvBjBeBEAvAqAeAeATAPANAQAKADAGABAA
2309003,CtChCUBsBJAvAtAgAiAgAYAfAOAOAKAIAFACABCkCiCSB3BbBHA8AoAyAdAdASATAKAKANAFABAB
2309102,CfCqCXBxBTBEAoA6ApAjAUAWAYALAGAEAGACABCfC1CMBlBFBFAyAsAtAaAbAVATAHAOAGAGACAB
2309201,C1CfB2ByBQA1AyAnAkAaAaAcARAWARACACABAACrCgCPBsBXBCA3ApApAoAeAZATARASABAEADAB
2309300,C5CnCOBsBAAxApAjAnAmAZAZAUAMANAHAEACABCnCjCOB1BbA7A3AvAxAiAbAZANAOAMADAFABAA
2309409,DLCdCIBpBlA0AyAlAlAdAYAXARAIAFAEAEABAAC/CrCOBxBXA9AxAnArAkASAUAMAJAHAEACABAB
2309508,CpCZB7BeBXA+A5AtAxAgAUAZASAOAMAEAEAAAAC0CjCBBxBcBKBGArAyAhAVAaALAMAHAEACAAAA
2309607,C0CfB6BlBWA6A0AsAtAjAbAZAXASALAFADABABCuChB/ByBYA7A1ArArAiAZAZAQAPAMAGAGABAB
2309706,DCCaCBBwBWA7A6ArAkAlAfAZAYAOAHAFADABAAC1CSB3BwBPBAA7AvAsAgAYAdAPAMAKADAEACAB
2309805,C6CbCIBgBIA3AyAxA4AkAgATAUANAIAGADABABCmCkCTBmBLA5A2AwAuAiAeAXATAPANAHADACAB
2309904,CvCxCwBZArAvAlAkAgAUAiAZAVAPAHAHAKAAAACqCbCLBzBJBaBOAqAoAcAgAUAPATAUACAEAEAC
2310001,C1ChB5BXBXA5A7AbA0AkAUAkAUAJATAMAKAEADClCdBwByBHBRAuAlAlAfAkAbAWAVATANAHACAC
2310100,C/CFCFB5BZBAA2ArAsAcAcAWAZAKALAIAGACACC2CZCEBrBXA7BAAjAlAaAbAQASAPASAHACABAB
2310209,CyCiB7BzBaBEAwAzAqAiAaAYAZAQANAFAEABAACwClB+BsBOA7AyAsAoAbAbAUARANAKAGAFACAA
2310308,DFCvCKBrBiA7AwAlArAgAXATAQAGAFADABAAABDICyCHBuBXA4A1AnAqAcASAVALADAFABACAAAB
2310407,DCCiBzBlBLA7A4AxAoAgAeAVATASAQAHAFAAABDGChCNBbBLA4A9AtArAYAQAaAeALALAHAFAAAA
2310506,CyCuCEBmBSA/A5AmAnAjAcAVANANALAGADABABCvCoCABzBYBEA6AqAnAjAaATARAIAKAEADAAAA
2310605,DCCQCUBYBaA5AzAhAlAfAdAhANAPAMAGAGAAABC5CdB9BiBgA8A4A1ArAaAgAcATAKAOAFAIAAAA
2310704,DDCpCHBnBQA2A6AmApAhAXAYAVAPALAGAFACAADCCjB/BqBLA9A6ArAqAbAZAUAPALAHAFADACAA
2310803,CuCfCAB+BTAzAsApAoAfAcAZAOAKAJAHAEACABC5CUCSB0BhA8A9AhArAlAfAUARAIALAEAEABAC
2310902,C7CHCABrBYBCA4AoAuAwAbAXAUAPAIAEADABAACzCNCFBrBdA+A/AsAyAkAUAWAOAKAIAKAEACAC
2311009,CsCrB+B5BbA9AyApAuAjAbAUATAIAHAHABACAACjCtCRBdBTBEA6AqApAjAgAXAQAIAFAEAEACAB
2311108,CiCcCCBlBUBBAwAqAlAeAiAfAVAQAEADABAAAACeChB/BmBjBHA+AyAoAlAhAkAcAPAIAEADACAB
2311207,CoC2CMBnBKA/A8AmAgAgAZASAVARAFACACABABDDCYB+BhBRBKBEAlAqAfAZAfAUARALAEADABAB
2311306,C4CjCDBwBQA5A4ArAuAgAcAWARAOAKAFACACABCxCmCGBxBXA5A4AsAoAgAYATAPAMAIAFAFACAA
2311405,C1CoCEBuBVA7A6AlAqAiAYAaAPAPALAFAEACABC5CeB/BwBVA+A3AqAmAhAZAUAQANAJAFAFACAB
2311504,CqCTB5BrBeA6AmAhAlAjAiAmARARAPAKAEADABCoCuCEBgBkBGAtAqAsAoAfAYASAMAJAMADADAB
2311603,CuCiCABqBWA7A2AqAsAlAgAYATALAMAJAEABAACzChB+ByBUA5AyA0ArAjAdAUASAKAHAFAEABAB
2311702,CzCiCDBnA/AsArAiAkAgAaAaAWARAMAIAHADACCqCnCLB3BYA6A3AwAqAjAgAgAVAQANAHAGADAA
2311801,CzCcB1BnBTA4ArAhAkAnAfAaASATAPAKAEACAACmCfB6BvBfBFA0ArAwArAcAYARAQAPAIAGABAC
2311900,C9ClB2B0BdA6A3AjAnAcAcAYAcAMAGACABACABC8CfCCBtBWBHA9AnAjAbAfAdAQAMAFABABABAA
2312007,DBCvB+BhBXA0A0AjApAhAaAWASAOAJAIAHACABC8CrB5BnBUBDA0AtAjAbAZAZAQAMALAJAHADAC
2312106,DACnB7BqBQA7AwAoAiAiAbAgANAOAJAEAAABAAC7CjB9BrBdA+A4ArAkAfAkAXAXAMALAEACACAB
2312205,C+CtCABsBPA4AuAiAmAhAXAXAUAMALAIAFACABC7CpCFBqBWA7A3AqAqAgAXAXATAMAKAGADADAB
2312304,C0CbCHBuBKAxAsApAtAgAbAXASANAKACAFABAACtClCDBuBeA/A1AyAsAiAeAZAUAPAMAHAHABAB
2312403,CuCjCCBvBTA6AzAwArAjAfAaAXASAKAGADABABC0CjCCBhBNA/A0AsAmAlAaASATAUAHAFADACAA
2312502,CdCiB3BeBdA2ApAmArAxAhAiASATAOAKADACAAChCTB7BmBbA9A5AqA7AvAfAcAUAJARALAJAEAA
2312601,C7CfB0B5BZA1AtAqAqAhAYAeATAVAKAIAFACAACyCQCCBkBPBFA8A0AkAfAbAgAWAJAKAGAFABAC
2312700,CtCWCCBhBHA2A4AoArAlAhAaAXAOAJAIAEABABCmCdB/B3BbBABBAsAvAoAcAaATAOAKAGAEABAB
2312809,C8CuB0B2BeBMAnAtAdAgAdAYANAMALAOAEAAAAC8CiCMBbBbBFA9AfApAVARATAUALAKAHACAAAA
2312908,C6CgCDBjBNA5AxAoAmAiAZAWARAMAKAFADACABCyCfB/B5BiBDA6AvAoAkAYAVATALAKAGAFACAB
2313005,ClCiB/BqBRA6A+AkAwAmAcAZATAQANAGADACABClCjCGBrBSBDBAAnAxAlAYAZAOANAJAFADABAA
2313104,C+ClCABhBOA+AuAqAmAnAgAYASAPAIAFAEACAADICZB3BrBZBAA1AqAtAhAdATASAMAIAGAFACAC
2313203,DHCyCEBgA5AjAnAjAkAgAXAbARAQAKAGAFACACC1CwCJBxBXA3A5AsAwAlAdAUATARAMAGAKACAD
2313302,C7CpCHBpBXA+A0AoAkAkAcARARAMAHACACABAAC+CnCKByBYA+A5AsAmAfAWAWAMAJAHADABABAB
2313401,C0CiCFBrBIA2ApAyAsAlAZAZARANAKADAGABABCrClCBB7BVA/A3A0AoAfAfASAQARAOAEAEABAB
2313500,DHCfCQBsBUA4A4AlAqAgAaAaATAQANAGAGABAADDCeB5BmBNA7AyAnAmAfAYAXASALAKAGAGACAB
2313609,CjCsCRBsBEA0AtA3AgAhAYAYAXAQALAHACABAACxCcCAB1BWBHA8A0ApAgAaAXAPALANADAGAAAC
2313708,CtCXCIBoBHBNA+AnAoAwAVARASANAMAFAFAAAACpCgB0B5BXBFBDA0AwAlANAUALAUAGAFAEAAAB
2313807,C8CsCKBfBIA8A2AtAyAfAcAaAVAMAJAFAEABAAC+CjB7BlBSA4AzAuAsAlAdAVAQAMAKADAEABAA
2313906,CoCyCEBoBOBHAtAnAzAlAbAYATAKAKAIADAAABCwCiB2BrBlA/A8ApAkAhAfASAQAJAIAHAIABAB
2314003,CpCjB+BrBNA7A7ApArAjAcAVAWAQAKAGABACAACkCdCCB2BWBGA/AwArAkAbAVARANAMAEADABAB
2314102,C8CgCABhBPA9A0AtAmAeAfAcAYAQALAGADABABC0CmBxBsBRBBA6AtAlAgAgAYATAOAMAJAFABAB
2400109,CpCjCIBbBNAsAxAoAjAsAiAaARASAPAKAFAEABClCoB4BqBPBDA7AmAtApAiAZATAOANAPAGAEAD
2400208,C4CYB0BWBNA5AyAnAtApAgAYAXARALAEADABADClCpB/BlBoA6A2AzAyAqAiAXARARAKAEAFACAB
2400307,CoCcB+BNBNA4AxAuApAmAlAZAaATAMAOAEABAACuClCBBeBZBAA4AxAzAqAdAbAWANAIAHAFABAA
2400406,CeDXBfCOAvAnAzAgAdAZAUAyAmAFAbAPAAAEAAC9CzB7B3A9AsBFAPAiAiA+AKAJAJATARAEAJAA
2400505,CpCoCJBsBPA8A4AlAlAkAWARAVAPAQAHADACAACnCuCEB8BYA7A3ArAgAjAdAVASAQAGAGACABAB
2400604,CyC8CDBZBTA/AmAnAsAkAVAeAMAQAOAHACACABC4CrB7BsBfA5A6AwAkAfAPAXAXAPAEAKADABAB
2400703,ChC7BuBeBWA1AxAnArAgAmAcAZAYASAFAHACABCfC2CNBcA+AyAsAyAoAoAjAZAgAOAKAMAGAEAA
2400802,CvCvCCBWBNAxAxAnAlArAhAaATARAHAJAFACAACuCwBvBrBUBBA5AqAxAoAZAZARANALANAGADAC
2400901,C5CvCFBkBFA9A4AmAoAdAcAaASAPAMAJAGAAABCyCZCABxBXBBBBAuAnAhAbAYANAQAFAEABADAA
2401008,C/CyB9BhBLA2AxArApAhAfAUAUAPAKAFADACAAC8CyCJBbBQA6A+AoAyAeAbAWAMALALAFACACAB
2401107,CbCkB8BRBHA4AwAxAxAvAdAbAbARAHAEADABABCjCdCMBZBbA+BAA3AzAsAgAjAYAQAMAEAAACAB
2401206,DVCiCLBjA8AyAwA3AqAiAfAVAUAWAOACABACAAC7CoCIBIBMBAA+AsAqAkATAbAZAKAKAEACADAA
2401305,CiCwB2BrBRA6A3AlAfAgAkAdAcAMASAKAEADABCpClB7BuBTA/AxAoAqAhAcAeAVAPANAKAFABAB
2401404,C0C8CQB9AxA8A9AlAiAuApAVAXAKAGACAFAAAADRCJB3BpA0A8A+AiA0AwATATAOAJAJAJACAEAC
2401503,C8C4BsBbA+A0A3AdArAUA9AfAWAXAGAKAFAAAACzC9CGBhBKArA/AmArAvAaAcAUAPAEABAFABAA
2401602,C2CHB/B0BjAyA1AfAiAqAqApAcAUAIAJADACAECfCTB0BqBMBEAwAqAuAeAkAhAQARANAJAFACAC
2401701,CqChB8B8A5AqAqAlAtAlAkAqAVAVAKACAAAEACCmCgCNBRBlBEBAAwAiArAgAaAQARAGAJACACAG
2401800,CoCSBxBUBFA5AvAuAfAxAeAhAPAcAQAGAHAAABChCvCNBlBGBIA8A1AgAyAeAZAVAaASAJAHABAB
2401909,CoCYCDBVBXAxA6A7APAcAmAgAbAXAWAJACAAAACkCwCHBlBQBHAsAzAuAlAQAcAcANAPADAAADAD
2402006,CUCSB+B1BSA0AxAiApAnAgAcASASAMAHADADABCNCUCICDBjBAA9AsAyAlAhAdAXAQAOAIAFAEAB
2402105,CnCuB8BgA5AxA3AoApAkAhAhAUAPAPAIAEABABC2CbByBpBWA+A6AvAwAkAjAkASASAOAHADADAD
2402204,C/CfB9BvA+A0AoAqAnAsAiAeAXAQALADAEACAACnCqCFBlBRA+A3AtA1AjAhAQAYAQAGAHAEAAAE
2402303,CmChB6BjBOAzAuAsAoAlAsAaAQAQAOAHAKADABCjCjCCBnBTA/BBAmAwAuAdAWAQAMAUAHAHACAA
2402402,C1CeB1BYBPBBAmAwAjAmAYAtAQANASALAKAEAACMCqCNBeBfAwAwA2AkAfAnAbAgASATAIAHACAA
2402501,C4CcB1BRBbA0ApArA3A1AqAeAWATANAGAEADAAC6CrBmBSBIA8AxAtA3AsAiAdAQALAQAEAEAEAB
2402600,CsCaB5BpBcA6AvAqAsAkAjAeATANAJAHAFACABCpCcB/BoBaBEA3AwAsAlAeAWATALAMAEAFACAC
2402709,CnCgCCBoBNA1AwAkAtAhAeAUALAQAXANAHADAACsCuCXBaBFBFAqA6AjAgAhAdAUANATAJACACAE
2402808,DFCOBwBRBHAyAzAoAnAmAlAdAUAWARAEAGACACCiCbBuB1BbA+AzAtAxAqAuAZAaARATANAIAAAC
2402907,C8CnCPBqBRAxA6AmAuArAaAUAPAKAGAJABACAAC0CgB3B2BbA/AwAxAxAgAgAbAMAFABACAAACAA
2403004,CqCfCFBzBLAwArAXAiAeAnATAVAbATAMAHAEAACaCTB+B+BUA1AyAvA4ApAkAiAUAPAHALADAIAB
2403103,ClCWB9BYBNA8A2AoArAlAgAZAWANAOAKAEABABClCdCABrBiBBBGApAtAsAgAdAQAQAOAHADACAC
2403202,CmCrB5B0BNA+AmAlAmAlAcASARAQAJAJAFACAACxCeCWB6BUBBAzAtAyAwAQAQAPASALADACADAA
2403251,CgCdB7BuBSBCAwAuAkAjAcAXAOAPANAGACADABClCZCHB3BgBPA8AwAvAgAXAVARATAJAEAEACAA
2403301,DiCPCIBdBMA2AwApArAlAOATAUAJAWAIAAAEAADVCjBwBgBgA9BBAmAwAXATAQAWAIAVADACAAAC
2403400,DHCaByBfBTA4A2AmA4AmAbARAhARAOAKAEAAAACrCVCCBjBSA4AsAuAvAhAcAnAKAOAbAJADAEAA
2403509,CwCeB5B+BKA4AvAoAoAaAjAZAcAQAHAIAGABACCwCtB4B1BbA8AgA0AhAgAkAZAOAYAHAJAFAAAD
2403608,C3CdCBBdBEBLAoA7AlApAbAaAXASAMAJACAAABCmCSCGBfBeBDA4A1AwAiAkAUAUAMAKACADAEAA
2403707,DICQBnBPBrBAA8AkAxAUAgAbAWANAUACABACAADDCqB4BfBhA2BHAlAjAcAZAeAnALADADACAAAF
2403806,C4CQB6BaBXAvAvAfAeAlAjAsAWAYANALAHAEACCmCZB/BoBiA2A3AfAmAuAtAeAWANAPAMAJABAB
2403905,C5CrB4B1BtA1A6AjAlAtARAZACAKANAIAEACAADLCnCRBqBGBAA+AcArAeAWAVAEAIAOAAAFAAAA
2404002,DNCtCGBiBLAxA7AkApAiAaANAQARAQAGAFABADDACcCJB4BOBBApAhAxAZAcAdAMARAIABADAAAA
2404101,DHCfBzBYA+BHAlA3AyAxAgAmAKAJAAAKAFAAAADPCeBlBfBYBRAsBJAiAEA7AaAYAAAEAOAAAAAA
2404200,C2CyCGBxBHAxA0AkArAcAfAgASAUALAEACABAACqCwCOBrBMA4A1AoAjAjAXAaAQAQAKAGABACAE
2404309,DJCVB1BsBJA5A1AmAlAnATAcAZATAUAKAEACABCpChCABYBiA4BNAhAeAlAYAdASAMAYAGACACAE
2404408,DDCpB0BPBIBAA8AoA9AcAeAUAYAQAMAHAFACABC1CoB2BUBVBKA3A1AyAhAYAVAUALAKAIAFABAB
2404507,C9CzBgB0BTBKAuAtAoAnAmASAaAHANAJAHAAAADADFBoBDA2BHAtA5A7AYAaAlAHAOALADAEAEAA
2404606,C4CbB9BnBTA9AxAnAnAsAcApAUAOAMAHADADABC+CdCCBUBQBFA0AyAmAnAXAcAXAMAHAFACAAAB
2404705,C/CbCOBWBZA3AoAqAoAnAWAaAdAPAQAIAEADACC7CkCEBQBTA0AoAqAwArAfAfASAMANAHAHAEAB
2404804,C1BaB0BgBFBCAjApBoAtAiAaALAWAaAOAAAAAACsCWCdBQBJBUBVApA3AaAeAFAaAbAAAPADAAAA
2404903,C4CbBrBeBgAqA9AoAgAtAUAOAVASAGAQADAAAAC9CnCOCHBVBEBMAaAjAXAWAWAJATAPAGAEAGAA
2405009,C6B3B2BSBNA8AkAuAyAuAeAkAVAUAVAEAJADACDCB9BeBjBUBEBEArAvAmBAAfAWALAUAKAHAAAJ
2405108,DWCLBhBfB/BNA1ArAXArAnAhAKAQANAAADAAAAC+CUB8BtB2BFApAVAoAeAYAaAKAPAHAAABAAAC
2405207,DDCUCMBcBlA/AuAiAgAgAaAPANAVAYADAGAAAAC/CSB6CBBZA5AuArAtAaAYATAdASALAHACABAA
2405306,CoCMB3B/BOA7AyAkAsAqAwAaASAOAKAMAEABAACfCoBxB5BSAzA4AxAjAvAoAPAQAQASAMACACAE
2405405,CyCfB7BvBBA6A5AhArAgAZAXAQAIAKAOAEABAHC8C3CNBRBRBRAzAlAeAwAfAUANANAQAEAMAAAC
2405504,CsCSCDBvBgA9AvA3AsAfAlAeATAZAOAMAGAAAAClB7CABZBbBHAtA1AjAhAkAoAIANAGAJAKAAAG
2405603,CvCVCNBXA/A4AyAkAsAgAeAhAVAZARAJAHACABClClB7BwBLA/A1ApAvAnApATAZANATALAGAHAB
2405702,CXCWCGBrBSAvAzAhAoAfAjAaAgAUAVAJAGAFABCRCOB5BvBYBDAxAqAtAtAjAfAZAZAXAJALADAC
2405801,C8CIB1BjBRA5A7AlAsAnAhAeAfATALAHACABAACjCcB7BsBaBEBAAsApAmAjAcAQAPALAFADACAB
2405900,DMCYB/BhBbBIA3AdAoAlAYAQAOAQAdAFADAAAACsByB6B+BpA0A0AdAyA0AqAJAOARAYAFADAAAB
2406007,CxCLBuBmBdA+A7AhApAYAbAcAUAWAQAKADABAADOCOBvB4BdBHA9AqAqAhAcAUARAaAFAJADADAA
2406106,C6CVB8BYBIAzAtAkAsAjAdAcAeAQARAMAIAIACCmCoCHBiBOA6A6AqAuAlAkAcAZASANAEAJABAC
2406205,C7CvB5BXA5AoAoA2AeAmAfAZATATALAGADABABDACyCPBVBfA4BBAoAmAlAfANAaAOAQANAIABAD
2406304,CsCmB/BdBVA3A1AiAoAdAqAcAbAPAOACABAAAADECVCGBvBeBHAzAjAmAeAfAeARAPAEAGAEAAAC
2406403,CoDACdB6BIA0AfAwAcAhAbAXAMAcASAQAAAAAAC4CCB3BmBNBFA7AsA6ARAWAUAfARAHAJAHAAAA
2406502,CZCyCABfBHAwAoAqArAeAbAoAWATAKALADADABDDCUCFBgBYBFAzAvBAAiAeAbAYANAMAFACADAA
2406601,CqCfCBBUBUA3AzAjAvAgAuAZAUAUAHACAGACAADXCRCFBnBLBHA5AvAkAoAXAhAIAaAIAAAFABAA
2406700,CgCqCABbBLBGAyAkA1AsAeAQAXARALAHAEADABCoCnCJBfBjA/AvAvAsAlAWAbAQANAPAJADACAA
2406809,CpC9CMBiBHAuAwAnAkApArAdAOALANALAFABAACbCKBwBxBVA9A4A/AsAuAsAZALANAMAGAGACAD
2406908,DACbB+BBBeA6A5AQAlAlAlARAiAQAEADAEAHAADECiByCOBnA8AxAxAsAbAPAYAUAQAGAEAFAAAA
2407005,DHCjB2BtBbAwAlArAhAhAYAWAUANANAFABABACC2ChB+CDBnA5A7AuAlAXAYAcAWAMAGAEAEABAA
2407104,CuChB4BmBNA6AvAuAqAlAiAdAcAOAOAGAFACAACpCNCBBmBfBBA1AzAqAmAlAbAWAPAJAGAEABAC
2407203,C0CpCABMBOA6A2AzAvAjAcAWAQALAJAHADABAACzCsCJBaBWA/BCAvAyAhAcAZARAKAIAGAFABAB
2407302,CuCYCKBnBEBGAwAkAtAnAfASAVARAJAGAGACABCtCiCGB0BeAzA5AlAqAnAdAXATASAJAGAEACAC
2407401,CrC1CKB5BCAvAwAnAtAfAdAYAVAQAJAHAGACAAClCPCFBxBVA+A5AvAxAhAbAZAQANANAHAEAFAA
2407500,ChCOCGBsBYBFA2AuAlAhAlApAZAUAMAGACACABCoCIB4BgBkBBA1A1AoAqAmAWAPAOAMAAAEACAE
2407609,DHChCZBZBdBGAzAhAhAfAcAfARAJACADADADAACwCxCGByBtAvAlAqAsAhAYAVAIAFAJADACADAA
2407708,ClC9CCBuA4A0AsAuAtAoAhAhAYAKARACADACABCsCSCIBfBABHBDAzAxAoAcAWAaAJAKACAEACAB
2407807,CkCnCEBgBHA+AiAnAsAsAfAhAYAYANAIACAEAACsCkCJBfBLA5A9AwAsAnAcAZATASAMAFAFABAD
2407906,CkDWBLBbAlArBCAuAwAcAXAhAaAfAAAMAAAAAAEFCpB7BQA2A3BXAsAuAdAgAcANAYAHAJAAAAAD
2408003,CuCaB6BfBUA3AyArAuAlAdAUATALAJAFADABABClCjCGBzBnBEA+AxAwAoAcAWARALAJAFADABAB
2408102,CTCLB2BmBcA8AyApAoAlAeAXARAMAHAEADABABCOCLCBCCB6BSBDA2A0ArAhAaASAOAJAGAEACAB
2408201,C9CUB7BwBWA5A1AhAkAqAjAlAYAMAIAHADABABCeCgB6BdBeA/AxAvAiAkAqAbAVAMAPAIAGADAD
2408300,CuClB7BjA+A2AuAsAoAmAhAdAUARALAFADABABCxCjCCBlBXBGA5A1ApArAjAYASAQAKAEAEAAAB
2408409,CnC6BYBQBPA9BMAmArApAaAbAaAaANAEAHACAADFCNB1BuBTA8A1AvAfAyAbAeARAOAMAMAEACAC
2408508,CgCDCVByBkA1AjAcA/AmAjAVAeAQAQALADADAACiB8CcBnBKAyA4AuAvAfAkAfATASASAIAKAEAA
2408607,CvChBsCSBPApArA2AjAmAmAOALAQATAEAQAAAACSC4CSB8A0A7A0AvAhAnAeAVANAWAWAIADAAAA
2408706,CwCpBfBqBcA/A1AmAoAYAdAgAZAUAeAIAIAEAFCaCzBoBYBOBNA0AvAwAaAaAUAfAVARANAEAAAA
2408805,DCB1BsBeBoBYAvArAiA4AiASArARAFAAAEADAADAB8BrB/CGAsA0AZAdBCAkAXAKAJAFAHAAAAAA
2408904,CcCcCFBlBMAwAjAiArAnAjAcATAUAUAOAFAFACCUCNCGByBbA4A6ArA1AoAhAfAYAWAUAKAJABAD
2409100,DUC4BxBOAaApAsAlAyAoAhAUATAMAFADALABAADbCnCDBaBUBFBAA4ApAsAZAJAYANAXABAAAGAB
2409209,CvCrCIBmA+A8AeAqAtARAqAqAhAPAVAAADADAACvCdB3ByBWA+AyAjAmAsAuAYAOAKAPAEAJAAAA
2409308,C1CdB3BbBNA8A1AvAnAoARATAaATALAHADADABDICaCNBoBZBBA7AoAxAeAXAZAVANAHADAEADAA
2409407,CpCfCBBdA5A5A4AiAtAkAbAYAPAOANAGADACABCcCcCRCOBZBHBKAtAyAfAeASAUAMALAGACADAA
2409506,DACaBzB1BLA8AqAnAhAbAqAtAaATARAHAEAFAACtCWBoByBrA5AwApAhAiAhAjAUAMALAFAAACAD
2409605,CkCxB9BuBdAzAmAkA2AtAgAVAZASAMAHACAAAACvCeCLBiBbBNAlArA4AeAdAQAOAAAHAFAHADAF
2409704,DCCbCEBdBWBHAtAoAmAmAkAZAaAVAIACABACAACsCnCCBlBUA4BCAlApAmAcAVAXAJAGAEADACAA
2409803,CyCNCIB6A7AsAqAhAkAnAgAZAhAaAPAJADACABCnCjB3BsBaAzA1AsArApAoAbAWAWANAKAJACAB
2409902,CjCqB6BEBWBFAyAoAxAiAgApAVAOAMANAFAAABCtCkBpBbBVBFAzAwAyAuAcAiAUAUATADADACAB
2410009,CwCdCPBXBLBbA6AVA8AYAWARAQAgARAMAEAAAADECiBeB0BKBAAgAzA/AdAeATAHANAHAOAEAEAG
2410108,C3CQB5BaBUBDA1AiAmBAAgAXATAQAQADABABACDBCVBpB4BgAxA5ArAqAyAeAbAOAOAMACACACAB
2410207,ClCcBuCGBJBEAqAmAsAZAtAbAQAKALALAGAAAACmCgCRBwBdBIBAA0AjAmAcAQAPAJAGAEAFABAA
2410306,CaC9B8ByBCBBA2AuAlAdArAZAdANALAGADADAACsCWB6BxBSA1A+ArApAlAmAKAVAQAMALADADAA
2410405,ClCiCFBbBgA+AgAhAmAsAmAXAXAbAJAJACAAAACzCqCLBXBrBDA2AhAuAlAbAUAVAHAJAEADABAB
2410504,DJCVCjBCA7AnA2AkA6AdAhAQAYANALAJAAAAADDICnBxB7BQBAAqA2A9AiAUAOAcAUAOAFAAAAAA
2410603,DGCrBkBeBVBTBMAUAwAcAfAUASARAGAKAFAAAADJCvB3BHBYBAA8AcAmAqAbASAUAKAQAFACACAC
2410702,DcCuB3BjA0BBBYAnAnAfAKAaATARAQAHAAAEAADCCkBSBFAxBqBgA6AgAVAUAZAWAQAHAHAHAAAD
2410801,C0CpBjBjBIApA4A3ArAiAlAZANANALAHAJAAAACwCMCPCIBgA9A/ApAqAnAOASARAZATAFAAAAAC
2410900,C1C2B6BtBLAzA4AjAoAeAaAaAQAPANAFADABABC9CvB3B8BJBFA8AqAiAeAYAbAPAMAHAEAHABAA
2411007,CrCqCCBrBLA9A2AcAzAgAWAUANAWARALAAADAAC3ClCYB0BVA8A9A/AkAOASAOAJARALAFADAEAA
2411106,DkCsB6BTBPAyArAhAtAhAmAgAQAOALACACAAAAClC2CFBmBWBCAyAkAuAgApAaANAJAEADAAACAB
2411205,ClCYB/BgBPA6AzAkAmAoAfAYAVAOANAIAEACABCxCbCJBtBdBDA5AxArAoAdAbAMAPAOAFAEAEAC
2411403,C7CeB2BZBLA0A1AiAmAjAfAZAXASANAMAGADABC7CeBzBnBYA7A7ArAoAjAiAbAVAVAQAKAGACAD
2411429,DUChCKBcBRAhAoAvAmAcAZAlAdAXAKAVAPAFAAC2CVCBBUBCAvAtAoAnAnAdAbAhATANAJAAAOAD
2411502,DDCcB0BhBDA3AwApAjAoAgAaAZASAMAFAEACACC0CeB8BrBTBCBBAuAqAiAiAaAQARANAFAEACAB
2411601,DEB6B4BgBNA0A3AfA4AzAkAhAXAQAMAAADACADCbCmB+BoBQBFA2A4A1AkAiAkAPAMAIAJAFAAAA
2411700,C+CPBmBrBWA3AfAzArAcAiAeAPAaAUAEAFAFAADWCBByBrBDBDAwApA7AtAbAlASAUANACAGAIAA
2411809,ClCeB0BfBhBTA3AkAkAbAeAmAUAUAGAKAGAFAACYCDBwCCCGBEAuAZAuAgAnAKASALALAKAQAAAF
2411908,EDBbBlCJBpAmBOAVAhAdAbAHASASAPASASAAAADICPCKBuBQA9A0ASAoAnAQAPAPAWAKARAHAHAA
2412005,CxCcB/B0BdA5AqAkAmAtAjAZAbANAJAIADABABCyCTCABYBWBJAtAqAzAqAjAYAWALAKAHACABAC
2412104,ClCHCIBgBaA7A5ARAnAjAuAjAhAQATAIAIAEACCoCQBfBtBaBGA1AqAiAiAsAkAbAQAMAOAHACAE
2412203,CqCmCNBdA7A6AzAmAwAfAnAmAbARAGAFADACAAC2CSCCBbBbBEAzAqAqAhAoAaAXANANAHAIABAC
2412302,DBCUB+BkBDAyAqAoAoAjAkAfAbAOAFAHACACABC0CeCBB1BMBHAyAwAxAqAkAYARASAKADABACAD
2412401,CsChCPB1BAA+AqAcAmAhAdAbAWARAPAHACAEACC1CpBrBwBwA3AzAeAwAoAaARAJAcATAFAEAAAC
2412500,CuChB/ByBNAwAxAlAsAnAZAXATAJAIAGADABABCuCpCHB4BWBDA9ApAqAmAbAYAWAJAJAEADACAB
2412609,C/CdCCBfBFA6A4AsAuAgAaAeARARAOAFAEAAADC2CeB6BkBOBCBDAtAnAhAXAXAbAOAMAIAEADAD
2412708,DACZB1BoBcA1AzAlAhAmAkAkAVASAHAEAFACAACoCiCLBgBdA/AzA0ApAnAaAUAPAKANADAEADAD
2412807,CpCgCBBXBLAvA1AlArAlAgAiAVAWAQALAGABABCiCiB7BcBdA+A+AvAwAkAgAXAaASAHAMACAEAG
2412906,CfCgB+BlBSA1A7AsAqAiAgAkASAQAOAGAEADABCuCQCFBkBRA7BAAuApArAkAbANAWAOAFAFACAC
2413003,CnCXB0BmBXArA4AYApAYApAeAhAPAYATAGACAACkCJBoBuBfA8A1AhAvA0AlAVAYAfAXANAIABAD
2413102,DFCgCIBdBKAzAtArAsAlAWAjAbALAZAIAGACADC/CYBwBtBEBCAuAzAlAkAXAXAbAMAKAIAFACAD
2413201,CKCPCQB0CABQAcAlAbAyA0ARAQAUAJADAAAAAACYCXCdByBKBQAfApANA7A7AQAKAQAAAAAHAAAN
2413300,DPCuB0BaAxAxAsAiAlAWAeAkANAVAJADADABAADaDCBtBnBUBIA9AuAnApAXAcASALAJABACABAD
2413409,CwCjB4BkBIBAAsAyA0AjAdAbAPATAOAOAHABAAC6CQCFBPBCBMA1A1AtAoAZAZASARAOAIAPACAB
2413508,C4CRCAB0BIBFA6AmAjAsAWAPARAWAJAHACACABCzCYCIBvBaBFA7A3AjAjAXAUAOAPAFADAHADAB
2413607,DUC1B+BeBWA8AwAjAiAgAbAZATAPAGAGAIACAADICQCNBiBcAvBCATAqAbAVATASATAMAHAGAEAA
2413706,CyCZBqBzBMA8AwAhAxAmAjAgAVAKANAJADAGAAC9CiCBBdBcA6A8AzApAlAgASAUAKAOADADABAF
2413805,C4CzCGCNBKA/AoAoAwAbAXAOAYAVAKAHAIAAAFDJCIB5BhBeBDAvAkAlAoAPAWAVAAAOAAAFAAAG
2413904,C3CaBzBqBQBAAnAsAsAlAaApARAVALAFAFAFABCsCrBtBlBiBBApAyAmAkAfAbAUAQAJAHAGACAB
2414001,CzCjCCBsBIBCApAuAiAgAhAcAOARAMACAEABAACqC4B+BoBNBJA7AsA0AgAcAWATALAHACADABAB
2414100,C+CeCUBZBXAtA4AlAjAkAbAkASANAGADAEABAAC1CdB/CIBcBCBDAnAjAcAZAVAOAMAEABAGAAAC
2414209,C2B3CcB5A/BAAtAiAZA3A9ANAYALANAGADAAADCOCWCaBoBPA8BIAmAzAmAuAMAMAbAJAFADAAAA
2414308,CyB6CMBfBiAqArAqASA7A6AhAXAOASAJAOAAAAC3CaBiBdAmBKA+A6AoAsArAZASATAAAZAOAFAA
2414407,C1CaBvBnBOBJA3AtAmAiAoAhAaAPAOAGADABABC0CTBzBnBZBDA4AvAjAiAkAdAQALAKAGAEADAB
2414506,CwCdCCBrBlA5AoAsA5AcAcASAPARAJAJAKABABCpCPCJB3BfBDA+AmAhAcAgANANANALANACAFAB
2414605,CqClB2BcBQA7AxAlAoAtAcAbAhATAJAMACAHACCqCrB/BbBWA0A3ArAtAlAjAUASAUAPAJAEAFAB
2414704,CsC4CIBvBDApA4AnAsAqAfAeATANANAGAEAAAACrCWCGBuBOBABHAqAsAiAcAOASAQAMADACAAAB
2414803,C9CeCMBeBbAuAjAxAzA4AVATARAUAFAMAAAFAAC0CUBuB/BWBAAyA7A0AeAbAUAMANAFAIABAAAA
2414902,DJClCSB3BeAeAuAJAiBQAeAHAAAQAJAAAFAAAAC1CiCHB+B3BCAbAiAuApAJAZAFAQAHAFAFAAAA
2415008,DjCxBhBtBCA2AmAmAyAaAXAaAkAQAHAHAJAAAACCCzDEAhBqAkBCAxAJAQAyAYAeAOAaAHAQAAAH
2500106,CzCJBnCCBABHAoArAsAdAhAbASALAKAEADAGAADECMCPBzBeBMAyAqAvAiAhARAdAKAKAEAFACAA
2500205,DKCcCMB/BJBMBJAqAhAgAWAOALAKAEAEABAAABDCCcCEBsBIBUA/AyAdAZASARAOAJAFABACABAB
2500304,CzCZCABsA+AmAvAgAkAmAnAVAbAUAPAEAEABABCtCTCGBuBSA8A5AyAvAqAwAbAWAPAOAJAHABAC
2500403,C5CVCMBgA7AtApAfAgAiAoAjAXAWANAFADAAAAChCiCJB3BbA5AtAtAqAmArAcAcARALAIAHADAE
2500502,C9B4CGBjA0A0AuAuAwApAkAbAaAVAFAHAFABAACkCQCFBsBQBDA0A4AmAwAyAiAYASARAHACACAB
2500601,CqCVCMB6BSAxAoAmA4AqAnAdAgAXAFAFABABABCqCUCAB4BXA2A4AyA0AiAaAMAOALAIABACABAB
2500700,CeCjBxB8BSA/AyAnApAlAiAZARANALAJADACABCXCjB7B4BYBJA1AzAxAjAfAYATAKAJAFADAFAC
2500809,CnCbCJBfA8AwAtAkAjAtApAWAZASAQAFAFABABCkCaCHBxBTBBA4A0AvAsAnAUAaAPARAGAGAAAB
2500908,CmBqBoB3BWBFA5AlA3AYAZAxAUAMAMAHAFAAAACCCQCFBiBfBLA6A7A1BBAnATAZAVANAKAGABAE
2501005,DKCSB8BTA+A0AyAlAlAmAfAZAWAPAJAFAEACACDNCeB7BuBcA6A9AtAqArAdAVAVARAMAHAGACAC
2501104,CjCYCRBoA/AsAjAoAxApAlAbARARAMAGADADABC3CcCUBgBMA7A2AwA2AiAnAYAWARALAHAIACAC
2501203,C6CXB5BjBCAzAYAwAcAfAmAlAJAUARAGAGAAAACvCzCRBqBdA7A0AwAnAzAZAXAWAIALAGAKAHAC
2501302,C+CmB8BbBDAvAnArAnAnAhAaAYANALAIAFACACCrCtCIBrBVA6A3AsAuAnAjAYAUALANAHAGACAB
2501401,C3CWB7BZBOA+AxA3AaAaAxAWAaANAIAFADAAACDFCIChBsBPA5A0AoAuAcAdAWAjATANAAAEAAAE
2501500,CkCbCGBzA/AsAsAnAqAmAdAYAXATAMAFAGACABCtCiCDB0BVA7AwA1AtAtAhAXAVAQAOAHAHACAB
2501609,CnCfCEBlBQAvA1AiAsAmAhAeAWAQAOAGAGADABCzCOCGBnBWBAA3AyAgAkAnAcAPAQATAGAJABAA
2501708,CyCAB5BmBUA1AlApAkAvAVAkAZASAbANAMADAFCZB8BcB4BbAyArA9A7AoAkAgAbAbAXAXACACAH
2501807,C6CeB0BWBFA/A5AqArAlAdAXAPAKAIACADAAABDHCQB7BvBeBOBCA3AnAlAhAZAQAPAKAEADABAB
2501906,CxCUCEBfAvAsArAqAkAmAuAgAWAUANAKAEABAACkCSCJBxBVA8A8AxAyApAsAeAXAZALAHAGACAB
2502003,DDCsB7BhBWBGAwAkAlAnAUAjAOAQAJAGADAFABCrCtB5ByBbA+A3AlAuATAdAVAKAQAMAEAFAEAB
2502102,CrCQB1CEBSAwArAnA2AvAdATAQAQAIAHAFABAACJCZCACCB5BHA/AkA0ApAfAPALAPAIADAEAAAA
2502201,C8B8CkB8BlAlBIAlA4AbAFAbALAXANAQAGAAAACUCUBfCUAwBXAwAlBMAoASAFASAXAYAAAGAAAA
2502300,CxCUB6B1BbBFAxAZArAeAoAXAJAHAIAKADAAABCrCnCMB4BiA/A6AkArAqAXASAWALAGAGACABAB
2502409,C/CZCLBqBUA8A2AkAiAfAQAaAdASAGAIADAAAAC1CJB7B6BbBGBAAmAfAlAfAZATATANADADAAAA
2502508,C/ClB5BiBIA1AyAnAlAnAiAcAbAMAMAJAFACAAC6COCABqBWBDA5ArAtAjAaAgASAKALAFAGADAC
2502607,CtCgCJCGBPA8A4AlAnAgAYAWARAMAIAIAAACAACpCdCQB3BiA5A7ApAwAaAOATAPAJAMAIACACAA
2502706,DaCLB4BqBVA4AuAfArAdAYAZAhAQAEAFAGAAAAC9B7B8B6A4BkAuA2AdAqA4AXANAMAKAAAHAAAH
2502805,CxC4B4BsBPA6A/AaAoAlAcAXATAOAMAFAEABAAC0CpCEBoBPBAA6AlAvAjAZAXANAKANAGAEABAC
2502904,DCCkCFBhBWA7AyAlApAfAVAXALAPAQAJAFACAADFCpBzB6BjBBAnAsAmAjASAWANANAJAFABAAAB
2503001,DACLB/BpBgA6A1AzAwAhAlAjAWAMAKADACAAAAC0CJCEB1BQA0A/AxAvAmAWATAKANAHAFAEABAB
2503100,CwCUCCBPBBAwAxAlAdAgAaAQAxAXANALAKAHAAC7CkCOBZBWA4A8AzAgAkAoAjATAVAMAMAHACAA
2503209,CgCWB2BnBIAwArAuAzAiAoAWAWAQALAFADABABCiCNB8B/BYA/BBA+A5AwAmAXASAPALAEAHABAC
2503308,ChCoCOBrBJBCA+AcAvAlAXAZAdAMAIAOAEADABDFCIB8BbBVBEA9A8AsAgAYAWAOARAHACAGAAAA
2503407,CrCICCB3BPA8ArAyApAhAuAVAXATALAIACAFAACXCUB+BmBvBGAoAyA0AkAdAZAXAWAKAAAGAAAD
2503506,C+CsCABSA8AoAsAiAqAdAiAbAaAPAPAGADABABDBC0CRBXBZA9BBApAmAkAbAXAWATALADAGACAD
2503605,CoCxB2BdAvAzAsAqApAlApAYAZARANAJACACABC3CrB5BcBXA+A8AzA2AxAbAWASAOARAGAKAAAC
2503704,ChCKB6BwBWA+AyAqArAhAaAbASASALAFADACABCfCQCACFBmBCA/AzAxAmAdAaAUAKAJAHADABAB
2503803,CwCcByBjBIAqAyAnApAxAaAiAXANALACAIACAAC+B/B1B4BUBMA9A0A1AyAfAdAcAPAJADAAAAAA
2503902,ClB6CCBnBaA8A6AeAfAeAsAeAcAOAKANADADACCoCcBoByBSBKApA6AmA5AbAdAjAOAYAJAAADAC
2504009,CgCNB1BqBLAzAxApApAmAgAYAUANALAGADABABCbCRB+CDBpBHBDA1A0ApAjAdAVAPALAGAFACAB
2504108,DHDnCHBvA4A3BDA/AsAgAZAPAOAKAAAEAAAAAAClCJCmBYA8BFAwAzBJAXASAIASAFAIAAAAAAAA
2504207,C4CWBwCEBnAwA0AeAsAkAdAbAXAHAVAFAAAFAACnCYCBB8BPA4A1AnAnAkApASAQALAQABAGAAAK
2504306,CpC2CDBsBKA2AwAkAqAeAeAZAQAOAJAFADACAACpCtCQBvBaBDA2ApAvAfAaAWANALAJAHAFACAB
2504405,CmChCDB2BdA+AvAkAkAiAdAXAWAOALAFACABAACuCbCCB8BeBFA8AnAqAfAeATARAKAGAHADABAC
2504504,C/CTCTBlBhAzA2AmApAeAfAYAVAOAEALAHAAAACxCPCCB2BcAlBCAuAnAoAgAVAPAJAHALAGAAAC
2504603,CnCUCKB8BXA+A2AmA3AcAyAbAWACANAHAAAAAAC4CZBtB8BSAvArA6AxAqAWAQAPAKALAKAEAAAC
2504702,CzCtCBBtAyAbAUAoAbAoAiAeAPATAXATAPADAECWCMCLBfBBA+A+AkA6AkA2AhAfAWAZASAIANAC
2504801,CxCWCFBkBGA4AyAnApAgAiAcAPAKAMADAHABAACwCdCIB6BbBMA8AzAnAmAbARAUAOALACADADAB
2504900,DJCICDB0BXA1AsAvAwAmAhAUAYAOAIADACACAACxCdCDBxBeA5ArA0AuAsAaAQASAIAHACACAAAA
2505006,CyCeBqBkBSBPA1AfAbAqAhAkASATAOAFABADADCrCdBkBtBjA+AwAvAcAsAhAcAfAPAQAJAGAFAC
2505105,CiCaB2BRBBA3AzAoAxAqAmAdARAQARAJAFADABC3CWB1BoBSBFBBAyA5AuAjAWAUATANAIAFACAB
2505204,CgCTB+BsBHAcA/AnAeAuAqAbAWAUATAIAIACACCgCZB/BqBmBJA4AqA8ArAZAgAVAOALAGAAAAAA
2505303,CWDNBWCGBlBIBBAcAwAXASAQAnAHAHAHAAAAAADPB8BdCBBiBlA0AnAXAUAVAiAYAGAUAAAEAAAA
2505402,DCCnCMBOBGA/AmAfAnAjAcAUAUAQAPADABADACDECdB/BrBJBDBPAkAyAfAeAUAVAOAOAHAGACAD
2505501,C5CWBpBdBvBnAzAoAmAbAdAbALAIANAPAFAAAADGCZBECVCBBFAvAZAeAUAYAcAUANAJAEACAAAA
2505600,C0CTCGBjBAA1A6AmAwAxAaAZAOAIAQAFABABADCpCZCOB6BmA0BLAsA3ATAVAYASALAJAEAFAAAD
2505709,DJCcCKBeA1ApArAgAqAiAfAXAWAQAQAEAEAEAADJCdB5BpBcBBBAAsArAgAfAjATAMAKAIAEACAC
2505808,CnCgB2BdArAqAxAhAsAkAtAaAeAQAUAKADAAAACvCPB1B7BZBCA2AzA5AuApAcAZAQAOAFAIABAG
2505907,CxCYB+CGBXA7AhAqAeAkAbAcAMAWAUAAAAAAAEDaB1CCC3BJA6A2AVAqARAeAbAbALAEAAACAAAA
2506004,C2CUCABVA/AoA1AoAmAoAfAcAQASALAKAGACABC4COCDB1BXA/BOAtA1AkAdAUAWAZAMAHAHACAA
2506103,CXCmCKBvBOA3AvAhA0ArAlAYARANAGADAAAAACCZCdCKCFBcBHAsAxAyAqAkAWALALAIAEACACAB
2506202,C6CMB3BdBQA/A3AjAmAcAiAjAbAYAJAQACAGADCrCKB4BcBhA4A3A3ArAVAsAmAVAUAKAKAHAGAE
2506301,CdCRCDBXA+AzAtAtArApAdAcAbARALAGAHABAAClCSB/B1BdBDA9A2AzAtAnAdAXAWANAFAFACAC
2506400,DBCTB2BoBJAsAwAoAiAfAoAYAaAVAKAEABAAADDECYB3BeBUA+A6A2AvAkAiAZAUAZAMAIAGADAB
2506509,CvChB2BZBJAwA0AxAeAiAeANAUALAbAGACAAAACsCKCQB5BNBAAxA5BFArAiAbAYAOARAFAIAAAA
2506608,CkCwB/B2BOA3AtAtAfAnAgAYAZAPAIAMAAAAABCpCXCABtBoBHA5ArAvAmAXAXATAJAFADACAEAC
2506707,DQCVBsBdBHBHAwAlAiAjAeAdASAIACAIADAAAADGCjB3BvBpA8A6A2AgAlAaAdAQAWAIADACABAE
2506806,CrCbB+BgA7AlAnAjAtAoAsAZAaAOAPAFAEACABC0CRCFBoBSA9A9AwA7AuAqAYAbATAQAHAGABAC
2506905,CuCMB5BpBLAxAwAsAtAsAlAVAXAVALAJAEABACCTCYCDBnBfA/A9A1A2ApAnAWAPAPAQAJAGABAC
2507002,CpCUCBB1BHA+AvAkArAlAdAZAUALAKAGAEABAACXCcCLB2BbBNA8AyAzApAcASAUALAKAIADABAB
2507101,C3CZCQBkA8AtAqAwArAiAhAUAaASALACAFABAAC2CeCEB2BUA6A0AxApAkAlATAVAUAMAJABACAB
2507200,CnCTB6BiBWAoAwAjAzAmAkARAYARAKAFADABACC0CYCFB7BWBEA3AzA1AlAiASATAUALAEAEAEAA
2507309,CvCeCCBnBEAuAuAoAhAmAtAbAcAUAPAIACACACC2CWB1BxBPA9A9AvAnAiAkAaAaATAOAFAFABAB
2507408,CfCpB2BtBTAvA2AnA2AbAsAYANAOATAGABADACCeClCIB6BVA4A8AnAsAnAbAbARAOAMAEADAFAC
2507507,CUCHBwBnBYA5AzArAnAhAhAZASAMAJAFACABAACSCGB5CGB3BPBFA6AzAtAlAcAWAQALAGAFACAB
2507606,C5CRBpBYBAA9AuApAlAcAmAUAbAYAMAHAAAAACDLCnBrBfBWBaA8AwArAuAeAeATAQAPAGAHABAD
2507705,CxCXB9BgBCA1AtAoAnAgAgAfAXAMAPAJAEABABC2CmCAB4BaA8A7AnAqAqAkAYAUALAOAHAEAFAB
2507804,CoCnBpBjBgA4AuAlAsAuAVAZAVANAPAOADABAAC1ClCABnBMBQA9A2AnAgATAcAPAQAKAIAGAAAD
2507903,C3CTCEBQA6A9A9AwA0AoAnAWANAWAHAEAAAAAACYCYB7BxBVBMBQAsA5AlAlANAUARAKACADAEAD
2508000,DSCpCBBTBQBGA2AkA0AaAdAVAQAFAIAFAAACAADCCaBnBqBdBFBCAwAvAcAbAbAMAOAIADAFAAAA
2508109,CrCoB+B6BFA9BFAbAfAnAUAeAcAMAJANAAADAADECBCCB/BRBFA4AmAeAqAhAPAgAEAHAJAAACAA
2508208,CdCuCOBlA0A1AlAqAqAfAkAXAcAYAQAGACACACCpCfB9BaBIBEBCA5ArAiAlAcAcAUAQAGAJABAC
2508307,ClCXB+BkBAA3ArAqAkAtAnAiAWAOAKAEAFACAACcCqB2BuBaBJA3A1AwArAhAaAVAQAOAJAFABAB
2508406,CKC5CeBzBPAyBAAjAqAkAYATAZAQAFACAIACAACjCjB6B7BmBSA1AfAnArATATANAJAFACAAAEAC
2508505,CuCkB0BeBAAyApAiA2BCAbAVAUARAPALADADACCVCUB/B0BNA5A+A/AgA4AoAgAUAFAUALAFADAA
2508604,ClCPB+ByBYArA+AmAnAtAuAWAbANAFAFAHACAACsCLB3BwBRBAA5AyAsAuAcAjAUALAWAEAGAAAA
2508703,C3CkBnBdBXA1AzA1AhAnAnATATAWADAHABAHAADZCYBvB6BgBCAyAhAjAtAXAWAMASAKAHACABAA
2508802,CnCsCYBTBSBAA2AlApAgAXASAKAQANAFAFAFACCnC1BvB4BMA6A+A+ArAgAUARAUANAOALAGAAAG
2508901,CiCTCIB2BHAvAsArAjAmApAeAZASAMAEADABABCdCiB/B3BUA6A3A0AqAsAjAbAWATAKAEAFACAB
2509008,C+CPBvBoBhA1AqAlAjAkAhAYATAQALAGAFAFAAC8CaBxB5BhBKA4AvAvAiAbAUAVANAIAJAFAAAB
2509107,CjCQB4BkBRAtArArAgArAfAnAcATANAFABACAACmCTB1BxBbBCBBA2AxAmAqAmAdAMAKAEACADAB
2509206,CyCjCHBkA+AnAlAaAfAgAbAhAVAVAKAHACACABC8CWCKB1BgBBA4AyAoAkAiAnAXANALAFAEAEAC
2509305,CyCXB7BxBDA/ArAzAtAiAqApAjANAJAFALAAAACsCfCHBuBKA3A1AaA4AlAeARAUAFAPANAAADAA
2509404,CyCXCIBPA/AzAnAwAtArAkAjAXANAFAGAIADAACxCTCCBvBLBKA0AzBBAoAlAdAOANAKAHAEADAA
2509503,CXCeB+B8BYAhA2AiApA0AiAfAMAPAFAGAFAFACCgCrCICDB+AeAiAzAqAjAbAiAOATAOACAAAAAA
2509602,CVCkB/BoBGBIAxAsAiAYAXAjAZAVAMADAEAAAACwCeB2CIBtBMA8AjAnAjAcAUAUAFAGAIADADAA
2509701,CjCdCHBsBFAvAvAiAtAjAeAZAWASARAIADACABCQCfCMB1BKBDA8A1AyAmAoAdAUAOANAJADABAC
2509800,ClCYCFBVBMAtAwApAjAsApAXAbAUANAIAHACABClCiB3BuBNBFA1A9AvAkAnAaATANAPALAHACAB
2509909,CNCkB3BnBPAyA8ApAlAjAnAVAZAQAQAHAFAAABCjCgCIBtBJBNA9A3ArAoApAPAaAUAOADAFACAA
2510006,C7CfCCByBdA+A4AaApAjAYAdATAIAKAEAGAAAAC3CQB1B/BqA2A1AtAtAkARAXAYAMAFAEABABAA
2510105,DIB/BeBjBMA2AyAuA1AoAZAPAUARAMAJAFABAAC9CGB7BlBcBTA+AqA2AnAnAdAYALANAGAGADAD
2510204,C6CGB2B8BYBEA8AjApAUAaAUASAMAKAMACADAAC0CUCHB3BgBABBAsAtAcAiARAKAUAHAIADAAAD
2510303,CsCEB8BoBoBAAyAWAuAvAuAdAJAPAPAMACAIAACTCRCDB7BgBDAwAqAnAgAnAdANAOAKAJAMABAC
2510402,CxCXCPB1BUBIAxAoAjAjAkARAQALAIACAEAEAACrCbCHB1BcBKA5AkAnArASAOATAKAJAFACADAB
2510501,C9CWBxB3BPBEA2AyApAkAVAPAZAVAPAAANAAADCwCICMBYBfBCA3AnAmAmAUAYAPAVAKATAIAAAA
2510600,CTCdCOBgBKAsAqArAuAoApAZAUASADAFAFAFAACeCsCQBkBoAjBMA0BNAbAmASAMAMAOADACADAA
2510709,C9CiBbB4BSA4A7AsAeAlArAUAgATAMAEAEAAAACTCfBlBhBpAwBBArAjA4AdAhASALALAZACAHAC
2510808,CfCPB1BlBOA1AyArAqAkAdAcAUAPAMAHAEABABCaCVCBB1BoBKBHAuA0AuAiAcARAQAKAGAFACAB
2510907,CvCXCMBpBVA7AzAkAkAfAcAjAZAOAMAGAEABABCsCWCEB4BgA4A7AlApAgAeAWARAMAOAHACACAD
2511004,CrCfCJB1BKA9BAAsAjAjAcAOAeANARADAAAAADCACXB9CCByBEAkA8ArAqAiAYARANAFACACACAA
2511103,C8CQB1BWBWBDA1AoAlAhAbAhAWATAMAIANACABC8CIB9ByBTBFAxAlAjAuAjAgANAVAKANAEACAA
2511202,CzCOB+BwBNBAA5AwA4AkAiAUARARAHAEAGAAABCeCtB6BqBOBGBCAzAtAeAeAPAOATAMADACABAB
2511301,CfCLB/B4BeA2AqAnAlAfAeAWAXAJAHADAEAAACCtCcCLCGB2A1BEAzAfAiAeAYATAHAHAGAEABAB
2511400,CvCQB1BeBOA8A2ApAtAvAnAdATAPALAGAFADABCiCeByBnBdBDA4AvAxAnAgAcAVANANALAGADAB
2511509,CvCOCXBtA+AtAyAfAnAjAeAgAdANAQAFAFABAACiCqCTBgBcA6BBAkAwAcAfAZARASAJAJAGAKAE
2511608,DDCTCcBxBHApAkAtAqAxAeAUASAKANAGACABAAC4CjB8B7BQAwA2A2AsAfAbAUAOAQAJAFAGABAB
2511707,CkCnCDCAA1AmAtAnAtA0AsAdASANAHAJABAAABCdCeCPCABXAzAvAxA8AgAYAWAUASAHAGAFADAA
2511806,CgCPBuBoA9AyA0AjAoAmArAeAkAUANAKAHABAACrCOB7BiBXA6BAA0AtAqApArAWAUAPAKAJACAD
2511905,CfCfCUBwBWA0A4AsAmAoAtAbAZATAGADACAAACCaCGCEBsBgA8BKAuAwAjAZAQASAKAHAEAGACAB
2512002,CfCSB6BwBBAzA2AmAqAkAkAbAQARARALAHADABCsCVCJBzBYBABFArApAuAdAVAVAQANAMAEAAAA
2512101,CiCZCEBtBMA4A0AnArAlAaAaAVAQALAHADACAACgCPB6CCBeBKA8AyArArAcAfAQAPAMAEADACAB
2512200,C0CABxByBIAzAwAeArAXAiAaAjAZASAIAOAAAAClCdCEBqBgBGAxAxAuAlAgAhAgANAQADABAAAA
2512309,CbCYB3BZBOA2AqArAmAiAcAdAfAOAMAJAFABABC9CNBrB/BoBGA7AsAvAoAgAiAYATAKAGAEACAC
2512408,CoCXB+BVBFAxAjAnAiAqAcAgA0AOAPAJACABAACpCxCPBpBdAzAwAzAuArAnAZAOAUARADACACAA
2512507,C5CeB7BtA5ArAeAmAiAeAhAcAfAPAOAHAFABABCsCYCKB4BaA1A3AwAzAtArAXAVANAPAIADABAI
2512606,DJCMBvBUBIA/BCAWAyAaAbAbArAVAFAGALAAAADjCLBtCTBIA0AyArAjAkAWAdAPAiALAGAAAAAA
2512705,CUCfCABZA6AmAzAuAtAlAwAbAeAOAQAFAJAAAACvCNB/BlBSBBA3A/AmAyApAcAeARANALAHAFAC
2512804,C3C0CGBiBVA9AzAjAmAlAhAUAOALAQAGADAEACDACfCEBqBRBAAwAlApAYAaAZAMAKANAGAHAEAB
2512903,CYCUCOBvBCArAlAlArAqAmAgAUAUAIAEADABABCdCSCLB5BYA4A1A0A6A4AnAcASAPAOAGAEACAC
2513000,CZCfBsB5BQBAAzAbA2A7AdAaAGAZAOAKADAAAACcCNCNBiBaBYA4ArAkA5AmAXAQAIAFAIAFAAAB
2513109,CZCIBtBlBHAnApArAqAvAjAdAdATAVAEAGABAACxCMCLBdBbA6A2A8BJAcAyAdAUAdAKAHAJADAD
2513208,CeCxCSB5BOAwAyAkAqAgAcAdAXAOAHADADADABC1CcB/BqBcBGA6AnApArAVAXANAPAGAGAEABAA
2513307,CiCfBpBmBhBBA9AfAgApAcAYAVATAQAJADACABC7CMCHBmBvBHA0AyAjAeAcAaASANAPAEABADAA
2513406,CrChB/BeBaApAjAwAvAbAbAjAcARALAIAJACABCjCRB6BtBaA7BCArAtAvAiAhAOARAKAKAHAFAB
2513505,CgCnB6CGBZBEAqA5AxAZATAfAPAGAQAGABAAAACtCtB6B5BoBCA1AoAkAcAcAPATAHAAAEAAACAC
2513604,CaCCByB2BkBEAtAsAuAcAaAaAPARAKAGAEACAAClB5B7CcBsBKBAAoAqAsAfAdARAMAKAGADACAB
2513703,CoCPB+BsBKA2AuAsAtApAlAYAUAPAIAFACABAACoCTCFBvBdA8A+A0A3AuAgAWAVAPAKAEAEABAC
2513802,DJCVCDBoBlBEAqAjAeAlAeAaAUAVATADADAAAACiCmBzBzBYBAA2AuAlAeAZASAWASAHAEAHABAA
2513901,CoCrB2BoBeAyAvApAqAdAgAaAVAOAPAEACABACCmCgB+B9BdBEA4AqAvAkAcARAXAHAPAFACACAB
2514008,CmCfB0BmBMAoAqAcAXAoAZAiAaAXAPAOAHAEADCcCqCBBtBnAwA4AnAwAvAmAeAbAQARALAJACAE
2514107,CjCWB1BXBWBDA3A0AeAiAmAeAeAVAJAEAEAAABCdCeBtBoBkA/BBAuApAkAgAeAdALAXAGAHABAC
2514206,CVC0CKB0BYAyArAuAoAlAVAbAUAFANAFACACAACWCoCYCEBhA7A4AvAmAkAYAVAMAKAIAGACABAA
2514305,DOC1CFBaBKBDAsAwApAdASASAGAKAKADADABAADQDICHBrBMBLA2AmAgAYAXAQAGAMAGADACABAA
2514404,CrCnCHB1BUBKAvAkA0AdAdAZAQAJALALAEABAACnCkCLBqBfA7A7ApApAiAVAQAKANAMADACAAAB
2514503,CvCTB/BuBZA3A2AjArAgAgAbAUANAQAEADACAACxCUCPBpBYBGBBAlAqAnAbAbAQAKAKAHAEABAA
2514602,DMCPBpBmBUA+A7AxAjAWAVAkAXAZAbARAFAAAACXCLBqB1BjAsA+A5AwAcAdAlAdATAMAFACAAAA
2514701,CtCVB3BmBrA4AmAkAwAgAbApAWAeANAGADADAAC5CMBxBoBYBCA3AyAlAiAfAkATAOALAGAFAAAC
2514800,CgCeB1BmBFArAhAmAeArAtAdAcATATAJAHAEABCZCnB7BxBRBCA3BBAlAxAiAhAaALATAIAHACAA
2514909,CrC0CCBwBbAzAuAjAlAoAdAfAXALAOAGAFADAACtCVB2BzBdA7AxAwAtAiAcAYAOAPALAHACAAAB
2515005,CuChCcBnBVAwArAgAsAnAeAXAaANAFABADAAAAC7CvCTBzA7A2AwAuAvAkAgAYANAQAFAFAEAAAB
2515104,CQCkB/BpBKAhArAnAkApAaAnAkAPALAHACAAACCrCTCMBuBbA2A5AtA1AsAnAeAUAWAOAHAGAEAB
2515203,ChCbCbBjBAAzAqAeBAArAgAdASAVARAQABADABCiB1CEBjBTBGA9AxAyAkAfAcAjAOAOAHAHAAAC
2515302,CyCNCEBuBMA5AzAoAmApAgAbATAQAJAEAEABABCjCbB6B1BhA9A9AuAuAmAkAWAXANAKAFAEABAB
2515401,CyCiB1BYBdBBA1AiAiAoAVAnATAUANAEAHACAACxCbB6BrBqA/A2AnAyAeAbAZATAJAPAGADACAB
2515500,CcCrB8BRAhAhAdAfAiAoAjAWATASATAHACAFACCxCyCbBpBKBBA9BDBDAmAlAkAcAPAQAFAJAEAE
2515609,C1CPB9BVA7BAA+AkAxAkAXAXAaAMAQAPAEAAAADPB1BdBxBrAzA+AwAdAlApAaAmAmACAQAFAJAD
2515708,C2C5BqB1BeBDAzAgAVArASAkAOAIAGAHAEAAAACqCDCKBeBiBQA4AsAzAzAXAVAgAAACAKAEAAAD
2515807,CmCrB6BxArAaAdAcAXAfAXAiAdAiALAKAJABABCnCdCRBzBVAxA1A9A5AwApAbARAYAeADAJACAD
2515906,C0B8CNBnBJAzA2AiAtAeAlAWAUAVAQAHADACABCqCECOB9BgBAAtAxAvAZAoAUAhAUAMAGAIADAC
2516003,CiCQB+BhA7AuArArAzAoAdAfAVAPAMAGACACACCvCXCIB1BYA/BBA0AzApAmAdAVAQAJAJAFABAB
2516102,B/CyCDBxBTAwA3BCAkAfAbAeAQARARAIAEADAACfCICKBqB4A5AzAtAqAbAiAiATALAMAHAHAFAB
2516201,C1CbB8BuBQA9A0ApApAiAbAYASANAIAFAEABAACoCiCEB5BfBIA/ApApApAYAWAPAJAHAEADABAB
2516300,CuCXCDBvA+AnArAiAwArAgATAWARALAFAHADADCzCVCOB5BMBCAzAvAwAsAnAUAWAPAPAGADACAB
2516409,DBCZBvBeA0AqAuAmAvAmAtAdAbAPAMAGADABABC1CcBuBjBWBDBBA2A2ApAoAbAXAPAMAGAIADAC
2516508,CbCaCKBjA1AsAqAfAhAhAhAnAaASAMALAIABABCsCOCBB+BnBFA7AuAqAvAjAgAaAQALAIAGABAB
2516607,C7CpCOB1AyA6AuAmAwAdAYAXAZAPAIADADABAACsCkCVBrBaA1A6AuAjAoAWAfARAMAIAGAFAAAA
2516706,CaCcBuBrBbA1AsAoAkAgAoAWAVALARALAFABAAC3CZCBBuBXA4A1AsA0AnAqAcAQAOAZAFAIACAD
2516805,CmCSCIByBZBBA6AhArAhAfAYATAMAKAIAHAAAACuClCFBuBIBZA4AuAeAlAVAXATAMAIAJABABAA
2516904,CvCiB/BzBMA3A0ApAlAiAaAVAWAPALAGACACAACxChCPBxBhA8A0AyAqAgAXAUASAQALAEAEABAB
2517001,CvCYB/BnBOA4AyAtAnAiApASAYANAMAEAFACABC0CQCGB/BMA8A+A1AqAbAlAdAOAKAMAFAGAAAC
2517100,CjCnCYCDBAA3AnAsAsA6AbAWAVAUAPAIAUAAADC2B8CBBeBQA+AwAjAyAmAIASARAUASAOAIAAAD
2600104,CaCXB7BtBTAuAtAiArAoAeAdAQAPALAFADACABCkCKCPB+BiBFA9AxAxArAiAYAZANALAFAEABAA
2600203,DOCUB0BiBQBJAwAiAjAeAdAcASAQAEAFADABABDGCcB+BsBoA+A5AqAoAhAdAYARAQAGABAEABAB
2600302,CnCeBxBnBGArAuAwAlAoAqAcAcAQALAGACABAACpCeCXBhBRA+AyA9AuAqAkAZAVAPANAGAGACAB
2600401,DDCZB6BmBQA/BGAsA0AnAhAYAZAQAJACADAAAADFCUB7BmBTA8A6AzAqAdAcAPAMAGAHACADABAA
2600500,CjCLBzBxBRA3A4AoAsAkAiAaAYAOAJAJAEABABCgCRCCBzBVBNBEAyAmAoAiAXAdANAOAGAEACAC
2600609,CeCZB2BXBJAxAvAwAqAhAjAgAQATAOAJAIADABCsCdCBBoBNBGA/A6AuAoAhAhAXATAOAJAGADAA
2600708,C3CYCFByBYBLA5AwAvAfAgAWAPAQAHACADABAAC2CbCBBtBRBAA3AvAqAeAbAUANAJAFACACAAAB
2600807,CUCQB/BiBDA2A1AoAvAtAiAgAYAQANAGAEAAAAChCeCBBrBNBCBBA2AwAuAlAhAUARAOAIAGABAB
2600906,C4CWCHBrBcAzA5A4ArAkAnAYAUAMALAFAFABABC6CXCHBgBLA8A5AuAqAYAiAUARAKAJAFAEABAA
2601003,CfCaCIB2BBArAsAuAoAoAfAbAVAKAJADAEABABCjCXCQB2BXBKA5AxA5ApAcATARAOAMAFAGABAF
2601102,C9CbB9BiBYA+A1AoAjAcAcAVAUAKAKADACABABC7CiCGBrBiBLA+ApAoAhAaAWAUAKAFAEADABAB
2601201,CgCWCCBlBFA1AxArAlAmAgAcATALAIAFADAAAACdCbB6CGBhBKBAA3A0AnAgAdATAMAJAGADABAB
2601300,CsB+ChBwBBBFAyAwAvAcAsAcAZASAHACADABACCYCWCBBzBPBBA9A4AuAmAgAVAPANAOAEABAAAB
2601409,CwCZCDBjBRA5A5A0AvAjAoAXAaAKAGACACACABCtCgCJByBVBCA+AyAsAfAeAOAOAIAIADACAAAA
2601508,CfCfCSBfBTA0AtAyAoAfAjAZAeAPAOADACABAACpCiB5B3BRBFA9A6AuAXAeAVAZALALADABABAD
2601607,CvCeCDBiBOA6A0AkAfAjAbAXAWANANAIAEABAACyCOB6B2BmBGA9AtAsAeAdAbAUAUAOAHAFADAB
2601706,CUCUB8BfBEAxAuAtAoAqAqAhAaAPAMAEAFACABCWCYB+ByBXBGA/A3AvAyAjAfAeARANAFAEACAC
2601805,C6CGB/BlBMA9AwAsAnAmAfAZAdAPANAIAEABACCzCFCKBjBXBDA9A0ApAlAeAcAXAMANAJAGACAC
2601904,CQCKB0BjBGA3A0AwAwAtAlAeAZATANAGAEACABCWCQB+BvBfBAA9A7A4AqArAdAZARAQAFAFACAB
2602001,CuCkCFBoBVA4AwAqAkAkAbAYAQAKAJADADAAAACsCkCCByBpBCA6ApAjArAdASAWAMAKAEADABAB
2602100,ChCWB8BoBLA9ApArAoAhAhAZAaAOAKAFACABAACfCYCGB2BaBLAyA6AvAnAhAdAeAPAMAEAFABAA
2602209,CnCgCMBsBFAtAoAtAuAgAmAWAVALAKAEACAAAACtCgCIB7BVA9A1A0A0AhAjAWASAOAKAEAEACAC
2602308,CYCeCMBuBJAzAzAtAsAmAjAZAYANAJAGACABAAClCZCKBzBQBFA8AzAsAgAmAXAYALAJAFAEABAC
2602407,CaCbCDBxBNAxAvAyAmAmAcAZAaAQAJADADABABCbCdCKByBYA/A0A7ArAtAiAbAcAJAJAGAEABAC
2602506,CwCOB5BeBWBNA/AjArAnAYAZAUAPAJAFAFABABCqCPB6BrBbBMBAA/AuAZAhARAXAMASACAEABAA
2602605,CVCZB7BnBNA/AxAqAyApApAeAUAQALAGADACABCVCbB7BuBXBHA0A1A2ApAkAcAWAPAKALADACAB
2602704,C1CaCICHBOA6A3AnArAcAdAVAYALASAFACABABCuCXCTBkBVA9A2AkAnAgAjAUAPANAIAEAFABAA
2602803,C2CiCCBeBUAzAxAjAnAfAgAZAVAQAKAGADAAABC3CdB9BzBfBBA5AuAqAjAdAaAWARAHAEACABAB
2602902,CnCkCJBtBSA6A5AvAyAnAgAVAPAJAHACACABABCvCjCLBwBTBFA5A0ApAgAaAPANAIAGADACABAB
2603009,C/CnBxBoBWBAA2AqAjAcAbAVASAKANAGADAAABCwCnCEBpBPBLA8AwAqAcAcATAWANAKAFACACAC
2603108,CeCnB5BfBAA1AtA0AqAqAlAYAWASALAFAFACAACzCVB/BgBVBHBCA0AuAqAXAZAaARAOAJAFABAC
2603207,CnCcB0BoBQA/AwAqAsAeAiAaAVAOAOACAFABAAC0CYB+BwBgBGA6AzAoAuAaAdAUAJAJAEAEABAA
2603306,CWCWB+BuBGAwAvAyAoArAaAgAUAPAGAFABABACCdCVCKB4BfBCA2A8AxAiArAgAdAJAJAGAGABAA
2603405,CgCNBwBmBDBDA0AiAmArArAWAYARAMAIACAAAACyBuBwCIBgBZA9AvA2AuAhAiAcAOAKAHAAABAA
2603504,CVCOB2B4BHA5A8AgAvAoAmAXAXAPAMAEAGABAACcCWB0CJBQBBA4BCAqAtAkAcAXATAKADAFADAB
2603603,CvCWB6BvBJA3A6AsAlAhAgAfAQAMAIAEAEAAABC3CaB4CJBkA6A4AzApAcAlAOARARAKAGACAAAC
2603702,CkCaCEBuBIA1AtAwAlAlAmAbASANAIACADABABCmCbCOBsBZBFA4A3AwAjAiAXAXALAJADAHADAB
2603801,CvCQB4BpBZA5AxAjAnAgAgAcAWASAPAGAEABABCkCoCDB0BYA9A1A1AkArAeAXAXAOALAFAFABAC
2603900,C2CbB7BvBLAuAzAiAnAoAYAeATAPALAFACABABCzCcCJB0BYA9A9AuAoAoAdAgAVAJAMAFADABAC
2604007,CnCVCDBxBQAzAwAnArAgAjAZAWANAMAHACABABCnCYCMB6BUA6A/AvAsAkAiAaAUAPAMAGADABAB
2604106,CVCOBzBkBLA2A2AsAvApAlAbAWAPALAFADABABCUCRB8B0BiBJBDA5A3AqAmAfAVAQANAFAEACAC
2604205,CmCaCCB0BLAxAyAtAqAoArAWATANAIAFACAAABCwCQCAB4BdA5A6A3AtAkAoAZATAIAIACAFABAB
2604304,DCCgB2ByBGA/AzAsAeARASAcAXAQAPACABADAACzDCByBxBaA/BHAmAcAYAZAUAjARAKADABABAE
2604403,CiCZCJB5BaBBA8AtAzAqAcAXASALALAFABACAACWChCbBsBGBAA6AwAtAcAdAQAVAKAEAGABABAA
2604502,CmCQCTBgBQA+A5AxA0AiAeAbAUAKAHAFABAAAACgCcCOBvBaA6BBAyAxAgAjAZASAHAHACACAAAC
2604601,CjCEB/ByBUBBA4A1A3AmArAgAQARAKADACAAAACmCLCABqBcA6BHAzArAnAcAZARALAGAEADABAC
2604700,CZCUCMBrBQAyAnApAqAmAcAgAYAPAIAGACAAACCUCWCKCEBbBEA1A1AyAoAiAdAXANALAGAEABAC
2604809,C+CNCFB8BKBHBEA1AuAuAiANAeAMAGACABABAACzCVCNBcBEBAA+AuAmAdAeARARANAFADACAAAA
2604908,CoCdCDBqBFA4AwAoAsAqAfAeAVAPAFAFADABAACvCsCTBkBNBCA0AyAwAiAnAWATANAIADADABAB
2605004,CWCTB4BwBHA0AqAxA4AlAlAXAYAPAMAEADABABCdCTCDB9BeBCBGA1ArAoAmAXAXANALAHADABAB
2605103,CxCcB9BlBCA3A0AlAoAmAeAYAYAPAPAFAEABAACzCQCIBzBdA/A7A0AlAnAfAXAUAPAMAMAFABAB
2605202,CqChCFBnBQA8AzA3AzApAkAfASAMAIADACABABCgCfCCBsBRBAA9AyAvAgAeAVARAJAFADACABAC
2605301,DICgCABrBSBCA0AmAgAbAaAXAOAPAIAEACABABC9CbCFB1BeBDA1AtAmAgAcASAQANAGAFACABAB
2605400,CqCyB8BoBFAzAwAsAxAuAbASAYASAHAFAAAAAAC2CrCQBhBHA8A3AyA2AdAgATASAPAKADAEAAAB
2605509,CjCkCEBkBRA+A1AqArApAaAeAUALAKAEACABAADACLCIBzBfAzA5AzAzAgAeATASAOAIAEACABAB
2605608,ChCVB2BdBAA2AtApAnAsAiAeAZAPAMAHAEACAACiCiB9BzBfBEA/AyA1ApAoAbAVAPALAHAEACAB
2605707,ChCIB4ByBaA8AqAlArAkAgAcAWASAOAJAEACABCjCICCBxBiBDAwA3AlArAfAeAaAVAQAJAFACAC
2605806,CqCaB5BeBCAwAtArArAqAjAhAZAPAQAGAEACACCZCdB/ByBZBAA3AyA8AsAiAaAVARASAEAEACAB
2605905,CmCYB4B3BNBEA2A7A3AtAsAXAUAMAJABAGABABCqCTB9BlBXA6A3A3AxAjAfATAQAGAHADABACAB
2606002,CPCPB/BuBRA5AuAqAnAkAfAbAVAOAIAFADABABCKCTCGCLBmBLA+A2AyApAhAgAWANALAEADABAC
2606101,CsCjCIBvBNAxAyAkAtAmAiAZAYAMAIACADABABCvCjCIBwBUA3A1AxAwAkAhAXASAOAKAEABACAB
2606200,CnCYB/BmBWA3A0AzAwAnAnAUATANAJAFACABABCqCRB+B3BcA8A6A5AuAnAdAVAPAPAJAEAEABAB
2606309,C/CdCWBXBRBBBAAnAiAkASAYASAKANAKACACADC1CfB4BsBVBIBIAkAjAdAWAVASAQAIAGAGAAAC
2606408,CZCWB+BkBMA1AvAwAwAqApAZAWARAKAGAEABABCUCdCBB0BaBDA9A3AtApAmAaATAQAMAGAEABAB
2606507,C3CUBrB1BSBAAzAkAhAlAbAdAYAQAMAHAEABADDACXB3BtBVBGA4AxAlAhAmAYAZAKANAEACAAAB
2606606,ClCcB7BvBMA7AwAqAjAsAlAZAVAPAJAEADABAACzCaB6BrBdBIA6AvAwAmAlASAVAMAJAFABAAAC
2606705,CpCXCFBzBPAzAtAuApAjApAbAUAQAHACADABAACxCVCHB0BZA5A2AuAtAgAkAbAUAQAIAGACABAC
2606804,CvCiCFBnBPBAA0AtAvAmAgAYATAOAHAEACAAAAC6CYCBByBVBEA4A0AtAdAbATAPAKAHAEADABAA
2606903,CvCeCBBiBDA0ArAmAnAdAjAaAWAVAMAFAEABAACmCbCOBuBiBDA1A0AsArAkAdARAPAKAEAEABAC
2607000,CgCTB+B2BEBDA1AqA5AfAeAVAdAVAMAEAEACABCgCcB9B6BQBHAxA/AzAgAYAVAVAPAJADADABAB
2607109,ChCsB7BsA9A1AsApApAkAXAgASAXAMAKAAACAACZCjCHBsB1BAA5AoArAiAnAdAXANAEAHAGAEAE
2607208,DDCYCABtBWA7A2A1AuAmAlAZATANAIACACAAAAC8CXCFBnBXA9A3AvAlAfAZAVAQAGADACADAAAB
2607307,DICfB2BoBUAxA5AqAhAhAbAYAUAQAKAFACABAAC6CZB2B3BhBCBFAkAlAlAWATAXAPAHAFAEACAA
2607406,C8CUBhBjBeBDA+AlAkAZATAkAVAPARAVACACAACZCcBUBgBiBSAzAtAaAvArApAmAQAWAIAEACAD
2607505,CpCSB9BqBcA9AwAkAhAiAcAZAYAQAQAFAEACAADBCWCJBzBgBCAzApAmAeAgAUAWANANAFAFACAC
2607604,C0CKB8BkBYA7BLA1A1AtAtATAeANAJADAEABABCwCNB1BnA/BEA8AjA2AlAZAQAaAUAJADACACAB
2607653,CpCSCBBuBWA9A7ArAwAkAqAWAVANAIADADABABClCaCBByBNBJA8AyAqAiAhASASAMAMADADAAAC
2607703,CZCFBvBuBlA9AwAnAtAtAjAZAaAPAMAHAFADAACcCGBvB7BgBGA8A2A2ApAfAiAXAOANAGAGAAAB
2607802,CoCMByB5BjA9AyA4A1AtAuAUAXALAIADABACAACqCYB4B0BcA8BCAxAoAjAfALAKALAIAFABABAB
2607901,CtCgCBBiBRA/A7AxAtAjAdAUAPAKAHADACABAACuCZCCBrBdBKBAA5AuAiAbAVAOAKAHADADABAB
2608008,CXB9CDBpBhA3A2AjAwAsAgAeAUAMALAHAFABAACbCNB3B+BlBEA2ArA6AkAjAdAbAQASAHABABAC
2608107,CiCeB/BsBHAyAzArAkAfAlAUAaARALAIAEACAACjCcCMB0BSA+A/A0AsAjAlAVAXARALAHAFABAC
2608206,C8CjB5BpBJBJBAA2A3AmAfAcARAHACACACABABDFCdB7BfBkAzA7AvAnAiAYASAJAIAGACACABAA
2608305,CrCHBzBnBJAxAsAqAhAqAkAfAdATAMAEADACAACnChB/BsBVA7AzA7ApAxAxAhAbANANAHACADAB
2608404,CjCOCPBrBGAxAtAsAiAoAlAaAXAVAJAGAFABAACqCMCSBnBZBCA7AwAsAtAjAWAeAQAJAEAIABAB
2608503,C7CcCKBtBKBHA4ArAtAlAdAZAQAGAMAAADABABCzCWCLBjBaA+A6ArAuAkAdAPASAIAIABAIAAAB
2608602,CkCjCNBvBVBCAoAmApAmAfAZAMAJAFAEACAAAACYCtCTB5BbBDAyAxApAmAbAXAOALAIAFAEABAC
2608701,CiCUCIBgBEA2A4AmAwAnAkAbAeAOAMACAGABAAClCYB/BuBPBDA3A4AsAmArAXAYATAKAGAEACAC
2608800,CXCYB7BlBAAvAtAqA0AnAdAdAZAPALAFACABAACkCXCQB1BVBJA4A5A1ApAjAbAXARAMAGAFABAB
2608909,CfCgCEBwBKAxAtAsAtAiAjAaAXALAIAFACABABCkCXCHB0BdBAA2A3AvAmAkAaAUANAJAEAFACAB
2609006,CuCRCOBwBOAuA3AnAqAiAmAWAUANALAEAEAAAACbCrCPB0BMA6A3AwAsAkAnAbARATAJAEADABAB
2609105,CkCbCLBvA8AlAxAhAuAjAfAWAfAOAIAHAFABAACjCgCYBzBZA3A9A5AjAlAsATAfALAHAGAGACAA
2609204,DDCXCMByBWA+A2A4ArAmAgAbATANAJAEABABABDGCNCABjBWAzA2AvAjAbAeAVALAJAKADACAAAC
2609303,CVCOB7BsBbBFAxAtAtAqAbAeATASAKAHADABAACdCYCFBsBeA3A+AwAvArAfAbAXATANAFACABAB
2609402,CqCYB8B4BSA9A0AtArAnAeAXATANAFAFAEAAABCpCUCMBtBYA+A4AzAzAmAaAVASALAKAGAEACAB
2609501,CZCWCMByBTBDA2AoAiAmAnAYARATAJAEACAAABCUCTCMB5BcBDA7AzAnAjAkAYATANAHAFAFABAC
2609600,CgCXB9BlBPA9A5AwAuAkAdAUAOAKAGADABABAACeCVCDB0BhBMBHA7A1AmAgAWASANAIAFAEABAB
2609709,ClCwCKBjBLAnAqAvAsAfAkAbAVANAJACADAAAACnCoB+BzBXBEA4A0ArAhArAXATALAKAEAFABAB
2609808,DVCGBwBtBVA8A6ArAZAQAWAkAeAHAIAGADAGAADHCTCIBnBgBIA8AiAWAaAlAQAnANAVABACAAAA
2609907,DGCfB/BjBaBDA3AjAfAiAcAXASAOAKAEACABABC8CZB5BoBgBIA5ApAjAjAaAcASALAJAEADABAC
2610004,CuCVB/BnBQA7A6AuAwAnAjAXASAMAHADACABABCsCaCAB3BfA/BBA2ApAfAeAVAQALAGAFACABAB
2610103,CXCYB9B2BBA4AqAnAoAlAlAgAUAUAOAEACABAAChCLCQB1BaBFAzAvAsAmApAYAeAUANAHAGABAC
2610202,CkCQCHBqBPA1AyAnAsAlAiAWAaAPALAEAEABAACnCWCRBzBWA8BAAxArAjAnAWAZALANADAEAAAA
2610301,ClCCBtBXBIBLA1A0AvAzAWAYAUASAHAFAEACABC3CcBzB1BVBWA4A8A1AoAdAcAWAMAIAFADABAB
2610400,C6CoB3ByBYA/AxAfAlAdAfAZASAPAMAGADABAAC4CUCMBtBWA8A4AwAiAmAeAaAUAPAEAFACABAA
2610509,CpCfCIBjBKAuAuAzAsAgAgAeAaAMAKAEADABABC0ClCJBkBOBAA1A2AqAkAhAXAXAKAKAJAFABAB
2610608,CyChCRBvBcA0A1AtApAhAgAYAVAPAJAEADAAABC3CUCFBmBWA7A5AuAlAfAcAZARAJAIADADABAC
2610707,CgCYB+BpBbA6A3AqAnAmAjAaASAOAIAEADABABCmCNCCB3BeBAA6A1AxArAiAYASANAJAEAEABAB
2610806,CwCkCHBZBMA5AvAqAfAkAhAZAYAMAOAGAEAAACCvCbCBBsBVBGA7AyApAjAfAeAQARALAEAGABAC
2610905,CfCbCFBdBDAuApAoAtAlAjAfAWAPAMAGAEABAAChCaCOBnBRBBA7A7A3AtAjAiATARAPAHAFABAC
2611002,C4CWB/BqBEA7AzAhAlAbAjAYATAVAKAFAFADAACoCjCDBpBVBIA3AvAoAgAkAeAcASALAMADABAB
2611101,C1CcB7BdBbBCA3AsAqAiAbATAPALAEAEACABAACzCeCFBrBpBJA/AsAsAhAcAWAQAMAFAEAEABAB
2611200,CvCRB3BRA/BDAvAnAsAuAgAdAUASAOAHADABABCWCjB2BxBSBKA6A6A6AlAtAjAWAOAHAHAFACAC
2611309,CtCeCIB0BUA1A2AqAoAgAlAYAZATAKAGADABABClCTB+B8BXA6A5AxAvAfAgAWAQAIALAEAEAAAB
2611408,CrCiCUBrBJA4A5AxAuAtAnARAWAPAEAGAEAAAAC0CZB+BoBIBFAyA1AuAdAiAUAOALAFAFACAEAB
2611507,CsCUB/BqBMA/AyAvAnAlAeAcAWAOAJAGACAAAACyCcCLBwBSBAA1A4AuAjAcAVAYAPAGADAEAAAA
2611606,COCIB2BlBYA+A3AvAuAlAfAWAQAMAHAEACABAACKCGB9CABwBSBHA+A5ArAkAbAVAQALAGAEACAB
2611705,CdCLB6BmBLA2AyAvApAiAvAbAdAQARAHADABAAClCWB3BxBWBKA4A0AsAkAvAdAbALANAFAFAAAA
2611804,CxCcB9BwBVA0A+AtA3ApAgAYASALAIACACACAACrChB9BzBQA+A5A2AwAhAcATANAIAIAFADAAAA
2611903,CkCmCBBsBVA/A6A1AzAsAnAbAXAQAFADACABABC2CPCJBjBMBAA2AxAuAgAZAVAPAJAHABAEABAB
2612000,ChCQCHBfBMA1A2A0AuAkAiAhAWAQAJAGABABABChCjCHBnBSBBBAAzArAqAlAaAUAMAMAEACABAC
2612109,CjCZCMBlBFA3AxAnAuAqAiAYAPAPAGABAHABABCpCpCVBlBJBLAvA5A+AdAiASAVALAPAGAEAAAA
2612208,C1CfB9BoBaA6A1AoAoAkAZAWANANAJAFACAAABCzCQCCBsBnBHA5AyAwAiAYAUAWAMALAFAFABAB
2612307,COCXB5BnBOA2AtAuAjAlAqAgAVANAOAIABACAACaCVCDB1BZBMA5A3ArAyApAaAaANAQAEAGABAB
2612406,CdCiCCBlBHAvApAqAjAqAlAgAVATAIAGAFABABCpCiCLByBaA6AyAzAoAsAcAjAUAPANAGAEACAC
2612505,CiCUBuBjBTAzAzApAwAmAmAdAWAPAHAKADADACCnCFCHB1BiBIA6AvA2AlAcAbAVANAPAIAFACAB
2612604,DDCSB3BkBNA+A5ApAgAfAfAaAYAXAIAFADABABDdCBB9BgBkA4A2AxAkAjAeAYAXARAKAFAEAEAB
2612703,C0CSCLBfA+AwApApAnAjAmAfAWATAMAGACABAACxCdCDB0BVAzAyAvAnApAyAdAXAUAMADAHACAB
2612802,CcCdB0BjBRAzA+AoArAlAYAiAfANALACACAAACCyCSB+B5BiA9A1A5ApAgAjAaAeAMAJAEADABAC
2612901,CrCPB7B1BgBCA5AzAtApAgATAVAKAHAFACABAAClCXB5B9BYBGA4A3AqAeAhAUAQALAGABABABAB
2613008,CkCPCDBsBMA0AtAnAoApAiAeAWAUAJAHADACABCuCTCJB1BWBBA4AxAlAqAnAZAUAOAMAHAEACAB
2613107,CnCWB9BbA+AyA2AlAvAvAiAdAYAQAOAFACABABCcClB9BvBaBBA4A8AuApAjAcAVARANAFAGACAC
2613206,ChCICABvBLA3AoApAnAuAkAXAZATALADACABAACmCXCDBzBaBKA5A2AxAoAhAjAUAMAKAFAEACAB
2613305,CsCRCJBpBFAzA4ArApAlAiAeAVASAIAFACAAAACeCZCJBuBSBGA8AyAxAlAmAbAaAOAIADAEAAAA
2613404,CpCdB9BdBXA4AsAwAzAvAhAbAXAOAPAEADAAABCkCaB9BoBPA8A5A6A5AiAiAdARATADAEAFAAAB
2613503,CjCpB6BwBLA0AuAnAqAmAkAZASALAJAFADABABClCiCJBtBfBHA2AxArArAfAVAXAMAIAFACACAA
2613602,CXCOB2BqBVA9AwAsArAvAmAcAWAMAJAGAFADABCbCPBzB5BkBIA/A1AyAtAfAbAUAPAIAGAFACAB
2613701,C7CcB7BuBQA/A8AxApAjAgAWASANAGACADAAABC2CWCEBlBVBFBCAyArAfAdATANALAGADADABAB
2613800,CvCgCABpA/ApAsAqAsAnAmAfATAIAKAGACABABCpCrCVBpBVA1A4A4A2AaAlAYARAQANADACACAD
2613909,CuCVB9BnBMA4AvAlApAiAhAeAVANAIAGACABAACnCZB8B+BiBHA+AtAtAmAjAaAUAMAJAFADABAB
2614006,CxCgCEBfBSA7AzAjAlAnAaAWAOAMAMAGADABAAC6CeB/BvBaBGA2AwAvAiAeAVAWAOAOAEAEAAAB
2614105,CoCSCBBwBYA2AyAmApAfAeAeAYANANAJAEACACCrCRCAB0BeA/A/AvAnAoAaAYAZANAOAFADACAB
2614204,CvCeCCBsBSBAA/A0A0ArAjAXAUAOAHADACABAACxCYCJBlBSBAA0A6AtAdAdAOAMAIAGABABABAB
2614303,DJCnCCBeBYA+A8AiAfAZAbAYAQALAJAGABAAAADCCdCGBcBfBJA4AnApAbAcAYAYAKAHAGACADAC
2614402,C7CUCYBmBWAxA2ASA6AbAkAVAYAMALAEAFAAAAC3CMCRCDBbA4AzAoArAmAYAcAQANAEABACACAB
2614501,CiCfB9BlBLA1AxAvAuAlAjAXARARAKAGADACAACnCgCIBvBaA/A3A2AvAlAhAYATAOALAGAEABAB
2614600,CiCWCDBkBGA8AvApArAjAcAeAUAOAKAJAEAAABCYCdCDB4BiBSBGAmAlAmAXAhAXARAKAIAEABAB
2614709,CNCbB+BiBNAwA0AkAxArAgAcAUATALAEAEAFABCxCTB1B9BWBMA7AyAuApAdAgAUAQAKAKAEAEAC
2614808,CqCPCBBuBKA1ApAhAjAkAiAYAUAUANAJAGACACCaCRCHB2BhA/A1AyArAqAgAZAYAWAOAOAHADAC
2615003,CaCOB8B2BQA6A2AnAlAtAhAcAVAVAMALAGADAACXCJB+B5BRBCA7ArAvAkAvAcAXAOASAIAFADAB
2615102,CMChB9BpBMA/AoAuAiAmAeAbAWARAMAHAEAAAACbCZCMB2BkBCA2A0AvAsAhAeAYAOAMAFADABAC
2615201,DQCYBgByBYBIA4AqAlAaArAZAOADATAGAGAAAADLCLB5BhBXA8A2AtAwAlAXAXAXAMAJAHADABAA
2615300,CoCTCEBsBNAyAxAmAoAjAjAZAXATAJAGAEABABCiCUCHB1BeBAA8AwArAjAnAbAYANAMAGAEABAB
2615409,ClCEBtBTBEBIA1A4AqA5AhAfAgAKAMAJAFAAADCYCaCCBdBPBIA2BJA3ArAcAmASAWALADADADAC
2615508,ClCoCHCIBkAvA2ApArAkAjAXASAMALAEAFABACCjCtB6CABQA5A2ApAmAfAdASAOAIAIADABABAB
2615607,C7CWBuBkBLBNA9AmAoAYAgAZATAKAJACACAAAACyCmCIBgBrBQA+A4AiAeAgAYAQAOAFADACAAAA
2615706,CaCaB0BjBKA3AqAjAqAmAjAhAbAOAOAIAEABAACaCSB9B5BcBJA7AxA3AuAkAfAcALAMAGAGADAB
2615805,DICWB6BfBKA5AsAlApAhAeAWASAOAMAHAGACAADDCgCKBgBXA8BBAsAsAhAcAcAXAMALAGAFACAA
2615904,CnCOBxBiBNBSArAxAzAhAYAfAUAVAUADACABABCYCTBmCRBFBUBJA1AuAnAlAbAWAIAQAAADACAA
2616001,ClCUCLBfBIAzAzAoAvAaAlAaAZAPALAGAFACABCmCoCKB8BZA7A4AqAuAnAZAiALAPAHAJAGAEAB
2616100,CoCVCOBjBTA8AoApAiAoAWAlAcAXAKADAAABAACsCMB8BsBjA/A6AqAqAlAuAZAbAMARAFABABAA
2616209,CYChB4BmBDA4AyAlAzArAgAaAZARARAHAGACABCkCUB5BrBMBKA4A4A7AkAoAbAUATAMAGAGACAC
2616308,CuCkCZBtBUA8A4AvAqAhAdAYAUANAHAEABACABCjCmCRBqBWA2A1AzAnAeAeASANAJAIACACABAB
2616407,CdCUCJBwBRA8AzAzAsAnAhAXASANAHADACAAAAChCYCKBvBiBDA/A2AvAkAdASARALAIAEAFABAB
2700102,C6CeB/BiBKBDAvAeAkAgAkAYAWAQAJAGADABACC5CUB9BlBfBBAxAsAvAkAmAbAaASALAEAGABAC
2700201,ClCaCIB0BJA1AvAtAmAjAmARAaALAMADAIACACCUClCNByBjBAAzArApAgAiAaAaANALAFAFAAAE
2700300,C6CVB7BpBXBCAyAuAmAfAbAUARAJAHACACAAABC9CYCCB9BmBIA6AzAqAfAbASAOAJAIAEACAAAB
2700409,C2CeCECABfBFA5ArAoAfAdAWAUAKAGADABAAAAC4CdCEB6BYA8AsA0AiAYAVASARAIAFADACAAAC
2700508,CQCZB5BwBTAzAxAyBCAjApAYAaAMAFABACABAAC2CaCEByBKBCAsBDA6AbAkAaAWALAEAAAEABAB
2700607,DFCkBrBqAzAnAwAzBSARAeAfAqAVAEAEAEAAAACzCOCTBaAxBMBEApAnAgAbAiAeAXALAEAEAAAE
2700706,CwCpB6BhBCBKA5ApApAdAWAUAZAGALAFAGACADDECZCCBrBfBHBHAqAlAVAZAUAaAKAHAFAGACAC
2700805,C8CHB+CGBJBBArAtAsAYAUAaAVANALALABAAAACtCTCVBtBXBJA4AsAxAbAgAXAQAIATADADAAAB
2700904,C8CJB0BsBWBDBEAmAlAdAoAdAiAOAFABADAAADDHCRBrBkBhBDA5AkAyAkAlAXARAMAEADAEAAAC
2701001,C7ChCKB1BxBDA2ArAoAgAcATARAIAHACACACAAC7CbCAB9BRBDAyAtAjAXAXANANAHAEACAEABAB
2701100,DNCcCIBzBXBNA3AwAsAhAjAPAJALADACACAAABC5CUB9BzBVBPA7A0AfAbAWAPAJADAEABAGAAAB
2701209,C9CSB3ByBLA/A4AoAWAjAdATASAUAOAJAFACAADCCOCCByBwBEApAvArAXAcAQAUATAOAEAFABAD
2701308,C0CeCAB5BpBJA9AoArAXAUAVAVAMAGABABAAABC7CcCBB3BfBKAxA2AbAWAeARAOAFADADACABAA
2701407,CtCKCBBrBMA/AzA6BIAhAXAcAbAMAHABACAAABCfCkCVBjBFBBBBA4AqAaAhATATAPALADADADAB
2701506,C8CnB7BpBOA7AqAnArAjAWAYAVASALAEAEABAAC3ChCHCBBGBEAuAxAoAfAdARAeAEAMABAFACAE
2701605,DGCbCBBmBfA5ArAiAdAhAZATARAUANAEAEABAADHCqCSBmBYBCA2AuAgAfAdANASAOAJADABAAAB
2701704,C0CRCOB0BVA+A3AwAvAmAgAXAWAJAGACADABAACmCbCJB1BVBEA0A4AnAXAbARATAMAGACACAAAA
2701803,DECxBbBYBFBDAxAmAiAfAUAWAbAZAIAFAKADAADXCaB3BpBNBHA9AzAiAaAkAaAcAOAMAHACAEAB
2701902,DJCXCEBxBPAzA4AcAfAlAjAXARAIAIADAEAAABDCCfCcB0BRBGA4AsAaAdAbAWAYAGAIADAFAAAA
2702009,DKCfCFBoBkBAArAlAeARAmAKAYASAGABADACAACtCgB4CBBZBGA0AtAtAbAhAPAQAPANAEADAAAB
2702108,CzCZB5ByBOBEA+A0ApAsAjAVATAMAIACACABAADDCQB+BwBbA+A5AxAfAgAbAUATAJAJADABABAB
2702207,CVCTCUB7BDA1AfBBBCAlAiASAjAMAQAFADAAAACrCcB8BjBEBBA5A6AcAjAzAZAdAPAGACACAAAA
2702306,CzCjCKBoBWA4A3AtAqAgAiAYAWAKALADACABAACyCiCGBsBVA9A6ArApAgAaAUAPAMAIACAEACAB
2702405,CnCaB7BaBPBCAzAjAkAhAfAaAPALALAFACABACCjCcB9BwBqBLA4AwArAqAtAYAbARANADADAAAC
2702504,CsCiCLBOBeA5AqAwAmAjAhAWAUAOANAGAEACABC3ClBzBhBRBWA9A0AsAmAYASAYAMAJAGADABAB
2702603,CoCTCHCLBGA7AyAmAeAfAcAXAZAQALADACAAABCdCrCRB2BUBHA6AxAnAhAZATAVAQAKADACABAA
2702702,CvCmB+CBA2AhA+BCAYAoBIAbAPAWAQAFAAAAAFCqB8B3BhBJBHBJBGAkAkAdAIAXANANAJAAAAAA
2702801,DECSB6BuBTBKBDAsA3AgAcAQAUALAJAFADABABDGCOByCOBYA6AyA4ArARAXALAPAHAHADACAAAA
2702900,DMCTBvB0BeBDA/AhAiAdAaAYATAMALAFACABABDECWCDBwBlA/A4AmAkAdAXAQAWAOAGADAEAAAA
2703007,C4CVCDBwBVBCAvAqAxAfAiANAUALAIAEADAAABCvCjCQB8BaBGA3A1AlAeAdAMAJAGAJADACAAAB
2703106,CxCcB8BvBPA+AsAoAeAcAaAeAYAMALAFAFACABC4CdCCB+BaBDA2ApAuAhAdAWAWAKAKAEAEABAB
2703205,CmCVCDB1BIAqAwAqAtAjAkAaAXAQAOAFAFABABCdChCSBuBLA6AxA5A1AiAmAWAXATAMAFAFACAC
2703304,C1CkB4BlBJA3AnAqAiAhAcAYAXAPALAGACABABC9CmB4B2BTBJAyA5AuAlAhAXAVAMAGAHAEABAC
2703403,DPCSB6BkBRBDAlArAhAdAkAZAKANALAMAAACAADfCYCHBoBXBFAxAjAmAnAOAcAWAMANAGACACAA
2703502,CqCjCOCABYA2A7A5A+AlAzAWAbAIAIACAFABAAC3CZBnBoBJAzAtA9AlAZAfAPASAEAGADACAAAC
2703601,CyCKCJBsBPA8AhA0ArAlAbA0AjAQAJALAGADAACzCaB9BkA3A/A0AoA9AfAsARAOAIAVAJADAAAA
2703700,DMC1BtBgBkA/BBAlAgAWAbASANAHARAHAAADAADMCjBzBtBhBEA4AsAiAJAcATAQAYAFADAAAAAE
2703809,CsCmCNBtBRA/BBAxA6AlAkAQARAGAFAEABAAAAC3CiCLB2BKBIBFAuAjAaASAJALAEAFACAAABAA
2703908,CqCaB+B2BcA+A0A1A8AgAnAaAUAKAHAGABAAAAC3CSCKBxBXBAA2AzApAXAbASAJAHAFADADABAB
2704005,C4CVCFBlBJBAAxAtAnAhAhAWATAMANAGAEACACCjClCTBsBOBKA2AyAnAiAiAQATANALAGADABAB
2704104,C+CGBwB7BvBIA4AiApAiAWARAPAOAGAEADABAADRCDB3B7BhBRAnA3AoAbAbAUARAOAFADAEAAAA
2704203,DKCNCMBpBTA9A2AfAfAbAcAVAWALAOAHAEABAADBCTCGB1BgBBAyAtAoAUAaARAYANANAIADACAC
2704302,CcCIB5BpBaA/A0ArAoAkAcAWARAMAHAEACABABCVCNB+CGBqBNBAA6AxAoAiAaAXAPAJAGAEACAB
2704401,DCCVB4BlBYA9AwAwAcAjAfAXAZAMAIAFADABABC2CnCCBqBZBHAyAzAhAhAfAaAUAPAIAEADACAB
2704500,CeCPCGBoBPA8A8AxA8ArAjAXAcAMALAGAFABABCzCTCMBhBOBGA9AsAoAhAgAQANAOASACADAAAB
2704609,DgCaBrBvBJA+AwAtAjAcAQASAUAPAPAGACABAADTCwCeBeBTA6AxAuAiAVAXAOAUAMAGAGAGAAAD
2704708,CYCbCFByBNA9AzAxAtAhAgAbAaANAKAFACABAACjCmCCBvBQBDA2A1AwAjAbAbAbALAGADAFABAB
2704807,CbCpCTBuBUBDA2AoAlAbAbAXAbAIAKABACABAAC+CRCIB+BYBAA9ApAmAbAhARAUAOAFABABACAC
2704906,DLBiB4CRBHBGAoAxAfAOAlARAfAVAMAEAHAAAADNCHCdBtBrAwA7AoAfAOAlAnAaAOAEADADAAAA
2705002,C3CgB2BpBOA/AqAhAaAhAdAbAaAPAOAHADADACC6CYB8B1BkBBAxAqAoAlAiAYAVARALAIADACAC
2705101,C0CKBxB6BpBQA5A6A0ApAiATAZAKAEABACABAACxCVB5B3BRBEAzArAlAgAUARATAIAGADAFABAA
2705200,ChCkCMBkBtBZA7A3AtAhApAOAQAIAHAAABAAAADKCPB7BnBrA9A3AuAlAdAZAHAKAFADAAABAAAA
2705309,CwCsCFBjBgA3AyAiAmAdAWAVAOAPAHADAGADACC3CdCQBqBSBPAvAsAdAtAaAYATANAMAHAFAAAB
2705408,C7CaBnBhBGAyA9AfAoAZAbALAqAIAKAMACAAAADUCVCFB4BeA+AvA3AkAmAkAaAWAKAJAMAIACAA
2705507,CnCcCHB2BcA8A4A2A2AlAdATAUAMAHADACABABC0CRCDB5BSBEA3A5AmAcAZANARAGAGADAEABAA
2705606,DJCZCXBuBZBIA4AuAvAlAfAQAVALAFACAEADAADGCbB/BwBMA7AwArAjAaAfALANAGAEACAAABAA
2705705,CWC7B5BsBXA8AzAfApAeAkAVARAPAQAHABABAACSCxB8B0BeBCA5A1ApAmAaAbAXAQAIAGACACAB
2705804,DuBdCOBZBDBAA6ArAqARAVAQAnAOAZAGACACAADCC4BqBSBeA/A9AqAmAZAUAcAgAfAXAAAAAAAA
2705903,DXCQB5BbBXBGAqAgAmANAjAYAVAcAEAKACACAADTCFBxCOBgA+AuApA2AXARASAdAOARAAAEAAAD
2706000,DWCOCEBgBMA5BBAfAkAgAXAWAcAUAGAGADACAADCCFCDBjBgA/A9AqAvAWAcAdAaARAJAEAFADAA
2706109,DVCRB+BoBVA4A0AbAiAfAeAaAYAKAHADADADABDbClB0BrBXA/A0AmApAjAZAcAOAOAJADACAAAC
2706208,CkCLB7BoA9BDAyAnA0AdAzAhAOALAGAHAAAAADCZCWCTBqBIBIBGAvBJApA3AOAOANALAAAEAAAE
2706307,CmCUB6BpBRA8AuAsAnAeAeAaAUAMAKADAEABABCpCYCAB9BkBNA3A1AsAhAiAbAVALAMAFAEACAC
2706406,CxCdB9BZBSA2AsAsArAkAaAXAZAPAMAGACABABChCtCEBoBPBHA8AuAqApAgAaAYAUAPAHAGABAB
2706505,CzCOCVBrBJA1AjAxA1AmAaAWAgAaAOAEAHABABCsCbCUBkBOAxA8ApAmAgAbAeARAUANAAAFAAAD
2706604,CECwCCBwBMA2AuAoAcAdAhAlAVASAJAGACACAACjClCACEBQBHAzA/AiApAdAaAZAOAJAHAIADAB
2706703,CVCYCHBnBJAsAuAqAsAkAfAZAZANAHAFADABABCYCSCMB8BaA+A/A3AyAoAmAdAbASANAGAIACAC
2706802,CQCWCFBnBBAqArA3A4AkAfAeAYARAOANAEABAAChCICEBtBNA3A8BIA3AnAnAZAkAOASAIACABAC
2706901,ChCiCHBuBcA8AwArAoAdAcAVAbALAJAEABAAAAC0CgB9B/BXA/AuAwAsAZAkAVAXAPAJACABABAB
2707008,DBCcCVB1BEAxAwAuAmAYAYARAlAIALADAAACACCtCmCZB1BEBBA6AuAWAjAjATAcAEANADADAAAD
2707107,C1CpBrB4BRBEAuAoAdAuAUAaAaAGAEALAEAAAAC/ChBhBYB3BKA9AoAiAhAWAcAWAPAOAIAHACAA
2707206,DPCfB8BqBPA7AuAlAhAkAXAWAXAKAKAEAEACAADRCxB9BmBRBAAxArAnAcAgATAXALAFAFADACAA
2707305,C+CfB/B1BSBFA6A3AzAkAkARAVAJAJABACAAAACrCmB+B1BNA8A4A0AmAXAbANAOAGAGAEACAAAB
2707404,CnCiB/B5BWBEA0AuAzAdAgAbASANAKACAEACABCwCKCfBnA+BHAyAwArAkAcANAZALANADAEAAAB
2707503,CnCaB6BqA+A7AwArAwAoAbAcAXASAPADACAAABCvCSCCB0BQA/AzAyAyAqAkAcAcATALAFAFACAB
2707602,CeCgCEB/BSA9AmAlAgAsAeARAXASAKAEAEABAACmCWB9CBBRBJA0AzAiAiAgAbAUATANAIAFABAE
2707701,CeCcCCB1BQA4AvAtArAqAfAXASAMAIADABABAACkCZCHB2BYBDA5A1A1AmAfAUATANAJAGAFAAAC
2707800,C+B4BmCQBxAzA3A2AoAmAMAiAUAAAEAAAAAAAECzCJCNCABQA8BLAiAgAwAcAsAMARAFAAABAAAA
2707909,DICCCcBIBRA8A6AZAdAnAlAkAiAJAGAHAIAAAAC1CHCMCIBdBBAoAuA0AhAiANAdAHAFAEAAAAAA
2708006,CvCiCIBZBRA6AuAuAlAfAZAUAVAPAIAFACAAABC3CgCFB3BbBKA2AwAnAkAZAXAUAOAIAFAEACAB
2708105,CRDICFCPBdAuA2AmAmAhAeAWAOALAHACABAAACC0CiCIB0BPBCA3A1ArAdARASAOAKAFACAAABAA
2708204,C4COB1B7BBA2AnAqA3AaAaAgAgAOAPADADADAACzChCLBZBOBDA0AwA1AcAfAXAsALANABAIAAAE
2708303,CbCkCMB1BYA8AyAuApAkAdAUATAJAGADACABAACtCjCDB5BbBBA4AxAuAhAcATAPAKAIADADABAA
2708402,C2CrB1BiBOA+A5AmApAjAeAVATAQAIACACAAACDAClB9BpBZBGAyAzAvAjAYAWARALANADABABAA
2708501,CsCWCICABTBMA4AyA3AlAlAbASAPAFACADAAAACkCXCGBuBTA5AwA4AqAdAUANAWAHAGACADAAAB
2708600,CiCZB/B0BkBHA7AuApAjAfAUAUAMAIAEACAAABChCfB8B4BZBJA5AvAsAeAcAQATAKAHAGADABAB
2708709,CyCWCYBiA5AuAfBFAkAuAcAiAnAIAIAHAGACAADDCUCCBzA+A+ApAwA5AlAmAOAWAKAMAIAGAAAA
2708808,ChCSCIB+BMA/AvArArAaAaAUAZAQARAIAHACABCrCTB+B8BZBGA3AxAnAcAfARAbAPALAEAFABAB
2708907,CjCzCHBvBjA/AsAuAsAVAfAWAaANAFAEAAABABCrCfBxB/BkA/AtBCAgAoAVAaAKAGAKABAAAAAA
2709004,CbCzB6BvBLApAzAwAwAWAeAVAVAHAKAHADAAAACrCeCfBwBTBTA1A2AqAhAiAUAVALAKAEAEAAAA
2709103,CzCeB8BqBdBFAmAkAgAbAbAeAaAMAIAHADACABCzCaCLBuBgA9A6AnAnAdAmATAYAMANAEACABAC
2709202,CmCoB5BtBFBIAxAoAmAfAnAWAbAQAMADABACABCjCoB/BkBXBOA+AkAqAiAiATAeAKALADADADAB
2709301,CtCYCEBuBZBDA1AqAsAeAkAWAUALAJACADABAACyCMB8CBBgBFA2A0AoAdAfASARAJAIADAEAAAB
2709400,C3CkCNBmBOA0AvAlAlAlAbAbAZAIAGADACABABCzCiCFB9BWBAAxAxAsAbAfAaARAIAKAEAEACAC
2800100,DSCLBkCiA3BAAyArAwAhAQAUAqAPAAAHAAAAADDaB3B2BoBnA4A3AvArAXAMAUAPAVASADAOAAAD
2800209,CuCqCQBlBEA0AmArAmAgAZAYAXAPANAHACABACCtCiCQB/BYA9AyAqArAlAaAWAYAMAJAEAEABAB
2800308,CZCOB4BsBbA+AyApAnAhAcAVASANAIAEADABAACaCLCACHBqBLA9A2AzAqAjAaAWAMALAGAGACAC
2800407,CvCmCIB9BGA3AqAsApAkAYAdASAMALAFAFAAABC2CeCiBWBdA3ArA0ArAnAeAOAOAKALAEAEAAAE
2800506,C6CtBiB0BQA1AbAmA2AkAbAYAlASAOAGACADACDICXCpBgBAA3AkBBApAUAVAbAVAVADAFAEADAF
2800605,CVClCICABaA/A3AgAfAjAlAcAWAJADACADAEAACPCKCSBlB0BXA7A0AoArAWAQAaANADABAAACAA
2800670,CvCnCNBlBOBAAuAjAqAlAaAZARAOALAGADAAAACgCuB6CBBWBFAuAyAsAiAXAcAaAKAGADABACAC
2800704,C4ClCAB2BMA3AqA7AtAfAcAVAXALAGABABAAAAC5CMCgBNBYA5A6BBAtAnAYAYAUAPAIAAADAAAA
2801009,CvCiCWBVA7AtAkAtAfAnAiAeASARAMAHADACABCuCbCSBxBGBGAvA1AvAkAgAWAhAWALAIAFADAC
2801108,DTCfCQByA9AvAxAuAfAWAbAdAUAOAOAHADAAACDFCbB0B4BZAoAvAqAkAeAjANAhAVAGAFAIAAAF
2801207,DWCUB1BsBiAxA4A0AjAkAcAQAZALAEAEAIAAAACdC/B3B+BTAuAjA4AnAsAVAZASAQAIACABADAA
2801306,CyCgCIBnBKA4AsAsAnAkAdAYAbAOAOADAEAAABCsCdCRBqBOA9A2AyAoAjAaAWAVASALAFAHACAC
2801405,C/CqCCB2BQAxAmAfAnAgAYAYAQAQAMAFAEABABDNCgCYBnBbA5AtArAkAgAfAUAVAGAIADADABAC
2801504,CXCwCbB3A2A8AoAtAiAyAZAjAaAMAEAAACAAAACpCeCVB5A5BKAlBAAuA2AVAYAVADADAAAFABAE
2801603,C2CoCWByBPA7AlAkAdAbAiAYARAUAPACAIABAECwCXByB5BhAyAsAjAcAjAhAbAVAZARAEAJADAD
2801702,ChC+CJBjA9A2AmA/AmAeATAnAQAVAQAAABAAABDDCMCACGBMBBArA5ApAbAeAYATAQAJAFAGAAAD
2801900,C0CuCEBmBTAxAlAnAcAbAPAZAaAQAJANACACACDLCRCFB+BZA1AwA5AkAXAbAbAeALAGAGAIAHAD
2802007,CgC6CTBfBAA2AiAbAkAtAiAcAWAbAZAPAGADADDACNCQBkBEA0ApAuAtAvATAUAiANAKADAJADAA
2802106,CpCNCJBvBFAwArAmAoAjAiAXAXASAMAFADABABCjCaCNBtBNA+A4A0AuArAkAZAfAUAQAGAGADAB
2802205,DhCfCLByBEA5AqAkAlAfAoATAKAQAEACAFAAAADXClB4B4BUA6AhA5AkAkAYAUAMAHADADAIAAAA
2802304,CjCkCABzBeA4AxAgAlAeAYAZAQASAKAFADABACCrCaCIByBmA/A9AuAvAiAYAVAQALAKAGAIADAD
2802403,DMCpCDBwBCA5AtAmAaAjAcAaARAOALADACADABDACzCJBwBaA3A1AsAgAbAbAQAQAJALAFAFABAC
2802502,C5ClCnB4AtA9A5AeAoAhAzAJASARASAAAAAEAADDB2CXBYBMA4AaA3AyAwAUAdAfAOAaAAAAAAAA
2802601,CyDECOBtBMAxAvAoAZAnAWALAQAKANAEACAAACDKC8CTBgBUA8AuAxAmAXAWAQAUADALAHADAAAB
2802700,CqCXCCBqA+AzA3AnAwAnAeAaAZAOAOABACAAAAC/CRB/BhBXA0A3A5AvAlAjAeAjAOAQAGAEACAA
2802809,CtCRCdB0AxAnA0ArAsAjAlAhAaAPAIABAEAAABCrCjCSBrBWA9AvA5ArAnAeAWANAQAJAFABABAF
2802908,C2CmCIBwBGA3AtApAkAbAfAWAPAPAJAFAEAAABCmCjCNB2BXBFAvAvAqAjAgAXAVAMALAHAGACAC
2803005,C0CkCLBkBLA4AtApApAiAfAOAZAPALAEAFAAABCrCgCHBxBWBIAwA8ApAhAbAPAZAMAJADAFABAC
2803104,CiDPCWB5BWAuAlAlAnAfAjAPAUAKAMACAHACAACjC8CHBsBUA3AlAvApAbAiAJATAKAJAHAGAAAC
2803203,CjChCYBrBEAxAqAoAuAjAZAZAeAUAMAFAFABABCgCsCDBpBUBAAwAzAwAhAmAYAYAKALADAEABAC
2803302,CsCeB8B3BBA/AtAjAhArAoAaAeAQAKADAFABACCzCcCVBfBGA+A0AxAuAiAaAcAYANAIAFAGADAD
2803401,DFCeB/B0AuA/AuArAqAmAmAcAVAKALAJADADABCmCaCIByBVBCAuAqAqAtAXAUAXANAJADAHAEAB
2803500,CpCeCFB1BSA9AyAqApAgAdAXAUANALADADABABCuCfCFB0BTBFAvAzArAgAdASAWAPAIAEAEABAC
2803609,C4CXB9BxBRA/AvAmAfAiAiAXAfAQAJAEADABAACmCZCIBzBcA5AyA2AjAqAhAXAVAPAIADAHABAB
2803708,CbCiCjBqBDAsAfAgAnAxAeAWAWAJAQABADAFAGCUCaCYB5BZA4AlA4A2AyAkAVAPAMAXAIABAGAA
2803807,CzCyCwBhBFAtAgAtAfAdApASAYANAVAQAAAAAACnC3B1BtA0BCAkA/A8AcAPAMAjAPANAEAFAFAD
2803906,CdC2COCBA5A8ApAmAoAUAlATAeAOAOABADAAABCxCmCDBtBnA+AwAyAsAjAiASASAJAGACADAAAA
2804003,C1CKB6B9BNA9AmArAeAiAuAhAPAQAJAIAFADAAC5CSB+B2BVBDAoA3AgApAsAVAVAMAMADADABAD
2804102,CbCtCKBxBLA5AtAiAoAcAbAbAQASAJAEACABABClCjCPBpBZBEAsA2AoAqAlAVATAXAKAFAFABAC
2804201,C9CuCOB0BLA9ApAdArASAZASAYANAGACAEAAAADVCrB9CDBUBEAnA0AcAXAdAOAPAMAFAFAFABAA
2804300,CxCvCUBuBIA0AtAvAoAbAdAbAbADAIAIADAAAACvC2CgBUBPAzA0AzAiAhAUARAVAbAKAFAGAAAA
2804409,CqCbCPByA+AzApAuAfAgAiAdAXAQAKAGAFAAABCvCQCIBoBMA3A4AuA0AjAoAbAgAUARAGAHADAC
2804458,DKC6BuB/BVAvAoAjAcAZAaAXAXAIANACAFACABC9C7CSByBVA4AtApAqAeAYAMAPAMAGAEADABAB
2804508,C/C6CIBoBTBCApAgAfAYAZAVAVALANAFADABAADAC5B9B4BTBGAzAjAfAaASAUALARAMAEAEABAC
2804607,CxClCGBvBBAzAoAmAeAfAbAXAXAVANAJAFACABCtCmCNB/BXA7A4AvAsAfAeAVAUAOAHAFAFACAC
2804706,DMCYBtBsBZA2AqAqAoAZAVAgAWAHAMAKACAAAACpDFCTBnBXA5AwAsAvATATAXAdAaAIACAGAAAA
2804805,CzC0CmCFBEAzAvAmAfAfAkAdAaANAMADACAAAACvCdCDBlBKA1ApA0ApAeAiAWAKAJAIADAFACAE
2804904,C8CjCJB6BJA0ArAvAxAiAbATAbAKALADADABABCyCSCSBwBHBEA7AxAoATAgATAVANAIADACAAAD
2805000,C8DjCdB3AsAmAgArAVArAfAGAGAMAMAAAAAAAAERB5C0BOBGA7AlA1AyAjAIAPALAOAFAAAJAAAD
2805109,CuCbCZB3ArAuA0AvArAkAaAWATAQANAEACAAACC2CiCmBaA6BBBAAzAyAkAjAZAWAGAKAFAEAAAA
2805208,CwC3CHBlA3BAAYAhAZApAeAeAUANAIAFACAAAACpC3CUCbBBA7AvAmAxAtAVANAdALAIAEAJAAAB
2805307,CmCGChBfBKA4AlBGAqAwA0AQAYAGALAEACAAAACUC7CEB3BBBAA0AqApAnA9AaAJAAAOAAAAACAD
2805406,C5CjB1BqBHA1AnAmAkAgAYAdAaARAKAEADABABDZChCFB5BRBIA2AuApAXAdARAUALAGAEAFABAC
2805505,CpCICHBnBTBCAwAnAnAoAhAeAUALAKAEACABABCaCaB7CABrBMA0A3AuAgAjAVAQAQAHABAEABAC
2805604,DECuCFBmBNA7AmAlAoAkAaAeAUANAKAEACABABDCCqB9BwBMA+AuAtArAfAaATASAMAIAFAEACAC
2805703,CmCSCFBiBEAwArAvAmAkAmAaAWAOAJAFAEACAAChCaCHBzBIBDA7A3AtAoAoAcAdAXAQAGAIACAA
2805802,C3CgB1ByBOA1AvAmAlAfAdAYAXAPAKAGACADAAC1CeB9BvBZBFAsAxApAmAgAcAUAPAMAIAGACAB
2805901,CvChCLB5BUA2AjAnAaAqAsAcAcAWAPABABABAAC+CXCIBsBFA6ApAtAwAeAfATAVAVAHACABAAAE
2806008,CnCkCDBsBGA2AjApAiAeAdAVAeAKANAJAIACADCuCiCOB0BgA1AxAuAvAjAaAWAYAUARAHADADAD
2806107,CtCVCTB2A5BEA5AcAnAxAYAaAaAaAOAFAAAEAACbC1CFBgBJArA0ApAsAoAmAXAXARAOAAAOAAAA
2806206,DJCUB+BzBPA5AsApAiAkAgAbAZAPAKAFAFADACDBCVCBBqBNBHA3AnAtAhAbAUASAKAPAEADABAB
2806305,CUB/CaB5A4A+AsA2AsA0AuAlAeATAJADABAAAACDCkCeBPBKA2AzA/A0AsAwAQAUAMANAHAFAAAA
2806503,CxCnCnB/BBAqAjAqAlAkAiAdASATADADAAAEADC1CkCOBfBOAzAuA2AcAsAjASATAKAMAFALAAAA
2806602,CjCfCTBvBFA5AnAyAoAfAdAdAdARAOAAADABAADFChB/BtBLA6A9AmAqAhAjAdAWAKAIABADABAA
2806701,CnCWCBCEBFAwAoAnAhAqAdAZAZAVAPAFAEABAACcCfCMBnBIA6A6A3AuAtAhAbAZASAOAEAGACAD
2806800,ClChB7B1A7BBAfAwAlApAhASAYATAEAEACAAAACmCgCFCFBlA/A5AlAmAwAfAaAVAOAMAFACACAC
2806909,CrC5BsCfBFAuAkAfAsAjAYAcAlAWAOACAGAAAAC8CTCpBJA9A8AxAhAzAoAkAOAaAKAUACAAAAAA
2807006,CwC3B0BxBLAvArApAUArAbAUAVAUAFACACAAAAC0DACSCDBQBOApAfAmAhAfAUARALAGACAEAFAA
2807105,CrCkB6BhBHAvAqAoAlAeAgAZAcAQANAFADACABCmCbCBB0BVBDA2AxAtAvAnAgAaAQAPAFAGACAB
2807204,C+CuCKBzBUAwArAjAtAnAlAYAXAIAPAEAGABAAClCmB/BYBGA/A1A0A0AbAeARAhALAIAAAEABAC
2807303,DLCTCBByA6BBAxAYAeAhAqAYAcAIAKAQAKAAAACtChCBBLBIA3AwA4AhA9AmAVAhAPAJAGAFAEAO
2807402,CoCbB9BbBIA5ArAtAqAgAgAYAXARALAGADACABC2CYB1B1BeBJA+AwAyAiAdAXAZAQAMAHAEABAC
2807501,C1CwCLBUA+A7AqAvAmAnAaAaASAOAMAFACAAABCrC9CDBhBgBFAvAxAgAlAcATAfANAHACABADAF
2807600,C/CSCLBqA0A+AlAsArArAhAeARAHARAHACAEAAC0CWCnBcBMBQAqAyAtAmAaAdAcAHAGACAAAAAB
2900108,CQCCCJBtBDA1AqAkArAnAnAkAWARAIAGAHAAACCKCCCTCHBZBEA7AxA0AqArAaAnANARAEAEAEAC
2900207,ChCfCHBrBIA6AnApAjAdAeAdAYAUAGAIABACADCqCXB5B6BUBFA2AuAsAsAcAZAfAYAKAJAGADAC
2900306,ChCUB2B1BMA7AmAwAnAqAvAUAbAQANAGACABABCbCKCNBtBZA8A1A2A4AoAlAaAYAKAPAEAEACAD
2900405,C4CRB2BbA/A4AnAjAgAkAmAdAbATAOAGAEACABCsClCHBlBZBCA2AwAvArAjAgAZARAPAFAIAFAC
2900504,CfCNBuBmBRBBBIAnAuAmAeAVAZALAHAEAIAAAACyCLBYCBBYBJA8AwAsArAmAaAlALATAGAFAEAD
2900603,CmCeCSB6BMA2A2AtA4ArAaAaAOALAIADADABABCcCdCLB1BUBHAxA4AxAYAbAUALAIAFADAEABAD
2900702,CjCXB2BmBDA1AxAwAxAlAfAWASAMAJAEADACABClCZCEB1BdBKA8A5A3AnAeAYAVANALAGAFACAC
2900801,C0C0CTBtBOA6A0AvAsAhAWAUARAJAGADACABABCwCtCKB1BXBIAxAxApAYATAOAKAJAFADACABAB
2900900,ChCSCIB3BkBMA3A0A6AkAiASATAMAEACAAACAACOCeCHByBlBOA1A6AxAUAWAPAJAGAGABACACAA
2901007,CWCaCMBhA3AxAnAtAwAtAeAnAaAOAJAFAEABABCeCPCSBuBNBEA6A3A1AhAqAeAfAPAMAIAHABAC
2901106,CbCZCKBmBOA1AqAwA1AnAmAeAUANAKAGADAAABCdCSCJBxBPBEAuA+AuAqAjAYAbAMAOADAGACAB
2901205,DOCTCQBZBEA+AvAyAhAhAjAVAUAMAIAEAFABAAC+CgCDB4BgBBA7ApAhAcAWAUASAKAKAEAFACAA
2901304,C6CeB9BmBZA/AtAqArAsAhAbAYAMAGACACABAACtCgB8BkBXBJA0AsAuAkAfAZAWAKAGAEABAAAB
2901403,C2ChCGBuBQBHAvAlAoApAbAWAVAPAHADAFACABCoCeCEBtBWA1A6AwAqAgAcAaAZARAKACABACAA
2901502,CpCPB/BUBBA6AqAvAnAdAlAaAeAOAEAJADAAAAClChCIB2BcBGAtA4AuAqAxAeAWASANAGADAAAC
2901601,CpCYBzBxBbBBA2AvAqAfAhAXATAMAIAKADABABCpCdCEBsBcBKA1A1AnAhAgAVARAOAJAEAEABAC
2901700,CyChB1BrA7AuAtApAwAhAaAXAVAPAJAGAGABABC3CUCOBtBoBBAzA8AtAdAcAYATAOAQAJAEABAC
2901809,C/COCMBiBOBBA0AjAqAhAgAbAUANAKADADAAAAC5CBCHB0BXA2A0AxA2AjAcAcAdANAJAEAEAEAA
2901908,CiCSCOBsAzAyAjAqAkAtAlAbAaAZARAHADAAABCRCgCNByBDA6A0A3AxAqAsAZAcAaAQAGAHACAC
2902005,CzCqCCBtBZAtAzApAlAcAeAZAUAJAGADAFADACC9CdCIBsBfBGA4AvAgAeAbAYARAJAGAHAFABAC
2902104,DDCmB8BlBSA9AyAhAqAiAfAdAUANAJAFADACABDDCWB4BmBYBLA1ArApAgAaAUAOAMANAHADABAD
2902203,CLCkCNBYAyA4AiAzAiAjAkAlAZASAKAGAJACABCrCKCABqBYA/A+A5AuAoA5AbAXAKARAKALAFAD
2902302,ClCbCfBpA/AzA3BEA3AiAhAYAPAJAGAHAFAAABCWCrByBhBKBIBMBBAlAlAdASARAMAHAEADAEAC
2902401,CoCkCZBjBPA3ArA8AxAkAmAhAgAMAFAEACAAAACvCbCKBjBGBIAwA3ApAaAYAeAPAFAHAAADABAB
2902500,CcCnB+BsA+BBAyAmAiAeAdAWAaARAGAEAEADABCmClCIBuBWBQA7AwAxAfAgAcAWAUAMAEACABAB
2902609,C3CcCJBtBGA6AoAgAfAbAgAdAZAUAOAGAEADABCyCdCHBsBYBEAtA3AhAgAmAbAZAJAMAFAEABAC
2902708,C/CmCSBlBIA2AwAnAnAfAjAXAZAMAFADACABABCyClCLBkBOBAA3AxAvAfAeAXAUALAIAEADABAB
2902807,CmCHCOB3BOA1AxArAoAhAhAhAWAMAFAGADABABCOCOCHB0BaBGA/A5A2AgAqAaAUARAJAEACACAD
2902906,CwCSCKCIBXA+AyAsAyAkAVAUAVAJAFAIABAAAACdCkCECRBZBDAvAxAjAgAUAYAPAEADAEACACAB
2903003,CcCKCFBpBKA5AjAlAyAqAkAeANANAGAGAFAAAACjCPCeBzBbBJA6A0A4AfAkAUAZAKAOAFAIAEAB
2903102,ClClCpBuBLBCBAA+A5AkAeAUAUAGAGADABAAACCGCoCJB1BOBDA8AzArAaALAOAOAKAJABAAABAA
2903201,CoCbCGBsBPA2AxAnAhAfAjAdASAMALAFADABABChCXCQB8BYA5A2A3AvAkAcAcAVAOAMAGAFADAC
2903300,C9CPB4BrBsBfA5BHAqAvAoAcARAKAFABAEAEABC4COBsBwBKBKAsAtAnAUAWARAIAEAGAHADADAB
2903409,CoCfCMByBLA+AxA0AwAmAgAdASAOAGAEABAAAAChCVCVBwBTBBA8AwAyAZAXAWAOALAJAEADACAA
2903508,DBCVCHB4BLBFAtAmArAbAcAVATAKAFACABAAAACwCjCTCCBcBGA9AkAjAaAfAQARAHAHACABAAAA
2903607,C5CRCCBkBOA2AhArAeAoAqAbATAUANAGAEAAABCmCpCFBsBWBBAxAmAtAuAlATAUASARAGAEABAC
2903706,CaDBCWBTBEBJBBAzA6AcAZATAMAMAIADAEAAABC3CjCHBYBTBWBBA1AuAfAVAMAPAHAEACADAAAA
2903805,DKCdCDBcBMA9AvAnAjAkAhAZAXAPAHADADABACDICkCJBfBXBDA1AtAmAfAVAWAPAJAJAHACACAF
2903904,CsCoCLBmBGA0AvAsArAeAdAbAVAQAJADADAAAACsChCPBpBQA/A5A2AsAfAkAYAVANAHAHADACAB
2904001,CQB6CGBsBVA1AsAmArAlAlAlAgASAMAIACAAACCFB9CHBkBaBQA2A8A9AtAwApAbAUANAJAEABAB
2904100,CnCfB1BgBRBKA8ArAkAhAaAZAWAJAOAEAHACABCuCQCBBhBgBTA6AvAnAeAhAcAbANALAIAEABAC
2904209,CsCYB5BtBPBDAxAuAqAfAgAYAUANAKAJADACAAC3CMCMBeBaBIA1AwAnAhApAYAaALANAEAFACAC
2904308,CSCUCUBjBaAwAyAwA2AjAqAbAZALAJAFACABACCRCZCNByBXA7AyBKApAoAaAdAUAJAKADAFAAAA
2904407,C1CpCABpBNBRAtAnAdAnAfASASAPAKACACACAAC6CgCBBqBkBAAyAyAiAiAVAUAYAMAMACABACAA
2904506,CRB6CIBrBSBIApAnAnAsAnAmAjAUAJAFADACACB8CRB1BxBgBHA2A6AuAnApAnAgATANAEAHAAAC
2904605,C1CeCPBWBPBIA0AtAkAkAYAZASAIAHAEAEACABCsCkCCB0BZBLA1AwAnAhAYAVAUAJAKAFAGABAD
2904704,CmCdCMBxBRA1AyA2AyApAqAdAXANAKAEADABAACfCWCKB0BKA+A8AwAsAfAcASAUAIAHAFAFABAA
2904803,C7ClCSBmA7A7A6AwAsAdAXAbAXAJAFADACABAAC5CmCKByBWBCA7AtAwAVAZAYAQAEAEACADAAAC
2904902,CWCbCIBwBAAwAvAtAyAlAiAYAUANAHAFADABABCSCcCOBrBGBHA5A3A3AsAmAgAeAOAMAIAHAFAB
2905008,CRCdCNBrBfA2AmAqAmAoAbAeAUAJAIAFACACABCbCiCQB5BfA+A7AwAwAiAmAWAUAJAIAEAFACAC
2905107,C1CWCJBTBCBDA0AeA0AfAlAjAYAVALACAEACAAC4CcB4BtBcA5A4AtAtAlAnAeAOAKAGAGAFAEAA
2905206,ChCRCLBmBVBAAwAtAnAgAfAXATAQAMAHAGACACCdCPB9B3BbBFA8AvArAjAeAdAaARALAIAHACAD
2905305,DACoCGBcBVA4AqAvAxAaAaAVAPAJAHACACAAAAC8CnCYBuBfBFAwAvArAaAeASALAJAHACACAAAB
2905404,DCCbCFBlBEBEBHAmAnAaAfAdAUAMAGAGAEABABDdCIBzBbBJBJA7A0AfAhAaAdAcANAIAEAEABAC
2905503,CmCTB1BpBSBRA0AiAuAkAkAgASAMAFACACABACCkChCCBoBoBPA6AzAvAmAeATANAJAIACAEABAC
2905602,DCCgB9BrBWBHA2A5AuAhApAWATAMAIAEACABABCxCjB/ByBTA4A4AuAnAZAYAQAOAGAGABACAAAC
2905701,CmCLB3BqBkBKA8A0A1AlAjAZAVALAKAEAEACABCjCPCBBqBTBIA7A1ArAgAfAVATAKAJADADABAC
2905800,C8CgCDBxBVBIA7AyArAgAfAbAPAKAIADACAAABC2CZB/BoBXBGA2AxAjAaAaARANAKAIAFABACAB
2905909,DVCzCMBwBDA4AsAlAmAbAYAVANAIAGADAAAAAADMCqCQBwBeA4A8AhAlAcAVAUAKALAHACABAAAB
2906006,CxChB7BvBdA8AzAkAoAlAeAWATALAHADAEABAACwCgCGB2BdBEA1AsArAjAhASAOAJAKADACABAB
2906105,CiCuCQBkBZA2AtAqAhAdAcAeATALAHAGABACAACmCnCIBrBZBMA6ArApAkAfARAbAJALAEAEABAB
2906204,CnCzCJBsBSBBAzApAkAkAcATARAJAGACACABAAC6CgCOB0BkA7A5AuAlAgAbAUANAIAFACACAAAA
2906303,CsCdCMBqBQA4A4AqAzAoArAaAVAKAHADADABABC5CMCDB0BQA+A5AzAsAbAZAVAQAOAIACACABAC
2906402,CqCeCKBwBcA1AzAiAqAcAcAbAUASANAGAEABABCYCeCQBfBXA4AqAuA4AcAiAgAeAQAMAGAHADAC
2906501,C4CdCDBjBWA+A9A4AuAjAWASAKAJAFACACABABCwCqCNBwBdBHBBAyAmAgAUAPALAJAFACACABAB
2906600,C5CoCDB7BTA5A7AkAgAXAYAYAXAKAIAEAEABABC4ClCVBlBZBDA4AsAiAUAeARAUALAFAFAEABAB
2906709,C3ClCCB0BYBFA0AoAtAgAaARANAOAFAEACABABC4CXCdBsBjA5A4AtAhAYAcASAQAMAGABADABAB
2906808,DKCRB4BmBMA6AvAuAlAjAhAdAWAPAJAGAHACACC1CYB6BrBhA5A1AoApAfAkAgASAOAMAFAGACAD
2906907,DACZCMBoBNBCAvAxArAeAfAXAPAJAGADADAAAAC3ClCOB5BaBEAyAwAiAcAXAOAPAJAGAEACABAB
2907004,CdCZB8B0BTAdBJA5AgAoAYAYAaAaAOAQARAAAACTCNB0CABcAuA8A4AUApAiAcAeASASAEACADAF
2907103,C2C1CABtBRA+A2AoAoAYAYASARAMAFADADABABDACwCIBqBRBBA7AtAkAgAXAVARAJAIAEADABAB
2907202,CyCdCFBpBaA9AxAkAmAfAjAcAYAOAIAFADAAAACkCYCCBuBdBBA1AqArAdAkAeAWAOAKAFAEACAC
2907301,CmCUCABrBQA1AsAsAnAjAdAdAXAQAIAEADABABCjCbCFB1BTBFA4A0AwAjAjAbAXAQALAFAGAEAD
2907400,D5CnB3BhBFBDAgAkAtAQAiAKAiAUAHAAAEAAAADLCaB5BcBmBEA0AfAnAuAZAcAZAEAEAAAAAAAA
2907509,CuCUCBBkBIBAA4AzAuAjAbAVAUAMAJAFAFABABCzCWB8BvBgBCBAA2ArAjAZASAWAQAKAFAFABAB
2907608,DkCUCIBxBfBEA1AlAqAjAWAWAPAJADABABAAAADFCmCABkBSBEAvAqArAbAYARAPAJADACADABAA
2907707,CWCOB7BeBhBIA1AgAbAkAVAYAaASASAHAGACABCkCPB8BsBfBbA0A4ApAjAeAbAbAYAVAHACABAE
2907806,C/CSB5BlBEA7A3AkAqAiAhAXAXAMALAFAEACACC4CbCCB1BfBCA2AxAmAiAeAZASANAJAFAFACAC
2907905,CrCgByBiBIAyA0AmAgAtAhAdAUASAHACAFAEABC0CECMB4BMBIA1AzAvAfApAlAbANANAIADAEAB
2908002,ClCbCHBxBPA8AxAuAwAhAdAeAcAMAIADACABABChCTCXB2BJBHA4A3AtAdAfAZANAIAKAEAFACAB
2908101,CwCjCGBpBRBGAwAyAkAfAfASASAJAGAFADABAAChCsCJBuBjBFA0ArAkAeAgATAVANALAFACADAB
2908200,CkCbCJBuBAA5AxAsAtAjAeAdAYAOAMADACAAAACdCWCGBrBZBBA1A4AuAjAmAaAeAQALAFAGABAD
2908309,CeChCNBrA2AtAqArArAiAiAdAaALAKAFAHABABCSClCQBlBGBDA5A9AuAoApAdAdAQAOAHAIACAD
2908408,C7CYCCBYBYBGA1AsApAjAiARAUAMAKAFADABACC0CUCCBqBjBQA0AvAnAiAcAVAQAKAIAEADACAB
2908507,C0CcB4BvBNA5A0AtAqAfAZAZAVAMALAEAFABABCfCUCJBmBXBPA5AyAsAfAhAbAaATAJAGAGAFAC
2908606,CXCeB8B2A9A+AsAzAuAnAfAbAbAOAJAGACABABCiCZCFBkBLBHA6A3AsAsAiAYAcASAMAGAGACAD
2908705,CnCZCABiBHA9AyAtAmAfAhAaAZAMANAHAGABABCpCPB+BqBlBNA3AvAqAhAlAZAdAOAMAHAFACAC
2908804,CLCqCEBjBiA3AnA5AtArAkAYAVAFAGADAEACACCMCrCGBuBaA+BAA5ArArAjAVATAGAKALAGAAAC
2908903,CpCHCKBjBJA1ArAsAsAlAlAZAWANAMAEAFAAACCgCYB2ByBYBBA5A1A7AnApAaAbAPARAFAGADAD
2909000,CpClB/BqBMArApAwAvAlAgAUAZAHAHAFACACABCgCvB/B9BgBEAtA5AvApAaAQATAPAMAEAGABAB
2909109,DGCyCFBqBSBBAvAsAiAeAdASATAIADAGACABABCyC5CIBzBWBAAyAsAfAeAaARAOAIAGADACABAD
2909208,CwC7CLBsBMA1AnAuAoAiAlASAPAMAGACABACAADICzCOBiBVBEAxAzAoAdAbANAJAGADAEAEAAAB
2909307,CqCkCDBqBIA9AuAuAiAfAbAZATALAJAEAEACABCxCeCDB2BZBFA6AvAhAoAkAXAWALAOAFAEACAA
2909406,C6CsB/BvBbA3A4AoAlAgAeAXAQAKAHACADAAABC0CvCKBzBcA4A6ApAkAZAYAWAOAKAJAEAEAAAB
2909505,CxCjB9BaA2ApA1AuAxAdAjAZAeAGALADAGAIAACpCaBxB3BVBBBDA7A2AiAqAXAbAGAQAEAIABAB
2909604,CtCHB6B1BOA3AqAoAkApAkAbAcAUALAFADABADCyB+CKBjBdBDA5AtAsAiAqAeAdARAKAFAEACAE
2909703,CoCrCIBqBSA3A5ApAoAnAZAaASAMAGAEADADACCqCjCCBcBZBDA4AtA5AWAaAcAVAMAJAGAGADAB
2909802,CoCSCRBvBPAxAoAmAqAeAaAYASANAJADAEABABCUCaCKB9BaBFA9A6AsAnAkAZAaAOAKAGAGACAD
2909901,CuCPCQBaBPA6AxAfAhAkAhAjAYAdALAFAFABACCZCRBxBnBbBHAxAxAsAlAoAlAjAUANAFAGACAE
2910008,CrCfCKB3BBA5AsAvAwAnAgAYAPAOAHAEACAAABCnCtCaB4BMBJA7AvAoAhAUAQAPAHAFADAFAAAD
2910107,CyCXCWBeBNA+AnA2AiAbAjAYAOAMAOAJAHADABClCdCFBlBgBCA4AmAgAgAlAdAZATAMAMAEACAC
2910206,CjCbCJBKAxAtAzAxA8AjAzAVAgAMASAGAEACAACMCiCUBmBCBDA2BDA2AhAuATAhARARAGADADAA
2910305,CMChCJBnA5ApAsA9ArAuApAZAYARALABAGADAACZCVCBB3BMA5A6A6A+AnAnAaAcANANAFAJABAF
2910404,CnCqCZBxBbA+A5AyAuAiAbARAOAJAGACACABAACpCfCOB8BVBKAtAwApAUAWAQALAJAFACADACAB
2910503,ChCSCBBuBPA2AyAoApAmAfAeAcAVALAGAHACABCdCdCIBeBYBFA3AxAsAkAlAaAVAOAMAIAGAEAC
2910602,CTCaCFBzA/AyAvAnAtAkAqAgAZASAJAHADABABCfCXCMBtBMA9AnBBAtAtAjAcAcATAOAKAGACAB
2910701,DDCgB+BjBEA3AqAjAoAiAhAaATAPAKAEADABABDBCgCMBrBWBAAxAsAiAlAhAbAUAMALAGAEADAC
2910800,ClCUB8BnBTBBA1AwArAiAaAUARAKAHACACABAACiCXCDB8BpBQA6A5AuAjAeAWASALAJAFAEABAC
2910909,DCCXCGBjBAApArAvAvAmAoAjAVAJADAEADADAACyC4CUBlBTA3A/AtAoAmAVAUATAGALACAEABAC
2911006,CrChCKBzBUA7BEA1AzAnAiAWASAHAIADADACABCcCjCNBpBKBLA+A0AmAeAdANAOAGAGABABABAA
2911105,CcCnB6B2BTBIA4AhAjAdAiAWAXAKAHAEABABABCxCVB+B3BcBAA2A4AwAdAhAXAdAKAHADACADAB
2911204,C0CfCIBkBIAxA0AzA7AdAYAcAUAKAIAFACACABCuCgCHCBBOBBA6A0AtAbAbAQATAHAJAEAFAAAD
2911303,CrCSCFBsA5AtApA1ApAqAsAcAcAOANAEAFACABCoCcCIBtBYBBAuAyAvAlAqAXAVALAPADAEABAC
2911402,CtCLBwBuBLAtAnAcAoAcA4AdAXARAMAGAEAFACCnCJCFBsBbBEAqA3AhA0AwAhAeAVAQAKAGAEAB
2911501,CiCZCJBtBSBZA0AqAwAjAnAUATALACABAEABABCcCYCMCCBqBDA4A0AoAdAXAJASAEAGABACABAB
2911600,C2CaCFBpBHA5AsAzAiAiAkAbAUAJAOADACABAACgCZCBB6BTA9A6A6ArAmAjAVAUASAPADAEABAB
2911709,C0CmCMBoBPA6AwAxAsAcAYAVAUAJAGAEADACABCtCeCIB3BfA9A8ArApAhAcATASALAHAEAFACAC
2911808,C1C2CWBsBPBIA2A0AuAhAdAOANAIAEADABAAAAC7CoCGByBbBFAxA0AhAYAQANAJAEADABABAAAB
2911907,CyCgCHBuA/A3AvAsArAsAeAYAWAIAKACAFAAABC5CfB6B3BPBFAzA6AxAhAbAZANAJAIAEAFAAAD
2912004,CmCrCJBqBKBEAtAvAmAaAYAVAUAQAMAEAHACACCzCbB/B4BVA/A9AxAdAbAfAUAdAMAPAJADABAC
2912103,CiCgCFBuBUA5A3AyAyAjAmAXAUALAHAGACACAACjCNCIB+BSBBA0A3AvAkAdAVAQAMAFAFACACAB
2912202,CBCACABhA5A7AoA0AvAtAvAaAaAVAHABABAGABCPCBCYB9BVA7BMA4A7AnA6AnAgAPAHADAFABAA
2912301,C2CvCVBhBBBKAvAyArAcAiAWAOAPAKABABAAABCyCqCLBvBRBDA8AxAlAdAQAQASAIAGAEACAAAB
2912400,DBCeB4BwBYA2A9AoAqAeAjATAXANANAGAEABAAC5CcCJBbBcA7A3AsAuAaAdAZAQAOAGAEACABAA
2912509,C9CiB9BcA8AzAxAqAtAWAiAdAPAUALAGAIACAAC4CUCMBdBWBKA4AuAqAjAaAiAXATAPAGAFADAC
2912608,CqCpCDBwBXA+AqAiArAaAiAcATAdAFADAFAAABC/CjCHBkBqA+AjAwAfAmAZAaAOAIAJACADABAC
2912707,C/ClCFBfBNBHAyA5A3AmAdAWARAOAHACACABABDFCMCDBvBWBCBAA2AnAVAWARAFALAFABACAAAB
2912806,C3CnCWB4BZA/A0AnApAgAeAZAMAMAFAAABABABCrCkCVCEBXA4A4AoAnAXAZAQAHAEAFAAABAAAB
2912905,CsCZCRBvBJAwAxA1A1AiAgAdAWAMAIACACACAAC3CYCPB0BQA5A7A5AtAdAeAUALAJAGAAADABAA
2913002,CYCMCBBhBFA7AtAkAqAdAfAkAhASALAHAFABACCcCQCFBvBbBGA5AuAzAlAmAfApATALAMAGACAD
2913101,DMCkCKBgBQBJBAAiAsAcAcAXAUALAJAEADABABDFCaBzBuBRBFA3AsAgAdAeAXAPAFAJACACABAB
2913200,C7CVCCBkBMBBAzA2AnAiAkAVARASALAEADABACC2CdCNBmBLBFAwAyA0AkAXAaATAJAFAEAEABAB
2913309,C1CdCYBgBVAzAtAZA6AfAnAfAMAHALAIADABAADICHCKBqBVA/A0AxAxAgAZASAZAJAIAFAGABAC
2913408,ChCXB1CABkAzAyAnAvAeAmATAYAKAKAFAEACADChCdB/B9BcBEApA5AqAdAdARAdAMAMAEAHABAB
2913507,CsClCMBvBFA4AwAyArAoAdAaAPALAJADACABABCoCnCJB7BZBIA5AyAhAiAbAOANAIAIAEADACAC
2913606,CjCWCEBtBaA/A3AwAuAkAiAdAUANAIAEACABABChCMCJB4BaA/A5A1AsAjAZAYARAKAHADADACAB
2913705,ClCECBBeBCA4AsAjAsAtAjAhAYARANAIAFADABCbCYB9BxBXBAA5A2AqA0AkAWAjARASAKAFAGAC
2913804,CqC5B6BrA1AwAxAsAnAgAbAbAVAMAJAEAEABABChC5CSBsBbBBAxA5AlAdAlAOAWAOAKAFAJAEAD
2913903,CfCaCRBxBFA2AtAxAyAmAfAZAQALAHADACABABCYCfCRB/BUBNA3A5A0AdAZAVAOALAGAEAEABAC
2914000,CpCpCJBjBMA3AuAqAmAhAfAWAUAMAKAFADACABC1CiCEB3BZBJA1AyApAgAeATARAKAJAFADABAB
2914109,CmCRCNBlBWA4A2ApA6ApAdAVAUAOAKACAIAEAACOCZB5BxBXBRA3A3AxAnAXAWAXASAGAIAFABAA
2914208,CtC4B9BmBFArAtAxAxAqAiAZANAKALADACABACC1CkCMBcBNBAA+A1AuAsAgASAPAJAIAEAFABAC
2914307,C4CSCIBxBUAyAuAxAtAcAlAfAXAKALADADABABC6B8CJBwBgA7A8A+AkAUAjAWAUANAIACADACAC
2914406,ChCUCLBnBHA5AvAoAqAkAkAdAXARAJABADAAAACPCdCOBzBaBEA8AyA5AjArAYAVANAHAFAFABAB
2914505,CrCSCDBkBLAyAsAsArApAeAYAUAQALAFADABABCsCPCDBpBhBCAxA8ArArAoAdAdAPALAFAGABAC
2914604,DSCaB8BsBdBIA+AlAmAeAfATAOAKAFAEACABABDDCdB6B1BfBDA3AoAkAdAVASANAIAFADACABAA
2914703,CqCdCHBkBIA1AtAtArAkAaAcAWANAHAEAEABAACqCbCMB2BZBEA3A4ArAjAfAVAYAKAKAEADADAC
2914802,CeCRCDBrBWBBA9AwAtAhAfAaASAKAIADACAAABCZCSCKCEBgBIA/A3AtAiAaAVARAKAGAEADABAB
2914901,CuCTCUBoBSBFA4A4AsAkAmAeAZAOANAEAEAAAACpCcB9BmBTBAA2AwAnAeAZAYAOAJAGABAEAAAA
2915007,C1CXCABuBVBEAwAqAyAlAgAcAUAJAGACACAAAADDCMCJBpBbA+A5AuApAeAaAUAVAKAJACAEAAAC
2915106,CtClCLBuA2AvAwApAnAvAjAcAOAGAJAFAHACACCiCmCUB5BPBDA9A7ApAfAaAQANAKAGAIAJACAD
2915205,C4CgCXBuBJA6AvAxAuAhAeAaAPAOAMACACABABCyCiCFBqBTBIBAArApAcAZAQAKAIAJAEADABAC
2915304,CsCnB8CJBdA9A7AsAoAfAUAaAQAOAFABADAAACC1CeCGCLBdA1A3AzAhAXAXARANAEAEAAABABAC
2915403,CzCrCTBtBVBKAyAtAzAgAlAgAOAGAIADACABABC5CVB9BvBXA9A9AqApAUAeAQAMAHADABACABAA
2915502,CnCUB5BtBhBLA1BBA0AoAkAaAaALAHAEADABABCkCWB8BtBPBGA0A2ApAcAXAUAQANAFACAEABAC
2915601,C2C7CLB2BQBFA4AuAuAhAYASAOAGAGACACAAABCyCtCOB7BZBEA1ApAgAXARALAJAEAEACACABAB
2915700,CmC0CIB3A4A5AtApAzBBAhAbARASAKABABAAAACnCUCCBjBcAzA7A7AqAWAWAXAbAIANADAGAEAA
2915809,C3CbB/BwBNBAA4AzAuAiAiAXAQALAHACADABAACxCYCHB/BSBJA1A2AkAfAbARAPAFAHABADABAA
2915908,CwC0B6BPBIAxAlBPAzAhArAcAjAPALADABAAAADOCUB/BaA8A8BAAzAlAoAZANAcAIAQAFAFACAA
2916005,C3CpCKB3BYBBA2AyAoAfAYAWAQAIAFACABAAABCzCcCMCGBbBBAyAuAkAZAUAPALAGAFACADAAAB
2916104,CqCNB+BrA/BDAwAyA7AcAYAaAWANAHAHADAAACCrCUCQBnBbA/A6AwAzAsAlAgAYAHALADAAADAB
2916203,CjCwCRBnBYA9AyAsAzAiAqAWAVAQAJAEADAAABCoCYCMBlBVA6A0A8AmAaAgASALAHAJACADABAD
2916302,DICpCJBtBEBCA2A0AyAlAbAWARAIAKADACABAAC9ClCNBuBRA+AzAsAnAYASAPAJAMAHABABAAAB
2916401,CsCZCHBuBVBGA3AwAqAgAdAYAOAKAHABACABAACkCTCNCABhBLA7A0AnAcAXATAQAIAHACACABAB
2916500,C1CWB5BYBBAzArArAqApAfAcAbARALAGAEABACCwCbB2BhBUBKA2AzA3AnAlAfAfASAPAFADACAD
2916609,C7CnCSBjBNA2AyAzA0AbAbApALARADADACACAAC2CgChBnBKA7A3AvAjAgAcAWAMAFADADADABAD
2916708,CeCVCXBlA8A0ApAxAzAmApAgAOAMAMAIACAAABCYCTCUB6BHBCBCA7A3ApAkATATAJANACAEACAA
2916807,CjCyCIB7BWA+A9AlAmAdAcAZAOAKALABACABABCtCpCNB/BbBJAyAsAeAcASAPANAIAGACAEABAB
2916906,CSCfCFBfBCBAAvA6A1AmAgAaASAJAKACADACAACRCdCWBwBbBIBBA9AvAmAdAXAZAJAHADACABAB
2917003,C2CgB4BnBJA8AuAkAlAkAfAhAXANALAGAIADADCyCPB+BuBcA+AuA0AqAkAjAbAVAPAMAHAIADAD
2917102,CsCkCFBxBRAxAwArAtAnAgAbAWAMAJACACABABCvCeCGB3BaBBA4A5AnAfAaARAQAGAJACADABAB
2917201,CZCLB8BoBPA9AuAqAqAfAjAaAbAMAHAFAGAEADCXCTCAB8BhBLA5A/A5AmAiAaAUAJARAHADABAD
2917300,CtCeCBBtBNA+A2A+AsAjAeAXAVAOAGAEAEAAABCsCVCBB1BOBAA/A1ArAgAZASAWALAJAFADABAC
2917409,CxCdCIBiBBA4AqAnAmAgAeAhAVANAOAFAHADACCiCYCMBqBTBGA7AqAsAbAkAdAYAUAMAFALADAD
2917508,CvCZB+BqBTBEAxAqAqAfAiAZAVAMAHADACABABCsCaCHBvBjBHA2AwAtAgAfATARALAJADADABAB
2917607,CeCcCFBzBEA0AzAvA0AkAjAXAOAPALADAEABABChCbCEB8BWBDA6BBAyAkAbAPASALALADAFABAD
2917706,CxCgB/BiBOA5AyAkAfAcAnAfAWAUAKAFAEADACCxCWB7BqBSBBA3AoAuAqAlAaAXAUAOAFAGACAB
2917805,CrCeCFBsBDA7A8A1AxAjAhAbAfALAJACAGABAACkCdB6BqBOA6A4A0AvAkAfAaARASAHAEAEABAB
2917904,DHCHCLBrBTA0AjA2ArAvAnAcAUAQAPADAKAAAAClCcB1ByBIAtAzAqAuAiAiAcATAcANAHADAAAC
2918001,CcCeCKBqBFA0AuAyAwAkAiAbATAKAHAEADABABCbCTCRB5BdBGA/A6AvAlAeAZARAKAJADADACAC
2918100,C6CcB+BiBPA/AtAsAlAjAdAXAUAPAKAEAEACACC2CbB/B1BcBDA0AxAsAjAbAWASAOAJAEAGAAAB
2918209,CiCbCDBqBDA3A3A0A2AiAcAcAXAPAPADAEAAAACYCSCGBwBVBNBFA5AzAnAZARATAIAKACAEAAAG
2918308,CyCYCEByBAAyAsA7A6AqAiASAWAOAIACAEAAAACaCdCPB0BXA8BAA7AvAhAbARANAKAHADAEABAC
2918407,CvCSCBBcBPA/AzApAoAhAeAaATAQAIAFADACABClCRB+B1BcBLA7A4AqAjAkAbAaASAJAHAEACAB
2918506,D9BmCNB9BmA/ArAoAyAmAjAVAMAIACADAAAAABDrBbB/B7BhA0A7AlAxAiAbALAGAHACACAAAAAB
2918605,CfCPB+BnAzAkAoAzAhAbApAgAgATAKABAGACABCdCQB/BnBYBXA/A6AyAxAqAiAeAVAUAFAEADAF
2918704,CVCgB7CBBHBGA2AiAsAxAfAaAcAOAPACAFACACCcB9CZBiBkBHA9AsBAAjAkARALALAFADACACAA
2918803,CwCjB+BnA/A9AsAzAvAiAhAbASAMAOAFACABADCxCYCJBjBTA/A2AzAyAiAdAYAcANAIACAHACAC
2918902,CrCuCTBuBhA7A3AwAsAiASAPASAKAFAFACABAACgCxCGCABdBEAoAxAnAbAVAMATAGAFACACACAD
2919009,C/CiB/BuBFBAA5AiAtAgAWAgAUALAGAEAHAAABDICnCCBUBiBBAyAvAuAeAXASASAIAFADACAFAC
2919108,C2CAB3BmBQA+AqAcAvAqAmAkAWAKANAGADABAAC5CIBuCHBiBIAzApAuAxAhARAeALANAGABAHAB
2919207,CrCbCCBpBSBFA8AtA1AgAaAdARALAGAFACAAABCjCoCJBeBSBJBDA4AsAgAZAXAKALAGAHAAACAB
2919306,B/CHCEBXBvBTA+ApAxAtAuAgAhAYAOAGAFAAACCMB0B2BpBUA/AuA4AuAhAqAcAfAWAOAJAIADAE
2919405,CkC1CMBjBYA+AtAsAjAlAeAcAVAJALADAEAAAACrCWCHBzBUA/A1AxAtAgAlAWAMAJAKACACACAC
2919504,CqCVB6BdBXA/A2AqAqAlAlAcATAPAKADADABABCmCUCBBtBWBFA0AyApAsAkAbAXAPAOAFAHACAC
2919603,ClC0CaBTA2AfAhAsAyAiAlAaAVAVAMAEACACAADJCZCNBwBEA9ApA6AqAsAfAZAWAYAMADAGAHAA
2919702,C9CfCNBxBdA5A1AzArAfAeANAKAIALACAEAAAAChCqCWB2BgBCA0AxAiAZAXAMAOAJAHACACAAAC
2919801,ChCVCKBlBQA7A0AmArAhAiAYASAPANAHAGACACCgCOB8BpBaBEA6AyAtAoAnAcAYARAOAJAHACAC
2919900,CaCFCBBUBhA+BEAhAwAmAiAUATAPAUAGADAEAAClCPB0BtBcA+A/AxA1AlAlAbAWAUAOAKAGABAG
2920007,CzCYCICABUA9A8AwAqAeAkAPAMAHANAIAEAAABC3CQCLCCBmA9AvAuAsAdARALAGALAEAIACAAAB
2920106,CqCoCGBnBMA1AtAkAmAjAeAbAUAPAJAFACAAACCwCeCFB1BiBEAtAwAuAfAgAaASAMALAFAEABAC
2920205,DHCvCBBvBMA+A6AqAlAYAhAXAQAOAFACADABACC/ClCBBoBWA9A3AuAmAZAWASAWAKAJAEAEAAAA
2920304,C9CSCRBnBhBOA4AeAgAeAYAcANAOAQAEAHAAADCqCMCLBlBqBDAwApAdAhAfARAWAPALACAGACAG
2920403,C1CZCDBrBRBHAwApAnAmAbAVAXALAKABADAEABC3CbCRBtBgBLA1AtAkAcAXAOAQALAJAFAFABAB
2920502,ClCcCLBxBQA8AqA8AyAeAlAdASAMAIADAFABABCXCTCKByBYBCAyA2ApAmAiATATAIAIAHAEABAC
2920601,CZCaCTB0A/A0AuAyAtAqAfAVATANAJADAEABACCjCXCJBuBLBEA3A2AyAqAhAWAbARAMAFAFABAD
2920700,DLCsCIBxBIA5AuA2ArAoAgAaAOAKAKACABABABDJCkB1BqBUA7AvAxAjAfATATAMAJAEACAEAAAD
2920809,DPCXB1BjBWA2ApAqAgAtAkAcAZALADACAEABABC/CNCGBsBOBDA8ArA2AmAhAXATAKAIADADACAA
2920908,DFCTCGBlBTBBA/AyAyAhAkAaAUAQAGACABAAABDICmCAByBVA2AxA3AiAWATAUAOAEACABAAACAB
2921005,C6CbB/BlBLAzAuA0AsAnAeAaATAOAGADADABABCyCkCGBkBRA+A4A4AwAjAeAXAVAMAIADADADAC
2921104,CrCrCOB0BVA/A4A0ArAaAYAXANAIAFADADAAABCkCmCSCCBhBDA2AyAjAZATALAMAGAEACADABAC
2921203,CqCUCJBlBTA3AuApAtAmAjAZAWANAHAFAEABABCgCXCCB3BVBGAvA4AwArAgAYAYAOAJAFAEACAC
2921302,CpCeCHBiBFBBAqArAwAfAkAQAYAMANAHAEABABCmCSCPBqBTBGA8A0AsArAiAYAVALAMAGADABAC
2921401,CkCWCOBjBfBHAuAkArAiAlAgATAMAJACADACAAC7CHB7B4BdA9A6ApAtAiAoAVAQAMAHAFADAAAB
2921500,C9CWBwBZBNBAAvAnApAmAhAZAYARANAHAFADADC3CYB0BnBXBEA3ApAoAlAmAbAYAQAOAHAHADAE
2921609,CoCaCDBpBEA2AxAxA4AhAkAVAaAMAGADABACABC6CWCGBrBPBSAmAzA0AiAgAZARALALACAGAAAE
2921708,CuCdCDBtBXA8AyAtA3AfAfAaAQAKAGAFACABABCjChCJBnBeBEA1AxA0AZAgAVAOAKAHAFADADAB
2921807,CuCnCHBZBABFAoAtAsAiAcAWAPAKAHADADABACCrCoCPBwBZBMAuA7ApAgAiATAbAJANABAGADAA
2921906,B5CdB0B8BLA4AiAsAkAsApAcAeAPAOACAGADACCQB1CAB+BmA/A3BEAxA1AjAaAcAWAPAGAHABAF
2922003,C3CuCZBqBWA8A5AtAlAjAlAXATAMAFACABABABDBCXCDB2BOBCAzAuAiAhAXAQALAFADABACAAAB
2922102,CdCSCOBrBPA8AoAlArAjAhAXAdAQAJAGAFACABCWCSCSB0BjA9A7AwA1AlAXAZAXAQAKAGAEABAD
2922201,CjCVCaBZA2A0AuBDA9AxAsAWAcAMALACACABAACeCRCABkA5BDA9AyA7AgArAWAZANANAHAHABAB
2922300,CjCdCEBkA7A3AqAqApAhAcAaAYALAJADAEABACChCkCDB2BPBHA/A7AuAnAjAbAcAPAPAIAFADAC
2922409,ChCVCKB0BKA0AsAxAyAaAhAdAUANAJADAEABABChCZCCB+BTBCA+A6ArAnAfAWATAIANAGAEAAAC
2922508,CXCRCMBoA+AoAvAtAzAhAbAcAZAUALAFAFABACCcCTCMCBBKBABFA0AtAqAiAeAZAUAMAHAIACAC
2922607,DTCJCBBwBPBCAyA3AoAtAcAWAZAOAKAIABABABCxCUB3BjBYA6A7AxApAdAdAVAVAIAJABAJAAAA
2922706,ClCqCeBsBNA7ArA3AoAqAnAXAOAIAEACABAAAACfChCVB9BZA5AzA2AuAeAZAPALAHAFADACABAC
2922805,CxCOCIBoBOAvA3AlAxAjAoAeASALAHAIAEAAAACjCRCIB8BKBLA6A6A1AkAdAXARAOAJACADACAA
2922904,C+CXCABiBKA6AqAgApAjAmAaATAQAJAFAFAEABDDCQCFBuBeA+A2AnAuAkAcAUAZATAJAFAFABAD
2923001,CuCjCNBkBRBAA5AxAuAgAkAXASAJAIADADABAAClCdCFCABTBLA2A2AlAdAdASAMAIAFACACABAA
2923100,DCCXCABiBFA9AlAnAeAlAiAZAUARANAEADAAABDBCYCVBhBWBJA7AwAgAkAbAcASASALAGAEAAAB
2923209,CjCVB7BoBLA8A5AjArAoAgAgAcAPALAFAGACABCpCICIBlBZBCA0AzAkAkApAfAcALAQAIAKADAC
2923308,CeCZCCBxBGArAlAxAjAqAaAYAWAPAPAHAIABAGCTCSCFB1BGBBAuA1A5AqAjAXAdAYAYAMANAFAE
2923407,CzCwCIByBaAzAzAqAmAaAXAcAVAJAGAEAEABABCzCeCTBmBYA6A7ApAoAgAWAVAQAMAIAJAEAEAB
2923506,CQCVCABpBUAuAxAuAlAcApAnAkASAKAGAGADAACiCLCHBaBHA5BAAvA4AsAyAaAfARASAKAHACAC
2923605,ClCOCDBlBVBAAxAtApAdAiAQAbARAKAGAHAAABCkCRCIBmBlBHA4AsAyAhAhAXAZASANAFAHACAD
2923704,CyCkCFBbBNA6AuApArAaAdAdAVARALAGAEAAABCkChB7BkBcA/A5A1AsAhAhAiAbATALAEAEACAB
2923803,CxCfB6BqBCA2ApAlAoAiAkAZATARAJAGABABABCwCeCABzBZBGA6AyAyArAfAWAZAOAIADAFABAC
2923902,C5C1CQBvBfA6A6AvAxAlAfAYAQAIAFABAFABACC3ChCIB0BPA+AzApAhAYASAMANAFAGABABAAAC
2924009,C4CXB4BrBdBAA5AsAuAoAaAQAMAKAGADADAAABCzCXCFB7BdBMA7A1AqAgAWAQANAJAGADACABAB
2924108,CWCWB4BnBBA6AgAwAzAlAhAeAbASAKAEAJABACCOCSCABiBRA9AxAyAzAvA7AlApAZAMAHAHAFAI
2924207,DXCXCFBeBTA9AyAmAkAUAkAXAVAJAFABAFAAAADVCZCIBuBfBFA1ApAjAdAgASARAFAFABACAAAC
2924306,CLCNCHBsA9AuAlAhAhAnAfAfAnAPAJAGAFABAACPCBCSB7BfBQAxA+A2AqAvAoAeANAQAMAIADAB
2924405,CvCjCNBwBJBAA3AlAqAcAbAZASAMAEADABAAAAC2CVCOB3BeBBA1A3AsAeAdAWARAJAFACADABAA
2924504,CeCnCMBuBWBDA2ApAoAeAbASARAMAMAEACABAACvCTCLBxBjA7A6AoAvAbAiAVAUAOAHAHAEAAAB
2924603,DBCLBxBzBkBNA7AoApAiAjAVAXAOAKAEAFABABDJB7B3BwBkA/A0ArAjAgAXAVAWAKAIADAEABAD
2924702,CTCnCDBzBOA+AmAmAfAmAdAdAZALAFAFACABABCfChCVB8BfBQAsAuAqAlAhATASAPANAEAGACAD
2924801,CrCeB6BxBLAzAtAmAsAfAeAdAaAPAKAGACABADCpCaCRBoBaBEA3A0AnAoAfAfAYANAIACADABAC
2924900,CYCfCLBrBLBBAuAuAxAwArAXAVAGAIAFABAAABCbCJCMBzBiBUBCAwAwAjAeAKARANAEACADAAAA
2925006,CuCmCXBhA4A3AwArAvAhAhAVAXAMAFABACAAABCkCbCMB8BjBEA9A3AjAmAeARATAIAIAFADABAE
2925105,CqCeCTBkBFA3AvAsApAjAiAbARAMAJAEACABABCoCfCSB7BWBFA5AtAvAjAdAWAQAHAJADAFACAB
2925204,C3CkB3BnBJA5A7A3AyAmAeANARAJAGABADACABC8CoCHBhBXA8AyA2AuAjAWAQAYAMANACAGABAA
2925303,C/CpCMB0BPBAA1AyAvAlAgAVAQAJAEABABAAAACtCqCNBvBTBGA3AsApAaASAMAMAFADADACAAAB
2925402,DICwCTBxBGA8AnA3AtAiAdAdALAHAFADAEAAABC4CyCQBmBOBDA2AuAkAZATANAJAEAGACADAAAC
2925501,C8CnCLB5BNBDA4AtAzAcAaAWATAIAFADADABAACyClCGB4BXBCA2AvAgAYAXANAMAGAGADABABAB
2925600,C/C6B7BrBmBDAsAzAlAVAbAXAVAHAGAEACABABDHCoB+BlBVBKA3AnAgAcAZAWAKAFAFAFABAAAB
2925709,C6CeCGBtBEAvAyAlAlAhAlAYAVANAIADADACABCqCgCIB3BlA6AyAtAoAkAeAdAVAOAJAFADAAAE
2925808,CwChB+BqBWA0AvAnAsAfAkAbASAQAKAFAGACABCwCeB+BwBYBCAuAwAlAnAgAYAZAMAHAGAGACAB
2925907,DQCUB0BXBRBAAyAtAjArAdAaATASAHAHAFACABC0CpByB2BdBAA1ArAjAhAhAUATAMAGAGAEACAD
2926004,C+CsCIBrBGA2ApAhAlAcAeAaASANAIADACABAAC6CjCJB1BiA3AxArArAgAfAYATAPAGAEAEACAB
2926103,DBChB8BbBuBJA5AkAjAmAdAcAOANAGACAFADAAC5CcB/BvBcBGAqAtAfAgAdAUASAFAIAEACACAC
2926202,C5CjB8BzBFA/AzAsAwAmAdAeASALAHADADABABCpCvCDBYBOBDA4AtAwAcAlAaAQAPAKADABAAAC
2926301,DCCgCEBnBQBDA1ApApAjAdAWARALAJAFABAAABC5CeCBBqBbBEAyAuArAfAeAPAPAMAHAEAEABAC
2926400,CkCjCDBnBYA+A6ApAmAkAdAWAbANAHAGAGABABCrCMCBBxBdA/A8AvAoAhAeAZAWANANAFADADAD
2926509,C9CiB4BaBRA8A9AqAqAgAlAVATAKALACAEABAADACVB7BfBdBLBCAtApAeAeAcAVAIAJAEADABAB
2926608,DHCWB7BqBIA9AzAoAnAjAdAVAVAQAKAFAFACABC8CYCCBrBgBAA2AvAiAiAeAVATAQAGAHAGABAC
2926707,CcCVB8BxBPAxArAsApAgAhAdAXAPAJAFADABABChCWCPBiBcBCA0A7AuArAkAbAiAMANAFAKABAD
2926806,CvCdCNBjBJA3A1AnApAeAgAYAPAVAQAJAHADACCwCaCFBnBXA3A7AzAmAjAZASAaATAKAGAJACAF
2926905,CsCNCMBbBLA/AxAnApAWAdAZAWARAPAFAHABAACeCaB7ByBaBNBCAwAsAlAoAWAeASAKAFAGABAD
2927002,CqCWCDBkBCAxAtAuAlApAmAfAVAMAQAEADADABCqCeCCBzBSBDA1A4AmAiAnAYAdAOAMAFAGACAC
2927101,B8CuB3BjA2AwAhAjAoAsAlAoAZAaATACAJAGACCDCXCDCCBwBRA3AnArApAvAYAmARALAMAEAEAC
2927200,CrCgCIBcBIA0AnApArAmAjAcAUANAIAFADABABCnCfCMB2BZBDAzAxAyAnAhAWAUALAJAIAFABAC
2927309,CQCtCYBgBFAxAlAoApAkAdAkAfARAKABADAAAACxCPCUBrBXAxAyA6AwApAnAXAUASALAJAEACAC
2927408,CWCJByBlBhBGA8AzAtAiAaATAOAJAGADACABAACTCHB8B9BvBUBEA9A0AnAgAZAUAOAKAGAEACAB
2927507,CkCgCFBjA9A+AqAqAuAoAkAWAWAOAJAGACABABCxCXCCBoBaBBA1AvAvAjArATAcARAOAHAGABAC
2927606,CnCUB7BpBKA5AtApAmAaAlAeAdAQALAJAGAAAECVCrB+BxBUA6A9AxAlAwAXAbAZAUAUAFAHAFAC
2927705,CpCrCOBqBNBCA0AuAqAfAhAWAQAGAHADADABAACoCpCOCBBeBEA5AuAiAdAZARAOADAFABACABAB
2927804,CfCuChBuBSAyA0A0AsAvAfAVAPALAHADABAAAACZCiCfCFBGA8AzA+ArAZAYASAJAFADABABAAAA
2927903,CgCXCRBOAqAsAzAqAyArAUAaAdANAMAHACABAACpCNCPBgBRBNBMBBAzAzAoAeASAMASADAIACAA
2928000,CzCxB7BnBgA1ArAmAnAjAeARAPAOAKAHADACAAC5CoB9BsBgBHAvAqAoAkAeAVANAOAGAIACABAB
2928109,CuCYCEBlBUBGA3AqApAfAbAWAVALAGAFADAAABCsCbCIB0BhBGA+A0AlAgAbAYARALAHAEABABAB
2928208,CsCkCKBnBNBBAvAxArAbAZAVAXALAGADADABABCkCiCBB2BcA8A6A5AjAeAkAfARALAJAEAEABAD
2928307,C5CSCDBmBSA3AiAlApAlAhAbAWASANADADABABCsCRCGBnBTBBA7AqAuAqApAWAfAXAKAFAEABAA
2928406,CyCmCRBkBEA6AqAuAmAmAcAcAUAOAFAEACAAABCvCfCGBsBTA8A4AzAsAhAgAaAZAOAJAEACACAC
2928505,CvCmCHBiA+ArAuApAkAmAiAaAaAPAMAEAEACACC5CgCQBdBLA+A3A1A2AjAeAXAWALARAEAFADAD
2928604,CfCYCIBpBIA0AyAyAvAmAiAaAWAPAKAEADAAAACZCYCFBxBYBDA3AzAzAkAlAbAUAQAMAFAFADAB
2928703,CdCZCIBcBEApAtAwAqAkAlAeAZAQAKAEAEABABCfCRCHBvBaA9A8A8A1ArAqAdAbAMAMAFAFABAD
2928802,CfCjCJBrBGAxAuAuAiAgAgAWAZAMAIAEACAAABClCbB+CBBdBIA8A4ApAkAiAXAXAOAMAFAEACAC
2928901,C3CkCKBeBEBFApAtAjAnAgAYARALAIAIAEACABCvCvCFB3BQA+AxA2AkAaAfAaAPARAKADABABAD
2929008,CgCbCAB+A8AxApAoAqAsAdAeAVAOAIACAFAAABCPCcCCB2BQA+A2A4AzAtApAeAVAUAVAGAIABAD
2929107,CkCcCYBtA8AxAsAuArAmAjAdAWAPAPAFAFACACCSChCGBzBMA3AxA8AyAnAoAYAXAKAPAFAEABAC
2929206,C2ClCFBlBPA9BCA8AqAdAcARAPAJAEACAAABABC4CmB9BwBXBLA9A8AnAbAYAQAMAJAFABACABAB
2929305,CbCYCDBqBDA4AuAvAtAhAdAXAYAOAMAEAEAAABCfCcCLB0BPBIAzA5AvAmAiAZAaAUANAGAHADAE
2929404,CoCgB+BnBKA3AqAwAtAnAlAXAeAPAKADAFACABCGCjB7B+BMBLA3A+A1AjAkASAeALALADADABAA
2929503,CvCYB/BrBPA7A3A5A0AbAfAWAQAOAKADABABABCoCkB/BvBVBEA1A3AqAgAgAUAXAKAKACAEAAAB
2929602,CdCcCJBlA7ApAoAgAoAoAkAaAfARAKAFAFABABCYCnCDBwBJA+A/A2AwA1AsAaAeAVANAEAJABAD
2929701,CsCUB+BfBGAwAqAnAjAzAmAdAVARAKAFADACABCwCXCFCABdA+A3AwAvAlAgAcAWAOALAFACABAE
2929800,CiCJCDBzBZA3ApAkAhAiArAdAZAVAQADAIACABCjCUB8B1BTBCA2AfAvAuArAjAZAMAOAEAEACAB
2929909,CZCGCJBoBRA/AvAmArAmApAbAZAOAHAEADABACCPCPCAB3BsBGBBAyA2AmAfAaAWAOAMAGAEABAB
2930006,C3ClCIBxBRA+A4AtAqAgAYATAZATAJACABABAAClCaCSBiBgA1A9AoAsAaAhATARANAFAEACAAAG
2930105,CeCSCBBmBRA4AxAnApAkAiAdAWAQAJAGAFACABChCSCEBuBcBGA7AxAvArAlAbAWAPAMAGAHACAC
2930204,C4CqCJBrBCA2A1AlAkAhAgAeAWAPAGAGABABABC3CnCIBvBLA+AsAxAqAjAdAcASAMAJADADABAC
2930303,DECcCKBhBVBFAyAtAiAYAZAUAPASAJAEAFAAABC9CfCLBXBRBJBEAgA0AUAcATAWARAKAFAEABAB
2930402,DECWCIBaA6AxAoAlAjAmAhAgAXAMAIAFADADAAC9CrB6BqBSBMA0AtAmAoAlAaAXASAJAHAHACAC
2930501,CzCcCDBlBRA2AwAoArAkAlAWASAKAJAGAEABABCwCWCFBvBeBLA1AwAtAoAdAUAUALAKAEADACAB
2930600,DDCpCHBZBNA+A2AnAoAcAiAbAPAKAGADACABABC4CpCNBlBeBEA3AqAuAfAdAVAMAIAFADADABAB
2930709,DRCfB5BiB2BYBSA0AoAeAZATAOAKAEABABABABC6CXBxBfBXBIA6AuAfAWAWAQANAHADACACAAAB
2930808,C6CSCDBsBlA8AyAsAhAeAfAWAaANAFAFABABAACwCYCDB5BYA+A6AtAoAdAmAUAZAHAGACAEAAAB
2930907,C7CqCKBfBPAqAxAzAkAhAgAXANAPAKAEABAAAAC0CcCKBlBjAxA8AwAhAmAhAfAMARAIAIADABAC
2931004,CpCOCKB0BQA6AvAuAsAdAbAaASASAJAEAFABADChCrCWB2BVBBAyA0AkAkAkARARAIAMAFADAAAB
2931103,CaCgCOByBaA6AlAhAkAkAkAVAQAQALAHACAAAACwCSCECKBgA9ArA3AmAkAaARAbAKALAJACAEAD
2931202,CfCnCDBgBNBDAxA8AnAhAZAfAQALAPAHACAAABC3CYCKByBXA/A0AzAtAdAWAYATAMAJAHADABAD
2931301,CnCcCDBxBNBAAnAtAlAdAbAcAeAXAJABAAABABCgClCPB0BdA3AwAuA2AiAqAXAXAKAGAGAAAAAA
2931400,CmCqCUBWA3AwAoAnAwAlAdAXAVAYALAFAGABAACkCXCABsBLA4A3A7AvAxAkAfAdAOAVAHAIACAC
2931509,DeCNCABYBYBEAtAqAlAcAdAVAXAQAJAFABAAACDMCeBzByBZBFArAxAiAeAaAVAVAOAJACAEABAD
2931608,C1CyCJBoBXA9A6AzApAhAZARAMALAEAEACAAABDDCfCUBsBKBQA1AtAmATAXAUAOAGAIADABABAB
2931707,CkCZCQBtA7AoAxArAxA1AnAiAXAQASABACADAACcCgB8BiBIA+A1A7A0AlAhAeAZAQAJAIAEACAC
2931806,C0CnCXBlA+A2AnAoAjAfAkAWAWAMAIAFACAAABCvCtCPB4BmA8AwAwApAkAbATAQAKAIACACABAB
2931905,C+CSB/BmBNA7ApAqAoAmAcAcAWAQALAEADACABC2CbCEBvBcBBA0AtArAgAgAUAZANAMAEAEADAC
2932002,CzCXB6BjBSA0AyAdAjAgAdAgAUASANADAGAEACC0CdB/BqBYBGA7ApAzAdAdAgAWAQAKAKAIAEAE
2932101,CbCMCFBsBHA7AtAxA3AjAqAeATAMAOAEAEACABCPCfCFBxBZA/A4A2AxAqAmAaATANAKAFAIAAAF
2932200,CpCRCMBuBGA1AxA5A0AkAjAhAVAHAGADACADABCYClCTB7BbBBA5A1AtAdAbAUAOAIAHACABAAAC
2932309,CzCYCOBkBAA0AxA2A1AkAlAXAOANAIABADAAAACpCZCYB2BRBGA1BBAvAZAaAYASAHAIABAAAAAB
2932408,C+CuCHB1BZBHAyAsAnAfAYAbAQAKAHACACAAAADWCjB4BdBLA+A9AqAgAYAdASAIALAJAFADABAB
2932507,CwCjB8BiBbBVBHA2AxAtAnAgARAJAEABABAAABC3CgCCBnBTBFA2AoAoAXAWAQAJAEACABACAAAB
2932606,CnCiCQBuBOA5A2AmAnAjAaAYAMANAJAGAHACACCcCkCRBoBYBHA5AtAqAdAaAYARAMASADAGAEAD
2932705,C0CMB8B0BeBZA3A+ArAuAqAeAVAMAGADABAAACChCWB+BhBYBGA0ApAhAfAdAUANAKAGADADAAAC
2932804,CQCrCeBbBNAvAuAyA7AnAfARAdAIAIAEACAAAACJCgCFBxBSBDA+A6A7AxAdAdAQAJAFAEAEABAD
2932903,CZCeCOBwBFA7AzAxAyAiAhAYASAKAKADACABABCdCUCKB/BbA7A5A3AxAiAgAWAUAMALACAEABAC
2933000,DMCfCABfBfBFAuArArAkAeAVAPAMAGAFACABABC6CdB0BtBiBEA3AqAsAgAXATAMAKALADACABAC
2933109,ClC1CPBdBLBIAqAlAfAlAdAcAWAJAKAIADABAAC+CXB7CGBeBAAtA0AlAjAdAWALAIAGAHACABAF
2933208,CeCmCGBqBNA9AvA1AoAmAkAgASAMAMADACACABC0B9B5B6BLBAA5A2AyAlAiAZAYAQAFAJAEABAB
2933307,CmCcCGBsBPA8AzAtAtAhAbAVAOAJAFACABABABCoCeCOCEBmBJA7AyAsAgAcASANAJAFADADABAB
2933406,CDCpCfByBnAsApAfA0ApAhAoAXAMAFAHAAAAAACGCTCWBqBjAtAzBEAwAeAqARAcAOAIAAAGAAAF
2933505,C+CqCLBfBHA7A2A4AtAjAdAXATAJAFADACAAABC5CoB+B3BWBHAyA1ApAVATAWAMAHAEAFAGABAB
2933604,CmCgCIBqBFBEA1AoAjAfAiAcAYAOAJAEAEABABCxCWB/B4BZBHAxA3AmAeAlAfATAMAGACADACAB
3100104,CdCZCIByBiBQBCA2A2ApAZAVAQALAJACACAAAACbCXCAB5BVBIA7AvAgAWASAXAQAMAIADACABAH
3100203,CNChCICBBYAyAzA3AvAiAbASAQALAIAEAEABAACWCbCaB8BSA8A6A2AvApAfAQARAOAHAEAEAAAB
3100302,CrCSCKB/BUBDA4AvAoAlAiAaATAMAJAGADABAACVCZCHB2BSBAA6AvAoAcAfAXASANAJAFACADAA
3100401,CkCSCZBmA4A0AsAjAlAuAnAWAmAJAOAJADADACCPCnCYBRBGAzBIA2AfAyAqAkAZARAVAEAHACAA
3100500,CnCgCFBoBFA8A1A1AxAoAgAXASAIAIADACABAACqCWCJB5BaBGA7A4AuAkAaAWANAJAFACACAAAC
3100609,CsCwCUBrBJBCAxA2AtAdAaAOAOAGAIACADABABC3CVCMB5BmBCA2A6AoAcAVAIANAGAIADAEAAAC
3100708,COB0CeBeCTBiBGBXA3AtAkATAXAJALAEAEACAACgB6B+BWBSA+A6AuAoAoATAJALAHAGADACAAAA
3100807,CICZCVB/A+BXA5BCBAAnAsAfAXARALADADAAADCIB1BtBoBVBEAzBQA6AfAgAUAOACALAAAGAAAA
3100906,CtCoCNByBcBABAAsAsAlAYASAPAIAHABABABAACrCfCMB3BbBEBAAuAmAZAPAOAOAHAHADABABAB
3101003,CyClCbBhBRA/A1AwAqAhAcATANAJAGAEAEABABC6CmCGB1BlA9A0AvAjAiAVAOAQAKAGACABAAAA
3101102,CeCfCLB5BQA8AvA0AvAjAdAXASAKAHAFAEAAABCfCUCTB6BVA/A5A2AuAjAbAVAQAMAGADADACAB
3101201,CmCUCOBjBOBIA+AvAnAoAnAmAVAQAKAHAFABABCMCMCLB5BYA4A5AzAkAgAdAfAPAQAJAFAGAAAB
3101300,CnCMCZB0BIA6AgA1A0AWAxAwAUAKAUAFAAAAAACNClCMB+BTAwA3BEAdAZAjAWASASAIACAAAAAA
3101409,BpBtCGByBbAtBHA6A/AuAvAnAXAMAMASAEAAAACcCEB5B8A3AtA0BUAzAqAjAoAiALAKAJAAADAD
3101508,B8CICTBxBHA3AzA4AxAuAgAgATAQAMAHAEAAAAB5CLCKB/BZA/A6A7AxAyAhAcAcAVAPAFAFACAB
3101607,CECKCGB3BVA6A0AyAxAlAkAiAYASALAEADABABB9CNCKB6BbA9A5A3AsAtApAiAVAOAKAGAGACAA
3101706,ClCkCNB4BLA9AvAyArAhAYATAQAIAIADACAAAACpCjCaCCBbBCA7AuAkAbAYASAOAHAHAEACABAB
3101805,CjCOB/CbB+A+A/ArA2AlAbARARAKAIAAABAAAACTB3B4CiBPBNAwAwAqAbAWATAQAJAEABADAAAB
3101904,CdCbCNBvBgA9BBA2AvAiAgAZAUALAJAGACABABCYCPCAB8BYBCA5AxAjAhAbAVASAOAHAEADABAB
3102001,CYCOCIBlBSBUBIAzAwAnAsAYAgANAJACACABAACPCGCCByBVBIAxAuAwAmAgAbAUAOAJAEABAAAB
3102100,COCbB9B+BMA3ApAwArAtAlAdAUAUAMAGAFAAABCLCWCTB1BVA3A1AyA0AsAlAcAVAQAIACAEACAC
3102209,DNCTCOB2BYA8AxAwAtAmASAVASAOAHABABADABC/CMCRBsBUA3A4AyApAhASAUAQAKAGABACAAAB
3102308,CLCGCMB7BeA5AnAyAtAnAnAeATAPAIAFADABABB9CSCTB7BrA1A6AvArArAgAdAXASALAFAEACAB
3102407,CdCfB8BwBZBDAoAzAtAoAmASAWAQADADABABAACoCAB3BvBXBGBAA3AyAqAeAgATARAIAHAGAAAA
3102506,CUCQCPCEBQAyAiArAqAoAnApAZAUAOAHACAAABCWCGCRB5BKAxA3AzAzApAhAfASAXAHAEADABAE
3102605,CBCBB+BwBbBFA+BBA8AvAjAbAXAUANAGAGABABCBB7BrB5BTBDA/A6A5AmAjAaAZAPAQAGADABAA
3102704,CnCYCHBzBWBDA2ArAvAmAdAVAOAMAHAEADABAFC3CICMB6BcBEAwA6AeAYAYAPAXAFANAFAEADAE
3102803,CaCaCNBvBTA1AvAxAuAmAnAZAUAMALAHACAAAACQCdCWBsBYA9A7AyAmAoAeAUAeAMAHAEAFACAA
3102902,CRCnCfCFBcBIApA6AsAeAhAaAYAMAIACADACABCPCRB/BdBcBAA4AsAvAgAlAbASAJAGACADABAB
3103009,CfCaCABvBsBCA5AwAwAmAoAUATAIAIAEABAAABCbCNCGBsBaBJA8A3AuAiAdASANAJAKADACABAB
3103108,CMCJBtB8BVBRAlAzBHAoAhAZAcAbARAGAAAAAABvCgCJCEBeBAAuAoAvAlAhAYAiAGAMAAAHAGAA
3103207,CqCmCWBBA+AyA4AmBBAlAhATAeAgAIAAADAAAACOCgCYCLA9AvBCAoAiAkA9ATATAWAPAAAEAAAA
3103306,CQCOCUB+BKAmAwA3A6AaAfAPAaAkAXANADAAAAB/CLCqBtBEAoBCA6AxAkAcASAYAYAOAJAJAFAA
3103405,CrCfCKBrBNA4A2AuArAlAeAXATAIAHAFACABABCcCmCPBtBYBBA8AzAqAgAeAUAUALAKAEAFACAD
3103504,CFCLCDB7BcBAA2A2AvAoAgAeATAKAJAEADABABCCCICGB8BhBCA/A7AxAnAmAaARAOAKAFACABAB
3103603,CHCkCXBLA8A9BNAkA+AdAvATAQAPAUAGADAAAAChCPCXBxBMBABUAnAxAjApASAKATAIAFAFADAA
3103702,CgCnCgB1BOAwAiA5AwAvAdAPAPAPAJAFAFACAACnCgCNB5BYA6AmA5AuAaATAUATAMAKAEADAAAA
3103801,CdCVCkBvBsAvAsA1AnAZAqAZAVAIAKAEACAAAACtCcB8BzBdA2A7AsAnAXAnAZAQAFAQAFAFAAAA
3103900,CZCgCYB0BVA2A2A1AuAeAiAcAUAPAMAIACACAACLCcCFBkBWBCA4A4ArAvAXAcARAJAJACAFAAAA
3104007,CFCKCOBtBUBCA1AzAzAlAhAbAUAPAIADADABABB8CNCOB6BaBIA8A/A0AoAlAaATAPAIAIAEACAB
3104106,B+CWCDCBBeAyA5A1A4AqA3AnAWAZAFACABABABCKCBBtBrBIA9BAA5AzAyAjAXAYANAIALACABAF
3104205,ClCMCLBxBSBNA8A4AxAjAeAUAQAMAEAEAEAAAACPCWCKByBYBKA1A2AqAkAiAUAVAIAHAGADABAA
3104304,CHB5CLBeBTBIA7AzA8AqAtAfAgAQAMAEACABAAB3CACIBrBXBKBAA0A7AqArAeATASANAEAAACAB
3104403,CjCYCkB1BQBBA8AiArAzAgATARAOANAFAHAAAACFCsBpB6BOBDA3AtAkAwASAcANAKANAHALAEAA
3104502,DCCjCNBgBLBAAzA6AnAhAZARARAJAEAFACABAAC8CwB/BrBgBCA0ArAtAgAXAUAIAJAJABACAAAC
3104601,CMCUCLB5BSA/A2AxAyAuAfAdAbASALAEADAAAACJCOCIB5BNA8AwA3AjAmAkAfAZAUAKAGAEACAB
3104700,CwCtCMBzBSA9AvAzAoAfAbAUAQAJAHACABAAAACyCjCLCEBbBFAxAyAlAVAaAMANAHAFADADAAAB
3104809,CxCkB9B6BWBDA6A1AvAhAeAkAXAVAIADADAAAACpCKCNBqBLA0A9AvAmAeAgAUAPAIAIADAFAAAA
3104908,CLCSCKBvBbA8A3A0AwAmAmAbATAXAKADAEAAAACLCWCGB4BUBHA6A2AyAeAgAYAXAPAIAEABAAAB
3105004,CQCUCIB+BLA4A2AsAqAsAbAZAZAQAMAHACADABCaCQCPBmBMA9ApA2A9AqAgAiAdARAJAGAGACAB
3105103,B/CSCAB5BQA/A/A8A4AmAhAZAUAIAKAEABABABCACXCFB1BQBFBIA9A1AiAkAeASAQAHADAEAAAA
3105202,DwCiBsBbBXBWBCArAXAXAWAXARALAGAFAGACAADFChB9B7BpA2AzArAjAGAVANAQAOAKABACAAAC
3105301,C4B0CNCBBjBPArBABCAgAcAXAYAFALAEADAAAACXCcB9BiBDBRA0BHAcAeAlAWAMAHADALAAAAAC
3105400,CMCZCbBtA9AuAoAyAvAqAeAoAZATALADADABAACECZCLCCBTA4A6A8A0AkAkAZAXATAKAKADABAB
3105509,CjCJCECJBaA3A0AwA0AsApAWAWAQAFAFADABAACfCKCHB1BaA2ArA6AxAnAUAXAcAMABAGABABAA
3105608,CACDCAB7BeA9A7A3AwAmAhAbASAMAHAGACAAAAB+CDCFBzBgBLBBBAA7AqAmAdAWAOAKAFACABAB
3105707,CJCWCaB9BIAyAuAhAqAlAmAlAdAMANAKAFACACCPCSCNB3BRBAAqA1AtAoAoARAYASAOAHAIADAD
3105905,C5CTCEBpBYBRBLAwA0AaAiAWAOAJABABACAAAACrCXCCBtBlA6A/AyAsAeAeAPAMAGAHABABAAAA
3106002,CXCtCEBiBfBVA4A1AlAnAZAUAJAEACADAAAAABCtCmCFBjB7BEBBAvAmAgATAQALAJAIADADABAC
3106101,CHC5CTB7BYA8BAAqAtAmAnAeAcAQAGACAHAAABChCMCWBSBPBGAnAyAmApAZAVANATAGADAAACAC
3106200,CECGB2BoBkBLBBA4AuAiAcAWAQAKAGADACABAACCCEB5B8ByBVBJA/A0AnAiAbAVAOAJAFADABAB
3106309,CwCaCKBtBOBAA2A0AvAoAgAVAYAHAHAFABABAACtCcCBBxBUBAA3A2AzAbAfAVARAKAGAAABABAA
3106408,CiCCCGB2BOA6A0AxApAmAgAfAWAQALAFADAAAACGCnCMB/BOBBA3A0AkA5AoAUAWAIAHAJABABAC
3106507,DCCaCJB8BOA1AvAoAbAcAaAUARAMAFABAEAAAAC0CaCPB2BWBCA2AyAgAkAlAYAeAIAHADACABAC
3106606,CkCnCFByBWBRA8AwArAmAVAVAJALAHAEACABAACtCgCLB+BbBJA9AmAiAZAdAMAJALAHADABABAA
3106705,CfCWCGBoBUBFA/A4A0AoAmAeAWAMAFADABAAABCaCOB+BmBbBAA6A5ArAkAiAeARAIAHAGABAAAB
3106804,B4CtCcCIBkA0AxAjAkAuAhAiAUATAHAIAEADAACKCRCOB8BmAyAdA1AuAsATAdAJAUAIAGADABAB
3106903,B2B9CJB2BFA1BBAuA3AsAhAeAZAVAUAGABABAABuCOCJB8BYA+A0BCA0A2AmAhAgAQAMAGAGACAB
3107000,ClCqCHCDBnBGA9AvAeAdAdAVARAFAHABABAAAACpCnB3B9BMBMA/ApAiAbAXAZARACAIACAAADAC
3107109,CGCQCMB2BNA0A0A0AyAhAnAhAVASAMAEAEACABCDCKCQB9BWA/A9A3AzAkAiAeAXAQAJAGAEACAB
3107208,C2CaCJBnBaA3A3A7A3AdAiAXAZATAJACABAAAACwCjCGBiBVA4AvA3AdAiAaAYARALAHAEABABAA
3107307,CoCiCRBxBQBAA1AwAoAoAaAVARAIAHACACABAACiCdCSB2BRA/A4AyAvAeAeAQAQALAJAEACABAB
3107406,CQClCVB9BUA+A1AzAsAiAcAZAOALAGABABACABCKCcCRB1BgBCA6A2AzAfAaAVARAIAIAEACABAB
3107505,B7CCCPBsBNA+AxAxAuAkAvAaAcAcAJAJACABAACSCDCMB/BWA6A3A4AwAqAeAnAbARAMADAIAAAB
3107604,CgCHCOBoBYBGA1AyA6AfAmAXAUAUATAIAGAAADCpB2B1BNBjBOAvA9AkAuAjAhAOAQAOACAIAAAD
3107703,CNB5BnB/BUA1AzAzAkApAlAcAjAUAIAIAEAAABCPCJCLB+BeBMAuA+AoAmAjAmAgATARAEABAAAD
3107802,CfCZCNB5BUA/ArA1AqAsAeAXAWANAIAGACADABCeCeCLB4BTA/AwAzAvAhAhAWAOAJAFADAEABAA
3107901,CFCdCBCBBtBCA3A3AxAbAdAZARANAIACAAAAACCkCiCPCBBdBCA0AqAsAaAaAVAJAIAEABACAAAB
3108008,CBCXCPBwBLA2AyAtAvAuAfAfAbASANAEACABAACICWCPB3BOA/A6AxAzAoAwAdAVARAIAGACABAB
3108107,CKCQB6B3BSA4BAAqAzAsA3AbAUAQAOACAJAAAACBCGB4B1BUBPA4A1AtAtAlAjAVAMAPAJADACAA
3108206,CsCuCaB2BTBFA7AzAoAlAeAQAOAGAIABAAAAAAC1CwB7BwBTBGA3AvAjAdAYAOAIAHACACABABAA
3108305,CBCqCMCABYA5A6AuAxApAkAbARAMAMAFACAAAAB/CcCUBvBTBAA3A1AtApAfAUAVAMAJADADAAAD
3108404,CLCACKB0BZA3A2A/AwAxAnAdAeANAOAEAGAAACCDCMCEBuBSBCA4A5AuArAnAdAaALAIAGADACAA
3108503,CvCgCQB5BFA5A7ArApAXAWAUAPALAJACABAAABCiChChB8BeA2AzA5AvAaAfARATAIAHAEAFABAB
3108602,CrCiCWBrBQBHA1AzAmAcAZAUAUAJAHAGACABAACqCiCEB8BbBCA5AuAkAaAbATAPAHAIAGAEABAC
3108701,C7CDB1BzBQA1BEAjAnAmAgARAdATAHAEAEAAAACwC4CGBjBhAyBCAmAnAmATAhAWAKAKAJABAAAA
3108800,CRCPCKBzBXA5BCAnAuAnAeAlATANAGADAEABAACOCaCFCCBWBBA7AzAkAoAjAcATAKAJAKAGAAAA
3108909,CTCNCHB8BQA1A2AwAwAnAkAYAcAVAPACADADAACXCFCRBwBVA3BDAvAwAbAnAYAaAPAOADADACAC
3109006,CeClCMBkBOBAA4AxApAqAiAcAYAOAJAEACAAABCdCkCCBqBVA4A4A0ArAnAcAVARAPALAFADABAB
3109105,CSCGCTBwBaBBA8AwA0AkAoAbAfARAPACABACABB5CXCTByBYA4A7AuAqAiAmAVAfAHAIAFAGABAB
3109204,CeCsCRBkBEA6A7AuAyAuAZATAbAOAIAEABACAACXCkCJB+BHBAAxA0AxAfAdANAVAPANAFAEABAE
3109303,C8CmCLBaBMBPBHA0AsAhAUAdAMAJADABABABAADICcCTBeBSA+A7AnAiAfAaAWATAJAFABACAAAB
3109402,CrCnCMCABVA7AyA0AqAjAdAbAXAMAFADABABAACmCjCAB2BLA/AsA2AqAcAZAeANAIAIAEABABAB
3109501,CDCMCBCCBVA5BBAyA5AhAjAkAaAOAOAGAFABACCSCIB9B8BWA1AyBAAvAjAfAhAZAOAEAEADADAB
3109600,CDCQCVBOBKA1BNA6A1AYAjAXATAZAKALAGAAADBYCWBwByBRBHBcBVAhAdAxAmAVAdASADAMADAA
3109709,CSCfCTB9BgA3A2AqAtAuAfAfAUANAFADAAADAACYCkCMBuBOA4A6A0AtAfAbAaASAKACAFADACAB
3109808,CJCzCMBYBTBTBQBOBHAmAdAYAMATAEACADABABCZCDCSBUBNBQBBAwAmAnAZAFANALAFADACACAA
3109907,BzCxChBnBEAmA0BCAjAqAYASAPAOAKABAEAAAACQCnCjBjBHBEBIA4AwAlAiAeAbAOAMAGAGAAAA
3110004,CSCTCNBqBTBCA5AyAtAiAeAfASAOAHADACAAAACOCeCMBxBeBHA0A4AtAnAhAXATAMAIAHAFACAB
3110103,CLCSCeCCBVA4ApAuAoAwA5AeARAVAEAJAEAEACCLCFCeB8BPApAwAoA2AfAfAcAWARAFACAIADAA
3110202,CXCZCGCPBdA0AoAoAqA2AgAhAeATAEAGAAAAAACSCDCFCUBQA6AuArA3AsAlARASAFADADACAAAD
3110301,CECgCHB5BZBHA4AsArAtAkAhATANAMAJAHABAACBCOCCB7BXBAAzA6AuAsAhATASAOAIAEACABAA
3110400,CZCOBnCJBPA3BFA/A3AkAoASAWASAHAHADAAAACRCSCPBSBMBJBDAqA5AuASATAeAbAFAFAGADAB
3110509,CUCOB/BrBeBJBFA8AmAmAlAYAeAVAOAFADABACCDCTCBBqBaA/A9A0AsAgAjAYAXARAKAEABAAAB
3110608,CQCQCTBrBdA4A+AyA1AzApAZARANALAFACABABCFCRCKB2BYA4A6A3AvAoAfAZASAIAHADADACAA
3110707,CGB4CVBuBJBCA8AzAxArAtAbAcAWAIAEAGABACCDCECGByBLA9A6A3A7AtAlAlAYARAIAHABABAG
3110806,CqCuCbB7BIA3AzAvAxAiAYAYARAOAGAEACAAACCoCgCWB1BMA8A8AwAjAYASAVASAFAHAEACABAD
3110905,CCCRCJB3BLA1AsA9A5AqAeAoARAQAKAHADABAABrCUCPB4BHBEAvBEA6AsAhAeAWAWAOANAEACAB
3111002,CPCUCPB7BqBAA4A3AtAhAlAlAZANAIAHADABABCNCFB6B8BVBBAzA0AsAiAiAYASAMAHABACABAB
3111101,CgCSCFBvBpBOBFA1A6AkAkATAQANAFAEAEABABCaCPCDBrBZA+A7AtAqAfAbASAQAMAGAEAEABAB
3111200,ByCJCKB5BRA7A0A4AyAsAnAgAcAQAOAEACABAABzCACKB+BVBCBAA6A7AxAnAeAVARAJAEADAAAA
3111309,CpCFCBCLBDBCA8AzAoApAYAiAQAUAJAEACABABCgCGCgBpBcA3A9A8AdAuAcAYAPAKAHAEABACAB
3111408,CTCOCDBwBSBJBSBLA9ArAiAgAUALAGAJAAAAAABjCYBnB1BXBVA7BGAsAbAfATAXAGAHAHAAABAA
3111507,CFCOCUCABVBBA4AzAnAjAkAYAOALAGADAEABAAB/ChCmCEBXA/A4BBAoAgAdAZAKAKAHAEABACAB
3111606,CWCfCKB6BUBFA2AvAzAhAlAVAYARAGAGABACAACYCHCSB3BSA8A1AyAoAlAgAUAZANAJADACABAB
3111705,CmCdCXB4BUA3A4AqAdAqAhAWAZALAMAEABABAACbCVCTCFBeAzA5AuAsAlAdAPAQAGAFABADAAAB
3111804,CPCHCEBsBnBeBGBGA7ArAYAUALAMALAGABABAACmCOCEBxBgAuA0A+AsAcAVAUAOAGAKAEABAAAB
3111903,CIBqCDB2BhBEBSAvAzArAfAnATAQAOAIAAAAAACLB1CIBPBcBUA8A6AvAtApAjAMAaAIAJABACAD
3112000,B1CNCNByBUBBA6A9A4AtAkAkAXARAJACADABAAB4CBCWBoBWBBA8A9A4AqAnAYAYAMAIAEADACAB
3112109,C0CFCSCABSBAA+A1AzApAhAcAXAPAKABAEAAAACnCdCLBcBLBDAjA8AtAgASAWANAMAGAFAAAAAB
3112208,CZCWB+B8BBA3A4A1AwAnAfAZAMATANAJABADACCJCrB1B2BaA/AsA+BAAnAcAZAUAPAKAHAEACAB
3112307,CcCgCLCKBNA3AxAnAsAlAfASASAJAHACABABAACaCcCUCFBUA+A1A3AzAkAeARATAIAIAEAAACAB
3112406,CVCLCQB7BYBDAzBJA1AsApAcAUAMAFADAAABABCPCRCNBkBEA7BCA9AoAoAdAgAOAJAAADAGABAA
3112505,CGCRCSBxBsAwBCA4A9AtAiAdATAHAOAHAAABAAB3CSCUBxAvA7A3BGA1AyAkAVAPAOALACAFACAA
3112604,CcCfCJBpBXBVBNA6AxAoAbAWASALAIAEACAAABCoCTB9BiBbBKBBAyAmAfAVANANAIAEADABABAB
3112703,CzCnCVBkBVA7A3AzApAeAbAZANAGABADACAAABDICpCLBzBVA9A2AvAqAUAYAOAPAJAHABABAAAA
3112802,BiCkCPCEBzA6A4AkAzAqAnAfAWAMAPABACABAABkCRCHCLBbAwA4A5AzAkArAXAYAIALALABABAA
3112901,CpCVCaBwBFBHA5AxAhAkAoAeAPAQAIAEADADABCeCSBwB+BcBCA6AnAhAqAbAeARAJAIALADAAAC
3113008,CgCUCEB4BRBGBHAzAuAhAfAUATANAFADACABABCqCOCKBvBbBGA5A4AsAUAeAPASAHAMAEADABAD
3113107,C3CTCpBkBLA1AqA4AoAcAmAdAaAWAEAFACACAACgCuCHBjBPA1A1A1ArAfAaAhAOAKAKADAFAAAA
3113206,CPCkCUBvBLA8AxAuApAnAgAjAUARAKAEACAAABCMCbCNBrBcBBA0A4AuAvAfAUAVAQAGAEABAAAC
3113305,CCCJCFB5BUA5A1A0AyAmAhAiAZAUAMAHAEACABB+CICIB+BUA5A6A3A0ApAkAdAaAUALAIADACAB
3113404,CaCaCNB5BMA1A0AwAwAnAfAZAUAOAKAEACABAACbCWCUB7BUA7A4A3AsAkAhAVAQAMAHAEADABAB
3113503,CkCfCIBzBMA5AsA0AnA3ApAgAQAKAGADAAACAACgCXCMBkBCAoBHAnArAxAhAmAXARANABAHABAC
3113602,ChCSChByBLA/A4A7AoAkAgAXAUARANAHADACABCVCYCMBwBJBDBCAxAeAsAcAQANAOANADADAAAA
3113701,CyCmCPBxBbBCA3A2AuAgAdAQAPAJAHACACABAACeCpCJB+BaBBAzAyAlAcAXAKAMAHAGADACAAAC
3113800,CcCkCbBtA9AyA+AqArAjAxAXAdANAHAEAFAAAACXCpCNB1A0A4A6AuA2ArAcAVAaAKAGAGAJACAA
3113909,CRCWCHCbBQAzA6A7AkAnAjAfAaAYAKAFACAEABCBCfCGBrBLAsA7A2AnAqAZAZASAVANAIABAAAB
3114006,B/CZCEBiBNA3A3AyAxApAjAkAeAUAJAFADADAACSCFCQBoBDBGA2A2AmA3AsAiAjAWALACAGAEAA
3114105,CfCMCaB8BXA2ApA7AoApAYAfAaAPANADACABAACuCUCKB7BPAvA5ArAsAbAcAbATALALADAEACAC
3114204,ChCQCLBwA+BLA/ArA0AmAlAXAWANALAFAEAAABCiCUCOBfBTA7A3AyAgAtAiAYAPAUAQAFADADAC
3114303,CZCcCDB/BdBBA3AwAmAiAcAXAMAOAGAFABACABCWCdCMB6BhA9A7AxAuAkAcAWATAKAFACADACAB
3114402,CKCNCEB2BWA5A8AwAwAnApAgATAOAOAGAFABABCVCGCMBuBQA8A4A7AzAkAmAVAbAPANAHACACAA
3114501,CKCkCOByBUA/A6AzApAhAyAkAWAKAIAGAAAAAACgCBCJBoBRA5A1A0AxAwAjAWAbANAFAEADABAD
3114600,CdCzCGCABQBAAsAsAsAXAbAfAdAQAKAGAAAAAACqCaCOBlBZA+AvAlA1AeAeASAUALAKAHABAAAA
3114709,CKB0CFB5BgA+AkBSArApAyAzAJAXAIAHAEAAAABwCZB9CFBNAuAvBFAyAtAhAXAfATAHADAIAAAA
3114808,CcCPB/B2BSA+A9ArA3AnAjAbAWARALACACAAAACBCmCHB5BPBEA/AiA3ArAkAZAWAOACAFAEAAAA
3114907,CzCeCNBiBNBDBKArAkAmAnAfANARAIADADAAAAC0CRBwByBWBNA+AMArAsAqAWAPAHALAEAAAAAA
3115003,CSClBuB8BjBRBHA1ArAnA0AgATAEACAHAEACAACHCdB6BwBhA8A6AoAnAfAfAWAdAMACAAAAAAAA
3115102,CGCQCJB8BjBAA6AwAvAqAjAiAWAKAKAEADAAAACHCLCKB2BNBFA9A0ArAkAoAXAUALANADAEABAB
3115201,CnCpCbB5BFBDAvApA8AgAlAQAcAOANAAACADAACbCQCbBoBgAvAwAjAkAgAiAPARATASAFAAAAAA
3115300,CECSCHB4BTA4A1A0AuAtAfAYAWATAKAFADABABB5CRCLCABeA+A7A4A1AnAiAaAZARAKAFAEABAB
3115409,C0CBCUBeBIA5AmAzArAqAeAYAlAPALAFAEAAAAChCQCMB2BkAyA5A3AlA9ATAcALARAKAEAGACAA
3115508,B7CYCYBqBTA6A0A3AwAiAbAdAeAQANAFACACAACJB3CMB2BaBDA6A4AzApAnAbAZAVAKAEAFADAB
3115607,CUC1CCBxBQA5AyBBAwAxAWAWAaAMAEAAADAAAACYCYCjBNBDA3BbAnA8AxAlAOASAEAGAAAFAAAA
3115706,C2CgCOB3BMA7A1AvArAeAbAcASAPAFAGACAAABC1CYCXB4BEBCA8ArAqAcAXAUAOAHAIAFACABAA
3115805,CIClCVBtBYBGBIA9A5AmAjAXAMAMAGADADAAAACOCNCIBzBOBAA+A7AqAgAoAQANALAGADABABAA
3115904,CKCJCfCEBmAyAzAgAyBBAfAvAbAOAOAIABABAACGCSB1B2A/AzBKAvArAhAjAfASAJAHALACACAA
3116001,ChCZCdCIBUAtA9AzArAeApAWAdANAHADADAAAACbCFCKB+BfAhAxA7AvAdAgAYAMAHAMALACABAB
3116100,CfCuCYBfBAA5A0AnAmAiAYAQAMAHAEADACABAAC2CcB/CCBUBUA/A+AzAhAhAWAQANAFAEABABAB
3116209,CXCWCPB4BtA6A0AxAtAkAtAXAbAXAAAJAIAAAACbCaB1BdA/A2A5A0AwArAqAbATAMACAKADAAAA
3116308,CZCLCOBtBbA/AyArA0AtAmAZAXAKAFAEABAAAACDChCOB5BLBCA5AwA4AhAlAZAVAMANAGAEAAAA
3116407,CjCFCKB4BrBMBTA3AuAbAUARAYAOAOAJAAABAACGCLCUBqBRA9A0AxA2AfAXANAbAQANAAABABAA
3116506,CiC5CHB2BXBDAoA1AxAcAVANAMAIAIABACAAAACyChCYB4BOA8A2A3AuAiAXAQAQAHAGADACAAAC
3116605,CNCiCCBwBSBAAyA9AuAtAgAeAbAOAJACACAAABCPCZCDBpBNA6A5A3AvApAmAbAWANAKAGACACAB
3116704,CNCTCgBwBBAjAnAqA4AjAwAeAWAOARAIADAAAAB3ChCdCIA+AyAsBIA6AnAlAdAZAJALAHAJAAAA
3116803,DACQCeBsBTBAAyAtAoAcAbANAVANAFADADABAAC5B5CbBzBgA2A8AuApAYAqAUAMALAKADABADAB
3116902,CICmCWB6BZBHAzBTA9AmAkAYAPAPAEAHADACAACnCUCBBnBHA6A/AuA0ARATAYAHANAFACAAAAAC
3117009,C6CYCGCBBXBDAtA2AcAjAmAPAQAKAIACAEACADC2CNCGB+BkAyA6AxAkAcAZAMAMAKAQABACAAAC
3117108,CPCdCQBsBWA7A4A3AyAjAcAnAdAUAKADACAAAACRCPB9BrBVAzArA6AoAwAlAjAbAOAIAFACABAA
3117207,CVB1CAB/BtBOA7AeAxA6AaAfAVATAKAKADADAACbCLB4B1BmBMAYArAxAfAsATAPAVAGADAJAAAA
3117306,CQCQCKBuBbBVBGBGA6AcAsAcAPAMAKADABACAAB9CVBtB2BXBCA+A+AhAoAgAdAOAIAFAEADACAA
3117405,CiCSCICDBfA7AxArApAqAgAYASATAJADABABAACaCWB5CEBbBFAqBCAlAhAmARAMAMAEAHACAAAB
3117504,ChB6CUByBGA3AyAsAmAfAlAmAbASAMAIADAAABCTCRCOBoBWA1A8A0AvAlArAfAfAUANAGADACAD
3117603,CKCICEBqBgBIA7A0A0ApAkAdAVAJALADAEAAABCQCoCBBzBcA4A3A6AsAmAjAcANAQAGACABAAAA
3117702,CWCUCUBtBHBCAvA+AtAjAnAhAXAPAIADAEAAAACUCgCMBwBKA8A0A2AiAlAmAaAYAIAKAHADACAC
3117801,CpCTCUBwBJBAA+AyAzAmAbAeANANAFAFACABACCYCrCFB7BXA0AzA0AnAjAcATASAMAIAEAAADAA
3117900,COCnCgBYBWBCA9A0AqAgAaAeAaAJAGAFAGABABCfCdCKB8BKAzA5A1AmAoAbAUAVAPAMADAEAAAA
3118007,CbCVCPCCBNA4A3A5AvAnAgAWAUAIAHADADABABCHCgCUB6BYA4A/A3AvAdAaATATAOAJACADABAA
3118106,CXCICNB8BEA/AqAoAmAdAlAvAPAEAGAHACAAAiCnCGBgCKBeA/A0BCAfAkAfAmAZAPAWAAACAAAE
3118205,B7CaCIB4BjBCA3A9AmAoAnAoAXAOAJAHAEABAAB9CECMBrBfBDA6AyAsAnAcAXAYAWAHAFAEAAAC
3118304,CDCMCJBzBWA7A5AvAvAmAhAaASAOAJAEABABAAB/CQCLCBBmBFA7BAAyAsAfAcASAQAIAFACACAB
3118403,CuCXCNB1BMA3A3AxAsAjAdAXATAPAJAEADABABCmCZCNB/BRA9A6A2AmAgAbAUASALAHACADABAA
3118502,CVCICPCQBeA7ArA9AwAcAoAWAaASACAEAEAEAACVCiCSBGBUA/BBA0AdAkApANAkAIADAMACAGAA
3118601,CzCjCABiBaBMBOA8ArAfAWARALAGAEACABAAAACuChB+BjBfBOBFA2AlAeAVAUALAHAFACABABAA
3118700,CNCMCeB+BcA+AyAtAxAzAjAWAZALALACACACAACFCeCLBtBBBGA9A6AwAoAkAPAWAKAFABAEABAD
3118809,CmCjCRBrBgA8A2A5AqAkAgAQAMAJAGABACABAACgCjCMBwBOBGA3A0ArAiAZAUAQAMAFAFADABAC
3118908,CRCUCOBpBbBOA7AwAtAqAqAfARAKAGAFACABAEChCMCHBnBMA6A8AsAyAmAeAaAQAMAOAEAGABAE
3119005,CgCGCVCaBZA5AoAvA/AnAgANAgATAGAEAAACAACgCUCmBZBsA0A7AWApAiAVATARAJAJAEADAAAA
3119104,CECcCgB2BHAyAzAzA2AlAeAVASALAGACABABABCNCiCVCEBSA+A4A7AzAqAZAYAPAMAJAHACAAAA
3119203,ClCWCSBzBFA3AzA2AsArAhAZAPAQAEADACAAAACjCZCbB3BPA9A0A9A0AgAWAYANANAFAFACABAB
3119302,CUCHCNCEBfBKBCA3AxAoAdAWAQAKAFADAAAAAACICGCNCCBfBEAyA6AvAjAcAQAUALAFABABABAA
3119401,ClCmCBBjBPBDBDA+AsAdAVATANAIAEACABAAABCwCUCAB4BqBQBJAyApAfAWARALAIAHADAAABAB
3119500,CXCTCMB6BWBAA8A0AmAhAeAVARANAIAEAEABAACsCNCNB2BZBMA6AvAsAiAhATAQAIAJACACAAAB
3119609,CfCJCbBqBqBDAzA7AwAbApAWAgAZAKAEACADAAB+CICPBdBeA+ArA2AoAlAjAVAYAMAJAKADADAD
3119708,CSCsCFBmBhA4BFA/AjAfAiAiATAcAIAAAAAGAACtCYB+BcA3BCAvBAAcAYAoArAYAPAIADAFAAAD
3119807,ClCLCABsB6BLA3BAA0AdAgAUAeANAFAEAAAAAAB+CTCIBiBpA9A3A7ApAZAnAbARAIAHABAEABAA
3119906,CACNCJBtBdA/BDA+A8AuAtAYAaAYAFAEAEAAADB3CABsB8BXBDA1A5AzAlArAhAeAEAKAHACAAAB
3120003,CxCgCQByBSA5A/AzAtAfAcAYAXAJAEABABACAAC/CbCSBqBUA6A1AxArAbAXAOANAKAFADADAAAA
3120102,ChCNCnBtBTBPA2AqAyATAeAfANALAGACACACACCtCeBrBcBZBIBBBBAgAaAeAcAiANAHACAAAAAA
3120201,CDB8CLB0BVBGA7A7A/AwAoAaAYANAIAGACABAAByCJCMBpBdBBA8A9A7AnAiAaAbAJALAFABAAAC
3120300,CuCdCHB/BcBDAxAxAeAVAaAYAKANADABABAAAACuCgCBB/BoA5AxBAAgAeAcATATAKALAGABACAA
3120409,CyCGCHB1BUA0AwApAQAoAtAaAlAcANALAEAAAACVCGCHBdBcA8AwArA8AzAmALAgASAPAHACACAA
3120508,CTCYCAB9BYA5AuA1A0AiAbAeAXAUALADACAAAACyCQCHB2BSA8AxAzAuAfAhAYAUAPAFAEAFABAA
3120607,CQCaCJB0BQAvA/ArAnAyApAZAaAWAFAFAEADAACUCQCFBnBKBMBBA3A1AZAzAaAWAHAIADAEAAAA
3120706,CjCCCNCDBWA/BFAoAxAWAaAbAQALAKAEAHAAAACVCSB4B4BbA+A9A0A6AeAgAWAUALAUAFAFAAAA
3120805,CpCQCcB2BLA5BEA0AnAmAcATAVAIAKAGADABAACkCRCMB8BQA7A8AzAnAgAhAUANAJAKADADAAAC
3120904,CPCdCHB0BQA8A1A2AwAkAeAbAPAKAIAEADABABCMCUCKB8BaA/A6A7AuAqAjAXAVANAKAGACABAB
3121001,CxCTCEBZBMAvA3ArAzAkApAgAZAYAMACAEAGACB2CtCVByBLA1A5A7AwArARAZAdAYAHALAAAAAC
3121100,CdCWCLBvBbA9A1AuAxAjAYAcAcAYAIAEADACAACrCYCdBwBVAwAvAzAmAeAdAYAUASAEADACAAAA
3121209,CaCLCFCBBfA+AtA9A6AfAiAWAZASAKADAAABAACVCNCYB6BTA0AxAxAyAdAkASAXAJAFADAHABAB
3121308,B8CTCeCABQArA6AuBYAnAbAnAfANAPAJAGAEAAB5CrCDBcA1A4A2AzAzAaAkAdAgAYAGAJACACAA
3121407,CJCgCPBwBWA0BFA2AlAqAdAlAYAUAMAAAAAAAACFCZB5B2BKBJA5A4AqAuAgAVAbATAIADACAAAA
3121506,CaCAB/B4BlA1AuAwAuAqAyAfAaAYALAGAFAAAACbCRCDB+BJA3AmA+AnAgAhAdAjANAKACACAAAA
3121605,CbCMCAB3BbA5A2AzAvAhAcAYATALAJAEABABABCNCWCGB3BVBLA+A2AxAmAeAXAcAPAKAGAEACAC
3121704,CgCPCICEBeAjAnAqAmA0AeAiAVAHASAIACAAAACgCICfBxBdAlAjA7ArAeArAcASAQAXAKAFAAAC
3121803,CqCXCUByBNA4A6AvA0AnAhAXAQAMAIACABAAAACnCaCOB2BRA9AxA5AqAkAdARASAJAHADABACAD
3121902,CGCZCjBtBzAiAwA0A4AsAnAcAYAGAIAFADAAABCQCSCgCOBIAoAtAyA3AUAlAjAPADAGABADAAAD
3122009,CbCSCMB6BHA2A/AyAyAjAvAgAXAPAJAEACAAAACVCTCCB0BPA1A6A4AxAsAgAZAUALAHACACABAB
3122108,CkCsB8CCBZA1A1AuAtAhAaAbAXAGAJADAEABAACxCnCOCABPA2A9ArAfAaAYAWAPAGAIAEADABAB
3122207,CbCSCeBoBTA+AlAsA0AdAiAdASAHAKADADAAAACPCpCeByBCA0A1BAA0AnAdAUASASAGAMAHADAB
3122306,CGCdCLBvBVA6A4A4AvAmAgAWARAJAHAEACABAACECbCJB8BiBFBCA6AxAqAdAZASALAGAEACABAB
3122405,CcCGCTBlBbAzA/BBAzApAiAhAiAaANAFAGAFAAB0COBrBtBFA5A7AyA4AhAhA0AZAMARADAFACAA
3122504,CvCICJCCBHBBAwA/AyAkAdAcAVAKAJADAAABAACWCUCJB5BfBHA3AwAnAhASAbAOAOAHAIACABAA
3122603,COCNCNBlBWBHAyA0AvAmAfAdAbAMAJADAFAAABCOCaB4CHBaA0A4A6A4AjAZAQAWATAQAJAGADAB
3122702,CTChCTBmBNAzAxAwAqAlAhAiAXAPAGAFACAAABCTCeCkBqBQA4A2A5AoAoAiAeAXAMAKAFAEABAB
3122801,C3ChCbBsBKBJA+AzA6AVAJAfAbAXAMAGAAAAADCpCPCCB5BJA1A4A0ArATAWANASALAOAFAAAAAA
3122900,CeCgCCByBBA+BOA1A3AlAmAkATATAQAHABACAACRCIB9BgBKBGBEAsAoAdAcAeAYAVAMACABACAC
3123007,CPB7B4BxBbBWAzAxAuAmAmAcAZAPARABADABAACeB+B6B0BkBBAwA+ArAqAfAbAnAQAHAGADACAC
3123106,CrCeCWBoA7A7AuBCAzAZAiAOAXASANACAEAAAACrCHB/BqBUBEBCBBAhAeAlATAlAKAHAGABADAA
3123205,CCCkCJB9BBAtAzAyA2AsAiAYARAKAFAEAGACABB/CdCcByBUA+A+A6AzAwAhAbAXAPAHACADADAB
3123304,CVClCcB3BUA2AzAvAzAbAqAgAVALAFACAEAAAACcCLCBCABUA1AoA1AvAmAgAjAYAKAGAAADAEAA
3123403,CgCWBoBYBeBPBOBBAtAwAbAZAAAHATAEALAAAACACcCfBtBoA+AqAmAuA0AfAOADATAFANAOAAAA
3123502,CnC3B4B2BhBCBMAsAuAcAnATATANACAAADAAACCbChB+BxBKBMAwA+AbAuAbAXAIAIAFAAAAAAAA
3123601,CLCNCLB2BdA+AxA0A0AoAgAaAUAQALAFADAAABB9CYCRCCBSBAA7AxAqAnAeAcAQAOAJAGAGABAB
3123700,CkCiCVBxBLAxAoArAtAuAhAbAUAQAJAEADAAAACmCcCaB7BTAwA1A1AiAmAfAWARAOAHACAAAAAB
3123809,C9CXCTB1BaA7A6A0AnAjAUAdANALALADACAAAADBCICHB5BWA9AzAuAoAdAZAUATAEAJAAACAAAA
3123908,CTCRCGCCBZBEAxAvAgAiAiAiAbARALAHACABABB3CbCVB1BbA3AvAtApApAlAdAfAJALAEAIABAB
3124005,CcCgCeByBGA4AsApAuAkAnAZAVAPAKADAFAAAACMCaCcB5BKA7A5A0AqAlAbAWAYARAJAGACABAB
3124104,CcCQCZB0BaBGA5AsAsAnAfAeAVAQANAGADAAABCWCTCKBvBaA2A0AwAmAhARAeAVATAKAEACABAB
3124203,CXCMCWB8BUBBA2AyA3AlAmAXAVARAKAIAGABABCSCJCKBwBOA9A6A3AwAiAfATAQAMALAFAFABAA
3124302,CvCiCPBrBWBAAwAsAmAgAcAVARAMAHADADABABCsClCMBzBZBAA3AvAmAgAYASARANAJAEADACAC
3124401,CNCqB3B8BcBLA7A7AtA1AcAaARAJANAHADAAAABxCsB9BtBbBNAtBGA0AfAVAVASAGAGACAAAAAA
3124500,C5CRCKBxBeBABCAxAhAjAZAeAWANAMAGACABABC3CJCHBwBVA9A3AqAeAhAdAUAQAOAKADADAAAA
3124609,BjC/CyB5BVA5A0A3AvAaAlAZAiANATACADAAAACjCBCoBhBFBDApA7AyAdAaAVARAIADAFACACAA
3124708,CaCYCJCABZBLA0A7ApAfAgAQATAJAKAGAFABADCOCiCBB1BVBGAxA5AlAkAXAVAaAJAIAEABACAA
3124807,ClCZCEB4BfBFA9A0AuApAmAsAWAPAOADABABABCZCJCABcBIA9A0A0ApAlAdAVAVANAMADADAAAC
3124906,CPCiCdBzBOA6A2AxA6AsAlAcARATAHAHADAAAACNCYB/B5BMA2A0A2A1AlAbARAQAOAOAFACABAD
3125002,C5CCB/B7BVBAA+AqA1AwAdAgAaANAJAJAAAAAACjCRCVBoBUA/AsA8AaAdAVAYAWAJAMAGAAAEAA
3125101,CJB6B7B0BbBKA3A6A3AoAqAqAfAWASAFADADACCNBmB5BqBVBCA1A7AzAvAlAnATAPAGAFAEABAC
3125200,CBCdCKBqBaAvAyA4A7BGAcAbAjAJAMAEAIAEAACNB0CEBzBUA1A4AgA0A7AoAXAeARAFAFAHAFAA
3125309,CPCFB9CGBNA4A1ApBLAoAsAkALAXALANAFABAACPCHB8BtBQA2AtA+A1AuApAQAQAWAJAHAJAFAB
3125408,CtCQBxBwBPAyA4A4AoAqAbAVAgAOAEADACAAAACHCqCABhBQBFBIA1AmAvApAVAmASAMAJAEAAAC
3125507,C1B/CIBlBfArA2AhAcAoAxAgAaATAAAGACAJAACmCLB0CQBNBPAjApAiA6AjAlAOAQAAAIATAAAA
3125606,C3CpCEB/BKA/AsBEA1AlAVAZAMAJAEAGAFAAAACmCbCFBmBaBEA+A2AlAVAWAWAMACAFAHAHAEAA
3125705,ChCdCUB1BYA5AyA3A0ApAaAWAOAOAFABABACABCcCZCRByBNA/AyA1AyAkAjAWAOAKADADADABAD
3125804,CjCuCgCCBIAvAnA0A6AeAcAYAeAPAEAAAFAAAACYChCdBmA8BCAmBAAmAcAeAaAUAMAHAEACACAA
3125903,CdCJCIB/BWAyAuAwAtAkAlAgAXAMAJAGACABAACOCRCFB8BUA9A2AyAuApAmAjAWARAHAEAFABAB
3126000,CVCTCWCFBjA2A2AvAtAlAsAeAUAKAIABAGACABCbCbCMBkBTA6A2AvAdApAjAcAMACALAFADAEAA
3126109,CFCaCFB1BQA6A9A2AuAmAiAbASAPAHADACABABCDCUCKByBZBIA8A4AwAsApAbARAMAKAEADABAB
3126208,CfCmCWCBBJBAAyAwAlAbAdAXASANAFADADAAAACiCuCABwBhAzA2AxAUAuAWAXApAMALACAAAAAA
3126307,CeCMCAB+BdBMA/A6AmArAxAWAVAVAJAFACACACCMCSCXBcBJBBAxA7AhAsAdAXASANAEADACAAAC
3126406,CmCaCgB8BQBaA4AqAqA/AXAUAPALADAAADAEAACLCYCUBdBYBCBYAlAkAfATASATAAAGAAAEAAAA
3126505,CaCtCWBlBFA4AtAvAoAmAdAbAUAHAHADACAAABCsCbCKBtBKBIA9AwAxAkAkAZAWAOAJAEAFACAC
3126604,ChB/CiBfBVBUBGBCAwAjArAYAZAGAGABAAAAAAB8CbCGB8B2AwA+AwAgAoAXAVAVAIAEACAAAAAA
3126703,CyCnCAB8BeBEA2AxAqAjAZARASAKAHACAEAAABCxCUCGBzBgA6A2AxAjAeAWASAQAIAHACACABAC
3126802,CuCjCLBqBMBBAuA/AsAfAbATAOAMAGACACABABCtC1CNByBVA/A9AzAlAaAZAQAQAMAFADABAAAB
3126901,C4CgCfB2BLA2A6AoA4AgAcAPARAIAEACACABABCyCfCPB3BUA4A9AxAoAcAXAPAPAJAEACABAAAB
3127008,CaCXCUBZBuBSBKBGBAAhAYAXATAJAHAAABAAABC9B0B5B2BaBLBCAnAjAdAWAVAJAGAEAAAAABAB
3127057,C5CkCMBnBKBJBEAuA2ASAXAQAPALAMAEABADADCpCfB2CEBkA5BBA3AiAUAbAKAPAKAEAEAEAAAC
3127107,CKCNCEBxBcBKBFBDA1AuAjAcARAOAFACACAAABCBCPB+B1BWBRA6A3AvAlAgAUAPAJAGADACACAB
3127206,ClCWCRBpBPBMA0AlA0AVAmAqAVAXAKAKAKAAAAC1ByCVBBBdA1AvAxAoAdAbAdAQASAjAGAFAFAC
3127305,C6CfCLBxBRA7A2AzAyAmAVAVARAJAGADACABAACvCpCOB0BYA1AvA0AnAdAdARAIAIAKACACABAC
3127404,B7CoCKB7BmAwA3A0AxApAqAbAOAQAPADAAACAACgCSCMCABQBAA7AsArArAdAZANAFACABAAAAAA
3127503,CvCpCSBVBAA7AlAyAyAcAcAfAPAPAHAFACAAADCxCTCGB8BLA5A4BGAkAjAnAdAUAPAGACAGAAAC
3127602,CjCMCKBxBSA2AxAxAvAqAjATAWANAEADAFAAAACRCUCBB/BYBCA+AmA0AlApAdATAQAKAGAEACAC
3127701,CfCaCJBtBOA9A3A1AsAiAcAVARAJAGADABAAAACcCXCMCFBlBJA/A5AsAhAaAUAOAJAFADACABAB
3127800,CtCiCMB3BXA0ApA0AqAhAaAUANAKAIABABABAACfClCFCABVBBA9A4AoAkAbAVASAKAIACACABAA
3127909,CBC5CkBwBeBGArAqBBAjAiAUATAJADAGAEAAAAB0DDBnBzBQA9BIAvAuAcAeAWAGALAMAEAGAEAG
3128006,CVCUCPByBIA0A0ApAuAiAgAbAWANAKADADABAAChCTCOCABZA9A0A4AtAgAkAZAWATALAFAEABAA
3128105,CTCgCRB0BmAvA1A0ApAsAiAeAaARAHADAEABAACHCbB3CMBMAwAyAwArAoAuAWAUAKAIADAFABAA
3128204,CoCOCUB1BIAsAyAqAuAkAgAeATAQAIAJABACACCdCiCVBxBNA0A2A1ApAkAgAiAUAPAJAGAEABAC
3128303,B4CTCACBBTA8AyAuA9AnApAjAaASANAHAEABABB9CBCIBqBTA7AzA4A0AxAmAkAaAVAMAHAHABAA
3128402,CKCgCUBzBYA+A3ArAwAxAnAYAPAWAKAGADABABCBCWCJB5BUA2AxA1AsAnAiAYAUARAEAIAEACAA
3128501,CGCSB/BtBZA7A2A4A4ArAsAiAUAQAPAIAGADAACJCKBwBWBJA/BEA3A4AtAsAXAXAQAYAHAKAAAA
3128600,DBCGCCBxBiBPBGA3A+AbAJAUAPALACACAAAAAACYCgChCIBYBEA+AjAiAcAMAaAJAEACAAACABAB
3128709,B4CECFB1BOA9A1AzA0ApAhAkAbAUAPAFAGABAAB2CECQBwBaBAA6A6A3ArApAfAcAWALAGAEAAAC
3128808,CSCXCVCIBOAvA/AyAxA3AUAcAYAMAJADAEAAABCWCGCPBsBaAwA1A1A2AkAZAVAaANAJAGACAAAB
3128907,CXCgCDCHBgA9AyA4AdAqAVAbATAQALACAEAAAACICmCLBuBQBNAwAxAxA0AcAVAPAFAFADAEAAAB
3129004,CbCRCfByBQA7A5A1AlAtAZAbAXASAIAHACACAACUCLCRB4BWA2A3AzAqApAfAYATANAIAEADABAA
3129103,CnCXCJBnB2BlBOAzA7AqAZASARAOAGADABAAAACkCcB2BhBcA8A2AlAnAZAaATAQAGACABAAAAAA
3129202,CdCDCHCGBlA+A+AyArArAqAYAOARAMAEAAABACCUCSCMBaBTBLA0AuAyAlAaAWAXASAGADAEAAAA
3129301,C3CiCdBxBMAqA1A2AmAdAfAXAVAKANAGAFAAAACzCVCRBzBNA4A1A2AfAfAbANAXANAHAEACABAC
3129400,C5CACrBrBNBDA6AmAxAfAUARAbASAJALACAEAACgCWBzBoBrA8ArA5AxAfAdATAXANAHACAFACAE
3129509,CICgCeBtBWA/A3A3A0AiAjAcAZAOAHAEADAAAAB2CaCPBvBQBHA+A7ApArAbAdAOANAGACADABAA
3129608,C+CZB/CIBdAzAtA9AfAgAZAYAUAPAHAHAFAAACCcC1BXCFBYA/A1A2AjAYAeAXAUASABAFADAAAA
3129707,CYCcCVB8BcBAA6BBA0AhAeAbAVAHADAIACAAAACaCGCUBmBJA6A6A7AvAhAgAWAOAHAKABACAAAB
3129806,C4CsCBBjBIBFBBA7ApAnAaAVAOAIAHADACAAABCwCtCOBWBLBOA8A1AsAfATASAOAJAEADABAAAB
3129905,CqBtBvB/BSBVAoBCAZA1AyAcAdAVATAIAAAAAAB8CFB3B1BuA4BCA3A7APAcAbAhAYAIACAAAAAA
3130002,CPCCB7CNBrBFAuAnAmAiAfAmAsAVAKACAFAAAACICRCHB2BXA7AmAkAqArAnAjATAQAUAFAHAAAA
3130101,C9CTB2BrBgBNBJA5AuAeAbAXAYALAMAEAAAAAACxCYB5BUBQBCA7A1AlAYAjAVATASAIACADABAA
3130200,CNCgBsB8BkBGA6A1A2AuAlAeAkAQAOAEAAACAAB3CWB6BlBcA7A3AhAvAxAgAfAUAVAHACAGAAAA
3130309,CXCcCICABWBBA4A4AsApAYAeARARAHACAEAAAACBCXCVB2BOBHA9AwArAiAjAZAQAMAEADADABAA
3130408,C2CIBqB3BeBVA8ApAwAcAgAeAsARANAIAEAAADCJCWCTBaBXBHAxAoAcAlAhAgANAOAEANADAAAC
3130507,CeCDCPCOBnA+BAAqA2AlAfAWAcARAGAGACAAAAB7CRCWB8BIAwA6A3ArAgAmAQAPAQAHAEADABAB
3130606,CPCQCiCHBeAqA0BKAtAdAgAmAZAVAHAFADADACChB/CMBwBCA7AnAuAoAdAhAmASAQAKAHACACAA
3130705,DACNB8B3BkBMAsAyAhAdAdAbARAYAFADAFAFAAC0CSBqBxBXA8A8AqAvApAcAUAPAPAJAFACAAAA
3130804,CEDBCVB8BkAsApBFAqAtARAoAaAMAHAIACAAAACLCXB5B3BGA/A6AkAuAqAqATARAMAMADAAAAAA
3130903,CqChCSB1BIA4A0AuAsAiAdAXAXAMAHADACABAACvChCOB5BRA8A1A0AmAiAWAVATALAFACACABAB
3131000,CdCPCjBwBdA4A9BAAjAkAaAjAXAhAGAAAAAAACCmCAB4B+BIBNAtAnA1AVAcAVAWAUAMAFAAAAAA
3131109,CgCCB4B/BaA8BNAmAlAnAcAZAZAQAMAEABABAACoCNB+BZBVBDAuAyAsAxAiAeAlATAIAEAFAFAB
3131208,CbCPCNB0BSBAA2A1AuAoAmAZAVANAIAFADABABCXCICSB5BXBCA6A1AsAiAaATATALALAEAEABAB
3131307,CxCmB+BgBJBVBNBDAvAbAXANAKAHADACABAAABCnChB/B0BpBRBGA3AlAYARARAKAGADACABABAA
3131406,CbCiB7B5CFBUBKBHAtAiAoAaANAKAGACADABABCOCNB8B2BOA+AvAuAiAiAaAUAPACABACACAAAC
3131505,CSCpCOBkBnBaA8AoAvAkAbAXARAOAHADAAAAAACZCVB2B9BuBHA3AjArAjAmAPAIAKAJAAAAABAA
3131604,CcCICjBvBkA7BAAxA+AgAfAbAUAEAEACAAAAACCkCVB1B8BXA5BBAtAkApAgAZAKAIAEAGAEACAA
3131703,CfCfCEBlBTBGBBAxArAfAZAVAOANAIADACABABCqCZCFByBZBLA/AzArAeAbAVASANAJAGAEABAB
3131802,CvCoCTB5BUAzAsA6AlAbAbAYASANAHADADAAABC+CZCRB7BdAxA4AvAbAeAcAUAKAJAFAEACAAAA
3131901,CKCJCHByBhA7BAAwAvAoAdAXAZAQAJAEABAAAACCCSCHB5BcBBA9A6A0AmAgAcAVAOAMAFACABAB
3132008,CbCoCZCDBcBPAzAuAYAbASATAMAHAEADABABAACmCuCqB1BiBBAoA0AdAeAUAPAQAHAHABACAAAA
3132107,CoCtCNByBHA+AzAwAlAgAZAgASAIAHAFADAAABCmCmCRBjBYBLA4A3AnAiAXAWANAIAGACABACAB
3132206,CQCPCOBuBWA7A8AvA8ArAZAhATATANADACABABCOCFB5ByBZA8BNAtAxAgAfAjAdATAHADACABAA
3132305,CsCVCAB3BQBGA4A1AvAkAgAYASAKAGAFABABAACwCZCJB0BVBGA6AuAmAaAbAQAUAJAJAEADAAAA
3132404,B2CECICNBxA8AvAtApAkAkAbAYAPAKAFADACABB7CECHB8BgBCA6A0A0ApAmAhATAQALAGADACAB
3132503,CrCZCKByBRBCA1AvAnAfAfAVAWAJAIAFACABABClCQCEB8BbBEA6AxAuAgAhARASAOAIAEAEACAB
3132602,CYCRCjBvBNA8A2BCAsArA1AsAVAUAIACAAAAACCLCECABuBMA7AxApAvAxAeAYAKAZAGAFACADAA
3132701,CpCrCbBzBKA1A1AyAxAgAdASAMALAHADACAAAACiCgCPB7BWA+A5AyAqAaAaAQASAMAIADACABAC
3132800,CcCBCDBzBVBKA6AeApAYAtAYApAMAVACACAAAACWB6CBBvBPA+BGA1AxAhAoAkAfAQAFAPAGAAAA
3132909,CMCBCJB5BQBLA6A8A8AsAeAjAhASAIAFABAAABB8CRB8BvBZA0AyA6A0AsAgAbAdAMAFAFADACAA
3133006,CICWCAB5BdBBAyA9AlAqAwAbAbAJANAJADAAABB/CSCIBsBeBCA8AzAvAoAhAXAUALAHAHACACAB
3133105,CECQCPBoBfA4AzA5AxAeAYAWAcAQAMAHAHACABB9CWCSBxBsBDA0A2AqAuAiAdAWAQAJAEABAAAA
3133204,C6CkCQB3BRA9AwAuArAhAZATAUAJAHADADABABC4CXCOCBBWA3AvAwAlAeAZATANAMAEADACABAB
3133303,CoCfCJBnBXBHA4AyAnAdAdAZAYALAIABACABAACWCXCLB8BmBGA7AyAhAcAhAWANAGAIADADACAB
3133402,CWC3CDBmBjBHBEBBAvAnAdAVAQALAJACACAAABCVCpCDBrBOBMA0A2AmAeAZARAIAHAFADACABAB
3133501,CTCOCRBtBZA4A3AxArAoAdAbATAQAMAEAEACAACHCRCKBpBVBCA7A3AtAsAiAeAaASALAHAEACAB
3133600,CECfB/B5BYBTAyAwA6ArAhArARAKANADADAEAACNCKB/B1BgA0AwAyA2AmAYAYAbAPAFAAAEADAC
3133709,CgCOCCBqBiBIA6AyA+AkArAeAYALAJADADAAAACoCJB+BsBKBAA0A4AaAmAiAaATASAIAEADACAA
3133808,CBCYCHBxBdA/A7A2AzArAcAWAUAOAJADABAAAACBCQCEB3BfBHA3BAAxAoAjAZATAPAJAGAEABAB
3133907,CSCMCLB6BVAzAoAmAtA0AjAmAYARAKAHACAAACCbCPCSBpBaA/AlBAAwArAnAaAXAJANACACAAAA
3134004,CxCeCIBlBOBDA2AxAvAeAfAaAVANAGAEACABABCqCeCMBnBaBPA8AvAjAgAaAYAOAGAIAEACABAB
3134103,CbC1CGBsBfBCA1A3AsAiAlAUAPAKAKAEABABABCwCdB4B7BRBGAwAuAxAYAaAQANAOAFADADAAAA
3134202,CMCMCIBxBfBFBDA7AxAlAgAXARAMAHAEACABABCJCOCAB8BdBGBDA4AuAkAfAUARANAHADADABAA
3134301,CZCgCFB/BOA7A4AkAcArApASAYARAGACABAAAACjCWCiBqBiA/A2AsAvAlAcAVAOASAGADADAAAC
3134400,CsCaCOBtBnBQBEA7A1AhAhAXASAMAHADADABAACqCOB+B4BXA7AzAuAiAZAaAOAMAGAEADABAAAA
3134509,C0ChB5BkBtBZBABDA9AcAbAYAKAVAIAIACAAAACbCRB+BbBEBXAyApAwASAgAUAMAPAGADAAACAC
3134608,CWCWCOBsBMA8A3AzArAmAqAgAVAVAGAHACABAAChCOCTBpBKA0AvA0AoAoAtAeAcAPAGAFADADAA
3134707,C1CmCKBxBSBKA/AxAlAiAeAOARAIAGADADAAAACsCoCNBvBYBIA7AqAcAZAaATAKAGAJABACABAB
3134806,CICDCSB4BrA/AyA1AzAnAkAaAaAPAQADADAAAACECOCJByBVA9A2AxAwAZAsAjATAPAJAFABABAB
3134905,B6CGCBBrBPA3BKAsAxAhAtAjAnAdAMAFAGAFAAB4B7BxB0BTBFBDAyA5ApAlAnAjAUALAJADAAAB
3135001,CGCYCuB8BUBAAxAkAqAoA2AmAGATAPADAAADADCVBjCNCOBwAyAqAgA4A2ARAQAQARAEACAHAAAA
3135100,DBCgCPBmBWBCA2AtAoAkAcATANAJADAFABABAACzCdCOB7BfA/A4ApApAcAXASAMAKAEACABABAB
3135209,CqCgCMBwBLA2AwArAiAiAfAYAVAOAIAEAEABABClCiCOB7BUBAAwA1AnAiAdAYAVANAKAFAEABAB
3135308,CuChCnB5BiA5AnA0AdAjAsAOAIAFAHACAAAAACCnCkByCNBnA1AnAxAzAdAjAGAGAJAJAIACAAAA
3135407,CLCaCMB1BUBEA5AuAzAYAzAZASAQANAEAGAAAACHCICKB3BZA4A+A+AvAdAsANAZAHASAGADAAAB
3135506,CqCaCQB4BGA1AvAwAzAeAkAZAWAPAHAGABAAACCtCOB8CJBbAzAzAzAtAdAhATAWANAGADAFABAB
3135605,CvCkCZBvBZBLAwBDAiAzAkAYAOANADAGACAAABClCcBwB2BFBJA4AsAiAhAZAVANAGAEABADABAA
3135704,CQCuCgBoBDBFA5A9AhArAhAbAZATAKAFAGAAADCVCZCGBhBMA+ArBCA6AeApAQAYAHAEAEAAAAAA
3135803,CxCfCRBtBNA/A2AwAoAmAcAWAUAHAIAGACABAACtCPCMB3BZA/A1AzApAfAeAUARAIAJADAFAAAC
3135902,CGCfCcCDA0BCAzA9AjAsAcAfAcARAHAJAAABAACUCZCSBpBLBLAvBGAyAgAbAaAHAMAHACACAAAE
3136009,C2CkCTBqBWBDA5AzAqAfAXANANAIAEAEACACABCyCfCOB1BbBFA1A5AlAcAWAQALAEAGADADABAA
3136108,CiCcCVBkAwA2ArAwAsAvAfAXAYAOAOAMAEABAACiCcCHCDBMA8A0A3AtAbAmAbAZARAMAFABABAA
3136207,CPCmCTB0BbA/A7A0AtAiAbAUALAGAEACABAAAACLCnCWCDBeBKA5A0AuAfAZAQAMAKAEACACACAB
3136306,C3CjCNB4BeBLBBA1AsAeAeATANAIACADACAAAACtCiCIBtBRBAA4ArAkAhAYAMALAGAEADAAACAB
3136405,CqCBCSBtBMBFA0AqAnAzAjARAVAPASAAACAAAACYCWCLB3BZA9A1ApAkAuAhAlAgAEAFAAAGACAC
3136504,CcCnCOB0BhBTAqAyAlAgAYAWAPALAFACABAAACCqCXCHCCBgBDBGAuAtAaAdANAJAEABABABACAC
3136603,C1CVCCBvBPBBAtAzAsAlApAiAUAUALACAGACAACoCJBtB6A6AzA4A/AoA0AbAjAQANAMAFAEACAD
3136702,BxB/B9BvBgA/A7A1AzAqAmAdAWAPAJAFACABABBwB+B7B+BqBMBDA8A8AvAmAhAYARAMAIAEACAB
3136801,C2CgCJB6BYA5BDAqAgAiAeATARAJADAIABABAACnCcCPBzBUA/A1ArAlAcAYAWAUAJAIAHAEABAD
3136900,CKClCQBwBlA4AzAyA3AvApAQAUAIAGACAFACAACfCSCSCEBOA8A9AvAkAoAYAVAKAKAGADACAAAB
3137007,DACaCTBnBHA2AtAsAtAiAdAWAYAMAHADACAAAACeClCGBrBQBCBGA1AuAgAgAVASALAIAEAFABAC
3137106,CtCcCTCDBWBMA6AuAzAgAVARALALAEABABACAACaC1CLB5BUBDA9AtAjAbASAOANAJADAFABABAA
3137205,CXCgCOB6BPBDA4A5ArAkAcAVAPAJAGABACAAAACgCWCQByBVBFBBA4ApAmAeASAPALAEAFAAAAAA
3137304,C7CRCIBoBZBWA7AwAjAmAgAWAOANAAAAAAAAAAC1CnCLBrBeA/A5ApAoAVAVAXAYAFAEAAACAAAC
3137403,CWCcCKBsBXA/A+A2AqAnAfAdAUAQANAEADAAAACCCkCNBXBSBVA6A7AlAhAhAcATALAHAFABABAB
3137502,DACfCSB6BTBJA8AwApAeAVASAJAIAHABACAAAACoCfCGBzBYBGA5AvAjAYAaAWAMAMADAEADABAA
3137601,CYCWCbBnBRA1A+A3AvAkAqAWAOAQAHAJADABABCHCgCFBnBMBFBDA6AqAmAZAcAUAMAMAGAFACAA
3137700,CnCRCMB9BQAyAvArA1ApAfAWAUATAHAGADAAAACjCVCVBwBOA8A5A/AuAjAVAXAWAJAHABACACAB
3137809,CVCNCMBpBNBDA1AvAtAsAgAZAaAPAMAGADABABCOCMCCBxBgA/A7AwAvArAeAfAbAYALAFACAAAA
3137908,CHB9CaByBZBLA1AjAlArAhAaAVAaAUACACADAAB3CmB5B4BRBCAzAzA6AiAgAeAhAUASACACAAAA
3138005,B2CeCRBvBVBCA1A8AsAuAzAaAWAQAOAEAEABAAB9CiB4B/BLA/A5AwAxAmAeAbAXAOAJADAEABAB
3138104,ClCpCGCJBZA/BAAzAzAeAjAfARAPAHACACAAAACeCnCFBhBYA9A4AoAcAjAdAVALAHAEAAAEAAAA
3138203,CECHCLB+BVAyA0AzAzAnAjAbATAPALAGACABAACCCFCLCABbBEA6A6A0AuAjAcAXAPALAFAEABAB
3138302,CYCiCJBxBWBAA4BBArArAdAaAUANAIACADABAAChCZCJBtBKA4AqA4A0AeAcAlAQAOAHACADAAAA
3138401,CICICCB2BWA8A2A0AvAqAfAdAVAPALAGADABAACICHCMB6BeBDA8AzAvArAhAbAbAQAMAFAFABAB
3138500,CZCiCQBdBXBCA2AsAuAlAYAjAYASAIAFABAAACChCPCXB7BoAwA4AgAqAoAlATATAIAHACABACAB
3138609,CeCOCVB0BZA1AvAwAuAmAiAfAUAXAPAFADADACCOCJCTBtBTA4AyAyAqApAfAbAXARAMAHADABAA
3138708,CQCjCMCABoBWA5A7ArAnAYAeAgAUALACAEAAAACcCECKBrBWA2AgA4AfAcAiAbAQAGAEADACABAA
3138807,CTCQCKB7BbBGA+A5AuAlAYAVAOAMAGAEACABAACXCPCIB8BTBNA4AwAwAkAfAYATAIAIADABACAD
3138906,DCC7CRBlBCBEBEAhA1AcASASASAHAFAHACAFAACpChCIB6BmBFA9AfAdAXAWAMANAMAIADADAAAD
3139003,CSCMCJB1BXA4AyA2AxAnAiAZAVARALAEAEABABCHCZCECABaBDAyA5AnAsAhAYASAMAKAIADABAB
3139102,CNCPCgBjBVAqApBIAsAhAoASARAHATAKACACAACjCYCdBhBPBHAuBAAtAhAcAWAiAMAIAIAGABAD
3139201,CjCmCMB4BQA1AyAqAnAeAcASARAKAKADADABABCrCZCQB8BbBEA3AvAqAgAeASATAJAKACAFABAC
3139300,C1CsB9B2BNBAA1AxAlAiAbAXANAMAGACABAAACCyCkCBB3BdA+A0A5AhAhAbASAOALAFACACACAB
3139409,CWCUCJB4BSA7A5A0AxAlAdAdAbANALAEADABABCTCKCEB7BXBBA7A3AuAiAfAVAXAOAHAFACAAAA
3139508,CSCbCGB8BGA2AvA6AzAoAqAaAXANAJAGACABAACLCOCNBzBKBBA9A5A2AnAjAUAWANAKAEAEACAC
3139607,CpCUCSB1BSA8AzAwAuAlAfAZARAJAGADACAAAAClCWCKCEBaA/AzA7ApAjAZAUANAGAGADACAAAB
3139706,CwCQB6B5BUBDBBA9AtAqAjAYAeAEAHAIAAACACCYCOCGBUBVBIA4AzAnAZAlAOAcAPASAHADAAAA
3139805,CACICTB1BSA7AuAzA3AoAjAkAVAWAMAEADABABCMCPCIB/BKA5A3A0AvAlAsAXASAQAMAHAHADAF
3139904,CnCYCVB2BUBGA3AuAmAmAcAdAQAJALAFACACABCiChCJBxBGBCA1AtAqAkAdAVANALAMAIACAAAC
3140001,CYCeCEBuBQA7A3AsAuAjAfAhARAPAJAFAEAAABCaCQB8B1BVBCA8AyAwApAiAfAXAOAIAIAGABAB
3140100,CsChCcBxA6AvAoA4A3ArAfAUAQAGAOAAACAAADClCkCUBvBVBDAuA7A1AXAiASAJAMAHAAADAAAB
3140209,CACFCGCKBPA4BZA1A+AaAcAZAZAiAKAGAAAAAACFCfB7BfBZBYAfAzBAAiANAmATAYADAHAGAAAA
3140308,CbCfCcBvBJBDAvA/A2AsAfAaAVAHAJACADABAACSCeB6CBBSA4AxA1AkAwAbAXATALAJABAAADAA
3140407,CdCgCOB3A4BeA3AkAyArAbAMAMARAEAHAAAAAAC3C9CHBpBdBbAaA+AjAXAfAMAKAMAAAAAAACAA
3140506,CjCdCfB4BKBCA1AzAwAcAXAXAVAOAHAEACACAAChChCPBzBSAyAtA5AvAmAaAWALALAGADAEABAB
3140605,CcCqBtBpAvA5BEAnAoAbAeANAdARAJAFADABAACyCPCUByBSA3BJA3AzAoAiAjAgARAJAHACACAA
3140704,CSClCEBqBaA/A6A1AuAuAiAhAVALALACACADAACQCaCGBqBQBFA9AxAoAiAeAaARAOAKAFAFABAB
3140803,CFCSCBB4BdBFA3ArA2ArAgAmAWAOAJAHABAAAACKCGCNB3BWA6A6AsA1ArAjAVAXALAPAHADADAB
3140902,CkCXCGCHBOAxAtAxAtAjAdAlAYAOAJACACACABCjCSCNCCBPA7AzA0ApAcAhAdANAOAKAAAEABAB
3141009,CyCkCMBjBXA/AzAvAoAeAbAWASAMADAFADABABC+CYCAB8BfA8A2A0ArAcAYAQARAIAIAFADABAA
3141108,CZCZCABqBMA9A+BCAxAdAdARATATAGAGABACABCiCYCBB2BNBFA9A0AwAfAfAcAWAMANAKADAAAB
3141207,CSCeCOB8BUBRBAArAjAeAdAYAWANAKACACAAAACYCWCJB5BVBFAsBFAoAcAhAUAPAOAIAHAAACAA
3141306,C2CGClB0BEA0A9BFA0AfATAKAdASAFAFAFACADCWCrBpBMBRBIBIBDAwAMAhAVAdAZANADAAAAAA
3141405,CqCaCPB3BNA4A4AxAoAkAhAZAVAIAJABADAAABCmCSCLCEBaA/A6A4AmAaAcAOAOAJAIADAHABAC
3141504,C+CoCEB7BUA0AqAyArAeAnAZAPAOAEAEAEAAABC4CkCVBxBRA9AzAtAhAbAbAPAMAMAEACABABAB
3141603,CMCYCLBxBIA0A2A0A1AoAjAgAmARARAEAEABAACLCNCEBuBYAxAwAyAvAoAyAUAcARARAEAEAAAB
3141702,CnCNCFB2BQA2A3AwAyAnAoAVAWAMAHAEACABABCiCYCNB1BNBBA2A8AxAhAcASATAJAJAGADACAB
3141801,ChCrCdBhBNAyAuAuAqAYAbANAUAGAIAEACAAACCiCoCPCBBSBQA8A2AxAbAcAXAWAJAIABABABAC
3141900,CKC4ChCEBNA+A5AnA/AaAYAhARAGAHAGAAAAAACgCbCNBqBEA+A8AyAwAhAZAPARAHAJADAFAAAA
3142007,CyCcCACBBMBLAxAtAtAjAaAYAQALADAGABABABCuCmCBBqBWBJA5AuAlAhAdAUAUAJAGADABACAB
3142106,CcCMCKCHBHA9A1AoA4AlAhAkANASALAGACAAAACRCWCPB5BIA6A5A1AiArAcAaAgAKALACAJAAAC
3142205,CICGCUCBBTA9A3AwAxAfAfAYAWAXAOAFAEACABCQB8CKCFBYBAA4AyAvAgAkAaAYAMAQAFACABAB
3142304,CQCICWBvBCArA7A2AoAuAqAhAfAYAJABACAGAAB2CcCKB1BlA2A3AqAzAfAsAkAcARAHAFADABAA
3142403,CmCYCCCLBCA9A6A+A1AkAYAQANAKAHAEAAACAACTCXCVB/BaBKA3A4AiAhAaASAUALADAEAAADAA
3142502,CeDCCDCEA+A6A3A3BAAZAcAWANARAFAAAAABAAC/CcByBvBQBBAxA3AtAiANAVATAIAKADABACAA
3142601,CNCbCQCNBXBCAqA6AyAhApAcAXAGAJADACAAAAB3CPCfB3BnA8A0A1AwAnAXAJAMAQAKACAEAAAA
3142700,DECoCEBwBOBIA5ApApAfAWASAQAIAEADACAAABCvCsCKByBbBMA0AwAhAeAYANAOAIAEADABABAC
3142809,CDCOB/BsBcBRBFBAA1AuAqAhAZARAIAGADABAAB+CJB+BmBQBGA8A5AwAoAkATASAKAGAHACACAE
3142908,CxCsCHByBRBAA4AmApAfAfAVAPAJAIADAEABABC4CmCHBxBcBBAyAvApAaAaAOANAHAHADAEABAC
3143005,CdCPCUBzBOA/A2A8AqAsAcAdAZAYAMAIABABABCVCJCEBiBfAyA1AyAqAoAgAZAjAOAIAEACACAB
3143104,CTCYCOBtBaA+A9AsA4AiAaAWARAOAIACACABAACPCTCDCEBZBCBAA4A3AjAbAYARALAFADAEABAB
3143203,CNCHCCBtBZBCBEAyA0AxAiAfAaATANAEADABABCIB/B/BuBYBCA7A6AyAkAgAbAZATALAEADABAC
3143302,CfCWCEBvBcBCA5AvAqAgAcASAPAIAFABABAAAACYCVCMCTBqBIA4A1AoAgAcAUAPAKAGADACABAC
3143401,CVCICZBxBUA6A2BDA4AtAhAgAdASAJAIAEADABCACVB5BsBKBCA3A5AyAlAdAbAXAIAKAEACABAA
3143500,CjCZCKCNBeBNA9AuAiAkAVAXAKAIAIABABAAAACeCQCGCCBVBEA0A/AtAeASAOAOANAJAGABABAB
3143609,B+CxCFCJBVBbAzA9BDApAXAcARAEAEACACAAAACuCQCHBaBIAnA7A/AsAfAhAhAQAFAIAAAFAAAA
3143708,B/CWCJBwBDBLApA1AyApAkAVALAPAQAGAGADAAB7CJCGCBBQBIAwAmA7ArArAnARAXAQADASAFAF
3143807,B6CeCNB6BqA1A0A/A0AdAiAfAQAQAEAIAEACAACMCdCFCPBKBDAtA2AnAsAgASANAKAIAEADAAAC
3143906,CKCGCJBwBRA8A5A0AvAjAgAfAaAUAMAHAEABABCGCGCACDBeBEA4A7AwApAjAdAWARAJAFAEACAA
3144003,CmCcCSB6BaBAA1A0ArAkAdAWAOAJAKAFACABABCiCTCLB+BZBBA0A0AnAcAZARARAGAGAGACABAC
3144102,CCCJCIB4BfA5ArA1AuArAiAbAbAXAMAGADABABB7CMCXCABRA7A7A0AzAnAiAeAUAWAHADAEABAA
3144201,C2CjB4BoBUA6AwA9AiAjAgAXASAJALADACAAADCyCjChB0BSA3AtAyAlAjAfARAOAPAHAAACACAA
3144300,CmCdCOBvBPA7A/ArAuAfAZASASAHAHADACAAAACeCZCRCLBjBKA9AyAoAcAaATAOAIAFADACABAC
3144409,CRCXCVB0BVAzA6BGAnAvAkAVAMAJAUAIAEADABCMCBCLBmBRBEA3A5A1AgAdAbATAWAIAIAEACAA
3144508,ClCKCWBkBKA4AsBHApAjApAqAjARAHAFADAAAACECfB0BVBHBEA/A0AqAvAsAnAOATALAFAGABAA
3144607,CGCFCSB5BUA8A2AwA2AyAiAaAVASALAIADAAABCNCGCKCABRA6A7A1AvAqAjAfARAMALAEADABAB
3144706,CCCiCQBvBZBAA2A0AtAcAcAYAQAMAHAJACAAAACKCUCZB5BhBJBAAzAwAhAbAWARAOAJAFADABAA
3144805,CGCGCHBpBbBIA9AyAuAjAkAfAWANAHAEABAAAACDCRCIBvBdBNA/A1AuApAiAfAXARAJAFADABAB
3144904,DMCgCFB7BGA7A0A1AkAcAgARAQAQALAEABABABC4CnCBBwBcBDA9AuAjAaAVANALAJAFADACABAA
3145000,CZCVCDCABdBLA9A+AkAvAjAVAXAQADADAGAAAACNCGCBBhBTBKA/A6AcAmApATATANAIAGAEABAA
3145109,CNB9CIB0BYBCA+AtA3AnAkAWAeAMARADADAAAACECaCLB2BNA7A+AuA0AkAqAZAXAPAKAGAEAAAC
3145208,CPCSB1CNBrBBAyA6AuAsAkAbAbAJAFACAAABAACNCdCHBgBVA4A/AzAoAoArAXAQALAKAGABABAB
3145307,CfCiCPBuBUA4A0AxArAfAcAWAPAKAGACABAAABCoCiCNB8BfBFA2A0AmAgAeASASANAGACADAAAC
3145406,CbCuCOCUBWA4A/AxAWAxAaAcATANAbAAAHAAAACUCHB5B0BIBFA/AhAnAgAVAhAKAMASAJADAAAA
3145505,C9CbCQBhBbBTA3AqAbAqAqAiAeAPAAAAAAAAAACyCNCYBvBRAmAsAkASASAsAlAYANAIAAAAAGAG
3145604,CKCXCMBxBLA4A2AyAvAkAmAZAWAMAKADADAAABCGCTCSB5BQBFA6A4AxAtAiAdAUARAKAFAEABAA
3145703,CJCKCGCpBFBKAvAfA6AVAiARAvARASAAAIAFAACHCbBwBiB8A6ApArAwAfAbAcAWAeAOAGAFAAAA
3145802,B2CjCiB6BJA1AjAoBAAtAjAhAkATALAGAAAAAACbB7CnByBJBEAqAuA2AhAjAkAOAKAJAAAFAAAA
3145901,CICmCAB4BkBFA3AvAsAjAcAcAZASAMAAABABABCkB/B+B2BbA8A5A5AwAcAkAaAWAIANADADAAAA
3146008,B6CACAB1BSBAA3AzAzAtAiAfAgAWASAHADAAABB2CGB/B4BXBFA8A1A1ApAmAjAeATAMAGADAAAD
3146107,CSCRB3BvBhBPBCA2ApAoAgAXAQALAIAEADABABCYCKCABsBeBIA+AzArAnAiAbAVAPAKAFAEABAB
3146206,CwCgCHCABGA9AyAvAoAiAoARAPAIAIACABABAACtCeCTB+BWBCA/AvAkAYAYASANAIAKACACABAC
3146305,CmCMCIBuBNBAA+AvAxAgAeATASAJAEADAEABABCwCFCSCJBkBKBBAyAsAeAWAQAOAGAIAEADAAAA
3146404,CrCzCeB3BZBEA5AsAuAZAZAVASADAFAAAFAAAACxCPCAB0BXBTAxAqAhAkAgASALAJACAAAAABAA
3146503,CcCkCWBwBNA7A2A5AtAqAfAaARAKAHAEACAAABCdCaCBB1BDBEA/A7AqAeAiASAaAMAFAFADAAAA
3146602,B8CCBoB7BgBLA0A2A2AwAyAUAqAPAVAAAEAAAABmCQCMBwBUBAA7BNA2AjAbAjAXARALAFAAAAAA
3146701,B+CoCXB5BQArA8A8AuAhAkAhAgAJAPAFACAAABCQCWB8BzBUA2A/AwAqAtAUAbAWASAKAHADAAAD
3146909,CdCgCYBmBqA0AwAyAxAjAlAPAIALAMAHACACAACaCrCFBwBTA7BAAzA3AXAbAPAQAMAKAFABACAC
3147006,CaCjCLB5BWA/A5AuAuAiAjAXARAJAGACACABAACcCfCFCABTA9AyAyAqAhAfAWATAOAHAEADABAB
3147105,CHCRCZBpBMA7A5AwAvAkAhAaAVANAIAEADABAACECTCJB6BWBOA8A3AtAtAkAcASAPAMAGAEABAB
3147204,CFCVCSB4BYAzA8AxApAlAxAcATAQAKAJAFABABCNCQCJBoBZA/A5ArAuAoAkAbAXARAJAHAGACAB
3147303,COCHCSBqBXA4A9ArA0AiAlAfAaASALAIAEAAAACJCQB8B6BMBFA5A8AxAmAqAaAZARAFAHACABAB
3147402,CiCeB5BsBeBFAzA2A4AkAgAVARAEAFACABABAACQCYCTB2BlA+A9AzA6AsAcAPAJAKAHACAAABAA
3147501,CfCQB7CBBPA0BUA4AZATAjATAXAQARAAAFADAACQBqCDBoBKBZA3AiAsAjAuAhAkApAMAJAVAAAA
3147600,CYCFCFBvBOBAA0AwA0AmAmAfAXARAHAHABABAACGCTCQB0BaBCA2AzAyAxAfAeAUANALAGABACAB
3147709,CVCNCQBuBgBEAyA3ApAtAeAfAaAQAKADACACAACRCAB6B+BdA+AyA4AnAnAhAhAbANAIAFABACAA
3147808,C2CfCaBaBbBCA/A0AwAmAmAQAWAPAJAAACABACCSCdB/BaBTBHArAmA3AmAUAVAgAIAOADACAEAC
3147907,CICQCLBxBiA/A6A4AwAoAfAcAWANALAEACABAACHCMCHB4BcBAA7A3AvAqAhAYARANAIAFAEABAA
3148004,CeCdCPB1BXA7A3AyAqAhAdAYANAIAFADABAAABCSCdCSB7BbBFA6A1AoAnAeAWAOAKAIAEADABAB
3148103,COCWCEB2BXA+A8A1AqAkAfAZAQALAHAGACABAACNCTCRB7BdBEA2A7AvAoAkAZANAPAJADACABAB
3148202,CECOCcBqBGBDAsAxA2AiAtAdAfAZANAEAEAAACB/CHBzB0BeBHAmBCArAiAhAwAXAUANAJAIAAAC
3148301,CWCpCPCBBAAvAtA0AxAgApAfAZAJAGAGACAAABCaCeCcBhBAA2A7AwAwAwAiAZAWARAIADABACAC
3148400,CiCeCUBdAwAxAnAoAjApAdAcAZARAQAJAAAAAACyCUB+B/BcAyA4A+AxAwAlAhAUASAOABAFAAAB
3148509,CeCtCTByBMA8A3A2AmAgAgAUAPAJAGAEABAAABCqCbCVCHBVBGA7AxAkAdAXAMAOAEAFAEABABAC
3148608,CkCSCDB3BBA5A2A0AuAjAdAaATAMAHAEACABAAC2CMCIByBZA/A+A6AsAiAfAVAYAMAJAGACABAC
3148707,CuCeCCByBPA7AyAtApAgAcAVANALAIACADAAABCjCpCTCEBcA/A8AzAuAeAaANAPAJAGADACABAB
3148806,CeCWCfBvBRBOAyAkAzAeAbAfAdAIAJAFAEAFAACUCYCNB0BbA+AqAwAiAlAnAQAUANAHAJAAAAAA
3148905,ChCTB7B0BeA5BLA5AsAwAlAdAbAIAFADAAAAAACJCOCJBwBTBKApBHAvAjAdAPAQANAHAIAAAAAC
3149002,CXCuBfCICEBEAoAgAuAhAbANAhANAWAAAAAAAADFClBvBRBPA9AqBDA4AcAXAuAUAIAAAAAAAAAA
3149101,CaCcCECEBbBDAoA4A0AkAbAeARAMAHADABACABCsCRCbBnBXA5A0AzAxAcAgARAOAJAJADADABAA
3149200,CSB6B3B3BqBOBDBCAnAxAcARAgAOALACAGAAAACWCEB8BpBLBXA8AuArAkAZAoAXANAFAGACACAD
3149309,CDCQCAB0BZBFAzA0AwAoAiAYAUAMAJADACAAAACOCUCGB6BiA+A6A5AyAqAfAaAVAPALAFADAAAC
3149408,DHB3CUBsBXAyBFAwA/AmAWAWAoAYAAAIAAAAAACfClBxCEA8BPA1AyAhAkAgAUAQAJAAAAAAAAAA
3149507,B/CjCJB3BSAmBDA0AsAqAfAqAaAYAOAIAFAAAABtCACTCJA4BAA3A4A9AVA6AOAYAOARAFAGAFAA
3149606,CZCgCTBoBHAgBBA6AtA3AyAYAdATAIAJACACAAB5CoCKBsBTA1A1A3AiAiAoALAmANAMAFACAAAA
3149705,CdCXCOBeBOBBA8A7A0AfAfAkAWAMAHAMADAAAACWCHBrCGBjBAAzAzAoAeAvAmASADANACADAEAA
3149804,CnCfCCB3BgBKBAA8ApAlAmAUARAPAFACAAACABCWCdCBBsBTBAA5AuAqAoAXAYAOAHAFAEAAABAB
3149903,CDCJCKBxBWA1A5A5AyAgAqAlAVAMAKAHADADABCOCCCVB1BZA2A1A0AuAsArAjARAMAQAGACABAC
3150000,C+CpCEBvA+A3AzAzAnAhAjARAKADAEAJADABAAC6CqChBoBUBBAzAzAsAgAWAZAJAEAKACAAACAB
3150109,CbCYCKBsBUBFAzA5A2AxAgAdAaAQANAEACAAACCSCACcBfA7BBA2A3AmAjAiAhAVARAMAFADACAC
3150208,C0CFCHBZBbA/BDAmAdA4AkAlAbAQAFAFAAACAACkCDCBB3BaA9A0ApAyAiArAWAYAUAFAEAEAAAA
3150307,COCPCeBkBVBHA1AnApAnAsARAaATAIAEAAAEAACIChB+COBOBPAtAqA6AcAiAaAYAHAMAAABACAD
3150406,CECSB3CDBYA3A7A9AoApAwAfAZAHAHAEAHAAAACaB+CGB9BfAuArA6AsA5AaAeAYAZAFAGAAAAAB
3150505,CgCnB/CDBGBFBFAnAhAyAWAWAbAJAGAEAGAAAACtCfCJBjA8BDA3AyAaA2AWAgAWAPAHAAAFADAC
3150604,CeCWCDBuBYBAA0A5AwAsAqAXAVAOAJADACABABCTCQCIBeBIBBBFAzAzArAaAWAaAPAOAGABABAA
3150703,BkCZCNBkBeBlA6AvA9AlAZAvAQAdAKAQAAAAAABpBrCDBTCDA/BEBBAvAWAeAaAsARANAKAAAAAA
3150802,ChCHCQB0BMA3AuAqAzAqAnAdAYAOAGAGADABAACXCFCGB5BbA1AwA8AuAjAqAcAcASAMADACABAB
3150901,CRCSCeBnBfA5A1AqAuA0AuAeAQAFAJAEACACAACGCVChB9BVAyAkA0BFAjAhAYALANAKAAACABAA
3151008,CdCfCXBiBOA2AxA+AqAoAgAfAZASAGAEAFABAACVClCJB6BRAiA0AzAnAsAjAgAPAOAGADAFACAA
3151107,CHCNCMBwBfA2AtAqAqA7ArAlAPARAMAGACAAAACMCHCLBxBUBIA8AoAoAoAlAdAZATAMAHAHACAA
3151206,CPCdCMBuBEAuAoAtArAnAgAWAXALAHADACABABCWCcCUCPBfA3A2A4AxAnAmAaAXAMALAHAEACAA
3151305,CTCiCdBwBSBCAsA4A8AkAnAUAVASAHAGADABAACFCVCAB0BgAwA8AvAzAjAZAVAVAQAJAEABAAAC
3151404,CQCRB4B3BHA7A3AtAtAlAeAdAUASAIAGADABABCOCgCJB2BWA8AyA5AyApApAfAaATAKAFADAFAD
3151503,BvCVCSB8BdA2AwA5AmAwAhAeAWAMANADADAAAABtCHCVCKBbBCAzA9AxAsAnAXAXAPALAFAFAAAB
3151602,CTCBBwBrDBB+BfBEBHArAZAQANAIAFAFABABAACTB2BjBhBbBOAwAqAkAaAXALAHAEAFABABAAAA
3151701,CRCTCIB1BgA9A2A6ArAtAgAZAZAOANAGACADACCKCcCEB4BZA2A4AzA0AkAeAVAQALAIAEABAAAB
3151800,B2B/B+BpBjBHBAA9A0ArAlAcAYARAKAGADABABB4B4B7BxBiBNBFA9A3AsAmAfAVAPAMAGADABAB
3151909,CiCZCgBxBVA+A4AuAwAgAdAVAUAOAJAEABABACCrCHCGCEBeA3A0AxAnAZAeAUASAKAHADACABAC
3152006,CeCZCLBzBSBEA8A5AzAiAdAWARALAIADABABAACUCiCMBuBTBBA5A6AmAdAnAXANAIAHAEAEACAA
3152105,CHCRCKCABMAwAwAtAuAiAmAhAXAMALAEADACAACDCNCRCBBfA7A7A4A0AqAkAdATAPAKAEAGABAC
3152204,C1ChCOByBUA/A4AuAlAgAdAYAPAKAHAEADABABCqCcCNB3BQBFA2AuAmAhAdAPAOAJAIADACABAC
3152303,CjCnCkBnBGAsApAyAzAmAaAdAXARAHADACAAABChCrCIBvBNA5AyA/AxAeAgAOAVAOAIADABACAA
3152402,CnCVCSB3BNAuAzAzAsAeAfAXAYAKAKACADABACCaCnCRB4BQBFA3A2AuAlAhANAQAMAIAAAEABAA
3152501,CACNCDCLBiA7A0A1AyAiAhAaAYANAMAEAEAAABB4CGCGB8BYBFA8A3A1AlAeAdAVAQAKAGAEACAB
3152600,CMCqCMB7BLAyA7AzAyAoAiAZAVASAIAKADAAABCUCWCCBzBNA5A2A8AxAkAXAZAjAHAIACADABAA
3152709,CWCSB/BrBWBEA4AuArAcAuAvAZANALADABACAACMCYB6BvBhA5AzAwA0AkAmAjATASAIAIADAAAB
3152808,CZCOCFB9BqBJA1A6A0AsAjAUAUAPAIAFACACABCJCOB+B2BUBKA1A2AwAiAYAVASAIAFAGACABAA
3152907,CTCVCLByBXBAA+A+AzAtAfAdAPAMAGADADABAACTCaCCBrBNBGBAA6AzAfAfAXARAIAFADADAAAC
3153004,B9CgCTBjBeBVAxBGAzAqAjAiAOANASAFACACACCACXB5B1AvA/BBBOA0AdAZAPASATALAGAFAAAD
3153103,C2CdCSB1ArA1AxA1AmAiAoAcATANALAEADABABCfCmCeBXBDA+A+A5AyAhAgAUAYAOAIAEACABAD
3153202,CmCfCWBpBLBKA6AyAtAlAcAXAbAKAGABAEABABCtCcCSBgA/BIA4AzAqAcAaARAXAIAOACAHABAB
3153301,CoB+CYBoBGAnBIAmAkAdAgAXAgALAGADAGADAAC1CJCJCGBcBTAnAqAmAhAnAcARAbAJAIADADAD
3153400,CtCnCTB2BcBPA5A2AtAmAeAUAMAJADACABAAABCmCaCDBxBSBFA0AvAnAfAZAOAJAIAFADACABAB
3153509,CHCYCXCEBKApApA5A2AoAhApAaARAMAFABAAADCHCPCTBwBLAnA8A/ApAxAoAdARANAJAIADADAB
3153608,CyCcCWB3BUBIAtAtAsAkAiAbAQAWAHACACAAAACbCxCGBoBIBBA6AuAgAgAfARAMAMAHAEAAACAA
3153707,CZCWCCB9BqA3BGApAtAxAbAjAbAKAEACAAADAACkCPCGBsBGBBAyA5AmAnAZAUAWAHALAIAEACAC
3153806,CfCYCdBkBEBhAsAqA0AdAvAeAJAnAPAAADADAAB7CEBzCFBSAvArAwA0ApAqArAPARADAFADADAH
3153905,CYCQCLBuBSBJAwA3AvAgAoAVAJAHAFABABABAACRCcCSB7BnBBA6ApA5AjAgAYAXAMAGACAEACAC
3154002,CeCaCTB4BSAwAvA0AuAnAjAaAXAMAKAGABABAACWCXCRB4BZA1A4AvAuAnAfAWAQAKAIAFADABAC
3154101,B+CWCSB0BMA1A3A2A2ArArAgAPAOALAEADABABB3CcCJB7BSBBAtA7A2AjAjAYAbAQAMAIAEABAA
3154200,CVCcCWB0BHA0A4A4A4AiAYAdAVASAKAIAHAAAACMCRCABsBMBAA4AyAzAlAmAgAWAOANAHAGACAA
3154309,CZCnCUB8BPA3AvA1AuAjAeAcATANAJADABABAACWCQCRB9BZA/A+ArAqAkAYAXAPAKAJAFACAAAB
3154408,CcCfCDBsBcBJA5AqAxAjAhAbAZAMAIAGACABAACVCaB4CDBdA+A4AwAjAcAoAZAYAFAKADAAAAAC
3154507,CrCqCJByBiA9A0AqAkAhAbASATALAKADAEACACC3COCDB7BUBBA4AqAtAYAbAQAVANAJADAEABAB
3154606,CTCQCABfBrBsBeBMBCAmAaAeAaANAHACACABAACeB9CFBvBGA6AsAlAqAcAXAUAWALADACACABAB
3154705,BqCaCQCFBNArAcA8AhA6ArAnAYAUAIAKACADAABcChCXBzBDA9BBA3BAAcAyAhAWAcACAKAHAFAC
3154804,B3CwB/CABIBAAyAsAgAcArAuAcAbAJAHADADAACTCHCTBkBKA5A5A1AsArAkAuAQAQAJAIAFACAA
3154903,CiCWCWB2BPA0AtAxA3AkAhAdATANAHAFADABAACgCZCOBxBZA0AvA4AqAmAhAYAQAKAJAFADADAA
3155009,CZCSCdB7BSBMAsAbAiAlAYAoARANAKAFACAAAACpB2CECVBUBIAlAzAgAzAcAcAPAbAMADAIACAA
3155108,C4CjCPBsBNBEA5AuAuAYAZATARAKAIACACAAABCyC6CEB2BYA9A3A0AmAZATARAKAHAFAEACAAAD
3155207,CYCdCEBqBKBAA0A3AoAhAaAbAkAYAPAGACAAABCPCXCFBbBUBAA8AxApAmAtAWAjAQAOAFAFACAB
3155306,CjCFB9BlBXBCBCA1A/AuAwAbAQANAQACAAAAAACGCHB8ByBVA6A4AuAvA0AeAiAZAMAOADAAACAC
3155405,CPCVB7B6BNA6A0AxA4AmAeAkAkAQAMALAEABAACNCUCIBiBPAzAvAzA4AmAZAhAgAZAOAFAEADAD
3155504,CRCXB9BzBGBUA/A1A2AqAcAjARAPANABABABABCJCOCCBoBRBQA/A4ArAtAjAbAPAQAFAFACAAAA
3155603,CmCUCEBsBXBEAyArAiAbAdAXAWAQAJADAEABABCjCYCEB2BiBKBCArAkAlAgAVAWAOAKADAFABAB
3155702,CZCYCMBqBPBCA1AzAtAgAlAYAUAPAIAEADAAAACfCgCLBsBWBEA1AwAwAiAcAbATAOAIAGACACAB
3155801,CTCQCIB0BGA1AzA3A3AlAiAdAYAUANAHAEAAABCFCSCTBpBWA6AvA4A0AlAoAaAUAXAPAGADABAB
3155900,CgCYCRBhBbA9AwAuA3AhAXAhAVAWASAHAGABABCMCgCRBiBNA/A9AoAsApAVAZAaANAKAJABAEAA
3156007,CxCfCMBhBBAqAtAuApAmAgAYATAJAHADADABABCsChCXBzBMBBA4A0AwApAjATAVAQAIAJADACAC
3156106,CqCTCUBTA5A6BBA6AvAyAlAcAVALAMALAAAAAACbCmB9BuBEBGA3AxA7AbAoAVAPARANAFAFAAAA
3156205,CRCcCfB3B0BAAvAwAkAkArAUASAXAmAHADAAAACHCpBsBCBMA5BPAwAjAiAXASAbADAWAMADAEAD
3156304,ClCTCUBtBfA/BAAkAvArAcAtAVATAEAAAAAAACCPCjB9BwBEBLA5AhAhAhAhAiAYAOAGAEAAAAAE
3156403,CeCVCLCIBTBNA5A6A1ATAmAUAHADAMAKAJAAAACjCUC0BcBBBAAqBOAXAnAPASAOAOAGAGADAAAA
3156502,DCCaCOBsBIA7A5AoAlAdAeAWATAPAGADADABABC3ChCEByBUBKA8AnAkAeAWAXAMAOAKAGADABAF
3156601,CvCvCNBrBQA6A/AvAxAbAVAJATAJAIACADAAAAC1CmCWB3BQBGA2A2AqAVAZAKAQAGAHAEADABAB
3156700,CaCdCFBnBTBABBA0AvAlAcAWAPAJAGADABAAABCaCeCEBvBYBHBCA4AvAmAcAZAQAMAIAFABABAC
3156809,CWCVCTBpBMBKAvArAwAhAdAVAZAWAIAEABAAACCiCNCHBwBaBCA2A1AtAkAiAbAZAQALADADACAB
3156908,CeCXCHBsBNBNBGA4AtAkAcAcAVAJAGAGACAAAACTCSB8B4BiBDA/A0AnAgAgAVASANAIAFABABAA
3157005,CuChCHByBMA7A2ApAjAiAdAVAQAMAIADACABABCtCbCPB6BdBEA4AvAmAfAdARAQAKAMAFADABAB
3157104,C1CvCQB2BcBDA5AtAhAeAbAUAMAJAFADACABAACtCYCYB4BWBBAqA0AhAgASAPANAGAEAEAFAAAC
3157203,CdCfB7BuBSA/A9AsAxAiAjAbAZANAIADADAAAACXCKCDBnBaBEA6A0AyAgAjAdAUAUAMAGAEABAC
3157302,ClCMBqCOBTBDAyAzArAiAqAoAaAWAKAEACAAAACaCLB9B3BLA2A2A7AuAlAgAeAOATADAGAGAAAC
3157401,CxCPCKCOBJA4AzAqAmAjAnAjAdARAIABADAAAACXCPCZBuBVA3A4AqAlAmAmAbARAIAGADADABAD
3157500,B9CyB4B3BTBMA/AqAsAcAaAaAfAHAJAAAEAAAACyB6B+CHBsBHA5AvA2AYAdAcANAHAEACAJAAAD
3157609,CjC5B+ByBPA+A/A7AmAsAlAUASAIAOADACAAAACaCiB8BlBPBNA7AuAsAgAcANAUAKAGAFADAAAA
3157708,CGCiCUBzBOBJA5BCAtAdAgAhAXAKAIABADAAABCNCNCJBjBYBDBBA3AfAnAoAZAUALAJAJACABAC
3157807,CmCkCHBdBUBHBAA6AqAgAZAaASAKAIACABABABCxCfB9BgBWBJA/AxApAhAYAZAQAMAMAGACABAB
3157906,CkCdCYBuBEA5AwA5AqAmAmAXAVASAFABACAAABCdCgCZBwBOA/AvA4AhAsAcAaATAIAHACABABAA
3158003,CaCUCMB/BDAxAxAoAxApAfAfAXAMAMAGAEAAAACeCHB+CGBQA2A9A2AqApAqAWAbAQALAHAEADAB
3158102,DBCcCXBvBQA9AmAoAxAoAbARAPAHAGAEABAAABCmCvCRCGBZAwAxA5AtAjAUAJAIADAKABAAAFAD
3158201,CzCaCMByBUA8A2AuAnAeAdAVATAGAJADAEAAAACrCXCHCCBbA5A1A4AqAfAaARASAOAGAGADABAC
3158300,CcCgCfBxBkA7A6AwA1AlArASARAbAGAGAAAAAACJCUCZBrBGAvBCAwAoAoAeAWAPAIAGACACAAAD
3158409,CrCLCxBVBdBDBFA0A2AZAfAhAMAJAaAHAEAAAACyB0CQBPA3A7A/ArAlAUAiAeAgAaALAJAFAFAA
3158508,CkCUCFBrBZA+A7BGAqAiAcAeAVAMAIACADABAACdCVB9BrBgA2BDApAqAlAhAYAVALAIAIADACAB
3158607,CPCwBvCKBTA+BBA0AlAmAsAZAiAUAHAEAEAAAACgB0CHBjBpAyA/AtArAVAeAYAjAPAJADAEAAAA
3158706,CTCMCEB0BVBEAtAaAkA+AdAwAkAVAFAOAEAHAACXBnB8BrB+A9AhA9A0AgA4AdARALAFAIAEAAAA
3158805,B0CDCoBeBTA4A4AzArAjAhAgAjAJAWAHAIAAAFCUBkCJBuBEBHBGBJA4AZAfAeAfAUARAXACACAA
3158904,C7CaCJB9BZAyAwAyAtAgAkAgAVAOAGACADABABCfCXCbByBTA9AxArAgAmAVAbAOAMAGAEABAAAA
3159001,C7CKCTBoBQAxA8AvAhAoAlAbAeAPALAGAKAAABCXCKCTBuBCA+A1A7AgAvAYAYAbAKARACAEACAD
3159100,CoCPB+CDBIA9A4AsAkAiA2AVASAVAKAEADAAADCRCaBwBmBfBCAuAuA8AjApAZAdARANAFABACAA
3159209,CGCWCSB7BmBGAwA3A6AkAcAZAYAMAHAHACABAACKCbB8CABJBFA6A3A1AgAdAXAPAIAGACADAAAA
3159308,CICbB9BwBVA9BBAsA4AiApApAWALARARADADAAB5CMBjByBYA+BFA6A0AwAeAUATAVAVADABABAD
3159407,C8B/CPByBbBFAyAuAwAgAUAXAdAPAOAIAAAAABCtCECHB2BOBIA2A3AiAaAeARAQATAKAJADAAAA
3159506,CpCZCfB/BUA/A5AtAlA2AbAYAOAJAGAEACAAAAClCeCLB/BaAzAzA0AoAUAfAMAJAKAFAFABAAAB
3159605,CGCJCBCSBlBGAwAuAyAhAbAZAXATALAFACACADCECLCIB6BcA9A0A3AuAlAeAbAaAPAHAHAEACAB
3159704,CpChCQB4BfBCA4A5A1AeAXASARALAJADACAAACCoCjB+BtBhA/BBAzAkAeARAJASAHAFABAAAAAA
3159803,CqCnB+BwBfBUBPBBA2AjAbAUAQAIAGADACAAABCmCnB6BiBNBIAwA1AiAZAXARAKAJAFACACABAB
3159902,CNCYCOBuBQBDArAwAoAoAmAbASAPAKAGAEABAACICYCJB4BhA+A6A3AqAoApAYAYAMAKAEADAAAB
3160009,CKCKCZB/BjBBA5AtAtAqAnAaAVAPAPADABACAACHCcCMB1BXA6A5A2AVAdAgAiASARAFAGAFAAAB
3160108,DACHCCB5BSA4AoAsAsAnArAjAUAVAIAHAKAAAACYCTCKBfBWA9A3AmArAsAoAYAUAJAOACAEAAAD
3160207,CSCTB1BtBhA+A+AnAeAdAVAcAWAXAGACALACACCtCMB7B3ByAuBFAvAhAgAoAuAZAJAPAKACAAAC
3160306,C7CpCJBtBaBDA0AyAiAeAaAQAPAJAJABACABABC4CwCSBwBgBGAzAtAfAZASAOAKAHAEADACABAB
3160405,CFCUCUBwBVBBA7A4AsAqAiAiAPAOAIAEABAAAACBCaCCB4BaBGA+A0AtAoAlAXAPANAKADADABAA
3160504,CbChCvBQA3APAlA2AxAcAMAtAOARAUANAKAAAACOCgCSBvBNA7BQAwAUA8AoAaAiASAdALAAAAAA
3160603,CkCzCaBxBFBEA0AuA0AnAdAUAZARAHAAABAAAACfCdCRBzA8AwAtBDAyAjAXAWAOAIAIAEACABAC
3160702,CBCXCSBxBUA0AyAvAtAsAjAhAWAOAKAFACABAACACICGB/BdA/A2A3A3AsAkAbAZAOAMAHAEABAB
3160801,CMC5ChBuAgA4AzBHBCAYAfAUAcATALAEAEAAAADIChCDBEAuBIA2A7AiAfAoAcAcAYAFAFAAAAAA
3160900,CVCECCBkBhAmBIAzA1AuAgAoAqAPAEAAADAAAAB7CsB8BjBJBTA5A1AcAmAoAZAdAJAWAMAGAAAE
3161007,CPCYCXBrBOAxAwAtAwApAmAgAXASAMADAAABABCOCYCNB2BTA7A5ApA5AgAlAbAWAWALAFADABAB
3161106,CqClCQB0BVA9A3AvApAgAbAWASAMAGADABABAAClCoCKB5BYBDA2AyAlAcAYAUAPAIAGACACABAB
3161205,COCKB1CGBPBFAzA5AwAtAlAYAOASAMAIAEABAACTCKByB0BQBIBAA3AvAsAjAaAWAYAJAFADACAA
3161304,DFCQB9BtBeB0BOBBApAhAkAaASAOAEAAABAAAACUChCLBwBPA0A1AzAaAaAXAOALACACABAAAAAA
3161403,CjCIByCbBQBEBAAtArAtAeAhAZAVAIAEAJABABCUB1B4CNBPA9AuAxAnApAbAjAWANADADAEADAA
3161502,CHCTCLB6BOAuAqA3A0AnAqAeAXASANAGAGAAABCLCgCSBzBMAzApA9AvAuAnAZAXARAIAGAFABAC
3161601,DBCCCBCGBZAmBAA7AtAdAuAPAOAKACAFAGAAAACuCQCLB6BkA9A3AuArAfAYASAKANANAAACAAAA
3161700,CrCeB/B+BeBEA7A2A2AfAcAZATAJAFABACABABCxCcCEBvBOBBA1AvApAfARAXANAIAHAFABABAB
3161809,CBCTCCBnBPBDA5A9AtAcAkAbAlAZAMADAFACABCbCECJBcBZBOA7A0A3AYAvAgAfAJAKADABABAA
3161908,CgCJCWBhBQBAA7A0A0AkAdAfASAPAIAHAEAAAACWCSB/BxBgBBA7AwAvAnAaAVAXAWAIAJACABAB
3162005,CSCQCMB9BQBAA2AxAoAkAhAgAWAOAJAKADAAABCDCNCPB4BUBEA6AzAxAlAkAdAPALAMADAFABAB
3162104,CnCOCRB3BXA4A7AwAvAdAaAYATAMAIAFADACAACLCVCPB/BhA7A9A6ApAgAcATAUANAHACAFABAB
3162203,CXCACjB9BgA2A4AwAtAmAvAUAXAOAGAEAGAAAACVCAChB/BDA1A1AxAvAkAjAUATAMALADAEACAA
3162302,CFClCbB6CBBJAyAuA5AfApAYAUAKAGAAAAAAAACgChBnB3BIBFA2AtAuAhAtAJAPAEAEAAAAAAAA
3162401,CqC6CIB5BPBHA1AvAnAdAcASAPAIAGACACAAAACqCyCMB2BXA9AyAxAnAXAbAQAMAJAGACABABAB
3162500,CDCJCUB7BQAxA1AtAqAkAlAaAXAOAKAHAEABAAB4CLCMB0BgBDA5A6A6ApAoAgAZATAMAKAEABAB
3162609,C3CNCNB0BVA0A1A0ArAnAqAXASAFAGAFAAABAACoCUCFCNBMA3AvA+AsAdAfAWATAIAIABABAAAA
3162708,CfCkCGBvBSBDA1AsAkAhAhAWAQAHAHAGADABACCoCQCNB5BcBLA4AxAjAnAbARAXAJAJAIADABAC
3162807,C0CdCBB0BEA2AuAtAsAgAWAaAWALAHAFACAAABCuCRCMBvBYBGAwA6A1AfAjAZAUAOALAEACABAB
3162906,B9CMCIB3BJAwAvA1AyAtAjAfAbAWANAHAFACAAB6CNCUB6BWA0A6A0AzAuAiAfAXAWAWAHAGABAB
3163003,C7CXCGBuBwAxA3BDAvAhAbASANALABAAADABAACpCWCKB/BVA7BBAwA5AfAQAJATABAFABADAAAA
3163102,CmC2B0CDBuBBA1A2AwAzAOAkAbAKAIAHAGAAADC3BgBnB3B4A+AYAsAhAbA2AUAPAGAHADAAAAAA
3163201,B9CrCPCIBIA1BFAzA0A2AfAbAWAMACAAAHAAAACNCTCVBuBIA5BFAzAeA2AMATAWAYAJACACADAA
3163300,C4CuCTBnBSA1A9AyAzAcAVASAOAIADAEAAAAABC/CnCNBnBdA/A8AyAnAUAUAOATAGAJAAADAAAB
3163409,CQCnCaB8BNA2AgA9AtAsAjAZAgALAFADABACABCHChCWB+BIBDA3A2AsApAfASAPAHAGACABABAA
3163508,CcCcB+BxBQA2A5A3AoAZAZAXAZAVALADAEAAAAClCZCDCGBVBFA8AzAoAmAeATAWAKAHAFADACAC
3163607,DXCxCKBGBiAzA0AbAoAaAfAmAjARAQAEAAAEAACSCSB+CbBkA5AkApAoARAaAZAhACAAAHADAAAA
3163706,CDCICDBvBQAyAyA8ApAoAkAfAbAVAKAIADABABCFCKCLB7BVBEA/AwA5AoApAgAWAQAKAGAGADAC
3163805,CbCcCdCHA/A4A9AvAxAcArAZAZAKAJAGABAAAACPCUCUB1BCAwA2A2AsApAsAYAQAGANACACAAAC
3163904,B9CRCaBiBoA3A7BIApAwAxAaAKAQANAHADAAACBrCbB8CHBJBEA5A1AuAmAkAVAZASAKADACACAB
3164001,CbCdCOB8BJAzAqAyArAnAiAeAXAMAIAFAFAAAACjCOCfB3BSA0AyA6AxAoAXAZAPAOALAEABAAAD
3164100,CuCWB6BrBIA/A1A/AkAhAkARAUAQAIACAEAAABC1CPCNBuBcBGA2A1AoAhAhAZAWAJAKABAFAAAB
3164209,CkCsCNByBOA0A0AzAtAiAfAVATALAGAEABABAACvCxCOB1BSA6AyAzArAdAaASANALAGACADABAB
3164308,CkCEB8CABnBIA6A0A2AwAoAVANARAIAHACADACCFB7B1BxBZBBA7A2ApAzAlAOARATANACAGABAA
3164407,CdCNBtCBBgBTBBA1AnAvAvAjAXAHAKACAFAAAACcCXB5BPBVBEA9AuApApAfAVAXALAOADAAACAA
3164506,C4CcCOBrBFBEA6AsAwAfAeASAPAHAHAEABABAACxCdCSBjBQBOAzA3AsAgAdAQATAIAJAFAEAAAD
3164605,CTCNCNBxBTA2A7BBAyAjAjAbATAJAKADABAAAACnCbB3B1BPBBA1BCApAeAvAZATAIALACADAAAB
3164704,B7CEB/B+BSA+A3A7AyArAmAgAWAVALAHADABAAB6CGCFBwBYBCA9A9A3AqAkAeAYAPAMAHADAAAB
3164803,CjCLCSB3BoAyAeAhAfAmAYAyAcAUAEAEAAAAADCSCjBqCUBiA6A5AiAqAtAgAcAaAMAEAJAHAAAA
3164902,CECiB1BlCMBWAhAaAbAeArAXAbARAKAKAEAAAAC0B3BqCFBrBNAnAvAOA/A5AZARARADAGACAAAA
3165008,CYCcCQBkBPA9BBA4AwAeAgAcAYAPAKAGAEAAAACUCXCBBqBUBCA6AtA3AfAlAcAWAMALADAEAAAA
3165107,CRCDCRB1BqA4A7A6AoAqAmAfAQAUAFALADAEABCECFCBBmBcA/A6AxAyArAfAbAZALAIAHAEADAD
3165206,CdCLB+B/B7BWBABBAnA2AeAfAVAQAHADADAAAACtB2B0B0BPAyAxAyAkAnAfAMAOAMAGADACAAAB
3165305,CMCqCbCLBPA6AjA4AvAkAYAfAQANAIAIADAAAACQCYCICRBEBAAoAyAvAqAlAOARALAIAGAAACAB
3165404,CmCjCBCABTAyAwA3ArAhAsAdAkAWAKAAACACAACQCmChBrA8BGAtAnAqAjAaAYAQAMAEACAAAAAC
3165503,CDCvCJBtBaBCBGAtArAXAWAoAQAHAMACABAAAACPCrCFBuBXBXA/AqAkArAkARAMAMAIAGADAAAA
3165602,B7CkCYBjBXBAA2A0A6A6AsARAYATAGADAHADAAB+CgChB2BGAoA0BAAgA0AXAdAGARAMAAAEAAAA
3165701,CVC2CeBlBFAzAoA5A0AhAoAcAQAIAMABABACACCeCeCSBtBMA4A6AtBCAmAcAVAPAJAKADAAAAAA
3165800,B4C9B+CIBeBCA1A1AxAjAjApAoAPADAAAAAAAAB0ChCcBkBQAyBBA3AoASAcAmAYAGACAFAAAAAA
3165909,DLB6CLBpBXA8BHArAhAbAZAZAqAEAHAAAFACAACtCPBzB2BbBABDAqAmAiAnAfAWAKAHAFACACAA
3166006,CNCkCUBzBkA6ApA7AmAsAiAXANARANAIACACAACLCQCKBkBYAyA9BBA3AbAfAeAMAPARAAAGAAAA
3166105,CaCJCJBtBCBHAsA4AsAlAsAcAeAVALACADAAAACICSCWBzBDBIA7A0AtAcAiAeAXARARADAFACAD
3166204,CgCWCFBxBQA6A3AtAkAqAqAhAYAOAHAJAAAAABCWCUCIBqBpA0A0AwAtAoAlAbAZAPAHADACAAAB
3166303,C4CuCgB0A+AuAwAlAgAbAoAQAPAJAFAEADAAAADACNCeCBBJApA5A0AxAaApAPAVAPAHAFACAAAA
3166402,CFB0CWBNBvBMBJAsAVAxAXAZArAQAFAOAEAHAFCCDBB5ByBwA/AkAmAsAOApAvAJAJAVAFAKAAAA
3166501,CyCGCAB3BBA/AqAhApAcAgARAWAUATACAHACACDGB7B6CEBiAmA1BAAwAsAaAaARAbAWADADACAE
3166600,CyCPCCCEBRBOA1AvA4AqAiAQASAGAHAAAGAGAAB8CgCIB7BOBJAoAyAyAbAgAlAQALAGAGAAAAAA
3166709,CoCZCWBuBIA4ApAwAtAeAkAYAOALAHADACABAACQCdCjCBBjBAA1A4AoAfAcAUAPAFAKAGAEABAC
3166808,CzCYB4B/BVBABLAoAnAoAZAhAXAOAGAAABAAABCsCcBsBnBFBRBDAyAbArAiAZAQAIAJABAEAAAF
3166907,CECRB9B6BsA6A6A5AsAzApAjAQAKAMADAEADADCTCRCLBnBCAzA5A6AyAvAvAPAPAVAGAEABACAA
3167004,B/CqCdB1BSAxAsAlA8AmAqAdATAZAKANADADAAClCCB5BhBBBEApA7AiAfAtA3APATAVAGADAAAA
3167103,CUChCLBtBMAwAyAuAoAoAkAZAVAPAJAGAEABABCYCLCLCBBKBDA4AzAyAfAqAXAYASALAIAFADAD
3167202,CGCWCKBxBUA+A5AuAtAhAgAXARALAHAEACABABCICOCRCBBmBJBAA2AyApAhAZATANAIAEACABAB
3167301,DKCkCOBhBNBbAvA2AsAgAcAaAVANAcADACAAAACrCcBXBQBHArBOAoAcAuArAbAOAPATAEAHAAAA
3167400,CKCGCAB7BeA5AvA3AzAeAjAmAVAQAMAFACACACBxClCDCOBiA4A1AvArAmAaAkAUATAOADAFAAAC
3167509,CTCGB2CcBFA9ApAtBJArAVAqAWAXALAEACAAAACUCoCFBbBUAyA2BWAmAVAdAaAQAUAJAIAJAAAA
3167608,CrCdCJB0BWA0A1A1AnArAbAaAWANALADAEABAACpCcCGB3BQA+A6AtAoAcAaAZARAMAGAFADABAA
3167707,CrClCjBsBLA2A5AsAmAkAjAVAWAPAHADACAAABCsCaCFB/BLA0BBAvAkAfAXAaAVAKAHACABABAA
3167806,CFCXCuB5BABCAlAwArAnAZAdAbATAIAGACABACCDCOCPCABdAwA5A0A5AiAoAVAaAKAJAIAEAAAA
3167905,CyCCCaB4BWA3A9AyArAgAkAeAdAMASAFAHABAACMCXCIBwBDA0A4BBAfAdAWAlASAPAOAGABAAAA
3168002,C0CfCWBnBQAyAwAvAnAcAdAdAOAKAHADAGACABCwCbCMB6BaA+A7AzAnAWAhAXANALAKAFACABAD
3168101,CxB/CVB3BWBcAzA5AnA2AiAOAVAPAJAAAGAAAACgCTBaBoBcBFA+A2AgAnATAOAdAMAOACAGACAC
3168200,CmCHBxCNBPA+BQAyAsAqApAiAYAHAFACAAACAACLCRCPBpBcA6A4AmA0ArAeAYARANAGAHAEAAAA
3168309,CdCQCDB+BQBEApAmAvAxAiAdANASAHABAEAAAACNCdChB4BRA0AtA6AfApAgAiAQAPAMAHAEABAC
3168408,CqCpCVB1BHA5AyAtAtAlAaAaAUAIAJADADABABC2CbCKB/BTA2A0A0AsAgAWATAPAIAGACACABAA
3168507,CJCVCOB/A5AzAwAzAsAgAsAlAYAZAEAIACABADCJCDCPB7BPBAAwAxA1AoAoAlASARAOAJAGABAF
3168606,CeCbCMBtBQA4A1AyAsAiAeAWARAKAGADACABAACfCVCQCCBeBHA7A2AtAjAdATAQAKAGAEAEABAC
3168705,CiCwCHBoBXBCBIA4AtAhAVAMAMAEAEACACAAAACrCsCKByBWBOBDAzAmAdAVANALAHAGADACAAAB
3168804,CfCTCHBrBDA5A9A3A5AjAaAlAUAVAHAAACACAACiCOCYBXBRA7A3A2AtAfArAjANAUANAGAEABAA
3168903,CsCWCTBuBjA9A7AwAoAfAgAWAQALAJAFACABABCkCeCCB5BYA+A0ArAiAjAdAVATAMAFACAEABAC
3169000,CRCICGBuBcBAA4A/A6AvAhAkAbASAKAEADAAAAB/CPB+BwBVA6A4AvAzAaAkAeAXAQANAEAEACAB
3169109,CECJCOBeBrBHA4BDA3AlAsApAeAQAGAFAEAAAAB6CXB/B1BMBMAyApA3AiAmAbAPATADAEACACAA
3169208,CACBCTB2BIA0AtA2A9A3AaAkAiAMAMAFACABABCACICECMBKAxAwA9BHAcAfAmAWAVANAMADACAB
3169307,CHCPCDB9BZBBA5A4AuAmAlAdAWAPAJAEACABABCJCJCIB0BaBDA8A3AuAoAkAZATALAJAGACACAB
3169356,CpCdCMBoBNBfA8A8AmAqAkAXAIAHACACACAAAACuCbCPBkBbBDA6AzAmAhAbAOAKAHADADACABAB
3169406,CKCXCYB9BXBBA0AzAzAmAiAVARAPAMAFABAAAACOCLCVB2BUA8A3AzArAmAjAaARAOAHAFACABAA
3169505,C7CfCSBsBUBBA1AlAiAkAfAYAcAMAGADACAAABCpCZCFB6BRBDA3AoAjAiAdAQAZAKAFACAFABAB
3169604,CCCRB3B1BfBGBIA5AzAvAmAXAYAMAJAGABABABCFCKB9B1BUBHA9A6AyAkAjAaATANAHAEACABAA
3169703,CcCwCYBzBNA3A2AyAoAhATAWAVAMAHABABABABCeCfB8CBBOBBA+AsApAiAjAcASAMAIACAEACAE
3169802,CMCdCVBxBlA+A0AwAoAnAdApAfALAXADACADAABrCgCNBPBcBGAxAuAwArAmAcAdAKAKADACAAAD
3169901,CHCKCIByBWA3A4AwAsAqAoAcAYAPAKAGAEABABCFCNCIB/BYBAA3A4A3ApAkAYAWAOAMAGAEACAB
3170008,CaCkCTB0BqBIA3AuAkAhAcAQATAJAFACABABABCoCtCFBzBaBMAwAuAgAbAdAVAMAHAEADADADAB
3170107,BwCCCDBzBeBEA+A7AzAqAlAbAVANAIAGADABABBsB8B/CBBmBLBDBBA1AtAmAcAVAQAIAGAEACAB
3170206,B6CKB9BxBiBEA+A7AzArAgAXASANAHAEADABAAB4CHCEB4BoBKBEA9A2AnAkAZAUAPAJAFACABAB
3170305,C+CfCeB0BIBMA8AzAyAgAWAUAGAJAEAFAAAAACCmC9CABvBhA2A9AsAjAXAPAPAPACAHACAEABAB
3170404,C7CpCKByBXBIA/AzAuAfAcARAKAGAEABABAAAACuCwCNBzBQA6A1AxAkAdAWAOALAFAEABACABAB
3170503,CqCKCOB2BRBAA1AuAxArAjAZATAQAIACAAABAACdClCIBwBSA9AvA2ArAjAiASASANALAEABAAAB
3170602,B2BxCaB7BkBpAxArBAA3AlAlAXAPAOAIAAAAADBwCSBlB5BoBDAqAwBEAeAoAVATAMACAFACAAAA
3170701,B9CNCQB0BXBBA6A4AzAlAgAXAVAQAKAGADABABCDB/CNB1BgBEA+A3A6AmAfAcAUARAKAFAEABAB
3170800,CuCcCPBrBLBHA/A3AsAoAXAXAOAIAHADABABABCuCjCfBvBFA8A7AwArAZAdARANAJAFADABACAA
3170909,C1C0CXBkBKBCAvAxAoAhAUAXANAKAGADACABAADEClCOBrBZA/AwAuAlAdATATANAKAHACAFACAB
3171006,CsCcCDB5BYBZA+A6ApAcAiAQALALAGABABABAACtChCMBkBiA+A1AyAfAdAcAOALANAFACACACAA
3171105,CTCPCRBmBSBtBFBOAxAtAuAaAXATAIADABAAAAB+CFB9BJBIBEA/BGAiAcAhAeARASAGAFAAACAC
3171204,CeCXCLBkBRA9A9A6AwAnAfAbAPAOAIAIADABAACSCTCKBzBUA/A6A9AwAkAZAWASAIAOAGADABAC
3171303,CHCXCMCNBRAyA3AqApAbAkAaAWATAKAGADAAAACJCSCHB/BXBGA+AxAtAiAnAiATANAIAHADABAB
3171402,CbCPCnB7BbA7A1A2AmAoAmAaARALAEADACABABCHCWChBvBYBCA0A3AtAYAjAPAHALAHADAFAAAA
3171501,CdCyC4BUBFAuA1AxAjAjAfAYAcAJALAAAEACAACZCvCcB9A9A8A/AzApAjAdANASAEANACAAAAAA
3171600,CUCkCRBrBUAqAzAtAiAdAaAUAZAOAJAEACACAACWCqCRB7BUBMA7A0AlAjAkATAcAHANAEAEACAE
3171709,CgCYCVBuBgAzAzA2ArAqAdAVAZAPAHAGACAAABCgCaCGB5BLA9AzA4AoAkAeAWAQAQAGAFADABAA
3171808,CdCoCZB3BFAqArAzAvAkAXAZAQAOAIAKABABABCaCoCSB/BIA5A5AuApAqAdAWASAQAMAHACABAB
3171907,C9CRCEBnBHAuAuBIAiAjAaAWAuAIAEACACABABC7CdB/CFBOA6A9AyArAdAkAOATAJAIAEABABAB
3172004,CECMCLBxBHA0A2AyAuAqAgAhAaAXAKAEADACAACMCGCCB6BWA9A8A5AxAoAnAkAcASAMAHAFABAA
3172103,CnCHCrBqBGA6AtAiBDAeAdAdAOAaAPADACACAACiCcCPB6BRA5A5AnAoAnARAQAVAQAOAHACACAA
3172202,CcCLCUB3BiBKAvAvAmAiAoAqAQAYAEACADADAACOCdB7CEBKAxA3BDA3AVAhARAWANABADACAAAA
3200102,CrCbCNBzBRA+A4AzAsAlAfAZATAMAIAEACABABCdCWCGB6BQBAA3A0ArAhAdAUARALAHAEACABAB
3200201,CTCYCVB8BGA0AyA1A1AlAlAdAZAOALAFAEABABCPCSCLB7BMA4A0A5AwAkAeAYAUANAJAHADACAB
3200300,CQCiCUBvBQA+BBAzAyAoAcAaATATAJAJAGABAACJChCOBoBFBBA4A2AmAmAcAZASAMAMAHADABAC
3200409,CZCcCOCBBWA0AyA0ApAlAhAaAXAVALAFADACAACYCYCPByBQA4AyAyAlAfAdAXAaALAJAIAEABAC
3200508,CXCUB9CKBKBAA8AxAmAnAlAhAWAYAMAIAGAAAACHCZCCBuBdAyBFAwAqAgAYAfATAPAKAFACAEAC
3200607,CkCaCTCFBiA7A6AyAuAlAeAUAYARALADACAAABCWCSCLB/BPA1AzAvAjAhAdAUAOAJAJACACABAB
3200706,CACtCaCEBWA5AwAzA5AwAiAVATALANAFABABACCOCQCdBsBKA4AtA0ApArAZAeAMANAHAFADACAB
3200805,CdCdCMB6BQA6A4AxAtAlAfAaAWAOAHACACABABCmCRCWB0BMA+A6A0AtAjAYAYASAMAIABABABAB
3200904,CnClCSB6BPA6A0AzAuAjAcAYAQALAGAEACABABCtCaCRB6BWA+AzAxArAdAYARAMAJAFADACAAAB
3201001,DJCoCUB8BFA7AyAtAwAoARAXAMAGAFACAFABABC3C8CTBuBOA5AwAtAiAaASATAJAEADAEACAAAB
3201100,B3CBCQB7BRA6A2AuA0AlAjAeAcAOAKAJACADABCGCDCNB5BXBJA2A0A0AqAdAeAaARAMAMAHACAE
3201209,CGCVCLB5BUA8A3A0AwAmAhAYAXAOAIAFADACABCFCRCNCBBYBBA5A4AvAmAfAXATAOAJAFADABAB
3201308,CbCYCLBvBRBCA+A5AxAgAaAWASAOAIADACABAACVCUCLB1BfBIA8A5AqAeAcAVAQAMAHAEADABAB
3201407,CZCeCYCABHA2A4AsApAlAgAZAWAQALAEAEABAACcCSCUB5BRA2A0A2AqAjAdAXAUALAGAFAEABAA
3201506,CZCgCOB9BOA7A3AzAwAjAdAXARAMAHAEACABAACXCbCSB/BZA/A2A0ApAhAaAVAQAKAGAEACABAB
3201605,DDClCYBoBNA8A3AuAzAhAcAUAPAJAFADACAAACCuCmCWBvBZA8AzAyAlAcASAPAMAJAEABACACAC
3201704,CmCnCYB5BYA5A/AqAvAhAgAaASALAIADAFABACCWCjCFBwBfA7A2AzAqAdAVAQAOAJAGACACACAB
3201803,CjCIC3CDA5AqAsAxAeA6AhAPAkAVAAAGACAAACCoCqCHCBBHAwArAxAuAcAoAOASAPAJACACAAAE
3201902,CSCfCGBxBSA7A7AzA0AlAoAYAWAOALAFADABAACVCOCDBuBbA6A5AvAyAlAcAYAVARALAIADACAB
3202009,CqCNCfB8BOAnBGAiAoA0AcAUARANAUACAFADAACWCmCgCAA+A0A1AuAiAmAeAVAMANAGAIAFAAAA
3202108,CvCqCTCABWA5AzAvArAgAfAWAMAJAGACACABABCqCjCWB+BQA6A3AtAmAdAUAPAKAFAFADADABAC
3202207,B+CTCiCIBXAvAxAwAwArAiAgAZATAPAFABABABB6CIB+CUBYA2AsA8A/AkAYAYAVAJAIAFAFABAC
3202306,CTCECHB2BEA4A5AwAyAnAiAWAZAOANAGAFACAACMCHCJCPBZBBA4A8AyAnAfAaAZAOAGAFAFABAB
3202405,CgCfCQB4BWA+A0A2AsAfAgAYAVARAKAFADAAABCbCRCNBzBXA6A4AvAqAaAfATATAOAJADADACAA
3202504,CLCTCkB4BVA2A2A0AsAhAmAhAXAQAJAGABACABCICVCSB+BRA8A3AuAmAkAmAYAPANAHAEAEACAB
3202603,CBC8CXByBPA8A2A2AfAfAbAdAXAMANAFADACACCUCcCOCIBGBEA1A3AfAhAYAeARALALACADABAB
3202702,CTCECNCCBSA/AzA4AwAyAiAeAYANAJAEAFABAAB4COCHCMBSA4AyA8AtAqAfAWAPARAKADAEACAB
3202801,CiCsCRB3BQBCA0AwAnAlAcAZAYAOAJAEAEABABCiCkCMB0BIA3A1AvArAgAWARASALAIADADABAC
3202900,CFCTCLB6BXA7A9A5AwAkAnAWAUAPALAFACACAACECYCGB+BaBHA5A4AvAgAfAZAOALAIAFAEAAAA
3203007,CnCeCTB5BXA1A4AyAsAnAfAcAVAMAGAFADAAABCrCNCJB4BSA7A1AzApAkAXAVAPAJAFAEACABAB
3203106,CMCkCDCAA7AwA3A7AyArAfAeAdATAOAHAEAEABCOCWCEBqBKBBAqA9AwArAbAWAYAYAGAHAIADAB
3203205,CvCmCPB6BZBBA6A0AxAhAbATAQAKAFADACABAACxCgCPB7BUA6AyAvAmAZATAOALAHAEACACABAB
3203304,C9CYCHB6BPBBAuA5AqAiAjAVAVALAIADADABABCrCZCKB9BKA9AvA2AuAcAWAQAQALAGAEAAAAAC
3203403,B+CkCaCGBIA4AuA3A0AnAhAcAZASALADAGABABCUCTCKB7BOA3A3AyAvAgAbAbATANAJADADABAC
3203502,CgCoCJCABMAwA1ArArAeAfAWASAIAIABABACABCsCSCVCXBfBAA5AwAxAZAUASALAIAEABACAAAD
3203601,CvCrCUB7BXBBA2A2AlAkAbARANAGAGADACABABCmChChBqBZBKA2AwAhAZAUANANAGACADABAAAA
3203700,C0CiCXB1BRA1AwAxAtAlAlAVASAOAJADACABABClCYCIB8BNA0AxA2AqAkAYAUALANAHACACABAC
3203809,CLCbCUCABOAvAvAyAsAmAeAmAZAQALAHAEABABCECfCQB9BOA1AvA9AtAkAjAZASALALAGAEAAAC
3203908,CvCvCXB6BQA6AyAzAtAfAdAWAPAMAGABABABAACxCkCRB4BLA9A0AsAmAcAYAQALAIAEACACACAA
3204005,CpCbCRB/BjA5A2A0AvAjAeAXASAKAIABACABABCgCgCTB2BYA2AxAzAmAeAYAPAMAIAFADACABAB
3204104,CyCoCUB4BQA9A3AqApAbAaAWARAFAHACACABADC0CWCkCABcA/AvAqAgAVAUATAPAGAFADADADAC
3204203,CfCUCVCDBCAyAwAyA2AoAsAXATASAFAHACAAAACYCpCHBeBOA6A9A2A2AkAhAPAXALAHAJAAAAAA
3204302,C2CfCdB9BlA1AvA2AkAhAgAYASAFANABADABAAC0CbCNB0BMA5AvArAjAdAaASAQAGAIAEABAAAB
3204401,CNCMCiB5BsA7AsA2A5AnAcAbATAKAKAEACACAACCCZCQB/BRA6AuA0AvApAeAOATAQAEADAEACAC
3204500,CWCEB9B6BSBDA5A6AwAqApAbAVASANAHAFABAACICOCFBrBSA/A1A7AxAqAfAaAUARAMAEAFACAB
3204609,CJCQCNCFBYA8AzA0AyAnAjAdAYASAIAFADACABCLCECRB7BTA9A3AwAuApAbAaAUANAJAGACABAC
3204708,CuCgCTB9BYBBAuAzAsAdAgAWASAMAHAEACAAAACoCXCWB/BYA3A1ApAlAZAYAQAOALAHACACABAB
3204807,COCJCbB3BOAyAwA5AvApArAjAYAVANAHAGAAAACMCNCFB1BJAzA6A1A8AkAhAUAUAQAKAHAFABAB
3204906,CvCxCdBxBNA4AyAyAsAhAeAVAPAMAHACADABAACpCnCXBxBQA2AzAvAnAdAWAOAOAKAHADACABAC
3205002,CdCOCBB1BPBDA0AvArAsAaAaAYASAMADACADABCWCdB/B4BmBGAxA0AsAiAfAbANAMAIAFADABAC
3205101,CpCQCRBpBMBEBDAxAvAeAdAWAcAXAQAFAGACABCjCQCABjBOA+A1A4AmAcAkAZAUAOANAFAEABAB
3205200,CQCSCEB3BVA+A+A4AvAjAZAXASALAHAEACABAACNCQCICDBjBIBCA7AwAhAcAWARALAHAEACABAB
3205309,CCCDB5BoBeBDA8A6AwAjAcAXASAPAIAEACABAAB9CCCFCNBxBNBDBAA1AmAeAcAVAOAJAFADACAB
3300100,CbCSCEBvBvBSBNA9A3ArAeAWASAMAKAGABABAACFCaB8BhBZBEA4AyAkAfAdAUANAMAJAEACAAAA
3300209,CQCVCPB7BiBFA4AyAqAoAfAeAXANAMAIAFABACCLCMCIBvBQA5AvAwAuAkAgATAXASAMAFAHACAD
3300308,B0CGCEBwBmA/A8A8A4AuAjAaATAOAKAEAEABABB0CBB7B5BgBGBAA/A4AsAeAdAVAQANAGAEACAC
3300407,CRCaCEBmBbBFBEA+A3AlAdAXAPAKAGAEACABAACLCSCCBzBeBOBDA2AsAiAaAUARANAJAFADABAB
3300506,CVCTCOB+BOA7A2A2A3AqAfAjAaAQALAHADAAAACKCNCEB2BQAzAzAyAuAnAfAbAWAUAFAGADACAC
3300605,CMCUCPB7BSA2A4AzAwArAjAdAUASAMAEABABABCICLCJCEBSA7A1A2A0AiAfAbAVAOALAFAEABAB
3300704,CeCkCLBfBUBLBOA8AzAgAaASARAMAJAFADABAACUCfCCBkBTBQA5A3AnAZAYAZAPAPAJAFADABAB
3300803,CSCfCLB8BaA5A0AzAyAoApAaAWANALAEAEABABCSCcCBB5BWA4A1AwArAkAYAYARANAJAFADAAAB
3300902,CLCWCOBzBLA2A3AwA3AtAnAkAcAYAOAFADABABCJCICBB2BQAzAxAxA4AsAgAeAXAPAMAFAEACAA
3301009,CGCYCIB0BQA6A4A0AwAlAiAbAYAPAJAEADABAACECSCJB/BdBBA7A3AtAmAhAaAUAOAKAFAEACAB
3301108,CYCcB/BnBQBDA9AzAzAsAeAYAZASAPADADABAAChCWB7BoBZBDA4AxArAjAeAaAXANAKAFAEABAB
3301207,CNCQCKB+BFA+AzA4A0AwAoAmAUAOAJAGAFABAACNCICGB6BIBGAxAzAsAiAkAbASASANAHAFABAB
3301306,CgCaCPB6BUA6A/AyArApAdAbAcATAMAFAEAAABCjCSCNBoBaA6AtAqAkAeAdAYASANAJAFACACAB
3301405,CgCQCZB+BNA5AzAzAqAiAZAUAeAPALAHACABABClCZCNBxBaA6AzApAqAdAbATAVAPAJAKADABAB
3301504,CSCJCHBjBaBEBAAxAsAmAkAYAYARAOAEADACAACKCVCIBoBaBGA1A8A0AhAkAZAPASAPAKABACAA
3301603,CfCRCjB6BLAuAtA2A4AxAlAfAWASAOAEAEAAABCTCbB8BrBNAxAnA0AsAqAaAWAaAMAQAJACADAA
3301702,CVCRB9BnBaBIBIBBA4ApAfAWAPAKAHADACAAAACPCOB7BrBZBKBFA+AzAlAeAXAQAMAHAEACABAB
3301801,B1CBCvB0BeA5A7A9AyAvAmAiAZATAIAHACABABB1CMCCBsBTA8AwA0AxArAlAeAVAQAKAHAFACAA
3301900,CnCTCKB1BeBJBAAzAxAkAfAZAXATALAEADABABCbCNB/BjBVA+A2AzAmAiAbAWAUAMAJAFADABAC
3302007,CTCbCLBzBfA8A5AzAxAmAiAhAUAPAKAFAEACABCMCWCHB0BUA8AyA7AtAjAdAWARALAIAFADABAB
3302106,CCCeCOBrBWBCA2AyA0AtAnAhAWANAJAEAEABABB8CSCGB/BhA6A8AtAyApAeAbARAMAIAEAEABAB
3302205,CNCPCKB1BOA8AzA1AxAjAmAdAaAQAJAFADABAACHCPCICFBdBCA5A2AuAkAgAZATALAIAFAEABAB
3302304,CjCcCPB9BPA5A6A1A0AlAiAZAaAQALAEAEADABCFCdCHBrBOA8AuAuA0AoAaAeAOALAJAFACAEAA
3302403,COCVCOBuBXA2A3AxAsAnAhAeAXASAMAGAEACABCGCWCMB6BWBCA4AwAtAjAhAYAUARALAGAEACAB
3302502,CcCXCGBuBVA/A9A3A1AnAhAcAVAOAJAFACABABCUCVB9BuBUBBA8A0AtAmAfAXARAOAJAEADABAB
3302601,CPCECBByBeA/BEA3AxArAiAjAgAPAOAIADABAACLB9B+BuBVBDAxA7AuAnAiAZAaAOALAGAFADAB
3302700,COCcCJCDBTBGA6AxAvAnAhAjAcASAMAIAFACACCKCTCHBfBKA7A2AqArAiAdAZAXATANAHAFACAD
3302809,B+CKCJB7BUA7BDA7AyAkAtAjAXAMANAFADAAAAB4CGCEBzBQBAA1BDAxAmAnAeAVATAMAIADACAA
3302908,CCCDCPBrBXBBBCAuA0AvAkAgAYATAJAEADABABB2CKB7ByBfBGA9A0AxAtAiAcAZAUANAFAHACAB
3303005,CJCRCIB9BOA6A0A1AzAgAhAdAYAVAMAFAEABAAB/CQCHB3BeA7A2A2ArAqAkAbAaATALAGACACAC
3303104,CSCKCRB/BJA4AyAtA7ArAlAhAaAWANAGAFAAABCACTCEByBMA7A1AzAzAnAlAcAZARAJADADABAB
3303203,CACAB2BpBaBLBJBDA7ArAhAZAUAMAHADACAAAAB5CBB6BpBiBLBKBCA6AsAjAfATAOAJAGAEACAB
3303302,BjBwBlBhBcBGBEA/A7AuAmAgAYASALAFADABAABkBqBwB9BsBRBLBGBBAzAsAlAdAXAPAKAGADAB
3303401,B4CFB9BsBbBIBBA2A3AqAjAdAbASAJAGACAAAAB6B/B2B6BlBHA/A4A0AsApAdAYAQALAFAEACAB
3303500,CZCTB+BmBUBHBFA/A4AoAfAXARAKAHADACAAAACWCPB+BmBYBIBDA+A0AmAeAXAQAMAHAEADABAB
3303609,CMCKB8BtBoBLBNA+A2AwAgAgATASAKAFADABABCFCGB1BgBTBHBBAzAxAkAgAVAUARAIAHAGABAB
3303708,CDCVCEByBTA+A+A0A2ArAjAYAXAQAJAGAEACABCGCPCCBzBYA9A4A5A2ApAhAZAWAOALAHAFABAB
3303807,C0CbCJB7BQBBA2A2AvAwAjAcAUARAOAEAEADAACgCGCCBrBQAtA1ArAwAbAiAUAWALAHAGADACAD
3303906,B9B+ByBnBaBGBBA9A7ArAoAhAXAQALAEADABAAB7B7BvBwBgBHBEBAA5AvAnAfAZASAMAHAFACAB
3304003,CECUCJB5BZBDA0AzAzAxAnAhANASAJAEADABAACECGCPB8BgA4AsA8A1AmAiAXASAJAJAEACABAB
3304102,CRCUCUBpBHAzAyA1A2AoAeAbAhAYALAHAEABABCRCHCLBsBKA9AzA8AsAmAoAaAfAUAKAHADABAC
3304201,CSCICEB7B5BKA+A2AwAoAfAYASAOAGAEACAAABCMCJCCBxBbBEA7A4AsAhAfAWANAKAJAEADABAB
3304300,CSCOCBB8BbBFA9A2AvAuAiAdAYARAKAIAFABABCJCECEBuBZA+AzAzAqApAhAZATANAPAGACACAB
3304409,CeCXCOBxBOA/A1A3AwAmAmAYAYANALAJAFABAACUCjCGBpBTA9A5AxApAhAiAWATANAGAGABAAAB
3304508,CKCPC9CSBWA7A5AvAvAtAgAZAQASAQAFACABAAB3CYCVBlBCA5AxA5AlAlAYAUAQAWAIAJAEABAA
3304607,CoCRCTB7BPA5AzAzAxAsAnAfAXAPAOAFADABABCZCUCDBlBQA3AwAmAtAmAkAWAWAOAJAGAEACAC
3304706,B2CMCEBzBQA/A1AxA8AuAmAfAbAOAMAGAGABACB6CSCDB5BaBFA6AyA4AoAjAcAYARALADADACAD
3304805,CRCSCOByBIA8A4AyAwAoAlAaAcASAQAGADACABCNCUCIB3BWA6AyA3AuAgAiAXAXAPANAGAFABAC
3304904,CDCPB7BmBWBIBHBBA3AoAhAYAUANAIAEACABAACCCJB7BrBcBOBIBAA0AmAhAaATAPAKAGAEACAB
3305000,CsCqCcB1BNA5A3AvAqAfAiAXAYAPAMAEAEABABClCjCNBeBMA3AuAwAjAeAZAYAVANAKAEADABAB
3305109,CPCLB6BoBXBJBKA+A4ArAfAXAQALAGACABABAACNCHB7BsBcBMBFBAA3AoAfAZARAOAIAFADABAB
3305208,CnCgCBBpBUBQBEA4AmAfAYAXAVARAPAGADADABCeCdCDBqBUBEA0AoAjAYAZAdAVAQAKAEAHACAC
3305307,CdCbCZB4BRA4A5A1A1AiAkAaAZAOAJAJAGABAACcCQCKBsBOAxAsA1AkAiAcAiAOASAIACAEADAC
3305406,CTCfCWB5BPAyAoA8A3AiAlAZAXAQAKAEADACABCQCWCXBvBKA+A1A0A0AeAdATATARALAFABABAC
3305505,CSCaCIB1BiBCA6AzAvAdAhAaAUARAMALAEACAACZCaB/BtBHA9A1AtAsAdAkAYAVAQAKAJAHACAC
3305604,CYClCaB2BOA6A0A3A/ArAkAcAWATANAGAEAAAACaCYCUBcBDA3AyArAwAeAcAWAUANAGAEABAAAB
3305703,CSCoCLB4BQA6A4AxAuAdApAUAaAQAKAEACACACCzCXCOBtBLA3A5AwAnAkAaAUAQAPALAFACABAA
3305802,CLCJB5BqBVBMBCA+A0AqAfAcAUAOAKAEADABAACNCNB9BwBeBGA+A8A1AkAcAbAUAOAJAGACABAB
3305901,CyCDCLCHBeA8AtAuAwAmAhAgAZAPAOAFACAAABCjCGB9B2BOBBAxApApAmAcAaASATAIAFAEAAAA
3306008,CKCOCJBvBRBIA/A5AzAmAgAcAVAQAJAFACABABCKCBB+B2BeBIBCA5AzAlAfAbATALAKAFADABAB
3306107,B6CECKB1BoBBA2A0AxAmAjAcAYAQANAHADABABB0CCCDB1BiBBA2A8AyAuAhAeAYATAMAHAGABAB
3306206,CGCTCHB1BUA/A2AxAzArAlAZAXAPANAGADACABCJCUCHB4BZA9A3A0A3AlAdAYAUAMANAHAFACAB
3306305,B0CTCJB5BhBDA7A6A3AyAjAXAMAIAFACABABAAB0CQCNCHBnBGBABBA2AmAZASAMAKAGADACABAB
3499901,BhBpBmBfBdBKBIBEBBAzAoAgAZARALAGADABAABeBoBoBuBlBRBOBLBGA3AtAmAeAXAQAKAGADAB
3500105,CECMCJByBQA/A8A8A2ArAjAbAWAQALAGAEABAAB/CKCEB5BSBHA/BAAvApAZAbAUAOAKAHADABAA
3500204,CgCKBXCFCrBAAfBAAqAmAfAcAoAGAGAAAEAAAACQCGCICJBSA0BEAzAwAjAPAbAQAFADAGAAAAAA
3500303,CFCBB+B2BgA8A8BCBCAyAmAcAVAPAMAHADACABB9ByB/BsBYA9A+BCA2AqAdAjAWAJAOAIAFABAA
3500402,BrCTCKBuBgBDAyA7A8AxAjAbAcAVAQADAHABAAB2CSCKBsBWA0A3AyA7AnAdAhAXAUAJAGAGACAA
3500501,B2B8BwBqBwA7A3BFBEAwAkAcAYAQAPAFABABAABvCJBvB0BdBABLBEBGAjAfAjAYAQAEAEAEAAAB
3500550,CBCJCvCEBgA9A6A8A4AgAsAfATARAIAIAEACACCNB1B9CFBOAyAyA6ArAiAhAXAWAIAJAEABACAA
3500600,BcBIBZCCBNBGBcAzAzBUAdApAbBGAAAKAOAAAABBCOBICFB0BDBoAiBQAwArApAYAHAWAAAFAAAA
3500709,CECQB9B4BWBGA8A4A1ApAqAaAcAOANAGAFABABCSCOCBBoBPBBA+AwAuArAgAbAUAPAIAGACABAA
3500808,CPCkCFBzBTBTA7A0A3AnAnAUAXALAGACADAAAAB5CjCdBuBdA2A8AqA3AbAdAUAQAIAGACAEACAA
3500907,CMCfCBB8BKBSBDAzA7AsAkAPAZAPAGAAAAACAACgCDCLBdBCBUBIAvA/AjAbARAaAKACAAAAAAAA
3501004,CIB7CQB9BqBEA/A8A1AnAjAkASANAMADADAAABB7CFB/BtBjA4A6A4A5AkAiAcAUAKAIACACABAA
3501103,CQCZCQB4BaA7BHA6AuAwAhAaAVARAJACACAAAACQCRCOBnBLBABBAqAmA0AUAUAQAJAKAEAEACAC
3501202,CLCYCFB9BiA9BBA6A2AwAhAYAUAKAKAIABAAACCWCTCIBsBVBAAyA2AuAlAYAXAMALAFAGACABAA
3501301,CfCXCOBqBiBKA6AyAsAoAiAYASAPAKAGADABABCTCPCABvBXBBA8A2AhAlAdAXAPAMALAIADABAB
3501400,CoCOCrB4BWAtA1AoAyApApAdAeAUACAGAGACAACpCKBrCKBQAjAyAyAtAjAZAdARAKAJAEAEAAAD
3501509,CUCFCCCbB3A1BBAmAuA0ArAgAVAEAOAEAHAAAACBCSCsBpBRAkA2AmAwAvAiAJARAQACAAAAABAA
3501608,BwB8B5BsBmBGBGBAA7AsAiAcAZAPAKAGADABABBuB0B1B1BkBOBGBDA8AtAkAcAVAQALAGAEABAA
3501707,CFCaCXBsBvBIBAA9A2AXAnAXAMAZAPAAAEAAAACNB9CEB+BPBFAxA5AiAlAfAbAUAQAGAAAAABAB
3501806,CXCFB3B4BcBKBbAsA7AjArAXAVAOAHACAGACAACLCCCTBoBSBBBDA5ApArAcAMAYAJAJACADACAA
3501905,B4BvB9BqBTBJA9BCA8AuAiAlAgAZAPAIADABACBuByBxBuBaBAA+A4A5AvAkAoAkAVASAKAGADAA
3502002,CGCOB1CBB0BeBRAmAjAdAsAiAXARALALACACACCBCBBsBjBkBDA0AfAeAjA6AjAXAPANADAJAAAA
3502101,CRCPCJB1BcBGA/A3AtAqAcAbAVAKAJADACABABCDCOCECABcBHA9A5AsAnAdAWAQAKAHAEABABAB
3502200,CXCZCQB5BPA9A2A3AwAfAsAbAZARANAFAGACACCRCQCEBzBWA0A7AsAtAnAeATAQAQAKAGADAAAB
3502309,CVCEB9BgBeA7A6A5A8AyAkAqAaAQAdAEAFANAACTB2B8BuBDA/BLAgA1AaAgAaAcAXAQAGADAAAA
3502408,CSCzCKBqBBBTA+BBAeApAaAeAYAPALAFAKAAAACxCdB8BuBJBEA+A6AhAYAdAPANANAHAAABAAAB
3502507,CKCNB/BvBbBIA8A1A3AmAbAbAUANAJAEADACABCNCICKBxBkA6A+AxA3AkAhAfAYANAJAHADABAB
3502606,ChCYCWB1BWBHBKAlA1AbAlAbAWAPAGABABABAACjCQCJBkBgBAA4AxAlAdAbATAUAJAGABABAEAB
3502705,ChCgCKBoBOBCA7AxAyAmAnAbASAMAJAGACABABCqCMB2BxBZA+A2A1ApAtAeAXAOAJALAEACABAB
3502804,B/CTCBBxBVBEBAA3AyAqAgAaAXAOAJAGADABABB/CHCEB6BhBGBDA4AxAnAiAbASANAJAGADABAB
3502903,CNCOCCBsBYA+BGA3A2A1AhAsAYAUAMAFAEACAACQB7B4BxBHA9ArA8AtAqAhAaAaAQAQAMADAAAA
3503000,CiB/CWB/BWA0BFBDAxAoAfAcAXARABAGAAAAAACqCECPBaBgAwBFAtAxAYAXAiAQANAEAFACAAAA
3503109,CfCRCVB2BpA9BEAwAjAtAeArANAPANAFAGAAAACUCOCTBZBPA9BAAlAnAjAeAiALAMAHADAEAAAA
3503208,BvB/B7BwBYA+A+A9A3AsAlAiAbAUAPAFAEACAABsB7B7B0BeBABEA+A5AvApAgAdASAMAHAFACAB
3503307,B5COCBBsBgBGBFBAA+ArAgAYAYARANAFADABABByCGCCBsBaBEA6BAAxAmAfAbAZASALAGADABAA
3503406,BwCOCCB5BQBBBAA7BHA4ApAbAnAVAMAJAGADAABwCBCDBWBXA1A6BCA1ArAlAjAWALAIADAFABAB
3503505,CaDFCBBwBaAxA3A1ArAhAaAqAaARANADAGABAACkCJCTBoBEA2A3AwAlAaAmAWASAOAKABAGAAAC
3503604,CZCOB8CQBaA/AoBHBCAjAkAcAWAPAJACABAAABCWCLCFBzBUArA1A9AqAnAbAaARALAJAGAAABAA
3503703,BtCTCAB6B2AvAxBPA/A0AnAZAYAZAMAFAFAAACB4BjB3CABUA3AyBOA1ArAeAaAXASAPAEADACAB
3503802,CACNCBBxBoBJA8BEA/ApAeAfAZASAMAFADABAAB5CJCDBpBZA6BFA5A0AhAdAfAUALAGAGADACAA
3503901,CnB+B5BrBZBHBOA3AyArAqAhAYAQAJADACAAAACmCUB0BdBDBKBJAxApAqAcAZAZAJAEACACAAAA
3504008,B9CBCFBuBUA/A6A8A5AmAiAgAYARAMAFADABABB3CJCEB4BaBIA/BEA0AsAkAbAVARAJAFACACAB
3504107,CACIB0BlBVBMA/BBA9AtApAhAaASANAFADAAAAB9CAB7BqBRBGA+A6AxAsAlAdAbAQARAHAEACAB
3504206,CWCbCZBxBeBIBEA4A3AlAaAXAQALAFAHACACADCMCXCLBwBXBCA5AxArAdAZATARAIAFAEACABAA
3504305,CTCLCECCBgAwAzA1A3AyAiAaAdAZANAKACAAADCJCaCBBxA9A1A+A4AdApAiAjAQATAOAEAAAAAA
3504404,CeCRCDB+BaBAA3BGA7AoAbAYAaAOAIAIAFACAACUCTCJBpA9A/AxBAAqAcAdAYAUAIAQACAEAAAB
3504503,B9CHB/BwBWBEBCA6A6AwAhAeAaAQAMAIAEABABB8B+B9BqBZBABBA6A0AuAkAcAdAOAMAFAFACAC
3504602,B1ChCbBiBZBEBNBEBLAmATArAUAEAOAOAAAAAABnB8CYBUBQAyBRBBA5AuAaAaASAKAOAEAAAAAA
3504701,CFCuBfClBUBKA7AnBWBGAZAdAvASAAAAAAAAAACKCFB+A4BEBBA2AyBLA4AXAWAdAHAAAAAAAAAA
3504800,CNCGCOByBHBIBFA1A5AqAbAcAZAPANAHABACABCGCMB0BtBRBIAzBQA2AiAiAcALAQAJAKAGABAA
3504909,CVCaCQB4BVBIA2AyAvAnAqAdAWAQAMAGAFABAACdCACOBsBWAyAwAvArAjAdAdATAMAJAEADACAA
3505005,B7CuChB1BQBHBGA9AnA0AkAeAPAPAKADAEAAABCjCBCGBkBfA5A6AyAgAjAcAaAPAKABABABAAAC
3505104,CrCfCAB5BBBOA/AzA4AcAmAVAWAQAHAEABAAAACdCbCEBVBKBOA3AxAuAXAvANAOAZALABADAAAC
3505203,BuB5B+ByBTA9A7A8A4AtAkAkAaAXAQANAGADAABxB8CAB8BVA6A5BAA1ArAyAiAZAWALAIAFABAB
3505302,CFCLCNBnBfBGBDBGA9AvAbAdAWARAKAFACABABBvCFCDBvBZA/A/A9A3AjAbAdASAOALAIABADAA
3505401,CsCRCBBYBYBrA3BBAiAoAgAXAhANAGASAAAAAACeCgBzBqBOBHBGA2AnAeAYAQAVAJAAAAAAAAAA
3505500,B0B/B/BwBUA+A+A9A5AtAiAhAZAQAKAHADACAABxCGCBB2BcBHBEBBA6AqAnAdAWANALAFAFACAB
3505609,CKCKCMCEBnBNA9A9A4AuAhAgAbAGAFAGACABAAB2CbCEBuBoAyAyA4AnAsAeAXAMAGAGABAAAAAA
3505708,CkCYCDBpBZBNBLA3A4AkAbAVAQALAGACABAAABCfCWCBBlBTBLBGAxAxAeAZAUAMAKAGAFABAAAA
3505807,CJCRCHBqBoBJA7AzArAnAlAcAVAOAHAGABAAAACPCAB/CABgBPA0AvAsAoAfASATAVAFAJAGAAAB
3505906,BzCCCOB5BiBAA6A8AyAiApAbAYAWAPAGAGAAAABtB4CAB5BUBFA6BAAxAsAmAcAaATAOAHAEADAB
3506003,BrB+B5BuBUBABAA+A8AuAnAfAYAWAMAHADABABBpB6B4B2BdBIBEBEA9AyApAiAYASALAGAEACAB
3506102,B/B9B7BtBdBDBAA7A1AqApAiAeAQAKAEAEABABB9B3B1ByBYBIA7A6A6AtAjAhAbATALAFAGADAC
3506201,CXB0CxBjBRBAA/AjAxA3ApAVAIANAQAGACAEAACZCTClBhBMA8BOA3AtARAnAKAOAOALAFAIADAA
3506300,CFB9B3B6BGBAA1A7ApA0AlAiAfAVASAJAHABABB0CQB8B0BaA8BBAyA6ArAhAdAbAVAMAKAFADAA
3506409,CDCJCGBpBhA9BBAvA0AkAkASAaAUAGANAIABAACKCRClBxA+BLBCA+AvAgAWAWAWAIALAGAHAAAD
3506508,B2CBB+B8BlA/A9A1AxAnAkAfAXAUAPAIAEACABBuB7CFB/BlBDA+A1AtAuAkAkAVAPALAHADABAB
3506607,CUCYCJBYBaBWBQA3A2ApAnAbATANAOABAAAAAACgCXB4BeBfA+A6A0AmAmAiAVASAIAFACAAAAAA
3506706,CHCCCJCABeA6BEA3A7A0AsAaAZAcAIAJAHAAAFCJB8B6BnBSAtAzAzAzAjAjAmAaANAIAEAEABAC
3506805,B8CACBBuBfBBA5A2BGArAjAlAdAQAQAIAHABAABoCICFB6BJAzA3A1AwA2AkAdAaAXASAJAGACAA
3506904,CKCNCOCFBOAwA5A8BBAzAqAZAbAYALAHAAACABCOB+CQBuAxA4AyBKAyAnAcAYAaAWADADACAAAB
3507001,CKCACBBxBKBGA+A9A2AnApAmAZAVAKALADAAAACIBvB1BtBZA9BJA6A0AuAkAcAaAVAMADAEABAB
3507100,CQB/BnB1B8BoBIA3A2A1AnAcAdASAVAFAAAAAAB7CHBvBQBRBDAuAwA3AZAnAmAPAQARAJACAAAA
3507209,CHCdDNB4BjAcBFAfA2A2AeA5AFAJAYAFAAAAAACJCnBdB+BNAsAvAkBCAfALAnANARAFAAAAAIAA
3507308,BkCUB0B7BHBABaApAmA2AiAnAmAUAEAGAIAAAACuBrB7BzBoBEA9A0AlA4AYAsAIATAJAGAAAAAA
3507407,BxCYCAB6BiA6BBBCBAAoAkAeAaATALAGACACACB4CHCHBmBQBABBA6AvApAhAWAWAPAIAFAEACAA
3507506,BpB8B5BvBkBDA4A6A6AyAlAkAbATAOAGAEABABBlB1B6BwBdBDA+BAA9AtApAlAbAXAMAKAFADAC
3507605,B6B9B+BkBeBBBDA4A5AwAsAeAcATANAGADABABBtB5B5BzBaBBBCA3A2AuApAgAeAUAOAHADACAA
3507704,B6CZCXBoBPA/BKBAA4ArAbAhAXATAKAEAAAAACCMCNCBB1BKBSBCAoAuApAUAYARASAGAIAEACAA
3507803,CBCOCFBuBrBIA5A/A6AsAfAcASAUALAIAEABAACDB3CBBnBaA4A8BAA+AlAbAYAZARAHAHAGAAAB
3507902,CAB7B+BuBYBEBDA4A7AyAoAlAVAVAOAJAFACABB6B+B5BoBWA6A9A6AwAsAsAiAYARAPAEAEACAB
3508009,CUCLCRBmBWA8A/AxAuAjAlAoAiAWAQALAEABAACXCNBpBxBeA3AvA0AoAtAiAaASAKARALAEABAB
3508108,CTCZB/BxBcBCA0A+A3AjAjAcAZAWAFAFABACABCVCSB7BwBWA+A+A7ApAnAgAWAPALAGADACABAB
3508207,B5CHCQCABWBXBGBAArAeAtAQAPAWAJAIAEABABCECCCTBqBtBFBEA5ApAbAiAOAPAHAJADABAAAB
3508306,CJCWB4CABEBGAqBJAvA3AeARAYAgAUAKACACAACPCICIB6BdAxA3A8AsAcAbAXATAWAJACACACAA
3508405,CFCAByB1BrBXBEA8BCAnAfArAdAUAKAHADACABCICEB7BcBUA+AwAzAtAkAoAaAXATALAFADAAAA
3508504,CLCQB9BoBaBHBBAyAzApAgAcAXAPAJAHADABAACGCLB/BoBdBDA/A2AxAnAnAXAaARAPAFAEADAB
3508603,B0CUCXBvBSA2A7AoA2AtAnAVAYASALAIAEAAABB1CZCHCDBhAyA4A9AzAlAnAYAUAKAQAHAFADAB
3508702,CGCYCQB1BNA3A7A5A6AmAqAhAUANANAFACABAAB9CYCGByBMA0A4A3AzAnAjAgAXAOAKAFABAAAD
3508801,CLCICAB3BSA/A6AuA1AnAnAhAbAUAOAFAEADABCOCKCOByBQA9AyA4AtApAhAdAVARAJAIADACAD
3508900,CuCsCRBrBMBKA2A8AvAfAeAZANAMACABAEABACCoCuCVBeBIBAA8AwAhAhAaATAIAFAGAEABADAB
3509007,B+CJBqBtB/BrBcBBA8AwAgAhASAOAJAFAEABABB/B6BqBkBYA/AzBBAvAlAiAZAQALAJAHABAAAB
3509106,C7CwB8BxBeBCA/A9A0AjAWAXAOANAFADABAEAACtCrCEBmBHA+A5AsAqAUATAVAGAHADAIAEAAAA
3509205,CmCRB9BsBmBLBGA+ApAoAiAbAWALAEADACAAAACaCRCEBwBhBDA9AqAqAeAhARAPAFAEADACAAAC
3509304,B6B/BwCNBuBKA+A/A3AsAnAaATAPAPAMADACAAB2B5COB1BKBHAwA9AwAvAbAYAWAXAHAEAFABAA
3509403,B8CWCDBtBgA+A+A4A/ArAsAdAgAMAKAGAEABABB5CDB8ByBYA9A9AyAyAsAoAbAPAUAHAEACADAC
3509502,BzB4BuBmBkBQBJBAA5AtAjAdAZARALAFADABABBwB0BuBrBmBPBHBAA5AuAnAiAaATALAHAEACAB
3509601,CFCiCOBbBaBJBYA6AzAoAgAeAcATAIADAEAAAACDCMB+BdBGBSBQAwAtAqAfAVAOANAHACACAAAA
3509700,CTCYCFBxBSA5AzA+AxAwAfAYAVANAIADACAAABCaCNCIBrBXA/A/A4A0AmAiAdAQALAHAFACABAB
3509809,ChCYCEB1BfBPAqA8AwArAoAgAdARAMAAAFAAAACPCZBcB+BTBEA3A7AZA6AaAQANAJAEABADAAAC
3509908,CDCQCCBtBZBNA2BAAkAhAzAdAkAaAOAJAFAAABCYB6BqBvBRA+A8AqA1AmAmATAdASARAIAEAEAA
3510005,CRCPCPB9BbBAA/A1A0AjAgAdAWANALAHADABACCECQCLBuBZA8A2A6AtAeAgAUASAMAKAFAEABAB
3510104,B5BWCBCbBhBFBYAtA1AuAtAlAgAfAHAHAEAAAABbCCBrBtBiAwBOA+AxA0APA8AdANAAAEAEAAAA
3510203,CdCUB3BnBYBJBCA3AtApAgAeAZASAIADACABABCgCHB1BtBgBBA4A7ArAmAfAbAVAKAIADACABAB
3510302,CYB/BzB9CWAzAzAmAwAxAUAZAQAPATABACABAACZCpCHBvBWAvA/AzA5ASAaAXAaAQAHAGADAAAA
3510401,B5CMCEBkBVA9BEA7A/AwAoAgAVATAOAHADABAAB7B7ByB1BSA8A9A2A7AtAtAfAaAUAMAFAEACAB
3510500,CcCaB9BoBZBJBHA6A0AvAjAWAWANAHAFADABABCfCNB+BhBLBMA+AyAvAiAcAUAVALAHACADACAB
3510609,CYCYB7BmBiBYBKA6A3AkAbAYAQALAFACABAAAACXCOByBsBhBLBHA2AsAgAeAVANAIAFADACABAA
3510708,CZCICRByBiBEBDA8A0AiAbAYATAKAHACACABABCZCNCLCABaBCA8A6AgAeAcARAOAKAIADACABAA
3510807,B2CCCSBsBYA/A8A0A2AxAsAfAbAVAKAHADABAABvB6CMByBOBDA2A5A7AlApAfAdAWAMAKAEABAB
3510906,B5CyCWByBVA3A9A3BBA+AlAmATALATAGAAAAAACYB+CLBtBLA2A4BEApAcAQAcAWAFADACAAAAAA
3511003,CwCWB+BzBgBcBHA1ArAmAdAVANAKAEADACAAAACuCSCDBlBiA/A8AyAiAdAaANAPAIAEADABAAAA
3511102,B2B3B+BtBUA8BBA9A+AsAlAmAZATANAIADACABByByB8BrBcBCBDBCA+AsArAhAeARAMAHAEACAB
3511201,CECiCICBBoA7A9A6A0AqAfAaAVATAMAGACACAACRCBCPBlBLA5A7A3AvAjAXAWAWASAKAAADACAA
3511300,CCB7CABzBkA2A/BFBOAvAeAeAdAUANAGAAAAADB1B2CIBdBIAxBCBIBBAtAbAZAgATAMAIADACAA
3511409,B2CWCFB3BVBIA+AyAzAxAiAcAkARAOAKADADABB2CGCABtBLA7BEAxA0AkAiAjAcASAJAFAFACAB
3511508,BmCCB7CLBNBGBCAzA6A5AgAdAYAlAJALAFAEAABxBrBzBpBqA5A/A+A4AxAnAdASAWARANAGAAAA
3511607,B/CCCMB7BYBDA6A8BIArAoAfAdAPAMAFAFAEABBtCIB/BiBeA4BMAxAzAsAcAdANAOALAHAGACAB
3511706,B5CCB8B0BmBIBKA9A1ArAqAkAaAPAMAEAEAAAABmCKBwBtBgBSBCAwAvAqAzAbAQAKAHAGAEABAA
3511904,CfCPCWCIBOA5BFAyA5AgApAgAUAKAGACAGAEAACSCKClBoBGAzBEA3AwAiAaAHATAKAGADACAAAA
3512001,B6COCNB2BVBBAzA7A2ApAnAdAaAQAKAEAFACAACECXCOBrBIA/A2A8AtAwAhAaAVAPAJAGAHABAB
3512100,CQCUCgBmBXBXBHA+A8AtAlAdAWALAQAEAAAAACCqCFB/BgBQBIAmA3AcAZAZAaASADAHABAHAAAA
3512209,B9CdCABnBzBFA+BAAuApAmAVAYAUAJAFADAAABCHCMBhB3BdBGA+A1AwAoAeAbAWATAJACADABAA
3512308,B3CECXBwBKAxA5BBA1AyAoAiAWAWALAGAGADABB+CJB9B3BKA1A3BBA9ApAtAfAdAMAKAFACABAB
3512407,BqB3B3B2BpBCBCBJA+A3ArAVAUAYAPAFAEAAAABmBzCBBzBOBIBBA+A/AtAeAZATAfAPAIACAEAB
3512506,CZCXCHCKBaBEBIAsA6ArAjAWAZAHACAHABABACCOCOCTBdBKBFAoBFAyAmAZATAKAMAKABAEABAA
3512605,C1CKB+BnBkBBA7A7AjAjAiAcAJAWAOAIAGAAAAC0CJCICABaA5A8AxAfAdAgALAPAMAHACADAAAA
3512704,B1CWCAB6BxA2A2A1BcArA/AWAXAPARAGAFAHAAB4B8BlBNBEAwA6BCA+AsAqAtAPAPAHALAJAAAE
3512803,B2B4BlBqBtBmBQBCA/ArAjAhAZATANALAGAAABBuCBByBgBgA8A/A9AxAuAiAcATAUAOAFADABAC
3512902,CTCRCJBzBiBMBDA1AxAmAjAbAWAUANADADAAAACFCKCDBlBWBCBFA0A0AdAXAaAVAKAIADABABAB
3513009,CfCXB+BoBdBRBKA3A0AlAiAbAXAKAIAFADAAAACdCFB0BhBlA/A6A6AqAiAcAXAUAKAIAEACACAB
3513108,CACOCTBtBkBCBKAvAwAmAkAeAZAVAKAGAGABAAB7CEB/BvBTA/A/AzArAoAoAhAVAOAKAFADABAC
3513207,CFCbCSCVBbA4BHA1BBAvAfAZAYAMAHABAAACACCKCNCMBvBQA6A2A4AlAlAZASAOAIAGADAAABAD
3513306,CcChCYB3BaBCA/A3AxAhAjAWAcAPABAIAEACACCdCVB4BxBTA6A8AzArAZAWAZANAHAGAFABABAB
3513405,CHCVCIBqBVA/A9A2AvAlAgAZAYASAMAFABAAAACECSCHBxBYBHA4A8AvAjAiAdAZANALAHADACAB
3513504,CgCXB2BcByBlBbBHA2ArAZASAKAJAEADACABAACdCLB2BbBcBQBBA3AlAaAVAUAOAIAGACACAAAB
3513603,CvCaCCBxBUBAA7A4AsAmAdAbAWASALACACABABCeCbCJBzBYA8A2AtArAhAYAUAPAJAGACAFABAB
3513702,BzCBB6B1BeBIBCA3BBAnAtAoAWATAMAIAEADAAByB9CFBfBYA9A+A3A1AsAhAgAcAXAPAFADACAA
3513801,CtCdB5BaBfBcBUBIA0AgAVAOAKAHAFADACAAAACmCZByBdBaBVBLA6AsAaATAQANAHAGACABABAA
3513900,CJCLCJCCBVBJBBBCA9AsAkAgASATANADACABAACJB+CRBtBJA6A9AyAwAfAhAVAPAQALADADAAAB
3514007,BRCNB8BeCnBhAgBDBEAmA/AhAOAOAJAFADAAAACKCHCQBQBnAoA1A4AuA1AqAUAWACAAAGAIADAA
3514106,ByB+CABwBLA/A3BIA+AtAsAkAcAOAWAMAFABACBhCDCKBYBRA3A6BMA0AuAqAiAeAaANAHAHACAA
3514205,DHCGCRBqA9A4BgApA5AnApASAPAEAJAAAAAAAGC5CcCJBiBcBdAnAkARAhAZAZAEAWAAAIAAAAAE
3514304,CBBqB/BwBUBDA8AxAyA0AqAjAoAYAVATACADAACCBrB2B0BPA1A3BCApAsAoAoAcAWAQAMAFADAA
3514403,CBCQCQBqBKA7BBA4A7ApAjAbAVARAMAEACABABB9CLCQB0BWBHBEA7AzAmAhAZAUAMAIAFAEAAAA
3514502,B6CBCDB7BNBABDA1A3A1AnAeAfAWAIAFAEAAAAB6B/B3B4BaA7A+A4A3A2AjAaAaANAJAHAGACAB
3514601,B1CKCGBuB+BmBHBHAcBHAkANAUAPAMADAAAAAAB8B0B/B/BaA8AtBFArAiAlARAOAQADAIACAAAA
3514700,C0CICUBxBQBFA4A/AsAqAeAXAbAOALAEAEAAAACVCLCVBhBTAzA9AsAnAdArATAUANAKAHABAAAA
3514809,CsCcB7BvBWBKA2A3A1AlAsAeATAOALADACAAABCsCPCJBXBIA6AyA1AlAhAiAbAXALAGACADABAE
3514908,CTCKCNBzBYBEBNAxBBAzAfAiARAXAHAGADAAACB7B5B/BjBDBGAtBFAuAoAlAYAeARALAHACACAB
3515004,C1CUByBfBbBXBLA+A1AgAaAYANAHAGACABABAACsCcB+BgBbBPA6A6ApAkASAPAOAHAIACABABAA
3515103,CZCjCIBgBPBLA7A+AuAlAiAZAlAXASADADACABCeCUB3BgBPBCA9ArAjAiAiAVAVAQAIAFADABAA
3515186,B3CHB6B1BeBDA+A7A/AkAkAkAbAVAOAGAEACAAB5B2B9BnBTBAA7A/AzApAmAkAeAXAKAGAFACAB
3515202,CWCTB7CFBgBJA/A/A4AmAeAXASAPAKADABAAAACQCRCHBuBYA9A5A0AkAmAbAWAQAPAFADADABAB
3515301,DCDCCTBrBNA4A9AzAxAjAWAcAQAAAAAAACABAADFC3CUBeBFBLAwAtAdAbAUAMAHAEADAAAAAAAA
3515400,CVCSCJBtBTBDA4A6A3AjAdAYAYAPALAFACABACCKCWCKBuBVBAA8A6AuAhAgAbAQAQAMADAEABAA
3515509,CBCPCLBvBXBDBFA5A1AtAiAYARARAKAEADACABB8CMCKBuBaBKBGA3AxAoAhAXARAMAGAEABACAB
3515608,B9BgB3BvBdBEBMA5BAA1ApAnAeATAWAIAIACAABtBsByBpBTBIBOA4BFAlAvAdAdALALAHABAAAC
3515707,CWCVCGBsBSBABBA/AuAmAiAYAWAMAHAEACABAACMCdCJBqBWBABFA4AvAmAZAXAVALAIAFACABAB
3515806,CpC5CUBtBOBAA1AyA5AtAYAbARAVADAEACAAAACcCdCHB3BIA5AuArA1AfAeAMARAKAGAAAAABAA
3515905,CcB/CDB5BqBJBDAuA9AhAjApATAKADAJADAAACCTBsCCB+BrBMA2AvAsAdAdAiAGAFAIAAAJAAAA
3516002,CSCYCSB4BUBIA5A0A5AqAjAaASANAHADACABABCJCXCSBsBWA/AxA4AxAfAZATAUAKAHAFADABAB
3516101,CfChB3B+BwBMBBA3BCAeAkAhAQAGAAAEACABACCDCfBuCCBdA2AoA6AxAgAcAUALAIABACACACAA
3516200,B2CBB4B5BlBHA/A5A2ApAkAZATAPAJAFADAAAAByB7CDB3BwBDA+BBA3AnAnAbAVAQAKAGAFABAB
3516309,CxCUCSBfBTA8A8BDA8AsAlAQAZAKAFADACACAACfCUB+BiBOA+BGA5AnAkAdAaAKALAEAFACAAAB
3516408,BRBOBUBOBaBrBlBsBfBOA9AtAkAXAQAEACAAAABHBPBTBJBVBGBMBQBNA9AzAhAeAWANAFACABAB
3516507,CbCjCbCBBcA0BBA2BHAaArAZANAPALAIABAAAACHCXCIBkA+BGAyBAAtAdAZAOANALAKAFACAAAA
3516606,CFCHCPCDBmA3BAA9A6A2AmAmAUAIAKAFACAAAACECEB9BxBMA6A1A1AvAvAjAWASAPAJAGAEAAAA
3516705,CGCBCOB7BbA6A4A3A4AwAnAcAXAQAIAFADABABCBCKB/B6BZA1A6A8A4AlAmAcAWAMAHAFADABAB
3516804,B6CMBVCjClBfA9AsA0ApA3APAQAHAGAAADAAAACRCKCFBnBDBIA9A8AuAdAVAZALAJAGADAAAAAA
3516903,CjCTCGB8BeBKBBA4AtAnAhAWAVAKAEACABACAAChCUCKByBcBCA2AxAkAbAZASANALAFACACAAAA
3517000,CJCSCdB2BbAzA3AyAzAlAhAkAcAOAMAIABABABCECNCUBtBVA0A7AuAyAnApAMASATAGAGAEAFAA
3517109,CgCbCNCBBZBHA9BEAyAtAqASATAFAHAHACAAAACcCNB1BlBQA+BAAnAmAnAQAHAcALARAFAIAAAC
3517208,CdB+CfBmBVBEA0ApA7AkAjAgAcAKAPAEAHACAACKCECbB9BKA9ArBCAlArAYAYATAXAIACAFAEAA
3517307,ChCDCbBzBIBBA6AvAlAmAsAjAbATAKAKAAACACCHCeB6BdBRBFA4A/AmAdAoAdAQAGARAIACAEAG
3517406,CRCVCFB7BjBDBDA8AyAlAiAXASALAFAFACABAACSCPB/B6BgA9A5A4ArAkAfAVANAJAFAEAAABAA
3517505,CFCECJByBrBHBFAvAwAyAoAVAVAPANAQACAAAACQByB1BsBcBSA4AyAqAtAcAZAQAQAJAMAFACAA
3517604,CtCeB7BtBaBIA7A1AzAlAeAbAOAOAHACABABABCeCkCMBhBTBBA7A0ArAhAdAQAPAJAHAGADAAAB
3517703,CKCDCCB+BcA+A/A+AyAjApAaAVAQAKAFADACABCACPB6B2BZBHA2A8AwAvAdAcAQANAKAGACABAB
3517802,CTCTCJB7BaBHA8A5ArAkAkAdAVAXAKAEADACABCMCTCMBqBZA+A2A2AnAWAeAXAVAKAKAIAEAAAB
3517901,B/CWCHB8BZA5A5A6A4AnAoAeAUAPAOACACACABCTCBCSBwBSA7A6A5A3AfAqANAXAKAJAHACAAAA
3518008,CYCgCZB2BTBBBABCAyAnAgAbANAMAGABADAAAACfCHCcByBSA5BCA2AgAkAdAOAOADAGABABABAA
3518107,CQCOCeBwBLApA4BFA5ArAkAZAUATAMAIACACABCNCoB4BnBIBBA5A7AzAlAiATAOASAGAKAFAAAA
3518206,CJCZCLB1BRA9A/A1A1AnAcAYAVAQAKAHAEABABCMCTCGB1BQBEA+A7AoApAbAcATAKALAEACADAB
3518305,CbB5CLBvBxBEBCA4A5AyAoAmAXAQAIAFADABAACJCHCBBaBOA4A1A0AwApAfAUAaATAIADAFAAAB
3518404,CCCLCOB0BlBGA7A0AxAnAfAbAVANAKAGADABABB/CJCBB1BZBHA7A3AzAkAhAbAWAPALAEAEABAB
3518503,CTCNCGB8BhA/BFA6AxAlArAjAeANAEAFACADAACGCaBrBvBRA/A7AzAeAoAjAdAUALALAFAEABAC
3518602,CMCNCKBzBfBGA/BHBCAjATAaAYATAIAGACABAACNCIB7BwBZA3A+A2AlAhAkAhARAPAHAIABABAB
3518701,CaCaCCBgBaBQBKBBA4AsAeAVARAJAFADACAAAACPCZB4BmBTBIBEA/AwAkAbAUAOAJAGADACABAA
3518800,CNCQB5BkBhBRBQBCA7ApAdAVAPAKAGADACABAACJCLB3BnBdBQBIA/AxAkAcAVAQANAIADADABAB
3518909,C4CbCRBzBeA+AuBBAsAkAXAfAMANAKAGABABACCeCuCLB7BIBOArAuAiAcAYANAJAJADABABAAAB
3519006,CXCeCbBrBWA7BAA2AyAoApAcAWARAJAIACAAAACPCJCTBoBJA4A9AuAqAkAZAXAXAOAFAEAKABAA
3519105,CQCaB8ByBSA7A0BCA4ArAlAeAYAVANAIADACABCGB9B+B6BOA0A5AzA7AlAjAfAUARALAFADAAAB
3519204,CNCbCbB2BjA7A4A6A6AiAXAeAMAPAGAFADACABCUCdCLBuBOA5A4A4AoAiASAWARANAKAFAEACAA
3519303,CTCLB9B0BXBQBFBIA3AsAdAiAVAJASADABAAABB5CUCUBbBHBIA/A5AuAmAcAdAQALAEADAEAAAA
3519402,CKB0CEBoBPA5A9A2BBAkAnAfAjAPATAKAJAGAABzCXCDBtBBBDA8A6AuAsApAhASASAQANAIABAA
3519501,CKCcB7BhBLBIBAAwA6AkA1AfAXAHAFAEAIADAACbCICFBdBlBFA9A3AiA9AoANANAMAFAKAIABAA
3519600,B7CKCBBuBQA/BAA7A5AvApAkAdARAKAGAEABAAB6B+B+BoBTBDBBA9AyAyAnAfAYANAKAGADACAC
3519709,CdCSB1BsBaBJBBA8AwArAlAhAZAPAKAEACACAACaCOCDBoBMBIA3A0AnAoAhAXARALAHAEADAAAA
3519808,CSCYB3B1BvBGBMBVA/AsAdAYAXANADAEADADAACWCHCLBkBCBWAzA6AsAaAOAOANAJADAEABAAAA
3519907,CpCeCEBxBTBJBEA8AyAoAjAWAPAIALAEAEABABCoCTCMBiBQBEA/AwAtAaAXARATAHADACABABAB
3520004,CJCTCCBwBeBFBLA1A8AeAhAWAhAQAKAGACACABCYCBB3BtBaA/A5A4AsAjAcAYAeAOAJACADACAB
3520103,B1CECVBuBhBBBAA5A7AiAkAbATAOAIAFADABABBvCFCIB6BcBIBFA4AxAtAfAcAVAPAKAHAEAAAB
3520202,C4CeCFBVBXBHBNAoAhAhAuATAeAQAKAEAJACAAClCiB+BXBaBFAuAoAjAaAYAQAdAQARACAEAFAC
3520301,CTCMB5BuBTBGBDA/AyAqAnAkAeAUAJAFAFACAACQCNByBkBKBHA7AyArAjAgAgAZAPALAHADACAB
3520400,CnCJB6BmBZA/BCA3ArAtAxAeAkAVATAKABAAAECSCWBaBaBWA8AmA5AuAdArAqAPAPALAIAJABAD
3520509,B4CBB9BhBiBSBFA+A7AvAmAfAcAUAJAFADABABB6B2B3BoBVBLBGA3A5AoAkAfAXARALAIACAAAA
3520608,CYCYCUB5BaBBAtBIA2AhAaApAPAeAFACABAAAAB6CeCaBxBPA+AsA0A+ANAkAOAPAMACAFADACAA
3520707,CRCWCSBrBUBEA+A9A8AWAjAVAPAKAJAIAGABACCsCMB8B7BnBIBCAoArAjAaAHANAJAEAGADADAA
3520806,C1CJCbCCA6A9A4AxA1ArAaAlAaAOAHAEAHAAAACfCTCEBrBOA5BCAlArAeAiANAfAPACACACAAAA
3520905,CeCICCB0BaA9A6BAA1AxAmAdARAKAKAIADACABCBCUCBBtBSBBAvA/AwArAcAVATANAPAGABABAA
3521002,CdCCB9B+BSA9A4A1A3ArAqAaAaAQADACACAAACB+CRCEB6BbA2BBA1AvAtAkATASAQAKALAAAAAA
3521101,CGB2BxBoBMBBBEBAAvAyAjAsAkAnATAAAAAAAACFCGBeCDAwBfBGApA1BEAIA1ASAhAHADAAAAAA
3521200,CbClClBcA1A8AxA5AlAdAxAZAhAKAOACADAAACCcCdB3ByBOBGA9A7AmAnAhAaAXAHAFAIACAFAC
3521309,CQChCEB0BkBEA4BGA1AmAiASAUAPAEACACABAACbCOB9B4BgBBA9AxAoAhAeAOALANADAEAEABAA
3521408,CBCHCLBoBpBYBKBPA2AqAaAhAYAOAJADACAAAAB2B/CBBnBjA3A2A3AyAlAbAfAZAOAHAEABAAAA
3521507,CGCDB+CNBgA+BJAvAvApAeAhAUATAMAEAEAAAACXB/B6CABNBFA+A1AoAjAfAXAcAMAKAIAEAAAA
3521606,CQCbCiBuBTA7A/A0A2AoAkAaAVAMAMAEADACAACPCMCFB0BNBCA9A0AsAlAaAWAMARAKAAACACAB
3521705,CYCZCHBrBYBHA8A8AwAmAnAgAaAJAHADAAACABCoCYB2BxBWA9AxA2AuAdAeAVARALAKABABABAB
3521804,CPCpCYBqBbA+A5BBA0AqAgAgARANAHAHAEACABCMCaCPBjBABBA4A4AnAoAcAXAPAIAIADADAAAC
3521903,B8CDCFB2BcBTBAA9BAArAuAcATAPANAIADACAAB3B0BvB3BXA+BAA4A3AqAmAbAVAMAQAGABABAA
3522000,B4B4CQB9BpBMBAAnA7BCAhApAQASALAEAEAFAABuB8CBBpBZBCA+ApBAAkAeAgAUANANAPABAAAA
3522109,CSCFB1BvB8BoBLA/A0AoAuAkAXATAKAEACAAACB/CGBpBkBRA+A4AzAsAmAbAXASAKAHACAEACAB
3522208,CjCSB+BhBXBPBFBAA0AmAmAaAWAOAMAEADAAAACdCXB2BjBVBAA+A3AoAkAdAXAPAMAJADACAAAB
3522307,B/CKCMByBQA/A6A4AyAtAlAdAdAQAKAGADABABB5CDCIBvBWBGA7A+AyApAmAeAWAUAJAFAEABAB
3522406,CeCgB/BpBWBFBAA5AzAlAiAWAWAOAJAEAEAAABCZCcB8BqBUBDA8A0AsAkAeATASANAGAEACABAB
3522505,CeCVCGBmBbBHBGA1AzAuAeAYARAKAHAEABABAACZCZCCBtBSBCBAAzAuAnAeATANAMAHACACABAC
3522604,B7CBB2ByBeBKA+A8A6ArAoAhAaASAOAHADABABB4B7B8BuBYA+A1BAA6AqAlAhAZASAMAGAEACAB
3522703,BzB8B4BvBfBCBHA9A4AvAnAgAfAWANAIAGABABBtB0B4BoBcA9BDA8A5AxAlAgAYAXAOAIAEACAB
3522802,CaClCHBwBZBEBCA2A4AqAgATAQAMAGAFAEABACCeCZCFBsBPA+BBAuAtAfAYAYAQAGAEADADABAA
3522901,BZCaCRCKBnAvA0AyBDAuAxAcAXAWALAJAFABAABwB1CEBqBRAxA6A3A+AuAeAaAeASARAMAJAAAA
3523008,DNCRCGBZBwBGA1A6AhAtA0AWALAEAEAAAAAAAADIChCHBoBeBEA0AjAaAlAOASAGAEAIACAAAAAA
3523107,CrCfCDBeBaBFBCA8AyAkAgATAUANAFADACAAAACrCaCGBTBSBFBGA1AoAgAYAXAXAHAHADADABAA
3523206,CVCOCDBpBPBAA9A3AsAmApAdAbAPALAHAEACABCNCTCBBqBYA8A6A4AzAsAgAeAUAPAIAHACAAAB
3523305,CjCWCZBpBYBPA8A/BDAnAYARAZAWAQABAFABACCnCKCEBWBCA2A2AxAuAVAkAYAVARAFABAEABAB
3523404,BtCCB0BoBdBNBGBIA/AuAoAiAYASALAHAEACABB8B2BwBoBUBIBCA9A1AoApAkAWARAOAHAFABAB
3523503,CPCNByBtCPBuBmBRA6AtAgAbASAMAJAFABADACCIB8BpBjBGA5A3AvAnAfAaAVAPAIAFAEABAAAA
3523602,BnCMCEBbBWBLA2BHBNA3AtAiASAQASAFAEABAAB8CFB7BVBSA4A9A/A5AkAuAiAUAPAQAPADAGAA
3523701,CcCOCiBxBPBIAxBCAzAqAjAXAWALAJACAEAAAACPCPCXBmBVAyAxA7ArAeAnASAQAMAMAHADAAAE
3523800,CKCMCCByBcA8BHA8AtAsArATAjAaAIAAADAAABB7CnCUBiBTA2A2A2AtAgAeAUAQAUAMAGAFABAB
3523909,B1B5B4CABbBCBDA7A8A0AsAhAfAXANAHADABABB2ByBtBlBSBAA5A8A4AqAmAiAiAXAPAHAEACAB
3524006,CBCGCIBoBhBUBHAuA4AtAlAiAdAWANALADAAABCRBmCEB2BcA1A0AzAcAsAlAZAVARARALAEABAA
3524105,B9CECQB1BfBGBFA7A4AnAgAYASAOAHADAEABABB3CJCCB4BbBNBFA2A4AiAeAbATALAIAEADABAB
3524204,CRCSCKByBkBABDA1A6AqApAQAXAJAEAEAGAAAACTCECMBxBZA9BDAtAxAlAbAaAQAJAGAFACAAAA
3524303,B4B9BzBvBZBIA+A8A3ArAqAhAZAWAOAIAGACABB6BxB9BrBZBDA9A/A0AoAqAhAcAWAOAHADACAC
3524402,CKCKB5BkBeBLBHA8A3AoAhAaAVAOAJAFADABAACICGB7BvBiBFBBA7AwAlAgAaAYAQAKAGAEABAB
3524501,CmCIB0CGB+BGBAAtA0AbAnArAWAQAGAAALAAAABbCRCPB4A4BKAaA9A6AoAaAVAcAVADALAAADAA
3524600,CjCQB9BtBaBVBKA9AvApAnAhATARAJACACACAACbCUB0BiBNBFA7AuAuAgAYATASAMAKACADABAC
3524709,CFB/CIBrBkBNA7A/BAAtAuAeAbATAHAEADAAAACMB3B0BiBYA9A6A1AzAwAfAhAWAPAMAFAAACAC
3524808,CQCRCMB2BaBBBCA5AxArAgAUATAMAKAEADABAACICOCNBzBdBFA9A3AvAjAcAUAPALAHADADABAA
3524907,CGCoB0CJBwBKAiAuA/AUA+ASAPAWALAJAIAAAECUB4B1CPBUA5AxAqAkArAVAdAdAPAGADAGAAAA
3525003,CcCbCNBkBeBKBBBGAsAjAZAZANAJAFAEABAAAACsCTB9BqBcBGBCA0AlAeAcAXAPAKAFADAAABAA
3525102,B9CMCBB2BtBIA8BBA3AwAlAYAaALAIAEAEAAAAB5CBB8B4BYBGA6A1AzA0AdAYASAOAIACAEABAB
3525201,CBCHCLB1BZBGA5A+BBAdAeAvAeAaAPADAHAAADCVB7CHBoBBA2A7BAAwAiAdAdAYANAIAHAAAAAA
3525300,BvB+B9BzBYBAA8A7A9AsAkAgAeAWANAGAFACAABxB1B5B1BVBGA+A8A4ArArAhAgAWAOAHAFACAB
3525409,CDCwB3CABcBEA8AwA8BAAWAnAUAIAIAFAAAAAACzBtCeBUBKA+AzA5ApAgAcAZAZAIAJAAALAAAA
3525508,CACZCBB9BVA9A/AwAwAtAqAkAaAWATAEADAAABCFCEBzB4BJA+AzA7AwAkAgAXAcASARAHADABAC
3525607,CJCQBtB1AwBZBAAyBSAaANAXAmAJAdAEABAAACDDCyCCBgBCBCBeA3AuAaAYAQAOADABAAAAADAA
3525706,CBCYCUB8BQBHA7A8A6AtAcAcAVANAHAFAEACACCICOCGBuBOBGA9A5AtAnAbAXAPAJAGAEADABAB
3525805,CjCeCIB7BdA8A4BAA2AjAnAYARAZAEAAAHAAAACaCgBlBtBNBKA+AjAtAbAhAXAWALALAAAAAAAA
3525904,ByB8BzBnBhBSBNBAA7AtAlAfAZASAKAFACABAABsB3ByBpBfBKBIA/A3AsApAgAaASALAHAEACAB
3526001,CQCgCVB4BQA9A7A6A4AlAiAYAXAMAJAFACACAACJCeCDBzBMBJA3A5AqAlAYASASANAFADABAAAB
3526100,CvCjCFBmBPBbBJA3A2AgAjAkARAOAMAHAGABAACvCVB7BVBJA3A8AoAqAiAWAWANAJAJAEACAAAA
3526209,CaChB7BoBgA8A+A0BDA8AvAgAcASAJACAAACAACcCGBzBZBRAyAyAyApArAkAcASAOAHABACACAE
3526308,CtCQCFBoBSBCAwAtAyAvAiAcAZAMATADALABACCoCdCNBrBLA3A2AuAxAmAZAZALAEAHAGABAAAA
3526407,BpB6CGB0BOA6A9A8BBAsAtAeAhAWALAHAEABACBoB7B8CCBRA4BBA8BEAqAoAiAcAUAQAFAGACAB
3526506,CICfCGCCBEBBBMAvA2AkAhAXATAPAJAIADAAAACJCRCTBzBRBFAvA2ArAhAXAUAWAaALAIACAAAA
3526605,CwCKBzCHB1AyA1A2AaAoAhAfArAQAJAJADADAACgCaCSB0BIAxArAaAhAcAfApAQASADAHAHAAAA
3526704,CACKCGByBfBLBBA9A8AuAeAbAUAPALAFADABAACCB/B7BtBWBFA8A5A4AoAhAaAUATAJAGACABAB
3526803,CBCLB+BxBmBHBHA0A2ApAlAYAXATAQAFAFABAAB+CEB5BxBiA/A2A7AwAjAmAWAbARALAEACACAB
3526902,B2CCB1BtBiBLBGA/A5AtAiAgAaARALAFAEABAAB2B/B7BpBaBIBAA9A3AsAjAdAZASAKAGAEACAB
3527009,CbB4BmBsBqA2BUA/AlAcAaAtA6AeAIAAAAAAAACUB8BaBoBmA/A8AsA0AlAiAqAkANAKAOAAAGAA
3527108,B1CACLB1BeA5AzA5AzAqAhAhAbARAOAHADABABBxB9CAB/BjA9BAA7A4ArAoAgAXAQALAGAFABAC
3527207,CACKCBB/BnA/A3AwAuAnAmAeASAOAKAEADABABB3CHCFB0BpBDA8A0AwApAoAcAUASAJAHAEADAB
3527306,CECBBfCQBzBaBEBBA3AsAdAWAeAQATAMAEAAAACCBuBuBxBMBMAsBCAzAaAoAjARAWAIACACAFAA
3527405,CRCMCXB1BWBEA6A3AuAsAoAbAZAPAKAFACACABCKCHCFBmBXBCBGAvA0AiAcAWAQANAJAHAEABAB
3527504,CWCKBsCLBQBZAxAuA+AqAhAmAYATAHAFAAAAAACWCHCwBUBVAyAqA+AsAgAkAkAOAOADAAAHAAAA
3527603,CUClCEBhBlA5BEAzBLAiAnAgAgAKATAAAIAAAACGCaBzB+BXA1AqAlAhAaAoAXAOAVAMAMACABAA
3527702,CfCNCaB9BdBAA6AqAjAmAfAlAdAJAIAHABAAAACcCZCMBnBWA8A5A1AwAcALAkASAKAHAAACAAAA
3527801,CaCECFCCBuA8A8AzA2AhAnAbAVAJAIAKACACAACbCNCaBuBWAwA6AxAjApAbAbALAGAKAGACAAAA
3527900,CRCkCYBoBZBGA7A/A5AxAmARATAKAHAHABACACCkCQCiBrA/A7A7AwArAeAVALAMALAFABACABAA
3528007,CJCQB8B9BrBDBHA+A5AuAeATAeAMAMAFABABACCKB/CHBeBcA/A1AwA9AmATAVAUAQAIAFAEADAB
3528106,CJCKCLBwBhBKA/BDAyAjAnAcASAMAKACACAEABB7CSCMBpBaBKA7A3AtAeAjAVAVAJAHAHACAAAB
3528205,CfCOB7B3BmBaA9AvAmAUAsAfAXAFAEACAFAAAACoB/CRCCBfBFA3ArAlAaAgAWAaAGAEAAAAAAAA
3528304,CZCmCMBvBKBbBIA/A2AeAWAUAcAPAEAIAAAAAACqCbB+BhBGBEA/A5AYAlASAYAQAIAIAEADAAAB
3528403,CMCWB7BsBhBVBIA4AvAmAjAfAVAPAGACADAAAACRCYBwBpBaBMBBAvAqAmAfATASAPAKADACAAAA
3528502,COCRCABmBnBSBKA/A9AsAiAbAbAQAHACAEABABCVCHB1BnBVBHA5AxApAiAeAXAQAKAGAFAEAAAA
3528601,CICeCMBmBUBBA1BGAtAqAlAcAYAYANAHAEAAAAB5COCEB1BZBDBBAyApAsAeAYATAMAGAIADAAAA
3528700,CaC+CTB+BUBLBHAsAyAmAgAMAUAKAFAAABAAAACpCfCRBxBSBEA4ArAfAYAMAOALAHACABABAAAC
3528809,CaCkCQBpBkBCBAA4AzAoAeAaAMAPAIAEADADAAClCTCEBxBVA2AzAxAtAjAZATAPAMADACACABAB
3528908,CoCbCfBtBKA8BHAvAsAjAtAYAQAKAJAGABAAABC0CMBzB+BRBIA9AgApAkAYASAMAKAMAFABAAAA
3529005,B/CGCCBzBYBBA8A5A2AtAmAdAWAPALAGADABABB8CBCAB2BiBEA9A7A1ApAjAaAVAPAKAHAEABAB
3529104,CTChCLBgBZBGBOA5ARA6ApAYATAIAIAOAIAAAEC7B1CbBIBpBRAkArA1AlATAEAZAJALAAAHAAAA
3529203,CjCfCLBxBaBCA3AyAyApAkAYAPAMAGAEACABAACZCYCDB2BWBAA5AqA0AmAcATAMAJAIAEACAAAA
3529302,BzCFCIB2BiBHA9A8A8AtAkAiAaAPAMAFADACABByB7B0CFBQBEA2BAAyAoAoAbAWAOAPAEAEAAAC
3529401,CdCcB5BaBdBTBTBFA2AiAaASANALAFACACAAABCYCcB4BgBcBUBKA7ArAfAWATAQAJAGADACAAAA
3529500,CbCBCfBoBlA/BFAtAkAmAhAjAWAVALAEACAAAAB/CZCNBvBUBIBBAuAjAoAfALATAUAGAGACACAC
3529609,CrCUCXCEBBBKA1A7AuAfAeAeAYALAGANAEAAACCLCaCVB5BMA2A4AxAjAgAcAZAQAHAFABAEAAAA
3529708,CPCEB7BpCGBgBXBJAxAnAZATAWAMAFADAAAAAACJCJB2BzBjBKA9AwArAdAXAUAPAEAFADABAAAA
3529807,BxCJCIBxBbA6BFAzBLAqAhAmAXAVAQALAHAAACBiCECABnBIA4A7A6A6AlAlAYAoAYAaAHABACAB
3529906,CvCMCJBnBpBcBMBBAyAzAdAhAXANAGAFADACABCeCkB6BcBEA7AwArAnAYAYAVAJAJAGACADACAA
3530003,C7BvCOB3B9BaBBArAoAuAhAfAIALACAFAAAAAACtByBqB9BpBJA8AkAvAhAOARAWAGAKABAAAAAA
3530102,CZCICRB1BWA9A/A2A2AiAeAhAUAQALAEADAAABCECTCFB1BbA9A9A6ApAfAhAYASALAKAFABABAB
3530201,CiCtCTByBMBGA/AyAxApAbAXAOAIAGADADAAAAClCrCTBjBRBHA0AxAtAdAUAQAMAGAEACACABAA
3530300,B0B3CGBpBSA+A9BBA7AsAqAfAYAVAKAJAGABABBvB/B7BsBhBABEA/A8AyAfAiAiAOAMAHAEAAAB
3530409,CrCOCYBtBmBVA+AqA8AqAlAQAbAIARAGAAAAAACxCABjBlA+BHAyA1AjAaAgAUAYAJAOAJAGAAAF
3530508,CDCMCKB1BcBCA9A5A4AlAmAXAZARAIAGADACABB8CICGBxBaBCA2A4AwAoAlAbAVAOALAFAEACAB
3530607,CGCLB3BqBiBMBKA7A2ApAjAdAWAPAJAFADAAABCECJB2BnBeBJBAA5AuAqAiAbAUAOAKAGAEABAA
3530706,CFCSCBBzBjBPBLA4AyAkAhAcASAPAIADAEAAAACRCHB7BwBeBKA8A1AqAkAcAXAVAKAHAFADABAA
3530805,B2CHCAB0BZBMA+A/A5AtAmAcAXASALAHABABAABxCAB9BqBbBAA+A4A4AuAkAbAXAUANAIADACAB
3530904,CICMB2CCBmBSBGAvAwAxApAgAbAUAKAIAAAAAACACCB2BzBOBVAvAyAiAuAlAfATAMAHAFAAAAAA
3531001,CWB6COB7CFBGAyA6A2AmAVARASAaAQAAADACAACbCKCUBoBTBFA6A0AYAeASAXAWAXADADAAAAAE
3531100,CLCdB9BqBLBQBQAtA6A3AwAfAjAXAQAFAAACAACRB8CKBKBWA7A7AzAtAcAnAVAiAFAKADAAAAAA
3531209,B+B3CSBuBMA3A2A/BCAyApAdAiAUAXAVAEACAACABeCBBeA6A+A+BCAyAxAiAmAXAaAWAMAIAEAB
3531308,B5CDB2B2BgBOBNA3A9AvAmAfAXAOANAFADABABBvB8BwBrBcBIBBA7A2ApAmAeAWASANAFADAAAB
3531407,B/CBCDByBZBEA9A4A9AlAjAZAbATALAEACABABByCLCIBzBgBFA+BAA5AlAeAYAbAQAHAEAFACAA
3531506,B6CIB/B8BaBABDA5A8AoAjAfAdAXAMAHAFACACCBByCCBoBSA7A/BBAyAjAfAvAWAPAKAGAEACAC
3531605,CfCKCZBmBhA9A5ApBEAkAeAcALAXAJADAAAAAACkCXCJCEBOA0A+AxAuAfALAeASAKAKABADAAAA
3531704,CRCjCGCQBgBIAoAqA5BAAqAWAOASAUADAGAAADBzCcCeBLBOAmA2AtBIAnAdAMAQAHANAFADAAAA
3531803,CJB0BwB7BmBTBDA4A8AuAbAnAdATAPAIAEABACB1B6BmBxBdA/BDA1A0AoAhAoAbANALAFAEAAAB
3531902,CaCWCMB3BqBHBCAxAuAoAgAYAUAMAJAEADABABCWCICHBwBdA6A2A3ArAeAZAVATAIAGADAFAAAB
3532009,CRCPB+BfBkBcBIA5A2AlAjAaAVAOAKAEADABAACPCFByBrBdBIA4AsA3AjAbAYAaAFAOANACAAAA
3532108,CRCRCWCHBGBNA2AoAyAxArAgAXAMAHADAAADABB/CLCUByBPA5A6BDAvAjAaAXALARAEADAEAAAB
3532207,CwCsCKB3BiBBA1AyA+AlAeAWALAFAJABADAAABC7COCFB0BFA9AzA0AdAiASAHARAMAEAEAAAEAA
3532306,CvCbCPBtBHA6AyAxAsAqApAaAXASARAEAFADACCcCdB6BsBLA3AwAuArAcAkAVAgAQAKAEAGAAAC
3532405,CFBzBiBkCKBvBYBQA5AwAsAlAgAUAOADAEABADCIBxBjBSBEA5AzA0AtAiAsAdAiAPAIAFACAAAA
3532504,CFCTB3B8BVBXA8A+A2AgAfAaAYAXAJAJACABAACFB0BvB4BeBKA1A8AyAqAlAXAaARAHAEADABAA
3532603,B+CKCMB/BhBEBCA7AzAnAdAWAbAQAKAHAFACABCUBzCWBwBdA7BCA1AqAhAeATATAQAHAEAEABAA
3532702,CPCVCqB+BMBGBKArA2AfArARAZAUAJADAHAAAABZCZB0CEBbBHBDArAmAWAhAaATARAHADAHAHAA
3532801,BvCHCCByBxA3BGBBA5AxAgATAjAbACAGAAAAAAB6CRCTBlBAA6BKAxA8AvAWASAdAMAHAUADACAA
3532900,B9CBCCCRBaBGA5A2AnAyA9AaAbAXAUAFACAAAEB4CGB2BeBXA4AoA3A1A1AgAVAYAYANANAFACAA
3533007,CDCDCNB7BbA/BABHAzApAmAeAVAOAIAGADABAAB6CHCBByBXBFA+A5AyAhAgAZAQAQAJAGADACAB
3533106,B3C4CnBuBSA1BEAyA2BCAZATAbAOAIAHAAAAAACBCUCaBpBCBHA6A3AsApAHAYAdAKAHAAAAAAAA
3533205,CVCkCjCCBmBGAyAiAlAxAyAZAKAGAKAHADAAAACtCQCCBaB2AjBBAcAsAoAdAdAGAHADAAAAAAAA
3533304,CDCnB/BzBvBNA1A/A0AaAnATAbAEACAAAAACAACpCaCYBgBeBOAxA3AiAgAcATAKAEACACADAAAA
3533403,BuCKBzBzBiBSBAA1AyAfApAqAeAWAFADABADACByB/B0BtBdBHBMA7AlAvAlApAfAOALAEAEABAC
3533502,CFCLCMB1BTA/A+A6AxAmAnAcAaATALAHAEABAACBCECCB3BVA9A+A7AyApAhAbAUANALAEADABAB
3533601,CRB/CIB+BmBEBDAtA5AtAdAlASALAQAFAIAAAACRB9CLBzBOA7BAAxAxAzAiAMAKAOAGAGAEAAAB
3533700,CQCqCICKBTA7A3A1AyA+ArASAXATAJAEAAADACCPCcCAB8BHAxA0BCAdAmAZAPAVAGADADAAAAAB
3533809,CHCWCHB5BdAxA9A8BDAgAoAbAbAbANAHABAAADCJCMCJBeBHA8ArBAAnAnAaApATAHAOAHAIAFAA
3533908,BzB4B7B4BcBHA6A6A0AuAoAiAdAVANAIADACAABwB1B/B4BfA/A+A5A4AqArAfAbATAKAHAEAAAB
3534005,CeCbCECHBkBIAvA7AwAbAoAoALARAFAEAAAAAAClB4B9CIBJBPAwAnA1AgATAXAOARAAADAGAAAA
3534104,CGCfClBxBgA4A4A1A/AxAiAXAPAOALAEACAAAACRCYB5B3BRA4AsA9AuAdAiATAOASAHADACACAB
3534203,CFC4CPBZBTBlBUA2BVAeAiAOARAUAAAAAAAAADCFC1COBVBKAwBIA4ArAUAdAMAPAHALAAAAAAAA
3534302,COCMCLBrBcBLBDA/AxAoAdATAYAPAKAEADABAACHCDCGB2BgBEBAA1AtAeAgAWAUAOAHAEADAAAC
3534401,COCNB6BjBlBaBQBCA2AnAbAVAOAKAGADABAAAACLCMB1BpBkBSBJA8AuAjAaAVARAKAGADACABAA
3534500,CaCWB5B+BaBTA/A0AzAXAkARAeANANAGABAAACCQCwCUBjBlA/A3AwAlAfAWALATAGAFACACACAA
3534609,B0CFCPBwBTBDA8A3A4AuAnAjAaAQAQAFADABAAB2CBB7CCBaBDBCA2AyApAgAgAWAQAKAFACABAA
3534708,CBCOCGBsBaBHA9A+AyAvAkAaATAOAKAGADABAACCCHB7B0BfBGA/A7AvAtAfAaATAOAKAFACABAC
3534807,CcCUCSBwBXBFA4AzAtAeAmAaAVAUAJAEAAAAACC1B+CWB5BWAyBAAuAoAfAXAVAPAOAIABABACAA
3534906,CKChCPB5BWA+A/A2A7AlAhATAXAQAFAGAEAAAACDCnCOBnBTBAA4A8AtAcAaASAPAOAGAEADADAA
3535002,CQCPCKBoBSBNBOA6AtAlAlAcAYAPAFAGAHAAAACOCRB2BqBgBEA9A5AoAhAdAZAUAIANAHADACAB
3535101,CFCABlCCCEBdBUAuAdAmAeAYAYAgAOAHAGAAAABkCgCJByBSBMA1AuAkAkAnAcAUALADAGAAAAAA
3535200,CgCfCLBsBZBCBCA3AxAnAiAXATAJAIAGABABABCWCUCDB1BdBEA3A2AnAcAeATANAKAHADACAAAB
3535309,CDCICBB1BVBCA+A4A3AxAkAdAYARAOAEAEAAABB6CECJB0BcBDA8A4A2AhAgAYAVAQAKAHADABAB
3535408,CnCgCRBuBAA7A+A/AvAsAhAZAQAHAGAIAFAAAACsCaCcBpBBBBBBAzAtAWAXAKAPAMAIAEAGAAAA
3535507,CNCMCHBvBNBBA4A3A0AyAjAhAaATANAHABABAACACPB7B1BVBFA5A8AwAtAhAbAPAMAKAHADABAB
3535606,ClCoCBB3BLA9A+AxArAhAmAbAWAPANAEAEACACCZCfCGBnBYA5AwAtAqAeAVAXAWANANAGADACAD
3535705,B7CFCXBjBjBKA/BNAuA1AhAeAJAVAHAAACAAAACNB7CKB+BHBDA+BAA3AjAqARAJAGAGAIAGAAAC
3535804,CVCgCQCABUBIA8A1AnAmAbAjAYAUAMAFADACAACHCfCCBsBWA4A8AxAiAfAfAVAVAHAFAHACACAB
3535903,CgCzCXBnBhA7A1A5A2AoAdATAQAJAFABACABABCdCWCZB1BGBIAwA6AsAdAaAPAJAFAEAFADAAAA
3536000,CRCKCZB7BbA8AtA/AxAuArAdAXATAJAEABAAABB/CXCOBoBPA+A5A3AtAqAhATAUALAGADADABAB
3536109,CICIBpB+CIBRBKBBAyAjAsAcAZAeAIAGAFAAAACPB3CEByBLA8AuA4AxARAbAMAiAHAOACAFAAAA
3536208,CdCPCHBuBCBQBAA/BCAtAhAjAZAOAIAAABABAACTCiB+BfBGBBA7AqArAfAeAYAaANAKAIAEACAA
3536307,CECTCfCDBiBBBAA3AzAvAmAZAWAPAIAGADABABCGCPB+BvBGA4AzA5AwAgAeAUAWAPAKAGADAAAA
3536406,C8CVCFCBA8A1AyA5ArAwAlAWAcASAEAEAAAJAEDTCGCMBsBMAtAuA2AsAfAMAQAWAJAEAKAAAAAA
3536505,COCBB7BiCABvBfA+A/AlAjAfASAPALABAEABAACECEBlBkBaBCA3A0ApAiAiATAOAOAHABABACAB
3536604,CVCUCABsBdBSBUA0AzAuAlAXAXAQAGADABABAACKCSBxBtBSBUA7A1AyAfAaAfAQAEAEADAAAAAA
3536703,B0CLB8B1BbA7BAA5A1AwAlAnAhAVAOAJAEABABB1B8BzBvBSBEBCA5AyArAoAeAZAVAJAFAGACAB
3536802,CKByB5B3BqBDA2A3AyAnAvAtAmAPAVAHAFAAAAB9CFBlB1BgAyAlBLBGAgAiAkAQAIASADADAFAA
3536901,CZCYCUBzBnBOBDAwA6AtAUAWAOAGAFAHAEAAAACECYClB1BHA2AwA9AvAZAYATAMALAHAGAEAAAA
3537008,CdCRCIByBeBGBCA+AtAsAgAXARAQALABADABABCYCICJBqBQBKBAAxAqAiAaAXAMAOAGACADABAC
3537107,BwCIB6BtBfBNBIA+BIAlAcAeAXAVAMAHADABAABwCEB1BjBYBHBDA/BAApAjAeAXATALAEADABAC
3537206,CoCWCcBpBTA7A4BEBBA1AlAbAeAVAFAKAFAAABCHCgCABeA4A/A1AoAlAhAjAbAPAJAHAHABACAA
3537305,B9CHCFB2BXA7A8A7AzAlAoAcAaAQAMAIAEABAAB8CCCEB4BgBAA6A8AzAnAgAgAWAPALAGAGAAAB
3537404,CsCYBzBfBwBpBYA6AtAdAWASAOAIAFACACABABCmCbB4BtBkBTA9AxAgAaASANAKAFAEACACAAAA
3537503,BrCJB7B/BSA/A7A8AzAyAiAqAiATASADAJAHACByB/BqCNBBAwAzBFBGAtAjAfAdAOAOAKAEAAAA
3537602,CcCQB6BmBGBQBEA2BBAzAmApAXAQATAQADAAABCgCICOBMBGA7A6AxAkAcAtAaAWAIAHAFAAAEAB
3537701,CSCrC3B0BHA9A4A5A5AlApARAWANADAHACAAAACNCZByCABMA+A6A1AvAhAVAYALAKAEAEABAAAA
3537800,CLCTCDBtBUBIA+A7A7AnAnAeAZAOAKADACABAACOCSB/BnBLBJA6A8AsAlAjAYAUANAJAFADAAAA
3537909,CbCLCBBoBUBJA/A+AxAhAiAgAdAUANAFACABAACeCRCEBjBcBBA4AyArAhAgAZAVAMAFACACAAAA
3538006,CQCPCKB1BaA8A7AtAuAqAiAdAVAOALAFADABAACRCOCDByBWA+A1A1AxAqAjAWAWAQALAFAEADAC
3538105,CFBpB9ByBbBBBEA7BFAtAtAbAcAUAPAIADADACBtBvCEBgBhA6A7BHA2AqAoAaAfARASAGAFABAA
3538204,B1CECDBnBnBKA+A+A3A3AuApAiAWALAFACABABByBsB2BhBYA3A7BBA7A2ApAXAYASALAFACABAA
3538303,CtC1CIB+BNBOA7A3AsAoAeATAUAOADAAAAAAAACuCnCGBdBOA/AxA8AZAjASAWAHAHADADAAAEAC
3538501,BtCbCICGBXA3A4AuAnAyAlAgAYAIAGADABAAAAB/CcCaB7BdBAAsA9AvAvAiAbAPAMAIAFADACAA
3538600,B9CCB9BhBoBeBKA5A2ArAkAkAgATAKAFAEABACB8B/BwBwBOBFBEAtAwAmAlAfAaARALAFACABAB
3538709,B0CAB6BsBfBHBBA+A2AsAmAfAaATALAGAEABABBuB/B2BuBfBJBCA8A3AuAnAfAZARANAHAEACAB
3538808,B/CQCBB0BGBAA/BBA1AqAiAfAaAPAKAGADABABB1CRCABwBSBCBCBBAyAtAgAcAaANAMAEADACAC
3538907,B9CTCLB1BHAzA0A8A2AyAiAkAbATALAGAEACABB+CGCSBrBTA1A1BFA0AvAiAbAbANAJAFAEACAB
3539004,CUBbBzB9BXBNA5BKA0A5AgAmAWAYAMAFAFAAADB9BtCABmBcA9A9A3BDAuAmAdAaARAKAFAEABAB
3539103,CbCRCBBZBoBCBRA/A5AzAkAvAeASAKAEAIAAAACBCJBlB3BPAzAxA1AqAlAjAaAPAMAJACAJAAAA
3539202,CmCdCSB3BPBBAzAyA0AqAbAVASAKAKAGADAAAACWCYCDB/BaA0A5A6AqAgAaAVANAJAKADACABAB
3539301,B4CDB2CFBuA/BBA7A6AtAlAkAZANAJAEADABABBvCEBzBlBcBFA9A2A+AqAiAgAWARAMAHADADAA
3539400,B3CBB4CQBZA7A7A2AwAsApAuAeAZAOAEABABAACCB8CDBpBUA0A9AyAsApAsAiAgANALAFAJABAC
3539509,CBCFB+B5BbBOBCA5A1AyAmAcATARAJAIAHACABB4CDCGBpBPBDA+A7A2ApAhAaAQAPAKAHAHAAAB
3539608,CXCaCOB+BoBRBAA8AlAoAjAVAUAMALADAEAAABCqCFCKBpBaBFA4AsAhAlASANAOAFAGACABAAAB
3539707,CZB7CACABjBFBPA5A3AsA3ASAmATAEACAEAAACCNCdCCBnBGA4AvA6A2AZAcAUASAHAFACACAAAA
3539806,CTCaCSBiBaA+BBA8AyAoAhAZASALAIAEACAAAACWCKCEBkBXBFA+A5AxAjAgAZAVAPAIAFABABAB
3539905,B0COCNBmBVBAA9A/A2AtAhAfAcAVAFAIABACACCPCBCBBjBMBSBYAyA0AfAmAaARANAJAFAEACAE
3540002,CKCLCLB3BWBDA7AyAtAlArAfAYASAMAGACABABCFCbCNBvBZA9A8AxAtAgAiAaAVANAHADAFAAAB
3540101,B9CSCICCBQA2A6BCBKAsAaApAQAXAEAEABAAACCBCaCUBiBXAuBCAwAuAeAeAXAkAJAAAKAIACAC
3540200,CDCICCCABhBMBCA5AzApAbAkAaATAHAEACABAACHCLCFBoBTBFA/AwAwApAbAaATALAIAHACABAB
3540309,CACHB/CHCABUA8AzArAzApAHAaANALANACACAACWCACxBfBQA7A8AtApAiAXAMANAKAJAFACAAAA
3540408,CnCJCUBwBfBSBRAzA6AkArAOAUAIAEAGADAAAACYCaCEBsBbA1A5AxAnAbAPAgAIAKADAEAAAAAD
3540507,COCRCQBuA8BMA9A0BAAaAxApAWAUAUAFAJACABCGCBB4BrBDBGA2AqAuAiAsAiAcALARAGAEABAD
3540606,B5CECABtBVA8A7A7A4AqAoAhAhAVASAIAEABABB1CDB7BrBZA8A8A4AyAvArAhAeAUAMAHAEABAA
3540705,BwCHCEBpBcBABDBCA8AvAoAcAWAPAMAFADAAAAB3B/B7B0BaBFBGA/A3AuAfAaAWASAJAFADABAB
3540804,B5B5CAB7BjBCBFA9A7AuAsAaAaANATADADAAABB0CDB+BpBXA8BLA2AyAhAlAfAWAOATAFAFACAB
3540903,CYCGByCFCABxBZBBA9AeAfAXAUAHAGABACABAACICFB1BnBeA8A7AuAnAYAUATATAJAEADACAAAA
3541000,CdCKBvBaBZBQBMBBBBA1AcAfAZAYAOAGABAAAACRCOBkBYBIBPBFA5AvAgAhAiAUANAKAEACAAAB
3541109,CTCgCPCDBRAlAwA5BMAtApAaAWAMALABAAAAABCKCVCeBqBVAvAyAxA2AbAdAaAPAKALADADAAAA
3541208,CjCbCPB2BcA/A5A6AqAqAbAcAQAPAJAFACAAAACZCZCGBtBQBDAzA1AqAjAWAUAQAKAIAEACACAA
3541307,CWCnCJBsBLA9A/A9A3AoAiAaARAKAEAGACABAACSCjCRBtBWA+BAA9AtAgAVASAOAJAGADABABAB
3541406,CHCJCBBtBYBEA/A9A1AoAhAYASAMAJAFADABAACECICEB7BlBJBAA/AyAmAfAWARANAJAEADABAB
3541505,CHCJCLB8BcBEBEA/AzAnAgAYAUALALADACABAAB9CVCNBwBVBCA/A7AtAlAZAVAPAMAJAHAEACAA
3541604,CMCRCDBsBTA+A5BGA0AxAgAYASAQAOAFACACACCCCWCIBsBiA6BBA5AsAhAiAXAUAPAGAFADACAB
3541703,ChCNCFBwBZBCA9A5AwAsApAZAYAOALAEAEABABCYCMCIBwBWA7A0A2A1AkAaASAMALAJAHACABAB
3541802,CZCsCEB2BZA2BDAoA+AgAiAXAQAJAHACAEAAAAC2CUCPB+BIBEA1A6AaAdAbAXAHAFALACADAAAC
3541901,CgCLCOBsBUA1AvA6A6ArApAdARAHAPAGABACAACJCICIB7BLBAA3A0AoA0AaAZAZARAMALADABAD
3542008,CLCiCVCEBPBCA1AwA0AsAmAVAUAQAJAEAEAEAACBCaCYBpBJA3A9A2AqAnAbAVAVAHANAGACABAC
3542107,BiB0B/CCBTA/A9AwBBA8AxAmATAUAaAGAEAGABBiBsBwBnBmBDA1BFBLAyAmAiALAaANAPADAAAA
3542206,CRCaCFBuBPA/A7A9A5AlAhAYAUARAKAFACABABCMCZCEBwBPBGBAA1AtAkAaAaAPAOAJAHAEABAD
3542305,CQCcCpBrBOAqAxAxA4AjAgAhAdAbAQADABACAACHCiCBBsBCA3AuA8AjAtAmAfAVATAHAFAGACAC
3542404,CZCJB9B7BiBBBDA1A1AeAmAkAPARAJAFAFABACCGCNB8BkBZBEBCA2AxAcAhAZASATAJAFAFABAC
3542503,CMCBCUCABDBAAyA8BEAxAwArARASAJAFAAACAAB4CDCXBxBOAvA9A5A7AaAiAVAPASAPADABAEAA
3542602,CoCQCHBvBXBIBCA4AtAnAjAbAYAOAHADABABAACbCWB7BvBSA+A/AoArAgAiAaAPAKALACADACAC
3542701,ClCLCwBvBUBNBVAoAxAmAgATATAEADABAAAAAACPCYCSBjBbBEA4AuAqAsAaAOAQABAJAAADAAAA
3542800,C3CPCJBoBgBJAwA0AmAlAoAeAQAJALABAEACACCsCTCEB6BkA6AyAvAcAYAjATAUALAGACAAAAAB
3542909,CCCPB8B6BUA/A+BJAxAjApAtAgASALAIACABACCLB9B1BrBNA+A/AyAvAxApAaAUALALACACABAD
3543006,CsCWB1B2BiBIAsBBAuAhAnAbAPAOAJAAAEAAACC7CUB7BjBoA2A3AtApAqAVATARAKAJAAACABAB
3543105,CTCHCeByBZA+BEBEAxA4AjApANAQAIADAAAAAABpCRCJCDBEBAA4AuA4AlAhAUAPAJAIAAAGADAA
3543204,B7C4CBBnBkA3A4BIBFAnAhAgAPASALAHADAAAACICQB7BvBWBGAqA7AqAlAgAZAMAMAQAAADAAAA
3543303,CFCNB2BmBeBTBEBGA6AoAhAZAZAQALAEADABABCGCFByBiBeBKBBA9AzAnAbAdAUAQAIAHACABAB
3543402,BtB7BzBvBcBIBBA8A6AsAkAfAYAQALAFADABABBuByB2B1BpBQBFBCA8AtAmAiAaASALAHADACAB
3543501,CVCUCAB2BeA9BHA9A4AqAiATAUAMAIAKADABABCZCZCIBsBNA9A3A+AsAgAVAYAUALADADACAAAA
3543600,CVCODSCOB3BdBPA9AoAgAPAQAJANAGAAABAAAACaCIBgBxBWA+BBAoAgAXAQAOARAHAIACAAADAA
3543709,B/B8B7B9BRBRAxA+A+AnAxAYAdAZAPAHABAAABB2CLCHByBkA0AuBCApAyAnAXAbAKAKAFABAAAA
3543808,CKCPCOB1BVBGA5BAA+AmAgAaATATAHAHADACAACACRCdBrBNBDA4A9AzAfAZAWAQAOAHAFACAAAA
3543907,BtB3B6BiBXBFBAA7BAAzAqAgAcAVAQAJADACABBkB3BzBlBbBDBBA/BBAzAvAjAeAUAPAJAGADAB
3544004,CECTCLBqBvA8A+BEAxAjAdAgAdAKAPAJAEAAAACUByCGBwBfA6A8A1A1AhAUAhATAQAKAFAAABAA
3544103,C6CQCEBhBaBKBTBDAuAnAgAbAQAMAIADABAAAACkCpBwBQBNBKBDAxAlAdAjANAPAMACAGADAAAB
3544202,CTCMCYBkBoBLBAA8A9AoAgAVAUAJAFACAEABABCSCICNByBcBBA7A3AmAkAeAYAMAHADACADAAAA
3544301,CXCNCHBrBvAxAqA2AoAtApAZAVAUAQAEAJADAACWCOB/CLBNAlAwA5AhApAgARAaAeAQADADAFAD
3544400,CgCWCkBtBMBAA/ArA0ArAYAfARAMAIAFAFAAAACiCZCWBsBTBCA1AwAoAcASAUAHARAMADACAEAA
3544509,CsCNB/B0BMBDBAAmA6AsAkATAOAYAJACAIAAAACiCYCKBwBfA/AtA0AiAoAiAPAJAPAGAIAFAAAA
3544608,CJCbCNCEBYA4A7AyAsAyA1AjAVAQAGAFAEADACCUB2B9BpBxAyAyBAAwAmAfATANAJAGAFACAAAA
3544707,CfCWCtBxBZA8A9ArA9AkArAWAPAHAIAEAAAAAACNCgCTCFBIA+A7AlAtAkASAKAQAGAHADABAAAB
3544806,C2B9CUB/BPA4BQAtA0AnAeASAYARAOAGACACAACyB7C5BOBMAsA+AwA4AaARAPAMATAFAAAHAAAA
3544905,CLCICLBuBdBFBDBBBCAqAcAYAYALAIABAEADAACACHCPBoBXBEAyA9A0AuAXAjASAJAGAEAFABAA
3545001,CcCWB8B1BeBCA8AzA7AtAjAYAcALALAHACABAACJCZCIBcBQA2A8AzAyAeAgAXAYAPAPAEAAABAA
3545100,CMClCACKBkBHA/A+AuAnAoAXALAKADAGAAAAACCZCSCbBxBNA9A5AqAqAkAVAWADAMALAAACACAA
3545209,B8B0BmBuBdBUBGBEA8AyAkAeAbAXANAFADACAAByBzBtBnBXBFBABAA3AyApAkAhAXAMAGAFABAA
3545308,CXCpCABqBhBCA+BHA1AsAlAYAVAOARACABADAACZCVB6BgA8BGA0A1A5AgAiAMAPAQAGAEADABAA
3545407,CMCYCTBxBLBFA5BABAAgApAXATAXAPAFABABABCECPCCBpBYBAA+AyAuApAWAYAZANAGAEADACAA
3545506,DWCMCLBvBEArAnBOBQAqAYAOARAMAIAAAAAAAACkDKC1BMBKAmAzA+ApAsAGAIALADADACAAAAAD
3545605,B/B6CBBoBkA9BCA+A7AvAqAcAUAYAXAGACADAAB3B5BuBvBQBEBGA/BAAsAYAXAbASAQAJAEAAAE
3545704,CECeCUB1BZBABBA/AyAoAeARATATAOAEACABABCDCYCFB1BeBAA8A9AvAeAVAOARAQAFADACAAAA
3545803,B1CKB+BpBfBBBIA6A5AwAkAhAXAQANAGADABABB4CAB4BqBaBKBBBAA4AnAmAbAXASAMADAEABAC
3546009,CACMCBBwBWBCA4A5AvAkAyAtAXAKAKAKAGAAABCRCcCCBpBRA/AtA5A1AgAeAlAVANAKADADAEAC
3546108,CCCyCACMBJA9A8A2BIAjAbASAcASADAEAAAAAACeCaCTBdBXA+BEA0AtAVAbAUAOANAGACAAAAAC
3546207,BpCACYBlBFA4A4BGBFA9A3AUAcAaAWAAAEAAAAByB+CkBpBNAyA1AhBfAdAhAlAOARARAMAAAFAA
3546306,CECECEBvBiBYBGBAA1AiAqAcARAPANAEACAAABCDB+CEBvBcBHA2A3AyAfAdAgAQAQAJAEADABAC
3546405,CACQCGByBZBFA8A6A1ArAhAbAWAQAMAFADACACB7CNCFB5BYBDA4A6A2AmAcAUAUASAKAFADACAA
3546504,CkB5B/BhCVBeBOAqArA3AgAXAVAMACAFAFADAACKCPBVCHBUBPA7AeAyAaAcAZAVAKAFACAHAAAA
3546603,BrCcCIB/BYA4BBBCA4AuAgAaAQASALAFACABAACGB6CFB9BNBLBHBAAwAqAdAWARAPAFADACACAA
3546702,BuCbCHBuBgBFBDA+A6AiAvAbAdATAOACAEABAAB4CGB2B2BKBFA0A/AtAuAlAcAaATALACABAAAB
3546801,CUCWB+BpBZBOBFA5AxAoAdAbAbAOAKAHACABABCgCJB8BhBVBGA7AvAwAhAhAVAVANALAFAFAAAB
3546900,CXCBCFBqCRA0A/A0AzAWA0AdAbASALAEAMACAACcB6B9B8BaBAAwAmAwAoAnAMAJAHAOAEACAAAC
3547007,COCgB1BsBBAzBbAqBCAqAnAfAYAjAZAJAAAAAACNCQCFBIBHBIA9A8ArAfAYAgAQAjAQACAAAAAA
3547106,CrCqCPB9BGBAAwA6AyAvAXAVAPAPAGAFAAAAABCvCoCHB6BHA+A7A2AiAaAZAPAKAFAHABAAAAAA
3547205,COCqCSBwBfBdAwBLAoAiAeAgAOASALACACAAACCUCDB3B6BPBGA6AuApArAbANASAJAFAAAHAAAA
3547304,CwBxCHBkBbBBBIAqAwAsAuAgAZAeAQAHAIABAACRB8BeBnBjA4A3A1AjAmAlAhAbAeAKAGADAAAA
3547403,CvCYCFCKBVA2A+BDA1ArAgASAPAQAFABABAAABCYCUCWBkBOA7A9A1AqAcAbASALAJAGAEABAAAA
3547502,ByCFCGBwBTBAA8BKA6A4AnAfAZAQAKAJAFABACBvB/CABlBRA/A6BDA3AqAjAgAeARALAJAEADAB
3547601,CDCSB2BtBVBDBABEA9A5AkAdAWAPAJAEADAAAACBCTB0BnBUBAAzBDAyArAdAbAWARALAHAEABAB
3547700,CPCTCKB1BYBCA2A9A0AsAfAXATAOAJADACABAACPCYCCB0BdBCA2A6A0AlAWAVARALAHAEAFAAAB
3547809,B3B+BxBlBnBXBSBEA9AtAhAaATANAIAEACABAABzB5BxBoBkBUBLBBA4AsAiAZAVANAKAFADABAB
3547908,CcB/B7BmBrBJA9BAA7AqAsAdASANAJADACAAACB/CLCJBeBWBEAuBDAxAlAiAcAPAUAFADAFAEAC
3548005,B4CZCHBuBgA+A/BAA8AjAhArAbARAMAHADACACCGBzCLBnBKBFA5AyAyAnAlAdAUAUAPAEADABAA
3548104,B/CHCaBzBbA1A6BAA6AqAoAsAaAPAQAFAEAAAAB1CNB3BzBKAmBCA1A3AyApAWATARAOAEAFACAC
3548203,CgCYCZBgBPBEA0AxA0AdAcAlAUARALADABAAAACpCTC6BSBVAzA0A5AkAkAeAPAZAEAPADAAAAAC
3548302,CyCrCOBzBQA3A9A5AkAiAiAVASAKAGAEAAACACCUC1CQBxBYA5A8AsAhAhAZAOAHAOADAFAEAAAA
3548401,CxCTCRCCBBBFAzAkBGAeAcARAcANAEAAAHAEAACPCYCQBqBoBAAsA1AcAfAXASAbALAPAFAEAGAA
3548500,BfBmBeBZBZBSBPBIBEA4AqAiAdAWANAHADABAABbBjBfBmBiBRBQBLBFA3AtAoAgAZAPAJAFACAB
3548609,CTCVCTBvBMA6A0ArAiA4AlAjAVAQAKAGADADAAChCTB9B8BZA+A2A2AlAqAhAZARAQAFADACABAB
3548708,CBCHBzBlBxBgBYBHA7AnAdAWAPALAHACABAAAAB/CCBwBlBjBVBMA+AxAjAbAVAQAMAHAEACABAA
3548807,BeBoBkBnB1BdBQBFBEA3AnAgAYANAJAFACABABBfBnBlBpBoBVBLBBBCAzAoAhAXASAMAHAEACAB
3548906,BwB4B3BrBsBIBCA6BAAoAlAfAbAWARAHAEABAABqB1BzBuBfBDA6BAA3ArApAjAeAYAPAHAEACAB
3549003,CwCcCBB3BQBNBCA/AsApAXAdATAKAIAGABABAACoCRCYBrBMBCA3AzAmATAWATAUADAEAEACAAAC
3549102,B1CCB5BpBZA9A+A/A/AvAlAgAXAWANAHADACABBxB9B/BuBWA9BABAA6AvAnAfAcAWANAGAEACAB
3549201,CgCgB6BrBnBSA/A4A2AqAOAQAcARAKACACACAAC3B5B9B4BVBLA4AiAmAVAbAcAMAOAJAAADADAC
3549300,B4C+CKB6BiBOA3AwArAxAjATATAOAKAAAAAAAACkB6CZB+BbAyA4A3AbAoAUAUASAMAKAAAAAAAA
3549409,CDCICKBuBhA9A9A8AzAnAmAbAYARAIADABABABB4CLB3B7BZBFBHA0A4ArAhAaAYANAIAFAEABAA
3549508,CcB6CFB5BoBPA9A/AwAzAhAZAWAQAGAHABABAACXB6CIBnBTBDA0A2AnAkAcAYAUASAIACAGACAA
3549607,ChCmCWByBMA1AxA4AxAqAiAWAWAPAMAEAEABAACyCfCSBYBJA9AwA1AwAkAUASARASADACACABAA
3549706,B4CACMB4BfBAA5A4A4AtAjAhAaASAKAGAEABAABtCFCCB7BSBAA6A3A4AvAjAdAXATALAEAEACAA
3549805,BlB8B7BqBZBDBBBCA+AvAlAcAXAPANAGAEABABBmB1B7B1BlBPBJBEA+AtAmAdAZARAMAGAEABAB
3549904,CWCLB4BsBqBRBFA5AyAlAeAVARAMAIADACAAAACSCOB5BvBmBOA9A2AtAjAeAVARAMAIADACABAB
3550001,CcCjCLBtA/A4BCAyA3AnAoAVAYASANAKAEAAABCYCgCFBtBCBCAyAsAoAhAjAWAYAVAIADADABAB
3550100,CECJCCBuBaA/BAA7A0AuAkAoAcAUAIAGAEACABCCB7B/BuBUA2A5A9AzAsAhAhAYAQALAHAFACAB
3550209,CZCPB+BpBVBAA+AzAvAqApAbAeASAMAFADAAABCNCPCMBoBWA6A2A5AyAsAdAWAcAIAMAEAEAAAB
3550308,BvByBmBeBmBWBNBDA+AvAkAdAWAPAKAFACABAABtBvBnBpBqBWBOBFA+AxAnAgAZATAMAHAEACAB
3550407,BxCHB5BzBfA9A0A3A5AsA0AgAfAYAQAGAFABAABhCCB7BwBXBDA7A8AzAyApAfAYAUAOAHAJAAAA
3550506,CZCJCABjBtBJA0AzA1ApAgAYAdASAIAFACADABCdCPCOBsBXBBBEAqArAoASAgAPAMAFADACABAB
3550605,B9CHB9BpBdBCBFA4AyAtAmAjAhAWANAIADABAACDB+B2BlBSBBA8A6AtAqAkAiAfATANAHAFACAB
3550704,CQCJBvBiBxBWBJBBA2AnAlAiAcAKALAHADABABCHCDB3B0BRBAA4AxAoAcAiAmAQAQAIAFAGAEAB
3550803,CDCTCDCJBmBDBLAvAnAqAlAbAYAWALAFAAAAACCDCIB+B4BYA7AxA2AlAqAjAZAQAPAMAEACACAD
3550902,CECICIByBYBOA3BBAyAjAlAkAZAPALAHAEAFABB+CACCBvBZBCA1A5AxAkAeAfAYAOAKAFAGADAB
3551009,CHCCB1BjBUBKBIBDA9AtAhAcAVARAJAFACABABCCCCByBmBZBMBJBBA4AqAjAdAXARAKAFAEABAB
3551108,CsCWCFB3BOA/BEAmAqAlAhAsAlAVAVAJACACAACnByBgBeBeAyA/A3AqAcAcAgAaAQAPAHAGAAAC
3551207,CcCbCOB8BEAzA4BEA4AlAaAYAWAWALAJADAAAACLCfCcBeAtA/BJAzAvAnAiASAYANADAHAFADAA
3551306,CVCRCzBpBlBAA3ArAmAkAoAZAZAXAPADAHADADCMCNB3B6BVA/A9AxAwAlAWAHAUANAFAKAAAAAD
3551405,CJCaCIB2BQBAA2BPAoAoAoAZAbAUATAGAEAAAACWB/CSBmBLBDA3A7AtAbAaAaAZAJALAGAAAAAA
3551504,CeCBCGB9BnBSBFAyAxAfAmAfAUAOAKABABACAACJCLB4B5BdA8A0A5AkAmAlAZAMAKAFAEADABAB
3551603,BsBwBuBwBgA+BEA3BHAuArAfAkAdANAMAFABAABuBsBzBlBXA8A6A6A+A2A0AqAbAVAPAKAGADAB
3551702,B4CNCABxBnBQBJA9A1AqAhAbAXARALAFADABAACAB/B1BtBZBQBAAzAyAlAfAZAWASAMAFABAAAA
3551801,CgCPCBB/B2BTBMA0AvA0AlAdAZAKAJACACADACCaCIB3BmA9BBA2AyAiAgAbAVARAJAFADAEACAB
3551900,CPCaCGB/BiA6BIA7AvAgAZApAcAHAGAHAEADABCICGBzBvBeBEA5A4ApAoAgAeAPAJAGAHACAAAA
3552007,CMCkCOBzBPBPA/A2ArAcApAZAYAVALAEADAEADCQCbB5BvBHBCBBAvAkAkAjAXATANANACABABAA
3552106,B7B7B+BxBbA8A8A2A6AsAmAoAiAaAOAHADABACBxB4B4BxBgA1A5A/A4ApAmAnAbAWAMAGAEABAC
3552205,BwB7B4BpBeBIBCA6A6AvAmAgAaARAMAGACABAABuB4B4BsBbBKBBBAA+AxAmAjAcAUANAHADACAB
3552304,CcCiCRB6BYBHA6ArAsAkApAXAZANAFAEACAAABCuCeCICJBNApA5ArApAgATAVAPADAFAAADAAAB
3552403,CMCNCBBoBgBSBKA+A4AsAhAYAWATAHAFADAAAACCB/B4BoBTBLBCA6AzApAeAbAWANAHAEACABAA
3552502,CVCSB8BpBaBKBHA8A5AoAeAdATANAIAEACABABCVCNB2BnBVBJA/A5AuAmAdAZATAOAIAFADABAB
3552601,CIB7CFCDBcA7A3BIA2ArAhAiASAPAKAHAHADAACJB5CPBqBZA1BIA3AyAgAiAfAPAPALAGAEAAAA
3552700,B+CFCFB2BMA5BKA8A1A9AtAoAXAaAHAMADAAAAByB7CBBbBHBOBDA6A/AeAoAdAaARAIACAEABAC
3552809,CmCeB3BaBYBZBVA8A0AkAZAOAMAGADADAAAAAACpCSB6BjBXBWBJA/AtAgAaANALAIAFAEAEABAA
3552908,ClCsB6CDBOBKBAAzAzAjAdAeAWAIAHADAAABAAC9CfB7B1BRA2AsAxAjAYAXAQAYAEAHACABAEAA
3553005,CSCiCJByBlBNBCAvAyAmAlANASAFAJAGABABABCCCqB+B5BhA+BBArAlAkAZAQAZAHAEACAAACAB
3553104,CCCCCJBsB/BABMA7A4AuAzAOAdAQAOAFAFAAAACOBwBlB5BcBBA3AuA9AfAWAZAQAOAKAVACAAAA
3553203,BnB7CEBjBrBCBTAyA1ArAWApAzAeAMALAEAAACB7BgBqB0BhBCBMAxArAiAmAmAiAbAOAAAFAGAA
3553302,BvCKCHB1BZBMA+A+A/AuAnAeAaASAKAIACAAAAB3CACKBlBUA/BAAyA5ArAgAbAXAVAHAJADAAAB
3553401,B6CMCKB1BhBIA7A7A0AmAiAaAaAOANAFAEABABCBCICFB3BaBDA/A0A1AlAcAXATANALAEACACAC
3553500,CbChCCBwBVBUBBBCA6AeAnAqAZAMAIADAAAAAACZCaB8BKBVBIA4A3AnAdAgAWALAJAEAEAAAAAC
3553609,CPCNCJCABoBAA/A1AyAgAlAbAUAPANACAHABABCaCSCABrBRA6A9AtAoAgAmAVASANAHAHADAAAB
3553708,BzB/B9BvBVBMBHA7A3AuAkAmAbASALAIADABACBxB+B2BsBWBEBBA6A6AqApAhAYATALAGAEACAC
3553807,CICWCTB6BbBHA+A9AvAoAdAeAXARAHAEAEAAAACBCWCCB0BQBCA7A6AtAiAgASAQAJAGADAEACAB
3553906,CbC6COBvBBA/A/A0A0ArAWARAOAKAKAAACAAAACWCuCSB4A/BBBCAxAeAnAeAQALALANAEADACAB
3554003,B+CHB0BpBNBCA9A6AzAwAnAgAfAVANAIAFACABB6CBB5BiBVBKA7A9A3AzApAgAcAUAMAIADADAC
3554102,CCCPCBBrBYBBA/A3AyAoAhAdAYANALAGADABABCFCIB9BvBbBEA7A6A0AoAlAdAbAQAMAIAEACAB
3554201,CIChCGB3BlBIA2AuA/AsA0AeAUAHAGABAFAAAACJCZB8BnBXBCA2A7AuAqAZANALAJAGACAFAFAC
3554300,C9CtCIBvBRBHBDA5A1AlAfAWAOAGAEACAAAAABC1CoCJBnBOA9A0AzAjAaASAPAIAEACACABAAAB
3554409,B4CoCKBzBMBABEA1A3ArAlAdAcALAUAGAAABAAB7CLCBB4BRBJBCAxAtAdAfAhARASAJAFABABAB
3554508,BuBxCBB6BbA3A6BEA3AwAkAgAhAbASAIAFACABBfB4B1BxBYA4A2BDA/AqArAnAkAVAQAJAEAEAB
3554607,CdCYCjBqBXAnA2BIA6AkAXAYAXASAIAHAAACAACfCiCYBhA/BEAoBGApAhAUAaAKANAMADACACAA
3554706,B8B7CCB6BNBJA8A9A1A7AwAZAXAaAMADAHAEAABhCAB+ByBbA9A+AtA+AqAlAkAWAZAOAFAAABAA
3554805,CNCjCFBkBJBEA8A4AzArAdAhAZAPAOAEADAAADCVCUCABeBNBEA6A3AvAnAiAWAYAQAQAFAEABAB
3554904,CeCXCUBoBQBCBAA5A8AkAhAWAUAQAIAEADAAABCeCQCHByBMBHA4A5AlAeAXAZATAHAJACADACAA
3555000,CDCICBBwBOA/A/A6A7AqAiAdAYAQAMAHAEACABB7CHCJBrBXBHBAA9A2ApAgAcATAQAMAHAEABAB
3555109,CGCICQCHBMA/A6A5A+AoAYAgASAQALAIAFABABCECBCRB7BYA4A6BCA3AbAdAdAOAOAKACACABAB
3555208,CRCUB5B9BdBaA6A2A1AeAoAcAMAPAUAGACAAADCbCRBtBZBwBUA/AgAbAuAaATAUAUAGABAAACAC
3555307,DECABsCcBeBLAzA/A5AmAOAoAWAIAFAIAAAAAACtCKBwBtBWBAAqBLAoAMAfASAKANAIAEAAAAAD
3555406,CeCcCIBoBUBFBFA2AtAkAhAaAbATAQAFAEACABCTCXB7BoBSA6AyAwAnAjAmAVAVATAIAHAEABAC
3555505,C7CBCLByBoA9AyA5A1AwAaAZAUATAIAHACAAAACjB6CWCSBZAuAzAnAyARAiAQAHAGAFAFACAAAC
3555604,B2CJBuCCBcA5A2A7A1AoAsAmAgAMAOALAIACAAB/B2CHB5BVA7A0BIAzAvAtAUAZAQANADACABAA
3555703,COByCPCYB7BRApA1AlAsAiAaATATAMAAAIAAAACNCcB/BdBcBLA5AfBDAhAUAmAGAMADAAADAAAA
3555802,CcCSCVByBYBIA5BAAvAoAgAZAUAJAGAHABAAAACRCWCQBsBWA8BAA0AnAiAZAWAMAMAGACAEAAAC
3555901,CGCjCEBvBVBBBRAuArA0AqAxAAAYAJAFAFAAAACsB9CCBRBTBPA6AnAtA2AQAaAHAQALAIAAAAAA
3556008,CBCHB/B8BUBHA9A9AzAkAsAgAXASAKAMACABADB5B/B3B5BcBAA4A8A7ApAbAbAXAPAOAEACACAB
3556107,CSCTCHB+BOA1BIAzA5AlAtAWAhAOAHAFADAAAAB7CUCEBoBjA0BPA2AnAuAfAWAOANAHAFABABAA
3556206,CCCCB3BmBgBQBPBEBBAmAiAdAYAUAKAEACAAAACEB9BxBmBXBOBCA+AzAmAgAeAYAPAJAEACABAA
3556305,CLCcCOB6BTA8A6AxApApAjAcASAVAMAEAFABABCLCMCRBpBZA9BAAyAxAiAfAZASATAIAFABABAB
3556404,ByCBCIBqBcA7BCA9BGAyAhAZAUAWAKAJAGADAAB1CHCBBnBWA+A1A7BCAzAfAfAXAQANAKAFAAAB
3556503,ChCWB8BnBiBRBJBCAvAnAZAVARALAGADACABABClCKCLBQBcBQBFAyAzAaAXARALAMAIACAFABAB
3556602,CPCACCCGBZA7A9A3A+AqAbAeAWATANAJADABACCACJCFBxBVAyAvA8ArApAlAdAcAVAHAJABABAC
3556701,B0CMB6BtBjBPBGBGA/AzAfAaAaAQAJAGACAAAACEB5BzBnBPBJA9A6A5AgAmAgAYARAKAGAGAAAB
3556800,BpCPCDB9BfA6BEA4BEAsAsAXAWATANAKAEADABByB1B2B1BPBDA1BDA0AxAfAeAbATAMAGAEAEAC
3556909,CLB2BqCKBvBJBUAsBBA4AXAWAbAHADAAADADAAB9B3B6BtBSBjA+A9BFAcAYAbAHAaAJAHAAAAAA
3557105,B8CDB7B1BZBDBFA4A0AsApAcAVAPAIAFAEABABB2CDCMB3BeBJA/BAA0AsAhAcANAPAIAEAFABAB
3557204,CTCjCFB7BiBBA+A9AyAmAgAaAUALAIAFADABABCbCKCKBkBUA9AyA8AsAbAfAWARAJAJAGADACAA
4100103,C1CpCQB1BdBBA1A3AvAeAiAUAQAOAEACAEAAAACiChCTBrBIBGA0AqArAfAUAUAMAFADABACABAB
4100202,C9CfB4BqBKBGBGA1AqAkAcAbAXAOAEAFADABAACzCiCJBgBQBCA4AwApAfAbAPAQAHAIADACABAB
4100301,CyCnB7BvA6A7AvA3A3AwAZAaAXAOALAIAFACABCwCSCNBmBSAvA5ArA+ApAPAlAXALAAABACAAAA
4100400,CaCWCHBzBeBGBGA3AsAnAhAeAgAUAKAIAEACAACbCLB0BrBLA7A6AxAmAeAiAdASALAIADACABAD
4100509,DECoCLBlBZBEBIA1AvAhAZAUAMAKAFABABAAABDBCrCMBoBRA8A4AqAcAZATAQAKAGADACABAAAA
4100608,CqCpCRBrBSBGA9A5AxAnAdAUAWAIAFAFADACABCsCZCABzBRA+A+AwAkAaAeATAJAJAFADABAAAA
4100707,DACvCOBvBYBEBAAwAxAhAbAUAPAHAEACABAAAADJCXCOByBPA3A3AtAjAbARAMAIAFADACABAAAA
4100806,DNCRCDBiBgBVA8AyAuAkAbAUAMAHAGAHACACABC6CXB7B7BWA5A6AsAqAbATANAPAIAGACADAAAA
4100905,CeC8CAB/BABdBIBFAaAnAYATAPALAHABAAAAAACxClCNBeBNBAA0A5AaAjAcASAOAGACAAACAAAA
4101002,C/CzCUBkBOBEA+A0AoAfATASAKAJACACABAAABDKCiCfBxBVAzA5AoAhAWAVAUAHAIACACACABAB
4101101,CUCYB9B3BeBHA7BBAuApAgAYASAPAHADACABAACZCWCBB2BYBGA3A3ApAiAYAUAPAJAIAEABABAB
4101200,CeCTB5BmBMBKBGA0AsAqAiAhAbAPAPAHACAAABCjCHB2ByBUA+A6AwAmApAgAaAZARALAEADABAB
4101309,CRCOCAB3BgBEA/AyA0AzAdAgAlAXAKACAGABAAB6CKByBwBJA3A4A1AvAvAlAjARASAMAEAEAAAC
4101408,CXCVCDBxBYBKBDA5AuAlAbAXATAMAHADACABABCYCLCEB8BiBKA/AyAtAeAaAVAQALAHADACABAB
4101507,CFCRCDBuBdBIBBA5A2AjAgAaAUAMAJAEACABAACFCICBB+BlBIBBA5AwAfAeAYASAKAIAEACABAB
4101606,CXCjCMB/BZA3A4A8AmAlAsAcAdAJAEADAEACABCnCPCIBvBSA3AvA+AmAiAiAUAOAEAJACABAAAB
4101705,CpCcCIBwBWBDBBA+AxAqAhAaANARAKACADAAAACZCZCMBqBPA3A4ArAsAmAZAZAMAHAFAHACACAB
4101804,CPB+CABtBkBCBGA4ArAuAoAjAVATAJAFACABABCJCBB2ByBXA/A/AvArAmAnAfAdAUAJAGAEADAA
4101903,CmCWCCB0BeBNBAAvAtAmAfAXAOAJAGADACACABCmCUCEB6BcBFA7AxAoAeAWAVALAIAFAEACABAA
4102000,DJCiCEBoBdBSBEA4AuAfAXATANAGAEACABABABDJCkCFBrBXA/A3AoAeAYAPAOALAGADACABABAA
4102109,CcCVCMB3BeBFA9A5AnAnAhAbAPANAIADAEAAAACTCWCHB+BWA+A7A0AlAfAbATAQAKALADAAABAB
4102208,CiCWCKByBjBNA4A+ArAmAUAgAUAJAFAGADAAAACoCWCPB2BKBKAyAxAoAdAYAPAPALAGAAAAABAA
4102307,CVCNBrBrBTA/BNAxA1ArAgAmAeAYAJAIADACABCKCSCHBdBVA8AyA1AvAcAyAoAYARAIACACAAAA
4102406,CfCYCIB7BZBLA6A3AwAgAdAXARAMAHAEACABAACoCVCIByBWBAA6A0AoAaAaATAMALAFAFADACAA
4102505,DSChCLBtBlBGBBA4AtAeAXARAKAJAGACABACAADSCWCABtBWA5A1ArAfAWAQAQALAGADABABAAAA
4102604,C5CpCTB7BVBFA1A0AnAcAZAXALAGACABABAAABCxCyCWBwBSA/AzAqAeAbAXATAKAHACACABABAA
4102703,C2CeCUBqBNBLBLA9AzAnAUAWAIAIAFAAACAAAACuCxCKBuBLBCAoA5AiAgAPASAKAJADABABABAA
4102802,CbCZCBB1BhA/BAAyA6AhAaAZATALAKAEACACABCYCRCJB6BbA6A2A3AsAdAdAWAQALAIAFABAAAA
4102901,CRCcB+BhBXBEA5A4AgAfAgAfAPAKAIACABAAAADDCjCaB+BiBDAsAzAiAnAVAQATAIAFADADABAA
4103008,C5CiB5BrBRBDBHA+AxAoAgAYAVALAHADAEAAAAC0CWCCBpBKA3AvArAsAbAdAYAMAMAHAGAEADAC
4103107,ClCVCEB+BbA0A1A0A0AzAhAgAbARAEAGACABABCNCTCMBsBWA0AuA6AvAqAkAOARAHAFAGABAAAC
4103206,CtCqCRB0BnBAA5A1A0AfAbAVALAIAIAFACAAABC4CSCNBwBZAzAsAwAjAeAbAPAJAJAFACADABAA
4103305,DICaCIBsBgBJA+AuAtAlAdATAQAIAFACABAAABC9CYCJB0BXA7AxArAjAeAVAQAKAHAEADACABAB
4103404,DMCkCBBvBLBNBFAvAzAcAaARAPAMAEAEAFAAAAC4CvB1BmBZA8A9ArAoAYASAUAMAFAHACAAAAAA
4103503,CgCgCMB9BhA+A8AyAtAjAgAVAUAIANACAAAAABC1CUCRByBRA8AvAyAlAgAVAUAOAGAHAFABAAAB
4103602,COCJB2B8BfBDA8A5A+ApAfAaAWAOAJAFACABABCGCOCHB6BZBCA9A1AuAkAdAZARAKAIAGACABAB
4103701,CdCWCCByBaBGBGA3AvAjAfAYAVAMAJAFABABABCYCVCDB0BbBDA/A2ApAZAdATARAJAHADADABAB
4103800,ClCcCNCCBjBHA3A7AvAfAcAWAOAOAGADACABAACVCkCPBzBRBHA6AvAqAUAYAPAMAHAEACACAAAA
4103909,DRCtChBtBZA+A2AyAqAbAYASAOAHAGADABAAABDWCpCUByBEAyAvArAdAXAPALAIAFADACABAAAA
4104006,CvCkCFBkBvBOBEAyA2AoAZATAVAQAHADADAAAAC5CRBvBiBOBIAwA5AkAeAZAWAJAIAEACABACAB
4104105,C5ChB1BhBDA/A0BCAxAXAhAcAdAcAKACACABAACqCNCKBpBJA7A2BBAmAmARAkAUANAIAFAGAAAA
4104204,CUCSB4BsBXBDBDA4AsArAmAcAXAOAKADADABAACYCSB2BpBUBKBEAyAwApAmAbAQAOAIADACAAAA
4104303,CtCjCKB3BWBEA/A2AyAiAXAUAQAKAFACABAAAACpCdCQB4BYBBA1A1AmAaAUAPANAGADABABAAAB
4104402,CnCgCGBpBeBGA8AwAyApAYAVAUALALAEABABABCrCVCFBtBMBEA1A3AsAjAcARANALAKADADABAA
4104501,DFClCWBsBYBGA9A0AqAbAYATALAKAEACABABAAC0ClCOBtBWBAAzAwAgAZASAPAOAHAFACACABAB
4104600,DJC8CUBsBcBGA4A7AlAfAXAJAKAHAFACACABAADWCpCDBlBSA8A0ApAfAXARAMAHAGACABAAAAAC
4104709,CiCRCMByBfA9A8A6AzAiAfAZAYANAJADACAAAACfCaCCB7BPA5AzA7AoAbAhAUASANAGABABABAA
4104808,DECiCCBwBaBMBEA3AtAfAYASANAGAEACABAAAAC4CjCGByBYBHA4AuAcAbAVAOAKAEADACABAAAA
4104907,CXCNB8BtBYBEA8A2AvAnAhAgAZAPALAGADABABCdCJB4BrBZBGA9A3AvAoAfAbAUAMAJAEADACAB
4105003,DWC5CVBoBaBGA+AvAqAcAVASAKAIADACABABABDbChCABmBRA9AuArAgAXATAMAGAFACACABABAA
4105102,CjCeCMB+BdBCA/AxA1AmAcAXAOANAEADAAABABClCaCIBzBTA6AwA7AnAgAUAXALAJAFACABAAAB
4105201,C2CTCRB3BUA9A9AvAtAjAlAVAUALAJACADAAABCoCYCCBwBbA/A2A2ArAbAWAVARAGADACACABAB
4105300,C8CwCKBtBhBJBHAzA0AjAWAPAOAIACABABAAAACvCvCCBrBTBBAwAyAjAWAVAKAJAHAGAAABAAAA
4105409,DMCpCQByBZBHA9AyApAdAZATAIAIADAEAAABABDDCkB/BtBdA+A1AqAgAdAVALAKAGACABABABAB
4105508,CiCiCHB1BcBBBAA4A3AmAcAXAPAKAGACABAAAACcCXCFB3BbBCA3A2AtAcAVASAOAHADADACABAB
4105607,DHCsCPBZBNA+BBBDAuAlAcAWALAIACADAAAAAADEClCMBmBPBEA0AoAfAjAYAMAJAFAGAAACAAAB
4105706,CwCcCJBxBjBDA2A1AxAeAZAVANAJAGADABACABCtCaCHB3BjA/A3AxAqAYAbAQAOAHACAEADABAB
4105805,CtCYCABjBYBLBLA0ArAiAXAZAVANAJAEAEABAACtCSB2BpBeBDBAAzAoAdAbAWARAMAGADACACAB
4105904,ClCYCEB4BYBMBBA5A5AjAgAYALAJAHABACABAACvCUCLBrBSBCA2AuAwAaAaAOAOAIAGACACAAAC
4106001,C4CeCKB7BSBCA4A0ApAjAgAVAWAPAHAEABABABC9CLCUB0BWAwA2AqAkAdAYASAOAGAFADACAAAA
4106100,DgCVCQB1BSA8BCA0AxAfAYAWALAMAEABAAAAAADJCuB5B2BWArAzAvAmAQAZAJAKAFACAEABABAB
4106209,CZCABxByBkBDBFA1A1AnAqAcAdATAJAHACACAACcCBBpBmBTBMA4A0AsAqAqAWAcAMAMAHADABAB
4106308,DOClCKBuBgBLBHAyAsAfAaARAOAHAGABABAAABDEChCGBnBXA5A1AqAhAWATAQAJAFADABABAAAB
4106407,CXCTCLB6BaBBA6AzAyAnAfAYAVAOAGAEACABAACTCQCEB9BfBBA3A3AsAiAcAWAPAKAIADACABAA
4106506,C7CnCWBvBXA+A7AyAqAhAVAQAQAKAHADADAAAAC0CnCHB7BNBAA3AwAhAfAWARAKAHAHABACAAAA
4106605,C8CjCFByBTBFBAA4AxAfAeAWAMAKAEACACAAABC0ClCKBxBUA5A0AzAlAgATANAKAHADACACAAAA
4106704,CyClCEB/BeBPA2A0AmAqAfAZAPAOAGAGAAABAACtCZCDBtBWA2A+AhAnAeAbARAHAIADACAGAAAA
4106803,ClCVCFByBQBHBCA0AkAfAsAbARATAMAFAGABAACgCbByBrBNA/A2AxApAlAdAdASAWAKAFABABAA
4106902,B8B/BsBnBfBMBGA9A3AqAhAaATANAIAEACABAAB9B8ByB3BrBTBIBCA5AtAjAdAWAQAKAFADABAB
4107009,CnChCLBrBSBCBDAyAzAoAcAhARALAFAEADACAACxCXCCBxBVA5A7AvAjAjAaARAPALAHABABAAAA
4107108,DLCXCFBpBZBXBWA1A1AfAVAVAHALAHAAABAAAACnCmCQBxBOBFA1AqAeAbAUAOAGAHADAAAAAAAB
4107207,DEC7CUBrBeA/A5A0AoAbATAQAKAGADACABABAADGCqCOBzBVA6AyAtAeAYAQAOAIAHAEABACABAB
4107306,CrCaCYBkBVBLBGA4AzAqAbAWAXAIADADABABAAC7CKCNBnBJBDA7AqAsAdAWAQAPAHACAHAAADAB
4107405,C+C7CbB+BpA3A1ArAgAdAZAUANAEAEACAAAAAAC1C6CNBvBWAzAwAnAeAYAVAPAJAGAEAAACAAAB
4107504,CyCpCMB1BYBKA8A0AtAmAkAVAOAIAFACABABAACyCaCKBwBbA4A4ApAiAfASATAIAFAEACACABAA
4107603,DFChCIBsBVBCA7A2AqAlAcAVAOAJAHACACABACDBChCIB1BVA2AzAwAmAdATASALAFADABACAAAA
4107702,DECpCMB0BcBCBAA3A1AfAbATAQAGAFACACAAABC3CoCKBVBQBBA7AsAoAVAWAPAHAFAEADABAAAA
4107801,CgCcCPB0BbA9BHA1AuAqAZAWATAJAFADACABAACiCeCcBtBOBEA2A5AoAbATAXALAIAGAAABAAAA
4107900,CcCTCiB7BaBJA2A2AzAjAcAQAVAPAGAIADABABCbCYCWB2BLAvAxA3AvAdAXASAOAKAGABADABAA
4108007,CaCmCNB9BaBZA8A2AuAmAcAgANALAGADACABACCwCVCIBtBbAyAxAwAsAZAbAQAKAGACABABABAB
4108106,CfC3CbB4BcA9A1AoBAAYAWAUAWADAIADAEAAAACcCmCkBwBWA0AtApAeAdAaAiAIAIAGAHAAAAAA
4108205,C6ChCFBxBkBRBFA2AzAgAWAWAOAIAHADACAAAAC8CiB8BsBXA9AzA2AhAVATAOALAHACACAAABAB
4108304,CuCnCEB1BjBJBDA4ApAgAaAXAQAHAGACACABAACrCZCAB2BdBGA0AzAiAZAWAQALAIADADACABAB
4108403,CoCgCPB9BcBBA9AvAoAfAbASAJALAGADACAAAACnCpCQB8BiA9A3ArAjAfAWARALAIAEABACABAA
4108502,DCCWCSBlBTBOBBA1AtAfAgAVAOAQAJAGADAAAAC6CMCABjBhAyA2AzAlAWAdARASALAJADACADAA
4108601,DBCrCMBuBbBGBAA4AyAhAZASAMAHAFACACAAAAC3CsCIBvBWA6AzAwAiAXARAMAKAFADABABAAAA
4108700,DOCYB7B/BeBHBFA1AtAdAdAVARAHAGABABAAABDOCSCEB1BWA3AyAuAfAaATANAJADAFACABAAAB
4108809,DACgCIBpBUBFBDAwAuAlAaAaASAJAHADACABAAC4CfCFBvBbA7AzAwAkAeAWAPAMAGADACACABAA
4108908,CsCvB0BfBnBJBcA2AtAuAVARAPANAEAAAAAAAADJCZB2B2BHBGA2AtAvAaAOAWAJACAGADABAAAA
4109005,CoCtCPB1BLBKA6AqA1AkAuASAUALAGAEABAAAACoCkCNBqBDA/AzA6ApAjATAOALAKAGAAACAAAA
4109104,C+C1CJBhBjBDA+A0A5AbAdAOAQAKAFAAABAAAADCCcCIBwBMA+A3AuAdASATANAYAHAIAAAAAAAA
4109203,CiCbCPBsBlA6BDAmArAqAcAeAcAKAHAEAAAAABCtCKCUBwBUBCA1AyAnAhAfAZANAFACAEACAAAA
4109302,DACwCKBvBVBFA4A6ArAhAZAWALAGAEACABAAABDDCpCHBpBMBHA5AsAiAWAXAQAHAFAEACABAAAB
4109401,CqCdCABtBWBHA5A4AtAjAeAXARAMAGACACABAACkCeCBB4BZBGA5A2ApAhAdATAMAJAEACABABAA
4109500,CdCmCDB8BYBCBNAuAoAzAqAlAZAPAIACABABAACaCWB8BmBTA3AoAvAoA3AXAPALAOAEADABAAAA
4109609,CqCUCNBvBNBJA5A2AyAwAeAZAVARALAHAEABABCqCJB9B2BJA+A0AwAkAjAbAXAOAMALAFAGABAD
4109708,CtCdCCB3BfBEA+A1AtAlAkAXATAMAIAEABAAABCuCWCKBrBTA7A1AzAmAgAVAVANAHAEADACABAB
4109807,CNCaCNBzBeBCA6A/A1AiAgAcAPANAKAGADABABCKCTCBB8BaBAA6A2AoAhAgAYARAKAFADADABAB
4109906,DHCmCGBoBRBHBFA1AxAjAaAaAPAIAIACABAAAADKChCNBhBQA9AzArAjAZAQAPALAHAEACACABAB
4110003,CcCpCSBzBSBPA0A8ArAuAbAYAWAMAEABABAAABCnCaCQBiBOBCAzAxAuAhAYATALAHADADACACAB
4110102,CoCQCABuBZBBA1AvAwAlAiAcAYARAKAGACABABCjCMCEBzBOA3A0AwAtAoAhAdAWATAJAEAEACAA
4110201,C+CXCCBnBOBAA8A0AtAnAhAeAVAKAGABACAAABC5CUCHBqBMBFA4AzAoAfAaAWAUAIAFADABAAAA
4110300,C1CsB8BXBoBBA+BFAzAfAdATAMANAJACABAAAAC5CoCGBsBZA6BFA9AeAVALANAOADADAAAAAAAA
4110409,CvCxCMB4BUBAA+AzA4AhAYAXAPAJAIADADACAACuCZCMBsBWA6A4ArAsAZARAQAMAIAEADACACAA
4110508,ClCaB+BqBWA4A/A4AnAgAnAhAWAVALAFAFADABCoCOB4CABMA6A8AvAhAnAmAcARAKAIABAEAAAA
4110607,DACmCOBsBZBCBBAzAvAkAZAQAQAJAGACACAAAAC8CkCHB1BSA5AyAxAhAZATAOAKAIADACABABAB
4110706,CVCVB7BwBRA9A4A2AzAeAlAcAWAOAJAGADACAACbCMCCB4BVBHA5A6AvAoAjAcARANAJAEADABAA
4110805,DKCkCGB1BgBDA8A9ArAjAVASAQAJAEACABABABDCChCEBkBdA9A1AvAgAZAPAMALAHACABAAAAAA
4110904,CoCqB9B0BdBEA7AzAnAoAgAQAXAKAKAEABAAAAC1CXCQB1BaA0A5AuAlAkATAOAOALAEAAABABAA
4111001,CkCqCHCHBkA/A8A2AqAoAcAbASAMAIABACAAACCgCQCGB0BQA7AwAxAqAcAbAQAKAJAFAEADABAC
4111100,CqCoCPBwBdBIA4A1A7AmAQAUALAMAHADADABAACxCaCPB5BXBAAzAsAkAaAPARALALACADAAABAB
4111209,CsCeCSB4BjBDAyA4AoApAZANAOAGAFAGABABAACkCmCUB4BdA7AtAuAdAmAWANASAIAFAEAAABAB
4111308,DGCnCFBwBCBPBBAwBCAVAnAPAHAKAMAEAAAAACC4CvB3B3BDBAA0AxA3ATAWANAGAGACAEAAAAAC
4111407,CnCVCBBxBWBBAuAyAzApAlAcAUAPAGAFAFABAACUCQCDB4BYA7AtA0AnA1AYAiAWANAHAEACAAAA
4111506,DECkCNBuBUBBA9A0AwAgAUAUAPAKAEADACABABDEChCJB0BPA+A1AuAjAXAUAOALAGAEADACAAAB
4111605,CzCpCzCeBuBAAzA4AuAhAYAMALAKAGACAEAAABCRCOCXB2BBAzAsAsAwAZASAHAKAJADAFABABAA
4111704,C+CiCSB6BcBDA7AlApAjAWATAZAVAHAEAFADAAC3CSCEB1BFBIAwAmAgAgAgAUAKAGADABADAAAA
4111803,CbCUCCB3BZA9A7AwAwAkAkAdAVAPAMAGAEABABCXCUCCByBTBBA5A0AvAgAjAXARANAKAEADABAA
4111902,ClCZCRB7BTBHBHAtA0AtAaATARAMAHAEACABABCgCYCOBmBPA8A2AwAoAlAaAUAPAHAGADACACAC
4112009,CSCQCOBqBRBAA8AxAoAlAfAlAbALANAFADABABChCLCAB2BYBEA7AyArAmAlAcATAMAJAFABAAAB
4112108,CWCOCIB5BZBCA7A5A0AgAeAbATAOAIAFACABAACPCUCMB/BiBBA/A0ApAeAWAYAQAKAGACACABAA
4112207,DNCpCIBnBVBDBEA2AnAcAdARAPAKAIACACAAABDQCgCJBvBRA0AyAwAiATAYAJALAGAGACABABAB
4112306,C2COCIB9BXBCAuAtA8AjAiATAOAOAGADACAAACCpCbCECQBcAsApA4AqAnAbARALADACABAGAAAA
4112405,CkCfCMB7BdBKA+A1AyAmAaATATALAGACAAAAABChCkCFB4BPBBA1AuAnAdASARANAMAGACABABAA
4112504,DSCbCKByBWBBA+A0ArAhAbAZAPALAFABABABAADFCcCIBwBPA5A0AvAhAcASARAJAFADABACABAA
4112603,DYChCOBoBWAwApA8AwAkAkAXAMAPAAADADAAAACnC+COBdBXA6AqAtA1AWAPALAGAWAAACAHAAAA
4112702,CkCZCJBvBiBCBBAvAzArAdAZAVAJAFAJADACAACaCSCLBwBIBLA4A5AmAeAYAXALAIAIAEACABAB
4112801,CTCZCSB2BbBAA3AtA3ApAgAYAYAKAIAFAGACABCQCcCCBwBWA/AxA3AwAmAiAWAJANAKAEACABAA
4112900,CjCfCRBpBUBKA2A4AgAkAbAaAYANAHADACADAAC7CWCUBqBZA8A0ApAeAgAfASASALAKACACAAAB
4113007,CkCjCMBwBjBIBCAyAxAgAfAbAMAJAIABABABABC6CeB/BvBdA1A6AtAlAdAXANAMAGAGABABAAAC
4113106,DJCOCOB2BbBMA4A3AsAiAYATAOAQAIAFACACAAC0CaCLB4BaA0AsAwAlAWAYAPALAJAEACACAAAA
4113205,CSCVCGB0BUBAAzA7AzArAkAgAVAQALAEADABAACNCPCCBqBUA+A8A0A1AnAhAaAWAKALAEADAAAB
4113304,C4CnCOBwBVA/A7AuAsAfAaAXARAKAHADABABABCvChCHB6BYA3A3AyAlAfAVAQALAIAGACADABAB
4113403,C7CfCFB7BbBLBCAtAxAiAgAbAQAHAHAFACABABCgCjCFBsBTA/A2AuAfAiAVATAHAIAGACACAAAB
4113502,C1ChCSBfBRA+BEA9A7AiAcARAOAHAFACADAAAAC4CcCJB1BYBBA4AyAsAUASAMAKAIAEADACAAAB
4113601,CvCqCTBxBiA9A0A8AyApAZAWAIAGAHADACABAACSCvCQB1BFBHBAApAtAfAQAPAGAHAEAEACABAA
4113700,CLCTB6BuBgBNBFA7A1AlAcAYASAMAHAEACABAACMCLB7B9BnBPA+A6AsAiAcAVAPALAHADACABAB
4113809,CcCXCBB4BPA+BCA0AyApAiAZAVAPANAIACABAACUCbCWBsBhAxA9A4AoAVAeAaAUAKABAEABAAAA
4113908,B5B+CNB0BNA5A2A2A6A3AlAgAiAZATAIADADAABrB8B+BiBNA6AzA2A4A1AnAlAnAYAQAKAFACAB
4114005,C7CyCGBuBQBDA8A0AuAfAcAUATANAGACAAAAAADBCvCGBtBUA4A3AsAhAYAUAQALAHAEABABAAAB
4114104,ClCWCFB9BkBCBDAxA3AoAcAYAQAMAIABACAAAACXCQCFB4BXBDA3AvAsAgAdARAOAHAFACADAAAC
4114203,CeCNCJB2BfBHA9A3AwAgAgAaATAPAHAFACABAACUCJCJB7BbBDA8A1AnAeAfASARAKAIAFACABAB
4114302,CUCaB5BvBUBEA/A3AuArAjAoAdAQAIAGABABAACbCICFBfBJBGA7A8AuAnAlAaARAIALABAAAAAD
4114401,DPCyCABlBeBFA/AwAlAiAWATAPAKAGADACACABDJCdB/BzBVBAA1AoAfAcAZAOALAFAEABABAAAA
4114500,DVCoCKB9BWA9A4ArAqAdAZAVAKAMAIADABABAAC7CzCUBtBHA1ApAwAhAdAYAOAKAFAEACACAAAB
4114609,CtCgCFBtBnBIBIA8AuAgAaASAPANAFAEACABAACfCeCBBnBZBFA6A1AmAeAXAQAMAHAGADADABAA
4114708,DNChCKBrBeBJBFA0AxAhAdASAOAJADADABABAAC+CbCJBuBSA5A0AtAdAZAVANALAGAEACACAAAB
4114807,CeCYCJB6BdBGA6A3AsAnAdAaAPANAKAGACABABCkCMCFB7BYA+A2AxAnAjAbASAPAKAHADACABAB
4114906,C4CaCPB0BaBJA6AzAuAmAbATAQAMAKADABAAAACoCiCMB3BTA7A1AsAmAdAYAPAKAIAFACABAAAA
4115002,DSCaCMBjBcBKA+AvA8AsAWANANALAIADAAAAAADGCmB8BtBYAvBBArAjAYASAIAOAFADAAABAAAA
4115101,DNCcCLBqBhA7BEA8AsAdAcARAOAHAEABAAAAAADTCVCNBqBgAyA4ApAgAVAUANAOAIACABABABAB
4115200,CPCSB+BrBhBQBFA9AxAkAdAVARAMAGAEACABABCKCNCDB4BqBQBBA3ArAiAaATAOAKAHADACABAA
4115309,ChCoCXCABbA+A9A0AoAkAbAaAKAKAFADADAAABCVCuCOBzBRA9AqA/AmAZAbAVAOAFADADABABAA
4115408,DDCiCLB1BTBKA+AvApAiAYARALAKADABABAAABC/CaCUBzBgA4AzA0AbAZAaANAJAIADADABABAA
4115507,CkCsCECBBmBBA6AxA7AgAeARAUAJADABABABAACpCVCHCLBRA3AzAuAnAbAWASALADAIABABABAA
4115606,CzCpCCBqBkBUBOA+AxAkAeAPARAJAFADABACAACvCkB4BfBKBBAqA1AnAXAYAJAOAOAGAGACAAAB
4115705,CpCEByBcByBnAyBDA4AmAqAYAWANAMADACAAAACsB9B5BgBsBEA8AvApAbAcAdATAEAGAAAAAAAA
4115804,C7CwCNB2BfBQBDAzAnAaAbAQAKAGAEACABAAAACsCrCLBnBYBJAyAwAdAcATAPAHADADADAAABAA
4115903,DEC8CEBhBXBEBGAvApAhAfATASACAGAFAIAEAADDCXB5BzBIBBAoA3AaAhAYAOAaAEAEAEAAAAAA
4116000,ClC0CDB9BrBFBAA8AwApAcAWATAMAGAAACAAABChCfCBBwBgA7AyAqAkAXASASAKAGACABABAAAA
4116109,C5CqCIB1BXA+A5A8A2AfAZAVAOAIAFADAAABAAC6CnCNBtBLA9AyA0AgAbAVAQAJAGAFABABABAB
4116208,CaCLCGBqBOBAA2A5AsAsAnAnAZASAKAHAEACABCPCYCFBvBFA7A3AwAqAmApAcAVAVAMADADACAA
4116307,DFCXCZB3BUBRA9AxA4AZAhAWAOAIAEAGABACAACrCcCEBfBbA8A5AsAYAhAUAWAMAIADADABAAAA
4116406,CyCsB/BpBSBGA1BDA7AiAaASAOASAEAFABABAACoCuCMBsBUA8ArAzAtASAPAWARANACACABABAA
4116505,C0DSCrBZBNBmA5AsAnAWALAPAEAOAIAEAAAAAADeCNCPBaBwA5AtAyARAUALAUAKAEAHAAAAACAA
4116604,C6CnCWCLBPBPBEAqAnAqAfAQAUAGAIABABABAAC3CMB2BsBUA5AhA3AlAcAeAUAIANAGACACAAAA
4116703,DNCoCNBoBaBGBEA0AqAhAaAQAKAKAFACACABAAC+CpCIBtBTA+AzAqAaAaAWAPAKAJAEABABAAAA
4116802,DNCnCQB3BWA8A3AzAvApATAWAOAKAGABACABAADMCdCFB3BDA+A1ArAiAVAYAOAJADAFACAAAAAA
4116901,CcCZCMBwBVBGA+A3A1AkAiAYARAPAJAAABABABCYCYCHB6BWBFA3AzAoAgAbASAPALAHACABAAAC
4117008,CxCYCDCDBWBKA5AzA1AlAgAXAOAJAKAEACABAACmCOCCB/BVBBA3ArArAfAdAOAMAHABACACACAA
4117107,CzCeCFBtBPBEA3BDA5AiAYAWAMAIAFAFACACAAC1CpCCB4BYA7A5AuAwAXAWAJALAIADADAEAAAA
4117206,C7CvCHBkBIA+BDBAA5AeAbARAMANAHAEABABAACtCsCFBtBYBEA0A5AjAWAPAOAKALAGAAABABAB
4117305,CpCiCIB2BgBHA5A7AzAmAeAZARAKAGABACABAACtCiCGBsBPBDAuA0AmAdAaAOALAGADABABAAAB
4117404,CkCoCHCGBQBXA0BGAqAhAbAYATAJALADAFADAACjCMCPBhBVBBA4AxAkAcAWASAQAGAHACAAACAA
4117503,CrCLCRByBhA7A+AxAqAnAjAbARAPAFADADAAAACiCXCOCCBcArAzA0ArAaAcAYANAHAGACAEABAA
4117602,C0ChCDB0BeBJA8A3AuAhAVATAOAKAEAEADACACCwCdCHBtBeBEA6AtAmAdAXARAJAIAGABABABAA
4117701,CiCMCCBvBXA+A7A2AxAqAnAdAWATAGAHACABAACWCPCCBrBUA4A4A0AwAjAkAfAVAQAHAEABACAA
4117800,DHClCJB2BbA/A7A3ApAiAYAWAQAIAFACABAAABDBCjCNB1BTA6AuAxAeAYAXAMAIAEAEABAAAAAB
4117909,DBCoCLBuBiBOBEA2AsAgAYAQAOAIAGADABABAAC1CmB/BnBWBDA0AwAgAYARAMAKAIACAEACABAB
4118006,CpCiCWBqBWA6A8A4A4AoAeAaAOAJAGADADABAACWCZCXB1BRA5A4AzAuAgAZAUALAGAEACACABAA
4118105,C4CxCeBvBKA9AwBDAwAkAiAPASAHAGACACAAAAC4CcCUBpBTAxA2AuAtAVAPASAJAJAGABABAAAA
4118204,CdCXB2BiBMBABFA/A4AtAgAYASAMAHAEABABABCYCYB6BwBVBLBCA9AxAkAcAUASANAGAEADABAB
4118303,DFCoCVB5BRBEA+AzA7AjAiAbAKADAAAAAAABAADPCKCYBoBPA7AzAtAfAYAXAIAHACAAAAACAAAB
4118402,CkCYCJBpBTBFBEA9A0AiAZAWAQALAHAFACABAACcCZCLBzBgBFA8A4AmAfAVASANAKAFACABABAB
4118501,CfCgCIB0BiBEBCAyAsAgAYASAMALADADABACAACcCfCNB8BlBJA9AzAoAYAXAUALAHAEACABABAA
4118600,CbCGCHByBVBLA3ArArAqAqAnAXAfANAHAAACAACTB/BtBzBUBEAyAzAoAkAwAdAgAUAFAAAAAAAA
4118709,BnB3B5CKBgA5A3AuAqAlAwAzAXAMAcAFAOACAACOB8CQBnA2A2AxA2ArAzAyAoAiAWANAJAKACAB
4118808,CoCcCQBoBYA+BCA6AzAoAaAXAQAIAJADAEAAAACbClCHBwBQBBA9AuAoAhAXATAMAKAJAEACAAAB
4118907,C5ClCUBtBTBBA8A9AyAnAaARAPALAFADACABAACpCqCKBqBUA9A2AzAhAZAVAPAMAHAFACACAAAB
4119004,DGCvCaBxBdA7A5AxAsAiAWAVAIAJACABAAABAAC9CoCMBxBNA+A3AnAjAYAVAQAHAFABACACACAB
4119103,DACBCLB4BSA6AqAwAxAyAuAkAXAOAEAFAEAAAAClB7CCByBfA3ArAyAyAiAjAXASAEAPABAAAAAD
4119202,CvCeCFCCBRBKBOAoAxAoAlAQAJAIAKAFABACAACqCNCFB6BaA2AsA4AjAkAYAQAHAGAKAFADAAAE
4119301,CpCmCJB4BYBJA9AyAqAjAeAXAQALAFADAAAAABCqCaB9B+BXBAA1A3AgAgAcASAIAJAEACABACAA
4119400,CJCSCKBsBIBCBDA5AtApAgAgAXASAJAGADABABCUCTCCBtBPBGA/A5A1AlAaAjAZANAFADADAAAA
4119509,CTCKB3BlBZBQBUBLA5AyAeAbAaATAKAEACADAACSCEBxBgBLBOBCA2AwAiAeAWAUANAFAFACAAAA
4119608,DGCeCLBsBXBFA5AxAsAfAaAWARAKAFADACABABDECdCCBrBbA9A3AtAiAcAYARAMAHAFACABAAAA
4119707,DEC1CYBdBUBHA4BJA0AYAYASANAKAIABABABAAC3CvB4B1BJBAA7AwAdAQARAWALAFACABAAAAAB
4119806,DHCuCOBsBRBDBCA3AlAZAVAVAPAKAGAEABABAAC2CyCRBmBNBBA4ArAdAVAZASAHALAFACACAAAA
4119905,CDCLB2BqBVBFA8A7AyArAhAcAVAQAJAEACABAACFCGB7BxBeBMBEBBA2ArAkAfAUAOAKAFADABAB
4120002,C5CZCNBrBeBPBFA7AzAnAXAXAOAGAFACABAAABC2CbCDBxBRA+A2AyAoAbARAOAJAGADABABAAAB
4120101,CQCcB+BuBZArBFAkA9AvAtAWASAZAOAIAIAAAAB5CbB3CJBQAxAwAzA2BAAQAaARAYAMADAAADAA
4120200,DGCjCBBzBnA/BBA3A9AoAbAcASAFABAFACAAAADHCRCDB5BAAuA3AqAfAcAWAMAOAGABABADAAAB
4120309,CFCfB8BrBhBFBJAuApAoAgApAbASASAAAFAAADCYCLBxBPBIBXAsA0AmA2ApAfAXAVAIAMADAAAA
4120408,CnCaCRCDBhBKAzA0AoAlAnAaANAIAGADADAAABCxCYCTCGBBA+AnA5AqAUATAQAMAHAAAGAAAAAA
4120507,CoCbCIB6BcA+BDAxAzAnAfAWAPALAFAEADABABCpCeCNByBSA5A2A0ApAbAYARANAFAGACABAAAB
4120606,CcCICFBmBdBDA+AzAzAlAfAfAaARAIAFADACABCaCGB1BvBWBFA5A0AvAnAiAaAaAOANAFADACAA
4120705,CgCGCSBmBqA3AxA7ApAsAiAXATAQAQAEAGABAACSChCDB8BMBAA2A5AmAbAcAUAWANAKAFACADAA
4120804,C3CWB/BiBUBWA6A1AlApAlAUAaASANAEAGAGAACfCNCFBlBVA5AyA0AqAgAmAUAYAEAHAGABAAAB
4120903,DaCcCCBuBbBGBQAsAtAgAaAQAJAHAGAEADABAADCCtB9BlBNBAA5AoAoAaATANAIAGAFADACABAB
4121000,DICrCRBcBKBCBHBAAzAzAaATALAHADACABABABDPCoCOBmBAA7AzAwAiAUARAKAMADAFACACABAB
4121109,DaCeCHBsBdBMBGA4AvAiAWAPAQAKAEACAAAAABDQCjCDBhBKA+AvAvAdAUATANAKAHAFACAAABAC
4121208,CiCVB/BrBUA5AuBAA2AuAcAmAcAQAKAEABABAACoCJB5BzBTA8AyAzA4AlAiAaATAMAEABADAAAA
4121307,CfCYCEB6ByA/A7ArAnAtAdAaASALAFAGACABABCaCmB3CDBZA+A1A0AqAcAaAUAMALACACACABAA
4121406,C/CxCHB3BVBHA0A4AnAdAVARANAJAFADABAAABDACvCLB6BQA/AvAtAgAWATAPALAIADACABAAAB
4121505,CyCFCCCABbA/AwAxAtAmAiAfAVAPALAFAFABAACrB4B5B0BfA2AnA9AwAlAiAbASARAJAEAFABAB
4121604,C+CkCPBzBcA8BFA3ApAfAYAZAQALACABAAAAADCdCmCUBrBOA4AwA0AkAYAbAaAOAGAFAHAAAAAA
4121703,CqCfCEBxBdBDA3A2AxAuAcAcAQALAJADACABABCpCRCBBqBWBAAzA6AqAjAfASAMAIAIABABAAAB
4121802,CiCYCJB2BLBHA7A4AxAoAhAdATAOAJAGACAAACCYCXCHBjBQA/BAA2AoAgAbAYAUAMAIADABACAB
4121901,CvCdCMByBbA/A3A6AvAoAbAXAOAMAGAEABAAABCtCeCCB4BPA6A2A8AmAaATAVAQAGAHABABAAAB
4122008,CDCYCKBuBPBJA2A5A4AyAjAfAZAKAHACABABADCOCSByBuBWBAAtBEA4AvAgAeAQAOAGADADACAA
4122107,DCCVCSB5BkA/A5AyAwAvAbASAKAHAHADACABABDACOCHBxBQA1AzAwAvAhASALALAIADAEACAAAB
4122206,CvCdCFBqBdBHA2A4AyApAaAVAVANAHAGACAAAACtCYB2BxBYBDA1AvArAdAaAWAOAJAHADABAAAB
4122305,CLCPB4B0BUA4A+A2AyAnAhAbAVAOANAGADABAACICOCBBzBfBEA7A3A4ApAjAfARASAIAHACACAC
4122404,CVCYCEB3BeBJBCA4AvAlAfAWATALAIAEADABABCUCaB4B3BYBIA+AxArAjAaAVAQAJAHADACAAAB
4122503,DECiCEB3BeA/A5A0AyAfAeAXANAHAFABABAAABDHCUCLB3BXAyA0AqAkAWAcAKAJAHAEACACAAAC
4122602,DHCZCJBvBMBIBDAxA0ApAbAVAPAHAEACAAABAADEChCRBwBSA3A0AsApAZATANALAFADABABAAAB
4122701,CWCWBwB9BdBEBAAuAwAvAnAbAMANAHAFADADAACmCRCEB8BaA8AwA4AsAkAYATAIAOAKAGABABAD
4122800,DBC4CRBsBgBKA3A0AtAZAXAQAMAJABACACAAAADFCsCCB4BTAwAuAvAkAbAQAMAJAHACACADAAAA
4122909,CbCzB9B4BUBCAyA5AwApAcAOAbAPAIAAACAAABC5CWCVBzBJBEA0AzAnAhARAUAMAGAGABABAAAB
4123006,DaCtCSBrBdBBA6AvAkAXAWARAKAIAFACABAAABDKCtCQBrBTA5AuAxAcAWAUALAJAIADACABAAAB
4123105,CtCbCJCFBQBHAzA4AwAoAjASAUAOAFABACAAAACbCbCWCABGA4A3AvAlAwAQARAKALACAAADAAAA
4123204,C6CoCHB6BnBMBIAyAsAcAXAQAQAGAGACACAAAACpCpCBB2BHBCA9ArAiAZASAOALAJADAAACAAAC
4123303,C9CpCHBqBWBCA8A8A2AkAfAIAPAKAHADABAAABC1CzCXBaBPA+A0A0AiAcAOARAKAHAEAAABACAA
4123402,CsCdCSB8BSBBBBAxAvAlAkARASAFAIAEADABAACUCfCJB3BXBAA3AvAmAbAcASAOAKAIADABAAAB
4123501,DUCeCFBqBiBUBMAxAlAfAYATAJAJAFACAAABAADGCpCEBlBTA/AzArAZAaAWANAHAIADAAACABAA
4123600,CzCjB/B8BTBOAxA6AnAhAfAOAOATAHAEAAACAADGCcCFB0BbA+BIAkAcAdAUAJAOAGADAAABAAAB
4123709,CzCxCSBjBUBGA+A/AzAmAYAYALAJAFADABAAAAC8CgCJBnBOA9AzA2AlAZAVANAIALADABACAAAA
4123808,DQCdCNBwBiA/A9AsAeAfAWATAMAKADADABAAAADDCsCWBwBcA2A5AtAhAVATAQAGAGADACAAABAA
4123907,CcCaCLCEBcA7BAA1ArAnAhAZAUAMAIAFACABAACbCQCEBxBcA/AvA3AqAgAaATAMANAIAGAAABAB
4124004,DACaCGBoBkBIA5AqAoAiAmATAVAPAEADABAAAACwCYCRBwBYBBA1ArAlAdAXAQAPALAFABABAAAA
4124103,CeCaCGB0BXA/A4AyAvAgAdAcAWAQAJAEAEACABCpCKCKB8BXA6A3A1AtAdAaAUAUANAHAEADABAB
4124202,CnDcCcBVBHA+A8BFAuAlAdAWANADAFABACABAADKC7B2BiBGA+AxA1AYAgAPAPALAJABAEACAAAA
4124301,DNCXCGB2BMBHA7A0AxAnAiAYATANAIAEABAAAACbCnCnBgBSAyA8AtAlAbATASAIAEADAEAAAAAA
4124400,DACxCZB3BPA5A0A3AlAdAWATALAKAGABACAAAAC2C2CTBxBUA2A3AtAlAXASAMALAJAFABABAAAB
4124509,DCCqCKBrBOA6BBA8A0AnAgAWALAKAAACABAAAACiCvCPBkBSA+A3AxApAcAcANAKAFAGACACAAAA
4124608,ChCbCfBqBMBEBDA5A7AoAgASAPAVAHABAEABAACfCjCQBjBHBABCAyAtAdAYAMAPAEAEACABAAAA
4124707,C8CXCHBzBhBCA+AzApAiAfAcAWAMAFADABAAAAC6CgCHBzBQA4A4ArAlAgAWANAKAHADACABABAB
4124806,DCCuCLB4BhA2A3AwArAhAUAQAMAIAEACACACAADKCjCNB6BOA5AzApApAaAQAPAKAHAEACABAAAB
4124905,CwCnCVBoBYA/A+AzAyAlAcAWAQANAFADADAAABCzCfCNBqBSA9A3AwAuAZATAPAKAGAFABAEABAB
4125001,C/CwCFBzBXBNBCA1AwAeAdARAOAIAFACABABABDBCjCIBnBRA+AyAuAfAbARAQAJAHADABABABAA
4125100,CoCPB9CABdA6BCAzAmArAjAfAWAPAKADABAAABCmCZB7BzBPA9A6AyApAmAWAXAQAKAHAFABABAB
4125209,C8C4CiBnBJBNBCA0AuAcAaAQAKAIAFABABAAAADMCgCHBmBHBCA9AsAdATAUARANAFAEACAAABAB
4125308,C0CbCIB3BlBMA+A4AxAoAWAWAMAJAGAEABAAABCuCaCAByBXA8AxAuAoAeASARAOAJADABABABAB
4125407,C0CXB3BwBmBFA0BBAtAsAoAXAZAIAMADABAAACCYChB3BzBaA9AnA2AeAyAeAOALAIAFAEABACAA
4125506,COCMCCBrBaBMBCA4AyAnAfAfAUAPAKAFADABAACPCOB3BwBZBHA/A4AvAnAeAZAUAOALADADABAA
4125605,CcCRB9BmBkBKBBA5AvAoAiAbAWAQAJAEACACABCiCJB6BtBPBEA5A1ApAlAhAYATAQAIAEACAAAA
4125704,DFCyCIBwBgBPBHAwAjAbAXAUAKAHAEADAAABAADHCvCGBoBRBBA3AnAZAYAQASAIAGADABAAAAAB
4125803,C7CaCJB3BgBKA+A5AvAsAWAZALAJAGAEACABAACkCgCVBpBSA6A1ArAlAaAbARAKAHAEACABAAAA
4125902,DJCmB9BnBjBGA4BCApAnAiAUARAIAGACAAAAAADHClBwB0BjA7AtAfAgAfAUAKANAFACACABAAAC
4126009,CtCYCLB3BhBPA9A1AwAhAfARATAMAHACACABABCfCTCHCFBXA+A7AqAeAgAYAQAPAGAEABABABAB
4126108,CrCZCOCSBNBCA+A3A5AnAdAYANAMADAFACACABCmCaCTBuBSA3AwA1ApAUATAWAMAGAFADAAAAAA
4126207,CwCmCNB1BUA5A+AzAiAsAiAaATANAJADACABACDICUB0B1BXA6A0AuAiAmAbAPAIAJACACABAAAA
4126306,CwCRCLBzBTBAA+A1AyAmAkAlAUAOAJAEABAAABCvCUB8BkBZAwA8AtAlApAbATASAJAGAEADACAA
4126405,CoCpCRByBUBGA+A8AtAtAfAPATAHAIAEADABABCmCeCIBlBUBGA5AwAsAdAQAOAKAHAFAEABABAA
4126504,CxCHCGB4BaBMBAA0AsAgAaAdAVAMAJAEADACABCcCSCAB7BcBAA3AzAeAfAaAWAQANAIAEACABAB
4126603,CVCbCAB2BSBBA+A3ApApAnAZAVANAHAFAAACABCTCeCLB1BSA6A3A4ArApAcAUAVANAGADACABAA
4126702,CpChCGB1BTBOA0A1AvAuAVAXARAQAJAEACAAAACwCbCMB0BNA/AxAwApAdAWARAOAKAGACABAAAB
4126801,DFClCKByBYBDBEA2AxAeAcATAQAEAIABABAAAADICjCOBjBIBBA0AvAbAdASANAKAFAEACABAAAB
4126900,DFCoCJBnBSA9BGA6AxAjAcATANAJAGAEACABAADIChCFBuBLA6AzAyAiAaAQARAMAHAGABABAAAA
4127007,CiCUB5B2BUBDA/AwA2AnAcAiAaATAHAFACACABDBB7CFBkBVAwAuA5AtAkAjAfASAJAEAHABABAC
4127106,CXCbB8BeBbBTBKA6AwAlAdAXAPAIAFACABABABCUCZCGB2BfBTBCA6AnAmAaAQAKAHAEABACABAA
4127205,ChCkCUB1BiBEBAA2AtAjAgATARAOAGACABAAABCeCVCJB4BWA+A1AxAgAgAXAUAPAJAEADABABAB
4127304,CzCPCNBpBbBMBCA7ArAnAcAaAOAOAGADAEACAAC4CXCGBpBVBAA2AuAiAbAcAPAOAKAIADACAAAA
4127403,DRChCGBsBaBJA/A3AtAeAWAVAPAJAHADACAAABDMCVCLBrBVA3A7AoAdAXATARALAGAEABACABAB
4127502,CWCbCHByBdA/A2A2AuApAxAeAWAQAHAGACABACCWCRB8B1BPA9A5A0AuAjAnAVAOAIAIADABABAA
4127601,ClCbB1BlBeBHA2A2AsAaA1AeAcAPAMALACABAACYCYCBBfBNA/AxAzAwAjAjAYAYASAEAFADAAAA
4127700,DACjCHBuBdBKBCA6AvAgAXASAOAIAGADABAAAAC8CcCGBoBZA9A2AyAlAXATAQAKAHAFACABAAAA
4127809,CvChCLBtBZBCA0A3AxApAhAVATAOAIAEACABABCvCUCKBpBRA8A7ApAtAcAgAPANAIAEACABABAC
4127908,DECxCMByBVBHA8A9AxAjAaAQAPAIAGACACAAAAC1CpCJBeBQA8A1AoAqAUASASAMAFAEADABABAB
4128005,DKCeCGBxBaBLBAAzAsAhAYAUAQAJAHACADAAAADECZCPBqBRA6A1AvAjAUAVAOAMAGAEABACAAAA
4128104,C6CkCGBtBXBIBHA5A0AkAaATAPAKAFACACABAAC1CcCGBsBYA9A4AxAiAbATAQAKAGAEABABABAA
4128203,CQCQB8BvBTA/BEAzAvAoAgAZATASAHAEAFABABCKCUCEByBcBGBCA4AuAtAeAWASAOAJAFAEABAB
4128302,DECCCNCQByA7AqAzA3AvAZAaARAIADAGABAAAACeCfB+B9BYAkAsAwA7AcAMAUATAGABAEAAABAB
4128401,CcCYCRBtBUBEA8A0AxAgAiAfAYAIAJAFAEABAACNCiCGBwBXBFA4A0AsAkAdAUAOAHAKADABAAAB
4128500,CiCUCBBvBZBCA8AzA3ArAcAYATANAGAGABAAAACaCRCFB3BeA8A7A2AxApAbASASAJAEACACABAB
4128609,CzCxCYBzBjA9A1AoAjAoARAPARAIAFADAAAAABC1CsCUB3BZA8AzAoAmAcATAPAKAJAEACABAAAA
4128708,DBCoB5B+BYBHA/AsAkAWAVAUATAIAHABAAAAAADBCdCPCEBVBCA8AnAhAYATAQAMAFAEACABABAA
4128807,DECmCMBxBPA/BCA0AxAoAaAVAPAKADABABABAAC/CmCJBvBQA1AxAuAnAcAXANAJAGADACABAAAB
4200101,DFCqCTB1BUBGA9A2AsAcAYAQAOAIAEADACAAAACyCnCHBqBdA9A1AuAlAXASARAHAJADADAAAAAA
4200200,CTCmB4BpBUBQBBA4AtAeAbAjAPAXAPACAFAAAACrB8CABuBPA8BBAwAsAgAgAcAZAOANACACAAAA
4200309,CfCoCJCEBgA8A3AiAcAiAiAkATARAHAJAAAAAACbCXCJCMBQA6AuAwAbAhAnAaAMAMAGAGAAACAA
4200408,DAC1B7BjBQBLBMAvAiAdAdATARAMAHADAAABABDDCYCABzBgA/A9AqAhAYAXATAMAKABABAAAAAB
4200507,DECWCXB+BkAqBCAxAjAcAaAVAKAHAGAEAAAAAACyCrCBCGBeAxAyAoAkAZAWAQALATACAEAAABAB
4200606,CrCTCPCFBWA9AtApAsAdAbASAiASAKAFAAAAAACaCuCGB7BQA4AyAlAvAdAYAZAZAMAHADAEAEAA
4200705,CjCtCKB7BZA/AyAvAsAgAcAPAQAPAIACAEACAAC8ChB/B1BgA5AxAnAmAmAaANATALAEAGABAAAA
4200804,DMC0CKBzBPBSBPAvAmAaAQAaADAGABABAAAAAADDCsB5BpBkA7A2AnAoAcAPAQAHAJAAABAAAAAA
4200903,CvCeCQB6BQA5BCAkApAkAfAQAQAPAMAEABABAACYCcB3COBTA8ArAyAyAgAcAUASAOAJAIADADAA
4201000,DKCnCQBsBUA6AwAwAoAiAZASANAJAHABAEABABC6ClCcBpBVA6A3AuAiAaAcASAJAKADABABAAAA
4201109,CrCdCDCDBkA9ArAuAtAhAaATAYAKAJAIAGAAAACWCbCjCABZA0AnAtAoAlAWATAUAJAEADADACAA
4201208,CiCnB7CVBsA/AxA1AhAfAZAaATATAKAHADAAAACeCQCUBvBTAzAkAzAoAfAgARANAKAMAMAFABAA
4201307,CYCjCQB8BHA7AmA0AkAuAjAkAaASAOAEAGABABCZCbCVBuA+AqAzAvAjAhAjAlAcARAOAFADABAB
4201406,CUCfCEB6BhA8AxAzAoAnAhAXASALAHAFACABAACNCZCQB9BhBAA1AyAuAjAdATASANAKAEADAAAB
4201505,CiCeCZCABZA8AuAqAjAiAiAeASAMAGAFACABAACHCjCJCJBSBAA3ArAoAjAhAVAMALAIAFAEACAB
4201604,CJC3CLB4BwBDA5BGAlATAcAMAaANAFAAAAAAAACLDBCSBoBJA0A4A1AiAXAqARAXAHANAAAAAAAA
4201703,CoCJB7ByBdBGBGAmAmAqAgApANAPAMAQAAADAACVB+CoBuBQA9AnApAwAkApAVAOARASACACADAA
4201802,CPCwCfB4BYA6AwA9AzAdAZASATAGANACAHAAAACVCwCIB3BJA4BCAsAiArAOAXARAGAQACACAAAA
4201901,CfC4CGB4BOBEA2ArAxAnAUAaALAUALAJAEACAAC1CZCWBdBMA1AoA1AvAbAdAaAHANAOACADACAA
4202008,CaCZCKBjBGA3A4A7ArAoAiAkAVAOAOAJABABABCRCXB/B2BUBCA6AzArAjAgAfAVASAIAHABACAB
4202107,CzCjCfCFBDAxAwAxAnAtAjAaAYARANAEACABAACSCcCUBnBKAsAzAsArAoAeAZAOANAGAFACACAB
4202206,CYCVCNBuBdA+A5A6AqAoAlAZAWAVAKAJAHABABCQCGCGBuBUA0A5A4ArAnAeAbARAJAJAJAFABAA
4202305,CmCgCNB+BZA2AzApAuAiAkAcAWANAKAFADABABCUCYCXBsBOAzA2ArAmAlAhAaAWAMAIAFAEACAB
4202404,CJCIBxBuBcBHBCA3AwAmAhAaAVAQALAFADABAACACDByB3BrBNBEA6AwApAgAbAWASANAJAEACAA
4202503,DKCqCPBlBWBNA2AxAfAZAbAVAOAJAFACAAACAAC8CsCKBwBiA/AvAnAcAZAcAPAKAIAEAGACAAAA
4202602,C1ChCZBtBRBBA2AvAiAmAYAaAOAMAFACADABABCnCvCOB8BPBAAwAnAeAnAXAaAMAFAHACAFABAA
4202701,ChC3CpB7BOA5A1AqAuAcAcAYAVAGAMADACAAAACVCgCjBzBPA5AyAjAiAhAcASAPALAJAEABADAB
4202800,CVCyCKCRBhAzA1AcAoAZAeAVANAPAEACAAAAABCgCgCLCQBjA6AtAtApAdAdAWANAJAFAHACACAA
4202909,B+CYCNB/BeA0A3A0AwAlAiAYAQAOAIAHAEABAAB6COCHCHBjA4A6AzA0AoAfAdAXAOALAFAEADAA
4203006,CdCeCGBoBaBHA6A6AyAiAbAaAQAIAHADACAAAACXCbCEB1BgBBA3A4AsAiAcAYAOALAFADADABAB
4203105,C1CqCkB5BXBLAzAzAwAfATAUAHADAEADABABAACtCSCLCCBdA3AzAsAcAmAbAKALADAKACABAAAA
4203204,CfCcCTB4BLA0A0ApAnAzAiAiAWATAMAGAEAAABCXCcCMBvBNAvAnA4AsAlAcAbAWAPAHALAEABAC
4203303,CiB/CHB8BOBDAzA+AuAxAdAfAeARALAHAGABABCdB5CEBiBZAxA7AuAtAuAcAmAZAKANADAEABAA
4203402,C6CpCNBqBMBBA7AtAtAfAcAXAQAGAJADACABABC+CfCKB2BVA6AtAzAfAcAYAXARAMAFABACAAAA
4203501,DBCwCEBxBiBDA7AyAkAdAZAQANAHAEADADAAABC3C2COByBaA+A7ApAeAXAUAQAGADAEABAAAAAA
4203600,CwCrCUBuBXBDA3AtApAiAdAWAPAKAEADADABAACrCkCGB4BWBBA0AvAkAiAWATALAKAEAEABABAA
4203709,ChCmCNB+BeA6ArAwAuAjAjASAPAKAKAJADACAACrCZCNB+BGApAqA4ApAiAeAVARAQAMAFACACAC
4203808,CfCkCIBwBTA8A3A1AxAhAfAXAVAQAJACACABAACcCcCDB2BUA9A5AyAsAiAbAZATAPAGADACABAB
4203907,CmCGCBB6BYBLA1A2AzAjAQAeAXAEANABABABAAChCACRCGBXBLAuBAAxAfAaAZANAGAGAFACADAB
4204004,C9CkCAB4BcBOA1AzAkAgAbAXARAKAGACAAAAAACnCvB/BrBgBDAuA2AkAbAXAVAKAHABADACACAC
4204103,DCCfCQB1BaBCAzAvArAeAbASAGAMADADAAAAAACwCuCNCBBXA/AwAqAjAeAVANALAIADAFABAAAA
4204202,CkChCGB0BlBDA7A2AoAhAdAUAMAJAEACABABAAChCfCICDBhBCA0A0ApAgAWAPAMAHAEACABABAB
4204301,CZCWCEByBkBFA5A0ApAgAiASASAPAHADADAAAACYCVCEB8BkBFA2AzAqAfAZAYASANAHADACABAB
4204400,DKCoCRBzBZBDA/ArAnAgAXANAKAGAEACAAAAAACxC2CQBoBYA/A0AvAoAYASAOAIAIAFACACABAA
4204509,B+CECFBpBDBFA6AvBAAnAxAwAYAVAJAKAEACACB/CHCBBoBDA7A5AzA7A0AnAhAdAVAJAKAIAAAC
4204608,CfCpCXB0BaA7A7AxArAfAZAQALAHAFAEACAAAACdCnCTB3BgBGA3AzAlAhAWAQAOAIAFAEACABAA
4204707,C3CdB9ByBVBSA/A9AsAgAfALANAOAIACAAAAAACgCnCIBtBdA+A5AyAmAhAUAOAOAJAIADAAABAA
4204806,CmCcCABxBVBHA5A3AwAlAcAVAOAKAEAEACABAACaCiCDB6BhBHA8AuAuAiAZARANAKAGACABABAB
4204905,C+CuCdBsBdBDBBAvAoAjAVARANAGADABABAAAACuCrCIBxBQA9A5AuAiAeATAQAJAGAGACACAAAA
4205001,C4CyCcBqBTA+A4AxAtAYAeARALAKAEACABACAACyC0COBrBVA+AxAxAcAcAcAOAIAIAGADACABAA
4205100,C5CbCZCCBWA1BBApA2AUAZAlAOAKAHAMAAAAAACzCBB8B2BOAkBPAsAgAVAnAhAEAQAKAJACAAAA
4205209,CeCuCSB3BYBKA2AzA3AjAfANAPAHAEABABAAAAC0CQCEB9BOBFA6AuAnAsATASAIAGAFAAABAAAA
4205308,C1CjCVB1BQBQA0AsAiAkAlAUAQAFAHACAAAAACCmCgCRBwBSBSAsAuAsAXAWAaANAFADAAADAAAA
4205407,CJCJB9BwBdBBA6A0AuAkAfAZATAOAIAFACABAACIB/B9CDBoBIA9A2A0AoAjAeAYAQALAIAEABAB
4205506,DFCbCKByBkBJA/ArAiAcAcASARAHAEAEAAACAADCCZCBBuBWBKAzAyAZAiAbAMAMAKABACACAAAC
4205605,C/C0CZBuBWBDBBA5AmAdAQANAPACADAEAAAAACC4CwCcBjBHBIA3AwArASAMAIALAGADAAAFACAA
4205704,CyCUCPB4BWBEBGApAmAgAnAbATAOANAIACAAAACMCiCCBpBcA/A0AlAfAjAbAZAUAMAQAEAAACAB
4205803,CiCkCjBxBfBPA2A6AyAuAfAiAZAFAFACACAAAACZCjByBrBFAzA0AqAuAlAcARASAHACADAAAAAB
4205902,CFClCQB/BXA7A0AuAmAlAgAcAUAOAJAFAEABAACGChCaB9BXA0A2AwAoAmAbAbATANAIAIACABAB
4206009,CqC0CWCDBIA9A5AtA0AeAYAbAWAQADACACACABCwCOCOBmBcAuAzApAjAkAcAaAPAGAIADADABAB
4206108,CwC3CgCCBNA/A2AjAgAaAVASAPARAHAJADADAAC7CdCQBxBTA6AzAhAhAcAWARAQAIAJAFAFAAAA
4206207,CiCVCkB/BaA4ApApAiApAfAeAUALAIAEACABAACPCZCdB5BZAyAwAmAuAoAcAUAPANAHAIAFADAE
4206306,CaCkCjBuBYA7AtA0A5AsAXAVASAOAKALACACAACMCaCRBkBKArAsA/ArAtASASAWAUAQALAHAAAA
4206405,C6C5CgBnBTBGA9AwAuAnAcALAIAEAEACABAAAACkCsCQBvBXA9A1AmAtAhAUAHAGAJAFADAAACAA
4206504,ChCgChB0BJBBA3A2ApAmAgAeAaAQAMAEACAAAACJCfCKBuBOAzAyAuAoAlAcAZAZAOAIAEAEAAAB
4206603,CbCxChB2BPA/A3A3AyAmAaAQAHAIAEAEAAAAACCjCyCGB4BdAzAwAxArAlAZAUACAJAGACAAAAAA
4206702,CRCUCRBxBpA5A6AxAuAfAaAVAVANAJAEAAAAABCXCRCBCDBcBCA7A0ArAkAjAZAQAPAFADADACAA
4206801,CiCZCNB9BoBJBJAvAgAcAfATATAVAIACAAAAACCaCaB/BwBdBDA5AnAkAZAbAQAaATAIACAAAAAA
4206900,CqCYCLBqBYA/A2AyA1AnAgAYAWAOAKAHACACAACbCZCFBnBVA7AyA1ArAmAcAVANANAMAGAEABAB
4207007,ClCvCdB1BbA9AtAuApAjAgATAKALAFACABABABCbCuCTB8BVA0AuArAqAiAcAPARAJAGADACABAA
4207106,CgCqCdCNBWA0A4AmAyAiAfAfANAOAIAEABAAABCfCiCdBiA9A2AyAqAsAlAaAcAMAKAIAEAAABAA
4207205,CbCYCQB4BnAuAtAqArAkAgAeASANAKAHACACABCaCaCSB7BWAyAzAmAuAlAfAWAVAPAMAHAFACAB
4207304,CTCeCMCEBWA6AyAqAjAjAhAaAUAPAKAEACACABCNCiCUB2BTBBAzAnAvAlAgAXAVAPAHAJAEACAD
4207403,DJCxByB3BbApBCA0AoAbAfAZAOAKAGACAAAAAACRDDCiBeBeA+AXA/AlAjAZANATAIAAAEAAADAA
4207502,CWCVB+ByBUBDAyA0AuAiApAcAXAUAMAIAFACAACUCJCCBrBXA6A0A1AkAuAhAbAWAUANAJAFACAC
4207601,C2CQCHBrBJBMBBA7ApArAkARAaARAIAGAAAAAACQCeCBBVBPBFBFA4AvAiAXAaATANAHAEABAAAA
4207700,CfCvCGB7BTBOA8AwAnAbAZAPASAJAPAEAAACAACxCeCVBiBlBAA4AqAlAWAXAMASAQAGAGAAAAAA
4207809,CsCsCGB/BwBEAnAwAjAfAfAUASAFAHACACAAAACnCnCOB9BcA8AnAyAtAcAUAUAKAGAEADABAAAA
4207908,CrCmCPBiBaA7BCAlAyArAZAXATARAKACAEAAABC9CHCDB3BRA0A0AqA0AiAbAXAQAPAFACABABAA
4208005,CvCmCFCFBiBGAxAyAxAeAaAOAMAQAHAJABAAAACfCeCQBtBeAwAqAzA6AXAZALAGAPALAEAEABAA
4208104,ClCaCJBtBZA6A0A4AsAoAhAaATASAMAEAEABABCpCdCDBnBMA2A4AwAvAnAcAYAQANAJAFADABAB
4208203,CRCbCOBvBMA3A2A1AsAmAgAaAUANAIAFACAAAACMCVCKB+BbA9A7A5AwAlAdAcAWAPAJAHADABAB
4208302,CbCPCRCEA9BBAlAjAnBMAuAhAaALALAAAHACAACXCDCWBzA9ApAuArA/A2ARAaATAXAOAHANAAAA
4208401,C9CoCYBwBaBAA8AnAjAfAYATAPAOAFAEACAAAAC0CgCIB2BYBDA1AmAkAWAZAVAQAHAEAEABABAA
4208500,CsC6CJB8BTA1AzAyAkAlAjAMAOALAKAGACABAACkCkCMB5BZAzAzA1AmAcAWAQARAJAIAFADABAA
4208609,CyCnCeBrBhBBA1A5AaArAfASAMALAFACABAAAACYCiCVBnBaBBBDAsAhAlAXATANAKACAAAAAAAA
4208708,C0CsCQCBBfA2AyAzAlAdAYAPANAOAHAEACAAAAC2ChCMB/BMA7AtAxAeAeAVARAOAKAMADABABAB
4208807,CVCgCVCEBQA4AqAoAvAxAiAVASANAIADACABABCQCeChB8BTAvApAzAzAmAdAVATALAGAFACACAA
4208906,CJCDB4BwBjBDA+A0AtAsAkAhAZAUAQAEAFACAAB7CEB/ByBeA+A/AxAsAnAkAhAaAQANAMAEACAB
4209003,COCNB2BsBTBMBLAzAtAlAfAVAPAOAHADACABAACKCSCGB6BrBMBKAyAuAlAcAaAVALAHADACABAB
4209102,CaCQBzBmBiBJBHA2AvAkAhAYATANAJAEADABAACVCPBuByBkBHBBA3AsAlAeAZAVAPALAGAEABAB
4209201,C0CHCmBeCABDAiAYAnAvAXAMAXAKAFAAAAAAAACoClCEB3BcBEAsA2AWAzAbAVAYAJAIAHAAAAAA
4209300,CiCdCDBxBeBDA8AyAqAiAcAVAPAKAFADACABAAChCZCIB9BjBHA5AzApAgAXATANAJAGAEACABAB
4209409,CRCcCKBzBQA2AyAqAoAnAiAeAVAQANAEADABABCMCWCHB9BXA5A4AtAqApAnAfAZAUALAHAFABAC
4209508,CgCkCdCNA5BIAnA5ApAbAYAbAYARAIAHAAAAAACRCUB/CZBVA/AyApApAXAYAcAWAJAEAJAGADAA
4209607,CqC6CRBzBIA4A4AtAgAiAYARANAKAHAEACAAAACpC9CNB3BSBBA2AuAlAZAaAPAUAOAEADABAAAC
4209706,CpCsCFBiBWBIArA4AnAmAjAWASASAGADABABAACdC2B/B0BSBFAvA7AoAjAcANAQAGADADACADAD
4209805,DWCsCaB0BZBCA0AzAqAcAUAMAKAPACADACAAAAC7CwB8B3BdA4AoAvAsALALAQAJAPAFABAAAAAA
4209904,COCSCHByBHBFAzBCAuApAmAdAWAPAJAGAFACAACUCWCOBkBNA4AsA6A1AtAhAcAZAWAHAFADAAAA
4210001,CWCmCmB+BaAzAmArAqAqApAZAUAIAJAJABACAACXCeCUCCBCAzApAuAuAmAjAVANAMAHAFAEABAB
4210100,CaCMCIBuBRA5AyA4AzAtAlAbAVANAJAGACABAACXCSCFB1BLA+A5A2A1ArAkAYATALAKAGAEABAB
4210209,CQCoCkCPBrAoAoAkArAuAdAUAVAIAIAJABABACCHCfCrBxBMAqAuAyA5AoAWASAKANAHAGACABAA
4210308,CRCdCKCKBVBCA2AsA+AdAhARAQARARAHAEAAAACOCXCOBvBXA5A1AqA7AlAZAWAOALAOAEAAABAA
4210407,CbCTCTCbBkA5AmAnAZAfAhASATAfAMAEAJAAAACXCUCTCWBXAoAdA4AZAhAWAfAeATAEACAEAAAC
4210506,C3CxCIBvBTBGBIAvAlAeAaAWAJAKAEACAAAAAAC6CkCKBtBYBFA/ArAgAdAZAOAHAKAEABAAABAA
4210605,CUCTCLBxBTBFAwA1AvAvAlAZAWASAOAKAGACAAB+CSCRBpBQA2A1A0ArAtAeAXAYAVAKAIAEADAA
4210704,CyCYCIB5BrBHBAArAzAfAdANAOALAGAHAEABAACxCYB8B7BgA1AqA0AjAgAVATANANAGAAAAAAAB
4210803,CwC4CPCIBjA4A1AtAtAgAaASAKAKAHACACABAACeCwCIB0BUA1AwAsApAhAYAMAKAKAFAGACABAA
4210902,C2DBCTBpBSBLA7A1AnAfAUAPAKALADADABAAAAC4CxCZBUBdA6A4AxAgAdANANAPAIAEADAAAAAA
4211009,DBCjCKCABZBABBAwAoAfAXAXANAKAGABACAAAACxCXCGBzBRA+A4AtAgAfAdARAPAIAGABAAABAB
4211108,CnCoCYBsBJA7A1AyAyAmAYAVAVAQAJACACAAABCnCgCYBhBcAuAzA5AiAoAbAaAPAGAKABADACAB
4211207,COCrCQB/BiBIAuArArAiAUAXASAQACAAAAAAAACeCLCeB5BsBFA4AfAnAcAmAOATAOADAFACABAA
4211306,ClCgCSBxBUA6A1AnAvArAeAcAPALAIAFABAAAACjCgCNB4BLAyA0AxAvAlAYAVAXANAKAEABABAA
4211405,CXDHCFCYBkAzA1AxA1AnAZAJAFAAAFACAAAAAACiCjCxCFA9AlAzA8A1AhAQACAFACAFAMAAAAAA
4211504,CNCrCUCLBYA4ArAuAnApAgAQANANAMAFACABABCZCZCeB+BTAxAuAoAyAaAaAWATAPANAFAGACAA
4211603,CmCkCPCOBYA5AzAkAoAkAYASAUAJAOAHABAAAACSCpCiBtBRA5AxAvAmAXAeAUAVAOAHAGADABAA
4211702,CYCiCPCGBbA4AsAxApAmAcARAQANALAFACABABCUCPCeB4BkA2AzAuAuAkAdAUASAPAGAEADACAA
4211801,CDClCZBnBlBDA4AuApAjAUAUAWASAIAHADACAAB8CjCDCAB1BDA4AqApAiAaASAWAMAMAEAEADAA
4211900,CpCiCIB5BXA3A1AtAqAmAfAXARANAHAFAFACAAClCjCIB4BKA6AxAsAsAjAgAWATAMAKAEADAAAA
4212007,DRC6CNBsBdA7A8A8ArARAqALAEAEAEACAAABAAC2C3B8BoBiBCA/AdAfAVAZAGAMAAADACACAAAA
4212106,CcCcCGB8BiBDA6A0AvAnAbASARAKAIACAAAAABCZCYCLBxBfBCA4AzAsAmAbASANAOADACAEAAAA
4212205,CbCqCJB1BWBAA5AxA1AlAkAVAVALAHAEACABABCzCZCNBbBDA+AxAuA1AnAfAVAMAMAJADADACAB
4212304,CkC5CcB7BfA6AvAwAhAjAfAbAUALAIACABAAABClCYCTByBWA9AzAkAbAkAaAVAQALADADACACAA
4212403,CUCiCKCDBdA0AiAvAqArAhAYASAMALAEACACABCFCqChByBmArAyAlAvAaAlAYARAMATAGAEABAA
4212502,CnCkCcB5BFA2ApA3ArApAdAgAPAOAGABACABAACdCsCOB4A7A7A1ArAuAmAiATATAMAIAFABABAA
4212601,CqCXCcBxBUBTAwA1ArAcAdAfAOAIAHACAAAEAACqCtB/BxBEA9A6AzApATAfAcASAJAGADACAAAA
4212700,CiC6CLB+BWA0A/AlAwAiAaATAOAOAFADABAAABCmCmCXB2BQA1A0AuAlAdAXAUAQANAFADACABAA
4212809,CWCuCfBtBKAvArAsAZAnA1AqAYAWAMAOADAAAACPCFCXBbBGA5AmAvAoAqAdAqAbAUATAJAJAAAA
4212908,DQC4CKBmBeBFBCAtAoAcASANAIAGAFACABABAAC2CtCQCEBOA5A2AxAkARANAPAKAIAEABABAAAA
4213005,CXCpC0BuA7AhBZA1AqAaAWAaARAQAJAHADAAAACCC3CzBtAxA7A8AoAkAmAjASASAXAGAAACAAAA
4213104,ChCQCXBtBiBFA4AtAqAZAiAlAVAMAHACAEABABCOCVCKBhBXBJA5A1AmAiAeAfASARAEAFAFAAAA
4213203,B9B0B+BdBZBCBCBKA5AuAsApAiAWAQAIAIABAAB4BxB0BXBMBEBABAA0AoAtAhAgAaAWAGAEAAAB
4213302,C4CVCCCCBNBKArAlAuAnAfAZAcALAEAEABAAABCqCoCIB5BEBKAsAxAaAlAeAZAOAJAFAHABAAAA
4213401,DDCjCYBiBeA/BCAyAlAkAUAXAMAJAGABABAAAAC2CbB/CABgBEAyAmAvAXAUAOAGALAFAAABABAB
4213500,CgCfCWB4BTAtAsA2A2AiAaAfAXAQAMAEAFAAABCeCiCNB4A7AqAtA1A2AdAbAaASATAPAIACACAA
4213609,CQCVCHB/BWA+A5A7AyAmAlAWASAOAJAEAEABABCGCOCFBwBVBDBCA4AtAmAeAYAVAMAKAFADABAB
4213708,CcC3CdBoBXBEA3AvAtAdAhAUAOARAKADACACABCkCdCGB7BcA5A9AgAlAhATATANAKAJAEAAAAAA
4213807,CyCZCQCMBYA8AwAtAmAqAfASAKALAEAEABABAACqCTCVCCBiAuAoAvAnAkAYAWAJANAFADAEABAB
4213906,BtCyCCCDCCAsBHAvAkArAbAaAUATAAAGAAAAAACDCiB5CSBCA3AmBLApAfAYAmATAHATAGADAAAA
4214003,CZCgCHBvBdA+A+AwAoAoAeAXAUATARAIAFACAACRCXB5B0BSA+A5AtApAlAaAYAZASANADACADAA
4214102,CoDLCnB1BMBAAtA3AwAnASANAOAPAAAAADAAAACsC0CPBvBMAxA3ArAdAfAXASAIAFAAAHAEAAAA
4214201,C4DECNBxBXBOA5A2AnAdAVAOAMAFADABAAAAAAC3CzCJBpBRBNAzAtAgAVAWAOAKAGABACABABAA
4214300,CfCRCmB9BOBYAiAsBAAfAoAUAIAXAGAIADAAAACDCTCACJBOAsBAAwAwApAoAUANAHAKAAAAAAAD
4214409,CdCiCLBlBYBDA8AwAiAdAnAfALALAPAKABAAADCbCGCcBtBeBAA5A4AmApAZAZAMAOAHAHABADAA
4214508,DQCmCNB7BoBBApAxAkAbAOAWAPAKAKABAAAAAACrDLCLB3BOA5AsAuAgAZAZAJAGADAGAFABAAAA
4214607,CoChCeB6BYA7AyApArAlAcAQAPAIAIAEABAAAACNCyCWB+BgA3A0AvAvAiAQAPAKAIAJAFADADAA
4214706,CDCJCGCKBnBBA3AuA2ApAnAhAQAVAJADACABAAB6CRCECBBgA7AvAvAuAhApAUAWATAFAEADACAA
4214805,CCCRCEBpBYA9A6AyAvAlAkAfAUAPAKAIADABAACMCFB5CDBqBDBCA3AsAqAfAgAVASAHAEAEABAB
4214904,C7ClCnB5BlBCAvArAiAYAgAVASAHACAGAAAAAACRCaCFCDBeBJA4AfAdAYAbAbAKALAFAEAEACAA
4215000,CSCkB+BuBSBGA+A5A4AqAXAfATAQAIABACAAAACqCOB+BrBIBIBBA0AxAiAeAXASAPAEACACAAAB
4215109,CQB8CAB4BoBJBIAtArAhAfAhAXALAPAHAGAAAACfBfB4CDBfBSA4ArAtAdArAWAVASAPAKAEAAAA
4215208,C5DWCOB6BMA9A/A2AoAZAhAMALAFAEADABAAAAC4CjCQBqBIBFBAAuAfAYAUALAFAGAEAAAAAAAA
4215307,CrCwCrCQBVBBA4ArAcAwARASASAMAFAAAAAAAACeCfCYBuBYA5AzAqAvAYANAQASAFABAAABAAAA
4215406,C2CBCWB9BjBiA3AtAYAbASAQASAFALAIADAAAACaCiClCDBlBGAeAxAkAMAhAbADADAIAAAAADAA
4215505,C0CqCTBpBfBDAyA9AwAkAYAMAPAJAFADADABABDDCaB8CBBSA+AzA0AkAXAXAMANAFACADABAAAB
4215604,CqCgCkB+BYBRAyAkAsASAlAPAKAOAAAAAFAAAAC1CuCRB/BDA8AfA3AuAHArAVADAJAJAAAFAAAA
4215703,CtChCPCEBhA3AyAjAoAcAmAYAJASAJAFABABAACTCgCTB+BbA1ArAnAoAjAZAWARAOAJAEAGACAB
4215802,CICKB6BpBiBCBCA7A1AnApAdAVAMAIAFADABABCJCHB0B3BcBIA+AzAyAsApAWAVAPAJAHADAAAB
4215901,CCCjB6B4BnA7A8A6ApAnAlATAaAdAGAKAAAAAACECSCFBgBuA2A0A+AmAfAgAfAXAMAMAKAAACAA
4216008,CkC3CeBxBTA/A5ArAlAfAaASAZANAFADAAAAACCfCmCEB6BRA9A6AtAnAbAYAVAOANAHADACACAA
4216107,DUCiCLBuBaBAA4A7AtAcAYAMAOAEACAFAAABAAC9CrCcBjBPBHAtAyApAXAMANALAGADADAAABAA
4216206,CTCNCRB2BRAtA0ApAuAyAsAoAXARAMAFAEABABB7COCKByBNA2A0A1AyArAlAhAWAUAMAJAFABAC
4216305,ChCkCLB2BgBAA1AyArAcAmAaAXANAHABACACABCbCWCJBmBNA2A7AqAoAgAiAaAXARAIAHADABAC
4216404,CeCiCWCJBWBDAzAsAlAjAoATAVAKAJAGAFACAACbCfCFB4BZA0AzAiAkAlAkASAOAKAHADAEABAB
4216503,C3CpCSBvBVBCA3AxAtAgAbAUAQAJAEADABABAACrChCUB2BVA7AxAuAhAdAXAVAOAJADAEACAAAB
4216602,CgCfCCBqBTBHBAA6AuAoAZAYARAOAHADADAAAACeCTCABtBeBFA7AwAqAhAZAZATAOAKAEACABAB
4216701,DHCrCeB5BZA9A7A6AiAfAXALAQAJABABADAAAACyCtCQBgBVA9BAAlAcAbAVAQAKAHAEACABAAAA
4216800,C9CtCPBwBQAzA4AsAnAeAmAXAOASAJAFABAAAACtCjCXBnBcAvA1AqAlAcAeAQATAHAGAEACABAB
4216909,DPCrCOBqBcBHA/AuAsAaAVANAJAGAGADAAAAAAC+CvCFB0BWBBA3ApAkAXAQAKANAIAFABABAAAB
4217006,CoCtCICRBvAuAlAuAuAOAdARAQARAJADACAAAACcCsCeCDBOA3AcA5AWAaAWARAdADAXADACAAAC
4217105,CCCTCBCPBmBDA6A3ArAjAdAnAbAOADAKADAAAAB2BuCCCABzA5A3A0AqAkAZAcAWARAMAMAGAAAA
4217204,CsCmCIB0BeBIBBA4AoAcAcAQAMAIAEABAAAAAACgCoCLByBfBFA8AwAmAdAYAPAMAFAGABABABAA
4217303,DICvCUB8BMBBA8AlAuAjAYAOALAHAEADABAAAAC2CsCVBqBLA3A5ArAmAjAVAPAEAIADABADABAA
4217402,B/CDB2B8BZBGA8A9A0BEAYAnAeALAMAFAGAHAACKBzCBBnBVA2A6AtA9AhA0AaAVAVAPAHACAAAA
4217501,CtCpCMByBgBCA/A0AlAbAdAQAPAMAFAFACABABCwCaCSBjBaBAA7AqAkAhAWATAOANAFADAAABAA
4217600,CGCxCdCHBPA6AyArAvAaAeAXAOAOAFADACAAAACMCjCdCDBUA6AoA4AkAkAZAYATAOAFAJABABAB
4217709,CgCwCbB7BfA7AoA1AmAjAcAaAPAKAGAEACADAACRCoCQB8BSA4AxAuArAfAaAQAPAIAIACAEACAB
4217808,CfCzCcBmBZBAA4AxAwAdAcAXATALAFAFADABAACdClCQBuBXBCA4AoAsAfAVAOAMAKAGAHABAAAA
4217907,CwCkCLBwBVA/A4A1ArAgAZAVATAPAIADADAAAAClCeCMBqBVBEA3AyApAiAYAYAKAJAJAFABABAB
4218004,CMCdCACQBLA+AyAwAqAkApAZAXANAOAFADAEAACSCTCLB0BMA8AyAqAyAgAkAaAXAXALAGAFABAB
4218103,CaC7CQB/ByA/A6AmAuAbAcAUARAMAIACACACAACYCWCKByBcA/AyAiAuAgAZATAOALADAEADABAA
4218202,B+CMB2BrBaA/BFA3A3AuAtAgAQAWAMAIADABABB4CIBvBxBnA7BBAyAxAuAsAYATAVATAKACABAA
4218301,C1CKCJBnBWA9A6AuApArAeAUAbAOAEAEACABAACkCiB1CABaBDA3AoAjAkAdAgAOAQAHAFACACAB
4218400,CbCeCWB8BpBCAsAuApAmAYAZAQAJAGAFAAABAACbCmCSCEBRA1AxApAmAnAeAUAMAIAFAFADABAB
4218509,CLCWCRB+ByAqAuAuAuAyAWAjATATAGAAACAAADCNCDCIB/B/AsAoA5AuAiAdAZANALAKAMAEACAC
4218608,CGCcCABxBMAvA1A4AqAkAnAXAdAfAUAIADADACCJCdB4BxBHBJA3A9AtAeAdAZAfASAJAKAJACAC
4218707,CCCmCRB8BWA9AyAwAoAkAZAWATAMAHADADAAAACDCiCOCKBjBDA5AvArAlAeAUATAOAIAEADACAB
4218806,CmClCjB6BcBBAzAuAmAdAgAQATAFAHAGABABABCXCkCPB3BVA+A0ArArAZAWAXAMANAKAEAAACAB
4218905,CzCXCNB7BgA8AxAtArAeAdASAVASAHADACABABCZCkCJCKBZA6AwAtAmAcAUAUARAMAGAEACABAA
4219002,CDCRCLBwBrA5A6AyAvAlAfAVAPAMAJAFABABABCOCOCYB/BbBDA8AwAtAdAlAWAWAOAJAHADABAB
4219101,CyCyCSB4BSBGAyA4AuAWAeAeATAFAJAIAAAAAAClCECBB7BFBOAtAyAfAjAbAaAQAPAGADAAAAAD
4219200,C6CvCRB1BhA9AsAvAkAmAVATALAHAGACACAAABChC9CaCLBUAzAvAnAgAeAWALAKAHAGACACAAAB
4219309,CWCZCJBzBdBEA5A5ApAeAcAXASANAJAEACABAACMCRCFB9BjBGA7A5AqAkAdASAWAMAJAFADAAAA
4219408,C4ChCeB4BHAwBHAtAiAoAeAbAfAQACAFADAAAACVCyCNBgBEA8A3AiAqAZAXAdAcAIAJAIADAAAA
4219507,CbCxCCB0BaBDA8AvAwAfAaASAJAKADABABAAABCsCcCMCHBZA/A+AvAqAhAZAVAJAGAEACABABAA
4219606,CiClCSCMBvBEAzAiAtAmAcAYAGAEADAFAAABAACZCqCOB4BcA4AzAlAuAeAfAMAIALAFADABAAAC
4219705,CqCkCJB6BdBEA9AtAqAgAZARAQAIADABABAAAAC0CfCECDBfBEA3AoAmAeAYASAPAEADABABABAA
4300109,CGCMB9BlBcBEA9A5A3AuAjAeAaARAKAGAFABAACDCCB1BnBMBOA/A3AuAnAqAdAVAWARALAKABAB
4300208,CiCSCEBtBaA7BAAwAzAnAkASAVAPAKAHABABABCZCQCMBoBCBIBCA3ArAoAgAWAOARAGAKACADAA
4300307,CiCzCWB6BWA9AxAxAkApAjASAOAJAEACABAAABCjCrCOBwBVA5A6ApAiAoAYARAQAIAGADADABAA
4300406,B/CRB7B/BeBGBDA3AsArAfAfAaAPAJAFADABAAB/CGB1BxBaBLA9A4AsAoAfAeAWARAJAHAEADAD
4300505,C8CeCPB2BaA/BBAsAiAhAaAPAOAJAHADACABABC0CpCLB7BTA4A0AmAlAjAUARAOALAIACABABAB
4300604,CgCVB8BkBYBMBNBAAvAnAcAVAPAKAFADACAAAACbCPB4BhBZBSBGBBAvAiAcAVASAMAFAEACABAA
4300703,CACkCNCKBoA9A8ApAnAlAiAZARANAJAEACAAAAB4CnB6CCBcA0A7AxArAlApAXAPAOAGAIAGABAA
4300802,CBCmCgB1BnA8A7A1ArAhAbAVASAMALACACABAABtCcCXB0BeBGA4A3AnAhAeAaASAPAMADADABAA
4300901,CVCTCdB0BXBJA1AvAlAkAmASAaAIAHAEAEAAAACJCdCNBzBWBJA7AyAmAgAkAWAWAOAHADACABAB
4301008,B6CJCYBvBhA6A5A1AuAjAlAjAXATALAGADABAAB6CDCOB4BTA6A0A8AtAoApAeAZAYANAIACABAA
4301107,BiCMCDCOBbA4AwAwA0AoAuAkAqAWAMAJABADABBwBpCECEBJA2A4A9A2ArAuApAbAWALAIAFACAB
4301206,CiCaCLB5BfA+A/AuA0AhAaAVATAIAEACAAAAAACPCnCCB/BYBCA0A0ApAlAbATAQANAHADADABAA
4301305,B6B6B5BwBcBQBMA8BAAvAqAlAbAUAKAFAFABABBxB8B4BpBZBIA8A8AsApAiAaAUAQALALAFACAB
4301404,CcCbCOB7BaBGBCAtAqAjAYAWASANAIAFACABABChCLCHB4BoA/A0AxArAgAWAcAOAMAFAEACABAA
4301503,B/CHCPBuBeBDA6BBA0AsAiAiAZANAMALADAAAAB8CWBiB1BTBEA2A8AzAqApAcARARANAHAFACAB
4301602,BvCBB5BrBYA+BCA8A2ArAoAiAYASANAHADABABBtB9B5BtBdBGBEA/A8AuAnAhAcAYANAJAGADAC
4301701,COCeCHB7BbA9AvBBAuAoAZAXAWALAJAKAEABAACHCLCBB7BSA8A3A9AuAuAZAUASAPARALACABAD
4301800,CrCxCRBwBOA9AmAyAiApApAXAQALADADAFABAACmCqCOBzBQA8AwAuAsAgAbAYAIAPACAFABABAB
4301909,B4CNB/B/BaBBA6A/A7ApAqAcAdANAKAIADACAAByCTCEBjBLA+A4A/A0AgAwAfAXAOAOAJABABAA
4302006,CgCtCQB+BZBAAvAzAoAhAcAZAQAMAEAEADABABCgCdCMBuBjA7AsAuAnAkAYAdAMAJAFAEADACAA
4302105,BoCEB8BvBkBNBBA8AwAyAjAdAXANAIAFADABAABrB5B8B7BoBLBDA/A1AsAmAeAXARAKAGAEABAB
4302204,CWCYCZCBBiA/A1AuAiAeAiAXAaALANADACABAACFCQCZB4BfA7A0AqAhAiAdAhAVAKAJAIAFABAB
4302303,CbCsCVByBUBDA9AwAwAfAdAYASAKAGAEADACAAC4CQCJBwBVA/A0AuAnAdAdASALAKAJAFABABAB
4302402,B/CPCVB0BLBEA7AyAwAqAgAkAWARANAIAEABACCBCLCHBtBNBABEAsAqAuAiAdAbASAOAIAGACAA
4302501,CRCQB2CEBOBPBGA0AqAmAjApAOATAGAHACABABCgCIB7BvBMBBA6ArAqAsAoAUAQARAQACAFACAA
4302600,CtCpCHBzBgA9AwAtAoAjAYAYARALACADADAAAAC3CjCCB1BsA0AnA0A2AbAYATAMAKACACADAAAA
4302709,CICVCUBvBIBAA+A9AzAqAkAeAUAOAJAEACABAAB/CUCMBzBUBFA+A8AsAmAaAaAQAPAJADAEABAA
4302808,B9CICFB7BnBGBAA4A3AkAnAYATAOAIAGAEABAAB2CHCDB7BjBHA4A3ArArAfAWATANAJAIADADAC
4302907,B/CVCcBtBHA8A7A3AzAsAsAeASARAIADACABABCGCMCLB3BMA/A8A9AwAoAjAZAUANAIAGAEADAB
4303004,B2CICCB7BSBCA5A4AwAsAoAgAXARALAGADABAAB0CCB+B3BbBIA9A8A1AsAlAfAXASALAIAEADAB
4303103,COCYB9BgBRBRBXBMA3AlAYASANAJAEABACACAACGCUB/BZBiBWBRBFArAjAZAVAOALAFAEABABAB
4303202,C1ClCOBwBaBTA5A0AkAZATAcAQAHAHAAABAAABCwCaCcBgBcBFA8AqAeAWAdAXALAKAFACAAACAA
4303301,CnCuCKBwBcBEA8AuApAeAdAWASAMAGAGADAAACCrCgCEBqBNA/A5ArAlAeAcAaAQALAKADADAAAC
4303400,CrCzCYCJBiA3AuA0AmAZAfAQANAHAGABAAAAAACQCuCXB8BcA7AwAsArAcAXANAJAIAEACACABAA
4303509,CKCSCEByBaBDA+AzAxArAmAaAWAPAJAGACABAACKCOCDByBZBEA8AzAsAnAgAaAVAMAIAGADADAB
4303608,CYCtCLB2ByBDBAAyAqApAXAVAWAIADADABABACCfCmB7B5BXBCA1AtAoAZASAYAQAHAEACABABAB
4303707,CRCdCPCKBfBFAzAzAgAtAdAWAQAPAKAFAFABAACPCRCWBzBMBDA4ArAsAjAfAUARALAJAGAGAAAA
4303806,CSCrCMBuBmA2A8A5ApAfAaAXAVAKAKADAAACAACNCeCMB0BhBFA5AyArAXAlAUAOAPAIABACABAA
4303905,B+CCB+BpBjBKBFBAAtAlAkAVAWARAJAFABABAAB7CSCBBjBpBOBBA7A0AoAdAfARAUAJADADADAB
4304002,CvCgCOCABVBBA7AsAmAoAWAYAKAPAHADACABABCoCaCUBxBbA4A1A2AlAgASAbAPAHAEAAADAAAA
4304200,CDB8B5BqBgBDA7A8AwA0ApAkAXAWALAGADABABB6B6BvBtBeBDA+A8A5AuAjAjAZAXAKAIAFABAB
4304309,CnCNCgB9BLBKA7AxA0AiAbAaARAKAIAAAAAAAACRCfCKB4BUA/A5AxAmAaAqAPAKAQAHADAEAAAA
4304408,CGCNCOB3BRA8AzA6A4AiAiAfAfARAJAFABACABCCCICEB2BKBHA2A8A0AkAfAdAZARAQAFAFACAB
4304507,CHCMCDB2BXBJBBA4AzAoAlAgAYASAJAGABABAACBCGB2B2BXBDA7AzAsAmAjAgAYARAIAJAEACAB
4304606,CCCBB1BqBiBPBGBDA4ArAgAaARALAHAEACABAAB9B/BzBxBlBQBFBDA3AqAhAcASANAJAEADABAB
4304705,CGCBCEB2BVBBA+A2AzApAhAcAUARAIAHACABAAB/CJB4B9BiBEA8A8A0ApAjAbAXAPAKAGADACAB
4304804,CFCRCLBqBhBSA/A0AuApAhAVAXALAJAFABABABB4CXCIBtBiBAA4AuAxAtAiAZAZANALADAFABAC
4304903,CGCYCcCABbA/AzAxAmApAgAXAPAPAFADADACAACGCLCaCMBSA+AyAvAuAoAeAeAQANAEAFAFACAA
4305009,ClCUCCByBXBKBAA0AvAgAgAcATAPAHACADAAABCgCQCFBqBSBBA4AyApAjAeAcAQAOAMADACABAC
4305108,BvCFB+BvBhBMBCA9A1AnAhAaATAOAIAEACAAAABqCFB9B4BqBQBHA+A3AsAiAdAWAQAJAFADABAA
4305207,CTCfCOB4BSA/A5AvAuApAaARANALAMAIADABAACNCaCOBxBZBCA8AvAtAiAhATASAPANAGACAEAB
4305306,CSCiCFBzBZBLBDA4AzAeAgAWAYATAIABADABABCMCQB5BuBQBGBFAuAuAeAhAZAZANALADABAAAB
4305405,C0CKCeBtBjBUAzAsArApArAeAMAMAFACABAAAACwB7B3BkBmBBA2AuApAjAWAVAQALAKABACABAA
4305504,CVCcCHByBtBFAwA7AvAjAXAUAUALAOABABAAABCOCbCVB3BdBFAsAtA0AjAVAcANAPACAGABAAAA
4305603,CMCGCHB/BwBLBBAlAqAkAmAWANADAMAEAGAAAAB9CECHB+B9A1BFAyAuAlAdAUASAPAMADAEAAAA
4305702,C/B8CJBlBkBAA6AxAqApApAZAKAVALAGAHAAACCQCFCEBwBVBDA2AyAnAoAlAXASAOALAFADADAA
4305801,CpCrCOB1BfBGAzA2AoAiAZASAPAMAFABACAAABC1CTCEB1BTBDAyA1AoAcAbAWALAMADADAAABAA
4305900,CoCqCECABcBFA3AwAjArAkAbAOAKAFABADABABCuCOB/BhBSBCBAArAkAiAfAbAOAMAHADACAAAC
4306007,CYCNCIB6BeBHA0AyAnAnAoAbARALAJADACAAAACbCQCDB4BjBBAxAwAmApAkAVASAMAIAFAEAAAA
4306106,CBCNCBB2BUA8A6A4AxAlAlAdATAQAIAEADACABB+CJCAB2BiBFA+A8AxAsAjAhAUAPAMAIAEABAB
4306205,BxCOCDB0BXBBBCA0A2ApAhAhAYAUANAEACADACCCB6B9B0BVBKBAAsAxA0AlAVAaAQAVAJAFABAC
4306304,ChC0ChCLBcA6AoA8AoAdAZAZANAGAHADAAAAABCdCZCQB6BmAwAzArAjAnAZASAOAEACABADAAAA
4306403,COCVCDB7BUBBA6A6A0AuAoAcAXAPAJAJACABAAByCPB+BvBOA8AzA5AwAmAjAcAXAUARAKAEAAAB
4306502,CbCRB+B3BQBIA9AvAsAhAmAkAYAXAMAHAEAAABCXCGCABmBNBCA1ArAoAlAiAoAUASAOAFADAFAC
4306601,B6CBB1BsBWBCBBA7A3ArAqAkAZAUALAHAEACABB2CHBxBqBXBLA9A9AzAsAmAlAYAXAJAIAGAFAD
4306700,B0ChCPBrBfAtBDA/ArAjAnAaAcAOAJANADAAAABnCVB0CLBBBIA/BNAmAqAfAtAaAMAEAKACAAAA
4306809,B3CXCPByBWBHA4A2AxAkAhAZATARAMAGAEAAAABvCVCSB7BgBEA1A7AqAlAnAbAVARAJAIACABAA
4306908,CGCOCJB4BXBDA6A2AsAsAoAfAZARAJAGACACAACDCHCGB0BVA+A5AyArApAlAfAWAQAHAHAEACAB
4307005,CCCGCABtBSBCA+A3A0ApAfAYAXAQAKAFAEABAAB7CFB8B+BhBNBDA8A1ApAkAeAVAPALAGACABAB
4307104,BsCEBoBvBkBVBGBCA4A8A6AbAkAcAPAIAHAAAABwBuBeBfBKBLA+AvAxA0AoAdAgAUANAKAIAGAA
4307203,C1CgCTBuBXBCA0AvAmApAaASAOAHAFAEAAAAABCoCsCSBtBZA8A5AqAwAeAZAQAKAOACAEABABAC
4307302,CyCrCJB1BTBFA5A2AzAeAbAQAPALAFAEACAAAACtCNCFB2BbBAA1AvAsAcAZASANAFAEAGADACAB
4307401,CYCwCUCFBTA+AzA2AnAtAbAdARALAFADADACAACMCgCXBbBQA8AzAuAwAkAgAYAPAJAIACACACAB
4307500,ChCcCJBoBaBIA+A2AuAhAhATAQAKAJAGACABABCiCSCIBvBhBAA5AyAnAeAZAXASAKAIAFACABAB
4307609,CJCOBzBnBbBaBPAzA8AsAmAaAWALAFAIAEACABBvCHB6BfBcBKBBA7A5AeAeAdAYARAOAJAGAAAB
4307708,B6CBB8BnBkBTBIA7A0AtAgAYASAOAHADACABAAB6B7BuBzBuBRBFA/A1AlAjAgAWAMAKAJADACAB
4307807,BmB5B1BpBUBBBDBAA6A3ApAmAcARAMAJAEACAABrB2ByBnBcBABCBAA5A2AtAiAdAYAQANAFAEAB
4307906,BqCHB9B1BfBKBDBAA0ApAhAdAfATAIADACABAABrB3B8BnBgBRBCA6A1AqAiApAdAXALAHACAAAA
4308003,B5CKCMCGBjBGA5AvAkAqAkAdANAPAGAGAHACABBiCYCLCFBqBCA6AwAuAkAkAYAPAOALAIAGAEAB
4308102,B3CAB7BzBNBDA8A+A4A2AxAhAeATAMAHAEABABBxCCCDBWBEBHA1A3A1A4AkAnAgAUASANAEAEAC
4308201,BrChCiBzBkBMA+A2AwAjAgAYAUAIAKACACAAAABqCOCICNBcBDBAA1AtAlAfAUASAMAKAHACABAA
4308300,CqCcCeB3BlA7A0AyAmAjAbAZAQAJAEAEABAAAACVCqCRB0BaBCAwAuAqAgAWASAOAHAEADACAAAB
4308409,CRCICKCCBYBEA6A4AwAgAfAdAXAXAGABADACAACBCaCTB1BdA4AvA1AlAiAnAcAPANALAEAEACAB
4308508,CaCyCSB4BfA/A5AwApAiATATAMAIAGADACABAACbCdCQB+BoA/A4AyApAbAVAQANAJAHAEABABAA
4308607,BsCOCJBnBaBCA4BAA7ArAjAZAXAQAKAGACAAAAByCDCHB0BWBLA+BEA1AsAnAhAVARAKAHADACAA
4308706,COCOCGBvBSBCA6A9AxAsAkASATANALAGABABAACKCSB+BwBaBDA8A5A3AoAlAWAQASAKAIAEACAA
4308805,B5B8CEB7BaBFA+AxAwAoAsAcAhASANAKAIACABB4CEB+BsBSA9A7A8AzAnAnAiAbASAMAHAGACAA
4308904,CUCOCDBpBWBHA8A5AxAqAiAaAQAOAIAEACAAAACDCSCEBwBYBIA8A6AyApAlAaAUANAKAGACAAAB
4309001,CWCTCQBuBdBCA5AwAwAnAhAaASAPAKAFACABABCZCOCBBzBUBEA4AyArAiAiAYAQASAIAGADACAC
4309100,B0CACFBlBZBFA/A4A9AuAnAbAbAPANADAFACAAB4CCB4B0BiA9BCA3A5AwAeAiAbAQAMAJAGABAA
4309209,B/COCBBwBXBFBGA/A1ArAiAcAZAOAKAEACABABB7CKB7BqBZBMBGA7AxApAcAbAWAQAKADADACAA
4309308,CHB/B2BoBkBUBLA8A5AqAnAcAXARAJAFADABABCCCDByBwBfBGA8A3AuAnAmAYAWAQAJAHADACAB
4309407,B4CXCPB8BaA9A5AyApAoAlAaASARAHAGADABAAB1CTCMB6BmA+A3AyAtArAsAaAVAPAJAGADADAA
4309506,CjCNB/B6BYBIA8AzAyAgAaAgAQAQAKADADABAACQCSCCBoBWBCA5A4AvAiAeAbATASAKAJADABAA
4309605,CNCXCEBjBaBKBAA2A1AlAiAXAWAPAIAEABAAAACICOCDB5BWBKBHAwAuAqAfAWAVAMAJACACACAA
4309704,CkCaChB4BYBAAvAvAtAlAhAVAMAKADAFABACABCQCmCSB8BYA1A8ArArAfAfAVAOAHAFAHACAAAC
4309803,CXCXCIB7B0BFA7AwArAgAmAZAQAJAGABAAAAABCSCXCIB4BZBDA3AtAsAkAkAUANAHAIABABABAB
4309902,C5CaCKB3BQBLA4ApAjAhAcAYAOAJAIADACABABCpChCRB4BhA6AvAvAdAlAbAYAKAQACADABABAC
4310009,CFCICNBpBbBLA/A3AsArAgAcAUATAIAIADAAABB8CKCCBrBiBFA3A7AsAmAlAbAVAVAIAJAGABAB
4310108,B3BjBjBsBeBGBHA8BEApA+ArAcAYAGAKACAAABBgCABmBjBOBNA6A+A7A5AwAoAUAdAQAPAFADAE
4310207,CFCLB9BxBYBFBBA4AxAoAgAbAUANALAFAFABABB+CGB+ByBaBJBBA9AzAlAmAdAWARAMAHADABAC
4310306,BnCsB+B3B5A5A1A9AjAhAlAeANAPANAFACACAAB5CJCXCWBZA5A6AsApAcAoAgASAPAHAGAEACAC
4310405,CWCmCEB2BWBFBCA3ApAqAdAVAOAJALAGAAABAACcCPCRBwBSA9BBAsAwAkAZASANAOAIAJABACAA
4310504,C0CPCTBpBUBEAzAyAqAgAdAUAUAKAIAEAFABABCmCMCHCIBeA9AzAyArAZAkAcAMANAGADADAAAB
4310603,CHCUCBCEBaBJA9A5AwAtAiAaAQANALAFADACABCKCQB+BsBZBAA2A3AtAkAhAZASAPAHAFAFACAC
4310702,C4CsCaBqBUBLAxAsAeAlAdAYARAFAEACABABAACnCgCGCLBeA6AuAjAmAjAbARAPAJAFADACAAAB
4310801,B6CLB5BzBbBABDA2A8AuAuAdATAeALAIABABABBkCFB/BnBRA9A7AzA9AsAmAlAYAWATALADABAB
4310900,CrCXCTBvBcBHA8AtA1AkAWAgARAFAIACACAAAACqCGCBBuBmA+A1AvAoAhAgAaAJALANABADAAAA
4311007,BuB3BmBrBZBLBKA+A/AzAnAiAaATALAJADACAABnBzBqBwBZBMBIA9A/AtAlAkAZAXAQALAGAFAD
4311106,CJCCCIB0BTA/A9A4AvArAhAXAYAQAMAFADACABB0CJCNBvBYBEA5A6AuAyAgAfAbASAOAJAEACAB
4311205,CECPCHB3BbBGA6A2AwAnAhAhATANAHAFAEABABB6CaCOBvBdA+A3A6AtAnAgAfASAOAJAFADACAB
4311304,CVCNCCBsBXBGA+A2AuApAgAYAWAOAHAFACAAABCTCQCCB3BXBKA8A2AwAmAiAbARAMAHAGACABAA
4311403,CKCOCNBtBYBBA8A1AzAlAiAbAVAQAIAFADABAACDCMCDB0BgBAA7A7ApArAfAbAYAQAKAHAEABAA
4311502,B9CMCJBsBRBFBJAxA6AoAgAfATAZAPAFAEAAABB5CQB7BnBVA9A6A/AwAgAlAjAYAUALAKAFADAB
4311601,CuC1CTB4BiA4BEAoAkAaAbAOAOAKADAFACAAAAC8CdCEB/BbA0A3AoAoAVAdAKANAMAEAEACAAAC
4311700,CeCrCQCHBUA4A5AvAoAfAdAWARALABADABABABCiCWCTCBBbA9AxA0AnAZAdAbAKAGADAFADAAAA
4311809,CHCdCSB2BZBFA2AvAxAjAiAaARAJAJAGABAAABCMCUCKB6BdBEAxA2AsAoAhAXASANAHAEADABAA
4311908,CICZCOBgBWBGA/AxAtAmAnAVAZALAKAHADABAACECKCKB3BmBGA7AuAvAkAoAaAUANAIAHAFAAAB
4312005,CvCjCSCHBuA5A0AmAjApAUARARAQAFAFADACAACUCmBvCEBfBJAzAkAnAYAgAKATAPAFACAAACAC
4312104,CSCeB+B1BVBEA2A3AkAmAjAeAXAUANAHACAAAACLCeCFBfBQA/AtA4AjAsAkAWAcAYAMAHADACAC
4312203,CqCdCCBqBvA9AwA4ArAbAiARAQAOAFAIABACAAClCbB4B6BfBIA/AxAeAiAjAVASAHACACADABAB
4312302,CuC3CZCEBTA6AzA0AqAkAWAYAKANABAEABAAAAClCpCQBuBPA2A4AtAlAbAYASAOAFAGAEADACAA
4312401,B0CGCDBuBTBCA8A+A4AoAtAeAbATANAGAEABABByCBB8BvBRBDBAA4AzAuApAkAaAUANAJAFADAB
4312500,B4CKCKCABjBKBEA3A0ApAiAjAfAOAJAFABACAACFCLB/BuBTBCA1A4AsAfAhAWAXAPAIAHADADAA
4312609,BqCaCBBcBnAwBLBHAzAjAoAlAXAPAKAGACAAAAB5CBB/BgBhBKBJA3AoAzAsAlASASAKAJADABAB
4312658,CICAB9BqBdBMA2A9A5AmAgAdARATAJALACABAAB0CFCEBvBlBKBCAxA0AqAmAhAVARAMAKACAAAB
4312708,C6CmCGB3BVA8A5AyArAeAYAVAOAMAGAEACABABC0CgCUBtBSBBA0AwAkAdAZASAOAIAFAEACABAB
4312807,CRCTCLCaBHAxBQA2AxAiAYAZAOAHAKADAAADAABtB/CnB0BjBAAvA/AxAnAiANAbAKAJAMAFAAAA
4312906,CCCNCPB5BeBHBGArAqAgAcAZASAMALAJACACAAByCWB9COBhA9BAAvAxAlAhAYARANAUAFAGADAB
4313003,CyCTCtB6BoA2AxAoAlAXAYAYAQAMAHABABAAABCxCKCPCDBnA1A0AkAaAcAZAfATAIAMABAEABAB
4313102,CQCbCTB0BnA8AzAvAzAfAgAbAVAMAHACABABABCOCVCWB8BWA7A4AuAmAqAbAeARAHAOADADAAAC
4313201,B2B4B/BjBcBMAzBGA2AuAwAjAfAZARAJAGABABB4B1B7BXBQA7A+A4AsA2AlAmAeAbAVAKAIACAB
4313300,B9CRCACIBgA+A5A2AtAjAiAaARANAJAEACABABB+CSCQB5BhBDA6A1AvAnAhAdASANAMAFACABAA
4313409,B3CAByBpBgBOBGBBA4ArAhAbAUAPAHAEADABAAByCCBzBsBjBRBIBCA2AtAkAdAaARALAGAEABAB
4313508,CLCSCRCABYBBA2A1AxAoAmAcAVAPAKAFADABAACICMCKB2BVA8A2AyArAmAiAcAQAPAJAGADABAB
4313607,CtCdCQCABgBAA0AnApAaAWAVAQAHANAGADABAACnCVCLB7BXBFAwArAkAkAXASANAPAKAJADABAC
4313706,CvCoCHBxBZA+A5AxArAeAbAVAQANAFAEACAAABCqCdCHB2BbA/AzAxAoAgAcATAQAKAFADABABAB
4313805,C2CmCUCHBWBDAsAoArAgAWAVAQAJAEACADAAAADFCOCUB4BVA3AwApAmAZAXAVALAJAIADADABAA
4313904,CHB+B/B0BgBHBCAuA2AhAjAcAWAaAMAKACABACCGB4BtB4BgBBA7A5AsAtAiAjAYAVAQAJADABAB
4314001,CGCpCoCHBKA8AzA0AzAjAZALANALAMARABAAAACRCnCUBxBLBAA2A2AwAjAVASACATAEAEAJAAAA
4314100,CCCIB/BxBaA9A9A0AxAmAhAcATAQAJAFACABAAB+CICGB9BoBGBGA3AxAqAmAcAVAPAIAFADABAB
4314209,BzCAB7B6BWBCA6A3AxAyAuAoAbAYAKAGADAAACBuCEB5BtBZBFA8A1AxApArAkAdAQAPAHAFAEAC
4314308,CbCQCABwBYBDBTAxAjAoA1AeAFAVAZAGAKACAACFCFBWCFBEA/AxA7BFAhAlAbAPANAdACAAAAAA
4314407,BtB0ByBsBZBCA8A+A3AuApAhAaAUAMAGADABAABqBxBxBzBjBLBCBFA7AzAsAlAeAXANAJAGADAB
4314506,B7B/CEBeBcBEBPBCA7A0AqAlAfANAPAIAFACABByCEBpBZBQA/BBA+AyAnAjAkAbAUAKAMAGAEAC
4314605,CACBB9BsBXBMBCBAAyAxAlAmAeAWALAGACACABB+B7B2BqBaBBBAA3ApAnAoAcAWAXAMAJAFAEAB
4314704,DBCkCSB0BQBJA9AnAkAgAcAVALAGAEABABAAAACxCqCfBwBVA6A2AvAlAgAXAMAIALADAAAAAAAA
4314803,BvCCCMBjBhBIA5BJA5AwAtAhAaANAHAKADAAAAB9B5B2BtBVBBBIA6AyA0AhAbAQASALAHADADAD
4314902,BnBqBoBhBiBOBFBBA8AwAkAcAVAPAJAEACABAABhBqBpB0BuBYBOBLBDA3ArAkAdAWAOAIAFACAB
4315008,CxCTCOBtBWA+A7A3AuAiAeATAUASAFAFACABABChCTCDBwBWA+BDAoAsAeAdAbAOAMAKAFADABAB
4315107,C7ClCPBpBVBBA3ApAqAjAaAVAQAEAEAFACABACCnCxCJB1BVA+A0AoAoAeAdARAMALAHAEADACAB
4315206,CLCWCjBpBeBFA1AvAgAnAqASALAMAEAEABAAAACZCQCTB/BbBFA4AsArAoAgARAUAOAIAIABABAA
4315305,BwCTBzB3BWBEBGA8A5AqAlAjAYATAMAGADABAAByCFB0BlBiBIBAA9A1ApAeAdAZAWANAJADADAA
4315404,C+CqCVB6BYA8A2AwAuAfAbAOARAIAFAGACABADCjCpCGBzBUAxA1A2AnAbAVAPAMALAEAFAEADAB
4315503,B9CTCVB6BNA/A3A3A7AvAmAWAWAMAOAIACABAAB4CQB/B4BUA5A3A2A+ApAjAUAVAPAJALADABAA
4315602,BoB1BwBtBbBBA9BBA8A0ArAgAaAWAMAGADABAABnByByBqBcBEBFBHA9AxAqAkAhAVAQAKAIADAC
4315701,B6CPCIByBUBEA5A9AxAkAlAiAYAQAJAFACACABB/CFCHBzBaBDA+A3AtAnAkAhAXAQAKAFAFABAB
4315800,B4B0CCBtBWA/BCAzA6A+AsAeAbAQAHAKABACABBlCBCCBsBXA/A/A6A3A0AsAhAXASAOANAFADAB
4315909,DBCmCcBxBXA/AtA0AiAlAVAVAMAKAEACACAAABCjCxCOB2BaA/AxAxAkAeAVARAIAIAFACABABAB
4316006,CMCeCIB1BQA/A+AyAvAoAhAnAfAVAJAFABABAACKCXB4BtBHBDA0AsAmAqAhAmAYANAOAIAFAAAC
4316105,CuCUCSB3BiA8A4AzAuAkAXAXALAKAIACABABAACiCXCTB1BhA0A6AzAxAbAZATALAHAIAEABAAAA
4316204,CzCeCJBwBWBLBEAvAmAfAbASATAKAIABACABACCtCSCTBgBTBLBDAuAbAYAnAPANARAGAFAAABAB
4316303,CzCZCLBxBhA8A1AxAoAcAaAYAPAMAHAFABADAACnCiCRB5BMA8A3AuAhAnAVATASAMALAFACABAA
4316402,CMCEB7BqBYBJBHA1AzApAiAbAYAPAJAGACABABCFCUB7BpBZBPBAA8AuAmAhAZAUAQAJAGADADAC
4316501,CPCNCWCCBVA/A6AtAtAeAjAhAbAQAMAHAEACACB5CPCMByBQA5A0A1AmAkAfAkAbAOAKAIAHABAA
4316600,ChCUCLB0BdBKA+AtAzAfAaAVAMAJAEAEAFAAAACVCcCEB9BeBOA4AuApAcAgAWATAHAIABAEAAAB
4316709,CBCmCEBuBgBLBHAxAoApAdAlAQANAHAEABABAACNCLCEB3BZBMBAAyAqAhAbAfAMAOAHAFAAAAAC
4316808,B6CKB7BxBXA9A8A7AzAuAmAcAXARAKAFADABABCAB7B4BxBdBDBBA8A3AtAoAgAXAVANAIAGABAB
4316907,B3CFB9BxBZBCA8A1AxApAjAeAVARAJAFADABABB0B/B/B6BjBMBFA9A3AtAoAfAXARAKAIAEACAB
4317004,CLCfCMB5BRA/A3A2AvAoAkAcAUAQAIACADABAACKCHCVB7BRBFAvA0A0AeAoAaASAHAJAGAEABAB
4317103,ByCIB5BtBVBGA9A/AwAnApAmAXAWAMAHAEABABBvCCB4BsBaBKA/A/AzAvAnAiAaATANAIAFADAB
4317202,CPCXB8BuBfBEA7A2AvAnAeAWASANAGAFACABABCRCQB9B6BhBKA9A5AyAhAhAYARAMAKAEACABAA
4317301,B4B2BxBrBaBXBKBFBDA1AkAfAfAUARAGAEABACBzB2BsBnBUBIA6A/A3AnAkAgAZATAPAGAFACAB
4317400,CGCICHB5BSA/A+A0A1AoAhAdAVAOAKAGADABABB9CPCCB0BWBMBBA3AvAnAmAZATARAKAHAEABAB
4317509,CYCLB+ByBYBDA/A0AvAnAhAZASAOAKAFABABABCNCOCDBxBaBKA4A4AvAlAmAcASANAIAHAEABAB
4317608,CRCXCQB8BdBDA9AxAxAnAjAeAUASALAGADABABCKCRCCBoBNBAAzAvApAlAiAZASATAKAGADABAB
4317707,CXCfCNBoBaBHA9A2AwArAdAaARAKAJAHADAAABCJCgBvBuBWBFA3AwAqAmAeAXAYAQAJAKAEACAC
4317806,C7CNCUBtBcBHA3A1AuAeAWAYAMANAHADABACABCbCcCKByBhBAA3AvAnAbAeAaAKAPAGABABABAB
4317905,CgCmCQB5BMBBA8AyApAfAcAXASAPAIADACABAACWCkCRBvBIBEAxAzAqAhAbAaASAQAJAFADABAA
4318002,CQCQCGB2BXBJA/A1AuAmAlAbAUALAHAGACABABCICLCABuBXBJA+A2AsAlAfAcAUAOAJAHAFABAC
4318101,COCPCLB1BWA8BCAzA2ApAjAdAYAPAJAFACABAACMCECABxBTBEA/AvAvApAiAeAVAOAKAGAEACAB
4318200,CRCZCaB7BWA9AwAyAuAoApAXAZAPAJAEAFABAACGCUCKB8BOA7AzAzAtAnAeAWATALAJAEAFABAA
4318309,CGCICBB1BbBABCA7AxAnAjAcAUAQAHAIABABAAB/CIB5BwBhBGBAA6AwAqAkAbAXAOAJAGAEADAC
4318408,COCRCJBxBYBGBDBCAxAqAlAZASAOAKAFACABABCPCHB8B4BTBBA6A6ApAkAfAZASANAKAFAEACAB
4318507,CMCUB1B7BnBQBKA/A0AxAiAZAQASAJAEABABABCICPBvBsBRBDA3A6AyAeAcAUASAPAKAHADACAC
4318606,CsChCPB7BkBAA1AtAqAfAcARARAIAEADABAAABCmCdCXBwBZA+A9AuAmAdAWAQAQAHAGADABABAB
4318705,B1B/B4BzBdBTBEBEA5ArAgAWASAMAIAEACABABB0B3BvBtBlBWBDBDA7AqAfAcAaARAMAHAFACAB
4318804,B+B/B7BoBUBGBDA3A9AtAjAhAZAYASAHACABABB2CGB5BqBYA6A8A6A0AwAlAfAYAZAQAJAEACAA
4318903,CaCTCGB3BVA/A3A1ApAlAkAaATAMAGAFADABABCYCTCEB0BaBDA4AzAtAmAfAYATAPAIAGACABAB
4319000,CHCYCJByBTA3BAA+A1AoAXAXAUAMAFAGAAAAABCJCLCOB3BoA8A7A8A3AgAcAbAPANAPADAEACAA
4319109,CdCnClB3BbA6AtAvAlAeAqAXALAKAFACADABABCgCdCRB3BjAwAvAvAlAlAiATAPANADACACAAAC
4319208,CxClCIB+BYBMA3AwAkAkAdAXANAMADADAEADAAC6CTB6B5BQA+A0ArAqAaAdAYAIAIAJAEABABAC
4319307,CnCwCSB9BdA1A8AqAjAiAUATARAMAHAEADAAAACrCeCbBrBfA4AvAtAmAeAWAUAPAHAIAIABABAB
4319406,CSCKCFB2BZBEA7AxA1ApAnAdAUAPAMAGABABABB9COB9BzBWA9A7A1AwAoAmAbAVATAMAGAEABAB
4319505,B7CFCBB0BVBCA/A5AuAtAjAmAeASAOAHAEACAAB4CBB1BqBSBAA/A1AzArAmAjAcATASAKAHABAB
4319604,CJCPCEB3BQBGBIA4A4AjAjAeASANAKAEACABACCECICHB0BfA7A1A7AsAmAiAVAYAOAJAGAFADAC
4319703,ClCWCCBsB3BhBIAyAtAjAdAPAOAKADABABABAACsCPB2B2BeBNA2AvAnAaAYAQAKAIAHABABAAAB
4319802,CeCXCNB6BRA6A7A3A1AyAcAbAXANAGAJAFACAAB5CVCFBaBZA8A6AtA0AiAeAcAQATAHAOAKACAC
4319901,BzB+BrBiBmBIBHA+A0AxAuAnAiANAOAHAEACABBtBxBoBpBdBFA+A4A3AxAwAjAjAWALALAIABAA
4320008,CTCSB4BoBgBcBIBAAzAjAdASAOALAHADACABAACXCGB9BlBjBWBAA8AqAlAaAUAOANAJADADABAB
4320107,CVCPCIBxBZBHA6A1AsAoAdAXARAQAHAGAFAAAACLCVCEBxBdBEA9AyAxAoAcAZATARAHAHACACAA
4320206,CuCoCIBzBTBMA5AsAnAeAaAWAQARAFACAAACABCjCmCHBwBaBFA+AtAiAaAYAYAPAJAGAEABABAB
4320305,CFChCHB+BUBABHAjApAqAjAZAMAPAEAMAJAEAAB9CSCRByBWA7A/AqAtA8ARATANAfAIAJAFAEAA
4320404,CPCPCIBrBeBFA+A1AmAhAWAYAZARAKADACAAABCFCQCPBrBlBDBBA1ApAbAlAhAWAQARAFACACAB
4320503,CRCTCBCHBTA5A3A3AyAuAaAXAWANAJACAEAAAACbCRCBCABRA+A5A5AwAjAdAbARANAFAIABABAA
4320602,CiCUCeCABoBFA4AtApAkAbAYAQAKAHAAAAAAAACJCjCLB0BWA0A+AwAoAoAeATALALALAGAAAAAA
4320701,CWCgCJB5BeBBA5A2AnAgAgAZAQALAIAEACAAAACUCTCDB5BiBBA5A2AqAjAkAWAOAJAGAGABAAAA
4320800,ChCZCHBvBaA7A3A1ArAnAfAaAVALAHAEABAAABCYCWCHB6BcBBA1A1AqAjAfAbAQAKAJAEADABAB
4320909,CeCaCBB6BfBDA5AxAtAgAcAVASAPAIADABAAAACQCZCKB5BjBBA3A3AoAjAWAZARAMAHAFADAAAA
4321006,B8CUCUBjBNBKA9BGA5AmAmAZAQAOAJACACAAAACCCICFBjBPBKBBBNA6AhAhATAZATAMAGABAAAA
4321105,CECRCLBxBWBAA7A5A4AyAlAaAXAUALAKAEACAAB8CRB7BmBYA7A1A2AxAnAkAcAUATANAGADAEAC
4321204,BtCKB3BkBLBCBCA/A4AwAsAcAdAUAQAIAFABABBzCCB1BlBYBCBAA9A5AtApAiAeAYAQAJAEADAB
4321303,CLCHCABwBdBDA9A2AtAsAjAgAYARAMAHAGACAACBCDB7BvBXBDA6A1ArArAfAfAdATAMALAEAFAB
4321402,CzCcCVB6BZA6A2AsAvAgAbAXAPAKAFAEACABAACtCUCRB5BaA2A1AxAlAkAYAVANAJAGADABAAAB
4321501,CcCcCUCABcA+A0AtAnAiAgAaASAOAHAGABAAAACUCfCTB7BXA5AyAtAnAjAdAYAQAKAKAFACABAB
4321600,COCJCJB5BlBFBAA8AwApAfAbAcAPAHAFADABAACCCUB8BxBUBAA4A5AxAkAjAUARANAHAEAEADAA
4321709,B0BuBnBeBeBVBBBCA5A1AyAlAjAVAUAKABABAABjBpCBBRBWBEBCA/AuBAAvAoAiAZAOALAEABAB
4321808,CMCPCMBsBVBJA9A1AtAmAfAYAUAMAJAHABACABCKCXB+BwBrBBA/A1AuAlAdAYATAPAOAFACABAB
4321907,CYCZCEB0BfBJBAAxAtAnAdAYATALAIAEACAAABCTCSCEB7BYBGA6A0ApAkAaAXAQALAIAEABABAB
4322004,CECOCMBsBWBABDA1A9AvAmAdAgAVAJAGADAAAACFCBB4BqBQA6A5BAAxApAnAeAYANAIAFAEACAC
4322103,CPCgCHB7BbBCA8AxAvAlAXATATASANADACABABCUCZCGB0BaBAA6A1AqAgAWAXAVAPAJAHACAAAB
4322202,CCCGCCB1BZA5A3A3A3ArAiAdAWASALAHADACABCICGCFBxBRBCA+A9AwAoAmAfAYAUAKAIACABAC
4322301,CZCXCKBqBYBFA+A7AvAlAcAZATAOAJAFABAAAACKCYCOByBRBFA7AyAwAiAbAYAPAUAKAFABABAA
4322400,CECJB8B1BZBHA/A4AxAtAmAfAYAOAIAFACABABB/CJB8BpBaBEA9A5AzArAiAdAXATAJAJAEACAB
4322509,CLCaCHB1BTBEA6A1ArAiAjAZAVAPAHAGACABABCLCWCIB3BfBFA7A4AsAiAeAcAQAOAIADACABAB
4322608,B9CJCCBxBYA9BAA3AzApAkAeAWASAMAHAEABAAB4CIB/B1BXBCA4A/A1ApAlAfAXARAOAJAEACAB
4322707,B6B6BxBkBgBABAA5A8A2AsAgAZAXAPAKADADAABxB5CCBdBaA/A/A6A/AxAhAjAdAWAUAGAGACAA
4322806,BxCJCQB7BYBAA7A6A5AtAiAcASAOAJAIACABAAB0B+CFB3BaBAA8A3A4ArAnAkATATAOAEAEABAB
4322905,CTCXCFB6BbBEA1A6AsAlAgATAQAKAJAHADABABCHCdCTB0BIBDBDA3ArAdAfAYATASAIADADABAA
4323002,CNCHCABnBVBGBGBCA4ArAjAZAWAQAJAFACABAACKCFB2BoBVBIBGA/A1AqAgAXAVAQAIAFADABAB
4323101,CdC7CcCCBfA6AwA2AkAgAbAUAQALAEABABACAACeCkCaByBWA3AtAvAoAgAeAOALAGAEACABABAC
4323200,B/CgB4BvBiBIA7AwA6AyAfAbARAOAPAFAFABAACEB4CDB9BfBDA4A5AyApAhAZAOAOAPAHABAAAB
5100102,CjCkCHBwBoBFAzAtAnAdAcAgAZALAGAJABAAAACjCaCGB0BVBCAzAzAmAfAcAOAPAMAGAGACABAD
5100202,DQCYCLCCBZBBAjBGAwAnAhAiATALAFADAEAAAAChB5CSB5BlA2AvAmAbAmAjALALAAAEAAAAAAAA
5100300,CbClCPBtBOBKA1A5A/AfAhATAXALADADABABAACKCkCICHBcBLBDApApASAgASAKADADACAEAAAA
5100409,CQCFCSBzBWBJA3BAA4AdAmAhAaARANAFACADAAB7CfCiCGBEBMAvAzAlAYAcAOATAGAGACADACAA
5100508,CbCvCLBuBVBKBLAwAyA1AvArAcALAIAEABAAAACcCUB4BxBJA6AzAsAhAeAeAPAJAHAEABACAAAB
5100606,C4CaB9BxBjBVBJA4AwAlAfAUASALAHAEABACAACtCYB/BkBWBBAzAyAjAaAUAUALAIADACADAAAB
5100707,CoCWCICBBlBLBCAwAuAmApAbAUAJAEAGAEABAACWCVCIB0BSA8AsAzAuAaAZAPALAKAFAFACAAAA
5100804,C+CZCFBrBSBOBNA8AwAqAwAcAQAMAGABAEAAAAC1CgB9BhBRA+A+AhAgAbAYAJAJAHACACAAAAAB
5100909,CLDVCnBkBLA7A+A9AqAfAhAgASAQAGACABACABCxCjB4BwBKBDAuAwAgARAYAYARAGACADACABAB
5101008,CNCXCFCCBhBHBAA6A0AsAlAeAVAJAHACADABAACICGCNBsBaBGA1A9ArApAVASAPAFAGAEABABAA
5101101,CKCSCPCBBbA/A2A3AyAmAjAgAWAOAHAFADAAABCICUCPBzBWBCA4A2AuAkAZAUASALAJADADAAAB
5101209,C2CICvBcBeBeAwBIAaAaAaAhAMAQAIANADAAAACtCnB8CIBIBBAhArAcAUAbAPAVAMADAAAFAAAA
5101308,C2CQB1BrBYBkBTBLA/AvAmAXAZAJAFABABAAAADJCABqB2BRA+AuAwAcAXAVAQAHAEABAAACAAAA
5101407,CLCVBtBiBjC9CdBsBnA5AeAIALAAAAAAAEAAAACRBzBVBNAvAsA9BRAeAPAHAQALAGAAAAAAAAAA
5101509,CjCmCbBoBrBOBIA0AwAyAgAPATALAIAEACAAABC5CIBmB4BQA4A7AyAyAbAPAOAFAIABAAADAAAA
5101605,CzCbCNB7BhBBA7AwAyAkAfANATAJAKAGAAABAAClChCMBoBQBFAtAtApAVAcAXASAHAKABACAAAA
5101704,CxCrCMB5BgBIBDA1ArApAkAVAQALAEABAAAAABCuCgCGBtBXA8A1ArAeAbAVAQAGAGACABABABAA
5101803,ClCeCDB0BjBeBRA0A0AmAaAVAQAFAEACABABAACnCZCFBzBZA/A2AvAiAXATALALAIADADACAAAA
5101901,DLClCRBoBaBDA/A8AyAmAkAYANAHAFACAEABABCxCoCPBiBWA2AzAvAjAYAQAJAEAGABABABABAA
5102008,DMCaCAB4BmA6A8A+A4AvAcAQAOAJAFACAAABABDVCbCDBrBTArAyAuAiAYAVALAHAGACAAAAABAB
5102103,CeCaCKCBBWBHA5AtArAjAeAYARAMAGAFAEACABCTCbCDBwBcA/A5AuArAeAjAYAPAQAGAFADABAB
5102202,CcCmCEBsBZBcBDA4BAAnAZAUAVASACAGABAAABC5CSCEBWBVBEAxA5AlAdAVAKAIAKAEAEABAEAA
5102307,C4CmCLBnBNBKBIA9A0AmAdAeARANAGADABAAABDHCeB+BnBDBBAvAsAfAZAVARALAIAGAAABAAAA
5102404,C0CzCFBtBhBFBHA4AwAjAZASASAJAFAFACABABC/CeCGB2BLA6AsAwAlAXASANAIAIAEACABAAAB
5102504,C4CjCJB0BdBKBBAyAsAhAaAVAPAJAGADABAAABC0ChCLBxBXBAA3ArAhAYAUAPALAHAEADABABAA
5102602,CwCeCHB5BZBNBIA8A6AeAaAUAVANAGABABABAACvCdCKBnBSBBA+ApAiAXAQAQALAFAEABABAAAA
5102705,CLCNB/BuBgBHBDA1AxAkAeAYAUAMAIAEACABABCDCLCAB9BqBQBAA7AtAjAeAYARALAHAEADABAB
5102806,DFCxCVBkBPA4A5AsAlAnAfAXAYALAMAEAAAAAAClCsCdBoBSA3ApA0AoAeAOAWALACACACACAEAC
5102907,CLChCJBwBYBNBIA+A7AeAbATAQALAIACAEAAABCLCoCNB5BhBGBAAvAiAaAXASAOAGAFABAAAAAA
5103007,CzCgCEBtBdBTBLA6A1AqAhAbAXAKADADACACAAC2CZB0B0BPA8AvApAhAYAOARAOAHAEACABAAAB
5103109,CqCaB/BcBbBJBAA+BEAhAfAzAjAMAKAEACAAAACuChBzB3BOAxA3ApAyARATAYAGACAHACABACAA
5103206,ChCeCCBxBZBGBHA7AzAmAfAZAPAJAGADABABAACcCTCDBuBaBLA7AzAnAhAYASAOAIAGADACABAB
5103303,C5CiCRBgBcBXBIA7A8AtAYAUAMAMAEACABABAACwClCDBlBPBBA4AqAjAZARAPAHADACACABAAAB
5103403,ChCOB+BrBZBHA4AxApAiAcAWARALAFAEACABAACXCOCICGBuBOA+AzAsAeAdAYARALAFAEADABAB
5103502,CnB4B9BnBrBsBUA4BFAuA0AZAYAHAGACAHACAACvCABpBsBiA2A0A2AdAVAXAGAUAEAFACADACAB
5103601,C/CaCCBwBcBVBAA/AsAiAjAXAOAJACABACAAAAC2CaCJBxBSBHAyAoAjAeAXAHALAGACACABAAAA
5103709,CwCnCKBzBWBGBBAzAwAgAbAWARALAFADACABABCrCfCIBxBaBAA2AxAhAdAVATALAIAEACABAAAB
5103808,C3C0CcBwBNBAA1AwAqAgAfAWAPALAGAEACABAACxCpCWBvBUA3AuAxAiAeASAPALAIADACABAAAB
5103908,DACqBvBzBZBSA6AxAxAbAvAdAKAIAGADACAAADCzCqCUB4BFBAAvAgAiAcAcAIANAGACACAAAAAC
5104004,C5C8CbBwBWA7AtAxA2AnAZAVAMAIAFACACABABCpC3CPB2BMA3AvAuAlAdASAKAJAFADACABABAB
5104109,CcCRCNBxBfA4AyBHAjAlAmAeAYAKAHAHAGAAABCVCdCLBvBhA6A8AoAtAmAZAVAOAKAFAEAEAAAD
5104203,CTCRCRBxBtBZBEAwA0AoAmAgARANAGAEABABABCeB6B2B7BfBIA6ArAiAfAWASASAIADACABABAB
5104301,C6CoCMB8BhBPBOA+A7AqAVAXAMAGACABAAAAAACxCnCCBkBKA9AuAyAgAUAQAMAGAEACAAABABAA
5104408,ChCbCSBkBfBeBMA9A1AhAmAdATAGAFAFABAAAAClCdCJBZBfA9A7AjAkAgAYALAKAEAFABAAAAAB
5104509,CyCnCVBsBdBBBCAyA1ApAXAXAMALAHACACABAACtCkCOByBKA3A2AtAlAZAWAOAQAGADACABABAA
5104609,CkCOCQBpBfBbBOBGAjAvAnAsASATAAAAACAAAACXCGCGB0BNBaA8AYAgAbAUAbAEADAGAAAAAAAA
5104707,CuCYCMB4CCBfBVBEA+AjAdAWAOAHAGAAABAAAAClCXBsBuBPA3ArAsAoAXAPAOAGADADABABAAAA
5104807,C3CrCRBwBkBKBFA0AsAiAcAWAOAIAEACACAAAAC7CeCJBqBRA9A3AsAdAYASAPALADADABABABAB
5104909,CHCwCQB1BeBNBGA7AtAuAkAnASAJAMABADAAABCcCdBoBpBeBEA1A4AnAXAVAUALAHABABAAAAAA
5105007,CYCTCQCEBdA/BCAmAsAnAfAYAVAPAFACACABAACHCWCcB4BpBBA0A3AmAbAdAWAMAEAEACAEACAB
5105100,DNC2COBuBQBTBHA6AxApAWAWATAHAFACABAAABDMCbB4BsBMAyApAsAfATASANAIADAHAAABABAA
5105201,CFCbB+B/BYA+BLA0A0AhAcAaAZAOAHAFADABAACWCfCBB6BQBLA4AzAyAkAZAYAJAKAFAFACAAAA
5105309,CfCSCBByBoB6BMBBA+AuAtAeAQAHAGAAADAAAACcCGB0B4BLAoAkAzAgAuAUAWAMAGAAAAAAABAA
5105401,CICbCNB1BdBQA1BLAyAuAqAYAPAOAGADACAAAACSCNCSBsBRBDBCA1AkAdAfAOALALADADABAAAA
5105507,C9CfCCBqBkBdBGBOAyAkAgAbAMAHAGABAAAAABDBCWCEBgBOA/A6AkAhATAPASADACAEAAACABAA
5105607,CmCnCHByBZBMA8A4A5AgAiAbARAIAJAFADABABC0CbCEBoBRBBAvAtApAbAYAOAMAHAGADACAAAB
5105704,C+CuCOBwBSBIBHBAA3AnAXAQAMAGACABACAAAAC+CnCOBpBIA/A2AwAdAaAMAIALAFABABAAAAAA
5105809,C/CbCDB8BlBKBFAzAwAfAjAcAQAMAIABAEAAAACqCZBwB5BPA+AvAvAYAeAfAVAKAJADAAAAABAB
5105903,CqCpCmBeBtBPAyA6AuAgAPAcAeAIAGACAAABADDXCOB6BUBXBRBAAnAeAZANAJAOAGAAACABAAAA
5106000,CQCPBxB8CACFBKBBA2AyA1ApANAEAEAAAAACAACSCGBwB8BVBLAmAjAlAYASAPADAEABAAACACAA
5106109,CWCZCTB3BaBIBBA2AwAdAoARAOAVAMAFADAAAAChCFCIBlBXBBA9A2ApAjAcAUAQAPAGABABABAB
5106207,C7ChCLBoBXBIBBA7AzAmAaATAQALAHAAAAAAAACvCeCCB0BXBHA+AsAkAaAWALAJAFADABABAAAB
5106304,CpCaCIBwBdBPBJA7A0AlAjAUAQAMAFAEACABABCcCOCAB1BWBJA6AzAiAcAUATAMAJAEACABAAAA
5106405,C3ChByB8BkBPBbBBArAiAnALAQAIADAAABAAAAC4CbB6BrBRA8BFAuAlAYAVAOADADABABAAAAAA
5106505,CbCjCFB1BVBRA9A2AsAhAhAUAVAOAFAGABABAACUCaCCB2BYBGA1AzAjAeAdAXAMAMAJAEADABAC
5106603,CqCcCKB0BRBGBCA7AwAiAdAYAPAMAIAGADABABCUCkCBBrBVBGA6AuApAbAXAWAQANAEADAEABAA
5106703,CbC8CeCMBFAoBKA7AvAlAkATAMAJAJAEAAAAACCoCdCLBSBHBVAqAmArAWAZAZAVAFAKAHAFAAAA
5106802,C+CwBUBUBhBwBmBeBAAUAKAlANARAAAFAAAAAADdCNCFBIBMBAA0AxAdAPAjAIAAAAAAAAAAAAAA
5106902,CvCeCOBxBYBQBDAzApAtAaAUAOAMAIAHABABACCmCNCJBoBXBDA1ArAnAbAcARAJAMAJAFACADAB
5107008,CyCcCHBvBbBTBCAzArAlAtAeATALAHAEAEAAAAC0CRCEBzBMA9A2AsAgAcAXAPALAGAEABAAAAAB
5107100,CVCuB0BlBcBjBZAyAxAoAiAkAbAGAMACACAAAAC0CTB9BUBSBCBQAlAXAdAQAbAKAGADAAACAAAC
5107209,CQCzCJBrBdBQBJBFA2AiAXAWAYAJAIACACABAACgCUCDBrBOA7AwA8ApAbAbATAMAEAHADAFABAB
5107403,CmCrCSCIBVBFBAA5AwAlAgAbAQAMAIAFAEABABCaCVCJBvBMA/AuAtAkAeAVAWAIAHAKABACAAAB
5107506,C1ChB8BxBeBMBQA5A4AgAWAbAfANAFADAFAAABCfDHBzBgBOBCA2AmAlAVAOAOAKAGAEADAAAAAA
5107602,CvCbCEBzBhBQBEA3AtAjAcAaAQAKAFACABAAAACsCbCFB1BaBEA3AtAkAbATANALAFAEACABAAAA
5107701,CwCmCEBwBVBHA9AzAuAkAkAYAWAKAFACACABABCiCpCMBeBMA9A7ArAfAdAkAWASALAFACACAAAC
5107800,ClChCKB0BaBNA/AxAqAoAfAYAYAMAIAFACAAAACfCVCBBuBWA/AzAzAnAdAdATANAKAJAAACACAC
5107902,C4CMB8B/BSBVBHA1A3AqAYAgAXAPALAHAFABABCfCPCBBxBHA6AxA0AeAeAdAUANAKAFACABABAA
5108009,CmCxCKBvBlBBBBA/A8ArAjAdAXALALACAAABAACYCVB/BpA5A+A2A1AmAeAWASAMAKAEABABABAB
5108105,CiChB0BtBeBaA+A1AlAcAkAgAhAZAIABAAABAACmCfB3B8BaA+A3AmAhAcAPAXAQALAIACADAAAA
5108204,CqCZB3B0BlBTA9BEA0AZAnAwAdARAHADAAAAAACvCOBoBtBiA+AxAsAYAhAdARAPADABAEAAAAAA
5108304,CVCaCABwBeBRBFA5A0AoAcAZASAKAFAEABABABCbCQCBB1BZBLA+A2ArAdAZAUALAJAFADABABAA
5108402,ClCkCNB7BZBCAzAyAkAhAbATAUALAIADAFAAAACbCVCZB0BiBHA8ApAjAaAcAVAMAKAGABACABAC
5200100,CkCeCOBlBeBGA/A2AkAjAjAZAXASADADACABABC1CbCTBdBABCA+AtAkAhAiAWALALABABADAAAD
5200209,CcCdB8BxBNBjAwA6BCAhAZAKAjANALAAAAAAAADQB3CWB5BhBIAxAyAdAOAhAFAUACADAAAFAAAA
5200308,CuClCRBhBNA7A6BCA2AuAaAUASAIAJAKABAAAACeCfB/BuBABNA+AvAwAkAfAPALAGAGAEACABAC
5200407,C2CdBxBhBOBJA1AuAuAkAeAZAbAJACADABAAAADACTCFBoBOBPA+A5AoAeAcAWAUAMALAEAAADAA
5200506,CnBwCPBnBZBFA/A1AiAxAwAZAYANAFAFAHAAAACSCRCUByBUBOA+ArAmAyAdAWAOAGAIAAADAAAA
5200605,C3CQCTBXBTA2BRA2BEAbAoAVARAVAFABACAAAACjCtB3BMBWAsBaA1AeAbAjAeATAPACACAAAAAA
5200704,DDCkCWB0BPA7A9A7AuAlAiAOAJAKALACAHAAAACpDGBuBbBLBTA2AvAnASASASAPAAAFAEAAABAA
5200803,CxCYCxBvBMA8AyAwAsAqAaAPASAOACACACAAAADBCVCACJBXAwBEBAAdAjATANAJABAEAAAAAAAA
5200902,CdCkB9CJBdA1AvA8ArAjAZAQATAOAJACACAAABCtCkCWByBiAyA+AvAqAWAZAQAMAIAFAEADAAAC
5201009,C6CZBnBlBmBHBHA1AuAbAtAQAVAKAEACAAAAAAC7CnCEBXBWBABGAtAeAhAaAYAKAQAIABABABAA
5201108,CRCUCJBvBbBCA8A2AtAnAcAVAPAKAGADACABAACFCUCNCJBmBHA/A5AuAiAdAVAOAKAGAEACABAB
5201207,BtDGCpBFBbBMBFAlApA0ATATAhAYAHAGAAAAAACHCeDRB3AyAjAjAyBFAWAaAYAcALAAAAALAAAA
5201306,CrCoCUBzBdBIA3A5AqAlAUATAOAIAIACADAAAACZCfCUB6BRBDAzAwApAWAcAPARAIAFABABAAAA
5201405,DDCgBzBZBjBbBUBCA0AtAbAMARALADACABACAAC4CiBpBoBSA+A1A2AfAdAUASAKAJADABACAAAA
5201504,CQCnCFBzB8BPBiBCA7AhAmAOALAMAEAAAEACAAC1CQB/BTBCBWArAzAoAjAOAJAGAAACAGACAAAA
5201603,C9CHCBCLB1A8BJAvAuAmAWATAJAFAGADABAAAACOCsCfBtBLBCA2AvApAVAdANASAEAGACABAAAB
5201702,COCaB+CTBDAyAmA/ArApAqAdAWAUAHAFADAAACCcCoCDBsBNA8AvA+A3AwAXAXAJAMADAHAGAAAC
5201801,CjCRCPBqBtBPBDBIAuAZAcAZAKAGAFAAAGAAAECmCRCJBvBXBJAzArAkARApARAKAIAEAGAIAAAA
5201900,C4CXB+CCBXBDBFArAsAjAmAbAOAOAHACACAAABCpCYCEByBNA9AtA1AfAfAiAXAOANADABACABAB
5202007,DJCfCHBrBEBFA5A7AqAgApAiANAIAEABACABAADTCQCQBpBXA3AqAtAmAZAYAOAPAHADAFACABAA
5202106,C6CZBzBlBlBXBPA7AyAlAbASANAIAEACABAAAAC+CUB0BpBcBKA6AuAkAdAXARAKAHAEACABABAB
5202205,C6CdB3BoBSBEA9A5A0AtAbAVAQANAIAAABAAAAC8CVCKBsBLBCA1A7AoAdAXAPAOAPADADADABAB
5202304,C+CTBzBsBzBJBQBCBAAoAuAPAOAFAIABACAAAADBCgB0BbBYAyA7ApAmAaASALAKADAEADAAAAAA
5202403,CrCZCXBgBSA+A5AuAzAgAeAZAfAHAHAEADAAAACuCRCDBvBIBCA5AuAqAlAkATAQAUAKADAGABAB
5202502,CXCVB8CXBlBpA4AzA/A1AmAcAVAGAJAAABAAAACfCGCPB0BLA3AoAvAuAVAYASAFAEAAADAAAAAA
5202601,ChCmCXCOBVAwAoAgAnAcAbANANAIAKABABAAAACbC6CdB5BhBQA4AvAuANAaAbAOADAFABABABAB
5202700,C9CmCtBmBBA+AtApAeAmAcAaAWARADACAAACACC+CbCJBZBZBMAuAxAkAlAXAVAIAKALALAAAAAE
5202809,CkCpCMBwBjBEBAA+A4AfAnAUAJAGAAAAAAAAAGCtCXCVCPA6A+A+AzAbAgANAJAIAMADAAAAAAAD
5202908,CtCSCJBaBPBLBBBDA8AbAVASAMAPACAAAAABAAC2CWCHBtBdBDBGAuApAYAbAeANAMADAFACAAAB
5203005,C9CIB6BrBeBCA8A4A2AqAhAMARANADAEABACAAC3COCCBwBRBFA6AtApAiAUAXAVAPAIAEACABAA
5203104,CoCBChBtBOBFBBA5A0AqAsAeAiALAEADAAAAAACvCjCIByBHA1A1AoAdASAdAQAaAIADAFAEAAAE
5203203,C/CkCOB4BoBKBFA1A2AkAZAUAPABAAABAAAAABC7CmB2BzBJBHA8AhAmAZASAPAFACABAAABAAAB
5203302,CVCoCIBwBZBOAzA+AsAgAfAcAQANANAEAFACAACYCVCHBzBXA/AzAyApAhAdAYATAHAHABABABAB
5203401,CpCzCAB3BnBXBHA/AmAiAnAWAVARAIAHACAAAAChCLCGBuBVA3AmAxAfAWAcAQAJAIADAAAAACAA
5203500,CvCTCEBtB0BlBdA5AtAgAfATARAMACABABABAACoCbBzBmBXBIA6AjAmAXAWAVAHADACAAADAAAA
5203609,DQCSCXCQBGBhBDA3AoAYAaARARAFAFAAAAAAAACzCgB4B0BTBPAfA0AgAeANAPAIAEADADAAAAAA
5203708,DCCqCDBcBUBWA3AqAsAiAhAbAPAKADAFADAAAADNCYB+B3BdA2AnAjAqAiASASANAEAGALAEAAAA
5203807,DECvBYByBSBmBPA2AqAoAcAaASAGAAADADAAAADFCZCCBqBFBNA8AkAYAPAVAdANALAEAAAAAAAA
5203906,CXCKCMBuBZBPBBA9A0AuArATARALAGABABADAACLCCCDBuBbBJA8A4AqAlAhAYAPAJAJAGACACAA
5204003,C8CrCNCIBhBDAvBDAtAeAaASAMADAFAAACAAACCjCkCbB7BBAwA0AvArAXAUASALAEADAAAAACAC
5204102,CuCVCLBvBnBcBJA1AwAmAeAWASAHAGADABACAACmCSB0BvBYBCAxA1AhAcAZANALAJAKAEABABAA
5204201,DJDBB/B2BaBQA/A9A0AUAOAcASAJAJAAAAAAAACoCfB3BoBaBMA1AeAnAXAJAOAWAJAAAAAAAAAA
5204300,CmCeCBB3BjBaBIA1AtAgAiAWAWAJAIAFABAAAACbChB4BiBlBHA4AuAmAgAWANAKAFAEADABAAAA
5204409,CnCjCJByBYBSA8A6AyAiAcAZAPAJAFADACABAACiCqCCBwBYBQAyAuAlAZARAPALAHAEABABABAA
5204508,CiCeCAB1BaBNBIA6AyAqAcAVAPATAHAAACABAACuCJB8BxBaBBA+AuAbAoAVAUAQAGAHADACAAAA
5204607,CXDLBdB4B1BQBJAqAvAyASAhAUAKAJAAAAAAAADACBCCBRBOBRA8AmAfAbAdAXASAGAHAAAAADAA
5204706,CxCzCXBwBHBAA2A7ArAcAXAQASAHAJADAEAAAAC2C0CHBnBJBFA+ArAlAYARAUAQAOAFAAAAAAAA
5204805,ClCmCSB2ByBAA+A7AwAbAaAWAWANAFACACAAAACiCDCJB2BcBAA/AgAlAWAaATATAIABABAEAAAD
5204904,DDCjCWBtBVAyAwAyAuAhAWAbAQAPABAEAAABAACpCwCZBfBAA8AuA9AsAjAVAPATANAFAAAHAAAA
5205000,CrC3CKB2BWBPA8A2AtAmAaAOAIAJAGACAAABAACyCiCDB/BVA5A5ArAhAVAZAOALAGAFAEABABAB
5205109,CXCRCMBxBbBBBBA1AwAjAeAVANAKAIADAEAAABCVCKCGCFBcBGA9A3AxAgAXATAUAMAIAFADABAB
5205208,CnCfCRBzBeA9BKA7AvAYAeAKATAJAFAFAGACAADICfCBB7BOA5A+AwAeAdAPAJAMAJAFADACAAAB
5205307,ChCZB2BtBTBJBHA0AxAoAiAVAVARAMAEACABABC7CUB3BkBWA5AqA4AsAeAZAXAfAMAKADADAAAB
5205406,CiCkCYB7BSBBA3AwAuAkAfAUAQAIAEACACAAABCkCeCWB8BSBAA2AwAqAfAVAPAMAIAGABACABAA
5205505,C1CmCBBnBXBUBGA/AjAoAZAdALAIACABAAABAAC9CaBvB3BTBCBEArAcAcAaAXANAIAEABACAAAA
5205604,ClCoB2BnBWA3A8AyApAdAaAiASALAEACAAAAAADLCcCEBrBTA/A9AgAsAbApAjAYAGAAAGAAAEAD
5205703,DBCxCIBwBbBbBCArAnAfAXATAQAGAFAAACABAADMCXB9BbBNBQAzAnAmAYAVAXAGAJACACAFAAAC
5205802,CvCkB/ByBWBNBCAuAqAmAjAdAQAIAGADABAAAAClCdB+BqBRBEA1A0ArAeAaATANAJAIADADABAB
5205901,CjCPCBByBgBNBJA8A2AmAeAaANAMAEAHADABABCdCdCABlBTBPA8AqA0AeAXAOAQAHAEABAEABAA
5206008,C5CYCDCLBKBCA8A9A1AqAVAQAFASAFABAAAAAADDChCCB/BHAzAzAnAsAWAXATARANADADABABAB
5206107,C7CsCVBnBKA4A0AzAqApAlAVAWANAFACABAAAACrCoCLBpBQA2A7AvAqAXAYAVANAMAGAEABABAA
5206206,CbCnCPBxBWBFA1BAAyAgAeAgAMAPAFADABABAACdCcCBB6BRA/AwAwAsAlAZAaAOAIAGACABABAB
5206305,CdDBBkBfBKAmBNBbAfAiAjAYAUAcAEAAAAAEAACICVCGB5BBBQAjBOA4AuANAYAlAGAEAFAFAEAA
5206404,DBCdCBB4BkBZBIA1AnAlAeATAPAIAFADABABABDECbB3BtBVA7AwAtAbAeATAOALAJACACAAAAAA
5206503,C8CHCJB5BfBRA7A8A6AbASAZAOAFAJABAAAAAACeCWCCCDBuAlAsBHAnAhAYAPAKAGAFAAAAADAC
5206602,CSCbCOBvBbA4BGA7A1AoAgAWAWAOAFACAGAAAACOCgB8BxBOA8BAA1A0AbAlAYALANADAFAEADAB
5206701,DBCgB+BuBSAyA3A4AoAcATAVAcAKACAGAAAAAACwCnCYCLBKBBAuAjAXAlAVAaAYAUAHACAAAAAA
5206800,CsCZCdCEBqBdArAqAyArAYAPAKAFAEACAAAAACCsCKCLB2BdBGAeA0AvAYAQAXAIAIAAAGACAAAA
5206909,CXCiCACEB2A4BSA1AnAfAiAUACAMAGAAAAACAAChCWCECJBOBNA2A7AiAfAQASAMAAAGACAAAAAA
5207006,C2CiCJCABGA3AuAtAjAkAcAfASAHAGAFACACAACUCsCUB5BVA+AzAqAsAlAfAWANANAIAEAFABAA
5207105,CqCsB5B3BsBbBAA5A1ArASAKAGAIACAGAAABAAC2CfCTBjBLBIA5AuAeAWASARANADAGACADAAAB
5207204,CvCpCABjBrBoAyA5AgAsApATARAKAGADAAAAAAC6B/CEBxA7BfAuAqAgAgAUARAaAEADAAAAAAAD
5207303,C3DECDB/BlA/A4A7AoAhAfAYAYABAEAGABABAADMCmBeBeBdAtAtAqAqAbAbAGANAJACAIAAABAA
5207402,C9CWCABxBhBPBOAvA7ArAXAZANAKAHAFABAAABC0CRB/B3BKA8A3AnAfAgAVAQAQAHADABADACAA
5207501,CmDHC2BoBWAgBAA1AwAfAWASAMAAAGADAAAAAACvCvCiB+BGA2A2AxAhASASALADANAIAAACADAC
5207600,DHCnCZBtBGA8A6AiA2AZAqAQAIAJABADABABAAC3CwCRBqBYBDA/ApAdAcAfANAJAEAEABACAAAA
5207709,DFCTCABtBgA/A9AyAxAkAhASATAPAGABABABAAC2CjB2BnBPA5A9AsAlAbAWAZAVAOAJADAEABAB
5207808,CfCjCKB9BWBJA3AyAuAsAYAUAKAFAHADADABABCUCgCYB9BUBBAvA5AyAaAUAQAQAIAHABACABAB
5207907,C0CRBYB6BRA3ApAyAwAyAeAfAWALAEAHAEAAAACvC9CTB+BBBGBLArAdAdAhAbAHAGAAAHADAAAA
5208004,CnCpCNB0BVBCBBArAoAoAgAVAPAHAFACABABABCbCgCMB8BUBBA2A0AlAeAeAVAOAIAEADABABAB
5208103,DDCpCNBzBWBEA3AwA2AiAbATAMAFABADABACAADBCtCAB5BUA6AuAqAmAcAUAOAIACAEABABABAB
5208202,DOCvCFBoBYA5BEBCA0AgAZAVAQAFAGACACAAABDGCfB9BqBGA2BGAjAjATATAYALANABACAAAAAA
5208301,CsCqCpBaBSA5AmA0AdAjAjAxAPAGAAAAAAAAAAC8COCfBrBLA7A7A3AbAfAdAeAWAGADADADAAAD
5208400,CZC4CTBgBUBHBGA+AuAfAZAZATAHAGAAAGABADC8CZCLBXBPBEA5AuAXAjAhAMAQAPACAFADAEAC
5208509,CCCbCDCIBaBQA3A3A8AoAZAWASAOAJAFABABABCQCPCLB7BQA/BEAwApAbAcAZAYAHAHADAAABAB
5208608,CvCwCUBtBWBKA+A4AxAeAZATAOAIACACABABAACzCkCLB1BQBDAzAwAkAbAUANAJAEADACABABAB
5208707,CSCMB9BuBpBQBBA2AsAhAaAUAOAJAFADABABAACLCLCCCFBxBSBAA4AsAiAaAVAPAKAGADACABAA
5208806,ChCiCFB7BWBIBCAwAtAqAnAOAVAHAJAAADAAABCnCbCfBXBUA8A4A3AoAhAVATASAGACADACABAA
5208905,CvCfCLBvBZBHA5A2AuAlAcAVAQAJAIACABABABCvCbCLBuBWBCAzAvAhAeAYATAPAIAIAEACABAB
5209002,CvCYCLBqBWA+AxA1AjAjAfAbAWAOAFADACACAAC3CbCAB5BTA/A0AwApAmAaAVARALAFAGABABAB
5209101,CgCGCNBwBZBQBHA+AyAmAeAPAQAKADACACABAACcCSCKB8BfBBA/A2AmAiAVAQAPAIAEADABABAA
5209200,CkCbCDB/BhBMA9A9AsAkAjAcANAMADACAAAAABCpCbCCBrBTBFA0AyAnAkAZAOAKAJADACAAABAB
5209309,CxCjCJBiBRA9A+A2AxAnAXAWAMAHAFACABAAABCuCpCJB7BXBFA8AtAqAaATAVANAKAEACACAAAB
5209408,C4CQCWCHBMBDAyAjA/AKASAVAaALAKADADAAAADMCFCWBMBmBAA4ArAhAdAmAfANAMAGACAAADAA
5209507,C8CbCKBpBYBDA/A1AqAjAkAUAPALAEABABABABC6CnCAB1BRA6AqAxAmAaAdAUAQAHAEADADAAAB
5209606,DICfCYB6BnBDA5A+AqAXAWAQALAUAIACADAAAAC/CTBpBfBLBOA7AyAhAOAQAbAUAOAJABAAAAAA
5209705,CmCbCKB+BUBIBFA5A4AbAWAbASAKAFAEABAAADCoCdCNBuBKA8A4AwAlAZAdASAKAMAJACABACAA
5209804,C8CoCkB0BYBDA1AvAmAdAYARARAHAEAGACAAAACsC2B9B8BVA/AzAvAcAhAUALAGAIADAAAEAAAA
5209903,CSCvCVBvBVAoA9ArAYAmAVAhAPAJALAGACACAADgB5B/CBBDA9A0A6ArAjAmAVAUARAKAAAAACAA
5210000,CcCVCQB3BdBKA8A0AsAiAfARAPAJAHADACABABCTCbCPCFBYBHA/AvAmAeAYATALALAGADABABAA
5210109,CGCRCGCMBwBFA9A2A0AjAgAbARALAIADACAAABCNCBCIB3BUBAA2A2AwAjAeAdATAKAFACADAAAB
5210208,CSC1CMB6BQBEA9A1ApAkAcAUAKAJAHADABAAAACeCoCVB3BXBAA7AyAuAcAaAVAJADAEABACABAB
5210307,C0CcCEB1BoBLBjA1A2AsAjAUAQAGABABACAAAACmCLB8BqBVBFAzAoAsAVASARATABAFAAAAAAAA
5210406,CqCqCOBzBdBKA9AxAwAeAdATANAIADADACABABCpCmCLB4BWA+AzAwAoAZAXANAKAHAHADACABAA
5210505,CrCpCWBrBaA2AqArAuAoAVAUAVAQAEADABACABCaCoCWB6BRBAA5AwAmAYAbAVARAPAGAEACABAB
5210604,CZC4CECKBbBLA1A9ApAiAcAPANAGACACAAAEAADBCBCZB5BSA+A7AuAkAXASAVALADAFADACAAAB
5210703,ChCMB/BuBTBDA+BDArAiAgAdAWASAEAFABABACCtCUCEBqBWA4BMAqAoAeAgAVAUATAIABAFAAAA
5210802,CrCyB8BwBWBYBaBCAtAtAmARALALAEADAAAAACCmCVCEBjBPBGBDAiAaAYAbAPAIAEADADAEABAA
5210901,CtCsCUBsBRBFA7AtAyAkAZAVAOAKAFAGADACABCoCbCdBnBUBFA4ArAlAYAXAPATAGAGACACABAA
5211008,CtCdCIBtBkBPBEA3AvAiAgAQASAEAKACABACAAC6CSCNBtBXBCA4ApAmAgAQAOAKAIAEABACAAAB
5211107,C6CdB9BhBsBVBHAtA+AcAjARANAGADAAAAABAAC7CgCJBfBZBLA1AkAlAYATAVAOAFADAAABACAB
5211206,CxCrCJBwBWBKA5A0AoAkAaAQAJAJADADABABAADBChCMB6BPBHA1AzAhAZAYAOAMAHADACABAAAA
5211305,DBCTB5B0B5BXBLA/AtAtAhAbAPAIAJAFABAAAAC6CJB6BqBIBDAyAnAkAaAXAKABAGAFADAAAAAB
5211404,CnCiCgBsBdBEA/AvAtAqAWAQAMAOAHADAEACABCrCJCMBzBfA4A2A4AoAgATANATAIAGADABACAB
5211503,CiCRB9BvBnBXBKBDAzAiAdATAQALAHACACAAAACbCMB9B2BhBHA9AzAnAdAXARANAIAFACABABAA
5211602,CvCxCTBhBTBOBHBEAnAfAgATAUALAIACABAAABCqCQCDBvBeBFA1A1AiATATASAGAGAJABABAAAA
5211701,CoCaCbBoBhBSBGA2AuAwAWARARAKAHABABABACCnCcCDB3BKA9A0AtAkAaAXATAOADAKACAFAAAA
5211800,CrCuCQBpBhBKBAA2AsAiAaASAPAJAJADAAAAAACzCmCEBsBRBEA2AtAhAYAZAOAOAGAFACABAAAA
5211909,CUCSCOBwBUBJA+A2AwAmAfAXASAOAJAFABABABCRCTCDCBBfBBA8A6AvAhAaAWANAKAGADACABAB
5212006,C9CbCLCEBWBOBTArA+AjAeAWARAKAHAEAAAAAACoCmCGBiBVBBArAhAfAjAOAPAEAKAFAAACAAAA
5212105,CyCVCLB7BXBOA5A0A/AkAaAMAMAKAFACAAABAACzCGCXByBjAzA0BAAyASASAPAJAJADADABAAAA
5212204,CnCiCLB2BgBMBAA7AvAjAdAZANAIAEADABAAAACiCdCGCBBQBDA1A1AiAeAUAOAHAFACADABABAB
5212303,CXCdCjB4BVBAA1AyAuAlAiAYATAKANABAAAAABChCNCRBqBWA/BDA1AyAZAVAVAQAIAHAAACABAA
5212402,CqCoBuB5BYBAA3A3AkAjAbAcAZANAIACABABAAC8CICKBjBUA4A/AzAsAfAfAVAWAJAGAFAFACAB
5212501,CxChCBBtBcBIBAA3AzAkAeAXATAIAGACACABABCnCeB+BpBbA/A2AuApAeAZATAOAJAHACADABAC
5212600,CbCxCgB1BTBKBEAuAyAYAfAcAYAQACACAAAAAADECEB0BsBaA8A4AqAhAbAUAeAVAHACACAAAAAA
5212709,DTCQCLBpBQBGA6AsArANAbANAOANACAIAAAAAADDCDCNCABlBPBAAcAeAXAoAKAQAMAJABAFAAAC
5212808,DACjCKB1BbBPBCAsAtAkAeAWALAJAEACAAAAAACyCpCKBrBRA4A1AsAoAcAUAPAHAGAEACAAABAA
5212907,B7ChCnBYBBAwA0BiBeAVA0AbAIAAAIAIAAAAAABrDTBkBpBvA7AuAwBJAiAXAIANAdAAAGAKAAAA
5213004,CjCaCMBtBlBeBNA/AnAgAiARAWALAJAAABAAAACoCiCQBsBHA8A2A0AYAdAfANAHAGADABAAAAAA
5213103,CXCWCUCFBfA/AxA7A3AmAlASARAKAEAFACABABCSCECFCDBcBDAyA1A1AmAYAPANAHAEAFACABAB
5213202,DOCIB8B3BXBEBEA0AiAsAfAOARANAEAAACAAAAC8CwB7BwBOBDA3AqAjAjATAZAOAHAAAFAAAAAA
5213301,C4CZCFBtBVBABAAnA4AgAsAZAWAKABAAABAAAADBCgB+BvBHBAAmA3ApAoAYAaAOAJABACAAACAA
5213400,C+CtCYBqBkBPBEAxAmAiAYAbAFAIAFACAAABAAC2CpB5BdBjBDAuAtAlAjAOAOADAGADADAAACAA
5213509,C5CYCMBwBOBCAtA5A2AcAbAdANAHAGAEADAAAACfCyCBB0BFBFA4AsAwAmALAbAZARAGACAAACAB
5213608,DEC1B8B3BLA7A7AxAuAeAaAXAJAKAGABACAAAAC6ClCfBkBSA9A5AtAlAbAQALARAJAEADADABAA
5213707,DICdCbBsBQBMBEA2AsAXAiAOAOAMAGAHABABAAC1CsCCBjBdBBA8AqAeAZARALAIAGADACAAACAB
5213806,CSCbCAByBZBLBDA4A0AlAfATARAOAJAEACAAAACPCWB7CABZBFA6A7AuAiAbAVARALAEADABABAB
5213905,C7CnCEBuBcBSBHAzAjAdAWASAMAIAEADABAAADDECmCLBgBSBMAyAvAbAZAXASAMAIAEABACAAAB
5214002,CyCtCNByBrBUA/A2AuAhAWAYAJAKAAABACAAAAC8CXCKB9BAA/A3AtAjAdAXAIAGAEACABABAAAA
5214101,C4C2ByCiBzAzBQAyAvAhASALAGAGAFAHADAAABCzCoCRBHBLA9A5A5AaAZAPAMANAPABACADAAAA
5214200,CpCWBzBqBQA9AxA0AzAhAbAcAfAYAHAEACAAAACnCTCIBdBbBMAyArAuAfAiAbAWAVANAHAFABAC
5214309,C3CbB8BgBHBDA/A/A6AhAWATAKAMAEAEACAAABC3CgCQBlBFA8BHA1AzAZAZAZAYAOABADACAAAA
5214408,CkCiCZByBbA2A5A8BDAXAeAOAMANAFAAACAFABCiCsCEBnBEBDA2A1AoAmAWAQAMAKAHAGAEABAG
5214507,CKCTCRB5BeA+A8A0A1AgAcAZATAKAFAGAEABAAClCTCACJBbBAA0AzAtAeAbAYATAFAEACADADAA
5214606,ChCnCCB3BbBIA6A0A0AnAhAZATALADADACABABClCcCMBoBcBDAxAwAoAeAYARAJAJAFACACAAAC
5214705,DLCtCJBuBlA+A4AtA2AmAXAIAQAFAAAFAAACAAChCYCHCJBTBAAoA5ArAXAWAQAFAKAFAAAFAAAC
5214804,ClCXB/BUBaBJBIAzAkAwAIASASAqAEAHAAAAAACJCBDGBeBQBUBBAzAyAjAUASAbAJAHAEAAAAAA
5214903,CUDACAB6BTA4BNAnBGAZAcAbAKAIAKAAAAAAAAC7CcCCBrA9ArA2AyAtAWAtAYAWAVADAAAIAAAA
5215009,CpCECpCEBVA5AqA3AuApAfAbAPAJAEADABABAACSCoCZBzBWA6A0AvAqAaAcAbAJAMAGAEAAABAA
5215108,CgCzCJB5BQBGA1AmAuAXAbAhAXANABABADABAACxCVCJBiBhA5BFAhAkAjAcAWARAMANADAFAAAB
5215207,DJCbCiBbBOBVA7A/AiAbANAaANAIAHAGAEAAAACwC1CGBhBgBLA/AiAaAYAPAUARACAFACABABAA
5215306,CoCeCPBuBSBNBAA1AlAkAfAXATANAHAEACAAACCcCkCKBxBHBEA0AzAmAlAZATARAJAFAEACABAB
5215405,C4CNCWBvBjBIA4A9AjApAiAUASAOAEACAFAAAACiCRCPBkBOBOAvAtApAZAkAWALAJACADAHAAAA
5215504,CcCBCTB3CCA5A9AuAtAwAgAbASAMADACAAAAAACPCQCECFBfA9A0ApAtAzAcAaAGAJAEAAAAAAAA
5215603,DOCfCABqBUBUAzA2AoAoAcAVAOAHAEABAAABAADCC1CIBgBOA1A4AxAmAmAYAMAGADACABAEAAAB
5215702,C0CeB/BtBiBaBGA9AuAeAeAWAPAMAGADACAAAACzCXCDBmBXBAA3AsAjAdAVAOAMAHAHACACAAAB
5215801,CXB2CKB4AoBFA8BEA6AnAkAuAnAdAJAFAAAAAACGCTCVCHAoAoA5BKA0AnAZAfAYAcAAAAAAAAAA
5215900,CkCzCGBuBlBVBMAxAYApATAYAQAGAIAEACAAAAC1CPCYBwBdA6AxApAiAdAVASAJADAIADAAAAAC
5216007,CrCQCABxBUBfBRBIApAoAdAjAVAIAHAJAAACACChCEBqBoBOBJA9A0AvASAVAZALAKAKAHACAAAA
5216106,C9CfB5BoBcBCBFAuA1AfAdAcAPALAEADACAAAADMCPB7BvBQA+AwArAkAdAbAUAUAQAEACACAAAD
5216205,CyCaCCBwBWBFA4AsArAhAdAlAVAKAHABAEABAAC1ChCJBiBPBLAqAkApAgAhAVAUAOAJADAEAAAA
5216304,CgCRCIB1BkBJBOA8AwAoAkAWASAKAEACABAAAACbCSCKBsBZBNA5AuAjAjAWAUAGAIAEADABABAA
5216403,CrCfCCBqBsBeBPA7AtAgAjAWAOAJAEACABAAAACrCcCABoBTBHAzAuAmAYASARAMAHADACABABAA
5216502,CWCvCLByBMA/A4AqAqAcAfAaAVAOAHAEACABACCfCRCSB4BZBBA3AyAoAcAaAiAWAQAGAEADABAB
5216601,C/CnCTBpBFBEBCAtAlAhAlAXAWAQAGACACABAACuCvCOBzBNA1AzAmAhAgAaANALAMAHACABAAAB
5216700,C9CSCfBFBPA8BAA+A5AfAdAkAZAOAMAAAAAAAAC6CTCCByA/AzA2BIAaAcAbATAcAMAHAFAAAAAA
5216809,C6CeCWBnBXBHBKA2ArAZAcAWAQAGAGAEABAAAACtCfCAByBRBCA8AtAgAdAfATALAJAEACABAAAB
5216908,DDCiCMBoBoBEBIA4AmAfAdAaANAJAEACACAAAADFCbB7BsBVBAA4AsAeAaAVAQAMAEAEABAAAAAA
5217005,CVC7B8CLA6AzBBAiAjAiAYAtANANAAAAAAAAAAC8CcCFCKBHBTAuAkA1AhAXAOAlAKACACAAADAA
5217104,CbCeCMBxBeBMBBA+AzAqAfAZAQAKAHAFABABAACbCMB8B7BNBEAzA2ApAgAbASAPAIAFADADABAB
5217203,CxCkCABxBbBRBCAzAsAjAgAOASAJAHAEABAAACC0CnCUBxBVBDAwAxAgAZAOAPAJAEAEAAABAAAB
5217302,C0CdCAB7BgBNA5AyAsAnAdAXAQAKAHADAAABABC8CPB+BwBWA7A1ArAkAhAZAVANAGAFADADABAC
5217401,CMCVCUBtBTBGBFA3AyApAfAOARAMAIACACABABCJCSCNB2BgBDBBA6A0AlAYASATAIAIACACAAAB
5217500,C/CdCBBuBTA6A7AuAjAlAaAZATAKAGAFABACABC8CYB/CBBhA2A7AsAkAeAbAVASAKAGAFACAAAB
5217609,CyCwCMB3BWBSA+A5AyAlAgAMAHAIAEADABABAACuCkB+BsBYAzA0A4AiAXAeANAMAIAEABACAAAA
5217708,CtCXCAB1BbBWBCA9A1AhAhASASANAIADABABABCiCOB/BsBUBFA9AxAlAcAXAQASAMAFACABABAB
5217807,CoChCKCHBRBHA2AoApAbAXAjAVAIAFABACAAAACkCWCnBeBtAxArA4AlAYAnAMAWAFAFACAFACAE
5217906,ClCvCIBuBWA5A8AoAnAoAiAPAZAMAEACACADAACcCuCBBuBYBGA2ArAkAhAbAYATALAGAFAEACAC
5218003,C2CoCLBtBJBIA+AwAsAmAdATAQAJADAEACABAAC1ChCMB3BVA5A6AwAlAbAXANANAGAGACACABAD
5218102,CjCZB/BZCCBCAqA3A3AaAkArAYAEAJAFAEAAAACTCTClCDA5A+AxAiAtAtAWAhATAJAAAEAAAAAA
5218201,C8ChCDBrBUBGBCAvA5AaAhAZARAJAGABABABAAC+CYB9BsBFBCA+AuAhAbAZAXAWAMAEADABABAB
5218300,CwCoCEB4BUA9A9AwAlAdAdAWAQAJAGACABAAABCnCfCOB2BcBEAwAzAjAfAeAWARAIAHACABACAA
5218409,C4CoB5BzBUBBA9BMAXAjAdAaAaAJADAFADAAAAC/CeCBB9BVAwAyAyApAUASAZAPAJADAAABAAAA
5218508,CmCdCFBtBjBWBPA9AvApAeAVAMAKAGACACABABCrCRB5BvBZBGA6AuAmAcAVANAMAEAEACACABAB
5218607,CvCRCKCCBKA8BLAhAsAlAZARAKAIAFAHABADAAClCOCKCCBvBHBFAsAsAXAgANANAGAHABADAAAA
5218706,C+C+CPBXBKBIBMAqA1AWApAVARADADADAAACAACwCuBvByBGBOA6A/AaAYAaAXAFAFACAAACAAAD
5218805,CbChCJBuBhBTBBA8AuAkAcAXAQAJAGADABABAACeCXCGB3BaBCA1AzAqAcAXAOAMAIAFAEABAAAB
5218904,CsCmCVBzBXBDAuA6AvAjAVAWANAHAGACABAAABCgCmCbBxBVBDA4AyAvAbAWAPAIAHAFABACAAAA
5219001,CzCzCIBqBPBOA/A8AiAhAaAQAUAHAEAAADAAAADACqCKBtBTBHA3AnAhAbAbAUAFACAGABAAAAAC
5219100,C3CeB3B9BlBEBPA8ArAqAaAKARARAIACADAAAACwCpCSBYA8A8AxA3AdArAPAPAMAGAJACADAAAA
5219209,CzCLCQBsBMBhA4A6A5AtAVARAZAaAEAEAGAAAACFCZClBcBDBRAyA2AjAjAWAVARACAGAEAAABAA
5219308,CfCYCFCCBpBeBMA0AuAkAeASAPAJAGACABABAACiCLCFB6BXBAA5AvAoAZATANAMAIADACAAABAB
5219407,CSCgBwCdBmBcA0AoA0AkAiAWAUAKAHADADAAAACFCSCCB+BqA0A9A6AUAcAlARAQADAJAKAAAAAA
5219506,C4C9CEB1BdBCBPAkAjAdApANAOAIAGAGACAAAACqCdCFCABRA0BCAiAcAUAdAMAPAJAKAAAAADAB
5219605,CvCdB+B4BPBMBGArA5AeAnAPARAEAGAIAEAAACDBCqCFBlA/BGBJA0AlAQATAMALAIAIACAAAAAD
5219704,C4CpCAB5BlBJA+AuAuAdAXAQASAHAGABAEABADC9CYCKB3BSBEAtAwAiAcAaALAGAHACAEACAAAA
5219803,CiCjCQBvBHBDA8AzAmAgAjAcATAJAHAEADAAAAC2CgCDBqBFBBA+AmAoAjAjAdAUAKAJAEAEABAA
5219902,C+CcCABsBeBfA5A6AnArAXASAMAKAJAFACAAAAC2CjCMBmBcA8AyAnApAfAVALALAEAGAAAAABAA
5220009,ClCbB8BvBnBNBSA3AqAjAtASAaALAMACAAAAAACuB6CCBgA/BOBDAtAVAdAWAnAjAKACAAAAAAAE
5220108,CdCqCSB2BcA/A7AzAoAdAgASAPAHAFACACAAACCmCnCaB0BQBFBAAqAmAeAWARAKAIAEABABABAA
5220207,C2CmCIBrBZBRBJA7AwAhAdASAKALACAAABAAABC8CeCOBrBPBDA2AxAjAZAVANAJAGACABABAAAB
5220306,CvCVCDB1BWBHBDAyAyAkAjAcAOAGAIACADAAABC3CZCIBuBTA7A1AyAnAYAdAWAOAGAHABABAAAC
5220405,CiCUCWCABSBSA6A/ArAqAkAdANAHAFABADAAAACjCRCQBzBUBDAzAvAkAqAXAIANAFAFABAAAAAB
5220504,C0CHBcBoBVBjBIA+AhAdAsAdAPAeARAJAAABAAClCSB9B0BWBDAsBJAoAjATAPAMAKAHAEAAAAAA
5220603,CwCdCKB7BgBDA3AzAtAlAeAdATALAHAEADABAACbCcCEBqBLBEA1AvAiAhAgAUAPAKAKACACABAB
5220702,CaC9B9BhBZA6A3AzAvAxAhALAPAAAAAEACAAAADXCFCJByBiAxA9AkAmAjAqALAPATALAAAGAAAA
5220801,CmCbB9BcBGBGBQBGAoAjAaAaAfAIADAEAAAAAAC7CMBzB0BUBJBJAzA2AVAYAXAVAHAGACAAACAA
5220900,CZCmCHBqBUBIApA5AiAgAfAiAdAWAGABAEACABCZCKCJBtBNBCA7AzAfAmAZAmAYARAKAEAEABAE
5221007,C0ChCYB2BkBGA8AwAmAnAcAOANAMAFACACABACChCuCNBzBVA/A0AyAhAaASAPAKAFADADABAAAA
5221106,C0ClCCB8BYAwAnA3AkAiAjAYASAOAGACAHAAAACeCnCSBwBZAwA7AzAnAjARATAaALAGAHADABAB
5221205,C2CbCOBmBNBBA5A2AzAiAeAUASALAGAEACABAACoCRCMByBUA8A3A4ApAlAZAQAUAMAJAEAEABAA
5221304,CTCLCOBsBcBPBGA9AqApAoARAPANAFAAACAAACCSCkCOBtBPBHA7A6AzAaAbANALAGAJAHAAACAG
5221403,CPChCLB1BYA+A0A2AkAwAbAYARAOAJAEACACABCTCTCVCFBSBFA4AxA1AiAbASAQANAFACABABAC
5221502,CsCfCOCDBZBPA5A5ApAkAVARAXAOAJACABABACClCSCaBnBaBCAvAyAvAXAXAMAJAIACAAAAAAAA
5221601,C2CuCIBpBbBFA8AzAyAiAeATALAHAEACACAAAAC+CeCHBvBbA/A2AtAlAbAUAMAKAJAEADAAAAAB
5221700,ClCXCIB9BXBIA1AyAqAlAcAQAWAIAHADABAAABCuCUCQCGBNBFAzA3AmAkAbATAIAHAEACABAAAC
5221809,B/CtC6ByBKBBA/BAA6AwAlAWAMAHAOACAAAAAACdCNB8B2BUA3A6A1AbAvAfAJALAJAEAAAEACAC
5221908,CxCLCQCRBhBLBGArA4AmAUAWATAHAFAAAAAAAACjCUCCB3BbBAAyArAuAgAPATAIAKAAAAAAAAAA
5222005,CvCTCSB7BLBCA1A0ApAoAmAZARALAEAFAEABAACiCZCaBeBeA7AxAwAgAsAWAWASAMAFAEABABAA
5222104,DJCLBlBmBdBJBOA9A+AxAnAhARAOADAAAAAAAACuCbB4BkBIA7A7AvApAdAaAaAKAJAEABAAAAAC
5300108,CrCVBpBjBrBZBYA9AxAfAVAQAKAFADABABAAAACmCRBwBuBsBdBLA4ApAcAUAQAKAGAEACABABAA
