codigo,pir
1100015,BKBJBKBQBJBIBLBFBHBEBDA6A1AnAZASAIAJACBHBEBFBLBFBLBPBJBNBMA8A8AuAjAYAPANAEAB
1100023,BKBNBKBPBVBXBOBLBLBBA7AzAnAfASAMAJACACBIBHBHBOBSBWBRBWBPBHA9AzAqAcAWANAJAEAB
1100031,BBBABKBIAxA1BFBEBUBBBQBCA+A2AlAVARALABA6BDBRBEAsA+BHBTBLA+BGBAA8AxAbAVAPALAA
1100049,BCBDBFBJBTBUBQBOBLBAA7A2AtAfAWAOAJAEACBDBDBBBJBXBWBTBSBSBGBCA3AvAjAXAQAIAHAD
1100056,BJBGBEBKBFBTBQBIBHBDA8A6AuAgAbAVAJAKAABKBLBCBFA/BQBUBTBLBFA+A8AwAlAcARANADAE
1100064,BMBGA+BJBAA6A/BNBFBPBBBDA5AqAdAXAPAHACA2BDBDBGBABBBIBOBMBKBFBDA1ApAeAYARAKAD
1100072,BLBEBFBJBIBCBOBTBKBLBIBKA5AtAaAQALAGABBABKA5BEA8BKBMBOBQBHBHA6AxAcAWARAFADAD
1100080,BHBVBcBeBSBLBIBNBQBIA7A+AmAbAZAQAGADAABYBcBRBUBPBJBHBGA6BIAsAyAoAYAUAIAGADAC
1100098,BIBJBJBNBMBJBOBQBQBFA/A5AsAiAXAPAKAFABBJBHBFBMBOBKBPBUBPBFA9AyAsAgAZAOALAGAA
1100106,BVBcBfBcBTBFBIBEBJBAA3AvApAXAVAKAFAEADBWBTBbBZBMBLBGBKBHBEA2AxAlAdAUAOAJADAB
1100114,BLBGBDBEBQBOBOBLBPBBA+A0AsAiAZARAKAFAEBDBDBABOBTBWBOBPBTBHA8A7ArAjAaAQAKAHAC
1100122,BIBMBIBMBNBRBRBRBKBAA6A1ApAeAWANAKADADBFBIBDBLBOBTBUBWBQBGA+A3AtAiAYAQAJAGAC
1100130,BSBSBUBXBFBIBSBJBZBKA7AxAvAoAaANAJAEADBRBGBQBIBDBJBMBXBYA8A0AsAnAeAUANAEACAB
1100148,BHBEA+BMBKBQBGBOBPBQBGA4A1AmAdASAMAFAEBBA5BEBPBCBDBOBQBPBKA/A2AwAmAdAOAGAGAF
1100155,BFBCBGBGBFBJBJBOBPBAA+A8AyAkAcASALAHADA+BCBCBHBIBKBPBTBRBEBHBAAzAmAcATAOAGAD
1100189,BQBLBIBMBSBTBBBXBPBFA8AxAqAlAUANAGADACBFBDBIBOBRBOBOBUBSBBA+A2AzAkASAIAKACAE
1100205,BIBPBPBNBTBTBUBUBNA+A3AxAnAbAQAJAGADABBFBNBMBMBVBZBTBaBTBCA8AzAqAcASALAHAEAC
1100254,A/BGBHBGA/BDA9BJBLBGBFA+A7AvAgAVANAFAFA+A+BABGA+BDBGBJBPBKBFBGA8AsAgASAOAFAG
1100262,BJBRBRBcBABIA/BQBRBQBFBFA4ApAjAMAGAHACBABCBDA8BJBCBGBRBIBDA9BEArAdASASAGACAE
1100288,BGBFBFBIBUBSBTBIBNA+A8A6AsAiAWAOAJAEACBCBIBDBJBRBWBRBTBQBFBCA4AtAhAZARAIAFAB
1100296,BABFBHBHA3BABEBCBPBFBRBHA5AtAeAUAQAGADA/A6BGBCA6A9BHBIBSBLBOBFAyAqAhAYALALAC
1100304,BNBJBIBPBNBSBSBQBOBBA+AxAnAbATALAJADACBHBJBIBMBQBUBXBYBQBEBBAzAtAdAUAOAHAEAC
1100320,BNBMBJBOBOBOBLBNBPBIBAA8AsAiAWAPAGAFAFBQBFBEBLBOBTBSBPBOBFA4A0AoAeAUANAEAIAA
1100338,BRBUBiBcBWBIBFBLBQA8A7A8AmAbATAKAKACABBGBcBTBUBNBNBLBQBcA5AwAyAaAdAMALAGAEAC
1100346,BFBGBGBHBBBGBABEBOBEBJBGA1AtAdAWAOAGAEA/A+BBBJBDBDBGBLBTBEBIA9A4ApAdASAKAJAC
1100379,BIBNBPBPBCBPBGBLBKBKBGBAAwAnAcAQAHAGACBQBJBJBNBABHBNBLBLBCBCA3AoAgAVAQAGAIAB
1100403,BHBKBQBRBOBIBFBJBPBIBDBAAyAhAaAQAKAEAFBPBIBLBOBRBIBJBMBJBEA9AxAmAhAVAPAMABAA
1100452,BOBMBOBVBOBOBIBPBQBGA9A0AqAiAXAPAJADACBLBNBNBTBPBLBPBVBPBBA2AvAoAeASALAIABAA
1100502,BCBABGBMA8BHBBBFBMBKBPBEA9AyAdAWASABAEA/A9BFBAA6BDBEBRBKBOBFBBAwArAcASAMAHAC
1100601,BRBJBJBUA5A/BPBFBJBGA7BEA3AkAqAQAWAKAABGBDBNBABEBCBSBJBFA5A8A5AvAqAPAaAOAJAI
1100700,BRBRBSBYBKBFBBBKBLBRBOBAA3AjAZARAIAEAABFBGBVBNBDA+BHBIBSBFA+A4AkAbAWAJAEACAD
1100809,BWBWBVBXBTBPBKBNBMA8A4A2AsAjAXAOAHADACBPBUBTBQBQBPBGBOBJA/A3AtAoAaASALAEADAC
1100908,BABGBRA+AxBDBABDBXBPBDBNA8ArAhAYASAKADA7BIA7BAA6BNBHBABKBQBIBFAqAnAhAVAMAKAA
1100924,BQBSBZBRBNBRBRBUBSBDA4AvAqAeAPAKAHAFAABTBYBXBQBNBVBOBVBLBBA4AsAgATAQAGAIAAAB
1100940,BXBTBWBRBMBMBKBTBWBJBEA0AmAhATAJAGADACBUBUBPBSBPBQBOBQBUA9A0ApAfAVANAJAFACAA
1101005,BJBLBBBNBGA/BGBKBOBGBJBCAyAmAeAUAQAGADA+BJBOBIBEBGBHBHBLBMBEA0AtAlAbAUAIADAD
1101104,BaBbBZBYBOBHBGBSBLA9A3A4AuAoAUAQAFAEAFBNBTBYBKBMBIBKBGBGA9A5AuApAcATALAHAEAA
1101203,A7A7BPBPBJBAA4BEBGBPBSBGA2ApAhAVASAGAEA2A6BDBNBEA9BBBLBPBYBDA7AtArAiATAPAFAF
1101302,BEBEBCBMBFBKBABKBIBQBHBAAyAuAcAQAOAGAEA/BBBBBMBJBCBBBOBSBOA3A+AyAuAeAQANAFAB
1101401,BKBIBOBUBMBFA/BHBOBMBEBCAxAmAgAUAOAFADBABEBBBNBDBGBCBSBPBGA7A2AvAmAYARALABAD
1101435,A9BABKBUBIBIBBBNBKBNBIA/A3ArAXAWAJAKADBBBBBNBJA9A9BGBPBSBQBBA8AvAhAZAVAKAHAA
1101450,BMBBBTBSBNBABKBPBMBPBGBRAwAjAYARAJAKAABIBNBCBJBDBEBQBLBMBFBDAxAoAZATARAJABAA
1101468,BbBMBSBJBCBJBLBJBCBTA8A6AxAuAUAHANACAABPBTBVBRA2BEBEBTBSBEA/A4AsAVAZAPAIAAAH
1101476,BLBPBIBGA3AzA+BVBOBKBGBFA8AwAiAVAHARAAA5BIBJA1A5BABHBPBPBHBCBAA5AqAfATAHAMAA
1101484,A3A/BFBJAuA/BABDBUBJBOBWA6AzAnAYAVAIADA7A4BDBAA2A4BOBKBVBIBDBCA/AsAcAWAQAEAA
1101492,BSBRBZBVBKBPBNBJBMBIA5A0ApAfATAOALABACBOBQBMBNBMBTBYBSBKA/A2AvAnAaAUAKAFAFAA
1101500,BJBLBOBSBLBQBLBJBKBDBDBAA2AjAWANAGALABBHBOBDBRBLBPBPBLBGBBBBA3ApAeAQAOAGAHAB
1101559,A9BCA+BDBMA8A7BQBMA+BPBIA7AsAlAaARAIADA+BGA9BQA+BAA7BABaBLBBBHAvAnAnASADAOAG
1101609,BCBABLBLA8A2A6BOBPBOBOBOBFAxAiAVALAHAAA+BEBKBGA0A8A/BFBdBIBCA7A4AlAbASARAEAA
1101708,BLBDA/BPBEBEBHBJBLBLA+A9A0AvAjATAOAEAFA/BCBEBJBFBHBJBQBKBGA+A4AyAoAhARANAEAD
1101757,BFBQBXBNA7BEA9BHBOBNBKBDA8ApAkAVAMADABBABJBCBFA+A/BJBPBPBKA/A7ApAmAaANAJAEAC
1101807,A9BCBCBLBAA+A8BJBRA+BaBEA7AxAkAVAMAHAGA4A9A8BGBABCA6BJBeBRBGA9AyAnAhAUAHANAD
1200013,BaBXBeBiBSBJBGBHBLA8A0AvAoAeAZAOALACABBiBeBVBVBWBNBKBIBLA1AvApAiAYAPAJAGAFAB
1200054,BvBpByBnBMBNBQBEBCA3ArAiAhAWAQAMAGABACBrBjBoBeBTBQBKBFA8A2ArAfAaAVANAIAIABAD
1200104,BWBdBbBaBYBOBMBIBIA8A6AsAgAaASAMAJADADBaBWBTBUBeBWBRBKBJA5AwAoAfAYASAJAIABAE
1200138,BUBgBtBeBQBJA+BEBMBCA+AuArAiAWAOAKACABBWBZBVBbBRBIBBBEBKA9AuAqAmAYASAJAGAEAA
1200179,BWBdBoBlBTBFA7BFBHBAA9A8AtAgAYANAIADABBRBVBVBYBPBJA/BFBBBAA2AuAnAZASAJAHACAC
1200203,BXBYBiBoBqBVBJBKBKA4AqAgAZATANAMAIACACBXBZBcBjBnBXBNBNBJA2ArAhAbAWAQALAHAEAD
1200252,BWBaBZBVBXBXBNBNBDA5A3ArAlAcAQAMALADABBYBeBQBTBbBZBPBNBEA7AyArAhAWASAKAJABAB
1200302,BwBvByBwBoBPBCBAA+AyAqAgAbATANAKAFAEABBpBqBoBtBdBOBABCA7AuAlAcAYAQANAKAHADAC
1200328,CKCRCLB6BqBLBBA7AxAnAfAWAPALAGAFAFABACCNCLCGB7BbBKA+AxAuAhAWANAQAHAGAFACABAD
1200336,BhBkBvBuBeBRBEBMBGA4AqAiAbAVAOALAGAEAEBbBdBoBdBjBPBIBOBAAxAnAfAbAWAMALAHADAC
1200344,BsBnBqBuBkBVBIBQBEBAAqAiAaAZANAKAFADABBiBuBpBmBaBJBHBGA+AvAgAcAWAPAIAHAGABAC
1200351,B5B3B+CEBtBVBKBAA/ArAiAWAUAPAJAGAFADABBvBxB7B8BgBKBBBBAyAiAaAUARAMAIAHAEABAB
1200385,BVBaBdBgBVBJA9BHBHA+A5AwArAjAbAQAHAGACBXBbBSBXBRBIBCBKBCBCAvAtAlAYAUANAKADAB
1200393,B2B2CBCFBxBOBCBCA9AyAiAYAUAQAIAFAHADABB6BoB+B0BqBHA7A4A0AnAeASATAMAJAHADABAA
1200401,BLBUBPBVBaBTBPBPBKA8AyAnAfAYARAKAFADACBGBOBQBUBcBZBUBXBUBDA5AvAmAcAUAMAIAEAD
1200427,BnBjB1B5BnBPBFBIBBA5AqAjAbAUAPAJAGACADBeBeBpBsBiBMBABFBCAxAkAbAVAPAOALAGACAA
1200435,CbB6CYBuBnA9A9A2A7AqAWAXAQAKAIAKAFADADCTCRCIBrBRBABBA+AzASAfAVAPALAGAJAGAEAE
1200450,BTBcBZBZBYBPBKBOBKA9A7AtAnAdAVAOAFADAJBNBPBTBVBPBMBGBKBLA7A3AvAkAbAUANAMAEAA
1200500,BcBcBfBsBoBaBLBOBLA6AtAjAbAYAQANAIACACBVBbBcBhBbBSBLBHBDA1AoAfAaAXAQAMAJADAB
1200609,BwByB6B5BuBVBGBEA+AsAkAeAZASANAJAGABACBpBoBsBwBXBNBEA9A4AqAjAbAVAQANAIAFACAD
1200708,BZBdBbBlBVBVBMBIBGA8AzAtAmAcAUAOAHACADBXBVBWBcBVBVBKBDBEA4ArAqAgAZARAMAHADAD
1200807,BXBeBdBoBXBHBBBABGBCA5AvAqAjAaAOAGAHACBVBYBXBZBQBFBDBHBHA1AyAsAiAeAUAMAGADAD
1300029,B+B2BwB1BoBVBLA/A4AsAlAdAXASANAJAFACACB4BuBwBuBjBSBDA6AwAmAeAaAUAOAJAJAGACAC
1300060,CBB/B8BhBaBYBFA9AvAtAwAlASATALAJACACABB3CBBzBoBZBQA9A5A6AxAgAUAQASANADAHADAC
1300086,BmBpBsB2BlBWBOBGBEA4AwAiAYATALAJAFABAEBnBoBiBxBcBTBCBDA4AtAkAeAVASAKAGACACAE
1300102,BfBwBoBqBlBPBPBNBFA6AsAjAhAVAOAIAFADACBcBrBfBjBZBJBHBEA/A0AmAgAcARALAIAEAFAB
1300144,BOBiBbBYBYBMBaBZBRBDA1AvApAdAWAJAIABAABOBfBQBSBRBOBfBLBJAwAsAlAhAVAMAHAFABAB
1300201,CACNB7B1BeBSBEA6A0ArAgAYAYASAJAIAGACADB6CFB3BoBXBSBHA5AwAkAfAWARAMAJAIAFABAD
1300300,BxBqBsBqBdBPBIA/BDA8AsArAjAVATALAHAEABBnBmBlBeBYBLBFA5A7AvAoAeAdAVAMAJAHADAD
1300409,B/B7BwBkBdBQBDBFA6A2AsAjAcAXAPAJAGACADB8ByBnBdBXBMBAA6A1AqAlAcAZAUALAIAHADAC
1300508,BtBzB5B7BbBMBCA+A8AvAtAkAZAhALAOAGAEAABfB2B3BrBUBBBGBAApAtAgAmAYAUAJAKAEAGAD
1300607,B7B8B2BwBcBPBAA+A3AqAkAfAWATAMAKAGADADB4B5B2BlBZBRBIBDAxAmAjAbAVARALAIAGAFAB
1300631,B6B5B2B7BnBSBBBAA5AsAnAdAYAUALAJAGAEACB7ByBvB1BbBKA/A8AzAkAdAbASARAJAHAFACAD
1300680,BwBnBnBlBoBZBMBFBDA2ArAeAbAWARALAHAFAMBmBoBiBiBfBRBDA+A6AmAiAYAWAUAPAKAJAEAI
1300706,BhBXBfBlBlBRBHBGBIA8A3AsAgAcAPAMALADADBUBYBeBnBXBZBFBABBA6AsAjAcASAOANAFACAC
1300805,BwBoByB0BiBVBGBJA/AyApAhAcAXAPALAFADAFBqBiBlBqBVBOBCA+A5ArAjAeAZAUANAKAFADAH
1300839,BgBfBrB2BqBZBOBDBAA2AuAhAdAZAQALAEACABBiBhBlBqBkBVBHA9A4AzAlAcAYARALAHAHABAB
1300904,BaBnBUBkBgBWBPBMBEBBAzAzAuAgARAOAFAEADBXBdBhBLBXBIBEBDA7AwAnAyAgAWAQAIAFADAB
1301001,BpBtBrBxBnBXBJBIA9AvAkAjAZAUAOAKADACAEBiBpBlBvBaBZBGBDA5AsAmAeAXAQAMAJAGADAC
1301100,BXBkBjBrBNBFA7A8BJA+A4A6AqAqAWAPAJABABBWBjBkBZBBBGBGBHA7AzAsAqAoAeAWAMAEAGAB
1301159,BZBeBgBgBQBJA+BGBEBEBFA5AqAiAVAOAGAHACBUBbBYBeBHBIBBA/BBA8A0AqAjAbAQAPAIABAC
1301209,BoBnBsBvBhBPBDBHBBA3ApAgAcAWAOAJAGABACBmBnBmBrBfBSBGBDBBAxAjAdAXATANAIAFAEAD
1301308,BrBpBpBwBiBSBKBFBFA0AoAjAeAYAPALAHADAABmBiBlBvBXBLBHBHA6AtAjAiAYATAMAIAEACAF
1301407,BsByBvBzBcBRBGBHBAA1AjAeAXAQAMAJAFADABBrBuBxBxBYBLBGA9A+ArAiAdAWAUAMALAHAEAD
1301506,BxBzBjBvBmBbBHBHBDAvAsAdAUARAKAFADADAEBwBuBmBsBkBPBGA/A/AsAfAdASASANAFAEADAG
1301605,B8BvBtBpBsBUBIBIA4AwAqAdAXAVAKAJAFADABBwBrBlBsBsBPBFA+A4ApAhAZAUARAMAIAFACAD
1301654,BjBoBvB1BrBUBGBHBDAuAoAkAaATAOAJAIACAABdBnBsBsBiBRBGBDA2AtAkAhAaAQAMAIAGADAC
1301704,BfBkBcBkBlBbBSBKBEA1AwAhAdAYAQAKAGADACBfBkBWBaBiBXBWBHA/AwAnAfAaAUANAKAEAEAD
1301803,B8B2BpBuBwBYBMBHA7ApAgAcARASAHAIAEABAACBB0BlBpBxBUBJBBA0ApAfAUATALAHAFAGAAAB
1301852,BbBbBeBfBWBOBGBKBKA/A2AuAmAfATAKAHADACBcBaBaBaBTBOBGBKBFA4AwAnAkAZAPAJAEAFAC
1301902,BZBhBkBoBdBOBEBJBKA8AxAmAiAaAQAKAGAEABBVBZBgBjBaBOBGBJBEA5AsAlAeAXARAKAHAEAC
1301951,BvCGBxCABsBbBHA/A/AmAdAXATAQALAJAFABACCCCDBoBxBfBPA7BFAtAkAVAcANAOANAKADABAB
1302009,BdBeBrBqBcBMBJBEBEA/AvAsAjAYARALAHACABBdBkBmBcBWBMBJBEBFAuAoAiAdAXAQAKAFAGAC
1302108,CMB+BuBuB4BdBDBDA5AnAlAhAVAQAMADAEACABCKB5BqBkBiBUBBA2AvAlAdAVAPALAGAFAFAAAA
1302207,BvBzBoB1BxBdBJBGA7AwAjAfAXARALAHAFAEABBnBqBjB0BnBUBFA/A5AuAgAXASAOAKAIAGACAD
1302306,CFCJCBByBkBTA7A/A6ApAfAWARANANAIAEABACCLB6B7ByBjBPA+A8AvAgAZAVAPALAHAHAFABAC
1302405,BuBkBkBxBwBXBMBKBGAxAvAeAbASANAJAFACABBiBbBeBqBjBQBCBHBCAuAlAfAXARAMAKAGAEAB
1302504,BfBiBiBoBiBVBIBHBEA1AsAnAfAZASALAIACABBcBeBbBoBbBPBKBJBBAyArAkAfAWAOAJAHACAC
1302553,BgBhBjBjBUBJBCBDBIA9A1AuAqAgAWAQAHAFACBfBlBgBYBLBMA/BAA8A4AuArAgAYARAMAHADAB
1302603,BMBUBQBSBZBWBMBPBNA/A0AoAgAWAOAIAEACABBKBRBOBSBcBbBSBYBVBFA4AtAmAcATAMAIADAC
1302702,B0BiBgByBdBQBKBKBAAwAsAhAYAXAQALAFAEAEB2BpBdBqBeBVBFBCA6AsAiAcAWASAMAKAFADAE
1302801,CECBBzB8BpBWBEBEA3AqAjAZAZAQALAHAFAAAACFB0ByB2BhBPA6A7AvAkAaAXARAMAGAFAEABAC
1302900,B7B4BwBwBaBNBGBEA+AxAmAhAeAaAQAJAGAEACBzBvBrBnBWBGA/A9A0ApAhAcAaAVANAIAGADAE
1303007,BmBqBcBlBUBTBSBKBCA1AuAsAeAaASALALABACBmBwBXBgBTBQBMBAA5AvAmAhAdAXAQALAIABAG
1303106,B0BzBuBxBiBQBBBBA8A0ApAhAeAaAOAJAGACAEBuBuBpBoBVBPBDA+AzAqAjAhAYAVANAIAJACAD
1303205,BqBwBxBkBLBTBEBLBAAyAoAoAeAYATAKAGAEADBiBwBlBjBOBKBKBGA9AvAqAlAZAaAPAIAHABAD
1303304,BmBkBiBvBkBYBKBCBCA0AsApAgAYAPANAIAEABBkBbBhBoBjBUBHBCA5AsApAeAXATAMAJAGACAG
1303403,BcBhBhBtBjBSBEBHBAA3AsAlAhAYARALAFAFACBaBaBfBoBgBRBGBGA/AzAqAlAeAZASALAHAFAD
1303502,B3CEBqB6ByBRBQBJA/AiAkAhAYASARAHADABABBnBsBkB6BsBCBCA1AwAiAiAdAaAPAJAIAGAEAA
1303536,BaBcBhBgBSBMBBBFBGA/A2AyApAfATAKAGABABBXBgBhBfBSBJBHBIBHA7AxArAhAaAQAIADAEAB
1303569,BcBiBfBcBSBIA/BGBHA9A6AzAuAjAXANAGACABBaBaBgBWBPBIBDBCBBA5AyAwAoAZASAJAGACAC
1303601,COBuB6BkBdBPBGBUA1AvAhAeASATALAHAFACACCRCDBxBkBYA6BAA+AmAmAvAWAUANALAJAGACAC
1303700,CEB9B7BzBkBUBEA8AwAnAjAZAVAQAMAGAEAEAECOCDB2BvBkBJBHA1ArAhAcAVAUALAKAEAFADAD
1303809,B9B4BrBtBeBTBEA+A3AvApAeAaAUAPAJAHADABB8BzBvBoBcBMBBA6AwApAgAdAYATARALAHACAD
1303908,CKCLB5BwBhBNBCA6AzAsAhAZAVAOAMAIAEAFACCHCHB3BpBaBJBAA3AwAkAbAWATANAKAJAHACAC
1303957,B0B/BfBhBgBdBMBKBEA4ArAdAaAaAPALAFADACBbBuBXBdBcBTBNBMA6ArAeAbAZATAOAJACABAE
1304005,BoB0BwBnBcBPBDBIA+A1AuAmAjAdATAMAFADABBiByBzBaBSBIBDA7AyAyAiAjAeAYAOAIADAGAA
1304062,BzB9BwBnBhBNBEA/A3AtAnAcAZASAMAJAEACACB0B1BrBtBiBQBKBBA4AuAjAdAYAQAMAHAFACAC
1304104,BwBnBqB2BmBUBXBFBFAxAoAeAbAVAQAGAHABABBiBpBjBiBYBWBLBPA8AlAgAZAWARAMAKAGACAD
1304203,B0BpBpB1BkBUBHBHA/AyAmAdAXATANAJAGACACBtBmBjBtBkBSBHBCA8AtAjAbAXARAMAIAFAEAB
1304237,CIB6ByBxBnBXBOBDA5AoAfAYAVAPAKAJADACADCKB4BxBsBeBQBEA6AxAhAYAYAPAOAJAGAGAEAC
1304260,B5BpB7B+BsBUBLBGA8AzApAaAXARALAIADAEADBxBkBwB3BgBPBFA9A3AlAaAXAOAPAHAGAEACAB
1304302,BcBgBhBjBgBQBEBQBTA3AyAoArAeAVAMAGACADBVBXBjBhBSBNBMBGA/AuAsAhAdAYAQALAHADAC
1304401,BPBgBXBlBiBbBUBLBDA7ArAkAgAcAPAKAFAEABBUBiBYBjBqBkBUBIA6AyAoAdAcAVAMAHADAEAE
1400027,CYCNB5BvBPBBA9A8AyArArAmAhAXAQAHAFACABCSB8B0BoBUBDA1A0AxAmAjAZAXASAIAFADABAC
1400050,CYCLB3BsBUBBA2A7A3AsApAjAcAXAQALAGACABCSB2BvBkBUBEA1AyA1AsAjAfAWARANAHAFABAB
1400100,BcBbBVBVBhBdBUBRBHA2AtAkAaAUANAHADACABBYBXBRBVBjBhBXBVBNA8AwAnAdAVANAIAFADAC
1400159,B/CDB3BuBYBLA/A3A0AxAqAlAdAYATAHAGAEABCHB7BrBiBNA+A/A5AxAsAjAiAaATAMAJAGAEAA
1400175,BwBtBxBfBOBHA/BHBAA6A3AzAqAkAXAOAIACABBtBsBiBTBABBA+A6A5AxAuApAkAaAQAIADADAB
1400209,BsBuBsBhBPBVA6A9BDAyAvA6AkAjAWAJAIAEAABtBuBHBbBMBKBEA/BDAzAqAyAgAbAOADAHAEAA
1400233,BsBqBmBhBYBUBGBTBOA7A1ApAiAZARALAIADAABnBVBeBYBPBPBIBIBDAyAjAlAZAUAKAHAFACAB
1400282,B1BjBnBgBZBPBDBDBCA5A5ArArAhAXAKAGADACBlBlBeBcBaBDBBBBA7AxAnAoAeAWALAIAFAAAB
1400308,BiBqBiBeBPBFBBBIBBA6A4AyApAcAVANAKADABBmBeBjBbBQBMBDBHA/A0AwAoAeAWAQAMAGACAB
1400407,CeCXCOB2BOBLA6A4AsAuAZAeAOARAJAEAEABABCcCgCFBoBLBLAwAxAlAqAYAPAUAHAKAGAEADAB
1400456,CLCLB0BiBdBPBFA+A5AsAjAfAVAQALAHADACABCAB9BwBjBWBTBDA/A1AqAmAXAXANAHAGADACAB
1400472,BfBrBdBhBTBQBNBWBAAzA3AnApAXATALAFAEABBiBkBdBQBQBZBPBRBCA5AmAlAYAVAMAHADACAB
1400506,BnBjBjBbBZBZBQBVBQA6A8AmAfAZAQAOAIACAABlBSBWBaBWBMBHBTA7A1AmAeAaAQAPAMACACAC
1400605,BfBhBXBeBTBXBWBdBOA2AuAwAmAfAYAOAHAAADBWBaBQBTBEBOBPBSA+AyAsAmAkAYASAGAFAFAD
1400704,DCCkCSB5BOA8A8AsArAeAYAYAQAKADAEADACABC2CoCWBgBHA/A4A0AhAWAVAWAIAHAFAFAHABAB
1500107,BQBRBUBYBeBcBUBRBJA8AyApAeAZASAKAHACACBNBOBQBWBbBbBWBSBJA7AxAmAgAaARANAJAGAD
1500131,BTBZBZBcBOBCBFBNBPA6A5AzAqAVAcARAIAEAGBTBMBbBPBIBMBGBNBNA2A7AvAoAfAVASALACAC
1500206,BXBaBmBpBYBRBMBMBGA5A1ArAgAaAUANAHAGADBUBYBfBhBUBNBNBIBAAzAsAkAeAVAQAOAIAFAD
1500305,BsBuBxBqBjBdBKBEBAAxApAgAeAWAMAJAFAFABBsByBpBoBdBOBBA9A2ArAlAbAUAQALAJAFACAD
1500347,BbBlBfBVBcBPBaBaBcBEAtAnAlAaATALAIAFAABZBWBPBNBQBQBSBSBHAyAqAhAdAUANAIAEADAB
1500404,BiBuBnBqBaBNBPBIBEA0ApAjAdAZARAMAIACACBeBlBiBlBVBMBOBEA8AwAoAgAbAXAQAKAFAFAE
1500503,BmBpBjBmBYBSBIBFBDA4AuArAkAZASAJAIADABBfBgBmBjBWBQBHBHBEAxApAeAfAUAMAIAHACAB
1500602,BUBbBUBVBVBVBRBQBMA8AzApAhAYARAKAGADACBRBYBSBVBaBYBVBWBNA8AyApAfAXAPAKAHADAC
1500701,B+B/B0BwBjBTBFBTAwAyAmAUAUAPAKALAFABACCGBrB1BuBQBQBIBMAwAnAeARARALALAGAEACAB
1500800,A+BFBIBNBSBOBKBRBRBCA5AwAlAdASAKAFACABA6BCBGBLBUBWBWBeBbBOBEA3AvAkAZAPAKAEAD
1500859,BfBwBlBoBZBRBKBTBBA/AwAuAfAWAMAIAHABABBpBlBlBiBXBSBPBUA3AwAfAcAXAOAKAGADADAA
1500909,BTBgBrBpBbBRBLBLBCA4AuAlAiAcATAMAHADADBUBgBsBlBTBOBIBIA9AvApAmAdAYARAMAHAEAE
1500958,BWBbBvBmBWBMBGBIBBA9AyAqAdAcAUAOAKAAAEBXBcBiBcBWBTBNBLA/A4ArAmAeAYAQALAHAEAD
1501006,BsBoBjBlBVBUBGBJA9A1AuAvAnAhATAOAJAEACBnBtBeBcBRBKBBA8A5ArAnAlAfAYARALAFAFAD
1501105,B6CKB0B+BnBUBJA+AxApAcAWATAOAJAGADABACCDCNB1B1BiBTBDA6AqAjAaAVAQALAHAEACABAE
1501204,BHBcBQBbBfBNBOBOBRBBA+AmAcAWAUAMAHADABBTBpBHBaBqBXBXBQBNA4AqAgAWAWAQAKAGADAC
1501253,BTBaBhBbBcBSBLBPBVA+BDAvAqAeAaALAGAHAABVBMBOBYBKBCBKBNBFBCAnAnAnAWAPAEAKADAA
1501303,BQBVBYBeBcBUBSBUBNA8AxAqAfAWANAJAFACABBLBSBWBgBYBVBVBXBTA9AwAoAcAVAOAIAGAFAB
1501402,A3A/BDBIBPBKBGBJBNBCA+A0AtAhAXAOAIAEACA1A9A+BHBRBQBQBVBYBOBJBAA4AsAhAXAPAJAG
1501451,BYBgBbBnBYBGA6BDBEBAAzAoAmAgAYAQAMAFABBTBVBXBkBTBHBEBHBHA5AsAsAlAgAWAPAJAHAD
1501501,BHBQBRBVBSBOBQBPBOBCA3AsAmAcAQAKAHADACBIBSBLBVBSBZBSBaBPA/A7AvAlAcASAMAHAEAF
1501576,BQBPBMBMBUBxBZB5BdA/A1AvBAAZAUALAGADAEBGBIBHBOBOBGBABOBEAwAmAzArAYARALAGACAE
1501600,BNBLBSBbBYBPBTBYBQBBA3AsAjAjAVAKALAEADBHBKBTBiBRBUBNBTBJAzAzAtAiAZAQARAGAGAB
1501709,BNBSBdBgBUBQBMBQBIA/AzAoAiAdATANAJACACBLBUBYBbBVBRBSBQBIA6AxAqAjAcAUAPAKADAD
1501725,BFBSBUBZBYBMBRBRBRBDA6A0ApAeAWALAIADADBRBdBTBbBVBMBQBNBIA3AwAoAhAYAOALAIAEAC
1501758,BPBYBaBjBNBDA+BMBLA+A2AvAmAlAbAUAJAEADBTBNBkBaBGBKBEBLBHA/AwAsAqAcAUAPAKAFAD
1501782,BYBeBhBhBYBHBGBLBFA3A0AoAkAeAUAOAIADADBWBdBcBiBYBNBOBLBDA0AwAnAgAZARAKAIABAC
1501808,B3BwBvBxBqBVBIBDA+ArAlAbAZASAPAJAFADADBuBoBoBoBkBQBFA+A3AqAkAaAXASANAIAFAFAC
1501907,BVBeBtBgBRBNBAA+BIA/A7AqAlAZAUAOAKADACBFBNBoB0BMBQBLBKBDA1A5AjAeAdALAMAOAGAC
1501956,BcBhBqBxBfBOBOBRBKA1AzArAiAXAQAKAHABAABbBXBiBvBUBMBGBLA8AtAoAgAbASANAJAFACAB
1502004,BTBaBdBbBXBXBTBNBEA5AzApAjAaARAMAKADACBRBdBdBZBcBYBVBKBBAyAqAjAhAYAPAOAGAEAG
1502103,BVBYBiBpBkBbBSBPBFA3AtAhAcAZARANAIAEACBUBUBcBhBgBUBPBIA9AzApAhAbAZASANAJAEAE
1502152,BfBfBWBWBbBgBnBpBUA5ApAdAVANAIAHADAAABBZBaBXBTBfBlBmBhBLAxAiAaATAMAIAHACABAB
1502202,BFBHBRBUBSBNBNBTBJBBA0ArAjAgAWAPAKAGABA8BKBLBUBUBUBQBaBQBDA4AzAsAhAWAQANAIAD
1502301,BLBRBcBjBSBXBRBPBKA5A5AuAhAbAUALAKACACBOBJBTBZBWBaBTBQBJA/AxApAgAVARANAIAFAB
1502400,BGBJBQBTBXBRBOBQBMA9A3AqAhAZARAKAGADACBDBIBMBVBbBXBZBcBVBEA7AwAoAeAVAOAJAEAC
1502509,B2B1B4BwBkBUBJBHBCA1ApAhAaAUARAKAHABABBpBnBnBnBTBJBGA+AyAqAiAcAXAUAMAHAGACAC
1502608,BIBUBWBgBLBHBKBGBHA8A5AwApAiAbASAFALACBJBTBaBXBIBKBOBOBDA2A5AvAmAgAbASANAGAD
1502707,BGBNBVBXBOBLBCBCBJBDA9A2AqAnAbAUANADAFBKBKBMBOBSBKBBBKBHBEA7A1AuAlAbASAKAEAF
1502756,BUBdBjBuBZBNBNBRBDA3AvAkAcAYARAMAIACAEBYBeBbBiBWBSBSBOBCA1AsAkAaAVASANAIAFAD
1502764,BwBgBJBfBqBiBcBZBOA6A6AlAuAeANALABAFAABnBjBVBNBhBKBMBCA+AoAlAlAPAMAKAEAEACAB
1502772,BZBcBZBfBWBPBMBJBDA3AqApAtAkAZAPAKAHABBYBYBcBYBTBRBPBLA+A2AqArAkAbARANAHACAC
1502806,BwBuB2BzBwBZBRBEA+A0ApAZAWARAMAIAFABAEBqBgBmByBlBWBLA+AxApAcAUAUAPAGAMAHAEAB
1502855,BfBeBkB0BZBSBLBOBGA4ApArAgAbAQALAGADADBbBaBkBoBUBLBKBIBFApAoAkAaAWANALAJACAB
1502905,A+BLBUBeBRBKBNBLBNA+A/AtArAiAYAQAIAHAEBCBNBOBjBPBMBJBVBFBAAyArAmAhAVATAOAHAE
1502939,BMBcBbBeBiBHBNBYBUA4ArAiAdAWARAIAFACABBQBfBcBkBmBIBbBYBQAyArAiAdAXAOAJAFACAB
1502954,BYBeBjBnBSBJBBBLBEA5AzAxAoAeAXAQAIAFAABXBWBdBiBQBGBNBNBEAzAzAqAiAYARAJAEAFAC
1503002,BjBbBgByBcBUBFBJBAA3AyAmAgAeARAKAHACAEBZBVBfBvBaBTBFBFA+A0AnAiAcAXAPALAIAGAD
1503044,BWBWBaBgBYBTBPBPBQBBA5AyAmAgAZANAMABADBOBOBRBUBMBSBMBIBIA6AxArAfAXARAJAGADAC
1503077,BQBYBdBrBWBUBOBMBHA8A2AsAgAaATAOAKADACBPBRBbBoBXBPBTBJBBA4AuAkAcAXARALAIAGAA
1503093,BYBZBcBhBUBCBHBSBQBDA5AsAkAeATANAIACACBRBUBYBcBNBIBQBQBPA7AwAqAfAaAPAJAIACAA
1503101,BtBrBvB2BuBbBKBGA7AzAqAeAbATANAJAFADADBnBlBmBwBhBSBGA/A1AqAcAaAWAOAJANAFAFAD
1503200,BGBWBMBOBTBIBKBUBIA/A8ApArAhAZARAKADADBCBNBOBVBTBSBXBKBKA/A2AuAqAjAZARALAEAF
1503309,BRBcBmBkBXBaBUBOBFA6AvAnAfAZASAJAGAHACBJBYBfBZBUBUBQBPBBA4AuAjAfAWASAMAIADAE
1503408,BSBTBaBZBYBLBSBKBGBAAyAvAmAfATARAGAFADBSBTBVBYBQBWBRBPA9A1AuAnAnAfAUAOAJAFAG
1503457,BlBrBvBoBLBIBSBHBCA5AxAiAfAdARAQAGABACBfBfBhBjBTBMBLBJBGAxAoAlAXAVAPAJAGADAB
1503507,BLBTBhBjBTBLBMBKBKA+A0AwAkAgAaATAKAGABBLBKBZBaBKBLBJBIBDA+AyArAiAfAWASAPADAD
1503606,BcBZBUBXBgBaBRBQBHA2AwAqAkAYAQALAFACABBVBYBRBYBgBgBRBOBGA4AtAmAgAWAPAIAFADAC
1503705,BYBbBlBeBbBQBMBVBHA9A7AoAmAaAWALAIAEACBLBaBcBdBXBFBKBTBDA0AqAnAeAXAQALAFACAC
1503754,CMCEBuB3BlBSBBBAA0AsAmAiAXATALAJACACAACJB+BsBpBcBMA/A6AyApAfAXAQAMAIAEABACAB
1503804,BOBSBcBdBLBBBFBMBPA+AzAqAlAdAUAQAIAFADBMBVBbBeBLBMBKBUBPBAA2AuAmAeAVAOAKAFAD
1503903,BnBpBwBuBcBPBKBNBDA0ApAhAbAVAPALAGADABBkBnBpBrBWBPBHBJA8AuAiAdAYAUANAKAGACAE
1504000,BdBaBiBoBuBdBZBNBGA0AvAjAZAVAMAIAEADACBhBbBcBnBsBRBUBBA+AtAlAcAVASAMAJAHACAD
1504059,BNBXBRBhBWBSBNBJBHA9AyAmAcAbATANAKAEABBJBSBWBdBgBXBVBRBKA9AyAnAhAbAUAOALABAD
1504109,BEBRBfBfBIBGBHBLBDBJA2A0ArAnAdAQANAIABBDBOBeBOBCBFBEBJBOA0A1ArAyAmAcAVAPADAE
1504208,BSBYBXBbBbBRBRBUBMA7AvAlAgAYAQAKAFACACBOBTBUBcBaBXBXBZBNA7AwApAgAWAOAJAGADAC
1504307,BEBNBYBhBSBNBHBNBIA/A5AyAqAhAdAUAPADACBHBHBXBcBLBLBGBGBEA7AwAvAnAjAYATAKAJAG
1504406,A/BKBZBWBJA/BHBFBUBFBGAwAsAnAeAZAQAHAEBDBNBIBKBABFBTBGBVA9AxAvAnAmAeAZAMAGAF
1504422,BHBQBQBXBZBWBRBTBNA/A2AqAfAXAPAIAFACABBDBMBKBTBXBYBYBbBXBIA9AtAkAaARAKAGAFAC
1504455,BVBXBfBdBYBOBPBOBRBEA2A3AmAeAUAPAGADADBaBTBXBWBSBKBMBLBGA0AvAkAeAXAPAJAHADAA
1504505,CDBpCLCFBsBVBOA4AsAtAhAXATATAMAGAFABABCIB6B6BzBiBMA9A1AmAlAbAYARAOAFAGACABAC
1504604,BLBdBdBvBrBJBLBJBIA3AwAgAeAcAQAOAMADAEBHBgBgBkBXBXBNBGBDA5AtAjAdAYAKASAHAHAB
1504703,BgBeBkBnBeBcBVBMBEA9AyAlAfAVAPAMAIABABBbBcBYBkBaBSBPBOA/AxAqAgAYAQAMAJAGAEAC
1504752,BSBYBbBdBVBMBHBMBJBAA4A2ArAhAZAOAKAFACBSBNBRBaBNBKBLBIBCA6AzAuAkAbATANAGAGAD
1504802,BSBXBXBgBVBOBEBHBJA+A1AtAmAgAWAOAKAEADBPBVBVBgBSBRBIBJBFA8AwAoAkAeAWAOALADAE
1504901,BbBoBhBfBjBPBPBMBKAyAsAfAeAZASAJADAEACBXBiBiBfBaBOBbBKBEAsAoAgAdAXAOAJAEAGAG
1504950,BiBcBmBqBVBWBPBMBIA7AzAjAcAWARALAFACABBcBiBoBnBXBTBOBKBDAxArAcAXAQAMAHAEABAB
1504976,BWBVBVBhBOBIBFBPBMBFA8AyAsAgAdAUAKAEABBMBTBRBWBMBDBFBNBHA8AwAuApAcATAOAJACAB
1505007,A7BGBNBVBJBCBKBQBMBLBCA2AuApAeAWAQAFACA3A+BLBLBDBFBPBQBOBDA4A3AwAnAeAWAOAGAG
1505031,BcBdBUBXBYBYBTBVBLA+A6AzAoAYAQAIAFABAABbBXBRBUBWBaBVBUBHA3AnApAeAQAMADAEAAAC
1505064,BdBbBmBnBaBPBJBNBHA4AxArAjAaAUAMAIACACBWBaBeBgBUBTBPBMBEA1ApAlAdAVAOAKAFAEAB
1505106,BYBcBmBsBUBJBGBJBLA9AxAqAmAZARANAJADACBUBYBkBkBLBJBBBIBGA3AuAiAgAeASAPAOAEAC
1505205,BiBlCDB2BuBSBNBDA8AuAoAeAgATAKAHAIAFACBqBZByBsBaBQBHBAA3AwAgAfAXATAHAKAFACAE
1505304,BnBhBlBrBWBLBABHBHA3AuAoAcAYATANAIACACBfBZBkBnBcBJBFBOBFA0ApAmAcAXAQAMAHAEAD
1505403,BOBNBcBeBUBNBMBPBMA7A6AuAlAdAVAOANAEABBBBSBUBZBPBNBRBPBGBAA0ApAlAeAUARAMAFAD
1505437,BeBdBeBkBMBWBJBSBNA5A4AoAgAXAVAGAFADABBXBdBbBTBLBfBSBXBOA3AyAjAWASAMAIAGACAA
1505486,BfBgBiBgBcBTBPBRBLA7A0ArAjAZASAMAIADADBdBcBcBaBSBPBKBOBDAyAqAhAbATANAIAEADAC
1505494,BSBRBYBsBLBHBJBKBIBBA2AuAlAfAfASALAIAABSBYBYBSBMBFBJBFBAA7A1ArAkAiAXAPAGAHAE
1505502,BVBWBZBgBbBUBUBUBKA7AuAkAbAWANAJAFACABBSBRBZBcBbBXBaBYBPA9AxAlAeAVANAIAFACAD
1505536,BaBaBZBXBZBXBgBlBVA4ArAfAXAPAJAFADACABBYBXBUBYBcBhBlBnBSA2AoAeAVAOAIAFADACAB
1505551,BTBQBcBQBKBKA+BRBIA/A+AxAuAsAbAUAKAFADBTBZBXBOBHBIBGBLBCA+A1A0ArAYAXAMAFAFAC
1505601,A5BCBPBZBMA7BABWBXBGA1A8A1AuAdASAOAGADA/BHBPBPBEBGBKBPBSA/A0A3AxAkAXASAQAHAD
1505635,BeBbBdBdBWBGBIBNBRBEA8AtAlAdAWAQAKADABBVBQBUBSBQBNBNBLBCA9A3AkAdAWAUAIAIABAB
1505650,BWBmBFBmBcBgBOBPBNA/A0A7ApAaATAHACAEACBiBVBaBWBgBMBBBXBBAvAqAiAcAYAHAHAEAEAA
1505700,BPBXBgBsBWBSBRBRBIA7A3ApAiAcATAKAIACACBRBQBdBhBWBQBMBNBDA1AtAmAgAXAOAMAFAFAI
1505809,B2BwB1B7BtBZBGBFA7AxAiAYAVASANAIAFADABByBqBuBzBkBUA+A8AzApAdAXATAPAKAIAEADAC
1505908,BpBrBoByBtBVBTBNBGA0ArAcAWAOALAHAGACABBjBsBhBvBhBUBQBHA7ArAhAYARANAIAHAFABAE
1506005,BxBaBiBuBlBTBOBLBCAwAoArAhAVAOALAKADAABgBbBwBkBiBNBIBHAxA0AjApATAPAMAKAEAFAB
1506104,BLBMBVBYBHBJBNBKBOBFA2AwAnAeAcAWAQADADBHBPBMBWBLBMBFBRBMA5A0AvAoAkAbAUALAHAE
1506112,BJBKBaBiBPA/BABOBNBEA6A0AuAiAZASAKACAGBKBPBPBTBJBGBDBLBJA/A6AyAuAhAXAQANAHAF
1506138,BSBUBQBTBVBVBOBRBKA+A0AsAgAZARALAIACABBQBSBRBTBZBaBUBVBOA/A2AtAiAaARAMAHADAC
1506161,BJBLBOBZBSBPBJBJBLBGBBAyApAgAaARAMAEAABJBMBMBTBNBPBMBNBNBAA3A0AlAeAWAPAKACAD
1506187,A6BABGBXBhBZBYBmBaA5A0A0A6AaASALAIADABA4A9BJBWBZBNBTBeBOAyA0A9AtAXARAKAIAEAB
1506195,BRBtBgBZBYBHBRBKBMA1AyAmAoAfAXAOAHACAEBRBrBgBeBfBGBUBEA/AtAsAhAfAXASAKAGABAD
1506203,BJBOBSBYBbBSBQBTBQBCA2ArAjAcAVANAIAEACBJBJBOBXBUBRBVBUBMA9A2AqAkAdAUAOAKAEAC
1506302,BPBRBVBbBUBUBQBLBBBCA4AoAmAaAVAOAGAEADBNBRBYBUBTBWBWBMBGA8A1ArAjAcATAPAKAGAC
1506351,BKBRBcBYBNBABOBKBOBBA6AzAjAfAWAOAMABAABGBOBWBSBPBQBPBSBLBFA/AtAmAcAVANAGAGAG
1506401,BKBYBTCQBoBQBLBKBDA7AxAtAhAZAXAMAHACAABFBKBQB5BaBNBTBFBBA3AtAnAbAaAQAJAAAHAD
1506500,BHBLBFBMB0B9BwBgBOBAA3AsAjAbAUAMAGAEABA/BDBDBKBPBSBMBPBFA8AzAqAiAaASAKALAEAC
1506559,BMBRBaBnBTBQBJBNBEA9AzAqAjAfAWAOALADADBLBNBZBiBYBKBOBLBIA7AxArAkAbATAQALAGAC
1506583,BVBWBbBcBKBKBGBLBMBEBBA+AsApAaARAFAHABBSBSBUBWBGBHBFBLBFA9AzAyAlAWARAIAEADAB
1506609,BIBJBMBVBPBRBLBKBGBCA7A0AqAfAVANAMADACBJBCBKBSBSBTBRBTBNBHA/A0AmAgAVAPALAFAD
1506708,BhBYBcBZBSBNBIBNBMA/A1AyAnAgAUAMAJABABBXBXBWBVBVBRBNBMBGA7AvApAhAYAQAIAHABAB
1506807,BRBXBZBdBYBTBKBMBFA5AvAmAhAZASAMAGAEACBPBUBWBbBcBYBPBQBJA7AxArAkAcAUANAIAFAD
1506906,BOBSBXBeBQBIBUBKBVBIA5AxAnAhAbAQAJAIACBHBEBHBZBMBQBIBIBCA3AzAtAmAbAbATAQAGAC
1507003,BLBUBaBZBMBJBNBLBLBBA1ArAoAhAYAPALADAABKBOBRBSBLBSBNBPBNBBA3AtAnAgAVARAKAGAD
1507102,BFBQBSBZBMBNBIBQBPBCA7AvArAmAYASAOAEABBGBHBRBSBHBMBPBNBJA5A7AsAoAoAXASALAEAH
1507151,BWBVBgBmBSBKBFBKBGA8AvAuAjAdAWARAKAHAEBNBQBXBeBTBJBGBQBJA6AxAqAhAdAYAPAKAGAC
1507201,BTBeB0B2BcBRBHBGBDA9AxAnAeAaAVAPAKAEACBQBcBoBpBRBJBABFA8A1ApAkAaAWARAPAJADAD
1507300,BWBWBcBUBdBTBTBbBRBGA7AzAmAcARAKAGADACBRBSBXBWBWBLBRBUBFA3AuAmAXAVALAGAEAAAA
1507409,BKBMBTBZBMBFBNBMBNA8A5A1AwAlAZAQAPADADBCBCBRBQBPBGBLBPBNA+A4A0AqAlAYARAKAKAC
1507458,BdBaBaBVBSBNBHBOBHA+A0ArAjAfAUAOAKADAEBUBWBYBWBYBQBJBLBHA8AvAsAiAZAUAOAFAIAD
1507466,BRBQBcBbBOBEBBA8BIBBA/AzA4AtAfAUAKAEADBKBLBcBPA/BBBMBKA9A4A3AqAvAkAVAWAJATAC
1507474,BNBRBdBaBLBPBLBOBKBGA1AuAnAjAaAWAJAFAEBJBNBRBZBJBHBKBKBIA3A1ApArAhAWASAMAGAF
1507508,BaBbBmBiBKBKBFBHBLBBA6A2AuApAYASAJAEADBQBbBXBWBABDBBBHA+A1AwAuAnAfASALAJACAD
1507607,BSBYBbBjBWBLBLBKBGA9AyAmAfAYAUAOAKABABBQBTBYBgBZBVBOBRBHA7AvApAgAaAUAPAJAGAC
1507706,BgBgBpBmBiBdBUBTBEA3AsAgAaAWAOAKAJABABBcBcBiBlBcBYBNBJA2AtAmAeAaASANAKAGADAE
1507755,BUBfBkBbBXBTBJBKBOA3A3AoAfAbAVAGAJAEACBPBbBaBaBkBdBQBEBIA0AyAoAgAUAMALADABAB
1507805,BmBjBwBmBYBNBRBQBOBTAwArAjAZARAHADABAABeBZBqBhBQBGBGBFA7A3AjAlAVASALAEACADAB
1507904,BLBSBYBbBSBUBGBOBFA5A0AsAlAeASAOAJACADBHBRBTBVBSBXBMBOBIA+A5AwApAiAUAQAJAJAD
1507953,BYBjBjBpBgBbBSBPBEA2AqAjAaASALAJAEABACBcBfBaBoBhBgBYBSBEAzAnAdAUAQAJAHAEADAB
1507961,BMBSBbBXBKBLBGBPBMBGA1AxAqAgAbASALAGACBLBPBSBQBOBLBIBKBGA8A6AvAmAfAXAQAMAIAD
1507979,BXBdBZBbBZBTBSBRBKA5AxAlAeAaATANAGAFACBcBgBbBWBQBWBTBOBFA0AqAiAeAZAPANAGAFAD
1508001,BjBjBkBeBaBVBQBNBIA4AwAgAaAXAQAJAHAEABBbBbBfBdBbBYBWBIBIAwAqAgAWAVAQAJAIAEAA
1508035,BIBXBhBlBPBGBPBPBMBDAzAsArAfAWAQAIAGABBKBTBbBfBLBIBMBLBEA3AvAsAlAeAUAOAHAIAD
1508050,BgBeBaBfBZBRBNBTBRA+A3AtAjAdATANAEACADBbBYBWBaBWBTBOBLBDAxAnAfAdAYAPAHAFADAA
1508084,BYBTBUBRBZBQBRBRBNA9AyAoAjAaATAOAFAEACBWBUBWBUBcBYBZBXBNA6AtAmAgAWAQAKAEAEAA
1508100,BOBXBXBgBaBQBJBMBHA7AxAnAiAcASALAHADACBLBTBWBbBbBRBQBRBMA+AxAuAnAcATALAIACAD
1508126,BGBUBDBVBdBXBgBnBdA2AxAjAqATAOAGACACAABNBfBFBYBpBaBhBgBQAxAtAiAlASALAFACABAB
1508159,BZBaBdBeBYBTBPBSBNA9AxAzAnAbAUAMAIADACBYBWBXBYBTBTBNBOBDA2AsAlAcATAOALAEADAC
1508209,BFBNBUBYBSBNBQBWBQBAA2AtAmAhAYAPAHAEADBEBJBNBPBOBRBWBRBMA9A4AsAmAhAXARALADAF
1508308,BYBjBzB2BXBMBLBKBCA1ArAmAhAcATAMAGAFADBWBgBrBoBSBJBEBHA8AuAmAjAgAXAQALAIAFAC
1508357,BTBeBoBfBVBTBQBPBFA3A0AqAjAbAUAOAFADAEBXBgBhBcBQBOBMBEBMA3ApAmAdAVAQAKAIAEAB
1508407,BSBUBRBWBfBVBUBSBMA8AzApAiAYATAKAIACABBSBSBRBVBZBXBWBUBJA9AxApAeAYARALAHAEAB
1600055,BiBbBaBrBgBWBSBQBKA5AxAtAgATALAFADADADBuBWBSBdBOBVBVBRBEA3AvAeAaASAJAHACADAD
1600105,BsBnBfBjBkBMBDBPBAA5AyApAmAXAQAMAIACADBrBdBiBVBZBMBDBHA6AuAtAmAbASAPAOAGAHAA
1600154,CICGBvBfBbBcBPBBBCAqAnAVASARARAIADADACB+B3BmBRBhBiBCBJA9AlAiAUATAOAKABABAAAB
1600204,BxBlBjBeBgBQBFBDBDA4A2A0AqAYATAJAEAEABBoBgBeBeBPBNBNBEBAA0ArAjAZARAIAIAIABAA
1600212,BtBuBgBvBbBPBQBBA4AyArAqAfAaAWAEAEADADB0BoB1BnBQBNBEBBA+AvAjAZAaAOAKAMADAHAC
1600238,BSBtCEBcBYBDBTA8BEAuA1AtAcAYAJAOAGACAABpB7BtBLBZBWBOA9BHA4AxAhAUAMAJAIAEAEAA
1600253,B2BtBzB3BPBNBCBIBGAsAqAjAjAXANANAFADAAB7BpBpBeBXBKA9BGBCAsAlAeAaAQAMAIADADAB
1600279,BZBiBjBnBbBMBFBDBBA7A1AtAlAcAOAJAGADABBWBYBeBfBeBTBLBMBEA4AxAqAdAUANALAHABAA
1600303,BVBZBWBbBfBWBOBOBHA5AxAkAcAVAMAIAFACACBRBXBRBZBfBaBUBWBNBAA0ApAhAYAPALAHADAD
1600402,B3BoBpB3BkBSBFBEBBAyApAgAfAUAOAKAEAGACBkBsBnBrBeBRBDA8A4AvAjAfAYASALAJAFAEAB
1600501,BmBuBpBlBvBaBRBFA3A4AtAmAZANANAHADACAABwBoBdByBpBQBHBGA3A2AeAkAVANAHADADACAC
1600535,BnBlBpBlBRBKBHBFBJA7AxArAlAWATALAHACAABjBjBiBgBYBNBJBHBDA0AsAiAbAUALAIAEADAB
1600550,B5BwCDBpBlA5BEBFBAAvA0AiAbATAVAEAJAFAABtByByBmBSA7BBBKA6AoAlAcAYAVAKAFAEACAE
1600600,BeBfBUBbBpBTBPBLBFA6ArAkAbAUAOAKAGAEACBaBVBYBfBjBVBVBOBFA8AvAiAdAWAQALAHAEAC
1600709,B2B4B9BsBUBEBIBCA8A0AvAnAeAZATAIAFACABBuBvBoBkBLBFBKBBAzAxAnAfAaAUANAIACADAC
1600808,BwBrBlBoBmBQBJA/BBA3ArAkAfAVAQAJAEAFADBjBpBgBkBdBSBGBFBAAxAoAjAXAPAMAIAHACAC
1700251,BOBUBUBVBHA8BABOBVBJA/BEArAtAeAVAUAAAHBKBEBMBSA8A/A6BGBNBHA3AzA1AiAYAOAFAEAD
1700301,BQBdBOBiBVBFBJBMBHA8AuAyAgAbAYAWAMACACBIBKBVBhBMBGBRBUBXA4ArAqAiAkAWAMAGAJAL
1700350,BFBJBFBTBMA/A9A+BMBHA9A5A2ApAjAZAQAIAFA4BGBKBGBLBEA6BHBIBRBEA9AuAvAkAVALAIAG
1700400,BUBUBpBaBUBFBCBGA+BDA8AxAsAlAUAWANAIABBOBQBaBOBGBKA/BIBCAyAxA4AlAgAYAUAPAIAE
1700707,BBBHBDBNA3BJBXA+BRBNA6A1A2AgAXAVAQAFAFBLBJBHBUBMA9BQBHBQA5BHA9AtAuAcASALAGAD
1701002,BRBSBTBdBPBLBMBJBIA9A0A1AnAcAZAVAJAHAFBGBMBTBWBSBOBKBFBJA6A9ArAmAfAWAUAJAJAB
1701051,BHBWBfBeBGA9BHBJBMA9A9BGAwAqAfAOATAHADA4BTBKBTA3BDBJBHBIBAAxA7AqAgAVAYAGANAD
1701101,BUBPBZBWBEBCBBBQBOBDA4A0AyAmAcAaAPAGAHBABOBPBZA/A9BKBKBIA+AzA3AjAlAYATAOADAD
1701309,BDBHBVBXA+A/BDBGBSBRBCBGA4AuApAYAPAEAAA+BIBVBFA1A7BFBGBPBAA+A4AtAmAXAWAGAFAD
1701903,BMBWBSBZBGBBBBBFBHA+A9BCAzAxAhAVAPAGABBLBNBLBHA+A4BLBGBMA0BEA2AxAlAZAUAKAGAE
1702000,BLBFA+BKBCBIA6BFBJBMBKBBAyAyAlAZARANAEA9BDA5A7BDA/A8BFBRBLBDA9AwAuAjAWANANAF
1702109,BOBOBNBQBaBSBPBPBKA/AxApAfAYASAMAIAEACBLBMBLBUBcBaBVBWBQBCA4AvAlAbAVAOAJAFAD
1702158,BUBbBPBaBHBHBHBCBHBEA7A/AkAgAeAQANAFAEBMBaBFBaBHBIBHBFA6BDA6A3ArAfAUAZAGAEAD
1702208,BSBKBXBcBeBDA+BIBIA/AzAyAoAkAcARAIAJAEBQBRBMBiBWA/BIBMBRA8AtAxArAeARANALAIAD
1702307,BOBJBTBVBUA+A6BOBbBABGAzAwAfAcAXALAHADBDBJBEBLBPBIBBBHBQBHA4AyArAtAUAQAOAJAA
1702406,BEBLBMBRBNBLBFBGBOA+A7A2AyAxAgAXAVAFAEBABIBMBMBEBHBGBGBEBAA7A1ArArAcASARAHAI
1702554,BSBUBRBgBaBFBMBKBJA6AxAkAaAeAUANAPADACBRBUBUBYBiBSBHBRBKBCAxApAmAdAVAUAKAEAD
1702703,A4A4BQBZA+A6A2BcBCBSBIBCAwAyAgAaAKANAGA3A+BKBKA3A7A0BKBWBgBCA+AvAnAaAdAUADAD
1702901,BqBTBdBhBVA9BEBCBHA0AsApAcAaAXASAJAGACBhBaBcBoBYBFBHBJBGAzAtArAjAfAYASAIAJAD
1703008,BBBOBPBRBAA8A8BLBQBGA/BKA4AvAnAfAUADAEA7BDBKBJA5A8A6BDBFA/A+A/AzArAjAVATAGAF
1703057,BZBVBJBgBiBBBLBQBPBbA2AuAhAcAVAOAQAFACBTA+BQBPBYBBBRBNBMA/AtAqAjAYAWAPAHAEAC
1703073,BTBUBdB0BaBIBDBJBIA5AvAxAqAjAWAbAJAEAGBYBXBWBdBIBFA/BGA7A6AtAsAfAgAWAPAIADAF
1703107,BBBIBIBJBMBAA/BJBRBJBJBEA3AmAeAVAPAEAGA8BFBMBOBCA7BDBIBIA5BIBDA3ApAcATAIAIAF
1703206,BIBOBLBLBHBEBFBMBMBIBGBFAzAgAZAVAPADAABEBPBXBGBCBJBGA+BSBGA9A6AqAjAUASAPADAE
1703305,BmBkBTBaBTBOBMBNA7BAA4AoAqAhAZAOAIAHAEBQBXBVBSBRBPBNBPBBA2ArAoAqAXAPAMAKAFAC
1703602,BLBUBYBRBEA+BEA8BOBNBDA4AuAtAbAdAIABAEA5BLBmBNBMA3BEBJBLBEA9A1AtAdAPASAUADAI
1703701,BKBNBSBHA8A8BFBABFBIA/A/AyA0AjAdAQAFAJA7BIBRBLA6A8BNBJA/A/BJA7AyApAZAVAPAJAF
1703800,BQBWBcBYBaBFBPBEBHAzAuAmAmAjAaARARACAABRBaBTBYBZBIBOBHBCA5AuAxAoAhAcATAKAFAC
1703826,BkBOBpBaBVA7BMA4BMBCA7A9AxAbAaASAKALAMBLBBBUBIBGBBA7A/BFA9A5A1AhAmAeANAGAJAK
1703842,BlBqBmBsBgBYBHBMBBA3AmAlAfAbATAKAEABAEBmBgBhBkBaBRBIBBA2AuAjAkAcAXANANACAIAB
1703867,BBBRA/BJBjBxBmBgBVBLA9A0AuAfAgASAQAFAGBAA+BDBCA3BEBCBEBBA6AzA4AtAdAVAQAPADAC
1703883,BVBEBVBeBIBMA2A2BRBBA8AwA7AsAQAZACAEAABNBYBFBVBIBBBBBEBLBBA+A+ArAcApANAWAKAA
1703891,BcBTBrBiBRBFBQBSBCAwAzArAfAiAdAUAHAKABBUBZBZBdBMBKBGBEBAAxA2AiAzAXAZAJAKAGAB
1703909,BXBeBLBcBQBDBDBIBXBCA2A4AuAlAdAQARACAABPBABQBTBJBEBFBOBAA7A8A0AnAgAZASAGABAE
1704105,AyBRBHBtBEAzBCBLBPBKBLBFA/ApAkAaAPAAAGA+BKA8BcA7AxBIBMBDA4AzBFAtAnAdAZANAIAA
1704600,BTBDBfBAA1AnA6BZBPA3BVBFBFAuAuAmAUAJAABABNBEBPA7A+AnBVA8BDA0AvAtA+AcAfADAEAD
1705102,BFBSBUBcA6BFBEBHBJBABKBBA6AqAcAbASAGABBMBVBGBaA6BNBGA4A/A5A8BBAcAhAWAMAKAKAF
1705508,BSBRBQBTBTBOBMBPBIA/A1AtAhAaAUAOAKAFACBKBNBMBZBWBVBSBOBOBBA5AvAiAdAWAQAKAEAF
1705557,A+BIBMBRBCBBBFBWBaBHBHA6ApAhAaALAMAHAEBEBFBJBdBGBDBGBeBSBHBAA0AqAiATATAIABAC
1705607,BQBPBPBXBMBFA/BCA/A6A/A6AvArAfAUAXAEAABPBMBkBDBRBLBEA+A8A8A8A7AnAiAVAbAMAGAF
1706001,BHBZBRBdBBA8A+BRBIBEBEA6AwAzAgAWALAEAFBOBSBFBMBEBABJBNA/A4A6A2AwAmAXARALAFAB
1706100,BBBFBKBJA8A2A+BKBHBQBDBIA5A1AmARAOAOADA/A8BHBGAzA6A8BEBQBRBIA9A5AzAfASAPAIAJ
1706258,BLBTBABUA/A6BJA1BSBeBKAlA6AsAuANAQAAACAxBTBPA8BHBAA+BQBUBBAzBNA5AoAUAYALACAA
1706506,BTBSBcBWBRBDBGBTBOBCA8AuApAkASAPAOAGABBUBNBTBfBPBFBIBOBIA6AyAvAgAgATANAIAEAD
1707009,BQBSBRBVBUBQBIBQBPA7A1AvAnAfAUAPAHAHAEBPBLBRBVBSBKBNBVBIA+AvAtAnAgAWAOAGAKAH
1707108,BHBGBOBRBEBBBDBIBQBGBBA8A2AsAiASANAHAHBKBIBIBMBBBGBFBMBJA9A5A6AuAmAhASANAEAC
1707207,BJBIBSBRBBA3A5BKBUBUBJBCA4AvAmAbAUAMADA6BCBJA+A2A7A6BNBMA+A9A/AwArAfAQALAHAC
1707306,BJBCBIBLBBBBBMBIBZBIBLBLA5AyAiAcAOAGAFBEBAA/BJA+BFA4BBA9BABDA1AuArAfAWANANAA
1707405,BQBfBbBxBUBEBFBCBBAzAuArAsApAaASAQAFACBNBWBfBcBPA9BIBLA8A2AtAzAuAfAUAPAMAFAC
1707553,BMBVBKBTBMBJAyBMBGBHA+A9AwAkAfASAIALAFBDA+BNBQBFA9A9BNBUBGA3A4AzAuAYAXARAEAF
1707652,A+BIBMBCBFA9A/BDBFBVA+BFA3AxAjAXAQALAHA/BABCBCBCBABDBGBHBLBFBAA1ArAfAYAQAGAF
1707702,BOBPBOBRBMA6A4BKBLBFA+A8A6AsAiAcAOAIAHBFBEBPBMBAA+A9BGA+A9A/A2AxAiAbAaAUAIAH
1708205,BQBIBSBVBLBEBGBLBNBNBBA7AuAkAfASAPADACBHBIBKBTBHBEBEBLBKBDA8AzAsAfAZAOAKAEAE
1708254,BOBLBSBUBXBHBEBKBXBBA5AtAnAmAUAOAEAJAGBPBdBRBaBQBXBIBRBAA2AvA2AlAeAOAOAMAAAG
1708304,BEBIBFBhBHBEBJBKBGBQBPA6AvAlAjAVAOAGACBCBBBFBLBCBDBGBHBMBBA/A7AwAgAiAQAMAEAC
1709005,BjBqBoBiBQBDBCBBBFAyA5AuAjAiAXAQAMAHACBhBlBcBhBPBAA9BAA7AtAqArAgAfAUAPAKAFAG
1709302,BFBEBNBTBRBMBGBQBJBJA8A0AoAgAeASALAHABBCBEBHBNBQBLBGBRBRBHA+A3ArAiAaASAJAKAC
1709500,BFBKBHBJBRBOBMBQBOBEA6AxAmAcAVANAIADAEBDBIBKBMBXBSBUBTBVBIA9A0ApAfAaAQALAFAE
1709807,BHBZBbBcAqAwAuBJBXBXBKA1AsA4A1AQAMAIAIAyA+BUBiA3AwA5BRBEBRAyA3A0AvAZATAKAFAF
1710508,BVBfBiBaBMBEA7BGBDA4A/AwAqAjAhATANAGAHBPBaBVBSBGBCAzBDBIA5AzAyAnAgAfAQAVAIAE
1710706,BKBNBQBhBFA+BDBGBRA9A9A5A7ArAfATAPAFAHBKBGBTBPAzA8BIBLA/A2BAA8AxAkAcAXARAGAC
1710904,BKBJBPBWBJBCBBBQBOBKBBA1AxAnAeAVAXAFACBMBKBUBLBGBIBIA/BGBEA2AsAoAnAbAUANAGAA
1711100,BDBNBMBXBDBHA+BTBXBABIBAAsAeAdASARALAFBEBEBQBMBIBABABRBSA/A6AxApAjAdAZALAFAB
1711506,BGBDBNBTAxA0A+BEBMBLBJBDA9A7AiAgAWAHADA0BDBSBOAxA9A6BJBFBBBKBBA1AnAiAUAPAIAE
1711803,BSBRBJBXBBBDA+BBBTBFA+AzA5AxAaATAOAEAEBGBaBOBMBGBIAyBWBDA6A8A8A0AkAYAVAFAFAD
1711902,BjBdBdBbBZBYBMBTBJBBA2AuAjAXAQAJAHADABBfBUBTBaBTBQBPBMBEA5AvAoAbASAIAKAHAEAB
1711951,BbBjBmBqBVBAA3A5BBA1A5AwArAfAfAQANAAAABZBdBpBjBJBDA6BHBAA1AwAmAqAgALASAGAHAJ
1712009,BWBZBZBMBGBBBMBRBRBAA8AxA3AyAgAQALAJABBDBKBTBLA9BHBKBDBOBCAvAyAnAlAZAPAEAEAD
1712157,BJBQBfBbA3ArAzBQBQBSA/BEA3A7AkAIATAHAABGBBBJBPBKBFA4A7BbBRAsA6AuAaAeARALACAF
1712405,BPBUBdBnBNA7BDA+A5A9A6A5BLAvAjASASAJAHBRBBBZBVAyAzBCA9A3AvA3A+A1AlAcAYAOAHAE
1712454,BFBXBlBfA+BHBIBPBTBCApAyAmAgATAaAVAGAABYBABkBRA5A/BPBLBSA+AqAoA2AgAfAPAHAFAF
1712504,BLBTBZBKBXBMBOBFBPBMBEA1AwAkAaAXAJAFAGBJBHBRBWBKA/BDBIBIBDA3AuAnAiATAKAJAAAB
1712702,BYBPBqBpBgBbBFBaBLA/AtA0AnASASAMADACACBRBKBhBRBlBHBUBKBGA0AxAhAXAZASALAAADAA
1712801,BRBfBlBaBRA1BEBGBDBIA3ArAzAiAfAWAFAEAHBTBWBVBbBMA/BPBCA5A+AvAvAnAjAOARANAHAD
1713205,BEBCBRBUBLBLBABLBOBBA/A0A0AiAbAPALAGAHBDBOBLBSBMBEBGBRBMBDA5AyAvAgAdARAMAHAJ
1713304,BJBKBPBRBJBEBCBRBTBBA+A4A0AgAaAUAPAGAFBBA/BHBSBIBIBGBRBHBIA/AxA0AgAgALALAMAC
1713601,BJBOBUBPA2BDA/BIBOBGBDA6A9AwAlAVAVADACBIBQBSBDA5BBBEBCBCBAA2A5A5AmAcAUARAHAC
1713700,A8BEBVBEA9AwAtBJBPBOBHBOA+AwAwAgAXAHAEA6BZBKBEA6BEA4BOA8A7BJBIAtAmAXAVAGAGAI
1713809,BIBVBeBVBABPBMBQA/A7A3A1AxAlAbAVAPAFAGBFBNBMBRBJBJBHBFBFA/BAAyApAfAcASAOAFAE
1713957,BPBRBSBaBGA/BHBJBQBLA+A2AqAiAkAcANAAAEBNBWBNBTBOBABHBLBBA9AsAyAuAbAbAKAIAGAK
1714203,BNA9BOBQBMBJBNBQBMBCA9BAAxAiAcAVAJAMAFBKBNBIBIBCBGBLBOBDA4A2A2AuAhAhATAQAGAH
1714302,BHBHBYBaBEA1BCBJBJA/A2A6AtAgAhAZAQAMAHBCA/BTBSA8A+BLBLBKBAA6A7AwAnAjAaALAKAI
1714880,BNBVBeBVBKBNBEBJBKA/A9A3ApAjAdAVANAJAFBHBQBRBTBHBGBGBFBCA+A1AxAoAlAaANALAEAE
1715002,BEBRBKBMBCBCBKBGBAA+A0A6A/AxAlAVAWAGAGBKBDBLBJBAA5BIBHBOBDA2BEAwAsAgAPARADAD
1715101,BOBRBeBXBPA+BJBSBEA9A7A1ApAgAZARAHAJADBTBcBTBfA8BCBCBIBCA1A4AwApAnAYAVALAGAI
1715150,AoBABRBPAmAvA3BGBcBWBcBCA2AwAkAaALAQAEA/AyBcBFA3A1BIBRBOBOA+BAAuAnAoASAWACAK
1715259,BVBTBTBdBLBEBHBCBDBMBAAmAnAmAqAaADAAAEBTBUBbBZBLBJA+BQBKA0AtA7AdAgALAXALACAG
1715507,A5BKBzBTBJA+A+BHBOBHA9AuAkAXAcAeAPAQAABsBgBPBFA6A4BBBoBNBHA2ApArAbAPAWAPAAAA
1715705,BJBFBcBYBGBEBCA8BRBMBEBFA1AxAjAWAHALADBEBJBOBUA/A+BHBGA/BEA3A4AxAjAXAJALADAB
1715754,BGBDBLBRBIBAA+BJBXBDBFA1AvArAgAUATADAJA8BABEBNBDBFA9BYBTBBBCA/AuAgAhAYAOAEAF
1716109,BJBRBLBPBQBQBMBNBPBBA6AwAlAdAXAOAKAEACBFBHBFBPBSBUBVBRBKBHA/AzArAdAaAQALAFAC
1716208,BJBQBbBYBDBBBEBSBLBHA+A4A0AtAcAXANAMAEBHBIBOBSA+BBBABDBFA4A7AxApAkAdAUARAJAE
1716307,BdBTBWBJBPBUBCBKBBA9BGA8AzAnAaAQAPAGACBHBTBVA9BHA/BMA+BOA/BCA3AnAaAVARAOACAA
1716505,BQBVBMBUBYBSBJBWBSBEAyAtAnAZAUANAJAFAFBOBOBRBVBNBPBUBOBNBEAsAqAhAaAYAOAKAHAA
1716604,BKBBBFBOA/A7A+BHBHBLBIBGA/AxAkAbAJAKAIBABKBHBEA/A6A7BJBPBKA9A9AvAtAeATAIAMAD
1716653,BIBJBYBTBGBEBCBFBOBKBKBJAwAiAWAaAHALADA5BFBLBOBHA/BCBJBIBNBFA1AqAgAaARAOAEAC
1716703,BMBDBCBWBABHBGBPBCBBBCA3A0AoAlAdAZAIAAA+BGBHBBBRBGA3BOBBBGA8A4A2ApAmASALAHAD
1717008,BKBQBWBeBBBDA7BCBGBEA+BIA3AsAlATAPAGAHBDBRBVBYBIAzA7BGA5A+A4A4AoAoAaAaAIABAI
1717206,BWBRBPBZA6A2BBBIBUBEBSBTA4AuAwANASAGACBDBLA8BAA4A8BFBHBKA9BBA4AtAmASAPAHAFAG
1717503,BWBXBeBJBEBABIBFBHBCBDA6AvAmAgAQARAFACBTBTBMBTBHA9BBBKBOA8AwA3ArAeAWANAKAFAG
1717800,A+BGBLBSA7BJA7BNBJBLBFBAA4A5ArASASAHAFA7BKBKBHA4BEA3BCBDBJA5A4A1AnAeAcAOAHAK
1717909,BUBYBPBeBJBEBFBKBMBFBBA9A3AiAhAVANAGADBIBQBaBQBDBABCBDBAAzAvAyAqAkAWATAMAEAF
1718006,BNBfBZBjBKBLBEBEBBBJA4A0AlAkAZAOAMANAABUBUBbBQBFBABRBLA9A5AtAtAmAiATAWAQAEAB
1718204,BSBSBRBMBLBIBTBRBNBAA2AwAjAdAVAOAMAFADBUBRBMBNBLBSBTBTBLBCA4AxAhAdAVAQANAGAC
1718303,BPBpBoBzBeA8BOBSBHA1AnAmAcAeAWAQAIAFABBTBeBnBpBLBEBUBQA/AwAkAiAgAZAVAMAHACAB
1718402,A/BKBABMBPBCBIBCBCBSA6BCAuAhAYAcAYACAGBABLBGBIBMA9A+A8BVBHBNBAAvAnAhAUARAJAC
1718451,BGBUBNBYBZBMA+BIA+BDBKA5A1AlAkASAQABAAA8BOBWBRA6BIA8BDBGBMA8A4AsAjARASAMAKAD
1718501,BeBMBxBqBVA/BHBJBYBEA/BBA8ApAcASARADAEBLBUBXBSBGA9BAA9A6A1AiAiAcAbAQAQAIACAC
1718550,BIBXBiBcBDA7BKA/BQBGAzA3A3AkAcAXARAKADBGBNBIBSBPBCBEBNBKA5A3AxAvAhAYAPANAEAB
1718659,BZByBRBZBQBDBTBLA9BFAnAiAsAXAYALAQAFAABNBhBQBiBGBYBRBHBKAxA1AnAiAWALAcAMAIAC
1718709,BFBLBYBQA9A/BHBNBRBAA6A6A4AoAbATAOAIAGBYBHBNBWBFBIBEBABHA4A8A+AnAqAhAUAEABAC
1718758,BOBTBOBcBBA3A2BGBMBIBFBGA9ArAmAVAWAMAFBOBDBOBIA8AyAzBFA5BAA8A2A4AlAfAYAOALAC
1718808,BZBXBkB3BWBFBABBA5A4A6AsAjAhAPAUANAEACBPBdBWBiBLBLA9BMBEA6A0A4AlAcAUAGAMADAC
1718840,BEBLBlBdBFA1AxBSBYBKA+A+A1AuAhAbAIAJAFBGA/BJBKA8A1BEBMBLBMA5A4AqAlAeARAFAEAF
1718865,BZBTBMBcBQBKBHBJBJBCA5AvAsAiAYAOAOAFABBRBUBcBZBTBGBRBFBHA2AzAuAlAcATANAKAEAC
1718881,BaBCBkBRA5BFBJBFBDA/A6BQAsAlAoAZADAIAFBGBXBTBJA+BABLBIA5A5A8AzAxAoATARAIAMAG
1718899,BDBEBGBLA9BTA8BBBgBPBGBLA6AyAeASAKAHACBNBQBDBNBBBVA8A8BXBMAyAlAzAeAMAeAHAFAA
1718907,BTBUBWBaBHBNBFBNBDA9BAA0AuAkAYAYAPAIAFBNBQBRBRBJBABKBNBEA0AxArAqAjAaATAMADAI
1719004,BxBYBbBYA8BMA7BIA/BBAuA/AqAlAZAQAKAIAGBYBfBdBOBEBRBCA2A/A4A3AnApAeAVASARAHAA
1720002,BHBZBRBbA/BBBHBIA+A9A6A7AvAsAOAXAWAQAGA7BYBgBOA4BKBDBGBVA2A+AuAtAbAsAVALAAAC
1720101,BUBdBVBpBVA+BHBQBJA8A4AzAqAfAaATAMAHAABSBXBTBYBHBIBBBKBEBAAvAlAkAdAWAQAMAFAB
1720150,BfBIBpB6BKBGBUBBBCA+AwA1A6ARAQANAMAAAABXBgBnBrBMBBBGBIA+AtAuAiAWAeAMAHAIAOAL
1720200,BYBZBUBZBQBNBGBKBMA+AyApAjAfAZAPAJAEADBKBaBTBaBSBLBKBTBNA5AvArAqAdAWAOAFAIAE
1720259,BUBVBFBFA8A8BDBBBEBFBBA8A3AxAqAkAMAFAIBGBEBTBKA2A7BHBPBLA4AxA+A1A1AZAQAPAEAG
1720309,BOBgBjBtBEBABABRBSBAA4ArAkAkAVAOAGACAJBSBNBaBdBKA/BEBTBHA4AuAzAoAdAWAKAHAHAE
1720499,BABOBMBRA6A4BABRBIA9BJBDA3AvAuAbAPADAHBABTBGA+AyA+BHBGBHBLA5A2AyAvAkATAOAGAL
1720655,BTBPBYBYBAA6A/BNBJBCBBAvAsAiAgAVAMAJALBCBUBZBUBBBCBHBGBDA6A8AsAtAmAfAVATAEAD
1720804,BOBUBWBcBLBOBJBTBHA2AyAsAqAoAUARAIAKACBEBcBLBaBPBIBRBOBCA5AwA0AiAjAbAQANAEAD
1720853,A7BVBVBPBQA8BCBNBZBGBAApArAxAoAaANASAABEBDBLBMBKAsA8BLBbBMAyA2AjAvAfANAHALAC
1720903,BBBFBOBWBQBJA/BPBMBJA8A4A1AoAdAVANAIAFA+BKBGBOBLBCBEBPBPA/A8AyAsAkAZAXAQAFAE
1720937,BNBNBWBgA+BABGBWBXBEA4A5AyAjAfASALAMAGBgBYBJA7BDA/A5BOBCAyA+AjAmApAWARAOAIAL
1720978,BkBAA3AtA3A8BUBTBLBIBJBDBBA3AXAhARAKACBLA+BHBFBEA6BFBIBYBMApBCBBAiAPAIANALAC
1721000,BNBOBMBPBgBcBWBSBOBAAxAnAcAUAOAIAFADABBJBLBKBRBiBiBcBdBZBGA1AqAfAWAOAJAGADAC
1721109,B4B7BvBbBRBOBEBAA8AwAkAkAiAYATAPAHAEACByByBsBgBLBIBGA9AzAwAhAlAkAUANAJALAFAF
1721208,BSBWBaBVBOBPBHBNBFA5A1AoAkAcAWAOANAFADBOBWBPBSBPBMBMBPBMA5AzAxAnAiAbARAPAGAG
1721257,BGBTBcBMBGBOBPBaBFBMBAA5AqApAeANAQAIAABRBOBIA9BGBLA9BIBIA+A9AzAuAjASARAGAGAA
1721307,BLBDBVBOA9BCA7A5BKBFBBBLA/A3AnAQAVADAKA5BCBSBJA/A1AwBGBQBFBKBJAxArAUAUANAFAF
1722081,BTBTBaBaBOA/BABEBMA+A4A1AlAjAhAPAIAJAEBPBKBRBbBLA+A7BVBMBFA2A0ApAkAZARAOADAB
1722107,BKBNBXBVBKBMBKBOBNBCA9A0AoAZAWAOAJALABBQBLBIBOBFBNBPBJBLA8A9A5ArAhAVAUARAGAB
2100055,BQBRBSBeBTBMBPBVBMA6AxAuAhAYAUALAIADABBLBQBTBZBRBSBSBWBRA+A3AxAiAaAUALAKADAD
2100105,BgBsBxBpBOBKBFBLA7A0AtAmAiAbARAIAMAFADBYBjBcBwBRBRBEA+A+A0AhArAjAYAVAKAGAEAG
2100154,BRBNBcBjBNBJBJBKBIBDA3AyAiAeAZAWAPAFAFBJBMBQBdBPBKBKBNBGA4AyAwAgAfAZAPALAHAF
2100204,BDBHBZBjBPBCBABMBLA+A5A2AtAnAeAUAQAFADA/BHBTBTBCA8BJBRBNA6A6A3AwAmAZASAOAGAG
2100303,BeBhBxBvBPBCBBBGBAAyAoAmAmAcAUAOAFAEAFBbBYBqBnBUBFBKBKA8AxApAuAkAaAUANAJADAE
2100402,BOBNBRBgBVBIBPBJBIA5A3AxAvAcAZAQAMAEAFBOBJBNBWBQBAA/BKBQA6A8A4AqAeAaAUAHACAO
2100436,BUBWBjBnBVBHBGBIBBAzAtAmAkAdAUANAKAHABBPBRBbBjBWBLBQBUBHA2AwAvAmAbAUAOAKAGAE
2100477,BWBcBsBvBQBDBBBJBCA0AuAoAhAdAZAQAJAGAFBXBZBhBjBMBDBEBKBHA3AuAnAlAdAYAQAIAHAC
2100501,BRBVBeBeBaBVBUBSBEAyAxAsAoAjAYAPAMACAABPBTBZBkBQBJBKBFA2AzAoAtApAgAVAPAJAGAE
2100550,BaBgBnBvBfBNBNBJBAA0AlAjAkAVAUAQAKABADBaBbBnBhBdBMBLBKBBAwAoAjAdAXAQANAGAFAB
2100600,BqBmBxBqBZBGBDBFBBA0AtAlAfAZAUAOAJAEAEBjBjBlBnBTBBBDBFA9AxApAmAcAWASAMAKACAC
2100709,BGBPBWBVBTBJBKBWBPA9A1AuAnAiAaATANAGAGBEBOBRBLBMBKBQBSBKA8AvAvAmAhAYASALALAG
2100808,BUBUBbBtBZBJBMBNBFA1AuApAhAaAWAOAIAEABBMBNBaBkBYBOBQBRBDA8AtAqAiAdAWAOAIAFAG
2100832,BQBWBcBjBeBYBSBWBEA9AuAsAhAeATANAJAFAABOBVBVBXBTBRBOBTBCAyAyAnAiAYASALAIAEAD
2100873,BQBWBfBhBVBGA+BSBDA6AxAtAhAgAYARAMAFAFBQBWBeBiBWBFBJBLBGAyAvAtAiAeAZAPAMADAD
2100907,BLBRBYBgBPBFBLBRBKBBA0AxAnAhAaATANAGAFBFBJBVBXBNBFBOBNBFA4AwAvAkAhAZATANAHAH
2100956,BcBlBzB1BaBJBEBIBDA2AqAmAdAZAUANANACABBgBcBlBqBWBDBGBDA9AyAoAkAdAYARAOAKAFAB
2101004,BIBKBTBbBTBMBLBLBJA9AyArAoAhAaAPALAIADBIBNBOBWBQBJBNBUBPA+A5AwAnAhAZAPAKAIAG
2101103,BGBYBVBsBVBMBKBJBKA2AwAoAfAeAYANAKAGAGBBBSBWBgBRBOBKBSBKA5AxApAjAeAYAOAVAKAD
2101202,BLBRBVBcBUBGBFBOBLA3AvApAgAZAVAOAIAFAEBIBLBQBfBVBKBQBbBOA9A3AzAmAkAaASANAGAG
2101251,BUBXBbBeBQBMBRBRBLA4AuAnAmAYARALAHACADBMBTBbBbBVBSBWBbBNA3AtArAgAaASAKALAGAC
2101301,BRBWBXBYBWBSBKBTBDA5A0AqAnAjASAUAKAFAFBIBPBVBVBIBGBPBHBCA6A4AtAqAjAXARAQAEAI
2101350,BDBNBQBeBJA9BGBOBMBGA1AuA3AqAfAaARAKAGBDBGBNBdA9BBBMBPBGA6A1ApAqAmAXAUAQAPAH
2101400,BQBSBZBZBiBaBWBQBGA4ArAnAcAVAPAJAGADACBQBUBWBcBnBfBUBTBIA5ArAlAhAXAQALAHAEAD
2101509,BLBIBPBVBVBLBRBQBMA9A3AvAnAbAdAJALAFAEBFBGBKBMBPBSBQBXBMA7AyAzAqAiAcATAPAKAF
2101608,BTBWBbBfBPBKBFBJBCA4AvAsAkAdAXARAJAIADBRBUBXBeBSBMBIBOBHA6AyAwAkAfAZATAMAHAD
2101707,BUBdBtBxBcBPBLBOBGA0AqAkAfAXARALAIACACBRBXBiBqBVBRBPBRBFAyAoAjAbAVARAKAJAEAC
2101731,BvBwCDB2BoBVBHBHA5AwApAeAdAVAMAIAIACACBfBlBxBpBfBRBGBAAvAoAhAdATARALAJAFADAD
2101772,BaBeBeBkBXBHBBBRBCAyAwAgAiAbAZAPAJAEADBUBMBaBiBaBKBHBQBKA6AqAoAlAeAXAPALAJAD
2101806,BKBKBLBcBLBPBLBKBDA6A9BDA4AjAZASALAJAEBHBSBFBRBDBHBIBDA2A6BDA5AxAiAcATANAFAI
2101905,A5BFBUBYBGA+BCBUBOBCA5A3AvApAgAaATAFAGA/BBBMBRBFBBBLBSBKA+A3A4AsAoAdAWAJAMAK
2101939,BJBMBMBaBLA9BOBCBTA+A4A1AzAeAbAVAMAHADBhBFBHBPBSBCBBBLBHBBA9A0ApAfAhAVAMAHAF
2101970,BiBtBpByBbBJBEBDA3AwAtAmAkAZASARAEAFACBSBhBpBwBRBHBEBNA8AyAsApAgAWASALADADAH
2102002,BWBfBqBlBUBEBBBLBDA1AvAoAiAdAYAQANACADBXBcBeBgBSBEBEBKBGA0AtArAiAfAYAQAKAGAD
2102036,BjBlBqBuBWBDBFBOBFA6AsAlAhAbAWANAJACABBdBeBpBlBQBGBLBNBBAtAlAlAdAXAQAKAGAEAB
2102077,BLBKBZBiBXBGBIBPBLBDA3AsAlAeAcASAJAGAFBLBGBMBhBWBFBEBMBIA9AzAvAlAjAZAQAOAFAD
2102101,BOBRBjBuBYBCBGBQBHA3AsAoAhAfAXARAJAFAEBNBOBcBmBSBEBHBQBFA0AsAsAjAfAcARANAHAF
2102150,BTBVBfBuBnBOBKBMBDA6AyAwAhAeAVAMAIAEABBXBVBdBmBTBIBDBNA8A2AzAlAcAbASALAFAFAD
2102200,BiBgBrBtBgBKBEBIA9A0AlAlAgAbAXANAJAGACBaBeBiBnBaBGBFBEA5AvApAnAfAbAXAOAKADAH
2102309,BNBZBgBlBQBABCBFBEA3AxAsAoAjAZASAOAGACBNBUBdBdBMBDBEBGBEA4AyAwAqAjAgASALAKAH
2102325,BXBmBsByBTBFBCBDBFAzAoAjAdAbAXANAKAGACBSBTBtBqBWBLBKBUBDAxAsAkAfAcAVANAIAEAB
2102358,BTBaBgBjBIA/BABHBMA6AyAuApAhAcAUAMAIAGBMBPBbBdBEA8BGBNBHA8AwAuAoAlAfARALAHAE
2102374,BgBkBxB0BUBKBKBIBEA0AuApAfAaATAOAJAAAHBQBVBmBuBRBJBLBJA7AuArAjAcAWASANAJADAE
2102408,BABOBcBmBWBCBKBUBIBAAwAwAlAgAWARAMAKACBDBIBgBoBRBDBPBSBFA3A0ApAlAbATAQAOAKAF
2102507,BSBnBkBkBNBHBFBNBFA7AsApAnAcAZAQAGAJACBVBcBcBdBLBHBIBKBCA0AuAoAoAgAXAMAKAGAF
2102556,BSBWBXBmBNBJBLBKBMA9AyAwAmAZAWASALAGABBTBNBWBWBNBOBOBTBDA/A2ArAiAZAXAPAIAFAC
2102606,BVBcBhBfBUBMBPBOBLA6A0ArAkAcAUAQAJAGAABaBUBhBcBLBIBMBSA+AxAtArAfAYATAQAJADAC
2102705,BQBWBVBnBkBSBLBABEA1AzApAiAeATAMAIACAGBNBSBVBrBtBPBJBIBFAzAvAsAjAaATAKAHACAG
2102754,BLBQBXBXBNBIBFBWBKA5AuArAtAfAYAOAKAIADBHBSBgBVBQBGBJBQBKA6AvAyAoAkAcAVALAGAG
2102804,BMBQBeBdBRBFBLBIBBA6A5AzArAjAaAUAQAIABBDBLBTBQBKBCBKBIBEA5A3A0AqAkAcAWAQAIAF
2102903,BYBcBlBiBTBKBRBOBKA3AvAqAiAZAUAOAHAFACBVBSBXBcBcBMBNBVBEA2AqAoAiAXASAKAJAGAD
2103000,BJBNBYBdBRBFBHBJBHA2AwArAlAcAXAPAKAFAEBHBLBUBbBTBKBOBRBMA+A3A1AsAlAbATAOAIAF
2103109,A/BBBWBaBVBDBHBOBQBHA8A4AvAiAbATAPAKABA9A9BRBRBKBHBHBUBHBEA2A0ArAgAZATAPAIAH
2103125,BhBcBnBqBMBBBGBHA8A7A3AwAiAiAZASANAFAEBLBMBRBjBKBJBHBOBAA3AwAlAlAgAZAQAJAEAI
2103158,BrByBoBtBiBPBLBFA5AyAlAlAbAUATAMAHACACBlBlBrBxBRBRBMBGA6AqAjAhAYASAOALAIACAB
2103174,BtBwBqBqBjBXBHBCBCAxAqAkAgAXAPAMAAALADBkBeBbBpBeBOBGBDA5AuAkAiAcATAPAMAFAEAA
2103208,BTBTBjBoBUBJBLBLBBAxArAkAhAZAWAOAMAEABBNBSBiBkBYBLBTBPBCA2AsAsAkAfAYAQALAGAE
2103257,BQBMBfBnBSBHA9BOBNA9AxArApAkAcATAOACAEBVBIBXBdBJBBBIBNBJA4AyAsApAjAWARAMACAE
2103307,BOBTBfBeBQBEBFBIA/AzAvApAmAeAXAQALAHACBLBRBcBeBQBKBLBOBIA3A0A2AsAjAcAUAMAHAG
2103406,BPBTBiBnBMBFBEBKA/A0AyAsAmAgAZARAKAGACBGBPBcBkBIBIBMBLBFA5AyA2AsAlAZARAOAHAD
2103505,BQBSBaBcBVBQBIBKBBA3AsApAkAcAUAPAMACABBNBWBaBfBZBRBPBIBGA5AwAxAnAgAWAQAJAGAH
2103554,BZBmBlB0BcBIBIBKBKA8ApAjAeAbAVAMAJACACBZBZBgBoBUBHBFBKBGA1AmAjAfAdAOAKAJAFAB
2103604,BPBVBdBiBRBBBGBIBEA3AvAsAoAfAXARAOADABBLBPBWBbBRBGBMBNBGA6AyA2AsAiAbASANAHAD
2103703,BMBNBTBZBTA/BEBRBHA+A6AwAuAlAbARAOAHAEBKBFBMBVBKBBBDBPBEA8A7A0AvAmAZAVANAMAH
2103752,BUBXBYBXBXBSBVBPBLA4AwAjAeAeAWAOAIAIADBMBVBLBYBcBOBOBTBIA2AtArAlAfAXAOAKADAE
2103802,BFBPBXBWBQBLBFBLBKA5AyAuApAaAVAQALAFADBIBNBTBWBNBKBNBQBKBCA6AxAqAjAeAUAKAKAG
2103901,BSBXBgBxBdBIBHBJBCAuAzAsAeAcAVAQALABAFBQBXBbBsBVBLBHBKA7AyAvArAiAcAYARAJAFAE
2104008,BRBWBRBbBTA5BGBbBDA2AxAuAkAcAVAVAOAGAGBTBIBOBZBSBHBEBIBKBCAxA2AoAlAdARAOAJAG
2104057,BRBTBfBaBTBJBKBVBJA+AyApAhAYAYAPAJAHABBMBQBaBWBTBQBUBVBIA7AvArAfAcAWANAJAEAD
2104073,BPBPBdBpBYBJBGBGBKBBAzA1AnAjAdASAMAHACBQBMBRBgBSBIA8BABHA4AuAsAkAfAUAUAKAFAG
2104081,BvBqBrBvBmBTBIBKA+A1AmAkAcAVAPAJAIAEACB1BmBoBcBaBKBBBDA6AsAgAgAcASAQAJAJABAC
2104099,BKBVBhBmBfBTBNBKBHA/A7AtAmAeAWAPAJAIACBKBQBYBeBWBPBGBLBBA1AtAkAgAXAWAPAJAFAB
2104107,BLBWBVBZBZBSBLBXBFA9AvAtAnAeAUARAKAFABBLBQBWBeBZBPBTBPBBAzAvAsAfAcAZAOALADAC
2104206,BVBhBkBlBOBEBCBCA+A8AzApApAfAdAUAOAEACBOBUBdBXBHBEBGBCA7A6AzAzAlAmAdAUAMAIAF
2104305,BZBaBYBWBUBWBcBZBIA8A6AmAhAaATAMAIABAEBaBZBeBPBIBWBZBVBBA1AoAlAcAUAPAKAGAFAC
2104404,BKBYBaBdBMBFA9BHBMA6AwAvAoAkAdATAJAHAEBPBLBaBaBQBEBEBFBGA5A3AzAsAiAeAUAQAGAF
2104503,BLBUBSBUBfBKBJBSBGA4ArArAlAfAbATAJAJABBHBMBYBZBVBPBIBJBFAzAyAvApAjAfAVARAEAE
2104552,BWBXBWBgBZBJBOBNBGA9AyAsAfAgAVAPAJAGACBLBTBdBUBRBLBMBTBIA7AzAqAiAdAYAOAEAHAC
2104602,BUBRBZBgBTBHBABIBHA9AtAqApAjAZAUANAHADBRBOBYBYBQBBBDBDBGA5AzAvAsAnAbATAPAIAH
2104628,BLBUBYBtBUBBBCBLBOA7A2AuAnAiAdASAKAGAEBNBTBRBTBNA/BEBKBJA7A2AwArAiAZAOAIAKAC
2104651,BLBPB2BnB+BMBOBNBHA4AsAhAeAaAUAMAFACAHBIBJBXBrBnBNBQBMBCA0ApAiAdAXARAOAGAFAB
2104677,BYBbBmBpBeBJBJBSBEAwApAmAhAaAVANAGAHAABVBZBbBmBXBHBQBPBEAyArAqAkAaARAMAJADAD
2104701,BOBSBZBdBFBBBJBFBMA2AxA6AqAaAgATAOAHAHBKBHBTBOBJA7BKBGBKA5A4A0ArAlAkAdAVAHAF
2104800,BhBeBiBkBYBVBHBPBAA1ArAjAeAWASANAJADAEBZBhBiBfBXBRBLBLBBAwAsAmAfAUATALANABAD
2104909,A8BIBPBXA8A7BEBTBOBEA7AwAyAoAfAVAVAFAHBEBCBJBDBAA+BIBTBKBDBEA4AvAqAfAZAOAQAH
2105005,BdBcBnB5BeBQBDBIBBA3AwAlAeAcAVANALAFACBTBaBnBzBPBGBDBHA8AxApAiAeAXATALAJAFAE
2105104,BOBVBeBuBbBSBMBHBKA2AyAoAjAbAWAPAIAGAGBPBTBhBkBXBLBHBGBAA1ArAnAgAbAUAOAMAIAD
2105153,BWBeBvBqBQBIBGBMBAAxApAkAhAbATANAKAEACBWBZBmBiBRBPBQBMBFAyApAqAkAcASAMAJADAG
2105203,BGBHBPBcBSA9BEBPBOA+A6AxAoAhAbASANAHAEBKBIBKBYBIBEBKBPBNA8A2AzAuAlAgAWAUAEAF
2105302,BIBMBMBRBZBRBPBQBLA9AxApAhAYASAMAHAEACBIBLBHBRBfBXBWBYBSBCA5AyAoAfAXAPALAFAD
2105351,BjBqBpBuBWBKBJBFA9A3AsAnAiAZATAPALAHAABlBkBjBeBQBJBFBIA7AvAqAqAaAXASANAKACAB
2105401,BTBYBfBgBQBFBOBQBFAyAqAoAjAaAUAMALADACBRBYBdBdBTBNBWBVBGA1AvAsAjAdAWAOALAGAF
2105427,BPBPBXBWBPBIBMBPBIA/A0AwAmAdAYAQAHAGADBLBLBSBXBUBNBOBPBKBCA2AyAlAeAXAPAIAEAD
2105450,BUBVBUBnBbBOBFBIBMA7AtArAkAeAaANAMAAAGBMBUBYBeBVBJBNBCBLA6AvAsAoAcAWARAHAFAF
2105476,B5B0BzBrBYBKBCBLBBAxApAhAWAQAPALAIAFADB3B2BoBmBXBHA/A9A/ApAjAcAWAPANAPAJADAF
2105500,BMBWBXBfBYBLBKBMBHA5AuAmAfAeAYARAMAFACBJBRBTBeBUBMBMBSBKA9A1ArAlAeAaARAKAJAC
2105609,BXBWBgBdBOA+BGBTBKA8AvAsAoAeAaARAOAEAEBTBRBbBWBHBLBEBLA/A7AwArAqAdAdAVAMAGAC
2105658,BXBbBmBbBUBNA/BBBNAyAwAsAkAhAUARAIAEAEBWBeBmBWBMBNBEBQBCA8AsAmAiAfAYAPAIAIAC
2105708,BRBVBXBgBWBMBGBKBBA7AvAqAlAbAVARAKAFAEBNBPBXBcBXBMBKBOBFA5A0AxAnAgAYASALAGAF
2105807,BPBGBYBqBPBCBGBHBDBEAyAxAvAlAWAPAKAGADBEBPBVBbBNBJBJBFBHA+A3A5ArAfAXASAPAEAD
2105906,BTBbBhBqBQA/BFBHBGA4AwAlAjAgAVAQAGAGADBVBYBbBpBXBDBGBNBLA0AqAtAkAfAZAQAIAFAD
2105922,BPBLBQBeBSBNBGBNBGBAA3AzArAgAVASAJAGAFBHBaBVBcBMBFBLBSBCA3AtAxAlAiAYAUALAHAD
2105948,BHBSBOBXBOBCBEBPBMBAA2AyAsAiAdASALAHAFBFBEBPBUBKBKBBBRBJA+A0A6A0AkAcAVAKAHAK
2105963,BgBnBnBmBYBJBFBQBDA5AtAmAkAbAXAMAIAFADBYBXBeBeBSBJBMBIA/A0AvApAdAZARALAIAFAB
2105989,BSBOBgBeBKA+BIBNBNBHA3AzArAjAZAWAQAGAFBPBLBPBYBFBEBKBLBIA5A1AwAjAcAVASALAGAE
2106003,BFBOBTBXBMA7BNBPBIA0A1AsAtAhAeATALAHADBKBHBTBaBJBFBNBUBHA1A3A4A0AmAeASATAIAD
2106102,BGBfBOBgBfBQBOBNBFA3A0AuArAdAYARAPAEADA+BWBYBXBaBKBNBCBAAyAzAsAoAgAbAQAJAFAH
2106201,BZBPBXBbBVBPBUBTBSA6A1ApAhAhAWALAMACACBPBXBUBXBNBMBbBLBFA9AvAiAeAaASAOAKAGAE
2106300,BPBTBaBiBJBGBDBNBJBFAyAzAjAiAdARAIAMABA9BLBUBaBMBOBIBQBFA+AzAwAnAgAdATAKAJAD
2106326,BjBiBpBhBTBFBIBKBDAvAqAhAbAXAUAOAIAEACBmBlBkBlBZBKBUBMBGAvAqAmAeAXATALAHAEAE
2106359,BgBqB3CJBhBNBMBHBNBBAuApAfAXATAJAIACABBVBVBhBVBRBHBEBGBFA1AoAfAWARAQAFADABAA
2106375,BhBsBvBqBaBFBOBIBCAtAoAjAcAVARAMAIAFAEBhBjBpBmBXBMBQBIA/AqApAiAcAXAQALAFAFAC
2106409,BYBWBlBtBXBIBKBLBFA0ApAiAiAfAVANAMAFACBRBXBiBkBRBLBQBQBAAxAmAsAhAdAVANAKAGAG
2106508,BKBWBYBcA9BOBHBPBFBEA9AqAhAoAVAUAHAHABBTBdBOBWBIBDBEBRBGBBA0AuAxAdAVANANAKAF
2106607,BWBZBkBsBTA/BBBGBEA0AtArAnAfAaARAKAHACBUBUBgBkBQBEBDBJA/A0AuAtAoAgAaASAKAFAG
2106631,A7BpBWBpBxBdBNBCBGA8A2AmAdAbAOAJAHACAAA2BoBWBjByBiBJBNBAA7AxAiAdATAMAIAFADAB
2106672,BTBTBuBzBaBDBDBQBIA9ApAmAkAdAZAPAOAFABBMBSBiBiBWBEBDBIBHAwArAmAfAhAZAMAJACAH
2106706,BQBVBcBkBVBOBPBGBGA/AyApAmAfAbARAHAHADBMBQBZBYBUBLBCBIBCA3AuAwAmAgAbAOALAIAC
2106755,A+BRBaBhBjBOBRBcBLAzAzAmAhAWAUAMAGACAEA3BJBVBjBfBVBZBdBNA0AyAqAkAbAUAMAHAEAE
2106805,BNBTBTBeBQBDBDBLBMA7A+AvAnAgAbASAPAEADBOBKBRBWBRBJBIBSBIBAAyAuAnAeAWAQAMAIAH
2106904,BaBiBpBuBMBKBCBHBAA0AqAnAiAdAYANAJAFADBaBdBiBnBQBHBFBMA9AzAvAmAjAhAVANAHAIAC
2107001,BQBhBaBfBRBEBABFBFBCA/AxAkAjAaAXAOAGAFBNBRBRBPBRBCBDBDBGA9A2AvAmAgAZASAHAGAF
2107100,BVBZBmBzBeBKBQBCBEA/AtAiAhAbAUAPAJADADBQBYBkBjBRBHBNBIBJAzAqAjAfAXAVANAJAGAD
2107209,BQBbBnBoBcBGBGBJA5AtAzAoAcAWARAJAGAEABBKBVBjBmByBTBjBWBPAvAqAmAeATARAKAHABAD
2107258,BPBZBgByBYBHBHBOBAA/AzAxAmAbAYAWALAJAEBIBMBaBnBDBKBBBOBDAwAsAqAmAbAZAPALAGAC
2107308,BABCBeBRBdBDBABRBMA7AwAxAmApAlAXANAGAIBFBKBTBYBEBFBFA/A7A1AzA3A2AmAoAYAPAMAH
2107357,BPBSBdBoBVBDA/BGBHA6AvArAkAgAYARALAGADBRBPBfBnBQBIBIBUBFA0AvAsApAdAYASALAEAE
2107407,BFBFBRBXBYBGBDBMBPBBA7AvArAfAaAOAIAGAGBABKBLBUBQBJBKBNBQBCA4A1AuAkAdATAPAGAD
2107456,BNBYBgBrBSBJBHBPBLA6AuAoApAdAVAOAKAEADBMBLBTBgBNBHBMBcBAA0AsAvApAdAWAQASADAD
2107506,BKBQBMBLBNBOBRBdBTA8AzAnAeAXAQAIAGABABBJBMBLBOBTBXBhBnBcBGA5AvAlAdATALAHAFAC
2107605,BRBbBWBYBLA+BPBZBSA0AxApAlAfAUAQAKAGAABLBWBOBVBPBEBSBbBPA5AvArApAfAXAQAKAKAF
2107704,BNBSBRBOBNBKBRA/BOA+A4A1ApAeASAPAOAGAABABLBTBcBGBCA5BfBFBCBDA/AlAmAaAXAHAHAG
2107803,BWBaBdBhBPA9BCBJBGA5AuAvAnAiAZARAOAEADBVBWBZBeBNBABFBKBCA6AxAxAoAjAaASAHAJAH
2107902,BTBbBcBaBOBDBHBIBDA3AyAtAlAdAYAPANAHADBJBXBTBZBQBNBABMBEA8AxAwArAoAbATANAGAI
2108009,BLBQBXBhBZBOBHBKBAA9A5AuAmAdAVASAMAFAEBKBLBgBXBLBVBBBPBBA7AwAvAkAfAeAQAQAFAH
2108058,BjBbBtB1BWBLBJBJBAAwAuAmAfAZAVANAJAGACBYBVBkBnBVBQBSBDA+AqAmAoAfAWARANAJAIAE
2108108,BWBVBcBrBRBHBABOBGA3AuAqAlAfAWAPAKAGADBOBVBYBiBTBLBHBOBCA3AxAyAlAfAWARAIAFAE
2108207,A9BHBRBVBNBHBCBMBMA9A0AwAlAeAZASAJAHADA9BEBPBWBMBIBNBTBRBEA+A5AxAnAgAYAQAIAF
2108256,BaBcBrBpBPBCBHBLBDA1AsAmAiAXAXAOAIAGAFBbBjBqBgBQBEBMBSA/AtAtApAgAYAUANAHAEAG
2108306,BiBhBeBkBPBDBCBJBBA3ArAlAjAcAYAOAMAFABBZBgBjBcBMBMBEBLBCA3AsAqAkAfAZAPAMAHAE
2108405,A7BKBTBaBEBCBHBSBKA/A7A5AvAkAaAWAIAKAFBBBFBLBUBGBCBLBRBPA7A7A4ApAkAaAVAQALAG
2108454,BUBXBmBqBSBBBBBFBJA5AsAtAjAcAZAPAHAGADBIBUBdBgBTBEBKBLBDA1AyAyApAiAYAPALADAH
2108504,BNBXBeBkBPBFBEBJBGA4AtAnAhAZAWANAKAEAFBLBTBfBjBSBKBQBTBLA8AvAsAnAfAZAQALAJAF
2108603,BOBMBVBVBQBKBIBNBHA6AxAqAiAdAUAPALAEAEBNBMBWBTBVBRBXBVBJA+A4AyAoAgAWARAMAGAG
2108702,BIBVBgBmBSBHBIBKBJA7AwAnAhAdAWAOAJAEAGBKBNBbBhBTBEBJBRBPA6AyAwAkAhAaAPANACAF
2108801,BIBLBdBqBWBSBnBTA5AyAtAoAhAaASANAGAFAEA+BJBeBqBkBHBdBSBCA0AsAsAkAaAVANAOACAF
2108900,BFBGBWBZBIA7A/BMBQBDA4A5AwAjAgAVAPAGADA+BBBQBUA/BBBCBRBMBHA7A5AuAoAhAVAOAEAL
2109007,BQBRBXBVBQBKBOBSBIA6A1AuAiAbAXALAKAGAEBQBKBOBVBRBRBVBTBLA9A1AwAiAcAXAPAMAGAD
2109056,BGBABfBkBCA3BCBMBLBHA8AwAzAsAjAUAQANADA9BKBMBLA6A+BGBUBHA6A6A2A1ApAcAUAQADAJ
2109106,BKBQBVBPBSBOBLBOBKA6AxAsAmAcAVAPAHAGAEBNBMBPBWBTBUBOBVBMA6A2A0AqAgAYAQAKAGAG
2109205,BiBfBrB6BWBMBIBLA+A2AtAkAjAWATAJAIAGADBgBXBYBnBVBIBLBFBAAvArAjAhAZARAMANADAC
2109239,BIBaBZBiBdBMA5BUA9A0AzAqApAeAYANAPAFAGBJBVBRBcBbBABOBQBIA2AyAsAjAjAaAPALAHAF
2109270,BaBoBtBkBPA9BGBGBBA1ArAmAdAcAUAPAOAFABBaBhBlBjBPBIBMBGBCAzArAoAlAZAWAPAJAMAC
2109304,BYBbBtBrBRBFBMBSBIAwAmAeAbAdAUAMAKACACBUBlBvBqBGBPBWBVBDAuAiAhAhAXAVAKAIAJAC
2109403,BdBYBqCBBdBSBFBGBEA7AvAoAfAbAXAOAJADAFBZBbBhBlBQBDBEBCA7AwAqAiAeAZAVAMAGAFAF
2109452,BVBVBXBWBbBKBNBRBPA8AxAmAcAWAOAKAGADABBQBRBZBYBdBVBUBdBXBAAyAqAdAWAPAKAGAEAA
2109502,BLBPBcBeBXBKBGBMBIA+AzAxApAiAdAVAMAIACBRBLBWBYBMBBBGBFBDA5AwAvAnAiAZASANAJAC
2109551,BNBSBoBfBHA7BGBJBBBHAxA5AnAnAcAVAKAHACBNBTBWBUBBBGBPBDBOA+AzAzAoAfAWANAKAIAB
2109601,BKBSBcBcBPBHBQBTBGA1AyAoAhAcASANAKAEADBLBMBYBdBQBRBVBVBMA6A0AuAoAeAXAQAMAHAC
2109700,BRBTBjBbBUBPBGBLBCA1A4A+ApAoAYASAMADACBJBPBGBZBRBEA/BEA5A3A3AuA0AdAWAUAVAFAF
2109759,BNBYBcBnBbBVBPBMBJBBAwAqAjAgAYATAKAEADBUBSBOBfBVBGBMA/A+A9ArAvAgAdAVALAKAGAB
2109809,BJBXBgBhBdBIBNBKA+A1AtAiAhAcAWAPAJAFAEBJBeBcBgBfBQBUBQBFA0AsAnAkAeAYAOAJAHAD
2109908,BMBQBRBcBYBIBFBMBLA4AwAnAgAbAUAOAJAFACBJBMBUBaBYBQBNBXBPBBA2AuAnAiAaAQANAGAD
2110005,BWBbBqBrBTBDBABHBDA2AsAnAkAeAYARALAFAEBRBXBiBhBRBEBJBLBGA2AtAqAlAdAWAQAKAEAG
2110039,BZBZBcBgBGA/BTBRBUA2AtAjAYAZAiAPAIAGAFBDBdBLBmBSBGBdBPBIAvAnAqAjAvAWANASAEAB
2110104,BUBVBfBnBdBIBCBGBAA5AtAoAhAfAWAOAHAHAFBMBRBdBjBZBMBIBKBEA3AtAvAlAeAXARAMAEAH
2110203,BRBdBdBdBTBTBWBOBIA2ArAkAdAZASAMAHAHAEBNBXBcBTBWBUBVBVBGA4AuAoAgAaATANAMADAE
2110237,BQBVBpBiBNA9BFBMBCA9A3AkApAeAXAUAOAIACBRBVBhBcBOBLBNBLBHAzAtAmAiAeAZAUAKAJAD
2110278,BcBeBlBmBlBPBFBKBGA2AvAkAeAZAVAOAKADADBdBYBlBnBdBGBGBNA+AzAqAhAcAXARAMAHAGAC
2110302,BKBOBXBZBVBQBGBMBJA8AzArAkAdAbAQAIAIAEBDBRBUBPBOBRBPBNBHA8A3AzAqAhAcASAJAFAG
2110401,BYBfB0BxBfBOBEBFA/AxApAkAbAZAVAQAIAFADBWBbBmBqBZBKBHBGA9AvAmAhAjAZAVAPANADAF
2110500,BJBiBLBTBMBHBGBLBLA9AzApAiAcAVAOAJAEACBSBnBQBSBQBNBQBRBQA+A0AtAmAfAXAQAOAGAF
2110609,BKBWBbBhBVBGBFBSBFA8AyAsAhAdAUAQAMAJACBIBOBWBlBQBLBQBQBHA3AtAuAiAeAaARAKAGAK
2110658,BOBXBbBgBbBbBHBGBKA2AyAsAiAbAWAQAHAHABBbBZBeBcBTBNBOBBA9AzAtArAmAZAYARAIAGAE
2110708,BPBWBbBbBVBFBEBLBIA/A0ArAjAcAaAQAMAGABBPBQBVBbBMBIBKBLBLA9A0AwAlAeAbAUAOAFAC
2110807,BBBDBSBTBWBHBGBOBJBBBBA+AwAoAdAbAHAMAABKBKBYBQA6BEA8BIA4A9AzA8AuAsAgAZANAIAC
2110856,BLBVBaBjBQBFBJBKBLA/AwAuAnAdAYAQAOADACBWBPBaBXBSBHBCBSBMA9AyAqAfAiAWARALACAG
2110906,BPBQBOBZBTBPBCBHBGA7A3A2AmAmAeAVAOAHADBLBJBMBSBOBCBEBHBFA5A2AyApAqAeAXASAFAH
2111003,BFBEBWBfBQBEBIBPBKBBA2AtArAgAaARALAKAFBEBMBSBWBLBFBKBXBNA8A1AzAjAiAdATAPAHAF
2111029,BbBYBwB8BZBEBABGBEA0ArAnAkAbAVAOAFADAFBbBcBsBtBYBEBABHBGAxApAmAdAXAOALALABAE
2111052,BMBLBXBfBPBKBFBNBOBEA7A3AnAgAaAZAMAHAFBIBNBUBRBDBHBFBPBKA4A1AvAlAcAdASAMAFAE
2111078,BOBWBnBvBZA3A7BCBDA2AwAoAnAhAbAUAMAGABBUBcBkBnBPA/A+BEBCA3AtAvAqAiAaAQAMAGAG
2111102,BHBMBSBUBNBIBFBHBDA7AxAyAsAhAbAPALAJADBCBJBQBQBOBLBJBOBOA/A2A3AzAmAeAYASAKAG
2111201,BKBPBMBOBRBSBWBZBMA8AzAnAcAUAMAHAFACABBIBLBKBPBaBfBlBnBZBFA8AuAiAYAQAKAIADAC
2111250,BQBUBfBjBNBHA/BLBCA8A3A1AkAiAcATAKAFAFBRBKBOBYBIA+BEBLBDA+A4A0AkAjAcAWAOAKAC
2111300,A9BEBEBIBUBRBPBRBMA7A1AsAkAcASAMAHAEACA9BABCBMBaBYBaBfBZBJBEA6AwAlAZARAMAHAE
2111409,BEBSBYBsBSBABCBIBHA2A5AwAkAhAaASAKAEAFBIBIBcBeBNBJBGBOBIBBA0AuAqAkAaASAMAFAF
2111508,BQBVBbBeBTBEBKBIA/A1AxAtApAeAYAQALAFADBIBRBZBaBRBMBNBLBEA5A3AzApAiAbARAJAJAF
2111532,BXBkBZBiBPBOBLBOBBA5ArAqAnAfAWASALAEACBOBnBNBUBTBSBMBKBBA1ArAuAnAcAVANAHAEAF
2111573,BWBNBPBaBmBfBgBYBMA+AzAlAfAdAQAVAQACAABMBQBIBdBdBPBVBMBJAuAtAiAgAUATALAKABAC
2111607,BSBWBXBjBTBTBPBLBAA0A0AyAlAfAYAPAMADAEBEBPBRBdBSBMBQBIA/A1AyAvAlAfAaAQAQAHAD
2111631,BWBPBYBzBXBUBOBNBKA9AuAtAgAlAYASAGAFABBQBOBRBfBRBIBABGBGA2AuAxApAZAVAOAIAFAD
2111672,BQBVBrBtBUBIBCBRBNA8AxAnAgAcARARAJADAIBOBLBNBrBMBEBSBRBNA2AvAxAcAfAYALAHAGAB
2111706,BPBLBSBbBNBIBNBNBKA8A2AtAqAiAYATAOAEAEBGBLBXBRBJBKBRBQBBA+A2AxApAhAZASARAKAC
2111722,BVBUBiBuBcBMBKBQBJA4AyAtAeAcATAPAIAIABBGBPBUBjBZBOBNBIBGA5AsAqAfAaAUANAJAGAD
2111748,BcBZBeBqBWBIBLA9A9AwAvAsAlAeAZARALAFACBfBTBUBlBOBQBGBABBAzAwArAiAhAbAPAIAMAF
2111763,BQBPBbBhBQBGA+BFBEA6AwAsAkAgAdAUALAJADBNBQBTBmBRBCBFBJBKA4AzAwAnAlAdAVALAIAG
2111789,BeBUBpBoBVBCBEBFBMBEAvAtAnAmAYARAJAEAEBTBTBWBeBMA+A/BIA/A2AuAtAmAgAVAPAJADAJ
2111805,BSBbBcBdBUBHBJBPBMA/A5AwApAgAaATALAGADBMBSBUBVBKBEBGBIBDA4A0AsAnAdATAPAMAEAF
2111904,BQBZBYBfBQBLBLBLBDA9AuA0AuAfAZATAMAGAEBDBMBWBYBQBFBEBCBAA0AyA5AsAhAcASAMAJAI
2111953,BEBOBVBpBVBNBHA9A3A+A5A6AwAlAaAUAMAKAEBIBNBTBVBFA7BABBBDA1A8A6AqAjAhAaAMAMAI
2112001,BcBYBlBnBUBVBQBMBHAxArApAkAgAUANAIAGABBSBZBnBeBSBKBJBMA/AzAlAnAeAdAUAMAKADAE
2112100,BWBbBnBkBQBDBKBFA9AzAuAqAnAhAXAOAIAHACBPBaBfBjBVBKBIBIBBA3AtAvAoAeAXAPAIAIAE
2112209,BRBQBRBTBWBLBPBSBLA6AwApAgAYASALAGAEACBOBMBOBQBWBQBWBYBSBDA3AyAmAfAYAPAKAGAF
2112233,BLBPBVBSBMBDBLBTBMA6AtArAiAdAVAQAOAEABBLBJBOBeBSBMBTBZBLA+A1AwArAhAaAUAPAGAC
2112274,BNBaBqB/BiA0A8BDBJA0AyAkAjAbAXAWAJAFAHBQBWBjBlBKBDBDBNBBA1AwAkAgAeAZATAPAFAE
2112308,BLBTBcBfBSBIBDBPBKA8A1AuAmAiAbASANAJACBIBOBSBXBLBHBKBLBIA7AxAwAqAfAbAUAOAEAE
2112407,BUBdBiBmBZBIBIBHBCA2AtAlAgAZAUANAKAEAABVBgBkBmBgBRBLBOBEAwAqAkAhAYATANAMACAC
2112456,BVBkBjBtBjBRBRBJA+AvAkAaAYAXAPAKAHADACBdBpBrBlBlBRBVBQA/AxAkAeAcAUAOAJAGAEAE
2112506,BcBWBYBvBXBJBJBABBA2AuAuAiAZATAUAKAFACBXBXBfBfBSBPBQBYA9AwAzAqAfAbAWANAKACAD
2112605,BZBhByB0BiBXBGBMA+AtAoAhAcAVAQALAIABADBbBYBoBwBdBLBOBKA8AtAlAjAaAXAQALAHAGAE
2112704,BdBiBmBnBWBHBLBKBAAzArAkAgAYAVAOAJAEACBUBgBfBkBXBIBNBOA/AuAsAnAhAcAVAOAKAFAF
2112803,BaBdBYBcBRBFBEBLBGA5AwAoAiAbAWAOALAFADBVBZBUBYBSBLBJBPBKA5AxAtAkAfAYAQALAIAE
2112852,BWBcBbBkBVBEBCBQBHA0A2AtAlAeAYAPAOAEACBXBZBeBbBKBJBHBNBEA4AwAoAkAdATAQAHAFAD
2112902,BPBSBdBfBLBABHBRBEA6AtArAoAhAXAPALAFADBNBRBcBbBQBIBOBSBFA9AxAwAnAgAZAPAMAGAH
2113009,BKBNBUBcBZBEBBBNBGA9A1AvAnAeAYATAJAJAEBIBMBOBYBQBGBCBMBPA+A5A3ApAiAdASAPAHAD
2114007,BSBOBdBjBTBLBFBFBGA3AqAsAlAfAWARAKAFAEBOBWBZBeBQBHBMBQBNA4AxAyAiAeAZARAJAFAI
2200053,A+A9BMBVBIBJBRBMBWBLA+AyAwAnAjAUANAFACA/BHBDBMBOA9BJBTBKBEA/A0AsAiAdAYALAHAC
2200103,BCBABDBCBEBDBBBCBHBGA/ArA0AqAiAeARAJAFBFBBBDBFBJBIBDBNBHA+BDA+AxAtAyAgARAOAG
2200202,BDBQBNBOBOBGBBBIBKA+A0AsApAeAbARAKAHAGBJBDBKBPBYBIBIBVBQBDA3A3AvAnAhAYASAIAG
2200251,A4A7BABSA/BCBRBIBUBDA+BBA3ArAlAaAOAGAEA3A6A7BIA/BCBWBKBPBEA8BIA6ArAlAbAIAGAE
2200277,BDBGBPBXBFBHBPBGBEA7A9A8AvAeAfATAQAIADA8A7BPBFBGBFBUBQA9A9BFBKA0AjAgARAUAJAC
2200301,A4BBBFBNBKBEBFBMBMBJA4A8A+AwAjAWALAGAHA9A4BCBGA/BCBCBNBLBGA6A9A7AtAlAXAPANAK
2200400,BKBGBNBLBVBRBUBTBMA6A1AvAoAgAZAQAJAHAEBEBGBGBMBMBLBQBWBPA+A4AyAtAlAcASANAIAF
2200459,BEBKBiBkBTBLA/BNBSA7A3AsA1AcAbAVAKAEAEBHBJBZBeBBA9BCBNBLBGAsAzAnAiAaARAJAKAE
2200509,BOBTBbBOBDA/A5BHBJA5A1A1AsAgAgATANAKAGBLBMBNBLBGBCBDBJBGA/A4A7A0ApAmAaARAKAK
2200608,BABEBABaBHBJA+BIA6A4BAA3A4AsAkAbAQAGAGBAA7A9BHBBBHA+BNBBA8BHBFA3AyArAdAWAOAG
2200707,BEBLBVBVBRBHBNBJBPBLA6AtArAaAaAXANADAJBIBRBKBMBEBIBNBQBMBDAzAwAmAcAbAWAPAIAE
2200806,BPBOBKBZBIA+BGBWA/A6AtA8AxAtAjAaAOAFAEBPBMBIBGBHBBBIBDBFA3AxA4AzA2AbAdANAGAF
2200905,AyA7BGBDA8A1A+BKBRBWA/A7AxApAqAcAQANAHAvBCBHBUA+A1A4BUBRBNA6BAA/AuAtAbARAOAH
2200954,A4A5A5BKBWBJBPBHBEBFBNBEBBApApAgAQAFADAxAyAwA2BEA7BCBFBNBBBNBJA3AYAvAkAfANAC
2201002,BEA8BMBlBSBNA+BFBBBABDA+AsAqAWATAMAHAFA9A+BKBNBGBFBHBDA3A+BABFAsAtAjAgAPASAF
2201051,BPBJBiBsBMA/BBBKBSA+AxA0AlAdAaATALAJAFBABTBWBdBCA8BABIBLBFA3AwAwAeAeAQAOAFAD
2201101,BMBNBQBXBHA3A8BJBMBKBGA1AvAkAeAWAMAGAGBFBEBNBTA9BEBFBKBKBAA8A4AtAdAkAaASAIAE
2201150,BjBeBcBhBeBaBSBVBFAyAuAnAcAYANAKAFAEADBgBWBYBhBiBVBRBOBCArAmAjAcAWAPAKAFAEAB
2201176,A6BABCBQA+BEAyBNBOBHA4A1AvAlAmAWALAMAIA2BLBRBMBIBAA7BaBWBDA7A6A3ArAmAdAPALAN
2201200,BLBQBWBXBUBGBNBOBMA7AyAvAnAfAbAPAGAJAGBIBLBNBUBPBHBOBRBJA8AyAvAoAiAdAUALALAF
2201309,BRBABRBmBYA+BJBXBHA7BCA3ApAiAaAXAMAGADBTA4BNBiBbA+A+BNA6AyAtAwApAjAdAWAXAGAC
2201408,A+BQBIBQBSBABGBIBHBCA0AvAwAhAcARAMAIAFBFBFBPBNBJBHBBBTBGA6A5A/A5AqAnAYANAOAG
2201507,BCBIBMBUBQBGBGBTBLBAA2A3ArAkAfAUAQAGACBABGBHBPBLBLBKBRBMA/A2A0AvAkAdAUASAMAC
2201556,BOBEBHBHBYBIBKBTBKBVBCA9AsAdAYAPARAHAAA2A+BEBWBSBXBCBEBIBEBEA7AqAgAXAWAEAFAC
2201572,AzA6BOBEBOBKBIBFBXBNBBA+AqAfAkAVAKAIAGA0BABNBUBFBQBIBNBOBLA6A8AvAbAiAbAIAKAH
2201606,A6BEBNBPBKA7BBBVBQA9A1A6AvArAoAbAOAGAHA8BABHBMBGA7A7BSBPBBA3A0A3AwAnAeAVAMAB
2201705,BDBVBOBdBMBPBHBOBQA9A4A4ApAfAYAUAPAFADA/BBBOBTBKBDA4BPBNA9A2AzAvAiAbAaASANAH
2201739,BVBFBcBaBXBEBFBKBIBKA8AyAnAcAZAUAIACAGBLBJBWBbBKBABKBOBGA7AzAxAjAeAfAXAJAIAE
2201770,BKBCBVBfBXBEBGBZBMBBA6A1AnAkAcASAPAFABBBBIBSBXBMBGBKBTBOA0AzAuApAcAaAUANAFAE
2201804,AxAsA/BFBCA0A6A+BRBOBHBFA3AjArAkAdAEAHAuA4BEBAA9AzA5BRBQBHBJBIA6A4A0AkAaAQAD
2201903,BVBSBQBaBdBRBVBVBTA9AqAjAcAYARAMAGAGACBQBOBQBaBcBYBTBaBMA7ArAoAdAZAUANAKAGAD
2201919,BFBDBRBYBUBFBKBgBSBJA7A1AuAjAbATALAIAFBBA9BNBPBZBIBHBNBHAzA7AxAmAfAaAPAJAEAF
2201929,BHBSBJBPBPBRBBBMBOBIA7AzAoAhAfAWAPAJACBDBFBKBKBPBNBJBFBEA+A6A0ArAnAhATAQAGAD
2201945,A8BQBOBaBFA8BEBRBQBBA0AuAqAjAjAZAKAKAEA5BLBOBUBABKBJBgBQA5A0A1AxAoAeAVARAHAF
2201960,A/BCBHBKBMBGBJBWBNBEA8A5ArAmAfAVAQAIAEA6BJBGBKBKBIBOBQBOBEAwA3AxApAdAWAPALAF
2201988,AzBGBDBOBJBHBFBUBFBbBGA7AwAgAgAUAPAIADA/BBBHBOBMBDA5BOBPA+BJA1AvAhAcAcAOAMAE
2202000,BMBOBVBUBOBLBJBUBGA9A2AwAnAdAdATALAGACBKBJBLBUBQBGBQBRBJA+A0AzAnAhAfAUAJAJAD
2202026,BGBFA9BXBbBSBNBFBMBEBEA4AuAeAdAUARAQADA9A8BBBPBaBKA+BDBGA+A4A4AqAhAdAUAZAJAC
2202059,A6BDBIBSBQBFBOBTBLBAA9A2A1AqAdAUALAHAHBAA7BHBIBIBMBHBRBMBBA7A2AvAnAhAWAOANAD
2202075,A4BBBPBgBLA/BNBUBQBFA5AxAjApAiAYAPAFADBABEBJBPBGBJBSBNBDA8AzA1ApAnAkAYANARAH
2202083,BMBBBJBPBXBSBLBXBXBNA7A0AiAcAbANAQABABBLBFA+BKBQBNBIBZBMBGA0AtAkAgAYAXAOAHAE
2202091,BABABPBTBbBQBJBEA9BKBIAvAoAfAVAZATAJACBBA6BHBQBWBIBKBDBNBIA2A3AvAeAfAbASAKAG
2202109,A5BCBZBhBIA8A+BHBLBPBAA7A3ArAkAVAIAMAAA+A2BCBIA6AvA+BZBDBEA/BFA5ApAqAYARAKAF
2202117,BBBABbBMBVBRBEBZBZBLA7A0AuAdAWAUARADADA/A/BFBOBSA7BWBDBNBCAyA+ApAfAbAVAPAHAC
2202133,BJBDBQBLBJBNBMBRBKA8A6A6AsAeAgASAOAFADA6BCBIBLBPBLBdBMBIA7BBA4AwAnAcAVAJAEAE
2202174,BJBZBmBtBaBUBIBLBGA4AtAoAmAcAaAMAKAGABBQBOBcBxBPBMBOBHA8A0AqAqAjAcAUANAIAGAC
2202208,A6A+BBBHBNBFBIBNBMBBA8A4AtAkAcAVANAHADA4A6BABFBLBJBLBVBVBLBFA/A1AuAkAZASAIAJ
2202251,BDBJBQBRBSBAAzBKBJBFA7BHAxAuAlAWAMAMAIBFA6BDBWBFAyA7BFBPAwBBA0AvAtAlAeAVAJAL
2202307,BBBCBEBRBOBDBBBNBNBHA6A2AwAiAfAWATAGAEBDBBA/BOBMBKBCBMBSBDA5A4AzApAhAaAOAIAJ
2202406,BABDBLBcBPBABDBJBRA7A4AxAmAqAdAVAJALAFA8BHBMBSBKA/BPBUBTBCA3AzAwApAfAZASAIAD
2202455,A+BFBTBZBFBFA/BGBbBLBPA/AtAhAjASARAFAFA/A3BLBVBIBDBCBOBIBEAxAqAtAhAaAgAOAKAG
2202505,BRBNBPBaBVBRBOBOBMA/A4AvAoAeAVARAIAHACBNBPBOBWBQBNBNBJBHA7AxAqAlAbAcAUAJAKAF
2202539,BABKBOBQBQBRBOBHBPBFA2A6AqAfAfAXAIAJADBKBABQBaBOBMBKBLBDBBAzAvAqAgAaAXATAEAD
2202554,BEBCBIBcBTBMBIBQBiA+A0AzArAeAWAZARAGADBHBQBQBOBLBVBKBDBHBIAyAqAkAdAbARANAJAF
2202604,BCBJBSBUBMBCBFBJBGA/A3AyAsAoAgAXASAIAFBABGBMBHBFBDBDBGBDBCA+A7A4AsAlAaAOANAI
2202653,BKBPBPBcBYBNBSBQBXBAAxA1AnAgAWATANAFABBGBOBWBUBWBWBKBPA9A3AuAsAfAiAVAQAKAEAC
2202703,BIBKBRBhBXBPBMBSBKA/A3AyAjAbAbARALAHADBEBFBOBdBSBNBMBMBFA5AyAyAlAfAaAUANAIAE
2202711,A1BGBIBfBMA5A3BTBKBIA7A1AzAtAhAWARAHAAA4BBA/BQBNA9BFBVBTBCBAA7AwAuAdAbAPAJAD
2202729,BKBIBLBSBOBTBJBRBMAxA6A+AoAkAYANAKAIABBNBGBBBTBWBMBVBYBCA6A+A8AnAdAdAQAIAGAE
2202737,BBBNBbBWBNBLBEBHBVA5A7A7AxAlAfAVAHAIAFA9BHBJBPA9BMBDBOBKBBAyAwAzAmAdAVALAMAE
2202752,BFBGBVBaBOA9BLBIBJBBA2A3AoAfAdATAPAGAGA7BFBZBNBOBDBPBPBGBBA5A5AwAhAWAZASAFAJ
2202778,BBA7A/BQBSBLBJBOBIBFA7A1AxArAjAVALAHAHA4BFBCBFBNBBBBBLBKBBA7BFA2ArAlAWAVACAM
2202802,A8BHA+BMBNA6BJBBBHBSA7A6AxAnAlAiAMAIAIBHA8BEBEBGBBBHBVBIA8A4A/AvArAoAYASAMAI
2202851,A5BPBFBIBTA9BDBNBaBQBBBHAyAgAsAeANAEAGAvA/A/BJBBA/AzBMBPBEA/A3AwAfAnAgAVAJAE
2202901,BQBMBPBcBYBMBIBTBLA+AyAwAoAcAbAPAMAHABBMBKBRBZBTBLBIBNBKA6AuAuAnAfAYASAJALAG
2203008,BLBSBbBgBVBEBCBKBLA/A8AwAuApAiAVAJALAHBKBMBYBUA/A8A9BDBAA7AwA0ArAfAhAVAMAEAI
2203107,BPBNBWBYBPBOBMBGBMA+AwAyAkAiAaAQAPAEADBRBTBUBQBKBMBKBHBFA5A0A0AjAjAdAUAPAEAH
2203206,BNBNBLBfBZBCBABNBJBDA2AvAqAnAcARALAJAEBJBMBUBcBFBABDBOBIA4A1AxAqAmAdAVAQAFAG
2203230,BPBKBXBlBWBQA+BOBPBCA2A0AsAlAfAWALAGAGBLBIBbBQBEBCBCBGBAAwAxAxApAmAcATAIAHAE
2203255,BNBSBZBrBCA/BEBGBQAwA6A1AsAlAdAZANAGAABQBSBNBKBEA5BEBRBEA7A1AvAxAmAiAUARAHAF
2203271,BDBTBYBhBWBTBWBHBKA+A0ArAjAaAZAPALAFAFBWBMBVBeBaBLBLBDBCA/AwAvAgAaAVATAJAHAC
2203305,BMBNBJBPBKBQBRBWBNA7AxApAiAcAZAPAMAGAABLBNBJBMBMBNBWBZBUA/A0AwApAhAfAWAPAEAG
2203354,BLBMBJBGBUBNBJBJBKBEA5BFAvAgAjAVANAJAEBKBGBABLBFBDA/BABBBBA6BAAvAhAfAcAQAMAH
2203404,A3A3A/BKBHBOBFBOBIBHA/BAA3AlApAVAKAIAEAxA8A+BGBFBIBGBGBNBNBMBDA4AwAoAXAMAIAG
2203420,BDBOBbBNBRBMBNBKBGBFA1AzA0AhAfAXAQADABBABIBZBLBRBDBEBABFBCA1A1AtAgAeAWAPAIAE
2203453,A9A9BGBUBSBGBEBNBTBLBHA+A7AjAhAaAOAJAGA6A2A/BUBCA7BKBABIBDA+A6AzAkAgAZAPAQAB
2203503,A5A2BCBMBEA5A5BMBPBLBAA7A0AnAjAbATAHAEA1A9BDBDBBA4BDBSBLBKBCBFA6AvAtAeAbAMAJ
2203602,A7A+BKBXBABFBABSBIBLBHA3AyArAfAeAMAMAJA6A4BBBIBBA2A+BGBKBEBBBAAxAqAoAfAUAPAK
2203701,BGBNBRBQBUBOBQBZBKA1AsAvAhAiAaAQAIAFAGBHBHBOBKBTBKBbBZBFA5A5AzAoAnAcARAOAGAE
2203750,BWBIBWBYBJBDBOBLBBA5A6A+AyAgAeAcANAJAFBJBRBMBRBGBIA/BCBCA1A3A4AnAkAeAUAMAKAJ
2203800,BIA+BYBVA+A5A/BTBMBFA2A4AwApAnAWAUAJAEAzA/BWBNBHBEA9BOBNA8A/A6ArAtAiAbAVAJAA
2203859,A2AuA/BVBOA5A5BFBBBLBABHA8AmAwAiARAJAIAuA5A5A0A+A/A/BBBRBKBUBGA+A1AtAhAWAJAC
2203909,BABFBIBKBRBOBNBPBJA9A1AuAnAdAXAQAJAEAGBABDBEBMBPBSBTBYBRBEA9A5AxApAhAVAOALAI
2204006,BCBABKBQA9AzA5BQBGBAA1AuA/AxAlAdAQAGAMBBBBBBBJBFA0A3BRBJA8BCA+BGAqAuAcAQAUAN
2204105,BJBOBSBGA/A0A9BPBAA4A2AvA1AwAsAbAPAMAHA3BABNBNA+BABBBIBLA1A2A9A9A1AoAiAUANAN
2204154,A5BJBRBMBGBHBEBQBHA/BHBAAsAYAjAVARAHAEAxBEBEBPBSBCBSBMBaBAA7A7AuAiAkAXAAAKAL
2204204,A7BEBOBRBPA8BFBJBXBGBDA9AzAgAjAVAPAIACA0A5BGBGBCBFBKBJBKBOBCA8A0AgAnAaALALAC
2204303,A0A/BKBOBOBLBNBCBEBDBBA+AwAjAeAWAJAKADA6A6BCBFBKBDBQBOBJBMBFBFAyAoAkAaALAOAF
2204352,BDBFBHBUBQBHBJBLBCBDA2A7A1AkAjATAOAFAFBCA7BLBFBPBFBKA/BOBEBDBIAzAeAcAbAMAHAD
2204402,BSBSBdBcBQBNBKBHBEA8AvAvAoAjAbARAJAFAGBRBXBSBTBPBLBIBNA8A4AuAuAnAkAaAVAKAGAF
2204501,BBBKBUBKBKBIBLBRBLA8AyA5AoAhAaASAQAFAFBHBHBMBIBCBIBUBTBJBBA9A0AwAlAiAXAMALAI
2204550,BPBNBVBpBRBOBKBbBXAxAyArAmAZAVAOAIACAFBLBJBXBeBLBUBMBRBMAxAwAqAoAaAdASAHAHAA
2204600,A9BGBKBUBKA9A6A+BRBABABDAuAlAhAZARAGACBBBABOBOBHBDBEBPBRA4A9A/AxAmAnAeARACAH
2204659,BIBLBNBXBXBUBLBOBSA/A2AvAjAhAZAQAIAFAEBEBEBNBYBRBLBMBKBSBAA1ArAoAfAcARAEAVAC
2204709,A5BFBGBSBJBDA/BIBOBDBABAAwAiAhAXAUAIAEA0A+BEBLBMA/A+BLBNBHBGA6A2AnAmAbAMAQAH
2204808,A9BBBGBUBRBBBDBCBNBFA/A9AtAjAeAVASAFADA7A7BGBQBOBDBBBFBJBLBBBEA2ApAgAZAMAJAJ
2204907,BEBOBRBbBCA+BIBJBIA/A4A1AtAiAXAZAOAHAIBABcBNBWBFBJBCBKBCA8A4A7AsAgAgAdAQAKAE
2205003,A7A7A9BIBMBCBBBHBMBKBGBBA1AuAoAcATAIAEA1AzA7A/A/BABBBGBKBHBJBKA5AvApAeARALAF
2205102,A8A+BCBVBHA8A/BQBPBJA8BBAzApAkAbANAHAIA4A+BKBMA/A8BDBLBIBCBCA+A1ArAlAbAYAJAC
2205151,A8BHBHBHBFBCBLBABHBRBDA+AxAvAeAVAPAFAAA3BDBGBEBHBGBMBMBPBNA+A/A2AlAeAUAOAJAH
2205201,BGBFBMBPBLBFBFBLBMA9A4AvAtAhAgAUAPAHADA+BEBOBOBNBHBHBPBPBHA8A5AwAlAhAZASAGAG
2205250,BKA/BUBPBGA4BFBGBABDA/BKA1AkAfAYATAHAFA6BDBKBOA4BDBGBFBBBHA9BFAtAsAdAaAZAKAI
2205276,AxAyA9BPA/BIBABJBQBRBOA+A4AtAvAcAbAPADApAzBMBJBHAwA9BDBNA6BEBBA1AzAqAdARAMAJ
2205300,BDBDBFBQBMBTBLBKBDBABCA5A0ApAcAVAVAIADA6BBBGBMBHBHA9BGBAA7BEA8AwApAlAgAOAKAI
2205359,BFBLBWBIA7BEBHBXBaBJBHBDA7AkAiAUANAEAABCA/A3BLA9BJA8BJBKA9BBA7AxAeAcAZAIANAG
2205409,BHBJBSBYBXBUBMBSBIBBA4AzArAgAYASANAHACBMBGBMBZBTBKBKBNBDA5AzAuAnAeAbATANAGAD
2205458,A/BHBcBgBMBGBUBXBJA1AuAxAmAiAbAOAOADAIBLBLBaBWBGBMBSBPBLA3AtA0AoAhAaATAKANAA
2205508,BIBJBNBRBOBJBKBWBMA9A0AtAoAgAaASANAGAEBIBGBLBOBPBJBTBYBPA/A1AyApAhAcATAPAIAF
2205516,A6A+BTBfBeBcBEA+BIA8BUArAnAfAdARAWAOAGBJA8A7BJBVBHA/BDBKAzA8AvAxAoArASAVAKAG
2205524,BSBZBTBbBSBHBEBQBRA/A9A0AyAhAYAWASAHAEBKBIBCBOBEBJBEA+BCA5AtA1AnAhAcAYANALAG
2205532,BYBKBRBcBFBCBLBQBdBHBBA4AqAjAcAYALADAFA8BBBIBIBGBBBNBOBJA4A4AyAiAgAcAcANAJAE
2205540,BJBNBWBZBWBEA1A/BJBHA2AsAuAoAsATAKAMAEA/BIA/BNBLBGBIBDBKBCA6A6A1AlAlAXAIAHAJ
2205557,A9BNBOBpBWBGBHBPBKA+A5AvAqAfAaAXAOAGAEBBBGBKBYBJBNBFBPBGBCA2AzAmAbAiAWASAFAF
2205565,BGBFBQBRBUBRBQBeBOBEA4AwArAeAcAWARAEADBDBGBDBKBQBVBGBKBMA5AzAxAiAeAaAcAQADAD
2205573,BFBKBNBWBMBHBGBGBIA9A9AxAuAgAfAQAUAGABBEBGBMBjBMBOA9BIBMBDA6A2AqAgAfAYASAKAB
2205581,BRBOBSBPBNBKBGBWBPBEAxAxApAhAjAUANAGAEBGBIBPBNBDBLBNBSBAA7AzA3AnAoAaANAQAKAF
2205599,A9BFBQBPBIA2A6BNBPBFBDBBA5AqArAVARAKAGA0BABJBHA+A5A6BBBSBCA5BGA5AuAsAVAQAFAH
2205607,A5A4BNBcBFA9BABCA2BHA8A1A7ApAeAaAYAFAEBBBEBPBPBEA6A/BLBLBHA5A6A7ArAqAcAXAIAM
2205706,BEBGBSBXBQBRBMBTBOBEA5A0AlAgAcAQANADABBDBFBLBPBNBQBPBVBIBBA1AzAnAfAaAQANAFAE
2205805,BCBMBVBcBMBFBQBYBGA8AxAsAoAlAZAVAMAHAFBABGBOBSBGBGBSBZBDA7A1A0ArAnAdAUAQAIAF
2205854,BLBRBaBiBSBLBYBLBHA5AzAuAkAdAUAPAGAHAGBIBRBXBkBOBMBRBSBFA2AsAtAhAbAWAQALAIAE
2205904,A7BCBMBRBKBKBKBVBUBHA5A5AyAmAhAUATAGAGA3BABGA/BMBFBBBKBLBFA0A9AuAnAkATAPANAG
2205953,BXBTBeBYBcBKBWBDBBA1AzAwAiAYAPAOAIAJAGBNBKBOBPBmBVBQBHBGA7A3A0AnAdATAPAIAKAB
2206001,BIA+BaBRBGBEA8BLBEBHAyA9AoAmAVATAQAIAEBABKBVBSBCA/BCBSBDA9BCA6AvAsAgAdAXAJAJ
2206050,ArA7BKBfBLA+BLBSBUBIA1A1AxAmAmAaAXAIACAyA4BCBUBJA8A8BUBWBFA5A3AzAnApAfAOAIAH
2206100,BPBYBhBZBGBJBGBKBEA6A2AsAjAhAbAVAIAJAFBOBMBRBeBHBNBKBSBCA3AwAwAoAiAfAUAJAIAF
2206209,BTBZBeBgBUBMBJBJBDA0AqAvAmAhAaARAKAHAEBQBUBVBYBTBHBKBLA/AyAtAvAoAkAcASAKAHAH
2206308,A0BFBeBkBJBPBABEBdAmBCAxAyAjAYASAPAHAGAzBTBSBaBYBIA7BJBKBcAlBCAfAiArALADAJAA
2206357,BDA/BMBQBPBEBLBSBFBABAA9AyApAlAQAPAJAGA4BEBEBNBMBJBEBABKBEA5BBAzAhAfASANAJAI
2206407,A/BCBGBJBFA9BBBOBJA/AzA3AtAjAlAZATAGAFBBBKBKBJBOBDBJBWBJBCA7A6AwAmAoAeAVAOAG
2206506,A0A9BNBUBPBDBMBSBMA+A4A6AzAqAdAUAPAGAIA4A+BABOBFBFBNBSBHBDA9BCA6AiAnAUANAKAG
2206605,BOBRBdBhBQBLBBBNBFA+AyA4AmAjAVASAIAFACBXBaBUBeBIBIBFBFA/A4AvAxAmAjAaARAMADAE
2206654,BMBZBlBgBFA8BCBJBMBABFBDAwAmAcAQAMAHAFBOBNBNBSBAA8A4BBBGBAAzAwArAgAYAVAJAOAD
2206670,BMBOBRBbBXBGBHBaBAA7AvA2AsAmAcATALAEAFBEBPBCBSBQBOBKBRBIA2AzAzApAlAaASAQAEAE
2206696,BIBIBYBrBTBNBKBOBQA9A3AuAkAiAeAQAIAJABBKBMBVBaBZBMBFBTBEA3ApAuAgAcAYASAIAJAC
2206704,BOBABQBOBBA3A+BEBMBGBCA9AzApAjAaARAGAIA6A6BMBPBAA4A7BFBDBJBCA8A1AsAvAdASALAI
2206720,BPBVBbBNBPA8BFBJBHA8AvA0AvAnAeAUAPAHAEBOBRBUBPBEA/BPBOBJAxAzAzA0AjAgATAOAKAD
2206753,A7A9BGBQBNA/BDBVBOBMA3A5AtAyAjAbAYAGACA2BBBCBEBBA6BLBNBQBDA7A6A3AoAiAbARAOAF
2206803,BLBXBTBlBaBSBIBKBJA1AuAqAmAgAXAQAFAGAFBJBUBVBcBPBPBNBKBDA4AsAwAiAfAeATALAJAE
2206902,A5A5BEBSBLA/A9BMBVBGA+BAA1AoAgAVATAIAHA0A8BABPA7A/BBBNBKBFA8A7A7AtAuAcAVAOAJ
2206951,AzA+BKBMBHA2A5BQA9BMBGA2AyA5A3AaATAHAEA5BFBEBMBAA0BCBUBbA/AzA9A4AtAyAXANAGAD
2207009,A+A9BPBTBPBFBGBKBMBEA4AvAqAfAYATALAHAEBAA/BGBSBRBLBKBUBPBJA9A4AvAlAiAYAOALAI
2207108,BKBKBXBcBNA8A0BJBLBCAwBAAfAoAmAdAKAAAJBIA9BIBKBhA2BDBRBUA9A7AtA5AmAcAVAOAKAG
2207207,A+BHBBBGBCBBBDBKBDBGBCA7AzAkAeAYAQAFAFA8A9BGBGA/BSBBBMBJBVBLBCA1AlAmAZAOAJAG
2207306,BKBHBRBZBWBRBEBHBQBAA4AvA3AgAaAXAOALAAA+BCBFBOBNBEBABKBEBCA2A6A2AdAgAXAPAKAD
2207355,AyAtBDBTBKBAAzA5BPBcBPBJA6A1A0AfAOAGAGAyA7A+A/BCAtA6BVBDBMBDBAA6ApAlAaAXAJAK
2207405,BJBMBPBQBYBQBCBQBMBHAxBBAuAqAZAUAOAIAGBIBCBaBSBCA9BHA/BFA7A6A4AoAhAeATALAJAD
2207504,BLBRBcBcBGA5BABJBHA9AvA0AvAkAbAUAOAIAEBMBKBSBWBMA/BFBGBKA6A2A3A0AjAeAWASAHAK
2207553,A4A8BEBPBMA9A9BTBQBMBIBEA9AhAcAfAJAQAIA6A6A7BBBEA7BJBGBMBMA7BJA1AlAjAcATAFAD
2207603,BQBPBfBmBZBLBJBKBFA+A2A0AxAkAcAOALACAHBXBIBYBaBJA/BDBDBAAwAsAyAnAfAZARAOAFAH
2207702,BEBEBHBNBQBNBOBOBKA/A3AwAlAcAWAOAJAEADBDBDBDBLBTBSBTBZBUBFA+A7AsAjAeAVANAHAI
2207751,BCBIBWBXBgBEBVBIBPA5AtAuAsAiAbASAIAIAEBBBIBKBTBUBSBIBNBIA8AvA4AtAkAfAPAMAHAH
2207777,A2A5BBBPBGA6A9BRBPBMBGBAA8AyArAfAPAJAFAoAxA5BKA9A8BIBGBSBIBABGA4AsAlAgAQAOAF
2207793,BDBABRBbBSBFA8BCBOBHAwA9A+AvAlAeAGAHACA7A9BHBJBRA8A6BHBNA9AxA6A2ApAnAUAQAUAC
2207801,BKBKBMBTBKBEBLBHBGA/AxAwAmAcAcAWAOAEACBMBLBEBXBWBMBRBTBQBDA7AzApAhAeAVAMAJAE
2207850,A/BABMBJBNBNA9BnBOBDA6BGA1AvAlAZAOAHALA9A9A4A7BGA2BFBIBMA5A8A/AzAoAgAcAKAKAI
2207900,BABHBLBXBTBJBFBNBIA8A0AyAsAmAhAVAOAHAGA8BBBIBRBPBFBHBMBEA/A6A8AxApAjAXATAGAJ
2207934,BMBLB0BfBWAwBMAwBVBGAzA4AsA2AdAOAKAGACBGBBBNBJBOA8A/BABRBBAoBEA/AiAUARANAGAC
2207959,A/BIBWBeBZBEBGBLBPBYA6A5A0AhAbARAHAFAFBBBABGBUBNA7A9BNBFBIA5A1ApAkAfAQAPAIAA
2208007,A+BABBBHBPBTBQBQBNBBA6AzApAbAXAPAKAEADA/A+BBBHBRBTBVBVBTBKBFA/AvAiAeAVAOAHAE
2208106,A/BCBIBUBPBCA9BBBKBMBEA/ArAnAnAYATAGAFA/BBBEBSBHBFA8BEBIBHA9A3AwAnAjAXASAIAJ
2208205,BFBFBNBPBTBPBMBGBDA9A+A3AqAgAbATALALADBABBBOBIBNBOBLBJBLBDA9A7AvAlAcAVARAGAF
2208304,BBBLBHBMBPBRBPBQBFA8A4AzAnAgAdAUALAGADA8BGBKBNBNBRBVBQBGBDA7A2AyAkAfAVATAEAC
2208403,BABJBJBNBRBHBHBLBIA+A1AzAsAhAdATAOAGADA+BDBFBHBSBMBOBSBNBEA9A7AyAoAgAXASAIAH
2208502,BfBdBlBkBaBTBLBJA6AzApApAkAYAUAMAIAGAEBXBWBdBZBUBUBKBIA5A0AuArAhAeAXARAKAIAC
2208551,BeBMBHBqBDBDBFBXBJA0A3A9AqAjAXAfAMALACBLBKBNBNBKBMBABNBEA/AwApAsAmAdANALALAG
2208601,A/BaBKBXBIBCBKBGBDA2AzAvA+AtAcAYAWAKAGBBA3BLBIBIBEBKBTA9A1AyA5A9AvAkAaAPARAD
2208650,A/A6BBBUBPBVBSBMBTBGA/A8AqAfAYAaANAGADA6A+BBBSBZBEBTBFBLA9A5A7AuAeAfAVAWAFAE
2208700,BSBQBaBkBXBDBJBOBNA+AxAsAqAjAYARAKADACBYBIBXBfBHBCBHBJBDA1AnAvApAoAcAVAMAEAC
2208809,BKBRBXBRBEA/BBBIBKA3AzA1AtAiAcAUAOAFAEBGBFBVBRBABABJBSBJA8A8A6A3AoAjAZARAJAI
2208858,BHBOBxBhBJBDA/BOBRBMBBAtAzAiAbANANACAGA5BUBhBZBEA7BHA9BJA0ArAyArAiAdAQAHAFAI
2208874,BPA7BOBfBBBFA+BMBQBDBEA1A0AnAiAXAKAHABA3BIBTBTA9A/BBBFBIBJA9A4AzAqAcAXAPAMAA
2208908,BJBYBVBbBQBXBSBTBBA5A6AwAtAfAUAOANADACBDBQBPBaBPBKBOBKA5A0AuA3AsAiAYAQAOAHAF
2209005,A7A6BMBKBDA7A6BNBMBKBFA7AzAsAiAgAUAIAIA0A+BDBPBFA8A3BHBHBHBCA+AyAuAsAgAPAQAJ
2209104,A4A6BCBRBIA7BCBMBWBHA8A6AzArAjAZAMAHAGA0A6BFBQBQA3A8BRBQBLA9A9A0AqApAdALAUAG
2209153,A0BEBMBWA/A3A9BGBWBQA/A0AvAmAeAYAMAOACA5BFBWBIA3A5BPBEBSBTA9A+ApAxAmAfALARAF
2209203,BOBOBWBmBeBcBNBXBHA3AvAuAlAeARANAOAGAABQBeBTBWBWBXBFBIA7A1AqArAjAcASAQAOAEAA
2209302,BHBCBbBpBIA+BKBQBUA/AxAzAwAnAfAXAMAEADBDBCBXBQBIA7A9BeBIA4AuAxAtAmAiAXALAIAF
2209351,A2A4A9BRA/A6A+BTBVBDBFA+A4AjAjAaATAIACAvA4BUBOBKA5BBBTBJBDBCA/A2AsAsAdAcACAE
2209377,A7A6BOBcBHA1A5BDBEBLA+A/AyAnAjAbAUAGABA3A/BHBQBHA6A+BNBNBABIBBA0AyAoAdAQAMAG
2209401,BBBLBABOBJBFBCBBBFBAA9BEAwAnAiAdAQAHACA1A5BABIBLBNBEBEBHA+BIBFAzApAnAgAZAEAI
2209450,A4BYBjBPBSBQBDBLBGBBA1AoAgAfAgAFAcAFAABRBNBbBnBLBBBBBUBQA3AuAiAqAtAXATAOALAE
2209500,A5A9BFBSBIA/A6BCBYBTA/A/A7AtAjAUALAIAGA2A7A1BCBGA7A/BFBGBRBFA/A3A8ApAcAVAEAG
2209559,A5BJBFBFBKBQBOBIBMBIBCBFAzAmAiAWASAKACBABGBHBABJBHBDBGBHBDA5BAAuAiAdAVAVAHAC
2209609,AzA5BOBLAuA1BBBNA9A6BBBDA+AvAuAiAkAMAHAxA0A8BEAzA+A/BRBNA5A+BNA6A5AzAgAOATAO
2209658,BEBIBSBcBWBGBHBLBXBAA5A5A2AhAXAMALADADBDBEBPBTBHBMBKBQBKBDA4A3AkAfAdAVAMABAC
2209708,A7A+BJBRBAAxA0BEBNBEA8BEA5A0AvAXAKAPAEA4A+BDBNBEA3A3BJBQBABBBIA/A0AoAcAVAKAH
2209757,BPBJBcBTBLBUBLBCBWBFA9A1AsAmAVAJAEAJAMBLBFBLBfBPBJA1BMBFA4AwAuAsAnAXAeAKAHAA
2209807,BPBNBaBWBOBCA+BNBDA+A5AyAtAhAeASAPAFABBDBRBUBFBGBMBMBIBPBAA3AyAuAhAiATATAGAB
2209856,A5A6BFBSBKA5AwBGBKBDA8BHA7ArAnAcAUAHADAxA9BEBOA7A9A6BOBNBLBCBCA8AyApAcAUAKAJ
2209872,BEBNBSBYBTBBBCBNBCBEA5A4AnAfAXATALAHAEBPBIBUBXBUBIBABJBAA/BAAzAoAkAgAUASAGAE
2209906,A8A+BKBQBAA5A8BMBBBBA5BAA2AtAvAYAaAHAGA1BABGBOA7A8A4BLBNBHA+A6A0A8AxAcAVAKAF
2209955,A9BHBTBTBEA+A/BMBSBCA1A1AuAgAkATAMALAFA4BJBXBRBEA9BEBSBKBDBDA0AyAlAiAcAOAJAL
2209971,BUBOBSBpBUBJBLBTBEA7ArAoAlAeAeAUASADACBGBVBRBgBKBIBHBWBFA0AuArAqAkAaAQAPAIAB
2210003,BLBJBNBXBRBIBNBQBJA+AyAwAlAfAVAQAGAIAGBFBGBOBUBUBNBOBTBJA+A5A0AtAgAbAUAPAIAF
2210052,AzBABGBQBOBWBTBXBMBKA4A3A2AaAdAVAPABAFA0BBBDBMBNBGBTBWBRBFA5A4AxAgAbASANAHAF
2210102,ApBABOBjBPA0A1BKBXBAA+A6A7AvAjAGAYAEAJAwA/BXBWA5A2A7BIBKBIA1BMA9AqAkAlAQAIAC
2210201,A8BBBIBPBKBEBFBMBOA+BAA6A1AhAiAXAPAKAGA+A+BFBIBFA/BEBLBFBHBBBAA4AjAkAeAUAKAI
2210300,A5A6BGBNBMBKBFBIBNBDA4A5AyAjAhAbAPAHAEA7A6BLBEBEBKBLBPBPBABCBAAzAtAoAZAMAIAJ
2210359,AzA7BEBMBNBNBBBEBNBBA/BHA7AtAjAiARAJAGAvA8A9A6BCA8A8BMBLA7BLBGAzAsAsAdAYAHAP
2210375,BCA7BABNBCA3A1BEBKBABHBEA8AdAdAfASAMAHA1BABGBKBLA5A2BJBHBaBJBEAyA2AhAUAdAMAK
2210383,A9A/BGBWA/AuA9BTBIBFBIAxAyAmArAjARAKAIAuA+BHBOA8A4A/BkBLA4AyBHA7AwApAgATAHAL
2210391,BNA0BWBcBXBIA9BTBGBWA/A2AqAlAUAfASAIAFBBA6BZBNBAA+A0BLBOBCAwAzAvAmAhAaAUACAE
2210409,A8BGBMBWBOBCBDBJBLBBA6A4A0AkAlAWAQAHAJA+BEBHBNBBA9BABHBKBEBAA7A1AnAoAYASAHAJ
2210508,BOBSBUBVBTBABDBFBKA5AzAuAsAgAaAUAQAFABBKBLBVBSBMBDBEBKBHA/A2A3AtArAdAYAQAJAH
2210607,BGBGBXBJBSBaBFBUBMA+A2AvAnAbAWASAIAFAFBKA/BLBKBdBNBRBVBVBEA0AzAnAfAYASANAFAG
2210623,BPBKBuBkBRBHA4BRBIA9A6A8AxAqAaAWAKADADA+BFBiBMBEBEBHBDAzA8A0A8AkAdAiARARAEAF
2210631,A/BTBhBOBIA/BIBbBOBHA/AxAxAgAdAWAQADAEBKBBBDBaBMA/BEBMBKA0A3BDAkAfAeAWAIAIAC
2210656,BCA7BJBOBRBJA8BHBQBLBDA8A0AuAlAaAVAJAEA0A8A/BJBBBCA/BKBGBBBCA3AzAsAoAYAQAJAH
2210706,BKBMBXBgBUBJBFBGBMA+A2AuAkAdAYASATAEADBFBMBVBSBQBOBLBFBHBHA0A0AmAcAbAWAPAIAD
2210805,BFBKBPBOBKBIBHBLBLBDA+A5AyAgAbAWAJAIAEBABEBGBCBGBMBGBMBLBAA6BFAxApAgATASAIAE
2210904,A5A+BNBQBOBCA4BMBNBIBEA2A0AoAnAeAXAGAAAyBABQBGBFA+A9BPBDBCA4A+AwA1ApAaAPAJAI
2210938,A6A8BHBKBPBGBEA/BWBEBEA3AzAmAiAYATADAHA+A6A/BIBJBMBBBKBPBQA/BGArAoAhAbARAGAF
2210953,BNBDBLBbBFBRBQBHBEBNBFA8AzAbAnAMAHACADBIBQBLBLBIBLA4BGBLBDA2A4AtAlAOAcALAHAH
2210979,A9BCA9BZBPBBA5BFBJBHBCA2AtAgAhAaAVAGACAuBCBCBPBCA+BBBMBMBMBHA9A4AzAnAcAeAGAD
2211001,BBBEBEBJBQBMBOBRBLA9A1AuAlAdAVAMAIADACA9BBBCBHBVBQBWBcBaBLBCA9A0AoAeASAMAJAF
2211100,BMBNBSBYBTBLBJBPBHA8AzAsAjAgAaATAOAFADBLBLBOBSBSBKBKBQBHA6AvAwArAkAgAUAQAJAF
2211209,BTBVBVBTBPBUBSBSBHA5AwArAgAbAUAPAKAFABBLBTBRBbBRBaBQBRBHA2AwAsAkAeAZAQAKAGAE
2211308,A7A+BEBMBEBBA7BKBKBDA7A7AwAiAgAWAQAJAEA1A+BEBJBLBABLBTBOBKBEBEA4ArAoAaAVANAF
2211357,BMBJBFBdBYBLBJBFBHA8BAA8AwAhAXASAMAGADBHBKBTBQBOA+BMBOA/A/A3A3AtAgAZAQARAIAE
2211407,BABBBTBMBAA4A0BbBGA9A8AyA3AuAiAVALAFAKA5AzBHBQBHA+A3BaBNBAA+BAA9A2AuAVATAJAO
2211506,A3AxBJBSA8BCBABNBLBDA6BLA6AmAmAUAdADAJA8A+A3A/BJBBBEBGBDBABGBOA7AuAmAeAQAOAE
2211605,A5A4BKBEA9BKBMBCBUBGBNBKAwAtAeAbATAJAAAsA7A9A0BGA7BLBEBXBPBIBHA4AsApAcAOAAAF
2211704,AxAwBGBfBBBFBDBOBUBNBABDA0AkAmARARADAGAyA0BEBSBGA6BFBOBLBQBBBBA1AqArAZAMAMAA
2300101,BMBFBQBDBQBRBHBNBKA/A1AxAmAeAaAWAOAHAEBLBHBKBLBOBWBKBOBFBAA4AyAtAkAgAXATAHAH
2300150,BDBRBUBMBdBoBUBGA7A4A1AvAlAXARAOAKAEACBKBNBNBPBaBfBPBJBKA3BCA0AqAdAWAOANAHAE
2300200,BQBQBNBTBSBSBRBSBKBAA0AtAhAdAXARAKAFADBLBLBKBPBQBWBRBSBJA/A1AwAiAcAYATANAIAD
2300309,A9A/BKBOBJA+BDBFBKBDA8A4AzAoAjAbAWAIAEA5A7BJBEBEBABGBMBLBFBAA8A2AsApAdAWAOAF
2300408,BEBBBNBRBLBGBFBABHA/A8A7AvAkAjAXAQALAGBCA/BJBNBGBGBFBGBDBABBA9AyAoAlAYAUAIAJ
2300507,BEBMBHBTBQBVBIBIBABAA1A3AnAgAaARANAGAIA+BFBABLBPBUBSBQBLA7A2A+ArAkAgATAOALAM
2300606,BPBGBLBTBSBOA8A8BEA+AyAvAjAXAhAYAaAIACBCBGBDBNBPBLBGBIBJBFA6A4AtAuAqAfAWAMAG
2300705,BABLBDBMBRBDBGBMBDA8A6A3AzAnAgAUAOAJACBFBBBBBMBLBHBNBSBJBAA8BBA1AlAfAUAOAOAG
2300754,BXBbBbBcBUBSBLBKBCA7A0AvAkAaAaASAMAHAGBRBQBUBVBQBQBIBMA+A0AxAtAgAaAaASANAHAF
2300804,A8BFBUBTBUA9BCA9BCBEA6AwArAeAiAeAOAMAIA5A7BMBTBOBBA+BIBKBKA/A2AvAuAmAiAUAOAF
2300903,BGBBBGBVBNBQBEBHBEA7A+A/AxAhAfAWAQAHAIA9BEBEBHBLBOBKBNBGBEA2A9ArAnAdAYAMAMAK
2301000,A9BIBGBFBKBMBQBSBWBFBDA2AtAgAaARAMAGACA8BEBBBCBKBQBSBXBWBHA+A4AsAfAaARANAHAF
2301109,A/BHBEBMBPBPBPBPBHBAA9A3AtAfAaAPAJAFADA7BABBBIBLBVBSBRBPBLA8BBAsAiAfAZAMAIAF
2301208,BEBJBKBIBPBPBGBJBMA+A6A5AtAiAdATANALAEBABCBJBJBMBKBPBIBKBAA3A8AxAkAgAUASAIAJ
2301257,BBBGBOBTBMBEBCBHBMA+A9A7AsAoAhAXAQAKAEBFA9BGBRBKBFBDBFBEA8A7A6AxAtAkAVAVAMAH
2301307,BMBZBNB1BWBGA1BHBQAxAxAkArASAYARAQAGAIBIBBBcBZBNBFBHBSBLBAA5AwAqAfAaASAZAIAD
2301406,BGBMBKBSBYBSBJBNBCA7AzA0AtAiAbASANAIAHA/BHBHBPBUBUBJBRBEA/A1AwAyAiAaAWALAHAJ
2301505,BJBABKBHBEBGBEA+BEBGBAA9AsArAgAfAUAKALA7BEBGBSBFBBBAA+BKBHA8A5AuAxAjAcAUAJAK
2301604,BDBEBDBRBQBOBBBDBFA9A3A3AuAkAhAZAVANAEA/BDBFBMBMBOBKA8BEBCA7A8AuAqAlAeASAMAJ
2301703,A/BBBJBLBJBJBGBJBLA/A9A5AxAlAhAYARALADA+BEBABFBLBMBFBLBJBCBAA9AtAoAiAdAWAIAH
2301802,A6A4BUBSBGBBBGBQBVBFA7A8AzAmAfAYATAGAEA6A2A8BGA/BGBBBJBRBDA7A/A1ArAsAYAYAMAG
2301851,BGBKBTBWBXBRBEBDBCA8A6A5ArAiAdAQANAHAHBLBHBNBMBPBZBEBGBCA7A5A4ArAhAcARAUAGAF
2301901,BNBMBPBNBWBOBPBTBKA5AxArAiAYATANAIAHACBLBNBLBJBTBTBZBXBQBCA3AxAmAgAaATANAHAH
2301950,BJBNBPBMBMBVBNBLBJA6A1AzAmAeAcAQALAFAHBHBDBEBMBQBZBPBTBGBAA9A5ArAhAdAQALAJAE
2302008,A8BABCBLBIBDBBBDBPBHA7A6AsAmAeAaAXAOAEA0A7BCBKBFBJBHBFBNBIBDA9AwAtApAdAfAJAF
2302057,BHBNBHBUBVBMBQBSBLBDA2AyAlAeAhAUAMAHABBBBFBGBUBPBOBHBRBQBFA1AwAiAlAfATAPAGAD
2302107,BUBKBHBIBYBXBEBCBKBEA2A3AqAaATAPANAFACBJBJBHBEBaBVBIBQBMA9A8A8AkAfAWAVASAKAJ
2302206,BDBDBFBLBMBJBFBPBPBGA6A3ArAmAhAVANAHAEA+BDBBBIBHBLBKBRBSBEA8A6AuAmAiAXARAHAF
2302305,BCBHBRBMBMBHBLBQBTBKBBAxAkAfAcAUAMAGAFBBBEBRBJBIBPBMBYBOBCA0AzAoAfAeAUASADAD
2302404,BEBDBLBSBMBLBEBBBAA9A6A5AuAnAhAYASAKAGBEBCBHBOBMBOBHBFBAA/A9A4AvAqAkAaARALAI
2302503,A/BABBBEBaBRBaBWBNA/A1AtAlAcAaAQANAGACBDBEBBBDBVBSBXBXBYBFA9AwArAgAhATAOAJAG
2302602,BEBJBMBTBWBTBKBHBMA8A5AyAlAaAWAOAJAFADBEBGBOBOBZBTBTBRBOBFA8AzAoAfAcATAJAIAF
2302701,BEBABMBRBLBJBJBDBAA4A0A6ApAiAeAVAOAHAJA/BABIBNBSBLBMBKBGA+BFBAAxAqAiAbARAQAG
2302800,BHBLBRBSBQBQBIBIBBA5A4A0AoAgAcATANAIAEBEBIBHBKBQBTBOBOBFA9A8A5ArAkAfAUASAJAG
2302909,BJBLBQBTBNBPBKBMBFA7A1A2AqAjAaARAQAKAEBHBGBEBLBKBRBIBSBMA9A1A1AxAiAcAUAOALAG
2303006,BMBTBQBRBRBIBLBIA+A9A1A0AqAjAdATASAEAFBNBJBLBUBKBRBFBKBEA7A2A9AoAmAZARAMALAH
2303105,BFBDBHBPBRBMBHBJBBBAA3A7AvAkAiAYASAIADBCBEA+BIBNBOBFBCBFBBA4A/AvAmAjAeASANAG
2303204,BJBNBPBYBQBLBDBIBDA6AxAuAoAgAdAWAPAHAEBHBJBOBNBRBRBGBJBHBBA2A2AsAnAiAWAOAMAI
2303303,A9BBBHBFBFBHBGBKBDA/A+A/A3ArAkAdAWANAHA4A/A9BCBEBEBABFBGBDBABDAzAqApAfAXALAH
2303402,BJBQBOBYBKBNBEBDBIA+A1A2AoAjAaATANAJADBIBJBQBNBOBJBJBIBKA+A1A6AuAhAcAXASAGAK
2303501,BEBHBDBGBLBSBIBNBOBCA7A1AnAmAaARALAGADBDBDA+BHBMBVBPBPBTBHBBA6ArAlAeATAOAIAG
2303600,BBBEBMBNBCA/A8A/BFA/A4A+AyArAnAZAYAJAIBCA8BLBSBEA+BHBIBKA6A+A7AzArArAZAOATAI
2303659,A7BJBJBUBRBLBDBEBBA/A6A8A0AoAjATARAHAFA6BGBFBbBKBIBEBMBAA8A8A6AtAoAjAVARAMAI
2303709,BIBNBLBIBRBUBUBSBLA+A3AwAlAYARAKAHADACBFBLBHBIBUBbBcBXBRBDA/A5AqAdAVAOAKAFAE
2303808,A6A8BHBMBOA/BCBFBDBDA+A5A0AtAhAaASAKAJA7A3BCBHBOA8BCBKBKBCA+A+A3AyAnAeAbAKAK
2303907,BJBSBOBKBPBNBIBIBIBBA9A4AoAcAbAWAOAGAEBGBIBNBLBOBLBOBJBIBEA5A5AkAgAdAZAQAHAD
2303931,BHBMBPBYBNBOBEBHA/A8A3A5AyAnAfAWANANAFBHBQBOBQBABTBHBGA+A6A2A4AqAjAeASAPAJAF
2303956,BDBJBOBQBOBWBNBNBGBIA7A6AnAeAWAQAMAFAFBBBIBBBFBOBVBRBOBJBFA9A6AsAfAaARAJAMAE
2304004,BMBPBIBRBcBMBPBJA/A+A4AvAnAcAcASANAGACBHBIBIBMBcBSBPBHBEBAA2A5ApAhAhAUAJALAF
2304103,BABEBFBKBNBKBFBDBIA+A8A5AtAkAdAVAPAJAEA/A+BCBIBOBMBKBIBMBEBBA/A1AoAlAaASAKAJ
2304202,BFBIBLBKBTBNBJBJBGA6AyAvAkAcAWAPAMAFADBBBGBHBKBVBUBUBTBSBEA+A5AwAmAgAWARAKAG
2304236,BGBHBMBbBPBFBGBJBEA8A5A2ArAjAgAWAOAHAGBDBEBIBKBLBHBDBKBFBBA9A/AuAnAgAYARALAI
2304251,BRBNBIBNBNBQBQBRBOA9A4AuAiAdAVATAKAFAEBHBKBGBHBQBZBZBZBOBAAzAyAoAfAZAUANAFAE
2304269,A5AyBFBGBHBJA+BABIBLBFBBA6AtAnAaAUAEALA+A0BLA+BDBCBHBCBKBHBDA/AyAtAoAeAUAQAD
2304277,BFBKBEBEBEA+BOBTBCBBA/A4AwAnAiAaAMAMAEA5BEBABJBHBFBOBIBNBHA6A5AzAsAlAYARAMAG
2304285,A9BVBMBBA9BGBhB3BhBHA1AoAcASAQAJAFACACBBBUBHA8A/BTBuCCBhBIAzAqAgAYATAJAIAEAD
2304301,BABFBPBSBQBHBHBDBHA8A5AxAuAiAiAcASALAFA+A8BHBKBHBFBHBKBHA+A+A8AvApAnAgAYAKAG
2304350,BJBFBHBQBYBSBTBOBGA6A5A0AoAdAYAPARACACBABHBGBMBWBWBRBRBDA/A5A5ArAfAfARAQAIAF
2304400,A6BBBBBEBMBPBNBOBKA8A5AzAoAdAWANAIAEACA4A/A+BEBOBXBWBaBWBKBHBEA2ArAiAWAQAIAH
2304459,A9BDBEBKBLBWBOBMBOBFA9AwAqAhAeATALAFADBAA+A/BQBKBQBPBTBNBJA+A6AtAkAhAUAMAJAF
2304509,BPBaBLBMBZBjBSBLBDA6AyAtAkAaAYAPAKAGADBKBHBHBKBfBjBVBJBBA5AxAwAkAgAbAPALAIAD
2304608,BLBIBdBWBOBQBEBFBIA+A7AwAlAhAbAZAPAFAHBMBEBUBPBPBQBNBHBFA9AwA0AiApAeASAQAFAC
2304657,BBBNBTBWBNBLBABJBEBBA/A4ArAoAhAVAOAGACBDBBBOBHBJBAA+BNBLA+A6A+AuAkAjAZAWAGAF
2304707,BMBLBRBfBcBWBMBIBHA/A0AuAkAdAcAVAKAGADBDBJBNBWBZBTBLBKBDA7AzAwAjAfAbASAMAGAE
2304806,BFBDBJBaBWBGBKBRBEA6A3AtAuAiAgARASAEAFBABFBNBOBMBMA8BMBIBDA4A0AzAkAjAVAOARAG
2304905,A+BIBABFBZBKBUBHA/A+A7BCArAlAdAVAQAGAEA8A4BBBIBJBYBPBJBHA+A8BJAtAmAjAWAOAQAI
2304954,BHBOBOBQBUBWBSBNBLBAA1AwAlAbAWAPAPABADBFBJBLBKBUBXBRBPBOBAA6AyAoAfAWAQALAHAG
2305001,BOBNBLBUBSBQBCBIBEA8A3A0AqAjAcATAJAJAFBJBKBPBTBSBLBHBIBGA8AzA1AsAjAfAVASAKAF
2305100,A8A8BDBGBXBZBVBIBPBEA7A9ArAmAWASALAIADA5BEBDBMBMBZBHBRBLBEA4A6ApAiAdAaANAIAJ
2305209,BEBFBLBKBMBFBBBHBGBEA3A9AwApAkAYASAHAJBBBABKBMBJBFBDBEBCA9A4A+AwAoAkAdAUAJAK
2305233,BJBKBMBNBUBSBUBUBSA+AxArAbAYASALAIADAEBLBMBNBJBWBdBgBdBUBFA4AsAgAaAWAMAJAGAE
2305266,BHBLBPBRBSBQBDBEBCA+A+A+AwAmAhAWAMAJAHBHBIBKBTBDBKBIA9A9A/A6A5ApAmAeAXATAKAF
2305308,BMBPBSBTBLBGBMBNBGA5AyAyAsAlAcARAIAJAGBKBKBNBKBKBJBOBOBBA5A3A5AuAlAgAWASAJAJ
2305332,A3BJBJBNBEBOBSBOBTBDA6A8AxAnAeAWAPAGAGA9BDBCBGBIBGBQBUBLA+A/A2AqAjAeAUAOAMAD
2305357,BCBHBJBRBHBLBLBYBRBHA/A1AoAhAeAUAJADADA7BCBGBGBABNBRBaBSBEA/A2AsAiAeATAMAFAE
2305407,BCBEBKBPBMBGBFBMBDA9A3A2AwAlAdAUAOAGAFA9BCBGBPBKBIBLBOBHBEA9BAA0AqAkAXAUAJAF
2305506,BABBBGBJBGBIBKBNBIA+A4A0AqAiAaATAQAGADA/BBBDBGBKBOBSBUBQBFA/A+AzApAjAZAUAIAI
2305605,A/A8BEBLBKBEA9BDBPBEA9BDAyAqAhAbAVAKADA4A2BABGBGBCBABFBQBIA/A/A2ArAnAdAYAPAI
2305654,A7A+BLBQBEBJA7A5BDBDA/BJA0AnAkAZASAKAKBBBGBGBKA+BHA9A/BFA9BCBFAzAvAkAcAUAOAL
2305704,BJBOBJBVBOBJBBBKBNA+AwAvAnAoAhAUATAGAGBDBIBGBLBIBFBJBIBMA7AxA7AyApAiAYAXAMAG
2305803,BIBLBMBOBTBLBIBGBEA9A3A1AuAlAeATAMAIAHBHBDBFBMBQBJBHBKBDA+A5A4AtAnAjAYAWAMAF
2305902,BDBGBNBYBKA/A/BFBHBAA5A5AxApAiAVARAFAGBBBDBJBNBGBIBCBEBIA9A7A9AzAsApAZASALAI
2306009,BEBFBCBPBJBKBHBRBDBAA3A1AvApAiAWAPALAEA9A/BCBHBHBGBEBOBKA9A+A9AxAvApAZATAHAN
2306108,BRBOBcBiBbBQBKBJBCA4AwAvApAcAXARAKAEAFBHBNBSBTBWBTBQBKBDA6AzAyAnAbAVARARADAD
2306207,A3BEBABGBHBMBHBOBLA/A+A6AuAlAbAVAOAJAEA+A/BAA9A/BFBOBZBHBDBEBIAxAsArAeATAJAJ
2306256,BABCBBBBBxCeCVB4BiBAAzAlAYARAMAJAEADABA+BAA9A4BEBVBiBZBJA1AuAnAdAVAOAJAIAFAB
2306306,BGBJBNBSBSBQBMBNBIBBA3AwAlAbAXARAMAEAEBBBKBMBRBVBVBPBQBNBEA6A1AnAfAaARAMAKAD
2306405,BNBPBSBXBYBQBPBOBHA7AxAsAkAaAXAPAKAFAFBLBKBOBTBWBTBRBUBJA9AyAxAjAcAZAQANAHAF
2306504,BEBJBQBNBTBLBMBHBHA6A0A1AtAmAeATAPAHADA/BKBPBOBLBRBLBPBHA9A3A2AtAkAeATASAHAH
2306553,BUBQBWBZBaBVBQBRBNA+AwAuAgAYAVAOALAFAEBNBOBOBWBYBVBSBPBLA3AtArAgAYATAPANADAE
2306603,BFBJBSBgBYBNBHBDA9A6AzAzAsAjAeAVAQAJABBIBFBQBYBWBOBKBFBDA4A0A1AnAkAeASAOAHAL
2306702,BMBDBDBLBJBQBGBFBDBAA4A6A6AsAkAXANANAFA/A5BCBDBJBMBGBFBFBBA3BAAzAyAfAXASAHAJ
2306801,BEBHBIBPBKBDBIBPBEA9A7A2AqAqAfAVAKAMAGBABCBMBCBHBMBUBQBGBBA4A/ArAlAnAZAMASAD
2306900,A8BCBBBKBJBBBFBNBFBDA2A7A1AlAhAVAQAIAFA7BDBEBCBIBIBLBSBLBEA+BBAzAtAlAZATAKAK
2307007,A8BDBHBFBJBOBOBPBMBDBAA4ArAgAaATAJAHADA4BCA/BEBNBSBWBXBNBFA/A/AuAmAiAWAQADAI
2307106,BFBPBUBWBTBGBIBGBKA8AvArAkAeAbAWAMAHAGBFBLBPBUBRBHBNBIBPA+A0AyAlAnAhAZAPAKAM
2307205,BKBNBRBWBMBFA6BGBIA/A3AxAtAhAcAZASAKAFBFBJBCBCBDBMBRBLBFA+A6A7AwAkAiAYATANAJ
2307254,BTBOBNBUBeBjBcBRBKA8AyAjAbAUARALAFAGABBOBOBHBLBhBsBcBZBMA6AyApAcAXARAMAGAFAE
2307304,BIBJBIBMBYBYBTBMBJA5AwAoAeAYATANAJAEADBEBHBHBLBbBdBaBWBQBEA6AzAqAhAcAUAOAJAF
2307403,BEBGBYBFBKBABJA+A8A/A8A1AqAqAiAbAOAMAGA8BFBOBWA7BJBFBJBLA6A1A8A5AiAoAfAWASAE
2307502,A+A/BIBOBRBLBFBHBKA+A3A8AxArAfAYAQAHAJA8A/A/BFBNBEBHBHBIA+A7A8AzArAoAaAUANAJ
2307601,BAA+BFBBBNBKBMBLBHBBBCA6ArAhAZATANAEAEA5A/BBBFBNBQBPBWBNBKBEBEAzAoAgAYAOAJAF
2307635,BHBLBNBdBTBRBIBBBAA7A3A2AsAhAfAUANAIAJBDBEBJBSBRBSBIBFBDA+A6A2AsAkAdAUANAPAE
2307650,BIBLBIBJBSBUBRBSBOA8A2AuAkAbARALAFAEACBBBJBFBHBRBZBZBcBTBFBAA6AtAiAYAOAKAFAE
2307700,BDBJBHBIBPBUBTBQBLA/A5AxAnAbAUAOAKAEAEA/BGBCBGBOBWBaBWBTBCA/A7ArAiAZATANAIAH
2307809,BLBQBPBdBiBXBZBTBHA3A4ArAhATATAOAEAJACBGBFBIBTBfBYBYBVBIA7A8AoAhAVAUAQAJAFAF
2307908,BLBKBNBdBdBlBPBDBDA4A0ApAfAcAZAQANAFABBPA/BMBZBVBbBLBLBBA+A0A4AhAZAfAVAQAFAH
2308005,BPBIBNBTBcBXBOBIBBA7AzAyAiAYAWAOAJAGAFBKBIBKBQBbBZBUBOBHA/A5AyAmAcAdAQAPAFAF
2308104,BJBKBPBQBTBPBIBIBJBAA2AwAoAeAaAUANAGAFBFBHBOBLBPBRBPBLBIBAA3A0AsAjAfAUAVAGAD
2308203,BKBMBRBRBRBUBQBTA/A1A2AzAlAeAfASAJAHAKBABIBFBGBRBWBRBRBEA6AxA1ArAjAfATAPANAH
2308302,A6BEBNBPBNBJBHBHBJBDA5A0ApAiAdAWASALACA8A+BKBJBOBHBLBMBMBGA+A+AxAmAhAXAXAJAH
2308351,A9A/A/BGBSBUBIBKBBA+BBA+AwAlAhAaATAMADA8A4A/BGBMBQBHBFBKBCA6BDAzAnAkAbAVALAF
2308377,BOBNBVBnBTBNBKBOBEBAAwA2ApAgAbARANAHADBJBJBTBRBTBTBKBJA/A8AvAwAlAeAVAQAOAGAG
2308401,BOBOBVBUBVBPBKBHBFA9AyArAkAcAYASANAIACBJBJBPBQBSBRBKBMBJA+A3AvAoAhAfAZAPAMAF
2308500,BABDBJBRBHBDBGBIBGA8A7A5AwAnAjAcAUAHAEA9A+BGBLBIBHBFBMBGA9A7A7A0ApAoAdAWAMAI
2308609,BDBFBFBKBPBHBEBJBLA9A4A5AwApAmAUANAIAIBBBDBDBLBLBIBLBKBFA+A3A+AvAoAkAWAPAPAN
2308708,A8A+BDBGBLBLBKBIBKBCA+A7AtAoAhAXAQAIAEA2A6BAA/BRBPBKBPBPBFBCA/AuAvAlAXARAIAI
2308807,BMBJBEBTBZBWBLBMBIA/A0AuApAcAgASAJAGACBEBHBKBXBUBXBNBSBHA/A0AwAjAhAcAUAOAIAD
2308906,BTBTBaBZBYBSBIBOBDA6AvAwAiAbAYATAOADADBMBLBRBXBVBSBPBLBBA7AyAtAjAcAZAVAPAHAC
2309003,BCBIBQBJBIA/BDBHA+A7A5A5AvAoAhAWAOAJAFA8A9BHBEBLBMBKBJBABCBABDA2AtAwAbASALAK
2309102,BCBOBRBPBVBPBMBGBEA/AtA0AtAkAdASAIAIAJBJBKBHBRBSBVBIBIBIA4AzAyAwAkAeASAUAHAF
2309201,BRBQBYBQBLBTBLBLBEA6AwAnAjAaAaASAMAFAFBNBSBMBKBYBWBOBPBHBBAyAvAqAfAdAUAQAGAH
2309300,BDBABIBQBNBHBDBCBGA8A5A7AvApAkAWASAHAEA+BABGBNBKBGBCBIBJBAA5A/A3ArAmAZATANAI
2309409,BABEBHBMBRBOBEBBBFA+A/A4AxAmAgAWASAJAEA9BABFBKBNBNBEBCBIBEA8BDAyAsAiAXARAJAG
2309458,A9BBBKBPBJBLBKBPBIBCA9A7AuAmAeAWASAGAEA9BBBDBGBHBOBJBPBLBBA/A+AtAmAfAWAWAEAG
2309508,A5BGBFBKBEBCA9BNBLA/BAA7A0AsAiAYASAHAEA3A+BDBCA+A7A/BPBHBFBGBCA8A2AtAZAXAMAG
2309607,BEBKBJBOBSBQBSBOBQBBA4AtAhAZAUANAKAFACBDBHBEBLBWBZBXBdBWBFA8AyAnAdAYARANAEAE
2309706,BPBTBMBIBRBXBVBWBKA6A0AsAiAWAQAKAFAEABBKBOBKBJBRBeBhBXBQBAA7A1ApAdATAMAIAGAD
2309805,BHBPBRBIBOBNBLBNBEBAA0A8AwAiAVASALAIAHA+BFBQBEBNBSBCBSBGA4BAA4AwAjAdASAMAPAG
2309904,A+BGBKBKA+BKBLBHBBBCA0A7AwAmAcAWANAEAHBDA8BOBRBCBGBHBJBHBFBCBCA0AqAmAeAeAGAF
2310001,A3BDBKBHBCBGBMBYBVBEA4A3AqAlAkAbAPAGAGA7A7BEBLA5BEBLBSBRBDA9A7A0AuAmAZANAKAI
2310100,BCBABMBIBUBIBOBOBJA/BAA4AsAjAYAWAQAIAGBBBCBJBHBPBMBNBJBFA7A+A5AsAiAjAVAPAQAG
2310209,BEBLBOBLBOBLBMBSBNBBA3A1AoAeAYASAMAGACBEBGBKBGBIBPBIBRBXBHBCA7AiAjAeAUANAEAJ
2310258,BFBQBMBLBSBSBFBPBLBFA4A0AmAeAZARAMAHADBGBMBJBIBTBTBMBRBLBBA6A3AoAfAZARAJAHAJ
2310308,BHBEBIBWBMBLBBA9A/A8A8A4ApAiAjAXASALAIBABABCBNBLBMBLBDBGBCBABAAyApAkAZASALAI
2310407,A/BEBLBSBXBRBABGBHBAA+A7AoAkAiAZATAIACBBA9BEBRBRBIBEBHBBBBA6A7AxAiAkAUAUAKAG
2310506,A+A/BJBRBNBMBHBABGA9A7AzAuAjAjAaAUAJAHA4BBBFBMBLBRBJBJBHBBA7A6AxAoAmAZAUAMAI
2310605,BRBPBSBMBbBPBHBEBIA6AzAuAmAfAVARANAFADBMBNBKBWBTBQBJBJBLBAA4AzAqAjAZASAPAKAE
2310704,BDBGBQBMBTBNBPBNBKA/A2A6AtAfAXATAJAFAEBKBDBIBGBJBRBSBLBHBAA+BEAmAbAZAWASAIAI
2310803,A8BFBHBLBSBJBGBJBDA6A2A3A0AsAiAUASAFAHBBBEBEBIBRBPBGBOBFA/A4A1AvAqAmAYATALAN
2310852,BGBJBIBHBLBOBKBJBQBBBFAyAmAfAaARAMAFACBFBHBBBEBIBTBSBRBSBEBDA3ApAgAcATANANAG
2310902,A1A6BDBJBMBIBLBNBNA/A+A1AvAoAqAcAVAGAFA2A6BABFBLBJBOBMBLBBA3A+A1ArAmAcAXALAG
2310951,BCBCBLBVBkBUA/A/BEBGA9BFAwAiAeAUATAKAFA3A7BGBYBZBDBEA5A+BCA8A5AoAmAeAXASAPAE
2311009,BJBIBSBUBIBHBBBJBMBCA5A1ArAjAhAVAPAIAHBCBHBEBNBIBIBHBLBCBBA6A5AuAmAhAcATALAG
2311108,BLBOBJBVBRBOBQBKBJA8AyAsAnAiAZATASAJAEBGBEBNBHBPBIBPBNBIBAA0AyApAkAiAWAUAJAL
2311207,BGBHBSBbBLA9BDBDA/A6AyA0AzAhAeAWAOAKAHBBBDBVBRBLBFBABPBIA7BBA+AuAiAiAcAXANAE
2311231,A/BDBKBQBSBOBHBGBQBIA+A1ArAiAmARARAIAGBGA7A4BRBUBHBIBDBSA/A5A4AxAmAeAWAPAHAF
2311264,BCBCBJBQBIBKBBBGBKBBA9A8AuAjAhAVARAIAHA8BCBFBMBCBHBIBLBQBDBBA7A0AlAhAZAQAKAJ
2311306,BKBMBMBQBTBWBJBHA/A4A1AxAoAeAZAQAMAGADBLBGBIBMBSBbBPBNBIA+A5A5AsAiAeAVATAHAF
2311355,BAA6BIBGBCBBBEBGBMBJBCA/A4AyAqAZATAIAGA0A5BDA+A7BFBDBGBJBFA9BDA4AtAsAdATALAH
2311405,BKBGBGBOBUBeBQBDBBA4A2AzApAhAcARAPAGAEBGBCBDBKBbBeBRBGBCA9A+A1ApAnAdAUAQAJAG
2311504,A8BFBLBKBKBRBUBTBGA/A6AzAoAgAbARAJAFAHA/BCBEBEBQBXBcBQBLA/BCA4ArAkAeAYAMAJAD
2311603,BEBKBLBNBRBQBEBFBFA6A4A4AnAiAdATAOAHACBEBGBKBKBRBQBPBOBEBCA+A6AvAlAeAVAOAJAJ
2311702,BHBHBPBUBOBJBFBLBHA/A6A2AtAmAgAVATAIADA/BFBMBLBGBJBDBGBEA7A4AzAwApAkAYAXANAF
2311801,BABDBGBHBNBRBRBRBLBCA4A0ApAdAaARAKAEAEA8BABABDBOBRBYBUBUBHA+A8AuAlAgAWAOAHAG
2311900,BBBGBOBUBGBEBCBDBIA5A5A7AuApAnAZAWAMABBBBFBNBJBDBEBEBBBEA+A6BAA2ArAmAaAVAKAG
2311959,BYBTBVBZBiBLBPBKBAA4AxAqAiAbAXAUANAFADBNBKBXBYBaBLBOBHBAA5A0AxAiAcAYASANAIAE
2312007,BJBHBPBYBaBVBOBOBHBCA1AyAlAcAZAVAOADAEBFBDBJBWBWBPBNBMBBA8A0AxAlAcAbAWAUAGAG
2312106,BKBSBTBaBWBJBDBKBFA4A2AvArAgAbAVAOAJAEBFBIBQBPBPBFBGBNBEA+A1A3AqAjAgAVAUAJAE
2312205,BCBDBIBRBPBOBIBGBFA+A3A5AuAkAiAWANALAEA9BCBHBMBMBMBJBJBEBDA9A9AvAmAjAXATAKAF
2312304,BSBOBWBSBOBMBIBMBJA7AzAxAoAgAaAQAOAGACBLBLBOBNBOBNBOBMBJA8A2AxAoAiAeATAQAJAG
2312403,BGBTBPBNBUBRBRBQBOBAA4AvAiAaAUAOAIADAEBHBOBLBLBSBXBUBWBRBEA5AvAlAaAWAPAJAIAF
2312502,AyAvA4A6A1A9AzA5BFBOBNBEBEAqAtAkAZAKAHArAxAuA5BBA9A4BOBGBYBRBSA9A8AzAoAcAPAL
2312601,BABFBIBCBHBJBLBEBBBFA+A0AxAjAgASAQAHADBJBHBIBFBOBLBQBJBNBBBAA9AyAjAkAUAQAMAG
2312700,BGBFBFBABMBABHBKA5A+A6A6A1AsAgAWAVAIAFBAA8BGBDBYBKBHBNBGA8A9A6AwArAnAdAVANAJ
2312809,BKBLBQBVBUBVBVBUA8A2AvAtAqAfAdAUAKAHAEBHBNBOBOBVBRBQBMBIA9AsA0ApAdAgARAMALAC
2312908,BEBIBFBKBaBbBYBTBIA7A0AuAhAYATAMAIAEADBCBIBBBIBZBhBfBXBRBBA7A3AoAfAZAQAMAGAE
2313005,A5A8BCBJBMBIBEBEBOBEBDA7A2AtAkAZAUAHAEA1A7A+BFBFBIBEBQBJA/BBBCA4AwAlAXATAIAF
2313104,A4A9BDBCBKBHBDBGBFBIBEA5AxAjAdATALAIAFA7A9BBBCBLBPBLBOBPBNBLBEA2ApAjAaARAJAG
2313203,BCBABKBQBIBLBDBHBGA/A4A8AwApAlAUANAJAKA+A+BEBMBEBLBFBHBHBBA7A+A0AqAjAbAbALAE
2313252,A2BCBPBNBPBFBCBEA9A1A/A9A1AvAjAcATALAFA4BBBJBJBLBEBHBFBGA8A+A/A2AtAmAYAcAKAD
2313302,BEBDBBBPBOBKBDBFBGA8A5A3AtAkAiAXARAIAIA9BABCBJBRBOBMBIBIBAA8A7AzApAlAbAUALAI
2313351,BLBUBUBWBWBQBPBLBBBBAwA2AjAfAdASAPAGADBJBNBRBQBSBOBPBOBBA7AzAvAjAeAYATAKAJAG
2313401,BSBRBQBQBaBaBWBOBIA4AwApAiAaAVANAJAEACBOBNBMBOBaBdBVBTBIA7AzAuAkAbAXAOALAFAE
2313500,BQBIBOBXBNBVBIBRBJBBA0AtApAhAcAQAPAGAEBJBKBTBQBNBVBBBPBHA7A0A1AnAfAbAQAMAHAF
2313559,BKBSBPBRBOBaBJBMBCBAA0A4AlAeAZATAPAIABBGBMBJBRBIBTBSBHBCA+A4A3AnAhAYAUAMALAG
2313609,BMBRBQBSBQBLBKBLBLA+AyAvAnAeAbAQAMADAFBOBIBRBQBPBMBNBRBMA8A0AwApAjAcASASAHAE
2313708,A8BBBGBXBHBHBFBNBQBDA4A2AxAmAjAVAdAJADA0A5A/BGBMBAA9BJBNA/A6BDA2ArArAeAQAPAI
2313757,BUBSBTBRBUBYBNBLBCA/A2AwAlAbAYASALAIACBGBRBPBMBNBVBPBJBEA5AzAxAnAfAbATAPAFAH
2313807,BQBQBQBQBTBbBQBMBHA4A2AvAiAbAUARAJAGADBPBOBJBRBXBUBSBPBHA9A1AvAmAcAYAQAJAFAK
2313906,BEBOBLBRBXBdBQBHBIBDA1A1AmAfAXAVAHAKADBIBGBQBMBVBTBTBKBGA9A0AxAkAbAcAUAOAHAB
2313955,BGBOBJBPBUBIBHBJBEA+A3A2AtAdAeAUANAHAEBIBNBIBKBRBOBLBNBFA8A6AzAoAlAgAZASAMAG
2314003,A8BBBFBOBMBJBHBGBAA/A4A5AvAlAfAZAPALAGA4A/BCBKBJBKBLBPBLBEA9A6A0ArAlAeATAQAH
2314102,BPBQBUBWBYBXBMBLBGA8AzAsAiAcAWASANADAFBOBLBPBVBXBVBMBKBDA5AzAwAlAcAZASAQAGAF
2400109,AzA9A+BBBEBFBABNBVBFA/A8AvAnAiAWAQAIAGAvA4BBA/BGBHBHBTBRBHBIBBA6AtAoAbAWANAQ
2400208,BABEBKBOBOBJBIBTBLBCA9A3AqAcAWAPALAFADA6BABGBLBRBOBRBYBSBEBDBAAtAiAbATAMAKAF
2400307,BFBCBKBTBZBQBIBKBEBAA8A/AuAfAZAUAKAHAHA/BDBKBOBRBHBHBIBBBABAA+AvAgAbASAOARAF
2400406,A0BHBGBRBGBVA+BXBUBJAuAtArAmAeAWAMADAFBCA+BUBHBTBRBABcBFBEA+A2AnAlApAQAPALAG
2400505,A5BABFBNBHBGBFBCBLBCA9A8AzAiAjAWAQAIAGA3A6A+BLBGBDBCBKBRBGA+BDA2AwAnAgASAQAL
2400604,AvAyBRBUBDBEBGBGBMBIA7BGA8AkAfAXAQAKAHAxA6BFBMA/BFBABJBOBGBGBGA6AnAlAXAWAHAJ
2400703,BBBKBQBRBOBIBGBKBPBHA5A2AmAZAVARAJAFAFA/BFBDBKBKBNBQBbBXBHBDA+AyAbAYATAOAFAF
2400802,A7A7BCBKBKBJBPBQBKA5A5A5AvApAcAQAMALACA5BFA/BLBJBMBXBWBEA+A+A+A/ApAdAYAOAQAH
2400901,AyA6BDBNBTA/A5BJBYBHA9A9AzAsAkAVARAJAEA1A5A/BOA/BDA7BTBSBMBBBAA0AvAoAXATALAI
2401008,A4A9BDBFBKBJBNBPBNBHBEA+AyAiAcAQAMAJADA1A5A+BCBGBTBOBTBRBJBCBIA2ApAdASAOAHAI
2401107,BABGBCBLBLBGBGBHBOA/A/A+AzAhAWAPAKAHADA7BBBDBIBKBGBGBMBVBJBGBIA6AmAgAYANALAF
2401206,BKBLBYBNBUBJBJBGBIA+A9A2ArAeASARAIAEAEBCBKBKBQBTBNBLBTBKBAA+A8AsAeAXAQATAJAD
2401305,A2BAA+BYBWBNBJBVBRBEA7A9AvAgAdAVAYAEADAxA5A/BQBJBTBFBQBJBDA9A+AsAlAdATAOATAF
2401404,BEBJBQBYBNBEBABSBKBGBHBFAwAfAZAPAJAFABBABEBGBOBNBGBFBOBIBKBBA9AmAhAaAQAKAKAE
2401453,BDBOBPBcBZBSBLBWBOBGA5AsAhAaAUAOAJAGACBABIBPBUBYBSBMBVBMBHA2AxAmAaAUAOAIAGAD
2401503,BAA7A4BFBaBIBEBFBDBFBGA8AxAjAiAXAPANAHA+A3BEBOBMBEBGBIBHBGBCA9AyAqAgAfAVAKAI
2401602,A/BCBDBSBSBTBPBKBGA6A4A0AtAlAiATASAFAIBIBBBQBXBWBKBDBKBFBAA0A9ArAgAbAaAOAHAE
2401651,A+AwBSBkBLBBBJBQBCBABKBAAtAYAbAdAPAHAHAxA8BCBfA4A/BKBSBGBRBHA6AqAjAiAVASAJAK
2401701,A9BBBQBPBWBGBCBIBHA9AyAwAuAfAdAUAMAEAJBEBCBLBcBMBQBMBMBQBDA5A9AuAfAfAZAQALAF
2401800,BCBKBLBWBQBFBOBMBNA+A0AvAoAfAdASAJAIAFA/BPBLBNBLBNBQBSBKA/A1A3AsAiAgAXARAGAH
2401859,BPBMBWBeBQBOBLBTBOBHA6AuAoAjAUAKAGAEAEBJBNBOBOBGBKA/BSBPBCAwA4AfAlAYARAKAIAH
2401909,BOBOBLBIBPBMBLBMBOBBA6AvAqAiAaAdARAAAABHBFBABMBFBTBLBJBBBBAxA1A2AtAYAXAZAGAH
2402006,A1A7A9BCBMBJBJBQBMBAA+A+AvAhAaASAMAHAFA1A3A7BDBJBJBQBZBXBKBHBHA3AuAkAZATAKAH
2402105,A/BCBBBKBUBMBIBCBDBAA7A7AyAdAeAZATAIAHA9BDBGBHBKBQBNBKBJA/A8BBAtAjAlAZAZAIAJ
2402204,BOBSBSBWBSBJBIBDBFA+A8AwAoAaAVAOAIAGACBMBQBWBVBQBVBMBOBJA9A9AzAoAbAWAQAMAKAD
2402303,A1A6BFBLBLBKBIBOBHA/BAA/AtAlAdAUATAHADA0A5A/BJBGBFBMBWBLBIBEBEAzAsAhAbAUAHAP
2402402,BBBFBKBMBDBQBEBMBVBBA8A6AsAkAeATAJAIAHA9A8BFBFBJBOBGBSBVBDBAA4AxAnAfAXARAIAF
2402501,BCBEBKBRBQBFBKBUBRBABDA7AyAdAXASAMAGADA2BCBSBNBJBLBGBYBKBBA/A9AxAdAYASAMAGAG
2402600,BIBNBSBUBYBQBNBRBLBAA2AsAmAZAWAPAJADAEBEBIBQBPBRBPBPBRBLA/A7AzAoAdAaATAOAGAG
2402709,A6A9BQBQBHBEBJBTBHA+A4AzAzAiAdAWAMAJAGBAA6BPBNBMBIBLBVBCBEA9A8AwAiAjAXARANAM
2402808,BGA9BIBJBGBVBIBXBIBAAyA5AwAiAgAZAUAJAGA5BDA+BHBLBHBQBMA/BEA8A9AoAnAlAZAeAFAG
2402907,A+A+BQBSBUBLBJBKBFA5A4A5A1AlAeAZAXADAIA5A/A9BNBYBCBEBNBBBEBEA+AxAjAiAUAYAHAE
2403004,A6A1A6BCA/BEBGBOBPBFBBBNAzAqAiAWAOAGAHAzA6BEBEBABJBDBUBOA9BGBJA0AuAmAbATANAJ
2403103,A2A8A9BHBKBJBEBCBNBGA9A9AuAmAZAVAQAHACA2A3BABABHBHBDBUBTBGBIBOA8AuAkAeASAMAK
2403202,A6A/BJBQBBA+BKBXBMA6AuA1AzApAkAUAMAHAEA7A+BMBRBGBDBJBSBQBAA3A8A1AvAoAXASANAH
2403251,A+BEBCBDBNBPBOBTBPA/A7AzAoAcATAMAHAEACA8BCA/BCBQBYBbBeBdBOBEA+AxAiAbARALAGAE
2403301,BUA/BNBIBNBHBQBRA8AtBFA0AtAiAdATARAJADA9BFBHBFBCBPBXBKBFAyBDBGAsAoApARAXALAH
2403400,A2A/BHBNBMBPA/BQBKBCBAA2AyAfAfATAPAFADBCA6BKBGBRBLBFBMBKBFA8A+AvAmAlAXATARAI
2403509,BHBMBWBUBWBRBGBKBCA/A5A1AlAkAdATATAFADA9BEBHBRBPBJBIBFBHBBA4A2ArAgAfAVATAGAK
2403608,BNBWBUBQBCBPBbBjBUA8AwApAeAXANAHAFACABBJBRBSBHBMBkBlBgBXBAA3AtAgAVAPAKAHAEAE
2403707,AoA7BEBMBNA+BMBKBJBKBMBBAtAqAdASARAMADAoA2BABDA+BCBTBBBVBJBTBJAzAsAiAaAZAKAI
2403756,BBBNBUBEBIBQBOBYBGA5BFBAA0AjAaAPAVAFAGA1A/BAA+A5BJBQBUBIA1A7BIA5AZAeAcATAEAM
2403806,A6A9BCBLBFBLBNBNBRBCA/BEAqAkAjAUASAIAEA2A8BFBCBFBMBPBOBJBDBBBBAvAlAlAUAWALAH
2403905,A1A/A3BJBGBMA8BTBcBDBAA/AvAqAoATAHAOAJA5A3BDBLA4BCBABPBVBEBEA+AyA8AZAcAZALAE
2404002,A9A4BRBGBGA+BEBFBQA8BFA/AuAoAfAaASAMACA8AxBKBKA8BLBDBIBEBSBCA/A2AvAnAXAQAQAK
2404101,BNBVBMBOBNBZBKBbBSA9BDA0AvAVAUANAHAAAABJBSBHBRBWBBBTBOBBBDA+AzAkAjATASAJAAAF
2404200,BRBRBQBYBTBPBMBMBHA9A0AtAkAbASANAGAHABBMBPBUBUBVBWBTBTBHBCA2AxAnAZAWAOANADAE
2404309,A5BDBGBPBJBRBMBJBFBCBJBEAwAlAaATAMAIAEA4A+BJBHBFBMBHBLBDBIBBA+A3AjAdAYARAJAG
2404408,A1BMA+BMBHBIBYBQBJA8BDBFAyAfAYAUAGAJADA8A7A+BIBEBKBaBWBGBGBIBFA3AgAcAVALAEAI
2404507,BIBMBcBYBMBOBOBPBJBEA5AsAhATATAMAGAHACBFBRBYBSBLBVBWBWBPBEA7AxAiAZATAQAJAFAE
2404606,BDBPBPBdBaBNBJBEBMBEA5A2ApAiAcATAOAGACBABJBNBVBPBLBMBIBEBCA6AyAkAcAaARANAIAF
2404705,BBBKBGBZBQBKBJBVBPBBA2A3AmAeAYAPAJAEAFA/BHBNBcBVBEBJBUBSBBA3A7AoAeAaARAKAHAI
2404804,AxBGA+BMBKA4BAA9A7A9BDA+A7AuAqAWASASANA5A1AtA7BMA8BIBJBPBHA6BOBDA5AjAjAcAOAI
2404853,BABIBWBdBNBJBRBNBNBBA8A9AmAYATAMAJAKACA5BCBKBbBMBBBQBUBXBIA+A3AjAdAWASANAIAG
2404903,A6A8BABMBBBEBCBDBDBJBIBGA2AlAeAVAQAHABA7A9BDBGBABJBBBJBIBSBJBKA/ApAhAZAVAIAG
2405009,BCBDBFBOBTBNBGBOBDBEBAAyAlAfAfAbARAKABA9A1BHBEBIBRBPBFBGBMA7A6AuArAiAcASAKAK
2405108,BMBIBNBfBbBQBQBPBOA6AxA0AlAcAWAPANAGADBIBIBOBWBLBKBNBTBNA/AqA4AqAeAXASANAGAE
2405207,A7A1BPBaBWBDBBBHBQAzA3BBAoAgAoAYASALAKBDBEBKBUBFA0A4BCBTA8A6BCA+AnAiAXATARAH
2405306,BGBIBUBWBTBTBKBJBKBLA5AvAsAgAfAUARAGADBDA/BKBRBMBKBLBKBAA7A1A2AqAlAdATARAHAF
2405405,BDBLBSBKBWBQBKBSBBA5AvAvAxAfAXAYALALABBGBEBMBXBFBNBOBPA9A5A8A2AsAmAeAdASALAI
2405504,BPBJBHBhBABHBMBMA+A6A5AxA+AjAcAaAOAHAJA/BHBQBHBLBEA4BZBBA+A6A3AwAeAdAYAcAFAL
2405603,BDBDBIBIBMBSBMBLBTBGA8A9AnAhAZAQAOAFACA+A6BDBLBNBNBJBWBQBEA/A7AvAkAcASARAJAD
2405702,ArAsAyA8BDBFBABIBOBCBABMA4AzApAeARALAGArA0AxA4BEBBBCBSBLBMBKBNBDA4AxAhAYANAL
2405801,BRBOBSBYBYBTBNBRBGBAAwAqAhAZAVAPAMAHABBGBGBKBSBXBUBSBSBIA+AzAxAmAcAbAUALAJAG
2405900,BAA9BVBKBIBOBPBKBPBAA6BDAqAeATAUATAGAFA3BEBOA+BJBUBJBDBYA/A2A/A3AjAkANAXANAD
2406007,A/A3A/BDBSBKA/BEBMBCA9A8ApAhAlAcAUANAIA3A1A7BHBJBBBBBNBPA3BIBFA1A1ApAlAZALAL
2406106,A6A8BGBKBJBGBKBVBMBKA7A5AuAmAcAWAQAFAGA1A6BABDBGBCBIBdBUBBBAA9A2ArAhAYASALAJ
2406155,BABMBIBYBZBMBRBYBDA0AuA3AuAfAgAYAOAKAGBOBHBDBUBLBMBBBQBDA5A0A0ApAdAbAWAVAMAH
2406205,BVBQBOBYBSBTBOBTBABCA2AyAjAYAWAQAKAMACBDBDBLBbBTBNBPBMBCA8A5A3AnAcAXASATADAG
2406304,BDBHBKBWBiBLBHBSBJBAA3AuAjAfAeAPAOAKADA/BGBKBXBTBNBBBLBJBAA4A4AlAmAdAXAJAKAJ
2406403,BHBEBWBhBHBTBOBQBHBIAzAwAuAlARAWASAAAEBBA6BGBABBBRBMBGBFBHA3A+AxAdAzAIAZAEAK
2406502,BABHBSBUBNBGBLBPBJA9AxAzAoAgAaATAOAGAEBCBPBHBQBMBPBSBUBKA/A6A3ArAhAbASARAJAI
2406601,BJBLBNBVBTBPBJBKBFA/A6AvArAfAYATAJAGAIBJBGBUBUBQBXBJBPBCA6A6A4AiAcAdAUANAMAC
2406700,A8A9BJBUBPBNBLBLBJA7A4A0AvAkAbAWAUACAGA+A7BGBKBNBPBLBMBGBCA5BBAuAnAmAZAVALAG
2406809,A4A7BJBMBLBJBNBRBBA9A9BAAuAiAmAXAPAJAFA8BIA/BHBHBJBPBSBKBDA/A6AuAkAhAbAUALAI
2406908,AvBABMBUBEBNBEBJBKBPA+AzA0AjAaAXAWAFACA0A9BABIBDBKBGBWBUBGBBA8AwAnApAaAMAKAL
2407005,BABQBPBXBJBDBABNBKA7A7A0AsAkAdAWASAHADBBBABNBWBBBHBBBNBEBAA4A4AwAqAkAbAXAKAE
2407104,BLBRBLBOBKBLBNBUBMBCA5AyAlAaAUAOAIAEADBEBMBKBMBNBTBWBVBRBFA9A0AoAeAYAQAPAHAD
2407203,A6BDBDBKBJBCBEBMBMBDBHBAA1AfAXASANAEABA4BABEBFBHBHBIBNBRBMBKBLA8AlAdAWARAGAH
2407252,A9BBBYBUBDBFBNBYA+A7AwA0AqAuAgAVAMAKAGA+A/BVBLBBBABHBKBRA8A5A6AwAzAkAaAUAIAF
2407302,A3A+BHBNBTBIBPBNBHA5A0A4AwAmAhAXAPAIAEA6AxBJBJBPA/BLBUBJA2A9BAA1A0ApAdAXAHAE
2407401,AyA4BIBIA8BFBFBKBNBDA7BAA0ArAmAZAXACAEA1A8A/BJA8BDBBBQBMBDBABFAzA1AvAcAXALAM
2407500,BDBMBVBeBaBJBIBKBKBAA1A1AnAeAaASAJAEADBCBHBVBbBPBNBHBLBHA8A5A0AoAiAbAQAKANAA
2407609,A6A9BNBKBfBMBCBHBLBFA+AxAnAmAZAWAPAEABA5BBBCBVBMBRBJBOBLBDBFBEAqAoAhAWAMAEAK
2407708,BPBGBSBRBUBFBGBDBGA8A3A4AmAcAaATANAJAGBHBKBSBMBVBKBMBJBHA+A3A0AsAeAiAYAQAOAG
2407807,BEBNBNBVBWBUBMBHBBBBA3AwApAaAZASANAEACBIBIBKBSBQBWBSBKBFBDA5A2ApAfAaAVARAGAE
2407906,BMBFBHBJBZBQBMBHBIBCA5BBAdAeAdAOAUAIAFA+A+BEA/BMBVBYBJBFA+A9BHA2AdAaAUARAHAI
2408003,A9BDBGBIBMBLBPBTBQBAA8A2ApAcAUANAIAEACA6A/BBBEBNBSBWBZBXBHBFBCAzAlAdASANAIAF
2408102,A7A/A+BDBMBMBHBKBJA8A6A2AtAiAZAPAKAFADA4A9A9BBBPBPBRBVBVBIBHBIA6AvAlAaASAKAI
2408201,BKBPBLBJBlBuBmBVBTA5BAAzAuAbAUAMAKAFAABDBMBFBIBKBLBBBLBEA8A7AxAhAaAUARAKAGAD
2408300,BHBCBJBVBRBKBKBMBGA9A6A0AoAcAaARAQAGACBABDBJBOBQBNBMBRBLBDA5A/ArAiAfAXAWAJAF
2408409,AqArBABMBTBCBNBCBPBFBABFAsAsAjAdAXANAEAyAyA6BFBBA+A/BGBDBPBMBDA4A0ArAlAZASAE
2408508,A3BDA8BIA9BFBFBTBIBDA8BCA1AzAkAaAUAIADA4A7BBA7BCA2BIBNBIBAA9BFA4A1AmAfAVAPAP
2408607,A8BEBhBOBUA+BIBVBVA6AxBBA2AiAlAdARALAEAzBCA7BJA4BCA7BUBOA7A3A6AwAsAgAdAMAMAI
2408706,AuA1BJBPBNBHA/BNBDBLBBBPAyAoAcAWAZAIADA7AvAzBKBFBABCBKBLBJBEBKAxAsAmAfATANAI
2408805,BOBJBMBdBTBNBJBaBKA3AsAvAfAcAZASAMAHAHBUBDBQBbBVBbBNBQBCA3AwAnAnAjAZAWAMAEAJ
2408904,A7BDBLBFBJBDBQBQBKA9A3A6AtAkAdARALAGAEA5BGBLBFBJBKBSBYBMBCA5A+AwAoAiAYARAJAN
2408953,BJBKBVBfBVBQBFBPBKBCA9AvAdAdAXAOALADACBRBKBSBUBTBLBABPBNBEA0AuAkAeAaARAQAJAD
2409100,BFBBBWBNBNA+BMBLBRBKA0A2AgAWAaAYAUAEAEBFA9BTBKA6BEBXBkBWBBAxA1AtAcAiAWASAOAG
2409209,A2BDBHBQBGBVBJBIBEBWBFAsAnAuARAiATAGAAA8BQA8BRBMBFBABVBPBHA8ArAjAsAiAZATAIAF
2409308,AzBBBMBOBNBKBBBCBIBDA+A2ArAhAgATAQAIAGA1A8BGBLBNBJBABOBXBLBDA/AzAtAjAZAVAGAI
2409332,BHBEBQBiBYBJA/BPBIBEA6AxAmAfAZAUAPAFAHBFBIBABZBHBTBJBQBDA7BAAxAnAiAfAVAPADAH
2409407,A9A9BABJBUBUBRBVBKA+A6A0AmAbAXAPANAFADA8A8BDBEBUBSBQBZBQBFBEA+AvAmAfAVALAMAI
2409506,BTBMBRBgBQBRBGBVBLBBA8AoAgAdAXAVAJABAEBLBGBFBiBTBJBQBFBKBCAxAtAiAcAjAVAIAHAF
2409605,A8BDBVBLBVBUBLBRA7A9A5A8AzAlAjAbAKAMAHA9A9BEBQBMBMBFBKA8BEA5A5AwAiAlATAIAKAK
2409704,BBBLBRBIBVBQBFBOBGA/A5A6A3AlAiAVARAJABA+BEBFBRBKBGBCBJBAA4AxA/AwAjAhAXAVANAF
2409803,BKBPBWBVBGBKBMBMBAA7A1A1AqAgAbARALAHAJBHBJBQBPBJBJBOBLBCA9A5A5ApAiAfAUAQAKAK
2409902,A7BHBKBWBIBFBFBRBNBAA/A5ArAdAXATANADADA2BCBIBTBLBLBJBRBOBGBDBAA0AiAfAWAOAHAI
2410009,AtA7BBBaBEBDA4BQBOBUA/A7AuApAfAbAWALAEAzA3A/BJBAA8A6BeBMBGA7A+A1AyA1AZAXAKAG
2410108,BCBHBTBbBeBOBLBLBKBGA6AsAmAfAXAVAOAEAGA/BABOBZBPBKBSBXBFA3AzAtArAgAdAQASAHAD
2410207,A4A6BOBFA9BIBDBQBFA9A7A/A1AqAeAVATAKAGA2A9BOBEBFBBBKBKBHA8BFBHA4A1AlAXAVAKAQ
2410256,BNBNBGBhBWBYBGBMBGBABAA4ApAeAbAMANAEAABHBJBKBHBNBRBIBDBMA+A/A8AqAdAYAQANAEAE
2410306,BHBKBSBgBYBRBPBJBLA1AuAwAmAgAbARAOAIADBIBOBQBaBQBXBKBEBHA1A0A0AlAbAdAUAVACAC
2410405,BSBLBRBZBWBLBMBJBEA+A5A4AmAbAaASAOADAEBIBRBTBbBTBKBFBIBBA6A3A3AkAaAaASAOAHAD
2410504,BCA8BGBUBOBOBGBcBFA5A0BCAsAmAhAYARALAEA0A5BEBEBFBLBNBQBIBCBGA6AjAyAhAXATAJAG
2410603,A3A8BLBNBEA8A6A8BFBIBQBMAxAnAlAZATANAFAqA2BLBgA+A8A9BKBOBJBJBIAqAsAqAWAZAFAE
2410702,BDAzBOBdBRA9BFBRBDA/BFA4AsAZAgAVAXAIAHA1A6BXBQBBBHA6BOBSBJBDA6A0AiAYAZAWACAQ
2410801,A0A/BRBdBFA4BLBOBHBAA6A9AyAlAqAZAQAKAOArA4BDBNBDA8A/BOBKA8BCBBAyA0AlAdAQATAF
2410900,A8BOBIBdBZBZBSBGBGA6A4AzAtAfAXAQARAEAAA/BFBCBaBQBbBKBJA+BEA1A2ArAiAYAXAQAHAH
2411007,A1A6A9BbBFBUBCA/BKBLA8BBAwAgAiAVARAFAIA2BGA/BPBDBFA6BIBTBDBEA9BCApAlAaANAHAL
2411056,A9BCBHBABhBSBPBRBrBKBBAuAqAcAYAKALAEAEA7A9BHBIBOBDBGBdBYBIA9A7AnAmAbAPAJACAB
2411106,BFBBA7BWBVBUBFA7BHBMA4BJAuAsAgARAPAJAHBIA4BCBQBUBLBFA7A+BEA+A4AqAnARAfASALAG
2411205,BBBJBLBNBQBMBKBOBIA6AzAwAlAbAZASANAFAEBABKBKBLBPBVBWBXBNA/A+A3AtAiAeAWARAJAG
2411403,A2A9BCBFA9BGBFBNBIBIBABIA2AoAiAcAVAHAIA3A3BBA8A7BABJBRBHBFBBBJA1AtAnAeAXAMAK
2411429,BDA8BEBDBGA8BIBSBbAyA/BMAyAxAhALAXAEAHA7BEA4BLBCBFBJBXBLBBA7A+AyAjAWAjASAQAI
2411502,BBBABNBYBRBSBLBPBLBAA6A0AnAeAbATARAGAAA/A/BEBNBOBQBHBPBLBHA5A5ArAhAeAWAWAHAG
2411601,BPBABRBjBQBSBGBWBBA/A4AzAsAnAYAUAPALAEBEA+BXBSBGBCBLBZBBA9A0A2AkAdAgAOAOAJAE
2411700,A6BCBIBQBMBJBCBXBAA7A1A3A2AcAaAWASAGABA/A/BWBNBLBKBfBQBAA7A9BGAlAkAhAaATAHAK
2411809,AyA8A+BEBABKA8BSBCA/BKBOA1ApAtAWAZAOAAAxAwA+A7BJBEBIBLBQBCBFBFA8AxAhAgASARAC
2411908,AyBFBBBKBIBIBJBRBTBBBDA0AqAoAlARAOALAFA+BAA4BFBABIBPBOBOBGA+BEA1AsAoAUAQAHAJ
2412005,BIBNBMBMBMBQBRBbBSBCA3AtAhAYAQALAHACACBEBJBGBHBQBVBdBgBaBGA8A0AmAbAWAOALAEAD
2412104,AwA0A/BCA/BBBGBQBPA/A7A8AzArAqAZAfAEACA1A3BEBIA+BABHBNBEBHBHBNA3AtAyAhAXANAH
2412203,BLBPBRBWBNBKBNBTBIA9A3AvAlAcAUAOAIAGADBHBPBNBOBMBSBUBTBLBAA6A1AmAeAYAUAKAHAH
2412302,A6BIBJBRBQBPBNBMBEA+A8AzApAiAaATATAIADA4BABEBMBWBRBQBJBEA9A4A+AtAnAiAYAQAKAO
2412401,A/BAA+BJBBBMBQBUBIA/A8BFAzApAUAXAMAHAEA1A5BEBLBIBKBOBTBTBBA8BCAyAgAnAaAZAEAA
2412500,BBA/BOBYBUBIBJBKBGA2A2AvAqAdAcATANAJAFA6A/BIBSBTBNBMBOBMBCA7A9AyAmAjAYAYAHAB
2412559,BNBRBLBZBSBWBcBXBGBBAvAxAmAbAVAQAKADADBIBNBPBSBVBSBUBTBDA7AyAvAfAbAaAPAFADAJ
2412609,A9BABMBRBMBGBJBRBBA7A7A7AvAiAZASAPAGAEA7BDBIBMBPBNBRBPBJBEA+A7AzAiAdAXAVALAH
2412708,BFBABLBNBTBIBEBIBGBFA/A2AnAlAcAYAMAJADA9BCBEBNBLBCBKBDBIBLA8AzAxAxAgAbASAKAO
2412807,AvA7BBBUBGA9BKBUBOBHBGBCA6AnAfAWAQASADA0A2A2BCBAA8BCBSBPBDA+BGA1AqAnAeAYANAG
2412906,A2BABGBMBOBNBLBEA9BFA8A2A1AoAkAbAQAKAMA2A3BDBFBGBJBJBIA9BGA+A6A6AmArAcAZAOAK
2413003,A9A8BLBEBKBCBBBUBOBEA8BAA2AnAbAYAJALAHA3A0A9BFBFBOBGBOBVBFA/BJAvAnAlAXASALAH
2413102,BCBLBNBTBNBRBIBHBEA+A8A8AtAkAgATAMAIAGBDBFBIBQBLBPBKA+BCBAA9A4AqAqAZAXAQAGAJ
2413201,BUBQBaBkBRBFBGBABLBDA6AeAlAdAZASAGAFADBQBSBPBhBIBTBEBVBSA7AtArAtAaAXAXAKAEAC
2413300,BDBFBGBQBLBLBOBRA+A/A6A3AwAiAaAVAUADAEBABEBOBQBNBFBHBOBCA8A3BGAqAkAhAYAVANAG
2413359,BRBNBUBTBbBNBOBRBMA/A9ArAoAWATAOALAHAGBMBQBPBSBWBRBGBUBLA7A0AwAjAZASAPALAFAE
2413409,A2A5BDBSBXBWBEBMBMBFBCA8AvAdAiATAWADAEAwAxBBBNBIBABIBNBMBHBDBEA0AlAiAaAVAKAK
2413508,A/BEBHBYBXBUA/BQBMBBA9A6AnAfAeAXAVAGAEA4BHBBBQBJBMBCBLBKBKA7AsArAlAdAXAUAKAH
2413557,A6A5BFBKA/BFA6BMBPBJBDBDA0AsApAbASAKAFA/A6A4BQA6BCA+BVBLBDBCBAA0AtAoAWAXAGAJ
2413607,A0A6A6BKBEBQBIBOBEBFBFBLA5AnAkAVAMAJADAxA7A9BAA9BQBJBGBABTBKBEA0AyAhAWAaAJAG
2413706,A9BFBQBHBEBMBJBYBPBBA5A7AtArAcASARAGAHBAA9BRBJA9BLBQBHBMBGAxA0A3AlAbAbAPAJAJ
2413805,A7A6BQBZBKBABABXBWA+AwA3AjArAfARAIAEAMBBA6BIBBBLBDBOBRBiBHA5A/A6AoAcARAMAIAI
2413904,A/BIBWBbBUBNBMBVBFA6A3A3AnAfAcAUAMAGAFA+BJBMBRBPBJBIBPBHA5A0A4ArAiAeAUAQAJAE
2414001,BFBLBQBTBLBQBJBRBIA7A2AwAnAfAaAOANAGAGBDBHBMBNBPBUBIBVBHA+A2A6AxAhAeAUAOAGAJ
2414100,BHBEBLBNBSBEBFBRBMA/AvBBArAkAaAVANAHAFA+BDBKBLBGBDBXBTBGA+A3A/ApAmAhAYAVAMAC
2414159,BBBMBdBhBKA/BKBdBOBCAvApAgAaAaAUAOADADBHBGBaBSBNBKBPBWBXBBAvAwAkAgAfAPAMAFAE
2414209,BLBLBIBMBQBTBYBbBWBBA8AmAjAZATAJADAEABBLBLBFBJBSBcBcBfBVBHAzApAlAaAVAMAIAGAF
2414308,AwA2AxBFA7BWBJBGBOA3BRBDAyArAhAXAVAPACArA4AxA/BKBEBKBIBRBPBIBUAuAxAsAXARAKAU
2414407,BHBQBOBbBcBVBMBSBJA8A6AvAlAZAYAPALAGABBGBLBPBVBRBQBJBRBIA+A2AvAjAeAZAQAMAIAD
2414456,A8A7BRBfBNBOBOBOBJBCA5A5ArAkAYASARAHAFBCBSA8BgBMA8BRBJBMA+A4AyAfAjAgAYAQAGAF
2414506,AzAyA8BNBLBLBIBQBJBAA+A8AwApAjARAUAKAAAvA5A/BABMBNBLBNBQBIBBBFA6AvAnAdAWAGAL
2414605,A9BIBMBMBQBJBSBYBRBEA9A8ArAcAaASAOAIACA4BGBOBJBJBIBNBRBMBBA9A4AnAhAcARALAHAK
2414704,A+BHBPBSBCBEBJBJBNA6A5BCAsAmAmAVAJAPAGBBA9BGBHBDBGBKBTBEA7A4A8AwApAlAYASASAJ
2414753,BIA0BNBYBSBFA7BTBIA8A/BHAyAkAeAQATADAAA4A8BRBOBGBDBCBSBJA/A8A6A6AkAfAWAdAIAA
2414803,BIBFBHBcBMBQBMBKBBA9A+A2ArAcAaAQAMALACBHBIBIBMBTBRBPBFBGA+A/A8AnAfAfAVAOAOAD
2414902,BABHBGBFBOBHBWBDBHA4BFA7AiAdAmASAbACAFA0BSA6A5BTBQBOBFBOBHA7BCA2A0AWATASANAC
2415008,BOBcBQBRBfBNBTBKBEBFA4AqAtAaANATAHAGADBCBfBDBIBTBdBZBWA6A0A2A7AeAbAVAKANAKAD
2500106,BEBEBQBeBQBEBHBIBLA+A6A3AmAhAXAVALALACBDA/BRBQBPBHBNBGBFBBA0A7AuAmAgAaAQAKAI
2500205,A0BFBPBMBFBABABIBUBMA8A0A2AmAfAXAVAOACA0A2BHBDBGA+A8BSBXBAA8A4A3AyArAgAPAOAI
2500304,BHBKBRBQBJBHA/BGBCA8A4AzAsAlAdAVARAEAFBFBEBJBMBJBIBGBLBIBABAA3A1AoAiAbAYANAG
2500403,BOBRBNBXBQBGBJBHBFA+A0A1AnAdAaAPALAHAGBLBPBKBLBLBLBMBLBIA/A6A0AsAhAdAYATAIAI
2500502,BPBLBNBVBNBMBHBLBGBCA3ArAkAeAXAVAMAIACBIBKBQBOBQBOBJBKBKBFA7A1AmAiAeAWASAHAI
2500536,BMBZBKBSBRBMBIBEBCBCAzA+ArAZAdARAPAGAEBHBMBJBFBEBSBPBHA+BFA8A9AqAlAXAVASAHAK
2500577,BdBPBaBZBIBIBKBOBHBAA8ArAlAdAlAQAHAJAFBNBGBQBZBEBKBKBIBABCAtAzAtATAfAbANAHAE
2500601,BSBYBTBRBUBJBEBKBNA/A0AwAkAXAUAMAHACACBQBQBQBTBSBPBPBQBRBHA/AwAmAdAWANAKAFAD
2500700,A4A6BDBHBNBAA+BWBOBPA7A1AzAmAiAYAVAJAFA1A7A4BIA/BBBBBOBaBCBDA7AzAwAqAjAXAMAF
2500734,A3BZBaBcA0BFBHBTBPBHA4A4ArAmAhAQAKAJADA6BNBSBIBJBBBKBZBEA7AtBJAfAkAZAZAPALAH
2500775,BBBDBOBMBDA5BDBGBQBJA4BGAtAlAgAXARAPAEA5BABIBEBCA+BHBUBHBAA6BFAxAoAkAdAdAHAE
2500809,BBBKBNBLBCBJBEBFBJBCA+A5AqAkAhAWATAEAHBEBHBDBHBGBIBKBKBDBBA/A6AvAsAhAcATALAI
2500908,BAA/BDBOBAA8BEBJBDA5A4AyAsArAlAbATAKALA+A9BMBIBDBDBHBJBKA/A9A1A5AvAwAmAZATAH
2501005,BEBDBTBRBNBABEBMBFBDA4A0AqAiAYATAVAGABBFBMBOBUBNBHBIBKBCBDA/A6ArAkAgAWATAMAG
2501104,BBBNBRBRBIBJBGBLBOA3A1A3ApAhAaARANAFAEBHBFBSBNBIBHBIBPBLA+A5A9AwAkAfAYATAHAL
2501153,BQBGBLBEBNBOBMBZA7BJA8AxA3ApAcAQASACAIBBBGA+BBBLBVBJBEA4BABABBAlAeAcAeAaAQAE
2501203,BJBOBOBMBIA6BBBIBJA6A6AzAqAkAeAXAHAOADBDBHBMBSBHA+BGBMBPA8A9A5AyAkAtAaAYAMAM
2501302,BCBRBNBWBNBDBNBIA6A+A4A2ArAkAdAVARAGAFBHBDBKBMBJBJBMBFA6BAA+A7AxAmAmAbAPAKAJ
2501351,BVBNBbBXBMBLA8BLBKA+A3AlAjAdAdARARAFAGBBBhBKBLBKBIBGBZBIBGAwAwAmAcArAOARAGAI
2501401,BbBXBgBbBPBMBCBGBDBGAzAtAkAaAUANAEAEACBcBOBZBZBOBNBKBPBKAzA1AyAoAcAUAPAMADAE
2501500,BGBGBHBUBSBGBIBPBJBFA8A0AqAlAbARAMANABBDBEBFBPBGBGBJBMBJBBA+A4AtAkAhAVAVAIAI
2501534,A/BCBPBXBRBJA7BGBGBGAyAtAsAnAcAYAPAMAIA6BHBDBSBGBFBQBIBCBCA7A9AzAoAlAeASAKAN
2501575,BDBDBLBTBKBCBJBHBHBFA7A5AwAtAmAbAQACAIBBA8BDBEA6BJBJA/BDBEBCA6A2ApAmAdAUAMAE
2501609,A5BDBQBVBMBABJBJBMBEA6A9AuAqAeAXASAJAJA3A0BJBJBBBBBCBNBMBEA1A7AyAuAhAeAVANAK
2501708,BEBGBTBOBJBLBKBPBFBAA3BAA2AkAjASAOAHAFBHA+BCA9BFBCBMBNBAA9A6A6A1ApAcAZAQAHAR
2501807,BDBJBJBMBOBIBFBFBLBCBCA1AnAbAUANAIAEABBDBGBGBJBOBLBJBQBWBNBKBBAvAkAgAVANAHAG
2501906,BCBEBLBRBLBKBDBIBJBHA5A0AoAgAeAXARAKAGA7BABBBEBJBHBEBMBRBHA5A7AwApAqAZAXALAK
2502003,A4A+BOBQBJBRA2BHBOBKA9A9ArAiAcAWAQANAFA8A+BFBNBABCBJBKBKBNA/A/A3ArAgAaATAIAF
2502052,BHBLBYBcBIBKBBBPBHA6AtAuAnAdAiAaAKAEACBBBOBaBaBMBHBDBaBDA3A6A5AlAkAgAUAJALAJ
2502102,BLBKBRBaA+BBBNBDBQA+AyA4ArAoAfAXAKALAGBIA8BQBHA+BBBNBPBKBCA0A2AsAtAfAgAKAOAJ
2502151,BBBDBWBDBLBPBIBIBMBCAyA7AxAoAbAUANAGAGA+BFBDBHBFBDBPBNBQA/A9A+AwApAdAYAQAQAF
2502201,A7A1BPBLBgBABCBLBLBQA9BFAkAvASAeAYAFAFA6BEBABPA/BABNBIBAA9BFA4AvAjAsATAUAOAI
2502300,AwA0BABKBGA6A5BHBDBAA+BIA5A2AwAhASAGAQAwA3A0A9A/A/AxBFBPBIBCBMBFAxAxAjAaAUAH
2502409,BMBKBXBgBPBFBDBLBKA5A1A0AiAhAdAUAMAGAEBJBFBVBdBLBIBGBMBGA+A2AxApAiAgAXAMAJAG
2502508,BLBIBPBUBJBNBMBMBCBBA3A1ArAeAYASAMAGAEBEBEBNBQBJBKBMBNBEA/A8A9ArAiAjAXAPAKAI
2502607,BAA/BSBPBNBHA8BHBCA/BAA5AtAqAeAYAYAHACA5BCBABNBEA9BGBMBFBBBAA/A2A0AmAeAWAJAC
2502706,BFBQBZBdBXA/AwBHBLA/A7AvAtAgAfAaAQAHADBBA5BRBVBGBDA5BQBLBEAwA1A0AjAkAeAXAGAK
2502805,A+BABJBNBPBNBTBLBHA7A4A6AvAhAUARANAHACBABBBJBLBGBPBRBPBQBDA+BDAvAmAdAXAQAHAH
2502904,A8A8BABMBMBHBABLBHBHA7A3AvAnAgAXAQAKAKA3BBBMBMBIBBBIBJBJBJA9A8A1AtAlAbAWANAE
2503001,BPBYBVBQBOBGBFBQBJBDA1AtAiAaASAMAJACABBQBaBYBNBUBQBNBQBSBHA5AuAnAdATANAJAFAD
2503100,BABIBVBDBBA8BPBCBOBFA0A6AyAqAnAVASAFAFA6A9BFBLBDBDBMBHBGBAA6BAA4AnAiAcAaAKAH
2503209,BJBLBIBKBOBFBCBMBKBBA7A0AqAeAVANAFADAEBFBGBFBGBNBNBKBXBYBMBEA9AzAnAdATAOAHAE
2503308,BFBKBHBJBEBJBLBQBIBEA5A4ApAhAiAUATAKACA+BGBGBMBGBJBJBNBEA7A2A6AvAmAmAfAVAMAF
2503407,BKBKBGBWA+A6BGBUBRBFA7A3AwAoAaAYAMAJABBLBFBBBFBFBFBNBUBIBCBAA6AtAeAiAVAQAFAI
2503506,BDBFBQBWBJBFBEBIA9BAA4A2ArAgAeAWAPALAHBBBIBJBQBIBEBEBKBHA9A6A/AyAjAlAbAZAOAI
2503555,BcBPBnBrBRBPA2BCA7A0AoAmAnAbASANAPAFACBjBiBkBnBMBIBFBJA9A0AsAsAnAaAYATATAJAH
2503605,BCBNBUBOBMBBBLBFBHA5BCA6ArAgAbAXAOAIAJA8A/BQBQA7BEBOBGBEBLBIA+AqAjAfAYAUAJAG
2503704,BABCBEBJBQBNBOBRBNBBA0AvAmAhAaARAMAGAEA8A/BABFBOBQBRBWBTBGA8A5AuAsAiAZASAKAF
2503753,A4BHBYBYBCA0BFBVBNBEAyBAA6AgAfATAWAKAGA/BCBLBXBAA9BHBNBIA5A9BDAvApAcAYAMAAAR
2503803,BLBOBDBJBTBDBJBGBDA8A8A5ApAcAbAWAHAHAGBOBOBABLBNBXBDBRBEBFA/A4AnAeAgAdAYAGAG
2503902,BCBDBIBSBHA4BHBHBDBAA9A4AsAhAnAYASAJAEBABFBGBOBNBLBCBJBEBFA7A8AzArAqAaAQAJAJ
2504009,BBBFBFBGBQBPBLBPBKA9A3AxAnAdAWANAJAFACBABDBCBEBQBSBTBTBUBHBCA9AzAoAgAXARAKAF
2504033,BeBVBZBWBUBKA+BDBOBDAwAsAgAcAZAOAGAEABBRBPBWBeBQBcBKBMBJA6A4AtAfAeAYANAMAGAE
2504074,A3A/BFBVBRBLA/BEA9BJA9BCAwAsAoAcASAGAFA4BBBCBKBIBABBBRBABDA7BCA1AiAlAeASANAG
2504108,BHA7A8BMBRBZBXBcBSBABOA8AvAsASATAOAGAABBAzBBBVBIBRBKBHA9BMA7A2AkAjATAYAPAHAC
2504157,A/BCBOBXBMBGBHBQBBBFA7A1AmAlAdAWAZAIADBBBDBJBJBHBHBABLBHA9A7A4A2AnAjAcAVAKAJ
2504207,BHBGBRBhBMBAA+BNBDA8A3A4AxAlAYAYANAIAFBEBFBRBMBCBABNBHBOBFA2A5ApAoAkAYAMAPAG
2504306,BCBDBDBHBLBIBJBPBHA9A9A6AtAfAeASAQAIADBBA4A4BFBIBNBJBYBSBIA3A/A6AwAiAWATAKAH
2504355,BKBABRBRBOBMBLBGBLA4A3A1ArAhAcAYALAJAABHBKBIBVBNBFBNBNBLA6A5A8ArAjAhATAUAGAE
2504405,BIBEBNBQBGBJBHBSBNBEA4A4AuAjAfAUAOAHADA+A+BEBKBCBEBIBUBNA/A8A7AxAnAjAaATAFAG
2504504,A+A2BJBSBGBEA+BJBFA9BABDAsAtAjAXAMAJAGA8A8BHBPA3A7BJBBBIBFBFBKBBAwAmAdAYAHAG
2504603,BUBSBZBPBPBEBHBNBLA+A3AzApAeAVAMAJACABBRBPBPBPBMBSBOBQBPBCA6A2ApAeAWAOAGAGAD
2504702,BAA+BABTBLBPA+BKBCBQA/A3AqAgAcATAMAQACBAA9A/BHBNBFBVBPBHBNBAA7AnAnAiAfAXAJAH
2504801,BGBGBOBRBMBEBFBNBGBAA5A4AtAjAbAWAPAIAEA9BFBHBKBIBIBIBKBMBFA5A8AuArAkAZASAKAF
2504850,A4A9A8BUA9A9BPBDA9BNBSBIBGAsAWAfAeAHAIAxAsArA7A0BDA6BcA6BHBNA5A9AlAvAnAYALAS
2504900,BPBPBOBVBYBPBBBJBLBEA7A0AjAdAVARAIADABBHBJBJBXBRBNBLBMBSBEA+A0ApAaAZAQAIAGAF
2505006,BIBLBGBWBYBLBLBFBGA8A5A1AtAcAaATANAHAGBFBABEBWBKBKBPBPBDA6A1A8AqAhAjAZAPAPAK
2505105,A9A+BGBHBQBFBIBLBCBEA2A5AvAmAdAVASAKAEA7A9BDBEBJBIBNBOBBBJBDA+AxAsAlAbAXALAO
2505204,BNBUBSBQBRBKBOBGBBA+A3AvAjAhAaAQAKAJADBDBWBKBEBUBOBOBOBOA+A0A0AnAiAfATALAIAL
2505238,BOBIBUBPBVBCBGBLA+A9A0A5AuAsAeASAPAGAFBLBBBEBJBMBJA9BPBIA5A9A5AtAqAfAXASARAE
2505279,A6BDBSBOBZBGBABDBSBJBAAxArAlAfAVARAKAEBFBBBTBNBIBGBHBIBJA8A3AxAoAkAnAVAQAPAJ
2505303,BHBEBPBRBTBYBIBDBOBIBIA6AtAYAqAIAXAIAEA4BBA7BJBFBOBJBIBIBMBBA4AkAfAcAfAIAHAE
2505352,A+BFBUBPBGBFBMBUBRBDA8ArAmApAZAaAPALAEA+BEBLBJBOA/BRBPBBBEA1A3AqAnAfAZATAKAH
2505402,BGBJBRBVBJBJBDBGBGA9A1A1AmAcAdAXAQAEADBEBGBKBYBHBOBEBNBJBKA6A0AqAqAnAYAPALAF
2505501,A3A+BKBcBUBMBTBaBSBGA2A0AnAgATATASAIAAA8BLBFA/BLA+BQBOBMBPBAA2AkAkAfAdAHANAE
2505600,BGBCBOBKBGBHBEBNBSBFA8AzAmAeAcAYARADAHBKA9BMBKBGBIBNBMBOA+A6A4AzAnAjAaASAEAI
2505709,BGBMBOBdBOBIBKBJA+BEAyA2AoAgAeAXAPAHAFBEBCBWBOBNBJBEBSA/A9A3AuAtAhAnAYAMAMAI
2505808,A8BPBGBFBOBRA5BaBAA2A8A6AmAhAgAaAQAMACAxBCBABhBEBIA/BIBKBCBBA9AyAlAmAkAdANAE
2505907,BHBIBdBmBGA+BCBRBaBNA4AtAgAWAeATAKAJAAAyBCBIBgBGA9BGBcBMBFA2AxAlAwAdAYAPAIAF
2506004,BKBLBPBQBPBHBEBHBGBAA4AyAlAeAYASAJAIAFBCBHBOBLBOBIBJBPBPBAA6A5AtAnAgAZAUAKAJ
2506103,BMBLBNBTBLBEBIBIBBA9A2AxAoAjAhAYARAIADA/BPBTBPBCBGBJBJBCA7A9AyAwAlAmAeAWAMAD
2506202,AvAyBABOBGA7BBBaBLBHA3BGAxAoAnAeAYANALAsA4BEA4A6BCBOBHBbA9A+A/A8AoAtAgAVAYAG
2506251,BKBJBRBKBNBLBKBIBIA6A3AzAnAhAhAaAKAIAFBJBOBJBLBJBOBIBEBIA8A8A2AsAnAmAXARAKAG
2506301,BHBJBMBJBMBLBJBLBMA/A8AyAoAdAWAPANAEACBBBEBFBJBLBNBPBSBQBJBCA8AvAhAfAWAWALAC
2506400,BHBSBLBOBTBIA+BIBNBAA/A1ArAcAbAUAQADAHBBBMBDBHBPBMBCBKBIBHBCA3ArAjAdAbASAJAH
2506509,BLA7BFBRBHBDBGBIBCBHA5A/AvAnAjAQARAHAHBKBDBJA/BJA+BDBLBCA+BGBAAzAjAnAeAQALAM
2506608,BDA/BNBNBCBFA/BCBKBGA9A8AyAnAhAbAOAKAFA7A9BLA7A9BCBIBFBBBHA/BDA9AsApAgAWANAG
2506707,BGBLBZBqBZBFBJBJBDA+AxA4AiAfAaARANAGADBGBGBSBgBPBFBBBMBIA7A4AzAnAiAbAUARAGAF
2506806,BABIBLBQBKBGBNBEBNBAAzA5AoAoAdAUAKAHAGBIBFBFBDBHBLBKBPBFBHA8A6AqAsAlAXAUAIAN
2506905,A+BFBEBGBIBABIBGBPBCA+A5ArAjAdAQAOAIAEBCBFBABCBEBIBKBKBLBKBHBCA4AsAkAaAaAHAH
2507002,BDBHBNBTBPBMBHBMBQBAA5AxAnAdAYAPANAGACBABDBIBOBNBKBPBSBSBKA4A3AsAlAdAVANANAE
2507101,BPBMBNBQBSBKBHBPBKA/A8AwAkAfAdAUAMAHAEBFBJBKBQBLBNBLBIBMBDA4AyAkAfAjAXAOAMAE
2507200,BEBRBWBVBCBOBDBJBJA9A2AwAnAiAeAVALAJAFBJBEBSBOBKBGBIBQBEA7A9AyAwAoAiAYANAMAH
2507309,BFBMBOBUBGBHBBBCBDBBA5A1AsAhAbAYAPAIAFBCBJBJBRBLBDBJBLBJBBBAA5AtAlAlAZASALAH
2507408,A8A4BGBLBJBEBEBJBFBEAxBGAvAoAjAZATAJADA3A7BDBLBJBHBDBHBHBJBBBFA0AyAjAcAeAKAD
2507507,BABEBDBEBLBMBMBPBMA9A4AyAoAeAWANAIAEABA+BBA/BDBOBSBUBaBYBKBFBBA1ArAhAWAQAJAF
2507606,BDBABKBSBTBSBHBJBBA9A3A4AqAbAVAWANAHAJBGBHBOBPBLBJBNBLBNBBA/A9ApAfAcAYAWANAD
2507705,BSBUBcBWBMBIBFBOBMA6AyArAhAbAYAPANADAEBRBOBVBWBRBHBMBPBCBCAwAwApAhAbATARAHAI
2507804,A7BIBPBSBHBIBDBOBHBDA5A1AvAlAiATAOAHAGBHBHBMBOBFBLBFBPBQBCA3A3AqAkAjATARALAI
2507903,BOBMBRBVBNBIBEBKBNBAA3AtAiAbAWATAPAIACBFBLBQBMBQBKBLBPBWA6A3A0AlAlAeAXAVAFAK
2508000,BCBMBEBKBJBHBFBNBOA/A+A6AuAnAcAWAKAHAGA5BGBNBOBCBKBCBEBEBKBFA2A1AsAmAZANAKAF
2508109,A6BHBGBJA9BBBFBHBIBLA7A8ArAqAeAaAUAJAIA7A9BCBNBIBCA5BMBNBEA/BEA0AsApAaAWALAL
2508208,BGBLBPBRBKBIBBBDBDA8A8A8AlApAhAXAUAIACBKBJBGBLBIBDBBBJBCA5BEA/ArAmAiAcAVANAI
2508307,BEBJBQBQBKBIBEBLBLBAA6AzAnAfAaARAMAGAEBHBKBMBJBLBMBMBPBPBGBBA0AsAiAfAXAOAJAG
2508406,BAA+BVBEBKBCBJBKBiBCAuA7A3AtAoAfAJAJAFA3BEBDBGBEA6BHBTBGA2A4A0AuApAmAdAbANAE
2508505,BGBPBSBcBIA4BBBLBKA+A2AxArAhAfAWAOAHAHBDBGBKBWBKA+A+BNBEBCA5A6AxAmArAZAXALAE
2508554,BHBJBTBUA6BGBQBWBLBKA6AvAiAaAhAOARAFABBJBCBSBMA/BPBTBTBMBEA5A9AkAZAcAVAKAPAG
2508604,BXBWBTBcBLBEBBBBBHBAA4AwAtAgAXANAJAEABBMBOBMBQBPBLBIBLBNBHA+A5AuAgAYAQAIAFAE
2508703,BABCBUBVA9A6A3BLBGA/BABDApAtAeAYAOAIADBCA7BTBOA5A8BVBGBIBEBFA4A5AsAfAaAXAKAJ
2508802,BABABIBIBUBABABMBHBEA+AxAwAjAaAXAQACAIBIBHBFBLBIBIBDBLBFBAA9BAAwAmAoAZAWANAN
2508901,BTBPBSBRBPBNBHBJBHA6A4AxAkAcAXAOALADACBOBOBNBNBRBOBMBOBMBBA9A2AoAiAbASAMAJAE
2509008,BHBNBXBaBJBHBNBNBLA+A0A1AmAaAZAZAPAHACBCBLBYBVBDBCBQBFBEBBA5A0AnAjAjAZAVAEAE
2509057,BiBfBWBcBSBPBMBPBCAvA3AwAjAXAUAOAGAFACBYBZBWBYBPBQBRBJA+A6A0AoAiAaAWAQAFAHAH
2509107,BHBNBHBLBLBDBFBLBIBCA3A0AqAkAgAVAKALADA8BEBIBIBFBGBKBOBMBIBBA9AtAmAkAbATANAH
2509156,A9BCBPBRBJBHBGBJBQBAA3A1AtAjAZAVAPAHADBCBABLBOBIBDA9BLBUBFA9A9AzAqAjAYAVAJAI
2509206,BJBJBPBRBQBLBIBFBFA/A7A0AqAeAbASAOAGAGBCBIBCBLBPBRBOBLBDBKA7AyAqAhAeAdAPALAK
2509305,BbBYBXBYBQBKBFBMA+BDA4AtAfAbAWAPAIAEADBRBaBZBUBMBPBPBPBEBEA1AtAfAcAYASALACAC
2509339,BUBOBZBVBOBEBEBJBAA/A5A6AsAdAfANAPAIACBHBTBNBKBQBKBGBNBBA7A7A1ApAdAaAYANAQAF
2509370,A1BEBVBTBGBCA/BUBAA7A5A8A5ArAdAfAQAJADA6A3BEA4BMBMBPBMBEBIBBA4BAAqAlAXAUAEAH
2509396,BUBJBGBTBSBMBKBMBBA/AuA3AeAWAXARAPACACBRBNBNBOBOBaBRBVA/BFA6A1AmAeAeAVAQALAF
2509404,BNBPBJBNBGBHBJBTBAA9A9AyAlAiAbAVAPADAEBHBIBMBMBKBPBQBQBLA7A8A1AtAkAdAaATAEAG
2509503,BLBPBOBSBLBLBABIBIBEA0AuAnAfAcAVAIAPADBGBOBOBOBIBCBNBJBKA+A6A2AqAiAqAYARAGAH
2509602,BCBDBKBIBWBJA9BJBTBJAwA0ArAkAjATAOAHADBIBBBHBUBFBQBFBNBDA9A8A4AoArAqAVAcABAI
2509701,BIBFBKBOBIBEBCBFBIBCA9A3ArAlAbATASAGAFA8BBBEBKBFBLBHBRBMBIA+A+AyApAiAZARALAJ
2509800,BBBHBIBPBGA8BFBJBQBEA9A1AvAhAcAQAJAHAEBGBIBLBJBNBBBGBTBRBFA+A1AzAkAeAcAUANAF
2509909,BIBKBNBaBVBCBLBBBLA+A8AwAsAgAhASASAIACA9BCBTBQBEBHBIBIBJBDA4AwAvAqAgATAZALAE
2510006,A3BGBIBNBABFBCBTBUBKA5A/AsAsAkAaAUAJAEA8A6BBBJBCBABEBKBIBHA/A7AtAqAqAcAQAMAE
2510105,A+BLBNBUBPBCBHBAA9BCAyA3AlAdAdAXAPAOADA6BKBEBNBJBOBJBNBHBJA+BBAsAmAjAfAXAMAK
2510204,BIBSBZBQBJBOBLBMBFA+AxA3ArAmAbAWAJAEADA+BBBMBNBBBHBNBQA/BFA2A4AyAsAgAZARAHAG
2510303,A3A/A+A/BIBCBEBWBNBTA8BEApAoAfAbAUAGAHA2A5BFBJBLBFA+BMBTBABEA/AxAqAkAbAUAOAC
2510402,BGBHBQBKBJA7BCBPBGBDA6AyAwAvAbATAQAEADBBBABNBRBEBDBKBNBBBFA/BDAzArAmAVARAGAD
2510501,A5BHA2BZBQBBA6BDBNBNBDBFAxArAeAUAXAKAFAxBCBIBMA7A6BFBLBOBLA8A5A2AjAlAXAWAOAN
2510600,A8A/BXA/A2A7BFBCBTBFBCBABHAkAqARAKAOADAxBEBFA9AxBFBHBEBFBJBHBPA7AqAhASAaAUAL
2510659,A2BBBUBHBCAsBIA+BTBOAwBCA+A0AlAVAPAPALAhA4BMBIAuBHBABYBNA0BJA7A/A1ArAZAYAKAK
2510709,BHBIBIBUBGA+BPBLBKBIAyA0AzAqAaAZAHACACBFBIBMBQBOA+BRBNBNBJAwArAtAnAmAQAaALAC
2510808,BDBGBHBMBLBJBJBPBNA/A2AwAkAdAVAOALAEACBCBDBEBJBRBPBPBYBVBJBBA9AvApAgAWATAHAG
2510907,A6BCBABHBJBJBEBNBQBJA8A5AxAnAeAWAPAIACA8BAA/BFBBBHBLBVBMBGA8BFA2AqAnAYAWADAE
2511004,A9BEBEBdBBBIBDBMBNBHA4A6AmAZAgAWAMANAEBHBABPBMA/BHBBBOBMBQA7A1AxAtAmAXARAKAG
2511103,A2A7BOBOBHBDBHBNBJBFA5A+AsAjAjAcAVAMAGA7BABABKBAA7BNBNBPBFA5BAAwAqAnAcAWAIAJ
2511202,BHBPBPBPBMBKBKBMBPBEA6AvAlAcAXAQAMAEAFBEBJBNBJBNBOBPBVBSBCA8A0ApAhAZASAMALAD
2511301,BAA7BEBIBJBHBGBGBSBDA9A2AuAkAeAVAOAHACA1A6BCBMBJBNBHBWBOBHBEBAA0AqAhAaAVAJAG
2511400,BCBFBHBRBLBIBHBKBEA/A4AzAtAjAdAVARAEAGBDA/BHBKBPBNBMBLBJBKA/A6AsAmAjAXAUAIAJ
2511509,BKBMBQBPBNBMBLBDBIBBA+AvAkAfAeAPALAJACBNBJBOBKBKBJBMBJBNBHA+A1AsAgAdAVAOALAC
2511608,BGBQBXBbBQA8BKBSBGA9A2AoAoAbAbASAQAJADBTBOBRBQBOBEBWBKBGA8AuAyArAjAdATAVAIAE
2511707,BUBLBKBVBKBIBKBSBNA2AuAvAqAeAaAMAMAHABBSBRBUBJBHBKBOBUBMA3A3AwApAnAgATAQAIAI
2511806,BKBMBRBZBMBGBIBHBJA/A1A4ApAiAdASAJAGAFBDBDBHBLBKBIBEBKBLBDA+A3AvAlAkAVAQANAJ
2511905,BMBWBaBZBPBCBBBGBNBGA5AwAmAZAVANAHACAABRBOBUBbBUBCBKBTBQBBA9AvAqAeAWAPAJAFAD
2512002,BMBOBXBYBOBHBBBJBIA8A6AxAmAgAcAUAPAFAFBHBGBMBUBPBCBGBEBJBDA5A1AqAjAiAZATAJAF
2512036,A3A8BLBiBSBIBKBTA/A5BDA4AtAQAeAWAWAHAEBIBQBLBVBIBDBFBNBKA+BAA3AnAkAgATAXAEAH
2512077,A2A0BABQA8A6BEBRBHA6BAA6A5AuAnAXAXAHAEA4A5BCBABDA9BFBLBYBIA/BCAxAyAvAiAZAKAK
2512101,A7BBBFBJBDBFBIBFBKBAA6A2AwAkAdATAMALAEA5BCBBBJBIBFBMBTBRBIBABBAyAsArAdAYAMAE
2512200,BGA8BWBXBCA7BGBEBUA+A+A7AwAqAkATASAHAFAuA/BUBHA1A+BGBSBMA7A5BEAuArAiAiAQASAM
2512309,BBBIBTBNBNBHBJBNBQA/A7AwAkAeAYAWALAIAEBCBBBOBKBMBLBRBMBLBHA7A2AtAoAcAZATALAC
2512408,BJBTBLBYBOBLBMBNBHBBA1AuAoAfAbAQAMAGACBJBIBHBNBQBMBMBGBIBDA8AzAsAiAgATAMANAG
2512507,BMBQBPBMBOBPBLBMBDA9A6AxAmAeAaASAMAFAFBHBKBIBHBOBQBRBMBHBDA8A2ArAhAfAXAOAIAH
2512606,A/BPBVBTBIBFBGBOBGBFBIA7AkAyAgAaAIAAAFA7A9A9BaBBBEBGBOA/BVBABBAqAZAhAWAPAEAE
2512705,BEBKBPBYBJBABDBDBEA8AxAtAoAfAbATAQAFAGBGBKBLBVBOBEBKBSBJBCA6A3AzAkAlAaATAQAJ
2512721,BPBLBYBWBTA4BHBIBEBCA3A2AlAlAfAWATAKAFA2BEBVBLBHBDBDBKBIA6A9A4ApAnAkAYAUANAD
2512747,BNBIBTBXBCBDBCBSBOBHAtAzAqAjAmAYACANAAA7BKBGBDBCBLBKBGBRBFA5AxAmAuAiAWAYAOAJ
2512754,BCBABGBSBXBDBIA9BeA4A+AvA2AhAYATANAEAEA+BBBCBPBXBFBFBWBYA9A6AyA6AjAgAXAWAHAF
2512762,BJBJBLBUBLBCBFBNBHBGA5AuAhAlAiASAOAEAIBQBIBCBSBFBOBABQBOBLA/A6AkAlAcAYAMAKAE
2512788,BVBPBQBbBXBLBPBLBFBEA3A0AkAYAXASAGAKAEA5BKBFBFBZBiBJBFA+BAA6BCAuAfASAMAUAJAB
2512804,BDA9BGBRBLBOBQBSBNBHA4A2AtAmAfARAPAIABA+BCBCBGBRBIBRBWBKA9A6A1AvAmAfAWAMAIAG
2512903,BLBFBIBMBMBHBGBKBIA9A4A4AsAmAaARAKAFADBJBQBHBKBIBJBMBMBLBEA+A6AxAlAhAWARAKAF
2513000,A8BJBVBqBEBDBCBKBLBIA8A1AuApAeAdAPAFACAxBDBTBUBLBEBCBFBVA/AuAxApApAbASAXAKAI
2513109,A+BABOBPBGBDA/BHBHBBA5A0AxApAjAZATAJAHBABABEBLBCA8BHBLBJA+A7BCA2AtAnAdAXAMAN
2513158,BMBFBaBUBdBTBQBFBKA7AvAwAoAdAcASARAFAEBOBIBIBPBWBPBMBLBDA4AxAxAnAhAbAYAMAHAH
2513208,A4A/BFBEA5A0A9BEBIBLBEA3A6A3ArAdAaAOAOA3A5A6A9A4AyA7BJBNBJA+BHA9A0AwAgAVAXAJ
2513307,A0A/BFBQBDBEBCBJBOBDBDBBAqAoApAZAYAMAGAvA7A/A7BEBBBGBMBIBAA8BBA4AwAqAnAWANAG
2513356,A+BKBaBYBDBGBWBPBPBKA8A/AzAhAYATANAKABA4BNBNBJBABHBIBSBEA9A/AzAlAdAfAZALAFAF
2513406,BFA/A/BOBMBIBFBHBPBBA3A5AsAjAgAVAKAOADA7A/BCBFBKBJBGBMBQBEA+A8AwAwAmAaAVAOAJ
2513505,BDBDBJBWBWBNBOBJBPBIA1AwAoAfAdAaAJAHAGA9A6BDBRBUBbBWBIBABCAzAuAuAjAkAZANAMAA
2513604,A+BBBIBOA6A8BJBFBBA/AzBFA1AwAjAWARAKACA2A8BGBJBABAA+BPBIBDBABDA+AzAvAhAWALAG
2513653,A9A5BIBCBIBDBGBZBQBIAtA0AqAsAmAUANAPAFA7A6BJBDBDA+BJBdBNBCA3BLAzAxAlAZALAPAG
2513703,BLBRBLBMBMBLBHBKBQBEA+AtAkAZASALAHADACBIBPBKBIBSBOBOBPBYBOBAA4ApAhAYARALAIAE
2513802,A3A+A9BLBWBAA4BKBDBLBJBBAxArAgAZAEAVACA8A4A+BSBOA5A7BNBSBLA/BFAyAnAgAbAXAQAE
2513851,AwA1BIBOBFA/A/BCBPBLA/BAA7AyAtAaANAGAFA1A2BGBCA6BEBCBJBMBMA8BIAuArAxAeAVAOAH
2513901,BBBBBKBNBXBMBQBRBPBAA2AvAlAbAWAOAKAFABA9BCBDBKBVBPBRBXBdBJA9A7AtAjAeASAOAGAD
2513927,BGA8BSBKBBBAA+BKBMBDA0BCAtAnAlASATAHAHA2BLBDBOBDBDBFBHBJBJA5BDAxAqAnAgAXAKAC
2513943,BABBBLBHBNBDA/A7BLA4A4BDAwApAnAHAdAJADBGBHBLBKBCBIBABPBFA/A8A4A9AhAmAgAKAWAM
2513968,A1BABEBRA7A6A+BPBMBIBEBCAtAvAnAYAUAMAFAyA8A+A6A8A5BIBXBcA9BCA3A5A0AnAdAhAEAJ
2513984,AyBDA3A6BBA0BFBRBJBNBFBCA3A0ArAWATAPANA6A+A1BHAxAtA9BJBYBNA4BFA6A6ArAgAbALAM
2514008,BCBCA9A+BLBBBFBCA+BIA/BGA1AwAdAUASAFAHBCA/BKBFA9A9BFBDBMBCA8BCAzAwAvAcATATAN
2514107,BCBDBTBhBLA/A9BEBHA9BDA/AxAmAeAeASAGADBAA9BQBOBGBGBEA+A4BABJA2AsAqAjAYAWAJAG
2514206,A7BGBLBYA8BEA6BPBLBEA0A5AzApAlAWASADAJA3A4BMBTA9BBA+BLBMA8A9A8A0A5AuAbAWAKAH
2514305,BJBCBTBTBOBKBGBKBQBGA1AvAmArAiAXATAFACBABPBJBLBMBLBKBKBHBAAsAzAoAvAjASANANAB
2514404,A8A6BEBXBEBABFBOBJBJA6BGA2AsAmAfAZAHAGAwBBBJBPBAA0A/BJBHBIAzBCAzAjApAbATAMAG
2514453,BSBPBQBPBVBQBJBJBIA/BAAwAmAkAVANAKAJAGBHBGBJBMBSBMBIBKBOA9A5AzAlAdAeAXAOAIAG
2514503,BBBGBGBOBPBJBKBTBLBCA6A0AqAjAdAWALAKAJA/BABEBMBLBHBMBOBJA9A3A9AuAkAjAaAQAKAI
2514552,BABGBOBQBNBCBHBQBdBBA4BAAwAjAlAaAXAGAEA/A7BDBIBFBDBFA+BMA/A9A5AoAjAjAZAUAJAI
2514602,BBBGBIBgBIBDBDBBBIBNA9A9AjAlAWAcALAFAFBNBGBIBQBABJBKBNBMBGA7A7ArAnAmALAOALAF
2514651,BABDBPBDBfA5A9BOBRBPA+A4AqApAYAcAKAFAAA0BFBWBFBRBIBDBVBUBKApBFAqAbAhAWAMAIAJ
2514701,A3A/BJBMBMBGBLBIBRBRBBA5AxAmAfAYAJAJAIA3A2A5BHBKBKBJBIBKBJA9A+AxAoAhAcAVADAM
2514800,A5A/BIBVBGAzA/BGBHBMA7BCA1AvAhAdAUAJAIA4A/BEBPA2AyA6BTBFBJBGA9A4ApAmAiAWAMAL
2514909,AzA7BVBPA+ApAwBGBDBGBABHA7AvAmAdAVAEAJA5A/BCBFA3AuBBBGBMBOBDBGA2A4AyAeAaATAJ
2515005,BLBGBVBWBMBFBJBRBGBCA3A1AnAgAXAQAMAFAEBCBLBPBWBIBMBNBRBGA5A8BAAsAgAbAQANAIAG
2515104,BDBGBNBSBIA+A/BMBJBBA/A0AxAiAcAUAOAHAFA/BIBIBKBNBGBEBKBTBFBAA3AuAmAhAYAUAKAJ
2515203,BKBOBNBPBMBOBABKA7A7A3BEAvArAmAXAVAFAABCA+BGBCBGBBBFA7BPBCA/A7ArAtAhAcAQAUAD
2515302,BHBOBMBJBPBHBFBKBOA8AzA3AmAkAdAOAPAFAEBKBDBIBLBJBNBNBUBQA/BDA0AuAhAfAZANAIAH
2515401,BKBHBTBTBUBSBXBLBHA4A0AxAkAcAaASAOAGAFBNBHBPBTBNBaBRBMBBA6AwAxAiAeAeATAMAKAK
2515500,A8BABCBMBBBABCBGBHBHA9BAAwApAmAYAQAJAIA4A+BFA/BCBEBIBGBFBBA7BGA3AzAmAgAfARAJ
2515609,BDBJBVBGBFBGA9BKBKBDA7AyAuAfAnAZAQAGACBEBGBOBPBFA7BPBVBAA9A7A6AxAqAdAYAWAMAL
2515708,BJBFBQBLBABKBNBJBMBDAuA0AsAdAYAOAQAMAMBNBLBWBSA6BTBLBNBLA9AuA0AyAnAlAYASADAC
2515807,A+BDBPBHBMBEA+BKBEBAA6A3AxAqAgAWAQAGAFA9BGA/BHBPBPBCBKBFBGA3BAA1AxAcAeAUANAN
2515906,BCBCBWBhBIBBA8BABABAA+A0AxAkAZAUAcADAFBNBFBPBdBDA8A/BCBLBAA2A6AsAnAlAcAZAKAM
2515930,BDBRBOBRBMA6BHBBBGBBA7AvAoAcAdAbAOAHAJBCBCBIBIA/BPBJBIBRBEA/A7AqAoArAcAcAIAH
2515971,BLBKBJBVBFBHBKBCBGA+A/A0ArAfAbAUAMAHAHBKBHBJBJBHBLBOBMBNBFA/A1ArAiAeAWAUAJAH
2516003,A+BCBSBKBQBHBEBKBBA+A5A4AiAfAaAZAQAIAEA9A9BABYBMBKBGBNBVBCA5A0AzAwArAXAVANAJ
2516102,BEBPBRBVBJBHBGBFBLBCA6AxAtAhAYAUANAKAEBDBGBIBHBKBMBGBLBQBAA7A0AuAoAgAbAQAMAG
2516151,BIBNBRBWBNBCBEBJA+BEA0AzAqAtAfAWALAIACBFA/BLBhBQBBBRBABGBBA7AzAuAnAVAXAVAOAE
2516201,A/A/BKBPBOBFBDBLBSBDA7A2ApAfAYAQAMAIAEBDA+A/BDBLBJBLBQBSBLA8BFAuArAlAXAVAJAH
2516300,BBBABJBDBHBEBDBLBGBCA+A8AwAmAeAaATAGAEA/A8BABDBIBDBNBSBFBIA/BDA2AmAnAYAUALAN
2516409,BGA9BKBXBKBIBCA+BMBKA5BBAmAgAkAVARAGAIA9A9BMBHBFBIBABJBKBIA8A/AoAkAmAfAQAPAI
2516508,BJBPBRBRBCBBA/BPBCA8A2AyApAkAhAWANAKAHBEBIBKBPBBBFBCBNBMBCA3A+AsApAlAbAWALAK
2516607,BEBIBRBaBGBGBEBKBGBBA6A2AlAiAcAXAPAHAFBBBIBNBOBHBPBIBGBHA+A/A5AqAmAkAYAPAMAF
2516706,BKBNBTBcBSBIBGBLBHA8AxArAkAeAYAQAJAFADBLBLBUBWBNBIBQBOBJBAA4A2AmAkAgARAPAKAH
2516755,BFBHBVBVA4BHBXBgBLBJA0AvAtAjAiASANAAACBABLBLBMA9BUBUBNBGBFA7AxAkAkAbATAOAJAE
2516805,A+BFBLBSBTBQBRBSBIA+AzAtArAnAfAWAMAKADA5BCA4BLBCBSBTBLBHA/A5A1AvAsAkAaAVAJAG
2516904,A+BABEBJBCBIBJBJBIA9A4A5ArAmAfAYARAKAHBAA6BBBHBIBEBLBNBLA7A/BBA4AwApAgAXAQAF
2517001,BCBIBOBQBOBLBHBKBEA/A3AtAoAcAbAXAMAJAGA/BMBVBSBHBHBLBPBAA5A6A8AwAqAhAdANAPAH
2517100,AzA8BEBPBDA0BCBYA/BFA4BMAuAuAoAYAYAFAMA0A0A9BGBGAuA6BRBMBJBGBQArArApAiAbAIAS
2517209,AwA7BBBRBGA/A9BIBOBLA2A/AvA1ApAhAUAPAJAyA7BEBAA+A1BABABPBLBDA0A8AwAzAiAdAKAG
2517407,A5BJBZBbBEBFA5BABDBDBBBCArAdAcAWAOAGAGBPBHBIBTBGAzA6BUBMBEA1A1A9AyAiAaAOAGAI
2600054,A+BJBFBIBSBHBDBIBMBEA/A2AsAhAXANAGAEACA8BEBEBDBLBGBNBRBWBRBIBBA5AtAgAUALAIAD
2600104,BIBGBOBQBNBIBIBGBJA/A1AyAmAgAcARAJAIAEA/BDBIBMBNBOBQBTBQBCA4A7AwArAhAXARAIAG
2600203,BCBGBOBcBTBQBGBJBIBDA6AxAoAdAdATAKAFAFBCBKBLBOBVBKBLBOBKBEA4A0ApAeAeAXAPAJAC
2600302,BEBFBNBOBVBPBBBGBGBAA5AvAkAdAaASAMAIACBCBFBGBMBUBQBRBSBQBHA+A4AsAjAhAXAPAGAG
2600401,BCBRBVBcBOBAA9BJBKA/A2AwAmAgAYARAKAEABBIBLBYBaBRBKBQBOBHBEBAA3ArAiAYARAKAGAB
2600500,BSBVBfBiBRBFBDBEBAA2ArArAgAdAZASAKAFAFBSBRBbBdBUBIBLBJBFA7AxAuAoAkAeAVALALAD
2600609,BOBIBLBPBLBIBFBGBEA8A+A6AvAlAdAWARAIAEBBA6BIBQBIBDBFBIBIBFA6BDAwAnAdAZAPAJAM
2600708,BBBHBQBWBOBCBCBHBMA9A3A1AuAhAdAQAMAEACBCBFBMBRBMBJBGBSBSBHA9A6AzAsAcAVANAHAD
2600807,A+BABDBOBMBHBGBFBJBFA/A3AxAnAdAVASAHAEA/A/BABMBIBFBMBLBHBEA/A/AzAoAkAYAQAMAL
2600906,BGBKBQBXBHBFBEBOBIBEA9AyAqAgAaAQAKAEACBABOBPBUBHBJBQBNBMBKBCA1AtAjAZARAMAGAE
2601003,BHBNBMBaBVBGA5BCBHA+AyAuAtAiAeAUARAGAFBBBGBMBXBRBHBEBLBNBEA4AvAxAoAfAbAQAJAI
2601052,BHBQBUBVBXBIBMBKBPA5AzAtAmAaATAMAGAEADBOBVBUBSBVBTBSBTBJBDA5AyAoAfAWAMAHAFAF
2601102,BRBPBYBZBXBLBJBJBDA3AxAsAiAXAVAQAKAFAEBQBRBWBYBXBMBOBKBHA8A3AyAmAfAYAUAMAJAF
2601201,BJBIBOBQBWBHBMBKBHA6AyArAlAYATAPAMACABBIBJBJBSBUBSBQBUBRBDA/A4AuAiAhAVASAHAF
2601300,BJBNBPBWBXBOBLBMBMBEA2AuApAeAVARAJAEADBEBMBJBTBbBOBNBLBNA+A3AwAqAfAWASAGAHAH
2601409,BMBTBXBZBMBBA+BEBMA6A2AvAmAbAUAOALAEABBKBTBUBVBPBMBMBTBNBGA9A5AsAjAYARAJAHAC
2601508,A/BPBNBRBbBBBEBRBKBAA6AuAsAlAXAUALAIAEBBBHBKBTBPBHBMBLBNBCA4A3AvAkAeATANAKAH
2601607,BOBMBWBfBcBHBEBIBCA/A3AvAnAcAWARAHAGACBCBJBXBUBUBKBFBKBIA9A6AzArAiAdAUATAKAF
2601706,BJBLBKBMBTBOBKBLBCA8A1AwAqAcAXAPAKAEAFBGBGBFBMBSBWBSBVBJBCA6A7AvAlAdAVAOAIAF
2601805,BHBJBbBZBPA8BABHBPA/A0A2AkAiAfAYARAGAGBHBLBQBRBIBHA7BPBLA9A2A1AlAmAiAcASAIAG
2601904,A/BCBGBIBIBEBFBFBQBFA3AvAnAjAeAWAPAGACBAA9BBBDBIBMBHBXBTBNBDA7A1AqAnAdATALAJ
2602001,BMBMBWBfBTBJBJBJBIA9A0AuAkAdAYAUALAHADBHBIBWBWBTBIBMBJBHA8AzA1AoAhAdAUAOAHAF
2602100,BEBQBPBZBNBCA+BGBLA6AxAwAnAfAYAVAMAEADBLBFBSBQBTBHBLBSBKBAA6A4AuAoAeAbAUAFAH
2602209,A+BABIBLBQBMBFBMBNA/A8AxAsAjAeAVAOAFAEBABBBFBHBNBNBLBOBOBIA+A7AvAoAjAZAQAMAG
2602308,BMBKBPBUBOBLBHBGBEA/A2AxAqAgAYARAOADACBIBKBJBQBRBRBNBKBGBCA+A5AqAnAcATAPAJAE
2602407,BPBMBOBOBXBQBGBJBDBDAvAtAnAcAYAUAOAEAABKBQBSBRBWBQBKBIBKBDA5AxAoAfAgAUAJANAF
2602506,BEBCBNBVBGBJBQBNBGA9BCA2AoAhAYAYAOAJAEA8BDBLBNBEBGBTBLBKBDA6A8AsAmAhAaAUAHAD
2602605,BOBSBPBTBVBOBSBNBFA9AyAqAiAZAWAQAKAFADBQBKBLBOBSBWBWBUBLBBA3AvAiAgAZASAKAJAC
2602704,BCBGBVBRBLBIBFBPBPA8A3A0ApAjAaAQAJAEACBGBHBIBTBQBBBRBVBQA/A3A3AxAnAhAUAPAFAB
2602803,BQBTBfBhBVBGBDBCBBA5AzAsAmAeAZATALAGADBMBPBYBcBUBIBHBIBCA7AzAxAqAfAaAUAPAGAG
2602902,BBBKBMBMBOBHBHBOBSBFA6AwAoAeAVAMAHADACA+BIBHBIBPBPBRBXBYBMBDA7AxAlAaAQAKAFAD
2603009,BLBRBRBcBSBLBFBIBGA9A2AsAkAYAUAOAJAEAEBKBQBRBYBSBLBOBPBNBEA2A0AqAhAZASAPAEAG
2603108,BJBDBMBNBRBGBJBMBDA9A4A0ApAeAVARAMAGAJBHBDBHBNBQBOBPBMBHA/BCA7AwAkAeAYATAMAH
2603207,BSBRBhBUBSBKBNBMA/A7AwAtAlAcAaASAJAHADBNBOBUBQBUBLBQBOBCA9AvAwAoAiAaAVAQAGAE
2603306,BHBHBSBZBOBKBDBKBNBDA0A4ArAfAaAQANAEADBBBEBPBdBOBDBHBQBGBCA2A2AsAiAeAYAQAMAD
2603405,BHBCBOBRBEBIBABMBMA/A8AxAhAnAZASAPAGACBDBHBVBMBHBGBLBOBKBGBAA1AuAnAiAgATAJAD
2603454,A6BFBEBHBKBEBFBKBPBIBAA0ApAfAWAOAJADACA5BDA/BDBKBKBRBVBbBUBOBAA2AqAhAVAMAJAD
2603504,BCBEBHBRBNBIBPBHBJA7A0A6ApAlAYAQARAGADBABCBABOBTBNBNBMBRBDBDA8AwAmAeAXARALAE
2603603,BCAxBYBTBOBDBABMA1BWA3BCAiAeAeASATAGAIBQBHA+BSBBBGBMBDBbBEBUAoAnAoAjAUAPALAI
2603702,BEBLBMBOBcBaBXBUBPBEA4AwAoAhAbAUAJAFAGBEBJBJBOBLBFA9BKBFA6A0AyArAkAeAWANAHAH
2603801,BIBKBXBSBOBHBHBNBEA7AyA3AoAiAcAWARAEACBGBNBUBQBOBHBJBMBEA9A3A3AqAkAfAYAVAFAC
2603900,BABHBPBTBEBBBKBHBGBEA8A7ArAgAcAVAMAHAFBBBHBLBPBEBGBKBHBLBGA+A+AvAoAiAXATAKAF
2603926,BTBYBpBjBcBTBLBHBCA5ApAoAdAeAWARALAGADBSBPBlBnBYBKBGBEA7AwAqAqAhAaAYATAKALAE
2604007,A9BJBGBJBLBDBHBGBOBEA9AyAqAfAXANAHAFADA8BABFBEBMBNBSBXBZBPBJA/A0AsAiATAQAGAE
2604106,BFBIBIBKBSBPBRBPBJA+A1AtAjAYASALAIAEACBDBFBFBJBVBZBbBZBUBIBCA5AtAhAbATANAHAE
2604155,BEBJBLBYBXBPBMBNBHA6A0AwApAgAZATALAHAIBEBEBNBRBSBHBLBOBHA6A1A0AvAmAfAWAPANAG
2604205,BHBOBUBXBPA/BDBDBBA6A5AyArAgAZAQAKAFACBGBLBUBTBRBFBLBNBKBFBAA6AxAnAeASAMALAE
2604304,BJBUBXBbBPBNBVBHBAA4AyAzAkAbAUAUAMAJAEBIBLBRBLBPBUBRBPBBA4A3A0AqAhAbAWAQAJAC
2604403,BNBXBNBYBOBDBOBNBMA6AzArAkAcAXAKAJAFADBQBRBIBQBRBMBOBTBPBEA3A1AnAlAbAVAMAFAC
2604502,BOBLBDBMBYBVBABTBFA9AxAhA/AkAWAPAMAIAGA0BCBMBGBdBVBCBUBIA8A7AyA1AjAjAWAVAKAE
2604601,BEBQBSBQBNBIBBA/BEBBA2AzAqAdAaARANAEAABGBLBKBTBUBPBIBLBOBHBBA5AvAlAeAUAPAHAE
2604700,BKBWBXBdBVBQBDBIBHA5AxApAsAfAcARAKAGAFBJBNBIBNBWBGBOBKBIA7AyAvAuAnAeAVAKAJAH
2604809,BDBKBVBWBRA5BABRBLBEA1A4AqAeAZANALACACA/BLBIBWBUBHBNBVBNBHBHA1AvAnAZARAGAGAG
2604908,A7BGBJBMBIBHBGBMBMBCA7A4AvAlAgAWASAGAGA5A9BEBIBHBEBLBHBPBGA9BAAyAvAhAZAVAHAI
2605004,BHBNBLBOBQBFBBBGBEA9AxApAlAiAcARAMAFADBFBKBIBOBSBQBQBUBMBFA/A2AvAoAkAXASAGAH
2605103,BJBMBRBNBKBIBIBGBHA9A2AyAqAhAbATAOAHAFBHBGBGBNBNBMBOBQBOA9A4A6AuAlAgAWARAIAH
2605152,BGBJBQBPBNBCBGBHBKBFA6A5ArAkAfAWANAHAEBCBEBQBPBLBHBNBMBKBCA7A2AtAhAcAVAOAIAF
2605202,BCBNBOBPBLBKBIBNBNBBA4A0AoAcAUANAJAEACA/BJBIBNBRBQBSBVBRBHA/A7AuAiAYATAOAFAE
2605301,BMBHBUBZBSBFBFBHBCA8A2AwApAeAZAUARAIACBFBGBRBUBRBGBLBIBJA+A6A1AtAkAfAWARALAG
2605400,BGBJBJBOBPBLBBBHBHBCA2AwAnAhAaAQANAFACBBBHBIBMBPBJBMBPBTBKA9A/AtAtAfAXARAFAE
2605459,A2A1AoAoBjB6CBBvBnBRBCA5ApAUALAGAIAAAAAtAzAuAoBEBhBkBuBcBNBDBEAtAUAXAEAGAAAA
2605509,A6BDBKBWBFBEBEBMBRBAA4A0ArAhAbAUARAFAEBBBHBLBIBKBGBFBVBXBHA+A7AsAqAjAVASAJAE
2605608,BFBDBOBRBGA/A+BGBIBAA8A4AzAmAdAWAOAJAJA+A/BIBPBCBABIBNBHBDA+A/AxAsAlAcAUATAD
2605707,BTBLBaBcBbBXBLBGBAA4AxApAfAYAVAOAIAGADBNBJBUBYBZBXBPBKBKA/A1AtAkAcAbAUAMAKAD
2605806,A4A6BFBCBKBJBFBMBPBEA1A5AuAjAjAYAVAJAEA7A2BHBABKBEBOBRBJBEA9A6AzAtAsAgAWAOAK
2605905,BMBOBYBZBNBDA+BJBJA9A4AzArAgAZAPAKACAEBGBWBJBQBOBJBJBRBNBHA7A2ArAiAZAQANAGAC
2606002,BEBKBOBOBQBJBIBJBHA8AzArAiAbAXAOAJAFABBEBIBMBNBTBRBTBVBVBGA+A5AvAmAgAVAOAHAG
2606101,BKBOBMBRBPBEBMBLBJBCA0AvAqAeAXAQAMAFADBFBJBKBMBPBQBQBRBQBAA5A3AsAiAgAUAPAIAD
2606200,BFBNBJBQBJBHBGBJBLBFA7AyAlAfAXANAIAEACBCBLBLBIBRBKBPBQBTBKBGA+AvAmAZASALAJAF
2606309,BHBHBYBgBYBDBMBDBFBAA2AzApAaAcAUAUAGADBHA9BMBWBUA8BQBDBMBAA6A3AlAfAaAbAQAOAF
2606408,BABEBEBLBNBHBIBLBLBDA4AzAsAhAZARALAEAFA+BCBCBKBOBKBMBVBTBMBFA8AzAnAhAXAQAHAF
2606507,BPBNBdBfBOBFBABIBDA4AwAsArAgAbAUANAGACBKBKBTBbBPBIBJBIBHA9A3AyApAnAfAVAQAGAE
2606606,BMBPBKBeBJBUBHBJA/A5A5AtAsAcASAUAQAGABBUBHBIBSBWBPBMBPBFA9A8A7AuAhAWAQAOAEAE
2606705,BLBEBOBRBJBEBABJBHA8BBA3AuAjAhAVARANAHBBA+BNBGBLBBBHBFBEBHA2A9ApAlAjAeAaAJAJ
2606804,BEBMBJBMBMBFBGBMBMBCA+AyAoAdAUAMAHAEACBABLBFBJBOBOBQBXBWBOBKA9AvAlAaARALAGAC
2606903,A4BGBMBOBFBCA/BFBKBBA/BAA3AsAhAVAQAKAEA8BCBMBIA9A6BKBOA/BABABFA3AqAmAYAaAIAF
2607000,BeBeBZBdBcBNBHBMBIAxAtAiAhAWATAMAIACABBhBlBaBdBoBRBQBQBBAyArAjAiAWARANADAGAD
2607109,BFBBBHBaBMBHA+BDBUAyBEBEA0AoAhAYAUAFAABEBKBABMBEBHBBBHBCBFA5A1A5AiAoAVARAJAD
2607208,BPBRBSBUBTBRBPBTBTA9A0AoAfAWAPAJAFACACBKBPBNBUBZBWBaBbBTBBA5AuAkAYASAMAHADAC
2607307,BZBUBdBgBXBKBNBIA/A7AuApAeAaAVANAJAIADBYBUBYBeBYBKBMBLBEA5AvAuAkAZAXARAMAHAF
2607406,BOBTBVBcBYBGBIBNBEA4AwAwAlAaAVAKANAFACBIBIBdBYBRBGBPBUBTBBAwA4AnAXAdAUAGAMAE
2607505,BDBGBVBWBTBHBOBJBNBEA3AvAtAeAaARALADAEBBBDBRBYBSBJBQBLBLBCA7AxArAgAdARAMAGAC
2607604,BDBHBCBGBZBzBzBfBYBIA/A3AwAgAZAMAFADACA+BAA+BBBBBAA/A9BLBBA+A3AwAjAbAQAKAFAD
2607653,BMBKBUBTBRBGBIBKBMA8A1AtAnAgAYARANAFAABIBJBNBOBTBMBLBNBTBAA8A0AqAjAcATALAGAI
2607703,A9BEBPBIA8A7BEBKBOBAA+A7AsArAjAZAPAKAEA5A+BEBGA+BDBPBRBKBAA8A/A1AvApAbAUAOAM
2607752,BJBDBBBMCTCABzBdBQA7AxAwAeAeASAJADAJABA8BEBLA/BLBIBIBEBFA/A7AuAfAdAUAMAKAEAD
2607802,BGBLBNBVBZBoBiBcBUBCA2AwApAaAUANAMAEABA9BIBNBRBJBBBGBPBFA8A1AxAmAgAZAQALAGAC
2607901,A9BIBFBHBKBGBGBKBMBBA8A0AqAfAVAMAHAEABA8BFBDBGBMBNBRBYBYBRBJBCA4ArAgAUANAGAE
2607950,BKBIBMBgBYBHBHBEBEA8A3AxAlAdAUAQAJAEADBHBQBOBfBWBMBOBTBKBBA2A5AnAeAbASANADAG
2608008,BLBQBTBaBUBRBJBEA6A4AyAwAqAfAaATAOAEAEA/BOBJBUBUBUBQBLA7A8A4A2AuAgAeAaAPAHAG
2608057,BMBXBTBTBJBABEBGBHA8A2AuApAnAZASAMAFADBMBMBLBOBLBCBIBRBMBFA5A7A0AiAfAVALAGAG
2608107,A+A/BLBJBKBCBGBLBJA/A1AvArAkAfAUANAJAFA7BDBGBKBNBJBPBWBTBGA7A6A0AsAmAaAOALAJ
2608206,BMBTBSBbBNBEBIBIBFBBA1A3AlAaAWAQAFAEADBEBQBVBWBUBIBTBNBKBEA9A5AnAfAYAPAIAGAF
2608255,BHBQBSBbBMBHBEBSBIA+A1AtAgAfAbAYALAFACBBBIBTBbBOBABTBPBKA/A5AwAoAiAiAVANAJAE
2608305,BTBUBXBQBPBFBKBLA9A6AwAtAnAfAbASAJAIACBNBRBHBSBRBPBMBSBEA9A7A2ApAgAfAUARAGAE
2608404,BLBLBTBaBUBAA/BDBAA8A0AzAqAkAdATAPAGAFBHBGBWBUBPBNA/BJBEA9A1A3AtAoAfAaAWALAD
2608453,A9BDBNBVBRBEBEBLBWBGA2AuAnAbAXAOALACACBFBRBIBMBOBJBRBXBXBLBBA5ApAmAdARAMAEAD
2608503,BGBMBMBOBHBGBDBIBRA+AzAwAqAgAYAQAJAEACBDBLBRBSBPBLBMBRBUBHA9A8AvAnAfASAMAHAF
2608602,A+BEBRBaBSA+BBBDBGBDA3AyAnAiAfAYAUABACBDBIBOBXBPBHBHBIBOBIA8A3AsAnAjAWANAHAF
2608701,BEBLBPBcBKBEBABBBKA/A0AzAtAhAeAVAOADAGBIBKBKBPBOBLBKBJBEBFA2A9AtAlAiAWASAKAG
2608750,BWBbBYBXBXBNBIBOBDA7AwArAjAYAUANAKACACBTBRBUBdBXBOBNBQBEA9A0AxAlAYAWASAJAGAD
2608800,BOBTBMBNBPBHBKBOBCA3AvAlAnAeAXAQAJAIAFBMBLBNBMBOBRBQBaBNA8A3A0AsAkAlAVASAIAG
2608909,A7A8BABPBUBMBIBNBJA+A6A0AqAjAbAQAMAGADA7A9A+BJBCBCBNBLBVBOBKA/A8AuAjAZAUAJAH
2609006,BMBKBMBNBQBOBIBGBIA8A0AvAnAlAYASAMAMACBFBDBEBJBYBPBIBSBNBAA5A3AuApAfASATAJAF
2609105,BOBKBQBNBSBIBIBMBJA8AwApAiAaAYAQANAEAFBLBIBOBSBUBPBNBOBRA8A7A0AqAkAiAWAOANAH
2609154,BDBfBnBsBbBQBTBJBLAwArAiAbAXATAPAHAFAABEBdBpBrBeBXBQBJBDAvAoAjAfAZATAPAIAEAF
2609204,BPBMBXBTBgA8A8BGBCA+AyA0AuAjAYAOAKAFAEBQBQBaBiBOBBBLBNBHBBA5AwApAjAYARAMAHAD
2609303,BWBUBYBbBfBNBKBBA8A9AzApAkAcAWAQALAFADBOBOBXBUBWBNBHBLA9A6AzA0AmAkAdARAMAGAK
2609402,BABJBDBKBQBHBDBHBOBBA9A2ArAhAXAOAIAEADA9BCBCBMBLBKBLBVBVBJBIBDA0ArAdAVAKAJAF
2609501,A9BDBGBHBHBBBBBDBNBBA8A0AuAlAcATAKAGABA6BHBFBHBJBFBKBTBWBNBJBCA2AxAiAYAPAKAF
2609600,A5BDBABFBIBCBABDBIBDBAA3AvAhAZAPAJAEACA1A/A+BDBKBIBKBQBWBSBPBJA/AyAoAcARALAH
2609709,BCBHBHBRBRBJBFBKBGA8A3AyAtAnAZATAPAGAEA/BDBJBIBUBJBKBLBIBAA+A8AwAqAgAaAWAMAH
2609808,BSBlBZBeBSBKBRBIBIA/AyAtAfAVATAPAFADAEBQBSBOBYBVBUBHBJBMA+A2AsAiAcAVAPANAHAE
2609907,BLBQBWBfBVBIBGBGBEA6A1AwAjAbAXATALAHADBLBLBVBaBPBMBMBJBGA9A3A1AmAgAbAVANAJAG
2610004,BEBEBNBXBVBKBIBIBEBAA4AwAsAdAVAQAIAGADA8BCBNBQBNBNBOBMBOBJBAA/AzAoAdAVANAIAD
2610103,A5BQBPBSBQA8A/BABFBBA6A2ArAkAZATAJALAEBBBMBZBaBKBEBIBFBHBFA9AzAtAsAiAgAXAGAE
2610202,BMBKBSBaBOA/A8BBBEA6A0AvAtAiAhAWAQAHACBJBLBUBUBKBFBFBOBFA/AyA1AtAnApAcASAMAF
2610301,BFBGBcBZBFA/BGBJBGA8A4AyArAhAeAUAPAGACA9BMBQBVBKBIBFBNBIBAA+A3AsAnAeAZARAOAF
2610400,BGBGBTBYBPBKBGBHBJA+A+A3AsAdAeAWAQAFADBABBBWBTBOBGBFBCBCBCA3A1AtAmAgAYAQAIAJ
2610509,BCBCBNBOBKBFBFBKBHBEA5A1AwAhAaASAPAFADA8A+BIBKBKBHBOBTBPBEA/BEA0AnAhAXAOALAH
2610608,BKBRBQBQBSBGBDBGBPBCA7AvAmAeAVAPAIADACBGBKBLBLBPBMBPBPBVBJBCA2AsAjAZASALAFAD
2610707,A8BFBDBDBFBCBFBLBQBEA9AzAtAiAYANAGADABA5BCBBBABIBJBSBZBdBRBLBDA8AwAjAUANAHAE
2610806,BRBJBUBbBSBKBJBQBIBAA0AyAoAfAZAVAKAHAEBHBGBOBTBOBIBIBIBFA9A3A2AqAgAcAXAOAJAD
2610905,BDBKBOBRBUBMBHBDBCA8A1AzArAiAZASALAFADBCBIBMBQBOBKBKBJBIBCBAA9AyAnAfAXAUAHAG
2611002,BRBVBbBbBQBGBJBMBEA7AwArAjAbAUAOAIADADBNBRBTBYBSBOBSBPBLBCA0AzAoAeAYARALAFAF
2611101,BOBRBRBUBcBWBPBMBKA9AxAnAeAUAPALAGADABBLBPBPBTBcBaBWBVBRBDA4AwAjAaAUANAJAFAE
2611200,BDBGBVBYBOBDBAA/A6A4AzA0AuAfAeAWAOAGABA6BIBWBTBQBPBPBIBEBFA9BDA3AqAjAWAQAJAD
2611309,BGBIBJBFBRBJBLBRBMA/A6AzAqAgAYASAIAIACBBBJBGBEBNBLBTBUBPBIA+A7AuAoAbASANAKAE
2611408,BCBQBOBeBWBHBEBOBNBJA2AyAqAdAYAOAIAEADBBBLBOBZBPBQBMBQBMBHA4A1ApAfAYAOAIADAG
2611507,BJBRBUBdBPBHBABABGA8A0AuApAdAbATAKAGAGBBBLBVBYBSBRBLBJBHA5A5A4AxAiAbAWASAGAG
2611533,BFBLBTBZBBBDBPBFBMBBA5AvAtAnAgASAPAEADBEBEBOBXBLBFBMBKBBBFA2A2AsAoAeAYAPAIAD
2611606,A3BBA9BABJBIBHBHBJBAA8A2AuAiAYAOAJAEACA1A+A7A/BKBNBPBUBWBOBLBIBAA0AnAbATALAI
2611705,BEBEBIBIBMBNBPBKBKBFA0A0AsAeAeAUAQAIACBAA8BDBGBNBOBOBTBOBLA9A1AuAkAjAYAKAKAI
2611804,BDBJBLBRBHBEA9BDBFA/BAA2AsAiAZAPAMAEACA8BGBKBPBNBLBIBQBTBKBJBDA0AnAdAWAPAHAD
2611903,BPBVBbBeBRBCBFBNBLA/A3AyAkAaATAMAHACACBPBQBTBYBRBNBOBPBOBBA8A1AnAbATAMAJAEAC
2612000,A+A6BABIBOBKBFBDBJBLBHA0A3AnAgAZASAFAFAvA5A9BFBHBJBDBFBTBPBJA+A1AmAlAdAZAMAE
2612109,A0BBBLBMBEA7BCBZBOBGA5AvArArAiAcAKAMAGAxBABJBHBDA/BHBWBSBIA5A3A3AqAkArAVAIAJ
2612208,BJBPBTBVBSBHBMBLBNA9A1ArAiAaAUANAIAFADBKBKBTBRBRBMBRBPBNBEA9A1ApAhAbATANAHAH
2612307,BEBLBaBXBJA+A+A+BIA9AuArAmAmAaAUARAKACBNBFBUBQBBBHBRBFBVBFA5AqAuArAhAjATAOAI
2612406,BHBNBOBVBWBEBDBFBHA9A0AzAqAeAaATALAIAABDBIBQBOBVBFBKBPBJBBA7A6AxAlAeAaANAKAC
2612455,BDBKBSBeBbBOBFBEBKA7A8A4AmAeAfAYAMAHAGBGA9BOBZBMBMBIA/BFA/A5AxAnAfAiAYAMAJAK
2612471,BHBNBWBNBQA/BKBKBKA7A1A0AlAhAYAWAKAHADBUBIBQBSBHBFBRBKBHA/A3A1AvAlAiAXANALAF
2612505,BMBNBMBRBgBbBaBXBNA7AuAjAaASAOAJAGACABBPBJBGBNBdBiBgBgBTBEA2ArAhAYASAMAKAEAC
2612554,BCBCBTBWBOBOBCBEBQBFA5AyAsAmAhAXASAKADBIA9BWBWBJBBBCBGBFBAAzAwAvAkAeAcASAEAK
2612604,BWBZBfBeBUBIBLBQBHA9AyAqAhAbAUANAJAGACBPBTBXBZBSBMBLBOBFA9AyAuAjAZAWAQAKAGAE
2612703,BGBKBPBSBYBMBIBOBBBDAzAvAjAfAZAVANAEAHBDBIBIBTBRBHBNBQBLBFA7AyArAkAfAXARAHAE
2612802,BDBMBKBWBNBABIBIBGA9AuA2AtAdAcAUANAHAGBGBMBSBVBEBIBOBLBFBEA2A5AyApAlAYANAJAE
2612901,BLBZBKBNBWA7BRBIBSBCAzAtAmAgAZAUALAGACBXBTBEBOBNBBBdBTBSA5AwAuApAlAdARAKAGAE
2613008,BQBPBVBaBWBLBGBHBBA8AxAtAmAgAaASAMAFACBQBLBQBUBXBMBHBNBIA6A2AyArAjAcAVAOAGAD
2613107,BHBLBMBSBNBLBLBJBIBBA3AwAlAcAXASAJAHAEBDBIBJBQBQBPBRBSBMBEA7A4AsAjAcAUAOAJAG
2613206,BNBPBSBUBNBOBJBLBIBBAyAtAjAcAYARAJAIACBHBQBSBUBQBPBNBQBGBBA8AuAlAiAbAVALAHAH
2613305,BIBMBTBSBOBMBJBGBDA9A4AzAsAkAaAWAPAEADBIBKBFBOBJBJBLBOBCBCA6A6AyAiAdAZAPAHAI
2613404,BQBXBWBYBPBGA9BGBFA8AxAtAmAcAVANAFAHAABNBYBRBWBRBMBPBOBOA/A4A8AvAjAZAQAOABAC
2613503,BIBKBSBUBPBLBGBHBHA9AzAxAnAhAaASAOAIAFBFBQBNBPBNBMBKBMBEBBA4A2AsAmAeAVARAGAJ
2613602,A/BGBKBNBFA+BGBHBHA/A6A1AsAlAeAXAOAJAGA/BBBHBIBKBGBKBRBMBEBAA+AyApAnAdAUANAG
2613701,BCBLBHBHBKBFBIBSBSBGA9AyAoAdAUAMAHADABBBBHBEBFBIBMBWBhBYBOBDA6AzAmAcASAKAGAD
2613800,BOBGBPBMBYBSBHBOBKBAAzAyAkAcAXANAKAEAFBGBHBHBPBQBaBNBNBJBEA7A2AtAhAZATANAKAG
2613909,BHBNBOBOBRBJBJBJBFA8A0AuAjAbAVAPALAGACBIBKBMBPBRBTBUBSBPBIA9A1AqAjAdAWAPAHAG
2614006,BJBMBXBUBaBFBMBEBIBCAxAwAqAgAaAVALAKADBGBKBOBWBRBFBHBGBIA6A5AyAoAlAaAYARAIAJ
2614105,BBBHBQBUBJBBBABNBHA+A2A2AtAmAeAUALAKAEA/BDBLBQBIBCBJBRBKBAA9A/A0AqAgAYAOAKAI
2614204,BOBTBiBcBMBJBGBOBOBCA0AqAiAZASALAHADACBIBQBWBZBTBOBQBVBPBFA4AuAkAcAUANAGAHAB
2614303,BEBIBOBfBUBNBIBDBDA8A6AzAqAfAcATASAGAHBCBBBNBXBIBBBIBMBGA8A7A5AtAkAaAdARANAL
2614402,BTBUBYBQBGA/BNBJBLA8A6A4AmAiAhATAPAGAIBHBEBPBSA/BPBIBFBCA6A2A5AmAlAmAaANAHAD
2614501,A/BGBJBNBRBKBJBMBLA/AzAtAjAfAbARAOAFADBAA/BEBIBQBSBNBXBVBIA9A5AwAmAjAYAQAHAH
2614600,BKBMBJBSBSBGBKBGBGA6A2AxAlAjAbAVALAKAEBGBIBOBOBOBLBJBHBOBBA1A4AtApAiAaAPALAE
2614709,A/BGBJBXBeBJBYBqBEBEA3A0AlAiAZATANAHADA8A+BDBIBKBIBABRBMBBA5AzAxAlAfAWAKAKAE
2614808,BWBPBeBcBOBPBPBKBFA2AuAwApAbAZAQALAEAFBRBOBVBYBNBKBHBOBAA5AvAyAmAfAdAVANAKAD
2614857,BQBXBXBYBTBLBFBKBHA4AyAsAkAbAWAMAJACABBOBVBUBWBaBQBQBTBRBAA1AwAnAcAUANAHAFAC
2615003,BHBFBQBRBQBMBSBPBHA9A0AyAlAdAWATALAIABBGBHBIBIBRBTBYBTBMBFA7AwAqAjAdATAKAJAH
2615102,BJBTBgBSBTBBBCBJA+A5AzAzApAoAgARAMAJACBJBEBQBLBNBFBPBJBEBDA3A4ArAlAfAZAQALAC
2615201,BDBEBNBXBVBGBHBZBQBMA9AvAvAfAZAUAQAFADA9A+A9BLBPBHBGBTBOBGA6AwAuAiAcAUAQALAG
2615300,A/BDBKBNBKBDBABGBNA+A5AyAsAkAcAQAKAGAFA6BEBFBJBLBLBMBUBSBGBDA/A4AsAjAXATAJAI
2615409,BRBWBQBVBeBYBWBbBLA5ApAhAZAPALAIAFAEAABOBUBQBVBhBfBfBhBPBAAvApAdAXARALAFAEAE
2615508,BFBNBaBPBMBCBLBMBRA9A5AwAiAeAYAPAJAGACBGBFBRBQBLBJBRBZBRBHBCA1AtAgAeALAMADAD
2615607,BWBZBdBbBXBOBMBKBDA2AsAlAeAXAUAMAKAEADBTBPBXBZBfBQBOBQBIA3A1AtAjAbAYARANAHAD
2615706,A7A+BEBGBLBFBFBKBCA+A+A4AtAmAeAWATAEAHA5A8BGBIBIBFBLBJBKBHBEBCA1AtAmAgAZAMAJ
2615805,BJBSBbBeBWBRBKBIBGA4AvAkAhAeAXASAKACAFBNBUBXBdBgBVBNBKBBA5AuAsAlAfAXARAQADAE
2615904,BDBCBOBNA8A9BDBUBFA8A9A7AmAeAiAaARAFAJA5BFBRBEBABBBJBSBFBFBCBAAzAsAmAdAUANAH
2616001,BIBKBQBZBLBJBEBOBJA9AyAxAoAeAYASALAEAEBIBDBMBVBUBHBQBSBGBEA6A5AuAhAbAWANAIAE
2616100,BGBOBLBUBSBKBABRBFA+A1AwAqAlAYAUAMAKADBIBEBWBQBKBOBKBFBFA9AwA4AxAoAdAZATAIAH
2616183,BFBDBKBSBLBABVBOBJA9A0AyArAlAjAZAOAFAGA9BCBABJBHBLBGBLBHBBA9A0A1AsAiAdAPAQAI
2616209,BGBJBRBTBUBNBUBPBIA9AxAuAlAcAZATAKAGAFBHBABNBNBQBMBTBVBNA9A7AyAoAhAbAVAOAJAH
2616308,BCBIBNBRBSBJBFBNBHA9A7A1AsAeAXAPAGAEAEBDBHBJBSBRBPBLBSBQBCBDA8AxAjAdAUANAEAC
2616407,A/BHBHBJBOBJBJBLBNBCA6AxAnAdAWAOAJAEADA/BCBDBJBQBOBRBWBYBLBFA+AxAoAfAUAOAIAF
2616506,BKBTBjBWBNBDA9A/BEA9A+AvAsAdAZAQAKAEABBGBNBVBOBNBTBIBPBKBJBCA7AtAhAVARAIAHAC
2700102,BNBKBaBiBQBCBHBCBDA4AyAxAmAdAcAVAJAHAFBKBQBWBfBQBQBHBGBGA6A0A0AmAdAfAYAUAGAG
2700201,BFBKBQBSBLBBBDBBBDA8A3A6AxAjAeAQAIAJADA/BMBPBSBLBFBGBJBOBEBEA9AzAnAfAXANALAE
2700300,BKBMBOBOBQBPBLBLBFA7AzAsAhAaAVANAIADACBGBKBKBOBWBXBUBWBTBHA+A3ArAjAbASAMAGAD
2700409,BQBUBYBiBTBEA4BBBJA8A1ArAoAcAZAOAJAFABBOBRBXBdBUBLBGBMBHA/A5AxAwAkAaAPAIAEAF
2700508,BTBbBWBbBTBLBCBBBJBCAxAxAkAdAWALAGABACBRBWBRBUBaBPBNBNBFBIA4AuApAgAQAMAIAEAC
2700607,BWBQBTBVBOBTBOBIBJBCA1ArAlAaATAHADACADBTBUBFBMBWBWBUBRBUBEA0A1ArAYAVAQAGABAE
2700706,BYBRBXBZBVBIBIBMBBA0AwAyAiAXAWARALADADBRBKBQBYBZBNBKBQBHA+A4A1AmAjAZATAJAJAE
2700805,BFBHBDBPBLBDA8BHBBBJA8A3AnAnAcAXAOAFADBLA/BLBSBSBDA/BWBQBEA/A2A3ApAhAZAPAJAD
2700904,BKBZBSBYBPBDBEBMBEBAA0A3AsAcAbATAMAHACBRBNBRBXBNBWBLBIBAA4A3A2AsAYAYAXAOADAC
2701001,BHBLBHBiBUAtA1BIA/A7A/A7AsAqAZARAMAGACBMA6BFBXBbBNBABFBEBZBEBKAvArAbAHAMALAC
2701100,BUBfBWBfBDA/A7BBBCA4A5A3AqAiAaAWADAEAGBMBVBbBbBSBIBABNBJBAA2A6ArAjAWAOAMADAB
2701209,BDBJBXBeBRBIBCBDBDA8A4AxAkAiAbAPANAGAFBQBFBaBOBTBEBJBOBQA+A5AxAtAhAfAVAPAGAH
2701308,BPBTBdBmBHA5A6A9BAA6A3AvAkAfAVAMAFADAGBRBYBcBdBSBLBJBQBLA/A5A3AwAiAaARANAFAC
2701357,BNBRBZBhBcBDA+BHBIA8AzA1AhAaAVARAHAIABBTBHBXBYBVBQBEBKBHBGA6A0AnAgAYAMANAEAF
2701407,BPBLBWBfBZBGA8BCBHA7AzAqAjAfAYAOAHADABBIBLBZBfBbBPBLBSBPBEA3AxApAhAZAQAJAEAF
2701506,BNBHBVBZBOBDBHBJBCA+AzA1AsAhAcATALAGAFBGBEBOBWBZBBBQBLBHA+A6A1AtAnAeATALADAJ
2701605,BVBWBiBiBMBDBABBA8A8AzA1AfAbAcAWAMADAEBMBUBjBcBRBKBHBCA9A9A3AtAqAcAaAWAQAFAF
2701704,BKBSBYBjBXA9A2BEBEBBA1AwAoAgAZAPAGAEACBGBIBWBeBWBIBFBLBSBEA+AyAqAgAcASALAHAE
2701803,BQBbBfBoBYBKBFBGA9A0AyAqAeAYAQAQAIADAFBTBaBhBgBeBMBMBCBBA9AwAuAjAcATASAMAHAC
2701902,BMBPBjBvBKBAA6A+BBBGA3AyArAdAfAOANADACBKBQBTBdBGBCA3BFBMBJA5A0AtAjAbAXAQADAE
2702009,BQBFBRBXBQBIBCBMBGA7A6A4AtAfAbATAHAKADBHBGBSBMBPBKBMBJBMA8A9A1AqAlAfAXAPACAH
2702108,BSBUBYBeBTBAA6BABHBAA0AvAoAeAWAOAHAFABBQBQBdBdBZBOBABHBKBFA4A0AnAgAaAQAIAKAC
2702207,BCBMBZBdBWBEBEBCBIBGA7AtApAiAXALAJADADBABIBNBaBGBJBEBaBLA/BGA7AsAhAgARAHAKAF
2702306,BSBSBTBaBOBFBFBJBGA8A0AwAnAaAVAMAGADADBMBMBWBUBTBOBRBUBOBGA7A1AqAfAWAPAKAFAC
2702355,BWBWBVBYBUBKBMBMBCA4AvAuAnAdAWANAIADADBSBNBRBUBXBQBSBOBGA7A1AxApAiAYAQAHAGAE
2702405,BKBPBYBWBNBIBGBHBEA4A0AvAiAdAXAPAHAEADBIBNBQBSBQBSBRBUBMBDA7A1AsAiAeATANAFAF
2702504,BOBIBUBcBeBMBDBDBAA+A4AvAkAgAZAUASABAEBLBCBCBeBYBTBBBGBCBBA6A0ApAoAbATANALAF
2702553,A9A/BPBTBIA6BGBGBJA9A0A/AoAhAkAbAUAGAGA4BDBXBNBHBDBNBBBQBCA4A9AyArAoAcAUAGAJ
2702603,BcBHBWBKBaBUBBBNBQBJAsAyAcAcAVAPAIADABBHBJBbBSBZBWBLBRBFA/AoAvAsAeAhARARACAD
2702702,BbBWBWBYBMBOBFBDBHA3AzA3AmAeAcALAHACAFBJBHBUBUBOBJBCBLBQA4BHA3AoAmAcATAKAEAD
2702801,BQBQBWBSBPBGBEBHBCA/A7AyAtAfAVAPAIACAFBNBOBSBLBeBRBKBFBKBBA9AzAyAcAXASAMAEAC
2702900,BTBMBXBaBaBVBPBMBGA6AxAsAjAcAZAQALAEACBPBNBRBXBWBKBKBKBFA8AxAwAnAjAZAPALAGAF
2703007,BRBUBaBbBYBFA+BABCA7AxAuApAkAWANALAFADBSBTBYBVBSBMBFBLBIA6A5AwAuAjAYAPAMAJAD
2703106,BJBLBVBRBHBBA8BLBHBDA1AyAsAmAdAXAQAEABBIBDBQBTBFBIBJBMBNBDA4A7AvAoAjAYAQAGAE
2703205,BJBRBVBTBKBEBHBJBKBBA3AxAuAjAZAPAIAGAGBEBRBRBPBLBIBPBNBKA/A7AxAsAkAaATAMAKAF
2703304,BTBXBkBhBHBAA5A9A3A5AxAvAjAeAWARAQABACBUBWBqBfBPBMBJBIBFA4A2A2AnAeAeAUANAIAE
2703403,BMBbBZBrBOBDA6BIBGA9A5ArAnAiAYAQAKADABBQBHBUBQBLBMBMBOBBA+A4A7AyAeAZARALAIAE
2703502,BIBOBYBiBRBABBBJBFBNA7AxAsAZAZATAJAGACA6BNBaBbBQBHBFBLBMBGA6AyAuAfAWAUAJAAAI
2703601,BWBSBXBgBWBQBFBIBIA/A1AoAhAcASANADACAFBYBVBeBYBbBRBJBGBFBCA2AqArAZARAMAIADAC
2703700,BOBTBgBZA/BEA+BHBFA/AvA3ApAeAUAPAOAEADBPBRBfBWBRBOBPBFBFA6BAAyArAiAVATAPAEAF
2703759,BXBRBZBYBTBDA/BNBPBBA3AtAnAiAXALAFAGAEBQBHBQBbBMBQBHBJBVBEA0AvAqAZAXAQAFAIAE
2703809,BWBkBOBlBCBKA9A3A8BBAzA3AxAqARAQANAFAEBOBTB1BSBOBFBGA8A8A3A4BCAoAfAUAMAMAGAH
2703908,BUBLBPBTBQBABBBFBKBCA8A7AuAjAfAIANAKACBIBRBWBXBNBGBMBJBCA/BEA4AnAiAWAUAIAAAC
2704005,BFBGBJBtBHBHA7BNA7A/A9AxArAjAaAQAKAIADBKA/BMBWBKBGBFBUBQBHA5A/AvAqAcATANAEAI
2704104,BUBNBPBYBaBUBDBIBFA5AuAtAiAgAaAQAKADADBOBMBNBVBTBRBLBLBHBAA3A2ApAhAgAUALAEAF
2704203,BPBTBTBcBTBMBEBQBDA5AxAtAnAdAXAQAKAGAABJBLBNBUBQBUBNBSBKA8AzA1AqAhAcAUAPAHAA
2704302,BEBFBGBJBQBQBHBIBJA/A5AxAmAbATALAGACABA/BCBEBJBVBWBTBXBWBNBHA/A0AnAdASALAHAF
2704401,BHBKBPBUBTBPBBBCBAA7A6A2AnAgAaATALAEAEBIBHBSBRBSBQBJBLBGBCA7A3AvAlAeAWANAIAF
2704500,BLBSBaBeBUBPBJBMBHA/AsAwAcAfATAOAGACACBRBXBPBZBXBTBXBUBIA+A3AuAkAbAVAKAFAEAE
2704609,BMBMBXBbBRBDA/BLA/A+A3AzAwAgAZATAKADAIBOBIBVBRBKBEBIBHBLA/A7A5AqAoAcAXAOADAF
2704708,BLBPBRBXBRBGBEBJBKBAA6AuApAeAUALAGADABBJBMBLBQBSBSBNBUBVBJA/A3ArAhAVAMALAEAC
2704807,BNBNBPBUBSBGA/BJBGA+A4AyAkAhAZASAIAEADBLBEBHBKBVBOBFBQBOBGA6A6ArArAeAXAQAKAD
2704906,A4BDBNBSBfBBAxBBBKBKA5A/AtAlAeAaAKAOABA4A5BHBPBKBIA6BHBRBNBOBAAyAoAhAXASAIAE
2705002,BOBUBhBjBHBCBBBFBAA4AzAxAoAfAcAVANAFACBNBPBYBcBSBJBFBPA9A6A0AxAoAfAfAYAMAIAG
2705101,BTBTBRBlBeBBBDBIA/A8AyAhAgAfAfALAIAGADBWBBBpBRBVBGBJBSBMBGAvAuA0ArASASAEAFAC
2705200,BVBNBXBaBUA+A/BDBFA8AzApAnAgAWAOAFAEACBUBQBUBbBXBKBKBUBSBBA5A0AtAiAWAPALABAE
2705309,BCBDBUBNBHBDA+BQBDBEA+A1AqAkAeAZAMAIAFBABHBIBVBOBGBIA/BLBKA7A/AtAtAnAVANAGAF
2705408,BWBQBZBgBTBCA+BJBEA8AwAsAjAZAZATAHAHADBHBWBWBgBSBPBGBLBGBAA6AsAkAjAWAYAQAGAE
2705507,BWBYBdBfBVBDBBBEBBA3AuApAlAdAVAMAEAFAEBYBZBdBaBWBOBKBLBHA/A7AuApAdAXANAGAKAA
2705606,BOBVBWBXBSBJA+BMBKBAA9AzAsAbASAMAFAFACBMBLBcBNBbBIBMBLBLBFA7A1AiAeAWAQAMABAC
2705705,BNBSBZBXBRBFBCBGA/A4A2AuAjAeAVAOAIADAFBQBQBRBPBYBOBPBQBKBCA4A3AoAkAYAVAKAKAG
2705804,BaBdBfBdBQBQBFBFA/A2A0AlAhAcAQARANABADBPBKBaBcBUBRBNBQBABCA3AvAiAaAVATANAJAA
2705903,BJBWBaBpBRA9A8A6BYA8A4AwApAdAcASALAFAEBRBMBOBjBTBHBDBNBKBAAvAwAkAeAVAVAKAKAD
2706000,BJBTBRBVBVBNBJBEBBA+AyAvAiAgAWAQAMAGAEBVBUBQBTBWBUBJBEBCA8A5AxAsAiAbAVAQAEAE
2706109,BQBKBZBkBOBLBBBHBFBCA2AwAiAdAYARAIAFAGBJBJBYBRBRBNBNBHBKA5A9A3AlAiAcAVAKAGAE
2706208,BEBUBaBjBZBNA+BAA+BKA5A0AdAYAQALAMAKAEBQBABXBYBQBQBBBFBPBGA3AxAmAiAeAaANAFAB
2706307,BGBKBNBTBOBCA/BIBGA8A4AxAmAgAaATALAFAEBEBGBMBMBNBJBJBTBPBHBCA7AxAoAgAYASAHAG
2706406,BPBTBXBdBPBMBEBBBEA6AyAxAmAjAWARAIAHADBMBPBXBOBTBNBKBJBFA+A2AzAtAiAYATAMAKAH
2706422,BLBSBZBjBiBLBGBBBIA5A1AsAfAaAaAUALAGAEA+BIBZBaBYBQBKBIBBA6A3AtAkAdAfAYAQAGAF
2706448,BSBRBQBZBVBKBCBGBJA9A2AsAlAfATAMAFAFADBOBPBNBVBXBOBMBVBLBFA8AxAoAkAZAPAJAFAC
2706505,BPBXBYB2BcBJA6BSBKA8A0AsAiAcAPAJAFACABBKBVBSBqBRBQBEBSBHA9AzAsAcAiARAOANAEAE
2706604,A+BPBGBjBPBEA7BIBKBBAzAtAwAmAcASAMAHADA+BLBLBbBNBCBABTBHBCA7A2AyAqAhAZAMALAI
2706703,BLBPBSBRBNBHBABKBHA7A1AvAoAeAVAOAKAFABBGBNBRBOBQBNBOBWBOBEA/A4AwAlAbARAOAHAD
2706802,BPBTBWBcBSBEBEBIBIBAA1ApApAcAXAMAKAEABBSBRBPBRBSBPBIBPBJBBA3AzAtAkAWAOAPAGAE
2706901,BLBXBZBZBNBDBABHBFA9AzAqAoAcAUANAIADABBOBTBSBPBVBOBOBXBSBEA8A0ArAiAYAPAKAFAB
2707008,BEBOBMBWBcBJAwBNBPA+BIA1A1AdAaAJAKAMACBFAzBIBWBUBDA+BDBWBDA/A5AyA6ATAPAMACAG
2707107,BQBYBgBdBUBKBHBIBBA0AtAtAcAXAUAPAGACAFBSBPBgBcBWBTBTBRBIBCA1AvAgAdAWAQAGAHAD
2707206,BOBRBkBaBSBKBCBLBCA5A4A2AkAgAYAQAOACAEBOBLBiBXBMBHBLBEA+A7A6A2AnAdAcAOALALAD
2707305,BcBUBNBZBlBMAzBBA7A5A+AyAjAiAQAJAJAEACBMBJBPBdBjBjBGBDBTBKA3ApAlAbAZARAJADAC
2707404,BUBUBTBYBfBTBGBUBHBDAvAtAnAdARAKAFADABBgBRBRBbBUBKBQBVBBA5A0AuAqAYARAKAHACAD
2707503,BIBQBWBVBMBGBEBLA/BDA2AqApAlAaAOALAEACBFBLBTBeBRBTBQBIBJBBAyAvAvAkAYAUAUADAB
2707602,BNBSBWBRBHBDA/BFBKBDAxAoAoAgAaASAIAGAEBQBVBYBQBLBTBPBHBIBBA6AxAqAlAhASAMAIAD
2707701,BNBTBUBRBPBLBHBGBDA/A4AzAkAZARAKAGAEAABQBMBPBSBSBTBOBVBNBKBFA3AsAeAUAPAKAEAC
2707800,BdBeBjBvBeBEBBBNBNBCAlAdAfAXAPAOAGABABBbBTBWBhBhBOBHBQBLA5AsApAkAWATAMAHACAC
2707909,BRBSBNBYBbBPBBBBBPA9A0AiAeAdAWALAFAGABBTBNBGBWBYBYBSBUBTBFA6AtArAeAXATAKABAB
2708006,BOBQBTBaBYBMBOBGA/A3AxAtAjAbAUAOAIADADBMBVBTBaBVBQBTBNBFA+A2AzAkAhAXATANAKAE
2708105,BRBJBXBeBZBLA9BNBEBAA5AwAmAgAUAPAKACABBMBPBXBUBVBKBPBPBFA9AzAyApAjAWAQAJADAF
2708204,BHBRBVBPBIBGBCBDBFBHA5AsAqAiAYAQAOADADBDBQBUBVBPBUBKBIBJBEA5A2AtAiAfATAOAIAE
2708303,BWBTBVBaBWBJA9BCBDA9AzAvAnAeATANAJADAFBQBRBSBRBYBPBGBLBHBBBAAxAsAgAaATAMAEAG
2708402,BWBZBhBjBeBKBGBEA7A0AsAqAgAbAVAPAJAFAEBTBWBcBgBcBWBKBFA/A6AwAwAiAbAUASALAEAF
2708501,BXBXBfBeBZBFBBBFBFA/AzApAiAbAUALAEACAEBSBaBXBeBfBRBHBKBKBFA1AsAkAcARAMAFAGAD
2708600,BKBLBRBYBRBFBEBIBIA8A1AuAlAeAUAMAJACABBJBIBOBXBWBUBOBXBQBJA+A5AuAiAWAQALAEAC
2708709,BQBKBMBVBcBNBIBHBPBDA2ArAhAZAVAPAFADABBRBVBRBXBUBZBJBUBNBBA1AzAlAbAYANAJAFAC
2708808,BLBRBYBbBTBKBCBIBIA8AyAsAmAgAYAQALADADBHBKBTBUBVBNBMBSBKBAA3A1AoAjAaASAPAEAB
2708907,BOBRBLBKBMBOBOBXBNBAA4AuAgAVAOAIAFACABBOBNBLBLBOBYBfBjBZBIA9AzAkAaAUANAJACAA
2708956,BOBTBgBsBcBMBBBGA8A8AtAvAcAZAYAPAHAGAFBPBSBmBlBbBRBGBGA7A7AvAvAiAcAVASAJAHAE
2709004,A+BDBWBPBHBAA/BJBKBJA5AtAyAgAcAWAKAEAEBBBGBRBKBJBJBKBPBQBCA/A4AvApAkAbARAKAG
2709103,BLBSBUBNBFBAA+BJBCA7A4AxAqAhAdAWAOACADBGBJBSBTBKBMBLBUBMBEA8A3AqApAhAWASAEAC
2709152,BMBRBXBhBUBEA5BFBCA1A1ArAlAeAYANAIAEACBMBLBVBgBaBUBOBSBPBBA7A0ArAkAWAPALADAC
2709202,BNBNBaBkBVBFBDBGBAA/A3AuApAeAaATAJAHAEBOBNBWBgBXBEBFBEBBA9AxA1ApAhAbAUAMAJAD
2709301,BPBSBWBVBMBFA8BGBDA7A2AtAmAfAXAOAJAEACBKBRBWBTBSBVBJBPBLBEA+A0AtAjAbASANAGAC
2709400,BLBNBNBbBRBEA/BEBGA+A1AyAmAhAaAPAHAFACBOBKBPBVBUBMBIBMBKBFA8A2AyApAaASANAFAG
2800100,BMBNBeBVBIBMA8BMBMBDA0A2AkAlAYARAKAMAABDBRBLBMBBBJBKBNBYBBBBArA6AbAaASAKAJAD
2800209,A9BEBSBYBSA9BCBDBKA+A5A0AuAoAaAVASAFABA9BGBIBPBPBQBMBMBLBEA7A6AxAmAhAXAPAFAJ
2800308,A8BCBDBFBLBKBJBMBNA+A5AvAnAeAWANAIADABA5A+BCBEBSBSBUBcBfBPBHBAA1ArAhAVAQAIAG
2800407,BCBCBVBZBLBEBCBJBIBFA9A4ApAiAXANANACADBABIBRBZBJBIBGBPBLBGBAA/AsAkAYATAMALAG
2800506,BCBMBOBXBeBhBUBRBMA6A6AtAiAdATAMAKAFACBCBEBOBVBWBTBBBOBQBBA9AvArAcAWAOAPAHAB
2800605,BMBPBNBIBGBLBOBVBUBBA6AtAiAYAQAKADADACBFBLBKBJBOBXBaBlBfBJA+A1ApAbAUAKAHAFAD
2800670,A6BFBRBQBFBEA/BGBGBEBDA8AtAgAcAUAIAFAGA9A+BLBMBKBKBKBPBQBMBHA/AuAmAhAZAJALAI
2800704,BdBcBiBmBZBOBIBFBFA2AwAsAhAgAVADAIAFADBVBXBaBbBPBYBCBCBEA4AvAxAiAaAdACAMAHAD
2801009,BEBHBOBLBSBLBBBKBHA9A5AzAnAjAZAQALAIACA9BBBLBPBVBXBGBQBPBGBBA5AuAnAbAXANAJAI
2801108,BVBPBbBZBSBMBSA5BJA/A2A6AqAjAdASAJAJAABJBFBQBOBPBEBOBFBEA7BAA1AgAcAbANANANAG
2801207,BaBZBXBiBYBPBEBABEA9AyAoAeAWAPANAIABACBYBWBZBdBeBWBOBNBLBCA2AsAdAWASAMAHADAE
2801306,BLBPBWBWBQBFBFBEBHA/AxAxAkAdAWAQAHAIACBIBRBSBWBYBNBLBQBQBBA4A0ArAgAZAQAMAIAG
2801405,BHBFBPBRBKBIBFBFBHA/A8AzAsAiAdAUAOAJAEA7BGBNBOBPBPBLBMBHBFA+A4AuAnAfAWAUAHAD
2801504,BOBUBaBdBQBIBABMBLA5AxAwAgAXAPAHAFAEABBJBRBTBaBWBQBRBiBXBBA+AyApAZARAMAHADAC
2801603,A4BGBIBYBKA7BABDBJBLBFBEAoAhAaAQANAIADA8BIBEBSBCBJBLBOBMBFBBBFAnAiAiAhATAIAF
2801702,BUBUBbBhBTBFBBBJBKBDA0AuAgAcAPAOAIAFACBKBLBUBfBYBPBOBSBNBCA1AwAjAbAVANAIAGAD
2801900,A8BKBIBMBaBFBEBHBJBCBFA6AkAgAUAVATAEADAzBNBGBSBFBJBKBEBTBLBGA3AyAdAlAaAPAJAI
2802007,BRBaBpBWBNBBA8BDBMBEBBArAjAZAQALAQAFACBEBIBYBSBUBJBNBRBQBABDAvAmAfARASAIAIAC
2802106,BHBJBPBVBLBJBCBEBNA8A4AwAtAdAUAPAJAFADBLBGBLBKBTBOBUBUBZBBBBA2AwAhAYAUALAJAE
2802205,BMBNBOBZBZBTBCBCBAA6A4AzAfAjAUAUAMACACBGBTBNBTBTBNBLBNBLBEA8A6ArAjAUATAJAJAD
2802304,BFBJBPBQBPBUBHBDBLA9A4AoAoAbAaARAKAEAGBIBDBMBMBUBSBWBOBKBCBAA1AtAiAfAUANAIAG
2802403,BCBIBQBVBWBEBGBMBNBNBBA5AvAeAcAWAJANACBEBEBLBVBEBDBCBLBJBIA6AzApAhAcAWANAHAB
2802502,BEBMBOBJBGBIA6BJBOA7A6A2ApAZAXAXAEACAGBBBMBSBBBSBgBJBcBOBRBDA6AnAqAYAOAPAFAG
2802601,BEA+BOBOBHA/BJBGBVA/BBA+AwAnAiAXAKAJAEA4BHBQBKBIBGBGBKBJBGA+A3AwApAcATALAKAI
2802700,BQBXBhBgBSBGA/BCA6A8A2AxAmAbAVANAIAJADBRBSBaBTBRBLBNBCBEBBAzA3AtAfAaAQAJAJAI
2802809,BTBVBiBjBVBCA6BDBGA+A1AwAmAdAVAOAKADAFBTBXBaBcBWBEBHBQBFA9A3AwAkAdAVAMAJAIAC
2802908,BDBEBLBPBTBVBPBMBIA8A5AvAjAcAVANAGAFADBABCBFBLBWBeBYBWBWBFA+A2AqAgAaASANAFAG
2803005,BIBNBVBcBZBLBEBKBNA6A5ArAlAaAWAOALACAEBEBMBSBZBWBRBPBQBLA+A3AxAoAeAaARAOAEAF
2803104,BCBUBDBRBPBBA8BDBGBDA4BIAyAxAjAaAJAHAGAzA5BABIBABEBFBABIBRBIA5A6AvAmAWAWAGAB
2803203,BLBPBWBWBNBGBDBIBKA8A8AyAnAfAWAPAHADAEBIBLBRBTBPBQBSBTBQBDA+AwAoAeAYAQAKAHAE
2803302,BEBLBPBTBRA/BDBJBGA5A8A1ArAhAaARAJAHACBABQBSBPBOBOBNBTBOBBA/A6ArAlAZATAMAIAG
2803401,BWBUBXBfBUBGBHBGBNA+AzAyAjAbAWATAJAGACBEBKBNBSBOBOBPBPBLBAA3A0AlAgAYAQAMAHAC
2803500,BFBGBHBPBTBOBIBLBIA9A6AzAnAhAYAQAJAFAEBBBCBDBKBUBTBRBRBPBGBBA8AtAkAcAVAPAHAF
2803609,BLBUBRBaBNBLBABHBOA7A5AuAlAaARAKAGADACBIBLBTBaBSBQBMBYBWBHA/A1AqAfAVANAIAEAD
2803708,A5BJBHBYBHBNBJBMBFA6A7AzAxAhAdAUAMAFADA7BGBEBPBPBPBJBPBJBJBJA3AsAjAhAWAIALAM
2803807,BTBaBXBaBTBJA+A6BCBEA8A2AsAcAZAJAKAEADBEBXBUBEBOBOBIBVBTBHA7A2AfAZAQAVAKAMAC
2803906,BABSBSBPBFBGBABCBLBCBDAzAzAgAXATALAFADBFBEBSBOBIBRBHBGBTBLBCA1AvAlAbATAPAGAF
2804003,BJBbBbBUBNBMBBBHBHBAAzAsAlAaARAKALAAACBDBNBYBXBSBMBLBOBYBGBCA2AnAfAYAUAJACAH
2804102,A8A/BJBGBNBIBEBGBQBQA4A2ApAqAeAVALADAJA0A3A6BMBTBMBQBLBSBMA+A1A6AlAlAYATAMAI
2804201,BXBQBWBfBdBNBMBGBGA+A1A0AgAYAWANAHAGACBMBMBPBaBWBZBOBKBDA/A6AvAgAdAVANAHAEAF
2804300,BEBNBSBKBTBKBLBJBJA7A1AsAnAcAcAOAKAGACBQBLBRBMBRBKBSBWBIBHA7A0AxAhAaASAMAIAC
2804409,BCBUBUBUBKBGA+BDBIBBA/AyAuAjAaASALACADBEBOBXBNBJBKBDBSBFBEA+A6AuAjAcAVAPAHAD
2804458,A/A+BDBFBMBUBFBHBRBIBEA2ArAoAiAUAOAHADA+A5BHBOBRBJBTBJBUBGA6A0AtAgAgAVARAJAD
2804508,BMBLBIBOBSBVBTBRBIA/A1ArAkAaATAOAJADAEBIBJBKBQBZBeBXBWBRA/A2AxAlAbAXARAIAGAD
2804607,BCBJBNBUBPBLBEBLBIBCA1A0AqAhAXARALAEADA9BCBJBSBVBQBOBTBPBAA6A5AuAnAbAWARAHAE
2804706,A9BGBXBWBQBKBCBOBJA6BEA7AqAgAdAUAKAHADA2BKBJBUBIA/BKBQBFBLA+A9AsAmAfAVAPAHAC
2804805,BNBQBQBSBSBQBNBQBKA6A3AtAhAUALAHAEABAABMBPBOBPBWBdBXBbBWBHBDA3AoAaARAKAGADAC
2804904,BPBbBYBaBQBBBCBJBMA6A2AwAjAfAZANAMAFACBUBUBNBYBQBIBPBVBIA6AyAuAsAeAYAQALAIAC
2805000,BEBOBLBJBKBOBLBFBOA6A9AxA1AkAcAPAPAGAABBBIBCBKBNBLBSBHBFA/BCBEAtAqArAJAJALAE
2805109,BEBFBIBhBKBHA9BKBGBAA9A3AvAbAWASAFAIACA7A8BABcBRBMBBBNBNBHBJBAAwApAfAXAKAOAI
2805208,BDBFBMBMBWBJBFBCBIA9A6A0AoAgAeAXAJAHADA+BBBMBQBKBLBDBVBOBBBKA0AzAqAkAUAOAJAI
2805307,BOBRBKBlBIBEBABKBHA/A5A2AvAgAUARAEAJAEBHBMBSBXBFBJBJBOBNBCA+A3AwAfAaAOAIAIAH
2805406,BVBZBjBlBYBRBLBJBDA4AwAsAgAYAUAOAFAEAFBVBSBZBbBRBPBOBNA+A8AuAvAgAaAWAPAGAHAE
2805505,A9BCBGBQBRBABBBLBIBCA7A6AqAhAhAWARADADA7A+BGBNBQBMBOBLBKBLBBA8AvAoAjAYASAJAE
2805604,BHBQBYBcBRBLBMBJBKBCA3AzAlAeAXATALACAFBJBJBTBRBJBOBMBPBGA9A6AyApAeAZATANAEAG
2805703,BJBGBVBQBQBABKBHBBA8A3A6ArAeAWANAGAGABBCA9BNBRBMBPBTBTBKA+BPA/AtAfAiASAPAIAF
2805802,A7BGBQBcBTBJBFBJBKBDBCAzArAeAZAVAMAEAHA4A+BJBVBVBNBEBMBKBIA8A6AmAeAeAZARAJAH
2805901,BRBQBZBbBUBAA9BDBTA+A5AqAlAYARARADABAABJBaBUBZBUBQBGBOBZBCA6A2AnAiATAGAOAHAF
2806008,A3A+BCBMBRBIBIBGBPBAA7A3AuAiAdAVAPAGAEA5A5BDBFBQBMBKBUBVBMBCA9AyAmAhAaANAPAF
2806107,BOBTBXBQBOBFBAA+BIA8A5AuAhAaASALAEAGABBFBRBVBWBTBTBTBYBNBPA9A6AsAdAXARAIAIAB
2806206,BBBLBPBQBNBEBFBJBMBHBDA3ArAhAZASAMAHABA/BHBHBNBOBIBKBMBTBIBDA5AsAhAYAUANAIAC
2806305,BSBLBkBcBWBKA/A/BIA6A2AyAoAhAYAMAHAGACBPBSBXBYBYBVBNBNBFA2A6AtApAdAUANAGAEAG
2806404,BXBYBcBWBIBMBFBIBSA7A4AsAkAXAUAOAKAEACBOBUBZBYBLBOBMBWBLA9A5ApAmAbAVARAJAIAC
2806503,BLBcBbBsBPA9A3BABRBEA6AvAsAdAYAQAGAIABA6BUBKBkBKBDA6BRBLBEA5A4AjAfAXAZAKAKAF
2806602,BGBUBXBOBIBCA+BHBGBAA6A1AzAiAYAQAHAEAFBBBLBOBWBIBKBMBKBRA/BEA9AvAlAaASANAGAG
2806701,BEBKBOBMBaBZBWBaBOA8A0ArAjAYARAJAEACACBFBHBIBMBSBUBYBeBUBEA8A0ArAfATAMAJAFAD
2806800,BABEBNBPBVBJA+BDBKBGA/AxAlAiAcAWALAFAFBBBFBJBQBSBHBQBNBVBLA+AzAqAlAgAXANAGAE
2806909,A+BLBHBRBWBABBBIBGBHA+A+AsAhAXASAKAHADBDBTBLBMBTBDBUA+BTBKBABAArAmAbAPAMACAF
2807006,BEBABOBGBPBQBNBHBFBHA0AxAsAfAkAXALADACA6BCBCBLBNBNBRBGBNBMA9A7AuApAeAUAUAPAH
2807105,BFBDBGBQBSBNBKBIBFBBA7AzAoAcAXATANAFADBDBDBBBMBXBUBOBNBNBFA+A7AsAiAfAWAPAKAI
2807204,BDBOBkBUBKBGBDBJBHA8A1A0ArAZAYASAIAGAGBOBHBYBWBNBRBKBKBJBGA5AzAjAiAbAPANAIAG
2807303,BIBTBTBTBGBPBEBHBLBHA3A7AhAeATAGAJAGADBJBTBMBDBYBSBQBNBNBMBEA3AcAdARAaALAHAC
2807402,A+A/BKBNBVBWBPBPBLA9A6AyAmAeAXARALAGADA7A9BEBPBUBSBSBQBRBCA/A8AtAmAcAVANAJAG
2807501,BGBRBJBdBUA8BBBLBUBAA+A4AwAbAZARAJACADBHBIBPBYBCBHBABLBTA7BHA3AsAcAXAWAXAGAC
2807600,BMBNBTBUBTBLBFBLBJA8AyAtAjAbATAMAJADABBNBLBQBYBUBWBUBSBRBBA7AwAsAhAWAPAJAGAE
2900108,ApA3A0BFA0A1A4BHBSA4BGBEBBA+AsAcAkAKAGAwAuA3A1AzA9BDBLBEBGBEBLBCBCA1AmAdAWAN
2900207,BPBUBVBkBPBNBGBEBOA9AuAqAkAZAUAQAKAFAGBQBQBVBhBQBJBKBPBJA8AuAwAjAeAcATANAIAE
2900306,BABNBTBZBLBAA+BFBFA9A4A3AsAjAbAVAQAFAEA9A/BRBWBPBFBCBPBMBDA6A6AvAoAhAXARAJAL
2900355,A6A+BGBTBWBHBLBNBOA+A+A5AoAmAcAXANAJAEA6A6BDBRBSBJBVBMBIBEA/A0AvAlAeAYAQAIAH
2900405,A7BFBFBQBHBBA8BKBPBDA6A0ArAiAhAZAUAIAFA3BGBIBKBJBGBHBTBQBHA8AzA0AmAnAeAUAGAO
2900504,A2A4BABGBNBRBFBQBSA/A+A+AzAnAfAZARALADA0A4A+BLBLBNBLBKBIA+BBA9AxAoAmAdATANAL
2900603,A8BFBCBPA/BCA6BRBNBBA4BGA+AoAjASAQAMACA7BCA9BRBFBHBKBHBLBAA6A6BBAqAeAWAQANAI
2900702,A9BJBHBGBHBEBCBOBSBDA7AzAqAbAWAMAHAFADA9BEBBBFBNBPBMBdBiBNBHA9AyAmAeAVAOAKAG
2900801,BJBOBWBPBFBCBBBKBLBIA3A5AwArAgARAMAHACBMBLBLBMBIBGBGBMBKA+A+A2AvAlAbAQAIAEAJ
2900900,A7BFBHA9A8AzAzBIBGBJBCA6A9A1AqAeATAFAKA2BBA9BEBFA8BABDBOBHBIBAA+A2AoAfAQAMAK
2901007,A+BEBEBRBTBKBEBKBLA/A6AvAqAfAaARAKAHAJA+A+BABQBQBQBOBOBUBJA8A3AvAmAgAYAXAJAJ
2901106,A4A/BKBOBJA7A6BJBQA+A3A3AyAjAaASAIAHADA4BGBIBMBLBFBJBXBbBTBGA8A3ArAhAWAPAJAH
2901155,BHBRBcBdBOA8A6BDBMBBA8A0AvAjAbAWAPAFADBBBHBUBZBJBLBEBFBJA+A4A3AuAgAYASAQAIAG
2901205,A3A/BCBQBIA8A9BGBPBDBHA6A4AqApAbAUAKAJAyA7A/BOA+BAA+BHBKBDA+A5A7AtApAcATATAK
2901304,BEBHBUBUBXBDBGBTBPA5A2AvAxAfAfAVALAEAGBABFBNBWBOBKBLBQBKA7A0A0AtAkAZAXAMAIAI
2901353,A8BABIBGBKBHBFBLBQBMBEA5AqAhAfAXATAGAEA9A/BBBOBLBOBHBRBRBCBCA5AsAgAeAZARAGAK
2901403,A+BHBUBRBSA+BFBRBSBBA8A6AxAlAoAXAKAIAFBGBLBLBMBBBFA/BGBJA9A3A2AuAkAeAWANAHAJ
2901502,A2BBBHBKBNBKBNBRBSBEA/AxAkAhAaAVANAIAHA1BBA+BEBMBQBKBVBRBDA9A7AtAmAlAcAUALAM
2901601,A6A2A9BFBMBQBOBPBJBLA8A6AvAiAnAZAOAOAIAvA2A0BFBOBTBJBWBGBEBCBDAuAkAmAYAVAJAL
2901700,BABHBUBWBKBJBPBNBIAxA4A3AoAZAYASANAGAHBFBJBPBVBKBTBMBIBGA/A7A1AqAgAeAbASALAK
2901809,BBBFBPBVBQBABHBMBOBIA/AuAtAiAcAVAOAGADBBBBBLBEBTBCBOBIBWBAA+A0AqAmAgAXAJAJAL
2901908,BABNBMBaBOBCA+BKBIBBA/A2AvAnAeAYAQAFAEA3A+BHBRBKBGBFBGBMBDBBAzAwAnAgAcAOAOAJ
2901957,BLBDBIBWBQBEA7BNBMA9AzA6A0AtAjAaAIAIADBBA/BIBQBABDBEBOBJA+A2A0A4AyAgAWAQAHAK
2902005,A7A9BDBMBMBEBFBXBLBBA/A/A6ApAhAdASAKAFA8A7BABIBABCBJBLBEA5A5A8A3AnAmAbAYAOAH
2902054,BCBJBSBgBNBNBGBQBKA8AyArAlAgAVAPAFAFADBFBMBQBYBRBbBXBeBRBAA1AwAlAcAbANAFAHAI
2902104,BEBOBYBXBRBIBFBMBHA6A2AzAsAbAcAUAQAGADBCBCBPBWBRBPBOBEBKA/A0A4AmAeAiAXAPAKAE
2902203,A+BFBGBUBNBHBBBPBOBHA/AsAnAjAYATALAEAEA/BIBCBHBNBMBMBXBOBIBGA5ArAlAgAUASALAH
2902252,BDBLBWBbBXBDBCBIBbBGA1A2A5AsAkAUAMABAIBDBCBIBSBPBBBDBRBLA3AyAwAtAhAYAOAOAFAC
2902302,BFBRBGBUBPBOBHBOBSBHBBAyAtAfAVARAIAFADBFBIBBBQBHBIBTBSBSA/A8AzAmAkAaARAOADAF
2902401,BHBOBZBYBEA8BABIBIA4AyA4AuAqAgAWAHAGAEBHBRBRBVBLBIBKBSBFA9A7A0AvAmAcAQAJAJAG
2902500,BHBIBMBXBMBNBCBPBUBJA1A4AtAlAdATAPAGAGBFBFBPBNBMBFA+BJBIA6A1AwAsAkAZAbAOAJAL
2902609,A5BCBRBZBNBAA6BEBJA/A+A2AzAqAgAaAOAIAJA2A6BIBUBIBFBEBHBKA/A+A6AyAqAnAeASAOAH
2902658,BDBKBXBZBQBBBCA+BLBBA/A4AqAdAeAcAOAIAFBBBMBYBUBGBDA+BFBJBCA0A6AoAiAfAZASAJAH
2902708,BUBaBfBgBUBKBEBKBJA7AyAvAoAcAXAPAIAFAEBQBXBXBfBOBNBHBLBCA1AtAtAkAcAXAQAIALAE
2902807,BJBJBOBRBdBKBTBaBSA8A0ArApAfAWAQALADAEBFBGBGBLBXBPBTBZBRA3A0AtAnAdAZARAHALAI
2902906,BEBMBOBVBNBHBBBPBQBBA2AzAnAgAXAUALAHAEBFBTBPBTBQBIBLBOBRA+A3AyArAgAcATAMAKAE
2903003,A8BBBIBUBMA+A6BIBQBAA+A4A2AsAoAdAUAHAEA2BABDBNBEBBBBBIBHA+A4A9A1ArApAfAVAMAI
2903102,A7BKBUBRBEA+A+BQBZBAA8BHA2A2AcAXASAJADA6BDBDBQA/BABJBKBFA/A7A5AyAkAXAYAPAEAH
2903201,BOBMBOBQBUBUBQBVBPA+A0AvAgAXAQALAHADACBJBJBJBPBdBYBXBgBTBDA5AwAiAYASANAIAGAC
2903235,A8A+BPBYBTBEA+BHBZA9BEA7AwAjAdAYAQAFAEA9BCBIBTBMBBA8BQBKBFA8A3AvAhAeAdATAIAD
2903276,BDBGBQBRBMBGBKBVBRBEA2AxAmAdAZAUAOAGADA8BLBQBQBNBIBVBXBWBAA3AyAmAbAdAXAPAEAE
2903300,A0BABGBSA+BGBDBFBGBKBDA5A6AuAlAYAQAKAEA5BDBGA8BEBGBBBVBMBMA/A8A4ArAjARAUAIAF
2903409,BOBPBTBXBJA/A8BKBNBBA+A0A0AnAbASAOABAEBJBGBNBTBIBEBGBMBOA8A6AzAvAnAcARAOAGAF
2903508,BBBABGBXBNBDA+BFBJA9BBA2A0AnAgAaATAHAJA7A/BBBMBEBDBEBKBJA9A7A/A7AsAiAdAWAMAI
2903607,BDBFBOBUBMBDBEBLBTA/A7A4AuAgAeAXAOAJAHA6BGBKBFBPBEBKBOBNA8A8A1AzAhAeAXAVAKAF
2903706,A+BDBNBVBMA8A9A+BMBDA2A4A0AoAgAcAYAHAIBCA9BFBTBJBBBGBKBLA2A1A4AyAnAkAjARAQAL
2903805,BBBJBdBgBEA/A8BHBIA/A+A2A0AnAfAZAPAGAGA5BIBNBWBABDBEBHBHA8A7A8AxAkAgAXAUAKAG
2903904,BKBQBTBZBPBKBHBOBKA9A0AsApAbAVAQAIAFACBKBQBOBXBVBOBQBTBMA5A2AzApAgAXAQANAHAF
2903953,BABBBNBZBQBOBEBLBUA3A7A4AyAoAhAXARANAGA5A8BEBVBJBGBDBLBLA5A1AxAwAmAjAWASAKAH
2904001,BDBFBLBNBKBDBFBEBNA/A5A0AuApAcAXATAHABBCBMBBBMBIBIBJBGBIBCA5A6AtApAiAhASAPAM
2904050,BPBTBTBdBcBRBLBMBOA8A2AsAhAbATALAIADABBPBTBNBbBbBaBHBOBMA6AzAtAkAZATAQAJAEAC
2904100,BCBEBHBOBKA/BEBJBFBAA4A2AvAiAeAeAaAHAFA7BDBBBMBNBEBBBIBKA5A/A7AzAtAjAgAXAMAQ
2904209,A+BABCBPBYBKBEBHBNA8A6A6A1AjAhAZARAGAKA9A0A+BIBNBOBHBKBFA9BCA8AyAmAkAdATAIAN
2904308,A5BCBMBbBJBAA+BIBRA+A5AyAyAsAiAUAMAJAEA8BBBMBNBMBDBHBRBPA+A8A3AwArAiAWASALAN
2904407,A/A6BMBUA/A1A5BOBSBJBFBEA8AsAlAfAVAIAEA6BDBGBDA7A3BGBMBCA+A7BCA2AkAmAgAUAHAK
2904506,A/BDBRBVBAA7A6BMBQA8A+A+A8AqAoAeAQAKAMA7BAA9BLBFA6A7BGBDA5A2A7A2ApAkAjAXAPAS
2904605,A5BJA+BGBHBHBEBUBXA+BAA5AuAiAaAVAMAHAEA6A6BEBBBNBOBOBZBUBBBFA7AxAoAdAbAPAJAI
2904704,A9BFBLBIA+A3A7BEBHA6A6A+A+A0AlAVASAKAFA6A/BLBJBABHBFBKBIBCBCBAA9AsAnAZAUANAJ
2904753,BTBSBQBiBRBQBJBQBVBDA0AvAoAcAaATAMAGAEBLBLBRBeBMBHBHBMBIA0AwAqAiAbAaARAGAKAG
2904803,A8A+BQBjBCA3BCBEBRBKBLA6A6AmAfAYAQANADAyA4BHBHBBA7A6BUBcBHAyA9AwAyAlAcALAIAF
2904852,BIBQBTBiBUBFBCBIBJA4A3AnAjAbAWAQAMACAEBHBGBNBoBSBLBOBPBJA/A4AzAqAdAfAVAQAIAI
2904902,BBBFBEBIBRBKA6BHBTA/A/A0AsAgAbARAKAEADA7A7BLBMBTBJBCBaBSBGA+A5A6AqAeAaARAIAL
2905008,AyBGAvBPBVBOBMBVBJBDA3A0AtAhAnAaAQAJADA+BJA7A2BLA/BYBPBVA4BLAsAnAyAmAiAaAJAG
2905107,BABFBUBhBLBEBBBFBGBAA2A0ApAhAgAZAPAHAIBFBEBKBUBSBGBBBJBDA8A/A7AqAgAfAfAOAMAM
2905156,AwBBBDBWBOBFBGBTBWA7BDA5AzAjAgAbAYAGAIA9A9BGBKBGA+BDBPBIA6A1A3AzAkAiAeASAPAJ
2905206,A+BBBDBKBPBIBPBTBNA2A7A4ArAgAdAVAPAIAGA+A/A+BLBOBOBbBTBNA8A+AzAtAlAfAXAUANAJ
2905305,BIBTBWBcBQBOBLBLBPBAA2AuAlAdAZARAKAGADBCBFBRBUBOBJBLBKBOA9A3AxArAeAYATASAFAG
2905404,BNBNBKBQBSBVBVBRBSBDA2ApAhAYARAMAGADAABPBQBMBKBcBdBjBUBVBCA4AoAfAYAQALAIAFAD
2905503,BGBOBRBYBLBGBMBKBLA9AyAuAoAfAeAVAPAEADBJBGBOBVBRBLBNBJBEA8A4AxAoAkAhAWAWAHAH
2905602,BCBLBSBYBHA+A6BABKA6A1AvA4ArAhATAOAGAGBEBGBQBVBNBCBFBOBKA/A9A3A6AnAiAVAMAIAH
2905701,BEBLBNBJBKBDBLBcBbBEA5AsAkAbASAKAFACABBDBIBJBHBNBOBWBqBmBLA8A2ArAgAVALAHAEAC
2905800,BQBZBcBZBHA/A+BGBFA5AyAvAuAjAbAPAKAFAEBQBTBcBcBNBQBJBNBGA1A6AzAsAhAYAOAJAHAG
2905909,BSBVBRBVBKBDBDBKBOA6A1A3AsAiAfATANAJACBRBMBPBPBKBFBFBLBFA4AyA4ApAfAeAWAOALAF
2906006,BKBIBNBUBWBJBHBJBOBBA3AyAoAgAbASAKAFAEBKBGBJBSBVBJBIBPBOA/A6AzAqAiAaASAOAHAF
2906105,BKBNBVBZBXBIBBBMBMBCA1A2AuAjAdAXAKAKALA6BKBKBUBCBGBCBIBHA2A2A0AoApAfAXAVAIAD
2906204,BEBKBRBbBSBHBDBLBRA+A3AxAsAeAbARAPAEACBBBMBKBWBNBIBBBOBKA/A7A1AvAlAdAWAPAGAG
2906303,BABOBMBPBJA+A/BHBNBEA8A5AyArAjAWALAHAGBCBKBEBKBGBGBIBQBRA/A8A0AxApAeAUAPAIAJ
2906402,A8A/BBBNBLBCA5A+BUBGBCBAAtAjApAfATAKAGA7A7BABEBQBAA6BABNBOA/A6AtAwArAiATAIAO
2906501,A6BGBMBJBIA9A9BOBMBJBAAvApAkAYAPAHACABA2BCBHBGBRBLBJBcBmBUBJA5A5AoAfAPAMAHAE
2906600,A0A5BGBIBEA6A+BOBPA/BDBDA7AuAmAeAVAIAIA3A8A+BFBBA7BFBLBFA+BFBDA/AqAkAdAUARAH
2906709,A9BGBRBUBDA/A+BIBLBDBBA3A4AoAdAUALALAGA4BBBKBOBFBFBDBJBOBCA+BBA0AnAgAZAQAMAH
2906808,BABIBPBbBbBKBGBKBHBAA8AyApAgAbAWAOAFAFBBBGBIBTBXBPBGBLBIBBA4AyAoAgAcAVALAIAJ
2906824,BIBPBQBbBLBAA+BMBMBEBAA4AtAdAbAUARAHADBMBKBPBOBNBFBBBIBHA+A8A2AoAfAcAZAKANAG
2906857,A5A6A/BJBBA+BBBABKBGBGA+A6ArAlAiARANAJA4A2A2BCA+BABCBLBGBIBFBHAzAvArAlAYAOAJ
2906873,BIBMBOBVBPBGBJBLBNA8A2AuAjAbAYASAMAFAHBCBGBKBMBRBNBRBVBOBHA7AzArAgAeAXAPAIAG
2906899,AyA7BBBNBDA4BCBABSBCA/A+A/A3AoAkAXAKAKA2A/BGBGBBBBA9BCBEA+A5A4A7ArAtAgARAPAS
2906907,BGBJBVBVBQBDA7BGBTBAA9AzAuAnAbATAMAEAEBHBGBPBVBGBEBFBRBLA9A3A3AwApAdAVARAIAB
2907004,BFBTBYBdBSBJBFBQBCAzAyAwAlAbAUANAGAHAEBIBVBXBVBYBYBZBRBPA6A1AxAmAeAOAQAKAHAF
2907103,BNBPBbBdBSBHBLBOBNA9A0AxAoAfAZARANADAEBLBJBSBYBPBDBIBLBEA6A2AyAoAfAbARAPAFAE
2907202,BNBRBXBZBXBMBLBOBKBEA3AxAoAcAXASALAFAEBIBKBRBTBRBKBIBKBHA9A2AtAlAdAbATAPAEAF
2907301,A8A/BCBSBIBEBCBKBPBDA5A3AqAfAaARAFAGAKA9BBBHBNBMBKBKBZBRBKBAA7AwApAhAaAUANAG
2907400,BOBRBMBDA/A3BEBIBZBGA7BBAwAlApAhATAPABBABPBMBHA7BBA+BTA7A5A3AzAtAoAfAZAXALAG
2907509,A2BEBDBJBBBBA6BMBUBGBBAyAuAiAbAQAJAEAFAyBCBFBIBBBOBMBdBhBYBNBAA0AnAeAUANAIAI
2907558,A0A+BDBPBMBJBJBRBVBBA3A0A1AqAiAgARAMAFA3A8BAA9BDBBBMBMBQA5AzA6A2AvAoAfAOANAO
2907608,BBBEBPBUBOBBBABIBPBAA9BAA0AjAjAZAMAHAEA7BABMBPBCBAA+BIBKA+BCA6A1AnAiAaAQAJAI
2907707,BHBRBTBYBfBKA/BFBMBCA2AwApAdAYAWAOAGAGBJBQBPBSBNBFBFBIBIA4A2AyAmAdAfAXARAJAJ
2907806,A3A7BCBKBKBJBHBLBGA/BDA+AyAmAfAbAUAFAGAyA4A+BHBJBIBKBQBIBFBABGA3AnAmAeASAKAL
2907905,BIBUBSBRBSBHBDBKBQA9A1AqAjAfAXANAOAFAEBHBHBMBSBRBHBMBYBPBCA3A2AvAfAdAVAKAJAH
2908002,A4A9BEBOA+A0A4BABJA9A7A3A6AzAmAbARAKAIA4BCBFBOBFA8BCBHBPA9BCBDBBA1ApAfAZALAM
2908101,BDBJBGBVBTBPBHBIBNA+A2A1AwAlAgAcAOAMAFBBBDBIBRBMBJBFBJBDA/A4A1ArAlAgAWAQAIAG
2908200,BBBBBLBTBQBIA/BKBRBDA7AtAkAcAZAPAGAEAGA8BBBLBNBVBPBKBXBbBMBBA1AtAmAdAWASAHAI
2908309,AzA4A/BJBHBBA9BOBKBGBEBBA4AkAaATAMAEAFAyA2A/BFBFBHBIBUBSBLBFBMA8AtAgAbAVANAM
2908408,BCBKBNBKBOBCBDBOBSBAA5AwAlAgAaATANAGAFA/BKBLBNBSBJBLBVBTBGA9A2AqAiAeAYAQAHAF
2908507,A/BABGBLBNBIBFBRBVBCA8AzAiAfAbALAKAEACA8BABHBHBPBLBMBdBgBJBDA+AwAlAcAWAPAFAI
2908606,BNBUBTBfBdBKBBBLBIA2A0AuAnAdAWAOAKAFADBLBOBOBbBeBRBFBIBKA9A0AxApAdAYARAMANAC
2908705,A6BCA9BHBBA6A6BMBVBABAA6A4AnAnAbAVAMAHAzA5A7BOBCA+A9BRBQBDBBA7A2AvArAiAYAOAL
2908804,A4BCBFBYBIBBBFBWBOA8AyA2BAAqAlAZANAJAHA6A4BDBGBCBEBPBNBJAyA6A7A0AsAlAYAeALAI
2908903,AwBEA6BHBOBLBSBKBXBGA9AyAnAfAdAPAOAHAEA7A8BHBJBVBQBKBJBRBFBEA+A1ApAcAbAPAMAG
2909000,A/A1A7BGA7A9A8BABRBGBGA+A2AwApAaAVARABA1A6A8BCBBA/BFBKBRA9BGBEA3AvAuAhAcAKAM
2909109,A6BABLBMBFBCA+BNBMBCBDBBA5AuAmAeAVAGAEA5A8BJBJA6BABBBIBMA+A/A/AzAvAkAbARAIAE
2909208,BGBABUBTBeBRBKBHBMBCA8A1AvAgAbASAKAJAGBBA8BJBTBTBMBOBJBIA+A4A0AmAfAcARAMAFAK
2909307,BEBFBOBVBLBDBDBUBPA9A8A1AvAiAeAVANAJACBDBFBFBNBOBHBNBRBKA/A5A2AtAiAeAWAPAHAH
2909406,BFBJBPBZBNBGBEBRBKBAA6A5A2AkAgAUAOAJACBEBLBNBUBCBBBKBKBDA4A4A1AyAjAeATASAFAC
2909505,A8BABHBcBDA1BIBHBQBHA2A9A7ApAfAUALAIAGBBAzBFBQA7BAA/BRBNBMA6BDA6AnAlAXAUAMAK
2909604,BDBIBQBNBLBHA+BMBNBHA9A0AuAhAgAYARAGAFA8BIBLBQBJBFBCBPBPBFA6A0AqAjAfAcAOALAG
2909703,BDBEBHBVBQBIBPBYBJA9A9A3AyAlAdAWAPAJADBCBCBCBPBHBLBEBOBHA6A7A7ArAjAaAXARAJAF
2909802,A6BCBDBJBIBCA/BOBPBCBBA0ArAfAXAMAHAFADA3A7BDBEBKBMBNBgBgBPBIBBA3AqAeAVAOANAI
2909901,BNBTBUBYBSBJBMBRBOBAA3AwAmAbAYAWANAFAEBPBKBQBSBSBKBGBLBIA/AyAtAjAaAaATAOAGAI
2910008,BEBMBWBdBGA9A5BJBUA/A8A8A4ApAjAYAOAIAHBDBCBNBOBJA9BDBHBEA7AyA2AwArAeAUATAJAE
2910057,BDBPBQBOBJBDBGBPBXBDA5AxAmAeATALAHACABBCBKBNBOBNBMBQBfBgBHBBA3AuAfAWANAJAFAC
2910107,A5A3BCBMBKBGBJBeBPBDBKBDA2AmAfAUAOAGAIA4A6A7BFBLBDBOBTBJBBA7A6AwAjAfAbARALAH
2910206,A6A8A+BNBKBHA8BMBXBABMAxAyAlAdAYAEAMAAA4A9BABHA6BNBCBfBVBRBHA4AzAmAlAWAOAOAM
2910305,AzA3BMBPA8A4BBBHBMBIBABEA4AqAkAbAYAIAFAzA1BGBEAzA9BCBOBaBEA7BHA7AzAlAaAYARAI
2910404,BGBFBRBWBQA/BHBJBPBCA8A5A3AsAfAYAOAGAEBABBBVBQBJBFBCBJBGA7A1A3AvAkAdATAPAGAG
2910503,BCBRBLBSBKBHA6BMBHBEA/AyAoAhAYAMAFAHAEBCA9BIBVBTBWBGBWBOBPBIA5AnAjAiANAQAFAC
2910602,BHBLBTBfBVBKA/BMBNA6A1AsAmAeAUAOAKADACBLBJBNBaBZBSBIBTBOA+A2AzArAeAaAQAJALAG
2910701,BGBEBRBUBOBHBABKBRA+A5A2AoAiAfAWAOAIAFA9A9BJBHBRBIBFBRBJA/A+A7AvAiAjAXATAKAI
2910727,BKBKBQBOBPBHBHBRBQBDA1AtAmAfAUAOAHAFACBFBJBMBQBPBNBPBbBaBFA6A0AqAgAcAPALAFAE
2910750,A7A3BCBNBTBMBJBOBHBGBCA9AtAkAhAZANAIAHA6A5A/BFBNBJBQBOBKBHA/A8AtAjAkAaARAHAJ
2910776,BDBKBFBJA+BEBHBLBLBOBIA0A2ApAmAdAOAGAIBBA9BAA+BGA9BKBIBKBBBAA9A1AoAmATATAHAH
2910800,A/BGBHBHBOBKBJBRBRBAA4AuAkAaATAMAHADACA+BGBHBHBUBUBUBfBdBMBDA6AvAjAbATAOAHAF
2910859,BCBDBOBUBWBDBJBPBVBCAzAxApAgAgAVAMAGAFBCBGBLBPBRBHBIBUBQA+A7AwArAhAeAXAOAFAH
2910909,BDBCBKBQBNBHA/BXBJBCA1AzApAtAjAdAPAIAGAzBGBOBSBAA/BMBRBJA6A3A+A1AlAlAWANALAG
2911006,AwA+BMBNBFA9BIBOBOBBBGA+A7AuAkAbAXAGADAtBCBEBMBDA6BMBIBGBCA7A9A5AqAkAdAPAJAJ
2911105,BRBRBWBXBaBUBPBTBIA8AwArAjAdAXAOAIAEAEBRBUBSBVBSBSBMBVBAA6AsAoAhAdAaAQAJAHAF
2911204,BDBIBMBUBKBDBDBOBaBAA4AyAsAiAZAOAHAIACBDBIBKBSBPBGBMBaBZBDA5A1AwAiAYASAMAGAE
2911253,AsA6BDBMBIBFA8BJBTA9BIBGA5A4AqAgATAKAGAzA9BEBLA4A8BABKBGBDA4A/A5AnAuAWALAQAQ
2911303,A+BHBHBTBQBKBBBQBLBEA9A6AzApAgAZARAIADA4BEBHBPBJBEA/BUBEA4AzA8AwAmAfAcAMANAI
2911402,BKBPBRBJBBBDBJBYBKA9A6AzAqAeAbASANAGABBGBNBOBEBJBIBPBRBNBBBAA5ArAiAgAUASAHAF
2911501,A6BVBQBWA/A+A4BVBaA7AvAxA2AsAhAVANAHAHBBBIBABRBLBDA6BcBMA5AzA2AxAqAiAbAUAIAL
2911600,A9BFBHBTBHA8A+BKBRBBA5A0ArAfAaAPAHAGACA+BDBGBXBLBFBNBaBYBHBCA7A2ApAfAVAHAOAL
2911659,AvA0BCBIBNA/A4BBBPA6BGBCA6AyAqAiAXANAHAuA5A8BJBEA/A/BGBJA4BEBHA+ArAnAiAcANAQ
2911709,BBBGBDBJBKBHBMBOBNA/A+AyAtAgAZATALAHAEA+A/BABIBNBPBUBYBUBEBAA7AwAkAfAUATAGAF
2911808,BCBDBMBVBHA3A+BJBUBHA8BBAzAtAoAaAUAHADA9BCBPBHA/A6BABJBFA9A6A8AuAwAmAaASAHAG
2911857,A4A6BCBOBVBRBHBBBJBLBDA6AvAgAkAbAPAJAFA1A0A9BNBWBIBHBOBCBIBBBAAyAmAgAZATAIAF
2911907,BABFBRBXBHA8A6BGBLA+A4A1AuAlAdAYANAEAJA/BGBMBRBMBJBFBOBNBCA7A9AxAmAhAaAVAKAK
2912004,ArA0BABGBIA8A/BHBMBGBGBKA3AuApAcAQARALAvA0A9A+BIA7A+BZBLBBBEBBA5AvAoAfAaAJAO
2912103,A1BCBCBQBGA+A4A/BMA+A7A4A5AvAiAZAZAEACA4A/BDBNBJBEBDBNBPBEA9A+A/AtApAaARARAJ
2912202,BPBSBXBbBXBSBUBcBTA4AwAkAiAYAQAKAFAEACBPBOBTBZBVBYBaBeBPA1AtAlAeAXAQALAIAEAF
2912301,A6A/BKBOA9A+A+BMBUA/A4BEA2ArAlAWAUAIAIA7A7BFBLBABHBHBKBJBABBA8A3ApAkAbAWAIAK
2912400,A+BIBNBTBEA8A+BKBWBFBGA4AvAlAiAZAVAHADBBBHBCBNBGA+BEBLBQA+BCA3AxAkAjAYARAGAG
2912509,A3BCBFBLBYBKBCBKBQA4A9A6AtAhAbAcAZAJAEAyA6A3BUBMBJBCBIBPA/A/A8A0AoAmAeASANAQ
2912608,BGBBBUBnBKA5A6BGBWBEBEAyAqAlAlAbANAHAIA+BEBIBUBCBDBCBLBEA4A8A+AvAfAkAdATAGAF
2912707,BFBNBYBjBbBFBCBHBPA8A3AxAyAqAcARAIAGAGBFBHBQBcBSBLBEBIBJAzAxAxApAgAYAOAHAMAG
2912806,BCBHBJBPBFBBBFBUBMBDA9A5AyAhAiAWAWAFADBHBPBIBKBJBHBLBKBLA3A3A3AqAoAfAXARAMAC
2912905,BCBGBNBGBEA3A9BIBQA/A5A2A3AsAeAUANAJAIBCBGBSBHA/BABJBWBQBBA7A7A5AtAgAXAQAJAH
2913002,AuA7BABVBIBHBBBJBFBCBCAxBCAuAhAcAZAIAHAuA6A7BDBWA6BCBKBGA7A/A6A7AuApAkAhALAO
2913101,A/BFBLBLBGBDBCBKBPBDBBA+A1AjAhAXANAJAGA+BFA/BNBEBABABKBMA/BBBCAyAqAgAaASAIAJ
2913200,BLBKBXBPBLBABEBLBHBEA8AxAtAeAaAQAKAFAEBNBSBNBSBHBWBGBTBVA3A2AtAyAeAXAWAMAJAF
2913309,A6A/A9BLBQBEBDBKBABCA9A7AzAkAkAXANAMAEA8BCBDBNBHBGBGBRBHA9BHBEA2ApAeAZAVAOAJ
2913408,A4BABCBDBLBIBGBSBPA+BAA0AuAhAmAcATAGAGAzA9BABEBPBOBSBTBSA8A5A7A2AnAiAYATALAL
2913457,BHBPBRBUBUBLBEBVBRBCA7A4AtAjAZAQAMAGACBHBMBKBQBVBNBQBNBHA5A2AxAqAbAUAPAIAFAE
2913507,A+BDBPBTBFA8A7BFBPBCBDBBA0AqAjAYAOAMAJBBBBBIBSBEA6BABNBLBAA8A3AyAnAgAZASAMAG
2913606,A7BEBJBHBGBDA+BOBPBBA8A4A0AnAbAQAJAFADA7BABBBLBLBHBKBYBaBHBEA9A6AtAgASAQAIAF
2913705,BBBIBSBWBPBLBCBPBMA/A2AtAnAfAaARANAEAEBCBCBPBPBUBOBNBSBKBBA9AyArAiAcAWAQAIAI
2913804,A/A9BIBRBfBJBBBIBGA5A2A1ArAiAdATAOAGAKA7BABLBNBaBNBJBKBNA5A3A8A0AoAfAXAOAOAO
2913903,BCBFBKBKBEA7A7BPBQA9A3AyA0AsAdASANAGAEA/A+BFBIBIBEBJBXBXA9A9A/A6AwAhAXATALAI
2914000,A8BDBLBTBMBABBBIBLA9A2A0AqAlAfAWAOAHAIA9BBBGBQBPBIBKBPBRA/A8A5AvApAjAeAVAJAK
2914109,A5BBBBBHBBBGBCBOBMA/A9A+A7AiAtAbAPANACA3BABBBKBLBEBFBLBIA/A+A5AzAqAoAeATAJAJ
2914208,A6BCBJBZBGA5A6BIBRA9BGA9AyAvAbAVAKANADA9BABPBXBHA+AyBSBMBHA6A2AxArAlAaAVAOAI
2914307,A6A+BNBWBUBNBKBUBTA+A6AxAzAmAfAYAJAJADA4BABEBSBNBOBHBHBEA8A2A3AvAqAhAVAOAGAM
2914406,BLBIBUBgBUBIBIBMBSAxAxAsApAdAcAUAMACADBJBQBLBQBVBTBNBJBKAxA2A6AsAeAYAXALALAH
2914505,A+BFBLBWBEBDBBBLBMA9A8A0ApAiAbAVALAKABA4BABGBLBGBIBMBSBRBIBDA9AxAnAkAcATAOAI
2914604,BJBOBKBNBTBKBDBRBSBAA4AuAlAXAUAOAHAEACBDBGBGBTBWBXBQBZBWBMBBAzAqAfAWAPAMAGAE
2914653,BQBWBbBXBNBIBNBMBMA6A1AwAmAfAZAOALAFACBPBLBTBRBWBKBNBKBJA8A3AuApAgAXANALAHAD
2914703,BBBGBMBRBRBGBEBSBNA+A1AyAsAcAXASAOAFACBABFBIBMBOBKBOBbBTBDA7A3AwAiAdAXAPALAI
2914802,A2A/BBBGBIBBA/BKBOBAA6A3AxAlAaARALAFAEA3A9BABFBKBKBNBZBbBMBHBCA9AvAkAXATAKAG
2914901,BRBSBVBXBQBKBNBTBWBCA2AtAnAgAWALAHAFAABMBPBQBUBRBWBRBWBKA6AyAsAjAYATANAJAEAC
2915007,BFBRBbBXBOBEA/BMBIA1A4AwAtAjAdAXALAJAEBHBIBSBPBQBJBDBJBFA6A4AzAsAkAdAYASAIAJ
2915106,A/BEBQBRBNA+A4BHBQBEA8A5A2AqAlAUAPAJAFBEA/BFBUBKBBBGBKBIA/A1A1A0AtAfAVAPANAJ
2915205,A/BLBHBTBBA+A/BRBVBDAzA3A2AwAhAWANAMADBCBFBFBIBEBGBIBWBUA1A3A1AvArAeAYAMAMAJ
2915304,BGBUBPBPBCA3BABGBOBDA4A8AxAlAeAXARAJAHA/BOBHBCBGBDA9BLBTA9A3A/A3ApAkAWAWAJAE
2915353,BPBQBTBWBKBHBFBJBHBCA7A3AvAlAfAWAIAHAFBMBOBaBPBOBCBHBBBCA9A1A4AnAdAbAUANAEAH
2915403,BCBVBVBoBMA5AxA9BDBBA/A3AyAkAgATAKAFAFBHBOBWBfBCA6BABFBKBHA2A5A0AjAaAUAQALAK
2915502,AvBCBJBeA/A4AtBLBNBKAzA7A2A2AfAYAUAIAGA4BEBBBOA3BABEBgBPA9BEBCBFAmAmASAUANAH
2915601,BHBLBOBOBMBEBABJBRBBA3A2AtAjAcASAMAGADBFBHBKBPBMBIBHBRBOBDA6A4AyAmAeAUAQAEAG
2915700,BBA9BRBUA/BAA3BJBYA7A9A5A1AzAoAWAKAMAFA8BFBNBXBABAA8BTBNA+A6A2A1AoAeAXATALAF
2915809,BABFBJBPBRA+BBBVBWBLBBA5ArAhAdASAMAJAEA/A/BBBOBRBEBJBSBPBEA6AzAuAiAeAVAQAJAF
2915908,BKBPBUBXBSBFBABGBMA2A7AtAwAmAUANAHAHAEBLBJBSBSBaBWBKBQBJBDA2AwArAlATANAOAFAE
2916005,A3A6BDBGBBA7BBBFBPA9BOBDBBAuAmAcAYAGAKAuA3BFBGBAA9BABJBCBGA+A9A+A1AnAeAZALAL
2916104,A/A/BDBGBLA/A2BCBMBGA9A5A0AsAdASAKAGABA6A+BFBGBQBDBABWBdBLBKBFA9AvAhAWAPAGAG
2916203,A1BDBRBSBDBCBHBUBSBEA8A3A4AoAaAXAMAHAFA+BGBFBKA/BKBJBTBXBBA4A6AuAhAfASAQAIAK
2916302,BHBNBcBVBHA5A5BJBLBAA4A8A3ArAiARANAFAHA/BNBSBPBIA/BEBMBLA6A6A4A0AkAdARARAEAH
2916401,BABDBKBRBKBCA9BKBNBCA8A1AqAgAcASAPAHACBCBDBIBPBKBHBHBTBWBHBBA9AxAlAhAWAPALAG
2916500,BHBIBTBZBLBKBHBJBMBAA+A3ApAkAcASANAIACBDBEBPBTBRBKBGBLBHBBA4A0ApAfAaAWAPAHAE
2916609,BVBOBEBLBVBCBBBMBSBHA4AvAuAkAgAXAFAHAIBDBIA8BNBGBGBNBUBQA5A7A2AtAnAcAUAOAKAE
2916708,A6A6BEBBBMBJBDBYBUBJA+A7AwAtAeATANAHAGA2A+BIA8BKBNBUBVBTA/A4A6AxAoAdATANAMAL
2916807,BCBDBMBJBKA+BBBQBRBCBBA9AyAlAgAZAPALAJA+BDBGBIBEBDBGBQBIBDA6A1AtArAgAZAQAKAJ
2916856,BABQBRBWBNBNBIBNBLBCA2AwAlAbAWAQAJAFAEBFBOBQBQBLBTBPBUBVA/A4AxAlAfAbAUANAIAH
2916906,A6A+BDBRBIA+A9BLBNA9A/A6A1AkAgAWANAJAEA9BCA9BQBEA/BABXBKA+A7BBA9AqAhAhAZARAL
2917003,BDBKBQBdBRBFBCBJBKA/A7A3AqAhAcAXAQAGAGBCBDBKBYBNBGBDBLBKA9A4AyArAhAfAaARALAH
2917102,A9BDBLBRBHA3A5BMBOBBAzA+AzArAmAXANAKAGA6BCBIBNBBBDBBBLBPA+A2A6A/AwAjAdAZAOAD
2917201,A4A/BHBMBMBHBJBQBWBCA8A0AvAmAfAXAPAGAGA7BAA/BNBIBFBFBUBRBAA7A4AxAmAhAaASANAM
2917300,A+BHBTBWBHA9A+BNBQBAA3A0AsAjAcASAMAEADBABFBLBYBEBGBLBUBWBFBCAzAzArAfARAUAGAB
2917334,BEA+BLBZBYBTBRBPBIBAA4A1AtAfAZAQANAGADBDBEBMBQBQBSBSBNBFA9A+AzAoAgAZAQAOAGAE
2917359,BOBHBKBCBFBGBJBUBLBEA+A7AvApAhAaAWAGACBBBBBCBBBABEBRBKBHBBA6A4AvAnAhAbASAFAH
2917409,AwA2A8BEBJBDBKBSBSA/BCBBA8AvApAgAZAHAIAuAyAxBBBGBFBHBPBGA5A/BEA7AsAoAfAWAQAM
2917508,BDBIBLBMBLBEBFBLBOBBA4AwApAfAYASANACACBBBGBGBKBPBNBQBZBTBIA+A5AtAlAhAXAOAIAH
2917607,BABIBQBVBPBCA9BGBMA+A6AxAsAgAbASAMAGAGBABHBPBUBNBIBIBQBRBDA6A4AyAmAfAWAPAIAJ
2917706,BBBHBHBMBOBDBHBLBQBHA+A5AuAjAgAUAPAGAFA9BCBEBHBLBFBIBOBQBEBBA4AsAiAhAYARAHAJ
2917805,A7BABPBUBKBFBHBRBTBKBAA0AsAnAbAQAHAGAFA3BEBMBRBKBJBLBZBSBEA5A1AuAmAbAQAKAGAH
2917904,BJBWBeBbBXBMBFBFBHBAA8AqAnAbAZANAKABAFBHBOBbBbBRBMBBBGBMA/AxAzAoAgAbAQAOAFAC
2918001,BABIBIBLBIBCBEBOBPBCA5AyAsAjAZAPALAGAEA+BHBEBJBLBLBPBYBXBGA9A3AyApAgAWAQAJAH
2918100,BEBCBMBaBLBEBGBHBHBDA/A1AqAjAdAUAQAFAFBBBCBNBTBLBMBKBLBHBCA7A6AtAiAeAYAQALAH
2918209,A+BABFBQBIBDBMBVBVBDA8A6AvApAaASAJAIAHA2A/BLBMBOBEBNBbBUBAA3A1AwAlAcASAMAJAL
2918308,BDBHBKBUBKA9BHBJBRBBA5A7AzArAgAUAOAKAFA7BCBABOBGBJBGBIBIA8A7A5AzAsAgAWAUAKAI
2918357,BQBNBYBeBSBGBBBGBNBFA2AxAmAdAYAQALAGADBKBJBSBeBMBGBGBLBRBCAzAyAnAeAcARAIAHAF
2918407,BTBTBNBUBaBRBKBLBJA+A2AsAgAYARAMAGAEACBMBSBLBUBXBUBRBQBRBBA7AxAkAcAVAPALAFAE
2918456,A/BMBRBOBJA+BEBTBSBGA/BAAxA0AnAYAUAFABBBBHBIBKA7BJBBBKBEA4A4A5ArAsAdAUARAGAA
2918506,BBBHBRBYBMBJBABMBRBEA7A5AuAlAiAXANAGAGBABHBUBQBDBBBBBOBCA8A7A7ArAgAhAXAOAGAF
2918555,A7BBBOBPBMBEBABABKBFA9A+A1AuAmAZARAFADA1BJBOBGBCA+BFBIBIBIA6A5A8AqAdAUANASAF
2918605,ApAwA8A9BAA+BJBXBMBBBDA7A7AzAmAdAVALAHAtAzA4A4A7A7A+BRBPBCBOBGA/A2ArAnAXASAT
2918704,A6A1BABLBEA4A1BcBXBBBFA0BAA7AmAbAbADALBAA5BBA/A4A1BOBUBLBCAtA1A9AwAlAdAVALAL
2918753,A7A/BDBKBXBRBVBZBQA9A6A2ArAeAjAXASAHAEA6A8A/BFBZBSBPBVBDA5AzA2AnAhAiAYAQAKAL
2918803,A9BBBJBWBLBEBIBQBUBGBBA7AuAjAWAPALAGADA6A+BMBLBHBJBKBXBSBGA+A9AqAiAdARAPAHAJ
2918902,BLA7BHBIA2A1A/BPBHBGBHA5A0AwAXAjAVAEAHA8A/BPBFBJA1A/BGBHBGBNA5AzAvAtAdAXAHAI
2919009,BABDBCBXBJA9BABEBIBMA8A+AxAlAsAQAVAFAEA6BABdBHBDA5BDBUBYA1A9BGA2AkAhAXAHAJAH
2919058,A1A+BOBWBOA5BABIBOBEBEA9A1AnAkATASAJACA0A8BKBGBLBFBFBOBOBMA/A5AuAlAhAZATANAI
2919108,A0BFBLBXBPBCBGBFBIA/A8A1ApAlAcAWAOAHAHBABBBOBTBGBLBKBOBNA0BBA3AxAoAkAaAXAIAK
2919157,BIBHBMBZBTBEBEBEBOBEA7A1AtAeAcAUAMAHABBEBFBIBTBRBEBBBPBPA+A6A8AtAlAfAWALAJAE
2919207,A9BEBDBEBHBCBJBZBcBGA5AuAlAdAVAMAFAEACA9BDBBBCBOBMBXBoBtBQBDA4AvAlAaAQAMAEAE
2919306,BGBKBWBRBSBPBMBXBQBBA3AtAlAYAVAKAHADABBEBRBTBRBPBSBSBYBQA9A1AzAmAdAVANANAEAH
2919405,A3BCBABMA/A6BKBMBSBAA+A8A1AuArAgAQAPAHAzA2BEBHA+A+BFBLBNA5BGA5A7AtApAYAhAKAE
2919504,A9BABDBIBMBBBMBWBWBDBBA3AwAkAdAZARAGABA7A9A/BCBLBHBNBXBSBBA+A5AwAlAgAYASAGAJ
2919553,BaBXBVBVBbBiBkBfBXA7ArAgAWAPAIAEADACAABUBUBSBUBiBkBlBpBVA3AnAeAUANAIAFAEABAA
2919603,A7BGBbBbBFA1A3BJBPBAA1A0A0AiAfAVAQAGAFA5BABZBfBAA5BABIBOBCA4A/AvAsAlAbARAOAK
2919702,AxA+BBBFBHBBBPBbBbBLA5A4AuAfAaAUAOACAEAwA5BMBMBTBKBYBcBgBHA6A6AsAgAdATAMAHAF
2919801,A/A+BFBTBQBLBEBEBMA6A8A4A0AmAeAaASAGAGA7A/BEBOBOBEBJBKBLA9A/A6AxAoAfAeATALAL
2919900,BKBQBQBkBIBBA7BABIBHA5A7AlAYAcAbAXAGAEBGBKBOBVBHBDA+BLBFA8A5AyAtAeAhAbATAJAR
2919926,A8BHBEBDBGA8BHBDBcA/A5A4AuAkAYAPAKACADA9BDA9BEBNBbA9BOBjBXA7BRA4AoAbAXAQADAF
2919959,A2BEA6BYBAA8AyBKBNBFBHA9A5AqAxAlARAKAHA0A0A4BLBCA9A/BMBVBDA5A1A0AsAsAjAYAOAL
2920007,A/BFBOBTBPBABBBNBSBBA4A7AxAmAdAVAQAFAEA8A8BJBbBHBHBBBYBOBCA3A2AyApAeAUAOAJAE
2920106,A7A8BJBKBPBEBABKBOA+A+A4AwAnAlAcARAGAIA0A6BBBHBNBBBCBIBMBCBBA+A2AtArAeARALAM
2920205,BLBUBRBlBRBIBIBOBFBAA1A0AtAeAaARAOADABBJBMBPBWBLBIBKBGBNA5A4A2AnAfAZAQAOAFAE
2920304,A3BGA/BJBLBCBGBUBUA8BHBAA1AlAgAbAYAKAEA5A3A3BOBKBGBEBMBOA5BCA8AtAnAkAcAUANAF
2920403,A+BBBQBTBRA+A7BHBSA9A+A3A0AqAiAbATAFAIA+BDBFBOBGBEBBBGBKA/A6A1AyAvAfAcATAJAH
2920452,A1BFBJBeBqBJBHBWBdBCA1AyA1AhAaAOAHADAGA3BLBBBbBLBSBLBOBZA7AuApAkAfAaAVAMAJAF
2920502,A8BCBFBOBNBFBGBUBSA7A6A1AyAlAbASAOAIAEA9BJBCBKBMBOBRBWBPA9A4A3AyAlAdAWAPAKAJ
2920601,A8A7BIBRBNBBBEBUBWBMA/A3AsAhAXANALAEACA4A8BJBRBJBFBFBUBXBMBDA7AuAmAfAWASAIAH
2920700,BNBaBGBUBfBJBEBhBcA+A2AtAnAeAUANAHACADBLBkBFBRBYBMBNBtBKA3ApAoAfAXAQAKAKACAB
2920809,BDBGBVBVBHBGBIBIBFA+A+A3AuAiAdAXAKAKAGA7BDBSBWBLBGBIBJBLA3A9A4AxAkAbAUATAJAI
2920908,A8BMBQBbBNA5A+BQBRA+AwAzAxAtAoAWALAIAIA3BGBKBVBTBCBHBWBMA8AyAtAzApAlASAQAIAC
2921005,BEBJBLBSBHBFBDBRBZBBA5AtAmAeAWANAHACADBABMBKBPBNBLBRBfBcBHA+A3AuAkAYAQAIAEAI
2921054,BBBKBLBdBQBJBJBLBJBAA4AyAvAgAbAYAPAHADA6A8BLBXBPBQBMBJBEBBA+AzAsAfAfAXAMALAK
2921104,BDBCBLBOBFBDBABFBNBHBBA+AwAqAfAYAUAKAEA9BDBFBDBDBEBHBKBCA/A9BAA1ApAjAcASAOAF
2921203,BEBGBSBVBRA5A0BIBOA8A4A5A2AnAcAVAOAJABA/A9BIBNBEA4BLBTBNBCBGA+AxAmAiAbAPAKAM
2921302,BDBCBLBOBRBEBABJBKBEA/AxAoAfAeAVAPAGADA+BIBJBRBRBGBFBNBWBCA9A0AuAkAgAaAQAKAJ
2921401,BABLBRBWBNBGA/BOBNA9A5A2AtAhAhAUAPAGADBBBEBKBNBLBDBMBNBQA9A6A1AwAlAgAZAPAIAG
2921450,A/A/BLBOBRBGBCBLBaBDA/A+AuAnAhAaAWAKAEA2A6BABOBHBABABMBLBAA5AzAtAnAhAeAcAJAG
2921500,A/BFBOBWBMBDBBBKBNBFBBA5AoAhAjAcARAKAEA6BBBKBRBIBFBHBJBJA/A7A2ArAkAhAcAQAKAJ
2921609,BCBQBIBdBKBJA+A4BCBCBFAxA9AsAaAmATAGAEBEBQBFBFBMA+BABLA6A3A3BDA4AfAeAeARAKAC
2921708,BHBLBYBSBHBCBCBIBJA9A6A2AxAhAcASALAHAFBDBMBUBQBIBGBFBNBLBBA5A5AxAkAcAVANAIAG
2921807,A3A+BIA+A2A2BBBIBLBEBHA/A6AqAoAhAaAJAFA3A8BBA+A7A7A9BOBEBCBDBDA+AzAtAiAXARAO
2921906,BDBJBRBPBPBCBMBWBOA/A7A0AqAdAYAPAIAIADBCBKBPBLBQBMBSBVBQA8A4AxAnAeAbAXAMAJAK
2922003,BHBWBTBPBMBHBFBLBRBBA8AxApAgAXAOAHAEAEBMBOBRBMBKBPBOBTBPBEA8AyArAhAVAOAJAEAF
2922052,BLBOBZBfBdBNBIBPBOA5AxAtAkAaASARAGAFADBFBQBOBYBbBQBLBRBMA3A0AvAnAdAXAQAOAFAF
2922102,A4BDBVBUBIA/A8BDBKBFA9A6A2AlAdAXAMAJAHA7BEBOBQBIBDA/BGBGBGA+A7AzAnAiAcAXANAI
2922201,AuA+BEA+BEBCBDBYBYBQBHBAAyAlAcAUAPAEABAuA1BJA/A9BHBJBaBYBQBFA+A3AoAjAWAPAQAF
2922250,BQBQBfBsBdBKBEBJBKBAA0A0AtAeAdAUAOAFAABLBQBQBWBSBFBEBNBGA6AvAsAhAYATAQALADAF
2922300,A7BCBFBNBGA/A7BPBNBEA7A4AqAgAWAQAIAGAFA4A/BDBLBMBIBJBfBaBOBGA+A4ApAhAXARAJAL
2922409,A9BCBFBKBIBABBBSBTA9A+A0AyAlAZAQAIAEAJA/BDBDBMBRBHBJBYBZBDBAA7AwAnAgAUAOAOAH
2922508,A8BBBOBJBKBCBBBRBRBEA/A7AuAgAVANAIAEAFA4A9BJBFBMBJBNBaBZBJBDBBAyAmAbATARAJAI
2922607,BTBNBLBPBEBABGBQBXBCA8AzAuAkAZAbAIAFADBGBNBJBNBNBCBRBEBOBJA7A7ArAbAXAOARAHAC
2922656,BABGBIBSBbBFBJBUBaBCA2AwArAfAbARAKAHAFBOBLBKBUBcBJBFBVBRA/AvAwAkAdAaAQALAGAE
2922706,A5A8BKBWBCA8A3BCBJBGBFBEBBAuAiAYAUAGAIA3BCBFBVBAA4A7BCBMA9BCBFA2AmAjAeAPAQAN
2922730,AwBBBDBGBCA/A6BFBMBJBIBBAyArAkAaASAJAFAyA7A7BIBHA+BHBDBaBOBHBAA4AqAqAbASAPAH
2922755,A+BLBQBRBMA9A1BHBeBMBEA+A5AsAhASAMAIAEA6BJBLBLA7A6BIBTBUA+A7A3AwAjAeAPALAKAG
2922805,BGBQBuBYBTBGA0BIA1BPBBA1AhAeAZATANANADBEBGBFBlBFBJA8BMBTAyA0AvAvAjAcAVAZAIAH
2922854,A+BIBWBZBZBCA+BFBOA9A5AzAqAkAjAXAKALAGA+BDBGBaBKBLA8BCBUA4A7AzAwAmAhAdAKAMAM
2922904,A/BFBPBdBSA+A7BFBKBDBAA1AsAkAhAXAOAJAEA6BEBNBSBPBABABHBJA/A+A6AvAoAjAcAVAFAJ
2923001,BMBQBWBUBJBFBABIBMA/A2AvArAjAZAQAGAHADBIBTBRBVBOBLBMBQBOA/A2AwAuAkAZARAOAFAC
2923035,BCBGBFBVBIBMBMBWBXBBA2AwAuAkAfAVATAFAFA/A7BGBKBPBGBNBVBMA5A3A0AtAiAeAcANAIAK
2923050,A4A7BOBQBPBDBIBQBPA6A3A7AwAhAkATARAHAGA0A5BMBYBTBMBJBRBOA5BBA5A1AgAfAXAOANAE
2923100,BABGBLBbBOA+A9BGBLBEA7A1AqAiAbAUAIAJAGA9BIBQBVBHBEBDBNBOBGA/A9AvAkAeAXATAMAF
2923209,BDBDBBBNBPBGBCBEBKA/A7A9A1AmAkAeAVANAEA+BEBCBLBJBCBABGBHA+A3A6AvAmAiAgASARAM
2923308,A/BIA/BCBBBCBGBKBMBBA6BBAwAoAcASAUAGADA2BIBLBEBFBUBSBKBJBBA9BBA1AlAjAaAUALAP
2923357,BJBcBSBUBRBCBKBRBWBCA2AqApAbAYAPALAFADBJBVBOBUBRBJBRBTBNA6AzArApAcAVARAJAFAC
2923407,A6BHBHBLBLBHBHBMBTA/A+A5A3AnAiAXAOAKAEA8A9BBBGBJBCBIBQBLA8A/A8AzAqAhAaAUAIAH
2923506,BHBPBMBPBSBOBJBQBPBAA1AxAiAeAYARAKACAIBIBJBKBPBNBHBUBSBQA9A4AwAkAiAcAXAUALAE
2923605,A5A6A/BDBMBFBHBNBRA/BFA6AzAoAhAaAQAHAKAwA6A9BBBIBIBIBWBRBDA8A9AzAoAlAcAYALAM
2923704,BIBVBaBbBFBEBIBLBMA5A3AxArAgAdAVAMAGADBFBOBWBVBGBIBJBNBJA0A0AxAqAiAdAXAPAGAJ
2923803,A6A7BHBMBRBOBPBBBJBABAA8AtAfAdAWARAHADA8A7BGBKBQBOBNBIBIBGBCA4AsAoAiAaASALAK
2923902,BTBOBbBjBCA9A8BDBKA8A0A2AvAmAfAXAOAKAEBJBPBQBVBMBEA/BLBDBCAzAzAsAhAdAUAQAEAG
2924009,BFBIBPBMBPBFBEBEBLBCA5AvAmAbAZARAJAGADBBBGBKBJBPBPBOBSBVBNBCA6AtAnAeAVAOAJAE
2924058,A3BEBMBMBHA8BABEBMBEBDA6AuAkAhAaARALAGA7BABIBJBEBDBKBHBMBJBHA9AxAkAjAcAXANAG
2924108,A6BDBFBNBUA/BCBGBHA6A3A9AtAmAdASATAKAGA+BFBJBSBMBIA/BNBGBCA8A8ApAvAfAgAWAOAR
2924207,BJBKBeBeBVBNBMBVBMA6A2AsAnAbATAPAIADAEBKBQBXBUBUBXBRBPA/A9A1A0AhAZAWAOAIAFAF
2924306,A9BLBLBOBIBBA9BHBNA3A2A0AuApAkAZAQAHAFA6BEBJBRBEBBBJBQBLA+A4A3A1AsAlAfAZAOAJ
2924405,BUBYBfBhBMBJBDBOBJA5AyAwApAcAaASANAGACBOBRBcBVBLBEBDBKBEA4AvAuAoAfAcATAMAJAF
2924504,A+BBBKBGBJBABHBOBOBDA/A6A0ApAkAdAOAKAJA8BAA8A/BCBHBIBMBLA+A/A4AxAoAlAdAUANAK
2924603,BKBFBFBUA9BMA/BFBDBOA5A7AoAhAcAiATAGAGA+BHBSBdBJA9BHBCBMA/A6A8ApAhAsAZAKAIAJ
2924652,A4A2BFBNBVBTBKBEBJA8A8A7AuAmAnAdAPAMABA0A8BDBLBUBGBIBGBEA/A+A7AwApAoAgAYAIAH
2924678,BCBKBJBOBeBYBMBiBdA4A5AtAyAfAVAMAJAEABBCBFBGBQBbBTBYBaBNAxAyAuAqAcASAIAJADAI
2924702,A3A+BGBLA7A6A5BKBWBAA6A9A0AsAnAdARAOAEA6BABBA8BBA9BABQBNA+A7A9BBAyAsAkAWARAK
2924801,A+BGBPBRBIA+A4BHBJBEA8A3AxAqAhAXASAGAFA8A8BQBMBHBCBABJBQBDA6A8A1AqAmAbAdAGAG
2924900,AyA+BWBJBKA/BDBHBXBHBFA+A4AsAiAcASAKAFA1A6BFBPA/A+BEBMBJA/A8A7AyAsAfAaARAQAG
2925006,A7BDBOBQBIA7BABMBPA7A6A5AwAjAcAWASAIACA8BBBNBTBMBFBJBQBSBAA6A8AwAoAfAYASAMAJ
2925105,BBBEBPBUBSBABABIBLA6A3AyAsAkAeAWALANAEA9BCBKBUBOBGBIBNBNBAA4A2A0AsAhAZARAOAJ
2925204,A5BFBJBNBDA6BDBOBTBEA+A2ArAfAYAMAGAEADA6BEBHBMBNBLBSBgBeBPBJA/AzAlAbARAKAJAC
2925253,BIBMBMBSBSBGBHBGBPA+A2AxApAiAcATAOAGAFBLBOBLBRBTBJBNBNBPA+A5AsAjAfAhAXANAJAF
2925303,BMBSBSBWBYBPBKBRBSBEA0ArAhAYAQAJAEADABBNBPBPBUBYBVBUBdBYBEA1AsAjAYAQAKAGADAC
2925402,BDBMBTBQBSBEBMBQBNA/A5AwAvAhAcAVANAIADBGBIBNBSBNBEBNBLBFA/A5A2AwAiAcARAMAHAG
2925501,BYBXBTBTBWBMA+BLBLA2A3A2AsAkAYARAIAEABBRBJBOBTBUBLBDBMBHBDAxA2AtAdAVANAMAHAE
2925600,A3A9BJBSBGBCBFBNBbBNBCA6AxAmAbAXALAGADA4A7BEBHBIBBBABLBWBLBCA8A1AoAfAZAQAKAG
2925709,A2A/BGBJBLA/BBBKBXA/BCA+A3ApAoAcAUAMAGA3A6A7BJBFA9A/BIBMA+A9A4A3AtAoAgAXAOAH
2925758,BOBLBUBaBVBLBQBXBRA6AyAtAnAfAWANAHAEAGBHBMBOBVBWBPBSBbBLA6AxAsAkAeAVANAJADAF
2925808,BBBGBGBQBQBGA9BFBJBFA5A6AwAkAhAWAOAGAHA+BOBCBOBLBIBCBLBKBIA7A6AwAmAfAYAQAKAK
2925907,BCBCBJBVBKBHBEBIBMBEA+A9AvAlAlAbARAIAJA9A+BIBRBJBDBEBEBDBAA6A5ApAmAiAbAQAMAL
2925931,A+BABCBTBPBCA8BPBNBCA7A8AwAoAkAeARAKAFA5A5BFBFBEA/BIBRBHBEA/A7AwAnArAeAXAFAH
2925956,BBBHBFBaBMBBA3A+BGA/A1A3ApAnAiAVARAOADA8BDBFBZBQA/BCBLBOBBA6A9A0AvAlAbAWANAI
2926004,BEBLBRBWBPBCA/BLBMBBA6A4AsAhAfAVALAIABBFBHBMBPBJBEBDBJBPBCA8A3AuAjAiAXASAJAD
2926103,A/BEBPBNBKA/A9BQBMBHA8A3ArAcAeAZAPAKABBCBEBLBIBLA/BLBOBXBKA7A6AsAmAiAaANAKAH
2926202,BHBLBZBUBMBJBKBSBPA/A5A5AvAlAfAWAQAFADBFBJBUBKBDBCBEBNBFA7AzAyAvAhAaAVAPAHAD
2926301,A9BBBDBKBFBCBDBFBQBAA+A4AqApAfAZAUAGADA2A9BBBJBLBCBJBPBXBEBFA8A1AqAmAbAVAKAJ
2926400,A4BGBMBQBLBKBCBLBQA/BCA4AzAgAfAWARAKADA5BCBFBOBMBDBFBMBLA9A/A5A0AhAiAZAQAJAL
2926509,BDBEBOBSBWBQBIBNBMBBA9A0ApAgAdAXAOAJADBCBHBLBNBQBKBHBDBIA7A7AzApAkAcAYASALAF
2926608,A9BFBJBXBPBEBEBMBKBBA6AzAsAhAbAUAPAEAFBBA/BEBPBLBRBOBQBNBHA6A4AyAjAiAYANAJAH
2926657,BJBCBRBXBMBDBDBPBPBJBBBDA0AmAgAcAOAHABBBBEBABXBEBCA/BJBIA4A6A3AqAiAeAWAMAHAG
2926707,A3A+A8A9A6BFBCBLBMBABBA9A5AvAnAeAPANAJAvA9A6A9A9BEBABLBLBCBFBGA/AvAxAjAXAQAK
2926806,AzA8BCBIBKBGBBBJBNBABGBEA0AoAmAcAUAMAEAwAzA+BOBHA8BABRBOBEBHBAAzAqAnAaAUAMAJ
2926905,AzA6A/BHBCBHA/BRBOA/A8A5AxAxAmAbATAPAEAzA3BFA/BLBEBCBKBPA/BEA/A4AsAsAiAQASAN
2927002,BLBMBPBTBIBKBDBLBLBEA7A1ApAfAZARANAHADBABDBMBRBMBOBHBQBRBEA9A4AqAiAZAVAMALAE
2927101,BZBZBYBgBYBOBSBEBFA9AuAqAdAPARAMAJAFADBcBcBbBXBWBRBFBOBGA5A3AoAdAYAYASALAHAE
2927200,BEBEBLBSBQBBBCBFBMA7AzAyAtAhAaATAQAFADBABIBHBTBTBIBGBKBNBBA9A6AyAoAjAfAQAOAK
2927309,BABKBTBRBCA/A8BIBOBBA7A6AtAgAbAPAFAGADA+BDBPBVBABCBJBUBUBNA8BBAvA2AcAYAPAEAF
2927408,A0A8A7A+BHBDBBBOBUBEA9A3AuAiAZANAIAEACAyA6A5A+BLBNBPBgBnBSBNBGA+AxAkAXAQAKAH
2927507,A6BKBOBWBZBJBBBIBRBBA8AwAnAdAaATAPAFACBAA7BDBRBSBHBFBMBVBEBBA4AxAiAfAZAMAPAH
2927606,BHBEBQBWBQBABbBFBLBEAzAzAoAjAaAXAUADAFBBA+BWBTBLBCBRBNBLA8A+A0AjAhAdAWALAJAK
2927705,BKBOBVBTBMBCBEBMBSBGA5A0AoAhAYAQAIADACBKBMBQBSBNBJBNBTBSBFA8AyAsAfAYANAGADAF
2927804,BBBGBPBVBCA3A8BPBUA8AyA5A6AmAiAYAWAIAGBABEBMBVBFA0BBBIBPA/A3A7A1AsAlAZAWAJAF
2927903,A4BLBGBNBNBDBCBNBPBAA9A3AtArAhAUAGAKAIA7BGBEA9BJBGBKBKBOBAA3A9A3ApAhAdAQALAU
2928000,BGBHBKBUBRBDBEBPBNBGA2AvAoAhAaAWAMAJAEA/BIBLBSBPBLBMBRBMBEA2A1AqAgAeAWANAKAI
2928059,BLBcBGBJBLBDBRBMBXBFA6BDA5AoAfAQAFAKACBHBTA/BFBRBGBLBGBIA3A9AzArAfAWALAIAIAF
2928109,BABEBMBQBOBIBGBLBIBFA+A8A2AdAWASAQAIAEBCBABKBNBKBDBHBNBNBGA6A6AxAiAdAXASAHAG
2928208,BABBBMBVBRA/BBBEBOA/BBA7A3AoAjAZAQALAEA8A9BIBOBEA/BBBIBHA/A+A5A0AoAjAcARAPAF
2928307,A3BBBNBSBRA9A+BCBHBCA5A3ApAeAeAWALAMAEA5BCBPBSBJBBBEBJBRBJA9A+AyAqAoAdAbANAL
2928406,BHBVBXBUBLBGBFBPBJA9A2A1AyAkAeAUANAGAGBIBOBUBNBIBFBBBNBAA3AzAzAtAlAcAVASAKAE
2928505,BAA5BMBLBCBFA9BDBKBAA/A3AwAnAjAUAPAKAIA7A+BCBIBOBLBIBPBLBEBGBCAwAqAeAZAYAMAK
2928604,A6BBBIBGBHA8A9BEBSBIA7A8AuAjAdASAMADACA3A8BEBCBLBGBGBaBZBRBEBBA3AtAmAbATAIAK
2928703,A/BABGBEBKBHBMBWBUBHA7AuAjAaASALAFAFACA9A/BDBFBTBXBaBgBhBPBHA4AvAgAbARALAGAI
2928802,BKBQBOBOBRBIBGBQBJA4AuArAkAcAVAOAIAGAFBIBMBMBLBTBSBUBbBQA9A4AyAvAjAdAWAQALAE
2928901,BWBTBVBYBbBTBXBYBNA5AxAtAiAbATAMAIADAFBSBVBRBZBUBSBTBRBFA1ArAnAgAXAUAMAJAGAB
2928950,AyA5BFBPBEA8A2BEBTBJBHA1AvApAqAfANAKAMAzA9A7BMBFA1BCBQBbBHBFA+AzAvApAjANAOAI
2929008,A9A/BDBKBGBCA+BPBTBGA+A3AyAlAWAPAMAEACAyBABBBHBMBLBFBVBcBMBEBAA/ApAeAYAOAHAJ
2929057,BIBJBRBSBOBJBFBQBQBBA4AyAqAgAZASAGAJAGBCBLBPBSBOBGBPBRBPA9A6A0AuAiAYARAOAEAD
2929107,A4A9BBBJBGBFA/BPBXBLBHA4AtAlAYATAMAKAEA3A7A/BGBEBEBIBXBaBJBEBAA1AnAiAVAVAHAN
2929206,BEBHBQBOBSBCA+BMBTBEA9AtAkAaASAKAGADABBCBJBOBMBQBUBPBkBgBQBDA2AqAgATAOAIAEAF
2929255,BCBGBRBZBNBDA/BSBVBEA9AzAsAjAiARAPAFAGA9A/BLBRBLBDBDBRBRBBA4A2AsAkAaAZANAIAF
2929305,BABNBFBNBHBJBIBTBNBAA7AwAkAbARAMAFAKACBEA/BFBLBPBRBSBjBbBJA/A6AtAfAeASAPAJAH
2929354,BKBHBNBSA8BFA2BGBSA9BBA2A8AuAeAYALAOAFBABIBDBPBCBBBIBRBKBGA4A1A4AnAgAUAPAHAD
2929370,BHBABPBQBLBEBABFBPBAA8A4AtAhAaAaAQAFAJBDBABRBUBHA/BGBLBMBCA4A2AyAjAkAaAPAPAJ
2929404,A2A7BFBPBQBHBCBKBPBNBGBBAyAiAbAVAOAFAHAzA9BHBIBPBHBBBJBRBKA/A7AwAqAeAWAYAIAJ
2929503,A7BDBGBEBKA9A8BLBXBGA/A0AvAlAaANAHAGAEA7BDBFBEBKBIBLBgBfBPBDA+A0ArAcASAQAGAG
2929602,A8BEBLBQBFBCBMBOBMBBBAA2AsAhAYAOAHAFAFA0A8A9BJBRBLBOBYBUBJBFA8AzAnAfAWAUAJAH
2929701,BEBHBRBUBSBJA+BLBLBBA1A0ApAfAdAXAPAGADBEBHBQBZBUBGBJBIBJA8A6AyApAhAeAZASAHAK
2929750,A4A/BGBEBDA3A8BLBPBFBEA2A4ApAhARAMAEAAA8A8BHBKA/A7BGBRBbBIBJBCBDAzAhAVARAMAK
2929800,A3BCBTBZBDA6A3A/BNBFA5A8AtArAlAXAOAJAHA3A9BQBWBCA8A9BNBKBGA/A9A1ArAqAeATANAJ
2929909,BGBIBKBUBWBLBIBNBLA8A2AuAnAgAYARAJAGAFBFBFBNBUBTBOBQBRBPBAA4AyAqAgAbAWAPAJAH
2930006,BDBDBHBIA/BEBIBIBTA7BEA+A9ArAiAVAUAFACA5BBBMBEA/BFBFBNBFBFBABDAzAoAhAWAKAOAH
2930105,BFBEBJBOBJBEA/BLBMBCA8AvAoAgAZATANAIACBABEBGBNBMBIBKBRBTBLBGA7AvAoAdAYARAHAK
2930154,BYBbBaBXBMBIBKBMBGA7AzAvAlAeAYAUALAJACBTBPBWBRBOBMBIBQBCAzAyAxAlAdAYATAIAJAF
2930204,BQBXBaBfBWBIBCBHBOBEA3A0ArAiAaAPALADABBNBQBVBUBLBEBGBMBHA6AxAwAnAeAYAOAKAGAE
2930303,BABHBJBOBGA7BCBMBTBFBBA8A6AmAiAeASAIAFA+BCBDBBBEA4A/BNBSBBA8A7A1AkAkAcAQAKAH
2930402,AzA6BIBQBOBCBFBHBLBCA9AyAsAkAeAaANAJALAyBDBDBLBUBEBIBLBRBBA/A9AxAqAnAeAVAMAN
2930501,BCBHBLBPBQBIBEBQBPA+A3AtAmAbAXAQAJAGAEBDBCBEBKBOBOBSBdBbBGBCA3AtAgAcAWAPAIAG
2930600,BEBDBJBHBDA/BABNBLBEA6A1AvAoAhAYASAEAHA/A7BKBJBEA/BFBQBRBBBDA9A3AqAnAcAaAHAF
2930709,BCBLBMBPBOBHBEBNBSBFA8AuAlAaATAKAGACABBBBHBKBOBTBMBRBeBiBQBDA0AtAhAWAPAJAEAD
2930758,BWBTBdBlBVBNBJBMBKA3A0AxAqAeAWAOAIAHAABZBWBSBbBKBIBHBKBGAwArAyAmAZAUAQANAGAE
2930766,A+A4BGBUBSBLBMBJBIBDBAA4AuAnAiAgAQAIAFAxA0BFBKBYBNBMBIBFBCA/A7AuAkAgAYATAIAG
2930774,BVBQBSBVBTBKBABDBJA/A4AsAiAdAaAQALAEACBLBOBLBVBUBKBGBMBSBGA7ArApAkAbAUANAHAE
2930808,BEBEBLBZBgBVBKBKBOA9A5AxAjAdAXATAIAGAFBEBGBTBZBcBMBGBLBKA5AzAzAqAdAZAVAOAIAG
2930907,BEBABRBaBNBTBHBGBLBFA9A9AvAhAbAWANALAHA+BBBJBOBBBGBKBGBHA8A3AyAyAiAiAWAVAIAG
2931004,A8BCBCBJBGBCBJBTBYBDA8A5AuAlAhAZAQAKAGA6A7BEBGBHBFBKBVBQA8BBA2A0AlAjAcAPAIAN
2931053,BBBCBGBTBXBLBGBOBKA+A2A2ArAhAgAXAQAGAFBDBHBFBPBMBNBMBMBKA9A8AxAuAiAhAYATAJAE
2931103,BAA/A7BQBSBNA9BDBTA9A6AyAzAlAeAWAOAKAEA6A/A/BRBLBHBJBJBMBIA/A2A2AqAmAfAVAIAL
2931202,BPBJBXBbBQA+BEBLBPBBA1A1AqAgAXAOAKADAHBDBOBUBRBSBGBGBRBPA9A3AzAvAfAaAQAKAMAC
2931301,BEBIBcBeBWBOBJBKBEA8A4AvAoAeAVAPAJAEAFBJBEBXBYBRBRBMBLBMBBAyA1AnAeAZAPALAIAG
2931350,BGBLBMBNBMBIBIBOBNA/A4AyAoAeAWAPAKAEADBEBHBKBNBSBSBSBYBUBFA6A1AsAkAcASAMAGAF
2931400,A0A3BCBaBMBEBCBBBOBCBJBAAtAmAXAWAMABAHAyA4A5BRBEBHBFBRBTBNBKBFAtAsAjAbAaAJAN
2931509,BEBGBQBZBUBBBFBHBMA+A5A1AlAcAcAXANAEAFA6BEBNBXBPBHBLBPBRBGA9AyAsAdAgAZAPAIAF
2931608,BNBQBVBUBXBTBUBPBMA+A2A0AmAkAXAPAJACAEBHBMBKBNBaBWBQBMBFA3AzAsApAeATAPAIAIAE
2931707,A6BABKBPBPBFA0BMBOBBA7A3AnAnAdAQAGAKAFA5BEBGBKBOBJBFBPBXBMBCBAA2AoAhAbAUAJAG
2931806,A2A5BHBJBDA6A7BGBRBCBGBAA5AyAnAgAXAOAEAxA3BABCBBA9A7BMBGA7BFBAA7AyAqAjAbAPAF
2931905,A+BEBFBPBLBDBGBOBOBEBAA6AuAkAdAUANAIAEA5BBBFBIBIBJBLBSBMBFA/A6AwAlAjAYARAKAG
2932002,BABEBIBNBIA6A+BJBQBLA+BAAwAnAgAdAQANAFA+A/BFBJA/A/BDBJBKBCA+BAAwAkAiAdAWAKAO
2932101,A+BCBNBOA+A5BEBVBTBBA8A2A6ApAhAVAPAJAEA4BBBGBMBDBBBLBVBQA8A4A9AzAqAhAWAQAHAN
2932200,BOBNBOBRBABDA5BMBLA4A0A2AqAmAeAQAOAFADBDBEBOBRBHBMBJBUBUBDA6A3AzApAeAZAPALAG
2932309,BCBJBUBUA+A0A5BIBNA6A4A2AyApAgAXANAMAEA9BDBKBTBFBHBBBSBSA+A1A8A9AuAkAaAQAPAG
2932408,A6A6BDBJBMBCBEBXBVBGBGA7A0AnAeAZAOAJAEA4A9BDBFBDBAA+BLBOBCBKBCA2AnAgAaAUAKAE
2932457,BOBLBOBdBMBLBKBXBLBDA3A0ApAeAZARAOAFAFBRBQBQBRBKBJBGBQBHA3A2A0AqAdATARAKAHAG
2932507,A9BJBPBVBCA4A2BOBQA/A7A5A5AxAmAVALAIAGBCBCBHBMBGA9BHBZBJA3A/A0A6AwAjASANAFAG
2932606,A5BBBCBNBNBEBKBUBQA5A+A6AzAlAjAXAQAMAFA2BABBBJBHBGBKBRBLA9A9A4A4AmAkAYASAMAJ
2932705,BHBNBMBUBFA7BFBJBTA+A0A0AvArAdAUANAEADBEBMBOBRBIBGBKBZBTA7A3A4AwAlAZAUAOAEAF
2932804,BHBLBRBVBPBJBABGBKBGA8AyArAhAXATAHAGAGBEBGBJBRBXBKBIBKBJBEA4A1AsAjAdATAMAIAL
2932903,BEBHBFBPBNBFBGBNBPBAA6AyAtAiAYAOAIAEADBFBDBDBPBPBMBOBaBVBGA/A6AyAmAbARAMAHAG
2933000,A9BABIBLBJA6BCBMBQBFA+A5AuAhAfAYARADAEA5A+BDBNBMA+BKBZBaBKBCA8AvAnAgAYAOAHAL
2933059,BAA+BIBPBKA/BFBKBIBAA5A5AxAlAjAbATAJAGA3A6BABHBQBHBNBPBKBCBAA5A2AmApAbASALAI
2933109,A1A3BHBHBHBABABCBLA8BOBAA3AoAjAZAWAIAFA4A7BDBJA3BFBFBNBOBIBAA/A2AyAqAdAWAHAM
2933158,BKBNBUBMBFBGBHBFBMBBA6AxAvAiAfAVAPAHADBIBFBPBKBIBHBKBPBHA5A6A6AwAkAiAYALAJAI
2933174,A5A+BHBNBMBDBDBVBQBJBKA7ApAiAcAUAKAIAGA9A7BFA9BOBEBIBTBRBIBBA0AtAnAeAdARARAG
2933208,A5A/BBBLBEA9A6BGBMBFBEA/A4AuAkAUAJAGACA3A7BDBIBJBCBBBPBTBNBKBEBAAzAjAVAOAHAD
2933257,BDBGBGBMBFBDBHBBBNA/BIBLA9AuAlAZASAFAHA8A7BFBPA8A+A/BFA+BABEA5A3AoAeAZAUAOAG
2933307,BBBFBHBOBSBNBIBPBNA/A3AwAnAcAVAOAKAFADBABBBEBLBXBSBRBZBXBHA/A3AuAiAcAUAOAHAG
2933406,A/BDBKBMBZBMBJBOBIA8A9AvAqAhAdAVAIAHAGA4BDBLBMBRBSBQBNBNA8A5A6AqAkAjAZAOAPAE
2933455,BBBQBOBYBVBJBIBQBPBBA5A6AyAjAfATARAFAABDBIBKBRBNBIA/BLBGA1AyA5AuAiAcAUAIANAE
2933505,BKBMBVBaBLBCBFBSBQA/A/AxAyAjAaAPAHAEAFBPBQBRBTBMBHBLBUBJA4A1AxArAgAUANAIAEAF
2933604,BUBVBTBcBLBJBEBJBHA0AzAsAoAeAYAQALAEADBUBRBVBdBOBMBIBMBHA3A0AyArAgAbATAQAJAD
3100104,ApA2A0BCA8A9A/BFBJBSBOBRA/A7ArAgATAKADA3AxAzA6A3BBA8BABQBNBRBEA6A+ArAiAWADAF
3100203,A0AyAzBABFBIBEBIBGA/BGBMBAAzAoAcARAKACAwA3AyA8A/BHA/BLBGBCBPBLBGA4AqAeAXAMAE
3100302,A3A4A8BGBLBHBGBPBQBBA/BFA8AxAkAWARAJAFA+AzA6BEBJBABCBJBJBBBDA/A7AxAnAbASAIAJ
3100401,A0A3BLBGA+A9BEBABJBJA9A+A7AtAiAdARAFAEA4AxA9A/BFA+A/BDBSBKBKBLBAAxAoAfAUARAM
3100500,A1A7BFA3BTBLA6BHA8BLA8A2A+BIAqAeAbANAGA1A9AvBAA7A9A3A2BHBBBMBDA/AxAtAdAXATAQ
3100609,BABBBHBUBPBOBHA+BEBFBFBDA5AnAdASAOAFADA8BBBJBNBMBFBFBBA9BDA+A/AwAsAcAYAVAJAF
3100708,A8BBA+A7A4BDBBBGBNBVA4BJBBA7AoAfAOAKADA6BCA2AyA2A/BGBKBNBaA5A6BDAyAxAWAOAFAG
3100807,AyA0BCA3A8BGBBBHBPBCA+BIBFBAAsAbAKAFAGAzBIA/A+BEBDA7BJBGBDBGBFA+A5AnAeAQAHAH
3100906,BIBEBHBLBKBGBFBNBMA+A/A8ArAmAfAbAPAHAHBABFBFBGBGBIBDBGBFBCA6A5AxApAkAbAVANAH
3101003,BGBGBMBXBWBSBPBMBKA6A4AyArAlAfAVAJALADBFBABHBQBYBKBLBKBEA6A2A0AtAkAbATAOAMAD
3101102,A8BBBABJBABCBEBCBHBHBBBBA3AvAjAWAUAHADA+A7A9BABBBBA/BEBMBKBGBBA9AyAqAdAQASAH
3101201,AuAuAxBABDBBBKBHBFBGBOBOBEA8ApAfAYAKADAmAvA4A2A4A9BJBJBLBDBEBLBBA6AqAkATARAG
3101300,AzAsBIA3BNA/BHBEBKBBBGBUBLBEArARATAJACAvA3A3A7A/A3A9BBBDBEA6BQBLA4ApAiARANAG
3101409,A+BEBGA9A+BNBNBIBTBYA8BEA3AsAaATAPAFAFA3A9BBA6BGBNA/BEBLA9BNA0A5AuAnAkAKAGAK
3101508,A1A+A+A+BDBAA+A7BGA/BCBAA9AxAiATAKAKAGA3A+A9A8BABIBCBBBPBCBJBMBKA7AsAfAZATAF
3101607,A5A+A8BBBLBMBMBKBMA/A+A7A0AqAfAUALAFAEA1A7A6A/BLBLBNBNBRBGBFBDA8AwAmAZARAKAE
3101631,A2A3A/BPBNBQBMBNBGBHBIBGAsAvAbASAMAEACA4A7A5BKBMBABKBKBQBIBLBFA4AqAcAWAOAHAD
3101706,BCBIBJBKBAA/BGBPBNBCA7A9AvAkAeAWANAIAGBABFBFBNBDBCBJBRBKBAA9A7AzApAiAYAUAPAF
3101805,A2A1A6BDBIA7A7BLBUBFA+A6BBAnAwAcAYAHAFA/A7A8BEBGA4A2BFBJBOBABEBCA1ApAaAcAKAG
3101904,A5A9A7BDBQBJBLBJBMBFBEBGA3AwAiAVAOAFACA1A8A6BIBJBJBHBCBNBABEBBA8AyAhAZAPAIAE
3102001,A7A7A6BFBFBABDBHBHBDBFBDBAAzAnAbAPAMAEA2A+A8BBBHBBBEBJBIBBBGBDA6AyAkAcARAJAI
3102050,BGBFBEBLBHBLBVBSBFBEA4AyAyApAfAUAMAIAEBEA4BGBDBXBDBMBHBNBCA/A3A3AoAcAaANAFAG
3102100,AxA1A8BCBCBLBBBEBRA+BGBEBAA8ApAZATAKAHA1AtA9BDA5BCA/BKBCA+A+BLAyA+AqAhAbAQAH
3102209,BAA3BHA6AyAzA3BFBOBPBEBBBKAxAjAZASAPAJA5BAA8A/AzA4BFBKBMBCBFBIA9A8AsAZAXANAG
3102308,A1AyA9BABHBFBBBGBLBFBLBEA9AuAkAZAOALAEAxAzA6A8A/BBBGBCBSA+BCBOA9A1AvAgATARAL
3102407,A/BJBYBeBgBKBSBNBGBEAxA1AsAfAVAKANADADBCBGBGBTBQBVBUBLBGBBAxAsAsAkAWATARAHAD
3102506,AzA1A/BDBLA7A6A/BCBOBDBGBFAzAsAaAOAPADAxA9A3BGA+BDA4BCBCBHBEBDBEA2AsAkAYARAJ
3102605,A3A6A3A+BLBLBJBQBRBEBDA+A4AwAiAVAPAFACA2A5A6A+BHBIBHBPBOBHBEBFA8AwAjAZAPAOAE
3102704,A6A3BDBRBUBBBFBMBKBEA/A8A3AwAfAZASAKAGAvA5BDBRBaBFBGBHBEBAA+A1AyArAjAaAWALAC
3102803,A2AwA4A7BCBAA9BEBNBKBJBNBBA5AnAcAQAHADAzA0A8A/BFA/A9BABNBHBFBHBEA5ApAdAVAOAG
3102852,BKBJBKBgBVBMBGBHBOA9A0AtAlAgAXARAOAEACBJBLBPBcBWBJBNBMBLA6AzAxApAmAYAWARAGAE
3102902,A7A7A2BBBJBJBEBJBHBOBMBDA/AyAfAYAPADACAxAyAwA+BEBEBFBEBRBMBPBJA7AyApAaAFAPAI
3103009,BAA9BDBJBTBKA/BKBLBJA+BHBAAsAcAQASAIABA2BBA/BABFBKBBBKBLBIBABEAyAuAdAWARAHAE
3103108,ArAyAzBNBBA3AsA9BNBHBIBXBKA5AvArAgAKAGAhAkAnA5AxA/A+BEBNA1BKBKBOA6AuAuArAXAF
3103207,A2AwBJBRBDAtA5BGA9BDBJBJBIA1ApAdAQAIAHApAvA1A3A8BABBBKBKA9BOBbBIAyAsAeAZAQAF
3103306,A3AxAnA6AzBAA9A8BBA5BGBLBNA/A1AZAYAPALA2ApAzA1A+BEAyA7BHBCBMBTBfBMAxAqASAMAC
3103405,A1A8BJBMBJBDBFBKBMBDBCA7AzAkAfAVAOAHAHA6BABCBKBMBIBJBMBJBFA9A/A1AoAfAaAVAQAJ
3103504,A5BABBBABGBEBKBQBNBABDA6A4AqAhAUAOAFACA6A9A6BCBBBHBPBOBLBIBHBDA8AvAlAZAQAJAH
3103603,A5A7A2A6BFBBBDA8A+BKBOBUBSAxAkAUAWADAEAtA4A8A6A4A8AzBCBHBEBZBSBDA8AvAgATALAD
3103702,BEA6A6BIBRBPBRBRBVBHBFA8AuAuAVATALANADA7A8BFBNBHBFBIBSBLBLA5A4AxAnAaATAOAHAE
3103751,BTBJBJBGBJBTBTBYBNBBA3AzAlAfAZARALAFABBCBLBEBCBNBTBOBcBMBBA+A8AoAhAVASAJAHAE
3103801,ArAuA7A8A2BIA+BBBOBHBQBGBEA/A1AhAYAKACAtAxAuA7AzA+BAA+BHBOBSBKBBA3AwAgAaAKAJ
3103900,BCBDBIBIBRBIBKBKBQBDA/A+AwAoAbAVAFANAEA/A/A8BFBLBKBKBMBNBCA+BCAyAoAdAXASAGAE
3104007,BCBCA+BDBIBOBOBVBPBBA+A1AzAoAaAQAKAEADA7BCA8BBBCBOBQBVBSBGBCA9A2AuAgAVANAIAG
3104106,AwAvA5BJBEBZA6BDBTBJA4BWAzA/AoAUAOAEABAwA6BHA3BDA6BABLBTA6BRBEBJAwAkAVAPAPAE
3104205,A6BAA4BABEBJBNBRBYBCBEA/A2ArAeATANAGADA6A4A6A5BBBIBLBTBVBFBGBFA7AyAhAXAPAJAD
3104304,A2A9BCBGBGBCBIBMBRA+BABAA6AwAgAXASAGAGAvA+BABEA8BCBGBNBUBGBBBDA9AuAhAdAWAJAF
3104403,A7BEBBBEBCA5A0BGBKBBBCBHA8A0AnAeARAOAHA3A2AyAwA/A9BDA+A/BBBMBBBHA6A2AfAdAJAT
3104452,BDBCBJBdBIBCBGA+BLBMBAA/A+AkAfAQAIALAGA/BHBMBUA+A8BJBTBCA6A6A2AqAtAdAYAPALAH
3104502,A4BLBOBbBAA8A9A/BPA/BGBEA4AxApAPARAGADBBBHBDBcBLBEA/BKA3BJA7A5AxAqAYAUAOAIAI
3104601,AyA1A4BFA+BXBIBOBTBDBEBIA7AtAmAWANAFAGArA6A9A3A9A9BYBLBQBDBEBIA9AvAkAcARALAH
3104700,A+BDBBBOBHBLBHBDBHBFA/A9A9AuAkAaARAJAIA2A5A9BCBEA/BBBCBBA7BEA/A7AzAjAiAWALAN
3104809,A1A6BGBLBEA5A7BKBHBJBIBNA8AvAnAcAOARAIAyA7BGBGAwA0A9BDBPBKA9A/BEAxAkAdAaALAG
3104908,A+AwA5A9BFBABMBKBHBABEBBBCA1ArAXAVALAFA2AwAwA9BDBJBGBDBIBHBKBDBCA7ArAWAUAJAH
3105004,AvA7A6BHA3BCBJA5A8BHBGBQBDA7AfAjATARAEAnAwA5A9AwBDA/BBBRA/A/BMBJA6A3AiAWATAK
3105103,AuAxA0A8A+BJBGBLBFBBBFBMBEAzAoAbASAKADAyAuAvA4A+BIBEBHBHBFBNBOBIA6AqAgAeAKAG
3105202,A1AuA0BTA2BABBBCBRBOBNBHBOA9AuAbAXALAGAlAjA4BLA7ApA3BIBHBGBJBSBEAtAgAlAbARAH
3105301,A9A2A5A9BOBOBBBKBHBBBGBBA6AzAkAZAOAFACA9A8A/A/BFBLBIBIBSBIBIA+A1AtAjAaARAHAF
3105400,A8BABDBEBPBMBQBSBQBBA5A5AzAmAbAOAJAEACA9BCBDBBBHBLBQBWBTBGA+BBA3AsAbARAMAJAH
3105509,A0A1BCBKA4A6A5BCA8BABBBLBIA8AnAnAVAOAJAtA7A2A2BEBFAyA6A+BBBCBPBEA7A2AlAWAPAN
3105608,AyA4A4A9BJBPBGBGBNBABBA7AzAtAfAUAMAIAEAyA2AzBBBFBLBKBLBOBKBKBJBHA8AoAcATAKAJ
3105707,AoAvA5A8A9A7A6BFBFBDBJBLBJA9AxAiAWAKAEA0A8A4AwA9A6A5A+A+BCBEBPBFBLAxAjAWAYAK
3105905,A4A9A+BGBJBCBIBGBMBGBFBFA1AnAdATALAGABA1A1A+BDBLBDBIBKBTBGBNBMBAAuAlAYAOAMAE
3106002,A5A/BKBDBOBEBABFBFA/A8BDA5AjAbATAJANAAA3BBA/BJBHBEBIBMBRBFBKBHA7AsAiAZARARAG
3106101,AuBCA+BEBBA1AsA0BLBHBRBYBMAzAtAlAOAMAAArA7A+BAA8A2BCA8BMBJBEBIA2A6ApApAbAHAL
3106200,AxA2A3A7BHBJBJBLBOBAA9A4AzAnAdATAMAHADAwA1A0A5BKBOBOBUBZBLBIBIBBA3ArAfAWAOAK
3106309,BEBJBIBFBLBMBCBJBLBEBDA6AvAtAbARAIAJAEBCBABBBFBKBKBHBLBQBIBDA+AwAoAeAUAPAFAI
3106408,A5BAA9AzBABIBABIBOBGBHBKBDA2AlAZARAGAEA4A5A4A9BABCBDBEBIBDBBBABGAzAoAYAVAOAI
3106507,ArA0BCBTBRBABJBMBVBJBOBCA5ApAgASAJAGAHAuA1BEBKBKBAA8BFBLBJBGBCA3AqAnAZAUALAK
3106606,BPBaBXBNBFA4BBBKBFBIA7BBAmAlAkAbASAOAFBJBIBWBPA7A6A9BHBHA4AwAzArAnAiAbAUALAC
3106655,BDBFBMBPBEBEBRBPBKBBA2AzA7AqAdAYANAEACA7A3BMBLBDBPBLBSBCBBA6BBA2AhAhAUAWAIAH
3106705,BABHBFBGBPBPBSBQBRBDA7AzAsAgATALAHADABA/BEBCBDBQBUBWBXBYBJBDA7AxAmAXAPAKAFAD
3106804,A1A9A5A6BFA6A6A+BFBNBUBSBHBKAxAgASAEAIAuAwA6BBA0A6A7A5BKBNA4BKA9A3AuAbAdAHAE
3106903,A0A8A4A6BABHBAA8BEA7BEA/BAAzArAYAPAGAJAxA2A8BAA7BDBCBFBNBDBHBKBNA6AxAkAaAQAG
3107000,AoAyAtArA3AxA/A4A3A9BWBVBWBHAxArAPAWAJAtAuA0ApAvA7A1BDA8BGBQBeBIBMA1AvAbASAI
3107109,BAA/A+BGBOBMBIBJBHA8A8A6A3AvAiAUALAKADA6A/A/BBBLBHBLBNBKA9BAA/A9AyAjAYAPAJAH
3107208,A0A9AuA9A+BDBEBSBXBKBRBcBGA2AlAZAQAHAEApA4AxA6A0BEBFBABIBABLBQA+A1AqATARAHAG
3107307,BABGBIBMBQBJBKBMBKBAA7A8AxAjAZATALAEADBABCBFBMBOBHBPBPBQBEA/A6AzAlAdATANAIAF
3107406,A/A/A8BBBNBJBIBKBMBBBABAA2AnAeASAOAGADA8A6A5BABIBKBKBIBRBLBFBCA4AzAgAbASAJAH
3107505,ArA6A5BCBEBBA9BGBEBPBIBLBDA5AgAcAWAEAGAsA4A4A8BEBABBBCBJBOBLBJA/A0AtAdARALAG
3107604,BGA3A1A+BQBMA8BIBLBDBFBEA7AzAkAdAQAIAEA6A5BGBKBDBJBEBFBIA8BLA/A3AqAkAcAQAGAF
3107703,BDBGA8BHBBBLBGBFBMA6A5BCA5AsAlAWARAFAFA2A/A9BDBDBHBGBQBDA6BEBGA2AxAoAcAXAMAG
3107802,A7A8BGBCBGA0A9BBBSBHBCBLBFAyAmAhAOAKAIAvA+A9BGAxA3BJA/BGBBBHBHA8AzAsAbAZANAH
3107901,BGBDA9BRBTBVBOBOBOBHA+A+A1AoAgAWAOACACA6A9A7BIBNBLBGBLBNBBBBA+AwAjAeASAKACAD
3108008,A1A0A7BCA/BCBBBGBKBABEBLBCA3AoATATAGADA4AsA5A9BDBGBDBMBCBGBJBJBCA1AuAaARAQAL
3108107,AoAtAzA4BGA9AzA/BIBIBZBSBGBCAyAhAaALAEAmAmAuAzA2A0A0BBBMBOBRBMBLBAA1AmAXAOAL
3108206,BBBBA/BNBFBHA/BIBIBFBGA+A/AwAeAYAMAKAGA7A8BEBAA5A9A+BFBSBJBJBFAwAsApAdASAIAI
3108255,BSBHBUBmBdBVA6BGA/A8A4AzAoAiAiASAOAMAEBNBGBPBgBTBHA+BKA3AyAxAqAmAmAcAWAQAIAL
3108305,AwA3A8A7BIA+BEBOBRBBBJBGBBA2AqAaAVAIAFAvAxA3A+A9BEA/BHBMBEBBBQBGA2AoAaARANAF
3108404,AyA6BAA/BABCBGBLBMBCBDBBA+A0AkAZAOAMAGA0A5A5A5A/BFBJBIBSBCBGBFA7A1ApAbAZAKAF
3108503,A7BABSBfBMBCBPBPBJBEA+BDA0AtAjAUAJAGAFA/A+BUBKA6BIA/BPBGA0AyA9AyAnAhAUANAJAG
3108552,BKBSBNBXBVBRBNBSBIA9BBAwArAiAVAPAHAGACBKBKBGBPBNBRBNBNBLA/A0A1AoAfAWAPALAGAD
3108602,BCBBBKBJBJBIBCBNBMBCBAA1AwAlAfAWAQAGAGA+A7BBBLBJBKBIBMBLBABCA4AuApAkAaAXAJAI
3108701,AwAyA6A+A+A4AuA+BLBIBLBTBIA1ApAhAYAMAGAuAyA5BIAzA4A+BCBOBEBMBNBIAwAuAfAYAWAI
3108800,A4AxA6BABHAyA4A7BNA6BLBNBKAvArAcAbAPAIAzAzA0BEA7A2A/A5BABMBNBLA6AtAzAkAmAXAI
3108909,A0A5A6BDBAA+BAA+BFBLBOBIA+A4AuAdARAGAGA2A1A1A8A7A/A9A9BOBKBDBGA9A+AuAfAeAIAH
3109006,A5A6A+BABNBJBLBIBQBGBCBBA9AtAhAUAOAFACA0A7A6A8BJBIBIBIBPBHBJBHA6AvAgAWAMANAD
3109105,A0AtA8BBBDBFBDBHBIBRBMBMBEA3AsAdARANAAAsArA1A3A8A+BHBABJBHBQBKBBAzAuAcARAMAE
3109204,A9BEBCBBBDBCBHBGBKA9BAA9AzArAlAhAWAIAEAxBBBBBEBGBJBJA/BJBFA/BBA5AtAqAdAXAIAJ
3109253,AxA+A6BBBHBKA+BDBDBHBKBPAzA4AmAYAXAMAKBCA0BFBHBCBEA5A8BEBFBGBMA1AoAlAYAaAKAG
3109303,BTBJBFBbBTBLBDBJBLA6A5AyA0AoAaATAMACABBABOBHBMBXBUA/BMBOA9A+A8AtAkAWASAMACAA
3109402,BIBKBJBVBMBFBFBKBOA/A6A3ArApAdARAIAGACBFBIBLBQBLBHBOBNBPBCA6A3AyAoAaARALAFAG
3109451,BDA9BHBGBJBCBBBFBFBLBKBJA9AwAlATAHAFAFA/BDBGBKA+BABEBEBNBJBGBEAwAsAaAUAOADAE
3109501,A3A+BEBIBEA/BEBJBNBJBMBBBFA1AlAZATAIAAA0A1A7A9A9BCBIBCBKBDBGBDA6AzAmAaAQAHAG
3109600,A2A8A1BCA1A0BGBABAA+BCBQA9A4AjAeAGALAFAxA0A6AvA3A9BDBJBPBTBFBNBJA9AxArAUAbAH
3109709,A2A9A+BFBEA8BCBGBEBLA/BKBFA3ArAdARAIAGA7A1A7A7A9BBA/BCBMBEBEBEBAA0AnAcAPARAD
3109808,AsA5BJBfA7A8BJBRBKA8BOBUBDAgAQAjAHAQAAAiA6A2BJA8A3A8BOBJBPBGBhA6A1AzAKAGARAG
3109907,A0A6A+A+A9BGBNBIBNBBBCBLBAA0AiAUAMAGACA6A4A4A7BABCBIBRBOBABEBNBEAzAoAWAPALAI
3110004,A8BEBBBEBGBGBABDBLBFA7A7A6AuAgARAMAHADA2A8A6A8BGBFBHBJBPBDBHBQBGA3AiAZAUAKAE
3110103,BBBABBBNBLBaBLBPBFBCA8BMA2AsAdAQALAFAEA+A7BAA/BUBEBLBNA/BFA+A9A1AqAeASAOAIAE
3110202,A7A1BBBEBTBEBMBEBNBFA7BDBAA6AZAgATAHAFA9A8A1A/A+BFBJBDBNBBA6A9A/AuAkAbAQANAF
3110301,AzA1A5A7A+A8A/BIBHBHBMBNBLA+ArAeAUAJADAzA2A0A2A3BAA8BEBHBGBHBOBEA8AqAeAYAIAF
3110400,A7ApA2BLA5A2BKBVBqBLBPBJA8A0AqAbAZAGAEAvA2AyAvA6A/BFBJBKBHBLBAA6A1AoAiANAGAC
3110509,BABDA/BFBTBNBOBMBQBDA/A6A3AqAgAUAOACACA/BBBAA9BLBMBKBNBMBFA/A8A1AqAgASAKAJAC
3110608,A3A3A2A+BLBHBKBKBOBHA/A+A5AwAmAXAQAHAFA3A7A2A8BGBFBGBMBPBJBGBFA9AzAnAaAPAKAF
3110707,A5A+A5A+BKBHBIBABHA9A7A6A/A3ArAYAQAKABAzA4A8BDBDBBBGBEBHBFBABFBDA8ArAgAUAQAF
3110806,AxA5A+BLA/A+A2BABJA4BQBBA3AqAhAXAXAKAHA1A/BCBGBKBGA+BABCBXBQBEA5AyAkAgAqAJAA
3110905,A/BABCBHBRBLBDBKBJA+A5A/A5AtAhAVAKAIADA7A+A8BIBDBHBGBDBFBDBCBAA9AwAnAcATAQAD
3111002,AuAuA/A5BEBWBMBNBHBCBOBIBLA1AtAaANAEAGAuAzA2BKBBA9BIBQBMBCBIA5A3AxAfAeATAFAG
3111101,AxA4A4BBA8A5A+BJBHBHBKBMBEA7AsAhAYAHAGAxAyA6A7A0A3A+BHBHBMBKBMBIA1AqAfAWAKAI
3111150,A3A6BEBPBHBDA8BLBFBLA5A8AzAwAnAZAXAKAKBEBJBJBQA3BDA+BFBKA7A6AvAyAwAnAhAYAOAF
3111200,A3A2A6A/BGBDBEBLBNBFA8A8A5AzAlAXAQAFAEA0A2A7A7BFBEBJBNBSBIBEBCBCA6AoAdAUAKAH
3111309,A4A7A9BMBFBCBFBEBHBBBBBKBCA7AlAUAPAIAEA6A4A3BCBBA+BDBCBHBDBEBEBHA7AkAbARAIAF
3111408,BLBTBRBQBMBWBOBSBRBGA3A5AqAkAXAOAOABABBMBGBCBMBOBNBOBWBGA+AuAxAtAhASASAIAFAD
3111507,BBBQBGBOBIBIBCBJBKBFBAA5AvAvAbARAKAIACA+BDBMBIBJBABIBMBMBFBCA6AzAqAdAYAMAJAF
3111606,A5A/BCBIBLBKBABGBMBLBEBBA9AuAhAVAKAGAFA6A7A+BCBFBGBFBFBNBLBFA+A3AvAgAYALALAF
3111705,A4A7AyA7A/A7BABGBXBNBFBEA6A2AjAZASAPAGAyBAA4BBA8BABCBJBVBDA7BABEA8AlAfATALAH
3111804,A9A6A9A/BGA/BEBIBUBMBCBFA8AtAmAaAPAJAFAwA/A4A4A3BCBNBKBUBFBMBGA6AxAlAaARAGAI
3111903,ApA2A8BEBDBAA4BJBIBTBPA7BJA0AvAjAOANAEAyAvA+BIA/A6A9BPBPBHBEA8A2BBAiAjANAIAJ
3112000,AuA0AzA3BBBBBGBIBQBMBJBGBDA9AtAbATAJAGAtAzA3A2A7BDBBBKBMBGBIBBBGA3AoAgANAOAO
3112059,BKBOBGBMBABIBLBLBGA/A6A7AoAtAiAWAQAEAGA3BABIBXA2A/BSBKBHA8A5A0A7AvAkAdAVAHAG
3112109,BKA6A/BPBgBSBQBQBRBCBBA9AvAiAfANALACACBOBFA5BIBQBRBGBOBFA8BBA6AtAmAVAQAHAHAD
3112208,AqAnA2A/BAAxA0BBBKBKBVBSBEA5AnAdAdAJAFAnA0AyBLAxAzA9BDA/BNBNBQBKA8A1AnAfAMAL
3112307,BHBIBGBUBWBPBVBTBPA/A2AtAoAcAUANAGAFAEBCBEBKBPBWBTBaBWBPA9A1AvAqAgAYASAOAHAC
3112406,BCBFA+BMBCBBA+BABVBIBAA5A4BAAsAeARAIABA1BCA8BDBHA5A9BDBPA/A/A4A7AyAnAbASANAC
3112505,A3A5A+BTBGBIBGBGA+A5BIBGA7AuAeAUAHAIAJA3BHA8AzBIA9BNBHBcBFA8BLA9AvAfAZAbAIAK
3112604,A6A9BDBJBFBIBABFBHBIBBBCA4ArAiAUAOAKAEA3A9A9BEBGBGBEBFBRBIBJBGA7AvAiAbARAKAD
3112653,A6BEBLBIA9AsA4A1BBBBBEBBBAAuAtAaAUAJAHAyBABBBEBGAzA4BJA/BLBMBKBEA4AtAfAfAHAJ
3112703,BOBJBQBXBXBWBOBFBHA3A1AzAsAhAbAOAKAEACBOBEBLBQBYBLBOBJBGA/A6AzAqAhAbASAKAJAD
3112802,A7A8A6BGBIBPBNBSBHBHA8A8A8AwAhAWAPAJABA2A4A4A/BKBOBHBMBSBCBHA8A6AuAiAWATAHAC
3112901,A+BCBIBUBPBGBGBGBIBBBCA8AxAqAbAWALAGAKBABCBFBGBHBIBBBMBABIA8A9A1AoAkAYAQAKAI
3113008,BABIBYBeBEA4A8BIBJBEA5A6AtAoAhAWARAJAFA+BCBSBXBGA9BBBGBEA8A7A1AzArAlAYAPANAM
3113107,AqAyBGBBBBA+BJBCBBBKBCBcBGBBApAbARAGALAyAvA6BBA3A3BCA9BBBHBVBMA9AuAoAYAXAJAM
3113206,A3A8BABABOBLBMBHBKBEBBBBA6AtAhARAPADACA4A6A4BABKBEBKBEBLBIBJBIBBAwAmAZARAHAE
3113305,A4A4A2BCBMBGBCBFBMBDBBA6A0AtAtAWAKAHAFA8A3BABIBEBDBFBGBTBFBEA/A/A8ArAZAVAJAJ
3113404,A/BAA+BEBOBIBIBFBMBBA9A8AwApAeATAMAIADA+A8A8BFBQBJBKBMBRBEBGA9A1AxAjAXAPAJAI
3113503,A4BBBBBLBFA9BMBRBSBGBGBAA8AlAdAWARAGACA9A5A/BJBDBGBJBQBKBGBCA+AxAqAeAaAMAMAH
3113602,A8BAA/A/BBBHBLBJBGBJBFBABDA5AdAUARAJAEAzBEA+BIBDBBA6BNBJBKBBA5A8AwAjAfANAIAD
3113701,A3A7BDBDBABEBBBKBKBPA8BLA2AsAmAYASAMAFA1A1A+A+A/BDBEBMBCBLBABJA8AtAqAdAWAJAL
3113800,BOBPBUBOBDAzBEA8BBBCBCA/A9AtAlAOASAHAGA/BOBKBLBABGBAA6BCBFA6BAAwApAfAhARAKAG
3113909,BHBCBIBLBOBQBGBFBGA9A9A6BAAsAiASAJAEADA8BBA6BJBFBKBDBKBIBBA/BGAzAwAgAUAQAIAG
3114006,AyAuA2BDBMBIA/BLBMBKBGBHA9AyAhAcAQAKABAwAvAyBEBBBEBCBGBOBEBJBKA8A0AqAhAXAQAJ
3114105,A9BABBBMBPBPBLBGBLBEA/A5A7ApAdAUANAGABA8A8BABKBOBNBCBOBMBBBEBAAzAtAcAWAIAFAL
3114204,BAA8A/BBBPBOBLBKBRBBBEA8A0AoAfAUANAGABA6A8BBBABNBNBGBJBQBIBEA/A2ApAfAaAMAHAI
3114303,AzA8A/A9BJBGBHBFBMBGBMBDA8AxAkAZAUAEADAvA4A4A9BEA/A/BCBMBEBKBFBDA1AnAdASAQAF
3114402,A1A6A9BDBIBBBGBLBSBIBHBEA8A0AmAWAUACADA2A5A6A9A9BDBEBJBSBFBGBDA/AwAjAZARAJAF
3114501,A4A9A/BDBUBKBIBDBLBNBGBAA6AsAjAVAKAIAEA7BEAwBKBJBKBKBJBHBKBEBCAvAqAeAVAPAJAE
3114550,AxA/A5BCBEA/BHBOBXBLBHBEA5AtAmAdAUADAFA7A1A+A8A9A+BIBHBOBKBKBFA6AvAkAZANAFAJ
3114600,A7A4A5BEA5BEBJBJBHBEA8BRA+A4AkAWASAHAFBFA/A5A9A4A2BFBLBFBBA/BMBKAxApAiAMAJAJ
3114709,AvA3A5BOBLBKA5A9BDBLBHBCBFBBAnAfAUANAHAtAtA3A/BDA5A7BBBEA2BdBCBBA8ApAeAQARAG
3114808,AvA3AzA6A/BDBIBKBHBBBJBdBCBBAqAcARAFAEApA7AzAyBBA+BABBBCBGBRBOBEA6ArAXATAJAN
3114907,AwA0AyBMBPBAA/BPBPBQBZBDAzAjArAkAbAEAFAxA3A0A+BAA9A9A2BNBcBCBJAyAxAtAaATANAC
3115003,AvA5AxA/A8BAAxBEBCBVBVA6BHA3AwApAcAHAEA6A5A5A+A3BGA8BABIBGBCBFA/A8AsAbAUAIAL
3115102,A/A8A+BHBEBCBCBGBKA/A/A+A8A5ApAbASAHAEA4A9A6A/BDBEBCBFBKBEBAA+BBA2AqAcAQAKAI
3115201,AyAtA5BFBKBIBCBOBPBOBGBWA2A8AnAeARAIACAwAuA2A0A5BABCA/BKBDBQBLBAAxAsAdATAFAH
3115300,A1A5A4A7A/BCBFBFBOBABCBFA9A0AjAWANAIAFAxA3A5A6A9BEBJBMBPBFBJBJBGA4AsAfASASAI
3115359,BHBBA9BFBKBIBEBLBPBIBCBAA0AjAXAVAMAAAEBBA7A7BIBCBIBFBLBYBQBGA9A9AiAfAaAMAIAI
3115409,A0A1A+BQBPBAA3A8BJBJBJBFA6AzAlAWANAIADA7AzBOBEBQA7A3BUBOBHBEA8A5AuAhAeAUAGAN
3115458,BEBPBYBVA7BABBBPBQA/A9A0AvAiAYATANAHADBGBJBTBQBGBBBJBUBPA9A5A0ApAmAgAVAQAIAI
3115474,A2A3BLBOBBA0BGBVBMBJBABDA5AqAlAUAUAJAABEA+BDA9A1A8BLBLBOBMA+BHA7AqAdAfAPANAG
3115508,A1A4A7A/A7A8A9BFBHBABCBDA/AzAmAcASAJAAAuA2A8A7A4A/BABDBSBFBLBMBIBCAzAkAbAKAM
3115607,AqBAA/BGBAA3BHAsA6BLBIBVBOBGAoAVAbASAEASApAqA5A3AyAmBKBMAxBEBfBaBSApArAfAMAR
3115706,A4A2BDA/A+A1AyA7BEBOBNBOA5A0AnAfAUALAGA2AxA3A7A7BAA2A/BRBIBHBOBIBFArAjAUAMAJ
3115805,BWBRA5A8A+A9BIBLBDA9A7A/A+ArAlAaAQANABBGBCA7A6A+BDBKBMBKA/BEA+A/AuAkAVARALAF
3115904,A9A+BCA+A1A+A8A6BJA3BSBCBRA5AoARAUAJACA4BAA1A+A6BKA/BJA8BEBHBQBCA9AjAaAdAGAG
3116001,BLA5A/BABHBGBEBQBNA/A+A/A5A0AiATANAIAIBDBDBGA7BHBCBLBOBPA8BDA2A1AqAlAUAKAKAL
3116100,A4A8BOBgBTBDBBBEBNBAA4A4AyAkAbARAOACAFA1A8BKBZBLA+BFBHBHBGBCBEA3AqAlAaAPAMAJ
3116159,BYBgBTBYBeBVBLBXBFAyAvAsAiAhAZAOAIAFADBQBPBUBfBdBYBIBNA8AwAqAlAhAbAVAQAKAIAD
3116209,AyA8A/BNA4AzA7A4A7BDA/BDBKAsAsAmAXABAAA7BDBGBABABHBHBDBKBABBBQBCAvAvAYAaAMAJ
3116308,ArA2BEBNBBA9A5A+BGBQBIBOBBArAmAbASAHAHAxA0A/A/A2A9A+BKBMBFBLBQA7AwAmAlAbALAJ
3116407,A3BDA8BEBKBHA/BRBCBCBHBCBIBDAwAcAMAEACA2A9A3BEBFBABLBHBJA/A8A5A+A3AeAVAQAFAC
3116506,A4A7BJBGA4A0A/BABSBTBGBLA+AyAgAbASAKADAyA/A7BBA3A1A9BHBNBLBIBDA6AxAqAiAVANAI
3116605,BAA+A+BIBNBRBOBQBSBJBAA4AzAkAbARAMAGABBBBAA6BHBNBRBSBOBQBDA9A5AyAnAdASANAGAG
3116704,AzA2A1BBBRA7BDBOBPBIBFBEBAA1AmAfASAKABAoAwA1A/BGBBBABIBQBBBGBJA/A5AoAbARAKAL
3116803,A5BABNBWBGBBBGBFBLBKBEA8AtAqAdAZAQAKAAA3A8BJBKBGBDBOBHBDBEA1A2AuAuAnAjAVAMAJ
3116902,AyA9BHBBA6BTBCBWBPBMBCBIA6A3AfAbALALAAA6BABSBEA9BGA9BTBKA4BDBCA3AjAgAUAQAGAA
3117009,AnA6BKBKA4A1A7A/BOBCBMBHBGAzAqAhAaAGALAuA6A+BIA4A6A7BFBDBHBBBGA2A0AvAkAXAUAJ
3117108,A6A+A9BMBMBGBABMBUBFBGA/BDAuAlAYALAKADA3A1BDBEBBA8BJBJBJBEBEA7A1AyAjAYANAIAI
3117207,AzA+AtBJBBBKBKBTBHBMBbBTBEA4AkAZAUAHAGAtAzA4AwA6A8BHBIBBBKBCBKA6AoAjAaAcAHAA
3117306,BHBOBIBLBUBUBVBWBUBEA6A1AsAhAYANAHADABBBBHBGBGBNBUBSBPBOA/A6AzApAgAXAPALAFAC
3117405,A4A0BBBAA4A5A8A3BOBOBQBQA+BBAnAZARAKAGA5A8A2BHA6AzBABEBMBHBKBFA8ApAuAdAUAUAF
3117504,BCBIBGBJBUBSBYBUBNBCA7AxAnAmAXAQAOAFACBEBHBIBIBPBQBWBLBEA6A6AyArAiAZAUARAKAH
3117603,A1BABCA7BEA7A6BUBLBHBGBKBAA5AyAWAPAJAEA4A3A2BAA3AzBHBIBIBEBIBGBCA1AgAgAUAJAG
3117702,BAA+BIBGBMBFBHBCBIBDBDA9A6AuAiAXAOAJACA/A8A+BJBKBHA/BJBJBCBAA/A2AvAkAZAQAJAG
3117801,A5A9BDBGBRBMBIBHBIBIBFBGA9AtAiAXAPADACA2A+A6BFBKBDBJBDBFBGBBBIA4ArAgAWAPAFAE
3117836,BCBHBQBOBHBFBBBLBLBDA7A0AzAoAjAfAQAHAHA+BIBNBJBBBIBHBKBBA6A5A4AoArAkAbAVAKAG
3117876,A/BBA7BGBQBUBGBBBNA/BGA4A8AnAbATAKAIACA3A1A4A7BLBTBJBJBUBTBFBHA7AqAdASARAFAJ
3117900,A1A5A6BABFBEBBBJBPBIBEBDBBAyAmAdARAHAGAxA4A1A8A9BCBCBLBMBMBJBFBAA7AkAYAQALAG
3118007,A/BCBEBFBIBPBSBRBQA7A+A6AyAmAZAOAJAEABA9BBBCBABIBQBQBRBPBCBDBBA7ApAdATAMAIAF
3118106,A3BDBDBdBSBNBHBGBTBFBBAuA0AjAgAVAPAHADA4A9A1BWBIBGA9BHBGBDA2A8AyApAlAdAgAPAF
3118205,BBA+A4BHBIBPBMBEBIBGBBBDA+AyAnAWALAEACA3A7BBBABABGBBBIBKA+BDA+A+A6AkAYATAEAI
3118304,A9A7A+A8BJBLBPBQBTA9A5A1AzArAcASALAFACA4A7A9A4BFBQBVBRBSBCBEBDBAAyAmAYASAJAG
3118403,A+BEBEBDBFBBBCBEBEBDA/A+A5AuAnAWAMAJAJA8A9A/A+BABDBBBHBLBHBCBCA9A2AoAcARANAK
3118502,AwAxA/AxBLBAA+BLBKBABSBLBDBDAzArAJAJAKA3A7AxA+A9A4A8AyBNA/BABTA9ApAuAYAdASAC
3118601,A6A9A9BABMBOBMBPBTBFA/A4AtAjAYAPAKAEABA3A8A7A+BMBOBQBXBcBMBGBBA5AtAhAWAOAHAF
3118700,A9A8A9BFBLBCBABDBKA/BFBCA9A5AnAaAQAHAEA3A3A3BDBIBGBDBFBEA+BDBEBCA3AnAZAUALAE
3118809,A+BHBKBKBBBBBDBKBPBEBDA+A1ApAiAXARAEAEA6BDBFBJBDA/BGBOBJA+A9BAAzAsAjAaAPAMAI
3118908,AsAyA4A/A+A9A4BEBLBIBFBKBJBBApAdATAOADAxAzA8A5A2A4A/BGBMBGBLBEBHA2AvAiAXASAH
3119005,BDA+BGBGBHA4A4BEBQA9BKBDBAA1AsAdASAFAFA6A/BABKA6BCBCA5BABBBFBDBAA0AiAdATAJAD
3119104,BCBDA+BJBIBCBABHBEA5A/A9A9AwAiAUARAJADA+A7BABGBJBDBEBFBKA7BCBJA/AyAkAaAVALAH
3119203,AwA0A5BIBQBZBSBUBLBFA9A/A4AuAfAZALAOAGArAwA3A+BOBRBKBLBOBCBBA0A1AtAiAbAZAMAF
3119302,A6A7A7BABFBEBFBJBMBGBMBIA/AwAlAYANAEAFA1A4A5A9BDBDBCBLBMBKBLBAA8AxAnAZAQAIAG
3119401,A7A9A/BBBGBJBIBNBKA8A8A6A1AsAaASAMAGAEA/BABBBCBGBDBOBPBQBHBGBHA/AuAjAYASAKAG
3119500,A8A6A/BIBRA9BJBJBOBGA+BAA9AtAhAbAQAMADA8A4BIBIBIBGA8BJBDBDA3A6AzAvAkAcAWANAL
3119609,AtA6AxA2A4A4BFBGBLA+BLBOBPAzApAaANANAIAxBFA8A7A4A7BPBCBABDBVBLBDA7AnAYAPAVAJ
3119708,AtA9BDA7A9A7A7BABQBPBFBJBEAuAqAdAPAKADAsA7BCA/A7A3A8BEBPBOBLBFBLA3AqAfARASAA
3119807,AtAzA0BEA5BCBDA1BHBIBQBGBOBEA8AxAWAHAPAnAwAqA7BAAtA1A8BJBIBEBHBGA4A1AgAaAOAE
3119906,AoA3A4A1AxAzBEBPBKBJBHBYBNBDAyAmAZAGAEAsA1AuAwAsAyBABCBDBRBABRBCBGA2AiAcALAE
3119955,AzA5AzBABGBEBMBMBbBPBKA+A7AyAhAVAMAMADA5A5A5A/BABDBFBQBYBJBBA/A1AxAhAUARAHAI
3120003,A2BCBHBJA6A4AzBGBSBJBGA6BBA8AqAQAXAMADAzAzA4BRAsAzA/BDBPBBBLA9BMAyA2AkALAKAO
3120102,A+A/BGBHBBBUBDBFBEBABBA+AzAoAZAYARADAEA6BKBIBCBJBLBOBKA9BDA4BFA2ArAhAgAaAFAH
3120151,BXBMBKBhBGA+BGBNBKBEA3A+AuAoAaAbARAJAGBJBEA/BIBGBBA8BABLA6AzA0ArArAeAbAXAJAJ
3120201,BAA7A7BNBVBLBCBNBeA7BDA4AuAwAgAWAKAIACA3A8A4BCBNBNBABMBUBCBJA9AwAxAfASANANAG
3120300,BABLBdBdBcBTBQBSBHA8A2AvAnAhAVANAKACADBMBBBXBdBNBPBYBPA6A2AzAuApAdAZAUAIAEAG
3120409,BBAyA/BIBXBCA8BDBaBFBFA3A3ArAiASAOAGACA1BIA5BIBDA+BDBMBcBFA2BFA1A0AvATASAIAF
3120508,A7A8A9BABOBSBGBHBLBEBPA8BCAtAqAXALAIAFA0A4A6A9BGBBBGBIBDBBBKBEA5ArAlAZAUAJAG
3120607,ArAyA8BABJA+A7BFBMBIBJBPBFA2AsAcAUAIAFAtA2BAA5BAAyA8BNBPBEBFBIBCA5ArAfASAOAE
3120706,BGBJBEBMBRBMBJBBA+BKBRA7A7AjAeAbAMADAJA8A+A5BCBKBOA8BABCA+BFA+A5AmAoAVARALAG
3120805,A7A8A0BABLBHBFBDBGBBBIBBA8AwAlAYANAIAIA6A4A2A/BKBNBGBGBFBCBGBIBAAxAkAcAUAJAH
3120839,BIBEBHBHA8A9A7A+BHBHBBBCA9A4AiAaALAGACA8A6BEA+A+A7A9BJBBBGBLBMBBAzApAVARAPAH
3120870,BMBIBMBbBSBLBLBDBGA+A9AuAxAfAZASASAHAHBIBHBHBTBQBLBLBPBBA/AxAwArAjAiAWAQAKAF
3120904,A5A9A8BGBLBIBJBKBJBBA/A9AyAoAbASALAIAEA3A7A8BDBLBQBOBRBQBFBFBDA5AtAiAZATALAG
3121001,BJBPBLBMBCBKBFBKA/A5A4A8A0AqAeAPAJAGAFA7BGBGBTBLBGBOBFBKA8A1BGA2ArAZAfAPAQAF
3121100,A3A6A/A/A9BDBABKBHBLBPBRBBA9AqAZAUABAEAzA2A4A7BBBAA7BJA/A/BPBRA+A3AjAXAOAIAF
3121209,BABDBGBCBWBSBJBFBSBDBIBAA6AwAhAVANAFADA7BAA7BCBGBEBCBGBEBHA+BCAwApAhAVANAGAG
3121258,BFBYBWBgBYBSBMBpBbBIAvAgAaAUAVARAEADADBGBCBHBtBYA9BLBjBIA/AsAqAhAeATAUALACAB
3121308,A2AyA+BABBA/BBBOBWBEBDBBA/A2AsAeATALAEA5AyA0AyA/A5BFBXBOA6BDBCBBA6AmAZAVAUAH
3121407,AxA2A6A8BBBFBEBUBKBIBJBFBIA3ArAaATAIACA1A0A9A3A7A8BDBCA9BIBMBNBCAwAnAeASATAC
3121506,AuA1A9A/A/A1A/BKBHBRBVBMA8A1A4AaANAHAJAsAsA1BFAvA4A+BUBCBSBMBIA6A4AyAkAUAKAA
3121605,BABCA9BHBTBRBQBJBMA8A8A3AwAjAYARAMAFADA5A+A7BCBUBSBTBVBNBCA9BAA1AoAfAWASAKAJ
3121704,A2AzBBA/AzAzA/A8A6BIBPBIBGA/A0AgAhAKAEAuA7AwBEA5BAA4A2BIBIBJBFA9BDAqAhAcANAR
3121803,AsAvA1A6BAA8A+BFBKBFBKBDBGA4AoAdAVAHAGAtAzA3BDA8A7AwA/BPBBBPBWBABAA5AjAXATAJ
3121902,BABDBEBCBBBKBUBPBGA7A7BEA+AnAjAOAMAOAAA3BCBPBHA5BSBKBGA/A+A9BNA8ArAiAYATAGAB
3122009,BTBOA4BHBPBMA7BNBHA9BAA1AzA1AfAYARAHACBCA7A/BJBbA5BHBEBMA8BDA9AmAuApAUAUAJAD
3122108,A7A4A8BCBBAtA0A+A/BIBLBJBBAyAuAgAQAKAFAzA/BIA6A9AwA1BDBFBOBKBNBKBDAoAhAUANAM
3122207,BBBGBIBFBHBDBFA/BEA7A8A8A3ArAeATATAEADBDA/BEBJBHBDBMBMBIA+BBBGA0AwAnAbATAJAI
3122306,A4A3A2A9BJBMBPBLBOBFBBA7A4AmAeATAMAFADA1A3A0A8BJBOBOBOBVBKBKBHA9AxAlAYARAKAG
3122355,BGBMBNBYBeBJBDBJBLA2BBAvAkAZAWAOAPAEABBABMBKBgBRBYBLBNBOBBA9AzAjAfAcAVAOAGAE
3122405,BCBCBJBQBKBMBDA/BFBJBDA9BAAwAjAZANAKAIA3A/A5BABJBFBIBIBCBGA6A6AzAtAiAWATALAD
3122454,A8A6BCBMBYBLBQBWBQBIBAA6AwAmAeARAUAHADAyA2A+BHBUBXBQBOBIBAA3AzAsAmAgAYAPAIAH
3122470,BLA5BEBRA4BBBKBKBMBDBHBIBGA6AqAXALACAIA/BEBDBDAxBCA9BQA/A9BEBGA8ApAfAQARADAC
3122504,AuA8A1BNBGAzBGA3BAA5BEBAA3A3AmAhAVAKARA5AuA+A/BCA1A7A+BIBJBRBEBCBBAuApAhAUAF
3122603,BBBAA9BYBMBNBJBLBNBHA0AzA8AqAbATAJALAIA/BDA3BQBMBFA8BOBKA3A8A1A3AtAlAaAWAMAJ
3122702,AqAwA1A9BDBGA+BABABDBNBJA+ApAnAfAOAQAHAqA1AyA3A9BLA4BCBGBCBJBKBLA3A1AlAsAWAO
3122801,ArAwA5BHA7BGAvA7BXBLBTBOBPA8AqAaAVAHAFAuA1BDA2A4A6BDBRBMBHBOBNBDAqAiAXARAIAH
3122900,A5A5A3BLBMBWBIBJBLA+BIBGA/AsAZAVAJAIAFA6A8A1BCBJBFBCBKBLBLBEA/BCAnAjAXASAKAG
3123007,A8A3A8BCBIBPBCBRBOBCBKBDA+AtAgAWAMABACAuA0A9A7BFBPBLBHBOBFBKBLBAAvAiAdAJALAB
3123106,A8BDA/BHBKBBBDA3BRBKBEBFBCAtAcAaAQALAIA5A8BCBJBDA9BCBIBJA7BDA7A0AqAnAXAeAMAJ
3123205,AnAuA0A/BBBGA+A6BDA8BIBJBAA5AsAfATAMAJAqAvAtA9A7A+A3A7BKBOBMBRBJBCAxAuAbAXAO
3123304,A5A1A3BGA/BFBGA9BJBQBHBOBDAzAkAcAOAHAFA1AxBDBDBRBDA+BCBHBDBEBLA7AqAgAhAWAHAH
3123403,AsAsA+BRBPBNAuA7BGBRBHBNBHAjAjAnANADAHA6BKA4A4A+A4A3BNBOBVA/BKAvBGA1AWALAFAG
3123502,A/AyBAA8AtA6BOBLA+BPBOBHA6A5AxArAVALAAA3A6A/A+A5A5BFBHBDA/BGBKA5AyAvAeASAEAG
3123528,BPBIBABNBTBYBIBSBOA7A8A6AzAiAeAOALAIADBMBCA9BLBPBMBJBIBBBBA4A4AuAqAUAUALAHAH
3123601,BAA6A+BBA7BKBCBQBOBFA2A+A+AwAmARANAHACA8BDA6BIBMBGBCBSBWA7BBBHA0A5AfAUAVAFAF
3123700,A3BbBTBJBCBNBMBHBGA+AwAzAtAcAbAOAIAEAIBMBpBDBABMBYBZBUBPA7A5A2AvAfAWARAMAOAD
3123809,A6BDBDBMBLA9BCBFBEBHBABBA9A0AjATAMAIACBCA/BKBGBCBCBFBGBRBDBFA8A1AxAjAUAQAJAD
3123858,A/BKBABGA7BCA8BABLBHBCBFBCAxAoAZAWALAEA6AyA9BCA9A4A9BIBMBMBBBHAzA0AoAaAUAKAI
3123908,A2A7A9BEBDBLBFBIBRBCBBBCAzAvAgAWALAGAGAzA0A7A/BIBHBJBIBOBLBEBFA9AvAmAcAYAMAI
3124005,A4A3A+BFBMBGBTBSBLBJA+A8A5AoAfAUATAFAFA2A1BDBDBFBGBRBTBNBEA9A8AzAuAfAWAPAOAI
3124104,BGBOBMBHBJBHBRBRBQBBA8AyAvAkAZAOAHAFADBIBGBGBCBHBOBWBPBUBEBCA3AyAjAYAOAKAGAE
3124203,BABEBABGBMBNBGBKBOBFA5A6AzAuAfATAKAGACA+A+A+BFBLBOBMBMBOBGA+A8A2AuAfATAOAJAG
3124302,BFBIBFBIBHBFBGBJBQA6A8A2AxAmAeAWAQAIADA/BCBDBLBJBJBHBPBNA9A/A7AzAoAhAbAQALAK
3124401,BQBGBJBHBbBXBLBYBDBAA6A2A2ApAfAYANAHACBJBGA9BKBNBLBABEBFA0A2AzAvAoAgATANAIAD
3124500,A4A3A6A+BEBKBHBRBNBKBJBIA7AzAqAbAPALACAyA3A7A5BABBBDBGBJBGBCBIA9AyAjAbAUAHAD
3124609,ApBDBBBHA7A7A9A1BGAuBLA1BKBMArAmAPAHAFBLA0AlAtA9BDBcBCBCA6BNAtBPBJAeAtAcALAN
3124708,AmAoArA7A9A3A8BCBKA9BZBKBCBCA1AnAMATAFAlArA1A0AtA4A0A4BHBIBPBHBRBXAzA1AdAUAM
3124807,BCBBA/A/BHBFA/BMBDBPBHBPBKA0AjAbALAFAKA6AzA3A1A9BBBJBGBJBDA/BGA9AtAeAVAPAKAM
3124906,A1A0BDA+BFBABPBTBMBDA/BFA7A0AsAbATAJACA0AzA2A4A9A/BFBJBPBKBEA8BDAzAnAdAZAGAI
3125002,BIBEBGBCBLBTBKBDBHA9BBBCA2AyAbAYAHADADA/BLA7BDBKBRBMBCBEBCBEA9A9ArAYAMAJANAI
3125101,BGBHBABGBgBkBZBVBMBAA0ArApAhAYAMAIAEACBDBJA/BABcBYBTBUBSBBAyAxAnAlAZAQALAEAD
3125200,AvA3A0A5A9AuA8BGBHA5BDBOBPBVA2AmANAKAGAoA1A6A4A0A2A5BBBCBOBJBIBRBAArAnAWATAD
3125309,A2BABLBHA+BJBFA9BGA9BAA4A+AvAtAVASARADA8BEA4BBBEBBBBA9BKBEA/BBA9A1AnAfAYANAH
3125408,A6BABGBTBIA/BCBJA8A4BBBIA3AxAeAaANAKAHAwA9BHBBBCBOBJA9BHA/BBBGA8AtAfAeAWAWAH
3125507,AuAqBCBJBEBHBMA0BJBMA/BJA/AtAeAcARADACAoA6A8BDBTBHBFBLBYBEBFBEA3AuArAlAUAJAI
3125606,BOBPBEBOBDA8BLBDBKBCA8A+AuAoAjAdAXAHAFA9BKBFBJA+BGBCA+A/BCA9A7AuAnAnAbAWAOAH
3125705,AyA2A+A+A+BAA3BDBFBHBNBEBKBAAuAcARAJADAtAyA5BABBA+BDBEBHBMBHBIBGA6ApAZATAMAG
3125804,AzAuA4BIBDAxA0A3BEBNBFBRBPA4AiAdAYAMAFA6A5A+A4BAA2BDAxBNBLBQBLBGA2AsAZAeALAJ
3125903,AzA0A+BEBAA6A+BBBKBEBJBFBIAwAoAaAdAJAJAwAzA7A9A5A6A/BDBGBDBFBNBBAyAuAgAcAYAJ
3125952,A+A/BOBPBNBNBHBNBVBMA+A7AxAqAeAUALAGAEA9A+BCBKBPBIBJBIBMA+A8A2A1AoAcATALAJAD
3126000,A3A0A4BBBLBJBBBGBIBFBDA/A9AwAjAbAQAHAGA0A7A3A6BCBJBLBGBMBIBLBDBEAuAnAeASALAI
3126109,AyA0A4A8BHBKBOBOBOBBBDBCA7AxAhAVAQAGAEAwAzAzA4BCBJBKBKBOBIBKBLBBA3AoAdAWAIAD
3126208,BSBNBcBZBKBFBNBLBIA6A/A8A1AoAfAUAJADAJBJBEBMBOBJBHBDBHA/BDAuA2AoAjAXAQAIAIAH
3126307,AyA/A9BABIA7A9BAA/BGBIBRBHBEAsAeANAJAEA0A7A7A0A4BEBABKBIBGBGBIA+AwAoAdAVAIAC
3126406,AxA2BAA5BEBDBKBKBVA7BLBDA4AzAlAUAYAHACA6A4A9BBA5BKBJBMBUBOBBBFA7AkAlAbATAKAG
3126505,AuA0A6BOBKA5BBBGBOBMBNBIBGAyAoAdATAFAJAqArAzA+BHA0A+BCBKBJBABEA6AwAtAiAgARAL
3126604,BGA+BKBVBGBIA+BRBEBJBKA2A7AtAiATAHAJAFA3BHBIBEBABLBABEBJBIBDA2A1AkAkAYAPAHAE
3126703,A6A7BKBLBOBLBKBTBQBKBFBBA0AnAfAVAMAIACA3A+BEBIBBBDBDBIBKA/A/A5AzAoAlAcASAIAH
3126752,AuA3BKBMBPBCA9BGBUBLBFBEBAAwAdAZASAHAFA4A0BFBPBJBEA/BIBJBBA7A8AvAxAhAcANARAF
3126802,BIBBBEBYBCBEA7BGBNBGA/BEA0AnAgAWANAIAHBIBDBKBNBDA+BBBKBCA8A9A/A0AnAhAWATAMAJ
3126901,BCA+BDBMBJBAA3A9BBBHBDA+AyAwAiAYAOAKAEA2A+A/BOBMBAA8BFBGBIBLBKA2AzAmAfANAJAN
3126950,BBAzBGBRA3A5BOBQBlBRBCA0AtAlApARAJAIAEA4BDBPBNBDBDBIBRBJA7BDAtAxArAkAgAMAJAJ
3127008,BHBFBHBHBIBCBKBLBTBFBDA6AxAyAfAPAGAIABA2BABFBHA9BNBKBOBaA/BBA6A+AsAcAQAKAIAD
3127057,A5BABLBSA9A6A0BDBPBQBBBIAzAoAuAbAVAEAFA+A8BEBLBFA8A7BFBDBQA7A7AxAsAnAhAVANAJ
3127073,BKBEBfB3BEBBA+BGBNA7A0AtA1AlAhAWAPAJACAzA6BZBUBIA4A3BOBCA5A0A0AyAxArAZAKAPAL
3127107,BCBBBDBCBGBSBMBTBLBBA8A5AwAnAgAXAMAHACA8A8A6BDBFBLBQBVBMBIBAA6A0AqAiAXAQAJAC
3127206,A6A8BDBMBOA7A6BGBEBEBJBLA6A6AiAXAPAGADAuA/BBA9BJBGA/A8BLBIBIBKBCAzAgAVASAKAA
3127305,BGBJBBBBBDA9A4A/BGBCBFBAA5AxAnAYAQAGAGBCA/BCBBBJBCA3BBBJBGBCBCA4A3AqAiASAJAF
3127339,BFA8BLBRA4A3BOBJBfA5A+BAA8AoAkAZARADADA5BFBNBBBDA7BCBLBOA9A8A/BBApAkAYAPAIAG
3127354,A1A/A4BPA3AyAwA8BVBRBPBMA6AsAmAlATAEAGA4AyA9BNA8AzA/BRBRBGBDBHA7A4AhAfAZATAA
3127370,A7A5BCA5BFAuA9A9BKA9BDBFBKA0AlATASAGACBABFBFBFA5A5BFBCBJBIBRBFBAA8AwAdAWAIAA
3127388,AsAxA9BDA4BHBAA+BABBA5BdBIA0ApAaAPAQACA0AxBBA6A/A3BCA/BEBDBLBWBHA+A0AdAUALAJ
3127404,A0A0A2A6BGBCBEBFBIBLBKBOBNA2AyAeARALAAAxA4A0A2A9A1BEBABGBMBIBTBIA0AjAgAQADAF
3127503,A5BBBHBMBPA5A6A2BGA+A/BAA+AvAtAZAQAFACAuBHBEBJBKBIA/BABIA7BMBDA5A3AnAZAUAPAG
3127602,A4BDBBBDBEBDBDBJBMA/A+BAA4AuAkAWAQAGAEA3A5A8BDBBBGBOBWBKBABGBCA4AyAlAbAQAOAF
3127701,A7A9A9BEBLBJBFBHBKA/A/A5AwAmAcARANAGADA6A6A7BEBPBKBLBPBSBIBIBEA8AxAlAbAUAKAG
3127800,BCBCBMBUBLBKBGBTBPBCA+A/A2ApAeASAOAFACA7BABHBQBFBFBIBLBEBCA8A4AsAoAbAYANAGAJ
3127909,AdA3AyA2BEBDBABIBJAwBOBOBMBIAjAvAgALAHA5AtA6A9A1AzA2BBBJBVBLBIBLAxArAeAbAGAI
3128006,A/BBA8BEBOBLBKBIBLBAA+A3AwAnAcAUALAHAEBAA/A8BCBSBRBPBMBQBCBCA+A1ArAgAXARALAG
3128105,A8A8A7BFBLBGBFBNBPBLBKBFBDA2AkAVAMAGADA0A7A9A7BFBFBCBJBLBDBEA/A5AvAgAZAQAHAD
3128204,AuA2A+A4BBA6A/BJBMBJBHBCBNA6ApAbAaAMACAuAvAyA5A+A7A+BLBGBABKBOA9A8AuAiAcAMAK
3128253,A9BBA+BHBBBDBOBJBTBGBBBEA3AvAkAZANAKACA1BFBFBBBBA8BLBGBMBBBABIAxAxAjAZAMAIAG
3128303,BBA0A5BBBLBRBJBUBSBCA+BDA5AvAkASAOAHABA7A6AzA9BEBMBFBRBKBGBHA9A/AzAiASAQAIAE
3128402,A9A6A9A6BBBFBDBDBDA/BKBIBHArAmAZAOANAJA2A9A4A2BBBJBGBCA9BEBGBCBGA3AoAgAaAJAI
3128501,A0BBBFBCBDBIBGBDBIBAA5A6A/AzApAXANAHAGA1A/A3BCBEBGBNBIBRA1A6BQBEAtAwAbAPANAE
3128600,BEBJBFBGA4BFBNBJBPBIBMBLA6AtAfAUAMAGADA5BCBABDA6BEBMBGBJBEBJBCA0AlAcAUAJAGAI
3128709,AxA+A9A8BKBJBLBPBNA/A9A9A6AvAiAVALAGADA1A5A4A/BIBHBPBLBVBJA+BCA9A2AkAeASAKAE
3128808,A2A/A4BDBGBFBGBHBIBDBFBKBKA0AoAXANAJAIA5AxAzAyBFBHBCA+BIBFBGBKBDA1AlAZAPAQAF
3128907,BLBDBFBMBXBPBHBDBGA+BGA8AzAqAgAYARAHAAA/A+A+BIBXBMA7BABHA/BBA8AyAoAdAZALAQAA
3129004,AsArA4BBBEA9A+BFBFBBBHBPBHA8AsAhAQARAFAuArA4A+A+A2A9BJBLBIBBBLBEBBAtAiAXAQAG
3129103,ArA6A8A8ArA1AwA2BKBRBZBZBPA6A8AoAhAMAIAyAwAyAxArAzA0A7BDBVBTBNBJA1AxAeAYALAF
3129202,A1A4A/BEBFBBBABDBQBJBABPBCA+AvAhALAJACAwA1A6A2BDBEBABABJA9BLBJBIAxAlAaAHANAJ
3129301,BDA2A4BABKBKBOBLBNBFBGBDA1AvAeAWANAMAEAxA1A6A7BIBNBJBPBLBIBEBCA2AuAkAaATAKAE
3129400,A8A5A+BHBABEA4BDBNBDBLBJA+AyAmAcAKAMAAAuA5A6BEA6BEBABHBKBJBKBIBAAzAkAkAZADAE
3129509,BDBFBCBDBIBCA3BTBOBIBFBDA0AwAfAWALAHACBDA3A+BEBDBHBNBKBFBBA6BBA9AwAmAXARAGAF
3129608,BKA9BQBSBLA7BHBJBZBCA7AxAzA0AfAVAQADACBDBGBPBDBBBCBJBSBNA/A4A8AtAiAgAVAOAHAI
3129657,A5BIBVBOBKA9BCBSBNA7A3BIA7ArAnAXAOAOAFA9BDBHBJA6A9A9BIBIAuBBA9A6AqAmAXAUAGAJ
3129707,BQBMBHBFBMBOBHBRBJA1AtBDA3ArAdAaALADAGA8BJBOA5BBBPBSBEA9A5BPA+A2ArAaAUALAIAE
3129806,A/BLBJBJBXBRBJBLBRBEA9AyAqAdASALAHACABBABEBEBKBVBTBRBRBaBHBEA7AvAjAXAOAJAEAF
3129905,AyA6A1A0A+BFA6BLBEBJBJBEBCBFAyAlAMAMAIA3AuA0A3A/BIA9A/BPA+BFBHBDA/AuAdAQALAJ
3130002,AuAyA4BYBMBAAtBCBPBMBFBGA6AwAmAgAOAKAFAwA/A6A+BXA5BBBKBGBMBABBA3A1AlAgAVANAH
3130051,BCBJBMBTBWBUBPBbBcBCA2AtAsAhAaANAMAEAEA7BBBHBNBRBKBVBUBPAvA2AuAoAfAgAUAIAMAF
3130101,A/BPBKBOBIBHBOBaBPBDA8AxArAiAYAQAHAFABBCBJBGBHBGBOBWBVBVBFA6A4AvAkAbAOALAFAE
3130200,BCBCBDBLBaBVBbBOBTBKA8AyArAkAZARAIAHAABDA/A/BBBTBSBRBLBOA6A9A6AuAiAeASAIAIAB
3130309,AxA8A7A6A1BEBHBFBJBOA8BHBFA3AlAZAOALADA6BFAvAsA8A7BGBPBPA+BCBOBMA8AvAcATAIAF
3130408,A5A+A9BEBOBCBABLBhBRBEA9AvAvAhAUANAHAEA5A2AxA/BKBHBGBWBKBGBBBMA9AuAgASAOAGAC
3130507,A7A7A6BGBWBVBPBLBHBDBCBBA1AvAhAVANAJAEA8A7A7BHBTBMBKBFBDBABBA+AyAvAcATARAHAB
3130556,BBBEBKBRBJBDBBBKBJBMA9BFA5AqAZAXAMANADBBA9BJBMA9A5BLBMBJBHBBA7AtAxAbAWAQAGAD
3130606,AxA3A9A9BABFBBBMBOBPBLBJBAA7AtAXASADADAqApAzA4BCBCBBBKBRBOBRBCBEA1AmAbANAKAC
3130655,A9A+BCBUBMBIA7BCBLBDA/BDA9AuAjAdAQALAEA5A8BBBFBCA7A6BKBJBCBAA6A6AwAoAcAQAKAJ
3130705,BCBEBFBHBTBEBEBPBVBGBHBKA2AnAhARAPAIABBHBBBAA7BABIBMBABKBCA+BBAyAoAaASAJAIAG
3130804,A5AtBJBGBMBPBABMBHBHBKBOBBA0AqAZAVAEAAAyAyA1A1BKA1BKBABJBHBDBOAyA1AkAUALARAI
3130903,AzA4A8BGBEA7A7BEBMBMBJBIBCAzAmAYAVAHAHA1AxA5A/BAA7A/BHBPBGBJBLA8AzAoAaAWANAK
3131000,AxBBA7BKBNBDBGBQBMBEA8BBA8A1AiAVALAJAAAvA/A2BBBKBGBMBPBVBDA/BCA7AyAiAWANAJAG
3131109,AzA+A2BOBEBHBBBIBNBFA+A8A8AxAmAdAOAJAFA3A4A7BJBIBCBEBNBKBHBBBCA9AxApAZAPAIAI
3131158,BCA7A+BFBXBjBjBVBYBJBDAyAsArAbARANAFAFA4BBBFBEBIBBA/BCBEBEBFAxAvAoAaAUAOAIAG
3131208,A7BBA/BDBCA7A/BIBHBEA/A9A1AxAoAYAQAKAFA2A7A6BBBDA+BEBLBNBMBHBBA8A1ArAeAUAJAO
3131307,A6A7A+BCBJBFBEBIBMBEA/A3AyAvAfARAKAGADA6A7A7BABKBKBJBPBbBLBFBDBBA2AjAVAOAJAG
3131406,A+A5BCBAA4BBBABKA5BKBLBVA4A1AuAgAXAQABAyAyA0A5A9BBA8A7BFBRBQBKA8AwAmAiAaAHAC
3131505,AyA2BCBEBIBIBEBDBNBEBRBGA9AyAjAfALAKAHA1AzA2A8A/BCA/BGBTBKBQBIA6ArAoAaARAGAF
3131604,BLBHBHBKBQBOBKBIBTA9A/A7AtAmAcAXAKAFACBIBLBHBFBNBMBPBMBKA/BBA5AsAhAaAPALAEAD
3131703,A2BBBAA/BIBEBGBLBKBAA/A9AyAoAcASALAGADA2BBA6A7BNBKBOBPBXBJBJBJA/AvAiAXASAJAH
3131802,A9A9BMBNBGBAA5BBBJBGA9A/AzAqAgAVANAMAFA6A+A9BKBNA/A+BKBWBFBDA/A5AvAlAdAYANAE
3131901,A8BCBEBCBKBMBSBRBSA/A/A1AtAjAcARAMACAEA+BAA9A/BLBLBQBQBWBIA9A/A3AtAiAUANAHAH
3132008,A6A2BHBMBYBHA9BIBYBJBJBFA7AwAjAaAVAEAFAoBDA7BGBFA7A9BJBRA8AyA8AxAsAoAgAMATAE
3132107,BBBABXBRBWBRBLBFBGBBA9A2AwAbAbATALALACBLBHBSBRBQBKBABJBCA9A3A3AvAjAbAbARADAF
3132206,A3A7A4BABMBKBEBFBUBHBHBCA9A3AgAWAMAGADA4A7A5A8BIBHBCBJBLBIBKBAA/AtAgAYAVAKAG
3132305,BLBMBWBZBSA8A6BFBMBDA8AwAlAiAXANAOAGACBQBMBQBZBTBDBLBMBGA9A4AwAsAlAYAaALAKAJ
3132404,A4A/A8A/BNBQBOBKBMBAA+A8A5ApAeATAKAGAEA4A8A5A7BKBMBKBMBLBCBDBGBBAyAlAaASAJAH
3132503,BDBGBKBUBTBOBNBSBNBBA4A0AsAhAYASAMAEAEBABDBHBSBSBOBNBSBLA/A2A1AtAiAZAUALAIAH
3132602,A2A4A9A5A+BABLA9BEA/BOBCBFA8AoAcAcAMAGA4A7A9A0A8BFBIA/A6A3BQBIBFA4AuAZAQAQAJ
3132701,A/BFBGBLBJBEBABABEA+A5A6AzAoAcATAMANAGA/BDBIBLBPBFBCBFBHA/A9BDA4AtAhAdAbARAL
3132800,AsAvBFA6AfA3A6BOBIA+BFBMBOA7AqAhAXALAEA1AxA6BBA9A7A9A/BIBDA7BVBPA7AuAlAdAVAI
3132909,A4A9A+A3BFBHBMBJBOA9A+BFBDA7ApAXANAFADA7A6A8A5A+BCBMBPBHA7A9BGBHA2AnAYATAHAE
3133006,A5A5A+BCBIBIBKBTBTBDA8A8A5AyAlATAKAFADA8A5A6BBBBBLBPBKBUBDA/BFA6AzAlATAOAIAE
3133105,AzA6BLA2BDBHBDBSBWBEBHBBA8AnAdAUANAGABA2A6A+BCA2BJBLBKBWBCBHBLA/ArAkAdARAKAG
3133204,A0A/BEBAA9A/A7A4A6BDBHBJA8A2AhAXAZAIADA8A+A9A9BBA9A4BBBEBQBOBOA/A2AwAfAZAPAE
3133303,A6A+BEBOBPBFBCBHBNBCA6A/AvAnAiAZAVAJACA7A+BCBKBHBGBBBIBKA+A+A+A2AtAnAeAUAKAM
3133402,A2A9A/A7BGBGBHBOBOBGBRBEA9AwAlAUAOAPAFA1A2A/A3A8BGBDBMBSA3BMBNA5AwAmAVANAHAE
3133501,AvAyA0A9BDBCBABDBMBIBJBFA8A4ApAeATAKAGAsAtA1A1BAA/BGBCBLBLBLBFBHA9AyAjAYAOAI
3133600,BFBDBDBDBTBRBMBUBMBCA9A2A0AqAfAWAJAGACA/A8A6BFBMBEBLBVBNBCA9A2A2AvAeAWAMAFAE
3133709,A6BGBCBEBGBFBIBPBPBHBBA7A5AwAkAVANAJABA7BCA/BABJBMBIBLBIBNBAA+A1AtAeAVALAGAB
3133758,A4A5A5A6BCBDBDBEBHA9BBBKBBA3AqAZAQAGAFAzA5A5A8BCBDBGBGBHBDBNBOBHA3AnAcAUAIAH
3133808,A4A6A3A8BKBPBQBRBSBFBEA/A3AoAdASAIAGADA1A3A2A7BLBOBPBPBSBHBFBEA9AwAiAXAPAKAE
3133907,A0AzBCBOBGBEBFBHBNBDBABKBGA3ArAaAOAHAEAwBBAzA/BEBHA5BJBEBEBAA/A+A4AeAfAUAHAH
3134004,A2BBBGBYBOA7BDBHBJBEA8A8AxAqAhAcAOALAEA8BBBGBVBPBBBHBEBJA+A6AzAzAsAnAZATALAJ
3134103,A+BGBBA8A3A+A9BFBLBIBBBGBAA2AjAdAQAPAIBABBA3A5A2A+A9A9BIBHBLBFA7AyAtAgAZAMAE
3134202,A6BCA+BBBEBFBDBIBFBCA/A7A1AqAkATAOAIAEA0A+A6A9BBBOBMBIBQBIBMBKA+AvApAbAVAKAG
3134301,AzA7A6A4BCBABHBEBQBEBMBNA9AvAjAbAPAHAGA9A4A1BJBEBCBLBLA8BIBIBEA1A4AjAeALAPAJ
3134400,BCBCA6BCBHBaBVBPBMBCBCA3AuAiAZAQAOAGADA/BJA6BABWBaBNBHBQBMA+A4AwAmAeASAMAGAE
3134509,A4A3AzBBA2BGBMA6BIBDBZBRBFA5AkAcAKANACA2AzA2A8A+BABGBJBFBDBRBNA+A1AiAeAPALAD
3134608,A2A8A7A+A/BABBBFBQBIBDBJBDA9AoAcAYADABA0A8A4A/A9A+BABEBLBGBGBCBEAzAoAbATAHAJ
3134707,A4A6BIBOBAA2A8BKBKBFBGBJA2AuAhAeASALALAyA9BJBNBCA2A9BGBBBDBABCA5AuArAcAPAOAQ
3134806,A4A9BABABKA9BDBEBMA+BABCBBA/AuAbAPAMAEA/A2A7A+A+BCBCBDBMA/BCA+A/A0AtAfAQAGAE
3134905,A+BCA9BPBEA5BMBIBSBHA+A4A8ArAfAVAOAGADA0A9BDBBBCBHBSBJBVBEBGBDA0AxAhAXAPAIAG
3135001,A4BBA+BHA0A8BKBKBOA/A9BBBIA8AmASAFAJAGA6A2A5A6BCBGBHBOBKA4BMBKBHA1AnAXAOAIAN
3135050,BHBWBfBgBSBMBRBRBbA/AxAsAbAbAYAKAIADACBZBUBQBPBOBTBNBWBXA1AxAsAeAXAUANAGADAB
3135076,BHA3BKBRA/BBA+A7BGA9BRBGBDAqAeAbAXALAHAyA/BHBDA9BAA/A7A8A9BFBMA4AyAkAeAXAJAM
3135100,BFBGBGBKBQBPBMBPBMA/A4AvArAfAYAQAIAHADBFBCBCBLBWBSBRBWBTBCA6A3AwAjAdAUAJAIAH
3135209,BGBOBPBRBNBKBGBKBCA3A2AwAwAnAdAWAMAGAFBGBLBMBOBKBJBJBNBFA5A4A4AwApAgAXAPALAJ
3135308,BLBJBGBLBBBGBFBQBSBMA/A5AzAuAdAVANAAAFA7BBBEBFBCBKBQBNBABMA9BBArArAkANAJALAB
3135357,BDBBBBBNBLBLBKBLBSBBA+A2A7AqAjARAXAGACA7BABJBOBFBJBCBTBHBBA8A1ArAoAiAYARAGAG
3135407,A1A3A4BDBKBHBHBEBMBEBSBAA/AyAqAVAPAFACA1A9A8A8BABCBABIBPBMA/BKA6AuAqAYAVALAE
3135456,A7BDBOBbBJBGBHBYBNBBA6A0ApAgAaAPANAIAAA6BKBIBXBLBEBRBOBFA/A2A5AxAiAjAYARANAI
3135506,A6A4A/BDBGBIBDBNBPBDBFA5A3AyAkAaAQANABA3A5A7BDBBBDBEBKBIBFBBBDA0AzAnAfAbAHAJ
3135605,A4BCBDBEA1A/BDBGBJA+A/BGBFA1AjAaAUALACA0BABCBCAwBDBIBIBEBKBIBHA8A0AiAYAUAMAJ
3135704,AzA2A6BFA+BCBEBSBKBGBJBCBDBBAqAVATAKADA3A3BCA4BBA6BGBGBDBHBABDA4A3AjAdATANAI
3135803,A/A/BIBSBMBEBBBGBJBDBBA9AyAsAjAaAQAPAFA+A9BGBNBKBEA/BFBEA9A5A2AyArAkAaAXALAM
3135902,A2BFA0A2BJBUBFBJBMBLA/BIBHAzAmAbARACAFA3BBAzA1BCBIBEA+BGBCBFBHBBA0AnAZARAFAE
3136009,BFBJBSBZBGBDA/BDA8BEA8A6A2AnAfAZAQANADBIBFBGBVBHA+BAA8BCBAA6A4AuAsAkAeAVAMAH
3136108,AtAyAzA4BBA3AxA5A9BVBPBVBLA9AsAcAkALAIAnAvA3A3A0AwA3A8BJBJBRBPBFA8AxArAbARAR
3136207,A5A9A8A/BKBKBHBJBLA8A8A+A2AnAdAUALAIAEA3A6A6A+BKBJBKBMBTBFBHBKBBA0AoAbARAMAH
3136306,BGBBA/BLBSBLBNBRBPBGBCA+AxAmAbASANACAAA+A+BBBIBMBNBMBNBLBHA/A7AwAlAbASAPAEAD
3136405,A7BCA/BJBCA9BABQBFBBBBBIA7AwArAaAVAFABAzBBBFBIA7A4BFBHBAA5BHBEA8AtAwAaATALAL
3136504,A/A/A/BVBUBRBGBBBHBABBA9A0AlAhAWAUAJAHA9BAA/BMBJBMBBBCA+A+A7BAAvAnAjAZAXANAK
3136520,A4BHBLBRBSBIBFBaBUBOBCA2ApAkAdALAMADAAA6BBBABPBLBABMBUBQBIAzA6AwApAcAZARAEAA
3136553,A1A9BHBHA6A+A+BJBNBFBDBDA4AtAjAfAMAMAHA4BNBGBDA/BABEBVBFBDBDA6ArAxAlAWAQAYAJ
3136579,A9A+BfBqBlBJBFBTBPA1AyAtAzAlAdAOALACADA9A9BTBfBOBEBDBRA5A0A3A1AxAkAYAUAWAHAH
3136603,A+BDBCA9BEBEBABGBOBMBJA8A6AuAjAZAVACAFA9A+BCBEA4BEBHBCBNBJBGBCA9AwAfAVARALAD
3136652,BCBHBHBNBSBNBNBRBRBFA/AyAqAmAaAQAFAEADA+BIBABIBKBKBRBSBSBDA/A2AxAmAcAQAJAHAE
3136702,AyA4A5A5BKBMBLBIBJA8A9A7A2AtAeAUALAGAEAxA1A3A8BNBOBPBLBTBFBHBJBFA5AsAeASALAK
3136801,A1A7BCBDBCA7BKA8BgBNA9BFA7AxAmAYAPADACA/A4BCBDBHBEBHBEBPBIBGA/A4AoAwAVAOAEAE
3136900,A6BCA8BKBMBNBYBMBUA4A9A9AzArAjAUAKALACA9A/A4BGBNBTBaBSBKA8BCAzAvAwAaAPAQAHAB
3136959,A/BIBWBhBOBJBJBNBLBDA4A0AvAnAeAVAPAHAFBIBABNBYBOA9BFBKBFA1AwA6AnAvAaAVAJAHAG
3137007,BBBKBMBfBOA/A/BIBKBAA4AvAtAoAgARANAEAGA6BBBVBkBNBEA/BGBKA7A2A7AyAnAgAZAPAPAK
3137106,AuA4A1A8A7A1A3A+BKBRBTBOBTBBAwAjAWAHACArAtA7A8AwAwA5A5BOBUBOBNBCA8AxAgAYAJAE
3137205,A+A5A/BCBRBYBRBGBOBDBDA4AsAoAZAPAKAFADA7A1A4BCBJBWBOBOBSBJBIBBA7AsAbAYAOAKAD
3137304,BCBEBRBWA7BHBFBFBbBKA/A1A4AkAnASAOAFAGBFA8BFBDA2BEBCBRBTBCA7A1AwApAnATANAHAM
3137403,A/BCBABJBSBJBPBOBWBBBFA9A3AlAfAWAIAFAFA4A/A+BLBKBLBGBGBMBBA8A8A5AnAcAVATAGAD
3137502,A3A5A2BKBKBJBGBGBHBFBLBDA3AyAgAXAQAIADA2A1A9BBBIBIBDBFBIBHBMBEA6AuApAbATAKAE
3137536,A7A8A/BQBOBKBQBKBOBIBQBBAzAnAhAUAMAHACA+BBA9BGBLBIBFBMBCBMBCA+AzAiAZASAQACAE
3137601,A9BEA8A8BCBEBMBTBcBBBAA3AvAjAbATAJAEADA6A/A6A+BHBNBRBdBgBIBDA/A3AqAeAVARAHAG
3137700,BHBGBNBGBNBIBIBUBSBAA8AzAvApAdASALAFAFBDBBBDBFBNBGBKBPBMBCA8A2AxAoAdAUATAIAE
3137809,A1A2A4BHBIBGBDBJBLA/BBBBA9AyAnAaANAHAEAyA2A8BDA+BFBEBIBNBEBGBGBEA2ArAcARATAA
3137908,ApA1A7BMBJA7AzA6BPBHBXBCBEA2AqAcARAPAAAqAuA+BDBRA5A5BJBUBAA9BLA/AyAuAfAXAQAD
3138005,AvA2A9A8A9BAA6BDBMBEA6BFBBA/AvAjAUAHAEAvAwA1AyA8A4A3BKBUBGBIBHBKA/A1AjAUASAL
3138104,BBA8BEBRBPBGBMBEBIA8A5A/A6AyAeAXATAJADBAA7BDBMBNBDBHBHBHA+A4BCA4AsAiAUAOAOAC
3138203,A3A8A3BDBRBQBNBMBOA7A8A4AzApAbASAKAGACA3A9AzBBBXBUBQBTBQBDBBBBA7AyAjAYATAHAG
3138302,BBA9A1BJBEA/BOBCBKBHA6BEA4AtAuAdAVALADAxA8BDA6BMBCBKBFBOA8BKA9A7AvAgAYAdADAF
3138351,A3BCBOBSBMBIBGBRBKA7BGBFAvAkAUANANAFACAzBDBEBYBIA+BKBSBNBHA7A6A3AtAgAUASAGAG
3138401,A3BBBABCBCBDA8BFBFA6BCA/A0AxAkAVAQAIAEA3A5A8A8BEBDBFBLBSBFBGBBBBA6AvAkAVALAJ
3138500,AkAxA2BJBBA5A5BBBFBTBMBNBPA5ArAiASAQAGAsAqAyA9A8ArA2BABSBGBVBPBFA1A4AnARAKAJ
3138609,AvA9A+BABKA/BDBCBNBBBJBFBEAwAnATARAHAFA5A7AzA2BGBEBKBDBIBIBFBJA6A3AoAcAWARAC
3138625,BGBLA4A/BGBSBKBaBSBFBABAA5AnAYATAJAGAEA6BEBABDBMBSBPBMBQBHBDA9AuAbAaAOAJAGAF
3138658,BGBFBMBQBKBLBJBMBKA6A1A8ArArAjAVAPAIABBCBFBBBJBNBHBFBXBIAxA3A0AzAuAhAdATAEAH
3138674,BIBIBEBMBRBIBVBXBGBFA/A4A3AjAdASAMAKABBDBMBABMBKBHBGBLBJA1BGA0AxAiAYAQAPAJAD
3138682,BDBGBXBbBOBOBABIBOA/BBA2AuAlAbAUAKAIACBBBCBLBXBRBEBHBOBCA8AzA0AtAjAcAYAQAGAI
3138708,AyAzAqBSBCBOBCBKBJBGBMBJBIA1AtAeAQAFADAmA+BGA8BBBEBBBJBABJBRAyA4A0AqAdAPAFAD
3138807,A3A4A6A7BKBJBLBFBGBABEBCA5A1AnAZAOALACAwA1A3BABBBKBKBGBJBCBNBHBCAzAnAfAYAIAE
3138906,A3A+A6BTBFA6BEBOBKBFA/BAA3AxAkAbARAKAKA8A+BBBFBCA9BBBHBHBHA8BAAzAvAkAgAQAUAJ
3139003,A9A7A/BHBNBKBIBIBNBABAA8A4AsAgATALAGACA6A5A/BEBNBKBLBPBJBEBCBBA7AvAjAWATAKAD
3139102,A8A1A7A5BWBRBKBFBFBEBBBMA+AwAhATAMAJAAAvA5BBBDBDBHBFA/BPBHBDBKBCAvAgAYASAOAF
3139201,A8BBBEBHBKBEBHBIBABEA+BAAzApAfAYAQAGAFA5A9BDBKBNBJBGBBBIBDBEA5A4AsAmAdAVAOAI
3139250,A5A7A2BDA4A2AwBFBSBIBLBDBJAzArAoAVAOAFAsAtA6A0A4AxA2BPBPBBBEBQBHAzAtAoAWAbAJ
3139300,BFBHBMBZBSBJBHBLBIA6A5A4ArAmAaASANAIADBHBHBOBVBOBLBDBCBJA7A7A2AwAlAeAWASAJAC
3139409,BFBHBHBLBQBPBPBOBNA7A6A0AqAiAYAPAKAFADBBBBBDBIBWBSBPBSBOA/A9A4AtAoAfASANAIAF
3139508,A7A9A/BQBOBIBDBHBNBFA7A9A3AqAfAVAPAGAAA/BAA+BHBHBIBCBLBOBABBA/A5AvAjAYARAPAE
3139607,A/A4BNBEA7A4BHBFBGBDBEA6AvAzAgAWANANAHA5A/A5BDBDA9A7BKBQBNBMA7A6A7ApAfAUARAJ
3139706,A9A7BEBLBGBSBJBJBJBGBGBDA6ApAeASANAGADAxAzA/BMBKBGBOBKBLBJBHBDA0ApAaAXAUAGAA
3139805,A9A9A3BBBFBHBHBEBIA6BBA7A7ArAiAWAUADACA9A9A3BBBMBTBLBNBFBABDBGBBA0AnAaAUALAG
3139904,A/BEBCBABNBEBKBIBEBDBEBEBAAvAhAWAMAEAEA9A7A9A/BBBKBFBDBDBGBIBCA6A1AjAZAPAHAD
3140001,BABHBDBFBPBRBQBRBPBCA4AxAtAiAYAOAJADABA/BCBBBFBQBSBWBWBTBEA8A5A0ApAcATAMAIAF
3140100,A+A7BHBQBWBGA9BHBKA6A+A6AxApAZAVAMAIAJBDA+BFBHBKBJBGBEBDBDA+BEAyAwAiAfASATAH
3140159,BEBMBCBJBRBTBTBRBPBAA7A1AoAkAWAOAGADADBFBHBFBCBQBTBOBRBRBGBCA8AtAiAYAPAIAGAF
3140209,A+A0BEA4BABIBABGBHBFBEBGA/AvAsAYAEAXAGA1A6A4A8BCBLBCBDA+BMBEA/BDA2AuAWATANAL
3140308,A2BABHBAA9BIA4A9BQBDBCBJA/AzAnAcARAFAJA4BCA8A+A/A6A9BGBRBHA9BMA6A2AoAaASAJAK
3140407,A9BGA6A7A4BQBCBPBJA+BKBSA+AwAjAUAMANACA/A7A7A3A7BCBIA/A5BUBEBbA4AvAnAZAPAFAD
3140506,BCBHBHA9BBBGBKBHBIA8A+BEA/AwAjAYALALADA2BCA6BDA3BIBUA7BIA9BFBFA6A5AeAcARAOAF
3140530,BNBHBEBNBRBCBIBOBQBAA3A3AwAnAjASAQAEABBGBGBDBSBGBMBOBMBJBFA3A5AoApAdAUALAJAE
3140555,A5A5BDBKBZBKBEBMBJBKBGA8ArAjAdAaAMALACA7A9BDBLBbBNBIBMBJBGA1A5ArAoAdAZAQALAJ
3140605,A/A8BEBEA9A5BABLBBBLBEA6A9AxAlAXAUALADA1A5BDBTBEA8A2BIBGBFBCBCBAArAlAdAcANAR
3140704,BBBHBHBJBIBJBNBQBPA9A7A4AvAmAdARAJAFAEBBBBBBBDBMBLBRBUBNBDA7A9A1ArAdATAMAIAE
3140803,AyA+A7BCBQBDBGBGBHA/BCBGA8AxAjAXAQAGADAyAyA3A7BKBFBFBIBPBFBGBHBGA0AoAbAJAQAN
3140852,BJBPBXBhBPBCBMBQBMA8AwA2AoAfAaAQANADADBTBPBWBbBQBFBFBNBIAvA2AxApAgAZAQAIAMAC
3140902,BGBGBIBaBaBLBFBEBTA1A3AvAxAjAUATAMAIADBIBKBLBWBTBJBIBKBNA6A+A2AvApAdAQALAFAG
3141009,A4A8A9BAA8BDBGBHBSBDBCA8A4AqAlAXAKALAEA5A+BABABHBDBIBRBJBJBLBAA6AxAjAdAYANAD
3141108,A6BDBEBKBHBPBGBMBRA/A/A7AtAmAYAPAHAHACA6BCA9BHBIBJBYBNBUBHBFBKA1ApAdATAQAIAD
3141207,A8A0A1AwBBBMA7A8BAA9BGBOA8A7AqAiAfANAEA0A5A8A6A+A8A8A1BHBJBFBGBBA8AwAnAkALAH
3141306,A+BGA7BFBNBNBTBMBWA7BMBFA2A1AgAbALAEAAA7BDA/A7BHBUBOBHA7BCBBA/AvAnAWAPARAFAH
3141405,BEA/BLBMBKBBA/BBBKBCBFA9AvApAiAbASAMADA9A6BGBLBJBEBFBHBFA9A6A3AxAtAnAfAXAPAI
3141504,A0AyBABCAtA7A3A5BIBQBVBHA6AvAuAfAcAJADA1A2A5A8A+AxA0BIBQBIBXBHBEA7AuAjAeAPAE
3141603,AsA4A/BABEA9BJBHBNBEBDBGBAA2AoAYAVALACAtAxA5BCBGBFBDBFBGBGBFBKA9A3AnAfASAOAJ
3141702,A3BCA/A/BAA9A/A+A/BLBEA9A/A6AqAmAQAOAHAuA9A8A6A6A6A6BHBJBEBDBLBHA2AwAfASAOAJ
3141801,A5BEBLBZBQBKBKBTBQA+A1A6ApAlAaAQALAEACA5A/BHBWBMBGBJBNBNA+A6A9A1ArAeAVAUAHAF
3141900,AzAyA9BBBRBBBCBDBCBJBLBMA/A1AtAcANAAACAvA7A9BHA6BLA/A9BOBIBCBABEA4AoAQAZAJAJ
3142007,A/A8BBBIBMBPBQBJBJBDA8A6A1AoAgAYAMAJAFBCA/A7BFBNBPBJBLBCBDA6A8AxApAmAYASAMAG
3142106,AzA2A6BEBFBFA+BHBMBJBJBHA6A2AkAXATADAHA4AyA/BDA9BEBLBIBUA9BLBCA6A4AiAXAUAHAL
3142205,A/A7A9BABJBKBCBDBGBFA/A/A5AwAnATAOAJADA7AwA+BABMBJBFBMBGBFBGA/A+A1ApAcATANAD
3142254,BBBABSBYA/A6BABEBKBGA+A9A7AsAdAcATADADBDBIBHBSBKA9BDBDBFA4A/A6A6AkAgAbAPAOAH
3142304,A4A4BAA7BCBCBCBABPA+BEBDBFAyAuAcASAKAEA7A1A1A2BDBDBFA8BTBFA/BJBBA0AoAaAXANAN
3142403,A2A0A8BBBOBABIBIBPBMBLA7A0ApAkAWAKAIAEA1A2A9BIBKBFBJBOBTBIBABIA4AtAkAaARAIAH
3142502,AgA5A5BRBQA0AzA8BSBUBEA6A3A0AsAbAhAKAFAyA8A6BFA5A8BGBVBCBIBOBGAtA4AkAqAWAKAE
3142601,A9A9A+A/BKBHBCBMBTBBBCBCBBA5AnAYAMAJACAzA0A+BCBCBGBCBIBMBEBBBDBAAxAjAXARAEAH
3142700,BCBABOBSBGA+A8BNBKA8A/A9A2AnAiAeARAJAEA7BDBGBMBIBAA/BGBGBBA9A+AyAsAmAgASAHAJ
3142809,A/A+A/BBBABDBEBJBMBFBFBCA6AuAnAYARAIAHA0BCA/A/BGBBBGBEBOBEBEBEA6AuAiAaANAKAN
3142908,A7A7A9A9A2A8BFBPBPBDBEBAA9AvAoAeAVAJAGA0A6A7A9A6A9A8BTBNBEBDBKBCAxApAfARAUAF
3143005,AyA4A2A/BKBLBIBLBNBJBBBDBEA2AqAaAQAJACA1AwA4A8BIBKBFBHBJBDBHBFA6AvAjAZAPAMAI
3143104,A5A+A+BABPBLBJBOBUBMBAA8A4ApAhARALAFACA+A7A5BCBGBOBGBDBOBLA+BDA8AtAhAXAQAKAD
3143153,BABJBWBxBhBEA4BJBSA4A5AzAvAoAfAbASAHADBDA7BIBcBPBBA6A+BGA5A2AwArAoAdAVASAJAJ
3143203,A4A3A3A+BEBIBMBKBGBEBABDA+A2AnAZAQAHAIA6A6A2A7BFBABCBHBIBDBFBCBAA6AqAeARAMAH
3143302,BDBEBABHBTBSBQBPBPA/A4AwAnAeAXAOAIAEACBBBAA+BIBYBVBVBVBVBGA/A4AwAmAdAUAMAHAF
3143401,A3A7A+BBBHBGBQBRBTBEBBA8A6AtAdAUAOAEACA2A2A8BCBCBFBRBRBXBKBFBBA9AuAhAUALAFAJ
3143450,A+A8BHBWBEBABBBNBTBFBEA6A2AnAeAUAMAKACA7BHBCBVBNBABABOBMA9A8A2A0AnAhAZAQALAI
3143500,AyBJA8BHBKBXBSBRA/A3BPA/BKAiAgAbAKAJACA8A5A+A/BHBLBKBGBABNBBBOAxAlAjAUAKAHAC
3143609,A9A/BDBWBIA+AxBRBKA8BDBCBBAsAtAeAQAPADA6AwAzBHA6A+BBBbBDBABDA/A9BAAeAdATADAE
3143708,A0A8A5BJBABEBFA6BDBCBHA/BHAtAkAdARAIAHAvA6A2BAA8BKBNA7BHBHBGBEA9AyAoAgAVAWAQ
3143807,BEBIBCBGBPBIBIBSBGBDBIA9A/A0AhAUAKAFACA5BBA6A9BEBFBEBGBLBAA6BHBCAqAgAVAKAFAC
3143906,A6A8A6BBBFBHBKBOBOA/A8A7AyArAgATAMAGADA3A9A5A/BIBMBOBTBRBGBFBCA+A0AmAYAQANAG
3144003,BEBEBBBIBIBDBDBNBKBMBAA8AzAtAiAZAOAGAHBBA8BBBEBEBABEBLBLBDBAA8AzAsAjAZARALAG
3144102,A4A7A8A+A/BIBHBJBNBBBCBBBDAzAoAZAQAHADA2A3A1A8BDBDBHBGBOBEBGBGBEA1AlAbAPAMAH
3144201,A7A8BLA/A0AqA6A/BMBDBQBNA2AqAgAhAVASAEAxA6A+BOBIBABDA8A/BFBFBMAyAyAnAqAcAOAO
3144300,A7BBBEBGBAA8A9BIBPBBA9A8AyApAdAWAQAHAFA9A+BEBCBBBDBGBQBUBEBBBCA7AwAoAhAXAKAJ
3144359,BQBNBNBBBBBHBPBQBKA1A6AxAwArAfAOAIAHACBPBBBFBMBEBRBPBHBCBBBHA4A0AmAgAXAQAIAF
3144375,A9BCBDBYBXBQBKBMBPBEA/AxBBAiAkAMAOADAABFBCBFBDBQA8BMBOBSA+BEA8AuAfALAZAVAIAA
3144409,AsAxA6A4A9A3A+BCBQBIBKBXBMA+A3AjATALAHAqAvA1A2A3A1A9BDBFBDBNBCBNA1AxAfAaAOAK
3144508,A4A7BBBHBSBLBDBDBOBIBNA6A/AyAdAaAKAIADA7AvA5BBBIBIBABFBIBCBKBIA0AvAiAaAMASAG
3144607,A1BABBBBBKBFBEBFBQA/A9A3A8A2AkAYAQAGADA3A6A4BGBLBABIBJBSBEA9BBA9A4AlAaAVAIAH
3144656,A8A8BBBPBZBWBPBLBXBCA9A4AuAmAjATAMAGAGA5A1A/BPBQBHBHBKBHA+A5A2AwAmAnAXAKAQAH
3144672,BGA9BKA+BBAzA3BJBKBTBPBNBBAyAqAJAVAMACA6A+BFBDA1A0BCBMBMBMBKA/A5AsAgAhAMAFAB
3144706,A2BCBDBKA7BFBDBABKBEBAA/A3AtAcAWAMAGAEA6BDBCA/BFBEBGBOBQBABJBGA+AwAiAeAVALAI
3144805,A8BHA+A7A/BEBJBSBZBJBAA2AzAlAfATAJADACA4A/A/A5BABDBNBcBiBNBFA8A5ArAiAZALAKAE
3144904,A5A/BFBCBCBGA3BFBPBHBDBHA3AuAdAgASAIADA+A8BGA2BJA8A7BFBDBEBEBFAzAyApApAUAMAN
3145000,BFBFBMBPBSBNBOBTBXBGA9A8AnAfAbAKAGAEAFBABFBHBEBPBSBSBPBPBIA7A3AsAeAWAQALAAAD
3145059,BDBIBFBGBUBMBMBKBVA7BBA8AuAeAbAUAMAFAEBIBDBLBIBIBLBPBLBNA/A6A4ApAhAjAYAMAHAD
3145109,A/A9BCA9BOBRBPBRBNBABJA6A2AyArATANALADA6A8A8BABGBJBJBCBBBIBBA4A+AuAfATAMAKAD
3145208,BSBMBIBRBjBmBkBfBRA4AtAkAcASALAIAEACAABTBKBFBMBiBnBlBeBOA7AwAnAdAWANAHAFAEAB
3145307,BABEBTBaBLBBBCBKBJBDA8A4AsAjAbATAKAGAGA/BEBSBYBIBCBHBKBGA7A3A5AwAqAgAYARAOAG
3145356,BGBDBEBPBGBIBEBBBKBEBCA3ArAtAlAeAbAHADBDBGBCBOBIBCBBBEBGA7AzA0AxAtAoAeAPAQAI
3145372,A/AzBJBWBHA8A/BNBRA/A7A6AxApAkAbAbALAFBBBFBJBOA+A1BCBGBJAwA7A9A5AwAjAgAhAIAM
3145406,AzApBEA9BGA5BDBABWBKBUBJBKA8AvAbAUALABAlBHA0A7A6BGAyA2BMBCBOBLA2A6AwAhASAHAA
3145455,BJBKBOBcBOBJBTBYBIBEBEA1ArAfAeASADAFAFBEBLBIBNBHBFBKBTBDA6A3A0A0AkAUAMANAGAE
3145505,A0A0A7A3BNA0A9A/BLBBBRBCBNA5AxAYAPAKAEA4A9A2A8BFA+AzBJBVBMA8A4BPBBAoAeAQAJAG
3145604,A1A2A3A9BIBFBFBHBTBIA+A9A+AvAgAYARAFADAuAzAyA7BFBGBMBOBPBIBLBJBFA3AiAcAVANAL
3145703,A7A1A5BBA+BAA2BGBCBIA9BIBDA6AmAeATAGADA9BKA1BBAwBRA2A8BJBGBOBQA4A3A5AdAPAMAB
3145802,A1A5A9A6BIBBA9A9BOBWBcA/A7BAAfAbAPADAFBAA7A7BBBBA9BAA8BSBEBNBBBHAsAbAcAWAEAI
3145851,A9A/BMBSBBBJBABSBXA/A5A6A3AtAcAXAQAEABA4A9BFA+BQA5BHBRBRBDBCA7A5AsAcAaASAHAG
3145877,BJBHBEBKBUBLBIBKBNBEBCA7AxAmAcAQANAHACBFBMBGBOBFBNBHBNBJA/BBAwAtAiAbASANAHAF
3145901,A9BGBBA9BKBLBVBWBWA7A1A0A2AuAcAPAFAFABBBBAA/A7BKBKBUBYBcBAA+A9A9AuAcAPAIAIAD
3146008,A0AzA6A6BBBHBFBFBNBGBHBIA+A2AmAbANAMACAzA0A5A8BDA/BEBHBLBIBHBLBDA2AqAeATAKAH
3146107,A4A8A8A+BPBUBQBMBMBDA7A6A0AqAcASALAEAEA2A6A5A+BOBMBLBOBPBGBFBHA7AvAiAYATALAG
3146206,BIBCBQBRBLA4BEBMBKBBBAAwAzApAeAUAOAJAGBCBBBCBKBGBPA7BIBHBDA4A4AzAwAiAeATAPAG
3146255,A8BKBTBlBQBEBMBTBVA5AzAoAqAhAVAOAMACADA/BTBZBpBKBOBPBJBGA8AwAoAnAoAfAXAKADAI
3146305,BKBJBKBaBPBEBCBJBBBDA3AzApAjAdAXAVAFADBFBGBCBOBRBMBGBDBJA7A7AzAxAsAdAbAVAOAG
3146404,AwAvAzA7AtA5AvBBBDBIBOBSBQBCAyAnAWAOAHAlAwA4A2A0A+A2A7BBBFBZBRBSA+AzAkAaAPAG
3146503,AmAyA1A+BDBLA7BIBTA5BNBTA9BCAmAdANAJADA4A3A1A/A/BAA/BSA5BHBHBZA9AvApAfARANAI
3146552,A/A+BLBVBIBHBHBNBWA5A/A8A7AdAeAXATAGAEA6BEBHBOBABHA3BLBPA7BFA7A1AuAfAWANAJAG
3146602,AgA7A0AvAwA5A3BCBABRBHBXBVA+AyAjAVASAKA3A0AwA1A+BFA0BLA9BHBEBQBNA+AiAjAVANAL
3146701,A2A5A7BDBEA4A/BLBFA/BBBKBFA4AuAfATAFAFAwAxAsA7BFA6A6BBBMA+BGBTBFA1AzAoAdAKAF
3146750,BBA+BABKBCBEBHBMBKA/BCA/A0AvAqAbAVAEAHA+AxBBBHA7BEBBA/BGA+A+BBA5A5ApAaATAPAK
3146909,A9A9BHBPBTBPBRBJBFBIBGA5AwAkAYASAFADADA+BDA+BLBUBVBJBJBKBIA/BCAxAjAZAOARAFAF
3147006,BHBIBFBKBPBVBYBTBNA/A8A0ApAfAUAMAGAGABBHBIBABIBQBZBbBQBOBGA+A0ArAfAVAPAIAGAF
3147105,A6A/A3BBBTBSBQBPBUBDA9A6AzAkAXARAJAGACA4A8A5A8BOBTBTBQBQBDBDA/A1AtAgAaANAKAG
3147204,A7A9A9A/BJBEBNBOBHBEA/A8A7AvAlAaARAFAGA8A8A5A9BFBGBLBLBHBBBBBFA3AuAoAcAaAIAC
3147303,A1A4A6BDBHBIBHBJBNBHBFBDA5AxAjAZANAHADAyA0A+A6BHBGBFBNBNBLBCBHA+AzAkAbATAMAB
3147402,A7A+BDBGBOBMBMBIBGBDBDBBAyAoAZAQAHAHABA6A/A7BFBOBQBQBOBMBEBEBGA3AqAfAUAOAJAE
3147501,AxBDA0AtA1AnA2BHA+A3BKBSBAAvArAtAXANAQAsAyAuBLApBLBIBHBCA+A8BSBHBJA2AiApAUAK
3147600,A2A2A1BABJA+BHBHBPBLBPBBA6AwAiAWAKAGACA0A8A9A6BBBBBHBDBXBJBPBHBAA7AlAYAQAJAE
3147709,AqAzA4A6BEBEBFBGBKBLBIBKBDAzAoAeATAKADAsAwA0A3BCA/BCBJBEBFBPBPBCA3AuAgAVAQAH
3147808,AzA7A8A1A9A4BJBEBHBTBSBTBKA7AmAhAOALAFAuA2A5A5A2BAA1BABOBFBHBFBKAwAoAbATANAI
3147907,A9A8A9BEBNBJBHBGBIBABBA7A4AsAgAUANAFACA5A/A6A9BNBLBNBHBQBFBIBEA7A0AlAXAQAHAF
3147956,A8BDBIBUBJA/BEBKBRBGBDBCAuAjAkAcAJAIAGA2BCBPBMA6BJBGBIBNA+BBA6ArApAmAcANALAG
3148004,A5A7A5A+BQBRBNBKBNBEBBA7A1AoAcASAKAGADA2A2A4A/BPBQBQBOBSBIBLBBA5AuAiAXAQAJAF
3148103,A+BDA/BEBRBUBTBNBPBEBCA7AxAnAaAQAKAFADA9BAA8BCBMBLBPBPBNBCBCA8A0AoAdAUANAHAF
3148202,A6A9A4A4BKA6BIBFBFBEBCBCA2A6ApAeARAKAEA3A5A0A+BCBABBBFBUBABBBCA/A2AvAkAVAQAG
3148301,A0A2BEBFBMBEBDBJBQBHBEBDBEAyAnAVASAIAHA4AyA9BDBCBEBHBEBBA9A/BCA7AxAnAbAVAOAH
3148400,A/A9BBBWBHA+BEBABCA5A8A/AzApAjAfANAIAKA2BCBFBQBCA5BGA7BDBFA8BEA9A2AlAiAUAVAO
3148509,A9BEBEBQA/BAA/BCBPBFA9A9A1ApAlAaAOAPAKA/A+BBBFBLA/BFBEBFA8A9A6A0ApAoAmARAQAO
3148608,A5A7BJBMBQBLBLBPBPBAA8A7AtAnAcATASAHAEA5A7BABJBOBIBJBNBHA8BBA6AvAtAhAbASANAN
3148707,BNBCBJBFBPBUBRBEA/A0BHAxAqAfAeAUARAHADBKBDBEBLBOBEBYA7BKA9BGAnApAxAqAYAPANAL
3148756,BOBCBIBYBaBPBMBTBVBFA6AuAwAlAWAOAMAFADBIBHBHBUBTBDA/BWBNBCAxAzAnAoAUAOAGAHAE
3148806,AtAzApBFBDA7A0BGBFBFBKBFBEA/AvAnASASAFAkAzA5A+A7BIBAAzBJBGBIBCA+BIAxArAMAYAL
3148905,AvAxA0BFBGBHBMBDBPBOBKBQBBA5ApAcAWANAEAwA1A7A6A3BAA+A/BRBDBDBGA5A4AqAXAOAOAF
3149002,A5A/BIBLBUBJBGBBBIBDBRA2A7AoAdATAMAGAEAqBFBBBHBRBRBMBNBIBLA3A2AyAnAtARATAGAD
3149101,A0A1A8BDBLBDBCBBBNBGBFBNBAA5AqAZARAIABA4A7A7A7BGBFA6A/BCBBBOBFBAAwAqAYAUAIAI
3149150,BHBQBRBRBKBHBFBVBKA/A1A+A0ApAfATANAGACBBBFBEBMBFBFBFBMBCA5BBA6A0AnAdATAQAFAE
3149200,A7BEBMBIBRA8BEBEBEBNBLBLA8A1ApAcAJAGAEA0A0A4A5BBA5BBBCBKBGBIBKA5AvApAWAOAJAD
3149309,A5A7A1BBBEBJBNBIBVBEA+A7AyAtAdATAIAGADA3A6A5BABIBJBNBRBbBHBCBEBAA1AiAYASAJAJ
3149408,AnAsA5BBBJA8BBBCBNBYBJBdBIAuApAcAVAKACA2AnBABABABAA5A/BTBaBSA+AyA0ApAiAKADAF
3149507,A0BFA2BEBDBJBFBCBGBFAsBFA5AwAhAVAQAHABAsA/BFA9BMBMBABSBQBPBABJA6AxAsAjANAMAC
3149606,A2BHA5BIA9BFBJA7BFBPBHBNA8AzAiAaAJAOADA5BDA4A2A7BGA9BABNA9BJBAA7BAAiAeAMAYAE
3149705,BJBIBOBKBQBSBZBTBGBAA8AwApAfAYAMANAHABBMBGBCA/BQBaBTBRBLA/A+AzAqAgAVAUAMAEAD
3149804,BIBGBBBFBcBaBRBOBeA/BAA7AtAqAVAPAGAFACBOBGBIBGBSBaBGBPBIA/A3AwAoAfAVAOAIAEAB
3149903,A7A4A6A9BHBHBKBKBMBEA/A8A6AyAjAXAVAGABA1A+A5A9BFBNBJBJBOA/BGA/A8AzAmAbAXAJAH
3149952,BFBIBKBLBKA+A6BJBHBABEA2AzAsAfAQAQAGAEBHBLBFBOBHBFA8BJBFBKBCA9AzAsAgAYAVAHAE
3150000,A/BGBJBJBCA8A3BEA3BAA/A6A5AxAnAjAXARADA0BBBCBNBCA6A/A9BOBCBBA/BAAyAmAgAXAPAJ
3150109,AsA5A7AzA7A5BDBIBEBIBUBIBQA7AvAkAaAIADApAzBAAyAuA0A+A5BPBIBKBLA/BAAuAfAXAVAH
3150158,BGBBBJBPBYBNBEBIBMBKBBA/AuAlAcAQAHAGAGBDBCBDBMBKBEBHBLBPBKBCA3AmApAcARAQADAE
3150208,BDA7BHBUBIBRBFBIBLBBA1BCAyAkAeAQAQAFAHBCA/BEBBBGBPBQA7BNA+BCA/AuAxAbAeARAKAG
3150307,A6A1AzA8BCA5BCA6BLBGBPBTBGA+ArAZASAKAEAzA0A1AxA+A/BAA1BHA+BJBPBJBAArAfAcANAJ
3150406,AuA1A+BDA9BHBBBBBRBHBNBQBHA3ApAcAVAKABAtA2AvA/A7A5A7A9BJBUBNBJA8A1ArAeAUAHAJ
3150505,A6AwA5A3BHBVA/BFBPBJBMBLA9A0AnAdANACAFA0A5AiA9A/BDBIBCBIBKBKBLBLBBAdASAVAJAF
3150539,A9BIBNBMA8A+A5BNBNBEA7A3AyAqAkAZAOAGADBDA7BFBQA+A7BFBMBVBKBGBAA8AvAgAYAPAHAE
3150570,BGBJBMBfBOA7BFBUBLA6A2AwAvAsAiAZAOAIAHBEBIBRBhBAA+BDBOA8AyA3AwAuApAkAZAOALAG
3150604,AyAxAyA4BDBLBCA8BLBGBTBOBGA4AmAbARAJACArAyA4A9BDA6BEBIBGBJBRBHBHA4AnAcARAMAG
3150703,BCBLBFBOBGBSBSBeBRBJA5A9ApAqAXANAJAEAGBCBDBEBHA9BMBOBbBTBDA1A0AnAlAYAUAKAJAC
3150802,A0A3BIBIBPBMBBBHBIBFBIBCA/AvAfAXATAIADA2A1A9BHBKBGBFA9BDBAA/BBA4AwAnAbAUAJAO
3150901,AzA9BNA9BAA/BBBIBSBHBHBIBCBBAkAaARAGAFA1A0A9A4BABBBDBFBTA8BDBJBBAzAkATAPAHAI
3151008,A8BABCBEBEBFBKBKBQBJBHBBA7AzAdAXAOAIAEBCBAA5BAA5BBBLBRBMBABHA7A5AtAcAUATAHAE
3151107,BCBCAxBBA9BCBABDBSBHBKBBAwA0AjAVALAFADA5A2A0BBBTBEA7BJBWBJBFBGBFA1AnAfAOAIAI
3151206,BGBHBMBFBKBJBMBPBQA7A7A0AsAjAbAPAKADADBCBGBFBHBCBKBNBXBVBHBAA4A1ArAdATAOAHAF
3151305,AyA8A9BJA+BAA/BLBJBABJBFA9AzAlAbAQAJAFAwA0A8A8A/A+BMBMBMBGBGBJA9A0ArAbAVALAG
3151404,A/BAA8BJBRBPBIBGBLBBBCA6AvAmAbASAPACADA6A8A/BIBKBQBHBNBPBEBGBBA3AtAiAYAQAHAI
3151503,A+A/A0BGBFBSBOBMBPBBA+A6AyAuAcAWAMAKACAzA3AzBBBJBUBMBTBSBBBBA8A9AuAkAbATAHAI
3151602,BHBHA8BEBiA8BRBSBIA6A/BCA1AnAiARAMAEAEA3A9BaBLBMA1BKBdBAA9A3A/ArA0AeAWAIAJAC
3151701,AvAzA6A/BEA/BCBKBLBIBIBNBBA1AuAeAQAHADAwA1A5A9BFA+BDBIBJBDBIBFBAA3AqAaARALAG
3151800,AyA3A8A6BMBKBJBMBSA+A+A5AzAsAiAXAKAGAEA1A1A2A6BIBNBLBQBTBLBGBCBDA3ApAdATAMAF
3151909,A1A7A+A9A2A6A6BDBLBGBBBFBAA5AsAeAeAIAGA5A1A0A/A1AzA+BQBGBEBGBOA+A2AwAjAYAPAM
3152006,BDBDBGBKBNBKBNBHBKA8A/A7AzAlAcASAQAEAABBBCBABIBMBQBLBOBJA9BEA+A2AnAeAVAJAMAG
3152105,A1A4A4BBBFBJBIBJBOBCA9A9A3AsAeATAMAGAEAzA2A3BCBFBKBKBOBUBIBHBKBAA2ApAbAQAOAJ
3152131,BBBWBRBRA8BEBRBXBNA/BCAuAvApAeAXANAFACBHBKBJBIBABFBTBVBNA9A1AxAlAkAhAPATAEAF
3152170,A/BFBZBlBQBBA8BGBEBCA+A5AuAlAdAaAUAJAFA+BGBKBUBKA9A8BFBBA+A6AxAsAlAnAbAYAMAI
3152204,BBA6BBBKBCBDBFBMBSA9A+BCA0AnAgAaAPAHAFAzA7BFA+BBBRBFBUBVBFBHA6A1AnAlAaARAJAI
3152303,AwAwBFBABNBDA8BEBSBHBBA/BEA5AnAbANAJAJAxAuA3BBBNBEA7BMBRBAA/BFBDA1AiAcARAOAM
3152402,A6A6BCBPBBA3A5BEBMBDBCA6A6AtAjAXAOANAKA8A+BDBOBHBAA2BJBMBJBFA9A1AuAoAfAWARAN
3152501,A8A/A8A/BNBSBUBXBRBCA9A3AvAmAaAQAJAEAEA5A7A5A8BJBTBUBTBTBGBDA9A3AtAhAVAPAHAF
3152600,AzA0A5A1A4BGBHBDBCBFBUBTBPA4AkAWAOALACAzA4A3A2A1BKBEBJBBBDBPBHBKA5ArAbAVAOAC
3152709,AwA4A/BGBMBKBIBMBPBLBHBFA9AsAeAPALAJAAAxA2A7BGBJA+BCBGBPBMBEBGA9AyAiAaAPANAG
3152808,A+BFBEBHBKBOBRBJBMBEBGA9AzAnAhARAKAFADA9BCBDBDBGBJBMBMBNBDBJA3AyAlAiAQARAGAC
3152907,AwA3A9A4BIBGA9A8BFBEA9BFBOA/AwAeAVAHADAuAxAtA9BAA7BCA9BDBGBHBNBABKAwAhAZAPAG
3153004,A/BEA5BCBPA/BKBHBVBIBQBIA4AxAqAUAQAMAABCA2A4A4BFA+BFBGBQA+A7BBA+AsAkARAKAFAK
3153103,AlAqA6BLBGA6AvBCBJBKBTBWBIA4ArAcAUAOAGAuAzA9BHA+A7A8A4BBBSBDBEBDA6AlAiAUAVAG
3153202,AzAyA2BGA7A9BCBJBKBOBOBQBAA1AkAjARAOACAyA3A9BFAyBBBAA7BPBEBMBBA7A2ApAbANAUAL
3153301,A6BKBRBhBNBMBHBMBMA1A7ApAmAmAaATAQAIAEA/BCBeBPBGBIBSBIBKA/A4AzApAjAgAYASAQAH
3153400,A5A+BCBFBHBIBCBKBNBMBPBIA6AxAhAWASAEADAzA0A8BCBBBFBEBEBMBLBJA/AzAtAjAZAQAHAG
3153509,A7BNBIBFBPA7BBBPBNBNBEBAA2AzAjAQAKAFAGBDAsA6A4BJA/BCBRBHBJA8BGA5AzAhAVAOAHAJ
3153608,BBBJBCBIBNBNBWBMBMBAA3A2AtAkAWARAHAFABBBBBBFBCBIBQBUBXBPBHA/BAA2AlAaARAPAHAB
3153707,AuA2BBBHBGBFBEA+A+AyA+BQBIBGAvAiAUAIAAAqA0A6A6A+BHA8A+BDBIBDBJBFA7AtAjAZAFAG
3153806,AvA6AnA9A+BLAtAzA7BeBRBUBXBHA0AkAJAFAHAtApAxAxAyA6A/A6BEBMBdBOBIA6AuArAUAGAF
3153905,A+A9BABCBIBTBJBJBSBHA9A2A2AkAcAQAFAEABA1BAA/A9BIBOBOBKBeBHBJBAA7AxAiAVAOAIAF
3154002,A0A4A8BFA9A/BCBBBKBGBIBFBAAzAnAaASALAGAyA3A4BAA/A/A+BJBHBGBHBGBEA0AqAeAVAPAN
3154101,AoA0A9AwBDAvA/A+BVA9BYBEBEA/AoAXAYAIAIAlAsAzA9BBBABGA8BWBABDBHA/BIAzAnAkANAK
3154150,BLBEBPBGBNBIBNBPBSA+A8A5AxAlAcAPAJAIAHBKBBA+BJBMBQBKBUBIA9A/A5AxAhAZAUAMAGAC
3154200,AsA4A+BEBJBHBFBEBEA/BHBCBAA3AhAbAOAIACAtA6A3A9BDBEBJBFBIBIBKBRBDA4AmAbAUAKAG
3154309,A9BBBBBCBDBDA9BBBEBCBCBAA6AtApAZAPAJAFA9BAA9A/BDA/A9BGBKBJBCBFA6A0ArAiAWALAJ
3154408,A7A6A+BABNBDBCBCBHBOBOBKA9AwAeAaASADABAsA2A+A3A/BGBJBGA+BPBOBKA3AzAlAdAXAIAD
3154457,BABDBHBKBLBHBBBGBLBFBBBEA+AwAgAWASAFACA/A/BGBEBGBDA7BGBGBLA9BBAxAsAkAVAIAMAJ
3154507,BKBCBNBXBRBUBOBPBIAvA7A3AtAkAeASAFAHAJBDBCBKBUBNBNBLBNBDA2A5A4AsAjAgAXAOAHAF
3154606,BCBHBHBLBYBXBUBSBVBEA5AtAnAgAUAMAGACABBBBEBCBIBQBPBPBVBXBFA/A3AuAlAZAPAKAFAD
3154705,A2A9A6A9A+BCBKBRBFA/A2A7BLA6AhAXASAFAFA5A5AzA8BAA9BIBTBKBCBCBIBLA4ArAYAVARAE
3154804,A8A5AtBCBKBPBGBNBPBQBGA9A4AtAVARANACADA7A5BAA/BeBEBTBZBcBGA2A9A/AwAWASAOAHAA
3154903,A3A5A4BFBGBBA9BFBNBDA7BAA4AxAlAWANAPADA2A8BABFBDA+A/BMBUBEA/BEBFA4ApAdASAPAK
3155009,ApAuAtA8BIBIBRBEBOA5BHBKBIAxAdAbAJAOALA7AjA0A+BIBEBMBIBABGA7BLBRBCArAdAOAVAG
3155108,A3BCBFBKBFA+BCBOBMBQBOA6BCApAhAfARAIAOA6A7BGA+A4A7BABAA/BEBEA9A1AqAoAeAUANAI
3155207,AuAqA5BKBTA7AxA0BGBSBWBZBCAxAtAhAZARABAqAqAtA+A8A2A7A0BFBNBSBRA6A5AtAoAcAQAI
3155306,AxA0A0AyBEA+A/BBBSBKBFBSBHBDAzAcARAJAGAtAwAwA8BAA8A8BHBHBRBFBGBIA7AtAdAUAJAC
3155405,A0A4A1BCBDBABEBEBHA+BDBNBAAvAtAaAUAFAEA6A3A1BGA8BEBCBDBFA/BJBRA/A0ArAfAYANAH
3155504,A+A+A7BDBXBYBQBTBYBLA6A5AuAnAYATAKACADA8A7A/BJBQBNBRBYBRBEA9A0AtAkAYAQARAGAD
3155603,BBBBBHBRBWBSBJBQBRBBA9A4AvAkAaATALAEAGBDBHBCBPBMBNBJBKBGA8A5A2AtAkAfAWAPAGAH
3155702,A2A8A/BCBBBEBABCBEBHBIBCA9AzAjAYANAHADAyA7A6BCBABBBEBFBQBGBGBKBEAzAqAfAUAMAH
3155801,A2A5A6A2BFBNBLBIBGBBBDA+A6AvAkAXAQALAGA2A6A1A5BGBIBMBNBJBDBFBGA6AzApAeAXAQAJ
3155900,A/AwA8BABEA/BCBABQA5BZBGBGAuAmAUALALAFAxArA4A9A8A6A+BJBAA/BUBVBJA2AlAoAUARAK
3156007,AzA7BPBTBUBGA+BCBDBCA/BDA0ArAjAXASALACA2A8BDBRBNBCBBBCA+BFA9A8A6AsAlAbAUARAK
3156106,AuA1A0A9A2BDA+BBBKBOBGBKBIA4AwAaATAMACAnAvA1AvA3BCBAA8BHBFBTBTBLBFAvAnAXAJAL
3156205,A5BFBIA6BNBJBPBDBIBFBFBDA3A1AgAcATADAFA6A5A+A6BIBPBMBIA0BABAA2BIAqAkAYANASAF
3156304,BFBKBEBCBPBYBSBMBGBEBAA5AwAgAaARAHAHAFA7BDBEBEBRBWBTBOBPBFA+A4AqAkAYATAQAGAC
3156403,A9BCBKA6BIBCBKBGBRBMBIBEA1AwArAWANAKAAA6A7A1A9A2BIBABFBFBFBJBMBGAqAjARATALAC
3156452,A3A7A+A+BFBLBHBPBIBBBHBPAuA3AnAVATAHAAA8AxAtBLA/BJBDBKBPBEBGA+A+AxAhAfAQAGAL
3156502,AvA2BLBZA/A3A2BBBNBIBIBKBAA/ApAhAUAIAGAxAxBHBIA/A0AvBABHA+BBBBA6AyAzAgASAQAM
3156601,AyA2A/BLBLBTBNBEBHBJBIA/A1AhAiAYAPAOADA7A0A8BEBOBIBLBGBFBCBBBAAwAnAmAdAXAOAL
3156700,A5BDBABEBKBLBHBMBNBCBAA5AxAiAYAOAJAFACA5A+A/BBBOBKBOBPBaBMBFBCA5AuAiAWANALAG
3156809,A2A9BHBNBJA/BCBDBCBBA8BCA9AoAmAaAKANAJA2BBBBBJBEBDBIBHBGA/BBA/A9AtAlAeATAQAO
3156908,A9BAA+BABMBTBQBSBQBFA7A8A0ApAdAUALAGAEA8BDA8A/BFBNBLBPBNBFA8A/AyAqAfAXAPAIAH
3157005,A7A/A/BHBJBDBHBKBQBBA9A4AuApAjAZASAJAEA4A7A+BGBJBKBKBQBPBCA9A6A1AuAkAdAXAKAJ
3157104,A5BFBTBRBGBEA2BRBAA/BAA6A9AnAjASARANAFA2BMBKBWBHA8BCBKBJA6A4A5A3AlAmAXAWAHAM
3157203,A2A/BKBGBIBMBMBPBSBGBCA1A1AgAbANAHACADBDBIA+BCBDBKBXBTBZBLA+A7AwAoAYARARAKAH
3157252,BHBAA/BIBEBKBIBNBQBIBCA/A0AsAdAYAPAHAFA/A9A8BLBFBFBIBPBIBGA9A9AyAlAfAVAQAMAB
3157278,BCBEBIBKA8A6A7BGBEBBBQBKA5A7AtAXALAIACA5BCBBBJA+A3A4BKBLBXA/A2A2AvAgAbAPAJAK
3157302,AxA0A9A9BDBHBCA8BSBIBOBIBCA5AoAfAMAGABA2AzA+A7BHBHBHA+BOBDBFBCA8AzArAeAKAJAK
3157336,A7BABBBDBPBMBEBFBJBNBGA+AzArAWANAJAEAAA3A9A6BBBJBWBIBNBXBMBMA+A/AtAgASAKAGAF
3157377,A2A9BFBcBOA3A5A7BNBCA8A/A8AzApAZAZAOAFA1AuBCBUA+A8A2BIBGBFA4A0A6AxAuAoAQAYAI
3157401,AyA1A3BEA9BBA5BBBPBKBNA9BDBDAjAcAXAJAMAyAuAxA8A7A6A7BFBMBPBFBIBAA5AqAmAaAKAL
3157500,A4BIBKBLBHA6BAA1BBA7BEA4A0AwAjAeAXAIAFA5BDBBBNA2A1BHBLBLBNA/A9A3A4AxAjAUALAB
3157609,BIBOBGBXBIBRBABEBCA/BFBCBEAxAiAQAPAKAEBCBKBEBNBABEBCA+BGA5A1BAAzAmAZARAPAEAJ
3157658,BMBYBYBVBEA8A+BJBGA6AzAzAtAjAgAXAOADAJBPBhBYBZBFA9BBBBBFA1AzAzAuAmAfAXASAMAG
3157708,BSBDBNBOBcBaBeBeBTA8A0ArAiAfAVASACAGABBIBEBGBLBhBVBRBSBKA+AyAsAnAaAWAPAGAFAC
3157807,A+BEBCBHBQBNBLBKBRBDA8AxAoAhAXAOAIADACA9BEA+BFBSBRBRBVBbBLBDA7A0ArAdATAMAGAE
3157906,BKBDBQBQBQBRBCBPBRBABBA5AxAmAYATAIAGABBHBIBCBRBLBEBQBDBOBAA4A0AvAjAcAUANAGAF
3158003,BCBHA7BJBNBQBLBCBDBCA9A7A4AqAaATAMAHAEA7BCA9BIBOBPBIBGBIBCBAA9AyAoAlAXAVAMAL
3158102,A9A9BABQA8A1BDBBBSA8BCBBBAAwAsAaATARAHA6A9BFBIAyA6A+BOBCA8A2BEBEAwAtAbAbAJAJ
3158201,A+BBBHBOBPBEBJBHBKA/A/A5A0AoAhAVAPAJADA3A+BGBNBIBFBGBIBAA/A7A8A6ArAlAbAUANAK
3158300,AzAzA7BJBOBEBFBEBJBNBHBAA6AyAiAYAMAFAFA3A3A5A+BOBGA/BLBPBHBPA9A9AzAnAdAJALAE
3158409,A0AuBKBBBBBEAyA3BEBCBNBMBRA1AwAdAaANAAApAuA3A4A3A4BEBJBJBKBLA+BMA+ArAhAUAOAF
3158508,AoAvA3BEA8A8A8BABOBUBOBKBLBAAuAjAaALAHAyAwA0A/A2AyA4A/BJBJBIBFA/A3AyAgAcANAG
3158607,AxBLBAA/BGBHBBBABIA6A/BFBDAwAtAbALAGAIAzBEA2A7BDBKBBBCBKBGBDBJA/AzAnAbAVAIAJ
3158706,AxA6A3BPBJBAA8BTBPBEA7BGA5AwAxAoAMAGAAAxA2A0BTA3A8BFBLBPBMBHA1A6AyApAiAPAJAI
3158805,A5A4AtA+BMBABCBEBIBTBLBDA9BBAmAYAWAJADAwAwAwA8BFBAA+BDBNBHBHBHBDAzAnAhAXALAH
3158904,BQBDA7BNBIBHBNBIBOBMBABBAzAnAhAVAPAHAABKA8BCBTBNBFBCBKBCA9A9A2AvArAaAVARAGAG
3158953,BNBHBBA7BEBKBcBhBeBHA7AwApAfATAKAGAFABBMBEA8A9BMBVBmBhBeBEA8AwApAcAUALAJAEAD
3159001,A1BBBAA/BIBDBPBRBWBKBBA7A0AwAlATAMAFADA5A6A1A7BFBEBPBXBRBJA3A+A+AvAiAYAGAKAJ
3159100,AwA/A8BRBGBBA3A7A9BSBQBWA/A8AoAbASAKACAqAyAyA+A9BAA5A0BCBIBPBMBBA3AlAoAaAKAI
3159209,A0AwA5A0BAA3A8BIBNBMBKBLBKBAA0AlATAGAEApAuA4AzA8A9A/BIBIBJBGBIBCA8AzAhAMAQAI
3159308,AyA8A7A7A+BCA6A9BEBBBEBNBKA/AtAiASAKAGAvA4A1A2A8A/A4BEBNBIBABOBJA2ApAlAYANAK
3159357,BCBGBEBKBEBIBHBGBOBIA9A6A0AuAiATAMAFAIBFBCA9A/BGBKBHBLBLBKBCA5A0AmAcAYAUALAB
3159407,AwA4A+BIBLBBBAA+BJBYBLBPBGA3ApAbARAMAEA2A7A3A7A6A6A4A7BFBIBOBHA4A1AkAYAeAJAA
3159506,BDA+BCBDA/A/A+BOBUBFBGA+A7ArAhAeANALABBIA/A7BGBEBCBCBCBMBMBAA3AzA1AmAXAQAIAG
3159605,A7BDA5BIBPBMBJBTBPBHA9A7A0AlAdATAMADACA5A9A9A8BGBLBPBSBJBLBGBBA6ArAeAXAOAIAF
3159704,BBBDBCBLBQBHBCA/BVA8BJBBA2AyAoAiAMAEAIA+AzBFBLBMA0BDBFBDBABABFA3AsAfAWAPAGAD
3159803,A6A+A/BFA9A8BFBPBOBPBLBAA3AsAhAaAQALACA6BBA+A6A/BDBFBKBQBKBLBFA3ArAhAZAOAFAI
3159902,A8A7BBBDBNBMBGBJBSBBA8A+A1AxAjASAQAFACA4A4A/BHBJBJBLBOBLBAA7A8BAAyAiAZASAHAF
3160009,AxA3A7A1BJBEA+A/BGBBBLBCBEA1AwAbAPANAKA3AtA5A8BDBHA8BKBDBHBMBMA+A4ApAdAQALAO
3160108,BHBFBDA+BEA+BHBIBSA9BFA9A2AjAjAUATAJAEAyBGA2A5A+BWBFBIA+BGBFA/A5AuApAZAjAIAJ
3160207,AtA+BKBfBTBKBPBFBIBDA7AyAuAwAdASANAKAGAzAxBHBaBEBHBQBSA+A8A8AzA4AtAtAVANARAK
3160306,A8BCBMBRBBA6A5BMBNBDBAA+A6AsAnAbARAHAMA5BCBEBOA6A5A/BIBEBAA6A+A2AtAuAeARASAF
3160405,A9BCA8BABQBOBQBIBNBBBAA6A2ApAdARALAIAEA7A6BCBDBNBJBPBIBPBEA/BAA5AtAgAWAPALAD
3160454,BEA9BOBXBFBABCBRBOBBA4A2A0AqAiASAQAIAEBFA/BRBXBBA7BHBPBRA7A5A1AuAtAdAbAMAJAI
3160504,AtArBBBPA8A3A5BDBNBFBMBXBHA6AZAVAOAHADAsA7BKBMBFA2BEBMBLA9BFBKA8A0AoAfAYAIAE
3160603,A5AxA8BEBAA1A8BABPA0A3BQBSBKAkAhAWAJAAAtAxA5BCAwA5A6BLBDA5BKBVBTA3ArAeAbASAJ
3160702,A0A4A9A/BEBGBEBBBIA9BDBJBAAvAgAVAJAJADAxA2A3A+BFBFBFBIBNBGBIBRBFA6AqAeAUAKAK
3160801,BSBGBFBhBUBOBHBNBGA4A/A+AxAmAaAOAMAHADBBBFA/BOBJBLBKBJBLBGBAA3AoAmAVATALAHAE
3160900,ApBCA9A9A/BIBMBGBKBCBBBHBDAxAgATASAEAFAyA5A7BAA5BJBGBNBSBMBFBPA9AtAmAgARAOAG
3160959,BFBCBFBSBQA+BGBQBQBHA7A/AyAoAbAPAOACAHBDBDBIBJBJA9BGBXBTBFA8BBAuAkAVASARADAH
3161007,AyA1A3BGA6A8A9BABIBABCBMBFA7AoAfASAMAEAuA6A6A5A6A5A8BGBNBDBJBLBEA9AsAkAaARAK
3161056,A2BBA9BRA+A9AsA/BMBUBJBKA9ArAmAcAUAEAPA4AxA7BABCBAA8BcA+BGBOBKA5AmAjAfAaAHAG
3161106,BLBOBPBaBcBMBJBQBEA3A4AxAoAhAYATAMAFADBGBKBLBZBTBFBKBEBIA8A1AzApAjAdATAPAIAF
3161205,A2A2AzA7BQA/BIBJBTBUA6A8A+A5AlAZAQAMADAvAzA4AxBGA+BLBJBbBLBDBEBBAwAlAaAUANAE
3161304,A7BDBHA9BDBGBCBUBZBGBOBCA+AuAaATAOAGAFAvBJBBA5A9A+BHBSBRBIBJBFA+ArAZAQAFAGAE
3161403,A2A1A4BHBRBBA/BIBPBLBGBEBGAyAnAYAPANADA1A3A+A+BCA9BEA1BJBCBKBCA9A0AnAdAWAJAG
3161502,A+A1A7BGBEBNBGBQBGBFBABCA1AuAhAXANAGAGA6A+A+BABGBMBOBMBJBCBFBBA0AvAjAXAOAOAG
3161601,AzA+BSBNAwAyAsBEBPBBAuBCA5AwAqAhATANAHAqA9BABNA3A0A+BIBRBVBBBWBBA9AuAaAXAQAH
3161650,A+BDBIA6A8ArBFA/BCA5BMBKBDAyAmAaAPAEADA1A2BEBDA9A7A+BEBFBOBRBZBAAxAkAVAhANAE
3161700,A/BHBLBWBSBDBOBEBMBDA8A/A0AsAcATAPAEAFBCBHBGBQA/BNBHBIBLBBA+A4AzAmAYATALADAF
3161809,A7BDA+BFBHBFBHBJBRBDA+BCA6AuAfAXALAOACA6A6BBBDA/BDBIBGBRBEBEBAA5AtAjAZASAHAK
3161908,BCBDBHBFBOBHBNBGBaA9A8AzAwAmAYARAIAFAFA7BBBFBBBNBMBSBXBYBFA+A4A1AkAcAYAPAGAI
3162005,BBBGBDBDBJBHBLBHBKA+A+A+A4AuAhAUAOACAFBAA+A9BGBGBKBEBJBKA/BGA/A5AuAiAYASAMAC
3162104,BFBDBDBJBmBeBbBOBRA6A5AyAnAeAUANAJAFACBHBGBABEBcBWBSBXBQA8A5AxAqAcAXAPAJAGAE
3162203,A4BAA9A+BHBDBIBIBLBIBIA5A4A4AtAYAQACADA4A3A0A2BEBUBDBNBSBJBJA8A7AsAmAZAQAHAE
3162252,BUA+BABKBCA/BIBMBRBFBCBHBCA2AhARAMAGADBFA/A6A6BBA/BBBVA/A7A/BBA5AsAiAUARAIAF
3162302,AzA7A4A/A1BFBGBABcBIBRBNBDBBAjAkAKAEACA1ApA9BBA7BABKBEBCBFBJBGBFA2AjAaAOALAC
3162401,BDBDBIBQBQBFBFBTBUBAA9A9A1ApAiAVAMAIAEA9A+A/BIBFBFBHBNBHA7A7A4AwAtAhAYARAJAF
3162450,BiBcBoBrBmBSBIBKBCAvAqAiAdAVATANAIADACBdBgBgBoBgBTBIBJA7AoAkAjAcAWASANAJAEAF
3162500,AyA0A0A7BLBMBLBIBMBDBCBCA7AxAfATALAGACAvA0AyA4BHBJBNBKBSBMBKBNBGA1AoAbAUAJAI
3162559,BMBQBMBPBQBOBPBOBOA+A6A6ArAkATANAKADAEBOBHBIBLBTBQBOBMBJA8A5AyArAgAYAPAJAJAE
3162575,BBA5BABHBCA/BEBBBDBGBCBBA2AtAfAZARAKAEA5BCA8BJBABEA+BMBPBNBMBKA1AqAjAdAWAKAH
3162609,A+A6A3BGA+BCBIA2BEBIBBBFA9AzAnAYATAJAHA6AzA/A8A1A0BABGBMBOBRBLBAA5AsAdAYAOAE
3162658,A4BJBFBOA4A8BIBZBdBFA+A7AtAvArAbAPALAFA9A9BTBFA6BABABNBIA7AyA7AzAsAhAaATAQAC
3162708,A7BBA/BRBPBPBPBPBQA8A7AzAvAhAeAXAHALAFA/A9BABKBRBQBMBQBKBDA5A0AzAnAkAWAOALAH
3162807,BEA9BGBKBLBJBFA/BGA+A9A8A3ApAfAWATAIAEA/A9BCBCBIBHBCBEBJBBBCA+A1AxAoAbAWANAK
3162906,A/A6AzA8BJA7BABBBFA7BGBBBAA3ApAVAOACAGA2A8A6A8A9BEBLBIBDBJBFBWBAA3AtAkANAOAM
3162922,BGBCBMBJBjB4BcBgBXBBA3A0AkAeAZAMAIADACBABGBFBABGBNBMBOBHA6A4AzAvAjAUAMALACAE
3162948,BBBDBHBGA+BDBBBJBKBCBOBAA9AxAiAXAQAEAABFBCBIA6BABGBIBHBMBCBFBAA4AuAgAUALAEAF
3162955,A/BFBHBFBKBQBPBWBOBIA/AuAlAfAfAOAFAIABBFBGA4BBBIBPBTBXBZBKBGAzAwAiAaAVAOAHAH
3163003,BKA8BNBfBQBKBCBJBIBBBPA2AnAqALASATAGACBFBKBOBWBFBCBHBOA+BPAzA2AqAjAqAPALAKAC
3163102,A4BHBOBHBOBMBOBJBOA/BJBJA5AuAdAWAIALACAwBEA7BJBFA9BMBEBJBJBDA8ArArAbAWAIALAI
3163201,BFA7A8A5BOBDBCBLA/BEBLBGBAA1ApAZAQAKACAyA+A8A8BCBCBIA+BCA6BKBKBAA0AlAhAMAJAF
3163300,A2BIBFBGBMBCAzBKBFA9A1BAA+ArAgAbARAIAAA9BCBMA/A/BABDBFBMBEBRBAA5AzApAXAbALAE
3163409,AsAzA9BHA8A8A5BHBPBDBGBQBDAxAoAYARAIAEAzA/BDA5A5A8BCBDBFA/BNBKBMA2ArAeAXAOAH
3163508,A3A8BLBWBJA+BHBRBIBCBEBHAvAoAgAWAQAIADA/A8BBBRBCBDBDA9A7BBBDA+A0AnArAeAPAVAH
3163607,A9A4A6A7BpA/A8BQBaAtA8BEBEAXApAfAPANAEA8BLBOBEA4A6BQBNBKBHAwBEA3AoAgAWAcACAH
3163706,A0A4A8A/BCBEBFBKBOBBA8A9A2AvAhAVAKAJAFAxA4A4A7BCBFBDBRBYBIBDBHBFA7AtAhAWAMAI
3163805,AvA9A/BMBDA+BEBEBGBHBABGBJA8AnAWARAMADAsAwA7BAA8BDA8BDBTBEBCBIBCA0AjAbAaAPAG
3163904,AxA/AyA7A8BMBPBGBIBGBKBBBQAvAtAjAVAFAEA8AzAtA/ArA3BKBRBEBGA+BPBEAxAqAdATANAG
3164001,A6A4A9BSBAA7A8BBBLA7A9BABBA2AnAVAUAHAFA3A2A5A/BHA5BBBIBIA/BFBJBDA4AtAiAZAQAK
3164100,A4A+A8BQBABDBBBFBIBDA/A1A5AuAqAeAWAGANAzA7A9BJBDBCBJA/BEA9BGBDA3AuAtAoAWALAK
3164209,BFBDBLBUBXBZBSBOBDBDA7AyAsAnAeAOANAEADA/BIBKBSBeBXBRBEBAA7A0AyAoAhAVAQAOAGAD
3164308,A5AtAyA+BPBTBKBLBPBJBNBOA4AwAiAZATAHADA5A1A1BBBKBHA9BQBIBFBABDA1AyAeAZASAKAE
3164407,BGBJBAA/BHBFBLBPBUBBBCA4A6AyAmAXANAHACBBBHBHBBBGBFBFBGBNA8A7A7A2ArAhAUAJAGAF
3164431,AzA1BFBFBHBBBMBLBSBFBFBXA6AsAkAZASAEACA2A8BCBBA8BLBEBFBLBJBGA9AxA3AgAQAKAIAH
3164472,BCA/BTBLBDBCBFBHBNBRA9A1AyAnAcAUAMAIAFBHBEBGBNBOBDBEBVBJBIA8A9ApApAaAWANAGAJ
3164506,A5A8BBBXBbBABDBMBOBHBCBBA1AqAoAWAMAKAMA6A1BDBUBKA9A7BGBGA2A6A7AwAsAkAbAXAJAJ
3164605,BRBEBDBHBnBhBbBNBDAzA0A1AtAoAdAUAKAHABBQBCBCBFBcBYBSBFBFAuA0AvArAkAWASAMAIAE
3164704,A8A8A9BBBLBNBMBKBLBABAA4A1ArAhAVANAHACA7A7A7A+BKBMBMBMBPBEBBBBA7AwAkAaASAKAG
3164803,AWBDBGBIAvA2AzAsBUA+A2BGBMAwAqAmAUATAJA1A5AvBKBNA2A7BFBGBNBUBLAzBJAtAgAgAPAH
3164902,A+A6A7A5A3A+A5A/BgBKBGBRBKA5AtAdAKAJAJArA3AxA3A+A2BOBFBGA+BGBOBPAzApAXAQARAG
3165008,BGA5AwBWBEBCA/BLBMBLA+BCA6A3AhAZAOAKADA3A5A0A/BRBHA1BNBgA+BHA4A2AsAoAbASAHAF
3165107,A9A4BDBDBPBIBHBHBNBBA5A4A6AvApAcAUAGADA+A5BDBPBFA/BFBCBNA+A6A3A7AqAqAgAbALAC
3165206,A7BDA4A9BHBIBTBKBQBOBNBJBIAuAfARAKADACA6A5AxBABGBTBHBFBPBGBKBKA5AlAYAQAGAFAD
3165305,A4A1BEA9BWBEA/A8BLBBBCBFA6A0AmAVAMAFAGA1BAA2BJBFBJBGBCBMBGBABJA/AzAmAbASALAG
3165404,A/BEBCBJBQBKBGBQBKBDBDA+A8AvAmAXALAGAEA5A7BCBABABCBEBLBNBFA3BFA2AvAiAWAQADAE
3165503,BCA/BDBHBYA/A8BDBKBFA/A7A3AtAiAWAZAFAAA4A4BABIBOBCBFBBBOBHA/BIA9AlAfAYAeALAB
3165537,BABNBGBGBSBNBQBUBXBIBGAzAmAbASAKAEACADBABIBABEBPBQBYBZBiBLBCA0ArAcAVAMAIAFAB
3165552,BJBRBoB0BSBEBCBHA/A3ArApAnAhAXASAHAHADBIBRBYB1BOBABEBJA8A0AwAuAqAmAcAYAPAGAI
3165560,AWAoA4BDAtAwA7A5BIBFBGBTBPAxAzAvAdAWAGA0ArA5A1AwA6AzBBBGA+BKBVBIBDAvAxAsAZAF
3165578,BKBIBJBWBZBZBTBTBIBFA/A3AtAeAXAQAIACABBKBDBJBNBSBIBHBMBRA7A5A4ApAgAXALAHAEAE
3165602,A+BPBLBPBUBMA4BCBNA+A+A1A4AoAgAVAPAHAFA1BQBIBEBDBIBKBDBGA/BEA+A5AzAeAhABADAF
3165701,A4BABCBEBEBEBDBJBFA8BFBEA+AvAqAbAVAIAEAuA3A+A8BABLBIBEBBA/BCBNA6AyAnAeAVARAG
3165800,AiAuAxBBAzBAA3A6A7A7BdBnBHBbA7ArAgAOAFAuAeAyAzAzAvAwBIBFBRBLBSBEBEAjAiAaALAE
3165909,AzA5BDBPBBA2A/BCBNBGBLBLA6AtAhAgAdAEACArA0BBBHA+A+BBBJBNBDBEBJAzAwAoAfAVARAI
3166006,AqA0A7A9BDA9BBBABSBHBUBJBGArAjASAVAGAHAqAqBBBEBNA+BIBRBGBHBRBDA+AuAiAaAeANAI
3166105,A4BGBKBXA4A7A/A+BOA9BDBDAyAwAiAeAPAQAEA0BBBLBSBBA0A7A7BKBMA1A9AzAuAjAjAhAcAD
3166204,A2A0A2BGBKBFBHBABSBJBNBHA7AvAnAcAKAIAFAxAwAxBCBIBDBFBBBPBFBPBHA1AyApAcATANAF
3166303,BEBCBGBOBZBJBFBVBQBMA/A7AwAmAfAOANAHACA5A8BABKBNBCBLBIBNBIA+A4AsAnAeAYAIAKAE
3166402,A5A0A1BCA5BRBFBCBJA/BOA+BFAnAyASAPAUADA1A3AtA2BABNBMBBBJBFA/BaA/BKAfAhALAJAF
3166501,A9BJBHBYBVBJBPBJBCA3AxA7AvAgAXARAWACADA5BBBFBWBfBUBHBIA7A+A7A8AuAuAeAWAZAHAD
3166600,AaA5AhA5BNBTAqBSBJA6BgBkBTBAAzAeAKATADAtAeAwA1AiBZA2BWBHBdA6BLBFA4AlAcAXAAAF
3166709,BHA/BJBXBHA2A+BHBLA+BFA9AwAnAbAUAQAIABA8A/BSBUBEA1BEBFBIBBBEA6A5AsAjAfAYANAJ
3166808,BVBXAyBFBOBgBaBXBFBDAzAwAwAlAYAJADAFACBHBEBcBCBHBcBPBQBGA/BFAyArAhAVAJAMADAC
3166907,A+A6A+BOBPBLBHBIBJBABBA+A4AtAiAUAMAKACA2A4BABGBGBJBJBHBIBDBDBAA8AvAjAaAQAKAD
3166956,A5A+BLBBBCBLBCBLBXBAA+A6A9AlAgAbAPAGAGAyA9BCBPBFBGA+BSBKA3A+A8A/ArAuAcAVAFAG
3167004,A5AxA9A3A/A4BKBBBbBHBCBfA8AmArASASANADA5A0A0A5BSA/BDBOBMA3A7BPA9A0AnAoAMALAF
3167103,A8A8A/BQBcBQBWBQBJA7A7A3AyAlAZATAMAIACA+A7A+BTBUBOBRBMBEA3A4A4AzApAaAVASAKAK
3167202,A5A7A5BBBKBNBPBPBOBCA+A6AyAlAaARAKAEACA1A5A2BCBLBPBSBVBVBJBHBFA7AwAhAXAPAKAF
3167301,A8A1A1BAA4A2BHBSBDBFBJBRBdApAkAXASAUACBAA3A1A4BHBABBBJBDA8A7BOA7AxAhAjAXAQAC
3167400,A0AzA6A+BBBCBDBFA9BGBFBLBHA4A7AkAWAFAGA1A7AzA6A8A4A/BEBGBCBEA+BBA6AwAfAVASAE
3167509,A4A5AtBMBBA7BLBFBBBFA/BDBLBDAkAXAPANACA6AyA0A5A9BABHA2BQBLBABNBKA2ArAiAXAMAC
3167608,BOBGBLBNBPBOBEBNBZBJA7A3AsAmAaASAPAEABBOBDBCBIBMBDBKBQBKA/A6AyAsAkAbAUAOAGAF
3167707,A+A6A/BJBHA/A4A3BCA9BIBMBEAyAnAdAOAPAHAzA0BBBBAzA7A/A6BTBKBBBEBMA3AvAbAUAJAN
3167806,AtA7A/BCA4A6BBBJBPBFBEBEBFAzAlAcANAKAEA1BABDA+A9BABCBEBSBEBFBCA+A9ArAdAQAJAF
3167905,AzA3A3A5AzBDA+BKBFA8BIBFBOA6AtAeAaAJAFAtAzA3BBA/BCBABGBHA2BLBGBIA3AtAgAfAQAH
3168002,BBBEBDBJBLBJBGBNBPBBA9AwAvAiAdATAPAFAGA/A/BCBGBQBSBNBRBKBEA9A2AxApAgAYATAPAD
3168051,AwBBBKBGA2AyA+A+BUBAA5BJA9A3AsAmARARAHAuA/BMBAArA2BGBHBCBEBCBEA9A8AsAeAYAMAJ
3168101,A/BGBUBKA+BLBEBMBNBFA9BBBCA2AiAVAIADADBIBLBDA1A9BCBKBMBNA6A/A7A6AwAYAPAMAFAD
3168200,BDA1A5BFBBA7AxBJA+BHBPBdBSBFAzAgAQAHAFA0A8AkBHBLAvBAA5A/AvBIBOBCAzAjAVAWAWAA
3168309,AxA8BJA+A4A8BEBABIBMBQBMBNBFAuAdAWAIAAA1A7A8A2AzA3BBA9BJBGA9A/BJA9AiAeAWAIAA
3168408,A0BEBDBDBIBAA/BBBABBBCA8A8AzAoAeASAIAGA6A9A+BBBCBEBDBFBFBDA+BIA9AyArAgAXANAF
3168507,A1A4A3A9A8BIBCBBBJBCA/BEBAA5AkAbAPAOAGAuA1A3A6BCBIBHBCBLBJBQBGBAA6ApAcAVANAN
3168606,A8BABCBGBNBIBEBIBKBBA9A4AuAlAbASANAGAEA9A8BABHBPBKBMBNBQBIBCA+A2AuAjAaASAPAI
3168705,A6A+A8BCBDBDBEBIBMA8A/BEA4AqAcARAKAJACA4A5A9A/BGBJBMBNBUBHBNBMBCAxAjAYARAKAG
3168804,A1BAA1BBBHBFBGBKBUBKA8BCA6AvAdAQAPABAAAyA9A5A2BGBHBIBTBRBOBLBJBEA3AeAYAPAHAF
3168903,BGAyA5BDBKBCBABBBIBNBGBCA/A9AlAeARAHAGA2A6A8A5BAA/BHBIBRBBBDBCA5AyAkAcANAKAM
3169000,A3A9A5BBBDBHBEBHBOBHBEBCA9ApAlAZARAFAEA1A2A4A9BDBJBIBLBPBJBKBDA6AtAoAaAUAKAG
3169059,AtAzArAvA9A8BDBOBJBXBXBRBdA+A4AmARAQACAhAsAsAoA2A0A6BIBIBKBDBbBMA2AvAVAWAHAG
3169109,BABGA3A/BHBUBHBJBOBFBAA8BBAzAmAcAQAJABA7A7BBA8BFBJBGBGBFA9BBA7A6AyAiAZANAHAF
3169208,A2A7BEA/A+A7BIBMBABBA7BEA8A6AnAcANANAFAsA7A5A5BBBAA9BJBLA8BBBDBEBBAwAeAbAQAP
3169307,A/BAA/BDBPBPBMBLBOBBA9A2A0AqAcASAJAGADA+A/A/BBBMBMBJBQBRBBA/BAA5AwAhAXAPAJAC
3169356,A8BBBBBGBCBGBDBLBRBFBDA6A3AsAfARALAEABA9A9BABFBGBFBGBQBSBLBGBHA5AuAhAVAOAHAC
3169406,A8A+A9BBBOBMBJBKBMBEA8A0A8AqAfAVAKAFABA5A9BCBABFBJBJBNBQBJBFA7A7A4AlAWARAHAF
3169505,A+BEBVBSBPBBBCBCBBBEA6A8A4ArAbAXANAKAFA6A7BKBHBHBJBCBCBGBDBHBAA3ApAfAeAVAHAD
3169604,A6A7BABABDBFBMBGBLBFBFBBA2AqAlAXAQAGAHA1A6A/A/BABEBHBJBJBFBJBFA6AvApAcATANAF
3169703,A/BBBGBIBVBTBWBWBPBAA3A0AvAgAbAPAPADADA/A7BABJBPBUBXBZBJA8A0A2AsAlAdATAQANAC
3169802,BEA/BEBGBEBOBDBOBIBHBGBAA6AtAqAWAXAEAEBAA7A6BGBJBABGBCBIBDA3A6A4AxAbAaAPALAB
3169901,A9A8A/BABNBKBLBRBOBBBAA8AzAmAbARAKAGACA5A8A8BBBMBQBSBSBRBHBDBCA4AtAgAVAPAIAG
3170008,BBBKBKBbBaBUBHBZBGA/A3AtAnAjAaASAPAEACA/A7BIBYBQBLBOBPBMA8A2AvApAjAiATARAKAE
3170057,A9BHA9BPBABCBBBIBIBABGBCA+AzAkAUARAGACBBA+BGBCA/BCBIBLBFBHBBA/A5ArAhAXAQAKAF
3170107,A7A/BBBABMBMBNBQBPBAA6A3AxAmAbARAJAGADA3A8A/A/BMBOBQBTBUBFBCA/A7AvAkAYARAJAF
3170206,A9BAA+BCBPBTBUBQBOBAA7A1AsAiAXAOAJAFACA5A+A8BBBQBVBVBTBUBIBBA/A2AqAeATAOAIAF
3170305,A4BIBIBdBAA6A6BRBbA8BBBBA5AoAoAgAQAJAEA8A8A5BTA1A5BHBHBRA/AwA2BCArAgAWAPASAN
3170404,BEBEBBBIBRBPBPBPBUBEBAA3AyAkAaAPAKAEABBAA/A9BFBQBPBOBQBTBIA/A6AyAmAZAQANAFAC
3170438,A3BIBTBBA/A8BIBIBMBRBOBABBA2AeAfARAFABA0A8A5A+A7A+BKBDBNBRBNBGA3AmAeASAKAGAC
3170479,AxBGBLBMA5BBA3BRBHBDBFA8A8A3AiAdALAMADA7BKA+A+BFBEBEBJBNBEBBBKA0AtApASAIAIAK
3170503,BEA+BDBEBQBRBLBPBPA/A+A8AtAnAZAUANADAEBEA8A4BIBNBKBNBJBNBHBDA/AxAqAdAXARAJAG
3170529,BMBgBWBiBbBMBIBPBNA5AxAlArAdAYAPANADADBLBSBLBYBeBQBJBNBIA2AsAjAnAdAZAPALADAE
3170578,AxA7A7BMBNA6A/A2A+BRA6BIA9A2ApAZATALAGBCA6A/A6A/A2A6A/BTBJBHBOA3A6AnAeAUAQAH
3170602,A/BFBGBEA2A7BBBbBLBFBPA/BRA3AuAkASAIAAAsA0A6A4AzA5A+BTBEBDBGA4A+A1AoAXAVAFAF
3170651,BOA9BJBSBgBRBMBFBHBBBBA4AvAmAeASAQACAGBIA+A6BIBVBLBCBBBJA/A/A2AvAnAaASAOAIAK
3170701,A9A+A6BABHBNBOBOBUA/A7A7A0AqAbARAJAEADA7A7A6A+BKBOBOBTBcBIBDA/A6AwAiAVANAIAF
3170750,BIBIBMBNBWBLBZBSBRBMA9A7AzAeAYAMALACABA+BLBIBHBTBPBRBJBMA8A9AyApAdASARAFAHAC
3170800,A9A+A7BLBLBJBIBUBUBABDA9A2ApAbASAJAHADA+A6A+BJBHBLBLBYBUBCBBA/A3AoAbASAOAEAF
3170909,BHBKBVBaBMBDBKBSBLA3A2A3AuAmAdATANAGAEBFBFBUBSBBBCBMBOA/A6A3A1AxAlAiAWAOAKAF
3171006,BFBCBHBFBBBJA8BaA7BLBQA+A1AhAfAVAMAGADA9BJA+A9BLBHBTBIBFBWBKBBAiAsAbAYAOAEAB
3171030,BRBSBUBgBiBUBQBPBIAyA1AsAnAdAXAMAIACAEBNBRBTBZBQBZBNBPBFAwAsAxAmAaAXANAEAGAG
3171071,A+A8A6BOBRBHBTBNBOBMA5A+A3AvAgAUAKAGACA4BDA7BIBMBDBLBRBHA3A5BCA0AoAkAUATAGAI
3171105,A0BKBJA9A8A+A7A5BFBPBIBZBCA/A5AjATAHAAA5A1BAA8A6A4BAAvBABRBKA/A+A3AqAaAIAGAE
3171154,A5A9BMBHA/BBA7BMBIBTBQBBA+ApAmAYAPAKAGA3A+BBA+A5A8BDBTBLBNA/A9AtAsAkAdARAIAJ
3171204,BEBKBHBKBSBRBTBQBVBFA4AsAmAbAQAJAFAEACBCBIBDBGBUBYBbBYBcBIA+AyAtAiAWAOAIAFAC
3171303,A4A3A2A/BQBRBNBNBMA8A7A4A0AsAfASALAHADA0A1AzA/BSBUBSBWBSBFBCBFA9AxAjAWATAIAI
3171402,A2A/BEAtBGA7BCBLBIBABQBHBLBAArAZAOADAJArAzA3BIA5A+BAA+BRBCBBBIBEA6AqAYASAMAE
3171501,BCBOBaBcBJBGBGA7BEAyAtA/A8AmAZAVARAEAAA3A/BOBZBKBDBKBCBBA4BDA7BKAsArASADAHAF
3171600,A3A5BABOBMBIBEBGBNBABAA+A1AsAiAWAPAGAIA2A0BBBJBKBEBGBFBFA+BABBA9ArAoAiASAQAP
3171709,A5AzA8BCBOBEBEBPBQBGBLA9A/AwAlAWANAFAGAzA0A8A+BIA8BCBOBNBBBEBAA9A6AqAbARALAF
3171808,A8BDBDBFBDBDBEBCBDA+A9BCA7A0AdAYAQAJAEA0BAA9BGBGBHBJBIBEBCA+BFBCAxAlAYAYAMAK
3171907,AxA+BIA6BGAzA7A5A7BCBKBFBHAsAkAbAYAPAGA3A5BBBIA1A1BEBGA1BHBIBTA/A1AuAjAXASAU
3172004,A+BBBCA+BHBIBIBOBQA9A+A9A1AoAdATALAFAEA9A9A7A8BGBNBMBSBPBEBFBFA7AtAjAXAQALAI
3172103,A7A/A6BFBBA7BQBBBEA7A7BIA3AxAnAXAUAHAEA2A5A7BDBOBHA9BJBIBBBLBDA/A7AnAZAYALAI
3172202,A4AqA1BJA+AxBEA7BQBIBWBGBRA6AbAeAVAOACAsA5A8BEA7A3A0BMBFA9BKBTA7A+A3AhANAJAJ
3200102,BAA/BCBEBCBABHBJBUBJBDA/A2AuAjAYAVADADA/A7BABBA+A/BDBLBSBIA+A/A1AxAnAZARAKAH
3200136,BGBHBAA+BBA/BGBMBJBJBMBCA/AtAiAUALAJACA7A8A8BIBBBHBHBFBKBDBNA7A3AsAiAWAQAHAC
3200169,BDBHBGBIBEBBA5BDBKBIBFBAA8AuAfAVAPAGAIA7A9BCBBA+A7A+BIBOBLBFBAA3A2AjAaASAJAH
3200201,A9A5A7A/BNBEBGBGBOA9A/A9A4AxAlAVAMAMAFA4A8A6BABKBGBIBKBMBDBFBBA+AzAmAaAOAOAK
3200300,A4A9A6A/A9A/A/BKBSBMBFBJBAAyAoAbAPAKAIAvA1A3A5A4A9BDBPBPBLBEBCA/A3AnAaAWAPAF
3200359,A9BEBFBLA+A9A7BGBPBOBGA6A3A1AgAVAQAJACBABABDBBA8AxBFBQBRBHBHBFA+AtAiAZAPAIAF
3200409,BFBMBFBGBCA7A/BNBQBCBFA5AzAsAcATAOAGAGA5BMBNA9A3A6BcBVBZBCBFA+A4AlAeAQANAGAH
3200508,AyA7A/BABBBCA+BIBMBAA/BGA2AzAmAXAKAKAKA6A/A+BBBBBHBDBMBIBDBKA8A/A7AoAcAQANAK
3200607,BMBLBLBLBIBIBKBRBSBCA4A0ArAlAWAOAJAEACBEBFBEBEBMBMBPBWBSBIA8A6AwAnAaAQAKAGAE
3200706,BHBFA+BIA+BBBIBSBMBCBDA4A6ArAhAYAMAFADBDBGA8BGBFBDBQBMBTBAA/A/A2ArAiARAOAIAD
3200805,BEBDA+BGBEA/BGBGBKBDBBA/A0ArAcATANAIAEBBA/A/BCBFBFBGBHBOBHBDBEA7AuAjAaAYAIAG
3200904,BEBFBGBFBEBFBEBKBMBBBDA8AzApAeASAMAHADBDBDBDBCBFBFBHBPBNBIBEBAA1ApAfAXAPAKAE
3201001,BFBFBABNBEBDBGBJBQBIBBA/AxApAbATAMAGADA+BEBCBMBEBHBEBNBJBGBAA7A3AuAgAXAQAHAF
3201100,A7A5A6BABFBBBJBCBRBCA7A4AzAvAcATASAGACA8A+BEA+BMBFBMBOBWBFBHA9A+A5AmAUAUALAK
3201159,BMBKBGBRBTBKBIBZBaBHA/A0AvAjAXAPAIACABBQBGBJBOBOBFBJBRBRA/A6AyApAgAUALAHAJAD
3201209,A8BCA+BABBBHBMBOBOBBBAA9A1AqAcAQAKAFADA6A+A8A9BEBMBSBRBVBFBFBDA8AwAiAWARAKAG
3201308,BCBKBIBIBKBFBIBMBOBCA9A0AuAkAYANAIAEABBABHBEBEBKBJBPBTBVBHBBA9A3AsAfATANAGAF
3201407,A6A7A1A+BDBDBLBRBSBEBCBEA6AsAhAVAMALAEA5A5A2A8BEBEBKBRBUBFBFBCA8AwAiAaARALAK
3201506,A9BCA9A8BEBJBMBKBSBCBDA8AxArAbARAKAIACA7A6A4A+BFBJBNBTBSBJBIBEA7AwAiAYASAIAI
3201605,BHBKBOBKBAA/A+BMBPBCA9A2A0AmAeAQAKAFADBGBHBNBKBEBJBFBNBQBCBBA9A2AtAdAUAQAFAE
3201704,BBBHA/BIBDBFBGBPBUBGA9A4A1AsAgAWANAHADA6A/A8BGBFBBBOBTBQBDA9A3A6AsAjAUAPANAG
3201803,BGBABGBJBOBLBKBXBFBIA8BBA5AvAkAOAMAHABBDA8A8BHBDBCBNBRBDA9BFBAA1AqAXAVAMADAE
3201902,A9A+A+BCBBBFBHBNBaBKBJBBA8ArAeATALAIACA1A9A6A+A/BEBIBSBTBJBCBCA4ArAiAVATAGAG
3202009,A/A+BNBMBMA+BIBNBFBKBCA9A3AnAgARALAIADA6A7BABDBIBFBJBPBQBIA/A+A4AtAgASALANAE
3202108,BGA9BEA6BIA/A1BIBUBHA/BEA4AyAgAaANAJADA/A5A1BOBGA3A/BMBGBPBCBEA/AyAgAdAVAKAF
3202207,A2BBA4BKBXA+BLBEA8BFA0A1BFA4AtARANAHAHA5BGBAA5BJA3BLBKBGBIA+BABIA7AjAYAKAKAK
3202256,BAA/BBBEBHBHBJBRBTBHBIBGA+AqAeATAMAGAGBBA6A5BDBCA/BGBOBKA9BEA8A4AtAcAYAQALAE
3202306,BEBFA+A8BQBNBFBCBEBDA3BAAyAtAeATAKAIAGBHBJA7BEBHBNBJBLBKBDBCA/AxAsAiAaATALAG
3202405,A9BCBCBGBFBFBDBIBNBDBBA6A5AtAdATAKAFACA6BDBBBABDBIBGBRBZBHBFBAA9AwAgAVANAIAF
3202454,BUBDBIBBBRBXBKBGBFBKBDAvAqAnAYAQALAEAGBGA9BBBKBTBRBHBHBaBNA7AuAxAiAdASAKAGAG
3202504,A+A/BCBDBIBEBKBMBSBBA/A+A0AuAdASAIALAFA/BGA7A7BABFBOBPBQBBBEA/A4AvAjAVAOAKAI
3202553,BMBPBLBNBTBABIBLBSA9A6A6A2ArAZAOAOADABBMBHBIBOBKBHBKBOBIBAA4A6AtAkAWATAOAEAC
3202603,AzA3A2A3A+BBBKBUBaBFBBBHBAA4AhAVAOAIAFA0A2AyA3A8BBBDBYBQBHBKBIBBA2AiAWAZAIAI
3202652,BIBEBFBUBPBDBHBVBQBJBCA3ArAmAaATAPACADBMBEBDBIBJBIBKBSBTBAA5A0AsAiAeARANADAE
3202702,A0AyA5A9BBA3BEBMBNBGBHBHBDA4AnAbAOANAGA3A1A3A7A6A1A/BFBMBHBJBEBDA8ArAdAZAOAO
3202801,BEBJBLBHBHBDBEBJBNBCA7A5AyAoAeASAKAFADBBBIBHBNBGBEBJBQBRBEA+A9A3AtAfARANAJAC
3202900,A1AzA4A4BEBBBEBPBPBEBLBDA8A3AjAaANAMAIA6A0AtA4BEBAA+BHBRBGBDBGA9A3AvAgAVAUAI
3203007,BGBJBDBIBMBGBHBQBOBEA7A3AxAlAaASAKAHABBIBHBDBGBLBKBPBPBSBAA7A8AyApAbATANAGAE
3203056,BTBJBaBHBNBIBMBVBNA6A+A1AoAaAaALALAEADA9BRBJBVBIBMBTBWBQA9A6A0AsAjAYAQAHAFAD
3203106,A/A+A7BCBHBABGBDBGA7BEBAA3AxAiAXARAKAHBAA7A/A/BEBHBJBGBHBIA/BIA5AwAjAfAUAMAI
3203130,A3BCA3A5A/A/BDBDBOBGA/BCA9AyAkAWAMAJAIA3A4A8A9BAA8BCBLBTBOBEBMBAA3AlAeASARAJ
3203163,AxA1A/A4A4BCBGBJBQBMBOBMA+AyApAeAQALAEAzAyAwA0A9A6BABFBNBFBVBJA8A6ApAlARAMAH
3203205,BGBLBGBMBRBRBSBVBVA/A4AvAnAgAUANAJADACBFBIBFBJBOBRBTBUBUBBA7AzAtAkAZAQALAGAE
3203304,BABHBBBGA9A2A4BDBNBFBGBEBAAyAeAXAPAJAEA9A/BJA9A5BBBDBMBKBIBIBKA7AwAkAXARAMAG
3203320,BBBGBBBLBHBABIBGBNBEA6AzA4AsAhAUAOAFACA/BFBCBIBBBDBNBPBSBDBABAA6AzAfAVAPAGAD
3203346,A/BHBCA/BHBIBGBSBTBNBCA4AzArAdAQANAFABBABCA+BDBGBLBIBVBRBJA/A4AyAqAdAUANAKAF
3203353,A6A6AzA6BBBABJBPBRBFBIBGA6AtAeAaAQANADA5A3A5A9BFBIBDBMBNBEBLBDA9AxAjAdASAMAG
3203403,A5A7A4BGBABBBGBNBMBKA/BHBCA0AmAWAOAFAFA3A3A6A6A+BABFBMBKBGBDBMA+A0AlAXATALAF
3203502,BGBEBHBMBBBGBBBOBLBFA8A6AyAmAfAVANAIAEBBBEBEBHBDBEBIBNBKBFBBA+A0ArAeAWAXAJAF
3203601,BABDA+BHA7A6BIBEBVBCBDBJA7AzAfAYASAHADBEA6A0BBA/A9A/BKBJBFBOBBA+AsAfAdAZAGAH
3203700,BBBIA/BLBGBHBHBIBJBFBMBCA4ArAbAVALAIAEBABEBBA8BCBABCBNBRBCBEA4A2AsAgAYAQAJAF
3203809,A+BEA8BFBCBBBFBMBIBFBBBCA9AtAiAVAQALABAzA8A+A7A7BABNBOBMBCBFBCA9AyAmAXATAQAI
3203908,A/BABEBDBFBKBKBKBOBFBDA8A2AqAaARALAJADA9BAA9BABDBMBPBKBPBHBFA8A5AxAgAUAPAGAI
3204005,A+A9BCBIBCBBBDBHBNBGBIBEA8AxAhAXAPAKABA8A9A8BDA6A/BEBKBOBIBFBAA6AvAmAZARAJAG
3204054,BVBEA5BYA+BUA8A9BKBWA5A3AuAlAbAYAPACABBWBIA+BDBOBGBJA5BVBLA/AzAxAuAaAcAHAMAE
3204104,BGBIBLBNBLBEBBBPBRBDA+A6AuAlAaATAIAJACBHBGBIBNBHBCBGBMBPBHA7A3AwAoAcAVASAJAD
3204203,A8BFBDBJBGBHBHBNBGA9BABDAzAsAgASAIACACA+BIA/A/BBBCBJBNBYA+BIBEBCAtAcAVAPAMAG
3204252,BFA/BFA8BAA7A5A2BDBCBJBCA1A0AiAeAOAKAIBABDBOBLA7A8A/A/BVBGBIBEA2AwAoAaAUAMAI
3204302,BMBPBIBLBFBEBEBMBNBBA6A3AuArAdAVAIAIAEBKBEBBBHBHBNBMBTBNBBA5A3A1ApAdAUAMAFAD
3204351,BKBDBCBBBJBNBNBYBTBCBBBAAwAvAZATAJAHADBBBEA8A9BHBIBIBIBTBBA8A8AwAtAaARAQAIAF
3204401,BBBEA9A9BCA8BGBPBQBEBDBCA9A1AlAXANALAFA5A6A4A8A+BCBJBSBPBABCBAA6A0AiAWAQAJAJ
3204500,A9BDA/BBBGA/BDBMBOBKBPBMBHA1AoAWARAFADA6A4A5A+A4A7BBBDBNBEBFBAA6AuAiAUAPAKAJ
3204559,BQBDBEA8BVBXBXBcBTBIA4AwArAiAXAOALADACBABEA3BDBVBSBRBYBTA8A4AwAvAhAfARAMADAE
3204609,A7A/AxBCBEA+BKBIBNA/BFBJAyAnAqAhARAKAIAzA0A1A5BGBDBBBPBCBFBNA/A4A3AoAeAWAXAL
3204658,A3A3A7BHBiBVBHBaBdBCBJBBAxAqAkAXAIAFAEA2AzA6A8A/BEBBA5BRBQA8BKAwAvAbAbAQAHAK
3204708,BBA+A8A+BDBJBMBUBaBFA/A6AxAqAaARALAIABA7A+A+BBBBBLBLBVBWBHBBA9A4AtAfAWAMAMAG
3204807,A8BBBAA6BABHBDBDBBA8BDBCA9A4AsAYALAKAIA5A8A/A/BCBCA+A8BGA+BHBJBCA1AqAhASARAI
3204906,BFBHBFBNBQBMBIBPBOBEA7A2AuAkAYAOAJAFACBCBEBBBKBOBNBNBTBSBHBAA5AxAmAaAPAMAGAE
3204955,A0AyA1BCBGA+BBBJBMBPBTBKBAA0AkAWAWAIAGAvAvA5A9A+BBBABFBNBHBLBDA7A1AoAeAaAMAE
3205002,BDBKBGBGBNBMBQBZBTBBA3AuApAgAUALAHACACBCBHBEBHBNBQBXBfBYBGA8A4AxAnAYAPAKAEAD
3205010,BQBTBQBVBWBOBLBQBOBDAzAtAmAcAUAPAFAEADBPBSBRBPBRBPBLBQBMBAA3AvAnAhAWALAGAGAE
3205036,BIBEBGA4A/BKBVBEBOBCBSA6A1A0AkAPAIAJACBABFAzA8A/BIBSBOBdBEBAA2AyAiAhAQAUAKAD
3205069,BDA9A8BCBKBJBNBWBOBFA/A8AxAmAaARAKAHADA8A5A4BCBJBQBVBXBUBKBGA9AvAnAeAVAMAIAK
3205101,BBBNBHBIBVBXBYBYBXBEA5AwAtAgAVAKAFAEACBBBLBBBDBDBFBOBTBXBGA6A5AyAnAZAOAIAGAE
3205150,A+A/BABBA9BKBEBNBRBPBPBAA4ApAhAVALAIADBABAA/BAA5BIBKBRBPBLBCBBA4ArAXAVANAGAF
3205176,BHBBBBBHBIBOBNBVBZBLBGA/AyAoAcASAHAFAEA+BBA2A/BJBJBLBMBRBEA5A8AzAlAeARAKAHAK
3205200,A5A9A8A+BMBOBPBSBRBAA8A5AxAmAaAQAKAGACA2A7A7A9BGBLBQBWBWBHBEBCA8AyAjAYAQAJAH
3205309,A2A6A5A5BDBDBIBOBOA/A3A4A0ArAeASAKAGAEAyA3A1A7BLBLBOBVBbBMBEBHBDA6AqAdAUAOAI
3300100,BBBIBDBHBKBHBEBOBRBEA8A3AzApAbAOAJADABBBBJBABEBNBPBLBTBYBEBAA+A3AoAdARAJAFAD
3300159,A3A9A3A9BBA+BIBJBKA/BDBGA5AxAnAWAOAJABA4A9A1BABDBBBFBLBSBLBJBMA+A4AgAbAVAMAE
3300209,A6BCBABEBCA7A7A/BGA+A/A6A7AyAlAZAPAGACA8A9A7BCBDBBBDBLBRBFBHBGBEA7AuAbATALAI
3300225,BCBEBBBEBJBJBLBDBGBABAA4A5ArAdAWAKAHADA9A/A7A9BKBKBKBFBMBCBGBIA9AwAnAZANAJAJ
3300233,A+BEBEBBBGBJBKBOBkBABEA6AxAmAeAMAIADABA7BFBDA/BBBLBUBUBjBFA9BDA3AqAYAOAHAGAD
3300258,A1A8BCBABIBBBEBBBJA9BABBBAAyAgAUAIAHAEA2A+A9BCBDBGBFBIBRBFBHBOBHA5AoAYAOALAE
3300308,A5A+A/BBBFBBA8BEBJA9A8A/A7AsAhASALAFACA3A/A8BCBGBBBFBMBTBHBHBNBEA6ApAcATANAI
3300407,A0A+A9BABIBBBCBEBJBBA/A+A8AtAfASAMAFACA1A9A6A7BGBFBIBNBRBLBJBNBFA5ApAbASAJAF
3300456,BCBLBDBFBLBHBGBGBPBGBCA1AtAjAXANAHADABA+BJBBBBBPBQBOBRBVBLBHA+A2AsAeASANAFAD
3300506,A9A/A+BBBHBCBIBGBNBJBCBAA2AuAkAVALAGACA3A8A9BABHBGBLBKBUBHBEBDA2AyAkAWARAKAE
3300605,A6BAA/A/BEBDBCBDBFA9A/A+A7AvAfAWAOAKADA9A8A2A+BGBGBGBGBLBFBHBLBBA4AqAdATAQAI
3300704,A8BFBGBFBEBAA+BFBKBCA/A8A4AtAeASAKAEACA6BAA/BFBEBHBJBOBRBIBIBHBAAzAmAXANAHAF
3300803,A6BCBCBCBGBHBBBFBMBHBCBBA8ArAfARAMAGAAA7BAA8A9BGBKBKBEBWBJBHBEA/AuAjAWAQAHAF
3300902,A2A5A4A/BGA5A/BABKBEBHBGBDA3AqAeAXAHAEAuAxA2A9A8A7A9BLBNBGBNBNBDA5AvAeAWAKAH
3300936,A5BOBKBKBBBEA/BHBOBJBCA+A8AqAgAUAMAGACA3BFBGBFA9BEBJBOBJBLBGA+A1AnAjAUAOAGAF
3300951,A7BABBBKBBBGA+BCBHA+BCA+A3ArAjASAJAFAJA+BFBBA/BIBJBIBDBKBGBKBNA9AvAkAdARAJAC
3301009,A/BIBCBGBKBIBHBIBKA9A4A3AxAlAbARAKAEAEA+BEA+BEBMBNBOBQBQBEBCBDA8AvAkAXAQAJAF
3301108,A6BABBBEBFA8BABDBJBBBEBAA5AtAkAYAQAJADA3A+A/A/BDA7BIBEBUBDBKBGA9AwAqAgAPAOAJ
3301157,A9A+BGBEBDA8A6BGBLBABDA8A1AzAlAdASAHAFA1A6BAA+A/A8BJBFBOBJBGBBA8A1AtAeASAPAJ
3301207,A8A5A+BGBKA8A8BEBJBDBDA+A8A0AjASAMAHAGA2A2A/A+BDBCBABHBWBGBHBIBEAyAlAeAaALAH
3301306,A/BLBIBEBCA/BBBLBLBDBAA6AxAqAcARAJAEACA/BIBEBFBFBGBJBPBXBHBFBAA5AuAhAUAMAFAI
3301405,A6BJBMA6A8BHA3BRBKBCBCBDAyA2AZAZASAEADBIA8A/BHA/BDBTBBBABMAzBOBHAkAfAjALAJAJ
3301504,A7BAA7BBBEA+A/BLBEBBA/A9A1AtAjAVAQAEACA3BBA5A+BDBHBJBMBVBEBIBJA/A2AsAdAcAGAI
3301603,A5BFBBA8BLA9A/BFBMBGBCBAA0AsAnAkAPAFACA4A+BABEBFBEA9BJBIBiA/BBA5A1AmAWALAIAG
3301702,A/BJBDBHBLBJBFBEBKBAA/A4AvAmAZANAHAEABA9BIBBBEBOBOBNBNBTBIBGBBA7AuAhAVANAHAE
3301801,AtA6AxBBBGBABKBBA+BGBGA9BCA2AiAWAKAHAFA2A4A3BDA6BEBBBOBVBHBSBGA8BJAtAZAUALAE
3301850,BABKBHBIBLBEBFBGBMBCA/A2AyAoAdARAJADACA8BEBABFBLBPBMBSBSBFBDA7A3AtAfAUAJAMAD
3301876,AyA5BAA+A7BBA0A4BOBEA8BGAxA0AtAiAOAEADA0A3A6BEBDA/A5BIBOBIBQBEBIBKAuAjAWANAF
3301900,A8BGBBBDBEBEBEBHBQBHBBA8AzAnAcAQAJAEABA7BDA9BABIBLBLBQBXBOBIBCA7AwAiAUAMAHAE
3302007,BCBKBIBKBLBHBFBIBRBCA8A0AvAlAcAQAKADABA/BLBEBHBMBMBJBPBWBDBAA7A1AsAfARAMAGAD
3302056,A1A4A5A3A9A0BHBJBGA/BCBHA9A6ArAcAWAEAHAvA9A0A4A3A+BFBPBKBDBHBQBJA9AuAiAXAOAG
3302106,A0A4A1A8BAA8A9BCBKBDBDBCA/A0ApAfAVAGAEAxA6AwA6A6A+BBBIBTBFBPBOBGA8AxAiAbALAF
3302205,A3A8A8A+BGBFBFBGBPBDBBA/A3AsAgAVAOAHACA1A4A3A6BFBFBIBNBWBKBIBKA/A1AoAcASAMAH
3302254,A9A/BBBCBJBGBDBHBNBHBCA+A1AnAdARAMAEACA7BFA7A/BMBJBIBLBZBHBIBFA9AtAiAVAJAMAE
3302270,A/BKBEBOBkBZBaBRBXBGBAAzAqAdAVALAGADABBBBJBCBGBOBKBJBPBQBHA8A1ArAjAYAPAJADAD
3302304,A8A8A6BDBMBJA7A9BABBBFBHA9A0AjAaAOAHAFA4A4A4BBBLBKA5BDBNBKBEBLBEA0AlAbARAHAK
3302403,BFBNBGBEBDBJBNBZBYBAA3AzAsAfAUAMAIADACBABKBEBDBJBQBYBgBaBGA8A6AxAlAYAQALAFAE
3302452,AxBNBMBQBPA4A6A+BNBKBAA0AxAlAhAZAMAGAFA3A4BEBLBKA6BBBMBaBIBLA/A0AvAwAcAMAKAF
3302502,BABIBFBKBNBJBEBEBJA/BAA5AwAmAcAQAJAEACA+BFBDBIBKBMBJBLBPBJBEBAA4AuAiAVAOAHAC
3302601,A1BBBAA/A/A8BIBEBJBEBFBABBA5AoAUAPADACA1A9A/BCA7A9BHBKBTBKBIBKBBA1AnATARAKAE
3302700,A3BABCBABBA9A9BFBNBGBFBAA6AwAgATAKAFACA0A+A8A+A+BBBFBTBWBRBMBHBBA4AkAYAPAJAF
3302809,A1A7AxA4A8BAA9A7BFBEA/BKBKAuAoAWANAGAEA9A4A5AyA8A/BGBDBMBNBOBQBOBHAtAaAUAQAI
3302858,A8BDBCBEBLBGBBBEBKBCA9A2AxAkAaARAKAEABA5BDA7BCBOBNBMBPBXBJBHBBA/A0AlAcAQAHAE
3302908,AxA5A5A8BDA9A6A5BGBABBBDA+AzAoAdATAHADAyA2A1A3A9BABDBIBNBHBKBPBPBAA2AlASATAL
3303005,A/A9BBBDBHBEBFA+BIA/BAA9A2AtAgATAOAJADA9A5BBBEBIBFBGBEBPBDBFBHA9AzAmAeAPARAJ
3303104,A3A+A6BCBGBCA+BDBIA6BDBCA4A0AnAXAQAKAFA2A9A6A7BHBDA+BHBPBCBHBJA/A8ApAeAQATAK
3303203,AzBCA2A/BCBCBFBIBMBBBBA7A3ApAeARAJAFACA2A+A1A7BEBIBKBQBUBNBJBJBGA7AuAcAUAJAG
3303302,AvAyAyA1BBBBBDBGBPBAA7A8A4AvAiAXAPAIAEAsA0AvA0BCBHBJBTBWBLBJBKBLBBA0AmAdATAL
3303401,AxA4A6A9BGBBBHBDBMBCBEBAA5AtAiAXAOAHADAxA2A2A6BABBBHBNBSBMBKBIBHA7AuAeAWAMAH
3303500,A9BGBEBGBOBKBFBEBJBAA/A4AwAkAZAOAIAEABA8BEA/BCBPBPBMBNBTBHBIBCA6AuAiAWAPAHAE
3303609,AyA8BBA8BHBBBHBJBLBFBFBEA1AoAfAVALAIACA0A8A3A5BKBGBJBTBMBDBOBJBDAxAqAbATALAE
3303708,A5BCBBBABIBCA8BABHA5BAA/A4AsAfARAMAIACA6BBBEBBBIBGBGBKBPBJBJBFBDA0AoAbAUAKAH
3303807,BCBLBFBJBIBEBEBPBcBKA+A3AyAmAaANAGADABBBBEBEBFBGBKBMBZBcBIBDA7AzAlAYAOAHAEAF
3303856,BABCBBBBBGBDBEBDBHA+A+A/A6AsAfAVAMADAGA+BFA9BDBLBIBKBLBOBBBHBFA9AxAhAYARAGAH
3303906,A1A6A7A7BDBABBBDBKBEBBA8A2AuAjAWAOAIADA0A7A2A5BEBDBIBNBSBLBLBHBEA5AwAgAWAPAH
3303955,A4BIBGA+BFBKBABIBKA8A8A8A+AvAcATAIACAFA4BGA3BGBMBXA7BNBWBGA+BPA/A3AeASANAFAF
3304003,A5BABDA/BHBIA0BKBPBIBFA3A3AwAhAPALAFADBIBCA6A+BNBFBHBIBlA+BCA3BFAsApAVAUAKAD
3304102,BCBBBEBGBHBEBBBIBMA7BAA/A4AtAhAVAJAJAJA7A8A+BBBIBBBHBIBLBABBBGA9AvAmAbAOAMAJ
3304110,BABLBLBCBMA+BJBNBQBDBAA3AzAjAWAMAJACACA/BBBEBGBOBVBOBVBVBJBDA7A1AmAaARANACAF
3304128,A5BGBEA+BIBFBCBMBKBCBAA7AyAqAcATAMAEABA7A8BGBFBKBFBJBNBTBKBCBEA7AwAnAaARAGAE
3304144,BBBKBGBKBMBHBEBGBNBDA+A0AuAiAYANAHADABBABIBDBHBRBQBOBPBUBJBGA9A3AqAeASALAFAE
3304151,BABMBJBHBEBCBABEBJA5BAA8A1ApAgASANAEADA8BLBABEBIBLBLBLBOBCBEBFA5AvAhATAOAJAF
3304201,A5A9A+BDBIBIBJBRBRBFA+A4AyAnAbARAKAFACA3A+A9A+BIBKBPBVBWBKBGBBA8AwAkAWAOAJAG
3304300,A6A/A+BBBGBBBABIBQBHBAA/A1ArAhAUALAFADA4A7A6BBBHBJBGBMBVBMBKA/A9AzAmAYASAKAF
3304409,A3A7A8BBBRBEA4A8BSBHBHA4A9AwAnAWAQAJACAvA9BCA/BHBDBABKBaBKBIBDA5A4AlAZAQAJAF
3304508,A4BDBFBKBHBLA/A9BJBIA8A/A0AkAbAWAQAFAEA7BGA/BCBOBLBLA/BOBGBDBGA7ArAmAcAUAIAE
3304524,A9BJBJBFBDBBBEBRBWBHA4A0AtAmAaANAIADABA8BIBCBCBFBHBKBeBgBMBDA9A4AsAgAUAKAGAD
3304557,AzA8A6A8BGBHBGBJBMA/A7A4AzAoAeASALAGADAyA6A4A7BHBLBNBSBWBKBGBFBCA7AtAfAWAOAJ
3304607,A3A+BABBA+A8A5BDBGBIBIBDA+A8AvAZASAHAKAyA6A5A/A7A8A+BEBJBJBHBHBBA7AmAfAXANAE
3304706,A4A1A9A/BFBCA+BDBVBDBDBCA7AwAiAYAPAHACA5A0A7BBBJA3BIBLBPBRBIBKA6AvAoAgAYAGAI
3304755,BEBIBHBHBFBEBBBHBIBDA/A+A4AtAjAUAOADADBABDBBBEBHBEBGBHBNBFBBBCA7ArAjAVALAJAF
3304805,A7BAA+A+BJA8BCBEBPBDBEA9A9AwAkAZAPAHAGA1A+A7A6A9BBBEBNBRBCBGBDBBA0ArAeAVALAF
3304904,A3A/A4A6BCBCBFBIBNBGBCA9A2ArAeASAJAEABA2A9A1A7BFBLBLBQBVBOBMBHBDA4AqAaAQAKAF
3305000,A7BCA+A8BAA+BEBFBNBMBFBBA7AuAgATAPADAEA3BCA+A7A/BHBIBOBSBOBHBEBBAwAiAaAPAKAE
3305109,A4BKA+BDBIBJBGBGBJBBA/A6A0AoAaANAHAEABA3BGA8BABMBRBNBQBRBIBHBDA+A1AkAWAPAHAF
3305133,A4A1A4A5BAA/A8BBBRBBBNBJBAAwAmAdASAJAEA5A9A6A7BCBDBCBGBYBHBGBIA8AuAoAfAVALAG
3305158,BEBCA+BEBMBRBKBEBJBABHBBAwAqAfAOAIAGAABDBCA5BEBNBOBNBGBOBGBFBBA3AqAgAUAQAFAC
3305208,A/BFBEBFBEBDBCBFBSBDBGA8AyAnAdAQAKADADA+BBA+BABGBKBGBTBYBLBDBBA6AxAiAVANAHAE
3305307,A9BCA7A6A1BBA9A9BKBHBKBLA9A2AoAVAQALAFA4A5BAA5A6A+BABEBPBBBKBOBHA3AjAhAVAMAH
3305406,A2A+BCBCBHBABDBEBLBCBEBDA/AxAjAWANAGACA4A4A+A/BGBABGBIBJBCBLBJBBA5AnAZASALAE
3305505,A4BEA+BBA/A+A+BCBFA/A/BABBA4AoAXAMAGADA2A+A6A7BABBBEBIBPBGBHBJBJA7AsAcASAIAF
3305554,BABJBHBKBNBKBIBABGA/A+A3A1AmAaAPAKACADA9BIBDBEBSBQBNBMBOBCBDBAA7ArAfAVANAIAC
3305604,A8BCBRBbBGA2A9BFA/A+BAA6BBAvAkANARAIADA/BCA/BCBLBGBJBIBMBLBBBCBGArAbANATAHAE
3305703,BIBFBABBBIBKBMBLBVBCBIBDA4ArAdASAGAJACA4A7A9A9BEBPBHBQBVBBBGBBA1AqAeARAJAJAC
3305752,A9BIBCBEBFBDBBBGBTBHBEA4AzAqAeARAIAFAEA/BHA+A/BSBLBIBIBVBLBIA/A2ArAfAUAPAEAE
3305802,A2BBA8BCBJBGBCBEBMA/A+A7A0AsAfAVANAGACA2A8A9A9BJBIBJBLBQBJBHBIBBA2AoAdATAMAG
3305901,A6A4BDBIA+A/A9BFBLBIBEBSA8A2AnAZASAJACAzA5A8A8BCA9BCBGBNBBBLBHBAAyAiAdATAMAF
3306008,A7BEBCBCBDBFBDBDBIA+A/A7A1ApAeATAJAGACA5BBA+BABIBMBLBMBQBHBFBEBAA1AoAcASAKAH
3306107,A1A8A+BEBJBCA8A9BDA6A9BBA8AvAjAYANAHAEA0A5A7BCBIBGBCBHBLBFBFBMBJA4AtAgAWAPAJ
3306156,BLBGBIBkBKBABHBLBNBDBEA4AwAsAYASAMAEAEA+BABGBNBKBIBDBIBIBCA8A6AvAtAbAUALAHAF
3306206,A4A/A+BFBNA+A8BABIBAA8A3A2AuAeAaALAFAEA3A7A0BBBOBFBHBQBTBCBLBKBHAvAuAiAVANAE
3306305,AyA9A6A8BFBFBDBFBKA8A7A/A8AxAgASAKAHADAyA7A4A6BGBIBHBMBXBFBKBNBKA+AuAaARALAH
3500105,A0A0A1A5A/BBBKBKBKBBBBBEA8AwAlAaATAJAEAyAxAxA2A/BABOBMBKBKBLBLBIA6AtAkAbAOAG
3500204,A8BPA1BDBBBDBFBGA/A8A/BHA9A2AoAhAHAFADAzA3A9A6AzBCBEBPBEA9BOBRBCA8AqAdAOAIAP
3500303,BABBBGBEBJBOBGBQBMBBA9A5A2AqAfARAJAFADA7A/A+BEBKBIBKBOBMBFBAA/A4AuAkAWAOAHAH
3500402,AvBCAzAyA1ArAxBLBHA6A4BTBGA8AtAUAkAVAGAiBDAxAvAxAwAvBRBLBJA4BOBJBNA3A2AgAYAV
3500501,AvA2A7A/A8BBA9BMBQBCBCBDA9AzAoAaASAIAFArAzA3A2A8A9BGBKBTBNBOBJBEA8AwAeASAQAJ
3500550,A1BHBIBHA7A8BABHA8BGA/A8A/A8AuAaAPAJAFA0A5BDBAA7A9BAA/BPBIBDBNBGAyAsAZAMAQAF
3500600,AdApA8A1BBA6A0A8A3A6A/A+A8BDA6AlAYARAJAoAtAvAqAxApAzBBBQBHBEBBB6BWBBAwA0AUAP
3500709,A+BBBIBDBGBKBJBPBOBHA+A0AxApAcASANADACA+BFBAA9BEBIBMBQBRBKBAA+A4AtAhAWASAJAD
3500758,A6BGA3BRBUBHBLBOBPAxA6A+BKAqAnATAJAFACA6A2BbA+BBBEBSBSBDBEA3BFA7AwAcAPANAEAE
3500808,A7A3A6A+BBBAA6BDBMBGBEBBBEAsAmAoASAOAFAyA6A8AxA7A9BHA/BGBDBJBGBFA3AtAqAYAKAL
3500907,A7A/BDBEBGBIBLBUBVBGBBBBAyAnAnAWARAEACA4BKA/A/BIA8BKBGBXBAA/A8A1ArAbAgAOAFAG
3501004,A+BAA/A/BIBKBGBLBMA+A6A8AyAxAkAZAMALAFA4A/A9A8BDBKBIBPBUBCA8BAA8A0AjAbASAJAI
3501103,AvAwA3AwA2A5A8BKBTBFBLBBBGA3A9AqAYAHAIAoAzA8A4A1AvBEBABIBGA/BQBHA/A4AjAaAPAF
3501152,A+BEBDBNBNBJBHBOBRBJBAA+AuAjAaASAKAEACA+BFBEBIBKBIBLBVBSBKA+A4AwAmAfATAMAHAC
3501202,AvAvA8A/A8AxA0A8BEBFBIBEBSBMA1AnAbASABAnAxAyAzA0A0A3A9BNA7BKBTBSBGA3AmATALAK
3501301,A+BKA7BBBFBCBPBEBPA+A9A8AyAtAgAWAKADAFA7BGA7BFA/BRBFBQBLBSBDA6A2A1AiAfANALAD
3501400,ApApArAzB8CqDUCuCfBZA+AmAqAkAbANAQACACAmArAzAnAsAqAqAvA3ArAiAsAmAlAXAWAHAEAC
3501509,A7BGBBA+BRBMA2BEBNBIBIA4A5ArAfAWAKAJAFA6A8BIBHBBBFBEBHBVBCBHA9A6AuAuAQAUAGAE
3501608,A0A3A4A6BCBIBQBTBQBFBCA/A2ArAeASALAGADA0A4A1A6A/BJBRBWBXBJBIBFBAAzAlAbARAMAG
3501707,A7BCA9BJBPBTBQBIBdBDA/A7AuAnAXAQAHABABA8BCA/A/BLBVBQBNBYBOBBA7A1AmAaAUAKAEAD
3501806,AyAsA9A2BGBAA8BDBJA/BHBGA/A9AlAiATALACAuA3A7A6BHA6BCBABSBEBIBNBJA6AvAgAbAMAE
3501905,AwA8A0A+BKBDBNBNBTBJBGA3A2ArAfAVANAIAEAtA3AzA1BDA/BSBSBVBOBKBCBAAyApAbAUASAG
3502002,BEBKBBA9BBBHA+BVBUA+A+A+A9AnAgAbAQAHACA4A9A/BFBAA9BLBNBUBEA5A5BFAtAdAWATANAE
3502101,A2BAA7A7BABMBQBSBUBHBEA7A1ArAgAYAMAIAEAxA2A4A7A+BEBBBKBKBIBGBIBDA4AqAeATAKAF
3502200,A/BHBEBCBKBHBIBKBKBCBCA/A5AuAgATAPAFABBBBBBBBEBHBDBJBMBMBBBDA/A5AqAfAWAKAKAB
3502309,BCBHBLBUBABHBCA8BHBLBCA5BAAuAiAXAIAGADBAA8BNBJBDBDA+BABPBFBBA9A3AxAmASANAHAD
3502408,BGA9A7BBA8BFBHBJBKBBA+A5BAAoAlAbATAIABAyBGA8BDBCBIBBBNBOA+BQBEA8AsAlAbARAOAH
3502507,A3A/A8BBBHBGBJBIBQBABAA9A1AtAcAUAIAHABA3A7A3A+BDBHBLBPBNBEBKBKBFA5ApAaAQALAF
3502606,A2A9AzA6A+A6A1A1BEBIBOBOBFA/AvAeASAOAFAmAvAyA2BCA2AzA8BGBOBTBSBKBBA4AjAWANAJ
3502705,BCBHBIBNBLBMBEBFBLBEBBA6A1AnAfATAKAIAAA3BFBDBHBGBHBMBJBKBIBHA9A1ApAeAWAOAHAC
3502754,BDBSBEBaBCBfBVBNBFBQAsA4AnAlAVAPAGAEACBVBAA9BNBhA+BiBFBFBIBGArAzAfAWAPAHADAB
3502804,A1A9A9A4BBBCBIBNBQBEBAA6A2AqAeAVAMAHADA1A7A3A3BFBIBLBSBWBMBGBGBBA1ArAeAUAKAH
3502903,AsBBA5BBBAA8A+BABRBGBFBABDBAAvAgANAFABAtA3A/A/A4A0BCBKBSBLBFBKBFA3A5AZANAFAI
3503000,A2A8BFA/A1BJBEBGBDBBBCBFA8AxAdAbAQAGAIAwBEA7A8A/BBBPBSBHBEBEBMBCAyAmAdAaAGAF
3503109,A+BEBJBJBOBKBHBABIBCBDBAA4AuAeAWALAGACA9BCA7BABKA6BHBNBSBEBNA0A7AzAgAVANAFAG
3503158,A5A5A6BCBHA6A8A0BGBCBKBUBFBAAfAcAGAOACAsA2BNBMA3A8BABHA8BHBJBWBEA6ApAUASAMAH
3503208,A1A9A6A9BEBKBOBQBRBCA+A4A0AoAcAUALAGAEAxA4A4A5BFBKBQBWBWBKBGBCA/AyAnAbATALAJ
3503307,A5BAA7A9BABKBNBRBRBBA+A6A0AsAgAQALAHACA4A8A2A8BBBNBQBSBYBHBHA+A8AyAlAaARALAG
3503356,A9BHBFBDBDA/A4BLBIA4A/BLBIArAmAfAPAMACA7BJA0A4A/A5A+BSBHA0BGBHBEAuAnAjAWAIAE
3503406,A0AzA8AzA9BMAxAzBHBIA9BXBLAwA2ApAWAKAFA4A1AzA8AxA1A8BGBFBBBUBABPA8A9AhAXAIAG
3503505,BEA/BKBIA/BEBLA+BOBIA/BBA7A6AaAYAKAFAAA6BCA4BHBHBBA7BKBWA/BAA/A4AmAiAVAUAFAX
3503604,BBBDBJBIBWBLBSBPBPBABNA7AtAfAYAPAJAFABA9BDBGBIBNBJBOBNBMBGBEBAAsAjAYAQAMAHAC
3503703,AxA1A2BIBHBEBDBJBUBOBEBCA6AwAmAYAJALABAxA3A5A8A0BAA+BWBNBSBGBCA8A7AqAcANASAH
3503802,BAA/BCBNBOBLBNBTBOBAA+A3AxAjAZATAJAFABA/A+BBBEBMBNBKBVBZBLBCA6AvAnAbAUAQAHAD
3503901,A+BHBHBGBOBNBGBHBQBBA9A7AyAiAYAOAGAFACA1BEBDBIBRBJBKBXBaBIBEA+A0AuAcARALAGAE
3503950,A+BDA4A6A4AuA6BBBJA9BUBFA9BAAzAdAUAIAIAzA6A0A7A1BFAvBFBJBJBQBWBBApA3AnAVAGAH
3504008,A1BAA9A+BDBMBKBMBNBDA9A7A2ArAfAUAKAFAEAyA7A7A7BEBEBLBPBTBIBHBIBAA2AqAbARALAH
3504107,A3BBBAA+BEBEBJBQBUBFA+A4AyAqAfATALAGACA5A/A9A6BEBBBMBTBYBJBEBEA7AwAkAaAQALAH
3504206,A0BBA2A8A+BABIBIBKBBBFBKA6AxAmAdAKAJAKAwAzA3A6A5BCBHBGBPBQBEBPBGA0ArAdAZAJAD
3504305,BAA/A+BEBDBOBEBIBJBCBCBCA6AwAiAcAIAEACBCBNA9A/BCBEBKBJBABFBCA/BAAyAiAVAOAIAG
3504404,A1BABCBGB2CHBpBcBYA/A9AzAuAjAXARAIAGAAA5A8A/A8BCBABBA/A+A8A6A5AvAoAdAUAMAJAE
3504503,A7BDBDBDBNBMBOBOBPBHA+A3AyApAbASAKAHACA7A+A+A9BCBDBQBSBQBJA8A8A7AtAmAZARAJAE
3504602,BDBDBCA7BBBTBcBdBXBEA4AzArAhAXAQAIAEABBCBAA+A5BHBVBdBeBWBKA8A3AxAmAaAQAQAGAC
3504701,ASASARAbBlEmEyEcDoCKA4AvAZAcAXAGAIABADATAYAbAVAUAOAfAhAaAVAbAYAUAZALALAKAEAB
3504800,A2A1A+A+BDBGBHBJBKBHBCBHA3AtAiAWAOAIAEAvA2A6A4A8BFBIBPBRBKBOBFBCAzAsAfATALAF
3504909,A+A2BFBPBBBIBBBDBPBHBJA8ApAnAbAZAOAHAAAvA1A1A/BQBBBFBEBRBNBIBWAzAvAoAnAQAQAF
3505005,BCBGBEBGBHBCA6BDBDBAA7A8A9A8AoAWAOAKAGA/A/BQBDA/BCBGBGBLA6A/A6A2A6AkAbATAIAC
3505104,A6BFBEBHBHBHBEBGA9A9BFA7A3AvAhAXALAFACA/BEA7BEBDBLBJBBBGBEA+BJA9AzAnAeAPANAF
3505203,A8A9A8BABJBIBEBOBJBDA9BBA5AuAhAUAPAFADA4A7A6A+BEBEBFBMBIBGA+BFBBA2AnAgAZAMAD
3505302,AvAyA3A3A6A+BHBLBTBKBHBHA+AwAgAXAMAKAEAuAxA0A4A7BBBIBSBUBSBNBOBEA5AsAdASANAH
3505351,BDA9BLBSBMBUBCBNBVBFBCBAAzAtAaAUAQAEACBLBEBJBNBKBABCBEBMA/A4A2AwAgAbAYAIAJAC
3505401,BDBBBUBbA/AxA6BEBCBDBCBAA3A0ApAgARAHABBEA/BPBBA+A4BGBCBPA+A+A6A6A7AZAXATAIAF
3505500,A6BCA7A8BGBGBQBPBPBCA7A7AzAnAbAUALAFACA1A+A4A5BEBOBUBVBSBIBEBDA9AxAoAcARAJAG
3505609,BEBIBLBQBRBNBPBVBQBEA5AxAtAdASAKAGADACBEBFBIBGBSBQBVBaBTBEA9A4ArAiAXAPAJAEAD
3505708,A+BLBDBIBLBHBNBYBXBJA5AtAmAfAUAJAFADABA8BPBDBEBKBOBXBiBmBQA+A2AwAkAYANAJAFAC
3505807,A7A7A/BCBJBHBABHBIBDBHBGA3AqAgATAQAFABA2BAA+BEBABHBFBIBHBHBNBCBBAyAnAbARAIAJ
3505906,A0BBA8A9BIBGBJBPBLA8A/A7A3AtAjAYAMAGAEA4A5A7A9BFBKBMBNBQBCBFA/BCAzAmAdARANAH
3506003,A3A9A7BBBOBRBOBPBQBCA7A3AwAmAbASALAHADA2A9A6A9BJBMBKBRBUBIBCA/A9AwAmAbASAKAH
3506102,A8A7A7A8A/BFBIBPBMBFBAA6A5ArAhAXAOAGADA7A3A3A3BBBIBNBVBOBHBFBDA9A1ApAeASAMAH
3506201,BABOBEA+A/BHBRBKBQA+BIBAAvAnAaAWAXAAAEBAA/A9A5BHBEBMA/BJBKBQA6A7AtAiAZATAGAC
3506300,A3A3A2A3BNBxBsBjBOBDA7A9AyArAgAXASAGACAzA7A1A5A9A7BDA7BBA8A8BFA3AxAoAgAZAKAM
3506359,BHBKBJBOBUBJBEBPBMBFBAAyAuAnAaAPAGACACBEBABDBJBQBNBFBXBTBNBAA5AxAkAaANAHAEAE
3506409,A0A+A6A3BCBBBFBEBOBIBFA+A+AwAoAfANAMACAuA8A3A5A6A/BEBLBKBKBNBAA/A+AxAdAQANAO
3506508,A2A/A/A9BCBHBGBMBQBJBGA8AyAoAeAVAOAEACA1A7A5A7BBBHBLBRBUBOBLBIA7AyAmAZASAHAG
3506607,A8BDBGBNBQBJBEBKBIBCBAA5A0ApAiAVAJAGAEA7BBBDBHBMBGBHBLBJBEBFA/A0AsAhAYANAGAE
3506706,BGBJBEBDBNBIBIBKBPBBA8A5AvAoAgATAJADAEA+BEBEBEBJBQBEBMBQBDBEA8A6AqAgAWAPAGAC
3506805,A3BBBABCBCBKBGBSBQBGBCA7AyAqAfATAPADABA2BBA+BABEBKBHBQBWBJA/A+A6AtAoAWARAJAI
3506904,A7BEBEBFBDA9A6BGBKBDBBBBBGA7AsAcAPAIADA0A9A6BEA/A9A2BFBFBJBEBIA8A7AnAYAPALAH
3507001,A9BFBEBBBIBJBOBVBUBFA7A1AvAoAcARALADACA5BABBBBBFBJBQBaBWBGA+A7A1AsAgAXANAHAD
3507100,A+BHA8BABQBUBPBQBNBOA+A3AvAcAaATAJAEADA4A+BMBEBIBOBRBCBKBFBLBQAuAqAaARARADAF
3507159,BMBTBRBWBUBTBHBABLBABJA1ArAeAfALACAIACBPBKBGBTBPBYBLBJBCBOAuAzArAeAOATAIAAAC
3507209,BLBCBCBDAkBGBNBSBLBEA+BKAxBAAmATAKAEALBCBABFAqBPBBA6BLBGBBBGBKA8AtAwAWAEAJAE
3507308,BHBJBPBJBUBKBNBXBDA+BAAyA0AnAaAQANAHACA+BABBBFBBBFBNBQBKA7BAA9AyAsAfAYAHAPAD
3507407,A2A2AzBFBJA1BBBPBFBTBDBJA5A5AoAXAOAGACApA9BGA5A2BDBCBLBRBGBOBJBIAzAgAZAWAMAC
3507456,BCBYBBBbBLBIBIBABEBFA+ArA1AhAhAMAKADAEBBBOBLBOA6BIBQBTBTA/A/A/AuAuASAXALAGAH
3507506,A4BBBABDBGBKBLBOBPBCA6A0AvApAeAUAMAFADAzA9A+A+BLBNBQBVBRBGBBA9A6AzAmAaARANAG
3507605,A3A+A9A/BKBJBMBRBTBGBAA2AxAmAdATAJAHACA1A7A6A9BJBLBRBXBXBKBDA9A6AtAjAZAQAKAF
3507704,BLA4A8BABBBNBABFBFA9BIAzA9AsAiAVAXAJAGA6BFBAA/BKBABEBCBLBHBBA6A7AvAkAgAZAPAK
3507753,AyBBBEBBBABFBBA5BdBIBMA6BFAuAuAeAMAAAFA0A5A4A+A9A7A+BFBiBJBBBLA8A3AhAbAOAIAG
3507803,A+A/A+BFBHBMBRBMBLBAA+A8AyAnAfATAMAHACA6BBA8BABGBKBPBSBNBIBDA9A4AuAkAWANAGAM
3507902,A8BBA5BDA+BCBGBWBNBBA/AwA8ApAoAVALAKACBAA4AzBQBABMBPBQA/BFBNBBA5AtAoAYAPARAH
3508009,BJBQBOBSBTBGBMBKBJBAA5A1AuAhAcAQAKACAEBJBJBQBRBLBJBKBSBHA+A8A0AwAkAZAPAKAFAC
3508108,AyA6BCA9A8A9BABEBIBCBKBCBDA2AmAaAPAFABAzA/BAA7A7A9BHBHBIBIBQBNBIA3AoAfAPAMAG
3508207,A7A3BABBBBBBA/BLBTBJA5A1A8AvAcAdAYAIADA1BAA2BHA2BBBJBKBWBKBBBFA5AzAsAbAXAJAI
3508306,A/BGBABNBHBLBOBLBFBHBEBBA2AtAbAVARACAAA5A8A+BDBEBGA+BPBJBHBGA9A1AqAlAbANALAF
3508405,BCBIBLBKBRBRBPBQBQBCA9A2AnAiAVAPAIACACBCBFBDBIBRBSBSBVBSBEBAA4AtAjAaAOAJAFAD
3508504,A9BDBDBCBEBFBIBSBUBDBBA5A1AnAeASALAEADA5BBA9A9BFBEBNBXBWBIBDBAA6AtAhAXAPAIAG
3508603,A/BCBCBDBCBEBDBKBNBDA9A6A0ArAgAUANABADA4BBA/BFBEBABFBMBYBJBABKA7AyAnAcAWAHAD
3508702,A/A7A+BEBIBAA+BBBIA+BBA/A+A5AqAbAQAJADA4A0A5BFBHBEA/BGBIA7BCBJA5A5AvAeAVALAF
3508801,A6BABCA/BDA9BIBIBNBCA+A8A1AvAlAWAMAHACA8A9BBBDA4BHBFBMBUBCBHBCA/A0AoAaANAOAM
3508900,AzA2BAA5A1BGBLBBBJA+BEBUBIA3ApAZAPALAEA2A5BBAvA6BABKBHA6BEBIBRBOAtAlAiAVAJAJ
3509007,A7BBBIBKBJBNBJBLBLBFBGA6AvAjAYANAFADABA5A6BEA/BJBPBRBRBSBUBKA+A6ApAgARALAGAE
3509106,AqAmA1BCCkCZB/BmBLBBBDBKA/AoAgAWAPAGACAlAsAwAyArAqAyA2A1A5BBBIA5AsAgATAPAIAE
3509205,BFBLBJBHBQBPBTBcBZBGA8AtAjAaARAJAGACABBDBIBFBGBNBRBZBjBfBLA7AyAqAdAVANAHADAC
3509254,BEBNBNBNBNBLBFBHBPBFA7A5ArAnAbATALAJABBFBKBMBKBIBIBHBLBNBEA8AzAxAlAaASAJANAB
3509304,A2A3A4BCBABEBIBUBRBBA/BEA5AwArAXANAIACAxA6A5A9A9BBBABOBPBBBHBGBAA0AsAjAVAOAD
3509403,A8BEBJBGBHBJBMBNBJBBBBA6AyAtAfASAQACADA4A7BBBDBGBNBNBKBOBCBAA/A6ArAiAYAQALAG
3509452,BCA2BHBDBMBEBKBJBJBLA9A+A/AxAjASAPAFADA/A8A8BABNBEBJBCBLBFBFBDAwAwAnAXAOAFAE
3509502,A0A8A7A9BIBMBOBOBQBCA+A2AwAoAdATAMAGADAyA5A4A5BHBOBRBUBWBKBGBCA9A0AoAbATALAH
3509601,A6BHBGBHBLBIBFBOBPBEBBA4AzAlAaAPAIAFABA2BCBEBGBGBJBMBQBUBKBEA9A5AvAfAUANAHAE
3509700,A+BDBDBGBPBOBKBKBNBEBCA4AxAlAaAOAIAEACA6BBBABFBNBJBNBOBSBKBIBCA3ArAeATAOAEAE
3509809,BABBA9BPBVBGBEBFBOA/A9BBA6ArAfAbARADADBIBIA2BABIBABABEBEBKBIA3A1AvArAZAQAGAE
3509908,A+BEBFBOBBBABAA6BNBNA8A8AxApAtAVAJAIACA/BFBLBKBIBDA+BJBRBDA+A0A1A2ApAaAQALAE
3509957,BJBHBXBHBNBQBPBHBZAxA3A3A2ApAZALAEAGACBFBNBDBJBPBNBLBOBOBEA5A+AuApAWASAKACAC
3510005,A4A7A/A/BEBABJBIBIBBBBBBA9AuAhAXANAGAGA2A7BAA8BABCBJBPBKBDBKBKA/A4AnAbAVAIAH
3510104,A1AyAuBABFA5BIBFBKBFBGBBBOA1AlAdAcAMAAAoAsA0AzBAA5BKBRBLA/BDBPBDAxAuAqAVAWAM
3510153,BKBEBJBOBaBiBFBKBSA/A5AzAjAZAWALAKAEAABSBPBIBRBbBWBUBOBIBNA0AsAlAgAVAPAKAGAB
3510203,A+BCBKBTBNBMBDBEBSBEA8A9AtAjAdASALAEAEA4A/BCBIBIBLBOBKBSBJBCA6AwAqAkAXASAFAD
3510302,BABCA8A9BpB4BsBeBWBHA9A3AzAlAaARAFAHACA+BDA/BABGBBA/BFBCA8A3A2AvAkAbAQAIAHAD
3510401,A8BDBDBJBDBIBQBQBIBFA/A4A0AnAcASAIAHABA4A9A9BABMBHBQBNBRBNBAA9A3AwAiAXANAKAG
3510500,BBBHBHBEBEBFBJBLBNBEA/A0AvApAdASAKAEADA8BFBCBFBDBLBKBSBXBKBCA7A3AwAhAVAOAFAF
3510609,A+BKBEBKBPBMBJBSBPBCA9AzAnAgAXAMAGADABA9BGBCBHBQBMBOBYBXBMBEA7AzApAdASAKAEAD
3510708,ArA4A9BEA3A2A7BEBJBBBBBLBAA9AsAiAVAIABAwA2A7A4A5A0BDBGBMBCBIBNBLBBAxAmARAPAK
3510807,A2A7BCBBBNBVBTBbBWBDA8A/A3AuAjAWAPAFADA2A1A8A7A+A/BDBMBLBBA/BBA6AyAmAbAQAJAG
3510906,AsA7A9A7BEA4A/BJBKBHA7BSBPA+AnAdATARAJApA2AzA4A9A7BFBCBLBABRBNA7A4AmAaASAPAM
3511003,A4BDBHBEBDBBA+BEBHBHBFBAA5AxAjAWALAIADA7BDBDA9A/A9BFBJBQBLBHBHA7AzAiAZAPAGAH
3511102,A1A5A7A6A8BHBJBQBPBCBABAA1ArAfAVAOAHADAyA4A4A3BABGBNBTBUBHBLBIA/AzAsAdAUAOAI
3511201,AzBEA+BDA+BBBNBQBSBFBGBEA1AxAkARALAFAEAxA4BCBBA8BABGBYBUBIBIBCA6AsAqAVANAJAF
3511300,A8A6BCA+A/BHBSBUBWBIBBAzAzAmAeAYANAEAGA4A9A9A+A6BKBSBbBaBBA/A8A1AtAlAYAUAIAE
3511409,A9BDBDBFBMBZBlBeBSA/A+A3AyAoAcATALAFAEA6BABABFBCA/BJBJBHBBA6A4A0ApAhAWASAIAE
3511508,A2A9A/A+BHBHBKBUBWBHA/A4AyApAfATAJAHACA1A9A8A+BFBEBOBWBZBIBFA+A5AwAmAaAMAJAG
3511607,A1BIBCBFBTBPBUBSBUBCA8A7AwAoAkAYANAFABA8A8BBBFBBBKBQBJBPBMA1A4AzAlAkAUALAFAG
3511706,BCBBBGBDBEBIBQBOBQBEBDA4AyAsAgARAKAGACA5BEA8A/BMBKBRBPBIBGBAA+A4AqAfAXAMAJAE
3511904,BDBFBGBHBIBEBTBTBGA+A2A9AzAqAdARAKAKACA+BBBKBJA/BABYBQBMA7A7A/A3AtAiAVAPAKAC
3512001,A5BGA6BABHBCBNBMBHBBBDA+AwAsAdAXAJAGAFA7BEA5A/BEBIBKBPBTBEBMBCA8AsAlAbANAMAG
3512100,BABLBMBGA9BBBCBEBQBMBDBKA5AoAdAVAMAFACA9BFBGBFA+BCBIBMBNBKBBA5A3AtAfAZAKAGAC
3512209,BHBGBDBJBTBRBUBMBNBAA8A1AtAiAZAPALAGAABDBABABGBQBRBSBNBNBAA+A4AvAkAcAVAMAJAE
3512308,A6A/BBBGBEA9BEBFBKBCA9BEBDA0AlAZARAFAGAwA9BAA6BCA9BGBJBGBBBGBEBCA2AqAaAPANAH
3512407,A+BbAzBCBNBRBQBPBWA4BBAtAvApAVAWANACADBCA/A8A9BCBZBOBJBfBABBAzAxAqArAXAIAMAH
3512506,A5BEA8A9A5BLBHBJBRBEBEBDA2AwAkAXARAFABAvBIA/A5A0BGBGBJBUBSBGBCA+A1AnAUAMAKAK
3512605,A4A8BBBFBEBCA9BDBMBABABJBIA6AmAbAQAEAFAwA3A9A+BABDBCBCBMBIA8BJBAA1AqAfAWAFAC
3512704,BIA8A9BEBNBJBcBPBEA2A+BBA3AqAjATAOADACAzBLBEBDBIA8BWBQBHBIA6BAA+AkAhAYAPADAD
3512803,A6A8BEBGBHBLBVBOBTBEBBA5AyAkAbAQAJAEACA7A5BEA9BJBLBTBQBRBNBCBEA0AsAeATAQAEAE
3512902,A9A+A6A8BGBJBGBOBIA9A8A7A5A0AsAYAUAMAEA2A6A3A+BJBDBDBJBKBBBBA/BCAzAsAeAXAHAG
3513009,BBBMBKBIBJBFBLBYBVBHA8AyAoAeAVALAGADABA+BKBFBEBHBLBSBfBgBLBBA3AwAmAaAPAKAEAD
3513108,A2A/A9BGBIBLBLBOBSBEBAA/A2ApAcASAJAGADA1A6A6BEBKBJBHBRBUBDBGBAA9AvAiAXALAKAI
3513207,BABGA/BEBDBCBDBUBNBCBAA9A8AuAdAUANAFADBBBCBABABEBGBOBTBNBDBABBA8AoAeAVAJAKAH
3513306,AyAvBGAwAzBBBBA9BOBTA0BSBTA0AjASAUALAFAvA3A2A2A0BBA/A+BSA5BKBaBQA9AtAhAfAKAI
3513405,A2A7BFBBBCBEBCBIBOBGA9A9A1AvAgAUALAEAEA4A9A+BABFBDBHBOBSBJBBBIBCA2AmAbASAMAF
3513504,A/BHBGBMBPBLBIBLBNA9A6A6AuAhAVAMAGADADA/BGBDBIBQBOBPBTBPBHBGBCA5AmAaATAOAEAE
3513603,A8A7A7BCBEBABFBEBLBGBLBNA9A3AlAaAPAKADA0A1A1A8BBBGBEBGBMBFBLBIBBAvAlAZAPAMAA
3513702,AzA8A4A/BDBGBKBTBQBGBAA9A3AvAhAWARAHACAzA7A6A5BABDBKBQBOBIBHBFA/AyApAcASAOAG
3513801,A4A/BABEBRBKBQBTBSBEBAAzArAfAVAMAHADABA1BBA9BFBPBOBTBbBYBNBJBCA4ApAeARALAFAD
3513850,A0A9BGA8A6AwA2BEBGBVBFBZBCA7ApAeASAOAKAsApApBAAqA+A/BFBLBABYBFA8A+AyAmAgAIAF
3513900,A2A1AyAxA+BABDBPBRBCBMBBBAA/AtAbARAHABAwAuAyA6BCBABKBMBQBFBKBEBGBAAtAdAOAHAH
3514007,A5BBBRBDBRBPBbBgBZA6A5AzAmAiAYAMAMABAAA+BKBHBGBIBTBSBbBPA/A7A2AtAkAaAUAGALAD
3514106,A2A8BCBLBIBEBFBOBNBUBBAzA4AkAbAZAMAIACA7A8A8BFBDBCBHBVBTBJA+A7A0A9AdAZAOAMAH
3514205,ArA2A6BQA7BMBDA4BDBEBDBKBUAuAmAdAdAIACAvA6AyA9ArBHA/BDBFBRBRBFBMAyAjAkAeAFAE
3514304,AsAxA8BCBFBHBEBLBMBEBHBFA+AxAnAaAPAFAFAtA7AvA2A8BABEBRBTBLBEBGBFA6AqAeAWAMAD
3514403,AyAzA3A6BABMBPBMBQBFBAA/BAAtAiAVARAGAFAyA0A0AwA6BABHBGBQBKBGBIBFA9AuAhAZATAH
3514502,AzA5A1A5A+BIBCBCBIBFBDBFA+A2ApAdASAIAEAyAzA5A7A+A5BFBJBMBJBKBLBDA7AtAjAbALAF
3514601,A/BCBBBGBXBPBOBYBNBEA3A3AvAlAcARAJABADA5A0A2BIBZBLBTBiBSBEA8A4AwAoAbAQAOAHAF
3514700,A/BFBCA4BCBNBJBGA/BABGBDAzAtAjAWANAMADBEA5A9A+BHBDBBBHBABFBCBGBEAwArAcAXAKAD
3514809,BHBMBTBRBGA/A/BABLA/BCA2AvArAhAZAOAGAGBJBNBHBLBBBJBCBGBMA+A9A5AwAoAeAXASAIAF
3514908,A+BJBDBJBPBSBLBKBMBFA/A5A2AnAbAQAKADADBBBABCBDBIBIBNBOBPBFBCA9A2AoAcARAOAGAC
3514924,ApBLA6A/A5BMBLBJBXBQBMA9A3AyAjAZARAJACA0A+A9A1A0BHBHBTBNBKBABEAzA4AkAZAOAIAH
3514957,A5A2BNBDA1A0BFBWBKBFBIBLBCA4AtAVAQAOADAkA0A4A4ArA8BGBOBQBDBCBNBKA3AnAdAYAEAJ
3515004,BABLBKBMBSBPBLBQBRBBA6AuAmAdAVALAGACABA9BJBGBKBRBPBPBZBZBLBDA4AxAnAcAPAIAEAC
3515103,BDBHBEBNBNBJBGBJBPBIA7A2AyAmAZASAIADACA7BFBIBHBJBLBGBUBTBGBDA7A1ArAdATALAGAD
3515129,AwA+AvBEBCAwA7A+BGBDBOBVA+A4AqAlAaAHAAA7AvA2A8A+A4BBA9BDBEBSBQBDAtA5AhAYAPAH
3515152,BJBHBDBNBfBhBaBVBLA5A2AzAoAYATAOAPAAAABCBEBCBLBmBYBWBWBIA6A5AvAnAfAWAQAEAGAI
3515186,AwA3A5A8BHBFBEBGBMBIBHBBA7AvAjAWANAIAFAuAyA2A5BFBHBJBLBPBJBQBKBBA3AqAeAUANAE
3515194,BCBIBVBIBRBOBTBNBNA6A8A0AvAlAZAPAEAFABBNBJBABHBQBUBKBJBFBFA6A4AxAmAgAXAGADAG
3515202,A0A5A8BFBJBLBIBPBTBHBEBCA6AxAkAXARAHAEAuA7AzA4BJBDBDBIBOBCBABJA5AzApAaAVANAC
3515301,A6BCA9BKBABCBDBOBCA1BHBOBDAmAcAPANAIAJA0A9BSA6BBA2BSBJBCBFBMBMBDAmAnAbAVADAJ
3515350,A+BBBMBNA3A5BBA8A/BLBRBDA4AqAbAYAVADADA3A+BFBHA4BEA/BDBNBQBPBLA9AuAhAaAZADAD
3515400,A4A+BBA9BDA7BHBLBKBCBDA6A7A0AjAYARAGADA5A6A9BBBCBCBJBRBPBCA9BGBCAyAqAeAUAHAG
3515509,A0A7A2A7BFBFBGBMBOBABAA9A3AtAjAZAPAKADA0A5A2A4BEBHBMBLBUBGBHBDBCA5ArAeAVANAH
3515608,AwA3A0BCA/BCBBBGBPBKBDA/A+ApAsAdAXAIADAxAzA6A5A9A1BLBKBcBDBTA/A5AxAwAlAaAOAI
3515657,A4BKBIBMA+A6BABIBTBSA7AqA2ApBGAVAQALACBCBCAnBLAvBOBTA/BIBKA4AzBEAvAcAlAWAFAH
3515707,BCBLBHBMBRBQBMBPBLBAA9AzAqAfAUAKAGACABBABGBFBIBRBRBQBWBUBKBDA7AxAmAaAQAIAFAC
3515806,AlA/BCBFA1A3A8AuA/BBBKBTBGA7AwAfAOAOALAyAwArA0AtAtBABHA/A0BWBeBKA4BGA2AZASAH
3515905,ApA0ApBCAwA4A3A3BGBABABLBQBDAyAsAVANAKAeAuAvA0AvAvA6A7BDBOBLBfBKBQBEApAbAYAO
3516002,AwA3A0A8BZB3BxBeBWBJA/A+A5AqAhAWANAHAEAwAvA2A0A/A8BBA7BDA8BCA/A6AuAmAeAVAKAC
3516101,ApAwAuAwBPCaCvCmCSBkBEA5A0ArAjAUAHACAFAhA0ArAnArAqApAwA6AxA1A0AyAnAaAUAPACAD
3516200,A7BCA9BDBMBMBNBMBLBBA/A6AxAnAbASAKAFADA4A+A6BBBLBLBQBQBRBGBFBAA6AvAkAYAQAIAF
3516309,BLBOBLBRBTBUBOBOBJA8A2AsAqAhAWAJAGACAABJBIBGBNBVBUBUBRBMBCA9A3AyAnAZANAGACAC
3516408,BABKBEBJBZBYBXBZBaBGA7AtAmAeAWAMAGACABA/BFBDBGBLBLBOBWBXBIA8AzAuAoAcAOAIAEAE
3516507,AqBCBBA7A3AwBFBLA/BLBZBIA2A3A2AYASAPAEA2A0AzA2AxA3BABFBGBIBRBQBCA5ArAqAZANAA
3516606,AyA7A/A3A2A8A/BIBRBHBIBCA9A3AvAgALAJADAyA2A3A9A2A9BABHBUBPBDBEBBA+AxAeAWAOAN
3516705,A3A3A8BABHBFBHBFBMBDBBA6A3AwAjAXAMAFAFA0A5A5A+BDBCBHBLBRBOBIBDBAA4AsAdATANAH
3516804,AtBFA8BFA8A2A2BVBMA/A8BEA6AuApAkAOALABAtA/BCBNA5A3BABKBNBFBHBBBCA4A0AiAXANAC
3516853,BJBFBFBGA/BHBOBVBLBCA9A7A4AlAZARAJAHADBBBHBCBFBNBJBXBIBQA+BCA+AvAjAcAVAOAGAF
3516903,A0A4A5A6BBA6A9BJBCBJBFBKBBA1AzAcAMAGAGAxA7A2A1A7A/BBBFA/BSBBBLBSBAAsAhAUAHAH
3517000,AuAwAzA4BNBvBtBxBnBPA/A+A3AsAfAYAPAIACAqA1A4A9A/A1A9A8BDA+BAA5A8AuAnAaARAMAE
3517109,BBBAA9A6A+AxA9A+BIBBBLBCA+BEArATANAPAAA1A6BCA4BCA8BBBEBGBIBOBLBIA3AoAeAXALAC
3517208,BCBFBMBKBNBBBFBQBMA9BCA3AxArAZATAMACADA9BEBDA+A+BNBNBOBPBFBDBEA3AtAeAVAMAGAH
3517307,A6BMBCBKBGBDA/BOBKA8A7A7A5AyAiAbAKAKAEA5A5BCBDBEA+BHBCBQA/BIBBBAAyAiAdATALAG
3517406,A6A4A/BCBEA/BLBRBPBHBGA8A3AoAcAUALAGACA2A2A+BFBJBEBOBSBWBNBGA9A8AtAkAZARAEAE
3517505,A6BFA+BBBNBPBMBTBSBBBCA3AxAmAdATAOAHAAA8A/A+BBBMBOBRBQBOBGBBA4AzArAhAWANAJAD
3517604,A4BEBEBKBJBCBEBEBKBKBHBCA6AvAmAVAJAIAFA+BBBFBEA+BEBKBFBLA/BBBBA6AtAfAXAOAIAD
3517703,A6BBBDBOBPBIBFBJBLBCA9A6AyAqAfASAHADAHA7A/A9BMBRBJBDBOBQBHBDA6A3AuAnAYAPAIAE
3517802,AuAzA6A5A7A3A8BBBGBJBNBIBEA7ArAgAZAHAGAqAsAzA8A5A1A4BDBMBNBTBMBGA/AxAmAYAVAG
3517901,A2A+BCBGBHBBBFBWBNBEBCA+A4AuAkAYAIALADAyA3BJBCA+BDBJBOBIBFBEBAA4AvAnAaAKATAF
3518008,AnBEBABCA4BBBBA3BMBIBABEA/A6AyAbAWAPAEA7AvA6A2AkA6A+BSBBBKBYBRBPAvApAiAUAKAH
3518107,BCA/BLBHBIBEBBBJBNBIA8AxA3AvAkAQANAGADA8A/BOBBBNBEBDBNBJBFA9A9A1AxAmAaAPAHAE
3518206,A0A+A+A/A+A/BEBRBLBEBEBEA3AqAgAYAMAMADAyA9A7A3A7A/BJBQBPBGBLBHBCA0AoAfAUASAE
3518305,A7BIBFBIBKBEBDBLBMBDBCA5AyAsAhAWAIAGABA2BAA/BBBFBCBMBNBTBHBFBBA5AwAlAYARAHAD
3518404,A4A9A7A+BDBDBHBLBNBFBEA+A2AqAeAUAMAFACA2A7A7A8BCBEBMBPBTBKBKBHBCAzAoAcASAKAF
3518503,A0A2AvA8BoCMCMB9BwBQBGA6AxApAbATANAHADAxA0AyAzA8A7A2A4A+A8AxAxAtAmAbARAGAIAF
3518602,A8BDBHBJBJBGBLBTBQA+A5A6AuAkAZAMAJADAEA5A+BDBHBLBSBUBfBZBGBCA9A2AmAaASANAHAC
3518701,A9BHBFBHBNBLBHBKBMBCBAA4AuAjAXANAHAEABA8BEBBBGBNBNBNBSBUBLBFBBA4AqAeATAMAHAD
3518800,A+BHBDBHBPBLBMBQBQBDA+A0AqAfAWANAHADABA8BEBCBFBMBNBQBYBXBMBFA9A0ApAdASAKAGAD
3518859,A+BFBGBLBABJBEBGBJBEA9BCA2AxAnAYAKAGADA6BEBHBDBCBCBDBIBRBJA8A8A3AzAkAVANAFAG
3518909,A7BEBBBLA9BIBGBJBPBEBDBDBBAzAgAZARAJACA0A1BFA8A6BCBABKBTA9BABDBAA4AcAbARAHAF
3519006,A9A7A9BKBIBEBMBIBJBIA9A+A2AsAfAUANADAFBAA/A9BJBDBLA/BOBIBHBBBEA+AsAgAbAUAJAE
3519055,A9BHBCBMBOBHA+BKBXBHBBA6AyAnAcAQAMACAFA3A9A8BBBBBBBEBXBoBSBBA+AyArAkAQANAEAF
3519071,A+BGBEBFBSBWBZBbBSBFA8AxApAfAUALAHADABA9BFA/BBBKBSBXBXBUBGBBA5AyAlAaAPAJAFAC
3519105,A+A+BEA+A+BHBFBPBOBLBBBJAvAtAdAXAMAHADA3A9A9A+A/A9BKBSBYBKBCA+A4AzAmAbAQAKAC
3519204,A3A7A/BCBEBABFBGBDBHBABDBEAwAnAbAQAIAFAyA7A2A6BCBGA+BBBFBHBFBQBFA0AtAhARAMAI
3519253,AwA0A/BMBDBbBuCLCXCUBqBkBLA5AmAUAMACAAAxAvA0AvAvAmAvAyAuAvAqAjAgAaASAJAEAFAC
3519303,BFBFBFBJBQBMBRBVBQBGA/A0AtAgAWAPAIAEADA7BFA/BKBJBLBSBWBQBGBBA8AxAkAYAQALAGAC
3519402,A5A9A4A9A/A+BHBTBSA/A/BAA4AvAjAbAPAKADA1A9A4A8A4BJBGBMBQBEBDBABEA4AmAhAbAKAF
3519501,A/BGA5BBBIBEBCBFBHBIBCBFAyAuAiAZATAGACAuA+BABGA+BBA+BKBHBHBLBJA7AsAqAdASATAF
3519600,BBBAA/A/BHBJBOBRBSBDA/A5AxAnAbATAJAGADA7A7A8A+BGBJBOBTBSBHBDBAA5AvAiAYARAKAD
3519709,BDBOBCBGBGBFBDBLBMBFBDA5A6ArAkATAKAEACA/BGBAA6BFBFBIBKBLBGBCBDA5ArAhAUAPAHAD
3519808,AwA5A7BCB0B1BeBfBdBHBCA5AxArAgAUAOAFADAsA8AyAyA7A5BDBBBLA6BCA+AuAzAkAaALAKAD
3519907,AwBAA8A9BABGA+BCBEBCBIBCA8A1AmAXAQAIAGA7A+A9BAA/BCBCBIBIBGBNBKBEA0AlAgATAMAF
3520004,A6A+BBBFBEBHBKBQBTBHBHBHA8AmAZASAIAFABA3A5A/BAA/BDBJBUBPBLBMBFBAAqAeATAKAKAF
3520103,A3A+A+BEBBA/BKBOBKBCA6BAA6AqAeAUAQAHADA4A7A+A8BBBFBOBRBOBCBGBDA/AyAoAeAVAOAG
3520202,A8BCA8BIBIBEBJBLBTBBBAA5A9AuAkAVAPADADA9BCA/BCBFBHBGBLBOA/BBBAA6AxAjAVAJAOAB
3520301,A6A8BCBSBBA3AtA8A7BVBRA5BEA+AkAgATAJAEArBOBABEA5AzA9BKBEBDBHBGA9A4AsAhAPAIAI
3520400,BBA/BOBJBPBMBKBRBdBMA+AtAvAgAXAOADAEABA2A/A+BDBTBKBNBfBdBSA9A7AvAhAbAOAKAGAF
3520426,A1BABBA+AzAwAvA+BAA/A+BEBRBUA7AcANAGAFAxA7A5A6A0AyA2A+BMBFBDBSBZBSA5AbAPAIAE
3520442,AvA3A9A9BEBDBEA+BGBIBIBEA7AvAkAeANAIAFAtA2A1A6BABDBBBEBNBPBVBOBDA8AuAgASAKAI
3520509,A6A/A/A/BEBGBNBZBZBHA/A2AxAmAaARAKAFABA5A/A7A6BEBFBSBdBcBLBCA9A4AsAiAWAOAHAE
3520608,BEBAA+A8BJBGBJBIBQBCBHBCA4AsAnAXARAFABAvA3A4A6BAA6BKBHBJBFBQBCBDA2AlAdAPAJAH
3520707,ArA4A/AzA3AzBCA+BLA+BLBBBFA4AvAnAUAIAGAwA4A6A7AsA6A+BJBKBHBIBCBdBAA1AlAaAKAF
3520806,AuA2A5A+BIA3A3BSBNBCBLBKBBA3AoAaALAEAFA4A1A4BABDBBBABNBLBQBDBGBHAwAiAVAbAPAH
3520905,A+BFBHBNBHBGBDBJBJBCA8A5A2AnAfATAOADAEA8A8BFBABIBJBIBNBLBGA/BBA8AtAjAeARAHAG
3521002,BCBKBFBEBVBlBoBhBbBHA7A4AtAmAYAQAHADABA/BEBCBCBEBGBHBLBHA+A2A0AwAkAYAPAGAHAC
3521101,A/BHBCBHBPBPBFBPBOBCA9A7AwAoAeAVAMAJABA5BEA9BEBOBRBJBLBQBCBEA2AxAtAfAUANAIAD
3521150,A9BIBRBAA8BJBDBLBHBGBEBDA1AvAhAWAJAMACA6BABEAyA/A/BMBSBLBEBIBCA9AuAjAVAMAKAE
3521200,BEBTBLBOA8BABIBLBRBCA7A8A8ArAZAOAPAGAFA5BDBVBOA/BBBLBBBHBOBAAzA0ArAZAZANAFAG
3521309,A7BAA+BNBSBNBQBPBVBJA/A5AwAiAcAPAGAEACA7A/A6BJBLBNBJBTBSBJBBA5A0ApAdAVAKAIAF
3521408,A8BCA9BEBPBKBMBdBTBAA/A+AxAoAXARAHAFAEA4A5A9A/BHBJBQBUBZBFBDBCA3AnAfAVAQAIAB
3521507,A5BDBBBEBLBEBKBPBNBFA5A6A8AxAkAbAQAGABA0A9A+BEBCBDBABIBNA/BFA7A8A4ArAVASAJAD
3521606,AsApAwBDBiCMB7BtBUBFA9A/A1A0AnAYATANABAnAuAqAsArAxAyA2A7A+A/BBA+AyAtAkAZAMAF
3521705,A9BBBCBEBIBJBGBPBQBDBDA8A4AuAeAUATAEABA/A+A+BDBHBKBKBNBQBFA/A8A0AtAjAVAMAIAE
3521804,BDBFBGBFBDBNBKBXBWBKBDA/A6AtAeATAJAEADBABFBCBFBDBCBCBMBPBAA8A8AvApAcARANAFAE
3521903,A6A7A6BGBMBOBMBKBKBCA8A7A3AxAmAaAPAFAFA5A1A2A6BHBIBEBLBKBCBGA+A6A0AuAbAUAKAI
3522000,BBBMA5BOBDBDBIBJA+A/A4A4BAA5AlAcARADADBBA9BABABCBDBABQBGBHA3BFA3A2AlAaANAHAK
3522109,A5BFBIBKA/A5A7BABEA/A7A4A7A3ApAZAMAGADA0BCBHBEA+A4BCBMBQBDBDBFBJBBAvAaAQAHAG
3522158,A6BEA+BIBDA6AzBKBGBUBMA3A8AxAnAYAUAFAFBDBNBABIA8A/A+BKBNBLBBA2A9ApAlAaAMAIAG
3522208,BABKBOBNBSBLBIBQBPBEA8AxApAgAYALAGACABA+BIBHBIBNBNBLBWBVBMBFA5AzAmAaAQAKAEAB
3522307,A/BCBBBIBVBTBRBSBPBCA7A2AxAmAaAQAJAFADA6A/BBBFBJBIBLBQBQBDA8A6A3ArAgAWANAIAG
3522406,A/BGBGBKBQBMBJBOBNA+A6A5AuAjAcASAKAEACA9BFBBBFBLBLBOBTBQBGBBBAA3AmAfAVANAGAD
3522505,BGBRBHBMBTBQBQBUBPBBA9AuAlAcARAJAFACABBCBPBHBKBQBVBVBaBUBHBBA0ArAiAWAMAGADAC
3522604,A2A4AzA5BFBJBMBLBTBGBCA7A5AyAhAWAOAHAFAzA3AwA4BCBMBKBRBOBHBJBGBEAxApAcAVAKAG
3522653,BIBLA/BhBjBOBHBUBIBGBCAzArAdAZAXAJAFADBMBGBABTBVBPBJBOBCBBAzAzAkAYAcAUAIAGAC
3522703,A4A8A4A9BABHBHBPBMBDBEBFA4AsAgAYAPAGAEAzA3A3A8BBBFBIBQBRBFBKBFA9A0ApAeARARAE
3522802,A1BFBEBIBBA5BBBNBJBCBCA9A5AyAnAXAJAHAGA4A/BMBEA9A+BEBKBPBHA+A+BCA6AlAaASAJAE
3522901,BHBCBGBJBRBMBLBKBNBEA8A1A1ApAcAMAOADABBHBDBEBFBBBQBKBOBHBEA9A5A1ArAhATAMAJAF
3523008,A2BCBGA+BDA8BLBDBIBHBGBABEAwAoAaAQAGAAA6A8A9BCBBA8A8A+BHBKBOBEBIA2AoAUATAEAF
3523107,BIBPBMBPBVBPBMBQBLBAA6AxAnAdASAJAGABAABDBNBJBNBTBQBQBVBSBGBCA3AvAiAWANAGADAD
3523206,A/BGBCBIBHBJBEBJBIBFA9A4AyApAfAUAJAGADA9BAA8BJBIBKBJBOBMBHBDBAA4AuAlAYAQAIAF
3523305,A/BPBZA/BLA/A4BDBFA9A4BBA8AxAhASARAGACBHBEBOBJBDBFBBBHBCBDBBBFA4AlAdAVAWAKAD
3523404,A4A/A+A7BIBJBMBTBYBKA/A5AzAnAcARALAEADA3A9A4A8BCBIBOBZBZBKBEBAA9AtAkAUAQAGAE
3523503,A/BBBGBRBmBmBcBXBQBCBAA2AtAhAXAQAIADAEA9BBBEBHBHBIBJBKBFA/A6A1AqAkAbARAHAIAG
3523602,A1AxA6A6B7CdCGB7BjBMA+A0AkAnAaASALADACA0AtA2A6A7A2A4A5A+A1A+A1AsAkAgASANAJAE
3523701,BKBIBHBCBQBJBDBHBGBEA8A1AtAuAqAaAPAIAGA8A/BIBPBDBLA+BHBABJA6A5AuAzAhAdAPAGAG
3523800,A8A8A+BFBSBJBMBZBTBHA2A6A9AtAiAUAMAEADA6A6A5A7BBBOBJBRBJBCA0A9A/AuAkAZAQAIAH
3523909,A7BABCBDBLBIBKBPBOBFBBA7AzApAcAQAIAFACA7BBA8BBBGBIBHBQBWBLBGBCA7AuAfAVANAJAF
3524006,BFBOBJBGBRBPBUBZBZBEA7AyAnAeAUALAHAEACBABGBEBCBJBPBVBaBeBHA6A0AqAfAYAPAIAEAD
3524105,A7AzA9BABFBFBEBHBXA/A4A8A3A1AhAYAOAIADAzA4A3BCBCBHBCBPBaBJBFA8BHA2AnAhARANAG
3524204,AxA6BEBHBDBDBHBPBPBIBEBGA8AsAeAPANAFAEAyA4BAA+BEA+BFBXBLBEBFBJA7AvAnAdASALAD
3524303,AyA2A7A9BDBGBJBLBRBCA9A9A5AsAhAVANAHACAvA4A5A6BIBJBIBRBWBKBGBGBAA0AsAdAUANAH
3524402,A5BCBDBDBDBGBIBNBPBEBDA2AxAoAeASAKAFABA1BABABABDBHBMBWBYBNBEBAA5AxAlAYAOAIAF
3524501,BBBMA9BIBSBNBLBaBOBLA8A4AtAmAbALAMAHADBBBCBBA+BKBKBSBVBPBNA4A2A5AgAYATAJAIAD
3524600,BCBIBEBNBBBAA+BHBPBEA/A+A0AsAfAWAMAKADBABJBBBJBDBDBFBFBLBIBCA/A1AsAkAWAOALAF
3524709,A+BHA4A+BGBPBWBSBZBEA8AwAtAlAWASAJAFACA9A/A+A7BNBOBVBcBaBKBCA6AzAnAeAWAMAGAD
3524808,A4A0A2A8A7BEBDBJBPBDBBBHA9AvAiAZAVAFACAyA7AxAxA8BIBCBKBWBJBNBLBIA5ArAhAUANAG
3524907,A7BEBDA7BABDBGBIBRBIBBBCA9A1AnAVAKAFAEBDBBA/BEBBA/BHBDBOBLA+BCA6AsAkAVANAGAJ
3525003,A+BMBCBLBTBPBNBPBRBCBBAzApAeATALAGACAAA+BIBFBBBRBNBSBZBYBHBNA7AxAkAbAPAIAFAD
3525102,BGBLBBBHBOBVBYBdBXBEA5A1ArAkAeARAIAHADA+A/A+BDBCBHBMBMBJBEAzA4A2AoAiAUAPAHAE
3525201,BHBKBHBEBKBIBQBSBTBHA/A0AvAlAbATAJADACA/BEBDBDBGBHBSBZBTBDA7A4AxAoAdAPAJAHAF
3525300,A2A8A9BCBFBBBHBPBSBEBCA8A2ArAeATANAFADA0A4A2A+A9BEBLBUBYBLBFBGBCA1AnAcAVAKAG
3525409,BQBSBRBLBWBSBHBbBHBFA7A1AmApANATAMADAGA6BKBABIBRBRBJBIBOBIA0AzAuAfAfANAKAJAB
3525508,A4BCBDBJBDBEBKBNBPBABHA7A4AvAnAZARAGACA3A6A+A7AzA9BKBPBKBGBDBDBBAvApAZARAHAI
3525607,A+BHBLBMBABIBKBEBLBNBDA4AyAkAdAYAQABAAA8BOBMA7A+BDBMBXBNA6BCBAA2A0AcAQAOAFAF
3525706,A8A/A9BEBJBLBLBTBQBBA9A5A2AqAeAUALADAEA6A8A9A+BHBLBPBQBPBCBDBEA3AvAhAaAPALAD
3525805,BEBABGA9BKBABEBQBAA8A+A9A6AtAhAWAJAIAFBCBFA3BCBTBKA/BDBPBABFBCA6AvAgAkAOAMAC
3525854,BLBNA1BMBWBHBKBLBNBBA/AyAuAoAcATANACAEA+BMA+BDBJBDBUBLBPA4A8A4A9AmAYAZARAUAA
3525904,A2A7A7A7BCBGBOBWBXBFA/A4AwAoAcATAMAGADA0A6A5A5A/BHBSBZBcBMBEA/A6AwAnAbASALAH
3526001,A1A6BAA8A/BVBgBdBaBIBEA/A2AuAhAZANAJACAvA4A5A4A2A7BFA+BJBCBJBFA2AzApAcAVAKAI
3526100,BCBFBKBMBJA5A3BBBHBEBCA9A5AwAmAcAPAIAFA5BFA+BEBEA4A+BGBLBFA/BFBBAzAkAaAVAEAH
3526209,BEBHBKBABXBAA/BHBIBJBCA6A1A1AjARAIAGAEBCBOA+BFBLA/BFBMBIBIBHA7A1AqAfARAKAEAC
3526308,AyAuA3BCA2A/A+A8BSBDBWBHBOA2AqAmAUAOAFArA1A1A5A5A7A1BFBNBFBaBKA7A6ApAgAUAPAG
3526407,A6A+A+BBBKBMBKBNBPA+A8A3A2AqAiAWANAGADA7A7A7BDBKBFBLBQBNBFA9BBA6AxAmAbATAMAH
3526506,AaAaAhAhCaEJENDcChBVA7ApAjAaAUAOAKAGAAAWAcAbAeAeAgAhAlAqAmAlAmAhAcAVAUANAEAF
3526605,BDBOBIBNBJBKBKBVBLBHA/A1AvAhAWAQAKACACBBBJBKBCBGBRBIBPBVBGBCA3AwAqAZATALAFAB
3526704,A8BBBFBGBIBMBOBUBQBFA8A3AuAkAdARAKAEACA4A+BABDBHBMBRBYBTBGBAA8A2ArAiAVAMAJAE
3526803,A7BABABCBJBMBOBRBPBDBAA8A0AnAcARAKAEACA6A+A+BABIBKBNBUBUBIBCA+A4ArAgAWAMAIAF
3526902,A1A6A7BBBKBJBMBQBRBEBBA8A0AsAfASALAEADA2A5A4A8BGBHBPBUBUBKBFBEA/AxAkAXAOAKAF
3527009,A3BABDA9BCBABGBIBTBDBGA9A7AuAjAXANAIACA6A3A1A6A/A7BGBUBMBBBPBJBDAzArAaAVAHAH
3527108,A4A6A7A/BFBKBIBOBMBBA/A9A0AsAeAUANAGADA2A8A5A2BHBEBJBQBXBIBGBHA+A2AqAcAVALAH
3527207,A8A/A/BEBIBFBIBMBNA+A8A5AxArAdAUAHAHADA5A+A8BABGBNBLBNBTBFBCBEA8A1AoAcATAIAG
3527256,AxBAA6A4BBA3A2BBBPBABSBBAzBAA3AlAaAGADA2A3AwBBA7AxAwBNBHBNBFBDBDBDAyAsAXAIAE
3527306,BDBNBABBBYBYBWBXBeA/A2AsAkAhAUANAGAEACBCBFBCBCBRBbBSBhBZA+A1AwAsAiAYAOAHAIAE
3527405,AyAyA4A7BGBQBaBfBnBeBWBQBAAyAlAaARADAEAuAvAzAzA1A6A4BBA/A8BABBA8AvAkAcASAKAI
3527504,A4A3A+BDBNBKA4BjBYA/A0A0AuA/AvAYATACAFAwA4A/A+BHBBBCBHBSBDA7AoBCA4A7AcAUAGAG
3527603,A/BGBOBQBLBOBMBUBOBFA4A0A0AkAWANAJAHABBDBABHBIBFBTBQBVBQBABAA4AyAiAbAPAMAEAC
3527702,BGBKBGBEA/BDBHBbBHA2BAA9A3ArAfAVANAKAAA5BHA4BEA+BJBKBKBBA9A8BKBHApAiAYAOAKAM
3527801,BBBCBIA+A6A5BEBEBVA9A+A9A1A1AgAYARAIADA0BJBCBKA7A9BIBFBQA/BABKBCA1AmAcAPAOAC
3527900,A8BLA7BJA4A6BEBMBIBEA6BGBDAtAUAdAWAHAHAzA8BNAuBBA+BQBJBEBBBCBMBEA4AtAaAWAGAC
3528007,A+BBBEBDBGBKBKBQBQA9BCBAA0AmAcARANAGACA7A9BDBDBFBIBPBSBMBCBBBEA6ApAfAVARAKAF
3528106,A1A1A6A0A7A4A+BOBIBDBIBGBBA9AtAhAbAJAGAwAyAvBBA2A/BBBBBMA/BJBHBKA5AsAiAhAMAH
3528205,A1A6A4BDA3A0A6BBBPBJBBBMBCA1ArAgASANAEAwArAwBFA8A4A6BHBSBKBSBLBKA5AzAdAPANAL
3528304,AiA1A9AzA+A7A/A8BLBLBLBCBEA/AoAjATAMAFAsA9A7AvA4AwBOA6BNBNBJBGBMA6A1AnAdAPAF
3528403,A9BFBDBDBPBRBNBSBSBHBAA4AyAmAeARAKADABA6A8BBA/BDBFBKBUBSBEBCA/A3AtAgAUANAFAD
3528502,A9BIBEBDBIBFBFBLBVBFBCA/A5AqAcARAJADACA8BFA+BBBEBIBJBPBWBLBEA+A3ArAeAVALAGAD
3528601,AuA3BCBIBGBABKBVBHBPBEA7A6AoAmAXAMAFAFA3A8BFBFA8BDBJBKBJBLBNAwA8ApAuAgAOAJAH
3528700,AuAtA4A4C1DBCABhBQBJBABGAwArAfAUAPABABApAuArAjApAnA0AtA8A/BBA9A5AoAcAQALAFAE
3528809,A7BAA8BCBGBCBEBKBSBFBEBDA3AsAhAWAIAIAFA4A+A9A9BABCBGBTBMBIBIBEA4A0AmAdAQAGAE
3528858,BDA/A1BCBGBIBSBIBTBGBJA3A5AvAeAZASAGADA1A0A3A3BBBDBNBVBUBDBCBFA3AvApAbAIAHAH
3528908,A2A6A/A8A9A9BFBKBNA2A/BRBJA0AwAVAIAMAJA3A5A4A7A3A8BMBFBFBDBDBVBGA5AfAkAaAFAE
3529005,A6A/A7A8BHBKBHBMBPBFA8A4AzApAeAUAMAGADA6A7A6A9BFBJBKBSBVBKBGBCA8AzAoAaATALAH
3529104,AoA4ApBFA1A/A/BHBDBOBXBUBJA6AkAiATAFAEArAmA7AxBFA4A6BDBNBKBSBTBiA5AtAPALAKAH
3529203,A3A8A7BCBJBaBUBaBNBCBEBEA3AsAgATANAJACA0A4A7A6BBA+BCBDBIBABGBHA9AyAlAaARAKAH
3529302,AwA9A9BABEBHBNBTBSBFBAA5A6AwAfASANAGADAxA6A1A+A+BKBNBTBXBJBHBCA/AwApAXAOAJAE
3529401,A8BAA/BFBOBPBOBTBOBDA/A2AtAiAXANAIAEABA5A/A9BBBNBRBTBXBWBIBIBCA2ArAeATAMAFAD
3529500,BAA8BEA9BGBCBNBYBPA+BABAA1AtAkAcAMAIAFA6A3A3A7A5BFBSBPBNBABBBEAwA0ApAdAQAMAE
3529609,AqA6BBBABFBCA/BDBNBMBNBCA/AtAgAdARADAFA2A/A4A/A8BDBGBIBQBQA/BGA/A5AlAaAVAJAG
3529658,BABDA8BHBQBEA/BHBMBEA6BEBDA4AbAWASAGAGAuA1BVA2BEA4BJBHBIBRAzBKA8AsAoAZANALAI
3529708,A3BEBNBEBKBJBKBSA/BPA2A5A0AsAhARAGAFAAA+AvBKA+BQBMBFBQBEBKBBBMA2AtAkAcAKAJAF
3529807,A2A/BBBGBCBCBCBQBVBCBDA+A2A1AlAUANADADA6A5A9A+A9BDBNBUBPBJA/BBBBA0AlASAQAIAG
3529906,BCBJBJBKBEBAA7BEBHBBA/A/A3AwAnAUAOAHAEBCBKBJBFBDA/BDBGBIBEBBBDA5AuAgAZAOAFAG
3530003,A0BBA5AtA2A0A+BABRA+BGBGBIBNA/AaAOAHACAzAyA0A0AsA5BDA+BABYBKBLBZBGAzAbAYAEAC
3530102,ApA5A0AzA7BdBzCDB1BdBRBCA5AmAmAUASAJACAjArAxAzAvAsA6A7BBBFBDA9A5AnAyAfAVALAI
3530201,AxBDBFBFA8A1A+A6BHBIBHBLBEA5AkAaAUAHADA2A5BBA/A5A1A7BHBBBLBSBRA+A4AsAcATAIAH
3530300,A7A9A6A9BDBEBMBOBRBGBEA9A3AoAeASALAEAEA8A9A6A7A+BGBNBTBVBKBHBGA6AxAmAYAVAJAE
3530409,A5A5BEBBBIBKA+BLBQBIBCA9A0AwAjAfAWAHACA/A/A9A/A/BGBGBMBDBIA9BCA3AuAnAZANANAJ
3530508,AzA6A5A/BGBCBGBLBQBABDBCA5AzApAYAKAHAEAzA6A4A9BBBABHBMBPBFBGBJBBA3ApAcAUAKAG
3530607,A8BEBGBHBMBIBIBMBOBCA8A1AvAlAZAPAKAEACA8BCBCBEBKBMBNBTBUBJBEBAA4AsAgAVAOAJAE
3530706,A5A/A9A/BFBKBMBRBQBGA/A6AyAqAdAUALAFACA4A7A7A7BFBMBQBYBTBGBEBCA7AxAjAXAOAIAF
3530805,A1A6A6A+BFBFBGBRBTBEBCA/A4AvAfATALAGADAzA6A5A8A+BGBNBSBSBGBHBHBAA4AnAaAQAKAH
3530904,BNBQBEBFA+BLBGBSBCA8BDBCAyAhAUAUANABAEBQBOBEBDBNBNBEBFBLBEBCA+A4AmAdAUAOABAF
3531001,AnBHA9A6AqAtAuBIBEBJBHBRA/BIA/AYAUAQAJA0AuA0A7ApAqA4BEBJBOBLBOBeA+AgA2AWAHAM
3531100,AzBIBDBDBJBOBCBIBEBEA9A4BFA6A1AWAKAFABAyBCA9A9A3A7A1BBBFBIBBBGBNBAAzAXAPAIAB
3531209,AtA6A7AzA+A9BCBRBJBGBGBGBJA6AkAgAUAEACAwA4AwA3A3A/BHBNBQBGBEBIBNA4AsAdAQASAG
3531308,A2A5A1A6BCBGBJBVBPBEBEA9A8AvAiAXALAHAFAxA2AyA2A/BGBKBPBTBEBJBGBCA3AsAcAWAMAI
3531407,A4A4A+A+BEA/BFBNBRBBBCBAA2AsAmAZAWACADAvA3A2A9A8BABKBTBNBJBGBEA+A6ArAgAfAGAE
3531506,A2A4A9A/BBBKBLBRBSA/BHBCA5AtAmAaANAIAEAwAzAyA6A5BDBLBOBNBHBJBGBAAwApAdAWANAF
3531605,A/BBA9BDA4A/BBBEBRBBA+BEBCA1AkAZAKAOAFA5A5A0A4A+BAA/BKBOBBBDBEBEA9ApAiAbAIAH
3531704,A0BDBMA7BDA0A+BKBEBDBABIBGA/AlAcALAIADA6BIBKA7AtA1A7BMBSBDA9BPBHAzAfAeAXABAH
3531803,BCBJBKBEBLBNBOBTBbBGA9AwApAhAXAMAIADABBBBIBEBGBKBMBSBZBaBHA9A1AyAkAZAPAJAGAD
3531902,A7BABBBJBNBMBJBTBVBHBAAyAyAiAZAQAJAEABA9BFBEBFBOBKBGBbBXBDBCA3A1AjAhATAOAIAB
3532009,A+A/A9BEBMBKBLBNBSBDA8A8AsAoAjARAKAEADA/BDBABFBGBMBOBQBRBKBEA5A2ArAhAWAKAHAH
3532058,A7BJA/BIA9BIBFBFBPBNBEBBA9AsAkAWAQADAAAvA+A7A8A9BGBIBMBZBIA+BEBAAsAiATAPAMAC
3532108,AtA7A3A6A/A4AyA7A9BGBdBeBBA4AsAfAQAJAHAtAwArA2A4AsA4A8BOBIBIBUBOBCAyAwAYARAM
3532157,A7BHBMBGA6BJBEBNBOBBBTBBAuAqAPATAIAEAEBEBFBGBEBHBGBSBHBLA/BHBHA2AeAkAVAOAMAC
3532207,BKBRBMBEBHBMBDBOBLBGA9A1AyAfAZAQAKAEAGBCBSBOA/BRBUBLBRBKA8A/A5AxAfAcATAHAGAE
3532306,A7A9BHAyA4AvA/BBBOBDBSBPBLBCAzAhAaAFAFA0BAA9A8A6A6A2BFBIA+BBBDA9A6AoAeANANAC
3532405,A+BABABEBEBDBMBRBLBFBEBCA5AwAjAXAQAEAEA5A6A/A7BCA+BMBLBRA/BHBEA3ApAkAWAPAKAH
3532504,A6AzA0A4A3A9A+BVBPBGBGBIBAA0ApAeASAMAFAyAzA3A0AzA6BEBSBMBGBIBFBEA6AvAgAeAOAG
3532603,ArAzA7A3A4A1A6BBBNA+A8BKBHA/ArAhAWANAFApA1A3A6AzAyA8BPBNBEBPBUBHA/A5AsAXANAM
3532702,BHBKBEBHBHBJBVBbBTBEBDA9AoAjAXAaANAEABA9BMA7A8BABJBSBFBMBKA/A3AzAhAgAVARAHAE
3532801,A+A7A9BHBMBKBEBGBMBBBBA6A0AwAiARARAHAEA5A9A9A8BGBGBDBKBOBJBABFA7A6AgAdAUAMAE
3532827,BJBNBIBQBcBMBLBOBLBBA7AyAtAeAXAQAFAGAABFBPBIBNBUBWBSBOBJA9A4A5AsAfAVAPAFAKAB
3532843,AqAvAkA3A6AvAyA6BJBABUBDBVBNBEAqAYANADAlAkBBBDA1AtAjA/BOBUA5BEBaBKBEAmAkAKAF
3532868,AiBBBEBLA1A7BKBIAvAwBcBFBHBDAjAbAWAEAABKBUBEA7A1BHBSBJBXBBBMBCAlAyAVAgALAKAA
3532900,BEBCBQBIA0BFBMBgBYBKBDAzAqAuATAOANAEABAuBFA/A7BGBEBLBSBlBCA7A5A4ApAYAfAWAFAD
3533007,BBA7BFBCBkBCBFBLBQA6A8AzAzAtAeAQARAHAEA9BJA0A+BNA9BOBPBNBFBCBCA0AqAkAcAKAPAG
3533106,A6A9A9A+BFA6A4A+BFBIA0A7BCBHAuAVAfAEADA+A4AvA1A9A6A9BKBMBGBBBBBYA4AqAqAUAOAK
3533205,A2A5A6BGBsCUBzBmBbA/A3AyAuAcAXAPAKAGACA8BCA8A9BIBFA7BIBMA5A7AvAxAiAXAUAIAFAC
3533254,BBBQBFBGBJBOBgBPBWBBA+AvAoAhAYAPASADABBCBKBIBIBEBXBTBXBKA5A3A5AoAbAdAVARAGAB
3533304,AzA2A/BNBAA8BCBJBYBKBVA1A8A4AoARAOAHAHA6A4AzBAA7A0A9BNBLBPBJA9BFA2AoAjASADAI
3533403,A3A/A7BABFBIBIBQBcBIBBA+A1AoAeAQAJAEACA1BBA9A6BDBFBKBaBaBNBIBEA6AtAhATAPAGAE
3533502,A4A+A/BDBABDBIBPBPBCBDA8A6AvAhAWAOAFADA1A7A9A7A/BEBLBMBNBIBGBFA8AzAmAcAUAKAE
3533601,A9BEBBBABBBGBRBJBMA6BEBCA2AtAhAUANAGABA8A9A/A6A8BKBTBLBPA7BIBFA9A0AkAVAPAKAG
3533700,BHBHBDA+BHBJBBBIBFA/BBA7A4BAApAXAOALAFA7A9BFA3BJA8A7BGBCBBA6BFBAAyAkAYARATAD
3533809,A0BCBIA9A9BIBHA/BHBFA+BMA+A+AvAfAPAJAAApA1A9A1BDBIA1A2BMBABEA9BRA8AtAYAaALAI
3533908,A7BAA+BBBBBIBOBRBPBAA+A2AxAoAhAWAPAGABA3A9A+A9BCBJBRBXBSBCBAA+A6AwApAcATAMAF
3534005,BABLBGBNBQBABOBPBFBNA8A4A4AiAhASAHAGADA5BAA+BJA2BHBHBbBUBEA8BGAzAqAdAWAOAGAE
3534104,AxA7A3A+BDA8BCBPBJA1BBBBBIA2AiAWANAJAEA5A7A7A5BBA5BGBWA+BDBEBPBSA2AmAgAiAFAI
3534203,A/BIBGBDBFBEBLBYBTBJBGA7AtAmAbAMAOAFACBFA+BEA9BEA/BbBeBSBMA/A2AsAmAbATAHAJAE
3534302,A6A/A/A+BEBGBLBIBLBCA/BCA4AoAdAVAKAGACAvA3A3A+BDBLBKBTBUBIBLBDBBAzAqAaAUAJAF
3534401,A5BFBABCBKBJBQBSBOBCA+A1AsAfAWAPAIAEACA5BBA8BBBLBNBTBYBZBNBFA/A5AsAhAVANAKAE
3534500,AoA3BOA8A0AsA9A6BJA8BGBGA6AuA+AbAXAMAIAnAtA9AuA3AtA5BKBQBIBKBTBGBHA/A6AgANAD
3534609,AvA4AzA6BWBNBHBHBIBBBDBDA/AxAmAaATAJAEAtA1A3A1A3A+BCBFBMBGBJBIBFA+AtAiAaAOAG
3534708,A4A9BCBDBFBEBCBIBIBDA+A9AyArAeAVAOAEADA6A/BAA+BGBEBIBQBRBGBJBGA+A0ApAeAQAKAG
3534757,A2A5BGBCBBBFBLBKBOBEBJA1A8AtAgAbAHAGAFAzBBA4A8BABRBFBVBLBGA+BHBFAxAiAWAUAHAF
3534807,BGBAA+BGBCBDBIBKBFBBBBA8A0AmAdAWAMAGAGBEBDBGBIA+BIBHBHBMBGBJBBA6AsAkAXAPAMAH
3534906,AhAnAoApCBDMDACbCDBSA9A2AzAkAbAVAPAHAGAgAiAjAjAhAoAnAuAzAsA1A3AyApAfAXAWAIAF
3535002,A8A9A6BABCA9BFBaBMBEBDA+A4AvAnAZAOAKAFA6A3BCA5A3BHBKBKBLBEA+BCA7AxArAgATALAJ
3535101,A9BABDBJBJBLBYBYBbBKA7BAAuAfAWAOAIAEACA8BCBFBEBPBLBLBWBYBDBDA3AtAhAXARAMAGAE
3535200,AsAwA3A+A8A5A7A5BDBJBQBVBLA6ApAjAXAOADAsAtAxA2A3A3A1BBBNBNBKBSBQA6AxAoAaARAF
3535309,AyA5A7BEA/BBA/BEBLBHA+BAA4A0AoAcAOAJAGAxA1A4A8A8BBBDBIBLBKBFBHBDA+AyAmAUAOAI
3535408,BCBIBEBLBHBGBFBCBJBEBFA7AwArAfAUALAEADA/BHBIBCBEBMBEBIBIBHBDA6A3AuAnAXANAHAE
3535507,A5BBBBBBBGBLBQBRBJBJBAA+A3AoAeAVANAHACA6BAA7A7BCBFBFBHBNBEBGBEA6AxAoAaAOAKAI
3535606,A+A9BDA8BGBCBMBEBKA/BDBHA+AzAlAaAQAHAFA7A9A5BABBBCBGBEBIBBBGBIA/AzAlAYAPAKAE
3535705,A4BAA5A4BBBEBHBPBWBJBFBDA9AzAlAYAOAIADAxAsA+BAA7A6BEBVBXBEBGBCA8AyAiAdAVANAD
3535804,BIBHBFBJBQBSBHBNBRBEA9A7A0ApAcAQAJAFACBDBHA8A/BLBMBIBOBMBIA9A8AzApAZATANAFAA
3535903,A6BAA0BJBLBGBKBDBNA+BDA/BBAuAkAWAVAFACBABCAxBLA9A9A/BFBNBJBBA7BBA1AvAVARAHAM
3536000,AzA7A5A+A9BBBDBHBIBDBGA/BGA3AoAaASAOACAvA0A0A7A8BBA5BKBMBDBIBOBFA4AwAhAXALAL
3536109,A6BFBLBSBZBLBEBHBLBDBFA8AwAnAcAPARAJAEBBBCBGBFBHA+BGBKBPBHBBA3AwAuAfAdAGAFAF
3536208,BFBGA/BIBIBCA5BQBUBDBAA0AyAqAfAYARAHAEA7BFBCBEBDBNBCBQBMBLA6A+AzArAmAbAUAJAB
3536257,AxA1A8A9A9A6BCBLBHBAA7BCA/A+ArAeAOAGAHA3BLA7A/BBA8BNBHBNBCA+BJBBA3AnAkAWAGAF
3536307,A9BHBFBIBRBGBQBEBUBLA4A6AuAtAjAUAKAHABA7BBBDBBBFBFBLBHBOBJBAA1AyAsAnAQATAIAH
3536406,A+BPBKBDBIBEBEBKBKBCA/A+A8AuAhATAOAFACA+BNBFBEA+BGBIBMBGBABGA/A7AtAbAXAIAEAD
3536505,A4BEBEBFBEBBBMBYBWBKBCA4AuAgAZAOAHAEABA4BCBABBBEBGBTBeBhBNBFA+A0AmAdASALAHAF
3536570,A/A+A2BKBCBGBOBGBKBPBGA8AwA1AZAYASAIAEBJA+A+BHBDBFBDBQBFBGBDBAAwAnAdAgATAHAF
3536604,AyA1A7A/BHBJBKBKBQBGBEBHA3AuAmAcAPALAFAzA2A9A6BCA7BIBFBFBFBJBKBBAzAsAaATAJAK
3536703,A+BABEBLBHBNBKBRBGBEBCA/AyAnAeARALAEADA6A7BABCBHBPBIBOBNBIBHA7A3ArAgAVAOAMAD
3536802,AyA7A8BFA1BIBIBdBRBKBDBFA/A4AvAbANAIACA5A2AwA1A5A+BMBCBKBEBJA/A0A+AoAbARAKAE
3536901,AsA0A8A5A8AyA0BDBKBVBFBGBJBJA0AiAOADAKApAzA1A/AuAqA7A/BTBNBBBOBYBGAsAcAXASAK
3537008,A/BABCBIBOBJBIBOBRA+A9A6A0AwAfAWANAHACA3A/BABIBEBBBMBNBMBBBAA6A+AwAiAUANALAH
3537107,AxA6A6A/BLBJBKBVBQBHBFA+A2AqAdASAJAGACA1A2A1A8BFBJBSBOBWBHBIBIA8AvAiAZASAJAF
3537156,AwA1AuBGA6BFBHBHA+A+BUBOA/AuAqARAYADAGAwA6A1AuA7BGA9BFBRBMBRBOBFBCAlArAKASAE
3537206,A5BXBLBEA7A7BJBGBIA2BJA/BIA5AnAYAJAJAEAzBJA9BCA4A8BMBFBFA9BDBFBCAzAlAYAMAFAE
3537305,A1A9BAA9BCBABGBKBPBCBBA+A4AsAiAVAMAHADA2A7A+A7BFBABEBPBRBHBGBJA/A3AoAeAZAIAH
3537404,A2A8BAA6A7A9BJBEBJBFBKBFA2AtAkAZAUAGABAyA8A8A6A7BABGBEBMBNBRBMBEA1AqAhATAJAI
3537503,A+BHBFBFBCBCBMBLBFBBA8A+A5AyAmAbAOAGAAA5BGBBBABBBDBHBQBFA/BJBAA+ArAjAWAMAIAI
3537602,A4BCBIBIBBA5A7BCBHA+A7A6A7A2ApAZAOAGADA4A/BFBCA/A9A/BHBMBIBFBEBFA+AvAdATAHAG
3537701,AxA9A5BEBLA8A4BTBCBJA/BPBBA5AhAaALAGADAvA8BLAvA5A4BGBVBUBDBDBVA2A2AjAfAaAHAF
3537800,A5BAA+BCBGBHBIBMBPBJBCBBA9AwAhAVAOAFACA2A8A9A+BEBGBKBNBMBDBGBBA+AtAiAWASAIAD
3537909,BCBEBHBGBMBIBGBJBHBFBFA5A2AuAiAYARADABA7A/BABDBHBFBHBKBKBGA+BCA4ArAjAXAQAFAC
3538006,A/BFBBBFBFBGBJBNBSBDA7A3AxAqAdAQAKADACA8BBBBBDBGBHBNBXBVBJBBA/A7AvAiAUANAGAE
3538105,AxA7A8BAA/BCBEBNBZBJBIA8A9AsApAZAQAHACAtAzA6A3A7A8BGBRBQBGBMBAA6A4AuAfARAUAH
3538204,AyA7A6BABCBABABDBOBKBDBDBBA3AtAaAOAKACAyA7A7A6A9A+BBBKBPBCBCBFBGA8AtAcAUAFAH
3538303,AtA0A8A/A9A9BGA9BGBABFBZA2AtAfAfATAGAAAzA7A3BFA3A6BFBWBOBFBVBPBNAzAoAcAZAOAC
3538501,AxA+A+BFA8A+BEBCBEA7BABHA/A0AjAXAMAIADAsA4A8BAA8A9BABEBKBKBPBPBNA/AvAhATANAI
3538600,AyA5A3A5BFBDBJBGBRBEBHA+A5AxApAYASAEACAzA4A2A6BFBABNBLBUBKBMBCA/A2AtAaASAIAG
3538709,A2BAA8A/BIBKBPBVBRBEA9A2AxAnAdATAKAFACA0A9A6A7BEBNBSBWBXBHBBBCA5AvAlAaARAKAG
3538808,A3A9BABEBCBEBDBHBFBAA8BAA6AyAlAXAKALADA1A7A8A/BBBABIBNBNBIBEBJBAA5AtAbAPALAL
3538907,AwAyA3A2BXBsBsBhBXBCA6A8A6ArAfASANAFACAsAxAyA3A6BGBHBPBSBCA5A8BAAyAjAaAUAPAD
3539004,A4A4A4A/BCBMBDBMBQBGBHBDA3AsAjAbANAQADAxA3A2A6A6BGBJBLBLBDBKBDA/A4ArAcASARAE
3539103,BNBRBMBSBRBTBNBKBOBCBAAuAnAZATAMAHACACBHBOBHBNBSBSBMBSBUBIA9AyAqAgAUAMAIAFAC
3539202,A8A+A+A+BIBIBKBDBGBEBHBDA4AoAcAUALAGAFA2A5A+A8BKBHBJBJBOBJBNBGA+AyAlAYARAMAF
3539301,A3A8BAA+A+BEBEBLBKBDA9BAA6ArAiAZAOAGACA1A3A6A9BABEBMBVBQBGBEBGBCAyArAfASANAI
3539400,A8BEBCA6A+A7BABNBcBFBBA8A1AwAfAUAJAJACA7BEA9A7A+A6BEBUBiBOBAA8A8AzAnAXAQALAI
3539509,A/BABDBMBUBPBMBTBNBCBCA7AuAiAYAPAIAHACA/BABBBHBPBKBLBUBSBBBAA8AxAlAdAUANAGAF
3539608,AzBCBCBJBIA6BABJBbBEBEBBA5AvAdAUANAGAEA7A9A+BIA/BABIBMBUBGBCBDA/AtAgAXARAHAE
3539707,A9BCBCBHBABEBABRA4BTBDBDA9AsAiAYAOAHADBDBBBOA6A9A+A/BDBDBRA9A+A1A2ArAXASAMAC
3539806,A+BDBGBHBLBGBIBIBKBBA/A5AxAkAZARAHADACAzBCBDBBBPBMBNBUBQBKBGBEA9AuAgAWANAGAD
3539905,A6A1BCBABBA+BIBQBLA8BDA1A6A1AhAcAQALAJA2A9A7A2A9BBBLBGBEBBBABCA/AzAvAmAfANAN
3540002,A0A9A8BABKBCBDBJBVBJA9A8A2AxAiAYAKAHAEA2BAA3A4A/A9BDBQBeBIBFBFA/A2AnAdASAKAG
3540101,AqAxAzBBA+BHA9BMBYBABABIBFBJAlAXAXAHAEAtA/A3A8A1AvBGBDBKA+BIA+BQBBAvAmATALAH
3540200,BBBGBFBLBaBTBUBVBUBIA6A2AsAfASAMAFADAEBAA/BEBKBQBPBQBVBUBFA6A4AtAjAWAPAJAFAE
3540259,BFBJBKBDBUBKBOBfBTA9A/A/A2ArAoARATADACA5A6BCA9A4BAA6BLBLBDBGA1AzAtAgAcAIAJAH
3540309,BBA7BGAzA1A9BNBNBNA0A+BBA7A4AkAiAUAJAKAqBGA/AwAxBGBRA9BFBABLBHBGAxAxAtAMAOAF
3540408,ApA4BFA6A9A3BDBFBFBFBDBCBJAyAqAhAYALABAuA+BDBBAxA0A3BTBNBDBIBMBJA7AwAeAWAKAF
3540507,A4A2A+A+A7A7A/A9BDBABHBLBSBIA1AeAWAGADAyA5A5A4A6A2A/A/BABBBDBMBIBAAyAfASAGAH
3540606,A5BBA9BBBPBSBTBXBQBIBAA8A0AsAdATAJAIABA3A/A8A7BGBHBEBQBPBDBEA/A3AsAiAWAMAJAG
3540705,A0A8A/BHBEBHBKBKBMBEBCA+A2AoAfAUAOAGACAzA6A4BCBFBGBMBTBTBIBEBEA8AwAkAaASAKAG
3540754,A8BCBBBCB0CEB2BvBmBIBCAxApAbARALAJAAAAA9A+A8A/BEBAA+BFBGA9A7AyApAgAZAOAHAFAB
3540804,A5BCBAA8BGBFBPBMBXBBA8A5A3ArAiAVANAJACA7BBA7A+A/BEBIBMBWA8BCBEA7AwAkAbAWAIAI
3540853,AYAfAgAtDvFcDlCKBJBAA0AxAgAaAVAOAEADAFAeAoAfAvAhAkAmAhAtApAmAkAXAjAfANANAEAC
3540903,A2BBBHBKBFBGBQBWBTBCBBA7AzAkAcATAIAGABA3A9BABBBDBJBNBVBWBIBEA6A5AuAgAXALAIAE
3541000,A6BFBFBFBEA/BFBNBRBCA6AyAyAoAfARAJAEACA4BBBCBBBFBEBMBVBaBHBEA/A/A4AoAZAOAIAF
3541059,BABRBFBLBaBgBUBSBGA4A6A0AoAlAVALALADACBABLBJBTBOBSBNBNBJBEA+AyAwAjAXAQAIAHAB
3541109,A3A/BFA/BEA4A1BPBQBBA/A9BDA9AjAbANAFAEA3A4BDAzAzA0BIBLBKBSBFBCBAA+AuAeAaAIAI
3541208,AnAvAuA1BSB3B+BpBaBGBEBEBBArAmAdAPAJAFAnAsAvAuAuAyAyA9A+BBBCBHBCAzAqAiANAQAN
3541307,A1BDBHBGA8A9BDBEBKBHA/BEA7AoAjAVALAFACAyA8A+BGA6A6BJBLBPBOBIBKBGAzArAXAXAJAH
3541406,A3A7A7A+BFBKBJBIBLBCBCA8A0ApAfAVAMAHAEA2A4A2A8BFBIBJBNBRBJBKBJBCA2AqAdATAMAG
3541505,ApAuBBA+A4BABABFBKBVBKBAA7AvArAYATAHAFAuAzA1AxA5A3A6BOBOBMBNBYBOA8AzAeAXAQAJ
3541604,A6A/BEBHBBBHBGBFBLBGBAA/A4AqAfAVALAJAEA3A+A9BFBFBFBHBJBPBHBGBEA9AtAlAbATAHAG
3541653,A8A8BIBKA/A2BGBEBJBFBPBABCA0ApAkAMAGABArBOBBA3BBA+BEBOBIBFBIBBA4A3AjATAPAFAD
3541703,A9BLBDBEBFBJBFBMBOBGBGBBAwAsAYAVALAGABA6BABDA+BCBFBJBMBQBGBGA/A5AvAiAUAWAHAC
3541802,BDBKBDBGBJBKBOBTBVBKBGA0AtAhAKAUAWAAACA8BNBMBLBJBJA7BfBWA9A7A6AwAfAdAUANAEAF
3541901,BEBHBCBGBJBUBIA+BOBBBCA6A1ApAfAPAKAFADA+A9A/BCBOBKBFBJBMBFBCBBA5AsAkAWANALAF
3542008,A8BAA4BGBPBHBJBSBGBLA5A5AzAlAZAWAPAGACBNBABBA7BGBQA9BVBQBCBEA3A1AyAlAbASAIAE
3542107,BCBABGBHBGBABMBPBPBDA/A+AzAmAbAUAKAKAAA+A2A+A8BEBPBJBUBSBDA/BFA3AnAgAbAVAIAG
3542206,A4BHBCBDBGBAA9BCBJBGA6BHA8AyAZARAIAIAFA1BAA7BBA3A+BGBSBLBJBLBTBPAvAjAcASALAC
3542305,A2BBA/BGA9AxA6A9BKBRBIBFBVBNAvAfAVAGADAxA1BFA1A3A3A2A6BMBEBFBHBHA8AoAcAJAJAF
3542404,A4BABBBFBEBGBCBKBNBDBABBA8ArAfAWARAGAAA2A5A3A5BCBDBKBNBTBEBIBMA8AzAlAcAXAHAG
3542503,AgA1AhA6DmDOB8BXBUBNAvAwAtAsAgAMATAEAEApAqAuAyAuArA3AzA0A5A0AxAzAjAfAbAVALAD
3542602,A6BIBEBIBLBEBIBHBUBHBBA4AvAoAeAVAMAGAFAzBFBDA/A/BCBFBQBZBKBAA/A5ArAgAXAPAJAI
3542701,BABHBJBLBNBMA/BLBOA4BDBBA0AlAdARAMACADA4BSBGBPBGBGBHBVBNBFBBBBAyAoAYAQAMAIAB
3542800,BEBABJBNA6BCA5BJBFBKBCA9BFAxAnAbAMAJAFA4A9BIBGA/A2BNBEBABABEA9A2AyAqAZAaAFAG
3542909,A4A+BCBBBIBCBGBOBVBGBEA+AzAsAdAXARAHACA5BCBAA/BBBKBGBKBHBMBEA9A3AxAkAXASANAF
3543006,BQBKBIBRBSBPBLBJBOBBA+A5AuAlAYASAJAEABBFBLBJBOBMBOBNBMBIBEA8AzArAgAYAQAJADAC
3543105,BDBKBHA/BcBIBOBEBMBBA+A4AyAhAeAXANACAHA/BPBPBLBIBFBGBPBIA7A+A6AuArAgAWAKAJAB
3543204,A4A7A9BAA/A/A7BEBIBMBBBCBAA+AtAeAOALACA5A4A1A8A3BFA9BHBNBMBDBLA9AvAqAkAVALAF
3543238,A2AyA0A8A8A3AyBDBEBFBCBLAzA7AwAeAUALAIApAqA0A9BFA6A/BFBDBMBQBSBRA9ApAzASATAK
3543253,A9BDBIBJBCBFA/BMBZBEBLBAA1AtAkAVASAGACA1A1BABNA7BBBEBNBNBABJA9A1AoAmAZAOAGAF
3543303,A0A8A9BABIBEBGBLBRBJBCA/AzAqAfATALADACAyA7A6A8BEBFBJBSBXBPBLBGA+A1AmAaAPAJAE
3543402,A3A6A7A+BJBQBSBUBTA/A5AzAvAmAaARALAFACA1A4A4A7BLBSBUBbBXBHBCA+A6AyAlAaATALAF
3543501,BGBIBGBEBCBEBABABMA8BCBBA/A0AfAaANAFAFA6A6BDBLBABFA8A8BGBBA/BKBGAuAkAYAVAGAG
3543600,A3BAA0BJBPA+BFBPBTBDBBA6BDAvAiAZAOAEAGA3A+A+BDBEBCA4BTBIBBBDBIA4AuAlAeATAIAH
3543709,A4A7BGBDBHBGBEBKBJBCBJBDA4ArAhAbAOAFACA6BBA7BABCBCBCBGBRBJBEBJA/AtAlAVATAEAI
3543808,A1A5A1A+BEBABKBKBKA6A/BDA9A6AnAbARARACAxA1A3BAA+A9BEBEBIBCBHBEBFA3AtAhAiAOAF
3543907,A1A8A+A+BHBKBKBQBRBDBAA4AzAoAdATALAGADA1A6A4A7BHBJBOBTBXBKBEBCA9AwAlAcASAKAI
3544004,BBBDBHBFBNBLBNBXBSBLA+A5AvAiAYAOALABABA6BDA+BFBMBHBPBYBUBKA/A7AxAmAeARAMAGAD
3544103,A7BQBCBNBTBIBJBRBLBOA3AzAtAiAaAMAGACACA9A+BIBJBSBKBGBXBUBDBNA+AyAuAbAPAKAFAB
3544202,ApA4A6BECFCQCfCCBqBoA0A0AlAjAWAOAJAGABAxAtA7AwA3A7A9BCBHAuAsAjAzAdAVAQAIAEAH
3544251,A4A/BFBKBAA8A8A8BFBFBIBFA9AyAmAZANAGACA0A6A7A+A9A9BABEBQBTBTBOBEAyAoAbAMAJAC
3544301,BNBOBQBCA+BLBMBQBNA/A4BEA3AkAbARADAEABAzBAA/BABBBSBPBJBKBNBLBBAzAzAjAMAJAIAC
3544400,BFBRA/BGA0BCBJBJBPBIBIBGA2AqAlAQAHACADA7BJBLA7A+BCBHBGBVBHBKBGA4AnASAQATAGAK
3544509,A5AuA6AyA2AvAsA2BDBFBNBHBSBSA5AjAYAKAFA0AyA8A0A0ApA3A/BDBGBJBaBYBHA2AjAZAJAC
3544608,AyA0BDBBAyA/A5A7BKA9BBA8BIBCAtAcAVANAEAtA6BBA5AyA4A8BFBQBKBJBKBOBBApAoAYAJAJ
3544707,BAA3BGA4A2BCA/BDBMA9A7BABIAvAfAfAPAPAEA9BEBHA5BCBFBGBHBEBFBMA2BCA1A+AWAKAKAH
3544806,AwA8BGA5A+A7A9BJBGA/BABHBIA/AoAaAPAGAEAvA9A8A7A6A0BFBMBMA/BPBMBQA8AqAcAOALAF
3544905,A1A3A5A/BGBHBIBRBJBCBFA+A0AtAgAYAOADAEA3BAA+A8A/BJBNBTBZBFBAA/A+AxAmAdATAKAF
3545001,A6A5BGBLBPA9A7A+BGBLBHBBA7AzAjAYANADADA9BGBABEBCBEBIBHBGBIBEBGA+AtAmAUAHAKAH
3545100,A8A8A7BJBPBMA/BJBMBCA+BCA1AyAjAbATAHACA/BGA1BDBAA+BDBBBRA+A9A7BAAvArAdAWAHAH
3545159,A2A8A1BBA+BCBEBVBQBKA5A+A7AwAnAYAPAGAEA0AxA3A9BDBCBGBRBaBMBGA+A+A3AtAXARAJAI
3545209,BABDA+BABDBMBUBXBQBEA8A6AyAlAaAOAJAEABA9BAA6A7BHBPBVBXBTBFBDBAA6ArAdAUALAIAF
3545308,A5BEBEBDBNBJBMBNBNBABCA3A2AqAeAVAMAFADA2BABABABKBMBJBRBPBGBBBCA5AtAgAXALAIAC
3545407,A3A+A8BFBIBAA+BEBEBDBDBAA0AzAoAaARAGADA+BDA+BABABCBABKBLBHBBBDA+A5AoAeAXAKAE
3545506,BABMBTBDBKA/A8BCBLBFBFBBA6AoAjAWAIAJAFBBBGBJA8A7BLBKBIBCBNBGBAA5ArAhATALAGAA
3545605,A5A6A3BDBGBFBGBMBOBPA/BBA2AqAiAYALAIAFAuA9A8A+BCBHBHBOBTBFBEBBA5AzAqAbAXALAD
3545704,A7A7A7A6AyBABLBKBKBBA/A7BCA7AwAcAQAKAHA4BCA0AzA0A9BJBFBJBCBDBHBFA/AvAkARAOAD
3545803,A1A7A7A/BFBLBOBQBRBDBEBAA4AvAeARALAEACAyA8A1A4BCBHBOBRBUBGBLBEBFAzAlAVAOAJAF
3546009,A1A3A+BDBBBGBHBGBFBHBHBFA9AzAmAaAJALAGA1A3A6A/BEBAA/BHBLBIBPBIBCA2AlAbARAHAE
3546108,BMA4A/A+BCA/BIBKBFBMA6A2A5A2AmAgAYAHACA+A9BHAtA7BABGBLBSBABBA/BCA5AnAbARAEAF
3546207,AnA3A6A4A/AwA7BFBJBIBJBHBEA+A0AdAYAFAEAoA2A1A6A2AxA4BSBUBJBMBMBOA/AuAjAVAQAI
3546256,A+BEBQBBBBBFA8BPA7AwA0BIBEAyAwAfAMAKAAAvBDA8BAAzBUA9BDBEBABCBHA9AyAsAfAaANAE
3546306,A7BCA/BEBHBIBKBXBPBFBCA8AzAnAcASAMAFACA3A7A8BFBGBKBNBUBOBDBDA/A5AtAhAYAOAKAF
3546405,A7BABABDBHBFBEBNBLBAA+A9AyArAiAWAOAFAEA6A8BABCBEBEBKBNBMBDBFA/A8AzApAcAUAKAK
3546504,BBA7BJBHBLBYBOBMBTBCBBA7AxAmAZATAJADABBDAyA6BBBNBTBXBVBMBDBGA8AwAnAWAVAOAEAE
3546603,A5A7A3A8BEBDBEBLBNBBA/A+A4AvAgAaAPAGAFA4A3A5A2BCBHBHBNBTBKBKBGA+A3AtAgAUANAE
3546702,BFBGBGBIBcBeBYBUBPBDA8AzApAaAVANAFAFAEA8BEBCBHBYBSBMBRBRBJA/AxAoAgAYARAKAJAC
3546801,A6BDBFBGBNBGBJBMBQBABEA6A1ApAfARALAEACA4BABABBBJBGBGBOBRBKBGBBA7AsAhATAPAGAE
3546900,BABVA2A8A/BJBgBRBCA3BDBEAxAvAaAHASAEAAA9A5AwBCBBBKBlBEBdAsBTBIAyA1AWAaAVAGAD
3547007,BHBLBJBFA3BRBGBZBIBCBAA2A9AiAcATAPAGAFA8A8BIBLBHBJBMBPA+A9BBBBA7AoAbAYAPAIAB
3547106,A6BEA8BGA8BAA8BOBLBCBDBKA+ArAcAUAOALAIA7BIBAA/AxBFBGBVA8BOA+BIBEAvAhAgATANAA
3547205,ApAjA7BAAwA7A0A4BLBCA/BVBTBIAyAkAdAUAEAZBCAtAsAqAiA8A1BQA8BaBWBXBEA9AzAfARAE
3547304,BABLBLBIBHBGBEBQBVBIA7A1AsAhAYANAHADABA/BGBNBFBHBHBLBbBhBLA/A7AyAnAcAPAKAHAD
3547403,A0AqAlA2BDAyBABBA9BABIBJBABDA4AlARANAMAtA7AyA5A1AwA3BHBTA+BHBRBMBLAyAuAZAOAK
3547502,ArAzA0A6A5A5A+BFBMBDA/BIBDA4ArAdAQALAIAuA1A2A2A6A3A+BMBRBKBKBNBHBBAzAlAbASAK
3547601,AyA6A9A3BIBABHBCBPBGBFBAA1AuAnAXAOAFADAvA+BGA/A5BBBRBGBVBCBABFBHA4AoAdARAQAF
3547650,AwBAA3BFA9AsA1A/BLBKBEBRBAAxA+AaAgAMAEAtArA7AzA1A9A6BEBIBQBRA/BEBHAtAlAUALAG
3547700,AzA0A7A+BAA+BABBBHBDBEBHA/AuAjAaANARABAzA1A1A8A9BFA/BFBIBFBPBYBGA0AuAkAdAMAI
3547809,AzA6A3A8BDBGBLBSBRBCBAA7AyApAeATAMAGADAvA2A3A6BCBIBPBZBZBJBIBFBAA2ApAdAUAMAH
3547908,BGA+BBBDBEBDBABPBNA9A/A/A9A4AuAfAKAKACA4A6A6A1BFBDBEBKBMA4A/BBBCA2AlAYATAGAI
3548005,A9BFA/BHBTBRBPBQBPA+BCA0AzAmAcAPAHAJADA8A/A/BABOBMBTBMBQBEBEA5A2AqAcATAPAFAC
3548054,A2BDBCA6A2BABBBNBPBJBHBLBGAzAhAWAQAGAAA2BABEA7A3A+BFBGBPBDBRBKBAA0AjAWAKAKAB
3548104,A6A4A6BHBDA9BDBHBLBLBIA/BAAyAtAdAPAEAFAvA3A5BIA+A9BCBKBJBLBDA6BHA0AuAYATALAE
3548203,A4BCA+A/BHBABDBIBQBLBDBMBAAyAiASAOAGACAzA6A5BABHA8BCBRBOBGBGBJBBAtAdAXAVAHAC
3548302,A5A7AvBEA5BJA5BDBDA/A/BJBCA7ApAaATADAIA3A3A0BLA9A1A0BCBEBJBPBRBCA3AyArAbARAA
3548401,A5BRBEBCBGBJBFBUBJA/A6A5BAAkAaAQALAEAHBAA5A9BDBKBFBMBNBJBCBJA9A/AvAfAYASAHAI
3548500,ApAzA1A5A7A6A+BDBJA+A7A+A7AwAmAaARAKAEAoAwAyA2A8A8BCBOBZBNBKBPBMBHA6AsAgAXAO
3548609,A0A/A7A8A7BABEBFBJBDBIBGBGA1AnAaARAFAFAwA3A8A9BBA9BBBHBTBHBJBIBDA1AkAeATALAH
3548708,AzA9A/A+BHBEBHBQBQBGBAA8AwAnAcARALAEACA0A5A6A7BHBIBPBWBcBQBLBFA9AxAlAXAQAHAF
3548807,AsA3A3A3A2A0A8BJBVBEA+A9A3AuAlAXAPAJAFAtA2AyA2A3A3BBBYBfBQBHBLBIBBA4AqAeAUAN
3548906,A3A+A6BABSBNBLBQBPBEA/A3AzAoAcASAMAEADA1A5A3A8BKBLBMBTBVBHBCBCA8AwAmAaARAKAH
3549003,AzAsAwA4A4A+BCA+BCBBA8BPBIA3AwAoAYAMAHAmA1A7A7BBA3AwA3A/BPBVBSBHA9A9AfApALAG
3549102,A3A1A5A9BBBFBFBQBOBBBGBDA1AtAgATAOAGACAxA3A1A7BBBFBGBSBWBMBLBJBDA1AmAcAUANAJ
3549201,AzAuA3BBBKBFBAA8BHBCBVBCBDA5AfAbAWAEAHA5A7A5BAA8A8A8BHBOBQBIBTA9AwAuAWAPATAD
3549250,A/BABABFBABNBNAsA7BABKBCA4A5AlAcAXAGACA9A1A/A9BEBIA/A/A/BYBKBDAzAyA0AcANAPAD
3549300,A2ArA5AzA5A/A+A7A6BFBBBIBOBLAuAiAXAQAJAtA6AxAyA4A2A7A+A7BHBOBHBIBKA6AnAfAOAH
3549409,A2A8BBBDBEBGBGBSBSBHBAA4A0AoAeAUALAFACA0A8A8BCBABJBNBUBWBIBEBCA6AvAoAZAUAJAF
3549508,A/BFBOBUBRBQBKBGBABDBEA3AwAmAdATAOADAABBBCBGBOBPBMBIBDBDA/BCA2AxAoAlAVARAEAF
3549607,BDA7BSBDBGA8A9BCBDA9BJBCA+A4AiAZANAFAFA7BBA5BBBCA8BDBHBHBCBJBIA9AzAgAYAcAHAF
3549706,A7A+A2A9BBBFBKBPBCA7A4BABHAvAkAVANAJACA3A9A4AxBBBDBRBSBPBBBDBNBLA2AmAcAVAKAG
3549805,A2A7A6A6BHBLBOBQBRBBA+A4AyAnAdATALAHADA1A4A2A4BHBMBRBUBWBKBFBEBAAzAmAcATAKAH
3549904,A6BCBBBABKBHBJBQBRBDA9A2AvAnAeARAKAEACA3A/A9BABIBJBQBWBZBKBDBBA7AwAjAWAOAHAE
3549953,A+BFBFBHBPBDBFBJBMBGBHBAAyAuAhATAIAFADA6BCA8BCBGBIBHBJBUBJBGA8A1AuAfASAJALAF
3550001,A3AzA3A4A/BBA4BEBIBHBGBVBEBJApAcATAJACAzAzA2A2A8A9A7BJBKBDBQBQBGA6AmAhANAKAF
3550100,AzA+A/BFBGBJBMBLBKBNBBA6A6AqAgATAKAEACA3A9BABABBBHBMBOBOBIBKBBA6AvAkAYARAKAE
3550209,A+BGBHBKBKBIBIBKBPBCBFA8A0AoAeAWAKAGAEA8BBBCBEBJBFBGBIBPBBBFA+A3ArAfAVAOAHAG
3550308,A2A9A8BABKBMBMBOBNBBA8A1AuAkAaAQALAFADA0A7A5A+BJBOBQBVBYBMBHBCA8AzAnAbASALAH
3550407,A4BBA/BDBDBBA6BHBKA/BCA7A2A0AlAcAOAIACAxA0A1BBBCA9A7BTBUBHBHBGA/A3AwApAVALAJ
3550506,BEBABIBMBFBFBABFBRA+BCBCA0AuAkAZAMAFABBBBFA8BHBJA7BGBLBHA6BCBDAxAuAmAdAPAIAD
3550605,A3A+BFBABEBGBCBRBTBGA9A9AyAqAgAUALAGAEA3BAA+A+BABDBJBTBYBJBIA+A8AyAkAYASAJAE
3550704,BBBJBKBMBNBGBIBPBSBIA9A1AuAfAVAOAHAEACA/BFBEBLBIBJBQBTBZBLBBA5AyAmAbARAJAGAE
3550803,A0A5A7A+BCBJBHBOBLBCBEBDA/AzAlAWARAHAEAyA1A6A/BABABMBLBRBDBGBGA8A1AmAcAWAHAG
3550902,AwA4BCBGBHBABDBKBKBCBCBDA+AxAhAXAQAGADAsA2A8BEA7A+BFBPBPBBBJBGBAA1AsAeAZAPAF
3551009,A4BCBBBGBOBLBMBMBMBCA/A3AvAmAaAPAJAEABA1A/A+BBBKBHBIBOBUBKBHBDA8AyAmAZAQAIAE
3551108,A+BJBDBJBIBIBMBEBGBBA9A/A7A0AiAaANAHABA3BFBEBHBCBFBABOBNBAA8A+A9AsAeAXAQAFAF
3551207,BCBBBBBSBIBVA+BFBLA5AxBCA3AyAkAeAKAEABA2AyBABHBMBHBKBDA6BDBFBABBAyAjAbAVANAI
3551306,A7A+A/A0AyA5BFBUBIA6A7A8BOA3AoAVATAJAAA4A/A7A6AwA9BLBRBNBCBIBUA/A/AlAgAXAKAF
3551405,ArAyAxA/B3CaCXCSCEBdBOBAAzAlAaAQADAGAAAtAwAxA1A3A4A0A0A3AsAtAoAnAiAWANALADAD
3551504,A/BHBHBJBUBQBRBVBPBCA7A0AqAgAVAMAHAEAAA8BHBHBMBQBRBTBVBRBFBAA5AsAiAYARAOADAD
3551603,AuA0A7BBA+BBBABIBIBOA/A6BIA0AnAOAUAGAGAvA4A0A5A9A4BBBKBXBMBBBEBTA2A0AgAWARAK
3551702,A+BDBBBBBHBKBNBXBUBEA7A4AtAkAZAQAJADABA6BBBBA/BGBMBUBYBaBHBDA9A3AoAhAUAMAHAF
3551801,BEBIBPBMBGA7A7BCBMBKBCA7A0AzAlAbAKAIAGBEBFBHBJA9A7A+BGBKBEBDA8A0AvAeAYAOAMAC
3551900,BABFBABKBXBWBKBPBTBDBAA+A2AlAeAQALAFABA7A8A7BDBKBIBDBWBKBBBBA7A5AlAdARAKAOAE
3552007,A6BDA6BQBIA8BLA+BNBIA9BAA9AsAlAXAPAGAFA9A9BDBKBIBABDBPBKBFA8A/A6AvAgAYANAJAJ
3552106,AxAyA8A8A7A/BKBNBDBEBDA+A/A4ApAbAWAIAHAvA3A2A4A6A+BHBQBPBABKBGA+A+AvAjAWAJAK
3552205,A7A/A+BABLBMBQBVBRBBA8A3AvAkAaAQAIAFACA4A9A7BABGBPBTBXBWBHBDBAA6AtAhAVAPAIAF
3552304,A8A/BEBAA6A/A/BGBNBMBKA/BBAwAjAYALAGAGA6A6A8A+BBBEBLBJBKBMBMBHA4AsAlAaAQAKAB
3552403,A8BGBGBGBKBLBRBWBZBDA9A0ApAhAYANAHADACA9BDBBBCBJBOBXBbBaBHBBA7A0ApAZARAJAFAE
3552502,BABJBHBKBPBOBKBPBOBCA8AyArAgAXANAGADABA+BGBDBHBNBQBRBWBWBKBDA6AyAoAcARALAFAD
3552551,AyA+BIA/A9A8BIBMBPBBBQBGA4A7AfAgAPADACAxA8A6BBA9A7BGBKBGBLBIBOBFAmAsAUAVACAI
3552601,AuA9A+A/A5A4BPBYBJBABHBBA+AtAlAZASAKADAzBBAtA9A9A5BUBNBTBFBDBDBCA1AnAfAYAHAH
3552700,BDA/BBBBBFBDBJBRBPBFBDAzA3AtAfAUAMAGACBABFA9A9BEBIBPBNBTBFA+A9A4AvAeAZARAKAD
3552809,A5BDBGBHBOBLBLBSBTBGA8AxAoAeAUALAGADABA3BDBBBDBOBPBQBcBfBSBHA9A0AoAdASAMAFAD
3552908,BDBKBJA9A9BDBKBOBHBFBDBBAzAmAcATAKAGAEA/BBBCBDBCBQBJBGBGBKBEBMAwAsAhAVAWAGAE
3553005,BHBFBIBJBVBNBVBVBJA7AxAzAuAkAbAUAHAFAABBBDBFBGBOBUBSBTBIA/BAA5AwAmAfARAMAHAD
3553104,BBA+A5BEBIBLBKBOBKBCBEBDA8AlAiAaAVAHACA0A4A1BBBEBEBBBJBJBEBOBDAzAtAnAbAcAJAF
3553203,ArArAsBECACABvBxBbBCA9A1AyArAnAUAQAEAEAxA4AtAuAwA5A2BLA+A2A5A4A5AvAmAdAVAJAO
3553302,A5A/BBA6BDBEBOBFBNA/BCBAA7AxAhAUAOAGAFA3A/BABBA9BIBMBMBHBDBCBFBAAxAoAdASALAF
3553401,A4A8A9A+BABCBEBNBNA/BBBDA7AwAlAZARAHAEA2A9A5A2A8BDBGBKBUBCBGBIBAA1ArAcAWAPAD
3553500,BGBGBJBOBTBHA+BCBJBEA9A4AyAlAkAXASAHADA+BHBLBOBHBKA9BDBJBGBGAwA3AnAfAfARADAC
3553609,AwA3A8A+BDBGBFA+BKBCBDBIBFAwAfAVATAIACAxA5A5A8BEBFBJBIBNBFBQBOBFA0AmAcARAPAG
3553658,AwA2A9BKBQA5BBBMBVBBBEBCBAAuAeAcAQAGAEAvA0BEBLA2BBBHBFBcBCBDA6BKAvAvAbAIAIAL
3553708,AzA9A8BDBCBGBFBPBMBFA/A+A2AvAhAVAPAFACAyA6A9BABABEBLBKBRBIBJBFA/AyApAdAUAMAE
3553807,A5A/BABABTBbBfBaBUBIA8A4AzAqAaASAMADAEA5A3A9A+BFBIBJBHBNBDBBA+A3AvAfAUANAIAD
3553856,BPBGBLBSBcBSBFBRBOA+A7ArA1ApAaAQAGADAABMBEBEBOBQBSBMBMBLA+A4A6AuAfAYAKAOAEAA
3553906,A5BFBFBJBHBXBDBGBHBEA7BCA3AgAbASANAFAFBBA+BBA+BQBJBKBEBMBGBJBHA2AuAdAVAQAIAF
3553955,A9BOBPBFBGBIBJBTBLBGA/A9AyAjAWAOAKAEACA+BIBEBEBHBIBPBLBLBOBCBAAzAnAaAVAJAJAB
3554003,A8BDBDBIBLBMBJBPBPBDA9A1AvAlAbASALAFACA8BABCBCBIBKBNBSBTBHBAA9A3ArAjAXAPAIAE
3554102,A4BABABBBDBIBKBPBRBCA/A6AyAnAcASAKAFACA1A+A8A+BFBJBQBUBXBJBHBCA6AwAlAZAQAJAG
3554201,BEBFBCBJBRBGBDBJBLBGA3A7BAAqArAaAJAGACA7BCBIBTBJBBA6BGBEBHA6A2AsAyAhAfALAJAE
3554300,BFBLBGBFBDBABGBKBQBEBEA8AtAmAbAUAKAJABBCBGBEBDBIBDBLBQBQBIBGBAA0ApAeAVAKACAI
3554409,A6A1BCBHBFBFBOBUBJBBBEA+BAAuAdAXALAHADAzBAA3BCA8BBBGBSBKBFBCBEA8A3AjAcANALAL
3554508,A3A9A+BABJBGBOBUBQBBBCA7A3AqAfATANAEACA0A3A7A+A/BIBMBWBSBHBCA/A6AwAoAaASAIAK
3554607,AsBABCA+A/BGA0BLBCA1A2BPBXA9A1AgATANAAAnA6BAA1A3A9BHBLA0A6BDBPBHA7BEAaAcADAD
3554656,BBA7A4BRA2BBA/A3BHBTBGA5BEBBAzAOAPAMABAwAzA0BABAAwA3BLBKA9BBBSBKA+AjAuATANAI
3554706,A6A+A4A9A8BABFBSBOBFBHBBA5A2AjAZASAGAFA4A5A3A0A6BABGBPBLA9BFBGBAA0AsAgAUAMAL
3554755,BEBFBSBcBQBJBNBAA9BJBDA7AwAfAcAaAIAOAAAuA0BRA+BGBQA9BQBUBLBAA9A0AeAoATAIAHAK
3554805,A0A7A8BBBkBoBhBoBgBJA/A4ArAoAYAPAJAHABAvA/A2A7BDBBA+BPBWBCA8A8AxArAdAUAOAHAC
3554904,A8A9A9A5BMA/BLBFBLBBBGBAA6AwAnAdARAJACAyBAA4A2A/BIBDBKBLBFBCBDA+A7AmAcAUANAF
3554953,AvA4A4A7A0A5BJBDBNBJBHBBBAA+AwAkAUAHAFAzA8A7A7AyA4BCBMBQBBBEBCBHA7AyAhAQAPAE
3555000,A2A1AzA+A/BCBBBLBPBEA/BBA3AwAiAZATAIADAyA5A3A6A/A/BDBNBSBFBNBIBCA7AxAhAYAQAH
3555109,ApAwAwAuA6BIBaBjBfBLBCBBA9AzApAdAPANAFAqAwAsApA2BFBHBMBQBCBABKBFA8ArAkAXAQAG
3555208,A6BDBCAzA9A5AxAvBIBBBFBUBDBGA6ApAUAMAAApAuApA6AqA1A2BBA9BWBGBRBLA7AyA0AeAUAC
3555307,ApAhAnArA5A1AxA+A0AtBJBhBpBPAwA0AWAQAEAmAfAqA7AxAjAyA2A0BKBUCKBWA+BGA2AgANAE
3555356,BNBBBOBKBIBSBPBPBMBKA+A4AsAmAjANAMABAHA2BHBEBIBGBGBLBJBCBJBAA6AtArAeAXANAFAC
3555406,BABDBCBEBJBMBLBOBUBHBBA7AxAlAaAPAHAEACA8BCA+BDBJBLBQBVBYBLBDA5A1AnAdARALAHAD
3555505,BQBKBKBLBIBNBJBNBOBBA6A8A0AzAkAUAHAFAFA+BIBKBFA+BEBMBLBKA3A1A4AyAtAiARAIAKAD
3555604,AxA5BAA/A5BFBDBSBJBIA+BHA9A1AjAcALAJAGAwA6A6A+A7A9BKBIBPBFBCBHA8A1AtAgATAQAM
3555703,BIBGBDBNBLBCBKBGBLAmA5BAAwA1AsALALAKAABWA9BQBBBPA4BUBGBLBeAuBBAwAjAbAbATACAA
3555802,AvA4A2BEA9A5BGBHBTA+BEBBBAA4AmAcAPAMAEAyAzA8A5A1A+A7BGBSBEBJBKBOA4AuAgAbAMAI
3555901,BAA5BUA2AwAyA7BQBKBBA8BMA9AyBFATAYAEAFA7A+AnAtBHA6AyBGBOA5A/BXBcBMApAjAIAIAF
3556008,AyA1A3A6A/BDBJBOBOBDA8BDA9A1ApAaAXAGAEAyA1A1A5A8BFBGBMBPBFBHBLA/A3ArAhATANAK
3556107,BDBFA7BBBBBNBNBVBRBGA8A3AxAtAeAVAPAFACA7A+A7A8BGBLBRBTBXBDBCA5A4AqAdAaAOAGAE
3556206,A0A6A5A8BBBGBJBSBVBIBHBCA0AsAfARAMAFADAwA3A3A4A8BEBMBXBZBRBNBIA+AzAkAaARAIAG
3556305,A5BCBEA6BHBjBxB7BuBXBEA+AuAhAWAQALAEADA3A/A8A1A6BCBEBHBDA3A3A4AyAjAdATAQADAI
3556354,BGBDBFA8BNBKBOBLBPBHBBA6AzApAoAaANACAFA9BEA7A6BFBSBHBLBMA+A+A1A2AwAlAVAPAGAE
3556404,A8A+A/BEBIBHBIBNBMBBBCA8A2AtAfAVAMAGACA4A7A7BDBDBIBJBOBOBEBDBGA9AxAlAZAQAJAG
3556453,A/BMBMBGBIBDBEBKBVBABAA1AzAkAXASAIAFACA6BCBCBEBIBFBIBZBYBMBDBBA2AoAfATAOAGAD
3556503,A8BFBFBHBOBSBTBUBSBDA+A2AuAjAXAOAIACACA8BDA+BCBPBPBTBWBSBEBEA6AzApAaAPAKAFAC
3556602,A1A/A5BABEBAA9BFBDBJBFBKA1AtAmAdATAJADAzA2A3A4BGA9BCBBBFBMBLBCBCA9AtAnAUARAL
3556701,A1A/A+A9BIBEBFBPBaBIBAA7AxAoAgAUALAFAEA2A/A7A9BBBCBKBaBeBNBDA+A8AuAjAYAOALAH
3556800,A8A9BDBEBJBPBMBUBLBCA8A2A0ApAfAVALAFAEA+A9BABCBEBJBNBVBMBFA8A/A2AsAlAYASAGAG
3556909,BIBIBBBJBRBQBTBYBZA/A7A2AvAhAVAQANADABA/BGA9BEBJBTBRBRBQBCA+AyAlAkAeAUANAJAE
3556958,BFAoBLBEBGBBArBMBWBUBfBAA0AwArAYAOAIACAgA1BGA5BPAxBABOBQBHA9BNA9AzAgAdASALAD
3557006,A/BDBEBGBMBNBNBTBTBDA6A1AtAjAZAPAHAFACA7BAA9BBBNBPBUBXBXBIBAA8A2ApAeAUAKAFAE
3557105,A6A6A3A3BDBIBLBRBOBEA/A5AzAxAiAUAOAFAEA3A8A2A3BCBIBSBVBQBIBDBEA/A2AoAbAUAIAG
3557154,A4BHBKA4A+AzBEBFBIBCBABMA/A2ApAWAQAPAAAxA2BIA2BEAyA/BNBTA+BIBMBCA0AnAgATAIAI
3557204,A7BDBFBFBDBIA9BGBKBFA/A8A4AuAgAUALAEADA7BFBCA+BIBEBEBFBOBDBKBDA4AxAqAcASAJAG
3557303,BFA6BCA/BFBJBNBcBRBFBFA7A4AoAeAPAJAEABA4BGA7BDBHBBBSBWBLBCBABDA2AuAfATAQAGAB
4100103,BHBAA+BDA5BIA9A/BCBABKBIBEAyAoAUASAEADA7BDA8A5A0BFBABEBDBCBIBNBAA3AsAdAWALAE
4100202,A8BGBOBNBHBBA9BEBOA5BEA9A/AuAjAbANAIAEBDBDBNBPA/A7A5BHBEA8BBBAA5AoAiAdAOAKAG
4100301,BKBKBHBEBMBMBFBEBHBGBBBFBAAsAgAWALAGAABABJBHBGBKBKBCBCA9A9A9A8A8AoAhAQAMAGAA
4100400,BFBXBMBRBSBPBOBMBRBDA7AvAmAcATAKAFADABBEBQBJBLBRBVBSBVBTBDA+A0AtAgAVAMAIACAC
4100459,A5A+BABOBCBKBJBABGA/BCBOA+AwAlAaALALACA7BLA8A9A5A9BHBCBMBCBIBMAzA1ApAWAKAFAG
4100509,A3BAA8A/A7A6BDBFBCBBBDA/A/A0AoAeARAPAEA6A7A5A/A7A/BCBEBJBIBKBJBGA6AuAeARANAE
4100608,BABFBHBIBBBIBFBDBCBDBFA9A3AqAdAVANAHAFBHBFBEA9BCBKBEBFBFBCBGBBA5AxAgAdARAJAF
4100707,BDBABIBBBKBCBABCBFBKBGBBA4AtAhAYALAKAFBBBAA/BAA/BABGBDBGBDBGBHBAAxAiAdASAHAF
4100806,A8A9A2A6A5A9A9BDBDBDBHBWBNA4A0AYAVADABA0A6A1A2A4BDA4BCBGBHBEBRBJBCArAbATAIAH
4100905,A8BBBOBOBJBDBMBDA/BMBHBGAzAmAYAPAKAKACBHA/BGBOBEBEBHBJBGBHBFBHA6AnAaAPALAIAD
4101002,BJBCBBBDBKBRBMBKBEA/A+BAAyAnAdAUAMADACBFA/BCBCBQBMBLBLBEBFBABAA7AqAgAUAMAHAF
4101051,A6A1A+A+BGBHBFA7A8BMBLBAA4A1AZAjAYAAAMA6BCBGA4BABCA5BABKBUBMA+BAA1A0AbATAAAE
4101101,A2BBA7BDBCA8BBBEBGBDBFBDA6AuAoAZAPAFAFA1A5A6A+A+A+BBBLBQBJBLBHBAA7AtAdASAOAH
4101150,A9BLBIBFBBA/BNBCBCA4BKBLA4ArAlAWANAJAEBGBEA5A7A9BIBLBIA/BCBCBKA4A1AcAcAHAQAH
4101200,A8BHBMBEA+A8A7BBBCBCBEBGBCAxAoAaAPAHACA8BFA/BCA9BBA+BCBDBCBJBIBBAzAnAdARAKAE
4101309,A4A+BIBGBCA+A/BHBJBLBHBQBKA+AnAbAOAJAAA4A+A4A8A6A9BEA/BDA8BFBMA4AyAsAVATAFAD
4101408,A8BBBABDBGBJBJBJBKBBBAA5AvAmAdATAMAGACA7BCA/BCBEBKBNBPBPBGBHBCA7AxAlAaAOAJAF
4101507,A9BDBCBBBGBKBKBMBNBFBCA6AuAlAaASAKAGADA7BBA+BABGBLBQBQBTBIBFBBA3AtAhAYAQAIAF
4101606,BFBOBLBLBMBNBHBIBMA/BDA4AxAjAaARAIAHABBHBFBEBKBGBRBPBJBMBFBBA6AwAjAcARANAGAD
4101655,AxA7A5A+A5A8BABABABCBPBGBGAwAjAdAYAHAGA2A+BDBABCBCBAA6BABGBPBRA/A0AoAiAfAKAE
4101705,A9BCBDA+BGBLBGBDBEBHBNBBA2AvAiAVAOAFADA+BBA4A9BABHBGBHBBBMBIBLA7ArAnAZAQAJAD
4101804,BFBNBIBHBOBRBUBRBRBEA9AwAoAdATAMAFADABBBBKBHBHBPBTBaBVBVBIBAA3AtAiAWANAIAEAC
4101853,AqA+BBA6AuAuBABMBQBCBQBLBGA6AwAdATAOAAA3A3BHA6BAA1A+BABGBGBCBbA8AtAoAnASATAE
4101903,AxA+BBBDA6A4A/BCBJA+BBBDA6AvApAeARAKAEAyA8BDA+A2A6A+BJBMBGBPBJBABCAsAmAXAOAI
4102000,A+BBA7A/BGBJBHA/BEBDBIBDAyAtAgAZAPAGAEA5A8A6A+BEBGBEBEBIBKBMBKA9AzAqAfATAKAF
4102109,A/BBBAA7A6A/BDBFBGBCBEBDA6AwAhAYASAGACA4A6A/A7A8BEBJBEBNBJBKBJBAA7AqAdAVALAG
4102208,AsA0A1BABEBJBKBRBGBPBQBPBDA5AqAhAOAGAFAzA4AzAtAtA6A2BBBEBJBPBPA/AyArAlAbAJAC
4102307,BCBLBGBCBDBMBFBRBOBKBCBDA2AmAdARAKAEABA6BIBEA6BABGBMBOBPBBBDBFA4AoAgAUAMAHAB
4102406,A7BAA/A/BIBEA+BHBDBBBBBBA6AvAjAWAOAGADA6A9A7BABABGBEBIBFBHBLBKA/A2AsAcARAMAI
4102505,A8A7BAA8A+A/A4BABEBABHBSA+A4AmAeAUANACAwA4A6BCA0A8BABABDBIBTBKBIA5AtAeAXAMAE
4102604,BGBMBBBGBHBMBGBKBFBBA/A7A5AoAfAUAMAHAAA+BHBCBDBEBIBNBGBHBFA9BBA9AqAgAYAPAHAE
4102703,A0A/A3A1A5A9BIBIBJA+BEBNBMA0AzAfAVAJACA8A+AwAwA6A6BHA5BDBEBLBLA/A8AvAlAYAMAD
4102752,A0A8BJBGA1A3BJA2BPA/BOBVBABCAhAbANAKACBBA8BABCA8BBBAA8BAA2BRBKBIAyAfAYAVAKAG
4102802,A8A7A7A/BABFA9BEBIA+A+BBA4AwAkAcASAIAEA3A+BBA+A+BDBEBDBHBGBKBJBEA3AuAeAZANAE
4102901,BOBMBMBRBVBHBFBKBHBDBAA5AzApAfAPAHAFADBMBHBBBOBOBJBCBIBIBEA8A6AtAhAdARAKAHAA
4103008,A7A9A6A+BEA7BBBDBFA/BIBOBBAxAgAVAXAKADA6A4A6BGA4A7BFBKBEBRBPBRA/AwAiAbAUANAE
4103024,A3BQBDBOA4BEBAA9BHBVBRBJA/AwArAUAMAIABA7BDBAAsBABEBIBEBEBJBEA/A7A3AgAWAKAHAG
4103040,BHBIBIBHBQBKBOBMBGBNBBBAAxAtAgASAIAEACBEBDBABHBJBGBLBJBFBOA6A5A1AkAbAPAKADAF
4103057,BCBLBGBDBGBEA4A7BIBFBJBCAuAwAlAeASAFADBBBGBEBFA7BFA+BJBGBJBFA5A8A3AiAcALAHAE
4103107,BKBNBFBQBKBOBCBIBIBDA/A3AzAjAdAUALADABBGBQBMBOBOBLBFBFBJBBBAA1AuAoAdASAKAIAB
4103156,BDBGBDA6A/BMA9A5BJBMBIBCA6A9AlAbAWAJAAA+BBBHA6BCA9A/BEBCBAA8BEA1A1AoAdAUAJAC
4103206,BCBQBKBABABNBCBFBDBDBCBBA2AnAeASAPAGAFBFBCBBBEA+BNBGBABIA8BSBAA1AuAiAYAPANAF
4103222,A9BDA1A0A9A9BFBMBABAA+BDBBA1ApAbAPACAEBDBEBFA3BCA+BIBKA+BFBMBDBAAxAuAmAWAGAE
4103305,AuA5A/A8A4BCBFBEBEBMBFBGBJA2AlAfARAKAFAyA6A7A5AyBBA4BCBDBMBQBPBAA7AsAjAVAOAE
4103354,A/A6A8BDBHBBA5A/BFBJBHBQBEAxAiAaARAJADA2A8A9BFAyA9BEBEBCBKBMBLA9A1AkAcAbAJAC
4103370,BGA9AyBDA6BQBIA+A6BKBJBJA0AjAnAYAKAIABA/BPA/A4BFBRBDA/BDBLBUBRAuAvAkAXAMALAK
4103404,BBAyBAA7BFBJA8BGBLBLBiBMA4ApAcAVANAJAAAwA+A7A3A6BGBLBDBDBNBbBLA4AnAgAfARAMAH
4103453,BIBIBBBNBOBZBaBPBGBHBBA1ApAfARAPAHAFACBHBLA+BCBJBYBaBPBNBFBBA+AoAeAWAPALAFAC
4103479,A/A3BAA1BDBBA+A8A8BHBKBHBAA1AlAYAPAQAFA/A2A9BEBABAA8A7BMBIBIBIBBA+AjAiAcAMAA
4103503,BCBNBDBFBHBEBIBBA/BABHA8A5AtAfAdAVAEACA/BBA7BCBABGBOBEBDA/BHBKA7AuAmAXAQAFAD
4103602,A/BDBBBDBBBDBGBFBHA/BBBBA6AuAkAWAKANABA9A7A3A/A+BEBEBMBJBEBIBIA/AyAqAeAUALAH
4103701,A5BBA9BEBJBJBIBKBLBHBAA6AwAqAbAUAMAEACA5A9A7BCBIBKBOBPBTBGBIBFA7AwAjAXARAIAF
4103800,BCBCBCA/BBBOBRBKBKA6A8A+A3AuAhAUAOAKADA8BGA6BABABOBNBKBJA+BEBDA2A1AfAYARAJAD
4103909,BCBFBGBEBLBHBDA7BCA9BJBCA4AsAmAWANAFAEA6BFA8A/BGBGBABDBGBHBGBJA9AxAnAYAQAJAF
4103958,BPBPBHBPBbBTBGA5BEBDBIBGA4AzAkAPAPAJAAA9BDBDBJA/BMBFA4BDBFA+A9A3AkATAQAIAEAB
4104006,BFBKBNBKBPBQBQBMBKBBA9AzAoAgAVAMAHADACBCBLBLBFBPBQBRBUBRBFBEA4AvAkAYAOAHAGAC
4104055,BABKA+BMBCBCBDA/BKBABLBDA9AzAiARATACADA8BAA+BABGBEBDBDBGBCBTBLA3ArAuATAMAFAE
4104105,BLBTBXBKBOBWBHBDBDBBA7A3AuAnAaAQAJAGABBQBOBNBQBQBJBGBBBNBAA9A1AuAiAXAPAGAGAF
4104204,A8BHBFBABMBMBNBPBTBJBBA3AuAkAaAPAHAEACA7BEBABABKBNBQBSBVBKBFA+A0AqAdASALAGAC
4104253,BDBEBHA+BVBaBTBSBNBFBJA1AtAeAVAKAHABACBBA9BEBCBYBbBKBDBLBDBPA8AyAhAWARANAFAB
4104303,BBBFA9BABKBPBPBLBHBAA+A7AvAkAaARAKAEACA9A/BAA/BOBRBSBNBNBIBHBBA4AwAhAVANAGAD
4104402,BABCBFBLBGBDA+BFBOBLBJA/BAAxAkAaAPAEACA8BGBDBIA/BGA/BEBFBBBFA/A1AtAiAXAMAGAD
4104428,BNBOBJBPBGBKBCBDBJBDBGA/AvAsAbARAIADADBFBMBJBJBLBHBGBKBIBCBCA7AyAjAdAPAMAEAC
4104451,BFBSBKBVBIBGBBBEBCBFBEA2AzAsAeAXAJADAFA/BKBBBKBCBEBDBCBJBIBFA4A4AxAkASAMADAG
4104501,BCBAA8BBBFBJBGBGBBBABFBGA7AwAkAYAMAHACA8A8A4A5BDBFBLBGBHBEBGBFA7A2ApAcATALAD
4104600,BDBLA/BCBFA/BABHBLBHBEA6AyAwAmAVARAFABBAA8BCA9BFBEBFBMBJBHBCBEA3AyAmAaAPAKAE
4104659,BRBSBTBPBRBRBMBOBKBGA4AvAoAcAUAMAJAAACBHBTBNBPBPBUBMBMBNBDA9AxApAfAUAPADAGAF
4104709,BFBDBBBHBLBIBEBIBIBABBA/A7A0AnATAJADAFA/BCBABDBFBCBEBSBCA+A+A/BBAuAiAWAPAGAG
4104808,BDBEBABCBRBYBUBRBKBAA6A0ApAgAWANAIAEACBCBDA9BBBQBaBVBSBNBHBDA+AzAoAcATALAGAC
4104907,BJBPBNBQBTBNBGBIBKBBA7AxAqAhAYAPAIAEACBGBLBOBOBPBPBMBMBLBFA9A2AuAjAbASAMAEAC
4105003,BGBEBABMBHBWBOBRBEBBBCA7AyArAaAXARABAEBBBGA+BDBNBSBGA8BEBIBBA6AyAoAeAXAMAIAC
4105102,A9BFA8A7A7A8BBBKBIBGBMBEA7AvAlAWALAIAGA6BAA2A3A5BBBPBGBDBLBLBTA9A4AmAaAUAFAG
4105201,BHBNBIBSBQBLBABHBKBJA/A/A5AqAhATANAFADBBBEA/BQBLBEBEBCBIBAA8A5AxAoAdATAJAGAD
4105300,A+A/A8BJBBBKBCA/BLBKBDA8A3AqAkAaAQADACA5A6A7BCBDBCBDBJBJBRBKBDA4AxApAfAKAPAG
4105409,BHBCBDBIBKBIBJBGBBA9A/BAA1AmAgAVAMAFABBBBCBABFBHBKBJBMBGBDBGBDA2ArAmAYAPAJAE
4105508,BABDA+A+BDBLBNBLBHBBBCA7AwAmAcATAMAGADA/A/A+A9BCBMBPBPBOBKBLBDA4AvAiAYAPAJAH
4105607,BEBLBCBHBQBKBJBMBHBHBBA+AyAiAaASAMAGACBFA+BCA/BGBQBFBGBMBJBCBAAwAtAeATAVAEAE
4105706,BKBMBEBHBNBOBBBAA8A1A8BCA2ArAdASAJAGACBHBIBGBCBLBKBABEBABDBKBIA7AuAjAWATAHAF
4105805,A/BLBJBKBRBQBQBPBNBFA+AxAnAcAVALAHADABBABIBHBIBQBUBUBUBUBHBDA5AwAkAZAPAIAEAC
4105904,A4A4A3A3BBBGBJBMBIBGBLA/A7AuAgAYAQAFAEA5A5A3A6A+BEBIBJBIBLBRBNBGA2AkAdASAIAF
4106001,A9BGBFBMA9A/A+A/BEA+BDBFBGAuAlAZASAFAGA/BKBFA+A+BBA/BIBDBABFBKA5AsAkAdASAGAH
4106100,A9BIBCBBA3BLBEBJBDBPA6BBA3AxAhAgAUACACA8A9A9BCA6BBBKBGBHBFBDBABBA2AuAbASAHAC
4106209,BDBHBLBCBJBLBIBIBRBFBAA4AwArAbATAIAFACA/BKBDBEBNBLBIBNBOBEBBA9AyApAhAUAKAFAE
4106308,BBBIA8BABABMBLBMBCA9BBBGAyAkAgATAKAHADA5BFBABAA+BLBLBNBLA6BJBQA+AsAhAfAQAKAH
4106407,AyA7A3A7BBBFBHBIBMA6BDBBA9AwAkAVAPAIAEAxA0A1A7BCBCBJBJBQBJBLBKBGA+AuAeAUANAI
4106456,BVBVBNBVBFBRBIBJBDBIBPA8AyAmAcAQAMAHABBLBLBJBGBBBRBOBEA1BKBCAzAmAcAYANAIACAC
4106506,A/BBBCBABFBJBEBLBEA8A9A7A2AvAgAWAKAGAGA+BJA9A/BHBLBJBKBKBCBBBBBAAyAmAZAUAKAG
4106555,A0A9BEBAA3A9A9BHBCBLBEBFBLA0AnAjAWAIACBAA1BAA7AxA5BGBBBLA8BQBQBBA5AfAgAUANAC
4106571,A8BEBGBEBFBDA8BLBIBCBNBEA3AyAgAYAMADAGA+BIA+BAA4A9BJBFBBA/BPBMA5AzAkAYANAMAD
4106605,A7BAA8A7BKBfBcBTBQBLBIBBAxAnAdAUAMAFAFA3A9A4A6A9BEA9BJBIBFBHBCA3AxAhAaAOANAD
4106704,A8A+BEBAAvA5BNBFBGBIBKBRA2AvAnAUAUADAEA6A5A9BAA1BBBPBNBGBEBKBIBFAyAlAZAOAJAK
4106803,A4BDBCBMBTBFBJBKBQBOBPBDA5ArAdAUANAFABA4A+A5BJBDA+A9BIBHBDBCBCA6ArAeAYAQAHAD
4106852,BCA+BIA4A+A/A6A6BUBLBKA+BOA5AlAeAQAGAFA2A+A6AwA6A5BBA+BGBJBQBBBEA4AsAWARAIAO
4106902,AxA6A6A8BJBNBNBNBNBDBAA4AwAnAcASAKAFACAvA3A5A7BJBPBPBTBXBLBKBHA/A1AnAbAQALAG
4107009,BCBBBABMBLBDBHBCBNBDBCA+A7AuAiAVAKAHAGBCBEBBBEBABHBHBNBMBBBEA/A3AnAeAWARAHAD
4107108,AsAyA+A9BABEA8A/BHBEBSBMBAAwAnAaAYAIAFAvA7A7A5A8A9A3BBBPBIBLBWBBA1AuAhAeAKAF
4107124,BDBBBFBOA/BJAvA4BVBTBRBHA4AxAoAQAOAEAKBFA8A/BMA5A4BHBLBGBHBEBJAxAqAeAVAKAJAF
4107157,A/BRBNBSBEBEBFA4BGA5BJBBA9AmAlAcAQAEADA7BGBJBFBBBDBCBEBABAA/BDA1AwAjAbAQAGAF
4107207,BFBHA/BCBUBaBTBMBHA9A7A4AuAlAYAPAHAHABBEBBA6BDBWBXBRBMBKBDBBA8AyApAdASANAGAB
4107256,BABCBFA/A5BJBMBRBNBBBFA+ArAvAgATAOAIABBBBDA+A+BBBGBTBMBKBIBJA7A5AoAgAUATAMAF
4107306,A5A6A0A2BDBAA/BEBBA+BFBQBBA1AoAaAWAMAEA3A2A2A4A8A9BDA8BDBGBPBYBBA6AvAhAVAQAJ
4107405,A/BDBHBIA+A6BBBEBABHBOBRBIA7AiAaAHAFAFA0BFA2A3A4A7BEBGA8BBBDBZBCA1AfAeAOAIAG
4107504,A2A7A4A/A/A8A/BDBDBGBKBNA7AzAkAYARAGAHA1A8A6BCA5A+A9BFBIBKBOBSBGA6AuAdAUAGAH
4107520,A2BGAvAzBDA6A2A+AoBQBXBQA7A3AmAoAcAHAMAqA9BBA8A2AzAvA5BJBTBXBOA3A5A3AvAcAJAC
4107538,BAA6BABGBEBHBHBMBFBABLA7AzAsAcAYANAEAABFBFA9BDA+BFBQBLBLBBBJBCA3AoAqAdASAGAE
4107546,BKBTBPBNBBBDA/BBA8A/BHBEA8AvAmAZALAFAGBPBHBJBEBABBBDBBA3A+BDBBA1AlAkAbAFALAD
4107553,A2BGA4BMA7BAA4BGA/BHBMBOBCAtAnAcANAFAFA0BFBCBAA7A9A5A/BFBKBSBUA3AxAmAaARAQAA
4107603,BFBIBHBGBHBIBDBDBDA/A9A+AwArAgAWAOAGABBCBMBEBHBCBIBDBEBLA/BGBGA1AuAmAZAQAHAG
4107652,BKBYBUBQBJBVBbBYBSA7A2AoAgAXAOAIAEABABBJBSBSBGBRBeBmBdBTA/A4AuAkAbAPAIAFADAB
4107702,BAA6BBBBA1BIA5A2BFA+BKBQA4AzArAdASAKAFA9A6AsBAA1BEBDBEBBBCBQBRBDA6AqAcAUAMAO
4107736,A9BOBPBHBOBMA/BKBMBFBDBDA3ArAgAUAIAFACBBBDBMBGBDBMBJBCA+BJBCA8AvAnAgASALAGAC
4107751,A4A/BEBJBABDBCBABIBNBRA/A4AwAiAbAQAKADA0A8A4BBA9BJA9BHBFBSBDBABAAzAjAfATAHAG
4107801,A1A5A7AyAzA/A7BDBMBFBABHA/A6AyAfATAJAIA0A1AzAxAoA8BDBEA+BJBLBLBNBIA9AsAbAJAK
4107850,A6BJA7BBBDBGA3A7A6BMBMBYBLA4AcAbALAIACBBBFA8A8A9BJA7A9BDBMBFBPA9AoAjAXAQABAN
4107900,BGBNBGBFA8BMBRBUBOA+A/AyAuAhAVAVAJAGADBJBKA8A7BGBNBfBZBIBHBAA5A0AoAeAQAOAEAG
4108007,A7BDA7BFBGBIBIBCBGBHBEBDBAArAcASAPADACBDBBBCBBA7BGBHBNBMBJBKBLA5AsAhAWAPAHAC
4108106,BGA2BFBIA5A8BDBFBPA8BCBCBIAuAmAOAJALAHA8BFBCA6A1BIBJBPA7BDBPBCBAAxAlAjARAIAB
4108205,BAA4A4A0A1BCA+BEA0A7BSBTBBA4ArAeAUAKAIA7A2AyAxAzA8BDA9BEBDBOBWBPBBAuAlAXAMAG
4108304,BABHBGBIBTBWBPBKBKBBA9A0ApAhAWAMAHADABA+BFBEBFBRBUBTBSBRBJBFA/AzAnAaAQAKAGAB
4108320,BKBLBKBJBTBVBIA7A9A1A7A+AxAkAlATARAIACBIBABABIBKBTA9BBA9A9BCA5A6AzAlAZAOAKAG
4108403,BDBEBDA/BUBaBUBVBFA8A5A7AtAjAZAQAIADACA/A+A8BBBTBUBQBRBKA/A/A/A2ArAgAVAOAGAD
4108452,BHBPBLBLBIBBA9A/BDBDBHA4AzArAdAaAJAHAABHBKBDBTBOBDBEBHBRBBBDA4A3AwAcATAPAAAA
4108502,BQBPBCBSBUBMBABDBBBCBFA7AzAiAYARAJAFACBPBOBHBNBSBHA/BDBFBFA/A8AuApAbAUALAIAB
4108551,AsAzBDBIApAwAwAsBHBLBWBLBZBBAxAeAWANAHAxA8BHA+AmAsA3BBBHBCBJBfBLA8AsAkAYALAE
4108601,A8BCA+BCA+BDBEBHBGBDBBBBA3AqAeAVANAHAEA5BAA5BBBDBCBLBNBKBIBLBLBBAzAkAdARAMAF
4108650,BQBHBIBfBIBIBEBKBHBIA8BDA4AtAcAUALAFACBBBIBGBRBMBFBAA+BABABAA9AyAkAcATAJACAE
4108700,A/BBA7A3A9A9BDBABEBGA/BTBBA4AqAdAQAKADBDA/A9A6A7BEBEA4A+BLBNBPA4A3AnAcAMAIAI
4108809,BLBLBLBMBKBIBLBDBCA1A2BAArAmAaAWALAIAEBFBCBABIBCBNBEBIBBBMBIBEBCAnAeAaAQAFAH
4108908,BCBGBEBHBBBPBEBOBIA4BFBCAwAlAfAVARAIAABMA/BEBBBFBLBRBHA/BEBBA9A8AoAfAWANALAF
4108957,A7BMBCBEA/BNBHBOBIBABLBNBAArAbASALACADBEA/BKBEBBBOBDBHA/A/BFBIA5AoAeAUANADAD
4109005,A+BPBKA5A/BEBTBBBDBABFBIA2AoAhAUALAEAABCBIBGBAA7BWBNBIBJA3BLBJA5AsAeAWAKAIAD
4109104,AvBCA3A+BPBABQBBBCBRBBBBBDAjAuAWARACAJA4A2A/A6BFA+BABLA7BEBPBLBJA2AgAYAcAMAC
4109203,A/BKA4AyBIA6BTBGBJBRA+A6A0AvAlAZALAHAFAyA/BJA6AvA2BWBOBRBQBHA8BBAvAiAkAPAKAJ
4109302,BFBFA8BIA6BJA+A8BFBDBIBEA/AzAhAcAXAFABA/A/A5BCA8BHBBBHBBBCBIBGA8AxAlAeARALAF
4109401,BGBKBGBMBWBUBLBFBIA+A7A1ArAiAXAPAIAEABBGBIBABHBTBRBNBKBKBDBEA/AyAqAdASALAFAD
4109500,BLA9BSBUA/BFBCBHBOBOBIBBA5AxAfAYAQABADBGBIBLBEA+A8BBBCBHBBBAA4A2AlAeAVAHAIAH
4109609,BABOBLBFA9A+A/A/BHBDBCA+A6A2AlATAIAFADA7BHBFBCA7BABDBHBKBDBJBHBFA3AkAWALAGAF
4109658,BCBMBIBFBCBEBBBCBCBNBLBJA4AzAmASAOABAABLBNA3A+A4BABEBFBPBBA8BAA5A1AjATALAKAE
4109708,BBBABEBKBHBHBGBFBMBBA8A/A5ArAhAVANAGACBBA9BCBBBDBJBIBJBLBBBHBBA9AvAiAZARADAG
4109757,BGBMBEBHBFBEA/A9BDBEBBBCA0AmAeAVAPADADBHBMA/BQBMBFBEBCBKBFBFBBA8AnAdAZAPAKAD
4109807,A/BGA9BEBIBCBHBKBOA+A7A6AxArAfAUAQADABA4A/BBBABHBHBLBRBRBGBEBBA9A6AoAWANALAF
4109906,BAA+A7BFBJBIBBBBBDBJBFBHA4AsAjAaAUAHAFBDA6A3BCA7BAA6BCBDBFBRBJBAAzAoAcAQALAG
4110003,BIBMA5A8BEBJBTBKBFBOA9A/AzAlAbATAMAJABA4BIBEA8BABPBMBRBPBEBMBFAuAtAfASARAGAA
4110052,A4A5BBBNBBA9A7BKBJBJBHBSA5AxAeArAZACAAApAzA1BGA8AzA9BFBUBABLBJBFAyAmAZAUASAI
4110078,BOBWBDBKBWBNBGA9BKBGA+AwAxAmAiAPAIADAEBSBUA+BLBcBQBIBGBIBDA7AzAtAjAWANAJADAC
4110102,BJBMBGBPBTBSBMBLBJBCA/A4AvAiAWAPAGAGAABJBIBEBLBVBPBKBLBLBCA+A3AuAiAbARALAFAB
4110201,BFBLBPBZBSBOBEA9BDBKBCA3A1AqAbASAHAFABBIBPBHBHBRBHBCA9BOBCA+A3AvAmAYAUARACAC
4110300,A6A6BCA8AvA6A7BBBFBIBNBDAyAzApAiAKAHADA6BJBCA7AyA8BCBEBMBFBOBYBFBBAmAZAPATAF
4110409,A/BEBABDA8BMBFBFBHA+A6BEA7AxAqAXASAMAFAzA/A3BIA3BDBCBBBGBMBKBIA8AyAnAbARANAD
4110508,BKBGBMBQBRBOBKBRBNBJBCA8AxAnAaAQAHAIACBFBFBDBIBLBNBHBKBIBAA9AyAuAkAZARALAFAA
4110607,BDA+A4BCBIBDBBBDBCBCBCBIA5AwAiAVAUAMABBAA/A9BCBBBFBBA8BFBFBMBFBDA3AmAZASANAE
4110656,A4A3BABHBABJA/A9BIBEBOBTBIApAcAYAPALAEA5A5A4A1AxBCA9BDBMBEBiBaA9AbApAeAdAJAB
4110706,A6BBBEBNBHBIBIBFBHBMBKA8AyApAcAPAJAGABA1BBA6BCBFBMBHBSBPBPBDBCA8AsAhAWARAIAD
4110805,BBBFBFBIBLBGA8BAA/BFBKBMA6AxAjAXANAHAFA6BBA5BCBEBHA8A+BJBIBKBCA6AyAkAWAMAGAL
4110904,BBBJBHBEA+BJBDBDBBA8BHBDBAAyAgATALAEADBBBIBBA/A2BCBGBAA8BBBHBMBJA3AeAXARAMAG
4110953,BLBMBGBHBRBRBLA/BJBEBBA5ArAmAcATAIAEABBEBGBHBHBLBPBMBNBDBFA9A3AzAnAeAXAOAEAD
4111001,A1A/A9BDA/A+A3A9BIBKBHBHBBA5AnAZAPAFADA6AyA+BDBAAxA5BGBLBHBIBGBJA9AwAeAUAJAI
4111100,A+AyA9BABFBBBJBDBEA9BNBJA0AyAnAXASAIABAvA6A7A9A9BFBIA+BTBOBMBKA6A/AqAcALAOAE
4111209,BGBABBBGBGBNBJBIBEA7BAA+A4ArAhATANAEADBCBJA3BDBEBNBMBLBEBBBGBAA6AuAiAYANALAE
4111258,BKBWBQBTBXBSBJBTBUBDA8ArAjAcAUAKAGADABBNBPBIBTBWBWBNBWBQBEA6AvAfAaARALAFADAC
4111308,A7A+BCBNA/BABBBHBDBEA9A8A6AuAfAbAKALAJA+BEBJBIA0BBBBBABGBEBIBMA6AwAlAaAaAOAK
4111407,BJBLBMBNBKBNBJBPBQBFBEA3A1AjAhAVAHAEACBFBDBDBMBJBLBBBJBFBBAzA7AwAoAeAVANAIAA
4111506,A3A9A/A9A/BCBGBGBGBCBEBDA9AtAiAYANAJAGA0A6A7A+BABJBFBLBNBFBLBIBAA3AnAeASAOAE
4111555,A5BCA8BGA6A6A9BLBOBDBMBFA9AlAlAZAPAHAHA1BHBDA5A5A9BDBIBKBJBRBFBFAyAkAZATAMAC
4111605,ApA5BABEA6BHBABFBKA6BBBJAzA+AxAPARAUACA1A6A3AwA8BCBBBOBOA+BEBIBLBJAnAiAQAPAH
4111704,A8BBBJBJBBBCA1A9BOBOBJBFBHAsAmAYATAEABA0A5BHA/A8BAA5BJBGBNBKBGA4AzAkAcAPAGAE
4111803,BFBEBCBHBGBIBJBGBHA8A+A8A0ApAfATALAGABBEBBBCA/BGBKBLBKBMBEBGBDA7AwAlAXAOAJAG
4111902,BGBKBCBHBMBPBOBMBLBBBAA1AvAlAXAPAJAJACBDBGA+BABLBSBNBLBLBABBBBA3AmAdAWAMAHAI
4112009,BJBOBKBKBKBKBKBOBPBEA8AzAuAlAWAPAHADABBGBMBIBIBIBQBPBSBPBDA+A5AxAmAbAQAGAIAB
4112108,A7A5A7A9BIBIBGBEBJBBBFBBAzAtAgAbAQAEAHA2A6A0A7BGBFBGBKBIBIBKBKA/A3AoAkANAXAD
4112207,A2A3A5BGBBBBA5A+A7BHBPBQBAAwAxAdAOAOADAyA8A3A2A9A+A2BFBDBEBXBJBEA/AsAgAWALAG
4112306,BEBIBFBPA+A/BABGBIBFBABBBAA2AoAYARADAEA9A7A/A8A/A3BIA/BOBDBDBHA4AyAlAcARAIAE
4112405,AzA1A5A7BFBHBBBFBEBGBCBKA/AxAuAYAQAKADAyA3A5A9A+A/BCBFBHBEBKBOBGA6ApAdAYAOAH
4112504,A4A9BBBGA6BDBBBCBDBEBGBJBAAzApAbAVAGAEA2A6A9A5A7BABCBEBHBFBKBEA/A8AnAfASALAH
4112603,BBBKBfBDBCA5BEBVA6A9BYBWA9AdATAMAPADAAAqBBBQA4A3A6BEBPBFBCBZBkAqAqAfAZASAGAD
4112702,BDBEA+BKBOBJBCBFBGA/BEA7AvArAfAUAJAIADA+BGBCBDBMBJBDBKBQBEBDA/A1A1AiAaAMAIAF
4112751,AzBBBCA8A/A+BBBIBABDBKBDA9AyAoAeAVAHAFAuBCA9A9A2A9BIBJBJBJBHBGA+A0AwAgATAKAF
4112801,BNBMA+BEBMBQBHBJBGA/A6A4AvAqAdAVARABABA8BDA/BDBGBLBOBNBJBDBBA+A4AsAjAYAOAKAE
4112900,BJBHBABKA+A9A6AwA+BEBKBMBOA4AmAdATAEAIA8BAAxA2A9BLBAA9A4BMBGBBBAA4AnAgAWAGAF
4112959,BJBCA8A/BKBNBDA9BKBHBHBAA1AmAfARAOAHAFA8A7A8BDBEBABEBFBNBEBRBTA+ArAlAWAPAEAF
4113007,A6BHBIBBA7BHBEBKBDBCBGBHA/AlAcAYARAGADA8A3A/A+BGBBA/BNBDBIBPBRAyAwAjAhALAMAF
4113106,A6A+A6A4A7A+A+BBBHA+BKBOBFA0AtAcATAIAMAsA8AuA5AzBCA9BBA+BGBPBWBDA6AxAhAbALAI
4113205,A5BABIBFBLBIBFBKBNBHBFA/A1ArAeATAMAEABA4BABABDBHBGBLBLBPBIBEA/A5AtAiAWAKAIAG
4113254,BLBVBIBSBOBLBCA/BJBLA9A9A2AkAVAUAQAFACBRBDBPBQA7BMBJBMBHBFA3A4AqAkAZATAJAEAB
4113304,BIBGBFBMBGBRBKBDBCBDA6A6A1AsAYAQAMAEACA/BHBABEBIBZBNBHBTA+A+BFA0AtAeAQAMAIAB
4113403,A6BABDAwAxAzA+BVBAA/BCBLBHBHAqAeAVAEAAA1A6A6A4A7A/A9BGA9BQBDBMBIBEArAkAOAHAI
4113429,A3BABCA6AwA+A4A9A6BCBNBTBBAvA1AeAVAHACA1A7A6A6A5A5A+A9BNBEBNBUBBA+AtAfAaAJAJ
4113452,BBBKBGBJBBA/A9BBBGA5BGBHA7AxApAgAPAGAFBKBEA6A8A6A9BIA/BEBEBLBGA4A3AmAYAPAEAD
4113502,BFBHBFBBBFBMBHBLBHBCBBA8AxAjAbAUALAGAFA8BBBDBBBEBMBLBOBIBHBHBGA2ArAiAXAPAKAE
4113601,A2BGA3BJBBBEA/BHBMBLBDBMA/AyAZATAKAKACAvA7A9A5A5BEA9BMBOBQBNBOBCA5AeAZATAFAI
4113700,A3A+A8BBBLBOBMBGBKA+A9A5AwAnAdATAMAGADA1A6A8BABMBSBMBOBSBGBGBFA8A0ApAcAUAJAF
4113734,A+BGBLBIBHBHBCBEBKA+BGA8AzAoAeAUASAGABBHBIBNBBBBA+BFBOBDBABNBIA8AlAhAWALAHAG
4113759,A1A/BAA+A1A6A4A/BGBEBMBPBGA8AsAjARAMABAtA1A3A9A7A7A2BHA2BFBUBTBKA5AtAiASALAK
4113809,A8BBA9BDBBBDBDBDA/BABNBPAzAwAeAYASAHACA2A5BFBBBGBEBDBCBHBABWBTA0AvAiAZAYAQAE
4113908,BAA/BABDBKBQBQBTBRBKBDBGA7AwAfAUAHADACA4A+A3BEBGBKBFBLBHA8A9A8A6AqAhAYAOAKAE
4114005,A5A4A/BGA8BBA7BCBKBEBJBEA9A6AiATAOAFAEA1BABBA6BEBGA5BNBKBHBWBJBGA3AeAcAQAHAF
4114104,BMBIBCBEBHBUBVBRBKA+A7A4AqAjAWAQALADABBIBFBCA/BLBYBWBRBIBFBCA8AvAkAbARAKAIAE
4114203,A9A/A8A8BGBKBHBJBHBABCA+A2ArAfAVAPAGABA/A/A6A9BGBMBJBNBJBIBEBHA8AxAnAcAPAMAG
4114302,BCBKBJBJBLBJBABDBFBDBFBBA8AvAeASAIAEAEA/BEBHBJBIBIBGBFBIA/BDBBA6AsAbATAOAFAB
4114351,BCBKBJBLBCA8A5BKBIBHBYBPBAA0AfAdAIAHABA4A+A3BGAtBAA6BEBWA3BHBCA5A3AjAWARAMAA
4114401,BPBOBJBIBGBNBEBFBHBBA+A7AxAlAeAUALAEABA+BJBGBMBNBMBMBLBIBBA8A9AyAtAcATAKAIAD
4114500,BJBNBHBFBFBMBJBEBGA6A/A5AuAsAcAWAMAEACBEBLBNBKBHBSBLBGBJBBBAA3A2ApAhASAMAJAC
4114609,BHBBA9A4BJBRBWBLBHBCA+A5AuApAdASALAFABBABAA/A+BIBSBQBOBIBEBDBAA2AwAhAYAPAMAE
4114708,BAA5A5A6BABABBBLBEBDBKBLBBAwAlAYAQAJAHAzA/A6A8A7BBBEBEBABLBVBQA6AxApAZAWAJAI
4114807,BABGBCA+BEBNBOBLBKBAA8A3AtAsAjASARAEADBDBCBABBA/BOBKBVBGBEBCBEA5AwAkAYALAGAF
4114906,BEBEA+BKBRA9BBBFBEBBBHA/A6AxAiAXAPAKACA4BMA+BEBDBBBCBJBFA/BHBEA9AtAgAXAPAIAG
4115002,BDBDBKBFBCBIA+BJBHBCBCBFA1AtAjAXARAJAEA6A/A8A9A+BHBCBDBEBJBJBNA1AvAmAXASAFAH
4115101,BEBNBMBIBCBHBQBGBFBDBDBKA2AjAaAYAPAHAEBABBA/A8BBBJBDBGBDA/BKBCAyAoAiAaANAMAE
4115200,A1A6A3A9BPBVBPBKBIA+A9A7AwAnAeAUANAFACAzA3A1A6BOBSBRBQBRBFBKBIA9AzAoAbARAJAG
4115309,BHBHBDA+BDA7BGBEA+A+BEBCBDA3ApAXAMAEABBCA+A8A+A7BDBBBLBCBGA4BOBGA2AmAdAMAKAD
4115358,A1BNBNA/A4BCBMBHBWBLA/A6A4AnAmAWAQAIAAA4BCBLA4A3BBBHBOBcA4BABBA/AsAlAeASAKAB
4115408,BBBGBABCBEBLBJBNBEA5BEA9A3ApAiAXANAFADBHBHA4BABHBSBKBFBEBCBEBDAzAuAkAaANAKAF
4115457,BDBJBTBIA+A9A+BDBJBQBJA/A+AxAjAaANAGAEBFBFA/A/BFA8A+BLBDA/A/BBA2AwAhAYAIAJAD
4115507,A6BBA7A5A+BIBOBIBEBGBBBEA8AzAfAXASAHAAA6BBBCA5BGBFBNBKBGBBA8BCBEA1AeAcAXAMAF
4115606,BHBFBEBFBWBRBKBHBBBCA7A6AvAlAcARALAFADBNBJA/BGBNBQBHBGBIBCA+A8AzArAdAWAOAGAH
4115705,A8BCBIBLA6A7A8BABOA4BBBEA7A3ApAXAJAEACA4BDBJA9A6A/BHBOBQBFBGBBBBBDAqAWALAGAD
4115739,BAA4BJBJBDBCBABOBIBOBAA/BPBAAgAYASAKAAA+A4A4BEA5BABKA6A8BEBHBOBGAyAdAQAJAGAD
4115754,BQBTBNBJBLBSBLBLBQA7BGA1AqAhATAPALACAABOBPBPBDBNBMBXBDBLBBBCA2AsAeAWAPAHAEAG
4115804,BDBCBBBIBWBdBXBOBIA/A4A3ArAgAaAPAJAFABBBA/A8BEBTBVBUBQBLBEA7A+A0AkAcAVAOAFAD
4115853,A8BCBEA/BBBOBFBBBKBFBJBGAxArAdAWAUAEABAyBEBJA8BGBFBFBNBHBHBDBFA5AwAjAbAXADAG
4115903,BYBGBGBJAyBFBQBBBBA+BFBKA6AvAYATAKALAEBBBQBCBJA/BDBHA8BLA/BQA7A7ApAgAQAOAIAC
4116000,A1BEA2BTA+A7AzBGBPBBBKBFA7A6AvAcAPAGAAAqA8AzA5AxA5BBBJBMBMBTA/A6A8AyAiATAOAK
4116059,AzA5AsBNBBBCBFA5A1A+BTBOBGA6AmAdAXAKAEArA7A5A6BDBAAxA/BJBMBKBPBDAzAxArAYAJAD
4116109,A2A1A8BKA+BCA7A6A9A+BPBOBCA6AoAfARAHAKA2A7A4A9A8A9A8A7BCBHBGBXBFA6AtAdAVARAE
4116208,BEBIBFBEBEBDBDBGBDBFBEBDA2AwAhAWALAGACA8BABDBIBIBGBBBGBIBEBBBEA2AzAiAXAMAGAJ
4116307,A7BGA7A8A/BCBUA9A2A3BHBOA6AuApAbAVAIAGBABBAwA7BABBBHA9A4BHBRBUA5AwAsAgAVAOAG
4116406,A6BFA5A6A+BABBBGBNBDA5BfBHAtAjANAQADAEA6BEBAA4A9A/BIBDBGBKBJBUBEAzAfAfAUAEAB
4116505,BOA2A3A5BQBGBKA+A/BOBHBNBDArAfANAVAKAAAkBRBMBaApBBA8AyBaBMBHBPA8AuAVAZAUAHAE
4116604,A6BEA5BNBFA7A8BEBQBJBQBDA8AyAaAcAVAHABAxAzBFBHA+A5BBBNA8BDBSBQA5ArAsAbAPAIAH
4116703,A/BJA+A7BDBBBOBHBABABKBCA1AtAhAXAOAGADA9BJA8A5A6BIBRBDBGBCBKBGA9AuAnAbANAOAG
4116802,BBBAA+BCBIBNBBBCA6BJBNBDA+AtAhAXAUAGABA6BCBDBFBGBFA7BAA7BMBEBOA7AqAlAaAPAHAI
4116901,A7A/A9BBBABDBFBEBBBDBJBFA6AuAfAVAKAIAFA4A5A7BAA9BJBIBFBMBKBLBKBAA2AmAfARAJAJ
4116950,BCBBBKBMBKBPBFA5BDBFBRBQA7AtAcAUAHAFADA/BCA/BBBFBJBDA8BHBHBEA9A3AsAfAXARAHAC
4117008,AxA+A+A/BEBCA6BIBFBHBBBGA9AzApAYARAGAFAzA8BIBBA4A8BGBFBKBKBLBHBCA6AnAeAQAHAJ
4117057,BXBSBRBWBNBNA/A+BDA9A9A8AzAnAaASAPAEACBRBNBRBNBRBJBEBAA9A6A6AzAsAmAaATAMAIAE
4117107,BABGA/A+BPBEBEBGBEBABEBGA7AgAbAUAOAJAFA6BHBEA7BGBDBKBABJBEBLBAA+ApAwAgANAJAC
4117206,A6BABCA6BCBFA/BCBMBHBFBFA3AyAkAaASAIABA1A8A8A3A/BCBGBEBHBHBPBIA9A7AlAcAZAIAG
4117214,BCBMA/BKA/BKA4BJBAA2BEBNAwArAgAXASAHAIA+A/A3A/BBBSBCA/BNA3BSBGA4AyAlAiAUAIAD
4117222,BBBBA+A8BCBCBKBNBLBMA/A9A+AqAhAYAPABADA9BDA8A+A+BABKBSBRBABCBBA5AqAqAbAYAJAB
4117255,BJBEBIBIBIBHBDBGBFBFBLA+AyAmAfATAKAHABBHA/A/BGBLBFBGBGBKBGBDA+A3ArAjAYAQAGAA
4117271,A4A4BPBKBCBBA9A8BEBIBUBFBBA3AoAZASAGAHA4BFA4BAA4A9A3BDBHBGBBBHBCA2AkAYAQAJAH
4117297,AvBGAwBEBIBFBJBDBBA8BGBZA/A3AoAcAPALABA8AzA2A6BGBDBGBDA9BHBGBLA8AyAqAbAWAFAI
4117305,BHBMBLBOBHBBBDBHBQBHBBA8A0ApAfAWAKAGADBIBKBIBKBEBGBIBIBHBCBAA3AyAmAdATALAGAC
4117404,A3A/BCA6A5BFBCBNBIA/BBBRA8A5AYAkAWAIAGArA6A5A0A1A4BIBEBJA6BVBOBCA5AtAbAeAMAC
4117453,BABLBABEBDBJBOBJBUBGBDA6AxAlAcAVAQAFABBGBCBCBEA/BKBMBMBTBCBCA9A0AnAdAaASADAD
4117503,BKBMBEBFBLBWBUBKBGBCA/A3ApAiAVAOAJAFABBLBHA9A7BPBQBVBRBDBLBDA+AxApAbASALADAD
4117602,BPBTBPBTBVBSBIBGBCA7A7AxAoAeAVALAIACACBMBQBOBPBUBSBRBJBJBBA/A3AsAjAYAPAIAEAC
4117701,BCBDBGBFBMBPBLBKBJBFBAA/A0AmAaASAIAHABA+BDBCBABIBNBMBLBNBCBGBBA5ApAdAUALAGAG
4117800,BKBPBNBRBFBIA9BDBKBEBOA5AuAvAdAVAIAHACBDBCA/BMBDBCBEBGBNBGBAAvAzAzAmAXANAGAD
4117909,BLBCBPA/BGBMBTBOBFA/A9A6AmAiAdARAPAHAABHBKA8A7BKBGBRBQBPA+BCA5A1AsAhAcAPAJAE
4118006,BIBBBDA/BGBMBSBNBDBDBCA8AvAgAfASALAGABBBBGBBBEBDBUBPBHBEBKBIBAA3AnAeAVANAOAF
4118105,BCBEBNBDBGBFBABBBOBIBGBFA3AnAcAUALAEAGA3BCBBBABBBLBFBKBGBIBLBMAzApAeAZAPAMAD
4118204,BHBLBKBOBMBPBLBJBJBDBAA3AtAgAVAMAHAEABBFBHBFBLBMBPBNBOBOBFBCA8AxAlAbASALAGAD
4118303,A3BHBOA8A7BKBDBSBNA8BPA9A0AoAZAXAHADAFA8BLBOBDAoBIBPBJBMBMBHBBBFAtAfAQAUACAJ
4118402,BBBDBDA/BEBIBHBGBFBABCA7AyAnAcASAMAHACA7BBA+BCBEBJBOBLBNBFBHBIA8AwAnAcASAJAF
4118451,BGA/A/A/BIBGBPBGA/A/BEA1A0ArAhAWARAAAEBFBFA9BGBDBOBLBFBPBCA9BGAwAzAtAZAZADAB
4118501,BGBBBABFBSBZBQBOBMA6AzAzArAkAaANAHAEACBABCA7BEBUBWBTBSBNBBBFA/A1ArAeAUAOAHAD
4118600,A3BDBCBMBHBBBABLBQBIBQBFBAAxAdAVAMAIABA7BFA4BEA9A6BRBDBFBIBCBDBEAmAeAYAQAEAE
4118709,AyBCA8BNBIBPBDBQBWBNBGBDA+A3AiAYAHAGABAyAzA7A+BCA+BEBNBJBDBEA+A6AvAoAYAOAHAE
4118808,A/BHBLBFBABNBDBDBEBABAA9A1ApAfAWALAGAEBABCA6BCBDBJBFBNBDBDBLBFA+AwAhAdASAKAE
4118857,BFBGBDBBBNBGBBBHBDBCBJBBAzAiAfAZAMAKADBFA3A8BDBCBFBIBLBCBLBLBHA6AwAdAbATAJAC
4118907,A/BCA9A3A8BBBGBOBMBBA9A8A4AyAkAaASALADA+A8A7A6A8BFBEBPBNBDBDBHBEA3AmAbAVAIAH
4119004,A7A3A/A5BABCBDA/A6A4BOBQBFBBAqAeAUAGACA/AwAzBBA9A5A+A/A/BHBEBRBRA1AxAhARAJAG
4119103,BKBHBJBFBOBNBPBSBRBJA/A2AvAnAaAOAHADABBKBOBFBCBQBKBLBPBNA/A3A4AvAnAZAQAIAGAC
4119152,A4BDBGBHBTBNBNBLBQBFBAA0AoAhAXAPAHACABA2BFBCBEBLBUBPBRBWBLBJA/A2ArAgATAIAHAD
4119202,A+A6BBA+A+BABABEBSA9BGBMBHAyAmAXAIALADA3BCA9BKA8A+BFBFBLBBBCBMA+A1AmAWARAHAG
4119251,A5A+BNBWBIBGBABKA2BEBLBDBKA2AmAPAMAFABA+BAA0BHBFBHA7A8A7BHBDBTA0AuAjAhAKAIAD
4119301,BQBSBMBTBSBNA+BDBEBCA+A4AtAkAbAPAHAEAEBQBQBJBPBRBPBEBHBHBAA9A1AyAkAYARAGAEAE
4119400,BGBLBMBQBMBGBGBFBGBEA+A6AuAmAaATAPADACBABKBGBIBMBIBKBKBEBGA/A7A0ApAgAWARAFAD
4119509,BDBRBNBOBfBnBgBYBRBCA6AvAhAaAOAJAEADABBCBLBKBLBNBSBQBOBNBEA7AyAoAdATAMAFAEAC
4119608,BDBGBFBJBIBMBHBGBNBEBDA+AzAmAeATAOAEABBBBBBCBIBDBLBHBLBIBJBFBAA1AqAgAWAPAGAB
4119657,A8BFBKBBBGBABLBIBGBEBDBDA7AwAZAXAUAEACA7A8BAA7BEBIBIBKBEBCBJBTAyA1AmASAOAKAA
4119707,BFBKA/A/A9BLBKA+BEA7BQBIA5ApAiASARAPAFBAA7A6BCBMBDBNBBA5BEBIBHA+AnAeAaAPALAK
4119806,BDA3A1BBBFBLBFBIA/BBBGBJBCAzAoAYANAFADA6A4A2A9BCBGBBBHA7BDBEBQBGA1ArAbAUAGAJ
4119905,BDBJBGBJBSBTBPBKBJBAA5AyAqAhAXAOAIADABA+BGBFBHBSBTBSBLBOBFBAA7A2ApAeAVAMAFAF
4119954,A6BFBDBCA8A8BABEBJBBA/BFA/A8AqAXALAEACA5A8A7A+A4BBBDBFBIBCBHBRBMBCAsAVAJAIAE
4120002,AvA9A5A4BABCBBA+BIBGBPBHA8AuAnAaATAGAFA0A5AzA7A3BAA9BGBKBPBPBRBCA6AwAkAPAHAQ
4120101,A9BCBPBMBJBJBGBJBOA6BBBEAxAtAdATAIAAAGA3A/BEBABJBFBFBJBQBABDBOA1AxAfAUAPAEAH
4120150,BEBGA7BHBCBFA+BNBQBKA8BABPA3AkAcAKADAEBABEA7A8A7BCA+BGBCBFBCBAA3AzApAVAMAKAC
4120200,A/BDBGBFA5BMBTBWBFBLBRA6A8AmAUATAMAEAAA3A/BFA5BDBVBTBHBMBGBEBDA3AmAlANAIAKAA
4120309,A+BKBIBJBLBAA4BNBZBCBCA+A6ArAkAZANADADA9BEBBA9BLBBA6BIBKBCA4A+A9AtAoAVAXALAA
4120333,BLBHBHBHBCA6BIBCBMBCBABGAwArAhAYAPAIAEA7BAA8A5BMBOBGBIBJBBBKA+A9ArAiAcAKAKAE
4120358,BDA7BCA5A3BJBMBEA9BHBBBCA7AzAlAUASAEABBCA6A9BKA9BGBHBABFBCBJBHA6A1AsAdASAQAE
4120408,A6A5A+BFBJBQBCBDBJBFBSBNA4AqAeAOARADAABHA9A+A8BFBNA8BHBNBPBIA+A/AxAfAUAJAJAD
4120507,AyA0A2A6BFA/BCBGBGA9BKBJBFA+AmAeARAHADAvA6A0A/A4A7A/BABMBCBQBKBGBAAvAhAaAHAI
4120606,A+BDBBBKBKBLBEBNBRBLBGA+A3ArAdAUAKADABA9BCBEBFBDBHBEBIBJBCBBA8A1AtAhAYAPAHAE
4120655,BCA8BCA8A3BJBHA+A7A9BOBTA/AxAaANAQANACBEBAA6BFA1BNBDBMA/BEBZBPA8AvAZAgAOAMAC
4120705,AzBABAA3BABEBGBOBFA6BFBCA+ApAgAbAMAMABA+A/A3A5A+BHBQBPBFBLBKBFBFAyAoAeATAJAE
4120804,A/BLBMBKBMBKBKBQBUBGBEA6AqAhAXANAJACABA7BDBKBCBJBMBTBQBTBJBCBAAwAmAYAQAHAHAD
4120853,BBBDA1A4A4BCBDBTBFA/BHA/BAA2AlAVAKAMADBAA2A6A6A8BABNBOBABFBGBSA4A2ArAbAWANAF
4120903,BLBLBIBJBNBKBCBDBMBCBBA6AyAmAeAUAJADAEBGBHBFBKBJBIBFBFBHBFBFA7A1AoAeAUAOAEAF
4121000,BIBNBHBHA4BAA/BCBLBDBKBKA4AqAbAWAMAHAEBBBJBFBAA6BHA+BJBJBKBHBIA2AqAfAZAPAHAD
4121109,BFBABGBMBCBDBDA+BFBBBFBMA4AtAfAaAQAKADA7A6BBA8A2BABEBIBFBHBOBMA1AvApAgANANAD
4121208,BCBEBEBGBEBGBFBPBNBEBLBBA8AyAjAXAMAGABA+A8A/BCA8BIBJBFBFBHBDBBA4AwAeAYAHAGAE
4121257,BRBOBABRBRBQBDBFBEBDBEA6AzAmAeAWAMAGADBMBCBIBIBOBHA9BDBDA+BDBBAtArAVAWAMAIAC
4121307,AyA1A1AxBGA+AzA8BEA9BQBFBAA4AyAkAVAIACArAyA0BFA4BFAxBBBMBABYBWBFBBAyAmAPASAP
4121356,BABABEBBA9BGBABBBCBGBGBJA6AvAdAUALAIAJA4A+BCA7BIBFBCBFA/BUBOBDA4A0AmAZAOAVAD
4121406,A/BCBAA/BJBMBGBNBIBBA/A8AxAoAfAWAMAGADA6A6A/A/BSBTBRBJBKA+BBBFA3AwAkAaASAGAG
4121505,BABJBDBMBKBJBJBIBEBDBBBAA4AtAdAVAMACAEA+BEA9BIBEBJBLBIBDBBBHA9A0AvAhAaAIAKAD
4121604,BCBFBBA/BIBIBCBBA9A9BHBHA8A0AjASALAEADBBBCA/BMBEA9BJBCBEBCBHBHA6AyAjAWAZAIAB
4121703,BJBKBMBQBMBKBEBJBKBEBAA7AxAoAfATAKAGADBDBABIBSBKBKBDBJBKBGA7A6AuAkAeAUAMAGAD
4121752,BQBZBOBTBJBPA/BDA6BFBDA4A2AsAZANAIADABBWBXBMBKBRBOBAA+BMBDA7A6AqAiAUANAGAFAB
4121802,A+BCA6A8BHBEBCBGBEBDBFBBA8AzAoAYALAHAEA7BAA4BABDBDBHBHBKBGBFBFA9AwAnAdASAJAI
4121901,A6BABGBGBHBDBCA6BGA8BEBCA7AxAhAVANAJADA/BFA+A+BHBJBABDBKBHBHBHBAAvAmAbARAHAJ
4122008,A9BCBCBIBJBRBRBOBPBFBCBEA0ApAeATAIAGAABDBCBCBIBHBJBJBLBGA9BCA8AyAnAgAWAMAFAE
4122107,AzA4A2BABHA+A6BCA9A7BFBdBIA9AhAiAbAGAKAxA+A9A5A2A/BBBAA/A7BRBLBMAxAhAkAZAOAI
4122156,BKBOBSBRBIBABEBEBXBFBGBFAyAqAbATAJAEACBFBMBJBEBHBDBCBLBLBCBBA4AvAlAYARAJAEAA
4122172,BFBMBKBQA8BDBMBNBIBCBCBBA3ApAdATALAHAEA/BPBQBAAyBQBPBFBAA7A/BAA9AnAaAVAMAEAH
4122206,BEBSBKBRBEBKBCBgBVBKBAA6AtAkAXANAJACABBEBJBEBCBIBMBJBgBRBDA/A1AqAiAVANAFAGAC
4122305,A+BFBBBLBKBNBKBJBOBJBAA8A0AlAdASAKADABA9BCA/BDBIBGBGBMBOBIBEA+A3AsAjAXAMAJAD
4122404,BFBGBABCBQBQBLBMBGA/A9A3ArAkAbAUALAFADBEBEBAA+BPBQBQBNBMBDBCA9A0AsAgAYAOALAD
4122503,BBBDA4BHBCBABABIBLBFBEBDA2AuAhAXAKAJADBCBCBBBIBABHBEBJBOBLBGBBA2AzAiAUARAHAD
4122602,BABABDBIBFBHBHBOBHA/BIBGA0AkAhATAHANAHA3BEA9BFBFBLBDBCBHBFBJBMA0AqAiAXALAMAI
4122651,A2A6BGBDA5A7A8BBBDBHBGBUA8AzArAdAOAWABA2A+BDA7A9BCA+BBBDBOBIBHA1A1AqAfATAKAF
4122701,BABGA/BEBEBUBLBJBKA+BDA5A0AmAiARANACAEA/BLBBBHBHBPBJBOBJBKA9BAA1ArAdASAOAGAF
4122800,A6BDA4BEBIBQA/BCBJBEBLA/A5AwAfAUAMALADBCBDA5A3BMBLBCA9BIBIBLBFBCAvAiAVANAQAD
4122909,A/BFA3BAA5BBBBBGBABEBHBHBBA7ArAgAKAKABA8A3BAA8BABDA+A/BDBDBFBFBABDAtAaARAIAB
4123006,BCBDBFBGBFBKBIBIBEBABBBAA6AuAiAVAKAHABBFBAA7BBBABMBOBGBKBABIBCA5AxAgAVAPAHAD
4123105,A6BEBEBLAyBFA/A9A5A8BHBEBGA5AsAbAIALACA3BABDA+A5BIA6A+A5BIBFBSBIA3AsAZASAMAK
4123204,A3BJA6A6BGAwBGBEBBA3BQBKBKAwAnAcAPAGAGA9BBA4A8BAA9BJBDA6A/BKBNA+A1AuAhAcAFAE
4123303,A7BFBEBDBEA9BHBNBIA/A/BABBAqAjAYAMAHAEA9BBA3A9BABABIBNBHBFBFBHBBA0AhAYAUAKAE
4123402,A5A8A6A8BCBABFBKBHA/BABKA6AuAeAXAOAFAHA0BCA5A9A6BGBLBLBJBKBIBPBCA3AnAYASAQAF
4123501,BEBDBDBCBHBKBBBIBEBABGA/AzAqAiAWAPACACBBBDA6A/BEBKBHBKBJBFBGBFA5AvAjAbARAKAB
4123600,AxBEAoBFA9BBA/BCA5A5BcBVBFAvApAbAMAKAFBAA9A7BBBABAAyBNA3BEBZBPA+A0AsApANAHAD
4123709,A/A9A+BCBCA6BHBFBCA9BFBFA+AuAjAXAPALAFA3A/A6A+BAA+BHBFBJBCBKBOBEA1AmAgAVAJAH
4123808,BDBEA6BABLBTBNBHBFBBBBA/A7AtAgAVAQAGAAA5BCA/A7BDBOBLBHBGA9BFBCBAAuAgAaAWAHAA
4123824,A/BIBMBGA9A4BIA7A7BJBCBHA2AyArAbAUAOABA/AvBBBCBBA7A8BCA7BKBMA9BGAyAqAeARAOAF
4123857,BABKBJBOBEBHA8BJBEBUBFA/A+AuAkAYAJAHAEBABFBDBLA6BABFBFBGBEA+A9A3AvAhAVAKAFAD
4123907,A/A2A+A3A6BEBHBBA+BDBBBEBEA1AtAXAMALABAwBGA0A2A6A+A4BOBIBHBNBQBDBBAlAlAVARAG
4123956,BJBQBHBABDBFBKBCBGBMA5A/A7AqAgAdAQAJABA6BPBAA8A5A/BKBEBEBGA9BEA9AqAgAYATAIAF
4124004,A8BFA0BEA+BOBBBABQBDBHBHBEAyAmAWAOAFACA+A9BCBDA8BNA4BIBFBBBFBHA8AzAgAaARAFAG
4124020,BTBLBLBEBJBLBNBRBBBAA9A7ApAkAYAQAHAEAEBNBOBDBCBEBWBMBPBJBFBCA8AyAhAdASAJAIAB
4124053,BBBFBMA8BEBJBFBEBDBFBGA5AvApAgARAKACACA4BGBABEBLBQBIBMBUBNBHBBA+AuAhAVAOAFAC
4124103,BABABFBEBIBJBKBGBEA/A9A8A0AqAhAUAKAFAEBABABCBFBIBHBJBNBLBEBEBEA4AwAjAaAOAIAG
4124202,A5A9A2A7BEA9A3BFBBBQBLBLBBAwAaAWAVAEAJA+A/A2A1BCBEA3A/BJBPBABXBBA5ApAhAXAQAE
4124301,AmA9AyBMBIA/A/BBA/A/A/A9BTA/AkAbAQAEACAwA6BEBGAwBABDBHBOA/BYBPBDA3AtAfATAHAG
4124400,BGBGBHBKBKBLBIBJBFA9A6A7A0AtAdAVAKAFAFBCBABEBHBNBOBIBHBIA+BABAA3AsAgAXALANAD
4124509,BNBGBFBCA7BPBKBIBGBEA/BCA0AoAdAXAGAKABBHBEBDBBA7BIBBBPBABHBGBMAzAuAeAYAQALAC
4124608,BCBHA+BCBHBQBNBIBCBPBFBCAwAnAdAWANADAFA9BEA9A3BDBRBIBIBIBABFBHA1AsAdAbAOAMAE
4124707,BJBKBIBMBKBCBABEBFBCBGBEA6AyAiAXAOAJADA/BABHBIBBBEBEBCBCA+A/A8A7ApAfAVARAHAG
4124806,BDBGA6A+BJBJBEBHA9A/BABBA8AxAnAVAOAEACBBA8A4A8BBBNBKBIBDBCBGBFA+A5ApAWAPAMAF
4124905,BCBEBDBHA+BIA+A/BMBFBFBEA9AsAbARATAFADBCBDA/BAA7BHBDA/BCBKBFBHA8AwAlAdASAPAI
4125001,A3A5A8A8A+A2A9BDBGBABKBABCA4ArAcAQAMAFA0A4A2A4A9A7BBBDBFBEBLBVBGA9AwAkAbAIAG
4125100,BABCBIBPBOBTBKBQBUBIBDA6A1AqAcARAIAEABBEBCBGBOBDBLBJBLBEBBA9A4AuAkAaATAMAFAB
4125209,A5A9BCA8A8BKBBBKBHA7BDBPA/A1AkAZANAHAAA/BBA8A6A9BDBIBIBDBCBKBJBAA1AhAbATAMAE
4125308,AyA1A8BEA9A7A4BFA+BABHBPBBA5ApAgAVAPABAsA1A6A2A1A8BEA/BEBGBRBZBDA2AtAtAdAHAH
4125357,A+A7A0A8BDBBBHBEBDA6BRBCBAA2ApAfAUAJAGBBA9A2A3A6A+BFBFBABJBJBHBEA2AoAeAVAHAG
4125407,A/BHA+BBBBBPAxBCBDBHBPBIBFA3AqAYAPAIADBDA9A3A8BABBA5BLBBBABFBHA/A5AjAUATAHAD
4125456,BGBOBKBEA9A2A3BFBEBHBGA+A3AuAiAfATALACBDBCBCA8BAA9BIBFBHBKBHBKA0AyAlAgAJAEAF
4125506,A/BKBGBGBPBUBUBWBTBFA7AxAmAdATALAFADABBABHBEBDBOBWBZBYBWBJBBA3AuAkAXAPAIAFAC
4125555,AvA6A8BBA7A7A2BEBLA5BaBKBAA1AlAZASAOAEA2A7A3BAA7A5BGBPA1BQBLBNBGA+AmAeAPAQAG
4125605,BDBFBIBFBLBIBHBLBOBLBDA/AzAmAZARAKAFABA+BBBBBFBIBKBKBMBLBKBDA+A0AmAdAVANAFAE
4125704,BIBHBCBJBJBLBKBEBCA/BEA9AyAmAdAXAKAGADBDBIA/A+BHBMBIBJBJBDBCBGA3AuAgAWAQAGAC
4125753,BLBDA9A5BEBDA3BDBHBOBHBEA1A1AnAdATAHABA5A+A6A9A6BAA7BABDBGBEBLBDA9ApAfALAQAD
4125803,A+A7BBBCA4BBBIBJBOBBBEBFA3AvAiAXARAKAAAyA9BAA/A6BEBFBGBJBHBFBGBIAzAsAeARAJAG
4125902,BABAA7A7BBBRA3BBBSBMBLBMA5AyAbAaARADAGA2A+A/A4BBBGA3BABGBEBVBKA6AvAuAdATAHAA
4126009,A9BEBGBDBBBDBEA/BAA5BJBCA6AsAdAYARAEADA4A7BABHA/BDBPBFBPBDBLBHA6AzArAfAPAIAF
4126108,A6BJBFA/BCBEBLA9BJBDBHBHA3AtAgAaAOAFAEA2BDA3BDBDBFBIBJA/BCBPBOBBA0AdAVAMALAF
4126207,BBAyBDBKBIBSA5BMBNBJA/BKA4AqAgAgAMAMACA6BMA4BBBFBOA7BBBLBBBJA9AyAsAiAZALAMAE
4126256,BKBMBFBABLBZBcBUBLA/A7AxAlAdAUANAGAEABBHBJBEBBBMBcBcBSBMBEBCA3AsAlAaAQAHAFAD
4126272,BNBNBSBJBOBGBSBAA+A7A9A2A3AoAeAQAJAGACBEBIBSBKBCBLBQBOBIA/A6AyAuAtAeATANAJAC
4126306,BIBPBKBUBOBMBABIBMBDBCA5A0AoAaARAMADACBFBHBEBQBLBMBIBIBHBGBAA4AwAiAaAQAJAFAC
4126355,A8A+A9A7A9BGA2BFBGBDBJBIA7A3AlAbATAGACAyA4BAA+A4BIA6BJBDBBBIBLBCA2AoAsAeAMAB
4126405,A2A9A8BHA/A6A7BCBGBGBGBFA+A6AuAaAQAFAHApA2A7AxA5BBA/BIBHBJA9BQBKBEAmAlAYANAI
4126504,A8A6A8BBBBBGBFBKBDBABFBEA2AwAiAXAPAHADA1A/A7A3BCBGBLBIBMBEBKBLA/A2AmAcAUALAF
4126603,BDBFA/BBBPBMBKBLBNBBBAA4A2AsAdASAJAHAEA9A/A9A7BMBRBLBOBMBHA/A9A7ApAeAZALAKAD
4126652,BHBBBABDA4BCBIA/BABABOBMBDA6AlAeATADAGAzA1A7BCA4A+A8BBBGA6BMBMA/AvApAkAXAKAD
4126678,BGBQBOBUBLBFBCBABEBCA7A6AvArAgATAMAKADBIBGBNBNBIBMBEBJBEA8A/A9AxAmAeAYAHAKAD
4126702,BAA+A5BABEA7BGBHA/BHBGBDA/AsAiAVAUADAEBCA9BIA4A7BFA/BJA9BKBLBQBCA3AkAcANAMAF
4126801,BGBGBDA8A+BIBEBIBPBFBKBDAxAoAaAQAJAJACA3BHBDA/A7BEBIBOBOBLBKBGA4AtAfAVAOAQAF
4126900,A6A/A/A+A4A5BEA8BABDBLBMBBAyAlAeAOATAIA4A+A1A+BCA8A9BDA6BABNBPBOAyArAgAWALAJ
4127007,BEBIBDBSBIBOBIBGBNBAA9BEA4AsAcARANAEADBCBDBCBMBKBLBKBGBCBFBCA9A2AfAaAXALAJAA
4127106,BHBKBIBIBLBLBMBQBTBAA+A0AtAiAYAQAJAFABBABCBHBJBPBJBNBRBQBDA9A7AyAoAcAUALAHAE
4127205,BABCBEA5BEBNBHBJBHBBBHA+A2AqAbATAMAKAEA9BDA3A7BDBIBEBSBKBIBKBIA4AqAmAbASALAF
4127304,BABCBIBEA7A/BFA+BMBBBGBFA5AmAgAZAOALADA2BDBDBAA8BBBGBFBGBLBIBIA7A1AlAcATAMAE
4127403,BGBBBABFBDBDBDBBBABABDA+A4ApAgAVAPAHAFBFBBBHA/BFBABKBHBDBEBMBFA+AvAmAZASAIAI
4127502,BIBOBNBRBIBFBEBGBNA/BAA9AzApAaASAKAHAABIBKBKBIBGBNBMBEBIBDBAA5A3AkAZARAOAEAC
4127601,BGBLBLBLBHBNBCBFBLBFBBBCA5AwAcAWANAGABBCBIA/BHBFBIBGBABEBBBFBAA1AoAbAUANAFAC
4127700,BBBFA/A9BOBUBTBQBKBBA9A6AuAiAXAOAJAFACA9BCA9A9BLBVBVBUBPBGBGBBA0AnAcAUAMAIAE
4127809,A7BGA+A/A5A+BGBJBGBABOBOBEA3ArAZARADAEA0A5AzA2A9BABABKBDBCBLBPBFAzAoAbANAMAD
4127858,BABHBFBJBJBDBBBEBEA/BEBGA8AtAgAXAHAJAGBEBEBBBGA8BGBEBHBIBDBIBDA4AqAkAYARAHAC
4127882,BTBdBSBgBRBOBFBXBKA7AzAwAnAiAUARAEADABBYBSBXBVBQBYBQBDA+A/AwAsAmAaARAJAFAHAE
4127908,A/BCBCBDBHA8A+BKBABIBLBLAyAwAgAWAMAHAIA9BAA/BBBABDBAA/BQBKBOBCA9AtAiAbAQAKAC
4127957,A4A+A7BGBEA8BCA+BBBFBJBBA5AyAsAhASAMAFA5A2A/A/A6A9A8BDBHBLBLBIA+A8AqAlAWAGAD
4127965,BLBLBIBLBIBSBKBOBHBAA/A6AtAsAdATAJAGADBCBGBKBIBEBXBOBFBEBBA8A3A0AnAeARAKAFAD
4128005,A/BBBABDBMBIBIBFBEBEA9A9AsArAbAYANAJAEA8A3BCBABOBOBHBNA9BNBNA8A/ArAmAZARAPAG
4128104,BCBCA+BBBEBIBIBLBIBABCA8AvAjAbAUAOAFACBABAA4BBBKBLBQBOBLBIBJBDA7AvAmAZAPAIAE
4128203,BCBDBFBOBTBRBGBGBFA/A9A4AvAlAaAQALAFAAA/BBA9BEBTBQBLBIBLBBBHA/A3ArAgAWAPAIAG
4128302,AzBEBBBBAzBABCBEBSBFBaBOBDAbAkAoAMAJAEA5AzBDAzAtA5BJBEBCBSBSBEA5A0ApAdAUAKAL
4128401,AwA6A+A8A+A9BBA7A/A/BJBLBCA3AtAfAUAHAHAvA6A2A+A+A8A9A/BIBJBLBKBDA+AyAhAaAMAJ
4128500,BFBHBBBEBKBHBFBEBJBCA/A8AzAsAhAXAOAFABBEBDBCBBBFBIBEBLBGBCBBBBA9AwAmAVAQAIAE
4128534,BHBIBJBWBJBZBJBLBRBFA9AwAxAlAfARANAEACBEBGBCBNBKBVBFBJBOBIA4AxAxAgAWARALADAD
4128559,BAA+A/A6BEBEA/BDA8A+BBBDBEAvApAUAWADADA5BBA9BCBBBJA8BABEBFBQBLBFA2AqAbAZAHAC
4128609,A6BEA9A+A8A/BIBIBDBBBLBJA+A2AuARATAFABA1A8A6A+A4BDBHBGBCBEBOBEBGA3AoAdAPALAE
4128625,BIBNBJBUA8A8BBBDBFA/BABHBBAnAcAXAXAFACA+BMA7A6BDA8BFBBBPA9BEBFBBAwAhAZAJAAAP
4128633,BPBBBJBUBNBFBEBHBPBJBJBDAvAsAgATANAGAEBBBBBIBRBIA+BIBKBGBEA6A2AzAfAbASAMAFAD
4128658,BABGBABEBMA8A8BCBNBFBJBOA4AtApATANAHAAA8BIBEBFBABHA/BHA8BKBHBFAxAuAkAeAMAFAF
4128708,BRBlA+BABDBJBUBSBGA9BAA0AvAkAcAQALAFABBHBjA3A1A/BTBXBQBAA6A/A8AqAoAgAUAMAHAC
4128807,BABAA3BBA3A7A6BBBABHBDBEA9A0AjAfAUAKAFA8BABDA/A3A3A/BCBDBDBFBUBKAzAvAmAXALAI
4200051,AyA5BLBDBAAvA2A0BCBMBUBcBGBAAmAeAMAMADAzBBA5BEAuA4A/BEBABJBSBLA7A7AwAkAMABAB
4200101,BSBOBEBLBQBNBGBHBEA+BFA5AyAnAbARALACABBSBKBHBABNBNBHBIBJBAA+A5AyAlAcAUAKAGAD
4200200,BGBFBCBCBGBUBRBPBKBBBDA+AyAlAYASAIAFACA+BFA+BFBGBIBTBVBKBDBDA6AuAkAdAZAOAIAD
4200309,BDBAA/BMBBBUBUBPBFBIA7BCA1AvAdARAGACAEA/A9BCA8BHBQBSBTBKA7A5A/A3AsAjAUAOAEAB
4200408,BCBCA/BJBMBJBIBBBIBDBDBKA8AuAhAXATAGACA8A8A7A9BDBDBDA+BGBDBIA8A4AvAoAcAQANAF
4200507,BGBDBBA+A8BFBHBFBEA8BIA/BMAzAkAWAPAHACA9BBA/A1BCBDBHBHBBBGA/BCBCA/AfAZAOAIAI
4200556,A/A+BEBKBBA6BDBIA7BRBMBJBCA2AoARASAHAAA/BAA4AzA/A8BWBJA6A9BCBIA6AuArAfASAIAA
4200606,A1A6AzA1A8BUBQBNBCBGBQBMBDAuAhAZAOAHACA6A8A1A5BIBJBPBHBDBIBOBNA0AqAlAYAOAJAD
4200705,BCA/A9BDBGBPBPBMBEBCBHBIBEAqAjAUAFAHACA4BBA9BEBCBJBJBMBAA/BFBHA4AuAhAWARACAC
4200754,A3AtA6A5AnAwBAA3BABEBLBiBSBLA4ArAJAMAJAqA+AoA0AjAvBBA+BEBCBJBJBLBDBTAcAcASAF
4200804,A0A7A2BDA6A/BDBHBFBDBLBMBLA6ApAbATAGAAA0A7A2A/A6A8BIBDBJBBBGBDBFA2AqAdAUASAD
4200903,AyA2A2A/BAA4BNBKBLBIBRBRBJA1AoAXASAHAHA/A1A1A9A4A/BBBHBCA1BLBLBFAvAhAiAWAKAJ
4201000,A6A+A8BEBBBIBDBDBEBCBCBIBBA0AoAXAOAEACBBBBA6BFBCBLBDBBA+A/BABOA+A1AkAeATAHAG
4201109,BIA5BFA/BBA4BABEBBBEBPBeBLA1AmAWALAFALA0AzBBAtBGA5BCBBBEA2BFBZA3A4AqAkAPAFAG
4201208,BCBJBFA8BKBHBHBPBPBLBBA/A0AlAdASAPAHABA+BCBBA9BEBLBLBUBRBHA+A9AuAjAgAWARAIAG
4201257,A6BOA0BJBHBNBEBMBQBMA/A+BBAhAhATAIAGACA2BEBAA1BFBLBOBIBeAxBIA+A8AxAhAMASAJAH
4201273,BGA9A+A7AyA7BBBRBKBBBOBCBGA1AzAlAOAFABA4A6A3A0AwA2A5BQBBBJA9A+BEA2AwAtAaAPAC
4201307,BXBeBOBQBXBaBZBZBQA8A2AqAiAVAOAJADADABBTBVBKBQBOBUBbBXBOA5A0AsAeAXAUALAGAEAA
4201406,BBBHBABEBMBNBOBNBOA7A/A5AyAmAdAQAKADACA+A9A/BDBMBJBQBOBSBDBBBDA4AtAiAUANAIAD
4201505,BFBBBAA9A+BXBSBPBKA5A+BBA5AqAjAUALADACBABAA/A9BDBQBOBLBJA5BIBHA1ApAgAaARAIAD
4201604,AzA1AmAwA7BKBABJBBA9BOBOA8BDAvAgATAIAAAzA3AyA6BDA+A8BNBHBJBKBNBIA5A1AjAXAFAD
4201653,A3A6BIBCBSBFBJBHBBBJA/BQBFBEAqAZASAEABA/AxAxA2A5A9A+BMBEA9A3BNA7A0AmAaAQANAH
4201703,A+BEA8BDBCBNBTBNBIA+BEA/A1ApAgAUARABACBEA7AvBFBCBNBLBQBABHBIBDA1AyAlAZARAKAB
4201802,BDBJA9BDBHA3BIBIBHBABIBQBFAyAlAZAJAFACAwA6A/A+AzBIBUBJAzA9BJBPA9A0AuAVAYAAAA
4201901,BFBJBABGBEBSBKBTBOA5BGBBA/AtAfATAOABABBAA9A/A5BDBIBZBEBHA8A7BFAxAxAgAWAPAEAD
4201950,A8A8BDBHA7A2A+BABCA4A6BGBQA5AvAdALAFADA+A8BCA+A0A1A9BKBBA+BLBNBUA/AxAeAQAEAE
4202008,AwA0AxA3BNBbBYBVBTA+A0AzAtAmAdAUAKAHACAvAxAyA0BPBYBcBaBWBIBDBBBAA4AnAaAQALAF
4202057,AyBFA/BGAsA3A9A9BDA9A9BTBNBJA0AbATAEABA7A8A9A4AuA0A1BABDA+BJBcBRBFAxAgASAEAE
4202073,A6BHBGBBA6A5BABCBFA0A9BIBGA9AoAZAOAEABA+BDA/A5A4A7BFBEBIA7BIBUBOA/ApAZAPAJAD
4202081,BFBJBCBFA5BOBFA1A+BOBOBRBEA+ApAfAOADADA4A8AyA3AyBDA9BHA+A1BIBBBCA4ArAXAPASAG
4202099,AwA1BOBCA6ApA+BBBEBJBKBWBNBCA2AYAcARADA4A/BJAoAiA5AxBGA3BGBNA9BHA2AxAqAWAIAH
4202107,BCBKBFBCBFBJBPBQBOBBA/A2AzAqAeARAFADADBCBHBCA+BBBMBRBQBMBDBABBA8AvAeASALAIAC
4202131,A9BDBFBLBGBGBFBMBSBLBMBIA9AsAiATAGACAABKA/BDBIBDBBBDBNBNBBA5BCA2ApAZAMAOAIAC
4202156,A+A9BDA+BBA+A+BUBMBAA+A9BCA+AhAlAOACAABBBDA7BEA8A5BHBNBEA+A9BCAyA4AgAcAaAQAF
4202206,A8A7BABCBFBMBJBPBUBHBKA9A8AtAiAYAJAHADA4A1A7A8BGBCBIBRBJBHBAA/A6AyAjAYAPAKAC
4202305,A6BIBCBDBPBUBXBTBUBFA1A3AuAhAXAMAFACADA8BDA+BABSBUBXBSBVBLA7A+AvAnAfARAIAFAF
4202404,A5A6A5A7BQBZBbBXBRBAA9A6AxAhAZAOAIADACA2A6A4A5BMBVBZBXBUBEBFBBA2AqAhAUAOAHAE
4202438,BBBHBBBIBNA+BJBDBIA7BIBRBBA0AqAYASADAEA1BIA3A6A+BCBDBCBJA8BLA4A5A8AnAKAOAKAD
4202453,A+BFA7BEBNBOBRBVBRBFBAA7AuAmAcAMAGADABA7BFA9BFBIBQBSBdBVBDBCA/A1AoAaAPAGAFAE
4202503,BCBHA/BCBTBKBKBGBIA8BKBJA/AuAaAMAQAIAEA9BAA4A+A7BLBIBCBEBMBJBSA0AoAfAdAMADAC
4202537,BBBRBHBHBOBLA/BbBAA/BCA8A8AsAgAaAIAIACA8BEBDBGBNBRBEBOA8A2BEBEAxAwAgANAJADAA
4202578,BCA7A3BAAsBJBEBFA7BFBABJBFA3A5AfAWAJAHA5A6A/A5A4A+BCBAA+BHA/BHA9A6AwAjAMAYAC
4202602,BHBJBHBNBMBPBGBNA9A/A9BBAvAuAeAUAOACACBDBIBDBGBPBMBJBGA+A9BBA+A2ApAhATAMADAH
4202701,A/BCA3A0A8BNBUBTBKA7BLBPA/AsAgAWARACAEA+A7A4A4BBBOBZBMBFA6A+BIAyAvAiAXAWAFAF
4202800,A9BBA9BHBgBgBXBMBMA4BBA6AnAhAZAQAFAFACBGA8A4BEBQBYBWBTBQA4BAA8A2AgAcAVAKAJAE
4202859,A8BFBEA/BBA7A+BVBRBLBAA9AuApAmAZAGAIAEBBA/A+BHA7A2BNBaBOBHBEA8AxA2AoAdAJAWAC
4202875,A0AzA7A/BABAA+BFBDBSBMBXA+AvAqAVAZAJADA4BABDA3A3BHA8BJBMBIBMBPA5AxArATAPAEAD
4202909,BCBCA+BCBPBYBbBbBRA9A5A0AsAgAUAMAHAEACA+A+A7A/BOBbBdBbBTBEBAA6AyAiAbAQAMAGAD
4203006,BHBLBABIBWBVBOBHBKBCBCA3AxAfAZAOAHADABBDBGBABHBUBQBOBMBKBCBCA+AyAkAcASALAFAC
4203105,A8BCA2BBBIBBBGBKA8BEBDBIBEA+AjAVAOAFADBAA2A6A8A5BEBBBEBKA/BFBJA/A5ArAaAUALAE
4203154,BbBkBSBXBeBOA/BKA8A7BEA+AxAiAXAPAJAAACBOBmBOBCBMBTBMA0BAAzAyA9AqAcAPAMAMAGAA
4203204,BLBPBCBBBUBfBkBdBUBCAzAsAhAXAQAHADABABBHBEA/A/BXBlBfBgBYBCA7AxArAbASAKAFADAB
4203253,A+A+BFBFA+A6BCBAA+BCBOBTBYA6AsAhARAMACA7A7A8A3BFAqA+BFA/A7BIBIBEA8AnAPANAGAE
4203303,A+BBBEA/BIBHA+BLBUBLA+BAA8AvAjASALACACA9A/BBBGBDBCBGBLBMBFBABAA8AvAhAWAOANAD
4203402,BCBABDBFBKBHBDBCBNBKBJBFBGAtAiAXAOALACA5BCA7BHBIBAA5A+BCBHBLA9A9AtAkAUANAGAC
4203501,BJBNBQBMBTBOBEBEBDA8A7A5AuAsAfAUALAJABBJBJA8BJBJBKBDBEBJBBA+AzA1AqAiAbAMALAD
4203600,BDBEA+BEBLBTBRBOBPBFBAA7AzAkAbAPAHAEADA+BCA+BCBLBRBMBRBOBCBCBAAyAoAeAUAMAGAD
4203709,BIBEBBBLBQBSBOBLBMBDBFBBAyAnAbAKAKACAEA+BGA9BGBKBSBKBIBJBIBCA8AwAjAgAUAHAHAC
4203808,BCBGBCBFBLBMBKBMBNBFBBA9AzAlAaAPAJAEABA+BBBABEBIBMBNBLBLBJBEA/A2AqAhAVAKAIAG
4203907,BCBBA+BEBVBUBVBOBQBGBCA7AuAhAZAOAKADAABAA9A5BBBLBSBNBTBQBHA/A9AwAmAdAVAJALAG
4203956,A8BEBBBCBMBOBBBXBRA4A8A4AuAoAYAXAIACADA5A7BKBCBOBJBOBMBPBABCBCA7AqAqAXATALAG
4204004,BMBFBCBIBRBRBKBGBJBBBDA+AsAkAZASAGAIABBIBCBEA9BLBQBQBQBIBIA+A8AzAmAdARAPAGAC
4204103,A+BEBCBAA7BGBCBBA7AyBGBQBHA/AxAhALAGADA7BDA2A5A4BDA7A6A8A4BNBHBIA5AwAfAWAHAH
4204152,A5A7BCA5A+A/A6BKBKBCBWBOBEA6AnAfAQAEAAA6A7BAAxBBBBBGBKBBA+BRBLA5AzAmAXAVAGAA
4204178,BCBFBEBFBFA3A/BOBRBFBPBQBFAuAjAcASALAFA3A/A3A+A7BCA5A7BFBKBBBJA2AnAoATAcADAC
4204194,A5BNBEA/BGBOBCBKA9BCBVBfBAApAiARAOAEACA6BJA8BLA4A6BKBKBEA+BCBFA4AyAZARAIAIAG
4204202,BJBHA9BBBYBlBeBaBPA/A3AwAnAaATALAGADABBGBDA8BABWBeBeBYBMBAA6A1ArAgAYAQAJAFAD
4204251,A5A6A5A8BCBMBQBVBZBBBCBDA4ArAdAQAFAEACAyA9A5A7BBBJBUBYBXBEBEBHA/AxAiAUALAIAD
4204301,BFBAA8A+BJBMBOBSBOBCA6A7AyApAeAWAMAFABA+BAA4A5BHBQBNBSBPBCBCA/A4AwAiAYARAJAF
4204350,BJBKA/A4A/BABNBTBSBFBFBGA5A0AhAWAKADACA+A9A3A6A9BKBPBHBKA8BMA4A3AwAnAaAPAGAC
4204400,A/A7A9A2A+BOBGBIBLBABKBLBAAxAlAXARAFACA7A7A3A5A+BABHBNBFBGBABIA/AzAoAeAWAHAF
4204459,A9A2AtAxBLBHBHBBBEA4BbBRBNA1AlAXALANAJA5AyA0BKBJBCAyA/A6BMBMBVA+AvAsAbASAKAA
4204509,A8BABABCBJBPBLBXBVBEBCA/AyAnAbARALADADA7BBBABABDBJBLBPBQBHBBA8A0AqAgAXARAJAE
4204558,BIBJBCBIBJBHBJBJBLBABEA8AyApAgARAKACAEBHBFA/BGBMBLBJBIBIBEBIA/AzAnAhAUAIAGAD
4204608,A+BCA8A+BOBTBXBVBOA8A5A7AzAkAYAOAIADABA6A8A6A+BNBQBVBXBSA/BCBFA8AtAgAUANAHAC
4204707,A9BCAyA9A8BEBJBSBGA8A/BNA/AwApAaANAFABA6A7AyA4A8BEBIBMBFA8BIBKBDA5AvAgAUAJAH
4204756,A5A6A0BEBBBFBABHA/BKBQBfBBA9ApAfAKACABA9AxA2A/A8A+A6A2BDBDBFBVBDA7AvAVAQAKAD
4204806,BHBLBFBIBSBKBJBIBJBAA8A1AvAjAZAQALAEADBDBHBFBFBRBOBLBKBHBHA/A9A1AoAgAXAMAJAE
4204905,AzA4A4A4A+A/BFBLBHA/BCBTBMA8AwAeAPAGADA9AvAvAzA1A/BFBFBAA8BFBRBIA8AwAiAVASAG
4205001,BEBMBMA/BFBIBJBLBKA9A6A4A1AwAdAVANACADBDBJBDBBBGBLBPBMBIBCA8A5A8AsAgAYAMAHAE
4205100,BFA+BHBQBKBMBRBSBBBJBABGA7AkAaAaALAFABBGBCBCA6BEBJBIBDBLBCA6A/AvAnAlARANAHAE
4205159,A6A6BABAA9BMBQBFA7BNBGBFA6AxAvATAWAHACApAyAxBLA7BJBFA1A8BEBTBLBKA7AiAdAYAPAC
4205175,BVBWBFBOBqBCA/BDBIA9A4AzAzAiAWAOAMAFAIBTBSBNBPBcBLA+BJBOAwA1A1AsAlASAPANAGAF
4205191,BHBDA5BNBMA8BVBHBMA8A8BAA+A2AfAVALAEAFA8BFA3A4A9BHBIBHBOBDA8BEBEAuAhAfAJAKAC
4205209,A2A8A6A7A7BBBQBIBIA7BCA9A+BFAuAcAKAFACBCA9A8AvA/BFA/A8BGA1BKBHBABAAqAkAWAMAO
4205308,BFBEBHBEBJBJBIBMBNBGBBA9A4ArAaATAKAEADBBA6BBBEBHBCBPBLBGBEBFBBA1AvAeAXALADAJ
4205357,BHA/AwBBBCBBAzBKBJA7BVBDBIA+ArAdAQAEACArBGA+A+BCA5BIBIA7A+A9BABBAtAwAjATAQAJ
4205407,AxA2A1A5BOBXBYBZBVBBA5A2AuAkAdAQALAEACAvA2AzA2BOBZBZBcBbBGBBBBA8AxAkAXAPAKAG
4205431,BBA2A5BBBDBDBLBFA2BBBEBZBBAwAoAhAXADAEBKA4A5A2BHA/BJA4BDA4BMBIA8AtAiAgAdALAE
4205456,BNBOBDBGBcBeBcBSBJA9A3A1AqAbASAIAFAFAABIBJBBBIBYBbBaBTBKA6A4A5AtAdAUAOAEAIAD
4205506,BIBIBHBJBUBSA9BEBHBGA/A9AwAkAcAQAIAEABBCBHBBBNBOBGBDBLBLBFBIA8AwAtAfATAOAHAB
4205555,A9BHA/BKBEA9BABBBEBBBcBXBQAvAmAWAMAFAGAuA8A2BIA8BCA9BHBDA5BHBPA2AuAmAUAPAIAE
4205605,A7BCBABCBIA3A7BKBFA2BKBDBGA4AoAeAHAJAABEBABFA7AtA8BFBHBDBCBFBQBGA0AlAXATANAK
4205704,BEBFA7A5BEBFBLBRBYBIBHAxAzApAcAPAIADAEA5A7BEA9BFBKBKBaBdBJBFBBA5AvAcAVAMABAG
4205803,BQBVBLBNBTBPBQBQBOA/A6A3ArAjAXAMAJADABBHBPBIBFBJBQBTBJBKA/A+A0AtAgAXAPAIAEAE
4205902,A/BGBABCBSBaBVBSBQA/A7A7AsAjAXAOAHAEABA/A+A6BDBOBWBXBTBPBEA/A+A1AmAcARANADAD
4206009,A1A7A8A9BGBIBIBPBNBGBMBIA/AzAkATAIAGADA0A8A2A7A/BHBIBMBMBNBJBEA9A2AiATAKAHAH
4206108,BOA7BDA1BEBKBNBVBEBHBCBCA7AtAiASAJAGAFBFA8A+A8BDBJBPBRA+A9BABIA1AvAhAYAMAIAF
4206207,A3BIA7A4BDBOBMBNBGA7BHBHA4AzAeAbANAEABA4BAA7A/A1BOBGBLBBBABKBJBFAwAoAcARAHAD
4206306,BHBFBAA8BIBXBaBaBPBBBFA6AxAmAWAMAFAEABBFBEA9A6BCBSBVBaBRBHBAA6AyAjAaAQAIAGAE
4206405,A5A3A5A3A/BCBPBJBABEBJBSBEA5ApAaAPAHADA0AxA0A3A5BEBGBKBGA7BHBKBHA5AtAdATAMAH
4206504,BMBEBEBEBaBfBeBWBQA+BEAtAkAaAPAOAHAEAABKBIBDBEBQBeBUBTBSBAA/AxAmAcAWAPAIAGAC
4206603,A3A2A9AzA5BGBKBJBBA8BCBKBJA1AoAbAPAHACBBA4A1AuA6A/BTBDBGA/BDBSBMA9AsAbAZADAO
4206652,BTBTBEBBBJBMBYBaBQA9A+A1AzAmAeARAHAEABBNBMBBBDBBBNBVBYBFA7A1A0ArAmAaAPAHAHAB
4206702,A8BDA4BABKBNBHBTBMBEA/BAA6AmAiAUAJACABBAA+AvBABCBOBPBHBGBHBDBABCA/AeAXAPAKAE
4206751,A7BMBKBFA+A9BPBCBABKA+BRA8A9AuAZASACAAA5A6A9ArA9AvBHBLBIA9A6BSA+A2AzAaATAHAC
4206801,AyAyA7BBBBA6BAA+BMA+BNBBBTBIAyAZASAJACA1A5A1A/AsA4A4BFBIA+BCBNBCA9AwAiAdAPAH
4206900,A5BBBIBIBMBOBTBSBPBCA8A3AyAmAdASALAFABA4A7BHBEBJBGBQBXBMBGA3A4A6AqAjASAPAIAE
4207007,BCBGA8BDBLBGBYBXBNA8BABFA3AjAaANAFACACBCBCBAA+BLBOBVBYBKBDBDBBA4AlAaARAGAGAD
4207106,BJBQBLBKBHBQBTBVBUA8A7A6AxAiAYAMAGAHAABDBHBFBBBIBTBSBOBPBBA/A3AuAjAXAOAMAFAB
4207205,A3A4A6A+A6A2A7A+BABBBLBUBRA9AtAhAQAHAFA2A8A5A7AzA9A6A9BDBBBLBTBJA5AwAhARAOAF
4207304,A5A/BFA7A+BMBIBSBTBBA/A9A3AuAgASALAGABA5A9A8A4A+BIBNBUBRBDBEBIA/AyAjAXARALAF
4207403,A/BFA/BIBGBOBMBMBRBDBIA7A9ArAgAOAIADABA+A/A7BKBJBNBGBPBEBABFA/A8AsAjATAJAHAC
4207502,BBBGA/BFBOBYBeBWBSBDA9A1ArAdAVAMAGADABBCA+A8BCBNBZBYBYBQBEA9A5AuAkAaARAMAFAD
4207577,A0A4A8BBA5A/BGBBBFBCBRBJBBA5A0AdAUANACAvA3ApAuA5BDBBBEBDBMBCBWA7AzAyAmAcAMAF
4207601,A6A7A3A5A+A6BDA+BDBFBCBUA9A/AlAeAUAEAIA8A2AzA1A5A2BEBJBLBBBJBIBHA3AyAkAXALAP
4207650,A5AzA2A9A+BABCBMBPBFBNBHBFA3AnAYAaADADA6A6BAA/AqBFA+BTBEBOA/A4BDA4ArAYAbAIAD
4207684,BbBfBKBaBnBTA/BCBBA2A5AyAqAfAeANAHAGADBQBbBMBNBdBWA6BGBAA4A0AuAnAhAUAQALAIAF
4207700,BEBFA3BDBSBLBLBGBCA+BMBGBCAtAkAXAJAIACA+A1A6A4BGBEBHBMBBBEBDA+A4AzAlAfARAIAD
4207759,A3A7A2BFBABDA1A9BGBBBOBdBJA0AyAeAPANADA3AwA5BIA0A4AxA9BABFBKBJBJAxAxAmAVAPAE
4207809,BFBCBBBCBRBQBNBPBNBGBCBBA1AoAgASAKADAFBKA6A4BABJBNBRBJBDBABDA6AzAuAhARANAIAB
4207858,BQA0A+A4BBBKA5BPBBBIBHBJBJA2AmAWAIACAHAxA/AzBEA1A+BABBA/BIBDBSA/A7AnAjAOAOAH
4207908,BGBCBJBJBPBKBEBMBNBMBGBAA4AlAZAUAGAHADBBBFBABMBJBKBEBJBGBFA8A/AyAkAaAXAJAHAF
4208005,A/A7A9A8BFBEBKBLBFA+BIBGA/AyArAXARAEAAA1A7A5A4A+BDBEBQBIBFBJBDA5A2ArAaATANAE
4208104,BIBFBKBSBPBOBMBQBOBJBDA5AwAmAbAQAIAFABBEBCBDBGBKBJBKBKBCBBA+A2AvAnAdAVAOADAE
4208203,BDBIBEBCBQBdBdBcBWBBA1AvAmAcASAKAFADABBBBEA/BABNBcBcBdBYBCA8A1AuAiAXAPAJAHAD
4208302,A+BHBABCBSBWBWBUBRA9A7AzArAiAbAMAJADAAA6BBA9BCBNBTBYBUBYBIBCA8AxArAbAPAIAGAD
4208401,BFBABAA/BNBKBRBQBHBFBABDA4AvAfAUAMAEABA/A7A6A/BMBIBHBNBLBBBABCA3AqAhAUARAKAB
4208450,A/BHBCA6BFA+BHBQBKA+BABDBBAxAoAVAMACABA8A5BBBBA7A7BGBQBABCBKBLBLA6ApATAIAEAE
4208500,BIBFBABEBNBVBSBRBKA/A9A/AwAkAaARAKABACBDA/A7BEBOBSBOBTBHBBBBA+A0AlAfAVAMAFAF
4208609,BCBDA3A0BGBABDBFBAA4BNBQBLAwAoAdAPAFAFBBBBAyA2A8BDBEA8A9A5BJBHBFAzAwAiAcALAE
4208708,BCA+A1BGBFBIBLBKBFBCBABJBAAqAhAYAMAJAHA2A9A4BCBFBGBBBHBJA9BCBLA9AwAoAbAPANAF
4208807,A7BCA+A6A9BABEBMBIA7BBBDBDA5AqAZANAEACA/A8A7A7A7BABLBCBLA9BDBPBIA8ArAbAKAGAI
4208906,A/BEBABABPBVBZBbBXBHA9A1ApAeAUAMAHADABA9BAA+A+BJBUBYBZBaBJBBA6AvAjAYARAKAFAD
4208955,A8A+BHBCA7BJA+BOA9A+BJBWBPA1AbAQAPAKAAA5BFA4AqBABBBPBBAwA9BLBcBGAnAqAaAUAQAA
4209003,A8A3A7A6BJBOBTBPBNBDA9A+A2AnAdATALAHADA1A7A1A5BPBQBRBQBMBGBGBEA+AuAiAYATAMAD
4209102,A9BCBABBBTBVBXBTBTBCA+A2AsAiAYAMAHADABA7A/A7A+BPBWBUBVBUBHBCA+AyAoAdASALAGAD
4209151,BRBaBNBQBKBVBIBABEBCA9A0AuAkAhARAMAFACBVBXBNBJBJBIBMBDA7A2A2A3AxAfAaATAOAFAD
4209177,BGA/A4BRBGBVBCBEA+A7BNBKBAAxAtAPANAMACBGAoA4A7BNBDA9BKBDA/A/BMA0AuAnAdALALAH
4209201,AvA7A0BHA0A/BLA0BGBHBFBRBDAxAsAfAVANACAsA0A1A5A7A+A8A8BUA8BMBVAwA8A0AoAiASAG
4209300,A+BDBBBFBRBNBNBMBJA9A7A4AwAkAbASAJAEADA9BBA+BBBNBQBPBOBLBDBFBBA5AuAjAXAQAHAE
4209409,AzA0A8A/BHA/BCBHBKBEA+BGBBAyAsAaANAFABArA4A3A+A7A7BCBNBQBFBKBJBMA7AyAiAUAKAF
4209458,BCBJAyBEBCBCBQBQA9A9A3BLBFAzAwANAWALAFBKA2AsA1A9A+BdBBA+AvBHBLBLAyAyAVANAJAC
4209508,BABEA/A9BBBNBdBUBPBEA9A/A4AtAbAQAKADAEA0BBA6A0A/BKBgBWBLA+A/BIA2AtAhASAKAKAH
4209607,BABFA/BDBFBEBQBPBJA9BDBEA8AqAaATALAEACA4BAA/A9A+BFBJBUBJA/BDBKA9AqAkAZAOAPAC
4209706,BPBZBSBWBOBNBKA/A8BFBCA3AzAiAbAQAIAAAFBNBNBKBIBPBNBOA5BEBBA4A5AyAlAaASAFAHAF
4209805,BBAzBBBHBFA+BBBNBCBKBQBPBMArAgAWAWAGACA0A7A9BJBEAyBEBHBABEBEBJBDAqAfAbAQAHAG
4209854,A3A7A9A7BJBBA/BAA/BBBNBZBOAyAxAXAKAJAABFA7AuA4BAA+A+A9BCBEBHBIA9A6ArAgAUAMAH
4209904,BIBJBEBCBIBPBOBQBSBEA5A9AwAkAXAPAKAEACBIBFBBBCBHBPBPBTBGBEA5A3AzAsAeAWASADAD
4210001,BGBIBFBEBVBTBYBSBOA/A9A1A0ApAaAOAGADACA9BGBHBCBNBWBYBUBHA8A2AyAyAjAcAQAJAHAD
4210035,AzA4AzA0BJBDBNBLBFA+A8BKA7A3AtAZALANAEA0A5A0AuA2BLBLBJBUA5BHBNBDA5AxAbAUAWAH
4210050,A4BKBMA+BHA2A+BJBMBHBCBQA1A6AvAYALACAFA6BHBCAzAvBBBFBLA5BHBCAzBGA1AzAWALAOAG
4210100,A+BEA6BIBKBKBOBLBMBIBBA+A1AqAbAUAKACABA8A8A5BFBHBDBKBLBPBFBDBCA+AwAgAZAOAHAF
4210209,A8BEBLBDA0A8BBA7BJBGBQBDBMAvAnAcANAHACBCBBBEA5A1A/BHA6BIA/BDBKBDApAxAeALAOAF
4210308,A9BBBEBIBJBOBKBRBKBMA/BAA+AuAdASAKAEAEBAA4BGBBBEBJBEBEBPA+A/BAA4AsAdAWAKAHAF
4210407,BLBPA7BQBDBKBMBMBOBBA7A6A3AtAdAPAHAFAAA+BBBHBMBBBMBTBTBKA8AzA+A6AsAcAUAIAJAD
4210506,BGBCA9A+BRBVBTBUBKBAA7A4AwAmAdAQAKAGABBBA+A1A/BJBPBSBQBLBGBABAA1AoAfAYAPAIAG
4210555,A4AxAyA9BIBIBABDBAA6BLBRBMA8AqAnAQALAIAxA4A6AtA8BBA2BHA3BDBRBIA8BAApAhAVASAL
4210605,A+A9BGA9A/BKBNBVBOBCBOBEAzAtAfAYAJAIAEA8A3A5A3BAA+BRBQBUBKA+BAA2AnAiAYAQANAG
4210704,BDBSBVBWBDBDA+BIBKBDBNBKAxApAkASAMAEABBGA4BABHBGA5BEBKBHBCA7A/A2ArAeAVAQACAC
4210803,A1A7A9A+A+BEBTBKBIA5BSBLAzAzAqAVAOAIACA1A5AxBDA8BFBOBIBBBCBKBQA/AuAnAdATAMAI
4210852,A2BBA5A9BDA/BHBIBCBEBbBMA6AxAxAYAOAHABA9BDA7BEBEBFA7BLA1BOBEBEAzArApAdARAMAA
4210902,A+AxBBBKBKBPBFBIBMA7BMBDA6AwAbAZAQAGADA3BEA5A8BDBCBBBKBBBGBEBKBAAnAtAbAVAIAE
4211009,BBA9A/A/BGBHBOBSBIBBBCBEA7AtAnATAOADADBAA7A2A8BBBPBJBNBFA9BBBDA+AyAmAWAVAHAD
4211058,BPBMBDBWBgBWBGBABHA8BBA6AxAgAUANALACABBPBLBEBUBfBRBEBABABCA7A6ArAiAYAQAKAEAD
4211108,BNBHBHBKBXBGBFBGBXBKBCA5A1AqAXANAKAGABBGBABFBJBKBDBGBJBCBEBCA6AwAsAbASAMAGAE
4211207,BBBFBFBBBMBTBaBSBPA6A9A+A1AiAWAKAGACADBBBKBIBABLBJBXBYBOA3BABBA4AmAZAQAGAKAD
4211256,BBBCA0BABGBCBSBABPAyBOBOBAA4AhAcAKADADA6BAA9AzA7BIBMBGBGA6BLBNA9AtAlATATAMAD
4211306,BFBMBGBLBOBMBQBUBVBGA1AyAsAjAVAMAFABAAA9BNBCBKBJBQBXBaBTBGA8A4AvAmAYAOAIAFAD
4211405,BIA/A6BBBKBPBPBMBJBBBFBFA9ArAfAUALAIAAA7BCAzA2A7BTBVBGBEBMBBA5A+AtAhAZAPAEAJ
4211454,BDA/BGA7BHBIBLBHA9BCBQBXBGA8AiAUAPACAEA2A3A1A1A9BSBAA8BDA/BABOA8A0AcAYAPAOAH
4211504,A8A9A2A5BJBIBVBTBOBDA7BFBBArAbAVANAJABA7A2A4A+BCBFBTBNBKBABHBIA6AtAiAYARAIAH
4211603,AzA8BDA9BJBGBMBJBDBHBDBHA8AqAlAVAMAIACA7A3AzA3BFBIBUBOBIBHBKBJA5AwAlAcAMAMAF
4211652,AzAzBHBQA/A/A7BCA9BCBJBYBRAzAyAfALAIACA1A6A9BFA0BFA7A7A6BABGBPBIA6AlAeASAJAC
4211702,A+A5A8BDBKBNBRBPBPBFBEBBA0AnAeAPAIAIAAA6A9A3BABLBJBSBMBRBIBGBAA7AoAiAXAKAKAD
4211751,BEBIBFBMBJBQBKBJBKBEBCA8AuAhAcARALADABBEBIBFBDBOBRBJBIBKBJBBA8AvApAhARAKAHAB
4211801,A8A4A7A6A+BLBJBFBGA8BSBJBHA2AkAaAMAFADA0A2AvA2A+BFBGBEBGBBBLBKBHAwAuAdAVAOAH
4211850,BKA/A/A4BGBPA/BOA9BBBEBQA/A3AnAVAGAJACBDBDA0BBA+BLA9BGA8BXA1BJBHAyAhASANAGAC
4211876,BPBFA8A4A3A3A8BUBFBGA+BMBUBCA0AIAKAMADA6BBA6A/A4A/BDBDA8A4A4BHBQAvAiAiAQARAA
4211892,A8A9A8BJA6BPBBAxBLBSBeBLBJA4AxAhALAIAGBCA6A0A6AxAyBCA1A8BLBGBCBJAuAlASATALAG
4211900,BDBHBBBDBMBXBbBbBZBCA7AuAmAcATALAFACABA+BCBBA+BPBcBfBgBXBEA9A0AwAiAYANAHAFAC
4212007,BTBGBMBFBNBLBSA/BHA9A9BAA6AsAeAUAOAFABBGBIA6A8BFBCBIBHBEA9BFBDA1AoAjAVAKAMAC
4212056,A7BHBTBCA9A6A4BDBSBOBGBJBIA+ApAfAQAJACAuA8BJBDA3AvA+A0BQBDBLA9BAAzAeAZALAHAJ
4212106,A2BBA5A3A/BCBKBIBJBEBJBCBBA0ArAaAQAGABA6A2A3A1A6BFBBBJBIBCBGBGBBA5AuAhAVAKAI
4212205,BFBDBCBLBMBRBVBPBOBFBABAA0AkAcAOAJAEABBFBABCBDBNBOBKBJBKBAA/A9A4AnAcARAKAEAE
4212239,A8A/BABIBFA7BABKBLBFA+BZBHA6AmAZAMAJABA4A8A7AyA+A4BGBGA/A7BIBABEAtAuAcAPAMAJ
4212254,BABJA/BMA9A4BIBSBIBCA6A/BAAxAgAXAHAHABBDBIA6BCBBBGBWBJBPBBA8BGA/AxAcAWAIAHAC
4212270,BPBNBPBMBDBCBAA9BHBGBLA7A0AvAnASALAFABBMBJBEA8BKBEBLBIA4BBBDA9AwAwAdAPAOAGAC
4212304,BABFA/A+BHBLBDBLBJBCBEA/A8AsAkAUANAFACA5BIA+BBBCBGBJBLBJBCBKA8BAArAjAWARAGAE
4212403,AxBBA5A5A0BCBVBLBPAzBKBWBHA6AoAbAKAJABAvA2AsA7A1A0BJBUBHBBBKBTBFA8AnAZAZAIAE
4212502,A+BABEBCBDBHBNBRBNBFA8A3A2AqAgAQAJADAAA/BBA9BABJBLBPBOBSBDBDBAA9AzAiAUAPAEAD
4212601,A5AuA4A1AwA5BGBDA/A6BCBZBNBOAtAhAPAMACA8AwAzAxArBABABEA1BABGBgBSA+AtAkAaASAH
4212650,A6A7A4BEBBBIBMBPBIA3BOBOA5AvAjAWAIAHAAA3BAA5A+BEBLBMBEBHBCBJBMBAAuAlAaAKAJAG
4212700,A7A2BAA/A/BJBEBLBBA/BGBLBEAzAiAZAPAJABBCBEBBA6BAA9BJBIA3BDBDBNA/A1ApAZAVAGAC
4212809,BGBFBGBCBCBJBYBVBNA9A1BBA0ApAbAOAIADAABEBFA9A1BHBGBQBMBPBGBCBKBAA3AeAMALAEAE
4212908,BIBBA9A7BSBaBfBVBMA8A9A5AsAhAVANAMADACBGA/A3BABSBbBdBTBNA9A9A3AvAnAbARAOAIAD
4213005,BHBDA3BOBSBUBMBQA4BGA5A/A5AtAaAQAOAFACBGBGA3BFBKBUBVBNA2A+A8BIA2AkAZAYANALAC
4213104,A8A/BCBABHBCBFBIBAA+BAA9A+A2AiAfATAFAEA7BFA2A5BDA+BKBOBHBJBABBA7A4AlAhAPALAE
4213153,BFA6A6A8BFBABNBFBCA+BDBOBEBAAnAUASALADBAA3A9AtA5BKBMBGA2BAA8BWBFA0AoAcAGAMAI
4213203,A5A8A8BABKBIBPBTBcBQBIA6AvAjAbASAJAFAAA2A8A5A5BCBIBRBZBdBNBHA8AyAoAgAVARAGAE
4213302,A7BABFBUBSA8BFBCBHBEA+BCA3AwAhAXAOADAEA+BHA8BFBGBHBABBBNBEA+BCA+A5AnAVAMAEAE
4213351,BYBYBTBOBSBQBIBKBKA0BCA0ApAiAQARAKACADBTBFBIBFBLBVBVA4BGBDA4A7AvAlAaAVAFADAF
4213401,BMBJBFBKBOBQBIBFBEA+A+A7AyAsAXARAGAGABBKBLBDBIBGBUBDBEBFA8A/BAA6ApAhAVAMAFAG
4213500,BABEBCBDBPBPBSBZBYBKA8A2ArAiAXANAFAFABA7BAA8BBBHBRBWBbBaBHA/A4AyAmAaAPAKADAG
4213609,A7A+BEBIBOBHBEBHBJBDBBBCA4ApAeAVALAGACA3A9A7BFBIBFBGBFBMBIBFBGA8AvAjAcAPANAH
4213708,BJBNBBBJBPBJBOBXBMBAA8A4AvAkAbASAIAGACBEBGBDBBBMBOBNBQBHBDA9A5AxAoAdATAKAIAD
4213807,A/A+A+A/BGBLBHBJBOBEBGA/A6AsAmAWANAHADBAA7A+BBA9BFBJBMBMBHBCA6A6AzAnAYAMAKAE
4213906,BJA3AqA4BCBJA3A+BDBJBLBMBOA6ApAXATARADA5A0A3AoA0BPAtBDAzBGBABaA8BDAyAuAYAIAG
4214003,BEBDA7BHBcBWBdBOBJA/A2A4AwAcAYARAKADACBABAA9BEBTBfBRBPBHBCA8A7AtAlAcAWAMAIAD
4214102,A3BFA4BHA3BBA9BPA3BGBUBYBDA2AvAPARAFADA4BDA2A/A0BBA6BKA/A9BBBbA9A3AqAXAWAKAD
4214151,BBBCBBBKBDBFBOBMBVBGBGBJA5AzAhAUAQACADA1A6A2A/BABBBRBUBBA7A4BBAxAuAfAZAXAJAH
4214201,BMA5A3A8BIBOBUBGBGA5A9BHA5A1AkAXAKAKABBAA+AzA2BNBZBPBCBAA3BHBEA4AvAiAcAQAMAG
4214300,A9A/A9A8A/A8BKBOBEBMBMBJBCA5ArAcALAEAHA5AtA7ArAzA+BSBKBRBGA+BGBEA2ApAXAPAHAI
4214409,BDBJBOBEBIA+BKBDBIBABLBBBBAzAgAZAIAKABA/BBBFA9A6BDBDBHBBBDA6BAA1A0AmAbAMAHAG
4214508,BBBBBDBLBDBEBFBOBOBFBHBGA8AtAkAYAGAIACA+A8BDBEA9BABDBLBJBCBDBDA9AoAhAYALAIAD
4214607,A6A4A6BBBLBEBOBPBGBDBDBCA+AvAhAdALAJACA/BDA3BCBEBCBGBGBJA6A/BGA5AuAnAeAbALAD
4214706,A4A8A7AyBCBXBPBMBDBHBKBGBJAlAfAYAMAKAEA2A/A3BABFBMBOBABKBGA4BDA7A1AhARAVASAD
4214805,A+BAA9A/BRBSBUBYBHBCA/A4AvAhAXAQAKADAEA4A5A+A9BTBTBTBWBMBMBBA6A0AoAhAYAPAKAD
4214904,BMBEA5A5BABMBOBMBJBBA8BPBJAuAqAUASAFABA3AyA0AxBDBLBMBHBKAzBDBJA7AxAnAdAYAEAB
4215000,A+BCBJBHBTBKBLBSBTBHA/A/AuAfAWANAJADACBBA+BEBNBKBIBLBKBNBKBHBFAxAiAaAUAJAIAC
4215059,A/BHA6BCBJBPA/BMBEBKBNBJA6AvArASAOAGAAA3BOA9BEBHBGBCA3BLBFBCA9A1ArAdAXASADAI
4215075,A+A4A8BCBDBGBJBGA8BNBPBTBBAxApAcAQAEACA8A7AvA4A8BEA/BHBABJBHA8A6A4ArAiARAHAE
4215109,A6A6A4A2A8BJBPBWBQBEBBBJA8AwAmAVARACADA3A0A6A5A6BIBRBMBJBDBBBHA/AyArAcANANAH
4215208,A7A1A4BCA6A7BBBAA9A6BJBaBQBEAzAgAPAIAAAsAyA1A6AwAzAzBEBHA/BEBYBJBAA4AiAaAMAJ
4215307,A9BGBFBHBQBIBIBLBHA8A9BAA8AxApAUAMADADA8A+A4BABLBIBKBJBFBEA9BBA+AyAfAZAKAGAC
4215356,AzBGBFBFBIA/A+BBBPA+BCBEBAA3AoAiANAJACA/BEBBBJA+A5BFBJA7A6A+A6BCA5AoAYALANAK
4215406,BCBCA+A+BOBJBIBNBHBABHBKA3AkAhATAOAFABA6BLA3A6BFBFBPBNBDBABGBBA4AvAgAdAQALAD
4215455,BKBXBKBMBTBYBTBXBPA9A1A2AqAcAUALADADACBLBVBLBJBQBRBVBOBNA5AzA2AmAgAXAMAGAFAE
4215505,BMBKBHBKBTBNBJBIBQBHBBA4ArAcAVAQAEABAGBRBRBKBGBPBPBKBPBKBEA+A5AqAeAZAQAMAGAC
4215554,BOA8A2A8BABABABIBABHBJBTBEA+AsAVAMAGAFAyAtAvA2AxBJA8BIBABDBNBEBABHAtAfAaANAB
4215604,AvA2BEAoBFBcBOBVBMAyBUBaA+AuAoAZAOAKAAA3A3AsAtA2A3BMBPBABABFBHA+A9A1AcATALAH
4215653,BFBBA7BCBCBKBQBEBBBABCBEA5AuAlAVANADABBEBJA+BABJBEBNBHBMA6BBBEA7ArAmAWANAKAC
4215679,BAA+A/BDBGBKBUBSBUBQBRBJBAAsAgATAMADAAA9A9A6A+BGBCBGBFBBA9BCBHAzAlAiATALAHAE
4215687,BABCBBBBBGA6BCBLBEA+BMBHBCAwAxAlARAEADArBEAwA9A2BCAyBHA5A+BLBHBDA1AwAfAXAJAP
4215695,A7A6AyAkBOBKBOA+A9AsBDBeA+BBAqAhARAFAABFA9BPA/A6BUA6A9A6BJBBBLA5AyAiAoAXACAD
4215703,BGA7BCA+BABEBXBHBSBFBHA/A4AkAYATALAHACA5BDA4A5A+BKBdBTBTBBBEBJA0AlAjAUANAMAF
4215752,A/BJBFBHA2BQBDAyBEBBBPBKBGA7AwATASAHADBNBFAvBAA7BEA8A8A9A/BKBAA8AyAiAlAJAIAA
4215802,A8BDBEBGBIBNBQBOBeBIBBA3AvAiAWAPAIACACA9A/A/A/BEBNBNBXBZBMBFBAAyAlAbAVAMAFAD
4215901,AtAzAkBAA8A6BABPBHBKBRBYBJA+A1AjAIAMAHApApA0BDA4AyA1BIA7BRBHBWBAA1AyApAXAQAF
4216008,A/A+A3A8A8BFBKBMBNA6BIBHBDA0ApASALAFADA/A+A1A0BDA+BKBIBIBBBDBKBEA2AmAhAQALAF
4216057,A2A4A7A7BxChCUCPCCBrBTA+AxAeAVAOAGABAAA7A7AqAxBAA2A0AwAwAvAqAiAfAaATAOAHAEAC
4216107,BDA8A3A7BGBKBBBHBBBABFBGBGAzAqAVANAGABA5A8A8A9A+BJBBBGBJBGBEBKBAA0ApAbASAIAE
4216206,A/BFBFBIA/BCBDBLBPBBA6BHA9AvAkAQAKADABA1A8BGBGA4A/BEBQBNBDBEBNBCA0AnAUANAGAD
4216255,A3A7AuA2A3A/BKBQBDBDBPBNBHBAAtAbATAFABA5A2ApA1A0BHBDBFA/BEBJBFBBA+AzAlAbAGAG
4216305,BLBIBBBIBOBWBZBUBKBCA9A2AtAaATAMAGAEABBIBIA/BEBNBXBZBYBPBDBBA6ArAeAVAPANADAC
4216354,BXA7BLBOBCBWBLBPBJBBA6BAAxArAdAUAMAFADBGBKBGBCBEBMBEBTBDA5A4A7A3AoAaAOAPAIAC
4216404,BEBEA4BGBABIBMBGBABFBFBGBFAsAgAWANAHADBBBDBAA6BCBLBNBIBAA/A7BIA6AvAiAcALAKAE
4216503,BCBHBGBGBOBOBMBNBGA+BHBCA1AnAdATAOADABBDBEBBBBBDBIBNBMBCA9BHBCA4ArAcAUAOAFAD
4216602,A3A8A9A7BHBXBbBZBWBDA7AyApAhAWALAIADABAzA9A6A7BJBbBeBcBcBLBBA9A4ArAhATAMAHAE
4216701,A7A9A4BABCBEBQBOBHBABDBHBEAzAhAYAOAIACA7A4A0A3BBBCBPBGBDBDBCBJBEAwAlAeAWALAE
4216800,A2A8A4BGA8A/A4A6BDBMBSBRBRA7AqAdANAIALA0A6A3BDBAA6A0A+BBBJBFBHBJA6ApAZAVAIAD
4216909,BFBAA9BBBPBNBPBJBKA/BAA8AyAoAeAWAQACACA/BAA8BCBKBLBPBLBLBEA+A/A6ArAiAXAPAJAF
4217006,BLBJBDBJBXBfBdBdBFA8A8A9AqAaAWAKAJACAABABIA8BDBQBXBbBTBMA/A9A8AoAfASAQAKADAD
4217105,BJA1BBA8A7BFBIBJBIA+BGBNBMAwAvAUAXAHACA4A+AqA0A7A8BOBEBGA9A4BGA8A7AyAiAPANAI
4217154,A+AyA1BJAzA2A4BBBCA6BaBcBcA1AyAgAUANADBAA6A0A3AkA0A8A8A3A6BMBRBSA1AmA0AdAIAA
4217204,A5BDA5A3BKBUBNBUBSBCA9A7A1AoAeAQAJAFABA/A8A2A5BHBUBaBXBGBCA/BFA4AzAhAVANAJAF
4217253,ApAzAtArBjCCCfCDBsBMBHA9A5AvAdAZAMAOABApAnAuAvAiA0A2A+BCA8A3A4A0ApAlAaASALAI
4217303,BDBCA5BABKBMBTBPA/BABKBIBCAxAZASAHAFABBGBCA5A/BBBLBNBMA+A+BCBKA7AqAcATASAJAC
4217402,BJBKBEBEBHBLBSBgBXBLA9A2AqAdAWANAIACABBEBJBFBABCBJBYBiBXBGA8A2AtAdAWAQAMABAD
4217501,BFBEA/A8BVBQBMBQBGBCBABEA2ArAfATAMAEABBCA5A1A7BPBLBMBOBIBEA+A8A4ArAhAXAQAIAF
4217550,A9A+A2A2A6BLBOBIA5A/BUBQBMAvAhAQAQAMAABBAzA4AwA/BSA+A8A+BBBHBVBDAvApAeAXAVAD
4217600,A9A7A9A8BKBEBLBTBLBCA8BIA9AtAiASAKAEACA0A8A3A/BFA/BNBRBNBAA9BNBHAyAkAZAPANAE
4217709,BGBJBGBJBLBLBMBLBDA/A/A8AvAjAZAPAMABABBBBHBEBKBJBRBMBOBPBEBGBAAzApAcASARAEAD
4217758,A9A2A4BFBHA/BFBCBFBABNBJBHA+AoAZAWAHAAA8A+BHA5A7BCA6BMA5BFA9A7BTAtAtAZASAHAF
4217808,BGBBBCBEBDBKBNBOBLA9BFA/A0ApAjAVAJAGAEA/A8A+BBBBBKBMBRBIA8BDA9A2AyAnAaANAKAC
4217907,A/BBA5A+BIBOBJBEBJBGBCBSA7AtAmAbAPAGABA4A8A8A9A8BIBIBGBABDA9BIA8AtAlAcAbAEAD
4217956,A9BGBABCBAA7BJBQBGA9BGBIBAA7AoARASACAABLBFBCAwA+BCBPBQA/BAAuBKBFAtAaAYAaAHAE
4218004,BLBGBBBHBSBdBdBbBSA/A2AxAnAcAUAMAGACACBFBJBAA/BQBcBaBaBPA+A7A0AsAhAYAPAHAGAD
4218103,A/A8A2BEBIBGBJBPBMBEBIBFA9AxAlAeANAJADA5A7A3BEA3BDBHBMBLA4BIBEA9AwAmAXAPAJAB
4218202,AzA7BDBABEBTBQBVBNBEA/A/A5AmAXARAIAFACA0A9AzA6BJBUBUBdBWBCBDBEA6AoAgAWAOAHAF
4218251,BUBUBQBUBcBZBKBHBHBHA9AzAqAgATALAKABADBKBRBLBTBZBUBJBJBHA8A8AtAmAcARALACAEAD
4218301,BVBRBHBOBRBOBIBJBMBGA+AyAtAhAXANAHACACBPBOBJBMBSBHBHBNBMA+A8A3AsAiAcAPAFAGAE
4218350,A4AqA9AxA3BLBHBPBQBIBFBLBCAzAfAbANAEACA2A9A/A4A3A+BaBPBFBDBNBJBFAvAmAbANAKAL
4218400,BFA/A8BBA9BOBKBQBNA+BCBFA+AuAgAaAJAFADA/A/A6A+A7BBBTBKBCBEBGBEA6AvAlAaAQAGAD
4218509,BLBMBABCBIBUBgBXBQA9A4AyAlAhAXAQAJAEADBKBFBBA6BTBaBXBcBTA5A0A0ArAlAaAUAOAGAB
4218608,A3BHBBBBBEBLBJBQBKBGBEBLAyAnAbAWAMAEAAA6BBA9A/A+A/BIBSBNBGBPBKA+AoAaAWASAHAH
4218707,A3A+A6A6BGBLBRBSBSA9A+A9A2AoAfATAJAEADA1A6A0A5BFBOBQBWBTBBBCBKBCAwAqAZAQAJAE
4218756,BEA7A3BAA9BEBFBEBKBABNBNBGA1AuAcAMAGAEA+AyBAAyA6A8BEBFBHBGBGBBA/AzAqAaAVAFAI
4218806,A9A+BCA7A3BKBXBOBPA/BDA/A4ArAcAWAIAEAEA2AzBBBCBBBQBWBRBCBMBKBLA8ApAjAVARAGAD
4218855,BAA/A4A8A/BABLA/BABEBJBXBJA1AoAcAQAGAFA4A9AwA5A6A8A9BHA6A9BPBOA+A1AsAhAQAHAP
4218905,A6BHBLBGBMBHBGBFBCA4BKBNA1AhApASALAHAHBFA/BCBBBIBIA+BNBLA6BEBGAwAsAiAUAUALAE
4218954,BOA/BGA3BEA0A+A6BZBMBRBWA1AfAzAlAUAHADAyA7BCBFA3AzA8BMBMBMBDBAA0AvA0AWAIAFAF
4219002,A1AzAzA4BIBGBMBVBLA9BBBCBDAtAjAUANAGACAyA1A3A4BBBFBRBSBNA/BCBPBKA2ApAeASAOAG
4219101,BDBHBGBABVBIBIBQBGA+A9BABAArAhAaAHAFADA5A7A8BFBEBQA5BOA+BKBBBBA1AvAeAVAPANAH
4219150,A7BKA4A9BOA1BEBDBRBHBVBRBDAtArAaAKADAABEA4BFBEAyA4BLBJBIBBBDA7BIArAjAYAJAHAE
4219176,BTBMA6BFBVBJBLBCBLBCBDA5AyAnAcAVAKAHAFBEA+BCBFBUBHBEBLBFA5BCA7AxApAjAZAQAFAF
4219200,BCBEBAA9BEBNBTBQBPBIBNA7BAAtAeAWAKAEABA+A8A4BEBCBEBSBLBJA+BABBAzAvAiAUAIAKAA
4219309,BEBFA7BDBWBaBTBSBLA6BCA4AuAhAXAPAIADABBAA7A5BABQBSBSBWBNBFBEA6A0AjAfAWAKAIAF
4219358,BQBJBCBTBLBDBSBMBFA8BGBFA9AsAfAVANACAEBJA8BABDBABJBDA2A8BBBJBBAvArAhAXAPAGAC
4219408,BCBDBDBHBGBOBWBHBSBAA9BIA7AsAfAVAFAGAABAA9A/BDBPBOBKBLBIA/BEA4AxAnAgAPARAGAB
4219507,BJBLA6A5BRBUBTBOBOA8A7A5AyAiAaANAHAEACBCBAA9BABQBWBQBdBJBAA9BCA1AnAfATAPAGAC
4219606,AsArA8A9A4A+BHBCBLBLBaBIBPBEA1AiAPAFAFAyApA5AtArA3BGBDBIA9BDBQBMBAA2AWAWANAF
4219705,BLA/A7A3BRBSBgBWBCBFA6A1AtAoAfATANAEABBCBDA/AwBEBSBeBNBIBCBBBBA2ApAjAYALAIAB
4219853,BbBQBEBLBVBPBPBOBLBFAzA1ApAnAaASAHADADBJBCA5A+BJBZBHBRBOA+A+A2AqApAdAXAIAGAD
4220000,BBBNBGA5BABBBJBGBGA1A+BBBEA5AqAYALAHABA9BDBAA7A6BBBDBEBDA2BFBLBMA5ArAbAOAGAC
4300034,BFBABHA5BJBABKBIBHBHBIBIA+AyAjAYALAIAFA7A+A9BDBBBIBDBDBJBHBBA8A7AsAhAYAMAKAE
4300059,BAA7A+BABABKBFBIA8A8BABGA/A3ApAYANAGAAA9BFBFBDBBBCBDBGA5A/BKBBA9A7ApAbAWAHAD
4300109,AzA4AvA7A7BDBDBIBKBIBNBKBBA1ApAYAPAIABA2A0A2A1A+BABEBOBMBGBFBLBAA5AvAjAUALAI
4300208,AvA1A6A5A2BABEA8A8BFBNBTBNA4AtAaAVAHAEAsA3AyA2A6A5A9BCA/BIBOBRBRA5ArAoAfASAE
4300307,AuA4AvAyAuAxAyAuA/BLBJBhBbBMBCAwATAMABAjAvAvAtApAuA1AuA5BIBLBaBXBPBBA5AgAKAG
4300406,A1A6A8A+BHBHBABFBCBABBBHA9AwAoAXAPAIADA0A8A6A5BCBHBGBJBFBGBGBNBDAzAtAfAUANAG
4300455,A4A+AyA9AoAwA2A2A8BHBUBbBZBMAzApAPAOAGAuAkA1AsAuAsAyA1A2BGBIBlBOBLA3AzAVAWAI
4300471,A5BCA2AtA1BBBGBABMAzBPBKBVBGA0AkAMAJAIAtA0A4A5AjBHA8A+BDA4BOBUBEBCA2AeAUALAC
4300505,AwA3A6A8A0AzA+BABFBHBOBZBTBBAwAhAWAIABAvAyAxA2AwAzA1A9BCA+BLBWBMBCA6AjAXAPAJ
4300554,AwA1AtA2A+A5A6BCA4A8BSBnBPBFA0AhAWACAEA3AwApArA7A2A1BEAzA0BaBUBQA9A3ArAgAUAC
4300570,AvA5A1AzA2BKBEBDBUBHBPBRBZA6AhAXAQAPAAAqAwAuArA0BJBFBEBGBGBGBTA9AxAyAlAQAdAE
4300604,BBBLBHBJBOBLBGBJBJA/A7A2AuAiAXANAGADABA+BJBEBIBPBRBOBQBTBEBBBAA3AsAhAUAMAGAD
4300638,A5A2A6BUBFBFBBBABGBJBRBLBFA5AoAVAOAEACA0BABDBLA0A9A/BCBLA+BHBCBCAzAhAXAQAJAE
4300646,A+A7A4BLBPBTBEBNBLBFBFBHAzAtAbAUAIACAFBCA3A5BPBJBFBHBSBEBGBBA+A1AtAkATAOAIAE
4300661,A9A6A2AyBBBQBPBdAqBQA+BGBPA2BDAZAIANAEAmA8A+A0BHA7A5AsBCA0AzBdBABKAoAiAWADAL
4300703,AwA0AtAzAuBGBFBMBDA8BGBUBPBGAxAgAYAHACAsAtAxAuA4A+BHBDBCA2BCBPBFBHA2AoAcAWAK
4300802,AwAyAxAzA/BJBFBFBAA6BEBbBKA3ArAdAMAOAGAvA0AyAqA/BEBDBCBGBBBHBTBMA6AzAmAcAOAG
4300851,AyAwA5AxA3A+AxA4A+BGBBBLBRBOA8AmAXAHAAAwA3AyA2A0A2AtA/A+BBBIBeBcBHA1AiAjAIAG
4300877,A+BHBFBBBNBQBNBTBJBBBEBHA1AhAXANALACABBKBGBDBHBFBQBUBNBHA5BIBEApAmAbAUAKAHAA
4300901,AvA3AtA1AyA4A9BEBAA8BJBYBQBKA4AnARAPAEAvArArApA0AwA5A8BCBEBFBVBNBHA9AqAjAVAK
4301008,A9A+A2AzA9BJBQBVBPA9BDBGA/AuAjAVAKAGAEA5A6AxAyA9BKBPBQBIBEBFBHBAA1AoAcARAOAF
4301057,A2A6A+A6A3A2A7A7BBAyA5BLBRBJA1AiASAHAAA2A7A4A4AyA0A5BCBBA4BKBaBdBIA6AfAWAKAF
4301073,AtAyAtA/A+BFBHBZBcBMBHA5A+A+AzAbAOAGAEA1AqArA2BEBOBABCBNBJA2BAA+AtA0AsAaAKAI
4301107,A2BFBBBEBNBUBOBOBKA6A9BCA6AwAnAWAOAEACA8A6A9A+A/A+BBBHBJA5BAA+BCA4AoAaARAOAE
4301206,A1A2A7BGA8BIBFBLBPBFBDBHA/A2AnAUAIAHACA2AzA4A/BDBABKBLBJBCBDBGBBA4AsAhANANAE
4301305,A1A+A6BABIBGBABCBGA8BDBIA5A7AnAbAOAJADAzA7A6A9BEBFA/BJBHBFBBBNA+A5AsAcARAOAJ
4301404,A+A4AyA/A+BNBKBIBKBBBIBBA+A5AmAbAMAJAEA4A0A0A4BGBLBEBCBHA/BFA+A8A4A3AbAWAMAL
4301503,A7A1AwA0AzBEA5BAA+BCBEBKBHA/A2AiAYAIAGAuA0AwAwAyA9A1BDBIBBBJBSBIBABAAuAiALAK
4301552,AtAtAsAxBBA3A5BKBFBSBIBNBWA7A0ApALAMACAqAtAzA7A6A0A2BKBCBHBEBSA+BFA7ApAaASAG
4301602,A8BBBBBFBHBGBCBFBCA4A5A+A4AqAgAUAOAGACA7A/A8BCBMBKBIBLBLBABEBJBCAzAoAeATAOAI
4301636,A1A+A9BEA2AyApA3A3A3A7BIBQBQA4AkAOAHADA0A/A6A7A4AyA3A7BCA9BABXBlBPA8AjAXAKAC
4301651,A+A8AvAyA8BLBTBSBNBNBIBMBAAwAiAWAPAEABA5A4AtA4A9BEBPBMBRA7BDBFA2AyArAhAUAOAE
4301701,A2BDAwA4BBBMBIBHBDA8BFBQA9A+AqAbAPAMAGA0AyAvAvA9BHBJBFA/A4A9BLBEA2AtAmAaAWAM
4301750,AwAwA9BNBLBFA9BHBFBSBSBUBLBDArAbAKAEAAAuA0A7BNA+A2A4BCBJBDBLBBA7AwAlAYAQAIAD
4301800,A4A0A/A7A8A5BCBKBGA6BDBKBJBFAyAgARANAIA0A2AwA9AwBBA1BKA+BBBHBJBHA7AxAmAaAGAJ
4301859,BYBLA9BFBEA9BIBFA6BHA7A/AzA1AjAZAIACAJA9BOBCAyBCBLBMBEA7BABJBCA9AvAoANAPASAE
4301875,BVBOBVBRBCBQBDBNBDA9BCBDAyAqAcAQAFADAEBLBKBSBIBHBKBKBOA6BCA8A/AqAjAVAMAGAGAD
4301909,A7A9A+BDBCA9BDBABEA6BDBHA6A4AqAZARAGADA6A6A2A9BCBCA/BFBFBCBIBHBFBAAsAfAWAPAF
4301925,AxAeAzAnAgAtA7BEA9BKBEBdByBVA/AvAUALABAQA0AwA0AtAdA4BBA2BOA6BaBVBRBJAsAfAVAM
4301958,BBA2AuAyBCBAAzBHBEBCBFBSBFA0AtAkAHAMABA2A9AzAyA+A7BSBCBGBBBUA9BKA6AsAsAZAGAK
4302006,A5A7A5BLBAA9A8BGBMBHBCBMBFA/AqAcAKAGAFA7A5A7BJA+A4A9BCBJA/BEBEBIA0ArAaANAHAF
4302055,BZBSBABGBVBWA7BABAA3A3BUBAAiAeAgAVACAEBCBIA+A6BKBPA8A2A3A2AtBJAyAvAjAaAdAFAN
4302105,A5A/A0A0BFBMBXBbBUBAA4A8AwAqAfAUAJAFADA2A+AwA3BEBUBaBYBUBBA+BDA8AzAlAYAQAJAF
4302154,A4A8A/BFBABHBBA1A8A9A/BFBIA9AwASAMAPACA1BGA5A3A7BOA9BHBQA/A/BUBMAqAoAcAYAMAA
4302204,A/A4AzAyA4BABOBKA/BBBFBKBHA4AoAeASALADA8A0AsAxA1BFBLBBBBA/BGBTBHA9A1AoAWAOAD
4302220,A3A5ArA2A+A2A/BKA4BIBUBcBbA9AtAeASAMAFAmA3AqBBA5AyBKBGA8A/BCBZA/A4AuAhAhANAE
4302238,A+BGBAA/BBA/BFA7A5BLBLBQBBAzApAdAPAEADA4A/A+AwA+A4BBBEBFBABSBNA7A8AkAgAcAAAD
4302253,AgAoArA5A7AwAxBCBRBBBTBkBeBEBDAqARAMAHAwAyAtApAqAvA9A9BBA9BLBPBEBABDAkAbAYAI
4302303,BLBIA/BCBOBEA/BFBDBAA6BGAvAsApAaANAHADBGBCBKBEBIBFBHBBBCA/BAA4A3AxApAaANANAG
4302352,BCA9A2A9A/BLBRBUBKBHBEBIA/AsAfAUAHAJAAA1A9A2A0BBBNBNBYBJBABIBFA8ArAmAXAPAKAE
4302378,A2A2A7A0A2BHA9A/BDBIA0BLBSBJAnAYAIAHADA7BJAwAzA0BDA7BLAyA2BRBSBYBJAsAhAcAGAF
4302402,A7A7BABHBUBCBMBJBEAxBLA/BEAtAfARAOACADA3A+A9A3BFBCBGBNBJA+BJBKBMAzAoAUAQAKAF
4302451,A9A3A3BCBAA5BBBbBGBIBQBLBIA8AlAVAIAFABA0A5BBBFA2A7BMBJBFBDBEBIBAAzAoAZAOAGAE
4302501,A2A0BBBFA+A2A3A8BCBJBJBLBNA+A9AjATAKACA7AuA6A3A3A4BBA7A9BGBCBTBFBBAuAfAOALAJ
4302584,AyAyA1BAAiA8AzA8A8A7BYBLBFBIAxAxAaANADA4AwA2AuA+BCAuA8BBBJA9BUBGBJA2AhAiAPAQ
4302600,BGAzA9BPBEA4A9A2A+BIA/BNBJA0AyAYAMAKAFA6A9BBA+A5A6AvBFBPA5BABQBBBDAnAiAWAHAI
4302659,A6AwA0AwBABAA/BJBJBABIBNBHA7A1AaATAKAFAvAwAtBCA6A+A8BIA9BBBLBHBGA+AsAjAlALAK
4302709,A5BEA/BFBDA/BGBEBIA7A5BGBBAxAiAUAJADAFA4BEA9BGBBBGBIBLBLA7BBBGBEA4AoAbAOAMAG
4302808,A3A5A7A9A8A+BCBBBCA6BABGBEA8AqAdASAFAFA0A5AyA9A7BABEBHBHA+BHBOBIA/AyAiAgAHAI
4302907,A1A5BBBFA+A9A4BEBCA9BDBOBQA3ArAeAQAKADA3A+A5A5A+A5A4BHBEA4BIBQBEA8AnAfAZAQAH
4303004,A5A7A6A+BFBCBEBCBEA7A8BBA+A0AnAZAOAGAEA3A6A4A/BAA/BDBJBHA+BEBOBEA/AxAjAXARAH
4303103,A9BFA+A/BIBLBRBTBOA/A5A2AvAkAXAPAJADACA5BEA9A+BJBTBXBXBUBFBABBA6AuAhAYAPAHAE
4303202,A5A5A5A9BDBAA8BEA0A1BQBPBDA4AxAeAeAFACA4A5A5BCA+BCA5A8A/A9BJBNA/A5AzAmAbAKAG
4303301,AzBCAwBAA4A+A5BCBEA+BKBSBRA/AsAfAVAJACAyArAwAzAvBCA8BBA/BJBNBSBQA/ArAiAbAQAH
4303400,A0A2A0A+BDA+A7BFA6BDBIBUBKBFAzAdAQALABA6ApAzA2A6A5BGA2BEBBBABFBRA4A9AlAXAPAI
4303509,A9A9A7BFBKBEBFBLBEBFBBBAA6AtAjAUAKAGACA6A6A2BCBGBDBEBLBKBFBIBHA+A0AmAcAXALAG
4303558,BBA2AwA4A+BEBSBMBAA6BJBKBGAtAjAcAYAIAIBEA7A0A4A9A6BKBFBMA1BBBGA6A4AmAgAaAVAI
4303608,BFA9BGBDBLBNBGBQBFBEBEBDA3AwAlAWAOAEACA/BAA+A+BDBDBIBNBABBBEA7A3AwAqAWANAGAB
4303673,AwA0A0AyBEBGA2A1BIBIBJBiBLBEAwAhAZANAEAyAsA4AyA/AzA3A6BAA/BRBPBEA/A0AjAaAHAI
4303707,A3ArAsArBAAyA6A/BJA/BIBVBTBLA3AjAUAFABApA6ApA0AsA6A5A/BCA+BFBXBQBXA7AtAWAMAI
4303806,A5A2ArA0A1A7BFBBBAA1BHBOBGA9AvAiAVAIADAvAwAzA4AyA6BDBFA0A/BLBXBOBJA8AtAcAUAK
4303905,A7BDA7A9BEBFBGBXBSBEA/BAA3AoAbAQAHACACA1BCA3A8BDBHBNBZBZBDBKBJBDAsAjAVANAIAE
4304002,A+BGA+A7A9BGBBBABBA5BIBEBEA5AkAZAPAHAHBEA+AzA/BGBIBBA6BMBCBDBFBFA5AmAbAQANAF
4304101,AyBAAxA4A6A9BBBHBRBEA7BLA9BEAvAnAPAFADA4A6A3A+AzAzBABJBGA/BJA9BKBCAxAmAZAJAF
4304200,A4A2A0A/BFBEBFBHBFBHBJBGA8AxArAYAKAIADA1A2A3A/BFBDBBBKBIBGBGBEA+A4AxAhAOAPAL
4304309,A1A1AxAzA9BAA+BBA9BMBHBWBUA+AzAgASAIABAtApAzAyA5A0A9A7BBBABKBXBOBFA2AmAeAQAD
4304358,BIBLBBBVBEBRBNA/BTA9BNBAA+AmAdAMADADAEBIBHBBBGBOBYBGBJBMA4BDA5AsAkAYALAHAFAE
4304408,BABGA/BFBNBRBPBOBNBBA6A3AtAiAWAOAHADAABEBEBABCBQBRBTBTBTBEBGA9A2AoAeATALAGAD
4304507,A0A3A3BCBCBDBBBIBJBGBJBJBEA3AqAcAQAGADAwAzAzBABBBAA+BHBGBCBEBHBAA2AwAiAaAKAG
4304606,A4BCA+BCBKBKBOBQBRA+A6A2AxAnAbAQAJAEABA4A+A8A/BJBOBQBWBXBEA/BBA9AxAmAYARAJAF
4304614,AiA2AmA2A2AtA1A2BYBIBjBqBXBNBKAnAHAAAAAyAWAtAqAnAuA2BYA0A4BMBMBIBWBFAqAaAOAK
4304622,AzBJA3BIA3A+A/BIBNBEBSBNBIBBAyAUASAOADA2BCAuBDAwAxBDBLBFA9A2A/BBA/AmAdAXAMAC
4304630,BDBOBFBCBEBOBIBJBHAyA3A4AyApAfASAKADACBABHBBA+BGBOBVBQBKA3BEBHA7A4AnAUANAIAE
4304655,A7A6A8BNA8A9BFBSBQBGBKBWBBA5AsATAUAKACA3AzA9A8A+A+BHBBBMA5BDBCBCAuApAXAPADAA
4304663,BEBJBHBIBKBFBEBIBJA+A8A3A1ArAgASAGAHABA+BFBGBEBNBRBLBNBHA/A/BAA8AuAiAUARAGAB
4304671,A7BGBDBNBSBCBJBGBDA3A/BIA2AwAkAXAIAFACA9A6A0BABKBJBFBPBIA9BIBPBHAkAgAVATALAF
4304689,BEBCBDBEBIBKBGBLBIA/BEBIA/AvAiARALAEAAA7BBA/BBBDBGBBBDBKBGA/BGBFAuAhAVARAEAC
4304697,A+BHAzBABDBABFBOA8BLBABABHA8AoAdAQAGABA8A8A7BAA+BABABFBCA1A1A8BCA/AvAcAWAMAP
4304705,A7A+A+A/BIBFBJBLBLA8A9A4A2AuAhATAIAFACA7BCA8A9BEBJBIBPBLBCBCBJBAA4AtAfASAIAF
4304713,A1A2AzA5A4A3A2A8A/A9BMBhBQBOA0AnAUAOAIAyA2A2A+A6A1AzA6BEA6BMBOBHA9AwAjAaAHAH
4304804,A6A5A0A8BFBJBXBXBSBBBDA/A+AsAfATALAHACA0A2AyA2A+BOBQBYBUBFBGBEA+AvAjAXARAJAF
4304853,AyAsApAtA8BIBAA9BIBNB2BEBTBEAyAUAbAPAAAgApAwBNA5AtAoBIBNBDA/BJBPA3A2ApAcAPAA
4304903,A5A2AwAuA9BKBOBMBHA+BCBEBDA4AsAZAQACAGAwA0AvA3BFBMBNBGBEA7BEBJBABGA1AiAVANAH
4304952,BHA5BABJBFBJA/A5A8A5BNBQA5A3AtAiARAHACAzA7A9AzA9A/A7A9A7BBBPBLA5A9A3AiARAMAC
4305009,AwA4A1A3A7A2A5A+A+A6BKBNBHBAAuAfAUAKACAzA5A3A3A1A5A0A/BEBABMBbBKBGA0AsAjANAK
4305108,A3A+A/A+BDBJBNBTBUBCA8A7A0ApAcASAKAFACA2A5A6A6BGBKBRBWBXBFBABDA/AzAmAZARAKAF
4305116,AxAyAtA5AzA5A2A+BHBQBaBaBUA/A5AgAbAIAFAyApAtAyAzAsArBBBBBKBDBHBLBOAxAsAjAMAI
4305124,AzA7AzA6A6A7AxA3BABFBRBLBQBKA1AiAWADADAtA1AsBDBAA+AyBCA3A9BSBUBIA8AwAmAiAKAJ
4305132,AnAvAtA1A5AvA9BFBKBJBaBPBJBPA0AnAUAIAGAaAqAyA2AqAyAyBCBKBIBKBTBPBNAyAvAhAVAB
4305157,A7A0A9BCBBA3A9A9A+BABTBCBJA+AtAdAcAGADBCA5A7A/AyBCBCA5BHAyA9BQBKA3A2AkASAIAH
4305173,A8A/BCBQBHBFBDBOBJBRBGBGBAAvAiAXATABABA6A7A+BQBJBCBFBKBHA/BAA+A0ApAaATAJAMAG
4305207,A1A1A1BABIBHBLBEBFBCA+BKBAA1AkAYAQAIADAzA3AyA1BDBKBEBJBEA+BDBKBDA4AvAkAaAOAI
4305306,A7A2A0A4A7BCBHBFA7A6BEBNBHA5AsAbAQAJADAxAsA2A0A8A9BEBJBEA+BLBaBFBDAwAoAYARAG
4305355,AuA+A+BFBVBpBmBrBpA/A1A7AwAnAhATAJAFABA1A+AyA5BIA6A6BEBLA7A/A4A4AxAmAbAQAJAD
4305371,AzA3BBBSBZBHBHAvBFA/BAA9BAAzAwAfAVAHAAAqAwBCBSBPA9A8BAA8A9BEA7A+AzA5AgAWAIAH
4305405,AxBEA7A3A0BCBBBABBA3BNBWBCA3AqAcATAEADA/A/BBA+A7A/A6A/BCBKBEBLBEA3A0AfAYAKAC
4305439,A+BGBHBIBKBFBCA6BHBFBBBAAyAuAgASAJAGAAAwBHBCBFBSBRBEBDBNBSBFBBAyAwAjAXAPAJAD
4305447,A3A0BCBWBEA8BGBQBXBKBIBNBAAvAdARAOAIAAA2BDA7BPA5A+BABUBDBABLA/A+AlAbAaARAEAF
4305454,A3BBBAA5A0AyAyAyA6A2A8BGBQBQA3AhAPAIACA3A8BBA9A1AxA3A5A+BBBBBSBmBTA4AkAWAJAG
4305504,A2A1AuBDA4BDA7BFA+A8BDBPBEBDA1AoAWAHACAxAvA3A0A1BHA0BHA7A+BHBOBIA/A9AuAXAOAG
4305587,A0BBA5AyArA0BABOA/BFBGA+BFBJA9AiAgAKAAAgAyAtAyAnAtBCBLBBBAA7BQBKBIBFAqAgAbAL
4305603,AvAyA0AwA7A3BCBNA7BBA/BTBCA8AxAlAUAIAIAyAtAoAsArA2BEA/A1BEBMBbBSBJBJAsAYAXAP
4305702,BDA/A6BHA6BFBKBHBLA8BEBBA7A3AoASAMADADA5A4A+A/BCBBBJBJBJBFBFBFA+A0AqAgAQAKAC
4305801,BCA8A8A1BBBMBIBKA9A5BABHA9AzAlAaAOALACA7BCAzA/BEBGBLBJA/A9BHBDBAA3ApAhAYAKAG
4305835,AqAmAiAkAtAfAsBDBABCBUBlBSBUBOBAAkAPALAiAYA7AyAlAkAdAxA2AqBBBbBfBJBXBJAmAaAR
4305850,A0A2AtAsA8BAAvA4A/BDBIBkBWBFAvAhAZACAGAyAvAxApBGAwAvA1A4BJBRBWBXBFAuAlAnAIAV
4305871,AtA2A6AzA7A/AxA3BPBDBQBVBAA8A0AsATADADArBBAvA+AzA5A5BKBDBEBPBDA/A3A8ArAWAWAI
4305900,BABHBJBIA+A5A4A5BDA5BEBNA+A5AmAdAMAMABA3A8A+BCA7A4A+BCBFA9BFBNBAA/ArAkAZAGAH
4305934,AnAhAgA/A9A9AwBCA+AzA/B0BnBfAyAgAtAMAAAiAjAsAtAlAvAtAtA4A9BMBSBbBJBBA3ArAYAI
4305959,AsAtAmAsA6A5BKBUBGA6BMBbBWBHAuAjAQAQAMAsAmAkArAvA6BAA4BHA0BCBSBaA/A4AoAoASAO
4305975,BABGA6A9A6BABLA9BSA6BCBTA6A7AmAYATADAAA3BGA+AxA/BTBFBGBABJBOA4BBA1AqATANAJAD
4306007,A0AyA1A7A8A8A8BBBDBFBGBRBDBCAsAgAKAOADAwAyAvA+A5A7A9BBBBBGBCBSBFBDA7ArAXATAH
4306056,A2BDBBBEBHBDBGBDBBBHBGBGA4A0ApAZAQAHAABBBCA7A+BEBHBABGBEBABCBFA/AqAnAdAVAGAI
4306072,A1A2A0A9BGA2AuA+BIBKBYBNA+AtAzAfATAGADBFAzBFBBBCAzA/BFBBBEBKBMA2A6A1AcAYAOAC
4306106,A9BGBBA9BGBGBFBGBFA5A7A6A3ArAgAUANAFABA/A/A9A9BFBKBLBLBLBBBABFBGA4ArAgAVAKAH
4306130,AgA1A3AbBBA5AxA9A4A9BbB4BeA9BCAgASAOAGA+AiApBAAgA1A4A8AqA9BOBnBQA7AxApApAWAH
4306205,AzA2A1A+BABDBEBDBHA/BLBMBFBAAqAdAQAHABA0AzAxA2A5A7BABIBEBIBEBOBEA9AvAmAXAMAH
4306304,AwAyA1A7A/BCBCA0BKBFBMBTBFBDAzAfARAJABAyAxAyA7AvBBA7BFBHA/BGBLBQA+AzAoAQAOAG
4306320,BEAvA3A/A8A6A8A3BBBBBWBSBZA8AtAZAVADAAApA/A9BAA9AyBDA3BCBEBJBSBIA/AvAZARANAD
4306353,ApA2AyA9A/AuAyAxBBA2BfBYBaBUA5ApAXAMAFApAxAqAvA3AvAwA4BBBHBEBWBOBOA5AnAaANAG
4306379,AtBHA6A9AfA3A4ApA+BPBQBgBjBLA6AhAYAPADArAyA4AyAgBAA4BDA6BFBFBRBJA6AwAiAcASAD
4306403,A6BFA3A8BDBGBHBNBgBKBHA9A1AjAdAMAJACABA3A+AwBDBEBFBLBiBYBPBJBNA3AqAdAYAIAJAE
4306429,BGA4BDA6A1BGBCBEBBBGBABJA+A6AoAcATAJAFBABOA+BKA3A6BKBLA/A6A4A9A6A8ApAdANAMAI
4306452,A2A0AtAtAwAyA2BMBOBMBBBUBDBCA/AnAQAJAFAqArA4ArAjA5A9BNBEA2BKBcA/BEA9AuAdAVAS
4306502,A4A+A+BMBIBFA/BHBKBLBRBOBDA1AgAWAMAHACAxA0A+BIBDA/BDBABMBCBEBFA1AvAfAbAOAMAG
4306551,A7AuA0A7A8A3BPBDBPBCBLBQBKA+AzAnAPAEAIA5A5AsAtAtBIBGA9BCA+BFBGBHBBAsAkAPALAK
4306601,A6A8A7BBBKBJBFBBBGA/BCBIA/AyAjAVAOAIACAzA4A7A8BIBGBCBDBFBCBGBJBDA0AqAfAPAPAL
4306700,A3A1BBAzAzBEBDBBA9BDBGBaBYA1ApAhAIAIADAtAwA1A0A+BEA5BCBCBCBMBPBJBAAxAaAcAPAM
4306734,AyA2AnAwA6BAA/A3A8A+BEBVBeBEA1ArAOAHAEAsAwAtAsAzAwAzBABCA8BLBcBSBGBBA2AdAMAK
4306759,ArAyAuA5A4A+A3BLA5A3A8BhBZBTA9AnASAUACAqAeAqAqA8A3AwBEBAA8BSBRA9BHBDAuAZAVAI
4306767,BBBOBHBQBJBFBHBKBLBFA3A4A1AmAaAQAGAEAABBBJBHBEBGBRBGBQBQBEA/A+A6AuAbATAKADAF
4306809,A5A+AzAyA/BDBKBPBMA/A9BFA7AwAlAaALAGAIA2A6AyA2BBBKBLBKBPBABDBIBAA5AvAjAQASAK
4306908,BCA8A+A+BLBJA/BBA6BDA6BGA/A7AqAZARAIACAsA4BCBNBEBIA+BBA9BMA+BCBBA2AqAhATAIAK
4306924,BSBGBOBKA3BOA3BFAyBCBFAvA5AlA0AaAQAGAEBNBUA2ApBLAsBABGBPAzAyBLA4A9AqAiAdALAM
4306932,A4A8AyA5A3BFA/BFBCBBBABKBBA/AvAfARALADA9A2A4A5A6A/BDA+BFBBBDBJBKBAAwAlAdAHAG
4306957,AxA2A8AyA3A6AuA5A2A8BJBaBABBA3AoATAWACA8AzA4BBAsAtA4A8BCA8BNBZBIBCAzAuArAOAE
4306973,BIBJA3A+BXBLBLBBBHA+A4A+ArAyAoAWAMAIAABFBEBAA+BLBLBBBMBFA3A8A6A9AvAfAgAZAPAE
4307005,A4A8A1A4BFBOBRBTBLBCA9A9AwAsAdAUALAFADA5A8A1A4BHBQBRBTBQBIBEBEA8AyAmAcASANAF
4307054,AoBDA+A/BBA9AzA/BJA/BEBIBPBJAsAcAYANAAAuA5A1A7A7A9A6BGBBBABCBWBIBCAkAiATALAK
4307104,A3A6BIBFA+BBA7BHA/BDA6BKA+BAAtAgAYAFACA6A0A+BBA9A6BCBHBEA1BBBEA/A3AxAeAbAOAI
4307203,A2A8A7A7A4BBBBBIBGA7BFBMBMA3A2AjAWAFAHA1A2A0A0A0BABCBBBAA2BABIBOA8AyAeATAZAF
4307302,BDBDBBBBA9A+A3BFBCBEA7BKA9BHArAcATAFAFA3A9A1A/A5A2BABCBHA2BABJBGA5AyAhAYAMAH
4307401,A4BEAzBAA/BEA/BCBAA4BFBGA7A8AlAfASALAFAzBCBEBBA9BDBABDA/BCA9BLBCA9ArAiAYAMAD
4307450,AyBIAxAyA4AjA9A7A5A1BJBeBaBNA6AoANAKADA4A/AyAzA1A3A2BAA7AyA+BYBLBOA8AmAXAOAJ
4307500,A5A6A7BBBEBHBEBIBFBABABBA8A0AnAcAQAHACAzA3A5A8A7BEBCBLBCBCBHBLBCA8AsAeAWAPAI
4307559,AuA5AuA/A6BABBBGBBBEBIBOBAAyAsAcATAJACAwA0A1A3A1A7BFBHBHBEBMBXBGA9AzAlAYASAI
4307609,BBBBA8BABGBGBOBTBSBFBEBCAzAoAaAOAHABABA5A9A7A7BCBGBVBZBTBJBNBDA6AsAeAUANAJAB
4307708,A3A/A9BCBIBGBEBJBMA+A6A7AzAuAjAVAKAEABA3A7A7BABDBFBMBOBTA/BGBGBDA4AxAfASAKAG
4307807,A8BAA0A8A6BEBFBMBTBCA/BBA+AvAnATALAGABA1BGA1A1A7BDBMBPBOBABLBGA9BCAsAdAVAJAG
4307815,A9BCA3BAA1A1BCBGBXBOBLBIBQA1AwAaAQAAAAA5AyA7A9A6A9BGBRA9BEA5BSA3A9AqAcANAHAE
4307831,AuA+AzA7BBA8AyBCA4BBBEBRBJBDA7ArAXAFAEAyAnA0A0A1A5A6AwA+BBBOBUBHBDBBAxAWAQAJ
4307864,ArAzAyA1A7BBA3BGBQA+BMBFBeBIAxAqAUAEAAAoAnAxA7AxA2A9A+BKBFA3BLBFBOA6AaAdAaAO
4307906,A3A6A3A4BHBMBOBTBMBFBBBEA5ApAcASAIAFADA2A5A1A9BCBOBUBTBQBCBJBIBBAuAjAZAQAJAF
4308003,A1A6AzA1BABBBGBEBLA7A+BDBBA5ApAlAYAHAFAxAvAuA2BCBABBBKBEBCA/BNBFA+AxAoAlAPAF
4308052,BDA8AvA/BDBEA1BEA4BBBUBDBJA5AwAqATAQAFA0AyAvA0BGA7A8BHA4A/BJBSA+A6AsArAOAPAD
4308078,A6BDBDBKBEBJBFA8BCBLBCBDA1AqAqAUALAHACBABLBFBJBFBABGBOBHBLAzBBA0AtApAaASAEAC
4308102,A7A2AyA1A9A8BRBUBYA8BGBBA4A2ApAZASADAAAqA/AsA1A0BTBIBOBPBCA9BSBUAzAqAhAUAKAC
4308201,A6A4A0A2BIBGBKBTBSA/BBBHBAAvAkAVAMAFABA4A2A1A4A/BGBMBRBSBABEBIBDA1AnAdARAIAH
4308250,AoAoAdAsA2A+AvBDBDBOBVBaBsBIBTAsAWALABAqAkAiAdAkArAyA7A4BEBDBbBPBQBKAsAqANAL
4308300,A2A8BABIA/BCA7BIBIBJBNBFBDA6ArAXANAFAGA5A0A6BCA+A+A5BIBIBJBHBDA9A5AoAcAQAIAE
4308409,A2A2AzA5A5A3A6A6A9A7BLBOBQBGA9AlAVALAIA1A0A1AyAtA1A4BCA5A6BFBUBMBCA7AqAdAVAL
4308433,AjAxApAwAtA1BHAxBCBFBUBOBbBSBAAsAaAHAEAuArAoAnAxAxAwBABCA/BBBPBZBcBFAuARAQAP
4308458,BGA/A6A/A7BCA3BCBABCBPBQBEA1AdAVAQAFADAyA6A3A4A3BDBJBJBHBHBSBPBCAwAtAdAXAJAG
4308508,A+BAA5A+BDBcBTBPBJA3A7A5A1AvAdAWAJAFACBCA2A2A7BRBRBPBTBMBDA7BCA4AyAjAeANAHAI
4308607,A4A5AvA0BABMBSBWBSBCBABCA+AvAhAUANAGACAzA0AsAzBBBLBRBVBQBEBEBEBAA4ArAcAUALAF
4308656,AyA3BGBGA5A+AvA8BKBQBDBcBUBIAzAZAPAQADAqApA+BDAkA6A+A+BNBJBPBBBFA8AnAXAYAEAI
4308706,ArAxAwAzA4BCBCA/A6BFBEBJBTBGArAiATAOACArArArAyA7A5BGBDBABBBJBbBJBHA3AkAdAYAL
4308805,A1A4BBA+A8A7A4A7A/A8BFBOBJBGAxAjAXAGAEA6A2A3A0A4A6A8A/BBA/BCBMBNBFA1AjAQAMAM
4308854,BDBPBEA5BLBJA6BIA5BPBHA8AwA1AxASASAFAGA7BBAwA4BHA5BOA9BNA8AxBBBABBAwAVAcAHAF
4308904,A1A2A2A3BCBEBQBJBOA6BBBAA9A1ApAeAOAJAEAyA4AzAyA9BFBIBLBLA7BEBNBHA2AxAkAWAUAF
4309001,A4A+A7A+A/BCBAA/BCBABCBBBAA7AsAaAUAIABA5A6A3A5A7BEA/BFBBBCBFBJBHBCAyAiAXAOAF
4309050,BAA/BCA2BBA/A+BPBCBEBHA9BFA3AyAeAOAGACA1BEA3A7A6A8BJBLBGBBBFA9BGA4AoAcAOALAH
4309100,A7BBA6A8BIBOBNBTBRBAA/A5AyAmAaARAJAEABA7A/A4A7BGBRBTBYBVBHBJA/A4ArAlAXAOAJAF
4309126,AyA4BIBXA9AvA6BTA4A6BEBeBTBLApAYAOAGACBAAmArBBAzAmBJBbA2AvBRBHBPBKAnAQAPASAI
4309159,BBA9BKBWBFBDA6BHBdBJBMBEA2AwAfAcAIACADBBA1A5BPA9BAA+BFBPBCBFA0A1AyAcAcAPALAF
4309209,A7BDBABCBKBIBIBQBTBBA7A2A0AqAgARAIADABA3A+A9BBBJBKBPBUBVBDBAA/A8A1AmAXAPAHAD
4309258,AhBAAsAnAlBIA+A6BIAiBIBMBoBmBLApAVATAGAcAjAtAjA1AuBCA2AzA5A3BYBZBdBJAtARATAT
4309308,A2BCA+BDBKBFBGBLBIBCA9A/A2AqAdASALADABA2A/A5BBBHBIBOBSBPBHBDBHBCA4AoAYAOAKAE
4309407,A6A8A2A6BDBLBNBPBMA9A8BBA6AsAeAVAOAFADA4A3A2A1BFBKBTBOBQBHBABHA8A0AtAcAXAIAJ
4309506,AtAxAzA1A9A5A+A6BFBEBQBOBNA5AyAgARAJACAsAxA0A5A1AyA4BDBBBEBIBWBQBJA4AqAbAOAL
4309555,A1A2AzA+BLBKBRBMBQBDBKBEA9AuAlASAMAGACA2A8A5AxBGBHBQBUBMA+BFBOA7AnAnAYAVAJAB
4309571,A/BHBFBFA6BDBUBJBKBJBGA+BBAxAjAhAOAGAAA+A8A6A9A6BJBJBGBFBCBFA4A3AlAtAVAUAKAA
4309605,A8A6A1A2A+BHBHBPBLBDA+BCA6AyAmAaAMAGACA7A8AxA3A8BDBLBKBNBDBEBIBAA/AxAfATAMAG
4309654,BBBJBDBNBEBBBBBFBOA6BGBMA/AzAlAVALAFACA/BIBEBPBABHBFBCBCA+A9A/A6AoAhAWALAFAF
4309704,AyA8A6AzAzA7A7A7BAA8BEBUBKBMAzAeAMAKAEArAtAyAzA0AzBEA3A+BGBJBVBRBMBCApAVATAN
4309753,AxA4AwBABEBCA7BOBOBUBHBQBEA7AsAdAMAGAAArAwA9BBA7A3A3BIBFBIBCBAA7BIAwAiAVAPAB
4309803,A2A9ArAxA1BCBBA8A7A2BKBXBIA+A6AiARANAFAtAnAlA1A4A9A8A7BIBABIBbBXBEA6AsAaAMAJ
4309902,A4A9A1A9BOBEBEBGA6BHBKBQA9AvArAfASAGADA3A0AtA/A9BDA9BHA5BABJBGBDBCA0AkAaAHAG
4309951,BHA7A4BFBGBKA9BGBEA/A7BEBCBEAnAlASALAEAwAzA3A9A+BKBHA8A/A+A8BIA9AuA1AnAOAKAI
4310009,A9A7A0A5A+BQBWBWBJA6BBA9AzApAoAYASAIACA9A1AxA2BDBGBKBbBIA5BJBABBA8ApAaAYAJAH
4310108,A/BDA9A/BFBGBLBOBQBCBCBBA0AlAaAPAIACABA+A/BABABGBNBQBWBSBFBKBIA2AsAfAWANAHAC
4310207,A+BBA3A7BDBLBJBOBJA/A8A8A1AuAhAWANAGAEA4A8A3A6BEBMBKBOBOBEBDBFA9A2AsAfAUAKAI
4310306,A/A5AyA2A8BEBGBEBKBDA+BBBGA8A1AiAVAKAIAyAsAqAxA0BMA8BKBKA6A+BBBEBFAyAoAbATAJ
4310330,A3BFBBBAA9A4A6BDBDA2A5BBBABBAuAbALAGAEAzA/A/A+A5A2A+BKBKBBBDBNBVBHA1AeAOANAF
4310363,AqAuA/AtA7A3BEBNBKA9BKBJBLA4AzAgAXAEAHAvAoAwA5A5A1BABBBPBDBCBABGA9A0A8AcAfAH
4310405,A6A7A7BBA6A9A/BBBFA+BFBHBHBAA2AhASAGAFAzA+AsA7AzA4A6A9A+BABEBKBMBCA1AmASAQAN
4310413,A9BCAuBFBBA6A4BCBFA6BGBZA6BLAzAmARAJAFA6BBAvA4A0A8BBA3BIBBBIBVBFBBAqAVAYAFAD
4310439,AzA6AsAyA3BFBFA+BFBKBGBWBLBDAtAkARAKAIAsA1AoAxA2AzA6BFBABBBFBMBJA9A9AtAVAXAJ
4310462,AqA+A7AvAqA9A5AzA8BCBaBVBUBJBDAoAQARAAAsAkAoAuAbAzAxA7A4BCBYBWBUBIA4A8AiARAJ
4310504,A8BGA8BBA9A4A9BCA/A8BMBHA+A9ArAeAVAIAEA8A/A3A1A4A7A/BEBBA9BBBHBCA3A3ApAVAMAK
4310538,A0BBA5A9A/BAA8BMBJBCBLA+BFA+AtAbAQAKABAzA6A1A+A7A9A+BJBKBFBABGBLA6AzAfAJAJAK
4310553,AzA6BBA3A8A4A2BHA2BBBLBXBaA9A7AjATACAGAsA2BEA/AyA1BCA7A5BJBLBNBAA/AnAhAaAKAD
4310579,AxA0A8A6BIBEA5BMA/BKBYBeBKA+AnAeANAQAEA6A2A2A0A4A8A6BBBGA6BDBHBFAuAuAYAWAMAG
4310603,BABLBHBJBKBJBBBEBCBCA+A/A6AqAdARAJAFADBBBCBEBCBPBIBFBMBFBEBBBCA7AwAhAXANAKAC
4310652,A7BCA5BAA0A6A7BIBAA6BGBRBfBBAvAeAOALAEA8A2A0A9AsBDBABLAvBBBHBcBNAtAnAZAQAPAF
4310702,AsAvA2A2AxAvA8BHA/A8BDBrBkBGA9AmAVAGALAuAwAyAsAsAuA5A5AxBBBMBmBSA2A7AkAeAOAN
4310751,AkAlAtA3BABAArAtBDBDBSBUBaA2BIBDAZAKADAcAuAzA5AyA5AwAzA/BBAyBCBOBSBKAoAoAdAO
4310801,A1BFBHA3A0BABQBOBdBDBKBCAzAqAXAOAOAGACAyA8A2A4A7A8BJBdBbBYBPBFA/AwAcAcAOAHAG
4310850,AzAvA/BDBBA2BAA8A9BDBCBRBLA+A1AiAWAEACAzA7A1A9BCAxA9BDBEA7BHBXBGA8AvApAMAPAE
4310876,A8A+BJBOAzA5A4BSBDBUBCBPBGA8A6AiAKAJAGAlAxA8BAAxA+BJBAA/A4BXA7A6BKAsANALAIAL
4310900,A4ApAxA0ApBGBCBKAvA4BDBLBTA+A3AoAXANAEAuA2AtAoAzA8BEA6A7A4BRBNBNBIBIAwASAaAS
4311007,AtBBA/BCBEBAA+BDBHBGA8BDA8AnApAdAOAKACAzA3A+BDBIA8BHBFBKBEA/BMBIA1AtAeAYAQAJ
4311106,AnAsAvAwA7A6A8BKBCA+BKBLBTBAAzAkAVALAGAsAvAvArAyA9BBBGBGBCBFBYBOA9A1AsAiAVAL
4311122,A6BIBCBQA/BCA1A4A8BCBPBIBCBGAwATAPAEAFA9BEA+BLA9A5A9A8BDA+BBBLBGAxAkAdAOAJAB
4311130,AxA6BDA2A2A1BFA8BIBSBMBRBDBMA5AdAXADAEA1A7A0A0AsA8A8BJBPA7A/BIA8A5AyAgAUALAH
4311155,AwA9BFBDA+A4A5A+BFBGBNBOBQA6AuAlAQANADAvA3A6A+A4A9A8A3BJBCBEBOBDA5AjAfATALAL
4311205,A2A+A6BGBFBFA/BBBGA+BABGA5AzAsAWAMALACA1A3A/BCA9A+BDBOBHA4BABPBJA8ArAgAXAOAG
4311239,AmAyA3BEA6A5A6BcBHBSBcBRBPA0AtAWAGASAKAuA2A3BGA5AzA0BPA2BJBIBRA/AqAlArASALAH
4311254,A+BABFBJA8A/A2BHBSBIBQBIBIAsAoAeAMAEAFAxBAA9A+A9A+BEBCBDBHBGBGA6AvArAcARAIAA
4311270,A6BIA0AxBCAkBLBRBDA7BIBCBHA+AvAkAUAGAAAsA2A+AmAuA0BFBOBMA0A/BOBEBDA5AiArAUAD
4311304,BBBDA8BCBHBQBFBEBEA9BABCA3AsAiAWAMAJABA7A/A4A+BDBKBIBEBEBCBGBGA9A2AuAeASAKAH
4311403,BFA9A0A2BMBXBVBZBRBAA5A6AsAlAXANAIAEACA8A+A0A6BLBdBXBYBXBBBDA+A0AqAgAXARAJAF
4311429,A4BHBRBHBGBLBEBLBABLBBBCA0A0AkARAHALAIBNBCBLBTBBBBA6A9BOA9A6A7AzAtAcAZAOAIAC
4311502,A2A0BGA8A8BAA2BGBIBFBGBSBIAzAoAZAQAHACA1A4A5A7BBA9A/BGBLBEBKBLBIAxAnAgAYAJAH
4311601,BDAzA0A/AzAtA1BKBMA+BKBmBQBGAoAUAWAFABBDA6AqAvAwAvA5BUBEA2BQBPBIBCA1AlAWAHAH
4311627,BKBKBFBGBOBNBXBNBTBLBGA+ArAeAVAIAHACABA/BBBCBFBLBMBNBTBTBIBAA7AwAoAVASAJACAD
4311643,AqAoAyAyAvBDAxA+BQA/BlBXBBBAA7AoAdALAAAmAtAnBCArA5BHBHA/BBBHBFBHBSA1ApAhANAD
4311700,BBA5A9BKA/A7A5BGBJA+A+BGBDA+AwAgARAFABA1A6A6A2A/A7BDBJBKBDA4BCBGA7AwAkAUAOAC
4311718,A+BHA6BCA+BEA9BDBLBFBQBOBDA0AtAXAQACABA2BCA/BBBBBFBCBCBKA4BMBKA7AvAgAVAKAJAI
4311734,BAA7A9BBA4BBBPBSBIBIBFBQBDA0AtAdAHADAEA+A/A7A3AxBGBNBEA7A7BEBLA8BCAiAOARAJAD
4311759,A6A6A5A+A7BIBCA3BEBCBLBPBNA+AjAYAPAHACA3A1A2A7A+BGBBBPBCBDBMBMBHA0AkAhAOAMAE
4311775,A5A5BDA8BFA4BBBPA4A2BEBNBQBHAwAhAOAFADA0A4A2A3BDA+A8BJA9A4BABXBGAxArAeATARAH
4311791,AwAwApAwA+A5BCBDBCBSBbBTBTA4AvAsAYAEADA4AtAnA0AtBHBCA9A/BFBLBKBMA3A1AtAWAIAJ
4311809,BBA/A4BBBKBKBQBcBMBBBBA6AqAlAgATAKAFABA8A8A6A8BTBRBUBaBQBKA5A+AzArAiAWAOAIAF
4311908,AxAtAzA6AyA9A3BAA7A7BKBUBSBCA+AlAZALAHAuAsAuAyAuA5A5AyA+BIBOBRBFBLA8A0AjAQAF
4311981,AyA4A2A9A5A5A7BHA7BDBIBMBYBCBBAnAWAJAAAvAzAzA5A4A3BAA6A7BABABJBKBKAvAkAWAOAH
4312005,AlAsAeA4A1A3AmBCBFBGBkBUBSBFBGAoARAMAFAtAvA9A2AqAvAwA2BMA9BWBZBABUA3AlAWARAM
4312054,AzAyAnA5A9A3A8BIA+BHA/A9BSBDBJAjAUANAEArAyA0AqAuA3A1BBBBBABEBGBPBSBEAwAYASAJ
4312104,ArA1A7AzA/A5A/A8BNBFBSBPBHA2A2AmASAMAJA3AoA1A6AwAyA2BBBGBFBKBIBDA+BGAjAZAMAL
4312138,BHA3A3A8A/A0BBBHBSA9A3BOBHA0AsAiAOAGAFBFBHBIAvAxA4BDBSBHA4BDBEBDA3AxAiAOAJAC
4312153,AvA9A6A8A/BCBCBNBLBOBJBABAAzAiAaAOAGAEA2A8A2A7A8A7BNBGBNBOA/BJBDAzAsAdAYANAC
4312179,AzA8A1BDA5AwBEBGA7BLBNBRBKArAzAxAPAPACAuAwA8A6AtA1AvBABBBNAyBSBIBIA6AnAXASAJ
4312203,AwA2AuA6BAA5BAA9A7A6BWBUBLA/AxAdASALAFA2AzArA9A0A3A4A8BBBCBKBWBMA/A4ArAcASAD
4312252,BAA/BEBJBGBFBDBGBHA2BBBHBAApAjAWAGAIADA2BEA9BKBNBEA/BSBJA7BFBDA/A3AiAaAOACAK
4312302,A7A6A9BCA4A4A/AzA6A/BMBUBIBJAuAbAUAHAABEA+A0A7A6A9A4BJA6BKBFBTBIA0AsAbATAOAD
4312351,A4AfAdAzA9AzBIBQBIAwBMBbBVBJA4AnAMAGAMAoAyApAqArBMAtBEA7AzA/BYBVBBBPAlAkARAO
4312377,A/BFBKA8BKBGA+BBA6BIBKBSBLBCAkAgALAKAFA3A+A3BCA+BBA8A7A1A6BDBBBGA0AmAXADAQAL
4312385,ApAoApAtAgA2BABLBNA0BIBNBRBUBFAtAVALAHA0AjAjAnAlAwBLA7A0A0BJBWBLBUBFA+AiAfAK
4312401,A8BCA9A8BIBSBLBYBSBFA0BAAyArAhASAKAEADBBA9A6BABDBIBLBMBPA5BBBBA9A0AoAYAQAGAE
4312427,A5A2AzA8BGA6ArBLBIA8BGBLBDBFApAZAVAIALAyA6BBBBA/AxBDBDBHBDBFBLBDA8AoAfAZAUAF
4312443,A5A6AwAwAwBAA8BSBIA4BIBrBZBFAwAhAVAHACA3AsAlAuAwAyA9A9BMA6BXBaBGA/AxAqAUAFAA
4312450,AtA6A3A8AtA1A3BEBLBCBBBJBDBKA/AjASAHABAmA6A3A1AvA2A3BKBHBDBEBRBJBEA/AoAeAMAI
4312476,A1A5ArA4A9BEBHBMBRBKBIBTBKA6AkAUANAGAEAvAqA1AvA5A5BEBTBJBQBMBOBCA+AnAeAUANAF
4312500,A+A8BBBHBGA8A+A/BCA9BGBJBFA9AwAaANAKADA+A/A9BIA7A8BCBDA/A/BEBGA8A0AjAWAUATAF
4312609,A5A2AqA1A2A6A7A8BHA8BEBMBAA/AyAkAVAIAIAqBAAuA2AzA6A8BAA+BDBFBQBGBIBCApAcAgAO
4312617,A9BKBFA/A/BJA5BJBFBTBQBTAxA4AmAaAQAIADBBBIBBBBA9BDBGA8A6A9A+A/AzAmAqAcAUAFAH
4312625,A3BGA3A4BYA+A8BIBMA3BMA6BUBAA1AZASAHAAA0A1A4BHA7A4A+BJA7A6BBBMBIAzAmAiAVAHAC
4312658,A8BCAzA5BGBPBUBWBIBABAA9AyAnAgATAIAHACA/A+A4A3BEBIBTBSBOBABFA+A/AwAoAeAUALAF
4312674,A5A/A9BGAvAwBABFBFA7BDBVBIBIAzAgANAJAFAyAzBAA3A7A5BMA+A9A5BEBTBABFAsAYAWAKAK
4312708,BIBLA8BCBLBIBLBFBCA5A+A9AzArAkAYAPAFAGBHBCA+A+BGBOBKBGBDA8A8A/A7A0AhAZATANAG
4312757,A4AzAvA9BHBGBJA9BTBCBGBGBCAxAmAiAPAJAAA6BCA6A8BCBEBBBLBABABEBHA0A9AuAjAPALAG
4312807,BAAwAsA5BnBhBmA/BLA+A9A8A+AsAiATAKAKABBAA+ApAsBZBLBYA+BDA8A/A5BBAwAmAeANANAG
4312906,A+ArA5AyA4BQBTBTA6BJA7BABNA+AuAgAHAGABA8ArAiAtBJBTBPBPA/A+A8BDBLA8A1AcAWAJAG
4312955,A8A4AkAmBCBMAyBCBGA8BEBMBVBNA9AkAWAMAEAsAnAsApA6A8A2BJA7A7BEBPBNBOA+AoAZAPAI
4313003,AuArAmAvA1BEBHBCBEA1A8BRBeBABCAqAcAEAEAqAxAqAxAxA5AzA6BEA8BEBIBMBZA7AxAjAYAG
4313011,BBA2AwA0AuBHBSBRBSBBBGA4BEBFA2AhAGAHAFA5A0AtAnA5A+BWBKA7A/BBBFBEA/A4AlAZAFAD
4313037,AwA6AxA2A+BFBMBLBCA/BOBPBAA4AgAZAMALADAuA3A8A6BABLBEBPBVBMBEBGBBAvAtAaARAKAG
4313060,BBBFBCBHBKBIBJBKBQBIBFA/AyAkAYAOAIAEAAA7BEBHBGBJBKBNBSBQBFBEBBA1AoAeAOANAGAA
4313086,ArAkAsAwA1A9BJBDBFA6BDBdBgBCAyAzAUASADAwAwAmAvAoA/A6BJBFA0A2BWBlA7A5AiAYAOAU
4313102,AsAxAsAzBEBDBEBCBGA8BCBRBIA/AxAoATAMAEAvAyAvA3BJBABCBTBAA4BCBHBBA7AyAoAYALAQ
4313201,A2A7A1A2A4A6BGBRBVBIBEA+A9AxAmAcANAGAEA4A7A0A1A3A+BKBUBWBIBIBEA+A1AwAgAWANAI
4313300,A6A/A1A5BDBKBNBUBRBAA/A9A6ApAiAWAJAHAFA5A4A0AyBABNBOBTBVBDA/BHA/AyArAdASALAG
4313334,AnA0AxBDA8AlAtBNBDBKBUBkBYBBAxAtAcAEAFA7A2AoAzAlAkBDA7BMBEBNBNBRA/AwAZAhAGAK
4313359,ApAyAmA9BFA5BFBNA/A1BHBrBaA3AwAfAbAMABArAqAxA2A3A0A6A+BIA9BMBZBKA2AsAkAZAZAI
4313375,BGBQBJBJBJBMBHBOBOBDA7A4AvAoAbANAJACACBCBLBDBLBJBNBPBPBTBAA+A3AwAoAZASAKAGAE
4313391,AyAtA5A7AzA1A9BNBEBABOBJBNBBA1AeAPAKAGA0A3AyAxAxA6BABIBIBCBGBWBJA9A1AiAbAPAC
4313409,A5A8A7A+BHBKBLBIBKA9A/BFA6AqAeAQAJAEACA2A6A5A9BGBLBMBMBOBFBMBOBCA0AmAbASALAF
4313425,AzAmAuA4AyA5A1A2A8BCBIBgBdBOA2AnATAHAFAnAsAzAtAuAuA5A2A7BABRBbBaBRA+AtAcAPAG
4313441,A7A3BBA1A+BBBBBBA5BDBDBbBaBIAvASAPAFAIAvA/AwA5AwBBA0BIA/A+A5BKBMBAAmArATAQAK
4313466,A5BAAwA0A1A+AxBNBFAtBLBOBkBEAvAcAQAKACAzAvAnA3ArAzBLA9BIBJA9BPBTA3A2AvAhAVAC
4313490,A6A9BAA/BBBDA8A+BEBEBEBOBLA+AsAaAOAKAEBAA7AwAzA4AxBIBDBBBABDBHBMA6AwAbAWAOAF
4313508,A6BCA7A+BMBMBMBPBMA8A7A7AyAtAhAWALADAEA6BAA7A/BEBFBJBNBPBBBABFA+A1ApAdAPAKAG
4313607,AsApAxA4A9BAA9A0A8A5BNBaBPBQA7AjAWAMACAqApAlA6A0A4A3A4A4A+BVBaBTBIAzAsATAWAS
4313656,A4A/A8A3A2A2ApBAA+A5BEBSBWBDA8AlAPACACAzA1A7A2A8AoA/A0BKA+BHBTBZBVA7AiAUAHAC
4313706,BCBCA8BDBABFBIBKBGA7A9A/A1AsAkAWAOAFACBAA/A+BCBEBIBJBJBKBABEBIBBAzAoAZARAJAG
4313805,A/BCA7BABDA/BKBEBIA6BBBKBDA3AnAWAPAFAEA7A9A1A6BDBDBJBLBGBCBEBIA4AzAtAbATAMAC
4313904,BBBKA+A6BLBKBbBSBQBBA+A3AxAiAiASALAEAAA+BDA7A8BBBOBRBRBRBEA+A8A3AxAkAWAPAFAC
4313953,BABDA8BJBEA+BCBEBFA8BCBFBBA1AmAZAJAIABA5A+A/BDBGBIBABHBIBABBBEA+A4AoAaAOANAD
4314001,A2A1AyA3BBBFBIBTBHA8BFBFBJA7ArAeALAEAIAxA6A3AxA2A7BOBPBLBEA/BGBJA+AqAgARAMAJ
4314027,AzA0A1A+A7A1A3BIBLBJBJBSBHA/AvAfASAGACAuAxAvA4AwA0A4BMBGBDBHBMBHBFA3AlAdARAK
4314035,BEBDAxA6A2BEBLBTBQBHBIBBBEAwAjAUAKAFAEA0A5AwA7AwA6BQBgBEBEBABPBHAtAlAcAMASAL
4314050,BHBFBDBMBCBMBIBFBOBABJBFA4AgAVAMAHAEAAA8BCBDBFBDBMBPBRBQBLBDBHA9AlAaARALAFAC
4314068,AwA6A1BJA4A7BDBIBHBQBNBTBNA5ArAbAKADAFA4AyAxA+A+A7BDA/BEBJBIBNA9A7ApAeAOAEAM
4314076,A4A2AzA3A4A9A8BKBGBBBKBNBIBAAoAZARAFADA2A2A9A1A2A5BMBLBGA+BKBRBKA6ApAgAWAOAG
4314100,A9BCA9A+BNBRBNBRBNA7A1A2AvAiAcAQAIAEADA9A9A9A6BSBUBTBUBTBEA9BAA9AxAkAZARAJAF
4314134,AnAtA1AkBCA/BKA5BKA4BUBVBWBDA1AxAZAIAHAvAzAyAyAxAzA7A/BAA3BIBMBUBCAxAhAaAVAJ
4314159,A7BEA7A9A5A9BABEBFBJBHBIBAA7AtAcATAGACA0A5A7A7A6BCBDBABLBDBBBCBJA1AsAeAUAPAG
4314175,A4A6A/BCBEA/BCBIBTBLBBBRBSA6AkAjAQAEACAzBAA7AuAxA+BWBHBBBFBOA7BKAqAfAXAJALAC
4314209,A0A5BABBBEA1A1A7BFA4A8BEBFAyAxAcATAKAEA0A/A8A+A/A6BAA+BCBOBKBMA/BDA0AqAVAOAJ
4314308,A0A9AzA5BFA4BJBXBDBABBBGA+AxArAbAQAOAMBAAtA2A3A7A8BKBEBGA7BABRBFA3AxAgASAWAH
4314407,A3A9A6A+BLBIBFBGBHA6A6A5A0AsAhAUAMAGACA0A6A4A8BOBNBKBPBOBFBFBGBEA6AuAhAVAOAH
4314423,A1AxAyAyBFA4BGBEBRBPBJBTBAAxAmAaANAFACAvA5A3A1A1BEBGBQBLBKBQBVBGAvAmAgAZAKAC
4314456,BGA6BHA8BKBOBQBABCA1BKBABAA6AcAcAOAIACBMA3A1A4BABIBHBKA9A/A+BDA/AyAnAWAUAHAK
4314464,AwA/A8A3A8BLA4BTBFA0BGBFBQBMAsAhAOAMAHA4A3A3AwA0AzBHBEBEBFA7BCBVA9AkAeAcAHAH
4314472,AvA3A1A8BBA5A+A8A9BLBTBaBNA+AzAlAZADAKAgA1A2A6A1A3A/A+BBBHBJBJA/A7AwAhAXAOAL
4314498,BABGBEA/BEBFBKBJA9BDBDBBA+A+AmAYAPABAAA9BAA9A8A9A+BGBHBHA+BFA+BBA1AsAaAPAFAH
4314506,AvA2A8A5A5A/BBBDBBBBBJBOBLA5AuAbAVAFADAyAvA3A8A7BBBCBHBHBIBGBQBJAyAwAkAbAJAG
4314548,AzAsAwAzA0A9BJBJBEA7BMBSBVA5AwAkAmAHAAAzA0AvAuAuBEA/BDA+A7A5A+BVBBA0AoAhAbAJ
4314555,AoAwA4A4ArAuA9A8A1BBBVBmBkBMA0AjAbAJAKAiAoAsAsAqAqAtBCA8A8BYBuBfBGAmA5AUATAC
4314605,AxA1A5BBBAA7A5A7A+BDBMBPBOBAAvAgARAOAFAvA1AxA6A9A5A3BCBDBEBPBMBDA5AxAkAeAKAI
4314704,A9BEA8A/A8A/BEBEBCA+BFBIA+A2AmAaAQAJABA/A8A4A5BFBABCBCBEA8BEBEBLA6AtAeAXAMAH
4314753,AsA9AyA6A8A9BABSBFBABMBMBDBAA4AkANAQADA5AvA3ApA7AwBGBFBAA5A4BLBCA8A9AvAgALAF
4314779,A9BCBDA7AwBFBABOBFA+BEBTBBBBAqAbANAKACAyA4A1A7A9A+BSBAA/AyBZBLA/A1AsAdARAIAE
4314787,AoAmA7ArAxBCA6BDA4BKBHBVBfBCBCAnAWAMAHAzBAApAqAmAyA/ApBMAyBGBQBNBQA8ArAYAWAP
4314803,BBBIA3BABGBEBHBUBQA+A+BFA5ArAYASALAEABA7A9BCBBBGBIBOBRBQBBBEBEA5AvAjAZAMAFAF
4314902,AxA7A5A5BGBIBFBJBKA+A2A3A1ArAgAVALAHAEAvA5A1A4BIBOBMBRBVBIBCBGBGA/AxAjAYAQAL
4315008,AsArAtA1AoAoA3AtA7BDBOBjBeBOBIAuAZALAHAkAxAnAnArA0AzA1AuBJBGBfBhBSBJAzAXANAM
4315057,ApAwAuAxAwAxAzA6A+AxBEBiBpBKAwAnAeAMADAuAsA4AwAfAxBAAsA3BBBGBhBfBLBEArApAXAG
4315073,AmArAiA2ArAzAtA1A8A7BXB1BgBYBFAkAQAAAAA/AyAwAnAlAmBHAuAeBGBXBsBWBJBEAtAgANAI
4315107,A8A7A7A9BAA+A8A9BHBKBJBLBEA1ApAZARAFACA0A9A6BAA/A9BDBCBIBLBEBIBIA7AsAdASAHAF
4315131,BCAuA7AzApBKBCBHBNBIBFBFBCA+BHAoAZAEACAtA0AtAkA6AzA8A+BCA9AzA+BSBEBDA4AkAJAD
4315149,A+BGA6AxA7BIBRBgBNA9BKBPBDA6AlANAJACAGA3A9AzAxAyBWBLBOBVA9A3BKA/AsAgAaAMAEAE
4315156,AvAtA5A3A4A9A/A9BLBDBVBfBLBLAtAbAYAHABAwAqA0A5AwA4A5A9BHBFBRBUBJA5AuAhAaAOAF
4315172,ArA/A2AxAyA8BEBCA+BNBZBeBFBLA/AeAPALAAAoA2AuAlAvA3BAA+A3A+BDBXBBBDA/AjAbANAJ
4315206,ArAyAmA5A5AyA8BXBLA4BABLBSBKA7AlANARAIAxAtAsAwAsBABBBABAA6A5BIBPBJA9AqAnARAQ
4315305,A9BTA+BLBCBEBCA+BFBGA1A+A9AqAdAWAUAIACBBBKBGBIA9BEBTBHA+A9A+BLArAtAgAmAUAJAK
4315313,A4A4AzA3BEBEA5BJBHBIBGBVBMA7AlAXAKAPAABIAwBPA5A+A7BAA6BIA6BJBJA+BCAYAWAcAOAD
4315321,ArA7BEA7BFAwA9BCBNBXBOBUBKBBAyAbASALAFAuAuA0A4A2A9BGBEBEBFBFBNA9A6ApAcAQAGAC
4315354,AzA4A0A7A2A+BJBJBBBBBCBJA9A4AjAeAZAFAEAxA6BAA7AwA2BCBNBMBJBFBHBABEA3AkAeAJAI
4315404,BbBgBTBkBrBPBCA6A1AwAzAxAuAiAaAOAHAFABBcBWBIBaBhBKA+BBA2A2AvAzAsAjAbANALAFAI
4315453,AyAkAkAzA4AzAlA9A+A8A8BWBcBWA8ApAcAWAHAhAjArAxApAuA/A4A5A8BIBQBaBOBBA8AkAcAW
4315503,AzA5A1BABIA8A/BFA9A2BBBLBJA+AvAcASAJADAzA4AyA6BDBBA/BCBDA8BFBLBKA/AyAhAeAKAJ
4315552,AzA4A8A6AvA7AyA7BCAyBRBjBQBVAzAeAWAQAGAzAyA6AxAwAvA8BJBAA0BLBQBQBLArAgASANAH
4315602,A5BCBABCBHBHBEBKBLA9A2A4A2AuAhAUAMAFACA4A/A7BBBIBKBKBQBOBDA+BBBBA4ArAcATAJAH
4315701,A0BAA4BEBDA/BDA/BBA8BABIA/A3ApAZATAEADA1A7A4A9BCBABEBGBCBCBJBIBIA6AsAhAVAOAK
4315750,A6BBA0A+A+BEA9BKBIBQBQBDA1A8AvAfAOAIABA2AyA9A5BEA+BABDBLBEBJBDA5A2AoAhAWAKAE
4315800,A4A7A4A7A8BDBDBIBLA/A9BEA9A7ApAZAQAFAFA4A3AwA7A7BEA/BMBGBFA8BJBIA8AzAfAdAPAM
4315909,BKBBA6A9BFBBBQBLBGA7A+BHA8AtAnAUAMAFAEBCA7A2BBA6BIBFBPBQA2A/BDA/A0AoAbAWAMAF
4315958,AtAoA6BCAxAtA1BMA7BMBDBWBIBRA6A0AdAQAHAyAvAyAwAmAyAtA+A6A5BWBABZA/BBAvAXANAK
4316006,A9A6A9BABGBMBKBNBIBBBDBIA4ArAiAVARACACA4A8A6A9BBBKBIBLBLBIBIBFA6AuAnAcALANAF
4316105,A7A7BAA/BQA9BABCA7BABBA+A/AyAqAdARAJACA5A4A4A1BFBHBDBGBCBABHBJA/A7A2AgAdAJAG
4316204,ArAuAsA1A4A6A1AwBBBCBTBdBNA+AyAmAUATAEAvAtA6AuA3A0AwA6BBBEBRBVBKBBA3AnArAYAO
4316303,AxA4AzA9A8AzA7BAA/BBBOBZBLA/AzAhAUAKADAvA2AyA3AwA0A/BABABGBRBKBKBCA5AqAWAPAE
4316402,A5A7A6BCBJBEBCBBA+A8BABGA8AwAmAbASAGAEA8A2A2BDBGBEBDBDBHA/BIBKBFA2AuAiAYAKAI
4316428,A0A4A7BFA8BGAyA4BaA7BDBSBUA9AoAbAQAJAEA6A1A6BAAzA+A4BJBIBBBNBMBUAxAfAWAaAJAC
4316436,AvA3ApAqA0AyBKA9BEA5BPBIBCBLA4AlAVAAADAyBAAvAoAyA3BAA6BGBEBVBgBLBDA+AnAVASAN
4316451,A7A+BBBGA8BEA8BABEBEBKBEA8AzAgAVAMAHABA3A8A9BFBFBCBBBBBWBJBGBOBAAuApAaAXAIAD
4316477,A4AzAwAyA7A6BNBBBDBABKBUBVBDAzAaAQAPAAAsAyAmAvAzA1BMBDA5A8BQBWBDBHA9AlAeANAC
4316501,A5A8AvA7BNBNBLBRBFBIBABHA/AuAlAWANADABA1AyAzA0BKBMBRBKBIBEBGBFA9AzAkAcATAOAH
4316600,AxAyAzA3A9BDBNBJBFA8A7BEBMA5AvAfASAHACA0A1AwAyA/A/BNBIBIA+BBBRBCA/AxAnAdAMAH
4316709,A4A+A+A9A8BGBDBGBEA8BFBKA9A6AhAZAMAJAEAyA/AzAyBBBCBGBCBJBEBPBTBGA7ApAcAVAHAH
4316733,BCBJAvAqBPBOA2A5AvA8BPBdBIA3AuAiAZAIACA5AxA7A7BMAwA7AwBEA+BMA9BMA2A1AlAXANAF
4316758,A8A+A0A/A+A+A/BUBVBEBGA8A9A4AkAaAOAGABA0A4A3A5A1BBBGBXBaBKA5A7A+AxAuAeAQAUAK
4316808,A4A6A3A5BFBJBLBOBQBBA9A9A4AsAeARAKAEADA1A7AyA4BKBOBTBUBUBDBEBGA/A1AqAcATAKAH
4316907,A4A6A4A/BTBRBMBIBGA5A5A4A1AoAeAVALAHADA1A3A3A9BWBQBLBNBNBBBCBGBDA2AqAeATANAH
4316956,AyA1ArAxA6BCBEBMBXBLBVBaBQA+AnAZALAGABApAsAsAvA0A6BCBKBVBCBMBRBEA8AxAeAPANAE
4316972,A3A+A1BBAvA0A4A+BDBNBRBdBZBGA7AfAZAPAAAsBBA5A1A6A7A7AyA7BFBQBKBHAzAeAkAKALAC
4317004,AvA4AzBIA9A3A3A3AzA+BSBaBPBHA0AiAVANAEAtAyA1AyA6AtA7A+A6BHBSBQBHA8A3AtAUAQAL
4317103,A9BEBCBDBGBFBCBBA+A6A9BAA7AtAiAXAOAHACA9BCBAA/BFBKBEBEBFBDBEBGBCA1AoAfAVANAI
4317202,A9BBA6A8BIBNBOBQBIBEBAA+AyAoAdATAJAHABA8A7A2A6BEBNBMBQBNBIBIBGA7AyAmAZAPAKAG
4317251,AaAjAWAzAwA0A1A/BEA3BVBeB0BJBJAqAvAHAJApApAnAuAkAcA1A3A+A6BFBVBSA/BCA1A3AeAT
4317301,A4BCA+BEBEBDBABCBIA/A/BHBAA2AmAXAQAGADA3A/A4BAA7BGBEBPBHBCBFBHA/AzAoAcAPAQAI
4317400,A0A5A3A9BJBEBDBGBCA+BABBA9AwAlAaASAJADAxA1A2A7BDBGBHBIBJBDBHBNBHA5AuAlAbAKAK
4317509,BABCA5A/BLBIBCBCBGA/A5A/A3AvAhAVAPAFACA7A7A4A6BJBOBGBDBKBFBHBMA/BAAoAfATAKAG
4317558,A2A7A8A2AzBHA3BRA4A/BcBUBMBFAkAXAYAHACBCAvA/AxA6BDA7A3A7BNA+BFA/A4AtAtAPAaAC
4317608,A4A9A6A+BHBGBFBEBFA8BCBGBAAzAmAdATAFACA0A8A2A8BHBEBEBKBFBCBHBGA/A0ApAgAWAKAI
4317707,A7A0A/BDA5BCA9A5A5BDBHBIBHA9AsAmAXAGAHA3A7A5A9A2A5BCA+A5BGBEBNBDA8AyAiAZAOAG
4317756,A8ArA7BEA4A2A9BDBTA2A4BQBFA1A4AUARAKADAwBKBEA2AzAxBHBNBLA4BIBCBHBKA1AkAaAMAC
4317806,A5BAA/A6A9BCBCA/BABHBCBMA/AwAoAbAPAJAEA2A7A1A9A8A/BCBEBJBLBHBLBCA7AwAgATAMAF
4317905,AzA1A5AzA7BDBIBFBFBGBIBRBIA5ApAZAUAFACAzA0AwAyA7A+BIBGBFA9BIBPBKBAAvAiAYAJAJ
4317954,A2AtAtA2AnAxBHA9A5A5BSBOBUA/BLAuAVANACAyA3A2A1AzAzA2BEAzA1BTBJBNBEA9AtAbAbAA
4318002,A6BAA5BBBNBHBABHBEBDBBBBA8AyAiAUANAGADA6A6A5BBBEBJBDBLBHBJBIA/BAA2AoAcARANAF
4318051,AuAoA1A2A8BGBBBDA5BCBEBHBRBJBCApAJAIAGAvAqAsAyAtA6BEBBBBA8BDBWBRBLBAAsATAVAD
4318101,AxA4A3A+A8A9A/A/BBA9BGBMBJA/AxAeAQALAFAtA0AzA2A2A8BDBGBGA+BIBPBHBDA2AlAVANAM
4318200,A2BHBBA/BSBHBSBZBOBBBFA0AsA0AmAXASAHAABEA+A8BJA5BLBPBCA+BGA6BEArA0AgAVATAKAF
4318309,A8BDA+BCBIBEBBBCBDA8A9BAA6AwAiAXAPAGADA6A/A3BCBBBIBFBGBLBCBGBIBFA1ArAeAWAMAH
4318408,A6A+A8BHA/BCA9BHBOBGBCBDA9AzAmAXANACADAzA8A9A+BCBABFBQBLBABHBCBEA5ApAaARAKAH
4318424,A0AwAqAvAsA9BFBAA2A/BQBWBYBFBAApAXAFADAmAwAnAoAwBBA6A4BAA5BQBaBPBKA8AzAVAQAN
4318432,AxA8ArA2AxA+BMA8A5AwBAA/BABHBCAdAbATAEArAsAxAtAzA3BMBFA/A0A4BVBNBOAwAtApAeAd
4318440,A0AzArA1A1BDBBA5BDA1BIBYBRBDA/AnAdADAAApArAuA2A6BBA2BKA/A2BLBBBNBKA8ApAiAJAJ
4318457,A1AyA6BDA3A6AzBCBFA7BQBRBQBAAxAmANATACA3A5A0A8A1AoAxA6BCBLBNBWBLBCAwAiASAMAH
4318465,A4A/A5BJAxBLA1A9BGBABRBVBJBEAyAkAJAMADA1AxAtA9AwBEAvA6A9BQBLBJBCA0AoAeAfAIAS
4318481,A1AxA8A2A0BNBKBNBIBGBNBSBQAzAoAVAPAJAAAoA2A2A1A3A9BNBLBCBOBKBKBHA3AoAbARAJAJ
4318499,AsA4AxA1AzA9A7BKBNBEBDBHBUBEA+AbAWAFAGAvA1AlAlApA1BRA+A+A+AzBTBJBUBBA6AZALAL
4318507,AuA+A8A4BHBHBIBLBGA7BQBQA9A5AqAWAOACAFAzA2A9BFBFBJBEA/BBA/BHBHBDA3AiAUAWANAF
4318606,AwA0AzA1A/BGA/A9A9A7BNBPBGA9AwAcALAOACAwAzAvAzA+BEBABCBABJBQBPBHA7A3AkAgAQAF
4318614,A5A1A0AyAhA9A8BJBCBMBJBPBIA4A6AmAUAFAHA6AtA3A1BEA9BCBSBDAzA/BEBCBFAyAeASATAV
4318622,BaBRBIA+BRBTBMBUBCBABFBAA5AjAbAQAJADABBLBXBBBABJBUBOBFA8A9A0A1AtAiAcALAJAJAE
4318705,A+BDBABDBMBLBLBMBMA/A6A6AzAmAbAPAIAEABA7BCA9A/BJBQBMBQBTBFBCBFA+AvAkAXAQAHAD
4318804,A0A1A1A6BBA9BLBKBJBCBMBKA/A3AoAfATAGABAuAxA3A3A5BFA4BKBLBGBCBJBBA7A1AmASAQAH
4318903,BCBBA3BABEBOBKBHA/A/A7A6A3AwAjAYANAIADA/BBA3A+BGBJBMBHBGBBBABHBAA4AnAeAYAJAF
4319000,AuA0A2A8BDBGBMBIBLA+BJBGBDAuAiAVAOAFACAyAzAvA5BDBIBLBPBMBEBNBRBHA1AsAdAWAIAF
4319109,A5A2AuA+AwA5A+A9BFBBBBBJBRA+AyAlAWAHABAyAyAzAyAyA/A7A/BFBBA6BRBaBMA5ApARAVAH
4319125,AvA9A/BAA4AuA1A/BBA+BTBQBTBMA4ApAbALACAlA4A0AyAwAvAyBDBIBCBGBHBKA9A0AkAaAMAP
4319158,A5BEA/BJA2BHBABJBKBEBDBKBDA5AsAcAVAFAIAyA6AyA7BABCA5BNBBBEBIBABDAwAmAdASALAC
4319208,A5BABBBLA7A7A5A/A2BCBGBCBABGAvAkAUAFAFA0A9A8A9A5A0A+A4BFBFBCBFBEBCAwAgAYAKAN
4319307,AzAyAwAyA+AzBABAA/A+BMBZBaBRA0AaAQAJACAxAoAxAxAyA/A5A3A4BFBIBPBgBMA7AhAZAMAH
4319356,A7BDAwA3BPBNBWBSBRBEBCBJA7AqAkAWAFAEAEA1A+AzA1A+BBBOBbBNBDBEBNA5AqAeAdAMAMAC
4319364,AuA1A8BBA8AwA9BCA1BIBHBRBFBDAeAqAXAbACA/BRBBA0AvA0A0BNBOA9A9BeA4A6AsAfARAMAA
4319372,AzA+A4BBA6A5BGBMA/A/BJBMBTA/AtAdAUAJAFAxAlA0AuA1A8BIBGBBA/A5BTBGBGAyAfAcAOAI
4319406,A0A2A2A6A6A7A6BGBFA9BEBJBFA9AuAfAUALADAzA0A0A4A6A4BABBBGBABHBMBGBDA3AlAjAQAI
4319505,A5BBA9A9BEBDBHBOBIA9BBBHA/AuAfATAJAGACA5BBA8A9A+BIBJBKBOBABGBJBCA3AlAbAPAJAH
4319604,A2A4A1A8A5A/BAA8A8A6BFBMBHA8AuAcASAMAFA3AzA0A9A9A+A+BEBGA9BDBOBQBCAyAiAZAQAL
4319703,AtA6AuAuA0BCA8BBA4BBBEBTBSBFBHAiAbANADAwAzAqA3AtA1AwBCA3A6BDBRBLBDBKAhAtATAH
4319711,AwApA0A1A4A2A1BABTA8BMBOBRBSA7AmAWANAGAlA3AuAkApAxAyBJBGA4A1BSBLBRBFAyAZATAO
4319737,BIBLBNBpBbBPBDBIA0A5BEA0AlA8ArATAGACAEBDBHBIBSBJBJBFA9A8BBAuA/AlAuAfAeAJAEAC
4319752,A8BBA5AzBFBUBMBPBHBNBMBWA/ApAiALANAKADA0AtAvAvA9BKBMBJBNA6BfA+BBApAfAfAWAMAG
4319802,A1BCA6A9BEBCBCBCBHA8BJBEBDAwAqAbAMAMAGAxA9A2A/BABFBHBDBFBFBHBLBFA1AsAYAWAHAI
4319901,BBA/BABFBMBFBNBOBPBHBEA/AtAjAYANAKADABA9BFA9BFBIBNBMBPBUBFBLA/A2ArAdAXANAHAD
4320008,A5BEBBBHBMBLBIBLBMBBA8A7AyAmAbAQAIADACA5A/A9BIBJBLBOBPBUBFBCBEA9AxAlAXAOAIAE
4320107,BFBDA7A3BGBIBPBQBHA/A9A7AyAoAhAUANAFADBDA9A1A4BEBQBQBQBOBABBBGA7AzAjAbAWAKAE
4320206,BCBAA+A7BEBEBBBFBIA+A9A9A9A1AlAYAOAHAGBEA7A3BABLBJBEBLBEA+A4BGBEA4AoAeAUAFAK
4320230,A1AvA9BAA6A6A+A9A9BIBLBeBTBDAvAcAPAIADA6A9AyA+AyA2AvBGBDA9BIBMBGBDA8AaAKAHAR
4320263,A6A5BDBFAvBMA8BJBPBHBQBTBFA7AoAZANAGADA5AuA3A9A4BAA9BBBCBGBDBMBBA1AwAdARAMAB
4320305,AxA7A+AwBFBKBGBKBAA4A8BXBIA2AeAbAWAHABAyA1AuA6A4BBA/BOBCA4BOBXBJA0AtAhAhAOAJ
4320321,AxA3AwA2BAA6A6BJBCBMBHBMBYBAAtAcAPAIAAAuAuA4A2AuBABBBCBDA7BPBSBSBMAuAbAWAQAE
4320354,A2A2A4BEBHA9BFBHA6BCBUBQBNA+A1AfAMAMADAsA0AvBDA3A/A1BDBFBIBCBHBGAqAmAnAVALAI
4320404,A5A5A5A/BMBPBTBVBKA/A8A9A2ArAcAVALAHACA5A9A3A6BFBRBQBSBLBAA+BDA5AtAmAdASANAE
4320453,AwA0ArA2AmBGBQA3A+BUBKBkBJBCA4AlAYAMADAnAnAwAoArAtA5A4BMA/BMBXBKA5A5A0AeAPAR
4320503,A6ArAtA7A4A9A6BABEBABKBRBFA+A1AiASAEAHApA8AxA2AwBABABCBEA8BHBWBRBHA6AiAWAQAJ
4320552,AyA2AxA8A8BEBFBNBEBGBHBRBCA+A1AbARAOACAtAxAxA/BEBBA7BGBFBCA+BJBCAvAvAeAVAXAK
4320578,AqArAtAvAzA4A3A1BDBdBVBZBXA7BDAeARAQAEAnAxAtA8A2AkA4A/A+A7BJBXBWA7BEAhAfAWAL
4320602,AuA0A4A3AzAxA3BEBFBMBGBaBSBMAyAfASAMAGAqArAxAwAmAvA8BBBHA/BLBVBMBIA/AmAUATAO
4320651,AqA6A4A0AtAsA2BDBIBFBKBUBPBDAxAmAeAUAIAlAmAvAzAwAxAsBNBPAzA3BjBDBEAzA8ArAWAG
4320677,AuA3A4BGA4A5A+BOBNBSBTBRBQA8AwAaAWAFAEAuAtArAwA1A5BBBCBEBOA+BJA5A7A0AlAaAKAK
4320701,A8A9A6A8BEBMBJBLBHA/A6BEA5AwAiAWALAFADA+A3A0A3BGBOBKBMBJBCBFBHA+A5AsAgAUAJAG
4320800,A/A+A9BFBKBMBHBIBHA+A8A9A0AsAhAWAMADAEA7A9A5BCBJBOBGBNBMA/BDBCA8A0AnAdAUAIAE
4320859,A9BLA+BAA+A+BCBFBFA8BPBJA8ApAnAaAMAKADBJA4BDA0BFBBBEA/BCBCBIBHBAA0AnAcASALAG
4320909,BNBAAuA/BKBTBiBMBEBBA4AyAvAoAYAQANAEACBEA5AyA4BNBWBZBaBWBBA8BDAyAsAkAaASAHAC
4321006,A3A/A7BDBIBFBJBJBLA7BCBDA4AuAhAXAOAJACA5A5A8A8A/A8BHBEBLBABKBLBFA1AuAcAZAMAE
4321105,AvA9A5BGBFA4A9BBA9BDBDBBBEA4AqAdASACAFA2A8A2BEBBA8A8BCBHBGBHBLBMA5AuAkAYANAH
4321204,A4A/BABCBDBFBABHBLA9BCBDA8AtAiAUAIAHADA8A+A6BABBBFBDBMBOBEBEBMBBAzApAbAXAHAF
4321303,A4BDBCBHA9BBA/BHBIA9A9BDA6A2AgAZARACAAA0BDA4BDA+BFBABGBIBMBIBFBKA2AqAdATAJAI
4321329,A9A8A3A9A2BFBAA/BJA9BBBHBMA+AsAmARALADA4A+A4A3A6A+BABFBNA/A6BHA+A8AwAhATAOAH
4321352,AzAxAzBFBABHA2BBBEA/A9BLBNBJAvAhAcAJADA+A+AuA7A5A2A8A9A6A+BCBMBAA/AzAoAaAOAJ
4321402,BFBJA+BGBKBEBEBBBCA5A4A3A6AyAhAXAJAIAEBGBEBABGBLBKBLBKA9A8A5A9A+A1AqAaAQARAF
4321436,BABFBABEBEA6BEBNBFA6A5BDA/A2AnAVAOAGAABCA7A+BCBFBAA/BHBLBAA+BLBBA6ArAbATAHAC
4321451,A9BBA8A8BDBGBNBSBMBIBBA6A1ArAgATAMADACA9A5A6A7BFBJBPBSBRBIBCBCA7AwAlAaAWAJAB
4321469,A8BLA9A4A+BJBIBNBMA1BCBOA7AvAgAWASAHACBEBABAA2A/BGBIBUBIA6A6BIA6A1AlAfAQANAC
4321477,A3AxBAA8A3AvAxBCBDBHBJBPBMBNA9AnASAHACApA2A4A4AtAtA6A/A+BDA6BJBQBKBDAnAdAMAF
4321493,ArAhAtBDA0ArA0AyBOBQBYBTBOBRA4AqAeAHAEAmAyA7AvAuAmA4BGBJBJBIBFBHBOA9AqAXAOAJ
4321501,A5A/A4A+BABCBFBEBNA7BAA/A6AzAoAWAOAHABA2A6A7A8BABCBGBOBNBFBDBQBKA6AvAdATAIAE
4321600,A/BKA+BABFA9BDBBBEA9A4A6A6A4AlAWALAEACA8BFBDBAA/BHBBBLBKA/BABHBLA+ApAdASAHAE
4321626,AzAqAqA0A+AuA7AvBABGBRBbBPBHBIAjAZANADAgAnAmA0A2AtAuAuBCA4BMBcBQBVBJA2AvAKAF
4321634,AfAdAfAwAwA8AvA5A6BFBhBnBdBIBBAoAeATADAgAmApAzATA4AqA4BCA/BaBgBWBABHA0AtAQAR
4321667,A+BCA2A/BCBJBKBGBHA+BFBJBBAzAlAYAQAJABA7A7A6A0A/BCBKBJBDA9BGBPBBA1AmAZAUAKAC
4321709,A9BDBCBABCBGBJBQBSBLBEBBAxAnAcAPAJAFABA6A8A8BABEBFBPBQBRBMBHA9A5AwAiAYANAHAG
4321808,A8A6A3AzBABMBIBGBIA9BABEA8AzAkAYARAHABA5A8AxA0A+BNBJBGBEBFBFBIBCA7AxAkATAPAL
4321832,A5AyA/BTA7BBA6A7BDA+BLBrBAA4AqAcAYAKADAnA7BBAwA2A/A5A6BEA+BPBNA/A6AmAnAaAGAF
4321857,BFBOBHA7A/BDBEBBBOA/A4BEA5AwAqAXAOAHACBKBEA9A9AvBGBNBGBHA3A+A3A/A0AyAiANAQAD
4321907,A4BBA1A5BABEBHBHBGBEA/BEBAA0AmAaAKAKADA7A7AxA1A9BHBFBLBIBCBCBHBGA9AvAhAXAJAH
4321956,BFBQBCBHBRBEBLBLBHA8A7A/A+AvAiAaAJAEACA3BFA8A6BLBFBFBHBFA/AzBAA9AvAnAYAKAPAH
4322004,A/BDBFBFBEBJBJBJBHA8A9A/A/AvAkAYAKAHABA9BBBEA+BGBFBHBMBGA6BBBEA9AxAkAXAPANAC
4322103,A4AhAmA7AvAzA4BAA7A/BJBWBcA6A2AgAUAOAEArArA0A1ApA5A2BBA/A+BTBjBLBEBPAjAoAUAJ
4322152,A6BGA4BHA3BKBEBOBOBEBPBJBRAxAiAUAEAQAEA5A+A6A5BDA7BFA9BJBBA5BOA0BBAgAdARACAG
4322186,AxAvA1A4A6BIBHApA2BFBQBnBWBKAnAlAZAGAAAnA2AsA3AxAoA8BHAsBJBSBmBWAfA4AsAaAQAH
4322202,A7BDBDBJBCA9A8BJBFBCBCA9A/AuAkAVAOAFACA4A7BABGA+A+BHBLBJBDBDBHBDA0ApAbAPANAK
4322251,BEBFA7A9BMBTBSBVBKBCBNBAA1AlAdANALAFACA6BBA4A+BCBJBWBVBMA/A9BFAuAoAfAXAJALAE
4322301,AyAyAtAtAyBABAA8A8A8BNBTBOA+AvAkAWAJAHAvAsAsAsAyA9A/BABABCBVBXBVBEA7AvAZAUAK
4322327,AqA9A5BHBCBEA9BOBHBWBDBABGA5AoAhAJAHAEAsA4A3BHA5A5BFBNBGBQBEA6BEA0AvAeAMAKAG
4322343,AhAyAxA8BFBAA5BGBJBHBjBOBSBBAuAlAXABACAtAvAoAuArAxAsAyBHBCBZBbBPA/BCAiAPASAJ
4322350,AzA7AWAyAhAuAwBJBSAyA3BvBzBoA9A6AcAUAAAaAlAgAxAbAnAwAjApA9BQBUBbBnBMAoAoAPAO
4322376,AxA8A4AtAsAuA3A/A5BLBUBdBSA+BAAsAaAJAKAwAwAzBAAsA6A8BBA+A/BMBQBRBBAkAeAYAKAI
4322400,BDBIBFBMBKBEBABDBEA/A+A7A1AoAcARAJAEACBBBFBGBJBPBJBFBKBLBCBCBDA6AvAiAYAPAJAF
4322509,BCBJBCBEBLBRBJBMBFA8A6A7A1AlAaAVAMAEADBEBDA+BBBFBPBMBIBIA7BEA/A6AuAlAZASAJAF
4322525,AuA7A7BCBDA0A4BDBJBNBRBFBHBBA5AcAZAAACAsA2AzA8AwA+BDA/BGA+BKBRBCA6AzAjAWAOAA
4322533,AtAvAwA2BIBCBHBJBKBTBPBVBBA0ArAaARAFABAxAvAxA9A8BCBDBDBHBHBPBDA+A4AsAnAdAHAD
4322541,BABBA4A+A9BGBRBYBYBNBGBGA2AlAiARAIADACA+A2A8AwBHBGBNBZBSBHBBBBA2AuAfAcAPAFAA
4322558,AvAwA2A3A3A6BAA7A4A7BTBiBVBDAuAoAPAHACAvArAuA5A3A4BAA8BCA/BUBQBLBCA0AlAhAMAH
4322608,A1A3AyA7BIBQBJBNBMBEBDBBA8AzAjAWANAEACA3A4A0A3BDBEBLBJBLBIBFBJA/A1ArAdASAOAG
4322707,A+A5AzA6BDBMBLBTBMBEBEBDA2AsAiATALAGABA3A4A2A8BJBMBKBNBSBDBKBEA7AwAqAbAXAFAF
4322806,AxA1AuAzA/BDBMBOBMBCBGBHBDA0AmAZAPAHADAsA0AvAyA7BCBKBRBTBIBHBNBFA4AuAiASARAK
4322855,AlAzA2A2A2AxBJAqA3BEBQBlBCBJBJAuAlARACAzAcApAnAxA2A2BHA/A2BDBPBCBKA+AsA1ALAK
4322905,AvAtAoAzAvBAA7BDA+BEBGBYBUBGA0ArAcAHACAtAqAwAtAuAzA5BABEA8BFBSBHBYA4AtAcAXAQ
4323002,A6BJBGBHBJBEBABDBIA9A+A6A2AsAdASAHAFACA4BEBBBEBLBIBHBKBPBGBGBFA9A0AnAaAPAJAE
4323101,BCA4BLBKA/A5A8BCA5BPBJBOBGAwAoAhAMAIAEA8BBA+A9A2A5A4BEBDBFBDBFBCA5AtAdAQAKAD
4323200,AyA9A4BNA4A4A8A8BFA8BOBZBBA/AnAgAPAIAEA1A3AoA4AzAxBHBJBCA9BWBOBAA/A2AeAOAZAK
4323309,AxA9AuAtA/AzBLBSBMBBA+BOBMA/AqAZATAKADA2A/AvAvAuA+BRBQA+A/BABKBIA6A8AeAgALAG
4323358,A1AzA7AyBTA7A/A+A9BABLBZBeA/AhAhAPAKAGAtApArAsA/ArBAA7BABHBUBWA3A8AzA3AXASAH
4323408,A1A2AvAyBCBHBMBRBBA4A/BOBKBJAvAbASAJABAxAvAxA0A5BCBJBFA/A6BJBLBEBDArAoAPAQAL
4323457,AlA1A6A8A5AyA2A1A+BDBOBRBSBBA2AiAUANAGAxAyA/A9A4AxA3BDBEBGBNBTBIBGArAiAcALAI
4323507,BDA2AyA4BEA0A/BIA4A/BDBcBHBDAvAUAUAGADA7AvAsBBA/BBA7A+A+BCBABQBNBEAwAgAbAPAD
4323606,A3AhBBA3A+AtA4BDA5BNBdBXBPBEA8AtAiADAAAjBBAuApAwAuAwA0BLBJBJA6BTA7BDAtAVAUAF
4323705,A6A3A4AyA6BAA4BEA1BLBSBVBYA/AlAWAUAKACA5AwA0A0A3BABDA/BGA8BRBQBKA4AvAhASAPAG
4323754,AyA1A0A1A0AtA0AwBGBLBIBiBQBBBDAwAUAGADAsAqA0A0ArA+A5A0A8BLBFBRBSBTBAAgAcAJAF
4323770,A5A9A3A5A7A/BEBZBZA5BLBLA9AqAsAbAXAGAAAwBCAvA+AuBIA/BUBUAxBPA/A5A3AzAhAOAQAE
4323804,BFBJBIBBBIBCBDBGBPA8A4A6A1AxAiAWAKAEADBDBEBABCBCBDBIBLBOA/BAA/A9A3AlAaAMAIAG
5000203,BTBeBYBNBRBTBXBYBRA9AzAuAmAZAOAGAEADADBYBdBMBLBSBWBWBVBJA7AyAtAkAXAOAJAEADAB
5000252,BPBRBMBBBAA4BJBUBMBJBQBAA3AmAcATARAHACBBBJA+BHA6BGBRBIBTBFBHA6AvAeATARALAEAC
5000609,BKBXBXBXBVBNBIBFBCA7A1ArAmAcAVAPAIAHADBOBWBWBXBTBTBLBKBHA9A1AwApAeAYAPAOAEAF
5000708,BPBNBMBWBCBCBABEBLA+A8A5AwAkAeAYAIAHAEBEBLBABCBMBRBGBUBIA6BCA8A6AqAeARANAEAE
5000807,A8BDBFBEBBBEBDA/BRBQBGBGA9ArAaAZAQADAEA+BABGBDBDBGBABJBHBQBCBFA+ApAdATALADAG
5000856,BIBUBKBDBFBLBMBcBOBKA+A1AsAkAbASAKAJAABCBPBIBAA9BEBXBJBGBCBAA5AuAmAYAVANAGAD
5000906,BWBQBiBXBQBNBIBIBEA1AwAuAlAjAUAOAGANACBSBXBQBXBRBUBNBNBCA1AtAvAoAfAYATAQABAG
5001003,BKBOBDBFBUBVBPBKBOA9A5AzAsAkAYARAHAGAFBKBIBABGBSBVBIBLBMBHA9AzAyAmAbARAJAIAE
5001102,BOBLBQBUBKBGA/BEBGA9A5A1AzAqAeATAPAEACBGBKBNBPBHBIBBBGBIBCA6A5AzArAfAXAMAHAI
5001243,BYBjBfBlBTBSBNBABBAyAtAtAkAaASAMAJADAEBcBaBiBeBTBSBSBGA/AvAxAnAhAZASAOAJADAG
5001508,BNBWBIA/BRBJBCBIBLA/A/BAA0AtAcAZANAFAEBMBIBCBDA9BRBLBKBLBDAzA+AsAiAaAUALAFAE
5001904,BJBIBJBMBOBJBNBNBOBFBEA3ArAiAUAOALADABBGBJBKBIBLBLBKBNBTBIA+A8AyAhAVANAIAGAD
5002001,BIBPBCBGBHBNBCBJBJBCA8BCAzAeAfAQAMAIABBDBGBKBEBJBGBGBPBHBGBEBDAyAoAdAXAQACAH
5002100,BIBPBUBQBRBNBDBCBHA9A2A0AwAlAcAUAOAEAFBIBPBLBIBJBMBHBGBKBBA9AyAvApAbAXAJAJAH
5002159,BYBQBPBIBDBBBMBIBaA/A/AxA0AnAcATAPADADBKBGBMBBBABOBLBQBGBAA4A7AuApAaATAFAHAE
5002209,BOBUBLBIBHBMBKBNBQBBA8AzApAkAYARAJACACBMBNBMBGBFBPBPBUBUBDA8A0AtAhAYAOAHAHAD
5002308,BMBGBEBKBIBLBKBLBPBJBBA5AyApAYAKAQAFAABJBLBIBHBKBGBKBRBVA+BDAwA1AoAVAPAJAFAB
5002407,BOBRBUBXBSBLBKBNBIBBA7AvAmAaATANAJAFAGBRBNBMBSBQBQBLBPBLA9A5AxApAdAWAQAKACAI
5002605,A9BCBCBJBABDA8BKBPBGBIBOA3AsAgAXATAJAIA/BBA+BAA9A6BABFBZBNBHA6A4ArAjAXAKAFAI
5002704,BEBIBGBFBIBQBOBNBKBAA6AyAqAhAXAOAJAFADBBBGBEBCBIBQBRBTBUBIBBA+A1ArAeAVANAIAF
5002803,BFBMBPBNBFBAA6A/BQBLBEBAAuAqAbASANAJAEBJBPBNBSBCBDBJBJBNBABAAwAtAkAaATAPAIAF
5002902,BEBAA/BDBJBGBFBHBPBBA9A4A0AuAnAaASAIADA9A/A8BBBFBDBCBGBPBIBGA/A4AwAoAdATAGAD
5002951,BQBPBNBKBXBiBeBmBUBAA1AvAfAVAMAGAFABAABOBSBKBLBUBcBdBcBQA9A2ArAfAUALAGAFADAC
5003108,A9BFBRBJAzA4A7BABOBNBTBCBCA3AnAdAUAEAGA3BNBHA9AtA5BCBBBKBCA9BKA7ArAnAYAPAJAB
5003157,BpBnBjBlBWBMBBA7A6A1AvAhAeAZAQAMAJAEACBlBjBbBgBYBVBKBFBHA1AuAlAiAcAPAPAIAFAC
5003207,BUBTBRBMBPBQBDBKBIA9A+AyApAcAVASAHAEABBQBNBMBJBPBMBIBOBJBBA7A2AtAmAYATALAHAD
5003256,BVBMBQBPBNBPBTBEBUBMAzAtAsAkAZALAIADAFBTBNBBBPBIBSBSBZBWA7AtAuAlAdAYAMAMAFAC
5003306,BNBFBHBCBHBEBIBKBSBDA/A8A2AkAdAOALAIABBBBDBEBBBDBHBMBPBTBKBGA+A3AiAaAVALAKAD
5003454,BLBKBEA8BDBFBSBSBIA/BGBCA2AgAcARALAFAEBEBLBLBABBBMBOBMBFBAA/BKAtAlAcAWAKAFAK
5003488,BRBUBRBIBQBSBWBKBEBCBBA5AyArAdASAMADAEBOBOBDBEBNBKBCBBBDA8A5A0AtAjAUAPAIAIAC
5003504,BFBGBSBKBEBABFBGBLBDA/A5A0ApAdAUALAGAFBGBKBPBGBIBDA/BLBIBHBCA9A0AvAcAWANAEAD
5003702,BLBNBHBJBVBWBPBQBMA+A3AyAoAcAVAMAHAEADBHBHBEBGBVBVBTBPBLBBA9A3AvAlAZARAKAGAE
5003751,BHBNBIBLBJBHBMBGBFBBA+A6AvAhAWATAFAFAIBNBJBLBGBHBRBIBNBHBDBDBEAuAiAaAVAQAFAE
5003801,A9A9A5BDA+BFBIBCBEA7BEBGA2AsAkAXAPAIADBBA/A9A9BBBIBKBFBKBFBNBIBAA3AnAaARAJAI
5003900,BNBiBDA5A2A/BMBQBaBKBQBCAzApAaAYAUADAAA/BMBNA3A9BABIBQBTA7BHBBApAeAbAKAKAIAA
5004007,A8A8A6BBA4BBBFBRBPA8BJBFA7A0AgAVASAHADA/BBA9A6A8BDBGBIBOBEBKBKBAAxAlAYATAIAF
5004106,BHBHBOBPBEBHBBBFA/BIBCA2AzAuAhAXAOAIAFBDBIBABGBEBHBDBGBHBDBCA5A0AtAhAZASAFAH
5004304,BPBPBDBQBMBIBBBDBEBGA6A7AsAmAZASAMAGAEBHBJBNBKBJBNBLBJBJBGBAA9AtAmAcASAOAGAD
5004403,BKBHBEBCBWBRBIBQBUBABBA9AzAoAdASARAFACBHBBBBBEBLBTBDBIBPBHA+A0AvAhAXAOAJAHAA
5004502,BLBWBPBRBUBNBGBCBAA9A2AxAsAiAbAPAHAGAGBQBQBSBUBSBOBIBCBGA7A6A3AvAlAZARAQADAD
5004601,BQBNBPBPBGBGBHBFBLBMBIA9AsAmAaAQAOABABBNBMBDBHBHBTBGBJBKBHBCA2AvAgAXAOAKACAB
5004700,BFBKBDBABFBRBSBTBGA/BHA6AvAjAcASALAIABBGBEBCBBBDBOBQBPBIBEBBA+AzAkAdAUAPAEAE
5004809,BgBvBzBsBbBHA9A9A7AwAtArAiAXATAOAIAEADBlBjBxBnBbBMBDA7A2AxArAoAbAWARANAIAFAC
5004908,BEBOBKBDAwA3A9BDBEBSBGBPBNA/AuAcARAFAFA2A+BEA9AzA6A5A9BDBEA8BMBAA6AlASAIAGAK
5005004,BLBMBLBQBIBFBEBGBJBBA9A2AsAoAbATAJAJAEBFBGBMBKBGBGBFBOBPA8A+A4A1ApAgAXAPAIAG
5005103,BTBDBUBIBEBABCBLBHBBBFBJA0AmAeASAKAJAEBABJA8BHA6A9BOBTBEBIBHBBAyAmAaASASAEAE
5005152,BUBRBWBJBABGBGBFBHA+A9AyAvAfAWATAOAJABBOBgBWBHBBBPBLBFBIBABCAxArAkAbATAJAKAE
5005202,BdBZBXBaBWBPBDBNBFA4AyAqAmAaASANAEAHAABaBYBRBRBQBTBNBNBHA/AzA0AlAdAUAOAJADAC
5005251,BRBdBbBQBGBNBIBJBEA7AvA0AqAcAbAPALAFACBVBeBRBLBQBQBOBJBKA2A1AzAlAdAWAQAKAGAI
5005400,BPBNBHBDBKBSBaBrBhBBA3AtAmAaASAMAEAEACBOBPBBBFBLBUBfBiBQA6A2AuAkAbASANAFAFAC
5005608,BWBWBYBWBOBGBHBKBNBBA1AyAwAaAYATAHACADBSBhBYBTBIBHBFBPBKA6AuAyAlAdAXANAIAGAD
5005681,BFBLBEBDBBBDBLBFBFA/A8A6AvAlAcATANAHABBEBLBKBIBEBOBQBMBPBCA/BCA2AtAiAVAMAHAE
5005707,BHBNBIBHBGBNBQBQBRBEA/A3ArAfAUAPAGAFADBHBMBIBEBHBOBQBSBOBHBDA8AwAkAXAPAIAHAD
5005806,BNBSBPBSBIBIBEA+BIBLBGA9A3ApAdASAKAHAFBMBKBHBGBEBDBCBIBKBDA+A0AzAnAYAPALAHAD
5006002,BUBVBVBKBDBIBSBYBPA9A8AzApAfARAKACAHAABXBYBSBIBMBRBWBUBPA/A6A1AoAXAPAIAIAEAA
5006200,BFBLBJBMBGBFBJBLBOBGA/A4AsAkAYAQAJAFACBEBIBHBKBGBHBMBTBSBIBDA+AxAmAYARAJAIAD
5006259,BTBWBGBKA/A+BNBKBLApBTBEAwAqAiAVAOAGAABKBNAwBWA/BUBKBIA1BDBQA3AxAqAUAYAJAEAB
5006275,BPBhBRBABCBCBRBeBPBLA8BCAwAjAXAQAKACADBWBHBNBBA8BNBRBUBLA9A8AtAuAcAQALAJAEAA
5006309,BABEA+A/BGBLBJBHBNBGBBA7AzArAjAWAQAGABA+A/A9A9BIBLBFBMBOBHBGBAA5AzAiAWAPAGAF
5006358,B8B1BwBnBeBTA+AzA2AtAnAhAYAWARAMAIAGADBsBrBmBpBWBPBEA+A6AyAqAhAZAYAQAMAFAEAE
5006408,BBBDBFBAA2BGBABIBCBFBJBEBFAsAfAVAWAIAHBNBBA9BFA5BKA7BKA8BABMBMA/AuAYAXANAMAD
5006606,BQBUBPBRBVBSBNBLBEA5AyAsAnAdAUAMAHADADBNBPBOBNBXBXBXBNBOA6A6AzArAhAWAPAIAFAE
5006903,BfBcBaBUBPBQBLBGBHBBA7AxApAdATAOAJAEACBRBbBVBLBGBPBGBGBKA9AzAuAoAdATARAKAFAC
5007109,BUBSBTBKBKBYBTBRBRBCA+A1AsAfATALAGABACBLBWBKBNBNBUBRBSBKBCA5AuAmAWAQAJAHAEAA
5007208,BSBUBSBLBMBOBNBXBSBBA3AzAoAeASAMAFAGABBVBRBMBLBNBPBSBUBMBBA0AwApAeATALAGAFAD
5007307,BABJBDBLA2A3A6A1BIBOBOBHBAAvAiAjAVAFAHBDBMBBBJA9AyA+BEBLBCBKBKA6AnAbAWAUAKAC
5007406,BMBOBHBMBDBGBDBEBJA/BAA8A1AuAgAUANAHACBGBNBGBHA+BABGBIBKBGBDA/AwArAgATANAFAG
5007505,BLBGBNBIBLBGBABBBHBGBCA+A9AqAlAXAHAJAABNBBBGBDBEBNBBBTBCBJA9A9AzAlAaAQAUAAAC
5007554,BHBPBSBIA/BMBIBJBMBTBJBBAwAjAaARANAEACBGBOBEA9BHBLBKBRBFBKBDA3AqAhAYALAKADAB
5007695,BPBWBKBMBKBTBSBRBQA9A6AzAoAgAWALAIAEAABNBRBFBDBIBRBaBXBPBDA6AzAqAeAWAMAKAEAA
5007703,BKBDBOBNBFBMBJBDBGA+A+A+AvAnAeATALAJACBJBFBGBBBIBXBPBABEBHBBA9A2AqAaAUAJAGAE
5007802,A9A9BOA4BUBGBGBCBXBEBJBDA6AtAbAZAKAJADBHBEA7BLBDBHBJBMBFBLBABDAwAnAWATAOAEAB
5007901,BYBKBGBMBKBFBNBKBFA8A9A8AyApAeASAIAFACBDBTBIBOBLBQBJBSBMA9A4A3AsAlAbAOAIADAB
5007935,BbBMBLBYBTBMBSBVBWBIBEA0AvASASADACADADBSBGBLBMBKBABTBXBfA8AxAvAjAgAVAHAMADAD
5007950,BqBlBjBsBOBRBCBJBAAvA1AtAkAbASAMAQAFADBdBaBTBTBQBQBIBDBAA0AyAqAfAaAPANAOAFAC
5007976,AzBBBEBKBBBLAxBLBWBMBMA8AxAzAeAbANAIAGA7BHBKBNAwA4A8BNBOBJBDBLA0AxAdAWAWAEAB
5008008,BABLBMBGBAA8A+BFBQBHBKBHA8A0AjAXAPAGADBCBEBHBDA/A8BABLBFBABDA+A8AtAdAVALAFAC
5008305,BIBFBKBHBGBTBRBZBMBAA8AyArAgAUAOAHAEACBHBKBIBHBMBUBYBWBOBEA+AwAuAmAZARAIAHAE
5008404,A+A9BABJA5BBA4BBBDBDBBBQBFA1AfAaAUAIAIA+A2A4A+BJA3BDA/BLBGBEBTBCAzAiAeAUAOAD
5100102,BDBPBJBGA0A+A9BIBSBDBCBABBA5AxAjARAIAEA2BEBBA7A1A1BHBQBJA+A7A8A5AzAkAXAJAIAK
5100201,BNBQBIBLBYBcBfBhBYBFA4AuAoAdARAMAIACACBLBIBEBIBLBcBRBXBQA8A3ArAfAZARAMAEAGAB
5100250,BKBJBEBHBQBVBPBTBJBDA/A8AuAhAVAMAJAEABBMBDBDBJBQBYBTBPBMBCA+A3ApAgAVAOALADAC
5100300,BFBKBNBNBGBGBGBTBPBIA/A7AyAoAaASALAEAGA8BEBGBDBEBJBLBKBPBEBEA8AvAjAcAUAQAFAC
5100359,BaBgBZBiBUBPBCBNBMBBAyAkAoAdAVANAKAEACBaBeBaBbBTBMBCBWBJA7AoAmAcAUAQAOAHABAF
5100409,BOBMBIBGBYBZBhBaBWBAA3AxApAjAZAPAFAGAEBKBFBGBCBMBNBVBQBHA9A2AxAmAfAUAQAIAGAE
5100508,BFBDBKBRA9A4A6BGBLBPBSBLBNA1AlAWANAHADBDBGA/BGA6A8A6BIBEBABBBGAzAoAbARAOADAD
5100607,BSBRBQBOBXBbBdBiBUBKAwApAgAYAOAKAHAAAABTBXBMBLBTBVBYBXBTA2AvAqAeAXANAIALAAAA
5100805,BQBTBWBfBNBYBBBGBJBFBJBCAyAlAUALABADADBXBTBLBSBNBMBEBOA7A7A4A4AmAWARAHAFAEAA
5101001,BQBQBFA/BABGBIBLBLBTBGBDA0ArAiAYAPACAEA6BGA/A2A1BQBPBGBNBIBJBHAtAkAcANAMADAA
5101209,BGBLBRBHAfAlAqBJBXA3BFBXBSA4A7A0ATAJAEAnBBA2BLAsA4A0A9BEBXBVBFAnAzAkAUAVAIAJ
5101258,BNBFBFBLBLBHBBBOBQBEA9A9AtAgAWAPAPABADBEBFBFBLBKBJBJBQBSBMBDA/AvAkAaATAMAFAA
5101308,BKBLBNBJBKBJBKBOBFBDBAA9AvAkAdAQAJAEAGBIBFBJBOBLA/BKBLBRA+A5A6AzAlAdAPAQAHAD
5101407,BbBbBRBWBZBdBVBZBTBHA9AwAgAVAOAJAGABABBWBUBVBOBVBXBRBSBIA5AuAnAbASAMAGAEABAC
5101605,BABNBUBQA8A7BBBNBMBNBEBHBAAxAlAaAUAFAFA6BDBJBKAzAyA9BJBEBAA4A8A2AtAfAVAPAFAI
5101704,BLBPBUBQBMBHBKBPBRBHBAA1AqAhAXAPAGAIACBFBKBLBIBKBRBOBPBMBFA7A0AqAfAWAOAJAEAE
5101803,BJBIBCBJBSBRBIBNBQBDA2AxAsAiAZASAKAEACBIBNA9BGBWBSBMBPBOBLA9A4AxAlAbAQAKAFAE
5101852,BRBNBSBUBSBOBGBbBYBOA/AxAkAjAZAMABAGADBWBMBUBHBMBNBPBQBUA/A5ArAbAXANAJAFACAC
5101902,BcBXBQBMBPBXBIBSBTBDA9AwAqAgAUAKAGABADBhBRBNBPBVBWBLBIBIA9A3AsAeAYAPAMAGABAA
5102504,BLBJBOBQBOBGBHBIBMBBA6A3AqAiAbASAKAEACBHBNBEBOBNBKBJBRBMBEBAA3AuAmAbAPAMAFAE
5102603,CCB4BvBqBVBJA9A/A8AyAtAgAbARAPALAHADAHCAB1BqBcBPBIA9A9BAAyAmAdAUARAPAIAGAEAI
5102637,BdBaBQBOBlBlBlBkBUA9A0AmAaANALAEADAAABBUBYBKBLBeBmBdBXBKA5AtAhAXAOAJAEAFABAB
5102678,BPBUBMBRBdBYBWBWBPBAA6AsAhAYAPAKAGACABBQBPBIBRBXBVBSBYBSA/A4ArAhAXAPAKAFADAC
5102686,BcBTBXBQBeBhBdBgBWA8AuAtAgAPAKAFAGAAACBhBZBSBTBQBbBbBXBBA9AxAoAXAOAMADACAAAB
5102694,BYBcBTBRA2BCBOBhBEA8BEBCAqAtAdAQAKAFADBfBNBSA7BHBNBIA+BSA7BFAxApAbAOALABADAB
5102702,BgBYBNBLBOBXBZBcBOBAA1AvAmAcAUALADADADBWBXBKBIBOBbBRBRBJA3AyApAjAZAQAJADADAH
5102793,BHA+BKBKBAA9A2BGBSBMBVBRBFAjAeAQASAHAEBBBFA9BKAlBSBNA7BFBOA9BJA3AsAdAQAEAIAE
5102850,BCBABHBQBHBGBBBMBXBHBGBHA7AsAbASAKAFAGA8BKBIBFBDBABJBLBOBEBAA9AyAoAXAPAHAEAE
5103007,BGBHBNBHBCBBA/BLBOBABBBAA4AvAlAXALAIADBDBOBGBBA8A+BABQBMBBBBA8A7ArAdAVAQAHAB
5103056,BJBZBIBIBNBPA+BEBSBKBBBEA4ApAaAOAJAFABBGBDBHBFBIBKA8BJBIBNA7A/AyAlAWAPAMADAC
5103106,BIBGBMBGBGBCBLBLBSBaBKBCA4AnAdASALAFABBDBJBCBAA8BKBJBPBTBQBBAxAvAgAWAMAFACAC
5103205,BIBNBEBBBFBQBPBNBLBCBCA+AxAhAcASAKAIADBCBGA8BFBGBTBKBUBIBJBDA9AuAlAZARAJAHAF
5103254,BRBSBUBYBNBIBRBQBfBMA+A0AmAjAZAIAGABABBOBGBPBeBQBIBKBbBLA9AxAsAjAcANAHADABAB
5103304,BaBRBUBSBNBNBIBSBNBDA8A0AqAgAWALAKADAABTBPBUBQBIBOBJBQBOA/A0AuAlAdASANAJAEAA
5103353,BVBTBNBRBWBeBZBUBQBCA4AuAkAbARAMAHABACBVBWBIBPBYBiBVBRBNA9AvAlAcAUAMAJABADAC
5103361,BaBVBQBMBMBMBDBMBIBABAAzAmAcAdAQANAGAABZBKBQBQBHBOBKBRBGBFBEApAjAiAXAKAMAGAB
5103379,BWBIBbBVA3BFBFBgBZBTA/A8AuAiAaALAHACACA6BLBxBQBOBEBEBIBDA+BHA1AgAeAPAEAEAEAA
5103403,BEBIBFBGBMBQBSBUBSBCA5AxAqAfAVAMAHACACBCBGBCBEBMBRBVBZBXBHBAA5AxAmAaAQALAFAE
5103437,A5BKBIBLBHA3A9BKBUBCBFBCAvAuAcAVATAKADBBBABEBQBFA6BBBJBQA/BJBBA5AuAdAWARAFAD
5103452,BQBHBOBTBUBBBCBIBSBTBLA6AnAhASAPAJAAACBJBIBQBTBHBDBFBMBPBMBBAwAqAfAVAOAKAEAE
5103502,BVBSBNBMBKBQBVBPBMA/A4A3ApAkAQASALABACBNBOBPBFBJBTBQBRBKBBA9AyAmAdAVANAHAFAD
5103601,BDBHBKBAA4A6A3BJBHBNBMBCBBAyAlAZAOALAGA8BDBFBDA0A0A9BMBIBIBEBDA7AwAmAZAQAMAC
5103700,BsBjBTBUBeBSBNBMBGA9A4A0AmAZARAHADAEAABmBeBWBeBNBNBLBMBCA4AuAnAhAVALAEAHAAAA
5103809,BDBBBGBEA8A5BIBGBLBJBOBABAAuAfAcAOAIACBDA9A6A3BBA/BDBEBOBaBQAyA+AqAmATARAIAA
5103858,BkBqBdBUBNBUBOBYBNA9AwAtAhAYAMAHAHAFAABhBfBfBXBKBMBVBUBCAwAsAqAgASAMAHAGADAB
5103908,BfBgBcBfBRBCA8BDBBBBA+A2AuAkAYAWANADAEBiBgBTBSBCBIA8A8BBA8AzAtAjAcAXALAIAGAF
5103957,BBBBA8BDA3A7BGA/BIBOBABXA0A7ApAdANACAGA4BDBAA0A4BGA1BNBQBUA+A4BBAuAzAWAWAIAC
5104104,BOBRBKBSBOBRBNBLBGA+A6A6AwAgAXAPAIAHAABMBMBEBQBQBPBUBOBHBAA7A2ApAgAVANAHAHAB
5104203,A5A7A7BDBBA9BAA/BKBJBNBOBDA0AsAhARALAHA0A7A6A7A5A9A6A6BIBJBEBKA+A5AnAcASAJAI
5104500,A6BFBCBMA7A2A8BPBMA5BKA2A9ArAtATAIANACBKBGBMBNA+AuBHBPBRBQA8BDA+AwAcARAPAGAH
5104526,BbBZBOBNBiBmBfBbBZBBA1ArAgAXANAGAHABAABZBRBLBMBTBSBYBSBVA1AvAjAbATAPAIAEAAAA
5104542,BXBVBSBWBXBJBXBYBMBMA6A3AyAkAPAPADACABBZBKBIBLBFBNBWBJBEBDAyAqAhAdATAJADABAA
5104559,BUBdBOBKBGBWBQBMBOBIA8A2AnAeAXAPAKACADBUBMA7BIBIBSBOBNBNA/AzA4ArAeAVAOAMABAA
5104609,BPBYBOBNBCBMBIBOBRBKBCA4ArAdAcARAFAFADBNBPBWBJBDBGBMBOBTBFA0A3AoAgAWAIAJACAC
5104807,BOBMBGBHBLBJBKBJBMBEBCA6AsAhAYARAEAHAEBHBIBGBLBIBJBKBNBQBIBGA4AwAkAZAQAJAIAD
5104906,BGBPBYBUA/BEBEBPBKBGBAAyAuAvAiAcAOAMAGBEBGBDBEBFBFBHBJBLA4A5A6AqAlAaAUATAFAG
5105002,BDBKBHBPBCA2A/BCBKBEBFBDAxAkAeAYAUAGAFBABCBEBMBCBAA+BKBRBMBKA1AzAsAmAZASAJAD
5105101,BIBZBKBIBEBdBIBPBPBFBOA4AqAeAUAMAOABADBSBMBJBIBEBIBZBVA4BBBBAxAqAZAbAOAJAGAC
5105150,BOBNBJBLBNBSBQBNBLBCBDA6ArAeAXAQAIAEADBNBJBGBKBLBRBOBMBOBGA8AyAsAeAXAPAHAFAB
5105176,BNBTBRBWBRBIBMBaBMBHBBA1AtAeAVAOAIAAAEBRBLBPBQBIBNBUBPBNA6AzAuAmAdASAMAEABAD
5105200,A+BFBNA+AzAyA2BEBQBcBXBHA6AqAiAaATALACA9BSBAA7AzA/BFA9BLBNBNBCA0AxAYAaATAIAC
5105234,BhBFA6BCBTBMBOBTA7BYAzBLArAoAbAQAJABAFBiBNBABCBUBSA9BGBAA+A6A7AxAjAQANAMAFAB
5105259,BWBZBKBLBfBnBtBlBPA6AtAjAZAPAIAFAEACAABTBWBHBLBbBtBoBfBPA5AtAjAZAQALAHACABAB
5105309,BUBJBJBUBLA+BPBZBJA/A5A4AsAtAUARAJAHACBcBOBPBUBIBBA/BHBDBDA9AzAuAkAZAPAJAEAC
5105507,BbBcBbBUBGBKBIBXBSBDA9A0AoAeAWALAJACADBWBUBVBTBGBFBPBPBKA8A1AsAjAYAPALAGACAB
5105580,BYBUBSBXBKBQBFBMBLBGBEA3AuAhAUALAKADAABNBWBQBLBIBPBKBJBCBDA5AyAnAdAUAOAEAFAD
5105606,BYBXBHBLBSBUBTBVBIA8BCA0ApAfARALAGAEACBVBMBOBLBQBaBTBSBEA9A7AtAgAbAVAIAFACAB
5105622,BGBIBKBHBJBKBKBRBQBHBBA3AuAkAaAOAMADADBHBEBCBIBIBLBMBRBSBKBCA7AvAkAYARALAEAC
5105903,BOBPBLBaA8BLBRBbBKBBAxAzAsAqAcANAJAJAFBSBTBDBCBDBOBHBSBDBHA0AyAyAiAXAMAMAFAD
5106000,BIBNBCBLBABKBOBABEBBBIBJA5AkAcAVAPAIADBEBABABCA9BHBHBKBGBFBGBGA1AtAcATAIAJAD
5106109,A9BRBKBBAxA3BABEBNBGBPBLBHA7AtAeAMAMAEA/BDBHA7A1A6A/BABABGBBBCA5AuAhAVAPAMAC
5106158,BNBKBHBIBEBVBUBWBSBSBXBKA6AmAXALAKADACBOBMBGA/A8BNBNBGBKBDA6A0AhAWARAKAFADAB
5106174,BxByBcBkBNBEBaBIAyA6AvAkAkASAPALAGAFAHB6BuBdBkBHBFBBA1BJA+AgApAqAYABAMAEAHAD
5106182,BPBHBeBeBYA7BEBRBWBKBTA4ApAgAeAKAGABABBNBPBYBRA7A3BSBOBUBBAzAwAkAXAWAMAEACAB
5106190,BWBOBOBLBCBPBGBRBLBIBCA+AwAjAgAQAMACACBTBdBDBEBABZBOBHA7A5BCAzAnAcAZASAFADAD
5106208,BCBFBDBLBBAtA3BGBXBiA/BIBTAzAiAaAIAFAFA6A+BEBKAtAvA8BZBPBKA+BFBGAhAcAUALACAE
5106216,BOBIBJBMA/BPBFBPBLBOBJBAAzAnAfASAGAIAHBIBEBFBFA/BJBIBQBHBDBBA5ArAjAZAQAEAHAF
5106224,BbBXBJBOBgBqBmBkBRA7ArAjAbAQAJAHAEABACBYBTBNBOBbBmBlBdBKA4ArAhAYASAMAFADABAA
5106232,BRBTBQBWBWBMBFBJBGBNBEA8ApAgAUAPAGAAAEBIBOBIBOBSBGBKBJBRBHA9A3AlAdAQALAGAEAB
5106240,BkBcBWBUBWBZBZBaBMBDA2AwAjAcAOAIABABABBgBWBNBRBOBWBZBHBLA3AxAoAeAPALAFAFABAB
5106257,BEBGBBBDBTBMBRBXBXBIBIA3AxAjAcASANAEACBBBCA3A/BLBPBPBOBTBIBAA2AsAiAaANAJACAG
5106265,BVBUBGBHBEBTBIBHBKA/BEBJA/AoAhAQAHACACBZBUBOBEBIBIBSBGA6A9A+A7AkAgAQAIAFADAA
5106273,A8BIA+A8AzBABDA+BCBNBfBRBIA6AjAYASANADA0BBA7A4AyA/BKA+BBBFBaBGBCAmAdAaATAGAC
5106281,BOBIBLBCBABGBHBQBbBNBJBCA1AlAcASALAHAABSBPBDBAA8BGBFBWBIBFBAA6AsAeAVAOAIAEAB
5106299,BIBMBGBTBGBJBHBJBGBKBJBNA5ApAdAQANADAABKBABEBHA+BHBFBMBKBEBGA7AyAhAVAPAJAFAB
5106307,BWBRBQBOBSBTBQBaBeBIBCA0AqAcAUANAKAEABBWBPBJBLBNBMBLBQBHA+A2AqAeAWAPALAFAEAD
5106315,BPBTA5BWBFBPBHBEBRBMA5A+A4AyAYAHARAHAJBFA8BaBPA6A9BMBUBGBGBGA5AvAZAMAPALACAE
5106372,BGBQBHBMBKBLBFBNBMBNBCA7AyAlAaARAMAFACBFBHBJBJBHBHBIBPBLBLBBA0AuAjAXANAOADAB
5106422,BXBWBNBSBRBRBNBMBMA4BBA4AxAgAUAMAHADABBUBVBMBKBOBMBQBVBJA2A6A1AoAbAPAJAGACAB
5106455,BRBVBKBXBABABEBRBFBMBAA9AqApAlASAOACACBVBSBNBIBCA9BEBEBMBJA9AuAtAiAbANALACAE
5106505,BKBMBTBKBCBEBNBQBTBCBEA8A0AoAbAVANADAFBFBIBLBHBAA+BKBPBLA9A6A3AvAjAaARANAGAF
5106653,BBBFBHBJBLBJBEBEBXBHBKA8ArAqAeAPAMACACBIA/A9BDBOBPBGBMBWBTBJA6AtAfAXARALAFAB
5106703,BCBJA4A8A0BBA3A+BOBRBABRBLA+AyAhASADAJBCBAA0A6AuBDA0BCBPBBBUBAA9A6AaAZAWAKAA
5106752,BVBMBHBOBPBVBUBUBTA/A7AyAnAfAUAKAFAFABBPBLBFBLBOBSBcBSBUA/A5AwAmAcARALAHAEAD
5106778,BaBXBQBSBGBKBGBOBNBOA5AyAuAjAaAUALAFABBUBSBPBQBABJBMBRBJA9A2AyAgAdAUAMAKADAA
5106802,BGBNBABTBGBUBNBOBVBOBFA6AqAnAaALAKADABBQBJA8A+BTBSBDBKBJBCBCA5AfAvAWAPAJAGAC
5106828,BOBKBQBRBSBEBBBOBMBKBFA5A0AnAXASAKAGAABRBNBKBMBHBJBDBHBPA+A+A1ApAhATAMAKAGAC
5106851,BHBMBRBSA3AtA5BGBRBIBBBGBIA3ArAfATAMACA6BABEBLAsAxBBBGBHBTA3A1BEAnAdAZAMAFAH
5107008,BPBUBOBGA9BABEBMBCBEBIBEA3A1AkAVALAGAEBMBOBMBAA4A+BDBBBABDBBA7A2AqAbAQAOAFAD
5107040,BVBSBIBLBaBlBhBdBPBAA0ApAdAUAMAHAGACAABRBQBHBKBaBiBbBcBQBAAyAoAfAVAOAIAFACAB
5107065,BeBVBSBXBkB4BhBcBUA3AvAmAbATAKAHADABAABdBPBQBUBaBnBaBVBDA2AkAiAWANAIAGACAEAA
5107107,A/BDBBBAA9A/A+BJBSBHBJBBA3AwAiAVANAIAEA+BCA8BAA/BCBJBLBSBKBHBFA7AuAeAXAOAHAE
5107156,BGA+BWBAA+A4BEBGA4BWBaBIAtArAeAVALACACBNBEBWBOA2BHA5BPBKBPBGBBAlAiAVAfASAFAC
5107180,BRBPBPBJBIBIBLBRBOBLA+A2AuAiAYANAKAEACBUBWBQBKBFBLBGBQBMBCA3AwAoAgASANAFAHAD
5107198,BMBVA/BKBPBEA5BIBWBRBJA6AwAsAdAZAPACAHBABMA+A0BCBCA8BJBdBXA7A9AkAuAfAMAHAFAE
5107206,BIBIBNBABCA+BBBBBMBLBLAsA1AqAWATAPALAFBLA/BOBKA9A4BHBdBGBbBKBCAjAuAUAQARALAD
5107248,BgBbBJBOBXBUBJBZBPA6A/AwAtAcAUAOAIAEACBWBNBLBXBIBSBMBPBFA+AwAqAlAXAZAJAHACAC
5107263,BCBLBLBHA1BQBPBEBDBABYBIAwAsAhAWAMAKAABPBXA9A8A4BDA7BRA6BPBABEAsAmAYAUAQAJAA
5107297,AvA9BGA0AsAvAxAuBPBTBYBdBHA2A8AqAcAJAFAyAvBGAzAmAoAuA8BHBYBIBWBKA7AxAhAeAJAA
5107305,BFBaBCBKBKBCBABWBQBTBLA1AtAgAaAOANAEAABWBCBOBbBFBVA8A/BPBPA+AwArAhATASAGABAA
5107354,BsBnBZBgBYBYBRBTBPA+A3ArAeAUAMANAEACABBfBbBMBQBJBQBTBUBJA9AqAlAYASANADAEADAA
5107404,BJBUBbBMBABDA7BHBPBJA/A9AvAlAYAPAIAJACBGBZBJBOBABDBABLBSBFBHA2AuAfAbATAKAFAB
5107578,BkBbBgBaBSBLBQBQBEA7A4AxAqAaAWAMAGADAABbBnBaBXBMBQBTBCBAA6AhAlAbAUAPAMANAGAD
5107602,BLBPBKBIBPBVBUBTBOBDA6AyAkAcATAMAHAEABBHBHBHBFBOBVBTBUBRBHA9A2AqAfAXAQAIAFAC
5107701,BGBGBIBLA7BCA+BMBOBHBIBDA7A1AmAaARAJADBCBGBBBBA2A+A8A/BKBDBBA/A3ApAhAYAVAIAD
5107743,BZBfBLBNBNBXBfBMBUBCBHAyAwAlAWAHAAABAABcBLBcBNBLBNBJBTBGA4AtAwAjAaAOAEAAACAA
5107750,A1BABMBLA+A3BKBGBPBPBOBAAxAwAdAYAYADAEBKBIA/A4A7BCBEBIBSBNBHA5A3AmAcAcARADAD
5107768,BdBjBfBCBBBYBjBdBWBAAwAtAlAYASANADAAABBcBvBTA2A7BdBhBiBFA1AmAiAaAUASAMADABAC
5107776,BlBqBYBVBDBIBHBGBMBGA+AyAoAlAcAQAOABACBbBdBYBMBGBJA8BJBCA+AuArAjAdAOAMACAHAB
5107792,BsBxBcBQBYBVBNBRBLBDA1A0AdATAOAHAGAAABBmBbBTBVBNBGBPBNBBBCA1AjAcARAMAJABAAAC
5107800,BLBUBFBJBAA7BGBNBNBCBHA8BCApAfAVALAFADBJBQBMBHA8A5BBBEBXA5BFA8A3AjAaASAMAGAD
5107859,BOBNBPBLBUBdBWBXBYBLBDA0AvAjAZANAKAGAABLBMBHBDBGBPBIBKBEA+AzAxAkAbAVAMAEAFAC
5107875,BbBWBLBRBtB7BwBlBWBCArAlAUALAGAEAFAAAABWBWBNBIBfBlBhBbBLA4AoAZAQAPAIADAAABAA
5107883,BDBdBGBCA8A9BKBUBTBWBWBOA5AqAQAPARAJADBFBZBHBDAuBIA/BJBRBXA7AzAnAXAVAPAIAAAA
5107909,BTBOBFBKBiBlBfBZBOA9A1AtAgAWAPAIAEACABBRBOBBBJBgBkBaBUBNA9A3AqAfAWAQAKAGADAB
5107925,BdBXBKBLBgBkBhBZBQA8AxAoAdAVALAGAFABAABYBQBLBOBdBiBbBYBKA4AwAoAeATANAHAEADAB
5107941,BZBfBNBHBCBXBWBSBKBEBCA4ArAbAUANAGACABBTBWBRBEBOBSBWBJBMA9A6AtAhAZAQALADACAE
5107958,BLBIBHBLBVBaBSBUBLA/A7AyAnAdASAMAJADABBMBHBFBKBWBZBRBSBOBEA8A0ArAeAUANAHAGAC
5108006,BZBWBMBKBgBiBjBhBNA8AzAuAmAaALAJAHABAABZBSBIBOBRBZBbBQBFA5AxAnAgASAQAGAHADAA
5108055,BMBHBFBEBHBJA9BHBCBABFBIA/AsAcAUAPAFACBOBMA/BBBIBJBIBCBHA5BDA+A5AlAcAZAIAIAF
5108105,BFBGBHA6AxA8A3BIBHBKBLBcBbA0ApAcAQALAHBABRA9A/AzA6BBA3BFA6BEBIA0AyAYAXALAIAF
5108204,A1A0BCA/A6BABABCBPBEBMBKBOA7AlAaASANAEAxA8A3A6A7A5BCBJBABKBRBTA7AyAkAYAUAKAE
5108303,BYBWBVBOBSBGBIBQBJBGBCBOArAkARARACADAABbBRBTBTBABSBFBBBHA8A0A5AkAYASAHAFAAAC
5108352,BGBEBgA8A4A9A3BKBaBTBGBBA1AwAmAYAVAFACBBBBBBAzAyA6BHBKBOBWA+BDA2AqAeAWAKAIAE
5108402,BOBRBLBMBOBRBRBSBQBCA5AuAlAbASAKAGACACBLBPBGBKBPBRBUBVBUBGA8AzApAfAWANAIAEAC
5108501,BeBRBMBPBZBYBPBNBOA/BBAxAvAaAPAPAEADADBRBaBKBMBNBSBKBKBFA8A4AxArAYARAJAJADAC
5108600,BRBMBOBXBVBTBMBRBSBLBBA3ApAiATANAFAHABBRBQBMBQBSBQBKBLBJBAA2AsAiAVAQALAFADAB
5108808,BHBEBBBFBIBKBLBIBPBDBOBHA+AsAaATAJAHABBCBFBHA+BNBLBIBCBOBEA8A/AxAmAXASALAEAC
5108857,BTBYBNBTBHBYBSBHBPBFA4A4AuAgAUAVAHADAEBNBTBQBIBHBPBbBEA6BHA8AuAjAYAWANAHACAE
5108907,BiBPBNBPBdBXBUBSBJBHBIA5AtAeAQAIAGAAAABcBXBLBIBVBOBFBKBLA9A1AuAfAWALAIADACAB
5108956,BMBLBLBDBNBQBMBeBVBDBGBDAzAkAYAPAGAHABBUBIBFBBBGBPBMBVBGA9A4AsAqAfAXALAHAFAA
5200050,BaBUBWBPBMBRBUBaBRBAA5AuAhAbAPAKAGADADBMBVBRBHBLBOBYBTBNBAA6AtAjAcAUAKAIACAA
5200100,BGBIBEBFBPBEBEBLBMBMBIBBAzApAhATAMACAGBCBHBHBEBHBHA/BEBJBDBEA8A3AqAaATAOAFAD
5200134,BGBFBHBQBMBIBFBPBQBNBDA9AvAmAdAQAIAFAEA6BFA/BHBGBIBJBOBOBHBFA8AzAiAaASALAGAB
5200159,AyA4A/A8A2A1A7BABJBLBWBFBOA5AmArATAMAAAxA+AzA4AzA0A9BQBBBCBEBaBNA6AoAdATAKAH
5200175,BFBQBJBLBFBKBHBYBNA/BEBEA9AkAgAYALAHAAA+BEBEBHBBBPA7BSBNBABBA2AwAkAVARANACAD
5200209,A9A+AwBBA+A4A8A7A9BDBSBJBKArAxAmAYAMAAAtBJA8AyA7BEA5A4A+BRBPBOA+A5A2AaASAIAJ
5200258,BTBcBUBYBcBVBTBSBPBAA4AlAZAQAKAGAEABAABSBYBSBVBZBZBVBZBVBHA6ApAaASAMAFAFACAB
5200308,BKBKBHBRBXBKA/BJBOBFA9AzAvAjAZAQAJAGADBEBIBEBPBNBJBBBKBTBEA+A7AwAmAaATAGAHAG
5200506,A2A9A3A9A+BABBAsBJA9BMA/BIA7AzAhAZAHANAxAtArA4A7A+AwBBBXBFBYBLA8BCA1AaAdAQAH
5200555,BQBPBIBMBJBMBXBSBUBFBHAtAkAfAVAMAFADABBGBJBJBQBKBLBcBaBRBFBDArAiAcAXAJAJADAE
5200605,BSBRBFBIBLBOBZBdBVBFAyAwAmAbAQAJAJADABBQBLBJBJBOBTBeBjBSA9AzAvAjAdAVAOAGAFAB
5200803,BDBMBUBXBKBHBABWBQBHA9AsAxAjASAOAHAGACBKBEBIBSBNA/BNBZBVBABAA0AxAhAWAOAMAEAD
5200829,ApBBBEBEA8AxBBBGBKBUBbBfBLA6AjASAVAEAGA1BBA6BGAvA6BBA+BHBGBJBeA/AuAUAUAIAGAG
5200852,AvAxBABBBEA6A9BDBOBMBLBNA7ArAmAZATAIABA7AxA4BCBMA3BBBDBWBRBRBPA8AxAoAYANAJAH
5200902,ArA7A2AxA4A4AxA7A7BJBPBeBVA/AzAkAYARADArAnAxA7AxA0A4AvBKBMBcBWBKA9A3AlAYALAH
5201108,BBBHBEBHBTBRBQBNBNBBA5AzArAfAWANAJAEACBABEBABGBRBQBSBRBRBHBCA8A0AoAdATANAGAE
5201207,A3A/BIBNAsAxBAA8BKBMA6BlA2BIAzAeANAJAAAlAgA4A+AjAtBGBABWBbA6BEBRA/AuApAbAOAF
5201306,A6A5A8BBA/BBBEBHBPBKBKBKA7AxAgAWANAJADA3A7A5A/A+BABIBIBRBMBNBHBAAwAmAWALAIAG
5201405,BEBKBGBOBVBaBXBWBSBBA6AuAjAYAQAJAGACACBABHBEBKBXBXBYBZBWBIBAA2AoAeAVANAHAEAC
5201454,BCAyBDBQBIBDBEBPBRBIBDBAAkAxAaAbARADAFBDBEBFBNBQA9BGBKBUBQA/BEAwAgAbAVAIADAD
5201504,BOBQBQBLBCBOBQBOBMBCBABCAtAlAfAPAIABAEBBBPBIBDBGBKBFBVBEBEBGA5AsAfAXALAIAFAG
5201603,A0AwBAA3A/BFA4BBBHBNBIBPA7AsAqAZAZAEAFAtBAA0A5A+BABHBABSBLBbBXA3AwAvAaASAPAE
5201702,A9BEBGBLBMBLBDBEBQBJBGA7AxAnAdASAMAGADA7BDA8BGBJBIBFBLBNBMBKA/AxAqAfAVANAGAF
5201801,BDBCA/BGBGBHBNBGBRBFA9BBA3AqAdAUAPACACA+BEBEBCBEBGBKBVBNBLBIA8A1ArAdAPALACAE
5202155,A2BEA8BJA+A6A9BKBZBRBMBBA6AtAiATALAFAEA9A7A8BHBCA4BFBNBUBNBWA9A8AwAbASAHANAD
5202353,A2BHA3A3A2A4A0A6BQBABaBVBIA+AvAhAVALAFAyA0A0A2AmA0A9A8BOBPBgBOBKA4AlAYAQANAE
5202502,BDBVBNBYA+BEBDBSBVBKBHBAAvAzAaAOAHAHABA6BBBHBEA9BHBFBWBWBCBBA7AuAjAZANALADAA
5202601,AzA0A5A2AxA1A5BEBNBIA8BRBRA+AyAmAUAMAKArAoA0AzAnA3A7A5BDBLBPBgBTBCAqAuAYANAH
5202809,AyA0A1BDA7AzBEBSBYBKA/BABHA0ArAlASAFAGAvA4A/A9A4AyBLBLBRBCBGBGBGA0AyAUARAJAM
5203104,A9A8BRBCAyAyA4BNBJBXBVBdBMA4AqAeAJAFAGBAAxA/A4AlA6A/A/BIBSBRBMBAAyAeAOAIAGAD
5203203,BOBKBNBQBSBJBJBPBSBDBAA4ArAhAYANAKAFACBCBHBIBOBLBKBSBVBRBAA5A3AtAgATAPALABAE
5203302,A+BDBCBFBIBLBKBLBOBFA+A+A4ArAgATALAIACA4A+BBBDBJBJBLBVBSBABCA+A0AoAdAUAPAIAB
5203401,A4A5BDA6A4A9A9BKBFBMBPBKA7A4ArAfATANAFA0AxA1A+A9A+A9BABRBNBPBLBCAyApAaASAHAC
5203500,BFBGBFBLBQBPBRBXBMBFA9A7AsAiAUAOAGAEAEBBBIBEBLBSBPBQBMBOBKBBA3AtAdAYAOAGAFAF
5203559,A+BLBLBHBOBLBHBOBRBJA/A7AyAkAXASAKAFABBAA+BABOBPBEBJBJBPBPBEA5A0AlAaATAPACAB
5203575,BKA8BDBQBGBDBDBQBPBcBBAxAtAmApAYAKAHAEA7BBBXBLA9BABIBSBSBFA3A4A1AsATATAKADAF
5203609,AzBCA2BGBDA6BTBbBIBKA/BKA4AyAYAaALAHAAA5BEBCA9A9A3BVBYBSA7BIBDA+AtAhAVAOAIAD
5203807,BDBIBCBNBCA7A/BJBVBOBJA+AwArAhAXANAFABA7A/A/BDA/BCA9BQBRBNBEBCA+AqAdAVAPAGAD
5203906,BAA9A+BABLBHBGBIBJBLBLA/AzAnAfAZASAHAGA7A4A+A/A+A/BHBIBOBKBMA/A5AkAoAZAVAQAF
5203939,A4BCA9A4BAA+A9BIBBBLBGBOBAA4ApAdAUADAHAyA2A4A4A4A5BIBDBTBCBXBQBJAtAsAaALAIAF
5203962,BJBEBBBHBKBCBMBaBKBFBGA1A1AoAaAUAIAKADBHA+BTBNAzBBBKBLBVA/BCA6AsAmAkAaANADAB
5204003,BIBFBLBSBWBNBEBPBQBHBBA3AvAlAYAPAJACAFA+BMBHBOBRBCBHBSBOA8A/A4AwAgAWAQAOACAC
5204102,A9BFBFBIBIBNBXBNBVBDBEA9AtAnAeAVAOAGAIBBBGBBBDBFBLBKBJBGBBBFA8AzAmAbAUAOADAC
5204201,AuAwBKA9A6AvA9BHBPBVBTBXBQAoAfAbAWAHAAAtA7A0BGA4AxA9A9BOBLBTBUA2AwA3AnAIAHAK
5204250,A0BCA6BBA5A8BHBHBLBLBFBNA4AzAmAWATAIAFA2BDA5A4A1A+BGBFBKBMBMBOBDAvAnAZASAIAE
5204300,BAA/A/BJBCBFBDBLBJBHBCA+AwAsAlAYAOAKAGA3A+A7BEA/BFBHBTBOBKBEBGA2ArAgAYAPAJAH
5204409,A8A9A+BABBBEBEBFBIBOBKBGA+AwAjAaARAGABA6A1A7A7BBBFBBBMBIBNBLBJA7AxAjAXAPAIAD
5204508,BCBKBJBJBSBQBNBNBLBCA8AzAnAgAZAPAKADABBBBGBGBGBPBSBRBUBXBHBBA4AtAkAbARAKADAE
5204557,A0BKBLBRBBA+BBBLBPBXBAA+BBAsAqAcAMAGABA0BIA+BHA3BBA/A/BaBDBFBDA7AnAeATAIAFAE
5204607,A8BQBABGBMBCBKBEBOBLBLBCA1ApAeAdAOAEAGBIBCA7A4BCBEBFBDBJBJBTA+AvAjAfATALAKAG
5204656,A3BGBNBFA/BAA8BABPBWBNBTA9AqAnAXAQAFAEA/BBA8A9BAA4BCBRBJBLBFBFAuAsAcAUAKAGAG
5204706,BFBKBABJBLBKBMBQBSBLA/A2AsAmAYASAMAGABBKBDBCBFBIBMBJBSBOBIBCA2AxAjAbATAMAHAB
5204805,BDBPBPBMBIBIBGBbBUBQA+A3AvAoAbANAKAGACBABDBIBGBFBHBGBbBSBHA7AxAoApAUAPAKAGAC
5204854,BSBWBZBKBRBQBOBFBHBBBBAyAiAhAYAPAIADACBKBJBRBOBQBOBLBJBJBCA/AwAqAeAXAPAMADAB
5204904,BGBMBOBRBHBEBFBRBUBCA3AtAoAjAWAOAKACACBEBNBLBXBNBJBNBYBXBMA6A1ArAiAVAQANAGAC
5204953,BEBBBFBCA5A6A1A9BIBOBGBDBIAwAtAaALAFADA7A6BDBEA8A8A8BDBHBMBEBUBCA0AgAZAQAGAF
5205000,A1BAA/BEBJBGBIBGBRBJBOA+A7AuAiAYALAHAFA9A6A1BBBLBCBDBBBNBPBNA/A4AsAlAVANAEAH
5205059,AzA8A+BQBBA8BIA8BMBaBGBKA2AzAjAXALAGAGBCA0A8BABCBDA/A/BNBQBPBQA2ArAfAZAKAHAF
5205109,A+BHBCBGBSBPBXBYBXBFA9AyArAhAXANAJAEABA6BCBBBEBPBPBUBYBWBEA/A3AtAlAaAQAMAEAC
5205208,A4A/BCBDBCBEA/BHBYBJBEBMA5A0AlAOAMAHACAzBCBKBEA9A/BKBEBNBOBJBGA2ArAiAQAQAIAA
5205307,BQBWBTBaBFBEBCBIBLBGA2A4AyAmAcASANAEAFBJBUBWBTBCBFBIBNBHA4A0AxAoAhAcAPAIAGAD
5205406,A+A2AyBGBSBABNBHBCBFBMBHAwArAcAOANAKACA0AwA2BHBQBEBSBKBJBNBSBEBBAxAhAZALAQAE
5205455,A8BDBIA0A7BDBBBMBTBWBDBKA5ApAoAbAOAFADA8A9A6A1BDBDBBBPBMBQBHBGA6AxAgATANAEAD
5205471,BXBWBQBLBRBgBnBrBbA/A0AoAaAUAKACACACAABcBTBRBMBPBfBlBbBMBAArAkAZAOAJAFAAADAD
5205497,BPBXBRBUBYBWBSBVBRA8AwAkAcAUAMAIADABABBPBSBMBTBZBVBcBcBcBGA3ArAkAYARAHAFACAD
5205513,BOBMBSBLBQBKBMBMBSBLA2AvA3AmAdARAKABAAA8BLBGBKBFBJBLBUBPBEA5AyAzAlAVAOAJAFAD
5205521,BMBOBZBDBFBGBFBEBHBBBHA7A9AqAbAaAMAIAFBFBOBLBABGBDBNBEBLBGBBA3AoAoAWAMAOAFAA
5205703,AyA0AzA/A0A6A6A1BGBIBdBRBEBBA5AhAZAEAFAzA6ApA4AvAuA3A+BCBVBiBQA7BEAzAgAVAKAF
5205802,A7A9BHBTBPBFA9BJBRBNBFA6A2AsAkAYAQAGADA8A/BGBLBCA7BEBGBKBCA+BBAyAyAeAYAOADAH
5205901,BABABGBFBFBNBIBIBGBKBNBFAzAqAiAZAOAHABA3BBBDA8BGBHBJBHBOBDBJA/A1AoAdATAKAKAH
5206206,BSBUBMBRBXBXBSBTBRBDA4AuAlAcARAKAEAFABBTBRBIBQBSBVBSBQBMBAA2AsAiAbARALAFAEAD
5206305,BBAwA/BGA6A7A7BXBSBJBQBAA0AxAdAfAeADAEAuA6BCA7A7A9BDBTBUBJA/BCA7A3AfAfANAOAF
5206404,BBBEBGBDBBBLBNBSBPBSBNBCAvAlAcATAJAKACBABDBAA+BBBPBLBLBQBJBHA8AsAhAZATALAEAE
5206503,A2A3BABDA9A4A8A/BCBMBCBPA/A0AtAgAWAJAHAvBCA9BCA7A5A4BFBOBBBKBMA7A4AzAhAQAKAE
5206602,A3BABAAzA3BEA5A9BPBNBNA8BQA0AsAmANALAJAtBCA0A9AzA2A6BIBMBEBABABFAwAxAqAbATAA
5206701,A+BFBHBQBBBHBDBVBdBMA2A8ArAlAfAQASAKACA9BHBFBJA8BFBKBPBYBMA8AuAtAyAkAWAIAEAB
5206800,AnAzA5BBA3A2BRBPBJBJBMBQBKA2AlAUAQACADAwA3A3AuA4BUA6BOBKA+BBBfBWA+AoAbAOAFAD
5206909,A8A8BGA9A2A9A5BCBTA7BNBJA6A7AzAbATAKAFAlA5BFBIAuBBA+BEBSBGBKBFBDAvA0AWAPAJAF
5207105,A3A5AzA7A0A3AzAzBHBRBeBMBLA5AwAcATASAHA5AxA3A+AqA6AuA7BMBTBWBRA+A2AtAxALAKAJ
5207253,BBBAA8BFA/BLBCBCBTBOBRBDBAAtAiAcAUAIAAA8A9A6A4A+BABJBABMBWBLBDAzAqAhASALAHAE
5207352,A2A9A5BEA+A6A1BIBNBRBJBMA6AxAnAZAVAOACA6AzBEA9A8BABABOBKBGBNBGA3AzAjAbAZADAD
5207402,BBBMBEBBBEBXA9A9BPA9BPA7AxAnAiAVAQALADBBA/A6BFBLBFBFBABQBRBJA8A2ApAfAVAPADAH
5207501,A8BIA9A9BFBLBJBEA2BCBGBCA+AuAqAXANADABA9A6BDBCBNBHA8BCBLBLBGBJA4A2AoAWATAFAA
5207535,A0A6BABCA6A3A6BABPBXBbBVBDA6AoAjANAGACAyA9A0A6A3AzA/BHBPBPBUBCA/AyAkASAOAKAF
5207600,AwA2A5A7BAAzAzA8BLBJBUBbBMA7AvAbAQAJAIAsA4A5A7A1A3A1A/BLBOBMBcBOA0AoAdASAHAE
5207808,BAA3A4A/A5BCA7BDBABEBMBEA5A2AmAcAWAJADAzA7A4A7A9BABBBGBIBNBQBNBCA1AtAjASALAI
5207907,BNBGBGBhBWBFBEBJBXBHBBA4A5ArAcAPAKAFAEBGBSBCBYBVBEA3BSBFA5BDA4AiAcARAMAIADAB
5208004,BIBMBIBSBWBRBMBSBRBCA5AuApAbASAMAHACADBEBMBEBOBWBVBQBUBXBDA9AzAoAdAVAOAKAEAD
5208103,BFA3BGA/A+A6A0BDBGBOBRBPBCAvAmAaARAGAHAzA4A9BCA7A7A7A/BRBMBKBJBHAwAnAUASAHAI
5208152,A7A/BIBMA9A+A/BBBcBQBDBJBBA4AmAYAIAHAFA/BDBABAA6A/A8BIBPBMBHBAA9AvAVANAJAIAF
5208301,A3A8BHBQBHA/A/BMBPBJBABCA1ArAcAcALAFAGBCBJBHBQBLA2BABLBNBKBCA4A1AnAaAZAOAKAG
5208400,BEBJBHBGBMBOBLBSBWBFBFA7AwAcAYAOAJAFABBFBLBBBEBTBJBPBXBSA8BCA4AsAiAXAPAKAEAB
5208509,ArA0BBBHBEA5A3BCBMBPBGBIA7A2AsAcATAHADAyA3A3A6A5BAAzBJBRBPBJBGBBAzA1AjAOAVAG
5208608,BDBFBEBJBRBSBPBNBNBIBAA2AsAeAYANAKAEADA+BBBEBLBRBXBOBMBSBHBCA1AwAlAWARALAGAD
5208707,A7A/A8BCBOBTBPBQBQBCA6AyArAfAXAOAIAEACA6A+A7BBBQBVBWBZBZBLBEA+A1ArAhAUANAIAE
5208806,BNBXBRBQBNBJBZBhBgBGAyAmAfAXAQAIAFABACBLBUBMBJBLBSBcBlBYBDAzAsAiAZAPAJAEADAB
5208905,AoBAA/A7BFA4BCBFBQA/BMBOA6A3AmAcAQAHAEAyA2AyA5A/A5BABJBRBLBOBKBHA5AvAfARAGAG
5209101,A4BCBABGBJBLBHBNBOBIBBA8AwAmAcAVAMAJABA4A6A/BEBKBJBMBOBMBKBKBAA2ArAhAYAPAKAD
5209150,BFBKBMBBAzBDBJBLBOBDBHBEAwAqAsAVALALAFA4BEBIBEA/A8A7BJBYBFBGA6BAAnAfASAQALAA
5209200,BJBKBNBIBMBMBGBJBPBIBCAyApAiAaAPAIAEADBBBMBKBFBLBQBNBIBSBKBCA1AvAkAeATAJAFAD
5209291,ApA1A1A6AuAvA6A4A8BSBaBwBRAwAwAfATAMAAAuAuA5A3A0AkA9BEBIBWBnBaBQA3AwAeANAHAA
5209408,A9BHBJBPBCA3A9BEBZBKA7BHBAA0AqAZAQAGAEA3BKBHBPA2A4A+BQBGBBBAA7A4ArAkAWAPADAA
5209457,AvA/A5A9AqA9ArBOBQBSBYBmBEA4AsAkAYAMAEAuA1A7A7AuA5A8BHBGA/BaBRA6AzAoAYANACAI
5209606,A8A8A7BBA0A/A9BDBLBJBRBWBEA+AcAcASAMACAtAuA3BAAwAyA2BRBKBKBWBLBIAxArAhATALAB
5209705,BDBMBJBKBPBGBSBSBQBBA+A3AvAkAcATAKAEADBCBJBGBIBIBKBQBRBOBHA5A3AuAmAZAQAMACAC
5209804,AyA/A4A8BBA2BAA6BJBUBLBMBFA4AnAhAXAHAHAtA4A7A6A6A4A8BBBEBTBMBABDA5AqAjAUAMAH
5209903,BHBQBRBnBSA7A/BJBRBDA9AwAuAjAcAPAKAEACBEBJBQBfBJBBBBBOBQBBA1AyAuAkAZAPANAHAB
5209937,A6BABJBKBFBBBEBQBUBLBFA/AoAoAmAaAOADAFA8BCBHBLBDBABFBLBMBNBFBDAvAkAfAWARADAE
5209952,A8BKBIBEBOBKBYBWBTBIBEA3A0AjAaARAKAHADA8A/BABABJBPBSBNBMBDBFA9AsAiAZAPALAFAB
5210000,A7A+A+BDBGBIBJBLBNBFBEA8AyAmAcASAKAHACA4A9A8BCBJBMBKBQBRBLBHBGA7AvAgAXAQAHAD
5210109,A7A9A/BJBQBJBIBGBJBHBCA+A5AsAdAUAMAHACA7A/A+BFBEBGBEBIBKBGBDBEA8ArAhAZARAHAI
5210158,A1A6BAAzBJA3A1BABFBOBSBnBAA3AuASAbAMADAsAvA6A1BAAuA9BBA9BHBXBaBFA1AiAdAbAFAH
5210208,A8A9A7BBBABGBGBHBGBDBGBCA1AtAjAZAPAJADA3A+A3A+BABHBKBJBOBLBMBKA9AxAkAZAQAOAD
5210307,ArA0AqBAA+A9AtA8BMBJBQBYBJA7AqAmAKATADApA0AwAvA3AvBIBNBLBbBfBPA7A7A0AiAQAGAE
5210406,BFBHBCBGBUBUBPBSBNBDA8A3AtAkAZAOAHADACBBBGBBBEBRBSBSBRBOBFBAA4AxAjAZAPAKAFAD
5210562,A7A2BEBGBFBOBFBMBOBIBKA8A2A0AfAXAOAHAAAtA6A2A/BNBPBMBRBOBFBRA8AuAtAjAXARAGAA
5210604,AxA3ApA9A8AzA1A3BZBSBWBNBOA2A1AgASAIACAsA0AtA1AyAxBCBKBQBEBQBYBQA6AqAfATAPAG
5210802,A7A9BBBCA5A/A6BHBOBDBIBIA0AqAjAeATAGAKA6A1A/BGBEBDBIBOBEBFBUBEA3ApAoAfAQAIAF
5210901,BBBFBLBHBKBKBHBOBOBMBBA8AuAkAaATAJAGAFBCBBBABIBKBLBKBPBKBLBCA7AwAmAcASAIAHAF
5211008,A3A/A9BFBABFA6A9BLBJBMBSA+AuAlATASAHAGA4A9A3A4BCA8BBBIBIBMBVBNBBArAgAcANAKAF
5211206,A1A5A8BAA6BBBBBGBRBLBIBHA7A0ApAYAPAHADA0A1A3A5A8BCBIBJBNBOBSBKA/A3AnAXASAKAE
5211305,BBBIBGBMA7A8BFBNBMBBBRBEBDApAhAZAOAEAHA+BFA8A/A+A/BIBOBHBKBPA9AzAjAgATASAEAA
5211404,A1A3A0A5BCBEBEBFBNBGBJBHBFAxAiAcASAFABAxA2A7A5A8A+BCBGBGBPBSBNBEA4AtAeATALAD
5211503,A+BDBBBEBJBNBMBLBOBGA9A3AwAlAbARAKAFADA/A/BABBBHBMBMBQBRBKBHBBA3ArAfAVAQAHAF
5211602,A3A4A7A7AyA3A4A+BJBJBKBhBMA4AyAmAKAIADA1A2BBAzA1A9A7BBBHBLBRBYBDA+AnAVATAGAD
5211701,A+A1A+BCA7A+A9A3BHBIBUBSBCA1AkAjATAKAHAuA2A3A2A2A5A9BABWBTBQBFBEA0AsAWAYAIAF
5211800,A/BDBHBOBNBKBHBOBOBIBCA8AwAkAZAQAIAGADA+A/BBBKBOBHBKBSBPBKBFA9AxAmAZASAKAHAE
5211909,BBBIBEBKBWBRBSBQBNBBA8AwAnAeAYAPAKAGACBBBEBEBIBUBTBQBQBRBGA9A2AsAjAcATANAGAF
5212006,AqAzA8BCBIA4AtA6A+BVBeBGBLAwAsAdAXANAFA9AwA8A3A8A7A0A/BMBWBDBJBPBCApAUAMASAG
5212055,A/BHBIBGA7AzA2A4BHBPBQBNA6AxAzAjAGANALA2BCBKA4AxA1A+A6BFBZBEBPA/AwAqAWAUACAC
5212105,A8BFA5BGBPBRBRBHBEBLBCBCA5AnAiARAKAJADBBA3A/A6BIBLBLBCBLBIBLA5A5AuAjARASAEAC
5212204,A8BBBDA9A/A/BDBGBNBMBJBKA6AnAiAWAQAGAEA+A6A9A9A8BFBBBJBRBWBRBJAwAxAcAYALAJAF
5212253,A8BHBJBDBKBPBABPBCAwBLBRA2AhAjANAGADADBeBUA0BAAvBPBXBLBQBQBMBBA0AQAgAVAIAAAA
5212303,A6BABIBCA8BBBIBJBOBIBKBHBDAwAmATALAFABBDBBBBA9BEBDBBBMBNBEBFBAA7AqAcAUAMAHAD
5212501,BMBUBOBZBTBQBNBRBRBEA5ApAhAYASAJAGADACBMBMBNBUBUBSBPBUBWBGA7AwAkAaATAKAIADAC
5212600,AsA9A5BCAvA4BCA9BOA7BQBYBUA+AnAqAUALAAAtAzA7A3AtA/A/BABIBFBVBOBKBFAiAcANAIAG
5212709,BTBRBTBOBRBbBPBWBMA9A5AzApAYASAPAJACACBfBRBHBOBOBQBUBOBOA2AzAyAeAZATAOALADAD
5212808,BDBBA9BGBGBBBFBEBIBNBIBDA6AvAkAZAPAIAEA9A4A+BABABGBBBGBOBMBBBFA9AsAeAVAPALAC
5212907,BIBQBLBUBTBSBIBMBABEA5AxAsAjAqAKALAKADA+A+BBBQBRBRBGBLBQBHAxAwA2AmAWAZAOAFAA
5212956,A7BABCBDBCA0BBBIBTBIBFBHBCAvAnAZAQAFADA2A6AuBOA/A7BJBNBOBRBGBLA4AtAkAZANAHAB
5213004,BHBKBOBNBNBKBVBOBMBFBAA2ApAgAdARAKAFAEA/BOBIBJBGBPBLBQBMBKA8A4AmAhAZAOAQADAB
5213053,BABGBFBNA5AvA6BFBWBQBQBLA8A5ApAZAIADAGA9BLA6BLA6A0BABSBRA/A1BHAyAyAcAWAYACAA
5213087,BABDBGBJBCA9A+BDBQBQBJA/A3AsAhAWAPAGABA9A/BABFA/BABBBLBVBRBJBDA2AsAgASAJAIAC
5213103,BOBPBEBEBVBTBaBZBUA7A3AxAkAZASAPAIAEACBEBQBFBJBTBeBfBVBOA8A2AyAiAbATAQAKAFAD
5213400,A8A7A0AxAxA8AuA/BRA/BRBhBLAwAzAhAQAPADAhA4A2A3AuAxBFA3BLBABXBUBSA9AoAmAQAcAI
5213509,BbBbBWBVBBA7A7BDBGBDA7A9A1AvAdAVANAHAGBHBSBXBUA4A7BEBJBBA3A2A9AvAiAXATAPAGAF
5213707,A9BAA/BABDBGBNBNBRBLBMBCA4AtAdAVANAJAFA8A8A+A2BBBJBFA9BTBQBOBAA1AmAfAVAPAIAE
5213756,BUBEBGBOBUBcBMBZBRBBA8A0ApAhAXAHAHACAEBFBIA9BMBRBQBTBOBJBFA7A4AvAhAXAJAJADAD
5213772,A8BFA1BJA/BDA4A7BHBVBYBVBFA2AlAcASAJACBBBDBAA9BDAxA5BMBLBUBEA8A6ApAeAUAIAGAB
5213806,A9A/A7BGBPBPBSBQBLBHA/A4AwAmAcAWANAGADBAA9A2BHBFBOBNBNBMBMBKA1A0ArAfAVAPAFAG
5213855,A2A7A4A7A7A5A0BEBIBRBKBGBIA8AbAjAWAFACAxBIBFA/AzA3A2BIBJBVBIBRBEAzAqAdAYACAC
5213905,A4AzA6A5BABBBBA/BFBGBTBQBIA0AkAfAYAGADAwA0A3BDA2A/BCBBBKBVBLBOA9A4ArAcASAHAD
5214002,BHBHA8BaBNBPBCBLBVBDBAA2AsAkAXAUAIAEABBLBQBDBABRBPBMBSBPBHA/AzAmAjAVAXAKAFAB
5214051,A1BFBEBNBLBIA0BJBPBSBOBBA7A3AiAWAGAJACA4A+A5BHBCA7A/BSBOBTBABKA0AnAcAOAPADAD
5214101,A6A7A/BBA+A4A9BGBQBXBQBUA3A1AmAZAIANACA7A/A2BDA9A5BCA7BUBQBUBGA7AnAkASAQACAH
5214408,A9BFBBBDBDBHBCBFBQBKBEA+A2AqAiAXARAEACBABGA8BDA8BGBJBNBNBMBGA9A8ApAkAVAOAIAC
5214507,BLBMBHBPBRBPBRBKBRBBA2A0AiAcAPAQAIAEAEBNBLBEBIBWBRBSBaBOBEA8A7ArAjAYANAGAHAB
5214606,A3A5BHBIBDA5BBBKBRBKBEBIA+AxAjAUALAJAEA3A7BCBEBBA8BDBPBSBMBKBEA8ApAdAWAQAFAE
5214705,AxBEBEBFBCA/AtA0BKBWBSBQBQAoArAXARAIACA7A+AyA+A0A+BEBCBLBKBIBOA7A3AfAfAQAGAF
5214804,AqA6A7BKA9A4BFA+BGBVBLBDBFA8AuAlAQAMAGA6A1BGBBA3AzA/A7BIBDBFBDBBA4AoAWAbAMAE
5214838,BJBLBEA/BFBVBQBUBWBLBCA9AtAlAbASAJAHACBKA/BABJBDBPBIBOBUBGBBA3AqAdAaANAKADAE
5214861,AzA5A9BEA9BCA0A9BMBIBNBQBCA3ApAbAbAFAFAvA6A1BAA8A9A9A9BEBLBLBNBEA3AkAfAaAKAG
5214879,BFBSBEBBBFA2A4BXBKA/BRBCBCAlAmAZASAFAAA8BCBNA3A6BFBEBNBTBHA6BBA8AmAgAOANAJAB
5214903,BLBABNBDA7A1BGBEBOA+BKA+BDA+AlAbAcAEAEBGA1BEBNA0A2A8BCBNBAA3BBA1A2AlAbAYADAA
5215009,A5A/A/BKBLBKBPBOBQBCBEA8AzAqAfAWALAGABA7A/A5BFBDBGBKBOBFBGBLBDA2AvAdAbAOAHAE
5215207,A1A5A9A9A6A1BFBFBCBXBXBCBHAxAuAjATAJADA3AyAsA0AyA6BDBNBJBHBPBKBBA1AuAfAaAJAC
5215231,BPBUBUBZBaBTBLBMBKBBA7ApAfAXAOAIAGACABBLBUBOBYBbBWBOBRBSBEA7AxAiAaARALAFADAD
5215256,BAA+BGBCBIA0A5BLBRBZBYBKA2ArAVAeALAFAFA1BKBAA7A5AwBKBIBVBSBNA+A+AhAkARASAEAE
5215306,A+A9A2A9BIBIBJBJBLBGBSBDA2AtAmAdANAIACA6A6A5A9BBBDBHBKBKBMBMBAA0AtAmAWAUAHAE
5215405,A7A3A/BOA4A8BCA6BRBIBGBPBFA1AmAeAKAKAEA/BBA2A+A5BEBBBCBBBIBZBGA9A4AiAVAPADAD
5215504,A8A7BGBGBFBHBIBPBVBKBCA9A6ApAcAbAMAGABA4A7BABABDBFBEBUBUBIBDBFAwAnAcAZANAFAF
5215603,BLBSBNBUBQBIBCBKBMBCA8A2AtAjAZARAJADAEBKBLBNBUBMBHBDBPBQA/A8A3AsAgAYAQAJAHAC
5215652,A4BAA7BBA3BAA5BDBCBDBZBTBLAyAnAXAUAHAHA5BCA9A4A/A8BBBDBQBLBLBWA3AqAhAbAIAJAC
5215702,BEBNA8BFBWBVBPBUBNBCA6AxAtAgAYARALACAEBHBJA9BGBRBRBRBRBUBHA/A1AsAjAXAPAMAEAD
5215801,A2AyAyBCBJA+AzA7A+BHBIBJA7A2ApAiAPAKACA3A6AvBFBCA6A7A5BSBLBZBJBKBCAtAbAbAJAE
5215900,A1A4A7A3BDBFA+BDBABFBWBFBHAsAqAcASAIACBBA6A1A/BEA9BGBFBHBUBLBABCAyAmAaAQAJAF
5216007,A5A0BDBEAyA3BIBDBKA7BEBZA6A2AqAcAcAEALAyA4BIA4AzA0A3BEBGBNBPBMBIA0AvAYAXAMAH
5216304,AwA2BDA+AyA6BBBGBGBJA8BGA1AuAvAaAQANAEAvA/A/A5A5BBBOBIBXBMBPBIBFA7AqAcAXAJAB
5216403,A8BDBABHBCBEBHBGBJBXBIAzAqAoAmARAOAFACAyBGA/BKBCBKBLBMBZBVBHBDArApAhAXAJAKAB
5216452,BDBcBNBWBABOA9BRBbBABJA1AyAoAoAfAIADAGA8A9A9BGBGBIBGA8BUBNA8AvAvAtAaAJAPACAD
5216809,AxA1A4BAA8BFBBBEBSBNBOBKBDAvAkAXAUAHADAyA5A1A9A9BFBABCBNBKBIBRBFA0AmAWARAHAL
5216908,BLA9A6A9AuA4A7BBBMBbBUBLBTA9AlAnAQAJAAA6AuA8AzA1A2A0BPBGBLBTBUBFApAfAOATACAG
5217104,A2AxA8A3BCBIBBBBBIBMBPBMA9A4AnAbASAKAEA0A+A2A1BCBDA3BEBFBTBABEBDA8AlAfASALAI
5217203,A6A9A7A/BBBFBBA9BNBMBLBIA1AzAoAbAQAKAFA8A2A3A4BCBJA9BFBKBLBMBIA+AvAlAbAPAJAG
5217302,A5BFBEBFBHBFBIBIBQBJBJA+A3AsAfAUAOAGACA8A9A9BGBHBDBCBJBOBIBKBAA2ApAiAWANAIAF
5217401,A8A7A5BEBTBRBJBNBNBDBAA8A3AnAeAUALAGAEA7A5A8BBBNBOBKBLBNBHBFA+A4ApAiAYARAKAD
5217609,BNBUBQBVBYBXBQBRBNA/A2AqAeAYARAKAFADABBMBQBLBQBZBUBQBVBUBHA4AwAjAcASAKAHACAB
5217708,AxA5A8A+BHBGA+BEBHBKBKBAA4AwAkAbASAHAEA2A5A6BABEBIBABKBRBOBMBDA9AyAlAaARALAG
5218003,BEBCBFBOBEBLBIBIBLBMA9A7A1AkAbAUAKAEADA7BBA8BIBLBHBPBMBOBLBHBFA1AkAeARAPAEAE
5218052,BLBSBIBRBRBIBNBWBZBLA/A1AqAmANANANAIAABFBLBRBJBRBBBYBUBYA/A3AuAkAYAUAOAFAAAC
5218102,BBBJA7BGBGA3BOBMA/BGBGBGA0AsApAeATAJADA5BLA7BDA7A+BFBFBFBHBGBGAzA8AgAXAIAIAE
5218300,BLBOBRBUBRBHBNBVBQBDA6AwApAdARANAKAEAABFBOBNBSBPBPBVBWBTBEA5AwAmAcATANAHAHAC
5218391,A5BEA7BOA8A+A8BCBOBKBVA9BDA2AsAaAUAIABAwA6A0BDBABAA3BDBHBQBMBFBAAxAoAZAQABAF
5218508,A9BGBFBDBHBJBOBRBRBHBCA4ArAkAcATAOAFADA9BABABEBGBLBMBPBQBJBIA+AyAoAeAVAMAHAD
5218607,BDBAA8BEBMBOBGBPBKBJBHA6AsApAcATAOACADA5A+A4BDBCBNBHBJBPBRBFBJA3AoAiAYAOAJAF
5218706,A6BBA1A9A/BLBDBIBEBOBABIA4A4AcAbATADACAwA4A2A8BJBDBHBEBHBRBOBZAzA3AnAaANAJAD
5218789,BIBDBGBcBMBDBEBHBQBUBCA0AvAlAbAQAGAEAAA9BABFBMBPBEA/BQBaBQBLA4ArAkAcAOAJAEAD
5218805,BHBMBGBLBYBbBeBiBTA9A3ApAiAZASALAGADABBEBGBCBJBVBcBeBYBRBAA2AvAnAcAVAMAIAEAC
5218904,A6A7A+BDBLBQBDBFBIBJBOBBAzApAgAUAJAJAEA5A8A6A/BGBIBIBDBJBMBNBIA3AvAlAbAMAKAF
5219001,A1A8A/BEBKBHBHBABFBDBKBEA5AtAmAbASAIACA3A5A0A5BBBCBFBDBUBJBQBGBBAyAmAdAPAKAC
5219100,A8BDBBBKBMBKBNBGBEBAA+A8A3AqAeATAQAFAAA/BDBHBFBEBGBHBLBXBCBIBGA6ApAeARAOAGAD
5219209,ArBDBAA2ArA1A7BFBRBNBiBlBeA9A0AQASAKAEAxA5A2ArAlAxA9BLBKBKBaBNBDArApAcAJADAE
5219258,BBBMBOBOBdBCA+BEBXBIBLA5A1AoAeATAJAKAEA7BIA3BIBIBHBJBGBTBDA3A4A5AkAZARAIAFAG
5219308,A8BAA9BBBKBFBIBRBNBIBCA+AwAoAfATAMAFADA7BDA7A+BFBIBNBOBVBHBFBFA8AqAhAUAOAGAE
5219357,A5AsBDA6A3AvA8A6BMBIBNBiBQAzAyAfAMAMAKA1BBAwA1A1A5A6A6A9BNBTBMBNA2ApAbAbALAF
5219407,BHA/BDA/BaBMA4BSBeA7A/A0AxAtAcAQAJADAHBNA5BPBRBAA+BVBKBOBABCBAA5AYAaAiAKADAD
5219456,A6A5BEBEAzAzA8BABJBHBaBUBTBBApAcAKAJAIAxBDBAA2A5AwBBA8BHBBBaBZA7A4AeAUAFAMAD
5219506,A6AtA4BBA/AwA+BPBKBWBGBXA7BEAgAcAXAFAFAtA1A7A4A0AyA3BGBNBDBNBKBUA/AlAeAaAKAC
5219605,A9A3BEBGA6A7AvBHBRBDBHBNA8A6AqAcAQANAGAyA1BABFA6A0AtBOBIBRBEBABABAAuAaAOAPAI
5219704,A9BHA9BEBBA6A+BLBHBLBJBHBBAxAoAVAOAIADA2BEA5A+BABBBKA/BHBJBMBIA7AyAhAUAQAHAG
5219712,BBBHBKBUBNA8BHBZBUBLA4A7AuApAmAbALAJAFA0A+BEBJBBBCBABDBTBFBCA3A0AsAiAQALAIAD
5219738,A8BKBQBJA/BEBDBYBUBDBCA8ApAkARARAIAFACA4BOBMBJBFBRBRBNBXBRBFA9AkAqAWARAKAJAB
5219753,BOBXBXBaBYBUBHBMBPA+A2AoAeAZARAKAHACAABQBYBUBYBVBOBOBWBMBHA4AsAkAWATAMAHACAC
5219803,BJBEBTBTBEA/A/BVBaBNA/A/A3AsAgAWAMAJACA/BCBMBQA6A4BABMBRA8A2A5A0AoAXATALAFAD
5219902,A2BMBCBFBFBEBBBJBHBIBLBGAzAyAiAaAMAIADA8BGA/A7A+BCBEBHBJBBBMA7A/AuAfAZAQAIAD
5220009,BMBQBQBTBhBwBZBXBRBBA1AuAoAdAVANAGAEABBQBKBIBTBWBXBKBHBGA2AxApAkAYAQAMAFACAD
5220058,AzA9A3BNA9AvA2A/BGBOBJA7A5A1A+AeAOAKAMAuA+BDA0A+A5A9BNBbBKBFBMA+A8AkAgASAHAG
5220108,A8A5BABDBDBIBGBEBDBEA9BEA1AlAjAXAQAHADA7A4A4A6BLBUBNBFBWBJBJBLAxA0ApAZARAIAF
5220157,A1BMBNBHBKAtBWBSBdA4BFA/AqAqAsAXAMAIAEBCBIBLBIA+BDA0BPBnBKA0A8AiAzAjAPALADAA
5220207,A6BABABNBJA/BIBLBOBLBIBFAyAqAhAXANAIADA4A8BABGA9BDBCBTBRBLBEA/A2AqAfAVAOAJAD
5220264,AtA9BFA/A3A/BBBJBVBFBOBNA/A5AqAcAKAHAGA8BDBJBBA0A+A8BPBOBLBLBAA4ApAhAUATADAC
5220280,A1BEA/BDA8A1A4A+BNBEA/BSBFAlAzAeATAGAGAtBBAxBCA3BAA8BYBPBNBRBSAyBAAhAYASACAI
5220405,A9A9A/BCA+BHBIBKBJBOBIA9AyAoAdAXAPAHABA5BFA+A9BFBIBJBLBPBXBLBCA2AoAkAXAPAGAD
5220454,BRBTBQBRBWBXBaBeBUA/AyAlAdAUANAHAFABABBNBRBMBNBUBXBgBiBTBDAyApAhAXAOAJAFADAC
5220504,BBBKBOBPBKBMBKBXBRBUA/A0AsAjAZAYAQABAFBEBJA6BEBCBEBSBPBQBIA/AzAnAfAYAWAGAKAE
5220603,A/BGBCBKBMBFBKBEBVBLBKBEAvArAbAOAIAKABA8A4BDBDBGBLA9BMBUBWBEA7A0AfAcAUASAFAF
5220686,BJBEBMBaBLBBBIBMBXBFA8A4AxAjAZAQAFAGABA9BFBEBaBOBAA/BWBZA/A/A2A3AfAUARAQAFAE
5220702,BRBGBaBSBMBNBIBPBKA9BCBGA6AtAbAXAJAHADA1BBBGBDBEBABKBEBABEA9A9A1AnAfAGANACAB
5221007,AwBAA2A2A9BIBJBKBHBCBABQA/A3AhAcALAIAFAvA+A6A3A0BHBPBEBQBRBUBLBHAsAtAWAKAJAG
5221080,BXBfBiBaBOA/AxBGBNA3A1ApAnAoAZAMAPAJAKBiBOBdBTA9BNBABOBDBAA0AuAhAnAXAUAGADAL
5221197,A9BHBEBRBQBBBMBOBNBIBGA/ArAiAUAQAOAFAABBBGBNBNBOBLBIBKBPBHBFA7AvAjAYAPAPAGAA
5221304,A3A6BBA2A9AzBAA8BIBKBNBZBUBCA2AeAJASAAA0A1A1A6AxA1A6BDBNBGBYBJBCAxAnAUASAOAC
5221403,BJBMBJBMBKBSBTBVBQBDA4AuAlAbATAMAHADABBEBLBGBIBPBWBYBVBSBGA/A2AsAhAYAOAKAEAB
5221452,AyA4BABKA6A6AyA6BFA+BaBVBFA6AxAaAYAGACA8A4A9BIAxAxAsBRBDBKBOBOA+A1AuAhAQADAK
5221502,A4BCA4A3A7BCA6A7BMBHBHBMBCBCAoAeANAKAHAyA2AzA+A6BAA4BDBFBPBNBSBFA4AnAfAPAKAH
5221551,BMBMBOBUBIBIBLBMBMBJBDBAAwAfAeAUAIAAACBIBKBMBNA8BFBKBVBOBHA+A5ArAZAWAKAHAFAC
5221577,AtBJBABPAvA7A5A4BJBXBaBWBCAzAbAdAQAGAFA7A2A+BABBA9A0BHBKBVBPBCBHAsAeAYATACAC
5221601,A+BEBHBFBJBOBHBNBPBGBAA6AtAiAZAUAMAGACBABDBCBJBIBMBMBOBPBMBCA9AyAmAdAWANAGAF
5221700,A6AzA6A/BHBBA9BMBPBLBIBDA/AuAkAYARAIACA0A7A9BBBGA/A8BKBLBJBGBIA9A3AnAaATAIAF
5221809,A3A+A5BFBHA+BHBCBZBAA+BAA+AxAsAYATAEABBCA+A4A+BPA8BMBIBLBBBIBIBBAwAdAOAWAGAD
5221858,BMBRBNBNBTBVBaBdBYBAAwAkAZARALAHADABABBIBPBKBMBVBeBlBnBgBFA3AtAhAVAOAIAGADAB
5221908,AwBDBABAA5A3A3BEBKBJBIBIBFA6AtAkAVAIADA0A6A1A+AuA9A2BHBTBTBCBPBMA3ArAWAJAQAG
5222005,BAA+BGBEBLBMBJBJBbBGBEA6AtAlAcASAMADADBMBEBEBIBJBHBIBMBUBKBCA6AwAjAaATAMAGAE
5222054,BDBIBFBPBVBaBWBSBXBIA9A6AnAdAVAMAGAFADBNBABEBMBRBOBLBPBKBHBDAwAlAgAWAKANACAB
5222203,BMBdBWBkBNA+BRBPBRBFA4AxAwAgAZAQAFABADBKBMBTBVBEBEBSBPBMA8A2AtAsAcARAHAHACAE
5222302,BEBHBJBOBJBEBBBABNBNBLBOA5ArAjAWAMAFAEBDBDBFBKBDA9BFBBBBBJBFBCAtAoAYAMAIAHAE
5300108,A8BCBBBLBSBPBMBPBVBFA7AwAkAcAUAMAIAEABA7BAA/BJBQBRBRBaBgBQBFA6AvAlAcATAMAHAE
